{
"type": "FeatureCollection",
"name": "geojs-26-health_regions",
"crs": { "type": "name", "properties": { "name": "urn:ogc:def:crs:OGC:1.3:CRS84" } },
"features": [
{ "type": "Feature", "properties": { "HREG_ID": "26001", "HREG_NAME": "X Região de Saúde", "id": "260010", "name": "Afogados da Ingazeira", "description": "Afogados da Ingazeira", "MUN_ID": "260010", "UF": "PE", "MACRO_ID": "2606", "MACRO_NAME": "Sertão" }, "geometry": { "type": "Polygon", "coordinates": [ [ [ -37.630216, -7.900146 ], [ -37.641278, -7.923942 ], [ -37.65234, -7.930196 ], [ -37.651032, -7.935683 ], [ -37.652304, -7.941271 ], [ -37.659291, -7.94003 ], [ -37.663378, -7.952613 ], [ -37.673031, -7.955085 ], [ -37.669906, -7.968098 ], [ -37.68169, -7.970531 ], [ -37.680754, -7.979346 ], [ -37.691173, -7.983449 ], [ -37.714351, -7.935701 ], [ -37.729773, -7.903908 ], [ -37.742811, -7.877008 ], [ -37.745491, -7.871479 ], [ -37.83043, -7.821984 ], [ -37.83101, -7.822052 ], [ -37.839181, -7.82163 ], [ -37.837711, -7.818227 ], [ -37.837547, -7.811018 ], [ -37.846672, -7.80261 ], [ -37.849017, -7.800026 ], [ -37.864435, -7.789703 ], [ -37.868042, -7.78735 ], [ -37.873596, -7.788636 ], [ -37.879059, -7.780512 ], [ -37.882021, -7.780731 ], [ -37.893567, -7.780731 ], [ -37.907638, -7.773048 ], [ -37.950722, -7.770746 ], [ -37.958079, -7.765575 ], [ -37.947197, -7.755813 ], [ -37.944329, -7.74601 ], [ -37.942753, -7.740627 ], [ -37.922003, -7.723229 ], [ -37.922902, -7.715691 ], [ -37.920618, -7.713301 ], [ -37.91957, -7.712738 ], [ -37.916926, -7.711321 ], [ -37.912719, -7.709064 ], [ -37.893987, -7.713217 ], [ -37.891949, -7.710529 ], [ -37.902978, -7.697691 ], [ -37.902937, -7.697641 ], [ -37.902964, -7.697609 ], [ -37.897006, -7.690418 ], [ -37.88025, -7.683241 ], [ -37.869302, -7.66715 ], [ -37.856811, -7.651561 ], [ -37.843562, -7.646764 ], [ -37.807623, -7.643552 ], [ -37.79046, -7.625536 ], [ -37.780613, -7.626636 ], [ -37.776013, -7.634304 ], [ -37.775776, -7.64622 ], [ -37.771571, -7.647828 ], [ -37.767738, -7.648266 ], [ -37.767052, -7.655429 ], [ -37.767807, -7.655489 ], [ -37.767636, -7.656187 ], [ -37.766983, -7.656141 ], [ -37.766895, -7.657071 ], [ -37.76424, -7.630974 ], [ -37.757631, -7.633712 ], [ -37.7555, -7.619114 ], [ -37.745359, -7.608923 ], [ -37.743754, -7.603603 ], [ -37.741106, -7.597125 ], [ -37.734603, -7.596807 ], [ -37.728385, -7.579322 ], [ -37.720685, -7.581485 ], [ -37.710665, -7.573345 ], [ -37.706225, -7.569059 ], [ -37.709742, -7.559118 ], [ -37.70616, -7.550176 ], [ -37.681804, -7.547969 ], [ -37.676288, -7.535206 ], [ -37.659183, -7.52273 ], [ -37.649481, -7.529903 ], [ -37.644196, -7.529471 ], [ -37.630032, -7.532104 ], [ -37.619599, -7.525472 ], [ -37.611027, -7.518161 ], [ -37.609425, -7.507624 ], [ -37.586384, -7.498701 ], [ -37.571438, -7.488706 ], [ -37.552192, -7.479208 ], [ -37.532722, -7.472546 ], [ -37.527613, -7.464904 ], [ -37.528246, -7.459661 ], [ -37.527059, -7.447974 ], [ -37.521361, -7.439072 ], [ -37.513831, -7.432628 ], [ -37.513295, -7.42432 ], [ -37.50535, -7.418753 ], [ -37.499191, -7.406957 ], [ -37.496637, -7.403057 ], [ -37.494328, -7.398615 ], [ -37.486614, -7.394648 ], [ -37.497695, -7.366436 ], [ -37.48555, -7.361661 ], [ -37.478406, -7.35958 ], [ -37.465579, -7.357637 ], [ -37.444411, -7.360271 ], [ -37.431478, -7.356252 ], [ -37.425168, -7.35251 ], [ -37.412307, -7.361467 ], [ -37.407796, -7.357698 ], [ -37.38537, -7.356288 ], [ -37.349167, -7.336622 ], [ -37.35694, -7.322709 ], [ -37.345696, -7.30856 ], [ -37.332251, -7.289326 ], [ -37.313618, -7.288955 ], [ -37.30747, -7.288836 ], [ -37.28799, -7.287883 ], [ -37.277421, -7.274779 ], [ -37.260476, -7.273754 ], [ -37.23327, -7.27399 ], [ -37.232502, -7.274683 ], [ -37.213833, -7.290896 ], [ -37.196331, -7.294263 ], [ -37.176584, -7.309146 ], [ -37.168189, -7.319545 ], [ -37.167769, -7.331556 ], [ -37.165, -7.336189 ], [ -37.156726, -7.337807 ], [ -37.144602, -7.334639 ], [ -37.139996, -7.341719 ], [ -37.134974, -7.346258 ], [ -37.127637, -7.343596 ], [ -37.121223, -7.350508 ], [ -37.106363, -7.353484 ], [ -37.101523, -7.356225 ], [ -37.097006, -7.353562 ], [ -37.085282, -7.35785 ], [ -37.081057, -7.363128 ], [ -37.072608, -7.367869 ], [ -37.069091, -7.381977 ], [ -37.052845, -7.379092 ], [ -37.049646, -7.377182 ], [ -37.027584, -7.385458 ], [ -37.013362, -7.403386 ], [ -37.01302, -7.403617 ], [ -37.025637, -7.422056 ], [ -37.017224, -7.424166 ], [ -37.014168, -7.429961 ], [ -37.023275, -7.43346 ], [ -37.022461, -7.43562 ], [ -37.020884, -7.43979 ], [ -37.012837, -7.444576 ], [ -37.01039, -7.453228 ], [ -36.99697, -7.458986 ], [ -36.993722, -7.464303 ], [ -36.995113, -7.472182 ], [ -36.985083, -7.475194 ], [ -36.983885, -7.481854 ], [ -37.002913, -7.495981 ], [ -37.010221, -7.489149 ], [ -37.024862, -7.49629 ], [ -37.025648, -7.496804 ], [ -37.025821, -7.496917 ], [ -37.030075, -7.49803 ], [ -37.042817, -7.503506 ], [ -37.053482, -7.504161 ], [ -37.067967, -7.516701 ], [ -37.085855, -7.517386 ], [ -37.105763, -7.530719 ], [ -37.121182, -7.535711 ], [ -37.133391, -7.549637 ], [ -37.155428, -7.567473 ], [ -37.172885, -7.587489 ], [ -37.18018, -7.601585 ], [ -37.180217, -7.601733 ], [ -37.183761, -7.615407 ], [ -37.196331, -7.629173 ], [ -37.196979, -7.645026 ], [ -37.194789, -7.651654 ], [ -37.179775, -7.666696 ], [ -37.173716, -7.683886 ], [ -37.160698, -7.697558 ], [ -37.1542, -7.705995 ], [ -37.150155, -7.715523 ], [ -37.150256, -7.728623 ], [ -37.138603, -7.745108 ], [ -37.15669, -7.772591 ], [ -37.156439, -7.776459 ], [ -37.151609, -7.779435 ], [ -37.159471, -7.792806 ], [ -37.167913, -7.794711 ], [ -37.171024, -7.794761 ], [ -37.170326, -7.79982 ], [ -37.175398, -7.795918 ], [ -37.182693, -7.790307 ], [ -37.191196, -7.79076 ], [ -37.197615, -7.798506 ], [ -37.217073, -7.806276 ], [ -37.222655, -7.803652 ], [ -37.230219, -7.806331 ], [ -37.229834, -7.812699 ], [ -37.243313, -7.818592 ], [ -37.240119, -7.822684 ], [ -37.227812, -7.821108 ], [ -37.22175, -7.84184 ], [ -37.246807, -7.846394 ], [ -37.250027, -7.853245 ], [ -37.244583, -7.861175 ], [ -37.246525, -7.867769 ], [ -37.24375, -7.873435 ], [ -37.253041, -7.879833 ], [ -37.287051, -7.903466 ], [ -37.303308, -7.903765 ], [ -37.306935, -7.906897 ], [ -37.318424, -7.908546 ], [ -37.322426, -7.912587 ], [ -37.312916, -7.910975 ], [ -37.307641, -7.914576 ], [ -37.311057, -7.921238 ], [ -37.307711, -7.92665 ], [ -37.308633, -7.933766 ], [ -37.31436, -7.935523 ], [ -37.31728, -7.942359 ], [ -37.334387, -7.942636 ], [ -37.349873, -7.948183 ], [ -37.354297, -7.954217 ], [ -37.380133, -7.957935 ], [ -37.40281, -7.957117 ], [ -37.417532, -7.945827 ], [ -37.425097, -7.940023 ], [ -37.430084, -7.940494 ], [ -37.435519, -7.942324 ], [ -37.439134, -7.948209 ], [ -37.454985, -7.950986 ], [ -37.468624, -7.941994 ], [ -37.471366, -7.954887 ], [ -37.473531, -7.96507 ], [ -37.481214, -7.971879 ], [ -37.485746, -7.972802 ], [ -37.493928, -7.967406 ], [ -37.50663, -7.96745 ], [ -37.53156, -7.971157 ], [ -37.540666, -7.978417 ], [ -37.549184, -7.989306 ], [ -37.560971, -7.991155 ], [ -37.574614, -7.980351 ], [ -37.587765, -7.981299 ], [ -37.584612, -7.974958 ], [ -37.58644, -7.970897 ], [ -37.577403, -7.960466 ], [ -37.554334, -7.943658 ], [ -37.562966, -7.939167 ], [ -37.552144, -7.921043 ], [ -37.566675, -7.915668 ], [ -37.567485, -7.912881 ], [ -37.568541, -7.900753 ], [ -37.576337, -7.89567 ], [ -37.579005, -7.890388 ], [ -37.584901, -7.890409 ], [ -37.58314, -7.87503 ], [ -37.588587, -7.873692 ], [ -37.604875, -7.883693 ], [ -37.612188, -7.893124 ], [ -37.61618, -7.895476 ], [ -37.630216, -7.900146 ] ] ] } },
{ "type": "Feature", "properties": { "HREG_ID": "26002", "HREG_NAME": "VI Região de Saúde", "id": "260120", "name": "Arcoverde", "description": "Arcoverde", "MUN_ID": "260120", "UF": "PE", "MACRO_ID": "2606", "MACRO_NAME": "Sertão" }, "geometry": { "type": "Polygon", "coordinates": [ [ [ -38.262262, -9.266272 ], [ -38.28716, -9.21671 ], [ -38.279726, -9.205839 ], [ -38.287249, -9.173465 ], [ -38.305507, -9.153139 ], [ -38.312521, -9.147948 ], [ -38.319141, -9.13781 ], [ -38.321049, -9.116462 ], [ -38.304241, -9.096369 ], [ -38.319908, -9.090871 ], [ -38.325514, -9.077574 ], [ -38.320689, -9.069615 ], [ -38.296694, -9.055298 ], [ -38.289607, -9.046743 ], [ -38.288528, -9.039925 ], [ -38.29605, -9.022433 ], [ -38.316583, -9.000876 ], [ -38.320397, -8.990324 ], [ -38.339885, -8.98999 ], [ -38.355808, -8.996724 ], [ -38.385546, -9.024408 ], [ -38.403163, -9.036815 ], [ -38.415098, -9.038152 ], [ -38.448746, -9.025941 ], [ -38.462052, -9.016822 ], [ -38.503159, -8.980993 ], [ -38.513727, -8.959581 ], [ -38.519457, -8.947165 ], [ -38.516445, -8.932818 ], [ -38.501693, -8.916204 ], [ -38.489221, -8.910624 ], [ -38.478964, -8.901327 ], [ -38.472939, -8.889129 ], [ -38.469453, -8.865325 ], [ -38.479481, -8.849672 ], [ -38.506088, -8.832819 ], [ -38.540786, -8.82307 ], [ -38.533438, -8.812572 ], [ -38.53342, -8.797041 ], [ -38.54968, -8.711516 ], [ -38.560722, -8.705722 ], [ -38.564621, -8.698348 ], [ -38.569875, -8.700226 ], [ -38.57401, -8.697236 ], [ -38.586402, -8.698895 ], [ -38.597145, -8.696511 ], [ -38.609839, -8.698021 ], [ -38.614246, -8.707389 ], [ -38.622289, -8.706756 ], [ -38.630724, -8.713569 ], [ -38.64539, -8.714937 ], [ -38.640942, -8.69534 ], [ -38.628106, -8.681798 ], [ -38.62264, -8.666572 ], [ -38.62849, -8.659533 ], [ -38.626516, -8.653848 ], [ -38.630457, -8.636909 ], [ -38.638887, -8.630736 ], [ -38.63115, -8.628635 ], [ -38.628691, -8.620802 ], [ -38.586696, -8.606924 ], [ -38.565279, -8.614375 ], [ -38.563691, -8.608423 ], [ -38.50513, -8.602405 ], [ -38.506888, -8.623474 ], [ -38.513675, -8.624454 ], [ -38.525623, -8.618105 ], [ -38.532006, -8.623062 ], [ -38.547169, -8.625843 ], [ -38.553937, -8.633246 ], [ -38.534613, -8.67508 ], [ -38.507062, -8.698728 ], [ -38.358232, -8.778973 ], [ -38.348252, -8.784346 ], [ -38.33923, -8.777525 ], [ -38.328082, -8.780608 ], [ -38.323948, -8.777886 ], [ -38.325274, -8.772362 ], [ -38.307132, -8.761181 ], [ -38.304955, -8.754001 ], [ -38.295206, -8.759704 ], [ -38.288536, -8.759689 ], [ -38.282755, -8.752505 ], [ -38.274425, -8.754719 ], [ -38.265423, -8.75189 ], [ -38.266526, -8.736187 ], [ -38.26074, -8.73191 ], [ -38.265432, -8.722517 ], [ -38.262616, -8.719595 ], [ -38.259522, -8.707478 ], [ -38.253246, -8.704654 ], [ -38.247686, -8.696648 ], [ -38.232494, -8.687744 ], [ -38.209179, -8.687115 ], [ -38.189972, -8.676508 ], [ -38.172818, -8.686361 ], [ -38.158208, -8.689717 ], [ -38.154738, -8.694946 ], [ -38.141494, -8.69676 ], [ -38.136882, -8.691611 ], [ -38.131147, -8.690628 ], [ -38.100217, -8.695598 ], [ -38.094442, -8.688701 ], [ -38.083689, -8.68596 ], [ -38.081609, -8.68072 ], [ -38.072703, -8.679536 ], [ -38.065105, -8.684 ], [ -38.062125, -8.691371 ], [ -38.049111, -8.685621 ], [ -38.039669, -8.674289 ], [ -38.040313, -8.66306 ], [ -38.039458, -8.658457 ], [ -38.045854, -8.661345 ], [ -38.052952, -8.674377 ], [ -38.091699, -8.667875 ], [ -38.09358, -8.664365 ], [ -38.116424, -8.654919 ], [ -38.120924, -8.64086 ], [ -38.130111, -8.63631 ], [ -38.136043, -8.62923 ], [ -38.13687, -8.620064 ], [ -38.153431, -8.604144 ], [ -38.173087, -8.60436 ], [ -38.185634, -8.57359 ], [ -38.181681, -8.552183 ], [ -38.186322, -8.546935 ], [ -38.193187, -8.543036 ], [ -38.184643, -8.539593 ], [ -38.186074, -8.536686 ], [ -38.173431, -8.525614 ], [ -38.166988, -8.526275 ], [ -38.15972, -8.518052 ], [ -38.150318, -8.512948 ], [ -38.142044, -8.512818 ], [ -38.138356, -8.505655 ], [ -38.115218, -8.493819 ], [ -38.101751, -8.482756 ], [ -38.09995, -8.476803 ], [ -38.082002, -8.460346 ], [ -38.081449, -8.454132 ], [ -38.07428, -8.45035 ], [ -38.071798, -8.444621 ], [ -38.064617, -8.442668 ], [ -38.062065, -8.448511 ], [ -38.049615, -8.449784 ], [ -38.046078, -8.456178 ], [ -38.036385, -8.459544 ], [ -38.02737, -8.459067 ], [ -38.022039, -8.449817 ], [ -38.006797, -8.457047 ], [ -38.001234, -8.452425 ], [ -37.998097, -8.456066 ], [ -37.966302, -8.458168 ], [ -37.960016, -8.451718 ], [ -37.953777, -8.451684 ], [ -37.930301, -8.437857 ], [ -37.930394, -8.428756 ], [ -37.908717, -8.402569 ], [ -37.893692, -8.392463 ], [ -37.867928, -8.357858 ], [ -37.857911, -8.344975 ], [ -37.85947, -8.329269 ], [ -37.852316, -8.323863 ], [ -37.850698, -8.316694 ], [ -37.854761, -8.314464 ], [ -37.852969, -8.30935 ], [ -37.858766, -8.2965 ], [ -37.846859, -8.277466 ], [ -37.852004, -8.264928 ], [ -37.843258, -8.252161 ], [ -37.842752, -8.245396 ], [ -37.812112, -8.223998 ], [ -37.811975, -8.219748 ], [ -37.801288, -8.209618 ], [ -37.798776, -8.195806 ], [ -37.801778, -8.167792 ], [ -37.801806, -8.167527 ], [ -37.811097, -8.080578 ], [ -37.802924, -8.082362 ], [ -37.79768, -8.070697 ], [ -37.796002, -8.068292 ], [ -37.796193, -8.060662 ], [ -37.791199, -8.056339 ], [ -37.794409, -8.047067 ], [ -37.78978, -8.04087 ], [ -37.783283, -8.040074 ], [ -37.78408, -8.031238 ], [ -37.766824, -8.017142 ], [ -37.74866, -8.022513 ], [ -37.72518, -8.014747 ], [ -37.70737, -8.004898 ], [ -37.701775, -7.99688 ], [ -37.69796, -7.986604 ], [ -37.691173, -7.983449 ], [ -37.680754, -7.979346 ], [ -37.68169, -7.970531 ], [ -37.669906, -7.968098 ], [ -37.673031, -7.955085 ], [ -37.663378, -7.952613 ], [ -37.659291, -7.94003 ], [ -37.652304, -7.941271 ], [ -37.651032, -7.935683 ], [ -37.65234, -7.930196 ], [ -37.641278, -7.923942 ], [ -37.630216, -7.900146 ], [ -37.61618, -7.895476 ], [ -37.612188, -7.893124 ], [ -37.604875, -7.883693 ], [ -37.588587, -7.873692 ], [ -37.58314, -7.87503 ], [ -37.584901, -7.890409 ], [ -37.579005, -7.890388 ], [ -37.576337, -7.89567 ], [ -37.568541, -7.900753 ], [ -37.567485, -7.912881 ], [ -37.566675, -7.915668 ], [ -37.552144, -7.921043 ], [ -37.562966, -7.939167 ], [ -37.554334, -7.943658 ], [ -37.577403, -7.960466 ], [ -37.58644, -7.970897 ], [ -37.584612, -7.974958 ], [ -37.587765, -7.981299 ], [ -37.574614, -7.980351 ], [ -37.560971, -7.991155 ], [ -37.549184, -7.989306 ], [ -37.540666, -7.978417 ], [ -37.53156, -7.971157 ], [ -37.50663, -7.96745 ], [ -37.493928, -7.967406 ], [ -37.485746, -7.972802 ], [ -37.481214, -7.971879 ], [ -37.473531, -7.96507 ], [ -37.471366, -7.954887 ], [ -37.468624, -7.941994 ], [ -37.454985, -7.950986 ], [ -37.439134, -7.948209 ], [ -37.435519, -7.942324 ], [ -37.430084, -7.940494 ], [ -37.425097, -7.940023 ], [ -37.417532, -7.945827 ], [ -37.40281, -7.957117 ], [ -37.380133, -7.957935 ], [ -37.354297, -7.954217 ], [ -37.349873, -7.948183 ], [ -37.34758, -7.955001 ], [ -37.355836, -7.972319 ], [ -37.355528, -7.975454 ], [ -37.34094, -7.974118 ], [ -37.33944, -7.979392 ], [ -37.31665, -7.967654 ], [ -37.302993, -7.969801 ], [ -37.295233, -7.96451 ], [ -37.277059, -7.971568 ], [ -37.263192, -7.967766 ], [ -37.24664, -7.968945 ], [ -37.236999, -7.972896 ], [ -37.230418, -7.968986 ], [ -37.22844, -7.972183 ], [ -37.219246, -7.972381 ], [ -37.221094, -7.961998 ], [ -37.216937, -7.95598 ], [ -37.212527, -7.954504 ], [ -37.207051, -7.95179 ], [ -37.192333, -7.960187 ], [ -37.193052, -7.982455 ], [ -37.187933, -7.982548 ], [ -37.185129, -7.990033 ], [ -37.178051, -7.990175 ], [ -37.174967, -7.996447 ], [ -37.160077, -7.996741 ], [ -37.151452, -8.009003 ], [ -37.149312, -8.022403 ], [ -37.149229, -8.023327 ], [ -37.148057, -8.034702 ], [ -37.15775, -8.050812 ], [ -37.156503, -8.064121 ], [ -37.145167, -8.081778 ], [ -37.143365, -8.087553 ], [ -37.147476, -8.09968 ], [ -37.142216, -8.117532 ], [ -37.14383, -8.124584 ], [ -37.152886, -8.127055 ], [ -37.158271, -8.138457 ], [ -37.150662, -8.149629 ], [ -37.163079, -8.158275 ], [ -37.159883, -8.169988 ], [ -37.14085, -8.176821 ], [ -37.12611, -8.173271 ], [ -37.117918, -8.174939 ], [ -37.118319, -8.179977 ], [ -37.125758, -8.191084 ], [ -37.122573, -8.208653 ], [ -37.100086, -8.233294 ], [ -37.089551, -8.230753 ], [ -37.080554, -8.221478 ], [ -37.067077, -8.229689 ], [ -37.06619, -8.232586 ], [ -37.080279, -8.240669 ], [ -37.080861, -8.265961 ], [ -37.039771, -8.265972 ], [ -37.020307, -8.289258 ], [ -37.015004, -8.291661 ], [ -36.990814, -8.30254 ], [ -36.977677, -8.297003 ], [ -36.954583, -8.298937 ], [ -36.951048, -8.296486 ], [ -36.946968, -8.29065 ], [ -36.947386, -8.278706 ], [ -36.944606, -8.27484 ], [ -36.922658, -8.269416 ], [ -36.907924, -8.252681 ], [ -36.909298, -8.295263 ], [ -36.924257, -8.328239 ], [ -36.940558, -8.364181 ], [ -36.944579, -8.37305 ], [ -36.948094, -8.39623 ], [ -36.935493, -8.413511 ], [ -36.935383, -8.413661 ], [ -36.921479, -8.430113 ], [ -36.900584, -8.439403 ], [ -36.881992, -8.435686 ], [ -36.879632, -8.451892 ], [ -36.879165, -8.455106 ], [ -36.872212, -8.457385 ], [ -36.858998, -8.452328 ], [ -36.849789, -8.439306 ], [ -36.82075, -8.416958 ], [ -36.820828, -8.417327 ], [ -36.821691, -8.422408 ], [ -36.829946, -8.465803 ], [ -36.834885, -8.491795 ], [ -36.840368, -8.52066 ], [ -36.82118, -8.530538 ], [ -36.809125, -8.536745 ], [ -36.788113, -8.548878 ], [ -36.778581, -8.561594 ], [ -36.783861, -8.580738 ], [ -36.782911, -8.588979 ], [ -36.779891, -8.588961 ], [ -36.77844, -8.604139 ], [ -36.775719, -8.603308 ], [ -36.763935, -8.599716 ], [ -36.754843, -8.601471 ], [ -36.730483, -8.605033 ], [ -36.72749, -8.619658 ], [ -36.731094, -8.624559 ], [ -36.729703, -8.629251 ], [ -36.723896, -8.631727 ], [ -36.721839, -8.638153 ], [ -36.724596, -8.647929 ], [ -36.689677, -8.669774 ], [ -36.701884, -8.723445 ], [ -36.75293, -8.729236 ], [ -36.769721, -8.731141 ], [ -36.781772, -8.732507 ], [ -36.770375, -8.73967 ], [ -36.769132, -8.743593 ], [ -36.765884, -8.749403 ], [ -36.768544, -8.756 ], [ -36.775813, -8.758699 ], [ -36.779039, -8.766349 ], [ -36.793584, -8.767078 ], [ -36.798579, -8.788593 ], [ -36.812201, -8.800078 ], [ -36.81998, -8.801877 ], [ -36.819526, -8.810139 ], [ -36.819312, -8.814035 ], [ -36.818074, -8.83656 ], [ -36.808991, -8.840641 ], [ -36.808045, -8.847824 ], [ -36.797153, -8.847559 ], [ -36.788036, -8.853168 ], [ -36.787318, -8.857903 ], [ -36.794835, -8.868228 ], [ -36.837168, -8.881369 ], [ -36.86359, -8.882123 ], [ -36.864463, -8.888004 ], [ -36.865251, -8.887773 ], [ -36.873569, -8.885343 ], [ -36.876538, -8.891594 ], [ -36.884599, -8.894606 ], [ -36.895964, -8.896844 ], [ -36.901114, -8.908644 ], [ -36.920536, -8.90104 ], [ -36.941223, -8.897304 ], [ -36.950613, -8.897754 ], [ -36.95391, -8.901108 ], [ -36.973923, -8.894961 ], [ -36.988083, -8.89684 ], [ -36.992792, -8.896185 ], [ -37.006091, -8.906367 ], [ -37.024859, -8.91247 ], [ -37.026806, -8.916965 ], [ -37.04662, -8.920575 ], [ -37.052035, -8.927586 ], [ -37.052494, -8.934222 ], [ -37.062769, -8.935322 ], [ -37.06893, -8.942702 ], [ -37.073858, -8.942965 ], [ -37.087621, -8.964083 ], [ -37.099002, -8.970614 ], [ -37.100886, -8.959861 ], [ -37.114104, -8.95955 ], [ -37.139495, -8.945254 ], [ -37.14519, -8.945679 ], [ -37.154996, -8.94527 ], [ -37.158099, -8.939175 ], [ -37.164066, -8.938894 ], [ -37.169029, -8.94064 ], [ -37.187481, -8.919047 ], [ -37.197129, -8.909065 ], [ -37.198229, -8.899803 ], [ -37.205161, -8.897485 ], [ -37.212528, -8.887516 ], [ -37.219747, -8.884574 ], [ -37.224367, -8.871501 ], [ -37.222, -8.866447 ], [ -37.227613, -8.865822 ], [ -37.224623, -8.853762 ], [ -37.235219, -8.840947 ], [ -37.232592, -8.836994 ], [ -37.236745, -8.826 ], [ -37.249219, -8.819471 ], [ -37.247167, -8.813879 ], [ -37.258864, -8.813631 ], [ -37.263213, -8.816901 ], [ -37.267067, -8.815076 ], [ -37.272307, -8.820797 ], [ -37.277167, -8.816349 ], [ -37.281692, -8.817867 ], [ -37.289374, -8.825069 ], [ -37.297044, -8.8223 ], [ -37.308156, -8.825267 ], [ -37.317784, -8.827183 ], [ -37.324444, -8.838091 ], [ -37.335208, -8.83426 ], [ -37.336162, -8.837326 ], [ -37.339982, -8.836662 ], [ -37.347093, -8.831678 ], [ -37.349373, -8.825649 ], [ -37.36315, -8.819494 ], [ -37.365857, -8.802203 ], [ -37.366202, -8.798405 ], [ -37.391792, -8.823763 ], [ -37.39406, -8.833319 ], [ -37.399861, -8.839186 ], [ -37.394828, -8.865911 ], [ -37.396245, -8.872584 ], [ -37.398458, -8.877039 ], [ -37.403523, -8.87522 ], [ -37.410668, -8.874021 ], [ -37.420955, -8.871343 ], [ -37.419107, -8.863711 ], [ -37.426586, -8.855266 ], [ -37.443034, -8.85624 ], [ -37.445666, -8.850079 ], [ -37.451499, -8.848795 ], [ -37.454356, -8.853868 ], [ -37.455117, -8.864026 ], [ -37.451473, -8.864918 ], [ -37.44967, -8.871495 ], [ -37.456374, -8.876711 ], [ -37.458482, -8.882893 ], [ -37.458505, -8.882983 ], [ -37.461316, -8.891842 ], [ -37.456474, -8.896813 ], [ -37.457976, -8.901968 ], [ -37.458272, -8.906341 ], [ -37.451308, -8.913799 ], [ -37.45182, -8.924393 ], [ -37.458139, -8.934411 ], [ -37.45977, -8.937384 ], [ -37.470371, -8.929022 ], [ -37.482777, -8.924523 ], [ -37.489991, -8.930026 ], [ -37.500891, -8.928626 ], [ -37.507274, -8.936139 ], [ -37.518116, -8.937909 ], [ -37.524949, -8.953963 ], [ -37.523973, -8.964545 ], [ -37.529755, -8.962651 ], [ -37.532059, -8.960916 ], [ -37.540717, -8.95798 ], [ -37.546351, -8.961044 ], [ -37.562068, -8.973535 ], [ -37.583262, -8.969748 ], [ -37.60049, -8.975703 ], [ -37.614222, -8.98874 ], [ -37.616424, -9.000218 ], [ -37.611167, -9.005461 ], [ -37.625792, -9.013956 ], [ -37.643537, -9.017924 ], [ -37.658746, -9.006068 ], [ -37.663717, -8.999126 ], [ -37.661301, -8.986829 ], [ -37.685638, -8.998337 ], [ -37.689122, -8.989881 ], [ -37.698498, -8.992045 ], [ -37.701806, -8.988858 ], [ -37.70301, -8.985729 ], [ -37.688158, -8.978341 ], [ -37.683671, -8.967986 ], [ -37.689745, -8.955738 ], [ -37.701839, -8.947777 ], [ -37.702925, -8.937712 ], [ -37.707532, -8.927382 ], [ -37.721328, -8.915105 ], [ -37.726316, -8.905646 ], [ -37.724218, -8.903674 ], [ -37.733945, -8.897234 ], [ -37.734846, -8.887184 ], [ -37.741248, -8.887243 ], [ -37.745764, -8.882714 ], [ -37.74841, -8.869864 ], [ -37.758494, -8.856134 ], [ -37.768994, -8.863693 ], [ -37.775688, -8.862097 ], [ -37.782318, -8.864771 ], [ -37.787543, -8.873469 ], [ -37.792824, -8.875027 ], [ -37.800884, -8.884295 ], [ -37.811455, -8.884329 ], [ -37.828742, -8.893356 ], [ -37.828658, -8.896693 ], [ -37.822471, -8.899616 ], [ -37.820935, -8.91517 ], [ -37.828149, -8.921368 ], [ -37.833289, -8.925994 ], [ -37.825886, -8.932299 ], [ -37.82565, -8.933819 ], [ -37.83875, -8.977963 ], [ -37.84566, -8.984353 ], [ -37.851928, -8.997278 ], [ -37.852744, -8.999721 ], [ -37.866803, -9.011213 ], [ -37.874137, -9.011096 ], [ -37.879249, -9.014995 ], [ -37.874878, -9.024203 ], [ -37.877912, -9.036537 ], [ -37.882359, -9.040245 ], [ -37.889419, -9.034376 ], [ -37.904583, -9.039817 ], [ -37.907526, -9.051799 ], [ -37.93879, -9.082834 ], [ -37.942334, -9.0918 ], [ -37.951246, -9.096891 ], [ -37.953955, -9.109106 ], [ -37.957218, -9.115211 ], [ -37.97111, -9.125273 ], [ -37.979002, -9.147944 ], [ -37.990637, -9.154957 ], [ -37.999133, -9.151824 ], [ -38.010663, -9.155609 ], [ -38.025437, -9.155087 ], [ -38.029941, -9.164529 ], [ -38.04419, -9.168396 ], [ -38.052395, -9.167399 ], [ -38.065748, -9.1738 ], [ -38.078912, -9.170114 ], [ -38.091937, -9.172305 ], [ -38.102228, -9.179788 ], [ -38.118896, -9.201383 ], [ -38.143557, -9.217785 ], [ -38.155955, -9.241944 ], [ -38.156014, -9.248707 ], [ -38.156019, -9.249224 ], [ -38.15763, -9.263409 ], [ -38.176656, -9.288233 ], [ -38.180327, -9.291257 ], [ -38.201681, -9.296385 ], [ -38.237238, -9.329374 ], [ -38.250193, -9.29006 ], [ -38.262262, -9.266272 ] ], [ [ -38.013308, -8.646843 ], [ -38.003112, -8.646472 ], [ -38.00258, -8.646453 ], [ -38.021098, -8.643698 ], [ -38.039801, -8.652492 ], [ -38.039008, -8.658364 ], [ -38.024384, -8.651894 ], [ -38.013308, -8.646843 ] ], [ [ -37.931688, -8.61721 ], [ -37.907627, -8.610813 ], [ -37.899468, -8.604007 ], [ -37.890379, -8.605156 ], [ -37.852575, -8.594567 ], [ -37.850988, -8.590147 ], [ -37.850767, -8.589533 ], [ -37.88862, -8.552584 ], [ -37.91496, -8.553966 ], [ -37.937277, -8.569402 ], [ -37.99006, -8.615764 ], [ -37.953896, -8.651979 ], [ -37.953336, -8.651842 ], [ -37.947967, -8.646196 ], [ -37.951181, -8.633996 ], [ -37.931688, -8.61721 ] ] ] } },
{ "type": "Feature", "properties": { "HREG_ID": "26003", "HREG_NAME": "IV Região de Saúde", "id": "260030", "name": "Agrestina", "description": "Agrestina", "MUN_ID": "260030", "UF": "PE", "MACRO_ID": "2608", "MACRO_NAME": "Agreste" }, "geometry": { "type": "Polygon", "coordinates": [ [ [ -36.088906, -8.775838 ], [ -36.089154, -8.775941 ], [ -36.092837, -8.781317 ], [ -36.095877, -8.787333 ], [ -36.115329, -8.825847 ], [ -36.12065, -8.836382 ], [ -36.135891, -8.83362 ], [ -36.14103, -8.825138 ], [ -36.149326, -8.82565 ], [ -36.151882, -8.817987 ], [ -36.147987, -8.812608 ], [ -36.148803, -8.80404 ], [ -36.156932, -8.804719 ], [ -36.158081, -8.79742 ], [ -36.162462, -8.793869 ], [ -36.169126, -8.793476 ], [ -36.178747, -8.781805 ], [ -36.185563, -8.781402 ], [ -36.187339, -8.786838 ], [ -36.205133, -8.790571 ], [ -36.216356, -8.792926 ], [ -36.200911, -8.753655 ], [ -36.197506, -8.744999 ], [ -36.184281, -8.711391 ], [ -36.186554, -8.711513 ], [ -36.194482, -8.71199 ], [ -36.231679, -8.672315 ], [ -36.241777, -8.661538 ], [ -36.247978, -8.654919 ], [ -36.251278, -8.649821 ], [ -36.267993, -8.623983 ], [ -36.292456, -8.630841 ], [ -36.285771, -8.606582 ], [ -36.273461, -8.561937 ], [ -36.274521, -8.561666 ], [ -36.279983, -8.566414 ], [ -36.331557, -8.614323 ], [ -36.360633, -8.625952 ], [ -36.382146, -8.634559 ], [ -36.396081, -8.639395 ], [ -36.426523, -8.649958 ], [ -36.441442, -8.655135 ], [ -36.447887, -8.657372 ], [ -36.452039, -8.664016 ], [ -36.459738, -8.666957 ], [ -36.465694, -8.664209 ], [ -36.465812, -8.6644 ], [ -36.463164, -8.668459 ], [ -36.469125, -8.681419 ], [ -36.46726, -8.690253 ], [ -36.472344, -8.69404 ], [ -36.483385, -8.702587 ], [ -36.486876, -8.703472 ], [ -36.489357, -8.69359 ], [ -36.496641, -8.684321 ], [ -36.49787, -8.680239 ], [ -36.51283, -8.67189 ], [ -36.534009, -8.656198 ], [ -36.537083, -8.643428 ], [ -36.541634, -8.624514 ], [ -36.542163, -8.622317 ], [ -36.543259, -8.623904 ], [ -36.546536, -8.627166 ], [ -36.556333, -8.633183 ], [ -36.560065, -8.640821 ], [ -36.561528, -8.641727 ], [ -36.567336, -8.636517 ], [ -36.568103, -8.624729 ], [ -36.57335, -8.624343 ], [ -36.567851, -8.618585 ], [ -36.569594, -8.612331 ], [ -36.570934, -8.615959 ], [ -36.576639, -8.616349 ], [ -36.586338, -8.600534 ], [ -36.591452, -8.601287 ], [ -36.609131, -8.605864 ], [ -36.603074, -8.593892 ], [ -36.611385, -8.579641 ], [ -36.61614, -8.569571 ], [ -36.613588, -8.557237 ], [ -36.6337, -8.573457 ], [ -36.634838, -8.574396 ], [ -36.661219, -8.593832 ], [ -36.66765, -8.609592 ], [ -36.67566, -8.613528 ], [ -36.686493, -8.629331 ], [ -36.678117, -8.647349 ], [ -36.675924, -8.660302 ], [ -36.679993, -8.667144 ], [ -36.689677, -8.669774 ], [ -36.724596, -8.647929 ], [ -36.721839, -8.638153 ], [ -36.723896, -8.631727 ], [ -36.729703, -8.629251 ], [ -36.731094, -8.624559 ], [ -36.72749, -8.619658 ], [ -36.730483, -8.605033 ], [ -36.754843, -8.601471 ], [ -36.763935, -8.599716 ], [ -36.775719, -8.603308 ], [ -36.77844, -8.604139 ], [ -36.779891, -8.588961 ], [ -36.782911, -8.588979 ], [ -36.783861, -8.580738 ], [ -36.778581, -8.561594 ], [ -36.788113, -8.548878 ], [ -36.809125, -8.536745 ], [ -36.82118, -8.530538 ], [ -36.840368, -8.52066 ], [ -36.834885, -8.491795 ], [ -36.829946, -8.465803 ], [ -36.821691, -8.422408 ], [ -36.820828, -8.417327 ], [ -36.82075, -8.416958 ], [ -36.849789, -8.439306 ], [ -36.858998, -8.452328 ], [ -36.872212, -8.457385 ], [ -36.879165, -8.455106 ], [ -36.879632, -8.451892 ], [ -36.881992, -8.435686 ], [ -36.900584, -8.439403 ], [ -36.921479, -8.430113 ], [ -36.935383, -8.413661 ], [ -36.935493, -8.413511 ], [ -36.948094, -8.39623 ], [ -36.944579, -8.37305 ], [ -36.940558, -8.364181 ], [ -36.924257, -8.328239 ], [ -36.909298, -8.295263 ], [ -36.907924, -8.252681 ], [ -36.89561, -8.240407 ], [ -36.878889, -8.235231 ], [ -36.861362, -8.222013 ], [ -36.812172, -8.204881 ], [ -36.805439, -8.195031 ], [ -36.794509, -8.189368 ], [ -36.787498, -8.189421 ], [ -36.775035, -8.190308 ], [ -36.761231, -8.195881 ], [ -36.753169, -8.191065 ], [ -36.749804, -8.175291 ], [ -36.74227, -8.172577 ], [ -36.723633, -8.172056 ], [ -36.722066, -8.167921 ], [ -36.715443, -8.166903 ], [ -36.725443, -8.156035 ], [ -36.72247, -8.150552 ], [ -36.708323, -8.155897 ], [ -36.686712, -8.155265 ], [ -36.694126, -8.143454 ], [ -36.688692, -8.137357 ], [ -36.667506, -8.123853 ], [ -36.639981, -8.119498 ], [ -36.628274, -8.110638 ], [ -36.627516, -8.102445 ], [ -36.636647, -8.092834 ], [ -36.6469, -8.092078 ], [ -36.648296, -8.082319 ], [ -36.656935, -8.081665 ], [ -36.657493, -8.07572 ], [ -36.657239, -8.075147 ], [ -36.653454, -8.069972 ], [ -36.633872, -8.058897 ], [ -36.627514, -8.055337 ], [ -36.627859, -8.013659 ], [ -36.627514, -7.985995 ], [ -36.622834, -7.98167 ], [ -36.622315, -7.969098 ], [ -36.613125, -7.956105 ], [ -36.611538, -7.947486 ], [ -36.586523, -7.958244 ], [ -36.576443, -7.959234 ], [ -36.57287, -7.95554 ], [ -36.57385, -7.951263 ], [ -36.579641, -7.948229 ], [ -36.572252, -7.935563 ], [ -36.577862, -7.914836 ], [ -36.574473, -7.907089 ], [ -36.568368, -7.902744 ], [ -36.551682, -7.898303 ], [ -36.536129, -7.901198 ], [ -36.512519, -7.91446 ], [ -36.499051, -7.919903 ], [ -36.487778, -7.914973 ], [ -36.479798, -7.924352 ], [ -36.463763, -7.914939 ], [ -36.445964, -7.915968 ], [ -36.44336, -7.913919 ], [ -36.445418, -7.907757 ], [ -36.434042, -7.895907 ], [ -36.429521, -7.884658 ], [ -36.432386, -7.879575 ], [ -36.440047, -7.87784 ], [ -36.428721, -7.866626 ], [ -36.429627, -7.826701 ], [ -36.423711, -7.815368 ], [ -36.407087, -7.813665 ], [ -36.396093, -7.808287 ], [ -36.373117, -7.81221 ], [ -36.360385, -7.805308 ], [ -36.336549, -7.809013 ], [ -36.308796, -7.806277 ], [ -36.294027, -7.811487 ], [ -36.270777, -7.830155 ], [ -36.263172, -7.83133 ], [ -36.252958, -7.82954 ], [ -36.239677, -7.81727 ], [ -36.239202, -7.810801 ], [ -36.254001, -7.801283 ], [ -36.253861, -7.795976 ], [ -36.245971, -7.7849 ], [ -36.2163, -7.763694 ], [ -36.20615, -7.769967 ], [ -36.200624, -7.789493 ], [ -36.18194, -7.783427 ], [ -36.143036, -7.781152 ], [ -36.126488, -7.783792 ], [ -36.116944, -7.785375 ], [ -36.103039, -7.779016 ], [ -36.068659, -7.780562 ], [ -36.053539, -7.800949 ], [ -36.042915, -7.793251 ], [ -36.03508, -7.79578 ], [ -36.021255, -7.809828 ], [ -36.00296, -7.812423 ], [ -35.99789, -7.813345 ], [ -35.992416, -7.800054 ], [ -35.97896, -7.801581 ], [ -35.969626, -7.789049 ], [ -35.958693, -7.786851 ], [ -35.943025, -7.789576 ], [ -35.932549, -7.784013 ], [ -35.914457, -7.789672 ], [ -35.905265, -7.792016 ], [ -35.90284, -7.791161 ], [ -35.893166, -7.783263 ], [ -35.893166, -7.783262 ], [ -35.891411, -7.779546 ], [ -35.889179, -7.777479 ], [ -35.886699, -7.776122 ], [ -35.882572, -7.771566 ], [ -35.881135, -7.767215 ], [ -35.880712, -7.765933 ], [ -35.880711, -7.765933 ], [ -35.875058, -7.768077 ], [ -35.874279, -7.767742 ], [ -35.871123, -7.76957 ], [ -35.87112, -7.769571 ], [ -35.859874, -7.779311 ], [ -35.852651, -7.784601 ], [ -35.845523, -7.808315 ], [ -35.842506, -7.814756 ], [ -35.831831, -7.837532 ], [ -35.829705, -7.842069 ], [ -35.821707, -7.859125 ], [ -35.822633, -7.863864 ], [ -35.819016, -7.875107 ], [ -35.814794, -7.890159 ], [ -35.817356, -7.89582 ], [ -35.811111, -7.901854 ], [ -35.813296, -7.912694 ], [ -35.807819, -7.916955 ], [ -35.811297, -7.928534 ], [ -35.817671, -7.930983 ], [ -35.817629, -7.931087 ], [ -35.819, -7.935985 ], [ -35.813993, -7.942894 ], [ -35.817235, -7.956229 ], [ -35.809347, -7.961087 ], [ -35.808546, -7.969633 ], [ -35.80469, -7.973145 ], [ -35.787565, -7.969029 ], [ -35.775209, -7.969352 ], [ -35.767126, -7.97478 ], [ -35.763622, -7.978402 ], [ -35.757428, -7.974524 ], [ -35.757512, -7.987173 ], [ -35.753901, -7.989005 ], [ -35.760244, -7.99225 ], [ -35.759272, -7.995777 ], [ -35.765076, -8.001603 ], [ -35.759888, -8.006409 ], [ -35.759733, -8.011896 ], [ -35.785573, -8.014681 ], [ -35.787841, -8.022021 ], [ -35.795183, -8.02687 ], [ -35.795959, -8.031049 ], [ -35.801681, -8.027914 ], [ -35.803008, -8.030412 ], [ -35.798444, -8.036114 ], [ -35.79936, -8.041045 ], [ -35.815737, -8.05613 ], [ -35.825722, -8.058321 ], [ -35.828996, -8.054634 ], [ -35.833284, -8.060488 ], [ -35.830557, -8.063833 ], [ -35.838525, -8.06936 ], [ -35.840061, -8.071463 ], [ -35.834313, -8.082385 ], [ -35.83697, -8.097658 ], [ -35.829579, -8.1051 ], [ -35.836068, -8.109184 ], [ -35.835426, -8.11403 ], [ -35.822157, -8.11338 ], [ -35.792978, -8.111947 ], [ -35.717838, -8.10825 ], [ -35.717775, -8.108247 ], [ -35.682051, -8.106486 ], [ -35.659016, -8.10535 ], [ -35.649499, -8.10488 ], [ -35.630001, -8.103669 ], [ -35.62417, -8.100503 ], [ -35.583517, -8.078417 ], [ -35.583331, -8.078316 ], [ -35.556978, -8.071847 ], [ -35.551936, -8.07062 ], [ -35.508453, -8.05871 ], [ -35.508361, -8.058778 ], [ -35.46218, -8.09342 ], [ -35.478948, -8.104051 ], [ -35.447323, -8.121655 ], [ -35.44567, -8.122577 ], [ -35.43853, -8.126549 ], [ -35.44358, -8.151603 ], [ -35.443816, -8.15243 ], [ -35.447354, -8.164831 ], [ -35.448671, -8.169449 ], [ -35.45559, -8.17315 ], [ -35.468441, -8.17382 ], [ -35.489916, -8.182136 ], [ -35.491612, -8.187931 ], [ -35.482788, -8.197204 ], [ -35.483344, -8.202415 ], [ -35.49053, -8.205522 ], [ -35.497872, -8.205129 ], [ -35.510158, -8.221159 ], [ -35.507726, -8.231908 ], [ -35.500677, -8.263021 ], [ -35.499276, -8.269207 ], [ -35.498746, -8.271547 ], [ -35.496562, -8.281178 ], [ -35.492043, -8.301098 ], [ -35.504195, -8.312933 ], [ -35.507517, -8.309583 ], [ -35.50576, -8.298595 ], [ -35.52197, -8.29955 ], [ -35.525187, -8.296819 ], [ -35.528931, -8.300707 ], [ -35.528419, -8.314871 ], [ -35.528428, -8.314876 ], [ -35.55027, -8.32648 ], [ -35.557543, -8.329144 ], [ -35.557545, -8.329144 ], [ -35.56262, -8.342215 ], [ -35.547629, -8.338698 ], [ -35.547628, -8.338698 ], [ -35.547627, -8.338698 ], [ -35.549016, -8.35123 ], [ -35.547282, -8.355418 ], [ -35.547529, -8.356411 ], [ -35.54972, -8.357846 ], [ -35.551104, -8.358251 ], [ -35.552701, -8.359068 ], [ -35.556004, -8.362966 ], [ -35.556787, -8.364626 ], [ -35.558491, -8.366063 ], [ -35.559471, -8.367781 ], [ -35.559062, -8.368886 ], [ -35.558998, -8.369509 ], [ -35.559696, -8.370399 ], [ -35.55998, -8.371569 ], [ -35.559815, -8.372606 ], [ -35.560236, -8.373499 ], [ -35.560733, -8.375425 ], [ -35.56122, -8.376042 ], [ -35.562395, -8.376037 ], [ -35.563017, -8.375618 ], [ -35.563536, -8.375479 ], [ -35.56604, -8.377874 ], [ -35.569686, -8.379782 ], [ -35.570038, -8.380675 ], [ -35.571152, -8.38184 ], [ -35.571907, -8.381856 ], [ -35.574636, -8.384466 ], [ -35.577313, -8.386248 ], [ -35.579841, -8.388238 ], [ -35.580909, -8.389935 ], [ -35.580925, -8.390546 ], [ -35.581441, -8.391335 ], [ -35.583244, -8.392359 ], [ -35.584603, -8.394462 ], [ -35.586778, -8.395763 ], [ -35.589276, -8.398536 ], [ -35.591777, -8.401945 ], [ -35.592638, -8.403343 ], [ -35.592647, -8.404623 ], [ -35.591896, -8.405612 ], [ -35.590877, -8.405844 ], [ -35.590212, -8.408942 ], [ -35.589462, -8.409474 ], [ -35.589313, -8.409851 ], [ -35.590421, -8.411352 ], [ -35.59156, -8.41195 ], [ -35.591412, -8.412627 ], [ -35.590431, -8.412863 ], [ -35.587481, -8.412882 ], [ -35.586573, -8.413263 ], [ -35.586465, -8.414322 ], [ -35.586707, -8.416582 ], [ -35.586335, -8.417338 ], [ -35.585731, -8.417795 ], [ -35.585358, -8.418327 ], [ -35.585891, -8.419076 ], [ -35.583742, -8.420073 ], [ -35.581942, -8.422723 ], [ -35.580146, -8.424637 ], [ -35.578068, -8.426444 ], [ -35.576259, -8.427513 ], [ -35.576034, -8.428102 ], [ -35.575151, -8.42855 ], [ -35.565472, -8.414415 ], [ -35.563811, -8.415882 ], [ -35.562359, -8.416928 ], [ -35.56164, -8.418699 ], [ -35.559356, -8.420377 ], [ -35.558735, -8.421211 ], [ -35.557488, -8.421946 ], [ -35.557077, -8.422782 ], [ -35.555421, -8.424661 ], [ -35.554271, -8.424357 ], [ -35.55366, -8.426543 ], [ -35.552516, -8.427485 ], [ -35.552522, -8.428107 ], [ -35.553257, -8.42883 ], [ -35.552848, -8.430183 ], [ -35.552125, -8.431123 ], [ -35.550251, -8.431656 ], [ -35.550486, -8.432194 ], [ -35.550593, -8.43244 ], [ -35.551003, -8.432795 ], [ -35.552081, -8.432715 ], [ -35.552893, -8.43283 ], [ -35.553593, -8.433421 ], [ -35.554814, -8.433412 ], [ -35.554937, -8.434056 ], [ -35.555849, -8.434193 ], [ -35.55662, -8.434879 ], [ -35.558678, -8.434819 ], [ -35.559495, -8.435171 ], [ -35.560914, -8.436329 ], [ -35.561354, -8.437542 ], [ -35.561931, -8.437921 ], [ -35.562771, -8.438273 ], [ -35.563565, -8.439006 ], [ -35.563402, -8.439604 ], [ -35.56252, -8.440149 ], [ -35.562798, -8.441561 ], [ -35.562526, -8.441704 ], [ -35.561516, -8.442715 ], [ -35.561262, -8.443443 ], [ -35.562151, -8.445492 ], [ -35.562244, -8.446813 ], [ -35.562027, -8.448247 ], [ -35.561651, -8.449088 ], [ -35.560385, -8.449774 ], [ -35.557957, -8.449902 ], [ -35.55671, -8.449402 ], [ -35.556312, -8.448871 ], [ -35.555794, -8.449125 ], [ -35.555259, -8.449665 ], [ -35.554414, -8.449868 ], [ -35.55304, -8.451563 ], [ -35.553081, -8.453507 ], [ -35.55266, -8.454017 ], [ -35.551714, -8.453909 ], [ -35.550268, -8.453131 ], [ -35.547726, -8.452836 ], [ -35.546223, -8.452285 ], [ -35.545971, -8.452633 ], [ -35.546188, -8.453627 ], [ -35.545673, -8.454226 ], [ -35.544923, -8.454577 ], [ -35.544793, -8.455131 ], [ -35.544846, -8.455708 ], [ -35.544782, -8.455713 ], [ -35.546207, -8.457847 ], [ -35.547016, -8.459289 ], [ -35.547608, -8.460732 ], [ -35.548052, -8.462176 ], [ -35.548207, -8.463261 ], [ -35.547787, -8.466013 ], [ -35.547356, -8.466668 ], [ -35.546634, -8.467397 ], [ -35.546641, -8.468483 ], [ -35.547001, -8.46913 ], [ -35.547082, -8.469275 ], [ -35.547886, -8.469704 ], [ -35.548326, -8.470352 ], [ -35.549343, -8.470346 ], [ -35.55, -8.47092 ], [ -35.550153, -8.471861 ], [ -35.551172, -8.472143 ], [ -35.552698, -8.472204 ], [ -35.553348, -8.471477 ], [ -35.553371, -8.471618 ], [ -35.5535, -8.472418 ], [ -35.554083, -8.472703 ], [ -35.554522, -8.473641 ], [ -35.555183, -8.474071 ], [ -35.55621, -8.475874 ], [ -35.556363, -8.476811 ], [ -35.556295, -8.477247 ], [ -35.555282, -8.478123 ], [ -35.553972, -8.477915 ], [ -35.553463, -8.477918 ], [ -35.55223, -8.478288 ], [ -35.551723, -8.478363 ], [ -35.551066, -8.478078 ], [ -35.550269, -8.478518 ], [ -35.549617, -8.478739 ], [ -35.54889, -8.478817 ], [ -35.548018, -8.479257 ], [ -35.546348, -8.479195 ], [ -35.544967, -8.479419 ], [ -35.543515, -8.479429 ], [ -35.54272, -8.48016 ], [ -35.542941, -8.480737 ], [ -35.543094, -8.481749 ], [ -35.54303, -8.483196 ], [ -35.542235, -8.484759 ], [ -35.542473, -8.484853 ], [ -35.542589, -8.485831 ], [ -35.543412, -8.486479 ], [ -35.544176, -8.486529 ], [ -35.5448, -8.486034 ], [ -35.546329, -8.485916 ], [ -35.54666, -8.486404 ], [ -35.54721, -8.486835 ], [ -35.547753, -8.486396 ], [ -35.548682, -8.486335 ], [ -35.550955, -8.487734 ], [ -35.552714, -8.489193 ], [ -35.55677, -8.491886 ], [ -35.558144, -8.493074 ], [ -35.561457, -8.494467 ], [ -35.564252, -8.496026 ], [ -35.564803, -8.496837 ], [ -35.567401, -8.497257 ], [ -35.569753, -8.498001 ], [ -35.571784, -8.499567 ], [ -35.572184, -8.502175 ], [ -35.572637, -8.502697 ], [ -35.572982, -8.503094 ], [ -35.574188, -8.503795 ], [ -35.574902, -8.504551 ], [ -35.576604, -8.505681 ], [ -35.579642, -8.506913 ], [ -35.581229, -8.50772 ], [ -35.585757, -8.510951 ], [ -35.588401, -8.514197 ], [ -35.587688, -8.514583 ], [ -35.585781, -8.514544 ], [ -35.586088, -8.515872 ], [ -35.58741, -8.51721 ], [ -35.587902, -8.51727 ], [ -35.590887, -8.517634 ], [ -35.593774, -8.517704 ], [ -35.596035, -8.51877 ], [ -35.597852, -8.520554 ], [ -35.602883, -8.524026 ], [ -35.604875, -8.525179 ], [ -35.606049, -8.525441 ], [ -35.607283, -8.528745 ], [ -35.608377, -8.52947 ], [ -35.609732, -8.529821 ], [ -35.612346, -8.529533 ], [ -35.613877, -8.529074 ], [ -35.614559, -8.529788 ], [ -35.614131, -8.533111 ], [ -35.615136, -8.535085 ], [ -35.616404, -8.535977 ], [ -35.617268, -8.536959 ], [ -35.617194, -8.539206 ], [ -35.618194, -8.540187 ], [ -35.620445, -8.539723 ], [ -35.622123, -8.541059 ], [ -35.625304, -8.544362 ], [ -35.628749, -8.546587 ], [ -35.629744, -8.547386 ], [ -35.632557, -8.550333 ], [ -35.634482, -8.550259 ], [ -35.635311, -8.550227 ], [ -35.636852, -8.551113 ], [ -35.63759, -8.553715 ], [ -35.638023, -8.556329 ], [ -35.640863, -8.552888 ], [ -35.640868, -8.551431 ], [ -35.640879, -8.548374 ], [ -35.64093, -8.534512 ], [ -35.651962, -8.536839 ], [ -35.66499, -8.539586 ], [ -35.694604, -8.546084 ], [ -35.697825, -8.546791 ], [ -35.697703, -8.550562 ], [ -35.699188, -8.551141 ], [ -35.699979, -8.551828 ], [ -35.699262, -8.552888 ], [ -35.698712, -8.553701 ], [ -35.698577, -8.555323 ], [ -35.698682, -8.556501 ], [ -35.698493, -8.557782 ], [ -35.69909, -8.558367 ], [ -35.699193, -8.558956 ], [ -35.698608, -8.559746 ], [ -35.698712, -8.560434 ], [ -35.699702, -8.560919 ], [ -35.700247, -8.561455 ], [ -35.700649, -8.562437 ], [ -35.700161, -8.563226 ], [ -35.698593, -8.564714 ], [ -35.698006, -8.5656 ], [ -35.698363, -8.567123 ], [ -35.698863, -8.568199 ], [ -35.699362, -8.568884 ], [ -35.700255, -8.569567 ], [ -35.700061, -8.570255 ], [ -35.698984, -8.571246 ], [ -35.699187, -8.571932 ], [ -35.699778, -8.571929 ], [ -35.699831, -8.57237 ], [ -35.699444, -8.573455 ], [ -35.697585, -8.575828 ], [ -35.696815, -8.578488 ], [ -35.695099, -8.58024 ], [ -35.691382, -8.584786 ], [ -35.691136, -8.585656 ], [ -35.690955, -8.586295 ], [ -35.691283, -8.586829 ], [ -35.691786, -8.587113 ], [ -35.691831, -8.58804 ], [ -35.692801, -8.588497 ], [ -35.692857, -8.58873 ], [ -35.692695, -8.588992 ], [ -35.692746, -8.589132 ], [ -35.692971, -8.589513 ], [ -35.693366, -8.589692 ], [ -35.69364, -8.590731 ], [ -35.691824, -8.590744 ], [ -35.690929, -8.592558 ], [ -35.688215, -8.593931 ], [ -35.688227, -8.595738 ], [ -35.693231, -8.597056 ], [ -35.693831, -8.598042 ], [ -35.699065, -8.598885 ], [ -35.700213, -8.598227 ], [ -35.701636, -8.595845 ], [ -35.703051, -8.594648 ], [ -35.704077, -8.593452 ], [ -35.70476, -8.59215 ], [ -35.706909, -8.589225 ], [ -35.706556, -8.588117 ], [ -35.706813, -8.586508 ], [ -35.707807, -8.585737 ], [ -35.708369, -8.585536 ], [ -35.710991, -8.582384 ], [ -35.712061, -8.581613 ], [ -35.713433, -8.57992 ], [ -35.714484, -8.579415 ], [ -35.717518, -8.579009 ], [ -35.719132, -8.578999 ], [ -35.719786, -8.579185 ], [ -35.72203, -8.578557 ], [ -35.723182, -8.578548 ], [ -35.724724, -8.579266 ], [ -35.725074, -8.579951 ], [ -35.72497, -8.581523 ], [ -35.723777, -8.583903 ], [ -35.723205, -8.584557 ], [ -35.721786, -8.584987 ], [ -35.720755, -8.585798 ], [ -35.720533, -8.586835 ], [ -35.720675, -8.587076 ], [ -35.72125, -8.58805 ], [ -35.721448, -8.588547 ], [ -35.723186, -8.590182 ], [ -35.724269, -8.590708 ], [ -35.726122, -8.592113 ], [ -35.727952, -8.592864 ], [ -35.729916, -8.592963 ], [ -35.730983, -8.592461 ], [ -35.73205, -8.591038 ], [ -35.73345, -8.59053 ], [ -35.740938, -8.590094 ], [ -35.744599, -8.589226 ], [ -35.745591, -8.588339 ], [ -35.746579, -8.586571 ], [ -35.747143, -8.585883 ], [ -35.747303, -8.585687 ], [ -35.74889, -8.584642 ], [ -35.750459, -8.583904 ], [ -35.751756, -8.582592 ], [ -35.753649, -8.5817 ], [ -35.75442, -8.581888 ], [ -35.754965, -8.583068 ], [ -35.755561, -8.585552 ], [ -35.756303, -8.587268 ], [ -35.757288, -8.587989 ], [ -35.760162, -8.592177 ], [ -35.760821, -8.592899 ], [ -35.762818, -8.593219 ], [ -35.764576, -8.5935 ], [ -35.767857, -8.593804 ], [ -35.770376, -8.595411 ], [ -35.77176, -8.598313 ], [ -35.772534, -8.599071 ], [ -35.772747, -8.59928 ], [ -35.774599, -8.598943 ], [ -35.776224, -8.597411 ], [ -35.776701, -8.595561 ], [ -35.776693, -8.594259 ], [ -35.776024, -8.592635 ], [ -35.778947, -8.58979 ], [ -35.779981, -8.589458 ], [ -35.780526, -8.589562 ], [ -35.782077, -8.592807 ], [ -35.783618, -8.594534 ], [ -35.784394, -8.596484 ], [ -35.785673, -8.597324 ], [ -35.787635, -8.597311 ], [ -35.791934, -8.598625 ], [ -35.792681, -8.598618 ], [ -35.793166, -8.597863 ], [ -35.794083, -8.595674 ], [ -35.795431, -8.594919 ], [ -35.797634, -8.594346 ], [ -35.799827, -8.594434 ], [ -35.801562, -8.594502 ], [ -35.802985, -8.59394 ], [ -35.804065, -8.591975 ], [ -35.804611, -8.590252 ], [ -35.805643, -8.5882 ], [ -35.80777, -8.585303 ], [ -35.808506, -8.58395 ], [ -35.80974, -8.583571 ], [ -35.811141, -8.583793 ], [ -35.81213, -8.584481 ], [ -35.813306, -8.584466 ], [ -35.804338, -8.557773 ], [ -35.800432, -8.546149 ], [ -35.801786, -8.545237 ], [ -35.80317, -8.547936 ], [ -35.805002, -8.550182 ], [ -35.806825, -8.551525 ], [ -35.809555, -8.552408 ], [ -35.813178, -8.551479 ], [ -35.814524, -8.54921 ], [ -35.820693, -8.523863 ], [ -35.821199, -8.52231 ], [ -35.825378, -8.522717 ], [ -35.825592, -8.523413 ], [ -35.826355, -8.525894 ], [ -35.825881, -8.528163 ], [ -35.826018, -8.529562 ], [ -35.827573, -8.529838 ], [ -35.827574, -8.529838 ], [ -35.827849, -8.529887 ], [ -35.828537, -8.529508 ], [ -35.839646, -8.525698 ], [ -35.8453, -8.53362 ], [ -35.844278, -8.535729 ], [ -35.843155, -8.536565 ], [ -35.841742, -8.53916 ], [ -35.84176, -8.540925 ], [ -35.84176, -8.540926 ], [ -35.841761, -8.541012 ], [ -35.841762, -8.541012 ], [ -35.848838, -8.540844 ], [ -35.852994, -8.535377 ], [ -35.85452, -8.537471 ], [ -35.852662, -8.544717 ], [ -35.845136, -8.562472 ], [ -35.838378, -8.578409 ], [ -35.845841, -8.581475 ], [ -35.84813, -8.587385 ], [ -35.843584, -8.590751 ], [ -35.837571, -8.589846 ], [ -35.836081, -8.593393 ], [ -35.840216, -8.597719 ], [ -35.848911, -8.599926 ], [ -35.851473, -8.604013 ], [ -35.85364, -8.604629 ], [ -35.874056, -8.610352 ], [ -35.897012, -8.615275 ], [ -35.909327, -8.620777 ], [ -35.915504, -8.622114 ], [ -35.942408, -8.627936 ], [ -35.947651, -8.629071 ], [ -35.951523, -8.635568 ], [ -35.953517, -8.638914 ], [ -35.972839, -8.671334 ], [ -35.973522, -8.679299 ], [ -35.972335, -8.709278 ], [ -35.976505, -8.712237 ], [ -35.978728, -8.725489 ], [ -35.973341, -8.734552 ], [ -35.973187, -8.74388 ], [ -35.967249, -8.743647 ], [ -35.96391, -8.734638 ], [ -35.96585, -8.750432 ], [ -35.967303, -8.764052 ], [ -35.982349, -8.776277 ], [ -35.985615, -8.780537 ], [ -36.003721, -8.779105 ], [ -36.023866, -8.776541 ], [ -36.027015, -8.776141 ], [ -36.028396, -8.779449 ], [ -36.024653, -8.789925 ], [ -36.040135, -8.762674 ], [ -36.04477, -8.76025 ], [ -36.053666, -8.755598 ], [ -36.075128, -8.770114 ], [ -36.088906, -8.775838 ] ], [ [ -35.627705, -8.373867 ], [ -35.593676, -8.364077 ], [ -35.627704, -8.373866 ], [ -35.627705, -8.373866 ], [ -35.627705, -8.373867 ] ], [ [ -35.756526, -8.374468 ], [ -35.756526, -8.374469 ], [ -35.756056, -8.374601 ], [ -35.756526, -8.374468 ] ] ] } },
{ "type": "Feature", "properties": { "HREG_ID": "26004", "HREG_NAME": "V Região de Saúde", "id": "260050", "name": "Águas Belas", "description": "Águas Belas", "MUN_ID": "260050", "UF": "PE", "MACRO_ID": "2608", "MACRO_NAME": "Agreste" }, "geometry": { "type": "Polygon", "coordinates": [ [ [ -36.502982, -9.270555 ], [ -36.548964, -9.285054 ], [ -36.571503, -9.292161 ], [ -36.572422, -9.31958 ], [ -36.567869, -9.317852 ], [ -36.56357, -9.32236 ], [ -36.567133, -9.331713 ], [ -36.575741, -9.331457 ], [ -36.585929, -9.337663 ], [ -36.592735, -9.334404 ], [ -36.60471, -9.341086 ], [ -36.607383, -9.333042 ], [ -36.612508, -9.333507 ], [ -36.614413, -9.330604 ], [ -36.614658, -9.323246 ], [ -36.619292, -9.32838 ], [ -36.623094, -9.326172 ], [ -36.624518, -9.331409 ], [ -36.627542, -9.331913 ], [ -36.628391, -9.327856 ], [ -36.63428, -9.326482 ], [ -36.635118, -9.320363 ], [ -36.640302, -9.319936 ], [ -36.644348, -9.31395 ], [ -36.649399, -9.314984 ], [ -36.656821, -9.310674 ], [ -36.679295, -9.287078 ], [ -36.684557, -9.282571 ], [ -36.693507, -9.27491 ], [ -36.727946, -9.272827 ], [ -36.758446, -9.270979 ], [ -36.773063, -9.279156 ], [ -36.796807, -9.292601 ], [ -36.835702, -9.288207 ], [ -36.839372, -9.287792 ], [ -36.843861, -9.281921 ], [ -36.84803, -9.276274 ], [ -36.870921, -9.267663 ], [ -36.879442, -9.275953 ], [ -36.874432, -9.276539 ], [ -36.883793, -9.280493 ], [ -36.889453, -9.283218 ], [ -36.900487, -9.282487 ], [ -36.915481, -9.298599 ], [ -36.921343, -9.313191 ], [ -36.926976, -9.324989 ], [ -36.920604, -9.332066 ], [ -36.921931, -9.33934 ], [ -36.937537, -9.352399 ], [ -36.936428, -9.360792 ], [ -36.930097, -9.369614 ], [ -36.93651, -9.377003 ], [ -36.943667, -9.381918 ], [ -36.952092, -9.382121 ], [ -36.975831, -9.361645 ], [ -36.976612, -9.360966 ], [ -37.003024, -9.352191 ], [ -37.023949, -9.315293 ], [ -37.045189, -9.31546 ], [ -37.054998, -9.307026 ], [ -37.057244, -9.317119 ], [ -37.06133, -9.303741 ], [ -37.056859, -9.281367 ], [ -37.080563, -9.253581 ], [ -37.105929, -9.239363 ], [ -37.116133, -9.24051 ], [ -37.129577, -9.259641 ], [ -37.142052, -9.267658 ], [ -37.163992, -9.275284 ], [ -37.169045, -9.272013 ], [ -37.16876, -9.265289 ], [ -37.168738, -9.265171 ], [ -37.167941, -9.251405 ], [ -37.158605, -9.238681 ], [ -37.197972, -9.215062 ], [ -37.207191, -9.217894 ], [ -37.233986, -9.239629 ], [ -37.233549, -9.231728 ], [ -37.22844, -9.225115 ], [ -37.232012, -9.221896 ], [ -37.233213, -9.206165 ], [ -37.238829, -9.202898 ], [ -37.246442, -9.189962 ], [ -37.242888, -9.185617 ], [ -37.2597, -9.164605 ], [ -37.262057, -9.159598 ], [ -37.262214, -9.158461 ], [ -37.281942, -9.148422 ], [ -37.287585, -9.135929 ], [ -37.296461, -9.12037 ], [ -37.310713, -9.107125 ], [ -37.310355, -9.099999 ], [ -37.315175, -9.093852 ], [ -37.327359, -9.092806 ], [ -37.336483, -9.080464 ], [ -37.340196, -9.079104 ], [ -37.391956, -9.055306 ], [ -37.400481, -9.051762 ], [ -37.418111, -9.043411 ], [ -37.433277, -9.029383 ], [ -37.445632, -9.026191 ], [ -37.469025, -9.027256 ], [ -37.485203, -9.008961 ], [ -37.493411, -9.000273 ], [ -37.492135, -8.997856 ], [ -37.489223, -8.988135 ], [ -37.489182, -8.987932 ], [ -37.488716, -8.985561 ], [ -37.48666, -8.975138 ], [ -37.489994, -8.965488 ], [ -37.499692, -8.967556 ], [ -37.523973, -8.964545 ], [ -37.524949, -8.953963 ], [ -37.518116, -8.937909 ], [ -37.507274, -8.936139 ], [ -37.500891, -8.928626 ], [ -37.489991, -8.930026 ], [ -37.482777, -8.924523 ], [ -37.470371, -8.929022 ], [ -37.45977, -8.937384 ], [ -37.458139, -8.934411 ], [ -37.45182, -8.924393 ], [ -37.451308, -8.913799 ], [ -37.458272, -8.906341 ], [ -37.457976, -8.901968 ], [ -37.456474, -8.896813 ], [ -37.461316, -8.891842 ], [ -37.458505, -8.882983 ], [ -37.458482, -8.882893 ], [ -37.456374, -8.876711 ], [ -37.44967, -8.871495 ], [ -37.451473, -8.864918 ], [ -37.455117, -8.864026 ], [ -37.454356, -8.853868 ], [ -37.451499, -8.848795 ], [ -37.445666, -8.850079 ], [ -37.443034, -8.85624 ], [ -37.426586, -8.855266 ], [ -37.419107, -8.863711 ], [ -37.420955, -8.871343 ], [ -37.410668, -8.874021 ], [ -37.403523, -8.87522 ], [ -37.398458, -8.877039 ], [ -37.396245, -8.872584 ], [ -37.394828, -8.865911 ], [ -37.399861, -8.839186 ], [ -37.39406, -8.833319 ], [ -37.391792, -8.823763 ], [ -37.366202, -8.798405 ], [ -37.365857, -8.802203 ], [ -37.36315, -8.819494 ], [ -37.349373, -8.825649 ], [ -37.347093, -8.831678 ], [ -37.339982, -8.836662 ], [ -37.336162, -8.837326 ], [ -37.335208, -8.83426 ], [ -37.324444, -8.838091 ], [ -37.317784, -8.827183 ], [ -37.308156, -8.825267 ], [ -37.297044, -8.8223 ], [ -37.289374, -8.825069 ], [ -37.281692, -8.817867 ], [ -37.277167, -8.816349 ], [ -37.272307, -8.820797 ], [ -37.267067, -8.815076 ], [ -37.263213, -8.816901 ], [ -37.258864, -8.813631 ], [ -37.247167, -8.813879 ], [ -37.249219, -8.819471 ], [ -37.236745, -8.826 ], [ -37.232592, -8.836994 ], [ -37.235219, -8.840947 ], [ -37.224623, -8.853762 ], [ -37.227613, -8.865822 ], [ -37.222, -8.866447 ], [ -37.224367, -8.871501 ], [ -37.219747, -8.884574 ], [ -37.212528, -8.887516 ], [ -37.205161, -8.897485 ], [ -37.198229, -8.899803 ], [ -37.197129, -8.909065 ], [ -37.187481, -8.919047 ], [ -37.169029, -8.94064 ], [ -37.164066, -8.938894 ], [ -37.158099, -8.939175 ], [ -37.154996, -8.94527 ], [ -37.14519, -8.945679 ], [ -37.139495, -8.945254 ], [ -37.114104, -8.95955 ], [ -37.100886, -8.959861 ], [ -37.099002, -8.970614 ], [ -37.087621, -8.964083 ], [ -37.073858, -8.942965 ], [ -37.06893, -8.942702 ], [ -37.062769, -8.935322 ], [ -37.052494, -8.934222 ], [ -37.052035, -8.927586 ], [ -37.04662, -8.920575 ], [ -37.026806, -8.916965 ], [ -37.024859, -8.91247 ], [ -37.006091, -8.906367 ], [ -36.992792, -8.896185 ], [ -36.988083, -8.89684 ], [ -36.973923, -8.894961 ], [ -36.95391, -8.901108 ], [ -36.950613, -8.897754 ], [ -36.941223, -8.897304 ], [ -36.920536, -8.90104 ], [ -36.901114, -8.908644 ], [ -36.895964, -8.896844 ], [ -36.884599, -8.894606 ], [ -36.876538, -8.891594 ], [ -36.873569, -8.885343 ], [ -36.865251, -8.887773 ], [ -36.864463, -8.888004 ], [ -36.86359, -8.882123 ], [ -36.837168, -8.881369 ], [ -36.794835, -8.868228 ], [ -36.787318, -8.857903 ], [ -36.788036, -8.853168 ], [ -36.797153, -8.847559 ], [ -36.808045, -8.847824 ], [ -36.808991, -8.840641 ], [ -36.818074, -8.83656 ], [ -36.819312, -8.814035 ], [ -36.819526, -8.810139 ], [ -36.81998, -8.801877 ], [ -36.812201, -8.800078 ], [ -36.798579, -8.788593 ], [ -36.793584, -8.767078 ], [ -36.779039, -8.766349 ], [ -36.775813, -8.758699 ], [ -36.768544, -8.756 ], [ -36.765884, -8.749403 ], [ -36.769132, -8.743593 ], [ -36.770375, -8.73967 ], [ -36.781772, -8.732507 ], [ -36.769721, -8.731141 ], [ -36.75293, -8.729236 ], [ -36.701884, -8.723445 ], [ -36.689677, -8.669774 ], [ -36.679993, -8.667144 ], [ -36.675924, -8.660302 ], [ -36.678117, -8.647349 ], [ -36.686493, -8.629331 ], [ -36.67566, -8.613528 ], [ -36.66765, -8.609592 ], [ -36.661219, -8.593832 ], [ -36.634838, -8.574396 ], [ -36.6337, -8.573457 ], [ -36.613588, -8.557237 ], [ -36.61614, -8.569571 ], [ -36.611385, -8.579641 ], [ -36.603074, -8.593892 ], [ -36.609131, -8.605864 ], [ -36.591452, -8.601287 ], [ -36.586338, -8.600534 ], [ -36.576639, -8.616349 ], [ -36.570934, -8.615959 ], [ -36.569594, -8.612331 ], [ -36.567851, -8.618585 ], [ -36.57335, -8.624343 ], [ -36.568103, -8.624729 ], [ -36.567336, -8.636517 ], [ -36.561528, -8.641727 ], [ -36.560065, -8.640821 ], [ -36.556333, -8.633183 ], [ -36.546536, -8.627166 ], [ -36.543259, -8.623904 ], [ -36.542163, -8.622317 ], [ -36.541634, -8.624514 ], [ -36.537083, -8.643428 ], [ -36.534009, -8.656198 ], [ -36.51283, -8.67189 ], [ -36.49787, -8.680239 ], [ -36.496641, -8.684321 ], [ -36.489357, -8.69359 ], [ -36.486876, -8.703472 ], [ -36.483385, -8.702587 ], [ -36.472344, -8.69404 ], [ -36.46726, -8.690253 ], [ -36.469125, -8.681419 ], [ -36.463164, -8.668459 ], [ -36.465812, -8.6644 ], [ -36.465694, -8.664209 ], [ -36.459738, -8.666957 ], [ -36.452039, -8.664016 ], [ -36.447887, -8.657372 ], [ -36.441442, -8.655135 ], [ -36.426523, -8.649958 ], [ -36.396081, -8.639395 ], [ -36.382146, -8.634559 ], [ -36.360633, -8.625952 ], [ -36.331557, -8.614323 ], [ -36.279983, -8.566414 ], [ -36.274521, -8.561666 ], [ -36.273461, -8.561937 ], [ -36.285771, -8.606582 ], [ -36.292456, -8.630841 ], [ -36.267993, -8.623983 ], [ -36.251278, -8.649821 ], [ -36.247978, -8.654919 ], [ -36.241777, -8.661538 ], [ -36.231679, -8.672315 ], [ -36.194482, -8.71199 ], [ -36.186554, -8.711513 ], [ -36.184281, -8.711391 ], [ -36.197506, -8.744999 ], [ -36.200911, -8.753655 ], [ -36.216356, -8.792926 ], [ -36.205133, -8.790571 ], [ -36.187339, -8.786838 ], [ -36.185563, -8.781402 ], [ -36.178747, -8.781805 ], [ -36.169126, -8.793476 ], [ -36.162462, -8.793869 ], [ -36.158081, -8.79742 ], [ -36.156932, -8.804719 ], [ -36.148803, -8.80404 ], [ -36.147987, -8.812608 ], [ -36.151882, -8.817987 ], [ -36.149326, -8.82565 ], [ -36.14103, -8.825138 ], [ -36.135891, -8.83362 ], [ -36.12065, -8.836382 ], [ -36.125155, -8.841929 ], [ -36.117991, -8.847801 ], [ -36.115715, -8.849666 ], [ -36.115629, -8.849737 ], [ -36.114974, -8.850273 ], [ -36.089153, -8.87143 ], [ -36.088878, -8.871654 ], [ -36.060784, -8.894658 ], [ -36.032923, -8.908 ], [ -36.063604, -8.914918 ], [ -36.083655, -8.94181 ], [ -36.086078, -8.943648 ], [ -36.126496, -8.955309 ], [ -36.126947, -8.955691 ], [ -36.129256, -8.970907 ], [ -36.126479, -8.980857 ], [ -36.111857, -8.987368 ], [ -36.103998, -8.998509 ], [ -36.109135, -9.008002 ], [ -36.113443, -9.008794 ], [ -36.114757, -9.012981 ], [ -36.11116, -9.017253 ], [ -36.12033, -9.027026 ], [ -36.126947, -9.033249 ], [ -36.138559, -9.03559 ], [ -36.142474, -9.039903 ], [ -36.151395, -9.042274 ], [ -36.15445, -9.03954 ], [ -36.163801, -9.040069 ], [ -36.174797, -9.043731 ], [ -36.179132, -9.040596 ], [ -36.188614, -9.045875 ], [ -36.195392, -9.044366 ], [ -36.198896, -9.048426 ], [ -36.204387, -9.068647 ], [ -36.210006, -9.072718 ], [ -36.22158, -9.072883 ], [ -36.222136, -9.086013 ], [ -36.236125, -9.103069 ], [ -36.245189, -9.098624 ], [ -36.26651, -9.10196 ], [ -36.266663, -9.11067 ], [ -36.26574, -9.111608 ], [ -36.260352, -9.118102 ], [ -36.26321, -9.125584 ], [ -36.257385, -9.137939 ], [ -36.245918, -9.143179 ], [ -36.241903, -9.147044 ], [ -36.238727, -9.159571 ], [ -36.224754, -9.166902 ], [ -36.223912, -9.170869 ], [ -36.247537, -9.17744 ], [ -36.252786, -9.172886 ], [ -36.25217, -9.180825 ], [ -36.255655, -9.181559 ], [ -36.261191, -9.176857 ], [ -36.259804, -9.170382 ], [ -36.270762, -9.170617 ], [ -36.273837, -9.165783 ], [ -36.287426, -9.172881 ], [ -36.294642, -9.172021 ], [ -36.296867, -9.176361 ], [ -36.300186, -9.175359 ], [ -36.307484, -9.178048 ], [ -36.309458, -9.171941 ], [ -36.311991, -9.179497 ], [ -36.321187, -9.184959 ], [ -36.327311, -9.200346 ], [ -36.338555, -9.20659 ], [ -36.353582, -9.200772 ], [ -36.348555, -9.214316 ], [ -36.353269, -9.2197 ], [ -36.358011, -9.217867 ], [ -36.365369, -9.222206 ], [ -36.375538, -9.216278 ], [ -36.381923, -9.219613 ], [ -36.389705, -9.224454 ], [ -36.402577, -9.223003 ], [ -36.407135, -9.220586 ], [ -36.408329, -9.221504 ], [ -36.414965, -9.229252 ], [ -36.419467, -9.229147 ], [ -36.424033, -9.225602 ], [ -36.422965, -9.215231 ], [ -36.436669, -9.211679 ], [ -36.4409, -9.218658 ], [ -36.453923, -9.22524 ], [ -36.453325, -9.231968 ], [ -36.457361, -9.232657 ], [ -36.462182, -9.23883 ], [ -36.475787, -9.243351 ], [ -36.480997, -9.239048 ], [ -36.487552, -9.2412 ], [ -36.489473, -9.252219 ], [ -36.492354, -9.253757 ], [ -36.491001, -9.261987 ], [ -36.498316, -9.264491 ], [ -36.500035, -9.262365 ], [ -36.502982, -9.270555 ] ], [ [ -36.314379, -8.803009 ], [ -36.318397, -8.810966 ], [ -36.314378, -8.803009 ], [ -36.314379, -8.803009 ] ] ] } },
{ "type": "Feature", "properties": { "HREG_ID": "26005", "HREG_NAME": "XII Região de Saúde", "id": "260070", "name": "Aliança", "description": "Aliança", "MUN_ID": "260070", "UF": "PE", "MACRO_ID": "2607", "MACRO_NAME": "Metropolitana" }, "geometry": { "type": "Polygon", "coordinates": [ [ [ -34.976708, -7.733354 ], [ -34.98257, -7.735 ], [ -34.998814, -7.730835 ], [ -35.040718, -7.743502 ], [ -35.046366, -7.743248 ], [ -35.097805, -7.71477 ], [ -35.09099, -7.691513 ], [ -35.090851, -7.691277 ], [ -35.087326, -7.680901 ], [ -35.091849, -7.678229 ], [ -35.09146, -7.675209 ], [ -35.108584, -7.672245 ], [ -35.111172, -7.671798 ], [ -35.118454, -7.670537 ], [ -35.121537, -7.669036 ], [ -35.131892, -7.658657 ], [ -35.133137, -7.665534 ], [ -35.134113, -7.67318 ], [ -35.139211, -7.686593 ], [ -35.143242, -7.684436 ], [ -35.148062, -7.688668 ], [ -35.158885, -7.688729 ], [ -35.157448, -7.696274 ], [ -35.16074, -7.700552 ], [ -35.155663, -7.711639 ], [ -35.159858, -7.709972 ], [ -35.165209, -7.713602 ], [ -35.167413, -7.70907 ], [ -35.184796, -7.687784 ], [ -35.193622, -7.685531 ], [ -35.202954, -7.683148 ], [ -35.211377, -7.680996 ], [ -35.229593, -7.689821 ], [ -35.240787, -7.696361 ], [ -35.2384, -7.701807 ], [ -35.240999, -7.705015 ], [ -35.249945, -7.690386 ], [ -35.258741, -7.675997 ], [ -35.259206, -7.675236 ], [ -35.256687, -7.660295 ], [ -35.259879, -7.655273 ], [ -35.255017, -7.654006 ], [ -35.257985, -7.651126 ], [ -35.254446, -7.645025 ], [ -35.257011, -7.644085 ], [ -35.269669, -7.600591 ], [ -35.272557, -7.590852 ], [ -35.286052, -7.598635 ], [ -35.292894, -7.598551 ], [ -35.300138, -7.604711 ], [ -35.307027, -7.611758 ], [ -35.324024, -7.609864 ], [ -35.334497, -7.613557 ], [ -35.348161, -7.61054 ], [ -35.361397, -7.616209 ], [ -35.368595, -7.611474 ], [ -35.372073, -7.612582 ], [ -35.382846, -7.611299 ], [ -35.386492, -7.617873 ], [ -35.403209, -7.616737 ], [ -35.407785, -7.619653 ], [ -35.419438, -7.613706 ], [ -35.425304, -7.615169 ], [ -35.42857, -7.615979 ], [ -35.448139, -7.606883 ], [ -35.449823, -7.60232 ], [ -35.458897, -7.610434 ], [ -35.462544, -7.616691 ], [ -35.460812, -7.630709 ], [ -35.456896, -7.638422 ], [ -35.448326, -7.639379 ], [ -35.449116, -7.644784 ], [ -35.444613, -7.649326 ], [ -35.453446, -7.689044 ], [ -35.452853, -7.664646 ], [ -35.455937, -7.666417 ], [ -35.464468, -7.671315 ], [ -35.474667, -7.677172 ], [ -35.511744, -7.655873 ], [ -35.515356, -7.656535 ], [ -35.520467, -7.661954 ], [ -35.526612, -7.652469 ], [ -35.526624, -7.644715 ], [ -35.514741, -7.642837 ], [ -35.531359, -7.621256 ], [ -35.525482, -7.607154 ], [ -35.51777, -7.606021 ], [ -35.520828, -7.595996 ], [ -35.517586, -7.589296 ], [ -35.514865, -7.584611 ], [ -35.530638, -7.589599 ], [ -35.53751, -7.586232 ], [ -35.53698, -7.580312 ], [ -35.536952, -7.580314 ], [ -35.536945, -7.580234 ], [ -35.526882, -7.569552 ], [ -35.523832, -7.558398 ], [ -35.519586, -7.549973 ], [ -35.519375, -7.535036 ], [ -35.510425, -7.527842 ], [ -35.508855, -7.517083 ], [ -35.504503, -7.513633 ], [ -35.501596, -7.512102 ], [ -35.503691, -7.499351 ], [ -35.505942, -7.496939 ], [ -35.507276, -7.486086 ], [ -35.502973, -7.455671 ], [ -35.488962, -7.44975 ], [ -35.475028, -7.444491 ], [ -35.451727, -7.452545 ], [ -35.441241, -7.456567 ], [ -35.434081, -7.470381 ], [ -35.422028, -7.474767 ], [ -35.415406, -7.471747 ], [ -35.40791, -7.460724 ], [ -35.382307, -7.448721 ], [ -35.380363, -7.448414 ], [ -35.375631, -7.448477 ], [ -35.368627, -7.440394 ], [ -35.36258, -7.442389 ], [ -35.350776, -7.439853 ], [ -35.348273, -7.434532 ], [ -35.352026, -7.421989 ], [ -35.347826, -7.421851 ], [ -35.343502, -7.422065 ], [ -35.342295, -7.421625 ], [ -35.33319, -7.422348 ], [ -35.332563, -7.414924 ], [ -35.334692, -7.406396 ], [ -35.32377, -7.410912 ], [ -35.315829, -7.405282 ], [ -35.306192, -7.407508 ], [ -35.279852, -7.387247 ], [ -35.245741, -7.374199 ], [ -35.234048, -7.377785 ], [ -35.228987, -7.377962 ], [ -35.22425, -7.378867 ], [ -35.199779, -7.387197 ], [ -35.190418, -7.397483 ], [ -35.18942, -7.396854 ], [ -35.18048, -7.395493 ], [ -35.17174, -7.387632 ], [ -35.153466, -7.392049 ], [ -35.148057, -7.394125 ], [ -35.125942, -7.399495 ], [ -35.125833, -7.399526 ], [ -35.125091, -7.402193 ], [ -35.108992, -7.40683 ], [ -35.097465, -7.407919 ], [ -35.08458, -7.402266 ], [ -35.078694, -7.395898 ], [ -35.074858, -7.397004 ], [ -35.070019, -7.398467 ], [ -35.047773, -7.417403 ], [ -35.029231, -7.425412 ], [ -35.011304, -7.444757 ], [ -34.98509, -7.461598 ], [ -34.98388, -7.468912 ], [ -34.989857, -7.488469 ], [ -34.984812, -7.499601 ], [ -34.984831, -7.500378 ], [ -34.983898, -7.507478 ], [ -34.97874, -7.509288 ], [ -34.969115, -7.520655 ], [ -34.960461, -7.538356 ], [ -34.950292, -7.537212 ], [ -34.932357, -7.528111 ], [ -34.924122, -7.532201 ], [ -34.916987, -7.54136 ], [ -34.910696, -7.543032 ], [ -34.910165, -7.537727 ], [ -34.899574, -7.537021 ], [ -34.901717, -7.543153 ], [ -34.895217, -7.544665 ], [ -34.888414, -7.535494 ], [ -34.873269, -7.542838 ], [ -34.870391, -7.548749 ], [ -34.857698, -7.537541 ], [ -34.853521, -7.539237 ], [ -34.840038, -7.543424 ], [ -34.838265, -7.543889 ], [ -34.831293, -7.551514 ], [ -34.836712, -7.553109 ], [ -34.839743, -7.553367 ], [ -34.837466, -7.565141 ], [ -34.834433, -7.563363 ], [ -34.829213, -7.580985 ], [ -34.824184, -7.586492 ], [ -34.823736, -7.597382 ], [ -34.81053, -7.615074 ], [ -34.80724, -7.625059 ], [ -34.820147, -7.644633 ], [ -34.820481, -7.645269 ], [ -34.821967, -7.648094 ], [ -34.829905, -7.671683 ], [ -34.833604, -7.683135 ], [ -34.838898, -7.682579 ], [ -34.840931, -7.682326 ], [ -34.845986, -7.688283 ], [ -34.847057, -7.688343 ], [ -34.852186, -7.690103 ], [ -34.853235, -7.692199 ], [ -34.863855, -7.712938 ], [ -34.878418, -7.710037 ], [ -34.886306, -7.712858 ], [ -34.895801, -7.703438 ], [ -34.896697, -7.699247 ], [ -34.890313, -7.694186 ], [ -34.895889, -7.690915 ], [ -34.895291, -7.687175 ], [ -34.898395, -7.687205 ], [ -34.897912, -7.682905 ], [ -34.9224, -7.69125 ], [ -34.927661, -7.699353 ], [ -34.937673, -7.704716 ], [ -34.961651, -7.707908 ], [ -34.971428, -7.728677 ], [ -34.976708, -7.733354 ] ] ] } },
{ "type": "Feature", "properties": { "HREG_ID": "26006", "HREG_NAME": "II Região de Saúde", "id": "260220", "name": "Bom Jardim", "description": "Bom Jardim", "MUN_ID": "260220", "UF": "PE", "MACRO_ID": "2607", "MACRO_NAME": "Metropolitana" }, "geometry": { "type": "Polygon", "coordinates": [ [ [ -35.717838, -8.10825 ], [ -35.792978, -8.111947 ], [ -35.822157, -8.11338 ], [ -35.835426, -8.11403 ], [ -35.836068, -8.109184 ], [ -35.829579, -8.1051 ], [ -35.83697, -8.097658 ], [ -35.834313, -8.082385 ], [ -35.840061, -8.071463 ], [ -35.838525, -8.06936 ], [ -35.830557, -8.063833 ], [ -35.833284, -8.060488 ], [ -35.828996, -8.054634 ], [ -35.825722, -8.058321 ], [ -35.815737, -8.05613 ], [ -35.79936, -8.041045 ], [ -35.798444, -8.036114 ], [ -35.803008, -8.030412 ], [ -35.801681, -8.027914 ], [ -35.795959, -8.031049 ], [ -35.795183, -8.02687 ], [ -35.787841, -8.022021 ], [ -35.785573, -8.014681 ], [ -35.759733, -8.011896 ], [ -35.759888, -8.006409 ], [ -35.765076, -8.001603 ], [ -35.759272, -7.995777 ], [ -35.760244, -7.99225 ], [ -35.753901, -7.989005 ], [ -35.757512, -7.987173 ], [ -35.757428, -7.974524 ], [ -35.763622, -7.978402 ], [ -35.767126, -7.97478 ], [ -35.775209, -7.969352 ], [ -35.787565, -7.969029 ], [ -35.80469, -7.973145 ], [ -35.808546, -7.969633 ], [ -35.809347, -7.961087 ], [ -35.817235, -7.956229 ], [ -35.813993, -7.942894 ], [ -35.819, -7.935985 ], [ -35.817629, -7.931087 ], [ -35.817671, -7.930983 ], [ -35.811297, -7.928534 ], [ -35.807819, -7.916955 ], [ -35.813296, -7.912694 ], [ -35.811111, -7.901854 ], [ -35.817356, -7.89582 ], [ -35.814794, -7.890159 ], [ -35.819016, -7.875107 ], [ -35.822633, -7.863864 ], [ -35.821707, -7.859125 ], [ -35.829705, -7.842069 ], [ -35.831832, -7.837532 ], [ -35.842506, -7.814756 ], [ -35.845524, -7.808315 ], [ -35.852652, -7.784601 ], [ -35.859875, -7.779311 ], [ -35.865724, -7.775027 ], [ -35.86932, -7.77139 ], [ -35.87068, -7.77138 ], [ -35.871121, -7.769571 ], [ -35.874279, -7.767742 ], [ -35.876549, -7.768721 ], [ -35.880712, -7.765933 ], [ -35.880686, -7.765851 ], [ -35.881285, -7.765722 ], [ -35.88274, -7.763713 ], [ -35.883025, -7.761429 ], [ -35.881364, -7.75571 ], [ -35.881257, -7.75534 ], [ -35.876758, -7.75086 ], [ -35.871786, -7.749128 ], [ -35.870752, -7.74902 ], [ -35.869211, -7.749856 ], [ -35.866905, -7.749411 ], [ -35.861953, -7.750624 ], [ -35.850325, -7.747099 ], [ -35.841414, -7.746573 ], [ -35.83548, -7.747198 ], [ -35.834274, -7.747844 ], [ -35.832796, -7.749488 ], [ -35.83205, -7.750316 ], [ -35.82946, -7.751336 ], [ -35.828166, -7.751238 ], [ -35.824963, -7.749156 ], [ -35.820175, -7.748484 ], [ -35.819992, -7.748369 ], [ -35.817, -7.746486 ], [ -35.81336, -7.745942 ], [ -35.812458, -7.745296 ], [ -35.810235, -7.744906 ], [ -35.807779, -7.746261 ], [ -35.805764, -7.746274 ], [ -35.803845, -7.745264 ], [ -35.799987, -7.741414 ], [ -35.794447, -7.739479 ], [ -35.791535, -7.740009 ], [ -35.789579, -7.740026 ], [ -35.788884, -7.740031 ], [ -35.786239, -7.738633 ], [ -35.780245, -7.737942 ], [ -35.774994, -7.733749 ], [ -35.774019, -7.732443 ], [ -35.77261, -7.73169 ], [ -35.767241, -7.726298 ], [ -35.764518, -7.72449 ], [ -35.758667, -7.722002 ], [ -35.751482, -7.723253 ], [ -35.74692, -7.722794 ], [ -35.745885, -7.720438 ], [ -35.742773, -7.713359 ], [ -35.741049, -7.711512 ], [ -35.736217, -7.709189 ], [ -35.731913, -7.708057 ], [ -35.727888, -7.707589 ], [ -35.72107, -7.709052 ], [ -35.718828, -7.708317 ], [ -35.716583, -7.708174 ], [ -35.713288, -7.70696 ], [ -35.711275, -7.704804 ], [ -35.709054, -7.698562 ], [ -35.707856, -7.696937 ], [ -35.706438, -7.695364 ], [ -35.699744, -7.691447 ], [ -35.696909, -7.69153 ], [ -35.695022, -7.693564 ], [ -35.69508, -7.696556 ], [ -35.693386, -7.699371 ], [ -35.68958, -7.70026 ], [ -35.683004, -7.699684 ], [ -35.680571, -7.699933 ], [ -35.674864, -7.699778 ], [ -35.674826, -7.699771 ], [ -35.658571, -7.69682 ], [ -35.65857, -7.69682 ], [ -35.657239, -7.696781 ], [ -35.655231, -7.696639 ], [ -35.644939, -7.691999 ], [ -35.626518, -7.675126 ], [ -35.622165, -7.669582 ], [ -35.61918, -7.663672 ], [ -35.615497, -7.658536 ], [ -35.609332, -7.653369 ], [ -35.597159, -7.653926 ], [ -35.588741, -7.650392 ], [ -35.573095, -7.654692 ], [ -35.565474, -7.65625 ], [ -35.560461, -7.65946 ], [ -35.553095, -7.658236 ], [ -35.547573, -7.656927 ], [ -35.532483, -7.654407 ], [ -35.526624, -7.644715 ], [ -35.526612, -7.652469 ], [ -35.520467, -7.661954 ], [ -35.515356, -7.656535 ], [ -35.511744, -7.655873 ], [ -35.474667, -7.677172 ], [ -35.464468, -7.671315 ], [ -35.455938, -7.666417 ], [ -35.452854, -7.664646 ], [ -35.452853, -7.664646 ], [ -35.453446, -7.689044 ], [ -35.444613, -7.649326 ], [ -35.449116, -7.644784 ], [ -35.448326, -7.639379 ], [ -35.456896, -7.638422 ], [ -35.460812, -7.630709 ], [ -35.462544, -7.616691 ], [ -35.458897, -7.610434 ], [ -35.449823, -7.60232 ], [ -35.448139, -7.606883 ], [ -35.42857, -7.615979 ], [ -35.425304, -7.615169 ], [ -35.419438, -7.613706 ], [ -35.407785, -7.619653 ], [ -35.403209, -7.616737 ], [ -35.386492, -7.617873 ], [ -35.382846, -7.611299 ], [ -35.372073, -7.612582 ], [ -35.368595, -7.611474 ], [ -35.361397, -7.616209 ], [ -35.348161, -7.61054 ], [ -35.334497, -7.613557 ], [ -35.324024, -7.609864 ], [ -35.307027, -7.611758 ], [ -35.300138, -7.604711 ], [ -35.292894, -7.598551 ], [ -35.286052, -7.598635 ], [ -35.272557, -7.590852 ], [ -35.269669, -7.600591 ], [ -35.257011, -7.644085 ], [ -35.254446, -7.645025 ], [ -35.257985, -7.651126 ], [ -35.255017, -7.654006 ], [ -35.259879, -7.655273 ], [ -35.256687, -7.660295 ], [ -35.259206, -7.675236 ], [ -35.258741, -7.675997 ], [ -35.249945, -7.690386 ], [ -35.240999, -7.705015 ], [ -35.2384, -7.701807 ], [ -35.240787, -7.696361 ], [ -35.229593, -7.689821 ], [ -35.211377, -7.680996 ], [ -35.202954, -7.683148 ], [ -35.193622, -7.685531 ], [ -35.184796, -7.687784 ], [ -35.167413, -7.70907 ], [ -35.165209, -7.713602 ], [ -35.159858, -7.709972 ], [ -35.155663, -7.711639 ], [ -35.16074, -7.700552 ], [ -35.157448, -7.696274 ], [ -35.158885, -7.688729 ], [ -35.148062, -7.688668 ], [ -35.143242, -7.684436 ], [ -35.139211, -7.686593 ], [ -35.134113, -7.67318 ], [ -35.133137, -7.665534 ], [ -35.131892, -7.658657 ], [ -35.121537, -7.669036 ], [ -35.118454, -7.670537 ], [ -35.111172, -7.671798 ], [ -35.108584, -7.672245 ], [ -35.09146, -7.675209 ], [ -35.091849, -7.678229 ], [ -35.087326, -7.680901 ], [ -35.090851, -7.691277 ], [ -35.09099, -7.691513 ], [ -35.097805, -7.71477 ], [ -35.099194, -7.722403 ], [ -35.105329, -7.726154 ], [ -35.110195, -7.735428 ], [ -35.109884, -7.748817 ], [ -35.135623, -7.786758 ], [ -35.137754, -7.790528 ], [ -35.13974, -7.794041 ], [ -35.122859, -7.849969 ], [ -35.111784, -7.85718 ], [ -35.097941, -7.882561 ], [ -35.073579, -7.899173 ], [ -35.066111, -7.898494 ], [ -35.064631, -7.899019 ], [ -35.063833, -7.900112 ], [ -35.061969, -7.903782 ], [ -35.045696, -7.909882 ], [ -35.031577, -7.926613 ], [ -35.026939, -7.933855 ], [ -35.035105, -7.94115 ], [ -35.044709, -7.94973 ], [ -35.050968, -7.944881 ], [ -35.075521, -7.950381 ], [ -35.076785, -7.959845 ], [ -35.087308, -7.964699 ], [ -35.097777, -7.972477 ], [ -35.112094, -7.968579 ], [ -35.11724, -7.973611 ], [ -35.130064, -7.975489 ], [ -35.141065, -7.97191 ], [ -35.155826, -7.970989 ], [ -35.157736, -7.97361 ], [ -35.163895, -7.971421 ], [ -35.166174, -7.977723 ], [ -35.173425, -7.971159 ], [ -35.180107, -7.977342 ], [ -35.205626, -7.965429 ], [ -35.217028, -7.960868 ], [ -35.229788, -7.955761 ], [ -35.254135, -7.946032 ], [ -35.290819, -7.937986 ], [ -35.297177, -7.938388 ], [ -35.297618, -7.938467 ], [ -35.300325, -7.936646 ], [ -35.304135, -7.941233 ], [ -35.304135, -7.941234 ], [ -35.319247, -7.952559 ], [ -35.333681, -7.963264 ], [ -35.348116, -7.973971 ], [ -35.348496, -7.974252 ], [ -35.387114, -8.002905 ], [ -35.415208, -7.997228 ], [ -35.423721, -7.995455 ], [ -35.423722, -7.995455 ], [ -35.436131, -7.992872 ], [ -35.456912, -7.988545 ], [ -35.455091, -7.993554 ], [ -35.461238, -8.000204 ], [ -35.459731, -8.012849 ], [ -35.465337, -8.021543 ], [ -35.465288, -8.030726 ], [ -35.439511, -8.039084 ], [ -35.429308, -8.080809 ], [ -35.439422, -8.079596 ], [ -35.45658, -8.089331 ], [ -35.462053, -8.093327 ], [ -35.46218, -8.09342 ], [ -35.508361, -8.058778 ], [ -35.508453, -8.05871 ], [ -35.551936, -8.07062 ], [ -35.556978, -8.071847 ], [ -35.583331, -8.078316 ], [ -35.583517, -8.078417 ], [ -35.62417, -8.100503 ], [ -35.630001, -8.103669 ], [ -35.649499, -8.10488 ], [ -35.659016, -8.10535 ], [ -35.682051, -8.106486 ], [ -35.717775, -8.108247 ], [ -35.717838, -8.10825 ] ], [ [ -35.513676, -7.938171 ], [ -35.513675, -7.93817 ], [ -35.513676, -7.93817 ], [ -35.513676, -7.938171 ] ], [ [ -35.701055, -7.834035 ], [ -35.701059, -7.834033 ], [ -35.701057, -7.834035 ], [ -35.701055, -7.834035 ] ], [ [ -35.521288, -7.80357 ], [ -35.521289, -7.803572 ], [ -35.521285, -7.803568 ], [ -35.521288, -7.80357 ] ], [ [ -35.653851, -7.9439 ], [ -35.641668, -7.938334 ], [ -35.653851, -7.943899 ], [ -35.653851, -7.9439 ] ], [ [ -35.567359, -7.942469 ], [ -35.558837, -7.940166 ], [ -35.567357, -7.942467 ], [ -35.567359, -7.942469 ] ], [ [ -35.629084, -7.765816 ], [ -35.629084, -7.765817 ], [ -35.626229, -7.763215 ], [ -35.626229, -7.763214 ], [ -35.629084, -7.765816 ] ], [ [ -35.221575, -7.883601 ], [ -35.22113, -7.890155 ], [ -35.223625, -7.853302 ], [ -35.221575, -7.883601 ] ], [ [ -35.225818, -7.820898 ], [ -35.225429, -7.826661 ], [ -35.223625, -7.853302 ], [ -35.225818, -7.820898 ] ], [ [ -35.395487, -7.827027 ], [ -35.395488, -7.827027 ], [ -35.400135, -7.826504 ], [ -35.395488, -7.827028 ], [ -35.395487, -7.827027 ] ], [ [ -35.328209, -7.823901 ], [ -35.32821, -7.823902 ], [ -35.328209, -7.823902 ], [ -35.328209, -7.823901 ] ], [ [ -35.317836, -7.830282 ], [ -35.317837, -7.830283 ], [ -35.317833, -7.830282 ], [ -35.317836, -7.830282 ] ], [ [ -35.342474, -7.890769 ], [ -35.342314, -7.891027 ], [ -35.342312, -7.891028 ], [ -35.342474, -7.890769 ] ], [ [ -35.334036, -7.882834 ], [ -35.334035, -7.882827 ], [ -35.334035, -7.882819 ], [ -35.334036, -7.882834 ] ], [ [ -35.366341, -7.902064 ], [ -35.36634, -7.902065 ], [ -35.365813, -7.902198 ], [ -35.366341, -7.902064 ] ], [ [ -35.360938, -7.900855 ], [ -35.360937, -7.900856 ], [ -35.360605, -7.900882 ], [ -35.360938, -7.900855 ] ], [ [ -35.355104, -7.890215 ], [ -35.355104, -7.890216 ], [ -35.355103, -7.890216 ], [ -35.355103, -7.890215 ], [ -35.355104, -7.890215 ] ] ] } },
{ "type": "Feature", "properties": { "HREG_ID": "26007", "HREG_NAME": "IX Região de Saúde", "id": "260110", "name": "Araripina", "description": "Araripina", "MUN_ID": "260110", "UF": "PE", "MACRO_ID": "2605", "MACRO_NAME": "Vale do S.francisco e Araripe" }, "geometry": { "type": "Polygon", "coordinates": [ [ [ -40.133622, -8.360306 ], [ -40.140332, -8.383874 ], [ -40.151702, -8.406723 ], [ -40.159861, -8.406246 ], [ -40.164598, -8.415919 ], [ -40.171519, -8.422326 ], [ -40.180992, -8.420549 ], [ -40.196772, -8.460475 ], [ -40.190998, -8.487773 ], [ -40.196223, -8.512198 ], [ -40.214019, -8.50307 ], [ -40.232037, -8.504904 ], [ -40.243443, -8.510806 ], [ -40.254096, -8.506508 ], [ -40.257195, -8.49612 ], [ -40.266137, -8.500826 ], [ -40.266789, -8.50429 ], [ -40.272807, -8.509144 ], [ -40.287122, -8.506656 ], [ -40.289483, -8.498625 ], [ -40.29893, -8.501246 ], [ -40.298884, -8.506828 ], [ -40.304705, -8.512878 ], [ -40.318433, -8.516059 ], [ -40.326541, -8.513122 ], [ -40.333123, -8.518492 ], [ -40.340504, -8.517301 ], [ -40.350884, -8.508526 ], [ -40.358118, -8.495033 ], [ -40.354269, -8.489805 ], [ -40.357056, -8.481866 ], [ -40.353378, -8.467191 ], [ -40.359601, -8.463253 ], [ -40.359472, -8.447732 ], [ -40.367465, -8.436619 ], [ -40.36514, -8.432025 ], [ -40.374613, -8.428776 ], [ -40.380942, -8.421604 ], [ -40.381086, -8.414901 ], [ -40.386291, -8.41128 ], [ -40.394861, -8.415554 ], [ -40.397305, -8.407342 ], [ -40.405457, -8.408631 ], [ -40.4094, -8.401692 ], [ -40.421557, -8.403875 ], [ -40.435045, -8.389763 ], [ -40.438635, -8.377945 ], [ -40.451592, -8.364388 ], [ -40.462093, -8.360503 ], [ -40.468094, -8.365513 ], [ -40.476742, -8.361229 ], [ -40.484006, -8.365712 ], [ -40.489814, -8.363984 ], [ -40.494847, -8.369701 ], [ -40.502152, -8.365311 ], [ -40.512663, -8.370821 ], [ -40.52852, -8.36612 ], [ -40.534391, -8.376364 ], [ -40.532376, -8.38014 ], [ -40.539562, -8.383832 ], [ -40.543352, -8.376051 ], [ -40.562502, -8.372223 ], [ -40.565111, -8.36579 ], [ -40.572755, -8.362546 ], [ -40.585743, -8.36337 ], [ -40.591192, -8.367736 ], [ -40.596997, -8.363547 ], [ -40.600108, -8.367655 ], [ -40.606628, -8.366939 ], [ -40.609553, -8.371739 ], [ -40.620883, -8.367628 ], [ -40.625856, -8.372025 ], [ -40.629709, -8.371396 ], [ -40.630659, -8.375365 ], [ -40.640456, -8.374953 ], [ -40.645138, -8.380615 ], [ -40.648687, -8.380096 ], [ -40.658879, -8.378664 ], [ -40.657993, -8.371874 ], [ -40.663775, -8.368674 ], [ -40.679036, -8.373 ], [ -40.682095, -8.368987 ], [ -40.680692, -8.364799 ], [ -40.686181, -8.362896 ], [ -40.685749, -8.357663 ], [ -40.702842, -8.346898 ], [ -40.712758, -8.350316 ], [ -40.728178, -8.347085 ], [ -40.74229, -8.3367 ], [ -40.749096, -8.342166 ], [ -40.754849, -8.341862 ], [ -40.757603, -8.336522 ], [ -40.755772, -8.325939 ], [ -40.761829, -8.317842 ], [ -40.762724, -8.30808 ], [ -40.766413, -8.298871 ], [ -40.779717, -8.295862 ], [ -40.781305, -8.292705 ], [ -40.777862, -8.285727 ], [ -40.78361, -8.261438 ], [ -40.782109, -8.252894 ], [ -40.768946, -8.249048 ], [ -40.76392, -8.243584 ], [ -40.744132, -8.239662 ], [ -40.736496, -8.227822 ], [ -40.728825, -8.224505 ], [ -40.710689, -8.224651 ], [ -40.705203, -8.220293 ], [ -40.700216, -8.202198 ], [ -40.694002, -8.200466 ], [ -40.68404, -8.187367 ], [ -40.674884, -8.184452 ], [ -40.668657, -8.177071 ], [ -40.666312, -8.161941 ], [ -40.658134, -8.156147 ], [ -40.643194, -8.157127 ], [ -40.642409, -8.149665 ], [ -40.637943, -8.146807 ], [ -40.632469, -8.138892 ], [ -40.600947, -8.149761 ], [ -40.600769, -8.143641 ], [ -40.589131, -8.137395 ], [ -40.590864, -8.123107 ], [ -40.596129, -8.117616 ], [ -40.598973, -8.115215 ], [ -40.603496, -8.103278 ], [ -40.598385, -8.080449 ], [ -40.581848, -8.044283 ], [ -40.575369, -8.03006 ], [ -40.543275, -7.958024 ], [ -40.544544, -7.947256 ], [ -40.54293, -7.9071 ], [ -40.537645, -7.863904 ], [ -40.541655, -7.83824 ], [ -40.545574, -7.829676 ], [ -40.550925, -7.822024 ], [ -40.568034, -7.808352 ], [ -40.628273, -7.792157 ], [ -40.653363, -7.781786 ], [ -40.671701, -7.764422 ], [ -40.675285, -7.752277 ], [ -40.674043, -7.742281 ], [ -40.666181, -7.725955 ], [ -40.635232, -7.699423 ], [ -40.625171, -7.67677 ], [ -40.62165, -7.65878 ], [ -40.62619, -7.631278 ], [ -40.644005, -7.596237 ], [ -40.65355, -7.585716 ], [ -40.662286, -7.579095 ], [ -40.665257, -7.575822 ], [ -40.667441, -7.573342 ], [ -40.693709, -7.538314 ], [ -40.708959, -7.503396 ], [ -40.714565, -7.480113 ], [ -40.712855, -7.4726 ], [ -40.704258, -7.45816 ], [ -40.70083, -7.455952 ], [ -40.659801, -7.447964 ], [ -40.658004, -7.445893 ], [ -40.655309, -7.440963 ], [ -40.655226, -7.44081 ], [ -40.651952, -7.432938 ], [ -40.588872, -7.408248 ], [ -40.548093, -7.392287 ], [ -40.54017, -7.344446 ], [ -40.541138, -7.331866 ], [ -40.523352, -7.318046 ], [ -40.500099, -7.327592 ], [ -40.475878, -7.344323 ], [ -40.458704, -7.35469 ], [ -40.433222, -7.366774 ], [ -40.393509, -7.367764 ], [ -40.374153, -7.362584 ], [ -40.360615, -7.355197 ], [ -40.350425, -7.333768 ], [ -40.337647, -7.32339 ], [ -40.329026, -7.318154 ], [ -40.317776, -7.302996 ], [ -40.278635, -7.298988 ], [ -40.262628, -7.300617 ], [ -40.247166, -7.313315 ], [ -40.220392, -7.340866 ], [ -40.195317, -7.357745 ], [ -40.156766, -7.371053 ], [ -40.150497, -7.373599 ], [ -40.127388, -7.381511 ], [ -40.087088, -7.382689 ], [ -40.00873, -7.375164 ], [ -39.998224, -7.37311 ], [ -39.92598, -7.340595 ], [ -39.904195, -7.337939 ], [ -39.889766, -7.339425 ], [ -39.863589, -7.327288 ], [ -39.851084, -7.324806 ], [ -39.828332, -7.331966 ], [ -39.815003, -7.32829 ], [ -39.806098, -7.329998 ], [ -39.788863, -7.331591 ], [ -39.770941, -7.327073 ], [ -39.740959, -7.326412 ], [ -39.715134, -7.334521 ], [ -39.697149, -7.341761 ], [ -39.652726, -7.371858 ], [ -39.643532, -7.384937 ], [ -39.639257, -7.3954 ], [ -39.628545, -7.425224 ], [ -39.608326, -7.423322 ], [ -39.598641, -7.428368 ], [ -39.592716, -7.431946 ], [ -39.576172, -7.42749 ], [ -39.570913, -7.430341 ], [ -39.565637, -7.448521 ], [ -39.557093, -7.472139 ], [ -39.552466, -7.480251 ], [ -39.545491, -7.483536 ], [ -39.542887, -7.484355 ], [ -39.501999, -7.463743 ], [ -39.489371, -7.472018 ], [ -39.475151, -7.472265 ], [ -39.467495, -7.469185 ], [ -39.458132, -7.473805 ], [ -39.455316, -7.501455 ], [ -39.469327, -7.520163 ], [ -39.482169, -7.529645 ], [ -39.484653, -7.537981 ], [ -39.476166, -7.552922 ], [ -39.472092, -7.574776 ], [ -39.446858, -7.571886 ], [ -39.434573, -7.573317 ], [ -39.430824, -7.577616 ], [ -39.422912, -7.586399 ], [ -39.419295, -7.604006 ], [ -39.383695, -7.608116 ], [ -39.383612, -7.608164 ], [ -39.391648, -7.615786 ], [ -39.392486, -7.616579 ], [ -39.442341, -7.658839 ], [ -39.447539, -7.659003 ], [ -39.449256, -7.653559 ], [ -39.454597, -7.653676 ], [ -39.480027, -7.667193 ], [ -39.492578, -7.669094 ], [ -39.494649, -7.67667 ], [ -39.501278, -7.679182 ], [ -39.501657, -7.689029 ], [ -39.508645, -7.697467 ], [ -39.508942, -7.707047 ], [ -39.502387, -7.72149 ], [ -39.500912, -7.725468 ], [ -39.511452, -7.729185 ], [ -39.511464, -7.739039 ], [ -39.518492, -7.743675 ], [ -39.520678, -7.737759 ], [ -39.530776, -7.741556 ], [ -39.549978, -7.74196 ], [ -39.567628, -7.736149 ], [ -39.570242, -7.743784 ], [ -39.573629, -7.743567 ], [ -39.577766, -7.760177 ], [ -39.581644, -7.758172 ], [ -39.589949, -7.765335 ], [ -39.587899, -7.769805 ], [ -39.590976, -7.775103 ], [ -39.576234, -7.782768 ], [ -39.569227, -7.791451 ], [ -39.572005, -7.804596 ], [ -39.561789, -7.815771 ], [ -39.57324, -7.821685 ], [ -39.573689, -7.832161 ], [ -39.559776, -7.850697 ], [ -39.559815, -7.853329 ], [ -39.565379, -7.854275 ], [ -39.562656, -7.855778 ], [ -39.566271, -7.85618 ], [ -39.573275, -7.870394 ], [ -39.565367, -7.875542 ], [ -39.571706, -7.879633 ], [ -39.571178, -7.895142 ], [ -39.566147, -7.902404 ], [ -39.559813, -7.903195 ], [ -39.556969, -7.910525 ], [ -39.558393, -7.924557 ], [ -39.576791, -7.936335 ], [ -39.566447, -7.949731 ], [ -39.570903, -7.955449 ], [ -39.567718, -7.962582 ], [ -39.571203, -7.968434 ], [ -39.565031, -7.973356 ], [ -39.568589, -7.987931 ], [ -39.558592, -7.984736 ], [ -39.453444, -7.951126 ], [ -39.460549, -7.960761 ], [ -39.464471, -7.976389 ], [ -39.4848, -8.000371 ], [ -39.486426, -8.005956 ], [ -39.479873, -8.027305 ], [ -39.481508, -8.035795 ], [ -39.482475, -8.039541 ], [ -39.467017, -8.055806 ], [ -39.459652, -8.055664 ], [ -39.452895, -8.060512 ], [ -39.438794, -8.058849 ], [ -39.366389, -8.050392 ], [ -39.380541, -8.066613 ], [ -39.38749, -8.068128 ], [ -39.390751, -8.07455 ], [ -39.398077, -8.073641 ], [ -39.399254, -8.08665 ], [ -39.405518, -8.099273 ], [ -39.40933, -8.102502 ], [ -39.407343, -8.108569 ], [ -39.41344, -8.111075 ], [ -39.413307, -8.118949 ], [ -39.430819, -8.119964 ], [ -39.430917, -8.126443 ], [ -39.425013, -8.13492 ], [ -39.429393, -8.14191 ], [ -39.425794, -8.145064 ], [ -39.424775, -8.148917 ], [ -39.435042, -8.150442 ], [ -39.446467, -8.140497 ], [ -39.452046, -8.143737 ], [ -39.466719, -8.137677 ], [ -39.484233, -8.147788 ], [ -39.484387, -8.147908 ], [ -39.54605, -8.19599 ], [ -39.541847, -8.205785 ], [ -39.524472, -8.216383 ], [ -39.513403, -8.213304 ], [ -39.499998, -8.218019 ], [ -39.496473, -8.212227 ], [ -39.492286, -8.217452 ], [ -39.482621, -8.219153 ], [ -39.481533, -8.222434 ], [ -39.469732, -8.218521 ], [ -39.460938, -8.233931 ], [ -39.463794, -8.237762 ], [ -39.468397, -8.236233 ], [ -39.48622, -8.245099 ], [ -39.497583, -8.247678 ], [ -39.50894, -8.239874 ], [ -39.516254, -8.238499 ], [ -39.524515, -8.241948 ], [ -39.539625, -8.238062 ], [ -39.543628, -8.245119 ], [ -39.553216, -8.244321 ], [ -39.568959, -8.248953 ], [ -39.679101, -8.346998 ], [ -39.684328, -8.352472 ], [ -39.68429, -8.370172 ], [ -39.678534, -8.380695 ], [ -39.669892, -8.385448 ], [ -39.667554, -8.396101 ], [ -39.674231, -8.409048 ], [ -39.664276, -8.418542 ], [ -39.673439, -8.427202 ], [ -39.669668, -8.441269 ], [ -39.673895, -8.44899 ], [ -39.671966, -8.45617 ], [ -39.677869, -8.450869 ], [ -39.679407, -8.438819 ], [ -39.687811, -8.428413 ], [ -39.701576, -8.414786 ], [ -39.713312, -8.409136 ], [ -39.710211, -8.399785 ], [ -39.722324, -8.392168 ], [ -39.726349, -8.377488 ], [ -39.74204, -8.375694 ], [ -39.748358, -8.345029 ], [ -39.756014, -8.344636 ], [ -39.761711, -8.352564 ], [ -39.76632, -8.353002 ], [ -39.772876, -8.339664 ], [ -39.781986, -8.339612 ], [ -39.787411, -8.332245 ], [ -39.799087, -8.334514 ], [ -39.809368, -8.3292 ], [ -39.824113, -8.331845 ], [ -39.833997, -8.329184 ], [ -39.850726, -8.335207 ], [ -39.861303, -8.349495 ], [ -39.87288, -8.358876 ], [ -39.881421, -8.35998 ], [ -39.895706, -8.372532 ], [ -39.925143, -8.367551 ], [ -39.925337, -8.367468 ], [ -39.939667, -8.363954 ], [ -39.957175, -8.377187 ], [ -39.963793, -8.377003 ], [ -40.003403, -8.354079 ], [ -40.012138, -8.356923 ], [ -40.021929, -8.37327 ], [ -40.029472, -8.374087 ], [ -40.04311, -8.363886 ], [ -40.055706, -8.364904 ], [ -40.064091, -8.370295 ], [ -40.082041, -8.371032 ], [ -40.090821, -8.365374 ], [ -40.090234, -8.357158 ], [ -40.09476, -8.348737 ], [ -40.108357, -8.34768 ], [ -40.133622, -8.360306 ] ] ] } },
{ "type": "Feature", "properties": { "HREG_ID": "26008", "HREG_NAME": "III Região de Saúde", "id": "260040", "name": "Água Preta", "description": "Água Preta", "MUN_ID": "260040", "UF": "PE", "MACRO_ID": "2607", "MACRO_NAME": "Metropolitana" }, "geometry": { "type": "Polygon", "coordinates": [ [ [ -35.651657, -8.881837 ], [ -35.657189, -8.880239 ], [ -35.664398, -8.890563 ], [ -35.669664, -8.894826 ], [ -35.687173, -8.898087 ], [ -35.699949, -8.906171 ], [ -35.713373, -8.904378 ], [ -35.719994, -8.907409 ], [ -35.72298, -8.909053 ], [ -35.728694, -8.910119 ], [ -35.748071, -8.916732 ], [ -35.760589, -8.907661 ], [ -35.772914, -8.90572 ], [ -35.77786, -8.898469 ], [ -35.782653, -8.897123 ], [ -35.77881, -8.888222 ], [ -35.783349, -8.881582 ], [ -35.776544, -8.868637 ], [ -35.775652, -8.858039 ], [ -35.780996, -8.860546 ], [ -35.787268, -8.850711 ], [ -35.790288, -8.852994 ], [ -35.794743, -8.847266 ], [ -35.807567, -8.859968 ], [ -35.819581, -8.856455 ], [ -35.822648, -8.857 ], [ -35.826622, -8.869675 ], [ -35.836722, -8.868322 ], [ -35.844672, -8.872061 ], [ -35.84881, -8.871393 ], [ -35.850909, -8.867606 ], [ -35.861602, -8.85795 ], [ -35.886618, -8.86265 ], [ -35.895871, -8.853849 ], [ -35.900659, -8.861993 ], [ -35.911091, -8.86087 ], [ -35.916062, -8.867164 ], [ -35.923947, -8.884208 ], [ -35.942206, -8.88518 ], [ -35.95029, -8.891875 ], [ -35.960925, -8.893949 ], [ -35.964971, -8.902725 ], [ -35.973782, -8.901277 ], [ -35.98383, -8.904798 ], [ -35.986722, -8.902868 ], [ -36.005054, -8.912581 ], [ -36.032778, -8.907991 ], [ -36.032923, -8.908 ], [ -36.060784, -8.894658 ], [ -36.088878, -8.871654 ], [ -36.089153, -8.87143 ], [ -36.114974, -8.850273 ], [ -36.115629, -8.849737 ], [ -36.115715, -8.849666 ], [ -36.117991, -8.847801 ], [ -36.125155, -8.841929 ], [ -36.12065, -8.836382 ], [ -36.115329, -8.825847 ], [ -36.095877, -8.787333 ], [ -36.092837, -8.781317 ], [ -36.089154, -8.775941 ], [ -36.088906, -8.775838 ], [ -36.075128, -8.770114 ], [ -36.053666, -8.755598 ], [ -36.04477, -8.76025 ], [ -36.040135, -8.762674 ], [ -36.024653, -8.789925 ], [ -36.028396, -8.779449 ], [ -36.027015, -8.776141 ], [ -36.023866, -8.776541 ], [ -36.003721, -8.779105 ], [ -35.985615, -8.780537 ], [ -35.982349, -8.776277 ], [ -35.967303, -8.764052 ], [ -35.96585, -8.750432 ], [ -35.96391, -8.734638 ], [ -35.967249, -8.743647 ], [ -35.973187, -8.74388 ], [ -35.973341, -8.734552 ], [ -35.978728, -8.725489 ], [ -35.976505, -8.712237 ], [ -35.972335, -8.709278 ], [ -35.973522, -8.679299 ], [ -35.972839, -8.671334 ], [ -35.953517, -8.638914 ], [ -35.951523, -8.635568 ], [ -35.947651, -8.629071 ], [ -35.942408, -8.627936 ], [ -35.915504, -8.622114 ], [ -35.909327, -8.620777 ], [ -35.897012, -8.615275 ], [ -35.874056, -8.610352 ], [ -35.85364, -8.604629 ], [ -35.851474, -8.604013 ], [ -35.851076, -8.602399 ], [ -35.85035, -8.601068 ], [ -35.849462, -8.600073 ], [ -35.848911, -8.599926 ], [ -35.847386, -8.599519 ], [ -35.847329, -8.599525 ], [ -35.840217, -8.59772 ], [ -35.840217, -8.597719 ], [ -35.839595, -8.596907 ], [ -35.83821, -8.59562 ], [ -35.836087, -8.593398 ], [ -35.836082, -8.593393 ], [ -35.836082, -8.593391 ], [ -35.83757, -8.589847 ], [ -35.837571, -8.589847 ], [ -35.843584, -8.590751 ], [ -35.84813, -8.587385 ], [ -35.845841, -8.581475 ], [ -35.838378, -8.578409 ], [ -35.845136, -8.562472 ], [ -35.852662, -8.544717 ], [ -35.85452, -8.537471 ], [ -35.852994, -8.535377 ], [ -35.848838, -8.540844 ], [ -35.841761, -8.541012 ], [ -35.84176, -8.540927 ], [ -35.84176, -8.540925 ], [ -35.844278, -8.535729 ], [ -35.844617, -8.535477 ], [ -35.845301, -8.53362 ], [ -35.844277, -8.530533 ], [ -35.842517, -8.528429 ], [ -35.839647, -8.525698 ], [ -35.838002, -8.525088 ], [ -35.836767, -8.525055 ], [ -35.831605, -8.528356 ], [ -35.829714, -8.528857 ], [ -35.828537, -8.529508 ], [ -35.827573, -8.529838 ], [ -35.825592, -8.523413 ], [ -35.825379, -8.522717 ], [ -35.821199, -8.52231 ], [ -35.821194, -8.522325 ], [ -35.820693, -8.523863 ], [ -35.820084, -8.526365 ], [ -35.813177, -8.551479 ], [ -35.806825, -8.551525 ], [ -35.806819, -8.55152 ], [ -35.804508, -8.549577 ], [ -35.80317, -8.547936 ], [ -35.801786, -8.545237 ], [ -35.800432, -8.546149 ], [ -35.800431, -8.546149 ], [ -35.803325, -8.554759 ], [ -35.804338, -8.557773 ], [ -35.806663, -8.564694 ], [ -35.813306, -8.584466 ], [ -35.811889, -8.584314 ], [ -35.811141, -8.583793 ], [ -35.80974, -8.583571 ], [ -35.808506, -8.58395 ], [ -35.80772, -8.585372 ], [ -35.805643, -8.5882 ], [ -35.804611, -8.590252 ], [ -35.804065, -8.591975 ], [ -35.803138, -8.593662 ], [ -35.802984, -8.59394 ], [ -35.799827, -8.594434 ], [ -35.797634, -8.594346 ], [ -35.795431, -8.594919 ], [ -35.794083, -8.595674 ], [ -35.793166, -8.597863 ], [ -35.792681, -8.598617 ], [ -35.79268, -8.598618 ], [ -35.790736, -8.598259 ], [ -35.787635, -8.597311 ], [ -35.785673, -8.597324 ], [ -35.785672, -8.597323 ], [ -35.781441, -8.591476 ], [ -35.780526, -8.589562 ], [ -35.779981, -8.589458 ], [ -35.77998, -8.589459 ], [ -35.778947, -8.58979 ], [ -35.776024, -8.592635 ], [ -35.776543, -8.593895 ], [ -35.772534, -8.599071 ], [ -35.772529, -8.599066 ], [ -35.771643, -8.598068 ], [ -35.770376, -8.595411 ], [ -35.767857, -8.593804 ], [ -35.767856, -8.593804 ], [ -35.762819, -8.593219 ], [ -35.762818, -8.593219 ], [ -35.762817, -8.593219 ], [ -35.754421, -8.581891 ], [ -35.75442, -8.581888 ], [ -35.753649, -8.5817 ], [ -35.751756, -8.582592 ], [ -35.750459, -8.583904 ], [ -35.74889, -8.584642 ], [ -35.747303, -8.585687 ], [ -35.747147, -8.585878 ], [ -35.747142, -8.585881 ], [ -35.747102, -8.585933 ], [ -35.746579, -8.586571 ], [ -35.746474, -8.586758 ], [ -35.744598, -8.589226 ], [ -35.744584, -8.589229 ], [ -35.740938, -8.590094 ], [ -35.73345, -8.59053 ], [ -35.73205, -8.591038 ], [ -35.730983, -8.592461 ], [ -35.729917, -8.592963 ], [ -35.729915, -8.592963 ], [ -35.720676, -8.587077 ], [ -35.720675, -8.587076 ], [ -35.721739, -8.585024 ], [ -35.721786, -8.584987 ], [ -35.723205, -8.584557 ], [ -35.723777, -8.583903 ], [ -35.72497, -8.581523 ], [ -35.725074, -8.579951 ], [ -35.724724, -8.579266 ], [ -35.723182, -8.578548 ], [ -35.72203, -8.578557 ], [ -35.719786, -8.579185 ], [ -35.719132, -8.578999 ], [ -35.717518, -8.579009 ], [ -35.714484, -8.579415 ], [ -35.714483, -8.579415 ], [ -35.713433, -8.57992 ], [ -35.712061, -8.581613 ], [ -35.710991, -8.582384 ], [ -35.708369, -8.585536 ], [ -35.707807, -8.585737 ], [ -35.706813, -8.586508 ], [ -35.706556, -8.588117 ], [ -35.706909, -8.589225 ], [ -35.70476, -8.59215 ], [ -35.704622, -8.592414 ], [ -35.702705, -8.594941 ], [ -35.701636, -8.595845 ], [ -35.700216, -8.598221 ], [ -35.700212, -8.598227 ], [ -35.693231, -8.597056 ], [ -35.69323, -8.597056 ], [ -35.688227, -8.595738 ], [ -35.693639, -8.590731 ], [ -35.693366, -8.589692 ], [ -35.693057, -8.589552 ], [ -35.692743, -8.588915 ], [ -35.692857, -8.58873 ], [ -35.692801, -8.588497 ], [ -35.692456, -8.588335 ], [ -35.691135, -8.585657 ], [ -35.691136, -8.585656 ], [ -35.691136, -8.585654 ], [ -35.693, -8.582807 ], [ -35.695099, -8.58024 ], [ -35.696815, -8.578488 ], [ -35.697585, -8.575828 ], [ -35.699444, -8.573455 ], [ -35.699831, -8.57237 ], [ -35.69983, -8.572362 ], [ -35.699776, -8.570517 ], [ -35.700061, -8.570255 ], [ -35.700255, -8.569567 ], [ -35.699737, -8.569171 ], [ -35.699579, -8.563778 ], [ -35.700161, -8.563226 ], [ -35.700649, -8.562437 ], [ -35.700247, -8.561455 ], [ -35.699702, -8.560919 ], [ -35.699493, -8.560816 ], [ -35.699261, -8.552889 ], [ -35.699262, -8.552888 ], [ -35.699979, -8.551828 ], [ -35.699188, -8.551141 ], [ -35.698815, -8.550995 ], [ -35.697825, -8.546794 ], [ -35.697825, -8.546791 ], [ -35.694604, -8.546084 ], [ -35.66499, -8.539586 ], [ -35.651962, -8.536839 ], [ -35.64093, -8.534512 ], [ -35.640923, -8.536382 ], [ -35.640922, -8.536384 ], [ -35.640879, -8.548374 ], [ -35.640867, -8.551431 ], [ -35.638023, -8.556328 ], [ -35.63759, -8.553715 ], [ -35.636852, -8.551113 ], [ -35.635311, -8.550227 ], [ -35.634482, -8.550259 ], [ -35.632557, -8.550333 ], [ -35.629744, -8.547386 ], [ -35.628749, -8.546587 ], [ -35.625304, -8.544362 ], [ -35.622123, -8.541059 ], [ -35.620445, -8.539723 ], [ -35.61847, -8.54013 ], [ -35.617196, -8.539208 ], [ -35.617194, -8.539206 ], [ -35.617268, -8.536959 ], [ -35.616404, -8.535977 ], [ -35.616056, -8.535732 ], [ -35.614432, -8.530772 ], [ -35.614559, -8.529788 ], [ -35.613877, -8.529074 ], [ -35.613876, -8.529074 ], [ -35.608377, -8.52947 ], [ -35.608374, -8.529468 ], [ -35.60716, -8.528415 ], [ -35.606049, -8.525441 ], [ -35.604875, -8.525179 ], [ -35.602883, -8.524026 ], [ -35.599028, -8.521365 ], [ -35.596041, -8.518776 ], [ -35.596035, -8.51877 ], [ -35.593774, -8.517704 ], [ -35.590887, -8.517634 ], [ -35.587902, -8.51727 ], [ -35.58741, -8.51721 ], [ -35.587409, -8.51721 ], [ -35.587409, -8.517209 ], [ -35.58671, -8.514563 ], [ -35.587688, -8.514583 ], [ -35.588401, -8.514197 ], [ -35.585757, -8.510951 ], [ -35.581229, -8.50772 ], [ -35.579642, -8.506913 ], [ -35.578788, -8.506567 ], [ -35.572638, -8.502697 ], [ -35.572637, -8.502697 ], [ -35.572635, -8.502694 ], [ -35.57214, -8.501888 ], [ -35.571784, -8.499567 ], [ -35.569753, -8.498001 ], [ -35.569751, -8.498 ], [ -35.556046, -8.491405 ], [ -35.552714, -8.489193 ], [ -35.550955, -8.487734 ], [ -35.548682, -8.486335 ], [ -35.547753, -8.486396 ], [ -35.54721, -8.486835 ], [ -35.54666, -8.486404 ], [ -35.546329, -8.485916 ], [ -35.544873, -8.486029 ], [ -35.542476, -8.484875 ], [ -35.542473, -8.484853 ], [ -35.542235, -8.484759 ], [ -35.54303, -8.483196 ], [ -35.543094, -8.481749 ], [ -35.542941, -8.480737 ], [ -35.54272, -8.48016 ], [ -35.543515, -8.479429 ], [ -35.544967, -8.479419 ], [ -35.546348, -8.479195 ], [ -35.548018, -8.479257 ], [ -35.54889, -8.478817 ], [ -35.549617, -8.478739 ], [ -35.550269, -8.478518 ], [ -35.551066, -8.478078 ], [ -35.551723, -8.478363 ], [ -35.55223, -8.478288 ], [ -35.553463, -8.477918 ], [ -35.553972, -8.477915 ], [ -35.555282, -8.478123 ], [ -35.556295, -8.477247 ], [ -35.556363, -8.476811 ], [ -35.55621, -8.475874 ], [ -35.555183, -8.474071 ], [ -35.554522, -8.473641 ], [ -35.554083, -8.472703 ], [ -35.5535, -8.472418 ], [ -35.553371, -8.471618 ], [ -35.553348, -8.471477 ], [ -35.552698, -8.472204 ], [ -35.551172, -8.472143 ], [ -35.550153, -8.471861 ], [ -35.55, -8.47092 ], [ -35.549343, -8.470346 ], [ -35.548326, -8.470352 ], [ -35.547886, -8.469704 ], [ -35.547082, -8.469275 ], [ -35.547001, -8.46913 ], [ -35.546641, -8.468483 ], [ -35.546634, -8.467397 ], [ -35.547356, -8.466668 ], [ -35.547787, -8.466013 ], [ -35.548207, -8.463261 ], [ -35.548052, -8.462176 ], [ -35.547608, -8.460732 ], [ -35.547016, -8.459289 ], [ -35.546207, -8.457847 ], [ -35.544782, -8.455713 ], [ -35.544846, -8.455708 ], [ -35.544793, -8.455131 ], [ -35.544923, -8.454577 ], [ -35.545673, -8.454226 ], [ -35.546188, -8.453627 ], [ -35.545971, -8.452633 ], [ -35.546223, -8.452285 ], [ -35.547726, -8.452836 ], [ -35.550268, -8.453131 ], [ -35.551714, -8.453909 ], [ -35.55266, -8.454017 ], [ -35.553081, -8.453507 ], [ -35.55304, -8.451563 ], [ -35.554414, -8.449868 ], [ -35.555259, -8.449665 ], [ -35.555794, -8.449125 ], [ -35.556312, -8.448871 ], [ -35.55671, -8.449402 ], [ -35.557957, -8.449902 ], [ -35.560385, -8.449774 ], [ -35.561651, -8.449088 ], [ -35.562027, -8.448247 ], [ -35.562244, -8.446813 ], [ -35.562151, -8.445492 ], [ -35.561262, -8.443443 ], [ -35.561516, -8.442715 ], [ -35.562526, -8.441704 ], [ -35.562798, -8.441561 ], [ -35.56252, -8.440149 ], [ -35.563402, -8.439604 ], [ -35.563565, -8.439006 ], [ -35.562771, -8.438273 ], [ -35.561931, -8.437921 ], [ -35.561354, -8.437542 ], [ -35.560914, -8.436329 ], [ -35.559495, -8.435171 ], [ -35.558678, -8.434819 ], [ -35.55662, -8.434879 ], [ -35.555849, -8.434193 ], [ -35.554937, -8.434056 ], [ -35.554814, -8.433412 ], [ -35.553593, -8.433421 ], [ -35.552893, -8.43283 ], [ -35.552081, -8.432715 ], [ -35.551003, -8.432795 ], [ -35.550593, -8.43244 ], [ -35.550486, -8.432194 ], [ -35.550251, -8.431656 ], [ -35.552125, -8.431123 ], [ -35.552848, -8.430183 ], [ -35.553257, -8.42883 ], [ -35.552522, -8.428107 ], [ -35.552516, -8.427485 ], [ -35.55366, -8.426543 ], [ -35.554271, -8.424357 ], [ -35.555421, -8.424661 ], [ -35.557077, -8.422782 ], [ -35.557488, -8.421946 ], [ -35.558735, -8.421211 ], [ -35.559356, -8.420377 ], [ -35.56164, -8.418699 ], [ -35.562359, -8.416928 ], [ -35.563811, -8.415882 ], [ -35.565472, -8.414415 ], [ -35.575151, -8.42855 ], [ -35.576034, -8.428102 ], [ -35.576259, -8.427513 ], [ -35.578068, -8.426444 ], [ -35.580146, -8.424637 ], [ -35.581942, -8.422723 ], [ -35.583742, -8.420073 ], [ -35.585891, -8.419076 ], [ -35.585358, -8.418327 ], [ -35.585731, -8.417795 ], [ -35.586335, -8.417338 ], [ -35.586707, -8.416582 ], [ -35.586465, -8.414322 ], [ -35.586573, -8.413263 ], [ -35.587481, -8.412882 ], [ -35.590431, -8.412863 ], [ -35.591412, -8.412627 ], [ -35.59156, -8.41195 ], [ -35.590421, -8.411352 ], [ -35.589313, -8.409851 ], [ -35.589462, -8.409474 ], [ -35.590212, -8.408942 ], [ -35.590877, -8.405844 ], [ -35.591896, -8.405612 ], [ -35.592647, -8.404623 ], [ -35.592638, -8.403343 ], [ -35.591777, -8.401945 ], [ -35.589276, -8.398536 ], [ -35.586778, -8.395763 ], [ -35.584603, -8.394462 ], [ -35.583244, -8.392359 ], [ -35.581441, -8.391335 ], [ -35.580925, -8.390546 ], [ -35.580909, -8.389935 ], [ -35.579841, -8.388238 ], [ -35.577313, -8.386248 ], [ -35.574636, -8.384466 ], [ -35.571907, -8.381856 ], [ -35.571152, -8.38184 ], [ -35.570038, -8.380675 ], [ -35.569686, -8.379782 ], [ -35.56604, -8.377874 ], [ -35.563536, -8.375479 ], [ -35.563017, -8.375618 ], [ -35.562395, -8.376037 ], [ -35.56122, -8.376042 ], [ -35.560733, -8.375425 ], [ -35.560236, -8.373499 ], [ -35.559815, -8.372606 ], [ -35.55998, -8.371569 ], [ -35.559696, -8.370399 ], [ -35.558998, -8.369509 ], [ -35.559062, -8.368886 ], [ -35.559471, -8.367781 ], [ -35.558491, -8.366063 ], [ -35.556787, -8.364626 ], [ -35.556004, -8.362966 ], [ -35.552701, -8.359068 ], [ -35.551104, -8.358251 ], [ -35.54972, -8.357846 ], [ -35.547529, -8.356411 ], [ -35.547282, -8.355418 ], [ -35.549016, -8.35123 ], [ -35.549529, -8.349993 ], [ -35.547628, -8.338698 ], [ -35.547629, -8.338698 ], [ -35.553091, -8.341823 ], [ -35.558995, -8.34269 ], [ -35.562621, -8.342215 ], [ -35.562597, -8.3386 ], [ -35.557546, -8.329144 ], [ -35.557543, -8.329144 ], [ -35.528428, -8.314876 ], [ -35.52842, -8.314871 ], [ -35.529241, -8.301311 ], [ -35.528932, -8.300707 ], [ -35.528322, -8.299512 ], [ -35.527396, -8.296805 ], [ -35.525188, -8.296819 ], [ -35.525187, -8.296819 ], [ -35.524675, -8.296823 ], [ -35.521975, -8.299546 ], [ -35.52197, -8.29955 ], [ -35.50576, -8.298595 ], [ -35.507517, -8.309583 ], [ -35.504195, -8.312933 ], [ -35.492043, -8.301098 ], [ -35.485171, -8.279358 ], [ -35.479691, -8.274814 ], [ -35.47033, -8.269412 ], [ -35.466182, -8.260707 ], [ -35.465869, -8.260864 ], [ -35.460362, -8.265262 ], [ -35.454329, -8.253582 ], [ -35.44976, -8.252792 ], [ -35.444901, -8.249823 ], [ -35.439065, -8.252224 ], [ -35.43389, -8.256834 ], [ -35.428685, -8.252947 ], [ -35.425798, -8.254285 ], [ -35.423252, -8.26552 ], [ -35.414175, -8.267819 ], [ -35.40175, -8.256585 ], [ -35.387241, -8.260281 ], [ -35.383979, -8.265932 ], [ -35.376906, -8.268437 ], [ -35.375194, -8.274649 ], [ -35.372788, -8.277131 ], [ -35.367005, -8.274393 ], [ -35.364976, -8.278102 ], [ -35.373703, -8.288082 ], [ -35.370299, -8.298002 ], [ -35.366083, -8.298587 ], [ -35.360034, -8.297705 ], [ -35.358704, -8.300223 ], [ -35.339112, -8.29434 ], [ -35.302897, -8.306786 ], [ -35.300003, -8.307608 ], [ -35.291467, -8.304336 ], [ -35.268796, -8.29565 ], [ -35.275992, -8.284763 ], [ -35.264631, -8.242652 ], [ -35.264505, -8.242434 ], [ -35.264561, -8.255263 ], [ -35.258676, -8.264393 ], [ -35.252352, -8.263574 ], [ -35.249686, -8.277793 ], [ -35.238388, -8.271522 ], [ -35.236718, -8.280621 ], [ -35.237715, -8.291858 ], [ -35.233472, -8.291595 ], [ -35.228579, -8.294237 ], [ -35.218392, -8.290673 ], [ -35.210149, -8.287117 ], [ -35.204862, -8.290226 ], [ -35.203999, -8.29564 ], [ -35.200991, -8.293525 ], [ -35.195473, -8.29728 ], [ -35.151062, -8.279383 ], [ -35.145516, -8.288773 ], [ -35.146779, -8.29296 ], [ -35.148628, -8.299092 ], [ -35.139825, -8.309517 ], [ -35.153724, -8.320431 ], [ -35.169457, -8.352991 ], [ -35.181544, -8.352698 ], [ -35.189945, -8.354365 ], [ -35.192713, -8.359108 ], [ -35.192648, -8.376055 ], [ -35.19673, -8.379624 ], [ -35.225444, -8.404862 ], [ -35.237728, -8.417035 ], [ -35.235683, -8.421724 ], [ -35.229956, -8.434853 ], [ -35.228924, -8.43644 ], [ -35.202673, -8.478607 ], [ -35.191781, -8.478463 ], [ -35.167628, -8.478143 ], [ -35.162926, -8.48542 ], [ -35.152911, -8.487413 ], [ -35.144003, -8.48992 ], [ -35.142076, -8.500136 ], [ -35.128935, -8.511677 ], [ -35.125541, -8.513787 ], [ -35.117712, -8.516194 ], [ -35.090318, -8.524614 ], [ -35.076483, -8.530666 ], [ -35.07562, -8.536427 ], [ -35.08263, -8.546044 ], [ -35.080519, -8.556011 ], [ -35.074475, -8.55886 ], [ -35.06961, -8.566554 ], [ -35.071582, -8.579528 ], [ -35.073063, -8.582197 ], [ -35.068996, -8.583676 ], [ -35.063127, -8.593436 ], [ -35.064968, -8.59642 ], [ -35.058059, -8.602481 ], [ -35.047035, -8.605388 ], [ -35.045978, -8.605515 ], [ -35.045564, -8.61489 ], [ -35.056389, -8.625935 ], [ -35.070793, -8.65504 ], [ -35.068837, -8.671895 ], [ -35.08041, -8.679709 ], [ -35.085285, -8.690929 ], [ -35.07893, -8.702899 ], [ -35.078557, -8.710553 ], [ -35.086727, -8.719375 ], [ -35.090156, -8.72943 ], [ -35.086006, -8.746536 ], [ -35.104978, -8.767995 ], [ -35.106266, -8.776075 ], [ -35.102733, -8.784781 ], [ -35.107103, -8.794212 ], [ -35.118743, -8.802518 ], [ -35.121462, -8.812412 ], [ -35.13177, -8.826338 ], [ -35.133873, -8.840801 ], [ -35.130069, -8.862399 ], [ -35.129321, -8.866668 ], [ -35.137208, -8.876279 ], [ -35.152261, -8.913285 ], [ -35.154839, -8.902715 ], [ -35.162487, -8.896991 ], [ -35.170497, -8.890578 ], [ -35.200263, -8.887799 ], [ -35.208768, -8.891346 ], [ -35.211126, -8.888432 ], [ -35.219785, -8.888854 ], [ -35.234691, -8.882779 ], [ -35.243283, -8.884731 ], [ -35.244091, -8.884527 ], [ -35.243853, -8.88486 ], [ -35.252458, -8.886815 ], [ -35.277255, -8.874743 ], [ -35.287325, -8.876136 ], [ -35.298967, -8.873216 ], [ -35.306004, -8.871449 ], [ -35.350429, -8.860293 ], [ -35.382648, -8.852294 ], [ -35.399662, -8.849893 ], [ -35.407184, -8.841969 ], [ -35.408687, -8.837569 ], [ -35.414005, -8.835993 ], [ -35.416369, -8.838415 ], [ -35.43159, -8.835588 ], [ -35.435547, -8.840512 ], [ -35.450488, -8.840919 ], [ -35.459496, -8.837352 ], [ -35.461515, -8.829742 ], [ -35.466433, -8.827845 ], [ -35.462019, -8.818411 ], [ -35.4698, -8.812708 ], [ -35.475885, -8.817852 ], [ -35.480255, -8.819515 ], [ -35.481799, -8.825733 ], [ -35.493149, -8.82491 ], [ -35.495429, -8.827883 ], [ -35.500025, -8.824544 ], [ -35.500051, -8.819748 ], [ -35.503933, -8.82188 ], [ -35.511198, -8.817116 ], [ -35.517446, -8.816338 ], [ -35.531123, -8.827852 ], [ -35.53485, -8.819036 ], [ -35.539489, -8.820663 ], [ -35.55664, -8.831065 ], [ -35.563354, -8.831227 ], [ -35.567154, -8.835025 ], [ -35.569847, -8.842371 ], [ -35.582195, -8.846048 ], [ -35.593784, -8.854435 ], [ -35.595868, -8.860572 ], [ -35.605166, -8.864734 ], [ -35.613457, -8.863975 ], [ -35.628804, -8.878916 ], [ -35.651657, -8.881837 ] ], [ [ -35.517532, -8.503299 ], [ -35.516529, -8.503029 ], [ -35.517538, -8.5033 ], [ -35.517532, -8.503299 ] ], [ [ -35.507047, -8.499494 ], [ -35.507047, -8.499495 ], [ -35.506942, -8.499299 ], [ -35.507047, -8.499494 ] ], [ [ -35.452683, -8.385074 ], [ -35.445065, -8.380436 ], [ -35.445063, -8.380433 ], [ -35.452683, -8.385074 ] ] ] } },
{ "type": "Feature", "properties": { "HREG_ID": "26009", "HREG_NAME": "VIII Região de Saúde", "id": "260020", "name": "Afrânio", "description": "Afrânio", "MUN_ID": "260020", "UF": "PE", "MACRO_ID": "2605", "MACRO_NAME": "Vale do S.francisco e Araripe" }, "geometry": { "type": "Polygon", "coordinates": [ [ [ -40.340504, -8.517301 ], [ -40.333123, -8.518492 ], [ -40.326541, -8.513122 ], [ -40.318433, -8.516059 ], [ -40.304705, -8.512878 ], [ -40.298884, -8.506828 ], [ -40.29893, -8.501246 ], [ -40.289483, -8.498625 ], [ -40.287122, -8.506656 ], [ -40.272807, -8.509144 ], [ -40.266789, -8.50429 ], [ -40.266137, -8.500826 ], [ -40.257195, -8.49612 ], [ -40.254096, -8.506508 ], [ -40.243443, -8.510806 ], [ -40.232037, -8.504904 ], [ -40.214019, -8.50307 ], [ -40.196223, -8.512198 ], [ -40.190998, -8.487773 ], [ -40.196772, -8.460475 ], [ -40.180992, -8.420549 ], [ -40.171519, -8.422326 ], [ -40.164598, -8.415919 ], [ -40.159861, -8.406246 ], [ -40.151702, -8.406723 ], [ -40.140332, -8.383874 ], [ -40.133622, -8.360306 ], [ -40.108357, -8.34768 ], [ -40.09476, -8.348737 ], [ -40.090234, -8.357158 ], [ -40.090821, -8.365374 ], [ -40.082041, -8.371032 ], [ -40.064091, -8.370295 ], [ -40.055706, -8.364904 ], [ -40.04311, -8.363886 ], [ -40.029472, -8.374087 ], [ -40.021929, -8.37327 ], [ -40.012138, -8.356923 ], [ -40.003403, -8.354079 ], [ -39.963793, -8.377003 ], [ -39.957175, -8.377187 ], [ -39.939667, -8.363954 ], [ -39.925337, -8.367468 ], [ -39.925143, -8.367551 ], [ -39.895706, -8.372532 ], [ -39.881421, -8.35998 ], [ -39.87288, -8.358876 ], [ -39.861303, -8.349495 ], [ -39.850726, -8.335207 ], [ -39.833997, -8.329184 ], [ -39.824113, -8.331845 ], [ -39.809368, -8.3292 ], [ -39.799087, -8.334514 ], [ -39.787411, -8.332245 ], [ -39.781986, -8.339612 ], [ -39.772876, -8.339664 ], [ -39.76632, -8.353002 ], [ -39.761711, -8.352564 ], [ -39.756014, -8.344636 ], [ -39.748358, -8.345029 ], [ -39.74204, -8.375694 ], [ -39.726349, -8.377488 ], [ -39.722324, -8.392168 ], [ -39.710211, -8.399785 ], [ -39.713312, -8.409136 ], [ -39.701576, -8.414786 ], [ -39.687811, -8.428413 ], [ -39.679407, -8.438819 ], [ -39.677869, -8.450869 ], [ -39.671966, -8.45617 ], [ -39.673895, -8.44899 ], [ -39.669668, -8.441269 ], [ -39.673439, -8.427202 ], [ -39.664276, -8.418542 ], [ -39.674231, -8.409048 ], [ -39.667554, -8.396101 ], [ -39.669892, -8.385448 ], [ -39.678534, -8.380695 ], [ -39.68429, -8.370172 ], [ -39.684328, -8.352472 ], [ -39.679101, -8.346998 ], [ -39.568959, -8.248953 ], [ -39.553216, -8.244321 ], [ -39.543628, -8.245119 ], [ -39.539625, -8.238062 ], [ -39.524515, -8.241948 ], [ -39.516254, -8.238499 ], [ -39.50894, -8.239874 ], [ -39.497583, -8.247678 ], [ -39.48622, -8.245099 ], [ -39.468397, -8.236233 ], [ -39.463794, -8.237762 ], [ -39.459208, -8.242261 ], [ -39.453015, -8.241599 ], [ -39.44699, -8.245516 ], [ -39.43005, -8.242731 ], [ -39.424897, -8.245379 ], [ -39.413901, -8.239899 ], [ -39.406944, -8.246561 ], [ -39.393946, -8.247563 ], [ -39.391328, -8.252622 ], [ -39.385238, -8.253007 ], [ -39.378685, -8.259145 ], [ -39.37715, -8.25433 ], [ -39.36927, -8.248783 ], [ -39.378815, -8.243105 ], [ -39.377271, -8.237628 ], [ -39.373134, -8.230073 ], [ -39.372276, -8.22477 ], [ -39.371293, -8.221428 ], [ -39.377262, -8.217653 ], [ -39.371489, -8.214609 ], [ -39.365868, -8.202853 ], [ -39.356155, -8.19635 ], [ -39.353651, -8.203344 ], [ -39.349959, -8.203634 ], [ -39.348599, -8.198717 ], [ -39.34129, -8.198882 ], [ -39.336104, -8.194267 ], [ -39.336806, -8.184454 ], [ -39.329695, -8.186733 ], [ -39.317316, -8.182121 ], [ -39.315636, -8.185351 ], [ -39.313421, -8.191836 ], [ -39.301439, -8.226919 ], [ -39.284068, -8.221336 ], [ -39.260309, -8.21897 ], [ -39.249134, -8.213387 ], [ -39.23238, -8.218901 ], [ -39.208372, -8.226798 ], [ -39.186985, -8.246927 ], [ -39.17824, -8.255156 ], [ -39.123988, -8.306169 ], [ -39.046164, -8.379249 ], [ -39.046838, -8.379506 ], [ -39.051477, -8.384439 ], [ -39.066276, -8.385315 ], [ -39.067225, -8.389941 ], [ -39.062628, -8.396551 ], [ -39.066679, -8.404738 ], [ -39.062631, -8.409877 ], [ -39.068906, -8.415111 ], [ -39.082079, -8.413368 ], [ -39.089106, -8.422105 ], [ -39.089668, -8.42956 ], [ -39.082811, -8.433192 ], [ -39.083632, -8.442054 ], [ -39.088153, -8.442506 ], [ -39.088033, -8.448798 ], [ -39.095284, -8.447798 ], [ -39.101458, -8.451514 ], [ -39.105118, -8.457353 ], [ -39.100566, -8.460135 ], [ -39.101599, -8.462615 ], [ -39.105332, -8.46561 ], [ -39.112724, -8.465199 ], [ -39.115862, -8.468601 ], [ -39.110374, -8.479279 ], [ -39.122754, -8.478852 ], [ -39.129523, -8.486866 ], [ -39.124761, -8.496029 ], [ -39.134445, -8.503135 ], [ -39.134326, -8.507308 ], [ -39.144978, -8.509937 ], [ -39.148075, -8.515863 ], [ -39.152047, -8.510812 ], [ -39.151844, -8.50358 ], [ -39.160119, -8.503548 ], [ -39.166183, -8.497799 ], [ -39.175595, -8.503967 ], [ -39.173262, -8.513736 ], [ -39.183397, -8.510282 ], [ -39.192047, -8.51539 ], [ -39.200329, -8.511001 ], [ -39.214234, -8.521761 ], [ -39.209079, -8.527269 ], [ -39.210841, -8.532046 ], [ -39.219522, -8.531981 ], [ -39.229348, -8.542424 ], [ -39.235303, -8.536028 ], [ -39.240572, -8.539966 ], [ -39.240796, -8.54067 ], [ -39.264568, -8.576993 ], [ -39.266191, -8.578999 ], [ -39.272263, -8.583377 ], [ -39.286062, -8.563345 ], [ -39.3121, -8.557898 ], [ -39.335568, -8.558373 ], [ -39.344783, -8.558087 ], [ -39.357, -8.546628 ], [ -39.364094, -8.537436 ], [ -39.386004, -8.533078 ], [ -39.407267, -8.537938 ], [ -39.415679, -8.541714 ], [ -39.42748, -8.558244 ], [ -39.435129, -8.562888 ], [ -39.446941, -8.561909 ], [ -39.456198, -8.567806 ], [ -39.460884, -8.581626 ], [ -39.475749, -8.592379 ], [ -39.51462, -8.602096 ], [ -39.52875, -8.612459 ], [ -39.554664, -8.621719 ], [ -39.557152, -8.62842 ], [ -39.564158, -8.629873 ], [ -39.569304, -8.636653 ], [ -39.591453, -8.647708 ], [ -39.609663, -8.656797 ], [ -39.622221, -8.655084 ], [ -39.645642, -8.659278 ], [ -39.660508, -8.65694 ], [ -39.685205, -8.659881 ], [ -39.691614, -8.663812 ], [ -39.692672, -8.680098 ], [ -39.684195, -8.704576 ], [ -39.674656, -8.736253 ], [ -39.677138, -8.760474 ], [ -39.671349, -8.777166 ], [ -39.676432, -8.788102 ], [ -39.686018, -8.792658 ], [ -39.700113, -8.799537 ], [ -39.705053, -8.799137 ], [ -39.747421, -8.793626 ], [ -39.758384, -8.799276 ], [ -39.782058, -8.813908 ], [ -39.792298, -8.819476 ], [ -39.819605, -8.813073 ], [ -39.829358, -8.813921 ], [ -39.886451, -8.824576 ], [ -39.892592, -8.828379 ], [ -39.902704, -8.853409 ], [ -39.900893, -8.863743 ], [ -39.881957, -8.897748 ], [ -39.87309, -8.933623 ], [ -39.889658, -8.966399 ], [ -39.891021, -8.967505 ], [ -39.906558, -8.981212 ], [ -39.915384, -8.997096 ], [ -39.916186, -8.998279 ], [ -39.957668, -9.048175 ], [ -39.978859, -9.054626 ], [ -39.995663, -9.060541 ], [ -40.005304, -9.059306 ], [ -40.005333, -9.059305 ], [ -40.065195, -9.062648 ], [ -40.073172, -9.074945 ], [ -40.092102, -9.085499 ], [ -40.107052, -9.097054 ], [ -40.119499, -9.10168 ], [ -40.129049, -9.109791 ], [ -40.133686, -9.109133 ], [ -40.150735, -9.106715 ], [ -40.164633, -9.106071 ], [ -40.173768, -9.090143 ], [ -40.208459, -9.063366 ], [ -40.231199, -9.054306 ], [ -40.238614, -9.053949 ], [ -40.255422, -9.062807 ], [ -40.270491, -9.078716 ], [ -40.278477, -9.094122 ], [ -40.288311, -9.12699 ], [ -40.293642, -9.151651 ], [ -40.285445, -9.181397 ], [ -40.289711, -9.195195 ], [ -40.300137, -9.23079 ], [ -40.304925, -9.259631 ], [ -40.309165, -9.275089 ], [ -40.318661, -9.286851 ], [ -40.332162, -9.317154 ], [ -40.335749, -9.32675 ], [ -40.334673, -9.353483 ], [ -40.356027, -9.376576 ], [ -40.371045, -9.378298 ], [ -40.390908, -9.371748 ], [ -40.411275, -9.353752 ], [ -40.420519, -9.352154 ], [ -40.435527, -9.36174 ], [ -40.455297, -9.405479 ], [ -40.467384, -9.420149 ], [ -40.477463, -9.418876 ], [ -40.494636, -9.408843 ], [ -40.505898, -9.407975 ], [ -40.510355, -9.40676 ], [ -40.528743, -9.413483 ], [ -40.53785, -9.42016 ], [ -40.54141, -9.425599 ], [ -40.547995, -9.448575 ], [ -40.564813, -9.46359 ], [ -40.581134, -9.467227 ], [ -40.594751, -9.46695 ], [ -40.622793, -9.482478 ], [ -40.653304, -9.473082 ], [ -40.656395, -9.472489 ], [ -40.680948, -9.466802 ], [ -40.713074, -9.450288 ], [ -40.713298, -9.450051 ], [ -40.721805, -9.44553 ], [ -40.744944, -9.442932 ], [ -40.776376, -9.454033 ], [ -40.766915, -9.445285 ], [ -40.759221, -9.428657 ], [ -40.764601, -9.412798 ], [ -40.744858, -9.404205 ], [ -40.743119, -9.397863 ], [ -40.742167, -9.382895 ], [ -40.746105, -9.370634 ], [ -40.737729, -9.354826 ], [ -40.741029, -9.346366 ], [ -40.736913, -9.336453 ], [ -40.741933, -9.326792 ], [ -40.755215, -9.313126 ], [ -40.751215, -9.30761 ], [ -40.743608, -9.305807 ], [ -40.739068, -9.296171 ], [ -40.719715, -9.305479 ], [ -40.707917, -9.29566 ], [ -40.707035, -9.291236 ], [ -40.707215, -9.284929 ], [ -40.686861, -9.277915 ], [ -40.680775, -9.263065 ], [ -40.680111, -9.257274 ], [ -40.688863, -9.256568 ], [ -40.686082, -9.243137 ], [ -40.690633, -9.233646 ], [ -40.694127, -9.233038 ], [ -40.680331, -9.211782 ], [ -40.680189, -9.199888 ], [ -40.670271, -9.188291 ], [ -40.671719, -9.17197 ], [ -40.667023, -9.158643 ], [ -40.677356, -9.150829 ], [ -40.684721, -9.137194 ], [ -40.705822, -9.141589 ], [ -40.721899, -9.1334 ], [ -40.732164, -9.123589 ], [ -40.750012, -9.117469 ], [ -40.756687, -9.119427 ], [ -40.756411, -9.104561 ], [ -40.762797, -9.106524 ], [ -40.772418, -9.101404 ], [ -40.776887, -9.100252 ], [ -40.785722, -9.104771 ], [ -40.78909, -9.098531 ], [ -40.80373, -9.09792 ], [ -40.811584, -9.083982 ], [ -40.820634, -9.079475 ], [ -40.818773, -9.068679 ], [ -40.823215, -9.061697 ], [ -40.824857, -9.037771 ], [ -40.831834, -9.030748 ], [ -40.831699, -9.02314 ], [ -40.834638, -9.008278 ], [ -40.846469, -8.995125 ], [ -40.850583, -8.984803 ], [ -40.851222, -8.952084 ], [ -40.860948, -8.947602 ], [ -40.865904, -8.922974 ], [ -40.880859, -8.915213 ], [ -40.883068, -8.904441 ], [ -40.894667, -8.888678 ], [ -40.89603, -8.87061 ], [ -40.89967, -8.867199 ], [ -40.902187, -8.860658 ], [ -40.914604, -8.849109 ], [ -40.920962, -8.835016 ], [ -40.946008, -8.844583 ], [ -40.958664, -8.841567 ], [ -40.96053, -8.830345 ], [ -40.978718, -8.823003 ], [ -40.989383, -8.829026 ], [ -40.999974, -8.828384 ], [ -41.020865, -8.843147 ], [ -41.030944, -8.834544 ], [ -41.024584, -8.807313 ], [ -41.035859, -8.785462 ], [ -41.041943, -8.783606 ], [ -41.054422, -8.786503 ], [ -41.066303, -8.780634 ], [ -41.071081, -8.78274 ], [ -41.078166, -8.788359 ], [ -41.081693, -8.783925 ], [ -41.094484, -8.781414 ], [ -41.101385, -8.781551 ], [ -41.10558, -8.770138 ], [ -41.11078, -8.769677 ], [ -41.115512, -8.763251 ], [ -41.11264, -8.759313 ], [ -41.124193, -8.75226 ], [ -41.128613, -8.74298 ], [ -41.126464, -8.728514 ], [ -41.121339, -8.723909 ], [ -41.122825, -8.718294 ], [ -41.111546, -8.708304 ], [ -41.113333, -8.703384 ], [ -41.162522, -8.709573 ], [ -41.172054, -8.706796 ], [ -41.176028, -8.710781 ], [ -41.182059, -8.707406 ], [ -41.185616, -8.710233 ], [ -41.197185, -8.706107 ], [ -41.204554, -8.709074 ], [ -41.224888, -8.704257 ], [ -41.22979, -8.705951 ], [ -41.239464, -8.71045 ], [ -41.23819, -8.719318 ], [ -41.260246, -8.720303 ], [ -41.269605, -8.7306 ], [ -41.28116, -8.735687 ], [ -41.294606, -8.735132 ], [ -41.309557, -8.725719 ], [ -41.333973, -8.727249 ], [ -41.357958, -8.707207 ], [ -41.336539, -8.707944 ], [ -41.307565, -8.690174 ], [ -41.295774, -8.67207 ], [ -41.287056, -8.660426 ], [ -41.268348, -8.662812 ], [ -41.250941, -8.661196 ], [ -41.239113, -8.655414 ], [ -41.233412, -8.647202 ], [ -41.217419, -8.645608 ], [ -41.206167, -8.632883 ], [ -41.207617, -8.617957 ], [ -41.20737, -8.609859 ], [ -41.212252, -8.602225 ], [ -41.202501, -8.598864 ], [ -41.198189, -8.592065 ], [ -41.17953, -8.592855 ], [ -41.178252, -8.587965 ], [ -41.168949, -8.583203 ], [ -41.151941, -8.545639 ], [ -41.149117, -8.533505 ], [ -41.134251, -8.533127 ], [ -41.126357, -8.541544 ], [ -41.111088, -8.533219 ], [ -41.103696, -8.521957 ], [ -41.097582, -8.520339 ], [ -41.090114, -8.512214 ], [ -41.084308, -8.500547 ], [ -41.078551, -8.472092 ], [ -41.050723, -8.480062 ], [ -41.0476, -8.448635 ], [ -41.04755, -8.448321 ], [ -41.038615, -8.431418 ], [ -41.007005, -8.420518 ], [ -41.002981, -8.404609 ], [ -41.0003, -8.400315 ], [ -40.978855, -8.397837 ], [ -40.965183, -8.411718 ], [ -40.965134, -8.416048 ], [ -40.957503, -8.418987 ], [ -40.95672, -8.423056 ], [ -40.937719, -8.434569 ], [ -40.926477, -8.445933 ], [ -40.914024, -8.435828 ], [ -40.908634, -8.426918 ], [ -40.902476, -8.423038 ], [ -40.901475, -8.407547 ], [ -40.907241, -8.398576 ], [ -40.894145, -8.392092 ], [ -40.889496, -8.386339 ], [ -40.892292, -8.371382 ], [ -40.897372, -8.367507 ], [ -40.89279, -8.356956 ], [ -40.869607, -8.358128 ], [ -40.862124, -8.364581 ], [ -40.861416, -8.370244 ], [ -40.856972, -8.375234 ], [ -40.858217, -8.3792 ], [ -40.836192, -8.380388 ], [ -40.825053, -8.368086 ], [ -40.82491, -8.367927 ], [ -40.818945, -8.361946 ], [ -40.822303, -8.337312 ], [ -40.818029, -8.329734 ], [ -40.819136, -8.321498 ], [ -40.792415, -8.319621 ], [ -40.786061, -8.30603 ], [ -40.779507, -8.301522 ], [ -40.779717, -8.295862 ], [ -40.766413, -8.298871 ], [ -40.762724, -8.30808 ], [ -40.761829, -8.317842 ], [ -40.755772, -8.325939 ], [ -40.757603, -8.336522 ], [ -40.754849, -8.341862 ], [ -40.749096, -8.342166 ], [ -40.74229, -8.3367 ], [ -40.728178, -8.347085 ], [ -40.712758, -8.350316 ], [ -40.702842, -8.346898 ], [ -40.685749, -8.357663 ], [ -40.686181, -8.362896 ], [ -40.680692, -8.364799 ], [ -40.682095, -8.368987 ], [ -40.679036, -8.373 ], [ -40.663775, -8.368674 ], [ -40.657993, -8.371874 ], [ -40.658879, -8.378664 ], [ -40.648687, -8.380096 ], [ -40.645138, -8.380615 ], [ -40.640456, -8.374953 ], [ -40.630659, -8.375365 ], [ -40.629709, -8.371396 ], [ -40.625856, -8.372025 ], [ -40.620883, -8.367628 ], [ -40.609553, -8.371739 ], [ -40.606628, -8.366939 ], [ -40.600108, -8.367655 ], [ -40.596997, -8.363547 ], [ -40.591192, -8.367736 ], [ -40.585743, -8.36337 ], [ -40.572755, -8.362546 ], [ -40.565111, -8.36579 ], [ -40.562502, -8.372223 ], [ -40.543352, -8.376051 ], [ -40.539562, -8.383832 ], [ -40.532376, -8.38014 ], [ -40.534391, -8.376364 ], [ -40.52852, -8.36612 ], [ -40.512663, -8.370821 ], [ -40.502152, -8.365311 ], [ -40.494847, -8.369701 ], [ -40.489814, -8.363984 ], [ -40.484006, -8.365712 ], [ -40.476742, -8.361229 ], [ -40.468094, -8.365513 ], [ -40.462093, -8.360503 ], [ -40.451592, -8.364388 ], [ -40.438635, -8.377945 ], [ -40.435045, -8.389763 ], [ -40.421557, -8.403875 ], [ -40.4094, -8.401692 ], [ -40.405457, -8.408631 ], [ -40.397305, -8.407342 ], [ -40.394861, -8.415554 ], [ -40.386291, -8.41128 ], [ -40.381086, -8.414901 ], [ -40.380942, -8.421604 ], [ -40.374613, -8.428776 ], [ -40.36514, -8.432025 ], [ -40.367465, -8.436619 ], [ -40.359472, -8.447732 ], [ -40.359601, -8.463253 ], [ -40.353378, -8.467191 ], [ -40.357056, -8.481866 ], [ -40.354269, -8.489805 ], [ -40.358118, -8.495033 ], [ -40.350884, -8.508526 ], [ -40.340504, -8.517301 ] ] ] } },
{ "type": "Feature", "properties": { "HREG_ID": "26010", "HREG_NAME": "I Região de Saúde", "id": "260005", "name": "Abreu e Lima", "description": "Abreu e Lima", "MUN_ID": "260005", "UF": "PE", "MACRO_ID": "2607", "MACRO_NAME": "Metropolitana" }, "geometry": { "type": "MultiPolygon", "coordinates": [ [ [ [ -34.977074, -8.406358 ], [ -34.985164, -8.41029 ], [ -35.000611, -8.411136 ], [ -35.00556, -8.414282 ], [ -35.008233, -8.412088 ], [ -35.014504, -8.422892 ], [ -35.005472, -8.427341 ], [ -35.005813, -8.430917 ], [ -35.012182, -8.433139 ], [ -35.018561, -8.425264 ], [ -35.027939, -8.42673 ], [ -35.029554, -8.421107 ], [ -35.033565, -8.427541 ], [ -35.057023, -8.465192 ], [ -35.048859, -8.470018 ], [ -35.027711, -8.466038 ], [ -35.026764, -8.472857 ], [ -35.033404, -8.487106 ], [ -35.026321, -8.507178 ], [ -35.021801, -8.507924 ], [ -35.021439, -8.505265 ], [ -35.018916, -8.495973 ], [ -35.009535, -8.496073 ], [ -34.997933, -8.472718 ], [ -34.993949, -8.463458 ], [ -34.99537, -8.452163 ], [ -34.985397, -8.4603 ], [ -35.000371, -8.490862 ], [ -34.996266, -8.507613 ], [ -35.00188, -8.515764 ], [ -35.003708, -8.525758 ], [ -34.998922, -8.539151 ], [ -35.001665, -8.547084 ], [ -35.006104, -8.557674 ], [ -35.004412, -8.565564 ], [ -35.008967, -8.567147 ], [ -35.015689, -8.562683 ], [ -35.022958, -8.56503 ], [ -35.030186, -8.572879 ], [ -35.03689, -8.588927 ], [ -35.042772, -8.595453 ], [ -35.04304, -8.604511 ], [ -35.045978, -8.605515 ], [ -35.047035, -8.605388 ], [ -35.058059, -8.602481 ], [ -35.064968, -8.59642 ], [ -35.063127, -8.593436 ], [ -35.068996, -8.583676 ], [ -35.073063, -8.582197 ], [ -35.071582, -8.579528 ], [ -35.06961, -8.566554 ], [ -35.074475, -8.55886 ], [ -35.080519, -8.556011 ], [ -35.08263, -8.546044 ], [ -35.07562, -8.536427 ], [ -35.076483, -8.530666 ], [ -35.090318, -8.524614 ], [ -35.117712, -8.516194 ], [ -35.125541, -8.513787 ], [ -35.128935, -8.511677 ], [ -35.142076, -8.500136 ], [ -35.144003, -8.48992 ], [ -35.152911, -8.487413 ], [ -35.162926, -8.48542 ], [ -35.167628, -8.478143 ], [ -35.191781, -8.478463 ], [ -35.202673, -8.478607 ], [ -35.228924, -8.43644 ], [ -35.229956, -8.434853 ], [ -35.235683, -8.421724 ], [ -35.237728, -8.417035 ], [ -35.225444, -8.404862 ], [ -35.19673, -8.379624 ], [ -35.192648, -8.376055 ], [ -35.192713, -8.359108 ], [ -35.189945, -8.354365 ], [ -35.181544, -8.352698 ], [ -35.169457, -8.352991 ], [ -35.153724, -8.320431 ], [ -35.139825, -8.309517 ], [ -35.148628, -8.299092 ], [ -35.146779, -8.29296 ], [ -35.145516, -8.288773 ], [ -35.151062, -8.279383 ], [ -35.195473, -8.29728 ], [ -35.200991, -8.293525 ], [ -35.203999, -8.29564 ], [ -35.204862, -8.290226 ], [ -35.210149, -8.287117 ], [ -35.218392, -8.290673 ], [ -35.228579, -8.294237 ], [ -35.233472, -8.291595 ], [ -35.237715, -8.291858 ], [ -35.236718, -8.280621 ], [ -35.238388, -8.271522 ], [ -35.249686, -8.277793 ], [ -35.252352, -8.263574 ], [ -35.258676, -8.264393 ], [ -35.264561, -8.255263 ], [ -35.264505, -8.242434 ], [ -35.264631, -8.242652 ], [ -35.275992, -8.284763 ], [ -35.268796, -8.29565 ], [ -35.291467, -8.304336 ], [ -35.300003, -8.307608 ], [ -35.302897, -8.306786 ], [ -35.339112, -8.29434 ], [ -35.358704, -8.300223 ], [ -35.360034, -8.297705 ], [ -35.366083, -8.298587 ], [ -35.370299, -8.298002 ], [ -35.373703, -8.288082 ], [ -35.364976, -8.278102 ], [ -35.367005, -8.274393 ], [ -35.372788, -8.277131 ], [ -35.375194, -8.274649 ], [ -35.376906, -8.268437 ], [ -35.383979, -8.265932 ], [ -35.387241, -8.260281 ], [ -35.40175, -8.256585 ], [ -35.414175, -8.267819 ], [ -35.423252, -8.26552 ], [ -35.425798, -8.254285 ], [ -35.428685, -8.252947 ], [ -35.43389, -8.256834 ], [ -35.439065, -8.252224 ], [ -35.444901, -8.249823 ], [ -35.44976, -8.252792 ], [ -35.454329, -8.253582 ], [ -35.460362, -8.265262 ], [ -35.465869, -8.260864 ], [ -35.466182, -8.260707 ], [ -35.47033, -8.269412 ], [ -35.479691, -8.274814 ], [ -35.485171, -8.279358 ], [ -35.492043, -8.301098 ], [ -35.496562, -8.281178 ], [ -35.498746, -8.271547 ], [ -35.499276, -8.269207 ], [ -35.500677, -8.263021 ], [ -35.507726, -8.231908 ], [ -35.510158, -8.221159 ], [ -35.497872, -8.205129 ], [ -35.49053, -8.205522 ], [ -35.483344, -8.202415 ], [ -35.482788, -8.197204 ], [ -35.491612, -8.187931 ], [ -35.489916, -8.182136 ], [ -35.468441, -8.17382 ], [ -35.45559, -8.17315 ], [ -35.448671, -8.169449 ], [ -35.447354, -8.164831 ], [ -35.443816, -8.15243 ], [ -35.44358, -8.151603 ], [ -35.43853, -8.126549 ], [ -35.44567, -8.122577 ], [ -35.447323, -8.121655 ], [ -35.478948, -8.104051 ], [ -35.46218, -8.09342 ], [ -35.462053, -8.093327 ], [ -35.45658, -8.089331 ], [ -35.439422, -8.079596 ], [ -35.429308, -8.080809 ], [ -35.439511, -8.039084 ], [ -35.465288, -8.030726 ], [ -35.465337, -8.021543 ], [ -35.459731, -8.012849 ], [ -35.461238, -8.000204 ], [ -35.455091, -7.993554 ], [ -35.456912, -7.988545 ], [ -35.43613, -7.992872 ], [ -35.423721, -7.995455 ], [ -35.415208, -7.997228 ], [ -35.387114, -8.002905 ], [ -35.348496, -7.974252 ], [ -35.348116, -7.973971 ], [ -35.333681, -7.963264 ], [ -35.319247, -7.952559 ], [ -35.304135, -7.941233 ], [ -35.300325, -7.936646 ], [ -35.297177, -7.938388 ], [ -35.290819, -7.937986 ], [ -35.254135, -7.946032 ], [ -35.229788, -7.955761 ], [ -35.217028, -7.960868 ], [ -35.205626, -7.965429 ], [ -35.180107, -7.977342 ], [ -35.173425, -7.971159 ], [ -35.166174, -7.977723 ], [ -35.163895, -7.971421 ], [ -35.157736, -7.97361 ], [ -35.155826, -7.970989 ], [ -35.141065, -7.97191 ], [ -35.130064, -7.975489 ], [ -35.11724, -7.973611 ], [ -35.112094, -7.968579 ], [ -35.097777, -7.972477 ], [ -35.087308, -7.964699 ], [ -35.076785, -7.959845 ], [ -35.075521, -7.950381 ], [ -35.050968, -7.944881 ], [ -35.044709, -7.94973 ], [ -35.035105, -7.94115 ], [ -35.026939, -7.933855 ], [ -35.031577, -7.926613 ], [ -35.045696, -7.909882 ], [ -35.061969, -7.903782 ], [ -35.063833, -7.900112 ], [ -35.064631, -7.899019 ], [ -35.066111, -7.898494 ], [ -35.073579, -7.899173 ], [ -35.097941, -7.882561 ], [ -35.111784, -7.85718 ], [ -35.122859, -7.849969 ], [ -35.13974, -7.794041 ], [ -35.137754, -7.790528 ], [ -35.135623, -7.786758 ], [ -35.109884, -7.748817 ], [ -35.110195, -7.735428 ], [ -35.105329, -7.726154 ], [ -35.099194, -7.722403 ], [ -35.097805, -7.71477 ], [ -35.046366, -7.743248 ], [ -35.040718, -7.743502 ], [ -34.998814, -7.730835 ], [ -34.98257, -7.735 ], [ -34.976708, -7.733354 ], [ -34.971428, -7.728677 ], [ -34.961651, -7.707908 ], [ -34.937673, -7.704716 ], [ -34.927661, -7.699353 ], [ -34.9224, -7.69125 ], [ -34.897912, -7.682905 ], [ -34.898395, -7.687205 ], [ -34.895291, -7.687175 ], [ -34.895889, -7.690915 ], [ -34.890313, -7.694186 ], [ -34.896697, -7.699247 ], [ -34.895801, -7.703438 ], [ -34.886306, -7.712858 ], [ -34.878418, -7.710037 ], [ -34.863855, -7.712938 ], [ -34.853235, -7.692199 ], [ -34.852186, -7.690103 ], [ -34.847057, -7.688343 ], [ -34.845986, -7.688283 ], [ -34.84188, -7.695012 ], [ -34.83131, -7.700129 ], [ -34.833406, -7.711139 ], [ -34.830768, -7.726243 ], [ -34.825763, -7.726166 ], [ -34.822684, -7.743256 ], [ -34.837291, -7.791572 ], [ -34.836211, -7.809639 ], [ -34.847017, -7.812163 ], [ -34.847383, -7.815604 ], [ -34.841742, -7.826934 ], [ -34.84432, -7.836652 ], [ -34.840465, -7.844036 ], [ -34.836457, -7.844484 ], [ -34.832549, -7.873359 ], [ -34.823769, -7.886557 ], [ -34.823656, -7.906528 ], [ -34.819324, -7.917353 ], [ -34.828391, -7.958225 ], [ -34.837031, -7.988927 ], [ -34.837529, -8.005711 ], [ -34.862815, -8.036265 ], [ -34.864334, -8.03954 ], [ -34.860282, -8.04422 ], [ -34.860281, -8.044221 ], [ -34.859266, -8.048212 ], [ -34.879566, -8.090033 ], [ -34.911845, -8.162209 ], [ -34.918168, -8.184551 ], [ -34.916265, -8.207656 ], [ -34.924501, -8.224195 ], [ -34.921231, -8.223038 ], [ -34.919668, -8.226725 ], [ -34.939833, -8.25409 ], [ -34.943848, -8.279427 ], [ -34.949764, -8.289792 ], [ -34.950195, -8.296872 ], [ -34.939105, -8.302664 ], [ -34.951101, -8.337162 ], [ -34.948238, -8.342595 ], [ -34.941952, -8.343078 ], [ -34.940266, -8.351358 ], [ -34.946296, -8.358636 ], [ -34.954937, -8.354728 ], [ -34.960914, -8.36563 ], [ -34.951926, -8.375321 ], [ -34.967117, -8.409367 ], [ -34.977074, -8.406358 ] ] ], [ [ [ -35.007993, -8.444225 ], [ -34.999996, -8.445246 ], [ -34.999634, -8.45036 ], [ -35.006695, -8.457406 ], [ -35.026905, -8.455387 ], [ -35.025973, -8.45067 ], [ -35.031085, -8.440004 ], [ -35.011568, -8.436881 ], [ -35.007993, -8.444225 ] ] ], [ [ [ -32.419579, -3.868779 ], [ -32.426301, -3.866417 ], [ -32.422883, -3.872663 ], [ -32.424772, -3.878967 ], [ -32.427577, -3.871042 ], [ -32.435467, -3.869475 ], [ -32.452827, -3.875287 ], [ -32.457441, -3.881228 ], [ -32.461883, -3.877479 ], [ -32.46447, -3.88081 ], [ -32.47644, -3.874631 ], [ -32.467469, -3.876606 ], [ -32.460607, -3.872507 ], [ -32.456136, -3.86422 ], [ -32.448301, -3.862409 ], [ -32.449024, -3.856243 ], [ -32.446691, -3.853127 ], [ -32.4438, -3.854299 ], [ -32.443219, -3.850526 ], [ -32.410327, -3.836603 ], [ -32.403469, -3.836267 ], [ -32.399354, -3.830063 ], [ -32.397411, -3.833059 ], [ -32.400245, -3.838116 ], [ -32.39219, -3.85127 ], [ -32.396551, -3.852079 ], [ -32.397467, -3.856467 ], [ -32.408912, -3.856237 ], [ -32.411077, -3.8643 ], [ -32.417133, -3.863114 ], [ -32.419579, -3.868779 ] ] ] ] } },
{ "type": "Feature", "properties": { "HREG_ID": "26011", "HREG_NAME": "VII Região de Saúde", "id": "260160", "name": "Belém de São Francisco", "description": "Belém de São Francisco", "MUN_ID": "260160", "UF": "PE", "MACRO_ID": "2605", "MACRO_NAME": "Vale do S.francisco e Araripe" }, "geometry": { "type": "Polygon", "coordinates": [ [ [ -38.878217, -8.373882 ], [ -38.872718, -8.389524 ], [ -38.874658, -8.395311 ], [ -38.868452, -8.401423 ], [ -38.869845, -8.408407 ], [ -38.858938, -8.414327 ], [ -38.846268, -8.433694 ], [ -38.846142, -8.434405 ], [ -38.846095, -8.434663 ], [ -38.840099, -8.440284 ], [ -38.842949, -8.44522 ], [ -38.849026, -8.467201 ], [ -38.837541, -8.480204 ], [ -38.836037, -8.476473 ], [ -38.831939, -8.47673 ], [ -38.831746, -8.492669 ], [ -38.828926, -8.494237 ], [ -38.830947, -8.497017 ], [ -38.833676, -8.507309 ], [ -38.817253, -8.504972 ], [ -38.805925, -8.51248 ], [ -38.798536, -8.513628 ], [ -38.794915, -8.520189 ], [ -38.791175, -8.525879 ], [ -38.782187, -8.529277 ], [ -38.776514, -8.53587 ], [ -38.773545, -8.548278 ], [ -38.775842, -8.553922 ], [ -38.766019, -8.56271 ], [ -38.766108, -8.569404 ], [ -38.756725, -8.574721 ], [ -38.743613, -8.573947 ], [ -38.706005, -8.586941 ], [ -38.667777, -8.594983 ], [ -38.662254, -8.60193 ], [ -38.65249, -8.599129 ], [ -38.65083, -8.601619 ], [ -38.65592, -8.606625 ], [ -38.64998, -8.608555 ], [ -38.65106, -8.613151 ], [ -38.636468, -8.613979 ], [ -38.63005, -8.616566 ], [ -38.628886, -8.620613 ], [ -38.744618, -8.66068 ], [ -38.843193, -8.695366 ], [ -38.845201, -8.714897 ], [ -38.854441, -8.728885 ], [ -38.850557, -8.739618 ], [ -38.851892, -8.762055 ], [ -38.848454, -8.767148 ], [ -38.856896, -8.774991 ], [ -38.854576, -8.784111 ], [ -38.867747, -8.78345 ], [ -38.884412, -8.789189 ], [ -38.92458, -8.794332 ], [ -38.943335, -8.80382 ], [ -38.953585, -8.803647 ], [ -38.964774, -8.793866 ], [ -38.977074, -8.792671 ], [ -38.991553, -8.767136 ], [ -39.014299, -8.753452 ], [ -39.029848, -8.738069 ], [ -39.042445, -8.732933 ], [ -39.064327, -8.731185 ], [ -39.089782, -8.723498 ], [ -39.113676, -8.717656 ], [ -39.125793, -8.715299 ], [ -39.153445, -8.70816 ], [ -39.16921, -8.691624 ], [ -39.173686, -8.70093 ], [ -39.180636, -8.705886 ], [ -39.200421, -8.710573 ], [ -39.217271, -8.708045 ], [ -39.221881, -8.711252 ], [ -39.228162, -8.7099 ], [ -39.233908, -8.704921 ], [ -39.244492, -8.685585 ], [ -39.247658, -8.668353 ], [ -39.246302, -8.647176 ], [ -39.241286, -8.641338 ], [ -39.243511, -8.631268 ], [ -39.244013, -8.63034 ], [ -39.252862, -8.61957 ], [ -39.266119, -8.610526 ], [ -39.272338, -8.59608 ], [ -39.272263, -8.583377 ], [ -39.266191, -8.578999 ], [ -39.264568, -8.576993 ], [ -39.240796, -8.54067 ], [ -39.240572, -8.539966 ], [ -39.235303, -8.536028 ], [ -39.229348, -8.542424 ], [ -39.219522, -8.531981 ], [ -39.210841, -8.532046 ], [ -39.209079, -8.527269 ], [ -39.214234, -8.521761 ], [ -39.200329, -8.511001 ], [ -39.192047, -8.51539 ], [ -39.183397, -8.510282 ], [ -39.173262, -8.513736 ], [ -39.175595, -8.503967 ], [ -39.166183, -8.497799 ], [ -39.160119, -8.503548 ], [ -39.151844, -8.50358 ], [ -39.152047, -8.510812 ], [ -39.148075, -8.515863 ], [ -39.144978, -8.509937 ], [ -39.134326, -8.507308 ], [ -39.134445, -8.503135 ], [ -39.124761, -8.496029 ], [ -39.129523, -8.486866 ], [ -39.122754, -8.478852 ], [ -39.110374, -8.479279 ], [ -39.115862, -8.468601 ], [ -39.112724, -8.465199 ], [ -39.105332, -8.46561 ], [ -39.101599, -8.462615 ], [ -39.100566, -8.460135 ], [ -39.105118, -8.457353 ], [ -39.101458, -8.451514 ], [ -39.095284, -8.447798 ], [ -39.088033, -8.448798 ], [ -39.088153, -8.442506 ], [ -39.083632, -8.442054 ], [ -39.082811, -8.433192 ], [ -39.089668, -8.42956 ], [ -39.089106, -8.422105 ], [ -39.082079, -8.413368 ], [ -39.068906, -8.415111 ], [ -39.062631, -8.409877 ], [ -39.066679, -8.404738 ], [ -39.062628, -8.396551 ], [ -39.067225, -8.389941 ], [ -39.066276, -8.385315 ], [ -39.051477, -8.384439 ], [ -39.046838, -8.379506 ], [ -39.046164, -8.379249 ], [ -39.123988, -8.306169 ], [ -39.17824, -8.255156 ], [ -39.186985, -8.246927 ], [ -39.208372, -8.226798 ], [ -39.23238, -8.218901 ], [ -39.249134, -8.213387 ], [ -39.260309, -8.21897 ], [ -39.284068, -8.221336 ], [ -39.301439, -8.226919 ], [ -39.313421, -8.191836 ], [ -39.315636, -8.185351 ], [ -39.317316, -8.182121 ], [ -39.329695, -8.186733 ], [ -39.336806, -8.184454 ], [ -39.336104, -8.194267 ], [ -39.34129, -8.198882 ], [ -39.348599, -8.198717 ], [ -39.349959, -8.203634 ], [ -39.353651, -8.203344 ], [ -39.356155, -8.19635 ], [ -39.365868, -8.202853 ], [ -39.371489, -8.214609 ], [ -39.377262, -8.217653 ], [ -39.371293, -8.221428 ], [ -39.372276, -8.22477 ], [ -39.373134, -8.230073 ], [ -39.377271, -8.237628 ], [ -39.378815, -8.243105 ], [ -39.36927, -8.248783 ], [ -39.37715, -8.25433 ], [ -39.378685, -8.259145 ], [ -39.385238, -8.253007 ], [ -39.391328, -8.252622 ], [ -39.393946, -8.247563 ], [ -39.406944, -8.246561 ], [ -39.413901, -8.239899 ], [ -39.424897, -8.245379 ], [ -39.43005, -8.242731 ], [ -39.44699, -8.245516 ], [ -39.453015, -8.241599 ], [ -39.459208, -8.242261 ], [ -39.463794, -8.237762 ], [ -39.460938, -8.233931 ], [ -39.469732, -8.218521 ], [ -39.481533, -8.222434 ], [ -39.482621, -8.219153 ], [ -39.492286, -8.217452 ], [ -39.496473, -8.212227 ], [ -39.499998, -8.218019 ], [ -39.513403, -8.213304 ], [ -39.524472, -8.216383 ], [ -39.541847, -8.205785 ], [ -39.54605, -8.19599 ], [ -39.484387, -8.147908 ], [ -39.484233, -8.147788 ], [ -39.466719, -8.137677 ], [ -39.452046, -8.143737 ], [ -39.446467, -8.140497 ], [ -39.435042, -8.150442 ], [ -39.424775, -8.148917 ], [ -39.425794, -8.145064 ], [ -39.429393, -8.14191 ], [ -39.425013, -8.13492 ], [ -39.430917, -8.126443 ], [ -39.430819, -8.119964 ], [ -39.413307, -8.118949 ], [ -39.41344, -8.111075 ], [ -39.407343, -8.108569 ], [ -39.40933, -8.102502 ], [ -39.405518, -8.099273 ], [ -39.399254, -8.08665 ], [ -39.398077, -8.073641 ], [ -39.390751, -8.07455 ], [ -39.38749, -8.068128 ], [ -39.380541, -8.066613 ], [ -39.366389, -8.050392 ], [ -39.438794, -8.058849 ], [ -39.452895, -8.060512 ], [ -39.459652, -8.055664 ], [ -39.467017, -8.055806 ], [ -39.482475, -8.039541 ], [ -39.481508, -8.035795 ], [ -39.479873, -8.027305 ], [ -39.486426, -8.005956 ], [ -39.4848, -8.000371 ], [ -39.464471, -7.976389 ], [ -39.460549, -7.960761 ], [ -39.453444, -7.951126 ], [ -39.558592, -7.984736 ], [ -39.568589, -7.987931 ], [ -39.565031, -7.973356 ], [ -39.571203, -7.968434 ], [ -39.567718, -7.962582 ], [ -39.570903, -7.955449 ], [ -39.566447, -7.949731 ], [ -39.576791, -7.936335 ], [ -39.558393, -7.924557 ], [ -39.556969, -7.910525 ], [ -39.559813, -7.903195 ], [ -39.566147, -7.902404 ], [ -39.571178, -7.895142 ], [ -39.571706, -7.879633 ], [ -39.565367, -7.875542 ], [ -39.573275, -7.870394 ], [ -39.566271, -7.85618 ], [ -39.562656, -7.855778 ], [ -39.565379, -7.854275 ], [ -39.559815, -7.853329 ], [ -39.559776, -7.850697 ], [ -39.573689, -7.832161 ], [ -39.57324, -7.821685 ], [ -39.561789, -7.815771 ], [ -39.572005, -7.804596 ], [ -39.569227, -7.791451 ], [ -39.576234, -7.782768 ], [ -39.590976, -7.775103 ], [ -39.587899, -7.769805 ], [ -39.589949, -7.765335 ], [ -39.581644, -7.758172 ], [ -39.577766, -7.760177 ], [ -39.573629, -7.743567 ], [ -39.570242, -7.743784 ], [ -39.567628, -7.736149 ], [ -39.549978, -7.74196 ], [ -39.530776, -7.741556 ], [ -39.520678, -7.737759 ], [ -39.518492, -7.743675 ], [ -39.511464, -7.739039 ], [ -39.511452, -7.729185 ], [ -39.500912, -7.725468 ], [ -39.502387, -7.72149 ], [ -39.508942, -7.707047 ], [ -39.508645, -7.697467 ], [ -39.501657, -7.689029 ], [ -39.501278, -7.679182 ], [ -39.494649, -7.67667 ], [ -39.492578, -7.669094 ], [ -39.480027, -7.667193 ], [ -39.454597, -7.653676 ], [ -39.449256, -7.653559 ], [ -39.447539, -7.659003 ], [ -39.442341, -7.658839 ], [ -39.392486, -7.616579 ], [ -39.391648, -7.615786 ], [ -39.383612, -7.608164 ], [ -39.372335, -7.613761 ], [ -39.36762, -7.623504 ], [ -39.354438, -7.629721 ], [ -39.342484, -7.635211 ], [ -39.338084, -7.64424 ], [ -39.331726, -7.64776 ], [ -39.331632, -7.647801 ], [ -39.32108, -7.653819 ], [ -39.311029, -7.65483 ], [ -39.305207, -7.665525 ], [ -39.283392, -7.663801 ], [ -39.272042, -7.659726 ], [ -39.266036, -7.664358 ], [ -39.264979, -7.669424 ], [ -39.251679, -7.678464 ], [ -39.250672, -7.680512 ], [ -39.247104, -7.690241 ], [ -39.250029, -7.698036 ], [ -39.252205, -7.704523 ], [ -39.243813, -7.704936 ], [ -39.234379, -7.696394 ], [ -39.222383, -7.696396 ], [ -39.207976, -7.689073 ], [ -39.189865, -7.698514 ], [ -39.188994, -7.699706 ], [ -39.180775, -7.70907 ], [ -39.170643, -7.714833 ], [ -39.14619, -7.717858 ], [ -39.143354, -7.718139 ], [ -39.133594, -7.72487 ], [ -39.123495, -7.742838 ], [ -39.105996, -7.759818 ], [ -39.102259, -7.77063 ], [ -39.099976, -7.7753 ], [ -39.101558, -7.786042 ], [ -39.090197, -7.809196 ], [ -39.091362, -7.824404 ], [ -39.087459, -7.835763 ], [ -39.095409, -7.846027 ], [ -39.095078, -7.852855 ], [ -39.09094, -7.857774 ], [ -39.064522, -7.839096 ], [ -39.053398, -7.818896 ], [ -39.026036, -7.824227 ], [ -39.017684, -7.812258 ], [ -39.013334, -7.812465 ], [ -39.004231, -7.835527 ], [ -39.001051, -7.839717 ], [ -38.981887, -7.845717 ], [ -38.974282, -7.842566 ], [ -38.965845, -7.845225 ], [ -38.961757, -7.843766 ], [ -38.963714, -7.85305 ], [ -38.963466, -7.856498 ], [ -38.955672, -7.864753 ], [ -38.952026, -7.887228 ], [ -38.937402, -7.898676 ], [ -38.934144, -7.904959 ], [ -38.929685, -7.915864 ], [ -38.911086, -7.927616 ], [ -38.908193, -7.948613 ], [ -38.90745, -7.955657 ], [ -38.890152, -7.963588 ], [ -38.890206, -7.973746 ], [ -38.883853, -7.978718 ], [ -38.881038, -7.991853 ], [ -38.874255, -7.996437 ], [ -38.877407, -8.009788 ], [ -38.851744, -8.0132 ], [ -38.830028, -8.016086 ], [ -38.776643, -8.003226 ], [ -38.760108, -8.011475 ], [ -38.738293, -8.022355 ], [ -38.728974, -8.030533 ], [ -38.70012, -8.053994 ], [ -38.697725, -8.063379 ], [ -38.691545, -8.065669 ], [ -38.693042, -8.075191 ], [ -38.688053, -8.099024 ], [ -38.669245, -8.101877 ], [ -38.669838, -8.108437 ], [ -38.663078, -8.112553 ], [ -38.657328, -8.129002 ], [ -38.649541, -8.135478 ], [ -38.634818, -8.144815 ], [ -38.627933, -8.136831 ], [ -38.607078, -8.143038 ], [ -38.600316, -8.139409 ], [ -38.597897, -8.131909 ], [ -38.588972, -8.127692 ], [ -38.582923, -8.139487 ], [ -38.536215, -8.230472 ], [ -38.529902, -8.236828 ], [ -38.525545, -8.237073 ], [ -38.529767, -8.238574 ], [ -38.529936, -8.246217 ], [ -38.535488, -8.251126 ], [ -38.541583, -8.248309 ], [ -38.548827, -8.250807 ], [ -38.549312, -8.259033 ], [ -38.555169, -8.263029 ], [ -38.55332, -8.269939 ], [ -38.553495, -8.271549 ], [ -38.549099, -8.287906 ], [ -38.57075, -8.298951 ], [ -38.576968, -8.296646 ], [ -38.587403, -8.303387 ], [ -38.606694, -8.304748 ], [ -38.613676, -8.309995 ], [ -38.619225, -8.308139 ], [ -38.628207, -8.310419 ], [ -38.643266, -8.30288 ], [ -38.652549, -8.288586 ], [ -38.677231, -8.280067 ], [ -38.679854, -8.275702 ], [ -38.697318, -8.267686 ], [ -38.700894, -8.262302 ], [ -38.719605, -8.257617 ], [ -38.731214, -8.249812 ], [ -38.73895, -8.244611 ], [ -38.748292, -8.243359 ], [ -38.748803, -8.243291 ], [ -38.812178, -8.234794 ], [ -38.816662, -8.244781 ], [ -38.837025, -8.267139 ], [ -38.838751, -8.274549 ], [ -38.850554, -8.285752 ], [ -38.857586, -8.286257 ], [ -38.860691, -8.291771 ], [ -38.892866, -8.313497 ], [ -38.910807, -8.330039 ], [ -38.888499, -8.348724 ], [ -38.88702, -8.354178 ], [ -38.886306, -8.367633 ], [ -38.878217, -8.373882 ] ] ] } },
{ "type": "Feature", "properties": { "HREG_ID": "26012", "HREG_NAME": "XI Região de Saúde", "id": "260180", "name": "Betânia", "description": "Betânia", "MUN_ID": "260180", "UF": "PE", "MACRO_ID": "2606", "MACRO_NAME": "Sertão" }, "geometry": { "type": "MultiPolygon", "coordinates": [ [ [ [ -38.54968, -8.711516 ], [ -38.53342, -8.797041 ], [ -38.533438, -8.812572 ], [ -38.540786, -8.82307 ], [ -38.554713, -8.822941 ], [ -38.572491, -8.831932 ], [ -38.603469, -8.880174 ], [ -38.607231, -8.892847 ], [ -38.608885, -8.954704 ], [ -38.623743, -8.979629 ], [ -38.63033, -8.98475 ], [ -38.640355, -8.986851 ], [ -38.665401, -8.977715 ], [ -38.674027, -8.97134 ], [ -38.68979, -8.94486 ], [ -38.693445, -8.931472 ], [ -38.693272, -8.918287 ], [ -38.695715, -8.890109 ], [ -38.706188, -8.861844 ], [ -38.711159, -8.857974 ], [ -38.716741, -8.852735 ], [ -38.739327, -8.844431 ], [ -38.756298, -8.830789 ], [ -38.788359, -8.799242 ], [ -38.803713, -8.788765 ], [ -38.854576, -8.784111 ], [ -38.856896, -8.774991 ], [ -38.848454, -8.767148 ], [ -38.851892, -8.762055 ], [ -38.850557, -8.739618 ], [ -38.854441, -8.728885 ], [ -38.845201, -8.714897 ], [ -38.843193, -8.695366 ], [ -38.744618, -8.66068 ], [ -38.628886, -8.620613 ], [ -38.63005, -8.616566 ], [ -38.636468, -8.613979 ], [ -38.65106, -8.613151 ], [ -38.64998, -8.608555 ], [ -38.65592, -8.606625 ], [ -38.65083, -8.601619 ], [ -38.65249, -8.599129 ], [ -38.662254, -8.60193 ], [ -38.667777, -8.594983 ], [ -38.706005, -8.586941 ], [ -38.743613, -8.573947 ], [ -38.756725, -8.574721 ], [ -38.766108, -8.569404 ], [ -38.766019, -8.56271 ], [ -38.775842, -8.553922 ], [ -38.773545, -8.548278 ], [ -38.776514, -8.53587 ], [ -38.782187, -8.529277 ], [ -38.791175, -8.525879 ], [ -38.794915, -8.520189 ], [ -38.798536, -8.513628 ], [ -38.805925, -8.51248 ], [ -38.817253, -8.504972 ], [ -38.833676, -8.507309 ], [ -38.830947, -8.497017 ], [ -38.828926, -8.494237 ], [ -38.831746, -8.492669 ], [ -38.831939, -8.47673 ], [ -38.836037, -8.476473 ], [ -38.837541, -8.480204 ], [ -38.849026, -8.467201 ], [ -38.842949, -8.44522 ], [ -38.840099, -8.440284 ], [ -38.846095, -8.434663 ], [ -38.846142, -8.434405 ], [ -38.846268, -8.433694 ], [ -38.858938, -8.414327 ], [ -38.869845, -8.408407 ], [ -38.868452, -8.401423 ], [ -38.874658, -8.395311 ], [ -38.872718, -8.389524 ], [ -38.878217, -8.373882 ], [ -38.886306, -8.367633 ], [ -38.88702, -8.354178 ], [ -38.888499, -8.348724 ], [ -38.910807, -8.330039 ], [ -38.892866, -8.313497 ], [ -38.860691, -8.291771 ], [ -38.857586, -8.286257 ], [ -38.850554, -8.285752 ], [ -38.838751, -8.274549 ], [ -38.837025, -8.267139 ], [ -38.816662, -8.244781 ], [ -38.812178, -8.234794 ], [ -38.748803, -8.243291 ], [ -38.748292, -8.243359 ], [ -38.73895, -8.244611 ], [ -38.731214, -8.249812 ], [ -38.719605, -8.257617 ], [ -38.700894, -8.262302 ], [ -38.697318, -8.267686 ], [ -38.679854, -8.275702 ], [ -38.677231, -8.280067 ], [ -38.652549, -8.288586 ], [ -38.643266, -8.30288 ], [ -38.628207, -8.310419 ], [ -38.619225, -8.308139 ], [ -38.613676, -8.309995 ], [ -38.606694, -8.304748 ], [ -38.587403, -8.303387 ], [ -38.576968, -8.296646 ], [ -38.57075, -8.298951 ], [ -38.549099, -8.287906 ], [ -38.553495, -8.271549 ], [ -38.55332, -8.269939 ], [ -38.555169, -8.263029 ], [ -38.549312, -8.259033 ], [ -38.548827, -8.250807 ], [ -38.541583, -8.248309 ], [ -38.535488, -8.251126 ], [ -38.529936, -8.246217 ], [ -38.529767, -8.238574 ], [ -38.525545, -8.237073 ], [ -38.529902, -8.236828 ], [ -38.536215, -8.230472 ], [ -38.582923, -8.139487 ], [ -38.588972, -8.127692 ], [ -38.597897, -8.131909 ], [ -38.600316, -8.139409 ], [ -38.607078, -8.143038 ], [ -38.627933, -8.136831 ], [ -38.634818, -8.144815 ], [ -38.649541, -8.135478 ], [ -38.657328, -8.129002 ], [ -38.663078, -8.112553 ], [ -38.669838, -8.108437 ], [ -38.669245, -8.101877 ], [ -38.688053, -8.099024 ], [ -38.693042, -8.075191 ], [ -38.691545, -8.065669 ], [ -38.697725, -8.063379 ], [ -38.70012, -8.053994 ], [ -38.728974, -8.030533 ], [ -38.738293, -8.022355 ], [ -38.760108, -8.011475 ], [ -38.776643, -8.003226 ], [ -38.830028, -8.016086 ], [ -38.851744, -8.0132 ], [ -38.877407, -8.009788 ], [ -38.874255, -7.996437 ], [ -38.881038, -7.991853 ], [ -38.883853, -7.978718 ], [ -38.890206, -7.973746 ], [ -38.890152, -7.963588 ], [ -38.90745, -7.955657 ], [ -38.908193, -7.948613 ], [ -38.911086, -7.927616 ], [ -38.929685, -7.915864 ], [ -38.934144, -7.904959 ], [ -38.937402, -7.898676 ], [ -38.952026, -7.887228 ], [ -38.955672, -7.864753 ], [ -38.963466, -7.856498 ], [ -38.963714, -7.85305 ], [ -38.961757, -7.843766 ], [ -38.959004, -7.837855 ], [ -38.964583, -7.82942 ], [ -38.953692, -7.821109 ], [ -38.952498, -7.810137 ], [ -38.939608, -7.794697 ], [ -38.946026, -7.780989 ], [ -38.940666, -7.771005 ], [ -38.941608, -7.762735 ], [ -38.941491, -7.762094 ], [ -38.939221, -7.758365 ], [ -38.933695, -7.758422 ], [ -38.92727, -7.753398 ], [ -38.919862, -7.754159 ], [ -38.915754, -7.75813 ], [ -38.917891, -7.746759 ], [ -38.915221, -7.744079 ], [ -38.899997, -7.744468 ], [ -38.894454, -7.750045 ], [ -38.881041, -7.747024 ], [ -38.880496, -7.743564 ], [ -38.880765, -7.741217 ], [ -38.880829, -7.740664 ], [ -38.880557, -7.724557 ], [ -38.869388, -7.711134 ], [ -38.851389, -7.71553 ], [ -38.845746, -7.720007 ], [ -38.834126, -7.71926 ], [ -38.827753, -7.719207 ], [ -38.821606, -7.714387 ], [ -38.814668, -7.696983 ], [ -38.814749, -7.687572 ], [ -38.823885, -7.677937 ], [ -38.819334, -7.66442 ], [ -38.815471, -7.66365 ], [ -38.811836, -7.66839 ], [ -38.792135, -7.667689 ], [ -38.790392, -7.670742 ], [ -38.78576, -7.668182 ], [ -38.779715, -7.661172 ], [ -38.775074, -7.662026 ], [ -38.760257, -7.655593 ], [ -38.754112, -7.659335 ], [ -38.742447, -7.659914 ], [ -38.741467, -7.647966 ], [ -38.734611, -7.63905 ], [ -38.735243, -7.633718 ], [ -38.723372, -7.626477 ], [ -38.717239, -7.626481 ], [ -38.714757, -7.621512 ], [ -38.705053, -7.621636 ], [ -38.695638, -7.632395 ], [ -38.686386, -7.634632 ], [ -38.678618, -7.646151 ], [ -38.672429, -7.658388 ], [ -38.669585, -7.660076 ], [ -38.663242, -7.657115 ], [ -38.658312, -7.661905 ], [ -38.650355, -7.668156 ], [ -38.651058, -7.676674 ], [ -38.641729, -7.677229 ], [ -38.640963, -7.686056 ], [ -38.626084, -7.694318 ], [ -38.624975, -7.707911 ], [ -38.616363, -7.713083 ], [ -38.607614, -7.72554 ], [ -38.607222, -7.739071 ], [ -38.597384, -7.741627 ], [ -38.593273, -7.753941 ], [ -38.589604, -7.755274 ], [ -38.578677, -7.746191 ], [ -38.574473, -7.75393 ], [ -38.57175, -7.751066 ], [ -38.559777, -7.756684 ], [ -38.545837, -7.749042 ], [ -38.529329, -7.7547 ], [ -38.516251, -7.748921 ], [ -38.496222, -7.749624 ], [ -38.495446, -7.7384 ], [ -38.490168, -7.734253 ], [ -38.463623, -7.730483 ], [ -38.456731, -7.717699 ], [ -38.449719, -7.716964 ], [ -38.433864, -7.720043 ], [ -38.427272, -7.729628 ], [ -38.412134, -7.729699 ], [ -38.409155, -7.730085 ], [ -38.40085, -7.72011 ], [ -38.403578, -7.714034 ], [ -38.381901, -7.707067 ], [ -38.370584, -7.698007 ], [ -38.369722, -7.692241 ], [ -38.361265, -7.685896 ], [ -38.357144, -7.676754 ], [ -38.34434, -7.694589 ], [ -38.336846, -7.693169 ], [ -38.330007, -7.695739 ], [ -38.326334, -7.693296 ], [ -38.320422, -7.69755 ], [ -38.315853, -7.708742 ], [ -38.316906, -7.715117 ], [ -38.311677, -7.715905 ], [ -38.315531, -7.728065 ], [ -38.310526, -7.738669 ], [ -38.301804, -7.744796 ], [ -38.316408, -7.764199 ], [ -38.299465, -7.762787 ], [ -38.3009, -7.768295 ], [ -38.295185, -7.779179 ], [ -38.302222, -7.78799 ], [ -38.297394, -7.813538 ], [ -38.286441, -7.829815 ], [ -38.275876, -7.833411 ], [ -38.264592, -7.827567 ], [ -38.256686, -7.830655 ], [ -38.238219, -7.830317 ], [ -38.235114, -7.825549 ], [ -38.221572, -7.819979 ], [ -38.205512, -7.807278 ], [ -38.183639, -7.79514 ], [ -38.162322, -7.779545 ], [ -38.162053, -7.779552 ], [ -38.143413, -7.782996 ], [ -38.131076, -7.79535 ], [ -38.130808, -7.803459 ], [ -38.122086, -7.807025 ], [ -38.123803, -7.812572 ], [ -38.119706, -7.818565 ], [ -38.09689, -7.826918 ], [ -38.082989, -7.827654 ], [ -38.080203, -7.828773 ], [ -38.076719, -7.83017 ], [ -38.069026, -7.825708 ], [ -38.065956, -7.817257 ], [ -38.075392, -7.804974 ], [ -38.073133, -7.79311 ], [ -38.074866, -7.788716 ], [ -38.069129, -7.771915 ], [ -38.039233, -7.74771 ], [ -38.029566, -7.749426 ], [ -38.012114, -7.765397 ], [ -38.007797, -7.76646 ], [ -38.005104, -7.777353 ], [ -38.000371, -7.778552 ], [ -37.989919, -7.778467 ], [ -37.982619, -7.772239 ], [ -37.970979, -7.777151 ], [ -37.966326, -7.773923 ], [ -37.964453, -7.772277 ], [ -37.958079, -7.765575 ], [ -37.950722, -7.770746 ], [ -37.907638, -7.773048 ], [ -37.893567, -7.780731 ], [ -37.882021, -7.780731 ], [ -37.879059, -7.780512 ], [ -37.873596, -7.788636 ], [ -37.868042, -7.78735 ], [ -37.864435, -7.789703 ], [ -37.849017, -7.800026 ], [ -37.846672, -7.80261 ], [ -37.837547, -7.811018 ], [ -37.837711, -7.818227 ], [ -37.839181, -7.82163 ], [ -37.83101, -7.822052 ], [ -37.83043, -7.821984 ], [ -37.745491, -7.871479 ], [ -37.742811, -7.877008 ], [ -37.729773, -7.903908 ], [ -37.714351, -7.935701 ], [ -37.691173, -7.983449 ], [ -37.69796, -7.986604 ], [ -37.701775, -7.99688 ], [ -37.70737, -8.004898 ], [ -37.72518, -8.014747 ], [ -37.74866, -8.022513 ], [ -37.766824, -8.017142 ], [ -37.78408, -8.031238 ], [ -37.783283, -8.040074 ], [ -37.78978, -8.04087 ], [ -37.794409, -8.047067 ], [ -37.791199, -8.056339 ], [ -37.796193, -8.060662 ], [ -37.796002, -8.068292 ], [ -37.79768, -8.070697 ], [ -37.802924, -8.082362 ], [ -37.811097, -8.080578 ], [ -37.801806, -8.167527 ], [ -37.801778, -8.167792 ], [ -37.798776, -8.195806 ], [ -37.801288, -8.209618 ], [ -37.811975, -8.219748 ], [ -37.812112, -8.223998 ], [ -37.842752, -8.245396 ], [ -37.843258, -8.252161 ], [ -37.852004, -8.264928 ], [ -37.846859, -8.277466 ], [ -37.858766, -8.2965 ], [ -37.852969, -8.30935 ], [ -37.854761, -8.314464 ], [ -37.850698, -8.316694 ], [ -37.852316, -8.323863 ], [ -37.85947, -8.329269 ], [ -37.857911, -8.344975 ], [ -37.867928, -8.357858 ], [ -37.893692, -8.392463 ], [ -37.908717, -8.402569 ], [ -37.930394, -8.428756 ], [ -37.930301, -8.437857 ], [ -37.953777, -8.451684 ], [ -37.960016, -8.451718 ], [ -37.966302, -8.458168 ], [ -37.998097, -8.456066 ], [ -38.001234, -8.452425 ], [ -38.006797, -8.457047 ], [ -38.022039, -8.449817 ], [ -38.02737, -8.459067 ], [ -38.036385, -8.459544 ], [ -38.046078, -8.456178 ], [ -38.049615, -8.449784 ], [ -38.062065, -8.448511 ], [ -38.064617, -8.442668 ], [ -38.071798, -8.444621 ], [ -38.07428, -8.45035 ], [ -38.081449, -8.454132 ], [ -38.082002, -8.460346 ], [ -38.09995, -8.476803 ], [ -38.101751, -8.482756 ], [ -38.115218, -8.493819 ], [ -38.138356, -8.505655 ], [ -38.142044, -8.512818 ], [ -38.150318, -8.512948 ], [ -38.15972, -8.518052 ], [ -38.166988, -8.526275 ], [ -38.173431, -8.525614 ], [ -38.186074, -8.536686 ], [ -38.184643, -8.539593 ], [ -38.193187, -8.543036 ], [ -38.186322, -8.546935 ], [ -38.181681, -8.552183 ], [ -38.185634, -8.57359 ], [ -38.173087, -8.60436 ], [ -38.153431, -8.604144 ], [ -38.13687, -8.620064 ], [ -38.136043, -8.62923 ], [ -38.130111, -8.63631 ], [ -38.120924, -8.64086 ], [ -38.116424, -8.654919 ], [ -38.09358, -8.664365 ], [ -38.091699, -8.667875 ], [ -38.052952, -8.674377 ], [ -38.045854, -8.661345 ], [ -38.039458, -8.658457 ], [ -38.040313, -8.66306 ], [ -38.039669, -8.674289 ], [ -38.049111, -8.685621 ], [ -38.062125, -8.691371 ], [ -38.065105, -8.684 ], [ -38.072703, -8.679536 ], [ -38.081609, -8.68072 ], [ -38.083689, -8.68596 ], [ -38.094442, -8.688701 ], [ -38.100217, -8.695598 ], [ -38.131147, -8.690628 ], [ -38.136882, -8.691611 ], [ -38.141494, -8.69676 ], [ -38.154738, -8.694946 ], [ -38.158208, -8.689717 ], [ -38.172818, -8.686361 ], [ -38.189972, -8.676508 ], [ -38.209179, -8.687115 ], [ -38.232494, -8.687744 ], [ -38.247686, -8.696648 ], [ -38.253246, -8.704654 ], [ -38.259522, -8.707478 ], [ -38.262616, -8.719595 ], [ -38.265432, -8.722517 ], [ -38.26074, -8.73191 ], [ -38.266526, -8.736187 ], [ -38.265423, -8.75189 ], [ -38.274425, -8.754719 ], [ -38.282755, -8.752505 ], [ -38.288536, -8.759689 ], [ -38.295206, -8.759704 ], [ -38.304955, -8.754001 ], [ -38.307132, -8.761181 ], [ -38.325274, -8.772362 ], [ -38.323948, -8.777886 ], [ -38.328082, -8.780608 ], [ -38.33923, -8.777525 ], [ -38.348252, -8.784346 ], [ -38.358232, -8.778973 ], [ -38.507062, -8.698728 ], [ -38.534613, -8.67508 ], [ -38.553937, -8.633246 ], [ -38.547169, -8.625843 ], [ -38.532006, -8.623062 ], [ -38.525623, -8.618105 ], [ -38.513675, -8.624454 ], [ -38.506888, -8.623474 ], [ -38.50513, -8.602405 ], [ -38.563691, -8.608423 ], [ -38.565279, -8.614375 ], [ -38.586696, -8.606924 ], [ -38.628691, -8.620802 ], [ -38.63115, -8.628635 ], [ -38.638887, -8.630736 ], [ -38.630457, -8.636909 ], [ -38.626516, -8.653848 ], [ -38.62849, -8.659533 ], [ -38.62264, -8.666572 ], [ -38.628106, -8.681798 ], [ -38.640942, -8.69534 ], [ -38.64539, -8.714937 ], [ -38.630724, -8.713569 ], [ -38.622289, -8.706756 ], [ -38.614246, -8.707389 ], [ -38.609839, -8.698021 ], [ -38.597145, -8.696511 ], [ -38.586402, -8.698895 ], [ -38.57401, -8.697236 ], [ -38.569875, -8.700226 ], [ -38.564621, -8.698348 ], [ -38.560722, -8.705722 ], [ -38.54968, -8.711516 ] ] ], [ [ [ -38.021098, -8.643698 ], [ -38.00258, -8.646453 ], [ -38.003112, -8.646472 ], [ -38.013308, -8.646843 ], [ -38.024384, -8.651894 ], [ -38.039008, -8.658364 ], [ -38.039801, -8.652492 ], [ -38.021098, -8.643698 ] ] ], [ [ [ -37.953336, -8.651842 ], [ -37.953896, -8.651979 ], [ -37.99006, -8.615764 ], [ -37.937277, -8.569402 ], [ -37.91496, -8.553966 ], [ -37.88862, -8.552584 ], [ -37.850767, -8.589533 ], [ -37.850988, -8.590147 ], [ -37.852575, -8.594567 ], [ -37.890379, -8.605156 ], [ -37.899468, -8.604007 ], [ -37.907627, -8.610813 ], [ -37.931688, -8.61721 ], [ -37.951181, -8.633996 ], [ -37.947967, -8.646196 ], [ -37.953336, -8.651842 ] ] ] ] } }
]
}
