{
"type": "FeatureCollection",
"name": "geojs-41-health_regions",
"crs": { "type": "name", "properties": { "name": "urn:ogc:def:crs:OGC:1.3:CRS84" } },
"features": [
{ "type": "Feature", "properties": { "HREG_ID": "41001", "HREG_NAME": "1ª RS Paranagua", "id": "410120", "name": "Antonina", "description": "Antonina", "MUN_ID": "410120", "UF": "PR", "MACRO_ID": "4107", "MACRO_NAME": "Macrorregião Leste" }, "geometry": { "type": "Polygon", "coordinates": [ [ [ -48.380171, -25.595323 ], [ -48.41458, -25.623611 ], [ -48.438887, -25.65431 ], [ -48.476357, -25.713488 ], [ -48.525779, -25.801215 ], [ -48.536832, -25.838419 ], [ -48.535349, -25.845759 ], [ -48.535502, -25.850592 ], [ -48.53983, -25.847028 ], [ -48.549173, -25.851633 ], [ -48.563535, -25.856544 ], [ -48.56432, -25.862065 ], [ -48.562102, -25.870718 ], [ -48.567166, -25.885364 ], [ -48.559159, -25.890419 ], [ -48.575921, -25.920259 ], [ -48.594352, -25.970693 ], [ -48.590376, -25.9765 ], [ -48.594102, -25.976605 ], [ -48.599365, -25.976753 ], [ -48.601202, -25.980247 ], [ -48.610553, -25.979029 ], [ -48.60976, -25.983716 ], [ -48.61323, -25.980683 ], [ -48.620167, -25.981568 ], [ -48.620267, -25.973815 ], [ -48.623379, -25.976927 ], [ -48.633173, -25.977176 ], [ -48.63253, -25.969861 ], [ -48.639438, -25.966521 ], [ -48.637226, -25.96044 ], [ -48.644498, -25.955592 ], [ -48.654747, -25.965714 ], [ -48.661797, -25.968114 ], [ -48.662713, -25.97362 ], [ -48.669011, -25.978789 ], [ -48.67567, -25.977114 ], [ -48.680191, -25.980576 ], [ -48.709393, -25.982823 ], [ -48.710461, -25.982797 ], [ -48.819296, -25.981553 ], [ -48.819362, -25.981553 ], [ -48.871197, -25.981193 ], [ -48.877542, -25.981148 ], [ -48.881806, -25.981117 ], [ -48.890164, -25.981057 ], [ -48.890818, -25.981052 ], [ -48.96032, -25.980531 ], [ -48.950243, -25.989672 ], [ -48.956381, -25.992665 ], [ -48.961327, -25.99045 ], [ -48.961524, -25.983723 ], [ -48.967714, -25.986418 ], [ -48.970613, -25.983028 ], [ -48.961083, -25.97792 ], [ -48.954, -25.964939 ], [ -48.965436, -25.955963 ], [ -48.961903, -25.950534 ], [ -48.965533, -25.94733 ], [ -48.982444, -25.947609 ], [ -48.978752, -25.937871 ], [ -48.984819, -25.937511 ], [ -48.98543, -25.934461 ], [ -48.991971, -25.921161 ], [ -48.984603, -25.911535 ], [ -48.989313, -25.905765 ], [ -48.983455, -25.90561 ], [ -48.970444, -25.897111 ], [ -48.974463, -25.889166 ], [ -48.97203, -25.86149 ], [ -48.971598, -25.851453 ], [ -48.969054, -25.836136 ], [ -48.96227, -25.830427 ], [ -48.952429, -25.828943 ], [ -48.945727, -25.821468 ], [ -48.938703, -25.822535 ], [ -48.93398, -25.817766 ], [ -48.930234, -25.819979 ], [ -48.922802, -25.817441 ], [ -48.92273, -25.812442 ], [ -48.917655, -25.81103 ], [ -48.90664, -25.812412 ], [ -48.905718, -25.81706 ], [ -48.899861, -25.820505 ], [ -48.890488, -25.818656 ], [ -48.884079, -25.814522 ], [ -48.885147, -25.810212 ], [ -48.878078, -25.811768 ], [ -48.863346, -25.803906 ], [ -48.857298, -25.808249 ], [ -48.842081, -25.797419 ], [ -48.851748, -25.796347 ], [ -48.861516, -25.786932 ], [ -48.869954, -25.774428 ], [ -48.868316, -25.766067 ], [ -48.872821, -25.76256 ], [ -48.87233, -25.755798 ], [ -48.880087, -25.762941 ], [ -48.883661, -25.758675 ], [ -48.900019, -25.760159 ], [ -48.938191, -25.742132 ], [ -48.947816, -25.726625 ], [ -48.960911, -25.735683 ], [ -48.964183, -25.729797 ], [ -48.972947, -25.726006 ], [ -48.977493, -25.717181 ], [ -48.971928, -25.714212 ], [ -48.971576, -25.707191 ], [ -48.965272, -25.701252 ], [ -48.967909, -25.684449 ], [ -48.964177, -25.682829 ], [ -48.963434, -25.675531 ], [ -48.969262, -25.664357 ], [ -48.966176, -25.661198 ], [ -48.961921, -25.662819 ], [ -48.962085, -25.653047 ], [ -48.95042, -25.641359 ], [ -48.956133, -25.636909 ], [ -48.957623, -25.63211 ], [ -48.954982, -25.631916 ], [ -48.957878, -25.630209 ], [ -48.953701, -25.624344 ], [ -48.959208, -25.612616 ], [ -48.956898, -25.599182 ], [ -48.9444, -25.593285 ], [ -48.939122, -25.602678 ], [ -48.93577, -25.602188 ], [ -48.939395, -25.58857 ], [ -48.942741, -25.580336 ], [ -48.948417, -25.579274 ], [ -48.956458, -25.583284 ], [ -48.963065, -25.57645 ], [ -48.97412, -25.572526 ], [ -48.969667, -25.570199 ], [ -48.970368, -25.565208 ], [ -48.964605, -25.558403 ], [ -48.970831, -25.556898 ], [ -48.972362, -25.545262 ], [ -48.960885, -25.537478 ], [ -48.964053, -25.522456 ], [ -48.969684, -25.522154 ], [ -48.973057, -25.518789 ], [ -48.970176, -25.512599 ], [ -48.974634, -25.508422 ], [ -48.965349, -25.501755 ], [ -48.963683, -25.49125 ], [ -48.955844, -25.489397 ], [ -48.954679, -25.483454 ], [ -48.947012, -25.485231 ], [ -48.947044, -25.481049 ], [ -48.940502, -25.475308 ], [ -48.950759, -25.46972 ], [ -48.9503, -25.463386 ], [ -48.955716, -25.458442 ], [ -48.952669, -25.455342 ], [ -48.962409, -25.450728 ], [ -48.96239, -25.444256 ], [ -48.968501, -25.426962 ], [ -48.959409, -25.424869 ], [ -48.948261, -25.41659 ], [ -48.953937, -25.410905 ], [ -48.946694, -25.404466 ], [ -48.949223, -25.401045 ], [ -48.942539, -25.391503 ], [ -48.944252, -25.387666 ], [ -48.935705, -25.384304 ], [ -48.930244, -25.380093 ], [ -48.927143, -25.383676 ], [ -48.918541, -25.378948 ], [ -48.914692, -25.366794 ], [ -48.912132, -25.368198 ], [ -48.906258, -25.356538 ], [ -48.907273, -25.352283 ], [ -48.899228, -25.348482 ], [ -48.899139, -25.335342 ], [ -48.905887, -25.332516 ], [ -48.901062, -25.321511 ], [ -48.904824, -25.316168 ], [ -48.904022, -25.3018 ], [ -48.88833, -25.290643 ], [ -48.879854, -25.292592 ], [ -48.860974, -25.304969 ], [ -48.844407, -25.309507 ], [ -48.830088, -25.302461 ], [ -48.830554, -25.295357 ], [ -48.835307, -25.294091 ], [ -48.831039, -25.284512 ], [ -48.839642, -25.262909 ], [ -48.830706, -25.252505 ], [ -48.834414, -25.246182 ], [ -48.829199, -25.241573 ], [ -48.829729, -25.232097 ], [ -48.825397, -25.231415 ], [ -48.818887, -25.223077 ], [ -48.828917, -25.217888 ], [ -48.82932, -25.200341 ], [ -48.833113, -25.192608 ], [ -48.844678, -25.189062 ], [ -48.838816, -25.177857 ], [ -48.844446, -25.168999 ], [ -48.844472, -25.162048 ], [ -48.829483, -25.147541 ], [ -48.827226, -25.139313 ], [ -48.8208, -25.133425 ], [ -48.802957, -25.132726 ], [ -48.78435, -25.125854 ], [ -48.773693, -25.111481 ], [ -48.765428, -25.104015 ], [ -48.769133, -25.096589 ], [ -48.758072, -25.090527 ], [ -48.751299, -25.091324 ], [ -48.748897, -25.088424 ], [ -48.734838, -25.09293 ], [ -48.727152, -25.089854 ], [ -48.725601, -25.100084 ], [ -48.717697, -25.100156 ], [ -48.712603, -25.104081 ], [ -48.703225, -25.104368 ], [ -48.703386, -25.112477 ], [ -48.688005, -25.120533 ], [ -48.683844, -25.116227 ], [ -48.681493, -25.121579 ], [ -48.684014, -25.137786 ], [ -48.680007, -25.145511 ], [ -48.673892, -25.144208 ], [ -48.666197, -25.127736 ], [ -48.662333, -25.126119 ], [ -48.643056, -25.130456 ], [ -48.645301, -25.125396 ], [ -48.641314, -25.117655 ], [ -48.632534, -25.119613 ], [ -48.623495, -25.116035 ], [ -48.611792, -25.098725 ], [ -48.612016, -25.092579 ], [ -48.604914, -25.090057 ], [ -48.594872, -25.090505 ], [ -48.572523, -25.083685 ], [ -48.562834, -25.09464 ], [ -48.56058, -25.105378 ], [ -48.548325, -25.108325 ], [ -48.543313, -25.105095 ], [ -48.544829, -25.099969 ], [ -48.556027, -25.087607 ], [ -48.555868, -25.083809 ], [ -48.543702, -25.089644 ], [ -48.528109, -25.100299 ], [ -48.520808, -25.085445 ], [ -48.512039, -25.083324 ], [ -48.505923, -25.067146 ], [ -48.497933, -25.058616 ], [ -48.490957, -25.052914 ], [ -48.482818, -25.052702 ], [ -48.485059, -25.041647 ], [ -48.48369, -25.040131 ], [ -48.480409, -25.036497 ], [ -48.474893, -25.014656 ], [ -48.469158, -25.010222 ], [ -48.433982, -24.990808 ], [ -48.416562, -24.988877 ], [ -48.41068, -24.979741 ], [ -48.378166, -24.996538 ], [ -48.377143, -25.002599 ], [ -48.354276, -25.019471 ], [ -48.349839, -25.028171 ], [ -48.350755, -25.035999 ], [ -48.338608, -25.035539 ], [ -48.336584, -25.039213 ], [ -48.331998, -25.035647 ], [ -48.323669, -25.036257 ], [ -48.323876, -25.053898 ], [ -48.333238, -25.057079 ], [ -48.333198, -25.070083 ], [ -48.317301, -25.056057 ], [ -48.313856, -25.046484 ], [ -48.308143, -25.046214 ], [ -48.306989, -25.034992 ], [ -48.298749, -25.03492 ], [ -48.296698, -25.022899 ], [ -48.292346, -25.023933 ], [ -48.287052, -25.039478 ], [ -48.277445, -25.032483 ], [ -48.274902, -25.027221 ], [ -48.277094, -25.015505 ], [ -48.267702, -25.000731 ], [ -48.269114, -24.997044 ], [ -48.26286, -24.992314 ], [ -48.259444, -24.997166 ], [ -48.254332, -24.996007 ], [ -48.258809, -24.98616 ], [ -48.249978, -24.976981 ], [ -48.245304, -24.988901 ], [ -48.239221, -24.990927 ], [ -48.233393, -25.000211 ], [ -48.228999, -25.00086 ], [ -48.232449, -25.007042 ], [ -48.222885, -25.008633 ], [ -48.231478, -25.014867 ], [ -48.231083, -25.020296 ], [ -48.214472, -25.029183 ], [ -48.208996, -25.026693 ], [ -48.209807, -25.035887 ], [ -48.215091, -25.042061 ], [ -48.211627, -25.058694 ], [ -48.215583, -25.07618 ], [ -48.20967, -25.079755 ], [ -48.212419, -25.082876 ], [ -48.203524, -25.093058 ], [ -48.204029, -25.099172 ], [ -48.194393, -25.107845 ], [ -48.18117, -25.133344 ], [ -48.166523, -25.143306 ], [ -48.156414, -25.144161 ], [ -48.161726, -25.153709 ], [ -48.168246, -25.156051 ], [ -48.167248, -25.167414 ], [ -48.177923, -25.181567 ], [ -48.192892, -25.189374 ], [ -48.192258, -25.193588 ], [ -48.179626, -25.206287 ], [ -48.170988, -25.209989 ], [ -48.162249, -25.209345 ], [ -48.150766, -25.227635 ], [ -48.114412, -25.25021 ], [ -48.103913, -25.242942 ], [ -48.091941, -25.239544 ], [ -48.083447, -25.240133 ], [ -48.08094, -25.24369 ], [ -48.074635, -25.240141 ], [ -48.061635, -25.239593 ], [ -48.056525, -25.23259 ], [ -48.059055, -25.228966 ], [ -48.056976, -25.217841 ], [ -48.046691, -25.226257 ], [ -48.043117, -25.220143 ], [ -48.03102, -25.218213 ], [ -48.026441, -25.221501 ], [ -48.029473, -25.225709 ], [ -48.023067, -25.230439 ], [ -48.031886, -25.237275 ], [ -48.050687, -25.251843 ], [ -48.057013, -25.262782 ], [ -48.082638, -25.281505 ], [ -48.097987, -25.299184 ], [ -48.099003, -25.311829 ], [ -48.095581, -25.308318 ], [ -48.099352, -25.315865 ], [ -48.131804, -25.34288 ], [ -48.15247, -25.363648 ], [ -48.181058, -25.400525 ], [ -48.199027, -25.429863 ], [ -48.208287, -25.460269 ], [ -48.216831, -25.467808 ], [ -48.230831, -25.468814 ], [ -48.256819, -25.473349 ], [ -48.28657, -25.488717 ], [ -48.309271, -25.492785 ], [ -48.276439, -25.513557 ], [ -48.289249, -25.545439 ], [ -48.29527, -25.549264 ], [ -48.300324, -25.559145 ], [ -48.297946, -25.567016 ], [ -48.305618, -25.567494 ], [ -48.312891, -25.575955 ], [ -48.319458, -25.586073 ], [ -48.358052, -25.585452 ], [ -48.380171, -25.595323 ] ] ] } },
{ "type": "Feature", "properties": { "HREG_ID": "41002", "HREG_NAME": "2ª RS Metropolitana", "id": "410020", "name": "Adrianópolis", "description": "Adrianópolis", "MUN_ID": "410020", "UF": "PR", "MACRO_ID": "4107", "MACRO_NAME": "Macrorregião Leste" }, "geometry": { "type": "Polygon", "coordinates": [ [ [ -49.359815, -26.140232 ], [ -49.36624, -26.143248 ], [ -49.365369, -26.146673 ], [ -49.368343, -26.144953 ], [ -49.368236, -26.148951 ], [ -49.371287, -26.148411 ], [ -49.369812, -26.155475 ], [ -49.372439, -26.153122 ], [ -49.38277, -26.155596 ], [ -49.386812, -26.155178 ], [ -49.389555, -26.159817 ], [ -49.391499, -26.157716 ], [ -49.394541, -26.151462 ], [ -49.399542, -26.150233 ], [ -49.406278, -26.161158 ], [ -49.416166, -26.152732 ], [ -49.416771, -26.164988 ], [ -49.41997, -26.163592 ], [ -49.421238, -26.166191 ], [ -49.428056, -26.167772 ], [ -49.428782, -26.1698 ], [ -49.43609, -26.171844 ], [ -49.438223, -26.163892 ], [ -49.451084, -26.161636 ], [ -49.458668, -26.162224 ], [ -49.463825, -26.172652 ], [ -49.479007, -26.185421 ], [ -49.486444, -26.180074 ], [ -49.485299, -26.184942 ], [ -49.489418, -26.190781 ], [ -49.486444, -26.194129 ], [ -49.493272, -26.203255 ], [ -49.499484, -26.203007 ], [ -49.494455, -26.211069 ], [ -49.490607, -26.209592 ], [ -49.490443, -26.21373 ], [ -49.497933, -26.218229 ], [ -49.496084, -26.220829 ], [ -49.502945, -26.221535 ], [ -49.503895, -26.226111 ], [ -49.511377, -26.220947 ], [ -49.51876, -26.226692 ], [ -49.520103, -26.224015 ], [ -49.52824, -26.217068 ], [ -49.52894, -26.224088 ], [ -49.533669, -26.215079 ], [ -49.540332, -26.213102 ], [ -49.542375, -26.223282 ], [ -49.535516, -26.225345 ], [ -49.537864, -26.229617 ], [ -49.545199, -26.224583 ], [ -49.551591, -26.224598 ], [ -49.547059, -26.229749 ], [ -49.554606, -26.236848 ], [ -49.560192, -26.236358 ], [ -49.56678, -26.232804 ], [ -49.577436, -26.213526 ], [ -49.577898, -26.226552 ], [ -49.583116, -26.229727 ], [ -49.591263, -26.229674 ], [ -49.587118, -26.216973 ], [ -49.592155, -26.222892 ], [ -49.598241, -26.220884 ], [ -49.600436, -26.228077 ], [ -49.602744, -26.226576 ], [ -49.605667, -26.211361 ], [ -49.611645, -26.213403 ], [ -49.614279, -26.206961 ], [ -49.616753, -26.213632 ], [ -49.621108, -26.215219 ], [ -49.634759, -26.208151 ], [ -49.62551, -26.200887 ], [ -49.629923, -26.190506 ], [ -49.633953, -26.189259 ], [ -49.636398, -26.19054 ], [ -49.633592, -26.201357 ], [ -49.645702, -26.209446 ], [ -49.650368, -26.206776 ], [ -49.648231, -26.195339 ], [ -49.653257, -26.192572 ], [ -49.652726, -26.186726 ], [ -49.660058, -26.186533 ], [ -49.663352, -26.191153 ], [ -49.673337, -26.183724 ], [ -49.67381, -26.190936 ], [ -49.680139, -26.185675 ], [ -49.689964, -26.188129 ], [ -49.676252, -26.175485 ], [ -49.688159, -26.176492 ], [ -49.698502, -26.161047 ], [ -49.710202, -26.153908 ], [ -49.726176, -26.170609 ], [ -49.728373, -26.169245 ], [ -49.73653, -26.156617 ], [ -49.72442, -26.143265 ], [ -49.735368, -26.141833 ], [ -49.739819, -26.138071 ], [ -49.748118, -26.139504 ], [ -49.750789, -26.119154 ], [ -49.764174, -26.113366 ], [ -49.767563, -26.104313 ], [ -49.775116, -26.100294 ], [ -49.778287, -26.106948 ], [ -49.767869, -26.109916 ], [ -49.773343, -26.118321 ], [ -49.77623, -26.119369 ], [ -49.78217, -26.113827 ], [ -49.787123, -26.097941 ], [ -49.7894, -26.112071 ], [ -49.801758, -26.109569 ], [ -49.806031, -26.103114 ], [ -49.807949, -26.087758 ], [ -49.815616, -26.093525 ], [ -49.824225, -26.092628 ], [ -49.830278, -26.082774 ], [ -49.827977, -26.072802 ], [ -49.83062, -26.068329 ], [ -49.839731, -26.075917 ], [ -49.843143, -26.072473 ], [ -49.833338, -26.066697 ], [ -49.830955, -26.052981 ], [ -49.835178, -26.052013 ], [ -49.84165, -26.064085 ], [ -49.861591, -26.055438 ], [ -49.864199, -26.046132 ], [ -49.870286, -26.043313 ], [ -49.865041, -26.034667 ], [ -49.891311, -26.028906 ], [ -49.897808, -26.033843 ], [ -49.903673, -26.026427 ], [ -49.91484, -26.024606 ], [ -49.934846, -26.031687 ], [ -49.940201, -26.025032 ], [ -49.933788, -26.0183 ], [ -49.941362, -26.008013 ], [ -49.953032, -26.018172 ], [ -49.959725, -26.019719 ], [ -49.947528, -26.030496 ], [ -49.972307, -26.057856 ], [ -49.977134, -26.052837 ], [ -49.965843, -26.040133 ], [ -49.962932, -26.02611 ], [ -49.968788, -26.017231 ], [ -49.975332, -26.013703 ], [ -49.983376, -26.013851 ], [ -49.993075, -26.011148 ], [ -49.995939, -25.998751 ], [ -49.992669, -25.991087 ], [ -49.981327, -25.995074 ], [ -49.977121, -26.003434 ], [ -49.967275, -26.004587 ], [ -49.967154, -25.991067 ], [ -49.963822, -25.98875 ], [ -49.96758, -25.972617 ], [ -49.972805, -25.958596 ], [ -49.983168, -25.952926 ], [ -49.984591, -25.948511 ], [ -49.986124, -25.939956 ], [ -49.99193, -25.93907 ], [ -49.996075, -25.932593 ], [ -50.010673, -25.930532 ], [ -50.014828, -25.934244 ], [ -50.014432, -25.909046 ], [ -50.020493, -25.901764 ], [ -50.013621, -25.893772 ], [ -50.032073, -25.882009 ], [ -50.038358, -25.878299 ], [ -50.045557, -25.884051 ], [ -50.05069, -25.88047 ], [ -50.053543, -25.888928 ], [ -50.059844, -25.887591 ], [ -50.063608, -25.891739 ], [ -50.066619, -25.888495 ], [ -50.07304, -25.895314 ], [ -50.080145, -25.892775 ], [ -50.081494, -25.895618 ], [ -50.082674, -25.898922 ], [ -50.087986, -25.895793 ], [ -50.108902, -25.891996 ], [ -50.121146, -25.880538 ], [ -50.128252, -25.886327 ], [ -50.132537, -25.883186 ], [ -50.144393, -25.886281 ], [ -50.156929, -25.880501 ], [ -50.158782, -25.876618 ], [ -50.166739, -25.87958 ], [ -50.166021, -25.875206 ], [ -50.165987, -25.875128 ], [ -50.167338, -25.871597 ], [ -50.174683, -25.87196 ], [ -50.176861, -25.860283 ], [ -50.17326, -25.857641 ], [ -50.193509, -25.835365 ], [ -50.198155, -25.822525 ], [ -50.204337, -25.824019 ], [ -50.209704, -25.815782 ], [ -50.227697, -25.812278 ], [ -50.231015, -25.809633 ], [ -50.227613, -25.804829 ], [ -50.222485, -25.805542 ], [ -50.219467, -25.801805 ], [ -50.223094, -25.799295 ], [ -50.219369, -25.797665 ], [ -50.208812, -25.787156 ], [ -50.203688, -25.788344 ], [ -50.199708, -25.784923 ], [ -50.204769, -25.790593 ], [ -50.199875, -25.79245 ], [ -50.190621, -25.786644 ], [ -50.181585, -25.789833 ], [ -50.180487, -25.786939 ], [ -50.187734, -25.772097 ], [ -50.187601, -25.760753 ], [ -50.184898, -25.760766 ], [ -50.184807, -25.766034 ], [ -50.170586, -25.765084 ], [ -50.174659, -25.759935 ], [ -50.162307, -25.761619 ], [ -50.158358, -25.748738 ], [ -50.150202, -25.753112 ], [ -50.151353, -25.748281 ], [ -50.147375, -25.744988 ], [ -50.152776, -25.74326 ], [ -50.148168, -25.738414 ], [ -50.153764, -25.739398 ], [ -50.150764, -25.733563 ], [ -50.157142, -25.731989 ], [ -50.147837, -25.728605 ], [ -50.152679, -25.729288 ], [ -50.153153, -25.725147 ], [ -50.148755, -25.723382 ], [ -50.145304, -25.726343 ], [ -50.137214, -25.718527 ], [ -50.128385, -25.71749 ], [ -50.12695, -25.711889 ], [ -50.122118, -25.713842 ], [ -50.120959, -25.709339 ], [ -50.129878, -25.707959 ], [ -50.127482, -25.70388 ], [ -50.129899, -25.700061 ], [ -50.133917, -25.700052 ], [ -50.135108, -25.69508 ], [ -50.138716, -25.695374 ], [ -50.145733, -25.685891 ], [ -50.150851, -25.68858 ], [ -50.151552, -25.684088 ], [ -50.146669, -25.678095 ], [ -50.134705, -25.67456 ], [ -50.129362, -25.668936 ], [ -50.134387, -25.663878 ], [ -50.133339, -25.659483 ], [ -50.127327, -25.662751 ], [ -50.120405, -25.659247 ], [ -50.117949, -25.660947 ], [ -50.113296, -25.66631 ], [ -50.108686, -25.657436 ], [ -50.096321, -25.66667 ], [ -50.095118, -25.65621 ], [ -50.095957, -25.651084 ], [ -50.094909, -25.653497 ], [ -50.085549, -25.650502 ], [ -50.089412, -25.649444 ], [ -50.08651, -25.64548 ], [ -50.094732, -25.634889 ], [ -50.086696, -25.632927 ], [ -50.085494, -25.638996 ], [ -50.081848, -25.632591 ], [ -50.080015, -25.637592 ], [ -50.073335, -25.634857 ], [ -50.063559, -25.651477 ], [ -50.061432, -25.646274 ], [ -50.053767, -25.644709 ], [ -50.053333, -25.638629 ], [ -50.049227, -25.641473 ], [ -50.046085, -25.634519 ], [ -50.04204, -25.638073 ], [ -50.041049, -25.635279 ], [ -50.035877, -25.635551 ], [ -50.03509, -25.629405 ], [ -50.033215, -25.632809 ], [ -50.03215, -25.628962 ], [ -50.026129, -25.630378 ], [ -50.028889, -25.622949 ], [ -50.033107, -25.622091 ], [ -50.026806, -25.621194 ], [ -50.031053, -25.616952 ], [ -50.023686, -25.616178 ], [ -50.030474, -25.609212 ], [ -50.025823, -25.608955 ], [ -50.025602, -25.603072 ], [ -50.019933, -25.601485 ], [ -50.019842, -25.606207 ], [ -50.014329, -25.598176 ], [ -49.992113, -25.610983 ], [ -49.993771, -25.603409 ], [ -49.98555, -25.599223 ], [ -49.978037, -25.594074 ], [ -49.979425, -25.604818 ], [ -49.968859, -25.60732 ], [ -49.957274, -25.606748 ], [ -49.957857, -25.600929 ], [ -49.941455, -25.610665 ], [ -49.942746, -25.607189 ], [ -49.93738, -25.608277 ], [ -49.933971, -25.59864 ], [ -49.931037, -25.598309 ], [ -49.930714, -25.602353 ], [ -49.927071, -25.599027 ], [ -49.92576, -25.60225 ], [ -49.911533, -25.596649 ], [ -49.912973, -25.591432 ], [ -49.90556, -25.584377 ], [ -49.906855, -25.578665 ], [ -49.909748, -25.581028 ], [ -49.916755, -25.576739 ], [ -49.911333, -25.574141 ], [ -49.918537, -25.571599 ], [ -49.916146, -25.56649 ], [ -49.920569, -25.563854 ], [ -49.916768, -25.556694 ], [ -49.912546, -25.556902 ], [ -49.909568, -25.561727 ], [ -49.909838, -25.570562 ], [ -49.904111, -25.567979 ], [ -49.899409, -25.564501 ], [ -49.894045, -25.566332 ], [ -49.898906, -25.574679 ], [ -49.891957, -25.577339 ], [ -49.877906, -25.570659 ], [ -49.875441, -25.561694 ], [ -49.879828, -25.556721 ], [ -49.889414, -25.554296 ], [ -49.885949, -25.545552 ], [ -49.882624, -25.549767 ], [ -49.876465, -25.543913 ], [ -49.855232, -25.546271 ], [ -49.851269, -25.554944 ], [ -49.84312, -25.546736 ], [ -49.837224, -25.552598 ], [ -49.825912, -25.545701 ], [ -49.819319, -25.550304 ], [ -49.819039, -25.554145 ], [ -49.812837, -25.556823 ], [ -49.808912, -25.553262 ], [ -49.807115, -25.548697 ], [ -49.801698, -25.551345 ], [ -49.806605, -25.534285 ], [ -49.802513, -25.523665 ], [ -49.805161, -25.519963 ], [ -49.801571, -25.513398 ], [ -49.796923, -25.512071 ], [ -49.804183, -25.502322 ], [ -49.783616, -25.486358 ], [ -49.780418, -25.486911 ], [ -49.775987, -25.472761 ], [ -49.766675, -25.466231 ], [ -49.763568, -25.456472 ], [ -49.766175, -25.450014 ], [ -49.752993, -25.445926 ], [ -49.747173, -25.435937 ], [ -49.750059, -25.420203 ], [ -49.739907, -25.414645 ], [ -49.7486, -25.396811 ], [ -49.744287, -25.393044 ], [ -49.740553, -25.365847 ], [ -49.756071, -25.360081 ], [ -49.760206, -25.357289 ], [ -49.796138, -25.303861 ], [ -49.819178, -25.269568 ], [ -49.842622, -25.253608 ], [ -49.856284, -25.233446 ], [ -49.848668, -25.233421 ], [ -49.831569, -25.224827 ], [ -49.816829, -25.225858 ], [ -49.809387, -25.216154 ], [ -49.798725, -25.214917 ], [ -49.796614, -25.210317 ], [ -49.792341, -25.19902 ], [ -49.780421, -25.193595 ], [ -49.771869, -25.19533 ], [ -49.753709, -25.217469 ], [ -49.745374, -25.220705 ], [ -49.736341, -25.219338 ], [ -49.731457, -25.223099 ], [ -49.711707, -25.21693 ], [ -49.708636, -25.205352 ], [ -49.69325, -25.194895 ], [ -49.687436, -25.186629 ], [ -49.680904, -25.177342 ], [ -49.679762, -25.167272 ], [ -49.702878, -25.148974 ], [ -49.707194, -25.13692 ], [ -49.714154, -25.138197 ], [ -49.724358, -25.134005 ], [ -49.732308, -25.123679 ], [ -49.727524, -25.120914 ], [ -49.730698, -25.114449 ], [ -49.727634, -25.110178 ], [ -49.731088, -25.111023 ], [ -49.729073, -25.108314 ], [ -49.739087, -25.10177 ], [ -49.735411, -25.0996 ], [ -49.73848, -25.091551 ], [ -49.734851, -25.088397 ], [ -49.737799, -25.080731 ], [ -49.741499, -25.082117 ], [ -49.74236, -25.078694 ], [ -49.736479, -25.064744 ], [ -49.738966, -25.06222 ], [ -49.732522, -25.058565 ], [ -49.721805, -25.06352 ], [ -49.718261, -25.057061 ], [ -49.712611, -25.05992 ], [ -49.712164, -25.053806 ], [ -49.715941, -25.050668 ], [ -49.710734, -25.044923 ], [ -49.701613, -25.048177 ], [ -49.701133, -25.044098 ], [ -49.711254, -25.038003 ], [ -49.710558, -25.033565 ], [ -49.702686, -25.031809 ], [ -49.704458, -25.028612 ], [ -49.711675, -25.02106 ], [ -49.688621, -25.017574 ], [ -49.680754, -25.009611 ], [ -49.67647, -25.009487 ], [ -49.675649, -25.006196 ], [ -49.668225, -25.004196 ], [ -49.667755, -24.998675 ], [ -49.663291, -25.001305 ], [ -49.654342, -25.004206 ], [ -49.652228, -25.008162 ], [ -49.648788, -25.001206 ], [ -49.638229, -25.007194 ], [ -49.638336, -25.001621 ], [ -49.631811, -24.999502 ], [ -49.616308, -24.979453 ], [ -49.610383, -24.978189 ], [ -49.605683, -24.979752 ], [ -49.60752, -24.982365 ], [ -49.603174, -24.98629 ], [ -49.598711, -24.983414 ], [ -49.595529, -24.975463 ], [ -49.591544, -24.975891 ], [ -49.574396, -24.958924 ], [ -49.579592, -24.948328 ], [ -49.571387, -24.943564 ], [ -49.572404, -24.939342 ], [ -49.547609, -24.93877 ], [ -49.544006, -24.928945 ], [ -49.538972, -24.916029 ], [ -49.528397, -24.908192 ], [ -49.514859, -24.912825 ], [ -49.51062, -24.911754 ], [ -49.50907, -24.900507 ], [ -49.498295, -24.904794 ], [ -49.503846, -24.89866 ], [ -49.499549, -24.894308 ], [ -49.508871, -24.887084 ], [ -49.508097, -24.876814 ], [ -49.527926, -24.861637 ], [ -49.5251, -24.858655 ], [ -49.525658, -24.846841 ], [ -49.53107, -24.84585 ], [ -49.53112, -24.837107 ], [ -49.537025, -24.817754 ], [ -49.550099, -24.816557 ], [ -49.55273, -24.810619 ], [ -49.561792, -24.807214 ], [ -49.562107, -24.800519 ], [ -49.566678, -24.796623 ], [ -49.552307, -24.762861 ], [ -49.531567, -24.719737 ], [ -49.529289, -24.715093 ], [ -49.530264, -24.714168 ], [ -49.537832, -24.705901 ], [ -49.546094, -24.705394 ], [ -49.548536, -24.698332 ], [ -49.553201, -24.698909 ], [ -49.555683, -24.688107 ], [ -49.568575, -24.68194 ], [ -49.567448, -24.676545 ], [ -49.573, -24.667537 ], [ -49.58173, -24.66698 ], [ -49.595527, -24.676374 ], [ -49.606288, -24.675358 ], [ -49.610101, -24.680151 ], [ -49.619963, -24.682206 ], [ -49.628372, -24.680316 ], [ -49.629582, -24.66421 ], [ -49.633094, -24.660534 ], [ -49.646848, -24.659637 ], [ -49.644331, -24.648974 ], [ -49.641047, -24.641495 ], [ -49.622471, -24.646295 ], [ -49.6074, -24.636202 ], [ -49.595168, -24.638177 ], [ -49.590697, -24.634493 ], [ -49.589446, -24.618168 ], [ -49.573115, -24.613196 ], [ -49.553157, -24.59598 ], [ -49.548266, -24.585301 ], [ -49.552633, -24.583611 ], [ -49.551553, -24.578477 ], [ -49.538732, -24.571526 ], [ -49.523209, -24.575886 ], [ -49.525985, -24.605867 ], [ -49.522852, -24.609815 ], [ -49.516886, -24.608861 ], [ -49.510218, -24.613727 ], [ -49.501402, -24.60724 ], [ -49.501146, -24.59996 ], [ -49.49313, -24.58701 ], [ -49.496975, -24.580735 ], [ -49.494581, -24.570669 ], [ -49.487245, -24.545487 ], [ -49.479265, -24.539953 ], [ -49.465901, -24.54414 ], [ -49.456455, -24.53574 ], [ -49.451276, -24.525444 ], [ -49.447203, -24.524672 ], [ -49.443015, -24.528805 ], [ -49.436677, -24.517961 ], [ -49.430968, -24.520852 ], [ -49.426467, -24.498661 ], [ -49.403396, -24.497618 ], [ -49.396231, -24.496112 ], [ -49.389235, -24.486813 ], [ -49.358769, -24.477209 ], [ -49.346297, -24.457993 ], [ -49.328216, -24.450511 ], [ -49.314575, -24.439776 ], [ -49.311686, -24.429888 ], [ -49.303305, -24.428715 ], [ -49.275198, -24.416463 ], [ -49.262334, -24.423308 ], [ -49.254904, -24.423331 ], [ -49.249757, -24.41338 ], [ -49.243239, -24.401698 ], [ -49.237373, -24.403987 ], [ -49.234984, -24.410556 ], [ -49.240206, -24.421529 ], [ -49.252184, -24.433667 ], [ -49.250041, -24.444934 ], [ -49.253071, -24.455259 ], [ -49.244859, -24.457928 ], [ -49.24484, -24.464624 ], [ -49.248449, -24.464188 ], [ -49.246445, -24.468612 ], [ -49.25326, -24.469968 ], [ -49.254091, -24.473434 ], [ -49.262604, -24.473342 ], [ -49.264974, -24.478787 ], [ -49.270742, -24.482847 ], [ -49.269096, -24.491824 ], [ -49.295196, -24.499824 ], [ -49.294248, -24.505916 ], [ -49.285955, -24.515653 ], [ -49.287485, -24.526578 ], [ -49.279869, -24.534219 ], [ -49.281618, -24.538537 ], [ -49.291781, -24.543816 ], [ -49.292053, -24.552404 ], [ -49.305095, -24.545906 ], [ -49.309307, -24.552927 ], [ -49.315511, -24.555023 ], [ -49.31463, -24.562525 ], [ -49.317199, -24.566154 ], [ -49.31307, -24.569503 ], [ -49.310393, -24.58051 ], [ -49.316087, -24.587489 ], [ -49.303118, -24.596463 ], [ -49.312649, -24.604218 ], [ -49.314146, -24.613779 ], [ -49.310476, -24.617677 ], [ -49.306597, -24.621252 ], [ -49.315949, -24.638512 ], [ -49.305896, -24.642366 ], [ -49.309256, -24.645276 ], [ -49.301188, -24.649346 ], [ -49.299146, -24.654471 ], [ -49.311536, -24.663046 ], [ -49.304539, -24.668548 ], [ -49.304919, -24.673164 ], [ -49.298956, -24.674073 ], [ -49.293684, -24.675396 ], [ -49.275202, -24.69389 ], [ -49.26228, -24.692052 ], [ -49.256921, -24.695964 ], [ -49.207438, -24.70042 ], [ -49.203864, -24.695435 ], [ -49.204533, -24.685475 ], [ -49.193982, -24.682571 ], [ -49.191587, -24.678927 ], [ -49.185173, -24.672264 ], [ -49.174365, -24.671648 ], [ -49.16937, -24.675117 ], [ -49.157398, -24.671448 ], [ -49.147673, -24.67479 ], [ -49.134346, -24.675073 ], [ -49.129341, -24.68144 ], [ -49.125696, -24.68369 ], [ -49.121897, -24.681963 ], [ -49.111117, -24.687865 ], [ -49.108463, -24.676062 ], [ -49.105114, -24.674225 ], [ -49.099616, -24.675838 ], [ -49.09661, -24.681387 ], [ -49.084767, -24.679447 ], [ -49.083928, -24.672488 ], [ -49.079356, -24.672122 ], [ -49.07237, -24.67462 ], [ -49.068591, -24.684381 ], [ -49.06081, -24.684854 ], [ -49.051368, -24.680208 ], [ -49.045031, -24.665613 ], [ -49.036923, -24.659933 ], [ -49.039031, -24.652878 ], [ -49.034091, -24.649563 ], [ -49.032398, -24.641455 ], [ -49.039365, -24.643423 ], [ -49.04181, -24.640086 ], [ -49.034206, -24.634009 ], [ -49.017898, -24.642129 ], [ -49.006655, -24.633378 ], [ -48.999215, -24.636632 ], [ -48.999259, -24.63765 ], [ -49.003937, -24.638471 ], [ -49.005585, -24.642949 ], [ -49.009537, -24.655916 ], [ -49.008242, -24.659943 ], [ -49.002122, -24.655727 ], [ -48.99422, -24.654795 ], [ -48.988923, -24.656156 ], [ -48.987976, -24.664759 ], [ -48.978151, -24.664487 ], [ -48.973954, -24.666346 ], [ -48.97445, -24.67118 ], [ -48.964916, -24.672393 ], [ -48.960603, -24.677602 ], [ -48.957977, -24.684796 ], [ -48.947614, -24.673227 ], [ -48.927065, -24.674781 ], [ -48.921951, -24.674699 ], [ -48.917583, -24.679408 ], [ -48.913506, -24.682246 ], [ -48.91002, -24.67663 ], [ -48.911871, -24.673487 ], [ -48.911809, -24.671708 ], [ -48.900702, -24.669592 ], [ -48.89827, -24.669415 ], [ -48.888403, -24.66918 ], [ -48.87533, -24.668274 ], [ -48.864919, -24.666839 ], [ -48.851425, -24.674518 ], [ -48.846761, -24.670632 ], [ -48.855863, -24.664216 ], [ -48.85803, -24.657212 ], [ -48.852834, -24.655675 ], [ -48.839926, -24.664489 ], [ -48.829413, -24.654913 ], [ -48.820313, -24.656804 ], [ -48.810065, -24.674686 ], [ -48.80512, -24.675887 ], [ -48.800306, -24.674373 ], [ -48.787732, -24.680701 ], [ -48.778177, -24.696244 ], [ -48.768581, -24.69479 ], [ -48.756812, -24.679366 ], [ -48.752612, -24.681905 ], [ -48.755272, -24.692299 ], [ -48.753357, -24.693677 ], [ -48.751945, -24.694692 ], [ -48.744276, -24.692762 ], [ -48.734062, -24.683993 ], [ -48.729645, -24.686524 ], [ -48.718116, -24.682527 ], [ -48.706949, -24.683106 ], [ -48.703338, -24.679894 ], [ -48.69103, -24.693549 ], [ -48.688364, -24.692049 ], [ -48.690368, -24.683496 ], [ -48.687808, -24.676977 ], [ -48.693613, -24.670195 ], [ -48.687754, -24.668651 ], [ -48.6765, -24.671123 ], [ -48.670999, -24.678814 ], [ -48.674476, -24.683565 ], [ -48.671638, -24.68682 ], [ -48.676585, -24.692038 ], [ -48.671035, -24.698181 ], [ -48.676721, -24.697923 ], [ -48.674535, -24.701304 ], [ -48.660913, -24.706218 ], [ -48.657699, -24.69156 ], [ -48.641168, -24.689179 ], [ -48.644841, -24.681037 ], [ -48.637337, -24.67718 ], [ -48.630587, -24.676813 ], [ -48.6277, -24.680022 ], [ -48.616146, -24.668185 ], [ -48.610978, -24.670395 ], [ -48.603556, -24.667808 ], [ -48.592899, -24.673805 ], [ -48.58878, -24.680042 ], [ -48.581562, -24.670213 ], [ -48.578556, -24.68505 ], [ -48.567841, -24.695124 ], [ -48.568724, -24.700323 ], [ -48.55964, -24.71022 ], [ -48.553246, -24.709404 ], [ -48.551337, -24.716129 ], [ -48.544112, -24.717471 ], [ -48.543085, -24.72471 ], [ -48.537672, -24.725713 ], [ -48.528702, -24.731101 ], [ -48.53131, -24.736278 ], [ -48.528012, -24.7388 ], [ -48.522002, -24.735579 ], [ -48.51103, -24.740077 ], [ -48.504561, -24.734449 ], [ -48.501615, -24.736899 ], [ -48.498834, -24.738479 ], [ -48.503501, -24.739649 ], [ -48.502199, -24.746262 ], [ -48.507226, -24.751883 ], [ -48.506304, -24.763963 ], [ -48.511612, -24.763474 ], [ -48.516228, -24.768071 ], [ -48.516251, -24.779693 ], [ -48.530334, -24.785957 ], [ -48.549356, -24.798349 ], [ -48.555281, -24.805715 ], [ -48.558725, -24.820602 ], [ -48.555281, -24.823304 ], [ -48.561812, -24.827905 ], [ -48.56734, -24.84701 ], [ -48.563998, -24.855684 ], [ -48.566202, -24.863468 ], [ -48.549256, -24.867007 ], [ -48.546366, -24.873281 ], [ -48.548917, -24.878674 ], [ -48.546569, -24.880311 ], [ -48.55787, -24.884096 ], [ -48.555617, -24.892315 ], [ -48.558833, -24.900694 ], [ -48.56325, -24.894437 ], [ -48.571586, -24.894524 ], [ -48.572361, -24.902392 ], [ -48.56667, -24.903382 ], [ -48.565943, -24.916313 ], [ -48.567702, -24.919486 ], [ -48.571417, -24.922738 ], [ -48.569705, -24.931052 ], [ -48.562394, -24.93894 ], [ -48.569202, -24.944756 ], [ -48.562507, -24.949836 ], [ -48.572197, -24.95444 ], [ -48.567472, -24.959527 ], [ -48.566897, -24.971777 ], [ -48.57966, -24.986451 ], [ -48.587986, -24.98595 ], [ -48.588758, -24.99432 ], [ -48.594729, -24.995645 ], [ -48.597581, -25.002772 ], [ -48.600357, -25.010016 ], [ -48.596737, -25.014927 ], [ -48.598772, -25.018783 ], [ -48.588395, -25.019216 ], [ -48.589109, -25.029199 ], [ -48.581065, -25.034367 ], [ -48.582187, -25.051156 ], [ -48.568596, -25.050572 ], [ -48.561322, -25.059249 ], [ -48.558429, -25.061052 ], [ -48.559401, -25.077471 ], [ -48.555868, -25.083809 ], [ -48.556027, -25.087607 ], [ -48.544829, -25.099969 ], [ -48.543313, -25.105095 ], [ -48.548325, -25.108325 ], [ -48.56058, -25.105378 ], [ -48.562834, -25.09464 ], [ -48.572523, -25.083685 ], [ -48.594872, -25.090505 ], [ -48.604914, -25.090057 ], [ -48.612016, -25.092579 ], [ -48.611792, -25.098725 ], [ -48.623495, -25.116035 ], [ -48.632534, -25.119613 ], [ -48.641314, -25.117655 ], [ -48.645301, -25.125396 ], [ -48.643056, -25.130456 ], [ -48.662333, -25.126119 ], [ -48.666197, -25.127736 ], [ -48.673892, -25.144208 ], [ -48.680007, -25.145511 ], [ -48.684014, -25.137786 ], [ -48.681493, -25.121579 ], [ -48.683844, -25.116227 ], [ -48.688005, -25.120533 ], [ -48.703386, -25.112477 ], [ -48.703225, -25.104368 ], [ -48.712603, -25.104081 ], [ -48.717697, -25.100156 ], [ -48.725601, -25.100084 ], [ -48.727152, -25.089854 ], [ -48.734838, -25.09293 ], [ -48.748897, -25.088424 ], [ -48.751299, -25.091324 ], [ -48.758072, -25.090527 ], [ -48.769133, -25.096589 ], [ -48.765428, -25.104015 ], [ -48.773693, -25.111481 ], [ -48.78435, -25.125854 ], [ -48.802957, -25.132726 ], [ -48.8208, -25.133425 ], [ -48.827226, -25.139313 ], [ -48.829483, -25.147541 ], [ -48.844472, -25.162048 ], [ -48.844446, -25.168999 ], [ -48.838816, -25.177857 ], [ -48.844678, -25.189062 ], [ -48.833113, -25.192608 ], [ -48.82932, -25.200341 ], [ -48.828917, -25.217888 ], [ -48.818887, -25.223077 ], [ -48.825397, -25.231415 ], [ -48.829729, -25.232097 ], [ -48.829199, -25.241573 ], [ -48.834414, -25.246182 ], [ -48.830706, -25.252505 ], [ -48.839642, -25.262909 ], [ -48.831039, -25.284512 ], [ -48.835307, -25.294091 ], [ -48.830554, -25.295357 ], [ -48.830088, -25.302461 ], [ -48.844407, -25.309507 ], [ -48.860974, -25.304969 ], [ -48.879854, -25.292592 ], [ -48.88833, -25.290643 ], [ -48.904022, -25.3018 ], [ -48.904824, -25.316168 ], [ -48.901062, -25.321511 ], [ -48.905887, -25.332516 ], [ -48.899139, -25.335342 ], [ -48.899228, -25.348482 ], [ -48.907273, -25.352283 ], [ -48.906258, -25.356538 ], [ -48.912132, -25.368198 ], [ -48.914692, -25.366794 ], [ -48.918541, -25.378948 ], [ -48.927143, -25.383676 ], [ -48.930244, -25.380093 ], [ -48.935705, -25.384304 ], [ -48.944252, -25.387666 ], [ -48.942539, -25.391503 ], [ -48.949223, -25.401045 ], [ -48.946694, -25.404466 ], [ -48.953937, -25.410905 ], [ -48.948261, -25.41659 ], [ -48.959409, -25.424869 ], [ -48.968501, -25.426962 ], [ -48.96239, -25.444256 ], [ -48.962409, -25.450728 ], [ -48.952669, -25.455342 ], [ -48.955716, -25.458442 ], [ -48.9503, -25.463386 ], [ -48.950759, -25.46972 ], [ -48.940502, -25.475308 ], [ -48.947044, -25.481049 ], [ -48.947012, -25.485231 ], [ -48.954679, -25.483454 ], [ -48.955844, -25.489397 ], [ -48.963683, -25.49125 ], [ -48.965349, -25.501755 ], [ -48.974634, -25.508422 ], [ -48.970176, -25.512599 ], [ -48.973057, -25.518789 ], [ -48.969684, -25.522154 ], [ -48.964053, -25.522456 ], [ -48.960885, -25.537478 ], [ -48.972362, -25.545262 ], [ -48.970831, -25.556898 ], [ -48.964605, -25.558403 ], [ -48.970368, -25.565208 ], [ -48.969667, -25.570199 ], [ -48.97412, -25.572526 ], [ -48.963065, -25.57645 ], [ -48.956458, -25.583284 ], [ -48.948417, -25.579274 ], [ -48.942741, -25.580336 ], [ -48.939395, -25.58857 ], [ -48.93577, -25.602188 ], [ -48.939122, -25.602678 ], [ -48.9444, -25.593285 ], [ -48.956898, -25.599182 ], [ -48.959208, -25.612616 ], [ -48.953701, -25.624344 ], [ -48.957878, -25.630209 ], [ -48.954982, -25.631916 ], [ -48.957623, -25.63211 ], [ -48.956133, -25.636909 ], [ -48.95042, -25.641359 ], [ -48.962085, -25.653047 ], [ -48.961921, -25.662819 ], [ -48.966176, -25.661198 ], [ -48.969262, -25.664357 ], [ -48.963434, -25.675531 ], [ -48.964177, -25.682829 ], [ -48.967909, -25.684449 ], [ -48.965272, -25.701252 ], [ -48.971576, -25.707191 ], [ -48.971928, -25.714212 ], [ -48.977493, -25.717181 ], [ -48.972947, -25.726006 ], [ -48.964183, -25.729797 ], [ -48.960911, -25.735683 ], [ -48.947816, -25.726625 ], [ -48.938191, -25.742132 ], [ -48.900019, -25.760159 ], [ -48.883661, -25.758675 ], [ -48.880087, -25.762941 ], [ -48.87233, -25.755798 ], [ -48.872821, -25.76256 ], [ -48.868316, -25.766067 ], [ -48.869954, -25.774428 ], [ -48.861516, -25.786932 ], [ -48.851748, -25.796347 ], [ -48.842081, -25.797419 ], [ -48.857298, -25.808249 ], [ -48.863346, -25.803906 ], [ -48.878078, -25.811768 ], [ -48.885147, -25.810212 ], [ -48.884079, -25.814522 ], [ -48.890488, -25.818656 ], [ -48.899861, -25.820505 ], [ -48.905718, -25.81706 ], [ -48.90664, -25.812412 ], [ -48.917655, -25.81103 ], [ -48.92273, -25.812442 ], [ -48.922802, -25.817441 ], [ -48.930234, -25.819979 ], [ -48.93398, -25.817766 ], [ -48.938703, -25.822535 ], [ -48.945727, -25.821468 ], [ -48.952429, -25.828943 ], [ -48.96227, -25.830427 ], [ -48.969054, -25.836136 ], [ -48.971598, -25.851453 ], [ -48.97203, -25.86149 ], [ -48.974463, -25.889166 ], [ -48.970444, -25.897111 ], [ -48.983455, -25.90561 ], [ -48.989313, -25.905765 ], [ -48.984603, -25.911535 ], [ -48.991971, -25.921161 ], [ -48.98543, -25.934461 ], [ -48.984819, -25.937511 ], [ -48.978752, -25.937871 ], [ -48.982444, -25.947609 ], [ -48.965533, -25.94733 ], [ -48.961903, -25.950534 ], [ -48.965436, -25.955963 ], [ -48.954, -25.964939 ], [ -48.961083, -25.97792 ], [ -48.970613, -25.983028 ], [ -48.967714, -25.986418 ], [ -48.977953, -25.988491 ], [ -48.979916, -25.997379 ], [ -48.985985, -26.00025 ], [ -48.983724, -26.004062 ], [ -48.997673, -26.011341 ], [ -49.002715, -26.01057 ], [ -49.006647, -26.0152 ], [ -49.020222, -26.014922 ], [ -49.029191, -26.003467 ], [ -49.040457, -26.00355 ], [ -49.046149, -26.018653 ], [ -49.051342, -26.016835 ], [ -49.054749, -26.020065 ], [ -49.068222, -26.009006 ], [ -49.070644, -25.99859 ], [ -49.078417, -26.006327 ], [ -49.090473, -26.002828 ], [ -49.09302, -26.009812 ], [ -49.10267, -26.007504 ], [ -49.103503, -26.004061 ], [ -49.10658, -25.998627 ], [ -49.112421, -26.004787 ], [ -49.125083, -25.995761 ], [ -49.131532, -25.999445 ], [ -49.128383, -26.003202 ], [ -49.131113, -26.006994 ], [ -49.140782, -26.015077 ], [ -49.142401, -26.01065 ], [ -49.146333, -26.00943 ], [ -49.147512, -26.01337 ], [ -49.150767, -26.009393 ], [ -49.161652, -26.007202 ], [ -49.166704, -26.000679 ], [ -49.174806, -26.001365 ], [ -49.180719, -26.008513 ], [ -49.191472, -26.008277 ], [ -49.1913, -26.012894 ], [ -49.19519, -26.015417 ], [ -49.206821, -26.016981 ], [ -49.21071, -26.02503 ], [ -49.217123, -26.023563 ], [ -49.224946, -26.030508 ], [ -49.234078, -26.030271 ], [ -49.237535, -26.03087 ], [ -49.236492, -26.036897 ], [ -49.242195, -26.043633 ], [ -49.251763, -26.046864 ], [ -49.254848, -26.055694 ], [ -49.252724, -26.062895 ], [ -49.256851, -26.063676 ], [ -49.25511, -26.066911 ], [ -49.260306, -26.06888 ], [ -49.266465, -26.066677 ], [ -49.264575, -26.071541 ], [ -49.268494, -26.075933 ], [ -49.265495, -26.078541 ], [ -49.269135, -26.080577 ], [ -49.274652, -26.077753 ], [ -49.273651, -26.081444 ], [ -49.276626, -26.082539 ], [ -49.279663, -26.078619 ], [ -49.286545, -26.078218 ], [ -49.296023, -26.086214 ], [ -49.294498, -26.093426 ], [ -49.291289, -26.093075 ], [ -49.294523, -26.097877 ], [ -49.29189, -26.096382 ], [ -49.289304, -26.102221 ], [ -49.300264, -26.103863 ], [ -49.297607, -26.109371 ], [ -49.302906, -26.11305 ], [ -49.304282, -26.109546 ], [ -49.321242, -26.10966 ], [ -49.325631, -26.116229 ], [ -49.334265, -26.119774 ], [ -49.333803, -26.124407 ], [ -49.341702, -26.128699 ], [ -49.346815, -26.127625 ], [ -49.350448, -26.13345 ], [ -49.3547, -26.133447 ], [ -49.3534, -26.13592 ], [ -49.358437, -26.136772 ], [ -49.356614, -26.138451 ], [ -49.360537, -26.13689 ], [ -49.359815, -26.140232 ] ], [ [ -49.528113, -26.063329 ], [ -49.528113, -26.063328 ], [ -49.53149, -26.06564 ], [ -49.528113, -26.063329 ] ] ] } },
{ "type": "Feature", "properties": { "HREG_ID": "41003", "HREG_NAME": "3ª RS Ponta Grossa", "id": "410160", "name": "Arapoti", "description": "Arapoti", "MUN_ID": "410160", "UF": "PR", "MACRO_ID": "4107", "MACRO_NAME": "Macrorregião Leste" }, "geometry": { "type": "Polygon", "coordinates": [ [ [ -50.085549, -25.650502 ], [ -50.094909, -25.653497 ], [ -50.095957, -25.651084 ], [ -50.095118, -25.65621 ], [ -50.096321, -25.66667 ], [ -50.108686, -25.657436 ], [ -50.113296, -25.66631 ], [ -50.117949, -25.660947 ], [ -50.120405, -25.659247 ], [ -50.127327, -25.662751 ], [ -50.133339, -25.659483 ], [ -50.134387, -25.663878 ], [ -50.129362, -25.668936 ], [ -50.134705, -25.67456 ], [ -50.146669, -25.678095 ], [ -50.151552, -25.684088 ], [ -50.150851, -25.68858 ], [ -50.145733, -25.685891 ], [ -50.138716, -25.695374 ], [ -50.135108, -25.69508 ], [ -50.133917, -25.700052 ], [ -50.129899, -25.700061 ], [ -50.127482, -25.70388 ], [ -50.129878, -25.707959 ], [ -50.120959, -25.709339 ], [ -50.122118, -25.713842 ], [ -50.12695, -25.711889 ], [ -50.128385, -25.71749 ], [ -50.137214, -25.718527 ], [ -50.145304, -25.726343 ], [ -50.148755, -25.723382 ], [ -50.153153, -25.725147 ], [ -50.152679, -25.729288 ], [ -50.147837, -25.728605 ], [ -50.157142, -25.731989 ], [ -50.150764, -25.733563 ], [ -50.153764, -25.739398 ], [ -50.148168, -25.738414 ], [ -50.152776, -25.74326 ], [ -50.147375, -25.744988 ], [ -50.151353, -25.748281 ], [ -50.150202, -25.753112 ], [ -50.158358, -25.748738 ], [ -50.162307, -25.761619 ], [ -50.174659, -25.759935 ], [ -50.170586, -25.765084 ], [ -50.184807, -25.766034 ], [ -50.184898, -25.760766 ], [ -50.187601, -25.760753 ], [ -50.187734, -25.772097 ], [ -50.180487, -25.786939 ], [ -50.181585, -25.789833 ], [ -50.190621, -25.786644 ], [ -50.199875, -25.79245 ], [ -50.204769, -25.790593 ], [ -50.199708, -25.784923 ], [ -50.203688, -25.788344 ], [ -50.208812, -25.787156 ], [ -50.219369, -25.797665 ], [ -50.223094, -25.799295 ], [ -50.219467, -25.801805 ], [ -50.222485, -25.805542 ], [ -50.227613, -25.804829 ], [ -50.231015, -25.809633 ], [ -50.227697, -25.812278 ], [ -50.23887, -25.813637 ], [ -50.230163, -25.823004 ], [ -50.232192, -25.82995 ], [ -50.252784, -25.840365 ], [ -50.263029, -25.839077 ], [ -50.262393, -25.83622 ], [ -50.267746, -25.836303 ], [ -50.270749, -25.809099 ], [ -50.268063, -25.804632 ], [ -50.273779, -25.800291 ], [ -50.278882, -25.803419 ], [ -50.284655, -25.794683 ], [ -50.293849, -25.791012 ], [ -50.291753, -25.777939 ], [ -50.298547, -25.769095 ], [ -50.308454, -25.768483 ], [ -50.307745, -25.756262 ], [ -50.315955, -25.755236 ], [ -50.321275, -25.759805 ], [ -50.323009, -25.751702 ], [ -50.330461, -25.749999 ], [ -50.329047, -25.745152 ], [ -50.337576, -25.742745 ], [ -50.341292, -25.749662 ], [ -50.345057, -25.74957 ], [ -50.358827, -25.731044 ], [ -50.360364, -25.730313 ], [ -50.363138, -25.728535 ], [ -50.371062, -25.736675 ], [ -50.390429, -25.74169 ], [ -50.397622, -25.749275 ], [ -50.409418, -25.729447 ], [ -50.41533, -25.719507 ], [ -50.433295, -25.724154 ], [ -50.451239, -25.723574 ], [ -50.483126, -25.741795 ], [ -50.488121, -25.739508 ], [ -50.489507, -25.734076 ], [ -50.484913, -25.728267 ], [ -50.485669, -25.708211 ], [ -50.481507, -25.708007 ], [ -50.477186, -25.701539 ], [ -50.478528, -25.697806 ], [ -50.476665, -25.697811 ], [ -50.470979, -25.689678 ], [ -50.462841, -25.688813 ], [ -50.455106, -25.680308 ], [ -50.459017, -25.660137 ], [ -50.463886, -25.660991 ], [ -50.474609, -25.655098 ], [ -50.468883, -25.654978 ], [ -50.462783, -25.648066 ], [ -50.449884, -25.647585 ], [ -50.450562, -25.639204 ], [ -50.446402, -25.634511 ], [ -50.430537, -25.643353 ], [ -50.42469, -25.631635 ], [ -50.429641, -25.629417 ], [ -50.429118, -25.621306 ], [ -50.42465, -25.615096 ], [ -50.423843, -25.591428 ], [ -50.415427, -25.586685 ], [ -50.41253, -25.577561 ], [ -50.401508, -25.576329 ], [ -50.401004, -25.562845 ], [ -50.391785, -25.553115 ], [ -50.381859, -25.549141 ], [ -50.372507, -25.549693 ], [ -50.357028, -25.537799 ], [ -50.35796, -25.527289 ], [ -50.357908, -25.527188 ], [ -50.352695, -25.514172 ], [ -50.354258, -25.506001 ], [ -50.355308, -25.49708 ], [ -50.34763, -25.496478 ], [ -50.349539, -25.488863 ], [ -50.344075, -25.479239 ], [ -50.345768, -25.462383 ], [ -50.341754, -25.448087 ], [ -50.344775, -25.4429 ], [ -50.354373, -25.439162 ], [ -50.354182, -25.433115 ], [ -50.348959, -25.425859 ], [ -50.33896, -25.425286 ], [ -50.33094, -25.420655 ], [ -50.320891, -25.41485 ], [ -50.32059, -25.405475 ], [ -50.309316, -25.388175 ], [ -50.29925, -25.376514 ], [ -50.276558, -25.376512 ], [ -50.273666, -25.3602 ], [ -50.276254, -25.357844 ], [ -50.272857, -25.355568 ], [ -50.281025, -25.347765 ], [ -50.280102, -25.338575 ], [ -50.287564, -25.31351 ], [ -50.283688, -25.307994 ], [ -50.283135, -25.293488 ], [ -50.277445, -25.289255 ], [ -50.275658, -25.288096 ], [ -50.275797, -25.286808 ], [ -50.272175, -25.281791 ], [ -50.269627, -25.273585 ], [ -50.272527, -25.265289 ], [ -50.267355, -25.257108 ], [ -50.270818, -25.247212 ], [ -50.267288, -25.242192 ], [ -50.269262, -25.239978 ], [ -50.262539, -25.233174 ], [ -50.272818, -25.224957 ], [ -50.280013, -25.211345 ], [ -50.261343, -25.19829 ], [ -50.266627, -25.190381 ], [ -50.27382, -25.187218 ], [ -50.272398, -25.159307 ], [ -50.276404, -25.15316 ], [ -50.27265, -25.149052 ], [ -50.274075, -25.14549 ], [ -50.279979, -25.132093 ], [ -50.283261, -25.136435 ], [ -50.292562, -25.133612 ], [ -50.292096, -25.138234 ], [ -50.297228, -25.137461 ], [ -50.299541, -25.140719 ], [ -50.310954, -25.132292 ], [ -50.310484, -25.129415 ], [ -50.318009, -25.133895 ], [ -50.325407, -25.133382 ], [ -50.332644, -25.124518 ], [ -50.349655, -25.115221 ], [ -50.350983, -25.110231 ], [ -50.355623, -25.111643 ], [ -50.368765, -25.104255 ], [ -50.37084, -25.098454 ], [ -50.366399, -25.099717 ], [ -50.370124, -25.096527 ], [ -50.384491, -25.08996 ], [ -50.380095, -25.096022 ], [ -50.38151, -25.100879 ], [ -50.384648, -25.100765 ], [ -50.379291, -25.110588 ], [ -50.38677, -25.109554 ], [ -50.394013, -25.117222 ], [ -50.394294, -25.120097 ], [ -50.38907, -25.119647 ], [ -50.390981, -25.125858 ], [ -50.385658, -25.126733 ], [ -50.387569, -25.129554 ], [ -50.378511, -25.133254 ], [ -50.38001, -25.138981 ], [ -50.385601, -25.142111 ], [ -50.386675, -25.150467 ], [ -50.384987, -25.153194 ], [ -50.378654, -25.152915 ], [ -50.37946, -25.15893 ], [ -50.38479, -25.156472 ], [ -50.380733, -25.162809 ], [ -50.404485, -25.145437 ], [ -50.410519, -25.150379 ], [ -50.405932, -25.168409 ], [ -50.417545, -25.171351 ], [ -50.419767, -25.179854 ], [ -50.415146, -25.186484 ], [ -50.424704, -25.193928 ], [ -50.427453, -25.202705 ], [ -50.425155, -25.205364 ], [ -50.429598, -25.207491 ], [ -50.430485, -25.213805 ], [ -50.43959, -25.216108 ], [ -50.44284, -25.211885 ], [ -50.447997, -25.214537 ], [ -50.467732, -25.171075 ], [ -50.4913, -25.162961 ], [ -50.500996, -25.152229 ], [ -50.501455, -25.151883 ], [ -50.551392, -25.114151 ], [ -50.563273, -25.105168 ], [ -50.571995, -25.10561 ], [ -50.612998, -25.08141 ], [ -50.62052, -25.077176 ], [ -50.62107, -25.0679 ], [ -50.625052, -25.066389 ], [ -50.645094, -25.080134 ], [ -50.648138, -25.073095 ], [ -50.651095, -25.073082 ], [ -50.657562, -25.076802 ], [ -50.66305, -25.086603 ], [ -50.676568, -25.082526 ], [ -50.692876, -25.069531 ], [ -50.696969, -25.045139 ], [ -50.699069, -25.037811 ], [ -50.704644, -25.038463 ], [ -50.70681, -25.047014 ], [ -50.72672, -25.065195 ], [ -50.731354, -25.073614 ], [ -50.740958, -25.076897 ], [ -50.741925, -25.085912 ], [ -50.74201, -25.086017 ], [ -50.747617, -25.089559 ], [ -50.747234, -25.094766 ], [ -50.753088, -25.09535 ], [ -50.752979, -25.108874 ], [ -50.762311, -25.102128 ], [ -50.774329, -25.111787 ], [ -50.778726, -25.126793 ], [ -50.768342, -25.158697 ], [ -50.774196, -25.160895 ], [ -50.787136, -25.15699 ], [ -50.795144, -25.15934 ], [ -50.804448, -25.149615 ], [ -50.807372, -25.155991 ], [ -50.811431, -25.154698 ], [ -50.819156, -25.146082 ], [ -50.817002, -25.129673 ], [ -50.821658, -25.127692 ], [ -50.831512, -25.112471 ], [ -50.841436, -25.108748 ], [ -50.844975, -25.102803 ], [ -50.845039, -25.096272 ], [ -50.87221, -25.084599 ], [ -50.876353, -25.076449 ], [ -50.885548, -25.073217 ], [ -50.894823, -25.074593 ], [ -50.901404, -25.068354 ], [ -50.909803, -25.07225 ], [ -50.920155, -25.070926 ], [ -50.937659, -25.07236 ], [ -50.952343, -25.070985 ], [ -50.952152, -25.056433 ], [ -50.957265, -25.045515 ], [ -50.954782, -25.041121 ], [ -50.950705, -25.036298 ], [ -50.95874, -25.032801 ], [ -50.963178, -25.022834 ], [ -50.973073, -25.019382 ], [ -50.968186, -25.01427 ], [ -50.972512, -25.003893 ], [ -50.999993, -25.003323 ], [ -50.998934, -24.993894 ], [ -50.991987, -24.987845 ], [ -50.99293, -24.981261 ], [ -51.013044, -24.98313 ], [ -51.017742, -24.979451 ], [ -51.014852, -24.973187 ], [ -51.0171, -24.968633 ], [ -51.014155, -24.966741 ], [ -51.008546, -24.970518 ], [ -51.004516, -24.968813 ], [ -51.005817, -24.965383 ], [ -50.999992, -24.967874 ], [ -50.999987, -24.958717 ], [ -50.996491, -24.963131 ], [ -50.984157, -24.965309 ], [ -50.985293, -24.960082 ], [ -50.979372, -24.9515 ], [ -50.975429, -24.951512 ], [ -50.978127, -24.944116 ], [ -50.96879, -24.938325 ], [ -50.969172, -24.934165 ], [ -50.962451, -24.932491 ], [ -50.981582, -24.906808 ], [ -50.997898, -24.862632 ], [ -51.001301, -24.862299 ], [ -50.981935, -24.852757 ], [ -50.970712, -24.853181 ], [ -50.96757, -24.848877 ], [ -50.959401, -24.85269 ], [ -50.948211, -24.849367 ], [ -50.946576, -24.842227 ], [ -50.922493, -24.853188 ], [ -50.914767, -24.855555 ], [ -50.907157, -24.838035 ], [ -50.901931, -24.838902 ], [ -50.897628, -24.834491 ], [ -50.881624, -24.836946 ], [ -50.879458, -24.83103 ], [ -50.875401, -24.83144 ], [ -50.86599, -24.834174 ], [ -50.865263, -24.842952 ], [ -50.860982, -24.845631 ], [ -50.849371, -24.850736 ], [ -50.849294, -24.855937 ], [ -50.839482, -24.859379 ], [ -50.828313, -24.85289 ], [ -50.820125, -24.845429 ], [ -50.805186, -24.852217 ], [ -50.782289, -24.854053 ], [ -50.776772, -24.85149 ], [ -50.771542, -24.841709 ], [ -50.767711, -24.844061 ], [ -50.74923, -24.830944 ], [ -50.731708, -24.850124 ], [ -50.713572, -24.854507 ], [ -50.693461, -24.852611 ], [ -50.68718, -24.855993 ], [ -50.679297, -24.855329 ], [ -50.670266, -24.846604 ], [ -50.664762, -24.851091 ], [ -50.658676, -24.84848 ], [ -50.658547, -24.848561 ], [ -50.651127, -24.84982 ], [ -50.635545, -24.860176 ], [ -50.626926, -24.879785 ], [ -50.616795, -24.88439 ], [ -50.589651, -24.87746 ], [ -50.577043, -24.868669 ], [ -50.571736, -24.860557 ], [ -50.55807, -24.864778 ], [ -50.553965, -24.860868 ], [ -50.549151, -24.849479 ], [ -50.523292, -24.832019 ], [ -50.5094, -24.836554 ], [ -50.498848, -24.821214 ], [ -50.487931, -24.814282 ], [ -50.488472, -24.808863 ], [ -50.475769, -24.807102 ], [ -50.467533, -24.800254 ], [ -50.459587, -24.799226 ], [ -50.453268, -24.802794 ], [ -50.444281, -24.797638 ], [ -50.437551, -24.803713 ], [ -50.466834, -24.848393 ], [ -50.523591, -24.932639 ], [ -50.526695, -24.937416 ], [ -50.51304, -24.940878 ], [ -50.501907, -24.952781 ], [ -50.497368, -24.973802 ], [ -50.483092, -24.987733 ], [ -50.476405, -24.991173 ], [ -50.474093, -24.997039 ], [ -50.468879, -24.994114 ], [ -50.469801, -24.98371 ], [ -50.460174, -24.988807 ], [ -50.455882, -24.987344 ], [ -50.454797, -24.990389 ], [ -50.453505, -24.98769 ], [ -50.451948, -24.992781 ], [ -50.447141, -24.990868 ], [ -50.439108, -24.999514 ], [ -50.433087, -24.99809 ], [ -50.429786, -25.003847 ], [ -50.419489, -25.006973 ], [ -50.413207, -24.989767 ], [ -50.395881, -24.98965 ], [ -50.39155, -24.985733 ], [ -50.391242, -24.978366 ], [ -50.41368, -24.962831 ], [ -50.393376, -24.956691 ], [ -50.38691, -24.954508 ], [ -50.38562, -24.949532 ], [ -50.398995, -24.938415 ], [ -50.378153, -24.93913 ], [ -50.380228, -24.924003 ], [ -50.364523, -24.92622 ], [ -50.361025, -24.921907 ], [ -50.361383, -24.912609 ], [ -50.347126, -24.907987 ], [ -50.338101, -24.892966 ], [ -50.323888, -24.900109 ], [ -50.32277, -24.891894 ], [ -50.328756, -24.886762 ], [ -50.333316, -24.887956 ], [ -50.339067, -24.88156 ], [ -50.31682, -24.865984 ], [ -50.315682, -24.860276 ], [ -50.338512, -24.870889 ], [ -50.35899, -24.836901 ], [ -50.356433, -24.835659 ], [ -50.338675, -24.845478 ], [ -50.327373, -24.845435 ], [ -50.31568, -24.837962 ], [ -50.313756, -24.851806 ], [ -50.296402, -24.853607 ], [ -50.298155, -24.846223 ], [ -50.305954, -24.841221 ], [ -50.305788, -24.832508 ], [ -50.296848, -24.833989 ], [ -50.298573, -24.82123 ], [ -50.295008, -24.819014 ], [ -50.305977, -24.803759 ], [ -50.306262, -24.788807 ], [ -50.302742, -24.78089 ], [ -50.287956, -24.77641 ], [ -50.283676, -24.780298 ], [ -50.275822, -24.779662 ], [ -50.268039, -24.775941 ], [ -50.262708, -24.767011 ], [ -50.255239, -24.769999 ], [ -50.245842, -24.764751 ], [ -50.23868, -24.752669 ], [ -50.229015, -24.752094 ], [ -50.215599, -24.739595 ], [ -50.193814, -24.728182 ], [ -50.181069, -24.709395 ], [ -50.169729, -24.705555 ], [ -50.159648, -24.692861 ], [ -50.161259, -24.681989 ], [ -50.179373, -24.667423 ], [ -50.189513, -24.652858 ], [ -50.173289, -24.646622 ], [ -50.178615, -24.635552 ], [ -50.167509, -24.636657 ], [ -50.155735, -24.629407 ], [ -50.167067, -24.610394 ], [ -50.178574, -24.604224 ], [ -50.169807, -24.59309 ], [ -50.158632, -24.592432 ], [ -50.173604, -24.573136 ], [ -50.184175, -24.562877 ], [ -50.168161, -24.55223 ], [ -50.152708, -24.556931 ], [ -50.152934, -24.54955 ], [ -50.141213, -24.54939 ], [ -50.140635, -24.544458 ], [ -50.134333, -24.540613 ], [ -50.134967, -24.538101 ], [ -50.129915, -24.536701 ], [ -50.131513, -24.532913 ], [ -50.117096, -24.538476 ], [ -50.102767, -24.531091 ], [ -50.106659, -24.522835 ], [ -50.104071, -24.519701 ], [ -50.090451, -24.52547 ], [ -50.085518, -24.522807 ], [ -50.104281, -24.505296 ], [ -50.105101, -24.501342 ], [ -50.100066, -24.495946 ], [ -50.106944, -24.487459 ], [ -50.118652, -24.483679 ], [ -50.141542, -24.464223 ], [ -50.15572, -24.4581 ], [ -50.179625, -24.449376 ], [ -50.209232, -24.4243 ], [ -50.198346, -24.405446 ], [ -50.197096, -24.392911 ], [ -50.19151, -24.389045 ], [ -50.184369, -24.374325 ], [ -50.176368, -24.373132 ], [ -50.169704, -24.353185 ], [ -50.175181, -24.33731 ], [ -50.19337, -24.327968 ], [ -50.188599, -24.31383 ], [ -50.193712, -24.303347 ], [ -50.184567, -24.290116 ], [ -50.187727, -24.286346 ], [ -50.191846, -24.280356 ], [ -50.192374, -24.260019 ], [ -50.205486, -24.243812 ], [ -50.205539, -24.23203 ], [ -50.195895, -24.223783 ], [ -50.2011, -24.219352 ], [ -50.20059, -24.209534 ], [ -50.19739, -24.209123 ], [ -50.19664, -24.201291 ], [ -50.193449, -24.199988 ], [ -50.196116, -24.19536 ], [ -50.190542, -24.179275 ], [ -50.182902, -24.179433 ], [ -50.186209, -24.177007 ], [ -50.185023, -24.172318 ], [ -50.176741, -24.174078 ], [ -50.17804, -24.169903 ], [ -50.169046, -24.172107 ], [ -50.167813, -24.168529 ], [ -50.164441, -24.168927 ], [ -50.160091, -24.165214 ], [ -50.162713, -24.16163 ], [ -50.158199, -24.159845 ], [ -50.156563, -24.162766 ], [ -50.1545, -24.158372 ], [ -50.152061, -24.161746 ], [ -50.148367, -24.159045 ], [ -50.151351, -24.153249 ], [ -50.146439, -24.151028 ], [ -50.147693, -24.14739 ], [ -50.144415, -24.143777 ], [ -50.142161, -24.146612 ], [ -50.124697, -24.14515 ], [ -50.117893, -24.139376 ], [ -50.122097, -24.13748 ], [ -50.114914, -24.126898 ], [ -50.108961, -24.133775 ], [ -50.101774, -24.126561 ], [ -50.102656, -24.120221 ], [ -50.096643, -24.119658 ], [ -50.093915, -24.114709 ], [ -50.099223, -24.112044 ], [ -50.094108, -24.100183 ], [ -50.098086, -24.095567 ], [ -50.095314, -24.091586 ], [ -50.097986, -24.088904 ], [ -50.106986, -24.090585 ], [ -50.10478, -24.089177 ], [ -50.110952, -24.085041 ], [ -50.1068, -24.07571 ], [ -50.113589, -24.0714 ], [ -50.111471, -24.067607 ], [ -50.128684, -24.061284 ], [ -50.132962, -24.056459 ], [ -50.129317, -24.053601 ], [ -50.132158, -24.052766 ], [ -50.133945, -24.04113 ], [ -50.13711, -24.037468 ], [ -50.140707, -24.040384 ], [ -50.147706, -24.039292 ], [ -50.144695, -24.036028 ], [ -50.151332, -24.037518 ], [ -50.15481, -24.033479 ], [ -50.150678, -24.031803 ], [ -50.154436, -24.029455 ], [ -50.153817, -24.024094 ], [ -50.168511, -24.032389 ], [ -50.174872, -24.027049 ], [ -50.176587, -24.029626 ], [ -50.181297, -24.028385 ], [ -50.184261, -24.023689 ], [ -50.192652, -24.027373 ], [ -50.191666, -24.02116 ], [ -50.197407, -24.013164 ], [ -50.205189, -24.01197 ], [ -50.210128, -24.002119 ], [ -50.213267, -24.003077 ], [ -50.213817, -23.996699 ], [ -50.21868, -23.999162 ], [ -50.220333, -23.996975 ], [ -50.162852, -23.94461 ], [ -50.16122, -23.941605 ], [ -50.151367, -23.940367 ], [ -50.13194, -23.954695 ], [ -50.121232, -23.956108 ], [ -50.113891, -23.96269 ], [ -50.109092, -23.958927 ], [ -50.103728, -23.961123 ], [ -50.100588, -23.958517 ], [ -50.096722, -23.962046 ], [ -50.086531, -23.959397 ], [ -50.081009, -23.960598 ], [ -50.07717, -23.968943 ], [ -50.07236, -23.96421 ], [ -50.067263, -23.971221 ], [ -50.070934, -23.977291 ], [ -50.068362, -23.98043 ], [ -50.064066, -23.985671 ], [ -50.057527, -23.984788 ], [ -50.055472, -23.988028 ], [ -50.052112, -23.982015 ], [ -50.048783, -23.982928 ], [ -50.047771, -23.989394 ], [ -50.044707, -23.98528 ], [ -50.041065, -23.989856 ], [ -50.036625, -23.991551 ], [ -50.035236, -23.986787 ], [ -50.025044, -23.984162 ], [ -50.022033, -23.986372 ], [ -50.017033, -23.978934 ], [ -50.010516, -23.983497 ], [ -50.006139, -23.980248 ], [ -50.008358, -23.974723 ], [ -50.004867, -23.971178 ], [ -49.998779, -23.975218 ], [ -49.996073, -23.972042 ], [ -49.992903, -23.975721 ], [ -49.984877, -23.969689 ], [ -49.978475, -23.969236 ], [ -49.971112, -23.966976 ], [ -49.976694, -23.962888 ], [ -49.97005, -23.960554 ], [ -49.972146, -23.948101 ], [ -49.964284, -23.946995 ], [ -49.973638, -23.939498 ], [ -49.964745, -23.936248 ], [ -49.974764, -23.927552 ], [ -49.980669, -23.927622 ], [ -49.97309, -23.919924 ], [ -49.968363, -23.91974 ], [ -49.971543, -23.906595 ], [ -49.963208, -23.907354 ], [ -49.965168, -23.901463 ], [ -49.972631, -23.901663 ], [ -49.97204, -23.898498 ], [ -49.95539, -23.893348 ], [ -49.966417, -23.876683 ], [ -49.965689, -23.870309 ], [ -49.953713, -23.874919 ], [ -49.95295, -23.866419 ], [ -49.941891, -23.867234 ], [ -49.934558, -23.861653 ], [ -49.949495, -23.852423 ], [ -49.948991, -23.861801 ], [ -49.959079, -23.85242 ], [ -49.926701, -23.844243 ], [ -49.923019, -23.843312 ], [ -49.916955, -23.849162 ], [ -49.916869, -23.86197 ], [ -49.910891, -23.867347 ], [ -49.906421, -23.863712 ], [ -49.900845, -23.868707 ], [ -49.896115, -23.876913 ], [ -49.898562, -23.884963 ], [ -49.892219, -23.879537 ], [ -49.886914, -23.880323 ], [ -49.881499, -23.886508 ], [ -49.872611, -23.886344 ], [ -49.866895, -23.895795 ], [ -49.869537, -23.898525 ], [ -49.855423, -23.899251 ], [ -49.851483, -23.902999 ], [ -49.852699, -23.906143 ], [ -49.850018, -23.90532 ], [ -49.84995, -23.908498 ], [ -49.841659, -23.913439 ], [ -49.838368, -23.922037 ], [ -49.830485, -23.926957 ], [ -49.829813, -23.93579 ], [ -49.836336, -23.94854 ], [ -49.82877, -23.978377 ], [ -49.810855, -23.981063 ], [ -49.792547, -24.003346 ], [ -49.766033, -24.046674 ], [ -49.759784, -24.064863 ], [ -49.754774, -24.065107 ], [ -49.756399, -24.072358 ], [ -49.758922, -24.083615 ], [ -49.751908, -24.076098 ], [ -49.74509, -24.074266 ], [ -49.730769, -24.082262 ], [ -49.727463, -24.078079 ], [ -49.721314, -24.079767 ], [ -49.720652, -24.069754 ], [ -49.714803, -24.067082 ], [ -49.708281, -24.06964 ], [ -49.702428, -24.064539 ], [ -49.694409, -24.066412 ], [ -49.695308, -24.070799 ], [ -49.690001, -24.077628 ], [ -49.665834, -24.07359 ], [ -49.650319, -24.072758 ], [ -49.644023, -24.077309 ], [ -49.633931, -24.070214 ], [ -49.623898, -24.059989 ], [ -49.617314, -24.061568 ], [ -49.614541, -24.056875 ], [ -49.624399, -24.046982 ], [ -49.630451, -24.046894 ], [ -49.630039, -24.043107 ], [ -49.623396, -24.043509 ], [ -49.632675, -24.033818 ], [ -49.630878, -24.028137 ], [ -49.6264, -24.026034 ], [ -49.628201, -24.016668 ], [ -49.61723, -24.015426 ], [ -49.615977, -24.009731 ], [ -49.621293, -24.007234 ], [ -49.616517, -24.003971 ], [ -49.623381, -24.002777 ], [ -49.619417, -23.994551 ], [ -49.612791, -23.99869 ], [ -49.609715, -23.996982 ], [ -49.609644, -23.993395 ], [ -49.61493, -23.992343 ], [ -49.614709, -23.987823 ], [ -49.609339, -23.990141 ], [ -49.606802, -23.986711 ], [ -49.607503, -23.983763 ], [ -49.618646, -23.980362 ], [ -49.617326, -23.977278 ], [ -49.610964, -23.978229 ], [ -49.606498, -23.975208 ], [ -49.599827, -23.977748 ], [ -49.596283, -23.97646 ], [ -49.597084, -23.973328 ], [ -49.584731, -23.960324 ], [ -49.582965, -23.964525 ], [ -49.580442, -23.959994 ], [ -49.576684, -23.961214 ], [ -49.572299, -23.968862 ], [ -49.566308, -23.966549 ], [ -49.561587, -23.963205 ], [ -49.566028, -23.959486 ], [ -49.56509, -23.956288 ], [ -49.570114, -23.9494 ], [ -49.563607, -23.941523 ], [ -49.569029, -23.943971 ], [ -49.569731, -23.940033 ], [ -49.555244, -23.939562 ], [ -49.554061, -23.948426 ], [ -49.548689, -23.948174 ], [ -49.548589, -23.944093 ], [ -49.544773, -23.943138 ], [ -49.537957, -23.942398 ], [ -49.538018, -23.938076 ], [ -49.543892, -23.934679 ], [ -49.535324, -23.927672 ], [ -49.53173, -23.929624 ], [ -49.530283, -23.922029 ], [ -49.521858, -23.916082 ], [ -49.511127, -23.925418 ], [ -49.514355, -23.930884 ], [ -49.507568, -23.933242 ], [ -49.511732, -23.937205 ], [ -49.523989, -23.934671 ], [ -49.520622, -23.945619 ], [ -49.513398, -23.94394 ], [ -49.502525, -23.948292 ], [ -49.505191, -23.954361 ], [ -49.499155, -23.957947 ], [ -49.513228, -23.963915 ], [ -49.516279, -23.96964 ], [ -49.510292, -23.971473 ], [ -49.506764, -23.966911 ], [ -49.500123, -23.969007 ], [ -49.493207, -23.977113 ], [ -49.4953, -23.982274 ], [ -49.497647, -23.993326 ], [ -49.491792, -23.992896 ], [ -49.485927, -23.999956 ], [ -49.485703, -24.006093 ], [ -49.480093, -24.005688 ], [ -49.483009, -24.011439 ], [ -49.49139, -24.014212 ], [ -49.485677, -24.01615 ], [ -49.489677, -24.018177 ], [ -49.486676, -24.024117 ], [ -49.481089, -24.023573 ], [ -49.479127, -24.018957 ], [ -49.473904, -24.019577 ], [ -49.473281, -24.026832 ], [ -49.462965, -24.026953 ], [ -49.461726, -24.038636 ], [ -49.451448, -24.054764 ], [ -49.437346, -24.058303 ], [ -49.438506, -24.068264 ], [ -49.429308, -24.068225 ], [ -49.434912, -24.074611 ], [ -49.428535, -24.077554 ], [ -49.429533, -24.088052 ], [ -49.404404, -24.095366 ], [ -49.40734, -24.097444 ], [ -49.404525, -24.103092 ], [ -49.408591, -24.107826 ], [ -49.393471, -24.11362 ], [ -49.388875, -24.118908 ], [ -49.386455, -24.115387 ], [ -49.377516, -24.117609 ], [ -49.370369, -24.1139 ], [ -49.368263, -24.116458 ], [ -49.361678, -24.119611 ], [ -49.364451, -24.121604 ], [ -49.362895, -24.125616 ], [ -49.341398, -24.137905 ], [ -49.336485, -24.136562 ], [ -49.336318, -24.144426 ], [ -49.331982, -24.149637 ], [ -49.339868, -24.156696 ], [ -49.339348, -24.17431 ], [ -49.34584, -24.190708 ], [ -49.341067, -24.202638 ], [ -49.355285, -24.208589 ], [ -49.35548, -24.214028 ], [ -49.3502, -24.220317 ], [ -49.321502, -24.236822 ], [ -49.319146, -24.243322 ], [ -49.312228, -24.242912 ], [ -49.304897, -24.250946 ], [ -49.308196, -24.258185 ], [ -49.302147, -24.258656 ], [ -49.298232, -24.267572 ], [ -49.300757, -24.275819 ], [ -49.294729, -24.284946 ], [ -49.298197, -24.287324 ], [ -49.288235, -24.291309 ], [ -49.290316, -24.293242 ], [ -49.283331, -24.307578 ], [ -49.274235, -24.304996 ], [ -49.253758, -24.317433 ], [ -49.25257, -24.318567 ], [ -49.249959, -24.318879 ], [ -49.248398, -24.330028 ], [ -49.230736, -24.32991 ], [ -49.22381, -24.339743 ], [ -49.20547, -24.337769 ], [ -49.200202, -24.343928 ], [ -49.237342, -24.378535 ], [ -49.253023, -24.404553 ], [ -49.249757, -24.41338 ], [ -49.254904, -24.423331 ], [ -49.262334, -24.423308 ], [ -49.275198, -24.416463 ], [ -49.303305, -24.428715 ], [ -49.311686, -24.429888 ], [ -49.314575, -24.439776 ], [ -49.328216, -24.450511 ], [ -49.346297, -24.457993 ], [ -49.358769, -24.477209 ], [ -49.389235, -24.486813 ], [ -49.396231, -24.496112 ], [ -49.403396, -24.497618 ], [ -49.426467, -24.498661 ], [ -49.430968, -24.520852 ], [ -49.436677, -24.517961 ], [ -49.443015, -24.528805 ], [ -49.447203, -24.524672 ], [ -49.451276, -24.525444 ], [ -49.456455, -24.53574 ], [ -49.465901, -24.54414 ], [ -49.479265, -24.539953 ], [ -49.487245, -24.545487 ], [ -49.494581, -24.570669 ], [ -49.496975, -24.580735 ], [ -49.49313, -24.58701 ], [ -49.501146, -24.59996 ], [ -49.501402, -24.60724 ], [ -49.510218, -24.613727 ], [ -49.516886, -24.608861 ], [ -49.522852, -24.609815 ], [ -49.525985, -24.605867 ], [ -49.523209, -24.575886 ], [ -49.538732, -24.571526 ], [ -49.551553, -24.578477 ], [ -49.552633, -24.583611 ], [ -49.548266, -24.585301 ], [ -49.553157, -24.59598 ], [ -49.573115, -24.613196 ], [ -49.589446, -24.618168 ], [ -49.590697, -24.634493 ], [ -49.595168, -24.638177 ], [ -49.6074, -24.636202 ], [ -49.622471, -24.646295 ], [ -49.641047, -24.641495 ], [ -49.644331, -24.648974 ], [ -49.646848, -24.659637 ], [ -49.633094, -24.660534 ], [ -49.629582, -24.66421 ], [ -49.628372, -24.680316 ], [ -49.619963, -24.682206 ], [ -49.610101, -24.680151 ], [ -49.606288, -24.675358 ], [ -49.595527, -24.676374 ], [ -49.58173, -24.66698 ], [ -49.573, -24.667537 ], [ -49.567448, -24.676545 ], [ -49.568575, -24.68194 ], [ -49.555683, -24.688107 ], [ -49.553201, -24.698909 ], [ -49.548536, -24.698332 ], [ -49.546094, -24.705394 ], [ -49.537832, -24.705901 ], [ -49.530264, -24.714168 ], [ -49.529289, -24.715093 ], [ -49.531567, -24.719737 ], [ -49.552307, -24.762861 ], [ -49.566678, -24.796623 ], [ -49.562107, -24.800519 ], [ -49.561792, -24.807214 ], [ -49.55273, -24.810619 ], [ -49.550099, -24.816557 ], [ -49.537025, -24.817754 ], [ -49.53112, -24.837107 ], [ -49.53107, -24.84585 ], [ -49.525658, -24.846841 ], [ -49.5251, -24.858655 ], [ -49.527926, -24.861637 ], [ -49.508097, -24.876814 ], [ -49.508871, -24.887084 ], [ -49.499549, -24.894308 ], [ -49.503846, -24.89866 ], [ -49.498295, -24.904794 ], [ -49.50907, -24.900507 ], [ -49.51062, -24.911754 ], [ -49.514859, -24.912825 ], [ -49.528397, -24.908192 ], [ -49.538972, -24.916029 ], [ -49.544006, -24.928945 ], [ -49.547609, -24.93877 ], [ -49.572404, -24.939342 ], [ -49.571387, -24.943564 ], [ -49.579592, -24.948328 ], [ -49.574396, -24.958924 ], [ -49.591544, -24.975891 ], [ -49.595529, -24.975463 ], [ -49.598711, -24.983414 ], [ -49.603174, -24.98629 ], [ -49.60752, -24.982365 ], [ -49.605683, -24.979752 ], [ -49.610383, -24.978189 ], [ -49.616308, -24.979453 ], [ -49.631811, -24.999502 ], [ -49.638336, -25.001621 ], [ -49.638229, -25.007194 ], [ -49.648788, -25.001206 ], [ -49.652228, -25.008162 ], [ -49.654342, -25.004206 ], [ -49.663291, -25.001305 ], [ -49.667755, -24.998675 ], [ -49.668225, -25.004196 ], [ -49.675649, -25.006196 ], [ -49.67647, -25.009487 ], [ -49.680754, -25.009611 ], [ -49.688621, -25.017574 ], [ -49.711675, -25.02106 ], [ -49.704458, -25.028612 ], [ -49.702686, -25.031809 ], [ -49.710558, -25.033565 ], [ -49.711254, -25.038003 ], [ -49.701133, -25.044098 ], [ -49.701613, -25.048177 ], [ -49.710734, -25.044923 ], [ -49.715941, -25.050668 ], [ -49.712164, -25.053806 ], [ -49.712611, -25.05992 ], [ -49.718261, -25.057061 ], [ -49.721805, -25.06352 ], [ -49.732522, -25.058565 ], [ -49.738966, -25.06222 ], [ -49.736479, -25.064744 ], [ -49.74236, -25.078694 ], [ -49.741499, -25.082117 ], [ -49.737799, -25.080731 ], [ -49.734851, -25.088397 ], [ -49.73848, -25.091551 ], [ -49.735411, -25.0996 ], [ -49.739087, -25.10177 ], [ -49.729073, -25.108314 ], [ -49.731088, -25.111023 ], [ -49.727634, -25.110178 ], [ -49.730698, -25.114449 ], [ -49.727524, -25.120914 ], [ -49.732308, -25.123679 ], [ -49.724358, -25.134005 ], [ -49.714154, -25.138197 ], [ -49.707194, -25.13692 ], [ -49.702878, -25.148974 ], [ -49.679762, -25.167272 ], [ -49.680904, -25.177342 ], [ -49.687436, -25.186629 ], [ -49.69325, -25.194895 ], [ -49.708636, -25.205352 ], [ -49.711707, -25.21693 ], [ -49.731457, -25.223099 ], [ -49.736341, -25.219338 ], [ -49.745374, -25.220705 ], [ -49.753709, -25.217469 ], [ -49.771869, -25.19533 ], [ -49.780421, -25.193595 ], [ -49.792341, -25.19902 ], [ -49.796614, -25.210317 ], [ -49.798725, -25.214917 ], [ -49.809387, -25.216154 ], [ -49.816829, -25.225858 ], [ -49.831569, -25.224827 ], [ -49.848668, -25.233421 ], [ -49.856284, -25.233446 ], [ -49.842622, -25.253608 ], [ -49.819178, -25.269568 ], [ -49.796138, -25.303861 ], [ -49.760206, -25.357289 ], [ -49.756071, -25.360081 ], [ -49.740553, -25.365847 ], [ -49.744287, -25.393044 ], [ -49.7486, -25.396811 ], [ -49.739907, -25.414645 ], [ -49.750059, -25.420203 ], [ -49.747173, -25.435937 ], [ -49.752993, -25.445926 ], [ -49.766175, -25.450014 ], [ -49.763568, -25.456472 ], [ -49.766675, -25.466231 ], [ -49.775987, -25.472761 ], [ -49.780418, -25.486911 ], [ -49.783616, -25.486358 ], [ -49.804183, -25.502322 ], [ -49.796923, -25.512071 ], [ -49.801571, -25.513398 ], [ -49.805161, -25.519963 ], [ -49.802513, -25.523665 ], [ -49.806605, -25.534285 ], [ -49.801698, -25.551345 ], [ -49.807115, -25.548697 ], [ -49.808912, -25.553262 ], [ -49.812837, -25.556823 ], [ -49.819039, -25.554145 ], [ -49.819319, -25.550304 ], [ -49.825912, -25.545701 ], [ -49.837224, -25.552598 ], [ -49.84312, -25.546736 ], [ -49.851269, -25.554944 ], [ -49.855232, -25.546271 ], [ -49.876465, -25.543913 ], [ -49.882624, -25.549767 ], [ -49.885949, -25.545552 ], [ -49.889414, -25.554296 ], [ -49.879828, -25.556721 ], [ -49.875441, -25.561694 ], [ -49.877906, -25.570659 ], [ -49.891957, -25.577339 ], [ -49.898906, -25.574679 ], [ -49.894045, -25.566332 ], [ -49.899409, -25.564501 ], [ -49.904111, -25.567979 ], [ -49.909838, -25.570562 ], [ -49.909568, -25.561727 ], [ -49.912546, -25.556902 ], [ -49.916768, -25.556694 ], [ -49.920569, -25.563854 ], [ -49.916146, -25.56649 ], [ -49.918537, -25.571599 ], [ -49.911333, -25.574141 ], [ -49.916755, -25.576739 ], [ -49.909748, -25.581028 ], [ -49.906855, -25.578665 ], [ -49.90556, -25.584377 ], [ -49.912973, -25.591432 ], [ -49.911533, -25.596649 ], [ -49.92576, -25.60225 ], [ -49.927071, -25.599027 ], [ -49.930714, -25.602353 ], [ -49.931037, -25.598309 ], [ -49.933971, -25.59864 ], [ -49.93738, -25.608277 ], [ -49.942746, -25.607189 ], [ -49.941455, -25.610665 ], [ -49.957857, -25.600929 ], [ -49.957274, -25.606748 ], [ -49.968859, -25.60732 ], [ -49.979425, -25.604818 ], [ -49.978037, -25.594074 ], [ -49.98555, -25.599223 ], [ -49.993771, -25.603409 ], [ -49.992113, -25.610983 ], [ -50.014329, -25.598176 ], [ -50.019842, -25.606207 ], [ -50.019933, -25.601485 ], [ -50.025602, -25.603072 ], [ -50.025823, -25.608955 ], [ -50.030474, -25.609212 ], [ -50.023686, -25.616178 ], [ -50.031053, -25.616952 ], [ -50.026806, -25.621194 ], [ -50.033107, -25.622091 ], [ -50.028889, -25.622949 ], [ -50.026129, -25.630378 ], [ -50.03215, -25.628962 ], [ -50.033215, -25.632809 ], [ -50.03509, -25.629405 ], [ -50.035877, -25.635551 ], [ -50.041049, -25.635279 ], [ -50.04204, -25.638073 ], [ -50.046085, -25.634519 ], [ -50.049227, -25.641473 ], [ -50.053333, -25.638629 ], [ -50.053767, -25.644709 ], [ -50.061432, -25.646274 ], [ -50.063559, -25.651477 ], [ -50.073335, -25.634857 ], [ -50.080015, -25.637592 ], [ -50.081848, -25.632591 ], [ -50.085494, -25.638996 ], [ -50.086696, -25.632927 ], [ -50.094732, -25.634889 ], [ -50.08651, -25.64548 ], [ -50.089412, -25.649444 ], [ -50.085549, -25.650502 ] ], [ [ -50.713205, -24.992534 ], [ -50.718119, -24.993236 ], [ -50.718119, -24.993237 ], [ -50.713205, -24.992534 ] ] ] } },
{ "type": "Feature", "properties": { "HREG_ID": "41004", "HREG_NAME": "4ª RS Irati", "id": "410773", "name": "Fernandes Pinheiro", "description": "Fernandes Pinheiro", "MUN_ID": "410773", "UF": "PR", "MACRO_ID": "4107", "MACRO_NAME": "Macrorregião Leste" }, "geometry": { "type": "Polygon", "coordinates": [ [ [ -50.657398, -25.924677 ], [ -50.665749, -25.941002 ], [ -50.673476, -25.942637 ], [ -50.671255, -25.952727 ], [ -50.670137, -25.968358 ], [ -50.679009, -25.969597 ], [ -50.676986, -25.959523 ], [ -50.686782, -25.957069 ], [ -50.698315, -25.972852 ], [ -50.698513, -25.977997 ], [ -50.709905, -25.982494 ], [ -50.718118, -25.99783 ], [ -50.724591, -25.999074 ], [ -50.736728, -25.989467 ], [ -50.748462, -25.980725 ], [ -50.750679, -25.986688 ], [ -50.75663, -25.986768 ], [ -50.757544, -25.990603 ], [ -50.767285, -25.986555 ], [ -50.773732, -25.991938 ], [ -50.782127, -25.99144 ], [ -50.78284, -25.996053 ], [ -50.786652, -25.994652 ], [ -50.786934, -25.991068 ], [ -50.818275, -25.990481 ], [ -50.827817, -25.996471 ], [ -50.833815, -25.99339 ], [ -50.853756, -25.994458 ], [ -50.860254, -26.001002 ], [ -50.866878, -25.996995 ], [ -50.870936, -26.003667 ], [ -50.87904, -26.002914 ], [ -50.886566, -26.007333 ], [ -50.886623, -26.040006 ], [ -50.894183, -26.046283 ], [ -50.896957, -26.056705 ], [ -50.904349, -26.038683 ], [ -50.930654, -26.02594 ], [ -50.941573, -26.004113 ], [ -50.935926, -25.992205 ], [ -50.952528, -25.973635 ], [ -50.949151, -25.969491 ], [ -50.941101, -25.969155 ], [ -50.925767, -25.95541 ], [ -50.929901, -25.941572 ], [ -50.936978, -25.940123 ], [ -50.960571, -25.935533 ], [ -50.971692, -25.932456 ], [ -50.988812, -25.917271 ], [ -51.007519, -25.905443 ], [ -51.007321, -25.888697 ], [ -51.012108, -25.878129 ], [ -51.005417, -25.866017 ], [ -51.016389, -25.850465 ], [ -51.016039, -25.842977 ], [ -51.024889, -25.836147 ], [ -51.026133, -25.830983 ], [ -51.035706, -25.831156 ], [ -51.036033, -25.819154 ], [ -51.03937, -25.80699 ], [ -51.031824, -25.799982 ], [ -51.022456, -25.797552 ], [ -51.020423, -25.790309 ], [ -51.009021, -25.792858 ], [ -51.00004, -25.788172 ], [ -50.99519, -25.791022 ], [ -50.982827, -25.78498 ], [ -50.983615, -25.775365 ], [ -50.989774, -25.769425 ], [ -50.975363, -25.756121 ], [ -50.977592, -25.751847 ], [ -50.971145, -25.754282 ], [ -50.959768, -25.754101 ], [ -50.954793, -25.740442 ], [ -50.943496, -25.741194 ], [ -50.944978, -25.717162 ], [ -50.954014, -25.703995 ], [ -50.956496, -25.68428 ], [ -50.962863, -25.68208 ], [ -50.959606, -25.68387 ], [ -50.970538, -25.682408 ], [ -50.98168, -25.665719 ], [ -50.988901, -25.669034 ], [ -50.992098, -25.677702 ], [ -51.010098, -25.674708 ], [ -51.015071, -25.691442 ], [ -51.014184, -25.703862 ], [ -51.01957, -25.705289 ], [ -51.029041, -25.701496 ], [ -51.035989, -25.708672 ], [ -51.044903, -25.704902 ], [ -51.04871, -25.697204 ], [ -51.052077, -25.697796 ], [ -51.065074, -25.696325 ], [ -51.065873, -25.69379 ], [ -51.066929, -25.704813 ], [ -51.081012, -25.701877 ], [ -51.089177, -25.709941 ], [ -51.092707, -25.706961 ], [ -51.097069, -25.709512 ], [ -51.103592, -25.717931 ], [ -51.115986, -25.719791 ], [ -51.121905, -25.737703 ], [ -51.115653, -25.751779 ], [ -51.125795, -25.754928 ], [ -51.129042, -25.765397 ], [ -51.134861, -25.762947 ], [ -51.145513, -25.763019 ], [ -51.146797, -25.758109 ], [ -51.161103, -25.7548 ], [ -51.156378, -25.754355 ], [ -51.154347, -25.748795 ], [ -51.163985, -25.749263 ], [ -51.171238, -25.743667 ], [ -51.176544, -25.74515 ], [ -51.169821, -25.756718 ], [ -51.185905, -25.75831 ], [ -51.182652, -25.767709 ], [ -51.184792, -25.771621 ], [ -51.204685, -25.763543 ], [ -51.200541, -25.773547 ], [ -51.21749, -25.77206 ], [ -51.221354, -25.781596 ], [ -51.237516, -25.787704 ], [ -51.242069, -25.785743 ], [ -51.240959, -25.775962 ], [ -51.246652, -25.775865 ], [ -51.250653, -25.791886 ], [ -51.247438, -25.800764 ], [ -51.257796, -25.805926 ], [ -51.281186, -25.791159 ], [ -51.286526, -25.802822 ], [ -51.287655, -25.810216 ], [ -51.293261, -25.813616 ], [ -51.293434, -25.831882 ], [ -51.29585, -25.834471 ], [ -51.302519, -25.832609 ], [ -51.300573, -25.828162 ], [ -51.306985, -25.820306 ], [ -51.303152, -25.815969 ], [ -51.308082, -25.814116 ], [ -51.308319, -25.807243 ], [ -51.314992, -25.803216 ], [ -51.316071, -25.792059 ], [ -51.33568, -25.779872 ], [ -51.337049, -25.774881 ], [ -51.348626, -25.773027 ], [ -51.353904, -25.763832 ], [ -51.351072, -25.763059 ], [ -51.355904, -25.754224 ], [ -51.354011, -25.752277 ], [ -51.366351, -25.735254 ], [ -51.354263, -25.718483 ], [ -51.357664, -25.713242 ], [ -51.355545, -25.708635 ], [ -51.345315, -25.686394 ], [ -51.363038, -25.674061 ], [ -51.372792, -25.664897 ], [ -51.376378, -25.654387 ], [ -51.404319, -25.64341 ], [ -51.403623, -25.637319 ], [ -51.408597, -25.636649 ], [ -51.39799, -25.624706 ], [ -51.392927, -25.62531 ], [ -51.385846, -25.637272 ], [ -51.379013, -25.641833 ], [ -51.375854, -25.636516 ], [ -51.370683, -25.635629 ], [ -51.372152, -25.62815 ], [ -51.367484, -25.63253 ], [ -51.36621, -25.627024 ], [ -51.350882, -25.628414 ], [ -51.347606, -25.632064 ], [ -51.341018, -25.627758 ], [ -51.336849, -25.632085 ], [ -51.331103, -25.624881 ], [ -51.322553, -25.624368 ], [ -51.318683, -25.631672 ], [ -51.314378, -25.626071 ], [ -51.312286, -25.627358 ], [ -51.311955, -25.630547 ], [ -51.309407, -25.629201 ], [ -51.29585, -25.636745 ], [ -51.290601, -25.633345 ], [ -51.29182, -25.620289 ], [ -51.284174, -25.616353 ], [ -51.270326, -25.591177 ], [ -51.272705, -25.573133 ], [ -51.266762, -25.56135 ], [ -51.269716, -25.549181 ], [ -51.293661, -25.553623 ], [ -51.299653, -25.550467 ], [ -51.302847, -25.543804 ], [ -51.314244, -25.539708 ], [ -51.31832, -25.531451 ], [ -51.32582, -25.532912 ], [ -51.335738, -25.527906 ], [ -51.33687, -25.527185 ], [ -51.347157, -25.513621 ], [ -51.333707, -25.508869 ], [ -51.334937, -25.495453 ], [ -51.339681, -25.490549 ], [ -51.357743, -25.486086 ], [ -51.368155, -25.473925 ], [ -51.366908, -25.469995 ], [ -51.368678, -25.463134 ], [ -51.357329, -25.458745 ], [ -51.350182, -25.459859 ], [ -51.34582, -25.452881 ], [ -51.337348, -25.458275 ], [ -51.33318, -25.466887 ], [ -51.32418, -25.463206 ], [ -51.322432, -25.473457 ], [ -51.315724, -25.473194 ], [ -51.302073, -25.469882 ], [ -51.301353, -25.463375 ], [ -51.293687, -25.471262 ], [ -51.292904, -25.478219 ], [ -51.279042, -25.472371 ], [ -51.265521, -25.475159 ], [ -51.243735, -25.468392 ], [ -51.234571, -25.471955 ], [ -51.232546, -25.466956 ], [ -51.228207, -25.468002 ], [ -51.230628, -25.462616 ], [ -51.225767, -25.461578 ], [ -51.222235, -25.472083 ], [ -51.217292, -25.474111 ], [ -51.213792, -25.476316 ], [ -51.214266, -25.469119 ], [ -51.207206, -25.468678 ], [ -51.19646, -25.48554 ], [ -51.186631, -25.477632 ], [ -51.175218, -25.478095 ], [ -51.174178, -25.471963 ], [ -51.169023, -25.469576 ], [ -51.151447, -25.484467 ], [ -51.136055, -25.476127 ], [ -51.138785, -25.494339 ], [ -51.132619, -25.500322 ], [ -51.134924, -25.507875 ], [ -51.130614, -25.516377 ], [ -51.118316, -25.511411 ], [ -51.100041, -25.508686 ], [ -51.093621, -25.499754 ], [ -51.087608, -25.504178 ], [ -51.079048, -25.498725 ], [ -51.068861, -25.480127 ], [ -51.054941, -25.474704 ], [ -51.054117, -25.470861 ], [ -51.049568, -25.474431 ], [ -51.04532, -25.473121 ], [ -51.04584, -25.470194 ], [ -51.042557, -25.47235 ], [ -51.040975, -25.469757 ], [ -51.045099, -25.463484 ], [ -51.039978, -25.463821 ], [ -51.039056, -25.45952 ], [ -51.035463, -25.460467 ], [ -51.034238, -25.466385 ], [ -51.026952, -25.468306 ], [ -51.023543, -25.459036 ], [ -51.021862, -25.46367 ], [ -51.019995, -25.461311 ], [ -51.021511, -25.455438 ], [ -51.015487, -25.458945 ], [ -51.016742, -25.454038 ], [ -51.013504, -25.454432 ], [ -51.020379, -25.442205 ], [ -51.009546, -25.443938 ], [ -51.007597, -25.438712 ], [ -51.001922, -25.438513 ], [ -51.001166, -25.433328 ], [ -50.992492, -25.436806 ], [ -50.978047, -25.429716 ], [ -50.961111, -25.41779 ], [ -50.922017, -25.389427 ], [ -50.916781, -25.393148 ], [ -50.905758, -25.388009 ], [ -50.904549, -25.382292 ], [ -50.900059, -25.379738 ], [ -50.891919, -25.380733 ], [ -50.88905, -25.377379 ], [ -50.882233, -25.385662 ], [ -50.878957, -25.379263 ], [ -50.873179, -25.376249 ], [ -50.868508, -25.377197 ], [ -50.867887, -25.373389 ], [ -50.858724, -25.377707 ], [ -50.84925, -25.373539 ], [ -50.843091, -25.375713 ], [ -50.843011, -25.372176 ], [ -50.837204, -25.374731 ], [ -50.833669, -25.371679 ], [ -50.832132, -25.378843 ], [ -50.82647, -25.384082 ], [ -50.815204, -25.390656 ], [ -50.800153, -25.393321 ], [ -50.797969, -25.404053 ], [ -50.78838, -25.408898 ], [ -50.785145, -25.415589 ], [ -50.782843, -25.410586 ], [ -50.786845, -25.404957 ], [ -50.781263, -25.39992 ], [ -50.790928, -25.387397 ], [ -50.786233, -25.381185 ], [ -50.812432, -25.352069 ], [ -50.80824, -25.340705 ], [ -50.816371, -25.326045 ], [ -50.807959, -25.318476 ], [ -50.809067, -25.312576 ], [ -50.803658, -25.306724 ], [ -50.804623, -25.294955 ], [ -50.799234, -25.284539 ], [ -50.804031, -25.273246 ], [ -50.817115, -25.264697 ], [ -50.818384, -25.257867 ], [ -50.818516, -25.25785 ], [ -50.819509, -25.246252 ], [ -50.811266, -25.233799 ], [ -50.817774, -25.229291 ], [ -50.83921, -25.226429 ], [ -50.849837, -25.218183 ], [ -50.854221, -25.219233 ], [ -50.861378, -25.209249 ], [ -50.86604, -25.210357 ], [ -50.875003, -25.206089 ], [ -50.877163, -25.197532 ], [ -50.889705, -25.201486 ], [ -50.895561, -25.187887 ], [ -50.902348, -25.172401 ], [ -50.905934, -25.176507 ], [ -50.907769, -25.17265 ], [ -50.916075, -25.174546 ], [ -50.921485, -25.16067 ], [ -50.926838, -25.158897 ], [ -50.934656, -25.162809 ], [ -50.934067, -25.172881 ], [ -50.93679, -25.171539 ], [ -50.941459, -25.168072 ], [ -50.939687, -25.163609 ], [ -50.949407, -25.154906 ], [ -50.940588, -25.139894 ], [ -50.939962, -25.120293 ], [ -50.925984, -25.100351 ], [ -50.932048, -25.098096 ], [ -50.932517, -25.086055 ], [ -50.937956, -25.082262 ], [ -50.934351, -25.078138 ], [ -50.937659, -25.07236 ], [ -50.920155, -25.070926 ], [ -50.909803, -25.07225 ], [ -50.901404, -25.068354 ], [ -50.894823, -25.074593 ], [ -50.885548, -25.073217 ], [ -50.876353, -25.076449 ], [ -50.87221, -25.084599 ], [ -50.845039, -25.096272 ], [ -50.844975, -25.102803 ], [ -50.841436, -25.108748 ], [ -50.831512, -25.112471 ], [ -50.821658, -25.127692 ], [ -50.817002, -25.129673 ], [ -50.819156, -25.146082 ], [ -50.811431, -25.154698 ], [ -50.807372, -25.155991 ], [ -50.804448, -25.149615 ], [ -50.795144, -25.15934 ], [ -50.787136, -25.15699 ], [ -50.774196, -25.160895 ], [ -50.768342, -25.158697 ], [ -50.778726, -25.126793 ], [ -50.774329, -25.111787 ], [ -50.762311, -25.102128 ], [ -50.752979, -25.108874 ], [ -50.753088, -25.09535 ], [ -50.747234, -25.094766 ], [ -50.747617, -25.089559 ], [ -50.74201, -25.086017 ], [ -50.741925, -25.085912 ], [ -50.740958, -25.076897 ], [ -50.731354, -25.073614 ], [ -50.72672, -25.065195 ], [ -50.70681, -25.047014 ], [ -50.704644, -25.038463 ], [ -50.699069, -25.037811 ], [ -50.696969, -25.045139 ], [ -50.692876, -25.069531 ], [ -50.676568, -25.082526 ], [ -50.66305, -25.086603 ], [ -50.657562, -25.076802 ], [ -50.651095, -25.073082 ], [ -50.648138, -25.073095 ], [ -50.645094, -25.080134 ], [ -50.625052, -25.066389 ], [ -50.62107, -25.0679 ], [ -50.62052, -25.077176 ], [ -50.612998, -25.08141 ], [ -50.571995, -25.10561 ], [ -50.563273, -25.105168 ], [ -50.551392, -25.114151 ], [ -50.501455, -25.151883 ], [ -50.500996, -25.152229 ], [ -50.4913, -25.162961 ], [ -50.467732, -25.171075 ], [ -50.447997, -25.214537 ], [ -50.44284, -25.211885 ], [ -50.43959, -25.216108 ], [ -50.430485, -25.213805 ], [ -50.429598, -25.207491 ], [ -50.425155, -25.205364 ], [ -50.427453, -25.202705 ], [ -50.424704, -25.193928 ], [ -50.415146, -25.186484 ], [ -50.419767, -25.179854 ], [ -50.417545, -25.171351 ], [ -50.405932, -25.168409 ], [ -50.410519, -25.150379 ], [ -50.404485, -25.145437 ], [ -50.380733, -25.162809 ], [ -50.38479, -25.156472 ], [ -50.37946, -25.15893 ], [ -50.378654, -25.152915 ], [ -50.384987, -25.153194 ], [ -50.386675, -25.150467 ], [ -50.385601, -25.142111 ], [ -50.38001, -25.138981 ], [ -50.378511, -25.133254 ], [ -50.387569, -25.129554 ], [ -50.385658, -25.126733 ], [ -50.390981, -25.125858 ], [ -50.38907, -25.119647 ], [ -50.394294, -25.120097 ], [ -50.394013, -25.117222 ], [ -50.38677, -25.109554 ], [ -50.379291, -25.110588 ], [ -50.384648, -25.100765 ], [ -50.38151, -25.100879 ], [ -50.380095, -25.096022 ], [ -50.384491, -25.08996 ], [ -50.370124, -25.096527 ], [ -50.366399, -25.099717 ], [ -50.37084, -25.098454 ], [ -50.368765, -25.104255 ], [ -50.355623, -25.111643 ], [ -50.350983, -25.110231 ], [ -50.349655, -25.115221 ], [ -50.332644, -25.124518 ], [ -50.325407, -25.133382 ], [ -50.318009, -25.133895 ], [ -50.310484, -25.129415 ], [ -50.310954, -25.132292 ], [ -50.299541, -25.140719 ], [ -50.297228, -25.137461 ], [ -50.292096, -25.138234 ], [ -50.292562, -25.133612 ], [ -50.283261, -25.136435 ], [ -50.279979, -25.132093 ], [ -50.274075, -25.14549 ], [ -50.27265, -25.149052 ], [ -50.276404, -25.15316 ], [ -50.272398, -25.159307 ], [ -50.27382, -25.187218 ], [ -50.266627, -25.190381 ], [ -50.261343, -25.19829 ], [ -50.280013, -25.211345 ], [ -50.272818, -25.224957 ], [ -50.262539, -25.233174 ], [ -50.269262, -25.239978 ], [ -50.267288, -25.242192 ], [ -50.270818, -25.247212 ], [ -50.267355, -25.257108 ], [ -50.272527, -25.265289 ], [ -50.269627, -25.273585 ], [ -50.272175, -25.281791 ], [ -50.275797, -25.286808 ], [ -50.275658, -25.288096 ], [ -50.277445, -25.289255 ], [ -50.283135, -25.293488 ], [ -50.283688, -25.307994 ], [ -50.287564, -25.31351 ], [ -50.280102, -25.338575 ], [ -50.281025, -25.347765 ], [ -50.272857, -25.355568 ], [ -50.276254, -25.357844 ], [ -50.273666, -25.3602 ], [ -50.276558, -25.376512 ], [ -50.29925, -25.376514 ], [ -50.309316, -25.388175 ], [ -50.32059, -25.405475 ], [ -50.320891, -25.41485 ], [ -50.33094, -25.420655 ], [ -50.33896, -25.425286 ], [ -50.348959, -25.425859 ], [ -50.354182, -25.433115 ], [ -50.354373, -25.439162 ], [ -50.344775, -25.4429 ], [ -50.341754, -25.448087 ], [ -50.345768, -25.462383 ], [ -50.344075, -25.479239 ], [ -50.349539, -25.488863 ], [ -50.34763, -25.496478 ], [ -50.355308, -25.49708 ], [ -50.354258, -25.506001 ], [ -50.352695, -25.514172 ], [ -50.357908, -25.527188 ], [ -50.35796, -25.527289 ], [ -50.357028, -25.537799 ], [ -50.372507, -25.549693 ], [ -50.381859, -25.549141 ], [ -50.391785, -25.553115 ], [ -50.401004, -25.562845 ], [ -50.401508, -25.576329 ], [ -50.41253, -25.577561 ], [ -50.415427, -25.586685 ], [ -50.423843, -25.591428 ], [ -50.42465, -25.615096 ], [ -50.429118, -25.621306 ], [ -50.429641, -25.629417 ], [ -50.42469, -25.631635 ], [ -50.430537, -25.643353 ], [ -50.446402, -25.634511 ], [ -50.450562, -25.639204 ], [ -50.449884, -25.647585 ], [ -50.462783, -25.648066 ], [ -50.468883, -25.654978 ], [ -50.474609, -25.655098 ], [ -50.463886, -25.660991 ], [ -50.459017, -25.660137 ], [ -50.455106, -25.680308 ], [ -50.462841, -25.688813 ], [ -50.470979, -25.689678 ], [ -50.476665, -25.697811 ], [ -50.478528, -25.697806 ], [ -50.477186, -25.701539 ], [ -50.481507, -25.708007 ], [ -50.485669, -25.708211 ], [ -50.484913, -25.728267 ], [ -50.489507, -25.734076 ], [ -50.493422, -25.736749 ], [ -50.49698, -25.735474 ], [ -50.497951, -25.739961 ], [ -50.502187, -25.741005 ], [ -50.507479, -25.736576 ], [ -50.509683, -25.731745 ], [ -50.518754, -25.734765 ], [ -50.530806, -25.743311 ], [ -50.529607, -25.749564 ], [ -50.53796, -25.757646 ], [ -50.543386, -25.758372 ], [ -50.558037, -25.752097 ], [ -50.567288, -25.762563 ], [ -50.572509, -25.761718 ], [ -50.578803, -25.764429 ], [ -50.592693, -25.759331 ], [ -50.600356, -25.783729 ], [ -50.598415, -25.786926 ], [ -50.599945, -25.792545 ], [ -50.608981, -25.798093 ], [ -50.600265, -25.80485 ], [ -50.603387, -25.810001 ], [ -50.609182, -25.810672 ], [ -50.607466, -25.818486 ], [ -50.618353, -25.812556 ], [ -50.619574, -25.808129 ], [ -50.625855, -25.807598 ], [ -50.621721, -25.816884 ], [ -50.626059, -25.819466 ], [ -50.631748, -25.815052 ], [ -50.633312, -25.817297 ], [ -50.632182, -25.828375 ], [ -50.618404, -25.834103 ], [ -50.618136, -25.842632 ], [ -50.611259, -25.840152 ], [ -50.610882, -25.844582 ], [ -50.60176, -25.84594 ], [ -50.607544, -25.849103 ], [ -50.606903, -25.860605 ], [ -50.60074, -25.862311 ], [ -50.601995, -25.866167 ], [ -50.617392, -25.866456 ], [ -50.615615, -25.860444 ], [ -50.620309, -25.860832 ], [ -50.622702, -25.848731 ], [ -50.628197, -25.848497 ], [ -50.635363, -25.854366 ], [ -50.643108, -25.84971 ], [ -50.642042, -25.862801 ], [ -50.65447, -25.866358 ], [ -50.654834, -25.876472 ], [ -50.659627, -25.874771 ], [ -50.665349, -25.871413 ], [ -50.676494, -25.873131 ], [ -50.673485, -25.903819 ], [ -50.656512, -25.916846 ], [ -50.657398, -25.924677 ] ] ] } },
{ "type": "Feature", "properties": { "HREG_ID": "41005", "HREG_NAME": "5ª RS Guarapuava", "id": "410304", "name": "Boa Ventura de São Roque", "description": "Boa Ventura de São Roque", "MUN_ID": "410304", "UF": "PR", "MACRO_ID": "4107", "MACRO_NAME": "Macrorregião Leste" }, "geometry": { "type": "Polygon", "coordinates": [ [ [ -52.134876, -25.775991 ], [ -52.14302, -25.773313 ], [ -52.155604, -25.753399 ], [ -52.165723, -25.748298 ], [ -52.172668, -25.750156 ], [ -52.191383, -25.772366 ], [ -52.202299, -25.769179 ], [ -52.21349, -25.75605 ], [ -52.231551, -25.748771 ], [ -52.232581, -25.739938 ], [ -52.247283, -25.744307 ], [ -52.25522, -25.743758 ], [ -52.261551, -25.738069 ], [ -52.266219, -25.724218 ], [ -52.285224, -25.711228 ], [ -52.295467, -25.708174 ], [ -52.309395, -25.711147 ], [ -52.323024, -25.723276 ], [ -52.332358, -25.720964 ], [ -52.33122, -25.713839 ], [ -52.308358, -25.689372 ], [ -52.309522, -25.680938 ], [ -52.319104, -25.677494 ], [ -52.333108, -25.681299 ], [ -52.358245, -25.705095 ], [ -52.387205, -25.69892 ], [ -52.394773, -25.699786 ], [ -52.410699, -25.699062 ], [ -52.434357, -25.676493 ], [ -52.444499, -25.672663 ], [ -52.455891, -25.674828 ], [ -52.466611, -25.678214 ], [ -52.478023, -25.672521 ], [ -52.479183, -25.671942 ], [ -52.483128, -25.67097 ], [ -52.491918, -25.680979 ], [ -52.497637, -25.679278 ], [ -52.501574, -25.666348 ], [ -52.498467, -25.661506 ], [ -52.504943, -25.657197 ], [ -52.530138, -25.645494 ], [ -52.54189, -25.643453 ], [ -52.545756, -25.649706 ], [ -52.542025, -25.657887 ], [ -52.524606, -25.673144 ], [ -52.520678, -25.6866 ], [ -52.529835, -25.69799 ], [ -52.543692, -25.695738 ], [ -52.556246, -25.68655 ], [ -52.575067, -25.663997 ], [ -52.575905, -25.646617 ], [ -52.601057, -25.633838 ], [ -52.603576, -25.615518 ], [ -52.607892, -25.610716 ], [ -52.615408, -25.60883 ], [ -52.620094, -25.620651 ], [ -52.618825, -25.629162 ], [ -52.625653, -25.653591 ], [ -52.648892, -25.65284 ], [ -52.660128, -25.657209 ], [ -52.676288, -25.655199 ], [ -52.680919, -25.651928 ], [ -52.692059, -25.652836 ], [ -52.702351, -25.66114 ], [ -52.707732, -25.664997 ], [ -52.714754, -25.664425 ], [ -52.715836, -25.653971 ], [ -52.721596, -25.626254 ], [ -52.728215, -25.616695 ], [ -52.7372, -25.615114 ], [ -52.746441, -25.618601 ], [ -52.759988, -25.614762 ], [ -52.768265, -25.607877 ], [ -52.782707, -25.569552 ], [ -52.784618, -25.566513 ], [ -52.782304, -25.565068 ], [ -52.770696, -25.565698 ], [ -52.764721, -25.556301 ], [ -52.766458, -25.553561 ], [ -52.781344, -25.557205 ], [ -52.787765, -25.545368 ], [ -52.780831, -25.537103 ], [ -52.779556, -25.521194 ], [ -52.775434, -25.521928 ], [ -52.774191, -25.519071 ], [ -52.766204, -25.521794 ], [ -52.764564, -25.514956 ], [ -52.769321, -25.505048 ], [ -52.781361, -25.504794 ], [ -52.780582, -25.49573 ], [ -52.770033, -25.50266 ], [ -52.772539, -25.497267 ], [ -52.770254, -25.491507 ], [ -52.776636, -25.486979 ], [ -52.767105, -25.481943 ], [ -52.757597, -25.491801 ], [ -52.749034, -25.489483 ], [ -52.757039, -25.485287 ], [ -52.752835, -25.472223 ], [ -52.757773, -25.472025 ], [ -52.760832, -25.477984 ], [ -52.776528, -25.466609 ], [ -52.768783, -25.46218 ], [ -52.768447, -25.468179 ], [ -52.754654, -25.467188 ], [ -52.756173, -25.462858 ], [ -52.765638, -25.458292 ], [ -52.761278, -25.455187 ], [ -52.749882, -25.44947 ], [ -52.76325, -25.450572 ], [ -52.758711, -25.44365 ], [ -52.760949, -25.440992 ], [ -52.756951, -25.441952 ], [ -52.749938, -25.43201 ], [ -52.743942, -25.436393 ], [ -52.745917, -25.442155 ], [ -52.742686, -25.442825 ], [ -52.737414, -25.428507 ], [ -52.744682, -25.425882 ], [ -52.741003, -25.422348 ], [ -52.744023, -25.415054 ], [ -52.732969, -25.413712 ], [ -52.749041, -25.404473 ], [ -52.744719, -25.401683 ], [ -52.737729, -25.40671 ], [ -52.730068, -25.394458 ], [ -52.725888, -25.404256 ], [ -52.715541, -25.400975 ], [ -52.712131, -25.391861 ], [ -52.71781, -25.384152 ], [ -52.706883, -25.391713 ], [ -52.702539, -25.39008 ], [ -52.708333, -25.385104 ], [ -52.702184, -25.378478 ], [ -52.707194, -25.376182 ], [ -52.710591, -25.372769 ], [ -52.706065, -25.366404 ], [ -52.712863, -25.364395 ], [ -52.70935, -25.358651 ], [ -52.704625, -25.360002 ], [ -52.703695, -25.354122 ], [ -52.711959, -25.343996 ], [ -52.707338, -25.347242 ], [ -52.706695, -25.342654 ], [ -52.700207, -25.344658 ], [ -52.698425, -25.338648 ], [ -52.706909, -25.338761 ], [ -52.702395, -25.335797 ], [ -52.702704, -25.332951 ], [ -52.697171, -25.331508 ], [ -52.697892, -25.325222 ], [ -52.692477, -25.325123 ], [ -52.670365, -25.314314 ], [ -52.667637, -25.306421 ], [ -52.672474, -25.302191 ], [ -52.668724, -25.298588 ], [ -52.66261, -25.299675 ], [ -52.66127, -25.291975 ], [ -52.672675, -25.288794 ], [ -52.68057, -25.279867 ], [ -52.692437, -25.27398 ], [ -52.793247, -25.273365 ], [ -52.839488, -25.27306 ], [ -52.839067, -25.2685 ], [ -52.835591, -25.267467 ], [ -52.842818, -25.257397 ], [ -52.829622, -25.258081 ], [ -52.83022, -25.251805 ], [ -52.81689, -25.253064 ], [ -52.80524, -25.248048 ], [ -52.804525, -25.253636 ], [ -52.798855, -25.252017 ], [ -52.799487, -25.256201 ], [ -52.79398, -25.257064 ], [ -52.79484, -25.246592 ], [ -52.790497, -25.2493 ], [ -52.786735, -25.24721 ], [ -52.785531, -25.252586 ], [ -52.781727, -25.247644 ], [ -52.77598, -25.24775 ], [ -52.773736, -25.229503 ], [ -52.769355, -25.230853 ], [ -52.767643, -25.236951 ], [ -52.76341, -25.234154 ], [ -52.759019, -25.236451 ], [ -52.75831, -25.231022 ], [ -52.750537, -25.230492 ], [ -52.753264, -25.226074 ], [ -52.747952, -25.229346 ], [ -52.742098, -25.226042 ], [ -52.737978, -25.228889 ], [ -52.734345, -25.216947 ], [ -52.72211, -25.216608 ], [ -52.720663, -25.211879 ], [ -52.707037, -25.212684 ], [ -52.705764, -25.216389 ], [ -52.701989, -25.214614 ], [ -52.700451, -25.216914 ], [ -52.694806, -25.21399 ], [ -52.697289, -25.210735 ], [ -52.69451, -25.21175 ], [ -52.692883, -25.207631 ], [ -52.688958, -25.211109 ], [ -52.680901, -25.210587 ], [ -52.67247, -25.200573 ], [ -52.660045, -25.205443 ], [ -52.653961, -25.200186 ], [ -52.658026, -25.187377 ], [ -52.665899, -25.183447 ], [ -52.673188, -25.171047 ], [ -52.690732, -25.16387 ], [ -52.679959, -25.150784 ], [ -52.66852, -25.145459 ], [ -52.666368, -25.135409 ], [ -52.669611, -25.128285 ], [ -52.664781, -25.119289 ], [ -52.656068, -25.107156 ], [ -52.659895, -25.105611 ], [ -52.656785, -25.104535 ], [ -52.658899, -25.098239 ], [ -52.663877, -25.096066 ], [ -52.657845, -25.095057 ], [ -52.662264, -25.089561 ], [ -52.652146, -25.088904 ], [ -52.657242, -25.08607 ], [ -52.656126, -25.083579 ], [ -52.661048, -25.08259 ], [ -52.654935, -25.075476 ], [ -52.661368, -25.070577 ], [ -52.650816, -25.066195 ], [ -52.652498, -25.06141 ], [ -52.63266, -25.057887 ], [ -52.638424, -25.052681 ], [ -52.626782, -25.047176 ], [ -52.62226, -25.043372 ], [ -52.618088, -25.046288 ], [ -52.621804, -25.039208 ], [ -52.613423, -25.042206 ], [ -52.609313, -25.0377 ], [ -52.616549, -25.036067 ], [ -52.612374, -25.032622 ], [ -52.614433, -25.027574 ], [ -52.610025, -25.027749 ], [ -52.616685, -25.020105 ], [ -52.614927, -25.016287 ], [ -52.612362, -25.019406 ], [ -52.602506, -25.01997 ], [ -52.606094, -25.015416 ], [ -52.599762, -25.012504 ], [ -52.604802, -25.011517 ], [ -52.611257, -25.002372 ], [ -52.606256, -24.998782 ], [ -52.616197, -24.991878 ], [ -52.614276, -24.988408 ], [ -52.62063, -24.984228 ], [ -52.621999, -24.975609 ], [ -52.616171, -24.976896 ], [ -52.610596, -24.97343 ], [ -52.610918, -24.967526 ], [ -52.605312, -24.967714 ], [ -52.603068, -24.9628 ], [ -52.595718, -24.966101 ], [ -52.591422, -24.964065 ], [ -52.583904, -24.957826 ], [ -52.596045, -24.949676 ], [ -52.596854, -24.939246 ], [ -52.610455, -24.936025 ], [ -52.615692, -24.925025 ], [ -52.62067, -24.925495 ], [ -52.621551, -24.961395 ], [ -52.643546, -24.956206 ], [ -52.638752, -24.975479 ], [ -52.638963, -24.980846 ], [ -52.642766, -24.982453 ], [ -52.651993, -24.964211 ], [ -52.662407, -24.956071 ], [ -52.637263, -24.944019 ], [ -52.655295, -24.928889 ], [ -52.650874, -24.923607 ], [ -52.654445, -24.909723 ], [ -52.649248, -24.908874 ], [ -52.641118, -24.91864 ], [ -52.644531, -24.909853 ], [ -52.6409, -24.912345 ], [ -52.636911, -24.907306 ], [ -52.630716, -24.914579 ], [ -52.630077, -24.909609 ], [ -52.622731, -24.906736 ], [ -52.625889, -24.90528 ], [ -52.621149, -24.89772 ], [ -52.615318, -24.90075 ], [ -52.61448, -24.895899 ], [ -52.60342, -24.896088 ], [ -52.601674, -24.893965 ], [ -52.605705, -24.89085 ], [ -52.602286, -24.884762 ], [ -52.598273, -24.884562 ], [ -52.601184, -24.878167 ], [ -52.596785, -24.873454 ], [ -52.576542, -24.869138 ], [ -52.561401, -24.851933 ], [ -52.551421, -24.84868 ], [ -52.546914, -24.84593 ], [ -52.534173, -24.849112 ], [ -52.544043, -24.826176 ], [ -52.539743, -24.82322 ], [ -52.544334, -24.817013 ], [ -52.536691, -24.802612 ], [ -52.545218, -24.785945 ], [ -52.539839, -24.778288 ], [ -52.535644, -24.778019 ], [ -52.540434, -24.769295 ], [ -52.545912, -24.754131 ], [ -52.542465, -24.748707 ], [ -52.53623, -24.753681 ], [ -52.536754, -24.763047 ], [ -52.526121, -24.760832 ], [ -52.521132, -24.767329 ], [ -52.518204, -24.760904 ], [ -52.515887, -24.758236 ], [ -52.503023, -24.74813 ], [ -52.491816, -24.751004 ], [ -52.497175, -24.743246 ], [ -52.482703, -24.733643 ], [ -52.479799, -24.735996 ], [ -52.482432, -24.740205 ], [ -52.476151, -24.74143 ], [ -52.473356, -24.750079 ], [ -52.469209, -24.750361 ], [ -52.466987, -24.743538 ], [ -52.454347, -24.746389 ], [ -52.452554, -24.745856 ], [ -52.445531, -24.74148 ], [ -52.436535, -24.746996 ], [ -52.434623, -24.743427 ], [ -52.438125, -24.73711 ], [ -52.426533, -24.736784 ], [ -52.426948, -24.733502 ], [ -52.438481, -24.729533 ], [ -52.431448, -24.725459 ], [ -52.421847, -24.726221 ], [ -52.420332, -24.721945 ], [ -52.435636, -24.720058 ], [ -52.438112, -24.713447 ], [ -52.430069, -24.702831 ], [ -52.424302, -24.70344 ], [ -52.424675, -24.712232 ], [ -52.412982, -24.715729 ], [ -52.414779, -24.720758 ], [ -52.405512, -24.729327 ], [ -52.404331, -24.720855 ], [ -52.399125, -24.719545 ], [ -52.395993, -24.713092 ], [ -52.393606, -24.716128 ], [ -52.394034, -24.729704 ], [ -52.38782, -24.727613 ], [ -52.386063, -24.733123 ], [ -52.378715, -24.734004 ], [ -52.379539, -24.737669 ], [ -52.368181, -24.739159 ], [ -52.370053, -24.743947 ], [ -52.382252, -24.745313 ], [ -52.37605, -24.754859 ], [ -52.370735, -24.752657 ], [ -52.368123, -24.756202 ], [ -52.363093, -24.751931 ], [ -52.36106, -24.756673 ], [ -52.341039, -24.750686 ], [ -52.344832, -24.745461 ], [ -52.33743, -24.741117 ], [ -52.327616, -24.743074 ], [ -52.324715, -24.738826 ], [ -52.326191, -24.734929 ], [ -52.334234, -24.733128 ], [ -52.334508, -24.725502 ], [ -52.330718, -24.720823 ], [ -52.322979, -24.729991 ], [ -52.30615, -24.725888 ], [ -52.290406, -24.730993 ], [ -52.287299, -24.733607 ], [ -52.290615, -24.735437 ], [ -52.304237, -24.733737 ], [ -52.310636, -24.738926 ], [ -52.290119, -24.747164 ], [ -52.298768, -24.760656 ], [ -52.290975, -24.767307 ], [ -52.284619, -24.757816 ], [ -52.280901, -24.758037 ], [ -52.288186, -24.772296 ], [ -52.283144, -24.779215 ], [ -52.27744, -24.777869 ], [ -52.266353, -24.781883 ], [ -52.254086, -24.771556 ], [ -52.24933, -24.776525 ], [ -52.245195, -24.776171 ], [ -52.232662, -24.781051 ], [ -52.228549, -24.777267 ], [ -52.241279, -24.768135 ], [ -52.233219, -24.770564 ], [ -52.222332, -24.768362 ], [ -52.217723, -24.771874 ], [ -52.219091, -24.758483 ], [ -52.208755, -24.75689 ], [ -52.203487, -24.758868 ], [ -52.209589, -24.762103 ], [ -52.204586, -24.76647 ], [ -52.20628, -24.771348 ], [ -52.200623, -24.765972 ], [ -52.183928, -24.768007 ], [ -52.177751, -24.773855 ], [ -52.185905, -24.776985 ], [ -52.17687, -24.777738 ], [ -52.17262, -24.784125 ], [ -52.166398, -24.78553 ], [ -52.177016, -24.791428 ], [ -52.168934, -24.796468 ], [ -52.156353, -24.795961 ], [ -52.155845, -24.790186 ], [ -52.148968, -24.787974 ], [ -52.151479, -24.780971 ], [ -52.142563, -24.781001 ], [ -52.136454, -24.787316 ], [ -52.133685, -24.783553 ], [ -52.121326, -24.786789 ], [ -52.118953, -24.785195 ], [ -52.125658, -24.782064 ], [ -52.128669, -24.775693 ], [ -52.119471, -24.77859 ], [ -52.116038, -24.777738 ], [ -52.11715, -24.761468 ], [ -52.104917, -24.747626 ], [ -52.103832, -24.738593 ], [ -52.09149, -24.728037 ], [ -52.08785, -24.724923 ], [ -52.094189, -24.722957 ], [ -52.090756, -24.706378 ], [ -52.082019, -24.702152 ], [ -52.075703, -24.693899 ], [ -52.091998, -24.674879 ], [ -52.091344, -24.656862 ], [ -52.101519, -24.655449 ], [ -52.105577, -24.646105 ], [ -52.093221, -24.63581 ], [ -52.09233, -24.623008 ], [ -52.09248, -24.614505 ], [ -52.089793, -24.613844 ], [ -52.093068, -24.612394 ], [ -52.08687, -24.608132 ], [ -52.089946, -24.607573 ], [ -52.088273, -24.604243 ], [ -52.09413, -24.596372 ], [ -52.095001, -24.589787 ], [ -52.087287, -24.592264 ], [ -52.085572, -24.588018 ], [ -52.079419, -24.590609 ], [ -52.083394, -24.582318 ], [ -52.076228, -24.580074 ], [ -52.079292, -24.576045 ], [ -52.075779, -24.571014 ], [ -52.074004, -24.568831 ], [ -52.070432, -24.574128 ], [ -52.064825, -24.572033 ], [ -52.061273, -24.575461 ], [ -52.05917, -24.570426 ], [ -52.052996, -24.570893 ], [ -52.047036, -24.566244 ], [ -52.044213, -24.565209 ], [ -52.044719, -24.568901 ], [ -52.039523, -24.571292 ], [ -52.038909, -24.566181 ], [ -52.032867, -24.565701 ], [ -52.035483, -24.570607 ], [ -52.030996, -24.573946 ], [ -52.035444, -24.57639 ], [ -52.030509, -24.582152 ], [ -51.999029, -24.592642 ], [ -51.996494, -24.602549 ], [ -52.00408, -24.60988 ], [ -51.987756, -24.611977 ], [ -51.978945, -24.619571 ], [ -51.979117, -24.615881 ], [ -51.974354, -24.614514 ], [ -51.969184, -24.614082 ], [ -51.956974, -24.608987 ], [ -51.945168, -24.598639 ], [ -51.926841, -24.600559 ], [ -51.914017, -24.605763 ], [ -51.904007, -24.602051 ], [ -51.892431, -24.598776 ], [ -51.893865, -24.596589 ], [ -51.889424, -24.594911 ], [ -51.877696, -24.592173 ], [ -51.876341, -24.582861 ], [ -51.873787, -24.576553 ], [ -51.877751, -24.570582 ], [ -51.87193, -24.572501 ], [ -51.869911, -24.569626 ], [ -51.878697, -24.560884 ], [ -51.871132, -24.557847 ], [ -51.87709, -24.550777 ], [ -51.867316, -24.547329 ], [ -51.861609, -24.557106 ], [ -51.859178, -24.553588 ], [ -51.863687, -24.547057 ], [ -51.8556, -24.542761 ], [ -51.860515, -24.53728 ], [ -51.859156, -24.533246 ], [ -51.855595, -24.536855 ], [ -51.848555, -24.535963 ], [ -51.848723, -24.530783 ], [ -51.845582, -24.529367 ], [ -51.843433, -24.533442 ], [ -51.837655, -24.532758 ], [ -51.835856, -24.537202 ], [ -51.83129, -24.535555 ], [ -51.837184, -24.527424 ], [ -51.835271, -24.518671 ], [ -51.838556, -24.515838 ], [ -51.844627, -24.507917 ], [ -51.848636, -24.513339 ], [ -51.851584, -24.507614 ], [ -51.853927, -24.510999 ], [ -51.855627, -24.508536 ], [ -51.859004, -24.492448 ], [ -51.855355, -24.487554 ], [ -51.851834, -24.487046 ], [ -51.854487, -24.494474 ], [ -51.852092, -24.496179 ], [ -51.843534, -24.491114 ], [ -51.836239, -24.496885 ], [ -51.830993, -24.494021 ], [ -51.83289, -24.489189 ], [ -51.826459, -24.475342 ], [ -51.832332, -24.471033 ], [ -51.833385, -24.465224 ], [ -51.825157, -24.461393 ], [ -51.827332, -24.456843 ], [ -51.824005, -24.44928 ], [ -51.817789, -24.44944 ], [ -51.820428, -24.452412 ], [ -51.818256, -24.45739 ], [ -51.807894, -24.458829 ], [ -51.809066, -24.464954 ], [ -51.81494, -24.466652 ], [ -51.814829, -24.471183 ], [ -51.804191, -24.469657 ], [ -51.799128, -24.464098 ], [ -51.796569, -24.470896 ], [ -51.790881, -24.473674 ], [ -51.791272, -24.478054 ], [ -51.798043, -24.48587 ], [ -51.792312, -24.486369 ], [ -51.791174, -24.495073 ], [ -51.780291, -24.500202 ], [ -51.778165, -24.506704 ], [ -51.763945, -24.506512 ], [ -51.764247, -24.513284 ], [ -51.767855, -24.510371 ], [ -51.772944, -24.5117 ], [ -51.773778, -24.520117 ], [ -51.769452, -24.519635 ], [ -51.768295, -24.525331 ], [ -51.767949, -24.525512 ], [ -51.756592, -24.52897 ], [ -51.754962, -24.537856 ], [ -51.756677, -24.543266 ], [ -51.750694, -24.547678 ], [ -51.752781, -24.55174 ], [ -51.742622, -24.570708 ], [ -51.736401, -24.576578 ], [ -51.736714, -24.583952 ], [ -51.720798, -24.598756 ], [ -51.715541, -24.603326 ], [ -51.715252, -24.594994 ], [ -51.705841, -24.592718 ], [ -51.698512, -24.584146 ], [ -51.691766, -24.581601 ], [ -51.661608, -24.584097 ], [ -51.64089, -24.57528 ], [ -51.638759, -24.572881 ], [ -51.633805, -24.574892 ], [ -51.628149, -24.567559 ], [ -51.627927, -24.567547 ], [ -51.621269, -24.567176 ], [ -51.617266, -24.5621 ], [ -51.609351, -24.563519 ], [ -51.609941, -24.559942 ], [ -51.604069, -24.555411 ], [ -51.5876, -24.562156 ], [ -51.580955, -24.556152 ], [ -51.575657, -24.556292 ], [ -51.570886, -24.557148 ], [ -51.564949, -24.569721 ], [ -51.558598, -24.573581 ], [ -51.55855, -24.573436 ], [ -51.553121, -24.570097 ], [ -51.552325, -24.560724 ], [ -51.536554, -24.562287 ], [ -51.533195, -24.553546 ], [ -51.525365, -24.555169 ], [ -51.523885, -24.562767 ], [ -51.518228, -24.563027 ], [ -51.517193, -24.572353 ], [ -51.511527, -24.570805 ], [ -51.511624, -24.573645 ], [ -51.504404, -24.574973 ], [ -51.493477, -24.571449 ], [ -51.49023, -24.565431 ], [ -51.477186, -24.562693 ], [ -51.467937, -24.554569 ], [ -51.449883, -24.557731 ], [ -51.457905, -24.571138 ], [ -51.464774, -24.575711 ], [ -51.464688, -24.57848 ], [ -51.454375, -24.580615 ], [ -51.453051, -24.584695 ], [ -51.460406, -24.589073 ], [ -51.472387, -24.605545 ], [ -51.486571, -24.608576 ], [ -51.501683, -24.626909 ], [ -51.499355, -24.632708 ], [ -51.493129, -24.636684 ], [ -51.483129, -24.619201 ], [ -51.477824, -24.61676 ], [ -51.475131, -24.618961 ], [ -51.48052, -24.62708 ], [ -51.472911, -24.63169 ], [ -51.471432, -24.647004 ], [ -51.468156, -24.653894 ], [ -51.459798, -24.651886 ], [ -51.453904, -24.654206 ], [ -51.448771, -24.665135 ], [ -51.444101, -24.667781 ], [ -51.442489, -24.677153 ], [ -51.447522, -24.682779 ], [ -51.445881, -24.686161 ], [ -51.426522, -24.687575 ], [ -51.420523, -24.694677 ], [ -51.426409, -24.700744 ], [ -51.436351, -24.702311 ], [ -51.426506, -24.717259 ], [ -51.41224, -24.725905 ], [ -51.416319, -24.735639 ], [ -51.408263, -24.749413 ], [ -51.409633, -24.755851 ], [ -51.394358, -24.763797 ], [ -51.386432, -24.755519 ], [ -51.380939, -24.75446 ], [ -51.374533, -24.772737 ], [ -51.360104, -24.758586 ], [ -51.356621, -24.759967 ], [ -51.348265, -24.763278 ], [ -51.332354, -24.759143 ], [ -51.331377, -24.754925 ], [ -51.325152, -24.754711 ], [ -51.318377, -24.76815 ], [ -51.304989, -24.766756 ], [ -51.302629, -24.771549 ], [ -51.294127, -24.775546 ], [ -51.290825, -24.758135 ], [ -51.275018, -24.752463 ], [ -51.281935, -24.77407 ], [ -51.253852, -24.769382 ], [ -51.251317, -24.770859 ], [ -51.253161, -24.775757 ], [ -51.259739, -24.784094 ], [ -51.234293, -24.791495 ], [ -51.234848, -24.778099 ], [ -51.222211, -24.772181 ], [ -51.212518, -24.772246 ], [ -51.202428, -24.764912 ], [ -51.199156, -24.767908 ], [ -51.20974, -24.785093 ], [ -51.210982, -24.79495 ], [ -51.202405, -24.793265 ], [ -51.196215, -24.798985 ], [ -51.190436, -24.785004 ], [ -51.181996, -24.782547 ], [ -51.185877, -24.792462 ], [ -51.183215, -24.799933 ], [ -51.17529, -24.799071 ], [ -51.168907, -24.811868 ], [ -51.149414, -24.808189 ], [ -51.155488, -24.818541 ], [ -51.150604, -24.825686 ], [ -51.14599, -24.823279 ], [ -51.143717, -24.827087 ], [ -51.142467, -24.835447 ], [ -51.146597, -24.846391 ], [ -51.129541, -24.851352 ], [ -51.13518, -24.863882 ], [ -51.129411, -24.87373 ], [ -51.112065, -24.866556 ], [ -51.102932, -24.866967 ], [ -51.11318, -24.875763 ], [ -51.115933, -24.88462 ], [ -51.099381, -24.875802 ], [ -51.097685, -24.879269 ], [ -51.120628, -24.903655 ], [ -51.106455, -24.907701 ], [ -51.094096, -24.901543 ], [ -51.086124, -24.904184 ], [ -51.082989, -24.914992 ], [ -51.092324, -24.909591 ], [ -51.099349, -24.916952 ], [ -51.091438, -24.932594 ], [ -51.08613, -24.936334 ], [ -51.071077, -24.93641 ], [ -51.071157, -24.923737 ], [ -51.0489, -24.926121 ], [ -51.045611, -24.913989 ], [ -51.042346, -24.914491 ], [ -51.037437, -24.928924 ], [ -51.053042, -24.932283 ], [ -51.051238, -24.934846 ], [ -51.058623, -24.942803 ], [ -51.058956, -24.952651 ], [ -51.029599, -24.954747 ], [ -51.0171, -24.968633 ], [ -51.014852, -24.973187 ], [ -51.017742, -24.979451 ], [ -51.013044, -24.98313 ], [ -50.99293, -24.981261 ], [ -50.991987, -24.987845 ], [ -50.998934, -24.993894 ], [ -50.999993, -25.003323 ], [ -50.972512, -25.003893 ], [ -50.968186, -25.01427 ], [ -50.973073, -25.019382 ], [ -50.963178, -25.022834 ], [ -50.95874, -25.032801 ], [ -50.950705, -25.036298 ], [ -50.954782, -25.041121 ], [ -50.957265, -25.045515 ], [ -50.952152, -25.056433 ], [ -50.952343, -25.070985 ], [ -50.937659, -25.07236 ], [ -50.934351, -25.078138 ], [ -50.937956, -25.082262 ], [ -50.932517, -25.086055 ], [ -50.932048, -25.098096 ], [ -50.925984, -25.100351 ], [ -50.939962, -25.120293 ], [ -50.940588, -25.139894 ], [ -50.949407, -25.154906 ], [ -50.939687, -25.163609 ], [ -50.941459, -25.168072 ], [ -50.93679, -25.171539 ], [ -50.934067, -25.172881 ], [ -50.934656, -25.162809 ], [ -50.926838, -25.158897 ], [ -50.921485, -25.16067 ], [ -50.916075, -25.174546 ], [ -50.907769, -25.17265 ], [ -50.905934, -25.176507 ], [ -50.902348, -25.172401 ], [ -50.895561, -25.187887 ], [ -50.889705, -25.201486 ], [ -50.877163, -25.197532 ], [ -50.875003, -25.206089 ], [ -50.86604, -25.210357 ], [ -50.861378, -25.209249 ], [ -50.854221, -25.219233 ], [ -50.849837, -25.218183 ], [ -50.83921, -25.226429 ], [ -50.817774, -25.229291 ], [ -50.811266, -25.233799 ], [ -50.819509, -25.246252 ], [ -50.818516, -25.25785 ], [ -50.818384, -25.257867 ], [ -50.817115, -25.264697 ], [ -50.804031, -25.273246 ], [ -50.799234, -25.284539 ], [ -50.804623, -25.294955 ], [ -50.803658, -25.306724 ], [ -50.809067, -25.312576 ], [ -50.807959, -25.318476 ], [ -50.816371, -25.326045 ], [ -50.80824, -25.340705 ], [ -50.812432, -25.352069 ], [ -50.786233, -25.381185 ], [ -50.790928, -25.387397 ], [ -50.781263, -25.39992 ], [ -50.786845, -25.404957 ], [ -50.782843, -25.410586 ], [ -50.785145, -25.415589 ], [ -50.78838, -25.408898 ], [ -50.797969, -25.404053 ], [ -50.800153, -25.393321 ], [ -50.815204, -25.390656 ], [ -50.82647, -25.384082 ], [ -50.832132, -25.378843 ], [ -50.833669, -25.371679 ], [ -50.837204, -25.374731 ], [ -50.843011, -25.372176 ], [ -50.843091, -25.375713 ], [ -50.84925, -25.373539 ], [ -50.858724, -25.377707 ], [ -50.867887, -25.373389 ], [ -50.868508, -25.377197 ], [ -50.873179, -25.376249 ], [ -50.878957, -25.379263 ], [ -50.882233, -25.385662 ], [ -50.88905, -25.377379 ], [ -50.891919, -25.380733 ], [ -50.900059, -25.379738 ], [ -50.904549, -25.382292 ], [ -50.905758, -25.388009 ], [ -50.916781, -25.393148 ], [ -50.922017, -25.389427 ], [ -50.961111, -25.41779 ], [ -50.978047, -25.429716 ], [ -50.992492, -25.436806 ], [ -51.001166, -25.433328 ], [ -51.001922, -25.438513 ], [ -51.007597, -25.438712 ], [ -51.009546, -25.443938 ], [ -51.020379, -25.442205 ], [ -51.013504, -25.454432 ], [ -51.016742, -25.454038 ], [ -51.015487, -25.458945 ], [ -51.021511, -25.455438 ], [ -51.019995, -25.461311 ], [ -51.021862, -25.46367 ], [ -51.023543, -25.459036 ], [ -51.026952, -25.468306 ], [ -51.034238, -25.466385 ], [ -51.035463, -25.460467 ], [ -51.039056, -25.45952 ], [ -51.039978, -25.463821 ], [ -51.045099, -25.463484 ], [ -51.040975, -25.469757 ], [ -51.042557, -25.47235 ], [ -51.04584, -25.470194 ], [ -51.04532, -25.473121 ], [ -51.049568, -25.474431 ], [ -51.054117, -25.470861 ], [ -51.054941, -25.474704 ], [ -51.068861, -25.480127 ], [ -51.079048, -25.498725 ], [ -51.087608, -25.504178 ], [ -51.093621, -25.499754 ], [ -51.100041, -25.508686 ], [ -51.118316, -25.511411 ], [ -51.130614, -25.516377 ], [ -51.134924, -25.507875 ], [ -51.132619, -25.500322 ], [ -51.138785, -25.494339 ], [ -51.136055, -25.476127 ], [ -51.151447, -25.484467 ], [ -51.169023, -25.469576 ], [ -51.174178, -25.471963 ], [ -51.175218, -25.478095 ], [ -51.186631, -25.477632 ], [ -51.19646, -25.48554 ], [ -51.207206, -25.468678 ], [ -51.214266, -25.469119 ], [ -51.213792, -25.476316 ], [ -51.217292, -25.474111 ], [ -51.222235, -25.472083 ], [ -51.225767, -25.461578 ], [ -51.230628, -25.462616 ], [ -51.228207, -25.468002 ], [ -51.232546, -25.466956 ], [ -51.234571, -25.471955 ], [ -51.243735, -25.468392 ], [ -51.265521, -25.475159 ], [ -51.279042, -25.472371 ], [ -51.292904, -25.478219 ], [ -51.293687, -25.471262 ], [ -51.301353, -25.463375 ], [ -51.302073, -25.469882 ], [ -51.315724, -25.473194 ], [ -51.322432, -25.473457 ], [ -51.32418, -25.463206 ], [ -51.33318, -25.466887 ], [ -51.337348, -25.458275 ], [ -51.34582, -25.452881 ], [ -51.350182, -25.459859 ], [ -51.357329, -25.458745 ], [ -51.368678, -25.463134 ], [ -51.366908, -25.469995 ], [ -51.368155, -25.473925 ], [ -51.357743, -25.486086 ], [ -51.339681, -25.490549 ], [ -51.334937, -25.495453 ], [ -51.333707, -25.508869 ], [ -51.347157, -25.513621 ], [ -51.33687, -25.527185 ], [ -51.335738, -25.527906 ], [ -51.32582, -25.532912 ], [ -51.31832, -25.531451 ], [ -51.314244, -25.539708 ], [ -51.302847, -25.543804 ], [ -51.299653, -25.550467 ], [ -51.293661, -25.553623 ], [ -51.269716, -25.549181 ], [ -51.266762, -25.56135 ], [ -51.272705, -25.573133 ], [ -51.270326, -25.591177 ], [ -51.284174, -25.616353 ], [ -51.29182, -25.620289 ], [ -51.290601, -25.633345 ], [ -51.29585, -25.636745 ], [ -51.309407, -25.629201 ], [ -51.311955, -25.630547 ], [ -51.312286, -25.627358 ], [ -51.314378, -25.626071 ], [ -51.318683, -25.631672 ], [ -51.322553, -25.624368 ], [ -51.331103, -25.624881 ], [ -51.336849, -25.632085 ], [ -51.341018, -25.627758 ], [ -51.347606, -25.632064 ], [ -51.350882, -25.628414 ], [ -51.36621, -25.627024 ], [ -51.367484, -25.63253 ], [ -51.372152, -25.62815 ], [ -51.370683, -25.635629 ], [ -51.375854, -25.636516 ], [ -51.379013, -25.641833 ], [ -51.385846, -25.637272 ], [ -51.392927, -25.62531 ], [ -51.39799, -25.624706 ], [ -51.408597, -25.636649 ], [ -51.403623, -25.637319 ], [ -51.404319, -25.64341 ], [ -51.376378, -25.654387 ], [ -51.372792, -25.664897 ], [ -51.363038, -25.674061 ], [ -51.345315, -25.686394 ], [ -51.355545, -25.708635 ], [ -51.357664, -25.713242 ], [ -51.354263, -25.718483 ], [ -51.366351, -25.735254 ], [ -51.354011, -25.752277 ], [ -51.355904, -25.754224 ], [ -51.351072, -25.763059 ], [ -51.353904, -25.763832 ], [ -51.348626, -25.773027 ], [ -51.337049, -25.774881 ], [ -51.33568, -25.779872 ], [ -51.316071, -25.792059 ], [ -51.314992, -25.803216 ], [ -51.308319, -25.807243 ], [ -51.308082, -25.814116 ], [ -51.303152, -25.815969 ], [ -51.306985, -25.820306 ], [ -51.300573, -25.828162 ], [ -51.302519, -25.832609 ], [ -51.307744, -25.829064 ], [ -51.311907, -25.825036 ], [ -51.32132, -25.825968 ], [ -51.324489, -25.833683 ], [ -51.322265, -25.845649 ], [ -51.33015, -25.853489 ], [ -51.338207, -25.855477 ], [ -51.334686, -25.863901 ], [ -51.343849, -25.862427 ], [ -51.348628, -25.876651 ], [ -51.367515, -25.883696 ], [ -51.366995, -25.887845 ], [ -51.35494, -25.891623 ], [ -51.362541, -25.898264 ], [ -51.380123, -25.893992 ], [ -51.379631, -25.903608 ], [ -51.369626, -25.917301 ], [ -51.383291, -25.917259 ], [ -51.379935, -25.924863 ], [ -51.380979, -25.933629 ], [ -51.385601, -25.932474 ], [ -51.390104, -25.937923 ], [ -51.403202, -25.933275 ], [ -51.405796, -25.933144 ], [ -51.406234, -25.945031 ], [ -51.412936, -25.949528 ], [ -51.415542, -25.933571 ], [ -51.411785, -25.925435 ], [ -51.421383, -25.920279 ], [ -51.425936, -25.925687 ], [ -51.428761, -25.925737 ], [ -51.430541, -25.921991 ], [ -51.43579, -25.923684 ], [ -51.437278, -25.925888 ], [ -51.431711, -25.940264 ], [ -51.448735, -25.950901 ], [ -51.46043, -25.942448 ], [ -51.472492, -25.942432 ], [ -51.467769, -25.931209 ], [ -51.470742, -25.926475 ], [ -51.477325, -25.920974 ], [ -51.482531, -25.92668 ], [ -51.502066, -25.943462 ], [ -51.501239, -25.955199 ], [ -51.511553, -25.951639 ], [ -51.511356, -25.962863 ], [ -51.518209, -25.967967 ], [ -51.541022, -25.964911 ], [ -51.542988, -25.969824 ], [ -51.538731, -25.976657 ], [ -51.549966, -25.986426 ], [ -51.575571, -25.976573 ], [ -51.580738, -25.976236 ], [ -51.582632, -25.979856 ], [ -51.579436, -25.993021 ], [ -51.582434, -25.997303 ], [ -51.597961, -26.001115 ], [ -51.615514, -25.997047 ], [ -51.618728, -26.003228 ], [ -51.630185, -26.003784 ], [ -51.644734, -25.997084 ], [ -51.66547, -26.009289 ], [ -51.673547, -26.00705 ], [ -51.678823, -25.993231 ], [ -51.686016, -25.988175 ], [ -51.699739, -25.985166 ], [ -51.711039, -25.972516 ], [ -51.709907, -25.964503 ], [ -51.696161, -25.955661 ], [ -51.687125, -25.941518 ], [ -51.680034, -25.929975 ], [ -51.680987, -25.925295 ], [ -51.694822, -25.915093 ], [ -51.70858, -25.91799 ], [ -51.721815, -25.930637 ], [ -51.7308, -25.956622 ], [ -51.742545, -25.970212 ], [ -51.730552, -25.986301 ], [ -51.738205, -25.994033 ], [ -51.739023, -25.994155 ], [ -51.745384, -25.996161 ], [ -51.756879, -26.008434 ], [ -51.766919, -26.011174 ], [ -51.780299, -25.997133 ], [ -51.794951, -25.998891 ], [ -51.8218, -26.012562 ], [ -51.828268, -26.013876 ], [ -51.83993, -26.009965 ], [ -51.864922, -26.025683 ], [ -51.871868, -26.023467 ], [ -51.877991, -26.022843 ], [ -51.887782, -26.008898 ], [ -51.899041, -26.00823 ], [ -51.919492, -25.995233 ], [ -51.953371, -25.986667 ], [ -51.965271, -25.987767 ], [ -51.973853, -25.998417 ], [ -51.979316, -26.01398 ], [ -51.991177, -26.016969 ], [ -52.007922, -26.010212 ], [ -52.014185, -26.001976 ], [ -52.008431, -25.985906 ], [ -52.010097, -25.980277 ], [ -52.027671, -25.976768 ], [ -52.033617, -25.971501 ], [ -52.028632, -25.956893 ], [ -52.032709, -25.946511 ], [ -52.054086, -25.936077 ], [ -52.076499, -25.93926 ], [ -52.086299, -25.937183 ], [ -52.09751, -25.919881 ], [ -52.104709, -25.908274 ], [ -52.111636, -25.894607 ], [ -52.133857, -25.893704 ], [ -52.142884, -25.8903 ], [ -52.147579, -25.871311 ], [ -52.161412, -25.862789 ], [ -52.168077, -25.829149 ], [ -52.164549, -25.823781 ], [ -52.155077, -25.820541 ], [ -52.153994, -25.818425 ], [ -52.150354, -25.806627 ], [ -52.13539, -25.792995 ], [ -52.110991, -25.791448 ], [ -52.113164, -25.781406 ], [ -52.122689, -25.774238 ], [ -52.134876, -25.775991 ] ], [ [ -52.108705, -24.786631 ], [ -52.099779, -24.786647 ], [ -52.104192, -24.789045 ], [ -52.103375, -24.795454 ], [ -52.095637, -24.797223 ], [ -52.098676, -24.800091 ], [ -52.094255, -24.803693 ], [ -52.099384, -24.804443 ], [ -52.094068, -24.81108 ], [ -52.09017, -24.808742 ], [ -52.083062, -24.812985 ], [ -52.081946, -24.809348 ], [ -52.073776, -24.813886 ], [ -52.066929, -24.812165 ], [ -52.070462, -24.815917 ], [ -52.066962, -24.819894 ], [ -52.063577, -24.81425 ], [ -52.060381, -24.817785 ], [ -52.058393, -24.813695 ], [ -52.054343, -24.814364 ], [ -52.057077, -24.818191 ], [ -52.052646, -24.820268 ], [ -52.053768, -24.824541 ], [ -52.058384, -24.829275 ], [ -52.053118, -24.833666 ], [ -52.057067, -24.835158 ], [ -52.053674, -24.845343 ], [ -52.057426, -24.849289 ], [ -52.053641, -24.850544 ], [ -52.053722, -24.85551 ], [ -52.049648, -24.855402 ], [ -52.047228, -24.864165 ], [ -52.040394, -24.866441 ], [ -52.039396, -24.874339 ], [ -52.044833, -24.877311 ], [ -52.046405, -24.877372 ], [ -52.046475, -24.877337 ], [ -52.06013, -24.877554 ], [ -52.066556, -24.883309 ], [ -52.087056, -24.882315 ], [ -52.093766, -24.884195 ], [ -52.09212, -24.887852 ], [ -52.101164, -24.887487 ], [ -52.101756, -24.895006 ], [ -52.105824, -24.8999 ], [ -52.111065, -24.899653 ], [ -52.109388, -24.904781 ], [ -52.115818, -24.90323 ], [ -52.118033, -24.911912 ], [ -52.132961, -24.914236 ], [ -52.133844, -24.918897 ], [ -52.139742, -24.918842 ], [ -52.139196, -24.922161 ], [ -52.146546, -24.92092 ], [ -52.138287, -24.929948 ], [ -52.141259, -24.934275 ], [ -52.14414, -24.930837 ], [ -52.147877, -24.931708 ], [ -52.143202, -24.938111 ], [ -52.145335, -24.945327 ], [ -52.151299, -24.947741 ], [ -52.143918, -24.949311 ], [ -52.14301, -24.952781 ], [ -52.151754, -24.954386 ], [ -52.14798, -24.961599 ], [ -52.151446, -24.963662 ], [ -52.149376, -24.967687 ], [ -52.142969, -24.964425 ], [ -52.134832, -24.964771 ], [ -52.134409, -24.972504 ], [ -52.128982, -24.975297 ], [ -52.129409, -24.965117 ], [ -52.122397, -24.966432 ], [ -52.114144, -24.960337 ], [ -52.105747, -24.959841 ], [ -52.109864, -24.971733 ], [ -52.121908, -24.981879 ], [ -52.103774, -24.985208 ], [ -52.095223, -24.997359 ], [ -52.090218, -24.994216 ], [ -52.097117, -24.987636 ], [ -52.088785, -24.989969 ], [ -52.087174, -24.987083 ], [ -52.091749, -24.983107 ], [ -52.085379, -24.985129 ], [ -52.082387, -24.999333 ], [ -52.077815, -25.003899 ], [ -52.083376, -25.016704 ], [ -52.074525, -25.014456 ], [ -52.071557, -25.006943 ], [ -52.078609, -24.999274 ], [ -52.077174, -24.996955 ], [ -52.066064, -24.99193 ], [ -52.059695, -24.994695 ], [ -52.048963, -24.978669 ], [ -52.032073, -24.974619 ], [ -52.030302, -24.978311 ], [ -52.043333, -24.982329 ], [ -52.046084, -24.988354 ], [ -52.025161, -24.98875 ], [ -52.034011, -24.996087 ], [ -52.029575, -24.998994 ], [ -52.026426, -24.997177 ], [ -52.023476, -25.00236 ], [ -52.018096, -24.995357 ], [ -52.006347, -25.006756 ], [ -52.002451, -25.000262 ], [ -52.004875, -24.996201 ], [ -52.00038, -24.990752 ], [ -51.996555, -24.989736 ], [ -51.992497, -24.996101 ], [ -51.984133, -24.992562 ], [ -51.980945, -24.993179 ], [ -51.982341, -25.000537 ], [ -51.99418, -25.016207 ], [ -51.986956, -25.019853 ], [ -51.980705, -25.013942 ], [ -51.977966, -25.021026 ], [ -51.981938, -25.03012 ], [ -51.972122, -25.033524 ], [ -51.96659, -25.031761 ], [ -51.97323, -25.02217 ], [ -51.962852, -25.016244 ], [ -51.962907, -25.008191 ], [ -51.95505, -25.008514 ], [ -51.951496, -25.002355 ], [ -51.946224, -25.003759 ], [ -51.945304, -25.021622 ], [ -51.935832, -25.011362 ], [ -51.92855, -25.013891 ], [ -51.928847, -25.019372 ], [ -51.923668, -25.021033 ], [ -51.92482, -25.027274 ], [ -51.921864, -25.027761 ], [ -51.919504, -25.023154 ], [ -51.910853, -25.028258 ], [ -51.908256, -25.023352 ], [ -51.912796, -25.014674 ], [ -51.904404, -25.013656 ], [ -51.90164, -25.017782 ], [ -51.898092, -25.014378 ], [ -51.894272, -25.015454 ], [ -51.888545, -25.011582 ], [ -51.891997, -25.008326 ], [ -51.889772, -25.003447 ], [ -51.894603, -25.000175 ], [ -51.892929, -24.99777 ], [ -51.888993, -24.996894 ], [ -51.879716, -25.00288 ], [ -51.866296, -25.003679 ], [ -51.868579, -24.995467 ], [ -51.857097, -24.996041 ], [ -51.862017, -24.991086 ], [ -51.861329, -24.986762 ], [ -51.849165, -24.99081 ], [ -51.841686, -25.002009 ], [ -51.83771, -24.996564 ], [ -51.828503, -25.002961 ], [ -51.819714, -25.006543 ], [ -51.82243, -25.012806 ], [ -51.81508, -25.012477 ], [ -51.806738, -25.018481 ], [ -51.801359, -25.014604 ], [ -51.796635, -25.020065 ], [ -51.79049, -25.017347 ], [ -51.788635, -25.020279 ], [ -51.772374, -25.023185 ], [ -51.76345, -25.037855 ], [ -51.757538, -25.033864 ], [ -51.749007, -25.041767 ], [ -51.734922, -25.038712 ], [ -51.703964, -25.046607 ], [ -51.693367, -25.044945 ], [ -51.676507, -25.054152 ], [ -51.663601, -25.061082 ], [ -51.664288, -25.053961 ], [ -51.658402, -25.037981 ], [ -51.648005, -25.035201 ], [ -51.642061, -25.016087 ], [ -51.655211, -25.016028 ], [ -51.660982, -25.011292 ], [ -51.69184, -25.014758 ], [ -51.696495, -25.010466 ], [ -51.708201, -25.01174 ], [ -51.724189, -24.992318 ], [ -51.756965, -24.981653 ], [ -51.775433, -24.985619 ], [ -51.772245, -24.982424 ], [ -51.776771, -24.968084 ], [ -51.770984, -24.966516 ], [ -51.761073, -24.970192 ], [ -51.743688, -24.959831 ], [ -51.735826, -24.941549 ], [ -51.736215, -24.926153 ], [ -51.73886, -24.919144 ], [ -51.749992, -24.914991 ], [ -51.77999, -24.877292 ], [ -51.785352, -24.870907 ], [ -51.809323, -24.857409 ], [ -51.8111, -24.856469 ], [ -51.815815, -24.848535 ], [ -51.820275, -24.848965 ], [ -51.82452, -24.849756 ], [ -51.835462, -24.843431 ], [ -51.843959, -24.844537 ], [ -51.856008, -24.832836 ], [ -51.858273, -24.819821 ], [ -51.866969, -24.812646 ], [ -51.8682, -24.789086 ], [ -51.873581, -24.781141 ], [ -51.890287, -24.778295 ], [ -51.896623, -24.772084 ], [ -51.902716, -24.772484 ], [ -51.902631, -24.764813 ], [ -51.911812, -24.766203 ], [ -51.918371, -24.757063 ], [ -51.919553, -24.753821 ], [ -51.926592, -24.752491 ], [ -51.931368, -24.7559 ], [ -51.933356, -24.753577 ], [ -51.933526, -24.758767 ], [ -51.941286, -24.755081 ], [ -51.93717, -24.762368 ], [ -51.942205, -24.765139 ], [ -51.950731, -24.760663 ], [ -51.947444, -24.76788 ], [ -51.950344, -24.772812 ], [ -51.955617, -24.772369 ], [ -51.954569, -24.766334 ], [ -51.960069, -24.761878 ], [ -51.97328, -24.767555 ], [ -51.976652, -24.7659 ], [ -51.983314, -24.771947 ], [ -51.987417, -24.771742 ], [ -51.987474, -24.777012 ], [ -51.996839, -24.777827 ], [ -52.005716, -24.780047 ], [ -52.003486, -24.776148 ], [ -52.007351, -24.772675 ], [ -52.002144, -24.772032 ], [ -52.001151, -24.763266 ], [ -52.009989, -24.766071 ], [ -52.010177, -24.763158 ], [ -52.030012, -24.762143 ], [ -52.026948, -24.767337 ], [ -52.034379, -24.770684 ], [ -52.040882, -24.763967 ], [ -52.040033, -24.772993 ], [ -52.036432, -24.772583 ], [ -52.038917, -24.786894 ], [ -52.04405, -24.778548 ], [ -52.047651, -24.782463 ], [ -52.046236, -24.785691 ], [ -52.053943, -24.787143 ], [ -52.062546, -24.7854 ], [ -52.066876, -24.788112 ], [ -52.062733, -24.783142 ], [ -52.071689, -24.77872 ], [ -52.073035, -24.780951 ], [ -52.076632, -24.770631 ], [ -52.089917, -24.776973 ], [ -52.095868, -24.778569 ], [ -52.093611, -24.780774 ], [ -52.096332, -24.782493 ], [ -52.106329, -24.783148 ], [ -52.108705, -24.786631 ] ], [ [ -52.255594, -25.008837 ], [ -52.255594, -25.008836 ], [ -52.263287, -25.010361 ], [ -52.255594, -25.008837 ] ], [ [ -51.769156, -25.494864 ], [ -51.775089, -25.493506 ], [ -51.769155, -25.494865 ], [ -51.769156, -25.494864 ] ], [ [ -51.471347, -24.884647 ], [ -51.464212, -24.888962 ], [ -51.471347, -24.884646 ], [ -51.471347, -24.884647 ] ], [ [ -51.444299, -24.798825 ], [ -51.4443, -24.798825 ], [ -51.439129, -24.804962 ], [ -51.444299, -24.798825 ] ] ] } },
{ "type": "Feature", "properties": { "HREG_ID": "41006", "HREG_NAME": "6ª RS União da Vitória", "id": "410130", "name": "Antônio Olinto", "description": "Antônio Olinto", "MUN_ID": "410130", "UF": "PR", "MACRO_ID": "4107", "MACRO_NAME": "Macrorregião Leste" }, "geometry": { "type": "Polygon", "coordinates": [ [ [ -51.25504, -26.37352 ], [ -51.252223, -26.375872 ], [ -51.257732, -26.378701 ], [ -51.260474, -26.378922 ], [ -51.269525, -26.38665 ], [ -51.272896, -26.387626 ], [ -51.277791, -26.389995 ], [ -51.275476, -26.401472 ], [ -51.288729, -26.399612 ], [ -51.29189, -26.403788 ], [ -51.287157, -26.413863 ], [ -51.294227, -26.416914 ], [ -51.298718, -26.418674 ], [ -51.296815, -26.422175 ], [ -51.29401, -26.42623 ], [ -51.291212, -26.436664 ], [ -51.274078, -26.445476 ], [ -51.279873, -26.453746 ], [ -51.278291, -26.458011 ], [ -51.271055, -26.456693 ], [ -51.267319, -26.460477 ], [ -51.253498, -26.463029 ], [ -51.260094, -26.470267 ], [ -51.250468, -26.473863 ], [ -51.266107, -26.481918 ], [ -51.260769, -26.4907 ], [ -51.267726, -26.489747 ], [ -51.273806, -26.496611 ], [ -51.268554, -26.499542 ], [ -51.271812, -26.504838 ], [ -51.262578, -26.507031 ], [ -51.265482, -26.512384 ], [ -51.256502, -26.519805 ], [ -51.250929, -26.520389 ], [ -51.246573, -26.538212 ], [ -51.239127, -26.539369 ], [ -51.240125, -26.544709 ], [ -51.223295, -26.550318 ], [ -51.229453, -26.554802 ], [ -51.228233, -26.561669 ], [ -51.215482, -26.569648 ], [ -51.224156, -26.575905 ], [ -51.226808, -26.585073 ], [ -51.223636, -26.592876 ], [ -51.237345, -26.60404 ], [ -51.229388, -26.615831 ], [ -51.232517, -26.614382 ], [ -51.237345, -26.618671 ], [ -51.23888, -26.627909 ], [ -51.258157, -26.625351 ], [ -51.266956, -26.637579 ], [ -51.277093, -26.635815 ], [ -51.274264, -26.641589 ], [ -51.282238, -26.642111 ], [ -51.281356, -26.650392 ], [ -51.282933, -26.653515 ], [ -51.30531, -26.654616 ], [ -51.31061, -26.651478 ], [ -51.323313, -26.656443 ], [ -51.325482, -26.651228 ], [ -51.326198, -26.649505 ], [ -51.331415, -26.64681 ], [ -51.336068, -26.649482 ], [ -51.346931, -26.648635 ], [ -51.352747, -26.651736 ], [ -51.364628, -26.658058 ], [ -51.381054, -26.658983 ], [ -51.390759, -26.66342 ], [ -51.405416, -26.675685 ], [ -51.392425, -26.685039 ], [ -51.39255, -26.697782 ], [ -51.398236, -26.710438 ], [ -51.41104, -26.716809 ], [ -51.406663, -26.700146 ], [ -51.43486, -26.687648 ], [ -51.43907, -26.666736 ], [ -51.4553, -26.65361 ], [ -51.454255, -26.640177 ], [ -51.463946, -26.626769 ], [ -51.468329, -26.620739 ], [ -51.474879, -26.618989 ], [ -51.487052, -26.622709 ], [ -51.483612, -26.611607 ], [ -51.490409, -26.605237 ], [ -51.49377, -26.589164 ], [ -51.49917, -26.585254 ], [ -51.511076, -26.583275 ], [ -51.511556, -26.581366 ], [ -51.515568, -26.54607 ], [ -51.524181, -26.537846 ], [ -51.522685, -26.526962 ], [ -51.528566, -26.51267 ], [ -51.526396, -26.497239 ], [ -51.522307, -26.493901 ], [ -51.525761, -26.489319 ], [ -51.524462, -26.48444 ], [ -51.515926, -26.474976 ], [ -51.525742, -26.468863 ], [ -51.526086, -26.461997 ], [ -51.535163, -26.457452 ], [ -51.526231, -26.454952 ], [ -51.530635, -26.451177 ], [ -51.531043, -26.436931 ], [ -51.544353, -26.429815 ], [ -51.540965, -26.427014 ], [ -51.543897, -26.423671 ], [ -51.547285, -26.426921 ], [ -51.551365, -26.418152 ], [ -51.552761, -26.412138 ], [ -51.548305, -26.40116 ], [ -51.542302, -26.398073 ], [ -51.540627, -26.391793 ], [ -51.552894, -26.392669 ], [ -51.554709, -26.390301 ], [ -51.565579, -26.392711 ], [ -51.567919, -26.396279 ], [ -51.571813, -26.396307 ], [ -51.573219, -26.392588 ], [ -51.580948, -26.394876 ], [ -51.569534, -26.384861 ], [ -51.57031, -26.374665 ], [ -51.55988, -26.376371 ], [ -51.561861, -26.367744 ], [ -51.588997, -26.357259 ], [ -51.579019, -26.349062 ], [ -51.57426, -26.35068 ], [ -51.571165, -26.345359 ], [ -51.573132, -26.339184 ], [ -51.579337, -26.337742 ], [ -51.577952, -26.330052 ], [ -51.584325, -26.321629 ], [ -51.589648, -26.323161 ], [ -51.591292, -26.327677 ], [ -51.601911, -26.329726 ], [ -51.605665, -26.326895 ], [ -51.59746, -26.318402 ], [ -51.591008, -26.319633 ], [ -51.588752, -26.313711 ], [ -51.592385, -26.306921 ], [ -51.580334, -26.307174 ], [ -51.588171, -26.296896 ], [ -51.580156, -26.296304 ], [ -51.577338, -26.292924 ], [ -51.582435, -26.292255 ], [ -51.585345, -26.286336 ], [ -51.59549, -26.289355 ], [ -51.598282, -26.284008 ], [ -51.603649, -26.294317 ], [ -51.60845, -26.291484 ], [ -51.61269, -26.295943 ], [ -51.617421, -26.284669 ], [ -51.620796, -26.290553 ], [ -51.627575, -26.289173 ], [ -51.631948, -26.294555 ], [ -51.628674, -26.279989 ], [ -51.640363, -26.277931 ], [ -51.639597, -26.274692 ], [ -51.631247, -26.271579 ], [ -51.645434, -26.270593 ], [ -51.643951, -26.263939 ], [ -51.656369, -26.267281 ], [ -51.663384, -26.269386 ], [ -51.661787, -26.276956 ], [ -51.667345, -26.267455 ], [ -51.679287, -26.268513 ], [ -51.682179, -26.274837 ], [ -51.675896, -26.279119 ], [ -51.682102, -26.286853 ], [ -51.682784, -26.279717 ], [ -51.691455, -26.277649 ], [ -51.687366, -26.275739 ], [ -51.693156, -26.257723 ], [ -51.688903, -26.251374 ], [ -51.693096, -26.245611 ], [ -51.700878, -26.24344 ], [ -51.708204, -26.246891 ], [ -51.708376, -26.258459 ], [ -51.713145, -26.259179 ], [ -51.714718, -26.255705 ], [ -51.724902, -26.258386 ], [ -51.73235, -26.264679 ], [ -51.739813, -26.265247 ], [ -51.738439, -26.258465 ], [ -51.742672, -26.252445 ], [ -51.761719, -26.249313 ], [ -51.764721, -26.251484 ], [ -51.761514, -26.261111 ], [ -51.774972, -26.257201 ], [ -51.7766, -26.254892 ], [ -51.77133, -26.250303 ], [ -51.778295, -26.241629 ], [ -51.769127, -26.236557 ], [ -51.753428, -26.237007 ], [ -51.746457, -26.232702 ], [ -51.704191, -26.125403 ], [ -51.69476, -26.095272 ], [ -51.696092, -26.091069 ], [ -51.715728, -26.081223 ], [ -51.737841, -26.048839 ], [ -51.729656, -26.033102 ], [ -51.730043, -26.025146 ], [ -51.724196, -26.018457 ], [ -51.726384, -26.016174 ], [ -51.72194, -26.012173 ], [ -51.722453, -26.006458 ], [ -51.730944, -26.006584 ], [ -51.739023, -25.994155 ], [ -51.738205, -25.994033 ], [ -51.730552, -25.986301 ], [ -51.742545, -25.970212 ], [ -51.7308, -25.956622 ], [ -51.721815, -25.930637 ], [ -51.70858, -25.91799 ], [ -51.694822, -25.915093 ], [ -51.680987, -25.925295 ], [ -51.680034, -25.929975 ], [ -51.687125, -25.941518 ], [ -51.696161, -25.955661 ], [ -51.709907, -25.964503 ], [ -51.711039, -25.972516 ], [ -51.699739, -25.985166 ], [ -51.686016, -25.988175 ], [ -51.678823, -25.993231 ], [ -51.673547, -26.00705 ], [ -51.66547, -26.009289 ], [ -51.644734, -25.997084 ], [ -51.630185, -26.003784 ], [ -51.618728, -26.003228 ], [ -51.615514, -25.997047 ], [ -51.597961, -26.001115 ], [ -51.582434, -25.997303 ], [ -51.579436, -25.993021 ], [ -51.582632, -25.979856 ], [ -51.580738, -25.976236 ], [ -51.575571, -25.976573 ], [ -51.549966, -25.986426 ], [ -51.538731, -25.976657 ], [ -51.542988, -25.969824 ], [ -51.541022, -25.964911 ], [ -51.518209, -25.967967 ], [ -51.511356, -25.962863 ], [ -51.511553, -25.951639 ], [ -51.501239, -25.955199 ], [ -51.502066, -25.943462 ], [ -51.482531, -25.92668 ], [ -51.477325, -25.920974 ], [ -51.470742, -25.926475 ], [ -51.467769, -25.931209 ], [ -51.472492, -25.942432 ], [ -51.46043, -25.942448 ], [ -51.448735, -25.950901 ], [ -51.431711, -25.940264 ], [ -51.437278, -25.925888 ], [ -51.43579, -25.923684 ], [ -51.430541, -25.921991 ], [ -51.428761, -25.925737 ], [ -51.425936, -25.925687 ], [ -51.421383, -25.920279 ], [ -51.411785, -25.925435 ], [ -51.415542, -25.933571 ], [ -51.412936, -25.949528 ], [ -51.406234, -25.945031 ], [ -51.405796, -25.933144 ], [ -51.403202, -25.933275 ], [ -51.390104, -25.937923 ], [ -51.385601, -25.932474 ], [ -51.380979, -25.933629 ], [ -51.379935, -25.924863 ], [ -51.383291, -25.917259 ], [ -51.369626, -25.917301 ], [ -51.379631, -25.903608 ], [ -51.380123, -25.893992 ], [ -51.362541, -25.898264 ], [ -51.35494, -25.891623 ], [ -51.366995, -25.887845 ], [ -51.367515, -25.883696 ], [ -51.348628, -25.876651 ], [ -51.343849, -25.862427 ], [ -51.334686, -25.863901 ], [ -51.338207, -25.855477 ], [ -51.33015, -25.853489 ], [ -51.322265, -25.845649 ], [ -51.324489, -25.833683 ], [ -51.32132, -25.825968 ], [ -51.311907, -25.825036 ], [ -51.307744, -25.829064 ], [ -51.302519, -25.832609 ], [ -51.29585, -25.834471 ], [ -51.293434, -25.831882 ], [ -51.293261, -25.813616 ], [ -51.287655, -25.810216 ], [ -51.286526, -25.802822 ], [ -51.281186, -25.791159 ], [ -51.257796, -25.805926 ], [ -51.247438, -25.800764 ], [ -51.250653, -25.791886 ], [ -51.246652, -25.775865 ], [ -51.240959, -25.775962 ], [ -51.242069, -25.785743 ], [ -51.237516, -25.787704 ], [ -51.221354, -25.781596 ], [ -51.21749, -25.77206 ], [ -51.200541, -25.773547 ], [ -51.204685, -25.763543 ], [ -51.184792, -25.771621 ], [ -51.182652, -25.767709 ], [ -51.185905, -25.75831 ], [ -51.169821, -25.756718 ], [ -51.176544, -25.74515 ], [ -51.171238, -25.743667 ], [ -51.163985, -25.749263 ], [ -51.154347, -25.748795 ], [ -51.156378, -25.754355 ], [ -51.161103, -25.7548 ], [ -51.146797, -25.758109 ], [ -51.145513, -25.763019 ], [ -51.134861, -25.762947 ], [ -51.129042, -25.765397 ], [ -51.125795, -25.754928 ], [ -51.115653, -25.751779 ], [ -51.121905, -25.737703 ], [ -51.115986, -25.719791 ], [ -51.103592, -25.717931 ], [ -51.097069, -25.709512 ], [ -51.092707, -25.706961 ], [ -51.089177, -25.709941 ], [ -51.081012, -25.701877 ], [ -51.066929, -25.704813 ], [ -51.065873, -25.69379 ], [ -51.065074, -25.696325 ], [ -51.052077, -25.697796 ], [ -51.04871, -25.697204 ], [ -51.044903, -25.704902 ], [ -51.035989, -25.708672 ], [ -51.029041, -25.701496 ], [ -51.01957, -25.705289 ], [ -51.014184, -25.703862 ], [ -51.015071, -25.691442 ], [ -51.010098, -25.674708 ], [ -50.992098, -25.677702 ], [ -50.988901, -25.669034 ], [ -50.98168, -25.665719 ], [ -50.970538, -25.682408 ], [ -50.959606, -25.68387 ], [ -50.962863, -25.68208 ], [ -50.956496, -25.68428 ], [ -50.954014, -25.703995 ], [ -50.944978, -25.717162 ], [ -50.943496, -25.741194 ], [ -50.954793, -25.740442 ], [ -50.959768, -25.754101 ], [ -50.971145, -25.754282 ], [ -50.977592, -25.751847 ], [ -50.975363, -25.756121 ], [ -50.989774, -25.769425 ], [ -50.983615, -25.775365 ], [ -50.982827, -25.78498 ], [ -50.99519, -25.791022 ], [ -51.00004, -25.788172 ], [ -51.009021, -25.792858 ], [ -51.020423, -25.790309 ], [ -51.022456, -25.797552 ], [ -51.031824, -25.799982 ], [ -51.03937, -25.80699 ], [ -51.036033, -25.819154 ], [ -51.035706, -25.831156 ], [ -51.026133, -25.830983 ], [ -51.024889, -25.836147 ], [ -51.016039, -25.842977 ], [ -51.016389, -25.850465 ], [ -51.005417, -25.866017 ], [ -51.012108, -25.878129 ], [ -51.007321, -25.888697 ], [ -51.007519, -25.905443 ], [ -50.988812, -25.917271 ], [ -50.971692, -25.932456 ], [ -50.960571, -25.935533 ], [ -50.936978, -25.940123 ], [ -50.929901, -25.941572 ], [ -50.925767, -25.95541 ], [ -50.941101, -25.969155 ], [ -50.949151, -25.969491 ], [ -50.952528, -25.973635 ], [ -50.935926, -25.992205 ], [ -50.941573, -26.004113 ], [ -50.930654, -26.02594 ], [ -50.904349, -26.038683 ], [ -50.896957, -26.056705 ], [ -50.894183, -26.046283 ], [ -50.886623, -26.040006 ], [ -50.886566, -26.007333 ], [ -50.87904, -26.002914 ], [ -50.870936, -26.003667 ], [ -50.866878, -25.996995 ], [ -50.860254, -26.001002 ], [ -50.853756, -25.994458 ], [ -50.833815, -25.99339 ], [ -50.827817, -25.996471 ], [ -50.818275, -25.990481 ], [ -50.786934, -25.991068 ], [ -50.786652, -25.994652 ], [ -50.78284, -25.996053 ], [ -50.782127, -25.99144 ], [ -50.773732, -25.991938 ], [ -50.767285, -25.986555 ], [ -50.757544, -25.990603 ], [ -50.75663, -25.986768 ], [ -50.750679, -25.986688 ], [ -50.748462, -25.980725 ], [ -50.736728, -25.989467 ], [ -50.724591, -25.999074 ], [ -50.718118, -25.99783 ], [ -50.709905, -25.982494 ], [ -50.698513, -25.977997 ], [ -50.698315, -25.972852 ], [ -50.686782, -25.957069 ], [ -50.676986, -25.959523 ], [ -50.679009, -25.969597 ], [ -50.670137, -25.968358 ], [ -50.671255, -25.952727 ], [ -50.673476, -25.942637 ], [ -50.665749, -25.941002 ], [ -50.657398, -25.924677 ], [ -50.656512, -25.916846 ], [ -50.673485, -25.903819 ], [ -50.676494, -25.873131 ], [ -50.665349, -25.871413 ], [ -50.659627, -25.874771 ], [ -50.654834, -25.876472 ], [ -50.65447, -25.866358 ], [ -50.642042, -25.862801 ], [ -50.643108, -25.84971 ], [ -50.635363, -25.854366 ], [ -50.628197, -25.848497 ], [ -50.622702, -25.848731 ], [ -50.620309, -25.860832 ], [ -50.615615, -25.860444 ], [ -50.617392, -25.866456 ], [ -50.601995, -25.866167 ], [ -50.60074, -25.862311 ], [ -50.606903, -25.860605 ], [ -50.607544, -25.849103 ], [ -50.60176, -25.84594 ], [ -50.610882, -25.844582 ], [ -50.611259, -25.840152 ], [ -50.618136, -25.842632 ], [ -50.618404, -25.834103 ], [ -50.632182, -25.828375 ], [ -50.633312, -25.817297 ], [ -50.631748, -25.815052 ], [ -50.626059, -25.819466 ], [ -50.621721, -25.816884 ], [ -50.625855, -25.807598 ], [ -50.619574, -25.808129 ], [ -50.618353, -25.812556 ], [ -50.607466, -25.818486 ], [ -50.609182, -25.810672 ], [ -50.603387, -25.810001 ], [ -50.600265, -25.80485 ], [ -50.608981, -25.798093 ], [ -50.599945, -25.792545 ], [ -50.598415, -25.786926 ], [ -50.600356, -25.783729 ], [ -50.592693, -25.759331 ], [ -50.578803, -25.764429 ], [ -50.572509, -25.761718 ], [ -50.567288, -25.762563 ], [ -50.558037, -25.752097 ], [ -50.543386, -25.758372 ], [ -50.53796, -25.757646 ], [ -50.529607, -25.749564 ], [ -50.530806, -25.743311 ], [ -50.518754, -25.734765 ], [ -50.509683, -25.731745 ], [ -50.507479, -25.736576 ], [ -50.502187, -25.741005 ], [ -50.497951, -25.739961 ], [ -50.49698, -25.735474 ], [ -50.493422, -25.736749 ], [ -50.489507, -25.734076 ], [ -50.488121, -25.739508 ], [ -50.483126, -25.741795 ], [ -50.451239, -25.723574 ], [ -50.433295, -25.724154 ], [ -50.41533, -25.719507 ], [ -50.409418, -25.729447 ], [ -50.397622, -25.749275 ], [ -50.390429, -25.74169 ], [ -50.371062, -25.736675 ], [ -50.363138, -25.728535 ], [ -50.360364, -25.730313 ], [ -50.358827, -25.731044 ], [ -50.345057, -25.74957 ], [ -50.341292, -25.749662 ], [ -50.337576, -25.742745 ], [ -50.329047, -25.745152 ], [ -50.330461, -25.749999 ], [ -50.323009, -25.751702 ], [ -50.321275, -25.759805 ], [ -50.315955, -25.755236 ], [ -50.307745, -25.756262 ], [ -50.308454, -25.768483 ], [ -50.298547, -25.769095 ], [ -50.291753, -25.777939 ], [ -50.293849, -25.791012 ], [ -50.284655, -25.794683 ], [ -50.278882, -25.803419 ], [ -50.273779, -25.800291 ], [ -50.268063, -25.804632 ], [ -50.270749, -25.809099 ], [ -50.267746, -25.836303 ], [ -50.262393, -25.83622 ], [ -50.263029, -25.839077 ], [ -50.252784, -25.840365 ], [ -50.232192, -25.82995 ], [ -50.230163, -25.823004 ], [ -50.23887, -25.813637 ], [ -50.227697, -25.812278 ], [ -50.209704, -25.815782 ], [ -50.204337, -25.824019 ], [ -50.198155, -25.822525 ], [ -50.193509, -25.835365 ], [ -50.17326, -25.857641 ], [ -50.176861, -25.860283 ], [ -50.174683, -25.87196 ], [ -50.167338, -25.871597 ], [ -50.165987, -25.875128 ], [ -50.166021, -25.875206 ], [ -50.166739, -25.87958 ], [ -50.158782, -25.876618 ], [ -50.156929, -25.880501 ], [ -50.144393, -25.886281 ], [ -50.132537, -25.883186 ], [ -50.128252, -25.886327 ], [ -50.121146, -25.880538 ], [ -50.108902, -25.891996 ], [ -50.087986, -25.895793 ], [ -50.082674, -25.898922 ], [ -50.081494, -25.895618 ], [ -50.080145, -25.892775 ], [ -50.07304, -25.895314 ], [ -50.066619, -25.888495 ], [ -50.063608, -25.891739 ], [ -50.059844, -25.887591 ], [ -50.053543, -25.888928 ], [ -50.05069, -25.88047 ], [ -50.045557, -25.884051 ], [ -50.038358, -25.878299 ], [ -50.032073, -25.882009 ], [ -50.013621, -25.893772 ], [ -50.020493, -25.901764 ], [ -50.014432, -25.909046 ], [ -50.014828, -25.934244 ], [ -50.010673, -25.930532 ], [ -49.996075, -25.932593 ], [ -49.99193, -25.93907 ], [ -49.986124, -25.939956 ], [ -49.984591, -25.948511 ], [ -49.983168, -25.952926 ], [ -49.972805, -25.958596 ], [ -49.96758, -25.972617 ], [ -49.963822, -25.98875 ], [ -49.967154, -25.991067 ], [ -49.967275, -26.004587 ], [ -49.977121, -26.003434 ], [ -49.981327, -25.995074 ], [ -49.992669, -25.991087 ], [ -49.995939, -25.998751 ], [ -49.993075, -26.011148 ], [ -49.998043, -26.015371 ], [ -50.007795, -26.012755 ], [ -50.011069, -26.013526 ], [ -50.011071, -26.026054 ], [ -50.002758, -26.038426 ], [ -50.00618, -26.045448 ], [ -50.03167, -26.027209 ], [ -50.039729, -26.02649 ], [ -50.05625, -26.03628 ], [ -50.064445, -26.032925 ], [ -50.072466, -26.034531 ], [ -50.076969, -26.046786 ], [ -50.08143, -26.041387 ], [ -50.080763, -26.024153 ], [ -50.084341, -26.023065 ], [ -50.088402, -26.027806 ], [ -50.091584, -26.043202 ], [ -50.098928, -26.049671 ], [ -50.100115, -26.049591 ], [ -50.105023, -26.055435 ], [ -50.10991, -26.058815 ], [ -50.111205, -26.053154 ], [ -50.117915, -26.051318 ], [ -50.120591, -26.063875 ], [ -50.134268, -26.043006 ], [ -50.143856, -26.049625 ], [ -50.148342, -26.059774 ], [ -50.151998, -26.050803 ], [ -50.141529, -26.027128 ], [ -50.151018, -26.022751 ], [ -50.163705, -26.026539 ], [ -50.171385, -26.024684 ], [ -50.179281, -26.028277 ], [ -50.182051, -26.03396 ], [ -50.176026, -26.03363 ], [ -50.171052, -26.042107 ], [ -50.164182, -26.042696 ], [ -50.163156, -26.036232 ], [ -50.155398, -26.041576 ], [ -50.156741, -26.04816 ], [ -50.170767, -26.064947 ], [ -50.173699, -26.064126 ], [ -50.180794, -26.079371 ], [ -50.192536, -26.071164 ], [ -50.193743, -26.064812 ], [ -50.207552, -26.061054 ], [ -50.209376, -26.05669 ], [ -50.218246, -26.056458 ], [ -50.223632, -26.060289 ], [ -50.233602, -26.046673 ], [ -50.235457, -26.035828 ], [ -50.251045, -26.02975 ], [ -50.254647, -26.037189 ], [ -50.251536, -26.050845 ], [ -50.267828, -26.04209 ], [ -50.276388, -26.051303 ], [ -50.298373, -26.0549 ], [ -50.317732, -26.068088 ], [ -50.321708, -26.080388 ], [ -50.331588, -26.083225 ], [ -50.32516, -26.098142 ], [ -50.329394, -26.098264 ], [ -50.331984, -26.107801 ], [ -50.326122, -26.114802 ], [ -50.32484, -26.123388 ], [ -50.332702, -26.122173 ], [ -50.333514, -26.125268 ], [ -50.321675, -26.125498 ], [ -50.323123, -26.13446 ], [ -50.328257, -26.128631 ], [ -50.332039, -26.134096 ], [ -50.340406, -26.130168 ], [ -50.352292, -26.118838 ], [ -50.359272, -26.116856 ], [ -50.360614, -26.110033 ], [ -50.365944, -26.112353 ], [ -50.369736, -26.110041 ], [ -50.363895, -26.1059 ], [ -50.361, -26.094235 ], [ -50.37068, -26.079947 ], [ -50.399114, -26.062977 ], [ -50.402936, -26.057262 ], [ -50.408087, -26.059119 ], [ -50.406842, -26.065284 ], [ -50.411731, -26.06555 ], [ -50.417801, -26.061286 ], [ -50.434237, -26.060563 ], [ -50.439368, -26.051022 ], [ -50.449706, -26.043497 ], [ -50.449172, -26.039347 ], [ -50.441534, -26.036758 ], [ -50.444668, -26.033899 ], [ -50.453932, -26.03145 ], [ -50.458671, -26.036743 ], [ -50.459246, -26.0266 ], [ -50.468073, -26.027074 ], [ -50.471049, -26.020861 ], [ -50.476774, -26.023739 ], [ -50.475603, -26.034024 ], [ -50.481619, -26.030822 ], [ -50.479541, -26.02623 ], [ -50.489698, -26.025262 ], [ -50.493575, -26.026661 ], [ -50.501194, -26.022509 ], [ -50.504189, -26.031593 ], [ -50.513088, -26.025719 ], [ -50.521424, -26.030486 ], [ -50.528257, -26.034157 ], [ -50.547129, -26.039716 ], [ -50.550919, -26.038261 ], [ -50.55504, -26.019948 ], [ -50.562929, -26.006043 ], [ -50.572338, -26.002983 ], [ -50.591213, -26.021666 ], [ -50.592677, -26.024704 ], [ -50.59167, -26.042089 ], [ -50.581379, -26.048494 ], [ -50.566878, -26.041225 ], [ -50.554914, -26.041491 ], [ -50.550537, -26.044206 ], [ -50.551178, -26.053284 ], [ -50.557949, -26.061253 ], [ -50.57077, -26.066544 ], [ -50.586162, -26.069244 ], [ -50.59414, -26.070643 ], [ -50.627999, -26.062641 ], [ -50.640525, -26.078423 ], [ -50.644974, -26.090324 ], [ -50.656792, -26.102559 ], [ -50.646605, -26.124456 ], [ -50.652111, -26.132822 ], [ -50.672284, -26.142878 ], [ -50.676716, -26.145372 ], [ -50.686885, -26.163937 ], [ -50.697014, -26.181316 ], [ -50.704288, -26.188272 ], [ -50.731321, -26.202934 ], [ -50.714707, -26.238077 ], [ -50.718018, -26.244303 ], [ -50.73182, -26.249295 ], [ -50.743043, -26.248081 ], [ -50.746569, -26.244121 ], [ -50.745962, -26.229266 ], [ -50.757956, -26.221237 ], [ -50.792815, -26.227259 ], [ -50.801122, -26.231425 ], [ -50.801997, -26.231864 ], [ -50.811288, -26.237753 ], [ -50.827129, -26.246878 ], [ -50.831677, -26.266366 ], [ -50.838886, -26.271062 ], [ -50.846183, -26.266846 ], [ -50.862651, -26.242066 ], [ -50.868182, -26.241185 ], [ -50.870622, -26.241724 ], [ -50.878709, -26.258521 ], [ -50.881549, -26.277589 ], [ -50.893098, -26.287499 ], [ -50.899311, -26.288745 ], [ -50.901491, -26.288999 ], [ -50.908736, -26.284402 ], [ -50.907626, -26.251107 ], [ -50.934949, -26.233124 ], [ -50.942065, -26.234626 ], [ -50.944039, -26.240092 ], [ -50.931341, -26.26786 ], [ -50.937233, -26.278889 ], [ -50.944209, -26.282031 ], [ -50.952788, -26.269146 ], [ -50.969631, -26.263684 ], [ -50.972703, -26.246516 ], [ -50.990966, -26.23444 ], [ -50.999989, -26.230006 ], [ -51.016066, -26.234369 ], [ -51.054711, -26.244503 ], [ -51.062401, -26.242713 ], [ -51.069623, -26.239041 ], [ -51.079546, -26.227774 ], [ -51.084875, -26.230018 ], [ -51.087904, -26.24708 ], [ -51.09404, -26.249489 ], [ -51.093266, -26.25851 ], [ -51.1014, -26.265195 ], [ -51.103511, -26.272215 ], [ -51.104483, -26.274952 ], [ -51.107458, -26.272838 ], [ -51.121795, -26.27908 ], [ -51.136181, -26.279187 ], [ -51.137567, -26.285638 ], [ -51.143485, -26.285321 ], [ -51.149235, -26.279123 ], [ -51.155903, -26.279948 ], [ -51.163378, -26.283038 ], [ -51.163344, -26.291046 ], [ -51.169372, -26.291122 ], [ -51.180591, -26.298558 ], [ -51.193346, -26.301517 ], [ -51.202728, -26.298106 ], [ -51.206937, -26.296195 ], [ -51.216544, -26.315266 ], [ -51.221622, -26.315977 ], [ -51.226239, -26.322072 ], [ -51.242595, -26.324238 ], [ -51.244937, -26.329677 ], [ -51.25117, -26.33243 ], [ -51.255972, -26.340027 ], [ -51.255287, -26.345358 ], [ -51.250893, -26.348004 ], [ -51.253601, -26.349885 ], [ -51.259677, -26.358465 ], [ -51.258915, -26.368666 ], [ -51.25504, -26.37352 ] ] ] } },
{ "type": "Feature", "properties": { "HREG_ID": "41007", "HREG_NAME": "7ª RS Pato Branco", "id": "410322", "name": "Bom Sucesso do Sul", "description": "Bom Sucesso do Sul", "MUN_ID": "410322", "UF": "PR", "MACRO_ID": "4108", "MACRO_NAME": "Macrorregião Oeste" }, "geometry": { "type": "Polygon", "coordinates": [ [ [ -52.538533, -26.403531 ], [ -52.555628, -26.411525 ], [ -52.55898, -26.407489 ], [ -52.564504, -26.410101 ], [ -52.578509, -26.407779 ], [ -52.593685, -26.415111 ], [ -52.602169, -26.414987 ], [ -52.610829, -26.411476 ], [ -52.61623, -26.407194 ], [ -52.618612, -26.400967 ], [ -52.620623, -26.395035 ], [ -52.633218, -26.390619 ], [ -52.634593, -26.385386 ], [ -52.644427, -26.38042 ], [ -52.657749, -26.37431 ], [ -52.662805, -26.368819 ], [ -52.678096, -26.352207 ], [ -52.685278, -26.355121 ], [ -52.691995, -26.352897 ], [ -52.700085, -26.35756 ], [ -52.702458, -26.356974 ], [ -52.702898, -26.356722 ], [ -52.708349, -26.354566 ], [ -52.718365, -26.356889 ], [ -52.725121, -26.347861 ], [ -52.73727, -26.341699 ], [ -52.741474, -26.345 ], [ -52.751211, -26.344146 ], [ -52.755728, -26.352123 ], [ -52.759231, -26.35264 ], [ -52.76296, -26.353189 ], [ -52.7749, -26.347445 ], [ -52.790504, -26.352029 ], [ -52.796878, -26.347856 ], [ -52.813926, -26.343967 ], [ -52.835128, -26.345238 ], [ -52.836065, -26.345715 ], [ -52.842038, -26.347753 ], [ -52.844762, -26.345093 ], [ -52.847499, -26.343502 ], [ -52.87193, -26.359101 ], [ -52.877489, -26.360037 ], [ -52.907806, -26.358938 ], [ -52.898881, -26.338606 ], [ -52.89743, -26.30522 ], [ -52.90914, -26.278981 ], [ -52.922464, -26.273211 ], [ -52.917614, -26.263487 ], [ -52.919936, -26.261078 ], [ -52.924297, -26.263042 ], [ -52.927332, -26.259124 ], [ -52.923532, -26.248704 ], [ -52.932345, -26.254903 ], [ -52.941705, -26.246886 ], [ -52.941799, -26.238807 ], [ -52.937295, -26.240737 ], [ -52.933486, -26.232773 ], [ -52.907028, -26.248277 ], [ -52.89732, -26.259586 ], [ -52.894888, -26.254198 ], [ -52.878304, -26.241398 ], [ -52.869222, -26.219573 ], [ -52.863874, -26.211084 ], [ -52.8599, -26.20813 ], [ -52.853054, -26.210635 ], [ -52.853135, -26.203889 ], [ -52.84891, -26.203802 ], [ -52.858237, -26.193773 ], [ -52.849996, -26.190322 ], [ -52.845687, -26.193574 ], [ -52.841817, -26.190147 ], [ -52.846953, -26.187132 ], [ -52.84852, -26.18132 ], [ -52.830474, -26.183452 ], [ -52.839214, -26.181285 ], [ -52.848975, -26.170087 ], [ -52.83219, -26.164652 ], [ -52.826837, -26.17575 ], [ -52.827137, -26.161438 ], [ -52.820965, -26.157163 ], [ -52.834636, -26.152256 ], [ -52.828593, -26.15061 ], [ -52.821259, -26.153916 ], [ -52.819479, -26.146206 ], [ -52.821021, -26.14253 ], [ -52.82857, -26.141958 ], [ -52.829111, -26.1386 ], [ -52.814085, -26.139188 ], [ -52.812915, -26.13406 ], [ -52.841931, -26.127949 ], [ -52.858411, -26.125407 ], [ -52.87149, -26.128621 ], [ -52.879746, -26.117904 ], [ -52.888946, -26.115141 ], [ -52.897968, -26.107273 ], [ -52.915297, -26.103486 ], [ -52.91686, -26.0968 ], [ -52.929504, -26.093619 ], [ -52.932631, -26.088314 ], [ -52.931306, -26.078937 ], [ -52.925077, -26.076959 ], [ -52.929488, -26.070402 ], [ -52.91672, -26.071636 ], [ -52.916523, -26.065873 ], [ -52.9253, -26.060219 ], [ -52.941525, -26.06507 ], [ -52.94042, -26.055899 ], [ -52.926474, -26.050931 ], [ -52.914447, -26.051574 ], [ -52.916212, -26.04534 ], [ -52.922195, -26.04136 ], [ -52.934275, -26.042551 ], [ -52.932829, -26.035581 ], [ -52.938606, -26.03204 ], [ -52.933942, -26.030742 ], [ -52.925107, -26.034985 ], [ -52.923611, -26.023019 ], [ -52.91425, -26.025153 ], [ -52.92047, -26.010246 ], [ -52.906273, -26.017015 ], [ -52.904023, -26.016374 ], [ -52.906968, -26.012129 ], [ -52.901329, -26.011608 ], [ -52.900137, -26.004449 ], [ -52.88472, -26.009061 ], [ -52.89244, -26.001995 ], [ -52.893721, -25.9993 ], [ -52.899937, -26.000008 ], [ -52.914143, -25.994464 ], [ -52.926272, -26.005043 ], [ -52.931099, -26.004156 ], [ -52.941122, -26.006659 ], [ -52.954697, -26.00127 ], [ -52.958181, -26.003615 ], [ -52.96518, -25.995999 ], [ -52.952453, -25.98811 ], [ -52.95305, -25.980554 ], [ -52.958323, -25.974838 ], [ -52.952242, -25.962407 ], [ -52.932442, -25.954591 ], [ -52.934021, -25.963112 ], [ -52.929585, -25.962558 ], [ -52.92355, -25.944546 ], [ -52.917611, -25.942004 ], [ -52.909884, -25.940672 ], [ -52.906541, -25.93828 ], [ -52.89758, -25.938092 ], [ -52.894079, -25.944324 ], [ -52.881859, -25.950345 ], [ -52.879525, -25.944212 ], [ -52.884163, -25.936869 ], [ -52.876825, -25.933762 ], [ -52.868241, -25.944124 ], [ -52.863054, -25.949918 ], [ -52.857059, -25.944036 ], [ -52.875026, -25.927609 ], [ -52.868417, -25.92247 ], [ -52.86036, -25.922757 ], [ -52.846885, -25.937116 ], [ -52.845719, -25.927704 ], [ -52.855715, -25.915636 ], [ -52.854694, -25.913047 ], [ -52.848335, -25.913694 ], [ -52.842247, -25.911034 ], [ -52.846272, -25.905659 ], [ -52.843689, -25.903411 ], [ -52.845306, -25.896222 ], [ -52.856415, -25.889891 ], [ -52.865393, -25.892299 ], [ -52.860859, -25.880071 ], [ -52.851858, -25.880179 ], [ -52.854411, -25.876155 ], [ -52.87041, -25.871597 ], [ -52.872027, -25.86929 ], [ -52.8665, -25.865334 ], [ -52.863483, -25.849177 ], [ -52.85206, -25.837079 ], [ -52.852114, -25.831508 ], [ -52.890188, -25.833785 ], [ -52.89646, -25.82818 ], [ -52.901263, -25.813375 ], [ -52.89487, -25.80439 ], [ -52.867599, -25.814051 ], [ -52.865278, -25.807639 ], [ -52.89074, -25.792044 ], [ -52.894739, -25.792515 ], [ -52.904619, -25.804628 ], [ -52.908932, -25.80493 ], [ -52.916906, -25.79304 ], [ -52.93315, -25.789406 ], [ -52.943902, -25.782001 ], [ -52.912177, -25.780954 ], [ -52.906193, -25.776603 ], [ -52.894012, -25.780885 ], [ -52.887404, -25.772549 ], [ -52.868105, -25.768206 ], [ -52.858842, -25.770099 ], [ -52.850179, -25.76589 ], [ -52.832189, -25.750033 ], [ -52.821044, -25.749325 ], [ -52.814958, -25.744566 ], [ -52.811096, -25.73984 ], [ -52.81558, -25.733738 ], [ -52.816478, -25.731298 ], [ -52.816345, -25.723644 ], [ -52.825541, -25.720264 ], [ -52.835529, -25.709526 ], [ -52.847908, -25.703213 ], [ -52.853214, -25.689903 ], [ -52.854624, -25.680263 ], [ -52.853142, -25.675517 ], [ -52.848056, -25.675673 ], [ -52.84655, -25.664448 ], [ -52.85569, -25.664273 ], [ -52.853086, -25.6621 ], [ -52.855365, -25.659422 ], [ -52.846718, -25.654842 ], [ -52.851325, -25.646318 ], [ -52.845684, -25.641887 ], [ -52.847723, -25.634444 ], [ -52.839475, -25.63288 ], [ -52.845034, -25.618433 ], [ -52.839161, -25.617884 ], [ -52.845896, -25.605026 ], [ -52.856495, -25.602378 ], [ -52.846496, -25.587431 ], [ -52.837144, -25.583385 ], [ -52.829523, -25.588381 ], [ -52.823002, -25.602087 ], [ -52.809192, -25.606074 ], [ -52.799634, -25.595093 ], [ -52.79756, -25.569637 ], [ -52.79069, -25.565377 ], [ -52.784618, -25.566513 ], [ -52.782707, -25.569552 ], [ -52.768265, -25.607877 ], [ -52.759988, -25.614762 ], [ -52.746441, -25.618601 ], [ -52.7372, -25.615114 ], [ -52.728215, -25.616695 ], [ -52.721596, -25.626254 ], [ -52.715836, -25.653971 ], [ -52.714754, -25.664425 ], [ -52.707732, -25.664997 ], [ -52.702351, -25.66114 ], [ -52.692059, -25.652836 ], [ -52.680919, -25.651928 ], [ -52.676288, -25.655199 ], [ -52.660128, -25.657209 ], [ -52.648892, -25.65284 ], [ -52.625653, -25.653591 ], [ -52.618825, -25.629162 ], [ -52.620094, -25.620651 ], [ -52.615408, -25.60883 ], [ -52.607892, -25.610716 ], [ -52.603576, -25.615518 ], [ -52.601057, -25.633838 ], [ -52.575905, -25.646617 ], [ -52.575067, -25.663997 ], [ -52.556246, -25.68655 ], [ -52.543692, -25.695738 ], [ -52.529835, -25.69799 ], [ -52.520678, -25.6866 ], [ -52.524606, -25.673144 ], [ -52.542025, -25.657887 ], [ -52.545756, -25.649706 ], [ -52.54189, -25.643453 ], [ -52.530138, -25.645494 ], [ -52.504943, -25.657197 ], [ -52.498467, -25.661506 ], [ -52.501574, -25.666348 ], [ -52.497637, -25.679278 ], [ -52.491918, -25.680979 ], [ -52.483128, -25.67097 ], [ -52.479183, -25.671942 ], [ -52.478023, -25.672521 ], [ -52.466611, -25.678214 ], [ -52.455891, -25.674828 ], [ -52.444499, -25.672663 ], [ -52.434357, -25.676493 ], [ -52.410699, -25.699062 ], [ -52.394773, -25.699786 ], [ -52.387205, -25.69892 ], [ -52.358245, -25.705095 ], [ -52.333108, -25.681299 ], [ -52.319104, -25.677494 ], [ -52.309522, -25.680938 ], [ -52.308358, -25.689372 ], [ -52.33122, -25.713839 ], [ -52.332358, -25.720964 ], [ -52.323024, -25.723276 ], [ -52.309395, -25.711147 ], [ -52.295467, -25.708174 ], [ -52.285224, -25.711228 ], [ -52.266219, -25.724218 ], [ -52.261551, -25.738069 ], [ -52.25522, -25.743758 ], [ -52.247283, -25.744307 ], [ -52.232581, -25.739938 ], [ -52.231551, -25.748771 ], [ -52.21349, -25.75605 ], [ -52.202299, -25.769179 ], [ -52.191383, -25.772366 ], [ -52.172668, -25.750156 ], [ -52.165723, -25.748298 ], [ -52.155604, -25.753399 ], [ -52.14302, -25.773313 ], [ -52.134876, -25.775991 ], [ -52.122689, -25.774238 ], [ -52.113164, -25.781406 ], [ -52.110991, -25.791448 ], [ -52.13539, -25.792995 ], [ -52.150354, -25.806627 ], [ -52.153994, -25.818425 ], [ -52.155077, -25.820541 ], [ -52.164549, -25.823781 ], [ -52.168077, -25.829149 ], [ -52.161412, -25.862789 ], [ -52.147579, -25.871311 ], [ -52.142884, -25.8903 ], [ -52.133857, -25.893704 ], [ -52.111636, -25.894607 ], [ -52.104709, -25.908274 ], [ -52.09751, -25.919881 ], [ -52.086299, -25.937183 ], [ -52.076499, -25.93926 ], [ -52.054086, -25.936077 ], [ -52.032709, -25.946511 ], [ -52.028632, -25.956893 ], [ -52.033617, -25.971501 ], [ -52.027671, -25.976768 ], [ -52.010097, -25.980277 ], [ -52.008431, -25.985906 ], [ -52.014185, -26.001976 ], [ -52.007922, -26.010212 ], [ -51.991177, -26.016969 ], [ -51.979316, -26.01398 ], [ -51.973853, -25.998417 ], [ -51.965271, -25.987767 ], [ -51.953371, -25.986667 ], [ -51.919492, -25.995233 ], [ -51.899041, -26.00823 ], [ -51.887782, -26.008898 ], [ -51.877991, -26.022843 ], [ -51.871868, -26.023467 ], [ -51.864922, -26.025683 ], [ -51.83993, -26.009965 ], [ -51.828268, -26.013876 ], [ -51.8218, -26.012562 ], [ -51.794951, -25.998891 ], [ -51.780299, -25.997133 ], [ -51.766919, -26.011174 ], [ -51.756879, -26.008434 ], [ -51.745384, -25.996161 ], [ -51.739023, -25.994155 ], [ -51.730944, -26.006584 ], [ -51.722453, -26.006458 ], [ -51.72194, -26.012173 ], [ -51.726384, -26.016174 ], [ -51.724196, -26.018457 ], [ -51.730043, -26.025146 ], [ -51.729656, -26.033102 ], [ -51.737841, -26.048839 ], [ -51.715728, -26.081223 ], [ -51.696092, -26.091069 ], [ -51.69476, -26.095272 ], [ -51.704191, -26.125403 ], [ -51.746457, -26.232702 ], [ -51.753428, -26.237007 ], [ -51.769127, -26.236557 ], [ -51.778295, -26.241629 ], [ -51.77133, -26.250303 ], [ -51.7766, -26.254892 ], [ -51.774972, -26.257201 ], [ -51.761514, -26.261111 ], [ -51.764721, -26.251484 ], [ -51.761719, -26.249313 ], [ -51.742672, -26.252445 ], [ -51.738439, -26.258465 ], [ -51.739813, -26.265247 ], [ -51.73235, -26.264679 ], [ -51.724902, -26.258386 ], [ -51.714718, -26.255705 ], [ -51.713145, -26.259179 ], [ -51.708376, -26.258459 ], [ -51.708204, -26.246891 ], [ -51.700878, -26.24344 ], [ -51.693096, -26.245611 ], [ -51.688903, -26.251374 ], [ -51.693156, -26.257723 ], [ -51.687366, -26.275739 ], [ -51.691455, -26.277649 ], [ -51.682784, -26.279717 ], [ -51.682102, -26.286853 ], [ -51.675896, -26.279119 ], [ -51.682179, -26.274837 ], [ -51.679287, -26.268513 ], [ -51.667345, -26.267455 ], [ -51.661787, -26.276956 ], [ -51.663384, -26.269386 ], [ -51.656369, -26.267281 ], [ -51.643951, -26.263939 ], [ -51.645434, -26.270593 ], [ -51.631247, -26.271579 ], [ -51.639597, -26.274692 ], [ -51.640363, -26.277931 ], [ -51.628674, -26.279989 ], [ -51.631948, -26.294555 ], [ -51.627575, -26.289173 ], [ -51.620796, -26.290553 ], [ -51.617421, -26.284669 ], [ -51.61269, -26.295943 ], [ -51.60845, -26.291484 ], [ -51.603649, -26.294317 ], [ -51.598282, -26.284008 ], [ -51.59549, -26.289355 ], [ -51.585345, -26.286336 ], [ -51.582435, -26.292255 ], [ -51.577338, -26.292924 ], [ -51.580156, -26.296304 ], [ -51.588171, -26.296896 ], [ -51.580334, -26.307174 ], [ -51.592385, -26.306921 ], [ -51.588752, -26.313711 ], [ -51.591008, -26.319633 ], [ -51.59746, -26.318402 ], [ -51.605665, -26.326895 ], [ -51.601911, -26.329726 ], [ -51.591292, -26.327677 ], [ -51.589648, -26.323161 ], [ -51.584325, -26.321629 ], [ -51.577952, -26.330052 ], [ -51.579337, -26.337742 ], [ -51.573132, -26.339184 ], [ -51.571165, -26.345359 ], [ -51.57426, -26.35068 ], [ -51.579019, -26.349062 ], [ -51.588997, -26.357259 ], [ -51.561861, -26.367744 ], [ -51.55988, -26.376371 ], [ -51.57031, -26.374665 ], [ -51.569534, -26.384861 ], [ -51.580948, -26.394876 ], [ -51.573219, -26.392588 ], [ -51.571813, -26.396307 ], [ -51.567919, -26.396279 ], [ -51.565579, -26.392711 ], [ -51.554709, -26.390301 ], [ -51.552894, -26.392669 ], [ -51.540627, -26.391793 ], [ -51.542302, -26.398073 ], [ -51.548305, -26.40116 ], [ -51.552761, -26.412138 ], [ -51.551365, -26.418152 ], [ -51.547285, -26.426921 ], [ -51.543897, -26.423671 ], [ -51.540965, -26.427014 ], [ -51.544353, -26.429815 ], [ -51.531043, -26.436931 ], [ -51.530635, -26.451177 ], [ -51.526231, -26.454952 ], [ -51.535163, -26.457452 ], [ -51.526086, -26.461997 ], [ -51.525742, -26.468863 ], [ -51.515926, -26.474976 ], [ -51.524462, -26.48444 ], [ -51.525761, -26.489319 ], [ -51.522307, -26.493901 ], [ -51.526396, -26.497239 ], [ -51.528566, -26.51267 ], [ -51.522685, -26.526962 ], [ -51.524181, -26.537846 ], [ -51.515568, -26.54607 ], [ -51.511556, -26.581366 ], [ -51.511076, -26.583275 ], [ -51.529718, -26.591982 ], [ -51.570461, -26.590999 ], [ -51.573329, -26.591355 ], [ -51.583947, -26.590357 ], [ -51.597475, -26.585717 ], [ -51.61464, -26.590481 ], [ -51.633139, -26.588332 ], [ -51.645682, -26.575385 ], [ -51.664579, -26.565605 ], [ -51.69457, -26.58296 ], [ -51.704135, -26.580778 ], [ -51.733649, -26.57484 ], [ -51.747943, -26.576745 ], [ -51.785815, -26.589781 ], [ -51.807294, -26.585173 ], [ -51.819061, -26.579178 ], [ -51.823114, -26.581824 ], [ -51.84331, -26.594596 ], [ -51.85462, -26.592017 ], [ -51.861281, -26.597198 ], [ -51.873883, -26.599926 ], [ -51.87923, -26.596692 ], [ -51.883866, -26.585837 ], [ -51.900716, -26.579768 ], [ -51.927854, -26.584385 ], [ -51.947417, -26.569077 ], [ -51.959393, -26.574163 ], [ -51.97114, -26.567505 ], [ -51.980744, -26.569344 ], [ -51.984733, -26.56543 ], [ -52.009685, -26.565995 ], [ -52.010749, -26.566076 ], [ -52.014886, -26.557196 ], [ -52.019582, -26.555167 ], [ -52.020738, -26.548233 ], [ -52.029585, -26.546248 ], [ -52.031147, -26.542781 ], [ -52.046996, -26.534896 ], [ -52.054714, -26.528101 ], [ -52.059781, -26.529995 ], [ -52.064761, -26.522713 ], [ -52.07799, -26.526301 ], [ -52.08116, -26.523034 ], [ -52.087553, -26.508857 ], [ -52.093396, -26.512837 ], [ -52.097575, -26.502284 ], [ -52.096225, -26.487363 ], [ -52.09989, -26.481182 ], [ -52.111777, -26.475588 ], [ -52.118682, -26.477849 ], [ -52.130213, -26.475264 ], [ -52.13355, -26.470017 ], [ -52.143972, -26.473459 ], [ -52.15728, -26.471493 ], [ -52.185166, -26.444935 ], [ -52.190032, -26.445721 ], [ -52.203648, -26.459506 ], [ -52.219919, -26.465477 ], [ -52.231652, -26.464197 ], [ -52.24154, -26.463118 ], [ -52.248458, -26.454625 ], [ -52.25408, -26.455066 ], [ -52.262891, -26.454349 ], [ -52.272292, -26.461464 ], [ -52.281977, -26.463008 ], [ -52.304545, -26.440268 ], [ -52.323011, -26.440218 ], [ -52.328281, -26.442674 ], [ -52.331467, -26.439821 ], [ -52.335994, -26.442452 ], [ -52.341448, -26.433874 ], [ -52.352633, -26.440874 ], [ -52.366853, -26.432233 ], [ -52.375611, -26.440395 ], [ -52.39751, -26.428409 ], [ -52.400605, -26.422703 ], [ -52.402554, -26.42776 ], [ -52.418703, -26.436872 ], [ -52.434957, -26.43982 ], [ -52.442071, -26.437664 ], [ -52.449007, -26.440513 ], [ -52.45864, -26.440653 ], [ -52.465148, -26.436777 ], [ -52.476217, -26.420977 ], [ -52.495242, -26.419681 ], [ -52.523272, -26.399497 ], [ -52.538533, -26.403531 ] ] ] } },
{ "type": "Feature", "properties": { "HREG_ID": "41008", "HREG_NAME": "8ª RS Francisco Beltrão", "id": "410100", "name": "Ampére", "description": "Ampére", "MUN_ID": "410100", "UF": "PR", "MACRO_ID": "4108", "MACRO_NAME": "Macrorregião Oeste" }, "geometry": { "type": "Polygon", "coordinates": [ [ [ -53.440553, -26.28052 ], [ -53.444868, -26.284663 ], [ -53.460705, -26.294732 ], [ -53.46393, -26.293554 ], [ -53.474497, -26.288862 ], [ -53.477383, -26.292484 ], [ -53.481283, -26.296203 ], [ -53.496709, -26.302365 ], [ -53.522218, -26.292087 ], [ -53.543365, -26.291252 ], [ -53.549888, -26.293087 ], [ -53.55437, -26.287213 ], [ -53.569998, -26.275441 ], [ -53.579866, -26.273816 ], [ -53.586476, -26.255554 ], [ -53.603936, -26.259018 ], [ -53.620171, -26.256701 ], [ -53.625189, -26.259888 ], [ -53.643234, -26.252647 ], [ -53.645217, -26.24748 ], [ -53.637346, -26.249129 ], [ -53.643826, -26.240875 ], [ -53.65281, -26.233586 ], [ -53.640818, -26.214684 ], [ -53.651201, -26.206445 ], [ -53.650574, -26.194188 ], [ -53.657788, -26.192137 ], [ -53.671774, -26.175737 ], [ -53.678854, -26.164252 ], [ -53.696881, -26.154083 ], [ -53.706506, -26.13907 ], [ -53.7159, -26.126216 ], [ -53.723064, -26.12908 ], [ -53.740948, -26.117831 ], [ -53.742171, -26.108466 ], [ -53.737243, -26.099534 ], [ -53.738735, -26.086974 ], [ -53.73376, -26.070835 ], [ -53.725807, -26.065783 ], [ -53.728896, -26.055573 ], [ -53.734206, -26.042606 ], [ -53.742841, -26.039628 ], [ -53.745758, -26.04475 ], [ -53.751677, -26.037692 ], [ -53.754258, -26.041659 ], [ -53.75712, -26.039497 ], [ -53.754894, -26.033171 ], [ -53.757729, -26.031023 ], [ -53.763053, -26.035673 ], [ -53.770617, -26.03035 ], [ -53.771339, -26.024403 ], [ -53.779556, -26.021119 ], [ -53.77589, -26.015861 ], [ -53.781889, -26.013225 ], [ -53.77933, -26.008311 ], [ -53.791952, -26.005703 ], [ -53.791943, -25.998887 ], [ -53.798141, -26.001162 ], [ -53.804254, -25.995294 ], [ -53.800168, -25.989639 ], [ -53.801506, -25.984864 ], [ -53.805221, -25.984436 ], [ -53.808419, -25.989478 ], [ -53.816868, -25.989281 ], [ -53.818089, -25.981304 ], [ -53.812477, -25.980574 ], [ -53.819087, -25.975474 ], [ -53.835499, -25.971465 ], [ -53.83436, -25.964533 ], [ -53.827284, -25.962528 ], [ -53.838418, -25.954635 ], [ -53.839118, -25.948456 ], [ -53.84242, -25.933074 ], [ -53.839954, -25.931887 ], [ -53.831784, -25.929731 ], [ -53.833255, -25.919622 ], [ -53.825536, -25.928343 ], [ -53.819948, -25.927695 ], [ -53.822729, -25.917428 ], [ -53.818138, -25.911898 ], [ -53.826539, -25.910456 ], [ -53.834097, -25.914936 ], [ -53.832821, -25.907301 ], [ -53.82267, -25.904463 ], [ -53.819363, -25.899019 ], [ -53.823499, -25.895477 ], [ -53.834871, -25.895435 ], [ -53.834294, -25.892075 ], [ -53.837117, -25.887546 ], [ -53.846718, -25.88837 ], [ -53.849686, -25.883659 ], [ -53.839029, -25.882407 ], [ -53.839065, -25.877709 ], [ -53.830486, -25.878168 ], [ -53.823339, -25.872013 ], [ -53.836173, -25.868864 ], [ -53.832016, -25.859055 ], [ -53.841415, -25.860535 ], [ -53.844713, -25.857485 ], [ -53.836606, -25.854823 ], [ -53.834095, -25.850476 ], [ -53.841919, -25.839195 ], [ -53.848848, -25.842466 ], [ -53.848903, -25.835529 ], [ -53.84391, -25.82795 ], [ -53.835467, -25.82472 ], [ -53.838214, -25.816085 ], [ -53.827326, -25.813316 ], [ -53.819884, -25.816721 ], [ -53.819188, -25.812463 ], [ -53.828286, -25.808779 ], [ -53.821822, -25.80001 ], [ -53.822757, -25.792318 ], [ -53.843067, -25.790414 ], [ -53.833439, -25.786443 ], [ -53.83062, -25.781604 ], [ -53.842514, -25.770289 ], [ -53.856, -25.765974 ], [ -53.848614, -25.757994 ], [ -53.839312, -25.759945 ], [ -53.841445, -25.751633 ], [ -53.833332, -25.75138 ], [ -53.839985, -25.747124 ], [ -53.848087, -25.740762 ], [ -53.864588, -25.744136 ], [ -53.857645, -25.724486 ], [ -53.860138, -25.717638 ], [ -53.869199, -25.719352 ], [ -53.866894, -25.713977 ], [ -53.87828, -25.707706 ], [ -53.863914, -25.704525 ], [ -53.871977, -25.693635 ], [ -53.859924, -25.699747 ], [ -53.85625, -25.706885 ], [ -53.850304, -25.705713 ], [ -53.853839, -25.691055 ], [ -53.849268, -25.690338 ], [ -53.841559, -25.687461 ], [ -53.858223, -25.679803 ], [ -53.854229, -25.673589 ], [ -53.861033, -25.661838 ], [ -53.861119, -25.658873 ], [ -53.874977, -25.654099 ], [ -53.889034, -25.660864 ], [ -53.882144, -25.64796 ], [ -53.875754, -25.645831 ], [ -53.877941, -25.640592 ], [ -53.885952, -25.644279 ], [ -53.894556, -25.642362 ], [ -53.8877, -25.625485 ], [ -53.892085, -25.622058 ], [ -53.912108, -25.635666 ], [ -53.913477, -25.628563 ], [ -53.918145, -25.632293 ], [ -53.920417, -25.629353 ], [ -53.914089, -25.621847 ], [ -53.915537, -25.616061 ], [ -53.933036, -25.621938 ], [ -53.941034, -25.619226 ], [ -53.94205, -25.61155 ], [ -53.947447, -25.611392 ], [ -53.947724, -25.619112 ], [ -53.952312, -25.622913 ], [ -53.944363, -25.631017 ], [ -53.950918, -25.646808 ], [ -53.95509, -25.64652 ], [ -53.962144, -25.64143 ], [ -53.959729, -25.629757 ], [ -53.964224, -25.613267 ], [ -53.974009, -25.614883 ], [ -53.976666, -25.6114 ], [ -53.977029, -25.605361 ], [ -53.97031, -25.603022 ], [ -53.970229, -25.599754 ], [ -53.990413, -25.585636 ], [ -53.979304, -25.586506 ], [ -53.964136, -25.584947 ], [ -53.939473, -25.571101 ], [ -53.925021, -25.574991 ], [ -53.915999, -25.582454 ], [ -53.904205, -25.593753 ], [ -53.888695, -25.591656 ], [ -53.861741, -25.569545 ], [ -53.83774, -25.555646 ], [ -53.818291, -25.539432 ], [ -53.806747, -25.539567 ], [ -53.798388, -25.54355 ], [ -53.79612, -25.551714 ], [ -53.814667, -25.579914 ], [ -53.81754, -25.589226 ], [ -53.814253, -25.598039 ], [ -53.809892, -25.602668 ], [ -53.796315, -25.606587 ], [ -53.781162, -25.59826 ], [ -53.779065, -25.579768 ], [ -53.778172, -25.561961 ], [ -53.775367, -25.555322 ], [ -53.768084, -25.550731 ], [ -53.754302, -25.554113 ], [ -53.731189, -25.579443 ], [ -53.714507, -25.58957 ], [ -53.705876, -25.586248 ], [ -53.704349, -25.574761 ], [ -53.714043, -25.560309 ], [ -53.716369, -25.545721 ], [ -53.711388, -25.538407 ], [ -53.69846, -25.532792 ], [ -53.69318, -25.528482 ], [ -53.681304, -25.504364 ], [ -53.66123, -25.508886 ], [ -53.644759, -25.518597 ], [ -53.63062, -25.527234 ], [ -53.611908, -25.544522 ], [ -53.603719, -25.561323 ], [ -53.594842, -25.564698 ], [ -53.578268, -25.56293 ], [ -53.577742, -25.562638 ], [ -53.574967, -25.560312 ], [ -53.573131, -25.555376 ], [ -53.579068, -25.535399 ], [ -53.575973, -25.518584 ], [ -53.559165, -25.506057 ], [ -53.549752, -25.509108 ], [ -53.546848, -25.516372 ], [ -53.547484, -25.534335 ], [ -53.543393, -25.542494 ], [ -53.52891, -25.546786 ], [ -53.515246, -25.54465 ], [ -53.50656, -25.543129 ], [ -53.499488, -25.549459 ], [ -53.492617, -25.548894 ], [ -53.492985, -25.535949 ], [ -53.478344, -25.531054 ], [ -53.454282, -25.53303 ], [ -53.447202, -25.528319 ], [ -53.446288, -25.523472 ], [ -53.442863, -25.507053 ], [ -53.42857, -25.505711 ], [ -53.406308, -25.504598 ], [ -53.397308, -25.502224 ], [ -53.38778, -25.504116 ], [ -53.369635, -25.531074 ], [ -53.363645, -25.535044 ], [ -53.355951, -25.5357 ], [ -53.345838, -25.53114 ], [ -53.338216, -25.520005 ], [ -53.338305, -25.513171 ], [ -53.352664, -25.489918 ], [ -53.349503, -25.482358 ], [ -53.343444, -25.479298 ], [ -53.323559, -25.476419 ], [ -53.312753, -25.480937 ], [ -53.303334, -25.4914 ], [ -53.307308, -25.509671 ], [ -53.328337, -25.538591 ], [ -53.32461, -25.54984 ], [ -53.315997, -25.550838 ], [ -53.303999, -25.545664 ], [ -53.288712, -25.54324 ], [ -53.279363, -25.543539 ], [ -53.269471, -25.551714 ], [ -53.270582, -25.585435 ], [ -53.261417, -25.591408 ], [ -53.254587, -25.588469 ], [ -53.247385, -25.577372 ], [ -53.23736, -25.574002 ], [ -53.226969, -25.575532 ], [ -53.207386, -25.573453 ], [ -53.197497, -25.568279 ], [ -53.194486, -25.562986 ], [ -53.193745, -25.553411 ], [ -53.200692, -25.527732 ], [ -53.188282, -25.51518 ], [ -53.158335, -25.508468 ], [ -53.143031, -25.513199 ], [ -53.136642, -25.550666 ], [ -53.134327, -25.557523 ], [ -53.127061, -25.563328 ], [ -53.114807, -25.557799 ], [ -53.112465, -25.555319 ], [ -53.097088, -25.528755 ], [ -53.086606, -25.527968 ], [ -53.07703, -25.538956 ], [ -53.068383, -25.566087 ], [ -53.049983, -25.577225 ], [ -53.042752, -25.57531 ], [ -53.038057, -25.569329 ], [ -53.035236, -25.547407 ], [ -53.022542, -25.539034 ], [ -53.008855, -25.537829 ], [ -53.000264, -25.534057 ], [ -52.99112, -25.536614 ], [ -52.994834, -25.557555 ], [ -52.985669, -25.568174 ], [ -52.971792, -25.571628 ], [ -52.958528, -25.556517 ], [ -52.948771, -25.55493 ], [ -52.934434, -25.562535 ], [ -52.906853, -25.563814 ], [ -52.90074, -25.568495 ], [ -52.893069, -25.590628 ], [ -52.874717, -25.611687 ], [ -52.864469, -25.612722 ], [ -52.856495, -25.602378 ], [ -52.845896, -25.605026 ], [ -52.839161, -25.617884 ], [ -52.845034, -25.618433 ], [ -52.839475, -25.63288 ], [ -52.847723, -25.634444 ], [ -52.845684, -25.641887 ], [ -52.851325, -25.646318 ], [ -52.846718, -25.654842 ], [ -52.855365, -25.659422 ], [ -52.853086, -25.6621 ], [ -52.85569, -25.664273 ], [ -52.84655, -25.664448 ], [ -52.848056, -25.675673 ], [ -52.853142, -25.675517 ], [ -52.854624, -25.680263 ], [ -52.853214, -25.689903 ], [ -52.847908, -25.703213 ], [ -52.835529, -25.709526 ], [ -52.825541, -25.720264 ], [ -52.816345, -25.723644 ], [ -52.816478, -25.731298 ], [ -52.81558, -25.733738 ], [ -52.811096, -25.73984 ], [ -52.814958, -25.744566 ], [ -52.821044, -25.749325 ], [ -52.832189, -25.750033 ], [ -52.850179, -25.76589 ], [ -52.858842, -25.770099 ], [ -52.868105, -25.768206 ], [ -52.887404, -25.772549 ], [ -52.894012, -25.780885 ], [ -52.906193, -25.776603 ], [ -52.912177, -25.780954 ], [ -52.943902, -25.782001 ], [ -52.93315, -25.789406 ], [ -52.916906, -25.79304 ], [ -52.908932, -25.80493 ], [ -52.904619, -25.804628 ], [ -52.894739, -25.792515 ], [ -52.89074, -25.792044 ], [ -52.865278, -25.807639 ], [ -52.867599, -25.814051 ], [ -52.89487, -25.80439 ], [ -52.901263, -25.813375 ], [ -52.89646, -25.82818 ], [ -52.890188, -25.833785 ], [ -52.852114, -25.831508 ], [ -52.85206, -25.837079 ], [ -52.863483, -25.849177 ], [ -52.8665, -25.865334 ], [ -52.872027, -25.86929 ], [ -52.87041, -25.871597 ], [ -52.854411, -25.876155 ], [ -52.851858, -25.880179 ], [ -52.860859, -25.880071 ], [ -52.865393, -25.892299 ], [ -52.856415, -25.889891 ], [ -52.845306, -25.896222 ], [ -52.843689, -25.903411 ], [ -52.846272, -25.905659 ], [ -52.842247, -25.911034 ], [ -52.848335, -25.913694 ], [ -52.854694, -25.913047 ], [ -52.855715, -25.915636 ], [ -52.845719, -25.927704 ], [ -52.846885, -25.937116 ], [ -52.86036, -25.922757 ], [ -52.868417, -25.92247 ], [ -52.875026, -25.927609 ], [ -52.857059, -25.944036 ], [ -52.863054, -25.949918 ], [ -52.868241, -25.944124 ], [ -52.876825, -25.933762 ], [ -52.884163, -25.936869 ], [ -52.879525, -25.944212 ], [ -52.881859, -25.950345 ], [ -52.894079, -25.944324 ], [ -52.89758, -25.938092 ], [ -52.906541, -25.93828 ], [ -52.909884, -25.940672 ], [ -52.917611, -25.942004 ], [ -52.92355, -25.944546 ], [ -52.929585, -25.962558 ], [ -52.934021, -25.963112 ], [ -52.932442, -25.954591 ], [ -52.952242, -25.962407 ], [ -52.958323, -25.974838 ], [ -52.95305, -25.980554 ], [ -52.952453, -25.98811 ], [ -52.96518, -25.995999 ], [ -52.958181, -26.003615 ], [ -52.954697, -26.00127 ], [ -52.941122, -26.006659 ], [ -52.931099, -26.004156 ], [ -52.926272, -26.005043 ], [ -52.914143, -25.994464 ], [ -52.899937, -26.000008 ], [ -52.893721, -25.9993 ], [ -52.89244, -26.001995 ], [ -52.88472, -26.009061 ], [ -52.900137, -26.004449 ], [ -52.901329, -26.011608 ], [ -52.906968, -26.012129 ], [ -52.904023, -26.016374 ], [ -52.906273, -26.017015 ], [ -52.92047, -26.010246 ], [ -52.91425, -26.025153 ], [ -52.923611, -26.023019 ], [ -52.925107, -26.034985 ], [ -52.933942, -26.030742 ], [ -52.938606, -26.03204 ], [ -52.932829, -26.035581 ], [ -52.934275, -26.042551 ], [ -52.922195, -26.04136 ], [ -52.916212, -26.04534 ], [ -52.914447, -26.051574 ], [ -52.926474, -26.050931 ], [ -52.94042, -26.055899 ], [ -52.941525, -26.06507 ], [ -52.9253, -26.060219 ], [ -52.916523, -26.065873 ], [ -52.91672, -26.071636 ], [ -52.929488, -26.070402 ], [ -52.925077, -26.076959 ], [ -52.931306, -26.078937 ], [ -52.932631, -26.088314 ], [ -52.929504, -26.093619 ], [ -52.91686, -26.0968 ], [ -52.915297, -26.103486 ], [ -52.897968, -26.107273 ], [ -52.888946, -26.115141 ], [ -52.879746, -26.117904 ], [ -52.87149, -26.128621 ], [ -52.858411, -26.125407 ], [ -52.841931, -26.127949 ], [ -52.812915, -26.13406 ], [ -52.814085, -26.139188 ], [ -52.829111, -26.1386 ], [ -52.82857, -26.141958 ], [ -52.821021, -26.14253 ], [ -52.819479, -26.146206 ], [ -52.821259, -26.153916 ], [ -52.828593, -26.15061 ], [ -52.834636, -26.152256 ], [ -52.820965, -26.157163 ], [ -52.827137, -26.161438 ], [ -52.826837, -26.17575 ], [ -52.83219, -26.164652 ], [ -52.848975, -26.170087 ], [ -52.839214, -26.181285 ], [ -52.830474, -26.183452 ], [ -52.84852, -26.18132 ], [ -52.846953, -26.187132 ], [ -52.841817, -26.190147 ], [ -52.845687, -26.193574 ], [ -52.849996, -26.190322 ], [ -52.858237, -26.193773 ], [ -52.84891, -26.203802 ], [ -52.853135, -26.203889 ], [ -52.853054, -26.210635 ], [ -52.8599, -26.20813 ], [ -52.863874, -26.211084 ], [ -52.869222, -26.219573 ], [ -52.878304, -26.241398 ], [ -52.894888, -26.254198 ], [ -52.89732, -26.259586 ], [ -52.907028, -26.248277 ], [ -52.933486, -26.232773 ], [ -52.937295, -26.240737 ], [ -52.941799, -26.238807 ], [ -52.941705, -26.246886 ], [ -52.932345, -26.254903 ], [ -52.923532, -26.248704 ], [ -52.927332, -26.259124 ], [ -52.924297, -26.263042 ], [ -52.919936, -26.261078 ], [ -52.917614, -26.263487 ], [ -52.922464, -26.273211 ], [ -52.90914, -26.278981 ], [ -52.89743, -26.30522 ], [ -52.898881, -26.338606 ], [ -52.907806, -26.358938 ], [ -52.916266, -26.355088 ], [ -52.925302, -26.360216 ], [ -52.937107, -26.361676 ], [ -52.949956, -26.361852 ], [ -52.983848, -26.346809 ], [ -52.987702, -26.346115 ], [ -53.027368, -26.369415 ], [ -53.046316, -26.38024 ], [ -53.057786, -26.38377 ], [ -53.080009, -26.388067 ], [ -53.080034, -26.388073 ], [ -53.081238, -26.388429 ], [ -53.09018, -26.390035 ], [ -53.093859, -26.382648 ], [ -53.10026, -26.383551 ], [ -53.107083, -26.38099 ], [ -53.109014, -26.37629 ], [ -53.123928, -26.373895 ], [ -53.132289, -26.366812 ], [ -53.134888, -26.358652 ], [ -53.140046, -26.356776 ], [ -53.145309, -26.345231 ], [ -53.15304, -26.34363 ], [ -53.158645, -26.349898 ], [ -53.161508, -26.351309 ], [ -53.168775, -26.347651 ], [ -53.183969, -26.343385 ], [ -53.197099, -26.329383 ], [ -53.20122, -26.330923 ], [ -53.231611, -26.31154 ], [ -53.240675, -26.300825 ], [ -53.245511, -26.297225 ], [ -53.251881, -26.298604 ], [ -53.254472, -26.288752 ], [ -53.261702, -26.287836 ], [ -53.259266, -26.27956 ], [ -53.27315, -26.260301 ], [ -53.2798, -26.259408 ], [ -53.278302, -26.247934 ], [ -53.282805, -26.245488 ], [ -53.304803, -26.259337 ], [ -53.308009, -26.260676 ], [ -53.313551, -26.256648 ], [ -53.319329, -26.253793 ], [ -53.335235, -26.254501 ], [ -53.335837, -26.24902 ], [ -53.345245, -26.246423 ], [ -53.350398, -26.254547 ], [ -53.356083, -26.248713 ], [ -53.363549, -26.251413 ], [ -53.375093, -26.241566 ], [ -53.379971, -26.248725 ], [ -53.384809, -26.245748 ], [ -53.422258, -26.275602 ], [ -53.431292, -26.278849 ], [ -53.440553, -26.28052 ] ], [ [ -53.532597, -26.003924 ], [ -53.532597, -26.003923 ], [ -53.538617, -26.005324 ], [ -53.532597, -26.003924 ] ], [ [ -53.616887, -25.981804 ], [ -53.616887, -25.981805 ], [ -53.614494, -25.981241 ], [ -53.616887, -25.981804 ] ] ] } },
{ "type": "Feature", "properties": { "HREG_ID": "41009", "HREG_NAME": "9ª RS Foz do Iguaçu", "id": "410830", "name": "Foz do Iguaçu", "description": "Foz do Iguaçu", "MUN_ID": "410830", "UF": "PR", "MACRO_ID": "4108", "MACRO_NAME": "Macrorregião Oeste" }, "geometry": { "type": "Polygon", "coordinates": [ [ [ -53.925021, -25.574991 ], [ -53.939473, -25.571101 ], [ -53.964136, -25.584947 ], [ -53.979304, -25.586506 ], [ -53.990413, -25.585636 ], [ -54.000098, -25.58042 ], [ -54.009734, -25.567096 ], [ -54.019374, -25.563942 ], [ -54.028935, -25.567568 ], [ -54.040637, -25.58355 ], [ -54.049367, -25.584898 ], [ -54.059556, -25.577473 ], [ -54.070431, -25.560128 ], [ -54.079138, -25.558727 ], [ -54.088745, -25.584355 ], [ -54.089022, -25.611452 ], [ -54.092225, -25.617045 ], [ -54.097962, -25.618938 ], [ -54.11017, -25.603433 ], [ -54.124065, -25.567493 ], [ -54.120841, -25.555437 ], [ -54.096916, -25.522262 ], [ -54.092815, -25.50054 ], [ -54.099122, -25.495214 ], [ -54.108498, -25.495279 ], [ -54.143612, -25.520399 ], [ -54.160532, -25.540631 ], [ -54.17309, -25.540887 ], [ -54.19048, -25.533806 ], [ -54.206033, -25.540528 ], [ -54.208003, -25.551919 ], [ -54.204807, -25.557023 ], [ -54.179843, -25.565361 ], [ -54.173473, -25.573366 ], [ -54.173118, -25.580363 ], [ -54.17803, -25.584394 ], [ -54.200371, -25.581105 ], [ -54.223201, -25.564055 ], [ -54.230146, -25.562438 ], [ -54.237085, -25.570081 ], [ -54.234671, -25.59251 ], [ -54.240394, -25.597482 ], [ -54.24961, -25.596781 ], [ -54.263398, -25.582883 ], [ -54.279807, -25.556321 ], [ -54.294483, -25.557523 ], [ -54.327982, -25.571784 ], [ -54.345202, -25.606923 ], [ -54.354729, -25.607235 ], [ -54.37009, -25.593845 ], [ -54.385504, -25.598301 ], [ -54.38887, -25.604981 ], [ -54.387452, -25.621956 ], [ -54.393367, -25.63437 ], [ -54.424866, -25.658149 ], [ -54.422362, -25.688269 ], [ -54.429171, -25.694967 ], [ -54.437839, -25.690831 ], [ -54.447305, -25.658507 ], [ -54.4672, -25.63659 ], [ -54.481598, -25.626147 ], [ -54.500068, -25.614131 ], [ -54.521121, -25.627275 ], [ -54.52656, -25.627224 ], [ -54.53648, -25.617486 ], [ -54.532902, -25.600618 ], [ -54.540432, -25.594635 ], [ -54.555535, -25.586939 ], [ -54.565656, -25.590507 ], [ -54.593203, -25.591891 ], [ -54.593227, -25.5438 ], [ -54.599842, -25.521526 ], [ -54.600452, -25.484154 ], [ -54.616843, -25.46899 ], [ -54.618634, -25.457094 ], [ -54.617451, -25.451612 ], [ -54.60739, -25.445802 ], [ -54.599375, -25.433975 ], [ -54.594325, -25.421408 ], [ -54.586893, -25.397167 ], [ -54.578843, -25.384914 ], [ -54.564392, -25.367267 ], [ -54.541334, -25.348856 ], [ -54.51767, -25.315036 ], [ -54.500224, -25.298404 ], [ -54.490478, -25.275201 ], [ -54.481337, -25.232699 ], [ -54.470399, -25.211777 ], [ -54.463366, -25.194043 ], [ -54.447948, -25.173126 ], [ -54.43683, -25.169468 ], [ -54.429787, -25.158997 ], [ -54.429993, -25.146416 ], [ -54.432931, -25.131134 ], [ -54.460261, -25.098941 ], [ -54.457573, -25.07162 ], [ -54.461645, -25.060951 ], [ -54.45891, -25.03855 ], [ -54.448626, -25.035093 ], [ -54.447336, -25.029334 ], [ -54.442482, -25.03269 ], [ -54.43248, -25.03097 ], [ -54.428875, -25.024143 ], [ -54.424871, -25.025429 ], [ -54.42445, -25.032491 ], [ -54.419454, -25.037677 ], [ -54.400964, -25.033466 ], [ -54.39091, -25.027839 ], [ -54.381154, -25.03266 ], [ -54.376273, -25.028637 ], [ -54.366721, -25.033719 ], [ -54.343605, -25.026592 ], [ -54.343352, -25.030183 ], [ -54.331311, -25.032661 ], [ -54.32439, -25.041044 ], [ -54.32163, -25.036882 ], [ -54.310114, -25.037301 ], [ -54.306417, -25.034281 ], [ -54.307946, -25.022083 ], [ -54.228168, -25.018871 ], [ -54.227558, -25.018859 ], [ -54.183756, -25.017762 ], [ -54.163914, -25.017263 ], [ -54.167825, -25.030028 ], [ -54.165465, -25.029959 ], [ -54.154865, -25.029646 ], [ -54.130888, -25.036757 ], [ -54.126273, -25.021975 ], [ -54.104115, -25.03706 ], [ -54.084505, -25.024712 ], [ -54.082051, -25.031663 ], [ -54.07157, -25.029841 ], [ -54.07376, -25.034037 ], [ -54.069406, -25.037107 ], [ -54.026006, -25.034784 ], [ -54.018957, -25.029254 ], [ -54.010308, -25.030523 ], [ -54.01493, -25.037901 ], [ -54.005763, -25.040328 ], [ -54.009214, -25.046391 ], [ -53.998652, -25.048445 ], [ -54.00834, -25.051996 ], [ -54.008274, -25.0548 ], [ -53.99682, -25.055959 ], [ -54.002974, -25.061109 ], [ -53.996632, -25.064655 ], [ -53.996082, -25.070115 ], [ -53.990262, -25.072325 ], [ -53.984232, -25.077327 ], [ -53.982906, -25.072324 ], [ -53.970347, -25.078209 ], [ -53.965022, -25.076066 ], [ -53.96236, -25.082707 ], [ -53.95654, -25.085939 ], [ -53.95997, -25.088169 ], [ -53.951944, -25.099306 ], [ -53.953508, -25.102656 ], [ -53.944563, -25.120948 ], [ -53.94908, -25.134266 ], [ -53.946874, -25.139473 ], [ -53.949904, -25.141416 ], [ -53.946289, -25.149006 ], [ -53.94887, -25.161421 ], [ -53.940524, -25.180029 ], [ -53.932782, -25.182775 ], [ -53.924108, -25.178114 ], [ -53.921211, -25.180263 ], [ -53.899948, -25.200402 ], [ -53.903029, -25.223756 ], [ -53.895414, -25.231786 ], [ -53.897156, -25.237437 ], [ -53.902598, -25.239607 ], [ -53.897419, -25.243392 ], [ -53.89958, -25.249137 ], [ -53.894571, -25.253386 ], [ -53.90518, -25.256281 ], [ -53.89681, -25.26378 ], [ -53.906481, -25.268181 ], [ -53.901325, -25.274319 ], [ -53.865214, -25.291179 ], [ -53.86496, -25.291298 ], [ -53.840584, -25.295706 ], [ -53.818748, -25.305607 ], [ -53.800331, -25.300829 ], [ -53.798945, -25.314061 ], [ -53.793192, -25.318079 ], [ -53.796794, -25.324082 ], [ -53.803792, -25.322933 ], [ -53.808653, -25.326225 ], [ -53.807624, -25.330526 ], [ -53.796893, -25.32751 ], [ -53.786728, -25.330902 ], [ -53.78778, -25.326198 ], [ -53.781818, -25.32281 ], [ -53.778782, -25.324591 ], [ -53.778424, -25.33352 ], [ -53.773673, -25.336317 ], [ -53.777151, -25.339604 ], [ -53.786054, -25.335288 ], [ -53.788875, -25.340405 ], [ -53.784695, -25.347129 ], [ -53.791382, -25.354479 ], [ -53.780867, -25.358661 ], [ -53.789831, -25.36057 ], [ -53.791191, -25.369192 ], [ -53.794471, -25.369148 ], [ -53.797141, -25.3578 ], [ -53.81026, -25.364885 ], [ -53.794009, -25.378324 ], [ -53.797692, -25.380125 ], [ -53.807478, -25.376066 ], [ -53.809114, -25.380462 ], [ -53.803102, -25.388393 ], [ -53.792494, -25.388577 ], [ -53.802486, -25.398702 ], [ -53.811453, -25.394289 ], [ -53.814865, -25.398206 ], [ -53.817192, -25.40894 ], [ -53.81243, -25.410995 ], [ -53.806571, -25.40879 ], [ -53.801249, -25.414855 ], [ -53.803536, -25.418515 ], [ -53.810465, -25.41679 ], [ -53.815227, -25.422643 ], [ -53.802857, -25.428808 ], [ -53.802892, -25.438158 ], [ -53.817046, -25.442109 ], [ -53.801466, -25.447985 ], [ -53.797668, -25.453888 ], [ -53.802703, -25.455588 ], [ -53.805277, -25.453261 ], [ -53.811594, -25.457493 ], [ -53.812574, -25.465273 ], [ -53.809852, -25.469174 ], [ -53.806796, -25.468361 ], [ -53.804182, -25.477837 ], [ -53.816558, -25.480565 ], [ -53.807833, -25.491894 ], [ -53.811913, -25.496354 ], [ -53.810513, -25.499381 ], [ -53.794238, -25.496526 ], [ -53.795164, -25.501444 ], [ -53.790469, -25.508098 ], [ -53.784395, -25.509453 ], [ -53.790974, -25.519335 ], [ -53.790972, -25.527072 ], [ -53.798545, -25.526685 ], [ -53.798183, -25.533462 ], [ -53.807995, -25.527958 ], [ -53.811893, -25.528953 ], [ -53.806747, -25.539567 ], [ -53.818291, -25.539432 ], [ -53.83774, -25.555646 ], [ -53.861741, -25.569545 ], [ -53.888695, -25.591656 ], [ -53.904205, -25.593753 ], [ -53.915999, -25.582454 ], [ -53.925021, -25.574991 ] ] ] } },
{ "type": "Feature", "properties": { "HREG_ID": "41010", "HREG_NAME": "10ª RS Cascavél", "id": "410105", "name": "Anahy", "description": "Anahy", "MUN_ID": "410105", "UF": "PR", "MACRO_ID": "4108", "MACRO_NAME": "Macrorregião Oeste" }, "geometry": { "type": "Polygon", "coordinates": [ [ [ -53.50656, -25.543129 ], [ -53.515246, -25.54465 ], [ -53.52891, -25.546786 ], [ -53.543393, -25.542494 ], [ -53.547484, -25.534335 ], [ -53.546848, -25.516372 ], [ -53.549752, -25.509108 ], [ -53.559165, -25.506057 ], [ -53.575973, -25.518584 ], [ -53.579068, -25.535399 ], [ -53.573131, -25.555376 ], [ -53.574967, -25.560312 ], [ -53.577742, -25.562638 ], [ -53.578268, -25.56293 ], [ -53.594842, -25.564698 ], [ -53.603719, -25.561323 ], [ -53.611908, -25.544522 ], [ -53.63062, -25.527234 ], [ -53.644759, -25.518597 ], [ -53.66123, -25.508886 ], [ -53.681304, -25.504364 ], [ -53.69318, -25.528482 ], [ -53.69846, -25.532792 ], [ -53.711388, -25.538407 ], [ -53.716369, -25.545721 ], [ -53.714043, -25.560309 ], [ -53.704349, -25.574761 ], [ -53.705876, -25.586248 ], [ -53.714507, -25.58957 ], [ -53.731189, -25.579443 ], [ -53.754302, -25.554113 ], [ -53.768084, -25.550731 ], [ -53.775367, -25.555322 ], [ -53.778172, -25.561961 ], [ -53.779065, -25.579768 ], [ -53.781162, -25.59826 ], [ -53.796315, -25.606587 ], [ -53.809892, -25.602668 ], [ -53.814253, -25.598039 ], [ -53.81754, -25.589226 ], [ -53.814667, -25.579914 ], [ -53.79612, -25.551714 ], [ -53.798388, -25.54355 ], [ -53.806747, -25.539567 ], [ -53.811893, -25.528953 ], [ -53.807995, -25.527958 ], [ -53.798183, -25.533462 ], [ -53.798545, -25.526685 ], [ -53.790972, -25.527072 ], [ -53.790974, -25.519335 ], [ -53.784395, -25.509453 ], [ -53.790469, -25.508098 ], [ -53.795164, -25.501444 ], [ -53.794238, -25.496526 ], [ -53.810513, -25.499381 ], [ -53.811913, -25.496354 ], [ -53.807833, -25.491894 ], [ -53.816558, -25.480565 ], [ -53.804182, -25.477837 ], [ -53.806796, -25.468361 ], [ -53.809852, -25.469174 ], [ -53.812574, -25.465273 ], [ -53.811594, -25.457493 ], [ -53.805277, -25.453261 ], [ -53.802703, -25.455588 ], [ -53.797668, -25.453888 ], [ -53.801466, -25.447985 ], [ -53.817046, -25.442109 ], [ -53.802892, -25.438158 ], [ -53.802857, -25.428808 ], [ -53.815227, -25.422643 ], [ -53.810465, -25.41679 ], [ -53.803536, -25.418515 ], [ -53.801249, -25.414855 ], [ -53.806571, -25.40879 ], [ -53.81243, -25.410995 ], [ -53.817192, -25.40894 ], [ -53.814865, -25.398206 ], [ -53.811453, -25.394289 ], [ -53.802486, -25.398702 ], [ -53.792494, -25.388577 ], [ -53.803102, -25.388393 ], [ -53.809114, -25.380462 ], [ -53.807478, -25.376066 ], [ -53.797692, -25.380125 ], [ -53.794009, -25.378324 ], [ -53.81026, -25.364885 ], [ -53.797141, -25.3578 ], [ -53.794471, -25.369148 ], [ -53.791191, -25.369192 ], [ -53.789831, -25.36057 ], [ -53.780867, -25.358661 ], [ -53.791382, -25.354479 ], [ -53.784695, -25.347129 ], [ -53.788875, -25.340405 ], [ -53.786054, -25.335288 ], [ -53.777151, -25.339604 ], [ -53.773673, -25.336317 ], [ -53.778424, -25.33352 ], [ -53.778782, -25.324591 ], [ -53.781818, -25.32281 ], [ -53.78778, -25.326198 ], [ -53.786728, -25.330902 ], [ -53.796893, -25.32751 ], [ -53.807624, -25.330526 ], [ -53.808653, -25.326225 ], [ -53.803792, -25.322933 ], [ -53.796794, -25.324082 ], [ -53.793192, -25.318079 ], [ -53.798945, -25.314061 ], [ -53.800331, -25.300829 ], [ -53.818748, -25.305607 ], [ -53.840584, -25.295706 ], [ -53.86496, -25.291298 ], [ -53.865214, -25.291179 ], [ -53.901325, -25.274319 ], [ -53.906481, -25.268181 ], [ -53.89681, -25.26378 ], [ -53.90518, -25.256281 ], [ -53.894571, -25.253386 ], [ -53.89958, -25.249137 ], [ -53.897419, -25.243392 ], [ -53.902598, -25.239607 ], [ -53.897156, -25.237437 ], [ -53.895414, -25.231786 ], [ -53.903029, -25.223756 ], [ -53.899948, -25.200402 ], [ -53.921211, -25.180263 ], [ -53.924108, -25.178114 ], [ -53.932782, -25.182775 ], [ -53.940524, -25.180029 ], [ -53.94887, -25.161421 ], [ -53.946289, -25.149006 ], [ -53.949904, -25.141416 ], [ -53.946874, -25.139473 ], [ -53.94908, -25.134266 ], [ -53.944563, -25.120948 ], [ -53.953508, -25.102656 ], [ -53.951944, -25.099306 ], [ -53.95997, -25.088169 ], [ -53.95654, -25.085939 ], [ -53.96236, -25.082707 ], [ -53.965022, -25.076066 ], [ -53.971459, -25.062571 ], [ -53.995919, -25.011258 ], [ -54.019689, -24.962145 ], [ -54.033674, -24.931086 ], [ -54.033778, -24.912154 ], [ -54.043061, -24.903556 ], [ -54.044085, -24.890214 ], [ -54.029615, -24.889954 ], [ -54.018226, -24.910919 ], [ -54.019305, -24.902523 ], [ -54.00892, -24.89898 ], [ -54.00578, -24.901072 ], [ -53.999142, -24.907987 ], [ -53.990114, -24.901103 ], [ -53.988503, -24.906497 ], [ -53.979782, -24.907027 ], [ -53.972092, -24.904969 ], [ -53.97225, -24.901032 ], [ -53.964609, -24.895688 ], [ -53.962727, -24.907585 ], [ -53.956838, -24.90277 ], [ -53.951731, -24.903743 ], [ -53.958755, -24.914436 ], [ -53.945947, -24.91194 ], [ -53.943114, -24.91924 ], [ -53.937195, -24.91487 ], [ -53.933778, -24.91746 ], [ -53.928891, -24.914948 ], [ -53.934842, -24.908722 ], [ -53.924704, -24.896764 ], [ -53.924005, -24.905682 ], [ -53.909196, -24.908925 ], [ -53.915476, -24.915554 ], [ -53.9107, -24.920374 ], [ -53.907725, -24.914584 ], [ -53.9005, -24.914832 ], [ -53.906297, -24.921657 ], [ -53.897559, -24.927037 ], [ -53.909418, -24.928798 ], [ -53.907752, -24.932279 ], [ -53.905777, -24.938806 ], [ -53.917896, -24.938985 ], [ -53.92106, -24.946443 ], [ -53.909335, -24.961441 ], [ -53.911726, -24.970325 ], [ -53.905092, -24.969654 ], [ -53.899032, -24.970344 ], [ -53.898063, -24.975688 ], [ -53.888814, -24.976043 ], [ -53.895582, -24.983684 ], [ -53.895033, -24.987712 ], [ -53.883245, -24.986061 ], [ -53.88231, -24.993354 ], [ -53.878277, -24.996086 ], [ -53.876102, -24.992815 ], [ -53.872115, -24.985679 ], [ -53.862784, -24.987273 ], [ -53.858451, -24.98277 ], [ -53.854616, -24.985123 ], [ -53.855006, -24.980907 ], [ -53.850203, -24.980669 ], [ -53.851531, -24.971244 ], [ -53.847554, -24.974813 ], [ -53.846223, -24.971011 ], [ -53.838365, -24.97468 ], [ -53.831648, -24.968864 ], [ -53.82903, -24.971832 ], [ -53.818393, -24.97238 ], [ -53.820476, -24.969277 ], [ -53.815913, -24.967539 ], [ -53.810765, -24.976168 ], [ -53.810691, -24.973888 ], [ -53.805971, -24.975804 ], [ -53.800568, -24.978488 ], [ -53.798253, -24.974429 ], [ -53.792563, -24.975286 ], [ -53.789122, -24.97647 ], [ -53.785641, -24.971954 ], [ -53.783354, -24.969172 ], [ -53.781342, -24.971708 ], [ -53.767415, -24.968676 ], [ -53.76508, -24.975204 ], [ -53.761701, -24.977797 ], [ -53.750692, -24.989427 ], [ -53.738198, -24.993397 ], [ -53.732024, -24.999102 ], [ -53.722191, -24.970058 ], [ -53.708386, -24.977949 ], [ -53.702528, -24.967015 ], [ -53.699853, -24.96746 ], [ -53.693308, -24.970698 ], [ -53.673877, -24.957323 ], [ -53.682413, -24.950336 ], [ -53.68393, -24.939298 ], [ -53.665218, -24.941399 ], [ -53.648374, -24.934442 ], [ -53.632912, -24.938012 ], [ -53.632549, -24.933506 ], [ -53.63609, -24.933465 ], [ -53.635806, -24.9185 ], [ -53.635095, -24.881105 ], [ -53.624497, -24.870464 ], [ -53.640139, -24.864042 ], [ -53.641283, -24.858963 ], [ -53.641241, -24.861967 ], [ -53.646739, -24.861243 ], [ -53.645242, -24.868493 ], [ -53.650757, -24.867877 ], [ -53.649726, -24.865031 ], [ -53.655255, -24.866761 ], [ -53.665109, -24.856628 ], [ -53.669613, -24.862147 ], [ -53.673106, -24.859311 ], [ -53.672276, -24.849389 ], [ -53.668824, -24.847898 ], [ -53.677558, -24.84125 ], [ -53.678306, -24.829414 ], [ -53.692009, -24.831022 ], [ -53.691058, -24.822538 ], [ -53.686132, -24.820919 ], [ -53.689331, -24.819847 ], [ -53.690529, -24.812703 ], [ -53.700333, -24.806747 ], [ -53.697842, -24.802727 ], [ -53.700255, -24.800883 ], [ -53.713199, -24.800165 ], [ -53.723267, -24.793672 ], [ -53.712757, -24.783683 ], [ -53.709445, -24.787616 ], [ -53.700289, -24.786718 ], [ -53.684021, -24.779448 ], [ -53.677523, -24.782805 ], [ -53.668329, -24.792955 ], [ -53.661671, -24.792892 ], [ -53.657342, -24.78547 ], [ -53.63843, -24.785013 ], [ -53.631201, -24.786391 ], [ -53.625669, -24.793101 ], [ -53.608083, -24.802316 ], [ -53.604072, -24.799086 ], [ -53.573862, -24.802688 ], [ -53.563335, -24.812422 ], [ -53.555809, -24.831292 ], [ -53.54363, -24.837982 ], [ -53.546699, -24.823894 ], [ -53.556744, -24.777763 ], [ -53.553456, -24.773582 ], [ -53.545792, -24.771816 ], [ -53.538388, -24.763659 ], [ -53.534377, -24.752015 ], [ -53.536552, -24.746297 ], [ -53.527902, -24.749282 ], [ -53.527696, -24.742843 ], [ -53.506152, -24.742652 ], [ -53.469766, -24.743076 ], [ -53.456471, -24.743229 ], [ -53.452321, -24.733302 ], [ -53.446585, -24.726996 ], [ -53.445861, -24.720828 ], [ -53.449949, -24.714985 ], [ -53.44767, -24.707347 ], [ -53.440554, -24.70567 ], [ -53.441143, -24.695071 ], [ -53.443611, -24.694859 ], [ -53.447662, -24.688974 ], [ -53.44497, -24.681002 ], [ -53.438836, -24.6807 ], [ -53.439836, -24.673778 ], [ -53.430783, -24.667742 ], [ -53.426229, -24.669764 ], [ -53.427668, -24.672877 ], [ -53.422892, -24.671676 ], [ -53.415358, -24.662103 ], [ -53.426059, -24.659769 ], [ -53.423722, -24.654227 ], [ -53.427806, -24.64601 ], [ -53.424868, -24.639264 ], [ -53.430278, -24.633089 ], [ -53.426941, -24.628346 ], [ -53.436472, -24.62617 ], [ -53.432089, -24.619158 ], [ -53.438227, -24.617339 ], [ -53.437974, -24.612554 ], [ -53.430026, -24.612414 ], [ -53.428942, -24.609667 ], [ -53.428393, -24.606513 ], [ -53.433556, -24.604935 ], [ -53.432971, -24.598684 ], [ -53.426056, -24.597223 ], [ -53.431555, -24.591114 ], [ -53.426784, -24.584874 ], [ -53.427919, -24.576446 ], [ -53.437254, -24.575253 ], [ -53.439756, -24.566844 ], [ -53.434423, -24.562189 ], [ -53.430198, -24.563618 ], [ -53.429608, -24.55854 ], [ -53.433339, -24.554331 ], [ -53.440634, -24.555921 ], [ -53.438813, -24.546595 ], [ -53.447254, -24.543682 ], [ -53.443691, -24.538935 ], [ -53.438451, -24.532473 ], [ -53.440811, -24.523247 ], [ -53.448193, -24.521062 ], [ -53.442616, -24.51438 ], [ -53.449111, -24.511658 ], [ -53.447738, -24.497034 ], [ -53.452579, -24.494301 ], [ -53.456691, -24.488302 ], [ -53.460808, -24.49012 ], [ -53.467346, -24.476303 ], [ -53.457724, -24.463415 ], [ -53.462447, -24.461725 ], [ -53.460863, -24.458344 ], [ -53.450117, -24.466349 ], [ -53.446776, -24.462495 ], [ -53.446919, -24.451025 ], [ -53.454885, -24.449276 ], [ -53.450892, -24.442401 ], [ -53.454524, -24.439325 ], [ -53.45267, -24.4328 ], [ -53.459415, -24.427786 ], [ -53.457583, -24.425135 ], [ -53.450614, -24.426267 ], [ -53.444339, -24.420634 ], [ -53.445892, -24.416479 ], [ -53.458364, -24.415323 ], [ -53.445968, -24.408895 ], [ -53.457698, -24.405065 ], [ -53.461222, -24.397006 ], [ -53.469784, -24.393434 ], [ -53.467727, -24.382592 ], [ -53.468226, -24.379706 ], [ -53.479333, -24.377523 ], [ -53.480751, -24.375243 ], [ -53.469914, -24.371513 ], [ -53.457081, -24.380984 ], [ -53.450835, -24.377954 ], [ -53.45933, -24.364317 ], [ -53.454241, -24.361241 ], [ -53.448946, -24.352569 ], [ -53.456415, -24.345329 ], [ -53.460504, -24.34556 ], [ -53.460072, -24.337626 ], [ -53.462114, -24.33093 ], [ -53.456449, -24.330421 ], [ -53.462974, -24.32075 ], [ -53.473168, -24.309633 ], [ -53.463814, -24.299308 ], [ -53.470201, -24.291142 ], [ -53.468313, -24.288225 ], [ -53.465085, -24.282412 ], [ -53.460714, -24.284599 ], [ -53.457867, -24.276883 ], [ -53.46136, -24.272687 ], [ -53.470089, -24.270914 ], [ -53.458958, -24.259327 ], [ -53.465869, -24.255505 ], [ -53.458056, -24.237462 ], [ -53.467595, -24.220712 ], [ -53.457648, -24.222664 ], [ -53.436323, -24.237579 ], [ -53.407837, -24.243604 ], [ -53.387446, -24.245879 ], [ -53.381737, -24.246843 ], [ -53.364219, -24.252272 ], [ -53.347398, -24.23444 ], [ -53.338697, -24.23318 ], [ -53.335131, -24.227899 ], [ -53.33752, -24.223364 ], [ -53.337571, -24.216694 ], [ -53.332936, -24.212366 ], [ -53.326139, -24.213086 ], [ -53.326221, -24.203311 ], [ -53.320339, -24.197923 ], [ -53.304143, -24.197833 ], [ -53.298735, -24.194387 ], [ -53.29798, -24.191387 ], [ -53.294444, -24.180497 ], [ -53.280779, -24.183225 ], [ -53.274253, -24.180166 ], [ -53.274143, -24.174796 ], [ -53.285053, -24.1703 ], [ -53.279886, -24.163078 ], [ -53.272338, -24.16315 ], [ -53.260998, -24.172449 ], [ -53.239694, -24.16592 ], [ -53.239615, -24.172656 ], [ -53.250843, -24.19416 ], [ -53.261635, -24.210815 ], [ -53.263975, -24.217594 ], [ -53.257507, -24.226926 ], [ -53.256941, -24.232039 ], [ -53.270332, -24.237472 ], [ -53.277639, -24.252002 ], [ -53.279478, -24.285666 ], [ -53.289203, -24.303185 ], [ -53.288278, -24.307657 ], [ -53.274674, -24.315364 ], [ -53.276978, -24.328091 ], [ -53.274287, -24.33722 ], [ -53.256153, -24.337602 ], [ -53.246657, -24.328535 ], [ -53.234097, -24.34613 ], [ -53.223183, -24.354706 ], [ -53.209687, -24.341309 ], [ -53.202007, -24.340654 ], [ -53.198716, -24.342188 ], [ -53.192326, -24.358393 ], [ -53.166593, -24.36344 ], [ -53.163125, -24.371834 ], [ -53.160454, -24.377461 ], [ -53.15881, -24.394217 ], [ -53.157299, -24.401584 ], [ -53.151449, -24.416821 ], [ -53.160918, -24.427168 ], [ -53.168387, -24.436632 ], [ -53.161108, -24.448527 ], [ -53.160704, -24.463657 ], [ -53.162946, -24.489965 ], [ -53.168015, -24.5014 ], [ -53.181801, -24.514011 ], [ -53.178664, -24.520097 ], [ -53.165247, -24.522544 ], [ -53.159142, -24.533696 ], [ -53.135889, -24.536911 ], [ -53.130016, -24.553506 ], [ -53.128277, -24.557132 ], [ -53.122028, -24.563148 ], [ -53.106623, -24.569148 ], [ -53.095202, -24.572238 ], [ -53.095089, -24.589366 ], [ -53.092972, -24.612122 ], [ -53.084927, -24.610636 ], [ -53.075734, -24.60635 ], [ -53.06452, -24.611987 ], [ -53.055159, -24.608011 ], [ -53.044634, -24.609452 ], [ -53.041499, -24.611219 ], [ -53.04333, -24.624482 ], [ -53.052485, -24.637663 ], [ -53.069164, -24.643411 ], [ -53.060613, -24.650845 ], [ -53.043865, -24.649928 ], [ -53.035337, -24.636618 ], [ -53.02283, -24.635617 ], [ -53.018804, -24.642425 ], [ -53.030664, -24.657099 ], [ -53.027216, -24.664767 ], [ -52.995692, -24.673506 ], [ -52.986717, -24.666196 ], [ -52.979196, -24.668943 ], [ -52.978536, -24.669395 ], [ -52.985272, -24.680097 ], [ -52.983469, -24.68822 ], [ -52.95069, -24.683841 ], [ -52.946506, -24.688028 ], [ -52.962967, -24.704317 ], [ -52.961, -24.720078 ], [ -52.956387, -24.724496 ], [ -52.947689, -24.723353 ], [ -52.946245, -24.712933 ], [ -52.941106, -24.707012 ], [ -52.912911, -24.716153 ], [ -52.901742, -24.724006 ], [ -52.922083, -24.733352 ], [ -52.922276, -24.757987 ], [ -52.919189, -24.761611 ], [ -52.907316, -24.763083 ], [ -52.877019, -24.750802 ], [ -52.876313, -24.750952 ], [ -52.859566, -24.758086 ], [ -52.853847, -24.763241 ], [ -52.864561, -24.765991 ], [ -52.857577, -24.774093 ], [ -52.857569, -24.779656 ], [ -52.860304, -24.784045 ], [ -52.877943, -24.784604 ], [ -52.877223, -24.788027 ], [ -52.865617, -24.790089 ], [ -52.871667, -24.800906 ], [ -52.866294, -24.802957 ], [ -52.856197, -24.7922 ], [ -52.851556, -24.791337 ], [ -52.830825, -24.814993 ], [ -52.819438, -24.807121 ], [ -52.80475, -24.80875 ], [ -52.798396, -24.796937 ], [ -52.777001, -24.800825 ], [ -52.775276, -24.804576 ], [ -52.788449, -24.818503 ], [ -52.803705, -24.825119 ], [ -52.80707, -24.828615 ], [ -52.796911, -24.833662 ], [ -52.797223, -24.841822 ], [ -52.793232, -24.845638 ], [ -52.774517, -24.846025 ], [ -52.773125, -24.830974 ], [ -52.769494, -24.827431 ], [ -52.761851, -24.827155 ], [ -52.760739, -24.831221 ], [ -52.770711, -24.838463 ], [ -52.763141, -24.845273 ], [ -52.750555, -24.848399 ], [ -52.748619, -24.859392 ], [ -52.767258, -24.854672 ], [ -52.773222, -24.857381 ], [ -52.766617, -24.865129 ], [ -52.749147, -24.869205 ], [ -52.746548, -24.874775 ], [ -52.739083, -24.881433 ], [ -52.740402, -24.854277 ], [ -52.731397, -24.862677 ], [ -52.721268, -24.855467 ], [ -52.717232, -24.857288 ], [ -52.717298, -24.866167 ], [ -52.712545, -24.87205 ], [ -52.70469, -24.876433 ], [ -52.684432, -24.878491 ], [ -52.686457, -24.884417 ], [ -52.699724, -24.890337 ], [ -52.694128, -24.894176 ], [ -52.656882, -24.894836 ], [ -52.657753, -24.902084 ], [ -52.672521, -24.910059 ], [ -52.673702, -24.920582 ], [ -52.686775, -24.925882 ], [ -52.682162, -24.93053 ], [ -52.663135, -24.931513 ], [ -52.659301, -24.926019 ], [ -52.655295, -24.928889 ], [ -52.637263, -24.944019 ], [ -52.662407, -24.956071 ], [ -52.651993, -24.964211 ], [ -52.642766, -24.982453 ], [ -52.638963, -24.980846 ], [ -52.638752, -24.975479 ], [ -52.643546, -24.956206 ], [ -52.621551, -24.961395 ], [ -52.62067, -24.925495 ], [ -52.615692, -24.925025 ], [ -52.610455, -24.936025 ], [ -52.596854, -24.939246 ], [ -52.596045, -24.949676 ], [ -52.583904, -24.957826 ], [ -52.591422, -24.964065 ], [ -52.595718, -24.966101 ], [ -52.603068, -24.9628 ], [ -52.605312, -24.967714 ], [ -52.610918, -24.967526 ], [ -52.610596, -24.97343 ], [ -52.616171, -24.976896 ], [ -52.621999, -24.975609 ], [ -52.62063, -24.984228 ], [ -52.614276, -24.988408 ], [ -52.616197, -24.991878 ], [ -52.606256, -24.998782 ], [ -52.611257, -25.002372 ], [ -52.604802, -25.011517 ], [ -52.599762, -25.012504 ], [ -52.606094, -25.015416 ], [ -52.602506, -25.01997 ], [ -52.612362, -25.019406 ], [ -52.614927, -25.016287 ], [ -52.616685, -25.020105 ], [ -52.610025, -25.027749 ], [ -52.614433, -25.027574 ], [ -52.612374, -25.032622 ], [ -52.616549, -25.036067 ], [ -52.609313, -25.0377 ], [ -52.613423, -25.042206 ], [ -52.621804, -25.039208 ], [ -52.618088, -25.046288 ], [ -52.62226, -25.043372 ], [ -52.626782, -25.047176 ], [ -52.638424, -25.052681 ], [ -52.63266, -25.057887 ], [ -52.652498, -25.06141 ], [ -52.650816, -25.066195 ], [ -52.661368, -25.070577 ], [ -52.654935, -25.075476 ], [ -52.661048, -25.08259 ], [ -52.656126, -25.083579 ], [ -52.657242, -25.08607 ], [ -52.652146, -25.088904 ], [ -52.662264, -25.089561 ], [ -52.657845, -25.095057 ], [ -52.663877, -25.096066 ], [ -52.658899, -25.098239 ], [ -52.656785, -25.104535 ], [ -52.659895, -25.105611 ], [ -52.656068, -25.107156 ], [ -52.664781, -25.119289 ], [ -52.669611, -25.128285 ], [ -52.666368, -25.135409 ], [ -52.66852, -25.145459 ], [ -52.679959, -25.150784 ], [ -52.690732, -25.16387 ], [ -52.673188, -25.171047 ], [ -52.665899, -25.183447 ], [ -52.658026, -25.187377 ], [ -52.653961, -25.200186 ], [ -52.660045, -25.205443 ], [ -52.67247, -25.200573 ], [ -52.680901, -25.210587 ], [ -52.688958, -25.211109 ], [ -52.692883, -25.207631 ], [ -52.69451, -25.21175 ], [ -52.697289, -25.210735 ], [ -52.694806, -25.21399 ], [ -52.700451, -25.216914 ], [ -52.701989, -25.214614 ], [ -52.705764, -25.216389 ], [ -52.707037, -25.212684 ], [ -52.720663, -25.211879 ], [ -52.72211, -25.216608 ], [ -52.734345, -25.216947 ], [ -52.737978, -25.228889 ], [ -52.742098, -25.226042 ], [ -52.747952, -25.229346 ], [ -52.753264, -25.226074 ], [ -52.750537, -25.230492 ], [ -52.75831, -25.231022 ], [ -52.759019, -25.236451 ], [ -52.76341, -25.234154 ], [ -52.767643, -25.236951 ], [ -52.769355, -25.230853 ], [ -52.773736, -25.229503 ], [ -52.77598, -25.24775 ], [ -52.781727, -25.247644 ], [ -52.785531, -25.252586 ], [ -52.786735, -25.24721 ], [ -52.790497, -25.2493 ], [ -52.79484, -25.246592 ], [ -52.79398, -25.257064 ], [ -52.799487, -25.256201 ], [ -52.798855, -25.252017 ], [ -52.804525, -25.253636 ], [ -52.80524, -25.248048 ], [ -52.81689, -25.253064 ], [ -52.83022, -25.251805 ], [ -52.829622, -25.258081 ], [ -52.842818, -25.257397 ], [ -52.835591, -25.267467 ], [ -52.839067, -25.2685 ], [ -52.839488, -25.27306 ], [ -52.793247, -25.273365 ], [ -52.692437, -25.27398 ], [ -52.68057, -25.279867 ], [ -52.672675, -25.288794 ], [ -52.66127, -25.291975 ], [ -52.66261, -25.299675 ], [ -52.668724, -25.298588 ], [ -52.672474, -25.302191 ], [ -52.667637, -25.306421 ], [ -52.670365, -25.314314 ], [ -52.692477, -25.325123 ], [ -52.697892, -25.325222 ], [ -52.697171, -25.331508 ], [ -52.702704, -25.332951 ], [ -52.702395, -25.335797 ], [ -52.706909, -25.338761 ], [ -52.698425, -25.338648 ], [ -52.700207, -25.344658 ], [ -52.706695, -25.342654 ], [ -52.707338, -25.347242 ], [ -52.711959, -25.343996 ], [ -52.703695, -25.354122 ], [ -52.704625, -25.360002 ], [ -52.70935, -25.358651 ], [ -52.712863, -25.364395 ], [ -52.706065, -25.366404 ], [ -52.710591, -25.372769 ], [ -52.707194, -25.376182 ], [ -52.702184, -25.378478 ], [ -52.708333, -25.385104 ], [ -52.702539, -25.39008 ], [ -52.706883, -25.391713 ], [ -52.71781, -25.384152 ], [ -52.712131, -25.391861 ], [ -52.715541, -25.400975 ], [ -52.725888, -25.404256 ], [ -52.730068, -25.394458 ], [ -52.737729, -25.40671 ], [ -52.744719, -25.401683 ], [ -52.749041, -25.404473 ], [ -52.732969, -25.413712 ], [ -52.744023, -25.415054 ], [ -52.741003, -25.422348 ], [ -52.744682, -25.425882 ], [ -52.737414, -25.428507 ], [ -52.742686, -25.442825 ], [ -52.745917, -25.442155 ], [ -52.743942, -25.436393 ], [ -52.749938, -25.43201 ], [ -52.756951, -25.441952 ], [ -52.760949, -25.440992 ], [ -52.758711, -25.44365 ], [ -52.76325, -25.450572 ], [ -52.749882, -25.44947 ], [ -52.761278, -25.455187 ], [ -52.765638, -25.458292 ], [ -52.756173, -25.462858 ], [ -52.754654, -25.467188 ], [ -52.768447, -25.468179 ], [ -52.768783, -25.46218 ], [ -52.776528, -25.466609 ], [ -52.760832, -25.477984 ], [ -52.757773, -25.472025 ], [ -52.752835, -25.472223 ], [ -52.757039, -25.485287 ], [ -52.749034, -25.489483 ], [ -52.757597, -25.491801 ], [ -52.767105, -25.481943 ], [ -52.776636, -25.486979 ], [ -52.770254, -25.491507 ], [ -52.772539, -25.497267 ], [ -52.770033, -25.50266 ], [ -52.780582, -25.49573 ], [ -52.781361, -25.504794 ], [ -52.769321, -25.505048 ], [ -52.764564, -25.514956 ], [ -52.766204, -25.521794 ], [ -52.774191, -25.519071 ], [ -52.775434, -25.521928 ], [ -52.779556, -25.521194 ], [ -52.780831, -25.537103 ], [ -52.787765, -25.545368 ], [ -52.781344, -25.557205 ], [ -52.766458, -25.553561 ], [ -52.764721, -25.556301 ], [ -52.770696, -25.565698 ], [ -52.782304, -25.565068 ], [ -52.784618, -25.566513 ], [ -52.79069, -25.565377 ], [ -52.79756, -25.569637 ], [ -52.799634, -25.595093 ], [ -52.809192, -25.606074 ], [ -52.823002, -25.602087 ], [ -52.829523, -25.588381 ], [ -52.837144, -25.583385 ], [ -52.846496, -25.587431 ], [ -52.856495, -25.602378 ], [ -52.864469, -25.612722 ], [ -52.874717, -25.611687 ], [ -52.893069, -25.590628 ], [ -52.90074, -25.568495 ], [ -52.906853, -25.563814 ], [ -52.934434, -25.562535 ], [ -52.948771, -25.55493 ], [ -52.958528, -25.556517 ], [ -52.971792, -25.571628 ], [ -52.985669, -25.568174 ], [ -52.994834, -25.557555 ], [ -52.99112, -25.536614 ], [ -53.000264, -25.534057 ], [ -53.008855, -25.537829 ], [ -53.022542, -25.539034 ], [ -53.035236, -25.547407 ], [ -53.038057, -25.569329 ], [ -53.042752, -25.57531 ], [ -53.049983, -25.577225 ], [ -53.068383, -25.566087 ], [ -53.07703, -25.538956 ], [ -53.086606, -25.527968 ], [ -53.097088, -25.528755 ], [ -53.112465, -25.555319 ], [ -53.114807, -25.557799 ], [ -53.127061, -25.563328 ], [ -53.134327, -25.557523 ], [ -53.136642, -25.550666 ], [ -53.143031, -25.513199 ], [ -53.158335, -25.508468 ], [ -53.188282, -25.51518 ], [ -53.200692, -25.527732 ], [ -53.193745, -25.553411 ], [ -53.194486, -25.562986 ], [ -53.197497, -25.568279 ], [ -53.207386, -25.573453 ], [ -53.226969, -25.575532 ], [ -53.23736, -25.574002 ], [ -53.247385, -25.577372 ], [ -53.254587, -25.588469 ], [ -53.261417, -25.591408 ], [ -53.270582, -25.585435 ], [ -53.269471, -25.551714 ], [ -53.279363, -25.543539 ], [ -53.288712, -25.54324 ], [ -53.303999, -25.545664 ], [ -53.315997, -25.550838 ], [ -53.32461, -25.54984 ], [ -53.328337, -25.538591 ], [ -53.307308, -25.509671 ], [ -53.303334, -25.4914 ], [ -53.312753, -25.480937 ], [ -53.323559, -25.476419 ], [ -53.343444, -25.479298 ], [ -53.349503, -25.482358 ], [ -53.352664, -25.489918 ], [ -53.338305, -25.513171 ], [ -53.338216, -25.520005 ], [ -53.345838, -25.53114 ], [ -53.355951, -25.5357 ], [ -53.363645, -25.535044 ], [ -53.369635, -25.531074 ], [ -53.38778, -25.504116 ], [ -53.397308, -25.502224 ], [ -53.406308, -25.504598 ], [ -53.42857, -25.505711 ], [ -53.442863, -25.507053 ], [ -53.446288, -25.523472 ], [ -53.447202, -25.528319 ], [ -53.454282, -25.53303 ], [ -53.478344, -25.531054 ], [ -53.492985, -25.535949 ], [ -53.492617, -25.548894 ], [ -53.499488, -25.549459 ], [ -53.50656, -25.543129 ] ], [ [ -53.645944, -25.309531 ], [ -53.64715, -25.309373 ], [ -53.645943, -25.309532 ], [ -53.645944, -25.309531 ] ], [ [ -53.319035, -24.44343 ], [ -53.310544, -24.445534 ], [ -53.319035, -24.443429 ], [ -53.319035, -24.44343 ] ] ] } },
{ "type": "Feature", "properties": { "HREG_ID": "41011", "HREG_NAME": "11ª RS Campo Mourão", "id": "410045", "name": "Altamira do Paraná", "description": "Altamira do Paraná", "MUN_ID": "410045", "UF": "PR", "MACRO_ID": "4106", "MACRO_NAME": "Macrorregião Noroeste" }, "geometry": { "type": "Polygon", "coordinates": [ [ [ -52.535644, -24.778019 ], [ -52.539839, -24.778288 ], [ -52.545218, -24.785945 ], [ -52.536691, -24.802612 ], [ -52.544334, -24.817013 ], [ -52.539743, -24.82322 ], [ -52.544043, -24.826176 ], [ -52.534173, -24.849112 ], [ -52.546914, -24.84593 ], [ -52.551421, -24.84868 ], [ -52.561401, -24.851933 ], [ -52.576542, -24.869138 ], [ -52.596785, -24.873454 ], [ -52.601184, -24.878167 ], [ -52.598273, -24.884562 ], [ -52.602286, -24.884762 ], [ -52.605705, -24.89085 ], [ -52.601674, -24.893965 ], [ -52.60342, -24.896088 ], [ -52.61448, -24.895899 ], [ -52.615318, -24.90075 ], [ -52.621149, -24.89772 ], [ -52.625889, -24.90528 ], [ -52.622731, -24.906736 ], [ -52.630077, -24.909609 ], [ -52.630716, -24.914579 ], [ -52.636911, -24.907306 ], [ -52.6409, -24.912345 ], [ -52.644531, -24.909853 ], [ -52.641118, -24.91864 ], [ -52.649248, -24.908874 ], [ -52.654445, -24.909723 ], [ -52.650874, -24.923607 ], [ -52.655295, -24.928889 ], [ -52.659301, -24.926019 ], [ -52.663135, -24.931513 ], [ -52.682162, -24.93053 ], [ -52.686775, -24.925882 ], [ -52.673702, -24.920582 ], [ -52.672521, -24.910059 ], [ -52.657753, -24.902084 ], [ -52.656882, -24.894836 ], [ -52.694128, -24.894176 ], [ -52.699724, -24.890337 ], [ -52.686457, -24.884417 ], [ -52.684432, -24.878491 ], [ -52.70469, -24.876433 ], [ -52.712545, -24.87205 ], [ -52.717298, -24.866167 ], [ -52.717232, -24.857288 ], [ -52.721268, -24.855467 ], [ -52.731397, -24.862677 ], [ -52.740402, -24.854277 ], [ -52.739083, -24.881433 ], [ -52.746548, -24.874775 ], [ -52.749147, -24.869205 ], [ -52.766617, -24.865129 ], [ -52.773222, -24.857381 ], [ -52.767258, -24.854672 ], [ -52.748619, -24.859392 ], [ -52.750555, -24.848399 ], [ -52.763141, -24.845273 ], [ -52.770711, -24.838463 ], [ -52.760739, -24.831221 ], [ -52.761851, -24.827155 ], [ -52.769494, -24.827431 ], [ -52.773125, -24.830974 ], [ -52.774517, -24.846025 ], [ -52.793232, -24.845638 ], [ -52.797223, -24.841822 ], [ -52.796911, -24.833662 ], [ -52.80707, -24.828615 ], [ -52.803705, -24.825119 ], [ -52.788449, -24.818503 ], [ -52.775276, -24.804576 ], [ -52.777001, -24.800825 ], [ -52.798396, -24.796937 ], [ -52.80475, -24.80875 ], [ -52.819438, -24.807121 ], [ -52.830825, -24.814993 ], [ -52.851556, -24.791337 ], [ -52.856197, -24.7922 ], [ -52.866294, -24.802957 ], [ -52.871667, -24.800906 ], [ -52.865617, -24.790089 ], [ -52.877223, -24.788027 ], [ -52.877943, -24.784604 ], [ -52.860304, -24.784045 ], [ -52.857569, -24.779656 ], [ -52.857577, -24.774093 ], [ -52.864561, -24.765991 ], [ -52.853847, -24.763241 ], [ -52.859566, -24.758086 ], [ -52.876313, -24.750952 ], [ -52.877019, -24.750802 ], [ -52.907316, -24.763083 ], [ -52.919189, -24.761611 ], [ -52.922276, -24.757987 ], [ -52.922083, -24.733352 ], [ -52.901742, -24.724006 ], [ -52.912911, -24.716153 ], [ -52.941106, -24.707012 ], [ -52.946245, -24.712933 ], [ -52.947689, -24.723353 ], [ -52.956387, -24.724496 ], [ -52.961, -24.720078 ], [ -52.962967, -24.704317 ], [ -52.946506, -24.688028 ], [ -52.95069, -24.683841 ], [ -52.983469, -24.68822 ], [ -52.985272, -24.680097 ], [ -52.978536, -24.669395 ], [ -52.979196, -24.668943 ], [ -52.986717, -24.666196 ], [ -52.995692, -24.673506 ], [ -53.027216, -24.664767 ], [ -53.030664, -24.657099 ], [ -53.018804, -24.642425 ], [ -53.02283, -24.635617 ], [ -53.035337, -24.636618 ], [ -53.043865, -24.649928 ], [ -53.060613, -24.650845 ], [ -53.069164, -24.643411 ], [ -53.052485, -24.637663 ], [ -53.04333, -24.624482 ], [ -53.041499, -24.611219 ], [ -53.044634, -24.609452 ], [ -53.055159, -24.608011 ], [ -53.06452, -24.611987 ], [ -53.075734, -24.60635 ], [ -53.084927, -24.610636 ], [ -53.092972, -24.612122 ], [ -53.095089, -24.589366 ], [ -53.095202, -24.572238 ], [ -53.106623, -24.569148 ], [ -53.122028, -24.563148 ], [ -53.128277, -24.557132 ], [ -53.130016, -24.553506 ], [ -53.135889, -24.536911 ], [ -53.159142, -24.533696 ], [ -53.165247, -24.522544 ], [ -53.178664, -24.520097 ], [ -53.181801, -24.514011 ], [ -53.168015, -24.5014 ], [ -53.162946, -24.489965 ], [ -53.160704, -24.463657 ], [ -53.161108, -24.448527 ], [ -53.168387, -24.436632 ], [ -53.160918, -24.427168 ], [ -53.151449, -24.416821 ], [ -53.157299, -24.401584 ], [ -53.15881, -24.394217 ], [ -53.160454, -24.377461 ], [ -53.163125, -24.371834 ], [ -53.166593, -24.36344 ], [ -53.192326, -24.358393 ], [ -53.198716, -24.342188 ], [ -53.202007, -24.340654 ], [ -53.209687, -24.341309 ], [ -53.223183, -24.354706 ], [ -53.234097, -24.34613 ], [ -53.246657, -24.328535 ], [ -53.256153, -24.337602 ], [ -53.274287, -24.33722 ], [ -53.276978, -24.328091 ], [ -53.274674, -24.315364 ], [ -53.288278, -24.307657 ], [ -53.289203, -24.303185 ], [ -53.279478, -24.285666 ], [ -53.277639, -24.252002 ], [ -53.270332, -24.237472 ], [ -53.256941, -24.232039 ], [ -53.257507, -24.226926 ], [ -53.263975, -24.217594 ], [ -53.261635, -24.210815 ], [ -53.250843, -24.19416 ], [ -53.239615, -24.172656 ], [ -53.239694, -24.16592 ], [ -53.231652, -24.170146 ], [ -53.231138, -24.165335 ], [ -53.23644, -24.161809 ], [ -53.231058, -24.160768 ], [ -53.233425, -24.156454 ], [ -53.223636, -24.152813 ], [ -53.220621, -24.155103 ], [ -53.21499, -24.1502 ], [ -53.208704, -24.15141 ], [ -53.214283, -24.144559 ], [ -53.207401, -24.142913 ], [ -53.203074, -24.136038 ], [ -53.199017, -24.138382 ], [ -53.192265, -24.136484 ], [ -53.187498, -24.144821 ], [ -53.182474, -24.139366 ], [ -53.180528, -24.150032 ], [ -53.171344, -24.150203 ], [ -53.159899, -24.145045 ], [ -53.159113, -24.15075 ], [ -53.156798, -24.148997 ], [ -53.149453, -24.152914 ], [ -53.145376, -24.154767 ], [ -53.144804, -24.150287 ], [ -53.141309, -24.153702 ], [ -53.13752, -24.152557 ], [ -53.134467, -24.128775 ], [ -53.131082, -24.102402 ], [ -53.124254, -24.049175 ], [ -53.118635, -24.005345 ], [ -53.106702, -23.928124 ], [ -53.102417, -23.932346 ], [ -53.09544, -23.927196 ], [ -53.095306, -23.933731 ], [ -53.08878, -23.931671 ], [ -53.087638, -23.934797 ], [ -53.083555, -23.935721 ], [ -53.076165, -23.930646 ], [ -53.074777, -23.936545 ], [ -53.072001, -23.934414 ], [ -53.054614, -23.940158 ], [ -53.05111, -23.936951 ], [ -53.045222, -23.941501 ], [ -53.035809, -23.937812 ], [ -53.032862, -23.941694 ], [ -53.035632, -23.944355 ], [ -53.031051, -23.947405 ], [ -53.016059, -23.946285 ], [ -53.002473, -23.952648 ], [ -53.004219, -23.958077 ], [ -52.997857, -23.967553 ], [ -52.988441, -23.965503 ], [ -52.985023, -23.975404 ], [ -52.975278, -23.971266 ], [ -52.970988, -23.962953 ], [ -52.96584, -23.965042 ], [ -52.963268, -23.964432 ], [ -52.951569, -23.971211 ], [ -52.938356, -23.972439 ], [ -52.934099, -23.969313 ], [ -52.930993, -23.974559 ], [ -52.935126, -23.982712 ], [ -52.92777, -23.981835 ], [ -52.923662, -23.987002 ], [ -52.918629, -23.987501 ], [ -52.913388, -23.988367 ], [ -52.909425, -23.982806 ], [ -52.905921, -23.982119 ], [ -52.901805, -23.991975 ], [ -52.897471, -23.990279 ], [ -52.898598, -23.986899 ], [ -52.89252, -23.991169 ], [ -52.884912, -23.986792 ], [ -52.874302, -23.987844 ], [ -52.872044, -23.99179 ], [ -52.867493, -23.988349 ], [ -52.864974, -23.991349 ], [ -52.867095, -23.99552 ], [ -52.859989, -23.996885 ], [ -52.854748, -23.992444 ], [ -52.852608, -23.99457 ], [ -52.856282, -23.998467 ], [ -52.851967, -24.000308 ], [ -52.851091, -24.005285 ], [ -52.838734, -24.001492 ], [ -52.837001, -23.99647 ], [ -52.833686, -23.9949 ], [ -52.83329, -24.002223 ], [ -52.824161, -23.998543 ], [ -52.822702, -24.008369 ], [ -52.815702, -24.002637 ], [ -52.810122, -24.005672 ], [ -52.807601, -24.012458 ], [ -52.799939, -24.007073 ], [ -52.796443, -24.00888 ], [ -52.794552, -24.021919 ], [ -52.791721, -24.017734 ], [ -52.786719, -24.01856 ], [ -52.78164, -24.011071 ], [ -52.77794, -24.020612 ], [ -52.767919, -24.023377 ], [ -52.766168, -24.028662 ], [ -52.760778, -24.02572 ], [ -52.75994, -24.029325 ], [ -52.753832, -24.028381 ], [ -52.751666, -24.023768 ], [ -52.751364, -24.017446 ], [ -52.732839, -23.98723 ], [ -52.714993, -23.975989 ], [ -52.706521, -23.95853 ], [ -52.694913, -23.950695 ], [ -52.705114, -23.927294 ], [ -52.677516, -23.935538 ], [ -52.619208, -23.952933 ], [ -52.60777, -23.939874 ], [ -52.591968, -23.901544 ], [ -52.587554, -23.899354 ], [ -52.588104, -23.893971 ], [ -52.58494, -23.894185 ], [ -52.582278, -23.883582 ], [ -52.574433, -23.874693 ], [ -52.564665, -23.856542 ], [ -52.56053, -23.838025 ], [ -52.56675, -23.820382 ], [ -52.563583, -23.813861 ], [ -52.571921, -23.806746 ], [ -52.565356, -23.805148 ], [ -52.563442, -23.796309 ], [ -52.559648, -23.795511 ], [ -52.560826, -23.786154 ], [ -52.554308, -23.778146 ], [ -52.561823, -23.773804 ], [ -52.556703, -23.774745 ], [ -52.559167, -23.771608 ], [ -52.551823, -23.764434 ], [ -52.551308, -23.753573 ], [ -52.546105, -23.748173 ], [ -52.544439, -23.746642 ], [ -52.539606, -23.749867 ], [ -52.537911, -23.747936 ], [ -52.527473, -23.75646 ], [ -52.518348, -23.775688 ], [ -52.458427, -23.705651 ], [ -52.45157, -23.697629 ], [ -52.433877, -23.67693 ], [ -52.32726, -23.552019 ], [ -52.324167, -23.553546 ], [ -52.304328, -23.572505 ], [ -52.302977, -23.575236 ], [ -52.292277, -23.585543 ], [ -52.295494, -23.605674 ], [ -52.293748, -23.618048 ], [ -52.284861, -23.62092 ], [ -52.275388, -23.619895 ], [ -52.269275, -23.624854 ], [ -52.269067, -23.627117 ], [ -52.267914, -23.639677 ], [ -52.263606, -23.64237 ], [ -52.249965, -23.637207 ], [ -52.241798, -23.634258 ], [ -52.234522, -23.635988 ], [ -52.221751, -23.650655 ], [ -52.213074, -23.654961 ], [ -52.202443, -23.653296 ], [ -52.195608, -23.644912 ], [ -52.190336, -23.644101 ], [ -52.157967, -23.649876 ], [ -52.158615, -23.660625 ], [ -52.1595, -23.675618 ], [ -52.156646, -23.680874 ], [ -52.138857, -23.690411 ], [ -52.131166, -23.68966 ], [ -52.123807, -23.683676 ], [ -52.11883, -23.674075 ], [ -52.115598, -23.672321 ], [ -52.11199, -23.680122 ], [ -52.118746, -23.69663 ], [ -52.111044, -23.705049 ], [ -52.094106, -23.705843 ], [ -52.091186, -23.709101 ], [ -52.094799, -23.719616 ], [ -52.06936, -23.725565 ], [ -52.060385, -23.731832 ], [ -52.055744, -23.751015 ], [ -52.044117, -23.75863 ], [ -52.03677, -23.76264 ], [ -52.033534, -23.769556 ], [ -52.038859, -23.791511 ], [ -52.045743, -23.8017 ], [ -52.043325, -23.810496 ], [ -52.03783, -23.816908 ], [ -52.033027, -23.817098 ], [ -52.023469, -23.795639 ], [ -52.010327, -23.790001 ], [ -51.99577, -23.790128 ], [ -51.994105, -23.800938 ], [ -52.007658, -23.812521 ], [ -52.004606, -23.822102 ], [ -51.981966, -23.829408 ], [ -51.994184, -23.851978 ], [ -51.989633, -23.856142 ], [ -51.985606, -23.853713 ], [ -51.975803, -23.843335 ], [ -51.962727, -23.851241 ], [ -51.958184, -23.856839 ], [ -51.955551, -23.872725 ], [ -51.940548, -23.876371 ], [ -51.939188, -23.886238 ], [ -51.951549, -23.900462 ], [ -51.942981, -23.907585 ], [ -51.938962, -23.907695 ], [ -51.939378, -23.91177 ], [ -51.956187, -23.929026 ], [ -51.936718, -23.938296 ], [ -51.936163, -23.941581 ], [ -51.941883, -23.944664 ], [ -51.959106, -23.935734 ], [ -51.958355, -23.949216 ], [ -51.967512, -23.948868 ], [ -51.965744, -23.953896 ], [ -51.956907, -23.958088 ], [ -51.965388, -23.974932 ], [ -51.955275, -23.971927 ], [ -51.945635, -23.973723 ], [ -51.94716, -23.982957 ], [ -51.936492, -23.994448 ], [ -51.947658, -23.99184 ], [ -51.958014, -23.994819 ], [ -51.954714, -24.001966 ], [ -51.948336, -24.001719 ], [ -51.936067, -24.00629 ], [ -51.94336, -24.011622 ], [ -51.947332, -24.02156 ], [ -51.94196, -24.030969 ], [ -51.947822, -24.038978 ], [ -51.929014, -24.04697 ], [ -51.93569, -24.051993 ], [ -51.943582, -24.054341 ], [ -51.951756, -24.043537 ], [ -51.955022, -24.043689 ], [ -51.953879, -24.04832 ], [ -51.951913, -24.052289 ], [ -51.957927, -24.068424 ], [ -51.938693, -24.068043 ], [ -51.935876, -24.079897 ], [ -51.917534, -24.078216 ], [ -51.914485, -24.083026 ], [ -51.923604, -24.089266 ], [ -51.91731, -24.103338 ], [ -51.912415, -24.109184 ], [ -51.88984, -24.115299 ], [ -51.889955, -24.118675 ], [ -51.897927, -24.121313 ], [ -51.923505, -24.113682 ], [ -51.925632, -24.12388 ], [ -51.92705, -24.127657 ], [ -51.93772, -24.129786 ], [ -51.943414, -24.138547 ], [ -51.924519, -24.140574 ], [ -51.92072, -24.143787 ], [ -51.919999, -24.163906 ], [ -51.923916, -24.163645 ], [ -51.94035, -24.155309 ], [ -51.941991, -24.146243 ], [ -51.949692, -24.144742 ], [ -51.956047, -24.149626 ], [ -51.95328, -24.156844 ], [ -51.950306, -24.161976 ], [ -51.954357, -24.165037 ], [ -51.970769, -24.163948 ], [ -51.956146, -24.182302 ], [ -51.961603, -24.200006 ], [ -51.970107, -24.197152 ], [ -51.967221, -24.18245 ], [ -51.969712, -24.177806 ], [ -51.976081, -24.182568 ], [ -51.98585, -24.189409 ], [ -51.99092, -24.182764 ], [ -51.996548, -24.180577 ], [ -52.002719, -24.182919 ], [ -52.009833, -24.187143 ], [ -52.009553, -24.191824 ], [ -51.984581, -24.195592 ], [ -51.992244, -24.202183 ], [ -51.982218, -24.212475 ], [ -51.979025, -24.22708 ], [ -51.971104, -24.226046 ], [ -51.975351, -24.220218 ], [ -51.969576, -24.205683 ], [ -51.964938, -24.210095 ], [ -51.96791, -24.2165 ], [ -51.959841, -24.221098 ], [ -51.9488, -24.224509 ], [ -51.946247, -24.228925 ], [ -51.948965, -24.231317 ], [ -51.96866, -24.229307 ], [ -51.96988, -24.231815 ], [ -51.957571, -24.240457 ], [ -51.953349, -24.246331 ], [ -51.954548, -24.249253 ], [ -51.969766, -24.246781 ], [ -51.975701, -24.248908 ], [ -51.974168, -24.25252 ], [ -51.958919, -24.25731 ], [ -51.960146, -24.260153 ], [ -51.970785, -24.258878 ], [ -51.970606, -24.272948 ], [ -51.976964, -24.269977 ], [ -51.991528, -24.270404 ], [ -51.98465, -24.280254 ], [ -51.998218, -24.28467 ], [ -51.990423, -24.287514 ], [ -51.983185, -24.283726 ], [ -51.980872, -24.287615 ], [ -51.983662, -24.293093 ], [ -51.978855, -24.297814 ], [ -51.982074, -24.304412 ], [ -51.990056, -24.296211 ], [ -51.993945, -24.297457 ], [ -51.997185, -24.308919 ], [ -51.982166, -24.31981 ], [ -51.989738, -24.320339 ], [ -51.990135, -24.327359 ], [ -51.993811, -24.327959 ], [ -52.000679, -24.33106 ], [ -51.99318, -24.343443 ], [ -52.004505, -24.342949 ], [ -52.006144, -24.347745 ], [ -51.996153, -24.353434 ], [ -51.98663, -24.36696 ], [ -51.998732, -24.365372 ], [ -52.001788, -24.35568 ], [ -52.014314, -24.361675 ], [ -52.013973, -24.365165 ], [ -52.007198, -24.365969 ], [ -52.009026, -24.371869 ], [ -52.003446, -24.377123 ], [ -52.023153, -24.379296 ], [ -52.009721, -24.396119 ], [ -52.023274, -24.394128 ], [ -52.018708, -24.398211 ], [ -52.023828, -24.405489 ], [ -52.021571, -24.411462 ], [ -52.037898, -24.406254 ], [ -52.042223, -24.407936 ], [ -52.042243, -24.408484 ], [ -52.033515, -24.413664 ], [ -52.030645, -24.427359 ], [ -52.025429, -24.428528 ], [ -52.025969, -24.435416 ], [ -52.016173, -24.4362 ], [ -52.01313, -24.440294 ], [ -52.018353, -24.443904 ], [ -52.026579, -24.437437 ], [ -52.037012, -24.443525 ], [ -52.021007, -24.449067 ], [ -52.02513, -24.450665 ], [ -52.032008, -24.448957 ], [ -52.030929, -24.459209 ], [ -52.024442, -24.460634 ], [ -52.030135, -24.465146 ], [ -52.028001, -24.468674 ], [ -52.022575, -24.467045 ], [ -52.016092, -24.470734 ], [ -52.018359, -24.477212 ], [ -52.026608, -24.477267 ], [ -52.026232, -24.48029 ], [ -52.023859, -24.4828 ], [ -52.018903, -24.480006 ], [ -52.013047, -24.483882 ], [ -52.022987, -24.488023 ], [ -52.028554, -24.495806 ], [ -52.035797, -24.495233 ], [ -52.036297, -24.500951 ], [ -52.04121, -24.502122 ], [ -52.027184, -24.506413 ], [ -52.032629, -24.511967 ], [ -52.038145, -24.511335 ], [ -52.033199, -24.518233 ], [ -52.045805, -24.516007 ], [ -52.041526, -24.525805 ], [ -52.045447, -24.525737 ], [ -52.045727, -24.520905 ], [ -52.051485, -24.528461 ], [ -52.049235, -24.536183 ], [ -52.042085, -24.533137 ], [ -52.041933, -24.540009 ], [ -52.035445, -24.542582 ], [ -52.040901, -24.543221 ], [ -52.038962, -24.54968 ], [ -52.045021, -24.556727 ], [ -52.041097, -24.562936 ], [ -52.047036, -24.566244 ], [ -52.052996, -24.570893 ], [ -52.05917, -24.570426 ], [ -52.061273, -24.575461 ], [ -52.064825, -24.572033 ], [ -52.070432, -24.574128 ], [ -52.074004, -24.568831 ], [ -52.075779, -24.571014 ], [ -52.079292, -24.576045 ], [ -52.076228, -24.580074 ], [ -52.083394, -24.582318 ], [ -52.079419, -24.590609 ], [ -52.085572, -24.588018 ], [ -52.087287, -24.592264 ], [ -52.095001, -24.589787 ], [ -52.09413, -24.596372 ], [ -52.102731, -24.597251 ], [ -52.107865, -24.598692 ], [ -52.10603, -24.602676 ], [ -52.113259, -24.601229 ], [ -52.111528, -24.606774 ], [ -52.115419, -24.605671 ], [ -52.114493, -24.609326 ], [ -52.119452, -24.609095 ], [ -52.118783, -24.61345 ], [ -52.132541, -24.623922 ], [ -52.148298, -24.625126 ], [ -52.151505, -24.623637 ], [ -52.172776, -24.632354 ], [ -52.177142, -24.623147 ], [ -52.189963, -24.622527 ], [ -52.196313, -24.618666 ], [ -52.218201, -24.619744 ], [ -52.228959, -24.623108 ], [ -52.233337, -24.630159 ], [ -52.241749, -24.629491 ], [ -52.244172, -24.635376 ], [ -52.254049, -24.639688 ], [ -52.267454, -24.639079 ], [ -52.279318, -24.651564 ], [ -52.283016, -24.648668 ], [ -52.284705, -24.657318 ], [ -52.288511, -24.659909 ], [ -52.297407, -24.656988 ], [ -52.297086, -24.664101 ], [ -52.302703, -24.659477 ], [ -52.305296, -24.664687 ], [ -52.307201, -24.661816 ], [ -52.316463, -24.665018 ], [ -52.319925, -24.661555 ], [ -52.323577, -24.666089 ], [ -52.320966, -24.672706 ], [ -52.325576, -24.673519 ], [ -52.325381, -24.680189 ], [ -52.331941, -24.682004 ], [ -52.332472, -24.686066 ], [ -52.334502, -24.68317 ], [ -52.339189, -24.685312 ], [ -52.338824, -24.678349 ], [ -52.34635, -24.679367 ], [ -52.344603, -24.690399 ], [ -52.361721, -24.6908 ], [ -52.364098, -24.696492 ], [ -52.37046, -24.692477 ], [ -52.372247, -24.701154 ], [ -52.369136, -24.706761 ], [ -52.383002, -24.708067 ], [ -52.383172, -24.713182 ], [ -52.389222, -24.711491 ], [ -52.390353, -24.718862 ], [ -52.393606, -24.716128 ], [ -52.395993, -24.713092 ], [ -52.399125, -24.719545 ], [ -52.404331, -24.720855 ], [ -52.405512, -24.729327 ], [ -52.414779, -24.720758 ], [ -52.412982, -24.715729 ], [ -52.424675, -24.712232 ], [ -52.424302, -24.70344 ], [ -52.430069, -24.702831 ], [ -52.438112, -24.713447 ], [ -52.435636, -24.720058 ], [ -52.420332, -24.721945 ], [ -52.421847, -24.726221 ], [ -52.431448, -24.725459 ], [ -52.438481, -24.729533 ], [ -52.426948, -24.733502 ], [ -52.426533, -24.736784 ], [ -52.438125, -24.73711 ], [ -52.434623, -24.743427 ], [ -52.436535, -24.746996 ], [ -52.445531, -24.74148 ], [ -52.452554, -24.745856 ], [ -52.454347, -24.746389 ], [ -52.466987, -24.743538 ], [ -52.469209, -24.750361 ], [ -52.473356, -24.750079 ], [ -52.476151, -24.74143 ], [ -52.482432, -24.740205 ], [ -52.479799, -24.735996 ], [ -52.482703, -24.733643 ], [ -52.497175, -24.743246 ], [ -52.491816, -24.751004 ], [ -52.503023, -24.74813 ], [ -52.515887, -24.758236 ], [ -52.518204, -24.760904 ], [ -52.521132, -24.767329 ], [ -52.526121, -24.760832 ], [ -52.536754, -24.763047 ], [ -52.53623, -24.753681 ], [ -52.542465, -24.748707 ], [ -52.545912, -24.754131 ], [ -52.540434, -24.769295 ], [ -52.535644, -24.778019 ] ], [ [ -52.731819, -24.386626 ], [ -52.731818, -24.386626 ], [ -52.732991, -24.382553 ], [ -52.731819, -24.386626 ] ], [ [ -52.90174, -24.189625 ], [ -52.901741, -24.189625 ], [ -52.899742, -24.19203 ], [ -52.90174, -24.189625 ] ] ] } },
{ "type": "Feature", "properties": { "HREG_ID": "41012", "HREG_NAME": "12ª RS Umuarama", "id": "410050", "name": "Altônia", "description": "Altônia", "MUN_ID": "410050", "UF": "PR", "MACRO_ID": "4106", "MACRO_NAME": "Macrorregião Noroeste" }, "geometry": { "type": "Polygon", "coordinates": [ [ [ -53.557536, -24.259791 ], [ -53.565302, -24.260491 ], [ -53.572265, -24.258736 ], [ -53.572382, -24.247737 ], [ -53.591264, -24.240983 ], [ -53.608875, -24.24664 ], [ -53.613257, -24.24703 ], [ -53.614886, -24.245699 ], [ -53.63898, -24.241256 ], [ -53.649373, -24.219841 ], [ -53.666083, -24.208372 ], [ -53.677326, -24.200722 ], [ -53.691927, -24.201786 ], [ -53.694476, -24.195694 ], [ -53.694617, -24.193124 ], [ -53.701716, -24.182878 ], [ -53.7085, -24.178583 ], [ -53.719402, -24.179434 ], [ -53.746411, -24.187188 ], [ -53.747037, -24.182087 ], [ -53.734619, -24.16575 ], [ -53.740757, -24.150055 ], [ -53.747436, -24.149894 ], [ -53.758358, -24.153265 ], [ -53.765177, -24.159416 ], [ -53.799575, -24.169127 ], [ -53.810399, -24.185717 ], [ -53.838504, -24.166439 ], [ -53.84458, -24.167289 ], [ -53.844469, -24.179666 ], [ -53.8486, -24.186511 ], [ -53.858641, -24.190768 ], [ -53.862732, -24.190724 ], [ -53.883419, -24.176724 ], [ -53.904531, -24.176794 ], [ -53.924663, -24.159179 ], [ -53.910642, -24.146339 ], [ -53.909872, -24.137724 ], [ -53.929793, -24.129065 ], [ -53.941496, -24.120948 ], [ -53.952909, -24.119364 ], [ -53.958094, -24.119887 ], [ -53.975361, -24.13043 ], [ -53.987639, -24.127641 ], [ -53.991721, -24.104408 ], [ -53.989987, -24.072681 ], [ -53.990533, -24.067307 ], [ -53.980311, -24.055219 ], [ -53.967547, -24.023107 ], [ -53.963287, -24.013489 ], [ -53.965695, -24.001958 ], [ -53.972187, -23.981697 ], [ -53.987619, -23.981487 ], [ -53.997902, -23.985238 ], [ -54.016727, -24.014859 ], [ -54.033907, -24.020053 ], [ -54.048669, -24.030839 ], [ -54.059736, -24.036252 ], [ -54.093314, -24.02607 ], [ -54.097945, -24.024562 ], [ -54.168494, -23.998526 ], [ -54.129195, -23.98164 ], [ -54.117035, -23.970861 ], [ -54.101252, -23.951496 ], [ -54.079945, -23.890786 ], [ -54.083473, -23.864517 ], [ -54.087593, -23.844063 ], [ -54.082587, -23.830632 ], [ -54.085549, -23.824693 ], [ -54.08341, -23.806488 ], [ -54.083094, -23.805025 ], [ -54.075197, -23.764018 ], [ -54.052127, -23.7246 ], [ -54.050611, -23.686704 ], [ -54.044097, -23.668189 ], [ -54.031718, -23.651195 ], [ -54.030125, -23.627782 ], [ -54.023507, -23.585612 ], [ -54.006837, -23.54428 ], [ -54.003832, -23.510613 ], [ -53.981024, -23.456388 ], [ -53.963175, -23.443533 ], [ -53.959687, -23.442948 ], [ -53.931545, -23.445482 ], [ -53.876085, -23.419322 ], [ -53.815513, -23.385178 ], [ -53.78968, -23.379471 ], [ -53.770598, -23.371663 ], [ -53.761735, -23.358875 ], [ -53.730335, -23.319344 ], [ -53.7144, -23.282915 ], [ -53.703738, -23.291791 ], [ -53.699009, -23.296637 ], [ -53.698239, -23.305318 ], [ -53.675226, -23.289329 ], [ -53.650998, -23.286966 ], [ -53.628507, -23.269418 ], [ -53.632461, -23.257121 ], [ -53.630902, -23.247491 ], [ -53.634884, -23.240932 ], [ -53.625569, -23.233014 ], [ -53.624464, -23.215934 ], [ -53.614943, -23.210512 ], [ -53.603618, -23.214026 ], [ -53.59641, -23.22131 ], [ -53.581515, -23.22571 ], [ -53.561953, -23.220044 ], [ -53.561335, -23.219658 ], [ -53.556852, -23.215543 ], [ -53.548198, -23.206916 ], [ -53.538159, -23.187643 ], [ -53.522865, -23.19037 ], [ -53.515204, -23.197058 ], [ -53.511452, -23.208367 ], [ -53.499432, -23.212805 ], [ -53.471687, -23.23171 ], [ -53.458886, -23.216432 ], [ -53.437455, -23.199903 ], [ -53.419879, -23.192295 ], [ -53.409403, -23.191484 ], [ -53.391052, -23.198694 ], [ -53.386402, -23.203065 ], [ -53.39443, -23.218443 ], [ -53.421102, -23.224757 ], [ -53.424057, -23.228963 ], [ -53.422162, -23.24205 ], [ -53.402586, -23.250446 ], [ -53.379148, -23.240296 ], [ -53.347317, -23.233029 ], [ -53.329826, -23.24267 ], [ -53.319668, -23.237567 ], [ -53.318743, -23.226915 ], [ -53.327851, -23.216304 ], [ -53.319069, -23.200716 ], [ -53.31498, -23.199372 ], [ -53.292878, -23.199752 ], [ -53.284225, -23.204185 ], [ -53.278365, -23.214323 ], [ -53.271724, -23.216896 ], [ -53.252945, -23.230355 ], [ -53.229047, -23.235764 ], [ -53.211781, -23.246142 ], [ -53.201252, -23.241229 ], [ -53.196301, -23.238405 ], [ -53.197955, -23.233958 ], [ -53.222734, -23.223423 ], [ -53.225296, -23.212721 ], [ -53.217376, -23.199308 ], [ -53.203073, -23.194412 ], [ -53.199545, -23.197828 ], [ -53.208148, -23.207376 ], [ -53.205864, -23.211559 ], [ -53.182306, -23.217202 ], [ -53.155174, -23.212723 ], [ -53.13616, -23.21613 ], [ -53.128862, -23.220297 ], [ -53.12817, -23.228449 ], [ -53.130047, -23.238603 ], [ -53.121268, -23.243833 ], [ -53.09454, -23.243415 ], [ -53.044368, -23.229522 ], [ -53.0449, -23.216559 ], [ -53.058608, -23.199003 ], [ -53.057572, -23.196089 ], [ -53.05293, -23.193637 ], [ -53.026209, -23.194967 ], [ -53.017289, -23.200196 ], [ -53.032796, -23.207691 ], [ -53.033021, -23.213471 ], [ -53.018306, -23.227464 ], [ -52.997675, -23.235585 ], [ -52.997232, -23.240862 ], [ -53.001671, -23.246761 ], [ -53.004666, -23.245041 ], [ -53.003827, -23.25134 ], [ -53.007715, -23.252178 ], [ -53.020209, -23.280761 ], [ -53.02495, -23.290672 ], [ -53.021078, -23.308821 ], [ -53.029247, -23.313503 ], [ -53.027052, -23.316557 ], [ -53.026724, -23.332071 ], [ -53.024886, -23.343112 ], [ -53.027833, -23.341489 ], [ -53.030259, -23.344562 ], [ -53.027473, -23.355688 ], [ -53.03587, -23.379372 ], [ -53.035661, -23.383387 ], [ -53.030103, -23.385911 ], [ -53.032952, -23.394614 ], [ -53.026678, -23.403916 ], [ -53.026295, -23.413178 ], [ -53.031927, -23.4217 ], [ -53.029754, -23.435563 ], [ -53.032471, -23.441352 ], [ -53.026806, -23.448348 ], [ -53.031444, -23.456089 ], [ -53.029511, -23.459369 ], [ -53.024671, -23.461281 ], [ -53.026161, -23.469765 ], [ -53.023068, -23.475792 ], [ -53.033448, -23.480869 ], [ -53.03915, -23.492663 ], [ -53.045529, -23.514565 ], [ -53.04641, -23.556102 ], [ -53.04087, -23.560663 ], [ -53.038089, -23.577687 ], [ -53.031927, -23.580823 ], [ -53.029088, -23.590389 ], [ -53.022866, -23.593526 ], [ -53.026431, -23.596233 ], [ -53.016326, -23.611013 ], [ -53.017119, -23.625307 ], [ -53.017344, -23.638532 ], [ -53.013896, -23.643561 ], [ -53.01778, -23.64745 ], [ -53.019608, -23.677035 ], [ -53.008034, -23.697613 ], [ -52.992261, -23.709544 ], [ -52.970252, -23.70845 ], [ -52.957731, -23.742308 ], [ -52.967174, -23.758189 ], [ -52.95162, -23.777209 ], [ -52.959052, -23.785044 ], [ -52.972147, -23.794173 ], [ -52.973136, -23.800026 ], [ -52.979933, -23.80272 ], [ -52.987863, -23.812752 ], [ -52.995716, -23.837241 ], [ -53.008333, -23.840491 ], [ -53.011895, -23.838574 ], [ -53.026678, -23.861849 ], [ -53.006884, -23.889792 ], [ -52.994844, -23.909218 ], [ -52.963268, -23.964432 ], [ -52.96584, -23.965042 ], [ -52.970988, -23.962953 ], [ -52.975278, -23.971266 ], [ -52.985023, -23.975404 ], [ -52.988441, -23.965503 ], [ -52.997857, -23.967553 ], [ -53.004219, -23.958077 ], [ -53.002473, -23.952648 ], [ -53.016059, -23.946285 ], [ -53.031051, -23.947405 ], [ -53.035632, -23.944355 ], [ -53.032862, -23.941694 ], [ -53.035809, -23.937812 ], [ -53.045222, -23.941501 ], [ -53.05111, -23.936951 ], [ -53.054614, -23.940158 ], [ -53.072001, -23.934414 ], [ -53.074777, -23.936545 ], [ -53.076165, -23.930646 ], [ -53.083555, -23.935721 ], [ -53.087638, -23.934797 ], [ -53.08878, -23.931671 ], [ -53.095306, -23.933731 ], [ -53.09544, -23.927196 ], [ -53.102417, -23.932346 ], [ -53.106702, -23.928124 ], [ -53.118635, -24.005345 ], [ -53.124254, -24.049175 ], [ -53.131082, -24.102402 ], [ -53.134467, -24.128775 ], [ -53.13752, -24.152557 ], [ -53.141309, -24.153702 ], [ -53.144804, -24.150287 ], [ -53.145376, -24.154767 ], [ -53.149453, -24.152914 ], [ -53.156798, -24.148997 ], [ -53.159113, -24.15075 ], [ -53.159899, -24.145045 ], [ -53.171344, -24.150203 ], [ -53.180528, -24.150032 ], [ -53.182474, -24.139366 ], [ -53.187498, -24.144821 ], [ -53.192265, -24.136484 ], [ -53.199017, -24.138382 ], [ -53.203074, -24.136038 ], [ -53.207401, -24.142913 ], [ -53.214283, -24.144559 ], [ -53.208704, -24.15141 ], [ -53.21499, -24.1502 ], [ -53.220621, -24.155103 ], [ -53.223636, -24.152813 ], [ -53.233425, -24.156454 ], [ -53.231058, -24.160768 ], [ -53.23644, -24.161809 ], [ -53.231138, -24.165335 ], [ -53.231652, -24.170146 ], [ -53.239694, -24.16592 ], [ -53.260998, -24.172449 ], [ -53.272338, -24.16315 ], [ -53.279886, -24.163078 ], [ -53.285053, -24.1703 ], [ -53.274143, -24.174796 ], [ -53.274253, -24.180166 ], [ -53.280779, -24.183225 ], [ -53.294444, -24.180497 ], [ -53.29798, -24.191387 ], [ -53.298735, -24.194387 ], [ -53.304143, -24.197833 ], [ -53.320339, -24.197923 ], [ -53.326221, -24.203311 ], [ -53.326139, -24.213086 ], [ -53.332936, -24.212366 ], [ -53.337571, -24.216694 ], [ -53.33752, -24.223364 ], [ -53.335131, -24.227899 ], [ -53.338697, -24.23318 ], [ -53.347398, -24.23444 ], [ -53.364219, -24.252272 ], [ -53.381737, -24.246843 ], [ -53.387446, -24.245879 ], [ -53.407837, -24.243604 ], [ -53.436323, -24.237579 ], [ -53.457648, -24.222664 ], [ -53.467595, -24.220712 ], [ -53.48062, -24.217653 ], [ -53.488335, -24.229421 ], [ -53.502568, -24.234862 ], [ -53.528901, -24.246369 ], [ -53.541733, -24.243188 ], [ -53.547393, -24.244345 ], [ -53.557536, -24.259791 ] ] ] } },
{ "type": "Feature", "properties": { "HREG_ID": "41013", "HREG_NAME": "13ª RS Cianorte", "id": "410550", "name": "Cianorte", "description": "Cianorte", "MUN_ID": "410550", "UF": "PR", "MACRO_ID": "4106", "MACRO_NAME": "Macrorregião Noroeste" }, "geometry": { "type": "Polygon", "coordinates": [ [ [ -52.694913, -23.950695 ], [ -52.706521, -23.95853 ], [ -52.714993, -23.975989 ], [ -52.732839, -23.98723 ], [ -52.751364, -24.017446 ], [ -52.751666, -24.023768 ], [ -52.753832, -24.028381 ], [ -52.75994, -24.029325 ], [ -52.760778, -24.02572 ], [ -52.766168, -24.028662 ], [ -52.767919, -24.023377 ], [ -52.77794, -24.020612 ], [ -52.78164, -24.011071 ], [ -52.786719, -24.01856 ], [ -52.791721, -24.017734 ], [ -52.794552, -24.021919 ], [ -52.796443, -24.00888 ], [ -52.799939, -24.007073 ], [ -52.807601, -24.012458 ], [ -52.810122, -24.005672 ], [ -52.815702, -24.002637 ], [ -52.822702, -24.008369 ], [ -52.824161, -23.998543 ], [ -52.83329, -24.002223 ], [ -52.833686, -23.9949 ], [ -52.837001, -23.99647 ], [ -52.838734, -24.001492 ], [ -52.851091, -24.005285 ], [ -52.851967, -24.000308 ], [ -52.856282, -23.998467 ], [ -52.852608, -23.99457 ], [ -52.854748, -23.992444 ], [ -52.859989, -23.996885 ], [ -52.867095, -23.99552 ], [ -52.864974, -23.991349 ], [ -52.867493, -23.988349 ], [ -52.872044, -23.99179 ], [ -52.874302, -23.987844 ], [ -52.884912, -23.986792 ], [ -52.89252, -23.991169 ], [ -52.898598, -23.986899 ], [ -52.897471, -23.990279 ], [ -52.901805, -23.991975 ], [ -52.905921, -23.982119 ], [ -52.909425, -23.982806 ], [ -52.913388, -23.988367 ], [ -52.918629, -23.987501 ], [ -52.923662, -23.987002 ], [ -52.92777, -23.981835 ], [ -52.935126, -23.982712 ], [ -52.930993, -23.974559 ], [ -52.934099, -23.969313 ], [ -52.938356, -23.972439 ], [ -52.951569, -23.971211 ], [ -52.963268, -23.964432 ], [ -52.994844, -23.909218 ], [ -53.006884, -23.889792 ], [ -53.026678, -23.861849 ], [ -53.011895, -23.838574 ], [ -53.008333, -23.840491 ], [ -52.995716, -23.837241 ], [ -52.987863, -23.812752 ], [ -52.979933, -23.80272 ], [ -52.973136, -23.800026 ], [ -52.972147, -23.794173 ], [ -52.959052, -23.785044 ], [ -52.95162, -23.777209 ], [ -52.967174, -23.758189 ], [ -52.957731, -23.742308 ], [ -52.970252, -23.70845 ], [ -52.992261, -23.709544 ], [ -53.008034, -23.697613 ], [ -53.019608, -23.677035 ], [ -53.01778, -23.64745 ], [ -53.013896, -23.643561 ], [ -53.017344, -23.638532 ], [ -53.017119, -23.625307 ], [ -53.016326, -23.611013 ], [ -53.026431, -23.596233 ], [ -53.022866, -23.593526 ], [ -53.029088, -23.590389 ], [ -53.031927, -23.580823 ], [ -53.038089, -23.577687 ], [ -53.04087, -23.560663 ], [ -53.04641, -23.556102 ], [ -53.045529, -23.514565 ], [ -53.03915, -23.492663 ], [ -53.033448, -23.480869 ], [ -53.023068, -23.475792 ], [ -53.026161, -23.469765 ], [ -53.024671, -23.461281 ], [ -53.029511, -23.459369 ], [ -53.031444, -23.456089 ], [ -53.026806, -23.448348 ], [ -53.032471, -23.441352 ], [ -53.029754, -23.435563 ], [ -53.031927, -23.4217 ], [ -53.026295, -23.413178 ], [ -53.026678, -23.403916 ], [ -53.032952, -23.394614 ], [ -53.030103, -23.385911 ], [ -53.035661, -23.383387 ], [ -53.03587, -23.379372 ], [ -53.027473, -23.355688 ], [ -53.030259, -23.344562 ], [ -53.027833, -23.341489 ], [ -53.024886, -23.343112 ], [ -53.026724, -23.332071 ], [ -53.027052, -23.316557 ], [ -53.029247, -23.313503 ], [ -53.021078, -23.308821 ], [ -53.02495, -23.290672 ], [ -53.020209, -23.280761 ], [ -53.007715, -23.252178 ], [ -53.003827, -23.25134 ], [ -53.004666, -23.245041 ], [ -53.001671, -23.246761 ], [ -52.997232, -23.240862 ], [ -52.997675, -23.235585 ], [ -52.99371, -23.237091 ], [ -52.983316, -23.237016 ], [ -52.976582, -23.23205 ], [ -52.955118, -23.228089 ], [ -52.944177, -23.220791 ], [ -52.939354, -23.206643 ], [ -52.936233, -23.205778 ], [ -52.921123, -23.223499 ], [ -52.93, -23.239957 ], [ -52.937611, -23.251509 ], [ -52.934668, -23.262041 ], [ -52.920608, -23.271224 ], [ -52.905562, -23.270467 ], [ -52.892317, -23.273816 ], [ -52.872503, -23.264586 ], [ -52.862486, -23.267472 ], [ -52.853776, -23.274503 ], [ -52.833272, -23.277551 ], [ -52.825818, -23.274044 ], [ -52.81514, -23.275818 ], [ -52.798091, -23.266121 ], [ -52.787497, -23.268511 ], [ -52.772752, -23.285319 ], [ -52.76617, -23.286522 ], [ -52.763204, -23.295462 ], [ -52.754652, -23.30094 ], [ -52.734881, -23.299978 ], [ -52.729608, -23.309462 ], [ -52.722941, -23.310643 ], [ -52.689578, -23.310774 ], [ -52.684349, -23.314055 ], [ -52.665375, -23.323228 ], [ -52.647821, -23.331242 ], [ -52.637483, -23.331209 ], [ -52.624474, -23.32527 ], [ -52.597954, -23.316745 ], [ -52.584448, -23.321552 ], [ -52.572976, -23.331484 ], [ -52.539347, -23.366125 ], [ -52.531809, -23.366833 ], [ -52.524415, -23.366026 ], [ -52.513476, -23.378378 ], [ -52.502487, -23.386611 ], [ -52.487002, -23.388638 ], [ -52.482221, -23.393107 ], [ -52.471936, -23.415981 ], [ -52.474496, -23.426453 ], [ -52.47072, -23.453651 ], [ -52.464023, -23.454152 ], [ -52.452607, -23.452588 ], [ -52.421475, -23.469231 ], [ -52.416602, -23.473942 ], [ -52.4148, -23.498338 ], [ -52.399168, -23.49963 ], [ -52.389688, -23.511054 ], [ -52.407558, -23.52411 ], [ -52.401665, -23.535198 ], [ -52.391327, -23.547847 ], [ -52.374214, -23.546637 ], [ -52.362054, -23.55703 ], [ -52.340744, -23.550358 ], [ -52.32726, -23.552019 ], [ -52.433877, -23.67693 ], [ -52.45157, -23.697629 ], [ -52.458427, -23.705651 ], [ -52.518348, -23.775688 ], [ -52.527473, -23.75646 ], [ -52.537911, -23.747936 ], [ -52.539606, -23.749867 ], [ -52.544439, -23.746642 ], [ -52.546105, -23.748173 ], [ -52.551308, -23.753573 ], [ -52.551823, -23.764434 ], [ -52.559167, -23.771608 ], [ -52.556703, -23.774745 ], [ -52.561823, -23.773804 ], [ -52.554308, -23.778146 ], [ -52.560826, -23.786154 ], [ -52.559648, -23.795511 ], [ -52.563442, -23.796309 ], [ -52.565356, -23.805148 ], [ -52.571921, -23.806746 ], [ -52.563583, -23.813861 ], [ -52.56675, -23.820382 ], [ -52.56053, -23.838025 ], [ -52.564665, -23.856542 ], [ -52.574433, -23.874693 ], [ -52.582278, -23.883582 ], [ -52.58494, -23.894185 ], [ -52.588104, -23.893971 ], [ -52.587554, -23.899354 ], [ -52.591968, -23.901544 ], [ -52.60777, -23.939874 ], [ -52.619208, -23.952933 ], [ -52.677516, -23.935538 ], [ -52.705114, -23.927294 ], [ -52.694913, -23.950695 ] ] ] } },
{ "type": "Feature", "properties": { "HREG_ID": "41014", "HREG_NAME": "14ª RS Paranavai", "id": "410060", "name": "Alto Paraná", "description": "Alto Paraná", "MUN_ID": "410060", "UF": "PR", "MACRO_ID": "4106", "MACRO_NAME": "Macrorregião Noroeste" }, "geometry": { "type": "Polygon", "coordinates": [ [ [ -52.76617, -23.286522 ], [ -52.772752, -23.285319 ], [ -52.787497, -23.268511 ], [ -52.798091, -23.266121 ], [ -52.81514, -23.275818 ], [ -52.825818, -23.274044 ], [ -52.833272, -23.277551 ], [ -52.853776, -23.274503 ], [ -52.862486, -23.267472 ], [ -52.872503, -23.264586 ], [ -52.892317, -23.273816 ], [ -52.905562, -23.270467 ], [ -52.920608, -23.271224 ], [ -52.934668, -23.262041 ], [ -52.937611, -23.251509 ], [ -52.93, -23.239957 ], [ -52.921123, -23.223499 ], [ -52.936233, -23.205778 ], [ -52.939354, -23.206643 ], [ -52.944177, -23.220791 ], [ -52.955118, -23.228089 ], [ -52.976582, -23.23205 ], [ -52.983316, -23.237016 ], [ -52.99371, -23.237091 ], [ -52.997675, -23.235585 ], [ -53.018306, -23.227464 ], [ -53.033021, -23.213471 ], [ -53.032796, -23.207691 ], [ -53.017289, -23.200196 ], [ -53.026209, -23.194967 ], [ -53.05293, -23.193637 ], [ -53.057572, -23.196089 ], [ -53.058608, -23.199003 ], [ -53.0449, -23.216559 ], [ -53.044368, -23.229522 ], [ -53.09454, -23.243415 ], [ -53.121268, -23.243833 ], [ -53.130047, -23.238603 ], [ -53.12817, -23.228449 ], [ -53.128862, -23.220297 ], [ -53.13616, -23.21613 ], [ -53.155174, -23.212723 ], [ -53.182306, -23.217202 ], [ -53.205864, -23.211559 ], [ -53.208148, -23.207376 ], [ -53.199545, -23.197828 ], [ -53.203073, -23.194412 ], [ -53.217376, -23.199308 ], [ -53.225296, -23.212721 ], [ -53.222734, -23.223423 ], [ -53.197955, -23.233958 ], [ -53.196301, -23.238405 ], [ -53.201252, -23.241229 ], [ -53.211781, -23.246142 ], [ -53.229047, -23.235764 ], [ -53.252945, -23.230355 ], [ -53.271724, -23.216896 ], [ -53.278365, -23.214323 ], [ -53.284225, -23.204185 ], [ -53.292878, -23.199752 ], [ -53.31498, -23.199372 ], [ -53.319069, -23.200716 ], [ -53.327851, -23.216304 ], [ -53.318743, -23.226915 ], [ -53.319668, -23.237567 ], [ -53.329826, -23.24267 ], [ -53.347317, -23.233029 ], [ -53.379148, -23.240296 ], [ -53.402586, -23.250446 ], [ -53.422162, -23.24205 ], [ -53.424057, -23.228963 ], [ -53.421102, -23.224757 ], [ -53.39443, -23.218443 ], [ -53.386402, -23.203065 ], [ -53.391052, -23.198694 ], [ -53.409403, -23.191484 ], [ -53.419879, -23.192295 ], [ -53.437455, -23.199903 ], [ -53.458886, -23.216432 ], [ -53.471687, -23.23171 ], [ -53.499432, -23.212805 ], [ -53.511452, -23.208367 ], [ -53.515204, -23.197058 ], [ -53.522865, -23.19037 ], [ -53.538159, -23.187643 ], [ -53.548198, -23.206916 ], [ -53.556852, -23.215543 ], [ -53.561335, -23.219658 ], [ -53.561953, -23.220044 ], [ -53.581515, -23.22571 ], [ -53.59641, -23.22131 ], [ -53.603618, -23.214026 ], [ -53.614943, -23.210512 ], [ -53.624464, -23.215934 ], [ -53.625569, -23.233014 ], [ -53.634884, -23.240932 ], [ -53.630902, -23.247491 ], [ -53.632461, -23.257121 ], [ -53.628507, -23.269418 ], [ -53.650998, -23.286966 ], [ -53.675226, -23.289329 ], [ -53.698239, -23.305318 ], [ -53.699009, -23.296637 ], [ -53.703738, -23.291791 ], [ -53.7144, -23.282915 ], [ -53.712347, -23.27773 ], [ -53.704884, -23.257572 ], [ -53.703242, -23.25162 ], [ -53.693048, -23.220925 ], [ -53.659349, -23.1653 ], [ -53.659824, -23.153994 ], [ -53.64208, -23.131466 ], [ -53.636082, -23.124564 ], [ -53.629976, -23.011319 ], [ -53.633495, -23.002924 ], [ -53.633619, -22.99803 ], [ -53.616132, -22.973687 ], [ -53.606918, -22.950868 ], [ -53.588804, -22.935771 ], [ -53.570266, -22.928025 ], [ -53.560275, -22.915697 ], [ -53.558938, -22.905495 ], [ -53.546322, -22.88963 ], [ -53.533424, -22.881602 ], [ -53.514731, -22.876403 ], [ -53.484257, -22.863388 ], [ -53.450353, -22.841471 ], [ -53.429147, -22.832489 ], [ -53.409903, -22.813404 ], [ -53.398226, -22.806261 ], [ -53.377029, -22.802768 ], [ -53.363306, -22.783122 ], [ -53.351532, -22.775215 ], [ -53.326861, -22.764099 ], [ -53.239496, -22.733005 ], [ -53.218113, -22.730771 ], [ -53.198498, -22.727867 ], [ -53.180458, -22.713168 ], [ -53.127378, -22.651883 ], [ -53.104686, -22.621463 ], [ -53.094082, -22.637512 ], [ -53.087286, -22.657979 ], [ -53.074223, -22.640874 ], [ -53.055297, -22.632156 ], [ -53.038025, -22.617947 ], [ -53.024016, -22.603733 ], [ -53.013539, -22.599159 ], [ -53.011173, -22.598329 ], [ -52.984359, -22.575883 ], [ -52.972484, -22.570282 ], [ -52.927506, -22.565491 ], [ -52.904863, -22.571741 ], [ -52.854274, -22.607858 ], [ -52.844363, -22.608755 ], [ -52.814941, -22.596576 ], [ -52.782366, -22.601594 ], [ -52.749804, -22.611902 ], [ -52.721931, -22.626285 ], [ -52.701197, -22.627199 ], [ -52.66254, -22.61145 ], [ -52.603811, -22.571683 ], [ -52.588848, -22.565628 ], [ -52.580831, -22.566913 ], [ -52.566632, -22.58878 ], [ -52.539924, -22.614329 ], [ -52.537314, -22.615529 ], [ -52.522998, -22.619429 ], [ -52.50218, -22.634088 ], [ -52.489636, -22.630184 ], [ -52.467138, -22.61541 ], [ -52.445197, -22.607812 ], [ -52.420875, -22.61013 ], [ -52.404881, -22.616597 ], [ -52.369972, -22.628432 ], [ -52.30488, -22.636348 ], [ -52.289466, -22.627761 ], [ -52.2782, -22.619921 ], [ -52.260158, -22.615936 ], [ -52.249919, -22.614958 ], [ -52.239638, -22.619415 ], [ -52.227605, -22.642048 ], [ -52.228051, -22.664145 ], [ -52.223884, -22.674044 ], [ -52.213079, -22.671489 ], [ -52.196688, -22.658461 ], [ -52.182277, -22.654912 ], [ -52.156184, -22.64425 ], [ -52.162027, -22.602722 ], [ -52.151843, -22.568764 ], [ -52.148269, -22.548785 ], [ -52.135061, -22.526446 ], [ -52.127109, -22.519454 ], [ -52.108719, -22.515826 ], [ -52.089124, -22.520781 ], [ -52.055576, -22.538348 ], [ -52.032431, -22.538695 ], [ -52.027858, -22.539014 ], [ -52.027523, -22.544679 ], [ -52.028491, -22.550508 ], [ -52.016797, -22.560818 ], [ -52.015481, -22.569427 ], [ -52.003469, -22.578648 ], [ -52.009409, -22.603807 ], [ -52.003488, -22.614664 ], [ -51.996412, -22.616572 ], [ -52.001347, -22.625271 ], [ -52.006748, -22.626422 ], [ -52.004881, -22.631707 ], [ -52.009721, -22.63535 ], [ -52.009501, -22.639529 ], [ -52.014939, -22.639126 ], [ -52.010137, -22.648356 ], [ -52.018629, -22.651863 ], [ -52.016503, -22.656377 ], [ -52.02535, -22.654031 ], [ -52.03213, -22.658925 ], [ -52.027914, -22.663975 ], [ -52.032722, -22.668798 ], [ -52.032911, -22.676827 ], [ -52.04652, -22.682383 ], [ -52.04458, -22.688796 ], [ -52.057388, -22.694547 ], [ -52.053547, -22.702401 ], [ -52.04852, -22.704832 ], [ -52.047518, -22.718484 ], [ -52.055548, -22.728844 ], [ -52.079527, -22.716289 ], [ -52.120584, -22.719872 ], [ -52.127397, -22.729831 ], [ -52.16359, -22.711523 ], [ -52.165605, -22.72164 ], [ -52.162756, -22.738515 ], [ -52.162799, -22.763652 ], [ -52.176095, -22.804525 ], [ -52.222576, -22.818382 ], [ -52.232326, -22.819637 ], [ -52.237913, -22.815764 ], [ -52.233547, -22.834746 ], [ -52.228166, -22.839677 ], [ -52.230234, -22.845239 ], [ -52.232694, -22.847232 ], [ -52.230611, -22.851575 ], [ -52.242378, -22.868516 ], [ -52.243969, -22.879656 ], [ -52.254718, -22.885992 ], [ -52.256054, -22.897302 ], [ -52.254439, -22.903855 ], [ -52.228272, -22.921448 ], [ -52.216299, -22.934982 ], [ -52.203746, -22.939777 ], [ -52.181003, -22.940806 ], [ -52.170131, -22.947274 ], [ -52.159787, -22.948027 ], [ -52.161617, -22.95365 ], [ -52.082434, -22.953218 ], [ -52.058004, -22.953334 ], [ -52.041995, -22.948835 ], [ -52.039105, -22.956508 ], [ -52.043629, -22.959245 ], [ -52.043968, -22.968827 ], [ -52.032299, -22.967354 ], [ -52.030271, -22.973179 ], [ -52.03886, -22.976832 ], [ -52.035748, -22.982336 ], [ -52.028723, -22.981229 ], [ -52.023244, -23.001731 ], [ -52.027553, -23.016074 ], [ -52.036395, -23.021598 ], [ -52.051563, -23.01885 ], [ -52.085734, -23.034184 ], [ -52.097952, -23.040718 ], [ -52.143705, -23.052703 ], [ -52.156347, -23.063811 ], [ -52.162398, -23.065915 ], [ -52.181892, -23.042069 ], [ -52.209136, -23.034306 ], [ -52.227577, -23.03457 ], [ -52.247261, -23.025874 ], [ -52.25139, -23.037559 ], [ -52.247552, -23.042766 ], [ -52.252355, -23.063944 ], [ -52.24633, -23.079415 ], [ -52.245316, -23.098925 ], [ -52.244507, -23.100593 ], [ -52.24197, -23.116347 ], [ -52.237704, -23.120331 ], [ -52.232494, -23.139072 ], [ -52.243339, -23.17088 ], [ -52.257498, -23.167365 ], [ -52.275247, -23.179897 ], [ -52.293233, -23.184179 ], [ -52.297946, -23.187198 ], [ -52.313913, -23.193674 ], [ -52.381755, -23.198499 ], [ -52.389277, -23.202427 ], [ -52.406379, -23.224054 ], [ -52.420022, -23.233637 ], [ -52.420262, -23.250311 ], [ -52.420743, -23.265603 ], [ -52.420304, -23.311617 ], [ -52.420441, -23.323031 ], [ -52.420305, -23.374053 ], [ -52.420697, -23.412814 ], [ -52.421257, -23.453452 ], [ -52.421475, -23.469231 ], [ -52.452607, -23.452588 ], [ -52.464023, -23.454152 ], [ -52.47072, -23.453651 ], [ -52.474496, -23.426453 ], [ -52.471936, -23.415981 ], [ -52.482221, -23.393107 ], [ -52.487002, -23.388638 ], [ -52.502487, -23.386611 ], [ -52.513476, -23.378378 ], [ -52.524415, -23.366026 ], [ -52.531809, -23.366833 ], [ -52.539347, -23.366125 ], [ -52.572976, -23.331484 ], [ -52.584448, -23.321552 ], [ -52.597954, -23.316745 ], [ -52.624474, -23.32527 ], [ -52.637483, -23.331209 ], [ -52.647821, -23.331242 ], [ -52.665375, -23.323228 ], [ -52.684349, -23.314055 ], [ -52.689578, -23.310774 ], [ -52.722941, -23.310643 ], [ -52.729608, -23.309462 ], [ -52.734881, -23.299978 ], [ -52.754652, -23.30094 ], [ -52.763204, -23.295462 ], [ -52.76617, -23.286522 ] ] ] } },
{ "type": "Feature", "properties": { "HREG_ID": "41015", "HREG_NAME": "15ª RS Maringá", "id": "410115", "name": "Ângulo", "description": "Ângulo", "MUN_ID": "410115", "UF": "PR", "MACRO_ID": "4106", "MACRO_NAME": "Macrorregião Noroeste" }, "geometry": { "type": "Polygon", "coordinates": [ [ [ -51.936861, -23.682834 ], [ -51.94438, -23.677861 ], [ -51.945081, -23.684461 ], [ -51.955798, -23.676099 ], [ -51.952794, -23.685833 ], [ -51.956603, -23.684866 ], [ -51.958053, -23.692591 ], [ -51.961321, -23.691001 ], [ -51.963107, -23.694055 ], [ -51.957694, -23.697099 ], [ -51.936048, -23.706977 ], [ -51.9318, -23.713906 ], [ -51.925051, -23.712225 ], [ -51.922795, -23.716969 ], [ -51.918739, -23.725498 ], [ -51.920249, -23.732369 ], [ -51.94994, -23.775521 ], [ -51.961109, -23.775306 ], [ -51.9661, -23.783034 ], [ -51.97416, -23.787212 ], [ -51.976777, -23.796893 ], [ -51.991964, -23.788951 ], [ -51.99577, -23.790128 ], [ -52.010327, -23.790001 ], [ -52.023469, -23.795639 ], [ -52.033027, -23.817098 ], [ -52.03783, -23.816908 ], [ -52.043325, -23.810496 ], [ -52.045743, -23.8017 ], [ -52.038859, -23.791511 ], [ -52.033534, -23.769556 ], [ -52.03677, -23.76264 ], [ -52.044117, -23.75863 ], [ -52.055744, -23.751015 ], [ -52.060385, -23.731832 ], [ -52.06936, -23.725565 ], [ -52.094799, -23.719616 ], [ -52.091186, -23.709101 ], [ -52.094106, -23.705843 ], [ -52.111044, -23.705049 ], [ -52.118746, -23.69663 ], [ -52.11199, -23.680122 ], [ -52.115598, -23.672321 ], [ -52.11883, -23.674075 ], [ -52.123807, -23.683676 ], [ -52.131166, -23.68966 ], [ -52.138857, -23.690411 ], [ -52.156646, -23.680874 ], [ -52.1595, -23.675618 ], [ -52.158615, -23.660625 ], [ -52.157967, -23.649876 ], [ -52.190336, -23.644101 ], [ -52.195608, -23.644912 ], [ -52.202443, -23.653296 ], [ -52.213074, -23.654961 ], [ -52.221751, -23.650655 ], [ -52.234522, -23.635988 ], [ -52.241798, -23.634258 ], [ -52.249965, -23.637207 ], [ -52.263606, -23.64237 ], [ -52.267914, -23.639677 ], [ -52.269067, -23.627117 ], [ -52.269275, -23.624854 ], [ -52.275388, -23.619895 ], [ -52.284861, -23.62092 ], [ -52.293748, -23.618048 ], [ -52.295494, -23.605674 ], [ -52.292277, -23.585543 ], [ -52.302977, -23.575236 ], [ -52.304328, -23.572505 ], [ -52.324167, -23.553546 ], [ -52.32726, -23.552019 ], [ -52.340744, -23.550358 ], [ -52.362054, -23.55703 ], [ -52.374214, -23.546637 ], [ -52.391327, -23.547847 ], [ -52.401665, -23.535198 ], [ -52.407558, -23.52411 ], [ -52.389688, -23.511054 ], [ -52.399168, -23.49963 ], [ -52.4148, -23.498338 ], [ -52.416602, -23.473942 ], [ -52.421475, -23.469231 ], [ -52.421257, -23.453452 ], [ -52.420697, -23.412814 ], [ -52.420305, -23.374053 ], [ -52.420441, -23.323031 ], [ -52.420304, -23.311617 ], [ -52.420743, -23.265603 ], [ -52.420262, -23.250311 ], [ -52.420022, -23.233637 ], [ -52.406379, -23.224054 ], [ -52.389277, -23.202427 ], [ -52.381755, -23.198499 ], [ -52.313913, -23.193674 ], [ -52.297946, -23.187198 ], [ -52.293233, -23.184179 ], [ -52.275247, -23.179897 ], [ -52.257498, -23.167365 ], [ -52.243339, -23.17088 ], [ -52.232494, -23.139072 ], [ -52.237704, -23.120331 ], [ -52.24197, -23.116347 ], [ -52.244507, -23.100593 ], [ -52.245316, -23.098925 ], [ -52.24633, -23.079415 ], [ -52.252355, -23.063944 ], [ -52.247552, -23.042766 ], [ -52.25139, -23.037559 ], [ -52.247261, -23.025874 ], [ -52.227577, -23.03457 ], [ -52.209136, -23.034306 ], [ -52.181892, -23.042069 ], [ -52.162398, -23.065915 ], [ -52.156347, -23.063811 ], [ -52.143705, -23.052703 ], [ -52.097952, -23.040718 ], [ -52.085734, -23.034184 ], [ -52.051563, -23.01885 ], [ -52.036395, -23.021598 ], [ -52.027553, -23.016074 ], [ -52.023244, -23.001731 ], [ -52.028723, -22.981229 ], [ -52.035748, -22.982336 ], [ -52.03886, -22.976832 ], [ -52.030271, -22.973179 ], [ -52.032299, -22.967354 ], [ -52.043968, -22.968827 ], [ -52.043629, -22.959245 ], [ -52.039105, -22.956508 ], [ -52.041995, -22.948835 ], [ -52.058004, -22.953334 ], [ -52.082434, -22.953218 ], [ -52.161617, -22.95365 ], [ -52.159787, -22.948027 ], [ -52.170131, -22.947274 ], [ -52.181003, -22.940806 ], [ -52.203746, -22.939777 ], [ -52.216299, -22.934982 ], [ -52.228272, -22.921448 ], [ -52.254439, -22.903855 ], [ -52.256054, -22.897302 ], [ -52.254718, -22.885992 ], [ -52.243969, -22.879656 ], [ -52.242378, -22.868516 ], [ -52.230611, -22.851575 ], [ -52.232694, -22.847232 ], [ -52.230234, -22.845239 ], [ -52.228166, -22.839677 ], [ -52.233547, -22.834746 ], [ -52.237913, -22.815764 ], [ -52.232326, -22.819637 ], [ -52.222576, -22.818382 ], [ -52.176095, -22.804525 ], [ -52.162799, -22.763652 ], [ -52.162756, -22.738515 ], [ -52.165605, -22.72164 ], [ -52.16359, -22.711523 ], [ -52.127397, -22.729831 ], [ -52.120584, -22.719872 ], [ -52.079527, -22.716289 ], [ -52.055548, -22.728844 ], [ -52.047518, -22.718484 ], [ -52.04852, -22.704832 ], [ -52.053547, -22.702401 ], [ -52.057388, -22.694547 ], [ -52.04458, -22.688796 ], [ -52.04652, -22.682383 ], [ -52.032911, -22.676827 ], [ -52.032722, -22.668798 ], [ -52.027914, -22.663975 ], [ -52.03213, -22.658925 ], [ -52.02535, -22.654031 ], [ -52.016503, -22.656377 ], [ -52.018629, -22.651863 ], [ -52.010137, -22.648356 ], [ -52.014939, -22.639126 ], [ -52.009501, -22.639529 ], [ -52.009721, -22.63535 ], [ -52.004881, -22.631707 ], [ -52.006748, -22.626422 ], [ -52.001347, -22.625271 ], [ -51.996412, -22.616572 ], [ -52.003488, -22.614664 ], [ -52.009409, -22.603807 ], [ -52.003469, -22.578648 ], [ -52.015481, -22.569427 ], [ -52.016797, -22.560818 ], [ -52.028491, -22.550508 ], [ -52.027523, -22.544679 ], [ -52.027858, -22.539014 ], [ -51.997718, -22.54514 ], [ -51.960383, -22.562987 ], [ -51.940021, -22.566873 ], [ -51.901037, -22.601455 ], [ -51.889685, -22.612699 ], [ -51.873171, -22.627746 ], [ -51.855336, -22.631227 ], [ -51.846605, -22.631756 ], [ -51.773996, -22.613947 ], [ -51.753311, -22.616797 ], [ -51.74497, -22.62411 ], [ -51.733855, -22.624996 ], [ -51.732007, -22.631337 ], [ -51.725377, -22.660995 ], [ -51.717683, -22.66855 ], [ -51.724602, -22.700591 ], [ -51.734359, -22.723292 ], [ -51.739939, -22.724182 ], [ -51.758969, -22.738874 ], [ -51.759081, -22.766026 ], [ -51.771041, -22.773952 ], [ -51.765561, -22.797626 ], [ -51.758672, -22.829989 ], [ -51.799722, -22.830544 ], [ -51.792448, -22.840234 ], [ -51.787902, -22.840095 ], [ -51.782539, -22.838277 ], [ -51.770215, -22.847576 ], [ -51.763229, -22.848644 ], [ -51.751066, -22.864328 ], [ -51.747848, -22.875418 ], [ -51.724846, -22.890442 ], [ -51.721441, -22.89372 ], [ -51.729809, -22.903094 ], [ -51.729053, -22.906831 ], [ -51.721169, -22.911056 ], [ -51.720004, -22.923124 ], [ -51.716228, -22.925549 ], [ -51.717086, -22.931003 ], [ -51.753902, -22.943951 ], [ -51.759557, -22.968168 ], [ -51.766844, -22.97764 ], [ -51.78479, -22.989974 ], [ -51.794161, -23.005281 ], [ -51.787528, -23.009355 ], [ -51.785211, -23.017903 ], [ -51.777234, -23.012936 ], [ -51.77237, -23.01742 ], [ -51.768902, -23.013297 ], [ -51.757068, -23.01698 ], [ -51.757975, -23.023333 ], [ -51.752842, -23.026041 ], [ -51.750352, -23.023581 ], [ -51.749888, -23.027646 ], [ -51.752573, -23.034588 ], [ -51.748885, -23.038687 ], [ -51.74563, -23.039662 ], [ -51.744184, -23.046751 ], [ -51.738912, -23.045747 ], [ -51.737017, -23.051218 ], [ -51.7295, -23.049655 ], [ -51.733302, -23.053925 ], [ -51.727906, -23.056176 ], [ -51.724745, -23.052024 ], [ -51.71691, -23.054294 ], [ -51.711412, -23.058594 ], [ -51.712631, -23.060859 ], [ -51.701302, -23.0648 ], [ -51.698134, -23.069817 ], [ -51.694802, -23.06837 ], [ -51.690628, -23.074725 ], [ -51.680493, -23.071759 ], [ -51.671811, -23.086403 ], [ -51.663441, -23.089838 ], [ -51.650593, -23.084635 ], [ -51.646578, -23.092314 ], [ -51.635907, -23.093535 ], [ -51.638075, -23.096818 ], [ -51.634191, -23.096245 ], [ -51.628411, -23.106833 ], [ -51.610108, -23.106694 ], [ -51.605347, -23.109185 ], [ -51.604081, -23.115149 ], [ -51.594463, -23.115707 ], [ -51.589515, -23.122138 ], [ -51.592494, -23.130114 ], [ -51.596793, -23.128122 ], [ -51.604601, -23.150841 ], [ -51.609688, -23.152425 ], [ -51.608517, -23.168528 ], [ -51.613743, -23.180949 ], [ -51.613861, -23.193011 ], [ -51.614652, -23.218982 ], [ -51.619054, -23.221659 ], [ -51.622299, -23.231401 ], [ -51.611103, -23.243695 ], [ -51.603794, -23.268752 ], [ -51.591113, -23.282508 ], [ -51.605287, -23.280771 ], [ -51.605743, -23.284235 ], [ -51.614999, -23.30144 ], [ -51.62288, -23.315203 ], [ -51.661577, -23.355104 ], [ -51.665773, -23.364625 ], [ -51.671661, -23.366303 ], [ -51.676171, -23.373465 ], [ -51.687245, -23.371984 ], [ -51.689713, -23.37722 ], [ -51.689526, -23.377253 ], [ -51.680913, -23.386069 ], [ -51.672795, -23.38306 ], [ -51.672468, -23.390627 ], [ -51.662216, -23.392287 ], [ -51.660271, -23.395535 ], [ -51.665075, -23.403828 ], [ -51.660187, -23.406976 ], [ -51.64841, -23.389563 ], [ -51.646472, -23.397411 ], [ -51.643267, -23.402131 ], [ -51.640167, -23.400525 ], [ -51.624995, -23.410506 ], [ -51.628156, -23.417666 ], [ -51.625493, -23.425858 ], [ -51.63141, -23.429466 ], [ -51.625799, -23.433505 ], [ -51.628745, -23.435218 ], [ -51.625699, -23.438998 ], [ -51.632054, -23.450403 ], [ -51.625821, -23.448667 ], [ -51.625134, -23.452066 ], [ -51.614188, -23.457216 ], [ -51.620744, -23.456251 ], [ -51.621188, -23.462042 ], [ -51.611353, -23.46237 ], [ -51.618076, -23.465758 ], [ -51.613994, -23.470055 ], [ -51.620766, -23.471376 ], [ -51.620296, -23.474608 ], [ -51.610504, -23.479013 ], [ -51.608023, -23.476028 ], [ -51.605685, -23.484376 ], [ -51.610974, -23.483228 ], [ -51.615557, -23.483255 ], [ -51.612874, -23.490266 ], [ -51.621488, -23.488861 ], [ -51.617147, -23.499052 ], [ -51.626402, -23.500221 ], [ -51.62463, -23.504728 ], [ -51.629526, -23.509175 ], [ -51.625433, -23.511497 ], [ -51.628492, -23.51512 ], [ -51.623823, -23.519678 ], [ -51.630886, -23.530304 ], [ -51.628815, -23.539159 ], [ -51.62317, -23.543448 ], [ -51.624919, -23.549779 ], [ -51.637241, -23.560265 ], [ -51.643694, -23.572631 ], [ -51.646577, -23.576937 ], [ -51.652601, -23.577198 ], [ -51.65682, -23.576961 ], [ -51.661686, -23.579748 ], [ -51.676049, -23.576091 ], [ -51.684915, -23.579508 ], [ -51.70619, -23.572363 ], [ -51.707214, -23.576554 ], [ -51.721156, -23.585585 ], [ -51.735493, -23.579703 ], [ -51.73791, -23.587345 ], [ -51.745995, -23.585542 ], [ -51.755603, -23.599579 ], [ -51.763432, -23.600157 ], [ -51.764966, -23.598245 ], [ -51.772713, -23.603588 ], [ -51.778248, -23.601952 ], [ -51.781407, -23.606989 ], [ -51.785989, -23.604256 ], [ -51.793078, -23.606496 ], [ -51.790607, -23.620458 ], [ -51.798737, -23.620379 ], [ -51.795244, -23.630381 ], [ -51.80508, -23.631791 ], [ -51.800221, -23.634657 ], [ -51.798244, -23.641442 ], [ -51.803242, -23.642651 ], [ -51.812049, -23.635391 ], [ -51.819051, -23.648087 ], [ -51.821516, -23.633531 ], [ -51.829602, -23.643669 ], [ -51.836461, -23.640796 ], [ -51.835336, -23.631503 ], [ -51.843212, -23.638488 ], [ -51.851388, -23.633482 ], [ -51.854333, -23.640996 ], [ -51.857399, -23.638065 ], [ -51.85847, -23.641259 ], [ -51.864232, -23.641956 ], [ -51.866172, -23.646516 ], [ -51.869362, -23.6377 ], [ -51.87631, -23.645284 ], [ -51.888132, -23.644653 ], [ -51.884252, -23.6508 ], [ -51.884603, -23.655015 ], [ -51.889287, -23.65472 ], [ -51.88447, -23.657246 ], [ -51.885821, -23.659738 ], [ -51.89144, -23.659199 ], [ -51.890674, -23.662185 ], [ -51.892493, -23.656131 ], [ -51.902124, -23.654116 ], [ -51.905033, -23.662966 ], [ -51.910302, -23.660827 ], [ -51.91348, -23.670686 ], [ -51.9186, -23.666525 ], [ -51.922996, -23.668075 ], [ -51.922588, -23.661734 ], [ -51.929278, -23.665941 ], [ -51.931395, -23.675672 ], [ -51.937463, -23.676817 ], [ -51.939418, -23.672562 ], [ -51.936861, -23.682834 ] ] ] } },
{ "type": "Feature", "properties": { "HREG_ID": "41016", "HREG_NAME": "16ª RS Apucarana", "id": "410140", "name": "Apucarana", "description": "Apucarana", "MUN_ID": "410140", "UF": "PR", "MACRO_ID": "4105", "MACRO_NAME": "Macrorregião Norte" }, "geometry": { "type": "Polygon", "coordinates": [ [ [ -51.485328, -23.923225 ], [ -51.490113, -23.930528 ], [ -51.486124, -23.936486 ], [ -51.493884, -23.950086 ], [ -51.502696, -23.952528 ], [ -51.510765, -23.955135 ], [ -51.513214, -23.961634 ], [ -51.521246, -23.966575 ], [ -51.520569, -23.975061 ], [ -51.531237, -23.985738 ], [ -51.526658, -23.991873 ], [ -51.529415, -23.997798 ], [ -51.534974, -23.998586 ], [ -51.535408, -24.005984 ], [ -51.543209, -24.008013 ], [ -51.536722, -24.012461 ], [ -51.538161, -24.015989 ], [ -51.546773, -24.017516 ], [ -51.550823, -24.015 ], [ -51.556801, -24.018643 ], [ -51.553327, -24.024424 ], [ -51.561744, -24.030586 ], [ -51.573209, -24.029415 ], [ -51.578024, -24.020703 ], [ -51.606467, -24.036443 ], [ -51.611602, -24.031967 ], [ -51.611992, -24.024744 ], [ -51.618543, -24.025072 ], [ -51.625072, -24.018587 ], [ -51.631106, -24.020267 ], [ -51.640435, -24.045734 ], [ -51.645774, -24.048938 ], [ -51.65166, -24.046898 ], [ -51.658354, -24.030756 ], [ -51.637822, -24.009147 ], [ -51.633437, -24.004793 ], [ -51.649548, -23.993352 ], [ -51.66846, -24.004121 ], [ -51.672462, -24.003254 ], [ -51.674822, -24.001556 ], [ -51.686126, -23.993557 ], [ -51.697773, -24.005139 ], [ -51.704378, -24.005175 ], [ -51.702019, -23.9942 ], [ -51.68326, -23.975931 ], [ -51.67579, -23.958762 ], [ -51.676017, -23.958273 ], [ -51.699883, -23.95893 ], [ -51.717994, -23.94931 ], [ -51.727853, -23.952886 ], [ -51.73511, -23.951466 ], [ -51.73977, -23.944017 ], [ -51.730514, -23.93841 ], [ -51.723717, -23.933538 ], [ -51.725454, -23.930189 ], [ -51.740619, -23.930064 ], [ -51.756744, -23.937421 ], [ -51.765257, -23.938023 ], [ -51.783996, -23.92877 ], [ -51.790261, -23.928632 ], [ -51.795402, -23.919588 ], [ -51.822836, -23.924359 ], [ -51.840155, -23.932375 ], [ -51.852882, -23.933186 ], [ -51.857241, -23.929355 ], [ -51.864516, -23.922961 ], [ -51.878413, -23.923124 ], [ -51.882466, -23.920382 ], [ -51.883238, -23.908037 ], [ -51.883252, -23.907834 ], [ -51.884798, -23.902634 ], [ -51.892103, -23.900327 ], [ -51.912104, -23.917746 ], [ -51.927468, -23.926231 ], [ -51.933628, -23.923119 ], [ -51.929244, -23.911644 ], [ -51.934305, -23.907216 ], [ -51.938962, -23.907695 ], [ -51.942981, -23.907585 ], [ -51.951549, -23.900462 ], [ -51.939188, -23.886238 ], [ -51.940548, -23.876371 ], [ -51.955551, -23.872725 ], [ -51.958184, -23.856839 ], [ -51.962727, -23.851241 ], [ -51.975803, -23.843335 ], [ -51.985606, -23.853713 ], [ -51.989633, -23.856142 ], [ -51.994184, -23.851978 ], [ -51.981966, -23.829408 ], [ -52.004606, -23.822102 ], [ -52.007658, -23.812521 ], [ -51.994105, -23.800938 ], [ -51.99577, -23.790128 ], [ -51.991964, -23.788951 ], [ -51.976777, -23.796893 ], [ -51.97416, -23.787212 ], [ -51.9661, -23.783034 ], [ -51.961109, -23.775306 ], [ -51.94994, -23.775521 ], [ -51.920249, -23.732369 ], [ -51.918739, -23.725498 ], [ -51.922795, -23.716969 ], [ -51.925051, -23.712225 ], [ -51.9318, -23.713906 ], [ -51.936048, -23.706977 ], [ -51.957694, -23.697099 ], [ -51.963107, -23.694055 ], [ -51.961321, -23.691001 ], [ -51.958053, -23.692591 ], [ -51.956603, -23.684866 ], [ -51.952794, -23.685833 ], [ -51.955798, -23.676099 ], [ -51.945081, -23.684461 ], [ -51.94438, -23.677861 ], [ -51.936861, -23.682834 ], [ -51.939418, -23.672562 ], [ -51.937463, -23.676817 ], [ -51.931395, -23.675672 ], [ -51.929278, -23.665941 ], [ -51.922588, -23.661734 ], [ -51.922996, -23.668075 ], [ -51.9186, -23.666525 ], [ -51.91348, -23.670686 ], [ -51.910302, -23.660827 ], [ -51.905033, -23.662966 ], [ -51.902124, -23.654116 ], [ -51.892493, -23.656131 ], [ -51.890674, -23.662185 ], [ -51.89144, -23.659199 ], [ -51.885821, -23.659738 ], [ -51.88447, -23.657246 ], [ -51.889287, -23.65472 ], [ -51.884603, -23.655015 ], [ -51.884252, -23.6508 ], [ -51.888132, -23.644653 ], [ -51.87631, -23.645284 ], [ -51.869362, -23.6377 ], [ -51.866172, -23.646516 ], [ -51.864232, -23.641956 ], [ -51.85847, -23.641259 ], [ -51.857399, -23.638065 ], [ -51.854333, -23.640996 ], [ -51.851388, -23.633482 ], [ -51.843212, -23.638488 ], [ -51.835336, -23.631503 ], [ -51.836461, -23.640796 ], [ -51.829602, -23.643669 ], [ -51.821516, -23.633531 ], [ -51.819051, -23.648087 ], [ -51.812049, -23.635391 ], [ -51.803242, -23.642651 ], [ -51.798244, -23.641442 ], [ -51.800221, -23.634657 ], [ -51.80508, -23.631791 ], [ -51.795244, -23.630381 ], [ -51.798737, -23.620379 ], [ -51.790607, -23.620458 ], [ -51.793078, -23.606496 ], [ -51.785989, -23.604256 ], [ -51.781407, -23.606989 ], [ -51.778248, -23.601952 ], [ -51.772713, -23.603588 ], [ -51.764966, -23.598245 ], [ -51.763432, -23.600157 ], [ -51.755603, -23.599579 ], [ -51.745995, -23.585542 ], [ -51.73791, -23.587345 ], [ -51.735493, -23.579703 ], [ -51.721156, -23.585585 ], [ -51.707214, -23.576554 ], [ -51.70619, -23.572363 ], [ -51.684915, -23.579508 ], [ -51.676049, -23.576091 ], [ -51.661686, -23.579748 ], [ -51.65682, -23.576961 ], [ -51.652601, -23.577198 ], [ -51.646577, -23.576937 ], [ -51.643694, -23.572631 ], [ -51.637241, -23.560265 ], [ -51.624919, -23.549779 ], [ -51.62317, -23.543448 ], [ -51.628815, -23.539159 ], [ -51.630886, -23.530304 ], [ -51.623823, -23.519678 ], [ -51.628492, -23.51512 ], [ -51.625433, -23.511497 ], [ -51.629526, -23.509175 ], [ -51.62463, -23.504728 ], [ -51.626402, -23.500221 ], [ -51.617147, -23.499052 ], [ -51.621488, -23.488861 ], [ -51.612874, -23.490266 ], [ -51.615557, -23.483255 ], [ -51.610974, -23.483228 ], [ -51.605685, -23.484376 ], [ -51.608023, -23.476028 ], [ -51.610504, -23.479013 ], [ -51.620296, -23.474608 ], [ -51.620766, -23.471376 ], [ -51.613994, -23.470055 ], [ -51.618076, -23.465758 ], [ -51.611353, -23.46237 ], [ -51.621188, -23.462042 ], [ -51.620744, -23.456251 ], [ -51.614188, -23.457216 ], [ -51.625134, -23.452066 ], [ -51.625821, -23.448667 ], [ -51.632054, -23.450403 ], [ -51.625699, -23.438998 ], [ -51.628745, -23.435218 ], [ -51.625799, -23.433505 ], [ -51.63141, -23.429466 ], [ -51.625493, -23.425858 ], [ -51.628156, -23.417666 ], [ -51.624995, -23.410506 ], [ -51.640167, -23.400525 ], [ -51.643267, -23.402131 ], [ -51.646472, -23.397411 ], [ -51.64841, -23.389563 ], [ -51.660187, -23.406976 ], [ -51.665075, -23.403828 ], [ -51.660271, -23.395535 ], [ -51.662216, -23.392287 ], [ -51.672468, -23.390627 ], [ -51.672795, -23.38306 ], [ -51.680913, -23.386069 ], [ -51.689526, -23.377253 ], [ -51.689713, -23.37722 ], [ -51.687245, -23.371984 ], [ -51.676171, -23.373465 ], [ -51.671661, -23.366303 ], [ -51.665773, -23.364625 ], [ -51.661577, -23.355104 ], [ -51.62288, -23.315203 ], [ -51.614999, -23.30144 ], [ -51.605743, -23.284235 ], [ -51.605287, -23.280771 ], [ -51.591113, -23.282508 ], [ -51.590552, -23.282961 ], [ -51.582075, -23.288227 ], [ -51.572082, -23.27387 ], [ -51.561129, -23.27739 ], [ -51.550435, -23.274598 ], [ -51.537663, -23.262777 ], [ -51.530192, -23.265626 ], [ -51.510468, -23.306466 ], [ -51.513436, -23.314605 ], [ -51.500079, -23.328761 ], [ -51.505386, -23.339783 ], [ -51.500102, -23.34221 ], [ -51.484616, -23.355769 ], [ -51.474996, -23.360168 ], [ -51.453905, -23.382791 ], [ -51.440589, -23.363143 ], [ -51.43667, -23.36389 ], [ -51.419664, -23.355118 ], [ -51.407092, -23.357495 ], [ -51.39727, -23.359351 ], [ -51.395895, -23.359611 ], [ -51.392122, -23.366581 ], [ -51.375833, -23.374721 ], [ -51.36799, -23.38264 ], [ -51.363308, -23.394056 ], [ -51.359403, -23.394462 ], [ -51.344833, -23.388655 ], [ -51.330767, -23.391994 ], [ -51.318622, -23.386348 ], [ -51.315231, -23.389339 ], [ -51.315523, -23.383414 ], [ -51.309696, -23.382943 ], [ -51.309685, -23.383062 ], [ -51.318983, -23.415164 ], [ -51.31599, -23.429434 ], [ -51.321072, -23.431303 ], [ -51.316642, -23.459822 ], [ -51.310323, -23.462504 ], [ -51.310509, -23.466517 ], [ -51.306668, -23.492654 ], [ -51.300828, -23.547259 ], [ -51.300235, -23.548262 ], [ -51.296847, -23.547501 ], [ -51.290417, -23.558712 ], [ -51.295266, -23.562664 ], [ -51.292588, -23.564643 ], [ -51.284142, -23.558004 ], [ -51.280514, -23.563985 ], [ -51.274216, -23.56535 ], [ -51.275183, -23.56882 ], [ -51.269325, -23.567467 ], [ -51.268537, -23.559054 ], [ -51.260337, -23.562287 ], [ -51.254534, -23.567755 ], [ -51.254435, -23.560029 ], [ -51.251514, -23.558697 ], [ -51.240294, -23.566307 ], [ -51.240674, -23.556731 ], [ -51.235244, -23.553936 ], [ -51.226748, -23.555216 ], [ -51.22234, -23.55806 ], [ -51.223213, -23.561661 ], [ -51.218513, -23.563101 ], [ -51.225688, -23.569764 ], [ -51.220266, -23.572209 ], [ -51.21791, -23.569275 ], [ -51.213756, -23.573653 ], [ -51.216401, -23.576386 ], [ -51.21449, -23.579524 ], [ -51.22075, -23.58105 ], [ -51.219241, -23.586956 ], [ -51.204961, -23.588402 ], [ -51.201117, -23.591348 ], [ -51.203001, -23.594362 ], [ -51.197259, -23.596881 ], [ -51.202083, -23.601727 ], [ -51.2, -23.610129 ], [ -51.204771, -23.613016 ], [ -51.207981, -23.609243 ], [ -51.215614, -23.609134 ], [ -51.210587, -23.613383 ], [ -51.213252, -23.621784 ], [ -51.209129, -23.630995 ], [ -51.212263, -23.631669 ], [ -51.209307, -23.643239 ], [ -51.206272, -23.647004 ], [ -51.210212, -23.648454 ], [ -51.207592, -23.655919 ], [ -51.214043, -23.658281 ], [ -51.208981, -23.66267 ], [ -51.214903, -23.668948 ], [ -51.212732, -23.677422 ], [ -51.218342, -23.677712 ], [ -51.219348, -23.683634 ], [ -51.215517, -23.692379 ], [ -51.221616, -23.694667 ], [ -51.218306, -23.699067 ], [ -51.225604, -23.708569 ], [ -51.234803, -23.706228 ], [ -51.241757, -23.722454 ], [ -51.241582, -23.7355 ], [ -51.231754, -23.741424 ], [ -51.231621, -23.741512 ], [ -51.196592, -23.764639 ], [ -51.181249, -23.763239 ], [ -51.177417, -23.767537 ], [ -51.174779, -23.775593 ], [ -51.165749, -23.779529 ], [ -51.159186, -23.777258 ], [ -51.160865, -23.772702 ], [ -51.15326, -23.768452 ], [ -51.152068, -23.761918 ], [ -51.145379, -23.765897 ], [ -51.157607, -23.791364 ], [ -51.170703, -23.795553 ], [ -51.174605, -23.809811 ], [ -51.185517, -23.814707 ], [ -51.189314, -23.826578 ], [ -51.177968, -23.839056 ], [ -51.17657, -23.847977 ], [ -51.189936, -23.853338 ], [ -51.177788, -23.860415 ], [ -51.183488, -23.870923 ], [ -51.176881, -23.879866 ], [ -51.178706, -23.88651 ], [ -51.168607, -23.893074 ], [ -51.167527, -23.900033 ], [ -51.172073, -23.911743 ], [ -51.169995, -23.919389 ], [ -51.173353, -23.923528 ], [ -51.17056, -23.926352 ], [ -51.167147, -23.924287 ], [ -51.159995, -23.929119 ], [ -51.150113, -23.924434 ], [ -51.144299, -23.927119 ], [ -51.135708, -23.921051 ], [ -51.123378, -23.925971 ], [ -51.120548, -23.920738 ], [ -51.112634, -23.917099 ], [ -51.110522, -23.909881 ], [ -51.109301, -23.914094 ], [ -51.101187, -23.908801 ], [ -51.09799, -23.913332 ], [ -51.090494, -23.904302 ], [ -51.08141, -23.905479 ], [ -51.082156, -23.916381 ], [ -51.086878, -23.920395 ], [ -51.088736, -23.929135 ], [ -51.112073, -23.942196 ], [ -51.113165, -23.955474 ], [ -51.108802, -23.966939 ], [ -51.094769, -23.975988 ], [ -51.095037, -23.987532 ], [ -51.099445, -24.00084 ], [ -51.091097, -24.014721 ], [ -51.096586, -24.029915 ], [ -51.095545, -24.032399 ], [ -51.081365, -24.043553 ], [ -51.08023, -24.056784 ], [ -51.083513, -24.059405 ], [ -51.08495, -24.07394 ], [ -51.101499, -24.073148 ], [ -51.105353, -24.075893 ], [ -51.103642, -24.080481 ], [ -51.109921, -24.07956 ], [ -51.113779, -24.084796 ], [ -51.130544, -24.069845 ], [ -51.135917, -24.075982 ], [ -51.142159, -24.075123 ], [ -51.144494, -24.078045 ], [ -51.144215, -24.073357 ], [ -51.154376, -24.071057 ], [ -51.151934, -24.081412 ], [ -51.156045, -24.083258 ], [ -51.164825, -24.078946 ], [ -51.166579, -24.084121 ], [ -51.167767, -24.080192 ], [ -51.171577, -24.080036 ], [ -51.170879, -24.08854 ], [ -51.166321, -24.090105 ], [ -51.166541, -24.097923 ], [ -51.170467, -24.096561 ], [ -51.168683, -24.091278 ], [ -51.173543, -24.093579 ], [ -51.176682, -24.090414 ], [ -51.181021, -24.093849 ], [ -51.177516, -24.099948 ], [ -51.19416, -24.102627 ], [ -51.197124, -24.099181 ], [ -51.197464, -24.103156 ], [ -51.204715, -24.102634 ], [ -51.207967, -24.106461 ], [ -51.217209, -24.105268 ], [ -51.224045, -24.094438 ], [ -51.222543, -24.089784 ], [ -51.231353, -24.085377 ], [ -51.240186, -24.092258 ], [ -51.236093, -24.096661 ], [ -51.237795, -24.101382 ], [ -51.243632, -24.09482 ], [ -51.255462, -24.089474 ], [ -51.254768, -24.095246 ], [ -51.264604, -24.095305 ], [ -51.263742, -24.098799 ], [ -51.254574, -24.101116 ], [ -51.262992, -24.107302 ], [ -51.262192, -24.110254 ], [ -51.267631, -24.109307 ], [ -51.275822, -24.099693 ], [ -51.279464, -24.102075 ], [ -51.282291, -24.096246 ], [ -51.285663, -24.093012 ], [ -51.292877, -24.094734 ], [ -51.283819, -24.100275 ], [ -51.290689, -24.099614 ], [ -51.295077, -24.105166 ], [ -51.28932, -24.104902 ], [ -51.285051, -24.109932 ], [ -51.295847, -24.116809 ], [ -51.303684, -24.113259 ], [ -51.305021, -24.121249 ], [ -51.299186, -24.130294 ], [ -51.305385, -24.127372 ], [ -51.308854, -24.133624 ], [ -51.313189, -24.126499 ], [ -51.3206, -24.130546 ], [ -51.323302, -24.125963 ], [ -51.326322, -24.122074 ], [ -51.329551, -24.13109 ], [ -51.341875, -24.132723 ], [ -51.344539, -24.128589 ], [ -51.346962, -24.133161 ], [ -51.34766, -24.115174 ], [ -51.356681, -24.12188 ], [ -51.353017, -24.124983 ], [ -51.36455, -24.132518 ], [ -51.36171, -24.134734 ], [ -51.364879, -24.140931 ], [ -51.373964, -24.13507 ], [ -51.372042, -24.142106 ], [ -51.364074, -24.1423 ], [ -51.364431, -24.152718 ], [ -51.360068, -24.149512 ], [ -51.357283, -24.157814 ], [ -51.344102, -24.149739 ], [ -51.341433, -24.148395 ], [ -51.338601, -24.151629 ], [ -51.339573, -24.158458 ], [ -51.333324, -24.15842 ], [ -51.337408, -24.164473 ], [ -51.336763, -24.172748 ], [ -51.332353, -24.182819 ], [ -51.337993, -24.183756 ], [ -51.341542, -24.190602 ], [ -51.332326, -24.203019 ], [ -51.334797, -24.211686 ], [ -51.342659, -24.219374 ], [ -51.349521, -24.227013 ], [ -51.342074, -24.247494 ], [ -51.332643, -24.250266 ], [ -51.342009, -24.250623 ], [ -51.346991, -24.248413 ], [ -51.374514, -24.259245 ], [ -51.370394, -24.267556 ], [ -51.375732, -24.271267 ], [ -51.375737, -24.277476 ], [ -51.371334, -24.278547 ], [ -51.376104, -24.29039 ], [ -51.384705, -24.284274 ], [ -51.393166, -24.284618 ], [ -51.393406, -24.268944 ], [ -51.405631, -24.258325 ], [ -51.419681, -24.267789 ], [ -51.423175, -24.270206 ], [ -51.436119, -24.267226 ], [ -51.439947, -24.256707 ], [ -51.485743, -24.301153 ], [ -51.490122, -24.291697 ], [ -51.478909, -24.277639 ], [ -51.479584, -24.269001 ], [ -51.485049, -24.269619 ], [ -51.493094, -24.278532 ], [ -51.497344, -24.27594 ], [ -51.501536, -24.261396 ], [ -51.516342, -24.263273 ], [ -51.518563, -24.258454 ], [ -51.493293, -24.237931 ], [ -51.503765, -24.234786 ], [ -51.504485, -24.227327 ], [ -51.51628, -24.219661 ], [ -51.515655, -24.214384 ], [ -51.505047, -24.201937 ], [ -51.504159, -24.192973 ], [ -51.528056, -24.186364 ], [ -51.528576, -24.186278 ], [ -51.547923, -24.176287 ], [ -51.558457, -24.164526 ], [ -51.558302, -24.15669 ], [ -51.538508, -24.14346 ], [ -51.538858, -24.136394 ], [ -51.55197, -24.126009 ], [ -51.564189, -24.134366 ], [ -51.572068, -24.135176 ], [ -51.579657, -24.124974 ], [ -51.567293, -24.11222 ], [ -51.548857, -24.103949 ], [ -51.546237, -24.098421 ], [ -51.54983, -24.093109 ], [ -51.541876, -24.082568 ], [ -51.53485, -24.088998 ], [ -51.535797, -24.096061 ], [ -51.524276, -24.097211 ], [ -51.521212, -24.106085 ], [ -51.517255, -24.103877 ], [ -51.498163, -24.101044 ], [ -51.493158, -24.112558 ], [ -51.486881, -24.106002 ], [ -51.474066, -24.101582 ], [ -51.465398, -24.095945 ], [ -51.458717, -24.098489 ], [ -51.451328, -24.095661 ], [ -51.45238, -24.11053 ], [ -51.459579, -24.112661 ], [ -51.452839, -24.119128 ], [ -51.443713, -24.120473 ], [ -51.440269, -24.115047 ], [ -51.437712, -24.119045 ], [ -51.428329, -24.116859 ], [ -51.420209, -24.109179 ], [ -51.420071, -24.097373 ], [ -51.423102, -24.096352 ], [ -51.419597, -24.091067 ], [ -51.413627, -24.086212 ], [ -51.40163, -24.088471 ], [ -51.395311, -24.084134 ], [ -51.39953, -24.076183 ], [ -51.383517, -24.074179 ], [ -51.385632, -24.066446 ], [ -51.380967, -24.066052 ], [ -51.378932, -24.059744 ], [ -51.387851, -24.053483 ], [ -51.3912, -24.038978 ], [ -51.407801, -24.028245 ], [ -51.415962, -24.026647 ], [ -51.416185, -24.023835 ], [ -51.406661, -24.01244 ], [ -51.386605, -24.004236 ], [ -51.392998, -24.000265 ], [ -51.391629, -23.998014 ], [ -51.390011, -23.995356 ], [ -51.386131, -23.988979 ], [ -51.387317, -23.978433 ], [ -51.397714, -23.977783 ], [ -51.396298, -23.95488 ], [ -51.409766, -23.943214 ], [ -51.422965, -23.931183 ], [ -51.425824, -23.918797 ], [ -51.431738, -23.910883 ], [ -51.430765, -23.904877 ], [ -51.439737, -23.901173 ], [ -51.433717, -23.895199 ], [ -51.435017, -23.891495 ], [ -51.446105, -23.894982 ], [ -51.448028, -23.888696 ], [ -51.453354, -23.891159 ], [ -51.459433, -23.892955 ], [ -51.455626, -23.883732 ], [ -51.458828, -23.882771 ], [ -51.485328, -23.923225 ] ] ] } },
{ "type": "Feature", "properties": { "HREG_ID": "41017", "HREG_NAME": "17ª RS Londrina", "id": "410080", "name": "Alvorada do Sul", "description": "Alvorada do Sul", "MUN_ID": "410080", "UF": "PR", "MACRO_ID": "4105", "MACRO_NAME": "Macrorregião Norte" }, "geometry": { "type": "Polygon", "coordinates": [ [ [ -51.315523, -23.383414 ], [ -51.315231, -23.389339 ], [ -51.318622, -23.386348 ], [ -51.330767, -23.391994 ], [ -51.344833, -23.388655 ], [ -51.359403, -23.394462 ], [ -51.363308, -23.394056 ], [ -51.36799, -23.38264 ], [ -51.375833, -23.374721 ], [ -51.392122, -23.366581 ], [ -51.395895, -23.359611 ], [ -51.39727, -23.359351 ], [ -51.407092, -23.357495 ], [ -51.419664, -23.355118 ], [ -51.43667, -23.36389 ], [ -51.440589, -23.363143 ], [ -51.453905, -23.382791 ], [ -51.474996, -23.360168 ], [ -51.484616, -23.355769 ], [ -51.500102, -23.34221 ], [ -51.505386, -23.339783 ], [ -51.500079, -23.328761 ], [ -51.513436, -23.314605 ], [ -51.510468, -23.306466 ], [ -51.530192, -23.265626 ], [ -51.537663, -23.262777 ], [ -51.550435, -23.274598 ], [ -51.561129, -23.27739 ], [ -51.572082, -23.27387 ], [ -51.582075, -23.288227 ], [ -51.590552, -23.282961 ], [ -51.591113, -23.282508 ], [ -51.603794, -23.268752 ], [ -51.611103, -23.243695 ], [ -51.622299, -23.231401 ], [ -51.619054, -23.221659 ], [ -51.614652, -23.218982 ], [ -51.613861, -23.193011 ], [ -51.613743, -23.180949 ], [ -51.608517, -23.168528 ], [ -51.609688, -23.152425 ], [ -51.604601, -23.150841 ], [ -51.596793, -23.128122 ], [ -51.592494, -23.130114 ], [ -51.589515, -23.122138 ], [ -51.594463, -23.115707 ], [ -51.604081, -23.115149 ], [ -51.605347, -23.109185 ], [ -51.610108, -23.106694 ], [ -51.628411, -23.106833 ], [ -51.634191, -23.096245 ], [ -51.638075, -23.096818 ], [ -51.635907, -23.093535 ], [ -51.646578, -23.092314 ], [ -51.650593, -23.084635 ], [ -51.663441, -23.089838 ], [ -51.671811, -23.086403 ], [ -51.680493, -23.071759 ], [ -51.690628, -23.074725 ], [ -51.694802, -23.06837 ], [ -51.698134, -23.069817 ], [ -51.701302, -23.0648 ], [ -51.712631, -23.060859 ], [ -51.711412, -23.058594 ], [ -51.71691, -23.054294 ], [ -51.724745, -23.052024 ], [ -51.727906, -23.056176 ], [ -51.733302, -23.053925 ], [ -51.7295, -23.049655 ], [ -51.737017, -23.051218 ], [ -51.738912, -23.045747 ], [ -51.744184, -23.046751 ], [ -51.74563, -23.039662 ], [ -51.748885, -23.038687 ], [ -51.752573, -23.034588 ], [ -51.749888, -23.027646 ], [ -51.750352, -23.023581 ], [ -51.752842, -23.026041 ], [ -51.757975, -23.023333 ], [ -51.757068, -23.01698 ], [ -51.768902, -23.013297 ], [ -51.77237, -23.01742 ], [ -51.777234, -23.012936 ], [ -51.785211, -23.017903 ], [ -51.787528, -23.009355 ], [ -51.794161, -23.005281 ], [ -51.78479, -22.989974 ], [ -51.766844, -22.97764 ], [ -51.759557, -22.968168 ], [ -51.753902, -22.943951 ], [ -51.717086, -22.931003 ], [ -51.716228, -22.925549 ], [ -51.720004, -22.923124 ], [ -51.721169, -22.911056 ], [ -51.729053, -22.906831 ], [ -51.729809, -22.903094 ], [ -51.721441, -22.89372 ], [ -51.724846, -22.890442 ], [ -51.747848, -22.875418 ], [ -51.751066, -22.864328 ], [ -51.763229, -22.848644 ], [ -51.770215, -22.847576 ], [ -51.782539, -22.838277 ], [ -51.787902, -22.840095 ], [ -51.792448, -22.840234 ], [ -51.799722, -22.830544 ], [ -51.758672, -22.829989 ], [ -51.765561, -22.797626 ], [ -51.771041, -22.773952 ], [ -51.759081, -22.766026 ], [ -51.758969, -22.738874 ], [ -51.739939, -22.724182 ], [ -51.734359, -22.723292 ], [ -51.724602, -22.700591 ], [ -51.717683, -22.66855 ], [ -51.69868, -22.668898 ], [ -51.680602, -22.660268 ], [ -51.66186, -22.656773 ], [ -51.629971, -22.657382 ], [ -51.627389, -22.657771 ], [ -51.615352, -22.662122 ], [ -51.590989, -22.684727 ], [ -51.581189, -22.688018 ], [ -51.572347, -22.691108 ], [ -51.55908, -22.696708 ], [ -51.5483, -22.69208 ], [ -51.537142, -22.687529 ], [ -51.525252, -22.686326 ], [ -51.516724, -22.689493 ], [ -51.498413, -22.690058 ], [ -51.471415, -22.676715 ], [ -51.452608, -22.655279 ], [ -51.445742, -22.652436 ], [ -51.424237, -22.653039 ], [ -51.410779, -22.663247 ], [ -51.401528, -22.667434 ], [ -51.385615, -22.664902 ], [ -51.373161, -22.657661 ], [ -51.359132, -22.660747 ], [ -51.344185, -22.664152 ], [ -51.332556, -22.666609 ], [ -51.311352, -22.673068 ], [ -51.297715, -22.673035 ], [ -51.28094, -22.666005 ], [ -51.264713, -22.667225 ], [ -51.242394, -22.689104 ], [ -51.235145, -22.70802 ], [ -51.234046, -22.709273 ], [ -51.215438, -22.722152 ], [ -51.213251, -22.723195 ], [ -51.18653, -22.72942 ], [ -51.179418, -22.734409 ], [ -51.175478, -22.738334 ], [ -51.156182, -22.752056 ], [ -51.10277, -22.762331 ], [ -51.057129, -22.765584 ], [ -51.008333, -22.792457 ], [ -51.003892, -22.793236 ], [ -51.007235, -22.806671 ], [ -51.003725, -22.821368 ], [ -50.998414, -22.821535 ], [ -50.985177, -22.812681 ], [ -50.976446, -22.818025 ], [ -50.981125, -22.832724 ], [ -50.996253, -22.847927 ], [ -50.995859, -22.852926 ], [ -50.991261, -22.856345 ], [ -50.984994, -22.856945 ], [ -50.964465, -22.845918 ], [ -50.95807, -22.848589 ], [ -50.950951, -22.861449 ], [ -50.936357, -22.873636 ], [ -50.93194, -22.881986 ], [ -50.932825, -22.908378 ], [ -50.94904, -22.927607 ], [ -50.979, -22.936658 ], [ -50.982376, -22.957058 ], [ -50.977934, -22.962817 ], [ -50.972792, -22.963641 ], [ -50.948979, -22.966268 ], [ -50.944449, -22.973344 ], [ -50.945868, -22.981406 ], [ -50.954028, -23.00824 ], [ -50.953226, -23.014659 ], [ -50.943894, -23.023049 ], [ -50.940782, -23.030949 ], [ -50.947177, -23.03918 ], [ -50.95514, -23.042738 ], [ -50.965657, -23.045441 ], [ -50.983164, -23.041328 ], [ -50.987334, -23.043203 ], [ -50.984584, -23.063054 ], [ -50.977293, -23.071447 ], [ -50.979158, -23.089058 ], [ -50.976668, -23.094325 ], [ -50.947873, -23.105905 ], [ -50.948285, -23.109443 ], [ -50.961793, -23.113855 ], [ -50.971193, -23.129003 ], [ -50.992921, -23.139377 ], [ -50.989283, -23.147829 ], [ -50.981624, -23.147914 ], [ -50.966251, -23.138936 ], [ -50.960927, -23.141724 ], [ -50.959064, -23.147417 ], [ -50.919888, -23.147029 ], [ -50.902796, -23.146856 ], [ -50.901296, -23.214862 ], [ -50.900941, -23.230921 ], [ -50.900521, -23.249883 ], [ -50.899807, -23.282054 ], [ -50.89491, -23.282022 ], [ -50.8649, -23.281828 ], [ -50.864683, -23.281827 ], [ -50.84514, -23.282459 ], [ -50.829706, -23.282681 ], [ -50.820031, -23.28735 ], [ -50.801559, -23.304695 ], [ -50.792914, -23.301575 ], [ -50.790251, -23.295749 ], [ -50.778692, -23.293298 ], [ -50.778901, -23.287512 ], [ -50.774389, -23.290526 ], [ -50.767376, -23.287309 ], [ -50.761754, -23.287679 ], [ -50.751762, -23.288336 ], [ -50.760251, -23.292384 ], [ -50.756255, -23.296249 ], [ -50.754919, -23.307643 ], [ -50.757932, -23.317119 ], [ -50.755284, -23.325448 ], [ -50.763295, -23.329737 ], [ -50.757573, -23.339093 ], [ -50.766792, -23.346881 ], [ -50.778245, -23.3844 ], [ -50.799193, -23.387931 ], [ -50.804965, -23.40029 ], [ -50.801083, -23.40659 ], [ -50.805443, -23.42639 ], [ -50.794374, -23.431686 ], [ -50.785011, -23.4434 ], [ -50.784735, -23.461397 ], [ -50.789562, -23.469479 ], [ -50.785031, -23.480387 ], [ -50.788097, -23.486144 ], [ -50.795514, -23.491998 ], [ -50.803086, -23.493437 ], [ -50.811341, -23.486108 ], [ -50.816495, -23.495244 ], [ -50.823159, -23.49906 ], [ -50.81842, -23.506833 ], [ -50.834439, -23.505008 ], [ -50.83696, -23.510981 ], [ -50.841394, -23.511951 ], [ -50.839518, -23.51746 ], [ -50.85513, -23.519658 ], [ -50.85519, -23.531599 ], [ -50.862709, -23.527581 ], [ -50.872787, -23.529569 ], [ -50.876307, -23.526781 ], [ -50.873514, -23.53657 ], [ -50.877582, -23.540075 ], [ -50.883375, -23.535835 ], [ -50.882554, -23.543114 ], [ -50.88555, -23.547148 ], [ -50.891738, -23.545964 ], [ -50.894299, -23.537897 ], [ -50.899048, -23.5359 ], [ -50.901657, -23.554458 ], [ -50.907879, -23.547792 ], [ -50.914822, -23.547018 ], [ -50.912132, -23.538891 ], [ -50.904851, -23.538718 ], [ -50.90663, -23.53502 ], [ -50.919652, -23.531824 ], [ -50.926654, -23.543317 ], [ -50.930939, -23.541409 ], [ -50.923797, -23.519628 ], [ -50.947926, -23.519264 ], [ -50.952436, -23.540058 ], [ -50.939664, -23.547367 ], [ -50.929885, -23.564835 ], [ -50.935019, -23.58401 ], [ -50.939475, -23.587172 ], [ -50.948391, -23.584924 ], [ -50.951563, -23.587569 ], [ -50.945356, -23.605593 ], [ -50.930804, -23.608872 ], [ -50.931568, -23.622708 ], [ -50.92522, -23.628755 ], [ -50.921593, -23.651744 ], [ -50.918428, -23.655868 ], [ -50.919796, -23.66413 ], [ -50.909323, -23.674283 ], [ -50.885561, -23.674941 ], [ -50.878864, -23.679955 ], [ -50.876962, -23.695686 ], [ -50.880997, -23.696701 ], [ -50.889743, -23.700597 ], [ -50.897723, -23.699496 ], [ -50.91491, -23.713893 ], [ -50.912721, -23.726149 ], [ -50.904137, -23.728041 ], [ -50.893617, -23.74318 ], [ -50.891307, -23.752204 ], [ -50.881623, -23.756267 ], [ -50.875088, -23.766528 ], [ -50.898866, -23.776618 ], [ -50.898574, -23.795083 ], [ -50.909208, -23.804399 ], [ -50.908905, -23.811483 ], [ -50.903819, -23.817343 ], [ -50.921462, -23.82052 ], [ -50.936714, -23.818568 ], [ -50.93949, -23.829071 ], [ -50.933522, -23.829032 ], [ -50.931018, -23.835305 ], [ -50.937517, -23.836565 ], [ -50.939854, -23.841128 ], [ -50.946855, -23.839002 ], [ -50.943022, -23.84763 ], [ -50.943906, -23.852123 ], [ -50.948419, -23.852213 ], [ -50.95888, -23.847972 ], [ -50.962877, -23.852623 ], [ -50.957019, -23.859455 ], [ -50.968125, -23.863272 ], [ -50.95588, -23.871285 ], [ -50.963101, -23.883254 ], [ -50.961433, -23.885755 ], [ -50.949493, -23.884781 ], [ -50.950472, -23.88736 ], [ -50.957051, -23.88667 ], [ -50.95224, -23.894126 ], [ -50.958404, -23.894725 ], [ -50.95757, -23.898885 ], [ -50.960687, -23.899605 ], [ -50.964128, -23.894829 ], [ -50.966432, -23.896689 ], [ -50.971408, -23.893908 ], [ -50.972731, -23.887716 ], [ -50.974898, -23.893263 ], [ -50.979395, -23.894812 ], [ -50.981124, -23.894659 ], [ -50.979912, -23.89866 ], [ -50.979318, -23.902247 ], [ -50.990044, -23.90141 ], [ -50.993993, -23.906033 ], [ -50.99999, -23.900712 ], [ -50.999987, -23.912364 ], [ -51.01602, -23.918197 ], [ -51.019451, -23.916113 ], [ -51.026042, -23.910886 ], [ -51.023996, -23.906355 ], [ -51.04153, -23.905536 ], [ -51.050661, -23.913886 ], [ -51.069265, -23.916049 ], [ -51.071355, -23.913524 ], [ -51.066497, -23.909029 ], [ -51.08141, -23.905479 ], [ -51.090494, -23.904302 ], [ -51.09799, -23.913332 ], [ -51.101187, -23.908801 ], [ -51.109301, -23.914094 ], [ -51.110522, -23.909881 ], [ -51.112634, -23.917099 ], [ -51.120548, -23.920738 ], [ -51.123378, -23.925971 ], [ -51.135708, -23.921051 ], [ -51.144299, -23.927119 ], [ -51.150113, -23.924434 ], [ -51.159995, -23.929119 ], [ -51.167147, -23.924287 ], [ -51.17056, -23.926352 ], [ -51.173353, -23.923528 ], [ -51.169995, -23.919389 ], [ -51.172073, -23.911743 ], [ -51.167527, -23.900033 ], [ -51.168607, -23.893074 ], [ -51.178706, -23.88651 ], [ -51.176881, -23.879866 ], [ -51.183488, -23.870923 ], [ -51.177788, -23.860415 ], [ -51.189936, -23.853338 ], [ -51.17657, -23.847977 ], [ -51.177968, -23.839056 ], [ -51.189314, -23.826578 ], [ -51.185517, -23.814707 ], [ -51.174605, -23.809811 ], [ -51.170703, -23.795553 ], [ -51.157607, -23.791364 ], [ -51.145379, -23.765897 ], [ -51.152068, -23.761918 ], [ -51.15326, -23.768452 ], [ -51.160865, -23.772702 ], [ -51.159186, -23.777258 ], [ -51.165749, -23.779529 ], [ -51.174779, -23.775593 ], [ -51.177417, -23.767537 ], [ -51.181249, -23.763239 ], [ -51.196592, -23.764639 ], [ -51.231621, -23.741512 ], [ -51.231754, -23.741424 ], [ -51.241582, -23.7355 ], [ -51.241757, -23.722454 ], [ -51.234803, -23.706228 ], [ -51.225604, -23.708569 ], [ -51.218306, -23.699067 ], [ -51.221616, -23.694667 ], [ -51.215517, -23.692379 ], [ -51.219348, -23.683634 ], [ -51.218342, -23.677712 ], [ -51.212732, -23.677422 ], [ -51.214903, -23.668948 ], [ -51.208981, -23.66267 ], [ -51.214043, -23.658281 ], [ -51.207592, -23.655919 ], [ -51.210212, -23.648454 ], [ -51.206272, -23.647004 ], [ -51.209307, -23.643239 ], [ -51.212263, -23.631669 ], [ -51.209129, -23.630995 ], [ -51.213252, -23.621784 ], [ -51.210587, -23.613383 ], [ -51.215614, -23.609134 ], [ -51.207981, -23.609243 ], [ -51.204771, -23.613016 ], [ -51.2, -23.610129 ], [ -51.202083, -23.601727 ], [ -51.197259, -23.596881 ], [ -51.203001, -23.594362 ], [ -51.201117, -23.591348 ], [ -51.204961, -23.588402 ], [ -51.219241, -23.586956 ], [ -51.22075, -23.58105 ], [ -51.21449, -23.579524 ], [ -51.216401, -23.576386 ], [ -51.213756, -23.573653 ], [ -51.21791, -23.569275 ], [ -51.220266, -23.572209 ], [ -51.225688, -23.569764 ], [ -51.218513, -23.563101 ], [ -51.223213, -23.561661 ], [ -51.22234, -23.55806 ], [ -51.226748, -23.555216 ], [ -51.235244, -23.553936 ], [ -51.240674, -23.556731 ], [ -51.240294, -23.566307 ], [ -51.251514, -23.558697 ], [ -51.254435, -23.560029 ], [ -51.254534, -23.567755 ], [ -51.260337, -23.562287 ], [ -51.268537, -23.559054 ], [ -51.269325, -23.567467 ], [ -51.275183, -23.56882 ], [ -51.274216, -23.56535 ], [ -51.280514, -23.563985 ], [ -51.284142, -23.558004 ], [ -51.292588, -23.564643 ], [ -51.295266, -23.562664 ], [ -51.290417, -23.558712 ], [ -51.296847, -23.547501 ], [ -51.300235, -23.548262 ], [ -51.300828, -23.547259 ], [ -51.306668, -23.492654 ], [ -51.310509, -23.466517 ], [ -51.310323, -23.462504 ], [ -51.316642, -23.459822 ], [ -51.321072, -23.431303 ], [ -51.31599, -23.429434 ], [ -51.318983, -23.415164 ], [ -51.309685, -23.383062 ], [ -51.309696, -23.382943 ], [ -51.315523, -23.383414 ] ] ] } },
{ "type": "Feature", "properties": { "HREG_ID": "41018", "HREG_NAME": "18ª RS Cornélio Procópio", "id": "410010", "name": "Abatiá", "description": "Abatiá", "MUN_ID": "410010", "UF": "PR", "MACRO_ID": "4105", "MACRO_NAME": "Macrorregião Norte" }, "geometry": { "type": "Polygon", "coordinates": [ [ [ -50.904851, -23.538718 ], [ -50.912132, -23.538891 ], [ -50.914822, -23.547018 ], [ -50.907879, -23.547792 ], [ -50.901657, -23.554458 ], [ -50.899048, -23.5359 ], [ -50.894299, -23.537897 ], [ -50.891738, -23.545964 ], [ -50.88555, -23.547148 ], [ -50.882554, -23.543114 ], [ -50.883375, -23.535835 ], [ -50.877582, -23.540075 ], [ -50.873514, -23.53657 ], [ -50.876307, -23.526781 ], [ -50.872787, -23.529569 ], [ -50.862709, -23.527581 ], [ -50.85519, -23.531599 ], [ -50.85513, -23.519658 ], [ -50.839518, -23.51746 ], [ -50.841394, -23.511951 ], [ -50.83696, -23.510981 ], [ -50.834439, -23.505008 ], [ -50.81842, -23.506833 ], [ -50.823159, -23.49906 ], [ -50.816495, -23.495244 ], [ -50.811341, -23.486108 ], [ -50.803086, -23.493437 ], [ -50.795514, -23.491998 ], [ -50.788097, -23.486144 ], [ -50.785031, -23.480387 ], [ -50.789562, -23.469479 ], [ -50.784735, -23.461397 ], [ -50.785011, -23.4434 ], [ -50.794374, -23.431686 ], [ -50.805443, -23.42639 ], [ -50.801083, -23.40659 ], [ -50.804965, -23.40029 ], [ -50.799193, -23.387931 ], [ -50.778245, -23.3844 ], [ -50.766792, -23.346881 ], [ -50.757573, -23.339093 ], [ -50.763295, -23.329737 ], [ -50.755284, -23.325448 ], [ -50.757932, -23.317119 ], [ -50.754919, -23.307643 ], [ -50.756255, -23.296249 ], [ -50.760251, -23.292384 ], [ -50.751762, -23.288336 ], [ -50.761754, -23.287679 ], [ -50.767376, -23.287309 ], [ -50.774389, -23.290526 ], [ -50.778901, -23.287512 ], [ -50.778692, -23.293298 ], [ -50.790251, -23.295749 ], [ -50.792914, -23.301575 ], [ -50.801559, -23.304695 ], [ -50.820031, -23.28735 ], [ -50.829706, -23.282681 ], [ -50.84514, -23.282459 ], [ -50.864683, -23.281827 ], [ -50.8649, -23.281828 ], [ -50.89491, -23.282022 ], [ -50.899807, -23.282054 ], [ -50.900521, -23.249883 ], [ -50.900941, -23.230921 ], [ -50.901296, -23.214862 ], [ -50.902796, -23.146856 ], [ -50.919888, -23.147029 ], [ -50.959064, -23.147417 ], [ -50.960927, -23.141724 ], [ -50.966251, -23.138936 ], [ -50.981624, -23.147914 ], [ -50.989283, -23.147829 ], [ -50.992921, -23.139377 ], [ -50.971193, -23.129003 ], [ -50.961793, -23.113855 ], [ -50.948285, -23.109443 ], [ -50.947873, -23.105905 ], [ -50.976668, -23.094325 ], [ -50.979158, -23.089058 ], [ -50.977293, -23.071447 ], [ -50.984584, -23.063054 ], [ -50.987334, -23.043203 ], [ -50.983164, -23.041328 ], [ -50.965657, -23.045441 ], [ -50.95514, -23.042738 ], [ -50.947177, -23.03918 ], [ -50.940782, -23.030949 ], [ -50.943894, -23.023049 ], [ -50.953226, -23.014659 ], [ -50.954028, -23.00824 ], [ -50.945868, -22.981406 ], [ -50.944449, -22.973344 ], [ -50.948979, -22.966268 ], [ -50.972792, -22.963641 ], [ -50.977934, -22.962817 ], [ -50.982376, -22.957058 ], [ -50.979, -22.936658 ], [ -50.94904, -22.927607 ], [ -50.932825, -22.908378 ], [ -50.93194, -22.881986 ], [ -50.936357, -22.873636 ], [ -50.950951, -22.861449 ], [ -50.95807, -22.848589 ], [ -50.964465, -22.845918 ], [ -50.984994, -22.856945 ], [ -50.991261, -22.856345 ], [ -50.995859, -22.852926 ], [ -50.996253, -22.847927 ], [ -50.981125, -22.832724 ], [ -50.976446, -22.818025 ], [ -50.985177, -22.812681 ], [ -50.998414, -22.821535 ], [ -51.003725, -22.821368 ], [ -51.007235, -22.806671 ], [ -51.003892, -22.793236 ], [ -50.9941, -22.791676 ], [ -50.978193, -22.782136 ], [ -50.96113, -22.785755 ], [ -50.945151, -22.803459 ], [ -50.936862, -22.804326 ], [ -50.927207, -22.797277 ], [ -50.894849, -22.793826 ], [ -50.888234, -22.796058 ], [ -50.841903, -22.830924 ], [ -50.832436, -22.858695 ], [ -50.823139, -22.865664 ], [ -50.816529, -22.879067 ], [ -50.795717, -22.889455 ], [ -50.792467, -22.893879 ], [ -50.792654, -22.904643 ], [ -50.805662, -22.939825 ], [ -50.795451, -22.950705 ], [ -50.777463, -22.945849 ], [ -50.758178, -22.947179 ], [ -50.749846, -22.951024 ], [ -50.740133, -22.962035 ], [ -50.729043, -22.962024 ], [ -50.709355, -22.952967 ], [ -50.683666, -22.91058 ], [ -50.674903, -22.899202 ], [ -50.656941, -22.895263 ], [ -50.648023, -22.89661 ], [ -50.636814, -22.906462 ], [ -50.619832, -22.911685 ], [ -50.608041, -22.923679 ], [ -50.591446, -22.912678 ], [ -50.57676, -22.903532 ], [ -50.553917, -22.911174 ], [ -50.541163, -22.911539 ], [ -50.529528, -22.918674 ], [ -50.526291, -22.934347 ], [ -50.512744, -22.943053 ], [ -50.505597, -22.944902 ], [ -50.485128, -22.936397 ], [ -50.458943, -22.944726 ], [ -50.447871, -22.941052 ], [ -50.431184, -22.945805 ], [ -50.425231, -22.943709 ], [ -50.418461, -22.933607 ], [ -50.4195, -22.915226 ], [ -50.415945, -22.912296 ], [ -50.395563, -22.906838 ], [ -50.386403, -22.907244 ], [ -50.378594, -22.90493 ], [ -50.358769, -22.915583 ], [ -50.35857, -22.92204 ], [ -50.344933, -22.934098 ], [ -50.339706, -22.947597 ], [ -50.318015, -22.950206 ], [ -50.30571, -22.945736 ], [ -50.299966, -22.937461 ], [ -50.289516, -22.937255 ], [ -50.272908, -22.930525 ], [ -50.254209, -22.936401 ], [ -50.251366, -22.936771 ], [ -50.246127, -22.938002 ], [ -50.243683, -22.949074 ], [ -50.237057, -22.953669 ], [ -50.227052, -22.952998 ], [ -50.216402, -22.947423 ], [ -50.203412, -22.95231 ], [ -50.199324, -22.963868 ], [ -50.197751, -22.972847 ], [ -50.195397, -22.986692 ], [ -50.194483, -22.998347 ], [ -50.198309, -23.00012 ], [ -50.20932, -23.028365 ], [ -50.196959, -23.04819 ], [ -50.174685, -23.063337 ], [ -50.173211, -23.073972 ], [ -50.169725, -23.076909 ], [ -50.184528, -23.076559 ], [ -50.193946, -23.078878 ], [ -50.196057, -23.080207 ], [ -50.207798, -23.078398 ], [ -50.21564, -23.07095 ], [ -50.230904, -23.07502 ], [ -50.24004, -23.071659 ], [ -50.246696, -23.073727 ], [ -50.253855, -23.092224 ], [ -50.249632, -23.100672 ], [ -50.23693, -23.100664 ], [ -50.233994, -23.104072 ], [ -50.234846, -23.114298 ], [ -50.244099, -23.127441 ], [ -50.240143, -23.134997 ], [ -50.234936, -23.141991 ], [ -50.227486, -23.143064 ], [ -50.223327, -23.151637 ], [ -50.219051, -23.151949 ], [ -50.229032, -23.159203 ], [ -50.226698, -23.162517 ], [ -50.214569, -23.163522 ], [ -50.208965, -23.187171 ], [ -50.216312, -23.194139 ], [ -50.228234, -23.186159 ], [ -50.241496, -23.19138 ], [ -50.240946, -23.196703 ], [ -50.23567, -23.200554 ], [ -50.221691, -23.196872 ], [ -50.214009, -23.201348 ], [ -50.212746, -23.206041 ], [ -50.217506, -23.212986 ], [ -50.223492, -23.21569 ], [ -50.23857, -23.211276 ], [ -50.224458, -23.223951 ], [ -50.227774, -23.233362 ], [ -50.224343, -23.236951 ], [ -50.214598, -23.238177 ], [ -50.208375, -23.232174 ], [ -50.203874, -23.232501 ], [ -50.203102, -23.250388 ], [ -50.212624, -23.258789 ], [ -50.202426, -23.267149 ], [ -50.200249, -23.273586 ], [ -50.190987, -23.283221 ], [ -50.205617, -23.286449 ], [ -50.199413, -23.293409 ], [ -50.203917, -23.296487 ], [ -50.201625, -23.298259 ], [ -50.204186, -23.303403 ], [ -50.212614, -23.300239 ], [ -50.221591, -23.305673 ], [ -50.211819, -23.315727 ], [ -50.218677, -23.320765 ], [ -50.218411, -23.326395 ], [ -50.213851, -23.332537 ], [ -50.216318, -23.337006 ], [ -50.213525, -23.343475 ], [ -50.219874, -23.346358 ], [ -50.21951, -23.349846 ], [ -50.230321, -23.34928 ], [ -50.23428, -23.356248 ], [ -50.25815, -23.354053 ], [ -50.272466, -23.357619 ], [ -50.283039, -23.365828 ], [ -50.289654, -23.364819 ], [ -50.298313, -23.369964 ], [ -50.303695, -23.381934 ], [ -50.298591, -23.386033 ], [ -50.298472, -23.456492 ], [ -50.298307, -23.482647 ], [ -50.298075, -23.519033 ], [ -50.297635, -23.587856 ], [ -50.361533, -23.594709 ], [ -50.387069, -23.597441 ], [ -50.387717, -23.605976 ], [ -50.391876, -23.603297 ], [ -50.393712, -23.610661 ], [ -50.39987, -23.613995 ], [ -50.392883, -23.618918 ], [ -50.394199, -23.621332 ], [ -50.409225, -23.617548 ], [ -50.401587, -23.628331 ], [ -50.406507, -23.631838 ], [ -50.410535, -23.621643 ], [ -50.418507, -23.619073 ], [ -50.419403, -23.622651 ], [ -50.413444, -23.629569 ], [ -50.415537, -23.634795 ], [ -50.428895, -23.623909 ], [ -50.430132, -23.635019 ], [ -50.440124, -23.635764 ], [ -50.43315, -23.637402 ], [ -50.432553, -23.641185 ], [ -50.435438, -23.645572 ], [ -50.431822, -23.647147 ], [ -50.431465, -23.65307 ], [ -50.440689, -23.659145 ], [ -50.429428, -23.663767 ], [ -50.435049, -23.668394 ], [ -50.436685, -23.673714 ], [ -50.418989, -23.679096 ], [ -50.418782, -23.697924 ], [ -50.426991, -23.69912 ], [ -50.418161, -23.70704 ], [ -50.423755, -23.708532 ], [ -50.422112, -23.714127 ], [ -50.428852, -23.719637 ], [ -50.428032, -23.727109 ], [ -50.442441, -23.725135 ], [ -50.441205, -23.730337 ], [ -50.433056, -23.735996 ], [ -50.44363, -23.747847 ], [ -50.443794, -23.738731 ], [ -50.449347, -23.740833 ], [ -50.4613, -23.730823 ], [ -50.46582, -23.732195 ], [ -50.46691, -23.73906 ], [ -50.456492, -23.739387 ], [ -50.457489, -23.748911 ], [ -50.462948, -23.743863 ], [ -50.467129, -23.746613 ], [ -50.466324, -23.750278 ], [ -50.470986, -23.747601 ], [ -50.474759, -23.749781 ], [ -50.473844, -23.753223 ], [ -50.449307, -23.755629 ], [ -50.442974, -23.759507 ], [ -50.438702, -23.769272 ], [ -50.432121, -23.768824 ], [ -50.432182, -23.775191 ], [ -50.428058, -23.77184 ], [ -50.424383, -23.773679 ], [ -50.417861, -23.786455 ], [ -50.425763, -23.791945 ], [ -50.429573, -23.799611 ], [ -50.426774, -23.80586 ], [ -50.430457, -23.808739 ], [ -50.429274, -23.813606 ], [ -50.423742, -23.817632 ], [ -50.428514, -23.823633 ], [ -50.42272, -23.833296 ], [ -50.436909, -23.846793 ], [ -50.43625, -23.840631 ], [ -50.443645, -23.839903 ], [ -50.446396, -23.844811 ], [ -50.441699, -23.848868 ], [ -50.446163, -23.852289 ], [ -50.450429, -23.857049 ], [ -50.463966, -23.856041 ], [ -50.46643, -23.851508 ], [ -50.467691, -23.856985 ], [ -50.471623, -23.857575 ], [ -50.46982, -23.861068 ], [ -50.469465, -23.867364 ], [ -50.47884, -23.879399 ], [ -50.470351, -23.884555 ], [ -50.471161, -23.890527 ], [ -50.47657, -23.895415 ], [ -50.481521, -23.894706 ], [ -50.476281, -23.91855 ], [ -50.480013, -23.92418 ], [ -50.484412, -23.931165 ], [ -50.480864, -23.942291 ], [ -50.482767, -23.951058 ], [ -50.537267, -23.923441 ], [ -50.534072, -23.933594 ], [ -50.545572, -23.9475 ], [ -50.544964, -23.952811 ], [ -50.546767, -23.960142 ], [ -50.553626, -23.963505 ], [ -50.565127, -23.964214 ], [ -50.570377, -23.969986 ], [ -50.577679, -23.967787 ], [ -50.582682, -23.977096 ], [ -50.578979, -23.983211 ], [ -50.582466, -23.981547 ], [ -50.588151, -23.984719 ], [ -50.58949, -23.989899 ], [ -50.594711, -23.990584 ], [ -50.601264, -23.985868 ], [ -50.607545, -23.993717 ], [ -50.610178, -23.983702 ], [ -50.613073, -23.990232 ], [ -50.620041, -23.985805 ], [ -50.621938, -23.989332 ], [ -50.627356, -23.987697 ], [ -50.629961, -23.992415 ], [ -50.645899, -23.985495 ], [ -50.648121, -23.987639 ], [ -50.647687, -23.993915 ], [ -50.661741, -23.992918 ], [ -50.671888, -24.003329 ], [ -50.688125, -24.002448 ], [ -50.690211, -24.008861 ], [ -50.697014, -24.002747 ], [ -50.692265, -24.010801 ], [ -50.694244, -24.013734 ], [ -50.699928, -24.009873 ], [ -50.700267, -24.013587 ], [ -50.695264, -24.016528 ], [ -50.702346, -24.024415 ], [ -50.718571, -24.029104 ], [ -50.742166, -24.006677 ], [ -50.742561, -24.0011 ], [ -50.734211, -23.9852 ], [ -50.756992, -23.975606 ], [ -50.761875, -23.967386 ], [ -50.744209, -23.96731 ], [ -50.740294, -23.964675 ], [ -50.729853, -23.94028 ], [ -50.731354, -23.935695 ], [ -50.735873, -23.93524 ], [ -50.744655, -23.933505 ], [ -50.754958, -23.922205 ], [ -50.771244, -23.919238 ], [ -50.779021, -23.908685 ], [ -50.786652, -23.905092 ], [ -50.789853, -23.888202 ], [ -50.804434, -23.875932 ], [ -50.818324, -23.876968 ], [ -50.845801, -23.894049 ], [ -50.847234, -23.879155 ], [ -50.859603, -23.865546 ], [ -50.868387, -23.863203 ], [ -50.876381, -23.858077 ], [ -50.881214, -23.847999 ], [ -50.895295, -23.839713 ], [ -50.893882, -23.832686 ], [ -50.885622, -23.822939 ], [ -50.884828, -23.808293 ], [ -50.898574, -23.795083 ], [ -50.898866, -23.776618 ], [ -50.875088, -23.766528 ], [ -50.881623, -23.756267 ], [ -50.891307, -23.752204 ], [ -50.893617, -23.74318 ], [ -50.904137, -23.728041 ], [ -50.912721, -23.726149 ], [ -50.91491, -23.713893 ], [ -50.897723, -23.699496 ], [ -50.889743, -23.700597 ], [ -50.880997, -23.696701 ], [ -50.876962, -23.695686 ], [ -50.878864, -23.679955 ], [ -50.885561, -23.674941 ], [ -50.909323, -23.674283 ], [ -50.919796, -23.66413 ], [ -50.918428, -23.655868 ], [ -50.921593, -23.651744 ], [ -50.92522, -23.628755 ], [ -50.931568, -23.622708 ], [ -50.930804, -23.608872 ], [ -50.945356, -23.605593 ], [ -50.951563, -23.587569 ], [ -50.948391, -23.584924 ], [ -50.939475, -23.587172 ], [ -50.935019, -23.58401 ], [ -50.929885, -23.564835 ], [ -50.939664, -23.547367 ], [ -50.952436, -23.540058 ], [ -50.947926, -23.519264 ], [ -50.923797, -23.519628 ], [ -50.930939, -23.541409 ], [ -50.926654, -23.543317 ], [ -50.919652, -23.531824 ], [ -50.90663, -23.53502 ], [ -50.904851, -23.538718 ] ] ] } },
{ "type": "Feature", "properties": { "HREG_ID": "41019", "HREG_NAME": "19ª RS Jacarezinho", "id": "410270", "name": "Barra do Jacaré", "description": "Barra do Jacaré", "MUN_ID": "410270", "UF": "PR", "MACRO_ID": "4105", "MACRO_NAME": "Macrorregião Norte" }, "geometry": { "type": "Polygon", "coordinates": [ [ [ -49.965168, -23.901463 ], [ -49.963208, -23.907354 ], [ -49.971543, -23.906595 ], [ -49.968363, -23.91974 ], [ -49.97309, -23.919924 ], [ -49.980669, -23.927622 ], [ -49.974764, -23.927552 ], [ -49.964745, -23.936248 ], [ -49.973638, -23.939498 ], [ -49.964284, -23.946995 ], [ -49.972146, -23.948101 ], [ -49.97005, -23.960554 ], [ -49.976694, -23.962888 ], [ -49.971112, -23.966976 ], [ -49.978475, -23.969236 ], [ -49.984877, -23.969689 ], [ -49.992903, -23.975721 ], [ -49.996073, -23.972042 ], [ -49.998779, -23.975218 ], [ -50.004867, -23.971178 ], [ -50.008358, -23.974723 ], [ -50.006139, -23.980248 ], [ -50.010516, -23.983497 ], [ -50.017033, -23.978934 ], [ -50.022033, -23.986372 ], [ -50.025044, -23.984162 ], [ -50.035236, -23.986787 ], [ -50.036625, -23.991551 ], [ -50.041065, -23.989856 ], [ -50.044707, -23.98528 ], [ -50.047771, -23.989394 ], [ -50.048783, -23.982928 ], [ -50.052112, -23.982015 ], [ -50.055472, -23.988028 ], [ -50.057527, -23.984788 ], [ -50.064066, -23.985671 ], [ -50.068362, -23.98043 ], [ -50.070934, -23.977291 ], [ -50.067263, -23.971221 ], [ -50.07236, -23.96421 ], [ -50.07717, -23.968943 ], [ -50.081009, -23.960598 ], [ -50.086531, -23.959397 ], [ -50.096722, -23.962046 ], [ -50.100588, -23.958517 ], [ -50.103728, -23.961123 ], [ -50.109092, -23.958927 ], [ -50.113891, -23.96269 ], [ -50.121232, -23.956108 ], [ -50.13194, -23.954695 ], [ -50.151367, -23.940367 ], [ -50.16122, -23.941605 ], [ -50.162852, -23.94461 ], [ -50.220333, -23.996975 ], [ -50.227567, -23.991797 ], [ -50.222095, -23.988249 ], [ -50.226817, -23.987174 ], [ -50.224067, -23.985076 ], [ -50.229959, -23.979531 ], [ -50.228459, -23.973968 ], [ -50.235627, -23.970924 ], [ -50.237402, -23.964278 ], [ -50.246682, -23.97299 ], [ -50.249155, -23.970461 ], [ -50.252079, -23.977339 ], [ -50.25412, -23.975411 ], [ -50.256502, -23.969851 ], [ -50.246706, -23.962306 ], [ -50.259711, -23.961348 ], [ -50.260104, -23.958246 ], [ -50.266891, -23.963955 ], [ -50.26752, -23.955428 ], [ -50.273986, -23.954724 ], [ -50.28206, -23.961784 ], [ -50.289836, -23.958512 ], [ -50.31163, -23.948964 ], [ -50.318485, -23.947044 ], [ -50.32268, -23.938074 ], [ -50.317959, -23.92917 ], [ -50.324871, -23.925865 ], [ -50.318241, -23.921008 ], [ -50.323734, -23.918606 ], [ -50.320626, -23.911075 ], [ -50.324563, -23.915604 ], [ -50.330344, -23.909296 ], [ -50.340177, -23.916573 ], [ -50.344346, -23.907797 ], [ -50.349318, -23.906653 ], [ -50.34482, -23.896178 ], [ -50.348294, -23.891734 ], [ -50.36146, -23.896896 ], [ -50.359794, -23.905172 ], [ -50.371041, -23.903074 ], [ -50.367122, -23.896066 ], [ -50.375988, -23.896509 ], [ -50.36701, -23.885649 ], [ -50.365407, -23.89101 ], [ -50.362296, -23.890234 ], [ -50.361071, -23.882244 ], [ -50.356987, -23.878811 ], [ -50.370851, -23.870694 ], [ -50.366228, -23.861914 ], [ -50.383134, -23.85877 ], [ -50.382905, -23.8674 ], [ -50.396585, -23.885503 ], [ -50.394393, -23.887921 ], [ -50.398045, -23.891804 ], [ -50.393291, -23.894813 ], [ -50.402486, -23.89907 ], [ -50.396869, -23.906189 ], [ -50.397569, -23.912175 ], [ -50.399797, -23.909966 ], [ -50.401466, -23.913175 ], [ -50.395429, -23.919905 ], [ -50.404876, -23.928457 ], [ -50.406149, -23.934337 ], [ -50.409636, -23.93319 ], [ -50.40961, -23.938502 ], [ -50.415137, -23.940138 ], [ -50.413197, -23.945828 ], [ -50.417721, -23.950444 ], [ -50.428073, -23.958414 ], [ -50.431299, -23.955858 ], [ -50.434729, -23.958475 ], [ -50.439116, -23.952686 ], [ -50.442641, -23.960298 ], [ -50.448508, -23.958738 ], [ -50.463764, -23.959175 ], [ -50.482767, -23.951058 ], [ -50.480864, -23.942291 ], [ -50.484412, -23.931165 ], [ -50.480013, -23.92418 ], [ -50.476281, -23.91855 ], [ -50.481521, -23.894706 ], [ -50.47657, -23.895415 ], [ -50.471161, -23.890527 ], [ -50.470351, -23.884555 ], [ -50.47884, -23.879399 ], [ -50.469465, -23.867364 ], [ -50.46982, -23.861068 ], [ -50.471623, -23.857575 ], [ -50.467691, -23.856985 ], [ -50.46643, -23.851508 ], [ -50.463966, -23.856041 ], [ -50.450429, -23.857049 ], [ -50.446163, -23.852289 ], [ -50.441699, -23.848868 ], [ -50.446396, -23.844811 ], [ -50.443645, -23.839903 ], [ -50.43625, -23.840631 ], [ -50.436909, -23.846793 ], [ -50.42272, -23.833296 ], [ -50.428514, -23.823633 ], [ -50.423742, -23.817632 ], [ -50.429274, -23.813606 ], [ -50.430457, -23.808739 ], [ -50.426774, -23.80586 ], [ -50.429573, -23.799611 ], [ -50.425763, -23.791945 ], [ -50.417861, -23.786455 ], [ -50.424383, -23.773679 ], [ -50.428058, -23.77184 ], [ -50.432182, -23.775191 ], [ -50.432121, -23.768824 ], [ -50.438702, -23.769272 ], [ -50.442974, -23.759507 ], [ -50.449307, -23.755629 ], [ -50.473844, -23.753223 ], [ -50.474759, -23.749781 ], [ -50.470986, -23.747601 ], [ -50.466324, -23.750278 ], [ -50.467129, -23.746613 ], [ -50.462948, -23.743863 ], [ -50.457489, -23.748911 ], [ -50.456492, -23.739387 ], [ -50.46691, -23.73906 ], [ -50.46582, -23.732195 ], [ -50.4613, -23.730823 ], [ -50.449347, -23.740833 ], [ -50.443794, -23.738731 ], [ -50.44363, -23.747847 ], [ -50.433056, -23.735996 ], [ -50.441205, -23.730337 ], [ -50.442441, -23.725135 ], [ -50.428032, -23.727109 ], [ -50.428852, -23.719637 ], [ -50.422112, -23.714127 ], [ -50.423755, -23.708532 ], [ -50.418161, -23.70704 ], [ -50.426991, -23.69912 ], [ -50.418782, -23.697924 ], [ -50.418989, -23.679096 ], [ -50.436685, -23.673714 ], [ -50.435049, -23.668394 ], [ -50.429428, -23.663767 ], [ -50.440689, -23.659145 ], [ -50.431465, -23.65307 ], [ -50.431822, -23.647147 ], [ -50.435438, -23.645572 ], [ -50.432553, -23.641185 ], [ -50.43315, -23.637402 ], [ -50.440124, -23.635764 ], [ -50.430132, -23.635019 ], [ -50.428895, -23.623909 ], [ -50.415537, -23.634795 ], [ -50.413444, -23.629569 ], [ -50.419403, -23.622651 ], [ -50.418507, -23.619073 ], [ -50.410535, -23.621643 ], [ -50.406507, -23.631838 ], [ -50.401587, -23.628331 ], [ -50.409225, -23.617548 ], [ -50.394199, -23.621332 ], [ -50.392883, -23.618918 ], [ -50.39987, -23.613995 ], [ -50.393712, -23.610661 ], [ -50.391876, -23.603297 ], [ -50.387717, -23.605976 ], [ -50.387069, -23.597441 ], [ -50.361533, -23.594709 ], [ -50.297635, -23.587856 ], [ -50.298075, -23.519033 ], [ -50.298307, -23.482647 ], [ -50.298472, -23.456492 ], [ -50.298591, -23.386033 ], [ -50.303695, -23.381934 ], [ -50.298313, -23.369964 ], [ -50.289654, -23.364819 ], [ -50.283039, -23.365828 ], [ -50.272466, -23.357619 ], [ -50.25815, -23.354053 ], [ -50.23428, -23.356248 ], [ -50.230321, -23.34928 ], [ -50.21951, -23.349846 ], [ -50.219874, -23.346358 ], [ -50.213525, -23.343475 ], [ -50.216318, -23.337006 ], [ -50.213851, -23.332537 ], [ -50.218411, -23.326395 ], [ -50.218677, -23.320765 ], [ -50.211819, -23.315727 ], [ -50.221591, -23.305673 ], [ -50.212614, -23.300239 ], [ -50.204186, -23.303403 ], [ -50.201625, -23.298259 ], [ -50.203917, -23.296487 ], [ -50.199413, -23.293409 ], [ -50.205617, -23.286449 ], [ -50.190987, -23.283221 ], [ -50.200249, -23.273586 ], [ -50.202426, -23.267149 ], [ -50.212624, -23.258789 ], [ -50.203102, -23.250388 ], [ -50.203874, -23.232501 ], [ -50.208375, -23.232174 ], [ -50.214598, -23.238177 ], [ -50.224343, -23.236951 ], [ -50.227774, -23.233362 ], [ -50.224458, -23.223951 ], [ -50.23857, -23.211276 ], [ -50.223492, -23.21569 ], [ -50.217506, -23.212986 ], [ -50.212746, -23.206041 ], [ -50.214009, -23.201348 ], [ -50.221691, -23.196872 ], [ -50.23567, -23.200554 ], [ -50.240946, -23.196703 ], [ -50.241496, -23.19138 ], [ -50.228234, -23.186159 ], [ -50.216312, -23.194139 ], [ -50.208965, -23.187171 ], [ -50.214569, -23.163522 ], [ -50.226698, -23.162517 ], [ -50.229032, -23.159203 ], [ -50.219051, -23.151949 ], [ -50.223327, -23.151637 ], [ -50.227486, -23.143064 ], [ -50.234936, -23.141991 ], [ -50.240143, -23.134997 ], [ -50.244099, -23.127441 ], [ -50.234846, -23.114298 ], [ -50.233994, -23.104072 ], [ -50.23693, -23.100664 ], [ -50.249632, -23.100672 ], [ -50.253855, -23.092224 ], [ -50.246696, -23.073727 ], [ -50.24004, -23.071659 ], [ -50.230904, -23.07502 ], [ -50.21564, -23.07095 ], [ -50.207798, -23.078398 ], [ -50.196057, -23.080207 ], [ -50.193946, -23.078878 ], [ -50.184528, -23.076559 ], [ -50.169725, -23.076909 ], [ -50.173211, -23.073972 ], [ -50.174685, -23.063337 ], [ -50.196959, -23.04819 ], [ -50.20932, -23.028365 ], [ -50.198309, -23.00012 ], [ -50.194483, -22.998347 ], [ -50.195397, -22.986692 ], [ -50.197751, -22.972847 ], [ -50.199324, -22.963868 ], [ -50.203412, -22.95231 ], [ -50.191794, -22.951372 ], [ -50.182914, -22.953297 ], [ -50.168205, -22.947657 ], [ -50.150954, -22.934683 ], [ -50.132616, -22.939468 ], [ -50.126651, -22.941286 ], [ -50.112554, -22.937714 ], [ -50.094367, -22.923421 ], [ -50.094237, -22.923331 ], [ -50.08039, -22.921317 ], [ -50.071071, -22.927647 ], [ -50.066992, -22.927039 ], [ -50.058443, -22.918506 ], [ -50.052365, -22.905039 ], [ -50.047374, -22.901487 ], [ -50.031354, -22.908471 ], [ -50.017577, -22.909639 ], [ -50.003676, -22.927983 ], [ -49.994396, -22.929242 ], [ -49.989931, -22.924734 ], [ -49.995701, -22.907582 ], [ -49.998375, -22.901273 ], [ -49.995113, -22.89751 ], [ -49.985687, -22.897028 ], [ -49.965267, -22.913663 ], [ -49.9609, -22.930386 ], [ -49.965934, -22.945794 ], [ -49.973721, -22.95402 ], [ -49.972047, -22.958066 ], [ -49.954024, -22.977943 ], [ -49.930282, -22.982554 ], [ -49.919081, -22.989961 ], [ -49.912529, -22.990427 ], [ -49.89988, -22.999959 ], [ -49.899641, -23.004448 ], [ -49.904584, -23.00956 ], [ -49.908824, -23.013095 ], [ -49.912739, -23.026906 ], [ -49.915795, -23.035944 ], [ -49.911124, -23.050641 ], [ -49.896219, -23.055369 ], [ -49.886289, -23.064175 ], [ -49.878572, -23.059208 ], [ -49.870816, -23.069914 ], [ -49.850098, -23.072777 ], [ -49.833181, -23.065465 ], [ -49.82651, -23.074393 ], [ -49.818914, -23.076476 ], [ -49.811769, -23.080507 ], [ -49.808991, -23.088729 ], [ -49.806126, -23.093856 ], [ -49.795095, -23.094112 ], [ -49.791238, -23.101948 ], [ -49.778196, -23.100818 ], [ -49.762471, -23.105098 ], [ -49.747459, -23.098142 ], [ -49.739763, -23.09869 ], [ -49.726649, -23.107516 ], [ -49.725074, -23.10896 ], [ -49.734427, -23.133252 ], [ -49.730012, -23.140967 ], [ -49.716017, -23.147915 ], [ -49.715653, -23.151111 ], [ -49.709453, -23.156155 ], [ -49.700892, -23.152602 ], [ -49.703068, -23.157829 ], [ -49.69809, -23.163641 ], [ -49.677843, -23.164583 ], [ -49.682789, -23.173132 ], [ -49.677231, -23.174464 ], [ -49.666229, -23.1883 ], [ -49.653275, -23.211558 ], [ -49.65424, -23.227395 ], [ -49.649243, -23.237089 ], [ -49.644003, -23.239756 ], [ -49.646627, -23.251233 ], [ -49.63959, -23.255845 ], [ -49.638433, -23.259011 ], [ -49.634695, -23.270827 ], [ -49.626669, -23.281293 ], [ -49.630921, -23.303936 ], [ -49.622802, -23.317957 ], [ -49.621118, -23.330117 ], [ -49.628941, -23.343278 ], [ -49.635736, -23.339293 ], [ -49.637413, -23.349053 ], [ -49.63296, -23.355941 ], [ -49.611329, -23.354173 ], [ -49.594936, -23.366611 ], [ -49.595513, -23.37554 ], [ -49.589926, -23.382312 ], [ -49.591158, -23.388548 ], [ -49.602846, -23.383425 ], [ -49.620814, -23.38999 ], [ -49.617847, -23.397721 ], [ -49.604597, -23.39393 ], [ -49.597799, -23.398311 ], [ -49.604266, -23.402361 ], [ -49.603199, -23.407332 ], [ -49.592959, -23.406227 ], [ -49.58885, -23.415663 ], [ -49.579125, -23.414593 ], [ -49.580328, -23.431237 ], [ -49.575066, -23.430916 ], [ -49.568669, -23.424977 ], [ -49.566095, -23.427211 ], [ -49.571898, -23.435754 ], [ -49.568542, -23.439824 ], [ -49.572474, -23.443464 ], [ -49.57951, -23.436258 ], [ -49.58963, -23.435391 ], [ -49.595163, -23.439902 ], [ -49.602709, -23.450812 ], [ -49.597427, -23.457435 ], [ -49.602096, -23.470159 ], [ -49.59938, -23.47802 ], [ -49.615096, -23.473017 ], [ -49.612922, -23.486351 ], [ -49.620902, -23.492845 ], [ -49.613226, -23.509651 ], [ -49.621274, -23.505464 ], [ -49.628893, -23.511347 ], [ -49.62374, -23.522822 ], [ -49.599729, -23.535144 ], [ -49.60524, -23.541184 ], [ -49.598289, -23.552512 ], [ -49.599537, -23.557911 ], [ -49.607512, -23.564752 ], [ -49.6007, -23.574751 ], [ -49.60154, -23.582216 ], [ -49.609513, -23.589463 ], [ -49.615682, -23.590501 ], [ -49.618708, -23.597111 ], [ -49.620694, -23.606567 ], [ -49.617373, -23.612481 ], [ -49.613126, -23.614237 ], [ -49.61312, -23.622644 ], [ -49.605797, -23.624465 ], [ -49.607769, -23.633592 ], [ -49.616667, -23.639105 ], [ -49.602904, -23.643044 ], [ -49.601656, -23.651635 ], [ -49.58483, -23.658394 ], [ -49.58526, -23.663361 ], [ -49.580319, -23.663006 ], [ -49.582715, -23.66979 ], [ -49.579144, -23.67804 ], [ -49.574195, -23.67556 ], [ -49.575376, -23.679924 ], [ -49.567644, -23.68756 ], [ -49.561259, -23.685215 ], [ -49.560852, -23.691597 ], [ -49.555835, -23.690479 ], [ -49.555245, -23.700561 ], [ -49.548722, -23.703534 ], [ -49.554959, -23.719995 ], [ -49.553236, -23.726317 ], [ -49.548316, -23.735811 ], [ -49.550847, -23.738252 ], [ -49.563572, -23.731738 ], [ -49.567131, -23.739653 ], [ -49.563335, -23.7496 ], [ -49.572985, -23.755558 ], [ -49.560027, -23.760825 ], [ -49.563553, -23.769656 ], [ -49.566012, -23.777323 ], [ -49.569986, -23.778215 ], [ -49.565345, -23.78029 ], [ -49.559204, -23.793126 ], [ -49.562627, -23.80145 ], [ -49.559591, -23.811449 ], [ -49.56195, -23.818003 ], [ -49.575964, -23.827017 ], [ -49.587016, -23.826658 ], [ -49.59253, -23.82982 ], [ -49.592185, -23.836568 ], [ -49.586195, -23.841778 ], [ -49.598051, -23.83631 ], [ -49.60756, -23.838898 ], [ -49.595003, -23.846317 ], [ -49.597067, -23.848891 ], [ -49.608427, -23.848105 ], [ -49.610258, -23.851213 ], [ -49.59924, -23.856608 ], [ -49.601985, -23.8678 ], [ -49.593621, -23.872069 ], [ -49.590992, -23.878022 ], [ -49.58487, -23.889947 ], [ -49.573123, -23.877473 ], [ -49.577052, -23.8955 ], [ -49.568043, -23.899979 ], [ -49.562693, -23.91186 ], [ -49.553986, -23.914815 ], [ -49.556511, -23.922248 ], [ -49.545955, -23.922628 ], [ -49.535324, -23.927672 ], [ -49.543892, -23.934679 ], [ -49.538018, -23.938076 ], [ -49.537957, -23.942398 ], [ -49.544773, -23.943138 ], [ -49.548589, -23.944093 ], [ -49.548689, -23.948174 ], [ -49.554061, -23.948426 ], [ -49.555244, -23.939562 ], [ -49.569731, -23.940033 ], [ -49.569029, -23.943971 ], [ -49.563607, -23.941523 ], [ -49.570114, -23.9494 ], [ -49.56509, -23.956288 ], [ -49.566028, -23.959486 ], [ -49.561587, -23.963205 ], [ -49.566308, -23.966549 ], [ -49.572299, -23.968862 ], [ -49.576684, -23.961214 ], [ -49.580442, -23.959994 ], [ -49.582965, -23.964525 ], [ -49.584731, -23.960324 ], [ -49.597084, -23.973328 ], [ -49.596283, -23.97646 ], [ -49.599827, -23.977748 ], [ -49.606498, -23.975208 ], [ -49.610964, -23.978229 ], [ -49.617326, -23.977278 ], [ -49.618646, -23.980362 ], [ -49.607503, -23.983763 ], [ -49.606802, -23.986711 ], [ -49.609339, -23.990141 ], [ -49.614709, -23.987823 ], [ -49.61493, -23.992343 ], [ -49.609644, -23.993395 ], [ -49.609715, -23.996982 ], [ -49.612791, -23.99869 ], [ -49.619417, -23.994551 ], [ -49.623381, -24.002777 ], [ -49.616517, -24.003971 ], [ -49.621293, -24.007234 ], [ -49.615977, -24.009731 ], [ -49.61723, -24.015426 ], [ -49.628201, -24.016668 ], [ -49.6264, -24.026034 ], [ -49.630878, -24.028137 ], [ -49.632675, -24.033818 ], [ -49.623396, -24.043509 ], [ -49.630039, -24.043107 ], [ -49.630451, -24.046894 ], [ -49.624399, -24.046982 ], [ -49.614541, -24.056875 ], [ -49.617314, -24.061568 ], [ -49.623898, -24.059989 ], [ -49.633931, -24.070214 ], [ -49.644023, -24.077309 ], [ -49.650319, -24.072758 ], [ -49.665834, -24.07359 ], [ -49.690001, -24.077628 ], [ -49.695308, -24.070799 ], [ -49.694409, -24.066412 ], [ -49.702428, -24.064539 ], [ -49.708281, -24.06964 ], [ -49.714803, -24.067082 ], [ -49.720652, -24.069754 ], [ -49.721314, -24.079767 ], [ -49.727463, -24.078079 ], [ -49.730769, -24.082262 ], [ -49.74509, -24.074266 ], [ -49.751908, -24.076098 ], [ -49.758922, -24.083615 ], [ -49.756399, -24.072358 ], [ -49.754774, -24.065107 ], [ -49.759784, -24.064863 ], [ -49.766033, -24.046674 ], [ -49.792547, -24.003346 ], [ -49.810855, -23.981063 ], [ -49.82877, -23.978377 ], [ -49.836336, -23.94854 ], [ -49.829813, -23.93579 ], [ -49.830485, -23.926957 ], [ -49.838368, -23.922037 ], [ -49.841659, -23.913439 ], [ -49.84995, -23.908498 ], [ -49.850018, -23.90532 ], [ -49.852699, -23.906143 ], [ -49.851483, -23.902999 ], [ -49.855423, -23.899251 ], [ -49.869537, -23.898525 ], [ -49.866895, -23.895795 ], [ -49.872611, -23.886344 ], [ -49.881499, -23.886508 ], [ -49.886914, -23.880323 ], [ -49.892219, -23.879537 ], [ -49.898562, -23.884963 ], [ -49.896115, -23.876913 ], [ -49.900845, -23.868707 ], [ -49.906421, -23.863712 ], [ -49.910891, -23.867347 ], [ -49.916869, -23.86197 ], [ -49.916955, -23.849162 ], [ -49.923019, -23.843312 ], [ -49.926701, -23.844243 ], [ -49.959079, -23.85242 ], [ -49.948991, -23.861801 ], [ -49.949495, -23.852423 ], [ -49.934558, -23.861653 ], [ -49.941891, -23.867234 ], [ -49.95295, -23.866419 ], [ -49.953713, -23.874919 ], [ -49.965689, -23.870309 ], [ -49.966417, -23.876683 ], [ -49.95539, -23.893348 ], [ -49.97204, -23.898498 ], [ -49.972631, -23.901663 ], [ -49.965168, -23.901463 ] ], [ [ -50.166599, -23.532268 ], [ -50.1666, -23.532268 ], [ -50.16446, -23.535217 ], [ -50.166599, -23.532268 ] ], [ [ -50.159269, -23.523992 ], [ -50.15927, -23.523992 ], [ -50.157862, -23.526296 ], [ -50.159269, -23.523992 ] ] ] } },
{ "type": "Feature", "properties": { "HREG_ID": "41020", "HREG_NAME": "20ª RS Toledo", "id": "410200", "name": "Assis Chateaubriand", "description": "Assis Chateaubriand", "MUN_ID": "410200", "UF": "PR", "MACRO_ID": "4108", "MACRO_NAME": "Macrorregião Oeste" }, "geometry": { "type": "Polygon", "coordinates": [ [ [ -54.043061, -24.903556 ], [ -54.033778, -24.912154 ], [ -54.033674, -24.931086 ], [ -54.019689, -24.962145 ], [ -53.995919, -25.011258 ], [ -53.971459, -25.062571 ], [ -53.965022, -25.076066 ], [ -53.970347, -25.078209 ], [ -53.982906, -25.072324 ], [ -53.984232, -25.077327 ], [ -53.990262, -25.072325 ], [ -53.996082, -25.070115 ], [ -53.996632, -25.064655 ], [ -54.002974, -25.061109 ], [ -53.99682, -25.055959 ], [ -54.008274, -25.0548 ], [ -54.00834, -25.051996 ], [ -53.998652, -25.048445 ], [ -54.009214, -25.046391 ], [ -54.005763, -25.040328 ], [ -54.01493, -25.037901 ], [ -54.010308, -25.030523 ], [ -54.018957, -25.029254 ], [ -54.026006, -25.034784 ], [ -54.069406, -25.037107 ], [ -54.07376, -25.034037 ], [ -54.07157, -25.029841 ], [ -54.082051, -25.031663 ], [ -54.084505, -25.024712 ], [ -54.104115, -25.03706 ], [ -54.126273, -25.021975 ], [ -54.130888, -25.036757 ], [ -54.154865, -25.029646 ], [ -54.165465, -25.029959 ], [ -54.167825, -25.030028 ], [ -54.163914, -25.017263 ], [ -54.183756, -25.017762 ], [ -54.227558, -25.018859 ], [ -54.228168, -25.018871 ], [ -54.307946, -25.022083 ], [ -54.306417, -25.034281 ], [ -54.310114, -25.037301 ], [ -54.32163, -25.036882 ], [ -54.32439, -25.041044 ], [ -54.331311, -25.032661 ], [ -54.343352, -25.030183 ], [ -54.343605, -25.026592 ], [ -54.366721, -25.033719 ], [ -54.376273, -25.028637 ], [ -54.381154, -25.03266 ], [ -54.39091, -25.027839 ], [ -54.400964, -25.033466 ], [ -54.419454, -25.037677 ], [ -54.42445, -25.032491 ], [ -54.424871, -25.025429 ], [ -54.428875, -25.024143 ], [ -54.43248, -25.03097 ], [ -54.442482, -25.03269 ], [ -54.447336, -25.029334 ], [ -54.448626, -25.035093 ], [ -54.45891, -25.03855 ], [ -54.44209, -24.98972 ], [ -54.441422, -24.94868 ], [ -54.429325, -24.921602 ], [ -54.417838, -24.89395 ], [ -54.408899, -24.842083 ], [ -54.389981, -24.784596 ], [ -54.381702, -24.767817 ], [ -54.368996, -24.757732 ], [ -54.357368, -24.742744 ], [ -54.34909, -24.713095 ], [ -54.337571, -24.691774 ], [ -54.325026, -24.66045 ], [ -54.317013, -24.590155 ], [ -54.320081, -24.571136 ], [ -54.335417, -24.529776 ], [ -54.336582, -24.500082 ], [ -54.322536, -24.458047 ], [ -54.296135, -24.42624 ], [ -54.280729, -24.404318 ], [ -54.264022, -24.371942 ], [ -54.25801, -24.357136 ], [ -54.269389, -24.305369 ], [ -54.284282, -24.28153 ], [ -54.322324, -24.250428 ], [ -54.324017, -24.232425 ], [ -54.322808, -24.213901 ], [ -54.327847, -24.206167 ], [ -54.328036, -24.191763 ], [ -54.342368, -24.162686 ], [ -54.342756, -24.145196 ], [ -54.343958, -24.14017 ], [ -54.332809, -24.115789 ], [ -54.304073, -24.095164 ], [ -54.285351, -24.068433 ], [ -54.276251, -24.061788 ], [ -54.259189, -24.05644 ], [ -54.248949, -24.055434 ], [ -54.220574, -24.042704 ], [ -54.168494, -23.998526 ], [ -54.097945, -24.024562 ], [ -54.093314, -24.02607 ], [ -54.059736, -24.036252 ], [ -54.048669, -24.030839 ], [ -54.033907, -24.020053 ], [ -54.016727, -24.014859 ], [ -53.997902, -23.985238 ], [ -53.987619, -23.981487 ], [ -53.972187, -23.981697 ], [ -53.965695, -24.001958 ], [ -53.963287, -24.013489 ], [ -53.967547, -24.023107 ], [ -53.980311, -24.055219 ], [ -53.990533, -24.067307 ], [ -53.989987, -24.072681 ], [ -53.991721, -24.104408 ], [ -53.987639, -24.127641 ], [ -53.975361, -24.13043 ], [ -53.958094, -24.119887 ], [ -53.952909, -24.119364 ], [ -53.941496, -24.120948 ], [ -53.929793, -24.129065 ], [ -53.909872, -24.137724 ], [ -53.910642, -24.146339 ], [ -53.924663, -24.159179 ], [ -53.904531, -24.176794 ], [ -53.883419, -24.176724 ], [ -53.862732, -24.190724 ], [ -53.858641, -24.190768 ], [ -53.8486, -24.186511 ], [ -53.844469, -24.179666 ], [ -53.84458, -24.167289 ], [ -53.838504, -24.166439 ], [ -53.810399, -24.185717 ], [ -53.799575, -24.169127 ], [ -53.765177, -24.159416 ], [ -53.758358, -24.153265 ], [ -53.747436, -24.149894 ], [ -53.740757, -24.150055 ], [ -53.734619, -24.16575 ], [ -53.747037, -24.182087 ], [ -53.746411, -24.187188 ], [ -53.719402, -24.179434 ], [ -53.7085, -24.178583 ], [ -53.701716, -24.182878 ], [ -53.694617, -24.193124 ], [ -53.694476, -24.195694 ], [ -53.691927, -24.201786 ], [ -53.677326, -24.200722 ], [ -53.666083, -24.208372 ], [ -53.649373, -24.219841 ], [ -53.63898, -24.241256 ], [ -53.614886, -24.245699 ], [ -53.613257, -24.24703 ], [ -53.608875, -24.24664 ], [ -53.591264, -24.240983 ], [ -53.572382, -24.247737 ], [ -53.572265, -24.258736 ], [ -53.565302, -24.260491 ], [ -53.557536, -24.259791 ], [ -53.547393, -24.244345 ], [ -53.541733, -24.243188 ], [ -53.528901, -24.246369 ], [ -53.502568, -24.234862 ], [ -53.488335, -24.229421 ], [ -53.48062, -24.217653 ], [ -53.467595, -24.220712 ], [ -53.458056, -24.237462 ], [ -53.465869, -24.255505 ], [ -53.458958, -24.259327 ], [ -53.470089, -24.270914 ], [ -53.46136, -24.272687 ], [ -53.457867, -24.276883 ], [ -53.460714, -24.284599 ], [ -53.465085, -24.282412 ], [ -53.468313, -24.288225 ], [ -53.470201, -24.291142 ], [ -53.463814, -24.299308 ], [ -53.473168, -24.309633 ], [ -53.462974, -24.32075 ], [ -53.456449, -24.330421 ], [ -53.462114, -24.33093 ], [ -53.460072, -24.337626 ], [ -53.460504, -24.34556 ], [ -53.456415, -24.345329 ], [ -53.448946, -24.352569 ], [ -53.454241, -24.361241 ], [ -53.45933, -24.364317 ], [ -53.450835, -24.377954 ], [ -53.457081, -24.380984 ], [ -53.469914, -24.371513 ], [ -53.480751, -24.375243 ], [ -53.479333, -24.377523 ], [ -53.468226, -24.379706 ], [ -53.467727, -24.382592 ], [ -53.469784, -24.393434 ], [ -53.461222, -24.397006 ], [ -53.457698, -24.405065 ], [ -53.445968, -24.408895 ], [ -53.458364, -24.415323 ], [ -53.445892, -24.416479 ], [ -53.444339, -24.420634 ], [ -53.450614, -24.426267 ], [ -53.457583, -24.425135 ], [ -53.459415, -24.427786 ], [ -53.45267, -24.4328 ], [ -53.454524, -24.439325 ], [ -53.450892, -24.442401 ], [ -53.454885, -24.449276 ], [ -53.446919, -24.451025 ], [ -53.446776, -24.462495 ], [ -53.450117, -24.466349 ], [ -53.460863, -24.458344 ], [ -53.462447, -24.461725 ], [ -53.457724, -24.463415 ], [ -53.467346, -24.476303 ], [ -53.460808, -24.49012 ], [ -53.456691, -24.488302 ], [ -53.452579, -24.494301 ], [ -53.447738, -24.497034 ], [ -53.449111, -24.511658 ], [ -53.442616, -24.51438 ], [ -53.448193, -24.521062 ], [ -53.440811, -24.523247 ], [ -53.438451, -24.532473 ], [ -53.443691, -24.538935 ], [ -53.447254, -24.543682 ], [ -53.438813, -24.546595 ], [ -53.440634, -24.555921 ], [ -53.433339, -24.554331 ], [ -53.429608, -24.55854 ], [ -53.430198, -24.563618 ], [ -53.434423, -24.562189 ], [ -53.439756, -24.566844 ], [ -53.437254, -24.575253 ], [ -53.427919, -24.576446 ], [ -53.426784, -24.584874 ], [ -53.431555, -24.591114 ], [ -53.426056, -24.597223 ], [ -53.432971, -24.598684 ], [ -53.433556, -24.604935 ], [ -53.428393, -24.606513 ], [ -53.428942, -24.609667 ], [ -53.430026, -24.612414 ], [ -53.437974, -24.612554 ], [ -53.438227, -24.617339 ], [ -53.432089, -24.619158 ], [ -53.436472, -24.62617 ], [ -53.426941, -24.628346 ], [ -53.430278, -24.633089 ], [ -53.424868, -24.639264 ], [ -53.427806, -24.64601 ], [ -53.423722, -24.654227 ], [ -53.426059, -24.659769 ], [ -53.415358, -24.662103 ], [ -53.422892, -24.671676 ], [ -53.427668, -24.672877 ], [ -53.426229, -24.669764 ], [ -53.430783, -24.667742 ], [ -53.439836, -24.673778 ], [ -53.438836, -24.6807 ], [ -53.44497, -24.681002 ], [ -53.447662, -24.688974 ], [ -53.443611, -24.694859 ], [ -53.441143, -24.695071 ], [ -53.440554, -24.70567 ], [ -53.44767, -24.707347 ], [ -53.449949, -24.714985 ], [ -53.445861, -24.720828 ], [ -53.446585, -24.726996 ], [ -53.452321, -24.733302 ], [ -53.456471, -24.743229 ], [ -53.469766, -24.743076 ], [ -53.506152, -24.742652 ], [ -53.527696, -24.742843 ], [ -53.527902, -24.749282 ], [ -53.536552, -24.746297 ], [ -53.534377, -24.752015 ], [ -53.538388, -24.763659 ], [ -53.545792, -24.771816 ], [ -53.553456, -24.773582 ], [ -53.556744, -24.777763 ], [ -53.546699, -24.823894 ], [ -53.54363, -24.837982 ], [ -53.555809, -24.831292 ], [ -53.563335, -24.812422 ], [ -53.573862, -24.802688 ], [ -53.604072, -24.799086 ], [ -53.608083, -24.802316 ], [ -53.625669, -24.793101 ], [ -53.631201, -24.786391 ], [ -53.63843, -24.785013 ], [ -53.657342, -24.78547 ], [ -53.661671, -24.792892 ], [ -53.668329, -24.792955 ], [ -53.677523, -24.782805 ], [ -53.684021, -24.779448 ], [ -53.700289, -24.786718 ], [ -53.709445, -24.787616 ], [ -53.712757, -24.783683 ], [ -53.723267, -24.793672 ], [ -53.713199, -24.800165 ], [ -53.700255, -24.800883 ], [ -53.697842, -24.802727 ], [ -53.700333, -24.806747 ], [ -53.690529, -24.812703 ], [ -53.689331, -24.819847 ], [ -53.686132, -24.820919 ], [ -53.691058, -24.822538 ], [ -53.692009, -24.831022 ], [ -53.678306, -24.829414 ], [ -53.677558, -24.84125 ], [ -53.668824, -24.847898 ], [ -53.672276, -24.849389 ], [ -53.673106, -24.859311 ], [ -53.669613, -24.862147 ], [ -53.665109, -24.856628 ], [ -53.655255, -24.866761 ], [ -53.649726, -24.865031 ], [ -53.650757, -24.867877 ], [ -53.645242, -24.868493 ], [ -53.646739, -24.861243 ], [ -53.641241, -24.861967 ], [ -53.641283, -24.858963 ], [ -53.640139, -24.864042 ], [ -53.624497, -24.870464 ], [ -53.635095, -24.881105 ], [ -53.635806, -24.9185 ], [ -53.63609, -24.933465 ], [ -53.632549, -24.933506 ], [ -53.632912, -24.938012 ], [ -53.648374, -24.934442 ], [ -53.665218, -24.941399 ], [ -53.68393, -24.939298 ], [ -53.682413, -24.950336 ], [ -53.673877, -24.957323 ], [ -53.693308, -24.970698 ], [ -53.699853, -24.96746 ], [ -53.702528, -24.967015 ], [ -53.708386, -24.977949 ], [ -53.722191, -24.970058 ], [ -53.732024, -24.999102 ], [ -53.738198, -24.993397 ], [ -53.750692, -24.989427 ], [ -53.761701, -24.977797 ], [ -53.76508, -24.975204 ], [ -53.767415, -24.968676 ], [ -53.781342, -24.971708 ], [ -53.783354, -24.969172 ], [ -53.785641, -24.971954 ], [ -53.789122, -24.97647 ], [ -53.792563, -24.975286 ], [ -53.798253, -24.974429 ], [ -53.800568, -24.978488 ], [ -53.805971, -24.975804 ], [ -53.810691, -24.973888 ], [ -53.810765, -24.976168 ], [ -53.815913, -24.967539 ], [ -53.820476, -24.969277 ], [ -53.818393, -24.97238 ], [ -53.82903, -24.971832 ], [ -53.831648, -24.968864 ], [ -53.838365, -24.97468 ], [ -53.846223, -24.971011 ], [ -53.847554, -24.974813 ], [ -53.851531, -24.971244 ], [ -53.850203, -24.980669 ], [ -53.855006, -24.980907 ], [ -53.854616, -24.985123 ], [ -53.858451, -24.98277 ], [ -53.862784, -24.987273 ], [ -53.872115, -24.985679 ], [ -53.876102, -24.992815 ], [ -53.878277, -24.996086 ], [ -53.88231, -24.993354 ], [ -53.883245, -24.986061 ], [ -53.895033, -24.987712 ], [ -53.895582, -24.983684 ], [ -53.888814, -24.976043 ], [ -53.898063, -24.975688 ], [ -53.899032, -24.970344 ], [ -53.905092, -24.969654 ], [ -53.911726, -24.970325 ], [ -53.909335, -24.961441 ], [ -53.92106, -24.946443 ], [ -53.917896, -24.938985 ], [ -53.905777, -24.938806 ], [ -53.907752, -24.932279 ], [ -53.909418, -24.928798 ], [ -53.897559, -24.927037 ], [ -53.906297, -24.921657 ], [ -53.9005, -24.914832 ], [ -53.907725, -24.914584 ], [ -53.9107, -24.920374 ], [ -53.915476, -24.915554 ], [ -53.909196, -24.908925 ], [ -53.924005, -24.905682 ], [ -53.924704, -24.896764 ], [ -53.934842, -24.908722 ], [ -53.928891, -24.914948 ], [ -53.933778, -24.91746 ], [ -53.937195, -24.91487 ], [ -53.943114, -24.91924 ], [ -53.945947, -24.91194 ], [ -53.958755, -24.914436 ], [ -53.951731, -24.903743 ], [ -53.956838, -24.90277 ], [ -53.962727, -24.907585 ], [ -53.964609, -24.895688 ], [ -53.97225, -24.901032 ], [ -53.972092, -24.904969 ], [ -53.979782, -24.907027 ], [ -53.988503, -24.906497 ], [ -53.990114, -24.901103 ], [ -53.999142, -24.907987 ], [ -54.00578, -24.901072 ], [ -54.00892, -24.89898 ], [ -54.019305, -24.902523 ], [ -54.018226, -24.910919 ], [ -54.029615, -24.889954 ], [ -54.044085, -24.890214 ], [ -54.043061, -24.903556 ] ] ] } },
{ "type": "Feature", "properties": { "HREG_ID": "41021", "HREG_NAME": "21ª RS Telemaco Borba", "id": "410700", "name": "Curiúva", "description": "Curiúva", "MUN_ID": "410700", "UF": "PR", "MACRO_ID": "4107", "MACRO_NAME": "Macrorregião Leste" }, "geometry": { "type": "Polygon", "coordinates": [ [ [ -50.179625, -24.449376 ], [ -50.15572, -24.4581 ], [ -50.141542, -24.464223 ], [ -50.118652, -24.483679 ], [ -50.106944, -24.487459 ], [ -50.100066, -24.495946 ], [ -50.105101, -24.501342 ], [ -50.104281, -24.505296 ], [ -50.085518, -24.522807 ], [ -50.090451, -24.52547 ], [ -50.104071, -24.519701 ], [ -50.106659, -24.522835 ], [ -50.102767, -24.531091 ], [ -50.117096, -24.538476 ], [ -50.131513, -24.532913 ], [ -50.129915, -24.536701 ], [ -50.134967, -24.538101 ], [ -50.134333, -24.540613 ], [ -50.140635, -24.544458 ], [ -50.141213, -24.54939 ], [ -50.152934, -24.54955 ], [ -50.152708, -24.556931 ], [ -50.168161, -24.55223 ], [ -50.184175, -24.562877 ], [ -50.173604, -24.573136 ], [ -50.158632, -24.592432 ], [ -50.169807, -24.59309 ], [ -50.178574, -24.604224 ], [ -50.167067, -24.610394 ], [ -50.155735, -24.629407 ], [ -50.167509, -24.636657 ], [ -50.178615, -24.635552 ], [ -50.173289, -24.646622 ], [ -50.189513, -24.652858 ], [ -50.179373, -24.667423 ], [ -50.161259, -24.681989 ], [ -50.159648, -24.692861 ], [ -50.169729, -24.705555 ], [ -50.181069, -24.709395 ], [ -50.193814, -24.728182 ], [ -50.215599, -24.739595 ], [ -50.229015, -24.752094 ], [ -50.23868, -24.752669 ], [ -50.245842, -24.764751 ], [ -50.255239, -24.769999 ], [ -50.262708, -24.767011 ], [ -50.268039, -24.775941 ], [ -50.275822, -24.779662 ], [ -50.283676, -24.780298 ], [ -50.287956, -24.77641 ], [ -50.302742, -24.78089 ], [ -50.306262, -24.788807 ], [ -50.305977, -24.803759 ], [ -50.295008, -24.819014 ], [ -50.298573, -24.82123 ], [ -50.296848, -24.833989 ], [ -50.305788, -24.832508 ], [ -50.305954, -24.841221 ], [ -50.298155, -24.846223 ], [ -50.296402, -24.853607 ], [ -50.313756, -24.851806 ], [ -50.31568, -24.837962 ], [ -50.327373, -24.845435 ], [ -50.338675, -24.845478 ], [ -50.356433, -24.835659 ], [ -50.35899, -24.836901 ], [ -50.338512, -24.870889 ], [ -50.315682, -24.860276 ], [ -50.31682, -24.865984 ], [ -50.339067, -24.88156 ], [ -50.333316, -24.887956 ], [ -50.328756, -24.886762 ], [ -50.32277, -24.891894 ], [ -50.323888, -24.900109 ], [ -50.338101, -24.892966 ], [ -50.347126, -24.907987 ], [ -50.361383, -24.912609 ], [ -50.361025, -24.921907 ], [ -50.364523, -24.92622 ], [ -50.380228, -24.924003 ], [ -50.378153, -24.93913 ], [ -50.398995, -24.938415 ], [ -50.38562, -24.949532 ], [ -50.38691, -24.954508 ], [ -50.393376, -24.956691 ], [ -50.41368, -24.962831 ], [ -50.391242, -24.978366 ], [ -50.39155, -24.985733 ], [ -50.395881, -24.98965 ], [ -50.413207, -24.989767 ], [ -50.419489, -25.006973 ], [ -50.429786, -25.003847 ], [ -50.433087, -24.99809 ], [ -50.439108, -24.999514 ], [ -50.447141, -24.990868 ], [ -50.451948, -24.992781 ], [ -50.453505, -24.98769 ], [ -50.454797, -24.990389 ], [ -50.455882, -24.987344 ], [ -50.460174, -24.988807 ], [ -50.469801, -24.98371 ], [ -50.468879, -24.994114 ], [ -50.474093, -24.997039 ], [ -50.476405, -24.991173 ], [ -50.483092, -24.987733 ], [ -50.497368, -24.973802 ], [ -50.501907, -24.952781 ], [ -50.51304, -24.940878 ], [ -50.526695, -24.937416 ], [ -50.523591, -24.932639 ], [ -50.466834, -24.848393 ], [ -50.437551, -24.803713 ], [ -50.444281, -24.797638 ], [ -50.453268, -24.802794 ], [ -50.459587, -24.799226 ], [ -50.467533, -24.800254 ], [ -50.475769, -24.807102 ], [ -50.488472, -24.808863 ], [ -50.487931, -24.814282 ], [ -50.498848, -24.821214 ], [ -50.5094, -24.836554 ], [ -50.523292, -24.832019 ], [ -50.549151, -24.849479 ], [ -50.553965, -24.860868 ], [ -50.55807, -24.864778 ], [ -50.571736, -24.860557 ], [ -50.577043, -24.868669 ], [ -50.589651, -24.87746 ], [ -50.616795, -24.88439 ], [ -50.626926, -24.879785 ], [ -50.635545, -24.860176 ], [ -50.651127, -24.84982 ], [ -50.658547, -24.848561 ], [ -50.658676, -24.84848 ], [ -50.664762, -24.851091 ], [ -50.670266, -24.846604 ], [ -50.679297, -24.855329 ], [ -50.68718, -24.855993 ], [ -50.693461, -24.852611 ], [ -50.713572, -24.854507 ], [ -50.731708, -24.850124 ], [ -50.74923, -24.830944 ], [ -50.767711, -24.844061 ], [ -50.771542, -24.841709 ], [ -50.776772, -24.85149 ], [ -50.782289, -24.854053 ], [ -50.805186, -24.852217 ], [ -50.820125, -24.845429 ], [ -50.828313, -24.85289 ], [ -50.839482, -24.859379 ], [ -50.849294, -24.855937 ], [ -50.849371, -24.850736 ], [ -50.860982, -24.845631 ], [ -50.865263, -24.842952 ], [ -50.86599, -24.834174 ], [ -50.875401, -24.83144 ], [ -50.879458, -24.83103 ], [ -50.881624, -24.836946 ], [ -50.897628, -24.834491 ], [ -50.901931, -24.838902 ], [ -50.907157, -24.838035 ], [ -50.914767, -24.855555 ], [ -50.922493, -24.853188 ], [ -50.946576, -24.842227 ], [ -50.948211, -24.849367 ], [ -50.959401, -24.85269 ], [ -50.96757, -24.848877 ], [ -50.970712, -24.853181 ], [ -50.981935, -24.852757 ], [ -51.001301, -24.862299 ], [ -51.014286, -24.863195 ], [ -51.017154, -24.858048 ], [ -51.028302, -24.854623 ], [ -51.031696, -24.845566 ], [ -51.036954, -24.844896 ], [ -51.055184, -24.821792 ], [ -51.066362, -24.815466 ], [ -51.065849, -24.79309 ], [ -51.065084, -24.759736 ], [ -51.063506, -24.690908 ], [ -51.064213, -24.685164 ], [ -51.070519, -24.668534 ], [ -51.079069, -24.663372 ], [ -51.082142, -24.635262 ], [ -51.095983, -24.62976 ], [ -51.099933, -24.623403 ], [ -51.117549, -24.628867 ], [ -51.127514, -24.625043 ], [ -51.131434, -24.615663 ], [ -51.130849, -24.60545 ], [ -51.122847, -24.590367 ], [ -51.124763, -24.586398 ], [ -51.130987, -24.580276 ], [ -51.139595, -24.579094 ], [ -51.147097, -24.57136 ], [ -51.158289, -24.568446 ], [ -51.157971, -24.550453 ], [ -51.167746, -24.537376 ], [ -51.17641, -24.53551 ], [ -51.191742, -24.523331 ], [ -51.191571, -24.515397 ], [ -51.179097, -24.517186 ], [ -51.171239, -24.51316 ], [ -51.165599, -24.487973 ], [ -51.147658, -24.469712 ], [ -51.138519, -24.467628 ], [ -51.138223, -24.467269 ], [ -51.133684, -24.45811 ], [ -51.143401, -24.441873 ], [ -51.136352, -24.435678 ], [ -51.138685, -24.431492 ], [ -51.103879, -24.414184 ], [ -51.10502, -24.410869 ], [ -51.101355, -24.411169 ], [ -51.100937, -24.40741 ], [ -51.104456, -24.404427 ], [ -51.094851, -24.402801 ], [ -51.096513, -24.396914 ], [ -51.091737, -24.393612 ], [ -51.094434, -24.385263 ], [ -51.088598, -24.376989 ], [ -51.088059, -24.374744 ], [ -51.086714, -24.370105 ], [ -51.081178, -24.369549 ], [ -51.079853, -24.364127 ], [ -51.088481, -24.360957 ], [ -51.08941, -24.357458 ], [ -51.077436, -24.351785 ], [ -51.078434, -24.347377 ], [ -51.089514, -24.349908 ], [ -51.084266, -24.342779 ], [ -51.086018, -24.340718 ], [ -51.104014, -24.348138 ], [ -51.10638, -24.343834 ], [ -51.099549, -24.337334 ], [ -51.103601, -24.331629 ], [ -51.106153, -24.324733 ], [ -51.097516, -24.325353 ], [ -51.095691, -24.321347 ], [ -51.113269, -24.311704 ], [ -51.113679, -24.30789 ], [ -51.106598, -24.308205 ], [ -51.105658, -24.301826 ], [ -51.115962, -24.297981 ], [ -51.105516, -24.295455 ], [ -51.09904, -24.300825 ], [ -51.095072, -24.288155 ], [ -51.104736, -24.293401 ], [ -51.108267, -24.283239 ], [ -51.123153, -24.274066 ], [ -51.129826, -24.281788 ], [ -51.134688, -24.28114 ], [ -51.13077, -24.271385 ], [ -51.133024, -24.26632 ], [ -51.140599, -24.267396 ], [ -51.14113, -24.263076 ], [ -51.151794, -24.2624 ], [ -51.149093, -24.253067 ], [ -51.160376, -24.248946 ], [ -51.164737, -24.249064 ], [ -51.164651, -24.257795 ], [ -51.169766, -24.256778 ], [ -51.17043, -24.252552 ], [ -51.180545, -24.261988 ], [ -51.181163, -24.252301 ], [ -51.194737, -24.247685 ], [ -51.198905, -24.247149 ], [ -51.203384, -24.245413 ], [ -51.205745, -24.23876 ], [ -51.212124, -24.238841 ], [ -51.206798, -24.222551 ], [ -51.219752, -24.215494 ], [ -51.208879, -24.207467 ], [ -51.224156, -24.213583 ], [ -51.229707, -24.210004 ], [ -51.235158, -24.217026 ], [ -51.245029, -24.220141 ], [ -51.248323, -24.211513 ], [ -51.255221, -24.207718 ], [ -51.258659, -24.218079 ], [ -51.259292, -24.211947 ], [ -51.266712, -24.207009 ], [ -51.266265, -24.203979 ], [ -51.276132, -24.200213 ], [ -51.279459, -24.20205 ], [ -51.289047, -24.194235 ], [ -51.286515, -24.186901 ], [ -51.293902, -24.182476 ], [ -51.29324, -24.174722 ], [ -51.298577, -24.174159 ], [ -51.302607, -24.18512 ], [ -51.307155, -24.181365 ], [ -51.317744, -24.181453 ], [ -51.316588, -24.172395 ], [ -51.321719, -24.168413 ], [ -51.32219, -24.160915 ], [ -51.333324, -24.15842 ], [ -51.339573, -24.158458 ], [ -51.338601, -24.151629 ], [ -51.341433, -24.148395 ], [ -51.344102, -24.149739 ], [ -51.357283, -24.157814 ], [ -51.360068, -24.149512 ], [ -51.364431, -24.152718 ], [ -51.364074, -24.1423 ], [ -51.372042, -24.142106 ], [ -51.373964, -24.13507 ], [ -51.364879, -24.140931 ], [ -51.36171, -24.134734 ], [ -51.36455, -24.132518 ], [ -51.353017, -24.124983 ], [ -51.356681, -24.12188 ], [ -51.34766, -24.115174 ], [ -51.346962, -24.133161 ], [ -51.344539, -24.128589 ], [ -51.341875, -24.132723 ], [ -51.329551, -24.13109 ], [ -51.326322, -24.122074 ], [ -51.323302, -24.125963 ], [ -51.3206, -24.130546 ], [ -51.313189, -24.126499 ], [ -51.308854, -24.133624 ], [ -51.305385, -24.127372 ], [ -51.299186, -24.130294 ], [ -51.305021, -24.121249 ], [ -51.303684, -24.113259 ], [ -51.295847, -24.116809 ], [ -51.285051, -24.109932 ], [ -51.28932, -24.104902 ], [ -51.295077, -24.105166 ], [ -51.290689, -24.099614 ], [ -51.283819, -24.100275 ], [ -51.292877, -24.094734 ], [ -51.285663, -24.093012 ], [ -51.282291, -24.096246 ], [ -51.279464, -24.102075 ], [ -51.275822, -24.099693 ], [ -51.267631, -24.109307 ], [ -51.262192, -24.110254 ], [ -51.262992, -24.107302 ], [ -51.254574, -24.101116 ], [ -51.263742, -24.098799 ], [ -51.264604, -24.095305 ], [ -51.254768, -24.095246 ], [ -51.255462, -24.089474 ], [ -51.243632, -24.09482 ], [ -51.237795, -24.101382 ], [ -51.236093, -24.096661 ], [ -51.240186, -24.092258 ], [ -51.231353, -24.085377 ], [ -51.222543, -24.089784 ], [ -51.224045, -24.094438 ], [ -51.217209, -24.105268 ], [ -51.207967, -24.106461 ], [ -51.204715, -24.102634 ], [ -51.197464, -24.103156 ], [ -51.197124, -24.099181 ], [ -51.19416, -24.102627 ], [ -51.177516, -24.099948 ], [ -51.181021, -24.093849 ], [ -51.176682, -24.090414 ], [ -51.173543, -24.093579 ], [ -51.168683, -24.091278 ], [ -51.170467, -24.096561 ], [ -51.166541, -24.097923 ], [ -51.166321, -24.090105 ], [ -51.170879, -24.08854 ], [ -51.171577, -24.080036 ], [ -51.167767, -24.080192 ], [ -51.166579, -24.084121 ], [ -51.164825, -24.078946 ], [ -51.156045, -24.083258 ], [ -51.151934, -24.081412 ], [ -51.154376, -24.071057 ], [ -51.144215, -24.073357 ], [ -51.144494, -24.078045 ], [ -51.142159, -24.075123 ], [ -51.135917, -24.075982 ], [ -51.130544, -24.069845 ], [ -51.113779, -24.084796 ], [ -51.109921, -24.07956 ], [ -51.103642, -24.080481 ], [ -51.105353, -24.075893 ], [ -51.101499, -24.073148 ], [ -51.08495, -24.07394 ], [ -51.083513, -24.059405 ], [ -51.08023, -24.056784 ], [ -51.081365, -24.043553 ], [ -51.095545, -24.032399 ], [ -51.096586, -24.029915 ], [ -51.091097, -24.014721 ], [ -51.099445, -24.00084 ], [ -51.095037, -23.987532 ], [ -51.094769, -23.975988 ], [ -51.108802, -23.966939 ], [ -51.113165, -23.955474 ], [ -51.112073, -23.942196 ], [ -51.088736, -23.929135 ], [ -51.086878, -23.920395 ], [ -51.082156, -23.916381 ], [ -51.08141, -23.905479 ], [ -51.066497, -23.909029 ], [ -51.071355, -23.913524 ], [ -51.069265, -23.916049 ], [ -51.050661, -23.913886 ], [ -51.04153, -23.905536 ], [ -51.023996, -23.906355 ], [ -51.026042, -23.910886 ], [ -51.019451, -23.916113 ], [ -51.01602, -23.918197 ], [ -50.999987, -23.912364 ], [ -50.99999, -23.900712 ], [ -50.993993, -23.906033 ], [ -50.990044, -23.90141 ], [ -50.979318, -23.902247 ], [ -50.979912, -23.89866 ], [ -50.981124, -23.894659 ], [ -50.979395, -23.894812 ], [ -50.974898, -23.893263 ], [ -50.972731, -23.887716 ], [ -50.971408, -23.893908 ], [ -50.966432, -23.896689 ], [ -50.964128, -23.894829 ], [ -50.960687, -23.899605 ], [ -50.95757, -23.898885 ], [ -50.958404, -23.894725 ], [ -50.95224, -23.894126 ], [ -50.957051, -23.88667 ], [ -50.950472, -23.88736 ], [ -50.949493, -23.884781 ], [ -50.961433, -23.885755 ], [ -50.963101, -23.883254 ], [ -50.95588, -23.871285 ], [ -50.968125, -23.863272 ], [ -50.957019, -23.859455 ], [ -50.962877, -23.852623 ], [ -50.95888, -23.847972 ], [ -50.948419, -23.852213 ], [ -50.943906, -23.852123 ], [ -50.943022, -23.84763 ], [ -50.946855, -23.839002 ], [ -50.939854, -23.841128 ], [ -50.937517, -23.836565 ], [ -50.931018, -23.835305 ], [ -50.933522, -23.829032 ], [ -50.93949, -23.829071 ], [ -50.936714, -23.818568 ], [ -50.921462, -23.82052 ], [ -50.903819, -23.817343 ], [ -50.908905, -23.811483 ], [ -50.909208, -23.804399 ], [ -50.898574, -23.795083 ], [ -50.884828, -23.808293 ], [ -50.885622, -23.822939 ], [ -50.893882, -23.832686 ], [ -50.895295, -23.839713 ], [ -50.881214, -23.847999 ], [ -50.876381, -23.858077 ], [ -50.868387, -23.863203 ], [ -50.859603, -23.865546 ], [ -50.847234, -23.879155 ], [ -50.845801, -23.894049 ], [ -50.818324, -23.876968 ], [ -50.804434, -23.875932 ], [ -50.789853, -23.888202 ], [ -50.786652, -23.905092 ], [ -50.779021, -23.908685 ], [ -50.771244, -23.919238 ], [ -50.754958, -23.922205 ], [ -50.744655, -23.933505 ], [ -50.735873, -23.93524 ], [ -50.731354, -23.935695 ], [ -50.729853, -23.94028 ], [ -50.740294, -23.964675 ], [ -50.744209, -23.96731 ], [ -50.761875, -23.967386 ], [ -50.756992, -23.975606 ], [ -50.734211, -23.9852 ], [ -50.742561, -24.0011 ], [ -50.742166, -24.006677 ], [ -50.718571, -24.029104 ], [ -50.702346, -24.024415 ], [ -50.695264, -24.016528 ], [ -50.700267, -24.013587 ], [ -50.699928, -24.009873 ], [ -50.694244, -24.013734 ], [ -50.692265, -24.010801 ], [ -50.697014, -24.002747 ], [ -50.690211, -24.008861 ], [ -50.688125, -24.002448 ], [ -50.671888, -24.003329 ], [ -50.661741, -23.992918 ], [ -50.647687, -23.993915 ], [ -50.648121, -23.987639 ], [ -50.645899, -23.985495 ], [ -50.629961, -23.992415 ], [ -50.627356, -23.987697 ], [ -50.621938, -23.989332 ], [ -50.620041, -23.985805 ], [ -50.613073, -23.990232 ], [ -50.610178, -23.983702 ], [ -50.607545, -23.993717 ], [ -50.601264, -23.985868 ], [ -50.594711, -23.990584 ], [ -50.58949, -23.989899 ], [ -50.588151, -23.984719 ], [ -50.582466, -23.981547 ], [ -50.578979, -23.983211 ], [ -50.582682, -23.977096 ], [ -50.577679, -23.967787 ], [ -50.570377, -23.969986 ], [ -50.565127, -23.964214 ], [ -50.553626, -23.963505 ], [ -50.546767, -23.960142 ], [ -50.544964, -23.952811 ], [ -50.545572, -23.9475 ], [ -50.534072, -23.933594 ], [ -50.537267, -23.923441 ], [ -50.482767, -23.951058 ], [ -50.463764, -23.959175 ], [ -50.448508, -23.958738 ], [ -50.442641, -23.960298 ], [ -50.439116, -23.952686 ], [ -50.434729, -23.958475 ], [ -50.431299, -23.955858 ], [ -50.428073, -23.958414 ], [ -50.417721, -23.950444 ], [ -50.413197, -23.945828 ], [ -50.415137, -23.940138 ], [ -50.40961, -23.938502 ], [ -50.409636, -23.93319 ], [ -50.406149, -23.934337 ], [ -50.404876, -23.928457 ], [ -50.395429, -23.919905 ], [ -50.401466, -23.913175 ], [ -50.399797, -23.909966 ], [ -50.397569, -23.912175 ], [ -50.396869, -23.906189 ], [ -50.402486, -23.89907 ], [ -50.393291, -23.894813 ], [ -50.398045, -23.891804 ], [ -50.394393, -23.887921 ], [ -50.396585, -23.885503 ], [ -50.382905, -23.8674 ], [ -50.383134, -23.85877 ], [ -50.366228, -23.861914 ], [ -50.370851, -23.870694 ], [ -50.356987, -23.878811 ], [ -50.361071, -23.882244 ], [ -50.362296, -23.890234 ], [ -50.365407, -23.89101 ], [ -50.36701, -23.885649 ], [ -50.375988, -23.896509 ], [ -50.367122, -23.896066 ], [ -50.371041, -23.903074 ], [ -50.359794, -23.905172 ], [ -50.36146, -23.896896 ], [ -50.348294, -23.891734 ], [ -50.34482, -23.896178 ], [ -50.349318, -23.906653 ], [ -50.344346, -23.907797 ], [ -50.340177, -23.916573 ], [ -50.330344, -23.909296 ], [ -50.324563, -23.915604 ], [ -50.320626, -23.911075 ], [ -50.323734, -23.918606 ], [ -50.318241, -23.921008 ], [ -50.324871, -23.925865 ], [ -50.317959, -23.92917 ], [ -50.32268, -23.938074 ], [ -50.318485, -23.947044 ], [ -50.31163, -23.948964 ], [ -50.289836, -23.958512 ], [ -50.28206, -23.961784 ], [ -50.273986, -23.954724 ], [ -50.26752, -23.955428 ], [ -50.266891, -23.963955 ], [ -50.260104, -23.958246 ], [ -50.259711, -23.961348 ], [ -50.246706, -23.962306 ], [ -50.256502, -23.969851 ], [ -50.25412, -23.975411 ], [ -50.252079, -23.977339 ], [ -50.249155, -23.970461 ], [ -50.246682, -23.97299 ], [ -50.237402, -23.964278 ], [ -50.235627, -23.970924 ], [ -50.228459, -23.973968 ], [ -50.229959, -23.979531 ], [ -50.224067, -23.985076 ], [ -50.226817, -23.987174 ], [ -50.222095, -23.988249 ], [ -50.227567, -23.991797 ], [ -50.220333, -23.996975 ], [ -50.21868, -23.999162 ], [ -50.213817, -23.996699 ], [ -50.213267, -24.003077 ], [ -50.210128, -24.002119 ], [ -50.205189, -24.01197 ], [ -50.197407, -24.013164 ], [ -50.191666, -24.02116 ], [ -50.192652, -24.027373 ], [ -50.184261, -24.023689 ], [ -50.181297, -24.028385 ], [ -50.176587, -24.029626 ], [ -50.174872, -24.027049 ], [ -50.168511, -24.032389 ], [ -50.153817, -24.024094 ], [ -50.154436, -24.029455 ], [ -50.150678, -24.031803 ], [ -50.15481, -24.033479 ], [ -50.151332, -24.037518 ], [ -50.144695, -24.036028 ], [ -50.147706, -24.039292 ], [ -50.140707, -24.040384 ], [ -50.13711, -24.037468 ], [ -50.133945, -24.04113 ], [ -50.132158, -24.052766 ], [ -50.129317, -24.053601 ], [ -50.132962, -24.056459 ], [ -50.128684, -24.061284 ], [ -50.111471, -24.067607 ], [ -50.113589, -24.0714 ], [ -50.1068, -24.07571 ], [ -50.110952, -24.085041 ], [ -50.10478, -24.089177 ], [ -50.106986, -24.090585 ], [ -50.097986, -24.088904 ], [ -50.095314, -24.091586 ], [ -50.098086, -24.095567 ], [ -50.094108, -24.100183 ], [ -50.099223, -24.112044 ], [ -50.093915, -24.114709 ], [ -50.096643, -24.119658 ], [ -50.102656, -24.120221 ], [ -50.101774, -24.126561 ], [ -50.108961, -24.133775 ], [ -50.114914, -24.126898 ], [ -50.122097, -24.13748 ], [ -50.117893, -24.139376 ], [ -50.124697, -24.14515 ], [ -50.142161, -24.146612 ], [ -50.144415, -24.143777 ], [ -50.147693, -24.14739 ], [ -50.146439, -24.151028 ], [ -50.151351, -24.153249 ], [ -50.148367, -24.159045 ], [ -50.152061, -24.161746 ], [ -50.1545, -24.158372 ], [ -50.156563, -24.162766 ], [ -50.158199, -24.159845 ], [ -50.162713, -24.16163 ], [ -50.160091, -24.165214 ], [ -50.164441, -24.168927 ], [ -50.167813, -24.168529 ], [ -50.169046, -24.172107 ], [ -50.17804, -24.169903 ], [ -50.176741, -24.174078 ], [ -50.185023, -24.172318 ], [ -50.186209, -24.177007 ], [ -50.182902, -24.179433 ], [ -50.190542, -24.179275 ], [ -50.196116, -24.19536 ], [ -50.193449, -24.199988 ], [ -50.19664, -24.201291 ], [ -50.19739, -24.209123 ], [ -50.20059, -24.209534 ], [ -50.2011, -24.219352 ], [ -50.195895, -24.223783 ], [ -50.205539, -24.23203 ], [ -50.205486, -24.243812 ], [ -50.192374, -24.260019 ], [ -50.191846, -24.280356 ], [ -50.187727, -24.286346 ], [ -50.184567, -24.290116 ], [ -50.193712, -24.303347 ], [ -50.188599, -24.31383 ], [ -50.19337, -24.327968 ], [ -50.175181, -24.33731 ], [ -50.169704, -24.353185 ], [ -50.176368, -24.373132 ], [ -50.184369, -24.374325 ], [ -50.19151, -24.389045 ], [ -50.197096, -24.392911 ], [ -50.198346, -24.405446 ], [ -50.209232, -24.4243 ], [ -50.179625, -24.449376 ] ], [ [ -50.731543, -24.578242 ], [ -50.733324, -24.577487 ], [ -50.733324, -24.577488 ], [ -50.731543, -24.578242 ] ], [ [ -50.705895, -24.534354 ], [ -50.704716, -24.537675 ], [ -50.705894, -24.534354 ], [ -50.705895, -24.534354 ] ] ] } },
{ "type": "Feature", "properties": { "HREG_ID": "41022", "HREG_NAME": "22ª RS Ivaipora", "id": "410165", "name": "Arapuã", "description": "Arapuã", "MUN_ID": "410165", "UF": "PR", "MACRO_ID": "4105", "MACRO_NAME": "Macrorregião Norte" }, "geometry": { "type": "MultiPolygon", "coordinates": [ [ [ [ -51.902716, -24.772484 ], [ -51.896623, -24.772084 ], [ -51.890287, -24.778295 ], [ -51.873581, -24.781141 ], [ -51.8682, -24.789086 ], [ -51.866969, -24.812646 ], [ -51.858273, -24.819821 ], [ -51.856008, -24.832836 ], [ -51.843959, -24.844537 ], [ -51.835462, -24.843431 ], [ -51.82452, -24.849756 ], [ -51.820275, -24.848965 ], [ -51.815815, -24.848535 ], [ -51.8111, -24.856469 ], [ -51.809323, -24.857409 ], [ -51.785352, -24.870907 ], [ -51.77999, -24.877292 ], [ -51.749992, -24.914991 ], [ -51.73886, -24.919144 ], [ -51.736215, -24.926153 ], [ -51.735826, -24.941549 ], [ -51.743688, -24.959831 ], [ -51.761073, -24.970192 ], [ -51.770984, -24.966516 ], [ -51.776771, -24.968084 ], [ -51.772245, -24.982424 ], [ -51.775433, -24.985619 ], [ -51.756965, -24.981653 ], [ -51.724189, -24.992318 ], [ -51.708201, -25.01174 ], [ -51.696495, -25.010466 ], [ -51.69184, -25.014758 ], [ -51.660982, -25.011292 ], [ -51.655211, -25.016028 ], [ -51.64206, -25.016087 ], [ -51.648005, -25.035201 ], [ -51.658402, -25.037981 ], [ -51.664288, -25.053961 ], [ -51.663601, -25.061082 ], [ -51.676507, -25.054152 ], [ -51.693367, -25.044945 ], [ -51.703964, -25.046607 ], [ -51.734922, -25.038712 ], [ -51.749007, -25.041767 ], [ -51.757538, -25.033864 ], [ -51.76345, -25.037855 ], [ -51.772374, -25.023185 ], [ -51.788635, -25.020279 ], [ -51.79049, -25.017347 ], [ -51.796635, -25.020065 ], [ -51.801359, -25.014604 ], [ -51.806738, -25.018481 ], [ -51.81508, -25.012477 ], [ -51.82243, -25.012806 ], [ -51.819714, -25.006543 ], [ -51.828503, -25.002961 ], [ -51.83771, -24.996564 ], [ -51.841686, -25.002009 ], [ -51.849165, -24.99081 ], [ -51.861329, -24.986762 ], [ -51.862017, -24.991086 ], [ -51.857097, -24.996041 ], [ -51.868579, -24.995467 ], [ -51.866296, -25.003679 ], [ -51.879716, -25.00288 ], [ -51.888993, -24.996894 ], [ -51.892929, -24.99777 ], [ -51.894603, -25.000175 ], [ -51.889772, -25.003447 ], [ -51.891997, -25.008326 ], [ -51.888545, -25.011582 ], [ -51.894272, -25.015454 ], [ -51.898092, -25.014378 ], [ -51.90164, -25.017782 ], [ -51.904404, -25.013656 ], [ -51.912796, -25.014674 ], [ -51.908256, -25.023352 ], [ -51.910853, -25.028258 ], [ -51.919504, -25.023154 ], [ -51.921864, -25.027761 ], [ -51.92482, -25.027274 ], [ -51.923668, -25.021033 ], [ -51.928847, -25.019372 ], [ -51.92855, -25.013891 ], [ -51.935832, -25.011362 ], [ -51.945304, -25.021622 ], [ -51.946224, -25.003759 ], [ -51.951496, -25.002355 ], [ -51.95505, -25.008514 ], [ -51.962907, -25.008191 ], [ -51.962852, -25.016244 ], [ -51.97323, -25.02217 ], [ -51.96659, -25.031761 ], [ -51.972122, -25.033524 ], [ -51.981938, -25.03012 ], [ -51.977966, -25.021026 ], [ -51.980705, -25.013942 ], [ -51.986956, -25.019853 ], [ -51.99418, -25.016207 ], [ -51.982341, -25.000537 ], [ -51.980945, -24.993179 ], [ -51.984133, -24.992562 ], [ -51.992497, -24.996101 ], [ -51.996555, -24.989736 ], [ -52.00038, -24.990752 ], [ -52.004875, -24.996201 ], [ -52.002451, -25.000262 ], [ -52.006347, -25.006756 ], [ -52.018096, -24.995357 ], [ -52.023476, -25.00236 ], [ -52.026426, -24.997177 ], [ -52.029575, -24.998994 ], [ -52.034011, -24.996087 ], [ -52.025161, -24.98875 ], [ -52.046084, -24.988354 ], [ -52.043333, -24.982329 ], [ -52.030302, -24.978311 ], [ -52.032073, -24.974619 ], [ -52.048963, -24.978669 ], [ -52.059695, -24.994695 ], [ -52.066064, -24.99193 ], [ -52.077174, -24.996955 ], [ -52.078609, -24.999274 ], [ -52.071557, -25.006943 ], [ -52.074525, -25.014456 ], [ -52.083376, -25.016704 ], [ -52.077815, -25.003899 ], [ -52.082387, -24.999333 ], [ -52.085379, -24.985129 ], [ -52.091749, -24.983107 ], [ -52.087174, -24.987083 ], [ -52.088785, -24.989969 ], [ -52.097117, -24.987636 ], [ -52.090218, -24.994216 ], [ -52.095223, -24.997359 ], [ -52.103774, -24.985208 ], [ -52.121908, -24.981879 ], [ -52.109864, -24.971733 ], [ -52.105747, -24.959841 ], [ -52.114144, -24.960337 ], [ -52.122397, -24.966432 ], [ -52.129409, -24.965117 ], [ -52.128982, -24.975297 ], [ -52.134409, -24.972504 ], [ -52.134832, -24.964771 ], [ -52.142969, -24.964425 ], [ -52.149376, -24.967687 ], [ -52.151446, -24.963662 ], [ -52.14798, -24.961599 ], [ -52.151754, -24.954386 ], [ -52.14301, -24.952781 ], [ -52.143918, -24.949311 ], [ -52.151299, -24.947741 ], [ -52.145335, -24.945327 ], [ -52.143202, -24.938111 ], [ -52.147877, -24.931708 ], [ -52.14414, -24.930837 ], [ -52.141259, -24.934275 ], [ -52.138287, -24.929948 ], [ -52.146546, -24.92092 ], [ -52.139196, -24.922161 ], [ -52.139742, -24.918842 ], [ -52.133844, -24.918897 ], [ -52.132961, -24.914236 ], [ -52.118033, -24.911912 ], [ -52.115818, -24.90323 ], [ -52.109388, -24.904781 ], [ -52.111065, -24.899653 ], [ -52.105824, -24.8999 ], [ -52.101756, -24.895006 ], [ -52.101164, -24.887487 ], [ -52.09212, -24.887852 ], [ -52.093766, -24.884195 ], [ -52.087056, -24.882315 ], [ -52.066556, -24.883309 ], [ -52.06013, -24.877554 ], [ -52.046475, -24.877337 ], [ -52.046405, -24.877372 ], [ -52.044833, -24.877311 ], [ -52.039396, -24.874339 ], [ -52.040394, -24.866441 ], [ -52.047228, -24.864165 ], [ -52.049648, -24.855402 ], [ -52.053722, -24.85551 ], [ -52.053641, -24.850544 ], [ -52.057426, -24.849289 ], [ -52.053674, -24.845343 ], [ -52.057067, -24.835158 ], [ -52.053118, -24.833666 ], [ -52.058384, -24.829275 ], [ -52.053768, -24.824541 ], [ -52.052646, -24.820268 ], [ -52.057077, -24.818191 ], [ -52.054343, -24.814364 ], [ -52.058393, -24.813695 ], [ -52.060381, -24.817785 ], [ -52.063577, -24.81425 ], [ -52.066962, -24.819894 ], [ -52.070462, -24.815917 ], [ -52.066929, -24.812165 ], [ -52.073776, -24.813886 ], [ -52.081946, -24.809348 ], [ -52.083062, -24.812985 ], [ -52.09017, -24.808742 ], [ -52.094068, -24.81108 ], [ -52.099384, -24.804443 ], [ -52.094255, -24.803693 ], [ -52.098676, -24.800091 ], [ -52.095637, -24.797223 ], [ -52.103375, -24.795454 ], [ -52.104192, -24.789045 ], [ -52.099779, -24.786647 ], [ -52.108705, -24.786631 ], [ -52.106329, -24.783148 ], [ -52.096332, -24.782493 ], [ -52.093611, -24.780774 ], [ -52.095868, -24.778569 ], [ -52.089917, -24.776973 ], [ -52.076632, -24.770631 ], [ -52.073035, -24.780951 ], [ -52.071689, -24.77872 ], [ -52.062733, -24.783142 ], [ -52.066876, -24.788112 ], [ -52.062546, -24.7854 ], [ -52.053943, -24.787143 ], [ -52.046236, -24.785691 ], [ -52.047651, -24.782463 ], [ -52.04405, -24.778548 ], [ -52.038917, -24.786894 ], [ -52.036432, -24.772583 ], [ -52.040033, -24.772993 ], [ -52.040882, -24.763967 ], [ -52.034379, -24.770684 ], [ -52.026948, -24.767337 ], [ -52.030012, -24.762143 ], [ -52.010177, -24.763158 ], [ -52.009989, -24.766071 ], [ -52.001151, -24.763266 ], [ -52.002144, -24.772032 ], [ -52.007351, -24.772675 ], [ -52.003486, -24.776148 ], [ -52.005716, -24.780047 ], [ -51.996839, -24.777827 ], [ -51.987474, -24.777012 ], [ -51.987417, -24.771742 ], [ -51.983314, -24.771947 ], [ -51.976652, -24.7659 ], [ -51.97328, -24.767555 ], [ -51.960069, -24.761878 ], [ -51.954569, -24.766334 ], [ -51.955617, -24.772369 ], [ -51.950344, -24.772812 ], [ -51.947444, -24.76788 ], [ -51.950731, -24.760663 ], [ -51.942205, -24.765139 ], [ -51.93717, -24.762368 ], [ -51.941286, -24.755081 ], [ -51.933526, -24.758767 ], [ -51.933356, -24.753577 ], [ -51.931368, -24.7559 ], [ -51.926592, -24.752491 ], [ -51.919553, -24.753821 ], [ -51.918371, -24.757063 ], [ -51.911812, -24.766203 ], [ -51.902631, -24.764813 ], [ -51.902716, -24.772484 ] ] ], [ [ [ -52.093068, -24.612394 ], [ -52.089793, -24.613844 ], [ -52.09248, -24.614505 ], [ -52.09233, -24.623008 ], [ -52.093221, -24.63581 ], [ -52.105577, -24.646105 ], [ -52.101519, -24.655449 ], [ -52.091344, -24.656862 ], [ -52.091998, -24.674879 ], [ -52.075703, -24.693899 ], [ -52.082019, -24.702152 ], [ -52.090756, -24.706378 ], [ -52.094189, -24.722957 ], [ -52.08785, -24.724923 ], [ -52.09149, -24.728037 ], [ -52.103832, -24.738593 ], [ -52.104917, -24.747626 ], [ -52.11715, -24.761468 ], [ -52.116038, -24.777738 ], [ -52.119471, -24.77859 ], [ -52.128669, -24.775693 ], [ -52.125658, -24.782064 ], [ -52.118953, -24.785195 ], [ -52.121326, -24.786789 ], [ -52.133685, -24.783553 ], [ -52.136454, -24.787316 ], [ -52.142563, -24.781001 ], [ -52.151479, -24.780971 ], [ -52.148968, -24.787974 ], [ -52.155845, -24.790186 ], [ -52.156353, -24.795961 ], [ -52.168934, -24.796468 ], [ -52.177016, -24.791428 ], [ -52.166398, -24.78553 ], [ -52.17262, -24.784125 ], [ -52.17687, -24.777738 ], [ -52.185905, -24.776985 ], [ -52.177751, -24.773855 ], [ -52.183928, -24.768007 ], [ -52.200623, -24.765972 ], [ -52.20628, -24.771348 ], [ -52.204586, -24.76647 ], [ -52.209589, -24.762103 ], [ -52.203487, -24.758868 ], [ -52.208755, -24.75689 ], [ -52.219091, -24.758483 ], [ -52.217723, -24.771874 ], [ -52.222332, -24.768362 ], [ -52.233219, -24.770564 ], [ -52.241279, -24.768135 ], [ -52.228549, -24.777267 ], [ -52.232662, -24.781051 ], [ -52.245195, -24.776171 ], [ -52.24933, -24.776525 ], [ -52.254086, -24.771556 ], [ -52.266353, -24.781883 ], [ -52.27744, -24.777869 ], [ -52.283144, -24.779215 ], [ -52.288186, -24.772296 ], [ -52.280901, -24.758037 ], [ -52.284619, -24.757816 ], [ -52.290975, -24.767307 ], [ -52.298768, -24.760656 ], [ -52.290119, -24.747164 ], [ -52.310636, -24.738926 ], [ -52.304237, -24.733737 ], [ -52.290615, -24.735437 ], [ -52.287299, -24.733607 ], [ -52.290406, -24.730993 ], [ -52.30615, -24.725888 ], [ -52.322979, -24.729991 ], [ -52.330718, -24.720823 ], [ -52.334508, -24.725502 ], [ -52.334234, -24.733128 ], [ -52.326191, -24.734929 ], [ -52.324715, -24.738826 ], [ -52.327616, -24.743074 ], [ -52.33743, -24.741117 ], [ -52.344832, -24.745461 ], [ -52.341039, -24.750686 ], [ -52.36106, -24.756673 ], [ -52.363093, -24.751931 ], [ -52.368123, -24.756202 ], [ -52.370735, -24.752657 ], [ -52.37605, -24.754859 ], [ -52.382252, -24.745313 ], [ -52.370053, -24.743947 ], [ -52.368181, -24.739159 ], [ -52.379539, -24.737669 ], [ -52.378715, -24.734004 ], [ -52.386063, -24.733123 ], [ -52.38782, -24.727613 ], [ -52.394034, -24.729704 ], [ -52.393606, -24.716128 ], [ -52.390353, -24.718862 ], [ -52.389222, -24.711491 ], [ -52.383172, -24.713182 ], [ -52.383002, -24.708067 ], [ -52.369136, -24.706761 ], [ -52.372247, -24.701154 ], [ -52.37046, -24.692477 ], [ -52.364098, -24.696492 ], [ -52.361721, -24.6908 ], [ -52.344603, -24.690399 ], [ -52.34635, -24.679367 ], [ -52.338824, -24.678349 ], [ -52.339189, -24.685312 ], [ -52.334502, -24.68317 ], [ -52.332472, -24.686066 ], [ -52.331941, -24.682004 ], [ -52.325381, -24.680189 ], [ -52.325576, -24.673519 ], [ -52.320966, -24.672706 ], [ -52.323577, -24.666089 ], [ -52.319925, -24.661555 ], [ -52.316463, -24.665018 ], [ -52.307201, -24.661816 ], [ -52.305296, -24.664687 ], [ -52.302703, -24.659477 ], [ -52.297086, -24.664101 ], [ -52.297407, -24.656988 ], [ -52.288511, -24.659909 ], [ -52.284705, -24.657318 ], [ -52.283016, -24.648668 ], [ -52.279318, -24.651564 ], [ -52.267454, -24.639079 ], [ -52.254049, -24.639688 ], [ -52.244172, -24.635376 ], [ -52.241749, -24.629491 ], [ -52.233337, -24.630159 ], [ -52.228959, -24.623108 ], [ -52.218201, -24.619744 ], [ -52.196313, -24.618666 ], [ -52.189963, -24.622527 ], [ -52.177142, -24.623147 ], [ -52.172776, -24.632354 ], [ -52.151505, -24.623637 ], [ -52.148298, -24.625126 ], [ -52.132541, -24.623922 ], [ -52.118783, -24.61345 ], [ -52.119452, -24.609095 ], [ -52.114493, -24.609326 ], [ -52.115419, -24.605671 ], [ -52.111528, -24.606774 ], [ -52.113259, -24.601229 ], [ -52.10603, -24.602676 ], [ -52.107865, -24.598692 ], [ -52.102731, -24.597251 ], [ -52.09413, -24.596372 ], [ -52.088273, -24.604243 ], [ -52.089946, -24.607573 ], [ -52.08687, -24.608132 ], [ -52.093068, -24.612394 ] ] ], [ [ [ -51.827332, -24.456843 ], [ -51.825157, -24.461393 ], [ -51.833385, -24.465224 ], [ -51.832332, -24.471033 ], [ -51.826459, -24.475342 ], [ -51.83289, -24.489189 ], [ -51.830993, -24.494021 ], [ -51.836239, -24.496885 ], [ -51.843534, -24.491114 ], [ -51.852092, -24.496179 ], [ -51.854487, -24.494474 ], [ -51.851834, -24.487046 ], [ -51.855355, -24.487554 ], [ -51.859004, -24.492448 ], [ -51.855627, -24.508536 ], [ -51.853927, -24.510999 ], [ -51.851584, -24.507614 ], [ -51.848636, -24.513339 ], [ -51.844627, -24.507917 ], [ -51.838556, -24.515838 ], [ -51.835271, -24.518671 ], [ -51.837184, -24.527424 ], [ -51.83129, -24.535555 ], [ -51.835856, -24.537202 ], [ -51.837655, -24.532758 ], [ -51.843433, -24.533442 ], [ -51.845582, -24.529367 ], [ -51.848723, -24.530783 ], [ -51.848555, -24.535963 ], [ -51.855595, -24.536855 ], [ -51.859156, -24.533246 ], [ -51.860515, -24.53728 ], [ -51.8556, -24.542761 ], [ -51.863687, -24.547057 ], [ -51.859178, -24.553588 ], [ -51.861609, -24.557106 ], [ -51.867316, -24.547329 ], [ -51.87709, -24.550777 ], [ -51.871132, -24.557847 ], [ -51.878697, -24.560884 ], [ -51.869911, -24.569626 ], [ -51.87193, -24.572501 ], [ -51.877751, -24.570582 ], [ -51.873787, -24.576553 ], [ -51.876341, -24.582861 ], [ -51.877696, -24.592173 ], [ -51.889424, -24.594911 ], [ -51.893865, -24.596589 ], [ -51.892431, -24.598776 ], [ -51.904007, -24.602051 ], [ -51.914017, -24.605763 ], [ -51.926841, -24.600559 ], [ -51.945168, -24.598639 ], [ -51.956974, -24.608987 ], [ -51.969184, -24.614082 ], [ -51.974354, -24.614514 ], [ -51.979117, -24.615881 ], [ -51.978945, -24.619571 ], [ -51.987756, -24.611977 ], [ -52.00408, -24.60988 ], [ -51.996494, -24.602549 ], [ -51.999029, -24.592642 ], [ -52.030509, -24.582152 ], [ -52.035444, -24.57639 ], [ -52.030996, -24.573946 ], [ -52.035483, -24.570607 ], [ -52.032867, -24.565701 ], [ -52.038909, -24.566181 ], [ -52.039523, -24.571292 ], [ -52.044719, -24.568901 ], [ -52.044213, -24.565209 ], [ -52.047036, -24.566244 ], [ -52.041097, -24.562936 ], [ -52.045021, -24.556727 ], [ -52.038962, -24.54968 ], [ -52.040901, -24.543221 ], [ -52.035445, -24.542582 ], [ -52.041933, -24.540009 ], [ -52.042085, -24.533137 ], [ -52.049235, -24.536183 ], [ -52.051485, -24.528461 ], [ -52.045727, -24.520905 ], [ -52.045447, -24.525737 ], [ -52.041526, -24.525805 ], [ -52.045805, -24.516007 ], [ -52.033199, -24.518233 ], [ -52.038145, -24.511335 ], [ -52.032629, -24.511967 ], [ -52.027184, -24.506413 ], [ -52.04121, -24.502122 ], [ -52.036297, -24.500951 ], [ -52.035797, -24.495233 ], [ -52.028554, -24.495806 ], [ -52.022987, -24.488023 ], [ -52.013047, -24.483882 ], [ -52.018903, -24.480006 ], [ -52.023859, -24.4828 ], [ -52.026232, -24.48029 ], [ -52.026608, -24.477267 ], [ -52.018359, -24.477212 ], [ -52.016092, -24.470734 ], [ -52.022575, -24.467045 ], [ -52.028001, -24.468674 ], [ -52.030135, -24.465146 ], [ -52.024442, -24.460634 ], [ -52.030929, -24.459209 ], [ -52.032008, -24.448957 ], [ -52.02513, -24.450665 ], [ -52.021007, -24.449067 ], [ -52.037012, -24.443525 ], [ -52.026579, -24.437437 ], [ -52.018353, -24.443904 ], [ -52.01313, -24.440294 ], [ -52.016173, -24.4362 ], [ -52.025969, -24.435416 ], [ -52.025429, -24.428528 ], [ -52.030645, -24.427359 ], [ -52.033515, -24.413664 ], [ -52.042243, -24.408484 ], [ -52.042223, -24.407936 ], [ -52.037898, -24.406254 ], [ -52.021571, -24.411462 ], [ -52.023828, -24.405489 ], [ -52.018708, -24.398211 ], [ -52.023274, -24.394128 ], [ -52.009721, -24.396119 ], [ -52.023153, -24.379296 ], [ -52.003446, -24.377123 ], [ -52.009026, -24.371869 ], [ -52.007198, -24.365969 ], [ -52.013973, -24.365165 ], [ -52.014314, -24.361675 ], [ -52.001788, -24.35568 ], [ -51.998732, -24.365372 ], [ -51.98663, -24.36696 ], [ -51.996153, -24.353434 ], [ -52.006144, -24.347745 ], [ -52.004505, -24.342949 ], [ -51.99318, -24.343443 ], [ -52.000679, -24.33106 ], [ -51.993811, -24.327959 ], [ -51.990135, -24.327359 ], [ -51.989738, -24.320339 ], [ -51.982166, -24.31981 ], [ -51.997185, -24.308919 ], [ -51.993945, -24.297457 ], [ -51.990056, -24.296211 ], [ -51.982074, -24.304412 ], [ -51.978855, -24.297814 ], [ -51.983662, -24.293093 ], [ -51.980872, -24.287615 ], [ -51.983185, -24.283726 ], [ -51.990423, -24.287514 ], [ -51.998218, -24.28467 ], [ -51.98465, -24.280254 ], [ -51.991528, -24.270404 ], [ -51.976964, -24.269977 ], [ -51.970606, -24.272948 ], [ -51.970785, -24.258878 ], [ -51.960146, -24.260153 ], [ -51.958919, -24.25731 ], [ -51.974168, -24.25252 ], [ -51.975701, -24.248908 ], [ -51.969766, -24.246781 ], [ -51.954548, -24.249253 ], [ -51.953349, -24.246331 ], [ -51.957571, -24.240457 ], [ -51.96988, -24.231815 ], [ -51.96866, -24.229307 ], [ -51.948965, -24.231317 ], [ -51.946247, -24.228925 ], [ -51.9488, -24.224509 ], [ -51.959841, -24.221098 ], [ -51.96791, -24.2165 ], [ -51.964938, -24.210095 ], [ -51.969576, -24.205683 ], [ -51.975351, -24.220218 ], [ -51.971104, -24.226046 ], [ -51.979025, -24.22708 ], [ -51.982218, -24.212475 ], [ -51.992244, -24.202183 ], [ -51.984581, -24.195592 ], [ -52.009553, -24.191824 ], [ -52.009833, -24.187143 ], [ -52.002719, -24.182919 ], [ -51.996548, -24.180577 ], [ -51.99092, -24.182764 ], [ -51.98585, -24.189409 ], [ -51.976081, -24.182568 ], [ -51.969712, -24.177806 ], [ -51.967221, -24.18245 ], [ -51.970107, -24.197152 ], [ -51.961603, -24.200006 ], [ -51.956146, -24.182302 ], [ -51.970769, -24.163948 ], [ -51.954357, -24.165037 ], [ -51.950306, -24.161976 ], [ -51.95328, -24.156844 ], [ -51.956047, -24.149626 ], [ -51.949692, -24.144742 ], [ -51.941991, -24.146243 ], [ -51.94035, -24.155309 ], [ -51.923916, -24.163645 ], [ -51.919999, -24.163906 ], [ -51.92072, -24.143787 ], [ -51.924519, -24.140574 ], [ -51.943414, -24.138547 ], [ -51.93772, -24.129786 ], [ -51.92705, -24.127657 ], [ -51.925632, -24.12388 ], [ -51.923505, -24.113682 ], [ -51.897927, -24.121313 ], [ -51.889955, -24.118675 ], [ -51.88984, -24.115299 ], [ -51.912415, -24.109184 ], [ -51.91731, -24.103338 ], [ -51.923604, -24.089266 ], [ -51.914485, -24.083026 ], [ -51.917534, -24.078216 ], [ -51.935876, -24.079897 ], [ -51.938693, -24.068043 ], [ -51.957927, -24.068424 ], [ -51.951913, -24.052289 ], [ -51.953879, -24.04832 ], [ -51.955022, -24.043689 ], [ -51.951756, -24.043537 ], [ -51.943582, -24.054341 ], [ -51.93569, -24.051993 ], [ -51.929014, -24.04697 ], [ -51.947822, -24.038978 ], [ -51.94196, -24.030969 ], [ -51.947332, -24.02156 ], [ -51.94336, -24.011622 ], [ -51.936067, -24.00629 ], [ -51.948336, -24.001719 ], [ -51.954714, -24.001966 ], [ -51.958014, -23.994819 ], [ -51.947658, -23.99184 ], [ -51.936492, -23.994448 ], [ -51.94716, -23.982957 ], [ -51.945635, -23.973723 ], [ -51.955275, -23.971927 ], [ -51.965388, -23.974932 ], [ -51.956907, -23.958088 ], [ -51.965744, -23.953896 ], [ -51.967512, -23.948868 ], [ -51.958355, -23.949216 ], [ -51.959106, -23.935734 ], [ -51.941883, -23.944664 ], [ -51.936163, -23.941581 ], [ -51.936718, -23.938296 ], [ -51.956187, -23.929026 ], [ -51.939378, -23.91177 ], [ -51.938962, -23.907695 ], [ -51.934305, -23.907216 ], [ -51.929244, -23.911644 ], [ -51.933628, -23.923119 ], [ -51.927468, -23.926231 ], [ -51.912104, -23.917746 ], [ -51.892103, -23.900327 ], [ -51.884798, -23.902634 ], [ -51.883252, -23.907834 ], [ -51.883238, -23.908037 ], [ -51.882466, -23.920382 ], [ -51.878413, -23.923124 ], [ -51.864516, -23.922961 ], [ -51.857241, -23.929355 ], [ -51.852882, -23.933186 ], [ -51.840155, -23.932375 ], [ -51.822836, -23.924359 ], [ -51.795402, -23.919588 ], [ -51.790261, -23.928632 ], [ -51.783996, -23.92877 ], [ -51.765257, -23.938023 ], [ -51.756744, -23.937421 ], [ -51.740619, -23.930064 ], [ -51.725454, -23.930189 ], [ -51.723717, -23.933538 ], [ -51.730514, -23.93841 ], [ -51.73977, -23.944017 ], [ -51.73511, -23.951466 ], [ -51.727853, -23.952886 ], [ -51.717994, -23.94931 ], [ -51.699883, -23.95893 ], [ -51.676017, -23.958273 ], [ -51.67579, -23.958762 ], [ -51.68326, -23.975931 ], [ -51.702019, -23.9942 ], [ -51.704378, -24.005175 ], [ -51.697773, -24.005139 ], [ -51.686126, -23.993557 ], [ -51.674822, -24.001556 ], [ -51.672462, -24.003254 ], [ -51.66846, -24.004121 ], [ -51.649548, -23.993352 ], [ -51.633437, -24.004793 ], [ -51.637822, -24.009147 ], [ -51.658354, -24.030756 ], [ -51.65166, -24.046898 ], [ -51.645774, -24.048938 ], [ -51.640435, -24.045734 ], [ -51.631106, -24.020267 ], [ -51.625072, -24.018587 ], [ -51.618543, -24.025072 ], [ -51.611992, -24.024744 ], [ -51.611602, -24.031967 ], [ -51.606467, -24.036443 ], [ -51.578024, -24.020703 ], [ -51.573209, -24.029415 ], [ -51.561744, -24.030586 ], [ -51.553327, -24.024424 ], [ -51.556801, -24.018643 ], [ -51.550823, -24.015 ], [ -51.546773, -24.017516 ], [ -51.538161, -24.015989 ], [ -51.536722, -24.012461 ], [ -51.543209, -24.008013 ], [ -51.535408, -24.005984 ], [ -51.534974, -23.998586 ], [ -51.529415, -23.997798 ], [ -51.526658, -23.991873 ], [ -51.531237, -23.985738 ], [ -51.520569, -23.975061 ], [ -51.521246, -23.966575 ], [ -51.513214, -23.961634 ], [ -51.510765, -23.955135 ], [ -51.502696, -23.952528 ], [ -51.493884, -23.950086 ], [ -51.486124, -23.936486 ], [ -51.490113, -23.930528 ], [ -51.485328, -23.923225 ], [ -51.458828, -23.882771 ], [ -51.455626, -23.883732 ], [ -51.459433, -23.892955 ], [ -51.453354, -23.891159 ], [ -51.448028, -23.888696 ], [ -51.446105, -23.894982 ], [ -51.435017, -23.891495 ], [ -51.433717, -23.895199 ], [ -51.439737, -23.901173 ], [ -51.430765, -23.904877 ], [ -51.431738, -23.910883 ], [ -51.425824, -23.918797 ], [ -51.422965, -23.931183 ], [ -51.409766, -23.943214 ], [ -51.396298, -23.95488 ], [ -51.397714, -23.977783 ], [ -51.387317, -23.978433 ], [ -51.386131, -23.988979 ], [ -51.390011, -23.995356 ], [ -51.391629, -23.998014 ], [ -51.392998, -24.000265 ], [ -51.386605, -24.004236 ], [ -51.406661, -24.01244 ], [ -51.416185, -24.023835 ], [ -51.415962, -24.026647 ], [ -51.407801, -24.028245 ], [ -51.3912, -24.038978 ], [ -51.387851, -24.053483 ], [ -51.378932, -24.059744 ], [ -51.380967, -24.066052 ], [ -51.385632, -24.066446 ], [ -51.383517, -24.074179 ], [ -51.39953, -24.076183 ], [ -51.395311, -24.084134 ], [ -51.40163, -24.088471 ], [ -51.413627, -24.086212 ], [ -51.419597, -24.091067 ], [ -51.423102, -24.096352 ], [ -51.420071, -24.097373 ], [ -51.420209, -24.109179 ], [ -51.428329, -24.116859 ], [ -51.437712, -24.119045 ], [ -51.440269, -24.115047 ], [ -51.443713, -24.120473 ], [ -51.452839, -24.119128 ], [ -51.459579, -24.112661 ], [ -51.45238, -24.11053 ], [ -51.451328, -24.095661 ], [ -51.458717, -24.098489 ], [ -51.465398, -24.095945 ], [ -51.474066, -24.101582 ], [ -51.486881, -24.106002 ], [ -51.493158, -24.112558 ], [ -51.498163, -24.101044 ], [ -51.517255, -24.103877 ], [ -51.521212, -24.106085 ], [ -51.524276, -24.097211 ], [ -51.535797, -24.096061 ], [ -51.53485, -24.088998 ], [ -51.541876, -24.082568 ], [ -51.54983, -24.093109 ], [ -51.546237, -24.098421 ], [ -51.548857, -24.103949 ], [ -51.567293, -24.11222 ], [ -51.579657, -24.124974 ], [ -51.572068, -24.135176 ], [ -51.564189, -24.134366 ], [ -51.55197, -24.126009 ], [ -51.538858, -24.136394 ], [ -51.538508, -24.14346 ], [ -51.558302, -24.15669 ], [ -51.558457, -24.164526 ], [ -51.547923, -24.176287 ], [ -51.528576, -24.186278 ], [ -51.528056, -24.186364 ], [ -51.504159, -24.192973 ], [ -51.505047, -24.201937 ], [ -51.515655, -24.214384 ], [ -51.51628, -24.219661 ], [ -51.504485, -24.227327 ], [ -51.503765, -24.234786 ], [ -51.493293, -24.237931 ], [ -51.518563, -24.258454 ], [ -51.516342, -24.263273 ], [ -51.501536, -24.261396 ], [ -51.497344, -24.27594 ], [ -51.493094, -24.278532 ], [ -51.485049, -24.269619 ], [ -51.479584, -24.269001 ], [ -51.478909, -24.277639 ], [ -51.490122, -24.291697 ], [ -51.485743, -24.301153 ], [ -51.439947, -24.256707 ], [ -51.436119, -24.267226 ], [ -51.423175, -24.270206 ], [ -51.419681, -24.267789 ], [ -51.405631, -24.258325 ], [ -51.393406, -24.268944 ], [ -51.393166, -24.284618 ], [ -51.384705, -24.284274 ], [ -51.376104, -24.29039 ], [ -51.371334, -24.278547 ], [ -51.375737, -24.277476 ], [ -51.375732, -24.271267 ], [ -51.370394, -24.267556 ], [ -51.374514, -24.259245 ], [ -51.346991, -24.248413 ], [ -51.342009, -24.250623 ], [ -51.332643, -24.250266 ], [ -51.342074, -24.247494 ], [ -51.349521, -24.227013 ], [ -51.342659, -24.219374 ], [ -51.334797, -24.211686 ], [ -51.332326, -24.203019 ], [ -51.341542, -24.190602 ], [ -51.337993, -24.183756 ], [ -51.332353, -24.182819 ], [ -51.336763, -24.172748 ], [ -51.337408, -24.164473 ], [ -51.333324, -24.15842 ], [ -51.32219, -24.160915 ], [ -51.321719, -24.168413 ], [ -51.316588, -24.172395 ], [ -51.317744, -24.181453 ], [ -51.307155, -24.181365 ], [ -51.302607, -24.18512 ], [ -51.298577, -24.174159 ], [ -51.29324, -24.174722 ], [ -51.293902, -24.182476 ], [ -51.286515, -24.186901 ], [ -51.289047, -24.194235 ], [ -51.279459, -24.20205 ], [ -51.276132, -24.200213 ], [ -51.266265, -24.203979 ], [ -51.266712, -24.207009 ], [ -51.259292, -24.211947 ], [ -51.258659, -24.218079 ], [ -51.255221, -24.207718 ], [ -51.248323, -24.211513 ], [ -51.245029, -24.220141 ], [ -51.235158, -24.217026 ], [ -51.229707, -24.210004 ], [ -51.224156, -24.213583 ], [ -51.208879, -24.207467 ], [ -51.219752, -24.215494 ], [ -51.206798, -24.222551 ], [ -51.212124, -24.238841 ], [ -51.205745, -24.23876 ], [ -51.203384, -24.245413 ], [ -51.198905, -24.247149 ], [ -51.194737, -24.247685 ], [ -51.181163, -24.252301 ], [ -51.180545, -24.261988 ], [ -51.17043, -24.252552 ], [ -51.169766, -24.256778 ], [ -51.164651, -24.257795 ], [ -51.164737, -24.249064 ], [ -51.160376, -24.248946 ], [ -51.149093, -24.253067 ], [ -51.151794, -24.2624 ], [ -51.14113, -24.263076 ], [ -51.140599, -24.267396 ], [ -51.133024, -24.26632 ], [ -51.13077, -24.271385 ], [ -51.134688, -24.28114 ], [ -51.129826, -24.281788 ], [ -51.123153, -24.274066 ], [ -51.108267, -24.283239 ], [ -51.104736, -24.293401 ], [ -51.095072, -24.288155 ], [ -51.09904, -24.300825 ], [ -51.105516, -24.295455 ], [ -51.115962, -24.297981 ], [ -51.105658, -24.301826 ], [ -51.106598, -24.308205 ], [ -51.113679, -24.30789 ], [ -51.113269, -24.311704 ], [ -51.095691, -24.321347 ], [ -51.097516, -24.325353 ], [ -51.106153, -24.324733 ], [ -51.103601, -24.331629 ], [ -51.099549, -24.337334 ], [ -51.10638, -24.343834 ], [ -51.104014, -24.348138 ], [ -51.086018, -24.340718 ], [ -51.084266, -24.342779 ], [ -51.089514, -24.349908 ], [ -51.078434, -24.347377 ], [ -51.077436, -24.351785 ], [ -51.08941, -24.357458 ], [ -51.088481, -24.360957 ], [ -51.079853, -24.364127 ], [ -51.081178, -24.369549 ], [ -51.086714, -24.370105 ], [ -51.088059, -24.374744 ], [ -51.088598, -24.376989 ], [ -51.094434, -24.385263 ], [ -51.091737, -24.393612 ], [ -51.096513, -24.396914 ], [ -51.094851, -24.402801 ], [ -51.104456, -24.404427 ], [ -51.100937, -24.40741 ], [ -51.101355, -24.411169 ], [ -51.10502, -24.410869 ], [ -51.103879, -24.414184 ], [ -51.138685, -24.431492 ], [ -51.136352, -24.435678 ], [ -51.143401, -24.441873 ], [ -51.133684, -24.45811 ], [ -51.138223, -24.467269 ], [ -51.138519, -24.467628 ], [ -51.147658, -24.469712 ], [ -51.165599, -24.487973 ], [ -51.171239, -24.51316 ], [ -51.179097, -24.517186 ], [ -51.191571, -24.515397 ], [ -51.191742, -24.523331 ], [ -51.17641, -24.53551 ], [ -51.167746, -24.537376 ], [ -51.157971, -24.550453 ], [ -51.158289, -24.568446 ], [ -51.147097, -24.57136 ], [ -51.139595, -24.579094 ], [ -51.130987, -24.580276 ], [ -51.124763, -24.586398 ], [ -51.122847, -24.590367 ], [ -51.130849, -24.60545 ], [ -51.131434, -24.615663 ], [ -51.127514, -24.625043 ], [ -51.117549, -24.628867 ], [ -51.099933, -24.623403 ], [ -51.095983, -24.62976 ], [ -51.082142, -24.635262 ], [ -51.079069, -24.663372 ], [ -51.070519, -24.668534 ], [ -51.064213, -24.685164 ], [ -51.063506, -24.690908 ], [ -51.065084, -24.759736 ], [ -51.065849, -24.79309 ], [ -51.066362, -24.815466 ], [ -51.055184, -24.821792 ], [ -51.036954, -24.844896 ], [ -51.031696, -24.845566 ], [ -51.028302, -24.854623 ], [ -51.017154, -24.858048 ], [ -51.014286, -24.863195 ], [ -51.001301, -24.862299 ], [ -50.997898, -24.862632 ], [ -50.981582, -24.906808 ], [ -50.962451, -24.932491 ], [ -50.969172, -24.934165 ], [ -50.96879, -24.938325 ], [ -50.978127, -24.944116 ], [ -50.975429, -24.951512 ], [ -50.979372, -24.9515 ], [ -50.985293, -24.960082 ], [ -50.984157, -24.965309 ], [ -50.996491, -24.963131 ], [ -50.999987, -24.958717 ], [ -50.999992, -24.967874 ], [ -51.005817, -24.965383 ], [ -51.004516, -24.968813 ], [ -51.008546, -24.970518 ], [ -51.014155, -24.966741 ], [ -51.0171, -24.968633 ], [ -51.029599, -24.954747 ], [ -51.058956, -24.952651 ], [ -51.058623, -24.942803 ], [ -51.051238, -24.934846 ], [ -51.053042, -24.932283 ], [ -51.037437, -24.928924 ], [ -51.042346, -24.914491 ], [ -51.045611, -24.913989 ], [ -51.0489, -24.926121 ], [ -51.071157, -24.923737 ], [ -51.071077, -24.93641 ], [ -51.08613, -24.936334 ], [ -51.091438, -24.932594 ], [ -51.099349, -24.916952 ], [ -51.092324, -24.909591 ], [ -51.082989, -24.914992 ], [ -51.086124, -24.904184 ], [ -51.094096, -24.901543 ], [ -51.106455, -24.907701 ], [ -51.120628, -24.903655 ], [ -51.097685, -24.879269 ], [ -51.099381, -24.875802 ], [ -51.115933, -24.88462 ], [ -51.11318, -24.875763 ], [ -51.102932, -24.866967 ], [ -51.112065, -24.866556 ], [ -51.129411, -24.87373 ], [ -51.13518, -24.863882 ], [ -51.129541, -24.851352 ], [ -51.146597, -24.846391 ], [ -51.142467, -24.835447 ], [ -51.143717, -24.827087 ], [ -51.14599, -24.823279 ], [ -51.150604, -24.825686 ], [ -51.155488, -24.818541 ], [ -51.149414, -24.808189 ], [ -51.168907, -24.811868 ], [ -51.17529, -24.799071 ], [ -51.183215, -24.799933 ], [ -51.185877, -24.792462 ], [ -51.181996, -24.782547 ], [ -51.190436, -24.785004 ], [ -51.196215, -24.798985 ], [ -51.202405, -24.793265 ], [ -51.210982, -24.79495 ], [ -51.20974, -24.785093 ], [ -51.199156, -24.767908 ], [ -51.202428, -24.764912 ], [ -51.212518, -24.772246 ], [ -51.222211, -24.772181 ], [ -51.234848, -24.778099 ], [ -51.234293, -24.791495 ], [ -51.259739, -24.784094 ], [ -51.253161, -24.775757 ], [ -51.251317, -24.770859 ], [ -51.253852, -24.769382 ], [ -51.281935, -24.77407 ], [ -51.275018, -24.752463 ], [ -51.290825, -24.758135 ], [ -51.294127, -24.775546 ], [ -51.302629, -24.771549 ], [ -51.304989, -24.766756 ], [ -51.318377, -24.76815 ], [ -51.325152, -24.754711 ], [ -51.331377, -24.754925 ], [ -51.332354, -24.759143 ], [ -51.348265, -24.763278 ], [ -51.356621, -24.759967 ], [ -51.360104, -24.758586 ], [ -51.374533, -24.772737 ], [ -51.380939, -24.75446 ], [ -51.386432, -24.755519 ], [ -51.394358, -24.763797 ], [ -51.409633, -24.755851 ], [ -51.408263, -24.749413 ], [ -51.416319, -24.735639 ], [ -51.41224, -24.725905 ], [ -51.426506, -24.717259 ], [ -51.436351, -24.702311 ], [ -51.426409, -24.700744 ], [ -51.420523, -24.694677 ], [ -51.426522, -24.687575 ], [ -51.445881, -24.686161 ], [ -51.447522, -24.682779 ], [ -51.442489, -24.677153 ], [ -51.444101, -24.667781 ], [ -51.448771, -24.665135 ], [ -51.453904, -24.654206 ], [ -51.459798, -24.651886 ], [ -51.468156, -24.653894 ], [ -51.471432, -24.647004 ], [ -51.472911, -24.63169 ], [ -51.48052, -24.62708 ], [ -51.475131, -24.618961 ], [ -51.477824, -24.61676 ], [ -51.483129, -24.619201 ], [ -51.493129, -24.636684 ], [ -51.499355, -24.632708 ], [ -51.501683, -24.626909 ], [ -51.486571, -24.608576 ], [ -51.472387, -24.605545 ], [ -51.460406, -24.589073 ], [ -51.453051, -24.584695 ], [ -51.454375, -24.580615 ], [ -51.464688, -24.57848 ], [ -51.464774, -24.575711 ], [ -51.457905, -24.571138 ], [ -51.449883, -24.557731 ], [ -51.467937, -24.554569 ], [ -51.477186, -24.562693 ], [ -51.49023, -24.565431 ], [ -51.493477, -24.571449 ], [ -51.504404, -24.574973 ], [ -51.511624, -24.573645 ], [ -51.511527, -24.570805 ], [ -51.517193, -24.572353 ], [ -51.518228, -24.563027 ], [ -51.523885, -24.562767 ], [ -51.525365, -24.555169 ], [ -51.533195, -24.553546 ], [ -51.536554, -24.562287 ], [ -51.552325, -24.560724 ], [ -51.553121, -24.570097 ], [ -51.55855, -24.573436 ], [ -51.558598, -24.573581 ], [ -51.564949, -24.569721 ], [ -51.570886, -24.557148 ], [ -51.575657, -24.556292 ], [ -51.580955, -24.556152 ], [ -51.5876, -24.562156 ], [ -51.604069, -24.555411 ], [ -51.609941, -24.559942 ], [ -51.609351, -24.563519 ], [ -51.617266, -24.5621 ], [ -51.621269, -24.567176 ], [ -51.627927, -24.567547 ], [ -51.628149, -24.567559 ], [ -51.633805, -24.574892 ], [ -51.638759, -24.572881 ], [ -51.64089, -24.57528 ], [ -51.661608, -24.584097 ], [ -51.691766, -24.581601 ], [ -51.698512, -24.584146 ], [ -51.705841, -24.592718 ], [ -51.715252, -24.594994 ], [ -51.715541, -24.603326 ], [ -51.720798, -24.598756 ], [ -51.736714, -24.583952 ], [ -51.736401, -24.576578 ], [ -51.742622, -24.570708 ], [ -51.752781, -24.55174 ], [ -51.750694, -24.547678 ], [ -51.756677, -24.543266 ], [ -51.754962, -24.537856 ], [ -51.756592, -24.52897 ], [ -51.767949, -24.525512 ], [ -51.768295, -24.525331 ], [ -51.769452, -24.519635 ], [ -51.773778, -24.520117 ], [ -51.772944, -24.5117 ], [ -51.767855, -24.510371 ], [ -51.764247, -24.513284 ], [ -51.763945, -24.506512 ], [ -51.778165, -24.506704 ], [ -51.780291, -24.500202 ], [ -51.791174, -24.495073 ], [ -51.792312, -24.486369 ], [ -51.798043, -24.48587 ], [ -51.791272, -24.478054 ], [ -51.790881, -24.473674 ], [ -51.796569, -24.470896 ], [ -51.799128, -24.464098 ], [ -51.804191, -24.469657 ], [ -51.814829, -24.471183 ], [ -51.81494, -24.466652 ], [ -51.809066, -24.464954 ], [ -51.807894, -24.458829 ], [ -51.818256, -24.45739 ], [ -51.820428, -24.452412 ], [ -51.817789, -24.44944 ], [ -51.824005, -24.44928 ], [ -51.827332, -24.456843 ] ] ] ] } }
]
}
