{
"type": "FeatureCollection",
"name": "geojs-23-health_regions",
"crs": { "type": "name", "properties": { "name": "urn:ogc:def:crs:OGC:1.3:CRS84" } },
"features": [
{ "type": "Feature", "properties": { "HREG_ID": "23001", "HREG_NAME": "1ª RS Fortaleza", "id": "230015", "name": "Acarape", "description": "Acarape", "MUN_ID": "230015", "UF": "CE", "MACRO_ID": "2310", "MACRO_NAME": "Fortaleza" }, "geometry": { "type": "Polygon", "coordinates": [ [ [ -39.386804, -4.104733 ], [ -39.39933, -4.104597 ], [ -39.406876, -4.095327 ], [ -39.436102, -4.100818 ], [ -39.517584, -4.114439 ], [ -39.523889, -4.1115 ], [ -39.525286, -4.093728 ], [ -39.530796, -4.089561 ], [ -39.532927, -4.082587 ], [ -39.540272, -4.08969 ], [ -39.545085, -4.101085 ], [ -39.547218, -4.098534 ], [ -39.556562, -4.10215 ], [ -39.575282, -4.092109 ], [ -39.576127, -4.092221 ], [ -39.585202, -4.095377 ], [ -39.597287, -4.094045 ], [ -39.606535, -4.083137 ], [ -39.610618, -4.079315 ], [ -39.616921, -4.079393 ], [ -39.619102, -4.07534 ], [ -39.625226, -4.079538 ], [ -39.627835, -4.069422 ], [ -39.643143, -4.07222 ], [ -39.666111, -4.068162 ], [ -39.664588, -4.081295 ], [ -39.671256, -4.074234 ], [ -39.675241, -4.055529 ], [ -39.684205, -4.035445 ], [ -39.69213, -4.02222 ], [ -39.695366, -4.021817 ], [ -39.708086, -4.017299 ], [ -39.708063, -4.011344 ], [ -39.699809, -4.003545 ], [ -39.704287, -4.001351 ], [ -39.703392, -3.993028 ], [ -39.707946, -3.976745 ], [ -39.71937, -3.970852 ], [ -39.71392, -3.958004 ], [ -39.716033, -3.954593 ], [ -39.704834, -3.94659 ], [ -39.710769, -3.928992 ], [ -39.711872, -3.922972 ], [ -39.716171, -3.917718 ], [ -39.71131, -3.903022 ], [ -39.717502, -3.898538 ], [ -39.715561, -3.893532 ], [ -39.719536, -3.886615 ], [ -39.71242, -3.885094 ], [ -39.721114, -3.871567 ], [ -39.713, -3.868027 ], [ -39.707584, -3.853061 ], [ -39.693281, -3.843713 ], [ -39.692256, -3.835714 ], [ -39.682864, -3.837307 ], [ -39.679525, -3.832677 ], [ -39.666925, -3.831585 ], [ -39.661628, -3.824365 ], [ -39.64151, -3.820682 ], [ -39.646251, -3.801835 ], [ -39.651887, -3.792892 ], [ -39.653366, -3.773267 ], [ -39.659445, -3.764005 ], [ -39.67756, -3.757604 ], [ -39.686257, -3.743375 ], [ -39.686124, -3.742663 ], [ -39.685675, -3.740268 ], [ -39.686587, -3.733662 ], [ -39.686638, -3.726466 ], [ -39.690098, -3.708577 ], [ -39.695313, -3.699544 ], [ -39.706797, -3.691183 ], [ -39.709017, -3.684307 ], [ -39.708907, -3.68324 ], [ -39.697287, -3.64181 ], [ -39.702257, -3.618096 ], [ -39.70799, -3.623617 ], [ -39.707454, -3.636643 ], [ -39.712725, -3.654741 ], [ -39.71286, -3.654714 ], [ -39.780475, -3.641454 ], [ -39.779556, -3.635628 ], [ -39.800632, -3.618675 ], [ -39.80251, -3.612439 ], [ -39.809124, -3.609644 ], [ -39.807236, -3.604425 ], [ -39.816937, -3.603909 ], [ -39.831492, -3.604037 ], [ -39.831605, -3.604131 ], [ -39.900165, -3.661441 ], [ -39.900033, -3.677743 ], [ -39.908285, -3.691506 ], [ -39.906399, -3.69905 ], [ -39.911959, -3.717703 ], [ -39.914348, -3.721018 ], [ -39.965748, -3.715736 ], [ -40.015372, -3.71197 ], [ -40.020209, -3.693584 ], [ -40.015163, -3.686009 ], [ -40.015459, -3.670748 ], [ -40.015223, -3.670267 ], [ -40.007603, -3.655515 ], [ -40.008782, -3.645811 ], [ -40.006309, -3.643638 ], [ -39.993828, -3.627267 ], [ -39.993565, -3.618102 ], [ -39.98616, -3.612251 ], [ -39.986341, -3.604874 ], [ -39.972897, -3.571229 ], [ -39.997567, -3.580606 ], [ -40.0105, -3.578122 ], [ -40.022011, -3.582645 ], [ -40.038062, -3.580762 ], [ -40.038677, -3.580909 ], [ -40.043884, -3.580977 ], [ -40.053038, -3.589771 ], [ -40.070484, -3.594057 ], [ -40.070324, -3.593857 ], [ -40.051697, -3.58182 ], [ -40.042117, -3.566218 ], [ -40.043382, -3.563158 ], [ -40.044849, -3.559696 ], [ -40.049058, -3.533804 ], [ -40.045475, -3.530932 ], [ -40.045782, -3.522522 ], [ -40.041336, -3.517776 ], [ -40.041002, -3.504167 ], [ -40.036668, -3.496134 ], [ -40.041281, -3.474192 ], [ -40.037614, -3.461315 ], [ -40.025265, -3.44777 ], [ -40.026998, -3.44332 ], [ -40.027103, -3.437773 ], [ -40.025433, -3.432446 ], [ -40.007169, -3.424213 ], [ -40.001693, -3.411628 ], [ -39.997311, -3.409731 ], [ -39.993224, -3.389082 ], [ -39.988588, -3.381146 ], [ -39.988473, -3.366182 ], [ -39.981255, -3.363134 ], [ -39.973388, -3.355366 ], [ -39.957199, -3.349474 ], [ -39.941562, -3.336981 ], [ -39.936894, -3.32244 ], [ -39.932642, -3.319167 ], [ -39.935034, -3.315762 ], [ -39.927182, -3.311162 ], [ -39.922367, -3.293787 ], [ -39.910058, -3.285906 ], [ -39.908553, -3.273772 ], [ -39.906995, -3.273406 ], [ -39.904284, -3.260827 ], [ -39.892035, -3.241956 ], [ -39.895724, -3.23695 ], [ -39.894449, -3.23076 ], [ -39.890288, -3.225603 ], [ -39.892803, -3.219193 ], [ -39.901341, -3.214959 ], [ -39.903809, -3.205773 ], [ -39.894581, -3.194925 ], [ -39.88532, -3.1898 ], [ -39.879724, -3.187475 ], [ -39.878203, -3.180415 ], [ -39.874014, -3.178836 ], [ -39.865615, -3.155694 ], [ -39.864032, -3.129913 ], [ -39.867803, -3.123889 ], [ -39.867686, -3.123083 ], [ -39.866637, -3.121893 ], [ -39.822848, -3.092402 ], [ -39.820528, -3.090841 ], [ -39.784327, -3.06647 ], [ -39.761549, -3.051138 ], [ -39.759558, -3.049798 ], [ -39.738778, -3.035814 ], [ -39.738617, -3.035706 ], [ -39.707856, -3.013971 ], [ -39.706568, -3.004562 ], [ -39.713607, -2.99951 ], [ -39.687532, -2.994291 ], [ -39.675037, -3.002015 ], [ -39.662136, -3.0176 ], [ -39.653792, -3.023273 ], [ -39.646931, -3.022577 ], [ -39.637813, -3.018671 ], [ -39.619062, -3.025949 ], [ -39.609648, -3.04445 ], [ -39.596297, -3.06524 ], [ -39.589353, -3.070276 ], [ -39.573236, -3.07168 ], [ -39.56677, -3.07535 ], [ -39.550453, -3.079382 ], [ -39.529928, -3.094171 ], [ -39.521197, -3.102599 ], [ -39.487109, -3.118044 ], [ -39.479452, -3.125871 ], [ -39.468471, -3.139083 ], [ -39.464445, -3.141766 ], [ -39.437327, -3.146489 ], [ -39.411805, -3.159848 ], [ -39.402183, -3.172042 ], [ -39.38398, -3.183743 ], [ -39.380676, -3.182633 ], [ -39.366039, -3.173551 ], [ -39.356594, -3.174526 ], [ -39.344983, -3.179655 ], [ -39.324508, -3.201235 ], [ -39.313427, -3.207721 ], [ -39.306546, -3.20695 ], [ -39.297212, -3.21506 ], [ -39.278885, -3.220449 ], [ -39.263769, -3.21809 ], [ -39.252169, -3.221738 ], [ -39.241299, -3.23373 ], [ -39.2259, -3.243689 ], [ -39.187318, -3.293394 ], [ -39.16952, -3.323262 ], [ -39.162142, -3.324141 ], [ -39.159644, -3.327446 ], [ -39.160851, -3.331229 ], [ -39.139056, -3.345494 ], [ -39.127257, -3.343239 ], [ -39.118081, -3.345564 ], [ -39.112367, -3.34699 ], [ -39.091091, -3.384178 ], [ -39.079235, -3.396269 ], [ -39.066095, -3.403998 ], [ -39.066196, -3.401475 ], [ -39.062482, -3.401279 ], [ -39.052779, -3.408735 ], [ -39.039563, -3.41087 ], [ -39.025913, -3.402774 ], [ -39.016109, -3.403043 ], [ -39.007676, -3.396074 ], [ -38.994595, -3.397075 ], [ -38.966062, -3.419121 ], [ -38.948863, -3.4427 ], [ -38.938084, -3.450822 ], [ -38.933755, -3.463686 ], [ -38.931754, -3.464984 ], [ -38.920949, -3.489597 ], [ -38.910365, -3.503305 ], [ -38.890916, -3.504775 ], [ -38.868545, -3.523863 ], [ -38.85323, -3.538572 ], [ -38.833543, -3.545785 ], [ -38.818453, -3.545858 ], [ -38.811867, -3.540782 ], [ -38.805645, -3.54756 ], [ -38.780552, -3.580763 ], [ -38.775047, -3.58859 ], [ -38.763207, -3.604429 ], [ -38.74485, -3.618969 ], [ -38.72857, -3.623811 ], [ -38.704302, -3.636602 ], [ -38.666474, -3.674271 ], [ -38.654641, -3.680666 ], [ -38.638701, -3.686993 ], [ -38.608536, -3.687901 ], [ -38.594945, -3.693287 ], [ -38.592812, -3.691156 ], [ -38.579585, -3.693805 ], [ -38.568505, -3.70089 ], [ -38.556982, -3.705576 ], [ -38.546907, -3.711994 ], [ -38.541524, -3.714888 ], [ -38.526089, -3.719984 ], [ -38.519535, -3.717935 ], [ -38.510932, -3.719712 ], [ -38.498923, -3.72486 ], [ -38.489453, -3.723365 ], [ -38.476923, -3.719137 ], [ -38.476734, -3.713784 ], [ -38.472584, -3.707975 ], [ -38.477313, -3.700806 ], [ -38.466299, -3.713607 ], [ -38.435296, -3.770495 ], [ -38.43044, -3.777971 ], [ -38.401506, -3.823386 ], [ -38.363897, -3.88147 ], [ -38.342838, -3.903357 ], [ -38.318131, -3.925928 ], [ -38.303671, -3.935379 ], [ -38.299594, -3.941389 ], [ -38.308226, -3.93871 ], [ -38.30153, -3.943659 ], [ -38.297003, -3.942939 ], [ -38.299705, -3.936955 ], [ -38.289314, -3.941063 ], [ -38.277696, -3.941078 ], [ -38.270899, -3.946182 ], [ -38.255412, -3.96554 ], [ -38.231549, -3.996523 ], [ -38.22591, -4.002009 ], [ -38.222506, -4.006292 ], [ -38.202033, -4.033044 ], [ -38.192671, -4.039097 ], [ -38.178769, -4.057989 ], [ -38.153375, -4.093252 ], [ -38.147198, -4.101251 ], [ -38.117935, -4.145288 ], [ -38.046103, -4.214964 ], [ -38.041727, -4.219525 ], [ -38.027627, -4.230574 ], [ -38.01192, -4.247176 ], [ -38.003908, -4.252519 ], [ -37.989199, -4.26067 ], [ -37.984613, -4.266568 ], [ -37.956106, -4.296292 ], [ -37.943404, -4.305775 ], [ -37.91626, -4.330341 ], [ -37.887567, -4.35346 ], [ -37.862277, -4.372152 ], [ -37.849675, -4.379533 ], [ -37.835311, -4.382132 ], [ -37.834865, -4.387674 ], [ -37.821563, -4.394642 ], [ -37.81939, -4.401999 ], [ -37.825669, -4.405358 ], [ -37.835339, -4.401748 ], [ -37.839569, -4.404379 ], [ -37.838428, -4.408399 ], [ -37.846029, -4.406846 ], [ -37.846517, -4.402055 ], [ -37.870505, -4.401223 ], [ -37.873777, -4.401099 ], [ -37.873253, -4.410885 ], [ -37.880558, -4.412827 ], [ -37.885897, -4.413316 ], [ -37.884058, -4.406857 ], [ -37.891618, -4.408118 ], [ -37.893088, -4.412152 ], [ -37.89678, -4.407375 ], [ -37.90425, -4.414459 ], [ -37.908921, -4.400019 ], [ -37.921596, -4.404407 ], [ -37.93042, -4.397601 ], [ -37.941384, -4.398667 ], [ -37.949336, -4.398301 ], [ -37.948252, -4.410482 ], [ -37.951197, -4.416671 ], [ -37.97211, -4.429496 ], [ -37.967851, -4.463223 ], [ -37.963122, -4.472831 ], [ -37.956781, -4.467863 ], [ -37.954373, -4.482429 ], [ -37.960019, -4.490151 ], [ -37.958944, -4.494131 ], [ -37.96447, -4.499036 ], [ -37.960372, -4.507297 ], [ -37.965837, -4.509412 ], [ -37.969944, -4.516367 ], [ -37.963262, -4.529454 ], [ -37.964431, -4.532898 ], [ -37.97583, -4.535988 ], [ -37.980572, -4.541154 ], [ -37.984645, -4.560589 ], [ -37.99289, -4.562865 ], [ -37.98527, -4.582702 ], [ -37.986386, -4.583524 ], [ -37.997591, -4.595241 ], [ -38.000394, -4.59289 ], [ -38.005844, -4.596485 ], [ -38.012737, -4.592107 ], [ -38.020817, -4.593119 ], [ -38.025615, -4.598423 ], [ -38.041336, -4.589324 ], [ -38.054721, -4.591514 ], [ -38.05525, -4.592033 ], [ -38.076002, -4.592203 ], [ -38.084253, -4.588504 ], [ -38.093404, -4.592162 ], [ -38.095505, -4.59285 ], [ -38.105119, -4.595999 ], [ -38.110421, -4.604693 ], [ -38.105507, -4.61227 ], [ -38.107477, -4.615274 ], [ -38.125889, -4.617744 ], [ -38.150721, -4.613845 ], [ -38.183645, -4.622099 ], [ -38.19842, -4.605579 ], [ -38.209203, -4.594528 ], [ -38.215444, -4.589211 ], [ -38.218004, -4.587216 ], [ -38.229341, -4.58136 ], [ -38.23514, -4.573472 ], [ -38.281578, -4.54851 ], [ -38.295701, -4.541608 ], [ -38.322058, -4.518673 ], [ -38.346471, -4.513016 ], [ -38.360283, -4.500491 ], [ -38.364008, -4.506935 ], [ -38.381973, -4.518385 ], [ -38.381926, -4.526236 ], [ -38.372585, -4.530437 ], [ -38.368696, -4.539956 ], [ -38.364663, -4.540614 ], [ -38.368748, -4.547332 ], [ -38.367683, -4.561099 ], [ -38.371187, -4.564402 ], [ -38.36878, -4.576348 ], [ -38.373275, -4.580903 ], [ -38.383032, -4.581822 ], [ -38.388643, -4.578868 ], [ -38.391733, -4.588202 ], [ -38.398259, -4.591439 ], [ -38.404591, -4.596143 ], [ -38.408056, -4.60684 ], [ -38.421646, -4.618295 ], [ -38.42427, -4.626218 ], [ -38.433307, -4.636537 ], [ -38.448394, -4.644788 ], [ -38.448618, -4.650072 ], [ -38.457225, -4.653728 ], [ -38.463507, -4.650177 ], [ -38.466974, -4.645533 ], [ -38.473853, -4.648933 ], [ -38.500918, -4.653376 ], [ -38.515536, -4.673043 ], [ -38.527426, -4.679334 ], [ -38.52853, -4.6799 ], [ -38.537702, -4.679841 ], [ -38.554869, -4.673679 ], [ -38.569035, -4.675106 ], [ -38.572975, -4.67065 ], [ -38.5802, -4.670848 ], [ -38.591718, -4.678762 ], [ -38.597498, -4.684152 ], [ -38.615134, -4.689201 ], [ -38.623695, -4.69799 ], [ -38.637724, -4.699635 ], [ -38.638238, -4.695055 ], [ -38.631476, -4.688514 ], [ -38.642505, -4.68769 ], [ -38.652896, -4.682716 ], [ -38.665068, -4.660352 ], [ -38.668197, -4.660702 ], [ -38.670702, -4.666616 ], [ -38.674623, -4.663664 ], [ -38.675981, -4.657074 ], [ -38.690369, -4.650854 ], [ -38.686762, -4.64468 ], [ -38.692344, -4.64162 ], [ -38.691229, -4.635601 ], [ -38.694483, -4.627405 ], [ -38.698904, -4.626473 ], [ -38.700829, -4.612571 ], [ -38.712443, -4.612367 ], [ -38.721813, -4.620545 ], [ -38.735725, -4.618059 ], [ -38.753308, -4.623775 ], [ -38.763473, -4.622063 ], [ -38.767628, -4.623434 ], [ -38.762593, -4.63187 ], [ -38.769022, -4.634145 ], [ -38.774848, -4.631877 ], [ -38.777959, -4.626281 ], [ -38.781505, -4.630281 ], [ -38.78215, -4.640959 ], [ -38.787696, -4.638718 ], [ -38.790538, -4.647163 ], [ -38.802735, -4.649891 ], [ -38.813685, -4.671378 ], [ -38.825802, -4.671076 ], [ -38.82905, -4.668219 ], [ -38.843907, -4.672141 ], [ -38.85968, -4.664428 ], [ -38.869621, -4.67956 ], [ -38.873974, -4.679256 ], [ -38.877466, -4.685762 ], [ -38.875366, -4.689816 ], [ -38.880961, -4.6936 ], [ -38.883445, -4.708884 ], [ -38.890827, -4.714486 ], [ -38.904582, -4.71267 ], [ -38.901396, -4.719781 ], [ -38.922057, -4.736128 ], [ -38.926102, -4.739114 ], [ -38.943115, -4.740814 ], [ -38.951228, -4.716861 ], [ -38.965099, -4.704837 ], [ -38.96099, -4.695772 ], [ -38.949651, -4.685068 ], [ -38.950508, -4.681001 ], [ -38.953556, -4.666962 ], [ -38.965729, -4.665607 ], [ -38.978362, -4.66837 ], [ -38.977286, -4.660275 ], [ -38.983004, -4.653913 ], [ -38.991034, -4.652696 ], [ -38.995948, -4.647253 ], [ -39.007558, -4.650133 ], [ -39.012589, -4.644273 ], [ -39.021871, -4.640728 ], [ -39.029811, -4.643637 ], [ -39.046143, -4.639597 ], [ -39.059001, -4.651061 ], [ -39.070037, -4.651797 ], [ -39.074414, -4.647902 ], [ -39.080754, -4.638977 ], [ -39.09625, -4.643162 ], [ -39.100004, -4.636159 ], [ -39.108974, -4.64252 ], [ -39.111923, -4.641555 ], [ -39.118561, -4.6263 ], [ -39.129226, -4.627906 ], [ -39.129422, -4.627974 ], [ -39.065954, -4.561265 ], [ -39.069664, -4.545852 ], [ -39.075607, -4.547796 ], [ -39.075473, -4.537669 ], [ -39.083285, -4.53606 ], [ -39.080612, -4.531164 ], [ -39.08275, -4.525732 ], [ -39.085041, -4.518803 ], [ -39.081812, -4.503739 ], [ -39.087419, -4.493436 ], [ -39.079272, -4.48519 ], [ -39.084678, -4.47147 ], [ -39.030779, -4.463439 ], [ -39.041521, -4.458145 ], [ -39.04768, -4.447056 ], [ -39.051199, -4.446137 ], [ -39.050585, -4.435849 ], [ -39.053954, -4.437017 ], [ -39.076876, -4.425413 ], [ -39.074175, -4.417051 ], [ -39.078473, -4.417054 ], [ -39.078589, -4.405379 ], [ -39.089746, -4.412849 ], [ -39.094161, -4.397207 ], [ -39.098925, -4.393472 ], [ -39.094274, -4.388103 ], [ -39.095786, -4.381565 ], [ -39.088929, -4.3832 ], [ -39.085561, -4.39394 ], [ -39.082537, -4.390905 ], [ -39.067549, -4.398493 ], [ -39.065538, -4.395959 ], [ -39.062668, -4.396743 ], [ -39.061854, -4.391958 ], [ -39.066851, -4.388571 ], [ -39.065106, -4.379001 ], [ -39.058132, -4.375032 ], [ -39.072774, -4.366276 ], [ -39.062199, -4.361958 ], [ -39.070217, -4.352386 ], [ -39.063267, -4.358313 ], [ -39.060573, -4.356705 ], [ -39.057322, -4.364758 ], [ -39.050115, -4.358456 ], [ -39.051276, -4.35297 ], [ -39.03861, -4.349119 ], [ -39.033382, -4.335229 ], [ -39.024781, -4.330676 ], [ -39.027337, -4.327875 ], [ -39.025943, -4.31807 ], [ -39.037794, -4.318886 ], [ -39.03582, -4.308847 ], [ -39.038956, -4.30663 ], [ -39.043979, -4.309394 ], [ -39.045326, -4.299671 ], [ -39.039957, -4.298549 ], [ -39.039159, -4.294755 ], [ -39.037607, -4.291931 ], [ -39.03511, -4.291047 ], [ -39.040274, -4.287509 ], [ -39.021319, -4.288284 ], [ -39.027391, -4.285512 ], [ -39.032214, -4.277779 ], [ -39.030626, -4.274793 ], [ -39.02569, -4.273245 ], [ -39.019842, -4.276563 ], [ -39.014225, -4.269375 ], [ -39.014792, -4.264289 ], [ -39.010252, -4.276009 ], [ -39.011672, -4.288393 ], [ -39.008799, -4.282727 ], [ -39.003613, -4.273465 ], [ -39.007074, -4.27236 ], [ -39.003612, -4.262408 ], [ -39.000035, -4.259757 ], [ -38.995384, -4.264399 ], [ -38.995214, -4.260087 ], [ -38.991921, -4.26075 ], [ -39.001569, -4.25312 ], [ -39.019842, -4.256325 ], [ -39.003159, -4.249583 ], [ -38.994136, -4.249803 ], [ -39.002894, -4.232906 ], [ -39.009886, -4.23602 ], [ -39.011085, -4.231477 ], [ -39.013019, -4.228883 ], [ -39.021608, -4.230182 ], [ -39.026533, -4.227587 ], [ -39.026433, -4.2272 ], [ -39.019009, -4.222655 ], [ -39.005958, -4.226549 ], [ -39.005824, -4.211497 ], [ -38.997501, -4.206046 ], [ -38.982518, -4.204231 ], [ -38.980071, -4.19811 ], [ -38.979321, -4.196236 ], [ -38.979054, -4.19385 ], [ -38.976124, -4.197725 ], [ -38.974993, -4.186196 ], [ -38.970798, -4.190087 ], [ -38.966603, -4.185546 ], [ -38.962074, -4.190217 ], [ -38.959345, -4.188401 ], [ -38.96081, -4.182951 ], [ -38.951698, -4.182305 ], [ -38.956285, -4.177889 ], [ -38.956217, -4.171144 ], [ -38.960743, -4.171403 ], [ -38.96161, -4.16751 ], [ -38.957416, -4.155183 ], [ -38.958548, -4.144153 ], [ -38.954354, -4.136626 ], [ -38.947231, -4.136368 ], [ -38.947663, -4.131061 ], [ -38.948606, -4.127762 ], [ -38.939648, -4.125201 ], [ -38.943822, -4.117615 ], [ -38.938334, -4.109391 ], [ -38.942979, -4.105003 ], [ -38.941628, -4.100879 ], [ -38.945987, -4.096031 ], [ -38.950999, -4.102947 ], [ -38.953377, -4.091143 ], [ -38.952276, -4.083226 ], [ -38.960696, -4.076702 ], [ -38.957204, -4.072331 ], [ -38.984049, -4.04399 ], [ -39.004786, -3.99255 ], [ -39.028803, -4.062795 ], [ -39.063344, -4.066678 ], [ -39.114594, -4.059324 ], [ -39.203361, -4.046572 ], [ -39.21453, -4.050953 ], [ -39.220191, -4.062982 ], [ -39.225647, -4.065899 ], [ -39.227313, -4.072164 ], [ -39.237979, -4.077904 ], [ -39.241807, -4.074513 ], [ -39.258696, -4.077424 ], [ -39.270504, -4.084704 ], [ -39.293608, -4.083416 ], [ -39.305507, -4.08363 ], [ -39.32321, -4.089112 ], [ -39.324533, -4.089126 ], [ -39.341527, -4.08902 ], [ -39.366823, -4.088704 ], [ -39.358552, -4.096712 ], [ -39.371707, -4.110092 ], [ -39.386804, -4.104733 ] ], [ [ -39.49232, -3.759324 ], [ -39.515176, -3.745926 ], [ -39.515176, -3.745927 ], [ -39.49232, -3.759324 ] ] ] } },
{ "type": "Feature", "properties": { "HREG_ID": "23011", "HREG_NAME": "5ª RS Sobral", "id": "230020", "name": "Acaraú", "description": "Acaraú", "MUN_ID": "230020", "UF": "CE", "MACRO_ID": "2309", "MACRO_NAME": "Sobral" }, "geometry": { "type": "Polygon", "coordinates": [ [ [ -40.585613, -5.837761 ], [ -40.586706, -5.8344 ], [ -40.602078, -5.837795 ], [ -40.601681, -5.843622 ], [ -40.61845, -5.8521 ], [ -40.628151, -5.852521 ], [ -40.641536, -5.839646 ], [ -40.652091, -5.844291 ], [ -40.665485, -5.851503 ], [ -40.672842, -5.869169 ], [ -40.680381, -5.871197 ], [ -40.681681, -5.879943 ], [ -40.674176, -5.892433 ], [ -40.67329, -5.903314 ], [ -40.662391, -5.911702 ], [ -40.663235, -5.914038 ], [ -40.687234, -5.914439 ], [ -40.697372, -5.923772 ], [ -40.70565, -5.930196 ], [ -40.705434, -5.938718 ], [ -40.715637, -5.941118 ], [ -40.709834, -5.947949 ], [ -40.714015, -5.959517 ], [ -40.709402, -5.967197 ], [ -40.718821, -5.964498 ], [ -40.728604, -5.972879 ], [ -40.736407, -5.973521 ], [ -40.746195, -5.982923 ], [ -40.745301, -5.988527 ], [ -40.737521, -5.992218 ], [ -40.740598, -6.013013 ], [ -40.734231, -6.021807 ], [ -40.734104, -6.029895 ], [ -40.715427, -6.040147 ], [ -40.717282, -6.045969 ], [ -40.723399, -6.052077 ], [ -40.731305, -6.051856 ], [ -40.73709, -6.058012 ], [ -40.737723, -6.062981 ], [ -40.732613, -6.069394 ], [ -40.736116, -6.07681 ], [ -40.74711, -6.082324 ], [ -40.746731, -6.089998 ], [ -40.758448, -6.092938 ], [ -40.763694, -6.089468 ], [ -40.771418, -6.091058 ], [ -40.786002, -6.090329 ], [ -40.800447, -6.096691 ], [ -40.807415, -6.091904 ], [ -40.810616, -6.095761 ], [ -40.807374, -6.104728 ], [ -40.857341, -6.104905 ], [ -40.872474, -6.056234 ], [ -40.883908, -6.047397 ], [ -40.901831, -6.048811 ], [ -40.905933, -6.046124 ], [ -40.907175, -6.044268 ], [ -40.903575, -6.020484 ], [ -40.889447, -6.003589 ], [ -40.88773, -5.997516 ], [ -40.887505, -5.994939 ], [ -40.886983, -5.988934 ], [ -40.875201, -5.977438 ], [ -40.873262, -5.966365 ], [ -40.879844, -5.917275 ], [ -40.888215, -5.912241 ], [ -40.897147, -5.900905 ], [ -40.89322, -5.883645 ], [ -40.893272, -5.883417 ], [ -40.905273, -5.848884 ], [ -40.908685, -5.825159 ], [ -40.905447, -5.801063 ], [ -40.909423, -5.765325 ], [ -40.917381, -5.744402 ], [ -40.913169, -5.726355 ], [ -40.924778, -5.708759 ], [ -40.930005, -5.685823 ], [ -40.938397, -5.67295 ], [ -40.92875, -5.66274 ], [ -40.910861, -5.656168 ], [ -40.907386, -5.641956 ], [ -40.902492, -5.629269 ], [ -40.900912, -5.611481 ], [ -40.912219, -5.589641 ], [ -40.914113, -5.567002 ], [ -40.932584, -5.54689 ], [ -40.931382, -5.536039 ], [ -40.936082, -5.525998 ], [ -40.928507, -5.517459 ], [ -40.928387, -5.506559 ], [ -40.932683, -5.500328 ], [ -40.928949, -5.492698 ], [ -40.928785, -5.482944 ], [ -40.91814, -5.473517 ], [ -40.915442, -5.465792 ], [ -40.92083, -5.450457 ], [ -40.936668, -5.438152 ], [ -40.941392, -5.430582 ], [ -40.942089, -5.419317 ], [ -40.937819, -5.415965 ], [ -40.917327, -5.415902 ], [ -40.911177, -5.406988 ], [ -40.914528, -5.392755 ], [ -40.928617, -5.375429 ], [ -40.935731, -5.365579 ], [ -40.93335, -5.349016 ], [ -40.918081, -5.337867 ], [ -40.913141, -5.319091 ], [ -40.912362, -5.308587 ], [ -40.912833, -5.307663 ], [ -40.923087, -5.300731 ], [ -40.926385, -5.291659 ], [ -40.921572, -5.28397 ], [ -40.923871, -5.274449 ], [ -40.91927, -5.270773 ], [ -40.911487, -5.270537 ], [ -40.910835, -5.267565 ], [ -40.932694, -5.244839 ], [ -40.940731, -5.241577 ], [ -40.940026, -5.237379 ], [ -40.93363, -5.236394 ], [ -40.92625, -5.231699 ], [ -40.921656, -5.226064 ], [ -40.931627, -5.200876 ], [ -40.924918, -5.18171 ], [ -40.928616, -5.171285 ], [ -40.937374, -5.166202 ], [ -40.948948, -5.166489 ], [ -40.958122, -5.154132 ], [ -40.968047, -5.148973 ], [ -40.98209, -5.153136 ], [ -40.988231, -5.13836 ], [ -41.011463, -5.123215 ], [ -41.013703, -5.105419 ], [ -41.026032, -5.10931 ], [ -41.033628, -5.090678 ], [ -41.039894, -5.090998 ], [ -41.052041, -5.103017 ], [ -41.079752, -5.090706 ], [ -41.080059, -5.078305 ], [ -41.086974, -5.072929 ], [ -41.087795, -5.065227 ], [ -41.095491, -5.061231 ], [ -41.096632, -5.052763 ], [ -41.131502, -5.04767 ], [ -41.120853, -5.023561 ], [ -41.122226, -5.007683 ], [ -41.135093, -4.997433 ], [ -41.137904, -4.984102 ], [ -41.146097, -4.991813 ], [ -41.150548, -4.991725 ], [ -41.179842, -4.94716 ], [ -41.188636, -4.940234 ], [ -41.198178, -4.93707 ], [ -41.203417, -4.949364 ], [ -41.209237, -4.945575 ], [ -41.210214, -4.938231 ], [ -41.220992, -4.937845 ], [ -41.222576, -4.926124 ], [ -41.234554, -4.90536 ], [ -41.227729, -4.890603 ], [ -41.249199, -4.869306 ], [ -41.239541, -4.855996 ], [ -41.239502, -4.848462 ], [ -41.24209, -4.824851 ], [ -41.232459, -4.815354 ], [ -41.232091, -4.804152 ], [ -41.225056, -4.797435 ], [ -41.223577, -4.790291 ], [ -41.209602, -4.782963 ], [ -41.207641, -4.776385 ], [ -41.212392, -4.771641 ], [ -41.241545, -4.764644 ], [ -41.247635, -4.761167 ], [ -41.249159, -4.755659 ], [ -41.23486, -4.746145 ], [ -41.236276, -4.738368 ], [ -41.23371, -4.733358 ], [ -41.202118, -4.701512 ], [ -41.181342, -4.67342 ], [ -41.173532, -4.668161 ], [ -41.174636, -4.664953 ], [ -41.185226, -4.661584 ], [ -41.202442, -4.637812 ], [ -41.228957, -4.619712 ], [ -41.233062, -4.609807 ], [ -41.222667, -4.58941 ], [ -41.220841, -4.578554 ], [ -41.239484, -4.573144 ], [ -41.242165, -4.571132 ], [ -41.240365, -4.568071 ], [ -41.221706, -4.567277 ], [ -41.213738, -4.552295 ], [ -41.207557, -4.547356 ], [ -41.203417, -4.52804 ], [ -41.190402, -4.515147 ], [ -41.188973, -4.488299 ], [ -41.177198, -4.467296 ], [ -41.176164, -4.446611 ], [ -41.176761, -4.440886 ], [ -41.159317, -4.410174 ], [ -41.160329, -4.388917 ], [ -41.159638, -4.381116 ], [ -41.150501, -4.370284 ], [ -41.14883, -4.366949 ], [ -41.133049, -4.339765 ], [ -41.119798, -4.330186 ], [ -41.119062, -4.323875 ], [ -41.118751, -4.306145 ], [ -41.135532, -4.233132 ], [ -41.098899, -4.181721 ], [ -41.098714, -4.18146 ], [ -41.090513, -4.169953 ], [ -41.117956, -4.164845 ], [ -41.125777, -4.152452 ], [ -41.127741, -4.138946 ], [ -41.142801, -4.123864 ], [ -41.139024, -4.120609 ], [ -41.121862, -4.076807 ], [ -41.126785, -4.061011 ], [ -41.113742, -4.051441 ], [ -41.113909, -4.040187 ], [ -41.119972, -4.035961 ], [ -41.142724, -4.036435 ], [ -41.159577, -4.031333 ], [ -41.171441, -4.0321 ], [ -41.183433, -4.024023 ], [ -41.182483, -4.017695 ], [ -41.192234, -4.020282 ], [ -41.199099, -4.017978 ], [ -41.208531, -4.025205 ], [ -41.22042, -4.026291 ], [ -41.239933, -4.030471 ], [ -41.249806, -4.037375 ], [ -41.256353, -4.034471 ], [ -41.254035, -4.0273 ], [ -41.238455, -4.015027 ], [ -41.245355, -4.006204 ], [ -41.248866, -3.989492 ], [ -41.243817, -3.986012 ], [ -41.243988, -3.979382 ], [ -41.239744, -3.978821 ], [ -41.233876, -3.967421 ], [ -41.22865, -3.967999 ], [ -41.219866, -3.941128 ], [ -41.227496, -3.914938 ], [ -41.24532, -3.895925 ], [ -41.247235, -3.881911 ], [ -41.258483, -3.869902 ], [ -41.259581, -3.864374 ], [ -41.267383, -3.861473 ], [ -41.270161, -3.852707 ], [ -41.268207, -3.844117 ], [ -41.276482, -3.825245 ], [ -41.282299, -3.826435 ], [ -41.28709, -3.821881 ], [ -41.294786, -3.829802 ], [ -41.30044, -3.825923 ], [ -41.264454, -3.791202 ], [ -41.253749, -3.774665 ], [ -41.260809, -3.757167 ], [ -41.256989, -3.729525 ], [ -41.251515, -3.722964 ], [ -41.239056, -3.720374 ], [ -41.238965, -3.71227 ], [ -41.255058, -3.702885 ], [ -41.27896, -3.700372 ], [ -41.290426, -3.689314 ], [ -41.30729, -3.684428 ], [ -41.326168, -3.686944 ], [ -41.341373, -3.680397 ], [ -41.343318, -3.675598 ], [ -41.338723, -3.670045 ], [ -41.330941, -3.62431 ], [ -41.344529, -3.588364 ], [ -41.352863, -3.585212 ], [ -41.361633, -3.582805 ], [ -41.370251, -3.574492 ], [ -41.370871, -3.567419 ], [ -41.36712, -3.561546 ], [ -41.364287, -3.557624 ], [ -41.336495, -3.553519 ], [ -41.325304, -3.536039 ], [ -41.3238, -3.502995 ], [ -41.320213, -3.497484 ], [ -41.29884, -3.490647 ], [ -41.305966, -3.487896 ], [ -41.319621, -3.493824 ], [ -41.327449, -3.490966 ], [ -41.329254, -3.465444 ], [ -41.33832, -3.459491 ], [ -41.347621, -3.452145 ], [ -41.343538, -3.440123 ], [ -41.344405, -3.418944 ], [ -41.347595, -3.414251 ], [ -41.355654, -3.410457 ], [ -41.388447, -3.41246 ], [ -41.393483, -3.399193 ], [ -41.403194, -3.396206 ], [ -41.400297, -3.377512 ], [ -41.402327, -3.362022 ], [ -41.418343, -3.370115 ], [ -41.423143, -3.367634 ], [ -41.413976, -3.349567 ], [ -41.411943, -3.340325 ], [ -41.39759, -3.327174 ], [ -41.399885, -3.318225 ], [ -41.389882, -3.294232 ], [ -41.386428, -3.288377 ], [ -41.36013, -3.243815 ], [ -41.322111, -3.179421 ], [ -41.325631, -3.168612 ], [ -41.328336, -3.161222 ], [ -41.318976, -3.149706 ], [ -41.318782, -3.144972 ], [ -41.30207, -3.129748 ], [ -41.299487, -3.127573 ], [ -41.285086, -3.112907 ], [ -41.285446, -3.102904 ], [ -41.271919, -3.100544 ], [ -41.267588, -3.093469 ], [ -41.256278, -3.087644 ], [ -41.256155, -3.071322 ], [ -41.260976, -3.066704 ], [ -41.261089, -3.053481 ], [ -41.260177, -3.047656 ], [ -41.253393, -3.037219 ], [ -41.254946, -3.032365 ], [ -41.248632, -3.02832 ], [ -41.25544, -3.019827 ], [ -41.256751, -3.004275 ], [ -41.26917, -2.98471 ], [ -41.272057, -2.970322 ], [ -41.283137, -2.967279 ], [ -41.29807, -2.968032 ], [ -41.316671, -2.96001 ], [ -41.322583, -2.951108 ], [ -41.321191, -2.935047 ], [ -41.322307, -2.92095 ], [ -41.280051, -2.896019 ], [ -41.273173, -2.889264 ], [ -41.258755, -2.883956 ], [ -41.233004, -2.889416 ], [ -41.190783, -2.890858 ], [ -41.173451, -2.88732 ], [ -41.119362, -2.892518 ], [ -41.101342, -2.900579 ], [ -41.095977, -2.891482 ], [ -41.084896, -2.895371 ], [ -41.057454, -2.895928 ], [ -41.008814, -2.891714 ], [ -40.990415, -2.886501 ], [ -40.962169, -2.880863 ], [ -40.956117, -2.871835 ], [ -40.920121, -2.874156 ], [ -40.907946, -2.869548 ], [ -40.905706, -2.858492 ], [ -40.89956, -2.86196 ], [ -40.879506, -2.861848 ], [ -40.874149, -2.858741 ], [ -40.867995, -2.862491 ], [ -40.861478, -2.855908 ], [ -40.856024, -2.864627 ], [ -40.852284, -2.86497 ], [ -40.844199, -2.88442 ], [ -40.843134, -2.884421 ], [ -40.829618, -2.876837 ], [ -40.815394, -2.877048 ], [ -40.79473, -2.868902 ], [ -40.775723, -2.853753 ], [ -40.759586, -2.849771 ], [ -40.752622, -2.851021 ], [ -40.690403, -2.85096 ], [ -40.671508, -2.846724 ], [ -40.645067, -2.849691 ], [ -40.591866, -2.8434 ], [ -40.57353, -2.83742 ], [ -40.562922, -2.828592 ], [ -40.533315, -2.817697 ], [ -40.519392, -2.802263 ], [ -40.520444, -2.790614 ], [ -40.499286, -2.784032 ], [ -40.45464, -2.803837 ], [ -40.429129, -2.810732 ], [ -40.391005, -2.813704 ], [ -40.371893, -2.809909 ], [ -40.353534, -2.808005 ], [ -40.316974, -2.805341 ], [ -40.261313, -2.810981 ], [ -40.255917, -2.808572 ], [ -40.229357, -2.812504 ], [ -40.216603, -2.814392 ], [ -40.187341, -2.815463 ], [ -40.188384, -2.812545 ], [ -40.16008, -2.832932 ], [ -40.147508, -2.839138 ], [ -40.131696, -2.833839 ], [ -40.13251, -2.82834 ], [ -40.127681, -2.825137 ], [ -40.095507, -2.828051 ], [ -40.079086, -2.834463 ], [ -40.076395, -2.840537 ], [ -40.067009, -2.841354 ], [ -40.060922, -2.837103 ], [ -40.048734, -2.837206 ], [ -40.047778, -2.83951 ], [ -40.043252, -2.840707 ], [ -40.022444, -2.843559 ], [ -40.017445, -2.837584 ], [ -40.027145, -2.835722 ], [ -40.024647, -2.834095 ], [ -39.98797, -2.849323 ], [ -39.97661, -2.854857 ], [ -39.986365, -2.845156 ], [ -39.999147, -2.841496 ], [ -39.987338, -2.84212 ], [ -39.95253, -2.860821 ], [ -39.952619, -2.858073 ], [ -39.969007, -2.848699 ], [ -39.943128, -2.860098 ], [ -39.942312, -2.857819 ], [ -39.930256, -2.868376 ], [ -39.912385, -2.877011 ], [ -39.904565, -2.875608 ], [ -39.896642, -2.884142 ], [ -39.891921, -2.881873 ], [ -39.886313, -2.884341 ], [ -39.857546, -2.902779 ], [ -39.832093, -2.923787 ], [ -39.8233, -2.927139 ], [ -39.798827, -2.945731 ], [ -39.79206, -2.948536 ], [ -39.767879, -2.960202 ], [ -39.741254, -2.985368 ], [ -39.735355, -2.986499 ], [ -39.713607, -2.99951 ], [ -39.706568, -3.004562 ], [ -39.707856, -3.013971 ], [ -39.738617, -3.035706 ], [ -39.738778, -3.035814 ], [ -39.759558, -3.049798 ], [ -39.761549, -3.051138 ], [ -39.784327, -3.06647 ], [ -39.820528, -3.090841 ], [ -39.822848, -3.092402 ], [ -39.866637, -3.121893 ], [ -39.867686, -3.123083 ], [ -39.867803, -3.123889 ], [ -39.864032, -3.129913 ], [ -39.865615, -3.155694 ], [ -39.874014, -3.178836 ], [ -39.878203, -3.180415 ], [ -39.879724, -3.187475 ], [ -39.88532, -3.1898 ], [ -39.894581, -3.194925 ], [ -39.903809, -3.205773 ], [ -39.901341, -3.214959 ], [ -39.892803, -3.219193 ], [ -39.890288, -3.225603 ], [ -39.894449, -3.23076 ], [ -39.895724, -3.23695 ], [ -39.892035, -3.241956 ], [ -39.904284, -3.260827 ], [ -39.906995, -3.273406 ], [ -39.908553, -3.273772 ], [ -39.910058, -3.285906 ], [ -39.922367, -3.293787 ], [ -39.927182, -3.311162 ], [ -39.935034, -3.315762 ], [ -39.932642, -3.319167 ], [ -39.936894, -3.32244 ], [ -39.941562, -3.336981 ], [ -39.957199, -3.349474 ], [ -39.973388, -3.355366 ], [ -39.981255, -3.363134 ], [ -39.988473, -3.366182 ], [ -39.988588, -3.381146 ], [ -39.993224, -3.389082 ], [ -39.997311, -3.409731 ], [ -40.001693, -3.411628 ], [ -40.007169, -3.424213 ], [ -40.025433, -3.432446 ], [ -40.027103, -3.437773 ], [ -40.026998, -3.44332 ], [ -40.025265, -3.44777 ], [ -40.037614, -3.461315 ], [ -40.041281, -3.474192 ], [ -40.036668, -3.496134 ], [ -40.041002, -3.504167 ], [ -40.041336, -3.517776 ], [ -40.045782, -3.522522 ], [ -40.045475, -3.530932 ], [ -40.049058, -3.533804 ], [ -40.044849, -3.559696 ], [ -40.043382, -3.563158 ], [ -40.042117, -3.566218 ], [ -40.051697, -3.58182 ], [ -40.070324, -3.593857 ], [ -40.070484, -3.594057 ], [ -40.053038, -3.589771 ], [ -40.043884, -3.580977 ], [ -40.038677, -3.580909 ], [ -40.038062, -3.580762 ], [ -40.022011, -3.582645 ], [ -40.0105, -3.578122 ], [ -39.997567, -3.580606 ], [ -39.972897, -3.571229 ], [ -39.986341, -3.604874 ], [ -39.98616, -3.612251 ], [ -39.993565, -3.618102 ], [ -39.993828, -3.627267 ], [ -40.006309, -3.643638 ], [ -40.008782, -3.645811 ], [ -40.007603, -3.655515 ], [ -40.015223, -3.670267 ], [ -40.015459, -3.670748 ], [ -40.015163, -3.686009 ], [ -40.020209, -3.693584 ], [ -40.015372, -3.71197 ], [ -39.965748, -3.715736 ], [ -39.914348, -3.721018 ], [ -39.911959, -3.717703 ], [ -39.906399, -3.69905 ], [ -39.908285, -3.691506 ], [ -39.900033, -3.677743 ], [ -39.900165, -3.661441 ], [ -39.831605, -3.604131 ], [ -39.831492, -3.604037 ], [ -39.816937, -3.603909 ], [ -39.807236, -3.604425 ], [ -39.809124, -3.609644 ], [ -39.80251, -3.612439 ], [ -39.800632, -3.618675 ], [ -39.779556, -3.635628 ], [ -39.780475, -3.641454 ], [ -39.71286, -3.654714 ], [ -39.712725, -3.654741 ], [ -39.707454, -3.636643 ], [ -39.70799, -3.623617 ], [ -39.702257, -3.618096 ], [ -39.697287, -3.64181 ], [ -39.708907, -3.68324 ], [ -39.709017, -3.684307 ], [ -39.706797, -3.691183 ], [ -39.695313, -3.699544 ], [ -39.690098, -3.708577 ], [ -39.686638, -3.726466 ], [ -39.686587, -3.733662 ], [ -39.685675, -3.740268 ], [ -39.686124, -3.742663 ], [ -39.686257, -3.743375 ], [ -39.67756, -3.757604 ], [ -39.659445, -3.764005 ], [ -39.653366, -3.773267 ], [ -39.651887, -3.792892 ], [ -39.646251, -3.801835 ], [ -39.64151, -3.820682 ], [ -39.661628, -3.824365 ], [ -39.666925, -3.831585 ], [ -39.679525, -3.832677 ], [ -39.682864, -3.837307 ], [ -39.692256, -3.835714 ], [ -39.693281, -3.843713 ], [ -39.707584, -3.853061 ], [ -39.713, -3.868027 ], [ -39.721114, -3.871567 ], [ -39.71242, -3.885094 ], [ -39.719536, -3.886615 ], [ -39.715561, -3.893532 ], [ -39.717502, -3.898538 ], [ -39.71131, -3.903022 ], [ -39.716171, -3.917718 ], [ -39.711872, -3.922972 ], [ -39.710769, -3.928992 ], [ -39.704834, -3.94659 ], [ -39.716033, -3.954593 ], [ -39.71392, -3.958004 ], [ -39.71937, -3.970852 ], [ -39.707946, -3.976745 ], [ -39.703392, -3.993028 ], [ -39.704287, -4.001351 ], [ -39.699809, -4.003545 ], [ -39.708063, -4.011344 ], [ -39.708086, -4.017299 ], [ -39.695366, -4.021817 ], [ -39.69213, -4.02222 ], [ -39.684205, -4.035445 ], [ -39.675241, -4.055529 ], [ -39.671256, -4.074234 ], [ -39.664588, -4.081295 ], [ -39.679531, -4.07537 ], [ -39.682981, -4.080664 ], [ -39.696555, -4.087355 ], [ -39.703086, -4.090464 ], [ -39.705558, -4.10456 ], [ -39.715963, -4.0961 ], [ -39.720952, -4.102803 ], [ -39.738309, -4.108727 ], [ -39.742105, -4.113847 ], [ -39.748883, -4.124741 ], [ -39.74925, -4.129746 ], [ -39.755395, -4.134239 ], [ -39.757114, -4.157474 ], [ -39.768534, -4.15844 ], [ -39.773551, -4.173323 ], [ -39.775724, -4.180975 ], [ -39.787717, -4.18857 ], [ -39.790118, -4.194286 ], [ -39.783561, -4.198233 ], [ -39.780281, -4.210757 ], [ -39.772477, -4.222196 ], [ -39.777003, -4.223435 ], [ -39.777772, -4.230751 ], [ -39.77236, -4.245188 ], [ -39.750421, -4.25456 ], [ -39.745727, -4.259939 ], [ -39.730147, -4.275294 ], [ -39.738086, -4.282459 ], [ -39.732966, -4.287637 ], [ -39.738724, -4.294829 ], [ -39.732236, -4.307737 ], [ -39.726398, -4.307439 ], [ -39.725202, -4.318254 ], [ -39.732949, -4.317845 ], [ -39.734739, -4.332297 ], [ -39.725673, -4.344227 ], [ -39.710227, -4.348067 ], [ -39.71078, -4.353497 ], [ -39.714471, -4.35511 ], [ -39.709973, -4.369511 ], [ -39.711506, -4.381689 ], [ -39.725769, -4.383989 ], [ -39.72739, -4.393421 ], [ -39.737641, -4.401546 ], [ -39.74558, -4.397691 ], [ -39.755026, -4.399383 ], [ -39.752533, -4.406778 ], [ -39.738224, -4.423313 ], [ -39.739963, -4.430897 ], [ -39.732049, -4.435361 ], [ -39.736899, -4.43786 ], [ -39.732607, -4.439394 ], [ -39.729501, -4.449771 ], [ -39.734054, -4.453124 ], [ -39.733837, -4.464077 ], [ -39.725676, -4.469459 ], [ -39.726521, -4.473134 ], [ -39.721197, -4.484069 ], [ -39.756141, -4.502961 ], [ -39.754646, -4.511542 ], [ -39.765254, -4.524081 ], [ -39.764085, -4.534447 ], [ -39.756645, -4.535087 ], [ -39.745782, -4.544668 ], [ -39.729008, -4.540269 ], [ -39.70724, -4.542741 ], [ -39.699808, -4.54586 ], [ -39.695565, -4.556455 ], [ -39.688728, -4.556063 ], [ -39.68937, -4.565233 ], [ -39.686252, -4.567015 ], [ -39.68523, -4.575669 ], [ -39.719756, -4.599447 ], [ -39.741658, -4.599861 ], [ -39.743691, -4.606159 ], [ -39.754479, -4.610665 ], [ -39.759324, -4.619826 ], [ -39.764225, -4.619629 ], [ -39.76234, -4.628478 ], [ -39.776453, -4.626045 ], [ -39.778614, -4.630432 ], [ -39.773271, -4.643114 ], [ -39.765693, -4.647631 ], [ -39.756151, -4.646495 ], [ -39.748246, -4.649748 ], [ -39.744124, -4.645743 ], [ -39.738642, -4.652497 ], [ -39.715443, -4.654747 ], [ -39.731532, -4.665675 ], [ -39.726106, -4.667145 ], [ -39.728923, -4.671025 ], [ -39.719389, -4.674342 ], [ -39.714224, -4.677851 ], [ -39.719129, -4.680709 ], [ -39.720637, -4.686118 ], [ -39.728677, -4.685917 ], [ -39.726328, -4.689867 ], [ -39.728941, -4.696453 ], [ -39.740626, -4.7203 ], [ -39.805667, -4.707721 ], [ -39.792475, -4.752971 ], [ -39.798335, -4.743139 ], [ -39.811765, -4.738942 ], [ -39.817623, -4.731247 ], [ -39.823664, -4.730518 ], [ -39.833501, -4.732853 ], [ -39.834814, -4.735906 ], [ -39.839567, -4.73462 ], [ -39.84195, -4.739169 ], [ -39.859725, -4.737268 ], [ -39.863883, -4.751956 ], [ -39.873905, -4.76185 ], [ -39.872897, -4.765833 ], [ -39.871238, -4.77274 ], [ -39.878371, -4.776732 ], [ -39.878161, -4.783037 ], [ -39.884364, -4.789532 ], [ -39.914277, -4.788505 ], [ -39.916199, -4.782103 ], [ -39.92822, -4.774156 ], [ -39.939293, -4.770164 ], [ -39.935079, -4.776685 ], [ -39.938683, -4.782371 ], [ -39.928938, -4.795056 ], [ -39.93003, -4.799689 ], [ -39.948299, -4.815977 ], [ -39.946397, -4.821322 ], [ -39.949002, -4.826195 ], [ -39.944883, -4.838227 ], [ -39.940261, -4.84124 ], [ -39.924136, -4.864288 ], [ -39.908666, -4.874449 ], [ -39.900459, -4.884003 ], [ -39.892563, -4.886778 ], [ -39.895748, -4.89072 ], [ -39.891986, -4.892507 ], [ -39.893866, -4.893461 ], [ -39.902596, -4.899427 ], [ -39.900113, -4.901553 ], [ -39.902133, -4.90511 ], [ -39.907697, -4.903064 ], [ -39.919073, -4.908277 ], [ -39.922875, -4.912875 ], [ -39.929027, -4.913254 ], [ -39.933868, -4.923825 ], [ -39.939114, -4.921521 ], [ -39.946815, -4.929045 ], [ -39.951394, -4.923645 ], [ -39.957012, -4.926917 ], [ -39.962143, -4.931861 ], [ -39.960033, -4.939075 ], [ -39.968067, -4.940096 ], [ -39.966031, -4.960329 ], [ -39.959713, -5.020552 ], [ -39.959945, -5.028578 ], [ -39.973114, -5.029826 ], [ -39.968703, -5.043407 ], [ -39.979233, -5.056913 ], [ -39.996776, -5.072286 ], [ -40.001801, -5.08466 ], [ -40.045685, -5.106185 ], [ -40.04812, -5.107379 ], [ -40.165006, -5.164732 ], [ -40.165249, -5.165016 ], [ -40.158641, -5.166574 ], [ -40.153175, -5.163637 ], [ -40.140931, -5.169049 ], [ -40.138552, -5.163076 ], [ -40.121531, -5.165191 ], [ -40.115436, -5.161854 ], [ -40.112627, -5.166742 ], [ -40.097737, -5.163368 ], [ -40.091326, -5.172427 ], [ -40.085127, -5.173809 ], [ -40.074754, -5.165046 ], [ -40.059166, -5.185686 ], [ -40.056648, -5.186114 ], [ -40.055003, -5.180932 ], [ -40.035144, -5.182792 ], [ -40.029422, -5.191635 ], [ -40.030866, -5.200049 ], [ -40.020889, -5.205466 ], [ -40.035028, -5.2216 ], [ -40.037368, -5.230225 ], [ -40.046253, -5.238693 ], [ -40.045933, -5.242822 ], [ -40.042672, -5.260965 ], [ -40.046839, -5.271759 ], [ -40.048029, -5.281675 ], [ -40.055007, -5.284832 ], [ -40.055223, -5.291066 ], [ -40.02917, -5.296284 ], [ -40.024422, -5.301866 ], [ -40.027889, -5.31119 ], [ -40.018085, -5.318479 ], [ -40.022477, -5.324119 ], [ -40.020533, -5.327578 ], [ -40.023166, -5.337246 ], [ -40.028173, -5.341542 ], [ -40.027112, -5.345864 ], [ -40.038502, -5.353463 ], [ -40.055006, -5.357844 ], [ -40.055669, -5.36385 ], [ -40.051647, -5.366106 ], [ -40.05642, -5.369956 ], [ -40.061087, -5.389503 ], [ -40.058307, -5.396466 ], [ -40.068682, -5.402814 ], [ -40.077292, -5.421182 ], [ -40.082965, -5.422323 ], [ -40.083415, -5.427537 ], [ -40.090629, -5.435862 ], [ -40.089754, -5.440284 ], [ -40.100924, -5.443328 ], [ -40.097466, -5.446471 ], [ -40.100791, -5.45137 ], [ -40.1067, -5.452095 ], [ -40.109155, -5.462022 ], [ -40.106255, -5.467182 ], [ -40.111911, -5.49096 ], [ -40.108028, -5.50603 ], [ -40.111731, -5.516759 ], [ -40.1089, -5.527014 ], [ -40.110009, -5.534713 ], [ -40.115108, -5.538663 ], [ -40.118723, -5.54816 ], [ -40.123827, -5.554311 ], [ -40.141099, -5.545653 ], [ -40.143066, -5.540854 ], [ -40.158783, -5.545664 ], [ -40.166811, -5.544811 ], [ -40.172809, -5.559935 ], [ -40.17952, -5.558558 ], [ -40.185143, -5.561626 ], [ -40.185907, -5.570469 ], [ -40.194419, -5.574035 ], [ -40.226677, -5.592999 ], [ -40.228928, -5.599726 ], [ -40.219635, -5.604409 ], [ -40.224131, -5.606486 ], [ -40.232822, -5.614323 ], [ -40.229364, -5.618777 ], [ -40.233646, -5.630779 ], [ -40.227232, -5.648698 ], [ -40.230898, -5.659558 ], [ -40.220162, -5.667458 ], [ -40.210556, -5.691321 ], [ -40.221677, -5.699263 ], [ -40.225605, -5.70933 ], [ -40.236402, -5.709395 ], [ -40.240526, -5.707802 ], [ -40.240813, -5.71924 ], [ -40.255801, -5.728489 ], [ -40.281662, -5.751489 ], [ -40.284263, -5.757596 ], [ -40.296055, -5.749695 ], [ -40.311642, -5.746423 ], [ -40.31187, -5.746248 ], [ -40.319608, -5.742295 ], [ -40.340955, -5.74814 ], [ -40.351696, -5.743319 ], [ -40.368117, -5.745391 ], [ -40.370986, -5.752644 ], [ -40.380615, -5.759 ], [ -40.382084, -5.767751 ], [ -40.388339, -5.776446 ], [ -40.397611, -5.780603 ], [ -40.411995, -5.810043 ], [ -40.417006, -5.811648 ], [ -40.444567, -5.825749 ], [ -40.452994, -5.828198 ], [ -40.472963, -5.826078 ], [ -40.476226, -5.831701 ], [ -40.485409, -5.834711 ], [ -40.49395, -5.827694 ], [ -40.494159, -5.827647 ], [ -40.515958, -5.824556 ], [ -40.511589, -5.815109 ], [ -40.52089, -5.813237 ], [ -40.523797, -5.817275 ], [ -40.529897, -5.816424 ], [ -40.53312, -5.823937 ], [ -40.548199, -5.831947 ], [ -40.557008, -5.842039 ], [ -40.565038, -5.841631 ], [ -40.585613, -5.837761 ] ], [ [ -40.247556, -4.479912 ], [ -40.25411, -4.472601 ], [ -40.254111, -4.472601 ], [ -40.247556, -4.479912 ] ] ] } },
{ "type": "Feature", "properties": { "HREG_ID": "23023", "HREG_NAME": "2ª RS Cariri", "id": "230010", "name": "Abaiara", "description": "Abaiara", "MUN_ID": "230010", "UF": "CE", "MACRO_ID": "2308", "MACRO_NAME": "Cariri" }, "geometry": { "type": "Polygon", "coordinates": [ [ [ -39.628545, -7.425224 ], [ -39.639257, -7.3954 ], [ -39.643532, -7.384937 ], [ -39.652726, -7.371858 ], [ -39.697149, -7.341761 ], [ -39.715134, -7.334521 ], [ -39.740959, -7.326412 ], [ -39.770941, -7.327073 ], [ -39.788863, -7.331591 ], [ -39.806098, -7.329998 ], [ -39.815003, -7.32829 ], [ -39.828332, -7.331966 ], [ -39.851084, -7.324806 ], [ -39.863589, -7.327288 ], [ -39.889766, -7.339425 ], [ -39.904195, -7.337939 ], [ -39.92598, -7.340595 ], [ -39.998224, -7.37311 ], [ -40.00873, -7.375164 ], [ -40.087088, -7.382689 ], [ -40.127388, -7.381511 ], [ -40.150497, -7.373599 ], [ -40.156766, -7.371053 ], [ -40.195317, -7.357745 ], [ -40.220392, -7.340866 ], [ -40.247166, -7.313315 ], [ -40.262628, -7.300617 ], [ -40.278635, -7.298988 ], [ -40.317776, -7.302996 ], [ -40.329026, -7.318154 ], [ -40.337647, -7.32339 ], [ -40.350425, -7.333768 ], [ -40.360615, -7.355197 ], [ -40.374153, -7.362584 ], [ -40.393509, -7.367764 ], [ -40.433222, -7.366774 ], [ -40.458704, -7.35469 ], [ -40.475878, -7.344323 ], [ -40.500099, -7.327592 ], [ -40.523352, -7.318046 ], [ -40.513899, -7.307429 ], [ -40.511261, -7.299027 ], [ -40.514908, -7.274766 ], [ -40.515168, -7.269431 ], [ -40.509899, -7.223953 ], [ -40.505747, -7.210457 ], [ -40.500927, -7.18825 ], [ -40.494422, -7.181942 ], [ -40.495341, -7.169216 ], [ -40.484, -7.132797 ], [ -40.48937, -7.118288 ], [ -40.470064, -7.093569 ], [ -40.469052, -7.087242 ], [ -40.459027, -7.078134 ], [ -40.44389, -7.055531 ], [ -40.442912, -7.047694 ], [ -40.427349, -7.03348 ], [ -40.426572, -7.029059 ], [ -40.429467, -7.027474 ], [ -40.431648, -7.025285 ], [ -40.438316, -7.016058 ], [ -40.427644, -7.018075 ], [ -40.427482, -7.01495 ], [ -40.405881, -7.004925 ], [ -40.410704, -6.998674 ], [ -40.42894, -6.994229 ], [ -40.428752, -6.948102 ], [ -40.424105, -6.936801 ], [ -40.424651, -6.934869 ], [ -40.43344, -6.895508 ], [ -40.428592, -6.88446 ], [ -40.428151, -6.863854 ], [ -40.410387, -6.85518 ], [ -40.407182, -6.850893 ], [ -40.401851, -6.83959 ], [ -40.386744, -6.829676 ], [ -40.381263, -6.818918 ], [ -40.370209, -6.807594 ], [ -40.370141, -6.802671 ], [ -40.351984, -6.808426 ], [ -40.348137, -6.796371 ], [ -40.342601, -6.802033 ], [ -40.331255, -6.803958 ], [ -40.318052, -6.800232 ], [ -40.315389, -6.79118 ], [ -40.310059, -6.786118 ], [ -40.30579, -6.787915 ], [ -40.297717, -6.807519 ], [ -40.291477, -6.807575 ], [ -40.280688, -6.794059 ], [ -40.264588, -6.796255 ], [ -40.25808, -6.785808 ], [ -40.251382, -6.78623 ], [ -40.242042, -6.77666 ], [ -40.203086, -6.774157 ], [ -40.180125, -6.759276 ], [ -40.169327, -6.777253 ], [ -40.168198, -6.79139 ], [ -40.149877, -6.784345 ], [ -40.141464, -6.791454 ], [ -40.138958, -6.801857 ], [ -40.130571, -6.803394 ], [ -40.1352, -6.807395 ], [ -40.132998, -6.810476 ], [ -40.144956, -6.818446 ], [ -40.140519, -6.817588 ], [ -40.140092, -6.822375 ], [ -40.122941, -6.818692 ], [ -40.116647, -6.819047 ], [ -40.108297, -6.805193 ], [ -40.104143, -6.806722 ], [ -40.095042, -6.802837 ], [ -40.08262, -6.791785 ], [ -40.07884, -6.795861 ], [ -40.068781, -6.791924 ], [ -40.065989, -6.787989 ], [ -40.072027, -6.779463 ], [ -40.069735, -6.772031 ], [ -40.046905, -6.754828 ], [ -40.032518, -6.734812 ], [ -40.026388, -6.732101 ], [ -40.011605, -6.712338 ], [ -39.996196, -6.701543 ], [ -39.998024, -6.696831 ], [ -40.002134, -6.696041 ], [ -40.004851, -6.686418 ], [ -40.008251, -6.686812 ], [ -40.013716, -6.677331 ], [ -40.021049, -6.678368 ], [ -40.021078, -6.674278 ], [ -40.028979, -6.676103 ], [ -40.029615, -6.671573 ], [ -40.040061, -6.672773 ], [ -40.046563, -6.682286 ], [ -40.051651, -6.679554 ], [ -40.048488, -6.674078 ], [ -40.056499, -6.67402 ], [ -40.036568, -6.637189 ], [ -40.04, -6.6272 ], [ -40.054423, -6.626137 ], [ -40.057452, -6.621636 ], [ -40.051876, -6.606326 ], [ -40.040454, -6.600715 ], [ -40.043915, -6.593911 ], [ -40.043858, -6.588312 ], [ -40.034289, -6.586996 ], [ -40.025714, -6.581318 ], [ -40.030102, -6.562797 ], [ -40.034816, -6.55832 ], [ -40.031209, -6.542712 ], [ -40.040592, -6.538427 ], [ -40.041388, -6.531309 ], [ -40.051523, -6.521568 ], [ -40.049792, -6.514686 ], [ -40.058776, -6.506987 ], [ -40.059766, -6.499929 ], [ -40.055052, -6.495325 ], [ -40.059334, -6.49011 ], [ -40.054562, -6.487136 ], [ -40.05621, -6.477882 ], [ -40.047708, -6.47082 ], [ -40.051958, -6.467115 ], [ -40.048384, -6.460433 ], [ -40.049315, -6.453083 ], [ -40.044295, -6.444036 ], [ -40.038188, -6.439918 ], [ -40.029459, -6.442521 ], [ -40.028229, -6.437811 ], [ -40.046881, -6.423559 ], [ -40.059655, -6.418413 ], [ -40.066887, -6.406039 ], [ -40.074747, -6.401378 ], [ -40.083721, -6.379407 ], [ -40.08474, -6.368202 ], [ -40.083271, -6.359604 ], [ -40.077292, -6.354264 ], [ -40.071628, -6.354861 ], [ -40.072742, -6.348857 ], [ -40.079094, -6.349052 ], [ -40.080221, -6.345895 ], [ -40.071145, -6.340928 ], [ -40.064777, -6.329352 ], [ -40.063347, -6.312093 ], [ -40.057239, -6.298012 ], [ -40.051229, -6.301776 ], [ -40.047196, -6.29989 ], [ -40.051566, -6.291907 ], [ -40.048285, -6.286262 ], [ -40.049656, -6.279788 ], [ -40.028498, -6.279487 ], [ -40.024787, -6.270681 ], [ -40.020979, -6.265103 ], [ -40.024927, -6.25414 ], [ -40.01885, -6.239839 ], [ -40.020992, -6.231121 ], [ -40.014962, -6.222285 ], [ -40.007807, -6.21952 ], [ -40.000385, -6.215479 ], [ -39.986566, -6.220386 ], [ -39.947676, -6.196083 ], [ -39.943712, -6.197106 ], [ -39.939505, -6.19364 ], [ -39.925714, -6.195435 ], [ -39.916535, -6.190425 ], [ -39.914795, -6.188222 ], [ -39.91837, -6.18185 ], [ -39.893597, -6.155484 ], [ -39.900864, -6.144415 ], [ -39.895623, -6.136317 ], [ -39.891862, -6.129462 ], [ -39.896974, -6.12194 ], [ -39.891298, -6.113941 ], [ -39.893618, -6.111107 ], [ -39.889518, -6.098156 ], [ -39.9041, -6.092256 ], [ -39.904892, -6.085066 ], [ -39.911127, -6.079824 ], [ -39.917799, -6.082152 ], [ -39.925673, -6.092728 ], [ -39.935404, -6.096584 ], [ -39.941915, -6.104014 ], [ -39.947308, -6.104305 ], [ -39.952922, -6.099382 ], [ -39.95667, -6.09925 ], [ -39.963285, -6.093101 ], [ -39.962609, -6.087476 ], [ -39.95007, -6.079552 ], [ -39.948682, -6.081846 ], [ -39.934738, -6.079359 ], [ -39.920746, -6.067768 ], [ -39.9101, -6.058046 ], [ -39.905283, -6.048658 ], [ -39.905889, -6.036253 ], [ -39.889288, -6.034033 ], [ -39.882892, -6.01993 ], [ -39.871968, -6.013858 ], [ -39.872656, -6.008371 ], [ -39.873708, -6.005529 ], [ -39.868332, -6.00577 ], [ -39.862802, -6.001 ], [ -39.862433, -5.995098 ], [ -39.855308, -5.986754 ], [ -39.84725, -5.989622 ], [ -39.841632, -5.985116 ], [ -39.844538, -5.980793 ], [ -39.834782, -5.975893 ], [ -39.831849, -5.963027 ], [ -39.833761, -5.956303 ], [ -39.836826, -5.928804 ], [ -39.849401, -5.933084 ], [ -39.853471, -5.928317 ], [ -39.853308, -5.921899 ], [ -39.858383, -5.919835 ], [ -39.865409, -5.913705 ], [ -39.87726, -5.9097 ], [ -39.868781, -5.898224 ], [ -39.862312, -5.897407 ], [ -39.863963, -5.895086 ], [ -39.865218, -5.892702 ], [ -39.860706, -5.8893 ], [ -39.867603, -5.889318 ], [ -39.869946, -5.883273 ], [ -39.876638, -5.884545 ], [ -39.890694, -5.896133 ], [ -39.905593, -5.896784 ], [ -39.91087, -5.90046 ], [ -39.920519, -5.896789 ], [ -39.926943, -5.888118 ], [ -39.931939, -5.889001 ], [ -39.938826, -5.88349 ], [ -39.938206, -5.879559 ], [ -39.946533, -5.879739 ], [ -39.953614, -5.873177 ], [ -39.959467, -5.872706 ], [ -39.946167, -5.86244 ], [ -39.940141, -5.862235 ], [ -39.937893, -5.856678 ], [ -39.932095, -5.853955 ], [ -39.920013, -5.832199 ], [ -39.935022, -5.825909 ], [ -39.948354, -5.825549 ], [ -39.949849, -5.821644 ], [ -39.954016, -5.821023 ], [ -39.960413, -5.816314 ], [ -39.966428, -5.821832 ], [ -39.974794, -5.821236 ], [ -39.985659, -5.813323 ], [ -39.98539, -5.79858 ], [ -39.989851, -5.791384 ], [ -39.992206, -5.779662 ], [ -40.008922, -5.774229 ], [ -40.003184, -5.7635 ], [ -40.007385, -5.747503 ], [ -40.002559, -5.735374 ], [ -40.008179, -5.734449 ], [ -40.007868, -5.714288 ], [ -40.015468, -5.706996 ], [ -40.021471, -5.710475 ], [ -40.035906, -5.701668 ], [ -40.042604, -5.680681 ], [ -40.04947, -5.673918 ], [ -40.036823, -5.64723 ], [ -40.032836, -5.644406 ], [ -40.034132, -5.640775 ], [ -40.021537, -5.642829 ], [ -40.019358, -5.638623 ], [ -40.022318, -5.635207 ], [ -40.010935, -5.625573 ], [ -39.990388, -5.633677 ], [ -39.987689, -5.63126 ], [ -39.981511, -5.634342 ], [ -39.973254, -5.630561 ], [ -39.968258, -5.632273 ], [ -39.962944, -5.617931 ], [ -39.958046, -5.619056 ], [ -39.954807, -5.628062 ], [ -39.957729, -5.633117 ], [ -39.951963, -5.639305 ], [ -39.941329, -5.636743 ], [ -39.939626, -5.632708 ], [ -39.931717, -5.633062 ], [ -39.93816, -5.626971 ], [ -39.928202, -5.6211 ], [ -39.923315, -5.629133 ], [ -39.925218, -5.635211 ], [ -39.917975, -5.63651 ], [ -39.911299, -5.640829 ], [ -39.902746, -5.636075 ], [ -39.89342, -5.629473 ], [ -39.876966, -5.627698 ], [ -39.87572, -5.638403 ], [ -39.866893, -5.629951 ], [ -39.859443, -5.62602 ], [ -39.854594, -5.628462 ], [ -39.850853, -5.625206 ], [ -39.849233, -5.612609 ], [ -39.845347, -5.609502 ], [ -39.847522, -5.603223 ], [ -39.841158, -5.600167 ], [ -39.831185, -5.582134 ], [ -39.823304, -5.568815 ], [ -39.815878, -5.56712 ], [ -39.810254, -5.571605 ], [ -39.804383, -5.571273 ], [ -39.802206, -5.576384 ], [ -39.774711, -5.59048 ], [ -39.771991, -5.590288 ], [ -39.769215, -5.582752 ], [ -39.76101, -5.581557 ], [ -39.750086, -5.575186 ], [ -39.744706, -5.581373 ], [ -39.743898, -5.593975 ], [ -39.737641, -5.597728 ], [ -39.730894, -5.59584 ], [ -39.698107, -5.601038 ], [ -39.692663, -5.603767 ], [ -39.693497, -5.611307 ], [ -39.687392, -5.61338 ], [ -39.678171, -5.621153 ], [ -39.674246, -5.620512 ], [ -39.661753, -5.609105 ], [ -39.654429, -5.612373 ], [ -39.631952, -5.605823 ], [ -39.630175, -5.622713 ], [ -39.638001, -5.634237 ], [ -39.637278, -5.639249 ], [ -39.605518, -5.620404 ], [ -39.601682, -5.625142 ], [ -39.587498, -5.606851 ], [ -39.57799, -5.610071 ], [ -39.571046, -5.607207 ], [ -39.561065, -5.614201 ], [ -39.543243, -5.613217 ], [ -39.511082, -5.630614 ], [ -39.500293, -5.617003 ], [ -39.483257, -5.615021 ], [ -39.480925, -5.620645 ], [ -39.482155, -5.634144 ], [ -39.476826, -5.644558 ], [ -39.468865, -5.643398 ], [ -39.456835, -5.652942 ], [ -39.453583, -5.651047 ], [ -39.441113, -5.657042 ], [ -39.431114, -5.65452 ], [ -39.437283, -5.663514 ], [ -39.45059, -5.672943 ], [ -39.450836, -5.677468 ], [ -39.459678, -5.687774 ], [ -39.472589, -5.686888 ], [ -39.475114, -5.701321 ], [ -39.471039, -5.711816 ], [ -39.459467, -5.712632 ], [ -39.46259, -5.718076 ], [ -39.456006, -5.724941 ], [ -39.456663, -5.730488 ], [ -39.451388, -5.73755 ], [ -39.433567, -5.727681 ], [ -39.385756, -5.753332 ], [ -39.350367, -5.772306 ], [ -39.32664, -5.785022 ], [ -39.309026, -5.779461 ], [ -39.307281, -5.771326 ], [ -39.30375, -5.772578 ], [ -39.282553, -5.75594 ], [ -39.278497, -5.761851 ], [ -39.274001, -5.761369 ], [ -39.26825, -5.763854 ], [ -39.254456, -5.757074 ], [ -39.237343, -5.769541 ], [ -39.233474, -5.769366 ], [ -39.229093, -5.763635 ], [ -39.221791, -5.766723 ], [ -39.221388, -5.774392 ], [ -39.209353, -5.781929 ], [ -39.208848, -5.787578 ], [ -39.18486, -5.790904 ], [ -39.179697, -5.799874 ], [ -39.162778, -5.797311 ], [ -39.175206, -5.836532 ], [ -39.177337, -5.843259 ], [ -39.182036, -5.859192 ], [ -39.18015, -5.859992 ], [ -39.173, -5.863023 ], [ -39.170263, -5.86798 ], [ -39.174466, -5.872292 ], [ -39.172963, -5.900009 ], [ -39.179629, -5.916802 ], [ -39.178261, -5.926163 ], [ -39.175051, -5.928644 ], [ -39.176897, -5.945254 ], [ -39.172412, -5.949203 ], [ -39.170844, -5.959082 ], [ -39.171116, -5.961347 ], [ -39.165427, -5.964897 ], [ -39.162071, -5.955997 ], [ -39.158979, -5.95636 ], [ -39.145211, -5.957837 ], [ -39.142521, -5.967382 ], [ -39.137276, -5.964954 ], [ -39.138313, -5.971418 ], [ -39.130628, -5.983461 ], [ -39.11359, -5.976754 ], [ -39.113017, -5.988785 ], [ -39.102298, -5.983005 ], [ -39.086657, -5.992258 ], [ -39.078158, -5.991337 ], [ -39.072142, -5.998147 ], [ -39.060369, -5.997543 ], [ -39.059898, -6.008736 ], [ -39.051937, -6.025476 ], [ -39.045547, -6.024752 ], [ -39.042983, -6.02803 ], [ -39.039349, -6.022987 ], [ -39.032957, -6.027968 ], [ -39.029711, -6.025573 ], [ -39.03367, -6.007164 ], [ -39.021469, -6.008929 ], [ -39.015759, -6.000481 ], [ -39.006673, -6.018261 ], [ -38.991941, -6.019961 ], [ -38.986523, -6.028411 ], [ -38.983558, -6.04686 ], [ -38.98516, -6.069012 ], [ -38.98967, -6.076262 ], [ -38.985612, -6.078796 ], [ -38.983016, -6.089507 ], [ -38.977922, -6.091603 ], [ -38.980712, -6.099414 ], [ -38.977586, -6.105587 ], [ -38.971868, -6.102632 ], [ -38.969748, -6.093873 ], [ -38.96053, -6.091078 ], [ -38.949364, -6.080752 ], [ -38.937866, -6.078617 ], [ -38.914614, -6.086586 ], [ -38.908396, -6.084659 ], [ -38.904049, -6.139254 ], [ -38.878721, -6.147374 ], [ -38.871133, -6.139943 ], [ -38.864437, -6.138541 ], [ -38.86134, -6.133558 ], [ -38.850421, -6.137564 ], [ -38.849781, -6.131795 ], [ -38.846784, -6.131625 ], [ -38.842172, -6.135196 ], [ -38.83414, -6.126332 ], [ -38.821476, -6.123634 ], [ -38.82054, -6.137248 ], [ -38.813075, -6.135613 ], [ -38.804198, -6.129303 ], [ -38.800622, -6.121359 ], [ -38.78745, -6.120139 ], [ -38.78336, -6.114672 ], [ -38.766166, -6.123671 ], [ -38.75596, -6.112233 ], [ -38.745583, -6.111183 ], [ -38.745835, -6.114921 ], [ -38.736671, -6.117457 ], [ -38.733391, -6.123946 ], [ -38.722753, -6.12148 ], [ -38.710561, -6.110032 ], [ -38.719761, -6.134492 ], [ -38.731455, -6.150658 ], [ -38.735668, -6.165524 ], [ -38.733986, -6.178238 ], [ -38.730995, -6.186613 ], [ -38.726066, -6.200398 ], [ -38.720674, -6.199605 ], [ -38.707354, -6.206173 ], [ -38.694027, -6.206602 ], [ -38.685227, -6.211373 ], [ -38.679305, -6.21048 ], [ -38.675861, -6.202201 ], [ -38.669253, -6.200748 ], [ -38.665476, -6.195175 ], [ -38.65645, -6.191987 ], [ -38.654698, -6.184293 ], [ -38.63517, -6.178597 ], [ -38.63061, -6.173526 ], [ -38.616944, -6.168801 ], [ -38.60112, -6.176267 ], [ -38.599655, -6.184376 ], [ -38.592582, -6.189532 ], [ -38.588421, -6.200797 ], [ -38.579103, -6.207214 ], [ -38.571023, -6.207628 ], [ -38.571195, -6.214462 ], [ -38.560681, -6.229315 ], [ -38.551814, -6.233203 ], [ -38.547817, -6.231811 ], [ -38.51936, -6.222641 ], [ -38.52309, -6.227922 ], [ -38.528613, -6.239474 ], [ -38.538113, -6.2465 ], [ -38.545499, -6.24503 ], [ -38.554069, -6.262999 ], [ -38.56256, -6.267562 ], [ -38.578362, -6.27991 ], [ -38.571161, -6.284046 ], [ -38.570025, -6.292553 ], [ -38.569944, -6.299596 ], [ -38.56567, -6.302191 ], [ -38.580944, -6.315813 ], [ -38.58119, -6.330649 ], [ -38.576723, -6.34703 ], [ -38.562835, -6.352353 ], [ -38.562956, -6.355634 ], [ -38.564908, -6.356296 ], [ -38.567001, -6.361128 ], [ -38.575723, -6.362294 ], [ -38.572755, -6.37452 ], [ -38.582611, -6.373646 ], [ -38.592113, -6.377848 ], [ -38.594591, -6.386172 ], [ -38.601694, -6.389224 ], [ -38.593775, -6.396463 ], [ -38.588961, -6.395181 ], [ -38.581194, -6.396334 ], [ -38.582005, -6.399913 ], [ -38.577372, -6.402485 ], [ -38.573061, -6.403401 ], [ -38.55117, -6.397769 ], [ -38.542363, -6.401582 ], [ -38.530481, -6.392728 ], [ -38.525962, -6.394329 ], [ -38.517557, -6.408334 ], [ -38.524165, -6.406685 ], [ -38.553913, -6.432365 ], [ -38.555093, -6.437112 ], [ -38.556052, -6.447244 ], [ -38.565303, -6.451105 ], [ -38.569464, -6.454478 ], [ -38.570057, -6.469797 ], [ -38.59462, -6.500044 ], [ -38.611935, -6.512793 ], [ -38.615758, -6.527746 ], [ -38.610167, -6.531895 ], [ -38.606732, -6.529116 ], [ -38.626253, -6.552555 ], [ -38.625308, -6.557584 ], [ -38.632279, -6.562038 ], [ -38.632728, -6.568811 ], [ -38.6425, -6.580778 ], [ -38.632286, -6.590137 ], [ -38.628807, -6.604183 ], [ -38.646306, -6.615581 ], [ -38.648776, -6.627186 ], [ -38.65491, -6.630079 ], [ -38.656728, -6.64189 ], [ -38.646612, -6.653808 ], [ -38.646863, -6.663596 ], [ -38.651611, -6.672783 ], [ -38.662007, -6.673918 ], [ -38.66023, -6.678402 ], [ -38.664109, -6.67979 ], [ -38.672797, -6.696821 ], [ -38.669683, -6.702148 ], [ -38.672519, -6.70632 ], [ -38.665966, -6.719409 ], [ -38.655623, -6.729843 ], [ -38.65718, -6.74036 ], [ -38.649619, -6.751836 ], [ -38.65205, -6.756651 ], [ -38.652327, -6.759363 ], [ -38.639915, -6.763589 ], [ -38.628671, -6.777308 ], [ -38.613575, -6.782037 ], [ -38.617059, -6.793577 ], [ -38.629116, -6.789501 ], [ -38.639779, -6.788795 ], [ -38.641972, -6.791279 ], [ -38.635106, -6.80422 ], [ -38.648085, -6.806985 ], [ -38.654415, -6.812861 ], [ -38.655266, -6.813765 ], [ -38.65752, -6.816159 ], [ -38.661434, -6.823276 ], [ -38.675216, -6.829811 ], [ -38.677591, -6.834112 ], [ -38.669981, -6.842969 ], [ -38.671921, -6.846576 ], [ -38.676847, -6.853926 ], [ -38.675063, -6.861428 ], [ -38.678165, -6.863664 ], [ -38.686337, -6.86539 ], [ -38.700056, -6.876201 ], [ -38.708777, -6.874024 ], [ -38.713807, -6.876382 ], [ -38.713659, -6.885745 ], [ -38.728304, -6.886974 ], [ -38.731178, -6.88887 ], [ -38.729934, -6.896412 ], [ -38.755925, -6.90319 ], [ -38.764858, -6.910512 ], [ -38.758573, -6.916225 ], [ -38.758413, -6.924877 ], [ -38.762055, -6.926142 ], [ -38.757137, -6.934215 ], [ -38.755363, -6.939727 ], [ -38.764995, -6.947536 ], [ -38.756947, -6.957775 ], [ -38.746611, -6.960178 ], [ -38.747722, -6.966302 ], [ -38.742524, -6.974601 ], [ -38.751534, -6.98818 ], [ -38.76061, -6.989652 ], [ -38.764644, -6.993493 ], [ -38.758331, -6.998059 ], [ -38.750637, -6.996909 ], [ -38.730229, -7.011625 ], [ -38.71676, -7.016539 ], [ -38.713163, -7.017681 ], [ -38.691087, -7.028737 ], [ -38.689447, -7.039827 ], [ -38.672662, -7.045828 ], [ -38.669495, -7.047302 ], [ -38.676888, -7.066699 ], [ -38.671098, -7.070131 ], [ -38.666334, -7.081279 ], [ -38.659447, -7.085141 ], [ -38.6568, -7.093863 ], [ -38.6618, -7.109776 ], [ -38.66819, -7.116919 ], [ -38.677061, -7.130532 ], [ -38.674581, -7.143405 ], [ -38.674939, -7.155318 ], [ -38.68484, -7.16094 ], [ -38.676365, -7.167168 ], [ -38.676776, -7.170532 ], [ -38.682661, -7.175577 ], [ -38.687476, -7.189757 ], [ -38.673058, -7.184888 ], [ -38.64385, -7.183355 ], [ -38.636197, -7.193351 ], [ -38.624449, -7.190917 ], [ -38.619441, -7.196652 ], [ -38.622698, -7.207266 ], [ -38.619063, -7.220318 ], [ -38.615014, -7.229781 ], [ -38.605071, -7.236471 ], [ -38.600291, -7.234362 ], [ -38.59476, -7.246124 ], [ -38.58273, -7.247978 ], [ -38.556579, -7.239277 ], [ -38.551608, -7.243074 ], [ -38.554092, -7.251453 ], [ -38.551747, -7.263156 ], [ -38.541792, -7.265497 ], [ -38.542278, -7.277987 ], [ -38.534234, -7.293388 ], [ -38.539757, -7.305813 ], [ -38.550002, -7.315059 ], [ -38.54873, -7.325416 ], [ -38.549029, -7.334592 ], [ -38.551858, -7.340195 ], [ -38.56083, -7.357859 ], [ -38.576128, -7.376203 ], [ -38.583248, -7.397798 ], [ -38.590031, -7.400776 ], [ -38.595772, -7.41435 ], [ -38.584144, -7.415945 ], [ -38.583897, -7.432772 ], [ -38.594665, -7.433531 ], [ -38.595721, -7.438224 ], [ -38.60545, -7.444167 ], [ -38.602491, -7.453152 ], [ -38.602973, -7.457186 ], [ -38.644565, -7.459613 ], [ -38.645819, -7.462933 ], [ -38.641337, -7.464561 ], [ -38.635469, -7.474612 ], [ -38.63055, -7.486924 ], [ -38.645642, -7.50152 ], [ -38.646121, -7.517134 ], [ -38.654304, -7.521815 ], [ -38.651138, -7.527396 ], [ -38.652357, -7.539269 ], [ -38.656133, -7.545787 ], [ -38.653218, -7.554162 ], [ -38.658777, -7.560213 ], [ -38.654971, -7.565136 ], [ -38.674113, -7.568924 ], [ -38.67949, -7.574316 ], [ -38.688463, -7.581779 ], [ -38.702259, -7.580614 ], [ -38.710669, -7.586227 ], [ -38.712668, -7.607946 ], [ -38.717945, -7.608948 ], [ -38.71462, -7.615866 ], [ -38.717239, -7.626481 ], [ -38.723372, -7.626477 ], [ -38.735243, -7.633718 ], [ -38.734611, -7.63905 ], [ -38.741467, -7.647966 ], [ -38.742447, -7.659914 ], [ -38.754112, -7.659335 ], [ -38.760257, -7.655593 ], [ -38.775074, -7.662026 ], [ -38.779715, -7.661172 ], [ -38.78576, -7.668182 ], [ -38.790392, -7.670742 ], [ -38.792135, -7.667689 ], [ -38.811836, -7.66839 ], [ -38.815471, -7.66365 ], [ -38.819334, -7.66442 ], [ -38.823885, -7.677937 ], [ -38.814749, -7.687572 ], [ -38.814668, -7.696983 ], [ -38.821606, -7.714387 ], [ -38.827753, -7.719207 ], [ -38.834126, -7.71926 ], [ -38.845746, -7.720007 ], [ -38.851389, -7.71553 ], [ -38.869388, -7.711134 ], [ -38.880557, -7.724557 ], [ -38.880829, -7.740664 ], [ -38.880765, -7.741217 ], [ -38.880496, -7.743564 ], [ -38.881041, -7.747024 ], [ -38.894454, -7.750045 ], [ -38.899997, -7.744468 ], [ -38.915221, -7.744079 ], [ -38.917891, -7.746759 ], [ -38.915754, -7.75813 ], [ -38.919862, -7.754159 ], [ -38.92727, -7.753398 ], [ -38.933695, -7.758422 ], [ -38.939221, -7.758365 ], [ -38.941491, -7.762094 ], [ -38.941608, -7.762735 ], [ -38.940666, -7.771005 ], [ -38.946026, -7.780989 ], [ -38.939608, -7.794697 ], [ -38.952498, -7.810137 ], [ -38.953692, -7.821109 ], [ -38.964583, -7.82942 ], [ -38.959004, -7.837855 ], [ -38.961757, -7.843766 ], [ -38.965845, -7.845225 ], [ -38.974282, -7.842566 ], [ -38.981887, -7.845717 ], [ -39.001051, -7.839717 ], [ -39.004231, -7.835527 ], [ -39.013334, -7.812465 ], [ -39.017684, -7.812258 ], [ -39.026036, -7.824227 ], [ -39.053398, -7.818896 ], [ -39.064522, -7.839096 ], [ -39.09094, -7.857774 ], [ -39.095078, -7.852855 ], [ -39.095409, -7.846027 ], [ -39.087459, -7.835763 ], [ -39.091362, -7.824404 ], [ -39.090197, -7.809196 ], [ -39.101558, -7.786042 ], [ -39.099976, -7.7753 ], [ -39.102259, -7.77063 ], [ -39.105996, -7.759818 ], [ -39.123495, -7.742838 ], [ -39.133594, -7.72487 ], [ -39.143354, -7.718139 ], [ -39.14619, -7.717858 ], [ -39.170643, -7.714833 ], [ -39.180775, -7.70907 ], [ -39.188994, -7.699706 ], [ -39.189865, -7.698514 ], [ -39.207976, -7.689073 ], [ -39.222383, -7.696396 ], [ -39.234379, -7.696394 ], [ -39.243813, -7.704936 ], [ -39.252205, -7.704523 ], [ -39.250029, -7.698036 ], [ -39.247104, -7.690241 ], [ -39.250672, -7.680512 ], [ -39.251679, -7.678464 ], [ -39.264979, -7.669424 ], [ -39.266036, -7.664358 ], [ -39.272042, -7.659726 ], [ -39.283392, -7.663801 ], [ -39.305207, -7.665525 ], [ -39.311029, -7.65483 ], [ -39.32108, -7.653819 ], [ -39.331632, -7.647801 ], [ -39.331726, -7.64776 ], [ -39.338084, -7.64424 ], [ -39.342484, -7.635211 ], [ -39.354438, -7.629721 ], [ -39.36762, -7.623504 ], [ -39.372335, -7.613761 ], [ -39.383612, -7.608164 ], [ -39.383695, -7.608116 ], [ -39.419295, -7.604006 ], [ -39.422912, -7.586399 ], [ -39.430824, -7.577616 ], [ -39.434573, -7.573317 ], [ -39.446858, -7.571886 ], [ -39.472092, -7.574776 ], [ -39.476166, -7.552922 ], [ -39.484653, -7.537981 ], [ -39.482169, -7.529645 ], [ -39.469327, -7.520163 ], [ -39.455316, -7.501455 ], [ -39.458132, -7.473805 ], [ -39.467495, -7.469185 ], [ -39.475151, -7.472265 ], [ -39.489371, -7.472018 ], [ -39.501999, -7.463743 ], [ -39.542887, -7.484355 ], [ -39.545491, -7.483536 ], [ -39.552466, -7.480251 ], [ -39.557093, -7.472139 ], [ -39.565637, -7.448521 ], [ -39.570913, -7.430341 ], [ -39.576172, -7.42749 ], [ -39.592716, -7.431946 ], [ -39.598641, -7.428368 ], [ -39.608326, -7.423322 ], [ -39.628545, -7.425224 ] ] ] } },
{ "type": "Feature", "properties": { "HREG_ID": "23024", "HREG_NAME": "3ª RS Sertão Central", "id": "230040", "name": "Aiuaba", "description": "Aiuaba", "MUN_ID": "230040", "UF": "CE", "MACRO_ID": "2307", "MACRO_NAME": "Sertão Central" }, "geometry": { "type": "Polygon", "coordinates": [ [ [ -40.066887, -6.406039 ], [ -40.059655, -6.418413 ], [ -40.046881, -6.423559 ], [ -40.028229, -6.437811 ], [ -40.029459, -6.442521 ], [ -40.038188, -6.439918 ], [ -40.044295, -6.444036 ], [ -40.049315, -6.453083 ], [ -40.048384, -6.460433 ], [ -40.051958, -6.467115 ], [ -40.047708, -6.47082 ], [ -40.05621, -6.477882 ], [ -40.054562, -6.487136 ], [ -40.059334, -6.49011 ], [ -40.055052, -6.495325 ], [ -40.059766, -6.499929 ], [ -40.058776, -6.506987 ], [ -40.049792, -6.514686 ], [ -40.051523, -6.521568 ], [ -40.041388, -6.531309 ], [ -40.040592, -6.538427 ], [ -40.031209, -6.542712 ], [ -40.034816, -6.55832 ], [ -40.030102, -6.562797 ], [ -40.025714, -6.581318 ], [ -40.034289, -6.586996 ], [ -40.043858, -6.588312 ], [ -40.043915, -6.593911 ], [ -40.040454, -6.600715 ], [ -40.051876, -6.606326 ], [ -40.057452, -6.621636 ], [ -40.054423, -6.626137 ], [ -40.04, -6.6272 ], [ -40.036568, -6.637189 ], [ -40.056499, -6.67402 ], [ -40.048488, -6.674078 ], [ -40.051651, -6.679554 ], [ -40.046563, -6.682286 ], [ -40.040061, -6.672773 ], [ -40.029615, -6.671573 ], [ -40.028979, -6.676103 ], [ -40.021078, -6.674278 ], [ -40.021049, -6.678368 ], [ -40.013716, -6.677331 ], [ -40.008251, -6.686812 ], [ -40.004851, -6.686418 ], [ -40.002134, -6.696041 ], [ -39.998024, -6.696831 ], [ -39.996196, -6.701543 ], [ -40.011605, -6.712338 ], [ -40.026388, -6.732101 ], [ -40.032518, -6.734812 ], [ -40.046905, -6.754828 ], [ -40.069735, -6.772031 ], [ -40.072027, -6.779463 ], [ -40.065989, -6.787989 ], [ -40.068781, -6.791924 ], [ -40.07884, -6.795861 ], [ -40.08262, -6.791785 ], [ -40.095042, -6.802837 ], [ -40.104143, -6.806722 ], [ -40.108297, -6.805193 ], [ -40.116647, -6.819047 ], [ -40.122941, -6.818692 ], [ -40.140092, -6.822375 ], [ -40.140519, -6.817588 ], [ -40.144956, -6.818446 ], [ -40.132998, -6.810476 ], [ -40.1352, -6.807395 ], [ -40.130571, -6.803394 ], [ -40.138958, -6.801857 ], [ -40.141464, -6.791454 ], [ -40.149877, -6.784345 ], [ -40.168198, -6.79139 ], [ -40.169327, -6.777253 ], [ -40.180125, -6.759276 ], [ -40.203086, -6.774157 ], [ -40.242042, -6.77666 ], [ -40.251382, -6.78623 ], [ -40.25808, -6.785808 ], [ -40.264588, -6.796255 ], [ -40.280688, -6.794059 ], [ -40.291477, -6.807575 ], [ -40.297717, -6.807519 ], [ -40.30579, -6.787915 ], [ -40.310059, -6.786118 ], [ -40.315389, -6.79118 ], [ -40.318052, -6.800232 ], [ -40.331255, -6.803958 ], [ -40.342601, -6.802033 ], [ -40.348137, -6.796371 ], [ -40.351984, -6.808426 ], [ -40.370141, -6.802671 ], [ -40.388422, -6.796599 ], [ -40.403769, -6.802088 ], [ -40.416467, -6.812133 ], [ -40.432029, -6.812424 ], [ -40.438621, -6.806288 ], [ -40.442561, -6.789474 ], [ -40.451661, -6.783376 ], [ -40.456666, -6.762203 ], [ -40.459358, -6.753838 ], [ -40.471568, -6.744535 ], [ -40.473518, -6.734478 ], [ -40.492321, -6.731535 ], [ -40.517018, -6.730096 ], [ -40.561408, -6.719971 ], [ -40.601837, -6.715613 ], [ -40.616051, -6.710003 ], [ -40.632048, -6.698505 ], [ -40.648769, -6.678431 ], [ -40.709812, -6.675731 ], [ -40.725722, -6.662806 ], [ -40.731869, -6.653187 ], [ -40.72261, -6.621095 ], [ -40.721631, -6.617285 ], [ -40.736048, -6.599812 ], [ -40.739854, -6.577098 ], [ -40.745481, -6.565149 ], [ -40.787297, -6.523382 ], [ -40.791751, -6.512464 ], [ -40.789568, -6.500234 ], [ -40.796214, -6.470304 ], [ -40.793404, -6.459793 ], [ -40.796015, -6.426361 ], [ -40.804783, -6.392735 ], [ -40.799716, -6.381306 ], [ -40.789976, -6.371493 ], [ -40.778943, -6.342892 ], [ -40.779764, -6.327277 ], [ -40.781638, -6.316167 ], [ -40.787141, -6.303861 ], [ -40.80381, -6.292474 ], [ -40.810133, -6.286668 ], [ -40.820191, -6.262803 ], [ -40.833737, -6.244031 ], [ -40.851852, -6.223825 ], [ -40.846858, -6.202619 ], [ -40.852473, -6.174666 ], [ -40.84997, -6.152162 ], [ -40.845367, -6.134601 ], [ -40.857341, -6.104905 ], [ -40.807374, -6.104728 ], [ -40.810616, -6.095761 ], [ -40.807415, -6.091904 ], [ -40.800447, -6.096691 ], [ -40.786002, -6.090329 ], [ -40.771418, -6.091058 ], [ -40.763694, -6.089468 ], [ -40.758448, -6.092938 ], [ -40.746731, -6.089998 ], [ -40.74711, -6.082324 ], [ -40.736116, -6.07681 ], [ -40.732613, -6.069394 ], [ -40.737723, -6.062981 ], [ -40.73709, -6.058012 ], [ -40.731305, -6.051856 ], [ -40.723399, -6.052077 ], [ -40.717282, -6.045969 ], [ -40.715427, -6.040147 ], [ -40.734104, -6.029895 ], [ -40.734231, -6.021807 ], [ -40.740598, -6.013013 ], [ -40.737521, -5.992218 ], [ -40.745301, -5.988527 ], [ -40.746195, -5.982923 ], [ -40.736407, -5.973521 ], [ -40.728604, -5.972879 ], [ -40.718821, -5.964498 ], [ -40.709402, -5.967197 ], [ -40.714015, -5.959517 ], [ -40.709834, -5.947949 ], [ -40.715637, -5.941118 ], [ -40.705434, -5.938718 ], [ -40.70565, -5.930196 ], [ -40.697372, -5.923772 ], [ -40.687234, -5.914439 ], [ -40.663235, -5.914038 ], [ -40.662391, -5.911702 ], [ -40.67329, -5.903314 ], [ -40.674176, -5.892433 ], [ -40.681681, -5.879943 ], [ -40.680381, -5.871197 ], [ -40.672842, -5.869169 ], [ -40.665485, -5.851503 ], [ -40.652091, -5.844291 ], [ -40.641536, -5.839646 ], [ -40.628151, -5.852521 ], [ -40.61845, -5.8521 ], [ -40.601681, -5.843622 ], [ -40.602078, -5.837795 ], [ -40.586706, -5.8344 ], [ -40.585613, -5.837761 ], [ -40.565038, -5.841631 ], [ -40.557008, -5.842039 ], [ -40.548199, -5.831947 ], [ -40.53312, -5.823937 ], [ -40.529897, -5.816424 ], [ -40.523797, -5.817275 ], [ -40.52089, -5.813237 ], [ -40.511589, -5.815109 ], [ -40.515958, -5.824556 ], [ -40.494159, -5.827647 ], [ -40.49395, -5.827694 ], [ -40.485409, -5.834711 ], [ -40.476226, -5.831701 ], [ -40.472963, -5.826078 ], [ -40.452994, -5.828198 ], [ -40.444567, -5.825749 ], [ -40.417006, -5.811648 ], [ -40.411995, -5.810043 ], [ -40.397611, -5.780603 ], [ -40.388339, -5.776446 ], [ -40.382084, -5.767751 ], [ -40.380615, -5.759 ], [ -40.370986, -5.752644 ], [ -40.368117, -5.745391 ], [ -40.351696, -5.743319 ], [ -40.340955, -5.74814 ], [ -40.319608, -5.742295 ], [ -40.31187, -5.746248 ], [ -40.311642, -5.746423 ], [ -40.296055, -5.749695 ], [ -40.284263, -5.757596 ], [ -40.281662, -5.751489 ], [ -40.255801, -5.728489 ], [ -40.240813, -5.71924 ], [ -40.240526, -5.707802 ], [ -40.236402, -5.709395 ], [ -40.225605, -5.70933 ], [ -40.221677, -5.699263 ], [ -40.210556, -5.691321 ], [ -40.220162, -5.667458 ], [ -40.230898, -5.659558 ], [ -40.227232, -5.648698 ], [ -40.233646, -5.630779 ], [ -40.229364, -5.618777 ], [ -40.232822, -5.614323 ], [ -40.224131, -5.606486 ], [ -40.219635, -5.604409 ], [ -40.228928, -5.599726 ], [ -40.226677, -5.592999 ], [ -40.194419, -5.574035 ], [ -40.185907, -5.570469 ], [ -40.185143, -5.561626 ], [ -40.17952, -5.558558 ], [ -40.172809, -5.559935 ], [ -40.166811, -5.544811 ], [ -40.158783, -5.545664 ], [ -40.143066, -5.540854 ], [ -40.141099, -5.545653 ], [ -40.123827, -5.554311 ], [ -40.118723, -5.54816 ], [ -40.115108, -5.538663 ], [ -40.110009, -5.534713 ], [ -40.1089, -5.527014 ], [ -40.111731, -5.516759 ], [ -40.108028, -5.50603 ], [ -40.111911, -5.49096 ], [ -40.106255, -5.467182 ], [ -40.109155, -5.462022 ], [ -40.1067, -5.452095 ], [ -40.100791, -5.45137 ], [ -40.097466, -5.446471 ], [ -40.100924, -5.443328 ], [ -40.089754, -5.440284 ], [ -40.090629, -5.435862 ], [ -40.083415, -5.427537 ], [ -40.082965, -5.422323 ], [ -40.077292, -5.421182 ], [ -40.068682, -5.402814 ], [ -40.058307, -5.396466 ], [ -40.061087, -5.389503 ], [ -40.05642, -5.369956 ], [ -40.051647, -5.366106 ], [ -40.055669, -5.36385 ], [ -40.055006, -5.357844 ], [ -40.038502, -5.353463 ], [ -40.027112, -5.345864 ], [ -40.028173, -5.341542 ], [ -40.023166, -5.337246 ], [ -40.020533, -5.327578 ], [ -40.022477, -5.324119 ], [ -40.018085, -5.318479 ], [ -40.027889, -5.31119 ], [ -40.024422, -5.301866 ], [ -40.02917, -5.296284 ], [ -40.055223, -5.291066 ], [ -40.055007, -5.284832 ], [ -40.048029, -5.281675 ], [ -40.046839, -5.271759 ], [ -40.042672, -5.260965 ], [ -40.045933, -5.242822 ], [ -40.046253, -5.238693 ], [ -40.037368, -5.230225 ], [ -40.035028, -5.2216 ], [ -40.020889, -5.205466 ], [ -40.030866, -5.200049 ], [ -40.029422, -5.191635 ], [ -40.035144, -5.182792 ], [ -40.055003, -5.180932 ], [ -40.056648, -5.186114 ], [ -40.059166, -5.185686 ], [ -40.074754, -5.165046 ], [ -40.085127, -5.173809 ], [ -40.091326, -5.172427 ], [ -40.097737, -5.163368 ], [ -40.112627, -5.166742 ], [ -40.115436, -5.161854 ], [ -40.121531, -5.165191 ], [ -40.138552, -5.163076 ], [ -40.140931, -5.169049 ], [ -40.153175, -5.163637 ], [ -40.158641, -5.166574 ], [ -40.165249, -5.165016 ], [ -40.165006, -5.164732 ], [ -40.04812, -5.107379 ], [ -40.045685, -5.106185 ], [ -40.001801, -5.08466 ], [ -39.996776, -5.072286 ], [ -39.979233, -5.056913 ], [ -39.968703, -5.043407 ], [ -39.973114, -5.029826 ], [ -39.959945, -5.028578 ], [ -39.959713, -5.020552 ], [ -39.966031, -4.960329 ], [ -39.968067, -4.940096 ], [ -39.960033, -4.939075 ], [ -39.962143, -4.931861 ], [ -39.957012, -4.926917 ], [ -39.951394, -4.923645 ], [ -39.946815, -4.929045 ], [ -39.939114, -4.921521 ], [ -39.933868, -4.923825 ], [ -39.929027, -4.913254 ], [ -39.922875, -4.912875 ], [ -39.919073, -4.908277 ], [ -39.907697, -4.903064 ], [ -39.902133, -4.90511 ], [ -39.900113, -4.901553 ], [ -39.902596, -4.899427 ], [ -39.893866, -4.893461 ], [ -39.891986, -4.892507 ], [ -39.895748, -4.89072 ], [ -39.892563, -4.886778 ], [ -39.900459, -4.884003 ], [ -39.908666, -4.874449 ], [ -39.924136, -4.864288 ], [ -39.940261, -4.84124 ], [ -39.944883, -4.838227 ], [ -39.949002, -4.826195 ], [ -39.946397, -4.821322 ], [ -39.948299, -4.815977 ], [ -39.93003, -4.799689 ], [ -39.928938, -4.795056 ], [ -39.938683, -4.782371 ], [ -39.935079, -4.776685 ], [ -39.939293, -4.770164 ], [ -39.92822, -4.774156 ], [ -39.916199, -4.782103 ], [ -39.914277, -4.788505 ], [ -39.884364, -4.789532 ], [ -39.878161, -4.783037 ], [ -39.878371, -4.776732 ], [ -39.871238, -4.77274 ], [ -39.872897, -4.765833 ], [ -39.873905, -4.76185 ], [ -39.863883, -4.751956 ], [ -39.859725, -4.737268 ], [ -39.84195, -4.739169 ], [ -39.839567, -4.73462 ], [ -39.834814, -4.735906 ], [ -39.833501, -4.732853 ], [ -39.823664, -4.730518 ], [ -39.817623, -4.731247 ], [ -39.811765, -4.738942 ], [ -39.798335, -4.743139 ], [ -39.792475, -4.752971 ], [ -39.805667, -4.707721 ], [ -39.740626, -4.7203 ], [ -39.728941, -4.696453 ], [ -39.726328, -4.689867 ], [ -39.728677, -4.685917 ], [ -39.720637, -4.686118 ], [ -39.719129, -4.680709 ], [ -39.714224, -4.677851 ], [ -39.719389, -4.674342 ], [ -39.728923, -4.671025 ], [ -39.726106, -4.667145 ], [ -39.731532, -4.665675 ], [ -39.715443, -4.654747 ], [ -39.738642, -4.652497 ], [ -39.744124, -4.645743 ], [ -39.748246, -4.649748 ], [ -39.756151, -4.646495 ], [ -39.765693, -4.647631 ], [ -39.773271, -4.643114 ], [ -39.778614, -4.630432 ], [ -39.776453, -4.626045 ], [ -39.76234, -4.628478 ], [ -39.764225, -4.619629 ], [ -39.759324, -4.619826 ], [ -39.754479, -4.610665 ], [ -39.743691, -4.606159 ], [ -39.741658, -4.599861 ], [ -39.719756, -4.599447 ], [ -39.68523, -4.575669 ], [ -39.686252, -4.567015 ], [ -39.68937, -4.565233 ], [ -39.688728, -4.556063 ], [ -39.695565, -4.556455 ], [ -39.699808, -4.54586 ], [ -39.70724, -4.542741 ], [ -39.729008, -4.540269 ], [ -39.745782, -4.544668 ], [ -39.756645, -4.535087 ], [ -39.764085, -4.534447 ], [ -39.765254, -4.524081 ], [ -39.754646, -4.511542 ], [ -39.756141, -4.502961 ], [ -39.721197, -4.484069 ], [ -39.726521, -4.473134 ], [ -39.725676, -4.469459 ], [ -39.733837, -4.464077 ], [ -39.734054, -4.453124 ], [ -39.729501, -4.449771 ], [ -39.732607, -4.439394 ], [ -39.736899, -4.43786 ], [ -39.732049, -4.435361 ], [ -39.739963, -4.430897 ], [ -39.738224, -4.423313 ], [ -39.752533, -4.406778 ], [ -39.755026, -4.399383 ], [ -39.74558, -4.397691 ], [ -39.737641, -4.401546 ], [ -39.72739, -4.393421 ], [ -39.725769, -4.383989 ], [ -39.711506, -4.381689 ], [ -39.709973, -4.369511 ], [ -39.714471, -4.35511 ], [ -39.71078, -4.353497 ], [ -39.710227, -4.348067 ], [ -39.725673, -4.344227 ], [ -39.734739, -4.332297 ], [ -39.732949, -4.317845 ], [ -39.725202, -4.318254 ], [ -39.726398, -4.307439 ], [ -39.732236, -4.307737 ], [ -39.738724, -4.294829 ], [ -39.732966, -4.287637 ], [ -39.738086, -4.282459 ], [ -39.730147, -4.275294 ], [ -39.745727, -4.259939 ], [ -39.750421, -4.25456 ], [ -39.77236, -4.245188 ], [ -39.777772, -4.230751 ], [ -39.777003, -4.223435 ], [ -39.772477, -4.222196 ], [ -39.780281, -4.210757 ], [ -39.783561, -4.198233 ], [ -39.790118, -4.194286 ], [ -39.787717, -4.18857 ], [ -39.775724, -4.180975 ], [ -39.773551, -4.173323 ], [ -39.768534, -4.15844 ], [ -39.757114, -4.157474 ], [ -39.755395, -4.134239 ], [ -39.74925, -4.129746 ], [ -39.748883, -4.124741 ], [ -39.742105, -4.113847 ], [ -39.738309, -4.108727 ], [ -39.720952, -4.102803 ], [ -39.715963, -4.0961 ], [ -39.705558, -4.10456 ], [ -39.703086, -4.090464 ], [ -39.696555, -4.087355 ], [ -39.682981, -4.080664 ], [ -39.679531, -4.07537 ], [ -39.664588, -4.081295 ], [ -39.666111, -4.068162 ], [ -39.643143, -4.07222 ], [ -39.627835, -4.069422 ], [ -39.625226, -4.079538 ], [ -39.619102, -4.07534 ], [ -39.616921, -4.079393 ], [ -39.610618, -4.079315 ], [ -39.606535, -4.083137 ], [ -39.597287, -4.094045 ], [ -39.585202, -4.095377 ], [ -39.576127, -4.092221 ], [ -39.575282, -4.092109 ], [ -39.556562, -4.10215 ], [ -39.547218, -4.098534 ], [ -39.545085, -4.101085 ], [ -39.540272, -4.08969 ], [ -39.532927, -4.082587 ], [ -39.530796, -4.089561 ], [ -39.525286, -4.093728 ], [ -39.523889, -4.1115 ], [ -39.517584, -4.114439 ], [ -39.436102, -4.100818 ], [ -39.406876, -4.095327 ], [ -39.39933, -4.104597 ], [ -39.386804, -4.104733 ], [ -39.371707, -4.110092 ], [ -39.358552, -4.096712 ], [ -39.366823, -4.088704 ], [ -39.341527, -4.08902 ], [ -39.324533, -4.089126 ], [ -39.32321, -4.089112 ], [ -39.305507, -4.08363 ], [ -39.293608, -4.083416 ], [ -39.270504, -4.084704 ], [ -39.258696, -4.077424 ], [ -39.241807, -4.074513 ], [ -39.237979, -4.077904 ], [ -39.227313, -4.072164 ], [ -39.225647, -4.065899 ], [ -39.220191, -4.062982 ], [ -39.21453, -4.050953 ], [ -39.203361, -4.046572 ], [ -39.114594, -4.059324 ], [ -39.063344, -4.066678 ], [ -39.028803, -4.062795 ], [ -39.004786, -3.99255 ], [ -38.984049, -4.04399 ], [ -38.957204, -4.072331 ], [ -38.960696, -4.076702 ], [ -38.952276, -4.083226 ], [ -38.953377, -4.091143 ], [ -38.950999, -4.102947 ], [ -38.945987, -4.096031 ], [ -38.941628, -4.100879 ], [ -38.942979, -4.105003 ], [ -38.938334, -4.109391 ], [ -38.943822, -4.117615 ], [ -38.939648, -4.125201 ], [ -38.948606, -4.127762 ], [ -38.947663, -4.131061 ], [ -38.947231, -4.136368 ], [ -38.954354, -4.136626 ], [ -38.958548, -4.144153 ], [ -38.957416, -4.155183 ], [ -38.96161, -4.16751 ], [ -38.960743, -4.171403 ], [ -38.956217, -4.171144 ], [ -38.956285, -4.177889 ], [ -38.951698, -4.182305 ], [ -38.96081, -4.182951 ], [ -38.959345, -4.188401 ], [ -38.962074, -4.190217 ], [ -38.966603, -4.185546 ], [ -38.970798, -4.190087 ], [ -38.974993, -4.186196 ], [ -38.976124, -4.197725 ], [ -38.979054, -4.19385 ], [ -38.979321, -4.196236 ], [ -38.980071, -4.19811 ], [ -38.982518, -4.204231 ], [ -38.997501, -4.206046 ], [ -39.005824, -4.211497 ], [ -39.005958, -4.226549 ], [ -39.019009, -4.222655 ], [ -39.026433, -4.2272 ], [ -39.026533, -4.227587 ], [ -39.021608, -4.230182 ], [ -39.013019, -4.228883 ], [ -39.011085, -4.231477 ], [ -39.009886, -4.23602 ], [ -39.002894, -4.232906 ], [ -38.994136, -4.249803 ], [ -39.003159, -4.249583 ], [ -39.019842, -4.256325 ], [ -39.001569, -4.25312 ], [ -38.991921, -4.26075 ], [ -38.995214, -4.260087 ], [ -38.995384, -4.264399 ], [ -39.000035, -4.259757 ], [ -39.003612, -4.262408 ], [ -39.007074, -4.27236 ], [ -39.003613, -4.273465 ], [ -39.008799, -4.282727 ], [ -39.011672, -4.288393 ], [ -39.010252, -4.276009 ], [ -39.014792, -4.264289 ], [ -39.014225, -4.269375 ], [ -39.019842, -4.276563 ], [ -39.02569, -4.273245 ], [ -39.030626, -4.274793 ], [ -39.032214, -4.277779 ], [ -39.027391, -4.285512 ], [ -39.021319, -4.288284 ], [ -39.040274, -4.287509 ], [ -39.03511, -4.291047 ], [ -39.037607, -4.291931 ], [ -39.039159, -4.294755 ], [ -39.039957, -4.298549 ], [ -39.045326, -4.299671 ], [ -39.043979, -4.309394 ], [ -39.038956, -4.30663 ], [ -39.03582, -4.308847 ], [ -39.037794, -4.318886 ], [ -39.025943, -4.31807 ], [ -39.027337, -4.327875 ], [ -39.024781, -4.330676 ], [ -39.033382, -4.335229 ], [ -39.03861, -4.349119 ], [ -39.051276, -4.35297 ], [ -39.050115, -4.358456 ], [ -39.057322, -4.364758 ], [ -39.060573, -4.356705 ], [ -39.063267, -4.358313 ], [ -39.070217, -4.352386 ], [ -39.062199, -4.361958 ], [ -39.072774, -4.366276 ], [ -39.058132, -4.375032 ], [ -39.065106, -4.379001 ], [ -39.066851, -4.388571 ], [ -39.061854, -4.391958 ], [ -39.062668, -4.396743 ], [ -39.065538, -4.395959 ], [ -39.067549, -4.398493 ], [ -39.082537, -4.390905 ], [ -39.085561, -4.39394 ], [ -39.088929, -4.3832 ], [ -39.095786, -4.381565 ], [ -39.094274, -4.388103 ], [ -39.098925, -4.393472 ], [ -39.094161, -4.397207 ], [ -39.089746, -4.412849 ], [ -39.078589, -4.405379 ], [ -39.078473, -4.417054 ], [ -39.074175, -4.417051 ], [ -39.076876, -4.425413 ], [ -39.053954, -4.437017 ], [ -39.050585, -4.435849 ], [ -39.051199, -4.446137 ], [ -39.04768, -4.447056 ], [ -39.041521, -4.458145 ], [ -39.030779, -4.463439 ], [ -39.084678, -4.47147 ], [ -39.079272, -4.48519 ], [ -39.087419, -4.493436 ], [ -39.081812, -4.503739 ], [ -39.085041, -4.518803 ], [ -39.08275, -4.525732 ], [ -39.080612, -4.531164 ], [ -39.083285, -4.53606 ], [ -39.075473, -4.537669 ], [ -39.075607, -4.547796 ], [ -39.069664, -4.545852 ], [ -39.065954, -4.561265 ], [ -39.129422, -4.627974 ], [ -39.129226, -4.627906 ], [ -39.118561, -4.6263 ], [ -39.111923, -4.641555 ], [ -39.108974, -4.64252 ], [ -39.100004, -4.636159 ], [ -39.09625, -4.643162 ], [ -39.080754, -4.638977 ], [ -39.074414, -4.647902 ], [ -39.070037, -4.651797 ], [ -39.059001, -4.651061 ], [ -39.046143, -4.639597 ], [ -39.029811, -4.643637 ], [ -39.021871, -4.640728 ], [ -39.012589, -4.644273 ], [ -39.007558, -4.650133 ], [ -38.995948, -4.647253 ], [ -38.991034, -4.652696 ], [ -38.983004, -4.653913 ], [ -38.977286, -4.660275 ], [ -38.978362, -4.66837 ], [ -38.965729, -4.665607 ], [ -38.953556, -4.666962 ], [ -38.950508, -4.681001 ], [ -38.949651, -4.685068 ], [ -38.96099, -4.695772 ], [ -38.965099, -4.704837 ], [ -38.951228, -4.716861 ], [ -38.943115, -4.740814 ], [ -38.926102, -4.739114 ], [ -38.922057, -4.736128 ], [ -38.901396, -4.719781 ], [ -38.904582, -4.71267 ], [ -38.890827, -4.714486 ], [ -38.883445, -4.708884 ], [ -38.880961, -4.6936 ], [ -38.875366, -4.689816 ], [ -38.877466, -4.685762 ], [ -38.873974, -4.679256 ], [ -38.869621, -4.67956 ], [ -38.85968, -4.664428 ], [ -38.843907, -4.672141 ], [ -38.82905, -4.668219 ], [ -38.825802, -4.671076 ], [ -38.813685, -4.671378 ], [ -38.802735, -4.649891 ], [ -38.790538, -4.647163 ], [ -38.787696, -4.638718 ], [ -38.78215, -4.640959 ], [ -38.781505, -4.630281 ], [ -38.777959, -4.626281 ], [ -38.774848, -4.631877 ], [ -38.769022, -4.634145 ], [ -38.762593, -4.63187 ], [ -38.767628, -4.623434 ], [ -38.763473, -4.622063 ], [ -38.753308, -4.623775 ], [ -38.735725, -4.618059 ], [ -38.721813, -4.620545 ], [ -38.712443, -4.612367 ], [ -38.700829, -4.612571 ], [ -38.698904, -4.626473 ], [ -38.694483, -4.627405 ], [ -38.691229, -4.635601 ], [ -38.692344, -4.64162 ], [ -38.686762, -4.64468 ], [ -38.690369, -4.650854 ], [ -38.675981, -4.657074 ], [ -38.674623, -4.663664 ], [ -38.670702, -4.666616 ], [ -38.668197, -4.660702 ], [ -38.665068, -4.660352 ], [ -38.652896, -4.682716 ], [ -38.642505, -4.68769 ], [ -38.631476, -4.688514 ], [ -38.638238, -4.695055 ], [ -38.637724, -4.699635 ], [ -38.623695, -4.69799 ], [ -38.615134, -4.689201 ], [ -38.597498, -4.684152 ], [ -38.591718, -4.678762 ], [ -38.5802, -4.670848 ], [ -38.572975, -4.67065 ], [ -38.569035, -4.675106 ], [ -38.554869, -4.673679 ], [ -38.537702, -4.679841 ], [ -38.52853, -4.6799 ], [ -38.527671, -4.694874 ], [ -38.532528, -4.707747 ], [ -38.519557, -4.73461 ], [ -38.523035, -4.735463 ], [ -38.527391, -4.746152 ], [ -38.534563, -4.753481 ], [ -38.539921, -4.756925 ], [ -38.546305, -4.755887 ], [ -38.562056, -4.76001 ], [ -38.577545, -4.771487 ], [ -38.578139, -4.796736 ], [ -38.588648, -4.811179 ], [ -38.596754, -4.812228 ], [ -38.596618, -4.817009 ], [ -38.6012, -4.818863 ], [ -38.610941, -4.833159 ], [ -38.638035, -4.849724 ], [ -38.645763, -4.850529 ], [ -38.649752, -4.850795 ], [ -38.661332, -4.861955 ], [ -38.666171, -4.871843 ], [ -38.656451, -4.888084 ], [ -38.646726, -4.89479 ], [ -38.649116, -4.902102 ], [ -38.637658, -4.916713 ], [ -38.638528, -4.927227 ], [ -38.647129, -4.937162 ], [ -38.630928, -4.925418 ], [ -38.625169, -4.912433 ], [ -38.631483, -4.910975 ], [ -38.629989, -4.900509 ], [ -38.624552, -4.900628 ], [ -38.591815, -4.873501 ], [ -38.559335, -4.876764 ], [ -38.54952, -4.882233 ], [ -38.532107, -4.883382 ], [ -38.526191, -4.88477 ], [ -38.515262, -4.890484 ], [ -38.505702, -4.888409 ], [ -38.491535, -4.879427 ], [ -38.464529, -4.881243 ], [ -38.462336, -4.872496 ], [ -38.44917, -4.87857 ], [ -38.441294, -4.875526 ], [ -38.421234, -4.903241 ], [ -38.415274, -4.926485 ], [ -38.404522, -4.947207 ], [ -38.404869, -4.947774 ], [ -38.414117, -4.946424 ], [ -38.422533, -4.930936 ], [ -38.431298, -4.932839 ], [ -38.431407, -4.932875 ], [ -38.448676, -4.938407 ], [ -38.478417, -4.947954 ], [ -38.478539, -4.947975 ], [ -38.503729, -4.956082 ], [ -38.506786, -4.962335 ], [ -38.497773, -4.96573 ], [ -38.502402, -4.970757 ], [ -38.499462, -4.978751 ], [ -38.50515, -4.983894 ], [ -38.491919, -5.008337 ], [ -38.48245, -5.006024 ], [ -38.480365, -5.014283 ], [ -38.485811, -5.029568 ], [ -38.484472, -5.034921 ], [ -38.496089, -5.048093 ], [ -38.497504, -5.066882 ], [ -38.489092, -5.082972 ], [ -38.490575, -5.086133 ], [ -38.536071, -5.080173 ], [ -38.563829, -5.075917 ], [ -38.626193, -5.065901 ], [ -38.628452, -5.078682 ], [ -38.626112, -5.081379 ], [ -38.628866, -5.084272 ], [ -38.623419, -5.085299 ], [ -38.621033, -5.090728 ], [ -38.616445, -5.110879 ], [ -38.61806, -5.118527 ], [ -38.615809, -5.12323 ], [ -38.617557, -5.131748 ], [ -38.61058, -5.143627 ], [ -38.613734, -5.151334 ], [ -38.614105, -5.151778 ], [ -38.677512, -5.227805 ], [ -38.703477, -5.222632 ], [ -38.708166, -5.201008 ], [ -38.718553, -5.200492 ], [ -38.739423, -5.19764 ], [ -38.76809, -5.201772 ], [ -38.811117, -5.223687 ], [ -38.847028, -5.284933 ], [ -38.865175, -5.293632 ], [ -38.868414, -5.296857 ], [ -38.878341, -5.310028 ], [ -38.897892, -5.308733 ], [ -38.915834, -5.320215 ], [ -38.921434, -5.329262 ], [ -38.924387, -5.379372 ], [ -38.92109, -5.399902 ], [ -38.925841, -5.411182 ], [ -38.922143, -5.411723 ], [ -38.919999, -5.419105 ], [ -38.922948, -5.433733 ], [ -38.916445, -5.432089 ], [ -38.91095, -5.437497 ], [ -38.906813, -5.451705 ], [ -38.911061, -5.455402 ], [ -38.907555, -5.457228 ], [ -38.906968, -5.466748 ], [ -38.901594, -5.469438 ], [ -38.907563, -5.564913 ], [ -38.909296, -5.595559 ], [ -38.909164, -5.595855 ], [ -38.879847, -5.659107 ], [ -38.804039, -5.787268 ], [ -38.808782, -5.795329 ], [ -38.814058, -5.797127 ], [ -38.836949, -5.813622 ], [ -38.837664, -5.816874 ], [ -38.833275, -5.819165 ], [ -38.839335, -5.819864 ], [ -38.840243, -5.832525 ], [ -38.843414, -5.83465 ], [ -38.855789, -5.834972 ], [ -38.856886, -5.847446 ], [ -38.862081, -5.851341 ], [ -38.860201, -5.854674 ], [ -38.869748, -5.859346 ], [ -38.872979, -5.857185 ], [ -38.880724, -5.859931 ], [ -38.876036, -5.868814 ], [ -38.880563, -5.87041 ], [ -38.878831, -5.875559 ], [ -38.914694, -5.940176 ], [ -38.914832, -5.940411 ], [ -38.920893, -5.950753 ], [ -38.933693, -5.949236 ], [ -38.937894, -5.957078 ], [ -38.93514, -5.965042 ], [ -38.947238, -5.97022 ], [ -38.945005, -5.976105 ], [ -38.947087, -5.985999 ], [ -38.952977, -5.989175 ], [ -38.953991, -5.994277 ], [ -38.953004, -6.001182 ], [ -38.946834, -6.004989 ], [ -38.952048, -6.015143 ], [ -38.958756, -6.014874 ], [ -38.961863, -6.018682 ], [ -38.964805, -6.0374 ], [ -38.960476, -6.047125 ], [ -38.967093, -6.060803 ], [ -38.968806, -6.076269 ], [ -38.972481, -6.078886 ], [ -38.970398, -6.084121 ], [ -38.974072, -6.101441 ], [ -38.971868, -6.102632 ], [ -38.977586, -6.105587 ], [ -38.980712, -6.099414 ], [ -38.977922, -6.091603 ], [ -38.983016, -6.089507 ], [ -38.985612, -6.078796 ], [ -38.98967, -6.076262 ], [ -38.98516, -6.069012 ], [ -38.983558, -6.04686 ], [ -38.986523, -6.028411 ], [ -38.991941, -6.019961 ], [ -39.006673, -6.018261 ], [ -39.015759, -6.000481 ], [ -39.021469, -6.008929 ], [ -39.03367, -6.007164 ], [ -39.029711, -6.025573 ], [ -39.032957, -6.027968 ], [ -39.039349, -6.022987 ], [ -39.042983, -6.02803 ], [ -39.045547, -6.024752 ], [ -39.051937, -6.025476 ], [ -39.059898, -6.008736 ], [ -39.060369, -5.997543 ], [ -39.072142, -5.998147 ], [ -39.078158, -5.991337 ], [ -39.086657, -5.992258 ], [ -39.102298, -5.983005 ], [ -39.113017, -5.988785 ], [ -39.11359, -5.976754 ], [ -39.130628, -5.983461 ], [ -39.138313, -5.971418 ], [ -39.137276, -5.964954 ], [ -39.142521, -5.967382 ], [ -39.145211, -5.957837 ], [ -39.158979, -5.95636 ], [ -39.162071, -5.955997 ], [ -39.165427, -5.964897 ], [ -39.171116, -5.961347 ], [ -39.170844, -5.959082 ], [ -39.172412, -5.949203 ], [ -39.176897, -5.945254 ], [ -39.175051, -5.928644 ], [ -39.178261, -5.926163 ], [ -39.179629, -5.916802 ], [ -39.172963, -5.900009 ], [ -39.174466, -5.872292 ], [ -39.170263, -5.86798 ], [ -39.173, -5.863023 ], [ -39.18015, -5.859992 ], [ -39.182036, -5.859192 ], [ -39.177337, -5.843259 ], [ -39.175206, -5.836532 ], [ -39.162778, -5.797311 ], [ -39.179697, -5.799874 ], [ -39.18486, -5.790904 ], [ -39.208848, -5.787578 ], [ -39.209353, -5.781929 ], [ -39.221388, -5.774392 ], [ -39.221791, -5.766723 ], [ -39.229093, -5.763635 ], [ -39.233474, -5.769366 ], [ -39.237343, -5.769541 ], [ -39.254456, -5.757074 ], [ -39.26825, -5.763854 ], [ -39.274001, -5.761369 ], [ -39.278497, -5.761851 ], [ -39.282553, -5.75594 ], [ -39.30375, -5.772578 ], [ -39.307281, -5.771326 ], [ -39.309026, -5.779461 ], [ -39.32664, -5.785022 ], [ -39.350367, -5.772306 ], [ -39.385756, -5.753332 ], [ -39.433567, -5.727681 ], [ -39.451388, -5.73755 ], [ -39.456663, -5.730488 ], [ -39.456006, -5.724941 ], [ -39.46259, -5.718076 ], [ -39.459467, -5.712632 ], [ -39.471039, -5.711816 ], [ -39.475114, -5.701321 ], [ -39.472589, -5.686888 ], [ -39.459678, -5.687774 ], [ -39.450836, -5.677468 ], [ -39.45059, -5.672943 ], [ -39.437283, -5.663514 ], [ -39.431114, -5.65452 ], [ -39.441113, -5.657042 ], [ -39.453583, -5.651047 ], [ -39.456835, -5.652942 ], [ -39.468865, -5.643398 ], [ -39.476826, -5.644558 ], [ -39.482155, -5.634144 ], [ -39.480925, -5.620645 ], [ -39.483257, -5.615021 ], [ -39.500293, -5.617003 ], [ -39.511082, -5.630614 ], [ -39.543243, -5.613217 ], [ -39.561065, -5.614201 ], [ -39.571046, -5.607207 ], [ -39.57799, -5.610071 ], [ -39.587498, -5.606851 ], [ -39.601682, -5.625142 ], [ -39.605518, -5.620404 ], [ -39.637278, -5.639249 ], [ -39.638001, -5.634237 ], [ -39.630175, -5.622713 ], [ -39.631952, -5.605823 ], [ -39.654429, -5.612373 ], [ -39.661753, -5.609105 ], [ -39.674246, -5.620512 ], [ -39.678171, -5.621153 ], [ -39.687392, -5.61338 ], [ -39.693497, -5.611307 ], [ -39.692663, -5.603767 ], [ -39.698107, -5.601038 ], [ -39.730894, -5.59584 ], [ -39.737641, -5.597728 ], [ -39.743898, -5.593975 ], [ -39.744706, -5.581373 ], [ -39.750086, -5.575186 ], [ -39.76101, -5.581557 ], [ -39.769215, -5.582752 ], [ -39.771991, -5.590288 ], [ -39.774711, -5.59048 ], [ -39.802206, -5.576384 ], [ -39.804383, -5.571273 ], [ -39.810254, -5.571605 ], [ -39.815878, -5.56712 ], [ -39.823304, -5.568815 ], [ -39.831185, -5.582134 ], [ -39.841158, -5.600167 ], [ -39.847522, -5.603223 ], [ -39.845347, -5.609502 ], [ -39.849233, -5.612609 ], [ -39.850853, -5.625206 ], [ -39.854594, -5.628462 ], [ -39.859443, -5.62602 ], [ -39.866893, -5.629951 ], [ -39.87572, -5.638403 ], [ -39.876966, -5.627698 ], [ -39.89342, -5.629473 ], [ -39.902746, -5.636075 ], [ -39.911299, -5.640829 ], [ -39.917975, -5.63651 ], [ -39.925218, -5.635211 ], [ -39.923315, -5.629133 ], [ -39.928202, -5.6211 ], [ -39.93816, -5.626971 ], [ -39.931717, -5.633062 ], [ -39.939626, -5.632708 ], [ -39.941329, -5.636743 ], [ -39.951963, -5.639305 ], [ -39.957729, -5.633117 ], [ -39.954807, -5.628062 ], [ -39.958046, -5.619056 ], [ -39.962944, -5.617931 ], [ -39.968258, -5.632273 ], [ -39.973254, -5.630561 ], [ -39.981511, -5.634342 ], [ -39.987689, -5.63126 ], [ -39.990388, -5.633677 ], [ -40.010935, -5.625573 ], [ -40.022318, -5.635207 ], [ -40.019358, -5.638623 ], [ -40.021537, -5.642829 ], [ -40.034132, -5.640775 ], [ -40.032836, -5.644406 ], [ -40.036823, -5.64723 ], [ -40.04947, -5.673918 ], [ -40.042604, -5.680681 ], [ -40.035906, -5.701668 ], [ -40.021471, -5.710475 ], [ -40.015468, -5.706996 ], [ -40.007868, -5.714288 ], [ -40.008179, -5.734449 ], [ -40.002559, -5.735374 ], [ -40.007385, -5.747503 ], [ -40.003184, -5.7635 ], [ -40.008922, -5.774229 ], [ -39.992206, -5.779662 ], [ -39.989851, -5.791384 ], [ -39.98539, -5.79858 ], [ -39.985659, -5.813323 ], [ -39.974794, -5.821236 ], [ -39.966428, -5.821832 ], [ -39.960413, -5.816314 ], [ -39.954016, -5.821023 ], [ -39.949849, -5.821644 ], [ -39.948354, -5.825549 ], [ -39.935022, -5.825909 ], [ -39.920013, -5.832199 ], [ -39.932095, -5.853955 ], [ -39.937893, -5.856678 ], [ -39.940141, -5.862235 ], [ -39.946167, -5.86244 ], [ -39.959467, -5.872706 ], [ -39.953614, -5.873177 ], [ -39.946533, -5.879739 ], [ -39.938206, -5.879559 ], [ -39.938826, -5.88349 ], [ -39.931939, -5.889001 ], [ -39.926943, -5.888118 ], [ -39.920519, -5.896789 ], [ -39.91087, -5.90046 ], [ -39.905593, -5.896784 ], [ -39.890694, -5.896133 ], [ -39.876638, -5.884545 ], [ -39.869946, -5.883273 ], [ -39.867603, -5.889318 ], [ -39.860706, -5.8893 ], [ -39.865218, -5.892702 ], [ -39.863963, -5.895086 ], [ -39.862312, -5.897407 ], [ -39.868781, -5.898224 ], [ -39.87726, -5.9097 ], [ -39.865409, -5.913705 ], [ -39.858383, -5.919835 ], [ -39.853308, -5.921899 ], [ -39.853471, -5.928317 ], [ -39.849401, -5.933084 ], [ -39.836826, -5.928804 ], [ -39.833761, -5.956303 ], [ -39.831849, -5.963027 ], [ -39.834782, -5.975893 ], [ -39.844538, -5.980793 ], [ -39.841632, -5.985116 ], [ -39.84725, -5.989622 ], [ -39.855308, -5.986754 ], [ -39.862433, -5.995098 ], [ -39.862802, -6.001 ], [ -39.868332, -6.00577 ], [ -39.873708, -6.005529 ], [ -39.872656, -6.008371 ], [ -39.871968, -6.013858 ], [ -39.882892, -6.01993 ], [ -39.889288, -6.034033 ], [ -39.905889, -6.036253 ], [ -39.905283, -6.048658 ], [ -39.9101, -6.058046 ], [ -39.920746, -6.067768 ], [ -39.934738, -6.079359 ], [ -39.948682, -6.081846 ], [ -39.95007, -6.079552 ], [ -39.962609, -6.087476 ], [ -39.963285, -6.093101 ], [ -39.95667, -6.09925 ], [ -39.952922, -6.099382 ], [ -39.947308, -6.104305 ], [ -39.941915, -6.104014 ], [ -39.935404, -6.096584 ], [ -39.925673, -6.092728 ], [ -39.917799, -6.082152 ], [ -39.911127, -6.079824 ], [ -39.904892, -6.085066 ], [ -39.9041, -6.092256 ], [ -39.889518, -6.098156 ], [ -39.893618, -6.111107 ], [ -39.891298, -6.113941 ], [ -39.896974, -6.12194 ], [ -39.891862, -6.129462 ], [ -39.895623, -6.136317 ], [ -39.900864, -6.144415 ], [ -39.893597, -6.155484 ], [ -39.91837, -6.18185 ], [ -39.914795, -6.188222 ], [ -39.916535, -6.190425 ], [ -39.925714, -6.195435 ], [ -39.939505, -6.19364 ], [ -39.943712, -6.197106 ], [ -39.947676, -6.196083 ], [ -39.986566, -6.220386 ], [ -40.000385, -6.215479 ], [ -40.007807, -6.21952 ], [ -40.014962, -6.222285 ], [ -40.020992, -6.231121 ], [ -40.01885, -6.239839 ], [ -40.024927, -6.25414 ], [ -40.020979, -6.265103 ], [ -40.024787, -6.270681 ], [ -40.028498, -6.279487 ], [ -40.049656, -6.279788 ], [ -40.048285, -6.286262 ], [ -40.051566, -6.291907 ], [ -40.047196, -6.29989 ], [ -40.051229, -6.301776 ], [ -40.057239, -6.298012 ], [ -40.063347, -6.312093 ], [ -40.064777, -6.329352 ], [ -40.071145, -6.340928 ], [ -40.080221, -6.345895 ], [ -40.079094, -6.349052 ], [ -40.072742, -6.348857 ], [ -40.071628, -6.354861 ], [ -40.077292, -6.354264 ], [ -40.083271, -6.359604 ], [ -40.08474, -6.368202 ], [ -40.083721, -6.379407 ], [ -40.074747, -6.401378 ], [ -40.066887, -6.406039 ] ] ] } },
{ "type": "Feature", "properties": { "HREG_ID": "23025", "HREG_NAME": "4ª RS Litoral Leste Jaguaribe", "id": "230070", "name": "Alto Santo", "description": "Alto Santo", "MUN_ID": "230070", "UF": "CE", "MACRO_ID": "2306", "MACRO_NAME": "Litoral Leste Jaguaribe" }, "geometry": { "type": "Polygon", "coordinates": [ [ [ -38.430899, -6.075097 ], [ -38.446965, -6.084882 ], [ -38.44042, -6.096479 ], [ -38.457319, -6.107624 ], [ -38.473073, -6.135607 ], [ -38.476064, -6.144017 ], [ -38.471714, -6.148353 ], [ -38.472584, -6.151582 ], [ -38.490737, -6.170112 ], [ -38.500407, -6.179286 ], [ -38.500973, -6.190551 ], [ -38.512425, -6.191627 ], [ -38.526852, -6.192982 ], [ -38.525543, -6.197844 ], [ -38.528934, -6.213344 ], [ -38.51936, -6.222641 ], [ -38.547817, -6.231811 ], [ -38.551814, -6.233203 ], [ -38.560681, -6.229315 ], [ -38.571195, -6.214462 ], [ -38.571023, -6.207628 ], [ -38.579103, -6.207214 ], [ -38.588421, -6.200797 ], [ -38.592582, -6.189532 ], [ -38.599655, -6.184376 ], [ -38.60112, -6.176267 ], [ -38.616944, -6.168801 ], [ -38.63061, -6.173526 ], [ -38.63517, -6.178597 ], [ -38.654698, -6.184293 ], [ -38.65645, -6.191987 ], [ -38.665476, -6.195175 ], [ -38.669253, -6.200748 ], [ -38.675861, -6.202201 ], [ -38.679305, -6.21048 ], [ -38.685227, -6.211373 ], [ -38.694027, -6.206602 ], [ -38.707354, -6.206173 ], [ -38.720674, -6.199605 ], [ -38.726066, -6.200398 ], [ -38.730995, -6.186613 ], [ -38.733986, -6.178238 ], [ -38.735668, -6.165524 ], [ -38.731455, -6.150658 ], [ -38.719761, -6.134492 ], [ -38.710561, -6.110032 ], [ -38.722753, -6.12148 ], [ -38.733391, -6.123946 ], [ -38.736671, -6.117457 ], [ -38.745835, -6.114921 ], [ -38.745583, -6.111183 ], [ -38.75596, -6.112233 ], [ -38.766166, -6.123671 ], [ -38.78336, -6.114672 ], [ -38.78745, -6.120139 ], [ -38.800622, -6.121359 ], [ -38.804198, -6.129303 ], [ -38.813075, -6.135613 ], [ -38.82054, -6.137248 ], [ -38.821476, -6.123634 ], [ -38.83414, -6.126332 ], [ -38.842172, -6.135196 ], [ -38.846784, -6.131625 ], [ -38.849781, -6.131795 ], [ -38.850421, -6.137564 ], [ -38.86134, -6.133558 ], [ -38.864437, -6.138541 ], [ -38.871133, -6.139943 ], [ -38.878721, -6.147374 ], [ -38.904049, -6.139254 ], [ -38.908396, -6.084659 ], [ -38.914614, -6.086586 ], [ -38.937866, -6.078617 ], [ -38.949364, -6.080752 ], [ -38.96053, -6.091078 ], [ -38.969748, -6.093873 ], [ -38.971868, -6.102632 ], [ -38.974072, -6.101441 ], [ -38.970398, -6.084121 ], [ -38.972481, -6.078886 ], [ -38.968806, -6.076269 ], [ -38.967093, -6.060803 ], [ -38.960476, -6.047125 ], [ -38.964805, -6.0374 ], [ -38.961863, -6.018682 ], [ -38.958756, -6.014874 ], [ -38.952048, -6.015143 ], [ -38.946834, -6.004989 ], [ -38.953004, -6.001182 ], [ -38.953991, -5.994277 ], [ -38.952977, -5.989175 ], [ -38.947087, -5.985999 ], [ -38.945005, -5.976105 ], [ -38.947238, -5.97022 ], [ -38.93514, -5.965042 ], [ -38.937894, -5.957078 ], [ -38.933693, -5.949236 ], [ -38.920893, -5.950753 ], [ -38.914832, -5.940411 ], [ -38.914694, -5.940176 ], [ -38.878831, -5.875559 ], [ -38.880563, -5.87041 ], [ -38.876036, -5.868814 ], [ -38.880724, -5.859931 ], [ -38.872979, -5.857185 ], [ -38.869748, -5.859346 ], [ -38.860201, -5.854674 ], [ -38.862081, -5.851341 ], [ -38.856886, -5.847446 ], [ -38.855789, -5.834972 ], [ -38.843414, -5.83465 ], [ -38.840243, -5.832525 ], [ -38.839335, -5.819864 ], [ -38.833275, -5.819165 ], [ -38.837664, -5.816874 ], [ -38.836949, -5.813622 ], [ -38.814058, -5.797127 ], [ -38.808782, -5.795329 ], [ -38.804039, -5.787268 ], [ -38.879847, -5.659107 ], [ -38.909164, -5.595855 ], [ -38.909296, -5.595559 ], [ -38.907563, -5.564913 ], [ -38.901594, -5.469438 ], [ -38.906968, -5.466748 ], [ -38.907555, -5.457228 ], [ -38.911061, -5.455402 ], [ -38.906813, -5.451705 ], [ -38.91095, -5.437497 ], [ -38.916445, -5.432089 ], [ -38.922948, -5.433733 ], [ -38.919999, -5.419105 ], [ -38.922143, -5.411723 ], [ -38.925841, -5.411182 ], [ -38.92109, -5.399902 ], [ -38.924387, -5.379372 ], [ -38.921434, -5.329262 ], [ -38.915834, -5.320215 ], [ -38.897892, -5.308733 ], [ -38.878341, -5.310028 ], [ -38.868414, -5.296857 ], [ -38.865175, -5.293632 ], [ -38.847028, -5.284933 ], [ -38.811117, -5.223687 ], [ -38.76809, -5.201772 ], [ -38.739423, -5.19764 ], [ -38.718553, -5.200492 ], [ -38.708166, -5.201008 ], [ -38.703477, -5.222632 ], [ -38.677512, -5.227805 ], [ -38.614105, -5.151778 ], [ -38.613734, -5.151334 ], [ -38.61058, -5.143627 ], [ -38.617557, -5.131748 ], [ -38.615809, -5.12323 ], [ -38.61806, -5.118527 ], [ -38.616445, -5.110879 ], [ -38.621033, -5.090728 ], [ -38.623419, -5.085299 ], [ -38.628866, -5.084272 ], [ -38.626112, -5.081379 ], [ -38.628452, -5.078682 ], [ -38.626193, -5.065901 ], [ -38.563829, -5.075917 ], [ -38.536071, -5.080173 ], [ -38.490575, -5.086133 ], [ -38.489092, -5.082972 ], [ -38.497504, -5.066882 ], [ -38.496089, -5.048093 ], [ -38.484472, -5.034921 ], [ -38.485811, -5.029568 ], [ -38.480365, -5.014283 ], [ -38.48245, -5.006024 ], [ -38.491919, -5.008337 ], [ -38.50515, -4.983894 ], [ -38.499462, -4.978751 ], [ -38.502402, -4.970757 ], [ -38.497773, -4.96573 ], [ -38.506786, -4.962335 ], [ -38.503729, -4.956082 ], [ -38.478539, -4.947975 ], [ -38.478417, -4.947954 ], [ -38.448676, -4.938407 ], [ -38.431407, -4.932875 ], [ -38.431298, -4.932839 ], [ -38.422533, -4.930936 ], [ -38.414117, -4.946424 ], [ -38.404869, -4.947774 ], [ -38.404522, -4.947207 ], [ -38.415274, -4.926485 ], [ -38.421234, -4.903241 ], [ -38.441294, -4.875526 ], [ -38.44917, -4.87857 ], [ -38.462336, -4.872496 ], [ -38.464529, -4.881243 ], [ -38.491535, -4.879427 ], [ -38.505702, -4.888409 ], [ -38.515262, -4.890484 ], [ -38.526191, -4.88477 ], [ -38.532107, -4.883382 ], [ -38.54952, -4.882233 ], [ -38.559335, -4.876764 ], [ -38.591815, -4.873501 ], [ -38.624552, -4.900628 ], [ -38.629989, -4.900509 ], [ -38.631483, -4.910975 ], [ -38.625169, -4.912433 ], [ -38.630928, -4.925418 ], [ -38.647129, -4.937162 ], [ -38.638528, -4.927227 ], [ -38.637658, -4.916713 ], [ -38.649116, -4.902102 ], [ -38.646726, -4.89479 ], [ -38.656451, -4.888084 ], [ -38.666171, -4.871843 ], [ -38.661332, -4.861955 ], [ -38.649752, -4.850795 ], [ -38.645763, -4.850529 ], [ -38.638035, -4.849724 ], [ -38.610941, -4.833159 ], [ -38.6012, -4.818863 ], [ -38.596618, -4.817009 ], [ -38.596754, -4.812228 ], [ -38.588648, -4.811179 ], [ -38.578139, -4.796736 ], [ -38.577545, -4.771487 ], [ -38.562056, -4.76001 ], [ -38.546305, -4.755887 ], [ -38.539921, -4.756925 ], [ -38.534563, -4.753481 ], [ -38.527391, -4.746152 ], [ -38.523035, -4.735463 ], [ -38.519557, -4.73461 ], [ -38.532528, -4.707747 ], [ -38.527671, -4.694874 ], [ -38.52853, -4.6799 ], [ -38.527426, -4.679334 ], [ -38.515536, -4.673043 ], [ -38.500918, -4.653376 ], [ -38.473853, -4.648933 ], [ -38.466974, -4.645533 ], [ -38.463507, -4.650177 ], [ -38.457225, -4.653728 ], [ -38.448618, -4.650072 ], [ -38.448394, -4.644788 ], [ -38.433307, -4.636537 ], [ -38.42427, -4.626218 ], [ -38.421646, -4.618295 ], [ -38.408056, -4.60684 ], [ -38.404591, -4.596143 ], [ -38.398259, -4.591439 ], [ -38.391733, -4.588202 ], [ -38.388643, -4.578868 ], [ -38.383032, -4.581822 ], [ -38.373275, -4.580903 ], [ -38.36878, -4.576348 ], [ -38.371187, -4.564402 ], [ -38.367683, -4.561099 ], [ -38.368748, -4.547332 ], [ -38.364663, -4.540614 ], [ -38.368696, -4.539956 ], [ -38.372585, -4.530437 ], [ -38.381926, -4.526236 ], [ -38.381973, -4.518385 ], [ -38.364008, -4.506935 ], [ -38.360283, -4.500491 ], [ -38.346471, -4.513016 ], [ -38.322058, -4.518673 ], [ -38.295701, -4.541608 ], [ -38.281578, -4.54851 ], [ -38.23514, -4.573472 ], [ -38.229341, -4.58136 ], [ -38.218004, -4.587216 ], [ -38.215444, -4.589211 ], [ -38.209203, -4.594528 ], [ -38.19842, -4.605579 ], [ -38.183645, -4.622099 ], [ -38.150721, -4.613845 ], [ -38.125889, -4.617744 ], [ -38.107477, -4.615274 ], [ -38.105507, -4.61227 ], [ -38.110421, -4.604693 ], [ -38.105119, -4.595999 ], [ -38.095505, -4.59285 ], [ -38.093404, -4.592162 ], [ -38.084253, -4.588504 ], [ -38.076002, -4.592203 ], [ -38.05525, -4.592033 ], [ -38.054721, -4.591514 ], [ -38.041336, -4.589324 ], [ -38.025615, -4.598423 ], [ -38.020817, -4.593119 ], [ -38.012737, -4.592107 ], [ -38.005844, -4.596485 ], [ -38.000394, -4.59289 ], [ -37.997591, -4.595241 ], [ -37.986386, -4.583524 ], [ -37.98527, -4.582702 ], [ -37.99289, -4.562865 ], [ -37.984645, -4.560589 ], [ -37.980572, -4.541154 ], [ -37.97583, -4.535988 ], [ -37.964431, -4.532898 ], [ -37.963262, -4.529454 ], [ -37.969944, -4.516367 ], [ -37.965837, -4.509412 ], [ -37.960372, -4.507297 ], [ -37.96447, -4.499036 ], [ -37.958944, -4.494131 ], [ -37.960019, -4.490151 ], [ -37.954373, -4.482429 ], [ -37.956781, -4.467863 ], [ -37.963122, -4.472831 ], [ -37.967851, -4.463223 ], [ -37.97211, -4.429496 ], [ -37.951197, -4.416671 ], [ -37.948252, -4.410482 ], [ -37.949336, -4.398301 ], [ -37.941384, -4.398667 ], [ -37.93042, -4.397601 ], [ -37.921596, -4.404407 ], [ -37.908921, -4.400019 ], [ -37.90425, -4.414459 ], [ -37.89678, -4.407375 ], [ -37.893088, -4.412152 ], [ -37.891618, -4.408118 ], [ -37.884058, -4.406857 ], [ -37.885897, -4.413316 ], [ -37.880558, -4.412827 ], [ -37.873253, -4.410885 ], [ -37.873777, -4.401099 ], [ -37.870505, -4.401223 ], [ -37.846517, -4.402055 ], [ -37.846029, -4.406846 ], [ -37.838428, -4.408399 ], [ -37.839569, -4.404379 ], [ -37.835339, -4.401748 ], [ -37.825669, -4.405358 ], [ -37.81939, -4.401999 ], [ -37.821563, -4.394642 ], [ -37.834865, -4.387674 ], [ -37.835311, -4.382132 ], [ -37.806987, -4.398112 ], [ -37.796121, -4.395605 ], [ -37.785565, -4.399496 ], [ -37.777894, -4.403138 ], [ -37.76975, -4.400888 ], [ -37.763451, -4.422841 ], [ -37.769175, -4.425987 ], [ -37.751336, -4.443024 ], [ -37.742806, -4.471259 ], [ -37.729032, -4.496808 ], [ -37.705559, -4.5205 ], [ -37.696432, -4.527104 ], [ -37.688247, -4.53241 ], [ -37.684137, -4.537018 ], [ -37.675502, -4.547584 ], [ -37.668774, -4.555814 ], [ -37.657106, -4.569115 ], [ -37.654, -4.572655 ], [ -37.639883, -4.586346 ], [ -37.59731, -4.622473 ], [ -37.581788, -4.629103 ], [ -37.56642, -4.638987 ], [ -37.540115, -4.643872 ], [ -37.521812, -4.638311 ], [ -37.498725, -4.625521 ], [ -37.492151, -4.629008 ], [ -37.472759, -4.648733 ], [ -37.423998, -4.66558 ], [ -37.414507, -4.670949 ], [ -37.378073, -4.680524 ], [ -37.357534, -4.689079 ], [ -37.356892, -4.692077 ], [ -37.351455, -4.691752 ], [ -37.351741, -4.694272 ], [ -37.341614, -4.691996 ], [ -37.324846, -4.701343 ], [ -37.3023, -4.723483 ], [ -37.287025, -4.742513 ], [ -37.276275, -4.768886 ], [ -37.266577, -4.799469 ], [ -37.252642, -4.831326 ], [ -37.356505, -4.857652 ], [ -37.446104, -4.880575 ], [ -37.465453, -4.885229 ], [ -37.466739, -4.885538 ], [ -37.539011, -4.902799 ], [ -37.539467, -4.902911 ], [ -37.590825, -4.914885 ], [ -37.639995, -4.926018 ], [ -37.650923, -4.965219 ], [ -37.65992, -4.997518 ], [ -37.676798, -5.052147 ], [ -37.677276, -5.053698 ], [ -37.710147, -5.060762 ], [ -37.723646, -5.069316 ], [ -37.731283, -5.084139 ], [ -37.733078, -5.100253 ], [ -37.739947, -5.110029 ], [ -37.764611, -5.139228 ], [ -37.775965, -5.186731 ], [ -37.789684, -5.210551 ], [ -37.787817, -5.218808 ], [ -37.783081, -5.228655 ], [ -37.783175, -5.24244 ], [ -37.790113, -5.254567 ], [ -37.791514, -5.268382 ], [ -37.782261, -5.286347 ], [ -37.782765, -5.294426 ], [ -37.786525, -5.296779 ], [ -37.812457, -5.316179 ], [ -37.835367, -5.334997 ], [ -37.847125, -5.339633 ], [ -37.86339, -5.3737 ], [ -37.85897, -5.395344 ], [ -37.860136, -5.406295 ], [ -37.870618, -5.419918 ], [ -37.880882, -5.435793 ], [ -37.888531, -5.448963 ], [ -37.891879, -5.480368 ], [ -37.900331, -5.491211 ], [ -37.901189, -5.495082 ], [ -37.901641, -5.497122 ], [ -37.9019, -5.50027 ], [ -37.917144, -5.50497 ], [ -37.932288, -5.502716 ], [ -37.94771, -5.534253 ], [ -37.98969, -5.555406 ], [ -37.997432, -5.567547 ], [ -37.999148, -5.574999 ], [ -37.99798, -5.584926 ], [ -38.013617, -5.594006 ], [ -38.033922, -5.63676 ], [ -38.053036, -5.645712 ], [ -38.078921, -5.665731 ], [ -38.08253, -5.672149 ], [ -38.082494, -5.698011 ], [ -38.089754, -5.720087 ], [ -38.08682, -5.730129 ], [ -38.074878, -5.723076 ], [ -38.046661, -5.72987 ], [ -38.058228, -5.754073 ], [ -38.058245, -5.754458 ], [ -38.075807, -5.780663 ], [ -38.111197, -5.818263 ], [ -38.118516, -5.832441 ], [ -38.115937, -5.847593 ], [ -38.124589, -5.887218 ], [ -38.142205, -5.901246 ], [ -38.146372, -5.915783 ], [ -38.158949, -5.924182 ], [ -38.159659, -5.924564 ], [ -38.165088, -5.931709 ], [ -38.163141, -5.938501 ], [ -38.164444, -5.946137 ], [ -38.175082, -5.953007 ], [ -38.183233, -5.949829 ], [ -38.19202, -5.95917 ], [ -38.205666, -5.963953 ], [ -38.217675, -5.976603 ], [ -38.229684, -5.986472 ], [ -38.244154, -5.999062 ], [ -38.251822, -6.009762 ], [ -38.25222, -6.042707 ], [ -38.259818, -6.04932 ], [ -38.258834, -6.053385 ], [ -38.264625, -6.053852 ], [ -38.269684, -6.062274 ], [ -38.274047, -6.06339 ], [ -38.274551, -6.065403 ], [ -38.276659, -6.069556 ], [ -38.290439, -6.072756 ], [ -38.304452, -6.086572 ], [ -38.319571, -6.076643 ], [ -38.336409, -6.080002 ], [ -38.339237, -6.077296 ], [ -38.346433, -6.066882 ], [ -38.347014, -6.080306 ], [ -38.350073, -6.082848 ], [ -38.364895, -6.088064 ], [ -38.370969, -6.084011 ], [ -38.379422, -6.072921 ], [ -38.378012, -6.066435 ], [ -38.385341, -6.064284 ], [ -38.381605, -6.052393 ], [ -38.394642, -6.055015 ], [ -38.401186, -6.0531 ], [ -38.404527, -6.056894 ], [ -38.412836, -6.057925 ], [ -38.427085, -6.068981 ], [ -38.430899, -6.075097 ] ], [ [ -38.698513, -5.244609 ], [ -38.698513, -5.244608 ], [ -38.710571, -5.252436 ], [ -38.698513, -5.244609 ] ] ] } }
]
}
