{
"type": "FeatureCollection",
"name": "geojs-43-health_regions",
"crs": { "type": "name", "properties": { "name": "urn:ogc:def:crs:OGC:1.3:CRS84" } },
"features": [
{ "type": "Feature", "properties": { "HREG_ID": "43001", "HREG_NAME": "Região 01", "id": "430010", "name": "Agudo", "description": "Agudo", "MUN_ID": "430010", "UF": "RS", "MACRO_ID": "4314", "MACRO_NAME": "Centro-Oeste" }, "geometry": { "type": "Polygon", "coordinates": [ [ [ -53.858351, -30.475789 ], [ -53.871568, -30.481258 ], [ -53.880065, -30.493889 ], [ -53.886734, -30.496699 ], [ -53.895459, -30.495315 ], [ -53.900744, -30.489422 ], [ -53.917796, -30.492454 ], [ -53.945082, -30.488654 ], [ -53.960262, -30.481259 ], [ -53.960038, -30.454256 ], [ -53.9739, -30.443372 ], [ -53.968159, -30.443563 ], [ -53.939893, -30.423887 ], [ -53.937304, -30.416223 ], [ -53.941395, -30.409474 ], [ -53.937845, -30.40316 ], [ -53.94112, -30.395353 ], [ -53.938673, -30.393709 ], [ -53.950567, -30.378786 ], [ -53.951277, -30.371447 ], [ -53.960663, -30.366657 ], [ -53.95815, -30.362799 ], [ -53.971125, -30.358698 ], [ -53.97225, -30.347615 ], [ -53.963804, -30.338271 ], [ -53.976865, -30.326692 ], [ -53.981508, -30.312548 ], [ -53.992328, -30.307438 ], [ -53.986767, -30.299805 ], [ -53.986916, -30.296727 ], [ -53.992094, -30.297126 ], [ -53.992315, -30.29714 ], [ -54.001734, -30.296341 ], [ -54.006544, -30.292416 ], [ -54.006808, -30.282409 ], [ -54.009239, -30.283914 ], [ -54.024012, -30.263839 ], [ -54.017712, -30.257703 ], [ -54.012075, -30.260067 ], [ -54.007157, -30.253322 ], [ -54.007636, -30.246382 ], [ -53.994315, -30.249651 ], [ -53.98933, -30.247138 ], [ -53.985204, -30.231247 ], [ -53.987259, -30.225143 ], [ -53.975392, -30.219249 ], [ -53.962256, -30.219477 ], [ -53.954104, -30.207015 ], [ -53.96807, -30.194494 ], [ -53.96669, -30.186527 ], [ -53.973127, -30.18787 ], [ -53.971452, -30.180759 ], [ -53.975157, -30.169776 ], [ -53.962408, -30.16144 ], [ -53.956675, -30.148102 ], [ -53.958152, -30.142485 ], [ -53.952755, -30.139418 ], [ -53.95144, -30.126473 ], [ -53.958009, -30.121729 ], [ -53.945542, -30.118966 ], [ -53.946798, -30.115725 ], [ -53.941027, -30.111674 ], [ -53.943334, -30.102694 ], [ -53.933303, -30.102458 ], [ -53.926413, -30.08923 ], [ -53.918994, -30.089238 ], [ -53.914962, -30.082122 ], [ -53.914866, -30.081811 ], [ -53.910574, -30.067905 ], [ -53.905865, -30.066376 ], [ -53.909388, -30.046445 ], [ -53.889298, -30.033511 ], [ -53.883511, -30.018494 ], [ -53.877134, -30.016006 ], [ -53.872677, -30.009127 ], [ -53.873306, -29.998082 ], [ -53.869172, -29.993666 ], [ -53.890144, -29.982944 ], [ -53.89857, -29.987725 ], [ -53.9073, -29.982388 ], [ -53.925981, -29.987498 ], [ -53.926506, -29.987603 ], [ -53.940566, -29.985456 ], [ -53.950942, -29.990503 ], [ -53.968703, -29.988486 ], [ -53.973045, -29.984882 ], [ -53.992763, -29.98677 ], [ -54.004486, -29.983545 ], [ -54.00993, -29.973489 ], [ -54.007925, -29.97105 ], [ -54.017039, -29.96491 ], [ -54.024289, -29.964855 ], [ -54.033197, -29.953252 ], [ -54.028572, -29.949383 ], [ -54.028342, -29.938528 ], [ -54.039311, -29.917535 ], [ -54.051214, -29.911646 ], [ -54.067083, -29.911532 ], [ -54.070019, -29.908439 ], [ -54.104431, -29.926157 ], [ -54.123826, -29.920106 ], [ -54.13655, -29.921146 ], [ -54.155508, -29.929378 ], [ -54.18291, -29.928064 ], [ -54.192735, -29.926555 ], [ -54.20917, -29.914986 ], [ -54.220977, -29.914344 ], [ -54.228178, -29.904812 ], [ -54.235934, -29.903133 ], [ -54.237875, -29.896703 ], [ -54.247293, -29.893086 ], [ -54.256488, -29.907276 ], [ -54.271677, -29.920929 ], [ -54.278449, -29.922396 ], [ -54.285506, -29.931833 ], [ -54.29882, -29.933646 ], [ -54.310905, -29.926254 ], [ -54.326968, -29.927404 ], [ -54.327743, -29.927635 ], [ -54.327291, -29.925151 ], [ -54.327177, -29.924526 ], [ -54.326277, -29.919571 ], [ -54.319741, -29.917106 ], [ -54.315676, -29.889019 ], [ -54.285049, -29.859998 ], [ -54.278228, -29.833977 ], [ -54.264107, -29.814651 ], [ -54.268062, -29.804565 ], [ -54.2857, -29.783652 ], [ -54.293094, -29.765484 ], [ -54.292452, -29.75648 ], [ -54.303765, -29.744967 ], [ -54.305836, -29.736917 ], [ -54.333736, -29.726915 ], [ -54.349915, -29.732868 ], [ -54.357638, -29.731951 ], [ -54.36332, -29.741126 ], [ -54.368242, -29.739412 ], [ -54.368065, -29.736107 ], [ -54.379679, -29.732806 ], [ -54.386362, -29.739182 ], [ -54.405943, -29.738214 ], [ -54.425355, -29.747265 ], [ -54.442626, -29.744683 ], [ -54.444496, -29.747355 ], [ -54.462872, -29.738851 ], [ -54.487448, -29.73591 ], [ -54.492599, -29.742723 ], [ -54.494129, -29.745131 ], [ -54.497724, -29.737651 ], [ -54.495144, -29.738075 ], [ -54.496089, -29.734498 ], [ -54.490007, -29.727682 ], [ -54.49627, -29.724507 ], [ -54.497105, -29.716783 ], [ -54.500936, -29.715793 ], [ -54.495093, -29.711607 ], [ -54.492973, -29.715771 ], [ -54.488668, -29.714014 ], [ -54.483571, -29.717822 ], [ -54.473301, -29.710771 ], [ -54.475432, -29.705914 ], [ -54.48471, -29.70253 ], [ -54.479675, -29.693341 ], [ -54.473894, -29.693062 ], [ -54.474823, -29.684063 ], [ -54.467485, -29.676123 ], [ -54.472057, -29.673336 ], [ -54.471467, -29.665635 ], [ -54.463194, -29.656095 ], [ -54.46966, -29.650985 ], [ -54.478002, -29.651272 ], [ -54.477648, -29.646807 ], [ -54.477698, -29.638271 ], [ -54.47429, -29.638463 ], [ -54.474953, -29.642336 ], [ -54.46561, -29.634908 ], [ -54.468792, -29.62592 ], [ -54.463774, -29.622476 ], [ -54.462072, -29.614208 ], [ -54.455327, -29.611849 ], [ -54.451894, -29.616158 ], [ -54.448649, -29.613094 ], [ -54.43342, -29.616101 ], [ -54.412621, -29.605533 ], [ -54.417581, -29.590229 ], [ -54.419678, -29.575044 ], [ -54.410573, -29.57039 ], [ -54.403824, -29.571044 ], [ -54.404312, -29.576503 ], [ -54.398813, -29.575966 ], [ -54.389982, -29.584329 ], [ -54.380488, -29.560077 ], [ -54.377227, -29.558971 ], [ -54.374889, -29.56816 ], [ -54.377451, -29.572241 ], [ -54.364305, -29.576743 ], [ -54.361077, -29.580195 ], [ -54.363887, -29.583809 ], [ -54.359844, -29.586391 ], [ -54.355255, -29.577765 ], [ -54.335809, -29.581107 ], [ -54.329903, -29.574939 ], [ -54.329897, -29.568334 ], [ -54.341118, -29.567229 ], [ -54.342262, -29.556382 ], [ -54.340961, -29.548549 ], [ -54.34667, -29.547775 ], [ -54.355452, -29.539662 ], [ -54.354743, -29.524547 ], [ -54.360286, -29.525084 ], [ -54.362454, -29.51935 ], [ -54.359888, -29.512327 ], [ -54.378849, -29.509812 ], [ -54.373385, -29.502592 ], [ -54.379272, -29.502786 ], [ -54.381644, -29.497019 ], [ -54.387257, -29.474584 ], [ -54.404101, -29.476295 ], [ -54.41628, -29.466562 ], [ -54.414638, -29.460989 ], [ -54.401683, -29.459438 ], [ -54.395868, -29.454665 ], [ -54.391244, -29.43682 ], [ -54.375829, -29.428599 ], [ -54.370068, -29.409983 ], [ -54.361712, -29.416723 ], [ -54.349389, -29.41915 ], [ -54.343142, -29.428559 ], [ -54.320621, -29.433591 ], [ -54.307641, -29.431349 ], [ -54.311801, -29.414436 ], [ -54.295801, -29.415292 ], [ -54.290263, -29.420117 ], [ -54.283261, -29.420181 ], [ -54.27757, -29.42262 ], [ -54.273346, -29.416682 ], [ -54.276224, -29.410685 ], [ -54.274452, -29.402106 ], [ -54.266216, -29.409201 ], [ -54.249198, -29.413207 ], [ -54.224585, -29.409756 ], [ -54.208108, -29.425861 ], [ -54.207494, -29.419385 ], [ -54.19931, -29.416179 ], [ -54.201836, -29.400669 ], [ -54.192988, -29.397324 ], [ -54.198543, -29.391806 ], [ -54.185616, -29.381451 ], [ -54.18475, -29.370789 ], [ -54.17918, -29.364343 ], [ -54.188866, -29.354496 ], [ -54.176629, -29.358364 ], [ -54.171999, -29.347166 ], [ -54.163489, -29.342951 ], [ -54.167421, -29.33679 ], [ -54.16716, -29.324078 ], [ -54.1655, -29.322064 ], [ -54.157953, -29.325666 ], [ -54.153688, -29.318377 ], [ -54.151972, -29.315378 ], [ -54.15876, -29.314978 ], [ -54.162351, -29.31088 ], [ -54.151177, -29.309899 ], [ -54.157768, -29.29729 ], [ -54.15143, -29.289756 ], [ -54.157329, -29.291864 ], [ -54.156727, -29.284702 ], [ -54.141444, -29.276339 ], [ -54.134339, -29.278818 ], [ -54.133482, -29.27199 ], [ -54.123612, -29.268295 ], [ -54.129812, -29.261446 ], [ -54.119421, -29.250736 ], [ -54.112905, -29.255628 ], [ -54.106461, -29.247125 ], [ -54.111142, -29.244305 ], [ -54.11122, -29.237703 ], [ -54.101282, -29.242141 ], [ -54.097822, -29.233299 ], [ -54.087644, -29.238866 ], [ -54.086761, -29.224879 ], [ -54.084264, -29.222822 ], [ -54.078091, -29.226842 ], [ -54.074029, -29.215984 ], [ -54.075941, -29.212566 ], [ -54.064549, -29.210445 ], [ -54.069989, -29.203405 ], [ -54.069522, -29.198276 ], [ -54.081169, -29.190402 ], [ -54.169625, -29.191954 ], [ -54.165092, -29.178756 ], [ -54.196011, -29.16329 ], [ -54.21451, -29.161325 ], [ -54.236312, -29.152422 ], [ -54.245292, -29.151974 ], [ -54.282891, -29.11656 ], [ -54.289454, -29.090279 ], [ -54.292655, -29.089933 ], [ -54.296486, -29.093441 ], [ -54.293285, -29.10674 ], [ -54.298931, -29.126198 ], [ -54.292405, -29.13453 ], [ -54.303918, -29.134785 ], [ -54.302871, -29.126953 ], [ -54.306652, -29.12592 ], [ -54.325279, -29.141501 ], [ -54.340185, -29.141798 ], [ -54.344418, -29.151129 ], [ -54.34974, -29.153739 ], [ -54.33315, -29.16307 ], [ -54.334052, -29.169658 ], [ -54.342186, -29.175257 ], [ -54.330423, -29.178573 ], [ -54.326855, -29.18472 ], [ -54.330839, -29.188025 ], [ -54.342556, -29.180923 ], [ -54.350216, -29.182058 ], [ -54.365943, -29.174578 ], [ -54.366196, -29.186988 ], [ -54.369777, -29.184028 ], [ -54.375837, -29.186541 ], [ -54.383713, -29.172367 ], [ -54.388754, -29.174567 ], [ -54.397176, -29.16928 ], [ -54.393696, -29.165714 ], [ -54.399378, -29.159113 ], [ -54.395431, -29.154425 ], [ -54.403841, -29.153581 ], [ -54.409783, -29.147796 ], [ -54.406744, -29.135 ], [ -54.418347, -29.113519 ], [ -54.423363, -29.092305 ], [ -54.426433, -29.088868 ], [ -54.43179, -29.089369 ], [ -54.454933, -29.076344 ], [ -54.459221, -29.067332 ], [ -54.430429, -29.040797 ], [ -54.42426, -29.030333 ], [ -54.411413, -29.035341 ], [ -54.405352, -29.024662 ], [ -54.379849, -29.005665 ], [ -54.350563, -28.972436 ], [ -54.356561, -28.960587 ], [ -54.342162, -28.929926 ], [ -54.32997, -28.930809 ], [ -54.293049, -28.927836 ], [ -54.264723, -28.91013 ], [ -54.229935, -28.925412 ], [ -54.223481, -28.924552 ], [ -54.214974, -28.920249 ], [ -54.189917, -28.894544 ], [ -54.157775, -28.895649 ], [ -54.146823, -28.894193 ], [ -54.135867, -28.884255 ], [ -54.130376, -28.882253 ], [ -54.117445, -28.886548 ], [ -54.094956, -28.903553 ], [ -54.069631, -28.907397 ], [ -54.063431, -28.904358 ], [ -54.05251, -28.906952 ], [ -54.04705, -28.912579 ], [ -54.04135, -28.90793 ], [ -54.023491, -28.904365 ], [ -54.019923, -28.894715 ], [ -54.015831, -28.894078 ], [ -54.011001, -28.903103 ], [ -53.996127, -28.904304 ], [ -53.979523, -28.897849 ], [ -53.977026, -28.904838 ], [ -53.967624, -28.899963 ], [ -53.963541, -28.90207 ], [ -53.953175, -28.898385 ], [ -53.958791, -28.887526 ], [ -53.957122, -28.882065 ], [ -53.95231, -28.88054 ], [ -53.954229, -28.874436 ], [ -53.937106, -28.873574 ], [ -53.936367, -28.867089 ], [ -53.941324, -28.86096 ], [ -53.930892, -28.853168 ], [ -53.932437, -28.849125 ], [ -53.925902, -28.84089 ], [ -53.924683, -28.832388 ], [ -53.917279, -28.833674 ], [ -53.905568, -28.822705 ], [ -53.902117, -28.824253 ], [ -53.897984, -28.816288 ], [ -53.90575, -28.811118 ], [ -53.898762, -28.808595 ], [ -53.891377, -28.811883 ], [ -53.888319, -28.800569 ], [ -53.88011, -28.802131 ], [ -53.882348, -28.807332 ], [ -53.87968, -28.810682 ], [ -53.876799, -28.808269 ], [ -53.873179, -28.814736 ], [ -53.861284, -28.814106 ], [ -53.859888, -28.810262 ], [ -53.855578, -28.8127 ], [ -53.862945, -28.802916 ], [ -53.85907, -28.800181 ], [ -53.85418, -28.80188 ], [ -53.853503, -28.797423 ], [ -53.847947, -28.802656 ], [ -53.8472, -28.799524 ], [ -53.840061, -28.80041 ], [ -53.840032, -28.808727 ], [ -53.833217, -28.812983 ], [ -53.831073, -28.806492 ], [ -53.822818, -28.806981 ], [ -53.822132, -28.804256 ], [ -53.817001, -28.80854 ], [ -53.806959, -28.796532 ], [ -53.805137, -28.800781 ], [ -53.795276, -28.803179 ], [ -53.786575, -28.808712 ], [ -53.782646, -28.830065 ], [ -53.776984, -28.831336 ], [ -53.77728, -28.838958 ], [ -53.759876, -28.864466 ], [ -53.750408, -28.867613 ], [ -53.741126, -28.861783 ], [ -53.729121, -28.862672 ], [ -53.726614, -28.8703 ], [ -53.719396, -28.874547 ], [ -53.716192, -28.884963 ], [ -53.703466, -28.890177 ], [ -53.700715, -28.895381 ], [ -53.693713, -28.896277 ], [ -53.689909, -28.901802 ], [ -53.68279, -28.900831 ], [ -53.678989, -28.917675 ], [ -53.669981, -28.926087 ], [ -53.6683, -28.936208 ], [ -53.663399, -28.939026 ], [ -53.652168, -28.940823 ], [ -53.646455, -28.932061 ], [ -53.638468, -28.937653 ], [ -53.637425, -28.935113 ], [ -53.63159, -28.938233 ], [ -53.638442, -28.945169 ], [ -53.627253, -28.942578 ], [ -53.620594, -28.945095 ], [ -53.617812, -28.940627 ], [ -53.60829, -28.937535 ], [ -53.599001, -28.943582 ], [ -53.594476, -28.937482 ], [ -53.588513, -28.946074 ], [ -53.584419, -28.939602 ], [ -53.581539, -28.943408 ], [ -53.576547, -28.94339 ], [ -53.567136, -28.954963 ], [ -53.564231, -28.957291 ], [ -53.565703, -28.963187 ], [ -53.551682, -28.958893 ], [ -53.546262, -28.968478 ], [ -53.54943, -28.971181 ], [ -53.555234, -28.967899 ], [ -53.556, -28.969921 ], [ -53.541575, -28.975039 ], [ -53.526178, -28.966736 ], [ -53.524773, -28.983 ], [ -53.519727, -28.98389 ], [ -53.520868, -28.989039 ], [ -53.531997, -28.992954 ], [ -53.532784, -29.001957 ], [ -53.543121, -28.99923 ], [ -53.539592, -29.008725 ], [ -53.545018, -29.008508 ], [ -53.53882, -29.010584 ], [ -53.529837, -29.006382 ], [ -53.521074, -29.027273 ], [ -53.515874, -29.026661 ], [ -53.509355, -29.031955 ], [ -53.506131, -29.034573 ], [ -53.510099, -29.037151 ], [ -53.504441, -29.04555 ], [ -53.508793, -29.051508 ], [ -53.502585, -29.05426 ], [ -53.506926, -29.063958 ], [ -53.495943, -29.062268 ], [ -53.493849, -29.072592 ], [ -53.485849, -29.074614 ], [ -53.482238, -29.072392 ], [ -53.480214, -29.075334 ], [ -53.47737, -29.072767 ], [ -53.467747, -29.081928 ], [ -53.461885, -29.07543 ], [ -53.461021, -29.084189 ], [ -53.464249, -29.085542 ], [ -53.460686, -29.088688 ], [ -53.454741, -29.088004 ], [ -53.454944, -29.091898 ], [ -53.445311, -29.085999 ], [ -53.437951, -29.090594 ], [ -53.438699, -29.096553 ], [ -53.428552, -29.09444 ], [ -53.418094, -29.104111 ], [ -53.413434, -29.105391 ], [ -53.404913, -29.119756 ], [ -53.40001, -29.117181 ], [ -53.385249, -29.123257 ], [ -53.366216, -29.121626 ], [ -53.359049, -29.129011 ], [ -53.354155, -29.127568 ], [ -53.358489, -29.117488 ], [ -53.350092, -29.111201 ], [ -53.347923, -29.117999 ], [ -53.331585, -29.127736 ], [ -53.311342, -29.131568 ], [ -53.309002, -29.128224 ], [ -53.301004, -29.129701 ], [ -53.294323, -29.125719 ], [ -53.289677, -29.127326 ], [ -53.292257, -29.132206 ], [ -53.286281, -29.134988 ], [ -53.280621, -29.128296 ], [ -53.277107, -29.144598 ], [ -53.268001, -29.13906 ], [ -53.260906, -29.143808 ], [ -53.254618, -29.169162 ], [ -53.242583, -29.168145 ], [ -53.243887, -29.175379 ], [ -53.257036, -29.177275 ], [ -53.259143, -29.187481 ], [ -53.26603, -29.190178 ], [ -53.262317, -29.196418 ], [ -53.252881, -29.196369 ], [ -53.24802, -29.19151 ], [ -53.242398, -29.198954 ], [ -53.245189, -29.206479 ], [ -53.248895, -29.211182 ], [ -53.249485, -29.238152 ], [ -53.234005, -29.242815 ], [ -53.232315, -29.247794 ], [ -53.23744, -29.251782 ], [ -53.236945, -29.256963 ], [ -53.228517, -29.253704 ], [ -53.218048, -29.260093 ], [ -53.209508, -29.265112 ], [ -53.209403, -29.269129 ], [ -53.21471, -29.27334 ], [ -53.223775, -29.273138 ], [ -53.231889, -29.263798 ], [ -53.238986, -29.263862 ], [ -53.240706, -29.269937 ], [ -53.236869, -29.282083 ], [ -53.244097, -29.284927 ], [ -53.24713, -29.288902 ], [ -53.245598, -29.296391 ], [ -53.2309, -29.307301 ], [ -53.235276, -29.317014 ], [ -53.227668, -29.324352 ], [ -53.23216, -29.332329 ], [ -53.240081, -29.332588 ], [ -53.241278, -29.335602 ], [ -53.229029, -29.349878 ], [ -53.230922, -29.356401 ], [ -53.220383, -29.367159 ], [ -53.219095, -29.373503 ], [ -53.225069, -29.377353 ], [ -53.226311, -29.383361 ], [ -53.228346, -29.397936 ], [ -53.228178, -29.403732 ], [ -53.235767, -29.411525 ], [ -53.258612, -29.433195 ], [ -53.27549, -29.428606 ], [ -53.285697, -29.435084 ], [ -53.286873, -29.438665 ], [ -53.281142, -29.446767 ], [ -53.266013, -29.444185 ], [ -53.264819, -29.448844 ], [ -53.255599, -29.447357 ], [ -53.234775, -29.464831 ], [ -53.223962, -29.464487 ], [ -53.224543, -29.467942 ], [ -53.214794, -29.468525 ], [ -53.211111, -29.470118 ], [ -53.196878, -29.465168 ], [ -53.183796, -29.466863 ], [ -53.176599, -29.472087 ], [ -53.136425, -29.494339 ], [ -53.134282, -29.495268 ], [ -53.127866, -29.495901 ], [ -53.128438, -29.49835 ], [ -53.116343, -29.506331 ], [ -53.09606, -29.51593 ], [ -53.093309, -29.528241 ], [ -53.076349, -29.528008 ], [ -53.068951, -29.53718 ], [ -53.051173, -29.540122 ], [ -53.028659, -29.552711 ], [ -53.027974, -29.553657 ], [ -53.048417, -29.555279 ], [ -53.057645, -29.569605 ], [ -53.054581, -29.576201 ], [ -53.060688, -29.605507 ], [ -53.049795, -29.622759 ], [ -53.044282, -29.633063 ], [ -53.048911, -29.640527 ], [ -53.046226, -29.647747 ], [ -53.055323, -29.653972 ], [ -53.042921, -29.656781 ], [ -53.046112, -29.66528 ], [ -53.041447, -29.667229 ], [ -53.041068, -29.673607 ], [ -53.041197, -29.675862 ], [ -53.057521, -29.706432 ], [ -53.06554, -29.72214 ], [ -53.067209, -29.725941 ], [ -53.066071, -29.739141 ], [ -53.057068, -29.749811 ], [ -53.057086, -29.749955 ], [ -53.059826, -29.757852 ], [ -53.055141, -29.768148 ], [ -53.063694, -29.776422 ], [ -53.069373, -29.789778 ], [ -53.075478, -29.78897 ], [ -53.077974, -29.793129 ], [ -53.089506, -29.797345 ], [ -53.087123, -29.805273 ], [ -53.102881, -29.837723 ], [ -53.099444, -29.845254 ], [ -53.104695, -29.843582 ], [ -53.109017, -29.851779 ], [ -53.108856, -29.853528 ], [ -53.120299, -29.895495 ], [ -53.118895, -29.910751 ], [ -53.118976, -29.922123 ], [ -53.108617, -29.926985 ], [ -53.082764, -29.9304 ], [ -53.082942, -29.933672 ], [ -53.093069, -29.937362 ], [ -53.098904, -29.948183 ], [ -53.097079, -29.956803 ], [ -53.089675, -29.965795 ], [ -53.100542, -29.963706 ], [ -53.107037, -29.971571 ], [ -53.123814, -29.968981 ], [ -53.135043, -29.972915 ], [ -53.145585, -29.984396 ], [ -53.152852, -29.984749 ], [ -53.165036, -29.993417 ], [ -53.167755, -29.997252 ], [ -53.164281, -30.002573 ], [ -53.174797, -30.007966 ], [ -53.1767, -30.019779 ], [ -53.185367, -30.022635 ], [ -53.188699, -30.028124 ], [ -53.192155, -30.027436 ], [ -53.194567, -30.034917 ], [ -53.191854, -30.03978 ], [ -53.195472, -30.043131 ], [ -53.204491, -30.042606 ], [ -53.208875, -30.055397 ], [ -53.217953, -30.059846 ], [ -53.222995, -30.069592 ], [ -53.236752, -30.075478 ], [ -53.234898, -30.082615 ], [ -53.239882, -30.089624 ], [ -53.262059, -30.091033 ], [ -53.263285, -30.09663 ], [ -53.270096, -30.099105 ], [ -53.286747, -30.115695 ], [ -53.293886, -30.131401 ], [ -53.302773, -30.138315 ], [ -53.329463, -30.147301 ], [ -53.332076, -30.157361 ], [ -53.338965, -30.157974 ], [ -53.342258, -30.161816 ], [ -53.340269, -30.169448 ], [ -53.350445, -30.17047 ], [ -53.352046, -30.17996 ], [ -53.381981, -30.199856 ], [ -53.383353, -30.209592 ], [ -53.389606, -30.212581 ], [ -53.410416, -30.209567 ], [ -53.417961, -30.22043 ], [ -53.419269, -30.229828 ], [ -53.435472, -30.238313 ], [ -53.457674, -30.26041 ], [ -53.465098, -30.261134 ], [ -53.472279, -30.26961 ], [ -53.472535, -30.285238 ], [ -53.483169, -30.283251 ], [ -53.484853, -30.289864 ], [ -53.483597, -30.294819 ], [ -53.470812, -30.293187 ], [ -53.472721, -30.298009 ], [ -53.461962, -30.300554 ], [ -53.467308, -30.308714 ], [ -53.468563, -30.312882 ], [ -53.462058, -30.313504 ], [ -53.460143, -30.318452 ], [ -53.467928, -30.320918 ], [ -53.466442, -30.329815 ], [ -53.482181, -30.342819 ], [ -53.493439, -30.365028 ], [ -53.500567, -30.370144 ], [ -53.499454, -30.377151 ], [ -53.511056, -30.386041 ], [ -53.516042, -30.396664 ], [ -53.527051, -30.402724 ], [ -53.5339, -30.400361 ], [ -53.534637, -30.395394 ], [ -53.537558, -30.397981 ], [ -53.546204, -30.392327 ], [ -53.550093, -30.382428 ], [ -53.546878, -30.378872 ], [ -53.549631, -30.365023 ], [ -53.547165, -30.362526 ], [ -53.596581, -30.373554 ], [ -53.613504, -30.377325 ], [ -53.633225, -30.393281 ], [ -53.634098, -30.402755 ], [ -53.642874, -30.410746 ], [ -53.647346, -30.425247 ], [ -53.655409, -30.431822 ], [ -53.692037, -30.421776 ], [ -53.706738, -30.406974 ], [ -53.705071, -30.400495 ], [ -53.712105, -30.394289 ], [ -53.715985, -30.397409 ], [ -53.714606, -30.401357 ], [ -53.716117, -30.410791 ], [ -53.707469, -30.419477 ], [ -53.711297, -30.423316 ], [ -53.716901, -30.419146 ], [ -53.720847, -30.421942 ], [ -53.718313, -30.429268 ], [ -53.7126, -30.431317 ], [ -53.719325, -30.447653 ], [ -53.711706, -30.447604 ], [ -53.709613, -30.45096 ], [ -53.717251, -30.450877 ], [ -53.720049, -30.45457 ], [ -53.715499, -30.455971 ], [ -53.711234, -30.482534 ], [ -53.7259, -30.487772 ], [ -53.725796, -30.49181 ], [ -53.744645, -30.513224 ], [ -53.765187, -30.519243 ], [ -53.786115, -30.517241 ], [ -53.803735, -30.520982 ], [ -53.818357, -30.518514 ], [ -53.829157, -30.501387 ], [ -53.840527, -30.494419 ], [ -53.835859, -30.488081 ], [ -53.844783, -30.48305 ], [ -53.858351, -30.475789 ] ], [ [ -53.954181, -29.17326 ], [ -53.956062, -29.184403 ], [ -53.95418, -29.17326 ], [ -53.954181, -29.17326 ] ] ] } },
{ "type": "Feature", "properties": { "HREG_ID": "43002", "HREG_NAME": "Região 02", "id": "430290", "name": "Cacequi", "description": "Cacequi", "MUN_ID": "430290", "UF": "RS", "MACRO_ID": "4314", "MACRO_NAME": "Centro-Oeste" }, "geometry": { "type": "Polygon", "coordinates": [ [ [ -54.292452, -29.75648 ], [ -54.293094, -29.765484 ], [ -54.2857, -29.783652 ], [ -54.268062, -29.804565 ], [ -54.264107, -29.814651 ], [ -54.278228, -29.833977 ], [ -54.285049, -29.859998 ], [ -54.315676, -29.889019 ], [ -54.319741, -29.917106 ], [ -54.326277, -29.919571 ], [ -54.327177, -29.924526 ], [ -54.327291, -29.925151 ], [ -54.327743, -29.927635 ], [ -54.340722, -29.927524 ], [ -54.349638, -29.935924 ], [ -54.364985, -29.933685 ], [ -54.387727, -29.940593 ], [ -54.399702, -29.939116 ], [ -54.405148, -29.94853 ], [ -54.439582, -29.954011 ], [ -54.451537, -29.959781 ], [ -54.467557, -29.959008 ], [ -54.467671, -29.959002 ], [ -54.476819, -29.940785 ], [ -54.499476, -29.933017 ], [ -54.510663, -29.942765 ], [ -54.518934, -29.9424 ], [ -54.530758, -29.949365 ], [ -54.546381, -29.952469 ], [ -54.546643, -29.956695 ], [ -54.551914, -29.955609 ], [ -54.556046, -29.960673 ], [ -54.561491, -29.956315 ], [ -54.5856, -29.9631 ], [ -54.587149, -29.973471 ], [ -54.591235, -29.976948 ], [ -54.601543, -29.97522 ], [ -54.60106, -29.979704 ], [ -54.609094, -29.982066 ], [ -54.615456, -29.988596 ], [ -54.617648, -29.992725 ], [ -54.625318, -29.991314 ], [ -54.63105, -29.994325 ], [ -54.629191, -30.004068 ], [ -54.641255, -30.014496 ], [ -54.638926, -30.024696 ], [ -54.651579, -30.024591 ], [ -54.658828, -30.032187 ], [ -54.666002, -30.034064 ], [ -54.678189, -30.030944 ], [ -54.686061, -30.037261 ], [ -54.691357, -30.035668 ], [ -54.694417, -30.029711 ], [ -54.701655, -30.028975 ], [ -54.707774, -30.024392 ], [ -54.711498, -30.031329 ], [ -54.718584, -30.031816 ], [ -54.730103, -30.028349 ], [ -54.733436, -30.021302 ], [ -54.744377, -30.023011 ], [ -54.751688, -30.016923 ], [ -54.75825, -30.038973 ], [ -54.775042, -30.059284 ], [ -54.776616, -30.082436 ], [ -54.789741, -30.0937 ], [ -54.79983, -30.096479 ], [ -54.811545, -30.105266 ], [ -54.815972, -30.107223 ], [ -54.822434, -30.104785 ], [ -54.822571, -30.104734 ], [ -54.874372, -30.093581 ], [ -54.884702, -30.097906 ], [ -54.895097, -30.092126 ], [ -54.898808, -30.07864 ], [ -54.908679, -30.078005 ], [ -54.914874, -30.073071 ], [ -54.931273, -30.062315 ], [ -54.947894, -30.076408 ], [ -54.950503, -30.083683 ], [ -54.960258, -30.088826 ], [ -54.972381, -30.086438 ], [ -54.9814, -30.092855 ], [ -54.989161, -30.103545 ], [ -54.995459, -30.10622 ], [ -55.006226, -30.127859 ], [ -55.04711, -30.136471 ], [ -55.059573, -30.143508 ], [ -55.067462, -30.140694 ], [ -55.070198, -30.128915 ], [ -55.076214, -30.12297 ], [ -55.070514, -30.112429 ], [ -55.080068, -30.10272 ], [ -55.087732, -30.070387 ], [ -55.100271, -30.051721 ], [ -55.099971, -30.045763 ], [ -55.093808, -30.040067 ], [ -55.095732, -30.032141 ], [ -55.110031, -30.043629 ], [ -55.117925, -30.045635 ], [ -55.129202, -30.040459 ], [ -55.135978, -30.041557 ], [ -55.142037, -30.053628 ], [ -55.150167, -30.047346 ], [ -55.156706, -30.049517 ], [ -55.163682, -30.042407 ], [ -55.176733, -30.043958 ], [ -55.186859, -30.065704 ], [ -55.183479, -30.069376 ], [ -55.187478, -30.07849 ], [ -55.204888, -30.083569 ], [ -55.211297, -30.084424 ], [ -55.222437, -30.07473 ], [ -55.241385, -30.080996 ], [ -55.25107, -30.078792 ], [ -55.258901, -30.0836 ], [ -55.273071, -30.080376 ], [ -55.279348, -30.084755 ], [ -55.288881, -30.102876 ], [ -55.295365, -30.088371 ], [ -55.308056, -30.08773 ], [ -55.31256, -30.080459 ], [ -55.292997, -30.061862 ], [ -55.280652, -30.051682 ], [ -55.277429, -30.040988 ], [ -55.268824, -30.038609 ], [ -55.269203, -30.036702 ], [ -55.266831, -30.015932 ], [ -55.258332, -30.012347 ], [ -55.259619, -30.00245 ], [ -55.244088, -29.986806 ], [ -55.243829, -29.971654 ], [ -55.232742, -29.948077 ], [ -55.228624, -29.92764 ], [ -55.221474, -29.919275 ], [ -55.211295, -29.922041 ], [ -55.193036, -29.913826 ], [ -55.177893, -29.897994 ], [ -55.170875, -29.879927 ], [ -55.162695, -29.873829 ], [ -55.151301, -29.874802 ], [ -55.147624, -29.868354 ], [ -55.151365, -29.855044 ], [ -55.140031, -29.851754 ], [ -55.138044, -29.847622 ], [ -55.145654, -29.839411 ], [ -55.148766, -29.826649 ], [ -55.140957, -29.821698 ], [ -55.123944, -29.820162 ], [ -55.118795, -29.807466 ], [ -55.110926, -29.799936 ], [ -55.113982, -29.798311 ], [ -55.111389, -29.792719 ], [ -55.115455, -29.786645 ], [ -55.114129, -29.778168 ], [ -55.123906, -29.775495 ], [ -55.123682, -29.769593 ], [ -55.120256, -29.768022 ], [ -55.134329, -29.762641 ], [ -55.132895, -29.756095 ], [ -55.126184, -29.75132 ], [ -55.128588, -29.720627 ], [ -55.12511, -29.700444 ], [ -55.142137, -29.695133 ], [ -55.191106, -29.696263 ], [ -55.194234, -29.693664 ], [ -55.193633, -29.685091 ], [ -55.195341, -29.665435 ], [ -55.212301, -29.650605 ], [ -55.211966, -29.635679 ], [ -55.223408, -29.630948 ], [ -55.235025, -29.633644 ], [ -55.242914, -29.619831 ], [ -55.279685, -29.617341 ], [ -55.292339, -29.630136 ], [ -55.308517, -29.630761 ], [ -55.325717, -29.641734 ], [ -55.33787, -29.636295 ], [ -55.362771, -29.614132 ], [ -55.377578, -29.614391 ], [ -55.373549, -29.591804 ], [ -55.372921, -29.573138 ], [ -55.368594, -29.571653 ], [ -55.366578, -29.55664 ], [ -55.346378, -29.544519 ], [ -55.345269, -29.541469 ], [ -55.351331, -29.537391 ], [ -55.34749, -29.532402 ], [ -55.330181, -29.531668 ], [ -55.329301, -29.51712 ], [ -55.346906, -29.492608 ], [ -55.337893, -29.4766 ], [ -55.347274, -29.471967 ], [ -55.342941, -29.47529 ], [ -55.348822, -29.476853 ], [ -55.347633, -29.481616 ], [ -55.351824, -29.477354 ], [ -55.357306, -29.479646 ], [ -55.364144, -29.472363 ], [ -55.361116, -29.4686 ], [ -55.367311, -29.463952 ], [ -55.365986, -29.457358 ], [ -55.359023, -29.46125 ], [ -55.3556, -29.460709 ], [ -55.357748, -29.45808 ], [ -55.362272, -29.451217 ], [ -55.357459, -29.444955 ], [ -55.365035, -29.449793 ], [ -55.369918, -29.447268 ], [ -55.373056, -29.450268 ], [ -55.380509, -29.448521 ], [ -55.378026, -29.440292 ], [ -55.386086, -29.442215 ], [ -55.396698, -29.438082 ], [ -55.39097, -29.431507 ], [ -55.401801, -29.423576 ], [ -55.403089, -29.416447 ], [ -55.406074, -29.417022 ], [ -55.407081, -29.403588 ], [ -55.43113, -29.401179 ], [ -55.438625, -29.395575 ], [ -55.428928, -29.380766 ], [ -55.426934, -29.367538 ], [ -55.429601, -29.361647 ], [ -55.439515, -29.365036 ], [ -55.44344, -29.372778 ], [ -55.445533, -29.3696 ], [ -55.46108, -29.376866 ], [ -55.481956, -29.37891 ], [ -55.482126, -29.367931 ], [ -55.462026, -29.35205 ], [ -55.46288, -29.347547 ], [ -55.45728, -29.339631 ], [ -55.458617, -29.324779 ], [ -55.447729, -29.319591 ], [ -55.433873, -29.316238 ], [ -55.415911, -29.321275 ], [ -55.414816, -29.307846 ], [ -55.420173, -29.288539 ], [ -55.420076, -29.270031 ], [ -55.431874, -29.255971 ], [ -55.439199, -29.226036 ], [ -55.442748, -29.227065 ], [ -55.458567, -29.214665 ], [ -55.450413, -29.205504 ], [ -55.442125, -29.211953 ], [ -55.433153, -29.212962 ], [ -55.426485, -29.208145 ], [ -55.423063, -29.213435 ], [ -55.411816, -29.209844 ], [ -55.403073, -29.211046 ], [ -55.397966, -29.203812 ], [ -55.392632, -29.20705 ], [ -55.401643, -29.216959 ], [ -55.401326, -29.233713 ], [ -55.39337, -29.236154 ], [ -55.390223, -29.229703 ], [ -55.393024, -29.224707 ], [ -55.387839, -29.222816 ], [ -55.386959, -29.229394 ], [ -55.37396, -29.23655 ], [ -55.366495, -29.230453 ], [ -55.368319, -29.21894 ], [ -55.361317, -29.206333 ], [ -55.343224, -29.207251 ], [ -55.344309, -29.220686 ], [ -55.33597, -29.222948 ], [ -55.326891, -29.2164 ], [ -55.326758, -29.219055 ], [ -55.31583, -29.215185 ], [ -55.313578, -29.210594 ], [ -55.316349, -29.20779 ], [ -55.310811, -29.207857 ], [ -55.312026, -29.204303 ], [ -55.29959, -29.202069 ], [ -55.296899, -29.19398 ], [ -55.290399, -29.192507 ], [ -55.284366, -29.18401 ], [ -55.27997, -29.184022 ], [ -55.282574, -29.174435 ], [ -55.27587, -29.165298 ], [ -55.276126, -29.152852 ], [ -55.267835, -29.142068 ], [ -55.269013, -29.120976 ], [ -55.284944, -29.104335 ], [ -55.273494, -29.089076 ], [ -55.272724, -29.075582 ], [ -55.272682, -29.075464 ], [ -55.270515, -29.054823 ], [ -55.245473, -29.05562 ], [ -55.261331, -29.047718 ], [ -55.27793, -29.030189 ], [ -55.280939, -29.023672 ], [ -55.279016, -29.007756 ], [ -55.292442, -28.991029 ], [ -55.293628, -28.972173 ], [ -55.298777, -28.966888 ], [ -55.321778, -28.959754 ], [ -55.318951, -28.953478 ], [ -55.32244, -28.940123 ], [ -55.344986, -28.941465 ], [ -55.349306, -28.931094 ], [ -55.357519, -28.931322 ], [ -55.372486, -28.920089 ], [ -55.375316, -28.900219 ], [ -55.373818, -28.889413 ], [ -55.366963, -28.879513 ], [ -55.383198, -28.873094 ], [ -55.395873, -28.879646 ], [ -55.400174, -28.870492 ], [ -55.41317, -28.863962 ], [ -55.431035, -28.862485 ], [ -55.430605, -28.85737 ], [ -55.418454, -28.84915 ], [ -55.418883, -28.844486 ], [ -55.430882, -28.84391 ], [ -55.432228, -28.826964 ], [ -55.443742, -28.821885 ], [ -55.44826, -28.812407 ], [ -55.457773, -28.814152 ], [ -55.465267, -28.811647 ], [ -55.469349, -28.802248 ], [ -55.478318, -28.797623 ], [ -55.494914, -28.764363 ], [ -55.503492, -28.763621 ], [ -55.507082, -28.744273 ], [ -55.495554, -28.739333 ], [ -55.496611, -28.731059 ], [ -55.508753, -28.73282 ], [ -55.519509, -28.725831 ], [ -55.533779, -28.72964 ], [ -55.537116, -28.721876 ], [ -55.53371, -28.717397 ], [ -55.534903, -28.710181 ], [ -55.549292, -28.706997 ], [ -55.535513, -28.697518 ], [ -55.53106, -28.685897 ], [ -55.525686, -28.689934 ], [ -55.521763, -28.702952 ], [ -55.515977, -28.706524 ], [ -55.508107, -28.693401 ], [ -55.50001, -28.698256 ], [ -55.491554, -28.69321 ], [ -55.487238, -28.687164 ], [ -55.488122, -28.681285 ], [ -55.495448, -28.678416 ], [ -55.488288, -28.662654 ], [ -55.48489, -28.661148 ], [ -55.480954, -28.668221 ], [ -55.465229, -28.66337 ], [ -55.454984, -28.667621 ], [ -55.450769, -28.66628 ], [ -55.445552, -28.674776 ], [ -55.439183, -28.672519 ], [ -55.430472, -28.656151 ], [ -55.437954, -28.650156 ], [ -55.42141, -28.648671 ], [ -55.420342, -28.654076 ], [ -55.415801, -28.655999 ], [ -55.411271, -28.648623 ], [ -55.394846, -28.650708 ], [ -55.394201, -28.657496 ], [ -55.3803, -28.668905 ], [ -55.374733, -28.665526 ], [ -55.37443, -28.6568 ], [ -55.367052, -28.653345 ], [ -55.363011, -28.660307 ], [ -55.35544, -28.657233 ], [ -55.355455, -28.649017 ], [ -55.345688, -28.650307 ], [ -55.344625, -28.666415 ], [ -55.329914, -28.666966 ], [ -55.322941, -28.659719 ], [ -55.324029, -28.656022 ], [ -55.315447, -28.657085 ], [ -55.313977, -28.664154 ], [ -55.305171, -28.671507 ], [ -55.290358, -28.664736 ], [ -55.28642, -28.665941 ], [ -55.283946, -28.668478 ], [ -55.287101, -28.678074 ], [ -55.28217, -28.682554 ], [ -55.274425, -28.671777 ], [ -55.256184, -28.681448 ], [ -55.252731, -28.690399 ], [ -55.235473, -28.686965 ], [ -55.241648, -28.677027 ], [ -55.22539, -28.665675 ], [ -55.222519, -28.67614 ], [ -55.231488, -28.698237 ], [ -55.22418, -28.703886 ], [ -55.224874, -28.710897 ], [ -55.206991, -28.71102 ], [ -55.20245, -28.721192 ], [ -55.190967, -28.727143 ], [ -55.193726, -28.732117 ], [ -55.182463, -28.748762 ], [ -55.191196, -28.757505 ], [ -55.184128, -28.761355 ], [ -55.175464, -28.757234 ], [ -55.174392, -28.753331 ], [ -55.164256, -28.75119 ], [ -55.161046, -28.74504 ], [ -55.154831, -28.736253 ], [ -55.132089, -28.744521 ], [ -55.113511, -28.741989 ], [ -55.098065, -28.752997 ], [ -55.086322, -28.75084 ], [ -55.085324, -28.756227 ], [ -55.072494, -28.760707 ], [ -55.078243, -28.767934 ], [ -55.070564, -28.775688 ], [ -55.064063, -28.776971 ], [ -55.055467, -28.766213 ], [ -55.043177, -28.761759 ], [ -55.042248, -28.773872 ], [ -55.033974, -28.780222 ], [ -55.030011, -28.788942 ], [ -55.033426, -28.79769 ], [ -55.024326, -28.797828 ], [ -55.020791, -28.787199 ], [ -55.007306, -28.795992 ], [ -55.003735, -28.775632 ], [ -54.995888, -28.77726 ], [ -54.981907, -28.78891 ], [ -54.98093, -28.794739 ], [ -54.960039, -28.807961 ], [ -54.954157, -28.808894 ], [ -54.949635, -28.816604 ], [ -54.939899, -28.815067 ], [ -54.930469, -28.825324 ], [ -54.926202, -28.822092 ], [ -54.921429, -28.824865 ], [ -54.911787, -28.822783 ], [ -54.904666, -28.828959 ], [ -54.900529, -28.827661 ], [ -54.901579, -28.817083 ], [ -54.894184, -28.815648 ], [ -54.89153, -28.823995 ], [ -54.881543, -28.825921 ], [ -54.884915, -28.838203 ], [ -54.881134, -28.84308 ], [ -54.858794, -28.831747 ], [ -54.854366, -28.83934 ], [ -54.849856, -28.840602 ], [ -54.847394, -28.832439 ], [ -54.841748, -28.833661 ], [ -54.84357, -28.850599 ], [ -54.832538, -28.847864 ], [ -54.823708, -28.854217 ], [ -54.819154, -28.866831 ], [ -54.815246, -28.868439 ], [ -54.808913, -28.866119 ], [ -54.793463, -28.874442 ], [ -54.778575, -28.873617 ], [ -54.771086, -28.871187 ], [ -54.769748, -28.865042 ], [ -54.757477, -28.855599 ], [ -54.739586, -28.854532 ], [ -54.718124, -28.841973 ], [ -54.707202, -28.836239 ], [ -54.712882, -28.817368 ], [ -54.713525, -28.794493 ], [ -54.702306, -28.775718 ], [ -54.696299, -28.771998 ], [ -54.696647, -28.766369 ], [ -54.689411, -28.762536 ], [ -54.686966, -28.753463 ], [ -54.680413, -28.747997 ], [ -54.670666, -28.715631 ], [ -54.664412, -28.715872 ], [ -54.661042, -28.724664 ], [ -54.656685, -28.724767 ], [ -54.654762, -28.729323 ], [ -54.659175, -28.734453 ], [ -54.656196, -28.738968 ], [ -54.652034, -28.740002 ], [ -54.645158, -28.733015 ], [ -54.640023, -28.733106 ], [ -54.640222, -28.742947 ], [ -54.628909, -28.74779 ], [ -54.624985, -28.74308 ], [ -54.627181, -28.738913 ], [ -54.61716, -28.739373 ], [ -54.609573, -28.745546 ], [ -54.616783, -28.752823 ], [ -54.615901, -28.759404 ], [ -54.623136, -28.762349 ], [ -54.626542, -28.768967 ], [ -54.613849, -28.76967 ], [ -54.618777, -28.776688 ], [ -54.611624, -28.774336 ], [ -54.604195, -28.777357 ], [ -54.611199, -28.779192 ], [ -54.610986, -28.786632 ], [ -54.602395, -28.781183 ], [ -54.597408, -28.786147 ], [ -54.591498, -28.783946 ], [ -54.582313, -28.788784 ], [ -54.585753, -28.792743 ], [ -54.592891, -28.793014 ], [ -54.586317, -28.802229 ], [ -54.578204, -28.79815 ], [ -54.578009, -28.804483 ], [ -54.586024, -28.805876 ], [ -54.590589, -28.801804 ], [ -54.595195, -28.805269 ], [ -54.587571, -28.817902 ], [ -54.584829, -28.811849 ], [ -54.575057, -28.815685 ], [ -54.572004, -28.82507 ], [ -54.576614, -28.837692 ], [ -54.56801, -28.835426 ], [ -54.56436, -28.843407 ], [ -54.559887, -28.843229 ], [ -54.556372, -28.847677 ], [ -54.553166, -28.842975 ], [ -54.545816, -28.842289 ], [ -54.544656, -28.849212 ], [ -54.543365, -28.845164 ], [ -54.539778, -28.845485 ], [ -54.538157, -28.848704 ], [ -54.546494, -28.853861 ], [ -54.540999, -28.856372 ], [ -54.541429, -28.859209 ], [ -54.537059, -28.854242 ], [ -54.532667, -28.858277 ], [ -54.525871, -28.857832 ], [ -54.528832, -28.859704 ], [ -54.528048, -28.867132 ], [ -54.522447, -28.870853 ], [ -54.518729, -28.869342 ], [ -54.515286, -28.868629 ], [ -54.509414, -28.874085 ], [ -54.503834, -28.868354 ], [ -54.498495, -28.871884 ], [ -54.493489, -28.866898 ], [ -54.490954, -28.868327 ], [ -54.492764, -28.875154 ], [ -54.486448, -28.8762 ], [ -54.482307, -28.871925 ], [ -54.476452, -28.873728 ], [ -54.485212, -28.879831 ], [ -54.480213, -28.883166 ], [ -54.46401, -28.879679 ], [ -54.461159, -28.876132 ], [ -54.456863, -28.877323 ], [ -54.458271, -28.882744 ], [ -54.454824, -28.887092 ], [ -54.448129, -28.892272 ], [ -54.443366, -28.889054 ], [ -54.44284, -28.89572 ], [ -54.434401, -28.896991 ], [ -54.426172, -28.912335 ], [ -54.420163, -28.921268 ], [ -54.408873, -28.922439 ], [ -54.411668, -28.935846 ], [ -54.400309, -28.944728 ], [ -54.397898, -28.964538 ], [ -54.38988, -28.97468 ], [ -54.379849, -29.005665 ], [ -54.405352, -29.024662 ], [ -54.411413, -29.035341 ], [ -54.42426, -29.030333 ], [ -54.430429, -29.040797 ], [ -54.459221, -29.067332 ], [ -54.454933, -29.076344 ], [ -54.43179, -29.089369 ], [ -54.426433, -29.088868 ], [ -54.423363, -29.092305 ], [ -54.418347, -29.113519 ], [ -54.406744, -29.135 ], [ -54.409783, -29.147796 ], [ -54.403841, -29.153581 ], [ -54.395431, -29.154425 ], [ -54.399378, -29.159113 ], [ -54.393696, -29.165714 ], [ -54.397176, -29.16928 ], [ -54.388754, -29.174567 ], [ -54.383713, -29.172367 ], [ -54.375837, -29.186541 ], [ -54.369777, -29.184028 ], [ -54.366196, -29.186988 ], [ -54.365943, -29.174578 ], [ -54.350216, -29.182058 ], [ -54.342556, -29.180923 ], [ -54.330839, -29.188025 ], [ -54.326855, -29.18472 ], [ -54.330423, -29.178573 ], [ -54.342186, -29.175257 ], [ -54.334052, -29.169658 ], [ -54.33315, -29.16307 ], [ -54.34974, -29.153739 ], [ -54.344418, -29.151129 ], [ -54.340185, -29.141798 ], [ -54.325279, -29.141501 ], [ -54.306652, -29.12592 ], [ -54.302871, -29.126953 ], [ -54.303918, -29.134785 ], [ -54.292405, -29.13453 ], [ -54.298931, -29.126198 ], [ -54.293285, -29.10674 ], [ -54.296486, -29.093441 ], [ -54.292655, -29.089933 ], [ -54.289454, -29.090279 ], [ -54.282891, -29.11656 ], [ -54.245292, -29.151974 ], [ -54.236312, -29.152422 ], [ -54.21451, -29.161325 ], [ -54.196011, -29.16329 ], [ -54.165092, -29.178756 ], [ -54.169625, -29.191954 ], [ -54.081169, -29.190402 ], [ -54.069522, -29.198276 ], [ -54.069989, -29.203405 ], [ -54.064549, -29.210445 ], [ -54.075941, -29.212566 ], [ -54.074029, -29.215984 ], [ -54.078091, -29.226842 ], [ -54.084264, -29.222822 ], [ -54.086761, -29.224879 ], [ -54.087644, -29.238866 ], [ -54.097822, -29.233299 ], [ -54.101282, -29.242141 ], [ -54.11122, -29.237703 ], [ -54.111142, -29.244305 ], [ -54.106461, -29.247125 ], [ -54.112905, -29.255628 ], [ -54.119421, -29.250736 ], [ -54.129812, -29.261446 ], [ -54.123612, -29.268295 ], [ -54.133482, -29.27199 ], [ -54.134339, -29.278818 ], [ -54.141444, -29.276339 ], [ -54.156727, -29.284702 ], [ -54.157329, -29.291864 ], [ -54.15143, -29.289756 ], [ -54.157768, -29.29729 ], [ -54.151177, -29.309899 ], [ -54.162351, -29.31088 ], [ -54.15876, -29.314978 ], [ -54.151972, -29.315378 ], [ -54.153688, -29.318377 ], [ -54.157953, -29.325666 ], [ -54.1655, -29.322064 ], [ -54.16716, -29.324078 ], [ -54.167421, -29.33679 ], [ -54.163489, -29.342951 ], [ -54.171999, -29.347166 ], [ -54.176629, -29.358364 ], [ -54.188866, -29.354496 ], [ -54.17918, -29.364343 ], [ -54.18475, -29.370789 ], [ -54.185616, -29.381451 ], [ -54.198543, -29.391806 ], [ -54.192988, -29.397324 ], [ -54.201836, -29.400669 ], [ -54.19931, -29.416179 ], [ -54.207494, -29.419385 ], [ -54.208108, -29.425861 ], [ -54.224585, -29.409756 ], [ -54.249198, -29.413207 ], [ -54.266216, -29.409201 ], [ -54.274452, -29.402106 ], [ -54.276224, -29.410685 ], [ -54.273346, -29.416682 ], [ -54.27757, -29.42262 ], [ -54.283261, -29.420181 ], [ -54.290263, -29.420117 ], [ -54.295801, -29.415292 ], [ -54.311801, -29.414436 ], [ -54.307641, -29.431349 ], [ -54.320621, -29.433591 ], [ -54.343142, -29.428559 ], [ -54.349389, -29.41915 ], [ -54.361712, -29.416723 ], [ -54.370068, -29.409983 ], [ -54.375829, -29.428599 ], [ -54.391244, -29.43682 ], [ -54.395868, -29.454665 ], [ -54.401683, -29.459438 ], [ -54.414638, -29.460989 ], [ -54.41628, -29.466562 ], [ -54.404101, -29.476295 ], [ -54.387257, -29.474584 ], [ -54.381644, -29.497019 ], [ -54.379272, -29.502786 ], [ -54.373385, -29.502592 ], [ -54.378849, -29.509812 ], [ -54.359888, -29.512327 ], [ -54.362454, -29.51935 ], [ -54.360286, -29.525084 ], [ -54.354743, -29.524547 ], [ -54.355452, -29.539662 ], [ -54.34667, -29.547775 ], [ -54.340961, -29.548549 ], [ -54.342262, -29.556382 ], [ -54.341118, -29.567229 ], [ -54.329897, -29.568334 ], [ -54.329903, -29.574939 ], [ -54.335809, -29.581107 ], [ -54.355255, -29.577765 ], [ -54.359844, -29.586391 ], [ -54.363887, -29.583809 ], [ -54.361077, -29.580195 ], [ -54.364305, -29.576743 ], [ -54.377451, -29.572241 ], [ -54.374889, -29.56816 ], [ -54.377227, -29.558971 ], [ -54.380488, -29.560077 ], [ -54.389982, -29.584329 ], [ -54.398813, -29.575966 ], [ -54.404312, -29.576503 ], [ -54.403824, -29.571044 ], [ -54.410573, -29.57039 ], [ -54.419678, -29.575044 ], [ -54.417581, -29.590229 ], [ -54.412621, -29.605533 ], [ -54.43342, -29.616101 ], [ -54.448649, -29.613094 ], [ -54.451894, -29.616158 ], [ -54.455327, -29.611849 ], [ -54.462072, -29.614208 ], [ -54.463774, -29.622476 ], [ -54.468792, -29.62592 ], [ -54.46561, -29.634908 ], [ -54.474953, -29.642336 ], [ -54.47429, -29.638463 ], [ -54.477698, -29.638271 ], [ -54.477648, -29.646807 ], [ -54.478002, -29.651272 ], [ -54.46966, -29.650985 ], [ -54.463194, -29.656095 ], [ -54.471467, -29.665635 ], [ -54.472057, -29.673336 ], [ -54.467485, -29.676123 ], [ -54.474823, -29.684063 ], [ -54.473894, -29.693062 ], [ -54.479675, -29.693341 ], [ -54.48471, -29.70253 ], [ -54.475432, -29.705914 ], [ -54.473301, -29.710771 ], [ -54.483571, -29.717822 ], [ -54.488668, -29.714014 ], [ -54.492973, -29.715771 ], [ -54.495093, -29.711607 ], [ -54.500936, -29.715793 ], [ -54.497105, -29.716783 ], [ -54.49627, -29.724507 ], [ -54.490007, -29.727682 ], [ -54.496089, -29.734498 ], [ -54.495144, -29.738075 ], [ -54.497724, -29.737651 ], [ -54.494129, -29.745131 ], [ -54.492599, -29.742723 ], [ -54.487448, -29.73591 ], [ -54.462872, -29.738851 ], [ -54.444496, -29.747355 ], [ -54.442626, -29.744683 ], [ -54.425355, -29.747265 ], [ -54.405943, -29.738214 ], [ -54.386362, -29.739182 ], [ -54.379679, -29.732806 ], [ -54.368065, -29.736107 ], [ -54.368242, -29.739412 ], [ -54.36332, -29.741126 ], [ -54.357638, -29.731951 ], [ -54.349915, -29.732868 ], [ -54.333736, -29.726915 ], [ -54.305836, -29.736917 ], [ -54.303765, -29.744967 ], [ -54.292452, -29.75648 ] ], [ [ -55.234638, -29.188079 ], [ -55.234638, -29.188078 ], [ -55.253235, -29.196688 ], [ -55.234638, -29.188079 ] ] ] } },
{ "type": "Feature", "properties": { "HREG_ID": "43003", "HREG_NAME": "Região 03", "id": "430040", "name": "Alegrete", "description": "Alegrete", "MUN_ID": "430040", "UF": "RS", "MACRO_ID": "4314", "MACRO_NAME": "Centro-Oeste" }, "geometry": { "type": "Polygon", "coordinates": [ [ [ -56.286334, -30.528434 ], [ -56.291431, -30.520116 ], [ -56.295616, -30.525766 ], [ -56.306887, -30.530791 ], [ -56.328836, -30.529657 ], [ -56.336239, -30.523595 ], [ -56.334841, -30.511692 ], [ -56.347739, -30.504933 ], [ -56.349164, -30.496985 ], [ -56.354052, -30.492684 ], [ -56.363067, -30.492535 ], [ -56.359393, -30.499725 ], [ -56.365393, -30.502556 ], [ -56.383063, -30.49826 ], [ -56.388342, -30.492934 ], [ -56.383244, -30.491909 ], [ -56.385881, -30.487234 ], [ -56.394124, -30.485833 ], [ -56.395904, -30.471477 ], [ -56.399859, -30.474821 ], [ -56.405142, -30.468664 ], [ -56.406671, -30.460323 ], [ -56.399396, -30.458739 ], [ -56.396238, -30.449509 ], [ -56.408985, -30.44453 ], [ -56.415048, -30.431053 ], [ -56.424421, -30.434912 ], [ -56.437699, -30.432148 ], [ -56.451969, -30.422476 ], [ -56.443672, -30.415123 ], [ -56.450197, -30.405036 ], [ -56.461352, -30.384798 ], [ -56.477702, -30.391442 ], [ -56.482055, -30.399263 ], [ -56.48857, -30.39929 ], [ -56.495388, -30.387586 ], [ -56.505, -30.382713 ], [ -56.503364, -30.370908 ], [ -56.506037, -30.368199 ], [ -56.520021, -30.359078 ], [ -56.544651, -30.359764 ], [ -56.543168, -30.352131 ], [ -56.550952, -30.343077 ], [ -56.536153, -30.333922 ], [ -56.539926, -30.3143 ], [ -56.545429, -30.311116 ], [ -56.555967, -30.319356 ], [ -56.57409, -30.302939 ], [ -56.575641, -30.288909 ], [ -56.595379, -30.295607 ], [ -56.603536, -30.293583 ], [ -56.610603, -30.300354 ], [ -56.616533, -30.300857 ], [ -56.618983, -30.294158 ], [ -56.605362, -30.282747 ], [ -56.612449, -30.261989 ], [ -56.626532, -30.267239 ], [ -56.638359, -30.257868 ], [ -56.636504, -30.254453 ], [ -56.629408, -30.254985 ], [ -56.623971, -30.247737 ], [ -56.641159, -30.234414 ], [ -56.648031, -30.221919 ], [ -56.666566, -30.220608 ], [ -56.667189, -30.217773 ], [ -56.64493, -30.207943 ], [ -56.645643, -30.204627 ], [ -56.651206, -30.207592 ], [ -56.658161, -30.201279 ], [ -56.662448, -30.198318 ], [ -56.678141, -30.200746 ], [ -56.681524, -30.195145 ], [ -56.696207, -30.205408 ], [ -56.707368, -30.188976 ], [ -56.705912, -30.176354 ], [ -56.718573, -30.180409 ], [ -56.729231, -30.172107 ], [ -56.758478, -30.161292 ], [ -56.776386, -30.164051 ], [ -56.783735, -30.153791 ], [ -56.777529, -30.134208 ], [ -56.779479, -30.127607 ], [ -56.800277, -30.121358 ], [ -56.805881, -30.104825 ], [ -56.817519, -30.10734 ], [ -56.822326, -30.097409 ], [ -56.834566, -30.092407 ], [ -56.85411, -30.089245 ], [ -56.871279, -30.09404 ], [ -56.873456, -30.087051 ], [ -56.884529, -30.087823 ], [ -56.903819, -30.113969 ], [ -56.904371, -30.108414 ], [ -56.913669, -30.111154 ], [ -56.911183, -30.102621 ], [ -56.917249, -30.096656 ], [ -56.931562, -30.09412 ], [ -56.955998, -30.101762 ], [ -56.976373, -30.098098 ], [ -56.982502, -30.088651 ], [ -56.991606, -30.086367 ], [ -57.02265, -30.088217 ], [ -57.027876, -30.092156 ], [ -57.03108, -30.101956 ], [ -57.043533, -30.105377 ], [ -57.055981, -30.099352 ], [ -57.067207, -30.101266 ], [ -57.065799, -30.091439 ], [ -57.060504, -30.090039 ], [ -57.064112, -30.086283 ], [ -57.069363, -30.086608 ], [ -57.084909, -30.100063 ], [ -57.090127, -30.11144 ], [ -57.088269, -30.113518 ], [ -57.084568, -30.111218 ], [ -57.088232, -30.120077 ], [ -57.093771, -30.120813 ], [ -57.094894, -30.115458 ], [ -57.114198, -30.114485 ], [ -57.113019, -30.127823 ], [ -57.103969, -30.127024 ], [ -57.105069, -30.135832 ], [ -57.113274, -30.145145 ], [ -57.128445, -30.142006 ], [ -57.13315, -30.155081 ], [ -57.143927, -30.168713 ], [ -57.144293, -30.172983 ], [ -57.157288, -30.185684 ], [ -57.159939, -30.195035 ], [ -57.167389, -30.198603 ], [ -57.167864, -30.208153 ], [ -57.164115, -30.213916 ], [ -57.167187, -30.217443 ], [ -57.161856, -30.219203 ], [ -57.165298, -30.224716 ], [ -57.154764, -30.23283 ], [ -57.155603, -30.235896 ], [ -57.161478, -30.243282 ], [ -57.167575, -30.242629 ], [ -57.16756, -30.249361 ], [ -57.177264, -30.251871 ], [ -57.194506, -30.263994 ], [ -57.20255, -30.286045 ], [ -57.217449, -30.289906 ], [ -57.247276, -30.290365 ], [ -57.253791, -30.285094 ], [ -57.252322, -30.275124 ], [ -57.259013, -30.267128 ], [ -57.268888, -30.273805 ], [ -57.26815, -30.283835 ], [ -57.279585, -30.29431 ], [ -57.283715, -30.294204 ], [ -57.294513, -30.284096 ], [ -57.304675, -30.265125 ], [ -57.313964, -30.258312 ], [ -57.320901, -30.271377 ], [ -57.353444, -30.285294 ], [ -57.359278, -30.272218 ], [ -57.368374, -30.273092 ], [ -57.385576, -30.291772 ], [ -57.388036, -30.303191 ], [ -57.395148, -30.304969 ], [ -57.409512, -30.300636 ], [ -57.41906, -30.302998 ], [ -57.421034, -30.291525 ], [ -57.41351, -30.280703 ], [ -57.429107, -30.275102 ], [ -57.451255, -30.276569 ], [ -57.460845, -30.26678 ], [ -57.48428, -30.266987 ], [ -57.488779, -30.269378 ], [ -57.497334, -30.287965 ], [ -57.522149, -30.286163 ], [ -57.548506, -30.273901 ], [ -57.554679, -30.264199 ], [ -57.565702, -30.258604 ], [ -57.556192, -30.22009 ], [ -57.562889, -30.20923 ], [ -57.610147, -30.189294 ], [ -57.629286, -30.187101 ], [ -57.642776, -30.193233 ], [ -57.643217, -30.188306 ], [ -57.635329, -30.176005 ], [ -57.584941, -30.176793 ], [ -57.547451, -30.16362 ], [ -57.481658, -30.123261 ], [ -57.461149, -30.106126 ], [ -57.453469, -30.089862 ], [ -57.445861, -30.071704 ], [ -57.416637, -30.040235 ], [ -57.38168, -30.017403 ], [ -57.354053, -30.00879 ], [ -57.33773, -29.992662 ], [ -57.327861, -29.971597 ], [ -57.322629, -29.936878 ], [ -57.328723, -29.894725 ], [ -57.32756, -29.879741 ], [ -57.294273, -29.83116 ], [ -57.241919, -29.78807 ], [ -57.226787, -29.779283 ], [ -57.170343, -29.7806 ], [ -57.133073, -29.770652 ], [ -57.120989, -29.764963 ], [ -57.093209, -29.742788 ], [ -57.045635, -29.701538 ], [ -56.986115, -29.623719 ], [ -56.968391, -29.600514 ], [ -56.933361, -29.568764 ], [ -56.902994, -29.534526 ], [ -56.855853, -29.504898 ], [ -56.834254, -29.492873 ], [ -56.815096, -29.481375 ], [ -56.798732, -29.465131 ], [ -56.779957, -29.43971 ], [ -56.778231, -29.419253 ], [ -56.779663, -29.410193 ], [ -56.7679, -29.377291 ], [ -56.754189, -29.370705 ], [ -56.718216, -29.368562 ], [ -56.705088, -29.360937 ], [ -56.654513, -29.277476 ], [ -56.647358, -29.258924 ], [ -56.652811, -29.226133 ], [ -56.636482, -29.191671 ], [ -56.604313, -29.154629 ], [ -56.590033, -29.11994 ], [ -56.575166, -29.113304 ], [ -56.542332, -29.114147 ], [ -56.512331, -29.091361 ], [ -56.500103, -29.087056 ], [ -56.42954, -29.079178 ], [ -56.418023, -29.075077 ], [ -56.407293, -29.039023 ], [ -56.397319, -29.020792 ], [ -56.415007, -28.999228 ], [ -56.409526, -28.975493 ], [ -56.394227, -28.958155 ], [ -56.380315, -28.949689 ], [ -56.337226, -28.937054 ], [ -56.324026, -28.923544 ], [ -56.312604, -28.930524 ], [ -56.313685, -28.935156 ], [ -56.306437, -28.925727 ], [ -56.305132, -28.933063 ], [ -56.3005, -28.933733 ], [ -56.29607, -28.929156 ], [ -56.290035, -28.932134 ], [ -56.287587, -28.938552 ], [ -56.284415, -28.935213 ], [ -56.280955, -28.942466 ], [ -56.272064, -28.936847 ], [ -56.270495, -28.931781 ], [ -56.26351, -28.941797 ], [ -56.257445, -28.94429 ], [ -56.254235, -28.9364 ], [ -56.247748, -28.939409 ], [ -56.247194, -28.934626 ], [ -56.231249, -28.937047 ], [ -56.224167, -28.933345 ], [ -56.221423, -28.925575 ], [ -56.215508, -28.930024 ], [ -56.20931, -28.926732 ], [ -56.21117, -28.919532 ], [ -56.207464, -28.923189 ], [ -56.207506, -28.912963 ], [ -56.2034, -28.913204 ], [ -56.206555, -28.90936 ], [ -56.197527, -28.907918 ], [ -56.200633, -28.905251 ], [ -56.196465, -28.904798 ], [ -56.198885, -28.900619 ], [ -56.196107, -28.897777 ], [ -56.189986, -28.90139 ], [ -56.178159, -28.900517 ], [ -56.174606, -28.895811 ], [ -56.178747, -28.885656 ], [ -56.172208, -28.88348 ], [ -56.172076, -28.874668 ], [ -56.164999, -28.870235 ], [ -56.168623, -28.866753 ], [ -56.16352, -28.865603 ], [ -56.164184, -28.862482 ], [ -56.154311, -28.863718 ], [ -56.152765, -28.860695 ], [ -56.149276, -28.866507 ], [ -56.145867, -28.86116 ], [ -56.14532, -28.86427 ], [ -56.141438, -28.863412 ], [ -56.137305, -28.857147 ], [ -56.131593, -28.865871 ], [ -56.121828, -28.854687 ], [ -56.119423, -28.858819 ], [ -56.109974, -28.856602 ], [ -56.112732, -28.85214 ], [ -56.107013, -28.84766 ], [ -56.093195, -28.853541 ], [ -56.095731, -28.857382 ], [ -56.088832, -28.853128 ], [ -56.085734, -28.856716 ], [ -56.081031, -28.856206 ], [ -56.075332, -28.857133 ], [ -56.078348, -28.861281 ], [ -56.074858, -28.861833 ], [ -56.075348, -28.868394 ], [ -56.069692, -28.872202 ], [ -56.06651, -28.881792 ], [ -56.058671, -28.885482 ], [ -56.054056, -28.892279 ], [ -56.056587, -28.900035 ], [ -56.059635, -28.8987 ], [ -56.064744, -28.906961 ], [ -56.064575, -28.912827 ], [ -56.043834, -28.919085 ], [ -56.020945, -28.916485 ], [ -55.994684, -28.943943 ], [ -55.955611, -28.939903 ], [ -55.952852, -28.94427 ], [ -55.933864, -28.944811 ], [ -55.928296, -28.949388 ], [ -55.913593, -28.948119 ], [ -55.897927, -28.951314 ], [ -55.8913, -28.957406 ], [ -55.876367, -28.960557 ], [ -55.875358, -28.964831 ], [ -55.868193, -28.966184 ], [ -55.859593, -28.968718 ], [ -55.850311, -28.964458 ], [ -55.838968, -28.971242 ], [ -55.839452, -28.975392 ], [ -55.827793, -28.97872 ], [ -55.81727, -28.99226 ], [ -55.802242, -28.993367 ], [ -55.799239, -28.993822 ], [ -55.793584, -28.985333 ], [ -55.784169, -28.983298 ], [ -55.772624, -28.979846 ], [ -55.766058, -28.985257 ], [ -55.743761, -28.985579 ], [ -55.725669, -28.981813 ], [ -55.717896, -28.998013 ], [ -55.695199, -29.001775 ], [ -55.685266, -29.011132 ], [ -55.681476, -29.01579 ], [ -55.669538, -29.019498 ], [ -55.660772, -29.011204 ], [ -55.644613, -29.0143 ], [ -55.622651, -29.007731 ], [ -55.59935, -29.013783 ], [ -55.593325, -29.009855 ], [ -55.581609, -29.019789 ], [ -55.57489, -29.013998 ], [ -55.574304, -29.004653 ], [ -55.558214, -29.00271 ], [ -55.545353, -29.005721 ], [ -55.537828, -29.001431 ], [ -55.523071, -29.004633 ], [ -55.504058, -29.000187 ], [ -55.500737, -29.003476 ], [ -55.497869, -29.035438 ], [ -55.492313, -29.052678 ], [ -55.482257, -29.058303 ], [ -55.464723, -29.081747 ], [ -55.44095, -29.064792 ], [ -55.423676, -29.057756 ], [ -55.412, -29.047015 ], [ -55.399508, -29.018612 ], [ -55.399321, -29.009321 ], [ -55.392637, -28.999898 ], [ -55.374148, -28.988719 ], [ -55.373716, -28.985134 ], [ -55.385092, -28.975536 ], [ -55.372672, -28.971386 ], [ -55.343119, -28.985543 ], [ -55.317807, -28.991987 ], [ -55.292442, -28.991029 ], [ -55.279016, -29.007756 ], [ -55.280939, -29.023672 ], [ -55.27793, -29.030189 ], [ -55.261331, -29.047718 ], [ -55.245473, -29.05562 ], [ -55.270515, -29.054823 ], [ -55.272682, -29.075464 ], [ -55.272724, -29.075582 ], [ -55.273494, -29.089076 ], [ -55.284944, -29.104335 ], [ -55.269013, -29.120976 ], [ -55.267835, -29.142068 ], [ -55.276126, -29.152852 ], [ -55.27587, -29.165298 ], [ -55.282574, -29.174435 ], [ -55.27997, -29.184022 ], [ -55.284366, -29.18401 ], [ -55.290399, -29.192507 ], [ -55.296899, -29.19398 ], [ -55.29959, -29.202069 ], [ -55.312026, -29.204303 ], [ -55.310811, -29.207857 ], [ -55.316349, -29.20779 ], [ -55.313578, -29.210594 ], [ -55.31583, -29.215185 ], [ -55.326758, -29.219055 ], [ -55.326891, -29.2164 ], [ -55.33597, -29.222948 ], [ -55.344309, -29.220686 ], [ -55.343224, -29.207251 ], [ -55.361317, -29.206333 ], [ -55.368319, -29.21894 ], [ -55.366495, -29.230453 ], [ -55.37396, -29.23655 ], [ -55.386959, -29.229394 ], [ -55.387839, -29.222816 ], [ -55.393024, -29.224707 ], [ -55.390223, -29.229703 ], [ -55.39337, -29.236154 ], [ -55.401326, -29.233713 ], [ -55.401643, -29.216959 ], [ -55.392632, -29.20705 ], [ -55.397966, -29.203812 ], [ -55.403073, -29.211046 ], [ -55.411816, -29.209844 ], [ -55.423063, -29.213435 ], [ -55.426485, -29.208145 ], [ -55.433153, -29.212962 ], [ -55.442125, -29.211953 ], [ -55.450413, -29.205504 ], [ -55.458567, -29.214665 ], [ -55.442748, -29.227065 ], [ -55.439199, -29.226036 ], [ -55.431874, -29.255971 ], [ -55.420076, -29.270031 ], [ -55.420173, -29.288539 ], [ -55.414816, -29.307846 ], [ -55.415911, -29.321275 ], [ -55.433873, -29.316238 ], [ -55.447729, -29.319591 ], [ -55.458617, -29.324779 ], [ -55.45728, -29.339631 ], [ -55.46288, -29.347547 ], [ -55.462026, -29.35205 ], [ -55.482126, -29.367931 ], [ -55.481956, -29.37891 ], [ -55.46108, -29.376866 ], [ -55.445533, -29.3696 ], [ -55.44344, -29.372778 ], [ -55.439515, -29.365036 ], [ -55.429601, -29.361647 ], [ -55.426934, -29.367538 ], [ -55.428928, -29.380766 ], [ -55.438625, -29.395575 ], [ -55.43113, -29.401179 ], [ -55.407081, -29.403588 ], [ -55.406074, -29.417022 ], [ -55.403089, -29.416447 ], [ -55.401801, -29.423576 ], [ -55.39097, -29.431507 ], [ -55.396698, -29.438082 ], [ -55.386086, -29.442215 ], [ -55.378026, -29.440292 ], [ -55.380509, -29.448521 ], [ -55.373056, -29.450268 ], [ -55.369918, -29.447268 ], [ -55.365035, -29.449793 ], [ -55.357459, -29.444955 ], [ -55.362272, -29.451217 ], [ -55.357748, -29.45808 ], [ -55.3556, -29.460709 ], [ -55.359023, -29.46125 ], [ -55.365986, -29.457358 ], [ -55.367311, -29.463952 ], [ -55.361116, -29.4686 ], [ -55.364144, -29.472363 ], [ -55.357306, -29.479646 ], [ -55.351824, -29.477354 ], [ -55.347633, -29.481616 ], [ -55.348822, -29.476853 ], [ -55.342941, -29.47529 ], [ -55.347274, -29.471967 ], [ -55.337893, -29.4766 ], [ -55.346906, -29.492608 ], [ -55.329301, -29.51712 ], [ -55.330181, -29.531668 ], [ -55.34749, -29.532402 ], [ -55.351331, -29.537391 ], [ -55.345269, -29.541469 ], [ -55.346378, -29.544519 ], [ -55.366578, -29.55664 ], [ -55.368594, -29.571653 ], [ -55.372921, -29.573138 ], [ -55.373549, -29.591804 ], [ -55.377578, -29.614391 ], [ -55.362771, -29.614132 ], [ -55.33787, -29.636295 ], [ -55.325717, -29.641734 ], [ -55.308517, -29.630761 ], [ -55.292339, -29.630136 ], [ -55.279685, -29.617341 ], [ -55.242914, -29.619831 ], [ -55.235025, -29.633644 ], [ -55.223408, -29.630948 ], [ -55.211966, -29.635679 ], [ -55.212301, -29.650605 ], [ -55.195341, -29.665435 ], [ -55.193633, -29.685091 ], [ -55.194234, -29.693664 ], [ -55.191106, -29.696263 ], [ -55.142137, -29.695133 ], [ -55.12511, -29.700444 ], [ -55.128588, -29.720627 ], [ -55.126184, -29.75132 ], [ -55.132895, -29.756095 ], [ -55.134329, -29.762641 ], [ -55.120256, -29.768022 ], [ -55.123682, -29.769593 ], [ -55.123906, -29.775495 ], [ -55.114129, -29.778168 ], [ -55.115455, -29.786645 ], [ -55.111389, -29.792719 ], [ -55.113982, -29.798311 ], [ -55.110926, -29.799936 ], [ -55.118795, -29.807466 ], [ -55.123944, -29.820162 ], [ -55.140957, -29.821698 ], [ -55.148766, -29.826649 ], [ -55.145654, -29.839411 ], [ -55.138044, -29.847622 ], [ -55.140031, -29.851754 ], [ -55.151365, -29.855044 ], [ -55.147624, -29.868354 ], [ -55.151301, -29.874802 ], [ -55.162695, -29.873829 ], [ -55.170875, -29.879927 ], [ -55.177893, -29.897994 ], [ -55.193036, -29.913826 ], [ -55.211295, -29.922041 ], [ -55.221474, -29.919275 ], [ -55.228624, -29.92764 ], [ -55.232742, -29.948077 ], [ -55.243829, -29.971654 ], [ -55.244088, -29.986806 ], [ -55.259619, -30.00245 ], [ -55.258332, -30.012347 ], [ -55.266831, -30.015932 ], [ -55.269203, -30.036702 ], [ -55.268824, -30.038609 ], [ -55.277429, -30.040988 ], [ -55.280652, -30.051682 ], [ -55.292997, -30.061862 ], [ -55.31256, -30.080459 ], [ -55.308056, -30.08773 ], [ -55.295365, -30.088371 ], [ -55.288881, -30.102876 ], [ -55.279348, -30.084755 ], [ -55.273071, -30.080376 ], [ -55.258901, -30.0836 ], [ -55.25107, -30.078792 ], [ -55.241385, -30.080996 ], [ -55.222437, -30.07473 ], [ -55.211297, -30.084424 ], [ -55.204888, -30.083569 ], [ -55.187478, -30.07849 ], [ -55.183479, -30.069376 ], [ -55.186859, -30.065704 ], [ -55.176733, -30.043958 ], [ -55.163682, -30.042407 ], [ -55.156706, -30.049517 ], [ -55.150167, -30.047346 ], [ -55.142037, -30.053628 ], [ -55.135978, -30.041557 ], [ -55.129202, -30.040459 ], [ -55.117925, -30.045635 ], [ -55.110031, -30.043629 ], [ -55.095732, -30.032141 ], [ -55.093808, -30.040067 ], [ -55.099971, -30.045763 ], [ -55.100271, -30.051721 ], [ -55.087732, -30.070387 ], [ -55.080068, -30.10272 ], [ -55.070514, -30.112429 ], [ -55.076214, -30.12297 ], [ -55.070198, -30.128915 ], [ -55.067462, -30.140694 ], [ -55.059573, -30.143508 ], [ -55.04711, -30.136471 ], [ -55.006226, -30.127859 ], [ -54.995459, -30.10622 ], [ -54.989161, -30.103545 ], [ -54.9814, -30.092855 ], [ -54.972381, -30.086438 ], [ -54.960258, -30.088826 ], [ -54.950503, -30.083683 ], [ -54.947894, -30.076408 ], [ -54.931273, -30.062315 ], [ -54.914874, -30.073071 ], [ -54.908679, -30.078005 ], [ -54.898808, -30.07864 ], [ -54.895097, -30.092126 ], [ -54.884702, -30.097906 ], [ -54.874372, -30.093581 ], [ -54.822571, -30.104734 ], [ -54.822434, -30.104785 ], [ -54.815972, -30.107223 ], [ -54.811545, -30.105266 ], [ -54.79983, -30.096479 ], [ -54.789741, -30.0937 ], [ -54.776616, -30.082436 ], [ -54.775042, -30.059284 ], [ -54.75825, -30.038973 ], [ -54.751688, -30.016923 ], [ -54.744377, -30.023011 ], [ -54.733436, -30.021302 ], [ -54.730103, -30.028349 ], [ -54.718584, -30.031816 ], [ -54.711498, -30.031329 ], [ -54.707774, -30.024392 ], [ -54.701655, -30.028975 ], [ -54.694417, -30.029711 ], [ -54.691357, -30.035668 ], [ -54.686061, -30.037261 ], [ -54.678189, -30.030944 ], [ -54.666002, -30.034064 ], [ -54.658828, -30.032187 ], [ -54.651579, -30.024591 ], [ -54.638926, -30.024696 ], [ -54.641255, -30.014496 ], [ -54.629191, -30.004068 ], [ -54.63105, -29.994325 ], [ -54.625318, -29.991314 ], [ -54.617648, -29.992725 ], [ -54.615456, -29.988596 ], [ -54.609094, -29.982066 ], [ -54.60106, -29.979704 ], [ -54.601543, -29.97522 ], [ -54.591235, -29.976948 ], [ -54.587149, -29.973471 ], [ -54.5856, -29.9631 ], [ -54.561491, -29.956315 ], [ -54.556046, -29.960673 ], [ -54.551914, -29.955609 ], [ -54.546643, -29.956695 ], [ -54.546381, -29.952469 ], [ -54.530758, -29.949365 ], [ -54.518934, -29.9424 ], [ -54.510663, -29.942765 ], [ -54.499476, -29.933017 ], [ -54.476819, -29.940785 ], [ -54.467671, -29.959002 ], [ -54.467557, -29.959008 ], [ -54.451537, -29.959781 ], [ -54.439582, -29.954011 ], [ -54.405148, -29.94853 ], [ -54.399702, -29.939116 ], [ -54.387727, -29.940593 ], [ -54.364985, -29.933685 ], [ -54.349638, -29.935924 ], [ -54.340722, -29.927524 ], [ -54.327743, -29.927635 ], [ -54.326968, -29.927404 ], [ -54.310905, -29.926254 ], [ -54.29882, -29.933646 ], [ -54.285506, -29.931833 ], [ -54.278449, -29.922396 ], [ -54.271677, -29.920929 ], [ -54.256488, -29.907276 ], [ -54.247293, -29.893086 ], [ -54.237875, -29.896703 ], [ -54.235934, -29.903133 ], [ -54.228178, -29.904812 ], [ -54.220977, -29.914344 ], [ -54.20917, -29.914986 ], [ -54.192735, -29.926555 ], [ -54.18291, -29.928064 ], [ -54.155508, -29.929378 ], [ -54.13655, -29.921146 ], [ -54.123826, -29.920106 ], [ -54.104431, -29.926157 ], [ -54.070019, -29.908439 ], [ -54.067083, -29.911532 ], [ -54.051214, -29.911646 ], [ -54.039311, -29.917535 ], [ -54.028342, -29.938528 ], [ -54.028572, -29.949383 ], [ -54.033197, -29.953252 ], [ -54.024289, -29.964855 ], [ -54.017039, -29.96491 ], [ -54.007925, -29.97105 ], [ -54.00993, -29.973489 ], [ -54.004486, -29.983545 ], [ -53.992763, -29.98677 ], [ -53.973045, -29.984882 ], [ -53.968703, -29.988486 ], [ -53.950942, -29.990503 ], [ -53.940566, -29.985456 ], [ -53.926506, -29.987603 ], [ -53.925981, -29.987498 ], [ -53.9073, -29.982388 ], [ -53.89857, -29.987725 ], [ -53.890144, -29.982944 ], [ -53.869172, -29.993666 ], [ -53.873306, -29.998082 ], [ -53.872677, -30.009127 ], [ -53.877134, -30.016006 ], [ -53.883511, -30.018494 ], [ -53.889298, -30.033511 ], [ -53.909388, -30.046445 ], [ -53.905865, -30.066376 ], [ -53.910574, -30.067905 ], [ -53.914866, -30.081811 ], [ -53.914962, -30.082122 ], [ -53.918994, -30.089238 ], [ -53.926413, -30.08923 ], [ -53.933303, -30.102458 ], [ -53.943334, -30.102694 ], [ -53.941027, -30.111674 ], [ -53.946798, -30.115725 ], [ -53.945542, -30.118966 ], [ -53.958009, -30.121729 ], [ -53.95144, -30.126473 ], [ -53.952755, -30.139418 ], [ -53.958152, -30.142485 ], [ -53.956675, -30.148102 ], [ -53.962408, -30.16144 ], [ -53.975157, -30.169776 ], [ -53.971452, -30.180759 ], [ -53.973127, -30.18787 ], [ -53.96669, -30.186527 ], [ -53.96807, -30.194494 ], [ -53.954104, -30.207015 ], [ -53.962256, -30.219477 ], [ -53.975392, -30.219249 ], [ -53.987259, -30.225143 ], [ -53.985204, -30.231247 ], [ -53.98933, -30.247138 ], [ -53.994315, -30.249651 ], [ -54.007636, -30.246382 ], [ -54.007157, -30.253322 ], [ -54.012075, -30.260067 ], [ -54.017712, -30.257703 ], [ -54.024012, -30.263839 ], [ -54.009239, -30.283914 ], [ -54.006808, -30.282409 ], [ -54.006544, -30.292416 ], [ -54.001734, -30.296341 ], [ -53.992315, -30.29714 ], [ -53.992094, -30.297126 ], [ -53.986916, -30.296727 ], [ -53.986767, -30.299805 ], [ -53.992328, -30.307438 ], [ -53.981508, -30.312548 ], [ -53.976865, -30.326692 ], [ -53.963804, -30.338271 ], [ -53.97225, -30.347615 ], [ -53.971125, -30.358698 ], [ -53.95815, -30.362799 ], [ -53.960663, -30.366657 ], [ -53.951277, -30.371447 ], [ -53.950567, -30.378786 ], [ -53.938673, -30.393709 ], [ -53.94112, -30.395353 ], [ -53.937845, -30.40316 ], [ -53.941395, -30.409474 ], [ -53.937304, -30.416223 ], [ -53.939893, -30.423887 ], [ -53.968159, -30.443563 ], [ -53.9739, -30.443372 ], [ -53.960038, -30.454256 ], [ -53.960262, -30.481259 ], [ -53.945082, -30.488654 ], [ -53.917796, -30.492454 ], [ -53.900744, -30.489422 ], [ -53.895459, -30.495315 ], [ -53.886734, -30.496699 ], [ -53.8817, -30.505644 ], [ -53.881556, -30.515836 ], [ -53.890415, -30.520256 ], [ -53.903915, -30.53774 ], [ -53.920081, -30.547447 ], [ -53.933898, -30.573916 ], [ -53.939391, -30.575655 ], [ -53.952599, -30.591259 ], [ -53.963249, -30.590459 ], [ -53.974643, -30.609188 ], [ -53.986054, -30.615773 ], [ -53.977777, -30.629767 ], [ -53.980733, -30.638932 ], [ -54.004514, -30.649857 ], [ -54.013478, -30.665796 ], [ -54.017617, -30.692976 ], [ -54.027171, -30.69203 ], [ -54.038619, -30.699308 ], [ -54.057954, -30.686434 ], [ -54.085891, -30.700328 ], [ -54.091379, -30.698733 ], [ -54.125588, -30.704712 ], [ -54.136055, -30.710159 ], [ -54.144844, -30.734456 ], [ -54.137856, -30.751818 ], [ -54.141994, -30.761393 ], [ -54.1497, -30.766088 ], [ -54.156787, -30.777383 ], [ -54.170931, -30.772597 ], [ -54.183001, -30.761624 ], [ -54.213298, -30.757421 ], [ -54.215449, -30.750533 ], [ -54.231898, -30.742632 ], [ -54.247196, -30.749458 ], [ -54.259612, -30.745737 ], [ -54.263791, -30.737578 ], [ -54.278325, -30.729663 ], [ -54.28635, -30.730339 ], [ -54.293441, -30.726741 ], [ -54.309529, -30.730294 ], [ -54.321474, -30.718248 ], [ -54.322713, -30.727743 ], [ -54.32951, -30.73469 ], [ -54.342074, -30.736986 ], [ -54.351725, -30.730487 ], [ -54.352748, -30.72239 ], [ -54.349144, -30.718649 ], [ -54.354, -30.711902 ], [ -54.354336, -30.711104 ], [ -54.35608, -30.702573 ], [ -54.360157, -30.702411 ], [ -54.363496, -30.697073 ], [ -54.361991, -30.693528 ], [ -54.373982, -30.681531 ], [ -54.3734, -30.676485 ], [ -54.384356, -30.671831 ], [ -54.389718, -30.673674 ], [ -54.40495, -30.662938 ], [ -54.409473, -30.644553 ], [ -54.437772, -30.622667 ], [ -54.447945, -30.626314 ], [ -54.45305, -30.626026 ], [ -54.456687, -30.619988 ], [ -54.465311, -30.623434 ], [ -54.474361, -30.621898 ], [ -54.483635, -30.623138 ], [ -54.482976, -30.626402 ], [ -54.488114, -30.629106 ], [ -54.503468, -30.630863 ], [ -54.520861, -30.620742 ], [ -54.52607, -30.613598 ], [ -54.547163, -30.621019 ], [ -54.552647, -30.614704 ], [ -54.560651, -30.61341 ], [ -54.564053, -30.616673 ], [ -54.580036, -30.61131 ], [ -54.583219, -30.615514 ], [ -54.586052, -30.613317 ], [ -54.607581, -30.622689 ], [ -54.6191, -30.616953 ], [ -54.675237, -30.604603 ], [ -54.676188, -30.611143 ], [ -54.683316, -30.613352 ], [ -54.680832, -30.628187 ], [ -54.689135, -30.628164 ], [ -54.685629, -30.619134 ], [ -54.689834, -30.615771 ], [ -54.694049, -30.620723 ], [ -54.693088, -30.61142 ], [ -54.697299, -30.610139 ], [ -54.694929, -30.608137 ], [ -54.700635, -30.602352 ], [ -54.699411, -30.596141 ], [ -54.71853, -30.596355 ], [ -54.718465, -30.599062 ], [ -54.723769, -30.59914 ], [ -54.722758, -30.616516 ], [ -54.732063, -30.628677 ], [ -54.74866, -30.638459 ], [ -54.754722, -30.651089 ], [ -54.765087, -30.654932 ], [ -54.772439, -30.663104 ], [ -54.77087, -30.671781 ], [ -54.778354, -30.682387 ], [ -54.778709, -30.695942 ], [ -54.798913, -30.700571 ], [ -54.807134, -30.709778 ], [ -54.807202, -30.709865 ], [ -54.835977, -30.731318 ], [ -54.847276, -30.735144 ], [ -54.861238, -30.729814 ], [ -54.883194, -30.729146 ], [ -54.917663, -30.718513 ], [ -54.941817, -30.723955 ], [ -54.945027, -30.728606 ], [ -54.954696, -30.725019 ], [ -54.972915, -30.733434 ], [ -55.01079, -30.723752 ], [ -55.0148, -30.731282 ], [ -55.013068, -30.735401 ], [ -55.01898, -30.736051 ], [ -55.01838, -30.743135 ], [ -55.030581, -30.760927 ], [ -55.024386, -30.768767 ], [ -55.02377, -30.777673 ], [ -55.027474, -30.77718 ], [ -55.027612, -30.781853 ], [ -55.032889, -30.783259 ], [ -55.039371, -30.793032 ], [ -55.037627, -30.802079 ], [ -55.032495, -30.803462 ], [ -55.036306, -30.809477 ], [ -55.030886, -30.826167 ], [ -55.034427, -30.841447 ], [ -55.034319, -30.841671 ], [ -55.032646, -30.845088 ], [ -55.036304, -30.84541 ], [ -55.027973, -30.854848 ], [ -55.031365, -30.85964 ], [ -55.045763, -30.883597 ], [ -55.061751, -30.889069 ], [ -55.064396, -30.895782 ], [ -55.077544, -30.894028 ], [ -55.08035, -30.90232 ], [ -55.084734, -30.901806 ], [ -55.088965, -30.906164 ], [ -55.097217, -30.905254 ], [ -55.106497, -30.911998 ], [ -55.104936, -30.920279 ], [ -55.110164, -30.931938 ], [ -55.126928, -30.940678 ], [ -55.131736, -30.957095 ], [ -55.139498, -30.962702 ], [ -55.146116, -30.979965 ], [ -55.14493, -30.984613 ], [ -55.131258, -30.991275 ], [ -55.12676, -31.00203 ], [ -55.1145, -31.011857 ], [ -55.111764, -31.028433 ], [ -55.107654, -31.03164 ], [ -55.109364, -31.041062 ], [ -55.104159, -31.052798 ], [ -55.101641, -31.080153 ], [ -55.09033, -31.098119 ], [ -55.093186, -31.108083 ], [ -55.094322, -31.118854 ], [ -55.067167, -31.158844 ], [ -55.080351, -31.205482 ], [ -55.078095, -31.212384 ], [ -55.078037, -31.212482 ], [ -55.034852, -31.28399 ], [ -55.03175, -31.289443 ], [ -55.042292, -31.308349 ], [ -55.046772, -31.307214 ], [ -55.052031, -31.313808 ], [ -55.059078, -31.315391 ], [ -55.056594, -31.322153 ], [ -55.060811, -31.324659 ], [ -55.056365, -31.331899 ], [ -55.073456, -31.33218 ], [ -55.080108, -31.324525 ], [ -55.101748, -31.314967 ], [ -55.10801, -31.307611 ], [ -55.121088, -31.312734 ], [ -55.124865, -31.302439 ], [ -55.135545, -31.301333 ], [ -55.151302, -31.293085 ], [ -55.155661, -31.285298 ], [ -55.162469, -31.285597 ], [ -55.165181, -31.280995 ], [ -55.161936, -31.279109 ], [ -55.166441, -31.273697 ], [ -55.168339, -31.269331 ], [ -55.178972, -31.270393 ], [ -55.182719, -31.265213 ], [ -55.23426, -31.258276 ], [ -55.239103, -31.260547 ], [ -55.239319, -31.253586 ], [ -55.2456, -31.252196 ], [ -55.247581, -31.248092 ], [ -55.246884, -31.216092 ], [ -55.252976, -31.211166 ], [ -55.249064, -31.205922 ], [ -55.261923, -31.194574 ], [ -55.281818, -31.193919 ], [ -55.284797, -31.185451 ], [ -55.269962, -31.176843 ], [ -55.273701, -31.170086 ], [ -55.28992, -31.163652 ], [ -55.289367, -31.159257 ], [ -55.284061, -31.156496 ], [ -55.28972, -31.150186 ], [ -55.289953, -31.143717 ], [ -55.30446, -31.141055 ], [ -55.310889, -31.147359 ], [ -55.317881, -31.145029 ], [ -55.320197, -31.135819 ], [ -55.325472, -31.137974 ], [ -55.333617, -31.132818 ], [ -55.337708, -31.133637 ], [ -55.336395, -31.119879 ], [ -55.329092, -31.116607 ], [ -55.32793, -31.110395 ], [ -55.331815, -31.105839 ], [ -55.332797, -31.099021 ], [ -55.326784, -31.088129 ], [ -55.33826, -31.085078 ], [ -55.348868, -31.067849 ], [ -55.351488, -31.070315 ], [ -55.358881, -31.067613 ], [ -55.352098, -31.057053 ], [ -55.349311, -31.040121 ], [ -55.350752, -31.03757 ], [ -55.358862, -31.040199 ], [ -55.368554, -31.034387 ], [ -55.373182, -31.019158 ], [ -55.379405, -31.023591 ], [ -55.384894, -31.020929 ], [ -55.399405, -31.028587 ], [ -55.404294, -31.027221 ], [ -55.406117, -31.018777 ], [ -55.41445, -31.014336 ], [ -55.423955, -31.016515 ], [ -55.424253, -31.011739 ], [ -55.436412, -31.004616 ], [ -55.435169, -30.992122 ], [ -55.430823, -30.9926 ], [ -55.428231, -30.986672 ], [ -55.423735, -30.985585 ], [ -55.427128, -30.980896 ], [ -55.431994, -30.972797 ], [ -55.437302, -30.972495 ], [ -55.440357, -30.959792 ], [ -55.451348, -30.96022 ], [ -55.456211, -30.951224 ], [ -55.462585, -30.950038 ], [ -55.46796, -30.954527 ], [ -55.477335, -30.953751 ], [ -55.485684, -30.947604 ], [ -55.488829, -30.939841 ], [ -55.487672, -30.925294 ], [ -55.498683, -30.926955 ], [ -55.50345, -30.924634 ], [ -55.509312, -30.901882 ], [ -55.524285, -30.898207 ], [ -55.531701, -30.902453 ], [ -55.532824, -30.897313 ], [ -55.544949, -30.890621 ], [ -55.550867, -30.882721 ], [ -55.553181, -30.87348 ], [ -55.562604, -30.868852 ], [ -55.561645, -30.85491 ], [ -55.565593, -30.847799 ], [ -55.57635, -30.843171 ], [ -55.577595, -30.832915 ], [ -55.583438, -30.835961 ], [ -55.585612, -30.841372 ], [ -55.603033, -30.85031 ], [ -55.609461, -30.848856 ], [ -55.611809, -30.843852 ], [ -55.620042, -30.842464 ], [ -55.627463, -30.848932 ], [ -55.636605, -30.847314 ], [ -55.645332, -30.855505 ], [ -55.643768, -30.858866 ], [ -55.649317, -30.865759 ], [ -55.657124, -30.863634 ], [ -55.662255, -30.872864 ], [ -55.651962, -30.883284 ], [ -55.65486, -30.884801 ], [ -55.653075, -30.8966 ], [ -55.641432, -30.911673 ], [ -55.647664, -30.923143 ], [ -55.655125, -30.924308 ], [ -55.662453, -30.932836 ], [ -55.657675, -30.943519 ], [ -55.660863, -30.948405 ], [ -55.663633, -30.946732 ], [ -55.66536, -30.953916 ], [ -55.675685, -30.9559 ], [ -55.687784, -30.95247 ], [ -55.688067, -30.944854 ], [ -55.694174, -30.943408 ], [ -55.703216, -30.955188 ], [ -55.709051, -30.954645 ], [ -55.715495, -30.943065 ], [ -55.723306, -30.942803 ], [ -55.720404, -30.945584 ], [ -55.723849, -30.951273 ], [ -55.723596, -30.965957 ], [ -55.730625, -30.974009 ], [ -55.72748, -30.979313 ], [ -55.745709, -30.979405 ], [ -55.74482, -30.985071 ], [ -55.753083, -30.99821 ], [ -55.772814, -30.997052 ], [ -55.773861, -31.000141 ], [ -55.767138, -31.002961 ], [ -55.765511, -31.009658 ], [ -55.775967, -31.01539 ], [ -55.805191, -31.016392 ], [ -55.812722, -31.015427 ], [ -55.811289, -31.021527 ], [ -55.821237, -31.03267 ], [ -55.828817, -31.043736 ], [ -55.846918, -31.042006 ], [ -55.854526, -31.044881 ], [ -55.870158, -31.071497 ], [ -55.877182, -31.072339 ], [ -55.881602, -31.076964 ], [ -55.890088, -31.07693 ], [ -55.898084, -31.066278 ], [ -55.909702, -31.074882 ], [ -55.91801, -31.073546 ], [ -55.924893, -31.076506 ], [ -55.932402, -31.086805 ], [ -55.957864, -31.07695 ], [ -55.977377, -31.073389 ], [ -55.985997, -31.076987 ], [ -55.991914, -31.084619 ], [ -55.992139, -31.084572 ], [ -55.99783, -31.083402 ], [ -56.009558, -31.080987 ], [ -56.008776, -31.070564 ], [ -56.018422, -31.048007 ], [ -56.015778, -31.000649 ], [ -56.006588, -30.983545 ], [ -56.009999, -30.97809 ], [ -56.005549, -30.973237 ], [ -56.009644, -30.97 ], [ -56.012433, -30.954376 ], [ -56.009218, -30.948194 ], [ -56.014558, -30.944821 ], [ -56.004967, -30.921828 ], [ -56.009366, -30.914042 ], [ -56.007916, -30.895191 ], [ -55.98982, -30.866467 ], [ -55.989341, -30.858698 ], [ -55.993353, -30.847095 ], [ -56.003407, -30.84029 ], [ -56.008521, -30.821529 ], [ -56.016215, -30.818812 ], [ -56.015626, -30.811891 ], [ -56.011292, -30.809142 ], [ -56.023949, -30.800123 ], [ -56.020957, -30.792858 ], [ -56.022876, -30.786418 ], [ -56.033867, -30.78519 ], [ -56.038395, -30.776328 ], [ -56.044308, -30.774582 ], [ -56.049974, -30.777334 ], [ -56.063102, -30.773128 ], [ -56.066349, -30.766699 ], [ -56.064052, -30.752763 ], [ -56.069329, -30.747152 ], [ -56.07449, -30.745899 ], [ -56.088362, -30.757458 ], [ -56.094773, -30.754082 ], [ -56.107751, -30.732974 ], [ -56.111582, -30.732957 ], [ -56.124581, -30.739477 ], [ -56.128837, -30.73771 ], [ -56.132336, -30.731323 ], [ -56.128177, -30.720812 ], [ -56.130355, -30.716926 ], [ -56.136833, -30.710486 ], [ -56.149992, -30.705815 ], [ -56.149089, -30.693344 ], [ -56.137743, -30.685299 ], [ -56.141731, -30.680314 ], [ -56.151981, -30.68045 ], [ -56.166533, -30.66435 ], [ -56.169918, -30.653504 ], [ -56.165743, -30.640318 ], [ -56.180212, -30.632848 ], [ -56.182888, -30.625991 ], [ -56.16985, -30.615085 ], [ -56.191223, -30.604362 ], [ -56.219076, -30.607935 ], [ -56.224083, -30.598275 ], [ -56.234512, -30.591728 ], [ -56.234791, -30.587743 ], [ -56.223607, -30.585441 ], [ -56.22538, -30.578595 ], [ -56.237546, -30.5739 ], [ -56.246493, -30.574733 ], [ -56.255696, -30.588347 ], [ -56.259715, -30.586129 ], [ -56.262277, -30.582614 ], [ -56.261242, -30.570583 ], [ -56.256449, -30.567452 ], [ -56.258446, -30.561412 ], [ -56.266463, -30.555113 ], [ -56.276528, -30.562144 ], [ -56.280621, -30.561558 ], [ -56.278605, -30.554001 ], [ -56.288869, -30.540378 ], [ -56.289169, -30.531832 ], [ -56.286334, -30.528434 ] ] ] } },
{ "type": "Feature", "properties": { "HREG_ID": "43004", "HREG_NAME": "Região 04", "id": "430105", "name": "Arroio do Sal", "description": "Arroio do Sal", "MUN_ID": "430105", "UF": "RS", "MACRO_ID": "4313", "MACRO_NAME": "Metropolitana" }, "geometry": { "type": "Polygon", "coordinates": [ [ [ -50.063951, -29.86137 ], [ -50.081077, -29.85628 ], [ -50.09552, -29.851985 ], [ -50.097345, -29.845404 ], [ -50.099274, -29.855379 ], [ -50.103028, -29.846011 ], [ -50.099317, -29.834485 ], [ -50.11247, -29.831957 ], [ -50.109227, -29.829635 ], [ -50.111615, -29.826442 ], [ -50.105532, -29.823221 ], [ -50.110362, -29.819137 ], [ -50.107741, -29.817519 ], [ -50.113496, -29.81024 ], [ -50.107449, -29.802674 ], [ -50.107097, -29.796084 ], [ -50.112748, -29.792656 ], [ -50.110678, -29.78518 ], [ -50.114939, -29.788324 ], [ -50.112695, -29.785075 ], [ -50.115708, -29.787705 ], [ -50.115484, -29.785209 ], [ -50.124214, -29.783673 ], [ -50.144977, -29.783156 ], [ -50.144558, -29.79982 ], [ -50.136882, -29.812497 ], [ -50.14027, -29.814223 ], [ -50.153975, -29.795 ], [ -50.170086, -29.794817 ], [ -50.177958, -29.786899 ], [ -50.178238, -29.784924 ], [ -50.186329, -29.756612 ], [ -50.186082, -29.741754 ], [ -50.222597, -29.725189 ], [ -50.225023, -29.722499 ], [ -50.227035, -29.70897 ], [ -50.241288, -29.71258 ], [ -50.257483, -29.710823 ], [ -50.271763, -29.70805 ], [ -50.278745, -29.701062 ], [ -50.276393, -29.688225 ], [ -50.289909, -29.683573 ], [ -50.294924, -29.688484 ], [ -50.299816, -29.684841 ], [ -50.313561, -29.683952 ], [ -50.317523, -29.68138 ], [ -50.31317, -29.674159 ], [ -50.314318, -29.66256 ], [ -50.32059, -29.655916 ], [ -50.331853, -29.662621 ], [ -50.337333, -29.659846 ], [ -50.33954, -29.652714 ], [ -50.3473, -29.662978 ], [ -50.3497, -29.661798 ], [ -50.352816, -29.653548 ], [ -50.350981, -29.644828 ], [ -50.349259, -29.641132 ], [ -50.358829, -29.630568 ], [ -50.342129, -29.618817 ], [ -50.34501, -29.616141 ], [ -50.341002, -29.612837 ], [ -50.342289, -29.607983 ], [ -50.330275, -29.610281 ], [ -50.332732, -29.605446 ], [ -50.328653, -29.601623 ], [ -50.346194, -29.596942 ], [ -50.348022, -29.588303 ], [ -50.325489, -29.587633 ], [ -50.330361, -29.586445 ], [ -50.343332, -29.585113 ], [ -50.348755, -29.574167 ], [ -50.354846, -29.551326 ], [ -50.340933, -29.544105 ], [ -50.340746, -29.53912 ], [ -50.344886, -29.525124 ], [ -50.355768, -29.525456 ], [ -50.355633, -29.512651 ], [ -50.354711, -29.503081 ], [ -50.347808, -29.494123 ], [ -50.33524, -29.483087 ], [ -50.340135, -29.47916 ], [ -50.328759, -29.474368 ], [ -50.32791, -29.477366 ], [ -50.322883, -29.47303 ], [ -50.323078, -29.464062 ], [ -50.331862, -29.465151 ], [ -50.325209, -29.457449 ], [ -50.316644, -29.455962 ], [ -50.325458, -29.440668 ], [ -50.315895, -29.438912 ], [ -50.315555, -29.43328 ], [ -50.310587, -29.436712 ], [ -50.315302, -29.443772 ], [ -50.312205, -29.448112 ], [ -50.305796, -29.442834 ], [ -50.296626, -29.445339 ], [ -50.297462, -29.440513 ], [ -50.294283, -29.443053 ], [ -50.296099, -29.449274 ], [ -50.287219, -29.44561 ], [ -50.296389, -29.457978 ], [ -50.282738, -29.450222 ], [ -50.282939, -29.458591 ], [ -50.291907, -29.467491 ], [ -50.271149, -29.461644 ], [ -50.273571, -29.467922 ], [ -50.265531, -29.453876 ], [ -50.26435, -29.46645 ], [ -50.267942, -29.476513 ], [ -50.273317, -29.479918 ], [ -50.276733, -29.47386 ], [ -50.276918, -29.477757 ], [ -50.283282, -29.478787 ], [ -50.284536, -29.483069 ], [ -50.292155, -29.486356 ], [ -50.293065, -29.492495 ], [ -50.286784, -29.491298 ], [ -50.286159, -29.495333 ], [ -50.291507, -29.505586 ], [ -50.280569, -29.504905 ], [ -50.273651, -29.486223 ], [ -50.275783, -29.484013 ], [ -50.27212, -29.484121 ], [ -50.271654, -29.490317 ], [ -50.263227, -29.490231 ], [ -50.262638, -29.494084 ], [ -50.250173, -29.499669 ], [ -50.252631, -29.492268 ], [ -50.247198, -29.484448 ], [ -50.24458, -29.493042 ], [ -50.221566, -29.49017 ], [ -50.213657, -29.485737 ], [ -50.21582, -29.493608 ], [ -50.207283, -29.491748 ], [ -50.196638, -29.494777 ], [ -50.19894, -29.500074 ], [ -50.207609, -29.504697 ], [ -50.207959, -29.500697 ], [ -50.221984, -29.510757 ], [ -50.214297, -29.512472 ], [ -50.208434, -29.509326 ], [ -50.204118, -29.517736 ], [ -50.1957, -29.515896 ], [ -50.196647, -29.520367 ], [ -50.19119, -29.519552 ], [ -50.18429, -29.53061 ], [ -50.179368, -29.532406 ], [ -50.173544, -29.528598 ], [ -50.167865, -29.535716 ], [ -50.172144, -29.520606 ], [ -50.17934, -29.518971 ], [ -50.184335, -29.506413 ], [ -50.18782, -29.505803 ], [ -50.176471, -29.489133 ], [ -50.181713, -29.489972 ], [ -50.174156, -29.48268 ], [ -50.163952, -29.47613 ], [ -50.150231, -29.474819 ], [ -50.165692, -29.463294 ], [ -50.16723, -29.474128 ], [ -50.183637, -29.478654 ], [ -50.187454, -29.488887 ], [ -50.192982, -29.484104 ], [ -50.198662, -29.483989 ], [ -50.199155, -29.47785 ], [ -50.212764, -29.477118 ], [ -50.218395, -29.481348 ], [ -50.218529, -29.477647 ], [ -50.203134, -29.46619 ], [ -50.206375, -29.462569 ], [ -50.202414, -29.454591 ], [ -50.21079, -29.460643 ], [ -50.209294, -29.451826 ], [ -50.214919, -29.450653 ], [ -50.208459, -29.442394 ], [ -50.21684, -29.443449 ], [ -50.224257, -29.451516 ], [ -50.222961, -29.445697 ], [ -50.22779, -29.443133 ], [ -50.223614, -29.441402 ], [ -50.22615, -29.439518 ], [ -50.222861, -29.432648 ], [ -50.232036, -29.435277 ], [ -50.230267, -29.43288 ], [ -50.239642, -29.426957 ], [ -50.237976, -29.423606 ], [ -50.248902, -29.411462 ], [ -50.241322, -29.416297 ], [ -50.234738, -29.414262 ], [ -50.23651, -29.417555 ], [ -50.22246, -29.417193 ], [ -50.214378, -29.411914 ], [ -50.207923, -29.413619 ], [ -50.198895, -29.406862 ], [ -50.220811, -29.409076 ], [ -50.218355, -29.405915 ], [ -50.221873, -29.402057 ], [ -50.2145, -29.400187 ], [ -50.208995, -29.393369 ], [ -50.218515, -29.389501 ], [ -50.238945, -29.395849 ], [ -50.235427, -29.391478 ], [ -50.238111, -29.387655 ], [ -50.234243, -29.387261 ], [ -50.231267, -29.380346 ], [ -50.241756, -29.379924 ], [ -50.237524, -29.374308 ], [ -50.24527, -29.379859 ], [ -50.24749, -29.378134 ], [ -50.244481, -29.374007 ], [ -50.247528, -29.371313 ], [ -50.238166, -29.361118 ], [ -50.244956, -29.361996 ], [ -50.238751, -29.353477 ], [ -50.246377, -29.351939 ], [ -50.237826, -29.346053 ], [ -50.248795, -29.345494 ], [ -50.250364, -29.339841 ], [ -50.245686, -29.338674 ], [ -50.252484, -29.332911 ], [ -50.248439, -29.330427 ], [ -50.242288, -29.335791 ], [ -50.230937, -29.336494 ], [ -50.215965, -29.326364 ], [ -50.220459, -29.341021 ], [ -50.214766, -29.332302 ], [ -50.211457, -29.33398 ], [ -50.20603, -29.330064 ], [ -50.206681, -29.338356 ], [ -50.196618, -29.337474 ], [ -50.194876, -29.340819 ], [ -50.19069, -29.340499 ], [ -50.19285, -29.35267 ], [ -50.205478, -29.35974 ], [ -50.198085, -29.362236 ], [ -50.202911, -29.367561 ], [ -50.195851, -29.36621 ], [ -50.187585, -29.356938 ], [ -50.183006, -29.360866 ], [ -50.178752, -29.35611 ], [ -50.172293, -29.34733 ], [ -50.156708, -29.337012 ], [ -50.1367, -29.337796 ], [ -50.135045, -29.334687 ], [ -50.119029, -29.331041 ], [ -50.117227, -29.324262 ], [ -50.108902, -29.322828 ], [ -50.111819, -29.328378 ], [ -50.102351, -29.326212 ], [ -50.105822, -29.335036 ], [ -50.101788, -29.331249 ], [ -50.084469, -29.331559 ], [ -50.08976, -29.340716 ], [ -50.085677, -29.340544 ], [ -50.085898, -29.346277 ], [ -50.077675, -29.345859 ], [ -50.081553, -29.35083 ], [ -50.070472, -29.360715 ], [ -50.059627, -29.364302 ], [ -50.052345, -29.356429 ], [ -50.036782, -29.350938 ], [ -50.033301, -29.349144 ], [ -50.062725, -29.311586 ], [ -50.073373, -29.309064 ], [ -50.092413, -29.296396 ], [ -50.101542, -29.283324 ], [ -50.10799, -29.280334 ], [ -50.114174, -29.258812 ], [ -50.108002, -29.257586 ], [ -50.106365, -29.253985 ], [ -50.089439, -29.254077 ], [ -50.068735, -29.246038 ], [ -50.065309, -29.248905 ], [ -50.063661, -29.24331 ], [ -50.063655, -29.243289 ], [ -50.041738, -29.240264 ], [ -50.034247, -29.233397 ], [ -50.006737, -29.224977 ], [ -50.000053, -29.226626 ], [ -49.996359, -29.227467 ], [ -49.989713, -29.22419 ], [ -49.981006, -29.219464 ], [ -49.973023, -29.21321 ], [ -49.969663, -29.209395 ], [ -49.969242, -29.202748 ], [ -49.962007, -29.198706 ], [ -49.954294, -29.199078 ], [ -49.957726, -29.199795 ], [ -49.944955, -29.201443 ], [ -49.93497, -29.207854 ], [ -49.9133, -29.207422 ], [ -49.900861, -29.214754 ], [ -49.880297, -29.219986 ], [ -49.876365, -29.224493 ], [ -49.8687, -29.224132 ], [ -49.859746, -29.230791 ], [ -49.857592, -29.241331 ], [ -49.856959, -29.244278 ], [ -49.853806, -29.245151 ], [ -49.848463, -29.246633 ], [ -49.851619, -29.248924 ], [ -49.854374, -29.256578 ], [ -49.841599, -29.260152 ], [ -49.842563, -29.271415 ], [ -49.846713, -29.273145 ], [ -49.83828, -29.278663 ], [ -49.836367, -29.274835 ], [ -49.823959, -29.277733 ], [ -49.820853, -29.282746 ], [ -49.817123, -29.285902 ], [ -49.811426, -29.283412 ], [ -49.808894, -29.286587 ], [ -49.795199, -29.288891 ], [ -49.791314, -29.285128 ], [ -49.786136, -29.287883 ], [ -49.772651, -29.297984 ], [ -49.761852, -29.299818 ], [ -49.749702, -29.297351 ], [ -49.738267, -29.301102 ], [ -49.741872, -29.301644 ], [ -49.743344, -29.310927 ], [ -49.737762, -29.31482 ], [ -49.735765, -29.310035 ], [ -49.729761, -29.317231 ], [ -49.742969, -29.320046 ], [ -49.746098, -29.32427 ], [ -49.744306, -29.328143 ], [ -49.735868, -29.325018 ], [ -49.729223, -29.328695 ], [ -49.711208, -29.32536 ], [ -49.728216, -29.348149 ], [ -49.730993, -29.358232 ], [ -49.750924, -29.378412 ], [ -49.801914, -29.443115 ], [ -49.922591, -29.606616 ], [ -49.926587, -29.612939 ], [ -49.927654, -29.614627 ], [ -49.929126, -29.616812 ], [ -49.930115, -29.61828 ], [ -49.934135, -29.624246 ], [ -49.94235, -29.63799 ], [ -49.951548, -29.653375 ], [ -49.957788, -29.663812 ], [ -49.986567, -29.714857 ], [ -50.017499, -29.771821 ], [ -50.049096, -29.832219 ], [ -50.063951, -29.86137 ] ], [ [ -49.879179, -29.313743 ], [ -49.867567, -29.309361 ], [ -49.867567, -29.30936 ], [ -49.879179, -29.313743 ] ] ] } },
{ "type": "Feature", "properties": { "HREG_ID": "43005", "HREG_NAME": "Região 05", "id": "430163", "name": "Balneário Pinhal", "description": "Balneário Pinhal", "MUN_ID": "430163", "UF": "RS", "MACRO_ID": "4313", "MACRO_NAME": "Metropolitana" }, "geometry": { "type": "Polygon", "coordinates": [ [ [ -50.930824, -31.274994 ], [ -50.937667, -31.28047 ], [ -50.945884, -31.287045 ], [ -50.94865, -31.289258 ], [ -51.042039, -31.364078 ], [ -51.098168, -31.417479 ], [ -51.173354, -31.472305 ], [ -51.191274, -31.495555 ], [ -51.215563, -31.472847 ], [ -51.230908, -31.462348 ], [ -51.237784, -31.457644 ], [ -51.202945, -31.411898 ], [ -51.178804, -31.362937 ], [ -51.171965, -31.339423 ], [ -51.15863, -31.281375 ], [ -51.157178, -31.257247 ], [ -51.16123, -31.208598 ], [ -51.179765, -31.133969 ], [ -51.176832, -31.081815 ], [ -51.164976, -31.061447 ], [ -51.163836, -31.069027 ], [ -51.16591, -31.067824 ], [ -51.155549, -31.081349 ], [ -51.14075, -31.091223 ], [ -51.110237, -31.099518 ], [ -51.090682, -31.093034 ], [ -51.073375, -31.079511 ], [ -51.048007, -31.061091 ], [ -51.009688, -31.048896 ], [ -50.994429, -31.047601 ], [ -50.980036, -31.040549 ], [ -50.971872, -31.032423 ], [ -50.966606, -31.019456 ], [ -50.954055, -31.002684 ], [ -50.950923, -30.959048 ], [ -50.956262, -30.941308 ], [ -50.966242, -30.895606 ], [ -50.941008, -30.903477 ], [ -50.910771, -30.905266 ], [ -50.881823, -30.891086 ], [ -50.861247, -30.869748 ], [ -50.845821, -30.858413 ], [ -50.822883, -30.85168 ], [ -50.818841, -30.840061 ], [ -50.753258, -30.818435 ], [ -50.736061, -30.799994 ], [ -50.701469, -30.745825 ], [ -50.689599, -30.706422 ], [ -50.681713, -30.647864 ], [ -50.679023, -30.60867 ], [ -50.685913, -30.500299 ], [ -50.699997, -30.424261 ], [ -50.724261, -30.383472 ], [ -50.728978, -30.367636 ], [ -50.721408, -30.363451 ], [ -50.717024, -30.351485 ], [ -50.70794, -30.353362 ], [ -50.705069, -30.34713 ], [ -50.698586, -30.345488 ], [ -50.698405, -30.349608 ], [ -50.686182, -30.356337 ], [ -50.67911, -30.368317 ], [ -50.648234, -30.390821 ], [ -50.647364, -30.394964 ], [ -50.642926, -30.395418 ], [ -50.640718, -30.392407 ], [ -50.644277, -30.387704 ], [ -50.640703, -30.386199 ], [ -50.634083, -30.39274 ], [ -50.623479, -30.3916 ], [ -50.634783, -30.386878 ], [ -50.629667, -30.382596 ], [ -50.637405, -30.37843 ], [ -50.631601, -30.374384 ], [ -50.630068, -30.367128 ], [ -50.635102, -30.340502 ], [ -50.628099, -30.327799 ], [ -50.624551, -30.327908 ], [ -50.625904, -30.343189 ], [ -50.620148, -30.356272 ], [ -50.592843, -30.393665 ], [ -50.592584, -30.39984 ], [ -50.603423, -30.399096 ], [ -50.611236, -30.404766 ], [ -50.615591, -30.403831 ], [ -50.621462, -30.411657 ], [ -50.632779, -30.405682 ], [ -50.649668, -30.41307 ], [ -50.655915, -30.425756 ], [ -50.653891, -30.44246 ], [ -50.639899, -30.462895 ], [ -50.612884, -30.483511 ], [ -50.596622, -30.490384 ], [ -50.591076, -30.489671 ], [ -50.582145, -30.489634 ], [ -50.573904, -30.480974 ], [ -50.570811, -30.470556 ], [ -50.573986, -30.463822 ], [ -50.568156, -30.457919 ], [ -50.562408, -30.409187 ], [ -50.566952, -30.395211 ], [ -50.550555, -30.365927 ], [ -50.55291, -30.36362 ], [ -50.549064, -30.363416 ], [ -50.544802, -30.355478 ], [ -50.545748, -30.330722 ], [ -50.55525, -30.319611 ], [ -50.546909, -30.305452 ], [ -50.542498, -30.299421 ], [ -50.543319, -30.281453 ], [ -50.537265, -30.273365 ], [ -50.542112, -30.251833 ], [ -50.549241, -30.251209 ], [ -50.548743, -30.248472 ], [ -50.559954, -30.251179 ], [ -50.570252, -30.240657 ], [ -50.572563, -30.242526 ], [ -50.595978, -30.194443 ], [ -50.601432, -30.191731 ], [ -50.597713, -30.195515 ], [ -50.612383, -30.199513 ], [ -50.620304, -30.197905 ], [ -50.620981, -30.120484 ], [ -50.62098, -30.119373 ], [ -50.622345, -30.118005 ], [ -50.635101, -30.054977 ], [ -50.643545, -30.05856 ], [ -50.641227, -30.062163 ], [ -50.650701, -30.059609 ], [ -50.65755, -30.046225 ], [ -50.653966, -30.043198 ], [ -50.652158, -30.037312 ], [ -50.677827, -30.053457 ], [ -50.684232, -30.050694 ], [ -50.683575, -30.041089 ], [ -50.686151, -30.040628 ], [ -50.699975, -30.033498 ], [ -50.700036, -30.017473 ], [ -50.713142, -30.010622 ], [ -50.71121, -30.002808 ], [ -50.715921, -29.987035 ], [ -50.722476, -29.98517 ], [ -50.72541, -29.979875 ], [ -50.701797, -29.975005 ], [ -50.688926, -29.957624 ], [ -50.68652, -29.94844 ], [ -50.703676, -29.940241 ], [ -50.705719, -29.925668 ], [ -50.693535, -29.912929 ], [ -50.680136, -29.888957 ], [ -50.678881, -29.879715 ], [ -50.683173, -29.873052 ], [ -50.678791, -29.86186 ], [ -50.682189, -29.849969 ], [ -50.68435, -29.840334 ], [ -50.690465, -29.836758 ], [ -50.693233, -29.838515 ], [ -50.695818, -29.834019 ], [ -50.698485, -29.832124 ], [ -50.698619, -29.832006 ], [ -50.708381, -29.823391 ], [ -50.714467, -29.825004 ], [ -50.733562, -29.813066 ], [ -50.734708, -29.807469 ], [ -50.74327, -29.803054 ], [ -50.744336, -29.79515 ], [ -50.751543, -29.788333 ], [ -50.739824, -29.781532 ], [ -50.719159, -29.790241 ], [ -50.703359, -29.788853 ], [ -50.698715, -29.795435 ], [ -50.695267, -29.789299 ], [ -50.712097, -29.754621 ], [ -50.699585, -29.757922 ], [ -50.68658, -29.745978 ], [ -50.687009, -29.740648 ], [ -50.693394, -29.734635 ], [ -50.695879, -29.72081 ], [ -50.69668, -29.7179 ], [ -50.695626, -29.708069 ], [ -50.690391, -29.707978 ], [ -50.690244, -29.699671 ], [ -50.684833, -29.698475 ], [ -50.685374, -29.683981 ], [ -50.688789, -29.67954 ], [ -50.683199, -29.676595 ], [ -50.668524, -29.682236 ], [ -50.647247, -29.681957 ], [ -50.640026, -29.68284 ], [ -50.606911, -29.697519 ], [ -50.601963, -29.706787 ], [ -50.591875, -29.707949 ], [ -50.58719, -29.712379 ], [ -50.574173, -29.710649 ], [ -50.570944, -29.715142 ], [ -50.571749, -29.733504 ], [ -50.560466, -29.728019 ], [ -50.557692, -29.727559 ], [ -50.556308, -29.723197 ], [ -50.547089, -29.712903 ], [ -50.53914, -29.715692 ], [ -50.530107, -29.713377 ], [ -50.52561, -29.718462 ], [ -50.519305, -29.707053 ], [ -50.510918, -29.706128 ], [ -50.506722, -29.695378 ], [ -50.499729, -29.694649 ], [ -50.492262, -29.700496 ], [ -50.489495, -29.699203 ], [ -50.489733, -29.68801 ], [ -50.460325, -29.69538 ], [ -50.443563, -29.69093 ], [ -50.449314, -29.680325 ], [ -50.432321, -29.689649 ], [ -50.410811, -29.701446 ], [ -50.403509, -29.70545 ], [ -50.384277, -29.717643 ], [ -50.372774, -29.718673 ], [ -50.357672, -29.714707 ], [ -50.355, -29.702881 ], [ -50.342945, -29.698113 ], [ -50.33616, -29.700145 ], [ -50.331707, -29.682432 ], [ -50.317523, -29.68138 ], [ -50.313561, -29.683952 ], [ -50.299816, -29.684841 ], [ -50.294924, -29.688484 ], [ -50.289909, -29.683573 ], [ -50.276393, -29.688225 ], [ -50.278745, -29.701062 ], [ -50.271763, -29.70805 ], [ -50.257483, -29.710823 ], [ -50.241288, -29.71258 ], [ -50.227035, -29.70897 ], [ -50.225023, -29.722499 ], [ -50.222597, -29.725189 ], [ -50.186082, -29.741754 ], [ -50.186329, -29.756612 ], [ -50.178238, -29.784924 ], [ -50.177958, -29.786899 ], [ -50.170086, -29.794817 ], [ -50.153975, -29.795 ], [ -50.14027, -29.814223 ], [ -50.136882, -29.812497 ], [ -50.144558, -29.79982 ], [ -50.144977, -29.783156 ], [ -50.124214, -29.783673 ], [ -50.115484, -29.785209 ], [ -50.115708, -29.787705 ], [ -50.112695, -29.785075 ], [ -50.114939, -29.788324 ], [ -50.110678, -29.78518 ], [ -50.112748, -29.792656 ], [ -50.107097, -29.796084 ], [ -50.107449, -29.802674 ], [ -50.113496, -29.81024 ], [ -50.107741, -29.817519 ], [ -50.110362, -29.819137 ], [ -50.105532, -29.823221 ], [ -50.111615, -29.826442 ], [ -50.109227, -29.829635 ], [ -50.11247, -29.831957 ], [ -50.099317, -29.834485 ], [ -50.103028, -29.846011 ], [ -50.099274, -29.855379 ], [ -50.097345, -29.845404 ], [ -50.09552, -29.851985 ], [ -50.081077, -29.85628 ], [ -50.063951, -29.86137 ], [ -50.075052, -29.883969 ], [ -50.117465, -29.975453 ], [ -50.117466, -29.975453 ], [ -50.141951, -30.033805 ], [ -50.155232, -30.065129 ], [ -50.168101, -30.097142 ], [ -50.211405, -30.206963 ], [ -50.223805, -30.235916 ], [ -50.235613, -30.266849 ], [ -50.242156, -30.281302 ], [ -50.250359, -30.303243 ], [ -50.261414, -30.331089 ], [ -50.282378, -30.388755 ], [ -50.2883, -30.405037 ], [ -50.308337, -30.455409 ], [ -50.332977, -30.500299 ], [ -50.369094, -30.557315 ], [ -50.459412, -30.67516 ], [ -50.47396, -30.694685 ], [ -50.482806, -30.707749 ], [ -50.56212, -30.824536 ], [ -50.666605, -30.961176 ], [ -50.672683, -30.969509 ], [ -50.681156, -30.981679 ], [ -50.717979, -31.037339 ], [ -50.740772, -31.071541 ], [ -50.768805, -31.10958 ], [ -50.771745, -31.113249 ], [ -50.802045, -31.148267 ], [ -50.814247, -31.161065 ], [ -50.847331, -31.195367 ], [ -50.878706, -31.227484 ], [ -50.88697, -31.23594 ], [ -50.930824, -31.274994 ] ] ] } },
{ "type": "Feature", "properties": { "HREG_ID": "43006", "HREG_NAME": "Região 06 - Vale do Paranhana e Costa Serra", "id": "430360", "name": "Cambará do Sul", "description": "Cambará do Sul", "MUN_ID": "430360", "UF": "RS", "MACRO_ID": "4313", "MACRO_NAME": "Metropolitana" }, "geometry": { "type": "Polygon", "coordinates": [ [ [ -50.354711, -29.503081 ], [ -50.355633, -29.512651 ], [ -50.355768, -29.525456 ], [ -50.344886, -29.525124 ], [ -50.340746, -29.53912 ], [ -50.340933, -29.544105 ], [ -50.354846, -29.551326 ], [ -50.348755, -29.574167 ], [ -50.343332, -29.585113 ], [ -50.330361, -29.586445 ], [ -50.325489, -29.587633 ], [ -50.348022, -29.588303 ], [ -50.346194, -29.596942 ], [ -50.328653, -29.601623 ], [ -50.332732, -29.605446 ], [ -50.330275, -29.610281 ], [ -50.342289, -29.607983 ], [ -50.341002, -29.612837 ], [ -50.34501, -29.616141 ], [ -50.342129, -29.618817 ], [ -50.358829, -29.630568 ], [ -50.349259, -29.641132 ], [ -50.350981, -29.644828 ], [ -50.352816, -29.653548 ], [ -50.3497, -29.661798 ], [ -50.3473, -29.662978 ], [ -50.33954, -29.652714 ], [ -50.337333, -29.659846 ], [ -50.331853, -29.662621 ], [ -50.32059, -29.655916 ], [ -50.314318, -29.66256 ], [ -50.31317, -29.674159 ], [ -50.317523, -29.68138 ], [ -50.331707, -29.682432 ], [ -50.33616, -29.700145 ], [ -50.342945, -29.698113 ], [ -50.355, -29.702881 ], [ -50.357672, -29.714707 ], [ -50.372774, -29.718673 ], [ -50.384277, -29.717643 ], [ -50.403509, -29.70545 ], [ -50.410811, -29.701446 ], [ -50.432321, -29.689649 ], [ -50.449314, -29.680325 ], [ -50.443563, -29.69093 ], [ -50.460325, -29.69538 ], [ -50.489733, -29.68801 ], [ -50.489495, -29.699203 ], [ -50.492262, -29.700496 ], [ -50.499729, -29.694649 ], [ -50.506722, -29.695378 ], [ -50.510918, -29.706128 ], [ -50.519305, -29.707053 ], [ -50.52561, -29.718462 ], [ -50.530107, -29.713377 ], [ -50.53914, -29.715692 ], [ -50.547089, -29.712903 ], [ -50.556308, -29.723197 ], [ -50.557692, -29.727559 ], [ -50.560466, -29.728019 ], [ -50.571749, -29.733504 ], [ -50.570944, -29.715142 ], [ -50.574173, -29.710649 ], [ -50.58719, -29.712379 ], [ -50.591875, -29.707949 ], [ -50.601963, -29.706787 ], [ -50.606911, -29.697519 ], [ -50.640026, -29.68284 ], [ -50.647247, -29.681957 ], [ -50.668524, -29.682236 ], [ -50.683199, -29.676595 ], [ -50.688789, -29.67954 ], [ -50.685374, -29.683981 ], [ -50.684833, -29.698475 ], [ -50.690244, -29.699671 ], [ -50.690391, -29.707978 ], [ -50.695626, -29.708069 ], [ -50.69668, -29.7179 ], [ -50.695879, -29.72081 ], [ -50.693394, -29.734635 ], [ -50.687009, -29.740648 ], [ -50.68658, -29.745978 ], [ -50.699585, -29.757922 ], [ -50.712097, -29.754621 ], [ -50.695267, -29.789299 ], [ -50.711938, -29.781724 ], [ -50.715832, -29.773285 ], [ -50.723681, -29.768694 ], [ -50.764908, -29.772027 ], [ -50.772278, -29.77607 ], [ -50.787331, -29.766286 ], [ -50.801494, -29.775203 ], [ -50.811668, -29.773791 ], [ -50.81334, -29.77097 ], [ -50.814528, -29.770327 ], [ -50.822783, -29.765851 ], [ -50.834689, -29.765168 ], [ -50.844868, -29.784462 ], [ -50.858897, -29.794012 ], [ -50.863335, -29.789008 ], [ -50.873681, -29.79703 ], [ -50.878316, -29.796621 ], [ -50.898985, -29.794792 ], [ -50.915796, -29.793299 ], [ -50.94444, -29.790757 ], [ -50.956683, -29.789668 ], [ -50.94864, -29.779401 ], [ -50.939631, -29.77627 ], [ -50.933886, -29.768871 ], [ -50.940483, -29.753472 ], [ -50.934665, -29.748089 ], [ -50.938067, -29.740936 ], [ -50.946027, -29.70902 ], [ -50.946131, -29.692646 ], [ -50.944123, -29.692672 ], [ -50.942345, -29.690155 ], [ -50.946511, -29.679541 ], [ -50.942913, -29.678583 ], [ -50.943557, -29.675016 ], [ -50.933681, -29.672302 ], [ -50.927777, -29.674927 ], [ -50.923645, -29.664206 ], [ -50.912068, -29.652493 ], [ -50.907914, -29.652165 ], [ -50.903839, -29.636726 ], [ -50.905731, -29.632703 ], [ -50.905696, -29.631175 ], [ -50.890482, -29.6318 ], [ -50.879018, -29.636458 ], [ -50.859375, -29.607655 ], [ -50.856904, -29.593879 ], [ -50.854991, -29.583202 ], [ -50.8523, -29.569232 ], [ -50.856594, -29.568904 ], [ -50.855753, -29.554538 ], [ -50.870304, -29.553325 ], [ -50.877011, -29.552766 ], [ -50.898053, -29.551009 ], [ -50.910566, -29.542484 ], [ -50.910457, -29.536675 ], [ -50.910137, -29.519703 ], [ -50.910062, -29.515763 ], [ -50.910043, -29.51471 ], [ -50.909789, -29.501149 ], [ -50.890291, -29.495553 ], [ -50.867861, -29.476092 ], [ -50.85766, -29.477523 ], [ -50.847775, -29.473759 ], [ -50.835231, -29.474891 ], [ -50.832863, -29.474164 ], [ -50.829843, -29.4718 ], [ -50.8006, -29.448909 ], [ -50.808724, -29.434917 ], [ -50.805396, -29.434405 ], [ -50.778255, -29.441585 ], [ -50.770268, -29.440729 ], [ -50.767495, -29.433103 ], [ -50.772, -29.426393 ], [ -50.768828, -29.426 ], [ -50.768064, -29.417801 ], [ -50.7714, -29.414262 ], [ -50.764765, -29.413282 ], [ -50.761944, -29.413571 ], [ -50.7389, -29.413941 ], [ -50.734536, -29.414262 ], [ -50.733262, -29.409288 ], [ -50.724658, -29.407655 ], [ -50.721285, -29.403586 ], [ -50.691184, -29.402089 ], [ -50.685815, -29.40443 ], [ -50.67889, -29.416055 ], [ -50.673492, -29.415814 ], [ -50.670815, -29.419592 ], [ -50.662261, -29.417933 ], [ -50.656745, -29.421834 ], [ -50.643937, -29.412215 ], [ -50.642497, -29.392835 ], [ -50.64673, -29.389021 ], [ -50.644513, -29.377858 ], [ -50.649651, -29.372687 ], [ -50.66465, -29.374478 ], [ -50.681498, -29.364744 ], [ -50.672653, -29.339264 ], [ -50.691661, -29.322426 ], [ -50.698264, -29.325501 ], [ -50.696048, -29.329625 ], [ -50.71094, -29.33387 ], [ -50.723146, -29.32782 ], [ -50.743468, -29.326878 ], [ -50.744966, -29.320043 ], [ -50.756845, -29.315055 ], [ -50.760672, -29.308818 ], [ -50.762414, -29.302684 ], [ -50.756461, -29.289655 ], [ -50.760992, -29.276822 ], [ -50.776603, -29.274944 ], [ -50.786152, -29.277951 ], [ -50.797936, -29.276154 ], [ -50.801656, -29.267264 ], [ -50.815401, -29.25769 ], [ -50.825593, -29.265587 ], [ -50.826813, -29.25812 ], [ -50.840929, -29.25823 ], [ -50.843491, -29.266175 ], [ -50.847949, -29.266646 ], [ -50.854379, -29.261829 ], [ -50.854091, -29.252528 ], [ -50.859197, -29.248236 ], [ -50.86058, -29.237863 ], [ -50.855245, -29.233898 ], [ -50.858032, -29.22442 ], [ -50.853523, -29.225459 ], [ -50.853613, -29.21338 ], [ -50.847758, -29.209473 ], [ -50.843789, -29.198455 ], [ -50.83826, -29.194193 ], [ -50.840389, -29.190158 ], [ -50.835281, -29.185723 ], [ -50.833712, -29.178151 ], [ -50.842356, -29.168503 ], [ -50.839068, -29.165428 ], [ -50.844277, -29.158708 ], [ -50.84063, -29.152448 ], [ -50.838495, -29.130603 ], [ -50.84624, -29.1267 ], [ -50.84742, -29.121469 ], [ -50.853993, -29.119428 ], [ -50.86486, -29.123263 ], [ -50.874803, -29.116443 ], [ -50.879806, -29.119484 ], [ -50.894032, -29.11577 ], [ -50.897505, -29.11907 ], [ -50.904428, -29.116495 ], [ -50.913935, -29.11919 ], [ -50.907743, -29.105711 ], [ -50.901606, -29.094661 ], [ -50.908455, -29.083051 ], [ -50.921285, -29.0787 ], [ -50.93871, -29.080748 ], [ -50.944017, -29.071373 ], [ -50.936838, -29.069617 ], [ -50.932245, -29.07384 ], [ -50.909309, -29.076073 ], [ -50.901129, -29.07243 ], [ -50.875675, -29.07131 ], [ -50.877963, -29.064462 ], [ -50.868463, -29.048197 ], [ -50.844939, -29.042181 ], [ -50.819531, -29.03946 ], [ -50.816455, -29.033499 ], [ -50.81335, -29.033992 ], [ -50.814626, -29.027973 ], [ -50.809436, -29.031187 ], [ -50.805759, -29.024436 ], [ -50.798725, -29.024884 ], [ -50.793164, -29.016268 ], [ -50.794409, -29.009696 ], [ -50.789501, -29.012255 ], [ -50.786127, -29.009168 ], [ -50.782623, -28.996644 ], [ -50.783648, -28.978619 ], [ -50.791827, -28.979 ], [ -50.79339, -28.967866 ], [ -50.799878, -28.963692 ], [ -50.813245, -28.969249 ], [ -50.818149, -28.966634 ], [ -50.810301, -28.958837 ], [ -50.815956, -28.956841 ], [ -50.815689, -28.951991 ], [ -50.802218, -28.95267 ], [ -50.798882, -28.944666 ], [ -50.79205, -28.945491 ], [ -50.786984, -28.940713 ], [ -50.793126, -28.934632 ], [ -50.810409, -28.929532 ], [ -50.809538, -28.915131 ], [ -50.805314, -28.908668 ], [ -50.811886, -28.903702 ], [ -50.805649, -28.895905 ], [ -50.809863, -28.894865 ], [ -50.814678, -28.89937 ], [ -50.819765, -28.893092 ], [ -50.810481, -28.884659 ], [ -50.798781, -28.886173 ], [ -50.800461, -28.878916 ], [ -50.794051, -28.874185 ], [ -50.804359, -28.867965 ], [ -50.820783, -28.866837 ], [ -50.827144, -28.856073 ], [ -50.819628, -28.849234 ], [ -50.819145, -28.837021 ], [ -50.83752, -28.835818 ], [ -50.840391, -28.829928 ], [ -50.848728, -28.832265 ], [ -50.850172, -28.818999 ], [ -50.847126, -28.814379 ], [ -50.841086, -28.813166 ], [ -50.82928, -28.82267 ], [ -50.823693, -28.821441 ], [ -50.815075, -28.825509 ], [ -50.804035, -28.817301 ], [ -50.787188, -28.81459 ], [ -50.787483, -28.810094 ], [ -50.797905, -28.799761 ], [ -50.792828, -28.796152 ], [ -50.763056, -28.787112 ], [ -50.7618, -28.781137 ], [ -50.762348, -28.775748 ], [ -50.757627, -28.771765 ], [ -50.74828, -28.776453 ], [ -50.745381, -28.792904 ], [ -50.738762, -28.798119 ], [ -50.731372, -28.783601 ], [ -50.724459, -28.781905 ], [ -50.716772, -28.784202 ], [ -50.729223, -28.794754 ], [ -50.72913, -28.799775 ], [ -50.724358, -28.802218 ], [ -50.705526, -28.794809 ], [ -50.689539, -28.801868 ], [ -50.66412, -28.797055 ], [ -50.654679, -28.798976 ], [ -50.653798, -28.802235 ], [ -50.663839, -28.810754 ], [ -50.66349, -28.814343 ], [ -50.64428, -28.811791 ], [ -50.628868, -28.817488 ], [ -50.61911, -28.81617 ], [ -50.616397, -28.804055 ], [ -50.604138, -28.809656 ], [ -50.599721, -28.822402 ], [ -50.606007, -28.830288 ], [ -50.578321, -28.843267 ], [ -50.582846, -28.850378 ], [ -50.583679, -28.853577 ], [ -50.577686, -28.855766 ], [ -50.563261, -28.850819 ], [ -50.565652, -28.858471 ], [ -50.572062, -28.863194 ], [ -50.564682, -28.864398 ], [ -50.549424, -28.864412 ], [ -50.552567, -28.87153 ], [ -50.560053, -28.872158 ], [ -50.556528, -28.876313 ], [ -50.561355, -28.887048 ], [ -50.552242, -28.882297 ], [ -50.5546, -28.891241 ], [ -50.546484, -28.893755 ], [ -50.534984, -28.886939 ], [ -50.529164, -28.889339 ], [ -50.514918, -28.897457 ], [ -50.517509, -28.901389 ], [ -50.512098, -28.905112 ], [ -50.515532, -28.909093 ], [ -50.507044, -28.913697 ], [ -50.506233, -28.920602 ], [ -50.496004, -28.92763 ], [ -50.487042, -28.926037 ], [ -50.485784, -28.931883 ], [ -50.475077, -28.936897 ], [ -50.468739, -28.948323 ], [ -50.468397, -28.956831 ], [ -50.462681, -28.96002 ], [ -50.464369, -28.972143 ], [ -50.457864, -28.99285 ], [ -50.463518, -28.994514 ], [ -50.45695, -29.004183 ], [ -50.459759, -29.013812 ], [ -50.45562, -29.036899 ], [ -50.451922, -29.044375 ], [ -50.443131, -29.047202 ], [ -50.431251, -29.074751 ], [ -50.438762, -29.08751 ], [ -50.437833, -29.09761 ], [ -50.445439, -29.113629 ], [ -50.44399, -29.128577 ], [ -50.426046, -29.132245 ], [ -50.411757, -29.118408 ], [ -50.406206, -29.119605 ], [ -50.366427, -29.103415 ], [ -50.367642, -29.110665 ], [ -50.357625, -29.116275 ], [ -50.348651, -29.118591 ], [ -50.34517, -29.112763 ], [ -50.339833, -29.113587 ], [ -50.336098, -29.109268 ], [ -50.326248, -29.119052 ], [ -50.321533, -29.114965 ], [ -50.308639, -29.117242 ], [ -50.308732, -29.121604 ], [ -50.299703, -29.117941 ], [ -50.262619, -29.139864 ], [ -50.259086, -29.13423 ], [ -50.246848, -29.131778 ], [ -50.24527, -29.124916 ], [ -50.250708, -29.119973 ], [ -50.240082, -29.102126 ], [ -50.221849, -29.099323 ], [ -50.21891, -29.096151 ], [ -50.201905, -29.103558 ], [ -50.192444, -29.090306 ], [ -50.195303, -29.086794 ], [ -50.19288, -29.073366 ], [ -50.183658, -29.069951 ], [ -50.188007, -29.060186 ], [ -50.196987, -29.060156 ], [ -50.20156, -29.056487 ], [ -50.209451, -29.06105 ], [ -50.214503, -29.058313 ], [ -50.213141, -29.055868 ], [ -50.209612, -29.054575 ], [ -50.210316, -29.050141 ], [ -50.226873, -29.046455 ], [ -50.226373, -29.033827 ], [ -50.233393, -29.009701 ], [ -50.240888, -29.008729 ], [ -50.236773, -29.020702 ], [ -50.248377, -29.023791 ], [ -50.269669, -29.014779 ], [ -50.268914, -29.008308 ], [ -50.273, -29.006646 ], [ -50.268774, -29.003138 ], [ -50.266574, -28.992699 ], [ -50.260621, -28.990731 ], [ -50.254813, -28.994215 ], [ -50.250899, -28.989064 ], [ -50.254613, -28.97566 ], [ -50.245134, -28.960085 ], [ -50.253539, -28.942009 ], [ -50.265514, -28.939106 ], [ -50.253426, -28.928373 ], [ -50.24456, -28.933344 ], [ -50.227797, -28.934346 ], [ -50.21654, -28.918978 ], [ -50.208688, -28.923888 ], [ -50.207484, -28.92845 ], [ -50.188624, -28.929567 ], [ -50.179382, -28.918085 ], [ -50.158919, -28.905919 ], [ -50.159398, -28.893201 ], [ -50.16746, -28.883717 ], [ -50.17208, -28.890501 ], [ -50.181852, -28.884369 ], [ -50.178178, -28.868641 ], [ -50.184219, -28.846067 ], [ -50.193158, -28.839419 ], [ -50.198152, -28.831567 ], [ -50.196592, -28.826453 ], [ -50.191104, -28.823785 ], [ -50.180745, -28.823508 ], [ -50.179719, -28.833556 ], [ -50.173922, -28.831016 ], [ -50.167799, -28.833079 ], [ -50.163757, -28.839388 ], [ -50.157496, -28.835595 ], [ -50.161616, -28.830825 ], [ -50.158156, -28.826547 ], [ -50.160736, -28.822113 ], [ -50.157086, -28.819993 ], [ -50.13994, -28.826779 ], [ -50.139933, -28.833173 ], [ -50.136938, -28.832906 ], [ -50.137155, -28.825527 ], [ -50.127621, -28.820055 ], [ -50.112183, -28.82338 ], [ -50.105384, -28.829362 ], [ -50.097599, -28.827658 ], [ -50.093659, -28.832195 ], [ -50.085842, -28.831508 ], [ -50.087301, -28.847638 ], [ -50.073078, -28.841973 ], [ -50.070484, -28.837317 ], [ -50.065202, -28.840033 ], [ -50.059406, -28.838182 ], [ -50.051224, -28.84575 ], [ -50.037883, -28.844542 ], [ -50.043641, -28.848529 ], [ -50.036152, -28.853913 ], [ -50.036215, -28.859245 ], [ -50.029156, -28.857518 ], [ -50.022234, -28.861862 ], [ -50.020176, -28.869395 ], [ -50.014076, -28.868484 ], [ -50.007952, -28.888919 ], [ -49.999395, -28.887624 ], [ -49.995505, -28.89333 ], [ -49.990966, -28.891875 ], [ -49.988223, -28.896679 ], [ -49.977962, -28.897348 ], [ -49.973981, -28.901504 ], [ -49.958766, -28.895335 ], [ -49.965528, -28.915925 ], [ -49.970677, -28.923846 ], [ -49.964192, -28.927197 ], [ -49.955322, -28.946474 ], [ -49.956048, -28.961329 ], [ -49.937318, -28.964949 ], [ -49.933883, -28.97401 ], [ -49.919402, -28.977921 ], [ -49.935651, -28.984802 ], [ -49.938014, -28.978263 ], [ -49.943519, -28.985495 ], [ -49.941409, -29.00103 ], [ -49.945585, -28.995539 ], [ -49.95101, -28.999018 ], [ -49.957198, -29.010223 ], [ -49.955025, -29.01157 ], [ -49.96264, -29.020093 ], [ -49.96429, -29.022125 ], [ -49.948577, -29.020608 ], [ -49.946704, -29.017508 ], [ -49.937839, -29.020509 ], [ -49.946626, -29.027355 ], [ -49.945448, -29.032796 ], [ -49.955007, -29.035038 ], [ -49.952845, -29.038923 ], [ -49.958213, -29.043186 ], [ -49.958717, -29.048924 ], [ -50.006955, -29.071725 ], [ -49.991006, -29.069665 ], [ -49.988139, -29.075227 ], [ -49.984889, -29.071197 ], [ -49.986973, -29.068647 ], [ -49.967419, -29.064191 ], [ -49.967561, -29.067645 ], [ -49.963651, -29.064257 ], [ -49.956425, -29.065747 ], [ -49.956245, -29.06173 ], [ -49.945649, -29.05517 ], [ -49.93957, -29.056707 ], [ -49.942033, -29.064277 ], [ -49.951678, -29.062549 ], [ -49.947707, -29.069265 ], [ -49.955772, -29.068348 ], [ -49.959749, -29.070509 ], [ -49.953641, -29.075807 ], [ -49.95401, -29.085037 ], [ -49.966987, -29.083491 ], [ -49.966729, -29.094896 ], [ -49.962363, -29.099893 ], [ -49.969032, -29.101068 ], [ -49.969483, -29.104133 ], [ -49.967271, -29.115097 ], [ -49.963847, -29.114185 ], [ -49.962368, -29.117487 ], [ -49.968561, -29.120494 ], [ -49.968056, -29.116065 ], [ -49.981912, -29.119741 ], [ -49.98347, -29.117204 ], [ -49.991682, -29.118357 ], [ -49.983789, -29.132805 ], [ -49.986372, -29.136164 ], [ -49.990711, -29.134517 ], [ -49.98984, -29.128274 ], [ -49.996539, -29.132742 ], [ -50.013555, -29.127794 ], [ -50.00539, -29.13417 ], [ -50.004741, -29.150439 ], [ -50.009716, -29.151273 ], [ -50.009373, -29.156888 ], [ -50.01891, -29.153964 ], [ -50.017584, -29.163606 ], [ -50.02001, -29.166566 ], [ -50.026507, -29.163943 ], [ -50.023528, -29.166099 ], [ -50.027651, -29.170612 ], [ -50.019306, -29.173748 ], [ -50.021271, -29.178407 ], [ -50.01432, -29.181224 ], [ -50.030031, -29.180272 ], [ -50.034209, -29.176561 ], [ -50.041847, -29.183504 ], [ -50.051417, -29.18598 ], [ -50.055462, -29.183348 ], [ -50.065353, -29.191027 ], [ -50.060106, -29.176492 ], [ -50.076089, -29.189856 ], [ -50.078831, -29.18533 ], [ -50.075714, -29.182576 ], [ -50.085635, -29.178325 ], [ -50.078892, -29.175483 ], [ -50.089738, -29.175101 ], [ -50.09196, -29.167022 ], [ -50.076546, -29.160878 ], [ -50.077511, -29.157235 ], [ -50.066514, -29.158989 ], [ -50.080119, -29.155376 ], [ -50.081591, -29.159825 ], [ -50.098918, -29.163438 ], [ -50.0956, -29.165726 ], [ -50.098411, -29.172344 ], [ -50.093415, -29.175855 ], [ -50.097114, -29.180138 ], [ -50.090886, -29.18023 ], [ -50.088233, -29.184251 ], [ -50.09271, -29.195103 ], [ -50.085196, -29.193186 ], [ -50.092218, -29.198751 ], [ -50.085444, -29.19888 ], [ -50.092616, -29.220595 ], [ -50.084935, -29.215163 ], [ -50.087606, -29.222486 ], [ -50.083464, -29.22753 ], [ -50.093538, -29.237402 ], [ -50.098241, -29.235804 ], [ -50.092503, -29.223302 ], [ -50.1115, -29.239834 ], [ -50.108147, -29.230059 ], [ -50.112722, -29.224962 ], [ -50.109672, -29.221577 ], [ -50.100976, -29.224819 ], [ -50.093307, -29.212879 ], [ -50.115197, -29.20886 ], [ -50.115574, -29.20527 ], [ -50.129363, -29.201443 ], [ -50.122784, -29.19759 ], [ -50.137246, -29.199034 ], [ -50.138759, -29.192205 ], [ -50.152043, -29.201375 ], [ -50.150879, -29.203823 ], [ -50.140199, -29.201454 ], [ -50.133396, -29.20839 ], [ -50.132748, -29.216135 ], [ -50.147296, -29.219577 ], [ -50.145237, -29.225926 ], [ -50.150058, -29.229501 ], [ -50.141678, -29.230581 ], [ -50.141168, -29.237749 ], [ -50.174472, -29.249224 ], [ -50.160892, -29.248611 ], [ -50.157249, -29.252333 ], [ -50.149769, -29.249284 ], [ -50.150427, -29.257626 ], [ -50.138023, -29.254537 ], [ -50.14552, -29.25767 ], [ -50.147243, -29.263506 ], [ -50.144501, -29.275758 ], [ -50.149934, -29.282049 ], [ -50.150078, -29.284447 ], [ -50.144767, -29.283046 ], [ -50.147249, -29.287778 ], [ -50.141148, -29.287629 ], [ -50.142294, -29.29188 ], [ -50.138397, -29.292138 ], [ -50.135684, -29.298828 ], [ -50.1284, -29.303215 ], [ -50.127414, -29.298104 ], [ -50.130398, -29.285575 ], [ -50.123052, -29.281375 ], [ -50.12148, -29.287594 ], [ -50.115857, -29.291519 ], [ -50.117896, -29.297154 ], [ -50.106432, -29.29782 ], [ -50.104923, -29.300594 ], [ -50.109583, -29.304454 ], [ -50.101015, -29.310092 ], [ -50.089346, -29.310349 ], [ -50.084053, -29.316094 ], [ -50.086278, -29.322995 ], [ -50.078362, -29.319918 ], [ -50.072388, -29.319693 ], [ -50.07099, -29.322839 ], [ -50.064056, -29.32122 ], [ -50.072779, -29.327417 ], [ -50.05727, -29.327241 ], [ -50.058788, -29.336319 ], [ -50.064535, -29.34088 ], [ -50.049428, -29.33889 ], [ -50.036782, -29.350938 ], [ -50.052345, -29.356429 ], [ -50.059627, -29.364302 ], [ -50.070472, -29.360715 ], [ -50.081553, -29.35083 ], [ -50.077675, -29.345859 ], [ -50.085898, -29.346277 ], [ -50.085677, -29.340544 ], [ -50.08976, -29.340716 ], [ -50.084469, -29.331559 ], [ -50.101788, -29.331249 ], [ -50.105822, -29.335036 ], [ -50.102351, -29.326212 ], [ -50.111819, -29.328378 ], [ -50.108902, -29.322828 ], [ -50.117227, -29.324262 ], [ -50.119029, -29.331041 ], [ -50.135045, -29.334687 ], [ -50.1367, -29.337796 ], [ -50.156708, -29.337012 ], [ -50.172293, -29.34733 ], [ -50.178752, -29.35611 ], [ -50.183006, -29.360866 ], [ -50.187585, -29.356938 ], [ -50.195851, -29.36621 ], [ -50.202911, -29.367561 ], [ -50.198085, -29.362236 ], [ -50.205478, -29.35974 ], [ -50.19285, -29.35267 ], [ -50.19069, -29.340499 ], [ -50.194876, -29.340819 ], [ -50.196618, -29.337474 ], [ -50.206681, -29.338356 ], [ -50.20603, -29.330064 ], [ -50.211457, -29.33398 ], [ -50.214766, -29.332302 ], [ -50.220459, -29.341021 ], [ -50.215965, -29.326364 ], [ -50.230937, -29.336494 ], [ -50.242288, -29.335791 ], [ -50.248439, -29.330427 ], [ -50.252484, -29.332911 ], [ -50.245686, -29.338674 ], [ -50.250364, -29.339841 ], [ -50.248795, -29.345494 ], [ -50.237826, -29.346053 ], [ -50.246377, -29.351939 ], [ -50.238751, -29.353477 ], [ -50.244956, -29.361996 ], [ -50.238166, -29.361118 ], [ -50.247528, -29.371313 ], [ -50.244481, -29.374007 ], [ -50.24749, -29.378134 ], [ -50.24527, -29.379859 ], [ -50.237524, -29.374308 ], [ -50.241756, -29.379924 ], [ -50.231267, -29.380346 ], [ -50.234243, -29.387261 ], [ -50.238111, -29.387655 ], [ -50.235427, -29.391478 ], [ -50.238945, -29.395849 ], [ -50.218515, -29.389501 ], [ -50.208995, -29.393369 ], [ -50.2145, -29.400187 ], [ -50.221873, -29.402057 ], [ -50.218355, -29.405915 ], [ -50.220811, -29.409076 ], [ -50.198895, -29.406862 ], [ -50.207923, -29.413619 ], [ -50.214378, -29.411914 ], [ -50.22246, -29.417193 ], [ -50.23651, -29.417555 ], [ -50.234738, -29.414262 ], [ -50.241322, -29.416297 ], [ -50.248902, -29.411462 ], [ -50.237976, -29.423606 ], [ -50.239642, -29.426957 ], [ -50.230267, -29.43288 ], [ -50.232036, -29.435277 ], [ -50.222861, -29.432648 ], [ -50.22615, -29.439518 ], [ -50.223614, -29.441402 ], [ -50.22779, -29.443133 ], [ -50.222961, -29.445697 ], [ -50.224257, -29.451516 ], [ -50.21684, -29.443449 ], [ -50.208459, -29.442394 ], [ -50.214919, -29.450653 ], [ -50.209294, -29.451826 ], [ -50.21079, -29.460643 ], [ -50.202414, -29.454591 ], [ -50.206375, -29.462569 ], [ -50.203134, -29.46619 ], [ -50.218529, -29.477647 ], [ -50.218395, -29.481348 ], [ -50.212764, -29.477118 ], [ -50.199155, -29.47785 ], [ -50.198662, -29.483989 ], [ -50.192982, -29.484104 ], [ -50.187454, -29.488887 ], [ -50.183637, -29.478654 ], [ -50.16723, -29.474128 ], [ -50.165692, -29.463294 ], [ -50.150231, -29.474819 ], [ -50.163952, -29.47613 ], [ -50.174156, -29.48268 ], [ -50.181713, -29.489972 ], [ -50.176471, -29.489133 ], [ -50.18782, -29.505803 ], [ -50.184335, -29.506413 ], [ -50.17934, -29.518971 ], [ -50.172144, -29.520606 ], [ -50.167865, -29.535716 ], [ -50.173544, -29.528598 ], [ -50.179368, -29.532406 ], [ -50.18429, -29.53061 ], [ -50.19119, -29.519552 ], [ -50.196647, -29.520367 ], [ -50.1957, -29.515896 ], [ -50.204118, -29.517736 ], [ -50.208434, -29.509326 ], [ -50.214297, -29.512472 ], [ -50.221984, -29.510757 ], [ -50.207959, -29.500697 ], [ -50.207609, -29.504697 ], [ -50.19894, -29.500074 ], [ -50.196638, -29.494777 ], [ -50.207283, -29.491748 ], [ -50.21582, -29.493608 ], [ -50.213657, -29.485737 ], [ -50.221566, -29.49017 ], [ -50.24458, -29.493042 ], [ -50.247198, -29.484448 ], [ -50.252631, -29.492268 ], [ -50.250173, -29.499669 ], [ -50.262638, -29.494084 ], [ -50.263227, -29.490231 ], [ -50.271654, -29.490317 ], [ -50.27212, -29.484121 ], [ -50.275783, -29.484013 ], [ -50.273651, -29.486223 ], [ -50.280569, -29.504905 ], [ -50.291507, -29.505586 ], [ -50.286159, -29.495333 ], [ -50.286784, -29.491298 ], [ -50.293065, -29.492495 ], [ -50.292155, -29.486356 ], [ -50.284536, -29.483069 ], [ -50.283282, -29.478787 ], [ -50.276918, -29.477757 ], [ -50.276733, -29.47386 ], [ -50.273317, -29.479918 ], [ -50.267942, -29.476513 ], [ -50.26435, -29.46645 ], [ -50.265531, -29.453876 ], [ -50.273571, -29.467922 ], [ -50.271149, -29.461644 ], [ -50.291907, -29.467491 ], [ -50.282939, -29.458591 ], [ -50.282738, -29.450222 ], [ -50.296389, -29.457978 ], [ -50.287219, -29.44561 ], [ -50.296099, -29.449274 ], [ -50.294283, -29.443053 ], [ -50.297462, -29.440513 ], [ -50.296626, -29.445339 ], [ -50.305796, -29.442834 ], [ -50.312205, -29.448112 ], [ -50.315302, -29.443772 ], [ -50.310587, -29.436712 ], [ -50.315555, -29.43328 ], [ -50.315895, -29.438912 ], [ -50.325458, -29.440668 ], [ -50.316644, -29.455962 ], [ -50.325209, -29.457449 ], [ -50.331862, -29.465151 ], [ -50.323078, -29.464062 ], [ -50.322883, -29.47303 ], [ -50.32791, -29.477366 ], [ -50.328759, -29.474368 ], [ -50.340135, -29.47916 ], [ -50.33524, -29.483087 ], [ -50.347808, -29.494123 ], [ -50.354711, -29.503081 ] ] ] } },
{ "type": "Feature", "properties": { "HREG_ID": "43007", "HREG_NAME": "Região 07", "id": "430087", "name": "Araricá", "description": "Araricá", "MUN_ID": "430087", "UF": "RS", "MACRO_ID": "4313", "MACRO_NAME": "Metropolitana" }, "geometry": { "type": "Polygon", "coordinates": [ [ [ -51.071955, -29.810019 ], [ -51.097664, -29.80549 ], [ -51.113128, -29.802763 ], [ -51.164873, -29.797827 ], [ -51.167278, -29.790538 ], [ -51.176043, -29.78552 ], [ -51.189141, -29.77802 ], [ -51.193955, -29.776269 ], [ -51.193842, -29.780991 ], [ -51.183599, -29.788197 ], [ -51.195802, -29.788331 ], [ -51.184783, -29.793392 ], [ -51.190777, -29.793499 ], [ -51.192453, -29.803673 ], [ -51.196276, -29.794673 ], [ -51.207563, -29.790936 ], [ -51.211203, -29.793688 ], [ -51.230187, -29.781263 ], [ -51.244819, -29.780485 ], [ -51.250892, -29.774923 ], [ -51.256639, -29.775135 ], [ -51.256565, -29.776258 ], [ -51.267706, -29.780574 ], [ -51.29021, -29.780552 ], [ -51.301671, -29.781447 ], [ -51.306817, -29.775618 ], [ -51.305792, -29.765721 ], [ -51.296117, -29.7499 ], [ -51.300401, -29.738474 ], [ -51.289031, -29.731994 ], [ -51.285887, -29.722827 ], [ -51.282817, -29.714404 ], [ -51.286319, -29.678535 ], [ -51.281821, -29.672846 ], [ -51.286598, -29.667825 ], [ -51.286688, -29.666727 ], [ -51.28714, -29.661168 ], [ -51.280086, -29.660475 ], [ -51.276022, -29.655606 ], [ -51.275926, -29.653119 ], [ -51.277145, -29.649374 ], [ -51.277642, -29.648334 ], [ -51.285475, -29.631937 ], [ -51.290489, -29.621438 ], [ -51.288107, -29.619693 ], [ -51.278718, -29.609893 ], [ -51.283229, -29.595089 ], [ -51.283115, -29.594449 ], [ -51.282507, -29.591035 ], [ -51.293159, -29.588916 ], [ -51.29205, -29.58387 ], [ -51.293612, -29.580457 ], [ -51.298441, -29.58365 ], [ -51.302138, -29.579817 ], [ -51.306276, -29.552596 ], [ -51.307921, -29.539728 ], [ -51.295869, -29.532613 ], [ -51.302819, -29.522458 ], [ -51.28972, -29.524835 ], [ -51.274832, -29.508081 ], [ -51.264634, -29.503924 ], [ -51.253461, -29.501451 ], [ -51.250326, -29.496506 ], [ -51.241403, -29.498379 ], [ -51.22554, -29.500682 ], [ -51.221857, -29.482267 ], [ -51.177844, -29.493444 ], [ -51.177485, -29.49356 ], [ -51.172044, -29.493029 ], [ -51.163699, -29.498434 ], [ -51.143864, -29.497035 ], [ -51.145918, -29.505342 ], [ -51.130319, -29.507595 ], [ -51.111954, -29.510246 ], [ -51.111293, -29.505944 ], [ -51.108575, -29.488248 ], [ -51.105664, -29.476447 ], [ -51.09216, -29.477978 ], [ -51.078289, -29.479551 ], [ -51.077037, -29.464671 ], [ -51.067736, -29.466679 ], [ -51.065636, -29.467132 ], [ -51.062618, -29.467783 ], [ -51.03066, -29.474676 ], [ -51.012112, -29.478672 ], [ -51.011782, -29.476168 ], [ -51.007894, -29.446635 ], [ -51.014137, -29.445292 ], [ -51.020009, -29.43669 ], [ -51.011827, -29.426415 ], [ -51.005025, -29.424248 ], [ -51.002345, -29.415354 ], [ -50.99792, -29.408666 ], [ -50.992659, -29.401583 ], [ -50.991868, -29.386927 ], [ -50.980811, -29.389904 ], [ -50.956063, -29.425286 ], [ -50.939036, -29.424398 ], [ -50.932122, -29.433104 ], [ -50.924283, -29.438333 ], [ -50.915404, -29.441699 ], [ -50.914644, -29.444097 ], [ -50.909676, -29.449916 ], [ -50.909455, -29.471404 ], [ -50.909505, -29.47591 ], [ -50.909789, -29.501149 ], [ -50.910043, -29.51471 ], [ -50.910062, -29.515763 ], [ -50.910137, -29.519703 ], [ -50.910457, -29.536675 ], [ -50.910566, -29.542484 ], [ -50.898053, -29.551009 ], [ -50.877011, -29.552766 ], [ -50.870304, -29.553325 ], [ -50.855753, -29.554538 ], [ -50.856594, -29.568904 ], [ -50.8523, -29.569232 ], [ -50.854991, -29.583202 ], [ -50.856904, -29.593879 ], [ -50.859375, -29.607655 ], [ -50.879018, -29.636458 ], [ -50.890482, -29.6318 ], [ -50.905696, -29.631175 ], [ -50.905731, -29.632703 ], [ -50.903839, -29.636726 ], [ -50.907914, -29.652165 ], [ -50.912068, -29.652493 ], [ -50.923645, -29.664206 ], [ -50.927777, -29.674927 ], [ -50.933681, -29.672302 ], [ -50.943557, -29.675016 ], [ -50.942913, -29.678583 ], [ -50.946511, -29.679541 ], [ -50.942345, -29.690155 ], [ -50.944123, -29.692672 ], [ -50.946131, -29.692646 ], [ -50.946027, -29.70902 ], [ -50.938067, -29.740936 ], [ -50.934665, -29.748089 ], [ -50.940483, -29.753472 ], [ -50.933886, -29.768871 ], [ -50.939631, -29.77627 ], [ -50.94864, -29.779401 ], [ -50.956683, -29.789668 ], [ -50.975476, -29.796017 ], [ -51.004676, -29.805876 ], [ -51.040041, -29.817804 ], [ -51.056471, -29.823343 ], [ -51.074727, -29.829494 ], [ -51.080104, -29.829526 ], [ -51.078839, -29.827628 ], [ -51.067604, -29.810785 ], [ -51.071955, -29.810019 ] ] ] } },
{ "type": "Feature", "properties": { "HREG_ID": "43008", "HREG_NAME": "Região 08", "id": "430165", "name": "Barão", "description": "Barão", "MUN_ID": "430165", "UF": "RS", "MACRO_ID": "4313", "MACRO_NAME": "Metropolitana" }, "geometry": { "type": "Polygon", "coordinates": [ [ [ -51.278464, -29.938494 ], [ -51.286124, -29.945272 ], [ -51.305315, -29.949809 ], [ -51.312342, -29.948206 ], [ -51.349475, -29.961525 ], [ -51.368111, -29.974225 ], [ -51.384828, -29.977276 ], [ -51.399375, -29.984839 ], [ -51.411951, -29.987463 ], [ -51.433542, -29.983408 ], [ -51.446313, -29.973452 ], [ -51.459504, -29.954952 ], [ -51.468512, -29.946317 ], [ -51.50662, -29.927684 ], [ -51.538006, -29.929037 ], [ -51.567479, -29.93886 ], [ -51.596532, -29.9424 ], [ -51.618426, -29.945063 ], [ -51.657284, -29.944804 ], [ -51.677523, -29.945321 ], [ -51.685695, -29.94639 ], [ -51.698814, -29.948107 ], [ -51.718481, -29.94896 ], [ -51.726118, -29.946173 ], [ -51.733492, -29.929786 ], [ -51.748372, -29.904927 ], [ -51.750041, -29.900019 ], [ -51.74976, -29.887905 ], [ -51.743737, -29.881305 ], [ -51.72598, -29.87273 ], [ -51.716302, -29.863448 ], [ -51.715895, -29.860242 ], [ -51.719615, -29.85137 ], [ -51.731262, -29.84424 ], [ -51.729657, -29.834776 ], [ -51.744378, -29.833976 ], [ -51.748752, -29.824909 ], [ -51.757818, -29.818293 ], [ -51.754964, -29.812456 ], [ -51.757639, -29.793235 ], [ -51.746686, -29.778983 ], [ -51.748334, -29.774958 ], [ -51.748371, -29.774865 ], [ -51.735891, -29.756027 ], [ -51.718223, -29.742344 ], [ -51.718568, -29.722918 ], [ -51.723705, -29.715248 ], [ -51.742277, -29.711289 ], [ -51.749824, -29.71562 ], [ -51.755555, -29.732753 ], [ -51.775156, -29.732186 ], [ -51.778436, -29.725002 ], [ -51.786135, -29.71974 ], [ -51.793005, -29.719828 ], [ -51.797548, -29.712973 ], [ -51.791236, -29.70713 ], [ -51.78744, -29.706146 ], [ -51.785401, -29.705619 ], [ -51.780788, -29.697766 ], [ -51.770214, -29.695125 ], [ -51.774874, -29.681822 ], [ -51.787072, -29.680366 ], [ -51.787275, -29.672383 ], [ -51.781773, -29.666091 ], [ -51.782708, -29.658579 ], [ -51.779347, -29.652684 ], [ -51.762481, -29.656885 ], [ -51.76089, -29.650284 ], [ -51.760056, -29.648745 ], [ -51.753953, -29.633999 ], [ -51.740337, -29.620541 ], [ -51.726411, -29.622387 ], [ -51.713291, -29.614677 ], [ -51.704983, -29.613908 ], [ -51.704655, -29.608109 ], [ -51.710024, -29.602992 ], [ -51.699131, -29.59965 ], [ -51.694095, -29.602387 ], [ -51.693399, -29.607497 ], [ -51.678663, -29.613974 ], [ -51.678662, -29.618214 ], [ -51.6632, -29.643323 ], [ -51.658244, -29.643934 ], [ -51.650044, -29.642011 ], [ -51.637522, -29.628701 ], [ -51.644019, -29.622926 ], [ -51.651988, -29.599905 ], [ -51.662217, -29.589609 ], [ -51.662917, -29.577405 ], [ -51.663294, -29.558781 ], [ -51.663829, -29.532336 ], [ -51.664227, -29.512665 ], [ -51.664477, -29.500279 ], [ -51.690254, -29.500265 ], [ -51.689897, -29.48728 ], [ -51.667565, -29.486985 ], [ -51.667551, -29.470307 ], [ -51.644968, -29.471618 ], [ -51.644051, -29.481019 ], [ -51.623555, -29.481786 ], [ -51.623318, -29.476197 ], [ -51.601238, -29.47516 ], [ -51.588428, -29.471402 ], [ -51.570378, -29.456159 ], [ -51.591723, -29.439791 ], [ -51.590962, -29.429959 ], [ -51.605474, -29.439581 ], [ -51.609302, -29.435089 ], [ -51.613251, -29.43588 ], [ -51.642918, -29.441822 ], [ -51.640333, -29.416742 ], [ -51.607453, -29.411094 ], [ -51.61036, -29.400595 ], [ -51.616607, -29.377891 ], [ -51.587999, -29.375677 ], [ -51.573132, -29.381486 ], [ -51.560746, -29.374212 ], [ -51.56158, -29.358229 ], [ -51.534736, -29.355443 ], [ -51.530107, -29.351104 ], [ -51.51381, -29.350823 ], [ -51.511498, -29.350829 ], [ -51.485715, -29.350891 ], [ -51.457292, -29.350954 ], [ -51.396651, -29.351067 ], [ -51.39863, -29.384584 ], [ -51.399063, -29.391924 ], [ -51.400637, -29.418585 ], [ -51.402989, -29.432981 ], [ -51.404941, -29.444993 ], [ -51.393175, -29.4547 ], [ -51.391247, -29.468186 ], [ -51.383602, -29.471342 ], [ -51.387108, -29.482306 ], [ -51.39932, -29.496341 ], [ -51.386691, -29.50288 ], [ -51.390586, -29.507043 ], [ -51.394392, -29.511109 ], [ -51.392604, -29.519804 ], [ -51.39576, -29.524983 ], [ -51.394243, -29.528877 ], [ -51.387055, -29.527693 ], [ -51.375653, -29.552092 ], [ -51.37432, -29.550875 ], [ -51.371983, -29.537173 ], [ -51.363244, -29.537838 ], [ -51.359802, -29.539011 ], [ -51.354961, -29.541229 ], [ -51.342098, -29.528612 ], [ -51.34715, -29.516535 ], [ -51.342175, -29.513342 ], [ -51.335994, -29.516095 ], [ -51.336031, -29.522643 ], [ -51.331453, -29.525714 ], [ -51.321929, -29.521298 ], [ -51.302819, -29.522458 ], [ -51.295869, -29.532613 ], [ -51.307921, -29.539728 ], [ -51.306276, -29.552596 ], [ -51.302138, -29.579817 ], [ -51.298441, -29.58365 ], [ -51.293612, -29.580457 ], [ -51.29205, -29.58387 ], [ -51.293159, -29.588916 ], [ -51.282507, -29.591035 ], [ -51.283115, -29.594449 ], [ -51.283229, -29.595089 ], [ -51.278718, -29.609893 ], [ -51.288107, -29.619693 ], [ -51.290489, -29.621438 ], [ -51.285475, -29.631937 ], [ -51.277642, -29.648334 ], [ -51.277145, -29.649374 ], [ -51.275926, -29.653119 ], [ -51.276022, -29.655606 ], [ -51.280086, -29.660475 ], [ -51.28714, -29.661168 ], [ -51.286688, -29.666727 ], [ -51.286598, -29.667825 ], [ -51.281821, -29.672846 ], [ -51.286319, -29.678535 ], [ -51.282817, -29.714404 ], [ -51.285887, -29.722827 ], [ -51.289031, -29.731994 ], [ -51.300401, -29.738474 ], [ -51.296117, -29.7499 ], [ -51.305792, -29.765721 ], [ -51.306817, -29.775618 ], [ -51.301671, -29.781447 ], [ -51.29021, -29.780552 ], [ -51.267706, -29.780574 ], [ -51.256565, -29.776258 ], [ -51.256639, -29.775135 ], [ -51.250892, -29.774923 ], [ -51.244819, -29.780485 ], [ -51.230187, -29.781263 ], [ -51.211203, -29.793688 ], [ -51.207563, -29.790936 ], [ -51.196276, -29.794673 ], [ -51.192453, -29.803673 ], [ -51.190777, -29.793499 ], [ -51.184783, -29.793392 ], [ -51.195802, -29.788331 ], [ -51.183599, -29.788197 ], [ -51.193842, -29.780991 ], [ -51.193955, -29.776269 ], [ -51.189141, -29.77802 ], [ -51.176043, -29.78552 ], [ -51.167278, -29.790538 ], [ -51.164873, -29.797827 ], [ -51.113128, -29.802763 ], [ -51.097664, -29.80549 ], [ -51.071955, -29.810019 ], [ -51.067604, -29.810785 ], [ -51.078839, -29.827628 ], [ -51.080104, -29.829526 ], [ -51.086932, -29.840886 ], [ -51.093354, -29.851569 ], [ -51.094967, -29.863144 ], [ -51.100334, -29.868724 ], [ -51.100745, -29.868202 ], [ -51.105229, -29.871841 ], [ -51.122578, -29.865897 ], [ -51.105497, -29.901951 ], [ -51.105934, -29.907635 ], [ -51.125458, -29.932562 ], [ -51.126768, -29.954 ], [ -51.133514, -29.960324 ], [ -51.139373, -29.957245 ], [ -51.146742, -29.959311 ], [ -51.152347, -29.966198 ], [ -51.155446, -29.964249 ], [ -51.175817, -29.967815 ], [ -51.200437, -29.971139 ], [ -51.207963, -29.964294 ], [ -51.220177, -29.966595 ], [ -51.233122, -29.937217 ], [ -51.246573, -29.931804 ], [ -51.265144, -29.934134 ], [ -51.278464, -29.938494 ] ], [ [ -51.583115, -29.406979 ], [ -51.583115, -29.406978 ], [ -51.605934, -29.410837 ], [ -51.583115, -29.406979 ] ] ] } },
{ "type": "Feature", "properties": { "HREG_ID": "43009", "HREG_NAME": "Região 09", "id": "430085", "name": "Arambaré", "description": "Arambaré", "MUN_ID": "430085", "UF": "RS", "MACRO_ID": "4313", "MACRO_NAME": "Metropolitana" }, "geometry": { "type": "Polygon", "coordinates": [ [ [ -52.176815, -30.912202 ], [ -52.164284, -30.90402 ], [ -52.149811, -30.906131 ], [ -52.130017, -30.899373 ], [ -52.127328, -30.912446 ], [ -52.114068, -30.917512 ], [ -52.106778, -30.927402 ], [ -52.101502, -30.923908 ], [ -52.098797, -30.907875 ], [ -52.10649, -30.903432 ], [ -52.108798, -30.905306 ], [ -52.119542, -30.884016 ], [ -52.1246, -30.882642 ], [ -52.129371, -30.873675 ], [ -52.136302, -30.871457 ], [ -52.141524, -30.864152 ], [ -52.1561, -30.861843 ], [ -52.169359, -30.840353 ], [ -52.17785, -30.837151 ], [ -52.177681, -30.812677 ], [ -52.182582, -30.804143 ], [ -52.185061, -30.779508 ], [ -52.177153, -30.773343 ], [ -52.189071, -30.763689 ], [ -52.19545, -30.762929 ], [ -52.198589, -30.770726 ], [ -52.213099, -30.778399 ], [ -52.212702, -30.76961 ], [ -52.207473, -30.762616 ], [ -52.210119, -30.75509 ], [ -52.24051, -30.756979 ], [ -52.247174, -30.765912 ], [ -52.245009, -30.769099 ], [ -52.251344, -30.772849 ], [ -52.257604, -30.797339 ], [ -52.262181, -30.800002 ], [ -52.268967, -30.795572 ], [ -52.268519, -30.78979 ], [ -52.27387, -30.786374 ], [ -52.276024, -30.7766 ], [ -52.28812, -30.766357 ], [ -52.295209, -30.749661 ], [ -52.315278, -30.732583 ], [ -52.315763, -30.723096 ], [ -52.323627, -30.714612 ], [ -52.340501, -30.710589 ], [ -52.34165, -30.703999 ], [ -52.336116, -30.697175 ], [ -52.335475, -30.691647 ], [ -52.33533, -30.686666 ], [ -52.338116, -30.688086 ], [ -52.339513, -30.684857 ], [ -52.335849, -30.680455 ], [ -52.342441, -30.678101 ], [ -52.343846, -30.671063 ], [ -52.338414, -30.653218 ], [ -52.343522, -30.647617 ], [ -52.343507, -30.640233 ], [ -52.340198, -30.638543 ], [ -52.345889, -30.635338 ], [ -52.341728, -30.630508 ], [ -52.348548, -30.624892 ], [ -52.353905, -30.626532 ], [ -52.357275, -30.611591 ], [ -52.361757, -30.605086 ], [ -52.369297, -30.607804 ], [ -52.368044, -30.601867 ], [ -52.37962, -30.605613 ], [ -52.384909, -30.59782 ], [ -52.399115, -30.595497 ], [ -52.39897, -30.592491 ], [ -52.408178, -30.589627 ], [ -52.412945, -30.583861 ], [ -52.419111, -30.586949 ], [ -52.420552, -30.581875 ], [ -52.429413, -30.581184 ], [ -52.433506, -30.574145 ], [ -52.451697, -30.576592 ], [ -52.448905, -30.564603 ], [ -52.451453, -30.558382 ], [ -52.442721, -30.552636 ], [ -52.43422, -30.556056 ], [ -52.417889, -30.547072 ], [ -52.423757, -30.542779 ], [ -52.420715, -30.529773 ], [ -52.414685, -30.52927 ], [ -52.414272, -30.522045 ], [ -52.40518, -30.513508 ], [ -52.401447, -30.515207 ], [ -52.397554, -30.507983 ], [ -52.404143, -30.506317 ], [ -52.398634, -30.494483 ], [ -52.403873, -30.491564 ], [ -52.404032, -30.484161 ], [ -52.390637, -30.481079 ], [ -52.389647, -30.471515 ], [ -52.385107, -30.471466 ], [ -52.385071, -30.467619 ], [ -52.379433, -30.465303 ], [ -52.372821, -30.458917 ], [ -52.374438, -30.451136 ], [ -52.368412, -30.453168 ], [ -52.362453, -30.44887 ], [ -52.354155, -30.432077 ], [ -52.350081, -30.4347 ], [ -52.347604, -30.43068 ], [ -52.352976, -30.422658 ], [ -52.350146, -30.417527 ], [ -52.353047, -30.412617 ], [ -52.34786, -30.40226 ], [ -52.35734, -30.402326 ], [ -52.360176, -30.398573 ], [ -52.358064, -30.391628 ], [ -52.350474, -30.389561 ], [ -52.355339, -30.378654 ], [ -52.342415, -30.358519 ], [ -52.32361, -30.355802 ], [ -52.313775, -30.342918 ], [ -52.303726, -30.343914 ], [ -52.305061, -30.336271 ], [ -52.29908, -30.333511 ], [ -52.297417, -30.341793 ], [ -52.289803, -30.346614 ], [ -52.284313, -30.361063 ], [ -52.263152, -30.372999 ], [ -52.260697, -30.382222 ], [ -52.264279, -30.385635 ], [ -52.26127, -30.388444 ], [ -52.263252, -30.394144 ], [ -52.256167, -30.402168 ], [ -52.25797, -30.40715 ], [ -52.250681, -30.412937 ], [ -52.251621, -30.417459 ], [ -52.232326, -30.426463 ], [ -52.2334, -30.435492 ], [ -52.224012, -30.438425 ], [ -52.220101, -30.444581 ], [ -52.212256, -30.44731 ], [ -52.191213, -30.444707 ], [ -52.183337, -30.448617 ], [ -52.171549, -30.442088 ], [ -52.158195, -30.442231 ], [ -52.160412, -30.437471 ], [ -52.163342, -30.4289 ], [ -52.173029, -30.420981 ], [ -52.179727, -30.390918 ], [ -52.177508, -30.37774 ], [ -52.170428, -30.370037 ], [ -52.171465, -30.362859 ], [ -52.166024, -30.36037 ], [ -52.163538, -30.346068 ], [ -52.158401, -30.345012 ], [ -52.159704, -30.337331 ], [ -52.153001, -30.334089 ], [ -52.162666, -30.321748 ], [ -52.158189, -30.316085 ], [ -52.166727, -30.310239 ], [ -52.164322, -30.306123 ], [ -52.170597, -30.306618 ], [ -52.170159, -30.283653 ], [ -52.176548, -30.276449 ], [ -52.165453, -30.274304 ], [ -52.165948, -30.254901 ], [ -52.158346, -30.253776 ], [ -52.158911, -30.25006 ], [ -52.151452, -30.246205 ], [ -52.151333, -30.241719 ], [ -52.14594, -30.239788 ], [ -52.135764, -30.227109 ], [ -52.135453, -30.216713 ], [ -52.160827, -30.204521 ], [ -52.162398, -30.199119 ], [ -52.158232, -30.190828 ], [ -52.160458, -30.182764 ], [ -52.151667, -30.175536 ], [ -52.147519, -30.161899 ], [ -52.15205, -30.157252 ], [ -52.151839, -30.145618 ], [ -52.157278, -30.136005 ], [ -52.169068, -30.125031 ], [ -52.165748, -30.107965 ], [ -52.158121, -30.102186 ], [ -52.165673, -30.093043 ], [ -52.16446, -30.076551 ], [ -52.160387, -30.071704 ], [ -52.16227, -30.065807 ], [ -52.155336, -30.061451 ], [ -52.151999, -30.052966 ], [ -52.149844, -30.038026 ], [ -52.153295, -30.028007 ], [ -52.145786, -30.019776 ], [ -52.154448, -29.976802 ], [ -52.148013, -29.963221 ], [ -52.147439, -29.951021 ], [ -52.138894, -29.938866 ], [ -52.126236, -29.937144 ], [ -52.104045, -29.945119 ], [ -52.095157, -29.945812 ], [ -52.077613, -29.939402 ], [ -52.067621, -29.931569 ], [ -52.048503, -29.941091 ], [ -52.035805, -29.954795 ], [ -52.032553, -29.956766 ], [ -52.026003, -29.954257 ], [ -52.027235, -29.943981 ], [ -52.017374, -29.937367 ], [ -52.01529, -29.932298 ], [ -52.018427, -29.930063 ], [ -52.035495, -29.923872 ], [ -52.046475, -29.926682 ], [ -52.054141, -29.922358 ], [ -52.042649, -29.888721 ], [ -52.044565, -29.889114 ], [ -52.050374, -29.865286 ], [ -52.048404, -29.861117 ], [ -52.037401, -29.857935 ], [ -52.052021, -29.839036 ], [ -52.052373, -29.823347 ], [ -52.058141, -29.813761 ], [ -52.052707, -29.804161 ], [ -52.053696, -29.796783 ], [ -52.040031, -29.783964 ], [ -52.034588, -29.766494 ], [ -52.01659, -29.746681 ], [ -52.013875, -29.73562 ], [ -52.033293, -29.710834 ], [ -52.036894, -29.703277 ], [ -52.029748, -29.702437 ], [ -52.019387, -29.70869 ], [ -52.006072, -29.705282 ], [ -52.003124, -29.710381 ], [ -52.004838, -29.716333 ], [ -52.00083, -29.723091 ], [ -51.985815, -29.725764 ], [ -51.984123, -29.730189 ], [ -51.972137, -29.736238 ], [ -51.967231, -29.732692 ], [ -51.960509, -29.735518 ], [ -51.957677, -29.755239 ], [ -51.960455, -29.763829 ], [ -51.954783, -29.765016 ], [ -51.947846, -29.758839 ], [ -51.942456, -29.758152 ], [ -51.919446, -29.762513 ], [ -51.906734, -29.770522 ], [ -51.920514, -29.787789 ], [ -51.912283, -29.809002 ], [ -51.903887, -29.810991 ], [ -51.893203, -29.803863 ], [ -51.885926, -29.80353 ], [ -51.879513, -29.809397 ], [ -51.862417, -29.818091 ], [ -51.840253, -29.823279 ], [ -51.827129, -29.838056 ], [ -51.815021, -29.861326 ], [ -51.777764, -29.860192 ], [ -51.768772, -29.860971 ], [ -51.747483, -29.851503 ], [ -51.733506, -29.852968 ], [ -51.715895, -29.860242 ], [ -51.716302, -29.863448 ], [ -51.72598, -29.87273 ], [ -51.743737, -29.881305 ], [ -51.74976, -29.887905 ], [ -51.750041, -29.900019 ], [ -51.748372, -29.904927 ], [ -51.733492, -29.929786 ], [ -51.726118, -29.946173 ], [ -51.718481, -29.94896 ], [ -51.698814, -29.948107 ], [ -51.685695, -29.94639 ], [ -51.677523, -29.945321 ], [ -51.657284, -29.944804 ], [ -51.618426, -29.945063 ], [ -51.596532, -29.9424 ], [ -51.567479, -29.93886 ], [ -51.538006, -29.929037 ], [ -51.50662, -29.927684 ], [ -51.468512, -29.946317 ], [ -51.459504, -29.954952 ], [ -51.446313, -29.973452 ], [ -51.433542, -29.983408 ], [ -51.411951, -29.987463 ], [ -51.399375, -29.984839 ], [ -51.384828, -29.977276 ], [ -51.368111, -29.974225 ], [ -51.349475, -29.961525 ], [ -51.312342, -29.948206 ], [ -51.305315, -29.949809 ], [ -51.296796, -29.962546 ], [ -51.28639, -29.968725 ], [ -51.277359, -29.980422 ], [ -51.271372, -29.988171 ], [ -51.26318, -30.004076 ], [ -51.261688, -30.011429 ], [ -51.262272, -30.013357 ], [ -51.263741, -30.018213 ], [ -51.267576, -30.03088 ], [ -51.272846, -30.03504 ], [ -51.271381, -30.038474 ], [ -51.279119, -30.037341 ], [ -51.268516, -30.027923 ], [ -51.26764, -30.015981 ], [ -51.277128, -30.01042 ], [ -51.282097, -30.021433 ], [ -51.288871, -30.011394 ], [ -51.289764, -30.001727 ], [ -51.295254, -29.999958 ], [ -51.301767, -30.009403 ], [ -51.303674, -30.027022 ], [ -51.301551, -30.035265 ], [ -51.296937, -30.035396 ], [ -51.291858, -30.047098 ], [ -51.299721, -30.041282 ], [ -51.300948, -30.045718 ], [ -51.298693, -30.050657 ], [ -51.302039, -30.05356 ], [ -51.309247, -30.063082 ], [ -51.313964, -30.082282 ], [ -51.308565, -30.085026 ], [ -51.306328, -30.093794 ], [ -51.313148, -30.111432 ], [ -51.313698, -30.128073 ], [ -51.305583, -30.13517 ], [ -51.310406, -30.13578 ], [ -51.320923, -30.150579 ], [ -51.323611, -30.170184 ], [ -51.318918, -30.174896 ], [ -51.309515, -30.175754 ], [ -51.310224, -30.182068 ], [ -51.306925, -30.180264 ], [ -51.315515, -30.19078 ], [ -51.319121, -30.212581 ], [ -51.324807, -30.214449 ], [ -51.328086, -30.226153 ], [ -51.325233, -30.234476 ], [ -51.318901, -30.234475 ], [ -51.31625, -30.229887 ], [ -51.312808, -30.239641 ], [ -51.291815, -30.230878 ], [ -51.298183, -30.239595 ], [ -51.294334, -30.246451 ], [ -51.286833, -30.250362 ], [ -51.272682, -30.249269 ], [ -51.287021, -30.258238 ], [ -51.291339, -30.254029 ], [ -51.297436, -30.25915 ], [ -51.299111, -30.283346 ], [ -51.293121, -30.303584 ], [ -51.275407, -30.307972 ], [ -51.256677, -30.30527 ], [ -51.245776, -30.314621 ], [ -51.249495, -30.322158 ], [ -51.246696, -30.328028 ], [ -51.24072, -30.325107 ], [ -51.233261, -30.309955 ], [ -51.210204, -30.297421 ], [ -51.206836, -30.340317 ], [ -51.191019, -30.376847 ], [ -51.180481, -30.385472 ], [ -51.155346, -30.37599 ], [ -51.128068, -30.358752 ], [ -51.097196, -30.357069 ], [ -51.094137, -30.36423 ], [ -51.094776, -30.381136 ], [ -51.103653, -30.375842 ], [ -51.121542, -30.396418 ], [ -51.118707, -30.408127 ], [ -51.125698, -30.415093 ], [ -51.124862, -30.428056 ], [ -51.131392, -30.434798 ], [ -51.15207, -30.499767 ], [ -51.156565, -30.498418 ], [ -51.155746, -30.492686 ], [ -51.148126, -30.472996 ], [ -51.142896, -30.470522 ], [ -51.135235, -30.436286 ], [ -51.143389, -30.432036 ], [ -51.141427, -30.426047 ], [ -51.15045, -30.415067 ], [ -51.167002, -30.409672 ], [ -51.197359, -30.407533 ], [ -51.228617, -30.423263 ], [ -51.244393, -30.442292 ], [ -51.249552, -30.459908 ], [ -51.256863, -30.464851 ], [ -51.26247, -30.475178 ], [ -51.297891, -30.558588 ], [ -51.302826, -30.58805 ], [ -51.301707, -30.633949 ], [ -51.292577, -30.707176 ], [ -51.293618, -30.751058 ], [ -51.28062, -30.801168 ], [ -51.281912, -30.812039 ], [ -51.289827, -30.817021 ], [ -51.298127, -30.815845 ], [ -51.284596, -30.806756 ], [ -51.286775, -30.797013 ], [ -51.330684, -30.777981 ], [ -51.304963, -30.783818 ], [ -51.293432, -30.770391 ], [ -51.299134, -30.730852 ], [ -51.305959, -30.714994 ], [ -51.316076, -30.703648 ], [ -51.313435, -30.688003 ], [ -51.318909, -30.679399 ], [ -51.316067, -30.676058 ], [ -51.317142, -30.647664 ], [ -51.33409, -30.633289 ], [ -51.347364, -30.631013 ], [ -51.363574, -30.632741 ], [ -51.376507, -30.639876 ], [ -51.386441, -30.654523 ], [ -51.385152, -30.661735 ], [ -51.390551, -30.668239 ], [ -51.3997, -30.712566 ], [ -51.405307, -30.756251 ], [ -51.403753, -30.782429 ], [ -51.390056, -30.839794 ], [ -51.381191, -30.860442 ], [ -51.368486, -30.873854 ], [ -51.38956, -30.879394 ], [ -51.444535, -30.870627 ], [ -51.447164, -30.873123 ], [ -51.476141, -30.888869 ], [ -51.483418, -30.896618 ], [ -51.496109, -30.914896 ], [ -51.499411, -30.929551 ], [ -51.49947, -30.951497 ], [ -51.499252, -30.971914 ], [ -51.485191, -31.025783 ], [ -51.459481, -31.074743 ], [ -51.448897, -31.084787 ], [ -51.44006, -31.087307 ], [ -51.46099, -31.096174 ], [ -51.539976, -31.112306 ], [ -51.553961, -31.11357 ], [ -51.566745, -31.128127 ], [ -51.601437, -31.131242 ], [ -51.617462, -31.139058 ], [ -51.628138, -31.152454 ], [ -51.638897, -31.180231 ], [ -51.642487, -31.202169 ], [ -51.642041, -31.225577 ], [ -51.633929, -31.254986 ], [ -51.627756, -31.264951 ], [ -51.616191, -31.267188 ], [ -51.663696, -31.270616 ], [ -51.706142, -31.265121 ], [ -51.720038, -31.268773 ], [ -51.736937, -31.280332 ], [ -51.748565, -31.276811 ], [ -51.745307, -31.282018 ], [ -51.75263, -31.279438 ], [ -51.756618, -31.285632 ], [ -51.767028, -31.282192 ], [ -51.768256, -31.277867 ], [ -51.789945, -31.272768 ], [ -51.811212, -31.28525 ], [ -51.798936, -31.2657 ], [ -51.799189, -31.255201 ], [ -51.788116, -31.254331 ], [ -51.791142, -31.251677 ], [ -51.789078, -31.248548 ], [ -51.793184, -31.248499 ], [ -51.789356, -31.244617 ], [ -51.784978, -31.24733 ], [ -51.785872, -31.242171 ], [ -51.779757, -31.232862 ], [ -51.785395, -31.224109 ], [ -51.779128, -31.216017 ], [ -51.788131, -31.213469 ], [ -51.783661, -31.205016 ], [ -51.788124, -31.190031 ], [ -51.794099, -31.184248 ], [ -51.789245, -31.175889 ], [ -51.801799, -31.166659 ], [ -51.809033, -31.16805 ], [ -51.81249, -31.172822 ], [ -51.81747, -31.171787 ], [ -51.819858, -31.158588 ], [ -51.812376, -31.148904 ], [ -51.791028, -31.139692 ], [ -51.790641, -31.136569 ], [ -51.789365, -31.126258 ], [ -51.788976, -31.123112 ], [ -51.806358, -31.125122 ], [ -51.817627, -31.120518 ], [ -51.822038, -31.108421 ], [ -51.829932, -31.111988 ], [ -51.828516, -31.103139 ], [ -51.83838, -31.107384 ], [ -51.837554, -31.099237 ], [ -51.841463, -31.096768 ], [ -51.847864, -31.097479 ], [ -51.855288, -31.103673 ], [ -51.855122, -31.094877 ], [ -51.857632, -31.090488 ], [ -51.866817, -31.093542 ], [ -51.871302, -31.090675 ], [ -51.864889, -31.082736 ], [ -51.870283, -31.076861 ], [ -51.863989, -31.077555 ], [ -51.859604, -31.07196 ], [ -51.866066, -31.060065 ], [ -51.875267, -31.060068 ], [ -51.869298, -31.054317 ], [ -51.870521, -31.051398 ], [ -51.880179, -31.050112 ], [ -51.875271, -31.04315 ], [ -51.879718, -31.036636 ], [ -51.901007, -31.036153 ], [ -51.901699, -31.04268 ], [ -51.916602, -31.046053 ], [ -51.923072, -31.04175 ], [ -51.931708, -31.052314 ], [ -51.933959, -31.065415 ], [ -51.94998, -31.080028 ], [ -51.955813, -31.093815 ], [ -51.946707, -31.096368 ], [ -51.944457, -31.101657 ], [ -51.931762, -31.103237 ], [ -51.929824, -31.110905 ], [ -51.93758, -31.108992 ], [ -51.937462, -31.106021 ], [ -51.957813, -31.106205 ], [ -51.986758, -31.099423 ], [ -52.005003, -31.102115 ], [ -52.015664, -31.109502 ], [ -52.014442, -31.118513 ], [ -52.017755, -31.12356 ], [ -52.014131, -31.137348 ], [ -52.024368, -31.153353 ], [ -52.018087, -31.158408 ], [ -52.024479, -31.159768 ], [ -52.021749, -31.174816 ], [ -52.025645, -31.180441 ], [ -52.030426, -31.149055 ], [ -52.048641, -31.155599 ], [ -52.056006, -31.16356 ], [ -52.058961, -31.162464 ], [ -52.059504, -31.158974 ], [ -52.088558, -31.145854 ], [ -52.088329, -31.139639 ], [ -52.10657, -31.109647 ], [ -52.117895, -31.110729 ], [ -52.12683, -31.103205 ], [ -52.124744, -31.099079 ], [ -52.122673, -31.09403 ], [ -52.113245, -31.091346 ], [ -52.113978, -31.072007 ], [ -52.119757, -31.06883 ], [ -52.124469, -31.058477 ], [ -52.139841, -31.04602 ], [ -52.146908, -31.049659 ], [ -52.155213, -31.040463 ], [ -52.140988, -31.032242 ], [ -52.139846, -31.025738 ], [ -52.132657, -31.025486 ], [ -52.116184, -31.017204 ], [ -52.109041, -31.006674 ], [ -52.089613, -31.002933 ], [ -52.097562, -30.999086 ], [ -52.120704, -30.997188 ], [ -52.13352, -31.001311 ], [ -52.135574, -31.00553 ], [ -52.153624, -31.004142 ], [ -52.206521, -30.993594 ], [ -52.222252, -30.983795 ], [ -52.244349, -30.984809 ], [ -52.24004, -30.97622 ], [ -52.248309, -30.966067 ], [ -52.245647, -30.961774 ], [ -52.270531, -30.958079 ], [ -52.277693, -30.94896 ], [ -52.243444, -30.926889 ], [ -52.246043, -30.898206 ], [ -52.251027, -30.891035 ], [ -52.248779, -30.883949 ], [ -52.240288, -30.881593 ], [ -52.227118, -30.892325 ], [ -52.212367, -30.895655 ], [ -52.205583, -30.907183 ], [ -52.184134, -30.900944 ], [ -52.181287, -30.910105 ], [ -52.176815, -30.912202 ] ] ] } },
{ "type": "Feature", "properties": { "HREG_ID": "43010", "HREG_NAME": "Região 10", "id": "430060", "name": "Alvorada", "description": "Alvorada", "MUN_ID": "430060", "UF": "RS", "MACRO_ID": "4313", "MACRO_NAME": "Metropolitana" }, "geometry": { "type": "Polygon", "coordinates": [ [ [ -50.722476, -29.98517 ], [ -50.715921, -29.987035 ], [ -50.71121, -30.002808 ], [ -50.713142, -30.010622 ], [ -50.700036, -30.017473 ], [ -50.699975, -30.033498 ], [ -50.686151, -30.040628 ], [ -50.683575, -30.041089 ], [ -50.684232, -30.050694 ], [ -50.677827, -30.053457 ], [ -50.652158, -30.037312 ], [ -50.653966, -30.043198 ], [ -50.65755, -30.046225 ], [ -50.650701, -30.059609 ], [ -50.641227, -30.062163 ], [ -50.643545, -30.05856 ], [ -50.635101, -30.054977 ], [ -50.622345, -30.118005 ], [ -50.62098, -30.119373 ], [ -50.620981, -30.120484 ], [ -50.620304, -30.197905 ], [ -50.643808, -30.191742 ], [ -50.658373, -30.199422 ], [ -50.668377, -30.254382 ], [ -50.662967, -30.26988 ], [ -50.654451, -30.280967 ], [ -50.655627, -30.285479 ], [ -50.672729, -30.296141 ], [ -50.705462, -30.296684 ], [ -50.720985, -30.298816 ], [ -50.735975, -30.295169 ], [ -50.750215, -30.296206 ], [ -50.76318, -30.290896 ], [ -50.771506, -30.296117 ], [ -50.772559, -30.288169 ], [ -50.777729, -30.288332 ], [ -50.781492, -30.284272 ], [ -50.787875, -30.290784 ], [ -50.794351, -30.311848 ], [ -50.792303, -30.325883 ], [ -50.788384, -30.332867 ], [ -50.78117, -30.328617 ], [ -50.787352, -30.326264 ], [ -50.785605, -30.324448 ], [ -50.776146, -30.326738 ], [ -50.772982, -30.331703 ], [ -50.77535, -30.33347 ], [ -50.796462, -30.337881 ], [ -50.8435, -30.320257 ], [ -50.906463, -30.322792 ], [ -50.907078, -30.322919 ], [ -50.911772, -30.324802 ], [ -50.921603, -30.331671 ], [ -50.930109, -30.345973 ], [ -50.938035, -30.374599 ], [ -50.938691, -30.393632 ], [ -50.931423, -30.425119 ], [ -50.922365, -30.435731 ], [ -50.901427, -30.442459 ], [ -50.929519, -30.43527 ], [ -50.97289, -30.407117 ], [ -51.012487, -30.389163 ], [ -51.038153, -30.385585 ], [ -51.041566, -30.389312 ], [ -51.055059, -30.391481 ], [ -51.059074, -30.385085 ], [ -51.046881, -30.380996 ], [ -51.047099, -30.372631 ], [ -51.04194, -30.371933 ], [ -51.040776, -30.365875 ], [ -51.04905, -30.35717 ], [ -51.067521, -30.357782 ], [ -51.068216, -30.354519 ], [ -51.050466, -30.348728 ], [ -51.049298, -30.34409 ], [ -51.039315, -30.342436 ], [ -51.034204, -30.336374 ], [ -51.029155, -30.326745 ], [ -51.039724, -30.324716 ], [ -51.025271, -30.320798 ], [ -51.019284, -30.296009 ], [ -51.022741, -30.285765 ], [ -51.022721, -30.283622 ], [ -51.030244, -30.273976 ], [ -51.042209, -30.268175 ], [ -51.047904, -30.267425 ], [ -51.056159, -30.270633 ], [ -51.058692, -30.276211 ], [ -51.0642, -30.275736 ], [ -51.068786, -30.270786 ], [ -51.062825, -30.263315 ], [ -51.067321, -30.250296 ], [ -51.08594, -30.24103 ], [ -51.098891, -30.242877 ], [ -51.102127, -30.247113 ], [ -51.10529, -30.243209 ], [ -51.105609, -30.243163 ], [ -51.098209, -30.257149 ], [ -51.100281, -30.258973 ], [ -51.105027, -30.259418 ], [ -51.105251, -30.251943 ], [ -51.119102, -30.245918 ], [ -51.13206, -30.252441 ], [ -51.136314, -30.262264 ], [ -51.133149, -30.269427 ], [ -51.157539, -30.26203 ], [ -51.163478, -30.266078 ], [ -51.16904, -30.264148 ], [ -51.15857, -30.261452 ], [ -51.151199, -30.245984 ], [ -51.155349, -30.240113 ], [ -51.186941, -30.235916 ], [ -51.192137, -30.242057 ], [ -51.191524, -30.234612 ], [ -51.182947, -30.232804 ], [ -51.176955, -30.219452 ], [ -51.182059, -30.212931 ], [ -51.192461, -30.213734 ], [ -51.198893, -30.210415 ], [ -51.194701, -30.207238 ], [ -51.19369, -30.199487 ], [ -51.197684, -30.193935 ], [ -51.224394, -30.187727 ], [ -51.239343, -30.190254 ], [ -51.248165, -30.185843 ], [ -51.242245, -30.181935 ], [ -51.232027, -30.182538 ], [ -51.226112, -30.176378 ], [ -51.225896, -30.168825 ], [ -51.23262, -30.163463 ], [ -51.226498, -30.158363 ], [ -51.225297, -30.144421 ], [ -51.230382, -30.137137 ], [ -51.244069, -30.131398 ], [ -51.244629, -30.126417 ], [ -51.261492, -30.121297 ], [ -51.287841, -30.122259 ], [ -51.2881, -30.119966 ], [ -51.261105, -30.118942 ], [ -51.258141, -30.111244 ], [ -51.262379, -30.111717 ], [ -51.262403, -30.108877 ], [ -51.257908, -30.110256 ], [ -51.266188, -30.10229 ], [ -51.260749, -30.096387 ], [ -51.249889, -30.09475 ], [ -51.246611, -30.081941 ], [ -51.249039, -30.08065 ], [ -51.231002, -30.05801 ], [ -51.229807, -30.043246 ], [ -51.242017, -30.043082 ], [ -51.241646, -30.034943 ], [ -51.2502, -30.03455 ], [ -51.255042, -30.045771 ], [ -51.266111, -30.056687 ], [ -51.291837, -30.064368 ], [ -51.294516, -30.05361 ], [ -51.289245, -30.05692 ], [ -51.264092, -30.052441 ], [ -51.259656, -30.034009 ], [ -51.268923, -30.034656 ], [ -51.271381, -30.038474 ], [ -51.272846, -30.03504 ], [ -51.267576, -30.03088 ], [ -51.263741, -30.018213 ], [ -51.262272, -30.013357 ], [ -51.261688, -30.011429 ], [ -51.26318, -30.004076 ], [ -51.271372, -29.988171 ], [ -51.277359, -29.980422 ], [ -51.28639, -29.968725 ], [ -51.296796, -29.962546 ], [ -51.305315, -29.949809 ], [ -51.286124, -29.945272 ], [ -51.278464, -29.938494 ], [ -51.265144, -29.934134 ], [ -51.246573, -29.931804 ], [ -51.233122, -29.937217 ], [ -51.220177, -29.966595 ], [ -51.207963, -29.964294 ], [ -51.200437, -29.971139 ], [ -51.175817, -29.967815 ], [ -51.155446, -29.964249 ], [ -51.152347, -29.966198 ], [ -51.146742, -29.959311 ], [ -51.139373, -29.957245 ], [ -51.133514, -29.960324 ], [ -51.126768, -29.954 ], [ -51.125458, -29.932562 ], [ -51.105934, -29.907635 ], [ -51.105497, -29.901951 ], [ -51.122578, -29.865897 ], [ -51.105229, -29.871841 ], [ -51.100745, -29.868202 ], [ -51.100334, -29.868724 ], [ -51.094967, -29.863144 ], [ -51.093354, -29.851569 ], [ -51.086932, -29.840886 ], [ -51.080104, -29.829526 ], [ -51.074727, -29.829494 ], [ -51.056471, -29.823343 ], [ -51.040041, -29.817804 ], [ -51.004676, -29.805876 ], [ -50.975476, -29.796017 ], [ -50.956683, -29.789668 ], [ -50.94444, -29.790757 ], [ -50.915796, -29.793299 ], [ -50.898985, -29.794792 ], [ -50.878316, -29.796621 ], [ -50.873681, -29.79703 ], [ -50.863335, -29.789008 ], [ -50.858897, -29.794012 ], [ -50.844868, -29.784462 ], [ -50.834689, -29.765168 ], [ -50.822783, -29.765851 ], [ -50.814528, -29.770327 ], [ -50.81334, -29.77097 ], [ -50.811668, -29.773791 ], [ -50.801494, -29.775203 ], [ -50.787331, -29.766286 ], [ -50.772278, -29.77607 ], [ -50.764908, -29.772027 ], [ -50.723681, -29.768694 ], [ -50.715832, -29.773285 ], [ -50.711938, -29.781724 ], [ -50.695267, -29.789299 ], [ -50.698715, -29.795435 ], [ -50.703359, -29.788853 ], [ -50.719159, -29.790241 ], [ -50.739824, -29.781532 ], [ -50.751543, -29.788333 ], [ -50.744336, -29.79515 ], [ -50.74327, -29.803054 ], [ -50.734708, -29.807469 ], [ -50.733562, -29.813066 ], [ -50.714467, -29.825004 ], [ -50.708381, -29.823391 ], [ -50.698619, -29.832006 ], [ -50.698485, -29.832124 ], [ -50.695818, -29.834019 ], [ -50.693233, -29.838515 ], [ -50.690465, -29.836758 ], [ -50.68435, -29.840334 ], [ -50.682189, -29.849969 ], [ -50.678791, -29.86186 ], [ -50.683173, -29.873052 ], [ -50.678881, -29.879715 ], [ -50.680136, -29.888957 ], [ -50.693535, -29.912929 ], [ -50.705719, -29.925668 ], [ -50.703676, -29.940241 ], [ -50.68652, -29.94844 ], [ -50.688926, -29.957624 ], [ -50.701797, -29.975005 ], [ -50.72541, -29.979875 ], [ -50.722476, -29.98517 ] ] ] } },
{ "type": "Feature", "properties": { "HREG_ID": "43011", "HREG_NAME": "Região 11", "id": "430250", "name": "Bossoroca", "description": "Bossoroca", "MUN_ID": "430250", "UF": "RS", "MACRO_ID": "4312", "MACRO_NAME": "Missioneira" }, "geometry": { "type": "Polygon", "coordinates": [ [ [ -54.680413, -28.747997 ], [ -54.686966, -28.753463 ], [ -54.689411, -28.762536 ], [ -54.696647, -28.766369 ], [ -54.696299, -28.771998 ], [ -54.702306, -28.775718 ], [ -54.713525, -28.794493 ], [ -54.712882, -28.817368 ], [ -54.707202, -28.836239 ], [ -54.718124, -28.841973 ], [ -54.739586, -28.854532 ], [ -54.757477, -28.855599 ], [ -54.769748, -28.865042 ], [ -54.771086, -28.871187 ], [ -54.778575, -28.873617 ], [ -54.793463, -28.874442 ], [ -54.808913, -28.866119 ], [ -54.815246, -28.868439 ], [ -54.819154, -28.866831 ], [ -54.823708, -28.854217 ], [ -54.832538, -28.847864 ], [ -54.84357, -28.850599 ], [ -54.841748, -28.833661 ], [ -54.847394, -28.832439 ], [ -54.849856, -28.840602 ], [ -54.854366, -28.83934 ], [ -54.858794, -28.831747 ], [ -54.881134, -28.84308 ], [ -54.884915, -28.838203 ], [ -54.881543, -28.825921 ], [ -54.89153, -28.823995 ], [ -54.894184, -28.815648 ], [ -54.901579, -28.817083 ], [ -54.900529, -28.827661 ], [ -54.904666, -28.828959 ], [ -54.911787, -28.822783 ], [ -54.921429, -28.824865 ], [ -54.926202, -28.822092 ], [ -54.930469, -28.825324 ], [ -54.939899, -28.815067 ], [ -54.949635, -28.816604 ], [ -54.954157, -28.808894 ], [ -54.960039, -28.807961 ], [ -54.98093, -28.794739 ], [ -54.981907, -28.78891 ], [ -54.995888, -28.77726 ], [ -55.003735, -28.775632 ], [ -55.007306, -28.795992 ], [ -55.020791, -28.787199 ], [ -55.024326, -28.797828 ], [ -55.033426, -28.79769 ], [ -55.030011, -28.788942 ], [ -55.033974, -28.780222 ], [ -55.042248, -28.773872 ], [ -55.043177, -28.761759 ], [ -55.055467, -28.766213 ], [ -55.064063, -28.776971 ], [ -55.070564, -28.775688 ], [ -55.078243, -28.767934 ], [ -55.072494, -28.760707 ], [ -55.085324, -28.756227 ], [ -55.086322, -28.75084 ], [ -55.098065, -28.752997 ], [ -55.113511, -28.741989 ], [ -55.132089, -28.744521 ], [ -55.154831, -28.736253 ], [ -55.161046, -28.74504 ], [ -55.164256, -28.75119 ], [ -55.174392, -28.753331 ], [ -55.175464, -28.757234 ], [ -55.184128, -28.761355 ], [ -55.191196, -28.757505 ], [ -55.182463, -28.748762 ], [ -55.193726, -28.732117 ], [ -55.190967, -28.727143 ], [ -55.20245, -28.721192 ], [ -55.206991, -28.71102 ], [ -55.224874, -28.710897 ], [ -55.22418, -28.703886 ], [ -55.231488, -28.698237 ], [ -55.222519, -28.67614 ], [ -55.22539, -28.665675 ], [ -55.241648, -28.677027 ], [ -55.235473, -28.686965 ], [ -55.252731, -28.690399 ], [ -55.256184, -28.681448 ], [ -55.274425, -28.671777 ], [ -55.28217, -28.682554 ], [ -55.287101, -28.678074 ], [ -55.283946, -28.668478 ], [ -55.28642, -28.665941 ], [ -55.290358, -28.664736 ], [ -55.305171, -28.671507 ], [ -55.313977, -28.664154 ], [ -55.315447, -28.657085 ], [ -55.324029, -28.656022 ], [ -55.322941, -28.659719 ], [ -55.329914, -28.666966 ], [ -55.344625, -28.666415 ], [ -55.345688, -28.650307 ], [ -55.355455, -28.649017 ], [ -55.35544, -28.657233 ], [ -55.363011, -28.660307 ], [ -55.367052, -28.653345 ], [ -55.37443, -28.6568 ], [ -55.374733, -28.665526 ], [ -55.3803, -28.668905 ], [ -55.394201, -28.657496 ], [ -55.394846, -28.650708 ], [ -55.411271, -28.648623 ], [ -55.415801, -28.655999 ], [ -55.420342, -28.654076 ], [ -55.42141, -28.648671 ], [ -55.437954, -28.650156 ], [ -55.430472, -28.656151 ], [ -55.439183, -28.672519 ], [ -55.445552, -28.674776 ], [ -55.450769, -28.66628 ], [ -55.454984, -28.667621 ], [ -55.465229, -28.66337 ], [ -55.480954, -28.668221 ], [ -55.48489, -28.661148 ], [ -55.488288, -28.662654 ], [ -55.495448, -28.678416 ], [ -55.488122, -28.681285 ], [ -55.487238, -28.687164 ], [ -55.491554, -28.69321 ], [ -55.50001, -28.698256 ], [ -55.508107, -28.693401 ], [ -55.515977, -28.706524 ], [ -55.521763, -28.702952 ], [ -55.525686, -28.689934 ], [ -55.53106, -28.685897 ], [ -55.535513, -28.697518 ], [ -55.549291, -28.706997 ], [ -55.534903, -28.710181 ], [ -55.53371, -28.717397 ], [ -55.537116, -28.721876 ], [ -55.533779, -28.72964 ], [ -55.519509, -28.725831 ], [ -55.508753, -28.73282 ], [ -55.496611, -28.731059 ], [ -55.495554, -28.739333 ], [ -55.507082, -28.744273 ], [ -55.503492, -28.763621 ], [ -55.494914, -28.764363 ], [ -55.478318, -28.797623 ], [ -55.469349, -28.802248 ], [ -55.465267, -28.811647 ], [ -55.457773, -28.814152 ], [ -55.44826, -28.812407 ], [ -55.443742, -28.821885 ], [ -55.432228, -28.826964 ], [ -55.430882, -28.84391 ], [ -55.418883, -28.844486 ], [ -55.418454, -28.84915 ], [ -55.430605, -28.85737 ], [ -55.431035, -28.862485 ], [ -55.41317, -28.863962 ], [ -55.400174, -28.870492 ], [ -55.395873, -28.879646 ], [ -55.383198, -28.873094 ], [ -55.366963, -28.879513 ], [ -55.373818, -28.889413 ], [ -55.375316, -28.900219 ], [ -55.372486, -28.920089 ], [ -55.357519, -28.931322 ], [ -55.349306, -28.931094 ], [ -55.344986, -28.941465 ], [ -55.32244, -28.940123 ], [ -55.318951, -28.953478 ], [ -55.321778, -28.959754 ], [ -55.298777, -28.966888 ], [ -55.293628, -28.972173 ], [ -55.292442, -28.991029 ], [ -55.317807, -28.991987 ], [ -55.343119, -28.985543 ], [ -55.372672, -28.971386 ], [ -55.385092, -28.975536 ], [ -55.373716, -28.985134 ], [ -55.374148, -28.988719 ], [ -55.392637, -28.999898 ], [ -55.399321, -29.009321 ], [ -55.399508, -29.018612 ], [ -55.412, -29.047015 ], [ -55.423676, -29.057756 ], [ -55.44095, -29.064792 ], [ -55.464723, -29.081747 ], [ -55.482257, -29.058303 ], [ -55.492313, -29.052678 ], [ -55.497869, -29.035438 ], [ -55.500737, -29.003476 ], [ -55.504058, -29.000187 ], [ -55.523071, -29.004633 ], [ -55.537828, -29.001431 ], [ -55.545353, -29.005721 ], [ -55.558214, -29.00271 ], [ -55.574304, -29.004653 ], [ -55.57489, -29.013998 ], [ -55.581609, -29.019789 ], [ -55.593325, -29.009855 ], [ -55.59935, -29.013783 ], [ -55.622651, -29.007731 ], [ -55.644613, -29.0143 ], [ -55.660772, -29.011204 ], [ -55.669538, -29.019498 ], [ -55.681476, -29.01579 ], [ -55.685266, -29.011132 ], [ -55.695199, -29.001775 ], [ -55.717896, -28.998013 ], [ -55.725669, -28.981813 ], [ -55.743761, -28.985579 ], [ -55.766058, -28.985257 ], [ -55.772624, -28.979846 ], [ -55.784169, -28.983298 ], [ -55.793584, -28.985333 ], [ -55.799239, -28.993822 ], [ -55.802242, -28.993367 ], [ -55.81727, -28.99226 ], [ -55.827793, -28.97872 ], [ -55.839452, -28.975392 ], [ -55.838968, -28.971242 ], [ -55.850311, -28.964458 ], [ -55.859593, -28.968718 ], [ -55.868193, -28.966184 ], [ -55.875358, -28.964831 ], [ -55.876367, -28.960557 ], [ -55.8913, -28.957406 ], [ -55.897927, -28.951314 ], [ -55.913593, -28.948119 ], [ -55.928296, -28.949388 ], [ -55.933864, -28.944811 ], [ -55.952852, -28.94427 ], [ -55.955611, -28.939903 ], [ -55.994684, -28.943943 ], [ -56.020945, -28.916485 ], [ -56.043834, -28.919085 ], [ -56.064575, -28.912827 ], [ -56.064744, -28.906961 ], [ -56.059635, -28.8987 ], [ -56.056587, -28.900035 ], [ -56.054056, -28.892279 ], [ -56.058671, -28.885482 ], [ -56.06651, -28.881792 ], [ -56.069692, -28.872202 ], [ -56.075348, -28.868394 ], [ -56.074858, -28.861833 ], [ -56.078348, -28.861281 ], [ -56.075332, -28.857133 ], [ -56.081031, -28.856206 ], [ -56.085734, -28.856716 ], [ -56.088832, -28.853128 ], [ -56.095731, -28.857382 ], [ -56.093195, -28.853541 ], [ -56.107013, -28.84766 ], [ -56.112732, -28.85214 ], [ -56.109974, -28.856602 ], [ -56.119423, -28.858819 ], [ -56.121828, -28.854687 ], [ -56.131593, -28.865871 ], [ -56.137305, -28.857147 ], [ -56.141438, -28.863412 ], [ -56.14532, -28.86427 ], [ -56.145867, -28.86116 ], [ -56.149276, -28.866507 ], [ -56.152765, -28.860695 ], [ -56.154311, -28.863718 ], [ -56.164184, -28.862482 ], [ -56.16352, -28.865603 ], [ -56.168623, -28.866753 ], [ -56.164999, -28.870235 ], [ -56.172076, -28.874668 ], [ -56.172208, -28.88348 ], [ -56.178747, -28.885656 ], [ -56.174606, -28.895811 ], [ -56.178159, -28.900517 ], [ -56.189986, -28.90139 ], [ -56.196107, -28.897777 ], [ -56.198885, -28.900619 ], [ -56.196465, -28.904798 ], [ -56.200633, -28.905251 ], [ -56.197527, -28.907918 ], [ -56.206555, -28.90936 ], [ -56.2034, -28.913204 ], [ -56.207506, -28.912963 ], [ -56.207464, -28.923189 ], [ -56.21117, -28.919532 ], [ -56.20931, -28.926732 ], [ -56.215508, -28.930024 ], [ -56.221423, -28.925575 ], [ -56.224167, -28.933345 ], [ -56.231249, -28.937047 ], [ -56.247194, -28.934626 ], [ -56.247748, -28.939409 ], [ -56.254235, -28.9364 ], [ -56.257445, -28.94429 ], [ -56.26351, -28.941797 ], [ -56.270495, -28.931781 ], [ -56.272064, -28.936847 ], [ -56.280955, -28.942466 ], [ -56.284415, -28.935213 ], [ -56.287587, -28.938552 ], [ -56.290035, -28.932134 ], [ -56.29607, -28.929156 ], [ -56.3005, -28.933733 ], [ -56.305132, -28.933063 ], [ -56.306437, -28.925727 ], [ -56.313685, -28.935156 ], [ -56.312604, -28.930524 ], [ -56.324026, -28.923544 ], [ -56.303223, -28.901502 ], [ -56.297814, -28.890185 ], [ -56.295221, -28.859392 ], [ -56.300017, -28.813504 ], [ -56.293176, -28.797171 ], [ -56.282694, -28.787798 ], [ -56.2628, -28.777681 ], [ -56.18889, -28.772005 ], [ -56.161893, -28.7424 ], [ -56.147997, -28.714447 ], [ -56.124625, -28.686827 ], [ -56.046861, -28.623531 ], [ -56.019136, -28.613507 ], [ -56.001599, -28.598107 ], [ -55.999279, -28.584886 ], [ -56.007226, -28.568432 ], [ -56.019784, -28.552742 ], [ -56.025363, -28.538563 ], [ -56.02275, -28.524424 ], [ -56.010748, -28.506632 ], [ -55.983477, -28.496859 ], [ -55.948686, -28.494532 ], [ -55.916701, -28.48231 ], [ -55.885581, -28.479938 ], [ -55.880491, -28.4728 ], [ -55.880906, -28.464684 ], [ -55.900594, -28.416627 ], [ -55.901576, -28.406337 ], [ -55.899168, -28.396708 ], [ -55.876571, -28.361251 ], [ -55.857929, -28.354738 ], [ -55.818456, -28.364385 ], [ -55.773759, -28.367219 ], [ -55.753376, -28.369312 ], [ -55.73962, -28.375523 ], [ -55.731117, -28.38343 ], [ -55.723857, -28.400988 ], [ -55.719409, -28.415989 ], [ -55.71045, -28.426153 ], [ -55.696358, -28.425348 ], [ -55.689864, -28.415371 ], [ -55.688999, -28.391119 ], [ -55.667516, -28.340728 ], [ -55.673087, -28.327609 ], [ -55.735205, -28.284176 ], [ -55.772202, -28.273485 ], [ -55.781294, -28.254005 ], [ -55.771693, -28.24269 ], [ -55.751167, -28.234372 ], [ -55.698155, -28.222104 ], [ -55.657887, -28.186392 ], [ -55.646341, -28.180984 ], [ -55.635335, -28.178099 ], [ -55.629543, -28.175722 ], [ -55.625707, -28.166335 ], [ -55.627681, -28.158507 ], [ -55.619116, -28.14953 ], [ -55.620756, -28.13535 ], [ -55.617999, -28.128281 ], [ -55.607679, -28.11571 ], [ -55.595253, -28.115816 ], [ -55.584562, -28.121361 ], [ -55.582869, -28.128615 ], [ -55.588165, -28.142982 ], [ -55.586023, -28.147462 ], [ -55.561279, -28.165096 ], [ -55.5569, -28.165395 ], [ -55.547987, -28.15699 ], [ -55.547158, -28.143097 ], [ -55.546134, -28.13481 ], [ -55.537101, -28.119939 ], [ -55.511227, -28.113655 ], [ -55.501734, -28.087584 ], [ -55.493696, -28.076876 ], [ -55.483005, -28.077335 ], [ -55.46459, -28.093868 ], [ -55.45404, -28.098827 ], [ -55.445523, -28.097577 ], [ -55.437217, -28.086017 ], [ -55.414294, -28.05528 ], [ -55.373059, -28.034887 ], [ -55.367819, -28.029013 ], [ -55.367212, -28.015675 ], [ -55.37506, -28.000134 ], [ -55.382012, -27.996345 ], [ -55.383999, -27.983716 ], [ -55.373043, -27.974812 ], [ -55.343416, -27.972133 ], [ -55.33741, -27.965705 ], [ -55.330841, -27.939428 ], [ -55.324722, -27.928713 ], [ -55.316172, -27.924261 ], [ -55.303706, -27.924565 ], [ -55.277243, -27.934878 ], [ -55.264069, -27.93173 ], [ -55.254129, -27.92225 ], [ -55.232938, -27.885664 ], [ -55.196022, -27.856139 ], [ -55.181872, -27.856445 ], [ -55.168991, -27.86169 ], [ -55.154515, -27.881133 ], [ -55.137297, -27.895122 ], [ -55.13321, -27.896653 ], [ -55.127237, -27.8934 ], [ -55.122473, -27.884253 ], [ -55.125727, -27.859521 ], [ -55.12116, -27.853443 ], [ -55.106033, -27.846181 ], [ -55.080714, -27.842996 ], [ -55.051314, -27.852366 ], [ -55.05387, -27.862558 ], [ -55.044426, -27.86487 ], [ -55.04334, -27.868246 ], [ -55.050078, -27.869887 ], [ -55.052774, -27.875606 ], [ -55.04819, -27.882238 ], [ -55.048043, -27.922322 ], [ -55.047996, -27.941485 ], [ -55.058487, -27.94156 ], [ -55.058931, -27.941564 ], [ -55.079033, -27.941706 ], [ -55.078228, -27.950034 ], [ -55.07445, -27.989157 ], [ -55.072498, -28.009369 ], [ -55.066382, -28.011092 ], [ -55.066708, -28.007102 ], [ -55.050479, -28.001791 ], [ -55.045003, -28.002861 ], [ -55.030527, -28.019158 ], [ -55.02903, -28.015957 ], [ -55.026129, -28.018786 ], [ -55.028534, -28.021144 ], [ -55.02231, -28.027774 ], [ -55.017581, -28.038417 ], [ -55.003147, -28.041241 ], [ -54.990027, -28.054552 ], [ -54.985153, -28.052807 ], [ -54.980064, -28.055625 ], [ -54.968312, -28.055638 ], [ -54.937586, -28.055671 ], [ -54.92747, -28.057076 ], [ -54.905993, -28.057137 ], [ -54.906072, -28.04551 ], [ -54.865841, -28.045239 ], [ -54.865837, -28.024815 ], [ -54.865832, -28.009677 ], [ -54.86251, -28.008491 ], [ -54.857156, -28.023021 ], [ -54.849886, -28.013014 ], [ -54.847047, -28.018198 ], [ -54.838802, -28.020436 ], [ -54.842489, -28.028905 ], [ -54.83819, -28.034072 ], [ -54.831454, -28.034843 ], [ -54.834476, -28.022313 ], [ -54.810796, -28.020205 ], [ -54.809952, -28.026407 ], [ -54.81945, -28.026524 ], [ -54.822085, -28.030242 ], [ -54.809335, -28.035657 ], [ -54.815383, -28.042043 ], [ -54.815093, -28.051223 ], [ -54.807264, -28.04679 ], [ -54.793865, -28.041759 ], [ -54.798394, -28.051266 ], [ -54.794475, -28.053397 ], [ -54.783297, -28.050038 ], [ -54.784546, -28.043452 ], [ -54.777771, -28.04384 ], [ -54.766459, -28.039537 ], [ -54.748942, -28.043462 ], [ -54.757807, -28.058276 ], [ -54.751447, -28.066695 ], [ -54.745723, -28.068267 ], [ -54.737686, -28.058587 ], [ -54.737362, -28.018525 ], [ -54.737271, -28.007126 ], [ -54.717078, -28.010313 ], [ -54.71703, -28.013173 ], [ -54.68593, -28.012626 ], [ -54.672637, -28.012391 ], [ -54.63596, -28.011734 ], [ -54.635666, -28.011728 ], [ -54.616462, -28.01138 ], [ -54.616472, -28.008327 ], [ -54.616703, -27.936025 ], [ -54.606348, -27.940498 ], [ -54.595191, -27.944244 ], [ -54.594405, -28.014191 ], [ -54.584197, -28.016245 ], [ -54.584195, -28.065569 ], [ -54.584193, -28.065659 ], [ -54.584192, -28.093186 ], [ -54.574114, -28.093193 ], [ -54.574136, -28.101759 ], [ -54.560283, -28.101986 ], [ -54.560051, -28.112526 ], [ -54.552997, -28.112337 ], [ -54.552954, -28.115993 ], [ -54.543798, -28.115486 ], [ -54.533095, -28.113391 ], [ -54.527458, -28.093007 ], [ -54.515642, -28.092359 ], [ -54.506405, -28.101829 ], [ -54.503279, -28.097684 ], [ -54.491043, -28.096845 ], [ -54.483685, -28.087351 ], [ -54.473811, -28.084758 ], [ -54.464328, -28.07739 ], [ -54.439514, -28.071054 ], [ -54.43762, -28.070723 ], [ -54.426619, -28.070022 ], [ -54.42374, -28.076006 ], [ -54.427982, -28.085138 ], [ -54.426343, -28.093414 ], [ -54.409723, -28.102198 ], [ -54.414649, -28.112237 ], [ -54.394994, -28.128804 ], [ -54.402517, -28.139322 ], [ -54.406461, -28.143166 ], [ -54.393565, -28.150844 ], [ -54.39618, -28.157508 ], [ -54.390609, -28.160591 ], [ -54.384702, -28.159146 ], [ -54.378041, -28.162432 ], [ -54.374381, -28.159109 ], [ -54.377427, -28.155596 ], [ -54.374099, -28.150732 ], [ -54.366374, -28.159387 ], [ -54.348667, -28.15974 ], [ -54.343005, -28.155721 ], [ -54.335454, -28.161009 ], [ -54.325551, -28.159765 ], [ -54.324286, -28.157531 ], [ -54.313657, -28.162 ], [ -54.303325, -28.158306 ], [ -54.299092, -28.160281 ], [ -54.299035, -28.160341 ], [ -54.290193, -28.163132 ], [ -54.282611, -28.161173 ], [ -54.280454, -28.165024 ], [ -54.268559, -28.161829 ], [ -54.262865, -28.164312 ], [ -54.257372, -28.159634 ], [ -54.25244, -28.163879 ], [ -54.247176, -28.16067 ], [ -54.24837, -28.156059 ], [ -54.239548, -28.155689 ], [ -54.237707, -28.149836 ], [ -54.229449, -28.147119 ], [ -54.225145, -28.149242 ], [ -54.221035, -28.142463 ], [ -54.212571, -28.141116 ], [ -54.202002, -28.144991 ], [ -54.195295, -28.140254 ], [ -54.187678, -28.141269 ], [ -54.179655, -28.137724 ], [ -54.174545, -28.149826 ], [ -54.17722, -28.155026 ], [ -54.17165, -28.152954 ], [ -54.162714, -28.15753 ], [ -54.151251, -28.157308 ], [ -54.136984, -28.173811 ], [ -54.126268, -28.184762 ], [ -54.13019, -28.192134 ], [ -54.106513, -28.230921 ], [ -54.106577, -28.241097 ], [ -54.115734, -28.244062 ], [ -54.115507, -28.251582 ], [ -54.102826, -28.25696 ], [ -54.108205, -28.259348 ], [ -54.10068, -28.276182 ], [ -54.113228, -28.272714 ], [ -54.119017, -28.283909 ], [ -54.124087, -28.276189 ], [ -54.129373, -28.285206 ], [ -54.128411, -28.297692 ], [ -54.123052, -28.300677 ], [ -54.123026, -28.304701 ], [ -54.12803, -28.307951 ], [ -54.133564, -28.305488 ], [ -54.13609, -28.310111 ], [ -54.13046, -28.31854 ], [ -54.130708, -28.318644 ], [ -54.130701, -28.324297 ], [ -54.137603, -28.321413 ], [ -54.145045, -28.330165 ], [ -54.143018, -28.336579 ], [ -54.129529, -28.337804 ], [ -54.129889, -28.343524 ], [ -54.14964, -28.347815 ], [ -54.155768, -28.354018 ], [ -54.154223, -28.365681 ], [ -54.149687, -28.368562 ], [ -54.134467, -28.365183 ], [ -54.132073, -28.355765 ], [ -54.116078, -28.362479 ], [ -54.111496, -28.370383 ], [ -54.107486, -28.375914 ], [ -54.107554, -28.396086 ], [ -54.092439, -28.425932 ], [ -54.14751, -28.433017 ], [ -54.146201, -28.448761 ], [ -54.137606, -28.460016 ], [ -54.138157, -28.465648 ], [ -54.139281, -28.482138 ], [ -54.127235, -28.490337 ], [ -54.127114, -28.502257 ], [ -54.127074, -28.506218 ], [ -54.126835, -28.529555 ], [ -54.126581, -28.554507 ], [ -54.132101, -28.556575 ], [ -54.137782, -28.551404 ], [ -54.145168, -28.560561 ], [ -54.151103, -28.556479 ], [ -54.146045, -28.562779 ], [ -54.140726, -28.559693 ], [ -54.135048, -28.565458 ], [ -54.15198, -28.563292 ], [ -54.147992, -28.571484 ], [ -54.156335, -28.581989 ], [ -54.152552, -28.589772 ], [ -54.156837, -28.588881 ], [ -54.163113, -28.593122 ], [ -54.152001, -28.595189 ], [ -54.153549, -28.599336 ], [ -54.147595, -28.60555 ], [ -54.156418, -28.610012 ], [ -54.163215, -28.616892 ], [ -54.174844, -28.619338 ], [ -54.176457, -28.635631 ], [ -54.182396, -28.642726 ], [ -54.190448, -28.644145 ], [ -54.19662, -28.659946 ], [ -54.209824, -28.655514 ], [ -54.21807, -28.656403 ], [ -54.227895, -28.649032 ], [ -54.242291, -28.646603 ], [ -54.243107, -28.651853 ], [ -54.26242, -28.664327 ], [ -54.272701, -28.666793 ], [ -54.280169, -28.676272 ], [ -54.28196, -28.661366 ], [ -54.289295, -28.66551 ], [ -54.299602, -28.662951 ], [ -54.307463, -28.66666 ], [ -54.314599, -28.663313 ], [ -54.338831, -28.67425 ], [ -54.323303, -28.685919 ], [ -54.319989, -28.681993 ], [ -54.309395, -28.689105 ], [ -54.314097, -28.696254 ], [ -54.316377, -28.713269 ], [ -54.321862, -28.723751 ], [ -54.327277, -28.726631 ], [ -54.343485, -28.714677 ], [ -54.349825, -28.705672 ], [ -54.365934, -28.707728 ], [ -54.371476, -28.701229 ], [ -54.379115, -28.701508 ], [ -54.377877, -28.693742 ], [ -54.402057, -28.708184 ], [ -54.412359, -28.731719 ], [ -54.410853, -28.735692 ], [ -54.410629, -28.731177 ], [ -54.403355, -28.724925 ], [ -54.397677, -28.725867 ], [ -54.403286, -28.731099 ], [ -54.394471, -28.746065 ], [ -54.403082, -28.749497 ], [ -54.390735, -28.754491 ], [ -54.388537, -28.782849 ], [ -54.397442, -28.78413 ], [ -54.391902, -28.79053 ], [ -54.378096, -28.786284 ], [ -54.372541, -28.793159 ], [ -54.362008, -28.784744 ], [ -54.357314, -28.786592 ], [ -54.359876, -28.79054 ], [ -54.355352, -28.803012 ], [ -54.358641, -28.805757 ], [ -54.355523, -28.827195 ], [ -54.358234, -28.837822 ], [ -54.354858, -28.852295 ], [ -54.35853, -28.854867 ], [ -54.360887, -28.867108 ], [ -54.357105, -28.871705 ], [ -54.357456, -28.888505 ], [ -54.329385, -28.919894 ], [ -54.32997, -28.930809 ], [ -54.342162, -28.929926 ], [ -54.356561, -28.960587 ], [ -54.350563, -28.972436 ], [ -54.379849, -29.005665 ], [ -54.38988, -28.97468 ], [ -54.397898, -28.964538 ], [ -54.400309, -28.944728 ], [ -54.411668, -28.935846 ], [ -54.408873, -28.922439 ], [ -54.420163, -28.921268 ], [ -54.426172, -28.912335 ], [ -54.434401, -28.896991 ], [ -54.44284, -28.89572 ], [ -54.443366, -28.889054 ], [ -54.448129, -28.892272 ], [ -54.454824, -28.887092 ], [ -54.458271, -28.882744 ], [ -54.456863, -28.877323 ], [ -54.461159, -28.876132 ], [ -54.46401, -28.879679 ], [ -54.480213, -28.883166 ], [ -54.485212, -28.879831 ], [ -54.476452, -28.873728 ], [ -54.482307, -28.871925 ], [ -54.486448, -28.8762 ], [ -54.492764, -28.875154 ], [ -54.490954, -28.868327 ], [ -54.493489, -28.866898 ], [ -54.498495, -28.871884 ], [ -54.503834, -28.868354 ], [ -54.509414, -28.874085 ], [ -54.515286, -28.868629 ], [ -54.518729, -28.869342 ], [ -54.522447, -28.870853 ], [ -54.528048, -28.867132 ], [ -54.528832, -28.859704 ], [ -54.525871, -28.857832 ], [ -54.532667, -28.858277 ], [ -54.537059, -28.854242 ], [ -54.541429, -28.859209 ], [ -54.540999, -28.856372 ], [ -54.546494, -28.853861 ], [ -54.538157, -28.848704 ], [ -54.539778, -28.845485 ], [ -54.543365, -28.845164 ], [ -54.544656, -28.849212 ], [ -54.545816, -28.842289 ], [ -54.553166, -28.842975 ], [ -54.556372, -28.847677 ], [ -54.559887, -28.843229 ], [ -54.56436, -28.843407 ], [ -54.56801, -28.835426 ], [ -54.576614, -28.837692 ], [ -54.572004, -28.82507 ], [ -54.575057, -28.815685 ], [ -54.584829, -28.811849 ], [ -54.587571, -28.817902 ], [ -54.595195, -28.805269 ], [ -54.590589, -28.801804 ], [ -54.586024, -28.805876 ], [ -54.578009, -28.804483 ], [ -54.578204, -28.79815 ], [ -54.586317, -28.802229 ], [ -54.592891, -28.793014 ], [ -54.585753, -28.792743 ], [ -54.582313, -28.788784 ], [ -54.591498, -28.783946 ], [ -54.597408, -28.786147 ], [ -54.602395, -28.781183 ], [ -54.610986, -28.786632 ], [ -54.611199, -28.779192 ], [ -54.604195, -28.777357 ], [ -54.611624, -28.774336 ], [ -54.618777, -28.776688 ], [ -54.613849, -28.76967 ], [ -54.626542, -28.768967 ], [ -54.623136, -28.762349 ], [ -54.615901, -28.759404 ], [ -54.616783, -28.752823 ], [ -54.609573, -28.745546 ], [ -54.61716, -28.739373 ], [ -54.627181, -28.738913 ], [ -54.624985, -28.74308 ], [ -54.628909, -28.74779 ], [ -54.640222, -28.742947 ], [ -54.640023, -28.733106 ], [ -54.645158, -28.733015 ], [ -54.652034, -28.740002 ], [ -54.656196, -28.738968 ], [ -54.659175, -28.734453 ], [ -54.654762, -28.729323 ], [ -54.656685, -28.724767 ], [ -54.661042, -28.724664 ], [ -54.664412, -28.715872 ], [ -54.670666, -28.715631 ], [ -54.680413, -28.747997 ] ], [ [ -54.353355, -28.656598 ], [ -54.353355, -28.656597 ], [ -54.372886, -28.666241 ], [ -54.353355, -28.656598 ] ] ] } },
{ "type": "Feature", "properties": { "HREG_ID": "43012", "HREG_NAME": "Região 12", "id": "430222", "name": "Boa Vista do Cadeado", "description": "Boa Vista do Cadeado", "MUN_ID": "430222", "UF": "RS", "MACRO_ID": "4312", "MACRO_NAME": "Missioneira" }, "geometry": { "type": "Polygon", "coordinates": [ [ [ -53.018046, -29.156817 ], [ -53.034645, -29.152836 ], [ -53.035955, -29.159559 ], [ -53.043637, -29.162831 ], [ -53.052685, -29.161807 ], [ -53.052199, -29.155389 ], [ -53.062987, -29.156209 ], [ -53.064594, -29.159571 ], [ -53.058787, -29.168422 ], [ -53.060954, -29.175419 ], [ -53.057082, -29.179283 ], [ -53.061788, -29.181035 ], [ -53.063737, -29.182234 ], [ -53.072007, -29.177301 ], [ -53.068453, -29.168677 ], [ -53.078922, -29.161414 ], [ -53.087837, -29.154147 ], [ -53.090774, -29.146824 ], [ -53.095026, -29.146362 ], [ -53.093737, -29.139368 ], [ -53.114569, -29.147517 ], [ -53.129541, -29.142899 ], [ -53.140893, -29.130301 ], [ -53.146674, -29.129484 ], [ -53.157984, -29.134811 ], [ -53.15822, -29.134997 ], [ -53.163156, -29.136687 ], [ -53.185609, -29.129835 ], [ -53.190254, -29.130042 ], [ -53.195777, -29.136992 ], [ -53.204637, -29.13652 ], [ -53.207568, -29.139498 ], [ -53.217168, -29.13605 ], [ -53.232188, -29.140216 ], [ -53.25411, -29.135805 ], [ -53.260906, -29.143808 ], [ -53.268001, -29.13906 ], [ -53.277107, -29.144598 ], [ -53.280621, -29.128296 ], [ -53.286281, -29.134988 ], [ -53.292257, -29.132206 ], [ -53.289677, -29.127326 ], [ -53.294323, -29.125719 ], [ -53.301004, -29.129701 ], [ -53.309002, -29.128224 ], [ -53.311342, -29.131568 ], [ -53.331585, -29.127736 ], [ -53.347923, -29.117999 ], [ -53.350092, -29.111201 ], [ -53.358489, -29.117488 ], [ -53.354155, -29.127568 ], [ -53.359049, -29.129011 ], [ -53.366216, -29.121626 ], [ -53.385249, -29.123257 ], [ -53.40001, -29.117181 ], [ -53.404913, -29.119756 ], [ -53.413434, -29.105391 ], [ -53.418094, -29.104111 ], [ -53.428552, -29.09444 ], [ -53.438699, -29.096553 ], [ -53.437951, -29.090594 ], [ -53.445311, -29.085999 ], [ -53.454944, -29.091898 ], [ -53.454741, -29.088004 ], [ -53.460686, -29.088688 ], [ -53.464249, -29.085542 ], [ -53.461021, -29.084189 ], [ -53.461885, -29.07543 ], [ -53.467747, -29.081928 ], [ -53.47737, -29.072767 ], [ -53.480214, -29.075334 ], [ -53.482238, -29.072392 ], [ -53.485849, -29.074614 ], [ -53.493849, -29.072592 ], [ -53.495943, -29.062268 ], [ -53.506926, -29.063958 ], [ -53.502585, -29.05426 ], [ -53.508793, -29.051508 ], [ -53.504441, -29.04555 ], [ -53.510099, -29.037151 ], [ -53.506131, -29.034573 ], [ -53.509355, -29.031955 ], [ -53.515874, -29.026661 ], [ -53.521074, -29.027273 ], [ -53.529837, -29.006382 ], [ -53.53882, -29.010584 ], [ -53.545018, -29.008508 ], [ -53.539592, -29.008725 ], [ -53.543121, -28.99923 ], [ -53.532784, -29.001957 ], [ -53.531997, -28.992954 ], [ -53.520868, -28.989039 ], [ -53.519727, -28.98389 ], [ -53.524773, -28.983 ], [ -53.526178, -28.966736 ], [ -53.541575, -28.975039 ], [ -53.556, -28.969921 ], [ -53.555234, -28.967899 ], [ -53.54943, -28.971181 ], [ -53.546262, -28.968478 ], [ -53.551682, -28.958893 ], [ -53.565703, -28.963187 ], [ -53.564231, -28.957291 ], [ -53.567136, -28.954963 ], [ -53.576547, -28.94339 ], [ -53.581539, -28.943408 ], [ -53.584419, -28.939602 ], [ -53.588513, -28.946074 ], [ -53.594476, -28.937482 ], [ -53.599001, -28.943582 ], [ -53.60829, -28.937535 ], [ -53.617812, -28.940627 ], [ -53.620594, -28.945095 ], [ -53.627253, -28.942578 ], [ -53.638442, -28.945169 ], [ -53.63159, -28.938233 ], [ -53.637425, -28.935113 ], [ -53.638468, -28.937653 ], [ -53.646455, -28.932061 ], [ -53.652168, -28.940823 ], [ -53.663399, -28.939026 ], [ -53.6683, -28.936208 ], [ -53.669981, -28.926087 ], [ -53.678989, -28.917675 ], [ -53.68279, -28.900831 ], [ -53.689909, -28.901802 ], [ -53.693713, -28.896277 ], [ -53.700715, -28.895381 ], [ -53.703466, -28.890177 ], [ -53.716192, -28.884963 ], [ -53.719396, -28.874547 ], [ -53.726614, -28.8703 ], [ -53.729121, -28.862672 ], [ -53.741126, -28.861783 ], [ -53.750408, -28.867613 ], [ -53.759876, -28.864466 ], [ -53.77728, -28.838958 ], [ -53.776984, -28.831336 ], [ -53.782646, -28.830065 ], [ -53.786575, -28.808712 ], [ -53.795276, -28.803179 ], [ -53.805137, -28.800781 ], [ -53.806959, -28.796532 ], [ -53.817001, -28.80854 ], [ -53.822132, -28.804256 ], [ -53.822818, -28.806981 ], [ -53.831073, -28.806492 ], [ -53.833217, -28.812983 ], [ -53.840032, -28.808727 ], [ -53.840061, -28.80041 ], [ -53.8472, -28.799524 ], [ -53.847947, -28.802656 ], [ -53.853503, -28.797423 ], [ -53.85418, -28.80188 ], [ -53.85907, -28.800181 ], [ -53.862945, -28.802916 ], [ -53.855578, -28.8127 ], [ -53.859888, -28.810262 ], [ -53.861284, -28.814106 ], [ -53.873179, -28.814736 ], [ -53.876799, -28.808269 ], [ -53.87968, -28.810682 ], [ -53.882348, -28.807332 ], [ -53.88011, -28.802131 ], [ -53.888319, -28.800569 ], [ -53.891377, -28.811883 ], [ -53.898762, -28.808595 ], [ -53.90575, -28.811118 ], [ -53.917487, -28.811351 ], [ -53.909865, -28.816669 ], [ -53.911427, -28.819155 ], [ -53.923415, -28.817963 ], [ -53.927918, -28.807875 ], [ -53.934155, -28.809976 ], [ -53.941326, -28.807166 ], [ -53.94076, -28.813925 ], [ -53.945619, -28.814224 ], [ -53.952224, -28.806743 ], [ -53.95256, -28.795221 ], [ -53.954694, -28.799493 ], [ -53.95965, -28.798515 ], [ -53.964312, -28.79803 ], [ -53.964077, -28.790202 ], [ -53.976575, -28.799831 ], [ -53.977594, -28.787515 ], [ -53.985208, -28.77828 ], [ -53.981983, -28.77742 ], [ -53.976124, -28.77514 ], [ -53.973399, -28.778431 ], [ -53.961586, -28.779721 ], [ -53.956399, -28.774897 ], [ -53.979017, -28.761922 ], [ -53.983277, -28.765824 ], [ -53.974821, -28.754761 ], [ -53.979874, -28.7444 ], [ -53.978468, -28.741221 ], [ -53.963539, -28.744446 ], [ -53.967471, -28.740726 ], [ -53.957231, -28.731763 ], [ -53.958536, -28.722116 ], [ -53.967427, -28.72205 ], [ -53.961282, -28.716082 ], [ -53.969473, -28.717682 ], [ -53.967748, -28.711769 ], [ -53.973895, -28.702046 ], [ -53.967541, -28.697044 ], [ -53.972586, -28.695318 ], [ -53.976459, -28.687907 ], [ -53.965148, -28.684538 ], [ -53.965354, -28.68096 ], [ -53.98015, -28.666653 ], [ -53.968083, -28.662673 ], [ -53.967783, -28.655004 ], [ -53.968136, -28.645423 ], [ -53.967974, -28.64026 ], [ -53.960577, -28.636064 ], [ -53.957982, -28.638597 ], [ -53.95143, -28.636732 ], [ -53.9508, -28.633489 ], [ -53.937405, -28.626804 ], [ -53.929283, -28.6092 ], [ -53.925159, -28.607325 ], [ -53.905007, -28.58685 ], [ -53.894119, -28.583721 ], [ -53.895335, -28.577565 ], [ -53.890095, -28.573674 ], [ -53.893716, -28.569655 ], [ -53.89744, -28.572459 ], [ -53.900688, -28.569655 ], [ -53.905181, -28.563756 ], [ -53.904232, -28.556382 ], [ -53.911188, -28.547663 ], [ -53.896052, -28.545669 ], [ -53.888655, -28.542459 ], [ -53.880295, -28.523159 ], [ -53.87034, -28.537035 ], [ -53.864685, -28.538426 ], [ -53.860802, -28.536442 ], [ -53.86604, -28.529699 ], [ -53.859021, -28.524943 ], [ -53.856006, -28.515715 ], [ -53.849393, -28.515253 ], [ -53.846458, -28.514737 ], [ -53.837535, -28.513773 ], [ -53.834651, -28.506429 ], [ -53.824381, -28.497452 ], [ -53.823288, -28.481115 ], [ -53.797601, -28.492367 ], [ -53.780944, -28.487669 ], [ -53.78078, -28.486896 ], [ -53.777538, -28.471485 ], [ -53.780542, -28.446261 ], [ -53.776981, -28.436376 ], [ -53.773762, -28.442374 ], [ -53.758702, -28.437437 ], [ -53.760436, -28.449376 ], [ -53.751343, -28.453709 ], [ -53.748413, -28.450255 ], [ -53.750563, -28.456542 ], [ -53.746559, -28.455588 ], [ -53.747836, -28.45793 ], [ -53.743982, -28.458078 ], [ -53.737369, -28.469075 ], [ -53.732893, -28.465268 ], [ -53.726292, -28.469975 ], [ -53.722218, -28.479761 ], [ -53.724377, -28.482771 ], [ -53.718062, -28.478046 ], [ -53.719861, -28.485102 ], [ -53.704564, -28.480745 ], [ -53.692883, -28.4824 ], [ -53.68853, -28.490344 ], [ -53.686885, -28.485747 ], [ -53.680056, -28.48982 ], [ -53.67583, -28.503572 ], [ -53.672013, -28.50031 ], [ -53.673541, -28.495882 ], [ -53.669138, -28.497266 ], [ -53.666486, -28.502323 ], [ -53.66942, -28.507994 ], [ -53.663989, -28.515143 ], [ -53.665012, -28.510103 ], [ -53.659076, -28.511202 ], [ -53.65974, -28.506326 ], [ -53.65271, -28.502606 ], [ -53.648531, -28.510684 ], [ -53.644772, -28.514445 ], [ -53.639928, -28.512456 ], [ -53.628737, -28.51987 ], [ -53.624941, -28.518493 ], [ -53.609445, -28.525599 ], [ -53.605853, -28.520717 ], [ -53.60325, -28.526917 ], [ -53.601138, -28.523671 ], [ -53.600475, -28.526479 ], [ -53.588394, -28.525986 ], [ -53.583482, -28.529454 ], [ -53.581626, -28.523749 ], [ -53.57557, -28.529811 ], [ -53.569088, -28.522956 ], [ -53.555701, -28.545675 ], [ -53.549225, -28.548388 ], [ -53.537688, -28.54213 ], [ -53.53314, -28.542853 ], [ -53.531561, -28.538508 ], [ -53.524205, -28.538964 ], [ -53.520798, -28.534284 ], [ -53.524549, -28.549712 ], [ -53.512517, -28.570746 ], [ -53.495401, -28.563666 ], [ -53.483679, -28.566765 ], [ -53.47345, -28.554421 ], [ -53.460837, -28.55285 ], [ -53.45599, -28.548413 ], [ -53.46376, -28.536453 ], [ -53.462728, -28.527007 ], [ -53.447953, -28.512793 ], [ -53.459682, -28.491467 ], [ -53.442559, -28.473282 ], [ -53.428785, -28.448849 ], [ -53.417338, -28.446967 ], [ -53.41141, -28.438174 ], [ -53.409683, -28.430932 ], [ -53.415728, -28.426006 ], [ -53.412109, -28.421366 ], [ -53.417216, -28.411034 ], [ -53.405842, -28.411668 ], [ -53.393522, -28.39764 ], [ -53.37264, -28.386265 ], [ -53.373897, -28.379587 ], [ -53.378317, -28.356112 ], [ -53.399627, -28.242776 ], [ -53.391106, -28.245634 ], [ -53.387822, -28.240815 ], [ -53.38443, -28.244405 ], [ -53.381472, -28.239084 ], [ -53.377469, -28.244843 ], [ -53.37515, -28.240896 ], [ -53.377804, -28.236433 ], [ -53.370617, -28.240789 ], [ -53.357303, -28.238377 ], [ -53.356499, -28.243974 ], [ -53.355349, -28.240996 ], [ -53.347782, -28.241269 ], [ -53.346621, -28.233285 ], [ -53.340144, -28.236299 ], [ -53.338193, -28.230964 ], [ -53.330682, -28.232605 ], [ -53.331353, -28.227428 ], [ -53.328076, -28.228 ], [ -53.324614, -28.222256 ], [ -53.325669, -28.216747 ], [ -53.318134, -28.214897 ], [ -53.317048, -28.205205 ], [ -53.310533, -28.203956 ], [ -53.310978, -28.194606 ], [ -53.310038, -28.1912 ], [ -53.30667, -28.192325 ], [ -53.307198, -28.186338 ], [ -53.301686, -28.185922 ], [ -53.29095, -28.171073 ], [ -53.283093, -28.170996 ], [ -53.280883, -28.166358 ], [ -53.273125, -28.167645 ], [ -53.268066, -28.162584 ], [ -53.259523, -28.169243 ], [ -53.25503, -28.16387 ], [ -53.249733, -28.159168 ], [ -53.245593, -28.161958 ], [ -53.23936, -28.160577 ], [ -53.222828, -28.145938 ], [ -53.196348, -28.15887 ], [ -53.201267, -28.164305 ], [ -53.184117, -28.183813 ], [ -53.182421, -28.203864 ], [ -53.173172, -28.208386 ], [ -53.167298, -28.207356 ], [ -53.153577, -28.230011 ], [ -53.140169, -28.241765 ], [ -53.143567, -28.243853 ], [ -53.135789, -28.242814 ], [ -53.131968, -28.250441 ], [ -53.128213, -28.250061 ], [ -53.127487, -28.251288 ], [ -53.121781, -28.254796 ], [ -53.1169, -28.261668 ], [ -53.129052, -28.260088 ], [ -53.126096, -28.264642 ], [ -53.12029, -28.264098 ], [ -53.129936, -28.267062 ], [ -53.124974, -28.279916 ], [ -53.132408, -28.278908 ], [ -53.130367, -28.285427 ], [ -53.134521, -28.285695 ], [ -53.130235, -28.287071 ], [ -53.126047, -28.283379 ], [ -53.124485, -28.292811 ], [ -53.119206, -28.297253 ], [ -53.117226, -28.28964 ], [ -53.107043, -28.289241 ], [ -53.101584, -28.278857 ], [ -53.091085, -28.277151 ], [ -53.080649, -28.283826 ], [ -53.076402, -28.28211 ], [ -53.0676, -28.297747 ], [ -53.060137, -28.292435 ], [ -53.056098, -28.298711 ], [ -53.053565, -28.297935 ], [ -53.052291, -28.304161 ], [ -53.039109, -28.306475 ], [ -53.033958, -28.317101 ], [ -53.025322, -28.314586 ], [ -53.020597, -28.316797 ], [ -53.024794, -28.33438 ], [ -53.023907, -28.352853 ], [ -53.029336, -28.353472 ], [ -53.04143, -28.375337 ], [ -53.02738, -28.376772 ], [ -53.02398, -28.372039 ], [ -53.012329, -28.36987 ], [ -53.005714, -28.365039 ], [ -53.000851, -28.368031 ], [ -53.002067, -28.352203 ], [ -52.999689, -28.356804 ], [ -52.975833, -28.340169 ], [ -52.958979, -28.333955 ], [ -52.948782, -28.337331 ], [ -52.947505, -28.346175 ], [ -52.950937, -28.351503 ], [ -52.940648, -28.377087 ], [ -52.940128, -28.379375 ], [ -52.929458, -28.397366 ], [ -52.93175, -28.40008 ], [ -52.925921, -28.400894 ], [ -52.927107, -28.403669 ], [ -52.934061, -28.403804 ], [ -52.927537, -28.406874 ], [ -52.927299, -28.418259 ], [ -52.923923, -28.420051 ], [ -52.929454, -28.422715 ], [ -52.927775, -28.42675 ], [ -52.935301, -28.428283 ], [ -52.932751, -28.442503 ], [ -52.938808, -28.441972 ], [ -52.941986, -28.445691 ], [ -52.940292, -28.458813 ], [ -52.934093, -28.466784 ], [ -52.937945, -28.466722 ], [ -52.942248, -28.472427 ], [ -52.939401, -28.476761 ], [ -52.944231, -28.485993 ], [ -52.939685, -28.488007 ], [ -52.944888, -28.493723 ], [ -52.944857, -28.4979 ], [ -52.935668, -28.501249 ], [ -52.937155, -28.509694 ], [ -52.922994, -28.506752 ], [ -52.92518, -28.512898 ], [ -52.920717, -28.513709 ], [ -52.919166, -28.520533 ], [ -52.92378, -28.519263 ], [ -52.926217, -28.527391 ], [ -52.936996, -28.523729 ], [ -52.933459, -28.533065 ], [ -52.921335, -28.539741 ], [ -52.920182, -28.539867 ], [ -52.913628, -28.545979 ], [ -52.923914, -28.546023 ], [ -52.927249, -28.553245 ], [ -52.923315, -28.558495 ], [ -52.923714, -28.553613 ], [ -52.915477, -28.555086 ], [ -52.916577, -28.559104 ], [ -52.914816, -28.568483 ], [ -52.917443, -28.571291 ], [ -52.921034, -28.572288 ], [ -52.924359, -28.564237 ], [ -52.931781, -28.572622 ], [ -52.925303, -28.571451 ], [ -52.925252, -28.57659 ], [ -52.919266, -28.578856 ], [ -52.927505, -28.580574 ], [ -52.926511, -28.583956 ], [ -52.915804, -28.595421 ], [ -52.920458, -28.602837 ], [ -52.917157, -28.605793 ], [ -52.926655, -28.611537 ], [ -52.925442, -28.614807 ], [ -52.919047, -28.613885 ], [ -52.921071, -28.617799 ], [ -52.92644, -28.618239 ], [ -52.926253, -28.620807 ], [ -52.935618, -28.619014 ], [ -52.93298, -28.631462 ], [ -52.927973, -28.63937 ], [ -52.933122, -28.640482 ], [ -52.925805, -28.643408 ], [ -52.925995, -28.649458 ], [ -52.92169, -28.651782 ], [ -52.929082, -28.65316 ], [ -52.930109, -28.659373 ], [ -52.937911, -28.660231 ], [ -52.933732, -28.663802 ], [ -52.939122, -28.665543 ], [ -52.941467, -28.670843 ], [ -52.927841, -28.673186 ], [ -52.936778, -28.684997 ], [ -52.941474, -28.699534 ], [ -52.936089, -28.699977 ], [ -52.932429, -28.706383 ], [ -52.930032, -28.703491 ], [ -52.925034, -28.705262 ], [ -52.92336, -28.709055 ], [ -52.929764, -28.715835 ], [ -52.922587, -28.717983 ], [ -52.92662, -28.727742 ], [ -52.929114, -28.727281 ], [ -52.924723, -28.729582 ], [ -52.942675, -28.738498 ], [ -52.950618, -28.737366 ], [ -52.951882, -28.741659 ], [ -52.962078, -28.743503 ], [ -52.952611, -28.749523 ], [ -52.954013, -28.759696 ], [ -52.967186, -28.762092 ], [ -52.97467, -28.751613 ], [ -52.98479, -28.748394 ], [ -52.992642, -28.753744 ], [ -53.010418, -28.758253 ], [ -52.996574, -28.769792 ], [ -52.997777, -28.773142 ], [ -53.007989, -28.77103 ], [ -53.012985, -28.764289 ], [ -53.018089, -28.764129 ], [ -53.02047, -28.768013 ], [ -53.02642, -28.761804 ], [ -53.034164, -28.763748 ], [ -53.037977, -28.766062 ], [ -53.030353, -28.770517 ], [ -53.032043, -28.776116 ], [ -53.042128, -28.781562 ], [ -53.04464, -28.788345 ], [ -53.063242, -28.798912 ], [ -53.059472, -28.810619 ], [ -53.054554, -28.812974 ], [ -53.060584, -28.830114 ], [ -53.072268, -28.847796 ], [ -53.081681, -28.85229 ], [ -53.078739, -28.863178 ], [ -53.085395, -28.871926 ], [ -53.093106, -28.872131 ], [ -53.107324, -28.864271 ], [ -53.116923, -28.880782 ], [ -53.122166, -28.881156 ], [ -53.128409, -28.878484 ], [ -53.132243, -28.871258 ], [ -53.12302, -28.858693 ], [ -53.122205, -28.849882 ], [ -53.126671, -28.843651 ], [ -53.141338, -28.848733 ], [ -53.143873, -28.864412 ], [ -53.182215, -28.858405 ], [ -53.18232, -28.865211 ], [ -53.173777, -28.877751 ], [ -53.150164, -28.875544 ], [ -53.147662, -28.879464 ], [ -53.157251, -28.906616 ], [ -53.167495, -28.907549 ], [ -53.169368, -28.914965 ], [ -53.158828, -28.920577 ], [ -53.15376, -28.910752 ], [ -53.14884, -28.917115 ], [ -53.139887, -28.919043 ], [ -53.136398, -28.923203 ], [ -53.135765, -28.935945 ], [ -53.127357, -28.943752 ], [ -53.132717, -28.965605 ], [ -53.15225, -28.954879 ], [ -53.15587, -28.955482 ], [ -53.157442, -28.961813 ], [ -53.153557, -28.968322 ], [ -53.137969, -28.974481 ], [ -53.128515, -28.986741 ], [ -53.117706, -28.985856 ], [ -53.104146, -28.974375 ], [ -53.088507, -28.977226 ], [ -53.076707, -28.987919 ], [ -53.063928, -28.985789 ], [ -53.022212, -28.978827 ], [ -53.033456, -28.966083 ], [ -53.028853, -28.960641 ], [ -53.019987, -28.962479 ], [ -53.015912, -28.946836 ], [ -53.014367, -28.950506 ], [ -53.002033, -28.948141 ], [ -52.996114, -28.950611 ], [ -52.976691, -28.946631 ], [ -52.965347, -28.95503 ], [ -52.953702, -28.954877 ], [ -52.953067, -28.954958 ], [ -52.952368, -28.955047 ], [ -52.893036, -29.007954 ], [ -52.854713, -29.042082 ], [ -52.861556, -29.039283 ], [ -52.864949, -29.043303 ], [ -52.868295, -29.040504 ], [ -52.876799, -29.044489 ], [ -52.874659, -29.050593 ], [ -52.888646, -29.044561 ], [ -52.891147, -29.052156 ], [ -52.895466, -29.054313 ], [ -52.900527, -29.048532 ], [ -52.904531, -29.056509 ], [ -52.909006, -29.060114 ], [ -52.91582, -29.053362 ], [ -52.921771, -29.055814 ], [ -52.928852, -29.075465 ], [ -52.93459, -29.066495 ], [ -52.948959, -29.067074 ], [ -52.956041, -29.059891 ], [ -52.959899, -29.062104 ], [ -52.947903, -29.095307 ], [ -52.951615, -29.098129 ], [ -52.970115, -29.094527 ], [ -52.974091, -29.0962 ], [ -52.972, -29.102907 ], [ -52.9714, -29.107845 ], [ -52.979611, -29.101232 ], [ -52.986889, -29.105181 ], [ -52.988062, -29.123803 ], [ -52.998924, -29.118324 ], [ -53.001391, -29.1256 ], [ -52.992623, -29.136128 ], [ -52.998585, -29.138956 ], [ -53.011505, -29.13763 ], [ -53.011803, -29.14415 ], [ -53.005815, -29.14793 ], [ -53.008912, -29.153641 ], [ -53.016534, -29.154993 ], [ -53.018046, -29.156817 ] ], [ [ -53.34012, -29.005779 ], [ -53.333936, -29.005674 ], [ -53.333935, -29.005673 ], [ -53.34012, -29.005779 ] ], [ [ -53.31666, -29.012126 ], [ -53.316661, -29.012126 ], [ -53.319636, -29.018976 ], [ -53.31666, -29.012126 ] ] ] } },
{ "type": "Feature", "properties": { "HREG_ID": "43013", "HREG_NAME": "Região 13", "id": "430020", "name": "Ajuricaba", "description": "Ajuricaba", "MUN_ID": "430020", "UF": "RS", "MACRO_ID": "4312", "MACRO_NAME": "Missioneira" }, "geometry": { "type": "Polygon", "coordinates": [ [ [ -54.127074, -28.506218 ], [ -54.127114, -28.502257 ], [ -54.127235, -28.490337 ], [ -54.139281, -28.482138 ], [ -54.138157, -28.465648 ], [ -54.137606, -28.460016 ], [ -54.146201, -28.448761 ], [ -54.14751, -28.433017 ], [ -54.092439, -28.425932 ], [ -54.107554, -28.396086 ], [ -54.107486, -28.375914 ], [ -54.111496, -28.370383 ], [ -54.116078, -28.362479 ], [ -54.132073, -28.355765 ], [ -54.134467, -28.365183 ], [ -54.149687, -28.368562 ], [ -54.154223, -28.365681 ], [ -54.155768, -28.354018 ], [ -54.14964, -28.347815 ], [ -54.129889, -28.343524 ], [ -54.129529, -28.337804 ], [ -54.143018, -28.336579 ], [ -54.145045, -28.330165 ], [ -54.137603, -28.321413 ], [ -54.130701, -28.324297 ], [ -54.130708, -28.318644 ], [ -54.13046, -28.31854 ], [ -54.13609, -28.310111 ], [ -54.133564, -28.305488 ], [ -54.12803, -28.307951 ], [ -54.123026, -28.304701 ], [ -54.123052, -28.300677 ], [ -54.128411, -28.297692 ], [ -54.129373, -28.285206 ], [ -54.124087, -28.276189 ], [ -54.119017, -28.283909 ], [ -54.113228, -28.272714 ], [ -54.10068, -28.276182 ], [ -54.108205, -28.259348 ], [ -54.102826, -28.25696 ], [ -54.115507, -28.251582 ], [ -54.115734, -28.244062 ], [ -54.106577, -28.241097 ], [ -54.106513, -28.230921 ], [ -54.13019, -28.192134 ], [ -54.126268, -28.184762 ], [ -54.136984, -28.173811 ], [ -54.151251, -28.157308 ], [ -54.162714, -28.15753 ], [ -54.17165, -28.152954 ], [ -54.17722, -28.155026 ], [ -54.174545, -28.149826 ], [ -54.179655, -28.137724 ], [ -54.157181, -28.125616 ], [ -54.139517, -28.125645 ], [ -54.121583, -28.114423 ], [ -54.094601, -28.111961 ], [ -54.075517, -28.111159 ], [ -54.068522, -28.10735 ], [ -54.081784, -28.066184 ], [ -54.076002, -28.065369 ], [ -54.071953, -28.059139 ], [ -54.074769, -28.05338 ], [ -54.082224, -28.052044 ], [ -54.086894, -28.044793 ], [ -54.09802, -28.043537 ], [ -54.105513, -28.035851 ], [ -54.115974, -28.034877 ], [ -54.121872, -28.029261 ], [ -54.136308, -28.024969 ], [ -54.139757, -28.018687 ], [ -54.123125, -28.016033 ], [ -54.093108, -28.00806 ], [ -54.088483, -28.0009 ], [ -54.089157, -27.992864 ], [ -54.075534, -28.006866 ], [ -54.054963, -27.9894 ], [ -54.047078, -27.97697 ], [ -54.040604, -27.974729 ], [ -54.043728, -27.970916 ], [ -54.038903, -27.965176 ], [ -54.043435, -27.96207 ], [ -54.041148, -27.958112 ], [ -54.044114, -27.940797 ], [ -54.054435, -27.943562 ], [ -54.058214, -27.93937 ], [ -54.070903, -27.939879 ], [ -54.085157, -27.930079 ], [ -54.082382, -27.924341 ], [ -54.075376, -27.922871 ], [ -54.076773, -27.917877 ], [ -54.089836, -27.906461 ], [ -54.094853, -27.900711 ], [ -54.107961, -27.896742 ], [ -54.097437, -27.885833 ], [ -54.108215, -27.887938 ], [ -54.113841, -27.88292 ], [ -54.108086, -27.877763 ], [ -54.089069, -27.874339 ], [ -54.072349, -27.875869 ], [ -54.060557, -27.878444 ], [ -54.059396, -27.881731 ], [ -54.049016, -27.881413 ], [ -54.046737, -27.865896 ], [ -54.003528, -27.840233 ], [ -53.997056, -27.843688 ], [ -53.987902, -27.84153 ], [ -53.986413, -27.836036 ], [ -53.975036, -27.83651 ], [ -53.965492, -27.823974 ], [ -53.957717, -27.82227 ], [ -53.965941, -27.815292 ], [ -53.954177, -27.814934 ], [ -53.955681, -27.810946 ], [ -53.970234, -27.808541 ], [ -53.97432, -27.804634 ], [ -53.971953, -27.798707 ], [ -53.980929, -27.793043 ], [ -53.972461, -27.793225 ], [ -53.972416, -27.786083 ], [ -53.963892, -27.791927 ], [ -53.959198, -27.789867 ], [ -53.967333, -27.782052 ], [ -53.979491, -27.784344 ], [ -53.978249, -27.7798 ], [ -53.97738, -27.774581 ], [ -53.985497, -27.774277 ], [ -53.989101, -27.764735 ], [ -53.999712, -27.770626 ], [ -54.004327, -27.761964 ], [ -54.001707, -27.754232 ], [ -54.007664, -27.755108 ], [ -54.016703, -27.76708 ], [ -54.021384, -27.754376 ], [ -54.0168, -27.749866 ], [ -54.016659, -27.743859 ], [ -54.020857, -27.739672 ], [ -54.026529, -27.747738 ], [ -54.039113, -27.752415 ], [ -54.040609, -27.748169 ], [ -54.037617, -27.73981 ], [ -54.046043, -27.73772 ], [ -54.055821, -27.740223 ], [ -54.060221, -27.732158 ], [ -54.064908, -27.735142 ], [ -54.066573, -27.743393 ], [ -54.069367, -27.738646 ], [ -54.067286, -27.732046 ], [ -54.051926, -27.726563 ], [ -54.046736, -27.711881 ], [ -54.046791, -27.709333 ], [ -54.036892, -27.700516 ], [ -54.029963, -27.700867 ], [ -54.029058, -27.686523 ], [ -54.03566, -27.684986 ], [ -54.024977, -27.674812 ], [ -54.026637, -27.666995 ], [ -54.031585, -27.668627 ], [ -54.036415, -27.654676 ], [ -54.045146, -27.652382 ], [ -54.047548, -27.646039 ], [ -54.043269, -27.64302 ], [ -54.044072, -27.635094 ], [ -54.052558, -27.632531 ], [ -54.052639, -27.619017 ], [ -54.056003, -27.614455 ], [ -54.068751, -27.60722 ], [ -54.072049, -27.611218 ], [ -54.072404, -27.603174 ], [ -54.086078, -27.601719 ], [ -54.08575, -27.59255 ], [ -54.08932, -27.588679 ], [ -54.089478, -27.588309 ], [ -54.088761, -27.588335 ], [ -54.084894, -27.585715 ], [ -54.085165, -27.579067 ], [ -54.078369, -27.580416 ], [ -54.071287, -27.575856 ], [ -54.060135, -27.559701 ], [ -54.070611, -27.550663 ], [ -54.076791, -27.553063 ], [ -54.091359, -27.552282 ], [ -54.112322, -27.560406 ], [ -54.120291, -27.561476 ], [ -54.123603, -27.558366 ], [ -54.134992, -27.558577 ], [ -54.136371, -27.561851 ], [ -54.136663, -27.564088 ], [ -54.141184, -27.560977 ], [ -54.143537, -27.565374 ], [ -54.150428, -27.553801 ], [ -54.152766, -27.563787 ], [ -54.150297, -27.567752 ], [ -54.153254, -27.56807 ], [ -54.159168, -27.574696 ], [ -54.16509, -27.570761 ], [ -54.16629, -27.56044 ], [ -54.178275, -27.556397 ], [ -54.188153, -27.561231 ], [ -54.195223, -27.557258 ], [ -54.197949, -27.558972 ], [ -54.202035, -27.547052 ], [ -54.212753, -27.538967 ], [ -54.21895, -27.543836 ], [ -54.227457, -27.544728 ], [ -54.234943, -27.53068 ], [ -54.233403, -27.52413 ], [ -54.233356, -27.524002 ], [ -54.231961, -27.521681 ], [ -54.229687, -27.517088 ], [ -54.236997, -27.512713 ], [ -54.224605, -27.507756 ], [ -54.251352, -27.504256 ], [ -54.255203, -27.498594 ], [ -54.232963, -27.499542 ], [ -54.232727, -27.488895 ], [ -54.230642, -27.484411 ], [ -54.24268, -27.482392 ], [ -54.229231, -27.477636 ], [ -54.229269, -27.474836 ], [ -54.231517, -27.468318 ], [ -54.258977, -27.466985 ], [ -54.256541, -27.459747 ], [ -54.262177, -27.456548 ], [ -54.23759, -27.452981 ], [ -54.258808, -27.446175 ], [ -54.281512, -27.459263 ], [ -54.285552, -27.455839 ], [ -54.28345, -27.447446 ], [ -54.266879, -27.437079 ], [ -54.266959, -27.42626 ], [ -54.267593, -27.41264 ], [ -54.260544, -27.397225 ], [ -54.248962, -27.392849 ], [ -54.228257, -27.392439 ], [ -54.216103, -27.385205 ], [ -54.211865, -27.389748 ], [ -54.215755, -27.392702 ], [ -54.216393, -27.400205 ], [ -54.212432, -27.40457 ], [ -54.198511, -27.395584 ], [ -54.183056, -27.393002 ], [ -54.186832, -27.401323 ], [ -54.194182, -27.40504 ], [ -54.184742, -27.411598 ], [ -54.169629, -27.411177 ], [ -54.167689, -27.400858 ], [ -54.172501, -27.393106 ], [ -54.168985, -27.391009 ], [ -54.162843, -27.397788 ], [ -54.151696, -27.394714 ], [ -54.152606, -27.400042 ], [ -54.16205, -27.401757 ], [ -54.162471, -27.404635 ], [ -54.143413, -27.402486 ], [ -54.139693, -27.406411 ], [ -54.151465, -27.417384 ], [ -54.147774, -27.420054 ], [ -54.136722, -27.410443 ], [ -54.133957, -27.422803 ], [ -54.133186, -27.426244 ], [ -54.1154, -27.417263 ], [ -54.114222, -27.423168 ], [ -54.124189, -27.432855 ], [ -54.116396, -27.440246 ], [ -54.111462, -27.440435 ], [ -54.112112, -27.43589 ], [ -54.107077, -27.43561 ], [ -54.106275, -27.428739 ], [ -54.102828, -27.428707 ], [ -54.100363, -27.4369 ], [ -54.095772, -27.441282 ], [ -54.093302, -27.446911 ], [ -54.07568, -27.4443 ], [ -54.065191, -27.442556 ], [ -54.067623, -27.459118 ], [ -54.057896, -27.452338 ], [ -54.045998, -27.448619 ], [ -54.042642, -27.45631 ], [ -54.036236, -27.45234 ], [ -54.02387, -27.460379 ], [ -54.025762, -27.46166 ], [ -54.03093, -27.46756 ], [ -54.028654, -27.475077 ], [ -54.023987, -27.471418 ], [ -54.017844, -27.478511 ], [ -54.005651, -27.472445 ], [ -54.001068, -27.481057 ], [ -53.999289, -27.480386 ], [ -53.994394, -27.489426 ], [ -53.994945, -27.492219 ], [ -53.996055, -27.498845 ], [ -53.973908, -27.513775 ], [ -53.980732, -27.524232 ], [ -53.977464, -27.526208 ], [ -53.973427, -27.522586 ], [ -53.958716, -27.525776 ], [ -53.945543, -27.520424 ], [ -53.939453, -27.521473 ], [ -53.939339, -27.521493 ], [ -53.927336, -27.516938 ], [ -53.921997, -27.518347 ], [ -53.917616, -27.52557 ], [ -53.9132, -27.523907 ], [ -53.905801, -27.529288 ], [ -53.89764, -27.534566 ], [ -53.893224, -27.550346 ], [ -53.896093, -27.556107 ], [ -53.892232, -27.555959 ], [ -53.889482, -27.560885 ], [ -53.897185, -27.594818 ], [ -53.873589, -27.590878 ], [ -53.861633, -27.5947 ], [ -53.845181, -27.592616 ], [ -53.836636, -27.592847 ], [ -53.831775, -27.58735 ], [ -53.813636, -27.581891 ], [ -53.810384, -27.575777 ], [ -53.796975, -27.572752 ], [ -53.786307, -27.576876 ], [ -53.7961, -27.582589 ], [ -53.786086, -27.592245 ], [ -53.799465, -27.595733 ], [ -53.784693, -27.606744 ], [ -53.774603, -27.604663 ], [ -53.759913, -27.612693 ], [ -53.751893, -27.633269 ], [ -53.760308, -27.642555 ], [ -53.743989, -27.640998 ], [ -53.738038, -27.659967 ], [ -53.737857, -27.662746 ], [ -53.746252, -27.658589 ], [ -53.767823, -27.680078 ], [ -53.772645, -27.700469 ], [ -53.767186, -27.709858 ], [ -53.773935, -27.708557 ], [ -53.772186, -27.71129 ], [ -53.765948, -27.711 ], [ -53.762544, -27.712138 ], [ -53.761212, -27.71879 ], [ -53.756114, -27.714852 ], [ -53.753135, -27.718198 ], [ -53.758965, -27.723534 ], [ -53.770059, -27.724091 ], [ -53.76946, -27.729912 ], [ -53.762881, -27.731596 ], [ -53.76633, -27.735201 ], [ -53.760725, -27.740074 ], [ -53.765934, -27.743291 ], [ -53.758892, -27.747127 ], [ -53.756635, -27.75317 ], [ -53.761687, -27.754729 ], [ -53.763981, -27.750154 ], [ -53.766354, -27.753881 ], [ -53.779678, -27.754304 ], [ -53.766563, -27.760362 ], [ -53.772903, -27.769854 ], [ -53.770291, -27.77292 ], [ -53.765604, -27.773759 ], [ -53.76142, -27.769055 ], [ -53.756225, -27.771874 ], [ -53.747563, -27.769157 ], [ -53.745415, -27.774746 ], [ -53.740203, -27.775355 ], [ -53.744819, -27.781063 ], [ -53.74425, -27.786546 ], [ -53.750761, -27.78786 ], [ -53.736302, -27.791651 ], [ -53.732559, -27.787856 ], [ -53.726847, -27.790523 ], [ -53.741964, -27.798454 ], [ -53.742314, -27.802573 ], [ -53.733445, -27.804754 ], [ -53.729416, -27.799944 ], [ -53.719076, -27.804858 ], [ -53.721003, -27.807168 ], [ -53.725966, -27.804722 ], [ -53.731789, -27.809226 ], [ -53.723293, -27.814139 ], [ -53.72462, -27.82178 ], [ -53.729941, -27.825753 ], [ -53.721346, -27.830863 ], [ -53.728619, -27.83699 ], [ -53.725511, -27.840156 ], [ -53.714759, -27.839679 ], [ -53.722229, -27.845002 ], [ -53.717582, -27.851185 ], [ -53.722672, -27.856819 ], [ -53.714909, -27.856425 ], [ -53.71322, -27.861112 ], [ -53.706787, -27.86211 ], [ -53.699803, -27.870222 ], [ -53.695727, -27.868045 ], [ -53.689004, -27.871752 ], [ -53.692905, -27.875171 ], [ -53.689999, -27.87751 ], [ -53.691581, -27.883944 ], [ -53.695036, -27.881322 ], [ -53.700271, -27.884368 ], [ -53.697227, -27.888315 ], [ -53.691407, -27.888382 ], [ -53.682135, -27.895516 ], [ -53.687453, -27.90415 ], [ -53.681619, -27.909932 ], [ -53.691993, -27.91442 ], [ -53.688188, -27.917726 ], [ -53.686605, -27.93077 ], [ -53.679094, -27.933473 ], [ -53.673476, -27.92816 ], [ -53.665397, -27.930081 ], [ -53.660787, -27.924267 ], [ -53.657661, -27.924959 ], [ -53.659387, -27.929615 ], [ -53.650776, -27.931469 ], [ -53.644677, -27.938795 ], [ -53.641867, -27.933157 ], [ -53.637647, -27.934883 ], [ -53.637601, -27.945432 ], [ -53.641276, -27.946385 ], [ -53.64181, -27.950665 ], [ -53.6418, -27.953335 ], [ -53.635453, -27.950853 ], [ -53.630783, -27.956721 ], [ -53.631705, -27.952906 ], [ -53.628172, -27.953686 ], [ -53.629402, -27.950191 ], [ -53.623791, -27.945433 ], [ -53.618811, -27.958876 ], [ -53.613651, -27.954896 ], [ -53.609482, -27.95833 ], [ -53.619029, -27.965379 ], [ -53.624909, -27.962569 ], [ -53.617225, -27.97383 ], [ -53.616041, -27.983705 ], [ -53.609635, -27.977889 ], [ -53.600403, -27.983951 ], [ -53.59893, -27.980687 ], [ -53.58802, -27.992021 ], [ -53.572799, -27.99542 ], [ -53.567577, -28.000888 ], [ -53.567465, -28.019503 ], [ -53.585253, -28.039404 ], [ -53.56721, -28.040542 ], [ -53.556717, -28.056409 ], [ -53.535028, -28.061681 ], [ -53.5361, -28.063606 ], [ -53.526316, -28.065398 ], [ -53.539704, -28.083682 ], [ -53.529154, -28.086926 ], [ -53.529066, -28.094171 ], [ -53.52024, -28.098577 ], [ -53.520107, -28.111673 ], [ -53.51106, -28.131873 ], [ -53.51184, -28.145643 ], [ -53.502005, -28.147656 ], [ -53.505083, -28.138808 ], [ -53.501265, -28.139077 ], [ -53.49409, -28.125359 ], [ -53.487375, -28.122455 ], [ -53.489245, -28.117805 ], [ -53.483657, -28.104785 ], [ -53.48723, -28.100591 ], [ -53.475439, -28.094488 ], [ -53.475358, -28.087662 ], [ -53.467471, -28.088424 ], [ -53.468933, -28.081574 ], [ -53.462088, -28.077346 ], [ -53.450158, -28.074159 ], [ -53.440353, -28.079521 ], [ -53.435227, -28.076543 ], [ -53.428818, -28.083593 ], [ -53.423451, -28.082231 ], [ -53.422837, -28.085796 ], [ -53.413541, -28.083721 ], [ -53.411006, -28.09822 ], [ -53.417027, -28.10717 ], [ -53.417134, -28.115274 ], [ -53.405348, -28.122043 ], [ -53.402471, -28.135743 ], [ -53.390363, -28.138518 ], [ -53.380676, -28.133499 ], [ -53.362165, -28.131101 ], [ -53.362162, -28.127542 ], [ -53.352448, -28.128262 ], [ -53.34948, -28.154949 ], [ -53.342109, -28.158658 ], [ -53.345669, -28.169669 ], [ -53.334858, -28.165866 ], [ -53.331325, -28.173635 ], [ -53.315066, -28.177125 ], [ -53.314523, -28.192165 ], [ -53.310978, -28.194606 ], [ -53.310533, -28.203956 ], [ -53.317048, -28.205205 ], [ -53.318134, -28.214897 ], [ -53.325669, -28.216747 ], [ -53.324614, -28.222256 ], [ -53.328076, -28.228 ], [ -53.331353, -28.227428 ], [ -53.330682, -28.232605 ], [ -53.338193, -28.230964 ], [ -53.340144, -28.236299 ], [ -53.346621, -28.233285 ], [ -53.347782, -28.241269 ], [ -53.355349, -28.240996 ], [ -53.356499, -28.243974 ], [ -53.357303, -28.238377 ], [ -53.370617, -28.240789 ], [ -53.377804, -28.236433 ], [ -53.37515, -28.240896 ], [ -53.377469, -28.244843 ], [ -53.381472, -28.239084 ], [ -53.38443, -28.244405 ], [ -53.387822, -28.240815 ], [ -53.391106, -28.245634 ], [ -53.399627, -28.242776 ], [ -53.378317, -28.356112 ], [ -53.373897, -28.379587 ], [ -53.37264, -28.386265 ], [ -53.393522, -28.39764 ], [ -53.405842, -28.411668 ], [ -53.417216, -28.411034 ], [ -53.412109, -28.421366 ], [ -53.415728, -28.426006 ], [ -53.409683, -28.430932 ], [ -53.41141, -28.438174 ], [ -53.417338, -28.446967 ], [ -53.428785, -28.448849 ], [ -53.442559, -28.473282 ], [ -53.459682, -28.491467 ], [ -53.447953, -28.512793 ], [ -53.462728, -28.527007 ], [ -53.46376, -28.536453 ], [ -53.45599, -28.548413 ], [ -53.460837, -28.55285 ], [ -53.47345, -28.554421 ], [ -53.483679, -28.566765 ], [ -53.495401, -28.563666 ], [ -53.512517, -28.570746 ], [ -53.524549, -28.549712 ], [ -53.520798, -28.534284 ], [ -53.524205, -28.538964 ], [ -53.531561, -28.538508 ], [ -53.53314, -28.542853 ], [ -53.537688, -28.54213 ], [ -53.549225, -28.548388 ], [ -53.555701, -28.545675 ], [ -53.569088, -28.522956 ], [ -53.57557, -28.529811 ], [ -53.581626, -28.523749 ], [ -53.583482, -28.529454 ], [ -53.588394, -28.525986 ], [ -53.600475, -28.526479 ], [ -53.601138, -28.523671 ], [ -53.60325, -28.526917 ], [ -53.605853, -28.520717 ], [ -53.609445, -28.525599 ], [ -53.624941, -28.518493 ], [ -53.628737, -28.51987 ], [ -53.639928, -28.512456 ], [ -53.644772, -28.514445 ], [ -53.648531, -28.510684 ], [ -53.65271, -28.502606 ], [ -53.65974, -28.506326 ], [ -53.659076, -28.511202 ], [ -53.665012, -28.510103 ], [ -53.663989, -28.515143 ], [ -53.66942, -28.507994 ], [ -53.666486, -28.502323 ], [ -53.669138, -28.497266 ], [ -53.673541, -28.495882 ], [ -53.672013, -28.50031 ], [ -53.67583, -28.503572 ], [ -53.680056, -28.48982 ], [ -53.686885, -28.485747 ], [ -53.68853, -28.490344 ], [ -53.692883, -28.4824 ], [ -53.704564, -28.480745 ], [ -53.719861, -28.485102 ], [ -53.718062, -28.478046 ], [ -53.724377, -28.482771 ], [ -53.722218, -28.479761 ], [ -53.726292, -28.469975 ], [ -53.732893, -28.465268 ], [ -53.737369, -28.469075 ], [ -53.743982, -28.458078 ], [ -53.747836, -28.45793 ], [ -53.746559, -28.455588 ], [ -53.750563, -28.456542 ], [ -53.748413, -28.450255 ], [ -53.751343, -28.453709 ], [ -53.760436, -28.449376 ], [ -53.758702, -28.437437 ], [ -53.773762, -28.442374 ], [ -53.776981, -28.436376 ], [ -53.780542, -28.446261 ], [ -53.777538, -28.471485 ], [ -53.78078, -28.486896 ], [ -53.780944, -28.487669 ], [ -53.797601, -28.492367 ], [ -53.823288, -28.481115 ], [ -53.824381, -28.497452 ], [ -53.834651, -28.506429 ], [ -53.837535, -28.513773 ], [ -53.846458, -28.514737 ], [ -53.849393, -28.515253 ], [ -53.856006, -28.515715 ], [ -53.859021, -28.524943 ], [ -53.86604, -28.529699 ], [ -53.860802, -28.536442 ], [ -53.864685, -28.538426 ], [ -53.87034, -28.537035 ], [ -53.880295, -28.523159 ], [ -53.888655, -28.542459 ], [ -53.896052, -28.545669 ], [ -53.911188, -28.547663 ], [ -53.904232, -28.556382 ], [ -53.905181, -28.563756 ], [ -53.900688, -28.569655 ], [ -53.89744, -28.572459 ], [ -53.893716, -28.569655 ], [ -53.890095, -28.573674 ], [ -53.895335, -28.577565 ], [ -53.894119, -28.583721 ], [ -53.905007, -28.58685 ], [ -53.925159, -28.607325 ], [ -53.929283, -28.6092 ], [ -53.937405, -28.626804 ], [ -53.9508, -28.633489 ], [ -53.95143, -28.636732 ], [ -53.957982, -28.638597 ], [ -53.960577, -28.636064 ], [ -53.967974, -28.64026 ], [ -53.968136, -28.645423 ], [ -53.967783, -28.655004 ], [ -53.968083, -28.662673 ], [ -53.98015, -28.666653 ], [ -53.965354, -28.68096 ], [ -53.965148, -28.684538 ], [ -53.976459, -28.687907 ], [ -53.972586, -28.695318 ], [ -53.967541, -28.697044 ], [ -53.973895, -28.702046 ], [ -53.967748, -28.711769 ], [ -53.969473, -28.717682 ], [ -53.961282, -28.716082 ], [ -53.967427, -28.72205 ], [ -53.958536, -28.722116 ], [ -53.957231, -28.731763 ], [ -53.967471, -28.740726 ], [ -53.963539, -28.744446 ], [ -53.978468, -28.741221 ], [ -53.979874, -28.7444 ], [ -53.974821, -28.754761 ], [ -53.983277, -28.765824 ], [ -53.979017, -28.761922 ], [ -53.956399, -28.774897 ], [ -53.961586, -28.779721 ], [ -53.973399, -28.778431 ], [ -53.976124, -28.77514 ], [ -53.981983, -28.77742 ], [ -53.985208, -28.77828 ], [ -53.977594, -28.787515 ], [ -53.976575, -28.799831 ], [ -53.964077, -28.790202 ], [ -53.964312, -28.79803 ], [ -53.95965, -28.798515 ], [ -53.954694, -28.799493 ], [ -53.95256, -28.795221 ], [ -53.952224, -28.806743 ], [ -53.945619, -28.814224 ], [ -53.94076, -28.813925 ], [ -53.941326, -28.807166 ], [ -53.934155, -28.809976 ], [ -53.927918, -28.807875 ], [ -53.923415, -28.817963 ], [ -53.911427, -28.819155 ], [ -53.909865, -28.816669 ], [ -53.917487, -28.811351 ], [ -53.90575, -28.811118 ], [ -53.897984, -28.816288 ], [ -53.902117, -28.824253 ], [ -53.905568, -28.822705 ], [ -53.917279, -28.833674 ], [ -53.924683, -28.832388 ], [ -53.925902, -28.84089 ], [ -53.932437, -28.849125 ], [ -53.930892, -28.853168 ], [ -53.941324, -28.86096 ], [ -53.936367, -28.867089 ], [ -53.937106, -28.873574 ], [ -53.954229, -28.874436 ], [ -53.95231, -28.88054 ], [ -53.957122, -28.882065 ], [ -53.958791, -28.887526 ], [ -53.953175, -28.898385 ], [ -53.963541, -28.90207 ], [ -53.967624, -28.899963 ], [ -53.977026, -28.904838 ], [ -53.979523, -28.897849 ], [ -53.996127, -28.904304 ], [ -54.011001, -28.903103 ], [ -54.015831, -28.894078 ], [ -54.019923, -28.894715 ], [ -54.023491, -28.904365 ], [ -54.04135, -28.90793 ], [ -54.04705, -28.912579 ], [ -54.05251, -28.906952 ], [ -54.063431, -28.904358 ], [ -54.069631, -28.907397 ], [ -54.094956, -28.903553 ], [ -54.117445, -28.886548 ], [ -54.130376, -28.882253 ], [ -54.135867, -28.884255 ], [ -54.146823, -28.894193 ], [ -54.157775, -28.895649 ], [ -54.189917, -28.894544 ], [ -54.214974, -28.920249 ], [ -54.223481, -28.924552 ], [ -54.229935, -28.925412 ], [ -54.264723, -28.91013 ], [ -54.293049, -28.927836 ], [ -54.32997, -28.930809 ], [ -54.329385, -28.919894 ], [ -54.357456, -28.888505 ], [ -54.357105, -28.871705 ], [ -54.360887, -28.867108 ], [ -54.35853, -28.854867 ], [ -54.354858, -28.852295 ], [ -54.358234, -28.837822 ], [ -54.355523, -28.827195 ], [ -54.358641, -28.805757 ], [ -54.355352, -28.803012 ], [ -54.359876, -28.79054 ], [ -54.357314, -28.786592 ], [ -54.362008, -28.784744 ], [ -54.372541, -28.793159 ], [ -54.378096, -28.786284 ], [ -54.391902, -28.79053 ], [ -54.397442, -28.78413 ], [ -54.388537, -28.782849 ], [ -54.390735, -28.754491 ], [ -54.403082, -28.749497 ], [ -54.394471, -28.746065 ], [ -54.403286, -28.731099 ], [ -54.397677, -28.725867 ], [ -54.403355, -28.724925 ], [ -54.410629, -28.731177 ], [ -54.410853, -28.735692 ], [ -54.412359, -28.731719 ], [ -54.402057, -28.708184 ], [ -54.377877, -28.693742 ], [ -54.379115, -28.701508 ], [ -54.371476, -28.701229 ], [ -54.365934, -28.707728 ], [ -54.349825, -28.705672 ], [ -54.343485, -28.714677 ], [ -54.327277, -28.726631 ], [ -54.321862, -28.723751 ], [ -54.316377, -28.713269 ], [ -54.314097, -28.696254 ], [ -54.309395, -28.689105 ], [ -54.319989, -28.681993 ], [ -54.323303, -28.685919 ], [ -54.338831, -28.67425 ], [ -54.314599, -28.663313 ], [ -54.307463, -28.66666 ], [ -54.299602, -28.662951 ], [ -54.289295, -28.66551 ], [ -54.28196, -28.661366 ], [ -54.280169, -28.676272 ], [ -54.272701, -28.666793 ], [ -54.26242, -28.664327 ], [ -54.243107, -28.651853 ], [ -54.242291, -28.646603 ], [ -54.227895, -28.649032 ], [ -54.21807, -28.656403 ], [ -54.209824, -28.655514 ], [ -54.19662, -28.659946 ], [ -54.190448, -28.644145 ], [ -54.182396, -28.642726 ], [ -54.176457, -28.635631 ], [ -54.174844, -28.619338 ], [ -54.163215, -28.616892 ], [ -54.156418, -28.610012 ], [ -54.147595, -28.60555 ], [ -54.153549, -28.599336 ], [ -54.152001, -28.595189 ], [ -54.163113, -28.593122 ], [ -54.156837, -28.588881 ], [ -54.152552, -28.589772 ], [ -54.156335, -28.581989 ], [ -54.147992, -28.571484 ], [ -54.15198, -28.563292 ], [ -54.135048, -28.565458 ], [ -54.140726, -28.559693 ], [ -54.146045, -28.562779 ], [ -54.151103, -28.556479 ], [ -54.145168, -28.560561 ], [ -54.137782, -28.551404 ], [ -54.132101, -28.556575 ], [ -54.126581, -28.554507 ], [ -54.126835, -28.529555 ], [ -54.127074, -28.506218 ] ], [ [ -53.990659, -28.437259 ], [ -53.982225, -28.441027 ], [ -53.982225, -28.441026 ], [ -53.990659, -28.437259 ] ], [ [ -53.721552, -28.285487 ], [ -53.721553, -28.285487 ], [ -53.71254, -28.298256 ], [ -53.721552, -28.285487 ] ], [ [ -53.432919, -28.237666 ], [ -53.427575, -28.242507 ], [ -53.432919, -28.237665 ], [ -53.432919, -28.237666 ] ] ] } },
{ "type": "Feature", "properties": { "HREG_ID": "43014", "HREG_NAME": "Região 14", "id": "430030", "name": "Alecrim", "description": "Alecrim", "MUN_ID": "430030", "UF": "RS", "MACRO_ID": "4312", "MACRO_NAME": "Missioneira" }, "geometry": { "type": "Polygon", "coordinates": [ [ [ -54.527458, -28.093007 ], [ -54.533095, -28.113391 ], [ -54.543798, -28.115486 ], [ -54.552954, -28.115993 ], [ -54.552997, -28.112337 ], [ -54.560051, -28.112526 ], [ -54.560283, -28.101986 ], [ -54.574136, -28.101759 ], [ -54.574114, -28.093193 ], [ -54.584192, -28.093186 ], [ -54.584193, -28.065659 ], [ -54.584195, -28.065569 ], [ -54.584197, -28.016245 ], [ -54.594405, -28.014191 ], [ -54.595191, -27.944244 ], [ -54.606348, -27.940498 ], [ -54.616703, -27.936025 ], [ -54.616472, -28.008327 ], [ -54.616462, -28.01138 ], [ -54.635666, -28.011728 ], [ -54.63596, -28.011734 ], [ -54.672637, -28.012391 ], [ -54.68593, -28.012626 ], [ -54.71703, -28.013173 ], [ -54.717078, -28.010313 ], [ -54.737271, -28.007126 ], [ -54.737362, -28.018525 ], [ -54.737686, -28.058587 ], [ -54.745723, -28.068267 ], [ -54.751447, -28.066695 ], [ -54.757807, -28.058276 ], [ -54.748942, -28.043462 ], [ -54.766459, -28.039537 ], [ -54.777771, -28.04384 ], [ -54.784546, -28.043452 ], [ -54.783297, -28.050038 ], [ -54.794475, -28.053397 ], [ -54.798394, -28.051266 ], [ -54.793865, -28.041759 ], [ -54.807264, -28.04679 ], [ -54.815093, -28.051223 ], [ -54.815383, -28.042043 ], [ -54.809335, -28.035657 ], [ -54.822085, -28.030242 ], [ -54.81945, -28.026524 ], [ -54.809952, -28.026407 ], [ -54.810796, -28.020205 ], [ -54.834476, -28.022313 ], [ -54.831454, -28.034843 ], [ -54.83819, -28.034072 ], [ -54.842489, -28.028905 ], [ -54.838802, -28.020436 ], [ -54.847047, -28.018198 ], [ -54.849886, -28.013014 ], [ -54.857156, -28.023021 ], [ -54.86251, -28.008491 ], [ -54.865832, -28.009677 ], [ -54.865837, -28.024815 ], [ -54.865841, -28.045239 ], [ -54.906072, -28.04551 ], [ -54.905993, -28.057137 ], [ -54.92747, -28.057076 ], [ -54.937586, -28.055671 ], [ -54.968312, -28.055638 ], [ -54.980064, -28.055625 ], [ -54.985153, -28.052807 ], [ -54.990027, -28.054552 ], [ -55.003147, -28.041241 ], [ -55.017581, -28.038417 ], [ -55.02231, -28.027774 ], [ -55.028534, -28.021144 ], [ -55.026129, -28.018786 ], [ -55.02903, -28.015957 ], [ -55.030527, -28.019158 ], [ -55.045003, -28.002861 ], [ -55.050479, -28.001791 ], [ -55.066708, -28.007102 ], [ -55.066382, -28.011092 ], [ -55.072498, -28.009369 ], [ -55.07445, -27.989157 ], [ -55.078228, -27.950034 ], [ -55.079033, -27.941706 ], [ -55.058931, -27.941564 ], [ -55.058487, -27.94156 ], [ -55.047996, -27.941485 ], [ -55.048043, -27.922322 ], [ -55.04819, -27.882238 ], [ -55.052774, -27.875606 ], [ -55.050078, -27.869887 ], [ -55.04334, -27.868246 ], [ -55.044426, -27.86487 ], [ -55.05387, -27.862558 ], [ -55.051314, -27.852366 ], [ -55.034639, -27.858309 ], [ -55.025314, -27.848663 ], [ -55.024336, -27.833717 ], [ -55.034903, -27.823076 ], [ -55.08032, -27.797976 ], [ -55.083974, -27.786871 ], [ -55.080696, -27.778863 ], [ -55.07129, -27.77248 ], [ -55.0493, -27.769307 ], [ -55.021223, -27.795002 ], [ -55.010185, -27.797313 ], [ -54.998064, -27.790759 ], [ -54.988923, -27.772616 ], [ -54.976833, -27.771191 ], [ -54.960173, -27.777981 ], [ -54.948582, -27.777891 ], [ -54.935904, -27.772207 ], [ -54.929062, -27.758433 ], [ -54.927119, -27.751388 ], [ -54.902978, -27.725653 ], [ -54.901721, -27.698508 ], [ -54.901654, -27.69737 ], [ -54.904159, -27.659559 ], [ -54.905982, -27.640706 ], [ -54.895868, -27.630509 ], [ -54.884597, -27.626057 ], [ -54.858447, -27.628774 ], [ -54.849922, -27.623624 ], [ -54.839821, -27.60657 ], [ -54.839464, -27.605227 ], [ -54.83806, -27.599952 ], [ -54.832032, -27.573161 ], [ -54.814403, -27.533426 ], [ -54.806783, -27.529765 ], [ -54.79433, -27.536386 ], [ -54.785572, -27.576263 ], [ -54.774626, -27.585543 ], [ -54.7652, -27.58496 ], [ -54.758579, -27.582483 ], [ -54.752857, -27.5745 ], [ -54.741515, -27.561321 ], [ -54.722799, -27.563261 ], [ -54.68198, -27.574274 ], [ -54.672608, -27.56967 ], [ -54.671184, -27.558017 ], [ -54.678988, -27.528938 ], [ -54.678417, -27.514291 ], [ -54.671286, -27.504755 ], [ -54.663933, -27.505332 ], [ -54.657166, -27.511144 ], [ -54.643225, -27.542393 ], [ -54.631527, -27.545374 ], [ -54.621369, -27.540924 ], [ -54.615378, -27.533635 ], [ -54.60789, -27.511237 ], [ -54.591178, -27.480367 ], [ -54.589818, -27.46368 ], [ -54.584817, -27.454187 ], [ -54.573992, -27.453365 ], [ -54.566847, -27.457564 ], [ -54.547293, -27.476994 ], [ -54.535682, -27.503193 ], [ -54.529803, -27.505456 ], [ -54.516438, -27.498383 ], [ -54.510744, -27.486647 ], [ -54.503206, -27.481047 ], [ -54.474017, -27.480909 ], [ -54.456713, -27.478656 ], [ -54.443607, -27.472318 ], [ -54.441361, -27.45968 ], [ -54.448169, -27.454168 ], [ -54.467685, -27.436821 ], [ -54.469412, -27.428361 ], [ -54.462291, -27.42259 ], [ -54.434792, -27.423453 ], [ -54.425142, -27.416885 ], [ -54.417854, -27.4102 ], [ -54.416131, -27.408619 ], [ -54.410187, -27.405274 ], [ -54.39879, -27.409278 ], [ -54.384518, -27.424707 ], [ -54.368004, -27.45133 ], [ -54.358888, -27.46079 ], [ -54.346103, -27.466759 ], [ -54.335475, -27.459192 ], [ -54.332308, -27.447054 ], [ -54.338269, -27.427617 ], [ -54.337244, -27.411309 ], [ -54.338309, -27.404206 ], [ -54.331862, -27.40225 ], [ -54.317712, -27.412356 ], [ -54.304475, -27.425 ], [ -54.294135, -27.442936 ], [ -54.28345, -27.447446 ], [ -54.285552, -27.455839 ], [ -54.281512, -27.459263 ], [ -54.258808, -27.446175 ], [ -54.23759, -27.452981 ], [ -54.262177, -27.456548 ], [ -54.256541, -27.459747 ], [ -54.258977, -27.466985 ], [ -54.231517, -27.468318 ], [ -54.229269, -27.474836 ], [ -54.229231, -27.477636 ], [ -54.24268, -27.482392 ], [ -54.230642, -27.484411 ], [ -54.232727, -27.488895 ], [ -54.232963, -27.499542 ], [ -54.255203, -27.498594 ], [ -54.251352, -27.504256 ], [ -54.224605, -27.507756 ], [ -54.236997, -27.512713 ], [ -54.229687, -27.517088 ], [ -54.231961, -27.521681 ], [ -54.233356, -27.524002 ], [ -54.233403, -27.52413 ], [ -54.234943, -27.53068 ], [ -54.227457, -27.544728 ], [ -54.21895, -27.543836 ], [ -54.212753, -27.538967 ], [ -54.202035, -27.547052 ], [ -54.197949, -27.558972 ], [ -54.195223, -27.557258 ], [ -54.188153, -27.561231 ], [ -54.178275, -27.556397 ], [ -54.16629, -27.56044 ], [ -54.16509, -27.570761 ], [ -54.159168, -27.574696 ], [ -54.153254, -27.56807 ], [ -54.150297, -27.567752 ], [ -54.152766, -27.563787 ], [ -54.150428, -27.553801 ], [ -54.143537, -27.565374 ], [ -54.141184, -27.560977 ], [ -54.136663, -27.564088 ], [ -54.136371, -27.561851 ], [ -54.134992, -27.558577 ], [ -54.123603, -27.558366 ], [ -54.120291, -27.561476 ], [ -54.112322, -27.560406 ], [ -54.091359, -27.552282 ], [ -54.076791, -27.553063 ], [ -54.070611, -27.550663 ], [ -54.060135, -27.559701 ], [ -54.071287, -27.575856 ], [ -54.078369, -27.580416 ], [ -54.085165, -27.579067 ], [ -54.084894, -27.585715 ], [ -54.088761, -27.588335 ], [ -54.089478, -27.588309 ], [ -54.08932, -27.588679 ], [ -54.08575, -27.59255 ], [ -54.086078, -27.601719 ], [ -54.072404, -27.603174 ], [ -54.072049, -27.611218 ], [ -54.068751, -27.60722 ], [ -54.056003, -27.614455 ], [ -54.052639, -27.619017 ], [ -54.052558, -27.632531 ], [ -54.044072, -27.635094 ], [ -54.043269, -27.64302 ], [ -54.047548, -27.646039 ], [ -54.045146, -27.652382 ], [ -54.036415, -27.654676 ], [ -54.031585, -27.668627 ], [ -54.026637, -27.666995 ], [ -54.024977, -27.674812 ], [ -54.03566, -27.684986 ], [ -54.029058, -27.686523 ], [ -54.029963, -27.700867 ], [ -54.036892, -27.700516 ], [ -54.046791, -27.709333 ], [ -54.046736, -27.711881 ], [ -54.051926, -27.726563 ], [ -54.067286, -27.732046 ], [ -54.069367, -27.738646 ], [ -54.066573, -27.743393 ], [ -54.064908, -27.735142 ], [ -54.060221, -27.732158 ], [ -54.055821, -27.740223 ], [ -54.046043, -27.73772 ], [ -54.037617, -27.73981 ], [ -54.040609, -27.748169 ], [ -54.039113, -27.752415 ], [ -54.026529, -27.747738 ], [ -54.020857, -27.739672 ], [ -54.016659, -27.743859 ], [ -54.0168, -27.749866 ], [ -54.021384, -27.754376 ], [ -54.016703, -27.76708 ], [ -54.007664, -27.755108 ], [ -54.001707, -27.754232 ], [ -54.004327, -27.761964 ], [ -53.999712, -27.770626 ], [ -53.989101, -27.764735 ], [ -53.985497, -27.774277 ], [ -53.97738, -27.774581 ], [ -53.978249, -27.7798 ], [ -53.979491, -27.784344 ], [ -53.967333, -27.782052 ], [ -53.959198, -27.789867 ], [ -53.963892, -27.791927 ], [ -53.972416, -27.786083 ], [ -53.972461, -27.793225 ], [ -53.980929, -27.793043 ], [ -53.971953, -27.798707 ], [ -53.97432, -27.804634 ], [ -53.970234, -27.808541 ], [ -53.955681, -27.810946 ], [ -53.954177, -27.814934 ], [ -53.965941, -27.815292 ], [ -53.957717, -27.82227 ], [ -53.965492, -27.823974 ], [ -53.975036, -27.83651 ], [ -53.986413, -27.836036 ], [ -53.987902, -27.84153 ], [ -53.997056, -27.843688 ], [ -54.003528, -27.840233 ], [ -54.046737, -27.865896 ], [ -54.049016, -27.881413 ], [ -54.059396, -27.881731 ], [ -54.060557, -27.878444 ], [ -54.072349, -27.875869 ], [ -54.089069, -27.874339 ], [ -54.108086, -27.877763 ], [ -54.113841, -27.88292 ], [ -54.108215, -27.887938 ], [ -54.097437, -27.885833 ], [ -54.107961, -27.896742 ], [ -54.094853, -27.900711 ], [ -54.089836, -27.906461 ], [ -54.076773, -27.917877 ], [ -54.075376, -27.922871 ], [ -54.082382, -27.924341 ], [ -54.085157, -27.930079 ], [ -54.070903, -27.939879 ], [ -54.058214, -27.93937 ], [ -54.054435, -27.943562 ], [ -54.044114, -27.940797 ], [ -54.041148, -27.958112 ], [ -54.043435, -27.96207 ], [ -54.038903, -27.965176 ], [ -54.043728, -27.970916 ], [ -54.040604, -27.974729 ], [ -54.047078, -27.97697 ], [ -54.054963, -27.9894 ], [ -54.075534, -28.006866 ], [ -54.089157, -27.992864 ], [ -54.088483, -28.0009 ], [ -54.093108, -28.00806 ], [ -54.123125, -28.016033 ], [ -54.139757, -28.018687 ], [ -54.136308, -28.024969 ], [ -54.121872, -28.029261 ], [ -54.115974, -28.034877 ], [ -54.105513, -28.035851 ], [ -54.09802, -28.043537 ], [ -54.086894, -28.044793 ], [ -54.082224, -28.052044 ], [ -54.074769, -28.05338 ], [ -54.071953, -28.059139 ], [ -54.076002, -28.065369 ], [ -54.081784, -28.066184 ], [ -54.068522, -28.10735 ], [ -54.075517, -28.111159 ], [ -54.094601, -28.111961 ], [ -54.121583, -28.114423 ], [ -54.139517, -28.125645 ], [ -54.157181, -28.125616 ], [ -54.179655, -28.137724 ], [ -54.187678, -28.141269 ], [ -54.195295, -28.140254 ], [ -54.202002, -28.144991 ], [ -54.212571, -28.141116 ], [ -54.221035, -28.142463 ], [ -54.225145, -28.149242 ], [ -54.229449, -28.147119 ], [ -54.237707, -28.149836 ], [ -54.239548, -28.155689 ], [ -54.24837, -28.156059 ], [ -54.247176, -28.16067 ], [ -54.25244, -28.163879 ], [ -54.257372, -28.159634 ], [ -54.262865, -28.164312 ], [ -54.268559, -28.161829 ], [ -54.280454, -28.165024 ], [ -54.282611, -28.161173 ], [ -54.290193, -28.163132 ], [ -54.299035, -28.160341 ], [ -54.299092, -28.160281 ], [ -54.303325, -28.158306 ], [ -54.313657, -28.162 ], [ -54.324286, -28.157531 ], [ -54.325551, -28.159765 ], [ -54.335454, -28.161009 ], [ -54.343005, -28.155721 ], [ -54.348667, -28.15974 ], [ -54.366374, -28.159387 ], [ -54.374099, -28.150732 ], [ -54.377427, -28.155596 ], [ -54.374381, -28.159109 ], [ -54.378041, -28.162432 ], [ -54.384702, -28.159146 ], [ -54.390609, -28.160591 ], [ -54.39618, -28.157508 ], [ -54.393565, -28.150844 ], [ -54.406461, -28.143166 ], [ -54.402517, -28.139322 ], [ -54.394994, -28.128804 ], [ -54.414649, -28.112237 ], [ -54.409723, -28.102198 ], [ -54.426343, -28.093414 ], [ -54.427982, -28.085138 ], [ -54.42374, -28.076006 ], [ -54.426619, -28.070022 ], [ -54.43762, -28.070723 ], [ -54.439514, -28.071054 ], [ -54.464328, -28.07739 ], [ -54.473811, -28.084758 ], [ -54.483685, -28.087351 ], [ -54.491043, -28.096845 ], [ -54.503279, -28.097684 ], [ -54.506405, -28.101829 ], [ -54.515642, -28.092359 ], [ -54.527458, -28.093007 ] ] ] } },
{ "type": "Feature", "properties": { "HREG_ID": "43015", "HREG_NAME": "Região 15 - Caminho das Águas", "id": "430050", "name": "Alpestre", "description": "Alpestre", "MUN_ID": "430050", "UF": "RS", "MACRO_ID": "4311", "MACRO_NAME": "Norte" }, "geometry": { "type": "Polygon", "coordinates": [ [ [ -53.805964, -27.517816 ], [ -53.816914, -27.526374 ], [ -53.81519, -27.535234 ], [ -53.809674, -27.527843 ], [ -53.800342, -27.533007 ], [ -53.78511, -27.530842 ], [ -53.784599, -27.536327 ], [ -53.7986, -27.544475 ], [ -53.808967, -27.546474 ], [ -53.807222, -27.551648 ], [ -53.802035, -27.552676 ], [ -53.7909, -27.547704 ], [ -53.781895, -27.5515 ], [ -53.793293, -27.555397 ], [ -53.787098, -27.563858 ], [ -53.822399, -27.569716 ], [ -53.820864, -27.574356 ], [ -53.810384, -27.575777 ], [ -53.813636, -27.581891 ], [ -53.831775, -27.58735 ], [ -53.836636, -27.592847 ], [ -53.845181, -27.592616 ], [ -53.861633, -27.5947 ], [ -53.873589, -27.590878 ], [ -53.897185, -27.594818 ], [ -53.889482, -27.560885 ], [ -53.892232, -27.555959 ], [ -53.896093, -27.556107 ], [ -53.893224, -27.550346 ], [ -53.89764, -27.534566 ], [ -53.905801, -27.529288 ], [ -53.9132, -27.523907 ], [ -53.917616, -27.52557 ], [ -53.921997, -27.518347 ], [ -53.927336, -27.516938 ], [ -53.939339, -27.521493 ], [ -53.939453, -27.521473 ], [ -53.945543, -27.520424 ], [ -53.958716, -27.525776 ], [ -53.973427, -27.522586 ], [ -53.977464, -27.526208 ], [ -53.980732, -27.524232 ], [ -53.973908, -27.513775 ], [ -53.996055, -27.498845 ], [ -53.994945, -27.492219 ], [ -53.994394, -27.489426 ], [ -53.999289, -27.480386 ], [ -54.001068, -27.481057 ], [ -54.005651, -27.472445 ], [ -54.017844, -27.478511 ], [ -54.023987, -27.471418 ], [ -54.028654, -27.475077 ], [ -54.03093, -27.46756 ], [ -54.025762, -27.46166 ], [ -54.02387, -27.460379 ], [ -54.036236, -27.45234 ], [ -54.042642, -27.45631 ], [ -54.045998, -27.448619 ], [ -54.057896, -27.452338 ], [ -54.067623, -27.459118 ], [ -54.065191, -27.442556 ], [ -54.07568, -27.4443 ], [ -54.093302, -27.446911 ], [ -54.095772, -27.441282 ], [ -54.100363, -27.4369 ], [ -54.102828, -27.428707 ], [ -54.106275, -27.428739 ], [ -54.107077, -27.43561 ], [ -54.112112, -27.43589 ], [ -54.111462, -27.440435 ], [ -54.116396, -27.440246 ], [ -54.124189, -27.432855 ], [ -54.114222, -27.423168 ], [ -54.1154, -27.417263 ], [ -54.133186, -27.426244 ], [ -54.133957, -27.422803 ], [ -54.136722, -27.410443 ], [ -54.147774, -27.420054 ], [ -54.151465, -27.417384 ], [ -54.139693, -27.406411 ], [ -54.143413, -27.402486 ], [ -54.162471, -27.404635 ], [ -54.16205, -27.401757 ], [ -54.152606, -27.400042 ], [ -54.151696, -27.394714 ], [ -54.162843, -27.397788 ], [ -54.168985, -27.391009 ], [ -54.172501, -27.393106 ], [ -54.167689, -27.400858 ], [ -54.169629, -27.411177 ], [ -54.184742, -27.411598 ], [ -54.194182, -27.40504 ], [ -54.186832, -27.401323 ], [ -54.183056, -27.393002 ], [ -54.198511, -27.395584 ], [ -54.212432, -27.40457 ], [ -54.216393, -27.400205 ], [ -54.215755, -27.392702 ], [ -54.211865, -27.389748 ], [ -54.216103, -27.385205 ], [ -54.210817, -27.373096 ], [ -54.211845, -27.359051 ], [ -54.210247, -27.346217 ], [ -54.200517, -27.324048 ], [ -54.190282, -27.30662 ], [ -54.190731, -27.297832 ], [ -54.191419, -27.290564 ], [ -54.190951, -27.288457 ], [ -54.18484, -27.265303 ], [ -54.171978, -27.254273 ], [ -54.164231, -27.253739 ], [ -54.155505, -27.262781 ], [ -54.153832, -27.2699 ], [ -54.157082, -27.292799 ], [ -54.154414, -27.296203 ], [ -54.143294, -27.298629 ], [ -54.129424, -27.301133 ], [ -54.110832, -27.302325 ], [ -54.099666, -27.30304 ], [ -54.077454, -27.296854 ], [ -54.067374, -27.284065 ], [ -54.054142, -27.2637 ], [ -54.029969, -27.256073 ], [ -54.019461, -27.247813 ], [ -54.013327, -27.232337 ], [ -54.014979, -27.217196 ], [ -54.012421, -27.204983 ], [ -54.00021, -27.194982 ], [ -53.970172, -27.197719 ], [ -53.959536, -27.193902 ], [ -53.956601, -27.180788 ], [ -53.958488, -27.160683 ], [ -53.952476, -27.153326 ], [ -53.935912, -27.153524 ], [ -53.926748, -27.159561 ], [ -53.917073, -27.1725 ], [ -53.907663, -27.175844 ], [ -53.902613, -27.17415 ], [ -53.888804, -27.157499 ], [ -53.885714, -27.137932 ], [ -53.876079, -27.125738 ], [ -53.860083, -27.127862 ], [ -53.84372, -27.160389 ], [ -53.837677, -27.167254 ], [ -53.833148, -27.169125 ], [ -53.819047, -27.174948 ], [ -53.808478, -27.17228 ], [ -53.775896, -27.14728 ], [ -53.762442, -27.153778 ], [ -53.748265, -27.190066 ], [ -53.739029, -27.192452 ], [ -53.728308, -27.188421 ], [ -53.71723, -27.181979 ], [ -53.707829, -27.174543 ], [ -53.698018, -27.168629 ], [ -53.69346, -27.166567 ], [ -53.675266, -27.160703 ], [ -53.666247, -27.161669 ], [ -53.650391, -27.176465 ], [ -53.647264, -27.192837 ], [ -53.65003, -27.21119 ], [ -53.647742, -27.217696 ], [ -53.641987, -27.220411 ], [ -53.634529, -27.21857 ], [ -53.628929, -27.212673 ], [ -53.618633, -27.188378 ], [ -53.611416, -27.185577 ], [ -53.5998, -27.188614 ], [ -53.59919, -27.188824 ], [ -53.589795, -27.186956 ], [ -53.564081, -27.172991 ], [ -53.547984, -27.175658 ], [ -53.54421, -27.1785 ], [ -53.534357, -27.188633 ], [ -53.516404, -27.201798 ], [ -53.509103, -27.203421 ], [ -53.493277, -27.203233 ], [ -53.48792, -27.193366 ], [ -53.492917, -27.174732 ], [ -53.505023, -27.158733 ], [ -53.507669, -27.144789 ], [ -53.501346, -27.134197 ], [ -53.496327, -27.133136 ], [ -53.491319, -27.132078 ], [ -53.48143, -27.134298 ], [ -53.46852, -27.147729 ], [ -53.463778, -27.153674 ], [ -53.457741, -27.155582 ], [ -53.440563, -27.149898 ], [ -53.41829, -27.143292 ], [ -53.410968, -27.140679 ], [ -53.400553, -27.128975 ], [ -53.39328, -27.110238 ], [ -53.393062, -27.10962 ], [ -53.380442, -27.09353 ], [ -53.373489, -27.090128 ], [ -53.362942, -27.093676 ], [ -53.35279, -27.111578 ], [ -53.348011, -27.117123 ], [ -53.340417, -27.11925 ], [ -53.329896, -27.118459 ], [ -53.310028, -27.118099 ], [ -53.297683, -27.126726 ], [ -53.292731, -27.133877 ], [ -53.292508, -27.141047 ], [ -53.299156, -27.159883 ], [ -53.30609, -27.176373 ], [ -53.318995, -27.196872 ], [ -53.320451, -27.209161 ], [ -53.318481, -27.216078 ], [ -53.310435, -27.217964 ], [ -53.291938, -27.196159 ], [ -53.271347, -27.186739 ], [ -53.256093, -27.179758 ], [ -53.247502, -27.174211 ], [ -53.242444, -27.170242 ], [ -53.230218, -27.171234 ], [ -53.22974, -27.171453 ], [ -53.19605, -27.19121 ], [ -53.188174, -27.191059 ], [ -53.17669, -27.178598 ], [ -53.172357, -27.148811 ], [ -53.165903, -27.140785 ], [ -53.157112, -27.138191 ], [ -53.149365, -27.141891 ], [ -53.140915, -27.170164 ], [ -53.133515, -27.177768 ], [ -53.126501, -27.178256 ], [ -53.112317, -27.169709 ], [ -53.086069, -27.162903 ], [ -53.072244, -27.157851 ], [ -53.071467, -27.156894 ], [ -53.070229, -27.13658 ], [ -53.079667, -27.114933 ], [ -53.076054, -27.103158 ], [ -53.058042, -27.085851 ], [ -53.028479, -27.080113 ], [ -53.022038, -27.083147 ], [ -53.017899, -27.090363 ], [ -53.024357, -27.105435 ], [ -53.042398, -27.128127 ], [ -53.042603, -27.145529 ], [ -53.038273, -27.154173 ], [ -53.031408, -27.156818 ], [ -53.026119, -27.156722 ], [ -53.019983, -27.151387 ], [ -53.002977, -27.132957 ], [ -52.993329, -27.137804 ], [ -52.985418, -27.14946 ], [ -52.982064, -27.156192 ], [ -52.983532, -27.167129 ], [ -52.997782, -27.180617 ], [ -53.002166, -27.189553 ], [ -52.999666, -27.206757 ], [ -52.989048, -27.217996 ], [ -52.977183, -27.220706 ], [ -52.970571, -27.217367 ], [ -52.963229, -27.215992 ], [ -52.957071, -27.215169 ], [ -52.961662, -27.224749 ], [ -52.967027, -27.225831 ], [ -52.958812, -27.232865 ], [ -52.958873, -27.233009 ], [ -52.966674, -27.240001 ], [ -52.956091, -27.23984 ], [ -52.948214, -27.254066 ], [ -52.957074, -27.249805 ], [ -52.963519, -27.257087 ], [ -52.964089, -27.264662 ], [ -52.953761, -27.270169 ], [ -52.964896, -27.271081 ], [ -52.965261, -27.274415 ], [ -52.957191, -27.277751 ], [ -52.963979, -27.282379 ], [ -52.955889, -27.284646 ], [ -52.957894, -27.291104 ], [ -52.943816, -27.295752 ], [ -52.945448, -27.301438 ], [ -52.935055, -27.304211 ], [ -52.9322, -27.312794 ], [ -52.950502, -27.307822 ], [ -52.945715, -27.320678 ], [ -52.955419, -27.34549 ], [ -52.955455, -27.371116 ], [ -52.964837, -27.367101 ], [ -52.970922, -27.377652 ], [ -52.978141, -27.382 ], [ -52.991044, -27.383543 ], [ -52.992347, -27.386765 ], [ -53.001193, -27.38066 ], [ -53.012059, -27.38541 ], [ -53.015694, -27.383386 ], [ -53.01184, -27.37944 ], [ -53.014022, -27.373366 ], [ -53.019773, -27.377001 ], [ -53.020892, -27.373308 ], [ -53.026134, -27.374444 ], [ -53.030025, -27.371083 ], [ -53.033676, -27.373178 ], [ -53.032447, -27.385289 ], [ -53.039318, -27.384121 ], [ -53.040413, -27.380995 ], [ -53.047769, -27.384805 ], [ -53.042938, -27.387833 ], [ -53.04351, -27.393261 ], [ -53.052822, -27.390181 ], [ -53.055963, -27.38076 ], [ -53.062045, -27.383102 ], [ -53.065302, -27.392029 ], [ -53.068366, -27.391072 ], [ -53.069997, -27.386933 ], [ -53.066199, -27.379673 ], [ -53.074565, -27.378388 ], [ -53.075305, -27.373501 ], [ -53.07525, -27.372775 ], [ -53.092149, -27.394125 ], [ -53.12358, -27.433809 ], [ -53.131707, -27.443583 ], [ -53.123499, -27.447005 ], [ -53.116386, -27.440703 ], [ -53.112112, -27.447379 ], [ -53.108485, -27.444491 ], [ -53.104103, -27.44664 ], [ -53.098831, -27.456591 ], [ -53.09891, -27.450628 ], [ -53.090723, -27.45176 ], [ -53.087497, -27.445755 ], [ -53.091946, -27.44425 ], [ -53.092631, -27.435155 ], [ -53.087815, -27.436276 ], [ -53.086581, -27.440835 ], [ -53.07781, -27.432562 ], [ -53.079114, -27.438059 ], [ -53.074191, -27.442714 ], [ -53.066629, -27.437586 ], [ -53.063954, -27.442019 ], [ -53.055963, -27.436975 ], [ -53.056357, -27.444945 ], [ -53.046002, -27.440863 ], [ -53.041407, -27.44471 ], [ -53.044992, -27.448319 ], [ -53.034939, -27.453498 ], [ -53.039165, -27.468576 ], [ -53.050304, -27.47264 ], [ -53.04186, -27.479794 ], [ -53.023503, -27.483109 ], [ -53.026315, -27.498922 ], [ -53.014779, -27.509158 ], [ -53.02236, -27.518193 ], [ -53.02943, -27.520943 ], [ -53.048809, -27.529111 ], [ -53.050027, -27.538864 ], [ -53.046607, -27.539706 ], [ -53.041911, -27.534776 ], [ -53.036416, -27.541423 ], [ -53.040878, -27.547005 ], [ -53.035432, -27.545227 ], [ -53.027976, -27.54194 ], [ -53.029482, -27.551 ], [ -53.015744, -27.549193 ], [ -53.020747, -27.553764 ], [ -53.006314, -27.561469 ], [ -53.005973, -27.568266 ], [ -53.007352, -27.574429 ], [ -52.999465, -27.578725 ], [ -52.996847, -27.573718 ], [ -52.992265, -27.573772 ], [ -52.992901, -27.576577 ], [ -52.984293, -27.579342 ], [ -52.979528, -27.586911 ], [ -52.974005, -27.57956 ], [ -52.969373, -27.581283 ], [ -52.962176, -27.580611 ], [ -52.953151, -27.591548 ], [ -52.945943, -27.587764 ], [ -52.951031, -27.625265 ], [ -52.968384, -27.628628 ], [ -52.97019, -27.633213 ], [ -52.972327, -27.638636 ], [ -52.985058, -27.629386 ], [ -52.998494, -27.609321 ], [ -53.007861, -27.615635 ], [ -53.039657, -27.635277 ], [ -53.043178, -27.636579 ], [ -53.04982, -27.636862 ], [ -53.054216, -27.642566 ], [ -53.052355, -27.653533 ], [ -53.060586, -27.642938 ], [ -53.056226, -27.636639 ], [ -53.067487, -27.637772 ], [ -53.066331, -27.643641 ], [ -53.069977, -27.64904 ], [ -53.074862, -27.647608 ], [ -53.078511, -27.650635 ], [ -53.075748, -27.654918 ], [ -53.079479, -27.658022 ], [ -53.083802, -27.65158 ], [ -53.08904, -27.651917 ], [ -53.090468, -27.657004 ], [ -53.096281, -27.656795 ], [ -53.101179, -27.653834 ], [ -53.100008, -27.645966 ], [ -53.092319, -27.641866 ], [ -53.100039, -27.632302 ], [ -53.1215, -27.62246 ], [ -53.122225, -27.620338 ], [ -53.103179, -27.614992 ], [ -53.100606, -27.606831 ], [ -53.111769, -27.600525 ], [ -53.112707, -27.599656 ], [ -53.118179, -27.588018 ], [ -53.121027, -27.593313 ], [ -53.12691, -27.591852 ], [ -53.128361, -27.595577 ], [ -53.136406, -27.595046 ], [ -53.142376, -27.604245 ], [ -53.148333, -27.604352 ], [ -53.156145, -27.60297 ], [ -53.160729, -27.591207 ], [ -53.183436, -27.587257 ], [ -53.185678, -27.591119 ], [ -53.190413, -27.588052 ], [ -53.195456, -27.59168 ], [ -53.194825, -27.601442 ], [ -53.196601, -27.604342 ], [ -53.199848, -27.597824 ], [ -53.205767, -27.599596 ], [ -53.226648, -27.592146 ], [ -53.230424, -27.578115 ], [ -53.242117, -27.58633 ], [ -53.255679, -27.584274 ], [ -53.258976, -27.574189 ], [ -53.265693, -27.55982 ], [ -53.26506, -27.555316 ], [ -53.26947, -27.525511 ], [ -53.2753, -27.517508 ], [ -53.285644, -27.521365 ], [ -53.291558, -27.52799 ], [ -53.28286, -27.529505 ], [ -53.289308, -27.535294 ], [ -53.282498, -27.54562 ], [ -53.29342, -27.550267 ], [ -53.289407, -27.559134 ], [ -53.296051, -27.564459 ], [ -53.292918, -27.568785 ], [ -53.288902, -27.578377 ], [ -53.293388, -27.581557 ], [ -53.306758, -27.587729 ], [ -53.313839, -27.600248 ], [ -53.318032, -27.60086 ], [ -53.324247, -27.60798 ], [ -53.343408, -27.618183 ], [ -53.364907, -27.617383 ], [ -53.380485, -27.610033 ], [ -53.382597, -27.621926 ], [ -53.385818, -27.616467 ], [ -53.394321, -27.615271 ], [ -53.39498, -27.612364 ], [ -53.405195, -27.615283 ], [ -53.399995, -27.620313 ], [ -53.413601, -27.623056 ], [ -53.422623, -27.634919 ], [ -53.430545, -27.635468 ], [ -53.441566, -27.627803 ], [ -53.45156, -27.622509 ], [ -53.454461, -27.618372 ], [ -53.4566, -27.625007 ], [ -53.462906, -27.628409 ], [ -53.475825, -27.628617 ], [ -53.492131, -27.614143 ], [ -53.495785, -27.604803 ], [ -53.505124, -27.605096 ], [ -53.512319, -27.600792 ], [ -53.530789, -27.607853 ], [ -53.552883, -27.606879 ], [ -53.555531, -27.610341 ], [ -53.557472, -27.606688 ], [ -53.561391, -27.606986 ], [ -53.570045, -27.616921 ], [ -53.571454, -27.613576 ], [ -53.577682, -27.614087 ], [ -53.574859, -27.609837 ], [ -53.577965, -27.606921 ], [ -53.572928, -27.60546 ], [ -53.574621, -27.600617 ], [ -53.580468, -27.599685 ], [ -53.578589, -27.590511 ], [ -53.585896, -27.588868 ], [ -53.578915, -27.577526 ], [ -53.567884, -27.578241 ], [ -53.571828, -27.573247 ], [ -53.583329, -27.570125 ], [ -53.577569, -27.564982 ], [ -53.571141, -27.56814 ], [ -53.569024, -27.565415 ], [ -53.577604, -27.560726 ], [ -53.590039, -27.565849 ], [ -53.594327, -27.563428 ], [ -53.576794, -27.558766 ], [ -53.572791, -27.550903 ], [ -53.580905, -27.550386 ], [ -53.582417, -27.541167 ], [ -53.570876, -27.546284 ], [ -53.568402, -27.538737 ], [ -53.582484, -27.53176 ], [ -53.565302, -27.534333 ], [ -53.566493, -27.526928 ], [ -53.578395, -27.524251 ], [ -53.582314, -27.520127 ], [ -53.580921, -27.517603 ], [ -53.573838, -27.519256 ], [ -53.563132, -27.51565 ], [ -53.572046, -27.508694 ], [ -53.570897, -27.497674 ], [ -53.571939, -27.495815 ], [ -53.573193, -27.493978 ], [ -53.569743, -27.489934 ], [ -53.571171, -27.480575 ], [ -53.566723, -27.474761 ], [ -53.557363, -27.481075 ], [ -53.554508, -27.477867 ], [ -53.560126, -27.464083 ], [ -53.564417, -27.463458 ], [ -53.566646, -27.471498 ], [ -53.5691, -27.464112 ], [ -53.55281, -27.456319 ], [ -53.560228, -27.448693 ], [ -53.560334, -27.454535 ], [ -53.58242, -27.461554 ], [ -53.60757, -27.476969 ], [ -53.61523, -27.472334 ], [ -53.625462, -27.449549 ], [ -53.643498, -27.431817 ], [ -53.650021, -27.425812 ], [ -53.644043, -27.423254 ], [ -53.647294, -27.418768 ], [ -53.673057, -27.435099 ], [ -53.68055, -27.447572 ], [ -53.700665, -27.447395 ], [ -53.706735, -27.440767 ], [ -53.707943, -27.445611 ], [ -53.727438, -27.450363 ], [ -53.731437, -27.454224 ], [ -53.749476, -27.447316 ], [ -53.758875, -27.449998 ], [ -53.771729, -27.443093 ], [ -53.778561, -27.44719 ], [ -53.782654, -27.440541 ], [ -53.794389, -27.44325 ], [ -53.800298, -27.438635 ], [ -53.806046, -27.44285 ], [ -53.813072, -27.440102 ], [ -53.818063, -27.446495 ], [ -53.825849, -27.438374 ], [ -53.828526, -27.443039 ], [ -53.842654, -27.445951 ], [ -53.842309, -27.4503 ], [ -53.841268, -27.453593 ], [ -53.827436, -27.459162 ], [ -53.834694, -27.465899 ], [ -53.825444, -27.471087 ], [ -53.832515, -27.481379 ], [ -53.82774, -27.488629 ], [ -53.808378, -27.485288 ], [ -53.810456, -27.498008 ], [ -53.816501, -27.506604 ], [ -53.82526, -27.508758 ], [ -53.8154, -27.514832 ], [ -53.805964, -27.517816 ] ] ] } },
{ "type": "Feature", "properties": { "HREG_ID": "43016", "HREG_NAME": "Região 16", "id": "430090", "name": "Aratiba", "description": "Aratiba", "MUN_ID": "430090", "UF": "RS", "MACRO_ID": "4311", "MACRO_NAME": "Norte" }, "geometry": { "type": "Polygon", "coordinates": [ [ [ -52.34149, -27.976531 ], [ -52.34152, -27.981721 ], [ -52.352012, -27.981076 ], [ -52.359731, -27.986974 ], [ -52.365517, -27.978396 ], [ -52.36974, -27.979748 ], [ -52.371988, -27.976554 ], [ -52.38062, -27.982635 ], [ -52.39236, -27.980364 ], [ -52.400525, -27.982905 ], [ -52.403907, -27.990911 ], [ -52.410418, -27.989739 ], [ -52.418323, -27.988538 ], [ -52.418548, -27.984763 ], [ -52.422689, -27.986864 ], [ -52.42595, -27.982714 ], [ -52.429528, -27.985906 ], [ -52.432205, -27.983541 ], [ -52.435949, -27.989469 ], [ -52.439415, -27.982795 ], [ -52.443868, -27.978764 ], [ -52.449618, -27.983954 ], [ -52.453735, -27.974392 ], [ -52.455244, -27.976522 ], [ -52.465297, -27.972714 ], [ -52.469448, -27.977116 ], [ -52.470464, -27.968984 ], [ -52.475588, -27.97018 ], [ -52.476389, -27.958548 ], [ -52.494756, -27.959387 ], [ -52.496179, -27.948693 ], [ -52.503939, -27.948575 ], [ -52.501117, -27.946509 ], [ -52.504404, -27.943324 ], [ -52.514675, -27.947528 ], [ -52.517207, -27.945618 ], [ -52.511984, -27.942376 ], [ -52.522731, -27.941833 ], [ -52.538216, -27.936796 ], [ -52.541139, -27.940313 ], [ -52.53542, -27.94996 ], [ -52.540558, -27.955574 ], [ -52.553546, -27.945489 ], [ -52.551881, -27.94279 ], [ -52.560362, -27.940068 ], [ -52.554115, -27.956108 ], [ -52.559957, -27.960072 ], [ -52.567177, -27.951452 ], [ -52.578972, -27.945349 ], [ -52.594502, -27.948394 ], [ -52.597522, -27.941612 ], [ -52.604271, -27.950579 ], [ -52.610167, -27.946331 ], [ -52.608072, -27.936566 ], [ -52.592296, -27.930152 ], [ -52.59558, -27.922652 ], [ -52.581746, -27.928838 ], [ -52.581073, -27.920669 ], [ -52.574582, -27.918036 ], [ -52.58656, -27.910004 ], [ -52.58253, -27.906743 ], [ -52.575747, -27.909239 ], [ -52.573084, -27.904761 ], [ -52.586554, -27.897502 ], [ -52.593953, -27.899178 ], [ -52.58712, -27.891255 ], [ -52.600786, -27.890531 ], [ -52.597574, -27.885867 ], [ -52.59747, -27.882551 ], [ -52.609301, -27.878656 ], [ -52.605919, -27.875298 ], [ -52.600026, -27.876245 ], [ -52.600322, -27.873194 ], [ -52.613822, -27.867708 ], [ -52.621609, -27.874996 ], [ -52.625857, -27.863704 ], [ -52.634572, -27.878769 ], [ -52.647096, -27.875867 ], [ -52.647997, -27.872577 ], [ -52.64346, -27.868996 ], [ -52.645017, -27.852203 ], [ -52.652506, -27.847516 ], [ -52.659971, -27.83372 ], [ -52.669026, -27.839584 ], [ -52.672276, -27.820449 ], [ -52.675975, -27.796316 ], [ -52.688812, -27.797117 ], [ -52.704546, -27.797432 ], [ -52.704562, -27.792387 ], [ -52.696317, -27.785247 ], [ -52.711644, -27.765814 ], [ -52.714788, -27.752917 ], [ -52.70863, -27.738954 ], [ -52.711841, -27.737704 ], [ -52.717341, -27.742765 ], [ -52.728849, -27.745919 ], [ -52.735269, -27.745024 ], [ -52.741321, -27.736469 ], [ -52.738497, -27.72309 ], [ -52.737456, -27.707706 ], [ -52.732644, -27.698719 ], [ -52.735625, -27.693156 ], [ -52.741666, -27.689276 ], [ -52.750055, -27.689369 ], [ -52.758432, -27.697068 ], [ -52.759536, -27.69043 ], [ -52.748485, -27.681661 ], [ -52.743073, -27.664015 ], [ -52.733078, -27.654606 ], [ -52.739583, -27.644516 ], [ -52.733109, -27.637796 ], [ -52.738179, -27.631097 ], [ -52.751616, -27.619311 ], [ -52.752173, -27.613388 ], [ -52.746538, -27.603582 ], [ -52.73736, -27.593559 ], [ -52.753972, -27.590937 ], [ -52.767588, -27.584268 ], [ -52.760497, -27.579072 ], [ -52.753444, -27.584019 ], [ -52.747266, -27.579538 ], [ -52.747439, -27.570244 ], [ -52.73919, -27.559888 ], [ -52.74109, -27.552411 ], [ -52.74623, -27.546257 ], [ -52.752054, -27.548514 ], [ -52.754402, -27.555033 ], [ -52.766758, -27.552323 ], [ -52.746682, -27.537898 ], [ -52.746493, -27.533515 ], [ -52.761164, -27.524472 ], [ -52.756883, -27.512248 ], [ -52.768217, -27.509133 ], [ -52.775341, -27.511483 ], [ -52.782838, -27.500623 ], [ -52.801268, -27.500543 ], [ -52.799455, -27.495683 ], [ -52.81204, -27.502761 ], [ -52.817963, -27.502264 ], [ -52.824259, -27.48237 ], [ -52.810611, -27.466024 ], [ -52.808832, -27.455656 ], [ -52.812525, -27.44983 ], [ -52.838087, -27.437588 ], [ -52.849307, -27.443025 ], [ -52.868957, -27.430684 ], [ -52.869025, -27.430547 ], [ -52.871598, -27.425327 ], [ -52.885241, -27.417418 ], [ -52.878071, -27.411635 ], [ -52.88377, -27.409806 ], [ -52.889666, -27.383869 ], [ -52.903355, -27.383945 ], [ -52.923075, -27.398524 ], [ -52.935413, -27.39577 ], [ -52.937866, -27.401797 ], [ -52.946358, -27.403468 ], [ -52.952167, -27.400378 ], [ -52.972937, -27.410982 ], [ -52.973332, -27.411442 ], [ -53.016138, -27.461205 ], [ -53.017161, -27.455537 ], [ -53.028857, -27.457675 ], [ -53.034939, -27.453498 ], [ -53.044992, -27.448319 ], [ -53.041407, -27.44471 ], [ -53.046002, -27.440863 ], [ -53.056357, -27.444945 ], [ -53.055963, -27.436975 ], [ -53.063954, -27.442019 ], [ -53.066629, -27.437586 ], [ -53.074191, -27.442714 ], [ -53.079114, -27.438059 ], [ -53.07781, -27.432562 ], [ -53.086581, -27.440835 ], [ -53.087815, -27.436276 ], [ -53.092631, -27.435155 ], [ -53.091946, -27.44425 ], [ -53.087497, -27.445755 ], [ -53.090723, -27.45176 ], [ -53.09891, -27.450628 ], [ -53.098831, -27.456591 ], [ -53.104103, -27.44664 ], [ -53.108485, -27.444491 ], [ -53.112112, -27.447379 ], [ -53.116386, -27.440703 ], [ -53.123499, -27.447005 ], [ -53.131707, -27.443583 ], [ -53.12358, -27.433809 ], [ -53.092149, -27.394125 ], [ -53.07525, -27.372775 ], [ -53.075305, -27.373501 ], [ -53.074565, -27.378388 ], [ -53.066199, -27.379673 ], [ -53.069997, -27.386933 ], [ -53.068366, -27.391072 ], [ -53.065302, -27.392029 ], [ -53.062045, -27.383102 ], [ -53.055963, -27.38076 ], [ -53.052822, -27.390181 ], [ -53.04351, -27.393261 ], [ -53.042938, -27.387833 ], [ -53.047769, -27.384805 ], [ -53.040413, -27.380995 ], [ -53.039318, -27.384121 ], [ -53.032447, -27.385289 ], [ -53.033676, -27.373178 ], [ -53.030025, -27.371083 ], [ -53.026134, -27.374444 ], [ -53.020892, -27.373308 ], [ -53.019773, -27.377001 ], [ -53.014022, -27.373366 ], [ -53.01184, -27.37944 ], [ -53.015694, -27.383386 ], [ -53.012059, -27.38541 ], [ -53.001193, -27.38066 ], [ -52.992347, -27.386765 ], [ -52.991044, -27.383543 ], [ -52.978141, -27.382 ], [ -52.970922, -27.377652 ], [ -52.964837, -27.367101 ], [ -52.955455, -27.371116 ], [ -52.955419, -27.34549 ], [ -52.945715, -27.320678 ], [ -52.950502, -27.307822 ], [ -52.9322, -27.312794 ], [ -52.935055, -27.304211 ], [ -52.945448, -27.301438 ], [ -52.943816, -27.295752 ], [ -52.957894, -27.291104 ], [ -52.955889, -27.284646 ], [ -52.963979, -27.282379 ], [ -52.957191, -27.277751 ], [ -52.965261, -27.274415 ], [ -52.964896, -27.271081 ], [ -52.953761, -27.270169 ], [ -52.964089, -27.264662 ], [ -52.963519, -27.257087 ], [ -52.957074, -27.249805 ], [ -52.948214, -27.254066 ], [ -52.956091, -27.23984 ], [ -52.966674, -27.240001 ], [ -52.958873, -27.233009 ], [ -52.958812, -27.232865 ], [ -52.967027, -27.225831 ], [ -52.961662, -27.224749 ], [ -52.957071, -27.215169 ], [ -52.963229, -27.215992 ], [ -52.970571, -27.217367 ], [ -52.965423, -27.179763 ], [ -52.958591, -27.163009 ], [ -52.946097, -27.16332 ], [ -52.936537, -27.171423 ], [ -52.935884, -27.176018 ], [ -52.937082, -27.196892 ], [ -52.924127, -27.202049 ], [ -52.903829, -27.198402 ], [ -52.889865, -27.186479 ], [ -52.878601, -27.17788 ], [ -52.87249, -27.173552 ], [ -52.858112, -27.167254 ], [ -52.850332, -27.168154 ], [ -52.843498, -27.177623 ], [ -52.84641, -27.202118 ], [ -52.840176, -27.208784 ], [ -52.835337, -27.209514 ], [ -52.816972, -27.200905 ], [ -52.80015, -27.202212 ], [ -52.786408, -27.204602 ], [ -52.766939, -27.20891 ], [ -52.757479, -27.217859 ], [ -52.763046, -27.242988 ], [ -52.761125, -27.249753 ], [ -52.753448, -27.257901 ], [ -52.743482, -27.25662 ], [ -52.730873, -27.239294 ], [ -52.719799, -27.234587 ], [ -52.714418, -27.236459 ], [ -52.7097, -27.243953 ], [ -52.706326, -27.272446 ], [ -52.698788, -27.281633 ], [ -52.692147, -27.283512 ], [ -52.691066, -27.283731 ], [ -52.687724, -27.282656 ], [ -52.678445, -27.267779 ], [ -52.675808, -27.24618 ], [ -52.667646, -27.237979 ], [ -52.659212, -27.237475 ], [ -52.645131, -27.25954 ], [ -52.628665, -27.265225 ], [ -52.610197, -27.262923 ], [ -52.597217, -27.253746 ], [ -52.589806, -27.247839 ], [ -52.563297, -27.24829 ], [ -52.549607, -27.238051 ], [ -52.544759, -27.239535 ], [ -52.535777, -27.259658 ], [ -52.503968, -27.264464 ], [ -52.497423, -27.264757 ], [ -52.48557, -27.266484 ], [ -52.479233, -27.264922 ], [ -52.476903, -27.262277 ], [ -52.481522, -27.244752 ], [ -52.477228, -27.233593 ], [ -52.462302, -27.228361 ], [ -52.451134, -27.220357 ], [ -52.43956, -27.2163 ], [ -52.432461, -27.217952 ], [ -52.43146, -27.22731 ], [ -52.441618, -27.248701 ], [ -52.439975, -27.262238 ], [ -52.418858, -27.282311 ], [ -52.401438, -27.292018 ], [ -52.397195, -27.292128 ], [ -52.395361, -27.292176 ], [ -52.392699, -27.28753 ], [ -52.399367, -27.258051 ], [ -52.393216, -27.251946 ], [ -52.38158, -27.257223 ], [ -52.379948, -27.263906 ], [ -52.382034, -27.273801 ], [ -52.383354, -27.284354 ], [ -52.381116, -27.293618 ], [ -52.375213, -27.303818 ], [ -52.364606, -27.303344 ], [ -52.356104, -27.292007 ], [ -52.346243, -27.287799 ], [ -52.305046, -27.317866 ], [ -52.298639, -27.31821 ], [ -52.293406, -27.315831 ], [ -52.290797, -27.308572 ], [ -52.304567, -27.274506 ], [ -52.301268, -27.25959 ], [ -52.293295, -27.257323 ], [ -52.276725, -27.261536 ], [ -52.260734, -27.258617 ], [ -52.253426, -27.257036 ], [ -52.234616, -27.265141 ], [ -52.235683, -27.271669 ], [ -52.263377, -27.281088 ], [ -52.277458, -27.295985 ], [ -52.272691, -27.303531 ], [ -52.250254, -27.301904 ], [ -52.238913, -27.305744 ], [ -52.224201, -27.329992 ], [ -52.20967, -27.330425 ], [ -52.203213, -27.322988 ], [ -52.200392, -27.316017 ], [ -52.192677, -27.296936 ], [ -52.179745, -27.276464 ], [ -52.173358, -27.272411 ], [ -52.166106, -27.272906 ], [ -52.160479, -27.276385 ], [ -52.158414, -27.283305 ], [ -52.166783, -27.311168 ], [ -52.160927, -27.313538 ], [ -52.139246, -27.304631 ], [ -52.127902, -27.302338 ], [ -52.118578, -27.302744 ], [ -52.10742, -27.309157 ], [ -52.105693, -27.3152 ], [ -52.106732, -27.323488 ], [ -52.108981, -27.339192 ], [ -52.106589, -27.342909 ], [ -52.097503, -27.347944 ], [ -52.088808, -27.345174 ], [ -52.07263, -27.337883 ], [ -52.048388, -27.345387 ], [ -52.038365, -27.344477 ], [ -52.017778, -27.331287 ], [ -52.008765, -27.333903 ], [ -52.008251, -27.342916 ], [ -52.021959, -27.35462 ], [ -52.019333, -27.362194 ], [ -52.009144, -27.371458 ], [ -51.996352, -27.377882 ], [ -51.99256, -27.377963 ], [ -51.985235, -27.374202 ], [ -51.961448, -27.374286 ], [ -51.950519, -27.380866 ], [ -51.949365, -27.391825 ], [ -51.953968, -27.394484 ], [ -51.991402, -27.389834 ], [ -51.999714, -27.392243 ], [ -52.008086, -27.400086 ], [ -52.001724, -27.40793 ], [ -51.974087, -27.409988 ], [ -51.955413, -27.41438 ], [ -51.93697, -27.42657 ], [ -51.932497, -27.43401 ], [ -51.935457, -27.441428 ], [ -51.962136, -27.461588 ], [ -51.962191, -27.469991 ], [ -51.951789, -27.47443 ], [ -51.932613, -27.466155 ], [ -51.9276, -27.462751 ], [ -51.911381, -27.458076 ], [ -51.900488, -27.462737 ], [ -51.8996, -27.464718 ], [ -51.901901, -27.495559 ], [ -51.897479, -27.505975 ], [ -51.893064, -27.516374 ], [ -51.888892, -27.520149 ], [ -51.879267, -27.520526 ], [ -51.872755, -27.513069 ], [ -51.879674, -27.494066 ], [ -51.877597, -27.484576 ], [ -51.866642, -27.476262 ], [ -51.857242, -27.475128 ], [ -51.843684, -27.480955 ], [ -51.842237, -27.485676 ], [ -51.853404, -27.513553 ], [ -51.854025, -27.518154 ], [ -51.848536, -27.525067 ], [ -51.842721, -27.525018 ], [ -51.836427, -27.521916 ], [ -51.827482, -27.53337 ], [ -51.828031, -27.537988 ], [ -51.851903, -27.530353 ], [ -51.861787, -27.532691 ], [ -51.860984, -27.536368 ], [ -51.839759, -27.540793 ], [ -51.841262, -27.545079 ], [ -51.856187, -27.550617 ], [ -51.847263, -27.563024 ], [ -51.856746, -27.562331 ], [ -51.861835, -27.562524 ], [ -51.878348, -27.56138 ], [ -51.891152, -27.578478 ], [ -51.882184, -27.592249 ], [ -51.899537, -27.603294 ], [ -51.886132, -27.623931 ], [ -51.872136, -27.621779 ], [ -51.868326, -27.630802 ], [ -51.887256, -27.63139 ], [ -51.890703, -27.634496 ], [ -51.880202, -27.642739 ], [ -51.870458, -27.660278 ], [ -51.896899, -27.646868 ], [ -51.895889, -27.65167 ], [ -51.888018, -27.666509 ], [ -51.892261, -27.678564 ], [ -51.877912, -27.68374 ], [ -51.873571, -27.688616 ], [ -51.876216, -27.694699 ], [ -51.892164, -27.698125 ], [ -51.892449, -27.70144 ], [ -51.878169, -27.712233 ], [ -51.880516, -27.719288 ], [ -51.893432, -27.710066 ], [ -51.899849, -27.711893 ], [ -51.898506, -27.713701 ], [ -51.88739, -27.724953 ], [ -51.898284, -27.730668 ], [ -51.89529, -27.73826 ], [ -51.897897, -27.743072 ], [ -51.906908, -27.75648 ], [ -51.924217, -27.751729 ], [ -51.927759, -27.758174 ], [ -51.916552, -27.765171 ], [ -51.911041, -27.782024 ], [ -51.916958, -27.780964 ], [ -51.924018, -27.767728 ], [ -51.928925, -27.766079 ], [ -51.930828, -27.769072 ], [ -51.928355, -27.783182 ], [ -51.930109, -27.787047 ], [ -51.939228, -27.790289 ], [ -51.950542, -27.788275 ], [ -51.952248, -27.790546 ], [ -51.938788, -27.815234 ], [ -51.951813, -27.811096 ], [ -51.961179, -27.812875 ], [ -51.948691, -27.826956 ], [ -51.943825, -27.819726 ], [ -51.93911, -27.834613 ], [ -51.918947, -27.845504 ], [ -51.922466, -27.853529 ], [ -51.930287, -27.842419 ], [ -51.934769, -27.841489 ], [ -51.93511, -27.850451 ], [ -51.926468, -27.858672 ], [ -51.936203, -27.869512 ], [ -51.91858, -27.870529 ], [ -51.924373, -27.883133 ], [ -51.936669, -27.884016 ], [ -51.933283, -27.890124 ], [ -51.927785, -27.889353 ], [ -51.930988, -27.896396 ], [ -51.925626, -27.892336 ], [ -51.917456, -27.899202 ], [ -51.932154, -27.903318 ], [ -51.939922, -27.901534 ], [ -51.937871, -27.906108 ], [ -51.931343, -27.908702 ], [ -51.925043, -27.904679 ], [ -51.921546, -27.913517 ], [ -51.924588, -27.917572 ], [ -51.919778, -27.923051 ], [ -51.930258, -27.931839 ], [ -51.91013, -27.931853 ], [ -51.917934, -27.936318 ], [ -51.909183, -27.951934 ], [ -51.911166, -27.959159 ], [ -51.907416, -27.963141 ], [ -51.910925, -27.964219 ], [ -51.922142, -27.963223 ], [ -51.926755, -27.966247 ], [ -51.911709, -27.975246 ], [ -51.912053, -27.978651 ], [ -51.921509, -27.977187 ], [ -51.907869, -27.983989 ], [ -51.907815, -27.989466 ], [ -51.91404, -27.987128 ], [ -51.92843, -27.9905 ], [ -51.932325, -27.991717 ], [ -51.933357, -27.999636 ], [ -51.935181, -27.999487 ], [ -51.943092, -28.001034 ], [ -51.943742, -27.995812 ], [ -51.950544, -27.999397 ], [ -51.955582, -27.987041 ], [ -51.962394, -27.9808 ], [ -51.977014, -27.997567 ], [ -51.967419, -28.003133 ], [ -51.971596, -28.0115 ], [ -51.982652, -28.013549 ], [ -51.983138, -28.013767 ], [ -51.999652, -28.012245 ], [ -52.004684, -28.010104 ], [ -52.0046, -28.004802 ], [ -52.009307, -28.004562 ], [ -52.011189, -28.00694 ], [ -52.029369, -28.004004 ], [ -52.036166, -27.997505 ], [ -52.052958, -27.992027 ], [ -52.064319, -27.992879 ], [ -52.073899, -27.985518 ], [ -52.082725, -27.983997 ], [ -52.088675, -27.976438 ], [ -52.086049, -27.974699 ], [ -52.088711, -27.961676 ], [ -52.091199, -27.95424 ], [ -52.096747, -27.9508 ], [ -52.086884, -27.942931 ], [ -52.090399, -27.935797 ], [ -52.102258, -27.940642 ], [ -52.105391, -27.947451 ], [ -52.114208, -27.946754 ], [ -52.11696, -27.949656 ], [ -52.125196, -27.952539 ], [ -52.131438, -27.948578 ], [ -52.135444, -27.953182 ], [ -52.143952, -27.952495 ], [ -52.151673, -27.94247 ], [ -52.152545, -27.946746 ], [ -52.163821, -27.948703 ], [ -52.169188, -27.942637 ], [ -52.172509, -27.948818 ], [ -52.177053, -27.949121 ], [ -52.188496, -27.959686 ], [ -52.19863, -27.959869 ], [ -52.213864, -27.972113 ], [ -52.226482, -27.969484 ], [ -52.226448, -27.9726 ], [ -52.237694, -27.972054 ], [ -52.259231, -27.960107 ], [ -52.268033, -27.954288 ], [ -52.287658, -27.957528 ], [ -52.294712, -27.954166 ], [ -52.302425, -27.961495 ], [ -52.309551, -27.960726 ], [ -52.31853, -27.968199 ], [ -52.322318, -27.974342 ], [ -52.334283, -27.976045 ], [ -52.34149, -27.976531 ] ] ] } },
{ "type": "Feature", "properties": { "HREG_ID": "43017", "HREG_NAME": "Região 17 - Planalto", "id": "430047", "name": "Almirante Tamandaré do Sul", "description": "Almirante Tamandaré do Sul", "MUN_ID": "430047", "UF": "RS", "MACRO_ID": "4311", "MACRO_NAME": "Norte" }, "geometry": { "type": "Polygon", "coordinates": [ [ [ -52.631771, -28.517724 ], [ -52.644691, -28.527678 ], [ -52.650033, -28.538963 ], [ -52.635824, -28.55185 ], [ -52.637253, -28.564272 ], [ -52.640639, -28.566664 ], [ -52.636858, -28.571395 ], [ -52.639929, -28.579927 ], [ -52.637166, -28.584352 ], [ -52.637034, -28.584327 ], [ -52.640928, -28.594112 ], [ -52.646936, -28.600384 ], [ -52.647054, -28.607242 ], [ -52.66005, -28.611141 ], [ -52.663613, -28.605928 ], [ -52.667982, -28.613841 ], [ -52.663954, -28.624974 ], [ -52.668553, -28.628233 ], [ -52.668258, -28.633659 ], [ -52.678118, -28.628459 ], [ -52.686731, -28.635934 ], [ -52.701791, -28.628225 ], [ -52.709679, -28.631946 ], [ -52.697668, -28.651489 ], [ -52.708117, -28.650731 ], [ -52.708222, -28.655564 ], [ -52.694375, -28.658265 ], [ -52.696003, -28.667019 ], [ -52.701003, -28.664409 ], [ -52.699042, -28.660796 ], [ -52.702843, -28.658179 ], [ -52.70605, -28.667763 ], [ -52.722094, -28.666046 ], [ -52.725089, -28.672885 ], [ -52.710739, -28.684625 ], [ -52.710538, -28.684706 ], [ -52.707971, -28.689176 ], [ -52.712794, -28.692282 ], [ -52.720972, -28.684705 ], [ -52.727884, -28.684763 ], [ -52.740344, -28.686934 ], [ -52.743659, -28.679312 ], [ -52.729665, -28.679472 ], [ -52.730582, -28.672169 ], [ -52.747736, -28.665638 ], [ -52.756841, -28.670733 ], [ -52.757293, -28.66375 ], [ -52.768447, -28.654037 ], [ -52.768725, -28.647111 ], [ -52.763829, -28.652738 ], [ -52.76221, -28.643196 ], [ -52.751023, -28.63971 ], [ -52.761502, -28.638907 ], [ -52.764145, -28.632679 ], [ -52.76143, -28.627677 ], [ -52.762267, -28.626345 ], [ -52.774642, -28.628499 ], [ -52.78079, -28.624044 ], [ -52.810365, -28.617956 ], [ -52.837251, -28.611763 ], [ -52.841299, -28.605953 ], [ -52.852172, -28.601048 ], [ -52.863076, -28.59737 ], [ -52.871862, -28.599555 ], [ -52.893632, -28.594492 ], [ -52.89955, -28.599019 ], [ -52.915804, -28.595421 ], [ -52.926511, -28.583956 ], [ -52.927505, -28.580574 ], [ -52.919266, -28.578856 ], [ -52.925252, -28.57659 ], [ -52.925303, -28.571451 ], [ -52.931781, -28.572622 ], [ -52.924359, -28.564237 ], [ -52.921034, -28.572288 ], [ -52.917443, -28.571291 ], [ -52.914816, -28.568483 ], [ -52.916577, -28.559104 ], [ -52.915477, -28.555086 ], [ -52.923714, -28.553613 ], [ -52.923315, -28.558495 ], [ -52.927249, -28.553245 ], [ -52.923914, -28.546023 ], [ -52.913628, -28.545979 ], [ -52.920182, -28.539867 ], [ -52.921335, -28.539741 ], [ -52.933459, -28.533065 ], [ -52.936996, -28.523729 ], [ -52.926217, -28.527391 ], [ -52.92378, -28.519263 ], [ -52.919166, -28.520533 ], [ -52.920717, -28.513709 ], [ -52.92518, -28.512898 ], [ -52.922994, -28.506752 ], [ -52.937155, -28.509694 ], [ -52.935668, -28.501249 ], [ -52.944857, -28.4979 ], [ -52.944888, -28.493723 ], [ -52.939685, -28.488007 ], [ -52.944231, -28.485993 ], [ -52.939401, -28.476761 ], [ -52.942248, -28.472427 ], [ -52.937945, -28.466722 ], [ -52.934093, -28.466784 ], [ -52.940292, -28.458813 ], [ -52.941986, -28.445691 ], [ -52.938808, -28.441972 ], [ -52.932751, -28.442503 ], [ -52.935301, -28.428283 ], [ -52.927775, -28.42675 ], [ -52.929454, -28.422715 ], [ -52.923923, -28.420051 ], [ -52.927299, -28.418259 ], [ -52.927537, -28.406874 ], [ -52.934061, -28.403804 ], [ -52.927107, -28.403669 ], [ -52.925921, -28.400894 ], [ -52.93175, -28.40008 ], [ -52.929458, -28.397366 ], [ -52.940128, -28.379375 ], [ -52.940648, -28.377087 ], [ -52.950937, -28.351503 ], [ -52.947505, -28.346175 ], [ -52.948782, -28.337331 ], [ -52.958979, -28.333955 ], [ -52.975833, -28.340169 ], [ -52.999689, -28.356804 ], [ -53.002067, -28.352203 ], [ -53.000851, -28.368031 ], [ -53.005714, -28.365039 ], [ -53.012329, -28.36987 ], [ -53.02398, -28.372039 ], [ -53.02738, -28.376772 ], [ -53.04143, -28.375337 ], [ -53.029336, -28.353472 ], [ -53.023907, -28.352853 ], [ -53.024794, -28.33438 ], [ -53.020597, -28.316797 ], [ -53.025322, -28.314586 ], [ -53.033958, -28.317101 ], [ -53.039109, -28.306475 ], [ -53.052291, -28.304161 ], [ -53.053565, -28.297935 ], [ -53.056098, -28.298711 ], [ -53.060137, -28.292435 ], [ -53.0676, -28.297747 ], [ -53.076402, -28.28211 ], [ -53.080649, -28.283826 ], [ -53.091085, -28.277151 ], [ -53.101584, -28.278857 ], [ -53.107043, -28.289241 ], [ -53.117226, -28.28964 ], [ -53.119206, -28.297253 ], [ -53.124485, -28.292811 ], [ -53.126047, -28.283379 ], [ -53.130235, -28.287071 ], [ -53.134521, -28.285695 ], [ -53.130367, -28.285427 ], [ -53.132408, -28.278908 ], [ -53.124974, -28.279916 ], [ -53.129936, -28.267062 ], [ -53.12029, -28.264098 ], [ -53.126096, -28.264642 ], [ -53.129052, -28.260088 ], [ -53.1169, -28.261668 ], [ -53.121781, -28.254796 ], [ -53.120117, -28.250546 ], [ -53.11328, -28.250618 ], [ -53.112151, -28.254225 ], [ -53.096898, -28.261049 ], [ -53.08868, -28.263549 ], [ -53.084366, -28.259914 ], [ -53.080142, -28.267635 ], [ -53.072729, -28.261427 ], [ -53.063047, -28.241559 ], [ -53.055806, -28.24075 ], [ -53.046815, -28.24495 ], [ -53.037856, -28.235531 ], [ -53.034665, -28.22439 ], [ -53.026704, -28.226709 ], [ -53.023383, -28.223809 ], [ -53.017679, -28.208358 ], [ -53.001414, -28.201136 ], [ -52.98478, -28.185623 ], [ -52.978898, -28.187838 ], [ -52.973847, -28.181038 ], [ -52.965475, -28.186112 ], [ -52.959818, -28.185675 ], [ -52.9547, -28.18189 ], [ -52.962988, -28.177163 ], [ -52.968106, -28.171381 ], [ -52.977636, -28.173126 ], [ -52.983143, -28.165805 ], [ -52.974747, -28.161476 ], [ -52.974452, -28.15112 ], [ -52.978962, -28.148554 ], [ -52.978923, -28.14211 ], [ -52.974705, -28.138119 ], [ -52.97724, -28.131817 ], [ -52.970836, -28.134943 ], [ -52.972687, -28.128611 ], [ -52.971382, -28.123975 ], [ -52.977175, -28.130975 ], [ -52.984168, -28.123635 ], [ -52.989775, -28.130438 ], [ -52.992139, -28.125955 ], [ -52.989603, -28.120966 ], [ -52.998674, -28.117532 ], [ -53.00107, -28.106067 ], [ -53.008754, -28.120709 ], [ -53.008282, -28.101904 ], [ -53.02262, -28.104979 ], [ -53.009724, -28.092732 ], [ -53.016841, -28.086302 ], [ -53.004562, -28.088128 ], [ -53.000434, -28.079784 ], [ -53.005941, -28.075514 ], [ -52.989286, -28.080152 ], [ -52.983922, -28.07822 ], [ -52.987356, -28.073297 ], [ -52.983613, -28.068378 ], [ -52.988741, -28.068104 ], [ -52.992383, -28.072466 ], [ -53.000045, -28.069372 ], [ -52.997972, -28.060292 ], [ -52.991558, -28.060345 ], [ -52.993994, -28.057124 ], [ -53.008483, -28.065124 ], [ -53.004973, -28.053906 ], [ -53.010345, -28.050996 ], [ -53.0089, -28.044123 ], [ -53.025429, -28.043834 ], [ -53.015825, -28.037208 ], [ -53.007297, -28.039472 ], [ -53.005667, -28.033559 ], [ -53.009221, -28.027197 ], [ -53.005038, -28.027062 ], [ -52.997173, -28.037696 ], [ -52.986522, -28.033982 ], [ -52.981264, -28.042939 ], [ -52.978027, -28.03491 ], [ -52.972071, -28.033821 ], [ -52.969263, -28.037765 ], [ -52.972657, -28.045349 ], [ -52.967399, -28.050778 ], [ -52.964559, -28.049964 ], [ -52.966213, -28.041124 ], [ -52.962889, -28.034163 ], [ -52.956184, -28.035336 ], [ -52.952937, -28.043136 ], [ -52.944139, -28.043803 ], [ -52.939904, -28.05662 ], [ -52.937613, -28.051576 ], [ -52.930092, -28.048056 ], [ -52.925848, -28.05118 ], [ -52.92887, -28.055732 ], [ -52.922686, -28.058694 ], [ -52.908029, -28.057912 ], [ -52.906486, -28.052751 ], [ -52.901568, -28.05331 ], [ -52.898976, -28.055413 ], [ -52.903999, -28.062602 ], [ -52.900864, -28.065778 ], [ -52.892409, -28.067835 ], [ -52.894531, -28.063416 ], [ -52.891662, -28.05485 ], [ -52.887471, -28.054549 ], [ -52.885193, -28.058439 ], [ -52.891033, -28.062829 ], [ -52.881909, -28.06433 ], [ -52.881564, -28.070112 ], [ -52.875648, -28.065718 ], [ -52.865657, -28.069311 ], [ -52.861418, -28.069638 ], [ -52.866991, -28.062806 ], [ -52.858133, -28.059528 ], [ -52.853858, -28.062938 ], [ -52.853962, -28.055657 ], [ -52.84572, -28.062701 ], [ -52.838659, -28.060653 ], [ -52.839144, -28.056612 ], [ -52.841214, -28.05188 ], [ -52.835508, -28.04834 ], [ -52.830776, -28.039895 ], [ -52.83098, -28.029784 ], [ -52.827548, -28.028875 ], [ -52.827269, -28.025587 ], [ -52.820438, -28.022477 ], [ -52.822717, -28.014682 ], [ -52.815053, -27.999299 ], [ -52.80957, -27.998859 ], [ -52.798583, -27.984412 ], [ -52.787814, -27.986052 ], [ -52.782444, -27.980261 ], [ -52.762601, -27.973803 ], [ -52.758152, -27.968893 ], [ -52.757783, -27.958686 ], [ -52.740795, -27.947758 ], [ -52.746802, -27.942862 ], [ -52.738635, -27.938782 ], [ -52.736357, -27.92538 ], [ -52.718067, -27.91829 ], [ -52.712538, -27.919676 ], [ -52.702158, -27.910973 ], [ -52.696286, -27.913332 ], [ -52.695076, -27.924419 ], [ -52.674553, -27.934276 ], [ -52.671288, -27.939652 ], [ -52.656779, -27.941472 ], [ -52.655517, -27.944202 ], [ -52.64783, -27.947435 ], [ -52.629544, -27.940175 ], [ -52.626452, -27.942061 ], [ -52.608072, -27.936566 ], [ -52.610167, -27.946331 ], [ -52.604271, -27.950579 ], [ -52.597522, -27.941612 ], [ -52.594502, -27.948394 ], [ -52.578972, -27.945349 ], [ -52.567177, -27.951452 ], [ -52.559957, -27.960072 ], [ -52.554115, -27.956108 ], [ -52.560362, -27.940068 ], [ -52.551881, -27.94279 ], [ -52.553546, -27.945489 ], [ -52.540558, -27.955574 ], [ -52.53542, -27.94996 ], [ -52.541139, -27.940313 ], [ -52.538216, -27.936796 ], [ -52.522731, -27.941833 ], [ -52.511984, -27.942376 ], [ -52.517207, -27.945618 ], [ -52.514675, -27.947528 ], [ -52.504404, -27.943324 ], [ -52.501117, -27.946509 ], [ -52.503939, -27.948575 ], [ -52.496179, -27.948693 ], [ -52.494756, -27.959387 ], [ -52.476389, -27.958548 ], [ -52.475588, -27.97018 ], [ -52.470464, -27.968984 ], [ -52.469448, -27.977116 ], [ -52.465297, -27.972714 ], [ -52.455244, -27.976522 ], [ -52.453735, -27.974392 ], [ -52.449618, -27.983954 ], [ -52.443868, -27.978764 ], [ -52.439415, -27.982795 ], [ -52.435949, -27.989469 ], [ -52.432205, -27.983541 ], [ -52.429528, -27.985906 ], [ -52.42595, -27.982714 ], [ -52.422689, -27.986864 ], [ -52.418548, -27.984763 ], [ -52.418323, -27.988538 ], [ -52.410418, -27.989739 ], [ -52.403907, -27.990911 ], [ -52.400525, -27.982905 ], [ -52.39236, -27.980364 ], [ -52.38062, -27.982635 ], [ -52.371988, -27.976554 ], [ -52.36974, -27.979748 ], [ -52.365517, -27.978396 ], [ -52.359731, -27.986974 ], [ -52.352012, -27.981076 ], [ -52.34152, -27.981721 ], [ -52.34149, -27.976531 ], [ -52.334283, -27.976045 ], [ -52.322318, -27.974342 ], [ -52.31853, -27.968199 ], [ -52.309551, -27.960726 ], [ -52.302425, -27.961495 ], [ -52.294712, -27.954166 ], [ -52.287658, -27.957528 ], [ -52.268033, -27.954288 ], [ -52.259231, -27.960107 ], [ -52.237694, -27.972054 ], [ -52.226448, -27.9726 ], [ -52.226482, -27.969484 ], [ -52.213864, -27.972113 ], [ -52.19863, -27.959869 ], [ -52.188496, -27.959686 ], [ -52.177053, -27.949121 ], [ -52.172509, -27.948818 ], [ -52.169188, -27.942637 ], [ -52.163821, -27.948703 ], [ -52.152545, -27.946746 ], [ -52.151673, -27.94247 ], [ -52.143952, -27.952495 ], [ -52.135444, -27.953182 ], [ -52.131438, -27.948578 ], [ -52.125196, -27.952539 ], [ -52.11696, -27.949656 ], [ -52.114208, -27.946754 ], [ -52.105391, -27.947451 ], [ -52.102258, -27.940642 ], [ -52.090399, -27.935797 ], [ -52.086884, -27.942931 ], [ -52.096747, -27.9508 ], [ -52.091199, -27.95424 ], [ -52.088711, -27.961676 ], [ -52.086049, -27.974699 ], [ -52.088675, -27.976438 ], [ -52.095967, -27.977239 ], [ -52.099703, -27.981983 ], [ -52.087843, -27.996485 ], [ -52.098219, -28.003454 ], [ -52.110348, -27.998341 ], [ -52.111578, -28.000468 ], [ -52.100361, -28.009003 ], [ -52.100596, -28.01502 ], [ -52.111273, -28.009678 ], [ -52.127602, -28.011809 ], [ -52.128224, -28.014375 ], [ -52.119285, -28.02028 ], [ -52.12368, -28.023603 ], [ -52.131199, -28.030762 ], [ -52.13903, -28.031061 ], [ -52.138012, -28.046628 ], [ -52.145165, -28.046268 ], [ -52.143192, -28.051534 ], [ -52.148609, -28.051991 ], [ -52.149122, -28.057679 ], [ -52.159967, -28.056949 ], [ -52.156463, -28.059786 ], [ -52.157317, -28.070245 ], [ -52.152942, -28.075014 ], [ -52.157605, -28.077359 ], [ -52.164068, -28.073106 ], [ -52.172008, -28.078659 ], [ -52.171316, -28.087321 ], [ -52.180303, -28.085497 ], [ -52.186575, -28.089436 ], [ -52.183955, -28.092333 ], [ -52.175655, -28.094923 ], [ -52.17153, -28.103032 ], [ -52.17808, -28.10738 ], [ -52.1882, -28.107219 ], [ -52.187775, -28.110521 ], [ -52.176661, -28.116006 ], [ -52.176551, -28.121852 ], [ -52.17273, -28.124358 ], [ -52.181575, -28.129425 ], [ -52.175868, -28.135927 ], [ -52.170968, -28.146607 ], [ -52.188897, -28.146256 ], [ -52.184659, -28.15673 ], [ -52.189911, -28.172871 ], [ -52.202632, -28.176806 ], [ -52.204048, -28.179884 ], [ -52.200203, -28.182514 ], [ -52.202601, -28.186968 ], [ -52.205977, -28.184345 ], [ -52.205525, -28.18808 ], [ -52.215942, -28.190042 ], [ -52.196685, -28.206554 ], [ -52.19839, -28.213014 ], [ -52.192556, -28.215872 ], [ -52.192477, -28.222957 ], [ -52.179121, -28.228386 ], [ -52.179181, -28.233864 ], [ -52.1732, -28.239475 ], [ -52.168981, -28.23387 ], [ -52.151132, -28.240718 ], [ -52.142724, -28.242846 ], [ -52.136722, -28.248532 ], [ -52.127114, -28.236251 ], [ -52.123923, -28.241831 ], [ -52.128632, -28.254365 ], [ -52.124509, -28.263085 ], [ -52.113764, -28.273364 ], [ -52.11475, -28.278996 ], [ -52.10876, -28.281409 ], [ -52.100591, -28.277221 ], [ -52.095159, -28.280637 ], [ -52.097289, -28.291218 ], [ -52.090322, -28.307241 ], [ -52.071138, -28.305386 ], [ -52.046262, -28.303757 ], [ -52.045961, -28.303841 ], [ -52.026926, -28.307218 ], [ -52.018107, -28.303137 ], [ -51.993688, -28.290368 ], [ -51.971367, -28.289908 ], [ -51.967594, -28.277679 ], [ -51.963482, -28.277666 ], [ -51.958808, -28.254856 ], [ -51.94928, -28.25086 ], [ -51.945634, -28.243667 ], [ -51.935633, -28.246036 ], [ -51.928829, -28.240902 ], [ -51.923656, -28.245644 ], [ -51.920327, -28.240224 ], [ -51.913224, -28.240815 ], [ -51.905769, -28.245439 ], [ -51.90251, -28.255736 ], [ -51.889687, -28.258888 ], [ -51.86451, -28.257549 ], [ -51.857032, -28.251824 ], [ -51.843861, -28.249028 ], [ -51.835318, -28.252149 ], [ -51.827581, -28.250681 ], [ -51.809897, -28.241911 ], [ -51.807829, -28.249402 ], [ -51.8185, -28.27181 ], [ -51.821035, -28.297466 ], [ -51.7741, -28.290692 ], [ -51.768914, -28.293562 ], [ -51.76378, -28.287584 ], [ -51.757785, -28.287753 ], [ -51.7511, -28.28899 ], [ -51.746392, -28.295373 ], [ -51.748314, -28.307536 ], [ -51.739672, -28.309886 ], [ -51.739448, -28.309901 ], [ -51.704704, -28.312243 ], [ -51.703224, -28.318541 ], [ -51.701916, -28.333734 ], [ -51.705273, -28.340568 ], [ -51.703657, -28.348871 ], [ -51.69586, -28.356708 ], [ -51.701581, -28.355548 ], [ -51.713628, -28.360589 ], [ -51.716092, -28.369202 ], [ -51.71218, -28.371444 ], [ -51.713409, -28.376066 ], [ -51.704235, -28.378752 ], [ -51.707224, -28.389959 ], [ -51.702157, -28.393796 ], [ -51.718316, -28.3948 ], [ -51.707213, -28.398858 ], [ -51.714889, -28.406897 ], [ -51.716245, -28.412015 ], [ -51.712692, -28.41672 ], [ -51.724841, -28.41921 ], [ -51.728585, -28.420144 ], [ -51.728305, -28.423683 ], [ -51.721532, -28.435884 ], [ -51.734639, -28.436473 ], [ -51.74471, -28.448627 ], [ -51.755061, -28.443389 ], [ -51.759614, -28.449675 ], [ -51.763352, -28.451183 ], [ -51.761323, -28.458411 ], [ -51.761406, -28.458432 ], [ -51.776069, -28.462187 ], [ -51.760189, -28.473397 ], [ -51.770743, -28.475061 ], [ -51.77268, -28.468154 ], [ -51.781834, -28.471969 ], [ -51.780768, -28.47903 ], [ -51.775231, -28.476026 ], [ -51.780142, -28.485884 ], [ -51.774404, -28.485096 ], [ -51.772891, -28.492787 ], [ -51.782275, -28.487934 ], [ -51.789426, -28.488219 ], [ -51.786943, -28.500234 ], [ -51.778427, -28.504695 ], [ -51.782023, -28.5132 ], [ -51.787127, -28.516041 ], [ -51.785285, -28.521719 ], [ -51.792451, -28.519951 ], [ -51.794831, -28.52274 ], [ -51.786083, -28.531387 ], [ -51.796971, -28.531764 ], [ -51.803008, -28.538454 ], [ -51.802317, -28.544138 ], [ -51.813359, -28.551335 ], [ -51.808923, -28.559428 ], [ -51.819219, -28.567328 ], [ -51.823497, -28.562576 ], [ -51.827253, -28.565087 ], [ -51.82658, -28.578498 ], [ -51.833419, -28.573917 ], [ -51.840557, -28.577725 ], [ -51.837522, -28.585322 ], [ -51.853165, -28.589781 ], [ -51.857332, -28.597159 ], [ -51.864297, -28.592952 ], [ -51.870663, -28.593731 ], [ -51.865211, -28.599653 ], [ -51.866184, -28.613371 ], [ -51.855249, -28.605912 ], [ -51.848694, -28.607798 ], [ -51.854052, -28.61531 ], [ -51.856498, -28.621591 ], [ -51.85636, -28.629716 ], [ -51.862336, -28.63503 ], [ -51.856911, -28.636875 ], [ -51.852026, -28.637871 ], [ -51.851719, -28.643447 ], [ -51.840023, -28.647984 ], [ -51.839431, -28.651948 ], [ -51.8488, -28.648432 ], [ -51.859553, -28.656647 ], [ -51.856293, -28.661475 ], [ -51.847637, -28.662981 ], [ -51.845578, -28.67006 ], [ -51.856004, -28.668548 ], [ -51.863242, -28.675277 ], [ -51.856333, -28.678158 ], [ -51.838919, -28.676391 ], [ -51.835886, -28.679051 ], [ -51.839004, -28.682728 ], [ -51.853091, -28.685219 ], [ -51.856399, -28.690371 ], [ -51.849763, -28.699726 ], [ -51.848211, -28.702736 ], [ -51.849446, -28.705324 ], [ -51.839629, -28.703388 ], [ -51.822894, -28.709898 ], [ -51.833062, -28.714422 ], [ -51.852169, -28.711688 ], [ -51.847009, -28.725992 ], [ -51.847619, -28.727744 ], [ -51.848979, -28.736369 ], [ -51.837652, -28.744045 ], [ -51.844083, -28.752277 ], [ -51.850901, -28.751408 ], [ -51.855756, -28.745685 ], [ -51.858416, -28.748676 ], [ -51.855567, -28.75454 ], [ -51.930939, -28.759161 ], [ -51.958404, -28.760834 ], [ -51.984672, -28.762957 ], [ -51.985023, -28.75299 ], [ -51.991978, -28.746611 ], [ -51.991086, -28.729343 ], [ -51.985374, -28.714552 ], [ -51.986397, -28.706549 ], [ -52.012525, -28.708008 ], [ -52.080259, -28.711765 ], [ -52.084918, -28.71737 ], [ -52.076154, -28.728654 ], [ -52.084556, -28.730346 ], [ -52.079118, -28.73333 ], [ -52.078624, -28.740531 ], [ -52.077936, -28.740944 ], [ -52.081033, -28.74493 ], [ -52.087681, -28.74266 ], [ -52.088368, -28.745027 ], [ -52.107637, -28.740449 ], [ -52.136215, -28.741617 ], [ -52.14427, -28.747583 ], [ -52.152882, -28.747435 ], [ -52.156424, -28.752299 ], [ -52.167444, -28.754413 ], [ -52.186263, -28.75194 ], [ -52.178112, -28.744268 ], [ -52.197566, -28.741647 ], [ -52.197153, -28.745896 ], [ -52.202035, -28.749788 ], [ -52.205932, -28.748779 ], [ -52.21022, -28.755527 ], [ -52.22527, -28.762396 ], [ -52.229293, -28.755645 ], [ -52.238188, -28.756898 ], [ -52.246994, -28.749356 ], [ -52.246418, -28.739351 ], [ -52.247419, -28.736417 ], [ -52.255657, -28.734723 ], [ -52.257048, -28.729768 ], [ -52.257496, -28.720351 ], [ -52.245557, -28.705604 ], [ -52.25006, -28.691679 ], [ -52.260783, -28.691554 ], [ -52.256442, -28.680033 ], [ -52.252362, -28.679055 ], [ -52.248881, -28.661937 ], [ -52.261154, -28.660094 ], [ -52.264586, -28.662854 ], [ -52.262939, -28.666262 ], [ -52.269654, -28.6694 ], [ -52.270118, -28.669617 ], [ -52.276012, -28.656197 ], [ -52.272606, -28.651488 ], [ -52.283779, -28.648605 ], [ -52.287751, -28.641793 ], [ -52.29676, -28.648238 ], [ -52.300933, -28.647742 ], [ -52.304631, -28.655576 ], [ -52.313518, -28.647928 ], [ -52.336869, -28.605556 ], [ -52.35266, -28.603667 ], [ -52.342679, -28.5815 ], [ -52.350551, -28.586504 ], [ -52.359347, -28.578961 ], [ -52.374912, -28.581337 ], [ -52.390122, -28.56948 ], [ -52.421143, -28.556022 ], [ -52.429621, -28.549129 ], [ -52.441851, -28.558794 ], [ -52.447238, -28.559516 ], [ -52.448781, -28.556816 ], [ -52.45205, -28.558794 ], [ -52.450588, -28.563464 ], [ -52.456515, -28.565101 ], [ -52.471277, -28.562055 ], [ -52.471815, -28.557621 ], [ -52.489447, -28.558824 ], [ -52.488352, -28.554979 ], [ -52.49622, -28.549753 ], [ -52.50134, -28.554001 ], [ -52.496214, -28.568442 ], [ -52.505389, -28.566554 ], [ -52.505041, -28.57121 ], [ -52.509293, -28.574597 ], [ -52.515316, -28.563105 ], [ -52.525364, -28.562497 ], [ -52.521507, -28.545082 ], [ -52.527923, -28.533113 ], [ -52.534259, -28.530884 ], [ -52.545385, -28.546046 ], [ -52.551209, -28.541725 ], [ -52.551727, -28.530952 ], [ -52.572339, -28.525306 ], [ -52.573972, -28.521121 ], [ -52.598188, -28.517059 ], [ -52.60352, -28.51121 ], [ -52.614181, -28.519353 ], [ -52.617211, -28.517455 ], [ -52.619522, -28.523654 ], [ -52.625852, -28.52627 ], [ -52.631771, -28.517724 ] ], [ [ -52.746177, -28.589497 ], [ -52.746177, -28.589496 ], [ -52.751571, -28.590686 ], [ -52.746177, -28.589497 ] ] ] } },
{ "type": "Feature", "properties": { "HREG_ID": "43018", "HREG_NAME": "Região 18", "id": "430005", "name": "Água Santa", "description": "Água Santa", "MUN_ID": "430005", "UF": "RS", "MACRO_ID": "4311", "MACRO_NAME": "Norte" }, "geometry": { "type": "Polygon", "coordinates": [ [ [ -51.739448, -28.309901 ], [ -51.739672, -28.309886 ], [ -51.748314, -28.307536 ], [ -51.746392, -28.295373 ], [ -51.7511, -28.28899 ], [ -51.757785, -28.287753 ], [ -51.76378, -28.287584 ], [ -51.768914, -28.293562 ], [ -51.7741, -28.290692 ], [ -51.821035, -28.297466 ], [ -51.8185, -28.27181 ], [ -51.807829, -28.249402 ], [ -51.809897, -28.241911 ], [ -51.827581, -28.250681 ], [ -51.835318, -28.252149 ], [ -51.843861, -28.249028 ], [ -51.857032, -28.251824 ], [ -51.86451, -28.257549 ], [ -51.889687, -28.258888 ], [ -51.90251, -28.255736 ], [ -51.905769, -28.245439 ], [ -51.913224, -28.240815 ], [ -51.920327, -28.240224 ], [ -51.923656, -28.245644 ], [ -51.928829, -28.240902 ], [ -51.935633, -28.246036 ], [ -51.945634, -28.243667 ], [ -51.94928, -28.25086 ], [ -51.958808, -28.254856 ], [ -51.963482, -28.277666 ], [ -51.967594, -28.277679 ], [ -51.971367, -28.289908 ], [ -51.993688, -28.290368 ], [ -52.018107, -28.303137 ], [ -52.026926, -28.307218 ], [ -52.045961, -28.303841 ], [ -52.046262, -28.303757 ], [ -52.071138, -28.305386 ], [ -52.090322, -28.307241 ], [ -52.097289, -28.291218 ], [ -52.095159, -28.280637 ], [ -52.100591, -28.277221 ], [ -52.10876, -28.281409 ], [ -52.11475, -28.278996 ], [ -52.113764, -28.273364 ], [ -52.124509, -28.263085 ], [ -52.128632, -28.254365 ], [ -52.123923, -28.241831 ], [ -52.127114, -28.236251 ], [ -52.136722, -28.248532 ], [ -52.142724, -28.242846 ], [ -52.151132, -28.240718 ], [ -52.168981, -28.23387 ], [ -52.1732, -28.239475 ], [ -52.179181, -28.233864 ], [ -52.179121, -28.228386 ], [ -52.192477, -28.222957 ], [ -52.192556, -28.215872 ], [ -52.19839, -28.213014 ], [ -52.196685, -28.206554 ], [ -52.215942, -28.190042 ], [ -52.205525, -28.18808 ], [ -52.205977, -28.184345 ], [ -52.202601, -28.186968 ], [ -52.200203, -28.182514 ], [ -52.204048, -28.179884 ], [ -52.202632, -28.176806 ], [ -52.189911, -28.172871 ], [ -52.184659, -28.15673 ], [ -52.188897, -28.146256 ], [ -52.170968, -28.146607 ], [ -52.175868, -28.135927 ], [ -52.181575, -28.129425 ], [ -52.17273, -28.124358 ], [ -52.176551, -28.121852 ], [ -52.176661, -28.116006 ], [ -52.187775, -28.110521 ], [ -52.1882, -28.107219 ], [ -52.17808, -28.10738 ], [ -52.17153, -28.103032 ], [ -52.175655, -28.094923 ], [ -52.183955, -28.092333 ], [ -52.186575, -28.089436 ], [ -52.180303, -28.085497 ], [ -52.171316, -28.087321 ], [ -52.172008, -28.078659 ], [ -52.164068, -28.073106 ], [ -52.157605, -28.077359 ], [ -52.152942, -28.075014 ], [ -52.157317, -28.070245 ], [ -52.156463, -28.059786 ], [ -52.159967, -28.056949 ], [ -52.149122, -28.057679 ], [ -52.148609, -28.051991 ], [ -52.143192, -28.051534 ], [ -52.145165, -28.046268 ], [ -52.138012, -28.046628 ], [ -52.13903, -28.031061 ], [ -52.131199, -28.030762 ], [ -52.12368, -28.023603 ], [ -52.119285, -28.02028 ], [ -52.128224, -28.014375 ], [ -52.127602, -28.011809 ], [ -52.111273, -28.009678 ], [ -52.100596, -28.01502 ], [ -52.100361, -28.009003 ], [ -52.111578, -28.000468 ], [ -52.110348, -27.998341 ], [ -52.098219, -28.003454 ], [ -52.087843, -27.996485 ], [ -52.099703, -27.981983 ], [ -52.095967, -27.977239 ], [ -52.088675, -27.976438 ], [ -52.082725, -27.983997 ], [ -52.073899, -27.985518 ], [ -52.064319, -27.992879 ], [ -52.052958, -27.992027 ], [ -52.036166, -27.997505 ], [ -52.029369, -28.004004 ], [ -52.011189, -28.00694 ], [ -52.009307, -28.004562 ], [ -52.0046, -28.004802 ], [ -52.004684, -28.010104 ], [ -51.999652, -28.012245 ], [ -51.983138, -28.013767 ], [ -51.982652, -28.013549 ], [ -51.971596, -28.0115 ], [ -51.967419, -28.003133 ], [ -51.977014, -27.997567 ], [ -51.962394, -27.9808 ], [ -51.955582, -27.987041 ], [ -51.950544, -27.999397 ], [ -51.943742, -27.995812 ], [ -51.943092, -28.001034 ], [ -51.935181, -27.999487 ], [ -51.933357, -27.999636 ], [ -51.932325, -27.991717 ], [ -51.92843, -27.9905 ], [ -51.91404, -27.987128 ], [ -51.907815, -27.989466 ], [ -51.907869, -27.983989 ], [ -51.921509, -27.977187 ], [ -51.912053, -27.978651 ], [ -51.911709, -27.975246 ], [ -51.926755, -27.966247 ], [ -51.922142, -27.963223 ], [ -51.910925, -27.964219 ], [ -51.907416, -27.963141 ], [ -51.911166, -27.959159 ], [ -51.909183, -27.951934 ], [ -51.917934, -27.936318 ], [ -51.91013, -27.931853 ], [ -51.930258, -27.931839 ], [ -51.919778, -27.923051 ], [ -51.924588, -27.917572 ], [ -51.921546, -27.913517 ], [ -51.925043, -27.904679 ], [ -51.931343, -27.908702 ], [ -51.937871, -27.906108 ], [ -51.939922, -27.901534 ], [ -51.932154, -27.903318 ], [ -51.917456, -27.899202 ], [ -51.925626, -27.892336 ], [ -51.930988, -27.896396 ], [ -51.927785, -27.889353 ], [ -51.933283, -27.890124 ], [ -51.936669, -27.884016 ], [ -51.924373, -27.883133 ], [ -51.91858, -27.870529 ], [ -51.936203, -27.869512 ], [ -51.926468, -27.858672 ], [ -51.93511, -27.850451 ], [ -51.934769, -27.841489 ], [ -51.930287, -27.842419 ], [ -51.922466, -27.853529 ], [ -51.918947, -27.845504 ], [ -51.93911, -27.834613 ], [ -51.943825, -27.819726 ], [ -51.948691, -27.826956 ], [ -51.961179, -27.812875 ], [ -51.951813, -27.811096 ], [ -51.938788, -27.815234 ], [ -51.952248, -27.790546 ], [ -51.950542, -27.788275 ], [ -51.939228, -27.790289 ], [ -51.930109, -27.787047 ], [ -51.928355, -27.783182 ], [ -51.930828, -27.769072 ], [ -51.928925, -27.766079 ], [ -51.924018, -27.767728 ], [ -51.916958, -27.780964 ], [ -51.911041, -27.782024 ], [ -51.916552, -27.765171 ], [ -51.927759, -27.758174 ], [ -51.924217, -27.751729 ], [ -51.906908, -27.75648 ], [ -51.897897, -27.743072 ], [ -51.89529, -27.73826 ], [ -51.898284, -27.730668 ], [ -51.88739, -27.724953 ], [ -51.898506, -27.713701 ], [ -51.899849, -27.711893 ], [ -51.893432, -27.710066 ], [ -51.880516, -27.719288 ], [ -51.878169, -27.712233 ], [ -51.892449, -27.70144 ], [ -51.892164, -27.698125 ], [ -51.876216, -27.694699 ], [ -51.873571, -27.688616 ], [ -51.877912, -27.68374 ], [ -51.892261, -27.678564 ], [ -51.888018, -27.666509 ], [ -51.895889, -27.65167 ], [ -51.896899, -27.646868 ], [ -51.870458, -27.660278 ], [ -51.880202, -27.642739 ], [ -51.890703, -27.634496 ], [ -51.887256, -27.63139 ], [ -51.868326, -27.630802 ], [ -51.872136, -27.621779 ], [ -51.886132, -27.623931 ], [ -51.899537, -27.603294 ], [ -51.882184, -27.592249 ], [ -51.891152, -27.578478 ], [ -51.878348, -27.56138 ], [ -51.861835, -27.562524 ], [ -51.856746, -27.562331 ], [ -51.847263, -27.563024 ], [ -51.856187, -27.550617 ], [ -51.841262, -27.545079 ], [ -51.839759, -27.540793 ], [ -51.860984, -27.536368 ], [ -51.861787, -27.532691 ], [ -51.851903, -27.530353 ], [ -51.828031, -27.537988 ], [ -51.827482, -27.53337 ], [ -51.836427, -27.521916 ], [ -51.828808, -27.514338 ], [ -51.821643, -27.512337 ], [ -51.796632, -27.530121 ], [ -51.785432, -27.527729 ], [ -51.789711, -27.514762 ], [ -51.801811, -27.503934 ], [ -51.80243, -27.499038 ], [ -51.798134, -27.490567 ], [ -51.782433, -27.49137 ], [ -51.75296, -27.486981 ], [ -51.749188, -27.489501 ], [ -51.742206, -27.497285 ], [ -51.724721, -27.513562 ], [ -51.716469, -27.510435 ], [ -51.714788, -27.503611 ], [ -51.706409, -27.484717 ], [ -51.699337, -27.479045 ], [ -51.69217, -27.477755 ], [ -51.683999, -27.479019 ], [ -51.677167, -27.48276 ], [ -51.672067, -27.492543 ], [ -51.676132, -27.506258 ], [ -51.669241, -27.514216 ], [ -51.658509, -27.519172 ], [ -51.650774, -27.519376 ], [ -51.645803, -27.512681 ], [ -51.642145, -27.491464 ], [ -51.631735, -27.488434 ], [ -51.622197, -27.493683 ], [ -51.619197, -27.500307 ], [ -51.630961, -27.531147 ], [ -51.626039, -27.54477 ], [ -51.618038, -27.546094 ], [ -51.607339, -27.541183 ], [ -51.593544, -27.524864 ], [ -51.581603, -27.522637 ], [ -51.577452, -27.529632 ], [ -51.586473, -27.562842 ], [ -51.585083, -27.569193 ], [ -51.577904, -27.57665 ], [ -51.567501, -27.58436 ], [ -51.559935, -27.583438 ], [ -51.55779, -27.581097 ], [ -51.554863, -27.567145 ], [ -51.548624, -27.559576 ], [ -51.535949, -27.562656 ], [ -51.508074, -27.556152 ], [ -51.489579, -27.559013 ], [ -51.477363, -27.569646 ], [ -51.474747, -27.600028 ], [ -51.470015, -27.602842 ], [ -51.45729, -27.607379 ], [ -51.439981, -27.623592 ], [ -51.435146, -27.632637 ], [ -51.436694, -27.651366 ], [ -51.433749, -27.654516 ], [ -51.41976, -27.654447 ], [ -51.411746, -27.64861 ], [ -51.410651, -27.644915 ], [ -51.404743, -27.632505 ], [ -51.38726, -27.623262 ], [ -51.381374, -27.624742 ], [ -51.369587, -27.636059 ], [ -51.376581, -27.661697 ], [ -51.369083, -27.672116 ], [ -51.351509, -27.679605 ], [ -51.33105, -27.670663 ], [ -51.317601, -27.672715 ], [ -51.313002, -27.677477 ], [ -51.312408, -27.683147 ], [ -51.310534, -27.695491 ], [ -51.30159, -27.702027 ], [ -51.308522, -27.711919 ], [ -51.3083, -27.71895 ], [ -51.308089, -27.720932 ], [ -51.303533, -27.728491 ], [ -51.312349, -27.736599 ], [ -51.303007, -27.73602 ], [ -51.297041, -27.75033 ], [ -51.301951, -27.754547 ], [ -51.306807, -27.753784 ], [ -51.31438, -27.73844 ], [ -51.317835, -27.740929 ], [ -51.316839, -27.75004 ], [ -51.311929, -27.752392 ], [ -51.334451, -27.752029 ], [ -51.328665, -27.761077 ], [ -51.336871, -27.767238 ], [ -51.330191, -27.77765 ], [ -51.333816, -27.781855 ], [ -51.331335, -27.788091 ], [ -51.344211, -27.793045 ], [ -51.349232, -27.786601 ], [ -51.355706, -27.795404 ], [ -51.348692, -27.806056 ], [ -51.351866, -27.807551 ], [ -51.361079, -27.797556 ], [ -51.366368, -27.817788 ], [ -51.373172, -27.819963 ], [ -51.377584, -27.826387 ], [ -51.370739, -27.834543 ], [ -51.370079, -27.841663 ], [ -51.382162, -27.845704 ], [ -51.376988, -27.84861 ], [ -51.368963, -27.85291 ], [ -51.36614, -27.859061 ], [ -51.361172, -27.857372 ], [ -51.356768, -27.860013 ], [ -51.358535, -27.862318 ], [ -51.365321, -27.862908 ], [ -51.366254, -27.86939 ], [ -51.371887, -27.867867 ], [ -51.377019, -27.879952 ], [ -51.36738, -27.87711 ], [ -51.359546, -27.879568 ], [ -51.36274, -27.884383 ], [ -51.370789, -27.887219 ], [ -51.365353, -27.894851 ], [ -51.37071, -27.904592 ], [ -51.365607, -27.910266 ], [ -51.369717, -27.913952 ], [ -51.361997, -27.916255 ], [ -51.36187, -27.925573 ], [ -51.332064, -27.930787 ], [ -51.33326, -27.935907 ], [ -51.329753, -27.93826 ], [ -51.338937, -27.942692 ], [ -51.335344, -27.946186 ], [ -51.338919, -27.961521 ], [ -51.338825, -27.961662 ], [ -51.339328, -27.968992 ], [ -51.359829, -27.978154 ], [ -51.354381, -27.985462 ], [ -51.34327, -27.977949 ], [ -51.334158, -27.981895 ], [ -51.347865, -27.99704 ], [ -51.349096, -28.000367 ], [ -51.343601, -27.999563 ], [ -51.342291, -28.0108 ], [ -51.335841, -28.015539 ], [ -51.342861, -28.020284 ], [ -51.341668, -28.038774 ], [ -51.332798, -28.038777 ], [ -51.312819, -28.05844 ], [ -51.308455, -28.058851 ], [ -51.303802, -28.066761 ], [ -51.301001, -28.060255 ], [ -51.295116, -28.058516 ], [ -51.287578, -28.063942 ], [ -51.285494, -28.060917 ], [ -51.276475, -28.063892 ], [ -51.270949, -28.077036 ], [ -51.265771, -28.074498 ], [ -51.254557, -28.084551 ], [ -51.256906, -28.088966 ], [ -51.253409, -28.092314 ], [ -51.2592, -28.099816 ], [ -51.255262, -28.102166 ], [ -51.262703, -28.113347 ], [ -51.255609, -28.118845 ], [ -51.261825, -28.121784 ], [ -51.258422, -28.129654 ], [ -51.260648, -28.133367 ], [ -51.251164, -28.137861 ], [ -51.243855, -28.15328 ], [ -51.248156, -28.154782 ], [ -51.255671, -28.168809 ], [ -51.253649, -28.177988 ], [ -51.273859, -28.179683 ], [ -51.28469, -28.188219 ], [ -51.294761, -28.190149 ], [ -51.301306, -28.202504 ], [ -51.314063, -28.212128 ], [ -51.326072, -28.219079 ], [ -51.326954, -28.230681 ], [ -51.333585, -28.23542 ], [ -51.353646, -28.232696 ], [ -51.382617, -28.24123 ], [ -51.383799, -28.24158 ], [ -51.387647, -28.242711 ], [ -51.388655, -28.263904 ], [ -51.397354, -28.274336 ], [ -51.388055, -28.28717 ], [ -51.387927, -28.296328 ], [ -51.379469, -28.303025 ], [ -51.36907, -28.305068 ], [ -51.356057, -28.31699 ], [ -51.336441, -28.323238 ], [ -51.333647, -28.329653 ], [ -51.325924, -28.334282 ], [ -51.328536, -28.337489 ], [ -51.342676, -28.337373 ], [ -51.339702, -28.33996 ], [ -51.343106, -28.343566 ], [ -51.334097, -28.34685 ], [ -51.334615, -28.341555 ], [ -51.331695, -28.340463 ], [ -51.322628, -28.346046 ], [ -51.324734, -28.351051 ], [ -51.33661, -28.356403 ], [ -51.336754, -28.363097 ], [ -51.341737, -28.36089 ], [ -51.342474, -28.365028 ], [ -51.334293, -28.370476 ], [ -51.340344, -28.373342 ], [ -51.348123, -28.370794 ], [ -51.337324, -28.385786 ], [ -51.341014, -28.391511 ], [ -51.347876, -28.390807 ], [ -51.347981, -28.397482 ], [ -51.341373, -28.403843 ], [ -51.358554, -28.401685 ], [ -51.356702, -28.405468 ], [ -51.342412, -28.410069 ], [ -51.332858, -28.407661 ], [ -51.333903, -28.418047 ], [ -51.350243, -28.41754 ], [ -51.360256, -28.420723 ], [ -51.356334, -28.430943 ], [ -51.346248, -28.437598 ], [ -51.355827, -28.440403 ], [ -51.3458, -28.445991 ], [ -51.355754, -28.449445 ], [ -51.353881, -28.453545 ], [ -51.360564, -28.457709 ], [ -51.366627, -28.455278 ], [ -51.365424, -28.460075 ], [ -51.37111, -28.463573 ], [ -51.360438, -28.468714 ], [ -51.359502, -28.472577 ], [ -51.359453, -28.472777 ], [ -51.361827, -28.47552 ], [ -51.380187, -28.470294 ], [ -51.379087, -28.475672 ], [ -51.373719, -28.474805 ], [ -51.367797, -28.481731 ], [ -51.375558, -28.485289 ], [ -51.376076, -28.491397 ], [ -51.367265, -28.495969 ], [ -51.368801, -28.502524 ], [ -51.353379, -28.507394 ], [ -51.354146, -28.51415 ], [ -51.356329, -28.516276 ], [ -51.372401, -28.512437 ], [ -51.372142, -28.516258 ], [ -51.376938, -28.51797 ], [ -51.370182, -28.529992 ], [ -51.374874, -28.532094 ], [ -51.378016, -28.529687 ], [ -51.381514, -28.534156 ], [ -51.385395, -28.529533 ], [ -51.392404, -28.529732 ], [ -51.388971, -28.537866 ], [ -51.395618, -28.539288 ], [ -51.392306, -28.541768 ], [ -51.399709, -28.5433 ], [ -51.402851, -28.549036 ], [ -51.400402, -28.553022 ], [ -51.406721, -28.561988 ], [ -51.397821, -28.560739 ], [ -51.393311, -28.565023 ], [ -51.404389, -28.567717 ], [ -51.406395, -28.572572 ], [ -51.392795, -28.574009 ], [ -51.403203, -28.585248 ], [ -51.397818, -28.592801 ], [ -51.402167, -28.602559 ], [ -51.396067, -28.606948 ], [ -51.403315, -28.614365 ], [ -51.389454, -28.613232 ], [ -51.392231, -28.619921 ], [ -51.401041, -28.61997 ], [ -51.402104, -28.634206 ], [ -51.396788, -28.636015 ], [ -51.398471, -28.63869 ], [ -51.409861, -28.646646 ], [ -51.415721, -28.659366 ], [ -51.421062, -28.662365 ], [ -51.421245, -28.669355 ], [ -51.435593, -28.667689 ], [ -51.44432, -28.674576 ], [ -51.447594, -28.663152 ], [ -51.457499, -28.661936 ], [ -51.466239, -28.6488 ], [ -51.468611, -28.654318 ], [ -51.472867, -28.649055 ], [ -51.477829, -28.64912 ], [ -51.483693, -28.653725 ], [ -51.488262, -28.652872 ], [ -51.494938, -28.665793 ], [ -51.499885, -28.667822 ], [ -51.510789, -28.666388 ], [ -51.522152, -28.6702 ], [ -51.528997, -28.666859 ], [ -51.53582, -28.669543 ], [ -51.546314, -28.67877 ], [ -51.557063, -28.681168 ], [ -51.561175, -28.692383 ], [ -51.565911, -28.694212 ], [ -51.573383, -28.692297 ], [ -51.575905, -28.687962 ], [ -51.588977, -28.688321 ], [ -51.590132, -28.68287 ], [ -51.594583, -28.683468 ], [ -51.604583, -28.675333 ], [ -51.609143, -28.67812 ], [ -51.609217, -28.673614 ], [ -51.599832, -28.674177 ], [ -51.595688, -28.669263 ], [ -51.591904, -28.661848 ], [ -51.607455, -28.652173 ], [ -51.604752, -28.643359 ], [ -51.610757, -28.642614 ], [ -51.606771, -28.636633 ], [ -51.615356, -28.636486 ], [ -51.611409, -28.621931 ], [ -51.601234, -28.611036 ], [ -51.605241, -28.604756 ], [ -51.61012, -28.605092 ], [ -51.613732, -28.596378 ], [ -51.611834, -28.592807 ], [ -51.604304, -28.592189 ], [ -51.598303, -28.584942 ], [ -51.603913, -28.580916 ], [ -51.601116, -28.571646 ], [ -51.610664, -28.552588 ], [ -51.596139, -28.539675 ], [ -51.599209, -28.536922 ], [ -51.61104, -28.535485 ], [ -51.614811, -28.531269 ], [ -51.609682, -28.528247 ], [ -51.610052, -28.524649 ], [ -51.623734, -28.515527 ], [ -51.617942, -28.513393 ], [ -51.61317, -28.503269 ], [ -51.613916, -28.497125 ], [ -51.618065, -28.49552 ], [ -51.618927, -28.47938 ], [ -51.621246, -28.476443 ], [ -51.633132, -28.470277 ], [ -51.634557, -28.465667 ], [ -51.642286, -28.465566 ], [ -51.647785, -28.46951 ], [ -51.675601, -28.463484 ], [ -51.676721, -28.463587 ], [ -51.677967, -28.464073 ], [ -51.687728, -28.466499 ], [ -51.701304, -28.478826 ], [ -51.720368, -28.478597 ], [ -51.718236, -28.475356 ], [ -51.723186, -28.463558 ], [ -51.74252, -28.450388 ], [ -51.759614, -28.449675 ], [ -51.755061, -28.443389 ], [ -51.74471, -28.448627 ], [ -51.734639, -28.436473 ], [ -51.721532, -28.435884 ], [ -51.728305, -28.423683 ], [ -51.728585, -28.420144 ], [ -51.724841, -28.41921 ], [ -51.712692, -28.41672 ], [ -51.716245, -28.412015 ], [ -51.714889, -28.406897 ], [ -51.707213, -28.398858 ], [ -51.718316, -28.3948 ], [ -51.702157, -28.393796 ], [ -51.707224, -28.389959 ], [ -51.704235, -28.378752 ], [ -51.713409, -28.376066 ], [ -51.71218, -28.371444 ], [ -51.716092, -28.369202 ], [ -51.713628, -28.360589 ], [ -51.701581, -28.355548 ], [ -51.69586, -28.356708 ], [ -51.703657, -28.348871 ], [ -51.705273, -28.340568 ], [ -51.701916, -28.333734 ], [ -51.703224, -28.318541 ], [ -51.704704, -28.312243 ], [ -51.739448, -28.309901 ] ], [ [ -51.413811, -28.295092 ], [ -51.402354, -28.299693 ], [ -51.413811, -28.295091 ], [ -51.413811, -28.295092 ] ] ] } },
{ "type": "Feature", "properties": { "HREG_ID": "43019", "HREG_NAME": "Região 19", "id": "430055", "name": "Alto Alegre", "description": "Alto Alegre", "MUN_ID": "430055", "UF": "RS", "MACRO_ID": "4311", "MACRO_NAME": "Norte" }, "geometry": { "type": "Polygon", "coordinates": [ [ [ -52.674788, -29.244974 ], [ -52.680455, -29.247861 ], [ -52.675528, -29.253358 ], [ -52.67977, -29.25769 ], [ -52.686889, -29.266626 ], [ -52.693999, -29.260485 ], [ -52.698205, -29.269173 ], [ -52.692657, -29.272563 ], [ -52.694916, -29.280823 ], [ -52.690884, -29.28571 ], [ -52.697845, -29.287199 ], [ -52.704414, -29.293577 ], [ -52.707354, -29.288879 ], [ -52.712941, -29.288174 ], [ -52.71379, -29.295859 ], [ -52.718046, -29.292057 ], [ -52.729596, -29.29161 ], [ -52.728161, -29.296724 ], [ -52.720222, -29.29665 ], [ -52.719571, -29.302388 ], [ -52.709459, -29.306474 ], [ -52.718146, -29.305333 ], [ -52.723832, -29.316358 ], [ -52.71878, -29.320533 ], [ -52.726141, -29.319704 ], [ -52.727326, -29.326616 ], [ -52.732168, -29.328086 ], [ -52.72955, -29.342366 ], [ -52.739335, -29.334607 ], [ -52.740865, -29.34402 ], [ -52.733724, -29.348975 ], [ -52.740474, -29.347951 ], [ -52.743986, -29.367388 ], [ -52.753828, -29.364196 ], [ -52.759142, -29.364152 ], [ -52.764382, -29.357923 ], [ -52.780539, -29.351612 ], [ -52.776744, -29.345484 ], [ -52.785555, -29.3358 ], [ -52.792125, -29.333448 ], [ -52.795633, -29.327293 ], [ -52.800111, -29.330946 ], [ -52.803213, -29.329354 ], [ -52.802491, -29.325261 ], [ -52.808601, -29.324276 ], [ -52.812809, -29.316856 ], [ -52.820042, -29.316202 ], [ -52.823939, -29.327439 ], [ -52.83777, -29.313604 ], [ -52.845119, -29.313697 ], [ -52.84975, -29.320966 ], [ -52.856069, -29.321832 ], [ -52.857499, -29.317802 ], [ -52.870219, -29.321653 ], [ -52.878597, -29.320637 ], [ -52.886528, -29.315958 ], [ -52.889941, -29.31947 ], [ -52.898931, -29.316329 ], [ -52.890495, -29.312341 ], [ -52.881302, -29.300424 ], [ -52.883415, -29.293611 ], [ -52.879655, -29.286676 ], [ -52.889099, -29.282613 ], [ -52.894386, -29.273301 ], [ -52.888964, -29.271097 ], [ -52.884363, -29.264522 ], [ -52.884343, -29.254104 ], [ -52.892324, -29.245419 ], [ -52.889257, -29.236416 ], [ -52.892443, -29.231997 ], [ -52.896719, -29.234847 ], [ -52.899246, -29.232346 ], [ -52.896343, -29.213512 ], [ -52.886071, -29.209795 ], [ -52.883511, -29.2052 ], [ -52.887669, -29.205606 ], [ -52.892124, -29.200967 ], [ -52.898188, -29.206067 ], [ -52.906718, -29.202468 ], [ -52.908999, -29.197647 ], [ -52.903328, -29.18768 ], [ -52.913893, -29.192205 ], [ -52.917217, -29.185814 ], [ -52.926763, -29.18447 ], [ -52.927498, -29.181741 ], [ -52.94795, -29.176093 ], [ -52.964048, -29.153396 ], [ -52.973522, -29.159861 ], [ -52.986041, -29.156938 ], [ -52.986586, -29.144527 ], [ -52.988419, -29.142564 ], [ -52.994964, -29.144989 ], [ -52.998585, -29.138956 ], [ -52.992623, -29.136128 ], [ -53.001391, -29.1256 ], [ -52.998924, -29.118324 ], [ -52.988062, -29.123803 ], [ -52.986889, -29.105181 ], [ -52.979611, -29.101232 ], [ -52.9714, -29.107845 ], [ -52.972, -29.102907 ], [ -52.974091, -29.0962 ], [ -52.970115, -29.094527 ], [ -52.951615, -29.098129 ], [ -52.947903, -29.095307 ], [ -52.959899, -29.062104 ], [ -52.956041, -29.059891 ], [ -52.948959, -29.067074 ], [ -52.93459, -29.066495 ], [ -52.928852, -29.075465 ], [ -52.921771, -29.055814 ], [ -52.91582, -29.053362 ], [ -52.909006, -29.060114 ], [ -52.904531, -29.056509 ], [ -52.900527, -29.048532 ], [ -52.895466, -29.054313 ], [ -52.891147, -29.052156 ], [ -52.888646, -29.044561 ], [ -52.874659, -29.050593 ], [ -52.876799, -29.044489 ], [ -52.868295, -29.040504 ], [ -52.864949, -29.043303 ], [ -52.861556, -29.039283 ], [ -52.854713, -29.042082 ], [ -52.893036, -29.007954 ], [ -52.952368, -28.955047 ], [ -52.953067, -28.954958 ], [ -52.953702, -28.954877 ], [ -52.965347, -28.95503 ], [ -52.976691, -28.946631 ], [ -52.996114, -28.950611 ], [ -53.002033, -28.948141 ], [ -53.014367, -28.950506 ], [ -53.015912, -28.946836 ], [ -53.019987, -28.962479 ], [ -53.028853, -28.960641 ], [ -53.033456, -28.966083 ], [ -53.022212, -28.978827 ], [ -53.063928, -28.985789 ], [ -53.076707, -28.987919 ], [ -53.088507, -28.977226 ], [ -53.104146, -28.974375 ], [ -53.117706, -28.985856 ], [ -53.128515, -28.986741 ], [ -53.137969, -28.974481 ], [ -53.153557, -28.968322 ], [ -53.157442, -28.961813 ], [ -53.15587, -28.955482 ], [ -53.15225, -28.954879 ], [ -53.132717, -28.965605 ], [ -53.127357, -28.943752 ], [ -53.135765, -28.935945 ], [ -53.136398, -28.923203 ], [ -53.139887, -28.919043 ], [ -53.14884, -28.917115 ], [ -53.15376, -28.910752 ], [ -53.158828, -28.920577 ], [ -53.169368, -28.914965 ], [ -53.167495, -28.907549 ], [ -53.157251, -28.906616 ], [ -53.147662, -28.879464 ], [ -53.150164, -28.875544 ], [ -53.173777, -28.877751 ], [ -53.18232, -28.865211 ], [ -53.182215, -28.858405 ], [ -53.143873, -28.864412 ], [ -53.141338, -28.848733 ], [ -53.126671, -28.843651 ], [ -53.122205, -28.849882 ], [ -53.12302, -28.858693 ], [ -53.132243, -28.871258 ], [ -53.128409, -28.878484 ], [ -53.122166, -28.881156 ], [ -53.116923, -28.880782 ], [ -53.107324, -28.864271 ], [ -53.093106, -28.872131 ], [ -53.085395, -28.871926 ], [ -53.078739, -28.863178 ], [ -53.081681, -28.85229 ], [ -53.072268, -28.847796 ], [ -53.060584, -28.830114 ], [ -53.054554, -28.812974 ], [ -53.059472, -28.810619 ], [ -53.063242, -28.798912 ], [ -53.04464, -28.788345 ], [ -53.042128, -28.781562 ], [ -53.032043, -28.776116 ], [ -53.030353, -28.770517 ], [ -53.037977, -28.766062 ], [ -53.034164, -28.763748 ], [ -53.02642, -28.761804 ], [ -53.02047, -28.768013 ], [ -53.018089, -28.764129 ], [ -53.012985, -28.764289 ], [ -53.007989, -28.77103 ], [ -52.997777, -28.773142 ], [ -52.996574, -28.769792 ], [ -53.010418, -28.758253 ], [ -52.992642, -28.753744 ], [ -52.98479, -28.748394 ], [ -52.97467, -28.751613 ], [ -52.967186, -28.762092 ], [ -52.954013, -28.759696 ], [ -52.952611, -28.749523 ], [ -52.962078, -28.743503 ], [ -52.951882, -28.741659 ], [ -52.950618, -28.737366 ], [ -52.942675, -28.738498 ], [ -52.924723, -28.729582 ], [ -52.929114, -28.727281 ], [ -52.92662, -28.727742 ], [ -52.922587, -28.717983 ], [ -52.929764, -28.715835 ], [ -52.92336, -28.709055 ], [ -52.925034, -28.705262 ], [ -52.930032, -28.703491 ], [ -52.932429, -28.706383 ], [ -52.936089, -28.699977 ], [ -52.941474, -28.699534 ], [ -52.936778, -28.684997 ], [ -52.927841, -28.673186 ], [ -52.941467, -28.670843 ], [ -52.939122, -28.665543 ], [ -52.933732, -28.663802 ], [ -52.937911, -28.660231 ], [ -52.930109, -28.659373 ], [ -52.929082, -28.65316 ], [ -52.92169, -28.651782 ], [ -52.925995, -28.649458 ], [ -52.925805, -28.643408 ], [ -52.933122, -28.640482 ], [ -52.927973, -28.63937 ], [ -52.93298, -28.631462 ], [ -52.935618, -28.619014 ], [ -52.926253, -28.620807 ], [ -52.92644, -28.618239 ], [ -52.921071, -28.617799 ], [ -52.919047, -28.613885 ], [ -52.925442, -28.614807 ], [ -52.926655, -28.611537 ], [ -52.917157, -28.605793 ], [ -52.920458, -28.602837 ], [ -52.915804, -28.595421 ], [ -52.89955, -28.599019 ], [ -52.893632, -28.594492 ], [ -52.871862, -28.599555 ], [ -52.863076, -28.59737 ], [ -52.852172, -28.601048 ], [ -52.841299, -28.605953 ], [ -52.837251, -28.611763 ], [ -52.810365, -28.617956 ], [ -52.78079, -28.624044 ], [ -52.774642, -28.628499 ], [ -52.762267, -28.626345 ], [ -52.76143, -28.627677 ], [ -52.764145, -28.632679 ], [ -52.761502, -28.638907 ], [ -52.751023, -28.63971 ], [ -52.76221, -28.643196 ], [ -52.763829, -28.652738 ], [ -52.768725, -28.647111 ], [ -52.768447, -28.654037 ], [ -52.757293, -28.66375 ], [ -52.756841, -28.670733 ], [ -52.747736, -28.665638 ], [ -52.730582, -28.672169 ], [ -52.729665, -28.679472 ], [ -52.743659, -28.679312 ], [ -52.740344, -28.686934 ], [ -52.727884, -28.684763 ], [ -52.720972, -28.684705 ], [ -52.712794, -28.692282 ], [ -52.707971, -28.689176 ], [ -52.710538, -28.684706 ], [ -52.710739, -28.684625 ], [ -52.725089, -28.672885 ], [ -52.722094, -28.666046 ], [ -52.70605, -28.667763 ], [ -52.702843, -28.658179 ], [ -52.699042, -28.660796 ], [ -52.701003, -28.664409 ], [ -52.696003, -28.667019 ], [ -52.694375, -28.658265 ], [ -52.708222, -28.655564 ], [ -52.708117, -28.650731 ], [ -52.697668, -28.651489 ], [ -52.709679, -28.631946 ], [ -52.701791, -28.628225 ], [ -52.686731, -28.635934 ], [ -52.678118, -28.628459 ], [ -52.668258, -28.633659 ], [ -52.668553, -28.628233 ], [ -52.663954, -28.624974 ], [ -52.667982, -28.613841 ], [ -52.663613, -28.605928 ], [ -52.66005, -28.611141 ], [ -52.647054, -28.607242 ], [ -52.646936, -28.600384 ], [ -52.640928, -28.594112 ], [ -52.637034, -28.584327 ], [ -52.637166, -28.584352 ], [ -52.639929, -28.579927 ], [ -52.636858, -28.571395 ], [ -52.640639, -28.566664 ], [ -52.637253, -28.564272 ], [ -52.635824, -28.55185 ], [ -52.650033, -28.538963 ], [ -52.644691, -28.527678 ], [ -52.631771, -28.517724 ], [ -52.625852, -28.52627 ], [ -52.619522, -28.523654 ], [ -52.617211, -28.517455 ], [ -52.614181, -28.519353 ], [ -52.60352, -28.51121 ], [ -52.598188, -28.517059 ], [ -52.573972, -28.521121 ], [ -52.572339, -28.525306 ], [ -52.551727, -28.530952 ], [ -52.551209, -28.541725 ], [ -52.545385, -28.546046 ], [ -52.534259, -28.530884 ], [ -52.527923, -28.533113 ], [ -52.521507, -28.545082 ], [ -52.525364, -28.562497 ], [ -52.515316, -28.563105 ], [ -52.509293, -28.574597 ], [ -52.505041, -28.57121 ], [ -52.505389, -28.566554 ], [ -52.496214, -28.568442 ], [ -52.50134, -28.554001 ], [ -52.49622, -28.549753 ], [ -52.488352, -28.554979 ], [ -52.489447, -28.558824 ], [ -52.471815, -28.557621 ], [ -52.471277, -28.562055 ], [ -52.456515, -28.565101 ], [ -52.450588, -28.563464 ], [ -52.45205, -28.558794 ], [ -52.448781, -28.556816 ], [ -52.447238, -28.559516 ], [ -52.441851, -28.558794 ], [ -52.429621, -28.549129 ], [ -52.421143, -28.556022 ], [ -52.390122, -28.56948 ], [ -52.374912, -28.581337 ], [ -52.359347, -28.578961 ], [ -52.350551, -28.586504 ], [ -52.342679, -28.5815 ], [ -52.35266, -28.603667 ], [ -52.336869, -28.605556 ], [ -52.313518, -28.647928 ], [ -52.304631, -28.655576 ], [ -52.300933, -28.647742 ], [ -52.29676, -28.648238 ], [ -52.287751, -28.641793 ], [ -52.283779, -28.648605 ], [ -52.272606, -28.651488 ], [ -52.276012, -28.656197 ], [ -52.270118, -28.669617 ], [ -52.269654, -28.6694 ], [ -52.262939, -28.666262 ], [ -52.264586, -28.662854 ], [ -52.261154, -28.660094 ], [ -52.248881, -28.661937 ], [ -52.252362, -28.679055 ], [ -52.256442, -28.680033 ], [ -52.260783, -28.691554 ], [ -52.25006, -28.691679 ], [ -52.245557, -28.705604 ], [ -52.257496, -28.720351 ], [ -52.257048, -28.729768 ], [ -52.255657, -28.734723 ], [ -52.247419, -28.736417 ], [ -52.246418, -28.739351 ], [ -52.246994, -28.749356 ], [ -52.238188, -28.756898 ], [ -52.229293, -28.755645 ], [ -52.22527, -28.762396 ], [ -52.21022, -28.755527 ], [ -52.205932, -28.748779 ], [ -52.202035, -28.749788 ], [ -52.197153, -28.745896 ], [ -52.197566, -28.741647 ], [ -52.178112, -28.744268 ], [ -52.186263, -28.75194 ], [ -52.167444, -28.754413 ], [ -52.156424, -28.752299 ], [ -52.152882, -28.747435 ], [ -52.14427, -28.747583 ], [ -52.136215, -28.741617 ], [ -52.107637, -28.740449 ], [ -52.088368, -28.745027 ], [ -52.087681, -28.74266 ], [ -52.081033, -28.74493 ], [ -52.077936, -28.740944 ], [ -52.068002, -28.746873 ], [ -52.070668, -28.753644 ], [ -52.077517, -28.758107 ], [ -52.078676, -28.761314 ], [ -52.068174, -28.770466 ], [ -52.074232, -28.784742 ], [ -52.066142, -28.796074 ], [ -52.059658, -28.794352 ], [ -52.059556, -28.79447 ], [ -52.062818, -28.809099 ], [ -52.065058, -28.812696 ], [ -52.05882, -28.816798 ], [ -52.066292, -28.821128 ], [ -52.061105, -28.826247 ], [ -52.052022, -28.827743 ], [ -52.042905, -28.843827 ], [ -52.030648, -28.843229 ], [ -52.033995, -28.833573 ], [ -52.01644, -28.841423 ], [ -52.032227, -28.854434 ], [ -52.022904, -28.862711 ], [ -52.006178, -28.865137 ], [ -52.009328, -28.876537 ], [ -52.02758, -28.87676 ], [ -52.078948, -28.877379 ], [ -52.102095, -28.877862 ], [ -52.101785, -28.885802 ], [ -52.115932, -28.882524 ], [ -52.146088, -28.892316 ], [ -52.163482, -28.885605 ], [ -52.180183, -28.899904 ], [ -52.181213, -28.905418 ], [ -52.198399, -28.924611 ], [ -52.204992, -28.926191 ], [ -52.203568, -28.92934 ], [ -52.212229, -28.933604 ], [ -52.215819, -28.947227 ], [ -52.225492, -28.952383 ], [ -52.229134, -28.958766 ], [ -52.22759, -28.964326 ], [ -52.227536, -28.970343 ], [ -52.229741, -28.987458 ], [ -52.223532, -28.990602 ], [ -52.231296, -28.998259 ], [ -52.221936, -29.00174 ], [ -52.213789, -29.010962 ], [ -52.228821, -29.016306 ], [ -52.214102, -29.026935 ], [ -52.225296, -29.037616 ], [ -52.285552, -29.020686 ], [ -52.287146, -29.014264 ], [ -52.296704, -29.010046 ], [ -52.298202, -29.00459 ], [ -52.305423, -29.004868 ], [ -52.306409, -29.012996 ], [ -52.311143, -29.016516 ], [ -52.314126, -29.014377 ], [ -52.319636, -29.018352 ], [ -52.322154, -29.014716 ], [ -52.328153, -29.021958 ], [ -52.330539, -29.019744 ], [ -52.333064, -29.021808 ], [ -52.329227, -29.030379 ], [ -52.333292, -29.030082 ], [ -52.33639, -29.034762 ], [ -52.335362, -29.056776 ], [ -52.332224, -29.062271 ], [ -52.323711, -29.06873 ], [ -52.322216, -29.077347 ], [ -52.317996, -29.076751 ], [ -52.318267, -29.084228 ], [ -52.310416, -29.086585 ], [ -52.313653, -29.089639 ], [ -52.312118, -29.094946 ], [ -52.307951, -29.094558 ], [ -52.29187, -29.1093 ], [ -52.293713, -29.113907 ], [ -52.289337, -29.116268 ], [ -52.289169, -29.125009 ], [ -52.282675, -29.127324 ], [ -52.289933, -29.129167 ], [ -52.293605, -29.13719 ], [ -52.287439, -29.138251 ], [ -52.283859, -29.150234 ], [ -52.289068, -29.151534 ], [ -52.28617, -29.155018 ], [ -52.291675, -29.154109 ], [ -52.29184, -29.163422 ], [ -52.298729, -29.163573 ], [ -52.299816, -29.152208 ], [ -52.309964, -29.158004 ], [ -52.312687, -29.156683 ], [ -52.316574, -29.14542 ], [ -52.322149, -29.146441 ], [ -52.32403, -29.155708 ], [ -52.326794, -29.155806 ], [ -52.341941, -29.140138 ], [ -52.350896, -29.14968 ], [ -52.363264, -29.145485 ], [ -52.372542, -29.143085 ], [ -52.368913, -29.150238 ], [ -52.376456, -29.151413 ], [ -52.385788, -29.147091 ], [ -52.39543, -29.14985 ], [ -52.401494, -29.148348 ], [ -52.40593, -29.15406 ], [ -52.407485, -29.156464 ], [ -52.424582, -29.146392 ], [ -52.426789, -29.156478 ], [ -52.426789, -29.156479 ], [ -52.430551, -29.163631 ], [ -52.426883, -29.169926 ], [ -52.438074, -29.189366 ], [ -52.434507, -29.199622 ], [ -52.437721, -29.205801 ], [ -52.433301, -29.207416 ], [ -52.435882, -29.21352 ], [ -52.438915, -29.228882 ], [ -52.445074, -29.2329 ], [ -52.457274, -29.24004 ], [ -52.463593, -29.236209 ], [ -52.48043, -29.236596 ], [ -52.480618, -29.244968 ], [ -52.495315, -29.243435 ], [ -52.500481, -29.246793 ], [ -52.519112, -29.235232 ], [ -52.516751, -29.227847 ], [ -52.52262, -29.225927 ], [ -52.525985, -29.218779 ], [ -52.535081, -29.224056 ], [ -52.552627, -29.223026 ], [ -52.558216, -29.219439 ], [ -52.559473, -29.222594 ], [ -52.576311, -29.224416 ], [ -52.578878, -29.227612 ], [ -52.590775, -29.224105 ], [ -52.585936, -29.217126 ], [ -52.597921, -29.213771 ], [ -52.608483, -29.22168 ], [ -52.609745, -29.227272 ], [ -52.615253, -29.227731 ], [ -52.614423, -29.230905 ], [ -52.618017, -29.232034 ], [ -52.626893, -29.227909 ], [ -52.630087, -29.232178 ], [ -52.633483, -29.225873 ], [ -52.634625, -29.231222 ], [ -52.63985, -29.234199 ], [ -52.647188, -29.233087 ], [ -52.645174, -29.230997 ], [ -52.649104, -29.227877 ], [ -52.650187, -29.231362 ], [ -52.655996, -29.231333 ], [ -52.660911, -29.227445 ], [ -52.666121, -29.235607 ], [ -52.674118, -29.233407 ], [ -52.674788, -29.244974 ] ] ] } },
{ "type": "Feature", "properties": { "HREG_ID": "43020", "HREG_NAME": "Região 20 - Rota da Produção", "id": "430195", "name": "Barra Funda", "description": "Barra Funda", "MUN_ID": "430195", "UF": "RS", "MACRO_ID": "4311", "MACRO_NAME": "Norte" }, "geometry": { "type": "Polygon", "coordinates": [ [ [ -53.259523, -28.169243 ], [ -53.268066, -28.162584 ], [ -53.273125, -28.167645 ], [ -53.280883, -28.166358 ], [ -53.283093, -28.170996 ], [ -53.29095, -28.171073 ], [ -53.301686, -28.185922 ], [ -53.307198, -28.186338 ], [ -53.30667, -28.192325 ], [ -53.310038, -28.1912 ], [ -53.310978, -28.194606 ], [ -53.314523, -28.192165 ], [ -53.315066, -28.177125 ], [ -53.331325, -28.173635 ], [ -53.334858, -28.165866 ], [ -53.345669, -28.169669 ], [ -53.342109, -28.158658 ], [ -53.34948, -28.154949 ], [ -53.352448, -28.128262 ], [ -53.362162, -28.127542 ], [ -53.362165, -28.131101 ], [ -53.380676, -28.133499 ], [ -53.390363, -28.138518 ], [ -53.402471, -28.135743 ], [ -53.405348, -28.122043 ], [ -53.417134, -28.115274 ], [ -53.417027, -28.10717 ], [ -53.411006, -28.09822 ], [ -53.413541, -28.083721 ], [ -53.422837, -28.085796 ], [ -53.423451, -28.082231 ], [ -53.428818, -28.083593 ], [ -53.435227, -28.076543 ], [ -53.440353, -28.079521 ], [ -53.450158, -28.074159 ], [ -53.462088, -28.077346 ], [ -53.468933, -28.081574 ], [ -53.467471, -28.088424 ], [ -53.475358, -28.087662 ], [ -53.475439, -28.094488 ], [ -53.48723, -28.100591 ], [ -53.483657, -28.104785 ], [ -53.489245, -28.117805 ], [ -53.487375, -28.122455 ], [ -53.49409, -28.125359 ], [ -53.501265, -28.139077 ], [ -53.505083, -28.138808 ], [ -53.502005, -28.147656 ], [ -53.51184, -28.145643 ], [ -53.51106, -28.131873 ], [ -53.520107, -28.111673 ], [ -53.52024, -28.098577 ], [ -53.529066, -28.094171 ], [ -53.529154, -28.086926 ], [ -53.539704, -28.083682 ], [ -53.526316, -28.065398 ], [ -53.5361, -28.063606 ], [ -53.535028, -28.061681 ], [ -53.556717, -28.056409 ], [ -53.56721, -28.040542 ], [ -53.585253, -28.039404 ], [ -53.567465, -28.019503 ], [ -53.567577, -28.000888 ], [ -53.572799, -27.99542 ], [ -53.58802, -27.992021 ], [ -53.59893, -27.980687 ], [ -53.600403, -27.983951 ], [ -53.609635, -27.977889 ], [ -53.616041, -27.983705 ], [ -53.617225, -27.97383 ], [ -53.624909, -27.962569 ], [ -53.619029, -27.965379 ], [ -53.609482, -27.95833 ], [ -53.613651, -27.954896 ], [ -53.618811, -27.958876 ], [ -53.623791, -27.945433 ], [ -53.629402, -27.950191 ], [ -53.628172, -27.953686 ], [ -53.631705, -27.952906 ], [ -53.630783, -27.956721 ], [ -53.635453, -27.950853 ], [ -53.6418, -27.953335 ], [ -53.64181, -27.950665 ], [ -53.641276, -27.946385 ], [ -53.637601, -27.945432 ], [ -53.637647, -27.934883 ], [ -53.641867, -27.933157 ], [ -53.644677, -27.938795 ], [ -53.650776, -27.931469 ], [ -53.659387, -27.929615 ], [ -53.657661, -27.924959 ], [ -53.660787, -27.924267 ], [ -53.665397, -27.930081 ], [ -53.673476, -27.92816 ], [ -53.679094, -27.933473 ], [ -53.686605, -27.93077 ], [ -53.688188, -27.917726 ], [ -53.691993, -27.91442 ], [ -53.681619, -27.909932 ], [ -53.687453, -27.90415 ], [ -53.682135, -27.895516 ], [ -53.691407, -27.888382 ], [ -53.697227, -27.888315 ], [ -53.700271, -27.884368 ], [ -53.695036, -27.881322 ], [ -53.691581, -27.883944 ], [ -53.689999, -27.87751 ], [ -53.692905, -27.875171 ], [ -53.689004, -27.871752 ], [ -53.695727, -27.868045 ], [ -53.699803, -27.870222 ], [ -53.706787, -27.86211 ], [ -53.71322, -27.861112 ], [ -53.714909, -27.856425 ], [ -53.722672, -27.856819 ], [ -53.717582, -27.851185 ], [ -53.722229, -27.845002 ], [ -53.714759, -27.839679 ], [ -53.725511, -27.840156 ], [ -53.728619, -27.83699 ], [ -53.721346, -27.830863 ], [ -53.729941, -27.825753 ], [ -53.72462, -27.82178 ], [ -53.723293, -27.814139 ], [ -53.731789, -27.809226 ], [ -53.725966, -27.804722 ], [ -53.721003, -27.807168 ], [ -53.719076, -27.804858 ], [ -53.729416, -27.799944 ], [ -53.733445, -27.804754 ], [ -53.742314, -27.802573 ], [ -53.741964, -27.798454 ], [ -53.726847, -27.790523 ], [ -53.732559, -27.787856 ], [ -53.736302, -27.791651 ], [ -53.750761, -27.78786 ], [ -53.74425, -27.786546 ], [ -53.744819, -27.781063 ], [ -53.740203, -27.775355 ], [ -53.745415, -27.774746 ], [ -53.747563, -27.769157 ], [ -53.756225, -27.771874 ], [ -53.76142, -27.769055 ], [ -53.765604, -27.773759 ], [ -53.770291, -27.77292 ], [ -53.772903, -27.769854 ], [ -53.766563, -27.760362 ], [ -53.779679, -27.754304 ], [ -53.766354, -27.753881 ], [ -53.763981, -27.750154 ], [ -53.761687, -27.754729 ], [ -53.756635, -27.75317 ], [ -53.758892, -27.747127 ], [ -53.765934, -27.743291 ], [ -53.760725, -27.740074 ], [ -53.76633, -27.735201 ], [ -53.762881, -27.731596 ], [ -53.76946, -27.729912 ], [ -53.770059, -27.724091 ], [ -53.758965, -27.723534 ], [ -53.753135, -27.718198 ], [ -53.756114, -27.714852 ], [ -53.761212, -27.71879 ], [ -53.762544, -27.712138 ], [ -53.765948, -27.711 ], [ -53.772186, -27.71129 ], [ -53.773935, -27.708557 ], [ -53.767186, -27.709858 ], [ -53.772645, -27.700469 ], [ -53.767823, -27.680078 ], [ -53.746252, -27.658589 ], [ -53.737857, -27.662746 ], [ -53.738038, -27.659967 ], [ -53.743989, -27.640998 ], [ -53.760308, -27.642555 ], [ -53.751893, -27.633269 ], [ -53.759913, -27.612693 ], [ -53.774603, -27.604663 ], [ -53.784693, -27.606744 ], [ -53.799465, -27.595733 ], [ -53.786086, -27.592245 ], [ -53.7961, -27.582589 ], [ -53.786307, -27.576876 ], [ -53.796975, -27.572752 ], [ -53.810384, -27.575777 ], [ -53.820864, -27.574356 ], [ -53.822399, -27.569716 ], [ -53.787098, -27.563858 ], [ -53.793293, -27.555397 ], [ -53.781895, -27.5515 ], [ -53.7909, -27.547704 ], [ -53.802035, -27.552676 ], [ -53.807222, -27.551648 ], [ -53.808967, -27.546474 ], [ -53.7986, -27.544475 ], [ -53.784599, -27.536327 ], [ -53.78511, -27.530842 ], [ -53.800342, -27.533007 ], [ -53.809674, -27.527843 ], [ -53.81519, -27.535234 ], [ -53.816914, -27.526374 ], [ -53.805964, -27.517816 ], [ -53.8154, -27.514832 ], [ -53.82526, -27.508758 ], [ -53.816501, -27.506604 ], [ -53.810456, -27.498008 ], [ -53.808378, -27.485288 ], [ -53.82774, -27.488629 ], [ -53.832515, -27.481379 ], [ -53.825444, -27.471087 ], [ -53.834694, -27.465899 ], [ -53.827436, -27.459162 ], [ -53.841268, -27.453593 ], [ -53.842309, -27.4503 ], [ -53.842654, -27.445951 ], [ -53.828526, -27.443039 ], [ -53.825849, -27.438374 ], [ -53.818063, -27.446495 ], [ -53.813072, -27.440102 ], [ -53.806046, -27.44285 ], [ -53.800298, -27.438635 ], [ -53.794389, -27.44325 ], [ -53.782654, -27.440541 ], [ -53.778561, -27.44719 ], [ -53.771729, -27.443093 ], [ -53.758875, -27.449998 ], [ -53.749476, -27.447316 ], [ -53.731437, -27.454224 ], [ -53.727438, -27.450363 ], [ -53.707943, -27.445611 ], [ -53.706735, -27.440767 ], [ -53.700665, -27.447395 ], [ -53.68055, -27.447572 ], [ -53.673057, -27.435099 ], [ -53.647294, -27.418768 ], [ -53.644043, -27.423254 ], [ -53.650021, -27.425812 ], [ -53.643498, -27.431817 ], [ -53.625462, -27.449549 ], [ -53.61523, -27.472334 ], [ -53.60757, -27.476969 ], [ -53.58242, -27.461554 ], [ -53.560334, -27.454535 ], [ -53.560228, -27.448693 ], [ -53.55281, -27.456319 ], [ -53.5691, -27.464112 ], [ -53.566646, -27.471498 ], [ -53.564417, -27.463458 ], [ -53.560126, -27.464083 ], [ -53.554508, -27.477867 ], [ -53.557363, -27.481075 ], [ -53.566723, -27.474761 ], [ -53.571171, -27.480575 ], [ -53.569743, -27.489934 ], [ -53.573193, -27.493978 ], [ -53.571939, -27.495815 ], [ -53.570897, -27.497674 ], [ -53.572046, -27.508694 ], [ -53.563132, -27.51565 ], [ -53.573838, -27.519256 ], [ -53.580921, -27.517603 ], [ -53.582314, -27.520127 ], [ -53.578395, -27.524251 ], [ -53.566493, -27.526928 ], [ -53.565302, -27.534333 ], [ -53.582484, -27.53176 ], [ -53.568402, -27.538737 ], [ -53.570876, -27.546284 ], [ -53.582417, -27.541167 ], [ -53.580905, -27.550386 ], [ -53.572791, -27.550903 ], [ -53.576794, -27.558766 ], [ -53.594327, -27.563428 ], [ -53.590039, -27.565849 ], [ -53.577604, -27.560726 ], [ -53.569024, -27.565415 ], [ -53.571141, -27.56814 ], [ -53.577569, -27.564982 ], [ -53.583329, -27.570125 ], [ -53.571828, -27.573247 ], [ -53.567884, -27.578241 ], [ -53.578915, -27.577526 ], [ -53.585896, -27.588868 ], [ -53.578589, -27.590511 ], [ -53.580468, -27.599685 ], [ -53.574621, -27.600617 ], [ -53.572928, -27.60546 ], [ -53.577965, -27.606921 ], [ -53.574859, -27.609837 ], [ -53.577682, -27.614087 ], [ -53.571454, -27.613576 ], [ -53.570045, -27.616921 ], [ -53.561391, -27.606986 ], [ -53.557472, -27.606688 ], [ -53.555531, -27.610341 ], [ -53.552883, -27.606879 ], [ -53.530789, -27.607853 ], [ -53.512319, -27.600792 ], [ -53.505124, -27.605096 ], [ -53.495785, -27.604803 ], [ -53.492131, -27.614143 ], [ -53.475825, -27.628617 ], [ -53.462906, -27.628409 ], [ -53.4566, -27.625007 ], [ -53.454461, -27.618372 ], [ -53.45156, -27.622509 ], [ -53.441566, -27.627803 ], [ -53.430545, -27.635468 ], [ -53.422623, -27.634919 ], [ -53.413601, -27.623056 ], [ -53.399995, -27.620313 ], [ -53.405195, -27.615283 ], [ -53.39498, -27.612364 ], [ -53.394321, -27.615271 ], [ -53.385818, -27.616467 ], [ -53.382597, -27.621926 ], [ -53.380485, -27.610033 ], [ -53.364907, -27.617383 ], [ -53.343408, -27.618183 ], [ -53.324247, -27.60798 ], [ -53.318032, -27.60086 ], [ -53.313839, -27.600248 ], [ -53.306758, -27.587729 ], [ -53.293388, -27.581557 ], [ -53.288902, -27.578377 ], [ -53.292918, -27.568785 ], [ -53.296051, -27.564459 ], [ -53.289407, -27.559134 ], [ -53.29342, -27.550267 ], [ -53.282498, -27.54562 ], [ -53.289308, -27.535294 ], [ -53.28286, -27.529505 ], [ -53.291558, -27.52799 ], [ -53.285644, -27.521365 ], [ -53.2753, -27.517508 ], [ -53.26947, -27.525511 ], [ -53.26506, -27.555316 ], [ -53.265693, -27.55982 ], [ -53.258976, -27.574189 ], [ -53.255679, -27.584274 ], [ -53.242117, -27.58633 ], [ -53.230424, -27.578115 ], [ -53.226648, -27.592146 ], [ -53.205767, -27.599596 ], [ -53.199848, -27.597824 ], [ -53.196601, -27.604342 ], [ -53.194825, -27.601442 ], [ -53.195456, -27.59168 ], [ -53.190413, -27.588052 ], [ -53.185678, -27.591119 ], [ -53.183436, -27.587257 ], [ -53.160729, -27.591207 ], [ -53.156145, -27.60297 ], [ -53.148333, -27.604352 ], [ -53.142376, -27.604245 ], [ -53.136406, -27.595046 ], [ -53.128361, -27.595577 ], [ -53.12691, -27.591852 ], [ -53.121027, -27.593313 ], [ -53.118179, -27.588018 ], [ -53.112707, -27.599656 ], [ -53.111769, -27.600525 ], [ -53.100606, -27.606831 ], [ -53.103179, -27.614992 ], [ -53.122225, -27.620338 ], [ -53.1215, -27.62246 ], [ -53.100039, -27.632302 ], [ -53.092319, -27.641866 ], [ -53.100008, -27.645966 ], [ -53.101179, -27.653834 ], [ -53.096281, -27.656795 ], [ -53.090468, -27.657004 ], [ -53.08904, -27.651917 ], [ -53.083802, -27.65158 ], [ -53.079479, -27.658022 ], [ -53.075748, -27.654918 ], [ -53.078511, -27.650635 ], [ -53.074862, -27.647608 ], [ -53.069977, -27.64904 ], [ -53.066331, -27.643641 ], [ -53.067487, -27.637772 ], [ -53.056226, -27.636639 ], [ -53.060586, -27.642938 ], [ -53.052355, -27.653533 ], [ -53.054216, -27.642566 ], [ -53.04982, -27.636862 ], [ -53.043178, -27.636579 ], [ -53.039657, -27.635277 ], [ -53.007861, -27.615635 ], [ -52.998494, -27.609321 ], [ -52.985058, -27.629386 ], [ -52.972327, -27.638636 ], [ -52.97019, -27.633213 ], [ -52.968384, -27.628628 ], [ -52.951031, -27.625265 ], [ -52.945943, -27.587764 ], [ -52.953151, -27.591548 ], [ -52.962176, -27.580611 ], [ -52.969373, -27.581283 ], [ -52.974005, -27.57956 ], [ -52.979528, -27.586911 ], [ -52.984293, -27.579342 ], [ -52.992901, -27.576577 ], [ -52.992265, -27.573772 ], [ -52.996847, -27.573718 ], [ -52.999465, -27.578725 ], [ -53.007352, -27.574429 ], [ -53.005973, -27.568266 ], [ -53.006314, -27.561469 ], [ -53.020747, -27.553764 ], [ -53.015744, -27.549193 ], [ -53.029482, -27.551 ], [ -53.027976, -27.54194 ], [ -53.035432, -27.545227 ], [ -53.040878, -27.547005 ], [ -53.036416, -27.541423 ], [ -53.041911, -27.534776 ], [ -53.046607, -27.539706 ], [ -53.050027, -27.538864 ], [ -53.048809, -27.529111 ], [ -53.02943, -27.520943 ], [ -53.02236, -27.518193 ], [ -53.014779, -27.509158 ], [ -53.026315, -27.498922 ], [ -53.023503, -27.483109 ], [ -53.04186, -27.479794 ], [ -53.050304, -27.47264 ], [ -53.039165, -27.468576 ], [ -53.034939, -27.453498 ], [ -53.028857, -27.457675 ], [ -53.017161, -27.455537 ], [ -53.016138, -27.461205 ], [ -52.973332, -27.411442 ], [ -52.972937, -27.410982 ], [ -52.952167, -27.400378 ], [ -52.946358, -27.403468 ], [ -52.937866, -27.401797 ], [ -52.935413, -27.39577 ], [ -52.923075, -27.398524 ], [ -52.903355, -27.383945 ], [ -52.889666, -27.383869 ], [ -52.88377, -27.409806 ], [ -52.878071, -27.411635 ], [ -52.885241, -27.417418 ], [ -52.871598, -27.425327 ], [ -52.869025, -27.430547 ], [ -52.868957, -27.430684 ], [ -52.849307, -27.443025 ], [ -52.838087, -27.437588 ], [ -52.812525, -27.44983 ], [ -52.808832, -27.455656 ], [ -52.810611, -27.466024 ], [ -52.824259, -27.48237 ], [ -52.817963, -27.502264 ], [ -52.81204, -27.502761 ], [ -52.799455, -27.495683 ], [ -52.801268, -27.500543 ], [ -52.782838, -27.500623 ], [ -52.775341, -27.511483 ], [ -52.768217, -27.509133 ], [ -52.756883, -27.512248 ], [ -52.761164, -27.524472 ], [ -52.746493, -27.533515 ], [ -52.746682, -27.537898 ], [ -52.766758, -27.552323 ], [ -52.754402, -27.555033 ], [ -52.752054, -27.548514 ], [ -52.74623, -27.546257 ], [ -52.74109, -27.552411 ], [ -52.73919, -27.559888 ], [ -52.747439, -27.570244 ], [ -52.747266, -27.579538 ], [ -52.753444, -27.584019 ], [ -52.760497, -27.579072 ], [ -52.767588, -27.584268 ], [ -52.753972, -27.590937 ], [ -52.73736, -27.593559 ], [ -52.746538, -27.603582 ], [ -52.752173, -27.613388 ], [ -52.751616, -27.619311 ], [ -52.738179, -27.631097 ], [ -52.733109, -27.637796 ], [ -52.739583, -27.644516 ], [ -52.733078, -27.654606 ], [ -52.743073, -27.664015 ], [ -52.748485, -27.681661 ], [ -52.759536, -27.69043 ], [ -52.758432, -27.697068 ], [ -52.750055, -27.689369 ], [ -52.741666, -27.689276 ], [ -52.735625, -27.693156 ], [ -52.732644, -27.698719 ], [ -52.737456, -27.707706 ], [ -52.738497, -27.72309 ], [ -52.741321, -27.736469 ], [ -52.735269, -27.745024 ], [ -52.728849, -27.745919 ], [ -52.717341, -27.742765 ], [ -52.711841, -27.737704 ], [ -52.70863, -27.738954 ], [ -52.714788, -27.752917 ], [ -52.711644, -27.765814 ], [ -52.696317, -27.785247 ], [ -52.704562, -27.792387 ], [ -52.704546, -27.797432 ], [ -52.688812, -27.797117 ], [ -52.675975, -27.796316 ], [ -52.672276, -27.820449 ], [ -52.669026, -27.839584 ], [ -52.659971, -27.83372 ], [ -52.652506, -27.847516 ], [ -52.645017, -27.852203 ], [ -52.64346, -27.868996 ], [ -52.647997, -27.872577 ], [ -52.647096, -27.875867 ], [ -52.634572, -27.878769 ], [ -52.625857, -27.863704 ], [ -52.621609, -27.874996 ], [ -52.613822, -27.867708 ], [ -52.600322, -27.873194 ], [ -52.600026, -27.876245 ], [ -52.605919, -27.875298 ], [ -52.609301, -27.878656 ], [ -52.59747, -27.882551 ], [ -52.597574, -27.885867 ], [ -52.600786, -27.890531 ], [ -52.58712, -27.891255 ], [ -52.593953, -27.899178 ], [ -52.586554, -27.897502 ], [ -52.573084, -27.904761 ], [ -52.575747, -27.909239 ], [ -52.58253, -27.906743 ], [ -52.58656, -27.910004 ], [ -52.574582, -27.918036 ], [ -52.581073, -27.920669 ], [ -52.581746, -27.928838 ], [ -52.59558, -27.922652 ], [ -52.592296, -27.930152 ], [ -52.608072, -27.936566 ], [ -52.626452, -27.942061 ], [ -52.629544, -27.940175 ], [ -52.64783, -27.947435 ], [ -52.655517, -27.944202 ], [ -52.656779, -27.941472 ], [ -52.671288, -27.939652 ], [ -52.674553, -27.934276 ], [ -52.695076, -27.924419 ], [ -52.696286, -27.913332 ], [ -52.702158, -27.910973 ], [ -52.712538, -27.919676 ], [ -52.718067, -27.91829 ], [ -52.736357, -27.92538 ], [ -52.738635, -27.938782 ], [ -52.746802, -27.942862 ], [ -52.740795, -27.947758 ], [ -52.757783, -27.958686 ], [ -52.758152, -27.968893 ], [ -52.762601, -27.973803 ], [ -52.782444, -27.980261 ], [ -52.787814, -27.986052 ], [ -52.798583, -27.984412 ], [ -52.80957, -27.998859 ], [ -52.815053, -27.999299 ], [ -52.822717, -28.014682 ], [ -52.820438, -28.022477 ], [ -52.827269, -28.025587 ], [ -52.827548, -28.028875 ], [ -52.83098, -28.029784 ], [ -52.830776, -28.039895 ], [ -52.835508, -28.04834 ], [ -52.841214, -28.05188 ], [ -52.839144, -28.056612 ], [ -52.838659, -28.060653 ], [ -52.84572, -28.062701 ], [ -52.853962, -28.055657 ], [ -52.853858, -28.062938 ], [ -52.858133, -28.059528 ], [ -52.866991, -28.062806 ], [ -52.861418, -28.069638 ], [ -52.865657, -28.069311 ], [ -52.875648, -28.065718 ], [ -52.881564, -28.070112 ], [ -52.881909, -28.06433 ], [ -52.891033, -28.062829 ], [ -52.885193, -28.058439 ], [ -52.887471, -28.054549 ], [ -52.891662, -28.05485 ], [ -52.894531, -28.063416 ], [ -52.892409, -28.067835 ], [ -52.900864, -28.065778 ], [ -52.903999, -28.062602 ], [ -52.898976, -28.055413 ], [ -52.901568, -28.05331 ], [ -52.906486, -28.052751 ], [ -52.908029, -28.057912 ], [ -52.922686, -28.058694 ], [ -52.92887, -28.055732 ], [ -52.925848, -28.05118 ], [ -52.930092, -28.048056 ], [ -52.937613, -28.051576 ], [ -52.939904, -28.05662 ], [ -52.944139, -28.043803 ], [ -52.952937, -28.043136 ], [ -52.956184, -28.035336 ], [ -52.962889, -28.034163 ], [ -52.966213, -28.041124 ], [ -52.964559, -28.049964 ], [ -52.967399, -28.050778 ], [ -52.972657, -28.045349 ], [ -52.969263, -28.037765 ], [ -52.972071, -28.033821 ], [ -52.978027, -28.03491 ], [ -52.981264, -28.042939 ], [ -52.986522, -28.033982 ], [ -52.997173, -28.037696 ], [ -53.005038, -28.027062 ], [ -53.009221, -28.027197 ], [ -53.005667, -28.033559 ], [ -53.007297, -28.039472 ], [ -53.015825, -28.037208 ], [ -53.025429, -28.043834 ], [ -53.0089, -28.044123 ], [ -53.010345, -28.050996 ], [ -53.004973, -28.053906 ], [ -53.008483, -28.065124 ], [ -52.993994, -28.057124 ], [ -52.991558, -28.060345 ], [ -52.997972, -28.060292 ], [ -53.000045, -28.069372 ], [ -52.992383, -28.072466 ], [ -52.988741, -28.068104 ], [ -52.983613, -28.068378 ], [ -52.987356, -28.073297 ], [ -52.983922, -28.07822 ], [ -52.989286, -28.080152 ], [ -53.005941, -28.075514 ], [ -53.000434, -28.079784 ], [ -53.004562, -28.088128 ], [ -53.016841, -28.086302 ], [ -53.009724, -28.092732 ], [ -53.02262, -28.104979 ], [ -53.008282, -28.101904 ], [ -53.008754, -28.120709 ], [ -53.00107, -28.106067 ], [ -52.998674, -28.117532 ], [ -52.989603, -28.120966 ], [ -52.992139, -28.125955 ], [ -52.989775, -28.130438 ], [ -52.984168, -28.123635 ], [ -52.977175, -28.130975 ], [ -52.971382, -28.123975 ], [ -52.972687, -28.128611 ], [ -52.970836, -28.134943 ], [ -52.97724, -28.131817 ], [ -52.974705, -28.138119 ], [ -52.978923, -28.14211 ], [ -52.978962, -28.148554 ], [ -52.974452, -28.15112 ], [ -52.974747, -28.161476 ], [ -52.983143, -28.165805 ], [ -52.977636, -28.173126 ], [ -52.968106, -28.171381 ], [ -52.962988, -28.177163 ], [ -52.9547, -28.18189 ], [ -52.959818, -28.185675 ], [ -52.965475, -28.186112 ], [ -52.973847, -28.181038 ], [ -52.978898, -28.187838 ], [ -52.98478, -28.185623 ], [ -53.001414, -28.201136 ], [ -53.017679, -28.208358 ], [ -53.023383, -28.223809 ], [ -53.026704, -28.226709 ], [ -53.034665, -28.22439 ], [ -53.037856, -28.235531 ], [ -53.046815, -28.24495 ], [ -53.055806, -28.24075 ], [ -53.063047, -28.241559 ], [ -53.072729, -28.261427 ], [ -53.080142, -28.267635 ], [ -53.084366, -28.259914 ], [ -53.08868, -28.263549 ], [ -53.096898, -28.261049 ], [ -53.112151, -28.254225 ], [ -53.11328, -28.250618 ], [ -53.120117, -28.250546 ], [ -53.121781, -28.254796 ], [ -53.127487, -28.251288 ], [ -53.128213, -28.250061 ], [ -53.131968, -28.250441 ], [ -53.135789, -28.242814 ], [ -53.143567, -28.243853 ], [ -53.140169, -28.241765 ], [ -53.153577, -28.230011 ], [ -53.167298, -28.207356 ], [ -53.173172, -28.208386 ], [ -53.182421, -28.203864 ], [ -53.184117, -28.183813 ], [ -53.201267, -28.164305 ], [ -53.196348, -28.15887 ], [ -53.222828, -28.145938 ], [ -53.23936, -28.160577 ], [ -53.245593, -28.161958 ], [ -53.249733, -28.159168 ], [ -53.25503, -28.16387 ], [ -53.259523, -28.169243 ] ] ] } },
{ "type": "Feature", "properties": { "HREG_ID": "43021", "HREG_NAME": "Região 21", "id": "430063", "name": "Amaral Ferrador", "description": "Amaral Ferrador", "MUN_ID": "430063", "UF": "RS", "MACRO_ID": "4309", "MACRO_NAME": "Sul" }, "geometry": { "type": "MultiPolygon", "coordinates": [ [ [ [ -53.436844, -33.701708 ], [ -53.442754, -33.696318 ], [ -53.440338, -33.694085 ], [ -53.484521, -33.691653 ], [ -53.522549, -33.689546 ], [ -53.532102, -33.689015 ], [ -53.529215, -33.687009 ], [ -53.530782, -33.678509 ], [ -53.5243, -33.674212 ], [ -53.531518, -33.667256 ], [ -53.530339, -33.660233 ], [ -53.535636, -33.649065 ], [ -53.529412, -33.64374 ], [ -53.525813, -33.625796 ], [ -53.535674, -33.614179 ], [ -53.530966, -33.600624 ], [ -53.529493, -33.611563 ], [ -53.523481, -33.61603 ], [ -53.51218, -33.598313 ], [ -53.515419, -33.584334 ], [ -53.510326, -33.572713 ], [ -53.514741, -33.553458 ], [ -53.508463, -33.527564 ], [ -53.498077, -33.543218 ], [ -53.471948, -33.548276 ], [ -53.483323, -33.54985 ], [ -53.480455, -33.56227 ], [ -53.489579, -33.557801 ], [ -53.487931, -33.565143 ], [ -53.479145, -33.57227 ], [ -53.460778, -33.574813 ], [ -53.449899, -33.569759 ], [ -53.449055, -33.563042 ], [ -53.456858, -33.550696 ], [ -53.465247, -33.553991 ], [ -53.453623, -33.534884 ], [ -53.450887, -33.511983 ], [ -53.442288, -33.502399 ], [ -53.445163, -33.513573 ], [ -53.449235, -33.51429 ], [ -53.440704, -33.518953 ], [ -53.434098, -33.499903 ], [ -53.434672, -33.498095 ], [ -53.42643, -33.446033 ], [ -53.428233, -33.420122 ], [ -53.434118, -33.402117 ], [ -53.442494, -33.379889 ], [ -53.470286, -33.26036 ], [ -53.43056, -33.155613 ], [ -53.426196, -33.152868 ], [ -53.425778, -33.1478 ], [ -53.426347, -33.139881 ], [ -53.410575, -33.107869 ], [ -53.405839, -33.107719 ], [ -53.409975, -33.11452 ], [ -53.405213, -33.126154 ], [ -53.412165, -33.116034 ], [ -53.423779, -33.155702 ], [ -53.412272, -33.163307 ], [ -53.406564, -33.162563 ], [ -53.391665, -33.150695 ], [ -53.385899, -33.136312 ], [ -53.37711, -33.130319 ], [ -53.354556, -33.106514 ], [ -53.332443, -33.068493 ], [ -53.319213, -33.054344 ], [ -53.315526, -33.056496 ], [ -53.316808, -33.06504 ], [ -53.321703, -33.063292 ], [ -53.325753, -33.07963 ], [ -53.313426, -33.093139 ], [ -53.27682, -33.108863 ], [ -53.261212, -33.109049 ], [ -53.253396, -33.098953 ], [ -53.236056, -33.067057 ], [ -53.202218, -33.037019 ], [ -53.166108, -32.979109 ], [ -53.159438, -32.96918 ], [ -53.157564, -32.956709 ], [ -53.166405, -32.90579 ], [ -53.162598, -32.908929 ], [ -53.160274, -32.899932 ], [ -53.164881, -32.879321 ], [ -53.155739, -32.839413 ], [ -53.141547, -32.805739 ], [ -53.126155, -32.793288 ], [ -53.109989, -32.804084 ], [ -53.10835, -32.80981 ], [ -53.11287, -32.804247 ], [ -53.115575, -32.804016 ], [ -53.115056, -32.807525 ], [ -53.100731, -32.821491 ], [ -53.084849, -32.831065 ], [ -53.072229, -32.832547 ], [ -53.058078, -32.821676 ], [ -53.041917, -32.799778 ], [ -52.992042, -32.754244 ], [ -52.987952, -32.74331 ], [ -52.986032, -32.751743 ], [ -52.994252, -32.760307 ], [ -53.000927, -32.776026 ], [ -53.000724, -32.793949 ], [ -52.985075, -32.816321 ], [ -52.960168, -32.841055 ], [ -52.93455, -32.862693 ], [ -52.924842, -32.865593 ], [ -52.897992, -32.89027 ], [ -52.862373, -32.908569 ], [ -52.832947, -32.913394 ], [ -52.804114, -32.905682 ], [ -52.771556, -32.884899 ], [ -52.750125, -32.861897 ], [ -52.704118, -32.791668 ], [ -52.689292, -32.759509 ], [ -52.620204, -32.637658 ], [ -52.611133, -32.619977 ], [ -52.601467, -32.581056 ], [ -52.589265, -32.5424 ], [ -52.585671, -32.526241 ], [ -52.592621, -32.491832 ], [ -52.594463, -32.487717 ], [ -52.628803, -32.417416 ], [ -52.674028, -32.346881 ], [ -52.691429, -32.325803 ], [ -52.694361, -32.317438 ], [ -52.69153, -32.298586 ], [ -52.681544, -32.264516 ], [ -52.656071, -32.205418 ], [ -52.627952, -32.161539 ], [ -52.629703, -32.15448 ], [ -52.621875, -32.143481 ], [ -52.625974, -32.147063 ], [ -52.658896, -32.154534 ], [ -52.668808, -32.159104 ], [ -52.67282, -32.164989 ], [ -52.69435, -32.159526 ], [ -52.698123, -32.168794 ], [ -52.712577, -32.168677 ], [ -52.718931, -32.17391 ], [ -52.725569, -32.169804 ], [ -52.739444, -32.165807 ], [ -52.736257, -32.171971 ], [ -52.748245, -32.173974 ], [ -52.744824, -32.175635 ], [ -52.747329, -32.17759 ], [ -52.736999, -32.175034 ], [ -52.740495, -32.18237 ], [ -52.73527, -32.180571 ], [ -52.736221, -32.185799 ], [ -52.72608, -32.188094 ], [ -52.731808, -32.198822 ], [ -52.731483, -32.191365 ], [ -52.735265, -32.190176 ], [ -52.738962, -32.193108 ], [ -52.750084, -32.193239 ], [ -52.761786, -32.198662 ], [ -52.761949, -32.201937 ], [ -52.773606, -32.205106 ], [ -52.76849, -32.206048 ], [ -52.775726, -32.212204 ], [ -52.761044, -32.204353 ], [ -52.763893, -32.206694 ], [ -52.759249, -32.208619 ], [ -52.760086, -32.213275 ], [ -52.753304, -32.206939 ], [ -52.742741, -32.20997 ], [ -52.736444, -32.20167 ], [ -52.72906, -32.207002 ], [ -52.728559, -32.212587 ], [ -52.739803, -32.221537 ], [ -52.746715, -32.213499 ], [ -52.754125, -32.211923 ], [ -52.773415, -32.231257 ], [ -52.7828, -32.268197 ], [ -52.795053, -32.270481 ], [ -52.796642, -32.276076 ], [ -52.786987, -32.279661 ], [ -52.794652, -32.286996 ], [ -52.806591, -32.311305 ], [ -52.806342, -32.317624 ], [ -52.810199, -32.316871 ], [ -52.813125, -32.320605 ], [ -52.798669, -32.332882 ], [ -52.814207, -32.324373 ], [ -52.819697, -32.330739 ], [ -52.819345, -32.339403 ], [ -52.807961, -32.352351 ], [ -52.798379, -32.351134 ], [ -52.787822, -32.343692 ], [ -52.791688, -32.351751 ], [ -52.802014, -32.358712 ], [ -52.787132, -32.37905 ], [ -52.782586, -32.372548 ], [ -52.771781, -32.376982 ], [ -52.764518, -32.372609 ], [ -52.765221, -32.367408 ], [ -52.759907, -32.367452 ], [ -52.761633, -32.361265 ], [ -52.757175, -32.358508 ], [ -52.766208, -32.356433 ], [ -52.769999, -32.351887 ], [ -52.75463, -32.356691 ], [ -52.758032, -32.367856 ], [ -52.751725, -32.363816 ], [ -52.742988, -32.365433 ], [ -52.750757, -32.359236 ], [ -52.721048, -32.372137 ], [ -52.721607, -32.384631 ], [ -52.74518, -32.410384 ], [ -52.789042, -32.443828 ], [ -52.841471, -32.458053 ], [ -52.879159, -32.460734 ], [ -52.918771, -32.469557 ], [ -52.947196, -32.480423 ], [ -52.9573, -32.490255 ], [ -52.962012, -32.495421 ], [ -52.969654, -32.498725 ], [ -52.982123, -32.510072 ], [ -52.986641, -32.523405 ], [ -52.994915, -32.582178 ], [ -53.000252, -32.597374 ], [ -53.00874, -32.607204 ], [ -53.019557, -32.612574 ], [ -53.053509, -32.614917 ], [ -53.069475, -32.621715 ], [ -53.076417, -32.627325 ], [ -53.081661, -32.647083 ], [ -53.084095, -32.657745 ], [ -53.107977, -32.642517 ], [ -53.12783, -32.637966 ], [ -53.146166, -32.640113 ], [ -53.166172, -32.64809 ], [ -53.174178, -32.65625 ], [ -53.181596, -32.65594 ], [ -53.186114, -32.644876 ], [ -53.23607, -32.630745 ], [ -53.242266, -32.626007 ], [ -53.249405, -32.603558 ], [ -53.270702, -32.60491 ], [ -53.279668, -32.619394 ], [ -53.287235, -32.622148 ], [ -53.296101, -32.616329 ], [ -53.303731, -32.604728 ], [ -53.320207, -32.596365 ], [ -53.332347, -32.58544 ], [ -53.336296, -32.58455 ], [ -53.348812, -32.592522 ], [ -53.355053, -32.590906 ], [ -53.369631, -32.571195 ], [ -53.377642, -32.572102 ], [ -53.388078, -32.587089 ], [ -53.4093, -32.576063 ], [ -53.420522, -32.55858 ], [ -53.424507, -32.558697 ], [ -53.427365, -32.565704 ], [ -53.431793, -32.565801 ], [ -53.441517, -32.53904 ], [ -53.457604, -32.521949 ], [ -53.456619, -32.515435 ], [ -53.463541, -32.502662 ], [ -53.462298, -32.498552 ], [ -53.466404, -32.492609 ], [ -53.463189, -32.485043 ], [ -53.470804, -32.480078 ], [ -53.479623, -32.484267 ], [ -53.502441, -32.480541 ], [ -53.514944, -32.487383 ], [ -53.520571, -32.480201 ], [ -53.526179, -32.487491 ], [ -53.54423, -32.477754 ], [ -53.541712, -32.471897 ], [ -53.557026, -32.47128 ], [ -53.566534, -32.458709 ], [ -53.582535, -32.451851 ], [ -53.58755, -32.435857 ], [ -53.599885, -32.430547 ], [ -53.612496, -32.418157 ], [ -53.611097, -32.402201 ], [ -53.625378, -32.390229 ], [ -53.64411, -32.384194 ], [ -53.642753, -32.37385 ], [ -53.632349, -32.350002 ], [ -53.642776, -32.336431 ], [ -53.643271, -32.32402 ], [ -53.655385, -32.319221 ], [ -53.654656, -32.311994 ], [ -53.646429, -32.312765 ], [ -53.642148, -32.296738 ], [ -53.655866, -32.287989 ], [ -53.655758, -32.278825 ], [ -53.664375, -32.274768 ], [ -53.676416, -32.259412 ], [ -53.675891, -32.237569 ], [ -53.684633, -32.219637 ], [ -53.692305, -32.213805 ], [ -53.693695, -32.204505 ], [ -53.703318, -32.20732 ], [ -53.710461, -32.199235 ], [ -53.701881, -32.189484 ], [ -53.712154, -32.188772 ], [ -53.712015, -32.177957 ], [ -53.722826, -32.173045 ], [ -53.716603, -32.154048 ], [ -53.733916, -32.152224 ], [ -53.725974, -32.146658 ], [ -53.726139, -32.137897 ], [ -53.743647, -32.116354 ], [ -53.737372, -32.105836 ], [ -53.73927, -32.100457 ], [ -53.731683, -32.105654 ], [ -53.724873, -32.097822 ], [ -53.743798, -32.09207 ], [ -53.745136, -32.078686 ], [ -53.753995, -32.079173 ], [ -53.756555, -32.076479 ], [ -53.764498, -32.079413 ], [ -53.768466, -32.073816 ], [ -53.780752, -32.070066 ], [ -53.788757, -32.072123 ], [ -53.788922, -32.068295 ], [ -53.804081, -32.070316 ], [ -53.814222, -32.059228 ], [ -53.825101, -32.059766 ], [ -53.832738, -32.055178 ], [ -53.833904, -32.042025 ], [ -53.842097, -32.037798 ], [ -53.837062, -32.033338 ], [ -53.851694, -32.029559 ], [ -53.850732, -32.013757 ], [ -53.853333, -32.010292 ], [ -53.849437, -32.001013 ], [ -53.853887, -31.998248 ], [ -53.863274, -31.995845 ], [ -53.86446, -31.992746 ], [ -53.869709, -31.998552 ], [ -53.890222, -31.994193 ], [ -53.896116, -31.981582 ], [ -53.908796, -31.974309 ], [ -53.912185, -31.966795 ], [ -53.931345, -31.963785 ], [ -53.945148, -31.955997 ], [ -53.947083, -31.953527 ], [ -53.943757, -31.950574 ], [ -53.947639, -31.948988 ], [ -53.947643, -31.937881 ], [ -53.954093, -31.931411 ], [ -53.954283, -31.925326 ], [ -53.951918, -31.919329 ], [ -53.939129, -31.913357 ], [ -53.935021, -31.912101 ], [ -53.9303, -31.901558 ], [ -53.9309, -31.874764 ], [ -53.916182, -31.864652 ], [ -53.917558, -31.858538 ], [ -53.913492, -31.85525 ], [ -53.893638, -31.848902 ], [ -53.888572, -31.849903 ], [ -53.886174, -31.860459 ], [ -53.882731, -31.861049 ], [ -53.875247, -31.856751 ], [ -53.878441, -31.848477 ], [ -53.865566, -31.838175 ], [ -53.866704, -31.835965 ], [ -53.855222, -31.833788 ], [ -53.845077, -31.827555 ], [ -53.845615, -31.82425 ], [ -53.833597, -31.827063 ], [ -53.827624, -31.818093 ], [ -53.817487, -31.813618 ], [ -53.818231, -31.806401 ], [ -53.808539, -31.805173 ], [ -53.808528, -31.797072 ], [ -53.799508, -31.786999 ], [ -53.802063, -31.776914 ], [ -53.798774, -31.76056 ], [ -53.789579, -31.75126 ], [ -53.778208, -31.750033 ], [ -53.769953, -31.746742 ], [ -53.768468, -31.741121 ], [ -53.76259, -31.738007 ], [ -53.769825, -31.728748 ], [ -53.762074, -31.721236 ], [ -53.762062, -31.713651 ], [ -53.776675, -31.699724 ], [ -53.769144, -31.687155 ], [ -53.767905, -31.669885 ], [ -53.772716, -31.662025 ], [ -53.772464, -31.654093 ], [ -53.767022, -31.645452 ], [ -53.76071, -31.643697 ], [ -53.756897, -31.64973 ], [ -53.751395, -31.647376 ], [ -53.739578, -31.651527 ], [ -53.717496, -31.644767 ], [ -53.701245, -31.65001 ], [ -53.698108, -31.64724 ], [ -53.706917, -31.628617 ], [ -53.694537, -31.621591 ], [ -53.68682, -31.618402 ], [ -53.681744, -31.598719 ], [ -53.685662, -31.594745 ], [ -53.676858, -31.592026 ], [ -53.664999, -31.591764 ], [ -53.653717, -31.600149 ], [ -53.648272, -31.598854 ], [ -53.644171, -31.604444 ], [ -53.633941, -31.606985 ], [ -53.628566, -31.602988 ], [ -53.622222, -31.60448 ], [ -53.612113, -31.601648 ], [ -53.602085, -31.58959 ], [ -53.591016, -31.594165 ], [ -53.587109, -31.582235 ], [ -53.598835, -31.571943 ], [ -53.600127, -31.566325 ], [ -53.597734, -31.558874 ], [ -53.5852, -31.55393 ], [ -53.583253, -31.547545 ], [ -53.578838, -31.547555 ], [ -53.581676, -31.542379 ], [ -53.575729, -31.534689 ], [ -53.581332, -31.53281 ], [ -53.585585, -31.53733 ], [ -53.587972, -31.535876 ], [ -53.584509, -31.524933 ], [ -53.587678, -31.522542 ], [ -53.586355, -31.498693 ], [ -53.587341, -31.492479 ], [ -53.594238, -31.48671 ], [ -53.594222, -31.486635 ], [ -53.595449, -31.478992 ], [ -53.604235, -31.470125 ], [ -53.600993, -31.460027 ], [ -53.596595, -31.454378 ], [ -53.58141, -31.449756 ], [ -53.572479, -31.441932 ], [ -53.560388, -31.407045 ], [ -53.56078, -31.391142 ], [ -53.565633, -31.392921 ], [ -53.576247, -31.387965 ], [ -53.582695, -31.388782 ], [ -53.587683, -31.382258 ], [ -53.598827, -31.386299 ], [ -53.614959, -31.384805 ], [ -53.625508, -31.37522 ], [ -53.628008, -31.370466 ], [ -53.625193, -31.363767 ], [ -53.629532, -31.358056 ], [ -53.637736, -31.352177 ], [ -53.640237, -31.3432 ], [ -53.65025, -31.337635 ], [ -53.635564, -31.328864 ], [ -53.629639, -31.330808 ], [ -53.624683, -31.332987 ], [ -53.617986, -31.329983 ], [ -53.623178, -31.316031 ], [ -53.611581, -31.309819 ], [ -53.605947, -31.311125 ], [ -53.601843, -31.30595 ], [ -53.601767, -31.300884 ], [ -53.606697, -31.2985 ], [ -53.602575, -31.286998 ], [ -53.605057, -31.284329 ], [ -53.595887, -31.27864 ], [ -53.589505, -31.283598 ], [ -53.590338, -31.280678 ], [ -53.581376, -31.278288 ], [ -53.584269, -31.271406 ], [ -53.569695, -31.273074 ], [ -53.573067, -31.26725 ], [ -53.567049, -31.264277 ], [ -53.567212, -31.257992 ], [ -53.558849, -31.247098 ], [ -53.557864, -31.243288 ], [ -53.562674, -31.241027 ], [ -53.554236, -31.236339 ], [ -53.550908, -31.229247 ], [ -53.548042, -31.228993 ], [ -53.551789, -31.237008 ], [ -53.549694, -31.239572 ], [ -53.544185, -31.24194 ], [ -53.53576, -31.238777 ], [ -53.536224, -31.250448 ], [ -53.528784, -31.247836 ], [ -53.525641, -31.224797 ], [ -53.519493, -31.215567 ], [ -53.523982, -31.214884 ], [ -53.527054, -31.207923 ], [ -53.516756, -31.202963 ], [ -53.514673, -31.190989 ], [ -53.505665, -31.182092 ], [ -53.503479, -31.17449 ], [ -53.505311, -31.172502 ], [ -53.516628, -31.178706 ], [ -53.521103, -31.176065 ], [ -53.515429, -31.171655 ], [ -53.514651, -31.165183 ], [ -53.509977, -31.168684 ], [ -53.507785, -31.165485 ], [ -53.50153, -31.164389 ], [ -53.50295, -31.156474 ], [ -53.488337, -31.153324 ], [ -53.498476, -31.131699 ], [ -53.492061, -31.132949 ], [ -53.482721, -31.126246 ], [ -53.480329, -31.120756 ], [ -53.484879, -31.118432 ], [ -53.479949, -31.11315 ], [ -53.485081, -31.11169 ], [ -53.492434, -31.111495 ], [ -53.495409, -31.103606 ], [ -53.481565, -31.101286 ], [ -53.485921, -31.096553 ], [ -53.486029, -31.083578 ], [ -53.478074, -31.09098 ], [ -53.474025, -31.084889 ], [ -53.489013, -31.076732 ], [ -53.486321, -31.069843 ], [ -53.478703, -31.068365 ], [ -53.487778, -31.058927 ], [ -53.48636, -31.056593 ], [ -53.477768, -31.059643 ], [ -53.473818, -31.054976 ], [ -53.480001, -31.044183 ], [ -53.485944, -31.046907 ], [ -53.483102, -31.038033 ], [ -53.490306, -31.037004 ], [ -53.475999, -31.032758 ], [ -53.481197, -31.026331 ], [ -53.475137, -31.026986 ], [ -53.472967, -31.032242 ], [ -53.471369, -31.025034 ], [ -53.460198, -31.027128 ], [ -53.468758, -31.019799 ], [ -53.467038, -31.017529 ], [ -53.458314, -31.021725 ], [ -53.446031, -31.015677 ], [ -53.450951, -31.011698 ], [ -53.455112, -31.015788 ], [ -53.46294, -31.01258 ], [ -53.456931, -31.00567 ], [ -53.450172, -31.004986 ], [ -53.458189, -30.993874 ], [ -53.450107, -30.995248 ], [ -53.446743, -30.991252 ], [ -53.437534, -30.991584 ], [ -53.436429, -30.984844 ], [ -53.445364, -30.987482 ], [ -53.440836, -30.979489 ], [ -53.44942, -30.981296 ], [ -53.447236, -30.97156 ], [ -53.435802, -30.976788 ], [ -53.432303, -30.97578 ], [ -53.433258, -30.969536 ], [ -53.429228, -30.96662 ], [ -53.433407, -30.958982 ], [ -53.442604, -30.963677 ], [ -53.439378, -30.951909 ], [ -53.435197, -30.949305 ], [ -53.416971, -30.965288 ], [ -53.411881, -30.961246 ], [ -53.416477, -30.954067 ], [ -53.421293, -30.954597 ], [ -53.418027, -30.951438 ], [ -53.422283, -30.950608 ], [ -53.413128, -30.943415 ], [ -53.409611, -30.933183 ], [ -53.41282, -30.930002 ], [ -53.408148, -30.923478 ], [ -53.420627, -30.919687 ], [ -53.420791, -30.915752 ], [ -53.41237, -30.915224 ], [ -53.4173, -30.910788 ], [ -53.424735, -30.896396 ], [ -53.431545, -30.895159 ], [ -53.422802, -30.890234 ], [ -53.43242, -30.884625 ], [ -53.418366, -30.876318 ], [ -53.422561, -30.874366 ], [ -53.424478, -30.858856 ], [ -53.418743, -30.860605 ], [ -53.416947, -30.855668 ], [ -53.421805, -30.850625 ], [ -53.425295, -30.852349 ], [ -53.42557, -30.841217 ], [ -53.414176, -30.845651 ], [ -53.408435, -30.837542 ], [ -53.414627, -30.832954 ], [ -53.415039, -30.828162 ], [ -53.40946, -30.827498 ], [ -53.407349, -30.823772 ], [ -53.419853, -30.818296 ], [ -53.4127, -30.816269 ], [ -53.414763, -30.811838 ], [ -53.408052, -30.811569 ], [ -53.412928, -30.80499 ], [ -53.402339, -30.796476 ], [ -53.39489, -30.800142 ], [ -53.392315, -30.795677 ], [ -53.396846, -30.792555 ], [ -53.388948, -30.788124 ], [ -53.388794, -30.779808 ], [ -53.374353, -30.777451 ], [ -53.369731, -30.78124 ], [ -53.369322, -30.777506 ], [ -53.364943, -30.77931 ], [ -53.35886, -30.775404 ], [ -53.349756, -30.783475 ], [ -53.347564, -30.778234 ], [ -53.344511, -30.781177 ], [ -53.327545, -30.77543 ], [ -53.322399, -30.779264 ], [ -53.319373, -30.776886 ], [ -53.303859, -30.780763 ], [ -53.29841, -30.774686 ], [ -53.287335, -30.76641 ], [ -53.273267, -30.782249 ], [ -53.258545, -30.78592 ], [ -53.238157, -30.781821 ], [ -53.229551, -30.772753 ], [ -53.216134, -30.76874 ], [ -53.21523, -30.745277 ], [ -53.208319, -30.733755 ], [ -53.210883, -30.72762 ], [ -53.204867, -30.725264 ], [ -53.200133, -30.727736 ], [ -53.199919, -30.720648 ], [ -53.190448, -30.722139 ], [ -53.192575, -30.715591 ], [ -53.1824, -30.710416 ], [ -53.189745, -30.705113 ], [ -53.189904, -30.699245 ], [ -53.196332, -30.696828 ], [ -53.181038, -30.69463 ], [ -53.200753, -30.680546 ], [ -53.191074, -30.677238 ], [ -53.192634, -30.668995 ], [ -53.18813, -30.666325 ], [ -53.187911, -30.657117 ], [ -53.186933, -30.652036 ], [ -53.197479, -30.644555 ], [ -53.187083, -30.64107 ], [ -53.202259, -30.639672 ], [ -53.200738, -30.631937 ], [ -53.219208, -30.626503 ], [ -53.208768, -30.615222 ], [ -53.212694, -30.612285 ], [ -53.22127, -30.618421 ], [ -53.22712, -30.609377 ], [ -53.231082, -30.613843 ], [ -53.231193, -30.605959 ], [ -53.239451, -30.607562 ], [ -53.233365, -30.600387 ], [ -53.239893, -30.596947 ], [ -53.238252, -30.592149 ], [ -53.243392, -30.58919 ], [ -53.242139, -30.584219 ], [ -53.246242, -30.581862 ], [ -53.247938, -30.573114 ], [ -53.245085, -30.569754 ], [ -53.236927, -30.572492 ], [ -53.227024, -30.568233 ], [ -53.233972, -30.558859 ], [ -53.228477, -30.545038 ], [ -53.242014, -30.531597 ], [ -53.232809, -30.520793 ], [ -53.22033, -30.52271 ], [ -53.215782, -30.520225 ], [ -53.217071, -30.509411 ], [ -53.222556, -30.503632 ], [ -53.218873, -30.497894 ], [ -53.225257, -30.488483 ], [ -53.231454, -30.469855 ], [ -53.213872, -30.464818 ], [ -53.218205, -30.461522 ], [ -53.212752, -30.451377 ], [ -53.185265, -30.489961 ], [ -53.189717, -30.495188 ], [ -53.185892, -30.500519 ], [ -53.192041, -30.504387 ], [ -53.188695, -30.531815 ], [ -53.185189, -30.533094 ], [ -53.177816, -30.527996 ], [ -53.172729, -30.531402 ], [ -53.175199, -30.541127 ], [ -53.162294, -30.537016 ], [ -53.162692, -30.541144 ], [ -53.166346, -30.547254 ], [ -53.154998, -30.546129 ], [ -53.15164, -30.556069 ], [ -53.141113, -30.56641 ], [ -53.140456, -30.575027 ], [ -53.133801, -30.575043 ], [ -53.131293, -30.584358 ], [ -53.122259, -30.590517 ], [ -53.122909, -30.608782 ], [ -53.112859, -30.607081 ], [ -53.104212, -30.613337 ], [ -53.100391, -30.622901 ], [ -53.095606, -30.624183 ], [ -53.088937, -30.634676 ], [ -53.069794, -30.643866 ], [ -53.054962, -30.646893 ], [ -53.052754, -30.661038 ], [ -53.047713, -30.665101 ], [ -53.034821, -30.670822 ], [ -53.028904, -30.666126 ], [ -53.019903, -30.665515 ], [ -53.013272, -30.672566 ], [ -53.008605, -30.667755 ], [ -52.997192, -30.666133 ], [ -52.987786, -30.677935 ], [ -52.994363, -30.681536 ], [ -52.994726, -30.686824 ], [ -52.986482, -30.687192 ], [ -52.982564, -30.691735 ], [ -52.993368, -30.697631 ], [ -52.983628, -30.704541 ], [ -52.980402, -30.708193 ], [ -52.97568, -30.706641 ], [ -52.977143, -30.712178 ], [ -52.973682, -30.711188 ], [ -52.972311, -30.71501 ], [ -52.977164, -30.718106 ], [ -52.9727, -30.719659 ], [ -52.97806, -30.723382 ], [ -52.973857, -30.72837 ], [ -52.96675, -30.727996 ], [ -52.961253, -30.733655 ], [ -52.954054, -30.733227 ], [ -52.953823, -30.737479 ], [ -52.948801, -30.739658 ], [ -52.962617, -30.759297 ], [ -52.961111, -30.767484 ], [ -52.954487, -30.772934 ], [ -52.958036, -30.774636 ], [ -52.953704, -30.778102 ], [ -52.957592, -30.782928 ], [ -52.947608, -30.786572 ], [ -52.953806, -30.791632 ], [ -52.951027, -30.793915 ], [ -52.955787, -30.79475 ], [ -52.954858, -30.80706 ], [ -52.959558, -30.810042 ], [ -52.964073, -30.81423 ], [ -52.961856, -30.817184 ], [ -52.955251, -30.816512 ], [ -52.955046, -30.826824 ], [ -52.947825, -30.830156 ], [ -52.950841, -30.830827 ], [ -52.953322, -30.845172 ], [ -52.960553, -30.848677 ], [ -52.960543, -30.858948 ], [ -52.971793, -30.859027 ], [ -52.982848, -30.853493 ], [ -52.988353, -30.857728 ], [ -52.981267, -30.861606 ], [ -52.985475, -30.866292 ], [ -52.984318, -30.87104 ], [ -52.988022, -30.869343 ], [ -52.989979, -30.873386 ], [ -52.993092, -30.872837 ], [ -52.998653, -30.884607 ], [ -52.996671, -30.887573 ], [ -53.0144, -30.896141 ], [ -53.012128, -30.901563 ], [ -53.017758, -30.90586 ], [ -53.012195, -30.908168 ], [ -53.014537, -30.912117 ], [ -53.019701, -30.921044 ], [ -53.016155, -30.929038 ], [ -53.008225, -30.93323 ], [ -53.003636, -30.928693 ], [ -53.007492, -30.922177 ], [ -53.003753, -30.92079 ], [ -52.988874, -30.9296 ], [ -52.96394, -30.932962 ], [ -52.943506, -30.928122 ], [ -52.933109, -30.932026 ], [ -52.928039, -30.925576 ], [ -52.921962, -30.926444 ], [ -52.918551, -30.939601 ], [ -52.911638, -30.941043 ], [ -52.906904, -30.93763 ], [ -52.910211, -30.927669 ], [ -52.907749, -30.922484 ], [ -52.894527, -30.930675 ], [ -52.877886, -30.921229 ], [ -52.865495, -30.921955 ], [ -52.837787, -30.913695 ], [ -52.829349, -30.904429 ], [ -52.828614, -30.904414 ], [ -52.809452, -30.91254 ], [ -52.802435, -30.904686 ], [ -52.793039, -30.906031 ], [ -52.753763, -30.897931 ], [ -52.729922, -30.894843 ], [ -52.722629, -30.899455 ], [ -52.715739, -30.896161 ], [ -52.706505, -30.904661 ], [ -52.673062, -30.907411 ], [ -52.665356, -30.917242 ], [ -52.658197, -30.917222 ], [ -52.651126, -30.92251 ], [ -52.641835, -30.957086 ], [ -52.635575, -30.96411 ], [ -52.628813, -30.959906 ], [ -52.632939, -30.948827 ], [ -52.629138, -30.945463 ], [ -52.61866, -30.951376 ], [ -52.60089, -30.954109 ], [ -52.587561, -30.946739 ], [ -52.58449, -30.941563 ], [ -52.575436, -30.940203 ], [ -52.559212, -30.947426 ], [ -52.555509, -30.945212 ], [ -52.553208, -30.934101 ], [ -52.556127, -30.930059 ], [ -52.561365, -30.933745 ], [ -52.561016, -30.927796 ], [ -52.545581, -30.925471 ], [ -52.537215, -30.933215 ], [ -52.525787, -30.92963 ], [ -52.520509, -30.932987 ], [ -52.510193, -30.926426 ], [ -52.502318, -30.926686 ], [ -52.499888, -30.920937 ], [ -52.49569, -30.925868 ], [ -52.490803, -30.925992 ], [ -52.47755, -30.911382 ], [ -52.472005, -30.909974 ], [ -52.468482, -30.917266 ], [ -52.456691, -30.911439 ], [ -52.439433, -30.89527 ], [ -52.42596, -30.904092 ], [ -52.426896, -30.914991 ], [ -52.422817, -30.906075 ], [ -52.428076, -30.886998 ], [ -52.425199, -30.869089 ], [ -52.417667, -30.859165 ], [ -52.420952, -30.850435 ], [ -52.427373, -30.845165 ], [ -52.426377, -30.84056 ], [ -52.43428, -30.835577 ], [ -52.432621, -30.830204 ], [ -52.440119, -30.822488 ], [ -52.43814, -30.815998 ], [ -52.447195, -30.807694 ], [ -52.446794, -30.80097 ], [ -52.453042, -30.802471 ], [ -52.4563, -30.796652 ], [ -52.452291, -30.788626 ], [ -52.45329, -30.778723 ], [ -52.445613, -30.775643 ], [ -52.448975, -30.763549 ], [ -52.44282, -30.759235 ], [ -52.444629, -30.755014 ], [ -52.439754, -30.750407 ], [ -52.438833, -30.713388 ], [ -52.429744, -30.697259 ], [ -52.430792, -30.687676 ], [ -52.442385, -30.658795 ], [ -52.447474, -30.654926 ], [ -52.412951, -30.654615 ], [ -52.397517, -30.662399 ], [ -52.390478, -30.662325 ], [ -52.3749, -30.686654 ], [ -52.365247, -30.685558 ], [ -52.361957, -30.690047 ], [ -52.352151, -30.687397 ], [ -52.342926, -30.695295 ], [ -52.335475, -30.691647 ], [ -52.336116, -30.697175 ], [ -52.34165, -30.703999 ], [ -52.340501, -30.710589 ], [ -52.323627, -30.714612 ], [ -52.315763, -30.723096 ], [ -52.315278, -30.732583 ], [ -52.295209, -30.749661 ], [ -52.28812, -30.766357 ], [ -52.276024, -30.7766 ], [ -52.27387, -30.786374 ], [ -52.268519, -30.78979 ], [ -52.268967, -30.795572 ], [ -52.262181, -30.800002 ], [ -52.257604, -30.797339 ], [ -52.251344, -30.772849 ], [ -52.245009, -30.769099 ], [ -52.247174, -30.765912 ], [ -52.24051, -30.756979 ], [ -52.210119, -30.75509 ], [ -52.207473, -30.762616 ], [ -52.212702, -30.76961 ], [ -52.213099, -30.778399 ], [ -52.198589, -30.770726 ], [ -52.19545, -30.762929 ], [ -52.189071, -30.763689 ], [ -52.177153, -30.773343 ], [ -52.185061, -30.779508 ], [ -52.182582, -30.804143 ], [ -52.177681, -30.812677 ], [ -52.17785, -30.837151 ], [ -52.169359, -30.840353 ], [ -52.1561, -30.861843 ], [ -52.141524, -30.864152 ], [ -52.136302, -30.871457 ], [ -52.129371, -30.873675 ], [ -52.1246, -30.882642 ], [ -52.119542, -30.884016 ], [ -52.108798, -30.905306 ], [ -52.10649, -30.903432 ], [ -52.098797, -30.907875 ], [ -52.101502, -30.923908 ], [ -52.106778, -30.927402 ], [ -52.114068, -30.917512 ], [ -52.127328, -30.912446 ], [ -52.130017, -30.899373 ], [ -52.149811, -30.906131 ], [ -52.164284, -30.90402 ], [ -52.176815, -30.912202 ], [ -52.181287, -30.910105 ], [ -52.184134, -30.900944 ], [ -52.205583, -30.907183 ], [ -52.212367, -30.895655 ], [ -52.227118, -30.892325 ], [ -52.240288, -30.881593 ], [ -52.248779, -30.883949 ], [ -52.251027, -30.891035 ], [ -52.246043, -30.898206 ], [ -52.243444, -30.926889 ], [ -52.277693, -30.94896 ], [ -52.270531, -30.958079 ], [ -52.245647, -30.961774 ], [ -52.248309, -30.966067 ], [ -52.24004, -30.97622 ], [ -52.244349, -30.984809 ], [ -52.222252, -30.983795 ], [ -52.206521, -30.993594 ], [ -52.153624, -31.004142 ], [ -52.135574, -31.00553 ], [ -52.13352, -31.001311 ], [ -52.120704, -30.997188 ], [ -52.097562, -30.999086 ], [ -52.089613, -31.002933 ], [ -52.109041, -31.006674 ], [ -52.116184, -31.017204 ], [ -52.132657, -31.025486 ], [ -52.139846, -31.025738 ], [ -52.140988, -31.032242 ], [ -52.155213, -31.040463 ], [ -52.146908, -31.049659 ], [ -52.139841, -31.04602 ], [ -52.124469, -31.058477 ], [ -52.119757, -31.06883 ], [ -52.113978, -31.072007 ], [ -52.113245, -31.091346 ], [ -52.122673, -31.09403 ], [ -52.124744, -31.099079 ], [ -52.12683, -31.103205 ], [ -52.117895, -31.110729 ], [ -52.10657, -31.109647 ], [ -52.088329, -31.139639 ], [ -52.088558, -31.145854 ], [ -52.059504, -31.158974 ], [ -52.058961, -31.162464 ], [ -52.056006, -31.16356 ], [ -52.048641, -31.155599 ], [ -52.030426, -31.149055 ], [ -52.025645, -31.180441 ], [ -52.021749, -31.174816 ], [ -52.024479, -31.159768 ], [ -52.018087, -31.158408 ], [ -52.024368, -31.153353 ], [ -52.014131, -31.137348 ], [ -52.017755, -31.12356 ], [ -52.014442, -31.118513 ], [ -52.015664, -31.109502 ], [ -52.005003, -31.102115 ], [ -51.986758, -31.099423 ], [ -51.957813, -31.106205 ], [ -51.937462, -31.106021 ], [ -51.93758, -31.108992 ], [ -51.929824, -31.110905 ], [ -51.931762, -31.103237 ], [ -51.944457, -31.101657 ], [ -51.946707, -31.096368 ], [ -51.955813, -31.093815 ], [ -51.94998, -31.080028 ], [ -51.933959, -31.065415 ], [ -51.931708, -31.052314 ], [ -51.923072, -31.04175 ], [ -51.916602, -31.046053 ], [ -51.901699, -31.04268 ], [ -51.901007, -31.036153 ], [ -51.879718, -31.036636 ], [ -51.875271, -31.04315 ], [ -51.880179, -31.050112 ], [ -51.870521, -31.051398 ], [ -51.869298, -31.054317 ], [ -51.875267, -31.060068 ], [ -51.866066, -31.060065 ], [ -51.859604, -31.07196 ], [ -51.863989, -31.077555 ], [ -51.870283, -31.076861 ], [ -51.864889, -31.082736 ], [ -51.871302, -31.090675 ], [ -51.866817, -31.093542 ], [ -51.857632, -31.090488 ], [ -51.855122, -31.094877 ], [ -51.855288, -31.103673 ], [ -51.847864, -31.097479 ], [ -51.841463, -31.096768 ], [ -51.837554, -31.099237 ], [ -51.83838, -31.107384 ], [ -51.828516, -31.103139 ], [ -51.829932, -31.111988 ], [ -51.822038, -31.108421 ], [ -51.817627, -31.120518 ], [ -51.806358, -31.125122 ], [ -51.788976, -31.123112 ], [ -51.789365, -31.126258 ], [ -51.790641, -31.136569 ], [ -51.791028, -31.139692 ], [ -51.812376, -31.148904 ], [ -51.819858, -31.158588 ], [ -51.81747, -31.171787 ], [ -51.81249, -31.172822 ], [ -51.809033, -31.16805 ], [ -51.801799, -31.166659 ], [ -51.789245, -31.175889 ], [ -51.794099, -31.184248 ], [ -51.788124, -31.190031 ], [ -51.783661, -31.205016 ], [ -51.788131, -31.213469 ], [ -51.779128, -31.216017 ], [ -51.785395, -31.224109 ], [ -51.779757, -31.232862 ], [ -51.785872, -31.242171 ], [ -51.784978, -31.24733 ], [ -51.789356, -31.244617 ], [ -51.793184, -31.248499 ], [ -51.789078, -31.248548 ], [ -51.791142, -31.251677 ], [ -51.788116, -31.254331 ], [ -51.799189, -31.255201 ], [ -51.798936, -31.2657 ], [ -51.811212, -31.28525 ], [ -51.826245, -31.302348 ], [ -51.8334, -31.305897 ], [ -51.843405, -31.322749 ], [ -51.857207, -31.331337 ], [ -51.854718, -31.335859 ], [ -51.85971, -31.331128 ], [ -51.856945, -31.315565 ], [ -51.87194, -31.29983 ], [ -51.866592, -31.2961 ], [ -51.869471, -31.294352 ], [ -51.875602, -31.298031 ], [ -51.874509, -31.308541 ], [ -51.882187, -31.314491 ], [ -51.878295, -31.323953 ], [ -51.891557, -31.315183 ], [ -51.918931, -31.310267 ], [ -51.931298, -31.320582 ], [ -51.929839, -31.327882 ], [ -51.920914, -31.327371 ], [ -51.922458, -31.331364 ], [ -51.948112, -31.338823 ], [ -51.959751, -31.352774 ], [ -51.961889, -31.369528 ], [ -51.951275, -31.374961 ], [ -51.967626, -31.377654 ], [ -51.98193, -31.385557 ], [ -51.993159, -31.41307 ], [ -52.009703, -31.500443 ], [ -52.017402, -31.539839 ], [ -52.010857, -31.585153 ], [ -52.012918, -31.5967 ], [ -52.009399, -31.597142 ], [ -52.009512, -31.613659 ], [ -52.030118, -31.691846 ], [ -52.035492, -31.695289 ], [ -52.056685, -31.682706 ], [ -52.05834, -31.678517 ], [ -52.065916, -31.681198 ], [ -52.069082, -31.676624 ], [ -52.076367, -31.681484 ], [ -52.103609, -31.684164 ], [ -52.149368, -31.697847 ], [ -52.159668, -31.704604 ], [ -52.200374, -31.72822 ], [ -52.225231, -31.751399 ], [ -52.226172, -31.767433 ], [ -52.218452, -31.783001 ], [ -52.222656, -31.788548 ], [ -52.214983, -31.798835 ], [ -52.212885, -31.809371 ], [ -52.216562, -31.810648 ], [ -52.218795, -31.803926 ], [ -52.222923, -31.81288 ], [ -52.228867, -31.806046 ], [ -52.229967, -31.808576 ], [ -52.235615, -31.804488 ], [ -52.222173, -31.819116 ], [ -52.222475, -31.842875 ], [ -52.22617, -31.847981 ], [ -52.232157, -31.840466 ], [ -52.239922, -31.837968 ], [ -52.252905, -31.841981 ], [ -52.25629, -31.848851 ], [ -52.249526, -31.874943 ], [ -52.233946, -31.894187 ], [ -52.22841, -31.895096 ], [ -52.228026, -31.88386 ], [ -52.235724, -31.882747 ], [ -52.237688, -31.879268 ], [ -52.231631, -31.873413 ], [ -52.220882, -31.87201 ], [ -52.195968, -31.896241 ], [ -52.173166, -31.908042 ], [ -52.146797, -31.915079 ], [ -52.132483, -31.92323 ], [ -52.126411, -31.932725 ], [ -52.112382, -31.9426 ], [ -52.112569, -31.955431 ], [ -52.114506, -31.947293 ], [ -52.121227, -31.944478 ], [ -52.1337, -31.950426 ], [ -52.143689, -31.951012 ], [ -52.141748, -31.9357 ], [ -52.144887, -31.92809 ], [ -52.150129, -31.927777 ], [ -52.154988, -31.933365 ], [ -52.147797, -31.946555 ], [ -52.149968, -31.950216 ], [ -52.16645, -31.94365 ], [ -52.174514, -31.952918 ], [ -52.184829, -31.950222 ], [ -52.188706, -31.956968 ], [ -52.186995, -31.963208 ], [ -52.202779, -31.963001 ], [ -52.206906, -31.96593 ], [ -52.218094, -31.959497 ], [ -52.222774, -31.972019 ], [ -52.238862, -31.984736 ], [ -52.237821, -31.988405 ], [ -52.233622, -32.016036 ], [ -52.243289, -32.026389 ], [ -52.247694, -32.051224 ], [ -52.22574, -32.035294 ], [ -52.211828, -32.035369 ], [ -52.200968, -32.039731 ], [ -52.193142, -32.05843 ], [ -52.207912, -32.0599 ], [ -52.213898, -32.071799 ], [ -52.225453, -32.067831 ], [ -52.232315, -32.070263 ], [ -52.228861, -32.073534 ], [ -52.23097, -32.075668 ], [ -52.237569, -32.078341 ], [ -52.23029, -32.081025 ], [ -52.227394, -32.084294 ], [ -52.216619, -32.084132 ], [ -52.207482, -32.070678 ], [ -52.202556, -32.069747 ], [ -52.203869, -32.074764 ], [ -52.172345, -32.055667 ], [ -52.163554, -32.055614 ], [ -52.135691, -32.045477 ], [ -52.117652, -32.03517 ], [ -52.110006, -32.02394 ], [ -52.112104, -32.017078 ], [ -52.105918, -32.014722 ], [ -52.098064, -32.021519 ], [ -52.094645, -32.017766 ], [ -52.098294, -32.00385 ], [ -52.131222, -32.01487 ], [ -52.153736, -32.026048 ], [ -52.180744, -32.030037 ], [ -52.201, -32.023504 ], [ -52.205281, -32.009798 ], [ -52.193978, -32.005795 ], [ -52.191943, -31.997685 ], [ -52.195556, -31.992021 ], [ -52.18513, -31.981069 ], [ -52.175042, -31.978812 ], [ -52.162622, -31.982591 ], [ -52.148104, -31.980397 ], [ -52.13855, -31.982985 ], [ -52.122412, -31.980196 ], [ -52.12177, -31.97178 ], [ -52.135916, -31.971982 ], [ -52.139797, -31.966459 ], [ -52.134153, -31.962842 ], [ -52.148976, -31.956816 ], [ -52.127678, -31.958222 ], [ -52.129046, -31.964052 ], [ -52.135278, -31.966677 ], [ -52.134021, -31.970457 ], [ -52.119667, -31.968031 ], [ -52.119119, -31.97757 ], [ -52.112574, -31.977652 ], [ -52.095606, -31.995682 ], [ -52.095471, -32.010448 ], [ -52.091918, -32.012734 ], [ -52.089274, -32.022191 ], [ -52.093432, -32.017882 ], [ -52.097552, -32.023563 ], [ -52.108418, -32.019007 ], [ -52.108707, -32.023963 ], [ -52.108292, -32.026959 ], [ -52.096067, -32.029216 ], [ -52.0679, -32.029659 ], [ -52.063087, -32.046092 ], [ -52.065703, -32.05049 ], [ -52.070191, -32.047041 ], [ -52.075225, -32.030935 ], [ -52.071385, -32.051782 ], [ -52.081564, -32.052887 ], [ -52.079555, -32.050125 ], [ -52.082694, -32.049665 ], [ -52.087143, -32.058858 ], [ -52.087971, -32.048683 ], [ -52.095923, -32.048943 ], [ -52.100062, -32.045671 ], [ -52.103307, -32.049462 ], [ -52.117714, -32.052118 ], [ -52.138151, -32.061442 ], [ -52.149121, -32.074575 ], [ -52.155326, -32.097053 ], [ -52.153166, -32.106633 ], [ -52.157228, -32.112309 ], [ -52.147576, -32.115535 ], [ -52.133389, -32.098389 ], [ -52.118754, -32.091008 ], [ -52.101712, -32.066852 ], [ -52.089153, -32.060082 ], [ -52.084417, -32.061284 ], [ -52.084697, -32.066319 ], [ -52.098195, -32.082739 ], [ -52.104536, -32.106938 ], [ -52.098884, -32.158833 ], [ -52.082952, -32.183402 ], [ -52.098157, -32.161625 ], [ -52.117134, -32.165732 ], [ -52.15593, -32.19012 ], [ -52.185522, -32.215502 ], [ -52.231331, -32.256571 ], [ -52.261939, -32.294648 ], [ -52.306406, -32.361032 ], [ -52.341651, -32.426086 ], [ -52.370535, -32.489153 ], [ -52.415539, -32.606783 ], [ -52.425204, -32.641657 ], [ -52.44791, -32.735166 ], [ -52.467487, -32.797848 ], [ -52.511458, -32.902678 ], [ -52.552634, -32.972369 ], [ -52.601747, -33.070749 ], [ -52.628687, -33.115678 ], [ -52.661841, -33.160579 ], [ -52.738122, -33.249805 ], [ -52.79519, -33.302049 ], [ -53.043163, -33.497601 ], [ -53.151587, -33.588955 ], [ -53.230235, -33.646838 ], [ -53.282409, -33.683143 ], [ -53.354935, -33.732974 ], [ -53.372613, -33.745109 ], [ -53.385316, -33.747858 ], [ -53.396617, -33.751583 ], [ -53.402069, -33.748228 ], [ -53.4182, -33.748363 ], [ -53.422688, -33.744147 ], [ -53.432774, -33.738199 ], [ -53.431511, -33.730491 ], [ -53.438451, -33.712952 ], [ -53.436844, -33.701708 ] ], [ [ -52.436287, -31.332539 ], [ -52.422129, -31.335833 ], [ -52.422129, -31.335832 ], [ -52.436287, -31.332539 ] ] ], [ [ [ -51.422229, -31.693622 ], [ -51.469883, -31.72588 ], [ -51.529209, -31.758846 ], [ -51.626694, -31.812544 ], [ -51.717719, -31.854667 ], [ -51.817247, -31.910398 ], [ -51.884577, -31.957676 ], [ -51.919767, -31.987154 ], [ -51.978619, -32.043285 ], [ -52.074453, -32.142312 ], [ -52.08116, -32.156956 ], [ -52.075961, -32.182031 ], [ -52.082537, -32.16027 ], [ -52.078269, -32.137338 ], [ -52.081671, -32.132423 ], [ -52.092766, -32.128335 ], [ -52.08496, -32.12698 ], [ -52.083477, -32.119843 ], [ -52.063271, -32.096257 ], [ -52.057415, -32.079549 ], [ -52.048545, -32.072822 ], [ -52.039601, -32.036429 ], [ -52.044119, -32.0136 ], [ -52.042171, -32.006904 ], [ -52.054299, -31.982061 ], [ -52.047937, -31.974418 ], [ -52.034054, -31.970772 ], [ -52.022432, -31.969476 ], [ -52.012659, -31.957343 ], [ -52.013339, -31.93887 ], [ -52.020058, -31.924139 ], [ -52.026324, -31.915109 ], [ -52.045505, -31.903517 ], [ -52.048275, -31.894635 ], [ -52.053997, -31.890556 ], [ -52.061695, -31.883188 ], [ -52.073166, -31.877913 ], [ -52.091616, -31.860896 ], [ -52.09008, -31.849235 ], [ -52.095179, -31.839527 ], [ -52.098038, -31.840008 ], [ -52.097792, -31.835384 ], [ -52.081446, -31.826371 ], [ -52.102067, -31.801747 ], [ -52.106192, -31.801614 ], [ -52.107388, -31.793358 ], [ -52.110491, -31.792764 ], [ -52.093496, -31.792694 ], [ -52.100831, -31.801092 ], [ -52.080174, -31.825677 ], [ -52.06204, -31.815766 ], [ -52.047918, -31.813551 ], [ -52.033518, -31.814239 ], [ -52.00355, -31.818559 ], [ -51.94694, -31.848347 ], [ -51.930112, -31.858773 ], [ -51.907948, -31.868584 ], [ -51.86829, -31.87088 ], [ -51.851735, -31.867047 ], [ -51.831739, -31.856309 ], [ -51.807807, -31.838223 ], [ -51.806629, -31.829716 ], [ -51.81273, -31.817219 ], [ -51.805502, -31.819676 ], [ -51.803157, -31.814938 ], [ -51.791281, -31.814444 ], [ -51.786656, -31.80579 ], [ -51.795228, -31.805712 ], [ -51.794219, -31.811601 ], [ -51.797238, -31.812836 ], [ -51.81265, -31.808496 ], [ -51.809667, -31.813064 ], [ -51.813177, -31.816289 ], [ -51.829072, -31.805913 ], [ -51.859343, -31.804904 ], [ -51.864802, -31.798889 ], [ -51.853959, -31.800685 ], [ -51.837922, -31.798099 ], [ -51.797386, -31.787116 ], [ -51.742814, -31.788052 ], [ -51.716807, -31.784937 ], [ -51.692846, -31.782062 ], [ -51.664155, -31.770469 ], [ -51.592923, -31.7054 ], [ -51.549321, -31.652016 ], [ -51.511366, -31.588818 ], [ -51.490792, -31.568808 ], [ -51.473855, -31.559038 ], [ -51.469822, -31.582709 ], [ -51.462957, -31.590259 ], [ -51.470101, -31.587162 ], [ -51.469597, -31.58924 ], [ -51.447643, -31.606289 ], [ -51.438798, -31.618851 ], [ -51.435804, -31.62437 ], [ -51.436354, -31.616183 ], [ -51.454802, -31.590254 ], [ -51.464567, -31.564125 ], [ -51.449909, -31.539373 ], [ -51.448362, -31.527319 ], [ -51.460891, -31.544605 ], [ -51.464647, -31.559327 ], [ -51.466034, -31.55419 ], [ -51.458815, -31.528379 ], [ -51.442507, -31.494769 ], [ -51.428116, -31.479666 ], [ -51.415809, -31.472916 ], [ -51.415498, -31.499462 ], [ -51.40946, -31.512155 ], [ -51.370345, -31.529139 ], [ -51.360207, -31.528712 ], [ -51.31707, -31.512082 ], [ -51.292592, -31.493318 ], [ -51.263622, -31.480096 ], [ -51.237784, -31.457644 ], [ -51.230908, -31.462348 ], [ -51.215563, -31.472847 ], [ -51.191274, -31.495555 ], [ -51.22145, -31.536406 ], [ -51.249835, -31.566804 ], [ -51.323136, -31.621171 ], [ -51.401691, -31.678407 ], [ -51.422229, -31.693622 ] ] ] ] } },
{ "type": "Feature", "properties": { "HREG_ID": "43022", "HREG_NAME": "Região 22", "id": "430003", "name": "Aceguá", "description": "Aceguá", "MUN_ID": "430003", "UF": "RS", "MACRO_ID": "4309", "MACRO_NAME": "Sul" }, "geometry": { "type": "Polygon", "coordinates": [ [ [ -53.640237, -31.3432 ], [ -53.637736, -31.352177 ], [ -53.629532, -31.358056 ], [ -53.625193, -31.363767 ], [ -53.628008, -31.370466 ], [ -53.625508, -31.37522 ], [ -53.614959, -31.384805 ], [ -53.598827, -31.386299 ], [ -53.587683, -31.382258 ], [ -53.582695, -31.388782 ], [ -53.576247, -31.387965 ], [ -53.565633, -31.392921 ], [ -53.56078, -31.391142 ], [ -53.560388, -31.407045 ], [ -53.572479, -31.441932 ], [ -53.58141, -31.449756 ], [ -53.596595, -31.454378 ], [ -53.600993, -31.460027 ], [ -53.604235, -31.470125 ], [ -53.595449, -31.478992 ], [ -53.594222, -31.486635 ], [ -53.594238, -31.48671 ], [ -53.587341, -31.492479 ], [ -53.586355, -31.498693 ], [ -53.587678, -31.522542 ], [ -53.584509, -31.524933 ], [ -53.587972, -31.535876 ], [ -53.585585, -31.53733 ], [ -53.581332, -31.53281 ], [ -53.575729, -31.534689 ], [ -53.581676, -31.542379 ], [ -53.578838, -31.547555 ], [ -53.583253, -31.547545 ], [ -53.5852, -31.55393 ], [ -53.597734, -31.558874 ], [ -53.600127, -31.566325 ], [ -53.598835, -31.571943 ], [ -53.587109, -31.582235 ], [ -53.591016, -31.594165 ], [ -53.602085, -31.58959 ], [ -53.612113, -31.601648 ], [ -53.622222, -31.60448 ], [ -53.628566, -31.602988 ], [ -53.633941, -31.606985 ], [ -53.644171, -31.604444 ], [ -53.648272, -31.598854 ], [ -53.653717, -31.600149 ], [ -53.664999, -31.591764 ], [ -53.676858, -31.592026 ], [ -53.685662, -31.594745 ], [ -53.681744, -31.598719 ], [ -53.68682, -31.618402 ], [ -53.694537, -31.621591 ], [ -53.706917, -31.628617 ], [ -53.698108, -31.64724 ], [ -53.701245, -31.65001 ], [ -53.717496, -31.644767 ], [ -53.739578, -31.651527 ], [ -53.751395, -31.647376 ], [ -53.756897, -31.64973 ], [ -53.76071, -31.643697 ], [ -53.767022, -31.645452 ], [ -53.772464, -31.654093 ], [ -53.772716, -31.662025 ], [ -53.767905, -31.669885 ], [ -53.769144, -31.687155 ], [ -53.776675, -31.699724 ], [ -53.762062, -31.713651 ], [ -53.762074, -31.721236 ], [ -53.769825, -31.728748 ], [ -53.76259, -31.738007 ], [ -53.768468, -31.741121 ], [ -53.769953, -31.746742 ], [ -53.778208, -31.750033 ], [ -53.789579, -31.75126 ], [ -53.798774, -31.76056 ], [ -53.802063, -31.776914 ], [ -53.799508, -31.786999 ], [ -53.808528, -31.797072 ], [ -53.808539, -31.805173 ], [ -53.818231, -31.806401 ], [ -53.817487, -31.813618 ], [ -53.827624, -31.818093 ], [ -53.833597, -31.827063 ], [ -53.845615, -31.82425 ], [ -53.845077, -31.827555 ], [ -53.855222, -31.833788 ], [ -53.866704, -31.835965 ], [ -53.865566, -31.838175 ], [ -53.878441, -31.848477 ], [ -53.875247, -31.856751 ], [ -53.882731, -31.861049 ], [ -53.886174, -31.860459 ], [ -53.888572, -31.849903 ], [ -53.893638, -31.848902 ], [ -53.913492, -31.85525 ], [ -53.917558, -31.858538 ], [ -53.916182, -31.864652 ], [ -53.9309, -31.874764 ], [ -53.9303, -31.901558 ], [ -53.935021, -31.912101 ], [ -53.939129, -31.913357 ], [ -53.951918, -31.919329 ], [ -53.954283, -31.925326 ], [ -53.954093, -31.931411 ], [ -53.947643, -31.937881 ], [ -53.947639, -31.948988 ], [ -53.943757, -31.950574 ], [ -53.947083, -31.953527 ], [ -53.945148, -31.955997 ], [ -53.951191, -31.958244 ], [ -53.96009, -31.955723 ], [ -53.971841, -31.941623 ], [ -53.970522, -31.935899 ], [ -53.96715, -31.937448 ], [ -53.964256, -31.930577 ], [ -53.961486, -31.931043 ], [ -53.962612, -31.923438 ], [ -53.968541, -31.922943 ], [ -53.969483, -31.918409 ], [ -54.003372, -31.914959 ], [ -54.006904, -31.909043 ], [ -54.014127, -31.908892 ], [ -54.015677, -31.906866 ], [ -54.011046, -31.905364 ], [ -54.016692, -31.904809 ], [ -54.015488, -31.901262 ], [ -54.022201, -31.90195 ], [ -54.025036, -31.897358 ], [ -54.031126, -31.899052 ], [ -54.030404, -31.895883 ], [ -54.034205, -31.89751 ], [ -54.039007, -31.897013 ], [ -54.044242, -31.904157 ], [ -54.052978, -31.905736 ], [ -54.05482, -31.912035 ], [ -54.066369, -31.923038 ], [ -54.072802, -31.919203 ], [ -54.08748, -31.93581 ], [ -54.090358, -31.930837 ], [ -54.099876, -31.927888 ], [ -54.10857, -31.908513 ], [ -54.139751, -31.894746 ], [ -54.141755, -31.8838 ], [ -54.154418, -31.87656 ], [ -54.173694, -31.86136 ], [ -54.21831, -31.828282 ], [ -54.45396, -31.65292 ], [ -54.45129, -31.641118 ], [ -54.453942, -31.630659 ], [ -54.459463, -31.628305 ], [ -54.46654, -31.613013 ], [ -54.456841, -31.607611 ], [ -54.45704, -31.602035 ], [ -54.452373, -31.603951 ], [ -54.452567, -31.600421 ], [ -54.463597, -31.589402 ], [ -54.468878, -31.59291 ], [ -54.473953, -31.57052 ], [ -54.480657, -31.569982 ], [ -54.493133, -31.559995 ], [ -54.490456, -31.552037 ], [ -54.513481, -31.513585 ], [ -54.519998, -31.508949 ], [ -54.523954, -31.510142 ], [ -54.523603, -31.506229 ], [ -54.531818, -31.501678 ], [ -54.54656, -31.498532 ], [ -54.552711, -31.4925 ], [ -54.556686, -31.494696 ], [ -54.559405, -31.487474 ], [ -54.57404, -31.481857 ], [ -54.579409, -31.466657 ], [ -54.587005, -31.459847 ], [ -54.585778, -31.456694 ], [ -54.669585, -31.453959 ], [ -54.683157, -31.444665 ], [ -54.694283, -31.444707 ], [ -54.696665, -31.43718 ], [ -54.700847, -31.43542 ], [ -54.702792, -31.439591 ], [ -54.718195, -31.438806 ], [ -54.723745, -31.429385 ], [ -54.759243, -31.42516 ], [ -54.788464, -31.43493 ], [ -54.804056, -31.429028 ], [ -54.810943, -31.43499 ], [ -54.826335, -31.436362 ], [ -54.835652, -31.442013 ], [ -54.856305, -31.418348 ], [ -54.860697, -31.418016 ], [ -54.856978, -31.408223 ], [ -54.877297, -31.39822 ], [ -54.886578, -31.38354 ], [ -54.88344, -31.381365 ], [ -54.885575, -31.379426 ], [ -54.890996, -31.375134 ], [ -54.89884, -31.376594 ], [ -54.897093, -31.381704 ], [ -54.903788, -31.384423 ], [ -54.92014, -31.379206 ], [ -54.931562, -31.385411 ], [ -54.939753, -31.381019 ], [ -54.93638, -31.370517 ], [ -54.933023, -31.369705 ], [ -54.93597, -31.364667 ], [ -54.934176, -31.356972 ], [ -54.959115, -31.351933 ], [ -54.959475, -31.342402 ], [ -54.952011, -31.339733 ], [ -54.952379, -31.332306 ], [ -54.958621, -31.323678 ], [ -54.977779, -31.31758 ], [ -54.981897, -31.31189 ], [ -54.979128, -31.303572 ], [ -54.981326, -31.296642 ], [ -54.994716, -31.288708 ], [ -54.993855, -31.283111 ], [ -54.99963, -31.282916 ], [ -55.000236, -31.275263 ], [ -55.001412, -31.269291 ], [ -55.006034, -31.266932 ], [ -55.007361, -31.27001 ], [ -55.01913, -31.267111 ], [ -55.03084, -31.269757 ], [ -55.03551, -31.275672 ], [ -55.03067, -31.278762 ], [ -55.034852, -31.28399 ], [ -55.078037, -31.212482 ], [ -55.078095, -31.212384 ], [ -55.080351, -31.205482 ], [ -55.067167, -31.158844 ], [ -55.094322, -31.118854 ], [ -55.093186, -31.108083 ], [ -55.09033, -31.098119 ], [ -55.101641, -31.080153 ], [ -55.104159, -31.052798 ], [ -55.109364, -31.041062 ], [ -55.107654, -31.03164 ], [ -55.111764, -31.028433 ], [ -55.1145, -31.011857 ], [ -55.12676, -31.00203 ], [ -55.131258, -30.991275 ], [ -55.14493, -30.984613 ], [ -55.146116, -30.979965 ], [ -55.139498, -30.962702 ], [ -55.131736, -30.957095 ], [ -55.126928, -30.940678 ], [ -55.110164, -30.931938 ], [ -55.104936, -30.920279 ], [ -55.106497, -30.911998 ], [ -55.097217, -30.905254 ], [ -55.088965, -30.906164 ], [ -55.084734, -30.901806 ], [ -55.08035, -30.90232 ], [ -55.077544, -30.894028 ], [ -55.064396, -30.895782 ], [ -55.061751, -30.889069 ], [ -55.045763, -30.883597 ], [ -55.031365, -30.85964 ], [ -55.027973, -30.854848 ], [ -55.036304, -30.84541 ], [ -55.032646, -30.845088 ], [ -55.034319, -30.841671 ], [ -55.034427, -30.841447 ], [ -55.030886, -30.826167 ], [ -55.036306, -30.809477 ], [ -55.032495, -30.803462 ], [ -55.037627, -30.802079 ], [ -55.039371, -30.793032 ], [ -55.032889, -30.783259 ], [ -55.027612, -30.781853 ], [ -55.027474, -30.77718 ], [ -55.02377, -30.777673 ], [ -55.024386, -30.768767 ], [ -55.030581, -30.760927 ], [ -55.01838, -30.743135 ], [ -55.01898, -30.736051 ], [ -55.013068, -30.735401 ], [ -55.0148, -30.731282 ], [ -55.01079, -30.723752 ], [ -54.972915, -30.733434 ], [ -54.954696, -30.725019 ], [ -54.945027, -30.728606 ], [ -54.941817, -30.723955 ], [ -54.917663, -30.718513 ], [ -54.883194, -30.729146 ], [ -54.861238, -30.729814 ], [ -54.847276, -30.735144 ], [ -54.835977, -30.731318 ], [ -54.807202, -30.709865 ], [ -54.807134, -30.709778 ], [ -54.798913, -30.700571 ], [ -54.778709, -30.695942 ], [ -54.778354, -30.682387 ], [ -54.77087, -30.671781 ], [ -54.772439, -30.663104 ], [ -54.765087, -30.654932 ], [ -54.754722, -30.651089 ], [ -54.74866, -30.638459 ], [ -54.732063, -30.628677 ], [ -54.722758, -30.616516 ], [ -54.723769, -30.59914 ], [ -54.718465, -30.599062 ], [ -54.71853, -30.596355 ], [ -54.699411, -30.596141 ], [ -54.700635, -30.602352 ], [ -54.694929, -30.608137 ], [ -54.697299, -30.610139 ], [ -54.693088, -30.61142 ], [ -54.694049, -30.620723 ], [ -54.689834, -30.615771 ], [ -54.685629, -30.619134 ], [ -54.689135, -30.628164 ], [ -54.680832, -30.628187 ], [ -54.683316, -30.613352 ], [ -54.676188, -30.611143 ], [ -54.675237, -30.604603 ], [ -54.6191, -30.616953 ], [ -54.607581, -30.622689 ], [ -54.586052, -30.613317 ], [ -54.583219, -30.615514 ], [ -54.580036, -30.61131 ], [ -54.564053, -30.616673 ], [ -54.560651, -30.61341 ], [ -54.552647, -30.614704 ], [ -54.547163, -30.621019 ], [ -54.52607, -30.613598 ], [ -54.520861, -30.620742 ], [ -54.503468, -30.630863 ], [ -54.488114, -30.629106 ], [ -54.482976, -30.626402 ], [ -54.483635, -30.623138 ], [ -54.474361, -30.621898 ], [ -54.465311, -30.623434 ], [ -54.456687, -30.619988 ], [ -54.45305, -30.626026 ], [ -54.447945, -30.626314 ], [ -54.437772, -30.622667 ], [ -54.409473, -30.644553 ], [ -54.40495, -30.662938 ], [ -54.389718, -30.673674 ], [ -54.384356, -30.671831 ], [ -54.3734, -30.676485 ], [ -54.373982, -30.681531 ], [ -54.361991, -30.693528 ], [ -54.363496, -30.697073 ], [ -54.360157, -30.702411 ], [ -54.35608, -30.702573 ], [ -54.354336, -30.711104 ], [ -54.354, -30.711902 ], [ -54.349144, -30.718649 ], [ -54.352748, -30.72239 ], [ -54.351725, -30.730487 ], [ -54.342074, -30.736986 ], [ -54.32951, -30.73469 ], [ -54.322713, -30.727743 ], [ -54.321474, -30.718248 ], [ -54.309529, -30.730294 ], [ -54.293441, -30.726741 ], [ -54.28635, -30.730339 ], [ -54.278325, -30.729663 ], [ -54.263791, -30.737578 ], [ -54.259612, -30.745737 ], [ -54.247196, -30.749458 ], [ -54.231898, -30.742632 ], [ -54.215449, -30.750533 ], [ -54.213298, -30.757421 ], [ -54.183001, -30.761624 ], [ -54.170931, -30.772597 ], [ -54.156787, -30.777383 ], [ -54.1497, -30.766088 ], [ -54.141994, -30.761393 ], [ -54.137856, -30.751818 ], [ -54.144844, -30.734456 ], [ -54.136055, -30.710159 ], [ -54.125588, -30.704712 ], [ -54.091379, -30.698733 ], [ -54.085891, -30.700328 ], [ -54.057954, -30.686434 ], [ -54.038619, -30.699308 ], [ -54.027171, -30.69203 ], [ -54.017617, -30.692976 ], [ -54.013478, -30.665796 ], [ -54.004514, -30.649857 ], [ -53.980733, -30.638932 ], [ -53.977777, -30.629767 ], [ -53.986054, -30.615773 ], [ -53.974643, -30.609188 ], [ -53.963249, -30.590459 ], [ -53.952599, -30.591259 ], [ -53.939391, -30.575655 ], [ -53.933898, -30.573916 ], [ -53.920081, -30.547447 ], [ -53.903915, -30.53774 ], [ -53.890415, -30.520256 ], [ -53.881556, -30.515836 ], [ -53.8817, -30.505644 ], [ -53.886734, -30.496699 ], [ -53.880065, -30.493889 ], [ -53.871568, -30.481258 ], [ -53.858351, -30.475789 ], [ -53.844783, -30.48305 ], [ -53.835859, -30.488081 ], [ -53.840527, -30.494419 ], [ -53.829157, -30.501387 ], [ -53.818357, -30.518514 ], [ -53.803735, -30.520982 ], [ -53.786115, -30.517241 ], [ -53.765187, -30.519243 ], [ -53.744645, -30.513224 ], [ -53.743373, -30.515098 ], [ -53.745287, -30.518324 ], [ -53.741507, -30.525567 ], [ -53.748432, -30.532657 ], [ -53.738399, -30.541229 ], [ -53.735656, -30.548495 ], [ -53.739864, -30.554871 ], [ -53.737676, -30.569463 ], [ -53.75327, -30.577191 ], [ -53.751134, -30.58025 ], [ -53.757778, -30.587944 ], [ -53.762242, -30.586862 ], [ -53.768433, -30.597196 ], [ -53.773555, -30.598833 ], [ -53.77247, -30.606198 ], [ -53.786471, -30.606608 ], [ -53.777142, -30.614234 ], [ -53.782252, -30.619122 ], [ -53.779459, -30.620223 ], [ -53.774337, -30.619724 ], [ -53.776389, -30.623112 ], [ -53.782192, -30.623425 ], [ -53.782544, -30.627432 ], [ -53.778548, -30.629286 ], [ -53.788397, -30.628618 ], [ -53.791608, -30.63171 ], [ -53.792129, -30.62315 ], [ -53.801541, -30.626773 ], [ -53.795532, -30.62834 ], [ -53.80319, -30.632483 ], [ -53.797902, -30.638065 ], [ -53.786959, -30.638322 ], [ -53.787787, -30.641362 ], [ -53.797031, -30.642765 ], [ -53.799756, -30.648326 ], [ -53.799238, -30.662418 ], [ -53.794164, -30.670765 ], [ -53.797528, -30.675775 ], [ -53.79356, -30.675626 ], [ -53.795844, -30.68425 ], [ -53.802493, -30.684398 ], [ -53.796486, -30.689043 ], [ -53.795802, -30.695465 ], [ -53.800475, -30.700668 ], [ -53.796716, -30.705204 ], [ -53.805038, -30.711055 ], [ -53.810918, -30.708452 ], [ -53.813303, -30.713957 ], [ -53.803352, -30.728692 ], [ -53.817162, -30.738377 ], [ -53.815731, -30.743754 ], [ -53.820927, -30.748447 ], [ -53.807989, -30.762262 ], [ -53.802995, -30.764832 ], [ -53.805933, -30.767637 ], [ -53.804645, -30.787417 ], [ -53.791562, -30.792511 ], [ -53.784931, -30.799416 ], [ -53.767942, -30.797343 ], [ -53.767842, -30.788394 ], [ -53.760287, -30.775608 ], [ -53.750035, -30.776917 ], [ -53.746721, -30.772151 ], [ -53.736229, -30.77899 ], [ -53.736859, -30.784373 ], [ -53.721652, -30.786224 ], [ -53.712495, -30.797939 ], [ -53.7066, -30.800605 ], [ -53.700577, -30.815459 ], [ -53.683913, -30.812218 ], [ -53.690481, -30.825434 ], [ -53.687903, -30.824244 ], [ -53.671855, -30.841857 ], [ -53.666659, -30.842245 ], [ -53.657198, -30.838135 ], [ -53.651729, -30.840057 ], [ -53.651295, -30.861874 ], [ -53.659081, -30.865985 ], [ -53.659858, -30.870964 ], [ -53.65186, -30.872219 ], [ -53.615991, -30.862446 ], [ -53.609534, -30.863096 ], [ -53.604811, -30.854579 ], [ -53.60007, -30.857204 ], [ -53.601721, -30.871147 ], [ -53.598052, -30.881856 ], [ -53.597373, -30.882561 ], [ -53.609343, -30.897169 ], [ -53.587479, -30.896206 ], [ -53.594645, -30.899369 ], [ -53.588897, -30.907502 ], [ -53.597468, -30.909515 ], [ -53.600087, -30.919727 ], [ -53.585814, -30.923071 ], [ -53.573302, -30.907534 ], [ -53.562131, -30.921329 ], [ -53.565724, -30.929209 ], [ -53.563069, -30.931135 ], [ -53.551814, -30.925462 ], [ -53.542301, -30.926897 ], [ -53.545886, -30.933004 ], [ -53.559729, -30.935571 ], [ -53.558236, -30.940905 ], [ -53.538833, -30.937138 ], [ -53.531216, -30.942591 ], [ -53.532865, -30.946209 ], [ -53.545609, -30.948018 ], [ -53.541686, -30.953181 ], [ -53.526752, -30.952913 ], [ -53.52785, -30.944781 ], [ -53.518086, -30.933706 ], [ -53.511705, -30.94372 ], [ -53.506273, -30.938551 ], [ -53.50164, -30.939391 ], [ -53.503087, -30.94965 ], [ -53.496164, -30.960974 ], [ -53.482883, -30.956384 ], [ -53.481698, -30.958773 ], [ -53.481655, -30.958842 ], [ -53.481509, -30.966852 ], [ -53.474483, -30.966154 ], [ -53.469794, -30.955117 ], [ -53.475935, -30.949424 ], [ -53.460427, -30.944063 ], [ -53.455718, -30.946462 ], [ -53.46328, -30.955677 ], [ -53.45541, -30.9571 ], [ -53.454125, -30.966148 ], [ -53.450531, -30.967735 ], [ -53.442604, -30.963677 ], [ -53.433407, -30.958982 ], [ -53.429228, -30.96662 ], [ -53.433258, -30.969536 ], [ -53.432303, -30.97578 ], [ -53.435802, -30.976788 ], [ -53.447236, -30.97156 ], [ -53.44942, -30.981296 ], [ -53.440836, -30.979489 ], [ -53.445364, -30.987482 ], [ -53.436429, -30.984844 ], [ -53.437534, -30.991584 ], [ -53.446743, -30.991252 ], [ -53.450107, -30.995248 ], [ -53.458189, -30.993874 ], [ -53.450172, -31.004986 ], [ -53.456931, -31.00567 ], [ -53.46294, -31.01258 ], [ -53.455112, -31.015788 ], [ -53.450951, -31.011698 ], [ -53.446031, -31.015677 ], [ -53.458314, -31.021725 ], [ -53.467038, -31.017529 ], [ -53.468758, -31.019799 ], [ -53.460198, -31.027128 ], [ -53.471369, -31.025034 ], [ -53.472967, -31.032242 ], [ -53.475137, -31.026986 ], [ -53.481197, -31.026331 ], [ -53.475999, -31.032758 ], [ -53.490306, -31.037004 ], [ -53.483102, -31.038033 ], [ -53.485944, -31.046907 ], [ -53.480001, -31.044183 ], [ -53.473818, -31.054976 ], [ -53.477768, -31.059643 ], [ -53.48636, -31.056593 ], [ -53.487778, -31.058927 ], [ -53.478703, -31.068365 ], [ -53.486321, -31.069843 ], [ -53.489013, -31.076732 ], [ -53.474025, -31.084889 ], [ -53.478074, -31.09098 ], [ -53.486029, -31.083578 ], [ -53.485921, -31.096553 ], [ -53.481565, -31.101286 ], [ -53.495409, -31.103606 ], [ -53.492434, -31.111495 ], [ -53.485081, -31.11169 ], [ -53.479949, -31.11315 ], [ -53.484879, -31.118432 ], [ -53.480329, -31.120756 ], [ -53.482721, -31.126246 ], [ -53.492061, -31.132949 ], [ -53.498476, -31.131699 ], [ -53.488337, -31.153324 ], [ -53.50295, -31.156474 ], [ -53.50153, -31.164389 ], [ -53.507785, -31.165485 ], [ -53.509977, -31.168684 ], [ -53.514651, -31.165183 ], [ -53.515429, -31.171655 ], [ -53.521103, -31.176065 ], [ -53.516628, -31.178706 ], [ -53.505311, -31.172502 ], [ -53.503479, -31.17449 ], [ -53.505665, -31.182092 ], [ -53.514673, -31.190989 ], [ -53.516756, -31.202963 ], [ -53.527054, -31.207923 ], [ -53.523982, -31.214884 ], [ -53.519493, -31.215567 ], [ -53.525641, -31.224797 ], [ -53.528784, -31.247836 ], [ -53.536224, -31.250448 ], [ -53.53576, -31.238777 ], [ -53.544185, -31.24194 ], [ -53.549694, -31.239572 ], [ -53.551789, -31.237008 ], [ -53.548042, -31.228993 ], [ -53.550908, -31.229247 ], [ -53.554236, -31.236339 ], [ -53.562674, -31.241027 ], [ -53.557864, -31.243288 ], [ -53.558849, -31.247098 ], [ -53.567212, -31.257992 ], [ -53.567049, -31.264277 ], [ -53.573067, -31.26725 ], [ -53.569695, -31.273074 ], [ -53.584269, -31.271406 ], [ -53.581376, -31.278288 ], [ -53.590338, -31.280678 ], [ -53.589505, -31.283598 ], [ -53.595887, -31.27864 ], [ -53.605057, -31.284329 ], [ -53.602575, -31.286998 ], [ -53.606697, -31.2985 ], [ -53.601767, -31.300884 ], [ -53.601843, -31.30595 ], [ -53.605947, -31.311125 ], [ -53.611581, -31.309819 ], [ -53.623178, -31.316031 ], [ -53.617986, -31.329983 ], [ -53.624683, -31.332987 ], [ -53.629639, -31.330808 ], [ -53.635564, -31.328864 ], [ -53.65025, -31.337635 ], [ -53.640237, -31.3432 ] ], [ [ -53.782966, -30.890331 ], [ -53.781143, -30.893377 ], [ -53.782965, -30.890331 ], [ -53.782966, -30.890331 ] ] ] } },
{ "type": "Feature", "properties": { "HREG_ID": "43023", "HREG_NAME": "Região 23", "id": "430440", "name": "Canela", "description": "Canela", "MUN_ID": "430440", "UF": "RS", "MACRO_ID": "4310", "MACRO_NAME": "Serra" }, "geometry": { "type": "Polygon", "coordinates": [ [ [ -51.221857, -29.482267 ], [ -51.22554, -29.500682 ], [ -51.241403, -29.498379 ], [ -51.250326, -29.496506 ], [ -51.253461, -29.501451 ], [ -51.264634, -29.503924 ], [ -51.269607, -29.499255 ], [ -51.272058, -29.488089 ], [ -51.267161, -29.477158 ], [ -51.257598, -29.468916 ], [ -51.251511, -29.461377 ], [ -51.248021, -29.44509 ], [ -51.233954, -29.448083 ], [ -51.232548, -29.44163 ], [ -51.232603, -29.441555 ], [ -51.237455, -29.43492 ], [ -51.248331, -29.43308 ], [ -51.234868, -29.422244 ], [ -51.206999, -29.417333 ], [ -51.196167, -29.408895 ], [ -51.206319, -29.407249 ], [ -51.224019, -29.394628 ], [ -51.225779, -29.389385 ], [ -51.220697, -29.384188 ], [ -51.221214, -29.382915 ], [ -51.223205, -29.378013 ], [ -51.223065, -29.374415 ], [ -51.219398, -29.374385 ], [ -51.218172, -29.374607 ], [ -51.208153, -29.373231 ], [ -51.210953, -29.360974 ], [ -51.211783, -29.358075 ], [ -51.215927, -29.355797 ], [ -51.218241, -29.355119 ], [ -51.219284, -29.352208 ], [ -51.227034, -29.343657 ], [ -51.236953, -29.341152 ], [ -51.216009, -29.336156 ], [ -51.221107, -29.331826 ], [ -51.26223, -29.294642 ], [ -51.266187, -29.294594 ], [ -51.265231, -29.245395 ], [ -51.282844, -29.244956 ], [ -51.287582, -29.244838 ], [ -51.287834, -29.225333 ], [ -51.28793, -29.217923 ], [ -51.287945, -29.216765 ], [ -51.288025, -29.210537 ], [ -51.28998, -29.193444 ], [ -51.293372, -29.193438 ], [ -51.294183, -29.153546 ], [ -51.2923, -29.112985 ], [ -51.280601, -29.112744 ], [ -51.281199, -29.108709 ], [ -51.28705, -29.109296 ], [ -51.287092, -29.101398 ], [ -51.306467, -29.089949 ], [ -51.289987, -29.087518 ], [ -51.23877, -29.08668 ], [ -51.235151, -29.08662 ], [ -51.217505, -29.08703 ], [ -51.19128, -29.086781 ], [ -51.189936, -29.086821 ], [ -51.189567, -29.08677 ], [ -51.161177, -29.086598 ], [ -51.154139, -29.086553 ], [ -51.147895, -29.086514 ], [ -51.144691, -29.086494 ], [ -51.144737, -29.079883 ], [ -51.11132, -29.079356 ], [ -51.110104, -29.078375 ], [ -51.112595, -29.032319 ], [ -51.106275, -29.033176 ], [ -51.10989, -29.041274 ], [ -51.101043, -29.039489 ], [ -51.09688, -29.034879 ], [ -51.091799, -29.036273 ], [ -51.090742, -29.036051 ], [ -51.082489, -29.037206 ], [ -51.071525, -29.032198 ], [ -51.061404, -29.035119 ], [ -51.061613, -29.038372 ], [ -51.055517, -29.034862 ], [ -51.055881, -29.030452 ], [ -51.046692, -29.032512 ], [ -51.044355, -29.029183 ], [ -51.037227, -29.033979 ], [ -51.031712, -29.030728 ], [ -51.035648, -29.025491 ], [ -51.028885, -29.027448 ], [ -51.015226, -29.024519 ], [ -51.011553, -29.016699 ], [ -51.00649, -29.026028 ], [ -50.999378, -29.019872 ], [ -50.9927, -29.023379 ], [ -50.985245, -29.024887 ], [ -50.980375, -29.01743 ], [ -50.969266, -29.011173 ], [ -50.966793, -29.014811 ], [ -50.961497, -29.012007 ], [ -50.943119, -29.018043 ], [ -50.936548, -29.023241 ], [ -50.918056, -29.024884 ], [ -50.924075, -29.015453 ], [ -50.921306, -29.003103 ], [ -50.936771, -28.99872 ], [ -50.938867, -28.990922 ], [ -50.943435, -28.980973 ], [ -50.951081, -28.97848 ], [ -50.956967, -28.96049 ], [ -50.968324, -28.955245 ], [ -50.978262, -28.945407 ], [ -50.985565, -28.94589 ], [ -50.991562, -28.94209 ], [ -51.005217, -28.936726 ], [ -51.002868, -28.933368 ], [ -51.014242, -28.934788 ], [ -51.016187, -28.930984 ], [ -51.031018, -28.927289 ], [ -51.029903, -28.923448 ], [ -51.033638, -28.924753 ], [ -51.035996, -28.921029 ], [ -51.040849, -28.922808 ], [ -51.054882, -28.917338 ], [ -51.059731, -28.912295 ], [ -51.058866, -28.907433 ], [ -51.063186, -28.905367 ], [ -51.061712, -28.902896 ], [ -51.070369, -28.894661 ], [ -51.073336, -28.886513 ], [ -51.090738, -28.878801 ], [ -51.094565, -28.880804 ], [ -51.115127, -28.877388 ], [ -51.121221, -28.881124 ], [ -51.122411, -28.877189 ], [ -51.126344, -28.877057 ], [ -51.108143, -28.867974 ], [ -51.114059, -28.853929 ], [ -51.096379, -28.840956 ], [ -51.089664, -28.84125 ], [ -51.085204, -28.85268 ], [ -51.071744, -28.86212 ], [ -51.057967, -28.864502 ], [ -51.047728, -28.861804 ], [ -51.04638, -28.85805 ], [ -51.046444, -28.843158 ], [ -51.042157, -28.83525 ], [ -51.032501, -28.832406 ], [ -51.018466, -28.841329 ], [ -51.015265, -28.839618 ], [ -51.010678, -28.831583 ], [ -51.000533, -28.820662 ], [ -50.993198, -28.815629 ], [ -50.975886, -28.814049 ], [ -50.961555, -28.794828 ], [ -50.931009, -28.807036 ], [ -50.91368, -28.801274 ], [ -50.90664, -28.804163 ], [ -50.890161, -28.805824 ], [ -50.886376, -28.809655 ], [ -50.883412, -28.840491 ], [ -50.848728, -28.832265 ], [ -50.840391, -28.829928 ], [ -50.83752, -28.835818 ], [ -50.819145, -28.837021 ], [ -50.819628, -28.849234 ], [ -50.827144, -28.856073 ], [ -50.820783, -28.866837 ], [ -50.804359, -28.867965 ], [ -50.794051, -28.874185 ], [ -50.800461, -28.878916 ], [ -50.798781, -28.886173 ], [ -50.810481, -28.884659 ], [ -50.819765, -28.893092 ], [ -50.814678, -28.89937 ], [ -50.809863, -28.894865 ], [ -50.805649, -28.895905 ], [ -50.811886, -28.903702 ], [ -50.805314, -28.908668 ], [ -50.809538, -28.915131 ], [ -50.810409, -28.929532 ], [ -50.793126, -28.934632 ], [ -50.786984, -28.940713 ], [ -50.79205, -28.945491 ], [ -50.798882, -28.944666 ], [ -50.802218, -28.95267 ], [ -50.815689, -28.951991 ], [ -50.815956, -28.956841 ], [ -50.810301, -28.958837 ], [ -50.818149, -28.966634 ], [ -50.813245, -28.969249 ], [ -50.799878, -28.963692 ], [ -50.79339, -28.967866 ], [ -50.791827, -28.979 ], [ -50.783648, -28.978619 ], [ -50.782623, -28.996644 ], [ -50.786127, -29.009168 ], [ -50.789501, -29.012255 ], [ -50.794409, -29.009696 ], [ -50.793164, -29.016268 ], [ -50.798725, -29.024884 ], [ -50.805759, -29.024436 ], [ -50.809436, -29.031187 ], [ -50.814626, -29.027973 ], [ -50.81335, -29.033992 ], [ -50.816455, -29.033499 ], [ -50.819531, -29.03946 ], [ -50.844939, -29.042181 ], [ -50.868463, -29.048197 ], [ -50.877963, -29.064462 ], [ -50.875675, -29.07131 ], [ -50.901129, -29.07243 ], [ -50.909309, -29.076073 ], [ -50.932245, -29.07384 ], [ -50.936838, -29.069617 ], [ -50.944017, -29.071373 ], [ -50.93871, -29.080748 ], [ -50.921285, -29.0787 ], [ -50.908455, -29.083051 ], [ -50.901606, -29.094661 ], [ -50.907743, -29.105711 ], [ -50.913935, -29.11919 ], [ -50.904428, -29.116495 ], [ -50.897505, -29.11907 ], [ -50.894032, -29.11577 ], [ -50.879806, -29.119484 ], [ -50.874803, -29.116443 ], [ -50.86486, -29.123263 ], [ -50.853993, -29.119428 ], [ -50.84742, -29.121469 ], [ -50.84624, -29.1267 ], [ -50.838495, -29.130603 ], [ -50.84063, -29.152448 ], [ -50.844277, -29.158708 ], [ -50.839068, -29.165428 ], [ -50.842356, -29.168503 ], [ -50.833712, -29.178151 ], [ -50.835281, -29.185723 ], [ -50.840389, -29.190158 ], [ -50.83826, -29.194193 ], [ -50.843789, -29.198455 ], [ -50.847758, -29.209473 ], [ -50.853613, -29.21338 ], [ -50.853523, -29.225459 ], [ -50.858032, -29.22442 ], [ -50.855245, -29.233898 ], [ -50.86058, -29.237863 ], [ -50.859197, -29.248236 ], [ -50.854091, -29.252528 ], [ -50.854379, -29.261829 ], [ -50.847949, -29.266646 ], [ -50.843491, -29.266175 ], [ -50.840929, -29.25823 ], [ -50.826813, -29.25812 ], [ -50.825593, -29.265587 ], [ -50.815401, -29.25769 ], [ -50.801656, -29.267264 ], [ -50.797936, -29.276154 ], [ -50.786152, -29.277951 ], [ -50.776603, -29.274944 ], [ -50.760992, -29.276822 ], [ -50.756461, -29.289655 ], [ -50.762414, -29.302684 ], [ -50.760672, -29.308818 ], [ -50.756845, -29.315055 ], [ -50.744966, -29.320043 ], [ -50.743468, -29.326878 ], [ -50.723146, -29.32782 ], [ -50.71094, -29.33387 ], [ -50.696048, -29.329625 ], [ -50.698264, -29.325501 ], [ -50.691661, -29.322426 ], [ -50.672653, -29.339264 ], [ -50.681498, -29.364744 ], [ -50.66465, -29.374478 ], [ -50.649651, -29.372687 ], [ -50.644513, -29.377858 ], [ -50.64673, -29.389021 ], [ -50.642497, -29.392835 ], [ -50.643937, -29.412215 ], [ -50.656745, -29.421834 ], [ -50.662261, -29.417933 ], [ -50.670815, -29.419592 ], [ -50.673492, -29.415814 ], [ -50.67889, -29.416055 ], [ -50.685815, -29.40443 ], [ -50.691184, -29.402089 ], [ -50.721285, -29.403586 ], [ -50.724658, -29.407655 ], [ -50.733262, -29.409288 ], [ -50.734536, -29.414262 ], [ -50.7389, -29.413941 ], [ -50.761944, -29.413571 ], [ -50.764765, -29.413282 ], [ -50.7714, -29.414262 ], [ -50.768064, -29.417801 ], [ -50.768828, -29.426 ], [ -50.772, -29.426393 ], [ -50.767495, -29.433103 ], [ -50.770268, -29.440729 ], [ -50.778255, -29.441585 ], [ -50.805396, -29.434405 ], [ -50.808724, -29.434917 ], [ -50.8006, -29.448909 ], [ -50.829843, -29.4718 ], [ -50.832863, -29.474164 ], [ -50.835231, -29.474891 ], [ -50.847775, -29.473759 ], [ -50.85766, -29.477523 ], [ -50.867861, -29.476092 ], [ -50.890291, -29.495553 ], [ -50.909789, -29.501149 ], [ -50.909505, -29.47591 ], [ -50.909455, -29.471404 ], [ -50.909676, -29.449916 ], [ -50.914644, -29.444097 ], [ -50.915404, -29.441699 ], [ -50.924283, -29.438333 ], [ -50.932122, -29.433104 ], [ -50.939036, -29.424398 ], [ -50.956063, -29.425286 ], [ -50.980811, -29.389904 ], [ -50.991868, -29.386927 ], [ -50.992659, -29.401583 ], [ -50.99792, -29.408666 ], [ -51.002345, -29.415354 ], [ -51.005025, -29.424248 ], [ -51.011827, -29.426415 ], [ -51.020009, -29.43669 ], [ -51.014137, -29.445292 ], [ -51.007894, -29.446635 ], [ -51.011782, -29.476168 ], [ -51.012112, -29.478672 ], [ -51.03066, -29.474676 ], [ -51.062618, -29.467783 ], [ -51.065636, -29.467132 ], [ -51.067736, -29.466679 ], [ -51.077037, -29.464671 ], [ -51.078289, -29.479551 ], [ -51.09216, -29.477978 ], [ -51.105664, -29.476447 ], [ -51.108575, -29.488248 ], [ -51.111293, -29.505944 ], [ -51.111954, -29.510246 ], [ -51.130319, -29.507595 ], [ -51.145918, -29.505342 ], [ -51.143864, -29.497035 ], [ -51.163699, -29.498434 ], [ -51.172044, -29.493029 ], [ -51.177485, -29.49356 ], [ -51.177844, -29.493444 ], [ -51.221857, -29.482267 ] ] ] } },
{ "type": "Feature", "properties": { "HREG_ID": "43024", "HREG_NAME": "Região 24", "id": "430230", "name": "Bom Jesus", "description": "Bom Jesus", "MUN_ID": "430230", "UF": "RS", "MACRO_ID": "4310", "MACRO_NAME": "Serra" }, "geometry": { "type": "Polygon", "coordinates": [ [ [ -50.060127, -28.475187 ], [ -50.035853, -28.477383 ], [ -50.025111, -28.4708 ], [ -50.019136, -28.451105 ], [ -50.015889, -28.44969 ], [ -50.012415, -28.450348 ], [ -50.002245, -28.456854 ], [ -49.987134, -28.455455 ], [ -49.988009, -28.444381 ], [ -49.971061, -28.438688 ], [ -49.966366, -28.455024 ], [ -49.958381, -28.449222 ], [ -49.951838, -28.449963 ], [ -49.950736, -28.465974 ], [ -49.943725, -28.48197 ], [ -49.928081, -28.470342 ], [ -49.930254, -28.463142 ], [ -49.937503, -28.457986 ], [ -49.928246, -28.450664 ], [ -49.914342, -28.45907 ], [ -49.899917, -28.463548 ], [ -49.88815, -28.457599 ], [ -49.897162, -28.444516 ], [ -49.892591, -28.439585 ], [ -49.887487, -28.441448 ], [ -49.882576, -28.446926 ], [ -49.870819, -28.440611 ], [ -49.859478, -28.44163 ], [ -49.854339, -28.443511 ], [ -49.858451, -28.448579 ], [ -49.872209, -28.450308 ], [ -49.876916, -28.454184 ], [ -49.863185, -28.462411 ], [ -49.863385, -28.473241 ], [ -49.868862, -28.480216 ], [ -49.865861, -28.487217 ], [ -49.840907, -28.484388 ], [ -49.844951, -28.492819 ], [ -49.839325, -28.495757 ], [ -49.82542, -28.477747 ], [ -49.810543, -28.483354 ], [ -49.815539, -28.477929 ], [ -49.816474, -28.468633 ], [ -49.810084, -28.46738 ], [ -49.802327, -28.483431 ], [ -49.790832, -28.494747 ], [ -49.782915, -28.495773 ], [ -49.780559, -28.494104 ], [ -49.785523, -28.487713 ], [ -49.777946, -28.475379 ], [ -49.781334, -28.471693 ], [ -49.772571, -28.466853 ], [ -49.768188, -28.459079 ], [ -49.764227, -28.459566 ], [ -49.764991, -28.482369 ], [ -49.770534, -28.492488 ], [ -49.762215, -28.501712 ], [ -49.744862, -28.493434 ], [ -49.739316, -28.499558 ], [ -49.743566, -28.506452 ], [ -49.736697, -28.510123 ], [ -49.736142, -28.511605 ], [ -49.728721, -28.514186 ], [ -49.726605, -28.518784 ], [ -49.746274, -28.535762 ], [ -49.7485, -28.54516 ], [ -49.729988, -28.551558 ], [ -49.724984, -28.569476 ], [ -49.719457, -28.576476 ], [ -49.711003, -28.572891 ], [ -49.707689, -28.582644 ], [ -49.712208, -28.593724 ], [ -49.709381, -28.604214 ], [ -49.698446, -28.606207 ], [ -49.691143, -28.618465 ], [ -49.6931, -28.624528 ], [ -49.702565, -28.628495 ], [ -49.70419, -28.629055 ], [ -49.706907, -28.63027 ], [ -49.705718, -28.627392 ], [ -49.7151, -28.623596 ], [ -49.727775, -28.622927 ], [ -49.754179, -28.628474 ], [ -49.757731, -28.615064 ], [ -49.771602, -28.627534 ], [ -49.780416, -28.629792 ], [ -49.784575, -28.622221 ], [ -49.782051, -28.610912 ], [ -49.788101, -28.612771 ], [ -49.793943, -28.61537 ], [ -49.802206, -28.628792 ], [ -49.807642, -28.629496 ], [ -49.808702, -28.635319 ], [ -49.816837, -28.640167 ], [ -49.814216, -28.649159 ], [ -49.817937, -28.653612 ], [ -49.808764, -28.653733 ], [ -49.812271, -28.658041 ], [ -49.822114, -28.66152 ], [ -49.829081, -28.668563 ], [ -49.837066, -28.666693 ], [ -49.839458, -28.676831 ], [ -49.834906, -28.678807 ], [ -49.835695, -28.684862 ], [ -49.833456, -28.687883 ], [ -49.822695, -28.687754 ], [ -49.820268, -28.693434 ], [ -49.831627, -28.694457 ], [ -49.83866, -28.701761 ], [ -49.840535, -28.707282 ], [ -49.835707, -28.708128 ], [ -49.839062, -28.714473 ], [ -49.83957, -28.714406 ], [ -49.842821, -28.713165 ], [ -49.84592, -28.704979 ], [ -49.862786, -28.702581 ], [ -49.859969, -28.699569 ], [ -49.87117, -28.703853 ], [ -49.868274, -28.70362 ], [ -49.866582, -28.709514 ], [ -49.870032, -28.713997 ], [ -49.865832, -28.715001 ], [ -49.870216, -28.720739 ], [ -49.865708, -28.720663 ], [ -49.879679, -28.73581 ], [ -49.875171, -28.744402 ], [ -49.888125, -28.746204 ], [ -49.886884, -28.740146 ], [ -49.891354, -28.739142 ], [ -49.88452, -28.729454 ], [ -49.88125, -28.720961 ], [ -49.884794, -28.718078 ], [ -49.893883, -28.724267 ], [ -49.90423, -28.719839 ], [ -49.914152, -28.724433 ], [ -49.908453, -28.715163 ], [ -49.904739, -28.706814 ], [ -49.913506, -28.715315 ], [ -49.924953, -28.718496 ], [ -49.934894, -28.727628 ], [ -49.930533, -28.740074 ], [ -49.92151, -28.745667 ], [ -49.927897, -28.751228 ], [ -49.927537, -28.755651 ], [ -49.936428, -28.758572 ], [ -49.949622, -28.754745 ], [ -49.945642, -28.765432 ], [ -49.947378, -28.769973 ], [ -49.951094, -28.767993 ], [ -49.956287, -28.770816 ], [ -49.953826, -28.776215 ], [ -49.958526, -28.778826 ], [ -49.952397, -28.783609 ], [ -49.956191, -28.790987 ], [ -49.952845, -28.797156 ], [ -49.94714, -28.797889 ], [ -49.946439, -28.805742 ], [ -49.962317, -28.801147 ], [ -49.962192, -28.809428 ], [ -49.968611, -28.822695 ], [ -49.969485, -28.828589 ], [ -49.960792, -28.832219 ], [ -49.963776, -28.858823 ], [ -49.971637, -28.88026 ], [ -49.96853, -28.880621 ], [ -49.954686, -28.874777 ], [ -49.958394, -28.882741 ], [ -49.958766, -28.895335 ], [ -49.973981, -28.901504 ], [ -49.977962, -28.897348 ], [ -49.988223, -28.896679 ], [ -49.990966, -28.891875 ], [ -49.995505, -28.89333 ], [ -49.999395, -28.887624 ], [ -50.007952, -28.888919 ], [ -50.014076, -28.868484 ], [ -50.020176, -28.869395 ], [ -50.022234, -28.861862 ], [ -50.029156, -28.857518 ], [ -50.036215, -28.859245 ], [ -50.036152, -28.853913 ], [ -50.043641, -28.848529 ], [ -50.037883, -28.844542 ], [ -50.051224, -28.84575 ], [ -50.059406, -28.838182 ], [ -50.065202, -28.840033 ], [ -50.070484, -28.837317 ], [ -50.073078, -28.841973 ], [ -50.087301, -28.847638 ], [ -50.085842, -28.831508 ], [ -50.093659, -28.832195 ], [ -50.097599, -28.827658 ], [ -50.105384, -28.829362 ], [ -50.112183, -28.82338 ], [ -50.127621, -28.820055 ], [ -50.137155, -28.825527 ], [ -50.136938, -28.832906 ], [ -50.139933, -28.833173 ], [ -50.13994, -28.826779 ], [ -50.157086, -28.819993 ], [ -50.160736, -28.822113 ], [ -50.158156, -28.826547 ], [ -50.161616, -28.830825 ], [ -50.157496, -28.835595 ], [ -50.163757, -28.839388 ], [ -50.167799, -28.833079 ], [ -50.173922, -28.831016 ], [ -50.179719, -28.833556 ], [ -50.180745, -28.823508 ], [ -50.191104, -28.823785 ], [ -50.196592, -28.826453 ], [ -50.198152, -28.831567 ], [ -50.193158, -28.839419 ], [ -50.184219, -28.846067 ], [ -50.178178, -28.868641 ], [ -50.181852, -28.884369 ], [ -50.17208, -28.890501 ], [ -50.16746, -28.883717 ], [ -50.159398, -28.893201 ], [ -50.158919, -28.905919 ], [ -50.179382, -28.918085 ], [ -50.188624, -28.929567 ], [ -50.207484, -28.92845 ], [ -50.208688, -28.923888 ], [ -50.21654, -28.918978 ], [ -50.227797, -28.934346 ], [ -50.24456, -28.933344 ], [ -50.253426, -28.928373 ], [ -50.265514, -28.939106 ], [ -50.253539, -28.942009 ], [ -50.245134, -28.960085 ], [ -50.254613, -28.97566 ], [ -50.250899, -28.989064 ], [ -50.254813, -28.994215 ], [ -50.260621, -28.990731 ], [ -50.266574, -28.992699 ], [ -50.268774, -29.003138 ], [ -50.273, -29.006646 ], [ -50.268914, -29.008308 ], [ -50.269669, -29.014779 ], [ -50.248377, -29.023791 ], [ -50.236773, -29.020702 ], [ -50.240888, -29.008729 ], [ -50.233393, -29.009701 ], [ -50.226373, -29.033827 ], [ -50.226873, -29.046455 ], [ -50.210316, -29.050141 ], [ -50.209612, -29.054575 ], [ -50.213141, -29.055868 ], [ -50.214503, -29.058313 ], [ -50.209451, -29.06105 ], [ -50.20156, -29.056487 ], [ -50.196987, -29.060156 ], [ -50.188007, -29.060186 ], [ -50.183658, -29.069951 ], [ -50.19288, -29.073366 ], [ -50.195303, -29.086794 ], [ -50.192444, -29.090306 ], [ -50.201905, -29.103558 ], [ -50.21891, -29.096151 ], [ -50.221849, -29.099323 ], [ -50.240082, -29.102126 ], [ -50.250708, -29.119973 ], [ -50.24527, -29.124916 ], [ -50.246848, -29.131778 ], [ -50.259086, -29.13423 ], [ -50.262619, -29.139864 ], [ -50.299703, -29.117941 ], [ -50.308732, -29.121604 ], [ -50.308639, -29.117242 ], [ -50.321533, -29.114965 ], [ -50.326248, -29.119052 ], [ -50.336098, -29.109268 ], [ -50.339833, -29.113587 ], [ -50.34517, -29.112763 ], [ -50.348651, -29.118591 ], [ -50.357625, -29.116275 ], [ -50.367642, -29.110665 ], [ -50.366427, -29.103415 ], [ -50.406206, -29.119605 ], [ -50.411757, -29.118408 ], [ -50.426046, -29.132245 ], [ -50.44399, -29.128577 ], [ -50.445439, -29.113629 ], [ -50.437833, -29.09761 ], [ -50.438762, -29.08751 ], [ -50.431251, -29.074751 ], [ -50.443131, -29.047202 ], [ -50.451922, -29.044375 ], [ -50.45562, -29.036899 ], [ -50.459759, -29.013812 ], [ -50.45695, -29.004183 ], [ -50.463518, -28.994514 ], [ -50.457864, -28.99285 ], [ -50.464369, -28.972143 ], [ -50.462681, -28.96002 ], [ -50.468397, -28.956831 ], [ -50.468739, -28.948323 ], [ -50.475077, -28.936897 ], [ -50.485784, -28.931883 ], [ -50.487042, -28.926037 ], [ -50.496004, -28.92763 ], [ -50.506233, -28.920602 ], [ -50.507044, -28.913697 ], [ -50.515532, -28.909093 ], [ -50.512098, -28.905112 ], [ -50.517509, -28.901389 ], [ -50.514918, -28.897457 ], [ -50.529164, -28.889339 ], [ -50.534984, -28.886939 ], [ -50.546484, -28.893755 ], [ -50.5546, -28.891241 ], [ -50.552242, -28.882297 ], [ -50.561355, -28.887048 ], [ -50.556528, -28.876313 ], [ -50.560053, -28.872158 ], [ -50.552567, -28.87153 ], [ -50.549424, -28.864412 ], [ -50.564682, -28.864398 ], [ -50.572062, -28.863194 ], [ -50.565652, -28.858471 ], [ -50.563261, -28.850819 ], [ -50.577686, -28.855766 ], [ -50.583679, -28.853577 ], [ -50.582846, -28.850378 ], [ -50.578321, -28.843267 ], [ -50.606007, -28.830288 ], [ -50.599721, -28.822402 ], [ -50.604138, -28.809656 ], [ -50.616397, -28.804055 ], [ -50.61911, -28.81617 ], [ -50.628868, -28.817488 ], [ -50.64428, -28.811791 ], [ -50.66349, -28.814343 ], [ -50.663839, -28.810754 ], [ -50.653798, -28.802235 ], [ -50.654679, -28.798976 ], [ -50.66412, -28.797055 ], [ -50.689539, -28.801868 ], [ -50.705526, -28.794809 ], [ -50.724358, -28.802218 ], [ -50.72913, -28.799775 ], [ -50.729223, -28.794754 ], [ -50.716772, -28.784202 ], [ -50.724459, -28.781905 ], [ -50.731372, -28.783601 ], [ -50.738762, -28.798119 ], [ -50.745381, -28.792904 ], [ -50.74828, -28.776453 ], [ -50.757627, -28.771765 ], [ -50.762348, -28.775748 ], [ -50.7618, -28.781137 ], [ -50.763056, -28.787112 ], [ -50.792828, -28.796152 ], [ -50.797905, -28.799761 ], [ -50.787483, -28.810094 ], [ -50.787188, -28.81459 ], [ -50.804035, -28.817301 ], [ -50.815075, -28.825509 ], [ -50.823693, -28.821441 ], [ -50.82928, -28.82267 ], [ -50.841086, -28.813166 ], [ -50.847126, -28.814379 ], [ -50.850172, -28.818999 ], [ -50.848728, -28.832265 ], [ -50.883412, -28.840491 ], [ -50.886376, -28.809655 ], [ -50.890161, -28.805824 ], [ -50.90664, -28.804163 ], [ -50.91368, -28.801274 ], [ -50.931009, -28.807036 ], [ -50.961555, -28.794828 ], [ -50.975886, -28.814049 ], [ -50.993198, -28.815629 ], [ -51.000533, -28.820662 ], [ -51.010678, -28.831583 ], [ -51.015265, -28.839618 ], [ -51.018466, -28.841329 ], [ -51.032501, -28.832406 ], [ -51.042157, -28.83525 ], [ -51.046444, -28.843158 ], [ -51.04638, -28.85805 ], [ -51.047728, -28.861804 ], [ -51.057967, -28.864502 ], [ -51.071744, -28.86212 ], [ -51.085204, -28.85268 ], [ -51.089664, -28.84125 ], [ -51.096379, -28.840956 ], [ -51.114059, -28.853929 ], [ -51.108143, -28.867974 ], [ -51.126344, -28.877057 ], [ -51.143565, -28.883343 ], [ -51.147165, -28.877272 ], [ -51.150962, -28.872954 ], [ -51.159498, -28.873488 ], [ -51.176208, -28.858359 ], [ -51.173757, -28.855422 ], [ -51.158154, -28.853552 ], [ -51.16072, -28.849267 ], [ -51.157912, -28.84127 ], [ -51.170432, -28.841614 ], [ -51.163789, -28.833719 ], [ -51.170003, -28.828471 ], [ -51.174087, -28.817426 ], [ -51.183746, -28.816726 ], [ -51.183448, -28.811864 ], [ -51.192065, -28.809105 ], [ -51.209611, -28.809728 ], [ -51.217092, -28.801879 ], [ -51.210854, -28.797855 ], [ -51.197482, -28.801871 ], [ -51.196253, -28.79296 ], [ -51.190422, -28.794726 ], [ -51.190807, -28.78473 ], [ -51.186087, -28.781441 ], [ -51.189432, -28.771834 ], [ -51.183999, -28.768496 ], [ -51.185081, -28.763922 ], [ -51.189881, -28.766364 ], [ -51.193386, -28.753149 ], [ -51.197229, -28.750967 ], [ -51.198973, -28.728387 ], [ -51.205195, -28.725856 ], [ -51.203005, -28.721563 ], [ -51.206727, -28.71536 ], [ -51.201781, -28.71004 ], [ -51.204328, -28.706823 ], [ -51.189693, -28.697602 ], [ -51.184608, -28.701869 ], [ -51.157624, -28.7011 ], [ -51.143236, -28.673158 ], [ -51.145221, -28.653198 ], [ -51.150939, -28.647636 ], [ -51.156557, -28.650571 ], [ -51.163442, -28.645445 ], [ -51.161213, -28.642179 ], [ -51.167722, -28.63715 ], [ -51.164504, -28.634184 ], [ -51.166564, -28.629081 ], [ -51.195995, -28.627913 ], [ -51.194973, -28.62308 ], [ -51.207889, -28.620045 ], [ -51.212451, -28.623543 ], [ -51.217384, -28.608246 ], [ -51.237935, -28.600228 ], [ -51.240877, -28.60174 ], [ -51.244856, -28.596562 ], [ -51.258291, -28.595055 ], [ -51.260471, -28.591518 ], [ -51.255301, -28.588336 ], [ -51.253645, -28.57985 ], [ -51.259426, -28.577861 ], [ -51.260974, -28.581061 ], [ -51.264647, -28.580357 ], [ -51.267211, -28.577092 ], [ -51.27068, -28.582569 ], [ -51.266144, -28.589306 ], [ -51.268698, -28.592275 ], [ -51.272158, -28.592289 ], [ -51.271357, -28.589086 ], [ -51.279256, -28.581119 ], [ -51.287376, -28.586334 ], [ -51.292515, -28.586217 ], [ -51.294638, -28.582348 ], [ -51.303064, -28.582687 ], [ -51.305699, -28.58892 ], [ -51.302678, -28.592809 ], [ -51.311104, -28.593712 ], [ -51.316531, -28.5833 ], [ -51.324819, -28.582021 ], [ -51.33347, -28.582843 ], [ -51.335226, -28.588509 ], [ -51.324499, -28.591704 ], [ -51.320181, -28.597234 ], [ -51.334895, -28.595221 ], [ -51.346889, -28.58931 ], [ -51.346987, -28.599015 ], [ -51.34235, -28.601533 ], [ -51.340156, -28.609585 ], [ -51.347575, -28.610717 ], [ -51.353346, -28.619387 ], [ -51.359671, -28.608235 ], [ -51.363662, -28.623356 ], [ -51.367448, -28.623609 ], [ -51.370138, -28.619437 ], [ -51.372172, -28.621697 ], [ -51.368096, -28.632539 ], [ -51.375815, -28.635437 ], [ -51.384443, -28.636939 ], [ -51.379564, -28.644701 ], [ -51.382377, -28.650214 ], [ -51.389111, -28.643391 ], [ -51.400009, -28.643604 ], [ -51.398471, -28.63869 ], [ -51.396788, -28.636015 ], [ -51.402104, -28.634206 ], [ -51.401041, -28.61997 ], [ -51.392231, -28.619921 ], [ -51.389454, -28.613232 ], [ -51.403315, -28.614365 ], [ -51.396067, -28.606948 ], [ -51.402167, -28.602559 ], [ -51.397818, -28.592801 ], [ -51.403203, -28.585248 ], [ -51.392795, -28.574009 ], [ -51.406395, -28.572572 ], [ -51.404389, -28.567717 ], [ -51.393311, -28.565023 ], [ -51.397821, -28.560739 ], [ -51.406721, -28.561988 ], [ -51.400402, -28.553022 ], [ -51.402851, -28.549036 ], [ -51.399709, -28.5433 ], [ -51.392306, -28.541768 ], [ -51.395618, -28.539288 ], [ -51.388971, -28.537866 ], [ -51.392404, -28.529732 ], [ -51.385395, -28.529533 ], [ -51.381514, -28.534156 ], [ -51.378016, -28.529687 ], [ -51.374874, -28.532094 ], [ -51.370182, -28.529992 ], [ -51.376938, -28.51797 ], [ -51.372142, -28.516258 ], [ -51.372401, -28.512437 ], [ -51.356329, -28.516276 ], [ -51.354146, -28.51415 ], [ -51.353379, -28.507394 ], [ -51.368801, -28.502524 ], [ -51.367265, -28.495969 ], [ -51.376076, -28.491397 ], [ -51.375558, -28.485289 ], [ -51.367797, -28.481731 ], [ -51.373719, -28.474805 ], [ -51.379087, -28.475672 ], [ -51.380187, -28.470294 ], [ -51.361827, -28.47552 ], [ -51.359453, -28.472777 ], [ -51.359502, -28.472577 ], [ -51.360438, -28.468714 ], [ -51.37111, -28.463573 ], [ -51.365424, -28.460075 ], [ -51.366627, -28.455278 ], [ -51.360564, -28.457709 ], [ -51.353881, -28.453545 ], [ -51.355754, -28.449445 ], [ -51.3458, -28.445991 ], [ -51.355827, -28.440403 ], [ -51.346248, -28.437598 ], [ -51.356334, -28.430943 ], [ -51.360256, -28.420723 ], [ -51.350243, -28.41754 ], [ -51.333903, -28.418047 ], [ -51.332858, -28.407661 ], [ -51.342412, -28.410069 ], [ -51.356702, -28.405468 ], [ -51.358554, -28.401685 ], [ -51.341373, -28.403843 ], [ -51.347981, -28.397482 ], [ -51.347876, -28.390807 ], [ -51.341014, -28.391511 ], [ -51.337324, -28.385786 ], [ -51.348123, -28.370794 ], [ -51.340344, -28.373342 ], [ -51.334293, -28.370476 ], [ -51.342474, -28.365028 ], [ -51.341737, -28.36089 ], [ -51.336754, -28.363097 ], [ -51.33661, -28.356403 ], [ -51.324734, -28.351051 ], [ -51.322628, -28.346046 ], [ -51.331695, -28.340463 ], [ -51.334615, -28.341555 ], [ -51.334097, -28.34685 ], [ -51.343106, -28.343566 ], [ -51.339702, -28.33996 ], [ -51.342676, -28.337373 ], [ -51.328536, -28.337489 ], [ -51.325924, -28.334282 ], [ -51.333647, -28.329653 ], [ -51.336441, -28.323238 ], [ -51.356057, -28.31699 ], [ -51.36907, -28.305068 ], [ -51.379469, -28.303025 ], [ -51.387927, -28.296328 ], [ -51.388055, -28.28717 ], [ -51.397354, -28.274336 ], [ -51.388655, -28.263904 ], [ -51.387647, -28.242711 ], [ -51.383799, -28.24158 ], [ -51.382617, -28.24123 ], [ -51.353646, -28.232696 ], [ -51.333585, -28.23542 ], [ -51.326954, -28.230681 ], [ -51.326072, -28.219079 ], [ -51.314063, -28.212128 ], [ -51.301306, -28.202504 ], [ -51.294761, -28.190149 ], [ -51.28469, -28.188219 ], [ -51.273859, -28.179683 ], [ -51.253649, -28.177988 ], [ -51.255671, -28.168809 ], [ -51.248156, -28.154782 ], [ -51.243855, -28.15328 ], [ -51.251164, -28.137861 ], [ -51.260648, -28.133367 ], [ -51.258422, -28.129654 ], [ -51.261825, -28.121784 ], [ -51.255609, -28.118845 ], [ -51.262703, -28.113347 ], [ -51.255262, -28.102166 ], [ -51.2592, -28.099816 ], [ -51.253409, -28.092314 ], [ -51.256906, -28.088966 ], [ -51.254557, -28.084551 ], [ -51.265771, -28.074498 ], [ -51.270949, -28.077036 ], [ -51.276475, -28.063892 ], [ -51.285494, -28.060917 ], [ -51.287578, -28.063942 ], [ -51.295116, -28.058516 ], [ -51.301001, -28.060255 ], [ -51.303802, -28.066761 ], [ -51.308455, -28.058851 ], [ -51.312819, -28.05844 ], [ -51.332798, -28.038777 ], [ -51.341668, -28.038774 ], [ -51.342861, -28.020284 ], [ -51.335841, -28.015539 ], [ -51.342291, -28.0108 ], [ -51.343601, -27.999563 ], [ -51.349096, -28.000367 ], [ -51.347865, -27.99704 ], [ -51.334158, -27.981895 ], [ -51.34327, -27.977949 ], [ -51.354381, -27.985462 ], [ -51.359829, -27.978154 ], [ -51.339328, -27.968992 ], [ -51.338825, -27.961662 ], [ -51.338919, -27.961521 ], [ -51.335344, -27.946186 ], [ -51.338937, -27.942692 ], [ -51.329753, -27.93826 ], [ -51.33326, -27.935907 ], [ -51.332064, -27.930787 ], [ -51.36187, -27.925573 ], [ -51.361997, -27.916255 ], [ -51.369717, -27.913952 ], [ -51.365607, -27.910266 ], [ -51.37071, -27.904592 ], [ -51.365353, -27.894851 ], [ -51.370789, -27.887219 ], [ -51.36274, -27.884383 ], [ -51.359546, -27.879568 ], [ -51.36738, -27.87711 ], [ -51.377019, -27.879952 ], [ -51.371887, -27.867867 ], [ -51.366254, -27.86939 ], [ -51.365321, -27.862908 ], [ -51.358535, -27.862318 ], [ -51.356768, -27.860013 ], [ -51.361172, -27.857372 ], [ -51.36614, -27.859061 ], [ -51.368963, -27.85291 ], [ -51.376988, -27.84861 ], [ -51.382162, -27.845704 ], [ -51.370079, -27.841663 ], [ -51.370739, -27.834543 ], [ -51.377584, -27.826387 ], [ -51.373172, -27.819963 ], [ -51.366368, -27.817788 ], [ -51.361079, -27.797556 ], [ -51.351866, -27.807551 ], [ -51.348692, -27.806056 ], [ -51.355706, -27.795404 ], [ -51.349232, -27.786601 ], [ -51.344211, -27.793045 ], [ -51.331335, -27.788091 ], [ -51.333816, -27.781855 ], [ -51.330191, -27.77765 ], [ -51.336871, -27.767238 ], [ -51.328665, -27.761077 ], [ -51.334451, -27.752029 ], [ -51.311929, -27.752392 ], [ -51.316839, -27.75004 ], [ -51.317835, -27.740929 ], [ -51.31438, -27.73844 ], [ -51.306807, -27.753784 ], [ -51.301951, -27.754547 ], [ -51.297041, -27.75033 ], [ -51.303007, -27.73602 ], [ -51.312349, -27.736599 ], [ -51.303533, -27.728491 ], [ -51.308089, -27.720932 ], [ -51.3083, -27.71895 ], [ -51.293027, -27.724983 ], [ -51.27562, -27.723534 ], [ -51.272039, -27.730082 ], [ -51.272532, -27.73519 ], [ -51.273155, -27.749258 ], [ -51.247107, -27.758891 ], [ -51.242646, -27.77514 ], [ -51.234599, -27.778937 ], [ -51.227764, -27.77313 ], [ -51.221806, -27.769331 ], [ -51.208847, -27.776429 ], [ -51.18809, -27.777318 ], [ -51.170789, -27.791576 ], [ -51.170218, -27.79206 ], [ -51.15446, -27.803343 ], [ -51.133856, -27.804371 ], [ -51.132579, -27.80585 ], [ -51.13077, -27.82986 ], [ -51.124956, -27.832522 ], [ -51.1241, -27.832494 ], [ -51.103258, -27.827294 ], [ -51.087248, -27.831407 ], [ -51.077371, -27.840819 ], [ -51.079977, -27.858588 ], [ -51.072922, -27.864288 ], [ -51.058593, -27.865064 ], [ -51.051466, -27.8697 ], [ -51.054976, -27.886616 ], [ -51.057377, -27.899986 ], [ -51.049544, -27.907541 ], [ -51.018143, -27.923525 ], [ -51.015621, -27.927812 ], [ -51.020313, -27.944143 ], [ -51.018674, -27.955953 ], [ -51.006563, -27.964643 ], [ -51.000724, -27.962883 ], [ -50.992619, -27.944841 ], [ -50.985867, -27.941424 ], [ -50.979792, -27.945204 ], [ -50.979138, -27.947524 ], [ -50.977086, -27.952435 ], [ -50.944803, -27.968603 ], [ -50.928348, -27.968619 ], [ -50.924015, -27.980143 ], [ -50.928947, -27.990187 ], [ -50.920291, -28.00026 ], [ -50.922431, -28.011409 ], [ -50.903309, -28.016166 ], [ -50.893366, -28.019602 ], [ -50.876974, -28.037146 ], [ -50.874458, -28.0409 ], [ -50.874951, -28.054788 ], [ -50.881458, -28.067594 ], [ -50.899855, -28.077708 ], [ -50.903107, -28.086441 ], [ -50.898211, -28.089364 ], [ -50.881128, -28.090302 ], [ -50.875588, -28.094334 ], [ -50.868378, -28.109318 ], [ -50.874473, -28.131446 ], [ -50.867339, -28.138983 ], [ -50.859588, -28.139348 ], [ -50.83556, -28.118369 ], [ -50.827972, -28.118741 ], [ -50.818033, -28.140042 ], [ -50.78913, -28.138811 ], [ -50.784361, -28.14509 ], [ -50.791845, -28.160041 ], [ -50.782116, -28.175716 ], [ -50.788496, -28.189097 ], [ -50.788178, -28.197932 ], [ -50.777428, -28.199959 ], [ -50.766182, -28.187915 ], [ -50.761116, -28.191794 ], [ -50.759727, -28.204992 ], [ -50.758144, -28.209413 ], [ -50.751965, -28.232594 ], [ -50.753378, -28.242557 ], [ -50.748716, -28.248443 ], [ -50.741499, -28.24928 ], [ -50.711338, -28.265149 ], [ -50.697819, -28.2662 ], [ -50.69474, -28.270204 ], [ -50.694055, -28.288264 ], [ -50.680282, -28.297516 ], [ -50.658898, -28.321566 ], [ -50.664614, -28.337474 ], [ -50.651456, -28.342839 ], [ -50.627851, -28.363553 ], [ -50.632277, -28.379005 ], [ -50.624615, -28.390989 ], [ -50.611873, -28.392709 ], [ -50.597273, -28.380478 ], [ -50.591189, -28.381672 ], [ -50.576012, -28.393351 ], [ -50.562307, -28.414014 ], [ -50.549226, -28.419717 ], [ -50.543643, -28.426658 ], [ -50.531201, -28.427766 ], [ -50.527497, -28.422024 ], [ -50.530882, -28.405668 ], [ -50.522896, -28.40281 ], [ -50.509701, -28.405391 ], [ -50.498463, -28.412177 ], [ -50.470064, -28.414419 ], [ -50.455578, -28.410288 ], [ -50.447649, -28.421916 ], [ -50.430489, -28.432178 ], [ -50.423815, -28.432464 ], [ -50.396208, -28.432515 ], [ -50.387815, -28.443621 ], [ -50.378202, -28.445737 ], [ -50.375943, -28.443975 ], [ -50.375061, -28.433962 ], [ -50.367807, -28.421772 ], [ -50.356669, -28.420312 ], [ -50.347882, -28.428169 ], [ -50.351028, -28.454823 ], [ -50.345259, -28.462883 ], [ -50.336227, -28.458082 ], [ -50.338856, -28.43989 ], [ -50.327776, -28.433774 ], [ -50.299808, -28.440044 ], [ -50.292266, -28.450068 ], [ -50.291773, -28.450585 ], [ -50.291092, -28.45089 ], [ -50.271158, -28.456264 ], [ -50.25127, -28.448533 ], [ -50.26238, -28.445442 ], [ -50.2632, -28.442486 ], [ -50.247096, -28.428433 ], [ -50.241198, -28.432341 ], [ -50.234172, -28.457499 ], [ -50.222563, -28.462465 ], [ -50.214275, -28.459436 ], [ -50.204125, -28.444947 ], [ -50.199626, -28.44398 ], [ -50.188341, -28.452293 ], [ -50.17826, -28.451353 ], [ -50.166092, -28.467457 ], [ -50.161198, -28.494569 ], [ -50.156691, -28.497254 ], [ -50.138879, -28.494218 ], [ -50.14537, -28.476462 ], [ -50.159657, -28.460055 ], [ -50.15673, -28.457736 ], [ -50.146916, -28.459131 ], [ -50.145165, -28.446012 ], [ -50.126053, -28.437217 ], [ -50.129657, -28.430941 ], [ -50.126234, -28.428611 ], [ -50.115266, -28.436553 ], [ -50.110868, -28.444708 ], [ -50.115543, -28.454608 ], [ -50.126098, -28.463154 ], [ -50.126037, -28.472617 ], [ -50.121363, -28.475519 ], [ -50.107348, -28.472629 ], [ -50.099365, -28.485113 ], [ -50.085965, -28.472409 ], [ -50.072324, -28.480101 ], [ -50.06816, -28.478699 ], [ -50.060127, -28.475187 ] ] ] } },
{ "type": "Feature", "properties": { "HREG_ID": "43025", "HREG_NAME": "Região 25", "id": "430210", "name": "Bento Gonçalves", "description": "Bento Gonçalves", "MUN_ID": "430210", "UF": "RS", "MACRO_ID": "4310", "MACRO_NAME": "Serra" }, "geometry": { "type": "Polygon", "coordinates": [ [ [ -51.709239, -29.301137 ], [ -51.712714, -29.30329 ], [ -51.712695, -29.294055 ], [ -51.724851, -29.294155 ], [ -51.726025, -29.301064 ], [ -51.733737, -29.2967 ], [ -51.738083, -29.299418 ], [ -51.737492, -29.307294 ], [ -51.752252, -29.306229 ], [ -51.750246, -29.30038 ], [ -51.761065, -29.294798 ], [ -51.779506, -29.298429 ], [ -51.796482, -29.298921 ], [ -51.79851, -29.280995 ], [ -51.800965, -29.25928 ], [ -51.775083, -29.259718 ], [ -51.774535, -29.252195 ], [ -51.767078, -29.25557 ], [ -51.764678, -29.259894 ], [ -51.754266, -29.260068 ], [ -51.753829, -29.229157 ], [ -51.751431, -29.221178 ], [ -51.755459, -29.221278 ], [ -51.755001, -29.218195 ], [ -51.746992, -29.218422 ], [ -51.749485, -29.207603 ], [ -51.756612, -29.187002 ], [ -51.757206, -29.185433 ], [ -51.757493, -29.184678 ], [ -51.739533, -29.18591 ], [ -51.733167, -29.178326 ], [ -51.740486, -29.169396 ], [ -51.746313, -29.164552 ], [ -51.755504, -29.13813 ], [ -51.738611, -29.13626 ], [ -51.730032, -29.133289 ], [ -51.723681, -29.125139 ], [ -51.711708, -29.115161 ], [ -51.729454, -29.094011 ], [ -51.730225, -29.084271 ], [ -51.724642, -29.07705 ], [ -51.717694, -29.082226 ], [ -51.713525, -29.090177 ], [ -51.710156, -29.080004 ], [ -51.712766, -29.073901 ], [ -51.719489, -29.054305 ], [ -51.709812, -29.045482 ], [ -51.72312, -29.03879 ], [ -51.727752, -29.038572 ], [ -51.727637, -29.022117 ], [ -51.74117, -29.013563 ], [ -51.742337, -29.005144 ], [ -51.737667, -28.995443 ], [ -51.759497, -28.995999 ], [ -51.759017, -28.99062 ], [ -51.74927, -28.978807 ], [ -51.750767, -28.97493 ], [ -51.759324, -28.971973 ], [ -51.774192, -28.971932 ], [ -51.778319, -28.966798 ], [ -51.772372, -28.960721 ], [ -51.754509, -28.962274 ], [ -51.754745, -28.957301 ], [ -51.765282, -28.959 ], [ -51.768845, -28.956529 ], [ -51.767033, -28.945252 ], [ -51.780395, -28.937002 ], [ -51.780396, -28.937002 ], [ -51.780787, -28.935793 ], [ -51.841912, -28.93617 ], [ -51.842263, -28.918932 ], [ -51.855574, -28.918767 ], [ -51.855491, -28.932573 ], [ -51.860134, -28.928557 ], [ -51.864, -28.928458 ], [ -51.869558, -28.928317 ], [ -51.869471, -28.932142 ], [ -51.889102, -28.931987 ], [ -51.88919, -28.945882 ], [ -51.913113, -28.947649 ], [ -51.922328, -28.943712 ], [ -51.920894, -28.936572 ], [ -51.91311, -28.93218 ], [ -51.913342, -28.927025 ], [ -51.918861, -28.920821 ], [ -51.930007, -28.927694 ], [ -51.943103, -28.924129 ], [ -51.943272, -28.909471 ], [ -51.951691, -28.907758 ], [ -51.950635, -28.925719 ], [ -51.953611, -28.929348 ], [ -51.960375, -28.927752 ], [ -51.964203, -28.924271 ], [ -51.956198, -28.914959 ], [ -51.96263, -28.907223 ], [ -51.967775, -28.906766 ], [ -51.96884, -28.922843 ], [ -51.97996, -28.910747 ], [ -51.980757, -28.900294 ], [ -52.000696, -28.902307 ], [ -52.002774, -28.89857 ], [ -51.98884, -28.890501 ], [ -51.989493, -28.88801 ], [ -52.008343, -28.883016 ], [ -52.009328, -28.876537 ], [ -52.006178, -28.865137 ], [ -52.022904, -28.862711 ], [ -52.032227, -28.854434 ], [ -52.01644, -28.841423 ], [ -52.033995, -28.833573 ], [ -52.030648, -28.843229 ], [ -52.042905, -28.843827 ], [ -52.052022, -28.827743 ], [ -52.061105, -28.826247 ], [ -52.066292, -28.821128 ], [ -52.05882, -28.816798 ], [ -52.065058, -28.812696 ], [ -52.062818, -28.809099 ], [ -52.059556, -28.79447 ], [ -52.059658, -28.794352 ], [ -52.066142, -28.796074 ], [ -52.074232, -28.784742 ], [ -52.068174, -28.770466 ], [ -52.078676, -28.761314 ], [ -52.077517, -28.758107 ], [ -52.070668, -28.753644 ], [ -52.068002, -28.746873 ], [ -52.077936, -28.740944 ], [ -52.078624, -28.740531 ], [ -52.079118, -28.73333 ], [ -52.084556, -28.730346 ], [ -52.076154, -28.728654 ], [ -52.084918, -28.71737 ], [ -52.080259, -28.711765 ], [ -52.012525, -28.708008 ], [ -51.986397, -28.706549 ], [ -51.985374, -28.714552 ], [ -51.991086, -28.729343 ], [ -51.991978, -28.746611 ], [ -51.985023, -28.75299 ], [ -51.984672, -28.762957 ], [ -51.958404, -28.760834 ], [ -51.930939, -28.759161 ], [ -51.855567, -28.75454 ], [ -51.858416, -28.748676 ], [ -51.855756, -28.745685 ], [ -51.850901, -28.751408 ], [ -51.844083, -28.752277 ], [ -51.837652, -28.744045 ], [ -51.848979, -28.736369 ], [ -51.847619, -28.727744 ], [ -51.847009, -28.725992 ], [ -51.852169, -28.711688 ], [ -51.833062, -28.714422 ], [ -51.822894, -28.709898 ], [ -51.839629, -28.703388 ], [ -51.849446, -28.705324 ], [ -51.848211, -28.702736 ], [ -51.849763, -28.699726 ], [ -51.856399, -28.690371 ], [ -51.853091, -28.685219 ], [ -51.839004, -28.682728 ], [ -51.835886, -28.679051 ], [ -51.838919, -28.676391 ], [ -51.856333, -28.678158 ], [ -51.863242, -28.675277 ], [ -51.856004, -28.668548 ], [ -51.845578, -28.67006 ], [ -51.847637, -28.662981 ], [ -51.856293, -28.661475 ], [ -51.859553, -28.656647 ], [ -51.8488, -28.648432 ], [ -51.839431, -28.651948 ], [ -51.840023, -28.647984 ], [ -51.851719, -28.643447 ], [ -51.852026, -28.637871 ], [ -51.856911, -28.636875 ], [ -51.862336, -28.63503 ], [ -51.85636, -28.629716 ], [ -51.856498, -28.621591 ], [ -51.854052, -28.61531 ], [ -51.848694, -28.607798 ], [ -51.855249, -28.605912 ], [ -51.866184, -28.613371 ], [ -51.865211, -28.599653 ], [ -51.870663, -28.593731 ], [ -51.864297, -28.592952 ], [ -51.857332, -28.597159 ], [ -51.853165, -28.589781 ], [ -51.837522, -28.585322 ], [ -51.840557, -28.577725 ], [ -51.833419, -28.573917 ], [ -51.82658, -28.578498 ], [ -51.827253, -28.565087 ], [ -51.823497, -28.562576 ], [ -51.819219, -28.567328 ], [ -51.808923, -28.559428 ], [ -51.813359, -28.551335 ], [ -51.802317, -28.544138 ], [ -51.803008, -28.538454 ], [ -51.796971, -28.531764 ], [ -51.786083, -28.531387 ], [ -51.794831, -28.52274 ], [ -51.792451, -28.519951 ], [ -51.785285, -28.521719 ], [ -51.787127, -28.516041 ], [ -51.782023, -28.5132 ], [ -51.778427, -28.504695 ], [ -51.786943, -28.500234 ], [ -51.789426, -28.488219 ], [ -51.782275, -28.487934 ], [ -51.772891, -28.492787 ], [ -51.774404, -28.485096 ], [ -51.780142, -28.485884 ], [ -51.775231, -28.476026 ], [ -51.780768, -28.47903 ], [ -51.781834, -28.471969 ], [ -51.77268, -28.468154 ], [ -51.770743, -28.475061 ], [ -51.760189, -28.473397 ], [ -51.776069, -28.462187 ], [ -51.761406, -28.458432 ], [ -51.761323, -28.458411 ], [ -51.763352, -28.451183 ], [ -51.759614, -28.449675 ], [ -51.74252, -28.450388 ], [ -51.723186, -28.463558 ], [ -51.718236, -28.475356 ], [ -51.720368, -28.478597 ], [ -51.701304, -28.478826 ], [ -51.687728, -28.466499 ], [ -51.677967, -28.464073 ], [ -51.676721, -28.463587 ], [ -51.675601, -28.463484 ], [ -51.647785, -28.46951 ], [ -51.642286, -28.465566 ], [ -51.634557, -28.465667 ], [ -51.633132, -28.470277 ], [ -51.621246, -28.476443 ], [ -51.618927, -28.47938 ], [ -51.618065, -28.49552 ], [ -51.613916, -28.497125 ], [ -51.61317, -28.503269 ], [ -51.617942, -28.513393 ], [ -51.623734, -28.515527 ], [ -51.610052, -28.524649 ], [ -51.609682, -28.528247 ], [ -51.614811, -28.531269 ], [ -51.61104, -28.535485 ], [ -51.599209, -28.536922 ], [ -51.596139, -28.539675 ], [ -51.610664, -28.552588 ], [ -51.601116, -28.571646 ], [ -51.603913, -28.580916 ], [ -51.598303, -28.584942 ], [ -51.604304, -28.592189 ], [ -51.611834, -28.592807 ], [ -51.613732, -28.596378 ], [ -51.61012, -28.605092 ], [ -51.605241, -28.604756 ], [ -51.601234, -28.611036 ], [ -51.611409, -28.621931 ], [ -51.615356, -28.636486 ], [ -51.606771, -28.636633 ], [ -51.610757, -28.642614 ], [ -51.604752, -28.643359 ], [ -51.607455, -28.652173 ], [ -51.591904, -28.661848 ], [ -51.595688, -28.669263 ], [ -51.599832, -28.674177 ], [ -51.609217, -28.673614 ], [ -51.609143, -28.67812 ], [ -51.604583, -28.675333 ], [ -51.594583, -28.683468 ], [ -51.590132, -28.68287 ], [ -51.588977, -28.688321 ], [ -51.575905, -28.687962 ], [ -51.573383, -28.692297 ], [ -51.565911, -28.694212 ], [ -51.561175, -28.692383 ], [ -51.557063, -28.681168 ], [ -51.546314, -28.67877 ], [ -51.53582, -28.669543 ], [ -51.528997, -28.666859 ], [ -51.522152, -28.6702 ], [ -51.510789, -28.666388 ], [ -51.499885, -28.667822 ], [ -51.494938, -28.665793 ], [ -51.488262, -28.652872 ], [ -51.483693, -28.653725 ], [ -51.477829, -28.64912 ], [ -51.472867, -28.649055 ], [ -51.468611, -28.654318 ], [ -51.466239, -28.6488 ], [ -51.457499, -28.661936 ], [ -51.447594, -28.663152 ], [ -51.44432, -28.674576 ], [ -51.451686, -28.682373 ], [ -51.433654, -28.688196 ], [ -51.431846, -28.709007 ], [ -51.439824, -28.715783 ], [ -51.431372, -28.733466 ], [ -51.425209, -28.738545 ], [ -51.424542, -28.739095 ], [ -51.423682, -28.743985 ], [ -51.431153, -28.744999 ], [ -51.434987, -28.750169 ], [ -51.430797, -28.770232 ], [ -51.459933, -28.790825 ], [ -51.457543, -28.793338 ], [ -51.434792, -28.792698 ], [ -51.432553, -28.800563 ], [ -51.438727, -28.806071 ], [ -51.450108, -28.808371 ], [ -51.465016, -28.801762 ], [ -51.456929, -28.816568 ], [ -51.465077, -28.827473 ], [ -51.464167, -28.830891 ], [ -51.446345, -28.8377 ], [ -51.44251, -28.846184 ], [ -51.461998, -28.85594 ], [ -51.460846, -28.859053 ], [ -51.449207, -28.863329 ], [ -51.448164, -28.871599 ], [ -51.458599, -28.879549 ], [ -51.455708, -28.886909 ], [ -51.456501, -28.892316 ], [ -51.47066, -28.895449 ], [ -51.465938, -28.905419 ], [ -51.47257, -28.915544 ], [ -51.462932, -28.925664 ], [ -51.467297, -28.937018 ], [ -51.446287, -28.937688 ], [ -51.440202, -28.941258 ], [ -51.449811, -28.951859 ], [ -51.466105, -28.947516 ], [ -51.470671, -28.966148 ], [ -51.467769, -28.969454 ], [ -51.452619, -28.972389 ], [ -51.452785, -28.977137 ], [ -51.474385, -28.987236 ], [ -51.464689, -28.991968 ], [ -51.457815, -28.994239 ], [ -51.453883, -29.00246 ], [ -51.476098, -29.008898 ], [ -51.475861, -29.018303 ], [ -51.467296, -29.01604 ], [ -51.459984, -29.018844 ], [ -51.437644, -29.061955 ], [ -51.432526, -29.063354 ], [ -51.421576, -29.059662 ], [ -51.421515, -29.06935 ], [ -51.426288, -29.069551 ], [ -51.425341, -29.079801 ], [ -51.425154, -29.087169 ], [ -51.412368, -29.086968 ], [ -51.412046, -29.09687 ], [ -51.411076, -29.126766 ], [ -51.422692, -29.126669 ], [ -51.422672, -29.137024 ], [ -51.422636, -29.155671 ], [ -51.388146, -29.155519 ], [ -51.39022, -29.196594 ], [ -51.453269, -29.197032 ], [ -51.463381, -29.197648 ], [ -51.464847, -29.197738 ], [ -51.491628, -29.197871 ], [ -51.489783, -29.248202 ], [ -51.489678, -29.259912 ], [ -51.485621, -29.259411 ], [ -51.458448, -29.253523 ], [ -51.456492, -29.270523 ], [ -51.440032, -29.270282 ], [ -51.440113, -29.290684 ], [ -51.411564, -29.290865 ], [ -51.380554, -29.29087 ], [ -51.35352, -29.29087 ], [ -51.353671, -29.307386 ], [ -51.353901, -29.332639 ], [ -51.353965, -29.351404 ], [ -51.389904, -29.351121 ], [ -51.389983, -29.351121 ], [ -51.396651, -29.351067 ], [ -51.457292, -29.350954 ], [ -51.485715, -29.350891 ], [ -51.511498, -29.350829 ], [ -51.51381, -29.350823 ], [ -51.530107, -29.351104 ], [ -51.534736, -29.355443 ], [ -51.56158, -29.358229 ], [ -51.560746, -29.374212 ], [ -51.573132, -29.381486 ], [ -51.587999, -29.375677 ], [ -51.616607, -29.377891 ], [ -51.61036, -29.400595 ], [ -51.657011, -29.398809 ], [ -51.668937, -29.417799 ], [ -51.69071, -29.423031 ], [ -51.690686, -29.414575 ], [ -51.690613, -29.389002 ], [ -51.690561, -29.370878 ], [ -51.726935, -29.368911 ], [ -51.727373, -29.36167 ], [ -51.728312, -29.346151 ], [ -51.728438, -29.333569 ], [ -51.72555, -29.33361 ], [ -51.70137, -29.333956 ], [ -51.700169, -29.322526 ], [ -51.710495, -29.323899 ], [ -51.716178, -29.320414 ], [ -51.728519, -29.324365 ], [ -51.72841, -29.315691 ], [ -51.708561, -29.312118 ], [ -51.708335, -29.307872 ], [ -51.700407, -29.303831 ], [ -51.709239, -29.301137 ] ], [ [ -51.535087, -28.749375 ], [ -51.530191, -28.750034 ], [ -51.535087, -28.749374 ], [ -51.535087, -28.749375 ] ] ] } },
{ "type": "Feature", "properties": { "HREG_ID": "43026", "HREG_NAME": "Região 26", "id": "430057", "name": "Alto Feliz", "description": "Alto Feliz", "MUN_ID": "430057", "UF": "RS", "MACRO_ID": "4310", "MACRO_NAME": "Serra" }, "geometry": { "type": "Polygon", "coordinates": [ [ [ -51.342175, -29.513342 ], [ -51.34715, -29.516535 ], [ -51.342098, -29.528612 ], [ -51.354961, -29.541229 ], [ -51.359802, -29.539011 ], [ -51.363244, -29.537838 ], [ -51.371983, -29.537173 ], [ -51.37432, -29.550875 ], [ -51.375653, -29.552092 ], [ -51.387055, -29.527693 ], [ -51.394243, -29.528877 ], [ -51.39576, -29.524983 ], [ -51.392604, -29.519804 ], [ -51.394392, -29.511109 ], [ -51.390586, -29.507043 ], [ -51.386691, -29.50288 ], [ -51.39932, -29.496341 ], [ -51.387108, -29.482306 ], [ -51.383602, -29.471342 ], [ -51.391247, -29.468186 ], [ -51.393175, -29.4547 ], [ -51.404941, -29.444993 ], [ -51.402989, -29.432981 ], [ -51.400637, -29.418585 ], [ -51.399063, -29.391924 ], [ -51.39863, -29.384584 ], [ -51.396651, -29.351067 ], [ -51.389983, -29.351121 ], [ -51.389904, -29.351121 ], [ -51.353965, -29.351404 ], [ -51.353901, -29.332639 ], [ -51.353671, -29.307386 ], [ -51.35352, -29.29087 ], [ -51.380554, -29.29087 ], [ -51.411564, -29.290865 ], [ -51.440113, -29.290684 ], [ -51.440032, -29.270282 ], [ -51.456492, -29.270523 ], [ -51.458448, -29.253523 ], [ -51.485621, -29.259411 ], [ -51.489678, -29.259912 ], [ -51.489783, -29.248202 ], [ -51.491628, -29.197871 ], [ -51.464847, -29.197738 ], [ -51.463381, -29.197648 ], [ -51.453269, -29.197032 ], [ -51.39022, -29.196594 ], [ -51.388146, -29.155519 ], [ -51.422636, -29.155671 ], [ -51.422672, -29.137024 ], [ -51.422692, -29.126669 ], [ -51.411076, -29.126766 ], [ -51.412046, -29.09687 ], [ -51.412368, -29.086968 ], [ -51.425154, -29.087169 ], [ -51.425341, -29.079801 ], [ -51.426288, -29.069551 ], [ -51.421515, -29.06935 ], [ -51.421576, -29.059662 ], [ -51.432526, -29.063354 ], [ -51.437644, -29.061955 ], [ -51.459984, -29.018844 ], [ -51.467296, -29.01604 ], [ -51.475861, -29.018303 ], [ -51.476098, -29.008898 ], [ -51.453883, -29.00246 ], [ -51.457815, -28.994239 ], [ -51.464689, -28.991968 ], [ -51.474385, -28.987236 ], [ -51.452785, -28.977137 ], [ -51.452619, -28.972389 ], [ -51.467769, -28.969454 ], [ -51.470671, -28.966148 ], [ -51.466105, -28.947516 ], [ -51.449811, -28.951859 ], [ -51.440202, -28.941258 ], [ -51.446287, -28.937688 ], [ -51.467297, -28.937018 ], [ -51.462932, -28.925664 ], [ -51.47257, -28.915544 ], [ -51.465938, -28.905419 ], [ -51.47066, -28.895449 ], [ -51.456501, -28.892316 ], [ -51.455708, -28.886909 ], [ -51.458599, -28.879549 ], [ -51.448164, -28.871599 ], [ -51.449207, -28.863329 ], [ -51.460846, -28.859053 ], [ -51.461998, -28.85594 ], [ -51.44251, -28.846184 ], [ -51.446345, -28.8377 ], [ -51.464167, -28.830891 ], [ -51.465077, -28.827473 ], [ -51.456929, -28.816568 ], [ -51.465016, -28.801762 ], [ -51.450108, -28.808371 ], [ -51.438727, -28.806071 ], [ -51.432553, -28.800563 ], [ -51.434792, -28.792698 ], [ -51.457543, -28.793338 ], [ -51.459933, -28.790825 ], [ -51.430797, -28.770232 ], [ -51.434987, -28.750169 ], [ -51.431153, -28.744999 ], [ -51.423682, -28.743985 ], [ -51.424542, -28.739095 ], [ -51.425209, -28.738545 ], [ -51.431372, -28.733466 ], [ -51.439824, -28.715783 ], [ -51.431846, -28.709007 ], [ -51.433654, -28.688196 ], [ -51.451686, -28.682373 ], [ -51.44432, -28.674576 ], [ -51.435593, -28.667689 ], [ -51.421245, -28.669355 ], [ -51.421062, -28.662365 ], [ -51.415721, -28.659366 ], [ -51.409861, -28.646646 ], [ -51.398471, -28.63869 ], [ -51.400009, -28.643604 ], [ -51.389111, -28.643391 ], [ -51.382377, -28.650214 ], [ -51.379564, -28.644701 ], [ -51.384443, -28.636939 ], [ -51.375815, -28.635437 ], [ -51.368096, -28.632539 ], [ -51.372172, -28.621697 ], [ -51.370138, -28.619437 ], [ -51.367448, -28.623609 ], [ -51.363662, -28.623356 ], [ -51.359671, -28.608235 ], [ -51.353346, -28.619387 ], [ -51.347575, -28.610717 ], [ -51.340156, -28.609585 ], [ -51.34235, -28.601533 ], [ -51.346987, -28.599015 ], [ -51.346889, -28.58931 ], [ -51.334895, -28.595221 ], [ -51.320181, -28.597234 ], [ -51.324499, -28.591704 ], [ -51.335226, -28.588509 ], [ -51.33347, -28.582843 ], [ -51.324819, -28.582021 ], [ -51.316531, -28.5833 ], [ -51.311104, -28.593712 ], [ -51.302678, -28.592809 ], [ -51.305699, -28.58892 ], [ -51.303064, -28.582687 ], [ -51.294638, -28.582348 ], [ -51.292515, -28.586217 ], [ -51.287376, -28.586334 ], [ -51.279256, -28.581119 ], [ -51.271357, -28.589086 ], [ -51.272158, -28.592289 ], [ -51.268698, -28.592275 ], [ -51.266144, -28.589306 ], [ -51.27068, -28.582569 ], [ -51.267211, -28.577092 ], [ -51.264647, -28.580357 ], [ -51.260974, -28.581061 ], [ -51.259426, -28.577861 ], [ -51.253645, -28.57985 ], [ -51.255301, -28.588336 ], [ -51.260471, -28.591518 ], [ -51.258291, -28.595055 ], [ -51.244856, -28.596562 ], [ -51.240877, -28.60174 ], [ -51.237935, -28.600228 ], [ -51.217384, -28.608246 ], [ -51.212451, -28.623543 ], [ -51.207889, -28.620045 ], [ -51.194973, -28.62308 ], [ -51.195995, -28.627913 ], [ -51.166564, -28.629081 ], [ -51.164504, -28.634184 ], [ -51.167722, -28.63715 ], [ -51.161213, -28.642179 ], [ -51.163442, -28.645445 ], [ -51.156557, -28.650571 ], [ -51.150939, -28.647636 ], [ -51.145221, -28.653198 ], [ -51.143236, -28.673158 ], [ -51.157624, -28.7011 ], [ -51.184608, -28.701869 ], [ -51.189693, -28.697602 ], [ -51.204328, -28.706823 ], [ -51.201781, -28.71004 ], [ -51.206727, -28.71536 ], [ -51.203005, -28.721563 ], [ -51.205195, -28.725856 ], [ -51.198973, -28.728387 ], [ -51.197229, -28.750967 ], [ -51.193386, -28.753149 ], [ -51.189881, -28.766364 ], [ -51.185081, -28.763922 ], [ -51.183999, -28.768496 ], [ -51.189432, -28.771834 ], [ -51.186087, -28.781441 ], [ -51.190807, -28.78473 ], [ -51.190422, -28.794726 ], [ -51.196253, -28.79296 ], [ -51.197482, -28.801871 ], [ -51.210854, -28.797855 ], [ -51.217092, -28.801879 ], [ -51.209611, -28.809728 ], [ -51.192065, -28.809105 ], [ -51.183448, -28.811864 ], [ -51.183746, -28.816726 ], [ -51.174087, -28.817426 ], [ -51.170003, -28.828471 ], [ -51.163789, -28.833719 ], [ -51.170432, -28.841614 ], [ -51.157912, -28.84127 ], [ -51.16072, -28.849267 ], [ -51.158154, -28.853552 ], [ -51.173757, -28.855422 ], [ -51.176208, -28.858359 ], [ -51.159498, -28.873488 ], [ -51.150962, -28.872954 ], [ -51.147165, -28.877272 ], [ -51.143565, -28.883343 ], [ -51.126344, -28.877057 ], [ -51.122411, -28.877189 ], [ -51.121221, -28.881124 ], [ -51.115127, -28.877388 ], [ -51.094565, -28.880804 ], [ -51.090738, -28.878801 ], [ -51.073336, -28.886513 ], [ -51.070369, -28.894661 ], [ -51.061712, -28.902896 ], [ -51.063186, -28.905367 ], [ -51.058866, -28.907433 ], [ -51.059731, -28.912295 ], [ -51.054882, -28.917338 ], [ -51.040849, -28.922808 ], [ -51.035996, -28.921029 ], [ -51.033638, -28.924753 ], [ -51.029903, -28.923448 ], [ -51.031018, -28.927289 ], [ -51.016187, -28.930984 ], [ -51.014242, -28.934788 ], [ -51.002868, -28.933368 ], [ -51.005217, -28.936726 ], [ -50.991562, -28.94209 ], [ -50.985565, -28.94589 ], [ -50.978262, -28.945407 ], [ -50.968324, -28.955245 ], [ -50.956967, -28.96049 ], [ -50.951081, -28.97848 ], [ -50.943435, -28.980973 ], [ -50.938867, -28.990922 ], [ -50.936771, -28.99872 ], [ -50.921306, -29.003103 ], [ -50.924075, -29.015453 ], [ -50.918056, -29.024884 ], [ -50.936548, -29.023241 ], [ -50.943119, -29.018043 ], [ -50.961497, -29.012007 ], [ -50.966793, -29.014811 ], [ -50.969266, -29.011173 ], [ -50.980375, -29.01743 ], [ -50.985245, -29.024887 ], [ -50.9927, -29.023379 ], [ -50.999378, -29.019872 ], [ -51.00649, -29.026028 ], [ -51.011553, -29.016699 ], [ -51.015226, -29.024519 ], [ -51.028885, -29.027448 ], [ -51.035648, -29.025491 ], [ -51.031712, -29.030728 ], [ -51.037227, -29.033979 ], [ -51.044355, -29.029183 ], [ -51.046692, -29.032512 ], [ -51.055881, -29.030452 ], [ -51.055517, -29.034862 ], [ -51.061613, -29.038372 ], [ -51.061404, -29.035119 ], [ -51.071525, -29.032198 ], [ -51.082489, -29.037206 ], [ -51.090742, -29.036051 ], [ -51.091799, -29.036273 ], [ -51.09688, -29.034879 ], [ -51.101043, -29.039489 ], [ -51.10989, -29.041274 ], [ -51.106275, -29.033176 ], [ -51.112595, -29.032319 ], [ -51.110104, -29.078375 ], [ -51.11132, -29.079356 ], [ -51.144737, -29.079883 ], [ -51.144691, -29.086494 ], [ -51.147895, -29.086514 ], [ -51.154139, -29.086553 ], [ -51.161177, -29.086598 ], [ -51.189567, -29.08677 ], [ -51.189936, -29.086821 ], [ -51.19128, -29.086781 ], [ -51.217505, -29.08703 ], [ -51.235151, -29.08662 ], [ -51.23877, -29.08668 ], [ -51.289987, -29.087518 ], [ -51.306467, -29.089949 ], [ -51.287092, -29.101398 ], [ -51.28705, -29.109296 ], [ -51.281199, -29.108709 ], [ -51.280601, -29.112744 ], [ -51.2923, -29.112985 ], [ -51.294183, -29.153546 ], [ -51.293372, -29.193438 ], [ -51.28998, -29.193444 ], [ -51.288025, -29.210537 ], [ -51.287945, -29.216765 ], [ -51.28793, -29.217923 ], [ -51.287834, -29.225333 ], [ -51.287582, -29.244838 ], [ -51.282844, -29.244956 ], [ -51.265231, -29.245395 ], [ -51.266187, -29.294594 ], [ -51.26223, -29.294642 ], [ -51.221107, -29.331826 ], [ -51.216009, -29.336156 ], [ -51.236953, -29.341152 ], [ -51.227034, -29.343657 ], [ -51.219284, -29.352208 ], [ -51.218241, -29.355119 ], [ -51.215927, -29.355797 ], [ -51.211783, -29.358075 ], [ -51.210953, -29.360974 ], [ -51.208153, -29.373231 ], [ -51.218172, -29.374607 ], [ -51.219398, -29.374385 ], [ -51.223065, -29.374415 ], [ -51.223205, -29.378013 ], [ -51.221214, -29.382915 ], [ -51.220697, -29.384188 ], [ -51.225779, -29.389385 ], [ -51.224019, -29.394628 ], [ -51.206319, -29.407249 ], [ -51.196167, -29.408895 ], [ -51.206999, -29.417333 ], [ -51.234868, -29.422244 ], [ -51.248331, -29.43308 ], [ -51.237455, -29.43492 ], [ -51.232603, -29.441555 ], [ -51.232548, -29.44163 ], [ -51.233954, -29.448083 ], [ -51.248021, -29.44509 ], [ -51.251511, -29.461377 ], [ -51.257598, -29.468916 ], [ -51.267161, -29.477158 ], [ -51.272058, -29.488089 ], [ -51.269607, -29.499255 ], [ -51.264634, -29.503924 ], [ -51.274832, -29.508081 ], [ -51.28972, -29.524835 ], [ -51.302819, -29.522458 ], [ -51.321929, -29.521298 ], [ -51.331453, -29.525714 ], [ -51.336031, -29.522643 ], [ -51.335994, -29.516095 ], [ -51.342175, -29.513342 ] ] ] } },
{ "type": "Feature", "properties": { "HREG_ID": "43027", "HREG_NAME": "Região 27", "id": "430120", "name": "Arroio do Tigre", "description": "Arroio do Tigre", "MUN_ID": "430120", "UF": "RS", "MACRO_ID": "4308", "MACRO_NAME": "Vales" }, "geometry": { "type": "Polygon", "coordinates": [ [ [ -53.218205, -30.461522 ], [ -53.213872, -30.464818 ], [ -53.231454, -30.469855 ], [ -53.225257, -30.488483 ], [ -53.218873, -30.497894 ], [ -53.222556, -30.503632 ], [ -53.217071, -30.509411 ], [ -53.215782, -30.520225 ], [ -53.22033, -30.52271 ], [ -53.232809, -30.520793 ], [ -53.242014, -30.531597 ], [ -53.228477, -30.545038 ], [ -53.233972, -30.558859 ], [ -53.227024, -30.568233 ], [ -53.236927, -30.572492 ], [ -53.245085, -30.569754 ], [ -53.247938, -30.573114 ], [ -53.246242, -30.581862 ], [ -53.242139, -30.584219 ], [ -53.243392, -30.58919 ], [ -53.238252, -30.592149 ], [ -53.239893, -30.596947 ], [ -53.233365, -30.600387 ], [ -53.239451, -30.607562 ], [ -53.231193, -30.605959 ], [ -53.231082, -30.613843 ], [ -53.22712, -30.609377 ], [ -53.22127, -30.618421 ], [ -53.212694, -30.612285 ], [ -53.208768, -30.615222 ], [ -53.219208, -30.626503 ], [ -53.200738, -30.631937 ], [ -53.202259, -30.639672 ], [ -53.187083, -30.64107 ], [ -53.197479, -30.644555 ], [ -53.186933, -30.652036 ], [ -53.187911, -30.657117 ], [ -53.18813, -30.666325 ], [ -53.192634, -30.668995 ], [ -53.191074, -30.677238 ], [ -53.200753, -30.680546 ], [ -53.181038, -30.69463 ], [ -53.196332, -30.696828 ], [ -53.189904, -30.699245 ], [ -53.189745, -30.705113 ], [ -53.1824, -30.710416 ], [ -53.192575, -30.715591 ], [ -53.190448, -30.722139 ], [ -53.199919, -30.720648 ], [ -53.200133, -30.727736 ], [ -53.204867, -30.725264 ], [ -53.210883, -30.72762 ], [ -53.208319, -30.733755 ], [ -53.21523, -30.745277 ], [ -53.216134, -30.76874 ], [ -53.229551, -30.772753 ], [ -53.238157, -30.781821 ], [ -53.258545, -30.78592 ], [ -53.273267, -30.782249 ], [ -53.287335, -30.76641 ], [ -53.29841, -30.774686 ], [ -53.303859, -30.780763 ], [ -53.319373, -30.776886 ], [ -53.322399, -30.779264 ], [ -53.327545, -30.77543 ], [ -53.344511, -30.781177 ], [ -53.347564, -30.778234 ], [ -53.349756, -30.783475 ], [ -53.35886, -30.775404 ], [ -53.364943, -30.77931 ], [ -53.369322, -30.777506 ], [ -53.369731, -30.78124 ], [ -53.374353, -30.777451 ], [ -53.388794, -30.779808 ], [ -53.388948, -30.788124 ], [ -53.396846, -30.792555 ], [ -53.392315, -30.795677 ], [ -53.39489, -30.800142 ], [ -53.402339, -30.796476 ], [ -53.412928, -30.80499 ], [ -53.408052, -30.811569 ], [ -53.414763, -30.811838 ], [ -53.4127, -30.816269 ], [ -53.419853, -30.818296 ], [ -53.407349, -30.823772 ], [ -53.40946, -30.827498 ], [ -53.415039, -30.828162 ], [ -53.414627, -30.832954 ], [ -53.408435, -30.837542 ], [ -53.414176, -30.845651 ], [ -53.42557, -30.841217 ], [ -53.425295, -30.852349 ], [ -53.421805, -30.850625 ], [ -53.416947, -30.855668 ], [ -53.418743, -30.860605 ], [ -53.424478, -30.858856 ], [ -53.422561, -30.874366 ], [ -53.418366, -30.876318 ], [ -53.43242, -30.884625 ], [ -53.422802, -30.890234 ], [ -53.431545, -30.895159 ], [ -53.424735, -30.896396 ], [ -53.4173, -30.910788 ], [ -53.41237, -30.915224 ], [ -53.420791, -30.915752 ], [ -53.420627, -30.919687 ], [ -53.408148, -30.923478 ], [ -53.41282, -30.930002 ], [ -53.409611, -30.933183 ], [ -53.413128, -30.943415 ], [ -53.422283, -30.950608 ], [ -53.418027, -30.951438 ], [ -53.421293, -30.954597 ], [ -53.416477, -30.954067 ], [ -53.411881, -30.961246 ], [ -53.416971, -30.965288 ], [ -53.435197, -30.949305 ], [ -53.439378, -30.951909 ], [ -53.442604, -30.963677 ], [ -53.450531, -30.967735 ], [ -53.454125, -30.966148 ], [ -53.45541, -30.9571 ], [ -53.46328, -30.955677 ], [ -53.455718, -30.946462 ], [ -53.460427, -30.944063 ], [ -53.475935, -30.949424 ], [ -53.469794, -30.955117 ], [ -53.474483, -30.966154 ], [ -53.481509, -30.966852 ], [ -53.481655, -30.958842 ], [ -53.481698, -30.958773 ], [ -53.482883, -30.956384 ], [ -53.496164, -30.960974 ], [ -53.503087, -30.94965 ], [ -53.50164, -30.939391 ], [ -53.506273, -30.938551 ], [ -53.511705, -30.94372 ], [ -53.518086, -30.933706 ], [ -53.52785, -30.944781 ], [ -53.526752, -30.952913 ], [ -53.541686, -30.953181 ], [ -53.545609, -30.948018 ], [ -53.532865, -30.946209 ], [ -53.531216, -30.942591 ], [ -53.538833, -30.937138 ], [ -53.558236, -30.940905 ], [ -53.559729, -30.935571 ], [ -53.545886, -30.933004 ], [ -53.542301, -30.926897 ], [ -53.551814, -30.925462 ], [ -53.563069, -30.931135 ], [ -53.565724, -30.929209 ], [ -53.562131, -30.921329 ], [ -53.573302, -30.907534 ], [ -53.585814, -30.923071 ], [ -53.600087, -30.919727 ], [ -53.597468, -30.909515 ], [ -53.588897, -30.907502 ], [ -53.594645, -30.899369 ], [ -53.587479, -30.896206 ], [ -53.609343, -30.897169 ], [ -53.597373, -30.882561 ], [ -53.598052, -30.881856 ], [ -53.601721, -30.871147 ], [ -53.60007, -30.857204 ], [ -53.604811, -30.854579 ], [ -53.609534, -30.863096 ], [ -53.615991, -30.862446 ], [ -53.65186, -30.872219 ], [ -53.659858, -30.870964 ], [ -53.659081, -30.865985 ], [ -53.651295, -30.861874 ], [ -53.651729, -30.840057 ], [ -53.657198, -30.838135 ], [ -53.666659, -30.842245 ], [ -53.671855, -30.841857 ], [ -53.687903, -30.824244 ], [ -53.690481, -30.825434 ], [ -53.683913, -30.812218 ], [ -53.700577, -30.815459 ], [ -53.7066, -30.800605 ], [ -53.712495, -30.797939 ], [ -53.721652, -30.786224 ], [ -53.736859, -30.784373 ], [ -53.736229, -30.77899 ], [ -53.746721, -30.772151 ], [ -53.750035, -30.776917 ], [ -53.760287, -30.775608 ], [ -53.767842, -30.788394 ], [ -53.767942, -30.797343 ], [ -53.784931, -30.799416 ], [ -53.791562, -30.792511 ], [ -53.804645, -30.787417 ], [ -53.805933, -30.767637 ], [ -53.802995, -30.764832 ], [ -53.807989, -30.762262 ], [ -53.820927, -30.748447 ], [ -53.815731, -30.743754 ], [ -53.817162, -30.738377 ], [ -53.803352, -30.728692 ], [ -53.813303, -30.713957 ], [ -53.810918, -30.708452 ], [ -53.805038, -30.711055 ], [ -53.796716, -30.705204 ], [ -53.800475, -30.700668 ], [ -53.795802, -30.695465 ], [ -53.796486, -30.689043 ], [ -53.802493, -30.684398 ], [ -53.795844, -30.68425 ], [ -53.79356, -30.675626 ], [ -53.797528, -30.675775 ], [ -53.794164, -30.670765 ], [ -53.799238, -30.662418 ], [ -53.799756, -30.648326 ], [ -53.797031, -30.642765 ], [ -53.787787, -30.641362 ], [ -53.786959, -30.638322 ], [ -53.797902, -30.638065 ], [ -53.80319, -30.632483 ], [ -53.795532, -30.62834 ], [ -53.801541, -30.626773 ], [ -53.792129, -30.62315 ], [ -53.791608, -30.63171 ], [ -53.788397, -30.628618 ], [ -53.778548, -30.629286 ], [ -53.782544, -30.627432 ], [ -53.782192, -30.623425 ], [ -53.776389, -30.623112 ], [ -53.774337, -30.619724 ], [ -53.779459, -30.620223 ], [ -53.782252, -30.619122 ], [ -53.777142, -30.614234 ], [ -53.786471, -30.606608 ], [ -53.77247, -30.606198 ], [ -53.773555, -30.598833 ], [ -53.768433, -30.597196 ], [ -53.762242, -30.586862 ], [ -53.757778, -30.587944 ], [ -53.751134, -30.58025 ], [ -53.75327, -30.577191 ], [ -53.737676, -30.569463 ], [ -53.739864, -30.554871 ], [ -53.735656, -30.548495 ], [ -53.738399, -30.541229 ], [ -53.748432, -30.532657 ], [ -53.741507, -30.525567 ], [ -53.745287, -30.518324 ], [ -53.743373, -30.515098 ], [ -53.744645, -30.513224 ], [ -53.725796, -30.49181 ], [ -53.7259, -30.487772 ], [ -53.711234, -30.482534 ], [ -53.715499, -30.455971 ], [ -53.720049, -30.45457 ], [ -53.717251, -30.450877 ], [ -53.709613, -30.45096 ], [ -53.711706, -30.447604 ], [ -53.719325, -30.447653 ], [ -53.7126, -30.431317 ], [ -53.718313, -30.429268 ], [ -53.720847, -30.421942 ], [ -53.716901, -30.419146 ], [ -53.711297, -30.423316 ], [ -53.707469, -30.419477 ], [ -53.716117, -30.410791 ], [ -53.714606, -30.401357 ], [ -53.715985, -30.397409 ], [ -53.712105, -30.394289 ], [ -53.705071, -30.400495 ], [ -53.706738, -30.406974 ], [ -53.692037, -30.421776 ], [ -53.655409, -30.431822 ], [ -53.647346, -30.425247 ], [ -53.642874, -30.410746 ], [ -53.634098, -30.402755 ], [ -53.633225, -30.393281 ], [ -53.613504, -30.377325 ], [ -53.596581, -30.373554 ], [ -53.547165, -30.362526 ], [ -53.549631, -30.365023 ], [ -53.546878, -30.378872 ], [ -53.550093, -30.382428 ], [ -53.546204, -30.392327 ], [ -53.537558, -30.397981 ], [ -53.534637, -30.395394 ], [ -53.5339, -30.400361 ], [ -53.527051, -30.402724 ], [ -53.516042, -30.396664 ], [ -53.511056, -30.386041 ], [ -53.499454, -30.377151 ], [ -53.500567, -30.370144 ], [ -53.493439, -30.365028 ], [ -53.482181, -30.342819 ], [ -53.466442, -30.329815 ], [ -53.467928, -30.320918 ], [ -53.460143, -30.318452 ], [ -53.462058, -30.313504 ], [ -53.468563, -30.312882 ], [ -53.467308, -30.308714 ], [ -53.461962, -30.300554 ], [ -53.472721, -30.298009 ], [ -53.470812, -30.293187 ], [ -53.483597, -30.294819 ], [ -53.484853, -30.289864 ], [ -53.483169, -30.283251 ], [ -53.472535, -30.285238 ], [ -53.472279, -30.26961 ], [ -53.465098, -30.261134 ], [ -53.457674, -30.26041 ], [ -53.435472, -30.238313 ], [ -53.419269, -30.229828 ], [ -53.417961, -30.22043 ], [ -53.410416, -30.209567 ], [ -53.389606, -30.212581 ], [ -53.383353, -30.209592 ], [ -53.381981, -30.199856 ], [ -53.352046, -30.17996 ], [ -53.350445, -30.17047 ], [ -53.340269, -30.169448 ], [ -53.342258, -30.161816 ], [ -53.338965, -30.157974 ], [ -53.332076, -30.157361 ], [ -53.329463, -30.147301 ], [ -53.302773, -30.138315 ], [ -53.293886, -30.131401 ], [ -53.286747, -30.115695 ], [ -53.270096, -30.099105 ], [ -53.263285, -30.09663 ], [ -53.262059, -30.091033 ], [ -53.239882, -30.089624 ], [ -53.234898, -30.082615 ], [ -53.236752, -30.075478 ], [ -53.222995, -30.069592 ], [ -53.217953, -30.059846 ], [ -53.208875, -30.055397 ], [ -53.204491, -30.042606 ], [ -53.195472, -30.043131 ], [ -53.191854, -30.03978 ], [ -53.194567, -30.034917 ], [ -53.192155, -30.027436 ], [ -53.188699, -30.028124 ], [ -53.185367, -30.022635 ], [ -53.1767, -30.019779 ], [ -53.174797, -30.007966 ], [ -53.164281, -30.002573 ], [ -53.167755, -29.997252 ], [ -53.165036, -29.993417 ], [ -53.152852, -29.984749 ], [ -53.145585, -29.984396 ], [ -53.135043, -29.972915 ], [ -53.123814, -29.968981 ], [ -53.107037, -29.971571 ], [ -53.100542, -29.963706 ], [ -53.089675, -29.965795 ], [ -53.097079, -29.956803 ], [ -53.098904, -29.948183 ], [ -53.093069, -29.937362 ], [ -53.082942, -29.933672 ], [ -53.082764, -29.9304 ], [ -53.108617, -29.926985 ], [ -53.118976, -29.922123 ], [ -53.118895, -29.910751 ], [ -53.120299, -29.895495 ], [ -53.108856, -29.853528 ], [ -53.109017, -29.851779 ], [ -53.104695, -29.843582 ], [ -53.099444, -29.845254 ], [ -53.102881, -29.837723 ], [ -53.087123, -29.805273 ], [ -53.089506, -29.797345 ], [ -53.077974, -29.793129 ], [ -53.075478, -29.78897 ], [ -53.069373, -29.789778 ], [ -53.063694, -29.776422 ], [ -53.055141, -29.768148 ], [ -53.059826, -29.757852 ], [ -53.057086, -29.749955 ], [ -53.057068, -29.749811 ], [ -53.066071, -29.739141 ], [ -53.067209, -29.725941 ], [ -53.06554, -29.72214 ], [ -53.057521, -29.706432 ], [ -53.041197, -29.675862 ], [ -53.041068, -29.673607 ], [ -53.041447, -29.667229 ], [ -53.046112, -29.66528 ], [ -53.042921, -29.656781 ], [ -53.055323, -29.653972 ], [ -53.046226, -29.647747 ], [ -53.048911, -29.640527 ], [ -53.044282, -29.633063 ], [ -53.049795, -29.622759 ], [ -53.060688, -29.605507 ], [ -53.054581, -29.576201 ], [ -53.057645, -29.569605 ], [ -53.048417, -29.555279 ], [ -53.027974, -29.553657 ], [ -53.028659, -29.552711 ], [ -53.051173, -29.540122 ], [ -53.068951, -29.53718 ], [ -53.076349, -29.528008 ], [ -53.093309, -29.528241 ], [ -53.09606, -29.51593 ], [ -53.116343, -29.506331 ], [ -53.128438, -29.49835 ], [ -53.127866, -29.495901 ], [ -53.134282, -29.495268 ], [ -53.136425, -29.494339 ], [ -53.176599, -29.472087 ], [ -53.183796, -29.466863 ], [ -53.196878, -29.465168 ], [ -53.211111, -29.470118 ], [ -53.214794, -29.468525 ], [ -53.224543, -29.467942 ], [ -53.223962, -29.464487 ], [ -53.234775, -29.464831 ], [ -53.255599, -29.447357 ], [ -53.264819, -29.448844 ], [ -53.266013, -29.444185 ], [ -53.281142, -29.446767 ], [ -53.286873, -29.438665 ], [ -53.285697, -29.435084 ], [ -53.27549, -29.428606 ], [ -53.258612, -29.433195 ], [ -53.235767, -29.411525 ], [ -53.228178, -29.403732 ], [ -53.228346, -29.397936 ], [ -53.226311, -29.383361 ], [ -53.225069, -29.377353 ], [ -53.219095, -29.373503 ], [ -53.220383, -29.367159 ], [ -53.230922, -29.356401 ], [ -53.229029, -29.349878 ], [ -53.241278, -29.335602 ], [ -53.240081, -29.332588 ], [ -53.23216, -29.332329 ], [ -53.227668, -29.324352 ], [ -53.235276, -29.317014 ], [ -53.2309, -29.307301 ], [ -53.245598, -29.296391 ], [ -53.24713, -29.288902 ], [ -53.244097, -29.284927 ], [ -53.236869, -29.282083 ], [ -53.240706, -29.269937 ], [ -53.238986, -29.263862 ], [ -53.231889, -29.263798 ], [ -53.223775, -29.273138 ], [ -53.21471, -29.27334 ], [ -53.209403, -29.269129 ], [ -53.209508, -29.265112 ], [ -53.218048, -29.260093 ], [ -53.228517, -29.253704 ], [ -53.236945, -29.256963 ], [ -53.23744, -29.251782 ], [ -53.232315, -29.247794 ], [ -53.234005, -29.242815 ], [ -53.249485, -29.238152 ], [ -53.248895, -29.211182 ], [ -53.245189, -29.206479 ], [ -53.242398, -29.198954 ], [ -53.24802, -29.19151 ], [ -53.252881, -29.196369 ], [ -53.262317, -29.196418 ], [ -53.26603, -29.190178 ], [ -53.259143, -29.187481 ], [ -53.257036, -29.177275 ], [ -53.243887, -29.175379 ], [ -53.242583, -29.168145 ], [ -53.254618, -29.169162 ], [ -53.260906, -29.143808 ], [ -53.25411, -29.135805 ], [ -53.232188, -29.140216 ], [ -53.217168, -29.13605 ], [ -53.207568, -29.139498 ], [ -53.204637, -29.13652 ], [ -53.195777, -29.136992 ], [ -53.190254, -29.130042 ], [ -53.185609, -29.129835 ], [ -53.163156, -29.136687 ], [ -53.15822, -29.134997 ], [ -53.157984, -29.134811 ], [ -53.146674, -29.129484 ], [ -53.140893, -29.130301 ], [ -53.129541, -29.142899 ], [ -53.114569, -29.147517 ], [ -53.093737, -29.139368 ], [ -53.095026, -29.146362 ], [ -53.090774, -29.146824 ], [ -53.087837, -29.154147 ], [ -53.078922, -29.161414 ], [ -53.068453, -29.168677 ], [ -53.072007, -29.177301 ], [ -53.063737, -29.182234 ], [ -53.061788, -29.181035 ], [ -53.057082, -29.179283 ], [ -53.060954, -29.175419 ], [ -53.058787, -29.168422 ], [ -53.064594, -29.159571 ], [ -53.062987, -29.156209 ], [ -53.052199, -29.155389 ], [ -53.052685, -29.161807 ], [ -53.043637, -29.162831 ], [ -53.035955, -29.159559 ], [ -53.034645, -29.152836 ], [ -53.018046, -29.156817 ], [ -53.016534, -29.154993 ], [ -53.008912, -29.153641 ], [ -53.005815, -29.14793 ], [ -53.011803, -29.14415 ], [ -53.011505, -29.13763 ], [ -52.998585, -29.138956 ], [ -52.994964, -29.144989 ], [ -52.988419, -29.142564 ], [ -52.986586, -29.144527 ], [ -52.986041, -29.156938 ], [ -52.973522, -29.159861 ], [ -52.964048, -29.153396 ], [ -52.94795, -29.176093 ], [ -52.927498, -29.181741 ], [ -52.926763, -29.18447 ], [ -52.917217, -29.185814 ], [ -52.913893, -29.192205 ], [ -52.903328, -29.18768 ], [ -52.908999, -29.197647 ], [ -52.906718, -29.202468 ], [ -52.898188, -29.206067 ], [ -52.892124, -29.200967 ], [ -52.887669, -29.205606 ], [ -52.883511, -29.2052 ], [ -52.886071, -29.209795 ], [ -52.896343, -29.213512 ], [ -52.899246, -29.232346 ], [ -52.896719, -29.234847 ], [ -52.892443, -29.231997 ], [ -52.889257, -29.236416 ], [ -52.892324, -29.245419 ], [ -52.884343, -29.254104 ], [ -52.884363, -29.264522 ], [ -52.888964, -29.271097 ], [ -52.894386, -29.273301 ], [ -52.889099, -29.282613 ], [ -52.879655, -29.286676 ], [ -52.883415, -29.293611 ], [ -52.881302, -29.300424 ], [ -52.890495, -29.312341 ], [ -52.898931, -29.316329 ], [ -52.889941, -29.31947 ], [ -52.886528, -29.315958 ], [ -52.878597, -29.320637 ], [ -52.870219, -29.321653 ], [ -52.857499, -29.317802 ], [ -52.856069, -29.321832 ], [ -52.84975, -29.320966 ], [ -52.845119, -29.313697 ], [ -52.83777, -29.313604 ], [ -52.823939, -29.327439 ], [ -52.820042, -29.316202 ], [ -52.812809, -29.316856 ], [ -52.808601, -29.324276 ], [ -52.802491, -29.325261 ], [ -52.803213, -29.329354 ], [ -52.800111, -29.330946 ], [ -52.795633, -29.327293 ], [ -52.792125, -29.333448 ], [ -52.785555, -29.3358 ], [ -52.776744, -29.345484 ], [ -52.780539, -29.351612 ], [ -52.764382, -29.357923 ], [ -52.759142, -29.364152 ], [ -52.753828, -29.364196 ], [ -52.755203, -29.367842 ], [ -52.749173, -29.372682 ], [ -52.754516, -29.377174 ], [ -52.758971, -29.39439 ], [ -52.764065, -29.400051 ], [ -52.757275, -29.405119 ], [ -52.768133, -29.412313 ], [ -52.759496, -29.418156 ], [ -52.769584, -29.423428 ], [ -52.775032, -29.43808 ], [ -52.772203, -29.443953 ], [ -52.770532, -29.447506 ], [ -52.779116, -29.449942 ], [ -52.779709, -29.462227 ], [ -52.786906, -29.475691 ], [ -52.79796, -29.495015 ], [ -52.800713, -29.502713 ], [ -52.818254, -29.504904 ], [ -52.843242, -29.50802 ], [ -52.850059, -29.511297 ], [ -52.862784, -29.509683 ], [ -52.873964, -29.512414 ], [ -52.886924, -29.509589 ], [ -52.896467, -29.516455 ], [ -52.911987, -29.51514 ], [ -52.915986, -29.518282 ], [ -52.926159, -29.515252 ], [ -52.946428, -29.520623 ], [ -52.962527, -29.515354 ], [ -52.970441, -29.51911 ], [ -52.966381, -29.519586 ], [ -52.971031, -29.523852 ], [ -52.969146, -29.533333 ], [ -52.973145, -29.534751 ], [ -52.975908, -29.543737 ], [ -52.972837, -29.55585 ], [ -52.979204, -29.556915 ], [ -52.964332, -29.568522 ], [ -52.970672, -29.576086 ], [ -52.962366, -29.578632 ], [ -52.957276, -29.58973 ], [ -52.961536, -29.601642 ], [ -52.948826, -29.6331 ], [ -52.940531, -29.63824 ], [ -52.94351, -29.645741 ], [ -52.933274, -29.652089 ], [ -52.93127, -29.669185 ], [ -52.932156, -29.674551 ], [ -52.934806, -29.690816 ], [ -52.930182, -29.692093 ], [ -52.924877, -29.70178 ], [ -52.927433, -29.72024 ], [ -52.925587, -29.72407 ], [ -52.931658, -29.730248 ], [ -52.927946, -29.733356 ], [ -52.93155, -29.744625 ], [ -52.925881, -29.749505 ], [ -52.926874, -29.754562 ], [ -52.923566, -29.754134 ], [ -52.926928, -29.761304 ], [ -52.921231, -29.765643 ], [ -52.926956, -29.770649 ], [ -52.922844, -29.790669 ], [ -52.916935, -29.804911 ], [ -52.911824, -29.806296 ], [ -52.907242, -29.814104 ], [ -52.904085, -29.821886 ], [ -52.907954, -29.829362 ], [ -52.901435, -29.834561 ], [ -52.899129, -29.845603 ], [ -52.892411, -29.847607 ], [ -52.891629, -29.852444 ], [ -52.894387, -29.861655 ], [ -52.89086, -29.864965 ], [ -52.881371, -29.865319 ], [ -52.877908, -29.873238 ], [ -52.870346, -29.874038 ], [ -52.867639, -29.880964 ], [ -52.864974, -29.897065 ], [ -52.856602, -29.907737 ], [ -52.850886, -29.910037 ], [ -52.848848, -29.926617 ], [ -52.843725, -29.926393 ], [ -52.831055, -29.911364 ], [ -52.81656, -29.922664 ], [ -52.808464, -29.918784 ], [ -52.800848, -29.909099 ], [ -52.790609, -29.904887 ], [ -52.764775, -29.907338 ], [ -52.740811, -29.904247 ], [ -52.736013, -29.905691 ], [ -52.718363, -29.905106 ], [ -52.704742, -29.916668 ], [ -52.704094, -29.931482 ], [ -52.708558, -29.942988 ], [ -52.705713, -29.947104 ], [ -52.709561, -29.956529 ], [ -52.705909, -29.962762 ], [ -52.702156, -29.97373 ], [ -52.693628, -29.97799 ], [ -52.694759, -29.981703 ], [ -52.68153, -29.989735 ], [ -52.68695, -29.995659 ], [ -52.685014, -29.999389 ], [ -52.662955, -29.987519 ], [ -52.643177, -29.994051 ], [ -52.610215, -30.019897 ], [ -52.604894, -30.02621 ], [ -52.606627, -30.032577 ], [ -52.613671, -30.025826 ], [ -52.629798, -30.026877 ], [ -52.65019, -30.022462 ], [ -52.656161, -30.026434 ], [ -52.66517, -30.024913 ], [ -52.672196, -30.043569 ], [ -52.690207, -30.06072 ], [ -52.686386, -30.064443 ], [ -52.688874, -30.070323 ], [ -52.674901, -30.07858 ], [ -52.681933, -30.10395 ], [ -52.66904, -30.121053 ], [ -52.675399, -30.133867 ], [ -52.661482, -30.140915 ], [ -52.6684, -30.149222 ], [ -52.671082, -30.174838 ], [ -52.668501, -30.187224 ], [ -52.652458, -30.199751 ], [ -52.65684, -30.208878 ], [ -52.653416, -30.213157 ], [ -52.649558, -30.209912 ], [ -52.644772, -30.210903 ], [ -52.64062, -30.22148 ], [ -52.637606, -30.232527 ], [ -52.623137, -30.24915 ], [ -52.623469, -30.256455 ], [ -52.618259, -30.261717 ], [ -52.621145, -30.274421 ], [ -52.615301, -30.295188 ], [ -52.606147, -30.304464 ], [ -52.602378, -30.314678 ], [ -52.604397, -30.319729 ], [ -52.601286, -30.325668 ], [ -52.608445, -30.339119 ], [ -52.601496, -30.343599 ], [ -52.59461, -30.343153 ], [ -52.595806, -30.35126 ], [ -52.592518, -30.357141 ], [ -52.583503, -30.361465 ], [ -52.582567, -30.370334 ], [ -52.578275, -30.37334 ], [ -52.561439, -30.359816 ], [ -52.543002, -30.361871 ], [ -52.535444, -30.35477 ], [ -52.556809, -30.344374 ], [ -52.554077, -30.32811 ], [ -52.558831, -30.284698 ], [ -52.548361, -30.286165 ], [ -52.536824, -30.282348 ], [ -52.531637, -30.278953 ], [ -52.530748, -30.271896 ], [ -52.516705, -30.283273 ], [ -52.51331, -30.298889 ], [ -52.505338, -30.309149 ], [ -52.510286, -30.325743 ], [ -52.506742, -30.337836 ], [ -52.50854, -30.351668 ], [ -52.500973, -30.361854 ], [ -52.418373, -30.362489 ], [ -52.413834, -30.375118 ], [ -52.401685, -30.380302 ], [ -52.392901, -30.376085 ], [ -52.383934, -30.376249 ], [ -52.368192, -30.36397 ], [ -52.357441, -30.36174 ], [ -52.350711, -30.357491 ], [ -52.342415, -30.358519 ], [ -52.355339, -30.378654 ], [ -52.350474, -30.389561 ], [ -52.358064, -30.391628 ], [ -52.360176, -30.398573 ], [ -52.35734, -30.402326 ], [ -52.34786, -30.40226 ], [ -52.353047, -30.412617 ], [ -52.350146, -30.417527 ], [ -52.352976, -30.422658 ], [ -52.347604, -30.43068 ], [ -52.350081, -30.4347 ], [ -52.354155, -30.432077 ], [ -52.362453, -30.44887 ], [ -52.368412, -30.453168 ], [ -52.374438, -30.451136 ], [ -52.372821, -30.458917 ], [ -52.379433, -30.465303 ], [ -52.385071, -30.467619 ], [ -52.385107, -30.471466 ], [ -52.389647, -30.471515 ], [ -52.390637, -30.481079 ], [ -52.404032, -30.484161 ], [ -52.403873, -30.491564 ], [ -52.398634, -30.494483 ], [ -52.404143, -30.506317 ], [ -52.397554, -30.507983 ], [ -52.401447, -30.515207 ], [ -52.40518, -30.513508 ], [ -52.414272, -30.522045 ], [ -52.414685, -30.52927 ], [ -52.420715, -30.529773 ], [ -52.423757, -30.542779 ], [ -52.417889, -30.547072 ], [ -52.43422, -30.556056 ], [ -52.442721, -30.552636 ], [ -52.451453, -30.558382 ], [ -52.448905, -30.564603 ], [ -52.451697, -30.576592 ], [ -52.433506, -30.574145 ], [ -52.429413, -30.581184 ], [ -52.420552, -30.581875 ], [ -52.419111, -30.586949 ], [ -52.412945, -30.583861 ], [ -52.408178, -30.589627 ], [ -52.39897, -30.592491 ], [ -52.399115, -30.595497 ], [ -52.384909, -30.59782 ], [ -52.37962, -30.605613 ], [ -52.368044, -30.601867 ], [ -52.369297, -30.607804 ], [ -52.361757, -30.605086 ], [ -52.357275, -30.611591 ], [ -52.353905, -30.626532 ], [ -52.348548, -30.624892 ], [ -52.341728, -30.630508 ], [ -52.345889, -30.635338 ], [ -52.340198, -30.638543 ], [ -52.343507, -30.640233 ], [ -52.343522, -30.647617 ], [ -52.338414, -30.653218 ], [ -52.343846, -30.671063 ], [ -52.342441, -30.678101 ], [ -52.335849, -30.680455 ], [ -52.339513, -30.684857 ], [ -52.338116, -30.688086 ], [ -52.33533, -30.686666 ], [ -52.335475, -30.691647 ], [ -52.342926, -30.695295 ], [ -52.352151, -30.687397 ], [ -52.361957, -30.690047 ], [ -52.365247, -30.685558 ], [ -52.3749, -30.686654 ], [ -52.390478, -30.662325 ], [ -52.397517, -30.662399 ], [ -52.412951, -30.654615 ], [ -52.447474, -30.654926 ], [ -52.442385, -30.658795 ], [ -52.430792, -30.687676 ], [ -52.429744, -30.697259 ], [ -52.438833, -30.713388 ], [ -52.439754, -30.750407 ], [ -52.444629, -30.755014 ], [ -52.44282, -30.759235 ], [ -52.448975, -30.763549 ], [ -52.445613, -30.775643 ], [ -52.45329, -30.778723 ], [ -52.452291, -30.788626 ], [ -52.4563, -30.796652 ], [ -52.453042, -30.802471 ], [ -52.446794, -30.80097 ], [ -52.447195, -30.807694 ], [ -52.43814, -30.815998 ], [ -52.440119, -30.822488 ], [ -52.432621, -30.830204 ], [ -52.43428, -30.835577 ], [ -52.426377, -30.84056 ], [ -52.427373, -30.845165 ], [ -52.420952, -30.850435 ], [ -52.417667, -30.859165 ], [ -52.425199, -30.869089 ], [ -52.428076, -30.886998 ], [ -52.422817, -30.906075 ], [ -52.426897, -30.914992 ], [ -52.42596, -30.904092 ], [ -52.439433, -30.89527 ], [ -52.456691, -30.911439 ], [ -52.468482, -30.917266 ], [ -52.472005, -30.909974 ], [ -52.47755, -30.911382 ], [ -52.490803, -30.925992 ], [ -52.49569, -30.925868 ], [ -52.499888, -30.920937 ], [ -52.502318, -30.926686 ], [ -52.510193, -30.926426 ], [ -52.520509, -30.932987 ], [ -52.525787, -30.92963 ], [ -52.537215, -30.933215 ], [ -52.545581, -30.925471 ], [ -52.561016, -30.927796 ], [ -52.561365, -30.933745 ], [ -52.556127, -30.930059 ], [ -52.553208, -30.934101 ], [ -52.555509, -30.945212 ], [ -52.559212, -30.947426 ], [ -52.575436, -30.940203 ], [ -52.58449, -30.941563 ], [ -52.587561, -30.946739 ], [ -52.60089, -30.954109 ], [ -52.61866, -30.951376 ], [ -52.629138, -30.945463 ], [ -52.632939, -30.948827 ], [ -52.628813, -30.959906 ], [ -52.635575, -30.96411 ], [ -52.641835, -30.957086 ], [ -52.651126, -30.92251 ], [ -52.658197, -30.917222 ], [ -52.665356, -30.917242 ], [ -52.673062, -30.907411 ], [ -52.706505, -30.904661 ], [ -52.715739, -30.896161 ], [ -52.722629, -30.899455 ], [ -52.729922, -30.894843 ], [ -52.753763, -30.897931 ], [ -52.793039, -30.906031 ], [ -52.802435, -30.904686 ], [ -52.809452, -30.91254 ], [ -52.828614, -30.904414 ], [ -52.829349, -30.904429 ], [ -52.837787, -30.913695 ], [ -52.865495, -30.921955 ], [ -52.877886, -30.921229 ], [ -52.894527, -30.930675 ], [ -52.907749, -30.922484 ], [ -52.910211, -30.927669 ], [ -52.906904, -30.93763 ], [ -52.911638, -30.941043 ], [ -52.918551, -30.939601 ], [ -52.921962, -30.926444 ], [ -52.928039, -30.925576 ], [ -52.933109, -30.932026 ], [ -52.943506, -30.928122 ], [ -52.96394, -30.932962 ], [ -52.988874, -30.9296 ], [ -53.003753, -30.92079 ], [ -53.007492, -30.922177 ], [ -53.003636, -30.928693 ], [ -53.008225, -30.93323 ], [ -53.016155, -30.929038 ], [ -53.019701, -30.921044 ], [ -53.014537, -30.912117 ], [ -53.012195, -30.908168 ], [ -53.017758, -30.90586 ], [ -53.012128, -30.901563 ], [ -53.0144, -30.896141 ], [ -52.996671, -30.887573 ], [ -52.998653, -30.884607 ], [ -52.993092, -30.872837 ], [ -52.989979, -30.873386 ], [ -52.988022, -30.869343 ], [ -52.984318, -30.87104 ], [ -52.985475, -30.866292 ], [ -52.981267, -30.861606 ], [ -52.988353, -30.857728 ], [ -52.982848, -30.853493 ], [ -52.971793, -30.859027 ], [ -52.960543, -30.858948 ], [ -52.960553, -30.848677 ], [ -52.953322, -30.845172 ], [ -52.950841, -30.830827 ], [ -52.947825, -30.830156 ], [ -52.955046, -30.826824 ], [ -52.955251, -30.816512 ], [ -52.961856, -30.817184 ], [ -52.964073, -30.81423 ], [ -52.959558, -30.810042 ], [ -52.954858, -30.80706 ], [ -52.955787, -30.79475 ], [ -52.951027, -30.793915 ], [ -52.953806, -30.791632 ], [ -52.947608, -30.786572 ], [ -52.957592, -30.782928 ], [ -52.953704, -30.778102 ], [ -52.958036, -30.774636 ], [ -52.954487, -30.772934 ], [ -52.961111, -30.767484 ], [ -52.962617, -30.759297 ], [ -52.948801, -30.739658 ], [ -52.953823, -30.737479 ], [ -52.954054, -30.733227 ], [ -52.961253, -30.733655 ], [ -52.96675, -30.727996 ], [ -52.973857, -30.72837 ], [ -52.97806, -30.723382 ], [ -52.9727, -30.719659 ], [ -52.977164, -30.718106 ], [ -52.972311, -30.71501 ], [ -52.973682, -30.711188 ], [ -52.977143, -30.712178 ], [ -52.97568, -30.706641 ], [ -52.980402, -30.708193 ], [ -52.983628, -30.704541 ], [ -52.993368, -30.697631 ], [ -52.982564, -30.691735 ], [ -52.986482, -30.687192 ], [ -52.994726, -30.686824 ], [ -52.994363, -30.681536 ], [ -52.987786, -30.677935 ], [ -52.997192, -30.666133 ], [ -53.008605, -30.667755 ], [ -53.013272, -30.672566 ], [ -53.019903, -30.665515 ], [ -53.028904, -30.666126 ], [ -53.034821, -30.670822 ], [ -53.047713, -30.665101 ], [ -53.052754, -30.661038 ], [ -53.054962, -30.646893 ], [ -53.069794, -30.643866 ], [ -53.088937, -30.634676 ], [ -53.095606, -30.624183 ], [ -53.100391, -30.622901 ], [ -53.104212, -30.613337 ], [ -53.112859, -30.607081 ], [ -53.122909, -30.608782 ], [ -53.122259, -30.590517 ], [ -53.131293, -30.584358 ], [ -53.133801, -30.575043 ], [ -53.140456, -30.575027 ], [ -53.141113, -30.56641 ], [ -53.15164, -30.556069 ], [ -53.154998, -30.546129 ], [ -53.166346, -30.547254 ], [ -53.162692, -30.541144 ], [ -53.162294, -30.537016 ], [ -53.175199, -30.541127 ], [ -53.172729, -30.531402 ], [ -53.177816, -30.527996 ], [ -53.185189, -30.533094 ], [ -53.188695, -30.531815 ], [ -53.192041, -30.504387 ], [ -53.185892, -30.500519 ], [ -53.189717, -30.495188 ], [ -53.185265, -30.489961 ], [ -53.212752, -30.451377 ], [ -53.218205, -30.461522 ] ], [ [ -53.087507, -29.37208 ], [ -53.079929, -29.368648 ], [ -53.079929, -29.368647 ], [ -53.087507, -29.37208 ] ] ] } },
{ "type": "Feature", "properties": { "HREG_ID": "43028", "HREG_NAME": "Região 28", "id": "430420", "name": "Candelária", "description": "Candelária", "MUN_ID": "430420", "UF": "RS", "MACRO_ID": "4308", "MACRO_NAME": "Vales" }, "geometry": { "type": "Polygon", "coordinates": [ [ [ -52.764775, -29.907338 ], [ -52.790609, -29.904887 ], [ -52.800848, -29.909099 ], [ -52.808464, -29.918784 ], [ -52.81656, -29.922664 ], [ -52.831055, -29.911364 ], [ -52.843725, -29.926393 ], [ -52.848848, -29.926617 ], [ -52.850886, -29.910037 ], [ -52.856602, -29.907737 ], [ -52.864974, -29.897065 ], [ -52.867639, -29.880964 ], [ -52.870346, -29.874038 ], [ -52.877908, -29.873238 ], [ -52.881371, -29.865319 ], [ -52.89086, -29.864965 ], [ -52.894387, -29.861655 ], [ -52.891629, -29.852444 ], [ -52.892411, -29.847607 ], [ -52.899129, -29.845603 ], [ -52.901435, -29.834561 ], [ -52.907954, -29.829362 ], [ -52.904085, -29.821886 ], [ -52.907242, -29.814104 ], [ -52.911824, -29.806296 ], [ -52.916935, -29.804911 ], [ -52.922844, -29.790669 ], [ -52.926956, -29.770649 ], [ -52.921231, -29.765643 ], [ -52.926928, -29.761304 ], [ -52.923566, -29.754134 ], [ -52.926874, -29.754562 ], [ -52.925881, -29.749505 ], [ -52.93155, -29.744625 ], [ -52.927946, -29.733356 ], [ -52.931658, -29.730248 ], [ -52.925587, -29.72407 ], [ -52.927433, -29.72024 ], [ -52.924877, -29.70178 ], [ -52.930182, -29.692093 ], [ -52.934806, -29.690816 ], [ -52.932156, -29.674551 ], [ -52.93127, -29.669185 ], [ -52.933274, -29.652089 ], [ -52.94351, -29.645741 ], [ -52.940531, -29.63824 ], [ -52.948826, -29.6331 ], [ -52.961536, -29.601642 ], [ -52.957276, -29.58973 ], [ -52.962366, -29.578632 ], [ -52.970672, -29.576086 ], [ -52.964332, -29.568522 ], [ -52.979204, -29.556915 ], [ -52.972837, -29.55585 ], [ -52.975908, -29.543737 ], [ -52.973145, -29.534751 ], [ -52.969146, -29.533333 ], [ -52.971031, -29.523852 ], [ -52.966381, -29.519586 ], [ -52.970441, -29.51911 ], [ -52.962527, -29.515354 ], [ -52.946428, -29.520623 ], [ -52.926159, -29.515252 ], [ -52.915986, -29.518282 ], [ -52.911987, -29.51514 ], [ -52.896467, -29.516455 ], [ -52.886924, -29.509589 ], [ -52.873964, -29.512414 ], [ -52.862784, -29.509683 ], [ -52.850059, -29.511297 ], [ -52.843242, -29.50802 ], [ -52.818254, -29.504904 ], [ -52.800713, -29.502713 ], [ -52.79796, -29.495015 ], [ -52.786906, -29.475691 ], [ -52.779709, -29.462227 ], [ -52.779116, -29.449942 ], [ -52.770532, -29.447506 ], [ -52.772203, -29.443953 ], [ -52.775032, -29.43808 ], [ -52.769584, -29.423428 ], [ -52.759496, -29.418156 ], [ -52.768133, -29.412313 ], [ -52.757275, -29.405119 ], [ -52.764065, -29.400051 ], [ -52.758971, -29.39439 ], [ -52.754516, -29.377174 ], [ -52.749173, -29.372682 ], [ -52.755203, -29.367842 ], [ -52.753828, -29.364196 ], [ -52.743986, -29.367388 ], [ -52.740474, -29.347951 ], [ -52.733724, -29.348975 ], [ -52.740865, -29.34402 ], [ -52.739335, -29.334607 ], [ -52.72955, -29.342366 ], [ -52.732168, -29.328086 ], [ -52.727326, -29.326616 ], [ -52.726141, -29.319704 ], [ -52.71878, -29.320533 ], [ -52.723832, -29.316358 ], [ -52.718146, -29.305333 ], [ -52.709459, -29.306474 ], [ -52.719571, -29.302388 ], [ -52.720222, -29.29665 ], [ -52.728161, -29.296724 ], [ -52.729596, -29.29161 ], [ -52.718046, -29.292057 ], [ -52.71379, -29.295859 ], [ -52.712941, -29.288174 ], [ -52.707354, -29.288879 ], [ -52.704414, -29.293577 ], [ -52.697845, -29.287199 ], [ -52.690884, -29.28571 ], [ -52.694916, -29.280823 ], [ -52.692657, -29.272563 ], [ -52.698205, -29.269173 ], [ -52.693999, -29.260485 ], [ -52.686889, -29.266626 ], [ -52.67977, -29.25769 ], [ -52.675528, -29.253358 ], [ -52.680455, -29.247861 ], [ -52.674788, -29.244974 ], [ -52.674118, -29.233407 ], [ -52.666121, -29.235607 ], [ -52.660911, -29.227445 ], [ -52.655996, -29.231333 ], [ -52.650187, -29.231362 ], [ -52.649104, -29.227877 ], [ -52.645174, -29.230997 ], [ -52.647188, -29.233087 ], [ -52.63985, -29.234199 ], [ -52.634625, -29.231222 ], [ -52.633483, -29.225873 ], [ -52.630087, -29.232178 ], [ -52.626893, -29.227909 ], [ -52.618017, -29.232034 ], [ -52.614423, -29.230905 ], [ -52.615253, -29.227731 ], [ -52.609745, -29.227272 ], [ -52.608483, -29.22168 ], [ -52.597921, -29.213771 ], [ -52.585936, -29.217126 ], [ -52.590775, -29.224105 ], [ -52.578878, -29.227612 ], [ -52.576311, -29.224416 ], [ -52.559473, -29.222594 ], [ -52.558216, -29.219439 ], [ -52.552627, -29.223026 ], [ -52.535081, -29.224056 ], [ -52.525985, -29.218779 ], [ -52.52262, -29.225927 ], [ -52.516751, -29.227847 ], [ -52.519112, -29.235232 ], [ -52.500481, -29.246793 ], [ -52.504303, -29.249223 ], [ -52.510652, -29.244629 ], [ -52.51717, -29.245758 ], [ -52.527651, -29.259426 ], [ -52.523215, -29.266872 ], [ -52.52574, -29.279968 ], [ -52.522592, -29.284249 ], [ -52.525865, -29.286586 ], [ -52.523095, -29.296255 ], [ -52.528894, -29.310206 ], [ -52.528864, -29.31035 ], [ -52.533048, -29.316533 ], [ -52.530688, -29.321051 ], [ -52.535789, -29.323878 ], [ -52.534599, -29.328493 ], [ -52.527767, -29.323125 ], [ -52.522066, -29.337325 ], [ -52.508421, -29.343579 ], [ -52.489185, -29.343673 ], [ -52.470952, -29.359658 ], [ -52.469072, -29.365554 ], [ -52.463905, -29.366658 ], [ -52.461738, -29.373463 ], [ -52.455949, -29.368746 ], [ -52.459395, -29.365648 ], [ -52.45487, -29.35782 ], [ -52.445326, -29.353087 ], [ -52.447638, -29.34937 ], [ -52.443638, -29.347386 ], [ -52.430105, -29.340333 ], [ -52.418314, -29.343384 ], [ -52.409934, -29.358585 ], [ -52.400795, -29.365575 ], [ -52.395098, -29.363066 ], [ -52.390005, -29.353004 ], [ -52.38372, -29.352192 ], [ -52.373366, -29.36331 ], [ -52.36717, -29.371835 ], [ -52.350371, -29.369606 ], [ -52.344755, -29.380363 ], [ -52.325683, -29.392487 ], [ -52.31533, -29.392374 ], [ -52.316413, -29.394858 ], [ -52.307524, -29.397265 ], [ -52.306999, -29.400465 ], [ -52.302005, -29.397884 ], [ -52.299238, -29.400636 ], [ -52.304439, -29.403537 ], [ -52.301444, -29.408365 ], [ -52.291433, -29.407585 ], [ -52.29275, -29.412279 ], [ -52.28378, -29.41439 ], [ -52.285158, -29.419671 ], [ -52.279395, -29.417362 ], [ -52.278906, -29.421354 ], [ -52.273539, -29.419964 ], [ -52.274386, -29.423942 ], [ -52.265337, -29.432316 ], [ -52.26212, -29.430232 ], [ -52.261054, -29.434253 ], [ -52.248968, -29.448285 ], [ -52.241134, -29.448967 ], [ -52.237803, -29.453776 ], [ -52.231481, -29.456254 ], [ -52.227998, -29.453977 ], [ -52.224036, -29.457838 ], [ -52.217676, -29.455618 ], [ -52.209884, -29.459929 ], [ -52.197693, -29.459542 ], [ -52.196384, -29.462667 ], [ -52.181775, -29.467439 ], [ -52.175844, -29.4756 ], [ -52.166645, -29.473688 ], [ -52.155491, -29.476487 ], [ -52.141611, -29.484025 ], [ -52.139947, -29.488348 ], [ -52.128561, -29.49185 ], [ -52.127436, -29.496605 ], [ -52.112882, -29.494565 ], [ -52.10597, -29.497383 ], [ -52.10732, -29.512883 ], [ -52.1074, -29.513795 ], [ -52.108139, -29.522277 ], [ -52.096023, -29.527099 ], [ -52.090622, -29.529248 ], [ -52.097752, -29.534118 ], [ -52.096534, -29.539244 ], [ -52.10053, -29.549756 ], [ -52.08884, -29.551839 ], [ -52.083961, -29.556667 ], [ -52.081415, -29.553411 ], [ -52.079761, -29.561737 ], [ -52.079711, -29.561672 ], [ -52.074006, -29.561593 ], [ -52.067561, -29.573077 ], [ -52.059202, -29.572885 ], [ -52.058486, -29.578478 ], [ -52.051986, -29.580669 ], [ -52.043772, -29.583944 ], [ -52.039335, -29.593575 ], [ -52.03091, -29.594805 ], [ -52.03051, -29.602132 ], [ -52.031461, -29.609319 ], [ -52.019817, -29.612517 ], [ -52.014453, -29.622336 ], [ -52.011509, -29.619182 ], [ -52.00938, -29.623941 ], [ -52.000205, -29.623942 ], [ -51.9919, -29.613856 ], [ -51.990979, -29.617375 ], [ -51.991985, -29.629322 ], [ -51.980639, -29.624504 ], [ -51.979934, -29.627744 ], [ -51.975574, -29.626211 ], [ -51.977218, -29.631226 ], [ -51.969445, -29.633648 ], [ -51.981399, -29.652571 ], [ -51.98178, -29.660055 ], [ -51.970001, -29.686523 ], [ -51.963474, -29.700907 ], [ -51.95367, -29.712303 ], [ -51.94429, -29.732683 ], [ -51.942456, -29.758152 ], [ -51.947846, -29.758839 ], [ -51.954783, -29.765016 ], [ -51.960455, -29.763829 ], [ -51.957677, -29.755239 ], [ -51.960509, -29.735518 ], [ -51.967231, -29.732692 ], [ -51.972137, -29.736238 ], [ -51.984123, -29.730189 ], [ -51.985815, -29.725764 ], [ -52.00083, -29.723091 ], [ -52.004838, -29.716333 ], [ -52.003124, -29.710381 ], [ -52.006072, -29.705282 ], [ -52.019387, -29.70869 ], [ -52.029748, -29.702437 ], [ -52.036894, -29.703277 ], [ -52.033293, -29.710834 ], [ -52.013875, -29.73562 ], [ -52.01659, -29.746681 ], [ -52.034588, -29.766494 ], [ -52.040031, -29.783964 ], [ -52.053696, -29.796783 ], [ -52.052707, -29.804161 ], [ -52.058141, -29.813761 ], [ -52.052373, -29.823347 ], [ -52.052021, -29.839036 ], [ -52.037401, -29.857935 ], [ -52.048404, -29.861117 ], [ -52.050374, -29.865286 ], [ -52.044565, -29.889114 ], [ -52.042649, -29.888721 ], [ -52.054141, -29.922358 ], [ -52.046475, -29.926682 ], [ -52.035495, -29.923872 ], [ -52.018427, -29.930063 ], [ -52.01529, -29.932298 ], [ -52.017374, -29.937367 ], [ -52.027235, -29.943981 ], [ -52.026003, -29.954257 ], [ -52.032553, -29.956766 ], [ -52.035805, -29.954795 ], [ -52.048503, -29.941091 ], [ -52.067621, -29.931569 ], [ -52.077613, -29.939402 ], [ -52.095157, -29.945812 ], [ -52.104045, -29.945119 ], [ -52.126236, -29.937144 ], [ -52.138894, -29.938866 ], [ -52.147439, -29.951021 ], [ -52.148013, -29.963221 ], [ -52.154448, -29.976802 ], [ -52.145786, -30.019776 ], [ -52.153295, -30.028007 ], [ -52.149844, -30.038026 ], [ -52.151999, -30.052966 ], [ -52.155336, -30.061451 ], [ -52.16227, -30.065807 ], [ -52.160387, -30.071704 ], [ -52.16446, -30.076551 ], [ -52.165673, -30.093043 ], [ -52.158121, -30.102186 ], [ -52.165748, -30.107965 ], [ -52.169068, -30.125031 ], [ -52.157278, -30.136005 ], [ -52.151839, -30.145618 ], [ -52.15205, -30.157252 ], [ -52.147519, -30.161899 ], [ -52.151667, -30.175536 ], [ -52.160458, -30.182764 ], [ -52.158232, -30.190828 ], [ -52.162398, -30.199119 ], [ -52.160827, -30.204521 ], [ -52.135453, -30.216713 ], [ -52.135764, -30.227109 ], [ -52.14594, -30.239788 ], [ -52.151333, -30.241719 ], [ -52.151452, -30.246205 ], [ -52.158911, -30.25006 ], [ -52.158346, -30.253776 ], [ -52.165948, -30.254901 ], [ -52.165453, -30.274304 ], [ -52.176548, -30.276449 ], [ -52.170159, -30.283653 ], [ -52.170597, -30.306618 ], [ -52.164322, -30.306123 ], [ -52.166727, -30.310239 ], [ -52.158189, -30.316085 ], [ -52.162666, -30.321748 ], [ -52.153001, -30.334089 ], [ -52.159704, -30.337331 ], [ -52.158401, -30.345012 ], [ -52.163538, -30.346068 ], [ -52.166024, -30.36037 ], [ -52.171465, -30.362859 ], [ -52.170428, -30.370037 ], [ -52.177508, -30.37774 ], [ -52.179727, -30.390918 ], [ -52.173029, -30.420981 ], [ -52.163342, -30.4289 ], [ -52.160412, -30.437471 ], [ -52.158195, -30.442231 ], [ -52.171549, -30.442088 ], [ -52.183337, -30.448617 ], [ -52.191213, -30.444707 ], [ -52.212256, -30.44731 ], [ -52.220101, -30.444581 ], [ -52.224012, -30.438425 ], [ -52.2334, -30.435492 ], [ -52.232326, -30.426463 ], [ -52.251621, -30.417459 ], [ -52.250681, -30.412937 ], [ -52.25797, -30.40715 ], [ -52.256167, -30.402168 ], [ -52.263252, -30.394144 ], [ -52.26127, -30.388444 ], [ -52.264279, -30.385635 ], [ -52.260697, -30.382222 ], [ -52.263152, -30.372999 ], [ -52.284313, -30.361063 ], [ -52.289803, -30.346614 ], [ -52.297417, -30.341793 ], [ -52.29908, -30.333511 ], [ -52.305061, -30.336271 ], [ -52.303726, -30.343914 ], [ -52.313775, -30.342918 ], [ -52.32361, -30.355802 ], [ -52.342415, -30.358519 ], [ -52.350711, -30.357491 ], [ -52.357441, -30.36174 ], [ -52.368192, -30.36397 ], [ -52.383934, -30.376249 ], [ -52.392901, -30.376085 ], [ -52.401685, -30.380302 ], [ -52.413834, -30.375118 ], [ -52.418373, -30.362489 ], [ -52.500973, -30.361854 ], [ -52.50854, -30.351668 ], [ -52.506742, -30.337836 ], [ -52.510286, -30.325743 ], [ -52.505338, -30.309149 ], [ -52.51331, -30.298889 ], [ -52.516705, -30.283273 ], [ -52.530748, -30.271896 ], [ -52.531637, -30.278953 ], [ -52.536824, -30.282348 ], [ -52.548361, -30.286165 ], [ -52.558831, -30.284698 ], [ -52.554077, -30.32811 ], [ -52.556809, -30.344374 ], [ -52.535444, -30.35477 ], [ -52.543002, -30.361871 ], [ -52.561439, -30.359816 ], [ -52.578275, -30.37334 ], [ -52.582567, -30.370334 ], [ -52.583503, -30.361465 ], [ -52.592518, -30.357141 ], [ -52.595806, -30.35126 ], [ -52.59461, -30.343153 ], [ -52.601496, -30.343599 ], [ -52.608445, -30.339119 ], [ -52.601286, -30.325668 ], [ -52.604397, -30.319729 ], [ -52.602378, -30.314678 ], [ -52.606147, -30.304464 ], [ -52.615301, -30.295188 ], [ -52.621145, -30.274421 ], [ -52.618259, -30.261717 ], [ -52.623469, -30.256455 ], [ -52.623137, -30.24915 ], [ -52.637606, -30.232527 ], [ -52.64062, -30.22148 ], [ -52.644772, -30.210903 ], [ -52.649558, -30.209912 ], [ -52.653416, -30.213157 ], [ -52.65684, -30.208878 ], [ -52.652458, -30.199751 ], [ -52.668501, -30.187224 ], [ -52.671082, -30.174838 ], [ -52.6684, -30.149222 ], [ -52.661482, -30.140915 ], [ -52.675399, -30.133867 ], [ -52.66904, -30.121053 ], [ -52.681933, -30.10395 ], [ -52.674901, -30.07858 ], [ -52.688874, -30.070323 ], [ -52.686386, -30.064443 ], [ -52.690207, -30.06072 ], [ -52.672196, -30.043569 ], [ -52.66517, -30.024913 ], [ -52.656161, -30.026434 ], [ -52.65019, -30.022462 ], [ -52.629798, -30.026877 ], [ -52.613671, -30.025826 ], [ -52.606627, -30.032577 ], [ -52.604894, -30.02621 ], [ -52.610215, -30.019897 ], [ -52.643177, -29.994051 ], [ -52.662955, -29.987519 ], [ -52.685014, -29.999389 ], [ -52.68695, -29.995659 ], [ -52.68153, -29.989735 ], [ -52.694759, -29.981703 ], [ -52.693628, -29.97799 ], [ -52.702156, -29.97373 ], [ -52.705909, -29.962762 ], [ -52.709561, -29.956529 ], [ -52.705713, -29.947104 ], [ -52.708558, -29.942988 ], [ -52.704094, -29.931482 ], [ -52.704742, -29.916668 ], [ -52.718363, -29.905106 ], [ -52.736013, -29.905691 ], [ -52.740811, -29.904247 ], [ -52.764775, -29.907338 ] ] ] } },
{ "type": "Feature", "properties": { "HREG_ID": "43029", "HREG_NAME": "Região 29", "id": "430070", "name": "Anta Gorda", "description": "Anta Gorda", "MUN_ID": "430070", "UF": "RS", "MACRO_ID": "4308", "MACRO_NAME": "Vales" }, "geometry": { "type": "Polygon", "coordinates": [ [ [ -52.155491, -29.476487 ], [ -52.166645, -29.473688 ], [ -52.175844, -29.4756 ], [ -52.181775, -29.467439 ], [ -52.196384, -29.462667 ], [ -52.197693, -29.459542 ], [ -52.209884, -29.459929 ], [ -52.217676, -29.455618 ], [ -52.224036, -29.457838 ], [ -52.227998, -29.453977 ], [ -52.231481, -29.456254 ], [ -52.237803, -29.453776 ], [ -52.241134, -29.448967 ], [ -52.248968, -29.448285 ], [ -52.261054, -29.434253 ], [ -52.26212, -29.430232 ], [ -52.265337, -29.432316 ], [ -52.274386, -29.423942 ], [ -52.273539, -29.419964 ], [ -52.278906, -29.421354 ], [ -52.279395, -29.417362 ], [ -52.285158, -29.419671 ], [ -52.28378, -29.41439 ], [ -52.29275, -29.412279 ], [ -52.291433, -29.407585 ], [ -52.301444, -29.408365 ], [ -52.304439, -29.403537 ], [ -52.299238, -29.400636 ], [ -52.302005, -29.397884 ], [ -52.306999, -29.400465 ], [ -52.307524, -29.397265 ], [ -52.316413, -29.394858 ], [ -52.31533, -29.392374 ], [ -52.325683, -29.392487 ], [ -52.344755, -29.380363 ], [ -52.350371, -29.369606 ], [ -52.36717, -29.371835 ], [ -52.373366, -29.36331 ], [ -52.38372, -29.352192 ], [ -52.390005, -29.353004 ], [ -52.395098, -29.363066 ], [ -52.400795, -29.365575 ], [ -52.409934, -29.358585 ], [ -52.418314, -29.343384 ], [ -52.430105, -29.340333 ], [ -52.443638, -29.347386 ], [ -52.447638, -29.34937 ], [ -52.445326, -29.353087 ], [ -52.45487, -29.35782 ], [ -52.459395, -29.365648 ], [ -52.455949, -29.368746 ], [ -52.461738, -29.373463 ], [ -52.463905, -29.366658 ], [ -52.469072, -29.365554 ], [ -52.470952, -29.359658 ], [ -52.489185, -29.343673 ], [ -52.508421, -29.343579 ], [ -52.522066, -29.337325 ], [ -52.527767, -29.323125 ], [ -52.534599, -29.328493 ], [ -52.535789, -29.323878 ], [ -52.530688, -29.321051 ], [ -52.533048, -29.316533 ], [ -52.528864, -29.31035 ], [ -52.528894, -29.310206 ], [ -52.523095, -29.296255 ], [ -52.525865, -29.286586 ], [ -52.522592, -29.284249 ], [ -52.52574, -29.279968 ], [ -52.523215, -29.266872 ], [ -52.527651, -29.259426 ], [ -52.51717, -29.245758 ], [ -52.510652, -29.244629 ], [ -52.504303, -29.249223 ], [ -52.500481, -29.246793 ], [ -52.495315, -29.243435 ], [ -52.480618, -29.244968 ], [ -52.48043, -29.236596 ], [ -52.463593, -29.236209 ], [ -52.457274, -29.24004 ], [ -52.445074, -29.2329 ], [ -52.438915, -29.228882 ], [ -52.435882, -29.21352 ], [ -52.433301, -29.207416 ], [ -52.437721, -29.205801 ], [ -52.434507, -29.199622 ], [ -52.438074, -29.189366 ], [ -52.426883, -29.169926 ], [ -52.430551, -29.163631 ], [ -52.426789, -29.156479 ], [ -52.424582, -29.146392 ], [ -52.407485, -29.156464 ], [ -52.40593, -29.15406 ], [ -52.401494, -29.148348 ], [ -52.39543, -29.14985 ], [ -52.385788, -29.147091 ], [ -52.376456, -29.151413 ], [ -52.368913, -29.150238 ], [ -52.372542, -29.143085 ], [ -52.363264, -29.145485 ], [ -52.350896, -29.14968 ], [ -52.341941, -29.140138 ], [ -52.326794, -29.155806 ], [ -52.32403, -29.155708 ], [ -52.322149, -29.146441 ], [ -52.316574, -29.14542 ], [ -52.312687, -29.156683 ], [ -52.309964, -29.158004 ], [ -52.299816, -29.152208 ], [ -52.298729, -29.163573 ], [ -52.29184, -29.163422 ], [ -52.291675, -29.154109 ], [ -52.28617, -29.155018 ], [ -52.289068, -29.151534 ], [ -52.283859, -29.150234 ], [ -52.287439, -29.138251 ], [ -52.293605, -29.13719 ], [ -52.289933, -29.129167 ], [ -52.282675, -29.127324 ], [ -52.289169, -29.125009 ], [ -52.289337, -29.116268 ], [ -52.293713, -29.113907 ], [ -52.29187, -29.1093 ], [ -52.307951, -29.094558 ], [ -52.312118, -29.094946 ], [ -52.313653, -29.089639 ], [ -52.310416, -29.086585 ], [ -52.318267, -29.084228 ], [ -52.317996, -29.076751 ], [ -52.322216, -29.077347 ], [ -52.323711, -29.06873 ], [ -52.332224, -29.062271 ], [ -52.335362, -29.056776 ], [ -52.33639, -29.034762 ], [ -52.333292, -29.030082 ], [ -52.329227, -29.030379 ], [ -52.333064, -29.021808 ], [ -52.330539, -29.019744 ], [ -52.328153, -29.021958 ], [ -52.322154, -29.014716 ], [ -52.319636, -29.018352 ], [ -52.314126, -29.014377 ], [ -52.311143, -29.016516 ], [ -52.306409, -29.012996 ], [ -52.305423, -29.004868 ], [ -52.298202, -29.00459 ], [ -52.296704, -29.010046 ], [ -52.287146, -29.014264 ], [ -52.285552, -29.020686 ], [ -52.225296, -29.037616 ], [ -52.214102, -29.026935 ], [ -52.228821, -29.016306 ], [ -52.213789, -29.010962 ], [ -52.221936, -29.00174 ], [ -52.231296, -28.998259 ], [ -52.223532, -28.990602 ], [ -52.229741, -28.987458 ], [ -52.227536, -28.970343 ], [ -52.22759, -28.964326 ], [ -52.229134, -28.958766 ], [ -52.225492, -28.952383 ], [ -52.215819, -28.947227 ], [ -52.212229, -28.933604 ], [ -52.203568, -28.92934 ], [ -52.204992, -28.926191 ], [ -52.198399, -28.924611 ], [ -52.181213, -28.905418 ], [ -52.180183, -28.899904 ], [ -52.163482, -28.885605 ], [ -52.146088, -28.892316 ], [ -52.115932, -28.882524 ], [ -52.101785, -28.885802 ], [ -52.102095, -28.877862 ], [ -52.078948, -28.877379 ], [ -52.02758, -28.87676 ], [ -52.009328, -28.876537 ], [ -52.008343, -28.883016 ], [ -51.989493, -28.88801 ], [ -51.98884, -28.890501 ], [ -52.002774, -28.89857 ], [ -52.000696, -28.902307 ], [ -51.980757, -28.900294 ], [ -51.97996, -28.910747 ], [ -51.96884, -28.922843 ], [ -51.967775, -28.906766 ], [ -51.96263, -28.907223 ], [ -51.956198, -28.914959 ], [ -51.964203, -28.924271 ], [ -51.960375, -28.927752 ], [ -51.953611, -28.929348 ], [ -51.950635, -28.925719 ], [ -51.951691, -28.907758 ], [ -51.943272, -28.909471 ], [ -51.943103, -28.924129 ], [ -51.930007, -28.927694 ], [ -51.918861, -28.920821 ], [ -51.913342, -28.927025 ], [ -51.91311, -28.93218 ], [ -51.920894, -28.936572 ], [ -51.922328, -28.943712 ], [ -51.913113, -28.947649 ], [ -51.88919, -28.945882 ], [ -51.889102, -28.931987 ], [ -51.869471, -28.932142 ], [ -51.869558, -28.928317 ], [ -51.864, -28.928458 ], [ -51.860134, -28.928557 ], [ -51.855491, -28.932573 ], [ -51.855574, -28.918767 ], [ -51.842263, -28.918932 ], [ -51.841912, -28.93617 ], [ -51.780787, -28.935793 ], [ -51.780396, -28.937002 ], [ -51.767033, -28.945252 ], [ -51.768845, -28.956529 ], [ -51.765282, -28.959 ], [ -51.754745, -28.957301 ], [ -51.754509, -28.962274 ], [ -51.772372, -28.960721 ], [ -51.778319, -28.966798 ], [ -51.774192, -28.971932 ], [ -51.759324, -28.971973 ], [ -51.750767, -28.97493 ], [ -51.74927, -28.978807 ], [ -51.759017, -28.99062 ], [ -51.759497, -28.995999 ], [ -51.737667, -28.995443 ], [ -51.742337, -29.005144 ], [ -51.74117, -29.013563 ], [ -51.727637, -29.022117 ], [ -51.727752, -29.038572 ], [ -51.72312, -29.03879 ], [ -51.709812, -29.045482 ], [ -51.719489, -29.054305 ], [ -51.712766, -29.073901 ], [ -51.710156, -29.080004 ], [ -51.713525, -29.090177 ], [ -51.717694, -29.082226 ], [ -51.724642, -29.07705 ], [ -51.730225, -29.084271 ], [ -51.729454, -29.094011 ], [ -51.711708, -29.115161 ], [ -51.723681, -29.125139 ], [ -51.730032, -29.133289 ], [ -51.738611, -29.13626 ], [ -51.755504, -29.13813 ], [ -51.746313, -29.164552 ], [ -51.740486, -29.169396 ], [ -51.733167, -29.178326 ], [ -51.739533, -29.18591 ], [ -51.757493, -29.184678 ], [ -51.757206, -29.185433 ], [ -51.756612, -29.187002 ], [ -51.749485, -29.207603 ], [ -51.746992, -29.218422 ], [ -51.755001, -29.218195 ], [ -51.755459, -29.221278 ], [ -51.751431, -29.221178 ], [ -51.753829, -29.229157 ], [ -51.754266, -29.260068 ], [ -51.764678, -29.259894 ], [ -51.767078, -29.25557 ], [ -51.774535, -29.252195 ], [ -51.775083, -29.259718 ], [ -51.800965, -29.25928 ], [ -51.79851, -29.280995 ], [ -51.796482, -29.298921 ], [ -51.779506, -29.298429 ], [ -51.778313, -29.311083 ], [ -51.775388, -29.3421 ], [ -51.785351, -29.342358 ], [ -51.838936, -29.343733 ], [ -51.874718, -29.344639 ], [ -51.88433, -29.346615 ], [ -51.90956, -29.352148 ], [ -51.906838, -29.353524 ], [ -51.878883, -29.375217 ], [ -51.873555, -29.384313 ], [ -51.874931, -29.391713 ], [ -51.887931, -29.395054 ], [ -51.890104, -29.402465 ], [ -51.907824, -29.416474 ], [ -51.911895, -29.418193 ], [ -51.919551, -29.414792 ], [ -51.913376, -29.404759 ], [ -51.915366, -29.398736 ], [ -51.924229, -29.39706 ], [ -51.950998, -29.417389 ], [ -51.956008, -29.421034 ], [ -51.953472, -29.42511 ], [ -51.924089, -29.437614 ], [ -51.918644, -29.450389 ], [ -51.923508, -29.454519 ], [ -51.935118, -29.44856 ], [ -51.944791, -29.462068 ], [ -51.950692, -29.468515 ], [ -51.973286, -29.477539 ], [ -51.976878, -29.489853 ], [ -51.969845, -29.496873 ], [ -51.9814, -29.511463 ], [ -51.974951, -29.533681 ], [ -51.977422, -29.540772 ], [ -51.978212, -29.544192 ], [ -51.984867, -29.564317 ], [ -51.998723, -29.583497 ], [ -51.997967, -29.589766 ], [ -51.989886, -29.592086 ], [ -51.972962, -29.603865 ], [ -51.951339, -29.608925 ], [ -51.942472, -29.611459 ], [ -51.93871, -29.617706 ], [ -51.939369, -29.622607 ], [ -51.956021, -29.625208 ], [ -51.969445, -29.633648 ], [ -51.977218, -29.631226 ], [ -51.975574, -29.626211 ], [ -51.979934, -29.627744 ], [ -51.980639, -29.624504 ], [ -51.991985, -29.629322 ], [ -51.990979, -29.617375 ], [ -51.9919, -29.613856 ], [ -52.000205, -29.623942 ], [ -52.00938, -29.623941 ], [ -52.011509, -29.619182 ], [ -52.014453, -29.622336 ], [ -52.019817, -29.612517 ], [ -52.031461, -29.609319 ], [ -52.03051, -29.602132 ], [ -52.03091, -29.594805 ], [ -52.039335, -29.593575 ], [ -52.043772, -29.583944 ], [ -52.051986, -29.580669 ], [ -52.058486, -29.578478 ], [ -52.059202, -29.572885 ], [ -52.067561, -29.573077 ], [ -52.074006, -29.561593 ], [ -52.079711, -29.561672 ], [ -52.079761, -29.561737 ], [ -52.081415, -29.553411 ], [ -52.083961, -29.556667 ], [ -52.08884, -29.551839 ], [ -52.10053, -29.549756 ], [ -52.096534, -29.539244 ], [ -52.097752, -29.534118 ], [ -52.090622, -29.529248 ], [ -52.096023, -29.527099 ], [ -52.108139, -29.522277 ], [ -52.1074, -29.513795 ], [ -52.10732, -29.512883 ], [ -52.10597, -29.497383 ], [ -52.112882, -29.494565 ], [ -52.127436, -29.496605 ], [ -52.128561, -29.49185 ], [ -52.139947, -29.488348 ], [ -52.141611, -29.484025 ], [ -52.155491, -29.476487 ] ] ] } },
{ "type": "Feature", "properties": { "HREG_ID": "43030", "HREG_NAME": "Região 30", "id": "430240", "name": "Bom Retiro do Sul", "description": "Bom Retiro do Sul", "MUN_ID": "430240", "UF": "RS", "MACRO_ID": "4308", "MACRO_NAME": "Vales" }, "geometry": { "type": "Polygon", "coordinates": [ [ [ -51.762481, -29.656885 ], [ -51.779347, -29.652684 ], [ -51.782708, -29.658579 ], [ -51.781773, -29.666091 ], [ -51.787275, -29.672383 ], [ -51.787072, -29.680366 ], [ -51.774874, -29.681822 ], [ -51.770214, -29.695125 ], [ -51.780788, -29.697766 ], [ -51.785401, -29.705619 ], [ -51.78744, -29.706146 ], [ -51.791236, -29.70713 ], [ -51.797548, -29.712973 ], [ -51.793005, -29.719828 ], [ -51.786135, -29.71974 ], [ -51.778436, -29.725002 ], [ -51.775156, -29.732186 ], [ -51.755555, -29.732753 ], [ -51.749824, -29.71562 ], [ -51.742277, -29.711289 ], [ -51.723705, -29.715248 ], [ -51.718568, -29.722918 ], [ -51.718223, -29.742344 ], [ -51.735891, -29.756027 ], [ -51.748371, -29.774865 ], [ -51.748334, -29.774958 ], [ -51.746686, -29.778983 ], [ -51.757639, -29.793235 ], [ -51.754964, -29.812456 ], [ -51.757818, -29.818293 ], [ -51.748752, -29.824909 ], [ -51.744378, -29.833976 ], [ -51.729657, -29.834776 ], [ -51.731262, -29.84424 ], [ -51.719615, -29.85137 ], [ -51.715895, -29.860242 ], [ -51.733506, -29.852968 ], [ -51.747483, -29.851503 ], [ -51.768772, -29.860971 ], [ -51.777764, -29.860192 ], [ -51.815021, -29.861326 ], [ -51.827129, -29.838056 ], [ -51.840253, -29.823279 ], [ -51.862417, -29.818091 ], [ -51.879513, -29.809397 ], [ -51.885926, -29.80353 ], [ -51.893203, -29.803863 ], [ -51.903887, -29.810991 ], [ -51.912283, -29.809002 ], [ -51.920514, -29.787789 ], [ -51.906734, -29.770522 ], [ -51.919446, -29.762513 ], [ -51.942456, -29.758152 ], [ -51.94429, -29.732683 ], [ -51.95367, -29.712303 ], [ -51.963474, -29.700907 ], [ -51.970001, -29.686523 ], [ -51.98178, -29.660055 ], [ -51.981399, -29.652571 ], [ -51.969445, -29.633648 ], [ -51.956021, -29.625208 ], [ -51.939369, -29.622607 ], [ -51.93871, -29.617706 ], [ -51.942472, -29.611459 ], [ -51.951339, -29.608925 ], [ -51.972962, -29.603865 ], [ -51.989886, -29.592086 ], [ -51.997967, -29.589766 ], [ -51.998723, -29.583497 ], [ -51.984867, -29.564317 ], [ -51.978212, -29.544192 ], [ -51.977422, -29.540772 ], [ -51.974951, -29.533681 ], [ -51.9814, -29.511463 ], [ -51.969845, -29.496873 ], [ -51.976878, -29.489853 ], [ -51.973286, -29.477539 ], [ -51.950692, -29.468515 ], [ -51.944791, -29.462068 ], [ -51.935118, -29.44856 ], [ -51.923508, -29.454519 ], [ -51.918644, -29.450389 ], [ -51.924089, -29.437614 ], [ -51.953472, -29.42511 ], [ -51.956008, -29.421034 ], [ -51.950998, -29.417389 ], [ -51.924229, -29.39706 ], [ -51.915366, -29.398736 ], [ -51.913376, -29.404759 ], [ -51.919551, -29.414792 ], [ -51.911895, -29.418193 ], [ -51.907824, -29.416474 ], [ -51.890104, -29.402465 ], [ -51.887931, -29.395054 ], [ -51.874931, -29.391713 ], [ -51.873555, -29.384313 ], [ -51.878883, -29.375217 ], [ -51.906838, -29.353524 ], [ -51.90956, -29.352148 ], [ -51.88433, -29.346615 ], [ -51.874718, -29.344639 ], [ -51.838936, -29.343733 ], [ -51.785351, -29.342358 ], [ -51.775388, -29.3421 ], [ -51.778313, -29.311083 ], [ -51.779506, -29.298429 ], [ -51.761065, -29.294798 ], [ -51.750246, -29.30038 ], [ -51.752252, -29.306229 ], [ -51.737492, -29.307294 ], [ -51.738083, -29.299418 ], [ -51.733737, -29.2967 ], [ -51.726025, -29.301064 ], [ -51.724851, -29.294155 ], [ -51.712695, -29.294055 ], [ -51.712714, -29.30329 ], [ -51.709239, -29.301137 ], [ -51.700407, -29.303831 ], [ -51.708335, -29.307872 ], [ -51.708561, -29.312118 ], [ -51.72841, -29.315691 ], [ -51.728519, -29.324365 ], [ -51.716178, -29.320414 ], [ -51.710495, -29.323899 ], [ -51.700169, -29.322526 ], [ -51.70137, -29.333956 ], [ -51.72555, -29.33361 ], [ -51.728438, -29.333569 ], [ -51.728312, -29.346151 ], [ -51.727373, -29.36167 ], [ -51.726935, -29.368911 ], [ -51.690561, -29.370878 ], [ -51.690613, -29.389002 ], [ -51.690686, -29.414575 ], [ -51.69071, -29.423031 ], [ -51.668937, -29.417799 ], [ -51.657011, -29.398809 ], [ -51.61036, -29.400595 ], [ -51.607453, -29.411094 ], [ -51.640333, -29.416742 ], [ -51.642918, -29.441822 ], [ -51.613251, -29.43588 ], [ -51.609302, -29.435089 ], [ -51.605474, -29.439581 ], [ -51.590962, -29.429959 ], [ -51.591723, -29.439791 ], [ -51.570378, -29.456159 ], [ -51.588428, -29.471402 ], [ -51.601238, -29.47516 ], [ -51.623318, -29.476197 ], [ -51.623555, -29.481786 ], [ -51.644051, -29.481019 ], [ -51.644968, -29.471618 ], [ -51.667551, -29.470307 ], [ -51.667565, -29.486985 ], [ -51.689897, -29.48728 ], [ -51.690254, -29.500265 ], [ -51.664477, -29.500279 ], [ -51.664227, -29.512665 ], [ -51.663829, -29.532336 ], [ -51.663294, -29.558781 ], [ -51.662917, -29.577405 ], [ -51.662217, -29.589609 ], [ -51.651988, -29.599905 ], [ -51.644019, -29.622926 ], [ -51.637522, -29.628701 ], [ -51.650044, -29.642011 ], [ -51.658244, -29.643934 ], [ -51.6632, -29.643323 ], [ -51.678662, -29.618214 ], [ -51.678663, -29.613974 ], [ -51.693399, -29.607497 ], [ -51.694095, -29.602387 ], [ -51.699131, -29.59965 ], [ -51.710024, -29.602992 ], [ -51.704655, -29.608109 ], [ -51.704983, -29.613908 ], [ -51.713291, -29.614677 ], [ -51.726411, -29.622387 ], [ -51.740337, -29.620541 ], [ -51.753953, -29.633999 ], [ -51.760056, -29.648745 ], [ -51.76089, -29.650284 ], [ -51.762481, -29.656885 ] ] ] } }
]
}
