{
"type": "FeatureCollection",
"name": "geojs-13-health_regions",
"crs": { "type": "name", "properties": { "name": "urn:ogc:def:crs:OGC:1.3:CRS84" } },
"features": [
{ "type": "Feature", "properties": { "HREG_ID": "13001", "HREG_NAME": "Manaus, Entorno e Alto Rio Negro", "id": "130030", "name": "Autazes", "description": "Autazes", "MUN_ID": "130030", "UF": "AM", "MACRO_ID": "1304", "MACRO_NAME": "Central" }, "geometry": { "type": "MultiPolygon", "coordinates": [ [ [ [ -60.302698, -4.162309 ], [ -60.305798, -4.169267 ], [ -60.300779, -4.175149 ], [ -60.3045, -4.182141 ], [ -60.318528, -4.1903 ], [ -60.341941, -4.187343 ], [ -60.356721, -4.181729 ], [ -60.374542, -4.184506 ], [ -60.377156, -4.181355 ], [ -60.384415, -4.171182 ], [ -60.397259, -4.162097 ], [ -60.418737, -4.175022 ], [ -60.432303, -4.165666 ], [ -60.440462, -4.167184 ], [ -60.446204, -4.172748 ], [ -60.452995, -4.16849 ], [ -60.454857, -4.152301 ], [ -60.480793, -4.133946 ], [ -60.507527, -4.143423 ], [ -60.512595, -4.149013 ], [ -60.519488, -4.145914 ], [ -60.526378, -4.15994 ], [ -60.535465, -4.154613 ], [ -60.544553, -4.155233 ], [ -60.549295, -4.164639 ], [ -60.562052, -4.157533 ], [ -60.579735, -4.180832 ], [ -60.594069, -4.173996 ], [ -60.601386, -4.178213 ], [ -60.616558, -4.173976 ], [ -60.627716, -4.191616 ], [ -60.638545, -4.187327 ], [ -60.64411, -4.202653 ], [ -60.651968, -4.202456 ], [ -60.65663, -4.209237 ], [ -60.66389, -4.205152 ], [ -60.677862, -4.212068 ], [ -60.684196, -4.206549 ], [ -60.690101, -4.222001 ], [ -60.706501, -4.212615 ], [ -60.703031, -4.199845 ], [ -60.710461, -4.195818 ], [ -60.721562, -4.200569 ], [ -60.751866, -4.191153 ], [ -60.760665, -4.194221 ], [ -60.77609, -4.181137 ], [ -60.782925, -4.185917 ], [ -60.802774, -4.174242 ], [ -60.811613, -4.166311 ], [ -60.826969, -4.162074 ], [ -60.839383, -4.15305 ], [ -60.84511, -4.167445 ], [ -60.852552, -4.169718 ], [ -60.863386, -4.158104 ], [ -60.870889, -4.157105 ], [ -60.890222, -4.169957 ], [ -60.898585, -4.167343 ], [ -60.900718, -4.151586 ], [ -60.915721, -4.147262 ], [ -60.923164, -4.132204 ], [ -60.937857, -4.125368 ], [ -60.943192, -4.132862 ], [ -60.96501, -4.13363 ], [ -60.971833, -4.128717 ], [ -60.966885, -4.122333 ], [ -60.965828, -4.106415 ], [ -60.980556, -4.100549 ], [ -60.996138, -4.102677 ], [ -60.999994, -4.092591 ], [ -61.011326, -4.081693 ], [ -61.019305, -4.080439 ], [ -61.027076, -4.082426 ], [ -61.046219, -4.116646 ], [ -61.056805, -4.128276 ], [ -61.070306, -4.121129 ], [ -61.078023, -4.121995 ], [ -61.106025, -4.134197 ], [ -61.144938, -4.125599 ], [ -61.15275, -4.128941 ], [ -61.163194, -4.140369 ], [ -61.163425, -4.086589 ], [ -61.163502, -4.068945 ], [ -61.163818, -3.998393 ], [ -61.163139, -3.974541 ], [ -61.136243, -3.958207 ], [ -61.1228, -3.938264 ], [ -61.109744, -3.926564 ], [ -61.080753, -3.913131 ], [ -61.060332, -3.886717 ], [ -61.050139, -3.864864 ], [ -61.048001, -3.848948 ], [ -61.048473, -3.840597 ], [ -61.054136, -3.834259 ], [ -61.047218, -3.829395 ], [ -61.044222, -3.821091 ], [ -61.014945, -3.782245 ], [ -61.000023, -3.781728 ], [ -60.972243, -3.766339 ], [ -60.937884, -3.761197 ], [ -60.918612, -3.774783 ], [ -60.896328, -3.766752 ], [ -60.881779, -3.747319 ], [ -60.874942, -3.743215 ], [ -60.841802, -3.737314 ], [ -60.806137, -3.736232 ], [ -60.784692, -3.727042 ], [ -60.752438, -3.723866 ], [ -60.723612, -3.719863 ], [ -60.701791, -3.712256 ], [ -60.693252, -3.705971 ], [ -60.682275, -3.667322 ], [ -60.662058, -3.631819 ], [ -60.666272, -3.616274 ], [ -60.627749, -3.546758 ], [ -60.626855, -3.539147 ], [ -60.636361, -3.508545 ], [ -60.62791, -3.488346 ], [ -60.628196, -3.480402 ], [ -60.631472, -3.463562 ], [ -60.639389, -3.447831 ], [ -60.609615, -3.430706 ], [ -60.483933, -3.358093 ], [ -60.482499, -3.357243 ], [ -60.479128, -3.355243 ], [ -60.437091, -3.330303 ], [ -60.413781, -3.316471 ], [ -60.395497, -3.305619 ], [ -60.362554, -3.303629 ], [ -60.362028, -3.303532 ], [ -60.354242, -3.304616 ], [ -60.316156, -3.270174 ], [ -60.312833, -3.267169 ], [ -60.312441, -3.259414 ], [ -60.31858, -3.236903 ], [ -60.326274, -3.235144 ], [ -60.332279, -3.239896 ], [ -60.337916, -3.233966 ], [ -60.342942, -3.203042 ], [ -60.35065, -3.201036 ], [ -60.356276, -3.18082 ], [ -60.374521, -3.161933 ], [ -60.376057, -3.145295 ], [ -60.369673, -3.132625 ], [ -60.374153, -3.131833 ], [ -60.458498, -3.116913 ], [ -60.481, -3.116887 ], [ -60.502567, -3.116862 ], [ -60.532993, -3.115978 ], [ -60.547379, -3.123714 ], [ -60.553969, -3.119711 ], [ -60.561913, -3.121171 ], [ -60.58577, -3.115317 ], [ -60.613555, -3.130094 ], [ -60.652215, -3.14045 ], [ -60.68206, -3.14384 ], [ -60.677603, -3.163295 ], [ -60.686502, -3.154051 ], [ -60.688945, -3.132876 ], [ -60.717469, -3.103943 ], [ -60.762773, -3.092463 ], [ -60.786256, -3.0991 ], [ -60.809796, -3.098939 ], [ -60.818852, -3.083139 ], [ -60.831508, -3.081762 ], [ -60.842132, -3.07055 ], [ -60.853862, -3.064547 ], [ -60.860114, -3.049197 ], [ -60.868354, -3.046236 ], [ -60.87361, -3.052244 ], [ -60.887275, -3.044228 ], [ -60.901272, -3.05249 ], [ -60.90833, -3.048612 ], [ -60.917358, -3.027212 ], [ -60.929753, -3.018288 ], [ -60.937553, -3.015807 ], [ -60.947052, -3.003005 ], [ -60.983166, -3.005255 ], [ -60.99006, -2.999942 ], [ -60.994189, -2.987599 ], [ -60.976807, -2.977133 ], [ -60.97627, -2.964865 ], [ -60.980556, -2.951238 ], [ -60.978352, -2.939761 ], [ -60.961104, -2.927525 ], [ -60.972439, -2.901438 ], [ -60.984055, -2.885899 ], [ -60.983272, -2.865209 ], [ -60.97761, -2.858504 ], [ -60.958413, -2.85211 ], [ -60.941521, -2.841733 ], [ -60.921996, -2.817915 ], [ -60.913055, -2.811512 ], [ -60.872733, -2.820609 ], [ -60.862068, -2.837151 ], [ -60.851493, -2.840987 ], [ -60.812189, -2.828513 ], [ -60.786635, -2.829874 ], [ -60.75592, -2.821427 ], [ -60.763944, -2.772384 ], [ -60.801231, -2.544868 ], [ -60.791303, -2.484124 ], [ -60.781246, -2.460457 ], [ -60.77319, -2.453216 ], [ -60.748948, -2.447337 ], [ -60.742832, -2.439949 ], [ -60.743331, -2.430076 ], [ -60.753449, -2.414164 ], [ -60.766916, -2.406669 ], [ -60.768415, -2.399127 ], [ -60.735194, -2.384812 ], [ -60.73289, -2.367795 ], [ -60.716547, -2.373667 ], [ -60.708028, -2.370511 ], [ -60.716941, -2.356411 ], [ -60.70022, -2.35119 ], [ -60.694799, -2.345819 ], [ -60.710195, -2.327565 ], [ -60.710859, -2.319721 ], [ -60.698968, -2.307407 ], [ -60.704974, -2.291928 ], [ -60.703972, -2.283267 ], [ -60.718, -2.274462 ], [ -60.71341, -2.267584 ], [ -60.705471, -2.265231 ], [ -60.699301, -2.258955 ], [ -60.697884, -2.250176 ], [ -60.691548, -2.242308 ], [ -60.697335, -2.236112 ], [ -60.700251, -2.220632 ], [ -60.716054, -2.220442 ], [ -60.726554, -2.208556 ], [ -60.726914, -2.200769 ], [ -60.733722, -2.197172 ], [ -60.73844, -2.188995 ], [ -60.728555, -2.175872 ], [ -60.721223, -2.178754 ], [ -60.707281, -2.170389 ], [ -60.699658, -2.172793 ], [ -60.691363, -2.158944 ], [ -60.678001, -2.149742 ], [ -60.674974, -2.142201 ], [ -60.663469, -2.130328 ], [ -60.681521, -2.10774 ], [ -60.672442, -2.097315 ], [ -60.674536, -2.088662 ], [ -60.667662, -2.07425 ], [ -60.659995, -2.076578 ], [ -60.652523, -2.073566 ], [ -60.652248, -2.065915 ], [ -60.64357, -2.06246 ], [ -60.64214, -2.055904 ], [ -60.634307, -2.055343 ], [ -60.621694, -2.045981 ], [ -60.614105, -2.032284 ], [ -60.607327, -2.00828 ], [ -60.598471, -1.998478 ], [ -60.57327, -1.999289 ], [ -60.558553, -2.005369 ], [ -60.54202, -2.002324 ], [ -60.503113, -2.017098 ], [ -60.489243, -2.017074 ], [ -60.416131, -1.996476 ], [ -60.412134, -1.988196 ], [ -60.396287, -1.98035 ], [ -60.366187, -1.963063 ], [ -60.357247, -1.954108 ], [ -60.44408, -1.949266 ], [ -60.453216, -1.936129 ], [ -60.480993, -1.917871 ], [ -60.558944, -1.919253 ], [ -60.575911, -1.911577 ], [ -60.591893, -1.891697 ], [ -60.594877, -1.887276 ], [ -60.616079, -1.866558 ], [ -60.61833, -1.857963 ], [ -60.611527, -1.833947 ], [ -60.618247, -1.825935 ], [ -60.6263, -1.791416 ], [ -60.625106, -1.746611 ], [ -60.618445, -1.72032 ], [ -60.626465, -1.687161 ], [ -60.609937, -1.641254 ], [ -60.61322, -1.633733 ], [ -60.597613, -1.625986 ], [ -60.588691, -1.608416 ], [ -60.582413, -1.603277 ], [ -60.584604, -1.594213 ], [ -60.580161, -1.587705 ], [ -60.582778, -1.571363 ], [ -60.589552, -1.565294 ], [ -60.592023, -1.547247 ], [ -60.609027, -1.536897 ], [ -60.612442, -1.527887 ], [ -60.618494, -1.523071 ], [ -60.626106, -1.52319 ], [ -60.630693, -1.516107 ], [ -60.656685, -1.506144 ], [ -60.661276, -1.499348 ], [ -60.668691, -1.497028 ], [ -60.671579, -1.488987 ], [ -60.720578, -1.464588 ], [ -60.726365, -1.457898 ], [ -60.737658, -1.457817 ], [ -60.75002, -1.445109 ], [ -60.780024, -1.439273 ], [ -60.788333, -1.440863 ], [ -60.805779, -1.447348 ], [ -60.81978, -1.469209 ], [ -60.826805, -1.474504 ], [ -60.836055, -1.475463 ], [ -60.836389, -1.467559 ], [ -60.830717, -1.460717 ], [ -60.827416, -1.438661 ], [ -60.83539, -1.434059 ], [ -60.855215, -1.434494 ], [ -60.859719, -1.42638 ], [ -60.853133, -1.417556 ], [ -60.836442, -1.407144 ], [ -60.847635, -1.358998 ], [ -60.862305, -1.345022 ], [ -60.883408, -1.33423 ], [ -60.883586, -1.31699 ], [ -60.88697, -1.309351 ], [ -60.915692, -1.307331 ], [ -60.922445, -1.315473 ], [ -60.94205, -1.312376 ], [ -60.959414, -1.316754 ], [ -60.963724, -1.309327 ], [ -60.955077, -1.292094 ], [ -60.952968, -1.279757 ], [ -60.949881, -1.278988 ], [ -60.932913, -1.279444 ], [ -60.928583, -1.26315 ], [ -60.911137, -1.257927 ], [ -60.905161, -1.250455 ], [ -60.889185, -1.264566 ], [ -60.870992, -1.257637 ], [ -60.862242, -1.261962 ], [ -60.854051, -1.259576 ], [ -60.851133, -1.251063 ], [ -60.841304, -1.240718 ], [ -60.853551, -1.226469 ], [ -60.856195, -1.21604 ], [ -60.845302, -1.215951 ], [ -60.839697, -1.209156 ], [ -60.851745, -1.194454 ], [ -60.850946, -1.176935 ], [ -60.846775, -1.167862 ], [ -60.855884, -1.156595 ], [ -60.862195, -1.139717 ], [ -60.856782, -1.132924 ], [ -60.844298, -1.14354 ], [ -60.836356, -1.14382 ], [ -60.826247, -1.124555 ], [ -60.823769, -1.109609 ], [ -60.827248, -1.091039 ], [ -60.820748, -1.085226 ], [ -60.801167, -1.09151 ], [ -60.791086, -1.091354 ], [ -60.782992, -1.087943 ], [ -60.777139, -1.078192 ], [ -60.755493, -1.077665 ], [ -60.757689, -1.067188 ], [ -60.776945, -1.050783 ], [ -60.794484, -1.023235 ], [ -60.798884, -0.999168 ], [ -60.787774, -0.993058 ], [ -60.78861, -0.984731 ], [ -60.784445, -0.977223 ], [ -60.786383, -0.96778 ], [ -60.780554, -0.94973 ], [ -60.781663, -0.937507 ], [ -60.777217, -0.928615 ], [ -60.770825, -0.894176 ], [ -60.775552, -0.883613 ], [ -60.773326, -0.866115 ], [ -60.763884, -0.850556 ], [ -60.754119, -0.841934 ], [ -60.751414, -0.84965 ], [ -60.752213, -0.860834 ], [ -60.731942, -0.85806 ], [ -60.716662, -0.869727 ], [ -60.707221, -0.865279 ], [ -60.675279, -0.873062 ], [ -60.669439, -0.878057 ], [ -60.672223, -0.887502 ], [ -60.6675, -0.894167 ], [ -60.654165, -0.882782 ], [ -60.635555, -0.875835 ], [ -60.633331, -0.868059 ], [ -60.623609, -0.871113 ], [ -60.62, -0.863061 ], [ -60.609166, -0.863897 ], [ -60.593889, -0.871947 ], [ -60.590829, -0.853057 ], [ -60.5575, -0.859727 ], [ -60.55722, -0.86945 ], [ -60.54722, -0.868613 ], [ -60.540556, -0.875005 ], [ -60.530556, -0.874726 ], [ -60.504161, -0.848892 ], [ -60.502775, -0.841111 ], [ -60.519445, -0.833339 ], [ -60.506111, -0.821115 ], [ -60.498332, -0.821953 ], [ -60.493329, -0.811949 ], [ -60.495275, -0.803895 ], [ -60.491662, -0.796398 ], [ -60.497497, -0.789173 ], [ -60.493605, -0.782224 ], [ -60.478611, -0.770566 ], [ -60.466661, -0.768615 ], [ -60.457495, -0.773896 ], [ -60.434163, -0.772233 ], [ -60.426662, -0.778059 ], [ -60.421109, -0.772782 ], [ -60.418607, -0.763897 ], [ -60.40055, -0.757227 ], [ -60.382776, -0.759448 ], [ -60.376946, -0.742505 ], [ -60.353047, -0.742224 ], [ -60.345552, -0.745562 ], [ -60.340832, -0.738621 ], [ -60.316663, -0.722511 ], [ -60.309163, -0.724451 ], [ -60.303121, -0.710918 ], [ -60.302779, -0.706728 ], [ -60.304164, -0.701393 ], [ -60.301666, -0.693063 ], [ -60.308325, -0.68945 ], [ -60.303328, -0.673618 ], [ -60.314162, -0.659733 ], [ -60.313052, -0.641118 ], [ -60.319444, -0.636678 ], [ -60.327219, -0.640004 ], [ -60.340273, -0.62528 ], [ -60.350553, -0.621952 ], [ -60.357495, -0.605008 ], [ -60.364719, -0.596678 ], [ -60.365275, -0.587788 ], [ -60.382777, -0.589726 ], [ -60.3875, -0.58112 ], [ -60.378889, -0.576124 ], [ -60.381942, -0.557228 ], [ -60.394441, -0.553061 ], [ -60.397497, -0.545563 ], [ -60.399445, -0.509735 ], [ -60.390554, -0.502787 ], [ -60.39058, -0.493871 ], [ -60.382527, -0.47887 ], [ -60.38197, -0.469982 ], [ -60.344186, -0.440262 ], [ -60.341412, -0.42999 ], [ -60.345304, -0.420272 ], [ -60.343913, -0.412766 ], [ -60.34947, -0.406934 ], [ -60.342772, -0.401388 ], [ -60.335554, -0.384998 ], [ -60.321661, -0.377222 ], [ -60.321663, -0.368333 ], [ -60.316662, -0.35834 ], [ -60.321104, -0.337231 ], [ -60.318054, -0.330285 ], [ -60.301666, -0.327787 ], [ -60.302496, -0.303624 ], [ -60.289438, -0.29279 ], [ -60.294996, -0.285288 ], [ -60.295364, -0.2816 ], [ -60.299139, -0.274471 ], [ -60.302497, -0.271953 ], [ -60.304443, -0.264456 ], [ -60.298887, -0.255846 ], [ -60.291103, -0.228899 ], [ -60.298884, -0.211391 ], [ -60.293053, -0.205282 ], [ -60.285274, -0.210282 ], [ -60.275552, -0.202222 ], [ -60.263888, -0.189165 ], [ -60.265555, -0.178052 ], [ -60.257775, -0.173056 ], [ -60.24889, -0.174723 ], [ -60.249445, -0.166668 ], [ -60.232216, -0.146122 ], [ -60.223889, -0.14251 ], [ -60.219998, -0.135011 ], [ -60.22694, -0.128348 ], [ -60.224696, -0.119184 ], [ -60.216616, -0.115838 ], [ -60.203049, -0.10057 ], [ -60.179532, -0.085183 ], [ -60.152859, -0.089013 ], [ -60.136252, -0.081249 ], [ -60.122142, -0.079305 ], [ -60.081995, -0.047724 ], [ -60.06289, -0.050491 ], [ -60.053443, -0.046163 ], [ -60.022998, -0.042789 ], [ -60.004668, -0.047796 ], [ -59.985081, -0.060601 ], [ -59.976, -0.062242 ], [ -59.962295, -0.058218 ], [ -59.952303, -0.049564 ], [ -59.975466, -0.037477 ], [ -59.971868, -0.030649 ], [ -59.960703, -0.031747 ], [ -59.950601, -0.038585 ], [ -59.935413, -0.038865 ], [ -59.928482, -0.033914 ], [ -59.934637, -0.022619 ], [ -59.93148, -0.016896 ], [ -59.942191, 0.016172 ], [ -59.955271, 0.02891 ], [ -59.956681, 0.037763 ], [ -59.947217, 0.038581 ], [ -59.932769, 0.030266 ], [ -59.916408, 0.033884 ], [ -59.902758, 0.022495 ], [ -59.892944, -0.005003 ], [ -59.879752, -0.016897 ], [ -59.8733, -0.033933 ], [ -59.864029, -0.046294 ], [ -59.861607, -0.059409 ], [ -59.863558, -0.070421 ], [ -59.878562, -0.086906 ], [ -59.879935, -0.095798 ], [ -59.874703, -0.102967 ], [ -59.874262, -0.112873 ], [ -59.892072, -0.101595 ], [ -59.918939, -0.125613 ], [ -59.917962, -0.136142 ], [ -59.9129, -0.149704 ], [ -59.901743, -0.156571 ], [ -59.872519, -0.163075 ], [ -59.847057, -0.18143 ], [ -59.82457, -0.213382 ], [ -59.809972, -0.229664 ], [ -59.80745, -0.248126 ], [ -59.838239, -0.267225 ], [ -59.839008, -0.278105 ], [ -59.843903, -0.284324 ], [ -59.842549, -0.307211 ], [ -59.849456, -0.312565 ], [ -59.85157, -0.324839 ], [ -59.845862, -0.335124 ], [ -59.85207, -0.352323 ], [ -59.853043, -0.368553 ], [ -59.862133, -0.365817 ], [ -59.852689, -0.391786 ], [ -59.836878, -0.38908 ], [ -59.83134, -0.398069 ], [ -59.830809, -0.410993 ], [ -59.838079, -0.416524 ], [ -59.847525, -0.442175 ], [ -59.853831, -0.445377 ], [ -59.869684, -0.468944 ], [ -59.879049, -0.464985 ], [ -59.882099, -0.456503 ], [ -59.89236, -0.455036 ], [ -59.925351, -0.484277 ], [ -59.928937, -0.497259 ], [ -59.938768, -0.501102 ], [ -59.943326, -0.509996 ], [ -59.953627, -0.515228 ], [ -59.956237, -0.525083 ], [ -59.949699, -0.530187 ], [ -59.95946, -0.549114 ], [ -59.960571, -0.560099 ], [ -59.967134, -0.568527 ], [ -60.000438, -0.569203 ], [ -60.008205, -0.57252 ], [ -60.01141, -0.580669 ], [ -60.025022, -0.582061 ], [ -60.035141, -0.588659 ], [ -60.037912, -0.596184 ], [ -60.02193, -0.616868 ], [ -60.021209, -0.626341 ], [ -60.026381, -0.633368 ], [ -60.035519, -0.634994 ], [ -60.034284, -0.639209 ], [ -60.024485, -0.661138 ], [ -60.033, -0.66317 ], [ -60.045026, -0.650592 ], [ -60.052798, -0.649738 ], [ -60.053764, -0.675643 ], [ -60.046386, -0.681147 ], [ -60.045263, -0.698061 ], [ -60.033522, -0.722275 ], [ -60.03403, -0.748103 ], [ -60.027335, -0.755328 ], [ -60.019761, -0.789541 ], [ -60.015359, -0.795711 ], [ -60.007323, -0.793293 ], [ -60.001071, -0.797745 ], [ -59.975821, -0.832529 ], [ -59.967686, -0.833358 ], [ -59.960489, -0.843732 ], [ -59.941973, -0.853692 ], [ -59.932157, -0.85183 ], [ -59.900022, -0.871416 ], [ -59.900605, -0.888778 ], [ -59.894153, -0.893879 ], [ -59.885347, -0.899372 ], [ -59.867822, -0.900741 ], [ -59.853849, -0.913899 ], [ -59.841525, -0.94343 ], [ -59.83918, -0.97174 ], [ -59.819781, -0.991195 ], [ -59.822295, -1.000039 ], [ -59.815289, -1.011 ], [ -59.779626, -1.045077 ], [ -59.758846, -1.055499 ], [ -59.751543, -1.052516 ], [ -59.741968, -1.06837 ], [ -59.743178, -1.075946 ], [ -59.732935, -1.079993 ], [ -59.720626, -1.077581 ], [ -59.714507, -1.094442 ], [ -59.707329, -1.101834 ], [ -59.699789, -1.10441 ], [ -59.686042, -1.090234 ], [ -59.675737, -1.08994 ], [ -59.668572, -1.065988 ], [ -59.636063, -1.077452 ], [ -59.629248, -1.085234 ], [ -59.63114, -1.094114 ], [ -59.61875, -1.104822 ], [ -59.603915, -1.109292 ], [ -59.380115, -1.106322 ], [ -59.374968, -1.133497 ], [ -59.382334, -1.136933 ], [ -59.379217, -1.147392 ], [ -59.383693, -1.17553 ], [ -59.375137, -1.18404 ], [ -59.372082, -1.193417 ], [ -59.372859, -1.236331 ], [ -59.361469, -1.2504 ], [ -59.358974, -1.261264 ], [ -59.364972, -1.267547 ], [ -59.375087, -1.265407 ], [ -59.381476, -1.258094 ], [ -59.393152, -1.261176 ], [ -59.404318, -1.258192 ], [ -59.420396, -1.268241 ], [ -59.424808, -1.274909 ], [ -59.43484, -1.279267 ], [ -59.443334, -1.296482 ], [ -59.44198, -1.318958 ], [ -59.450591, -1.327119 ], [ -59.467589, -1.33515 ], [ -59.471867, -1.35519 ], [ -59.481506, -1.360666 ], [ -59.488685, -1.37035 ], [ -59.493337, -1.377171 ], [ -59.494086, -1.385533 ], [ -59.503618, -1.389075 ], [ -59.519757, -1.419699 ], [ -59.518873, -1.432556 ], [ -59.513586, -1.439291 ], [ -59.503292, -1.444392 ], [ -59.491173, -1.442714 ], [ -59.485747, -1.453645 ], [ -59.458244, -1.434606 ], [ -59.446204, -1.437078 ], [ -59.437333, -1.43441 ], [ -59.424428, -1.45072 ], [ -59.410398, -1.445391 ], [ -59.398179, -1.447099 ], [ -59.391669, -1.452751 ], [ -59.369235, -1.452011 ], [ -59.359249, -1.458686 ], [ -59.334285, -1.456902 ], [ -59.331389, -1.464689 ], [ -59.334496, -1.471813 ], [ -59.329693, -1.481581 ], [ -59.304886, -1.483555 ], [ -59.297695, -1.474484 ], [ -59.295721, -1.453705 ], [ -59.270022, -1.430856 ], [ -59.261611, -1.437045 ], [ -59.229681, -1.437549 ], [ -59.233454, -1.449608 ], [ -59.223429, -1.446501 ], [ -59.190861, -1.446077 ], [ -59.187303, -1.453763 ], [ -59.200159, -1.469095 ], [ -59.186106, -1.47264 ], [ -59.170355, -1.485165 ], [ -59.150906, -1.515553 ], [ -59.151104, -1.530299 ], [ -59.155964, -1.544941 ], [ -59.149633, -1.54965 ], [ -59.149823, -1.56172 ], [ -59.141187, -1.564758 ], [ -59.14096, -1.575802 ], [ -59.135878, -1.584551 ], [ -59.126795, -1.589018 ], [ -59.13199, -1.600703 ], [ -59.127074, -1.607174 ], [ -59.142158, -1.619747 ], [ -59.137491, -1.629127 ], [ -59.139827, -1.642732 ], [ -59.167467, -1.658927 ], [ -59.16502, -1.668139 ], [ -59.167077, -1.677365 ], [ -59.179133, -1.676729 ], [ -59.179907, -1.687087 ], [ -59.186182, -1.694619 ], [ -59.188462, -1.704015 ], [ -59.195526, -1.710419 ], [ -59.198163, -1.730739 ], [ -59.217246, -1.780891 ], [ -59.212647, -1.786762 ], [ -59.213977, -1.806879 ], [ -59.218829, -1.818623 ], [ -59.226187, -1.826193 ], [ -59.245555, -1.826218 ], [ -59.251243, -1.832819 ], [ -59.250269, -1.844162 ], [ -59.244027, -1.851259 ], [ -59.245164, -1.862017 ], [ -59.235531, -1.864267 ], [ -59.227383, -1.873229 ], [ -59.220382, -1.891542 ], [ -59.22194, -1.89923 ], [ -59.213017, -1.900907 ], [ -59.203301, -1.91767 ], [ -59.201329, -1.940028 ], [ -59.191717, -1.947742 ], [ -59.183515, -1.947563 ], [ -59.160812, -1.959855 ], [ -59.15457, -1.9667 ], [ -59.161801, -1.98516 ], [ -59.123579, -2.006971 ], [ -59.114218, -2.032095 ], [ -59.118875, -2.041018 ], [ -59.112317, -2.076852 ], [ -59.127939, -2.10036 ], [ -59.131975, -2.149823 ], [ -59.137934, -2.165413 ], [ -59.143484, -2.171564 ], [ -59.152396, -2.172693 ], [ -59.160492, -2.168627 ], [ -59.171259, -2.18092 ], [ -59.179101, -2.184785 ], [ -59.181921, -2.200746 ], [ -59.178205, -2.209886 ], [ -59.160396, -2.209883 ], [ -59.145131, -2.216745 ], [ -59.144521, -2.224339 ], [ -59.162663, -2.232544 ], [ -59.153298, -2.248152 ], [ -59.143744, -2.249311 ], [ -59.138275, -2.23114 ], [ -59.128882, -2.223349 ], [ -59.110489, -2.223422 ], [ -59.105383, -2.243779 ], [ -59.081944, -2.275616 ], [ -59.08731, -2.284524 ], [ -59.109084, -2.297045 ], [ -59.132837, -2.34097 ], [ -59.162489, -2.371005 ], [ -59.172494, -2.385443 ], [ -59.226858, -2.418232 ], [ -59.249046, -2.435214 ], [ -59.258686, -2.436318 ], [ -59.271499, -2.447261 ], [ -59.274571, -2.464229 ], [ -59.271677, -2.47328 ], [ -59.276294, -2.479746 ], [ -59.27544, -2.487978 ], [ -59.249066, -2.481998 ], [ -59.252961, -2.474528 ], [ -59.245831, -2.469975 ], [ -59.222323, -2.473882 ], [ -59.193817, -2.471588 ], [ -59.193368, -2.471757 ], [ -59.173669, -2.484269 ], [ -59.168993, -2.507776 ], [ -59.155386, -2.517096 ], [ -59.165878, -2.538979 ], [ -59.195437, -2.555614 ], [ -59.20038, -2.56395 ], [ -59.195737, -2.579113 ], [ -59.188684, -2.597306 ], [ -59.191858, -2.606193 ], [ -59.209937, -2.632767 ], [ -59.217134, -2.635702 ], [ -59.228776, -2.649837 ], [ -59.229937, -2.700828 ], [ -59.240905, -2.712639 ], [ -59.26475, -2.725721 ], [ -59.268141, -2.738641 ], [ -59.268227, -2.739605 ], [ -59.268608, -2.743949 ], [ -59.286885, -2.748679 ], [ -59.30561, -2.760725 ], [ -59.353417, -2.821266 ], [ -59.356249, -2.828823 ], [ -59.352997, -2.845191 ], [ -59.3575, -2.879397 ], [ -59.361005, -2.888167 ], [ -59.369469, -2.888111 ], [ -59.368865, -2.870761 ], [ -59.37528, -2.865403 ], [ -59.38388, -2.871952 ], [ -59.394968, -2.872556 ], [ -59.405335, -2.873859 ], [ -59.408894, -2.888274 ], [ -59.43064, -2.927093 ], [ -59.466529, -2.948787 ], [ -59.486477, -2.966361 ], [ -59.499803, -2.971534 ], [ -59.49998, -2.987206 ], [ -59.484998, -2.99346 ], [ -59.454827, -3.029386 ], [ -59.430836, -3.048137 ], [ -59.404637, -3.053978 ], [ -59.37339, -3.071252 ], [ -59.34723, -3.09862 ], [ -59.341055, -3.106282 ], [ -59.313169, -3.1211 ], [ -59.304029, -3.131538 ], [ -59.276854, -3.127629 ], [ -59.261612, -3.128654 ], [ -59.239124, -3.137696 ], [ -59.159762, -3.168457 ], [ -59.162942, -3.172381 ], [ -59.167883, -3.17848 ], [ -59.181638, -3.176646 ], [ -59.206496, -3.17938 ], [ -59.220859, -3.175619 ], [ -59.241308, -3.161714 ], [ -59.2643, -3.153333 ], [ -59.351395, -3.145237 ], [ -59.358133, -3.152659 ], [ -59.383666, -3.180777 ], [ -59.348386, -3.192773 ], [ -59.32089, -3.210152 ], [ -59.233657, -3.242987 ], [ -59.232212, -3.243705 ], [ -59.149076, -3.285029 ], [ -59.125521, -3.28732 ], [ -59.084623, -3.269878 ], [ -59.058936, -3.262595 ], [ -59.038795, -3.249267 ], [ -59.01518, -3.24287 ], [ -59.00477, -3.244626 ], [ -58.969045, -3.277065 ], [ -58.946365, -3.30495 ], [ -58.90162, -3.366082 ], [ -58.85409, -3.400661 ], [ -58.845565, -3.403957 ], [ -58.825168, -3.402888 ], [ -58.790039, -3.386923 ], [ -58.786813, -3.386263 ], [ -58.787561, -3.399544 ], [ -58.79939, -3.436543 ], [ -58.808426, -3.452612 ], [ -58.816115, -3.460971 ], [ -58.824557, -3.46358 ], [ -58.833197, -3.446419 ], [ -58.844198, -3.447023 ], [ -58.873586, -3.476042 ], [ -58.901015, -3.512421 ], [ -58.919149, -3.543493 ], [ -58.91287, -3.556295 ], [ -58.910288, -3.571634 ], [ -58.919565, -3.594583 ], [ -58.919455, -3.60747 ], [ -58.91057, -3.611874 ], [ -58.90237, -3.615939 ], [ -58.89256, -3.614913 ], [ -58.886624, -3.609943 ], [ -58.855371, -3.603477 ], [ -58.841145, -3.592803 ], [ -58.818006, -3.598467 ], [ -58.809618, -3.607189 ], [ -58.798785, -3.613005 ], [ -58.792852, -3.612319 ], [ -58.78642, -3.611575 ], [ -58.750189, -3.591088 ], [ -58.730302, -3.597257 ], [ -58.72253, -3.596632 ], [ -58.707244, -3.612317 ], [ -58.700769, -3.635544 ], [ -58.698249, -3.647891 ], [ -58.69136, -3.657705 ], [ -58.683027, -3.656588 ], [ -58.679191, -3.663178 ], [ -58.6578, -3.659278 ], [ -58.649494, -3.64232 ], [ -58.648636, -3.633131 ], [ -58.633852, -3.621687 ], [ -58.622716, -3.623538 ], [ -58.610185, -3.637455 ], [ -58.584894, -3.646106 ], [ -58.576907, -3.648165 ], [ -58.558074, -3.667624 ], [ -58.558495, -3.675818 ], [ -58.550326, -3.685848 ], [ -58.538542, -3.694753 ], [ -58.532458, -3.703944 ], [ -58.523051, -3.705497 ], [ -58.516075, -3.714684 ], [ -58.512933, -3.729079 ], [ -58.514961, -3.739752 ], [ -58.512712, -3.747446 ], [ -58.506521, -3.753123 ], [ -58.486741, -3.747436 ], [ -58.464014, -3.751799 ], [ -58.465647, -3.747849 ], [ -58.46843, -3.733302 ], [ -58.462349, -3.727381 ], [ -58.45735, -3.705532 ], [ -58.4469, -3.705503 ], [ -58.436567, -3.722201 ], [ -58.424621, -3.729556 ], [ -58.41876, -3.724021 ], [ -58.414345, -3.7048 ], [ -58.406178, -3.695573 ], [ -58.400371, -3.677214 ], [ -58.390479, -3.671852 ], [ -58.383816, -3.677026 ], [ -58.372621, -3.677756 ], [ -58.374594, -3.648748 ], [ -58.371559, -3.63696 ], [ -58.36376, -3.624894 ], [ -58.342397, -3.611063 ], [ -58.354705, -3.596514 ], [ -58.355754, -3.588635 ], [ -58.349118, -3.582453 ], [ -58.347868, -3.582271 ], [ -58.341175, -3.581293 ], [ -58.302701, -3.596039 ], [ -58.284427, -3.591615 ], [ -58.276338, -3.600546 ], [ -58.258175, -3.602614 ], [ -58.249223, -3.606934 ], [ -58.232893, -3.612631 ], [ -58.229615, -3.614153 ], [ -58.227001, -3.615367 ], [ -58.230534, -3.628269 ], [ -58.228194, -3.651477 ], [ -58.201751, -3.666033 ], [ -58.198944, -3.675984 ], [ -58.206135, -3.690843 ], [ -58.215247, -3.695299 ], [ -58.22252, -3.694055 ], [ -58.260916, -3.687479 ], [ -58.296532, -3.693874 ], [ -58.308987, -3.745909 ], [ -58.30748, -3.755081 ], [ -58.301479, -3.761596 ], [ -58.30461, -3.768516 ], [ -58.292284, -3.780967 ], [ -58.288808, -3.790173 ], [ -58.289248, -3.814952 ], [ -58.293001, -3.825948 ], [ -58.30273, -3.824527 ], [ -58.32026, -3.843189 ], [ -58.320419, -3.855046 ], [ -58.324175, -3.862547 ], [ -58.345141, -3.880576 ], [ -58.345206, -3.886474 ], [ -58.365674, -3.886747 ], [ -58.394428, -3.895985 ], [ -58.403036, -3.894471 ], [ -58.417041, -3.908706 ], [ -58.431679, -3.914933 ], [ -58.4419, -3.911698 ], [ -58.463837, -3.926494 ], [ -58.467456, -3.930558 ], [ -58.460681, -3.934893 ], [ -58.465008, -3.942888 ], [ -58.455402, -3.959909 ], [ -58.433765, -3.965011 ], [ -58.430906, -3.974529 ], [ -58.434263, -3.982689 ], [ -58.43079, -3.987071 ], [ -58.421929, -3.983172 ], [ -58.416678, -3.98989 ], [ -58.417987, -3.998872 ], [ -58.402871, -3.999836 ], [ -58.384709, -4.013333 ], [ -58.355173, -4.056263 ], [ -58.347338, -4.056252 ], [ -58.345288, -4.066668 ], [ -58.338621, -4.07271 ], [ -58.331725, -4.093814 ], [ -58.322981, -4.097331 ], [ -58.317113, -4.106779 ], [ -58.309946, -4.110443 ], [ -58.311365, -4.131321 ], [ -58.318954, -4.134004 ], [ -58.319002, -4.142977 ], [ -58.289311, -4.160507 ], [ -58.280337, -4.160168 ], [ -58.26986, -4.181311 ], [ -58.269413, -4.188237 ], [ -58.266365, -4.197709 ], [ -58.257027, -4.201628 ], [ -58.257281, -4.210256 ], [ -58.246802, -4.229815 ], [ -58.237442, -4.233112 ], [ -58.227279, -4.22717 ], [ -58.218858, -4.231364 ], [ -58.204805, -4.216388 ], [ -58.198215, -4.22215 ], [ -58.183111, -4.217235 ], [ -58.161798, -4.227325 ], [ -58.15322, -4.245677 ], [ -58.118861, -4.370411 ], [ -58.128102, -4.365389 ], [ -58.142488, -4.366745 ], [ -58.16502, -4.361119 ], [ -58.174714, -4.369453 ], [ -58.191138, -4.351359 ], [ -58.198443, -4.349332 ], [ -58.206469, -4.35911 ], [ -58.222557, -4.36134 ], [ -58.224025, -4.374274 ], [ -58.239693, -4.382645 ], [ -58.256476, -4.378564 ], [ -58.266644, -4.396886 ], [ -58.274835, -4.395468 ], [ -58.292694, -4.410335 ], [ -58.293472, -4.418338 ], [ -58.304805, -4.433859 ], [ -58.322148, -4.440791 ], [ -58.336257, -4.440601 ], [ -58.351253, -4.450116 ], [ -58.353814, -4.462574 ], [ -58.364035, -4.464595 ], [ -58.373012, -4.459998 ], [ -58.381869, -4.460333 ], [ -58.390818, -4.484849 ], [ -58.39087, -4.493309 ], [ -58.396926, -4.502831 ], [ -58.406033, -4.500603 ], [ -58.414451, -4.502601 ], [ -58.417623, -4.494718 ], [ -58.434452, -4.504317 ], [ -58.443681, -4.506244 ], [ -58.453946, -4.502818 ], [ -58.477906, -4.49006 ], [ -58.485461, -4.493249 ], [ -58.492572, -4.489357 ], [ -58.499121, -4.476116 ], [ -58.50704, -4.470992 ], [ -58.552355, -4.495648 ], [ -58.560569, -4.493533 ], [ -58.573158, -4.476075 ], [ -58.589538, -4.462456 ], [ -58.608712, -4.460977 ], [ -58.617435, -4.472741 ], [ -58.630156, -4.46803 ], [ -58.644854, -4.452619 ], [ -58.634272, -4.452001 ], [ -58.627074, -4.43078 ], [ -58.638298, -4.414241 ], [ -58.639771, -4.399045 ], [ -58.652247, -4.388347 ], [ -58.646606, -4.37224 ], [ -58.649745, -4.340634 ], [ -58.642356, -4.335908 ], [ -58.614963, -4.285785 ], [ -58.615521, -4.270757 ], [ -58.619968, -4.262642 ], [ -58.645074, -4.26864 ], [ -58.653656, -4.262251 ], [ -58.661471, -4.237892 ], [ -58.671721, -4.223635 ], [ -58.687774, -4.210181 ], [ -58.689194, -4.196345 ], [ -58.685759, -4.175239 ], [ -58.67733, -4.149103 ], [ -58.681055, -4.13462 ], [ -58.705746, -4.107894 ], [ -58.742806, -4.08272 ], [ -58.76308, -4.07538 ], [ -58.775781, -4.064978 ], [ -58.785083, -4.035821 ], [ -58.820285, -4.0001 ], [ -58.817809, -3.988109 ], [ -58.803618, -3.965049 ], [ -58.788625, -3.92737 ], [ -58.777945, -3.909871 ], [ -58.782919, -3.907225 ], [ -58.793424, -3.909718 ], [ -58.802812, -3.902879 ], [ -58.813618, -3.876053 ], [ -58.844752, -3.874216 ], [ -58.841141, -3.851833 ], [ -58.867981, -3.856475 ], [ -58.875508, -3.853386 ], [ -58.884975, -3.859044 ], [ -58.901452, -3.896174 ], [ -58.910705, -3.905852 ], [ -58.919788, -3.90897 ], [ -58.941625, -3.89375 ], [ -58.967204, -3.887419 ], [ -58.994178, -3.892954 ], [ -58.997232, -3.902559 ], [ -58.993095, -3.914232 ], [ -58.993533, -3.92423 ], [ -58.999569, -3.932077 ], [ -59.007567, -3.937219 ], [ -59.024012, -3.932652 ], [ -59.047656, -3.958229 ], [ -59.059184, -3.962465 ], [ -59.076373, -3.962288 ], [ -59.084011, -3.96979 ], [ -59.092015, -3.989864 ], [ -59.09508, -3.98912 ], [ -59.100851, -3.987721 ], [ -59.110936, -3.969849 ], [ -59.119626, -3.967012 ], [ -59.160457, -3.97047 ], [ -59.173077, -3.966672 ], [ -59.194609, -3.967995 ], [ -59.20024, -3.951496 ], [ -59.171298, -3.942435 ], [ -59.1626, -3.933904 ], [ -59.156292, -3.921461 ], [ -59.199793, -3.91994 ], [ -59.211713, -3.919523 ], [ -59.253531, -3.919423 ], [ -59.506295, -3.920451 ], [ -59.510099, -3.921442 ], [ -59.525423, -3.925438 ], [ -59.528863, -3.933597 ], [ -59.527342, -3.955257 ], [ -59.539392, -3.966383 ], [ -59.550731, -3.970907 ], [ -59.557003, -3.982288 ], [ -59.555699, -4.007907 ], [ -59.558202, -4.021077 ], [ -59.581252, -4.057257 ], [ -59.587003, -4.076427 ], [ -59.579208, -4.116706 ], [ -59.590217, -4.147292 ], [ -59.619648, -4.19822 ], [ -59.643597, -4.201576 ], [ -59.67493, -4.188363 ], [ -59.693144, -4.210752 ], [ -59.926484, -4.212612 ], [ -59.927056, -4.213126 ], [ -59.945513, -4.229712 ], [ -59.939516, -4.238222 ], [ -59.939603, -4.247235 ], [ -59.944904, -4.252665 ], [ -59.957368, -4.255295 ], [ -59.975412, -4.249829 ], [ -59.988491, -4.2601 ], [ -59.98224, -4.286952 ], [ -59.973076, -4.295721 ], [ -59.968764, -4.306567 ], [ -59.970825, -4.322445 ], [ -59.966432, -4.339066 ], [ -59.947102, -4.360142 ], [ -59.946716, -4.376255 ], [ -59.951932, -4.386336 ], [ -59.960077, -4.391873 ], [ -59.97005, -4.391893 ], [ -59.973913, -4.393357 ], [ -59.999961, -4.396233 ], [ -60.022293, -4.410897 ], [ -60.026766, -4.418575 ], [ -60.035349, -4.420385 ], [ -60.049159, -4.412188 ], [ -60.050633, -4.396257 ], [ -60.047268, -4.387929 ], [ -60.049602, -4.380013 ], [ -60.056827, -4.377499 ], [ -60.07169, -4.381689 ], [ -60.081609, -4.393948 ], [ -60.085784, -4.405102 ], [ -60.089607, -4.407803 ], [ -60.097879, -4.406943 ], [ -60.108047, -4.395314 ], [ -60.13, -4.383876 ], [ -60.129054, -4.376168 ], [ -60.133604, -4.369425 ], [ -60.122271, -4.358815 ], [ -60.124551, -4.343023 ], [ -60.130334, -4.337375 ], [ -60.146301, -4.341194 ], [ -60.161687, -4.336732 ], [ -60.167799, -4.330373 ], [ -60.172975, -4.315099 ], [ -60.19439, -4.28983 ], [ -60.20983, -4.287549 ], [ -60.215497, -4.293281 ], [ -60.225476, -4.281694 ], [ -60.227781, -4.265895 ], [ -60.242997, -4.261646 ], [ -60.251941, -4.249231 ], [ -60.259778, -4.250533 ], [ -60.263551, -4.234618 ], [ -60.271083, -4.236021 ], [ -60.276221, -4.22967 ], [ -60.275969, -4.221761 ], [ -60.264358, -4.210662 ], [ -60.265381, -4.202463 ], [ -60.277864, -4.180761 ], [ -60.277799, -4.172634 ], [ -60.286492, -4.16414 ], [ -60.302698, -4.162309 ] ] ], [ [ [ -65.390437, -1.754082 ], [ -65.419969, -1.735126 ], [ -65.438409, -1.73318 ], [ -65.457466, -1.738411 ], [ -65.47366, -1.751241 ], [ -65.482908, -1.769979 ], [ -65.483941, -1.785701 ], [ -65.488073, -1.793937 ], [ -65.495415, -1.798031 ], [ -65.513527, -1.792636 ], [ -65.52335, -1.775574 ], [ -65.525356, -1.764474 ], [ -65.522826, -1.708041 ], [ -65.524469, -1.697226 ], [ -65.53408, -1.678299 ], [ -65.541916, -1.667575 ], [ -65.550888, -1.662106 ], [ -65.559215, -1.659701 ], [ -65.604357, -1.662562 ], [ -65.625547, -1.650476 ], [ -65.640414, -1.635824 ], [ -65.64472, -1.626867 ], [ -65.647435, -1.60526 ], [ -65.643816, -1.58506 ], [ -65.638268, -1.566841 ], [ -65.642038, -1.546715 ], [ -65.64747, -1.53298 ], [ -65.661799, -1.515449 ], [ -65.686034, -1.501625 ], [ -65.712139, -1.496809 ], [ -65.758549, -1.502721 ], [ -65.782718, -1.493853 ], [ -65.817248, -1.472843 ], [ -65.859967, -1.471246 ], [ -65.870218, -1.466111 ], [ -65.893385, -1.432193 ], [ -65.911917, -1.420573 ], [ -65.941662, -1.412182 ], [ -65.981385, -1.416749 ], [ -66.001021, -1.413375 ], [ -66.001348, -1.413407 ], [ -66.096939, -1.422732 ], [ -66.123578, -1.430227 ], [ -66.147964, -1.441473 ], [ -66.192297, -1.472031 ], [ -66.240967, -1.4916 ], [ -66.257991, -1.506768 ], [ -66.28758, -1.548183 ], [ -66.30108, -1.560695 ], [ -66.316305, -1.568871 ], [ -66.327996, -1.568854 ], [ -66.345188, -1.562985 ], [ -66.368329, -1.543162 ], [ -66.371602, -1.532928 ], [ -66.36577, -1.512443 ], [ -66.363247, -1.484663 ], [ -66.367694, -1.47475 ], [ -66.386497, -1.46908 ], [ -66.406297, -1.477746 ], [ -66.417304, -1.479035 ], [ -66.440157, -1.474715 ], [ -66.452633, -1.478357 ], [ -66.48613, -1.513946 ], [ -66.521796, -1.530454 ], [ -66.551269, -1.536025 ], [ -66.629661, -1.570956 ], [ -66.656916, -1.601055 ], [ -66.704631, -1.623528 ], [ -66.724416, -1.625753 ], [ -66.737408, -1.623739 ], [ -66.782358, -1.59948 ], [ -66.808129, -1.597479 ], [ -66.823984, -1.600141 ], [ -66.842247, -1.60488 ], [ -66.852136, -1.607445 ], [ -66.881607, -1.604657 ], [ -66.918025, -1.609892 ], [ -66.972632, -1.59056 ], [ -66.985602, -1.589667 ], [ -67.005637, -1.594259 ], [ -67.049219, -1.581386 ], [ -67.101167, -1.581136 ], [ -67.120826, -1.585763 ], [ -67.150907, -1.603991 ], [ -67.1773, -1.608255 ], [ -67.214301, -1.608549 ], [ -67.243111, -1.620416 ], [ -67.285742, -1.60925 ], [ -67.309241, -1.61174 ], [ -67.329883, -1.619499 ], [ -67.352746, -1.6198 ], [ -67.368829, -1.631472 ], [ -67.385217, -1.663963 ], [ -67.393384, -1.664957 ], [ -67.419751, -1.647659 ], [ -67.438331, -1.640348 ], [ -67.484954, -1.65123 ], [ -67.526104, -1.650575 ], [ -67.554131, -1.639603 ], [ -67.583442, -1.623092 ], [ -67.589491, -1.616623 ], [ -67.608051, -1.611858 ], [ -67.618627, -1.595641 ], [ -67.616185, -1.56624 ], [ -67.619384, -1.557866 ], [ -67.63518, -1.537344 ], [ -67.648957, -1.511718 ], [ -67.710842, -1.527525 ], [ -67.734113, -1.525133 ], [ -67.749062, -1.518926 ], [ -67.762225, -1.509966 ], [ -67.799929, -1.486369 ], [ -67.831173, -1.481572 ], [ -67.853322, -1.489173 ], [ -67.877523, -1.508211 ], [ -67.904019, -1.517021 ], [ -67.917039, -1.51783 ], [ -67.933576, -1.512252 ], [ -67.962028, -1.489968 ], [ -67.972977, -1.484904 ], [ -67.992419, -1.479173 ], [ -68.020913, -1.475962 ], [ -68.034727, -1.474273 ], [ -68.060589, -1.482306 ], [ -68.088307, -1.49842 ], [ -68.126644, -1.499387 ], [ -68.141766, -1.489365 ], [ -68.160014, -1.483144 ], [ -68.16019, -1.291641 ], [ -68.160703, -0.986548 ], [ -68.161617, -0.906191 ], [ -68.165134, -0.674986 ], [ -68.170344, -0.670539 ], [ -68.207238, -0.671275 ], [ -68.212354, -0.664473 ], [ -68.23684, -0.674394 ], [ -68.245374, -0.673447 ], [ -68.251475, -0.679818 ], [ -68.256022, -0.673567 ], [ -68.264461, -0.675331 ], [ -68.264656, -0.68297 ], [ -68.271751, -0.685971 ], [ -68.289136, -0.684874 ], [ -68.288771, -0.69275 ], [ -68.296405, -0.694762 ], [ -68.304572, -0.702924 ], [ -68.312379, -0.702781 ], [ -68.344511, -0.724885 ], [ -68.352032, -0.723119 ], [ -68.3583, -0.727892 ], [ -68.359878, -0.735332 ], [ -68.382406, -0.740571 ], [ -68.39761, -0.738191 ], [ -68.423751, -0.758514 ], [ -68.42666, -0.765872 ], [ -68.448966, -0.757529 ], [ -68.464127, -0.760371 ], [ -68.487342, -0.756887 ], [ -68.503268, -0.76138 ], [ -68.512112, -0.758854 ], [ -68.517878, -0.752789 ], [ -68.523691, -0.757811 ], [ -68.548196, -0.7518 ], [ -68.559615, -0.740638 ], [ -68.566431, -0.744112 ], [ -68.570823, -0.736951 ], [ -68.584825, -0.727918 ], [ -68.593355, -0.726907 ], [ -68.597331, -0.71992 ], [ -68.603804, -0.718267 ], [ -68.612208, -0.712372 ], [ -68.62035, -0.697904 ], [ -68.615416, -0.691502 ], [ -68.623273, -0.669748 ], [ -68.630821, -0.665974 ], [ -68.643184, -0.643641 ], [ -68.66785, -0.621986 ], [ -68.674135, -0.60778 ], [ -68.690436, -0.589524 ], [ -68.696357, -0.574884 ], [ -68.765875, -0.555452 ], [ -68.782006, -0.554532 ], [ -68.816101, -0.53551 ], [ -68.849296, -0.530784 ], [ -68.87288, -0.510646 ], [ -68.919181, -0.490345 ], [ -68.942549, -0.487365 ], [ -68.959101, -0.481186 ], [ -68.977307, -0.487347 ], [ -69.013533, -0.484638 ], [ -69.018748, -0.491053 ], [ -69.029917, -0.492664 ], [ -69.032079, -0.502771 ], [ -69.044088, -0.502303 ], [ -69.062923, -0.49938 ], [ -69.081942, -0.5102 ], [ -69.104142, -0.515501 ], [ -69.116989, -0.533637 ], [ -69.137396, -0.532984 ], [ -69.158085, -0.538188 ], [ -69.180464, -0.523371 ], [ -69.205702, -0.51771 ], [ -69.218413, -0.511162 ], [ -69.244945, -0.519267 ], [ -69.269304, -0.521055 ], [ -69.28585, -0.516487 ], [ -69.296321, -0.506861 ], [ -69.308853, -0.489107 ], [ -69.344716, -0.483065 ], [ -69.35346, -0.476821 ], [ -69.373799, -0.438304 ], [ -69.396139, -0.423773 ], [ -69.408386, -0.406585 ], [ -69.42065, -0.40045 ], [ -69.434188, -0.404844 ], [ -69.456911, -0.401816 ], [ -69.476363, -0.408578 ], [ -69.485241, -0.400677 ], [ -69.488487, -0.388136 ], [ -69.487138, -0.371128 ], [ -69.501214, -0.360635 ], [ -69.542658, -0.337893 ], [ -69.574572, -0.333952 ], [ -69.591215, -0.325417 ], [ -69.603321, -0.310202 ], [ -69.605207, -0.297986 ], [ -69.603627, -0.220528 ], [ -69.624914, -0.205025 ], [ -69.646581, -0.194285 ], [ -69.659608, -0.17506 ], [ -69.676313, -0.167256 ], [ -69.718244, -0.170826 ], [ -69.733962, -0.167419 ], [ -69.747377, -0.159646 ], [ -69.755803, -0.148079 ], [ -69.759878, -0.132377 ], [ -69.75488, -0.106259 ], [ -69.767934, -0.083567 ], [ -69.774042, -0.077318 ], [ -69.789099, -0.073698 ], [ -69.797438, -0.080994 ], [ -69.804295, -0.106392 ], [ -69.812053, -0.118042 ], [ -69.847571, -0.122882 ], [ -69.8661, -0.142867 ], [ -69.882941, -0.143007 ], [ -69.894435, -0.130693 ], [ -69.898327, -0.116471 ], [ -69.905739, -0.108073 ], [ -69.920633, -0.102077 ], [ -69.941321, -0.085005 ], [ -69.94588, -0.074645 ], [ -69.948268, -0.031694 ], [ -69.95513, -0.016349 ], [ -69.960769, -0.010613 ], [ -69.983991, -0.005397 ], [ -69.988688, 0.006604 ], [ -69.985019, 0.038898 ], [ -69.991634, 0.054094 ], [ -70.012657, 0.065673 ], [ -70.045798, 0.068655 ], [ -70.045885, 0.109418 ], [ -70.045144, 0.247738 ], [ -70.043967, 0.457695 ], [ -70.043008, 0.559172 ], [ -70.035009, 0.561764 ], [ -70.025898, 0.55829 ], [ -70.022535, 0.543852 ], [ -70.015427, 0.5396 ], [ -70.003669, 0.541263 ], [ -69.994611, 0.548048 ], [ -69.990893, 0.561314 ], [ -69.99853, 0.570526 ], [ -69.970805, 0.571219 ], [ -69.965666, 0.561487 ], [ -69.941829, 0.554639 ], [ -69.925048, 0.565302 ], [ -69.91427, 0.585616 ], [ -69.906136, 0.581539 ], [ -69.894884, 0.583374 ], [ -69.886767, 0.575274 ], [ -69.859934, 0.580159 ], [ -69.847376, 0.587221 ], [ -69.83724, 0.583833 ], [ -69.831042, 0.59036 ], [ -69.818737, 0.586145 ], [ -69.812594, 0.583149 ], [ -69.808871, 0.572547 ], [ -69.791534, 0.58622 ], [ -69.785506, 0.595915 ], [ -69.763622, 0.605756 ], [ -69.749674, 0.622421 ], [ -69.739643, 0.615178 ], [ -69.724672, 0.617203 ], [ -69.721064, 0.626759 ], [ -69.717476, 0.643353 ], [ -69.699107, 0.65319 ], [ -69.691218, 0.653734 ], [ -69.690224, 0.665819 ], [ -69.679244, 0.670916 ], [ -69.655823, 0.666382 ], [ -69.64755, 0.661188 ], [ -69.634049, 0.636732 ], [ -69.626405, 0.636847 ], [ -69.61819, 0.629849 ], [ -69.606239, 0.62955 ], [ -69.605127, 0.639155 ], [ -69.59421, 0.63911 ], [ -69.590482, 0.659355 ], [ -69.566213, 0.672823 ], [ -69.565929, 0.684397 ], [ -69.538874, 0.682384 ], [ -69.53351, 0.68393 ], [ -69.534401, 0.700304 ], [ -69.527319, 0.707965 ], [ -69.518984, 0.713831 ], [ -69.509762, 0.712754 ], [ -69.505371, 0.721521 ], [ -69.497362, 0.728159 ], [ -69.48092, 0.73595 ], [ -69.468834, 0.735486 ], [ -69.46203, 0.72934 ], [ -69.458865, 0.71597 ], [ -69.44558, 0.714654 ], [ -69.43703, 0.710056 ], [ -69.436583, 0.6947 ], [ -69.419689, 0.685587 ], [ -69.409466, 0.675075 ], [ -69.40847, 0.661435 ], [ -69.368296, 0.627857 ], [ -69.358492, 0.612185 ], [ -69.351629, 0.615557 ], [ -69.341154, 0.627871 ], [ -69.340021, 0.639636 ], [ -69.324709, 0.633083 ], [ -69.310986, 0.63777 ], [ -69.301184, 0.64957 ], [ -69.287016, 0.646789 ], [ -69.292013, 0.635522 ], [ -69.285543, 0.619915 ], [ -69.297705, 0.603729 ], [ -69.275649, 0.603463 ], [ -69.265232, 0.608653 ], [ -69.254539, 0.60474 ], [ -69.243563, 0.609073 ], [ -69.238398, 0.602733 ], [ -69.212255, 0.609956 ], [ -69.203141, 0.605693 ], [ -69.200004, 0.617561 ], [ -69.201115, 0.631818 ], [ -69.195258, 0.637682 ], [ -69.192668, 0.651868 ], [ -69.180228, 0.656298 ], [ -69.170251, 0.651952 ], [ -69.156198, 0.651576 ], [ -69.144608, 0.645259 ], [ -69.133057, 0.646592 ], [ -69.127387, 0.640511 ], [ -69.116251, 0.635823 ], [ -69.114606, 0.650185 ], [ -69.143999, 0.702844 ], [ -69.165832, 0.719255 ], [ -69.179804, 0.724782 ], [ -69.185638, 0.733522 ], [ -69.186781, 0.749585 ], [ -69.172334, 0.763396 ], [ -69.160532, 0.760527 ], [ -69.151862, 0.765634 ], [ -69.144468, 0.783372 ], [ -69.15094, 0.810156 ], [ -69.159504, 0.817765 ], [ -69.165359, 0.828823 ], [ -69.165559, 0.852196 ], [ -69.15353, 0.854573 ], [ -69.141697, 0.852657 ], [ -69.135939, 0.863945 ], [ -69.135276, 0.877528 ], [ -69.143498, 0.886597 ], [ -69.153947, 0.888432 ], [ -69.171276, 0.903039 ], [ -69.184556, 0.903142 ], [ -69.184226, 0.915775 ], [ -69.189, 0.922881 ], [ -69.190086, 0.932927 ], [ -69.185443, 0.939571 ], [ -69.162839, 0.946308 ], [ -69.172948, 0.960174 ], [ -69.205584, 0.972622 ], [ -69.220009, 0.985343 ], [ -69.203034, 0.999958 ], [ -69.205312, 1.010428 ], [ -69.21389, 1.021643 ], [ -69.264802, 1.064701 ], [ -69.277069, 1.067202 ], [ -69.289253, 1.062747 ], [ -69.295049, 1.070613 ], [ -69.305967, 1.071487 ], [ -69.307699, 1.079463 ], [ -69.321024, 1.096036 ], [ -69.348462, 1.093971 ], [ -69.360701, 1.088486 ], [ -69.378996, 1.095665 ], [ -69.385434, 1.082921 ], [ -69.415954, 1.052694 ], [ -69.434845, 1.057899 ], [ -69.438915, 1.071945 ], [ -69.436844, 1.080965 ], [ -69.447417, 1.084073 ], [ -69.456542, 1.082213 ], [ -69.492868, 1.088245 ], [ -69.520819, 1.079918 ], [ -69.565915, 1.081088 ], [ -69.587003, 1.08884 ], [ -69.606352, 1.105514 ], [ -69.621128, 1.102848 ], [ -69.630564, 1.095244 ], [ -69.648857, 1.095811 ], [ -69.671025, 1.088042 ], [ -69.684205, 1.076818 ], [ -69.697777, 1.084013 ], [ -69.705677, 1.082505 ], [ -69.708664, 1.090538 ], [ -69.705944, 1.112743 ], [ -69.710029, 1.12685 ], [ -69.730158, 1.116095 ], [ -69.739672, 1.120999 ], [ -69.754196, 1.119017 ], [ -69.784251, 1.10169 ], [ -69.79478, 1.090577 ], [ -69.801507, 1.073924 ], [ -69.811662, 1.069492 ], [ -69.829667, 1.072459 ], [ -69.84382, 1.085721 ], [ -69.843946, 1.136589 ], [ -69.843951, 1.576017 ], [ -69.843918, 1.578318 ], [ -69.841989, 1.721113 ], [ -69.826174, 1.716569 ], [ -69.829889, 1.709683 ], [ -69.821292, 1.705403 ], [ -69.794539, 1.710301 ], [ -69.785211, 1.705258 ], [ -69.784537, 1.715114 ], [ -69.777348, 1.72375 ], [ -69.76851, 1.724525 ], [ -69.741141, 1.744764 ], [ -69.727564, 1.747304 ], [ -69.716562, 1.744076 ], [ -69.71056, 1.749794 ], [ -69.70022, 1.744162 ], [ -69.68264, 1.747428 ], [ -69.681249, 1.736047 ], [ -69.669049, 1.738744 ], [ -69.657025, 1.737069 ], [ -69.645056, 1.743876 ], [ -69.635911, 1.737114 ], [ -69.628354, 1.750992 ], [ -69.62035, 1.752703 ], [ -69.602492, 1.764546 ], [ -69.56682, 1.777607 ], [ -69.55179, 1.792085 ], [ -69.494643, 1.767127 ], [ -69.487003, 1.77261 ], [ -69.486343, 1.762495 ], [ -69.478171, 1.760349 ], [ -69.473869, 1.769059 ], [ -69.468093, 1.762256 ], [ -69.457033, 1.759539 ], [ -69.450587, 1.764668 ], [ -69.425608, 1.757202 ], [ -69.392964, 1.734965 ], [ -69.392688, 1.724412 ], [ -69.384332, 1.730075 ], [ -69.357003, 1.730568 ], [ -69.178063, 1.733781 ], [ -68.696723, 1.732325 ], [ -68.164415, 1.73198 ], [ -68.156263, 1.731973 ], [ -68.15901, 1.750356 ], [ -68.178622, 1.753972 ], [ -68.168983, 1.771002 ], [ -68.187177, 1.784998 ], [ -68.202041, 1.786669 ], [ -68.20851, 1.778571 ], [ -68.21985, 1.773622 ], [ -68.236041, 1.77286 ], [ -68.244405, 1.795241 ], [ -68.233125, 1.830252 ], [ -68.243625, 1.831616 ], [ -68.266353, 1.827674 ], [ -68.263153, 1.860961 ], [ -68.252821, 1.879034 ], [ -68.242706, 1.927084 ], [ -68.234992, 1.938221 ], [ -68.222652, 1.945868 ], [ -68.208128, 1.961922 ], [ -68.198342, 1.961248 ], [ -68.182369, 1.979133 ], [ -68.165621, 1.985104 ], [ -68.158035, 1.978011 ], [ -68.140146, 1.985119 ], [ -68.122037, 1.966122 ], [ -68.113978, 1.94451 ], [ -68.102561, 1.936677 ], [ -68.093596, 1.910573 ], [ -68.086978, 1.90165 ], [ -68.078897, 1.90277 ], [ -68.064783, 1.898247 ], [ -68.042892, 1.900027 ], [ -68.02389, 1.885155 ], [ -68.003586, 1.860639 ], [ -67.973031, 1.833088 ], [ -67.940747, 1.831069 ], [ -67.930217, 1.835152 ], [ -67.922104, 1.852539 ], [ -67.911328, 1.856194 ], [ -67.906324, 1.866455 ], [ -67.912439, 1.898156 ], [ -67.882072, 1.903137 ], [ -67.859159, 1.920509 ], [ -67.835105, 1.945689 ], [ -67.831572, 1.957587 ], [ -67.817683, 1.967171 ], [ -67.778874, 2.0314 ], [ -67.768428, 2.039653 ], [ -67.74938, 2.040465 ], [ -67.69651, 2.023706 ], [ -67.672217, 2.020617 ], [ -67.619285, 2.02401 ], [ -67.606566, 2.035759 ], [ -67.58581, 2.085828 ], [ -67.557476, 2.106426 ], [ -67.550366, 2.142054 ], [ -67.539561, 2.156223 ], [ -67.521388, 2.17065 ], [ -67.447633, 2.208439 ], [ -67.438136, 2.233622 ], [ -67.430446, 2.241951 ], [ -67.406037, 2.246575 ], [ -67.388715, 2.244347 ], [ -67.363936, 2.23066 ], [ -67.342941, 2.205815 ], [ -67.336327, 2.098426 ], [ -67.329404, 2.078535 ], [ -67.325543, 2.03005 ], [ -67.299654, 1.927007 ], [ -67.286216, 1.888937 ], [ -67.277542, 1.876084 ], [ -67.243405, 1.858522 ], [ -67.228288, 1.861184 ], [ -67.173789, 1.857358 ], [ -67.156505, 1.849181 ], [ -67.139182, 1.826927 ], [ -67.123509, 1.799266 ], [ -67.115034, 1.767886 ], [ -67.096837, 1.732939 ], [ -67.100816, 1.706571 ], [ -67.099003, 1.682079 ], [ -67.08573, 1.658291 ], [ -67.080978, 1.638515 ], [ -67.078174, 1.500171 ], [ -67.072702, 1.473269 ], [ -67.071787, 1.442943 ], [ -67.079869, 1.401599 ], [ -67.088284, 1.32532 ], [ -67.086788, 1.231903 ], [ -67.082309, 1.203684 ], [ -67.087616, 1.167237 ], [ -67.009272, 1.18874 ], [ -66.85639, 1.230546 ], [ -66.594879, 0.996646 ], [ -66.31798, 0.755384 ], [ -66.315973, 0.73647 ], [ -66.317911, 0.755438 ], [ -66.212432, 0.78099 ], [ -66.187604, 0.779023 ], [ -66.182136, 0.767462 ], [ -66.162772, 0.756457 ], [ -66.160551, 0.746703 ], [ -66.150548, 0.744814 ], [ -66.120608, 0.752423 ], [ -66.113965, 0.76372 ], [ -66.101684, 0.76409 ], [ -66.087991, 0.759403 ], [ -66.075743, 0.768625 ], [ -66.077832, 0.779375 ], [ -66.073963, 0.799073 ], [ -66.069516, 0.8054 ], [ -66.055439, 0.80252 ], [ -66.037439, 0.81238 ], [ -66.016721, 0.800382 ], [ -66.000072, 0.802922 ], [ -65.992521, 0.807355 ], [ -65.982799, 0.806548 ], [ -65.977244, 0.812154 ], [ -65.970831, 0.806375 ], [ -65.963888, 0.809817 ], [ -65.964161, 0.820115 ], [ -65.951319, 0.83666 ], [ -65.945386, 0.852928 ], [ -65.932792, 0.862877 ], [ -65.936046, 0.88248 ], [ -65.924855, 0.891613 ], [ -65.907858, 0.889189 ], [ -65.900609, 0.883955 ], [ -65.896658, 0.892541 ], [ -65.881019, 0.90195 ], [ -65.873164, 0.922378 ], [ -65.879183, 0.933036 ], [ -65.861748, 0.931242 ], [ -65.831132, 0.940393 ], [ -65.815828, 0.952423 ], [ -65.808603, 0.949357 ], [ -65.79333, 0.954431 ], [ -65.787222, 0.962207 ], [ -65.779439, 0.964383 ], [ -65.773609, 0.959416 ], [ -65.766663, 0.964392 ], [ -65.76055, 0.981387 ], [ -65.750268, 0.98275 ], [ -65.738883, 0.999932 ], [ -65.721101, 1.001933 ], [ -65.711661, 0.997785 ], [ -65.705275, 1.003302 ], [ -65.694992, 1.004395 ], [ -65.68805, 0.999972 ], [ -65.686105, 0.991117 ], [ -65.678047, 0.989136 ], [ -65.668887, 1.002699 ], [ -65.652217, 1.012111 ], [ -65.624437, 0.98936 ], [ -65.626657, 1.009602 ], [ -65.616965, 1.010152 ], [ -65.609739, 1.014587 ], [ -65.606128, 1.004829 ], [ -65.590575, 1.002581 ], [ -65.585022, 1.009275 ], [ -65.571685, 0.985335 ], [ -65.566686, 0.994556 ], [ -65.557241, 0.99366 ], [ -65.560853, 0.986156 ], [ -65.557521, 0.976216 ], [ -65.541384, 0.975865 ], [ -65.53669, 0.961409 ], [ -65.530329, 0.956443 ], [ -65.535855, 0.948395 ], [ -65.523941, 0.937827 ], [ -65.521436, 0.929694 ], [ -65.507825, 0.915876 ], [ -65.513384, 0.895809 ], [ -65.511717, 0.885595 ], [ -65.495603, 0.889673 ], [ -65.493111, 0.882444 ], [ -65.504718, 0.86888 ], [ -65.499718, 0.842758 ], [ -65.508327, 0.843839 ], [ -65.51388, 0.837509 ], [ -65.520824, 0.840487 ], [ -65.527218, 0.833613 ], [ -65.523608, 0.824939 ], [ -65.530549, 0.805502 ], [ -65.540271, 0.805496 ], [ -65.539161, 0.797181 ], [ -65.548047, 0.774941 ], [ -65.555827, 0.778009 ], [ -65.573049, 0.764714 ], [ -65.575269, 0.745009 ], [ -65.59083, 0.721953 ], [ -65.584434, 0.714997 ], [ -65.575831, 0.711929 ], [ -65.563603, 0.676054 ], [ -65.55749, 0.670275 ], [ -65.553053, 0.658617 ], [ -65.545274, 0.655819 ], [ -65.540087, 0.649248 ], [ -65.529996, 0.668299 ], [ -65.499992, 0.672473 ], [ -65.494435, 0.678623 ], [ -65.484159, 0.679169 ], [ -65.479714, 0.687216 ], [ -65.471663, 0.683064 ], [ -65.452221, 0.685784 ], [ -65.442492, 0.690219 ], [ -65.438054, 0.700525 ], [ -65.423051, 0.708307 ], [ -65.420831, 0.732441 ], [ -65.409998, 0.739951 ], [ -65.415274, 0.747992 ], [ -65.413326, 0.755496 ], [ -65.396935, 0.750263 ], [ -65.394999, 0.75858 ], [ -65.399163, 0.767436 ], [ -65.394439, 0.774669 ], [ -65.399715, 0.781898 ], [ -65.39611, 0.79085 ], [ -65.412495, 0.816059 ], [ -65.39749, 0.821673 ], [ -65.394259, 0.835563 ], [ -65.391105, 0.844456 ], [ -65.384158, 0.849432 ], [ -65.376389, 0.849708 ], [ -65.373046, 0.864987 ], [ -65.351383, 0.873316 ], [ -65.355831, 0.884976 ], [ -65.34277, 0.893842 ], [ -65.328604, 0.931909 ], [ -65.321386, 0.928298 ], [ -65.302216, 0.942501 ], [ -65.276939, 0.938543 ], [ -65.269435, 0.943611 ], [ -65.263602, 0.934392 ], [ -65.268879, 0.927156 ], [ -65.263053, 0.919928 ], [ -65.256386, 0.925538 ], [ -65.240274, 0.921389 ], [ -65.22555, 0.927727 ], [ -65.208333, 0.929093 ], [ -65.20472, 0.917433 ], [ -65.206942, 0.907216 ], [ -65.196658, 0.911111 ], [ -65.181943, 0.922783 ], [ -65.164441, 0.950819 ], [ -65.161102, 0.978847 ], [ -65.154435, 0.98717 ], [ -65.146742, 1.009688 ], [ -65.166326, 1.011663 ], [ -65.168939, 1.018802 ], [ -65.166525, 1.027302 ], [ -65.15847, 1.033727 ], [ -65.153493, 1.056694 ], [ -65.153629, 1.088878 ], [ -65.149854, 1.107687 ], [ -65.154523, 1.125313 ], [ -65.138332, 1.127858 ], [ -65.121965, 1.135462 ], [ -65.118601, 1.146767 ], [ -65.10255, 1.156996 ], [ -65.08763, 1.146337 ], [ -65.078167, 1.147792 ], [ -65.070714, 1.153764 ], [ -65.060356, 1.138039 ], [ -65.065522, 1.11941 ], [ -65.060803, 1.11209 ], [ -65.045245, 1.117254 ], [ -65.021715, 1.115281 ], [ -65.015858, 1.124781 ], [ -65.006163, 1.129217 ], [ -64.991104, 1.150838 ], [ -64.969718, 1.173276 ], [ -64.96027, 1.190008 ], [ -64.960825, 1.198599 ], [ -64.969159, 1.217491 ], [ -64.960273, 1.230519 ], [ -64.951104, 1.231881 ], [ -64.945274, 1.225556 ], [ -64.94305, 1.216064 ], [ -64.934713, 1.211638 ], [ -64.925831, 1.21499 ], [ -64.913882, 1.228293 ], [ -64.906103, 1.241951 ], [ -64.906664, 1.251625 ], [ -64.897775, 1.252988 ], [ -64.890551, 1.248564 ], [ -64.886104, 1.232199 ], [ -64.878052, 1.22886 ], [ -64.868047, 1.232211 ], [ -64.868326, 1.241345 ], [ -64.85222, 1.263872 ], [ -64.861105, 1.269653 ], [ -64.824581, 1.295451 ], [ -64.809989, 1.314723 ], [ -64.802776, 1.31084 ], [ -64.788609, 1.286071 ], [ -64.793883, 1.280009 ], [ -64.793049, 1.2697 ], [ -64.779993, 1.258587 ], [ -64.763328, 1.231109 ], [ -64.756941, 1.226591 ], [ -64.746109, 1.225785 ], [ -64.721938, 1.238821 ], [ -64.720824, 1.247505 ], [ -64.713884, 1.251399 ], [ -64.709161, 1.269669 ], [ -64.70388, 1.276363 ], [ -64.701382, 1.291648 ], [ -64.684163, 1.284153 ], [ -64.67611, 1.285786 ], [ -64.66805, 1.292212 ], [ -64.659717, 1.291675 ], [ -64.64416, 1.305251 ], [ -64.634439, 1.320541 ], [ -64.623602, 1.324437 ], [ -64.610828, 1.336112 ], [ -64.590268, 1.337753 ], [ -64.57555, 1.354403 ], [ -64.581665, 1.359373 ], [ -64.579439, 1.367784 ], [ -64.582215, 1.375832 ], [ -64.573327, 1.383887 ], [ -64.552775, 1.417182 ], [ -64.529992, 1.426332 ], [ -64.527498, 1.444422 ], [ -64.521384, 1.438006 ], [ -64.499993, 1.442993 ], [ -64.486663, 1.453855 ], [ -64.476102, 1.468333 ], [ -64.453047, 1.480558 ], [ -64.44888, 1.473598 ], [ -64.438054, 1.472157 ], [ -64.424162, 1.485551 ], [ -64.42138, 1.493874 ], [ -64.41027, 1.506363 ], [ -64.40861, 1.514142 ], [ -64.396937, 1.527174 ], [ -64.383048, 1.520761 ], [ -64.374437, 1.524114 ], [ -64.350832, 1.518611 ], [ -64.348327, 1.502422 ], [ -64.35666, 1.484149 ], [ -64.37833, 1.463873 ], [ -64.374164, 1.45691 ], [ -64.376939, 1.448587 ], [ -64.396941, 1.424699 ], [ -64.393047, 1.418009 ], [ -64.399442, 1.395211 ], [ -64.393051, 1.388886 ], [ -64.37694, 1.386904 ], [ -64.358884, 1.390261 ], [ -64.345272, 1.366392 ], [ -64.337491, 1.363862 ], [ -64.334718, 1.3711 ], [ -64.341379, 1.3758 ], [ -64.342217, 1.384663 ], [ -64.336939, 1.391903 ], [ -64.329163, 1.395254 ], [ -64.325553, 1.402219 ], [ -64.324443, 1.411084 ], [ -64.328606, 1.419674 ], [ -64.325554, 1.436319 ], [ -64.317496, 1.440484 ], [ -64.312498, 1.448266 ], [ -64.312493, 1.456676 ], [ -64.303886, 1.460844 ], [ -64.301665, 1.468622 ], [ -64.278331, 1.478857 ], [ -64.275272, 1.485823 ], [ -64.26694, 1.485014 ], [ -64.261106, 1.500214 ], [ -64.239717, 1.511623 ], [ -64.222768, 1.507472 ], [ -64.214992, 1.508833 ], [ -64.205598, 1.516173 ], [ -64.194438, 1.525216 ], [ -64.193327, 1.543036 ], [ -64.174438, 1.563307 ], [ -64.173324, 1.571359 ], [ -64.167214, 1.576337 ], [ -64.159441, 1.574713 ], [ -64.143608, 1.582773 ], [ -64.134992, 1.577169 ], [ -64.123446, 1.580731 ], [ -64.111661, 1.589664 ], [ -64.106941, 1.607487 ], [ -64.094715, 1.617444 ], [ -64.08694, 1.640513 ], [ -64.074996, 1.653003 ], [ -64.064719, 1.676347 ], [ -64.066106, 1.684125 ], [ -64.060827, 1.70195 ], [ -64.066385, 1.708276 ], [ -64.071666, 1.726096 ], [ -64.065823, 1.731071 ], [ -64.064713, 1.740207 ], [ -64.068332, 1.747986 ], [ -64.076107, 1.751599 ], [ -64.077497, 1.759378 ], [ -64.061937, 1.789961 ], [ -64.061388, 1.805791 ], [ -64.057494, 1.813301 ], [ -64.062217, 1.821079 ], [ -64.054723, 1.825787 ], [ -64.055554, 1.841345 ], [ -64.064716, 1.844957 ], [ -64.070549, 1.852733 ], [ -64.061384, 1.883041 ], [ -64.063606, 1.89887 ], [ -64.059994, 1.91416 ], [ -64.061386, 1.931073 ], [ -64.044716, 1.934431 ], [ -64.041109, 1.943026 ], [ -64.018609, 1.951634 ], [ -64.017493, 1.959143 ], [ -64.010829, 1.962766 ], [ -64.001106, 1.975254 ], [ -63.994995, 1.980233 ], [ -63.986938, 1.979423 ], [ -63.974995, 1.991641 ], [ -63.967221, 1.988571 ], [ -63.960825, 1.992736 ], [ -63.95361, 1.988578 ], [ -63.938048, 1.989674 ], [ -63.922218, 1.98326 ], [ -63.906109, 1.991862 ], [ -63.89805, 1.992772 ], [ -63.890276, 1.989701 ], [ -63.887222, 1.982738 ], [ -63.853608, 1.978865 ], [ -63.845549, 1.964394 ], [ -63.82916, 1.968564 ], [ -63.823329, 1.991364 ], [ -63.799443, 1.987757 ], [ -63.784442, 1.981884 ], [ -63.776938, 1.985506 ], [ -63.768325, 1.999985 ], [ -63.759714, 2.004422 ], [ -63.751386, 1.996374 ], [ -63.742774, 1.999113 ], [ -63.739991, 1.999998 ], [ -63.74222, 2.008863 ], [ -63.738609, 2.016643 ], [ -63.730547, 2.018275 ], [ -63.727775, 2.0266 ], [ -63.702773, 2.046604 ], [ -63.693329, 2.04136 ], [ -63.688049, 2.031863 ], [ -63.691666, 2.02354 ], [ -63.67444, 2.021646 ], [ -63.667494, 2.017218 ], [ -63.661665, 2.023824 ], [ -63.660275, 2.033594 ], [ -63.664438, 2.057745 ], [ -63.661666, 2.0658 ], [ -63.653329, 2.068335 ], [ -63.64444, 2.065264 ], [ -63.637526, 2.069609 ], [ -63.629998, 2.084992 ], [ -63.62222, 2.089427 ], [ -63.618051, 2.096666 ], [ -63.616934, 2.10689 ], [ -63.606108, 2.107707 ], [ -63.593883, 2.120559 ], [ -63.584997, 2.11993 ], [ -63.568326, 2.125001 ], [ -63.561379, 2.132693 ], [ -63.535833, 2.131345 ], [ -63.513882, 2.121312 ], [ -63.508884, 2.113895 ], [ -63.49194, 2.1158 ], [ -63.474992, 2.126933 ], [ -63.473857, 2.138243 ], [ -63.46611, 2.14132 ], [ -63.443611, 2.125496 ], [ -63.433604, 2.126674 ], [ -63.427221, 2.135542 ], [ -63.420555, 2.131654 ], [ -63.405271, 2.144685 ], [ -63.397215, 2.147221 ], [ -63.39333, 2.157173 ], [ -63.393878, 2.166037 ], [ -63.388333, 2.18332 ], [ -63.394714, 2.188836 ], [ -63.394721, 2.199965 ], [ -63.371783, 2.212079 ], [ -63.371563, 2.212196 ], [ -63.359265, 2.197436 ], [ -63.310263, 2.165338 ], [ -63.282259, 2.154216 ], [ -63.272845, 2.155696 ], [ -63.193609, 2.181547 ], [ -63.164935, 2.180648 ], [ -63.158074, 2.174621 ], [ -63.14099, 2.172781 ], [ -63.137064, 2.16139 ], [ -63.138034, 2.143105 ], [ -63.135798, 2.137575 ], [ -63.135659, 2.134967 ], [ -63.119308, 2.096787 ], [ -63.106716, 2.079679 ], [ -63.085019, 2.061772 ], [ -63.076743, 2.046401 ], [ -63.072292, 2.043176 ], [ -63.070339, 2.040321 ], [ -63.06266, 2.036195 ], [ -63.053044, 2.029225 ], [ -63.023252, 2.015014 ], [ -62.980271, 2.018121 ], [ -62.947959, 2.031376 ], [ -62.919299, 2.025321 ], [ -62.83831, 2.016804 ], [ -62.828353, 2.013649 ], [ -62.812723, 1.992019 ], [ -62.8117, 1.991658 ], [ -62.81163, 1.991565 ], [ -62.74195, 1.967027 ], [ -62.719131, 1.953775 ], [ -62.709871, 1.944452 ], [ -62.704676, 1.936902 ], [ -62.698207, 1.912294 ], [ -62.703657, 1.874282 ], [ -62.73055, 1.818568 ], [ -62.723209, 1.712735 ], [ -62.732969, 1.695439 ], [ -62.755625, 1.676092 ], [ -62.765361, 1.671645 ], [ -62.772975, 1.656648 ], [ -62.795805, 1.63102 ], [ -62.806177, 1.604443 ], [ -62.80476, 1.591683 ], [ -62.800837, 1.587045 ], [ -62.781261, 1.572853 ], [ -62.756272, 1.547965 ], [ -62.749262, 1.536309 ], [ -62.739072, 1.532486 ], [ -62.735827, 1.529967 ], [ -62.730278, 1.49997 ], [ -62.720253, 1.488882 ], [ -62.698063, 1.475777 ], [ -62.676382, 1.454969 ], [ -62.656117, 1.448863 ], [ -62.639443, 1.438576 ], [ -62.619731, 1.404121 ], [ -62.619996, 1.394695 ], [ -62.625825, 1.385538 ], [ -62.619999, 1.363032 ], [ -62.610271, 1.352988 ], [ -62.601676, 1.326111 ], [ -62.599334, 1.308508 ], [ -62.589162, 1.267118 ], [ -62.580647, 1.241467 ], [ -62.554172, 1.175243 ], [ -62.546587, 1.130248 ], [ -62.54533, 1.124095 ], [ -62.529148, 1.089158 ], [ -62.520567, 1.084156 ], [ -62.489438, 1.084997 ], [ -62.479715, 1.089156 ], [ -62.4711, 1.086622 ], [ -62.46999, 1.077755 ], [ -62.477763, 1.056944 ], [ -62.478588, 1.048276 ], [ -62.473905, 1.04056 ], [ -62.477209, 1.028288 ], [ -62.474175, 1.01664 ], [ -62.46111, 0.995251 ], [ -62.44945, 0.984128 ], [ -62.443064, 0.968582 ], [ -62.443008, 0.967944 ], [ -62.442215, 0.958874 ], [ -62.447775, 0.943586 ], [ -62.470533, 0.91747 ], [ -62.485553, 0.866875 ], [ -62.480529, 0.843013 ], [ -62.465553, 0.829418 ], [ -62.457214, 0.785539 ], [ -62.462505, 0.77721 ], [ -62.487472, 0.758567 ], [ -62.499973, 0.74829 ], [ -62.528057, 0.710534 ], [ -62.529514, 0.706299 ], [ -62.534876, 0.690704 ], [ -62.537769, 0.675538 ], [ -62.517777, 0.58416 ], [ -62.527218, 0.546889 ], [ -62.532488, 0.509151 ], [ -62.522444, 0.48591 ], [ -62.51814, 0.444044 ], [ -62.508711, 0.440228 ], [ -62.484725, 0.454424 ], [ -62.467212, 0.426376 ], [ -62.458047, 0.418035 ], [ -62.455552, 0.392755 ], [ -62.445851, 0.379457 ], [ -62.452488, 0.373877 ], [ -62.451385, 0.365531 ], [ -62.460553, 0.353012 ], [ -62.466368, 0.333313 ], [ -62.458064, 0.313838 ], [ -62.46777, 0.276098 ], [ -62.453894, 0.243897 ], [ -62.452223, 0.207759 ], [ -62.438039, 0.19524 ], [ -62.428055, 0.173879 ], [ -62.423605, 0.153595 ], [ -62.423663, 0.149854 ], [ -62.42278, 0.14502 ], [ -62.423814, 0.140142 ], [ -62.423886, 0.13554 ], [ -62.428326, 0.118868 ], [ -62.423877, 0.091918 ], [ -62.414446, 0.074724 ], [ -62.390271, 0.059988 ], [ -62.370256, 0.054441 ], [ -62.361119, 0.04109 ], [ -62.346123, 0.029953 ], [ -62.322222, -0.023898 ], [ -62.325834, -0.03112 ], [ -62.321388, -0.03778 ], [ -62.322733, -0.060519 ], [ -62.322801, -0.061657 ], [ -62.331686, -0.060269 ], [ -62.329747, -0.06859 ], [ -62.321689, -0.06998 ], [ -62.317414, -0.084175 ], [ -62.319216, -0.102178 ], [ -62.293414, -0.127998 ], [ -62.290076, -0.139104 ], [ -62.267575, -0.163537 ], [ -62.258133, -0.164928 ], [ -62.244519, -0.174369 ], [ -62.241468, -0.181315 ], [ -62.246468, -0.189648 ], [ -62.244799, -0.211309 ], [ -62.252851, -0.21937 ], [ -62.252574, -0.236315 ], [ -62.246467, -0.251866 ], [ -62.237861, -0.252425 ], [ -62.241191, -0.26048 ], [ -62.253134, -0.271033 ], [ -62.253689, -0.279365 ], [ -62.24504, -0.294109 ], [ -62.247856, -0.301586 ], [ -62.23897, -0.307697 ], [ -62.235355, -0.316865 ], [ -62.225914, -0.316864 ], [ -62.219244, -0.310754 ], [ -62.187854, -0.330473 ], [ -62.193412, -0.338259 ], [ -62.1948, -0.364093 ], [ -62.20341, -0.367979 ], [ -62.205914, -0.376588 ], [ -62.201744, -0.392696 ], [ -62.216744, -0.399092 ], [ -62.212298, -0.407975 ], [ -62.221192, -0.409084 ], [ -62.226742, -0.425478 ], [ -62.242856, -0.43187 ], [ -62.248137, -0.439364 ], [ -62.273416, -0.453809 ], [ -62.277577, -0.464922 ], [ -62.270353, -0.470199 ], [ -62.274523, -0.478261 ], [ -62.28397, -0.477148 ], [ -62.2898, -0.483809 ], [ -62.285913, -0.493257 ], [ -62.294241, -0.507422 ], [ -62.3023, -0.508253 ], [ -62.308684, -0.513811 ], [ -62.303411, -0.534364 ], [ -62.311187, -0.537147 ], [ -62.30897, -0.546037 ], [ -62.317855, -0.552147 ], [ -62.30786, -0.567141 ], [ -62.309248, -0.582979 ], [ -62.302023, -0.586866 ], [ -62.290357, -0.601865 ], [ -62.291466, -0.610205 ], [ -62.299803, -0.610479 ], [ -62.301193, -0.618808 ], [ -62.29313, -0.622428 ], [ -62.287018, -0.637983 ], [ -62.295909, -0.651869 ], [ -62.30369, -0.653816 ], [ -62.308688, -0.660484 ], [ -62.317575, -0.661307 ], [ -62.32619, -0.656033 ], [ -62.331464, -0.661868 ], [ -62.332853, -0.670475 ], [ -62.34083, -0.675562 ], [ -62.348333, -0.670287 ], [ -62.353329, -0.676677 ], [ -62.370272, -0.676398 ], [ -62.372219, -0.686121 ], [ -62.368883, -0.695011 ], [ -62.360834, -0.699179 ], [ -62.358331, -0.706672 ], [ -62.366665, -0.709727 ], [ -62.38166, -0.705843 ], [ -62.389992, -0.709175 ], [ -62.392213, -0.719174 ], [ -62.406386, -0.72695 ], [ -62.409994, -0.710006 ], [ -62.416386, -0.703062 ], [ -62.424996, -0.699728 ], [ -62.428056, -0.692509 ], [ -62.455276, -0.691674 ], [ -62.463327, -0.687787 ], [ -62.469158, -0.693617 ], [ -62.486106, -0.681118 ], [ -62.492495, -0.687233 ], [ -62.494995, -0.703615 ], [ -62.507771, -0.7139 ], [ -62.505548, -0.730567 ], [ -62.498329, -0.733622 ], [ -62.494436, -0.750285 ], [ -62.509717, -0.758619 ], [ -62.503881, -0.765286 ], [ -62.500552, -0.781116 ], [ -62.480277, -0.794728 ], [ -62.464992, -0.788621 ], [ -62.461109, -0.801395 ], [ -62.452777, -0.803621 ], [ -62.447779, -0.809725 ], [ -62.442217, -0.801677 ], [ -62.43277, -0.803619 ], [ -62.427773, -0.811949 ], [ -62.395277, -0.820007 ], [ -62.393608, -0.828618 ], [ -62.375547, -0.836119 ], [ -62.379992, -0.843339 ], [ -62.373049, -0.848338 ], [ -62.369443, -0.858896 ], [ -62.375827, -0.865842 ], [ -62.366104, -0.868898 ], [ -62.364442, -0.876954 ], [ -62.356109, -0.874727 ], [ -62.339716, -0.903892 ], [ -62.328054, -0.915284 ], [ -62.316659, -0.913895 ], [ -62.312222, -0.930004 ], [ -62.297774, -0.940565 ], [ -62.293327, -0.947779 ], [ -62.285553, -0.943619 ], [ -62.271665, -0.951671 ], [ -62.258604, -0.975564 ], [ -62.226935, -0.97309 ], [ -62.213047, -0.983337 ], [ -62.203333, -0.982502 ], [ -62.199441, -1.000002 ], [ -62.171388, -1.005561 ], [ -62.16777, -1.013898 ], [ -62.15444, -1.025838 ], [ -62.144995, -1.028063 ], [ -62.14249, -1.036952 ], [ -62.124998, -1.036951 ], [ -62.110828, -1.06001 ], [ -62.117771, -1.076116 ], [ -62.114158, -1.083055 ], [ -62.104994, -1.086115 ], [ -62.099163, -1.096392 ], [ -62.087492, -1.099728 ], [ -62.071106, -1.097229 ], [ -62.06166, -1.099448 ], [ -62.016942, -1.141392 ], [ -61.988882, -1.201391 ], [ -61.987499, -1.216389 ], [ -61.966387, -1.242506 ], [ -61.956386, -1.265556 ], [ -61.949438, -1.296668 ], [ -61.944997, -1.304448 ], [ -61.92694, -1.320279 ], [ -61.908611, -1.348332 ], [ -61.905462, -1.371277 ], [ -61.904993, -1.379171 ], [ -61.896106, -1.395001 ], [ -61.868882, -1.401392 ], [ -61.840055, -1.400162 ], [ -61.816666, -1.399164 ], [ -61.797492, -1.380277 ], [ -61.789695, -1.378614 ], [ -61.769167, -1.382502 ], [ -61.740272, -1.391665 ], [ -61.722716, -1.405367 ], [ -61.717497, -1.40944 ], [ -61.686816, -1.419812 ], [ -61.679444, -1.422779 ], [ -61.674421, -1.424003 ], [ -61.657496, -1.429726 ], [ -61.634998, -1.433611 ], [ -61.604438, -1.447778 ], [ -61.571662, -1.477776 ], [ -61.559166, -1.494719 ], [ -61.544166, -1.525273 ], [ -61.490547, -1.574447 ], [ -61.482221, -1.580279 ], [ -61.474162, -1.578613 ], [ -61.468072, -1.59717 ], [ -61.458839, -1.608914 ], [ -61.422525, -1.620079 ], [ -61.413274, -1.636588 ], [ -61.416723, -1.667634 ], [ -61.412799, -1.713469 ], [ -61.424167, -1.767619 ], [ -61.419026, -1.792413 ], [ -61.398883, -1.82942 ], [ -61.385835, -1.862863 ], [ -61.38185, -1.894668 ], [ -61.388941, -1.899429 ], [ -61.419664, -1.897791 ], [ -61.445886, -1.900745 ], [ -61.45461, -1.898179 ], [ -61.461386, -1.901827 ], [ -61.447522, -1.928162 ], [ -61.447001, -1.93829 ], [ -61.451415, -1.944467 ], [ -61.469026, -1.947421 ], [ -61.492771, -1.964891 ], [ -61.500019, -1.961612 ], [ -61.506613, -1.948831 ], [ -61.52438, -1.916615 ], [ -61.53252, -1.892203 ], [ -61.540687, -1.887443 ], [ -61.531078, -1.881056 ], [ -61.535473, -1.861911 ], [ -61.546249, -1.863919 ], [ -61.572021, -1.860457 ], [ -61.583056, -1.868727 ], [ -61.593883, -1.870223 ], [ -61.598859, -1.858932 ], [ -61.594885, -1.835667 ], [ -61.600218, -1.828016 ], [ -61.626109, -1.829054 ], [ -61.640828, -1.821883 ], [ -61.653771, -1.832873 ], [ -61.645662, -1.853335 ], [ -61.654634, -1.868381 ], [ -61.666243, -1.865544 ], [ -61.670584, -1.875259 ], [ -61.681522, -1.886031 ], [ -61.692158, -1.882803 ], [ -61.7015, -1.887546 ], [ -61.707606, -1.880179 ], [ -61.715191, -1.882082 ], [ -61.712277, -1.891773 ], [ -61.724745, -1.89229 ], [ -61.730024, -1.880663 ], [ -61.738278, -1.883021 ], [ -61.747777, -1.893167 ], [ -61.757719, -1.897739 ], [ -61.753966, -1.906348 ], [ -61.743244, -1.916407 ], [ -61.750662, -1.923213 ], [ -61.76305, -1.919454 ], [ -61.778187, -1.921671 ], [ -61.791105, -1.937786 ], [ -61.800413, -1.937063 ], [ -61.806222, -1.945181 ], [ -61.816137, -1.941381 ], [ -61.826742, -1.925841 ], [ -61.844718, -1.921915 ], [ -61.846659, -1.931644 ], [ -61.852937, -1.936401 ], [ -61.869385, -1.938205 ], [ -61.881942, -1.934404 ], [ -61.876245, -1.915068 ], [ -61.883605, -1.910888 ], [ -61.919888, -1.926048 ], [ -61.922415, -1.933944 ], [ -61.913886, -1.936378 ], [ -61.922054, -1.947161 ], [ -61.937776, -1.93605 ], [ -61.943439, -1.944051 ], [ -61.927859, -1.958518 ], [ -61.949162, -1.963838 ], [ -61.9668, -2.000208 ], [ -61.973106, -2.005204 ], [ -61.983168, -2.000146 ], [ -61.980353, -1.988698 ], [ -61.988412, -1.989634 ], [ -61.993353, -2.009368 ], [ -61.990832, -2.017774 ], [ -61.994802, -2.024802 ], [ -62.003247, -2.025406 ], [ -62.009421, -2.030212 ], [ -62.012941, -2.022599 ], [ -62.021963, -2.02568 ], [ -62.024667, -2.018074 ], [ -62.021408, -1.998889 ], [ -62.037241, -1.988799 ], [ -62.046603, -1.974701 ], [ -62.072102, -2.000307 ], [ -62.078597, -2.016275 ], [ -62.080946, -2.025533 ], [ -62.077135, -2.032582 ], [ -62.083858, -2.036649 ], [ -62.072217, -2.048643 ], [ -62.074387, -2.061975 ], [ -62.083301, -2.064896 ], [ -62.108631, -2.056171 ], [ -62.112411, -2.072653 ], [ -62.109277, -2.080325 ], [ -62.117581, -2.083471 ], [ -62.135219, -2.099549 ], [ -62.142993, -2.100324 ], [ -62.15097, -2.111616 ], [ -62.158908, -2.133787 ], [ -62.18789, -2.122256 ], [ -62.191105, -2.129921 ], [ -62.206408, -2.123716 ], [ -62.223051, -2.149651 ], [ -62.230221, -2.145788 ], [ -62.230295, -2.138036 ], [ -62.237361, -2.132538 ], [ -62.247715, -2.13414 ], [ -62.260575, -2.14347 ], [ -62.268496, -2.140277 ], [ -62.270749, -2.148006 ], [ -62.291579, -2.159923 ], [ -62.301718, -2.148054 ], [ -62.322359, -2.158271 ], [ -62.318889, -2.166397 ], [ -62.326388, -2.168475 ], [ -62.334742, -2.165513 ], [ -62.341187, -2.170203 ], [ -62.342968, -2.178282 ], [ -62.351083, -2.17815 ], [ -62.355188, -2.185516 ], [ -62.353191, -2.193455 ], [ -62.377942, -2.203582 ], [ -62.385493, -2.19853 ], [ -62.390801, -2.205945 ], [ -62.398769, -2.208506 ], [ -62.431771, -2.219027 ], [ -62.440552, -2.217018 ], [ -62.456467, -2.223772 ], [ -62.4628, -2.232483 ], [ -62.470993, -2.234047 ], [ -62.477021, -2.239819 ], [ -62.509859, -2.248555 ], [ -62.522141, -2.261463 ], [ -62.5495, -2.278226 ], [ -62.567887, -2.277144 ], [ -62.572054, -2.283782 ], [ -62.622992, -2.283515 ], [ -62.63053, -2.288818 ], [ -62.641524, -2.290234 ], [ -62.658329, -2.286397 ], [ -62.692409, -2.285665 ], [ -62.700219, -2.288193 ], [ -62.716719, -2.284069 ], [ -62.730748, -2.295197 ], [ -62.748333, -2.296673 ], [ -62.767387, -2.311644 ], [ -62.782695, -2.317101 ], [ -62.791914, -2.329461 ], [ -62.801128, -2.326257 ], [ -62.825328, -2.331567 ], [ -62.856798, -2.348469 ], [ -62.884938, -2.40574 ], [ -62.896659, -2.417791 ], [ -62.903966, -2.422927 ], [ -62.940859, -2.423069 ], [ -62.98286, -2.434318 ], [ -62.997553, -2.441188 ], [ -63.013909, -2.454704 ], [ -63.032056, -2.450973 ], [ -63.037747, -2.467933 ], [ -63.035855, -2.475637 ], [ -63.040049, -2.482755 ], [ -63.084438, -2.477066 ], [ -63.104526, -2.482432 ], [ -63.125268, -2.48237 ], [ -63.141303, -2.490466 ], [ -63.163526, -2.493628 ], [ -63.17625, -2.492393 ], [ -63.197748, -2.484514 ], [ -63.233694, -2.482704 ], [ -63.256189, -2.467238 ], [ -63.278666, -2.435812 ], [ -63.28738, -2.429336 ], [ -63.296274, -2.428568 ], [ -63.310831, -2.434912 ], [ -63.33191, -2.462464 ], [ -63.359078, -2.48152 ], [ -63.368634, -2.489561 ], [ -63.378442, -2.49026 ], [ -63.389026, -2.488132 ], [ -63.423496, -2.469738 ], [ -63.440945, -2.447498 ], [ -63.447915, -2.413062 ], [ -63.465159, -2.387312 ], [ -63.47575, -2.381616 ], [ -63.485555, -2.38147 ], [ -63.518773, -2.391315 ], [ -63.527859, -2.390948 ], [ -63.536501, -2.386957 ], [ -63.564579, -2.362414 ], [ -63.583722, -2.355895 ], [ -63.600413, -2.359064 ], [ -63.633221, -2.390066 ], [ -63.646084, -2.393421 ], [ -63.694141, -2.378142 ], [ -63.705968, -2.381493 ], [ -63.712271, -2.388999 ], [ -63.728101, -2.42577 ], [ -63.734468, -2.432661 ], [ -63.749939, -2.438265 ], [ -63.802104, -2.439315 ], [ -63.822243, -2.430302 ], [ -63.831382, -2.4297 ], [ -63.866382, -2.445017 ], [ -63.905858, -2.439268 ], [ -63.956965, -2.444401 ], [ -63.973913, -2.422375 ], [ -63.973277, -2.39454 ], [ -63.976745, -2.373144 ], [ -64.006307, -2.328102 ], [ -64.006526, -2.303205 ], [ -63.999305, -2.271772 ], [ -64.001882, -2.241771 ], [ -63.992416, -2.215557 ], [ -63.995195, -2.208409 ], [ -64.012247, -2.187303 ], [ -64.008552, -2.169548 ], [ -64.010772, -2.161339 ], [ -64.019557, -2.157737 ], [ -64.028248, -2.160306 ], [ -64.074549, -2.190461 ], [ -64.085271, -2.19144 ], [ -64.116209, -2.180626 ], [ -64.134326, -2.179145 ], [ -64.155137, -2.17126 ], [ -64.160964, -2.164669 ], [ -64.168376, -2.131095 ], [ -64.184741, -2.113269 ], [ -64.201052, -2.103021 ], [ -64.222908, -2.103557 ], [ -64.248005, -2.115861 ], [ -64.253353, -2.123804 ], [ -64.257551, -2.146536 ], [ -64.256639, -2.192257 ], [ -64.259495, -2.204804 ], [ -64.285909, -2.216577 ], [ -64.292139, -2.223005 ], [ -64.302852, -2.240382 ], [ -64.307858, -2.260506 ], [ -64.313413, -2.266713 ], [ -64.337216, -2.277367 ], [ -64.366685, -2.264762 ], [ -64.366863, -2.253141 ], [ -64.407101, -2.207502 ], [ -64.4333, -2.199929 ], [ -64.462026, -2.185096 ], [ -64.486741, -2.180467 ], [ -64.495972, -2.18021 ], [ -64.503439, -2.191373 ], [ -64.511268, -2.235132 ], [ -64.520417, -2.242268 ], [ -64.532968, -2.244955 ], [ -64.561663, -2.239744 ], [ -64.59808, -2.220954 ], [ -64.605661, -2.224893 ], [ -64.615549, -2.240977 ], [ -64.62272, -2.238116 ], [ -64.629524, -2.220474 ], [ -64.636356, -2.214157 ], [ -64.644412, -2.211799 ], [ -64.662027, -2.213822 ], [ -64.665385, -2.194332 ], [ -64.700526, -2.162645 ], [ -64.71133, -2.142119 ], [ -64.707773, -2.119388 ], [ -64.694618, -2.090138 ], [ -64.688029, -2.04757 ], [ -64.697355, -2.026727 ], [ -64.712442, -2.015216 ], [ -64.749957, -2.035775 ], [ -64.786387, -2.046465 ], [ -64.80236, -2.072952 ], [ -64.811998, -2.078274 ], [ -64.831884, -2.074608 ], [ -64.857609, -2.075804 ], [ -64.866464, -2.080001 ], [ -64.876999, -2.091417 ], [ -64.88619, -2.099817 ], [ -64.91316, -2.103859 ], [ -64.921744, -2.109813 ], [ -64.930137, -2.109711 ], [ -64.935298, -2.102178 ], [ -64.924159, -2.034229 ], [ -64.949077, -1.999984 ], [ -64.95083, -1.99197 ], [ -64.933804, -1.899332 ], [ -64.943189, -1.886733 ], [ -64.95164, -1.88438 ], [ -64.973046, -1.886734 ], [ -64.996448, -1.897378 ], [ -65.010355, -1.905154 ], [ -65.026687, -1.921488 ], [ -65.03474, -1.932553 ], [ -65.041023, -1.953013 ], [ -65.051011, -1.965557 ], [ -65.057526, -1.969303 ], [ -65.084412, -1.961492 ], [ -65.094324, -1.962529 ], [ -65.110021, -1.970958 ], [ -65.135832, -1.974354 ], [ -65.170912, -1.959391 ], [ -65.177134, -1.952915 ], [ -65.182607, -1.936709 ], [ -65.176583, -1.847436 ], [ -65.186523, -1.810282 ], [ -65.192998, -1.797801 ], [ -65.208805, -1.781449 ], [ -65.228604, -1.775596 ], [ -65.244028, -1.778133 ], [ -65.290355, -1.785419 ], [ -65.310579, -1.778183 ], [ -65.328134, -1.770189 ], [ -65.371305, -1.762372 ], [ -65.390437, -1.754082 ] ] ], [ [ [ -60.221704, -0.082712 ], [ -60.229998, -0.110013 ], [ -60.228326, -0.100836 ], [ -60.221704, -0.082712 ] ] ] ] } },
{ "type": "Feature", "properties": { "HREG_ID": "13002", "HREG_NAME": "Rio Negro e Solimões", "id": "130008", "name": "Anamã", "description": "Anamã", "MUN_ID": "130008", "UF": "AM", "MACRO_ID": "1304", "MACRO_NAME": "Central" }, "geometry": { "type": "MultiPolygon", "coordinates": [ [ [ [ -61.047218, -3.829395 ], [ -61.054136, -3.834259 ], [ -61.048473, -3.840597 ], [ -61.048001, -3.848948 ], [ -61.050139, -3.864864 ], [ -61.060332, -3.886717 ], [ -61.080753, -3.913131 ], [ -61.109744, -3.926564 ], [ -61.1228, -3.938264 ], [ -61.136243, -3.958207 ], [ -61.163139, -3.974541 ], [ -61.163818, -3.998393 ], [ -61.163502, -4.068945 ], [ -61.163425, -4.086589 ], [ -61.163194, -4.140369 ], [ -61.15275, -4.128941 ], [ -61.144938, -4.125599 ], [ -61.106025, -4.134197 ], [ -61.078023, -4.121995 ], [ -61.070306, -4.121129 ], [ -61.056805, -4.128276 ], [ -61.046219, -4.116646 ], [ -61.027076, -4.082426 ], [ -61.019305, -4.080439 ], [ -61.011326, -4.081693 ], [ -60.999994, -4.092591 ], [ -60.996138, -4.102677 ], [ -60.980556, -4.100549 ], [ -60.965828, -4.106415 ], [ -60.966885, -4.122333 ], [ -60.971833, -4.128717 ], [ -60.96501, -4.13363 ], [ -60.943192, -4.132862 ], [ -60.937857, -4.125368 ], [ -60.923164, -4.132204 ], [ -60.915721, -4.147262 ], [ -60.900718, -4.151586 ], [ -60.898585, -4.167343 ], [ -60.890222, -4.169957 ], [ -60.870889, -4.157105 ], [ -60.863386, -4.158104 ], [ -60.852552, -4.169718 ], [ -60.84511, -4.167445 ], [ -60.839383, -4.15305 ], [ -60.826969, -4.162074 ], [ -60.811613, -4.166311 ], [ -60.802774, -4.174242 ], [ -60.825297, -4.233136 ], [ -60.848451, -4.281823 ], [ -61.008876, -4.423126 ], [ -61.167314, -4.54387 ], [ -61.248781, -4.627945 ], [ -61.270698, -4.661639 ], [ -61.29274, -4.711678 ], [ -61.308084, -4.748949 ], [ -61.318189, -4.762686 ], [ -61.413855, -4.84963 ], [ -61.443474, -4.891115 ], [ -61.489552, -4.915707 ], [ -61.526691, -4.94203 ], [ -61.723765, -5.115913 ], [ -61.75444, -5.143679 ], [ -61.868078, -5.223059 ], [ -61.941751, -5.295197 ], [ -61.955634, -5.304022 ], [ -62.00319, -5.320156 ], [ -62.012356, -5.326218 ], [ -62.085691, -5.426094 ], [ -62.10233, -5.459535 ], [ -62.178353, -5.385894 ], [ -62.237902, -5.328223 ], [ -62.328372, -5.240621 ], [ -62.481728, -5.092176 ], [ -62.499434, -5.075041 ], [ -62.576662, -5.000314 ], [ -62.648096, -4.902143 ], [ -62.659446, -4.90192 ], [ -62.673948, -4.90912 ], [ -62.678584, -4.916142 ], [ -62.684882, -4.945479 ], [ -62.693135, -4.962057 ], [ -62.717384, -4.97375 ], [ -62.732634, -4.968443 ], [ -62.736946, -4.960351 ], [ -62.73608, -4.943982 ], [ -62.729938, -4.93564 ], [ -62.700804, -4.916313 ], [ -62.696362, -4.908947 ], [ -62.6945, -4.892002 ], [ -62.700109, -4.866322 ], [ -62.710579, -4.843478 ], [ -62.726252, -4.83541 ], [ -62.743369, -4.841909 ], [ -62.749944, -4.843745 ], [ -62.766858, -4.833934 ], [ -62.78755, -4.805663 ], [ -62.794975, -4.798965 ], [ -62.81103, -4.793227 ], [ -62.817383, -4.786174 ], [ -62.819528, -4.777083 ], [ -62.810914, -4.7639 ], [ -62.809857, -4.745554 ], [ -62.804608, -4.729691 ], [ -62.816662, -4.69939 ], [ -62.830018, -4.68654 ], [ -62.830135, -4.677877 ], [ -62.826943, -4.669238 ], [ -62.82036, -4.663885 ], [ -62.816416, -4.647765 ], [ -62.82654, -4.633622 ], [ -62.853581, -4.606969 ], [ -62.868857, -4.607665 ], [ -62.887801, -4.614805 ], [ -62.915633, -4.613397 ], [ -62.947579, -4.596628 ], [ -62.962943, -4.586405 ], [ -62.970828, -4.573432 ], [ -62.985418, -4.563987 ], [ -62.988996, -4.556213 ], [ -62.990817, -4.531067 ], [ -62.991409, -4.522709 ], [ -63.000412, -4.525527 ], [ -63.018168, -4.524433 ], [ -63.024447, -4.531433 ], [ -63.026805, -4.540539 ], [ -63.026, -4.556166 ], [ -63.019967, -4.575207 ], [ -62.991694, -4.616415 ], [ -62.98189, -4.641375 ], [ -62.982137, -4.667247 ], [ -62.992469, -4.692508 ], [ -63.051414, -4.72394 ], [ -63.09325, -4.734118 ], [ -63.102548, -4.740202 ], [ -63.128725, -4.76027 ], [ -63.169637, -4.76603 ], [ -63.186829, -4.772143 ], [ -63.206326, -4.78952 ], [ -63.22633, -4.831791 ], [ -63.243277, -4.899041 ], [ -63.247912, -4.906272 ], [ -63.264381, -4.918674 ], [ -63.277721, -4.926273 ], [ -63.307722, -4.96868 ], [ -63.335501, -4.989876 ], [ -63.340384, -5.000268 ], [ -63.341442, -5.053783 ], [ -63.351306, -5.075394 ], [ -63.354917, -5.094461 ], [ -63.358971, -5.108076 ], [ -63.371605, -5.121407 ], [ -63.398612, -5.129485 ], [ -63.427523, -5.144755 ], [ -63.461248, -5.153933 ], [ -63.544775, -5.15678 ], [ -63.561468, -5.152981 ], [ -63.593885, -5.136686 ], [ -63.602976, -5.136017 ], [ -63.62861, -5.1431 ], [ -63.646306, -5.140116 ], [ -63.683163, -5.117022 ], [ -63.701749, -5.109649 ], [ -63.712689, -5.11076 ], [ -63.737358, -5.122001 ], [ -63.75266, -5.125078 ], [ -63.754723, -5.125354 ], [ -63.765529, -5.127488 ], [ -63.797282, -5.146808 ], [ -63.824666, -5.152053 ], [ -63.854415, -5.169415 ], [ -63.882475, -5.193387 ], [ -63.92627, -5.209818 ], [ -63.944447, -5.235751 ], [ -64.025194, -5.266784 ], [ -64.036722, -5.280525 ], [ -64.052273, -5.331773 ], [ -64.068024, -5.355008 ], [ -64.081644, -5.366073 ], [ -64.085693, -5.373587 ], [ -64.089691, -5.404446 ], [ -64.107904, -5.421291 ], [ -64.127361, -5.426049 ], [ -64.154002, -5.42348 ], [ -64.163809, -5.42541 ], [ -64.1878, -5.437398 ], [ -64.208029, -5.458342 ], [ -64.223761, -5.46853 ], [ -64.239278, -5.475365 ], [ -64.298135, -5.480195 ], [ -64.334439, -5.504857 ], [ -64.366744, -5.521435 ], [ -64.396666, -5.544395 ], [ -64.436943, -5.557167 ], [ -64.446665, -5.570871 ], [ -64.451689, -5.599876 ], [ -64.473413, -5.634183 ], [ -64.476132, -5.669969 ], [ -64.492221, -5.689298 ], [ -64.523892, -5.699388 ], [ -64.531688, -5.697309 ], [ -64.541858, -5.683605 ], [ -64.550114, -5.683431 ], [ -64.593939, -5.694729 ], [ -64.609974, -5.702108 ], [ -64.624305, -5.712701 ], [ -64.629467, -5.728444 ], [ -64.634665, -5.734148 ], [ -64.651163, -5.745743 ], [ -64.669691, -5.768254 ], [ -64.685377, -5.777772 ], [ -64.704553, -5.785071 ], [ -64.722803, -5.802228 ], [ -64.741031, -5.806144 ], [ -64.762104, -5.804586 ], [ -64.812358, -5.786633 ], [ -64.865079, -5.781051 ], [ -64.906361, -5.758882 ], [ -64.925044, -5.753344 ], [ -64.977003, -5.743568 ], [ -65.061081, -5.753832 ], [ -65.074801, -5.746626 ], [ -65.084495, -5.73258 ], [ -65.116637, -5.70371 ], [ -65.135106, -5.696629 ], [ -65.145942, -5.696095 ], [ -65.196279, -5.734256 ], [ -65.222638, -5.745747 ], [ -65.233805, -5.745541 ], [ -65.240414, -5.74008 ], [ -65.257837, -5.707051 ], [ -65.264881, -5.701245 ], [ -65.289193, -5.690964 ], [ -65.323169, -5.686389 ], [ -65.336111, -5.676149 ], [ -65.356084, -5.645566 ], [ -65.370809, -5.636885 ], [ -65.398108, -5.64453 ], [ -65.427109, -5.668718 ], [ -65.439975, -5.673597 ], [ -65.452195, -5.673507 ], [ -65.485804, -5.656487 ], [ -65.52025, -5.646267 ], [ -65.568725, -5.613064 ], [ -65.599913, -5.572632 ], [ -65.609143, -5.526835 ], [ -65.615161, -5.520816 ], [ -65.62547, -5.522179 ], [ -65.664742, -5.552565 ], [ -65.680772, -5.551067 ], [ -65.688639, -5.546316 ], [ -65.709636, -5.513762 ], [ -65.729446, -5.445541 ], [ -65.736413, -5.441997 ], [ -65.752558, -5.451089 ], [ -65.771249, -5.479699 ], [ -65.784946, -5.491286 ], [ -65.820693, -5.497423 ], [ -65.844222, -5.491901 ], [ -65.857083, -5.476986 ], [ -65.869084, -5.453835 ], [ -65.87511, -5.447795 ], [ -65.895779, -5.438571 ], [ -65.900051, -5.436606 ], [ -65.893056, -5.393841 ], [ -65.884916, -5.370018 ], [ -65.865578, -5.337372 ], [ -65.852692, -5.32334 ], [ -65.829579, -5.307241 ], [ -65.803337, -5.298914 ], [ -65.760809, -5.305619 ], [ -65.752772, -5.302473 ], [ -65.742362, -5.290238 ], [ -65.726858, -5.285424 ], [ -65.699526, -5.307947 ], [ -65.690304, -5.310391 ], [ -65.681248, -5.307205 ], [ -65.676084, -5.299041 ], [ -65.674611, -5.279015 ], [ -65.677941, -5.260857 ], [ -65.690447, -5.233193 ], [ -65.700832, -5.204998 ], [ -65.699746, -5.188911 ], [ -65.689883, -5.172794 ], [ -65.649522, -5.134652 ], [ -65.644387, -5.118323 ], [ -65.659386, -5.106376 ], [ -65.692301, -5.111823 ], [ -65.697299, -5.105036 ], [ -65.698106, -5.095345 ], [ -65.696468, -5.077804 ], [ -65.693293, -5.068074 ], [ -65.689699, -5.057056 ], [ -65.680357, -5.036983 ], [ -65.622444, -5.023411 ], [ -65.596642, -4.980917 ], [ -65.576417, -4.960249 ], [ -65.570437, -4.943829 ], [ -65.57823, -4.895017 ], [ -65.569383, -4.87781 ], [ -65.541464, -4.854752 ], [ -65.515888, -4.81539 ], [ -65.482778, -4.788549 ], [ -65.466441, -4.770951 ], [ -65.45664, -4.739533 ], [ -65.45358, -4.710082 ], [ -65.446106, -4.679892 ], [ -65.430971, -4.667355 ], [ -65.404556, -4.666011 ], [ -65.394913, -4.661721 ], [ -65.377444, -4.647552 ], [ -65.36769, -4.62717 ], [ -65.363465, -4.609594 ], [ -65.359424, -4.608038 ], [ -65.353057, -4.605588 ], [ -65.343693, -4.60789 ], [ -65.327666, -4.619603 ], [ -65.318328, -4.622474 ], [ -65.27702, -4.625256 ], [ -65.257, -4.619815 ], [ -65.240272, -4.608154 ], [ -65.21783, -4.58603 ], [ -65.184334, -4.565276 ], [ -65.122664, -4.516508 ], [ -65.115588, -4.502355 ], [ -65.108273, -4.473037 ], [ -65.098491, -4.460372 ], [ -65.091602, -4.45474 ], [ -65.03863, -4.440002 ], [ -65.026245, -4.428328 ], [ -65.017708, -4.413739 ], [ -65.014935, -4.361443 ], [ -65.006162, -4.319363 ], [ -64.999141, -4.302989 ], [ -64.993751, -4.294114 ], [ -64.978861, -4.28309 ], [ -64.968944, -4.284438 ], [ -64.951677, -4.29295 ], [ -64.944917, -4.297692 ], [ -64.934078, -4.298707 ], [ -64.916998, -4.294596 ], [ -64.900346, -4.284919 ], [ -64.889798, -4.282557 ], [ -64.863441, -4.288941 ], [ -64.826994, -4.27723 ], [ -64.814025, -4.26674 ], [ -64.790833, -4.222102 ], [ -64.77647, -4.206309 ], [ -64.740747, -4.198707 ], [ -64.728125, -4.192431 ], [ -64.721606, -4.179127 ], [ -64.717471, -4.142207 ], [ -64.708859, -4.124995 ], [ -64.698286, -4.117249 ], [ -64.685555, -4.119462 ], [ -64.669494, -4.128051 ], [ -64.659443, -4.128041 ], [ -64.646611, -4.119524 ], [ -64.618553, -4.070794 ], [ -64.610718, -4.064833 ], [ -64.582413, -4.053921 ], [ -64.576248, -4.048159 ], [ -64.566611, -4.032881 ], [ -64.56258, -4.016078 ], [ -64.561465, -4.006258 ], [ -64.566527, -4.00004 ], [ -64.564302, -3.989762 ], [ -64.545543, -3.967133 ], [ -64.525332, -3.959081 ], [ -64.490111, -3.967915 ], [ -64.483633, -3.967213 ], [ -64.447856, -3.987814 ], [ -64.407943, -3.983479 ], [ -64.383911, -3.972374 ], [ -64.348491, -3.980038 ], [ -64.332334, -3.97705 ], [ -64.311748, -3.958384 ], [ -64.287614, -3.954647 ], [ -64.276301, -3.942967 ], [ -64.274439, -3.934301 ], [ -64.267526, -3.930985 ], [ -64.26258, -3.914739 ], [ -64.24494, -3.893391 ], [ -64.220055, -3.888517 ], [ -64.189549, -3.871538 ], [ -64.166027, -3.865183 ], [ -64.161211, -3.848436 ], [ -64.157438, -3.82899 ], [ -64.159359, -3.811285 ], [ -64.149443, -3.797269 ], [ -64.110467, -3.759455 ], [ -64.101967, -3.75394 ], [ -64.092245, -3.75251 ], [ -64.083409, -3.768428 ], [ -64.075966, -3.767042 ], [ -64.071069, -3.703947 ], [ -64.016858, -3.706184 ], [ -64.010972, -3.700876 ], [ -63.994495, -3.703787 ], [ -63.980412, -3.711213 ], [ -63.981942, -3.720282 ], [ -63.973387, -3.745217 ], [ -63.977213, -3.764141 ], [ -63.954603, -3.801897 ], [ -63.941582, -3.812505 ], [ -63.862246, -3.810357 ], [ -63.754323, -3.796698 ], [ -63.759552, -3.789703 ], [ -63.7758, -3.783112 ], [ -63.804835, -3.784633 ], [ -63.82244, -3.781832 ], [ -63.840829, -3.799675 ], [ -63.859694, -3.798233 ], [ -63.877751, -3.793278 ], [ -63.889105, -3.782448 ], [ -63.896246, -3.768357 ], [ -63.910536, -3.760813 ], [ -63.922658, -3.74601 ], [ -63.918389, -3.690053 ], [ -63.932696, -3.680691 ], [ -63.934999, -3.664327 ], [ -63.912972, -3.671589 ], [ -63.909776, -3.664985 ], [ -63.927389, -3.642943 ], [ -63.93653, -3.644037 ], [ -63.939888, -3.635976 ], [ -63.93639, -3.617665 ], [ -63.938557, -3.612497 ], [ -63.939723, -3.609717 ], [ -63.948244, -3.608655 ], [ -63.951327, -3.625371 ], [ -63.956325, -3.632161 ], [ -63.966412, -3.634946 ], [ -63.972359, -3.611049 ], [ -63.980499, -3.608857 ], [ -64.01044, -3.632594 ], [ -64.016519, -3.62735 ], [ -64.019308, -3.599386 ], [ -64.031271, -3.584806 ], [ -64.051247, -3.578481 ], [ -64.061305, -3.582238 ], [ -64.070996, -3.576236 ], [ -64.07127, -3.565127 ], [ -64.051363, -3.561244 ], [ -64.053245, -3.553867 ], [ -64.067748, -3.540984 ], [ -64.086775, -3.535107 ], [ -64.105196, -3.543084 ], [ -64.11169, -3.527964 ], [ -64.145589, -3.51782 ], [ -64.155298, -3.51144 ], [ -64.15505, -3.486317 ], [ -64.1308, -3.455746 ], [ -64.145665, -3.448813 ], [ -64.148389, -3.440975 ], [ -64.146716, -3.424992 ], [ -64.12686, -3.395821 ], [ -64.12708, -3.379096 ], [ -64.123077, -3.370375 ], [ -64.102891, -3.371374 ], [ -64.079217, -3.359462 ], [ -64.082028, -3.339705 ], [ -64.088302, -3.330263 ], [ -64.103106, -3.331333 ], [ -64.10511, -3.306494 ], [ -64.111828, -3.300906 ], [ -64.113135, -3.292164 ], [ -64.120715, -3.295189 ], [ -64.128169, -3.293794 ], [ -64.132891, -3.28478 ], [ -64.143139, -3.304847 ], [ -64.155248, -3.289596 ], [ -64.15283, -3.282008 ], [ -64.146361, -3.276705 ], [ -64.145301, -3.268942 ], [ -64.15266, -3.253819 ], [ -64.162916, -3.248331 ], [ -64.170021, -3.25159 ], [ -64.182277, -3.241897 ], [ -64.186326, -3.259565 ], [ -64.201222, -3.236135 ], [ -64.217661, -3.229936 ], [ -64.220771, -3.222329 ], [ -64.217583, -3.21491 ], [ -64.227611, -3.211864 ], [ -64.232856, -3.204573 ], [ -64.233946, -3.19488 ], [ -64.242056, -3.195235 ], [ -64.258636, -3.174295 ], [ -64.283078, -3.164933 ], [ -64.286382, -3.157949 ], [ -64.281741, -3.150092 ], [ -64.280909, -3.139491 ], [ -64.264668, -3.143591 ], [ -64.266722, -3.124977 ], [ -64.263389, -3.115352 ], [ -64.254221, -3.111424 ], [ -64.246325, -3.114698 ], [ -64.242778, -3.106034 ], [ -64.250189, -3.098512 ], [ -64.265218, -3.104457 ], [ -64.272358, -3.099777 ], [ -64.270357, -3.091617 ], [ -64.263192, -3.085865 ], [ -64.270276, -3.081524 ], [ -64.28758, -3.085978 ], [ -64.286639, -3.095511 ], [ -64.292964, -3.100195 ], [ -64.320712, -3.095815 ], [ -64.327106, -3.089996 ], [ -64.324249, -3.082077 ], [ -64.329911, -3.075926 ], [ -64.328383, -3.057439 ], [ -64.330613, -3.054773 ], [ -64.33428, -3.050388 ], [ -64.331837, -3.043136 ], [ -64.328134, -3.035274 ], [ -64.331944, -3.027318 ], [ -64.344606, -3.015692 ], [ -64.368722, -3.007191 ], [ -64.3728, -3.000647 ], [ -64.372523, -2.992437 ], [ -64.378471, -2.986759 ], [ -64.386246, -2.988252 ], [ -64.398245, -2.976832 ], [ -64.402608, -2.965386 ], [ -64.422469, -2.960486 ], [ -64.429028, -2.954634 ], [ -64.441997, -2.933526 ], [ -64.437574, -2.927322 ], [ -64.438332, -2.919744 ], [ -64.446164, -2.892543 ], [ -64.443833, -2.875651 ], [ -64.436939, -2.861478 ], [ -64.451192, -2.851342 ], [ -64.458218, -2.833667 ], [ -64.469636, -2.820152 ], [ -64.470272, -2.80997 ], [ -64.485113, -2.80402 ], [ -64.490058, -2.797662 ], [ -64.496584, -2.786431 ], [ -64.493629, -2.7697 ], [ -64.506025, -2.75593 ], [ -64.504034, -2.753015 ], [ -64.499858, -2.746903 ], [ -64.491604, -2.745152 ], [ -64.464861, -2.747643 ], [ -64.455774, -2.74525 ], [ -64.439326, -2.751601 ], [ -64.431331, -2.748466 ], [ -64.409465, -2.725701 ], [ -64.393133, -2.725548 ], [ -64.386047, -2.730957 ], [ -64.379494, -2.726117 ], [ -64.353134, -2.728095 ], [ -64.343355, -2.713139 ], [ -64.335218, -2.707175 ], [ -64.332639, -2.698878 ], [ -64.332218, -2.681339 ], [ -64.359667, -2.657914 ], [ -64.401525, -2.652308 ], [ -64.417387, -2.646694 ], [ -64.422353, -2.636262 ], [ -64.415633, -2.620001 ], [ -64.428414, -2.584587 ], [ -64.426664, -2.55874 ], [ -64.440856, -2.547253 ], [ -64.455576, -2.536784 ], [ -64.464466, -2.522036 ], [ -64.456944, -2.487786 ], [ -64.461248, -2.470351 ], [ -64.469245, -2.468495 ], [ -64.477582, -2.470955 ], [ -64.485219, -2.467979 ], [ -64.489803, -2.45993 ], [ -64.491354, -2.429713 ], [ -64.517606, -2.376904 ], [ -64.528798, -2.336434 ], [ -64.526584, -2.325245 ], [ -64.52119, -2.316925 ], [ -64.512384, -2.316411 ], [ -64.453134, -2.326905 ], [ -64.448162, -2.32093 ], [ -64.449799, -2.28336 ], [ -64.44269, -2.279657 ], [ -64.427052, -2.285604 ], [ -64.416667, -2.284061 ], [ -64.402412, -2.270995 ], [ -64.366685, -2.264762 ], [ -64.337216, -2.277367 ], [ -64.313413, -2.266713 ], [ -64.307858, -2.260506 ], [ -64.302852, -2.240382 ], [ -64.292139, -2.223005 ], [ -64.285909, -2.216577 ], [ -64.259495, -2.204804 ], [ -64.256639, -2.192257 ], [ -64.257551, -2.146536 ], [ -64.253353, -2.123804 ], [ -64.248005, -2.115861 ], [ -64.222908, -2.103557 ], [ -64.201052, -2.103021 ], [ -64.184741, -2.113269 ], [ -64.168376, -2.131095 ], [ -64.160964, -2.164669 ], [ -64.155137, -2.17126 ], [ -64.134326, -2.179145 ], [ -64.116209, -2.180626 ], [ -64.085271, -2.19144 ], [ -64.074549, -2.190461 ], [ -64.028248, -2.160306 ], [ -64.019557, -2.157737 ], [ -64.010772, -2.161339 ], [ -64.008552, -2.169548 ], [ -64.012247, -2.187303 ], [ -63.995195, -2.208409 ], [ -63.992416, -2.215557 ], [ -64.001882, -2.241771 ], [ -63.999305, -2.271772 ], [ -64.006526, -2.303205 ], [ -64.006307, -2.328102 ], [ -63.976745, -2.373144 ], [ -63.973277, -2.39454 ], [ -63.973913, -2.422375 ], [ -63.956965, -2.444401 ], [ -63.905858, -2.439268 ], [ -63.866382, -2.445017 ], [ -63.831382, -2.4297 ], [ -63.822243, -2.430302 ], [ -63.802104, -2.439315 ], [ -63.749939, -2.438265 ], [ -63.734468, -2.432661 ], [ -63.728101, -2.42577 ], [ -63.712271, -2.388999 ], [ -63.705968, -2.381493 ], [ -63.694141, -2.378142 ], [ -63.646084, -2.393421 ], [ -63.633221, -2.390066 ], [ -63.600413, -2.359064 ], [ -63.583722, -2.355895 ], [ -63.564579, -2.362414 ], [ -63.536501, -2.386957 ], [ -63.527859, -2.390948 ], [ -63.518773, -2.391315 ], [ -63.485555, -2.38147 ], [ -63.47575, -2.381616 ], [ -63.465159, -2.387312 ], [ -63.447915, -2.413062 ], [ -63.440945, -2.447498 ], [ -63.423496, -2.469738 ], [ -63.389026, -2.488132 ], [ -63.378442, -2.49026 ], [ -63.368634, -2.489561 ], [ -63.359078, -2.48152 ], [ -63.33191, -2.462464 ], [ -63.310831, -2.434912 ], [ -63.296274, -2.428568 ], [ -63.28738, -2.429336 ], [ -63.278666, -2.435812 ], [ -63.256189, -2.467238 ], [ -63.233694, -2.482704 ], [ -63.197748, -2.484514 ], [ -63.17625, -2.492393 ], [ -63.163526, -2.493628 ], [ -63.141303, -2.490466 ], [ -63.125268, -2.48237 ], [ -63.104526, -2.482432 ], [ -63.084438, -2.477066 ], [ -63.040049, -2.482755 ], [ -63.035855, -2.475637 ], [ -63.037747, -2.467933 ], [ -63.032056, -2.450973 ], [ -63.013909, -2.454704 ], [ -62.997553, -2.441188 ], [ -62.98286, -2.434318 ], [ -62.940859, -2.423069 ], [ -62.903966, -2.422927 ], [ -62.896659, -2.417791 ], [ -62.884938, -2.40574 ], [ -62.856798, -2.348469 ], [ -62.825328, -2.331567 ], [ -62.801128, -2.326257 ], [ -62.791914, -2.329461 ], [ -62.782695, -2.317101 ], [ -62.767387, -2.311644 ], [ -62.748333, -2.296673 ], [ -62.730748, -2.295197 ], [ -62.716719, -2.284069 ], [ -62.700219, -2.288193 ], [ -62.692409, -2.285665 ], [ -62.658329, -2.286397 ], [ -62.641524, -2.290234 ], [ -62.63053, -2.288818 ], [ -62.622992, -2.283515 ], [ -62.572054, -2.283782 ], [ -62.567887, -2.277144 ], [ -62.5495, -2.278226 ], [ -62.522141, -2.261463 ], [ -62.509859, -2.248555 ], [ -62.477021, -2.239819 ], [ -62.470993, -2.234047 ], [ -62.4628, -2.232483 ], [ -62.456467, -2.223772 ], [ -62.440552, -2.217018 ], [ -62.431771, -2.219027 ], [ -62.398769, -2.208506 ], [ -62.390801, -2.205945 ], [ -62.385493, -2.19853 ], [ -62.377942, -2.203582 ], [ -62.353191, -2.193455 ], [ -62.355188, -2.185516 ], [ -62.351083, -2.17815 ], [ -62.342968, -2.178282 ], [ -62.341187, -2.170203 ], [ -62.334742, -2.165513 ], [ -62.326388, -2.168475 ], [ -62.318889, -2.166397 ], [ -62.322359, -2.158271 ], [ -62.301718, -2.148054 ], [ -62.291579, -2.159923 ], [ -62.270749, -2.148006 ], [ -62.268496, -2.140277 ], [ -62.260575, -2.14347 ], [ -62.247715, -2.13414 ], [ -62.237361, -2.132538 ], [ -62.230295, -2.138036 ], [ -62.230221, -2.145788 ], [ -62.223051, -2.149651 ], [ -62.206408, -2.123716 ], [ -62.191105, -2.129921 ], [ -62.18789, -2.122256 ], [ -62.158908, -2.133787 ], [ -62.15097, -2.111616 ], [ -62.142993, -2.100324 ], [ -62.135219, -2.099549 ], [ -62.117581, -2.083471 ], [ -62.109277, -2.080325 ], [ -62.112411, -2.072653 ], [ -62.108631, -2.056171 ], [ -62.083301, -2.064896 ], [ -62.074387, -2.061975 ], [ -62.072217, -2.048643 ], [ -62.083858, -2.036649 ], [ -62.077135, -2.032582 ], [ -62.080946, -2.025533 ], [ -62.078597, -2.016275 ], [ -62.072102, -2.000307 ], [ -62.046603, -1.974701 ], [ -62.037241, -1.988799 ], [ -62.021408, -1.998889 ], [ -62.024667, -2.018074 ], [ -62.021963, -2.02568 ], [ -62.012941, -2.022599 ], [ -62.009421, -2.030212 ], [ -62.003247, -2.025406 ], [ -61.994802, -2.024802 ], [ -61.990832, -2.017774 ], [ -61.993353, -2.009368 ], [ -61.988412, -1.989634 ], [ -61.980353, -1.988698 ], [ -61.983168, -2.000146 ], [ -61.973106, -2.005204 ], [ -61.9668, -2.000208 ], [ -61.949162, -1.963838 ], [ -61.927859, -1.958518 ], [ -61.943439, -1.944051 ], [ -61.937776, -1.93605 ], [ -61.922054, -1.947161 ], [ -61.913886, -1.936378 ], [ -61.922415, -1.933944 ], [ -61.919888, -1.926048 ], [ -61.883605, -1.910888 ], [ -61.876245, -1.915068 ], [ -61.881942, -1.934404 ], [ -61.869385, -1.938205 ], [ -61.852937, -1.936401 ], [ -61.846659, -1.931644 ], [ -61.844718, -1.921915 ], [ -61.826742, -1.925841 ], [ -61.816137, -1.941381 ], [ -61.806222, -1.945181 ], [ -61.800413, -1.937063 ], [ -61.791105, -1.937786 ], [ -61.778187, -1.921671 ], [ -61.76305, -1.919454 ], [ -61.750662, -1.923213 ], [ -61.743244, -1.916407 ], [ -61.753966, -1.906348 ], [ -61.757719, -1.897739 ], [ -61.747777, -1.893167 ], [ -61.738278, -1.883021 ], [ -61.730024, -1.880663 ], [ -61.724745, -1.89229 ], [ -61.712277, -1.891773 ], [ -61.715191, -1.882082 ], [ -61.707606, -1.880179 ], [ -61.7015, -1.887546 ], [ -61.692158, -1.882803 ], [ -61.681522, -1.886031 ], [ -61.670584, -1.875259 ], [ -61.666243, -1.865544 ], [ -61.654634, -1.868381 ], [ -61.645662, -1.853335 ], [ -61.653771, -1.832873 ], [ -61.640828, -1.821883 ], [ -61.626109, -1.829054 ], [ -61.600218, -1.828016 ], [ -61.594885, -1.835667 ], [ -61.598859, -1.858932 ], [ -61.593883, -1.870223 ], [ -61.583056, -1.868727 ], [ -61.572021, -1.860457 ], [ -61.546249, -1.863919 ], [ -61.535473, -1.861911 ], [ -61.531078, -1.881056 ], [ -61.540687, -1.887443 ], [ -61.53252, -1.892203 ], [ -61.52438, -1.916615 ], [ -61.506613, -1.948831 ], [ -61.500019, -1.961612 ], [ -61.492771, -1.964891 ], [ -61.469026, -1.947421 ], [ -61.451415, -1.944467 ], [ -61.447001, -1.93829 ], [ -61.447522, -1.928162 ], [ -61.461386, -1.901827 ], [ -61.45461, -1.898179 ], [ -61.445886, -1.900745 ], [ -61.419664, -1.897791 ], [ -61.388941, -1.899429 ], [ -61.38185, -1.894668 ], [ -61.385835, -1.862863 ], [ -61.398883, -1.82942 ], [ -61.419026, -1.792413 ], [ -61.424167, -1.767619 ], [ -61.412799, -1.713469 ], [ -61.416723, -1.667634 ], [ -61.413274, -1.636588 ], [ -61.422525, -1.620079 ], [ -61.458839, -1.608914 ], [ -61.468072, -1.59717 ], [ -61.474162, -1.578613 ], [ -61.474996, -1.552775 ], [ -61.469992, -1.545556 ], [ -61.469442, -1.537774 ], [ -61.472776, -1.527496 ], [ -61.480831, -1.517496 ], [ -61.515967, -1.502077 ], [ -61.532502, -1.46472 ], [ -61.538882, -1.443611 ], [ -61.537778, -1.433051 ], [ -61.547498, -1.429165 ], [ -61.573326, -1.428336 ], [ -61.58139, -1.409169 ], [ -61.593885, -1.405282 ], [ -61.602498, -1.40695 ], [ -61.614165, -1.402223 ], [ -61.618605, -1.394445 ], [ -61.599441, -1.367225 ], [ -61.587219, -1.361115 ], [ -61.581659, -1.353054 ], [ -61.584992, -1.338332 ], [ -61.6053, -1.315413 ], [ -61.611109, -1.307782 ], [ -61.628333, -1.301115 ], [ -61.626386, -1.293617 ], [ -61.607221, -1.27778 ], [ -61.606384, -1.244165 ], [ -61.595271, -1.223058 ], [ -61.587778, -1.196945 ], [ -61.582221, -1.189169 ], [ -61.573331, -1.184442 ], [ -61.581658, -1.164168 ], [ -61.578325, -1.150559 ], [ -61.568603, -1.140282 ], [ -61.56611, -1.132228 ], [ -61.570554, -1.120007 ], [ -61.577498, -1.11278 ], [ -61.574162, -1.104451 ], [ -61.565829, -1.099451 ], [ -61.577777, -1.088062 ], [ -61.57611, -1.078896 ], [ -61.567221, -1.074175 ], [ -61.546109, -1.070836 ], [ -61.543607, -1.061949 ], [ -61.543048, -1.035009 ], [ -61.547493, -1.022785 ], [ -61.559718, -1.009729 ], [ -61.562499, -1.000006 ], [ -61.560216, -0.9877 ], [ -61.575551, -0.987782 ], [ -61.58305, -0.982224 ], [ -61.579162, -0.955561 ], [ -61.58472, -0.936669 ], [ -61.579719, -0.930001 ], [ -61.578049, -0.909725 ], [ -61.558331, -0.892785 ], [ -61.557777, -0.863622 ], [ -61.543056, -0.851951 ], [ -61.543048, -0.843065 ], [ -61.549437, -0.838858 ], [ -61.552499, -0.810564 ], [ -61.551404, -0.805792 ], [ -61.551666, -0.801393 ], [ -61.545779, -0.781284 ], [ -61.541661, -0.763341 ], [ -61.53981, -0.760892 ], [ -61.538333, -0.755845 ], [ -61.534687, -0.754112 ], [ -61.532214, -0.75084 ], [ -61.516107, -0.745282 ], [ -61.484442, -0.720284 ], [ -61.47444, -0.70223 ], [ -61.472496, -0.683338 ], [ -61.464159, -0.664448 ], [ -61.456384, -0.656674 ], [ -61.43472, -0.658062 ], [ -61.426105, -0.652785 ], [ -61.430276, -0.642786 ], [ -61.428332, -0.633894 ], [ -61.40666, -0.631116 ], [ -61.389992, -0.617229 ], [ -61.36611, -0.606678 ], [ -61.356386, -0.598063 ], [ -61.346661, -0.594729 ], [ -61.325555, -0.597512 ], [ -61.297776, -0.575839 ], [ -61.285276, -0.573622 ], [ -61.283202, -0.574069 ], [ -61.274994, -0.575842 ], [ -61.230555, -0.563623 ], [ -61.223605, -0.559173 ], [ -61.223607, -0.538896 ], [ -61.215828, -0.532784 ], [ -61.222775, -0.518899 ], [ -61.222501, -0.505287 ], [ -61.216385, -0.49973 ], [ -61.208325, -0.49834 ], [ -61.198047, -0.505566 ], [ -61.17305, -0.507789 ], [ -61.163567, -0.512055 ], [ -61.157069, -0.514978 ], [ -61.154719, -0.505012 ], [ -61.148325, -0.498898 ], [ -61.128606, -0.497232 ], [ -61.119165, -0.499449 ], [ -61.111942, -0.50695 ], [ -61.096106, -0.499177 ], [ -61.086944, -0.499737 ], [ -61.063332, -0.512784 ], [ -61.054717, -0.53834 ], [ -61.045554, -0.545567 ], [ -61.033332, -0.548624 ], [ -61.024719, -0.543616 ], [ -60.999997, -0.559453 ], [ -60.975, -0.56223 ], [ -60.957777, -0.560006 ], [ -60.952773, -0.554177 ], [ -60.946106, -0.559176 ], [ -60.935272, -0.559736 ], [ -60.929723, -0.554454 ], [ -60.920274, -0.555014 ], [ -60.91194, -0.580845 ], [ -60.915553, -0.589451 ], [ -60.91583, -0.610011 ], [ -60.908327, -0.615558 ], [ -60.907772, -0.623624 ], [ -60.882222, -0.648896 ], [ -60.860552, -0.641949 ], [ -60.854164, -0.647508 ], [ -60.84889, -0.653899 ], [ -60.846944, -0.663617 ], [ -60.851386, -0.674449 ], [ -60.842777, -0.690284 ], [ -60.81166, -0.691676 ], [ -60.797216, -0.70056 ], [ -60.797493, -0.710842 ], [ -60.79492, -0.714781 ], [ -60.792775, -0.728064 ], [ -60.799164, -0.735563 ], [ -60.796662, -0.744449 ], [ -60.788325, -0.744452 ], [ -60.780552, -0.748345 ], [ -60.776665, -0.75584 ], [ -60.768334, -0.754174 ], [ -60.760556, -0.761119 ], [ -60.766107, -0.77778 ], [ -60.77277, -0.781953 ], [ -60.773334, -0.790835 ], [ -60.756109, -0.795282 ], [ -60.758602, -0.809451 ], [ -60.752771, -0.819449 ], [ -60.758887, -0.828338 ], [ -60.754119, -0.841934 ], [ -60.763884, -0.850556 ], [ -60.773326, -0.866115 ], [ -60.775552, -0.883613 ], [ -60.770825, -0.894176 ], [ -60.777217, -0.928615 ], [ -60.781663, -0.937507 ], [ -60.780554, -0.94973 ], [ -60.786383, -0.96778 ], [ -60.784445, -0.977223 ], [ -60.78861, -0.984731 ], [ -60.787774, -0.993058 ], [ -60.798884, -0.999168 ], [ -60.794484, -1.023235 ], [ -60.776945, -1.050783 ], [ -60.757689, -1.067188 ], [ -60.755493, -1.077665 ], [ -60.777139, -1.078192 ], [ -60.782992, -1.087943 ], [ -60.791086, -1.091354 ], [ -60.801167, -1.09151 ], [ -60.820748, -1.085226 ], [ -60.827248, -1.091039 ], [ -60.823769, -1.109609 ], [ -60.826247, -1.124555 ], [ -60.836356, -1.14382 ], [ -60.844298, -1.14354 ], [ -60.856782, -1.132924 ], [ -60.862195, -1.139717 ], [ -60.855884, -1.156595 ], [ -60.846775, -1.167862 ], [ -60.850946, -1.176935 ], [ -60.851745, -1.194454 ], [ -60.839697, -1.209156 ], [ -60.845302, -1.215951 ], [ -60.856195, -1.21604 ], [ -60.853551, -1.226469 ], [ -60.841304, -1.240718 ], [ -60.851133, -1.251063 ], [ -60.854051, -1.259576 ], [ -60.862242, -1.261962 ], [ -60.870992, -1.257637 ], [ -60.889185, -1.264566 ], [ -60.905161, -1.250455 ], [ -60.911137, -1.257927 ], [ -60.928583, -1.26315 ], [ -60.932913, -1.279444 ], [ -60.949881, -1.278988 ], [ -60.952968, -1.279757 ], [ -60.955077, -1.292094 ], [ -60.963724, -1.309327 ], [ -60.959414, -1.316754 ], [ -60.94205, -1.312376 ], [ -60.922445, -1.315473 ], [ -60.915692, -1.307331 ], [ -60.88697, -1.309351 ], [ -60.883586, -1.31699 ], [ -60.883408, -1.33423 ], [ -60.862305, -1.345022 ], [ -60.847635, -1.358998 ], [ -60.836442, -1.407144 ], [ -60.853133, -1.417556 ], [ -60.859719, -1.42638 ], [ -60.855215, -1.434494 ], [ -60.83539, -1.434059 ], [ -60.827416, -1.438661 ], [ -60.830717, -1.460717 ], [ -60.836389, -1.467559 ], [ -60.836055, -1.475463 ], [ -60.826805, -1.474504 ], [ -60.81978, -1.469209 ], [ -60.805779, -1.447348 ], [ -60.788333, -1.440863 ], [ -60.780024, -1.439273 ], [ -60.75002, -1.445109 ], [ -60.737658, -1.457817 ], [ -60.726365, -1.457898 ], [ -60.720578, -1.464588 ], [ -60.671579, -1.488987 ], [ -60.668691, -1.497028 ], [ -60.661276, -1.499348 ], [ -60.656685, -1.506144 ], [ -60.630693, -1.516107 ], [ -60.626106, -1.52319 ], [ -60.618494, -1.523071 ], [ -60.612442, -1.527887 ], [ -60.609027, -1.536897 ], [ -60.592023, -1.547247 ], [ -60.589552, -1.565294 ], [ -60.582778, -1.571363 ], [ -60.580161, -1.587705 ], [ -60.584604, -1.594213 ], [ -60.582413, -1.603277 ], [ -60.588691, -1.608416 ], [ -60.597613, -1.625986 ], [ -60.61322, -1.633733 ], [ -60.609937, -1.641254 ], [ -60.626465, -1.687161 ], [ -60.618445, -1.72032 ], [ -60.625106, -1.746611 ], [ -60.6263, -1.791416 ], [ -60.618247, -1.825935 ], [ -60.611527, -1.833947 ], [ -60.61833, -1.857963 ], [ -60.616079, -1.866558 ], [ -60.594877, -1.887276 ], [ -60.591893, -1.891697 ], [ -60.575911, -1.911577 ], [ -60.558944, -1.919253 ], [ -60.480993, -1.917871 ], [ -60.453216, -1.936129 ], [ -60.44408, -1.949266 ], [ -60.357247, -1.954108 ], [ -60.366187, -1.963063 ], [ -60.396287, -1.98035 ], [ -60.412134, -1.988196 ], [ -60.416131, -1.996476 ], [ -60.489243, -2.017074 ], [ -60.503113, -2.017098 ], [ -60.54202, -2.002324 ], [ -60.558553, -2.005369 ], [ -60.57327, -1.999289 ], [ -60.598471, -1.998478 ], [ -60.607327, -2.00828 ], [ -60.614105, -2.032284 ], [ -60.621694, -2.045981 ], [ -60.634307, -2.055343 ], [ -60.64214, -2.055904 ], [ -60.64357, -2.06246 ], [ -60.652248, -2.065915 ], [ -60.652523, -2.073566 ], [ -60.659995, -2.076578 ], [ -60.667662, -2.07425 ], [ -60.674536, -2.088662 ], [ -60.672442, -2.097315 ], [ -60.681521, -2.10774 ], [ -60.663469, -2.130328 ], [ -60.674974, -2.142201 ], [ -60.678001, -2.149742 ], [ -60.691363, -2.158944 ], [ -60.699658, -2.172793 ], [ -60.707281, -2.170389 ], [ -60.721223, -2.178754 ], [ -60.728555, -2.175872 ], [ -60.73844, -2.188995 ], [ -60.733722, -2.197172 ], [ -60.726914, -2.200769 ], [ -60.726554, -2.208556 ], [ -60.716054, -2.220442 ], [ -60.700251, -2.220632 ], [ -60.697335, -2.236112 ], [ -60.691548, -2.242308 ], [ -60.697884, -2.250176 ], [ -60.699301, -2.258955 ], [ -60.705471, -2.265231 ], [ -60.71341, -2.267584 ], [ -60.718, -2.274462 ], [ -60.703972, -2.283267 ], [ -60.704974, -2.291928 ], [ -60.698968, -2.307407 ], [ -60.710859, -2.319721 ], [ -60.710195, -2.327565 ], [ -60.694799, -2.345819 ], [ -60.70022, -2.35119 ], [ -60.716941, -2.356411 ], [ -60.708028, -2.370511 ], [ -60.716547, -2.373667 ], [ -60.73289, -2.367795 ], [ -60.735194, -2.384812 ], [ -60.768415, -2.399127 ], [ -60.766916, -2.406669 ], [ -60.753449, -2.414164 ], [ -60.743331, -2.430076 ], [ -60.742832, -2.439949 ], [ -60.748948, -2.447337 ], [ -60.77319, -2.453216 ], [ -60.781246, -2.460457 ], [ -60.791303, -2.484124 ], [ -60.801231, -2.544868 ], [ -60.763944, -2.772384 ], [ -60.75592, -2.821427 ], [ -60.786635, -2.829874 ], [ -60.812189, -2.828513 ], [ -60.851493, -2.840987 ], [ -60.862068, -2.837151 ], [ -60.872733, -2.820609 ], [ -60.913055, -2.811512 ], [ -60.921996, -2.817915 ], [ -60.941521, -2.841733 ], [ -60.958413, -2.85211 ], [ -60.97761, -2.858504 ], [ -60.983272, -2.865209 ], [ -60.984055, -2.885899 ], [ -60.972439, -2.901438 ], [ -60.961104, -2.927525 ], [ -60.978352, -2.939761 ], [ -60.980556, -2.951238 ], [ -60.97627, -2.964865 ], [ -60.976807, -2.977133 ], [ -60.994189, -2.987599 ], [ -60.99006, -2.999942 ], [ -60.983166, -3.005255 ], [ -60.947052, -3.003005 ], [ -60.937553, -3.015807 ], [ -60.929753, -3.018288 ], [ -60.917358, -3.027212 ], [ -60.90833, -3.048612 ], [ -60.901272, -3.05249 ], [ -60.887275, -3.044228 ], [ -60.87361, -3.052244 ], [ -60.868354, -3.046236 ], [ -60.860114, -3.049197 ], [ -60.853862, -3.064547 ], [ -60.842132, -3.07055 ], [ -60.831508, -3.081762 ], [ -60.818852, -3.083139 ], [ -60.809796, -3.098939 ], [ -60.786256, -3.0991 ], [ -60.762773, -3.092463 ], [ -60.717469, -3.103943 ], [ -60.688945, -3.132876 ], [ -60.686502, -3.154051 ], [ -60.677603, -3.163295 ], [ -60.68206, -3.14384 ], [ -60.652215, -3.14045 ], [ -60.613555, -3.130094 ], [ -60.58577, -3.115317 ], [ -60.561913, -3.121171 ], [ -60.553969, -3.119711 ], [ -60.547379, -3.123714 ], [ -60.532993, -3.115978 ], [ -60.502567, -3.116862 ], [ -60.481, -3.116887 ], [ -60.458498, -3.116913 ], [ -60.374153, -3.131833 ], [ -60.369673, -3.132625 ], [ -60.376057, -3.145295 ], [ -60.374521, -3.161933 ], [ -60.356276, -3.18082 ], [ -60.35065, -3.201036 ], [ -60.342942, -3.203042 ], [ -60.337916, -3.233966 ], [ -60.332279, -3.239896 ], [ -60.326274, -3.235144 ], [ -60.31858, -3.236903 ], [ -60.312441, -3.259414 ], [ -60.312833, -3.267169 ], [ -60.316156, -3.270174 ], [ -60.354242, -3.304616 ], [ -60.362028, -3.303532 ], [ -60.362554, -3.303629 ], [ -60.395497, -3.305619 ], [ -60.413781, -3.316471 ], [ -60.437091, -3.330303 ], [ -60.479128, -3.355243 ], [ -60.482499, -3.357243 ], [ -60.483933, -3.358093 ], [ -60.609615, -3.430706 ], [ -60.639389, -3.447831 ], [ -60.631472, -3.463562 ], [ -60.628196, -3.480402 ], [ -60.62791, -3.488346 ], [ -60.636361, -3.508545 ], [ -60.626855, -3.539147 ], [ -60.627749, -3.546758 ], [ -60.666272, -3.616274 ], [ -60.662058, -3.631819 ], [ -60.682275, -3.667322 ], [ -60.693252, -3.705971 ], [ -60.701791, -3.712256 ], [ -60.723612, -3.719863 ], [ -60.752438, -3.723866 ], [ -60.784692, -3.727042 ], [ -60.806137, -3.736232 ], [ -60.841802, -3.737314 ], [ -60.874942, -3.743215 ], [ -60.881779, -3.747319 ], [ -60.896328, -3.766752 ], [ -60.918612, -3.774783 ], [ -60.937884, -3.761197 ], [ -60.972243, -3.766339 ], [ -61.000023, -3.781728 ], [ -61.014945, -3.782245 ], [ -61.044222, -3.821091 ], [ -61.047218, -3.829395 ] ] ], [ [ [ -61.674421, -1.424003 ], [ -61.634998, -1.433611 ], [ -61.657496, -1.429726 ], [ -61.674421, -1.424003 ] ] ], [ [ [ -61.679444, -1.422779 ], [ -61.686816, -1.419812 ], [ -61.674421, -1.424003 ], [ -61.679444, -1.422779 ] ] ], [ [ [ -61.717497, -1.40944 ], [ -61.722716, -1.405367 ], [ -61.686816, -1.419812 ], [ -61.717497, -1.40944 ] ] ] ] } },
{ "type": "Feature", "properties": { "HREG_ID": "13003", "HREG_NAME": "Rio Madeira", "id": "130014", "name": "Apuí", "description": "Apuí", "MUN_ID": "130014", "UF": "AM", "MACRO_ID": "1303", "MACRO_NAME": "Leste" }, "geometry": { "type": "Polygon", "coordinates": [ [ [ -58.751102, -6.856724 ], [ -58.743461, -6.886514 ], [ -58.7361, -6.890669 ], [ -58.732521, -6.898231 ], [ -58.697795, -6.920888 ], [ -58.681048, -6.922965 ], [ -58.675072, -6.928015 ], [ -58.651821, -6.961548 ], [ -58.650322, -6.977734 ], [ -58.633089, -7.006432 ], [ -58.623899, -7.00308 ], [ -58.616563, -7.005324 ], [ -58.611136, -7.017573 ], [ -58.601098, -7.036917 ], [ -58.591426, -7.0384 ], [ -58.582644, -7.035394 ], [ -58.581977, -7.044766 ], [ -58.574229, -7.049447 ], [ -58.566957, -7.032537 ], [ -58.559373, -7.031654 ], [ -58.550618, -7.035985 ], [ -58.541319, -7.035758 ], [ -58.53445, -7.042496 ], [ -58.53167, -7.051675 ], [ -58.522646, -7.054638 ], [ -58.51398, -7.053395 ], [ -58.506616, -7.048135 ], [ -58.496167, -7.051682 ], [ -58.493487, -7.060264 ], [ -58.492421, -7.06766 ], [ -58.505817, -7.11395 ], [ -58.517564, -7.127512 ], [ -58.524864, -7.129703 ], [ -58.5359, -7.155245 ], [ -58.537373, -7.164867 ], [ -58.525958, -7.178773 ], [ -58.5285, -7.186079 ], [ -58.563423, -7.198544 ], [ -58.546113, -7.218059 ], [ -58.537091, -7.221314 ], [ -58.530919, -7.228056 ], [ -58.529227, -7.23725 ], [ -58.541675, -7.259448 ], [ -58.55587, -7.268881 ], [ -58.558953, -7.278125 ], [ -58.564618, -7.283134 ], [ -58.573535, -7.287227 ], [ -58.562984, -7.310233 ], [ -58.546056, -7.326638 ], [ -58.539512, -7.34221 ], [ -58.499843, -7.349739 ], [ -58.146872, -7.342855 ], [ -58.136554, -7.355738 ], [ -58.140224, -7.363013 ], [ -58.17286, -7.393981 ], [ -58.212559, -7.458148 ], [ -58.212639, -7.492942 ], [ -58.222223, -7.523651 ], [ -58.218361, -7.549643 ], [ -58.202022, -7.596356 ], [ -58.201669, -7.620467 ], [ -58.239288, -7.653218 ], [ -58.251293, -7.676412 ], [ -58.275488, -7.699279 ], [ -58.28181, -7.713514 ], [ -58.283999, -7.747961 ], [ -58.293554, -7.771152 ], [ -58.29676, -7.774142 ], [ -58.333558, -7.804013 ], [ -58.371187, -7.820822 ], [ -58.377717, -7.827049 ], [ -58.384239, -7.843601 ], [ -58.38349, -7.851741 ], [ -58.374163, -7.864372 ], [ -58.372742, -7.906811 ], [ -58.354547, -7.9436 ], [ -58.331, -7.968374 ], [ -58.324004, -7.99229 ], [ -58.325, -8.00934 ], [ -58.321226, -8.024592 ], [ -58.28789, -8.079182 ], [ -58.285862, -8.088087 ], [ -58.291389, -8.11234 ], [ -58.286667, -8.128155 ], [ -58.288117, -8.131566 ], [ -58.316929, -8.154157 ], [ -58.321961, -8.169648 ], [ -58.312442, -8.208714 ], [ -58.321668, -8.231675 ], [ -58.320085, -8.271478 ], [ -58.32758, -8.285438 ], [ -58.325449, -8.293711 ], [ -58.315334, -8.306047 ], [ -58.31439, -8.32267 ], [ -58.318082, -8.329744 ], [ -58.347569, -8.345807 ], [ -58.35049, -8.353728 ], [ -58.348003, -8.368895 ], [ -58.354528, -8.384026 ], [ -58.353195, -8.392426 ], [ -58.375615, -8.428809 ], [ -58.388881, -8.439574 ], [ -58.397912, -8.463849 ], [ -58.404766, -8.467163 ], [ -58.41655, -8.491564 ], [ -58.414793, -8.5159 ], [ -58.404685, -8.53036 ], [ -58.403685, -8.539107 ], [ -58.409965, -8.57 ], [ -58.397966, -8.579738 ], [ -58.389014, -8.5944 ], [ -58.390434, -8.602591 ], [ -58.400607, -8.615495 ], [ -58.403019, -8.630805 ], [ -58.413771, -8.643513 ], [ -58.436796, -8.70296 ], [ -58.433026, -8.710046 ], [ -58.411452, -8.720216 ], [ -58.383171, -8.705531 ], [ -58.350522, -8.701191 ], [ -58.327865, -8.711785 ], [ -58.325721, -8.719639 ], [ -58.331568, -8.726068 ], [ -58.354166, -8.736871 ], [ -58.387498, -8.774393 ], [ -58.415374, -8.79245 ], [ -58.422237, -8.788322 ], [ -58.42958, -8.789513 ], [ -58.442475, -8.799089 ], [ -58.499856, -8.802429 ], [ -59.095675, -8.802878 ], [ -59.126787, -8.802876 ], [ -59.288255, -8.802941 ], [ -59.412317, -8.802944 ], [ -60.07198, -8.799796 ], [ -60.419665, -8.796232 ], [ -60.420441, -8.796235 ], [ -60.514603, -8.796612 ], [ -60.848361, -8.79776 ], [ -60.848891, -8.797762 ], [ -61.013846, -8.798006 ], [ -61.184129, -8.798183 ], [ -61.582613, -8.7983 ], [ -61.589584, -8.794106 ], [ -61.605506, -8.794325 ], [ -61.622776, -8.757866 ], [ -61.629031, -8.752568 ], [ -61.625947, -8.728465 ], [ -61.630033, -8.72157 ], [ -61.645559, -8.720311 ], [ -61.649894, -8.713169 ], [ -61.673058, -8.704628 ], [ -61.697001, -8.709196 ], [ -61.704838, -8.707138 ], [ -61.712752, -8.687464 ], [ -61.725449, -8.693214 ], [ -61.741331, -8.694805 ], [ -61.743919, -8.702164 ], [ -61.739607, -8.709477 ], [ -61.748359, -8.723382 ], [ -61.763088, -8.728408 ], [ -61.76159, -8.736764 ], [ -61.774083, -8.74784 ], [ -61.789499, -8.744774 ], [ -61.801966, -8.746787 ], [ -61.805723, -8.747393 ], [ -61.827585, -8.732237 ], [ -61.835978, -8.732334 ], [ -61.843585, -8.746993 ], [ -61.842778, -8.779021 ], [ -61.855164, -8.788641 ], [ -61.860501, -8.803227 ], [ -61.856339, -8.817847 ], [ -61.86206, -8.823079 ], [ -61.863221, -8.831075 ], [ -61.859526, -8.852697 ], [ -61.878776, -8.862051 ], [ -61.902477, -8.862504 ], [ -61.905362, -8.874122 ], [ -61.929614, -8.880107 ], [ -61.978616, -8.872856 ], [ -61.984698, -8.878218 ], [ -61.989697, -8.87227 ], [ -61.993917, -8.848478 ], [ -62.001745, -8.832309 ], [ -62.020809, -8.823209 ], [ -62.030537, -8.799322 ], [ -62.049998, -8.795882 ], [ -62.073777, -8.798182 ], [ -62.097478, -8.808533 ], [ -62.10916, -8.804706 ], [ -62.124447, -8.801283 ], [ -62.156507, -8.731824 ], [ -62.148277, -8.717921 ], [ -62.153668, -8.710051 ], [ -62.167281, -8.70284 ], [ -62.171248, -8.694687 ], [ -62.164562, -8.679006 ], [ -62.174977, -8.663755 ], [ -62.180916, -8.657491 ], [ -62.200005, -8.643905 ], [ -62.19528, -8.636441 ], [ -62.176117, -8.636531 ], [ -62.174166, -8.627816 ], [ -62.187863, -8.590172 ], [ -62.202615, -8.59456 ], [ -62.227928, -8.590187 ], [ -62.242285, -8.580275 ], [ -62.268363, -8.575372 ], [ -62.273754, -8.582545 ], [ -62.288831, -8.588517 ], [ -62.293782, -8.605054 ], [ -62.278809, -8.628783 ], [ -62.280778, -8.638203 ], [ -62.288977, -8.638709 ], [ -62.335252, -8.609097 ], [ -62.340558, -8.602442 ], [ -62.341473, -8.594456 ], [ -62.327199, -8.57215 ], [ -62.325279, -8.56332 ], [ -62.333809, -8.545808 ], [ -62.332697, -8.527376 ], [ -62.336833, -8.516251 ], [ -62.353452, -8.511315 ], [ -62.359557, -8.505977 ], [ -62.365524, -8.493175 ], [ -62.363194, -8.477841 ], [ -62.368755, -8.445733 ], [ -62.360694, -8.423304 ], [ -62.359445, -8.406611 ], [ -62.364557, -8.390636 ], [ -62.383502, -8.37717 ], [ -62.399498, -8.374417 ], [ -62.415695, -8.376242 ], [ -62.431722, -8.371642 ], [ -62.444804, -8.362097 ], [ -62.453243, -8.348787 ], [ -62.464948, -8.339354 ], [ -62.472444, -8.340367 ], [ -62.478389, -8.345288 ], [ -62.486422, -8.358826 ], [ -62.500302, -8.365742 ], [ -62.517946, -8.384352 ], [ -62.525609, -8.382669 ], [ -62.524942, -8.374961 ], [ -62.531476, -8.370643 ], [ -62.53903, -8.357724 ], [ -62.551, -8.357809 ], [ -62.548588, -8.341757 ], [ -62.555257, -8.327051 ], [ -62.554746, -8.319002 ], [ -62.560636, -8.313446 ], [ -62.555737, -8.303897 ], [ -62.561392, -8.283621 ], [ -62.568699, -8.286893 ], [ -62.573667, -8.280268 ], [ -62.580977, -8.27824 ], [ -62.584861, -8.271495 ], [ -62.592244, -8.274585 ], [ -62.599531, -8.271853 ], [ -62.609836, -8.259415 ], [ -62.649419, -8.236641 ], [ -62.654474, -8.228671 ], [ -62.650499, -8.221645 ], [ -62.659361, -8.199249 ], [ -62.672998, -8.19235 ], [ -62.686137, -8.17339 ], [ -62.684727, -8.165334 ], [ -62.678638, -8.160391 ], [ -62.672501, -8.144926 ], [ -62.673584, -8.136568 ], [ -62.684973, -8.116053 ], [ -62.678615, -8.111288 ], [ -62.690028, -8.10052 ], [ -62.691753, -8.092524 ], [ -62.705889, -8.084929 ], [ -62.72409, -8.068814 ], [ -62.743445, -8.044902 ], [ -62.785673, -8.025959 ], [ -62.809469, -8.024956 ], [ -62.820475, -8.014112 ], [ -62.832306, -7.993988 ], [ -62.841082, -7.994589 ], [ -62.844528, -7.986148 ], [ -62.852833, -7.98718 ], [ -62.866088, -7.975485 ], [ -62.867493, -7.975492 ], [ -63.321471, -7.976158 ], [ -63.38453, -7.976212 ], [ -63.441749, -7.97608 ], [ -63.534204, -7.973943 ], [ -63.620257, -7.968912 ], [ -63.624699, -7.90541 ], [ -63.621057, -7.894352 ], [ -63.635062, -7.882758 ], [ -63.63322, -7.873016 ], [ -63.622896, -7.857308 ], [ -63.612027, -7.855609 ], [ -63.598588, -7.848267 ], [ -63.579051, -7.845582 ], [ -63.567008, -7.847503 ], [ -63.560557, -7.843553 ], [ -63.553945, -7.838044 ], [ -63.547252, -7.823071 ], [ -63.549167, -7.812855 ], [ -63.533478, -7.804897 ], [ -63.516273, -7.786997 ], [ -63.508888, -7.789168 ], [ -63.499809, -7.775153 ], [ -63.478556, -7.760836 ], [ -63.469669, -7.747545 ], [ -63.450253, -7.74857 ], [ -63.437693, -7.738472 ], [ -63.431503, -7.74383 ], [ -63.421976, -7.737923 ], [ -63.408662, -7.735571 ], [ -63.400582, -7.727543 ], [ -63.392582, -7.690022 ], [ -63.380256, -7.663936 ], [ -63.395695, -7.657393 ], [ -63.395533, -7.637732 ], [ -63.404943, -7.63265 ], [ -63.416979, -7.628841 ], [ -63.41983, -7.628427 ], [ -63.417502, -7.620614 ], [ -63.425755, -7.612147 ], [ -63.426332, -7.603432 ], [ -63.419636, -7.594052 ], [ -63.400665, -7.584531 ], [ -63.403449, -7.574235 ], [ -63.396309, -7.559828 ], [ -63.379142, -7.551033 ], [ -63.374086, -7.528493 ], [ -63.352569, -7.521656 ], [ -63.349756, -7.520478 ], [ -63.34484, -7.518416 ], [ -63.331252, -7.49299 ], [ -63.323863, -7.489894 ], [ -63.311474, -7.49359 ], [ -63.303165, -7.490712 ], [ -63.317386, -7.476881 ], [ -63.303728, -7.455094 ], [ -63.306166, -7.447873 ], [ -63.312301, -7.441951 ], [ -63.321754, -7.44249 ], [ -63.325022, -7.43518 ], [ -63.333225, -7.433143 ], [ -63.330856, -7.422276 ], [ -63.334586, -7.415351 ], [ -63.342336, -7.410369 ], [ -63.332114, -7.404305 ], [ -63.299365, -7.400126 ], [ -63.295947, -7.406917 ], [ -63.281252, -7.407837 ], [ -63.268357, -7.420139 ], [ -63.262106, -7.403444 ], [ -63.250087, -7.393226 ], [ -63.245694, -7.371653 ], [ -63.254422, -7.371476 ], [ -63.250334, -7.35962 ], [ -63.252419, -7.351862 ], [ -63.262726, -7.357858 ], [ -63.267197, -7.350676 ], [ -63.298468, -7.34768 ], [ -63.303306, -7.341681 ], [ -63.29428, -7.335883 ], [ -63.290833, -7.328268 ], [ -63.298085, -7.301967 ], [ -63.303223, -7.296069 ], [ -63.304586, -7.277596 ], [ -63.294503, -7.269211 ], [ -63.280445, -7.248539 ], [ -63.284719, -7.24016 ], [ -63.294526, -7.23872 ], [ -63.300579, -7.229224 ], [ -63.300397, -7.211121 ], [ -63.307976, -7.205461 ], [ -63.324996, -7.20302 ], [ -63.314559, -7.185562 ], [ -63.314281, -7.177408 ], [ -63.307944, -7.164162 ], [ -63.306247, -7.154241 ], [ -63.313804, -7.151394 ], [ -63.313362, -7.14177 ], [ -63.305748, -7.138724 ], [ -63.302694, -7.127912 ], [ -63.30145, -7.117912 ], [ -63.307478, -7.1133 ], [ -63.306885, -7.104695 ], [ -63.264364, -7.091427 ], [ -63.261333, -7.083014 ], [ -63.254364, -7.080017 ], [ -63.244843, -7.080044 ], [ -63.238193, -7.085264 ], [ -63.23597, -7.075128 ], [ -63.227643, -7.075255 ], [ -63.220112, -7.060007 ], [ -63.207245, -7.060223 ], [ -63.205336, -7.050651 ], [ -63.217058, -7.026874 ], [ -63.207725, -7.01516 ], [ -63.200724, -7.022717 ], [ -63.185725, -7.010826 ], [ -63.176918, -7.016443 ], [ -63.164082, -7.004885 ], [ -63.162422, -6.993198 ], [ -63.15228, -6.989769 ], [ -63.135055, -6.972725 ], [ -63.139947, -6.959009 ], [ -63.147106, -6.956176 ], [ -63.162383, -6.935343 ], [ -63.154226, -6.92629 ], [ -63.151748, -6.918004 ], [ -63.159774, -6.91519 ], [ -63.159836, -6.888046 ], [ -63.152584, -6.873258 ], [ -63.161667, -6.873712 ], [ -63.168167, -6.868203 ], [ -63.165223, -6.860034 ], [ -63.175892, -6.859119 ], [ -63.178449, -6.845741 ], [ -63.047716, -6.844091 ], [ -63.006945, -6.783045 ], [ -62.969498, -6.701137 ], [ -62.957365, -6.640234 ], [ -62.952638, -6.63232 ], [ -62.939806, -6.560049 ], [ -62.929388, -6.536818 ], [ -62.907697, -6.511137 ], [ -62.888752, -6.491107 ], [ -62.874582, -6.457648 ], [ -62.85602, -6.431269 ], [ -62.841696, -6.41185 ], [ -62.801112, -6.377675 ], [ -62.787471, -6.361412 ], [ -62.734808, -6.279117 ], [ -62.65419, -6.207682 ], [ -62.609208, -6.153341 ], [ -62.568052, -6.104735 ], [ -62.484995, -5.965397 ], [ -62.43667, -5.929445 ], [ -62.328527, -5.815851 ], [ -62.274247, -5.729246 ], [ -62.159555, -5.550354 ], [ -62.124859, -5.504892 ], [ -62.10233, -5.459535 ], [ -62.085691, -5.426094 ], [ -62.012356, -5.326218 ], [ -62.00319, -5.320156 ], [ -61.955634, -5.304022 ], [ -61.941751, -5.295197 ], [ -61.868078, -5.223059 ], [ -61.75444, -5.143679 ], [ -61.723765, -5.115913 ], [ -61.526691, -4.94203 ], [ -61.489552, -4.915707 ], [ -61.443474, -4.891115 ], [ -61.413855, -4.84963 ], [ -61.318189, -4.762686 ], [ -61.308084, -4.748949 ], [ -61.29274, -4.711678 ], [ -61.270698, -4.661639 ], [ -61.248781, -4.627945 ], [ -61.167314, -4.54387 ], [ -61.008876, -4.423126 ], [ -60.848451, -4.281823 ], [ -60.825297, -4.233136 ], [ -60.802774, -4.174242 ], [ -60.782925, -4.185917 ], [ -60.77609, -4.181137 ], [ -60.760665, -4.194221 ], [ -60.751866, -4.191153 ], [ -60.721562, -4.200569 ], [ -60.710461, -4.195818 ], [ -60.703031, -4.199845 ], [ -60.706501, -4.212615 ], [ -60.690101, -4.222001 ], [ -60.684196, -4.206549 ], [ -60.677862, -4.212068 ], [ -60.66389, -4.205152 ], [ -60.65663, -4.209237 ], [ -60.651968, -4.202456 ], [ -60.64411, -4.202653 ], [ -60.638545, -4.187327 ], [ -60.627716, -4.191616 ], [ -60.616558, -4.173976 ], [ -60.601386, -4.178213 ], [ -60.594069, -4.173996 ], [ -60.579735, -4.180832 ], [ -60.562052, -4.157533 ], [ -60.549295, -4.164639 ], [ -60.544553, -4.155233 ], [ -60.535465, -4.154613 ], [ -60.526378, -4.15994 ], [ -60.519488, -4.145914 ], [ -60.512595, -4.149013 ], [ -60.507527, -4.143423 ], [ -60.480793, -4.133946 ], [ -60.454857, -4.152301 ], [ -60.452995, -4.16849 ], [ -60.446204, -4.172748 ], [ -60.440462, -4.167184 ], [ -60.432303, -4.165666 ], [ -60.418737, -4.175022 ], [ -60.397259, -4.162097 ], [ -60.384415, -4.171182 ], [ -60.377156, -4.181355 ], [ -60.374542, -4.184506 ], [ -60.356721, -4.181729 ], [ -60.341941, -4.187343 ], [ -60.318528, -4.1903 ], [ -60.3045, -4.182141 ], [ -60.300779, -4.175149 ], [ -60.305798, -4.169267 ], [ -60.302698, -4.162309 ], [ -60.286492, -4.16414 ], [ -60.277799, -4.172634 ], [ -60.277864, -4.180761 ], [ -60.265381, -4.202463 ], [ -60.264358, -4.210662 ], [ -60.275969, -4.221761 ], [ -60.276221, -4.22967 ], [ -60.271083, -4.236021 ], [ -60.263551, -4.234618 ], [ -60.259778, -4.250533 ], [ -60.251941, -4.249231 ], [ -60.242997, -4.261646 ], [ -60.227781, -4.265895 ], [ -60.225476, -4.281694 ], [ -60.215497, -4.293281 ], [ -60.20983, -4.287549 ], [ -60.19439, -4.28983 ], [ -60.172975, -4.315099 ], [ -60.167799, -4.330373 ], [ -60.161687, -4.336732 ], [ -60.146301, -4.341194 ], [ -60.130334, -4.337375 ], [ -60.124551, -4.343023 ], [ -60.122271, -4.358815 ], [ -60.133604, -4.369425 ], [ -60.129054, -4.376168 ], [ -60.13, -4.383876 ], [ -60.108047, -4.395314 ], [ -60.097879, -4.406943 ], [ -60.089607, -4.407803 ], [ -60.085784, -4.405102 ], [ -60.081609, -4.393948 ], [ -60.07169, -4.381689 ], [ -60.056827, -4.377499 ], [ -60.049602, -4.380013 ], [ -60.047268, -4.387929 ], [ -60.050633, -4.396257 ], [ -60.049159, -4.412188 ], [ -60.035349, -4.420385 ], [ -60.026766, -4.418575 ], [ -60.022293, -4.410897 ], [ -59.999961, -4.396233 ], [ -59.973913, -4.393357 ], [ -59.97005, -4.391893 ], [ -59.960077, -4.391873 ], [ -59.951932, -4.386336 ], [ -59.946716, -4.376255 ], [ -59.947102, -4.360142 ], [ -59.966432, -4.339066 ], [ -59.970825, -4.322445 ], [ -59.968764, -4.306567 ], [ -59.973076, -4.295721 ], [ -59.98224, -4.286952 ], [ -59.988491, -4.2601 ], [ -59.975412, -4.249829 ], [ -59.957368, -4.255295 ], [ -59.944904, -4.252665 ], [ -59.939603, -4.247235 ], [ -59.939516, -4.238222 ], [ -59.945513, -4.229712 ], [ -59.927056, -4.213126 ], [ -59.926484, -4.212612 ], [ -59.693144, -4.210752 ], [ -59.67493, -4.188363 ], [ -59.643597, -4.201576 ], [ -59.619648, -4.19822 ], [ -59.590217, -4.147292 ], [ -59.579208, -4.116706 ], [ -59.587003, -4.076427 ], [ -59.581252, -4.057257 ], [ -59.558202, -4.021077 ], [ -59.555699, -4.007907 ], [ -59.557003, -3.982288 ], [ -59.550731, -3.970907 ], [ -59.539392, -3.966383 ], [ -59.527342, -3.955257 ], [ -59.528863, -3.933597 ], [ -59.525423, -3.925438 ], [ -59.510099, -3.921442 ], [ -59.506295, -3.920451 ], [ -59.253531, -3.919423 ], [ -59.211713, -3.919523 ], [ -59.199793, -3.91994 ], [ -59.156292, -3.921461 ], [ -59.1626, -3.933904 ], [ -59.171298, -3.942435 ], [ -59.20024, -3.951496 ], [ -59.194609, -3.967995 ], [ -59.173077, -3.966672 ], [ -59.160457, -3.97047 ], [ -59.119626, -3.967012 ], [ -59.110936, -3.969849 ], [ -59.100851, -3.987721 ], [ -59.09508, -3.98912 ], [ -59.092015, -3.989864 ], [ -59.084011, -3.96979 ], [ -59.076373, -3.962288 ], [ -59.059184, -3.962465 ], [ -59.047656, -3.958229 ], [ -59.024012, -3.932652 ], [ -59.007567, -3.937219 ], [ -58.999569, -3.932077 ], [ -58.993533, -3.92423 ], [ -58.993095, -3.914232 ], [ -58.997232, -3.902559 ], [ -58.994178, -3.892954 ], [ -58.967204, -3.887419 ], [ -58.941625, -3.89375 ], [ -58.919788, -3.90897 ], [ -58.910705, -3.905852 ], [ -58.901452, -3.896174 ], [ -58.884975, -3.859044 ], [ -58.875508, -3.853386 ], [ -58.867981, -3.856475 ], [ -58.841141, -3.851833 ], [ -58.844752, -3.874216 ], [ -58.813618, -3.876053 ], [ -58.802812, -3.902879 ], [ -58.793424, -3.909718 ], [ -58.782919, -3.907225 ], [ -58.777945, -3.909871 ], [ -58.788625, -3.92737 ], [ -58.803618, -3.965049 ], [ -58.817809, -3.988109 ], [ -58.820285, -4.0001 ], [ -58.785083, -4.035821 ], [ -58.775781, -4.064978 ], [ -58.76308, -4.07538 ], [ -58.742806, -4.08272 ], [ -58.705746, -4.107894 ], [ -58.681055, -4.13462 ], [ -58.67733, -4.149103 ], [ -58.685759, -4.175239 ], [ -58.689194, -4.196345 ], [ -58.687774, -4.210181 ], [ -58.671721, -4.223635 ], [ -58.661471, -4.237892 ], [ -58.653656, -4.262251 ], [ -58.645074, -4.26864 ], [ -58.619968, -4.262642 ], [ -58.615521, -4.270757 ], [ -58.614963, -4.285785 ], [ -58.642356, -4.335908 ], [ -58.649745, -4.340634 ], [ -58.646606, -4.37224 ], [ -58.652247, -4.388347 ], [ -58.639771, -4.399045 ], [ -58.638298, -4.414241 ], [ -58.627074, -4.43078 ], [ -58.634272, -4.452001 ], [ -58.644854, -4.452619 ], [ -58.630156, -4.46803 ], [ -58.617435, -4.472741 ], [ -58.608712, -4.460977 ], [ -58.589538, -4.462456 ], [ -58.573158, -4.476075 ], [ -58.560569, -4.493533 ], [ -58.552355, -4.495648 ], [ -58.50704, -4.470992 ], [ -58.499121, -4.476116 ], [ -58.492572, -4.489357 ], [ -58.485461, -4.493249 ], [ -58.477906, -4.49006 ], [ -58.453946, -4.502818 ], [ -58.443681, -4.506244 ], [ -58.434452, -4.504317 ], [ -58.417623, -4.494718 ], [ -58.414451, -4.502601 ], [ -58.406033, -4.500603 ], [ -58.396926, -4.502831 ], [ -58.39087, -4.493309 ], [ -58.390818, -4.484849 ], [ -58.381869, -4.460333 ], [ -58.373012, -4.459998 ], [ -58.364035, -4.464595 ], [ -58.353814, -4.462574 ], [ -58.351253, -4.450116 ], [ -58.336257, -4.440601 ], [ -58.322148, -4.440791 ], [ -58.304805, -4.433859 ], [ -58.293472, -4.418338 ], [ -58.292694, -4.410335 ], [ -58.274835, -4.395468 ], [ -58.266644, -4.396886 ], [ -58.256476, -4.378564 ], [ -58.239693, -4.382645 ], [ -58.224025, -4.374274 ], [ -58.222557, -4.36134 ], [ -58.206469, -4.35911 ], [ -58.198443, -4.349332 ], [ -58.191138, -4.351359 ], [ -58.174714, -4.369453 ], [ -58.16502, -4.361119 ], [ -58.142488, -4.366745 ], [ -58.128102, -4.365389 ], [ -58.118861, -4.370411 ], [ -58.105448, -4.419106 ], [ -58.114516, -4.414743 ], [ -58.115711, -4.423864 ], [ -58.125851, -4.430889 ], [ -58.149552, -4.434843 ], [ -58.152777, -4.444171 ], [ -58.183076, -4.459792 ], [ -58.182332, -4.471503 ], [ -58.174192, -4.477285 ], [ -58.173584, -4.487176 ], [ -58.177524, -4.496038 ], [ -58.192296, -4.496415 ], [ -58.198911, -4.501038 ], [ -58.202774, -4.512635 ], [ -58.21053, -4.512641 ], [ -58.211583, -4.523588 ], [ -58.201305, -4.54422 ], [ -58.206444, -4.553805 ], [ -58.213253, -4.543951 ], [ -58.227975, -4.547905 ], [ -58.232639, -4.56266 ], [ -58.232, -4.579765 ], [ -58.218353, -4.588631 ], [ -58.220166, -4.596549 ], [ -58.226133, -4.601181 ], [ -58.255695, -4.599729 ], [ -58.262809, -4.613547 ], [ -58.25537, -4.623618 ], [ -58.25042, -4.635619 ], [ -58.270138, -4.656026 ], [ -58.266556, -4.674527 ], [ -58.27003, -4.709462 ], [ -58.279808, -4.710556 ], [ -58.279359, -4.719957 ], [ -58.268885, -4.721338 ], [ -58.272447, -4.734863 ], [ -58.283031, -4.733418 ], [ -58.290615, -4.738431 ], [ -58.295692, -4.74603 ], [ -58.295855, -4.763037 ], [ -58.304807, -4.803878 ], [ -58.304113, -4.814046 ], [ -58.314668, -4.826632 ], [ -58.317168, -4.811267 ], [ -58.325583, -4.81189 ], [ -58.325946, -4.839655 ], [ -58.335807, -4.846057 ], [ -58.34792, -4.848281 ], [ -58.354568, -4.855516 ], [ -58.364201, -4.850791 ], [ -58.361404, -4.860856 ], [ -58.356194, -4.873205 ], [ -58.347449, -4.877462 ], [ -58.343499, -4.894154 ], [ -58.34867, -4.900333 ], [ -58.359334, -4.8957 ], [ -58.363086, -4.913821 ], [ -58.381508, -4.91948 ], [ -58.392899, -4.918648 ], [ -58.384865, -4.929656 ], [ -58.385199, -4.937941 ], [ -58.376091, -4.948624 ], [ -58.376339, -4.957596 ], [ -58.398318, -4.963652 ], [ -58.402373, -4.973849 ], [ -58.403476, -4.982662 ], [ -58.411873, -4.989757 ], [ -58.408318, -5.000051 ], [ -58.409479, -5.015768 ], [ -58.420425, -5.019565 ], [ -58.428004, -5.026808 ], [ -58.429649, -5.036723 ], [ -58.442485, -5.034671 ], [ -58.448595, -5.041924 ], [ -58.436533, -5.070264 ], [ -58.467212, -5.069729 ], [ -58.472118, -5.076521 ], [ -58.471793, -5.08791 ], [ -58.482426, -5.083933 ], [ -58.495539, -5.089027 ], [ -58.495208, -5.100017 ], [ -58.511959, -5.109331 ], [ -58.513651, -5.121473 ], [ -58.508262, -5.131222 ], [ -58.51746, -5.134708 ], [ -58.52129, -5.127902 ], [ -58.529294, -5.125917 ], [ -58.544154, -5.143102 ], [ -58.544796, -5.133263 ], [ -58.549848, -5.124365 ], [ -58.577322, -5.130715 ], [ -58.565339, -5.146102 ], [ -58.563372, -5.152866 ], [ -58.580541, -5.158403 ], [ -58.580681, -5.169103 ], [ -58.585239, -5.179438 ], [ -58.59542, -5.178564 ], [ -58.613929, -5.186368 ], [ -58.631878, -5.18366 ], [ -58.630014, -5.199008 ], [ -58.622605, -5.214548 ], [ -58.631266, -5.21478 ], [ -58.652464, -5.203665 ], [ -58.650323, -5.222835 ], [ -58.652713, -5.230018 ], [ -58.67641, -5.226267 ], [ -58.684077, -5.219998 ], [ -58.693829, -5.241647 ], [ -58.70055, -5.236632 ], [ -58.70719, -5.240773 ], [ -58.700857, -5.247672 ], [ -58.699886, -5.255574 ], [ -58.704665, -5.260534 ], [ -58.709388, -5.265436 ], [ -58.723884, -5.265135 ], [ -58.715859, -5.28233 ], [ -58.725379, -5.288658 ], [ -58.736136, -5.290218 ], [ -58.741299, -5.296395 ], [ -58.74122, -5.307267 ], [ -58.730858, -5.304461 ], [ -58.723662, -5.307428 ], [ -58.718103, -5.315248 ], [ -58.737608, -5.324796 ], [ -58.746077, -5.330069 ], [ -58.776688, -5.331023 ], [ -58.779273, -5.34094 ], [ -58.803199, -5.337069 ], [ -58.810047, -5.341955 ], [ -58.804864, -5.349035 ], [ -58.814332, -5.372726 ], [ -58.803971, -5.371165 ], [ -58.811169, -5.391476 ], [ -58.807528, -5.399074 ], [ -58.815221, -5.401925 ], [ -58.811995, -5.415027 ], [ -58.835389, -5.447139 ], [ -58.831279, -5.463438 ], [ -58.839167, -5.491445 ], [ -58.834748, -5.499546 ], [ -58.838088, -5.508792 ], [ -58.846303, -5.508851 ], [ -58.853865, -5.513288 ], [ -58.854175, -5.532407 ], [ -58.850581, -5.543486 ], [ -58.852173, -5.556862 ], [ -58.841636, -5.555318 ], [ -58.835253, -5.562903 ], [ -58.834557, -5.57274 ], [ -58.824335, -5.58434 ], [ -58.826887, -5.592042 ], [ -58.81825, -5.601998 ], [ -58.824835, -5.6091 ], [ -58.831031, -5.630084 ], [ -58.831946, -5.652173 ], [ -58.846695, -5.671685 ], [ -58.834307, -5.675584 ], [ -58.836349, -5.703353 ], [ -58.832388, -5.715016 ], [ -58.822331, -5.718073 ], [ -58.814165, -5.734985 ], [ -58.827025, -5.765345 ], [ -58.815359, -5.780295 ], [ -58.823056, -5.79554 ], [ -58.832447, -5.79976 ], [ -58.825472, -5.806884 ], [ -58.829551, -5.815907 ], [ -58.816111, -5.841938 ], [ -58.824249, -5.865444 ], [ -58.826475, -5.888848 ], [ -58.811271, -5.905136 ], [ -58.818886, -5.90946 ], [ -58.814188, -5.92491 ], [ -58.826161, -5.937 ], [ -58.82747, -5.968709 ], [ -58.820306, -5.975088 ], [ -58.830947, -5.977032 ], [ -58.827588, -5.987317 ], [ -58.834448, -6.000216 ], [ -58.826914, -6.017646 ], [ -58.818386, -6.024571 ], [ -58.804775, -6.048295 ], [ -58.805219, -6.053855 ], [ -58.81486, -6.069075 ], [ -58.802554, -6.078259 ], [ -58.807023, -6.084932 ], [ -58.808855, -6.100942 ], [ -58.81905, -6.112357 ], [ -58.820438, -6.120302 ], [ -58.827499, -6.124737 ], [ -58.829222, -6.140453 ], [ -58.843496, -6.184014 ], [ -58.845074, -6.205584 ], [ -58.851468, -6.213786 ], [ -58.872722, -6.222515 ], [ -58.890749, -6.238928 ], [ -58.899528, -6.252058 ], [ -58.906138, -6.247615 ], [ -58.917114, -6.274292 ], [ -58.917501, -6.290408 ], [ -58.907508, -6.320202 ], [ -58.894976, -6.33033 ], [ -58.887585, -6.344133 ], [ -58.867332, -6.355034 ], [ -58.864909, -6.362754 ], [ -58.853415, -6.373486 ], [ -58.854779, -6.381098 ], [ -58.846078, -6.393127 ], [ -58.847607, -6.400899 ], [ -58.836555, -6.422341 ], [ -58.833054, -6.446959 ], [ -58.835439, -6.470491 ], [ -58.848635, -6.507772 ], [ -58.854665, -6.513231 ], [ -58.866366, -6.543081 ], [ -58.866004, -6.559896 ], [ -58.8705, -6.566739 ], [ -58.869614, -6.582608 ], [ -58.874163, -6.589112 ], [ -58.872449, -6.605188 ], [ -58.863998, -6.627824 ], [ -58.868087, -6.667316 ], [ -58.860945, -6.697012 ], [ -58.860728, -6.697682 ], [ -58.85833, -6.705088 ], [ -58.83733, -6.728354 ], [ -58.832224, -6.744382 ], [ -58.811441, -6.758573 ], [ -58.793606, -6.776367 ], [ -58.788333, -6.791929 ], [ -58.784522, -6.831882 ], [ -58.769251, -6.850003 ], [ -58.767301, -6.857915 ], [ -58.751102, -6.856724 ] ], [ [ -61.482397, -8.094559 ], [ -61.491608, -8.117369 ], [ -61.491607, -8.117369 ], [ -61.482397, -8.094559 ] ], [ [ -60.70158, -5.041822 ], [ -60.696548, -5.052606 ], [ -60.701579, -5.041822 ], [ -60.70158, -5.041822 ] ] ] } },
{ "type": "Feature", "properties": { "HREG_ID": "13004", "HREG_NAME": "Medio Amazonas", "id": "130190", "name": "Itacoatiara", "description": "Itacoatiara", "MUN_ID": "130190", "UF": "AM", "MACRO_ID": "1303", "MACRO_NAME": "Leste" }, "geometry": { "type": "Polygon", "coordinates": [ [ [ -58.0708, -3.282286 ], [ -58.073487, -3.291882 ], [ -58.069978, -3.306 ], [ -58.079243, -3.315891 ], [ -58.088164, -3.314691 ], [ -58.091186, -3.325212 ], [ -58.087329, -3.334522 ], [ -58.096687, -3.336856 ], [ -58.107658, -3.347894 ], [ -58.116358, -3.348915 ], [ -58.122828, -3.342887 ], [ -58.143567, -3.344293 ], [ -58.1673, -3.353462 ], [ -58.176611, -3.367384 ], [ -58.173474, -3.414248 ], [ -58.179191, -3.437971 ], [ -58.174744, -3.44602 ], [ -58.182586, -3.460588 ], [ -58.181394, -3.496227 ], [ -58.248163, -3.49756 ], [ -58.368892, -3.499961 ], [ -58.370037, -3.509781 ], [ -58.364339, -3.514957 ], [ -58.371257, -3.527702 ], [ -58.377899, -3.531656 ], [ -58.385171, -3.552841 ], [ -58.383259, -3.561514 ], [ -58.362367, -3.582366 ], [ -58.35712, -3.576491 ], [ -58.349118, -3.582453 ], [ -58.355754, -3.588635 ], [ -58.354705, -3.596514 ], [ -58.342397, -3.611063 ], [ -58.36376, -3.624894 ], [ -58.371559, -3.63696 ], [ -58.374594, -3.648748 ], [ -58.372621, -3.677756 ], [ -58.383816, -3.677026 ], [ -58.390479, -3.671852 ], [ -58.400371, -3.677214 ], [ -58.406178, -3.695573 ], [ -58.414345, -3.7048 ], [ -58.41876, -3.724021 ], [ -58.424621, -3.729556 ], [ -58.436567, -3.722201 ], [ -58.4469, -3.705503 ], [ -58.45735, -3.705532 ], [ -58.462349, -3.727381 ], [ -58.46843, -3.733302 ], [ -58.465647, -3.747849 ], [ -58.464014, -3.751799 ], [ -58.486741, -3.747436 ], [ -58.506521, -3.753123 ], [ -58.512712, -3.747446 ], [ -58.514961, -3.739752 ], [ -58.512933, -3.729079 ], [ -58.516075, -3.714684 ], [ -58.523051, -3.705497 ], [ -58.532458, -3.703944 ], [ -58.538542, -3.694753 ], [ -58.550326, -3.685848 ], [ -58.558495, -3.675818 ], [ -58.558074, -3.667624 ], [ -58.576907, -3.648165 ], [ -58.584894, -3.646106 ], [ -58.610185, -3.637455 ], [ -58.622716, -3.623538 ], [ -58.633852, -3.621687 ], [ -58.648636, -3.633131 ], [ -58.649494, -3.64232 ], [ -58.6578, -3.659278 ], [ -58.679191, -3.663178 ], [ -58.683027, -3.656588 ], [ -58.69136, -3.657705 ], [ -58.698249, -3.647891 ], [ -58.700769, -3.635544 ], [ -58.707244, -3.612317 ], [ -58.72253, -3.596632 ], [ -58.730302, -3.597257 ], [ -58.750189, -3.591088 ], [ -58.78642, -3.611575 ], [ -58.792852, -3.612319 ], [ -58.798785, -3.613005 ], [ -58.809618, -3.607189 ], [ -58.818006, -3.598467 ], [ -58.841145, -3.592803 ], [ -58.855371, -3.603477 ], [ -58.886624, -3.609943 ], [ -58.89256, -3.614913 ], [ -58.90237, -3.615939 ], [ -58.91057, -3.611874 ], [ -58.919455, -3.60747 ], [ -58.919565, -3.594583 ], [ -58.910288, -3.571634 ], [ -58.91287, -3.556295 ], [ -58.919149, -3.543493 ], [ -58.901015, -3.512421 ], [ -58.873586, -3.476042 ], [ -58.844198, -3.447023 ], [ -58.833197, -3.446419 ], [ -58.824557, -3.46358 ], [ -58.816115, -3.460971 ], [ -58.808426, -3.452612 ], [ -58.79939, -3.436543 ], [ -58.787561, -3.399544 ], [ -58.786813, -3.386263 ], [ -58.790039, -3.386923 ], [ -58.825168, -3.402888 ], [ -58.845565, -3.403957 ], [ -58.85409, -3.400661 ], [ -58.90162, -3.366082 ], [ -58.946365, -3.30495 ], [ -58.969045, -3.277065 ], [ -59.00477, -3.244626 ], [ -59.01518, -3.24287 ], [ -59.038795, -3.249267 ], [ -59.058936, -3.262595 ], [ -59.084623, -3.269878 ], [ -59.125521, -3.28732 ], [ -59.149076, -3.285029 ], [ -59.232212, -3.243705 ], [ -59.233657, -3.242987 ], [ -59.32089, -3.210152 ], [ -59.348386, -3.192773 ], [ -59.383666, -3.180777 ], [ -59.358133, -3.152659 ], [ -59.351395, -3.145237 ], [ -59.2643, -3.153333 ], [ -59.241308, -3.161714 ], [ -59.220859, -3.175619 ], [ -59.206496, -3.17938 ], [ -59.181638, -3.176646 ], [ -59.167883, -3.17848 ], [ -59.162942, -3.172381 ], [ -59.159762, -3.168457 ], [ -59.239124, -3.137696 ], [ -59.261612, -3.128654 ], [ -59.276854, -3.127629 ], [ -59.304029, -3.131538 ], [ -59.313169, -3.1211 ], [ -59.341055, -3.106282 ], [ -59.34723, -3.09862 ], [ -59.37339, -3.071252 ], [ -59.404637, -3.053978 ], [ -59.430836, -3.048137 ], [ -59.454827, -3.029386 ], [ -59.484998, -2.99346 ], [ -59.49998, -2.987206 ], [ -59.499803, -2.971534 ], [ -59.486477, -2.966361 ], [ -59.466529, -2.948787 ], [ -59.43064, -2.927093 ], [ -59.408894, -2.888274 ], [ -59.405335, -2.873859 ], [ -59.394968, -2.872556 ], [ -59.38388, -2.871952 ], [ -59.37528, -2.865403 ], [ -59.368865, -2.870761 ], [ -59.369469, -2.888111 ], [ -59.361005, -2.888167 ], [ -59.3575, -2.879397 ], [ -59.352997, -2.845191 ], [ -59.356249, -2.828823 ], [ -59.353417, -2.821266 ], [ -59.30561, -2.760725 ], [ -59.286885, -2.748679 ], [ -59.268608, -2.743949 ], [ -59.268227, -2.739605 ], [ -59.268141, -2.738641 ], [ -59.26475, -2.725721 ], [ -59.240905, -2.712639 ], [ -59.229937, -2.700828 ], [ -59.228776, -2.649837 ], [ -59.217134, -2.635702 ], [ -59.209937, -2.632767 ], [ -59.191858, -2.606193 ], [ -59.188684, -2.597306 ], [ -59.195737, -2.579113 ], [ -59.20038, -2.56395 ], [ -59.195437, -2.555614 ], [ -59.165878, -2.538979 ], [ -59.155386, -2.517096 ], [ -59.168993, -2.507776 ], [ -59.173669, -2.484269 ], [ -59.193368, -2.471757 ], [ -59.193817, -2.471588 ], [ -59.222323, -2.473882 ], [ -59.245831, -2.469975 ], [ -59.252961, -2.474528 ], [ -59.249066, -2.481998 ], [ -59.27544, -2.487978 ], [ -59.276294, -2.479746 ], [ -59.271677, -2.47328 ], [ -59.274571, -2.464229 ], [ -59.271499, -2.447261 ], [ -59.258686, -2.436318 ], [ -59.249046, -2.435214 ], [ -59.226858, -2.418232 ], [ -59.172494, -2.385443 ], [ -59.162489, -2.371005 ], [ -59.132837, -2.34097 ], [ -59.109084, -2.297045 ], [ -59.08731, -2.284524 ], [ -59.081944, -2.275616 ], [ -59.105383, -2.243779 ], [ -59.110489, -2.223422 ], [ -59.128882, -2.223349 ], [ -59.138275, -2.23114 ], [ -59.143744, -2.249311 ], [ -59.153298, -2.248152 ], [ -59.162663, -2.232544 ], [ -59.144521, -2.224339 ], [ -59.145131, -2.216745 ], [ -59.160396, -2.209883 ], [ -59.178205, -2.209886 ], [ -59.181921, -2.200746 ], [ -59.179101, -2.184785 ], [ -59.171259, -2.18092 ], [ -59.160492, -2.168627 ], [ -59.152396, -2.172693 ], [ -59.143484, -2.171564 ], [ -59.137934, -2.165413 ], [ -59.131975, -2.149823 ], [ -59.127939, -2.10036 ], [ -59.112317, -2.076852 ], [ -59.118875, -2.041018 ], [ -59.114218, -2.032095 ], [ -59.123579, -2.006971 ], [ -59.161801, -1.98516 ], [ -59.15457, -1.9667 ], [ -59.160812, -1.959855 ], [ -59.183515, -1.947563 ], [ -59.191717, -1.947742 ], [ -59.201329, -1.940028 ], [ -59.203301, -1.91767 ], [ -59.213017, -1.900907 ], [ -59.22194, -1.89923 ], [ -59.220382, -1.891542 ], [ -59.227383, -1.873229 ], [ -59.235531, -1.864267 ], [ -59.245164, -1.862017 ], [ -59.244027, -1.851259 ], [ -59.250269, -1.844162 ], [ -59.251243, -1.832819 ], [ -59.245555, -1.826218 ], [ -59.226187, -1.826193 ], [ -59.218829, -1.818623 ], [ -59.213977, -1.806879 ], [ -59.212647, -1.786762 ], [ -59.217246, -1.780891 ], [ -59.198163, -1.730739 ], [ -59.195526, -1.710419 ], [ -59.188462, -1.704015 ], [ -59.186182, -1.694619 ], [ -59.179907, -1.687087 ], [ -59.179133, -1.676729 ], [ -59.167077, -1.677365 ], [ -59.16502, -1.668139 ], [ -59.167467, -1.658927 ], [ -59.139827, -1.642732 ], [ -59.137491, -1.629127 ], [ -59.142158, -1.619747 ], [ -59.127074, -1.607174 ], [ -59.13199, -1.600703 ], [ -59.126795, -1.589018 ], [ -59.135878, -1.584551 ], [ -59.14096, -1.575802 ], [ -59.141187, -1.564758 ], [ -59.149823, -1.56172 ], [ -59.149633, -1.54965 ], [ -59.155964, -1.544941 ], [ -59.151104, -1.530299 ], [ -59.150906, -1.515553 ], [ -59.170355, -1.485165 ], [ -59.186106, -1.47264 ], [ -59.200159, -1.469095 ], [ -59.187303, -1.453763 ], [ -59.190861, -1.446077 ], [ -59.223429, -1.446501 ], [ -59.233454, -1.449608 ], [ -59.229681, -1.437549 ], [ -59.261611, -1.437045 ], [ -59.270022, -1.430856 ], [ -59.295721, -1.453705 ], [ -59.297695, -1.474484 ], [ -59.304886, -1.483555 ], [ -59.329693, -1.481581 ], [ -59.334496, -1.471813 ], [ -59.331389, -1.464689 ], [ -59.334285, -1.456902 ], [ -59.359249, -1.458686 ], [ -59.369235, -1.452011 ], [ -59.391669, -1.452751 ], [ -59.398179, -1.447099 ], [ -59.410398, -1.445391 ], [ -59.424428, -1.45072 ], [ -59.437333, -1.43441 ], [ -59.446204, -1.437078 ], [ -59.458244, -1.434606 ], [ -59.485747, -1.453645 ], [ -59.491173, -1.442714 ], [ -59.503292, -1.444392 ], [ -59.513586, -1.439291 ], [ -59.518873, -1.432556 ], [ -59.519757, -1.419699 ], [ -59.503618, -1.389075 ], [ -59.494086, -1.385533 ], [ -59.493337, -1.377171 ], [ -59.488685, -1.37035 ], [ -59.481506, -1.360666 ], [ -59.471867, -1.35519 ], [ -59.467589, -1.33515 ], [ -59.450591, -1.327119 ], [ -59.44198, -1.318958 ], [ -59.443334, -1.296482 ], [ -59.43484, -1.279267 ], [ -59.424808, -1.274909 ], [ -59.420396, -1.268241 ], [ -59.404318, -1.258192 ], [ -59.393152, -1.261176 ], [ -59.381476, -1.258094 ], [ -59.375087, -1.265407 ], [ -59.364972, -1.267547 ], [ -59.358974, -1.261264 ], [ -59.361469, -1.2504 ], [ -59.372859, -1.236331 ], [ -59.372082, -1.193417 ], [ -59.375137, -1.18404 ], [ -59.383693, -1.17553 ], [ -59.379217, -1.147392 ], [ -59.382334, -1.136933 ], [ -59.374968, -1.133497 ], [ -59.380115, -1.106322 ], [ -59.603915, -1.109292 ], [ -59.61875, -1.104822 ], [ -59.63114, -1.094114 ], [ -59.629248, -1.085234 ], [ -59.636063, -1.077452 ], [ -59.668572, -1.065988 ], [ -59.675737, -1.08994 ], [ -59.686042, -1.090234 ], [ -59.699789, -1.10441 ], [ -59.707329, -1.101834 ], [ -59.714507, -1.094442 ], [ -59.720626, -1.077581 ], [ -59.732935, -1.079993 ], [ -59.743178, -1.075946 ], [ -59.741968, -1.06837 ], [ -59.751543, -1.052516 ], [ -59.758846, -1.055499 ], [ -59.779626, -1.045077 ], [ -59.815289, -1.011 ], [ -59.822295, -1.000039 ], [ -59.819781, -0.991195 ], [ -59.83918, -0.97174 ], [ -59.841525, -0.94343 ], [ -59.853849, -0.913899 ], [ -59.867822, -0.900741 ], [ -59.885347, -0.899372 ], [ -59.894153, -0.893879 ], [ -59.900605, -0.888778 ], [ -59.900022, -0.871416 ], [ -59.932157, -0.85183 ], [ -59.941973, -0.853692 ], [ -59.960489, -0.843732 ], [ -59.967686, -0.833358 ], [ -59.975821, -0.832529 ], [ -60.001071, -0.797745 ], [ -60.007323, -0.793293 ], [ -60.015359, -0.795711 ], [ -60.019761, -0.789541 ], [ -60.027335, -0.755328 ], [ -60.03403, -0.748103 ], [ -60.033522, -0.722275 ], [ -60.045263, -0.698061 ], [ -60.046386, -0.681147 ], [ -60.053764, -0.675643 ], [ -60.052798, -0.649738 ], [ -60.045026, -0.650592 ], [ -60.033, -0.66317 ], [ -60.024485, -0.661138 ], [ -60.034284, -0.639209 ], [ -60.035519, -0.634994 ], [ -60.026381, -0.633368 ], [ -60.021209, -0.626341 ], [ -60.02193, -0.616868 ], [ -60.037912, -0.596184 ], [ -60.035141, -0.588659 ], [ -60.025022, -0.582061 ], [ -60.01141, -0.580669 ], [ -60.008205, -0.57252 ], [ -60.000438, -0.569203 ], [ -59.967134, -0.568527 ], [ -59.960571, -0.560099 ], [ -59.95946, -0.549114 ], [ -59.949699, -0.530187 ], [ -59.956237, -0.525083 ], [ -59.953627, -0.515228 ], [ -59.943326, -0.509996 ], [ -59.938768, -0.501102 ], [ -59.928937, -0.497259 ], [ -59.925351, -0.484277 ], [ -59.89236, -0.455036 ], [ -59.882099, -0.456503 ], [ -59.879049, -0.464985 ], [ -59.869684, -0.468944 ], [ -59.853831, -0.445377 ], [ -59.847525, -0.442175 ], [ -59.838079, -0.416524 ], [ -59.830809, -0.410993 ], [ -59.83134, -0.398069 ], [ -59.836878, -0.38908 ], [ -59.852689, -0.391786 ], [ -59.862133, -0.365817 ], [ -59.853043, -0.368553 ], [ -59.85207, -0.352323 ], [ -59.845862, -0.335124 ], [ -59.85157, -0.324839 ], [ -59.849456, -0.312565 ], [ -59.842549, -0.307211 ], [ -59.843903, -0.284324 ], [ -59.839008, -0.278105 ], [ -59.838239, -0.267225 ], [ -59.80745, -0.248126 ], [ -59.809972, -0.229664 ], [ -59.82457, -0.213382 ], [ -59.847057, -0.18143 ], [ -59.872519, -0.163075 ], [ -59.901743, -0.156571 ], [ -59.9129, -0.149704 ], [ -59.917962, -0.136142 ], [ -59.918939, -0.125613 ], [ -59.892072, -0.101595 ], [ -59.874262, -0.112873 ], [ -59.874703, -0.102967 ], [ -59.879935, -0.095798 ], [ -59.878562, -0.086906 ], [ -59.863558, -0.070421 ], [ -59.861607, -0.059409 ], [ -59.864029, -0.046294 ], [ -59.8733, -0.033933 ], [ -59.879752, -0.016897 ], [ -59.892944, -0.005003 ], [ -59.902758, 0.022495 ], [ -59.916408, 0.033884 ], [ -59.932769, 0.030266 ], [ -59.947217, 0.038581 ], [ -59.956681, 0.037763 ], [ -59.955271, 0.02891 ], [ -59.942191, 0.016172 ], [ -59.93148, -0.016896 ], [ -59.934637, -0.022619 ], [ -59.928482, -0.033914 ], [ -59.935413, -0.038865 ], [ -59.950601, -0.038585 ], [ -59.960703, -0.031747 ], [ -59.971868, -0.030649 ], [ -59.975466, -0.037477 ], [ -59.952303, -0.049564 ], [ -59.962295, -0.058218 ], [ -59.976, -0.062242 ], [ -59.985081, -0.060601 ], [ -60.004668, -0.047796 ], [ -60.022998, -0.042789 ], [ -60.053443, -0.046163 ], [ -60.06289, -0.050491 ], [ -60.081995, -0.047724 ], [ -60.122142, -0.079305 ], [ -60.136252, -0.081249 ], [ -60.152859, -0.089013 ], [ -60.179532, -0.085183 ], [ -60.203049, -0.10057 ], [ -60.216616, -0.115838 ], [ -60.224696, -0.119184 ], [ -60.229998, -0.110013 ], [ -60.221704, -0.082712 ], [ -60.205746, -0.061188 ], [ -60.20277, -0.033246 ], [ -60.181158, -0.00958 ], [ -60.184668, 0.0 ], [ -60.170506, 0.000551 ], [ -60.160206, 0.016623 ], [ -60.138059, 0.029112 ], [ -60.142717, 0.03776 ], [ -60.139922, 0.047775 ], [ -60.134137, 0.05439 ], [ -60.136047, 0.065818 ], [ -60.123016, 0.081398 ], [ -60.127469, 0.088612 ], [ -60.135764, 0.093322 ], [ -60.137437, 0.103038 ], [ -60.119942, 0.123878 ], [ -60.115765, 0.133579 ], [ -60.086323, 0.143023 ], [ -60.07274, 0.15026 ], [ -60.058576, 0.163343 ], [ -60.046324, 0.232478 ], [ -60.037462, 0.26389 ], [ -59.952401, 0.263891 ], [ -59.43305, 0.263884 ], [ -59.191775, 0.263874 ], [ -59.193243, 0.2469 ], [ -59.184634, 0.243013 ], [ -59.189357, 0.232798 ], [ -59.179633, 0.225836 ], [ -59.146018, 0.22141 ], [ -59.133798, 0.223313 ], [ -59.126575, 0.219427 ], [ -59.126292, 0.21138 ], [ -59.13741, 0.196641 ], [ -59.133241, 0.18968 ], [ -59.126298, 0.193025 ], [ -59.109632, 0.157493 ], [ -59.104628, 0.151351 ], [ -59.097126, 0.148636 ], [ -59.095183, 0.14023 ], [ -59.099072, 0.132725 ], [ -59.091848, 0.126668 ], [ -59.077403, 0.132726 ], [ -59.069075, 0.130827 ], [ -59.065183, 0.123053 ], [ -59.048521, 0.127487 ], [ -59.045183, 0.104157 ], [ -59.029623, 0.095297 ], [ -59.030458, 0.087159 ], [ -59.046014, 0.081645 ], [ -59.046293, 0.071066 ], [ -59.040462, 0.066093 ], [ -59.038242, 0.048011 ], [ -59.022125, 0.051085 ], [ -59.013518, 0.048916 ], [ -59.008516, 0.042224 ], [ -59.000735, 0.043037 ], [ -58.992686, 0.02613 ], [ -58.994069, 0.017451 ], [ -58.981016, 0.00416 ], [ -58.971017, 0.016095 ], [ -58.944901, 0.00217 ], [ -58.912425, 0.000724 ], [ -58.900793, -0.006223 ], [ -58.900908, -0.016924 ], [ -58.898646, -0.037148 ], [ -58.90137, -0.047339 ], [ -58.911682, -0.04769 ], [ -58.91207, -0.05544 ], [ -58.901567, -0.064415 ], [ -58.893209, -0.086178 ], [ -58.885564, -0.093 ], [ -58.888593, -0.160428 ], [ -58.897007, -0.170077 ], [ -58.906707, -0.162515 ], [ -58.916291, -0.164739 ], [ -58.927233, -0.155448 ], [ -58.932567, -0.188991 ], [ -58.927844, -0.19822 ], [ -58.930515, -0.205797 ], [ -58.924121, -0.214124 ], [ -58.932424, -0.220304 ], [ -58.936902, -0.229574 ], [ -58.944179, -0.233337 ], [ -58.937931, -0.241728 ], [ -58.944623, -0.264484 ], [ -58.935068, -0.274041 ], [ -58.89518, -0.293737 ], [ -58.915394, -0.318416 ], [ -58.910592, -0.326097 ], [ -58.942148, -0.354626 ], [ -58.957873, -0.378279 ], [ -58.945617, -0.388738 ], [ -58.948378, -0.405135 ], [ -58.940985, -0.409797 ], [ -58.933121, -0.431457 ], [ -58.917562, -0.447756 ], [ -58.906507, -0.45517 ], [ -58.895179, -0.452908 ], [ -58.880871, -0.457063 ], [ -58.847341, -0.481408 ], [ -58.853036, -0.490993 ], [ -58.852531, -0.500131 ], [ -58.84327, -0.4981 ], [ -58.839259, -0.508979 ], [ -58.841648, -0.521847 ], [ -58.83476, -0.547348 ], [ -58.820677, -0.563004 ], [ -58.817309, -0.585167 ], [ -58.809198, -0.596757 ], [ -58.80195, -0.600682 ], [ -58.800806, -0.608165 ], [ -58.787838, -0.621342 ], [ -58.784117, -0.631042 ], [ -58.774278, -0.638208 ], [ -58.771169, -0.646151 ], [ -58.752471, -0.664032 ], [ -58.755388, -0.688743 ], [ -58.742112, -0.701464 ], [ -58.748757, -0.705261 ], [ -58.760507, -0.704574 ], [ -58.770649, -0.720879 ], [ -58.754835, -0.728625 ], [ -58.748866, -0.750966 ], [ -58.738584, -0.771663 ], [ -58.743064, -0.791747 ], [ -58.722394, -0.811402 ], [ -58.733088, -0.813191 ], [ -58.738083, -0.819866 ], [ -58.74706, -0.822126 ], [ -58.741222, -0.830126 ], [ -58.716309, -0.831914 ], [ -58.706444, -0.845628 ], [ -58.697447, -0.851903 ], [ -58.695194, -0.860782 ], [ -58.678643, -0.873251 ], [ -58.671718, -0.897615 ], [ -58.666724, -0.904209 ], [ -58.635721, -0.905522 ], [ -58.62275, -0.928608 ], [ -58.599835, -0.938987 ], [ -58.607888, -0.969401 ], [ -58.617249, -0.988185 ], [ -58.607467, -0.997113 ], [ -58.57745, -1.006275 ], [ -58.563483, -1.000231 ], [ -58.56318, -1.000043 ], [ -58.549862, -0.991731 ], [ -58.534438, -1.008142 ], [ -58.538692, -1.018694 ], [ -58.526936, -1.0285 ], [ -58.517961, -1.048169 ], [ -58.519606, -1.060925 ], [ -58.515689, -1.068314 ], [ -58.524523, -1.074954 ], [ -58.51603, -1.106638 ], [ -58.522124, -1.112175 ], [ -58.514296, -1.132817 ], [ -58.506016, -1.1407 ], [ -58.502046, -1.166259 ], [ -58.48335, -1.172293 ], [ -58.470034, -1.172676 ], [ -58.453268, -1.174145 ], [ -58.439992, -1.164321 ], [ -58.433232, -1.169639 ], [ -58.434489, -1.185328 ], [ -58.424185, -1.187023 ], [ -58.417991, -1.173235 ], [ -58.404846, -1.173921 ], [ -58.397568, -1.168841 ], [ -58.385957, -1.173331 ], [ -58.386179, -1.183395 ], [ -58.377209, -1.193273 ], [ -58.368403, -1.192404 ], [ -58.364038, -1.198796 ], [ -58.363457, -1.207443 ], [ -58.369899, -1.212132 ], [ -58.364398, -1.227291 ], [ -58.365345, -1.241781 ], [ -58.372461, -1.250678 ], [ -58.370902, -1.259448 ], [ -58.375565, -1.269601 ], [ -58.368343, -1.277027 ], [ -58.360318, -1.275706 ], [ -58.357429, -1.283286 ], [ -58.363323, -1.288829 ], [ -58.354191, -1.300496 ], [ -58.348562, -1.321598 ], [ -58.341125, -1.317762 ], [ -58.333398, -1.319453 ], [ -58.320959, -1.34863 ], [ -58.304704, -1.353935 ], [ -58.295035, -1.363765 ], [ -58.283146, -1.364166 ], [ -58.278361, -1.372502 ], [ -58.279261, -1.387386 ], [ -58.294871, -1.413412 ], [ -58.284811, -1.424156 ], [ -58.290478, -1.437392 ], [ -58.265093, -1.457689 ], [ -58.2669, -1.470815 ], [ -58.27384, -1.477889 ], [ -58.273262, -1.486091 ], [ -58.269536, -1.49674 ], [ -58.250064, -1.526236 ], [ -58.250924, -1.542837 ], [ -58.235786, -1.539782 ], [ -58.226229, -1.556497 ], [ -58.194422, -1.555226 ], [ -58.186034, -1.558787 ], [ -58.1755, -1.575622 ], [ -58.159504, -1.589914 ], [ -58.152809, -1.607292 ], [ -58.139718, -1.618332 ], [ -58.12825, -1.613386 ], [ -58.106499, -1.617129 ], [ -58.091964, -1.628802 ], [ -58.088353, -1.643885 ], [ -58.068999, -1.653767 ], [ -58.051637, -1.654534 ], [ -58.048526, -1.663363 ], [ -58.052469, -1.675117 ], [ -58.035664, -1.688784 ], [ -58.019215, -1.693185 ], [ -58.013547, -1.707263 ], [ -58.016356, -1.718345 ], [ -58.007214, -1.747106 ], [ -58.008935, -1.761601 ], [ -58.005522, -1.783288 ], [ -57.994456, -1.795853 ], [ -57.992825, -1.805194 ], [ -57.997465, -1.81916 ], [ -57.99479, -1.829642 ], [ -57.975015, -1.836268 ], [ -57.979597, -1.84734 ], [ -57.979319, -1.86384 ], [ -57.985799, -1.87183 ], [ -57.986464, -1.894861 ], [ -57.975221, -1.913532 ], [ -57.959241, -1.923081 ], [ -57.956016, -1.932717 ], [ -57.950546, -1.961918 ], [ -57.950602, -1.984328 ], [ -57.960904, -2.000347 ], [ -57.957568, -2.007717 ], [ -57.948383, -2.007901 ], [ -57.946629, -2.015386 ], [ -57.950709, -2.02256 ], [ -57.947429, -2.029901 ], [ -57.940022, -2.035583 ], [ -57.931937, -2.031526 ], [ -57.922596, -2.03568 ], [ -57.911121, -2.04891 ], [ -57.907485, -2.058087 ], [ -57.87359, -2.048965 ], [ -57.866207, -2.061933 ], [ -57.859485, -2.066396 ], [ -57.860514, -2.075923 ], [ -57.856646, -2.082609 ], [ -57.841005, -2.090273 ], [ -57.830343, -2.086077 ], [ -57.820032, -2.101171 ], [ -57.823923, -2.108643 ], [ -57.822364, -2.124485 ], [ -57.816346, -2.130543 ], [ -57.80531, -2.153485 ], [ -57.771167, -2.19415 ], [ -57.75239, -2.209423 ], [ -57.729894, -2.204932 ], [ -57.725891, -2.211484 ], [ -57.717026, -2.21473 ], [ -57.713308, -2.224042 ], [ -57.681226, -2.233582 ], [ -57.660204, -2.243443 ], [ -57.657749, -2.245933 ], [ -57.657048, -2.268356 ], [ -57.650858, -2.277061 ], [ -57.630271, -2.273523 ], [ -57.622939, -2.276066 ], [ -57.613689, -2.265349 ], [ -57.605827, -2.274766 ], [ -57.597463, -2.270409 ], [ -57.586513, -2.282542 ], [ -57.57047, -2.288138 ], [ -57.560185, -2.286822 ], [ -57.548709, -2.300335 ], [ -57.552211, -2.316789 ], [ -57.542488, -2.315578 ], [ -57.52671, -2.31968 ], [ -57.514072, -2.331807 ], [ -57.512595, -2.342094 ], [ -57.507567, -2.347964 ], [ -57.495874, -2.345428 ], [ -57.48412, -2.33413 ], [ -57.476931, -2.331693 ], [ -57.46795, -2.336427 ], [ -57.459955, -2.33588 ], [ -57.453233, -2.329794 ], [ -57.442094, -2.341574 ], [ -57.42431, -2.341101 ], [ -57.412631, -2.369062 ], [ -57.405663, -2.380365 ], [ -57.36264, -2.404883 ], [ -57.342002, -2.422045 ], [ -57.332383, -2.434862 ], [ -57.328495, -2.45503 ], [ -57.288839, -2.488605 ], [ -57.31526, -2.507232 ], [ -57.42852, -2.589457 ], [ -57.448283, -2.603801 ], [ -57.437815, -2.607115 ], [ -57.438978, -2.62076 ], [ -57.431421, -2.642998 ], [ -57.441796, -2.653417 ], [ -57.450707, -2.673857 ], [ -57.457815, -2.677773 ], [ -57.457589, -2.69376 ], [ -57.455063, -2.694703 ], [ -57.449394, -2.696817 ], [ -57.441371, -2.692679 ], [ -57.428065, -2.709778 ], [ -57.420173, -2.705385 ], [ -57.417197, -2.731331 ], [ -57.424867, -2.739856 ], [ -57.456756, -2.745625 ], [ -57.479233, -2.764057 ], [ -57.491118, -2.778457 ], [ -57.493232, -2.799828 ], [ -57.499399, -2.810469 ], [ -57.507678, -2.808766 ], [ -57.516899, -2.812032 ], [ -57.539286, -2.833195 ], [ -57.545544, -2.82608 ], [ -57.554237, -2.824547 ], [ -57.569488, -2.832072 ], [ -57.576789, -2.83753 ], [ -57.595414, -2.874401 ], [ -57.600879, -2.889337 ], [ -57.607424, -2.896047 ], [ -57.625773, -2.908076 ], [ -57.647075, -2.941807 ], [ -57.676163, -2.941288 ], [ -57.699691, -2.952772 ], [ -57.713583, -2.964819 ], [ -57.72981, -2.962012 ], [ -57.731976, -2.953034 ], [ -57.74158, -2.954373 ], [ -57.754915, -2.975047 ], [ -57.756699, -2.983382 ], [ -57.764888, -2.989435 ], [ -57.781425, -2.99474 ], [ -57.789397, -2.988151 ], [ -57.797491, -2.972894 ], [ -57.819564, -2.955262 ], [ -57.835, -2.963259 ], [ -57.869642, -2.965602 ], [ -57.877282, -2.963671 ], [ -57.888052, -2.954338 ], [ -57.890456, -2.952254 ], [ -57.943829, -3.047337 ], [ -57.944496, -3.04852 ], [ -57.992378, -3.133468 ], [ -58.012653, -3.148738 ], [ -58.020466, -3.174878 ], [ -58.041495, -3.201303 ], [ -58.042574, -3.21021 ], [ -58.065356, -3.214766 ], [ -58.064321, -3.275391 ], [ -58.0708, -3.282286 ] ] ] } },
{ "type": "Feature", "properties": { "HREG_ID": "13005", "HREG_NAME": "Baixo Amazonas", "id": "130050", "name": "Barreirinha", "description": "Barreirinha", "MUN_ID": "130050", "UF": "AM", "MACRO_ID": "1303", "MACRO_NAME": "Leste" }, "geometry": { "type": "Polygon", "coordinates": [ [ [ -56.955137, -3.657221 ], [ -56.955594, -3.65826 ], [ -56.999999, -3.758762 ], [ -57.130288, -4.035269 ], [ -57.210198, -4.205176 ], [ -57.213057, -4.211255 ], [ -57.248994, -4.287605 ], [ -57.2518, -4.293635 ], [ -57.349704, -4.50164 ], [ -57.476181, -4.770035 ], [ -57.659418, -5.162772 ], [ -57.703459, -5.258899 ], [ -57.860138, -5.600347 ], [ -57.873469, -5.629465 ], [ -58.033132, -5.977739 ], [ -58.254756, -6.453736 ], [ -58.266223, -6.475179 ], [ -58.292609, -6.493501 ], [ -58.319496, -6.494614 ], [ -58.325135, -6.498911 ], [ -58.331808, -6.532618 ], [ -58.349386, -6.562019 ], [ -58.380117, -6.580128 ], [ -58.421276, -6.610333 ], [ -58.449153, -6.653233 ], [ -58.464694, -6.669659 ], [ -58.47797, -6.699231 ], [ -58.479627, -6.784824 ], [ -58.470161, -6.803248 ], [ -58.462385, -6.836896 ], [ -58.434055, -6.908423 ], [ -58.406504, -6.940047 ], [ -58.393636, -6.949715 ], [ -58.386056, -6.964933 ], [ -58.379749, -6.97012 ], [ -58.355108, -6.971275 ], [ -58.334921, -6.985988 ], [ -58.287755, -7.061289 ], [ -58.268077, -7.079135 ], [ -58.252335, -7.083039 ], [ -58.23942, -7.095126 ], [ -58.222277, -7.123889 ], [ -58.208248, -7.135968 ], [ -58.18179, -7.179422 ], [ -58.167585, -7.230949 ], [ -58.174311, -7.271043 ], [ -58.16951, -7.312837 ], [ -58.146872, -7.342855 ], [ -58.499843, -7.349739 ], [ -58.539512, -7.34221 ], [ -58.546056, -7.326638 ], [ -58.562984, -7.310233 ], [ -58.573535, -7.287227 ], [ -58.564618, -7.283134 ], [ -58.558953, -7.278125 ], [ -58.55587, -7.268881 ], [ -58.541675, -7.259448 ], [ -58.529227, -7.23725 ], [ -58.530919, -7.228056 ], [ -58.537091, -7.221314 ], [ -58.546113, -7.218059 ], [ -58.563423, -7.198544 ], [ -58.5285, -7.186079 ], [ -58.525958, -7.178773 ], [ -58.537373, -7.164867 ], [ -58.5359, -7.155245 ], [ -58.524864, -7.129703 ], [ -58.517564, -7.127512 ], [ -58.505817, -7.11395 ], [ -58.492421, -7.06766 ], [ -58.493487, -7.060264 ], [ -58.496167, -7.051682 ], [ -58.506616, -7.048135 ], [ -58.51398, -7.053395 ], [ -58.522646, -7.054638 ], [ -58.53167, -7.051675 ], [ -58.53445, -7.042496 ], [ -58.541319, -7.035758 ], [ -58.550618, -7.035985 ], [ -58.559373, -7.031654 ], [ -58.566957, -7.032537 ], [ -58.574229, -7.049447 ], [ -58.581977, -7.044766 ], [ -58.582644, -7.035394 ], [ -58.591426, -7.0384 ], [ -58.601098, -7.036917 ], [ -58.611136, -7.017573 ], [ -58.616563, -7.005324 ], [ -58.623899, -7.00308 ], [ -58.633089, -7.006432 ], [ -58.650322, -6.977734 ], [ -58.651821, -6.961548 ], [ -58.675072, -6.928015 ], [ -58.681048, -6.922965 ], [ -58.697795, -6.920888 ], [ -58.732521, -6.898231 ], [ -58.7361, -6.890669 ], [ -58.743461, -6.886514 ], [ -58.751102, -6.856724 ], [ -58.767301, -6.857915 ], [ -58.769251, -6.850003 ], [ -58.784522, -6.831882 ], [ -58.788333, -6.791929 ], [ -58.793606, -6.776367 ], [ -58.811441, -6.758573 ], [ -58.832224, -6.744382 ], [ -58.83733, -6.728354 ], [ -58.85833, -6.705088 ], [ -58.860728, -6.697682 ], [ -58.860945, -6.697012 ], [ -58.868087, -6.667316 ], [ -58.863998, -6.627824 ], [ -58.872449, -6.605188 ], [ -58.874163, -6.589112 ], [ -58.869614, -6.582608 ], [ -58.8705, -6.566739 ], [ -58.866004, -6.559896 ], [ -58.866366, -6.543081 ], [ -58.854665, -6.513231 ], [ -58.848635, -6.507772 ], [ -58.835439, -6.470491 ], [ -58.833054, -6.446959 ], [ -58.836555, -6.422341 ], [ -58.847607, -6.400899 ], [ -58.846078, -6.393127 ], [ -58.854779, -6.381098 ], [ -58.853415, -6.373486 ], [ -58.864909, -6.362754 ], [ -58.867332, -6.355034 ], [ -58.887585, -6.344133 ], [ -58.894976, -6.33033 ], [ -58.907508, -6.320202 ], [ -58.917501, -6.290408 ], [ -58.917114, -6.274292 ], [ -58.906138, -6.247615 ], [ -58.899528, -6.252058 ], [ -58.890749, -6.238928 ], [ -58.872722, -6.222515 ], [ -58.851468, -6.213786 ], [ -58.845074, -6.205584 ], [ -58.843496, -6.184014 ], [ -58.829222, -6.140453 ], [ -58.827499, -6.124737 ], [ -58.820438, -6.120302 ], [ -58.81905, -6.112357 ], [ -58.808855, -6.100942 ], [ -58.807023, -6.084932 ], [ -58.802554, -6.078259 ], [ -58.81486, -6.069075 ], [ -58.805219, -6.053855 ], [ -58.804775, -6.048295 ], [ -58.818386, -6.024571 ], [ -58.826914, -6.017646 ], [ -58.834448, -6.000216 ], [ -58.827588, -5.987317 ], [ -58.830947, -5.977032 ], [ -58.820306, -5.975088 ], [ -58.82747, -5.968709 ], [ -58.826161, -5.937 ], [ -58.814188, -5.92491 ], [ -58.818886, -5.90946 ], [ -58.811271, -5.905136 ], [ -58.826475, -5.888848 ], [ -58.824249, -5.865444 ], [ -58.816111, -5.841938 ], [ -58.829551, -5.815907 ], [ -58.825472, -5.806884 ], [ -58.832447, -5.79976 ], [ -58.823056, -5.79554 ], [ -58.815359, -5.780295 ], [ -58.827025, -5.765345 ], [ -58.814165, -5.734985 ], [ -58.822331, -5.718073 ], [ -58.832388, -5.715016 ], [ -58.836349, -5.703353 ], [ -58.834307, -5.675584 ], [ -58.846695, -5.671685 ], [ -58.831946, -5.652173 ], [ -58.831031, -5.630084 ], [ -58.824835, -5.6091 ], [ -58.81825, -5.601998 ], [ -58.826887, -5.592042 ], [ -58.824335, -5.58434 ], [ -58.834557, -5.57274 ], [ -58.835253, -5.562903 ], [ -58.841636, -5.555318 ], [ -58.852173, -5.556862 ], [ -58.850581, -5.543486 ], [ -58.854175, -5.532407 ], [ -58.853865, -5.513288 ], [ -58.846303, -5.508851 ], [ -58.838088, -5.508792 ], [ -58.834748, -5.499546 ], [ -58.839167, -5.491445 ], [ -58.831279, -5.463438 ], [ -58.835389, -5.447139 ], [ -58.811995, -5.415027 ], [ -58.815221, -5.401925 ], [ -58.807528, -5.399074 ], [ -58.811169, -5.391476 ], [ -58.803971, -5.371165 ], [ -58.814332, -5.372726 ], [ -58.804864, -5.349035 ], [ -58.810047, -5.341955 ], [ -58.803199, -5.337069 ], [ -58.779273, -5.34094 ], [ -58.776688, -5.331023 ], [ -58.746077, -5.330069 ], [ -58.737608, -5.324796 ], [ -58.718103, -5.315248 ], [ -58.723662, -5.307428 ], [ -58.730858, -5.304461 ], [ -58.74122, -5.307267 ], [ -58.741299, -5.296395 ], [ -58.736136, -5.290218 ], [ -58.725379, -5.288658 ], [ -58.715859, -5.28233 ], [ -58.723884, -5.265135 ], [ -58.709388, -5.265436 ], [ -58.704665, -5.260534 ], [ -58.699886, -5.255574 ], [ -58.700857, -5.247672 ], [ -58.70719, -5.240773 ], [ -58.70055, -5.236632 ], [ -58.693829, -5.241647 ], [ -58.684077, -5.219998 ], [ -58.67641, -5.226267 ], [ -58.652713, -5.230018 ], [ -58.650323, -5.222835 ], [ -58.652464, -5.203665 ], [ -58.631266, -5.21478 ], [ -58.622605, -5.214548 ], [ -58.630014, -5.199008 ], [ -58.631878, -5.18366 ], [ -58.613929, -5.186368 ], [ -58.59542, -5.178564 ], [ -58.585239, -5.179438 ], [ -58.580681, -5.169103 ], [ -58.580541, -5.158403 ], [ -58.563372, -5.152866 ], [ -58.565339, -5.146102 ], [ -58.577322, -5.130715 ], [ -58.549848, -5.124365 ], [ -58.544796, -5.133263 ], [ -58.544154, -5.143102 ], [ -58.529294, -5.125917 ], [ -58.52129, -5.127902 ], [ -58.51746, -5.134708 ], [ -58.508262, -5.131222 ], [ -58.513651, -5.121473 ], [ -58.511959, -5.109331 ], [ -58.495208, -5.100017 ], [ -58.495539, -5.089027 ], [ -58.482426, -5.083933 ], [ -58.471793, -5.08791 ], [ -58.472118, -5.076521 ], [ -58.467212, -5.069729 ], [ -58.436533, -5.070264 ], [ -58.448595, -5.041924 ], [ -58.442485, -5.034671 ], [ -58.429649, -5.036723 ], [ -58.428004, -5.026808 ], [ -58.420425, -5.019565 ], [ -58.409479, -5.015768 ], [ -58.408318, -5.000051 ], [ -58.411873, -4.989757 ], [ -58.403476, -4.982662 ], [ -58.402373, -4.973849 ], [ -58.398318, -4.963652 ], [ -58.376339, -4.957596 ], [ -58.376091, -4.948624 ], [ -58.385199, -4.937941 ], [ -58.384865, -4.929656 ], [ -58.392899, -4.918648 ], [ -58.381508, -4.91948 ], [ -58.363086, -4.913821 ], [ -58.359334, -4.8957 ], [ -58.34867, -4.900333 ], [ -58.343499, -4.894154 ], [ -58.347449, -4.877462 ], [ -58.356194, -4.873205 ], [ -58.361404, -4.860856 ], [ -58.364201, -4.850791 ], [ -58.354568, -4.855516 ], [ -58.34792, -4.848281 ], [ -58.335807, -4.846057 ], [ -58.325946, -4.839655 ], [ -58.325583, -4.81189 ], [ -58.317168, -4.811267 ], [ -58.314668, -4.826632 ], [ -58.304113, -4.814046 ], [ -58.304807, -4.803878 ], [ -58.295855, -4.763037 ], [ -58.295692, -4.74603 ], [ -58.290615, -4.738431 ], [ -58.283031, -4.733418 ], [ -58.272447, -4.734863 ], [ -58.268885, -4.721338 ], [ -58.279359, -4.719957 ], [ -58.279808, -4.710556 ], [ -58.27003, -4.709462 ], [ -58.266556, -4.674527 ], [ -58.270138, -4.656026 ], [ -58.25042, -4.635619 ], [ -58.25537, -4.623618 ], [ -58.262809, -4.613547 ], [ -58.255695, -4.599729 ], [ -58.226133, -4.601181 ], [ -58.220166, -4.596549 ], [ -58.218353, -4.588631 ], [ -58.232, -4.579765 ], [ -58.232639, -4.56266 ], [ -58.227975, -4.547905 ], [ -58.213253, -4.543951 ], [ -58.206444, -4.553805 ], [ -58.201305, -4.54422 ], [ -58.211583, -4.523588 ], [ -58.21053, -4.512641 ], [ -58.202774, -4.512635 ], [ -58.198911, -4.501038 ], [ -58.192296, -4.496415 ], [ -58.177524, -4.496038 ], [ -58.173584, -4.487176 ], [ -58.174192, -4.477285 ], [ -58.182332, -4.471503 ], [ -58.183076, -4.459792 ], [ -58.152777, -4.444171 ], [ -58.149552, -4.434843 ], [ -58.125851, -4.430889 ], [ -58.115711, -4.423864 ], [ -58.114516, -4.414743 ], [ -58.105448, -4.419106 ], [ -58.118861, -4.370411 ], [ -58.15322, -4.245677 ], [ -58.161798, -4.227325 ], [ -58.183111, -4.217235 ], [ -58.198215, -4.22215 ], [ -58.204805, -4.216388 ], [ -58.218858, -4.231364 ], [ -58.227279, -4.22717 ], [ -58.237442, -4.233112 ], [ -58.246802, -4.229815 ], [ -58.257281, -4.210256 ], [ -58.257027, -4.201628 ], [ -58.266365, -4.197709 ], [ -58.269413, -4.188237 ], [ -58.26986, -4.181311 ], [ -58.280337, -4.160168 ], [ -58.289311, -4.160507 ], [ -58.319002, -4.142977 ], [ -58.318954, -4.134004 ], [ -58.311365, -4.131321 ], [ -58.309946, -4.110443 ], [ -58.317113, -4.106779 ], [ -58.322981, -4.097331 ], [ -58.331725, -4.093814 ], [ -58.338621, -4.07271 ], [ -58.345288, -4.066668 ], [ -58.347338, -4.056252 ], [ -58.355173, -4.056263 ], [ -58.384709, -4.013333 ], [ -58.402871, -3.999836 ], [ -58.417987, -3.998872 ], [ -58.416678, -3.98989 ], [ -58.421929, -3.983172 ], [ -58.43079, -3.987071 ], [ -58.434263, -3.982689 ], [ -58.430906, -3.974529 ], [ -58.433765, -3.965011 ], [ -58.455402, -3.959909 ], [ -58.465008, -3.942888 ], [ -58.460681, -3.934893 ], [ -58.467456, -3.930558 ], [ -58.463837, -3.926494 ], [ -58.4419, -3.911698 ], [ -58.431679, -3.914933 ], [ -58.417041, -3.908706 ], [ -58.403036, -3.894471 ], [ -58.394428, -3.895985 ], [ -58.365674, -3.886747 ], [ -58.345206, -3.886474 ], [ -58.345141, -3.880576 ], [ -58.324175, -3.862547 ], [ -58.320419, -3.855046 ], [ -58.32026, -3.843189 ], [ -58.30273, -3.824527 ], [ -58.293001, -3.825948 ], [ -58.289248, -3.814952 ], [ -58.288808, -3.790173 ], [ -58.292284, -3.780967 ], [ -58.30461, -3.768516 ], [ -58.301479, -3.761596 ], [ -58.30748, -3.755081 ], [ -58.308987, -3.745909 ], [ -58.296532, -3.693874 ], [ -58.260916, -3.687479 ], [ -58.22252, -3.694055 ], [ -58.215247, -3.695299 ], [ -58.206135, -3.690843 ], [ -58.198944, -3.675984 ], [ -58.201751, -3.666033 ], [ -58.228194, -3.651477 ], [ -58.230534, -3.628269 ], [ -58.227001, -3.615367 ], [ -58.229615, -3.614153 ], [ -58.232893, -3.612631 ], [ -58.249223, -3.606934 ], [ -58.258175, -3.602614 ], [ -58.276338, -3.600546 ], [ -58.284427, -3.591615 ], [ -58.302701, -3.596039 ], [ -58.341175, -3.581293 ], [ -58.347868, -3.582271 ], [ -58.349118, -3.582453 ], [ -58.35712, -3.576491 ], [ -58.362367, -3.582366 ], [ -58.383259, -3.561514 ], [ -58.385171, -3.552841 ], [ -58.377899, -3.531656 ], [ -58.371257, -3.527702 ], [ -58.364339, -3.514957 ], [ -58.370037, -3.509781 ], [ -58.368892, -3.499961 ], [ -58.248163, -3.49756 ], [ -58.181394, -3.496227 ], [ -58.182586, -3.460588 ], [ -58.174744, -3.44602 ], [ -58.179191, -3.437971 ], [ -58.173474, -3.414248 ], [ -58.176611, -3.367384 ], [ -58.1673, -3.353462 ], [ -58.143567, -3.344293 ], [ -58.122828, -3.342887 ], [ -58.116358, -3.348915 ], [ -58.107658, -3.347894 ], [ -58.096687, -3.336856 ], [ -58.087329, -3.334522 ], [ -58.091186, -3.325212 ], [ -58.088164, -3.314691 ], [ -58.079243, -3.315891 ], [ -58.069978, -3.306 ], [ -58.073487, -3.291882 ], [ -58.0708, -3.282286 ], [ -58.064321, -3.275391 ], [ -58.065356, -3.214766 ], [ -58.042574, -3.21021 ], [ -58.041495, -3.201303 ], [ -58.020466, -3.174878 ], [ -58.012653, -3.148738 ], [ -57.992378, -3.133468 ], [ -57.944496, -3.04852 ], [ -57.943829, -3.047337 ], [ -57.890456, -2.952254 ], [ -57.888052, -2.954338 ], [ -57.877282, -2.963671 ], [ -57.869642, -2.965602 ], [ -57.835, -2.963259 ], [ -57.819564, -2.955262 ], [ -57.797491, -2.972894 ], [ -57.789397, -2.988151 ], [ -57.781425, -2.99474 ], [ -57.764888, -2.989435 ], [ -57.756699, -2.983382 ], [ -57.754915, -2.975047 ], [ -57.74158, -2.954373 ], [ -57.731976, -2.953034 ], [ -57.72981, -2.962012 ], [ -57.713583, -2.964819 ], [ -57.699691, -2.952772 ], [ -57.676163, -2.941288 ], [ -57.647075, -2.941807 ], [ -57.625773, -2.908076 ], [ -57.607424, -2.896047 ], [ -57.600879, -2.889337 ], [ -57.595414, -2.874401 ], [ -57.576789, -2.83753 ], [ -57.569488, -2.832072 ], [ -57.554237, -2.824547 ], [ -57.545544, -2.82608 ], [ -57.539286, -2.833195 ], [ -57.516899, -2.812032 ], [ -57.507678, -2.808766 ], [ -57.499399, -2.810469 ], [ -57.493232, -2.799828 ], [ -57.491118, -2.778457 ], [ -57.479233, -2.764057 ], [ -57.456756, -2.745625 ], [ -57.424867, -2.739856 ], [ -57.417197, -2.731331 ], [ -57.420173, -2.705385 ], [ -57.428065, -2.709778 ], [ -57.441371, -2.692679 ], [ -57.449394, -2.696817 ], [ -57.455063, -2.694703 ], [ -57.457589, -2.69376 ], [ -57.457815, -2.677773 ], [ -57.450707, -2.673857 ], [ -57.441796, -2.653417 ], [ -57.431421, -2.642998 ], [ -57.438978, -2.62076 ], [ -57.437815, -2.607115 ], [ -57.448283, -2.603801 ], [ -57.42852, -2.589457 ], [ -57.31526, -2.507232 ], [ -57.288839, -2.488605 ], [ -57.328495, -2.45503 ], [ -57.332383, -2.434862 ], [ -57.342002, -2.422045 ], [ -57.36264, -2.404883 ], [ -57.405663, -2.380365 ], [ -57.412631, -2.369062 ], [ -57.42431, -2.341101 ], [ -57.442094, -2.341574 ], [ -57.453233, -2.329794 ], [ -57.459955, -2.33588 ], [ -57.46795, -2.336427 ], [ -57.476931, -2.331693 ], [ -57.48412, -2.33413 ], [ -57.495874, -2.345428 ], [ -57.507567, -2.347964 ], [ -57.512595, -2.342094 ], [ -57.514072, -2.331807 ], [ -57.52671, -2.31968 ], [ -57.542488, -2.315578 ], [ -57.552211, -2.316789 ], [ -57.548709, -2.300335 ], [ -57.560185, -2.286822 ], [ -57.57047, -2.288138 ], [ -57.586513, -2.282542 ], [ -57.597463, -2.270409 ], [ -57.605827, -2.274766 ], [ -57.613689, -2.265349 ], [ -57.622939, -2.276066 ], [ -57.630271, -2.273523 ], [ -57.650858, -2.277061 ], [ -57.657048, -2.268356 ], [ -57.657749, -2.245933 ], [ -57.660204, -2.243443 ], [ -57.681226, -2.233582 ], [ -57.713308, -2.224042 ], [ -57.717026, -2.21473 ], [ -57.725891, -2.211484 ], [ -57.729894, -2.204932 ], [ -57.75239, -2.209423 ], [ -57.771167, -2.19415 ], [ -57.80531, -2.153485 ], [ -57.816346, -2.130543 ], [ -57.822364, -2.124485 ], [ -57.823923, -2.108643 ], [ -57.820032, -2.101171 ], [ -57.830343, -2.086077 ], [ -57.841005, -2.090273 ], [ -57.856646, -2.082609 ], [ -57.860514, -2.075923 ], [ -57.859485, -2.066396 ], [ -57.866207, -2.061933 ], [ -57.87359, -2.048965 ], [ -57.907485, -2.058087 ], [ -57.911121, -2.04891 ], [ -57.922596, -2.03568 ], [ -57.931937, -2.031526 ], [ -57.940022, -2.035583 ], [ -57.947429, -2.029901 ], [ -57.950709, -2.02256 ], [ -57.946629, -2.015386 ], [ -57.948383, -2.007901 ], [ -57.957568, -2.007717 ], [ -57.960904, -2.000347 ], [ -57.950602, -1.984328 ], [ -57.950546, -1.961918 ], [ -57.956016, -1.932717 ], [ -57.959241, -1.923081 ], [ -57.975221, -1.913532 ], [ -57.986464, -1.894861 ], [ -57.985799, -1.87183 ], [ -57.979319, -1.86384 ], [ -57.979597, -1.84734 ], [ -57.975015, -1.836268 ], [ -57.99479, -1.829642 ], [ -57.997465, -1.81916 ], [ -57.992825, -1.805194 ], [ -57.994456, -1.795853 ], [ -58.005522, -1.783288 ], [ -58.008935, -1.761601 ], [ -58.007214, -1.747106 ], [ -58.016356, -1.718345 ], [ -58.013547, -1.707263 ], [ -58.019215, -1.693185 ], [ -58.035664, -1.688784 ], [ -58.052469, -1.675117 ], [ -58.048526, -1.663363 ], [ -58.051637, -1.654534 ], [ -58.068999, -1.653767 ], [ -58.088353, -1.643885 ], [ -58.091964, -1.628802 ], [ -58.106499, -1.617129 ], [ -58.12825, -1.613386 ], [ -58.139718, -1.618332 ], [ -58.152809, -1.607292 ], [ -58.159504, -1.589914 ], [ -58.1755, -1.575622 ], [ -58.186034, -1.558787 ], [ -58.194422, -1.555226 ], [ -58.226229, -1.556497 ], [ -58.235786, -1.539782 ], [ -58.250924, -1.542837 ], [ -58.250064, -1.526236 ], [ -58.269536, -1.49674 ], [ -58.273262, -1.486091 ], [ -58.27384, -1.477889 ], [ -58.2669, -1.470815 ], [ -58.265093, -1.457689 ], [ -58.290478, -1.437392 ], [ -58.284811, -1.424156 ], [ -58.294871, -1.413412 ], [ -58.279261, -1.387386 ], [ -58.278361, -1.372502 ], [ -58.283146, -1.364166 ], [ -58.295035, -1.363765 ], [ -58.304704, -1.353935 ], [ -58.320959, -1.34863 ], [ -58.333398, -1.319453 ], [ -58.341125, -1.317762 ], [ -58.348562, -1.321598 ], [ -58.354191, -1.300496 ], [ -58.363323, -1.288829 ], [ -58.357429, -1.283286 ], [ -58.360318, -1.275706 ], [ -58.368343, -1.277027 ], [ -58.375565, -1.269601 ], [ -58.370902, -1.259448 ], [ -58.372461, -1.250678 ], [ -58.365345, -1.241781 ], [ -58.364398, -1.227291 ], [ -58.369899, -1.212132 ], [ -58.363457, -1.207443 ], [ -58.364038, -1.198796 ], [ -58.368403, -1.192404 ], [ -58.377209, -1.193273 ], [ -58.386179, -1.183395 ], [ -58.385957, -1.173331 ], [ -58.397568, -1.168841 ], [ -58.404846, -1.173921 ], [ -58.417991, -1.173235 ], [ -58.424185, -1.187023 ], [ -58.434489, -1.185328 ], [ -58.433232, -1.169639 ], [ -58.439992, -1.164321 ], [ -58.453268, -1.174145 ], [ -58.470034, -1.172676 ], [ -58.48335, -1.172293 ], [ -58.502046, -1.166259 ], [ -58.506016, -1.1407 ], [ -58.514296, -1.132817 ], [ -58.522124, -1.112175 ], [ -58.51603, -1.106638 ], [ -58.524523, -1.074954 ], [ -58.515689, -1.068314 ], [ -58.519606, -1.060925 ], [ -58.517961, -1.048169 ], [ -58.526936, -1.0285 ], [ -58.538692, -1.018694 ], [ -58.534438, -1.008142 ], [ -58.549862, -0.991731 ], [ -58.56318, -1.000043 ], [ -58.563483, -1.000231 ], [ -58.57745, -1.006275 ], [ -58.607467, -0.997113 ], [ -58.617249, -0.988185 ], [ -58.607888, -0.969401 ], [ -58.599835, -0.938987 ], [ -58.62275, -0.928608 ], [ -58.635721, -0.905522 ], [ -58.666724, -0.904209 ], [ -58.671718, -0.897615 ], [ -58.678643, -0.873251 ], [ -58.695194, -0.860782 ], [ -58.697447, -0.851903 ], [ -58.706444, -0.845628 ], [ -58.716309, -0.831914 ], [ -58.741222, -0.830126 ], [ -58.74706, -0.822126 ], [ -58.738083, -0.819866 ], [ -58.733088, -0.813191 ], [ -58.722394, -0.811402 ], [ -58.743064, -0.791747 ], [ -58.738584, -0.771663 ], [ -58.748866, -0.750966 ], [ -58.754835, -0.728625 ], [ -58.770649, -0.720879 ], [ -58.760507, -0.704574 ], [ -58.748757, -0.705261 ], [ -58.742112, -0.701464 ], [ -58.755388, -0.688743 ], [ -58.752471, -0.664032 ], [ -58.771169, -0.646151 ], [ -58.774278, -0.638208 ], [ -58.784117, -0.631042 ], [ -58.787838, -0.621342 ], [ -58.800806, -0.608165 ], [ -58.80195, -0.600682 ], [ -58.809198, -0.596757 ], [ -58.817309, -0.585167 ], [ -58.820677, -0.563004 ], [ -58.83476, -0.547348 ], [ -58.841648, -0.521847 ], [ -58.839259, -0.508979 ], [ -58.84327, -0.4981 ], [ -58.852531, -0.500131 ], [ -58.853036, -0.490993 ], [ -58.847341, -0.481408 ], [ -58.880871, -0.457063 ], [ -58.895179, -0.452908 ], [ -58.906507, -0.45517 ], [ -58.917562, -0.447756 ], [ -58.933121, -0.431457 ], [ -58.940985, -0.409797 ], [ -58.948378, -0.405135 ], [ -58.945617, -0.388738 ], [ -58.957873, -0.378279 ], [ -58.942148, -0.354626 ], [ -58.910592, -0.326097 ], [ -58.915394, -0.318416 ], [ -58.89518, -0.293737 ], [ -58.935068, -0.274041 ], [ -58.944623, -0.264484 ], [ -58.937931, -0.241728 ], [ -58.944179, -0.233337 ], [ -58.936902, -0.229574 ], [ -58.932424, -0.220304 ], [ -58.924121, -0.214124 ], [ -58.930515, -0.205797 ], [ -58.927844, -0.19822 ], [ -58.932567, -0.188991 ], [ -58.927233, -0.155448 ], [ -58.916291, -0.164739 ], [ -58.906707, -0.162515 ], [ -58.897007, -0.170077 ], [ -58.888593, -0.160428 ], [ -58.885564, -0.093 ], [ -58.893209, -0.086178 ], [ -58.901567, -0.064415 ], [ -58.91207, -0.05544 ], [ -58.911682, -0.04769 ], [ -58.90137, -0.047339 ], [ -58.898646, -0.037148 ], [ -58.900908, -0.016924 ], [ -58.900793, -0.006223 ], [ -58.912425, 0.000724 ], [ -58.944901, 0.00217 ], [ -58.971017, 0.016095 ], [ -58.981016, 0.00416 ], [ -58.994069, 0.017451 ], [ -58.992686, 0.02613 ], [ -59.000735, 0.043037 ], [ -59.008516, 0.042224 ], [ -59.013518, 0.048916 ], [ -59.022125, 0.051085 ], [ -59.038242, 0.048011 ], [ -59.040462, 0.066093 ], [ -59.046293, 0.071066 ], [ -59.046014, 0.081645 ], [ -59.030458, 0.087159 ], [ -59.029623, 0.095297 ], [ -59.045183, 0.104157 ], [ -59.048521, 0.127487 ], [ -59.065183, 0.123053 ], [ -59.069075, 0.130827 ], [ -59.077403, 0.132726 ], [ -59.091848, 0.126668 ], [ -59.099072, 0.132725 ], [ -59.095183, 0.14023 ], [ -59.097126, 0.148636 ], [ -59.104628, 0.151351 ], [ -59.109632, 0.157493 ], [ -59.126298, 0.193025 ], [ -59.133241, 0.18968 ], [ -59.13741, 0.196641 ], [ -59.126292, 0.21138 ], [ -59.126575, 0.219427 ], [ -59.133798, 0.223313 ], [ -59.146018, 0.22141 ], [ -59.179633, 0.225836 ], [ -59.189357, 0.232798 ], [ -59.184634, 0.243013 ], [ -59.193243, 0.2469 ], [ -59.191775, 0.263874 ], [ -58.894964, 0.263854 ], [ -58.894536, -0.010617 ], [ -58.897131, -0.016924 ], [ -58.886223, -0.033976 ], [ -58.886081, -0.058838 ], [ -58.880065, -0.064156 ], [ -58.871585, -0.064147 ], [ -58.863384, -0.077684 ], [ -58.866311, -0.137535 ], [ -58.862648, -0.144424 ], [ -58.862596, -0.160589 ], [ -58.880538, -0.196233 ], [ -58.878814, -0.22899 ], [ -58.871262, -0.26074 ], [ -58.864895, -0.265202 ], [ -58.865041, -0.273746 ], [ -58.870201, -0.280222 ], [ -58.874483, -0.295476 ], [ -58.87157, -0.342644 ], [ -58.846086, -0.364717 ], [ -58.823508, -0.373622 ], [ -58.817318, -0.379264 ], [ -58.801633, -0.381033 ], [ -58.797571, -0.38796 ], [ -58.79034, -0.385044 ], [ -58.781633, -0.389392 ], [ -58.765544, -0.408693 ], [ -58.743528, -0.417093 ], [ -58.736518, -0.432079 ], [ -58.729266, -0.434938 ], [ -58.724721, -0.441873 ], [ -58.734882, -0.471168 ], [ -58.722418, -0.501723 ], [ -58.716223, -0.506873 ], [ -58.710249, -0.521119 ], [ -58.70966, -0.53821 ], [ -58.71044, -0.546736 ], [ -58.721074, -0.558928 ], [ -58.728685, -0.561775 ], [ -58.731549, -0.576924 ], [ -58.727636, -0.583857 ], [ -58.726687, -0.60749 ], [ -58.7335, -0.61128 ], [ -58.731502, -0.627011 ], [ -58.718135, -0.637261 ], [ -58.716458, -0.645514 ], [ -58.709119, -0.648104 ], [ -58.703442, -0.671038 ], [ -58.704681, -0.678622 ], [ -58.683102, -0.686877 ], [ -58.666022, -0.704995 ], [ -58.663539, -0.712752 ], [ -58.656208, -0.715727 ], [ -58.636278, -0.717701 ], [ -58.631901, -0.722533 ], [ -58.613271, -0.755097 ], [ -58.599807, -0.764216 ], [ -58.592137, -0.764863 ], [ -58.590386, -0.773386 ], [ -58.570905, -0.785331 ], [ -58.567438, -0.792352 ], [ -58.56083, -0.796478 ], [ -58.560147, -0.804264 ], [ -58.520155, -0.827604 ], [ -58.518827, -0.835456 ], [ -58.51175, -0.839426 ], [ -58.507878, -0.832957 ], [ -58.500499, -0.836018 ], [ -58.491475, -0.83144 ], [ -58.493306, -0.845765 ], [ -58.48705, -0.859375 ], [ -58.479559, -0.859225 ], [ -58.475683, -0.867233 ], [ -58.467705, -0.872758 ], [ -58.466571, -0.863906 ], [ -58.458545, -0.863643 ], [ -58.435554, -0.883115 ], [ -58.433391, -0.891622 ], [ -58.45258, -0.897844 ], [ -58.448053, -0.906625 ], [ -58.450333, -0.925731 ], [ -58.429521, -0.9515 ], [ -58.42711, -0.962493 ], [ -58.414265, -0.966701 ], [ -58.414691, -0.974594 ], [ -58.410251, -0.980957 ], [ -58.422996, -0.991084 ], [ -58.424554, -0.999875 ], [ -58.418996, -1.009818 ], [ -58.429584, -1.026765 ], [ -58.411193, -1.043887 ], [ -58.405841, -1.038539 ], [ -58.399367, -1.043661 ], [ -58.392197, -1.039471 ], [ -58.38819, -1.05007 ], [ -58.367996, -1.065672 ], [ -58.362331, -1.093443 ], [ -58.355248, -1.096557 ], [ -58.360829, -1.104746 ], [ -58.351695, -1.111901 ], [ -58.343918, -1.108162 ], [ -58.335769, -1.123323 ], [ -58.319389, -1.134038 ], [ -58.32279, -1.142942 ], [ -58.27333, -1.138658 ], [ -58.267851, -1.131558 ], [ -58.254273, -1.132238 ], [ -58.24287, -1.156248 ], [ -58.214781, -1.165327 ], [ -58.194113, -1.199354 ], [ -58.180636, -1.205743 ], [ -58.162148, -1.229304 ], [ -58.155445, -1.225526 ], [ -58.12733, -1.189668 ], [ -58.118807, -1.186018 ], [ -58.123192, -1.164241 ], [ -58.093799, -1.160155 ], [ -58.081472, -1.147156 ], [ -58.083747, -1.136635 ], [ -58.081363, -1.126128 ], [ -58.04175, -1.102989 ], [ -58.032056, -1.100999 ], [ -58.017047, -1.105797 ], [ -58.009274, -1.118729 ], [ -58.015272, -1.128734 ], [ -58.006661, -1.145373 ], [ -57.978686, -1.15405 ], [ -57.97153, -1.162216 ], [ -57.970411, -1.173172 ], [ -57.978498, -1.19272 ], [ -57.964994, -1.205731 ], [ -57.963862, -1.222902 ], [ -57.974082, -1.232281 ], [ -57.990191, -1.291667 ], [ -57.99036, -1.312697 ], [ -57.997497, -1.320066 ], [ -58.000442, -1.329822 ], [ -57.995891, -1.343967 ], [ -57.98358, -1.355847 ], [ -57.970381, -1.358754 ], [ -57.976053, -1.365888 ], [ -57.976606, -1.374657 ], [ -57.955, -1.382704 ], [ -57.959857, -1.40122 ], [ -57.95125, -1.405515 ], [ -57.937066, -1.397962 ], [ -57.920184, -1.402517 ], [ -57.909999, -1.409876 ], [ -57.91803, -1.419453 ], [ -57.909864, -1.427709 ], [ -57.90354, -1.425675 ], [ -57.89372, -1.433178 ], [ -57.879371, -1.422911 ], [ -57.864055, -1.425046 ], [ -57.845827, -1.429156 ], [ -57.841298, -1.436035 ], [ -57.823545, -1.439403 ], [ -57.820653, -1.450169 ], [ -57.812188, -1.452034 ], [ -57.80936, -1.469781 ], [ -57.801162, -1.473883 ], [ -57.796805, -1.485398 ], [ -57.790777, -1.490284 ], [ -57.783373, -1.487734 ], [ -57.780609, -1.499585 ], [ -57.783197, -1.507651 ], [ -57.772832, -1.508446 ], [ -57.760607, -1.502 ], [ -57.750025, -1.506391 ], [ -57.744345, -1.501039 ], [ -57.729376, -1.509584 ], [ -57.712671, -1.503792 ], [ -57.711946, -1.535279 ], [ -57.704695, -1.546556 ], [ -57.702105, -1.561181 ], [ -57.70636, -1.575599 ], [ -57.693666, -1.575934 ], [ -57.678184, -1.593984 ], [ -57.656564, -1.580478 ], [ -57.653227, -1.588329 ], [ -57.629861, -1.583104 ], [ -57.621357, -1.585712 ], [ -57.610967, -1.582531 ], [ -57.609666, -1.574576 ], [ -57.602092, -1.569942 ], [ -57.589635, -1.579746 ], [ -57.595224, -1.589076 ], [ -57.592891, -1.59934 ], [ -57.585413, -1.595857 ], [ -57.563633, -1.604829 ], [ -57.552969, -1.604862 ], [ -57.545196, -1.61016 ], [ -57.538743, -1.623503 ], [ -57.52471, -1.626413 ], [ -57.528296, -1.652365 ], [ -57.506686, -1.640907 ], [ -57.501163, -1.652014 ], [ -57.49315, -1.656552 ], [ -57.480084, -1.655054 ], [ -57.481825, -1.664073 ], [ -57.474713, -1.677644 ], [ -57.438179, -1.66613 ], [ -57.434944, -1.675486 ], [ -57.43944, -1.688133 ], [ -57.427081, -1.691441 ], [ -57.411444, -1.672927 ], [ -57.402969, -1.675172 ], [ -57.403693, -1.683602 ], [ -57.397137, -1.691324 ], [ -57.3875, -1.694934 ], [ -57.390468, -1.70635 ], [ -57.400553, -1.712254 ], [ -57.392199, -1.72272 ], [ -57.372613, -1.713755 ], [ -57.352028, -1.732405 ], [ -57.343531, -1.722764 ], [ -57.346578, -1.713669 ], [ -57.327472, -1.715546 ], [ -57.30502, -1.729923 ], [ -57.297119, -1.711099 ], [ -57.273909, -1.709381 ], [ -57.272021, -1.718312 ], [ -57.263992, -1.716468 ], [ -57.258529, -1.70675 ], [ -57.261721, -1.696623 ], [ -57.253403, -1.69594 ], [ -57.24322, -1.703941 ], [ -57.248688, -1.712186 ], [ -57.244388, -1.72011 ], [ -57.230254, -1.725565 ], [ -57.221654, -1.723477 ], [ -57.215191, -1.715654 ], [ -57.203261, -1.710592 ], [ -57.200717, -1.723598 ], [ -57.193968, -1.727375 ], [ -57.187071, -1.721874 ], [ -57.178502, -1.729788 ], [ -57.164408, -1.720516 ], [ -57.161308, -1.728686 ], [ -57.171328, -1.749411 ], [ -57.160751, -1.755713 ], [ -57.162722, -1.768225 ], [ -57.148703, -1.76198 ], [ -57.128884, -1.763806 ], [ -57.115335, -1.791426 ], [ -57.097367, -1.774749 ], [ -57.084833, -1.781687 ], [ -57.083972, -1.793502 ], [ -57.078936, -1.800831 ], [ -57.070049, -1.802305 ], [ -57.063415, -1.808139 ], [ -57.059995, -1.815414 ], [ -57.07308, -1.831314 ], [ -57.067581, -1.852313 ], [ -57.055576, -1.864381 ], [ -57.03672, -1.911197 ], [ -57.026138, -1.914732 ], [ -56.987862, -1.906803 ], [ -56.97972, -1.923307 ], [ -56.965836, -1.934596 ], [ -56.961214, -1.9511 ], [ -56.952282, -1.959873 ], [ -56.944054, -1.963503 ], [ -56.92319, -1.963951 ], [ -56.88561, -1.983258 ], [ -56.874144, -1.994623 ], [ -56.858556, -2.015568 ], [ -56.849468, -2.019814 ], [ -56.816277, -2.022613 ], [ -56.79272, -2.020637 ], [ -56.766505, -2.00834 ], [ -56.747396, -2.011144 ], [ -56.733056, -2.022434 ], [ -56.726115, -2.030603 ], [ -56.720895, -2.058816 ], [ -56.726416, -2.081019 ], [ -56.732277, -2.091381 ], [ -56.750678, -2.109078 ], [ -56.768942, -2.140314 ], [ -56.768052, -2.165392 ], [ -56.760471, -2.173699 ], [ -56.742976, -2.178111 ], [ -56.727236, -2.176446 ], [ -56.707281, -2.183543 ], [ -56.702255, -2.200874 ], [ -56.678586, -2.212205 ], [ -56.657521, -2.210231 ], [ -56.63494, -2.20324 ], [ -56.623944, -2.204124 ], [ -56.612426, -2.209812 ], [ -56.60703, -2.204619 ], [ -56.599028, -2.17722 ], [ -56.597305, -2.174596 ], [ -56.588864, -2.17411 ], [ -56.579923, -2.179047 ], [ -56.569105, -2.1744 ], [ -56.556724, -2.162186 ], [ -56.540355, -2.153479 ], [ -56.526579, -2.138837 ], [ -56.518989, -2.137945 ], [ -56.507142, -2.143342 ], [ -56.477407, -2.170018 ], [ -56.470254, -2.166667 ], [ -56.45305, -2.153674 ], [ -56.436329, -2.157236 ], [ -56.426235, -2.167961 ], [ -56.413397, -2.175591 ], [ -56.39222, -2.158849 ], [ -56.374578, -2.138419 ], [ -56.369147, -2.13715 ], [ -56.3673, -2.136718 ], [ -56.350663, -2.148511 ], [ -56.343062, -2.149113 ], [ -56.320287, -2.142228 ], [ -56.316276, -2.139767 ], [ -56.307969, -2.120667 ], [ -56.299327, -2.118817 ], [ -56.298738, -2.105076 ], [ -56.296972, -2.100449 ], [ -56.280189, -2.092711 ], [ -56.255668, -2.087958 ], [ -56.227893, -2.055862 ], [ -56.207158, -2.059622 ], [ -56.196585, -2.056565 ], [ -56.1935, -2.048525 ], [ -56.186219, -2.042463 ], [ -56.172045, -2.038829 ], [ -56.162268, -2.041601 ], [ -56.144602, -2.038848 ], [ -56.098167, -2.026587 ], [ -56.097075, -2.036775 ], [ -56.101933, -2.04766 ], [ -56.141442, -2.099855 ], [ -56.191589, -2.171087 ], [ -56.219813, -2.195484 ], [ -56.263014, -2.220697 ], [ -56.331153, -2.251003 ], [ -56.363721, -2.258927 ], [ -56.38383, -2.270116 ], [ -56.388764, -2.278164 ], [ -56.412272, -2.321356 ], [ -56.420348, -2.359832 ], [ -56.465109, -2.422755 ], [ -56.464, -2.431234 ], [ -56.456667, -2.435068 ], [ -56.454832, -2.435878 ], [ -56.436971, -2.439866 ], [ -56.424944, -2.448774 ], [ -56.407445, -2.449804 ], [ -56.401675, -2.456255 ], [ -56.432712, -2.516001 ], [ -56.461742, -2.578199 ], [ -56.487101, -2.632517 ], [ -56.535919, -2.738033 ], [ -56.536975, -2.740321 ], [ -56.558207, -2.786344 ], [ -56.575463, -2.823748 ], [ -56.647286, -2.980963 ], [ -56.723044, -3.146233 ], [ -56.762431, -3.231845 ], [ -56.767403, -3.242524 ], [ -56.809609, -3.332613 ], [ -56.831812, -3.381404 ], [ -56.83194, -3.381676 ], [ -56.88675, -3.49868 ], [ -56.913265, -3.561932 ], [ -56.955137, -3.657221 ] ] ] } },
{ "type": "Feature", "properties": { "HREG_ID": "13006", "HREG_NAME": "Regional Purus", "id": "130070", "name": "Boca do Acre", "description": "Boca do Acre", "MUN_ID": "130070", "UF": "AM", "MACRO_ID": "1304", "MACRO_NAME": "Central" }, "geometry": { "type": "Polygon", "coordinates": [ [ [ -67.500002, -7.206256 ], [ -67.490133, -7.170937 ], [ -67.422159, -6.918698 ], [ -67.418837, -6.908485 ], [ -67.421027, -6.898747 ], [ -67.414057, -6.888571 ], [ -67.414302, -6.879124 ], [ -67.402856, -6.874538 ], [ -67.398081, -6.860031 ], [ -67.39008, -6.861304 ], [ -67.379864, -6.851217 ], [ -67.38256, -6.8355 ], [ -67.374615, -6.831971 ], [ -67.379784, -6.825957 ], [ -67.373863, -6.81213 ], [ -67.365776, -6.814532 ], [ -67.363473, -6.822723 ], [ -67.351668, -6.829948 ], [ -67.347219, -6.821753 ], [ -67.347139, -6.813449 ], [ -67.33911, -6.813038 ], [ -67.328724, -6.825422 ], [ -67.321777, -6.820675 ], [ -67.315809, -6.825382 ], [ -67.306942, -6.825155 ], [ -67.296975, -6.817316 ], [ -67.283552, -6.825023 ], [ -67.271666, -6.825538 ], [ -67.262975, -6.816058 ], [ -67.254419, -6.837234 ], [ -67.241915, -6.83252 ], [ -67.234802, -6.835802 ], [ -67.227722, -6.833085 ], [ -67.216581, -6.836422 ], [ -67.206474, -6.826612 ], [ -67.198223, -6.82453 ], [ -67.197888, -6.832605 ], [ -67.189587, -6.833125 ], [ -67.187198, -6.825069 ], [ -67.179585, -6.823396 ], [ -67.172419, -6.82869 ], [ -67.168968, -6.821087 ], [ -67.175361, -6.815681 ], [ -67.167302, -6.801146 ], [ -67.173891, -6.796311 ], [ -67.170109, -6.789445 ], [ -67.154975, -6.787007 ], [ -67.148335, -6.792005 ], [ -67.140773, -6.791183 ], [ -67.132856, -6.778423 ], [ -67.110997, -6.777931 ], [ -67.10016, -6.769498 ], [ -67.099558, -6.78511 ], [ -67.079748, -6.779856 ], [ -67.072029, -6.784061 ], [ -67.059663, -6.773655 ], [ -67.048773, -6.775543 ], [ -67.043003, -6.769646 ], [ -67.041137, -6.761854 ], [ -67.033862, -6.764249 ], [ -67.031556, -6.756371 ], [ -67.018971, -6.746778 ], [ -67.007969, -6.757859 ], [ -67.00003, -6.761699 ], [ -66.992473, -6.759974 ], [ -66.969247, -6.779721 ], [ -66.961529, -6.780451 ], [ -66.955833, -6.785566 ], [ -66.948967, -6.781722 ], [ -66.946112, -6.790195 ], [ -66.92536, -6.79206 ], [ -66.919275, -6.806334 ], [ -66.909976, -6.804117 ], [ -66.899248, -6.791952 ], [ -66.878003, -6.802079 ], [ -66.852914, -6.795332 ], [ -66.851636, -6.803221 ], [ -66.8435, -6.805217 ], [ -66.837528, -6.800189 ], [ -66.818866, -6.80581 ], [ -66.822336, -6.812666 ], [ -66.815195, -6.816743 ], [ -66.80911, -6.811242 ], [ -66.801752, -6.813464 ], [ -66.794777, -6.809203 ], [ -66.79025, -6.802364 ], [ -66.782802, -6.801047 ], [ -66.778746, -6.793939 ], [ -66.754028, -6.787634 ], [ -66.744585, -6.80001 ], [ -66.716666, -6.792159 ], [ -66.685778, -6.793383 ], [ -66.676276, -6.781033 ], [ -66.66953, -6.784729 ], [ -66.666197, -6.777429 ], [ -66.650336, -6.775793 ], [ -66.649524, -6.767687 ], [ -66.641164, -6.766709 ], [ -66.641975, -6.758649 ], [ -66.626139, -6.756941 ], [ -66.619445, -6.763205 ], [ -66.60669, -6.761267 ], [ -66.594387, -6.749978 ], [ -66.588078, -6.735437 ], [ -66.580359, -6.737787 ], [ -66.576246, -6.730671 ], [ -66.558833, -6.739548 ], [ -66.534526, -6.737993 ], [ -66.528279, -6.733033 ], [ -66.523242, -6.734946 ], [ -66.504328, -6.735399 ], [ -66.507607, -6.74251 ], [ -66.500028, -6.744653 ], [ -66.488219, -6.727187 ], [ -66.481082, -6.740195 ], [ -66.468724, -6.729412 ], [ -66.460635, -6.738116 ], [ -66.447337, -6.724632 ], [ -66.423773, -6.717114 ], [ -66.416672, -6.703056 ], [ -66.417834, -6.679301 ], [ -66.40961, -6.676815 ], [ -66.408696, -6.66854 ], [ -66.403361, -6.663117 ], [ -66.395776, -6.663649 ], [ -66.394888, -6.653231 ], [ -66.387555, -6.643128 ], [ -66.380392, -6.647467 ], [ -66.376531, -6.64041 ], [ -66.371029, -6.646326 ], [ -66.362693, -6.645459 ], [ -66.361224, -6.637098 ], [ -66.354249, -6.632827 ], [ -66.355535, -6.62698 ], [ -66.362473, -6.619615 ], [ -66.370029, -6.620454 ], [ -66.389666, -6.63468 ], [ -66.397721, -6.637009 ], [ -66.404421, -6.632586 ], [ -66.404889, -6.624999 ], [ -66.412358, -6.62098 ], [ -66.419559, -6.624914 ], [ -66.428997, -6.609013 ], [ -66.448221, -6.6027 ], [ -66.453053, -6.59597 ], [ -66.451222, -6.588264 ], [ -66.459031, -6.587719 ], [ -66.465692, -6.582874 ], [ -66.475363, -6.569725 ], [ -66.507304, -6.567392 ], [ -66.520526, -6.576914 ], [ -66.52872, -6.57415 ], [ -66.538305, -6.56152 ], [ -66.543911, -6.566771 ], [ -66.550082, -6.562246 ], [ -66.557722, -6.565674 ], [ -66.574329, -6.562166 ], [ -66.578723, -6.568464 ], [ -66.58764, -6.56774 ], [ -66.595164, -6.5542 ], [ -66.602861, -6.556369 ], [ -66.614782, -6.547862 ], [ -66.626251, -6.549993 ], [ -66.632695, -6.535286 ], [ -66.637054, -6.542719 ], [ -66.654442, -6.526911 ], [ -66.676581, -6.52016 ], [ -66.689665, -6.527866 ], [ -66.698025, -6.525867 ], [ -66.704664, -6.513519 ], [ -66.716636, -6.508881 ], [ -66.723917, -6.512048 ], [ -66.737413, -6.502674 ], [ -66.753471, -6.502853 ], [ -66.759305, -6.50849 ], [ -66.763057, -6.500022 ], [ -66.773528, -6.496082 ], [ -66.788742, -6.482113 ], [ -66.801031, -6.471774 ], [ -66.807838, -6.451835 ], [ -66.814723, -6.443176 ], [ -66.832754, -6.427572 ], [ -66.841694, -6.426433 ], [ -66.846415, -6.418631 ], [ -66.864358, -6.407796 ], [ -66.882503, -6.409478 ], [ -66.898413, -6.400072 ], [ -66.918107, -6.401177 ], [ -66.928057, -6.398162 ], [ -66.932336, -6.391786 ], [ -66.947585, -6.3843 ], [ -66.957921, -6.388538 ], [ -66.96708, -6.386768 ], [ -66.976833, -6.389872 ], [ -66.975947, -6.381381 ], [ -66.98175, -6.376062 ], [ -67.001133, -6.379492 ], [ -67.018495, -6.386904 ], [ -67.037974, -6.387783 ], [ -67.059441, -6.367499 ], [ -67.062937, -6.355456 ], [ -67.08761, -6.331122 ], [ -67.095527, -6.328908 ], [ -67.114328, -6.33222 ], [ -67.118804, -6.339329 ], [ -67.129114, -6.338061 ], [ -67.134162, -6.344151 ], [ -67.139277, -6.337757 ], [ -67.148332, -6.336221 ], [ -67.166367, -6.338233 ], [ -67.202333, -6.333086 ], [ -67.215501, -6.344427 ], [ -67.221359, -6.354143 ], [ -67.235001, -6.389132 ], [ -67.238003, -6.408779 ], [ -67.255501, -6.417431 ], [ -67.284579, -6.416353 ], [ -67.289884, -6.422379 ], [ -67.306608, -6.423946 ], [ -67.320442, -6.437224 ], [ -67.341804, -6.447886 ], [ -67.35283, -6.472012 ], [ -67.366611, -6.492201 ], [ -67.379307, -6.493004 ], [ -67.388806, -6.493946 ], [ -67.411468, -6.503887 ], [ -67.420992, -6.516056 ], [ -67.428751, -6.518999 ], [ -67.43564, -6.514875 ], [ -67.444609, -6.502061 ], [ -67.452912, -6.501758 ], [ -67.465138, -6.512367 ], [ -67.473385, -6.513315 ], [ -67.477386, -6.520396 ], [ -67.490393, -6.529733 ], [ -67.498305, -6.531316 ], [ -67.508778, -6.542202 ], [ -67.530744, -6.536012 ], [ -67.555889, -6.540185 ], [ -67.561138, -6.546525 ], [ -67.576088, -6.55306 ], [ -67.583946, -6.55294 ], [ -67.590779, -6.548781 ], [ -67.602578, -6.560115 ], [ -67.632363, -6.569559 ], [ -67.639977, -6.568846 ], [ -67.652025, -6.548892 ], [ -67.672169, -6.56071 ], [ -67.684435, -6.553115 ], [ -67.709864, -6.548115 ], [ -67.733698, -6.514273 ], [ -67.740862, -6.50907 ], [ -67.757165, -6.508631 ], [ -67.796643, -6.519347 ], [ -67.788308, -6.494167 ], [ -67.780023, -6.488792 ], [ -67.775668, -6.480202 ], [ -67.773914, -6.471093 ], [ -67.779142, -6.465521 ], [ -67.780553, -6.456021 ], [ -67.753774, -6.382845 ], [ -67.74544, -6.367942 ], [ -67.733057, -6.351764 ], [ -67.700163, -6.329512 ], [ -67.695553, -6.319436 ], [ -67.696304, -6.300857 ], [ -67.675553, -6.284118 ], [ -67.665946, -6.254153 ], [ -67.649111, -6.244524 ], [ -67.633662, -6.246873 ], [ -67.625913, -6.247473 ], [ -67.621001, -6.23909 ], [ -67.625024, -6.224312 ], [ -67.633467, -6.210982 ], [ -67.644442, -6.177846 ], [ -67.665224, -6.165152 ], [ -67.677846, -6.141116 ], [ -67.66841, -6.096016 ], [ -67.67561, -6.072106 ], [ -67.66869, -6.04322 ], [ -67.670471, -6.033729 ], [ -67.677278, -6.027792 ], [ -67.684943, -6.030042 ], [ -67.691636, -6.024382 ], [ -67.702278, -5.997294 ], [ -67.703252, -5.953391 ], [ -67.698776, -5.944939 ], [ -67.681139, -5.944435 ], [ -67.674143, -5.944023 ], [ -67.658947, -5.93501 ], [ -67.65061, -5.937216 ], [ -67.629057, -5.950965 ], [ -67.613634, -5.970665 ], [ -67.599446, -5.978416 ], [ -67.587748, -5.990708 ], [ -67.572077, -5.992389 ], [ -67.565299, -5.988309 ], [ -67.568439, -5.970581 ], [ -67.561637, -5.943832 ], [ -67.544444, -5.912207 ], [ -67.528669, -5.911288 ], [ -67.500026, -5.891923 ], [ -67.457614, -5.889636 ], [ -67.44739, -5.89045 ], [ -67.443719, -5.898037 ], [ -67.445274, -5.914623 ], [ -67.439975, -5.921784 ], [ -67.432417, -5.922277 ], [ -67.411362, -5.913335 ], [ -67.365473, -5.900591 ], [ -67.355419, -5.885767 ], [ -67.357412, -5.877458 ], [ -67.375805, -5.859991 ], [ -67.385354, -5.842976 ], [ -67.388228, -5.824361 ], [ -67.381471, -5.817913 ], [ -67.331828, -5.797708 ], [ -67.315472, -5.799623 ], [ -67.30903, -5.805884 ], [ -67.30672, -5.831985 ], [ -67.299883, -5.847894 ], [ -67.292753, -5.851494 ], [ -67.283267, -5.841927 ], [ -67.264748, -5.818422 ], [ -67.22286, -5.7501 ], [ -67.18478, -5.723101 ], [ -67.179443, -5.716143 ], [ -67.180999, -5.707789 ], [ -67.202359, -5.693918 ], [ -67.205165, -5.685994 ], [ -67.205362, -5.660601 ], [ -67.196941, -5.647049 ], [ -67.181946, -5.636936 ], [ -67.164971, -5.631766 ], [ -67.165494, -5.623092 ], [ -67.15747, -5.621153 ], [ -67.120607, -5.625196 ], [ -67.118141, -5.587707 ], [ -67.11047, -5.573469 ], [ -67.087055, -5.56158 ], [ -67.038525, -5.521971 ], [ -67.021281, -5.498953 ], [ -67.005134, -5.504825 ], [ -66.993499, -5.500586 ], [ -66.983246, -5.474952 ], [ -66.976721, -5.468061 ], [ -66.979054, -5.452109 ], [ -66.976078, -5.44404 ], [ -66.957642, -5.41951 ], [ -66.940806, -5.424774 ], [ -66.922215, -5.440361 ], [ -66.907001, -5.443721 ], [ -66.90286, -5.452111 ], [ -66.902691, -5.496542 ], [ -66.898354, -5.502942 ], [ -66.891389, -5.50682 ], [ -66.88525, -5.502248 ], [ -66.877139, -5.50451 ], [ -66.872608, -5.510624 ], [ -66.857079, -5.51966 ], [ -66.853248, -5.527586 ], [ -66.835493, -5.526054 ], [ -66.809218, -5.530279 ], [ -66.80164, -5.528454 ], [ -66.795638, -5.52263 ], [ -66.787937, -5.524709 ], [ -66.782582, -5.530787 ], [ -66.785107, -5.54679 ], [ -66.779857, -5.553536 ], [ -66.769194, -5.554239 ], [ -66.754999, -5.547891 ], [ -66.722109, -5.544441 ], [ -66.714495, -5.54544 ], [ -66.704969, -5.559438 ], [ -66.684746, -5.559007 ], [ -66.673726, -5.547008 ], [ -66.669032, -5.528996 ], [ -66.659869, -5.521409 ], [ -66.656024, -5.519801 ], [ -66.648197, -5.523585 ], [ -66.641556, -5.519926 ], [ -66.638774, -5.502278 ], [ -66.629995, -5.486803 ], [ -66.583495, -5.46657 ], [ -66.581111, -5.449437 ], [ -66.573046, -5.434896 ], [ -66.571585, -5.408929 ], [ -66.564245, -5.393212 ], [ -66.575917, -5.379983 ], [ -66.575334, -5.372 ], [ -66.569361, -5.366805 ], [ -66.561555, -5.366333 ], [ -66.554724, -5.370719 ], [ -66.543556, -5.394759 ], [ -66.55139, -5.411658 ], [ -66.537195, -5.42079 ], [ -66.531947, -5.438582 ], [ -66.525667, -5.44296 ], [ -66.517277, -5.444419 ], [ -66.503247, -5.43473 ], [ -66.49436, -5.43314 ], [ -66.487967, -5.437803 ], [ -66.478404, -5.43797 ], [ -66.470196, -5.433426 ], [ -66.427995, -5.431713 ], [ -66.407158, -5.421941 ], [ -66.388501, -5.413822 ], [ -66.375355, -5.404007 ], [ -66.366584, -5.390461 ], [ -66.359661, -5.385561 ], [ -66.351612, -5.381627 ], [ -66.336333, -5.385546 ], [ -66.307586, -5.370915 ], [ -66.293773, -5.359816 ], [ -66.284837, -5.357312 ], [ -66.268053, -5.356208 ], [ -66.234857, -5.361687 ], [ -66.226551, -5.359745 ], [ -66.192357, -5.366825 ], [ -66.165609, -5.367186 ], [ -66.157218, -5.36949 ], [ -66.150721, -5.385699 ], [ -66.142467, -5.389783 ], [ -66.127083, -5.382348 ], [ -66.115513, -5.36969 ], [ -66.098832, -5.370431 ], [ -66.091112, -5.372386 ], [ -66.084001, -5.378752 ], [ -66.093522, -5.402209 ], [ -66.082191, -5.414962 ], [ -66.057251, -5.421868 ], [ -66.013805, -5.419201 ], [ -65.988492, -5.413402 ], [ -65.964334, -5.398025 ], [ -65.955859, -5.398904 ], [ -65.940444, -5.406654 ], [ -65.912361, -5.437972 ], [ -65.903579, -5.443428 ], [ -65.900051, -5.436606 ], [ -65.895779, -5.438571 ], [ -65.87511, -5.447795 ], [ -65.869084, -5.453835 ], [ -65.857083, -5.476986 ], [ -65.844222, -5.491901 ], [ -65.820693, -5.497423 ], [ -65.784946, -5.491286 ], [ -65.771249, -5.479699 ], [ -65.752558, -5.451089 ], [ -65.736413, -5.441997 ], [ -65.729446, -5.445541 ], [ -65.709636, -5.513762 ], [ -65.688639, -5.546316 ], [ -65.680772, -5.551067 ], [ -65.664742, -5.552565 ], [ -65.62547, -5.522179 ], [ -65.615161, -5.520816 ], [ -65.609143, -5.526835 ], [ -65.599913, -5.572632 ], [ -65.568725, -5.613064 ], [ -65.52025, -5.646267 ], [ -65.485804, -5.656487 ], [ -65.452195, -5.673507 ], [ -65.439975, -5.673597 ], [ -65.427109, -5.668718 ], [ -65.398108, -5.64453 ], [ -65.370809, -5.636885 ], [ -65.356084, -5.645566 ], [ -65.336111, -5.676149 ], [ -65.323169, -5.686389 ], [ -65.289193, -5.690964 ], [ -65.264881, -5.701245 ], [ -65.257837, -5.707051 ], [ -65.240414, -5.74008 ], [ -65.233805, -5.745541 ], [ -65.222638, -5.745747 ], [ -65.196279, -5.734256 ], [ -65.145942, -5.696095 ], [ -65.135106, -5.696629 ], [ -65.116637, -5.70371 ], [ -65.084495, -5.73258 ], [ -65.074801, -5.746626 ], [ -65.061081, -5.753832 ], [ -64.977003, -5.743568 ], [ -64.925044, -5.753344 ], [ -64.906361, -5.758882 ], [ -64.865079, -5.781051 ], [ -64.812358, -5.786633 ], [ -64.762104, -5.804586 ], [ -64.741031, -5.806144 ], [ -64.722803, -5.802228 ], [ -64.704553, -5.785071 ], [ -64.685377, -5.777772 ], [ -64.669691, -5.768254 ], [ -64.651163, -5.745743 ], [ -64.634665, -5.734148 ], [ -64.629467, -5.728444 ], [ -64.624305, -5.712701 ], [ -64.609974, -5.702108 ], [ -64.593939, -5.694729 ], [ -64.550114, -5.683431 ], [ -64.541858, -5.683605 ], [ -64.531688, -5.697309 ], [ -64.523892, -5.699388 ], [ -64.492221, -5.689298 ], [ -64.476132, -5.669969 ], [ -64.473413, -5.634183 ], [ -64.451689, -5.599876 ], [ -64.446665, -5.570871 ], [ -64.436943, -5.557167 ], [ -64.396666, -5.544395 ], [ -64.366744, -5.521435 ], [ -64.334439, -5.504857 ], [ -64.298135, -5.480195 ], [ -64.239278, -5.475365 ], [ -64.223761, -5.46853 ], [ -64.208029, -5.458342 ], [ -64.1878, -5.437398 ], [ -64.163809, -5.42541 ], [ -64.154002, -5.42348 ], [ -64.127361, -5.426049 ], [ -64.107904, -5.421291 ], [ -64.089691, -5.404446 ], [ -64.085693, -5.373587 ], [ -64.081644, -5.366073 ], [ -64.068024, -5.355008 ], [ -64.052273, -5.331773 ], [ -64.036722, -5.280525 ], [ -64.025194, -5.266784 ], [ -63.944447, -5.235751 ], [ -63.92627, -5.209818 ], [ -63.882475, -5.193387 ], [ -63.854415, -5.169415 ], [ -63.824666, -5.152053 ], [ -63.797282, -5.146808 ], [ -63.765529, -5.127488 ], [ -63.754723, -5.125354 ], [ -63.75266, -5.125078 ], [ -63.737358, -5.122001 ], [ -63.712689, -5.11076 ], [ -63.701749, -5.109649 ], [ -63.683163, -5.117022 ], [ -63.646306, -5.140116 ], [ -63.62861, -5.1431 ], [ -63.602976, -5.136017 ], [ -63.593885, -5.136686 ], [ -63.561468, -5.152981 ], [ -63.544775, -5.15678 ], [ -63.461248, -5.153933 ], [ -63.427523, -5.144755 ], [ -63.398612, -5.129485 ], [ -63.371605, -5.121407 ], [ -63.358971, -5.108076 ], [ -63.354917, -5.094461 ], [ -63.351306, -5.075394 ], [ -63.341442, -5.053783 ], [ -63.340384, -5.000268 ], [ -63.335501, -4.989876 ], [ -63.307722, -4.96868 ], [ -63.277721, -4.926273 ], [ -63.264381, -4.918674 ], [ -63.247912, -4.906272 ], [ -63.243277, -4.899041 ], [ -63.22633, -4.831791 ], [ -63.206326, -4.78952 ], [ -63.186829, -4.772143 ], [ -63.169637, -4.76603 ], [ -63.128725, -4.76027 ], [ -63.102548, -4.740202 ], [ -63.09325, -4.734118 ], [ -63.051414, -4.72394 ], [ -62.992469, -4.692508 ], [ -62.982137, -4.667247 ], [ -62.98189, -4.641375 ], [ -62.991694, -4.616415 ], [ -63.019967, -4.575207 ], [ -63.026, -4.556166 ], [ -63.026805, -4.540539 ], [ -63.024447, -4.531433 ], [ -63.018168, -4.524433 ], [ -63.000412, -4.525527 ], [ -62.991409, -4.522709 ], [ -62.990817, -4.531067 ], [ -62.988996, -4.556213 ], [ -62.985418, -4.563987 ], [ -62.970828, -4.573432 ], [ -62.962943, -4.586405 ], [ -62.947579, -4.596628 ], [ -62.915633, -4.613397 ], [ -62.887801, -4.614805 ], [ -62.868857, -4.607665 ], [ -62.853581, -4.606969 ], [ -62.82654, -4.633622 ], [ -62.816416, -4.647765 ], [ -62.82036, -4.663885 ], [ -62.826943, -4.669238 ], [ -62.830135, -4.677877 ], [ -62.830018, -4.68654 ], [ -62.816662, -4.69939 ], [ -62.804608, -4.729691 ], [ -62.809857, -4.745554 ], [ -62.810914, -4.7639 ], [ -62.819528, -4.777083 ], [ -62.817383, -4.786174 ], [ -62.81103, -4.793227 ], [ -62.794975, -4.798965 ], [ -62.78755, -4.805663 ], [ -62.766858, -4.833934 ], [ -62.749944, -4.843745 ], [ -62.743369, -4.841909 ], [ -62.726252, -4.83541 ], [ -62.710579, -4.843478 ], [ -62.700109, -4.866322 ], [ -62.6945, -4.892002 ], [ -62.696362, -4.908947 ], [ -62.700804, -4.916313 ], [ -62.729938, -4.93564 ], [ -62.73608, -4.943982 ], [ -62.736946, -4.960351 ], [ -62.732634, -4.968443 ], [ -62.717384, -4.97375 ], [ -62.693135, -4.962057 ], [ -62.684882, -4.945479 ], [ -62.678584, -4.916142 ], [ -62.673948, -4.90912 ], [ -62.659446, -4.90192 ], [ -62.648096, -4.902143 ], [ -62.576662, -5.000314 ], [ -62.499434, -5.075041 ], [ -62.481728, -5.092176 ], [ -62.328372, -5.240621 ], [ -62.237902, -5.328223 ], [ -62.178353, -5.385894 ], [ -62.10233, -5.459535 ], [ -62.124859, -5.504892 ], [ -62.159555, -5.550354 ], [ -62.274247, -5.729246 ], [ -62.328527, -5.815851 ], [ -62.43667, -5.929445 ], [ -62.484995, -5.965397 ], [ -62.568052, -6.104735 ], [ -62.609208, -6.153341 ], [ -62.65419, -6.207682 ], [ -62.734808, -6.279117 ], [ -62.787471, -6.361412 ], [ -62.801112, -6.377675 ], [ -62.841696, -6.41185 ], [ -62.85602, -6.431269 ], [ -62.874582, -6.457648 ], [ -62.888752, -6.491107 ], [ -62.907697, -6.511137 ], [ -62.929388, -6.536818 ], [ -62.939806, -6.560049 ], [ -62.952638, -6.63232 ], [ -62.957365, -6.640234 ], [ -62.969498, -6.701137 ], [ -63.006945, -6.783045 ], [ -63.047716, -6.844091 ], [ -63.178449, -6.845741 ], [ -63.175892, -6.859119 ], [ -63.165223, -6.860034 ], [ -63.168167, -6.868203 ], [ -63.161667, -6.873712 ], [ -63.152584, -6.873258 ], [ -63.159836, -6.888046 ], [ -63.159774, -6.91519 ], [ -63.151748, -6.918004 ], [ -63.154226, -6.92629 ], [ -63.162383, -6.935343 ], [ -63.147106, -6.956176 ], [ -63.139947, -6.959009 ], [ -63.135055, -6.972725 ], [ -63.15228, -6.989769 ], [ -63.162422, -6.993198 ], [ -63.164082, -7.004885 ], [ -63.176918, -7.016443 ], [ -63.185725, -7.010826 ], [ -63.200724, -7.022717 ], [ -63.207725, -7.01516 ], [ -63.217058, -7.026874 ], [ -63.205336, -7.050651 ], [ -63.207245, -7.060223 ], [ -63.220112, -7.060007 ], [ -63.227643, -7.075255 ], [ -63.23597, -7.075128 ], [ -63.238193, -7.085264 ], [ -63.244843, -7.080044 ], [ -63.254364, -7.080017 ], [ -63.261333, -7.083014 ], [ -63.264364, -7.091427 ], [ -63.306885, -7.104695 ], [ -63.307478, -7.1133 ], [ -63.30145, -7.117912 ], [ -63.302694, -7.127912 ], [ -63.305748, -7.138724 ], [ -63.313362, -7.14177 ], [ -63.313804, -7.151394 ], [ -63.306247, -7.154241 ], [ -63.307944, -7.164162 ], [ -63.314281, -7.177408 ], [ -63.314559, -7.185562 ], [ -63.324996, -7.20302 ], [ -63.307976, -7.205461 ], [ -63.300397, -7.211121 ], [ -63.300579, -7.229224 ], [ -63.294526, -7.23872 ], [ -63.284719, -7.24016 ], [ -63.280445, -7.248539 ], [ -63.294503, -7.269211 ], [ -63.304586, -7.277596 ], [ -63.303223, -7.296069 ], [ -63.298085, -7.301967 ], [ -63.290833, -7.328268 ], [ -63.29428, -7.335883 ], [ -63.303306, -7.341681 ], [ -63.298468, -7.34768 ], [ -63.267197, -7.350676 ], [ -63.262726, -7.357858 ], [ -63.252419, -7.351862 ], [ -63.250334, -7.35962 ], [ -63.254422, -7.371476 ], [ -63.245694, -7.371653 ], [ -63.250087, -7.393226 ], [ -63.262106, -7.403444 ], [ -63.268357, -7.420139 ], [ -63.281252, -7.407837 ], [ -63.295947, -7.406917 ], [ -63.299365, -7.400126 ], [ -63.332114, -7.404305 ], [ -63.342336, -7.410369 ], [ -63.334586, -7.415351 ], [ -63.330856, -7.422276 ], [ -63.333225, -7.433143 ], [ -63.325022, -7.43518 ], [ -63.321754, -7.44249 ], [ -63.312301, -7.441951 ], [ -63.306166, -7.447873 ], [ -63.303728, -7.455094 ], [ -63.317386, -7.476881 ], [ -63.303165, -7.490712 ], [ -63.311474, -7.49359 ], [ -63.323863, -7.489894 ], [ -63.331252, -7.49299 ], [ -63.34484, -7.518416 ], [ -63.349756, -7.520478 ], [ -63.352569, -7.521656 ], [ -63.374086, -7.528493 ], [ -63.379142, -7.551033 ], [ -63.396309, -7.559828 ], [ -63.403449, -7.574235 ], [ -63.400665, -7.584531 ], [ -63.419636, -7.594052 ], [ -63.426332, -7.603432 ], [ -63.425755, -7.612147 ], [ -63.417502, -7.620614 ], [ -63.41983, -7.628427 ], [ -63.416979, -7.628841 ], [ -63.404943, -7.63265 ], [ -63.395533, -7.637732 ], [ -63.395695, -7.657393 ], [ -63.380256, -7.663936 ], [ -63.392582, -7.690022 ], [ -63.400582, -7.727543 ], [ -63.408662, -7.735571 ], [ -63.421976, -7.737923 ], [ -63.431503, -7.74383 ], [ -63.437693, -7.738472 ], [ -63.450253, -7.74857 ], [ -63.469669, -7.747545 ], [ -63.478556, -7.760836 ], [ -63.499809, -7.775153 ], [ -63.508888, -7.789168 ], [ -63.516273, -7.786997 ], [ -63.533478, -7.804897 ], [ -63.549167, -7.812855 ], [ -63.547252, -7.823071 ], [ -63.553945, -7.838044 ], [ -63.560557, -7.843553 ], [ -63.567008, -7.847503 ], [ -63.579051, -7.845582 ], [ -63.598588, -7.848267 ], [ -63.612027, -7.855609 ], [ -63.622896, -7.857308 ], [ -63.63322, -7.873016 ], [ -63.635062, -7.882758 ], [ -63.621057, -7.894352 ], [ -63.624699, -7.90541 ], [ -63.620257, -7.968912 ], [ -63.625918, -8.015729 ], [ -63.621247, -8.029228 ], [ -63.626086, -8.040802 ], [ -63.638226, -8.046811 ], [ -63.650338, -8.066057 ], [ -63.666468, -8.08122 ], [ -63.668417, -8.091521 ], [ -63.661916, -8.100788 ], [ -63.669365, -8.12136 ], [ -63.675892, -8.127478 ], [ -63.692888, -8.157965 ], [ -63.729639, -8.179803 ], [ -63.746501, -8.1982 ], [ -63.74803, -8.207482 ], [ -63.722229, -8.249115 ], [ -63.746029, -8.269785 ], [ -63.765406, -8.306797 ], [ -63.781062, -8.328856 ], [ -63.790698, -8.332831 ], [ -63.824805, -8.305769 ], [ -63.84659, -8.294648 ], [ -63.866953, -8.288934 ], [ -63.881471, -8.290846 ], [ -63.894393, -8.301645 ], [ -63.903808, -8.321675 ], [ -63.910302, -8.328141 ], [ -63.931593, -8.324487 ], [ -63.943588, -8.330804 ], [ -63.944839, -8.387442 ], [ -63.97642, -8.409356 ], [ -63.977361, -8.419749 ], [ -63.953193, -8.427581 ], [ -63.938556, -8.441164 ], [ -63.940303, -8.45188 ], [ -63.972643, -8.478063 ], [ -63.97397, -8.486854 ], [ -63.970363, -8.498949 ], [ -63.958214, -8.509619 ], [ -63.943254, -8.52622 ], [ -63.945086, -8.550113 ], [ -63.932661, -8.556968 ], [ -63.922637, -8.558909 ], [ -63.921948, -8.566993 ], [ -63.935478, -8.592473 ], [ -63.945419, -8.6091 ], [ -63.953558, -8.606869 ], [ -63.965063, -8.595541 ], [ -63.966614, -8.587498 ], [ -63.972005, -8.582068 ], [ -63.979729, -8.580303 ], [ -63.985675, -8.585249 ], [ -63.99056, -8.617029 ], [ -63.995491, -8.619539 ], [ -64.004307, -8.625525 ], [ -64.00464, -8.641363 ], [ -64.016168, -8.652116 ], [ -64.018644, -8.660063 ], [ -64.015891, -8.667297 ], [ -64.034947, -8.693173 ], [ -64.027334, -8.715281 ], [ -64.066861, -8.71034 ], [ -64.074617, -8.712722 ], [ -64.094232, -8.727978 ], [ -64.110725, -8.724786 ], [ -64.124059, -8.716329 ], [ -64.142531, -8.742646 ], [ -64.144226, -8.776062 ], [ -64.128923, -8.804777 ], [ -64.135224, -8.820004 ], [ -64.154669, -8.835031 ], [ -64.157667, -8.842782 ], [ -64.15512, -8.847946 ], [ -64.148258, -8.872705 ], [ -64.151166, -8.896848 ], [ -64.143052, -8.933317 ], [ -64.142897, -8.953146 ], [ -64.148916, -8.958551 ], [ -64.174478, -8.960185 ], [ -64.232669, -8.991922 ], [ -64.264534, -8.987996 ], [ -64.297144, -8.99581 ], [ -64.310781, -8.996085 ], [ -64.324752, -8.987684 ], [ -64.325535, -8.979446 ], [ -64.312501, -8.950191 ], [ -64.309032, -8.934107 ], [ -64.312293, -8.931419 ], [ -64.315032, -8.929161 ], [ -64.322863, -8.928475 ], [ -64.379386, -8.94635 ], [ -64.407923, -8.960265 ], [ -64.432703, -8.968096 ], [ -64.446036, -8.976485 ], [ -64.454925, -8.977474 ], [ -64.470643, -8.973359 ], [ -64.495834, -8.978672 ], [ -64.53309, -8.975884 ], [ -64.549586, -8.977885 ], [ -64.563668, -8.985275 ], [ -64.568342, -8.991389 ], [ -64.578315, -8.98803 ], [ -64.578861, -9.000757 ], [ -64.587423, -9.009124 ], [ -64.599717, -9.012084 ], [ -64.610535, -9.016066 ], [ -64.640999, -9.006261 ], [ -64.657168, -9.007828 ], [ -64.670837, -9.014411 ], [ -64.682812, -8.993232 ], [ -64.689143, -8.989898 ], [ -64.70622, -8.98941 ], [ -64.730002, -9.012124 ], [ -64.744028, -9.017884 ], [ -64.760641, -9.020197 ], [ -64.783425, -8.988885 ], [ -64.807285, -8.985167 ], [ -64.838784, -8.993726 ], [ -64.869376, -9.011594 ], [ -64.878492, -9.022432 ], [ -64.886694, -9.028825 ], [ -64.893559, -9.043317 ], [ -64.901001, -9.046301 ], [ -64.916727, -9.042756 ], [ -64.91881, -9.050179 ], [ -64.91514, -9.074229 ], [ -64.932925, -9.119957 ], [ -64.939389, -9.12418 ], [ -64.938774, -9.147919 ], [ -64.933085, -9.154015 ], [ -64.928451, -9.177251 ], [ -64.931363, -9.184541 ], [ -64.923196, -9.197752 ], [ -64.926001, -9.205079 ], [ -64.919142, -9.219894 ], [ -64.920948, -9.227904 ], [ -64.932285, -9.240203 ], [ -64.940141, -9.262016 ], [ -64.953112, -9.270886 ], [ -64.953398, -9.278538 ], [ -64.962339, -9.292391 ], [ -64.985642, -9.291545 ], [ -64.999974, -9.304228 ], [ -65.001315, -9.317515 ], [ -65.012166, -9.32829 ], [ -65.005306, -9.343143 ], [ -65.021478, -9.345619 ], [ -65.023871, -9.353505 ], [ -65.029495, -9.356185 ], [ -65.038767, -9.359195 ], [ -65.035139, -9.374431 ], [ -65.046369, -9.386882 ], [ -65.047092, -9.395806 ], [ -65.053005, -9.401756 ], [ -65.077387, -9.400595 ], [ -65.084217, -9.403788 ], [ -65.09175, -9.409 ], [ -65.088369, -9.424694 ], [ -65.097308, -9.432129 ], [ -65.113176, -9.432392 ], [ -65.130234, -9.441909 ], [ -65.142339, -9.446426 ], [ -65.154587, -9.436773 ], [ -65.176782, -9.42625 ], [ -65.184082, -9.426605 ], [ -65.186281, -9.41464 ], [ -65.174111, -9.393395 ], [ -65.173002, -9.385062 ], [ -65.195616, -9.374877 ], [ -65.196447, -9.367054 ], [ -65.187783, -9.344467 ], [ -65.208414, -9.309258 ], [ -65.210471, -9.300643 ], [ -65.206612, -9.293251 ], [ -65.207483, -9.285248 ], [ -65.21123, -9.278608 ], [ -65.239528, -9.261041 ], [ -65.246119, -9.257278 ], [ -65.28364, -9.269883 ], [ -65.299893, -9.286688 ], [ -65.342147, -9.309075 ], [ -65.350698, -9.322724 ], [ -65.37697, -9.324041 ], [ -65.379005, -9.332462 ], [ -65.384668, -9.337646 ], [ -65.392979, -9.339211 ], [ -65.409255, -9.32207 ], [ -65.416253, -9.319151 ], [ -65.439675, -9.31136 ], [ -65.446475, -9.31599 ], [ -65.448558, -9.324194 ], [ -65.443085, -9.329966 ], [ -65.447147, -9.3454 ], [ -65.445586, -9.370303 ], [ -65.456057, -9.400823 ], [ -65.454116, -9.408221 ], [ -65.442787, -9.419761 ], [ -65.431555, -9.458249 ], [ -65.434172, -9.465947 ], [ -65.442131, -9.464315 ], [ -65.452492, -9.468626 ], [ -65.456114, -9.470133 ], [ -65.467337, -9.458905 ], [ -65.476423, -9.472278 ], [ -65.492257, -9.473278 ], [ -65.502619, -9.46959 ], [ -65.502949, -9.456562 ], [ -65.506006, -9.447312 ], [ -65.514193, -9.449125 ], [ -65.521868, -9.446519 ], [ -65.547704, -9.42566 ], [ -65.587564, -9.413388 ], [ -65.596231, -9.41348 ], [ -65.617723, -9.425591 ], [ -65.634228, -9.429314 ], [ -65.641089, -9.433082 ], [ -65.64934, -9.446886 ], [ -65.656642, -9.448893 ], [ -65.672232, -9.445964 ], [ -65.678891, -9.451007 ], [ -65.680453, -9.500022 ], [ -65.695535, -9.507286 ], [ -65.723002, -9.558671 ], [ -65.729422, -9.562686 ], [ -65.742232, -9.552581 ], [ -65.749782, -9.553237 ], [ -65.756003, -9.568569 ], [ -65.770169, -9.56497 ], [ -65.777483, -9.577137 ], [ -65.790977, -9.585259 ], [ -65.799476, -9.584636 ], [ -65.804838, -9.570126 ], [ -65.810146, -9.564021 ], [ -65.817481, -9.561869 ], [ -65.824532, -9.529706 ], [ -65.840255, -9.533729 ], [ -65.847703, -9.531939 ], [ -65.846062, -9.516026 ], [ -65.852005, -9.510316 ], [ -65.859808, -9.510383 ], [ -65.880362, -9.48708 ], [ -65.897476, -9.488663 ], [ -65.912089, -9.483365 ], [ -65.921926, -9.470512 ], [ -65.931335, -9.447209 ], [ -65.951091, -9.435878 ], [ -65.952615, -9.428377 ], [ -65.966506, -9.41972 ], [ -65.969755, -9.412775 ], [ -65.985898, -9.412743 ], [ -66.002029, -9.403873 ], [ -66.021232, -9.401147 ], [ -66.041865, -9.401988 ], [ -66.045917, -9.40896 ], [ -66.059193, -9.417833 ], [ -66.100616, -9.413619 ], [ -66.11568, -9.4086 ], [ -66.128727, -9.410366 ], [ -66.153813, -9.420089 ], [ -66.158448, -9.42619 ], [ -66.173086, -9.434034 ], [ -66.204199, -9.425589 ], [ -66.22001, -9.424919 ], [ -66.234758, -9.43049 ], [ -66.242867, -9.429003 ], [ -66.259121, -9.410612 ], [ -66.289892, -9.41211 ], [ -66.283638, -9.431779 ], [ -66.30695, -9.436461 ], [ -66.31431, -9.43343 ], [ -66.313057, -9.425689 ], [ -66.318368, -9.419579 ], [ -66.332666, -9.427283 ], [ -66.341063, -9.426632 ], [ -66.345279, -9.419525 ], [ -66.352758, -9.416235 ], [ -66.366259, -9.424777 ], [ -66.374228, -9.425982 ], [ -66.40831, -9.406562 ], [ -66.413502, -9.413309 ], [ -66.414174, -9.421565 ], [ -66.395561, -9.437136 ], [ -66.389504, -9.455245 ], [ -66.391866, -9.500096 ], [ -66.423029, -9.525403 ], [ -66.438386, -9.554005 ], [ -66.456039, -9.569019 ], [ -66.466921, -9.581826 ], [ -66.494368, -9.601198 ], [ -66.495876, -9.613863 ], [ -66.500064, -9.633178 ], [ -66.536339, -9.643164 ], [ -66.551171, -9.657675 ], [ -66.578566, -9.667848 ], [ -66.585757, -9.673174 ], [ -66.608899, -9.664514 ], [ -66.623616, -9.680434 ], [ -66.684394, -9.714261 ], [ -66.691253, -9.733505 ], [ -66.700755, -9.742975 ], [ -66.724839, -9.755687 ], [ -66.75792, -9.759975 ], [ -66.774813, -9.752706 ], [ -66.78159, -9.758187 ], [ -66.777726, -9.76616 ], [ -66.776702, -9.768271 ], [ -66.780029, -9.791008 ], [ -66.805734, -9.814048 ], [ -66.809702, -9.817661 ], [ -66.847285, -9.801214 ], [ -67.059557, -9.708309 ], [ -67.133051, -9.67614 ], [ -67.222289, -9.637076 ], [ -67.222512, -9.636979 ], [ -67.32436, -9.592393 ], [ -67.325496, -9.59196 ], [ -67.516841, -9.560292 ], [ -67.650875, -9.499627 ], [ -67.974457, -9.353176 ], [ -67.976635, -9.352191 ], [ -68.219789, -9.242153 ], [ -68.637034, -9.053378 ], [ -68.637175, -9.053314 ], [ -68.646628, -9.049037 ], [ -68.706161, -8.997945 ], [ -68.922344, -8.812517 ], [ -68.968458, -8.772987 ], [ -68.994723, -8.750476 ], [ -69.061625, -8.693147 ], [ -69.212422, -8.563997 ], [ -69.285711, -8.501263 ], [ -69.443807, -8.366016 ], [ -69.586388, -8.244141 ], [ -69.801148, -8.060751 ], [ -69.800784, -8.040908 ], [ -69.786723, -7.998045 ], [ -69.79795, -7.976788 ], [ -69.799977, -7.951439 ], [ -69.788497, -7.939953 ], [ -69.784305, -7.908096 ], [ -69.79056, -7.892579 ], [ -69.797921, -7.890505 ], [ -69.797443, -7.873793 ], [ -69.791886, -7.867406 ], [ -69.766809, -7.863019 ], [ -69.763139, -7.842952 ], [ -69.750307, -7.834717 ], [ -69.743363, -7.821418 ], [ -69.730113, -7.819941 ], [ -69.704365, -7.78704 ], [ -69.696139, -7.784899 ], [ -69.681414, -7.792996 ], [ -69.67484, -7.787404 ], [ -69.672641, -7.780118 ], [ -69.664978, -7.781648 ], [ -69.656052, -7.766903 ], [ -69.648588, -7.770066 ], [ -69.646118, -7.762551 ], [ -69.632655, -7.755705 ], [ -69.624664, -7.752019 ], [ -69.610756, -7.734173 ], [ -69.614859, -7.717645 ], [ -69.598881, -7.692951 ], [ -69.590478, -7.688356 ], [ -69.583469, -7.6921 ], [ -69.569255, -7.686182 ], [ -69.554721, -7.658334 ], [ -69.556451, -7.650932 ], [ -69.572304, -7.644609 ], [ -69.574974, -7.637385 ], [ -69.582, -7.633457 ], [ -69.588624, -7.622905 ], [ -69.592062, -7.611799 ], [ -69.584306, -7.607798 ], [ -69.554752, -7.570088 ], [ -69.565113, -7.556898 ], [ -69.562866, -7.549287 ], [ -69.55248, -7.536775 ], [ -69.53322, -7.488883 ], [ -69.520416, -7.479278 ], [ -69.510852, -7.462793 ], [ -69.5082, -7.458554 ], [ -69.511609, -7.451269 ], [ -69.519166, -7.450175 ], [ -69.523831, -7.443837 ], [ -69.519999, -7.420688 ], [ -69.515721, -7.413909 ], [ -69.497305, -7.409377 ], [ -69.490561, -7.404528 ], [ -69.496811, -7.390479 ], [ -69.496002, -7.38202 ], [ -69.511198, -7.35984 ], [ -69.488307, -7.337429 ], [ -69.485719, -7.330032 ], [ -69.4845, -7.314319 ], [ -69.493776, -7.301657 ], [ -69.490532, -7.294438 ], [ -69.492005, -7.278863 ], [ -69.473886, -7.25185 ], [ -69.478474, -7.223617 ], [ -69.490478, -7.202781 ], [ -69.484977, -7.196482 ], [ -69.484365, -7.180419 ], [ -69.468975, -7.178598 ], [ -69.455856, -7.170169 ], [ -69.453829, -7.145791 ], [ -69.461777, -7.140304 ], [ -69.482419, -7.128517 ], [ -69.482366, -7.120103 ], [ -69.487219, -7.113476 ], [ -69.485974, -7.105466 ], [ -69.461414, -7.099969 ], [ -69.456669, -7.093609 ], [ -69.441832, -7.085604 ], [ -69.426033, -7.083368 ], [ -69.421311, -7.076576 ], [ -69.413308, -7.074264 ], [ -69.414692, -7.06173 ], [ -69.402054, -7.052996 ], [ -69.403864, -7.044946 ], [ -69.391532, -7.034787 ], [ -69.389502, -7.026142 ], [ -69.376274, -7.017101 ], [ -69.360499, -7.012192 ], [ -69.354836, -7.01721 ], [ -69.339468, -7.011222 ], [ -69.323556, -7.014956 ], [ -69.308502, -7.007785 ], [ -69.285834, -7.011782 ], [ -69.27378, -7.000032 ], [ -69.265583, -6.996407 ], [ -69.259031, -7.003082 ], [ -69.249896, -6.999735 ], [ -69.217003, -6.977525 ], [ -69.192251, -6.944575 ], [ -69.182082, -6.944489 ], [ -69.172306, -6.950062 ], [ -69.164916, -6.960504 ], [ -69.138528, -6.956189 ], [ -69.132081, -6.961127 ], [ -69.133415, -6.992129 ], [ -69.126447, -7.015538 ], [ -69.117495, -7.019374 ], [ -69.108811, -7.028812 ], [ -69.093164, -7.025872 ], [ -69.091112, -7.041575 ], [ -69.086998, -7.048106 ], [ -69.076532, -7.035802 ], [ -69.068968, -7.035154 ], [ -69.064527, -7.050669 ], [ -69.058059, -7.054685 ], [ -69.03953, -7.028633 ], [ -69.024719, -7.025704 ], [ -69.016943, -7.028247 ], [ -69.012138, -7.034417 ], [ -69.013221, -7.042519 ], [ -69.025804, -7.051508 ], [ -69.033607, -7.064598 ], [ -69.032168, -7.072546 ], [ -69.024888, -7.075817 ], [ -69.016587, -7.075411 ], [ -68.995717, -7.057703 ], [ -68.988336, -7.055236 ], [ -68.974665, -7.062461 ], [ -68.969472, -7.068968 ], [ -68.970666, -7.076667 ], [ -68.962246, -7.078048 ], [ -68.956809, -7.071653 ], [ -68.944749, -7.083791 ], [ -68.930864, -7.076311 ], [ -68.9235, -7.090868 ], [ -68.916554, -7.095574 ], [ -68.909887, -7.091413 ], [ -68.904385, -7.096785 ], [ -68.902474, -7.104746 ], [ -68.878893, -7.108141 ], [ -68.863569, -7.103316 ], [ -68.840005, -7.108182 ], [ -68.833666, -7.113188 ], [ -68.82875, -7.106607 ], [ -68.805999, -7.099131 ], [ -68.782997, -7.10809 ], [ -68.766449, -7.108049 ], [ -68.729227, -7.121707 ], [ -68.713533, -7.117557 ], [ -68.70314, -7.105427 ], [ -68.687998, -7.101845 ], [ -68.6624, -7.103999 ], [ -68.648892, -7.107414 ], [ -68.60498, -7.141696 ], [ -68.592862, -7.161253 ], [ -68.59697, -7.173517 ], [ -68.598359, -7.17852 ], [ -68.584143, -7.183403 ], [ -68.565917, -7.20034 ], [ -68.566223, -7.208625 ], [ -68.57339, -7.211461 ], [ -68.57445, -7.219205 ], [ -68.542335, -7.223389 ], [ -68.538387, -7.239511 ], [ -68.533611, -7.246648 ], [ -68.530956, -7.245687 ], [ -68.518839, -7.241299 ], [ -68.507528, -7.25162 ], [ -68.498138, -7.253392 ], [ -68.476169, -7.220043 ], [ -68.484753, -7.20665 ], [ -68.49064, -7.191125 ], [ -68.484281, -7.176789 ], [ -68.487055, -7.161183 ], [ -68.461643, -7.141583 ], [ -68.456583, -7.157147 ], [ -68.450025, -7.16224 ], [ -68.433836, -7.166118 ], [ -68.432086, -7.174198 ], [ -68.41825, -7.166735 ], [ -68.410803, -7.169828 ], [ -68.406053, -7.176456 ], [ -68.394005, -7.168251 ], [ -68.38669, -7.179071 ], [ -68.376053, -7.17505 ], [ -68.360113, -7.17764 ], [ -68.344918, -7.174101 ], [ -68.332667, -7.162872 ], [ -68.324505, -7.164284 ], [ -68.319051, -7.158552 ], [ -68.297704, -7.167221 ], [ -68.272588, -7.177419 ], [ -68.264977, -7.175111 ], [ -68.25383, -7.163466 ], [ -68.246528, -7.160658 ], [ -68.232726, -7.152021 ], [ -68.201782, -7.14185 ], [ -68.196696, -7.135646 ], [ -68.181725, -7.140518 ], [ -68.177106, -7.146593 ], [ -68.177721, -7.162693 ], [ -68.174112, -7.166188 ], [ -68.155503, -7.1673 ], [ -68.144189, -7.155477 ], [ -68.130081, -7.16331 ], [ -68.127905, -7.161857 ], [ -68.114255, -7.146164 ], [ -68.106583, -7.143879 ], [ -68.091278, -7.149443 ], [ -68.083668, -7.14707 ], [ -68.076671, -7.143695 ], [ -68.063723, -7.122591 ], [ -68.040994, -7.116857 ], [ -68.027698, -7.125253 ], [ -68.018474, -7.138299 ], [ -68.010026, -7.138029 ], [ -67.999972, -7.150293 ], [ -67.977836, -7.145305 ], [ -67.96261, -7.151132 ], [ -67.954638, -7.149249 ], [ -67.946752, -7.151442 ], [ -67.93581, -7.163443 ], [ -67.927697, -7.162874 ], [ -67.914024, -7.15458 ], [ -67.901169, -7.165262 ], [ -67.893611, -7.179225 ], [ -67.891335, -7.187343 ], [ -67.89675, -7.192835 ], [ -67.894858, -7.200163 ], [ -67.881614, -7.209194 ], [ -67.88175, -7.225831 ], [ -67.875776, -7.240182 ], [ -67.902956, -7.259931 ], [ -67.884031, -7.270764 ], [ -67.877305, -7.256708 ], [ -67.86203, -7.260705 ], [ -67.83886, -7.251876 ], [ -67.831506, -7.255427 ], [ -67.808725, -7.248521 ], [ -67.800637, -7.250624 ], [ -67.795389, -7.256916 ], [ -67.778638, -7.256936 ], [ -67.757505, -7.267534 ], [ -67.753142, -7.260932 ], [ -67.737448, -7.260507 ], [ -67.729727, -7.256336 ], [ -67.72411, -7.26249 ], [ -67.708665, -7.268127 ], [ -67.707894, -7.283899 ], [ -67.691275, -7.308959 ], [ -67.697496, -7.331 ], [ -67.691887, -7.337386 ], [ -67.675144, -7.341192 ], [ -67.66789, -7.337534 ], [ -67.662221, -7.342892 ], [ -67.654474, -7.356259 ], [ -67.651695, -7.37849 ], [ -67.644086, -7.383803 ], [ -67.641227, -7.399005 ], [ -67.625396, -7.400472 ], [ -67.611915, -7.410439 ], [ -67.598026, -7.401575 ], [ -67.583253, -7.382272 ], [ -67.575914, -7.378801 ], [ -67.57522, -7.370961 ], [ -67.564587, -7.348941 ], [ -67.522358, -7.324985 ], [ -67.517836, -7.318463 ], [ -67.515057, -7.302608 ], [ -67.509743, -7.297302 ], [ -67.502603, -7.291751 ], [ -67.496475, -7.268115 ], [ -67.50044, -7.261151 ], [ -67.500005, -7.246812 ], [ -67.500002, -7.206256 ] ] ] } },
{ "type": "Feature", "properties": { "HREG_ID": "13007", "HREG_NAME": "Regional Juruá", "id": "130100", "name": "Carauari", "description": "Carauari", "MUN_ID": "130100", "UF": "AM", "MACRO_ID": "1302", "MACRO_NAME": "Oeste" }, "geometry": { "type": "Polygon", "coordinates": [ [ [ -69.492005, -7.278863 ], [ -69.490532, -7.294438 ], [ -69.493776, -7.301657 ], [ -69.4845, -7.314319 ], [ -69.485719, -7.330032 ], [ -69.488307, -7.337429 ], [ -69.511198, -7.35984 ], [ -69.496002, -7.38202 ], [ -69.496811, -7.390479 ], [ -69.490561, -7.404528 ], [ -69.497305, -7.409377 ], [ -69.515721, -7.413909 ], [ -69.519999, -7.420688 ], [ -69.523831, -7.443837 ], [ -69.519166, -7.450175 ], [ -69.511609, -7.451269 ], [ -69.5082, -7.458554 ], [ -69.510852, -7.462793 ], [ -69.520416, -7.479278 ], [ -69.53322, -7.488883 ], [ -69.55248, -7.536775 ], [ -69.562866, -7.549287 ], [ -69.565113, -7.556898 ], [ -69.554752, -7.570088 ], [ -69.584306, -7.607798 ], [ -69.592062, -7.611799 ], [ -69.588624, -7.622905 ], [ -69.582, -7.633457 ], [ -69.574974, -7.637385 ], [ -69.572304, -7.644609 ], [ -69.556451, -7.650932 ], [ -69.554721, -7.658334 ], [ -69.569255, -7.686182 ], [ -69.583469, -7.6921 ], [ -69.590478, -7.688356 ], [ -69.598881, -7.692951 ], [ -69.614859, -7.717645 ], [ -69.610756, -7.734173 ], [ -69.624664, -7.752019 ], [ -69.632655, -7.755705 ], [ -69.646118, -7.762551 ], [ -69.648588, -7.770066 ], [ -69.656052, -7.766903 ], [ -69.664978, -7.781648 ], [ -69.672641, -7.780118 ], [ -69.67484, -7.787404 ], [ -69.681414, -7.792996 ], [ -69.696139, -7.784899 ], [ -69.704365, -7.78704 ], [ -69.730113, -7.819941 ], [ -69.743363, -7.821418 ], [ -69.750307, -7.834717 ], [ -69.763139, -7.842952 ], [ -69.766809, -7.863019 ], [ -69.791886, -7.867406 ], [ -69.797443, -7.873793 ], [ -69.797921, -7.890505 ], [ -69.79056, -7.892579 ], [ -69.784305, -7.908096 ], [ -69.788497, -7.939953 ], [ -69.799977, -7.951439 ], [ -69.79795, -7.976788 ], [ -69.786723, -7.998045 ], [ -69.800784, -8.040908 ], [ -69.801148, -8.060751 ], [ -69.801216, -8.060693 ], [ -69.988882, -7.900629 ], [ -70.050892, -7.847779 ], [ -70.051807, -7.846999 ], [ -70.235398, -7.824052 ], [ -70.3327, -7.812894 ], [ -70.515259, -7.791927 ], [ -70.518226, -7.791586 ], [ -70.65853, -7.775444 ], [ -70.678377, -7.773158 ], [ -70.706831, -7.769881 ], [ -70.724061, -7.767896 ], [ -70.77197, -7.762375 ], [ -70.773814, -7.762162 ], [ -70.791964, -7.76007 ], [ -71.087929, -7.725894 ], [ -71.381108, -7.691941 ], [ -71.394642, -7.690371 ], [ -71.645125, -7.661283 ], [ -71.722, -7.652341 ], [ -71.79183, -7.644213 ], [ -71.957436, -7.624918 ], [ -72.07709, -7.610959 ], [ -72.168961, -7.60023 ], [ -72.364303, -7.57739 ], [ -72.584193, -7.551635 ], [ -72.588009, -7.550251 ], [ -72.592429, -7.548648 ], [ -72.600081, -7.545873 ], [ -72.900611, -7.436948 ], [ -73.119561, -7.357676 ], [ -73.181938, -7.335105 ], [ -73.726428, -7.138357 ], [ -73.737624, -7.134317 ], [ -73.708222, -7.040785 ], [ -73.665649, -7.000348 ], [ -73.68309, -6.980285 ], [ -73.685177, -6.969426 ], [ -73.680104, -6.954026 ], [ -73.672779, -6.950347 ], [ -73.647413, -6.947365 ], [ -73.627344, -6.93621 ], [ -73.611234, -6.938349 ], [ -73.567559, -6.929835 ], [ -73.535079, -6.941787 ], [ -73.51498, -6.926458 ], [ -73.505813, -6.926271 ], [ -73.49805, -6.932489 ], [ -73.488397, -6.933669 ], [ -73.452979, -6.928673 ], [ -73.44419, -6.945256 ], [ -73.437211, -6.951667 ], [ -73.427241, -6.951467 ], [ -73.411116, -6.943855 ], [ -73.392419, -6.943355 ], [ -73.367095, -6.94966 ], [ -73.316836, -6.94033 ], [ -73.297735, -6.942614 ], [ -73.279982, -6.934969 ], [ -73.259588, -6.920219 ], [ -73.220447, -6.923844 ], [ -73.192617, -6.917931 ], [ -73.184553, -6.922326 ], [ -73.177829, -6.929429 ], [ -73.146506, -6.940219 ], [ -73.139863, -6.945774 ], [ -73.121622, -6.977243 ], [ -73.106342, -6.981071 ], [ -73.081538, -6.996015 ], [ -73.047622, -7.008403 ], [ -73.032895, -7.018502 ], [ -73.009536, -7.027927 ], [ -72.974865, -7.025003 ], [ -72.932781, -7.010799 ], [ -72.904914, -6.997421 ], [ -72.89739, -6.998789 ], [ -72.879642, -6.993291 ], [ -72.857091, -7.004816 ], [ -72.837564, -6.988913 ], [ -72.819615, -6.979345 ], [ -72.78434, -6.971918 ], [ -72.774824, -6.960869 ], [ -72.761584, -6.937611 ], [ -72.736397, -6.921146 ], [ -72.723945, -6.908054 ], [ -72.717087, -6.9047 ], [ -72.693417, -6.902937 ], [ -72.677631, -6.907925 ], [ -72.672041, -6.915628 ], [ -72.663004, -6.950094 ], [ -72.677435, -6.958907 ], [ -72.69647, -6.960543 ], [ -72.699491, -6.968733 ], [ -72.698053, -7.006414 ], [ -72.697977, -7.009504 ], [ -72.683315, -7.018153 ], [ -72.667163, -7.049669 ], [ -72.644259, -7.074382 ], [ -72.631756, -7.097298 ], [ -72.621363, -7.108367 ], [ -72.614387, -7.111354 ], [ -72.598978, -7.107313 ], [ -72.581948, -7.113796 ], [ -72.568921, -7.113397 ], [ -72.540619, -7.130003 ], [ -72.514363, -7.131719 ], [ -72.486444, -7.12682 ], [ -72.474703, -7.116972 ], [ -72.432252, -7.112109 ], [ -72.420503, -7.122746 ], [ -72.404648, -7.154297 ], [ -72.393059, -7.167112 ], [ -72.376448, -7.175168 ], [ -72.370439, -7.182622 ], [ -72.386713, -7.204153 ], [ -72.387003, -7.213548 ], [ -72.378454, -7.215553 ], [ -72.366726, -7.205705 ], [ -72.357918, -7.202656 ], [ -72.332419, -7.207215 ], [ -72.315003, -7.205033 ], [ -72.306258, -7.199777 ], [ -72.289804, -7.179694 ], [ -72.28228, -7.17666 ], [ -72.266785, -7.185927 ], [ -72.239702, -7.190959 ], [ -72.214944, -7.18054 ], [ -72.195041, -7.145191 ], [ -72.182918, -7.132857 ], [ -72.158361, -7.129074 ], [ -72.128588, -7.130716 ], [ -72.089473, -7.126092 ], [ -72.050642, -7.10243 ], [ -72.041335, -7.098973 ], [ -72.026682, -7.106192 ], [ -72.019089, -7.105834 ], [ -72.008416, -7.094866 ], [ -72.000028, -7.093102 ], [ -71.995659, -7.099489 ], [ -71.983671, -7.090187 ], [ -71.985041, -7.080492 ], [ -71.9729, -7.060462 ], [ -71.978669, -7.036894 ], [ -71.986574, -7.039635 ], [ -71.991458, -7.033484 ], [ -71.983575, -7.005524 ], [ -71.976309, -7.003212 ], [ -71.946452, -7.015595 ], [ -71.931202, -7.010811 ], [ -71.934279, -6.997893 ], [ -71.919668, -6.988243 ], [ -71.902921, -6.990522 ], [ -71.89527, -6.995585 ], [ -71.846652, -6.997697 ], [ -71.805222, -6.989507 ], [ -71.797401, -6.986546 ], [ -71.791799, -6.979816 ], [ -71.797017, -6.952318 ], [ -71.792552, -6.936651 ], [ -71.794592, -6.928865 ], [ -71.801913, -6.925795 ], [ -71.799877, -6.917236 ], [ -71.793461, -6.912569 ], [ -71.785614, -6.90781 ], [ -71.770615, -6.915021 ], [ -71.76011, -6.90059 ], [ -71.752947, -6.897952 ], [ -71.748563, -6.905483 ], [ -71.751316, -6.915313 ], [ -71.744587, -6.920254 ], [ -71.727476, -6.914678 ], [ -71.718287, -6.918465 ], [ -71.703912, -6.888582 ], [ -71.700501, -6.883391 ], [ -71.682622, -6.885278 ], [ -71.652989, -6.910187 ], [ -71.633619, -6.913005 ], [ -71.633489, -6.929902 ], [ -71.647544, -6.950845 ], [ -71.649493, -6.961592 ], [ -71.645502, -6.97047 ], [ -71.637832, -6.974062 ], [ -71.628029, -6.971064 ], [ -71.61728, -6.960206 ], [ -71.60964, -6.957279 ], [ -71.600414, -6.959699 ], [ -71.59659, -6.950777 ], [ -71.599127, -6.932049 ], [ -71.593058, -6.926341 ], [ -71.583448, -6.928309 ], [ -71.569394, -6.938838 ], [ -71.558235, -6.952702 ], [ -71.549587, -6.952038 ], [ -71.545573, -6.917709 ], [ -71.53797, -6.891633 ], [ -71.53771, -6.865228 ], [ -71.52964, -6.861567 ], [ -71.522347, -6.86809 ], [ -71.515753, -6.864638 ], [ -71.495669, -6.845906 ], [ -71.486871, -6.848492 ], [ -71.480097, -6.862825 ], [ -71.47178, -6.864097 ], [ -71.452272, -6.844716 ], [ -71.444574, -6.810554 ], [ -71.410669, -6.786851 ], [ -71.407855, -6.770064 ], [ -71.390394, -6.768245 ], [ -71.378069, -6.734625 ], [ -71.367322, -6.720455 ], [ -71.360767, -6.703942 ], [ -71.342762, -6.680952 ], [ -71.324557, -6.687466 ], [ -71.299524, -6.690438 ], [ -71.292666, -6.706164 ], [ -71.284066, -6.716158 ], [ -71.272029, -6.724856 ], [ -71.247801, -6.731253 ], [ -71.234775, -6.72029 ], [ -71.221233, -6.72023 ], [ -71.198251, -6.726828 ], [ -71.188946, -6.72657 ], [ -71.179916, -6.708615 ], [ -71.170917, -6.70501 ], [ -71.142923, -6.705906 ], [ -71.136573, -6.696232 ], [ -71.128527, -6.693578 ], [ -71.106057, -6.70932 ], [ -71.102644, -6.702198 ], [ -71.103724, -6.675362 ], [ -71.090198, -6.660153 ], [ -71.082002, -6.657166 ], [ -71.052753, -6.65835 ], [ -71.023699, -6.652939 ], [ -71.006584, -6.655932 ], [ -70.992905, -6.646426 ], [ -70.97492, -6.650611 ], [ -70.96258, -6.666554 ], [ -70.949086, -6.677004 ], [ -70.930971, -6.671528 ], [ -70.929423, -6.696644 ], [ -70.914722, -6.720504 ], [ -70.905893, -6.721153 ], [ -70.900162, -6.705346 ], [ -70.885196, -6.716338 ], [ -70.863638, -6.726011 ], [ -70.85368, -6.715304 ], [ -70.834194, -6.71901 ], [ -70.816307, -6.711391 ], [ -70.789868, -6.706854 ], [ -70.781747, -6.701253 ], [ -70.77634, -6.663815 ], [ -70.771671, -6.655657 ], [ -70.75639, -6.648075 ], [ -70.730278, -6.653738 ], [ -70.717228, -6.642413 ], [ -70.701418, -6.636164 ], [ -70.680417, -6.608877 ], [ -70.653034, -6.59473 ], [ -70.616775, -6.606577 ], [ -70.607359, -6.605065 ], [ -70.597393, -6.598518 ], [ -70.586203, -6.559349 ], [ -70.571336, -6.534154 ], [ -70.550777, -6.542533 ], [ -70.535894, -6.562568 ], [ -70.507082, -6.574099 ], [ -70.481365, -6.576347 ], [ -70.457943, -6.568084 ], [ -70.44058, -6.565867 ], [ -70.422961, -6.573479 ], [ -70.422458, -6.57427 ], [ -70.419222, -6.579363 ], [ -70.415999, -6.608708 ], [ -70.388971, -6.61054 ], [ -70.374417, -6.617017 ], [ -70.367501, -6.644721 ], [ -70.359873, -6.644973 ], [ -70.351504, -6.63803 ], [ -70.342383, -6.641273 ], [ -70.325948, -6.635491 ], [ -70.307585, -6.635107 ], [ -70.301888, -6.618334 ], [ -70.292261, -6.609457 ], [ -70.287333, -6.608998 ], [ -70.282555, -6.62752 ], [ -70.27633, -6.636719 ], [ -70.260809, -6.634425 ], [ -70.250337, -6.618992 ], [ -70.245113, -6.602173 ], [ -70.229857, -6.591 ], [ -70.213303, -6.58453 ], [ -70.205082, -6.586502 ], [ -70.200196, -6.604633 ], [ -70.193828, -6.611758 ], [ -70.167945, -6.612081 ], [ -70.142938, -6.608049 ], [ -70.132134, -6.611872 ], [ -70.125668, -6.618999 ], [ -70.115861, -6.618486 ], [ -70.091525, -6.631557 ], [ -70.085111, -6.62642 ], [ -70.081887, -6.60127 ], [ -70.075358, -6.595335 ], [ -70.057663, -6.596197 ], [ -70.051032, -6.591291 ], [ -70.052558, -6.572619 ], [ -70.047475, -6.564083 ], [ -70.028553, -6.567182 ], [ -70.015948, -6.578918 ], [ -70.014359, -6.588662 ], [ -70.005925, -6.586897 ], [ -70.005722, -6.586855 ], [ -69.989188, -6.566514 ], [ -69.981751, -6.563214 ], [ -69.952583, -6.569266 ], [ -69.932247, -6.580563 ], [ -69.917448, -6.566745 ], [ -69.90994, -6.547857 ], [ -69.893415, -6.547671 ], [ -69.886196, -6.543456 ], [ -69.869693, -6.552908 ], [ -69.863057, -6.547707 ], [ -69.858495, -6.549384 ], [ -69.841606, -6.566055 ], [ -69.832721, -6.569638 ], [ -69.816418, -6.568763 ], [ -69.808274, -6.564776 ], [ -69.797776, -6.551172 ], [ -69.794031, -6.527577 ], [ -69.795974, -6.473636 ], [ -69.793335, -6.465965 ], [ -69.782249, -6.449454 ], [ -69.76786, -6.438981 ], [ -69.757581, -6.437522 ], [ -69.733391, -6.427728 ], [ -69.701088, -6.422317 ], [ -69.686309, -6.433474 ], [ -69.670994, -6.426984 ], [ -69.650579, -6.428068 ], [ -69.607192, -6.438029 ], [ -69.588032, -6.460432 ], [ -69.57925, -6.464749 ], [ -69.563969, -6.461405 ], [ -69.548041, -6.467609 ], [ -69.532103, -6.457012 ], [ -69.514587, -6.411664 ], [ -69.500719, -6.397483 ], [ -69.486447, -6.388625 ], [ -69.412891, -6.356918 ], [ -69.394386, -6.355581 ], [ -69.345059, -6.363251 ], [ -69.332972, -6.360977 ], [ -69.323329, -6.348272 ], [ -69.317989, -6.330443 ], [ -69.311312, -6.306233 ], [ -69.305254, -6.299362 ], [ -69.283055, -6.283241 ], [ -69.27519, -6.282109 ], [ -69.267559, -6.283845 ], [ -69.215198, -6.334833 ], [ -69.209919, -6.344817 ], [ -69.213336, -6.372434 ], [ -69.236468, -6.412799 ], [ -69.233445, -6.428163 ], [ -69.225021, -6.431272 ], [ -69.216921, -6.431977 ], [ -69.20939, -6.428208 ], [ -69.180331, -6.404869 ], [ -69.157109, -6.417687 ], [ -69.149113, -6.413744 ], [ -69.139972, -6.406652 ], [ -69.131246, -6.389526 ], [ -69.117864, -6.376599 ], [ -69.101194, -6.370094 ], [ -69.090696, -6.37011 ], [ -69.068943, -6.378045 ], [ -69.054865, -6.391423 ], [ -69.03628, -6.398265 ], [ -69.018218, -6.389116 ], [ -68.994192, -6.35905 ], [ -68.978691, -6.362582 ], [ -68.954663, -6.373696 ], [ -68.94692, -6.375199 ], [ -68.944661, -6.367902 ], [ -68.936053, -6.370367 ], [ -68.930914, -6.376409 ], [ -68.923083, -6.376671 ], [ -68.916364, -6.371163 ], [ -68.917109, -6.360849 ], [ -68.909251, -6.359581 ], [ -68.896053, -6.367985 ], [ -68.888689, -6.382605 ], [ -68.886329, -6.390847 ], [ -68.872218, -6.402403 ], [ -68.878834, -6.416581 ], [ -68.873079, -6.424369 ], [ -68.863526, -6.420295 ], [ -68.837748, -6.420134 ], [ -68.822802, -6.424185 ], [ -68.810217, -6.41143 ], [ -68.814358, -6.396071 ], [ -68.808692, -6.388769 ], [ -68.776581, -6.394961 ], [ -68.768636, -6.400954 ], [ -68.761225, -6.397359 ], [ -68.751948, -6.398273 ], [ -68.754665, -6.415109 ], [ -68.74978, -6.421779 ], [ -68.740084, -6.425123 ], [ -68.714584, -6.416513 ], [ -68.709943, -6.409681 ], [ -68.702837, -6.406661 ], [ -68.682614, -6.408404 ], [ -68.671836, -6.408729 ], [ -68.662996, -6.404541 ], [ -68.66547, -6.370838 ], [ -68.680024, -6.362869 ], [ -68.681999, -6.354623 ], [ -68.673275, -6.328711 ], [ -68.676471, -6.321055 ], [ -68.686115, -6.321842 ], [ -68.685472, -6.313036 ], [ -68.681057, -6.306615 ], [ -68.663418, -6.290245 ], [ -68.648172, -6.287595 ], [ -68.630002, -6.268556 ], [ -68.622143, -6.271362 ], [ -68.617246, -6.265492 ], [ -68.608888, -6.262728 ], [ -68.601522, -6.235375 ], [ -68.596246, -6.22813 ], [ -68.586133, -6.229426 ], [ -68.572473, -6.208195 ], [ -68.554191, -6.208323 ], [ -68.54333, -6.195315 ], [ -68.535224, -6.191762 ], [ -68.510217, -6.193476 ], [ -68.504559, -6.187359 ], [ -68.494447, -6.185479 ], [ -68.487143, -6.178596 ], [ -68.463166, -6.17544 ], [ -68.450335, -6.163809 ], [ -68.432108, -6.164216 ], [ -68.418054, -6.142915 ], [ -68.398804, -6.129412 ], [ -68.388355, -6.116798 ], [ -68.372194, -6.108789 ], [ -68.368139, -6.10157 ], [ -68.370774, -6.093449 ], [ -68.368113, -6.083982 ], [ -68.343885, -6.081274 ], [ -68.322391, -6.066306 ], [ -68.312976, -6.066697 ], [ -68.306054, -6.061012 ], [ -68.304943, -6.050556 ], [ -68.304919, -6.034563 ], [ -68.297527, -6.007418 ], [ -68.307773, -5.984646 ], [ -68.31225, -5.958237 ], [ -68.310164, -5.949394 ], [ -68.297945, -5.938242 ], [ -68.295304, -5.921927 ], [ -68.265606, -5.90704 ], [ -68.246724, -5.92422 ], [ -68.238493, -5.927277 ], [ -68.229973, -5.929665 ], [ -68.214137, -5.924855 ], [ -68.209721, -5.917715 ], [ -68.214942, -5.893633 ], [ -68.20918, -5.868771 ], [ -68.224223, -5.822513 ], [ -68.218135, -5.805523 ], [ -68.23747, -5.769358 ], [ -68.249139, -5.757289 ], [ -68.238192, -5.730488 ], [ -68.228886, -5.718883 ], [ -68.226137, -5.709812 ], [ -68.231527, -5.686068 ], [ -68.274834, -5.659075 ], [ -68.280779, -5.651285 ], [ -68.275496, -5.637824 ], [ -68.255608, -5.618343 ], [ -68.23358, -5.587025 ], [ -68.240474, -5.581747 ], [ -68.264416, -5.578981 ], [ -68.272691, -5.574652 ], [ -68.273723, -5.566661 ], [ -68.259777, -5.520658 ], [ -68.260387, -5.512385 ], [ -68.273827, -5.502685 ], [ -68.270162, -5.494926 ], [ -68.253273, -5.491535 ], [ -68.235804, -5.473923 ], [ -68.219806, -5.477837 ], [ -68.206022, -5.46748 ], [ -68.204496, -5.458302 ], [ -68.217611, -5.448206 ], [ -68.21869, -5.440098 ], [ -68.216606, -5.420558 ], [ -68.21141, -5.413023 ], [ -68.208858, -5.397214 ], [ -68.214416, -5.380441 ], [ -68.220743, -5.375566 ], [ -68.222273, -5.366949 ], [ -68.204028, -5.299419 ], [ -68.19472, -5.281749 ], [ -68.200276, -5.220259 ], [ -68.189299, -5.197548 ], [ -68.169331, -5.180787 ], [ -68.171357, -5.163163 ], [ -68.160028, -5.138866 ], [ -68.13386, -5.116041 ], [ -68.112975, -5.086866 ], [ -68.097334, -5.080868 ], [ -68.091639, -5.046815 ], [ -68.084638, -5.042229 ], [ -68.071565, -5.050718 ], [ -68.061919, -5.066489 ], [ -68.048191, -5.059531 ], [ -68.040857, -5.041394 ], [ -68.043044, -5.011697 ], [ -68.048548, -4.992528 ], [ -68.037426, -4.973393 ], [ -67.996966, -4.947555 ], [ -67.996357, -4.939337 ], [ -68.002581, -4.934291 ], [ -68.003858, -4.918182 ], [ -67.993441, -4.889593 ], [ -67.994162, -4.88068 ], [ -68.005049, -4.872222 ], [ -68.006943, -4.862424 ], [ -67.992691, -4.841974 ], [ -67.998941, -4.799681 ], [ -67.988606, -4.777443 ], [ -67.982806, -4.754537 ], [ -67.976326, -4.749842 ], [ -67.968248, -4.749464 ], [ -67.957242, -4.761865 ], [ -67.950577, -4.776615 ], [ -67.944193, -4.780975 ], [ -67.927438, -4.778188 ], [ -67.924637, -4.787512 ], [ -67.922241, -4.786432 ], [ -67.912243, -4.777141 ], [ -67.888805, -4.783088 ], [ -67.872272, -4.780063 ], [ -67.865134, -4.774915 ], [ -67.855078, -4.753633 ], [ -67.851686, -4.729118 ], [ -67.818801, -4.685325 ], [ -67.792328, -4.665553 ], [ -67.761325, -4.651779 ], [ -67.709579, -4.597327 ], [ -67.6808, -4.579678 ], [ -67.657136, -4.57105 ], [ -67.648692, -4.571117 ], [ -67.620582, -4.588096 ], [ -67.611528, -4.591581 ], [ -67.602998, -4.589953 ], [ -67.575826, -4.546897 ], [ -67.569304, -4.542416 ], [ -67.543582, -4.538108 ], [ -67.496387, -4.539286 ], [ -67.476326, -4.512566 ], [ -67.452027, -4.505252 ], [ -67.434747, -4.506004 ], [ -67.401911, -4.517899 ], [ -67.378966, -4.544391 ], [ -67.364885, -4.553469 ], [ -67.357916, -4.550891 ], [ -67.35986, -4.542948 ], [ -67.356862, -4.535966 ], [ -67.34027, -4.516688 ], [ -67.331303, -4.517456 ], [ -67.325801, -4.524134 ], [ -67.314107, -4.518487 ], [ -67.308967, -4.512607 ], [ -67.307634, -4.504301 ], [ -67.289609, -4.487655 ], [ -67.294806, -4.481056 ], [ -67.270251, -4.460069 ], [ -67.269637, -4.452212 ], [ -67.246548, -4.462414 ], [ -67.23805, -4.476357 ], [ -67.229331, -4.477253 ], [ -67.213946, -4.481303 ], [ -67.206883, -4.477022 ], [ -67.192028, -4.485205 ], [ -67.176719, -4.484857 ], [ -67.170493, -4.480006 ], [ -67.1643, -4.486344 ], [ -67.155722, -4.484847 ], [ -67.142136, -4.492629 ], [ -67.134375, -4.487793 ], [ -67.113332, -4.481615 ], [ -67.097714, -4.482506 ], [ -67.092496, -4.488045 ], [ -67.084576, -4.484058 ], [ -67.061778, -4.492151 ], [ -67.055021, -4.488716 ], [ -67.046833, -4.492473 ], [ -67.04844, -4.501561 ], [ -67.042355, -4.507055 ], [ -67.034721, -4.511377 ], [ -67.025655, -4.508398 ], [ -66.957592, -4.494175 ], [ -66.895042, -4.480514 ], [ -66.895439, -4.456455 ], [ -66.892079, -4.440713 ], [ -66.882693, -4.427005 ], [ -66.88147, -4.417516 ], [ -66.888275, -4.394492 ], [ -66.884887, -4.387226 ], [ -66.886187, -4.378108 ], [ -66.896858, -4.354305 ], [ -66.913887, -4.336098 ], [ -66.913023, -4.327733 ], [ -66.919799, -4.323032 ], [ -66.914661, -4.317147 ], [ -66.921386, -4.312659 ], [ -66.928328, -4.295063 ], [ -66.78365, -4.295388 ], [ -66.767107, -4.295425 ], [ -66.737672, -4.295486 ], [ -66.565666, -4.295828 ], [ -66.537688, -4.295881 ], [ -66.519848, -4.295913 ], [ -66.380796, -4.296154 ], [ -66.358401, -4.296191 ], [ -66.181091, -4.296458 ], [ -66.16222, -4.296483 ], [ -65.949636, -4.294277 ], [ -66.058884, -4.400503 ], [ -66.082577, -4.400738 ], [ -66.099976, -4.395109 ], [ -66.124528, -4.403309 ], [ -66.145081, -4.418548 ], [ -66.150253, -4.424552 ], [ -66.152754, -4.443795 ], [ -66.166467, -4.453002 ], [ -66.187512, -4.481288 ], [ -66.202715, -4.486025 ], [ -66.21, -4.492061 ], [ -66.213413, -4.508984 ], [ -66.201078, -4.534703 ], [ -66.20408, -4.575779 ], [ -66.198359, -4.584805 ], [ -66.195304, -4.603087 ], [ -66.19911, -4.638549 ], [ -66.20654, -4.648545 ], [ -66.230946, -4.662119 ], [ -66.241724, -4.674793 ], [ -66.245111, -4.683418 ], [ -66.243271, -4.717346 ], [ -66.254221, -4.768171 ], [ -66.269248, -4.780022 ], [ -66.304159, -4.784176 ], [ -66.318832, -4.79038 ], [ -66.339273, -4.804386 ], [ -66.353972, -4.824658 ], [ -66.362637, -4.827634 ], [ -66.386942, -4.823966 ], [ -66.412018, -4.857188 ], [ -66.423192, -4.864759 ], [ -66.460164, -4.891757 ], [ -66.472055, -4.914603 ], [ -66.479699, -4.917253 ], [ -66.505556, -4.929847 ], [ -66.523611, -4.944606 ], [ -66.541583, -4.973221 ], [ -66.547722, -4.988935 ], [ -66.562632, -5.000379 ], [ -66.564082, -5.010396 ], [ -66.570272, -5.01748 ], [ -66.579413, -5.02794 ], [ -66.583705, -5.040708 ], [ -66.598549, -5.067419 ], [ -66.625194, -5.085281 ], [ -66.633469, -5.084045 ], [ -66.656583, -5.068689 ], [ -66.706149, -5.055666 ], [ -66.723347, -5.057887 ], [ -66.755442, -5.073448 ], [ -66.769222, -5.084163 ], [ -66.775887, -5.102093 ], [ -66.779661, -5.129927 ], [ -66.785615, -5.136599 ], [ -66.790388, -5.151835 ], [ -66.797162, -5.157129 ], [ -66.807611, -5.157685 ], [ -66.815055, -5.161781 ], [ -66.817669, -5.168989 ], [ -66.822418, -5.179478 ], [ -66.83636, -5.191998 ], [ -66.851863, -5.20092 ], [ -66.87214, -5.218568 ], [ -66.877944, -5.212155 ], [ -66.884242, -5.21856 ], [ -66.899918, -5.251034 ], [ -66.900468, -5.259237 ], [ -66.909029, -5.263378 ], [ -66.92541, -5.25847 ], [ -66.932834, -5.260982 ], [ -66.937191, -5.268691 ], [ -66.937857, -5.277182 ], [ -66.931107, -5.302768 ], [ -66.932831, -5.319352 ], [ -66.953582, -5.332747 ], [ -66.956749, -5.356392 ], [ -66.971246, -5.375874 ], [ -66.973263, -5.390139 ], [ -66.962553, -5.403813 ], [ -66.957642, -5.41951 ], [ -66.976078, -5.44404 ], [ -66.979054, -5.452109 ], [ -66.976721, -5.468061 ], [ -66.983246, -5.474952 ], [ -66.993499, -5.500586 ], [ -67.005134, -5.504825 ], [ -67.021281, -5.498953 ], [ -67.038525, -5.521971 ], [ -67.087055, -5.56158 ], [ -67.11047, -5.573469 ], [ -67.118141, -5.587707 ], [ -67.120607, -5.625196 ], [ -67.15747, -5.621153 ], [ -67.165494, -5.623092 ], [ -67.164971, -5.631766 ], [ -67.181946, -5.636936 ], [ -67.196941, -5.647049 ], [ -67.205362, -5.660601 ], [ -67.205165, -5.685994 ], [ -67.202359, -5.693918 ], [ -67.180999, -5.707789 ], [ -67.179443, -5.716143 ], [ -67.18478, -5.723101 ], [ -67.22286, -5.7501 ], [ -67.264748, -5.818422 ], [ -67.283267, -5.841927 ], [ -67.292753, -5.851494 ], [ -67.299883, -5.847894 ], [ -67.30672, -5.831985 ], [ -67.30903, -5.805884 ], [ -67.315472, -5.799623 ], [ -67.331828, -5.797708 ], [ -67.381471, -5.817913 ], [ -67.388228, -5.824361 ], [ -67.385354, -5.842976 ], [ -67.375805, -5.859991 ], [ -67.357412, -5.877458 ], [ -67.355419, -5.885767 ], [ -67.365473, -5.900591 ], [ -67.411362, -5.913335 ], [ -67.432417, -5.922277 ], [ -67.439975, -5.921784 ], [ -67.445274, -5.914623 ], [ -67.443719, -5.898037 ], [ -67.44739, -5.89045 ], [ -67.457614, -5.889636 ], [ -67.500026, -5.891923 ], [ -67.528669, -5.911288 ], [ -67.544444, -5.912207 ], [ -67.561637, -5.943832 ], [ -67.568439, -5.970581 ], [ -67.565299, -5.988309 ], [ -67.572077, -5.992389 ], [ -67.587748, -5.990708 ], [ -67.599446, -5.978416 ], [ -67.613634, -5.970665 ], [ -67.629057, -5.950965 ], [ -67.65061, -5.937216 ], [ -67.658947, -5.93501 ], [ -67.674143, -5.944023 ], [ -67.681139, -5.944435 ], [ -67.698776, -5.944939 ], [ -67.703252, -5.953391 ], [ -67.702278, -5.997294 ], [ -67.691636, -6.024382 ], [ -67.684943, -6.030042 ], [ -67.677278, -6.027792 ], [ -67.670471, -6.033729 ], [ -67.66869, -6.04322 ], [ -67.67561, -6.072106 ], [ -67.66841, -6.096016 ], [ -67.677846, -6.141116 ], [ -67.665224, -6.165152 ], [ -67.644442, -6.177846 ], [ -67.633467, -6.210982 ], [ -67.625024, -6.224312 ], [ -67.621001, -6.23909 ], [ -67.625913, -6.247473 ], [ -67.633662, -6.246873 ], [ -67.649111, -6.244524 ], [ -67.665946, -6.254153 ], [ -67.675553, -6.284118 ], [ -67.696304, -6.300857 ], [ -67.695553, -6.319436 ], [ -67.700163, -6.329512 ], [ -67.733057, -6.351764 ], [ -67.74544, -6.367942 ], [ -67.753774, -6.382845 ], [ -67.780553, -6.456021 ], [ -67.779142, -6.465521 ], [ -67.773914, -6.471093 ], [ -67.775668, -6.480202 ], [ -67.780023, -6.488792 ], [ -67.788308, -6.494167 ], [ -67.796643, -6.519347 ], [ -67.757165, -6.508631 ], [ -67.740862, -6.50907 ], [ -67.733698, -6.514273 ], [ -67.709864, -6.548115 ], [ -67.684435, -6.553115 ], [ -67.672169, -6.56071 ], [ -67.652025, -6.548892 ], [ -67.639977, -6.568846 ], [ -67.632363, -6.569559 ], [ -67.602578, -6.560115 ], [ -67.590779, -6.548781 ], [ -67.583946, -6.55294 ], [ -67.576088, -6.55306 ], [ -67.561138, -6.546525 ], [ -67.555889, -6.540185 ], [ -67.530744, -6.536012 ], [ -67.508778, -6.542202 ], [ -67.498305, -6.531316 ], [ -67.490393, -6.529733 ], [ -67.477386, -6.520396 ], [ -67.473385, -6.513315 ], [ -67.465138, -6.512367 ], [ -67.452912, -6.501758 ], [ -67.444609, -6.502061 ], [ -67.43564, -6.514875 ], [ -67.428751, -6.518999 ], [ -67.420992, -6.516056 ], [ -67.411468, -6.503887 ], [ -67.388806, -6.493946 ], [ -67.379307, -6.493004 ], [ -67.366611, -6.492201 ], [ -67.35283, -6.472012 ], [ -67.341804, -6.447886 ], [ -67.320442, -6.437224 ], [ -67.306608, -6.423946 ], [ -67.289884, -6.422379 ], [ -67.284579, -6.416353 ], [ -67.255501, -6.417431 ], [ -67.238003, -6.408779 ], [ -67.235001, -6.389132 ], [ -67.221359, -6.354143 ], [ -67.215501, -6.344427 ], [ -67.202333, -6.333086 ], [ -67.166367, -6.338233 ], [ -67.148332, -6.336221 ], [ -67.139277, -6.337757 ], [ -67.134162, -6.344151 ], [ -67.129114, -6.338061 ], [ -67.118804, -6.339329 ], [ -67.114328, -6.33222 ], [ -67.095527, -6.328908 ], [ -67.08761, -6.331122 ], [ -67.062937, -6.355456 ], [ -67.059441, -6.367499 ], [ -67.037974, -6.387783 ], [ -67.018495, -6.386904 ], [ -67.001133, -6.379492 ], [ -66.98175, -6.376062 ], [ -66.975947, -6.381381 ], [ -66.976833, -6.389872 ], [ -66.96708, -6.386768 ], [ -66.957921, -6.388538 ], [ -66.947585, -6.3843 ], [ -66.932336, -6.391786 ], [ -66.928057, -6.398162 ], [ -66.918107, -6.401177 ], [ -66.898413, -6.400072 ], [ -66.882503, -6.409478 ], [ -66.864358, -6.407796 ], [ -66.846415, -6.418631 ], [ -66.841694, -6.426433 ], [ -66.832754, -6.427572 ], [ -66.814723, -6.443176 ], [ -66.807838, -6.451835 ], [ -66.801031, -6.471774 ], [ -66.788742, -6.482113 ], [ -66.773528, -6.496082 ], [ -66.763057, -6.500022 ], [ -66.759305, -6.50849 ], [ -66.753471, -6.502853 ], [ -66.737413, -6.502674 ], [ -66.723917, -6.512048 ], [ -66.716636, -6.508881 ], [ -66.704664, -6.513519 ], [ -66.698025, -6.525867 ], [ -66.689665, -6.527866 ], [ -66.676581, -6.52016 ], [ -66.654442, -6.526911 ], [ -66.637054, -6.542719 ], [ -66.632695, -6.535286 ], [ -66.626251, -6.549993 ], [ -66.614782, -6.547862 ], [ -66.602861, -6.556369 ], [ -66.595164, -6.5542 ], [ -66.58764, -6.56774 ], [ -66.578723, -6.568464 ], [ -66.574329, -6.562166 ], [ -66.557722, -6.565674 ], [ -66.550082, -6.562246 ], [ -66.543911, -6.566771 ], [ -66.538305, -6.56152 ], [ -66.52872, -6.57415 ], [ -66.520526, -6.576914 ], [ -66.507304, -6.567392 ], [ -66.475363, -6.569725 ], [ -66.465692, -6.582874 ], [ -66.459031, -6.587719 ], [ -66.451222, -6.588264 ], [ -66.453053, -6.59597 ], [ -66.448221, -6.6027 ], [ -66.428997, -6.609013 ], [ -66.419559, -6.624914 ], [ -66.412358, -6.62098 ], [ -66.404889, -6.624999 ], [ -66.404421, -6.632586 ], [ -66.397721, -6.637009 ], [ -66.389666, -6.63468 ], [ -66.370029, -6.620454 ], [ -66.362473, -6.619615 ], [ -66.355535, -6.62698 ], [ -66.354249, -6.632827 ], [ -66.361224, -6.637098 ], [ -66.362693, -6.645459 ], [ -66.371029, -6.646326 ], [ -66.376531, -6.64041 ], [ -66.380392, -6.647467 ], [ -66.387555, -6.643128 ], [ -66.394888, -6.653231 ], [ -66.395776, -6.663649 ], [ -66.403361, -6.663117 ], [ -66.408696, -6.66854 ], [ -66.40961, -6.676815 ], [ -66.417834, -6.679301 ], [ -66.416672, -6.703056 ], [ -66.423773, -6.717114 ], [ -66.447337, -6.724632 ], [ -66.460635, -6.738116 ], [ -66.468724, -6.729412 ], [ -66.481082, -6.740195 ], [ -66.488219, -6.727187 ], [ -66.500028, -6.744653 ], [ -66.507607, -6.74251 ], [ -66.504328, -6.735399 ], [ -66.523242, -6.734946 ], [ -66.528279, -6.733033 ], [ -66.534526, -6.737993 ], [ -66.558833, -6.739548 ], [ -66.576246, -6.730671 ], [ -66.580359, -6.737787 ], [ -66.588078, -6.735437 ], [ -66.594387, -6.749978 ], [ -66.60669, -6.761267 ], [ -66.619445, -6.763205 ], [ -66.626139, -6.756941 ], [ -66.641975, -6.758649 ], [ -66.641164, -6.766709 ], [ -66.649524, -6.767687 ], [ -66.650336, -6.775793 ], [ -66.666197, -6.777429 ], [ -66.66953, -6.784729 ], [ -66.676276, -6.781033 ], [ -66.685778, -6.793383 ], [ -66.716666, -6.792159 ], [ -66.744585, -6.80001 ], [ -66.754028, -6.787634 ], [ -66.778746, -6.793939 ], [ -66.782802, -6.801047 ], [ -66.79025, -6.802364 ], [ -66.794777, -6.809203 ], [ -66.801752, -6.813464 ], [ -66.80911, -6.811242 ], [ -66.815195, -6.816743 ], [ -66.822336, -6.812666 ], [ -66.818866, -6.80581 ], [ -66.837528, -6.800189 ], [ -66.8435, -6.805217 ], [ -66.851636, -6.803221 ], [ -66.852914, -6.795332 ], [ -66.878003, -6.802079 ], [ -66.899248, -6.791952 ], [ -66.909976, -6.804117 ], [ -66.919275, -6.806334 ], [ -66.92536, -6.79206 ], [ -66.946112, -6.790195 ], [ -66.948967, -6.781722 ], [ -66.955833, -6.785566 ], [ -66.961529, -6.780451 ], [ -66.969247, -6.779721 ], [ -66.992473, -6.759974 ], [ -67.00003, -6.761699 ], [ -67.007969, -6.757859 ], [ -67.018971, -6.746778 ], [ -67.031556, -6.756371 ], [ -67.033862, -6.764249 ], [ -67.041137, -6.761854 ], [ -67.043003, -6.769646 ], [ -67.048773, -6.775543 ], [ -67.059663, -6.773655 ], [ -67.072029, -6.784061 ], [ -67.079748, -6.779856 ], [ -67.099558, -6.78511 ], [ -67.10016, -6.769498 ], [ -67.110997, -6.777931 ], [ -67.132856, -6.778423 ], [ -67.140773, -6.791183 ], [ -67.148335, -6.792005 ], [ -67.154975, -6.787007 ], [ -67.170109, -6.789445 ], [ -67.173891, -6.796311 ], [ -67.167302, -6.801146 ], [ -67.175361, -6.815681 ], [ -67.168968, -6.821087 ], [ -67.172419, -6.82869 ], [ -67.179585, -6.823396 ], [ -67.187198, -6.825069 ], [ -67.189587, -6.833125 ], [ -67.197888, -6.832605 ], [ -67.198223, -6.82453 ], [ -67.206474, -6.826612 ], [ -67.216581, -6.836422 ], [ -67.227722, -6.833085 ], [ -67.234802, -6.835802 ], [ -67.241915, -6.83252 ], [ -67.254419, -6.837234 ], [ -67.262975, -6.816058 ], [ -67.271666, -6.825538 ], [ -67.283552, -6.825023 ], [ -67.296975, -6.817316 ], [ -67.306942, -6.825155 ], [ -67.315809, -6.825382 ], [ -67.321777, -6.820675 ], [ -67.328724, -6.825422 ], [ -67.33911, -6.813038 ], [ -67.347139, -6.813449 ], [ -67.347219, -6.821753 ], [ -67.351668, -6.829948 ], [ -67.363473, -6.822723 ], [ -67.365776, -6.814532 ], [ -67.373863, -6.81213 ], [ -67.379784, -6.825957 ], [ -67.374615, -6.831971 ], [ -67.38256, -6.8355 ], [ -67.379864, -6.851217 ], [ -67.39008, -6.861304 ], [ -67.398081, -6.860031 ], [ -67.402856, -6.874538 ], [ -67.414302, -6.879124 ], [ -67.414057, -6.888571 ], [ -67.421027, -6.898747 ], [ -67.418837, -6.908485 ], [ -67.422159, -6.918698 ], [ -67.490133, -7.170937 ], [ -67.500002, -7.206256 ], [ -67.500005, -7.246812 ], [ -67.50044, -7.261151 ], [ -67.496475, -7.268115 ], [ -67.502603, -7.291751 ], [ -67.509743, -7.297302 ], [ -67.515057, -7.302608 ], [ -67.517836, -7.318463 ], [ -67.522358, -7.324985 ], [ -67.564587, -7.348941 ], [ -67.57522, -7.370961 ], [ -67.575914, -7.378801 ], [ -67.583253, -7.382272 ], [ -67.598026, -7.401575 ], [ -67.611915, -7.410439 ], [ -67.625396, -7.400472 ], [ -67.641227, -7.399005 ], [ -67.644086, -7.383803 ], [ -67.651695, -7.37849 ], [ -67.654474, -7.356259 ], [ -67.662221, -7.342892 ], [ -67.66789, -7.337534 ], [ -67.675144, -7.341192 ], [ -67.691887, -7.337386 ], [ -67.697496, -7.331 ], [ -67.691275, -7.308959 ], [ -67.707894, -7.283899 ], [ -67.708665, -7.268127 ], [ -67.72411, -7.26249 ], [ -67.729727, -7.256336 ], [ -67.737448, -7.260507 ], [ -67.753142, -7.260932 ], [ -67.757505, -7.267534 ], [ -67.778638, -7.256936 ], [ -67.795389, -7.256916 ], [ -67.800637, -7.250624 ], [ -67.808725, -7.248521 ], [ -67.831506, -7.255427 ], [ -67.83886, -7.251876 ], [ -67.86203, -7.260705 ], [ -67.877305, -7.256708 ], [ -67.884031, -7.270764 ], [ -67.902956, -7.259931 ], [ -67.875776, -7.240182 ], [ -67.88175, -7.225831 ], [ -67.881614, -7.209194 ], [ -67.894858, -7.200163 ], [ -67.89675, -7.192835 ], [ -67.891335, -7.187343 ], [ -67.893611, -7.179225 ], [ -67.901169, -7.165262 ], [ -67.914024, -7.15458 ], [ -67.927697, -7.162874 ], [ -67.93581, -7.163443 ], [ -67.946752, -7.151442 ], [ -67.954638, -7.149249 ], [ -67.96261, -7.151132 ], [ -67.977836, -7.145305 ], [ -67.999972, -7.150293 ], [ -68.010026, -7.138029 ], [ -68.018474, -7.138299 ], [ -68.027698, -7.125253 ], [ -68.040994, -7.116857 ], [ -68.063723, -7.122591 ], [ -68.076671, -7.143695 ], [ -68.083668, -7.14707 ], [ -68.091278, -7.149443 ], [ -68.106583, -7.143879 ], [ -68.114255, -7.146164 ], [ -68.127905, -7.161857 ], [ -68.130081, -7.16331 ], [ -68.144189, -7.155477 ], [ -68.155503, -7.1673 ], [ -68.174112, -7.166188 ], [ -68.177721, -7.162693 ], [ -68.177106, -7.146593 ], [ -68.181725, -7.140518 ], [ -68.196696, -7.135646 ], [ -68.201782, -7.14185 ], [ -68.232726, -7.152021 ], [ -68.246528, -7.160658 ], [ -68.25383, -7.163466 ], [ -68.264977, -7.175111 ], [ -68.272588, -7.177419 ], [ -68.297704, -7.167221 ], [ -68.319051, -7.158552 ], [ -68.324505, -7.164284 ], [ -68.332667, -7.162872 ], [ -68.344918, -7.174101 ], [ -68.360113, -7.17764 ], [ -68.376053, -7.17505 ], [ -68.38669, -7.179071 ], [ -68.394005, -7.168251 ], [ -68.406053, -7.176456 ], [ -68.410803, -7.169828 ], [ -68.41825, -7.166735 ], [ -68.432086, -7.174198 ], [ -68.433836, -7.166118 ], [ -68.450025, -7.16224 ], [ -68.456583, -7.157147 ], [ -68.461643, -7.141583 ], [ -68.487055, -7.161183 ], [ -68.484281, -7.176789 ], [ -68.49064, -7.191125 ], [ -68.484753, -7.20665 ], [ -68.476169, -7.220043 ], [ -68.498138, -7.253392 ], [ -68.507528, -7.25162 ], [ -68.518839, -7.241299 ], [ -68.530956, -7.245687 ], [ -68.533611, -7.246648 ], [ -68.538387, -7.239511 ], [ -68.542335, -7.223389 ], [ -68.57445, -7.219205 ], [ -68.57339, -7.211461 ], [ -68.566223, -7.208625 ], [ -68.565917, -7.20034 ], [ -68.584143, -7.183403 ], [ -68.598359, -7.17852 ], [ -68.59697, -7.173517 ], [ -68.592862, -7.161253 ], [ -68.60498, -7.141696 ], [ -68.648892, -7.107414 ], [ -68.6624, -7.103999 ], [ -68.687998, -7.101845 ], [ -68.70314, -7.105427 ], [ -68.713533, -7.117557 ], [ -68.729227, -7.121707 ], [ -68.766449, -7.108049 ], [ -68.782997, -7.10809 ], [ -68.805999, -7.099131 ], [ -68.82875, -7.106607 ], [ -68.833666, -7.113188 ], [ -68.840005, -7.108182 ], [ -68.863569, -7.103316 ], [ -68.878893, -7.108141 ], [ -68.902474, -7.104746 ], [ -68.904385, -7.096785 ], [ -68.909887, -7.091413 ], [ -68.916554, -7.095574 ], [ -68.9235, -7.090868 ], [ -68.930864, -7.076311 ], [ -68.944749, -7.083791 ], [ -68.956809, -7.071653 ], [ -68.962246, -7.078048 ], [ -68.970666, -7.076667 ], [ -68.969472, -7.068968 ], [ -68.974665, -7.062461 ], [ -68.988336, -7.055236 ], [ -68.995717, -7.057703 ], [ -69.016587, -7.075411 ], [ -69.024888, -7.075817 ], [ -69.032168, -7.072546 ], [ -69.033607, -7.064598 ], [ -69.025804, -7.051508 ], [ -69.013221, -7.042519 ], [ -69.012138, -7.034417 ], [ -69.016943, -7.028247 ], [ -69.024719, -7.025704 ], [ -69.03953, -7.028633 ], [ -69.058059, -7.054685 ], [ -69.064527, -7.050669 ], [ -69.068968, -7.035154 ], [ -69.076532, -7.035802 ], [ -69.086998, -7.048106 ], [ -69.091112, -7.041575 ], [ -69.093164, -7.025872 ], [ -69.108811, -7.028812 ], [ -69.117495, -7.019374 ], [ -69.126447, -7.015538 ], [ -69.133415, -6.992129 ], [ -69.132081, -6.961127 ], [ -69.138528, -6.956189 ], [ -69.164916, -6.960504 ], [ -69.172306, -6.950062 ], [ -69.182082, -6.944489 ], [ -69.192251, -6.944575 ], [ -69.217003, -6.977525 ], [ -69.249896, -6.999735 ], [ -69.259031, -7.003082 ], [ -69.265583, -6.996407 ], [ -69.27378, -7.000032 ], [ -69.285834, -7.011782 ], [ -69.308502, -7.007785 ], [ -69.323556, -7.014956 ], [ -69.339468, -7.011222 ], [ -69.354836, -7.01721 ], [ -69.360499, -7.012192 ], [ -69.376274, -7.017101 ], [ -69.389502, -7.026142 ], [ -69.391532, -7.034787 ], [ -69.403864, -7.044946 ], [ -69.402054, -7.052996 ], [ -69.414692, -7.06173 ], [ -69.413308, -7.074264 ], [ -69.421311, -7.076576 ], [ -69.426033, -7.083368 ], [ -69.441832, -7.085604 ], [ -69.456669, -7.093609 ], [ -69.461414, -7.099969 ], [ -69.485974, -7.105466 ], [ -69.487219, -7.113476 ], [ -69.482366, -7.120103 ], [ -69.482419, -7.128517 ], [ -69.461777, -7.140304 ], [ -69.453829, -7.145791 ], [ -69.455856, -7.170169 ], [ -69.468975, -7.178598 ], [ -69.484365, -7.180419 ], [ -69.484977, -7.196482 ], [ -69.490478, -7.202781 ], [ -69.478474, -7.223617 ], [ -69.473886, -7.25185 ], [ -69.492005, -7.278863 ] ] ] } },
{ "type": "Feature", "properties": { "HREG_ID": "13008", "HREG_NAME": "Triângulo", "id": "130002", "name": "Alvarães", "description": "Alvarães", "MUN_ID": "130002", "UF": "AM", "MACRO_ID": "1302", "MACRO_NAME": "Oeste" }, "geometry": { "type": "Polygon", "coordinates": [ [ [ -64.075966, -3.767042 ], [ -64.083409, -3.768428 ], [ -64.092245, -3.75251 ], [ -64.101967, -3.75394 ], [ -64.110467, -3.759455 ], [ -64.149443, -3.797269 ], [ -64.159359, -3.811285 ], [ -64.157438, -3.82899 ], [ -64.161211, -3.848436 ], [ -64.166027, -3.865183 ], [ -64.189549, -3.871538 ], [ -64.220055, -3.888517 ], [ -64.24494, -3.893391 ], [ -64.26258, -3.914739 ], [ -64.267526, -3.930985 ], [ -64.274439, -3.934301 ], [ -64.276301, -3.942967 ], [ -64.287614, -3.954647 ], [ -64.311748, -3.958384 ], [ -64.332334, -3.97705 ], [ -64.348491, -3.980038 ], [ -64.383911, -3.972374 ], [ -64.407943, -3.983479 ], [ -64.447856, -3.987814 ], [ -64.483633, -3.967213 ], [ -64.490111, -3.967915 ], [ -64.525332, -3.959081 ], [ -64.545543, -3.967133 ], [ -64.564302, -3.989762 ], [ -64.566527, -4.00004 ], [ -64.561465, -4.006258 ], [ -64.56258, -4.016078 ], [ -64.566611, -4.032881 ], [ -64.576248, -4.048159 ], [ -64.582413, -4.053921 ], [ -64.610718, -4.064833 ], [ -64.618553, -4.070794 ], [ -64.646611, -4.119524 ], [ -64.659443, -4.128041 ], [ -64.669494, -4.128051 ], [ -64.685555, -4.119462 ], [ -64.698286, -4.117249 ], [ -64.708859, -4.124995 ], [ -64.717471, -4.142207 ], [ -64.721606, -4.179127 ], [ -64.728125, -4.192431 ], [ -64.740747, -4.198707 ], [ -64.77647, -4.206309 ], [ -64.790833, -4.222102 ], [ -64.814025, -4.26674 ], [ -64.826994, -4.27723 ], [ -64.863441, -4.288941 ], [ -64.889798, -4.282557 ], [ -64.900346, -4.284919 ], [ -64.916998, -4.294596 ], [ -64.934078, -4.298707 ], [ -64.944917, -4.297692 ], [ -64.951677, -4.29295 ], [ -64.968944, -4.284438 ], [ -64.978861, -4.28309 ], [ -64.993751, -4.294114 ], [ -64.999141, -4.302989 ], [ -65.006162, -4.319363 ], [ -65.014935, -4.361443 ], [ -65.017708, -4.413739 ], [ -65.026245, -4.428328 ], [ -65.03863, -4.440002 ], [ -65.091602, -4.45474 ], [ -65.098491, -4.460372 ], [ -65.108273, -4.473037 ], [ -65.115588, -4.502355 ], [ -65.122664, -4.516508 ], [ -65.184334, -4.565276 ], [ -65.21783, -4.58603 ], [ -65.240272, -4.608154 ], [ -65.257, -4.619815 ], [ -65.27702, -4.625256 ], [ -65.318328, -4.622474 ], [ -65.327666, -4.619603 ], [ -65.343693, -4.60789 ], [ -65.353057, -4.605588 ], [ -65.359424, -4.608038 ], [ -65.363465, -4.609594 ], [ -65.36769, -4.62717 ], [ -65.377444, -4.647552 ], [ -65.394913, -4.661721 ], [ -65.404556, -4.666011 ], [ -65.430971, -4.667355 ], [ -65.446106, -4.679892 ], [ -65.45358, -4.710082 ], [ -65.45664, -4.739533 ], [ -65.466441, -4.770951 ], [ -65.482778, -4.788549 ], [ -65.515888, -4.81539 ], [ -65.541464, -4.854752 ], [ -65.569383, -4.87781 ], [ -65.57823, -4.895017 ], [ -65.570437, -4.943829 ], [ -65.576417, -4.960249 ], [ -65.596642, -4.980917 ], [ -65.622444, -5.023411 ], [ -65.680357, -5.036983 ], [ -65.689699, -5.057056 ], [ -65.693293, -5.068074 ], [ -65.696468, -5.077804 ], [ -65.698106, -5.095345 ], [ -65.697299, -5.105036 ], [ -65.692301, -5.111823 ], [ -65.659386, -5.106376 ], [ -65.644387, -5.118323 ], [ -65.649522, -5.134652 ], [ -65.689883, -5.172794 ], [ -65.699746, -5.188911 ], [ -65.700832, -5.204998 ], [ -65.690447, -5.233193 ], [ -65.677941, -5.260857 ], [ -65.674611, -5.279015 ], [ -65.676084, -5.299041 ], [ -65.681248, -5.307205 ], [ -65.690304, -5.310391 ], [ -65.699526, -5.307947 ], [ -65.726858, -5.285424 ], [ -65.742362, -5.290238 ], [ -65.752772, -5.302473 ], [ -65.760809, -5.305619 ], [ -65.803337, -5.298914 ], [ -65.829579, -5.307241 ], [ -65.852692, -5.32334 ], [ -65.865578, -5.337372 ], [ -65.884916, -5.370018 ], [ -65.893056, -5.393841 ], [ -65.900051, -5.436606 ], [ -65.903579, -5.443428 ], [ -65.912361, -5.437972 ], [ -65.940444, -5.406654 ], [ -65.955859, -5.398904 ], [ -65.964334, -5.398025 ], [ -65.988492, -5.413402 ], [ -66.013805, -5.419201 ], [ -66.057251, -5.421868 ], [ -66.082191, -5.414962 ], [ -66.093522, -5.402209 ], [ -66.084001, -5.378752 ], [ -66.091112, -5.372386 ], [ -66.098832, -5.370431 ], [ -66.115513, -5.36969 ], [ -66.127083, -5.382348 ], [ -66.142467, -5.389783 ], [ -66.150721, -5.385699 ], [ -66.157218, -5.36949 ], [ -66.165609, -5.367186 ], [ -66.192357, -5.366825 ], [ -66.226551, -5.359745 ], [ -66.234857, -5.361687 ], [ -66.268053, -5.356208 ], [ -66.284837, -5.357312 ], [ -66.293773, -5.359816 ], [ -66.307586, -5.370915 ], [ -66.336333, -5.385546 ], [ -66.351612, -5.381627 ], [ -66.359661, -5.385561 ], [ -66.366584, -5.390461 ], [ -66.375355, -5.404007 ], [ -66.388501, -5.413822 ], [ -66.407158, -5.421941 ], [ -66.427995, -5.431713 ], [ -66.470196, -5.433426 ], [ -66.478404, -5.43797 ], [ -66.487967, -5.437803 ], [ -66.49436, -5.43314 ], [ -66.503247, -5.43473 ], [ -66.517277, -5.444419 ], [ -66.525667, -5.44296 ], [ -66.531947, -5.438582 ], [ -66.537195, -5.42079 ], [ -66.55139, -5.411658 ], [ -66.543556, -5.394759 ], [ -66.554724, -5.370719 ], [ -66.561555, -5.366333 ], [ -66.569361, -5.366805 ], [ -66.575334, -5.372 ], [ -66.575917, -5.379983 ], [ -66.564245, -5.393212 ], [ -66.571585, -5.408929 ], [ -66.573046, -5.434896 ], [ -66.581111, -5.449437 ], [ -66.583495, -5.46657 ], [ -66.629995, -5.486803 ], [ -66.638774, -5.502278 ], [ -66.641556, -5.519926 ], [ -66.648197, -5.523585 ], [ -66.656024, -5.519801 ], [ -66.659869, -5.521409 ], [ -66.669032, -5.528996 ], [ -66.673726, -5.547008 ], [ -66.684746, -5.559007 ], [ -66.704969, -5.559438 ], [ -66.714495, -5.54544 ], [ -66.722109, -5.544441 ], [ -66.754999, -5.547891 ], [ -66.769194, -5.554239 ], [ -66.779857, -5.553536 ], [ -66.785107, -5.54679 ], [ -66.782582, -5.530787 ], [ -66.787937, -5.524709 ], [ -66.795638, -5.52263 ], [ -66.80164, -5.528454 ], [ -66.809218, -5.530279 ], [ -66.835493, -5.526054 ], [ -66.853248, -5.527586 ], [ -66.857079, -5.51966 ], [ -66.872608, -5.510624 ], [ -66.877139, -5.50451 ], [ -66.88525, -5.502248 ], [ -66.891389, -5.50682 ], [ -66.898354, -5.502942 ], [ -66.902691, -5.496542 ], [ -66.90286, -5.452111 ], [ -66.907001, -5.443721 ], [ -66.922215, -5.440361 ], [ -66.940806, -5.424774 ], [ -66.957642, -5.41951 ], [ -66.962553, -5.403813 ], [ -66.973263, -5.390139 ], [ -66.971246, -5.375874 ], [ -66.956749, -5.356392 ], [ -66.953582, -5.332747 ], [ -66.932831, -5.319352 ], [ -66.931107, -5.302768 ], [ -66.937857, -5.277182 ], [ -66.937191, -5.268691 ], [ -66.932834, -5.260982 ], [ -66.92541, -5.25847 ], [ -66.909029, -5.263378 ], [ -66.900468, -5.259237 ], [ -66.899918, -5.251034 ], [ -66.884242, -5.21856 ], [ -66.877944, -5.212155 ], [ -66.87214, -5.218568 ], [ -66.851863, -5.20092 ], [ -66.83636, -5.191998 ], [ -66.822418, -5.179478 ], [ -66.817669, -5.168989 ], [ -66.815055, -5.161781 ], [ -66.807611, -5.157685 ], [ -66.797162, -5.157129 ], [ -66.790388, -5.151835 ], [ -66.785615, -5.136599 ], [ -66.779661, -5.129927 ], [ -66.775887, -5.102093 ], [ -66.769222, -5.084163 ], [ -66.755442, -5.073448 ], [ -66.723347, -5.057887 ], [ -66.706149, -5.055666 ], [ -66.656583, -5.068689 ], [ -66.633469, -5.084045 ], [ -66.625194, -5.085281 ], [ -66.598549, -5.067419 ], [ -66.583705, -5.040708 ], [ -66.579413, -5.02794 ], [ -66.570272, -5.01748 ], [ -66.564082, -5.010396 ], [ -66.562632, -5.000379 ], [ -66.547722, -4.988935 ], [ -66.541583, -4.973221 ], [ -66.523611, -4.944606 ], [ -66.505556, -4.929847 ], [ -66.479699, -4.917253 ], [ -66.472055, -4.914603 ], [ -66.460164, -4.891757 ], [ -66.423192, -4.864759 ], [ -66.412018, -4.857188 ], [ -66.386942, -4.823966 ], [ -66.362637, -4.827634 ], [ -66.353972, -4.824658 ], [ -66.339273, -4.804386 ], [ -66.318832, -4.79038 ], [ -66.304159, -4.784176 ], [ -66.269248, -4.780022 ], [ -66.254221, -4.768171 ], [ -66.243271, -4.717346 ], [ -66.245111, -4.683418 ], [ -66.241724, -4.674793 ], [ -66.230946, -4.662119 ], [ -66.20654, -4.648545 ], [ -66.19911, -4.638549 ], [ -66.195304, -4.603087 ], [ -66.198359, -4.584805 ], [ -66.20408, -4.575779 ], [ -66.201078, -4.534703 ], [ -66.213413, -4.508984 ], [ -66.21, -4.492061 ], [ -66.202715, -4.486025 ], [ -66.187512, -4.481288 ], [ -66.166467, -4.453002 ], [ -66.152754, -4.443795 ], [ -66.150253, -4.424552 ], [ -66.145081, -4.418548 ], [ -66.124528, -4.403309 ], [ -66.099976, -4.395109 ], [ -66.082577, -4.400738 ], [ -66.058884, -4.400503 ], [ -65.949636, -4.294277 ], [ -66.16222, -4.296483 ], [ -66.181091, -4.296458 ], [ -66.358401, -4.296191 ], [ -66.380796, -4.296154 ], [ -66.519848, -4.295913 ], [ -66.537688, -4.295881 ], [ -66.565666, -4.295828 ], [ -66.737672, -4.295486 ], [ -66.767107, -4.295425 ], [ -66.78365, -4.295388 ], [ -66.928328, -4.295063 ], [ -66.926526, -4.261824 ], [ -66.909416, -4.234575 ], [ -66.91358, -4.228251 ], [ -66.921471, -4.225002 ], [ -66.93283, -4.212045 ], [ -66.948029, -4.207372 ], [ -66.968721, -4.19392 ], [ -66.99319, -4.187618 ], [ -67.034242, -4.146306 ], [ -67.041718, -4.144132 ], [ -67.048467, -4.129644 ], [ -67.056055, -4.128773 ], [ -67.056912, -4.111515 ], [ -67.064299, -4.107705 ], [ -67.067246, -4.090873 ], [ -67.072193, -4.085047 ], [ -67.068272, -4.077854 ], [ -67.072965, -4.061913 ], [ -67.083584, -4.05032 ], [ -67.104191, -4.037207 ], [ -67.112304, -4.040339 ], [ -67.120131, -4.038736 ], [ -67.126103, -4.032109 ], [ -67.133636, -4.030671 ], [ -67.140967, -4.014136 ], [ -67.15428, -4.006472 ], [ -67.163053, -3.992693 ], [ -67.164739, -3.985071 ], [ -67.170634, -3.978643 ], [ -67.172719, -3.963278 ], [ -67.177856, -3.95741 ], [ -67.175553, -3.949154 ], [ -67.189388, -3.930735 ], [ -67.195156, -3.916435 ], [ -67.195333, -3.907208 ], [ -67.189108, -3.901903 ], [ -67.19319, -3.895223 ], [ -67.18369, -3.881033 ], [ -67.176221, -3.884098 ], [ -67.132883, -3.933792 ], [ -67.111502, -3.944345 ], [ -67.077804, -3.951713 ], [ -67.062171, -3.960099 ], [ -67.047093, -3.963813 ], [ -67.008386, -3.985375 ], [ -66.995223, -3.987219 ], [ -66.988629, -3.982755 ], [ -66.983459, -3.970955 ], [ -66.982051, -3.958639 ], [ -66.977219, -3.952631 ], [ -66.978134, -3.944997 ], [ -66.987851, -3.922205 ], [ -67.009519, -3.895866 ], [ -67.007166, -3.877711 ], [ -66.994634, -3.868068 ], [ -66.994998, -3.858953 ], [ -66.987994, -3.854942 ], [ -66.970497, -3.860677 ], [ -66.969045, -3.852498 ], [ -66.972158, -3.790997 ], [ -66.979188, -3.775356 ], [ -66.976136, -3.747281 ], [ -66.986748, -3.725365 ], [ -66.988748, -3.707383 ], [ -66.973498, -3.681782 ], [ -66.94097, -3.655073 ], [ -66.935188, -3.637603 ], [ -66.922911, -3.624678 ], [ -66.909836, -3.577206 ], [ -66.914583, -3.571163 ], [ -66.930416, -3.565448 ], [ -66.946186, -3.553396 ], [ -66.997716, -3.548279 ], [ -67.013827, -3.5406 ], [ -67.02761, -3.528683 ], [ -67.032996, -3.511039 ], [ -67.026442, -3.483472 ], [ -67.034444, -3.415297 ], [ -67.023136, -3.393275 ], [ -66.992135, -3.372706 ], [ -66.995994, -3.348585 ], [ -66.995188, -3.340871 ], [ -66.989995, -3.334115 ], [ -66.983134, -3.329822 ], [ -66.966884, -3.327147 ], [ -66.941166, -3.303385 ], [ -66.934167, -3.278022 ], [ -66.938246, -3.261151 ], [ -66.937218, -3.244999 ], [ -66.927018, -3.23137 ], [ -66.920048, -3.207141 ], [ -66.903164, -3.16975 ], [ -66.875614, -3.145972 ], [ -66.871329, -3.142325 ], [ -66.847465, -3.137724 ], [ -66.825473, -3.145382 ], [ -66.800439, -3.144387 ], [ -66.784772, -3.149983 ], [ -66.767731, -3.165457 ], [ -66.758718, -3.161717 ], [ -66.748161, -3.165388 ], [ -66.730997, -3.155925 ], [ -66.715742, -3.16 ], [ -66.708214, -3.158696 ], [ -66.70152, -3.162962 ], [ -66.684827, -3.162137 ], [ -66.67366, -3.150936 ], [ -66.666248, -3.153143 ], [ -66.65928, -3.149986 ], [ -66.65147, -3.15292 ], [ -66.647611, -3.146409 ], [ -66.639135, -3.145598 ], [ -66.6245, -3.137852 ], [ -66.619939, -3.144467 ], [ -66.612517, -3.147523 ], [ -66.593882, -3.140052 ], [ -66.585143, -3.145675 ], [ -66.558709, -3.148071 ], [ -66.551802, -3.152498 ], [ -66.532581, -3.15073 ], [ -66.527609, -3.156882 ], [ -66.515693, -3.146396 ], [ -66.508719, -3.149916 ], [ -66.504384, -3.143455 ], [ -66.473686, -3.148525 ], [ -66.467917, -3.14018 ], [ -66.460249, -3.137012 ], [ -66.445162, -3.140862 ], [ -66.437663, -3.138257 ], [ -66.431942, -3.143661 ], [ -66.42294, -3.143182 ], [ -66.410887, -3.132241 ], [ -66.403521, -3.137054 ], [ -66.38769, -3.138792 ], [ -66.38275, -3.145452 ], [ -66.367744, -3.1403 ], [ -66.345576, -3.150886 ], [ -66.338718, -3.14699 ], [ -66.331776, -3.161602 ], [ -66.316381, -3.157981 ], [ -66.306246, -3.15656 ], [ -66.301386, -3.150543 ], [ -66.302556, -3.142982 ], [ -66.294916, -3.142068 ], [ -66.281578, -3.13417 ], [ -66.265017, -3.134422 ], [ -66.254294, -3.127635 ], [ -66.244216, -3.12612 ], [ -66.247856, -3.118818 ], [ -66.244578, -3.111641 ], [ -66.236884, -3.107618 ], [ -66.221581, -3.079824 ], [ -66.208215, -3.069875 ], [ -66.215409, -3.065859 ], [ -66.21688, -3.058353 ], [ -66.207858, -3.044352 ], [ -66.207547, -3.021035 ], [ -66.199831, -3.017962 ], [ -66.196053, -3.01083 ], [ -66.206388, -2.997162 ], [ -66.20291, -2.989453 ], [ -66.195273, -2.986389 ], [ -66.197715, -2.970566 ], [ -66.190806, -2.955839 ], [ -66.186217, -2.949388 ], [ -66.179802, -2.95411 ], [ -66.172717, -2.94955 ], [ -66.168129, -2.925854 ], [ -66.160636, -2.923342 ], [ -66.151269, -2.908981 ], [ -66.128457, -2.896251 ], [ -66.12305, -2.883076 ], [ -66.107467, -2.878411 ], [ -66.10702, -2.870215 ], [ -66.115299, -2.847766 ], [ -66.100246, -2.840492 ], [ -66.094249, -2.824496 ], [ -66.087713, -2.819768 ], [ -66.089105, -2.811774 ], [ -66.084702, -2.805883 ], [ -66.079654, -2.798495 ], [ -66.071519, -2.787341 ], [ -66.076102, -2.780836 ], [ -66.062553, -2.771727 ], [ -66.066963, -2.764939 ], [ -66.066331, -2.756914 ], [ -66.048857, -2.729455 ], [ -66.038161, -2.72304 ], [ -66.03061, -2.722512 ], [ -66.030193, -2.714942 ], [ -66.022219, -2.712604 ], [ -66.018075, -2.704627 ], [ -66.018246, -2.69575 ], [ -66.009915, -2.693593 ], [ -66.00355, -2.698477 ], [ -65.995968, -2.699073 ], [ -65.99358, -2.680512 ], [ -65.987079, -2.675202 ], [ -65.9783, -2.659455 ], [ -65.975107, -2.641908 ], [ -65.967636, -2.639261 ], [ -65.958571, -2.629244 ], [ -65.954607, -2.627445 ], [ -65.947191, -2.630533 ], [ -65.942276, -2.624384 ], [ -65.949438, -2.621184 ], [ -65.953051, -2.613467 ], [ -65.946383, -2.606316 ], [ -65.932613, -2.61533 ], [ -65.918075, -2.604685 ], [ -65.912775, -2.611789 ], [ -65.907612, -2.605933 ], [ -65.901244, -2.611507 ], [ -65.894883, -2.606749 ], [ -65.888325, -2.590035 ], [ -65.878801, -2.59378 ], [ -65.874804, -2.601873 ], [ -65.882273, -2.607294 ], [ -65.878854, -2.614531 ], [ -65.853632, -2.611871 ], [ -65.842103, -2.596819 ], [ -65.820992, -2.60206 ], [ -65.798382, -2.587285 ], [ -65.793688, -2.595042 ], [ -65.792023, -2.612964 ], [ -65.788948, -2.61657 ], [ -65.771717, -2.632758 ], [ -65.763824, -2.632126 ], [ -65.765715, -2.622984 ], [ -65.762302, -2.603486 ], [ -65.765858, -2.594322 ], [ -65.800103, -2.563759 ], [ -65.812129, -2.535599 ], [ -65.812408, -2.497391 ], [ -65.787772, -2.482536 ], [ -65.775382, -2.483723 ], [ -65.738336, -2.507751 ], [ -65.726714, -2.518218 ], [ -65.718511, -2.536437 ], [ -65.712776, -2.572085 ], [ -65.71363, -2.61171 ], [ -65.686467, -2.645704 ], [ -65.66325, -2.661867 ], [ -65.614304, -2.66217 ], [ -65.594363, -2.658824 ], [ -65.557082, -2.633584 ], [ -65.5315, -2.605613 ], [ -65.52344, -2.601466 ], [ -65.508186, -2.563787 ], [ -65.487159, -2.538481 ], [ -65.441944, -2.509715 ], [ -65.424082, -2.487863 ], [ -65.398668, -2.469732 ], [ -65.397195, -2.450155 ], [ -65.390634, -2.4452 ], [ -65.383137, -2.44841 ], [ -65.371858, -2.460895 ], [ -65.339632, -2.473485 ], [ -65.307163, -2.431081 ], [ -65.305297, -2.422039 ], [ -65.307637, -2.414764 ], [ -65.327522, -2.401323 ], [ -65.346632, -2.397521 ], [ -65.38544, -2.410336 ], [ -65.393054, -2.406113 ], [ -65.394048, -2.395962 ], [ -65.39069, -2.38791 ], [ -65.365251, -2.371293 ], [ -65.331082, -2.362149 ], [ -65.310194, -2.366371 ], [ -65.277466, -2.381503 ], [ -65.267855, -2.376035 ], [ -65.272968, -2.369117 ], [ -65.280417, -2.320773 ], [ -65.286914, -2.312656 ], [ -65.295383, -2.310451 ], [ -65.302384, -2.3158 ], [ -65.30522, -2.333997 ], [ -65.326293, -2.354564 ], [ -65.33438, -2.352092 ], [ -65.350332, -2.3392 ], [ -65.358492, -2.343286 ], [ -65.363245, -2.335072 ], [ -65.370911, -2.3369 ], [ -65.370631, -2.358425 ], [ -65.37766, -2.361614 ], [ -65.403552, -2.350526 ], [ -65.420499, -2.355743 ], [ -65.427157, -2.362004 ], [ -65.424552, -2.390125 ], [ -65.461719, -2.408332 ], [ -65.46952, -2.402452 ], [ -65.474297, -2.392145 ], [ -65.473862, -2.371137 ], [ -65.470017, -2.361 ], [ -65.454246, -2.347669 ], [ -65.45341, -2.337994 ], [ -65.456522, -2.330485 ], [ -65.483275, -2.322328 ], [ -65.516355, -2.323817 ], [ -65.518774, -2.332626 ], [ -65.514383, -2.349327 ], [ -65.493162, -2.347001 ], [ -65.485108, -2.35163 ], [ -65.485804, -2.360677 ], [ -65.498884, -2.388485 ], [ -65.507353, -2.39041 ], [ -65.52322, -2.384827 ], [ -65.531187, -2.370056 ], [ -65.54311, -2.359545 ], [ -65.558492, -2.363583 ], [ -65.57519, -2.37447 ], [ -65.586915, -2.388245 ], [ -65.596247, -2.391402 ], [ -65.606247, -2.389466 ], [ -65.612636, -2.381913 ], [ -65.615415, -2.366916 ], [ -65.60208, -2.329161 ], [ -65.594716, -2.321334 ], [ -65.619831, -2.30775 ], [ -65.626635, -2.292039 ], [ -65.608323, -2.289163 ], [ -65.600911, -2.283994 ], [ -65.584439, -2.263829 ], [ -65.585991, -2.253619 ], [ -65.600553, -2.243073 ], [ -65.617522, -2.240184 ], [ -65.649136, -2.254159 ], [ -65.658055, -2.275439 ], [ -65.675661, -2.278154 ], [ -65.685561, -2.27003 ], [ -65.696022, -2.257852 ], [ -65.733943, -2.264444 ], [ -65.755832, -2.255342 ], [ -65.782913, -2.252293 ], [ -65.794184, -2.252 ], [ -65.803425, -2.263882 ], [ -65.805327, -2.265609 ], [ -65.817716, -2.253654 ], [ -65.843637, -2.248301 ], [ -65.848691, -2.256158 ], [ -65.852353, -2.279388 ], [ -65.862576, -2.295774 ], [ -65.87075, -2.300203 ], [ -65.891465, -2.303582 ], [ -65.894943, -2.295881 ], [ -65.894799, -2.260268 ], [ -65.920665, -2.25928 ], [ -65.928664, -2.256754 ], [ -65.934165, -2.250106 ], [ -65.94955, -2.175185 ], [ -65.954909, -2.166302 ], [ -65.992964, -2.152942 ], [ -66.000825, -2.144476 ], [ -66.011776, -2.144763 ], [ -66.016853, -2.129593 ], [ -66.029414, -2.117552 ], [ -66.03702, -2.087083 ], [ -66.050132, -2.077464 ], [ -66.065687, -2.075623 ], [ -66.081325, -2.081132 ], [ -66.090663, -2.081008 ], [ -66.11483, -2.075596 ], [ -66.130879, -2.076184 ], [ -66.13241, -2.068237 ], [ -66.140137, -2.066667 ], [ -66.149124, -2.06972 ], [ -66.156187, -2.063626 ], [ -66.164605, -2.066458 ], [ -66.174, -2.044278 ], [ -66.173386, -2.035739 ], [ -66.15224, -2.031872 ], [ -66.161949, -1.987499 ], [ -66.187498, -1.994099 ], [ -66.215188, -2.014145 ], [ -66.240465, -2.021279 ], [ -66.251742, -2.032337 ], [ -66.25852, -2.028792 ], [ -66.275668, -2.028337 ], [ -66.290547, -2.034531 ], [ -66.298578, -2.034141 ], [ -66.310528, -2.044908 ], [ -66.306299, -2.060576 ], [ -66.321684, -2.063429 ], [ -66.335907, -2.084454 ], [ -66.343823, -2.087351 ], [ -66.344434, -2.079421 ], [ -66.336826, -2.056037 ], [ -66.340468, -2.049374 ], [ -66.356935, -2.043559 ], [ -66.404497, -1.995507 ], [ -66.409607, -1.971226 ], [ -66.422412, -1.957455 ], [ -66.425634, -1.939876 ], [ -66.432344, -1.932198 ], [ -66.443268, -1.930268 ], [ -66.45952, -1.93402 ], [ -66.524633, -1.986437 ], [ -66.533274, -1.999709 ], [ -66.538138, -2.024108 ], [ -66.527498, -2.055431 ], [ -66.528635, -2.063952 ], [ -66.546109, -2.083811 ], [ -66.557941, -2.107537 ], [ -66.573627, -2.115359 ], [ -66.599272, -2.11745 ], [ -66.612524, -2.146808 ], [ -66.640245, -2.152835 ], [ -66.649582, -2.152485 ], [ -66.665635, -2.145759 ], [ -66.713609, -2.165492 ], [ -66.752193, -2.150656 ], [ -66.771382, -2.149149 ], [ -66.778303, -2.153302 ], [ -66.785215, -2.195316 ], [ -66.790525, -2.202092 ], [ -66.799864, -2.200094 ], [ -66.816968, -2.197441 ], [ -66.857, -2.219817 ], [ -66.894437, -2.228316 ], [ -66.921243, -2.229146 ], [ -66.950799, -2.247019 ], [ -66.968466, -2.250912 ], [ -67.026793, -2.252633 ], [ -67.040546, -2.256447 ], [ -67.072156, -2.273634 ], [ -67.104357, -2.267807 ], [ -67.115415, -2.25317 ], [ -67.122687, -2.249105 ], [ -67.142192, -2.247654 ], [ -67.176049, -2.252396 ], [ -67.20355, -2.245509 ], [ -67.207379, -2.238665 ], [ -67.205744, -2.230136 ], [ -67.208861, -2.221609 ], [ -67.230969, -2.204828 ], [ -67.26316, -2.195722 ], [ -67.291822, -2.171775 ], [ -67.301166, -2.170066 ], [ -67.308805, -2.172765 ], [ -67.32138, -2.19577 ], [ -67.342988, -2.222122 ], [ -67.345686, -2.233029 ], [ -67.337523, -2.248484 ], [ -67.337638, -2.257031 ], [ -67.349163, -2.268532 ], [ -67.37335, -2.275611 ], [ -67.392494, -2.304451 ], [ -67.410471, -2.304999 ], [ -67.41938, -2.308909 ], [ -67.45055, -2.325452 ], [ -67.464603, -2.337482 ], [ -67.473967, -2.337015 ], [ -67.489158, -2.345013 ], [ -67.520327, -2.369203 ], [ -67.541463, -2.371948 ], [ -67.547963, -2.37647 ], [ -67.558444, -2.392381 ], [ -67.554465, -2.409784 ], [ -67.564184, -2.428418 ], [ -67.564467, -2.456987 ], [ -67.571184, -2.474434 ], [ -67.581495, -2.477584 ], [ -67.591495, -2.475928 ], [ -67.603937, -2.487747 ], [ -67.626124, -2.490844 ], [ -67.630743, -2.493202 ], [ -67.636287, -2.518072 ], [ -67.639079, -2.532734 ], [ -67.640572, -2.560861 ], [ -67.645942, -2.5693 ], [ -67.66808, -2.585528 ], [ -67.693907, -2.589732 ], [ -67.697334, -2.605311 ], [ -67.724633, -2.61819 ], [ -67.742934, -2.632728 ], [ -67.734855, -2.666632 ], [ -67.738634, -2.674117 ], [ -67.746498, -2.679031 ], [ -67.752718, -2.685257 ], [ -67.75624, -2.709278 ], [ -67.762215, -2.714202 ], [ -67.795967, -2.707852 ], [ -67.811299, -2.717691 ], [ -67.819836, -2.730012 ], [ -67.823326, -2.732689 ], [ -67.831192, -2.730861 ], [ -67.856107, -2.71647 ], [ -67.86789, -2.702507 ], [ -67.896465, -2.689582 ], [ -67.92702, -2.687539 ], [ -67.934107, -2.683507 ], [ -67.943248, -2.669141 ], [ -67.950715, -2.667829 ], [ -67.968495, -2.688822 ], [ -67.992049, -2.677268 ], [ -67.997497, -2.669267 ], [ -68.006743, -2.670044 ], [ -68.014551, -2.664126 ], [ -68.031249, -2.636497 ], [ -68.055412, -2.608662 ], [ -68.058023, -2.597038 ], [ -68.050712, -2.57126 ], [ -68.058105, -2.553553 ], [ -68.074386, -2.5533 ], [ -68.089133, -2.560525 ], [ -68.100188, -2.547064 ], [ -68.108853, -2.542676 ], [ -68.145553, -2.551671 ], [ -68.165775, -2.550726 ], [ -68.173408, -2.553881 ], [ -68.182577, -2.568716 ], [ -68.197216, -2.572656 ], [ -68.213467, -2.571312 ], [ -68.220831, -2.567214 ], [ -68.23808, -2.552097 ], [ -68.244242, -2.541651 ], [ -68.264526, -2.538333 ], [ -68.289021, -2.529479 ], [ -68.307719, -2.529725 ], [ -68.324574, -2.554114 ], [ -68.326355, -2.565223 ], [ -68.335275, -2.580059 ], [ -68.337629, -2.595755 ], [ -68.348153, -2.608666 ], [ -68.356855, -2.615893 ], [ -68.38433, -2.614412 ], [ -68.402104, -2.619254 ], [ -68.429464, -2.612892 ], [ -68.436934, -2.60789 ], [ -68.45297, -2.608079 ], [ -68.462018, -2.604315 ], [ -68.466853, -2.597721 ], [ -68.476523, -2.598096 ], [ -68.482935, -2.59338 ], [ -68.491437, -2.592908 ], [ -68.501434, -2.600028 ], [ -68.529556, -2.601147 ], [ -68.545382, -2.608872 ], [ -68.555905, -2.628808 ], [ -68.56216, -2.655666 ], [ -68.570053, -2.661374 ], [ -68.585408, -2.651984 ], [ -68.612079, -2.64636 ], [ -68.634441, -2.675222 ], [ -68.652799, -2.711517 ], [ -68.676941, -2.726993 ], [ -68.6953, -2.728701 ], [ -68.702438, -2.733467 ], [ -68.736054, -2.751108 ], [ -68.752469, -2.770455 ], [ -68.762966, -2.777569 ], [ -68.775078, -2.781621 ], [ -68.796243, -2.776858 ], [ -68.805133, -2.777973 ], [ -68.818963, -2.786735 ], [ -68.832049, -2.80143 ], [ -68.839774, -2.805491 ], [ -68.851276, -2.801196 ], [ -68.878803, -2.793022 ], [ -68.887296, -2.793915 ], [ -68.907077, -2.801117 ], [ -68.916993, -2.79865 ], [ -68.934222, -2.801725 ], [ -68.939689, -2.808679 ], [ -68.956495, -2.815721 ], [ -68.964712, -2.815583 ], [ -68.972467, -2.810799 ], [ -68.986248, -2.789337 ], [ -68.999936, -2.780999 ], [ -69.012108, -2.785108 ], [ -69.022191, -2.792886 ], [ -69.037103, -2.825335 ], [ -69.045384, -2.834602 ], [ -69.056248, -2.840612 ], [ -69.060424, -2.839402 ], [ -69.066052, -2.837768 ], [ -69.085466, -2.804063 ], [ -69.088466, -2.79337 ], [ -69.094302, -2.786289 ], [ -69.116435, -2.773761 ], [ -69.126992, -2.747171 ], [ -69.13966, -2.734196 ], [ -69.151019, -2.72787 ], [ -69.172908, -2.735457 ], [ -69.176134, -2.726006 ], [ -69.171413, -2.705699 ], [ -69.182329, -2.680692 ], [ -69.182911, -2.642516 ], [ -69.200301, -2.611839 ], [ -69.204025, -2.606704 ], [ -69.215273, -2.602089 ], [ -69.228463, -2.605524 ], [ -69.232889, -2.600147 ], [ -69.238661, -2.593135 ], [ -69.308215, -2.61523 ], [ -69.316023, -2.60143 ], [ -69.316518, -2.588537 ], [ -69.331869, -2.571065 ], [ -69.345272, -2.551194 ], [ -69.355828, -2.541416 ], [ -69.375015, -2.53106 ], [ -69.413523, -2.529563 ], [ -69.425884, -2.533739 ], [ -69.441297, -2.530796 ], [ -69.440769, -2.518296 ], [ -69.432072, -2.49865 ], [ -69.431162, -2.491101 ], [ -69.437277, -2.483501 ], [ -69.459155, -2.478282 ], [ -69.469939, -2.47403 ], [ -69.486519, -2.457215 ], [ -69.506215, -2.449072 ], [ -69.595377, -2.439271 ], [ -69.612856, -2.439894 ], [ -69.516278, -1.899444 ], [ -69.452768, -1.531104 ], [ -69.453285, -1.520775 ], [ -69.456942, -1.493124 ], [ -69.449792, -1.478689 ], [ -69.440462, -1.470722 ], [ -69.434774, -1.457542 ], [ -69.43658, -1.417114 ], [ -69.433935, -1.397934 ], [ -69.42834, -1.386264 ], [ -69.417655, -1.377825 ], [ -69.399435, -1.370375 ], [ -69.399425, -1.367263 ], [ -69.39938, -1.353586 ], [ -69.408857, -1.333479 ], [ -69.408072, -1.292863 ], [ -69.410634, -1.281414 ], [ -69.424997, -1.256846 ], [ -69.430711, -1.232695 ], [ -69.425272, -1.210387 ], [ -69.413633, -1.186419 ], [ -69.412687, -1.157372 ], [ -69.397827, -1.144054 ], [ -69.395155, -1.132251 ], [ -69.40033, -1.113603 ], [ -69.42452, -1.083277 ], [ -69.426956, -1.075442 ], [ -69.423771, -1.049127 ], [ -69.432886, -1.039522 ], [ -69.442851, -1.036253 ], [ -69.4436, -1.027525 ], [ -69.436048, -1.026593 ], [ -69.427908, -1.015375 ], [ -69.42047, -1.011858 ], [ -69.421106, -1.000084 ], [ -69.440411, -0.994262 ], [ -69.449575, -0.997937 ], [ -69.463605, -0.983878 ], [ -69.463022, -0.966991 ], [ -69.484383, -0.950243 ], [ -69.501631, -0.942222 ], [ -69.507437, -0.932603 ], [ -69.515886, -0.933326 ], [ -69.522992, -0.929387 ], [ -69.526822, -0.921608 ], [ -69.522713, -0.885926 ], [ -69.527429, -0.877918 ], [ -69.537965, -0.861635 ], [ -69.547609, -0.860611 ], [ -69.573164, -0.841866 ], [ -69.559045, -0.822615 ], [ -69.56255, -0.811944 ], [ -69.573657, -0.800742 ], [ -69.583327, -0.801306 ], [ -69.587849, -0.790601 ], [ -69.611522, -0.769853 ], [ -69.60938, -0.76122 ], [ -69.619351, -0.758841 ], [ -69.616024, -0.750193 ], [ -69.625823, -0.749401 ], [ -69.617609, -0.740634 ], [ -69.62205, -0.731795 ], [ -69.611518, -0.723383 ], [ -69.603325, -0.721379 ], [ -69.6048, -0.713693 ], [ -69.601883, -0.706579 ], [ -69.584693, -0.68406 ], [ -69.581519, -0.666579 ], [ -69.573246, -0.649488 ], [ -69.563744, -0.63946 ], [ -69.574712, -0.636359 ], [ -69.572739, -0.625744 ], [ -69.579521, -0.619872 ], [ -69.587715, -0.622405 ], [ -69.594216, -0.606107 ], [ -69.604409, -0.599654 ], [ -69.597687, -0.588807 ], [ -69.593284, -0.569218 ], [ -69.595629, -0.559273 ], [ -69.60297, -0.553351 ], [ -69.605767, -0.544547 ], [ -69.614137, -0.539994 ], [ -69.610547, -0.513105 ], [ -69.614913, -0.505955 ], [ -69.632771, -0.498121 ], [ -69.643213, -0.499316 ], [ -69.64444, -0.482672 ], [ -69.669989, -0.471302 ], [ -69.685767, -0.468704 ], [ -69.69063, -0.462131 ], [ -69.717186, -0.45479 ], [ -69.732717, -0.445851 ], [ -69.738687, -0.44008 ], [ -69.741908, -0.429582 ], [ -69.749134, -0.426832 ], [ -69.761524, -0.410377 ], [ -69.774772, -0.399933 ], [ -69.791515, -0.3999 ], [ -69.793521, -0.391317 ], [ -69.813381, -0.38089 ], [ -69.822991, -0.380663 ], [ -69.844328, -0.345449 ], [ -69.861518, -0.34791 ], [ -69.882881, -0.344019 ], [ -69.891963, -0.348829 ], [ -69.922604, -0.331168 ], [ -69.933519, -0.316281 ], [ -69.936684, -0.306004 ], [ -69.947771, -0.30115 ], [ -69.953183, -0.291811 ], [ -69.96327, -0.284616 ], [ -69.98085, -0.258317 ], [ -69.989718, -0.251395 ], [ -69.996605, -0.234425 ], [ -70.056876, -0.18643 ], [ -70.057552, -0.157962 ], [ -70.048129, -0.145405 ], [ -70.041106, -0.123805 ], [ -70.045601, -0.016342 ], [ -70.045798, 0.068655 ], [ -70.012657, 0.065673 ], [ -69.991634, 0.054094 ], [ -69.985019, 0.038898 ], [ -69.988688, 0.006604 ], [ -69.983991, -0.005397 ], [ -69.960769, -0.010613 ], [ -69.95513, -0.016349 ], [ -69.948268, -0.031694 ], [ -69.94588, -0.074645 ], [ -69.941321, -0.085005 ], [ -69.920633, -0.102077 ], [ -69.905739, -0.108073 ], [ -69.898327, -0.116471 ], [ -69.894435, -0.130693 ], [ -69.882941, -0.143007 ], [ -69.8661, -0.142867 ], [ -69.847571, -0.122882 ], [ -69.812053, -0.118042 ], [ -69.804295, -0.106392 ], [ -69.797438, -0.080994 ], [ -69.789099, -0.073698 ], [ -69.774042, -0.077318 ], [ -69.767934, -0.083567 ], [ -69.75488, -0.106259 ], [ -69.759878, -0.132377 ], [ -69.755803, -0.148079 ], [ -69.747377, -0.159646 ], [ -69.733962, -0.167419 ], [ -69.718244, -0.170826 ], [ -69.676313, -0.167256 ], [ -69.659608, -0.17506 ], [ -69.646581, -0.194285 ], [ -69.624914, -0.205025 ], [ -69.603627, -0.220528 ], [ -69.605207, -0.297986 ], [ -69.603321, -0.310202 ], [ -69.591215, -0.325417 ], [ -69.574572, -0.333952 ], [ -69.542658, -0.337893 ], [ -69.501214, -0.360635 ], [ -69.487138, -0.371128 ], [ -69.488487, -0.388136 ], [ -69.485241, -0.400677 ], [ -69.476363, -0.408578 ], [ -69.456911, -0.401816 ], [ -69.434188, -0.404844 ], [ -69.42065, -0.40045 ], [ -69.408386, -0.406585 ], [ -69.396139, -0.423773 ], [ -69.373799, -0.438304 ], [ -69.35346, -0.476821 ], [ -69.344716, -0.483065 ], [ -69.308853, -0.489107 ], [ -69.296321, -0.506861 ], [ -69.28585, -0.516487 ], [ -69.269304, -0.521055 ], [ -69.244945, -0.519267 ], [ -69.218413, -0.511162 ], [ -69.205702, -0.51771 ], [ -69.180464, -0.523371 ], [ -69.158085, -0.538188 ], [ -69.137396, -0.532984 ], [ -69.116989, -0.533637 ], [ -69.104142, -0.515501 ], [ -69.081942, -0.5102 ], [ -69.062923, -0.49938 ], [ -69.044088, -0.502303 ], [ -69.032079, -0.502771 ], [ -69.029917, -0.492664 ], [ -69.018748, -0.491053 ], [ -69.013533, -0.484638 ], [ -68.977307, -0.487347 ], [ -68.959101, -0.481186 ], [ -68.942549, -0.487365 ], [ -68.919181, -0.490345 ], [ -68.87288, -0.510646 ], [ -68.849296, -0.530784 ], [ -68.816101, -0.53551 ], [ -68.782006, -0.554532 ], [ -68.765875, -0.555452 ], [ -68.696357, -0.574884 ], [ -68.690436, -0.589524 ], [ -68.674135, -0.60778 ], [ -68.66785, -0.621986 ], [ -68.643184, -0.643641 ], [ -68.630821, -0.665974 ], [ -68.623273, -0.669748 ], [ -68.615416, -0.691502 ], [ -68.62035, -0.697904 ], [ -68.612208, -0.712372 ], [ -68.603804, -0.718267 ], [ -68.597331, -0.71992 ], [ -68.593355, -0.726907 ], [ -68.584825, -0.727918 ], [ -68.570823, -0.736951 ], [ -68.566431, -0.744112 ], [ -68.559615, -0.740638 ], [ -68.548196, -0.7518 ], [ -68.523691, -0.757811 ], [ -68.517878, -0.752789 ], [ -68.512112, -0.758854 ], [ -68.503268, -0.76138 ], [ -68.487342, -0.756887 ], [ -68.464127, -0.760371 ], [ -68.448966, -0.757529 ], [ -68.42666, -0.765872 ], [ -68.423751, -0.758514 ], [ -68.39761, -0.738191 ], [ -68.382406, -0.740571 ], [ -68.359878, -0.735332 ], [ -68.3583, -0.727892 ], [ -68.352032, -0.723119 ], [ -68.344511, -0.724885 ], [ -68.312379, -0.702781 ], [ -68.304572, -0.702924 ], [ -68.296405, -0.694762 ], [ -68.288771, -0.69275 ], [ -68.289136, -0.684874 ], [ -68.271751, -0.685971 ], [ -68.264656, -0.68297 ], [ -68.264461, -0.675331 ], [ -68.256022, -0.673567 ], [ -68.251475, -0.679818 ], [ -68.245374, -0.673447 ], [ -68.23684, -0.674394 ], [ -68.212354, -0.664473 ], [ -68.207238, -0.671275 ], [ -68.170344, -0.670539 ], [ -68.165134, -0.674986 ], [ -68.161617, -0.906191 ], [ -68.160703, -0.986548 ], [ -68.16019, -1.291641 ], [ -68.160014, -1.483144 ], [ -68.141766, -1.489365 ], [ -68.126644, -1.499387 ], [ -68.088307, -1.49842 ], [ -68.060589, -1.482306 ], [ -68.034727, -1.474273 ], [ -68.020913, -1.475962 ], [ -67.992419, -1.479173 ], [ -67.972977, -1.484904 ], [ -67.962028, -1.489968 ], [ -67.933576, -1.512252 ], [ -67.917039, -1.51783 ], [ -67.904019, -1.517021 ], [ -67.877523, -1.508211 ], [ -67.853322, -1.489173 ], [ -67.831173, -1.481572 ], [ -67.799929, -1.486369 ], [ -67.762225, -1.509966 ], [ -67.749062, -1.518926 ], [ -67.734113, -1.525133 ], [ -67.710842, -1.527525 ], [ -67.648957, -1.511718 ], [ -67.63518, -1.537344 ], [ -67.619384, -1.557866 ], [ -67.616185, -1.56624 ], [ -67.618627, -1.595641 ], [ -67.608051, -1.611858 ], [ -67.589491, -1.616623 ], [ -67.583442, -1.623092 ], [ -67.554131, -1.639603 ], [ -67.526104, -1.650575 ], [ -67.484954, -1.65123 ], [ -67.438331, -1.640348 ], [ -67.419751, -1.647659 ], [ -67.393384, -1.664957 ], [ -67.385217, -1.663963 ], [ -67.368829, -1.631472 ], [ -67.352746, -1.6198 ], [ -67.329883, -1.619499 ], [ -67.309241, -1.61174 ], [ -67.285742, -1.60925 ], [ -67.243111, -1.620416 ], [ -67.214301, -1.608549 ], [ -67.1773, -1.608255 ], [ -67.150907, -1.603991 ], [ -67.120826, -1.585763 ], [ -67.101167, -1.581136 ], [ -67.049219, -1.581386 ], [ -67.005637, -1.594259 ], [ -66.985602, -1.589667 ], [ -66.972632, -1.59056 ], [ -66.918025, -1.609892 ], [ -66.881607, -1.604657 ], [ -66.852136, -1.607445 ], [ -66.842247, -1.60488 ], [ -66.823984, -1.600141 ], [ -66.808129, -1.597479 ], [ -66.782358, -1.59948 ], [ -66.737408, -1.623739 ], [ -66.724416, -1.625753 ], [ -66.704631, -1.623528 ], [ -66.656916, -1.601055 ], [ -66.629661, -1.570956 ], [ -66.551269, -1.536025 ], [ -66.521796, -1.530454 ], [ -66.48613, -1.513946 ], [ -66.452633, -1.478357 ], [ -66.440157, -1.474715 ], [ -66.417304, -1.479035 ], [ -66.406297, -1.477746 ], [ -66.386497, -1.46908 ], [ -66.367694, -1.47475 ], [ -66.363247, -1.484663 ], [ -66.36577, -1.512443 ], [ -66.371602, -1.532928 ], [ -66.368329, -1.543162 ], [ -66.345188, -1.562985 ], [ -66.327996, -1.568854 ], [ -66.316305, -1.568871 ], [ -66.30108, -1.560695 ], [ -66.28758, -1.548183 ], [ -66.257991, -1.506768 ], [ -66.240967, -1.4916 ], [ -66.192297, -1.472031 ], [ -66.147964, -1.441473 ], [ -66.123578, -1.430227 ], [ -66.096939, -1.422732 ], [ -66.001348, -1.413407 ], [ -66.001021, -1.413375 ], [ -65.981385, -1.416749 ], [ -65.941662, -1.412182 ], [ -65.911917, -1.420573 ], [ -65.893385, -1.432193 ], [ -65.870218, -1.466111 ], [ -65.859967, -1.471246 ], [ -65.817248, -1.472843 ], [ -65.782718, -1.493853 ], [ -65.758549, -1.502721 ], [ -65.712139, -1.496809 ], [ -65.686034, -1.501625 ], [ -65.661799, -1.515449 ], [ -65.64747, -1.53298 ], [ -65.642038, -1.546715 ], [ -65.638268, -1.566841 ], [ -65.643816, -1.58506 ], [ -65.647435, -1.60526 ], [ -65.64472, -1.626867 ], [ -65.640414, -1.635824 ], [ -65.625547, -1.650476 ], [ -65.604357, -1.662562 ], [ -65.559215, -1.659701 ], [ -65.550888, -1.662106 ], [ -65.541916, -1.667575 ], [ -65.53408, -1.678299 ], [ -65.524469, -1.697226 ], [ -65.522826, -1.708041 ], [ -65.525356, -1.764474 ], [ -65.52335, -1.775574 ], [ -65.513527, -1.792636 ], [ -65.495415, -1.798031 ], [ -65.488073, -1.793937 ], [ -65.483941, -1.785701 ], [ -65.482908, -1.769979 ], [ -65.47366, -1.751241 ], [ -65.457466, -1.738411 ], [ -65.438409, -1.73318 ], [ -65.419969, -1.735126 ], [ -65.390437, -1.754082 ], [ -65.371305, -1.762372 ], [ -65.328134, -1.770189 ], [ -65.310579, -1.778183 ], [ -65.290355, -1.785419 ], [ -65.244028, -1.778133 ], [ -65.228604, -1.775596 ], [ -65.208805, -1.781449 ], [ -65.192998, -1.797801 ], [ -65.186523, -1.810282 ], [ -65.176583, -1.847436 ], [ -65.182607, -1.936709 ], [ -65.177134, -1.952915 ], [ -65.170912, -1.959391 ], [ -65.135832, -1.974354 ], [ -65.110021, -1.970958 ], [ -65.094324, -1.962529 ], [ -65.084412, -1.961492 ], [ -65.057526, -1.969303 ], [ -65.051011, -1.965557 ], [ -65.041023, -1.953013 ], [ -65.03474, -1.932553 ], [ -65.026687, -1.921488 ], [ -65.010355, -1.905154 ], [ -64.996448, -1.897378 ], [ -64.973046, -1.886734 ], [ -64.95164, -1.88438 ], [ -64.943189, -1.886733 ], [ -64.933804, -1.899332 ], [ -64.95083, -1.99197 ], [ -64.949077, -1.999984 ], [ -64.924159, -2.034229 ], [ -64.935298, -2.102178 ], [ -64.930137, -2.109711 ], [ -64.921744, -2.109813 ], [ -64.91316, -2.103859 ], [ -64.88619, -2.099817 ], [ -64.876999, -2.091417 ], [ -64.866464, -2.080001 ], [ -64.857609, -2.075804 ], [ -64.831884, -2.074608 ], [ -64.811998, -2.078274 ], [ -64.80236, -2.072952 ], [ -64.786387, -2.046465 ], [ -64.749957, -2.035775 ], [ -64.712442, -2.015216 ], [ -64.697355, -2.026727 ], [ -64.688029, -2.04757 ], [ -64.694618, -2.090138 ], [ -64.707773, -2.119388 ], [ -64.71133, -2.142119 ], [ -64.700526, -2.162645 ], [ -64.665385, -2.194332 ], [ -64.662027, -2.213822 ], [ -64.644412, -2.211799 ], [ -64.636356, -2.214157 ], [ -64.629524, -2.220474 ], [ -64.62272, -2.238116 ], [ -64.615549, -2.240977 ], [ -64.605661, -2.224893 ], [ -64.59808, -2.220954 ], [ -64.561663, -2.239744 ], [ -64.532968, -2.244955 ], [ -64.520417, -2.242268 ], [ -64.511268, -2.235132 ], [ -64.503439, -2.191373 ], [ -64.495972, -2.18021 ], [ -64.486741, -2.180467 ], [ -64.462026, -2.185096 ], [ -64.4333, -2.199929 ], [ -64.407101, -2.207502 ], [ -64.366863, -2.253141 ], [ -64.366685, -2.264762 ], [ -64.402412, -2.270995 ], [ -64.416667, -2.284061 ], [ -64.427052, -2.285604 ], [ -64.44269, -2.279657 ], [ -64.449799, -2.28336 ], [ -64.448162, -2.32093 ], [ -64.453134, -2.326905 ], [ -64.512384, -2.316411 ], [ -64.52119, -2.316925 ], [ -64.526584, -2.325245 ], [ -64.528798, -2.336434 ], [ -64.517606, -2.376904 ], [ -64.491354, -2.429713 ], [ -64.489803, -2.45993 ], [ -64.485219, -2.467979 ], [ -64.477582, -2.470955 ], [ -64.469245, -2.468495 ], [ -64.461248, -2.470351 ], [ -64.456944, -2.487786 ], [ -64.464466, -2.522036 ], [ -64.455576, -2.536784 ], [ -64.440856, -2.547253 ], [ -64.426664, -2.55874 ], [ -64.428414, -2.584587 ], [ -64.415633, -2.620001 ], [ -64.422353, -2.636262 ], [ -64.417387, -2.646694 ], [ -64.401525, -2.652308 ], [ -64.359667, -2.657914 ], [ -64.332218, -2.681339 ], [ -64.332639, -2.698878 ], [ -64.335218, -2.707175 ], [ -64.343355, -2.713139 ], [ -64.353134, -2.728095 ], [ -64.379494, -2.726117 ], [ -64.386047, -2.730957 ], [ -64.393133, -2.725548 ], [ -64.409465, -2.725701 ], [ -64.431331, -2.748466 ], [ -64.439326, -2.751601 ], [ -64.455774, -2.74525 ], [ -64.464861, -2.747643 ], [ -64.491604, -2.745152 ], [ -64.499858, -2.746903 ], [ -64.504034, -2.753015 ], [ -64.506025, -2.75593 ], [ -64.493629, -2.7697 ], [ -64.496584, -2.786431 ], [ -64.490058, -2.797662 ], [ -64.485113, -2.80402 ], [ -64.470272, -2.80997 ], [ -64.469636, -2.820152 ], [ -64.458218, -2.833667 ], [ -64.451192, -2.851342 ], [ -64.436939, -2.861478 ], [ -64.443833, -2.875651 ], [ -64.446164, -2.892543 ], [ -64.438332, -2.919744 ], [ -64.437574, -2.927322 ], [ -64.441997, -2.933526 ], [ -64.429028, -2.954634 ], [ -64.422469, -2.960486 ], [ -64.402608, -2.965386 ], [ -64.398245, -2.976832 ], [ -64.386246, -2.988252 ], [ -64.378471, -2.986759 ], [ -64.372523, -2.992437 ], [ -64.3728, -3.000647 ], [ -64.368722, -3.007191 ], [ -64.344606, -3.015692 ], [ -64.331944, -3.027318 ], [ -64.328134, -3.035274 ], [ -64.331837, -3.043136 ], [ -64.33428, -3.050388 ], [ -64.330613, -3.054773 ], [ -64.328383, -3.057439 ], [ -64.329911, -3.075926 ], [ -64.324249, -3.082077 ], [ -64.327106, -3.089996 ], [ -64.320712, -3.095815 ], [ -64.292964, -3.100195 ], [ -64.286639, -3.095511 ], [ -64.28758, -3.085978 ], [ -64.270276, -3.081524 ], [ -64.263192, -3.085865 ], [ -64.270357, -3.091617 ], [ -64.272358, -3.099777 ], [ -64.265218, -3.104457 ], [ -64.250189, -3.098512 ], [ -64.242778, -3.106034 ], [ -64.246325, -3.114698 ], [ -64.254221, -3.111424 ], [ -64.263389, -3.115352 ], [ -64.266722, -3.124977 ], [ -64.264668, -3.143591 ], [ -64.280909, -3.139491 ], [ -64.281741, -3.150092 ], [ -64.286382, -3.157949 ], [ -64.283078, -3.164933 ], [ -64.258636, -3.174295 ], [ -64.242056, -3.195235 ], [ -64.233946, -3.19488 ], [ -64.232856, -3.204573 ], [ -64.227611, -3.211864 ], [ -64.217583, -3.21491 ], [ -64.220771, -3.222329 ], [ -64.217661, -3.229936 ], [ -64.201222, -3.236135 ], [ -64.186326, -3.259565 ], [ -64.182277, -3.241897 ], [ -64.170021, -3.25159 ], [ -64.162916, -3.248331 ], [ -64.15266, -3.253819 ], [ -64.145301, -3.268942 ], [ -64.146361, -3.276705 ], [ -64.15283, -3.282008 ], [ -64.155248, -3.289596 ], [ -64.143139, -3.304847 ], [ -64.132891, -3.28478 ], [ -64.128169, -3.293794 ], [ -64.120715, -3.295189 ], [ -64.113135, -3.292164 ], [ -64.111828, -3.300906 ], [ -64.10511, -3.306494 ], [ -64.103106, -3.331333 ], [ -64.088302, -3.330263 ], [ -64.082028, -3.339705 ], [ -64.079217, -3.359462 ], [ -64.102891, -3.371374 ], [ -64.123077, -3.370375 ], [ -64.12708, -3.379096 ], [ -64.12686, -3.395821 ], [ -64.146716, -3.424992 ], [ -64.148389, -3.440975 ], [ -64.145665, -3.448813 ], [ -64.1308, -3.455746 ], [ -64.15505, -3.486317 ], [ -64.155298, -3.51144 ], [ -64.145589, -3.51782 ], [ -64.11169, -3.527964 ], [ -64.105196, -3.543084 ], [ -64.086775, -3.535107 ], [ -64.067748, -3.540984 ], [ -64.053245, -3.553867 ], [ -64.051363, -3.561244 ], [ -64.07127, -3.565127 ], [ -64.070996, -3.576236 ], [ -64.061305, -3.582238 ], [ -64.051247, -3.578481 ], [ -64.031271, -3.584806 ], [ -64.019308, -3.599386 ], [ -64.016519, -3.62735 ], [ -64.01044, -3.632594 ], [ -63.980499, -3.608857 ], [ -63.972359, -3.611049 ], [ -63.966412, -3.634946 ], [ -63.956325, -3.632161 ], [ -63.951327, -3.625371 ], [ -63.948244, -3.608655 ], [ -63.939723, -3.609717 ], [ -63.938557, -3.612497 ], [ -63.93639, -3.617665 ], [ -63.939888, -3.635976 ], [ -63.93653, -3.644037 ], [ -63.927389, -3.642943 ], [ -63.909776, -3.664985 ], [ -63.912972, -3.671589 ], [ -63.934999, -3.664327 ], [ -63.932696, -3.680691 ], [ -63.918389, -3.690053 ], [ -63.922658, -3.74601 ], [ -63.910536, -3.760813 ], [ -63.896246, -3.768357 ], [ -63.889105, -3.782448 ], [ -63.877751, -3.793278 ], [ -63.859694, -3.798233 ], [ -63.840829, -3.799675 ], [ -63.82244, -3.781832 ], [ -63.804835, -3.784633 ], [ -63.7758, -3.783112 ], [ -63.759552, -3.789703 ], [ -63.754323, -3.796698 ], [ -63.862246, -3.810357 ], [ -63.941582, -3.812505 ], [ -63.954603, -3.801897 ], [ -63.977213, -3.764141 ], [ -63.973387, -3.745217 ], [ -63.981942, -3.720282 ], [ -63.980412, -3.711213 ], [ -63.994495, -3.703787 ], [ -64.010972, -3.700876 ], [ -64.016858, -3.706184 ], [ -64.071069, -3.703947 ], [ -64.075966, -3.767042 ] ] ] } },
{ "type": "Feature", "properties": { "HREG_ID": "13009", "HREG_NAME": "Alto Solimoes", "id": "130006", "name": "Amaturá", "description": "Amaturá", "MUN_ID": "130006", "UF": "AM", "MACRO_ID": "1302", "MACRO_NAME": "Oeste" }, "geometry": { "type": "Polygon", "coordinates": [ [ [ -70.604109, -4.187434 ], [ -70.579278, -4.172756 ], [ -70.56472, -4.168733 ], [ -70.561084, -4.161211 ], [ -70.545639, -4.149743 ], [ -70.548774, -4.136824 ], [ -70.52039, -4.14232 ], [ -70.508916, -4.163194 ], [ -70.520993, -4.190526 ], [ -70.514695, -4.195841 ], [ -70.502889, -4.196775 ], [ -70.494638, -4.165939 ], [ -70.487165, -4.161521 ], [ -70.47275, -4.177013 ], [ -70.463028, -4.172779 ], [ -70.460137, -4.1625 ], [ -70.443054, -4.164938 ], [ -70.43689, -4.158241 ], [ -70.446161, -4.141541 ], [ -70.438944, -4.133783 ], [ -70.418609, -4.140094 ], [ -70.395718, -4.141946 ], [ -70.386608, -4.137313 ], [ -70.375275, -4.141464 ], [ -70.360691, -4.169127 ], [ -70.350805, -4.180458 ], [ -70.340249, -4.186471 ], [ -70.331972, -4.178035 ], [ -70.329141, -4.167692 ], [ -70.331299, -4.15596 ], [ -70.325472, -4.145933 ], [ -70.312025, -4.162438 ], [ -70.298274, -4.165702 ], [ -70.291803, -4.176158 ], [ -70.294581, -4.200185 ], [ -70.284333, -4.233483 ], [ -70.289915, -4.240977 ], [ -70.312237, -4.249935 ], [ -70.315355, -4.259143 ], [ -70.289033, -4.281953 ], [ -70.297793, -4.290384 ], [ -70.286108, -4.294942 ], [ -70.255055, -4.277322 ], [ -70.24975, -4.286748 ], [ -70.256518, -4.295643 ], [ -70.272195, -4.300697 ], [ -70.266273, -4.311661 ], [ -70.25494, -4.318075 ], [ -70.23372, -4.322856 ], [ -70.221886, -4.323957 ], [ -70.215995, -4.318732 ], [ -70.208389, -4.327782 ], [ -70.205753, -4.353855 ], [ -70.205137, -4.360632 ], [ -70.198527, -4.366054 ], [ -70.18855, -4.365326 ], [ -70.179637, -4.357738 ], [ -70.177692, -4.346779 ], [ -70.169525, -4.34055 ], [ -70.151833, -4.335224 ], [ -70.151784, -4.325325 ], [ -70.16758, -4.314402 ], [ -70.157693, -4.284085 ], [ -70.15122, -4.279825 ], [ -70.135334, -4.28746 ], [ -70.128166, -4.293336 ], [ -70.118995, -4.289992 ], [ -70.112304, -4.282903 ], [ -70.112989, -4.270839 ], [ -70.107303, -4.264096 ], [ -70.102694, -4.288224 ], [ -70.097108, -4.296255 ], [ -70.081053, -4.291661 ], [ -70.070888, -4.296483 ], [ -70.080712, -4.308071 ], [ -70.078748, -4.324612 ], [ -70.072254, -4.329073 ], [ -70.049613, -4.334259 ], [ -70.043914, -4.342618 ], [ -70.043135, -4.352019 ], [ -70.039057, -4.35306 ], [ -70.03222, -4.354805 ], [ -70.01083, -4.336266 ], [ -69.980389, -4.327064 ], [ -69.963249, -4.300285 ], [ -69.954301, -4.26597 ], [ -69.953307, -4.253065 ], [ -69.950686, -4.226711 ], [ -69.945129, -4.219136 ], [ -69.942998, -4.216231 ], [ -69.934608, -4.21611 ], [ -69.920767, -4.143665 ], [ -69.91175, -4.096383 ], [ -69.882902, -3.941673 ], [ -69.858048, -3.803292 ], [ -69.837107, -3.686229 ], [ -69.824996, -3.620031 ], [ -69.798185, -3.474028 ], [ -69.741941, -3.165621 ], [ -69.688976, -2.871307 ], [ -69.620355, -2.482654 ], [ -69.612856, -2.439894 ], [ -69.595377, -2.439271 ], [ -69.506215, -2.449072 ], [ -69.486519, -2.457215 ], [ -69.469939, -2.47403 ], [ -69.459155, -2.478282 ], [ -69.437277, -2.483501 ], [ -69.431162, -2.491101 ], [ -69.432072, -2.49865 ], [ -69.440769, -2.518296 ], [ -69.441297, -2.530796 ], [ -69.425884, -2.533739 ], [ -69.413523, -2.529563 ], [ -69.375015, -2.53106 ], [ -69.355828, -2.541416 ], [ -69.345272, -2.551194 ], [ -69.331869, -2.571065 ], [ -69.316518, -2.588537 ], [ -69.316023, -2.60143 ], [ -69.308215, -2.61523 ], [ -69.238661, -2.593135 ], [ -69.232889, -2.600147 ], [ -69.228463, -2.605524 ], [ -69.215273, -2.602089 ], [ -69.204025, -2.606704 ], [ -69.200301, -2.611839 ], [ -69.182911, -2.642516 ], [ -69.182329, -2.680692 ], [ -69.171413, -2.705699 ], [ -69.176134, -2.726006 ], [ -69.172908, -2.735457 ], [ -69.151019, -2.72787 ], [ -69.13966, -2.734196 ], [ -69.126992, -2.747171 ], [ -69.116435, -2.773761 ], [ -69.094302, -2.786289 ], [ -69.088466, -2.79337 ], [ -69.085466, -2.804063 ], [ -69.066052, -2.837768 ], [ -69.060424, -2.839402 ], [ -69.056248, -2.840612 ], [ -69.045384, -2.834602 ], [ -69.037103, -2.825335 ], [ -69.022191, -2.792886 ], [ -69.012108, -2.785108 ], [ -68.999936, -2.780999 ], [ -68.986248, -2.789337 ], [ -68.972467, -2.810799 ], [ -68.964712, -2.815583 ], [ -68.956495, -2.815721 ], [ -68.939689, -2.808679 ], [ -68.934222, -2.801725 ], [ -68.916993, -2.79865 ], [ -68.907077, -2.801117 ], [ -68.887296, -2.793915 ], [ -68.878803, -2.793022 ], [ -68.851276, -2.801196 ], [ -68.839774, -2.805491 ], [ -68.832049, -2.80143 ], [ -68.818963, -2.786735 ], [ -68.805133, -2.777973 ], [ -68.796243, -2.776858 ], [ -68.775078, -2.781621 ], [ -68.762966, -2.777569 ], [ -68.752469, -2.770455 ], [ -68.736054, -2.751108 ], [ -68.702438, -2.733467 ], [ -68.6953, -2.728701 ], [ -68.676941, -2.726993 ], [ -68.652799, -2.711517 ], [ -68.634441, -2.675222 ], [ -68.612079, -2.64636 ], [ -68.585408, -2.651984 ], [ -68.570053, -2.661374 ], [ -68.56216, -2.655666 ], [ -68.555905, -2.628808 ], [ -68.545382, -2.608872 ], [ -68.529556, -2.601147 ], [ -68.501434, -2.600028 ], [ -68.491437, -2.592908 ], [ -68.482935, -2.59338 ], [ -68.476523, -2.598096 ], [ -68.466853, -2.597721 ], [ -68.462018, -2.604315 ], [ -68.45297, -2.608079 ], [ -68.436934, -2.60789 ], [ -68.429464, -2.612892 ], [ -68.402104, -2.619254 ], [ -68.38433, -2.614412 ], [ -68.356855, -2.615893 ], [ -68.348153, -2.608666 ], [ -68.337629, -2.595755 ], [ -68.335275, -2.580059 ], [ -68.326355, -2.565223 ], [ -68.324574, -2.554114 ], [ -68.307719, -2.529725 ], [ -68.289021, -2.529479 ], [ -68.264526, -2.538333 ], [ -68.244242, -2.541651 ], [ -68.23808, -2.552097 ], [ -68.220831, -2.567214 ], [ -68.213467, -2.571312 ], [ -68.197216, -2.572656 ], [ -68.182577, -2.568716 ], [ -68.173408, -2.553881 ], [ -68.165775, -2.550726 ], [ -68.145553, -2.551671 ], [ -68.108853, -2.542676 ], [ -68.100188, -2.547064 ], [ -68.089133, -2.560525 ], [ -68.074386, -2.5533 ], [ -68.058105, -2.553553 ], [ -68.050712, -2.57126 ], [ -68.058023, -2.597038 ], [ -68.055412, -2.608662 ], [ -68.031249, -2.636497 ], [ -68.014551, -2.664126 ], [ -68.006743, -2.670044 ], [ -67.997497, -2.669267 ], [ -67.992049, -2.677268 ], [ -67.968495, -2.688822 ], [ -67.950715, -2.667829 ], [ -67.943248, -2.669141 ], [ -67.934107, -2.683507 ], [ -67.92702, -2.687539 ], [ -67.896465, -2.689582 ], [ -67.86789, -2.702507 ], [ -67.856107, -2.71647 ], [ -67.831192, -2.730861 ], [ -67.823326, -2.732689 ], [ -67.819836, -2.730012 ], [ -67.811299, -2.717691 ], [ -67.795967, -2.707852 ], [ -67.762215, -2.714202 ], [ -67.75624, -2.709278 ], [ -67.752718, -2.685257 ], [ -67.746498, -2.679031 ], [ -67.738634, -2.674117 ], [ -67.734855, -2.666632 ], [ -67.742934, -2.632728 ], [ -67.724633, -2.61819 ], [ -67.697334, -2.605311 ], [ -67.693907, -2.589732 ], [ -67.66808, -2.585528 ], [ -67.645942, -2.5693 ], [ -67.640572, -2.560861 ], [ -67.639079, -2.532734 ], [ -67.636287, -2.518072 ], [ -67.630743, -2.493202 ], [ -67.626124, -2.490844 ], [ -67.603937, -2.487747 ], [ -67.591495, -2.475928 ], [ -67.581495, -2.477584 ], [ -67.571184, -2.474434 ], [ -67.564467, -2.456987 ], [ -67.564184, -2.428418 ], [ -67.554465, -2.409784 ], [ -67.558444, -2.392381 ], [ -67.547963, -2.37647 ], [ -67.541463, -2.371948 ], [ -67.520327, -2.369203 ], [ -67.489158, -2.345013 ], [ -67.473967, -2.337015 ], [ -67.464603, -2.337482 ], [ -67.45055, -2.325452 ], [ -67.41938, -2.308909 ], [ -67.410471, -2.304999 ], [ -67.392494, -2.304451 ], [ -67.37335, -2.275611 ], [ -67.349163, -2.268532 ], [ -67.337638, -2.257031 ], [ -67.337523, -2.248484 ], [ -67.345686, -2.233029 ], [ -67.342988, -2.222122 ], [ -67.32138, -2.19577 ], [ -67.308805, -2.172765 ], [ -67.301166, -2.170066 ], [ -67.291822, -2.171775 ], [ -67.26316, -2.195722 ], [ -67.230969, -2.204828 ], [ -67.208861, -2.221609 ], [ -67.205744, -2.230136 ], [ -67.207379, -2.238665 ], [ -67.20355, -2.245509 ], [ -67.176049, -2.252396 ], [ -67.142192, -2.247654 ], [ -67.122687, -2.249105 ], [ -67.115415, -2.25317 ], [ -67.104357, -2.267807 ], [ -67.072156, -2.273634 ], [ -67.040546, -2.256447 ], [ -67.026793, -2.252633 ], [ -66.968466, -2.250912 ], [ -66.950799, -2.247019 ], [ -66.921243, -2.229146 ], [ -66.894437, -2.228316 ], [ -66.857, -2.219817 ], [ -66.816968, -2.197441 ], [ -66.799864, -2.200094 ], [ -66.790525, -2.202092 ], [ -66.785215, -2.195316 ], [ -66.778303, -2.153302 ], [ -66.771382, -2.149149 ], [ -66.752193, -2.150656 ], [ -66.713609, -2.165492 ], [ -66.665635, -2.145759 ], [ -66.649582, -2.152485 ], [ -66.640245, -2.152835 ], [ -66.612524, -2.146808 ], [ -66.599272, -2.11745 ], [ -66.573627, -2.115359 ], [ -66.557941, -2.107537 ], [ -66.546109, -2.083811 ], [ -66.528635, -2.063952 ], [ -66.527498, -2.055431 ], [ -66.538138, -2.024108 ], [ -66.533274, -1.999709 ], [ -66.524633, -1.986437 ], [ -66.45952, -1.93402 ], [ -66.443268, -1.930268 ], [ -66.432344, -1.932198 ], [ -66.425634, -1.939876 ], [ -66.422412, -1.957455 ], [ -66.409607, -1.971226 ], [ -66.404497, -1.995507 ], [ -66.356935, -2.043559 ], [ -66.340468, -2.049374 ], [ -66.336826, -2.056037 ], [ -66.344434, -2.079421 ], [ -66.343823, -2.087351 ], [ -66.335907, -2.084454 ], [ -66.321684, -2.063429 ], [ -66.306299, -2.060576 ], [ -66.310528, -2.044908 ], [ -66.298578, -2.034141 ], [ -66.290547, -2.034531 ], [ -66.275668, -2.028337 ], [ -66.25852, -2.028792 ], [ -66.251742, -2.032337 ], [ -66.240465, -2.021279 ], [ -66.215188, -2.014145 ], [ -66.187498, -1.994099 ], [ -66.161949, -1.987499 ], [ -66.15224, -2.031872 ], [ -66.173386, -2.035739 ], [ -66.174, -2.044278 ], [ -66.164605, -2.066458 ], [ -66.156187, -2.063626 ], [ -66.149124, -2.06972 ], [ -66.140137, -2.066667 ], [ -66.13241, -2.068237 ], [ -66.130879, -2.076184 ], [ -66.11483, -2.075596 ], [ -66.090663, -2.081008 ], [ -66.081325, -2.081132 ], [ -66.065687, -2.075623 ], [ -66.050132, -2.077464 ], [ -66.03702, -2.087083 ], [ -66.029414, -2.117552 ], [ -66.016853, -2.129593 ], [ -66.011776, -2.144763 ], [ -66.000825, -2.144476 ], [ -65.992964, -2.152942 ], [ -65.954909, -2.166302 ], [ -65.94955, -2.175185 ], [ -65.934165, -2.250106 ], [ -65.928664, -2.256754 ], [ -65.920665, -2.25928 ], [ -65.894799, -2.260268 ], [ -65.894943, -2.295881 ], [ -65.891465, -2.303582 ], [ -65.87075, -2.300203 ], [ -65.862576, -2.295774 ], [ -65.852353, -2.279388 ], [ -65.848691, -2.256158 ], [ -65.843637, -2.248301 ], [ -65.817716, -2.253654 ], [ -65.805327, -2.265609 ], [ -65.803425, -2.263882 ], [ -65.794184, -2.252 ], [ -65.782913, -2.252293 ], [ -65.755832, -2.255342 ], [ -65.733943, -2.264444 ], [ -65.696022, -2.257852 ], [ -65.685561, -2.27003 ], [ -65.675661, -2.278154 ], [ -65.658055, -2.275439 ], [ -65.649136, -2.254159 ], [ -65.617522, -2.240184 ], [ -65.600553, -2.243073 ], [ -65.585991, -2.253619 ], [ -65.584439, -2.263829 ], [ -65.600911, -2.283994 ], [ -65.608323, -2.289163 ], [ -65.626635, -2.292039 ], [ -65.619831, -2.30775 ], [ -65.594716, -2.321334 ], [ -65.60208, -2.329161 ], [ -65.615415, -2.366916 ], [ -65.612636, -2.381913 ], [ -65.606247, -2.389466 ], [ -65.596247, -2.391402 ], [ -65.586915, -2.388245 ], [ -65.57519, -2.37447 ], [ -65.558492, -2.363583 ], [ -65.54311, -2.359545 ], [ -65.531187, -2.370056 ], [ -65.52322, -2.384827 ], [ -65.507353, -2.39041 ], [ -65.498884, -2.388485 ], [ -65.485804, -2.360677 ], [ -65.485108, -2.35163 ], [ -65.493162, -2.347001 ], [ -65.514383, -2.349327 ], [ -65.518774, -2.332626 ], [ -65.516355, -2.323817 ], [ -65.483275, -2.322328 ], [ -65.456522, -2.330485 ], [ -65.45341, -2.337994 ], [ -65.454246, -2.347669 ], [ -65.470017, -2.361 ], [ -65.473862, -2.371137 ], [ -65.474297, -2.392145 ], [ -65.46952, -2.402452 ], [ -65.461719, -2.408332 ], [ -65.424552, -2.390125 ], [ -65.427157, -2.362004 ], [ -65.420499, -2.355743 ], [ -65.403552, -2.350526 ], [ -65.37766, -2.361614 ], [ -65.370631, -2.358425 ], [ -65.370911, -2.3369 ], [ -65.363245, -2.335072 ], [ -65.358492, -2.343286 ], [ -65.350332, -2.3392 ], [ -65.33438, -2.352092 ], [ -65.326293, -2.354564 ], [ -65.30522, -2.333997 ], [ -65.302384, -2.3158 ], [ -65.295383, -2.310451 ], [ -65.286914, -2.312656 ], [ -65.280417, -2.320773 ], [ -65.272968, -2.369117 ], [ -65.267855, -2.376035 ], [ -65.277466, -2.381503 ], [ -65.310194, -2.366371 ], [ -65.331082, -2.362149 ], [ -65.365251, -2.371293 ], [ -65.39069, -2.38791 ], [ -65.394048, -2.395962 ], [ -65.393054, -2.406113 ], [ -65.38544, -2.410336 ], [ -65.346632, -2.397521 ], [ -65.327522, -2.401323 ], [ -65.307637, -2.414764 ], [ -65.305297, -2.422039 ], [ -65.307163, -2.431081 ], [ -65.339632, -2.473485 ], [ -65.371858, -2.460895 ], [ -65.383137, -2.44841 ], [ -65.390634, -2.4452 ], [ -65.397195, -2.450155 ], [ -65.398668, -2.469732 ], [ -65.424082, -2.487863 ], [ -65.441944, -2.509715 ], [ -65.487159, -2.538481 ], [ -65.508186, -2.563787 ], [ -65.52344, -2.601466 ], [ -65.5315, -2.605613 ], [ -65.557082, -2.633584 ], [ -65.594363, -2.658824 ], [ -65.614304, -2.66217 ], [ -65.66325, -2.661867 ], [ -65.686467, -2.645704 ], [ -65.71363, -2.61171 ], [ -65.712776, -2.572085 ], [ -65.718511, -2.536437 ], [ -65.726714, -2.518218 ], [ -65.738336, -2.507751 ], [ -65.775382, -2.483723 ], [ -65.787772, -2.482536 ], [ -65.812408, -2.497391 ], [ -65.812129, -2.535599 ], [ -65.800103, -2.563759 ], [ -65.765858, -2.594322 ], [ -65.762302, -2.603486 ], [ -65.765715, -2.622984 ], [ -65.763824, -2.632126 ], [ -65.771717, -2.632758 ], [ -65.788948, -2.61657 ], [ -65.792023, -2.612964 ], [ -65.793688, -2.595042 ], [ -65.798382, -2.587285 ], [ -65.820992, -2.60206 ], [ -65.842103, -2.596819 ], [ -65.853632, -2.611871 ], [ -65.878854, -2.614531 ], [ -65.882273, -2.607294 ], [ -65.874804, -2.601873 ], [ -65.878801, -2.59378 ], [ -65.888325, -2.590035 ], [ -65.894883, -2.606749 ], [ -65.901244, -2.611507 ], [ -65.907612, -2.605933 ], [ -65.912775, -2.611789 ], [ -65.918075, -2.604685 ], [ -65.932613, -2.61533 ], [ -65.946383, -2.606316 ], [ -65.953051, -2.613467 ], [ -65.949438, -2.621184 ], [ -65.942276, -2.624384 ], [ -65.947191, -2.630533 ], [ -65.954607, -2.627445 ], [ -65.958571, -2.629244 ], [ -65.967636, -2.639261 ], [ -65.975107, -2.641908 ], [ -65.9783, -2.659455 ], [ -65.987079, -2.675202 ], [ -65.99358, -2.680512 ], [ -65.995968, -2.699073 ], [ -66.00355, -2.698477 ], [ -66.009915, -2.693593 ], [ -66.018246, -2.69575 ], [ -66.018075, -2.704627 ], [ -66.022219, -2.712604 ], [ -66.030193, -2.714942 ], [ -66.03061, -2.722512 ], [ -66.038161, -2.72304 ], [ -66.048857, -2.729455 ], [ -66.066331, -2.756914 ], [ -66.066963, -2.764939 ], [ -66.062553, -2.771727 ], [ -66.076102, -2.780836 ], [ -66.071519, -2.787341 ], [ -66.079654, -2.798495 ], [ -66.084702, -2.805883 ], [ -66.089105, -2.811774 ], [ -66.087713, -2.819768 ], [ -66.094249, -2.824496 ], [ -66.100246, -2.840492 ], [ -66.115299, -2.847766 ], [ -66.10702, -2.870215 ], [ -66.107467, -2.878411 ], [ -66.12305, -2.883076 ], [ -66.128457, -2.896251 ], [ -66.151269, -2.908981 ], [ -66.160636, -2.923342 ], [ -66.168129, -2.925854 ], [ -66.172717, -2.94955 ], [ -66.179802, -2.95411 ], [ -66.186217, -2.949388 ], [ -66.190806, -2.955839 ], [ -66.197715, -2.970566 ], [ -66.195273, -2.986389 ], [ -66.20291, -2.989453 ], [ -66.206388, -2.997162 ], [ -66.196053, -3.01083 ], [ -66.199831, -3.017962 ], [ -66.207547, -3.021035 ], [ -66.207858, -3.044352 ], [ -66.21688, -3.058353 ], [ -66.215409, -3.065859 ], [ -66.208215, -3.069875 ], [ -66.221581, -3.079824 ], [ -66.236884, -3.107618 ], [ -66.244578, -3.111641 ], [ -66.247856, -3.118818 ], [ -66.244216, -3.12612 ], [ -66.254294, -3.127635 ], [ -66.265017, -3.134422 ], [ -66.281578, -3.13417 ], [ -66.294916, -3.142068 ], [ -66.302556, -3.142982 ], [ -66.301386, -3.150543 ], [ -66.306246, -3.15656 ], [ -66.316381, -3.157981 ], [ -66.331776, -3.161602 ], [ -66.338718, -3.14699 ], [ -66.345576, -3.150886 ], [ -66.367744, -3.1403 ], [ -66.38275, -3.145452 ], [ -66.38769, -3.138792 ], [ -66.403521, -3.137054 ], [ -66.410887, -3.132241 ], [ -66.42294, -3.143182 ], [ -66.431942, -3.143661 ], [ -66.437663, -3.138257 ], [ -66.445162, -3.140862 ], [ -66.460249, -3.137012 ], [ -66.467917, -3.14018 ], [ -66.473686, -3.148525 ], [ -66.504384, -3.143455 ], [ -66.508719, -3.149916 ], [ -66.515693, -3.146396 ], [ -66.527609, -3.156882 ], [ -66.532581, -3.15073 ], [ -66.551802, -3.152498 ], [ -66.558709, -3.148071 ], [ -66.585143, -3.145675 ], [ -66.593882, -3.140052 ], [ -66.612517, -3.147523 ], [ -66.619939, -3.144467 ], [ -66.6245, -3.137852 ], [ -66.639135, -3.145598 ], [ -66.647611, -3.146409 ], [ -66.65147, -3.15292 ], [ -66.65928, -3.149986 ], [ -66.666248, -3.153143 ], [ -66.67366, -3.150936 ], [ -66.684827, -3.162137 ], [ -66.70152, -3.162962 ], [ -66.708214, -3.158696 ], [ -66.715742, -3.16 ], [ -66.730997, -3.155925 ], [ -66.748161, -3.165388 ], [ -66.758718, -3.161717 ], [ -66.767731, -3.165457 ], [ -66.784772, -3.149983 ], [ -66.800439, -3.144387 ], [ -66.825473, -3.145382 ], [ -66.847465, -3.137724 ], [ -66.871329, -3.142325 ], [ -66.875614, -3.145972 ], [ -66.903164, -3.16975 ], [ -66.920048, -3.207141 ], [ -66.927018, -3.23137 ], [ -66.937218, -3.244999 ], [ -66.938246, -3.261151 ], [ -66.934167, -3.278022 ], [ -66.941166, -3.303385 ], [ -66.966884, -3.327147 ], [ -66.983134, -3.329822 ], [ -66.989995, -3.334115 ], [ -66.995188, -3.340871 ], [ -66.995994, -3.348585 ], [ -66.992135, -3.372706 ], [ -67.023136, -3.393275 ], [ -67.034444, -3.415297 ], [ -67.026442, -3.483472 ], [ -67.032996, -3.511039 ], [ -67.02761, -3.528683 ], [ -67.013827, -3.5406 ], [ -66.997716, -3.548279 ], [ -66.946186, -3.553396 ], [ -66.930416, -3.565448 ], [ -66.914583, -3.571163 ], [ -66.909836, -3.577206 ], [ -66.922911, -3.624678 ], [ -66.935188, -3.637603 ], [ -66.94097, -3.655073 ], [ -66.973498, -3.681782 ], [ -66.988748, -3.707383 ], [ -66.986748, -3.725365 ], [ -66.976136, -3.747281 ], [ -66.979188, -3.775356 ], [ -66.972158, -3.790997 ], [ -66.969045, -3.852498 ], [ -66.970497, -3.860677 ], [ -66.987994, -3.854942 ], [ -66.994998, -3.858953 ], [ -66.994634, -3.868068 ], [ -67.007166, -3.877711 ], [ -67.009519, -3.895866 ], [ -66.987851, -3.922205 ], [ -66.978134, -3.944997 ], [ -66.977219, -3.952631 ], [ -66.982051, -3.958639 ], [ -66.983459, -3.970955 ], [ -66.988629, -3.982755 ], [ -66.995223, -3.987219 ], [ -67.008386, -3.985375 ], [ -67.047093, -3.963813 ], [ -67.062171, -3.960099 ], [ -67.077804, -3.951713 ], [ -67.111502, -3.944345 ], [ -67.132883, -3.933792 ], [ -67.176221, -3.884098 ], [ -67.18369, -3.881033 ], [ -67.19319, -3.895223 ], [ -67.189108, -3.901903 ], [ -67.195333, -3.907208 ], [ -67.195156, -3.916435 ], [ -67.189388, -3.930735 ], [ -67.175553, -3.949154 ], [ -67.177856, -3.95741 ], [ -67.172719, -3.963278 ], [ -67.170634, -3.978643 ], [ -67.164739, -3.985071 ], [ -67.163053, -3.992693 ], [ -67.15428, -4.006472 ], [ -67.140967, -4.014136 ], [ -67.133636, -4.030671 ], [ -67.126103, -4.032109 ], [ -67.120131, -4.038736 ], [ -67.112304, -4.040339 ], [ -67.104191, -4.037207 ], [ -67.083584, -4.05032 ], [ -67.072965, -4.061913 ], [ -67.068272, -4.077854 ], [ -67.072193, -4.085047 ], [ -67.067246, -4.090873 ], [ -67.064299, -4.107705 ], [ -67.056912, -4.111515 ], [ -67.056055, -4.128773 ], [ -67.048467, -4.129644 ], [ -67.041718, -4.144132 ], [ -67.034242, -4.146306 ], [ -66.99319, -4.187618 ], [ -66.968721, -4.19392 ], [ -66.948029, -4.207372 ], [ -66.93283, -4.212045 ], [ -66.921471, -4.225002 ], [ -66.91358, -4.228251 ], [ -66.909416, -4.234575 ], [ -66.926526, -4.261824 ], [ -66.928328, -4.295063 ], [ -66.921386, -4.312659 ], [ -66.914661, -4.317147 ], [ -66.919799, -4.323032 ], [ -66.913023, -4.327733 ], [ -66.913887, -4.336098 ], [ -66.896858, -4.354305 ], [ -66.886187, -4.378108 ], [ -66.884887, -4.387226 ], [ -66.888275, -4.394492 ], [ -66.88147, -4.417516 ], [ -66.882693, -4.427005 ], [ -66.892079, -4.440713 ], [ -66.895439, -4.456455 ], [ -66.895042, -4.480514 ], [ -66.957592, -4.494175 ], [ -67.025655, -4.508398 ], [ -67.034721, -4.511377 ], [ -67.042355, -4.507055 ], [ -67.04844, -4.501561 ], [ -67.046833, -4.492473 ], [ -67.055021, -4.488716 ], [ -67.061778, -4.492151 ], [ -67.084576, -4.484058 ], [ -67.092496, -4.488045 ], [ -67.097714, -4.482506 ], [ -67.113332, -4.481615 ], [ -67.134375, -4.487793 ], [ -67.142136, -4.492629 ], [ -67.155722, -4.484847 ], [ -67.1643, -4.486344 ], [ -67.170493, -4.480006 ], [ -67.176719, -4.484857 ], [ -67.192028, -4.485205 ], [ -67.206883, -4.477022 ], [ -67.213946, -4.481303 ], [ -67.229331, -4.477253 ], [ -67.23805, -4.476357 ], [ -67.246548, -4.462414 ], [ -67.269637, -4.452212 ], [ -67.270251, -4.460069 ], [ -67.294806, -4.481056 ], [ -67.289609, -4.487655 ], [ -67.307634, -4.504301 ], [ -67.308967, -4.512607 ], [ -67.314107, -4.518487 ], [ -67.325801, -4.524134 ], [ -67.331303, -4.517456 ], [ -67.34027, -4.516688 ], [ -67.356862, -4.535966 ], [ -67.35986, -4.542948 ], [ -67.357916, -4.550891 ], [ -67.364885, -4.553469 ], [ -67.378966, -4.544391 ], [ -67.401911, -4.517899 ], [ -67.434747, -4.506004 ], [ -67.452027, -4.505252 ], [ -67.476326, -4.512566 ], [ -67.496387, -4.539286 ], [ -67.543582, -4.538108 ], [ -67.569304, -4.542416 ], [ -67.575826, -4.546897 ], [ -67.602998, -4.589953 ], [ -67.611528, -4.591581 ], [ -67.620582, -4.588096 ], [ -67.648692, -4.571117 ], [ -67.657136, -4.57105 ], [ -67.6808, -4.579678 ], [ -67.709579, -4.597327 ], [ -67.761325, -4.651779 ], [ -67.792328, -4.665553 ], [ -67.818801, -4.685325 ], [ -67.851686, -4.729118 ], [ -67.855078, -4.753633 ], [ -67.865134, -4.774915 ], [ -67.872272, -4.780063 ], [ -67.888805, -4.783088 ], [ -67.912243, -4.777141 ], [ -67.922241, -4.786432 ], [ -67.924637, -4.787512 ], [ -67.927438, -4.778188 ], [ -67.944193, -4.780975 ], [ -67.950577, -4.776615 ], [ -67.957242, -4.761865 ], [ -67.968248, -4.749464 ], [ -67.976326, -4.749842 ], [ -67.982806, -4.754537 ], [ -67.988606, -4.777443 ], [ -67.998941, -4.799681 ], [ -67.992691, -4.841974 ], [ -68.006943, -4.862424 ], [ -68.005049, -4.872222 ], [ -67.994162, -4.88068 ], [ -67.993441, -4.889593 ], [ -68.003858, -4.918182 ], [ -68.002581, -4.934291 ], [ -67.996357, -4.939337 ], [ -67.996966, -4.947555 ], [ -68.037426, -4.973393 ], [ -68.048548, -4.992528 ], [ -68.043044, -5.011697 ], [ -68.040857, -5.041394 ], [ -68.048191, -5.059531 ], [ -68.061919, -5.066489 ], [ -68.071565, -5.050718 ], [ -68.084638, -5.042229 ], [ -68.091639, -5.046815 ], [ -68.097334, -5.080868 ], [ -68.112975, -5.086866 ], [ -68.13386, -5.116041 ], [ -68.160028, -5.138866 ], [ -68.171357, -5.163163 ], [ -68.169331, -5.180787 ], [ -68.189299, -5.197548 ], [ -68.200276, -5.220259 ], [ -68.19472, -5.281749 ], [ -68.204028, -5.299419 ], [ -68.222273, -5.366949 ], [ -68.220743, -5.375566 ], [ -68.214416, -5.380441 ], [ -68.208858, -5.397214 ], [ -68.21141, -5.413023 ], [ -68.216606, -5.420558 ], [ -68.21869, -5.440098 ], [ -68.217611, -5.448206 ], [ -68.204496, -5.458302 ], [ -68.206022, -5.46748 ], [ -68.219806, -5.477837 ], [ -68.235804, -5.473923 ], [ -68.253273, -5.491535 ], [ -68.270162, -5.494926 ], [ -68.273827, -5.502685 ], [ -68.260387, -5.512385 ], [ -68.259777, -5.520658 ], [ -68.273723, -5.566661 ], [ -68.272691, -5.574652 ], [ -68.264416, -5.578981 ], [ -68.240474, -5.581747 ], [ -68.23358, -5.587025 ], [ -68.255608, -5.618343 ], [ -68.275496, -5.637824 ], [ -68.280779, -5.651285 ], [ -68.274834, -5.659075 ], [ -68.231527, -5.686068 ], [ -68.226137, -5.709812 ], [ -68.228886, -5.718883 ], [ -68.238192, -5.730488 ], [ -68.249139, -5.757289 ], [ -68.23747, -5.769358 ], [ -68.218135, -5.805523 ], [ -68.224223, -5.822513 ], [ -68.20918, -5.868771 ], [ -68.214942, -5.893633 ], [ -68.209721, -5.917715 ], [ -68.214137, -5.924855 ], [ -68.229973, -5.929665 ], [ -68.238493, -5.927277 ], [ -68.246724, -5.92422 ], [ -68.265606, -5.90704 ], [ -68.295304, -5.921927 ], [ -68.297945, -5.938242 ], [ -68.310164, -5.949394 ], [ -68.31225, -5.958237 ], [ -68.307773, -5.984646 ], [ -68.297527, -6.007418 ], [ -68.304919, -6.034563 ], [ -68.304943, -6.050556 ], [ -68.306054, -6.061012 ], [ -68.312976, -6.066697 ], [ -68.322391, -6.066306 ], [ -68.343885, -6.081274 ], [ -68.368113, -6.083982 ], [ -68.370774, -6.093449 ], [ -68.368139, -6.10157 ], [ -68.372194, -6.108789 ], [ -68.388355, -6.116798 ], [ -68.398804, -6.129412 ], [ -68.418054, -6.142915 ], [ -68.432108, -6.164216 ], [ -68.450335, -6.163809 ], [ -68.463166, -6.17544 ], [ -68.487143, -6.178596 ], [ -68.494447, -6.185479 ], [ -68.504559, -6.187359 ], [ -68.510217, -6.193476 ], [ -68.535224, -6.191762 ], [ -68.54333, -6.195315 ], [ -68.554191, -6.208323 ], [ -68.572473, -6.208195 ], [ -68.586133, -6.229426 ], [ -68.596246, -6.22813 ], [ -68.601522, -6.235375 ], [ -68.608888, -6.262728 ], [ -68.617246, -6.265492 ], [ -68.622143, -6.271362 ], [ -68.630002, -6.268556 ], [ -68.648172, -6.287595 ], [ -68.663418, -6.290245 ], [ -68.681057, -6.306615 ], [ -68.685472, -6.313036 ], [ -68.686115, -6.321842 ], [ -68.676471, -6.321055 ], [ -68.673275, -6.328711 ], [ -68.681999, -6.354623 ], [ -68.680024, -6.362869 ], [ -68.66547, -6.370838 ], [ -68.662996, -6.404541 ], [ -68.671836, -6.408729 ], [ -68.682614, -6.408404 ], [ -68.702837, -6.406661 ], [ -68.709943, -6.409681 ], [ -68.714584, -6.416513 ], [ -68.740084, -6.425123 ], [ -68.74978, -6.421779 ], [ -68.754665, -6.415109 ], [ -68.751948, -6.398273 ], [ -68.761225, -6.397359 ], [ -68.768636, -6.400954 ], [ -68.776581, -6.394961 ], [ -68.808692, -6.388769 ], [ -68.814358, -6.396071 ], [ -68.810217, -6.41143 ], [ -68.822802, -6.424185 ], [ -68.837748, -6.420134 ], [ -68.863526, -6.420295 ], [ -68.873079, -6.424369 ], [ -68.878834, -6.416581 ], [ -68.872218, -6.402403 ], [ -68.886329, -6.390847 ], [ -68.888689, -6.382605 ], [ -68.896053, -6.367985 ], [ -68.909251, -6.359581 ], [ -68.917109, -6.360849 ], [ -68.916364, -6.371163 ], [ -68.923083, -6.376671 ], [ -68.930914, -6.376409 ], [ -68.936053, -6.370367 ], [ -68.944661, -6.367902 ], [ -68.94692, -6.375199 ], [ -68.954663, -6.373696 ], [ -68.978691, -6.362582 ], [ -68.994192, -6.35905 ], [ -69.018218, -6.389116 ], [ -69.03628, -6.398265 ], [ -69.054865, -6.391423 ], [ -69.068943, -6.378045 ], [ -69.090696, -6.37011 ], [ -69.101194, -6.370094 ], [ -69.117864, -6.376599 ], [ -69.131246, -6.389526 ], [ -69.139972, -6.406652 ], [ -69.149113, -6.413744 ], [ -69.157109, -6.417687 ], [ -69.180331, -6.404869 ], [ -69.20939, -6.428208 ], [ -69.216921, -6.431977 ], [ -69.225021, -6.431272 ], [ -69.233445, -6.428163 ], [ -69.236468, -6.412799 ], [ -69.213336, -6.372434 ], [ -69.209919, -6.344817 ], [ -69.215198, -6.334833 ], [ -69.267559, -6.283845 ], [ -69.27519, -6.282109 ], [ -69.283055, -6.283241 ], [ -69.305254, -6.299362 ], [ -69.311312, -6.306233 ], [ -69.317989, -6.330443 ], [ -69.323329, -6.348272 ], [ -69.332972, -6.360977 ], [ -69.345059, -6.363251 ], [ -69.394386, -6.355581 ], [ -69.412891, -6.356918 ], [ -69.486447, -6.388625 ], [ -69.500719, -6.397483 ], [ -69.514587, -6.411664 ], [ -69.532103, -6.457012 ], [ -69.548041, -6.467609 ], [ -69.563969, -6.461405 ], [ -69.57925, -6.464749 ], [ -69.588032, -6.460432 ], [ -69.607192, -6.438029 ], [ -69.650579, -6.428068 ], [ -69.670994, -6.426984 ], [ -69.686309, -6.433474 ], [ -69.701088, -6.422317 ], [ -69.733391, -6.427728 ], [ -69.757581, -6.437522 ], [ -69.76786, -6.438981 ], [ -69.782249, -6.449454 ], [ -69.793335, -6.465965 ], [ -69.795974, -6.473636 ], [ -69.794031, -6.527577 ], [ -69.797776, -6.551172 ], [ -69.808274, -6.564776 ], [ -69.816418, -6.568763 ], [ -69.832721, -6.569638 ], [ -69.841606, -6.566055 ], [ -69.858495, -6.549384 ], [ -69.863057, -6.547707 ], [ -69.869693, -6.552908 ], [ -69.886196, -6.543456 ], [ -69.893415, -6.547671 ], [ -69.90994, -6.547857 ], [ -69.917448, -6.566745 ], [ -69.932247, -6.580563 ], [ -69.952583, -6.569266 ], [ -69.981751, -6.563214 ], [ -69.989188, -6.566514 ], [ -70.005722, -6.586855 ], [ -70.005925, -6.586897 ], [ -70.014359, -6.588662 ], [ -70.015948, -6.578918 ], [ -70.028553, -6.567182 ], [ -70.047475, -6.564083 ], [ -70.052558, -6.572619 ], [ -70.051032, -6.591291 ], [ -70.057663, -6.596197 ], [ -70.075358, -6.595335 ], [ -70.081887, -6.60127 ], [ -70.085111, -6.62642 ], [ -70.091525, -6.631557 ], [ -70.115861, -6.618486 ], [ -70.125668, -6.618999 ], [ -70.132134, -6.611872 ], [ -70.142938, -6.608049 ], [ -70.167945, -6.612081 ], [ -70.193828, -6.611758 ], [ -70.200196, -6.604633 ], [ -70.205082, -6.586502 ], [ -70.213303, -6.58453 ], [ -70.229857, -6.591 ], [ -70.245113, -6.602173 ], [ -70.250337, -6.618992 ], [ -70.260809, -6.634425 ], [ -70.27633, -6.636719 ], [ -70.282555, -6.62752 ], [ -70.287333, -6.608998 ], [ -70.292261, -6.609457 ], [ -70.301888, -6.618334 ], [ -70.307585, -6.635107 ], [ -70.325948, -6.635491 ], [ -70.342383, -6.641273 ], [ -70.351504, -6.63803 ], [ -70.359873, -6.644973 ], [ -70.367501, -6.644721 ], [ -70.374417, -6.617017 ], [ -70.388971, -6.61054 ], [ -70.415999, -6.608708 ], [ -70.419222, -6.579363 ], [ -70.422458, -6.57427 ], [ -70.422961, -6.573479 ], [ -70.44058, -6.565867 ], [ -70.457943, -6.568084 ], [ -70.481365, -6.576347 ], [ -70.507082, -6.574099 ], [ -70.535894, -6.562568 ], [ -70.550777, -6.542533 ], [ -70.571336, -6.534154 ], [ -70.586203, -6.559349 ], [ -70.597393, -6.598518 ], [ -70.607359, -6.605065 ], [ -70.616775, -6.606577 ], [ -70.653034, -6.59473 ], [ -70.680417, -6.608877 ], [ -70.701418, -6.636164 ], [ -70.717228, -6.642413 ], [ -70.730278, -6.653738 ], [ -70.75639, -6.648075 ], [ -70.771671, -6.655657 ], [ -70.77634, -6.663815 ], [ -70.781747, -6.701253 ], [ -70.789868, -6.706854 ], [ -70.816307, -6.711391 ], [ -70.834194, -6.71901 ], [ -70.85368, -6.715304 ], [ -70.863638, -6.726011 ], [ -70.885196, -6.716338 ], [ -70.900162, -6.705346 ], [ -70.905893, -6.721153 ], [ -70.914722, -6.720504 ], [ -70.929423, -6.696644 ], [ -70.930971, -6.671528 ], [ -70.949086, -6.677004 ], [ -70.96258, -6.666554 ], [ -70.97492, -6.650611 ], [ -70.992905, -6.646426 ], [ -71.006584, -6.655932 ], [ -71.023699, -6.652939 ], [ -71.052753, -6.65835 ], [ -71.082002, -6.657166 ], [ -71.090198, -6.660153 ], [ -71.103724, -6.675362 ], [ -71.102644, -6.702198 ], [ -71.106057, -6.70932 ], [ -71.128527, -6.693578 ], [ -71.136573, -6.696232 ], [ -71.142923, -6.705906 ], [ -71.170917, -6.70501 ], [ -71.179916, -6.708615 ], [ -71.188946, -6.72657 ], [ -71.198251, -6.726828 ], [ -71.221233, -6.72023 ], [ -71.234775, -6.72029 ], [ -71.247801, -6.731253 ], [ -71.272029, -6.724856 ], [ -71.284066, -6.716158 ], [ -71.292666, -6.706164 ], [ -71.299524, -6.690438 ], [ -71.324557, -6.687466 ], [ -71.342762, -6.680952 ], [ -71.360767, -6.703942 ], [ -71.367322, -6.720455 ], [ -71.378069, -6.734625 ], [ -71.390394, -6.768245 ], [ -71.407855, -6.770064 ], [ -71.410669, -6.786851 ], [ -71.444574, -6.810554 ], [ -71.452272, -6.844716 ], [ -71.47178, -6.864097 ], [ -71.480097, -6.862825 ], [ -71.486871, -6.848492 ], [ -71.495669, -6.845906 ], [ -71.515753, -6.864638 ], [ -71.522347, -6.86809 ], [ -71.52964, -6.861567 ], [ -71.53771, -6.865228 ], [ -71.53797, -6.891633 ], [ -71.545573, -6.917709 ], [ -71.549587, -6.952038 ], [ -71.558235, -6.952702 ], [ -71.569394, -6.938838 ], [ -71.583448, -6.928309 ], [ -71.593058, -6.926341 ], [ -71.599127, -6.932049 ], [ -71.59659, -6.950777 ], [ -71.600414, -6.959699 ], [ -71.60964, -6.957279 ], [ -71.61728, -6.960206 ], [ -71.628029, -6.971064 ], [ -71.637832, -6.974062 ], [ -71.645502, -6.97047 ], [ -71.649493, -6.961592 ], [ -71.647544, -6.950845 ], [ -71.633489, -6.929902 ], [ -71.633619, -6.913005 ], [ -71.652989, -6.910187 ], [ -71.682622, -6.885278 ], [ -71.700501, -6.883391 ], [ -71.703912, -6.888582 ], [ -71.718287, -6.918465 ], [ -71.727476, -6.914678 ], [ -71.744587, -6.920254 ], [ -71.751316, -6.915313 ], [ -71.748563, -6.905483 ], [ -71.752947, -6.897952 ], [ -71.76011, -6.90059 ], [ -71.770615, -6.915021 ], [ -71.785614, -6.90781 ], [ -71.793461, -6.912569 ], [ -71.799877, -6.917236 ], [ -71.801913, -6.925795 ], [ -71.794592, -6.928865 ], [ -71.792552, -6.936651 ], [ -71.797017, -6.952318 ], [ -71.791799, -6.979816 ], [ -71.797401, -6.986546 ], [ -71.805222, -6.989507 ], [ -71.846652, -6.997697 ], [ -71.89527, -6.995585 ], [ -71.902921, -6.990522 ], [ -71.919668, -6.988243 ], [ -71.934279, -6.997893 ], [ -71.931202, -7.010811 ], [ -71.946452, -7.015595 ], [ -71.976309, -7.003212 ], [ -71.983575, -7.005524 ], [ -71.991458, -7.033484 ], [ -71.986574, -7.039635 ], [ -71.978669, -7.036894 ], [ -71.9729, -7.060462 ], [ -71.985041, -7.080492 ], [ -71.983671, -7.090187 ], [ -71.995659, -7.099489 ], [ -72.000028, -7.093102 ], [ -72.008416, -7.094866 ], [ -72.019089, -7.105834 ], [ -72.026682, -7.106192 ], [ -72.041335, -7.098973 ], [ -72.050642, -7.10243 ], [ -72.089473, -7.126092 ], [ -72.128588, -7.130716 ], [ -72.158361, -7.129074 ], [ -72.182918, -7.132857 ], [ -72.195041, -7.145191 ], [ -72.214944, -7.18054 ], [ -72.239702, -7.190959 ], [ -72.266785, -7.185927 ], [ -72.28228, -7.17666 ], [ -72.289804, -7.179694 ], [ -72.306258, -7.199777 ], [ -72.315003, -7.205033 ], [ -72.332419, -7.207215 ], [ -72.357918, -7.202656 ], [ -72.366726, -7.205705 ], [ -72.378454, -7.215553 ], [ -72.387003, -7.213548 ], [ -72.386713, -7.204153 ], [ -72.370439, -7.182622 ], [ -72.376448, -7.175168 ], [ -72.393059, -7.167112 ], [ -72.404648, -7.154297 ], [ -72.420503, -7.122746 ], [ -72.432252, -7.112109 ], [ -72.474703, -7.116972 ], [ -72.486444, -7.12682 ], [ -72.514363, -7.131719 ], [ -72.540619, -7.130003 ], [ -72.568921, -7.113397 ], [ -72.581948, -7.113796 ], [ -72.598978, -7.107313 ], [ -72.614387, -7.111354 ], [ -72.621363, -7.108367 ], [ -72.631756, -7.097298 ], [ -72.644259, -7.074382 ], [ -72.667163, -7.049669 ], [ -72.683315, -7.018153 ], [ -72.697977, -7.009504 ], [ -72.698053, -7.006414 ], [ -72.699491, -6.968733 ], [ -72.69647, -6.960543 ], [ -72.677435, -6.958907 ], [ -72.663004, -6.950094 ], [ -72.672041, -6.915628 ], [ -72.677631, -6.907925 ], [ -72.693417, -6.902937 ], [ -72.717087, -6.9047 ], [ -72.723945, -6.908054 ], [ -72.736397, -6.921146 ], [ -72.761584, -6.937611 ], [ -72.774824, -6.960869 ], [ -72.78434, -6.971918 ], [ -72.819615, -6.979345 ], [ -72.837564, -6.988913 ], [ -72.857091, -7.004816 ], [ -72.879642, -6.993291 ], [ -72.89739, -6.998789 ], [ -72.904914, -6.997421 ], [ -72.932781, -7.010799 ], [ -72.974865, -7.025003 ], [ -73.009536, -7.027927 ], [ -73.032895, -7.018502 ], [ -73.047622, -7.008403 ], [ -73.081538, -6.996015 ], [ -73.106342, -6.981071 ], [ -73.121622, -6.977243 ], [ -73.139863, -6.945774 ], [ -73.146506, -6.940219 ], [ -73.177829, -6.929429 ], [ -73.184553, -6.922326 ], [ -73.192617, -6.917931 ], [ -73.220447, -6.923844 ], [ -73.259588, -6.920219 ], [ -73.279982, -6.934969 ], [ -73.297735, -6.942614 ], [ -73.316836, -6.94033 ], [ -73.367095, -6.94966 ], [ -73.392419, -6.943355 ], [ -73.411116, -6.943855 ], [ -73.427241, -6.951467 ], [ -73.437211, -6.951667 ], [ -73.44419, -6.945256 ], [ -73.452979, -6.928673 ], [ -73.488397, -6.933669 ], [ -73.49805, -6.932489 ], [ -73.505813, -6.926271 ], [ -73.51498, -6.926458 ], [ -73.535079, -6.941787 ], [ -73.567559, -6.929835 ], [ -73.611234, -6.938349 ], [ -73.627344, -6.93621 ], [ -73.647413, -6.947365 ], [ -73.672779, -6.950347 ], [ -73.680104, -6.954026 ], [ -73.685177, -6.969426 ], [ -73.68309, -6.980285 ], [ -73.665649, -7.000348 ], [ -73.708222, -7.040785 ], [ -73.737624, -7.134317 ], [ -73.800982, -7.111457 ], [ -73.796169, -7.102966 ], [ -73.773705, -7.084873 ], [ -73.73815, -7.044957 ], [ -73.726207, -7.022157 ], [ -73.729451, -7.006498 ], [ -73.738009, -6.998938 ], [ -73.737811, -6.981756 ], [ -73.742282, -6.964892 ], [ -73.754006, -6.941541 ], [ -73.752316, -6.932706 ], [ -73.74093, -6.909179 ], [ -73.72087, -6.888721 ], [ -73.716346, -6.870033 ], [ -73.710952, -6.862283 ], [ -73.706621, -6.839285 ], [ -73.696759, -6.839033 ], [ -73.689896, -6.833939 ], [ -73.680959, -6.817705 ], [ -73.666206, -6.806081 ], [ -73.647976, -6.77788 ], [ -73.642231, -6.761783 ], [ -73.615229, -6.740935 ], [ -73.606509, -6.738708 ], [ -73.583979, -6.724355 ], [ -73.575922, -6.726106 ], [ -73.5592, -6.720587 ], [ -73.549863, -6.706284 ], [ -73.515842, -6.676984 ], [ -73.497641, -6.671502 ], [ -73.481927, -6.670805 ], [ -73.475508, -6.664978 ], [ -73.458065, -6.665175 ], [ -73.436449, -6.650708 ], [ -73.427699, -6.65188 ], [ -73.412117, -6.641723 ], [ -73.404504, -6.642562 ], [ -73.380117, -6.634657 ], [ -73.378641, -6.616921 ], [ -73.37417, -6.610705 ], [ -73.359283, -6.602188 ], [ -73.353918, -6.59455 ], [ -73.337061, -6.592706 ], [ -73.331229, -6.599571 ], [ -73.325282, -6.593969 ], [ -73.31023, -6.592143 ], [ -73.300976, -6.594331 ], [ -73.27989, -6.585079 ], [ -73.262908, -6.586308 ], [ -73.255169, -6.582376 ], [ -73.246584, -6.583888 ], [ -73.232617, -6.577532 ], [ -73.229562, -6.570138 ], [ -73.22148, -6.5644 ], [ -73.219116, -6.572824 ], [ -73.212391, -6.577472 ], [ -73.199791, -6.564421 ], [ -73.204658, -6.556539 ], [ -73.197556, -6.55365 ], [ -73.197693, -6.544128 ], [ -73.189613, -6.544851 ], [ -73.181953, -6.539656 ], [ -73.18364, -6.527208 ], [ -73.172085, -6.517886 ], [ -73.166281, -6.525658 ], [ -73.152808, -6.519645 ], [ -73.137844, -6.49761 ], [ -73.141197, -6.490838 ], [ -73.131671, -6.467877 ], [ -73.123172, -6.462926 ], [ -73.123086, -6.454425 ], [ -73.117254, -6.449475 ], [ -73.117559, -6.439519 ], [ -73.121993, -6.431495 ], [ -73.118722, -6.423547 ], [ -73.110393, -6.419623 ], [ -73.108405, -6.410194 ], [ -73.116419, -6.394505 ], [ -73.132947, -6.386998 ], [ -73.138667, -6.36273 ], [ -73.144952, -6.355924 ], [ -73.150508, -6.321339 ], [ -73.157695, -6.326899 ], [ -73.160471, -6.317719 ], [ -73.161004, -6.298691 ], [ -73.1655, -6.290275 ], [ -73.161486, -6.282641 ], [ -73.164917, -6.273843 ], [ -73.184588, -6.256667 ], [ -73.192364, -6.255939 ], [ -73.197198, -6.239314 ], [ -73.208529, -6.226205 ], [ -73.218644, -6.22133 ], [ -73.217616, -6.186313 ], [ -73.219953, -6.178169 ], [ -73.249675, -6.144576 ], [ -73.252087, -6.129516 ], [ -73.250224, -6.104553 ], [ -73.234599, -6.085478 ], [ -73.239163, -6.079176 ], [ -73.231204, -6.073207 ], [ -73.236896, -6.031826 ], [ -73.229448, -6.030405 ], [ -73.217312, -6.019422 ], [ -73.215586, -6.011468 ], [ -73.209639, -6.004675 ], [ -73.20206, -6.004951 ], [ -73.18845, -5.998872 ], [ -73.193526, -5.983935 ], [ -73.181208, -5.962424 ], [ -73.186094, -5.955247 ], [ -73.187277, -5.938423 ], [ -73.18239, -5.932226 ], [ -73.18095, -5.922604 ], [ -73.173147, -5.923537 ], [ -73.173666, -5.915175 ], [ -73.167734, -5.908961 ], [ -73.169396, -5.892424 ], [ -73.155293, -5.882191 ], [ -73.160549, -5.876258 ], [ -73.156391, -5.869052 ], [ -73.150473, -5.863085 ], [ -73.142642, -5.863308 ], [ -73.137061, -5.85819 ], [ -73.114086, -5.853386 ], [ -73.116478, -5.828235 ], [ -73.109673, -5.823861 ], [ -73.092949, -5.821343 ], [ -73.095084, -5.81296 ], [ -73.078674, -5.805664 ], [ -73.063474, -5.788918 ], [ -73.054917, -5.788746 ], [ -73.055442, -5.771514 ], [ -73.049056, -5.765669 ], [ -73.046972, -5.755712 ], [ -73.041948, -5.74866 ], [ -73.034142, -5.750241 ], [ -73.026391, -5.744907 ], [ -73.02003, -5.739151 ], [ -73.021112, -5.73157 ], [ -73.002312, -5.721037 ], [ -72.998149, -5.714374 ], [ -73.003406, -5.707883 ], [ -72.991618, -5.703415 ], [ -72.992138, -5.695441 ], [ -72.984428, -5.69394 ], [ -72.986719, -5.681468 ], [ -72.985671, -5.676957 ], [ -72.989807, -5.668992 ], [ -72.985696, -5.661944 ], [ -72.971167, -5.656879 ], [ -72.964638, -5.661341 ], [ -72.961204, -5.654215 ], [ -72.965445, -5.645019 ], [ -72.966723, -5.629224 ], [ -72.973916, -5.623704 ], [ -72.972641, -5.607752 ], [ -72.965809, -5.592843 ], [ -72.95048, -5.583974 ], [ -72.957961, -5.57045 ], [ -72.951398, -5.56584 ], [ -72.95664, -5.556406 ], [ -72.953197, -5.539785 ], [ -72.959949, -5.523131 ], [ -72.963195, -5.497741 ], [ -72.957451, -5.491647 ], [ -72.956338, -5.465045 ], [ -72.94787, -5.451495 ], [ -72.950408, -5.444342 ], [ -72.941921, -5.441116 ], [ -72.935328, -5.418382 ], [ -72.928837, -5.41276 ], [ -72.928561, -5.405115 ], [ -72.919863, -5.38987 ], [ -72.920167, -5.382054 ], [ -72.906446, -5.374767 ], [ -72.908749, -5.365692 ], [ -72.898169, -5.345826 ], [ -72.898084, -5.33667 ], [ -72.885581, -5.322945 ], [ -72.887825, -5.312922 ], [ -72.879332, -5.310485 ], [ -72.869536, -5.298988 ], [ -72.875156, -5.293057 ], [ -72.868334, -5.288745 ], [ -72.863726, -5.272915 ], [ -72.86856, -5.266085 ], [ -72.87111, -5.252815 ], [ -72.86295, -5.239431 ], [ -72.866475, -5.232551 ], [ -72.863283, -5.216774 ], [ -72.865253, -5.209461 ], [ -72.873159, -5.20633 ], [ -72.868367, -5.199463 ], [ -72.876476, -5.185254 ], [ -72.876782, -5.177209 ], [ -72.883838, -5.174374 ], [ -72.884497, -5.166454 ], [ -72.876667, -5.162198 ], [ -72.872501, -5.15571 ], [ -72.864533, -5.155365 ], [ -72.855695, -5.143187 ], [ -72.847085, -5.142223 ], [ -72.842945, -5.149612 ], [ -72.821723, -5.141725 ], [ -72.815444, -5.138129 ], [ -72.815251, -5.134274 ], [ -72.814007, -5.109376 ], [ -72.797945, -5.114838 ], [ -72.782197, -5.112164 ], [ -72.779837, -5.103112 ], [ -72.773638, -5.098506 ], [ -72.765637, -5.103315 ], [ -72.759723, -5.097799 ], [ -72.753106, -5.082412 ], [ -72.738696, -5.091139 ], [ -72.73639, -5.08243 ], [ -72.729651, -5.077703 ], [ -72.735249, -5.071887 ], [ -72.733721, -5.063754 ], [ -72.725253, -5.065163 ], [ -72.720361, -5.058683 ], [ -72.711888, -5.058625 ], [ -72.70697, -5.052536 ], [ -72.691553, -5.064246 ], [ -72.677917, -5.054528 ], [ -72.667419, -5.054823 ], [ -72.652081, -5.063339 ], [ -72.648169, -5.05392 ], [ -72.640916, -5.049777 ], [ -72.639169, -5.057714 ], [ -72.628947, -5.051661 ], [ -72.610527, -5.036877 ], [ -72.60894, -5.016323 ], [ -72.602527, -5.010589 ], [ -72.601752, -5.00249 ], [ -72.606105, -4.995218 ], [ -72.592057, -4.991285 ], [ -72.585917, -4.984868 ], [ -72.576888, -4.984978 ], [ -72.569056, -4.981117 ], [ -72.54711, -4.958145 ], [ -72.538607, -4.961379 ], [ -72.527492, -4.957806 ], [ -72.521306, -4.936609 ], [ -72.505167, -4.941803 ], [ -72.508054, -4.95034 ], [ -72.497557, -4.953572 ], [ -72.490112, -4.936573 ], [ -72.484614, -4.942264 ], [ -72.488132, -4.950216 ], [ -72.481111, -4.95322 ], [ -72.475531, -4.945426 ], [ -72.476168, -4.929068 ], [ -72.457558, -4.925203 ], [ -72.457305, -4.914854 ], [ -72.465261, -4.907184 ], [ -72.468383, -4.903164 ], [ -72.463584, -4.89607 ], [ -72.454501, -4.89533 ], [ -72.45161, -4.903389 ], [ -72.443724, -4.901174 ], [ -72.440875, -4.907824 ], [ -72.432645, -4.910978 ], [ -72.429779, -4.9025 ], [ -72.419224, -4.897455 ], [ -72.419918, -4.887385 ], [ -72.426545, -4.880773 ], [ -72.418221, -4.877822 ], [ -72.411863, -4.884543 ], [ -72.398529, -4.874825 ], [ -72.385119, -4.871915 ], [ -72.384274, -4.850662 ], [ -72.380834, -4.843892 ], [ -72.38296, -4.830981 ], [ -72.375635, -4.827272 ], [ -72.371086, -4.807004 ], [ -72.347279, -4.805986 ], [ -72.336366, -4.797006 ], [ -72.323554, -4.7965 ], [ -72.323111, -4.787329 ], [ -72.327135, -4.780849 ], [ -72.320114, -4.777496 ], [ -72.307924, -4.783171 ], [ -72.299194, -4.775807 ], [ -72.277085, -4.78341 ], [ -72.282552, -4.790279 ], [ -72.279665, -4.798343 ], [ -72.271054, -4.79556 ], [ -72.253611, -4.765087 ], [ -72.246666, -4.780583 ], [ -72.23089, -4.776484 ], [ -72.215971, -4.767567 ], [ -72.214018, -4.756589 ], [ -72.205611, -4.750869 ], [ -72.191888, -4.761647 ], [ -72.18745, -4.753681 ], [ -72.192349, -4.746296 ], [ -72.168914, -4.734543 ], [ -72.16089, -4.736119 ], [ -72.159834, -4.727634 ], [ -72.14522, -4.721205 ], [ -72.140669, -4.713362 ], [ -72.126575, -4.722986 ], [ -72.115129, -4.713498 ], [ -72.09978, -4.702834 ], [ -72.090473, -4.688509 ], [ -72.076312, -4.679179 ], [ -72.08158, -4.672364 ], [ -72.062056, -4.653116 ], [ -72.044749, -4.6514 ], [ -72.037002, -4.636942 ], [ -72.038766, -4.62288 ], [ -72.017778, -4.631173 ], [ -72.013169, -4.637878 ], [ -72.005334, -4.641318 ], [ -72.004556, -4.631926 ], [ -72.000083, -4.62555 ], [ -71.983967, -4.625071 ], [ -71.976222, -4.607754 ], [ -71.969026, -4.604905 ], [ -71.961665, -4.607804 ], [ -71.944894, -4.604546 ], [ -71.949383, -4.597331 ], [ -71.941162, -4.592946 ], [ -71.946472, -4.584334 ], [ -71.945632, -4.575417 ], [ -71.935858, -4.576561 ], [ -71.929527, -4.570844 ], [ -71.931606, -4.561145 ], [ -71.922662, -4.562215 ], [ -71.921112, -4.554515 ], [ -71.926435, -4.544774 ], [ -71.910555, -4.538967 ], [ -71.909694, -4.548612 ], [ -71.902002, -4.543553 ], [ -71.903489, -4.52786 ], [ -71.893029, -4.537955 ], [ -71.884865, -4.533462 ], [ -71.888554, -4.521303 ], [ -71.882335, -4.515817 ], [ -71.867664, -4.526451 ], [ -71.855889, -4.512813 ], [ -71.838346, -4.504952 ], [ -71.810612, -4.497328 ], [ -71.799999, -4.490541 ], [ -71.78839, -4.490966 ], [ -71.776471, -4.487194 ], [ -71.771028, -4.494952 ], [ -71.771829, -4.504686 ], [ -71.760668, -4.503234 ], [ -71.751331, -4.495002 ], [ -71.749387, -4.486439 ], [ -71.754658, -4.476922 ], [ -71.747999, -4.472222 ], [ -71.740612, -4.485165 ], [ -71.738971, -4.497093 ], [ -71.727889, -4.498622 ], [ -71.714387, -4.5119 ], [ -71.703775, -4.512696 ], [ -71.689501, -4.501727 ], [ -71.670637, -4.509388 ], [ -71.654369, -4.495202 ], [ -71.653388, -4.507892 ], [ -71.626418, -4.49098 ], [ -71.629721, -4.4827 ], [ -71.625944, -4.474614 ], [ -71.618831, -4.469889 ], [ -71.61361, -4.478944 ], [ -71.615222, -4.486443 ], [ -71.623723, -4.506645 ], [ -71.633775, -4.510555 ], [ -71.633637, -4.518823 ], [ -71.625977, -4.525386 ], [ -71.614026, -4.533147 ], [ -71.603714, -4.53332 ], [ -71.582165, -4.519845 ], [ -71.569083, -4.506918 ], [ -71.553944, -4.480719 ], [ -71.541388, -4.483973 ], [ -71.541665, -4.473517 ], [ -71.536999, -4.467015 ], [ -71.521131, -4.468238 ], [ -71.502194, -4.486527 ], [ -71.494304, -4.48705 ], [ -71.494109, -4.478292 ], [ -71.506721, -4.465175 ], [ -71.508911, -4.447987 ], [ -71.497442, -4.449229 ], [ -71.488774, -4.459607 ], [ -71.479889, -4.454693 ], [ -71.480853, -4.442768 ], [ -71.472665, -4.439289 ], [ -71.459421, -4.439093 ], [ -71.449361, -4.451501 ], [ -71.436886, -4.450972 ], [ -71.436332, -4.460185 ], [ -71.430303, -4.466303 ], [ -71.417274, -4.465873 ], [ -71.409181, -4.451571 ], [ -71.401803, -4.437754 ], [ -71.388194, -4.427814 ], [ -71.369443, -4.435427 ], [ -71.358935, -4.433342 ], [ -71.353387, -4.427616 ], [ -71.346608, -4.433997 ], [ -71.344917, -4.444399 ], [ -71.335528, -4.441863 ], [ -71.319419, -4.444183 ], [ -71.313388, -4.448761 ], [ -71.314082, -4.458212 ], [ -71.302697, -4.451353 ], [ -71.306918, -4.44003 ], [ -71.317664, -4.432614 ], [ -71.323408, -4.421293 ], [ -71.309747, -4.417355 ], [ -71.297751, -4.437159 ], [ -71.285498, -4.442633 ], [ -71.26603, -4.428373 ], [ -71.271026, -4.396658 ], [ -71.277549, -4.387679 ], [ -71.268497, -4.385997 ], [ -71.250718, -4.390959 ], [ -71.238584, -4.386809 ], [ -71.228359, -4.387378 ], [ -71.229995, -4.407424 ], [ -71.220219, -4.405228 ], [ -71.219279, -4.386997 ], [ -71.214119, -4.379621 ], [ -71.206554, -4.379497 ], [ -71.201668, -4.388669 ], [ -71.208466, -4.400064 ], [ -71.200859, -4.425699 ], [ -71.188276, -4.414339 ], [ -71.188797, -4.398717 ], [ -71.184279, -4.392337 ], [ -71.172472, -4.395322 ], [ -71.166692, -4.390219 ], [ -71.160057, -4.394733 ], [ -71.159778, -4.405772 ], [ -71.149805, -4.399541 ], [ -71.153249, -4.382766 ], [ -71.137385, -4.386274 ], [ -71.117108, -4.410178 ], [ -71.108862, -4.40097 ], [ -71.110388, -4.383828 ], [ -71.099973, -4.37703 ], [ -71.088081, -4.375372 ], [ -71.079168, -4.379464 ], [ -71.085603, -4.389662 ], [ -71.079, -4.395942 ], [ -71.05811, -4.386295 ], [ -71.056662, -4.372987 ], [ -71.04758, -4.374642 ], [ -71.049939, -4.395377 ], [ -71.042722, -4.40064 ], [ -71.030277, -4.396705 ], [ -71.023472, -4.384511 ], [ -71.01575, -4.383464 ], [ -71.006969, -4.387385 ], [ -70.995138, -4.384142 ], [ -70.987914, -4.369331 ], [ -70.98897, -4.361645 ], [ -70.999522, -4.354221 ], [ -70.996248, -4.344848 ], [ -70.984304, -4.35208 ], [ -70.975969, -4.362575 ], [ -70.972612, -4.375338 ], [ -70.948806, -4.37915 ], [ -70.9425, -4.3855 ], [ -70.936389, -4.374858 ], [ -70.936659, -4.363373 ], [ -70.931275, -4.356131 ], [ -70.924555, -4.361493 ], [ -70.914939, -4.353671 ], [ -70.908276, -4.332878 ], [ -70.89933, -4.324225 ], [ -70.879503, -4.322401 ], [ -70.882906, -4.300402 ], [ -70.878912, -4.29222 ], [ -70.84933, -4.278292 ], [ -70.865318, -4.259751 ], [ -70.868105, -4.250242 ], [ -70.855833, -4.247273 ], [ -70.843584, -4.253588 ], [ -70.83233, -4.249875 ], [ -70.829999, -4.239898 ], [ -70.819722, -4.231906 ], [ -70.82964, -4.218568 ], [ -70.825112, -4.202633 ], [ -70.812334, -4.196142 ], [ -70.807611, -4.183171 ], [ -70.790943, -4.185759 ], [ -70.775303, -4.166375 ], [ -70.76736, -4.160846 ], [ -70.758446, -4.159611 ], [ -70.747943, -4.164929 ], [ -70.729386, -4.184083 ], [ -70.71936, -4.187591 ], [ -70.700388, -4.18805 ], [ -70.692097, -4.198722 ], [ -70.680473, -4.199431 ], [ -70.675668, -4.189744 ], [ -70.672138, -4.166707 ], [ -70.674722, -4.144655 ], [ -70.665193, -4.146292 ], [ -70.662915, -4.15833 ], [ -70.655217, -4.166621 ], [ -70.652938, -4.126834 ], [ -70.631109, -4.126407 ], [ -70.623388, -4.131411 ], [ -70.625552, -4.142757 ], [ -70.638328, -4.165905 ], [ -70.63825, -4.179247 ], [ -70.624386, -4.192433 ], [ -70.604109, -4.187434 ] ] ] } }
]
}
