{
"type": "FeatureCollection",
"name": "geojs-52-health_regions",
"crs": { "type": "name", "properties": { "name": "urn:ogc:def:crs:OGC:1.3:CRS84" } },
"features": [
{ "type": "Feature", "properties": { "HREG_ID": "52001", "HREG_NAME": "Central", "id": "520005", "name": "Abadia de Goiás", "description": "Abadia de Goiás", "MUN_ID": "520005", "UF": "GO", "MACRO_ID": "5208", "MACRO_NAME": "Macrorregião Centro-Oeste" }, "geometry": { "type": "Polygon", "coordinates": [ [ [ -49.435107, -16.868698 ], [ -49.446242, -16.900275 ], [ -49.454186, -16.902181 ], [ -49.47022, -16.898374 ], [ -49.469717, -16.907561 ], [ -49.463634, -16.916207 ], [ -49.482749, -16.930197 ], [ -49.4791, -16.979592 ], [ -49.489162, -16.980673 ], [ -49.502913, -16.995892 ], [ -49.516216, -16.997724 ], [ -49.522633, -17.005655 ], [ -49.526102, -17.017331 ], [ -49.523747, -17.022768 ], [ -49.527317, -17.025733 ], [ -49.535079, -17.024687 ], [ -49.542993, -17.044211 ], [ -49.54694, -17.045414 ], [ -49.553743, -17.036621 ], [ -49.559013, -17.039418 ], [ -49.561683, -17.035027 ], [ -49.568102, -17.035003 ], [ -49.575079, -17.040673 ], [ -49.576517, -17.047824 ], [ -49.583941, -17.052915 ], [ -49.589323, -17.051878 ], [ -49.598684, -17.062088 ], [ -49.605803, -17.063432 ], [ -49.606077, -17.057398 ], [ -49.615016, -17.053679 ], [ -49.61998, -17.044678 ], [ -49.620034, -17.044522 ], [ -49.621848, -17.039171 ], [ -49.633767, -17.010072 ], [ -49.594661, -16.952262 ], [ -49.599137, -16.949581 ], [ -49.624518, -16.95531 ], [ -49.628993, -16.952681 ], [ -49.673044, -16.956394 ], [ -49.683605, -16.950849 ], [ -49.692714, -16.950867 ], [ -49.699329, -16.942056 ], [ -49.720329, -16.953866 ], [ -49.727776, -16.955562 ], [ -49.732575, -16.95139 ], [ -49.742886, -16.955976 ], [ -49.744077, -16.947772 ], [ -49.748852, -16.943729 ], [ -49.7438, -16.941198 ], [ -49.737018, -16.945086 ], [ -49.734548, -16.936681 ], [ -49.728409, -16.936779 ], [ -49.725882, -16.932181 ], [ -49.727659, -16.922049 ], [ -49.73369, -16.918641 ], [ -49.736352, -16.911727 ], [ -49.731605, -16.905759 ], [ -49.734462, -16.898939 ], [ -49.740941, -16.893025 ], [ -49.73944, -16.882121 ], [ -49.732555, -16.878623 ], [ -49.729187, -16.870262 ], [ -49.732494, -16.862511 ], [ -49.744775, -16.859465 ], [ -49.753798, -16.8515 ], [ -49.754744, -16.829847 ], [ -49.757099, -16.825696 ], [ -49.767325, -16.824183 ], [ -49.761081, -16.81842 ], [ -49.758629, -16.819831 ], [ -49.758886, -16.815418 ], [ -49.775993, -16.793183 ], [ -49.781379, -16.781574 ], [ -49.779553, -16.763936 ], [ -49.770351, -16.760557 ], [ -49.770605, -16.752015 ], [ -49.762553, -16.747469 ], [ -49.765212, -16.733332 ], [ -49.750609, -16.714728 ], [ -49.745408, -16.699728 ], [ -49.733609, -16.694282 ], [ -49.73488, -16.677606 ], [ -49.727625, -16.669847 ], [ -49.718108, -16.645869 ], [ -49.72355, -16.638867 ], [ -49.729465, -16.640206 ], [ -49.730049, -16.637594 ], [ -49.734275, -16.638455 ], [ -49.744996, -16.652262 ], [ -49.757801, -16.651081 ], [ -49.776361, -16.638026 ], [ -49.879113, -16.639596 ], [ -49.886105, -16.639701 ], [ -49.895358, -16.633238 ], [ -49.906253, -16.616662 ], [ -49.910212, -16.613999 ], [ -49.920411, -16.619753 ], [ -49.92446, -16.629066 ], [ -49.936404, -16.610347 ], [ -49.943797, -16.610516 ], [ -49.945855, -16.600475 ], [ -49.950359, -16.601553 ], [ -49.963273, -16.591349 ], [ -49.972332, -16.589752 ], [ -49.9858, -16.597912 ], [ -50.000917, -16.614077 ], [ -50.006232, -16.620137 ], [ -49.982943, -16.569265 ], [ -49.984292, -16.566346 ], [ -50.011385, -16.505216 ], [ -50.033267, -16.509429 ], [ -50.043856, -16.519485 ], [ -50.053605, -16.513221 ], [ -50.056248, -16.507442 ], [ -50.069417, -16.497584 ], [ -50.079695, -16.502213 ], [ -50.083411, -16.491655 ], [ -50.098549, -16.4935 ], [ -50.104157, -16.503931 ], [ -50.117914, -16.493811 ], [ -50.125215, -16.496069 ], [ -50.12919, -16.50252 ], [ -50.156258, -16.491592 ], [ -50.171133, -16.481993 ], [ -50.165074, -16.472836 ], [ -50.158609, -16.464401 ], [ -50.15863, -16.455736 ], [ -50.148723, -16.443019 ], [ -50.155414, -16.433575 ], [ -50.163798, -16.429644 ], [ -50.165295, -16.425622 ], [ -50.161829, -16.419045 ], [ -50.158186, -16.406913 ], [ -50.158105, -16.393344 ], [ -50.150687, -16.39163 ], [ -50.146667, -16.383809 ], [ -50.148628, -16.373977 ], [ -50.137992, -16.368324 ], [ -50.133608, -16.370231 ], [ -50.131965, -16.366396 ], [ -50.135414, -16.344225 ], [ -50.133112, -16.336427 ], [ -50.138627, -16.328631 ], [ -50.134718, -16.309161 ], [ -50.115635, -16.296463 ], [ -50.098824, -16.279919 ], [ -50.073139, -16.290736 ], [ -50.062933, -16.290098 ], [ -50.048075, -16.265325 ], [ -50.04983, -16.261254 ], [ -50.030294, -16.251449 ], [ -50.029965, -16.279914 ], [ -50.044552, -16.310719 ], [ -50.030294, -16.301175 ], [ -50.0243, -16.305071 ], [ -50.021328, -16.314592 ], [ -50.012966, -16.31713 ], [ -50.008631, -16.330072 ], [ -49.986611, -16.328231 ], [ -49.982713, -16.331032 ], [ -49.982953, -16.326336 ], [ -49.982864, -16.326158 ], [ -49.979559, -16.323008 ], [ -49.982356, -16.310031 ], [ -49.986832, -16.306778 ], [ -49.986385, -16.293341 ], [ -49.977048, -16.279422 ], [ -49.968465, -16.279998 ], [ -49.958971, -16.259896 ], [ -49.944519, -16.24492 ], [ -49.935275, -16.244485 ], [ -49.919443, -16.260556 ], [ -49.911715, -16.257594 ], [ -49.880662, -16.258009 ], [ -49.871521, -16.266021 ], [ -49.878132, -16.275179 ], [ -49.873903, -16.285053 ], [ -49.867501, -16.28029 ], [ -49.856406, -16.277343 ], [ -49.845137, -16.282343 ], [ -49.83624, -16.276009 ], [ -49.820969, -16.275187 ], [ -49.811125, -16.282926 ], [ -49.80861, -16.291787 ], [ -49.798328, -16.299084 ], [ -49.785384, -16.298176 ], [ -49.768822, -16.306322 ], [ -49.764967, -16.315406 ], [ -49.757835, -16.319639 ], [ -49.754296, -16.337913 ], [ -49.748771, -16.338939 ], [ -49.749103, -16.348194 ], [ -49.745911, -16.349546 ], [ -49.743329, -16.36197 ], [ -49.751602, -16.368182 ], [ -49.762157, -16.367075 ], [ -49.774411, -16.371027 ], [ -49.793767, -16.361233 ], [ -49.800105, -16.362117 ], [ -49.816438, -16.380426 ], [ -49.819829, -16.381039 ], [ -49.819744, -16.385852 ], [ -49.814521, -16.397658 ], [ -49.808468, -16.403951 ], [ -49.787994, -16.408066 ], [ -49.772049, -16.425797 ], [ -49.774417, -16.435844 ], [ -49.76761, -16.433498 ], [ -49.73847, -16.441529 ], [ -49.722049, -16.440744 ], [ -49.715801, -16.436137 ], [ -49.715291, -16.421126 ], [ -49.719932, -16.420218 ], [ -49.72122, -16.411823 ], [ -49.725766, -16.408506 ], [ -49.724799, -16.398157 ], [ -49.728387, -16.392901 ], [ -49.725741, -16.385904 ], [ -49.736436, -16.385714 ], [ -49.734494, -16.381212 ], [ -49.737105, -16.376498 ], [ -49.726243, -16.360372 ], [ -49.73041, -16.343049 ], [ -49.724101, -16.336214 ], [ -49.727133, -16.334499 ], [ -49.724415, -16.331224 ], [ -49.735711, -16.317921 ], [ -49.731106, -16.312347 ], [ -49.733577, -16.307131 ], [ -49.737831, -16.30865 ], [ -49.738159, -16.296503 ], [ -49.734434, -16.289613 ], [ -49.737289, -16.284521 ], [ -49.737692, -16.283545 ], [ -49.752219, -16.278102 ], [ -49.7548, -16.27389 ], [ -49.749132, -16.262021 ], [ -49.752718, -16.260155 ], [ -49.755668, -16.231692 ], [ -49.755188, -16.221371 ], [ -49.741022, -16.205438 ], [ -49.735691, -16.191526 ], [ -49.702282, -16.164096 ], [ -49.654113, -16.12453 ], [ -49.643018, -16.115414 ], [ -49.648659, -16.115411 ], [ -49.653305, -16.105191 ], [ -49.659022, -16.104832 ], [ -49.655269, -16.076285 ], [ -49.665383, -16.067725 ], [ -49.667994, -16.05891 ], [ -49.677504, -16.049524 ], [ -49.680082, -16.041495 ], [ -49.646382, -16.031887 ], [ -49.637683, -16.020163 ], [ -49.663503, -15.987599 ], [ -49.684935, -15.961698 ], [ -49.680636, -15.945663 ], [ -49.681857, -15.938211 ], [ -49.671047, -15.913447 ], [ -49.683658, -15.900769 ], [ -49.678241, -15.881927 ], [ -49.680128, -15.865276 ], [ -49.673469, -15.867093 ], [ -49.662688, -15.889117 ], [ -49.648992, -15.883164 ], [ -49.640357, -15.869566 ], [ -49.625547, -15.866456 ], [ -49.624499, -15.874816 ], [ -49.61958, -15.880716 ], [ -49.613191, -15.884975 ], [ -49.60774, -15.881358 ], [ -49.603774, -15.8809 ], [ -49.601799, -15.888396 ], [ -49.597542, -15.890689 ], [ -49.59686, -15.896876 ], [ -49.590748, -15.899175 ], [ -49.596354, -15.907286 ], [ -49.591307, -15.91558 ], [ -49.591213, -15.915614 ], [ -49.574521, -15.924933 ], [ -49.567156, -15.917446 ], [ -49.552632, -15.921452 ], [ -49.544689, -15.920518 ], [ -49.542159, -15.931824 ], [ -49.546853, -15.947713 ], [ -49.545465, -15.956824 ], [ -49.551614, -15.967518 ], [ -49.551541, -15.967716 ], [ -49.5491, -15.974359 ], [ -49.540217, -15.973581 ], [ -49.537634, -15.976622 ], [ -49.535294, -15.974336 ], [ -49.53274, -15.976924 ], [ -49.516568, -15.977573 ], [ -49.507964, -15.972722 ], [ -49.471911, -15.999433 ], [ -49.466051, -16.004083 ], [ -49.470382, -15.982321 ], [ -49.465292, -15.970523 ], [ -49.471936, -15.965139 ], [ -49.472664, -15.959025 ], [ -49.465615, -15.943545 ], [ -49.453937, -15.938442 ], [ -49.449048, -15.931534 ], [ -49.445431, -15.9326 ], [ -49.424443, -15.922277 ], [ -49.393964, -15.905142 ], [ -49.395633, -15.889343 ], [ -49.389692, -15.886917 ], [ -49.388526, -15.903601 ], [ -49.378496, -15.914169 ], [ -49.362151, -15.901529 ], [ -49.360402, -15.896822 ], [ -49.350167, -15.900461 ], [ -49.342252, -15.899095 ], [ -49.331506, -15.870533 ], [ -49.339726, -15.856532 ], [ -49.334616, -15.851269 ], [ -49.334363, -15.850887 ], [ -49.324411, -15.835845 ], [ -49.304587, -15.825244 ], [ -49.282276, -15.833623 ], [ -49.27852, -15.831364 ], [ -49.265589, -15.827709 ], [ -49.257703, -15.816095 ], [ -49.253873, -15.815975 ], [ -49.25248, -15.822276 ], [ -49.248549, -15.823319 ], [ -49.251067, -15.825667 ], [ -49.247419, -15.835952 ], [ -49.222404, -15.844876 ], [ -49.21673, -15.849163 ], [ -49.216894, -15.85557 ], [ -49.21482, -15.8689 ], [ -49.204771, -15.873918 ], [ -49.208184, -15.878321 ], [ -49.204337, -15.885741 ], [ -49.199352, -15.886271 ], [ -49.198122, -15.894879 ], [ -49.19971, -15.900895 ], [ -49.201511, -15.903421 ], [ -49.195983, -15.915072 ], [ -49.198237, -15.927078 ], [ -49.188517, -15.932893 ], [ -49.179576, -15.932593 ], [ -49.174151, -15.939643 ], [ -49.178116, -15.943049 ], [ -49.174991, -15.949345 ], [ -49.182648, -15.952058 ], [ -49.180323, -15.958334 ], [ -49.162894, -15.975751 ], [ -49.152964, -15.979114 ], [ -49.152361, -15.988654 ], [ -49.143304, -15.995047 ], [ -49.137515, -15.993872 ], [ -49.131897, -15.99796 ], [ -49.133318, -16.001234 ], [ -49.140506, -16.014231 ], [ -49.154682, -16.026202 ], [ -49.148671, -16.03192 ], [ -49.145866, -16.04331 ], [ -49.131174, -16.052057 ], [ -49.139074, -16.052317 ], [ -49.145215, -16.056959 ], [ -49.147991, -16.07388 ], [ -49.152576, -16.077108 ], [ -49.14941, -16.082883 ], [ -49.163629, -16.092123 ], [ -49.157576, -16.103053 ], [ -49.16024, -16.111835 ], [ -49.154578, -16.120933 ], [ -49.159992, -16.131767 ], [ -49.177275, -16.143283 ], [ -49.18813, -16.139817 ], [ -49.191758, -16.143556 ], [ -49.177609, -16.161773 ], [ -49.174103, -16.177243 ], [ -49.165894, -16.182865 ], [ -49.165965, -16.192882 ], [ -49.156219, -16.193219 ], [ -49.157161, -16.204799 ], [ -49.154101, -16.213182 ], [ -49.145248, -16.220611 ], [ -49.145457, -16.225547 ], [ -49.143578, -16.231889 ], [ -49.154248, -16.248248 ], [ -49.154468, -16.24868 ], [ -49.167245, -16.256465 ], [ -49.170384, -16.262458 ], [ -49.179743, -16.261982 ], [ -49.166162, -16.309726 ], [ -49.168321, -16.31628 ], [ -49.184276, -16.326437 ], [ -49.194132, -16.346744 ], [ -49.18333, -16.346652 ], [ -49.175844, -16.365249 ], [ -49.155411, -16.388341 ], [ -49.133768, -16.406287 ], [ -49.13111, -16.415252 ], [ -49.113525, -16.427025 ], [ -49.113438, -16.427247 ], [ -49.113404, -16.427334 ], [ -49.108662, -16.431245 ], [ -49.117405, -16.442628 ], [ -49.114246, -16.448421 ], [ -49.116878, -16.464002 ], [ -49.112862, -16.470834 ], [ -49.116775, -16.481184 ], [ -49.121721, -16.483505 ], [ -49.124971, -16.498869 ], [ -49.122774, -16.50791 ], [ -49.127282, -16.512502 ], [ -49.144767, -16.523917 ], [ -49.151215, -16.519344 ], [ -49.153772, -16.531041 ], [ -49.176238, -16.537987 ], [ -49.183076, -16.540388 ], [ -49.187291, -16.548669 ], [ -49.175435, -16.552887 ], [ -49.165822, -16.562152 ], [ -49.16719, -16.577952 ], [ -49.147828, -16.573422 ], [ -49.139238, -16.578421 ], [ -49.122382, -16.574859 ], [ -49.120715, -16.572197 ], [ -49.124237, -16.569676 ], [ -49.119599, -16.563672 ], [ -49.104935, -16.561376 ], [ -49.09535, -16.567055 ], [ -49.096241, -16.59084 ], [ -49.077576, -16.593039 ], [ -49.109629, -16.615945 ], [ -49.125822, -16.623074 ], [ -49.134443, -16.632892 ], [ -49.141162, -16.643045 ], [ -49.15094, -16.649301 ], [ -49.162603, -16.65614 ], [ -49.168498, -16.653379 ], [ -49.172454, -16.657695 ], [ -49.17385, -16.659612 ], [ -49.188693, -16.684335 ], [ -49.196012, -16.692175 ], [ -49.194646, -16.693944 ], [ -49.190439, -16.701558 ], [ -49.184437, -16.704703 ], [ -49.180629, -16.7116 ], [ -49.176823, -16.710828 ], [ -49.17569, -16.724532 ], [ -49.172982, -16.724741 ], [ -49.168961, -16.723509 ], [ -49.166044, -16.715334 ], [ -49.158077, -16.714373 ], [ -49.155407, -16.720212 ], [ -49.154794, -16.729991 ], [ -49.143689, -16.741388 ], [ -49.14896, -16.742872 ], [ -49.14082, -16.745972 ], [ -49.144377, -16.750461 ], [ -49.154437, -16.74921 ], [ -49.153802, -16.756482 ], [ -49.15927, -16.76498 ], [ -49.153576, -16.775001 ], [ -49.159793, -16.789958 ], [ -49.182474, -16.781371 ], [ -49.185126, -16.767965 ], [ -49.192442, -16.760885 ], [ -49.198205, -16.755308 ], [ -49.220272, -16.738732 ], [ -49.243153, -16.733532 ], [ -49.257238, -16.732596 ], [ -49.261698, -16.726736 ], [ -49.267189, -16.736928 ], [ -49.284767, -16.746184 ], [ -49.302807, -16.74675 ], [ -49.31214, -16.750561 ], [ -49.33328, -16.750403 ], [ -49.335942, -16.747834 ], [ -49.33793, -16.753089 ], [ -49.347773, -16.755285 ], [ -49.350416, -16.760631 ], [ -49.348502, -16.764383 ], [ -49.355414, -16.793073 ], [ -49.361444, -16.804721 ], [ -49.365026, -16.817809 ], [ -49.383718, -16.831511 ], [ -49.384179, -16.834778 ], [ -49.384459, -16.831413 ], [ -49.388961, -16.831964 ], [ -49.412551, -16.851929 ], [ -49.422156, -16.853377 ], [ -49.429517, -16.860716 ], [ -49.437634, -16.859626 ], [ -49.435107, -16.868698 ] ] ] } },
{ "type": "Feature", "properties": { "HREG_ID": "52002", "HREG_NAME": "Centro Sul", "id": "520140", "name": "Aparecida de Goiânia", "description": "Aparecida de Goiânia", "MUN_ID": "520140", "UF": "GO", "MACRO_ID": "5210", "MACRO_NAME": "Macrorregião Centro Sudeste" }, "geometry": { "type": "Polygon", "coordinates": [ [ [ -49.302773, -17.508127 ], [ -49.296126, -17.522633 ], [ -49.300932, -17.526484 ], [ -49.307686, -17.525392 ], [ -49.311074, -17.529202 ], [ -49.307324, -17.534746 ], [ -49.308162, -17.551246 ], [ -49.303189, -17.555608 ], [ -49.301434, -17.567323 ], [ -49.318268, -17.570347 ], [ -49.317296, -17.580929 ], [ -49.323672, -17.590719 ], [ -49.328305, -17.590137 ], [ -49.33033, -17.582822 ], [ -49.335519, -17.586631 ], [ -49.346241, -17.582943 ], [ -49.354319, -17.591711 ], [ -49.353577, -17.595345 ], [ -49.367155, -17.596788 ], [ -49.36074, -17.604145 ], [ -49.364519, -17.608551 ], [ -49.380852, -17.611712 ], [ -49.404716, -17.628151 ], [ -49.41123, -17.654564 ], [ -49.420686, -17.659704 ], [ -49.429373, -17.63609 ], [ -49.432099, -17.633787 ], [ -49.438603, -17.637388 ], [ -49.442602, -17.63366 ], [ -49.462325, -17.639829 ], [ -49.483101, -17.654525 ], [ -49.503837, -17.65705 ], [ -49.511686, -17.66826 ], [ -49.511033, -17.694532 ], [ -49.507606, -17.737194 ], [ -49.509833, -17.742652 ], [ -49.509732, -17.746687 ], [ -49.509671, -17.749117 ], [ -49.515937, -17.751019 ], [ -49.537015, -17.731742 ], [ -49.530046, -17.711619 ], [ -49.539054, -17.681429 ], [ -49.536126, -17.667294 ], [ -49.539267, -17.65727 ], [ -49.546879, -17.65435 ], [ -49.557239, -17.670126 ], [ -49.544978, -17.69802 ], [ -49.546216, -17.715123 ], [ -49.562437, -17.742573 ], [ -49.561662, -17.765189 ], [ -49.555946, -17.775424 ], [ -49.565531, -17.782385 ], [ -49.598886, -17.757392 ], [ -49.601042, -17.752131 ], [ -49.611654, -17.752936 ], [ -49.645407, -17.723397 ], [ -49.652518, -17.724531 ], [ -49.657627, -17.70343 ], [ -49.693714, -17.686524 ], [ -49.704247, -17.703486 ], [ -49.729737, -17.722794 ], [ -49.734845, -17.7434 ], [ -49.735691, -17.754072 ], [ -49.729381, -17.764751 ], [ -49.686079, -17.799999 ], [ -49.683711, -17.807348 ], [ -49.745206, -17.787335 ], [ -49.778467, -17.776499 ], [ -49.78494, -17.785155 ], [ -49.784605, -17.796969 ], [ -49.775299, -17.80957 ], [ -49.772017, -17.825843 ], [ -49.784275, -17.84467 ], [ -49.782658, -17.885559 ], [ -49.786451, -17.898474 ], [ -49.801858, -17.886306 ], [ -49.827793, -17.854124 ], [ -49.863248, -17.858555 ], [ -49.87252, -17.852185 ], [ -49.887968, -17.833749 ], [ -49.888461, -17.811492 ], [ -49.899433, -17.808166 ], [ -49.916745, -17.795373 ], [ -49.942351, -17.796804 ], [ -49.963046, -17.788657 ], [ -49.977496, -17.775217 ], [ -49.985246, -17.782177 ], [ -50.002973, -17.781314 ], [ -50.013737, -17.78109 ], [ -50.018851, -17.795524 ], [ -50.052047, -17.794735 ], [ -50.059799, -17.799579 ], [ -50.069496, -17.799193 ], [ -50.080296, -17.797006 ], [ -50.086516, -17.784812 ], [ -50.091916, -17.789914 ], [ -50.098549, -17.786754 ], [ -50.105491, -17.788875 ], [ -50.10936, -17.784606 ], [ -50.107768, -17.77662 ], [ -50.113348, -17.778058 ], [ -50.123573, -17.789353 ], [ -50.133993, -17.786968 ], [ -50.131912, -17.798175 ], [ -50.143578, -17.805312 ], [ -50.149385, -17.807303 ], [ -50.155344, -17.800243 ], [ -50.157977, -17.795661 ], [ -50.179996, -17.77868 ], [ -50.193774, -17.773536 ], [ -50.201907, -17.776842 ], [ -50.206199, -17.772238 ], [ -50.208773, -17.774269 ], [ -50.208275, -17.770623 ], [ -50.194353, -17.767035 ], [ -50.189415, -17.760627 ], [ -50.200294, -17.759149 ], [ -50.210193, -17.750828 ], [ -50.208763, -17.746079 ], [ -50.192519, -17.741716 ], [ -50.186514, -17.733429 ], [ -50.182053, -17.732405 ], [ -50.187491, -17.725954 ], [ -50.200406, -17.720305 ], [ -50.204384, -17.701045 ], [ -50.198719, -17.696542 ], [ -50.187046, -17.695253 ], [ -50.182574, -17.681114 ], [ -50.188801, -17.674686 ], [ -50.181938, -17.671154 ], [ -50.170967, -17.673193 ], [ -50.164939, -17.66405 ], [ -50.157158, -17.664602 ], [ -50.160269, -17.652721 ], [ -50.173964, -17.643949 ], [ -50.152798, -17.611416 ], [ -50.147104, -17.611402 ], [ -50.149853, -17.598152 ], [ -50.145518, -17.593712 ], [ -50.144102, -17.597859 ], [ -50.128886, -17.605686 ], [ -50.122101, -17.596383 ], [ -50.11724, -17.594601 ], [ -50.114497, -17.598218 ], [ -50.112105, -17.590621 ], [ -50.101513, -17.592048 ], [ -50.099245, -17.584462 ], [ -50.104321, -17.578853 ], [ -50.101823, -17.571869 ], [ -50.096914, -17.572256 ], [ -50.093733, -17.568453 ], [ -50.090354, -17.554787 ], [ -50.093274, -17.543455 ], [ -50.082768, -17.544472 ], [ -50.075518, -17.536854 ], [ -50.072329, -17.528728 ], [ -50.079796, -17.523624 ], [ -50.069268, -17.51698 ], [ -50.074937, -17.509192 ], [ -50.07524, -17.501859 ], [ -50.064898, -17.494096 ], [ -50.069097, -17.486064 ], [ -50.067791, -17.481843 ], [ -50.078406, -17.472221 ], [ -50.073188, -17.461038 ], [ -50.07541, -17.450752 ], [ -50.084044, -17.454276 ], [ -50.090631, -17.442979 ], [ -50.098823, -17.441884 ], [ -50.099495, -17.436587 ], [ -50.109771, -17.444364 ], [ -50.118856, -17.436856 ], [ -50.115519, -17.428611 ], [ -50.124794, -17.424054 ], [ -50.115268, -17.407144 ], [ -50.12519, -17.410174 ], [ -50.1288, -17.408151 ], [ -50.123853, -17.400426 ], [ -50.126775, -17.391285 ], [ -50.122437, -17.377494 ], [ -50.127932, -17.374747 ], [ -50.131967, -17.364551 ], [ -50.135711, -17.367807 ], [ -50.141411, -17.366223 ], [ -50.140352, -17.347958 ], [ -50.144161, -17.347571 ], [ -50.142627, -17.344485 ], [ -50.145487, -17.345764 ], [ -50.147851, -17.339506 ], [ -50.156883, -17.342639 ], [ -50.16327, -17.358733 ], [ -50.168689, -17.358319 ], [ -50.174085, -17.349802 ], [ -50.185383, -17.350733 ], [ -50.193993, -17.358921 ], [ -50.196499, -17.354125 ], [ -50.204077, -17.363542 ], [ -50.206439, -17.352717 ], [ -50.203445, -17.344045 ], [ -50.198941, -17.338867 ], [ -50.192239, -17.34306 ], [ -50.191185, -17.335761 ], [ -50.195135, -17.332191 ], [ -50.190135, -17.332395 ], [ -50.188163, -17.327631 ], [ -50.177572, -17.323262 ], [ -50.171632, -17.313136 ], [ -50.175018, -17.303136 ], [ -50.187079, -17.301282 ], [ -50.182494, -17.291482 ], [ -50.185464, -17.279748 ], [ -50.18105, -17.275678 ], [ -50.186081, -17.268044 ], [ -50.192576, -17.271486 ], [ -50.199606, -17.266696 ], [ -50.203664, -17.277037 ], [ -50.200023, -17.287195 ], [ -50.201468, -17.297035 ], [ -50.207629, -17.296566 ], [ -50.211499, -17.291363 ], [ -50.221265, -17.29353 ], [ -50.220159, -17.284607 ], [ -50.224047, -17.278997 ], [ -50.235492, -17.287059 ], [ -50.236857, -17.278506 ], [ -50.243998, -17.273836 ], [ -50.244054, -17.27371 ], [ -50.244834, -17.270761 ], [ -50.235021, -17.26606 ], [ -50.229521, -17.259058 ], [ -50.237497, -17.254486 ], [ -50.234301, -17.247438 ], [ -50.2368, -17.241911 ], [ -50.233461, -17.237391 ], [ -50.250527, -17.233399 ], [ -50.247913, -17.224961 ], [ -50.259573, -17.224539 ], [ -50.25813, -17.210756 ], [ -50.27574, -17.200528 ], [ -50.281716, -17.18993 ], [ -50.292859, -17.186092 ], [ -50.295773, -17.181367 ], [ -50.292161, -17.174878 ], [ -50.287797, -17.174455 ], [ -50.285634, -17.164592 ], [ -50.270964, -17.154995 ], [ -50.277192, -17.143509 ], [ -50.284999, -17.137537 ], [ -50.286968, -17.139629 ], [ -50.295296, -17.13721 ], [ -50.295357, -17.131774 ], [ -50.280881, -17.12714 ], [ -50.27869, -17.121608 ], [ -50.282219, -17.121347 ], [ -50.274129, -17.11833 ], [ -50.273242, -17.113886 ], [ -50.287191, -17.106726 ], [ -50.283104, -17.101392 ], [ -50.29844, -17.104326 ], [ -50.295718, -17.101732 ], [ -50.297221, -17.090384 ], [ -50.290414, -17.088635 ], [ -50.293248, -17.084519 ], [ -50.288383, -17.080581 ], [ -50.287245, -17.075984 ], [ -50.299411, -17.081351 ], [ -50.305121, -17.079127 ], [ -50.307767, -17.070622 ], [ -50.307992, -17.066946 ], [ -50.29933, -17.059761 ], [ -50.299517, -17.055499 ], [ -50.293524, -17.057295 ], [ -50.293605, -17.053127 ], [ -50.285748, -17.046656 ], [ -50.284633, -17.0422 ], [ -50.291173, -17.039809 ], [ -50.290689, -17.03016 ], [ -50.297776, -17.021306 ], [ -50.290243, -17.007393 ], [ -50.295414, -17.002399 ], [ -50.295078, -16.99276 ], [ -50.279969, -16.980667 ], [ -50.278064, -16.974537 ], [ -50.27761, -16.973726 ], [ -50.276405, -16.970382 ], [ -50.281663, -16.96956 ], [ -50.278661, -16.965652 ], [ -50.284385, -16.962966 ], [ -50.276885, -16.946079 ], [ -50.279994, -16.934663 ], [ -50.285807, -16.931324 ], [ -50.290156, -16.904333 ], [ -50.283159, -16.895355 ], [ -50.276825, -16.899101 ], [ -50.263606, -16.893887 ], [ -50.243051, -16.9057 ], [ -50.227409, -16.908553 ], [ -50.213188, -16.921614 ], [ -50.191108, -16.919122 ], [ -50.175768, -16.932995 ], [ -50.160931, -16.936342 ], [ -50.152574, -16.938722 ], [ -50.143266, -16.931919 ], [ -50.126321, -16.942754 ], [ -50.116521, -16.942633 ], [ -50.105278, -16.952069 ], [ -50.087556, -16.936273 ], [ -50.090886, -16.924953 ], [ -50.087467, -16.91954 ], [ -50.080103, -16.921151 ], [ -50.068605, -16.917935 ], [ -50.037808, -16.934315 ], [ -50.039247, -16.947833 ], [ -50.033965, -16.960149 ], [ -50.043034, -16.975442 ], [ -50.060186, -16.996857 ], [ -50.070527, -17.035117 ], [ -50.080608, -17.048603 ], [ -50.075854, -17.056188 ], [ -50.077748, -17.061407 ], [ -50.073629, -17.065559 ], [ -50.078602, -17.076232 ], [ -50.067661, -17.082617 ], [ -50.056407, -17.084282 ], [ -50.042414, -17.081048 ], [ -50.027552, -17.073864 ], [ -50.023519, -17.068652 ], [ -50.018416, -17.069745 ], [ -50.015471, -17.065422 ], [ -49.999198, -17.0623 ], [ -49.974164, -17.051025 ], [ -49.951354, -17.031373 ], [ -49.945749, -17.019724 ], [ -49.94327, -17.015966 ], [ -49.949797, -17.005545 ], [ -49.948719, -16.994099 ], [ -49.935659, -16.991232 ], [ -49.930905, -16.963416 ], [ -49.924855, -16.958194 ], [ -49.915359, -16.954532 ], [ -49.899277, -16.95432 ], [ -49.880602, -16.972275 ], [ -49.856158, -16.943522 ], [ -49.848605, -16.944437 ], [ -49.845942, -16.952072 ], [ -49.836498, -16.957875 ], [ -49.829442, -16.958994 ], [ -49.823026, -16.955113 ], [ -49.82583, -16.945549 ], [ -49.82244, -16.9375 ], [ -49.823331, -16.923507 ], [ -49.816637, -16.91156 ], [ -49.803247, -16.902766 ], [ -49.78636, -16.908126 ], [ -49.780415, -16.906283 ], [ -49.779832, -16.919668 ], [ -49.764969, -16.932219 ], [ -49.758915, -16.94272 ], [ -49.755326, -16.940538 ], [ -49.748852, -16.943729 ], [ -49.744077, -16.947772 ], [ -49.742886, -16.955976 ], [ -49.732575, -16.95139 ], [ -49.727776, -16.955562 ], [ -49.720329, -16.953866 ], [ -49.699329, -16.942056 ], [ -49.692714, -16.950867 ], [ -49.683605, -16.950849 ], [ -49.673044, -16.956394 ], [ -49.628993, -16.952681 ], [ -49.624518, -16.95531 ], [ -49.599137, -16.949581 ], [ -49.594661, -16.952262 ], [ -49.633767, -17.010072 ], [ -49.621848, -17.039171 ], [ -49.620034, -17.044522 ], [ -49.61998, -17.044678 ], [ -49.615016, -17.053679 ], [ -49.606077, -17.057398 ], [ -49.605803, -17.063432 ], [ -49.598684, -17.062088 ], [ -49.589323, -17.051878 ], [ -49.583941, -17.052915 ], [ -49.576517, -17.047824 ], [ -49.575079, -17.040673 ], [ -49.568102, -17.035003 ], [ -49.561683, -17.035027 ], [ -49.559013, -17.039418 ], [ -49.553743, -17.036621 ], [ -49.54694, -17.045414 ], [ -49.542993, -17.044211 ], [ -49.535079, -17.024687 ], [ -49.527317, -17.025733 ], [ -49.523747, -17.022768 ], [ -49.526102, -17.017331 ], [ -49.522633, -17.005655 ], [ -49.516216, -16.997724 ], [ -49.502913, -16.995892 ], [ -49.489162, -16.980673 ], [ -49.4791, -16.979592 ], [ -49.482749, -16.930197 ], [ -49.463634, -16.916207 ], [ -49.469717, -16.907561 ], [ -49.47022, -16.898374 ], [ -49.454186, -16.902181 ], [ -49.446242, -16.900275 ], [ -49.435107, -16.868698 ], [ -49.437634, -16.859626 ], [ -49.429517, -16.860716 ], [ -49.422156, -16.853377 ], [ -49.412551, -16.851929 ], [ -49.388961, -16.831964 ], [ -49.384459, -16.831413 ], [ -49.384179, -16.834778 ], [ -49.383718, -16.831511 ], [ -49.365026, -16.817809 ], [ -49.361444, -16.804721 ], [ -49.355414, -16.793073 ], [ -49.348502, -16.764383 ], [ -49.350416, -16.760631 ], [ -49.347773, -16.755285 ], [ -49.33793, -16.753089 ], [ -49.335942, -16.747834 ], [ -49.33328, -16.750403 ], [ -49.31214, -16.750561 ], [ -49.302807, -16.74675 ], [ -49.284767, -16.746184 ], [ -49.267189, -16.736928 ], [ -49.261698, -16.726736 ], [ -49.257238, -16.732596 ], [ -49.243153, -16.733532 ], [ -49.220272, -16.738732 ], [ -49.198205, -16.755308 ], [ -49.192442, -16.760885 ], [ -49.185126, -16.767965 ], [ -49.182474, -16.781371 ], [ -49.159793, -16.789958 ], [ -49.153576, -16.775001 ], [ -49.15927, -16.76498 ], [ -49.153802, -16.756482 ], [ -49.154437, -16.74921 ], [ -49.144377, -16.750461 ], [ -49.14082, -16.745972 ], [ -49.14896, -16.742872 ], [ -49.143689, -16.741388 ], [ -49.154794, -16.729991 ], [ -49.155407, -16.720212 ], [ -49.158077, -16.714373 ], [ -49.166044, -16.715334 ], [ -49.168961, -16.723509 ], [ -49.172982, -16.724741 ], [ -49.17569, -16.724532 ], [ -49.176823, -16.710828 ], [ -49.180629, -16.7116 ], [ -49.184437, -16.704703 ], [ -49.190439, -16.701558 ], [ -49.194646, -16.693944 ], [ -49.196012, -16.692175 ], [ -49.188693, -16.684335 ], [ -49.17385, -16.659612 ], [ -49.172454, -16.657695 ], [ -49.168498, -16.653379 ], [ -49.162603, -16.65614 ], [ -49.15094, -16.649301 ], [ -49.141162, -16.643045 ], [ -49.134443, -16.632892 ], [ -49.125822, -16.623074 ], [ -49.109629, -16.615945 ], [ -49.077576, -16.593039 ], [ -49.070494, -16.591053 ], [ -49.064865, -16.577808 ], [ -49.066465, -16.574489 ], [ -49.059794, -16.564034 ], [ -49.046545, -16.555769 ], [ -49.022715, -16.543059 ], [ -49.021131, -16.524484 ], [ -49.019899, -16.521139 ], [ -49.013359, -16.510881 ], [ -48.996886, -16.486107 ], [ -48.99602, -16.485149 ], [ -48.95328, -16.441525 ], [ -48.918389, -16.405895 ], [ -48.916127, -16.403586 ], [ -48.907889, -16.404766 ], [ -48.899649, -16.414307 ], [ -48.87551, -16.421329 ], [ -48.865542, -16.420628 ], [ -48.85127, -16.429438 ], [ -48.819279, -16.434005 ], [ -48.809832, -16.449185 ], [ -48.794227, -16.459401 ], [ -48.784302, -16.454824 ], [ -48.783888, -16.460475 ], [ -48.778707, -16.462109 ], [ -48.780328, -16.465667 ], [ -48.774954, -16.468909 ], [ -48.776719, -16.475251 ], [ -48.765315, -16.477414 ], [ -48.762948, -16.485404 ], [ -48.756687, -16.489394 ], [ -48.759087, -16.493809 ], [ -48.75367, -16.492902 ], [ -48.749928, -16.498599 ], [ -48.745549, -16.498895 ], [ -48.739689, -16.490899 ], [ -48.736741, -16.494455 ], [ -48.736504, -16.494693 ], [ -48.727784, -16.491106 ], [ -48.720025, -16.495645 ], [ -48.716736, -16.492318 ], [ -48.705763, -16.49473 ], [ -48.696363, -16.490318 ], [ -48.685123, -16.492985 ], [ -48.680868, -16.49749 ], [ -48.682674, -16.507394 ], [ -48.674114, -16.505864 ], [ -48.669704, -16.508595 ], [ -48.661699, -16.505173 ], [ -48.658109, -16.511592 ], [ -48.654018, -16.509694 ], [ -48.644582, -16.515324 ], [ -48.644624, -16.518953 ], [ -48.634462, -16.519429 ], [ -48.633708, -16.523728 ], [ -48.625847, -16.522122 ], [ -48.618541, -16.525164 ], [ -48.618118, -16.531149 ], [ -48.606873, -16.537488 ], [ -48.606768, -16.530838 ], [ -48.595923, -16.526918 ], [ -48.590109, -16.514504 ], [ -48.585646, -16.511843 ], [ -48.568548, -16.511291 ], [ -48.558182, -16.503808 ], [ -48.553466, -16.507023 ], [ -48.539727, -16.499599 ], [ -48.548357, -16.488583 ], [ -48.555462, -16.470634 ], [ -48.56986, -16.461786 ], [ -48.5797, -16.46479 ], [ -48.601171, -16.454488 ], [ -48.60084, -16.441747 ], [ -48.58516, -16.429679 ], [ -48.577883, -16.417834 ], [ -48.561755, -16.419546 ], [ -48.538278, -16.415487 ], [ -48.533943, -16.403819 ], [ -48.524806, -16.399302 ], [ -48.520913, -16.392087 ], [ -48.523497, -16.38712 ], [ -48.517859, -16.379088 ], [ -48.521257, -16.365079 ], [ -48.519209, -16.346141 ], [ -48.515161, -16.341396 ], [ -48.514523, -16.334606 ], [ -48.517518, -16.33138 ], [ -48.505103, -16.327953 ], [ -48.500821, -16.320659 ], [ -48.49541, -16.322753 ], [ -48.493743, -16.305667 ], [ -48.488296, -16.303942 ], [ -48.490488, -16.29587 ], [ -48.484355, -16.298285 ], [ -48.477044, -16.29399 ], [ -48.467409, -16.295799 ], [ -48.458071, -16.289348 ], [ -48.456382, -16.284487 ], [ -48.450379, -16.290289 ], [ -48.44051, -16.289113 ], [ -48.435889, -16.283203 ], [ -48.423998, -16.289507 ], [ -48.4111, -16.286223 ], [ -48.405749, -16.28806 ], [ -48.403631, -16.29277 ], [ -48.398266, -16.291856 ], [ -48.397746, -16.298888 ], [ -48.39315, -16.303485 ], [ -48.379293, -16.300354 ], [ -48.380038, -16.303427 ], [ -48.376026, -16.302762 ], [ -48.37377, -16.309594 ], [ -48.398238, -16.324004 ], [ -48.402272, -16.340113 ], [ -48.395772, -16.358824 ], [ -48.401011, -16.382286 ], [ -48.375629, -16.39836 ], [ -48.366988, -16.402135 ], [ -48.358214, -16.401099 ], [ -48.35324, -16.4198 ], [ -48.35183, -16.42115 ], [ -48.347992, -16.423291 ], [ -48.34116, -16.443698 ], [ -48.327268, -16.452699 ], [ -48.306521, -16.45198 ], [ -48.300543, -16.457793 ], [ -48.299967, -16.464779 ], [ -48.299174, -16.469354 ], [ -48.28705, -16.483352 ], [ -48.264876, -16.496969 ], [ -48.254091, -16.535916 ], [ -48.24281, -16.56199 ], [ -48.228715, -16.601896 ], [ -48.202755, -16.63296 ], [ -48.194771, -16.640944 ], [ -48.190126, -16.654669 ], [ -48.194349, -16.668256 ], [ -48.189326, -16.677411 ], [ -48.19427, -16.734552 ], [ -48.181989, -16.736998 ], [ -48.173458, -16.730962 ], [ -48.17096, -16.735364 ], [ -48.16816, -16.732505 ], [ -48.160346, -16.735453 ], [ -48.158302, -16.733003 ], [ -48.156015, -16.736627 ], [ -48.15163, -16.731602 ], [ -48.145795, -16.742222 ], [ -48.139158, -16.739299 ], [ -48.131915, -16.742225 ], [ -48.124295, -16.740615 ], [ -48.112097, -16.748537 ], [ -48.104771, -16.747861 ], [ -48.100568, -16.761813 ], [ -48.105323, -16.7658 ], [ -48.089791, -16.768011 ], [ -48.089766, -16.774289 ], [ -48.080261, -16.78917 ], [ -48.081161, -16.795715 ], [ -48.075584, -16.801322 ], [ -48.076766, -16.80875 ], [ -48.080842, -16.811298 ], [ -48.079074, -16.824139 ], [ -48.083462, -16.831839 ], [ -48.078452, -16.83698 ], [ -48.07854, -16.844572 ], [ -48.0884, -16.857126 ], [ -48.084773, -16.859656 ], [ -48.077928, -16.879153 ], [ -48.089212, -16.890669 ], [ -48.078485, -16.907246 ], [ -48.07776, -16.929203 ], [ -48.066156, -16.932035 ], [ -48.035649, -16.921325 ], [ -48.007856, -16.9326 ], [ -48.005391, -16.944928 ], [ -48.000597, -16.951693 ], [ -47.919046, -17.003822 ], [ -47.919238, -17.010349 ], [ -47.928719, -17.0136 ], [ -47.9268, -17.022319 ], [ -47.938006, -17.021816 ], [ -47.933994, -17.03053 ], [ -47.943902, -17.039773 ], [ -47.950487, -17.042685 ], [ -47.962432, -17.059588 ], [ -47.973967, -17.065689 ], [ -47.981984, -17.078239 ], [ -47.978163, -17.085581 ], [ -47.988873, -17.084026 ], [ -47.99216, -17.088557 ], [ -47.989181, -17.097276 ], [ -47.994594, -17.098471 ], [ -47.997185, -17.122483 ], [ -48.003658, -17.130321 ], [ -48.002306, -17.136816 ], [ -48.001851, -17.144659 ], [ -48.013954, -17.15688 ], [ -48.021629, -17.163819 ], [ -48.018185, -17.172685 ], [ -48.031459, -17.185974 ], [ -48.031078, -17.192864 ], [ -48.04682, -17.192567 ], [ -48.058207, -17.197024 ], [ -48.060151, -17.201826 ], [ -48.053901, -17.20818 ], [ -48.054129, -17.212535 ], [ -48.069986, -17.208458 ], [ -48.075051, -17.22818 ], [ -48.08813, -17.235823 ], [ -48.084595, -17.247009 ], [ -48.092738, -17.249452 ], [ -48.094738, -17.256995 ], [ -48.100931, -17.261603 ], [ -48.117101, -17.264091 ], [ -48.118677, -17.273851 ], [ -48.128245, -17.281275 ], [ -48.13738, -17.278466 ], [ -48.146048, -17.284077 ], [ -48.14779, -17.290525 ], [ -48.165072, -17.299007 ], [ -48.172323, -17.297869 ], [ -48.198323, -17.309569 ], [ -48.197131, -17.297533 ], [ -48.205545, -17.299886 ], [ -48.204354, -17.290127 ], [ -48.20866, -17.286974 ], [ -48.189515, -17.277337 ], [ -48.189215, -17.27004 ], [ -48.196293, -17.26639 ], [ -48.199298, -17.254934 ], [ -48.204739, -17.255684 ], [ -48.211824, -17.244558 ], [ -48.215762, -17.246165 ], [ -48.221519, -17.234726 ], [ -48.223159, -17.215342 ], [ -48.219992, -17.211924 ], [ -48.224098, -17.201106 ], [ -48.237239, -17.186247 ], [ -48.265621, -17.183514 ], [ -48.287847, -17.166548 ], [ -48.310263, -17.161296 ], [ -48.329712, -17.151059 ], [ -48.340738, -17.139405 ], [ -48.346573, -17.124341 ], [ -48.36329, -17.110995 ], [ -48.396234, -17.082695 ], [ -48.413979, -17.067445 ], [ -48.423643, -17.059138 ], [ -48.488767, -17.003115 ], [ -48.498717, -17.013293 ], [ -48.498301, -17.022752 ], [ -48.506743, -17.027364 ], [ -48.505847, -17.030725 ], [ -48.526932, -17.053264 ], [ -48.536633, -17.076318 ], [ -48.559495, -17.098078 ], [ -48.562187, -17.111511 ], [ -48.567072, -17.113585 ], [ -48.566437, -17.121165 ], [ -48.572133, -17.128908 ], [ -48.570604, -17.133328 ], [ -48.575015, -17.131334 ], [ -48.580563, -17.149867 ], [ -48.57707, -17.160882 ], [ -48.587766, -17.172286 ], [ -48.590295, -17.180429 ], [ -48.59066, -17.201791 ], [ -48.594155, -17.197683 ], [ -48.601182, -17.200265 ], [ -48.600905, -17.206849 ], [ -48.606851, -17.215191 ], [ -48.605963, -17.222419 ], [ -48.690658, -17.235837 ], [ -48.699591, -17.237249 ], [ -48.753632, -17.279494 ], [ -48.774353, -17.320654 ], [ -48.790941, -17.353594 ], [ -48.793689, -17.353385 ], [ -48.794883, -17.368988 ], [ -48.806408, -17.405011 ], [ -48.806464, -17.417053 ], [ -48.801241, -17.430253 ], [ -48.786043, -17.437225 ], [ -48.774133, -17.456571 ], [ -48.761914, -17.462032 ], [ -48.75691, -17.480461 ], [ -48.743935, -17.484891 ], [ -48.737016, -17.483808 ], [ -48.719405, -17.492832 ], [ -48.711263, -17.482228 ], [ -48.70721, -17.481995 ], [ -48.702292, -17.495971 ], [ -48.69677, -17.52481 ], [ -48.703316, -17.536871 ], [ -48.714103, -17.539173 ], [ -48.72702, -17.534692 ], [ -48.739779, -17.554687 ], [ -48.761549, -17.569389 ], [ -48.78013, -17.572362 ], [ -48.792348, -17.569909 ], [ -48.801355, -17.573281 ], [ -48.819515, -17.569559 ], [ -48.819613, -17.564517 ], [ -48.844987, -17.561936 ], [ -48.868663, -17.552732 ], [ -48.880077, -17.545848 ], [ -48.881462, -17.538165 ], [ -48.901856, -17.529512 ], [ -48.907708, -17.541946 ], [ -48.90221, -17.544112 ], [ -48.914294, -17.546646 ], [ -48.91527, -17.555155 ], [ -48.912826, -17.556713 ], [ -48.920523, -17.560047 ], [ -48.920823, -17.565863 ], [ -48.925983, -17.565968 ], [ -48.923044, -17.577799 ], [ -48.926511, -17.583411 ], [ -48.921599, -17.589984 ], [ -48.926024, -17.592223 ], [ -48.925152, -17.599073 ], [ -48.927738, -17.598627 ], [ -48.948601, -17.579144 ], [ -48.957405, -17.578017 ], [ -48.957928, -17.573173 ], [ -48.961773, -17.570518 ], [ -48.976571, -17.572234 ], [ -48.981743, -17.567213 ], [ -48.992714, -17.568472 ], [ -49.004882, -17.560195 ], [ -49.024459, -17.557749 ], [ -49.039153, -17.54591 ], [ -49.063805, -17.53498 ], [ -49.064081, -17.534689 ], [ -49.076103, -17.521985 ], [ -49.081605, -17.523706 ], [ -49.089101, -17.540232 ], [ -49.097906, -17.544837 ], [ -49.1011, -17.541755 ], [ -49.109413, -17.542678 ], [ -49.115663, -17.533814 ], [ -49.126882, -17.529702 ], [ -49.132325, -17.529746 ], [ -49.15632, -17.544883 ], [ -49.174294, -17.539229 ], [ -49.17644, -17.532281 ], [ -49.195684, -17.532367 ], [ -49.213162, -17.516515 ], [ -49.215474, -17.517892 ], [ -49.226183, -17.505568 ], [ -49.231048, -17.509783 ], [ -49.233542, -17.505519 ], [ -49.245546, -17.508616 ], [ -49.256103, -17.51887 ], [ -49.298075, -17.511324 ], [ -49.301495, -17.506566 ], [ -49.302773, -17.508127 ] ], [ [ -49.053458, -16.795891 ], [ -49.058023, -16.801683 ], [ -49.053457, -16.795891 ], [ -49.053458, -16.795891 ] ], [ [ -49.060907, -16.812589 ], [ -49.063785, -16.811445 ], [ -49.060907, -16.81259 ], [ -49.060907, -16.812589 ] ] ] } },
{ "type": "Feature", "properties": { "HREG_ID": "52003", "HREG_NAME": "Entorno Norte", "id": "520017", "name": "Água Fria de Goiás", "description": "Água Fria de Goiás", "MUN_ID": "520017", "UF": "GO", "MACRO_ID": "5207", "MACRO_NAME": "Macrorregião Nordeste" }, "geometry": { "type": "Polygon", "coordinates": [ [ [ -46.854018, -15.627692 ], [ -46.858579, -15.639186 ], [ -46.852159, -15.652577 ], [ -46.855269, -15.682675 ], [ -46.842019, -15.714222 ], [ -46.826714, -15.729522 ], [ -46.826981, -15.747125 ], [ -46.812715, -15.786754 ], [ -46.814429, -15.795446 ], [ -46.823522, -15.808488 ], [ -46.820569, -15.816445 ], [ -46.822788, -15.824183 ], [ -46.805068, -15.858945 ], [ -46.805685, -15.87155 ], [ -46.811287, -15.885641 ], [ -46.824434, -15.885268 ], [ -46.928928, -15.910783 ], [ -46.955244, -15.916914 ], [ -47.020039, -15.928379 ], [ -47.052354, -15.937465 ], [ -47.07349, -15.954883 ], [ -47.088653, -15.961272 ], [ -47.109319, -15.956025 ], [ -47.111848, -15.954008 ], [ -47.125221, -15.94334 ], [ -47.134133, -15.949739 ], [ -47.131078, -15.933801 ], [ -47.134738, -15.927711 ], [ -47.141517, -15.926187 ], [ -47.138808, -15.930676 ], [ -47.141996, -15.935036 ], [ -47.145369, -15.931837 ], [ -47.150899, -15.934536 ], [ -47.148498, -15.939952 ], [ -47.150989, -15.93892 ], [ -47.152168, -15.942566 ], [ -47.156915, -15.940557 ], [ -47.160075, -15.942062 ], [ -47.1581, -15.945179 ], [ -47.162129, -15.943422 ], [ -47.169097, -15.953513 ], [ -47.166023, -15.95567 ], [ -47.170038, -15.957446 ], [ -47.168509, -15.962041 ], [ -47.165711, -15.961821 ], [ -47.168262, -15.964003 ], [ -47.164348, -15.964221 ], [ -47.168588, -15.966453 ], [ -47.166464, -15.967599 ], [ -47.16982, -15.972754 ], [ -47.17782, -15.976849 ], [ -47.180699, -15.9703 ], [ -47.186499, -15.970857 ], [ -47.182458, -15.976687 ], [ -47.18631, -15.978255 ], [ -47.184674, -15.982455 ], [ -47.189018, -15.980811 ], [ -47.194825, -15.980984 ], [ -47.197589, -15.986786 ], [ -47.207364, -15.987011 ], [ -47.207328, -15.996923 ], [ -47.211444, -15.998013 ], [ -47.210592, -16.003222 ], [ -47.216355, -16.004611 ], [ -47.219092, -16.013794 ], [ -47.221211, -16.011222 ], [ -47.227908, -16.015312 ], [ -47.227962, -16.012174 ], [ -47.233348, -16.015293 ], [ -47.238115, -16.013075 ], [ -47.253641, -16.018743 ], [ -47.261223, -16.013676 ], [ -47.267433, -16.014296 ], [ -47.267733, -16.011665 ], [ -47.276854, -16.011604 ], [ -47.276097, -16.005715 ], [ -47.280605, -16.011254 ], [ -47.287309, -16.009225 ], [ -47.288409, -16.015494 ], [ -47.289291, -16.013409 ], [ -47.296408, -16.01463 ], [ -47.295784, -16.018051 ], [ -47.300063, -16.016602 ], [ -47.299486, -16.022483 ], [ -47.298966, -16.025741 ], [ -47.308324, -16.029069 ], [ -47.310688, -16.0327 ], [ -47.30857, -16.035635 ], [ -47.318686, -16.036238 ], [ -47.316989, -16.031358 ], [ -47.320682, -16.030512 ], [ -47.321402, -16.025753 ], [ -47.323543, -16.02857 ], [ -47.327968, -16.02681 ], [ -47.334792, -16.016402 ], [ -47.339096, -16.018546 ], [ -47.33691, -16.01156 ], [ -47.344324, -16.010854 ], [ -47.347352, -16.005566 ], [ -47.359411, -16.007274 ], [ -47.363637, -16.000412 ], [ -47.368576, -15.999932 ], [ -47.368126, -15.993624 ], [ -47.370988, -15.994134 ], [ -47.37541, -15.986172 ], [ -47.371073, -15.979965 ], [ -47.376458, -15.977947 ], [ -47.377376, -15.973374 ], [ -47.373162, -15.966263 ], [ -47.376318, -15.962378 ], [ -47.371792, -15.96047 ], [ -47.373067, -15.956671 ], [ -47.369826, -15.955493 ], [ -47.366741, -15.94619 ], [ -47.3671, -15.940396 ], [ -47.372073, -15.936108 ], [ -47.362794, -15.933012 ], [ -47.363047, -15.929848 ], [ -47.360347, -15.931247 ], [ -47.35935, -15.924372 ], [ -47.36132, -15.919327 ], [ -47.365244, -15.920489 ], [ -47.367127, -15.917231 ], [ -47.363237, -15.90854 ], [ -47.372271, -15.906274 ], [ -47.370739, -15.899711 ], [ -47.375264, -15.896236 ], [ -47.37568, -15.882429 ], [ -47.37896, -15.881326 ], [ -47.373905, -15.87958 ], [ -47.370134, -15.871872 ], [ -47.369237, -15.864692 ], [ -47.372328, -15.863293 ], [ -47.366848, -15.854116 ], [ -47.366958, -15.848735 ], [ -47.369798, -15.848192 ], [ -47.369036, -15.841095 ], [ -47.36688, -15.836062 ], [ -47.363269, -15.833392 ], [ -47.365518, -15.827738 ], [ -47.361018, -15.826123 ], [ -47.359631, -15.820172 ], [ -47.356981, -15.823286 ], [ -47.353433, -15.82179 ], [ -47.35193, -15.81177 ], [ -47.3466, -15.807455 ], [ -47.348154, -15.803343 ], [ -47.338295, -15.794183 ], [ -47.333819, -15.780056 ], [ -47.32941, -15.779015 ], [ -47.329744, -15.7734 ], [ -47.326435, -15.770631 ], [ -47.328302, -15.76695 ], [ -47.319551, -15.756519 ], [ -47.321517, -15.753499 ], [ -47.318164, -15.754124 ], [ -47.316239, -15.745341 ], [ -47.313718, -15.746784 ], [ -47.312488, -15.737643 ], [ -47.318407, -15.732497 ], [ -47.318143, -15.717031 ], [ -47.311933, -15.70672 ], [ -47.31368, -15.700411 ], [ -47.312271, -15.694095 ], [ -47.319323, -15.686557 ], [ -47.32757, -15.687473 ], [ -47.331107, -15.681233 ], [ -47.326545, -15.673153 ], [ -47.328764, -15.655467 ], [ -47.326159, -15.64836 ], [ -47.332691, -15.629464 ], [ -47.322047, -15.597518 ], [ -47.315963, -15.595832 ], [ -47.316823, -15.588853 ], [ -47.322292, -15.585664 ], [ -47.325403, -15.588677 ], [ -47.338724, -15.583982 ], [ -47.34392, -15.581214 ], [ -47.353244, -15.578477 ], [ -47.35696, -15.580874 ], [ -47.362301, -15.577537 ], [ -47.373798, -15.577381 ], [ -47.379103, -15.572777 ], [ -47.38002, -15.566938 ], [ -47.389188, -15.566977 ], [ -47.404381, -15.545997 ], [ -47.417294, -15.546381 ], [ -47.416912, -15.499864 ], [ -47.492645, -15.499945 ], [ -47.495527, -15.49985 ], [ -47.523785, -15.499998 ], [ -47.56164, -15.50002 ], [ -47.616618, -15.500039 ], [ -47.620493, -15.500041 ], [ -47.662006, -15.500046 ], [ -47.68831, -15.500046 ], [ -47.771611, -15.500023 ], [ -47.852537, -15.49997 ], [ -47.978616, -15.49983 ], [ -48.035699, -15.499744 ], [ -48.052792, -15.499715 ], [ -48.051936, -15.494753 ], [ -48.045575, -15.490733 ], [ -48.049243, -15.48276 ], [ -48.045495, -15.476377 ], [ -48.0471, -15.469714 ], [ -48.043521, -15.469708 ], [ -48.042102, -15.463904 ], [ -48.024132, -15.464453 ], [ -48.015965, -15.456494 ], [ -48.009549, -15.458497 ], [ -48.0056, -15.451536 ], [ -47.986719, -15.449229 ], [ -47.987051, -15.444102 ], [ -47.98449, -15.448224 ], [ -47.984591, -15.445277 ], [ -47.981493, -15.447044 ], [ -47.981437, -15.443887 ], [ -47.974154, -15.442385 ], [ -47.968878, -15.44917 ], [ -47.967155, -15.443033 ], [ -47.962159, -15.444283 ], [ -47.961382, -15.441167 ], [ -47.954523, -15.440542 ], [ -47.955238, -15.426718 ], [ -47.952323, -15.425713 ], [ -47.950904, -15.408076 ], [ -47.940989, -15.398854 ], [ -47.9403, -15.391163 ], [ -47.930604, -15.378848 ], [ -47.923674, -15.360758 ], [ -47.935604, -15.348719 ], [ -47.944383, -15.346096 ], [ -47.953463, -15.334288 ], [ -47.959968, -15.338043 ], [ -47.959994, -15.333924 ], [ -47.967933, -15.329001 ], [ -47.969515, -15.323819 ], [ -47.966572, -15.316751 ], [ -47.969879, -15.313844 ], [ -47.966042, -15.311529 ], [ -47.971549, -15.310812 ], [ -47.967918, -15.305375 ], [ -47.973183, -15.298372 ], [ -47.97117, -15.29696 ], [ -47.973744, -15.293701 ], [ -47.970664, -15.293699 ], [ -47.969273, -15.288238 ], [ -47.972433, -15.286884 ], [ -47.971695, -15.281163 ], [ -47.977299, -15.279208 ], [ -47.980548, -15.28219 ], [ -47.985571, -15.27591 ], [ -47.989572, -15.278662 ], [ -47.990794, -15.273014 ], [ -47.995629, -15.273003 ], [ -47.990634, -15.266602 ], [ -47.995127, -15.266128 ], [ -47.994462, -15.259048 ], [ -48.001992, -15.247152 ], [ -48.006519, -15.247064 ], [ -48.001521, -15.243711 ], [ -48.007885, -15.241048 ], [ -48.01043, -15.243452 ], [ -48.011098, -15.240974 ], [ -48.014294, -15.232618 ], [ -48.011792, -15.225246 ], [ -48.020214, -15.212003 ], [ -48.015773, -15.209726 ], [ -48.02688, -15.205667 ], [ -48.030741, -15.210815 ], [ -48.037024, -15.209902 ], [ -48.055904, -15.197357 ], [ -48.059801, -15.20013 ], [ -48.068146, -15.195994 ], [ -48.071658, -15.199308 ], [ -48.072971, -15.194683 ], [ -48.081718, -15.195467 ], [ -48.087412, -15.185911 ], [ -48.088937, -15.170306 ], [ -48.092903, -15.170219 ], [ -48.092351, -15.166374 ], [ -48.099958, -15.15923 ], [ -48.107886, -15.146274 ], [ -48.100356, -15.138243 ], [ -48.097938, -15.141869 ], [ -48.090768, -15.135304 ], [ -48.093217, -15.126975 ], [ -48.091329, -15.11682 ], [ -48.09844, -15.111123 ], [ -48.086861, -15.108203 ], [ -48.084766, -15.09737 ], [ -48.073776, -15.090878 ], [ -48.08297, -15.082444 ], [ -48.072139, -15.074182 ], [ -48.070302, -15.067523 ], [ -48.061854, -15.063157 ], [ -48.062436, -15.055956 ], [ -48.057773, -15.05196 ], [ -48.056159, -15.039118 ], [ -48.059246, -15.035859 ], [ -48.055771, -15.031638 ], [ -48.062828, -15.024123 ], [ -48.057358, -15.01071 ], [ -48.059184, -14.989086 ], [ -48.054662, -14.987861 ], [ -48.048524, -14.979093 ], [ -48.04773, -14.969165 ], [ -48.047929, -14.96895 ], [ -48.050877, -14.961199 ], [ -48.041607, -14.960726 ], [ -48.039941, -14.964962 ], [ -48.035071, -14.959737 ], [ -48.044778, -14.944833 ], [ -48.042638, -14.929421 ], [ -48.045807, -14.922486 ], [ -48.054241, -14.918971 ], [ -48.057149, -14.910413 ], [ -48.070878, -14.905233 ], [ -48.078411, -14.898354 ], [ -48.077187, -14.894621 ], [ -48.068023, -14.88194 ], [ -48.068577, -14.874523 ], [ -48.059014, -14.858019 ], [ -48.055051, -14.855707 ], [ -48.042635, -14.858091 ], [ -48.035748, -14.851314 ], [ -48.034213, -14.847224 ], [ -48.040472, -14.838336 ], [ -48.030966, -14.830616 ], [ -48.027554, -14.823422 ], [ -48.012576, -14.822611 ], [ -48.003602, -14.809644 ], [ -47.989795, -14.802179 ], [ -47.95116, -14.802466 ], [ -47.922219, -14.793886 ], [ -47.907272, -14.798367 ], [ -47.88896, -14.777934 ], [ -47.866099, -14.77282 ], [ -47.85696, -14.764773 ], [ -47.850383, -14.754932 ], [ -47.834937, -14.743651 ], [ -47.831599, -14.732124 ], [ -47.828577, -14.727925 ], [ -47.825442, -14.729063 ], [ -47.821026, -14.72134 ], [ -47.824045, -14.716743 ], [ -47.820075, -14.714894 ], [ -47.810496, -14.695342 ], [ -47.80327, -14.691373 ], [ -47.790779, -14.694865 ], [ -47.780299, -14.681832 ], [ -47.778182, -14.678188 ], [ -47.780797, -14.668161 ], [ -47.775992, -14.665127 ], [ -47.776131, -14.652992 ], [ -47.771159, -14.647782 ], [ -47.770855, -14.640559 ], [ -47.772379, -14.637193 ], [ -47.775625, -14.637767 ], [ -47.777931, -14.631002 ], [ -47.765242, -14.606882 ], [ -47.763326, -14.594548 ], [ -47.767259, -14.589993 ], [ -47.772132, -14.588478 ], [ -47.768998, -14.586365 ], [ -47.770963, -14.575966 ], [ -47.765631, -14.570844 ], [ -47.771683, -14.56891 ], [ -47.767609, -14.559996 ], [ -47.76997, -14.554496 ], [ -47.76699, -14.554553 ], [ -47.768893, -14.549701 ], [ -47.764011, -14.549367 ], [ -47.766239, -14.546582 ], [ -47.761185, -14.541196 ], [ -47.774158, -14.528368 ], [ -47.783164, -14.528275 ], [ -47.787881, -14.522248 ], [ -47.79744, -14.523248 ], [ -47.793853, -14.519412 ], [ -47.805381, -14.520334 ], [ -47.806005, -14.514007 ], [ -47.814322, -14.50693 ], [ -47.821411, -14.505638 ], [ -47.828164, -14.48577 ], [ -47.826493, -14.478433 ], [ -47.830309, -14.466571 ], [ -47.834412, -14.463578 ], [ -47.831915, -14.452884 ], [ -47.836463, -14.448082 ], [ -47.832647, -14.446003 ], [ -47.836273, -14.445911 ], [ -47.834043, -14.443281 ], [ -47.838217, -14.440655 ], [ -47.835155, -14.436034 ], [ -47.83905, -14.435038 ], [ -47.84557, -14.414211 ], [ -47.858965, -14.403432 ], [ -47.857018, -14.395278 ], [ -47.863877, -14.379793 ], [ -47.854692, -14.371914 ], [ -47.851521, -14.372808 ], [ -47.852191, -14.36466 ], [ -47.846135, -14.368101 ], [ -47.841964, -14.362841 ], [ -47.839554, -14.365557 ], [ -47.834174, -14.362371 ], [ -47.83424, -14.351428 ], [ -47.826162, -14.351438 ], [ -47.827579, -14.345717 ], [ -47.835462, -14.341648 ], [ -47.831857, -14.334215 ], [ -47.836768, -14.330862 ], [ -47.838101, -14.333982 ], [ -47.838656, -14.333128 ], [ -47.901742, -14.235959 ], [ -47.931656, -14.176538 ], [ -47.898886, -14.169793 ], [ -47.891358, -14.16854 ], [ -47.892555, -14.175516 ], [ -47.884461, -14.177777 ], [ -47.86358, -14.174329 ], [ -47.86358, -14.17877 ], [ -47.860308, -14.179772 ], [ -47.857611, -14.176996 ], [ -47.859215, -14.173605 ], [ -47.846959, -14.169346 ], [ -47.839713, -14.159107 ], [ -47.830549, -14.154663 ], [ -47.820417, -14.143697 ], [ -47.808997, -14.146856 ], [ -47.798439, -14.13815 ], [ -47.772627, -14.103434 ], [ -47.764852, -14.098173 ], [ -47.756896, -14.094099 ], [ -47.741188, -14.098066 ], [ -47.729016, -14.096326 ], [ -47.721403, -14.086363 ], [ -47.717244, -14.089156 ], [ -47.711878, -14.081546 ], [ -47.705746, -14.079184 ], [ -47.698601, -14.06848 ], [ -47.689762, -14.068962 ], [ -47.671411, -14.067001 ], [ -47.667591, -14.072717 ], [ -47.657132, -14.069521 ], [ -47.656857, -14.064814 ], [ -47.650639, -14.06199 ], [ -47.625106, -14.057327 ], [ -47.621607, -14.05171 ], [ -47.608605, -14.046166 ], [ -47.600447, -14.055482 ], [ -47.590965, -14.056096 ], [ -47.578662, -14.036422 ], [ -47.572444, -14.041939 ], [ -47.568552, -14.033683 ], [ -47.561021, -14.036756 ], [ -47.553606, -14.030034 ], [ -47.550857, -14.016074 ], [ -47.544551, -14.005822 ], [ -47.504915, -13.959599 ], [ -47.474875, -13.961575 ], [ -47.473008, -13.961698 ], [ -47.263517, -13.976376 ], [ -47.241937, -13.938033 ], [ -47.245801, -13.925526 ], [ -47.240296, -13.90544 ], [ -47.244937, -13.903079 ], [ -47.242605, -13.899906 ], [ -47.249745, -13.898182 ], [ -47.244352, -13.878361 ], [ -47.240713, -13.87366 ], [ -47.233883, -13.878737 ], [ -47.227655, -13.878028 ], [ -47.222465, -13.871605 ], [ -47.219606, -13.874778 ], [ -47.217186, -13.87243 ], [ -47.215887, -13.866546 ], [ -47.19883, -13.864306 ], [ -47.200937, -13.863124 ], [ -47.197718, -13.860861 ], [ -47.193443, -13.859067 ], [ -47.193828, -13.865397 ], [ -47.188272, -13.869297 ], [ -47.188629, -13.874182 ], [ -47.192826, -13.875988 ], [ -47.192077, -13.881241 ], [ -47.182826, -13.882339 ], [ -47.183019, -13.897822 ], [ -47.178215, -13.900366 ], [ -47.171464, -13.913687 ], [ -47.175937, -13.928076 ], [ -47.172967, -13.938673 ], [ -47.176048, -13.941571 ], [ -47.175768, -13.953246 ], [ -47.179853, -13.956318 ], [ -47.18469, -13.954592 ], [ -47.199602, -13.9638 ], [ -47.179882, -13.977867 ], [ -47.17935, -13.983932 ], [ -47.169802, -13.989646 ], [ -47.157129, -14.013804 ], [ -47.149131, -14.018367 ], [ -47.142071, -14.048213 ], [ -47.124323, -14.081059 ], [ -47.126501, -14.087235 ], [ -47.126552, -14.08746 ], [ -47.114224, -14.09666 ], [ -47.109859, -14.097176 ], [ -47.096104, -14.082602 ], [ -47.094796, -14.085224 ], [ -47.089164, -14.079935 ], [ -47.091359, -14.074421 ], [ -47.084215, -14.072296 ], [ -47.086463, -14.067779 ], [ -47.078903, -14.061394 ], [ -47.075662, -14.060383 ], [ -47.070799, -14.066954 ], [ -47.06797, -14.062134 ], [ -47.067015, -14.065844 ], [ -47.056879, -14.040876 ], [ -47.048156, -14.041094 ], [ -47.048581, -14.034118 ], [ -47.043241, -14.040693 ], [ -47.040073, -14.030627 ], [ -47.024718, -14.039132 ], [ -47.017218, -14.037532 ], [ -47.015128, -14.043497 ], [ -47.006327, -14.042716 ], [ -46.997856, -14.054127 ], [ -46.994908, -14.048753 ], [ -46.98793, -14.047898 ], [ -46.984996, -14.074186 ], [ -46.990435, -14.081381 ], [ -46.99453, -14.08176 ], [ -46.993051, -14.091827 ], [ -46.988964, -14.093981 ], [ -46.985006, -14.093648 ], [ -46.985465, -14.088151 ], [ -46.978996, -14.096637 ], [ -46.977268, -14.088741 ], [ -46.968052, -14.095304 ], [ -46.962134, -14.08892 ], [ -46.954772, -14.090416 ], [ -46.937606, -14.10256 ], [ -46.930245, -14.118296 ], [ -46.945186, -14.134625 ], [ -46.942964, -14.142129 ], [ -46.966753, -14.148359 ], [ -46.959549, -14.156744 ], [ -46.969751, -14.161632 ], [ -46.982152, -14.17981 ], [ -46.9778, -14.194955 ], [ -46.982551, -14.195987 ], [ -46.985741, -14.188205 ], [ -46.992604, -14.193693 ], [ -46.991264, -14.197949 ], [ -46.979882, -14.203739 ], [ -46.976026, -14.214372 ], [ -46.978879, -14.221461 ], [ -46.975554, -14.226333 ], [ -46.957213, -14.232303 ], [ -46.961914, -14.237953 ], [ -46.957022, -14.248531 ], [ -46.944322, -14.252091 ], [ -46.939828, -14.260308 ], [ -46.945615, -14.268975 ], [ -46.939439, -14.275183 ], [ -46.936126, -14.270085 ], [ -46.932549, -14.2721 ], [ -46.937843, -14.287828 ], [ -46.928606, -14.296268 ], [ -46.932939, -14.304986 ], [ -46.925829, -14.308383 ], [ -46.919831, -14.317788 ], [ -46.898552, -14.329172 ], [ -46.887355, -14.357044 ], [ -46.87916, -14.3598 ], [ -46.876962, -14.367779 ], [ -46.881155, -14.368799 ], [ -46.87927, -14.377259 ], [ -46.874823, -14.380641 ], [ -46.876183, -14.384909 ], [ -46.869231, -14.388865 ], [ -46.877286, -14.388393 ], [ -46.880423, -14.39185 ], [ -46.871526, -14.400757 ], [ -46.872159, -14.405204 ], [ -46.879798, -14.403351 ], [ -46.888607, -14.411028 ], [ -46.892157, -14.407877 ], [ -46.885546, -14.418627 ], [ -46.886081, -14.42625 ], [ -46.889769, -14.42881 ], [ -46.887853, -14.436884 ], [ -46.870992, -14.439757 ], [ -46.871932, -14.435868 ], [ -46.868129, -14.43584 ], [ -46.865684, -14.441359 ], [ -46.85964, -14.43851 ], [ -46.855883, -14.443202 ], [ -46.860912, -14.445864 ], [ -46.859524, -14.457367 ], [ -46.863324, -14.470643 ], [ -46.850631, -14.489436 ], [ -46.856883, -14.489204 ], [ -46.858323, -14.495009 ], [ -46.87102, -14.501249 ], [ -46.866124, -14.509465 ], [ -46.872092, -14.517525 ], [ -46.869326, -14.514417 ], [ -46.860075, -14.516453 ], [ -46.858997, -14.522446 ], [ -46.851026, -14.522978 ], [ -46.849632, -14.527584 ], [ -46.845943, -14.523711 ], [ -46.844997, -14.5286 ], [ -46.854433, -14.532127 ], [ -46.855606, -14.535727 ], [ -46.850046, -14.53398 ], [ -46.84769, -14.537364 ], [ -46.84966, -14.541901 ], [ -46.845964, -14.540857 ], [ -46.845882, -14.545414 ], [ -46.838544, -14.54607 ], [ -46.835432, -14.541579 ], [ -46.83438, -14.547112 ], [ -46.840292, -14.551699 ], [ -46.833348, -14.549721 ], [ -46.832909, -14.556359 ], [ -46.826105, -14.552929 ], [ -46.818661, -14.554701 ], [ -46.819383, -14.557519 ], [ -46.81515, -14.560018 ], [ -46.811801, -14.557162 ], [ -46.809102, -14.564816 ], [ -46.811495, -14.568458 ], [ -46.801247, -14.561982 ], [ -46.791299, -14.569479 ], [ -46.790549, -14.562607 ], [ -46.786269, -14.561454 ], [ -46.786718, -14.566762 ], [ -46.773132, -14.581872 ], [ -46.769179, -14.572427 ], [ -46.760268, -14.567906 ], [ -46.760546, -14.58006 ], [ -46.753662, -14.579076 ], [ -46.752379, -14.585607 ], [ -46.746137, -14.58247 ], [ -46.747931, -14.586805 ], [ -46.742932, -14.587999 ], [ -46.748518, -14.591484 ], [ -46.746995, -14.596813 ], [ -46.734605, -14.595271 ], [ -46.73813, -14.603243 ], [ -46.735385, -14.606514 ], [ -46.728516, -14.604717 ], [ -46.728681, -14.598069 ], [ -46.724547, -14.598472 ], [ -46.724133, -14.602011 ], [ -46.716104, -14.593973 ], [ -46.712937, -14.595956 ], [ -46.715044, -14.597397 ], [ -46.708349, -14.597978 ], [ -46.703403, -14.610208 ], [ -46.697878, -14.61019 ], [ -46.697687, -14.612373 ], [ -46.701465, -14.611504 ], [ -46.702326, -14.619812 ], [ -46.691909, -14.631681 ], [ -46.690632, -14.638204 ], [ -46.684553, -14.638169 ], [ -46.686298, -14.643617 ], [ -46.681045, -14.646262 ], [ -46.686492, -14.682669 ], [ -46.68377, -14.683214 ], [ -46.675022, -14.708166 ], [ -46.667328, -14.715918 ], [ -46.673106, -14.724518 ], [ -46.665939, -14.732647 ], [ -46.66418, -14.746546 ], [ -46.668022, -14.747323 ], [ -46.667131, -14.750677 ], [ -46.667176, -14.754376 ], [ -46.666096, -14.757835 ], [ -46.662712, -14.765561 ], [ -46.658541, -14.766597 ], [ -46.659161, -14.770537 ], [ -46.649657, -14.773755 ], [ -46.636216, -14.772262 ], [ -46.633187, -14.767868 ], [ -46.627571, -14.779705 ], [ -46.631073, -14.784123 ], [ -46.623155, -14.799712 ], [ -46.627017, -14.801762 ], [ -46.619246, -14.801848 ], [ -46.615938, -14.807292 ], [ -46.618326, -14.817873 ], [ -46.616798, -14.828947 ], [ -46.610211, -14.82907 ], [ -46.607292, -14.834532 ], [ -46.608436, -14.839136 ], [ -46.611017, -14.837315 ], [ -46.612214, -14.848029 ], [ -46.604516, -14.852676 ], [ -46.600688, -14.864489 ], [ -46.602327, -14.873217 ], [ -46.598906, -14.871993 ], [ -46.596239, -14.875731 ], [ -46.595015, -14.885444 ], [ -46.597877, -14.888845 ], [ -46.589745, -14.897324 ], [ -46.591714, -14.910598 ], [ -46.587657, -14.910908 ], [ -46.588464, -14.916684 ], [ -46.582071, -14.919737 ], [ -46.585131, -14.922769 ], [ -46.584268, -14.933507 ], [ -46.578711, -14.936039 ], [ -46.579303, -14.942988 ], [ -46.574294, -14.943818 ], [ -46.576211, -14.954559 ], [ -46.57099, -14.95866 ], [ -46.565072, -14.973218 ], [ -46.563022, -14.98564 ], [ -46.567791, -14.995668 ], [ -46.567715, -15.004823 ], [ -46.559768, -15.028173 ], [ -46.551569, -15.0324 ], [ -46.547987, -15.03826 ], [ -46.537627, -15.042085 ], [ -46.525704, -15.055922 ], [ -46.531568, -15.055948 ], [ -46.54415, -15.064824 ], [ -46.550889, -15.063429 ], [ -46.56051, -15.069913 ], [ -46.574878, -15.083186 ], [ -46.587575, -15.080677 ], [ -46.599878, -15.087365 ], [ -46.610185, -15.083563 ], [ -46.625012, -15.089068 ], [ -46.640588, -15.087141 ], [ -46.655975, -15.08106 ], [ -46.681238, -15.058174 ], [ -46.699795, -15.052994 ], [ -46.732195, -15.035732 ], [ -46.752828, -15.0323 ], [ -46.781425, -15.018876 ], [ -46.829436, -15.008819 ], [ -46.856466, -15.009821 ], [ -46.863738, -15.01994 ], [ -46.917623, -15.048573 ], [ -46.924627, -15.05706 ], [ -46.925604, -15.073117 ], [ -46.909601, -15.087501 ], [ -46.89733, -15.093771 ], [ -46.896577, -15.102641 ], [ -46.888568, -15.110673 ], [ -46.892543, -15.124655 ], [ -46.913642, -15.157833 ], [ -46.920163, -15.177769 ], [ -46.936913, -15.204573 ], [ -46.933047, -15.22304 ], [ -46.940433, -15.230255 ], [ -46.932469, -15.2471 ], [ -46.927222, -15.254649 ], [ -46.912397, -15.246408 ], [ -46.905913, -15.236172 ], [ -46.891051, -15.234813 ], [ -46.88758, -15.267801 ], [ -46.890887, -15.277687 ], [ -46.888885, -15.2818 ], [ -46.873265, -15.284956 ], [ -46.8368, -15.320869 ], [ -46.835465, -15.326089 ], [ -46.847524, -15.346313 ], [ -46.860524, -15.350514 ], [ -46.869047, -15.361027 ], [ -46.86599, -15.364718 ], [ -46.850289, -15.368074 ], [ -46.849045, -15.372717 ], [ -46.865911, -15.385556 ], [ -46.883439, -15.391895 ], [ -46.896587, -15.401835 ], [ -46.914691, -15.414387 ], [ -46.928879, -15.439492 ], [ -46.932843, -15.459779 ], [ -46.931996, -15.482724 ], [ -46.94378, -15.517739 ], [ -46.946682, -15.539386 ], [ -46.948253, -15.557396 ], [ -46.942546, -15.566547 ], [ -46.919092, -15.588365 ], [ -46.896626, -15.592731 ], [ -46.882143, -15.609636 ], [ -46.877214, -15.611693 ], [ -46.85445, -15.617852 ], [ -46.854018, -15.627692 ] ] ] } },
{ "type": "Feature", "properties": { "HREG_ID": "52004", "HREG_NAME": "Entorno Sul", "id": "520025", "name": "Águas Lindas de Goiás", "description": "Águas Lindas de Goiás", "MUN_ID": "520025", "UF": "GO", "MACRO_ID": "5207", "MACRO_NAME": "Macrorregião Nordeste" }, "geometry": { "type": "Polygon", "coordinates": [ [ [ -47.307049, -16.050082 ], [ -47.303098, -16.059726 ], [ -47.315322, -16.066878 ], [ -47.311118, -16.067967 ], [ -47.307785, -16.074366 ], [ -47.307768, -16.078386 ], [ -47.316225, -16.079178 ], [ -47.31001, -16.081821 ], [ -47.31272, -16.085157 ], [ -47.310906, -16.087682 ], [ -47.321794, -16.090421 ], [ -47.323114, -16.084174 ], [ -47.328867, -16.089979 ], [ -47.332696, -16.085436 ], [ -47.336708, -16.093144 ], [ -47.331135, -16.093854 ], [ -47.333482, -16.097366 ], [ -47.331435, -16.107026 ], [ -47.338531, -16.113903 ], [ -47.336122, -16.119037 ], [ -47.341048, -16.121315 ], [ -47.337324, -16.128033 ], [ -47.349568, -16.128784 ], [ -47.352293, -16.13238 ], [ -47.347086, -16.14011 ], [ -47.349936, -16.147678 ], [ -47.340518, -16.147648 ], [ -47.348187, -16.154653 ], [ -47.339987, -16.156492 ], [ -47.344573, -16.163616 ], [ -47.340244, -16.163338 ], [ -47.331518, -16.171288 ], [ -47.330965, -16.179136 ], [ -47.340072, -16.184806 ], [ -47.32952, -16.184498 ], [ -47.33202, -16.190263 ], [ -47.329524, -16.195456 ], [ -47.335884, -16.201137 ], [ -47.327823, -16.203179 ], [ -47.322734, -16.209184 ], [ -47.328599, -16.210512 ], [ -47.329752, -16.213896 ], [ -47.322023, -16.230865 ], [ -47.328648, -16.243799 ], [ -47.327561, -16.24877 ], [ -47.333394, -16.248073 ], [ -47.334465, -16.257625 ], [ -47.344606, -16.265053 ], [ -47.350417, -16.274292 ], [ -47.347221, -16.286807 ], [ -47.355765, -16.293318 ], [ -47.352533, -16.306154 ], [ -47.357667, -16.310728 ], [ -47.365835, -16.331047 ], [ -47.370868, -16.332876 ], [ -47.377979, -16.346421 ], [ -47.403179, -16.375375 ], [ -47.414706, -16.380339 ], [ -47.418686, -16.38343 ], [ -47.418882, -16.390408 ], [ -47.426736, -16.393709 ], [ -47.423187, -16.419765 ], [ -47.431401, -16.43969 ], [ -47.429081, -16.442207 ], [ -47.445016, -16.450466 ], [ -47.447493, -16.464247 ], [ -47.453384, -16.465141 ], [ -47.455712, -16.486952 ], [ -47.452548, -16.490233 ], [ -47.459168, -16.501077 ], [ -47.459629, -16.504644 ], [ -47.458907, -16.505485 ], [ -47.453728, -16.509741 ], [ -47.447214, -16.516913 ], [ -47.444906, -16.529002 ], [ -47.441682, -16.528747 ], [ -47.443971, -16.540314 ], [ -47.434905, -16.542227 ], [ -47.430105, -16.540725 ], [ -47.433597, -16.544401 ], [ -47.428595, -16.551927 ], [ -47.425935, -16.547886 ], [ -47.420126, -16.55134 ], [ -47.413074, -16.547666 ], [ -47.404634, -16.55604 ], [ -47.41193, -16.558037 ], [ -47.412599, -16.561795 ], [ -47.408821, -16.560412 ], [ -47.411935, -16.565057 ], [ -47.408725, -16.566373 ], [ -47.412434, -16.575406 ], [ -47.400406, -16.571829 ], [ -47.393576, -16.57368 ], [ -47.395989, -16.579543 ], [ -47.386458, -16.588409 ], [ -47.38735, -16.578851 ], [ -47.381994, -16.5771 ], [ -47.376079, -16.57978 ], [ -47.373646, -16.591994 ], [ -47.375386, -16.597504 ], [ -47.376238, -16.600418 ], [ -47.366539, -16.600636 ], [ -47.364234, -16.594266 ], [ -47.356433, -16.588281 ], [ -47.350347, -16.592899 ], [ -47.341169, -16.592699 ], [ -47.344368, -16.594999 ], [ -47.340545, -16.598724 ], [ -47.336521, -16.597519 ], [ -47.338044, -16.603381 ], [ -47.332498, -16.606734 ], [ -47.337516, -16.611209 ], [ -47.333905, -16.616677 ], [ -47.320093, -16.606593 ], [ -47.318101, -16.603106 ], [ -47.315523, -16.606447 ], [ -47.320828, -16.618215 ], [ -47.315832, -16.616152 ], [ -47.304022, -16.623626 ], [ -47.306662, -16.631661 ], [ -47.297629, -16.62519 ], [ -47.294241, -16.62611 ], [ -47.293657, -16.636314 ], [ -47.286072, -16.633605 ], [ -47.283166, -16.639308 ], [ -47.286572, -16.643965 ], [ -47.277874, -16.647757 ], [ -47.276795, -16.659595 ], [ -47.271518, -16.663257 ], [ -47.265403, -16.659446 ], [ -47.263463, -16.661836 ], [ -47.261651, -16.65521 ], [ -47.257773, -16.655162 ], [ -47.253411, -16.66321 ], [ -47.259377, -16.667337 ], [ -47.250354, -16.665545 ], [ -47.247967, -16.674687 ], [ -47.258515, -16.678521 ], [ -47.254789, -16.686296 ], [ -47.247189, -16.681617 ], [ -47.245292, -16.685155 ], [ -47.245263, -16.700517 ], [ -47.251041, -16.705045 ], [ -47.2483, -16.708287 ], [ -47.241107, -16.704065 ], [ -47.237961, -16.708663 ], [ -47.22721, -16.713031 ], [ -47.225668, -16.719598 ], [ -47.222913, -16.72212 ], [ -47.221209, -16.725847 ], [ -47.222652, -16.730965 ], [ -47.230655, -16.733921 ], [ -47.226097, -16.741231 ], [ -47.234068, -16.74423 ], [ -47.235549, -16.754931 ], [ -47.231655, -16.764625 ], [ -47.222989, -16.761367 ], [ -47.229488, -16.767036 ], [ -47.230465, -16.774955 ], [ -47.216792, -16.779612 ], [ -47.219157, -16.786191 ], [ -47.215963, -16.793148 ], [ -47.218625, -16.796511 ], [ -47.215238, -16.801668 ], [ -47.219015, -16.802324 ], [ -47.219925, -16.807396 ], [ -47.20702, -16.81941 ], [ -47.212346, -16.822651 ], [ -47.212463, -16.827539 ], [ -47.193086, -16.824752 ], [ -47.205523, -16.839413 ], [ -47.199572, -16.861074 ], [ -47.208904, -16.865038 ], [ -47.207266, -16.875604 ], [ -47.200467, -16.87492 ], [ -47.201185, -16.88177 ], [ -47.19274, -16.882704 ], [ -47.194186, -16.886886 ], [ -47.202545, -16.889938 ], [ -47.20091, -16.894189 ], [ -47.192992, -16.897025 ], [ -47.196651, -16.910378 ], [ -47.180487, -16.901874 ], [ -47.172437, -16.918041 ], [ -47.163782, -16.91805 ], [ -47.159633, -16.920145 ], [ -47.167184, -16.929488 ], [ -47.173758, -16.931482 ], [ -47.169075, -16.935075 ], [ -47.168878, -16.939786 ], [ -47.163957, -16.937665 ], [ -47.15649, -16.940964 ], [ -47.166153, -16.952181 ], [ -47.151507, -16.954738 ], [ -47.15791, -16.964243 ], [ -47.151212, -16.967046 ], [ -47.142794, -16.964716 ], [ -47.143711, -16.970615 ], [ -47.12813, -16.976613 ], [ -47.125493, -16.981313 ], [ -47.1311, -16.991091 ], [ -47.150686, -16.996895 ], [ -47.139737, -16.996717 ], [ -47.139849, -17.004257 ], [ -47.144436, -17.003176 ], [ -47.144326, -17.009269 ], [ -47.132351, -17.004879 ], [ -47.131321, -17.009979 ], [ -47.14024, -17.016883 ], [ -47.13799, -17.019536 ], [ -47.143955, -17.024731 ], [ -47.148543, -17.023683 ], [ -47.146402, -17.030798 ], [ -47.151376, -17.032304 ], [ -47.154604, -17.025862 ], [ -47.15674, -17.033361 ], [ -47.159225, -17.028275 ], [ -47.161788, -17.034414 ], [ -47.162239, -17.041093 ], [ -47.16802, -17.038688 ], [ -47.164241, -17.045273 ], [ -47.166533, -17.047036 ], [ -47.1786, -17.039039 ], [ -47.179873, -17.034618 ], [ -47.184011, -17.035504 ], [ -47.181295, -17.052364 ], [ -47.174742, -17.053992 ], [ -47.181657, -17.063497 ], [ -47.186988, -17.057235 ], [ -47.18985, -17.061245 ], [ -47.195766, -17.059612 ], [ -47.195818, -17.066181 ], [ -47.191183, -17.066008 ], [ -47.190599, -17.069169 ], [ -47.197654, -17.071804 ], [ -47.2051, -17.070226 ], [ -47.207429, -17.066395 ], [ -47.209937, -17.07347 ], [ -47.207241, -17.079899 ], [ -47.223352, -17.075236 ], [ -47.223346, -17.082088 ], [ -47.228439, -17.078576 ], [ -47.233739, -17.081897 ], [ -47.230308, -17.085904 ], [ -47.221878, -17.085071 ], [ -47.231378, -17.089258 ], [ -47.24021, -17.083162 ], [ -47.242025, -17.087063 ], [ -47.247288, -17.081312 ], [ -47.247736, -17.0981 ], [ -47.254569, -17.097832 ], [ -47.254794, -17.092242 ], [ -47.258901, -17.100303 ], [ -47.264017, -17.097084 ], [ -47.266707, -17.113202 ], [ -47.27421, -17.10364 ], [ -47.281517, -17.114437 ], [ -47.274708, -17.117375 ], [ -47.275489, -17.122627 ], [ -47.281731, -17.122305 ], [ -47.275908, -17.126947 ], [ -47.282983, -17.130122 ], [ -47.282269, -17.143643 ], [ -47.295378, -17.138167 ], [ -47.303735, -17.146473 ], [ -47.302539, -17.153994 ], [ -47.306934, -17.158556 ], [ -47.310601, -17.145862 ], [ -47.323241, -17.155174 ], [ -47.327239, -17.14788 ], [ -47.33185, -17.153577 ], [ -47.328986, -17.15802 ], [ -47.333464, -17.164837 ], [ -47.351546, -17.166043 ], [ -47.348046, -17.175767 ], [ -47.352763, -17.179775 ], [ -47.339736, -17.186931 ], [ -47.342346, -17.189094 ], [ -47.349184, -17.185768 ], [ -47.356235, -17.188166 ], [ -47.362603, -17.186037 ], [ -47.356855, -17.194099 ], [ -47.349791, -17.196042 ], [ -47.350126, -17.205137 ], [ -47.355633, -17.202182 ], [ -47.360404, -17.204163 ], [ -47.36374, -17.21155 ], [ -47.362205, -17.222252 ], [ -47.365686, -17.221319 ], [ -47.369039, -17.217285 ], [ -47.375539, -17.216699 ], [ -47.373879, -17.221613 ], [ -47.378163, -17.219518 ], [ -47.384877, -17.226593 ], [ -47.378573, -17.235821 ], [ -47.386817, -17.23868 ], [ -47.381491, -17.2429 ], [ -47.38713, -17.249358 ], [ -47.398475, -17.24219 ], [ -47.406371, -17.245231 ], [ -47.410627, -17.248776 ], [ -47.407828, -17.257123 ], [ -47.422465, -17.260108 ], [ -47.416493, -17.264246 ], [ -47.417406, -17.270006 ], [ -47.427513, -17.271065 ], [ -47.434017, -17.275762 ], [ -47.432328, -17.283031 ], [ -47.425108, -17.283173 ], [ -47.419101, -17.291898 ], [ -47.420768, -17.303458 ], [ -47.428929, -17.307581 ], [ -47.421269, -17.315511 ], [ -47.421354, -17.320806 ], [ -47.423743, -17.323572 ], [ -47.434935, -17.316548 ], [ -47.441489, -17.322557 ], [ -47.449905, -17.323596 ], [ -47.453851, -17.331444 ], [ -47.44341, -17.341483 ], [ -47.44112, -17.347927 ], [ -47.459601, -17.343694 ], [ -47.460382, -17.347997 ], [ -47.456099, -17.350367 ], [ -47.463569, -17.355391 ], [ -47.47278, -17.344243 ], [ -47.478401, -17.348367 ], [ -47.487512, -17.349049 ], [ -47.49038, -17.344369 ], [ -47.494631, -17.34439 ], [ -47.498183, -17.335365 ], [ -47.509481, -17.331533 ], [ -47.510773, -17.325124 ], [ -47.505383, -17.323549 ], [ -47.502486, -17.317884 ], [ -47.498882, -17.30301 ], [ -47.503991, -17.300045 ], [ -47.500352, -17.295586 ], [ -47.507485, -17.291942 ], [ -47.509239, -17.284375 ], [ -47.518046, -17.287869 ], [ -47.521212, -17.284763 ], [ -47.52604, -17.272458 ], [ -47.526352, -17.268639 ], [ -47.523623, -17.268667 ], [ -47.527906, -17.262702 ], [ -47.527763, -17.250986 ], [ -47.531659, -17.247165 ], [ -47.530321, -17.242132 ], [ -47.548154, -17.223413 ], [ -47.55352, -17.22299 ], [ -47.56053, -17.214856 ], [ -47.5666, -17.214445 ], [ -47.569074, -17.208806 ], [ -47.5711, -17.210263 ], [ -47.570925, -17.204746 ], [ -47.574964, -17.203005 ], [ -47.572266, -17.199415 ], [ -47.577403, -17.199396 ], [ -47.580831, -17.191605 ], [ -47.587829, -17.187771 ], [ -47.593678, -17.171567 ], [ -47.597849, -17.166504 ], [ -47.607876, -17.164527 ], [ -47.611988, -17.158987 ], [ -47.621736, -17.157447 ], [ -47.624491, -17.152582 ], [ -47.641044, -17.144703 ], [ -47.643126, -17.127822 ], [ -47.653678, -17.11087 ], [ -47.65899, -17.108088 ], [ -47.655401, -17.093646 ], [ -47.66202, -17.09146 ], [ -47.662293, -17.086983 ], [ -47.666241, -17.089172 ], [ -47.668739, -17.085116 ], [ -47.683931, -17.083875 ], [ -47.694737, -17.07785 ], [ -47.696818, -17.066086 ], [ -47.703048, -17.064247 ], [ -47.703486, -17.058447 ], [ -47.712794, -17.053876 ], [ -47.709182, -17.04445 ], [ -47.719318, -17.032848 ], [ -47.716928, -17.024197 ], [ -47.709215, -17.020543 ], [ -47.699709, -17.002233 ], [ -47.6964, -16.960836 ], [ -47.685097, -16.949088 ], [ -47.688598, -16.914674 ], [ -47.691069, -16.901126 ], [ -47.694771, -16.911795 ], [ -47.704119, -16.916692 ], [ -47.711448, -16.916632 ], [ -47.716182, -16.922788 ], [ -47.730238, -16.928829 ], [ -47.742883, -16.929367 ], [ -47.771157, -16.918734 ], [ -47.789156, -16.927641 ], [ -47.791354, -16.922222 ], [ -47.805384, -16.922827 ], [ -47.807511, -16.916667 ], [ -47.833127, -16.924747 ], [ -47.863068, -16.92569 ], [ -47.872464, -16.922372 ], [ -47.882409, -16.925809 ], [ -47.886655, -16.919441 ], [ -47.89349, -16.917773 ], [ -47.902378, -16.915042 ], [ -47.910676, -16.923425 ], [ -47.903044, -16.937161 ], [ -47.90688, -16.941392 ], [ -47.900711, -16.947748 ], [ -47.90049, -16.952824 ], [ -47.909711, -16.971499 ], [ -47.92088, -16.981714 ], [ -47.920894, -16.992819 ], [ -47.916797, -16.996344 ], [ -47.919046, -17.003822 ], [ -48.000597, -16.951693 ], [ -48.005391, -16.944928 ], [ -48.007856, -16.9326 ], [ -48.035649, -16.921325 ], [ -48.066156, -16.932035 ], [ -48.07776, -16.929203 ], [ -48.078485, -16.907246 ], [ -48.089212, -16.890669 ], [ -48.077928, -16.879153 ], [ -48.084773, -16.859656 ], [ -48.0884, -16.857126 ], [ -48.07854, -16.844572 ], [ -48.078452, -16.83698 ], [ -48.083462, -16.831839 ], [ -48.079074, -16.824139 ], [ -48.080842, -16.811298 ], [ -48.076766, -16.80875 ], [ -48.075584, -16.801322 ], [ -48.081161, -16.795715 ], [ -48.080261, -16.78917 ], [ -48.089766, -16.774289 ], [ -48.089791, -16.768011 ], [ -48.105323, -16.7658 ], [ -48.100568, -16.761813 ], [ -48.104771, -16.747861 ], [ -48.112097, -16.748537 ], [ -48.124295, -16.740615 ], [ -48.131915, -16.742225 ], [ -48.139158, -16.739299 ], [ -48.145795, -16.742222 ], [ -48.15163, -16.731602 ], [ -48.156015, -16.736627 ], [ -48.158302, -16.733003 ], [ -48.160346, -16.735453 ], [ -48.16816, -16.732505 ], [ -48.17096, -16.735364 ], [ -48.173458, -16.730962 ], [ -48.181989, -16.736998 ], [ -48.19427, -16.734552 ], [ -48.189326, -16.677411 ], [ -48.194349, -16.668256 ], [ -48.190126, -16.654669 ], [ -48.194771, -16.640944 ], [ -48.202755, -16.63296 ], [ -48.228715, -16.601896 ], [ -48.24281, -16.56199 ], [ -48.254091, -16.535916 ], [ -48.264876, -16.496969 ], [ -48.28705, -16.483352 ], [ -48.299174, -16.469354 ], [ -48.299967, -16.464779 ], [ -48.300543, -16.457793 ], [ -48.306521, -16.45198 ], [ -48.327268, -16.452699 ], [ -48.34116, -16.443698 ], [ -48.347992, -16.423291 ], [ -48.35183, -16.42115 ], [ -48.35324, -16.4198 ], [ -48.358214, -16.401099 ], [ -48.366988, -16.402135 ], [ -48.375629, -16.39836 ], [ -48.401011, -16.382286 ], [ -48.395772, -16.358824 ], [ -48.402272, -16.340113 ], [ -48.398238, -16.324004 ], [ -48.37377, -16.309594 ], [ -48.367364, -16.314054 ], [ -48.36566, -16.322998 ], [ -48.358268, -16.315412 ], [ -48.347467, -16.320884 ], [ -48.340052, -16.317058 ], [ -48.332098, -16.321004 ], [ -48.329378, -16.326457 ], [ -48.323992, -16.3169 ], [ -48.325126, -16.309345 ], [ -48.31979, -16.298986 ], [ -48.321657, -16.276192 ], [ -48.328764, -16.258494 ], [ -48.33702, -16.257186 ], [ -48.335954, -16.253524 ], [ -48.34355, -16.24743 ], [ -48.347323, -16.248106 ], [ -48.347772, -16.243206 ], [ -48.362404, -16.240964 ], [ -48.367921, -16.227236 ], [ -48.374492, -16.217091 ], [ -48.373333, -16.203725 ], [ -48.36649, -16.194847 ], [ -48.365934, -16.187765 ], [ -48.36238, -16.190035 ], [ -48.353514, -16.185614 ], [ -48.356658, -16.168264 ], [ -48.350201, -16.150834 ], [ -48.350526, -16.13435 ], [ -48.354514, -16.128399 ], [ -48.350677, -16.110464 ], [ -48.350652, -16.110097 ], [ -48.356885, -16.1044 ], [ -48.366252, -16.080699 ], [ -48.366242, -16.014624 ], [ -48.373346, -15.994594 ], [ -48.388298, -15.98538 ], [ -48.38858, -15.982237 ], [ -48.393884, -15.982113 ], [ -48.394747, -15.977559 ], [ -48.400714, -15.974045 ], [ -48.409272, -15.976213 ], [ -48.413579, -15.968871 ], [ -48.413573, -15.95858 ], [ -48.419851, -15.955063 ], [ -48.422712, -15.947857 ], [ -48.4178, -15.930943 ], [ -48.418846, -15.913853 ], [ -48.418268, -15.904246 ], [ -48.410144, -15.890119 ], [ -48.405185, -15.873724 ], [ -48.396046, -15.867206 ], [ -48.388354, -15.853192 ], [ -48.388462, -15.844239 ], [ -48.382602, -15.835637 ], [ -48.378904, -15.82053 ], [ -48.369105, -15.802799 ], [ -48.351895, -15.79166 ], [ -48.356405, -15.775306 ], [ -48.352113, -15.747275 ], [ -48.348717, -15.724287 ], [ -48.333633, -15.719612 ], [ -48.328272, -15.713022 ], [ -48.317328, -15.71894 ], [ -48.307188, -15.705421 ], [ -48.298747, -15.709592 ], [ -48.251579, -15.658753 ], [ -48.234463, -15.658601 ], [ -48.242236, -15.688708 ], [ -48.240907, -15.705446 ], [ -48.232293, -15.70908 ], [ -48.217682, -15.707589 ], [ -48.20705, -15.71789 ], [ -48.205628, -15.741003 ], [ -48.211844, -15.755497 ], [ -48.215923, -15.762217 ], [ -48.233291, -15.781418 ], [ -48.237829, -15.784282 ], [ -48.241541, -15.798237 ], [ -48.246306, -15.7968 ], [ -48.267463, -15.806433 ], [ -48.282155, -15.829146 ], [ -48.286655, -15.84269 ], [ -48.27837, -15.868056 ], [ -48.275664, -15.878378 ], [ -48.271744, -15.881228 ], [ -48.276768, -15.891105 ], [ -48.273989, -15.892607 ], [ -48.276911, -15.905876 ], [ -48.27019, -15.911252 ], [ -48.272863, -15.920541 ], [ -48.274413, -15.921083 ], [ -48.276521, -15.922191 ], [ -48.276325, -15.930095 ], [ -48.267766, -15.932407 ], [ -48.260749, -15.928533 ], [ -48.252552, -15.935449 ], [ -48.252275, -15.942302 ], [ -48.252099, -15.953658 ], [ -48.258864, -15.964234 ], [ -48.259924, -15.97728 ], [ -48.272411, -16.008031 ], [ -48.271187, -16.028262 ], [ -48.276933, -16.038144 ], [ -48.278683, -16.051103 ], [ -48.259461, -16.051125 ], [ -48.145193, -16.051266 ], [ -48.144614, -16.051219 ], [ -48.086243, -16.051311 ], [ -48.064865, -16.051247 ], [ -48.050249, -16.051203 ], [ -48.033994, -16.051151 ], [ -48.020714, -16.051109 ], [ -47.981352, -16.050978 ], [ -47.938786, -16.050954 ], [ -47.889523, -16.050787 ], [ -47.83888, -16.050687 ], [ -47.814071, -16.050601 ], [ -47.813014, -16.05061 ], [ -47.738503, -16.050371 ], [ -47.68304, -16.050177 ], [ -47.673502, -16.050183 ], [ -47.617083, -16.050208 ], [ -47.596153, -16.050213 ], [ -47.555325, -16.050218 ], [ -47.5373, -16.050218 ], [ -47.41522, -16.050177 ], [ -47.308375, -16.050082 ], [ -47.307049, -16.050082 ] ], [ [ -47.891632, -16.743772 ], [ -47.886267, -16.742056 ], [ -47.891632, -16.743771 ], [ -47.891632, -16.743772 ] ] ] } },
{ "type": "Feature", "properties": { "HREG_ID": "52005", "HREG_NAME": "Estrada de Ferro", "id": "520120", "name": "Anhanguera", "description": "Anhanguera", "MUN_ID": "520120", "UF": "GO", "MACRO_ID": "5210", "MACRO_NAME": "Macrorregião Centro Sudeste" }, "geometry": { "type": "Polygon", "coordinates": [ [ [ -48.254949, -18.343529 ], [ -48.261957, -18.331425 ], [ -48.271435, -18.33042 ], [ -48.278623, -18.331074 ], [ -48.287845, -18.348222 ], [ -48.314496, -18.363695 ], [ -48.315292, -18.372596 ], [ -48.304073, -18.379777 ], [ -48.304235, -18.382663 ], [ -48.313181, -18.384378 ], [ -48.323875, -18.381338 ], [ -48.334164, -18.37396 ], [ -48.341185, -18.369246 ], [ -48.353161, -18.365611 ], [ -48.363097, -18.368963 ], [ -48.400044, -18.371415 ], [ -48.403205, -18.370727 ], [ -48.405266, -18.355883 ], [ -48.413021, -18.355783 ], [ -48.41907, -18.361075 ], [ -48.436121, -18.364846 ], [ -48.445208, -18.354841 ], [ -48.478601, -18.379659 ], [ -48.48646, -18.371491 ], [ -48.480969, -18.36019 ], [ -48.484353, -18.353172 ], [ -48.492323, -18.352515 ], [ -48.515196, -18.365956 ], [ -48.530658, -18.350615 ], [ -48.546791, -18.351308 ], [ -48.554089, -18.34649 ], [ -48.554013, -18.335783 ], [ -48.553293, -18.330936 ], [ -48.560961, -18.323427 ], [ -48.581912, -18.32677 ], [ -48.590729, -18.333733 ], [ -48.596818, -18.334352 ], [ -48.633371, -18.327189 ], [ -48.641097, -18.332967 ], [ -48.640636, -18.339803 ], [ -48.646715, -18.343431 ], [ -48.655656, -18.341943 ], [ -48.667957, -18.34513 ], [ -48.682428, -18.343073 ], [ -48.697292, -18.349707 ], [ -48.708125, -18.344578 ], [ -48.715498, -18.347557 ], [ -48.730156, -18.352812 ], [ -48.75529, -18.343922 ], [ -48.769735, -18.35515 ], [ -48.783764, -18.350672 ], [ -48.797824, -18.358097 ], [ -48.815906, -18.379202 ], [ -48.827569, -18.37479 ], [ -48.831628, -18.345676 ], [ -48.843697, -18.339654 ], [ -48.872295, -18.332388 ], [ -48.882437, -18.318393 ], [ -48.906658, -18.315887 ], [ -48.917288, -18.305421 ], [ -48.901517, -18.306637 ], [ -48.897431, -18.301366 ], [ -48.896632, -18.293788 ], [ -48.902738, -18.277857 ], [ -48.897791, -18.270151 ], [ -48.884797, -18.266437 ], [ -48.872179, -18.27463 ], [ -48.868738, -18.277492 ], [ -48.865847, -18.293624 ], [ -48.859768, -18.297721 ], [ -48.848473, -18.292039 ], [ -48.842267, -18.269772 ], [ -48.828437, -18.265625 ], [ -48.818408, -18.263709 ], [ -48.823379, -18.238124 ], [ -48.820377, -18.234397 ], [ -48.807403, -18.232966 ], [ -48.796153, -18.230945 ], [ -48.783481, -18.239947 ], [ -48.777462, -18.238271 ], [ -48.762513, -18.222879 ], [ -48.752696, -18.222403 ], [ -48.738679, -18.21726 ], [ -48.73741, -18.211922 ], [ -48.729793, -18.209235 ], [ -48.719299, -18.199125 ], [ -48.709595, -18.196957 ], [ -48.710009, -18.19354 ], [ -48.724549, -18.194659 ], [ -48.726849, -18.191704 ], [ -48.727267, -18.187645 ], [ -48.712403, -18.170996 ], [ -48.717264, -18.166168 ], [ -48.724798, -18.170391 ], [ -48.729733, -18.166643 ], [ -48.714267, -18.137081 ], [ -48.709709, -18.148772 ], [ -48.704822, -18.147736 ], [ -48.684848, -18.123283 ], [ -48.685072, -18.117891 ], [ -48.696223, -18.118197 ], [ -48.71138, -18.124332 ], [ -48.714769, -18.118705 ], [ -48.706791, -18.108506 ], [ -48.690683, -18.096989 ], [ -48.691353, -18.093828 ], [ -48.711575, -18.084901 ], [ -48.715243, -18.076639 ], [ -48.719494, -18.075131 ], [ -48.717239, -18.064924 ], [ -48.722419, -18.057635 ], [ -48.737765, -18.030363 ], [ -48.732436, -18.026256 ], [ -48.733741, -18.016063 ], [ -48.737462, -18.01231 ], [ -48.737489, -17.98978 ], [ -48.731743, -17.982944 ], [ -48.749712, -17.970317 ], [ -48.748488, -17.962191 ], [ -48.760327, -17.952502 ], [ -48.764906, -17.934127 ], [ -48.782459, -17.935214 ], [ -48.784683, -17.93187 ], [ -48.782096, -17.926406 ], [ -48.788462, -17.926 ], [ -48.793659, -17.919764 ], [ -48.812603, -17.921858 ], [ -48.846511, -17.907372 ], [ -48.842013, -17.896847 ], [ -48.846594, -17.889453 ], [ -48.853105, -17.888361 ], [ -48.848049, -17.883345 ], [ -48.850708, -17.877556 ], [ -48.838907, -17.876306 ], [ -48.83916, -17.872791 ], [ -48.833048, -17.871315 ], [ -48.835156, -17.862408 ], [ -48.831102, -17.858349 ], [ -48.841398, -17.85376 ], [ -48.849154, -17.855511 ], [ -48.841848, -17.842838 ], [ -48.834047, -17.836848 ], [ -48.830353, -17.823903 ], [ -48.820072, -17.821097 ], [ -48.815128, -17.812296 ], [ -48.819046, -17.812903 ], [ -48.819411, -17.805186 ], [ -48.823742, -17.808426 ], [ -48.828652, -17.798784 ], [ -48.822182, -17.797757 ], [ -48.825462, -17.792369 ], [ -48.820571, -17.785954 ], [ -48.832188, -17.773067 ], [ -48.829875, -17.768538 ], [ -48.840266, -17.758185 ], [ -48.846042, -17.744684 ], [ -48.838101, -17.743295 ], [ -48.834463, -17.738607 ], [ -48.838211, -17.721016 ], [ -48.837518, -17.708735 ], [ -48.845125, -17.704863 ], [ -48.8401, -17.697627 ], [ -48.848572, -17.688847 ], [ -48.849738, -17.680074 ], [ -48.857036, -17.676784 ], [ -48.858821, -17.672437 ], [ -48.866487, -17.674549 ], [ -48.872465, -17.667057 ], [ -48.883518, -17.666982 ], [ -48.883349, -17.657593 ], [ -48.886615, -17.65566 ], [ -48.890906, -17.649134 ], [ -48.892572, -17.633795 ], [ -48.902601, -17.627108 ], [ -48.911911, -17.625556 ], [ -48.917075, -17.615241 ], [ -48.914102, -17.611335 ], [ -48.924433, -17.607871 ], [ -48.923853, -17.602059 ], [ -48.927738, -17.598627 ], [ -48.925152, -17.599073 ], [ -48.926024, -17.592223 ], [ -48.921599, -17.589984 ], [ -48.926511, -17.583411 ], [ -48.923044, -17.577799 ], [ -48.925983, -17.565968 ], [ -48.920823, -17.565863 ], [ -48.920523, -17.560047 ], [ -48.912826, -17.556713 ], [ -48.91527, -17.555155 ], [ -48.914294, -17.546646 ], [ -48.90221, -17.544112 ], [ -48.907708, -17.541946 ], [ -48.901856, -17.529512 ], [ -48.881462, -17.538165 ], [ -48.880077, -17.545848 ], [ -48.868663, -17.552732 ], [ -48.844987, -17.561936 ], [ -48.819613, -17.564517 ], [ -48.819515, -17.569559 ], [ -48.801355, -17.573281 ], [ -48.792348, -17.569909 ], [ -48.78013, -17.572362 ], [ -48.761549, -17.569389 ], [ -48.739779, -17.554687 ], [ -48.72702, -17.534692 ], [ -48.714103, -17.539173 ], [ -48.703316, -17.536871 ], [ -48.69677, -17.52481 ], [ -48.702292, -17.495971 ], [ -48.70721, -17.481995 ], [ -48.711263, -17.482228 ], [ -48.719405, -17.492832 ], [ -48.737016, -17.483808 ], [ -48.743935, -17.484891 ], [ -48.75691, -17.480461 ], [ -48.761914, -17.462032 ], [ -48.774133, -17.456571 ], [ -48.786043, -17.437225 ], [ -48.801241, -17.430253 ], [ -48.806464, -17.417053 ], [ -48.806408, -17.405011 ], [ -48.794883, -17.368988 ], [ -48.793689, -17.353385 ], [ -48.790941, -17.353594 ], [ -48.774353, -17.320654 ], [ -48.753632, -17.279494 ], [ -48.699591, -17.237249 ], [ -48.690658, -17.235837 ], [ -48.605963, -17.222419 ], [ -48.606851, -17.215191 ], [ -48.600905, -17.206849 ], [ -48.601182, -17.200265 ], [ -48.594155, -17.197683 ], [ -48.59066, -17.201791 ], [ -48.590295, -17.180429 ], [ -48.587766, -17.172286 ], [ -48.57707, -17.160882 ], [ -48.580563, -17.149867 ], [ -48.575015, -17.131334 ], [ -48.570604, -17.133328 ], [ -48.572133, -17.128908 ], [ -48.566437, -17.121165 ], [ -48.567072, -17.113585 ], [ -48.562187, -17.111511 ], [ -48.559495, -17.098078 ], [ -48.536633, -17.076318 ], [ -48.526932, -17.053264 ], [ -48.505847, -17.030725 ], [ -48.506743, -17.027364 ], [ -48.498301, -17.022752 ], [ -48.498717, -17.013293 ], [ -48.488767, -17.003115 ], [ -48.423643, -17.059138 ], [ -48.413979, -17.067445 ], [ -48.396234, -17.082695 ], [ -48.36329, -17.110995 ], [ -48.346573, -17.124341 ], [ -48.340738, -17.139405 ], [ -48.329712, -17.151059 ], [ -48.310263, -17.161296 ], [ -48.287847, -17.166548 ], [ -48.265621, -17.183514 ], [ -48.237239, -17.186247 ], [ -48.224098, -17.201106 ], [ -48.219992, -17.211924 ], [ -48.223159, -17.215342 ], [ -48.221519, -17.234726 ], [ -48.215762, -17.246165 ], [ -48.211824, -17.244558 ], [ -48.204739, -17.255684 ], [ -48.199298, -17.254934 ], [ -48.196293, -17.26639 ], [ -48.189215, -17.27004 ], [ -48.189515, -17.277337 ], [ -48.20866, -17.286974 ], [ -48.204354, -17.290127 ], [ -48.205545, -17.299886 ], [ -48.197131, -17.297533 ], [ -48.198323, -17.309569 ], [ -48.172323, -17.297869 ], [ -48.165072, -17.299007 ], [ -48.14779, -17.290525 ], [ -48.146048, -17.284077 ], [ -48.13738, -17.278466 ], [ -48.128245, -17.281275 ], [ -48.118677, -17.273851 ], [ -48.117101, -17.264091 ], [ -48.100931, -17.261603 ], [ -48.094738, -17.256995 ], [ -48.092738, -17.249452 ], [ -48.084595, -17.247009 ], [ -48.08813, -17.235823 ], [ -48.075051, -17.22818 ], [ -48.069986, -17.208458 ], [ -48.054129, -17.212535 ], [ -48.053901, -17.20818 ], [ -48.060151, -17.201826 ], [ -48.058207, -17.197024 ], [ -48.04682, -17.192567 ], [ -48.031078, -17.192864 ], [ -48.031459, -17.185974 ], [ -48.018185, -17.172685 ], [ -48.021629, -17.163819 ], [ -48.013954, -17.15688 ], [ -48.001851, -17.144659 ], [ -48.002306, -17.136816 ], [ -48.003658, -17.130321 ], [ -47.997185, -17.122483 ], [ -47.994594, -17.098471 ], [ -47.989181, -17.097276 ], [ -47.99216, -17.088557 ], [ -47.988873, -17.084026 ], [ -47.978163, -17.085581 ], [ -47.981984, -17.078239 ], [ -47.973967, -17.065689 ], [ -47.962432, -17.059588 ], [ -47.950487, -17.042685 ], [ -47.943902, -17.039773 ], [ -47.933994, -17.03053 ], [ -47.938006, -17.021816 ], [ -47.9268, -17.022319 ], [ -47.928719, -17.0136 ], [ -47.919238, -17.010349 ], [ -47.919046, -17.003822 ], [ -47.916797, -16.996344 ], [ -47.920894, -16.992819 ], [ -47.92088, -16.981714 ], [ -47.909711, -16.971499 ], [ -47.90049, -16.952824 ], [ -47.900711, -16.947748 ], [ -47.90688, -16.941392 ], [ -47.903044, -16.937161 ], [ -47.910676, -16.923425 ], [ -47.902378, -16.915042 ], [ -47.89349, -16.917773 ], [ -47.886655, -16.919441 ], [ -47.882409, -16.925809 ], [ -47.872464, -16.922372 ], [ -47.863068, -16.92569 ], [ -47.833127, -16.924747 ], [ -47.807511, -16.916667 ], [ -47.805384, -16.922827 ], [ -47.791354, -16.922222 ], [ -47.789156, -16.927641 ], [ -47.771157, -16.918734 ], [ -47.742883, -16.929367 ], [ -47.730238, -16.928829 ], [ -47.716182, -16.922788 ], [ -47.711448, -16.916632 ], [ -47.704119, -16.916692 ], [ -47.694771, -16.911795 ], [ -47.691069, -16.901126 ], [ -47.688598, -16.914674 ], [ -47.685097, -16.949088 ], [ -47.6964, -16.960836 ], [ -47.699709, -17.002233 ], [ -47.709215, -17.020543 ], [ -47.716928, -17.024197 ], [ -47.719318, -17.032848 ], [ -47.709182, -17.04445 ], [ -47.712794, -17.053876 ], [ -47.703486, -17.058447 ], [ -47.703048, -17.064247 ], [ -47.696818, -17.066086 ], [ -47.694737, -17.07785 ], [ -47.683931, -17.083875 ], [ -47.668739, -17.085116 ], [ -47.666241, -17.089172 ], [ -47.662293, -17.086983 ], [ -47.66202, -17.09146 ], [ -47.655401, -17.093646 ], [ -47.65899, -17.108088 ], [ -47.653678, -17.11087 ], [ -47.643126, -17.127822 ], [ -47.641044, -17.144703 ], [ -47.624491, -17.152582 ], [ -47.621736, -17.157447 ], [ -47.611988, -17.158987 ], [ -47.607876, -17.164527 ], [ -47.597849, -17.166504 ], [ -47.593678, -17.171567 ], [ -47.587829, -17.187771 ], [ -47.580831, -17.191605 ], [ -47.577403, -17.199396 ], [ -47.572266, -17.199415 ], [ -47.574964, -17.203005 ], [ -47.570925, -17.204746 ], [ -47.5711, -17.210263 ], [ -47.569074, -17.208806 ], [ -47.5666, -17.214445 ], [ -47.56053, -17.214856 ], [ -47.55352, -17.22299 ], [ -47.548154, -17.223413 ], [ -47.530321, -17.242132 ], [ -47.531659, -17.247165 ], [ -47.527763, -17.250986 ], [ -47.527906, -17.262702 ], [ -47.523623, -17.268667 ], [ -47.526352, -17.268639 ], [ -47.52604, -17.272458 ], [ -47.521212, -17.284763 ], [ -47.518046, -17.287869 ], [ -47.509239, -17.284375 ], [ -47.507485, -17.291942 ], [ -47.500352, -17.295586 ], [ -47.503991, -17.300045 ], [ -47.498882, -17.30301 ], [ -47.502486, -17.317884 ], [ -47.505383, -17.323549 ], [ -47.510773, -17.325124 ], [ -47.511711, -17.334486 ], [ -47.508347, -17.337765 ], [ -47.504153, -17.336839 ], [ -47.504708, -17.340055 ], [ -47.516435, -17.345362 ], [ -47.521235, -17.352356 ], [ -47.519161, -17.356238 ], [ -47.513547, -17.355752 ], [ -47.515742, -17.366148 ], [ -47.51349, -17.374182 ], [ -47.518125, -17.374893 ], [ -47.518297, -17.379864 ], [ -47.524854, -17.382973 ], [ -47.53007, -17.377129 ], [ -47.531875, -17.380665 ], [ -47.527984, -17.388149 ], [ -47.538383, -17.388344 ], [ -47.532884, -17.393961 ], [ -47.531681, -17.400791 ], [ -47.523572, -17.406463 ], [ -47.523219, -17.412 ], [ -47.534708, -17.407136 ], [ -47.537322, -17.408846 ], [ -47.529431, -17.413376 ], [ -47.527271, -17.423581 ], [ -47.522851, -17.421298 ], [ -47.520984, -17.423416 ], [ -47.526736, -17.429278 ], [ -47.526881, -17.439907 ], [ -47.539908, -17.445407 ], [ -47.540742, -17.453847 ], [ -47.536273, -17.456676 ], [ -47.513852, -17.460349 ], [ -47.51162, -17.473327 ], [ -47.502791, -17.481321 ], [ -47.505289, -17.492557 ], [ -47.503122, -17.515045 ], [ -47.497351, -17.524187 ], [ -47.492047, -17.525981 ], [ -47.477268, -17.510875 ], [ -47.467376, -17.532598 ], [ -47.456657, -17.537941 ], [ -47.438874, -17.527243 ], [ -47.41376, -17.521065 ], [ -47.398195, -17.511759 ], [ -47.384462, -17.513887 ], [ -47.374095, -17.523463 ], [ -47.350936, -17.526485 ], [ -47.332707, -17.522993 ], [ -47.320401, -17.530704 ], [ -47.313667, -17.543636 ], [ -47.306183, -17.558002 ], [ -47.283421, -17.57712 ], [ -47.275379, -17.597396 ], [ -47.265351, -17.609985 ], [ -47.263525, -17.619999 ], [ -47.267824, -17.637258 ], [ -47.278293, -17.643768 ], [ -47.280936, -17.652788 ], [ -47.278068, -17.655134 ], [ -47.279826, -17.658847 ], [ -47.275399, -17.659162 ], [ -47.270599, -17.666842 ], [ -47.269902, -17.674831 ], [ -47.27312, -17.674185 ], [ -47.286157, -17.683756 ], [ -47.297909, -17.683547 ], [ -47.301045, -17.688466 ], [ -47.299077, -17.690997 ], [ -47.305209, -17.690883 ], [ -47.313243, -17.698559 ], [ -47.311655, -17.711058 ], [ -47.317403, -17.726177 ], [ -47.325652, -17.729546 ], [ -47.325126, -17.732583 ], [ -47.331798, -17.733652 ], [ -47.342287, -17.744 ], [ -47.342015, -17.751333 ], [ -47.334796, -17.755211 ], [ -47.33638, -17.761377 ], [ -47.332269, -17.76616 ], [ -47.341821, -17.773323 ], [ -47.339574, -17.776675 ], [ -47.343383, -17.779381 ], [ -47.350207, -17.782718 ], [ -47.348684, -17.785973 ], [ -47.354039, -17.787081 ], [ -47.35379, -17.79328 ], [ -47.347571, -17.796847 ], [ -47.352546, -17.804418 ], [ -47.357568, -17.804885 ], [ -47.350186, -17.810802 ], [ -47.351598, -17.814674 ], [ -47.362904, -17.816514 ], [ -47.364209, -17.824034 ], [ -47.372564, -17.830534 ], [ -47.366483, -17.834914 ], [ -47.361878, -17.852655 ], [ -47.355879, -17.86014 ], [ -47.359093, -17.865584 ], [ -47.353265, -17.870463 ], [ -47.358896, -17.886324 ], [ -47.355385, -17.891393 ], [ -47.357685, -17.891624 ], [ -47.356623, -17.897329 ], [ -47.344787, -17.898206 ], [ -47.341928, -17.90472 ], [ -47.343758, -17.908513 ], [ -47.337963, -17.912026 ], [ -47.343712, -17.918019 ], [ -47.341938, -17.921374 ], [ -47.344348, -17.920416 ], [ -47.338959, -17.927705 ], [ -47.34015, -17.936947 ], [ -47.33687, -17.9383 ], [ -47.336482, -17.93499 ], [ -47.334269, -17.937164 ], [ -47.333236, -17.951064 ], [ -47.313403, -17.962763 ], [ -47.313514, -17.976582 ], [ -47.320876, -17.97928 ], [ -47.322509, -17.984034 ], [ -47.319355, -17.985515 ], [ -47.318735, -17.995576 ], [ -47.315154, -17.994933 ], [ -47.3111, -18.005595 ], [ -47.296406, -18.008932 ], [ -47.293571, -18.016573 ], [ -47.296823, -18.020074 ], [ -47.295291, -18.02613 ], [ -47.300341, -18.026562 ], [ -47.292906, -18.029156 ], [ -47.286324, -18.042327 ], [ -47.283553, -18.04049 ], [ -47.282762, -18.057775 ], [ -47.292014, -18.063599 ], [ -47.29721, -18.061359 ], [ -47.305103, -18.063237 ], [ -47.301559, -18.070629 ], [ -47.301992, -18.073275 ], [ -47.309904, -18.069008 ], [ -47.322324, -18.069229 ], [ -47.342982, -18.080348 ], [ -47.346433, -18.087778 ], [ -47.357352, -18.08456 ], [ -47.360939, -18.095751 ], [ -47.354268, -18.096358 ], [ -47.355436, -18.104652 ], [ -47.365488, -18.107357 ], [ -47.369077, -18.114794 ], [ -47.383541, -18.117285 ], [ -47.385651, -18.120751 ], [ -47.393345, -18.11578 ], [ -47.395377, -18.126683 ], [ -47.406878, -18.131291 ], [ -47.405016, -18.134823 ], [ -47.396096, -18.136915 ], [ -47.39643, -18.141403 ], [ -47.407782, -18.14153 ], [ -47.411963, -18.147245 ], [ -47.417909, -18.140237 ], [ -47.428343, -18.138824 ], [ -47.434924, -18.151523 ], [ -47.433374, -18.156763 ], [ -47.426903, -18.160841 ], [ -47.429597, -18.165352 ], [ -47.435433, -18.167132 ], [ -47.444098, -18.158465 ], [ -47.450794, -18.15871 ], [ -47.463514, -18.176899 ], [ -47.468121, -18.17587 ], [ -47.471018, -18.179589 ], [ -47.479543, -18.17676 ], [ -47.482964, -18.180264 ], [ -47.483163, -18.180403 ], [ -47.487673, -18.186317 ], [ -47.484487, -18.193068 ], [ -47.489454, -18.191969 ], [ -47.496735, -18.198641 ], [ -47.504792, -18.191801 ], [ -47.51776, -18.198414 ], [ -47.517573, -18.210136 ], [ -47.530204, -18.217387 ], [ -47.527048, -18.225782 ], [ -47.533294, -18.230244 ], [ -47.538742, -18.227297 ], [ -47.539685, -18.216873 ], [ -47.534126, -18.198156 ], [ -47.535795, -18.194414 ], [ -47.543352, -18.19477 ], [ -47.557291, -18.207575 ], [ -47.561345, -18.20817 ], [ -47.567123, -18.203403 ], [ -47.570509, -18.219863 ], [ -47.576041, -18.225541 ], [ -47.581541, -18.22337 ], [ -47.588176, -18.226575 ], [ -47.581016, -18.231246 ], [ -47.581353, -18.234644 ], [ -47.590341, -18.235343 ], [ -47.606994, -18.246477 ], [ -47.603182, -18.25025 ], [ -47.601872, -18.255825 ], [ -47.606852, -18.263427 ], [ -47.614792, -18.261838 ], [ -47.614125, -18.250421 ], [ -47.625342, -18.258969 ], [ -47.618574, -18.27125 ], [ -47.62946, -18.27679 ], [ -47.638324, -18.287217 ], [ -47.632321, -18.291159 ], [ -47.626873, -18.302677 ], [ -47.610816, -18.314928 ], [ -47.623818, -18.322174 ], [ -47.625738, -18.333836 ], [ -47.632848, -18.333056 ], [ -47.647708, -18.340237 ], [ -47.64649, -18.329849 ], [ -47.652739, -18.325785 ], [ -47.657127, -18.327342 ], [ -47.670262, -18.357013 ], [ -47.678915, -18.355902 ], [ -47.686013, -18.356995 ], [ -47.685657, -18.362334 ], [ -47.693593, -18.374506 ], [ -47.703793, -18.379609 ], [ -47.709928, -18.379192 ], [ -47.716407, -18.361627 ], [ -47.740124, -18.363378 ], [ -47.732845, -18.375437 ], [ -47.735762, -18.378465 ], [ -47.742156, -18.376058 ], [ -47.756427, -18.395195 ], [ -47.746353, -18.409476 ], [ -47.749041, -18.41209 ], [ -47.758678, -18.409814 ], [ -47.769586, -18.418166 ], [ -47.778569, -18.423673 ], [ -47.788766, -18.417197 ], [ -47.798049, -18.415847 ], [ -47.80029, -18.411493 ], [ -47.797099, -18.406448 ], [ -47.810124, -18.399654 ], [ -47.814876, -18.405796 ], [ -47.830734, -18.413593 ], [ -47.830324, -18.424733 ], [ -47.836593, -18.435366 ], [ -47.830402, -18.443027 ], [ -47.834128, -18.450809 ], [ -47.838344, -18.451298 ], [ -47.849013, -18.440858 ], [ -47.860005, -18.439729 ], [ -47.864097, -18.448962 ], [ -47.870878, -18.454569 ], [ -47.873204, -18.458689 ], [ -47.863962, -18.462583 ], [ -47.862795, -18.469282 ], [ -47.875039, -18.475209 ], [ -47.885129, -18.46805 ], [ -47.887489, -18.476076 ], [ -47.913825, -18.466116 ], [ -47.924988, -18.470774 ], [ -47.9291, -18.487381 ], [ -47.940101, -18.487642 ], [ -47.952206, -18.493378 ], [ -47.954488, -18.499819 ], [ -47.961748, -18.49561 ], [ -47.96451, -18.476895 ], [ -47.968636, -18.474284 ], [ -47.975933, -18.477321 ], [ -47.978763, -18.475502 ], [ -47.979456, -18.46223 ], [ -47.975602, -18.452152 ], [ -47.980461, -18.4424 ], [ -47.997461, -18.454133 ], [ -48.008885, -18.453808 ], [ -48.013156, -18.444234 ], [ -48.028013, -18.43523 ], [ -48.038932, -18.433281 ], [ -48.047595, -18.416506 ], [ -48.055376, -18.412781 ], [ -48.060962, -18.412593 ], [ -48.0663, -18.42426 ], [ -48.068593, -18.427344 ], [ -48.095363, -18.429524 ], [ -48.117408, -18.424536 ], [ -48.128243, -18.415664 ], [ -48.147346, -18.407747 ], [ -48.150352, -18.39473 ], [ -48.159314, -18.384032 ], [ -48.160909, -18.371774 ], [ -48.172437, -18.374497 ], [ -48.195519, -18.363735 ], [ -48.220506, -18.361826 ], [ -48.226245, -18.357434 ], [ -48.22636, -18.345266 ], [ -48.254949, -18.343529 ] ] ] } },
{ "type": "Feature", "properties": { "HREG_ID": "52006", "HREG_NAME": "Nordeste I", "id": "520490", "name": "Campos Belos", "description": "Campos Belos", "MUN_ID": "520490", "UF": "GO", "MACRO_ID": "5207", "MACRO_NAME": "Macrorregião Nordeste" }, "geometry": { "type": "Polygon", "coordinates": [ [ [ -47.140249, -13.48658 ], [ -47.139962, -13.500098 ], [ -47.136435, -13.503926 ], [ -47.142931, -13.509987 ], [ -47.136828, -13.525932 ], [ -47.139629, -13.536795 ], [ -47.137514, -13.566223 ], [ -47.152463, -13.606502 ], [ -47.154241, -13.620804 ], [ -47.160829, -13.628583 ], [ -47.156685, -13.664277 ], [ -47.15902, -13.668691 ], [ -47.156604, -13.67105 ], [ -47.149481, -13.670171 ], [ -47.149296, -13.681376 ], [ -47.16738, -13.690774 ], [ -47.170831, -13.700911 ], [ -47.182574, -13.70805 ], [ -47.193799, -13.722433 ], [ -47.192051, -13.732668 ], [ -47.196521, -13.747231 ], [ -47.193669, -13.773694 ], [ -47.197718, -13.860861 ], [ -47.200937, -13.863124 ], [ -47.19883, -13.864306 ], [ -47.215887, -13.866546 ], [ -47.217186, -13.87243 ], [ -47.219606, -13.874778 ], [ -47.222465, -13.871605 ], [ -47.227655, -13.878028 ], [ -47.233883, -13.878737 ], [ -47.240713, -13.87366 ], [ -47.244352, -13.878361 ], [ -47.249745, -13.898182 ], [ -47.242605, -13.899906 ], [ -47.244937, -13.903079 ], [ -47.240296, -13.90544 ], [ -47.245801, -13.925526 ], [ -47.241937, -13.938033 ], [ -47.263517, -13.976376 ], [ -47.473008, -13.961698 ], [ -47.474875, -13.961575 ], [ -47.504915, -13.959599 ], [ -47.544551, -14.005822 ], [ -47.550857, -14.016074 ], [ -47.553606, -14.030034 ], [ -47.561021, -14.036756 ], [ -47.568552, -14.033683 ], [ -47.572444, -14.041939 ], [ -47.578662, -14.036422 ], [ -47.590965, -14.056096 ], [ -47.600447, -14.055482 ], [ -47.608605, -14.046166 ], [ -47.621607, -14.05171 ], [ -47.625106, -14.057327 ], [ -47.650639, -14.06199 ], [ -47.656857, -14.064814 ], [ -47.657132, -14.069521 ], [ -47.667591, -14.072717 ], [ -47.671411, -14.067001 ], [ -47.689762, -14.068962 ], [ -47.698601, -14.06848 ], [ -47.705746, -14.079184 ], [ -47.711878, -14.081546 ], [ -47.717244, -14.089156 ], [ -47.721403, -14.086363 ], [ -47.729016, -14.096326 ], [ -47.741188, -14.098066 ], [ -47.756896, -14.094099 ], [ -47.764852, -14.098173 ], [ -47.772627, -14.103434 ], [ -47.798439, -14.13815 ], [ -47.808997, -14.146856 ], [ -47.820417, -14.143697 ], [ -47.830549, -14.154663 ], [ -47.839713, -14.159107 ], [ -47.846959, -14.169346 ], [ -47.859215, -14.173605 ], [ -47.857611, -14.176996 ], [ -47.860308, -14.179772 ], [ -47.86358, -14.17877 ], [ -47.86358, -14.174329 ], [ -47.884461, -14.177777 ], [ -47.892555, -14.175516 ], [ -47.891358, -14.16854 ], [ -47.898886, -14.169793 ], [ -47.895872, -14.165532 ], [ -47.905257, -14.158686 ], [ -47.910747, -14.149343 ], [ -47.916327, -14.149168 ], [ -47.914379, -14.138202 ], [ -47.908809, -14.129875 ], [ -47.913437, -14.125245 ], [ -47.912795, -14.119087 ], [ -47.903335, -14.117313 ], [ -47.903158, -14.111568 ], [ -47.918661, -14.100797 ], [ -47.916992, -14.096086 ], [ -47.908354, -14.098712 ], [ -47.897852, -14.092728 ], [ -47.89202, -14.08212 ], [ -47.897414, -14.081763 ], [ -47.898524, -14.07796 ], [ -47.898635, -14.04626 ], [ -47.905848, -14.040002 ], [ -47.912941, -14.046205 ], [ -47.916999, -14.043176 ], [ -47.916442, -14.039377 ], [ -47.920876, -14.040364 ], [ -47.922575, -14.035481 ], [ -47.926009, -14.035653 ], [ -47.922019, -14.031221 ], [ -47.923336, -14.024403 ], [ -47.91358, -14.021892 ], [ -47.91247, -14.014462 ], [ -47.908123, -14.013467 ], [ -47.912744, -14.003867 ], [ -47.918965, -14.001692 ], [ -47.919081, -13.994124 ], [ -47.927656, -13.989354 ], [ -47.927755, -13.988909 ], [ -47.921297, -13.983541 ], [ -47.922328, -13.971495 ], [ -47.929299, -13.971775 ], [ -47.933261, -13.967173 ], [ -47.934106, -13.962541 ], [ -47.929382, -13.955742 ], [ -47.944045, -13.945077 ], [ -47.944049, -13.942084 ], [ -47.950433, -13.943266 ], [ -47.959632, -13.937492 ], [ -47.959351, -13.929966 ], [ -47.96244, -13.927616 ], [ -47.957111, -13.921425 ], [ -47.955666, -13.917295 ], [ -47.964855, -13.900277 ], [ -47.957244, -13.900719 ], [ -47.946603, -13.886129 ], [ -47.950406, -13.873281 ], [ -47.956443, -13.868232 ], [ -47.954413, -13.860159 ], [ -47.957959, -13.854945 ], [ -47.961746, -13.850021 ], [ -47.974273, -13.847494 ], [ -47.977969, -13.839535 ], [ -47.999018, -13.831549 ], [ -48.01102, -13.815317 ], [ -48.019607, -13.812008 ], [ -48.027303, -13.816835 ], [ -48.027134, -13.810782 ], [ -48.019484, -13.800814 ], [ -48.015853, -13.780523 ], [ -48.02283, -13.773118 ], [ -48.031054, -13.774971 ], [ -48.027912, -13.769389 ], [ -48.034635, -13.764694 ], [ -48.023664, -13.762171 ], [ -48.023372, -13.755843 ], [ -48.027743, -13.750918 ], [ -48.019288, -13.737145 ], [ -48.025137, -13.734934 ], [ -48.026498, -13.742478 ], [ -48.039492, -13.746119 ], [ -48.04208, -13.73412 ], [ -48.046517, -13.74107 ], [ -48.059691, -13.734028 ], [ -48.05902, -13.729576 ], [ -48.052299, -13.727931 ], [ -48.051501, -13.719323 ], [ -48.05577, -13.718299 ], [ -48.058111, -13.701039 ], [ -48.063271, -13.701396 ], [ -48.066853, -13.692117 ], [ -48.074609, -13.68779 ], [ -48.076354, -13.682664 ], [ -48.081686, -13.679937 ], [ -48.094019, -13.685377 ], [ -48.0948, -13.653872 ], [ -48.105047, -13.643705 ], [ -48.108806, -13.634616 ], [ -48.11922, -13.627092 ], [ -48.117663, -13.619261 ], [ -48.110868, -13.617224 ], [ -48.109693, -13.568243 ], [ -48.091579, -13.553657 ], [ -48.093111, -13.547422 ], [ -48.107629, -13.539955 ], [ -48.121995, -13.539354 ], [ -48.134707, -13.548417 ], [ -48.140389, -13.547424 ], [ -48.14039, -13.540632 ], [ -48.131253, -13.522023 ], [ -48.131131, -13.504534 ], [ -48.14374, -13.503093 ], [ -48.154858, -13.497296 ], [ -48.15602, -13.486047 ], [ -48.161469, -13.478149 ], [ -48.165713, -13.476503 ], [ -48.176149, -13.481598 ], [ -48.191353, -13.478125 ], [ -48.196862, -13.473305 ], [ -48.198271, -13.468772 ], [ -48.18905, -13.453942 ], [ -48.192329, -13.443249 ], [ -48.186521, -13.420251 ], [ -48.177905, -13.421934 ], [ -48.172254, -13.446499 ], [ -48.160611, -13.448887 ], [ -48.146964, -13.438794 ], [ -48.148189, -13.423741 ], [ -48.143514, -13.413597 ], [ -48.148128, -13.37899 ], [ -48.169833, -13.368944 ], [ -48.164413, -13.332541 ], [ -48.171551, -13.310588 ], [ -48.16937, -13.298916 ], [ -48.164965, -13.305356 ], [ -48.15958, -13.30202 ], [ -48.157105, -13.310095 ], [ -48.155882, -13.302582 ], [ -48.150442, -13.306588 ], [ -48.121436, -13.296996 ], [ -48.117914, -13.290304 ], [ -48.112715, -13.291596 ], [ -48.106326, -13.287357 ], [ -48.097106, -13.291471 ], [ -48.092832, -13.285867 ], [ -48.082578, -13.288345 ], [ -48.077628, -13.281565 ], [ -48.080408, -13.278931 ], [ -48.077715, -13.277312 ], [ -48.076938, -13.265986 ], [ -48.071861, -13.267182 ], [ -48.07869, -13.24252 ], [ -48.075914, -13.238181 ], [ -48.071392, -13.239989 ], [ -48.06202, -13.234964 ], [ -48.058439, -13.240234 ], [ -48.054551, -13.238525 ], [ -48.056167, -13.247933 ], [ -48.051438, -13.251487 ], [ -48.052026, -13.255388 ], [ -48.032687, -13.253543 ], [ -48.028547, -13.26397 ], [ -48.033828, -13.265409 ], [ -48.032299, -13.273566 ], [ -48.02866, -13.271044 ], [ -48.022129, -13.279403 ], [ -47.998837, -13.274496 ], [ -47.986361, -13.276435 ], [ -47.978441, -13.294306 ], [ -47.971633, -13.300408 ], [ -47.970574, -13.311085 ], [ -47.965885, -13.314825 ], [ -47.95605, -13.308277 ], [ -47.951359, -13.309835 ], [ -47.947634, -13.304892 ], [ -47.943388, -13.306628 ], [ -47.935443, -13.290289 ], [ -47.929465, -13.29412 ], [ -47.923884, -13.290984 ], [ -47.919583, -13.298338 ], [ -47.907851, -13.298501 ], [ -47.903276, -13.301957 ], [ -47.901742, -13.311386 ], [ -47.892745, -13.306809 ], [ -47.888465, -13.317606 ], [ -47.883142, -13.320075 ], [ -47.869911, -13.319418 ], [ -47.866189, -13.314646 ], [ -47.860908, -13.31395 ], [ -47.844026, -13.318202 ], [ -47.823554, -13.311432 ], [ -47.816546, -13.317252 ], [ -47.815445, -13.3176 ], [ -47.801354, -13.327565 ], [ -47.800385, -13.33327 ], [ -47.770222, -13.366474 ], [ -47.67855, -13.467278 ], [ -47.675393, -13.448794 ], [ -47.667296, -13.43582 ], [ -47.661787, -13.432962 ], [ -47.656435, -13.427278 ], [ -47.654158, -13.414597 ], [ -47.64255, -13.402533 ], [ -47.638496, -13.390601 ], [ -47.633411, -13.390449 ], [ -47.626742, -13.383958 ], [ -47.622296, -13.367228 ], [ -47.636824, -13.36436 ], [ -47.649693, -13.350814 ], [ -47.649298, -13.342211 ], [ -47.655851, -13.321912 ], [ -47.653773, -13.315216 ], [ -47.661772, -13.303414 ], [ -47.656574, -13.299455 ], [ -47.658766, -13.295369 ], [ -47.656382, -13.276467 ], [ -47.649079, -13.273694 ], [ -47.64005, -13.262773 ], [ -47.64766, -13.25016 ], [ -47.646241, -13.241568 ], [ -47.657018, -13.234282 ], [ -47.653189, -13.228597 ], [ -47.65419, -13.219901 ], [ -47.665824, -13.218218 ], [ -47.664606, -13.213604 ], [ -47.668461, -13.20897 ], [ -47.66069, -13.206926 ], [ -47.66499, -13.203374 ], [ -47.660469, -13.198417 ], [ -47.66544, -13.196311 ], [ -47.657468, -13.192005 ], [ -47.654911, -13.177442 ], [ -47.669552, -13.167867 ], [ -47.659356, -13.158593 ], [ -47.654078, -13.157886 ], [ -47.651468, -13.149661 ], [ -47.644073, -13.149425 ], [ -47.643414, -13.145354 ], [ -47.648632, -13.138991 ], [ -47.645137, -13.138286 ], [ -47.650276, -13.132918 ], [ -47.645076, -13.128144 ], [ -47.64624, -13.120172 ], [ -47.63553, -13.113886 ], [ -47.634006, -13.102767 ], [ -47.627184, -13.110027 ], [ -47.617547, -13.104274 ], [ -47.592497, -13.116233 ], [ -47.571248, -13.116317 ], [ -47.560912, -13.12424 ], [ -47.568052, -13.1491 ], [ -47.56264, -13.183796 ], [ -47.540968, -13.191933 ], [ -47.532631, -13.183376 ], [ -47.523472, -13.1815 ], [ -47.509436, -13.189434 ], [ -47.484168, -13.182021 ], [ -47.477691, -13.187246 ], [ -47.48737, -13.207688 ], [ -47.485185, -13.221724 ], [ -47.46119, -13.227058 ], [ -47.443029, -13.221987 ], [ -47.435324, -13.226667 ], [ -47.430853, -13.2376 ], [ -47.447856, -13.240306 ], [ -47.454664, -13.248943 ], [ -47.434412, -13.267791 ], [ -47.43733, -13.278597 ], [ -47.432433, -13.287641 ], [ -47.425254, -13.289301 ], [ -47.415718, -13.269892 ], [ -47.397082, -13.260661 ], [ -47.391976, -13.261917 ], [ -47.393357, -13.245144 ], [ -47.387551, -13.240137 ], [ -47.383314, -13.241029 ], [ -47.378908, -13.230674 ], [ -47.371167, -13.228283 ], [ -47.367606, -13.235704 ], [ -47.351991, -13.2484 ], [ -47.33722, -13.245887 ], [ -47.32256, -13.25787 ], [ -47.308519, -13.249293 ], [ -47.294105, -13.248495 ], [ -47.293133, -13.256095 ], [ -47.28522, -13.255877 ], [ -47.289496, -13.261795 ], [ -47.281719, -13.264475 ], [ -47.274934, -13.25049 ], [ -47.267, -13.247729 ], [ -47.267416, -13.237942 ], [ -47.252363, -13.234696 ], [ -47.247775, -13.229688 ], [ -47.251106, -13.211946 ], [ -47.231604, -13.204172 ], [ -47.231551, -13.198894 ], [ -47.225493, -13.193066 ], [ -47.21713, -13.196099 ], [ -47.211016, -13.192115 ], [ -47.196438, -13.193192 ], [ -47.182418, -13.187672 ], [ -47.174802, -13.194703 ], [ -47.184272, -13.203174 ], [ -47.182757, -13.205267 ], [ -47.17205, -13.206019 ], [ -47.1673, -13.210797 ], [ -47.161686, -13.205324 ], [ -47.153413, -13.20946 ], [ -47.134801, -13.202717 ], [ -47.133384, -13.189406 ], [ -47.139936, -13.187147 ], [ -47.132162, -13.178066 ], [ -47.11783, -13.177443 ], [ -47.10853, -13.170605 ], [ -47.107637, -13.181015 ], [ -47.104937, -13.181261 ], [ -47.102133, -13.174187 ], [ -47.096881, -13.171352 ], [ -47.089554, -13.173577 ], [ -47.086916, -13.181987 ], [ -47.079726, -13.177679 ], [ -47.084381, -13.170105 ], [ -47.079805, -13.166001 ], [ -47.080414, -13.161526 ], [ -47.077062, -13.16111 ], [ -47.071969, -13.160061 ], [ -47.06866, -13.155064 ], [ -47.062162, -13.161364 ], [ -47.050888, -13.155475 ], [ -47.047101, -13.157203 ], [ -47.041441, -13.148198 ], [ -47.035491, -13.150425 ], [ -47.035129, -13.147529 ], [ -47.022409, -13.141561 ], [ -47.018962, -13.145346 ], [ -47.009305, -13.140389 ], [ -47.004634, -13.131662 ], [ -47.004971, -13.124686 ], [ -47.000714, -13.120944 ], [ -46.99164, -13.123741 ], [ -46.986884, -13.121365 ], [ -46.987993, -13.1277 ], [ -46.978442, -13.131141 ], [ -46.978152, -13.12116 ], [ -46.963272, -13.111714 ], [ -46.953526, -13.110704 ], [ -46.945907, -13.098861 ], [ -46.928666, -13.09245 ], [ -46.928467, -13.082652 ], [ -46.910358, -13.068629 ], [ -46.901912, -13.066871 ], [ -46.892494, -13.052791 ], [ -46.878609, -13.048399 ], [ -46.87983, -13.058907 ], [ -46.876249, -13.061515 ], [ -46.8713, -13.059502 ], [ -46.870712, -13.063072 ], [ -46.868413, -13.068083 ], [ -46.854129, -13.066873 ], [ -46.854552, -13.055222 ], [ -46.848271, -13.05046 ], [ -46.847032, -13.05344 ], [ -46.84447, -13.049259 ], [ -46.847078, -13.045039 ], [ -46.839738, -13.034094 ], [ -46.833815, -13.033342 ], [ -46.82853, -13.018218 ], [ -46.818468, -13.013585 ], [ -46.822713, -13.007693 ], [ -46.819269, -13.002036 ], [ -46.750183, -12.968721 ], [ -46.706502, -12.969037 ], [ -46.635577, -12.969535 ], [ -46.633436, -12.969549 ], [ -46.55017, -12.970108 ], [ -46.454224, -12.970718 ], [ -46.445592, -12.935809 ], [ -46.436961, -12.935056 ], [ -46.432368, -12.930286 ], [ -46.4172, -12.823025 ], [ -46.411049, -12.827519 ], [ -46.410666, -12.840091 ], [ -46.406298, -12.838404 ], [ -46.40786, -12.845358 ], [ -46.397135, -12.850959 ], [ -46.383267, -12.84854 ], [ -46.376044, -12.852934 ], [ -46.375853, -12.849819 ], [ -46.373832, -12.859353 ], [ -46.36577, -12.86442 ], [ -46.368721, -12.877114 ], [ -46.363828, -12.881607 ], [ -46.367141, -12.887209 ], [ -46.361581, -12.890017 ], [ -46.367795, -12.90262 ], [ -46.360274, -12.908401 ], [ -46.365107, -12.912781 ], [ -46.364164, -12.931063 ], [ -46.366329, -12.939225 ], [ -46.371822, -12.944317 ], [ -46.371054, -12.957999 ], [ -46.3765, -12.962958 ], [ -46.367832, -12.972074 ], [ -46.37294, -12.984336 ], [ -46.363854, -12.990925 ], [ -46.338383, -12.982025 ], [ -46.335132, -12.983343 ], [ -46.333668, -12.980448 ], [ -46.311185, -12.980354 ], [ -46.289866, -12.972036 ], [ -46.286862, -12.973524 ], [ -46.279941, -12.968114 ], [ -46.276745, -12.970933 ], [ -46.223268, -12.956516 ], [ -46.194129, -12.956238 ], [ -46.187438, -12.949289 ], [ -46.179475, -12.946918 ], [ -46.176577, -12.939193 ], [ -46.160905, -12.933574 ], [ -46.148618, -12.936586 ], [ -46.119524, -12.925436 ], [ -46.113487, -12.917817 ], [ -46.112793, -12.932957 ], [ -46.121966, -12.947135 ], [ -46.121804, -12.956994 ], [ -46.125421, -12.961043 ], [ -46.138469, -12.965008 ], [ -46.154161, -12.976137 ], [ -46.165824, -12.975528 ], [ -46.173689, -12.983129 ], [ -46.190991, -12.989362 ], [ -46.196546, -12.99631 ], [ -46.208462, -12.998473 ], [ -46.220021, -13.003685 ], [ -46.231875, -12.995067 ], [ -46.23988, -12.999421 ], [ -46.245104, -12.996975 ], [ -46.25287, -13.005623 ], [ -46.272955, -13.014519 ], [ -46.275155, -13.027884 ], [ -46.280942, -13.03365 ], [ -46.278551, -13.037025 ], [ -46.280273, -13.042996 ], [ -46.291469, -13.053434 ], [ -46.295491, -13.063506 ], [ -46.448991, -13.054655 ], [ -46.441997, -13.064089 ], [ -46.441297, -13.081334 ], [ -46.435742, -13.080107 ], [ -46.425885, -13.085721 ], [ -46.421939, -13.10244 ], [ -46.409049, -13.107893 ], [ -46.411189, -13.120754 ], [ -46.404271, -13.124912 ], [ -46.40202, -13.134324 ], [ -46.375431, -13.216962 ], [ -46.379989, -13.227678 ], [ -46.383053, -13.227116 ], [ -46.379437, -13.262153 ], [ -46.38432, -13.270952 ], [ -46.382227, -13.279369 ], [ -46.382366, -13.285177 ], [ -46.389879, -13.29156 ], [ -46.392076, -13.301613 ], [ -46.392485, -13.308179 ], [ -46.39396, -13.315111 ], [ -46.381714, -13.336342 ], [ -46.385431, -13.338767 ], [ -46.388051, -13.351812 ], [ -46.383044, -13.354747 ], [ -46.38555, -13.365801 ], [ -46.382633, -13.382421 ], [ -46.605547, -13.384057 ], [ -46.634482, -13.384312 ], [ -46.714087, -13.384998 ], [ -46.716048, -13.387517 ], [ -46.719137, -13.38492 ], [ -46.732963, -13.38587 ], [ -46.733659, -13.388494 ], [ -46.728883, -13.391024 ], [ -46.731519, -13.397872 ], [ -46.738303, -13.399037 ], [ -46.748192, -13.40705 ], [ -46.749275, -13.411006 ], [ -46.746135, -13.412517 ], [ -46.749321, -13.420173 ], [ -46.745268, -13.421331 ], [ -46.74544, -13.424504 ], [ -46.752912, -13.427554 ], [ -46.751046, -13.433117 ], [ -46.761603, -13.437486 ], [ -46.75833, -13.439987 ], [ -46.760823, -13.445208 ], [ -46.762441, -13.442186 ], [ -46.761878, -13.447644 ], [ -46.769082, -13.445884 ], [ -46.763967, -13.450692 ], [ -46.762747, -13.465052 ], [ -46.770072, -13.471275 ], [ -46.771248, -13.478516 ], [ -46.767527, -13.482851 ], [ -46.762632, -13.47994 ], [ -46.765151, -13.484255 ], [ -46.768802, -13.487905 ], [ -46.76458, -13.489883 ], [ -46.765357, -13.496682 ], [ -46.770493, -13.494596 ], [ -46.779378, -13.497804 ], [ -46.779466, -13.506565 ], [ -46.784825, -13.509949 ], [ -46.776713, -13.519053 ], [ -46.784137, -13.530503 ], [ -46.779964, -13.533742 ], [ -46.773885, -13.527902 ], [ -46.773841, -13.531916 ], [ -46.771961, -13.539757 ], [ -46.788271, -13.550528 ], [ -46.782164, -13.566073 ], [ -46.786826, -13.576873 ], [ -46.792992, -13.580255 ], [ -46.79207, -13.590704 ], [ -46.802073, -13.593799 ], [ -46.816103, -13.587182 ], [ -46.821246, -13.594089 ], [ -46.825632, -13.58723 ], [ -46.834437, -13.588003 ], [ -46.842911, -13.594483 ], [ -46.836819, -13.603043 ], [ -46.85092, -13.615028 ], [ -46.862441, -13.612427 ], [ -46.863388, -13.604637 ], [ -46.867099, -13.602668 ], [ -46.867712, -13.608106 ], [ -46.885414, -13.604577 ], [ -46.895493, -13.59078 ], [ -46.904687, -13.586212 ], [ -46.919465, -13.59317 ], [ -46.928628, -13.590035 ], [ -46.942196, -13.566029 ], [ -46.949661, -13.560483 ], [ -46.967603, -13.55494 ], [ -46.979516, -13.559978 ], [ -46.984577, -13.548589 ], [ -46.999165, -13.546841 ], [ -47.007747, -13.541952 ], [ -47.018038, -13.542179 ], [ -47.024417, -13.541941 ], [ -47.04068, -13.526802 ], [ -47.053823, -13.522456 ], [ -47.06335, -13.507515 ], [ -47.069163, -13.505879 ], [ -47.082278, -13.488258 ], [ -47.08077, -13.475834 ], [ -47.069165, -13.465443 ], [ -47.075686, -13.456413 ], [ -47.066383, -13.4511 ], [ -47.066386, -13.447027 ], [ -47.088357, -13.441172 ], [ -47.100832, -13.432358 ], [ -47.12633, -13.438747 ], [ -47.129323, -13.467764 ], [ -47.140249, -13.48658 ] ] ] } },
{ "type": "Feature", "properties": { "HREG_ID": "52007", "HREG_NAME": "Nordeste II", "id": "520080", "name": "Alvorada do Norte", "description": "Alvorada do Norte", "MUN_ID": "520080", "UF": "GO", "MACRO_ID": "5207", "MACRO_NAME": "Macrorregião Nordeste" }, "geometry": { "type": "Polygon", "coordinates": [ [ [ -46.521126, -14.850734 ], [ -46.522082, -14.85424 ], [ -46.529994, -14.883265 ], [ -46.541914, -14.895582 ], [ -46.546106, -14.924999 ], [ -46.544251, -14.930212 ], [ -46.538932, -14.94088 ], [ -46.540407, -14.951158 ], [ -46.531995, -14.957515 ], [ -46.5333, -14.960562 ], [ -46.520578, -14.966948 ], [ -46.516859, -14.972419 ], [ -46.516328, -14.981572 ], [ -46.526876, -14.987707 ], [ -46.530381, -15.004833 ], [ -46.520242, -15.013294 ], [ -46.519634, -15.019725 ], [ -46.511433, -15.029432 ], [ -46.50217, -15.051805 ], [ -46.513437, -15.060854 ], [ -46.525704, -15.055922 ], [ -46.537627, -15.042085 ], [ -46.547987, -15.03826 ], [ -46.551569, -15.0324 ], [ -46.559768, -15.028173 ], [ -46.567715, -15.004823 ], [ -46.567791, -14.995668 ], [ -46.563022, -14.98564 ], [ -46.565072, -14.973218 ], [ -46.57099, -14.95866 ], [ -46.576211, -14.954559 ], [ -46.574294, -14.943818 ], [ -46.579303, -14.942988 ], [ -46.578711, -14.936039 ], [ -46.584268, -14.933507 ], [ -46.585131, -14.922769 ], [ -46.582071, -14.919737 ], [ -46.588464, -14.916684 ], [ -46.587657, -14.910908 ], [ -46.591714, -14.910598 ], [ -46.589745, -14.897324 ], [ -46.597877, -14.888845 ], [ -46.595015, -14.885444 ], [ -46.596239, -14.875731 ], [ -46.598906, -14.871993 ], [ -46.602327, -14.873217 ], [ -46.600688, -14.864489 ], [ -46.604516, -14.852676 ], [ -46.612214, -14.848029 ], [ -46.611017, -14.837315 ], [ -46.608436, -14.839136 ], [ -46.607292, -14.834532 ], [ -46.610211, -14.82907 ], [ -46.616798, -14.828947 ], [ -46.618326, -14.817873 ], [ -46.615938, -14.807292 ], [ -46.619246, -14.801848 ], [ -46.627017, -14.801762 ], [ -46.623155, -14.799712 ], [ -46.631073, -14.784123 ], [ -46.627571, -14.779705 ], [ -46.633187, -14.767868 ], [ -46.636216, -14.772262 ], [ -46.649657, -14.773755 ], [ -46.659161, -14.770537 ], [ -46.658541, -14.766597 ], [ -46.662712, -14.765561 ], [ -46.666096, -14.757835 ], [ -46.667176, -14.754376 ], [ -46.667131, -14.750677 ], [ -46.668022, -14.747323 ], [ -46.66418, -14.746546 ], [ -46.665939, -14.732647 ], [ -46.673106, -14.724518 ], [ -46.667328, -14.715918 ], [ -46.675022, -14.708166 ], [ -46.68377, -14.683214 ], [ -46.686492, -14.682669 ], [ -46.681045, -14.646262 ], [ -46.686298, -14.643617 ], [ -46.684553, -14.638169 ], [ -46.690632, -14.638204 ], [ -46.691909, -14.631681 ], [ -46.702326, -14.619812 ], [ -46.701465, -14.611504 ], [ -46.697687, -14.612373 ], [ -46.697878, -14.61019 ], [ -46.703403, -14.610208 ], [ -46.708349, -14.597978 ], [ -46.715044, -14.597397 ], [ -46.712937, -14.595956 ], [ -46.716104, -14.593973 ], [ -46.724133, -14.602011 ], [ -46.724547, -14.598472 ], [ -46.728681, -14.598069 ], [ -46.728516, -14.604717 ], [ -46.735385, -14.606514 ], [ -46.73813, -14.603243 ], [ -46.734605, -14.595271 ], [ -46.746995, -14.596813 ], [ -46.748518, -14.591484 ], [ -46.742932, -14.587999 ], [ -46.747931, -14.586805 ], [ -46.746137, -14.58247 ], [ -46.752379, -14.585607 ], [ -46.753662, -14.579076 ], [ -46.760546, -14.58006 ], [ -46.760268, -14.567906 ], [ -46.769179, -14.572427 ], [ -46.773132, -14.581872 ], [ -46.786718, -14.566762 ], [ -46.786269, -14.561454 ], [ -46.790549, -14.562607 ], [ -46.791299, -14.569479 ], [ -46.801247, -14.561982 ], [ -46.811495, -14.568458 ], [ -46.809102, -14.564816 ], [ -46.811801, -14.557162 ], [ -46.81515, -14.560018 ], [ -46.819383, -14.557519 ], [ -46.818661, -14.554701 ], [ -46.826105, -14.552929 ], [ -46.832909, -14.556359 ], [ -46.833348, -14.549721 ], [ -46.840292, -14.551699 ], [ -46.83438, -14.547112 ], [ -46.835432, -14.541579 ], [ -46.838544, -14.54607 ], [ -46.845882, -14.545414 ], [ -46.845964, -14.540857 ], [ -46.84966, -14.541901 ], [ -46.84769, -14.537364 ], [ -46.850046, -14.53398 ], [ -46.855606, -14.535727 ], [ -46.854433, -14.532127 ], [ -46.844997, -14.5286 ], [ -46.845943, -14.523711 ], [ -46.849632, -14.527584 ], [ -46.851026, -14.522978 ], [ -46.858997, -14.522446 ], [ -46.860075, -14.516453 ], [ -46.869326, -14.514417 ], [ -46.872092, -14.517525 ], [ -46.866124, -14.509465 ], [ -46.87102, -14.501249 ], [ -46.858323, -14.495009 ], [ -46.856883, -14.489204 ], [ -46.850631, -14.489436 ], [ -46.863324, -14.470643 ], [ -46.859524, -14.457367 ], [ -46.860912, -14.445864 ], [ -46.855883, -14.443202 ], [ -46.85964, -14.43851 ], [ -46.865684, -14.441359 ], [ -46.868129, -14.43584 ], [ -46.871932, -14.435868 ], [ -46.870992, -14.439757 ], [ -46.887853, -14.436884 ], [ -46.889769, -14.42881 ], [ -46.886081, -14.42625 ], [ -46.885546, -14.418627 ], [ -46.892157, -14.407877 ], [ -46.888607, -14.411028 ], [ -46.879798, -14.403351 ], [ -46.872159, -14.405204 ], [ -46.871526, -14.400757 ], [ -46.880423, -14.39185 ], [ -46.877286, -14.388393 ], [ -46.869231, -14.388865 ], [ -46.876183, -14.384909 ], [ -46.874823, -14.380641 ], [ -46.87927, -14.377259 ], [ -46.881155, -14.368799 ], [ -46.876962, -14.367779 ], [ -46.87916, -14.3598 ], [ -46.887355, -14.357044 ], [ -46.898552, -14.329172 ], [ -46.919831, -14.317788 ], [ -46.925829, -14.308383 ], [ -46.932939, -14.304986 ], [ -46.928606, -14.296268 ], [ -46.937843, -14.287828 ], [ -46.932549, -14.2721 ], [ -46.936126, -14.270085 ], [ -46.939439, -14.275183 ], [ -46.945615, -14.268975 ], [ -46.939828, -14.260308 ], [ -46.944322, -14.252091 ], [ -46.957022, -14.248531 ], [ -46.961914, -14.237953 ], [ -46.957213, -14.232303 ], [ -46.975554, -14.226333 ], [ -46.978879, -14.221461 ], [ -46.976026, -14.214372 ], [ -46.979882, -14.203739 ], [ -46.991264, -14.197949 ], [ -46.992604, -14.193693 ], [ -46.985741, -14.188205 ], [ -46.982551, -14.195987 ], [ -46.9778, -14.194955 ], [ -46.982152, -14.17981 ], [ -46.969751, -14.161632 ], [ -46.959549, -14.156744 ], [ -46.966753, -14.148359 ], [ -46.942964, -14.142129 ], [ -46.945186, -14.134625 ], [ -46.930245, -14.118296 ], [ -46.937606, -14.10256 ], [ -46.954772, -14.090416 ], [ -46.962134, -14.08892 ], [ -46.968052, -14.095304 ], [ -46.977268, -14.088741 ], [ -46.978996, -14.096637 ], [ -46.985465, -14.088151 ], [ -46.985006, -14.093648 ], [ -46.988964, -14.093981 ], [ -46.993051, -14.091827 ], [ -46.99453, -14.08176 ], [ -46.990435, -14.081381 ], [ -46.984996, -14.074186 ], [ -46.98793, -14.047898 ], [ -46.994908, -14.048753 ], [ -46.997856, -14.054127 ], [ -47.006327, -14.042716 ], [ -47.015128, -14.043497 ], [ -47.017218, -14.037532 ], [ -47.024718, -14.039132 ], [ -47.040073, -14.030627 ], [ -47.043241, -14.040693 ], [ -47.048581, -14.034118 ], [ -47.048156, -14.041094 ], [ -47.056879, -14.040876 ], [ -47.067015, -14.065844 ], [ -47.06797, -14.062134 ], [ -47.070799, -14.066954 ], [ -47.075662, -14.060383 ], [ -47.078903, -14.061394 ], [ -47.086463, -14.067779 ], [ -47.084215, -14.072296 ], [ -47.091359, -14.074421 ], [ -47.089164, -14.079935 ], [ -47.094796, -14.085224 ], [ -47.096104, -14.082602 ], [ -47.109859, -14.097176 ], [ -47.114224, -14.09666 ], [ -47.126552, -14.08746 ], [ -47.126501, -14.087235 ], [ -47.124323, -14.081059 ], [ -47.142071, -14.048213 ], [ -47.149131, -14.018367 ], [ -47.157129, -14.013804 ], [ -47.169802, -13.989646 ], [ -47.17935, -13.983932 ], [ -47.179882, -13.977867 ], [ -47.199602, -13.9638 ], [ -47.18469, -13.954592 ], [ -47.179853, -13.956318 ], [ -47.175768, -13.953246 ], [ -47.176048, -13.941571 ], [ -47.172967, -13.938673 ], [ -47.175937, -13.928076 ], [ -47.171464, -13.913687 ], [ -47.178215, -13.900366 ], [ -47.183019, -13.897822 ], [ -47.182826, -13.882339 ], [ -47.192077, -13.881241 ], [ -47.192826, -13.875988 ], [ -47.188629, -13.874182 ], [ -47.188272, -13.869297 ], [ -47.193828, -13.865397 ], [ -47.193443, -13.859067 ], [ -47.197718, -13.860861 ], [ -47.193669, -13.773694 ], [ -47.196521, -13.747231 ], [ -47.192051, -13.732668 ], [ -47.193799, -13.722433 ], [ -47.182574, -13.70805 ], [ -47.170831, -13.700911 ], [ -47.16738, -13.690774 ], [ -47.149296, -13.681376 ], [ -47.149481, -13.670171 ], [ -47.156604, -13.67105 ], [ -47.15902, -13.668691 ], [ -47.156685, -13.664277 ], [ -47.160829, -13.628583 ], [ -47.154241, -13.620804 ], [ -47.152463, -13.606502 ], [ -47.137514, -13.566223 ], [ -47.139629, -13.536795 ], [ -47.136828, -13.525932 ], [ -47.142931, -13.509987 ], [ -47.136435, -13.503926 ], [ -47.139962, -13.500098 ], [ -47.140249, -13.48658 ], [ -47.129323, -13.467764 ], [ -47.12633, -13.438747 ], [ -47.100832, -13.432358 ], [ -47.088357, -13.441172 ], [ -47.066386, -13.447027 ], [ -47.066383, -13.4511 ], [ -47.075686, -13.456413 ], [ -47.069165, -13.465443 ], [ -47.08077, -13.475834 ], [ -47.082278, -13.488258 ], [ -47.069163, -13.505879 ], [ -47.06335, -13.507515 ], [ -47.053823, -13.522456 ], [ -47.04068, -13.526802 ], [ -47.024417, -13.541941 ], [ -47.018038, -13.542179 ], [ -47.007747, -13.541952 ], [ -46.999165, -13.546841 ], [ -46.984577, -13.548589 ], [ -46.979516, -13.559978 ], [ -46.967603, -13.55494 ], [ -46.949661, -13.560483 ], [ -46.942196, -13.566029 ], [ -46.928628, -13.590035 ], [ -46.919465, -13.59317 ], [ -46.904687, -13.586212 ], [ -46.895493, -13.59078 ], [ -46.885414, -13.604577 ], [ -46.867712, -13.608106 ], [ -46.867099, -13.602668 ], [ -46.863388, -13.604637 ], [ -46.862441, -13.612427 ], [ -46.85092, -13.615028 ], [ -46.836819, -13.603043 ], [ -46.842911, -13.594483 ], [ -46.834437, -13.588003 ], [ -46.825632, -13.58723 ], [ -46.821246, -13.594089 ], [ -46.816103, -13.587182 ], [ -46.802073, -13.593799 ], [ -46.79207, -13.590704 ], [ -46.792992, -13.580255 ], [ -46.786826, -13.576873 ], [ -46.782164, -13.566073 ], [ -46.788271, -13.550528 ], [ -46.771961, -13.539757 ], [ -46.773841, -13.531916 ], [ -46.773885, -13.527902 ], [ -46.779964, -13.533742 ], [ -46.784137, -13.530503 ], [ -46.776713, -13.519053 ], [ -46.784825, -13.509949 ], [ -46.779466, -13.506565 ], [ -46.779378, -13.497804 ], [ -46.770493, -13.494596 ], [ -46.765357, -13.496682 ], [ -46.76458, -13.489883 ], [ -46.768802, -13.487905 ], [ -46.765151, -13.484255 ], [ -46.762632, -13.47994 ], [ -46.767527, -13.482851 ], [ -46.771248, -13.478516 ], [ -46.770072, -13.471275 ], [ -46.762747, -13.465052 ], [ -46.763967, -13.450692 ], [ -46.769082, -13.445884 ], [ -46.761878, -13.447644 ], [ -46.762441, -13.442186 ], [ -46.760823, -13.445208 ], [ -46.75833, -13.439987 ], [ -46.761603, -13.437486 ], [ -46.751046, -13.433117 ], [ -46.752912, -13.427554 ], [ -46.74544, -13.424504 ], [ -46.745268, -13.421331 ], [ -46.749321, -13.420173 ], [ -46.746135, -13.412517 ], [ -46.749275, -13.411006 ], [ -46.748192, -13.40705 ], [ -46.738303, -13.399037 ], [ -46.731519, -13.397872 ], [ -46.728883, -13.391024 ], [ -46.733659, -13.388494 ], [ -46.732963, -13.38587 ], [ -46.719137, -13.38492 ], [ -46.716048, -13.387517 ], [ -46.714087, -13.384998 ], [ -46.634482, -13.384312 ], [ -46.605547, -13.384057 ], [ -46.382633, -13.382421 ], [ -46.38555, -13.365801 ], [ -46.383044, -13.354747 ], [ -46.388051, -13.351812 ], [ -46.385431, -13.338767 ], [ -46.381714, -13.336342 ], [ -46.39396, -13.315111 ], [ -46.392485, -13.308179 ], [ -46.392076, -13.301613 ], [ -46.389879, -13.29156 ], [ -46.382366, -13.285177 ], [ -46.382227, -13.279369 ], [ -46.38432, -13.270952 ], [ -46.379437, -13.262153 ], [ -46.383053, -13.227116 ], [ -46.379989, -13.227678 ], [ -46.375431, -13.216962 ], [ -46.40202, -13.134324 ], [ -46.404271, -13.124912 ], [ -46.411189, -13.120754 ], [ -46.409049, -13.107893 ], [ -46.421939, -13.10244 ], [ -46.425885, -13.085721 ], [ -46.435742, -13.080107 ], [ -46.441297, -13.081334 ], [ -46.441997, -13.064089 ], [ -46.448991, -13.054655 ], [ -46.295491, -13.063506 ], [ -46.30116, -13.075686 ], [ -46.32224, -13.097848 ], [ -46.313524, -13.108072 ], [ -46.308148, -13.123628 ], [ -46.298303, -13.125508 ], [ -46.294804, -13.129432 ], [ -46.291216, -13.143159 ], [ -46.293201, -13.150921 ], [ -46.309384, -13.157543 ], [ -46.303526, -13.16675 ], [ -46.314051, -13.17765 ], [ -46.309663, -13.181576 ], [ -46.302608, -13.18181 ], [ -46.300385, -13.193171 ], [ -46.304072, -13.205097 ], [ -46.311826, -13.211046 ], [ -46.313774, -13.224916 ], [ -46.320742, -13.23891 ], [ -46.330718, -13.249101 ], [ -46.329743, -13.252375 ], [ -46.316292, -13.252021 ], [ -46.301856, -13.251852 ], [ -46.297523, -13.255427 ], [ -46.30105, -13.26628 ], [ -46.298554, -13.281367 ], [ -46.31341, -13.297668 ], [ -46.314931, -13.304464 ], [ -46.298161, -13.313027 ], [ -46.288245, -13.314181 ], [ -46.287237, -13.326255 ], [ -46.278964, -13.347462 ], [ -46.271169, -13.344976 ], [ -46.266075, -13.347918 ], [ -46.237188, -13.335788 ], [ -46.217782, -13.316794 ], [ -46.204631, -13.319865 ], [ -46.171877, -13.311838 ], [ -46.128854, -13.290269 ], [ -46.122497, -13.281966 ], [ -46.112214, -13.283845 ], [ -46.089242, -13.270297 ], [ -46.079242, -13.269368 ], [ -46.063442, -13.260852 ], [ -46.051797, -13.264002 ], [ -46.048861, -13.270832 ], [ -46.04174, -13.272237 ], [ -46.040704, -13.277182 ], [ -46.040837, -13.280038 ], [ -46.048051, -13.308762 ], [ -46.061278, -13.317862 ], [ -46.082988, -13.329943 ], [ -46.09466, -13.332047 ], [ -46.111998, -13.358239 ], [ -46.126019, -13.364042 ], [ -46.133602, -13.37479 ], [ -46.154323, -13.382903 ], [ -46.16999, -13.383518 ], [ -46.191362, -13.39018 ], [ -46.213939, -13.400276 ], [ -46.21799, -13.410134 ], [ -46.242888, -13.429822 ], [ -46.242298, -13.436718 ], [ -46.225331, -13.434028 ], [ -46.222077, -13.44793 ], [ -46.205993, -13.465194 ], [ -46.209466, -13.472332 ], [ -46.225355, -13.476488 ], [ -46.229828, -13.48099 ], [ -46.227912, -13.485083 ], [ -46.219882, -13.48732 ], [ -46.221518, -13.497194 ], [ -46.218165, -13.50007 ], [ -46.226378, -13.513131 ], [ -46.240907, -13.525091 ], [ -46.234241, -13.540497 ], [ -46.238263, -13.554146 ], [ -46.235076, -13.562471 ], [ -46.228073, -13.568521 ], [ -46.220161, -13.567833 ], [ -46.214043, -13.571812 ], [ -46.183906, -13.567132 ], [ -46.164352, -13.584027 ], [ -46.16154, -13.59049 ], [ -46.193275, -13.621355 ], [ -46.212779, -13.629544 ], [ -46.227989, -13.647164 ], [ -46.24252, -13.658542 ], [ -46.253353, -13.681828 ], [ -46.261109, -13.6886 ], [ -46.237966, -13.700187 ], [ -46.235089, -13.707722 ], [ -46.237484, -13.715797 ], [ -46.264274, -13.732887 ], [ -46.266467, -13.739886 ], [ -46.254828, -13.748285 ], [ -46.236743, -13.744389 ], [ -46.223902, -13.764944 ], [ -46.227207, -13.773761 ], [ -46.273326, -13.786762 ], [ -46.282024, -13.796051 ], [ -46.262157, -13.808138 ], [ -46.271344, -13.821468 ], [ -46.269138, -13.828414 ], [ -46.249276, -13.830283 ], [ -46.23529, -13.841053 ], [ -46.233237, -13.845176 ], [ -46.243437, -13.868187 ], [ -46.261742, -13.902176 ], [ -46.261819, -13.927746 ], [ -46.267708, -13.94332 ], [ -46.233021, -13.967136 ], [ -46.222023, -13.970719 ], [ -46.215857, -13.979447 ], [ -46.218442, -14.00204 ], [ -46.209581, -14.012409 ], [ -46.210164, -14.018852 ], [ -46.23171, -14.047378 ], [ -46.247991, -14.056096 ], [ -46.242439, -14.059475 ], [ -46.232331, -14.056078 ], [ -46.224779, -14.069182 ], [ -46.241562, -14.092269 ], [ -46.247326, -14.093432 ], [ -46.253056, -14.086613 ], [ -46.265357, -14.09752 ], [ -46.254438, -14.104458 ], [ -46.235967, -14.106797 ], [ -46.216435, -14.119569 ], [ -46.201766, -14.119185 ], [ -46.197436, -14.126087 ], [ -46.196858, -14.142758 ], [ -46.185218, -14.151415 ], [ -46.15088, -14.159981 ], [ -46.1333, -14.152796 ], [ -46.117716, -14.159923 ], [ -46.113129, -14.169456 ], [ -46.115714, -14.187387 ], [ -46.101243, -14.192348 ], [ -46.098017, -14.201935 ], [ -46.090961, -14.205239 ], [ -46.076635, -14.195057 ], [ -46.060737, -14.193929 ], [ -46.052173, -14.204399 ], [ -46.060603, -14.232081 ], [ -46.045884, -14.2441 ], [ -46.028884, -14.245602 ], [ -46.026129, -14.255946 ], [ -46.021515, -14.259952 ], [ -46.014545, -14.26041 ], [ -46.007025, -14.255567 ], [ -45.99563, -14.256782 ], [ -45.99138, -14.262357 ], [ -45.994875, -14.278464 ], [ -45.975603, -14.277093 ], [ -45.962845, -14.285463 ], [ -45.958739, -14.305791 ], [ -45.955812, -14.314468 ], [ -45.953626, -14.324914 ], [ -45.946046, -14.32987 ], [ -45.942245, -14.343331 ], [ -45.929661, -14.35016 ], [ -45.913162, -14.346755 ], [ -45.906876, -14.35279 ], [ -45.906544, -14.357608 ], [ -45.912405, -14.366085 ], [ -45.911713, -14.374528 ], [ -45.922093, -14.379698 ], [ -45.925683, -14.385752 ], [ -45.927215, -14.40987 ], [ -45.934924, -14.414895 ], [ -45.949517, -14.416397 ], [ -45.957412, -14.425396 ], [ -45.972275, -14.431595 ], [ -45.998409, -14.42894 ], [ -46.004352, -14.420662 ], [ -46.007069, -14.40688 ], [ -46.011821, -14.407409 ], [ -46.01691, -14.42026 ], [ -46.011603, -14.420818 ], [ -46.009661, -14.427079 ], [ -46.000409, -14.434092 ], [ -46.001103, -14.448311 ], [ -46.011829, -14.454174 ], [ -46.014519, -14.460397 ], [ -46.015964, -14.469007 ], [ -46.013068, -14.474808 ], [ -46.012839, -14.475266 ], [ -45.996792, -14.48702 ], [ -45.993243, -14.494947 ], [ -45.993748, -14.500198 ], [ -46.000936, -14.503882 ], [ -45.998441, -14.509273 ], [ -46.00385, -14.515363 ], [ -46.000626, -14.520673 ], [ -45.980349, -14.530028 ], [ -45.976659, -14.538395 ], [ -45.979301, -14.545698 ], [ -45.989772, -14.541492 ], [ -45.996215, -14.542529 ], [ -45.988718, -14.549856 ], [ -45.993465, -14.553302 ], [ -45.989161, -14.55608 ], [ -45.990691, -14.563256 ], [ -45.995382, -14.565699 ], [ -45.987576, -14.566437 ], [ -45.98488, -14.573113 ], [ -45.988939, -14.588683 ], [ -46.000603, -14.601159 ], [ -45.984408, -14.620366 ], [ -45.985046, -14.626072 ], [ -45.994808, -14.638776 ], [ -45.988574, -14.645296 ], [ -45.989326, -14.658742 ], [ -45.999873, -14.664196 ], [ -46.006825, -14.662991 ], [ -46.007881, -14.65705 ], [ -46.012134, -14.661412 ], [ -46.020558, -14.662905 ], [ -46.024242, -14.66469 ], [ -46.0221, -14.670509 ], [ -46.025463, -14.67757 ], [ -46.029156, -14.682957 ], [ -46.022329, -14.691778 ], [ -46.006073, -14.701194 ], [ -46.006106, -14.706236 ], [ -46.001464, -14.710817 ], [ -46.001366, -14.719834 ], [ -46.006543, -14.730768 ], [ -46.012491, -14.733392 ], [ -46.006994, -14.742673 ], [ -46.007494, -14.76179 ], [ -46.012632, -14.768923 ], [ -46.008854, -14.773892 ], [ -46.007575, -14.793632 ], [ -46.017435, -14.802911 ], [ -46.019827, -14.810356 ], [ -46.022909, -14.817572 ], [ -46.037773, -14.821827 ], [ -46.052401, -14.830924 ], [ -46.049273, -14.832717 ], [ -46.050798, -14.836623 ], [ -46.044877, -14.83812 ], [ -46.032207, -14.856221 ], [ -46.037149, -14.87421 ], [ -46.051703, -14.883644 ], [ -46.061915, -14.907544 ], [ -46.066877, -14.909329 ], [ -46.079097, -14.904549 ], [ -46.08441, -14.931574 ], [ -46.087715, -14.935946 ], [ -46.09779, -14.938536 ], [ -46.109966, -14.936569 ], [ -46.119873, -14.919612 ], [ -46.131907, -14.920929 ], [ -46.138322, -14.928049 ], [ -46.145321, -14.926069 ], [ -46.159043, -14.913362 ], [ -46.160994, -14.905727 ], [ -46.165987, -14.908004 ], [ -46.161127, -14.930602 ], [ -46.175123, -14.948979 ], [ -46.20538, -14.936717 ], [ -46.210876, -14.936519 ], [ -46.215298, -14.943079 ], [ -46.224041, -14.941285 ], [ -46.233275, -14.921082 ], [ -46.24696, -14.9219 ], [ -46.256581, -14.928467 ], [ -46.286437, -14.9277 ], [ -46.29174, -14.92133 ], [ -46.294242, -14.908167 ], [ -46.305684, -14.911107 ], [ -46.315052, -14.900147 ], [ -46.318908, -14.899993 ], [ -46.317739, -14.882813 ], [ -46.308461, -14.87712 ], [ -46.300044, -14.857633 ], [ -46.314045, -14.854039 ], [ -46.317008, -14.849002 ], [ -46.324489, -14.847342 ], [ -46.319833, -14.835862 ], [ -46.321772, -14.814135 ], [ -46.333909, -14.811763 ], [ -46.335967, -14.802836 ], [ -46.354579, -14.793756 ], [ -46.365355, -14.794961 ], [ -46.367521, -14.789175 ], [ -46.376554, -14.786118 ], [ -46.404103, -14.759886 ], [ -46.429206, -14.752256 ], [ -46.446933, -14.731232 ], [ -46.462711, -14.73073 ], [ -46.4686, -14.707773 ], [ -46.476133, -14.704653 ], [ -46.489586, -14.709554 ], [ -46.503016, -14.703632 ], [ -46.509295, -14.715632 ], [ -46.507081, -14.731705 ], [ -46.509852, -14.737816 ], [ -46.521966, -14.744656 ], [ -46.537013, -14.747267 ], [ -46.543762, -14.752568 ], [ -46.542798, -14.768229 ], [ -46.565464, -14.785929 ], [ -46.562989, -14.798528 ], [ -46.557282, -14.806554 ], [ -46.56005, -14.81457 ], [ -46.558076, -14.821709 ], [ -46.533465, -14.827826 ], [ -46.521126, -14.850734 ] ] ] } },
{ "type": "Feature", "properties": { "HREG_ID": "52008", "HREG_NAME": "Norte", "id": "520357", "name": "Bonópolis", "description": "Bonópolis", "MUN_ID": "520357", "UF": "GO", "MACRO_ID": "5209", "MACRO_NAME": "Macrorregião Centro-Norte" }, "geometry": { "type": "Polygon", "coordinates": [ [ [ -49.067071, -13.918175 ], [ -49.101355, -13.94166 ], [ -49.110076, -13.938582 ], [ -49.11427, -13.931421 ], [ -49.109554, -13.921176 ], [ -49.112442, -13.911934 ], [ -49.107888, -13.899598 ], [ -49.110496, -13.886092 ], [ -49.136884, -13.866978 ], [ -49.139935, -13.860187 ], [ -49.212135, -13.828118 ], [ -49.252299, -13.810261 ], [ -49.277352, -13.799116 ], [ -49.277581, -13.799014 ], [ -49.281546, -13.792341 ], [ -49.294523, -13.787265 ], [ -49.300466, -13.779646 ], [ -49.309739, -13.779469 ], [ -49.312639, -13.773117 ], [ -49.317915, -13.772938 ], [ -49.330631, -13.76451 ], [ -49.358446, -13.770487 ], [ -49.368743, -13.788165 ], [ -49.390194, -13.793235 ], [ -49.398791, -13.791323 ], [ -49.398997, -13.799484 ], [ -49.410966, -13.818335 ], [ -49.418687, -13.815795 ], [ -49.423054, -13.81997 ], [ -49.430083, -13.815341 ], [ -49.44205, -13.823491 ], [ -49.447911, -13.812795 ], [ -49.453195, -13.816596 ], [ -49.457551, -13.811332 ], [ -49.46619, -13.816955 ], [ -49.465916, -13.821303 ], [ -49.482056, -13.828458 ], [ -49.487634, -13.826732 ], [ -49.497751, -13.829708 ], [ -49.507104, -13.826375 ], [ -49.508498, -13.829908 ], [ -49.521548, -13.835796 ], [ -49.532414, -13.828827 ], [ -49.532414, -13.825388 ], [ -49.542889, -13.82004 ], [ -49.546803, -13.812067 ], [ -49.543826, -13.804179 ], [ -49.550604, -13.805629 ], [ -49.561442, -13.79332 ], [ -49.563857, -13.781078 ], [ -49.572582, -13.785245 ], [ -49.581025, -13.779448 ], [ -49.582583, -13.785614 ], [ -49.591386, -13.778272 ], [ -49.586107, -13.77284 ], [ -49.583524, -13.775912 ], [ -49.580083, -13.773562 ], [ -49.574444, -13.766492 ], [ -49.576272, -13.759241 ], [ -49.58, -13.758693 ], [ -49.583328, -13.762773 ], [ -49.592138, -13.764411 ], [ -49.594732, -13.761162 ], [ -49.590187, -13.757434 ], [ -49.594363, -13.749367 ], [ -49.591577, -13.742476 ], [ -49.597074, -13.739158 ], [ -49.60827, -13.746467 ], [ -49.606058, -13.753625 ], [ -49.61922, -13.754353 ], [ -49.622745, -13.749275 ], [ -49.628109, -13.74882 ], [ -49.62394, -13.746735 ], [ -49.627832, -13.738945 ], [ -49.638968, -13.739851 ], [ -49.648332, -13.73441 ], [ -49.651937, -13.724437 ], [ -49.65416, -13.726613 ], [ -49.656109, -13.723349 ], [ -49.663408, -13.726154 ], [ -49.662575, -13.729152 ], [ -49.6803, -13.730327 ], [ -49.681776, -13.736033 ], [ -49.679188, -13.738026 ], [ -49.682945, -13.748967 ], [ -49.694778, -13.744637 ], [ -49.695688, -13.750529 ], [ -49.699777, -13.752974 ], [ -49.705051, -13.746717 ], [ -49.708491, -13.747174 ], [ -49.715077, -13.742545 ], [ -49.713111, -13.735839 ], [ -49.718961, -13.733754 ], [ -49.71914, -13.727676 ], [ -49.729002, -13.721763 ], [ -49.733775, -13.717072 ], [ -49.74416, -13.720595 ], [ -49.744996, -13.716795 ], [ -49.761614, -13.722323 ], [ -49.765113, -13.729285 ], [ -49.769833, -13.722463 ], [ -49.776174, -13.722572 ], [ -49.776439, -13.727281 ], [ -49.788711, -13.722785 ], [ -49.793108, -13.720204 ], [ -49.790695, -13.718757 ], [ -49.795139, -13.709059 ], [ -49.801913, -13.710768 ], [ -49.807826, -13.703152 ], [ -49.813777, -13.706029 ], [ -49.817027, -13.707859 ], [ -49.819332, -13.701512 ], [ -49.812937, -13.701334 ], [ -49.812472, -13.696807 ], [ -49.825524, -13.687193 ], [ -49.827303, -13.694073 ], [ -49.830159, -13.693615 ], [ -49.834806, -13.685001 ], [ -49.83841, -13.685548 ], [ -49.836938, -13.691349 ], [ -49.840358, -13.691975 ], [ -49.843136, -13.699136 ], [ -49.848965, -13.694962 ], [ -49.854441, -13.695592 ], [ -49.85603, -13.6877 ], [ -49.875017, -13.695655 ], [ -49.875938, -13.690124 ], [ -49.884938, -13.694199 ], [ -49.898665, -13.686839 ], [ -49.899662, -13.682583 ], [ -49.90894, -13.680658 ], [ -49.91347, -13.684369 ], [ -49.911916, -13.686639 ], [ -49.91544, -13.687089 ], [ -49.914137, -13.689719 ], [ -49.917939, -13.690713 ], [ -49.921641, -13.685631 ], [ -49.925002, -13.686043 ], [ -49.928135, -13.685439 ], [ -49.930192, -13.693232 ], [ -49.934553, -13.696034 ], [ -49.943245, -13.692757 ], [ -49.95113, -13.695467 ], [ -49.948635, -13.703082 ], [ -49.95302, -13.706786 ], [ -49.957716, -13.701896 ], [ -49.962718, -13.702319 ], [ -49.962274, -13.713125 ], [ -49.956536, -13.725583 ], [ -49.959993, -13.743132 ], [ -49.949916, -13.752752 ], [ -49.941576, -13.752039 ], [ -49.935717, -13.747062 ], [ -49.924246, -13.753784 ], [ -49.92102, -13.772935 ], [ -49.925189, -13.781963 ], [ -49.931055, -13.786128 ], [ -49.927082, -13.79656 ], [ -49.940999, -13.798891 ], [ -49.941667, -13.813665 ], [ -49.955553, -13.811567 ], [ -49.957162, -13.816905 ], [ -49.940938, -13.823727 ], [ -49.938528, -13.827809 ], [ -49.941051, -13.834335 ], [ -49.958414, -13.846274 ], [ -49.962136, -13.861305 ], [ -49.960466, -13.867115 ], [ -49.974501, -13.882044 ], [ -49.964421, -13.896921 ], [ -49.951437, -13.908453 ], [ -49.950611, -13.913986 ], [ -49.94264, -13.91417 ], [ -49.938192, -13.920165 ], [ -49.923997, -13.928153 ], [ -49.919468, -13.937854 ], [ -49.925804, -13.950001 ], [ -49.924879, -13.96323 ], [ -49.937526, -13.978351 ], [ -49.940554, -14.010934 ], [ -49.950612, -14.021337 ], [ -50.002492, -14.016779 ], [ -50.061007, -14.01208 ], [ -50.158086, -14.00425 ], [ -50.158436, -14.004224 ], [ -50.285943, -13.994584 ], [ -50.301472, -13.985689 ], [ -50.325573, -13.983062 ], [ -50.342499, -13.967552 ], [ -50.355916, -13.9384 ], [ -50.36305, -13.931848 ], [ -50.367189, -13.911033 ], [ -50.385682, -13.877373 ], [ -50.372331, -13.852388 ], [ -50.424285, -13.822568 ], [ -50.43511, -13.802627 ], [ -50.439905, -13.774159 ], [ -50.458668, -13.757311 ], [ -50.484472, -13.748441 ], [ -50.482194, -13.744334 ], [ -50.466936, -13.738094 ], [ -50.466425, -13.73339 ], [ -50.464721, -13.729987 ], [ -50.470163, -13.723332 ], [ -50.466718, -13.716857 ], [ -50.471443, -13.717449 ], [ -50.472658, -13.706754 ], [ -50.467381, -13.69917 ], [ -50.460858, -13.700823 ], [ -50.458802, -13.693545 ], [ -50.464025, -13.683252 ], [ -50.476444, -13.676679 ], [ -50.473968, -13.665942 ], [ -50.461663, -13.661182 ], [ -50.459416, -13.65635 ], [ -50.462036, -13.649611 ], [ -50.465779, -13.64988 ], [ -50.460632, -13.638027 ], [ -50.470579, -13.627344 ], [ -50.467797, -13.619787 ], [ -50.460801, -13.62216 ], [ -50.459358, -13.619326 ], [ -50.458468, -13.60834 ], [ -50.464244, -13.603956 ], [ -50.452497, -13.602106 ], [ -50.456586, -13.593801 ], [ -50.458892, -13.594828 ], [ -50.457556, -13.588915 ], [ -50.463109, -13.582806 ], [ -50.463801, -13.570291 ], [ -50.467863, -13.564033 ], [ -50.49825, -13.551239 ], [ -50.513966, -13.520857 ], [ -50.526805, -13.51784 ], [ -50.530146, -13.509163 ], [ -50.541527, -13.505935 ], [ -50.527418, -13.494023 ], [ -50.517499, -13.472336 ], [ -50.517862, -13.463812 ], [ -50.527608, -13.463442 ], [ -50.531725, -13.45876 ], [ -50.540802, -13.460021 ], [ -50.544014, -13.452684 ], [ -50.539997, -13.444225 ], [ -50.545749, -13.44428 ], [ -50.549748, -13.434516 ], [ -50.55569, -13.430941 ], [ -50.554944, -13.421671 ], [ -50.570304, -13.415186 ], [ -50.572244, -13.406043 ], [ -50.580669, -13.407655 ], [ -50.593686, -13.403778 ], [ -50.59486, -13.397249 ], [ -50.586218, -13.388741 ], [ -50.576192, -13.390642 ], [ -50.574995, -13.388373 ], [ -50.589219, -13.37361 ], [ -50.587915, -13.365526 ], [ -50.607657, -13.352452 ], [ -50.607015, -13.345571 ], [ -50.611972, -13.337058 ], [ -50.611691, -13.316188 ], [ -50.606748, -13.310427 ], [ -50.604749, -13.273118 ], [ -50.601934, -13.268893 ], [ -50.587305, -13.24811 ], [ -50.584077, -13.214865 ], [ -50.586075, -13.212026 ], [ -50.602935, -13.196443 ], [ -50.601329, -13.180358 ], [ -50.594441, -13.169294 ], [ -50.598688, -13.143042 ], [ -50.589831, -13.109204 ], [ -50.59394, -13.09473 ], [ -50.601107, -13.089254 ], [ -50.603243, -13.078019 ], [ -50.611247, -13.063929 ], [ -50.60594, -13.056718 ], [ -50.576469, -13.050655 ], [ -50.568719, -13.038701 ], [ -50.571548, -13.032106 ], [ -50.587084, -13.02398 ], [ -50.59255, -13.002429 ], [ -50.578354, -12.997439 ], [ -50.564943, -13.003484 ], [ -50.556366, -13.002033 ], [ -50.542942, -12.983247 ], [ -50.525475, -12.975992 ], [ -50.525662, -12.939479 ], [ -50.516416, -12.920119 ], [ -50.513912, -12.900031 ], [ -50.501414, -12.882268 ], [ -50.501988, -12.872659 ], [ -50.510827, -12.860378 ], [ -50.495025, -12.8416 ], [ -50.490611, -12.82841 ], [ -50.493725, -12.818948 ], [ -50.490695, -12.813631 ], [ -50.484385, -12.811534 ], [ -50.493418, -12.785231 ], [ -50.48422, -12.775544 ], [ -50.475307, -12.771663 ], [ -50.477024, -12.759854 ], [ -50.468079, -12.754972 ], [ -50.471473, -12.751847 ], [ -50.482749, -12.752169 ], [ -50.485558, -12.748144 ], [ -50.481939, -12.738848 ], [ -50.467855, -12.735664 ], [ -50.465773, -12.731061 ], [ -50.467667, -12.720879 ], [ -50.478333, -12.715859 ], [ -50.47761, -12.709524 ], [ -50.463943, -12.703069 ], [ -50.461328, -12.693852 ], [ -50.439416, -12.697555 ], [ -50.432107, -12.68957 ], [ -50.436389, -12.677644 ], [ -50.431948, -12.668803 ], [ -50.43655, -12.660869 ], [ -50.427498, -12.65254 ], [ -50.432361, -12.649579 ], [ -50.438083, -12.657679 ], [ -50.440415, -12.652846 ], [ -50.426915, -12.642036 ], [ -50.41806, -12.651205 ], [ -50.412888, -12.649714 ], [ -50.411252, -12.64575 ], [ -50.418196, -12.624176 ], [ -50.406717, -12.614252 ], [ -50.392299, -12.613236 ], [ -50.390942, -12.606269 ], [ -50.39836, -12.60174 ], [ -50.386859, -12.589821 ], [ -50.381811, -12.576833 ], [ -50.370313, -12.575142 ], [ -50.366054, -12.57102 ], [ -50.369327, -12.559559 ], [ -50.366134, -12.554239 ], [ -50.358077, -12.553335 ], [ -50.365688, -12.547808 ], [ -50.359271, -12.541252 ], [ -50.345888, -12.542685 ], [ -50.346135, -12.533441 ], [ -50.330831, -12.535061 ], [ -50.334079, -12.519974 ], [ -50.329791, -12.514601 ], [ -50.31369, -12.521114 ], [ -50.312438, -12.516047 ], [ -50.318357, -12.508816 ], [ -50.324719, -12.50838 ], [ -50.307388, -12.493951 ], [ -50.289282, -12.487652 ], [ -50.280919, -12.478501 ], [ -50.274165, -12.481035 ], [ -50.26275, -12.477755 ], [ -50.253448, -12.461873 ], [ -50.229743, -12.45531 ], [ -50.222111, -12.445686 ], [ -50.207161, -12.448382 ], [ -50.207724, -12.442038 ], [ -50.215281, -12.440962 ], [ -50.211884, -12.436693 ], [ -50.19823, -12.431689 ], [ -50.183552, -12.431027 ], [ -50.186526, -12.423328 ], [ -50.197616, -12.419172 ], [ -50.196131, -12.412916 ], [ -50.188585, -12.413261 ], [ -50.188192, -12.420249 ], [ -50.184824, -12.422525 ], [ -50.174641, -12.423305 ], [ -50.170776, -12.419578 ], [ -50.171965, -12.408067 ], [ -50.142225, -12.395505 ], [ -50.157771, -12.411943 ], [ -50.159107, -12.430615 ], [ -50.164368, -12.436617 ], [ -50.179309, -12.439457 ], [ -50.1838, -12.454876 ], [ -50.196157, -12.458061 ], [ -50.204805, -12.465427 ], [ -50.204523, -12.476666 ], [ -50.214023, -12.481941 ], [ -50.217221, -12.488472 ], [ -50.219442, -12.517177 ], [ -50.228942, -12.533477 ], [ -50.222501, -12.543156 ], [ -50.213334, -12.547974 ], [ -50.211606, -12.561045 ], [ -50.205996, -12.561561 ], [ -50.205632, -12.553585 ], [ -50.203055, -12.553158 ], [ -50.197465, -12.555025 ], [ -50.192722, -12.563882 ], [ -50.203605, -12.563769 ], [ -50.207894, -12.572605 ], [ -50.226775, -12.586089 ], [ -50.231365, -12.584943 ], [ -50.234506, -12.577383 ], [ -50.237753, -12.579162 ], [ -50.245254, -12.596939 ], [ -50.236526, -12.623604 ], [ -50.248139, -12.630643 ], [ -50.254718, -12.624584 ], [ -50.256665, -12.634531 ], [ -50.261971, -12.637287 ], [ -50.259111, -12.645388 ], [ -50.269365, -12.654424 ], [ -50.263742, -12.663468 ], [ -50.27008, -12.67718 ], [ -50.266367, -12.682025 ], [ -50.272478, -12.682772 ], [ -50.277939, -12.677635 ], [ -50.280753, -12.68857 ], [ -50.28556, -12.681627 ], [ -50.290083, -12.682577 ], [ -50.292277, -12.688083 ], [ -50.294804, -12.675814 ], [ -50.299975, -12.68183 ], [ -50.296862, -12.691454 ], [ -50.293832, -12.695224 ], [ -50.295142, -12.704644 ], [ -50.299079, -12.705512 ], [ -50.296693, -12.710612 ], [ -50.283779, -12.717757 ], [ -50.288304, -12.73482 ], [ -50.297939, -12.73943 ], [ -50.296224, -12.742165 ], [ -50.301805, -12.745277 ], [ -50.295053, -12.753059 ], [ -50.306228, -12.766892 ], [ -50.303589, -12.785596 ], [ -50.30889, -12.788991 ], [ -50.310829, -12.79812 ], [ -50.305474, -12.805436 ], [ -50.30672, -12.819202 ], [ -50.304081, -12.821952 ], [ -50.301385, -12.819907 ], [ -50.301608, -12.823967 ], [ -50.294915, -12.828763 ], [ -50.292197, -12.83949 ], [ -50.286805, -12.836563 ], [ -50.284194, -12.843016 ], [ -50.282861, -12.840226 ], [ -50.275497, -12.843668 ], [ -50.271222, -12.84063 ], [ -50.261834, -12.844358 ], [ -50.263077, -12.847342 ], [ -50.250639, -12.849373 ], [ -50.250396, -12.85346 ], [ -50.241886, -12.852282 ], [ -50.23567, -12.857245 ], [ -50.231088, -12.853726 ], [ -50.231327, -12.858023 ], [ -50.224969, -12.861173 ], [ -50.224667, -12.87387 ], [ -50.212888, -12.877806 ], [ -50.210718, -12.875832 ], [ -50.204275, -12.88497 ], [ -50.199559, -12.883836 ], [ -50.195336, -12.890221 ], [ -50.182973, -12.896342 ], [ -50.180606, -12.891935 ], [ -50.176055, -12.891527 ], [ -50.17253, -12.896732 ], [ -50.160198, -12.893232 ], [ -50.149383, -12.902501 ], [ -50.126504, -12.904743 ], [ -50.109264, -12.910975 ], [ -50.103495, -12.907613 ], [ -50.078442, -12.90551 ], [ -50.070811, -12.917554 ], [ -50.049884, -12.922118 ], [ -50.044007, -12.933062 ], [ -50.038472, -12.934837 ], [ -50.017501, -12.928792 ], [ -50.002561, -12.933318 ], [ -49.989326, -12.945542 ], [ -49.978724, -12.93893 ], [ -49.952315, -12.959369 ], [ -49.938973, -12.956497 ], [ -49.911022, -12.966342 ], [ -49.908742, -12.973611 ], [ -49.896925, -12.980131 ], [ -49.79724, -13.035997 ], [ -49.607964, -13.142838 ], [ -49.529338, -13.187136 ], [ -49.431406, -13.240711 ], [ -49.36908, -13.274188 ], [ -49.339886, -13.253461 ], [ -49.339469, -13.234156 ], [ -49.348497, -13.213487 ], [ -49.344171, -13.203177 ], [ -49.34789, -13.189235 ], [ -49.344413, -13.17689 ], [ -49.354384, -13.153348 ], [ -49.352278, -13.143561 ], [ -49.341501, -13.126775 ], [ -49.344386, -13.116995 ], [ -49.353531, -13.110311 ], [ -49.353948, -13.102555 ], [ -49.337022, -13.065862 ], [ -49.321773, -13.051651 ], [ -49.300205, -13.022697 ], [ -49.283447, -12.991227 ], [ -49.278416, -12.988584 ], [ -49.275274, -12.980274 ], [ -49.279311, -12.976396 ], [ -49.278579, -12.968733 ], [ -49.267022, -12.944203 ], [ -49.262694, -12.939762 ], [ -49.257379, -12.941368 ], [ -49.256809, -12.934653 ], [ -49.252172, -12.931323 ], [ -49.246028, -12.91647 ], [ -49.249117, -12.902151 ], [ -49.234911, -12.893218 ], [ -49.236967, -12.883646 ], [ -49.231015, -12.883359 ], [ -49.228132, -12.877489 ], [ -49.222161, -12.876183 ], [ -49.210603, -12.87793 ], [ -49.208385, -12.873075 ], [ -49.19608, -12.866826 ], [ -49.192664, -12.856692 ], [ -49.16094, -12.834071 ], [ -49.150926, -12.82091 ], [ -49.145499, -12.819595 ], [ -49.140744, -12.809958 ], [ -49.1365, -12.800466 ], [ -49.120584, -12.789967 ], [ -49.105776, -12.835676 ], [ -49.096274, -12.835567 ], [ -49.082645, -12.845048 ], [ -49.067077, -12.846906 ], [ -49.071889, -12.852323 ], [ -49.070149, -12.859178 ], [ -49.073442, -12.86913 ], [ -49.084863, -12.878713 ], [ -49.080496, -12.883515 ], [ -49.08741, -12.887994 ], [ -49.087245, -12.891092 ], [ -49.082145, -12.892063 ], [ -49.084765, -12.894029 ], [ -49.077294, -12.90373 ], [ -49.053028, -12.908202 ], [ -49.049619, -12.912511 ], [ -49.033112, -12.903029 ], [ -49.022576, -12.906694 ], [ -49.02036, -12.911627 ], [ -49.009465, -12.916252 ], [ -49.00444, -12.932115 ], [ -48.979767, -12.947803 ], [ -48.975184, -12.956764 ], [ -48.879278, -12.817083 ], [ -48.874579, -12.814219 ], [ -48.868115, -12.815451 ], [ -48.873582, -12.806955 ], [ -48.86941, -12.803964 ], [ -48.862416, -12.804551 ], [ -48.862137, -12.809265 ], [ -48.857058, -12.80499 ], [ -48.846326, -12.809373 ], [ -48.847106, -12.817806 ], [ -48.84172, -12.830032 ], [ -48.844886, -12.840271 ], [ -48.841918, -12.843975 ], [ -48.830938, -12.84401 ], [ -48.830828, -12.841487 ], [ -48.825466, -12.845078 ], [ -48.820499, -12.843874 ], [ -48.81758, -12.853112 ], [ -48.81116, -12.859603 ], [ -48.814109, -12.863696 ], [ -48.804857, -12.866472 ], [ -48.805596, -12.86951 ], [ -48.799386, -12.872966 ], [ -48.799637, -12.876319 ], [ -48.794468, -12.876026 ], [ -48.790917, -12.883799 ], [ -48.786312, -12.884679 ], [ -48.785582, -12.880152 ], [ -48.7707, -12.894103 ], [ -48.762161, -12.905498 ], [ -48.754106, -12.907636 ], [ -48.748444, -12.91722 ], [ -48.736134, -12.920595 ], [ -48.733139, -12.929739 ], [ -48.738773, -12.945717 ], [ -48.737099, -12.949256 ], [ -48.730277, -12.961092 ], [ -48.733999, -12.975058 ], [ -48.730304, -12.989358 ], [ -48.724779, -12.990867 ], [ -48.717368, -13.001889 ], [ -48.71197, -12.999324 ], [ -48.707521, -13.004674 ], [ -48.701312, -12.997685 ], [ -48.692954, -12.996978 ], [ -48.690161, -13.002878 ], [ -48.686186, -13.002038 ], [ -48.68297, -12.993459 ], [ -48.674942, -12.99378 ], [ -48.667722, -13.003186 ], [ -48.663942, -13.001083 ], [ -48.656668, -13.005012 ], [ -48.656114, -13.012344 ], [ -48.647413, -13.010399 ], [ -48.639831, -13.013517 ], [ -48.63609, -13.020825 ], [ -48.638552, -13.025737 ], [ -48.636715, -13.034235 ], [ -48.627287, -13.051724 ], [ -48.619415, -13.051975 ], [ -48.609834, -13.05997 ], [ -48.603949, -13.058033 ], [ -48.600969, -13.060452 ], [ -48.602333, -13.077857 ], [ -48.596028, -13.078176 ], [ -48.595766, -13.088285 ], [ -48.588493, -13.099139 ], [ -48.59375, -13.101347 ], [ -48.595913, -13.106981 ], [ -48.585215, -13.105643 ], [ -48.580605, -13.113946 ], [ -48.582079, -13.117939 ], [ -48.577022, -13.123432 ], [ -48.577554, -13.127333 ], [ -48.581358, -13.127991 ], [ -48.581799, -13.141494 ], [ -48.588804, -13.144712 ], [ -48.590246, -13.150431 ], [ -48.596323, -13.152196 ], [ -48.592104, -13.158231 ], [ -48.586026, -13.158643 ], [ -48.586799, -13.166619 ], [ -48.578054, -13.172359 ], [ -48.583274, -13.180455 ], [ -48.57749, -13.187034 ], [ -48.580051, -13.190949 ], [ -48.579307, -13.206972 ], [ -48.583243, -13.210096 ], [ -48.58287, -13.221715 ], [ -48.593327, -13.235065 ], [ -48.600131, -13.238196 ], [ -48.597498, -13.246244 ], [ -48.587197, -13.254317 ], [ -48.591236, -13.255974 ], [ -48.589135, -13.263482 ], [ -48.597788, -13.283802 ], [ -48.600297, -13.292102 ], [ -48.596825, -13.302362 ], [ -48.58911, -13.308245 ], [ -48.585968, -13.317181 ], [ -48.577761, -13.314333 ], [ -48.567242, -13.311433 ], [ -48.553167, -13.301549 ], [ -48.553416, -13.28008 ], [ -48.5593, -13.273509 ], [ -48.55502, -13.263063 ], [ -48.555286, -13.238116 ], [ -48.549443, -13.230137 ], [ -48.55327, -13.224908 ], [ -48.554167, -13.204535 ], [ -48.54652, -13.195229 ], [ -48.529943, -13.192128 ], [ -48.529718, -13.184427 ], [ -48.520804, -13.166344 ], [ -48.521636, -13.140529 ], [ -48.508329, -13.128475 ], [ -48.506086, -13.133072 ], [ -48.494558, -13.136145 ], [ -48.487583, -13.142346 ], [ -48.480182, -13.141489 ], [ -48.479188, -13.13278 ], [ -48.475497, -13.134155 ], [ -48.469299, -13.149154 ], [ -48.468185, -13.161934 ], [ -48.471966, -13.165989 ], [ -48.471548, -13.172697 ], [ -48.477133, -13.178282 ], [ -48.474694, -13.191255 ], [ -48.477297, -13.196506 ], [ -48.472382, -13.20195 ], [ -48.471387, -13.211123 ], [ -48.474913, -13.215774 ], [ -48.472081, -13.222724 ], [ -48.474835, -13.2353 ], [ -48.470025, -13.235696 ], [ -48.467579, -13.243862 ], [ -48.456666, -13.248261 ], [ -48.460298, -13.24915 ], [ -48.460971, -13.25812 ], [ -48.456, -13.259227 ], [ -48.461465, -13.262739 ], [ -48.461165, -13.274254 ], [ -48.457132, -13.282421 ], [ -48.446417, -13.283299 ], [ -48.441271, -13.291935 ], [ -48.434779, -13.28843 ], [ -48.436414, -13.2838 ], [ -48.43039, -13.279752 ], [ -48.432104, -13.27494 ], [ -48.429414, -13.271147 ], [ -48.416274, -13.274287 ], [ -48.4068, -13.266986 ], [ -48.40147, -13.270005 ], [ -48.390723, -13.267517 ], [ -48.388, -13.260647 ], [ -48.385242, -13.26564 ], [ -48.378999, -13.255437 ], [ -48.373638, -13.25546 ], [ -48.370555, -13.249043 ], [ -48.357659, -13.242649 ], [ -48.350437, -13.241425 ], [ -48.341778, -13.249352 ], [ -48.336495, -13.24665 ], [ -48.343489, -13.241187 ], [ -48.340252, -13.236401 ], [ -48.341688, -13.227966 ], [ -48.328022, -13.2321 ], [ -48.317079, -13.229527 ], [ -48.316191, -13.234151 ], [ -48.309487, -13.234473 ], [ -48.305908, -13.233742 ], [ -48.310253, -13.231913 ], [ -48.306358, -13.228031 ], [ -48.308549, -13.226487 ], [ -48.292166, -13.219119 ], [ -48.292686, -13.214947 ], [ -48.288357, -13.21515 ], [ -48.287471, -13.203556 ], [ -48.284598, -13.205462 ], [ -48.280134, -13.199234 ], [ -48.276081, -13.199072 ], [ -48.279603, -13.206219 ], [ -48.268219, -13.202377 ], [ -48.264998, -13.204557 ], [ -48.262299, -13.196804 ], [ -48.250452, -13.196559 ], [ -48.24675, -13.191694 ], [ -48.242442, -13.186983 ], [ -48.245019, -13.184069 ], [ -48.238443, -13.180017 ], [ -48.231443, -13.167736 ], [ -48.224718, -13.173289 ], [ -48.216467, -13.168154 ], [ -48.211134, -13.173703 ], [ -48.193187, -13.172149 ], [ -48.196463, -13.16316 ], [ -48.185909, -13.156408 ], [ -48.190166, -13.154038 ], [ -48.183325, -13.155333 ], [ -48.173497, -13.14767 ], [ -48.164942, -13.157492 ], [ -48.162053, -13.153692 ], [ -48.157519, -13.156522 ], [ -48.146215, -13.151579 ], [ -48.144686, -13.15395 ], [ -48.155436, -13.165769 ], [ -48.15511, -13.174474 ], [ -48.163351, -13.182505 ], [ -48.16465, -13.196652 ], [ -48.162241, -13.206601 ], [ -48.152888, -13.219238 ], [ -48.168495, -13.239654 ], [ -48.168216, -13.243184 ], [ -48.15605, -13.249843 ], [ -48.153298, -13.278762 ], [ -48.16937, -13.298916 ], [ -48.171551, -13.310588 ], [ -48.164413, -13.332541 ], [ -48.169833, -13.368944 ], [ -48.148128, -13.37899 ], [ -48.143514, -13.413597 ], [ -48.148189, -13.423741 ], [ -48.146964, -13.438794 ], [ -48.160611, -13.448887 ], [ -48.172254, -13.446499 ], [ -48.177905, -13.421934 ], [ -48.186521, -13.420251 ], [ -48.192329, -13.443249 ], [ -48.18905, -13.453942 ], [ -48.198271, -13.468772 ], [ -48.196862, -13.473305 ], [ -48.191353, -13.478125 ], [ -48.176149, -13.481598 ], [ -48.165713, -13.476503 ], [ -48.161469, -13.478149 ], [ -48.15602, -13.486047 ], [ -48.154858, -13.497296 ], [ -48.14374, -13.503093 ], [ -48.131131, -13.504534 ], [ -48.131253, -13.522023 ], [ -48.14039, -13.540632 ], [ -48.140389, -13.547424 ], [ -48.134707, -13.548417 ], [ -48.121995, -13.539354 ], [ -48.107629, -13.539955 ], [ -48.093111, -13.547422 ], [ -48.091579, -13.553657 ], [ -48.109693, -13.568243 ], [ -48.110868, -13.617224 ], [ -48.117663, -13.619261 ], [ -48.11922, -13.627092 ], [ -48.121878, -13.634178 ], [ -48.132881, -13.641056 ], [ -48.142938, -13.655062 ], [ -48.146323, -13.668421 ], [ -48.141069, -13.689363 ], [ -48.145826, -13.706716 ], [ -48.136999, -13.731941 ], [ -48.137048, -13.750975 ], [ -48.154398, -13.773024 ], [ -48.16944, -13.7713 ], [ -48.179746, -13.7825 ], [ -48.187278, -13.780986 ], [ -48.194936, -13.788527 ], [ -48.196188, -13.802493 ], [ -48.204911, -13.808629 ], [ -48.208967, -13.821438 ], [ -48.215623, -13.828475 ], [ -48.230131, -13.83651 ], [ -48.241274, -13.854436 ], [ -48.247433, -13.857512 ], [ -48.275912, -13.83918 ], [ -48.280736, -13.831915 ], [ -48.301218, -13.832757 ], [ -48.316855, -13.845573 ], [ -48.332146, -13.835845 ], [ -48.338855, -13.844264 ], [ -48.335514, -13.851393 ], [ -48.345441, -13.862208 ], [ -48.338498, -13.873793 ], [ -48.340047, -13.88758 ], [ -48.325803, -13.904313 ], [ -48.323887, -13.914252 ], [ -48.326466, -13.927241 ], [ -48.317139, -13.938061 ], [ -48.317769, -13.94441 ], [ -48.323604, -13.951026 ], [ -48.321822, -13.968928 ], [ -48.316189, -13.974468 ], [ -48.318022, -13.976752 ], [ -48.326364, -13.974988 ], [ -48.341544, -13.971483 ], [ -48.35902, -13.975087 ], [ -48.388908, -13.999984 ], [ -48.404246, -14.005356 ], [ -48.423741, -14.010307 ], [ -48.427135, -14.018928 ], [ -48.433519, -14.022494 ], [ -48.446163, -14.013493 ], [ -48.471463, -14.017949 ], [ -48.473967, -14.022398 ], [ -48.472409, -14.034442 ], [ -48.480885, -14.041183 ], [ -48.484359, -14.062847 ], [ -48.496852, -14.066335 ], [ -48.503358, -14.072007 ], [ -48.503319, -14.075625 ], [ -48.49363, -14.080907 ], [ -48.498046, -14.089446 ], [ -48.498912, -14.103937 ], [ -48.502994, -14.109203 ], [ -48.508944, -14.110609 ], [ -48.524046, -14.124744 ], [ -48.528692, -14.124508 ], [ -48.540359, -14.113898 ], [ -48.548437, -14.126718 ], [ -48.563438, -14.130793 ], [ -48.576052, -14.144408 ], [ -48.579021, -14.157241 ], [ -48.584183, -14.163885 ], [ -48.59569, -14.165855 ], [ -48.598821, -14.169319 ], [ -48.600354, -14.176655 ], [ -48.596331, -14.181795 ], [ -48.598526, -14.185339 ], [ -48.608075, -14.18476 ], [ -48.616662, -14.178572 ], [ -48.623606, -14.182057 ], [ -48.63161, -14.176581 ], [ -48.672497, -14.171122 ], [ -48.685325, -14.16413 ], [ -48.687635, -14.152917 ], [ -48.691082, -14.15049 ], [ -48.697934, -14.150713 ], [ -48.701328, -14.157703 ], [ -48.70672, -14.160181 ], [ -48.719689, -14.14659 ], [ -48.718271, -14.133356 ], [ -48.722693, -14.127076 ], [ -48.718998, -14.123663 ], [ -48.712938, -14.126346 ], [ -48.708323, -14.123702 ], [ -48.7021, -14.106825 ], [ -48.706053, -14.099329 ], [ -48.704409, -14.094341 ], [ -48.713052, -14.092306 ], [ -48.716717, -14.086713 ], [ -48.711664, -14.076625 ], [ -48.721111, -14.044634 ], [ -48.719382, -14.041809 ], [ -48.723108, -14.038388 ], [ -48.717829, -14.038095 ], [ -48.718413, -14.033194 ], [ -48.712991, -14.025021 ], [ -48.720296, -14.012474 ], [ -48.719859, -14.006044 ], [ -48.730159, -14.000641 ], [ -48.733883, -13.992057 ], [ -48.72777, -13.959281 ], [ -48.729878, -13.955322 ], [ -48.738241, -13.955546 ], [ -48.733828, -13.947671 ], [ -48.734773, -13.941601 ], [ -48.749574, -13.93458 ], [ -48.759379, -13.924463 ], [ -48.768635, -13.913565 ], [ -48.772158, -13.887391 ], [ -48.7795, -13.877346 ], [ -48.769575, -13.859023 ], [ -48.767524, -13.843643 ], [ -48.784049, -13.817498 ], [ -48.772942, -13.81033 ], [ -48.774407, -13.805082 ], [ -48.765138, -13.804751 ], [ -48.766914, -13.799329 ], [ -48.763522, -13.796639 ], [ -48.757166, -13.798898 ], [ -48.750409, -13.796603 ], [ -48.746391, -13.787289 ], [ -48.738408, -13.787234 ], [ -48.738194, -13.783692 ], [ -48.726467, -13.774507 ], [ -48.724188, -13.761491 ], [ -48.716994, -13.752747 ], [ -48.718106, -13.748134 ], [ -48.720747, -13.751173 ], [ -48.720718, -13.747542 ], [ -48.706912, -13.718259 ], [ -48.707075, -13.706936 ], [ -48.697794, -13.708755 ], [ -48.689202, -13.701678 ], [ -48.678276, -13.69409 ], [ -48.672079, -13.683451 ], [ -48.667216, -13.684635 ], [ -48.66172, -13.67048 ], [ -48.656937, -13.65632 ], [ -48.660881, -13.643775 ], [ -48.668656, -13.640904 ], [ -48.696193, -13.641825 ], [ -48.701264, -13.638507 ], [ -48.715913, -13.644966 ], [ -48.726465, -13.668105 ], [ -48.748578, -13.683567 ], [ -48.758859, -13.688155 ], [ -48.76825, -13.699487 ], [ -48.778541, -13.703573 ], [ -48.787582, -13.710064 ], [ -48.782295, -13.730315 ], [ -48.784965, -13.743068 ], [ -48.805383, -13.77146 ], [ -48.789796, -13.780821 ], [ -48.78866, -13.786985 ], [ -48.780851, -13.793296 ], [ -48.780112, -13.798729 ], [ -48.785955, -13.80946 ], [ -48.79219, -13.814456 ], [ -48.802384, -13.814985 ], [ -48.809411, -13.823097 ], [ -48.835996, -13.832876 ], [ -48.846303, -13.84731 ], [ -48.855215, -13.855427 ], [ -48.860767, -13.85572 ], [ -48.868915, -13.864458 ], [ -48.864793, -13.883528 ], [ -48.868128, -13.905485 ], [ -48.885103, -13.920791 ], [ -48.886605, -13.92385 ], [ -48.880948, -13.9332 ], [ -48.919466, -13.941721 ], [ -48.93436, -13.936146 ], [ -48.937137, -13.930198 ], [ -48.942941, -13.928932 ], [ -48.958051, -13.914099 ], [ -48.967494, -13.910251 ], [ -48.970212, -13.903937 ], [ -48.986578, -13.908461 ], [ -48.9925, -13.904287 ], [ -48.99974, -13.905388 ], [ -49.007934, -13.896592 ], [ -49.013416, -13.898686 ], [ -49.021495, -13.895159 ], [ -49.023437, -13.889608 ], [ -49.067071, -13.918175 ] ] ] } },
{ "type": "Feature", "properties": { "HREG_ID": "52009", "HREG_NAME": "Oeste I", "id": "520090", "name": "Amorinópolis", "description": "Amorinópolis", "MUN_ID": "520090", "UF": "GO", "MACRO_ID": "5208", "MACRO_NAME": "Macrorregião Centro-Oeste" }, "geometry": { "type": "Polygon", "coordinates": [ [ [ -51.235049, -16.739321 ], [ -51.24372, -16.765752 ], [ -51.248807, -16.768859 ], [ -51.256472, -16.78312 ], [ -51.262971, -16.779333 ], [ -51.277266, -16.784269 ], [ -51.296688, -16.783156 ], [ -51.295629, -16.786965 ], [ -51.301575, -16.78507 ], [ -51.303835, -16.792066 ], [ -51.317853, -16.793564 ], [ -51.318315, -16.798004 ], [ -51.318371, -16.799033 ], [ -51.325719, -16.804111 ], [ -51.33678, -16.799785 ], [ -51.348329, -16.801994 ], [ -51.348804, -16.809615 ], [ -51.356884, -16.810272 ], [ -51.362492, -16.826803 ], [ -51.36733, -16.819101 ], [ -51.372499, -16.821748 ], [ -51.374578, -16.817939 ], [ -51.382889, -16.815973 ], [ -51.383602, -16.819326 ], [ -51.396058, -16.819265 ], [ -51.399797, -16.82554 ], [ -51.407996, -16.822928 ], [ -51.415995, -16.827391 ], [ -51.412971, -16.836723 ], [ -51.41841, -16.843002 ], [ -51.416331, -16.846988 ], [ -51.419047, -16.849347 ], [ -51.418194, -16.85271 ], [ -51.413778, -16.852613 ], [ -51.416772, -16.855247 ], [ -51.433195, -16.8552 ], [ -51.43561, -16.859194 ], [ -51.437697, -16.856847 ], [ -51.444743, -16.864571 ], [ -51.454832, -16.86387 ], [ -51.457598, -16.871125 ], [ -51.461778, -16.875039 ], [ -51.469021, -16.872336 ], [ -51.473276, -16.877241 ], [ -51.478271, -16.876165 ], [ -51.483928, -16.888862 ], [ -51.498497, -16.888276 ], [ -51.503114, -16.883554 ], [ -51.51439, -16.891768 ], [ -51.518632, -16.889526 ], [ -51.52719, -16.893274 ], [ -51.527859, -16.888289 ], [ -51.532466, -16.891035 ], [ -51.53825, -16.885887 ], [ -51.538412, -16.890695 ], [ -51.545475, -16.889729 ], [ -51.548388, -16.893274 ], [ -51.55555, -16.890034 ], [ -51.561251, -16.878823 ], [ -51.567637, -16.882201 ], [ -51.576082, -16.873713 ], [ -51.579441, -16.877345 ], [ -51.587719, -16.87729 ], [ -51.591273, -16.883472 ], [ -51.609244, -16.888083 ], [ -51.63258, -16.924806 ], [ -51.637469, -16.926873 ], [ -51.648668, -16.925864 ], [ -51.656994, -16.919821 ], [ -51.650751, -16.900211 ], [ -51.657278, -16.897503 ], [ -51.658827, -16.880834 ], [ -51.655694, -16.866945 ], [ -51.663722, -16.852657 ], [ -51.663306, -16.843119 ], [ -51.668882, -16.842223 ], [ -51.669552, -16.838967 ], [ -51.66158, -16.831134 ], [ -51.661416, -16.822335 ], [ -51.653802, -16.82186 ], [ -51.653384, -16.807616 ], [ -51.659141, -16.803466 ], [ -51.658221, -16.794939 ], [ -51.640855, -16.780274 ], [ -51.633782, -16.767842 ], [ -51.632864, -16.758023 ], [ -51.618383, -16.756249 ], [ -51.613748, -16.75877 ], [ -51.613297, -16.755134 ], [ -51.601998, -16.755455 ], [ -51.587578, -16.739349 ], [ -51.590493, -16.737822 ], [ -51.588248, -16.733358 ], [ -51.597519, -16.723603 ], [ -51.596286, -16.707405 ], [ -51.597798, -16.701481 ], [ -51.601549, -16.699987 ], [ -51.609605, -16.693718 ], [ -51.608587, -16.688914 ], [ -51.614526, -16.683308 ], [ -51.605804, -16.681193 ], [ -51.60436, -16.668407 ], [ -51.576133, -16.661483 ], [ -51.57237, -16.656488 ], [ -51.580826, -16.647447 ], [ -51.580808, -16.632119 ], [ -51.588426, -16.625905 ], [ -51.592748, -16.606594 ], [ -51.601805, -16.601913 ], [ -51.607385, -16.596677 ], [ -51.619692, -16.598986 ], [ -51.632104, -16.594865 ], [ -51.638883, -16.597706 ], [ -51.654217, -16.59676 ], [ -51.657854, -16.601028 ], [ -51.668609, -16.598629 ], [ -51.673632, -16.607624 ], [ -51.671634, -16.613512 ], [ -51.674353, -16.619416 ], [ -51.683749, -16.620902 ], [ -51.675356, -16.625224 ], [ -51.674386, -16.636468 ], [ -51.68152, -16.637765 ], [ -51.688964, -16.63298 ], [ -51.695636, -16.639449 ], [ -51.707074, -16.643026 ], [ -51.71747, -16.633533 ], [ -51.720868, -16.634048 ], [ -51.742916, -16.621103 ], [ -51.743333, -16.609508 ], [ -51.747385, -16.60688 ], [ -51.748633, -16.599447 ], [ -51.76484, -16.601847 ], [ -51.796915, -16.619099 ], [ -51.807224, -16.629648 ], [ -51.813909, -16.63148 ], [ -51.821447, -16.628877 ], [ -51.837278, -16.644703 ], [ -51.867581, -16.657738 ], [ -51.875245, -16.655598 ], [ -51.876608, -16.646716 ], [ -51.887613, -16.645744 ], [ -51.899023, -16.633713 ], [ -51.908996, -16.636272 ], [ -51.909166, -16.643072 ], [ -51.917523, -16.650445 ], [ -51.92714, -16.639948 ], [ -51.935223, -16.642322 ], [ -51.938054, -16.634529 ], [ -51.947019, -16.637425 ], [ -51.948332, -16.633105 ], [ -51.954055, -16.632573 ], [ -51.960582, -16.624248 ], [ -51.968827, -16.625347 ], [ -51.971629, -16.628786 ], [ -51.975522, -16.626995 ], [ -51.987893, -16.601083 ], [ -52.001665, -16.592389 ], [ -51.995831, -16.582149 ], [ -52.001998, -16.574638 ], [ -52.002555, -16.567843 ], [ -52.01553, -16.568372 ], [ -52.014579, -16.561585 ], [ -52.018248, -16.558847 ], [ -52.018731, -16.552564 ], [ -52.021882, -16.550363 ], [ -52.023862, -16.545989 ], [ -52.029496, -16.544795 ], [ -52.044131, -16.54632 ], [ -52.046962, -16.545229 ], [ -52.04355, -16.538158 ], [ -52.052799, -16.505092 ], [ -52.048695, -16.497902 ], [ -52.051581, -16.491062 ], [ -52.07436, -16.485418 ], [ -52.088306, -16.473155 ], [ -52.097693, -16.472885 ], [ -52.106085, -16.477688 ], [ -52.110838, -16.472019 ], [ -52.12136, -16.471863 ], [ -52.129305, -16.468055 ], [ -52.137141, -16.472654 ], [ -52.155537, -16.468949 ], [ -52.170307, -16.477518 ], [ -52.174582, -16.472948 ], [ -52.176204, -16.461397 ], [ -52.181882, -16.465414 ], [ -52.193735, -16.46574 ], [ -52.211605, -16.503175 ], [ -52.210326, -16.507984 ], [ -52.232221, -16.53836 ], [ -52.244415, -16.563614 ], [ -52.244829, -16.579012 ], [ -52.259253, -16.598213 ], [ -52.285726, -16.582079 ], [ -52.292003, -16.583965 ], [ -52.309473, -16.57831 ], [ -52.31094, -16.572142 ], [ -52.319026, -16.56705 ], [ -52.324078, -16.566666 ], [ -52.326827, -16.573914 ], [ -52.330197, -16.564483 ], [ -52.335166, -16.562923 ], [ -52.332689, -16.552605 ], [ -52.339333, -16.544708 ], [ -52.348327, -16.544772 ], [ -52.364601, -16.535807 ], [ -52.374717, -16.537272 ], [ -52.387139, -16.546377 ], [ -52.40669, -16.554466 ], [ -52.412135, -16.55328 ], [ -52.416808, -16.542123 ], [ -52.429991, -16.545434 ], [ -52.429189, -16.538908 ], [ -52.434327, -16.536175 ], [ -52.441605, -16.545481 ], [ -52.453467, -16.552594 ], [ -52.456593, -16.557301 ], [ -52.464853, -16.559717 ], [ -52.477967, -16.554963 ], [ -52.481859, -16.561651 ], [ -52.491246, -16.563154 ], [ -52.504108, -16.550031 ], [ -52.508134, -16.54071 ], [ -52.511053, -16.54007 ], [ -52.515639, -16.548033 ], [ -52.536956, -16.549069 ], [ -52.547581, -16.551547 ], [ -52.550749, -16.543394 ], [ -52.562863, -16.547282 ], [ -52.580336, -16.535944 ], [ -52.570647, -16.529797 ], [ -52.564084, -16.517575 ], [ -52.589697, -16.523984 ], [ -52.588032, -16.532682 ], [ -52.590756, -16.534669 ], [ -52.599111, -16.532754 ], [ -52.607461, -16.517913 ], [ -52.61005, -16.512375 ], [ -52.628949, -16.517333 ], [ -52.634745, -16.512167 ], [ -52.637079, -16.502472 ], [ -52.632105, -16.499944 ], [ -52.615216, -16.503944 ], [ -52.605023, -16.485761 ], [ -52.605967, -16.475712 ], [ -52.612829, -16.469559 ], [ -52.603914, -16.464216 ], [ -52.612003, -16.457799 ], [ -52.620256, -16.464414 ], [ -52.620918, -16.45663 ], [ -52.615667, -16.449748 ], [ -52.619867, -16.445394 ], [ -52.638083, -16.43664 ], [ -52.644664, -16.425788 ], [ -52.640638, -16.416283 ], [ -52.64297, -16.412298 ], [ -52.650029, -16.408231 ], [ -52.676163, -16.411865 ], [ -52.687916, -16.395859 ], [ -52.687053, -16.390784 ], [ -52.679387, -16.38771 ], [ -52.677145, -16.379736 ], [ -52.692502, -16.367896 ], [ -52.689246, -16.356402 ], [ -52.692721, -16.350705 ], [ -52.681829, -16.343091 ], [ -52.685224, -16.328069 ], [ -52.681195, -16.320646 ], [ -52.686445, -16.315041 ], [ -52.681672, -16.303624 ], [ -52.676445, -16.301823 ], [ -52.673169, -16.293672 ], [ -52.661928, -16.283269 ], [ -52.652831, -16.279539 ], [ -52.647301, -16.28497 ], [ -52.63701, -16.283151 ], [ -52.623028, -16.286935 ], [ -52.610321, -16.271922 ], [ -52.589855, -16.26925 ], [ -52.585663, -16.266542 ], [ -52.580441, -16.251149 ], [ -52.575944, -16.24951 ], [ -52.561859, -16.264611 ], [ -52.552975, -16.265327 ], [ -52.547206, -16.261939 ], [ -52.545861, -16.258078 ], [ -52.567914, -16.234477 ], [ -52.569221, -16.228414 ], [ -52.566227, -16.224617 ], [ -52.547504, -16.224589 ], [ -52.544578, -16.222689 ], [ -52.545697, -16.21919 ], [ -52.549767, -16.188711 ], [ -52.543142, -16.180326 ], [ -52.548137, -16.164676 ], [ -52.526612, -16.155773 ], [ -52.525054, -16.140115 ], [ -52.51604, -16.134507 ], [ -52.513054, -16.133489 ], [ -52.500247, -16.142261 ], [ -52.491583, -16.137766 ], [ -52.488003, -16.130304 ], [ -52.476499, -16.125951 ], [ -52.470548, -16.126168 ], [ -52.457942, -16.127055 ], [ -52.437025, -16.109665 ], [ -52.397363, -16.093002 ], [ -52.374638, -16.097953 ], [ -52.370011, -16.094758 ], [ -52.367105, -16.084028 ], [ -52.360554, -16.081524 ], [ -52.349781, -16.083504 ], [ -52.327609, -16.070162 ], [ -52.324249, -16.049567 ], [ -52.320357, -16.045452 ], [ -52.322887, -16.037143 ], [ -52.314941, -16.027378 ], [ -52.310002, -16.006959 ], [ -52.289657, -15.98492 ], [ -52.288586, -15.965659 ], [ -52.264831, -15.946538 ], [ -52.263668, -15.93694 ], [ -52.257951, -15.932658 ], [ -52.250997, -15.90801 ], [ -52.252161, -15.892221 ], [ -52.2353, -15.888531 ], [ -52.216525, -15.890702 ], [ -52.190669, -15.881331 ], [ -52.17283, -15.887959 ], [ -52.153771, -15.888612 ], [ -52.128056, -15.894515 ], [ -52.106989, -15.881842 ], [ -52.096834, -15.888216 ], [ -52.091331, -15.882206 ], [ -52.078775, -15.880026 ], [ -52.057633, -15.886974 ], [ -52.010839, -15.885789 ], [ -51.995877, -15.872643 ], [ -51.982806, -15.843543 ], [ -51.972207, -15.83741 ], [ -51.95933, -15.839818 ], [ -51.953664, -15.837223 ], [ -51.956083, -15.822161 ], [ -51.948356, -15.809947 ], [ -51.911555, -15.813132 ], [ -51.889774, -15.831554 ], [ -51.879135, -15.824954 ], [ -51.873382, -15.799817 ], [ -51.858922, -15.788753 ], [ -51.846977, -15.769092 ], [ -51.829131, -15.739738 ], [ -51.824977, -15.735014 ], [ -51.802756, -15.72253 ], [ -51.804119, -15.712828 ], [ -51.768781, -15.656154 ], [ -51.757339, -15.635508 ], [ -51.753214, -15.609736 ], [ -51.777168, -15.553816 ], [ -51.777079, -15.538559 ], [ -51.770941, -15.531986 ], [ -51.761385, -15.531203 ], [ -51.751221, -15.554673 ], [ -51.741638, -15.556345 ], [ -51.727245, -15.550352 ], [ -51.725525, -15.542173 ], [ -51.733817, -15.52979 ], [ -51.734994, -15.510429 ], [ -51.725496, -15.502034 ], [ -51.704204, -15.496258 ], [ -51.698317, -15.484524 ], [ -51.678192, -15.495981 ], [ -51.647523, -15.506999 ], [ -51.635218, -15.524271 ], [ -51.634022, -15.535157 ], [ -51.637971, -15.535372 ], [ -51.6355, -15.538986 ], [ -51.643909, -15.554393 ], [ -51.64908, -15.5547 ], [ -51.65053, -15.560885 ], [ -51.640162, -15.556818 ], [ -51.644238, -15.562744 ], [ -51.641106, -15.566455 ], [ -51.640576, -15.563089 ], [ -51.632148, -15.561424 ], [ -51.631359, -15.569215 ], [ -51.622608, -15.573699 ], [ -51.613443, -15.586721 ], [ -51.607524, -15.585591 ], [ -51.596209, -15.576006 ], [ -51.588831, -15.582289 ], [ -51.59328, -15.588677 ], [ -51.588994, -15.595276 ], [ -51.590161, -15.604918 ], [ -51.585754, -15.607073 ], [ -51.586165, -15.600438 ], [ -51.58083, -15.597408 ], [ -51.575498, -15.612358 ], [ -51.581468, -15.616127 ], [ -51.576725, -15.623173 ], [ -51.582612, -15.627672 ], [ -51.580223, -15.634013 ], [ -51.5725, -15.637233 ], [ -51.578138, -15.647805 ], [ -51.562082, -15.651334 ], [ -51.568048, -15.668999 ], [ -51.558028, -15.681013 ], [ -51.561859, -15.682944 ], [ -51.568942, -15.677904 ], [ -51.568335, -15.681987 ], [ -51.575634, -15.686031 ], [ -51.574255, -15.703922 ], [ -51.564716, -15.703675 ], [ -51.560277, -15.708366 ], [ -51.531889, -15.718348 ], [ -51.527224, -15.726678 ], [ -51.533997, -15.73844 ], [ -51.532779, -15.75042 ], [ -51.54589, -15.75369 ], [ -51.536713, -15.756714 ], [ -51.536803, -15.765617 ], [ -51.542468, -15.772652 ], [ -51.540305, -15.776266 ], [ -51.534363, -15.780681 ], [ -51.533056, -15.777675 ], [ -51.5373, -15.772532 ], [ -51.531687, -15.773486 ], [ -51.527667, -15.770284 ], [ -51.520472, -15.781858 ], [ -51.531781, -15.786566 ], [ -51.528056, -15.795173 ], [ -51.531223, -15.799553 ], [ -51.531106, -15.812174 ], [ -51.526555, -15.808152 ], [ -51.521667, -15.811662 ], [ -51.498464, -15.809732 ], [ -51.481751, -15.819248 ], [ -51.484718, -15.824032 ], [ -51.471061, -15.828407 ], [ -51.462471, -15.853112 ], [ -51.443618, -15.850716 ], [ -51.437943, -15.8443 ], [ -51.436384, -15.850981 ], [ -51.433491, -15.845658 ], [ -51.428136, -15.846983 ], [ -51.430636, -15.851573 ], [ -51.421306, -15.857528 ], [ -51.4255, -15.859078 ], [ -51.431918, -15.877006 ], [ -51.419558, -15.876092 ], [ -51.424467, -15.882191 ], [ -51.415884, -15.883812 ], [ -51.40536, -15.893187 ], [ -51.405244, -15.897817 ], [ -51.399806, -15.897327 ], [ -51.403773, -15.904038 ], [ -51.400913, -15.906425 ], [ -51.394693, -15.903741 ], [ -51.395115, -15.909923 ], [ -51.39061, -15.90583 ], [ -51.387194, -15.907198 ], [ -51.386611, -15.900923 ], [ -51.38155, -15.899995 ], [ -51.381165, -15.905337 ], [ -51.387416, -15.910109 ], [ -51.383824, -15.914841 ], [ -51.385715, -15.921779 ], [ -51.379135, -15.922981 ], [ -51.371968, -15.935166 ], [ -51.356669, -15.938467 ], [ -51.345722, -15.928209 ], [ -51.329134, -15.926408 ], [ -51.327383, -15.933498 ], [ -51.321938, -15.937638 ], [ -51.316943, -15.934616 ], [ -51.313721, -15.940264 ], [ -51.309611, -15.936076 ], [ -51.311441, -15.948551 ], [ -51.30353, -15.946556 ], [ -51.303994, -15.956657 ], [ -51.299943, -15.959169 ], [ -51.292641, -15.954825 ], [ -51.282799, -15.957871 ], [ -51.266466, -15.973997 ], [ -51.256972, -15.968941 ], [ -51.257359, -15.962171 ], [ -51.251886, -15.960685 ], [ -51.240855, -15.947724 ], [ -51.233612, -15.944561 ], [ -51.229242, -15.947175 ], [ -51.221061, -15.940822 ], [ -51.21915, -15.94476 ], [ -51.211301, -15.944942 ], [ -51.203777, -15.963542 ], [ -51.195299, -15.965157 ], [ -51.17805, -15.953401 ], [ -51.15905, -15.959391 ], [ -51.150992, -15.951493 ], [ -51.143523, -15.96138 ], [ -51.137106, -15.959407 ], [ -51.131604, -15.965897 ], [ -51.118342, -15.961197 ], [ -51.109798, -15.963376 ], [ -51.103634, -15.970397 ], [ -51.091269, -15.968922 ], [ -51.086553, -15.977787 ], [ -51.07922, -15.978339 ], [ -51.067692, -15.967438 ], [ -51.063163, -15.968595 ], [ -51.057775, -15.976727 ], [ -51.051612, -15.97594 ], [ -51.042107, -15.981896 ], [ -51.033195, -15.988098 ], [ -51.029363, -15.998354 ], [ -51.018911, -16.000533 ], [ -51.011882, -16.012015 ], [ -51.005808, -16.01469 ], [ -51.007048, -16.0184 ], [ -50.998771, -16.018962 ], [ -50.993824, -16.026639 ], [ -50.983667, -16.02905 ], [ -50.978029, -16.019123 ], [ -50.96926, -16.015814 ], [ -50.956189, -16.015357 ], [ -50.953273, -16.020128 ], [ -50.938077, -16.021491 ], [ -50.921614, -16.050835 ], [ -50.908789, -16.052445 ], [ -50.885081, -16.043472 ], [ -50.87994, -16.033127 ], [ -50.882326, -16.022648 ], [ -50.871603, -16.010508 ], [ -50.851998, -16.013984 ], [ -50.839296, -16.009944 ], [ -50.828359, -16.012989 ], [ -50.813803, -16.023188 ], [ -50.796251, -15.99946 ], [ -50.794882, -15.99554 ], [ -50.783446, -15.995515 ], [ -50.779799, -15.967725 ], [ -50.782266, -15.956278 ], [ -50.793681, -15.943079 ], [ -50.789028, -15.940761 ], [ -50.78302, -15.943145 ], [ -50.773055, -15.939043 ], [ -50.77291, -15.924149 ], [ -50.74602, -15.922301 ], [ -50.74158, -15.911533 ], [ -50.741776, -15.899459 ], [ -50.723028, -15.876668 ], [ -50.714185, -15.883456 ], [ -50.710665, -15.899474 ], [ -50.700457, -15.902384 ], [ -50.689306, -15.904683 ], [ -50.683662, -15.909442 ], [ -50.683689, -15.936244 ], [ -50.679324, -15.942586 ], [ -50.682967, -15.951674 ], [ -50.621745, -15.962085 ], [ -50.614605, -15.970628 ], [ -50.612359, -15.981853 ], [ -50.606826, -15.986397 ], [ -50.603191, -16.000234 ], [ -50.591798, -16.00539 ], [ -50.584416, -16.037785 ], [ -50.57497, -16.04199 ], [ -50.557898, -16.029919 ], [ -50.505772, -16.007871 ], [ -50.504669, -16.018089 ], [ -50.51236, -16.025428 ], [ -50.513691, -16.032732 ], [ -50.50944, -16.036407 ], [ -50.489158, -16.040264 ], [ -50.488354, -16.048225 ], [ -50.483545, -16.051161 ], [ -50.474864, -16.067737 ], [ -50.473106, -16.091878 ], [ -50.477498, -16.119506 ], [ -50.489998, -16.147524 ], [ -50.501318, -16.154385 ], [ -50.518057, -16.174863 ], [ -50.539493, -16.179351 ], [ -50.556966, -16.201137 ], [ -50.567771, -16.208168 ], [ -50.574218, -16.219974 ], [ -50.578779, -16.220345 ], [ -50.59447, -16.233511 ], [ -50.599877, -16.25232 ], [ -50.608865, -16.275684 ], [ -50.60008, -16.285757 ], [ -50.598444, -16.300918 ], [ -50.595575, -16.303363 ], [ -50.604578, -16.319308 ], [ -50.610602, -16.321431 ], [ -50.61869, -16.315915 ], [ -50.643663, -16.319027 ], [ -50.654076, -16.321982 ], [ -50.664972, -16.331802 ], [ -50.676132, -16.332671 ], [ -50.681383, -16.34758 ], [ -50.675715, -16.356795 ], [ -50.682163, -16.369639 ], [ -50.682962, -16.390219 ], [ -50.678076, -16.390899 ], [ -50.676031, -16.406123 ], [ -50.670215, -16.408766 ], [ -50.675119, -16.424451 ], [ -50.675965, -16.441247 ], [ -50.673109, -16.445696 ], [ -50.680578, -16.445903 ], [ -50.680215, -16.451276 ], [ -50.65632, -16.44981 ], [ -50.652383, -16.458786 ], [ -50.656588, -16.464894 ], [ -50.652193, -16.469745 ], [ -50.65589, -16.479869 ], [ -50.653273, -16.492026 ], [ -50.649802, -16.496563 ], [ -50.638306, -16.500049 ], [ -50.638686, -16.505063 ], [ -50.643298, -16.506466 ], [ -50.634277, -16.514063 ], [ -50.624545, -16.51117 ], [ -50.629918, -16.501386 ], [ -50.623024, -16.493172 ], [ -50.615632, -16.509449 ], [ -50.612575, -16.506369 ], [ -50.607688, -16.508942 ], [ -50.611798, -16.495572 ], [ -50.60358, -16.495745 ], [ -50.599156, -16.492065 ], [ -50.594025, -16.505312 ], [ -50.596822, -16.527434 ], [ -50.616321, -16.58886 ], [ -50.652248, -16.592633 ], [ -50.660442, -16.611462 ], [ -50.669357, -16.616822 ], [ -50.691519, -16.6165 ], [ -50.70197, -16.619885 ], [ -50.715387, -16.607029 ], [ -50.718938, -16.593187 ], [ -50.730607, -16.587114 ], [ -50.768052, -16.700318 ], [ -50.774243, -16.691797 ], [ -50.793675, -16.689058 ], [ -50.803237, -16.689206 ], [ -50.811222, -16.69495 ], [ -50.815418, -16.689394 ], [ -50.818446, -16.670564 ], [ -50.829024, -16.684819 ], [ -50.826826, -16.693102 ], [ -50.832858, -16.693937 ], [ -50.839575, -16.706323 ], [ -50.843212, -16.707552 ], [ -50.848802, -16.7265 ], [ -50.874246, -16.739 ], [ -50.888304, -16.753028 ], [ -50.896604, -16.754273 ], [ -50.923686, -16.783044 ], [ -50.943192, -16.785936 ], [ -50.949574, -16.792149 ], [ -50.960214, -16.793296 ], [ -50.965772, -16.790674 ], [ -50.970715, -16.79311 ], [ -50.972545, -16.808281 ], [ -50.985129, -16.827845 ], [ -50.999663, -16.83697 ], [ -51.007493, -16.847417 ], [ -51.056384, -16.859931 ], [ -51.055179, -16.862168 ], [ -51.051104, -16.869733 ], [ -51.059445, -16.883207 ], [ -51.055556, -16.891803 ], [ -51.059353, -16.90054 ], [ -51.056326, -16.906336 ], [ -51.05758, -16.922762 ], [ -51.052631, -16.926637 ], [ -51.055521, -16.935633 ], [ -51.053664, -16.956795 ], [ -51.054106, -16.956769 ], [ -51.056887, -16.951702 ], [ -51.078526, -16.940359 ], [ -51.076394, -16.929927 ], [ -51.086683, -16.92279 ], [ -51.093831, -16.906123 ], [ -51.100987, -16.904423 ], [ -51.103496, -16.894089 ], [ -51.106028, -16.896644 ], [ -51.110271, -16.89584 ], [ -51.1105, -16.892754 ], [ -51.120079, -16.895515 ], [ -51.126411, -16.892544 ], [ -51.13205, -16.895295 ], [ -51.138857, -16.894045 ], [ -51.140748, -16.890605 ], [ -51.148554, -16.890725 ], [ -51.152053, -16.867146 ], [ -51.169018, -16.865396 ], [ -51.168746, -16.861672 ], [ -51.172915, -16.860232 ], [ -51.169639, -16.854144 ], [ -51.174441, -16.849718 ], [ -51.172966, -16.846809 ], [ -51.178907, -16.841654 ], [ -51.181163, -16.844021 ], [ -51.183169, -16.839406 ], [ -51.188137, -16.843321 ], [ -51.188634, -16.839422 ], [ -51.1956, -16.838338 ], [ -51.194385, -16.834452 ], [ -51.198633, -16.83066 ], [ -51.196884, -16.825111 ], [ -51.20514, -16.810081 ], [ -51.215105, -16.808295 ], [ -51.219993, -16.813851 ], [ -51.223858, -16.813133 ], [ -51.221136, -16.808861 ], [ -51.225213, -16.803801 ], [ -51.220524, -16.801329 ], [ -51.223353, -16.796807 ], [ -51.220466, -16.791621 ], [ -51.224638, -16.783292 ], [ -51.22202, -16.774396 ], [ -51.225719, -16.770952 ], [ -51.226413, -16.7607 ], [ -51.219916, -16.756594 ], [ -51.221466, -16.745349 ], [ -51.217138, -16.745495 ], [ -51.214798, -16.737614 ], [ -51.220463, -16.729509 ], [ -51.235049, -16.739321 ] ] ] } },
{ "type": "Feature", "properties": { "HREG_ID": "52010", "HREG_NAME": "Oeste II", "id": "520015", "name": "Adelândia", "description": "Adelândia", "MUN_ID": "520015", "UF": "GO", "MACRO_ID": "5208", "MACRO_NAME": "Macrorregião Centro-Oeste" }, "geometry": { "type": "Polygon", "coordinates": [ [ [ -50.290156, -16.904333 ], [ -50.285807, -16.931324 ], [ -50.279994, -16.934663 ], [ -50.276885, -16.946079 ], [ -50.284385, -16.962966 ], [ -50.278661, -16.965652 ], [ -50.281663, -16.96956 ], [ -50.276405, -16.970382 ], [ -50.27761, -16.973726 ], [ -50.278064, -16.974537 ], [ -50.279969, -16.980667 ], [ -50.295078, -16.99276 ], [ -50.295414, -17.002399 ], [ -50.290243, -17.007393 ], [ -50.297776, -17.021306 ], [ -50.290689, -17.03016 ], [ -50.291173, -17.039809 ], [ -50.284633, -17.0422 ], [ -50.285748, -17.046656 ], [ -50.293605, -17.053127 ], [ -50.293524, -17.057295 ], [ -50.299517, -17.055499 ], [ -50.29933, -17.059761 ], [ -50.307992, -17.066946 ], [ -50.307767, -17.070622 ], [ -50.305121, -17.079127 ], [ -50.299411, -17.081351 ], [ -50.287245, -17.075984 ], [ -50.288383, -17.080581 ], [ -50.293248, -17.084519 ], [ -50.290414, -17.088635 ], [ -50.297221, -17.090384 ], [ -50.295718, -17.101732 ], [ -50.29844, -17.104326 ], [ -50.283104, -17.101392 ], [ -50.287191, -17.106726 ], [ -50.273242, -17.113886 ], [ -50.274129, -17.11833 ], [ -50.282219, -17.121347 ], [ -50.27869, -17.121608 ], [ -50.280881, -17.12714 ], [ -50.295357, -17.131774 ], [ -50.295296, -17.13721 ], [ -50.286968, -17.139629 ], [ -50.284999, -17.137537 ], [ -50.277192, -17.143509 ], [ -50.270964, -17.154995 ], [ -50.285634, -17.164592 ], [ -50.287797, -17.174455 ], [ -50.292161, -17.174878 ], [ -50.295773, -17.181367 ], [ -50.292859, -17.186092 ], [ -50.281716, -17.18993 ], [ -50.27574, -17.200528 ], [ -50.25813, -17.210756 ], [ -50.259573, -17.224539 ], [ -50.247913, -17.224961 ], [ -50.250527, -17.233399 ], [ -50.233461, -17.237391 ], [ -50.2368, -17.241911 ], [ -50.234301, -17.247438 ], [ -50.237497, -17.254486 ], [ -50.229521, -17.259058 ], [ -50.235021, -17.26606 ], [ -50.244834, -17.270761 ], [ -50.251877, -17.265624 ], [ -50.25388, -17.251763 ], [ -50.25841, -17.252326 ], [ -50.260887, -17.247537 ], [ -50.2783, -17.248728 ], [ -50.302465, -17.267888 ], [ -50.318692, -17.27588 ], [ -50.330882, -17.288308 ], [ -50.332993, -17.295663 ], [ -50.344078, -17.302125 ], [ -50.351874, -17.302174 ], [ -50.391821, -17.188572 ], [ -50.421879, -17.230597 ], [ -50.430389, -17.288259 ], [ -50.447996, -17.305613 ], [ -50.459017, -17.330638 ], [ -50.466934, -17.33646 ], [ -50.481436, -17.33242 ], [ -50.495387, -17.342966 ], [ -50.513046, -17.345541 ], [ -50.50869, -17.36101 ], [ -50.501689, -17.364432 ], [ -50.501939, -17.3745 ], [ -50.509833, -17.39994 ], [ -50.52247, -17.403078 ], [ -50.526824, -17.409803 ], [ -50.526915, -17.428805 ], [ -50.534046, -17.429725 ], [ -50.542326, -17.413904 ], [ -50.551046, -17.417177 ], [ -50.559882, -17.413304 ], [ -50.554562, -17.407394 ], [ -50.556609, -17.403687 ], [ -50.568138, -17.407358 ], [ -50.578773, -17.403309 ], [ -50.589102, -17.409262 ], [ -50.590191, -17.39414 ], [ -50.598188, -17.400465 ], [ -50.603357, -17.397954 ], [ -50.597137, -17.39109 ], [ -50.598553, -17.383959 ], [ -50.60833, -17.375735 ], [ -50.616603, -17.376145 ], [ -50.631026, -17.367193 ], [ -50.63694, -17.372138 ], [ -50.6345, -17.386146 ], [ -50.64019, -17.378033 ], [ -50.647798, -17.377381 ], [ -50.647301, -17.372626 ], [ -50.640491, -17.370248 ], [ -50.64006, -17.36641 ], [ -50.653879, -17.360583 ], [ -50.655358, -17.347227 ], [ -50.65977, -17.349916 ], [ -50.662831, -17.360237 ], [ -50.670849, -17.357108 ], [ -50.669794, -17.349641 ], [ -50.681105, -17.336635 ], [ -50.676825, -17.329691 ], [ -50.681778, -17.325705 ], [ -50.695414, -17.321531 ], [ -50.694076, -17.314789 ], [ -50.698034, -17.312211 ], [ -50.690075, -17.302991 ], [ -50.689773, -17.297646 ], [ -50.699582, -17.297816 ], [ -50.702659, -17.306754 ], [ -50.705744, -17.305222 ], [ -50.705718, -17.299198 ], [ -50.716606, -17.298925 ], [ -50.717661, -17.282482 ], [ -50.724109, -17.287558 ], [ -50.726184, -17.27393 ], [ -50.73724, -17.266179 ], [ -50.723221, -17.257059 ], [ -50.728504, -17.253536 ], [ -50.725438, -17.249104 ], [ -50.718662, -17.25199 ], [ -50.71997, -17.247864 ], [ -50.72849, -17.236528 ], [ -50.738409, -17.232801 ], [ -50.742075, -17.235718 ], [ -50.745573, -17.230362 ], [ -50.751299, -17.231392 ], [ -50.751684, -17.224452 ], [ -50.766498, -17.21086 ], [ -50.768774, -17.202037 ], [ -50.76569, -17.19836 ], [ -50.773212, -17.195034 ], [ -50.776297, -17.189016 ], [ -50.783189, -17.189535 ], [ -50.797994, -17.179844 ], [ -50.80285, -17.188195 ], [ -50.814859, -17.186602 ], [ -50.821022, -17.191694 ], [ -50.823928, -17.186031 ], [ -50.831829, -17.186991 ], [ -50.836217, -17.183703 ], [ -50.836391, -17.172063 ], [ -50.84385, -17.172853 ], [ -50.849216, -17.169511 ], [ -50.856414, -17.173612 ], [ -50.867784, -17.172299 ], [ -50.870994, -17.171348 ], [ -50.871582, -17.165481 ], [ -50.877826, -17.165378 ], [ -50.883527, -17.160094 ], [ -50.884328, -17.156047 ], [ -50.892952, -17.157867 ], [ -50.895079, -17.152252 ], [ -50.89908, -17.155201 ], [ -50.90386, -17.153225 ], [ -50.90174, -17.148959 ], [ -50.904462, -17.146925 ], [ -50.900104, -17.143924 ], [ -50.90144, -17.13818 ], [ -50.908806, -17.136658 ], [ -50.904882, -17.134449 ], [ -50.907635, -17.126704 ], [ -50.905608, -17.122584 ], [ -50.915219, -17.118217 ], [ -50.918211, -17.108264 ], [ -50.925492, -17.106152 ], [ -50.922855, -17.100228 ], [ -50.933348, -17.094438 ], [ -50.934834, -17.091745 ], [ -50.940686, -17.094135 ], [ -50.947244, -17.090118 ], [ -50.944241, -17.085967 ], [ -50.947882, -17.073501 ], [ -50.95505, -17.071869 ], [ -50.961661, -17.057472 ], [ -50.96835, -17.054008 ], [ -50.979275, -17.037663 ], [ -50.989828, -17.033419 ], [ -51.00152, -17.022436 ], [ -51.018024, -16.994455 ], [ -51.027106, -16.986148 ], [ -51.031245, -16.969645 ], [ -51.046662, -16.957197 ], [ -51.053664, -16.956795 ], [ -51.055521, -16.935633 ], [ -51.052631, -16.926637 ], [ -51.05758, -16.922762 ], [ -51.056326, -16.906336 ], [ -51.059353, -16.90054 ], [ -51.055556, -16.891803 ], [ -51.059445, -16.883207 ], [ -51.051104, -16.869733 ], [ -51.055179, -16.862168 ], [ -51.056384, -16.859931 ], [ -51.007493, -16.847417 ], [ -50.999663, -16.83697 ], [ -50.985129, -16.827845 ], [ -50.972545, -16.808281 ], [ -50.970715, -16.79311 ], [ -50.965772, -16.790674 ], [ -50.960214, -16.793296 ], [ -50.949574, -16.792149 ], [ -50.943192, -16.785936 ], [ -50.923686, -16.783044 ], [ -50.896604, -16.754273 ], [ -50.888304, -16.753028 ], [ -50.874246, -16.739 ], [ -50.848802, -16.7265 ], [ -50.843212, -16.707552 ], [ -50.839575, -16.706323 ], [ -50.832858, -16.693937 ], [ -50.826826, -16.693102 ], [ -50.829024, -16.684819 ], [ -50.818446, -16.670564 ], [ -50.815418, -16.689394 ], [ -50.811222, -16.69495 ], [ -50.803237, -16.689206 ], [ -50.793675, -16.689058 ], [ -50.774243, -16.691797 ], [ -50.768052, -16.700318 ], [ -50.730607, -16.587114 ], [ -50.718938, -16.593187 ], [ -50.715387, -16.607029 ], [ -50.70197, -16.619885 ], [ -50.691519, -16.6165 ], [ -50.669357, -16.616822 ], [ -50.660442, -16.611462 ], [ -50.652248, -16.592633 ], [ -50.616321, -16.58886 ], [ -50.596822, -16.527434 ], [ -50.594025, -16.505312 ], [ -50.599156, -16.492065 ], [ -50.60358, -16.495745 ], [ -50.611798, -16.495572 ], [ -50.607688, -16.508942 ], [ -50.612575, -16.506369 ], [ -50.615632, -16.509449 ], [ -50.623024, -16.493172 ], [ -50.629918, -16.501386 ], [ -50.624545, -16.51117 ], [ -50.634277, -16.514063 ], [ -50.643298, -16.506466 ], [ -50.638686, -16.505063 ], [ -50.638306, -16.500049 ], [ -50.649802, -16.496563 ], [ -50.653273, -16.492026 ], [ -50.65589, -16.479869 ], [ -50.652193, -16.469745 ], [ -50.656588, -16.464894 ], [ -50.652383, -16.458786 ], [ -50.65632, -16.44981 ], [ -50.680215, -16.451276 ], [ -50.680578, -16.445903 ], [ -50.673109, -16.445696 ], [ -50.675965, -16.441247 ], [ -50.675119, -16.424451 ], [ -50.670215, -16.408766 ], [ -50.676031, -16.406123 ], [ -50.678076, -16.390899 ], [ -50.682962, -16.390219 ], [ -50.682163, -16.369639 ], [ -50.675715, -16.356795 ], [ -50.681383, -16.34758 ], [ -50.676132, -16.332671 ], [ -50.664972, -16.331802 ], [ -50.654076, -16.321982 ], [ -50.643663, -16.319027 ], [ -50.61869, -16.315915 ], [ -50.610602, -16.321431 ], [ -50.604578, -16.319308 ], [ -50.595575, -16.303363 ], [ -50.598444, -16.300918 ], [ -50.60008, -16.285757 ], [ -50.608865, -16.275684 ], [ -50.599877, -16.25232 ], [ -50.59447, -16.233511 ], [ -50.578779, -16.220345 ], [ -50.574218, -16.219974 ], [ -50.567771, -16.208168 ], [ -50.556966, -16.201137 ], [ -50.539493, -16.179351 ], [ -50.518057, -16.174863 ], [ -50.501318, -16.154385 ], [ -50.489998, -16.147524 ], [ -50.477498, -16.119506 ], [ -50.443354, -16.11692 ], [ -50.439939, -16.112729 ], [ -50.439967, -16.101246 ], [ -50.433694, -16.095106 ], [ -50.420387, -16.090077 ], [ -50.405523, -16.090647 ], [ -50.397574, -16.081367 ], [ -50.390914, -16.084205 ], [ -50.380941, -16.077939 ], [ -50.366969, -16.075282 ], [ -50.354943, -16.078433 ], [ -50.358884, -16.082374 ], [ -50.367518, -16.081021 ], [ -50.378527, -16.105377 ], [ -50.374608, -16.106028 ], [ -50.375413, -16.113633 ], [ -50.368245, -16.124275 ], [ -50.372026, -16.129742 ], [ -50.366472, -16.134027 ], [ -50.369494, -16.141925 ], [ -50.359989, -16.158885 ], [ -50.349692, -16.151962 ], [ -50.342974, -16.153255 ], [ -50.343072, -16.147807 ], [ -50.335104, -16.146921 ], [ -50.331859, -16.151512 ], [ -50.326441, -16.149614 ], [ -50.320607, -16.152027 ], [ -50.311714, -16.158588 ], [ -50.281581, -16.157173 ], [ -50.272155, -16.169114 ], [ -50.266381, -16.171817 ], [ -50.262497, -16.169532 ], [ -50.258522, -16.189866 ], [ -50.247686, -16.200014 ], [ -50.223548, -16.237644 ], [ -50.21044, -16.258068 ], [ -50.205407, -16.258069 ], [ -50.202216, -16.263414 ], [ -50.209158, -16.275148 ], [ -50.217488, -16.277128 ], [ -50.226468, -16.283675 ], [ -50.228049, -16.297251 ], [ -50.21866, -16.305672 ], [ -50.201965, -16.298824 ], [ -50.184279, -16.299749 ], [ -50.162135, -16.321016 ], [ -50.140909, -16.320946 ], [ -50.138627, -16.328631 ], [ -50.133112, -16.336427 ], [ -50.135414, -16.344225 ], [ -50.131965, -16.366396 ], [ -50.133608, -16.370231 ], [ -50.137992, -16.368324 ], [ -50.148628, -16.373977 ], [ -50.146667, -16.383809 ], [ -50.150687, -16.39163 ], [ -50.158105, -16.393344 ], [ -50.158186, -16.406913 ], [ -50.161829, -16.419045 ], [ -50.165295, -16.425622 ], [ -50.163798, -16.429644 ], [ -50.155414, -16.433575 ], [ -50.148723, -16.443019 ], [ -50.15863, -16.455736 ], [ -50.158609, -16.464401 ], [ -50.165074, -16.472836 ], [ -50.171133, -16.481993 ], [ -50.156258, -16.491592 ], [ -50.12919, -16.50252 ], [ -50.125215, -16.496069 ], [ -50.117914, -16.493811 ], [ -50.104157, -16.503931 ], [ -50.098549, -16.4935 ], [ -50.083411, -16.491655 ], [ -50.079695, -16.502213 ], [ -50.069417, -16.497584 ], [ -50.056248, -16.507442 ], [ -50.053605, -16.513221 ], [ -50.043856, -16.519485 ], [ -50.033267, -16.509429 ], [ -50.011385, -16.505216 ], [ -49.984292, -16.566346 ], [ -49.982943, -16.569265 ], [ -50.006232, -16.620137 ], [ -50.000917, -16.614077 ], [ -49.9858, -16.597912 ], [ -49.972332, -16.589752 ], [ -49.963273, -16.591349 ], [ -49.950359, -16.601553 ], [ -49.945855, -16.600475 ], [ -49.943797, -16.610516 ], [ -49.936404, -16.610347 ], [ -49.92446, -16.629066 ], [ -49.920411, -16.619753 ], [ -49.910212, -16.613999 ], [ -49.906253, -16.616662 ], [ -49.895358, -16.633238 ], [ -49.886105, -16.639701 ], [ -49.879113, -16.639596 ], [ -49.776361, -16.638026 ], [ -49.757801, -16.651081 ], [ -49.744996, -16.652262 ], [ -49.734275, -16.638455 ], [ -49.730049, -16.637594 ], [ -49.729465, -16.640206 ], [ -49.72355, -16.638867 ], [ -49.718108, -16.645869 ], [ -49.727625, -16.669847 ], [ -49.73488, -16.677606 ], [ -49.733609, -16.694282 ], [ -49.745408, -16.699728 ], [ -49.750609, -16.714728 ], [ -49.765212, -16.733332 ], [ -49.762553, -16.747469 ], [ -49.770605, -16.752015 ], [ -49.770351, -16.760557 ], [ -49.779553, -16.763936 ], [ -49.781379, -16.781574 ], [ -49.775993, -16.793183 ], [ -49.758886, -16.815418 ], [ -49.758629, -16.819831 ], [ -49.761081, -16.81842 ], [ -49.767325, -16.824183 ], [ -49.757099, -16.825696 ], [ -49.754744, -16.829847 ], [ -49.753798, -16.8515 ], [ -49.744775, -16.859465 ], [ -49.732494, -16.862511 ], [ -49.729187, -16.870262 ], [ -49.732555, -16.878623 ], [ -49.73944, -16.882121 ], [ -49.740941, -16.893025 ], [ -49.734462, -16.898939 ], [ -49.731605, -16.905759 ], [ -49.736352, -16.911727 ], [ -49.73369, -16.918641 ], [ -49.727659, -16.922049 ], [ -49.725882, -16.932181 ], [ -49.728409, -16.936779 ], [ -49.734548, -16.936681 ], [ -49.737018, -16.945086 ], [ -49.7438, -16.941198 ], [ -49.748852, -16.943729 ], [ -49.755326, -16.940538 ], [ -49.758915, -16.94272 ], [ -49.764969, -16.932219 ], [ -49.779832, -16.919668 ], [ -49.780415, -16.906283 ], [ -49.78636, -16.908126 ], [ -49.803247, -16.902766 ], [ -49.816637, -16.91156 ], [ -49.823331, -16.923507 ], [ -49.82244, -16.9375 ], [ -49.82583, -16.945549 ], [ -49.823026, -16.955113 ], [ -49.829442, -16.958994 ], [ -49.836498, -16.957875 ], [ -49.845942, -16.952072 ], [ -49.848605, -16.944437 ], [ -49.856158, -16.943522 ], [ -49.880602, -16.972275 ], [ -49.899277, -16.95432 ], [ -49.915359, -16.954532 ], [ -49.924855, -16.958194 ], [ -49.930905, -16.963416 ], [ -49.935659, -16.991232 ], [ -49.948719, -16.994099 ], [ -49.949797, -17.005545 ], [ -49.94327, -17.015966 ], [ -49.945749, -17.019724 ], [ -49.951354, -17.031373 ], [ -49.974164, -17.051025 ], [ -49.999198, -17.0623 ], [ -50.015471, -17.065422 ], [ -50.018416, -17.069745 ], [ -50.023519, -17.068652 ], [ -50.027552, -17.073864 ], [ -50.042414, -17.081048 ], [ -50.056407, -17.084282 ], [ -50.067661, -17.082617 ], [ -50.078602, -17.076232 ], [ -50.073629, -17.065559 ], [ -50.077748, -17.061407 ], [ -50.075854, -17.056188 ], [ -50.080608, -17.048603 ], [ -50.070527, -17.035117 ], [ -50.060186, -16.996857 ], [ -50.043034, -16.975442 ], [ -50.033965, -16.960149 ], [ -50.039247, -16.947833 ], [ -50.037808, -16.934315 ], [ -50.068605, -16.917935 ], [ -50.080103, -16.921151 ], [ -50.087467, -16.91954 ], [ -50.090886, -16.924953 ], [ -50.087556, -16.936273 ], [ -50.105278, -16.952069 ], [ -50.116521, -16.942633 ], [ -50.126321, -16.942754 ], [ -50.143266, -16.931919 ], [ -50.152574, -16.938722 ], [ -50.160931, -16.936342 ], [ -50.175768, -16.932995 ], [ -50.191108, -16.919122 ], [ -50.213188, -16.921614 ], [ -50.227409, -16.908553 ], [ -50.243051, -16.9057 ], [ -50.263606, -16.893887 ], [ -50.276825, -16.899101 ], [ -50.283159, -16.895355 ], [ -50.290156, -16.904333 ] ] ] } },
{ "type": "Feature", "properties": { "HREG_ID": "52011", "HREG_NAME": "Pirineus", "id": "520010", "name": "Abadiânia", "description": "Abadiânia", "MUN_ID": "520010", "UF": "GO", "MACRO_ID": "5209", "MACRO_NAME": "Macrorregião Centro-Norte" }, "geometry": { "type": "Polygon", "coordinates": [ [ [ -49.013359, -16.510881 ], [ -49.019899, -16.521139 ], [ -49.021131, -16.524484 ], [ -49.022715, -16.543059 ], [ -49.046545, -16.555769 ], [ -49.059794, -16.564034 ], [ -49.066465, -16.574489 ], [ -49.064865, -16.577808 ], [ -49.070494, -16.591053 ], [ -49.077576, -16.593039 ], [ -49.096241, -16.59084 ], [ -49.09535, -16.567055 ], [ -49.104935, -16.561376 ], [ -49.119599, -16.563672 ], [ -49.124237, -16.569676 ], [ -49.120715, -16.572197 ], [ -49.122382, -16.574859 ], [ -49.139238, -16.578421 ], [ -49.147828, -16.573422 ], [ -49.16719, -16.577952 ], [ -49.165822, -16.562152 ], [ -49.175435, -16.552887 ], [ -49.187291, -16.548669 ], [ -49.183076, -16.540388 ], [ -49.176238, -16.537987 ], [ -49.153772, -16.531041 ], [ -49.151215, -16.519344 ], [ -49.144767, -16.523917 ], [ -49.127282, -16.512502 ], [ -49.122774, -16.50791 ], [ -49.124971, -16.498869 ], [ -49.121721, -16.483505 ], [ -49.116775, -16.481184 ], [ -49.112862, -16.470834 ], [ -49.116878, -16.464002 ], [ -49.114246, -16.448421 ], [ -49.117405, -16.442628 ], [ -49.108662, -16.431245 ], [ -49.113404, -16.427334 ], [ -49.113438, -16.427247 ], [ -49.113525, -16.427025 ], [ -49.13111, -16.415252 ], [ -49.133768, -16.406287 ], [ -49.155411, -16.388341 ], [ -49.175844, -16.365249 ], [ -49.18333, -16.346652 ], [ -49.194132, -16.346744 ], [ -49.184276, -16.326437 ], [ -49.168321, -16.31628 ], [ -49.166162, -16.309726 ], [ -49.179743, -16.261982 ], [ -49.170384, -16.262458 ], [ -49.167245, -16.256465 ], [ -49.154468, -16.24868 ], [ -49.154248, -16.248248 ], [ -49.143578, -16.231889 ], [ -49.145457, -16.225547 ], [ -49.145248, -16.220611 ], [ -49.154101, -16.213182 ], [ -49.157161, -16.204799 ], [ -49.156219, -16.193219 ], [ -49.165965, -16.192882 ], [ -49.165894, -16.182865 ], [ -49.174103, -16.177243 ], [ -49.177609, -16.161773 ], [ -49.191758, -16.143556 ], [ -49.18813, -16.139817 ], [ -49.177275, -16.143283 ], [ -49.159992, -16.131767 ], [ -49.154578, -16.120933 ], [ -49.16024, -16.111835 ], [ -49.157576, -16.103053 ], [ -49.163629, -16.092123 ], [ -49.14941, -16.082883 ], [ -49.152576, -16.077108 ], [ -49.147991, -16.07388 ], [ -49.145215, -16.056959 ], [ -49.139074, -16.052317 ], [ -49.131174, -16.052057 ], [ -49.145866, -16.04331 ], [ -49.148671, -16.03192 ], [ -49.154682, -16.026202 ], [ -49.140506, -16.014231 ], [ -49.133318, -16.001234 ], [ -49.131897, -15.99796 ], [ -49.137515, -15.993872 ], [ -49.143304, -15.995047 ], [ -49.152361, -15.988654 ], [ -49.152964, -15.979114 ], [ -49.162894, -15.975751 ], [ -49.180323, -15.958334 ], [ -49.182648, -15.952058 ], [ -49.174991, -15.949345 ], [ -49.178116, -15.943049 ], [ -49.174151, -15.939643 ], [ -49.179576, -15.932593 ], [ -49.188517, -15.932893 ], [ -49.198237, -15.927078 ], [ -49.195983, -15.915072 ], [ -49.201511, -15.903421 ], [ -49.19971, -15.900895 ], [ -49.198122, -15.894879 ], [ -49.199352, -15.886271 ], [ -49.204337, -15.885741 ], [ -49.208184, -15.878321 ], [ -49.204771, -15.873918 ], [ -49.21482, -15.8689 ], [ -49.216894, -15.85557 ], [ -49.20405, -15.822024 ], [ -49.184254, -15.770284 ], [ -49.184198, -15.770156 ], [ -49.165857, -15.722216 ], [ -49.158808, -15.703764 ], [ -49.155666, -15.695549 ], [ -49.128246, -15.62384 ], [ -49.14438, -15.623629 ], [ -49.141637, -15.618136 ], [ -49.148995, -15.615396 ], [ -49.155908, -15.618819 ], [ -49.154042, -15.626796 ], [ -49.160047, -15.622141 ], [ -49.169829, -15.627026 ], [ -49.176965, -15.615083 ], [ -49.188267, -15.610085 ], [ -49.186272, -15.602024 ], [ -49.18435, -15.597963 ], [ -49.169355, -15.590886 ], [ -49.147272, -15.586376 ], [ -49.129689, -15.5735 ], [ -49.107334, -15.544068 ], [ -49.088581, -15.538193 ], [ -49.119352, -15.524701 ], [ -49.093769, -15.523481 ], [ -49.085191, -15.518782 ], [ -49.082188, -15.512427 ], [ -49.074521, -15.513429 ], [ -49.065213, -15.5097 ], [ -49.059551, -15.516879 ], [ -49.044882, -15.522411 ], [ -49.027298, -15.544245 ], [ -49.020254, -15.567532 ], [ -49.018546, -15.570048 ], [ -49.014936, -15.568543 ], [ -49.012798, -15.562432 ], [ -48.997828, -15.55605 ], [ -48.999546, -15.543181 ], [ -48.995688, -15.538546 ], [ -48.976356, -15.530523 ], [ -48.969634, -15.518603 ], [ -48.955993, -15.51136 ], [ -48.951702, -15.51252 ], [ -48.934912, -15.511671 ], [ -48.914577, -15.534326 ], [ -48.899576, -15.529731 ], [ -48.895111, -15.521745 ], [ -48.87172, -15.520169 ], [ -48.867434, -15.512901 ], [ -48.849461, -15.515097 ], [ -48.846794, -15.518817 ], [ -48.838441, -15.511276 ], [ -48.822628, -15.505349 ], [ -48.820184, -15.51029 ], [ -48.810938, -15.512019 ], [ -48.809713, -15.506311 ], [ -48.803717, -15.503295 ], [ -48.800801, -15.497311 ], [ -48.783689, -15.493799 ], [ -48.780052, -15.489807 ], [ -48.771381, -15.489811 ], [ -48.763629, -15.485307 ], [ -48.74224, -15.495417 ], [ -48.737405, -15.487204 ], [ -48.738104, -15.480251 ], [ -48.74677, -15.474694 ], [ -48.747634, -15.470484 ], [ -48.743192, -15.46439 ], [ -48.734297, -15.464799 ], [ -48.730749, -15.461921 ], [ -48.730914, -15.453861 ], [ -48.726188, -15.448361 ], [ -48.711599, -15.400646 ], [ -48.711994, -15.390209 ], [ -48.708348, -15.389592 ], [ -48.706998, -15.39614 ], [ -48.701602, -15.39948 ], [ -48.691708, -15.398878 ], [ -48.672885, -15.385896 ], [ -48.661353, -15.368972 ], [ -48.645376, -15.367734 ], [ -48.630299, -15.359952 ], [ -48.618134, -15.358383 ], [ -48.5923, -15.363809 ], [ -48.584102, -15.37309 ], [ -48.580656, -15.371991 ], [ -48.577301, -15.375997 ], [ -48.573379, -15.372382 ], [ -48.569381, -15.375992 ], [ -48.564944, -15.386586 ], [ -48.570245, -15.392957 ], [ -48.562712, -15.393793 ], [ -48.566798, -15.396843 ], [ -48.560354, -15.399236 ], [ -48.564964, -15.409718 ], [ -48.558627, -15.416803 ], [ -48.561545, -15.421113 ], [ -48.562882, -15.417311 ], [ -48.565103, -15.418904 ], [ -48.56163, -15.432091 ], [ -48.570856, -15.436383 ], [ -48.569301, -15.444907 ], [ -48.562191, -15.446652 ], [ -48.565267, -15.449059 ], [ -48.56144, -15.450685 ], [ -48.557913, -15.4495 ], [ -48.554134, -15.455018 ], [ -48.558049, -15.466702 ], [ -48.569412, -15.476312 ], [ -48.572771, -15.473649 ], [ -48.580525, -15.480156 ], [ -48.58148, -15.484995 ], [ -48.580691, -15.508096 ], [ -48.589185, -15.51343 ], [ -48.589071, -15.522861 ], [ -48.594268, -15.524104 ], [ -48.591937, -15.529125 ], [ -48.598243, -15.532187 ], [ -48.592325, -15.539577 ], [ -48.58646, -15.535995 ], [ -48.588191, -15.543231 ], [ -48.584126, -15.54451 ], [ -48.58013, -15.545158 ], [ -48.582438, -15.553551 ], [ -48.57925, -15.558412 ], [ -48.561798, -15.56853 ], [ -48.565853, -15.57357 ], [ -48.557691, -15.57998 ], [ -48.558858, -15.58307 ], [ -48.545798, -15.582477 ], [ -48.54633, -15.605796 ], [ -48.540684, -15.609059 ], [ -48.530771, -15.608617 ], [ -48.525185, -15.604265 ], [ -48.52672, -15.613177 ], [ -48.51983, -15.609642 ], [ -48.498161, -15.613379 ], [ -48.489377, -15.621 ], [ -48.478657, -15.61893 ], [ -48.468662, -15.629186 ], [ -48.456387, -15.629525 ], [ -48.452517, -15.634936 ], [ -48.437769, -15.637631 ], [ -48.433161, -15.64308 ], [ -48.413434, -15.653002 ], [ -48.401661, -15.652488 ], [ -48.392746, -15.642784 ], [ -48.39249, -15.63709 ], [ -48.388191, -15.634287 ], [ -48.391769, -15.631724 ], [ -48.382745, -15.621225 ], [ -48.386296, -15.617598 ], [ -48.384241, -15.610932 ], [ -48.377352, -15.61135 ], [ -48.374238, -15.61647 ], [ -48.36577, -15.618425 ], [ -48.365019, -15.623366 ], [ -48.353714, -15.628341 ], [ -48.350293, -15.636093 ], [ -48.346961, -15.630095 ], [ -48.339497, -15.631118 ], [ -48.328933, -15.625645 ], [ -48.308686, -15.621235 ], [ -48.308522, -15.624118 ], [ -48.295049, -15.62791 ], [ -48.28672, -15.637559 ], [ -48.28185, -15.635551 ], [ -48.278102, -15.639493 ], [ -48.265848, -15.640948 ], [ -48.25521, -15.646367 ], [ -48.251579, -15.658753 ], [ -48.298747, -15.709592 ], [ -48.307188, -15.705421 ], [ -48.317328, -15.71894 ], [ -48.328272, -15.713022 ], [ -48.333633, -15.719612 ], [ -48.348717, -15.724287 ], [ -48.352113, -15.747275 ], [ -48.356405, -15.775306 ], [ -48.351895, -15.79166 ], [ -48.369105, -15.802799 ], [ -48.378904, -15.82053 ], [ -48.382602, -15.835637 ], [ -48.388462, -15.844239 ], [ -48.388354, -15.853192 ], [ -48.396046, -15.867206 ], [ -48.405185, -15.873724 ], [ -48.410144, -15.890119 ], [ -48.418268, -15.904246 ], [ -48.418846, -15.913853 ], [ -48.4178, -15.930943 ], [ -48.422712, -15.947857 ], [ -48.419851, -15.955063 ], [ -48.413573, -15.95858 ], [ -48.413579, -15.968871 ], [ -48.409272, -15.976213 ], [ -48.400714, -15.974045 ], [ -48.394747, -15.977559 ], [ -48.393884, -15.982113 ], [ -48.38858, -15.982237 ], [ -48.388298, -15.98538 ], [ -48.373346, -15.994594 ], [ -48.366242, -16.014624 ], [ -48.366252, -16.080699 ], [ -48.356885, -16.1044 ], [ -48.350652, -16.110097 ], [ -48.350677, -16.110464 ], [ -48.354514, -16.128399 ], [ -48.350526, -16.13435 ], [ -48.350201, -16.150834 ], [ -48.356658, -16.168264 ], [ -48.353514, -16.185614 ], [ -48.36238, -16.190035 ], [ -48.365934, -16.187765 ], [ -48.36649, -16.194847 ], [ -48.373333, -16.203725 ], [ -48.374492, -16.217091 ], [ -48.367921, -16.227236 ], [ -48.362404, -16.240964 ], [ -48.347772, -16.243206 ], [ -48.347323, -16.248106 ], [ -48.34355, -16.24743 ], [ -48.335954, -16.253524 ], [ -48.33702, -16.257186 ], [ -48.328764, -16.258494 ], [ -48.321657, -16.276192 ], [ -48.31979, -16.298986 ], [ -48.325126, -16.309345 ], [ -48.323992, -16.3169 ], [ -48.329378, -16.326457 ], [ -48.332098, -16.321004 ], [ -48.340052, -16.317058 ], [ -48.347467, -16.320884 ], [ -48.358268, -16.315412 ], [ -48.36566, -16.322998 ], [ -48.367364, -16.314054 ], [ -48.37377, -16.309594 ], [ -48.376026, -16.302762 ], [ -48.380038, -16.303427 ], [ -48.379293, -16.300354 ], [ -48.39315, -16.303485 ], [ -48.397746, -16.298888 ], [ -48.398266, -16.291856 ], [ -48.403631, -16.29277 ], [ -48.405749, -16.28806 ], [ -48.4111, -16.286223 ], [ -48.423998, -16.289507 ], [ -48.435889, -16.283203 ], [ -48.44051, -16.289113 ], [ -48.450379, -16.290289 ], [ -48.456382, -16.284487 ], [ -48.458071, -16.289348 ], [ -48.467409, -16.295799 ], [ -48.477044, -16.29399 ], [ -48.484355, -16.298285 ], [ -48.490488, -16.29587 ], [ -48.488296, -16.303942 ], [ -48.493743, -16.305667 ], [ -48.49541, -16.322753 ], [ -48.500821, -16.320659 ], [ -48.505103, -16.327953 ], [ -48.517518, -16.33138 ], [ -48.514523, -16.334606 ], [ -48.515161, -16.341396 ], [ -48.519209, -16.346141 ], [ -48.521257, -16.365079 ], [ -48.517859, -16.379088 ], [ -48.523497, -16.38712 ], [ -48.520913, -16.392087 ], [ -48.524806, -16.399302 ], [ -48.533943, -16.403819 ], [ -48.538278, -16.415487 ], [ -48.561755, -16.419546 ], [ -48.577883, -16.417834 ], [ -48.58516, -16.429679 ], [ -48.60084, -16.441747 ], [ -48.601171, -16.454488 ], [ -48.5797, -16.46479 ], [ -48.56986, -16.461786 ], [ -48.555462, -16.470634 ], [ -48.548357, -16.488583 ], [ -48.539727, -16.499599 ], [ -48.553466, -16.507023 ], [ -48.558182, -16.503808 ], [ -48.568548, -16.511291 ], [ -48.585646, -16.511843 ], [ -48.590109, -16.514504 ], [ -48.595923, -16.526918 ], [ -48.606768, -16.530838 ], [ -48.606873, -16.537488 ], [ -48.618118, -16.531149 ], [ -48.618541, -16.525164 ], [ -48.625847, -16.522122 ], [ -48.633708, -16.523728 ], [ -48.634462, -16.519429 ], [ -48.644624, -16.518953 ], [ -48.644582, -16.515324 ], [ -48.654018, -16.509694 ], [ -48.658109, -16.511592 ], [ -48.661699, -16.505173 ], [ -48.669704, -16.508595 ], [ -48.674114, -16.505864 ], [ -48.682674, -16.507394 ], [ -48.680868, -16.49749 ], [ -48.685123, -16.492985 ], [ -48.696363, -16.490318 ], [ -48.705763, -16.49473 ], [ -48.716736, -16.492318 ], [ -48.720025, -16.495645 ], [ -48.727784, -16.491106 ], [ -48.736504, -16.494693 ], [ -48.736741, -16.494455 ], [ -48.739689, -16.490899 ], [ -48.745549, -16.498895 ], [ -48.749928, -16.498599 ], [ -48.75367, -16.492902 ], [ -48.759087, -16.493809 ], [ -48.756687, -16.489394 ], [ -48.762948, -16.485404 ], [ -48.765315, -16.477414 ], [ -48.776719, -16.475251 ], [ -48.774954, -16.468909 ], [ -48.780328, -16.465667 ], [ -48.778707, -16.462109 ], [ -48.783888, -16.460475 ], [ -48.784302, -16.454824 ], [ -48.794227, -16.459401 ], [ -48.809832, -16.449185 ], [ -48.819279, -16.434005 ], [ -48.85127, -16.429438 ], [ -48.865542, -16.420628 ], [ -48.87551, -16.421329 ], [ -48.899649, -16.414307 ], [ -48.907889, -16.404766 ], [ -48.916127, -16.403586 ], [ -48.918389, -16.405895 ], [ -48.95328, -16.441525 ], [ -48.99602, -16.485149 ], [ -48.996886, -16.486107 ], [ -49.013359, -16.510881 ] ] ] } },
{ "type": "Feature", "properties": { "HREG_ID": "52012", "HREG_NAME": "Rio Vermelho", "id": "520085", "name": "Americano do Brasil", "description": "Americano do Brasil", "MUN_ID": "520085", "UF": "GO", "MACRO_ID": "5208", "MACRO_NAME": "Macrorregião Centro-Oeste" }, "geometry": { "type": "Polygon", "coordinates": [ [ [ -50.557898, -16.029919 ], [ -50.57497, -16.04199 ], [ -50.584416, -16.037785 ], [ -50.591798, -16.00539 ], [ -50.603191, -16.000234 ], [ -50.606826, -15.986397 ], [ -50.612359, -15.981853 ], [ -50.614605, -15.970628 ], [ -50.621745, -15.962085 ], [ -50.682967, -15.951674 ], [ -50.679324, -15.942586 ], [ -50.683689, -15.936244 ], [ -50.683662, -15.909442 ], [ -50.689306, -15.904683 ], [ -50.700457, -15.902384 ], [ -50.710665, -15.899474 ], [ -50.714185, -15.883456 ], [ -50.723028, -15.876668 ], [ -50.741776, -15.899459 ], [ -50.74158, -15.911533 ], [ -50.74602, -15.922301 ], [ -50.77291, -15.924149 ], [ -50.773055, -15.939043 ], [ -50.78302, -15.943145 ], [ -50.789028, -15.940761 ], [ -50.793681, -15.943079 ], [ -50.782266, -15.956278 ], [ -50.779799, -15.967725 ], [ -50.783446, -15.995515 ], [ -50.794882, -15.99554 ], [ -50.796251, -15.99946 ], [ -50.813803, -16.023188 ], [ -50.828359, -16.012989 ], [ -50.839296, -16.009944 ], [ -50.851998, -16.013984 ], [ -50.871603, -16.010508 ], [ -50.882326, -16.022648 ], [ -50.87994, -16.033127 ], [ -50.885081, -16.043472 ], [ -50.908789, -16.052445 ], [ -50.921614, -16.050835 ], [ -50.938077, -16.021491 ], [ -50.953273, -16.020128 ], [ -50.956189, -16.015357 ], [ -50.96926, -16.015814 ], [ -50.978029, -16.019123 ], [ -50.983667, -16.02905 ], [ -50.993824, -16.026639 ], [ -50.998771, -16.018962 ], [ -51.007048, -16.0184 ], [ -51.005808, -16.01469 ], [ -51.011882, -16.012015 ], [ -51.018911, -16.000533 ], [ -51.029363, -15.998354 ], [ -51.033195, -15.988098 ], [ -51.042107, -15.981896 ], [ -51.051612, -15.97594 ], [ -51.057775, -15.976727 ], [ -51.063163, -15.968595 ], [ -51.067692, -15.967438 ], [ -51.07922, -15.978339 ], [ -51.086553, -15.977787 ], [ -51.091269, -15.968922 ], [ -51.103634, -15.970397 ], [ -51.109798, -15.963376 ], [ -51.118342, -15.961197 ], [ -51.131604, -15.965897 ], [ -51.137106, -15.959407 ], [ -51.143523, -15.96138 ], [ -51.150992, -15.951493 ], [ -51.15905, -15.959391 ], [ -51.17805, -15.953401 ], [ -51.195299, -15.965157 ], [ -51.203777, -15.963542 ], [ -51.211301, -15.944942 ], [ -51.21915, -15.94476 ], [ -51.221061, -15.940822 ], [ -51.229242, -15.947175 ], [ -51.233612, -15.944561 ], [ -51.240855, -15.947724 ], [ -51.251886, -15.960685 ], [ -51.257359, -15.962171 ], [ -51.256972, -15.968941 ], [ -51.266466, -15.973997 ], [ -51.282799, -15.957871 ], [ -51.292641, -15.954825 ], [ -51.299943, -15.959169 ], [ -51.303994, -15.956657 ], [ -51.30353, -15.946556 ], [ -51.311441, -15.948551 ], [ -51.309611, -15.936076 ], [ -51.313721, -15.940264 ], [ -51.316943, -15.934616 ], [ -51.321938, -15.937638 ], [ -51.327383, -15.933498 ], [ -51.329134, -15.926408 ], [ -51.345722, -15.928209 ], [ -51.356669, -15.938467 ], [ -51.371968, -15.935166 ], [ -51.379135, -15.922981 ], [ -51.385715, -15.921779 ], [ -51.383824, -15.914841 ], [ -51.387416, -15.910109 ], [ -51.381165, -15.905337 ], [ -51.38155, -15.899995 ], [ -51.386611, -15.900923 ], [ -51.387194, -15.907198 ], [ -51.39061, -15.90583 ], [ -51.395115, -15.909923 ], [ -51.394693, -15.903741 ], [ -51.400913, -15.906425 ], [ -51.403773, -15.904038 ], [ -51.399806, -15.897327 ], [ -51.405244, -15.897817 ], [ -51.40536, -15.893187 ], [ -51.415884, -15.883812 ], [ -51.424467, -15.882191 ], [ -51.419558, -15.876092 ], [ -51.431918, -15.877006 ], [ -51.4255, -15.859078 ], [ -51.421306, -15.857528 ], [ -51.430636, -15.851573 ], [ -51.428136, -15.846983 ], [ -51.433491, -15.845658 ], [ -51.436384, -15.850981 ], [ -51.437943, -15.8443 ], [ -51.443618, -15.850716 ], [ -51.462471, -15.853112 ], [ -51.471061, -15.828407 ], [ -51.484718, -15.824032 ], [ -51.481751, -15.819248 ], [ -51.498464, -15.809732 ], [ -51.521667, -15.811662 ], [ -51.526555, -15.808152 ], [ -51.531106, -15.812174 ], [ -51.531223, -15.799553 ], [ -51.528056, -15.795173 ], [ -51.531781, -15.786566 ], [ -51.520472, -15.781858 ], [ -51.527667, -15.770284 ], [ -51.531687, -15.773486 ], [ -51.5373, -15.772532 ], [ -51.533056, -15.777675 ], [ -51.534363, -15.780681 ], [ -51.540305, -15.776266 ], [ -51.542468, -15.772652 ], [ -51.536803, -15.765617 ], [ -51.536713, -15.756714 ], [ -51.54589, -15.75369 ], [ -51.532779, -15.75042 ], [ -51.533997, -15.73844 ], [ -51.527224, -15.726678 ], [ -51.531889, -15.718348 ], [ -51.560277, -15.708366 ], [ -51.564716, -15.703675 ], [ -51.574255, -15.703922 ], [ -51.575634, -15.686031 ], [ -51.568335, -15.681987 ], [ -51.568942, -15.677904 ], [ -51.561859, -15.682944 ], [ -51.558028, -15.681013 ], [ -51.568048, -15.668999 ], [ -51.562082, -15.651334 ], [ -51.578138, -15.647805 ], [ -51.5725, -15.637233 ], [ -51.580223, -15.634013 ], [ -51.582612, -15.627672 ], [ -51.576725, -15.623173 ], [ -51.581468, -15.616127 ], [ -51.575498, -15.612358 ], [ -51.58083, -15.597408 ], [ -51.586165, -15.600438 ], [ -51.585754, -15.607073 ], [ -51.590161, -15.604918 ], [ -51.588994, -15.595276 ], [ -51.59328, -15.588677 ], [ -51.588831, -15.582289 ], [ -51.596209, -15.576006 ], [ -51.607524, -15.585591 ], [ -51.613443, -15.586721 ], [ -51.622608, -15.573699 ], [ -51.631359, -15.569215 ], [ -51.632148, -15.561424 ], [ -51.640576, -15.563089 ], [ -51.641106, -15.566455 ], [ -51.644238, -15.562744 ], [ -51.640162, -15.556818 ], [ -51.65053, -15.560885 ], [ -51.64908, -15.5547 ], [ -51.643909, -15.554393 ], [ -51.6355, -15.538986 ], [ -51.637971, -15.535372 ], [ -51.634022, -15.535157 ], [ -51.635218, -15.524271 ], [ -51.647523, -15.506999 ], [ -51.678192, -15.495981 ], [ -51.698317, -15.484524 ], [ -51.699104, -15.4733 ], [ -51.707943, -15.456037 ], [ -51.692413, -15.43281 ], [ -51.691054, -15.426095 ], [ -51.697475, -15.417347 ], [ -51.697161, -15.40955 ], [ -51.670913, -15.37129 ], [ -51.673167, -15.356989 ], [ -51.685777, -15.34548 ], [ -51.687832, -15.308418 ], [ -51.678329, -15.29022 ], [ -51.661497, -15.28094 ], [ -51.646469, -15.267509 ], [ -51.647081, -15.260263 ], [ -51.658996, -15.255455 ], [ -51.667553, -15.245907 ], [ -51.661537, -15.224213 ], [ -51.652439, -15.206275 ], [ -51.651627, -15.179436 ], [ -51.626551, -15.164037 ], [ -51.606696, -15.163067 ], [ -51.598527, -15.156299 ], [ -51.587659, -15.137774 ], [ -51.573466, -15.113052 ], [ -51.552277, -15.105455 ], [ -51.535493, -15.069251 ], [ -51.521774, -15.057993 ], [ -51.511912, -15.0542 ], [ -51.47728, -15.056283 ], [ -51.460357, -15.044245 ], [ -51.451945, -15.033614 ], [ -51.441221, -15.029673 ], [ -51.427294, -15.007896 ], [ -51.397892, -15.00304 ], [ -51.376338, -15.012427 ], [ -51.356818, -15.002057 ], [ -51.346943, -14.989745 ], [ -51.337331, -14.972932 ], [ -51.322615, -14.971324 ], [ -51.30146, -14.986093 ], [ -51.298277, -14.996671 ], [ -51.298167, -15.021908 ], [ -51.290028, -15.033892 ], [ -51.271441, -15.037372 ], [ -51.242138, -15.03496 ], [ -51.198196, -15.004448 ], [ -51.150306, -14.983313 ], [ -51.1455, -14.977019 ], [ -51.146442, -14.959078 ], [ -51.134222, -14.943155 ], [ -51.126605, -14.936666 ], [ -51.102353, -14.926077 ], [ -51.083591, -14.916012 ], [ -51.081928, -14.910041 ], [ -51.082505, -14.905406 ], [ -51.090719, -14.893832 ], [ -51.091325, -14.881599 ], [ -51.086415, -14.862192 ], [ -51.090168, -14.847716 ], [ -51.088976, -14.839921 ], [ -51.067912, -14.809867 ], [ -51.044048, -14.794585 ], [ -51.041997, -14.784149 ], [ -51.052081, -14.763992 ], [ -51.053499, -14.746226 ], [ -51.048833, -14.734874 ], [ -51.039273, -14.726111 ], [ -51.036363, -14.717481 ], [ -51.026743, -14.706359 ], [ -51.02605, -14.697198 ], [ -51.031107, -14.679641 ], [ -51.026081, -14.665285 ], [ -51.018554, -14.66107 ], [ -50.996916, -14.625537 ], [ -50.994149, -14.619646 ], [ -50.991131, -14.612357 ], [ -50.996916, -14.577761 ], [ -50.962383, -14.526581 ], [ -50.972467, -14.50017 ], [ -50.967757, -14.481867 ], [ -50.975334, -14.466581 ], [ -50.986587, -14.456674 ], [ -50.986131, -14.437099 ], [ -50.99861, -14.418797 ], [ -50.994467, -14.404769 ], [ -50.988612, -14.398791 ], [ -50.986708, -14.385523 ], [ -50.986896, -14.378542 ], [ -50.989389, -14.362267 ], [ -50.98011, -14.35378 ], [ -50.96883, -14.333489 ], [ -50.975519, -14.301485 ], [ -50.974804, -14.29042 ], [ -50.961768, -14.25042 ], [ -50.936582, -14.209961 ], [ -50.926691, -14.184332 ], [ -50.913978, -14.171816 ], [ -50.90989, -14.149089 ], [ -50.918166, -14.125363 ], [ -50.917026, -14.114383 ], [ -50.913355, -14.111148 ], [ -50.904333, -14.112729 ], [ -50.892302, -14.126963 ], [ -50.867364, -14.124665 ], [ -50.84097, -14.104472 ], [ -50.83319, -14.089412 ], [ -50.83125, -14.072244 ], [ -50.851412, -14.028696 ], [ -50.848775, -14.000333 ], [ -50.862688, -13.984849 ], [ -50.865497, -13.974785 ], [ -50.862273, -13.956493 ], [ -50.845247, -13.941234 ], [ -50.840835, -13.926842 ], [ -50.845219, -13.903087 ], [ -50.840808, -13.891232 ], [ -50.841032, -13.859531 ], [ -50.856275, -13.831114 ], [ -50.853057, -13.811097 ], [ -50.856888, -13.79097 ], [ -50.853354, -13.765342 ], [ -50.870338, -13.738833 ], [ -50.871333, -13.732659 ], [ -50.865436, -13.722707 ], [ -50.855992, -13.715415 ], [ -50.834195, -13.710946 ], [ -50.822504, -13.712791 ], [ -50.803501, -13.690532 ], [ -50.801478, -13.684386 ], [ -50.787454, -13.64797 ], [ -50.78089, -13.618686 ], [ -50.768028, -13.596613 ], [ -50.762994, -13.529582 ], [ -50.74461, -13.507158 ], [ -50.714723, -13.491262 ], [ -50.696502, -13.475504 ], [ -50.683696, -13.443731 ], [ -50.665001, -13.44185 ], [ -50.662848, -13.419327 ], [ -50.668688, -13.398783 ], [ -50.665194, -13.375706 ], [ -50.645905, -13.360744 ], [ -50.638491, -13.345182 ], [ -50.623773, -13.334255 ], [ -50.611691, -13.316188 ], [ -50.611972, -13.337058 ], [ -50.607015, -13.345571 ], [ -50.607657, -13.352452 ], [ -50.587915, -13.365526 ], [ -50.589219, -13.37361 ], [ -50.574995, -13.388373 ], [ -50.576192, -13.390642 ], [ -50.586218, -13.388741 ], [ -50.59486, -13.397249 ], [ -50.593686, -13.403778 ], [ -50.580669, -13.407655 ], [ -50.572244, -13.406043 ], [ -50.570304, -13.415186 ], [ -50.554944, -13.421671 ], [ -50.55569, -13.430941 ], [ -50.549748, -13.434516 ], [ -50.545749, -13.44428 ], [ -50.539997, -13.444225 ], [ -50.544014, -13.452684 ], [ -50.540802, -13.460021 ], [ -50.531725, -13.45876 ], [ -50.527608, -13.463442 ], [ -50.517862, -13.463812 ], [ -50.517499, -13.472336 ], [ -50.527418, -13.494023 ], [ -50.541527, -13.505935 ], [ -50.530146, -13.509163 ], [ -50.526805, -13.51784 ], [ -50.513966, -13.520857 ], [ -50.49825, -13.551239 ], [ -50.467863, -13.564033 ], [ -50.463801, -13.570291 ], [ -50.463109, -13.582806 ], [ -50.457556, -13.588915 ], [ -50.458892, -13.594828 ], [ -50.456586, -13.593801 ], [ -50.452497, -13.602106 ], [ -50.464244, -13.603956 ], [ -50.458468, -13.60834 ], [ -50.459358, -13.619326 ], [ -50.460801, -13.62216 ], [ -50.467797, -13.619787 ], [ -50.470579, -13.627344 ], [ -50.460632, -13.638027 ], [ -50.465779, -13.64988 ], [ -50.462036, -13.649611 ], [ -50.459416, -13.65635 ], [ -50.461663, -13.661182 ], [ -50.473968, -13.665942 ], [ -50.476444, -13.676679 ], [ -50.464025, -13.683252 ], [ -50.458802, -13.693545 ], [ -50.460858, -13.700823 ], [ -50.467381, -13.69917 ], [ -50.472658, -13.706754 ], [ -50.471443, -13.717449 ], [ -50.466718, -13.716857 ], [ -50.470163, -13.723332 ], [ -50.464721, -13.729987 ], [ -50.466425, -13.73339 ], [ -50.466936, -13.738094 ], [ -50.482194, -13.744334 ], [ -50.484472, -13.748441 ], [ -50.458668, -13.757311 ], [ -50.439905, -13.774159 ], [ -50.43511, -13.802627 ], [ -50.424285, -13.822568 ], [ -50.372331, -13.852388 ], [ -50.385682, -13.877373 ], [ -50.367189, -13.911033 ], [ -50.36305, -13.931848 ], [ -50.355916, -13.9384 ], [ -50.342499, -13.967552 ], [ -50.325573, -13.983062 ], [ -50.301472, -13.985689 ], [ -50.285943, -13.994584 ], [ -50.158436, -14.004224 ], [ -50.158086, -14.00425 ], [ -50.157883, -14.018238 ], [ -50.148776, -14.041947 ], [ -50.150277, -14.054003 ], [ -50.146031, -14.072744 ], [ -50.150911, -14.082015 ], [ -50.141775, -14.110344 ], [ -50.145991, -14.121519 ], [ -50.14334, -14.125138 ], [ -50.182438, -14.167634 ], [ -50.263334, -14.255507 ], [ -50.352169, -14.351919 ], [ -50.346111, -14.355143 ], [ -50.346552, -14.366107 ], [ -50.337351, -14.370342 ], [ -50.339798, -14.377688 ], [ -50.337997, -14.3891 ], [ -50.334662, -14.388454 ], [ -50.332778, -14.394163 ], [ -50.329883, -14.391521 ], [ -50.331254, -14.396432 ], [ -50.321916, -14.413518 ], [ -50.322829, -14.417232 ], [ -50.317968, -14.424744 ], [ -50.311721, -14.427254 ], [ -50.311494, -14.438131 ], [ -50.299854, -14.443252 ], [ -50.303051, -14.45578 ], [ -50.297335, -14.465362 ], [ -50.303438, -14.473181 ], [ -50.299245, -14.477701 ], [ -50.300807, -14.485863 ], [ -50.306546, -14.487151 ], [ -50.306718, -14.491691 ], [ -50.295271, -14.501877 ], [ -50.2883, -14.501572 ], [ -50.287523, -14.507447 ], [ -50.282576, -14.508146 ], [ -50.278638, -14.515644 ], [ -50.280751, -14.521361 ], [ -50.277775, -14.521712 ], [ -50.276994, -14.526778 ], [ -50.270852, -14.526222 ], [ -50.27144, -14.534812 ], [ -50.266502, -14.537679 ], [ -50.268776, -14.545394 ], [ -50.271499, -14.543506 ], [ -50.277161, -14.545085 ], [ -50.277334, -14.548615 ], [ -50.279741, -14.547106 ], [ -50.287888, -14.556199 ], [ -50.285966, -14.562898 ], [ -50.295157, -14.567113 ], [ -50.292278, -14.568906 ], [ -50.294324, -14.580886 ], [ -50.282636, -14.591057 ], [ -50.271946, -14.593259 ], [ -50.26657, -14.602563 ], [ -50.261472, -14.601537 ], [ -50.252914, -14.612901 ], [ -50.245859, -14.612956 ], [ -50.239218, -14.618166 ], [ -50.241301, -14.626608 ], [ -50.238307, -14.629123 ], [ -50.242474, -14.632413 ], [ -50.239434, -14.639098 ], [ -50.241085, -14.645879 ], [ -50.234955, -14.649073 ], [ -50.235015, -14.649197 ], [ -50.267397, -14.715592 ], [ -50.276356, -14.733958 ], [ -50.291809, -14.739077 ], [ -50.299995, -14.739397 ], [ -50.310944, -14.730938 ], [ -50.315578, -14.731868 ], [ -50.323802, -14.725132 ], [ -50.33127, -14.72426 ], [ -50.338976, -14.728107 ], [ -50.36616, -14.7249 ], [ -50.387082, -14.730179 ], [ -50.414103, -14.729959 ], [ -50.421217, -14.736157 ], [ -50.445218, -14.723932 ], [ -50.444579, -14.737187 ], [ -50.448111, -14.74029 ], [ -50.436244, -14.748201 ], [ -50.438609, -14.757362 ], [ -50.433277, -14.763865 ], [ -50.42341, -14.762271 ], [ -50.412435, -14.791838 ], [ -50.414931, -14.797468 ], [ -50.408882, -14.797351 ], [ -50.40672, -14.801051 ], [ -50.406441, -14.798241 ], [ -50.399658, -14.797757 ], [ -50.395494, -14.790574 ], [ -50.392018, -14.795625 ], [ -50.386473, -14.790891 ], [ -50.38736, -14.797059 ], [ -50.379557, -14.81205 ], [ -50.371522, -14.812555 ], [ -50.364581, -14.80753 ], [ -50.362775, -14.812237 ], [ -50.356634, -14.811564 ], [ -50.356799, -14.817905 ], [ -50.352937, -14.822693 ], [ -50.356383, -14.821619 ], [ -50.356824, -14.8286 ], [ -50.351382, -14.833918 ], [ -50.343857, -14.832337 ], [ -50.339639, -14.835574 ], [ -50.350276, -14.847227 ], [ -50.350276, -14.851124 ], [ -50.340141, -14.848897 ], [ -50.341416, -14.852526 ], [ -50.332607, -14.860722 ], [ -50.3358, -14.870255 ], [ -50.31919, -14.875876 ], [ -50.316918, -14.883829 ], [ -50.319306, -14.888289 ], [ -50.302666, -14.898342 ], [ -50.306082, -14.901167 ], [ -50.305297, -14.905783 ], [ -50.312778, -14.906462 ], [ -50.313385, -14.909549 ], [ -50.313355, -14.913445 ], [ -50.305609, -14.919554 ], [ -50.305663, -14.925716 ], [ -50.317472, -14.929958 ], [ -50.321053, -14.937405 ], [ -50.314077, -14.943427 ], [ -50.303328, -14.939382 ], [ -50.290442, -14.943209 ], [ -50.286808, -14.947623 ], [ -50.280362, -14.946138 ], [ -50.280052, -14.95058 ], [ -50.275499, -14.950914 ], [ -50.268078, -14.959659 ], [ -50.254463, -14.95876 ], [ -50.243321, -14.966415 ], [ -50.242101, -14.982428 ], [ -50.235368, -14.991099 ], [ -50.236105, -15.012197 ], [ -50.219667, -15.018369 ], [ -50.204657, -15.018758 ], [ -50.200055, -15.021885 ], [ -50.207389, -15.030622 ], [ -50.184248, -15.036865 ], [ -50.18386, -15.043003 ], [ -50.188251, -15.047712 ], [ -50.198827, -15.048719 ], [ -50.19058, -15.058935 ], [ -50.186658, -15.056616 ], [ -50.172797, -15.058232 ], [ -50.169326, -15.063551 ], [ -50.163913, -15.064587 ], [ -50.161641, -15.074082 ], [ -50.157777, -15.073665 ], [ -50.151271, -15.081042 ], [ -50.144299, -15.078786 ], [ -50.140221, -15.082686 ], [ -50.134852, -15.07645 ], [ -50.127861, -15.0794 ], [ -50.128718, -15.084346 ], [ -50.122933, -15.086776 ], [ -50.124109, -15.091774 ], [ -50.112772, -15.098319 ], [ -50.11247, -15.10505 ], [ -50.120221, -15.110632 ], [ -50.11497, -15.117476 ], [ -50.111683, -15.115455 ], [ -50.11272, -15.120434 ], [ -50.102274, -15.11928 ], [ -50.099103, -15.125278 ], [ -50.088081, -15.126054 ], [ -50.078127, -15.135944 ], [ -50.064584, -15.132807 ], [ -50.054436, -15.12398 ], [ -50.049105, -15.128001 ], [ -50.045972, -15.136858 ], [ -50.035244, -15.145275 ], [ -50.039827, -15.154499 ], [ -50.051466, -15.164687 ], [ -50.055135, -15.182575 ], [ -50.03905, -15.196155 ], [ -50.040883, -15.201552 ], [ -50.056194, -15.221865 ], [ -50.066402, -15.228475 ], [ -50.078881, -15.235562 ], [ -50.084169, -15.246135 ], [ -50.086661, -15.25289 ], [ -50.084803, -15.260208 ], [ -50.105581, -15.285628 ], [ -50.101826, -15.314976 ], [ -50.112219, -15.321498 ], [ -50.12072, -15.332711 ], [ -50.131385, -15.337587 ], [ -50.131023, -15.350722 ], [ -50.123332, -15.356163 ], [ -50.12327, -15.36603 ], [ -50.13905, -15.39996 ], [ -50.130666, -15.395868 ], [ -50.125055, -15.379365 ], [ -50.113472, -15.370534 ], [ -50.095187, -15.367932 ], [ -50.093107, -15.37058 ], [ -50.087774, -15.36533 ], [ -50.058741, -15.363639 ], [ -50.052551, -15.365855 ], [ -50.049327, -15.359079 ], [ -50.044382, -15.357883 ], [ -50.038047, -15.36026 ], [ -50.01674, -15.358644 ], [ -50.013606, -15.362414 ], [ -50.01591, -15.370436 ], [ -50.012934, -15.372664 ], [ -50.005939, -15.369124 ], [ -50.001916, -15.372567 ], [ -49.994659, -15.371622 ], [ -49.989892, -15.367147 ], [ -49.984243, -15.365808 ], [ -49.9771, -15.371482 ], [ -49.966969, -15.364985 ], [ -49.957494, -15.362205 ], [ -49.953189, -15.36413 ], [ -49.949554, -15.35988 ], [ -49.942387, -15.361491 ], [ -49.93777, -15.358006 ], [ -49.932939, -15.366496 ], [ -49.925967, -15.367083 ], [ -49.922275, -15.363856 ], [ -49.908052, -15.370469 ], [ -49.915133, -15.38141 ], [ -49.904351, -15.384353 ], [ -49.883867, -15.399446 ], [ -49.881635, -15.401647 ], [ -49.872437, -15.394125 ], [ -49.864157, -15.392426 ], [ -49.859667, -15.392652 ], [ -49.862517, -15.394934 ], [ -49.861553, -15.423865 ], [ -49.862151, -15.433505 ], [ -49.861925, -15.438124 ], [ -49.860609, -15.449345 ], [ -49.875359, -15.461206 ], [ -49.875746, -15.466516 ], [ -49.886384, -15.478194 ], [ -49.889019, -15.507071 ], [ -49.881749, -15.518004 ], [ -49.863213, -15.524129 ], [ -49.858867, -15.529981 ], [ -49.854297, -15.533089 ], [ -49.842718, -15.529868 ], [ -49.8368, -15.53808 ], [ -49.808435, -15.532916 ], [ -49.788438, -15.539941 ], [ -49.786662, -15.536569 ], [ -49.779273, -15.534076 ], [ -49.772713, -15.545728 ], [ -49.764132, -15.537185 ], [ -49.75761, -15.541054 ], [ -49.754329, -15.535575 ], [ -49.732772, -15.524888 ], [ -49.732386, -15.529067 ], [ -49.728914, -15.529739 ], [ -49.721659, -15.523079 ], [ -49.72819, -15.534514 ], [ -49.713221, -15.531246 ], [ -49.712302, -15.534972 ], [ -49.705129, -15.534725 ], [ -49.696581, -15.544774 ], [ -49.693217, -15.554273 ], [ -49.699718, -15.575207 ], [ -49.698606, -15.581615 ], [ -49.703766, -15.585907 ], [ -49.705488, -15.598075 ], [ -49.701449, -15.60228 ], [ -49.701409, -15.610977 ], [ -49.709303, -15.625955 ], [ -49.714192, -15.627267 ], [ -49.71483, -15.633308 ], [ -49.722913, -15.638888 ], [ -49.730664, -15.652381 ], [ -49.735437, -15.651103 ], [ -49.736412, -15.641979 ], [ -49.740691, -15.643068 ], [ -49.745965, -15.649126 ], [ -49.744102, -15.656167 ], [ -49.747999, -15.664086 ], [ -49.748602, -15.673371 ], [ -49.720608, -15.689097 ], [ -49.719095, -15.694949 ], [ -49.698113, -15.720693 ], [ -49.702692, -15.73937 ], [ -49.692225, -15.744748 ], [ -49.684354, -15.754326 ], [ -49.684632, -15.763699 ], [ -49.697383, -15.784308 ], [ -49.69738, -15.791133 ], [ -49.690438, -15.798478 ], [ -49.692632, -15.80558 ], [ -49.696965, -15.825231 ], [ -49.689048, -15.82665 ], [ -49.685075, -15.832043 ], [ -49.687369, -15.841421 ], [ -49.679081, -15.848217 ], [ -49.680911, -15.854401 ], [ -49.688102, -15.858286 ], [ -49.680128, -15.865276 ], [ -49.678241, -15.881927 ], [ -49.683658, -15.900769 ], [ -49.671047, -15.913447 ], [ -49.681857, -15.938211 ], [ -49.680636, -15.945663 ], [ -49.684935, -15.961698 ], [ -49.663503, -15.987599 ], [ -49.637683, -16.020163 ], [ -49.646382, -16.031887 ], [ -49.680082, -16.041495 ], [ -49.677504, -16.049524 ], [ -49.667994, -16.05891 ], [ -49.665383, -16.067725 ], [ -49.655269, -16.076285 ], [ -49.659022, -16.104832 ], [ -49.653305, -16.105191 ], [ -49.648659, -16.115411 ], [ -49.643018, -16.115414 ], [ -49.654113, -16.12453 ], [ -49.702282, -16.164096 ], [ -49.735691, -16.191526 ], [ -49.741022, -16.205438 ], [ -49.755188, -16.221371 ], [ -49.755668, -16.231692 ], [ -49.752718, -16.260155 ], [ -49.749132, -16.262021 ], [ -49.7548, -16.27389 ], [ -49.752219, -16.278102 ], [ -49.737692, -16.283545 ], [ -49.737289, -16.284521 ], [ -49.734434, -16.289613 ], [ -49.738159, -16.296503 ], [ -49.737831, -16.30865 ], [ -49.733577, -16.307131 ], [ -49.731106, -16.312347 ], [ -49.735711, -16.317921 ], [ -49.724415, -16.331224 ], [ -49.727133, -16.334499 ], [ -49.724101, -16.336214 ], [ -49.73041, -16.343049 ], [ -49.726243, -16.360372 ], [ -49.737105, -16.376498 ], [ -49.734494, -16.381212 ], [ -49.736436, -16.385714 ], [ -49.725741, -16.385904 ], [ -49.728387, -16.392901 ], [ -49.724799, -16.398157 ], [ -49.725766, -16.408506 ], [ -49.72122, -16.411823 ], [ -49.719932, -16.420218 ], [ -49.715291, -16.421126 ], [ -49.715801, -16.436137 ], [ -49.722049, -16.440744 ], [ -49.73847, -16.441529 ], [ -49.76761, -16.433498 ], [ -49.774417, -16.435844 ], [ -49.772049, -16.425797 ], [ -49.787994, -16.408066 ], [ -49.808468, -16.403951 ], [ -49.814521, -16.397658 ], [ -49.819744, -16.385852 ], [ -49.819829, -16.381039 ], [ -49.816438, -16.380426 ], [ -49.800105, -16.362117 ], [ -49.793767, -16.361233 ], [ -49.774411, -16.371027 ], [ -49.762157, -16.367075 ], [ -49.751602, -16.368182 ], [ -49.743329, -16.36197 ], [ -49.745911, -16.349546 ], [ -49.749103, -16.348194 ], [ -49.748771, -16.338939 ], [ -49.754296, -16.337913 ], [ -49.757835, -16.319639 ], [ -49.764967, -16.315406 ], [ -49.768822, -16.306322 ], [ -49.785384, -16.298176 ], [ -49.798328, -16.299084 ], [ -49.80861, -16.291787 ], [ -49.811125, -16.282926 ], [ -49.820969, -16.275187 ], [ -49.83624, -16.276009 ], [ -49.845137, -16.282343 ], [ -49.856406, -16.277343 ], [ -49.867501, -16.28029 ], [ -49.873903, -16.285053 ], [ -49.878132, -16.275179 ], [ -49.871521, -16.266021 ], [ -49.880662, -16.258009 ], [ -49.911715, -16.257594 ], [ -49.919443, -16.260556 ], [ -49.935275, -16.244485 ], [ -49.944519, -16.24492 ], [ -49.958971, -16.259896 ], [ -49.968465, -16.279998 ], [ -49.977048, -16.279422 ], [ -49.986385, -16.293341 ], [ -49.986832, -16.306778 ], [ -49.982356, -16.310031 ], [ -49.979559, -16.323008 ], [ -49.982864, -16.326158 ], [ -49.982953, -16.326336 ], [ -49.982713, -16.331032 ], [ -49.986611, -16.328231 ], [ -50.008631, -16.330072 ], [ -50.012966, -16.31713 ], [ -50.021328, -16.314592 ], [ -50.0243, -16.305071 ], [ -50.030294, -16.301175 ], [ -50.044552, -16.310719 ], [ -50.029965, -16.279914 ], [ -50.030294, -16.251449 ], [ -50.04983, -16.261254 ], [ -50.048075, -16.265325 ], [ -50.062933, -16.290098 ], [ -50.073139, -16.290736 ], [ -50.098824, -16.279919 ], [ -50.115635, -16.296463 ], [ -50.134718, -16.309161 ], [ -50.138627, -16.328631 ], [ -50.140909, -16.320946 ], [ -50.162135, -16.321016 ], [ -50.184279, -16.299749 ], [ -50.201965, -16.298824 ], [ -50.21866, -16.305672 ], [ -50.228049, -16.297251 ], [ -50.226468, -16.283675 ], [ -50.217488, -16.277128 ], [ -50.209158, -16.275148 ], [ -50.202216, -16.263414 ], [ -50.205407, -16.258069 ], [ -50.21044, -16.258068 ], [ -50.223548, -16.237644 ], [ -50.247686, -16.200014 ], [ -50.258522, -16.189866 ], [ -50.262497, -16.169532 ], [ -50.266381, -16.171817 ], [ -50.272155, -16.169114 ], [ -50.281581, -16.157173 ], [ -50.311714, -16.158588 ], [ -50.320607, -16.152027 ], [ -50.326441, -16.149614 ], [ -50.331859, -16.151512 ], [ -50.335104, -16.146921 ], [ -50.343072, -16.147807 ], [ -50.342974, -16.153255 ], [ -50.349692, -16.151962 ], [ -50.359989, -16.158885 ], [ -50.369494, -16.141925 ], [ -50.366472, -16.134027 ], [ -50.372026, -16.129742 ], [ -50.368245, -16.124275 ], [ -50.375413, -16.113633 ], [ -50.374608, -16.106028 ], [ -50.378527, -16.105377 ], [ -50.367518, -16.081021 ], [ -50.358884, -16.082374 ], [ -50.354943, -16.078433 ], [ -50.366969, -16.075282 ], [ -50.380941, -16.077939 ], [ -50.390914, -16.084205 ], [ -50.397574, -16.081367 ], [ -50.405523, -16.090647 ], [ -50.420387, -16.090077 ], [ -50.433694, -16.095106 ], [ -50.439967, -16.101246 ], [ -50.439939, -16.112729 ], [ -50.443354, -16.11692 ], [ -50.477498, -16.119506 ], [ -50.473106, -16.091878 ], [ -50.474864, -16.067737 ], [ -50.483545, -16.051161 ], [ -50.488354, -16.048225 ], [ -50.489158, -16.040264 ], [ -50.50944, -16.036407 ], [ -50.513691, -16.032732 ], [ -50.51236, -16.025428 ], [ -50.504669, -16.018089 ], [ -50.505772, -16.007871 ], [ -50.557898, -16.029919 ] ] ] } },
{ "type": "Feature", "properties": { "HREG_ID": "52013", "HREG_NAME": "São Patricio I", "id": "520495", "name": "Campos Verdes", "description": "Campos Verdes", "MUN_ID": "520495", "UF": "GO", "MACRO_ID": "5209", "MACRO_NAME": "Macrorregião Centro-Norte" }, "geometry": { "type": "Polygon", "coordinates": [ [ [ -49.754329, -15.535575 ], [ -49.75761, -15.541054 ], [ -49.764132, -15.537185 ], [ -49.772713, -15.545728 ], [ -49.779273, -15.534076 ], [ -49.786662, -15.536569 ], [ -49.788438, -15.539941 ], [ -49.808435, -15.532916 ], [ -49.8368, -15.53808 ], [ -49.842718, -15.529868 ], [ -49.854297, -15.533089 ], [ -49.858867, -15.529981 ], [ -49.863213, -15.524129 ], [ -49.881749, -15.518004 ], [ -49.889019, -15.507071 ], [ -49.886384, -15.478194 ], [ -49.875746, -15.466516 ], [ -49.875359, -15.461206 ], [ -49.860609, -15.449345 ], [ -49.861925, -15.438124 ], [ -49.862151, -15.433505 ], [ -49.861553, -15.423865 ], [ -49.862517, -15.394934 ], [ -49.859667, -15.392652 ], [ -49.864157, -15.392426 ], [ -49.872437, -15.394125 ], [ -49.881635, -15.401647 ], [ -49.883867, -15.399446 ], [ -49.904351, -15.384353 ], [ -49.915133, -15.38141 ], [ -49.908052, -15.370469 ], [ -49.922275, -15.363856 ], [ -49.925967, -15.367083 ], [ -49.932939, -15.366496 ], [ -49.93777, -15.358006 ], [ -49.942387, -15.361491 ], [ -49.949554, -15.35988 ], [ -49.953189, -15.36413 ], [ -49.957494, -15.362205 ], [ -49.966969, -15.364985 ], [ -49.9771, -15.371482 ], [ -49.984243, -15.365808 ], [ -49.989892, -15.367147 ], [ -49.994659, -15.371622 ], [ -50.001916, -15.372567 ], [ -50.005939, -15.369124 ], [ -50.012934, -15.372664 ], [ -50.01591, -15.370436 ], [ -50.013606, -15.362414 ], [ -50.01674, -15.358644 ], [ -50.038047, -15.36026 ], [ -50.044382, -15.357883 ], [ -50.049327, -15.359079 ], [ -50.052551, -15.365855 ], [ -50.058741, -15.363639 ], [ -50.087774, -15.36533 ], [ -50.093107, -15.37058 ], [ -50.095187, -15.367932 ], [ -50.113472, -15.370534 ], [ -50.125055, -15.379365 ], [ -50.130666, -15.395868 ], [ -50.13905, -15.39996 ], [ -50.12327, -15.36603 ], [ -50.123332, -15.356163 ], [ -50.131023, -15.350722 ], [ -50.131385, -15.337587 ], [ -50.12072, -15.332711 ], [ -50.112219, -15.321498 ], [ -50.101826, -15.314976 ], [ -50.105581, -15.285628 ], [ -50.084803, -15.260208 ], [ -50.086661, -15.25289 ], [ -50.084169, -15.246135 ], [ -50.078881, -15.235562 ], [ -50.066402, -15.228475 ], [ -50.056194, -15.221865 ], [ -50.040883, -15.201552 ], [ -50.03905, -15.196155 ], [ -50.055135, -15.182575 ], [ -50.051466, -15.164687 ], [ -50.039827, -15.154499 ], [ -50.035244, -15.145275 ], [ -50.045972, -15.136858 ], [ -50.049105, -15.128001 ], [ -50.054436, -15.12398 ], [ -50.064584, -15.132807 ], [ -50.078127, -15.135944 ], [ -50.088081, -15.126054 ], [ -50.099103, -15.125278 ], [ -50.102274, -15.11928 ], [ -50.11272, -15.120434 ], [ -50.111683, -15.115455 ], [ -50.11497, -15.117476 ], [ -50.120221, -15.110632 ], [ -50.11247, -15.10505 ], [ -50.112772, -15.098319 ], [ -50.124109, -15.091774 ], [ -50.122933, -15.086776 ], [ -50.128718, -15.084346 ], [ -50.127861, -15.0794 ], [ -50.134852, -15.07645 ], [ -50.140221, -15.082686 ], [ -50.144299, -15.078786 ], [ -50.151271, -15.081042 ], [ -50.157777, -15.073665 ], [ -50.161641, -15.074082 ], [ -50.163913, -15.064587 ], [ -50.169326, -15.063551 ], [ -50.172797, -15.058232 ], [ -50.186658, -15.056616 ], [ -50.19058, -15.058935 ], [ -50.198827, -15.048719 ], [ -50.188251, -15.047712 ], [ -50.18386, -15.043003 ], [ -50.184248, -15.036865 ], [ -50.207389, -15.030622 ], [ -50.200055, -15.021885 ], [ -50.204657, -15.018758 ], [ -50.219667, -15.018369 ], [ -50.236105, -15.012197 ], [ -50.235368, -14.991099 ], [ -50.242101, -14.982428 ], [ -50.243321, -14.966415 ], [ -50.254463, -14.95876 ], [ -50.268078, -14.959659 ], [ -50.275499, -14.950914 ], [ -50.280052, -14.95058 ], [ -50.280362, -14.946138 ], [ -50.286808, -14.947623 ], [ -50.290442, -14.943209 ], [ -50.303328, -14.939382 ], [ -50.314077, -14.943427 ], [ -50.321053, -14.937405 ], [ -50.317472, -14.929958 ], [ -50.305663, -14.925716 ], [ -50.305609, -14.919554 ], [ -50.313355, -14.913445 ], [ -50.313385, -14.909549 ], [ -50.312778, -14.906462 ], [ -50.305297, -14.905783 ], [ -50.306082, -14.901167 ], [ -50.302666, -14.898342 ], [ -50.319306, -14.888289 ], [ -50.316918, -14.883829 ], [ -50.31919, -14.875876 ], [ -50.3358, -14.870255 ], [ -50.332607, -14.860722 ], [ -50.341416, -14.852526 ], [ -50.340141, -14.848897 ], [ -50.350276, -14.851124 ], [ -50.350276, -14.847227 ], [ -50.339639, -14.835574 ], [ -50.343857, -14.832337 ], [ -50.351382, -14.833918 ], [ -50.356824, -14.8286 ], [ -50.356383, -14.821619 ], [ -50.352937, -14.822693 ], [ -50.356799, -14.817905 ], [ -50.356634, -14.811564 ], [ -50.362775, -14.812237 ], [ -50.364581, -14.80753 ], [ -50.371522, -14.812555 ], [ -50.379557, -14.81205 ], [ -50.38736, -14.797059 ], [ -50.386473, -14.790891 ], [ -50.392018, -14.795625 ], [ -50.395494, -14.790574 ], [ -50.399658, -14.797757 ], [ -50.406441, -14.798241 ], [ -50.40672, -14.801051 ], [ -50.408882, -14.797351 ], [ -50.414931, -14.797468 ], [ -50.412435, -14.791838 ], [ -50.42341, -14.762271 ], [ -50.433277, -14.763865 ], [ -50.438609, -14.757362 ], [ -50.436244, -14.748201 ], [ -50.448111, -14.74029 ], [ -50.444579, -14.737187 ], [ -50.445218, -14.723932 ], [ -50.421217, -14.736157 ], [ -50.414103, -14.729959 ], [ -50.387082, -14.730179 ], [ -50.36616, -14.7249 ], [ -50.338976, -14.728107 ], [ -50.33127, -14.72426 ], [ -50.323802, -14.725132 ], [ -50.315578, -14.731868 ], [ -50.310944, -14.730938 ], [ -50.299995, -14.739397 ], [ -50.291809, -14.739077 ], [ -50.276356, -14.733958 ], [ -50.267397, -14.715592 ], [ -50.235015, -14.649197 ], [ -50.234955, -14.649073 ], [ -50.241085, -14.645879 ], [ -50.239434, -14.639098 ], [ -50.242474, -14.632413 ], [ -50.238307, -14.629123 ], [ -50.241301, -14.626608 ], [ -50.239218, -14.618166 ], [ -50.245859, -14.612956 ], [ -50.252914, -14.612901 ], [ -50.261472, -14.601537 ], [ -50.26657, -14.602563 ], [ -50.271946, -14.593259 ], [ -50.282636, -14.591057 ], [ -50.294324, -14.580886 ], [ -50.292278, -14.568906 ], [ -50.295157, -14.567113 ], [ -50.285966, -14.562898 ], [ -50.287888, -14.556199 ], [ -50.279741, -14.547106 ], [ -50.277334, -14.548615 ], [ -50.277161, -14.545085 ], [ -50.271499, -14.543506 ], [ -50.268776, -14.545394 ], [ -50.266502, -14.537679 ], [ -50.27144, -14.534812 ], [ -50.270852, -14.526222 ], [ -50.276994, -14.526778 ], [ -50.277775, -14.521712 ], [ -50.280751, -14.521361 ], [ -50.278638, -14.515644 ], [ -50.282576, -14.508146 ], [ -50.287523, -14.507447 ], [ -50.2883, -14.501572 ], [ -50.295271, -14.501877 ], [ -50.306718, -14.491691 ], [ -50.306546, -14.487151 ], [ -50.300807, -14.485863 ], [ -50.299245, -14.477701 ], [ -50.303438, -14.473181 ], [ -50.297335, -14.465362 ], [ -50.303051, -14.45578 ], [ -50.299854, -14.443252 ], [ -50.311494, -14.438131 ], [ -50.311721, -14.427254 ], [ -50.317968, -14.424744 ], [ -50.322829, -14.417232 ], [ -50.321916, -14.413518 ], [ -50.331254, -14.396432 ], [ -50.329883, -14.391521 ], [ -50.332778, -14.394163 ], [ -50.334662, -14.388454 ], [ -50.337997, -14.3891 ], [ -50.339798, -14.377688 ], [ -50.337351, -14.370342 ], [ -50.346552, -14.366107 ], [ -50.346111, -14.355143 ], [ -50.352169, -14.351919 ], [ -50.263334, -14.255507 ], [ -50.182438, -14.167634 ], [ -50.14334, -14.125138 ], [ -50.145991, -14.121519 ], [ -50.141775, -14.110344 ], [ -50.150911, -14.082015 ], [ -50.146031, -14.072744 ], [ -50.150277, -14.054003 ], [ -50.148776, -14.041947 ], [ -50.157883, -14.018238 ], [ -50.158086, -14.00425 ], [ -50.061007, -14.01208 ], [ -50.002492, -14.016779 ], [ -49.950612, -14.021337 ], [ -49.940554, -14.010934 ], [ -49.937526, -13.978351 ], [ -49.924879, -13.96323 ], [ -49.925804, -13.950001 ], [ -49.919468, -13.937854 ], [ -49.923997, -13.928153 ], [ -49.938192, -13.920165 ], [ -49.94264, -13.91417 ], [ -49.936306, -13.895329 ], [ -49.945854, -13.891695 ], [ -49.948275, -13.894412 ], [ -49.945778, -13.900306 ], [ -49.949659, -13.901119 ], [ -49.955134, -13.894399 ], [ -49.952163, -13.88489 ], [ -49.936145, -13.884094 ], [ -49.92572, -13.889999 ], [ -49.922466, -13.885561 ], [ -49.918193, -13.893994 ], [ -49.903077, -13.901083 ], [ -49.872473, -13.896942 ], [ -49.864971, -13.912543 ], [ -49.855136, -13.915 ], [ -49.84847, -13.912101 ], [ -49.847889, -13.89942 ], [ -49.837495, -13.899064 ], [ -49.833691, -13.90378 ], [ -49.827693, -13.917746 ], [ -49.82908, -13.929157 ], [ -49.817972, -13.940048 ], [ -49.817696, -13.950289 ], [ -49.811388, -13.949927 ], [ -49.809995, -13.951835 ], [ -49.813249, -13.9531 ], [ -49.807583, -13.959267 ], [ -49.797381, -13.961358 ], [ -49.800995, -13.963711 ], [ -49.793938, -13.974137 ], [ -49.804916, -13.977753 ], [ -49.810026, -13.98328 ], [ -49.811129, -13.988268 ], [ -49.800357, -13.991173 ], [ -49.79825, -13.996342 ], [ -49.79888, -14.000103 ], [ -49.808687, -14.003428 ], [ -49.808527, -14.007779 ], [ -49.800803, -14.008477 ], [ -49.799058, -14.014074 ], [ -49.802161, -14.016199 ], [ -49.799714, -14.018891 ], [ -49.790137, -14.002874 ], [ -49.78397, -14.003956 ], [ -49.782658, -14.016447 ], [ -49.772094, -14.014184 ], [ -49.769163, -14.029298 ], [ -49.764354, -14.033128 ], [ -49.758332, -14.032762 ], [ -49.75422, -14.040722 ], [ -49.745671, -14.046165 ], [ -49.744998, -14.052779 ], [ -49.753547, -14.057808 ], [ -49.754582, -14.063893 ], [ -49.759357, -14.067504 ], [ -49.75645, -14.069649 ], [ -49.753163, -14.070588 ], [ -49.756023, -14.083143 ], [ -49.749606, -14.08468 ], [ -49.744579, -14.079795 ], [ -49.744834, -14.069727 ], [ -49.726112, -14.073156 ], [ -49.721887, -14.06275 ], [ -49.712074, -14.06105 ], [ -49.710217, -14.056403 ], [ -49.697857, -14.055302 ], [ -49.693413, -14.061218 ], [ -49.688636, -14.058149 ], [ -49.679459, -14.059688 ], [ -49.681938, -14.074998 ], [ -49.663306, -14.083319 ], [ -49.658829, -14.090416 ], [ -49.645772, -14.093202 ], [ -49.658081, -14.106992 ], [ -49.645495, -14.110235 ], [ -49.64433, -14.107232 ], [ -49.640469, -14.117052 ], [ -49.634967, -14.11733 ], [ -49.634659, -14.112702 ], [ -49.630721, -14.109374 ], [ -49.628001, -14.112138 ], [ -49.625553, -14.107377 ], [ -49.622692, -14.11268 ], [ -49.618969, -14.112623 ], [ -49.621798, -14.114847 ], [ -49.619001, -14.116256 ], [ -49.621384, -14.129174 ], [ -49.609439, -14.132417 ], [ -49.606105, -14.137171 ], [ -49.600855, -14.134009 ], [ -49.59508, -14.135185 ], [ -49.597275, -14.131859 ], [ -49.592633, -14.125863 ], [ -49.58977, -14.123689 ], [ -49.572416, -14.129371 ], [ -49.569554, -14.139398 ], [ -49.56438, -14.141574 ], [ -49.570355, -14.146749 ], [ -49.567186, -14.152495 ], [ -49.560888, -14.150586 ], [ -49.561106, -14.153674 ], [ -49.548074, -14.155448 ], [ -49.545472, -14.167195 ], [ -49.552779, -14.17412 ], [ -49.552279, -14.18127 ], [ -49.558806, -14.180928 ], [ -49.562687, -14.191421 ], [ -49.559936, -14.199897 ], [ -49.555635, -14.20282 ], [ -49.551941, -14.201309 ], [ -49.541106, -14.208933 ], [ -49.537328, -14.20733 ], [ -49.521918, -14.212604 ], [ -49.521663, -14.21523 ], [ -49.516943, -14.214331 ], [ -49.513965, -14.220182 ], [ -49.50094, -14.226039 ], [ -49.502744, -14.229056 ], [ -49.49536, -14.230855 ], [ -49.4919, -14.236226 ], [ -49.490637, -14.239043 ], [ -49.482187, -14.237503 ], [ -49.481774, -14.248899 ], [ -49.478659, -14.246695 ], [ -49.475355, -14.250102 ], [ -49.473609, -14.258686 ], [ -49.480992, -14.268633 ], [ -49.479521, -14.276953 ], [ -49.47108, -14.276225 ], [ -49.47261, -14.279408 ], [ -49.463665, -14.282204 ], [ -49.464633, -14.287469 ], [ -49.45947, -14.291669 ], [ -49.454718, -14.284649 ], [ -49.449778, -14.286853 ], [ -49.450606, -14.280352 ], [ -49.440858, -14.279156 ], [ -49.443937, -14.27131 ], [ -49.438993, -14.271432 ], [ -49.430247, -14.257935 ], [ -49.426135, -14.259703 ], [ -49.423628, -14.268461 ], [ -49.42216, -14.274238 ], [ -49.429301, -14.28409 ], [ -49.424664, -14.290655 ], [ -49.420887, -14.288526 ], [ -49.41797, -14.29203 ], [ -49.425934, -14.299076 ], [ -49.414852, -14.304129 ], [ -49.416803, -14.311216 ], [ -49.41411, -14.327387 ], [ -49.420491, -14.329449 ], [ -49.411853, -14.33804 ], [ -49.414579, -14.343513 ], [ -49.40813, -14.354663 ], [ -49.408412, -14.361735 ], [ -49.405524, -14.361966 ], [ -49.406382, -14.368499 ], [ -49.399632, -14.373398 ], [ -49.409606, -14.378225 ], [ -49.41269, -14.386221 ], [ -49.420109, -14.386946 ], [ -49.415495, -14.392597 ], [ -49.408132, -14.393058 ], [ -49.407776, -14.400027 ], [ -49.396803, -14.401898 ], [ -49.401133, -14.412355 ], [ -49.407217, -14.416768 ], [ -49.408911, -14.429288 ], [ -49.403749, -14.435379 ], [ -49.403581, -14.441629 ], [ -49.356324, -14.499892 ], [ -49.355196, -14.504899 ], [ -49.369497, -14.514321 ], [ -49.374909, -14.504783 ], [ -49.387999, -14.507146 ], [ -49.396077, -14.523828 ], [ -49.393566, -14.534648 ], [ -49.400718, -14.532997 ], [ -49.41674, -14.536965 ], [ -49.446356, -14.557182 ], [ -49.453151, -14.569102 ], [ -49.450305, -14.576494 ], [ -49.453908, -14.584909 ], [ -49.437612, -14.595812 ], [ -49.428303, -14.60177 ], [ -49.434151, -14.61653 ], [ -49.434526, -14.619133 ], [ -49.447829, -14.632659 ], [ -49.459657, -14.635719 ], [ -49.457217, -14.64111 ], [ -49.462713, -14.650022 ], [ -49.460686, -14.660503 ], [ -49.478051, -14.672205 ], [ -49.481439, -14.6827 ], [ -49.493469, -14.695019 ], [ -49.507661, -14.695061 ], [ -49.510297, -14.700023 ], [ -49.517005, -14.719071 ], [ -49.520193, -14.725155 ], [ -49.532386, -14.731233 ], [ -49.531803, -14.751993 ], [ -49.524635, -14.758775 ], [ -49.531413, -14.769291 ], [ -49.527417, -14.775816 ], [ -49.514715, -14.782146 ], [ -49.511305, -14.779061 ], [ -49.509251, -14.781146 ], [ -49.493469, -14.777624 ], [ -49.483468, -14.783675 ], [ -49.468856, -14.799686 ], [ -49.464559, -14.79853 ], [ -49.461353, -14.801161 ], [ -49.455387, -14.797315 ], [ -49.451079, -14.806557 ], [ -49.446437, -14.808999 ], [ -49.44133, -14.804355 ], [ -49.427712, -14.817849 ], [ -49.427718, -14.829641 ], [ -49.408667, -14.848178 ], [ -49.404078, -14.844543 ], [ -49.404245, -14.837383 ], [ -49.393489, -14.834609 ], [ -49.385019, -14.821731 ], [ -49.378386, -14.822952 ], [ -49.370631, -14.818883 ], [ -49.363055, -14.820716 ], [ -49.35335, -14.809273 ], [ -49.340806, -14.807532 ], [ -49.338134, -14.813374 ], [ -49.324553, -14.820778 ], [ -49.31841, -14.820193 ], [ -49.316525, -14.81308 ], [ -49.306242, -14.818478 ], [ -49.295118, -14.815716 ], [ -49.294951, -14.815675 ], [ -49.271358, -14.815621 ], [ -49.248861, -14.821286 ], [ -49.245273, -14.830999 ], [ -49.241799, -14.831007 ], [ -49.242967, -14.837023 ], [ -49.239827, -14.840392 ], [ -49.243582, -14.843383 ], [ -49.240552, -14.844679 ], [ -49.243317, -14.850715 ], [ -49.238912, -14.863135 ], [ -49.235329, -14.864964 ], [ -49.222211, -14.851516 ], [ -49.205218, -14.845157 ], [ -49.195941, -14.849376 ], [ -49.194274, -14.858369 ], [ -49.184272, -14.859686 ], [ -49.180073, -14.873381 ], [ -49.193215, -14.877164 ], [ -49.205276, -14.89202 ], [ -49.20636, -14.898962 ], [ -49.179915, -14.893013 ], [ -49.104351, -14.853143 ], [ -49.092663, -14.855112 ], [ -49.088758, -14.860501 ], [ -49.09402, -14.868646 ], [ -49.089084, -14.872069 ], [ -49.090828, -14.876281 ], [ -49.084713, -14.878591 ], [ -49.084134, -14.88402 ], [ -49.091857, -14.888187 ], [ -49.093106, -14.902181 ], [ -49.089885, -14.908271 ], [ -49.09598, -14.912032 ], [ -49.101496, -14.925123 ], [ -49.098744, -14.931226 ], [ -49.110159, -14.941191 ], [ -49.120689, -14.945424 ], [ -49.117719, -14.963311 ], [ -49.124357, -14.966991 ], [ -49.128246, -14.98703 ], [ -49.134021, -14.997902 ], [ -49.134233, -14.99798 ], [ -49.289518, -14.991664 ], [ -49.28972, -15.016377 ], [ -49.29405, -15.022441 ], [ -49.291937, -15.033102 ], [ -49.30244, -15.05593 ], [ -49.299439, -15.068051 ], [ -49.30833, -15.06859 ], [ -49.310249, -15.077774 ], [ -49.306786, -15.098966 ], [ -49.312715, -15.138769 ], [ -49.307821, -15.158826 ], [ -49.308798, -15.172845 ], [ -49.317569, -15.187704 ], [ -49.319831, -15.202036 ], [ -49.326918, -15.213512 ], [ -49.32483, -15.220633 ], [ -49.327378, -15.225822 ], [ -49.323607, -15.234063 ], [ -49.339633, -15.261879 ], [ -49.342495, -15.277146 ], [ -49.342829, -15.295211 ], [ -49.353135, -15.318153 ], [ -49.359914, -15.325161 ], [ -49.354498, -15.327772 ], [ -49.354103, -15.339847 ], [ -49.348268, -15.338048 ], [ -49.33999, -15.343311 ], [ -49.330556, -15.339113 ], [ -49.328022, -15.342259 ], [ -49.320552, -15.341092 ], [ -49.319581, -15.337885 ], [ -49.314664, -15.339475 ], [ -49.313632, -15.334407 ], [ -49.306106, -15.328925 ], [ -49.287411, -15.32564 ], [ -49.282553, -15.328863 ], [ -49.280248, -15.338527 ], [ -49.263723, -15.337773 ], [ -49.262491, -15.343271 ], [ -49.260408, -15.35256 ], [ -49.275469, -15.356672 ], [ -49.284914, -15.367143 ], [ -49.285464, -15.375727 ], [ -49.276162, -15.387094 ], [ -49.287193, -15.403222 ], [ -49.297407, -15.410585 ], [ -49.289274, -15.427832 ], [ -49.29138, -15.432786 ], [ -49.283524, -15.436944 ], [ -49.290466, -15.449366 ], [ -49.295774, -15.450758 ], [ -49.302825, -15.465715 ], [ -49.31005, -15.46656 ], [ -49.312073, -15.478517 ], [ -49.309573, -15.483951 ], [ -49.313636, -15.491472 ], [ -49.33147, -15.4836 ], [ -49.338659, -15.497524 ], [ -49.378389, -15.495219 ], [ -49.38694, -15.502057 ], [ -49.428918, -15.492611 ], [ -49.436105, -15.497856 ], [ -49.436046, -15.516897 ], [ -49.440691, -15.52661 ], [ -49.45497, -15.532258 ], [ -49.460804, -15.528367 ], [ -49.487158, -15.512007 ], [ -49.506659, -15.515551 ], [ -49.507998, -15.509682 ], [ -49.502769, -15.501939 ], [ -49.511381, -15.497184 ], [ -49.515529, -15.504661 ], [ -49.520187, -15.503313 ], [ -49.517297, -15.492707 ], [ -49.521468, -15.490239 ], [ -49.519831, -15.477578 ], [ -49.528411, -15.470432 ], [ -49.529853, -15.480963 ], [ -49.534878, -15.48084 ], [ -49.535606, -15.474399 ], [ -49.543128, -15.472599 ], [ -49.544733, -15.467627 ], [ -49.550214, -15.469358 ], [ -49.554157, -15.465505 ], [ -49.562334, -15.474359 ], [ -49.568578, -15.476349 ], [ -49.567908, -15.488955 ], [ -49.575127, -15.498587 ], [ -49.574862, -15.51613 ], [ -49.563852, -15.522956 ], [ -49.561032, -15.535206 ], [ -49.551266, -15.543817 ], [ -49.553979, -15.546799 ], [ -49.556689, -15.547017 ], [ -49.560553, -15.557533 ], [ -49.562553, -15.575685 ], [ -49.560094, -15.578863 ], [ -49.558579, -15.577099 ], [ -49.556825, -15.58057 ], [ -49.559773, -15.593769 ], [ -49.563408, -15.597534 ], [ -49.559668, -15.598661 ], [ -49.557136, -15.606419 ], [ -49.559421, -15.61014 ], [ -49.559687, -15.615417 ], [ -49.559198, -15.620455 ], [ -49.55638, -15.634982 ], [ -49.558763, -15.640601 ], [ -49.571468, -15.647642 ], [ -49.590249, -15.66889 ], [ -49.600104, -15.67438 ], [ -49.605351, -15.697698 ], [ -49.611855, -15.690264 ], [ -49.616605, -15.691136 ], [ -49.63687, -15.681711 ], [ -49.639326, -15.684342 ], [ -49.635632, -15.692784 ], [ -49.646162, -15.710009 ], [ -49.644188, -15.734769 ], [ -49.649115, -15.756811 ], [ -49.659106, -15.7679 ], [ -49.667134, -15.769195 ], [ -49.678439, -15.777432 ], [ -49.674852, -15.785522 ], [ -49.676025, -15.799753 ], [ -49.689048, -15.82665 ], [ -49.696965, -15.825231 ], [ -49.692632, -15.80558 ], [ -49.690438, -15.798478 ], [ -49.69738, -15.791133 ], [ -49.697383, -15.784308 ], [ -49.684632, -15.763699 ], [ -49.684354, -15.754326 ], [ -49.692225, -15.744748 ], [ -49.702692, -15.73937 ], [ -49.698113, -15.720693 ], [ -49.719095, -15.694949 ], [ -49.720608, -15.689097 ], [ -49.748602, -15.673371 ], [ -49.747999, -15.664086 ], [ -49.744102, -15.656167 ], [ -49.745965, -15.649126 ], [ -49.740691, -15.643068 ], [ -49.736412, -15.641979 ], [ -49.735437, -15.651103 ], [ -49.730664, -15.652381 ], [ -49.722913, -15.638888 ], [ -49.71483, -15.633308 ], [ -49.714192, -15.627267 ], [ -49.709303, -15.625955 ], [ -49.701409, -15.610977 ], [ -49.701449, -15.60228 ], [ -49.705488, -15.598075 ], [ -49.703766, -15.585907 ], [ -49.698606, -15.581615 ], [ -49.699718, -15.575207 ], [ -49.693217, -15.554273 ], [ -49.696581, -15.544774 ], [ -49.705129, -15.534725 ], [ -49.712302, -15.534972 ], [ -49.713221, -15.531246 ], [ -49.72819, -15.534514 ], [ -49.721659, -15.523079 ], [ -49.728914, -15.529739 ], [ -49.732386, -15.529067 ], [ -49.732772, -15.524888 ], [ -49.754329, -15.535575 ] ] ] } },
{ "type": "Feature", "properties": { "HREG_ID": "52014", "HREG_NAME": "Serra da Mesa", "id": "520055", "name": "Alto Horizonte", "description": "Alto Horizonte", "MUN_ID": "520055", "UF": "GO", "MACRO_ID": "5209", "MACRO_NAME": "Macrorregião Centro-Norte" }, "geometry": { "type": "Polygon", "coordinates": [ [ [ -49.183879, -14.797703 ], [ -49.169103, -14.795738 ], [ -49.164525, -14.801073 ], [ -49.188526, -14.814037 ], [ -49.20985, -14.818239 ], [ -49.213104, -14.831369 ], [ -49.205218, -14.845157 ], [ -49.222211, -14.851516 ], [ -49.235329, -14.864964 ], [ -49.238912, -14.863135 ], [ -49.243317, -14.850715 ], [ -49.240552, -14.844679 ], [ -49.243582, -14.843383 ], [ -49.239827, -14.840392 ], [ -49.242967, -14.837023 ], [ -49.241799, -14.831007 ], [ -49.245273, -14.830999 ], [ -49.248861, -14.821286 ], [ -49.271358, -14.815621 ], [ -49.294951, -14.815675 ], [ -49.295118, -14.815716 ], [ -49.306242, -14.818478 ], [ -49.316525, -14.81308 ], [ -49.31841, -14.820193 ], [ -49.324553, -14.820778 ], [ -49.338134, -14.813374 ], [ -49.340806, -14.807532 ], [ -49.35335, -14.809273 ], [ -49.363055, -14.820716 ], [ -49.370631, -14.818883 ], [ -49.378386, -14.822952 ], [ -49.385019, -14.821731 ], [ -49.393489, -14.834609 ], [ -49.404245, -14.837383 ], [ -49.404078, -14.844543 ], [ -49.408667, -14.848178 ], [ -49.427718, -14.829641 ], [ -49.427712, -14.817849 ], [ -49.44133, -14.804355 ], [ -49.446437, -14.808999 ], [ -49.451079, -14.806557 ], [ -49.455387, -14.797315 ], [ -49.461353, -14.801161 ], [ -49.464559, -14.79853 ], [ -49.468856, -14.799686 ], [ -49.483468, -14.783675 ], [ -49.493469, -14.777624 ], [ -49.509251, -14.781146 ], [ -49.511305, -14.779061 ], [ -49.514715, -14.782146 ], [ -49.527417, -14.775816 ], [ -49.531413, -14.769291 ], [ -49.524635, -14.758775 ], [ -49.531803, -14.751993 ], [ -49.532386, -14.731233 ], [ -49.520193, -14.725155 ], [ -49.517005, -14.719071 ], [ -49.510297, -14.700023 ], [ -49.507661, -14.695061 ], [ -49.493469, -14.695019 ], [ -49.481439, -14.6827 ], [ -49.478051, -14.672205 ], [ -49.460686, -14.660503 ], [ -49.462713, -14.650022 ], [ -49.457217, -14.64111 ], [ -49.459657, -14.635719 ], [ -49.447829, -14.632659 ], [ -49.434526, -14.619133 ], [ -49.434151, -14.61653 ], [ -49.428303, -14.60177 ], [ -49.437612, -14.595812 ], [ -49.453908, -14.584909 ], [ -49.450305, -14.576494 ], [ -49.453151, -14.569102 ], [ -49.446356, -14.557182 ], [ -49.41674, -14.536965 ], [ -49.400718, -14.532997 ], [ -49.393566, -14.534648 ], [ -49.396077, -14.523828 ], [ -49.387999, -14.507146 ], [ -49.374909, -14.504783 ], [ -49.369497, -14.514321 ], [ -49.355196, -14.504899 ], [ -49.356324, -14.499892 ], [ -49.403581, -14.441629 ], [ -49.403749, -14.435379 ], [ -49.408911, -14.429288 ], [ -49.407217, -14.416768 ], [ -49.401133, -14.412355 ], [ -49.396803, -14.401898 ], [ -49.407776, -14.400027 ], [ -49.408132, -14.393058 ], [ -49.415495, -14.392597 ], [ -49.420109, -14.386946 ], [ -49.41269, -14.386221 ], [ -49.409606, -14.378225 ], [ -49.399632, -14.373398 ], [ -49.406382, -14.368499 ], [ -49.405524, -14.361966 ], [ -49.408412, -14.361735 ], [ -49.40813, -14.354663 ], [ -49.414579, -14.343513 ], [ -49.411853, -14.33804 ], [ -49.420491, -14.329449 ], [ -49.41411, -14.327387 ], [ -49.416803, -14.311216 ], [ -49.414852, -14.304129 ], [ -49.425934, -14.299076 ], [ -49.41797, -14.29203 ], [ -49.420887, -14.288526 ], [ -49.424664, -14.290655 ], [ -49.429301, -14.28409 ], [ -49.42216, -14.274238 ], [ -49.423628, -14.268461 ], [ -49.426135, -14.259703 ], [ -49.430247, -14.257935 ], [ -49.438993, -14.271432 ], [ -49.443937, -14.27131 ], [ -49.440858, -14.279156 ], [ -49.450606, -14.280352 ], [ -49.449778, -14.286853 ], [ -49.454718, -14.284649 ], [ -49.45947, -14.291669 ], [ -49.464633, -14.287469 ], [ -49.463665, -14.282204 ], [ -49.47261, -14.279408 ], [ -49.47108, -14.276225 ], [ -49.479521, -14.276953 ], [ -49.480992, -14.268633 ], [ -49.473609, -14.258686 ], [ -49.475355, -14.250102 ], [ -49.478659, -14.246695 ], [ -49.481774, -14.248899 ], [ -49.482187, -14.237503 ], [ -49.490637, -14.239043 ], [ -49.4919, -14.236226 ], [ -49.49536, -14.230855 ], [ -49.502744, -14.229056 ], [ -49.50094, -14.226039 ], [ -49.513965, -14.220182 ], [ -49.516943, -14.214331 ], [ -49.521663, -14.21523 ], [ -49.521918, -14.212604 ], [ -49.537328, -14.20733 ], [ -49.541106, -14.208933 ], [ -49.551941, -14.201309 ], [ -49.555635, -14.20282 ], [ -49.559936, -14.199897 ], [ -49.562687, -14.191421 ], [ -49.558806, -14.180928 ], [ -49.552279, -14.18127 ], [ -49.552779, -14.17412 ], [ -49.545472, -14.167195 ], [ -49.548074, -14.155448 ], [ -49.561106, -14.153674 ], [ -49.560888, -14.150586 ], [ -49.567186, -14.152495 ], [ -49.570355, -14.146749 ], [ -49.56438, -14.141574 ], [ -49.569554, -14.139398 ], [ -49.572416, -14.129371 ], [ -49.58977, -14.123689 ], [ -49.592633, -14.125863 ], [ -49.597275, -14.131859 ], [ -49.59508, -14.135185 ], [ -49.600855, -14.134009 ], [ -49.606105, -14.137171 ], [ -49.609439, -14.132417 ], [ -49.621384, -14.129174 ], [ -49.619001, -14.116256 ], [ -49.621798, -14.114847 ], [ -49.618969, -14.112623 ], [ -49.622692, -14.11268 ], [ -49.625553, -14.107377 ], [ -49.628001, -14.112138 ], [ -49.630721, -14.109374 ], [ -49.634659, -14.112702 ], [ -49.634967, -14.11733 ], [ -49.640469, -14.117052 ], [ -49.64433, -14.107232 ], [ -49.645495, -14.110235 ], [ -49.658081, -14.106992 ], [ -49.645772, -14.093202 ], [ -49.658829, -14.090416 ], [ -49.663306, -14.083319 ], [ -49.681938, -14.074998 ], [ -49.679459, -14.059688 ], [ -49.688636, -14.058149 ], [ -49.693413, -14.061218 ], [ -49.697857, -14.055302 ], [ -49.710217, -14.056403 ], [ -49.712074, -14.06105 ], [ -49.721887, -14.06275 ], [ -49.726112, -14.073156 ], [ -49.744834, -14.069727 ], [ -49.744579, -14.079795 ], [ -49.749606, -14.08468 ], [ -49.756023, -14.083143 ], [ -49.753163, -14.070588 ], [ -49.75645, -14.069649 ], [ -49.759357, -14.067504 ], [ -49.754582, -14.063893 ], [ -49.753547, -14.057808 ], [ -49.744998, -14.052779 ], [ -49.745671, -14.046165 ], [ -49.75422, -14.040722 ], [ -49.758332, -14.032762 ], [ -49.764354, -14.033128 ], [ -49.769163, -14.029298 ], [ -49.772094, -14.014184 ], [ -49.782658, -14.016447 ], [ -49.78397, -14.003956 ], [ -49.790137, -14.002874 ], [ -49.799714, -14.018891 ], [ -49.802161, -14.016199 ], [ -49.799058, -14.014074 ], [ -49.800803, -14.008477 ], [ -49.808527, -14.007779 ], [ -49.808687, -14.003428 ], [ -49.79888, -14.000103 ], [ -49.79825, -13.996342 ], [ -49.800357, -13.991173 ], [ -49.811129, -13.988268 ], [ -49.810026, -13.98328 ], [ -49.804916, -13.977753 ], [ -49.793938, -13.974137 ], [ -49.800995, -13.963711 ], [ -49.797381, -13.961358 ], [ -49.807583, -13.959267 ], [ -49.813249, -13.9531 ], [ -49.809995, -13.951835 ], [ -49.811388, -13.949927 ], [ -49.817696, -13.950289 ], [ -49.817972, -13.940048 ], [ -49.82908, -13.929157 ], [ -49.827693, -13.917746 ], [ -49.833691, -13.90378 ], [ -49.837495, -13.899064 ], [ -49.847889, -13.89942 ], [ -49.84847, -13.912101 ], [ -49.855136, -13.915 ], [ -49.864971, -13.912543 ], [ -49.872473, -13.896942 ], [ -49.903077, -13.901083 ], [ -49.918193, -13.893994 ], [ -49.922466, -13.885561 ], [ -49.92572, -13.889999 ], [ -49.936145, -13.884094 ], [ -49.952163, -13.88489 ], [ -49.955134, -13.894399 ], [ -49.949659, -13.901119 ], [ -49.945778, -13.900306 ], [ -49.948275, -13.894412 ], [ -49.945854, -13.891695 ], [ -49.936306, -13.895329 ], [ -49.94264, -13.91417 ], [ -49.950611, -13.913986 ], [ -49.951437, -13.908453 ], [ -49.964421, -13.896921 ], [ -49.974501, -13.882044 ], [ -49.960466, -13.867115 ], [ -49.962136, -13.861305 ], [ -49.958414, -13.846274 ], [ -49.941051, -13.834335 ], [ -49.938528, -13.827809 ], [ -49.940938, -13.823727 ], [ -49.957162, -13.816905 ], [ -49.955553, -13.811567 ], [ -49.941667, -13.813665 ], [ -49.940999, -13.798891 ], [ -49.927082, -13.79656 ], [ -49.931055, -13.786128 ], [ -49.925189, -13.781963 ], [ -49.92102, -13.772935 ], [ -49.924246, -13.753784 ], [ -49.935717, -13.747062 ], [ -49.941576, -13.752039 ], [ -49.949916, -13.752752 ], [ -49.959993, -13.743132 ], [ -49.956536, -13.725583 ], [ -49.962274, -13.713125 ], [ -49.962718, -13.702319 ], [ -49.957716, -13.701896 ], [ -49.95302, -13.706786 ], [ -49.948635, -13.703082 ], [ -49.95113, -13.695467 ], [ -49.943245, -13.692757 ], [ -49.934553, -13.696034 ], [ -49.930192, -13.693232 ], [ -49.928135, -13.685439 ], [ -49.925002, -13.686043 ], [ -49.921641, -13.685631 ], [ -49.917939, -13.690713 ], [ -49.914137, -13.689719 ], [ -49.91544, -13.687089 ], [ -49.911916, -13.686639 ], [ -49.91347, -13.684369 ], [ -49.90894, -13.680658 ], [ -49.899662, -13.682583 ], [ -49.898665, -13.686839 ], [ -49.884938, -13.694199 ], [ -49.875938, -13.690124 ], [ -49.875017, -13.695655 ], [ -49.85603, -13.6877 ], [ -49.854441, -13.695592 ], [ -49.848965, -13.694962 ], [ -49.843136, -13.699136 ], [ -49.840358, -13.691975 ], [ -49.836938, -13.691349 ], [ -49.83841, -13.685548 ], [ -49.834806, -13.685001 ], [ -49.830159, -13.693615 ], [ -49.827303, -13.694073 ], [ -49.825524, -13.687193 ], [ -49.812472, -13.696807 ], [ -49.812937, -13.701334 ], [ -49.819332, -13.701512 ], [ -49.817027, -13.707859 ], [ -49.813777, -13.706029 ], [ -49.807826, -13.703152 ], [ -49.801913, -13.710768 ], [ -49.795139, -13.709059 ], [ -49.790695, -13.718757 ], [ -49.793108, -13.720204 ], [ -49.788711, -13.722785 ], [ -49.776439, -13.727281 ], [ -49.776174, -13.722572 ], [ -49.769833, -13.722463 ], [ -49.765113, -13.729285 ], [ -49.761614, -13.722323 ], [ -49.744996, -13.716795 ], [ -49.74416, -13.720595 ], [ -49.733775, -13.717072 ], [ -49.729002, -13.721763 ], [ -49.71914, -13.727676 ], [ -49.718961, -13.733754 ], [ -49.713111, -13.735839 ], [ -49.715077, -13.742545 ], [ -49.708491, -13.747174 ], [ -49.705051, -13.746717 ], [ -49.699777, -13.752974 ], [ -49.695688, -13.750529 ], [ -49.694778, -13.744637 ], [ -49.682945, -13.748967 ], [ -49.679188, -13.738026 ], [ -49.681776, -13.736033 ], [ -49.6803, -13.730327 ], [ -49.662575, -13.729152 ], [ -49.663408, -13.726154 ], [ -49.656109, -13.723349 ], [ -49.65416, -13.726613 ], [ -49.651937, -13.724437 ], [ -49.648332, -13.73441 ], [ -49.638968, -13.739851 ], [ -49.627832, -13.738945 ], [ -49.62394, -13.746735 ], [ -49.628109, -13.74882 ], [ -49.622745, -13.749275 ], [ -49.61922, -13.754353 ], [ -49.606058, -13.753625 ], [ -49.60827, -13.746467 ], [ -49.597074, -13.739158 ], [ -49.591577, -13.742476 ], [ -49.594363, -13.749367 ], [ -49.590187, -13.757434 ], [ -49.594732, -13.761162 ], [ -49.592138, -13.764411 ], [ -49.583328, -13.762773 ], [ -49.58, -13.758693 ], [ -49.576272, -13.759241 ], [ -49.574444, -13.766492 ], [ -49.580083, -13.773562 ], [ -49.583524, -13.775912 ], [ -49.586107, -13.77284 ], [ -49.591386, -13.778272 ], [ -49.582583, -13.785614 ], [ -49.581025, -13.779448 ], [ -49.572582, -13.785245 ], [ -49.563857, -13.781078 ], [ -49.561442, -13.79332 ], [ -49.550604, -13.805629 ], [ -49.543826, -13.804179 ], [ -49.546803, -13.812067 ], [ -49.542889, -13.82004 ], [ -49.532414, -13.825388 ], [ -49.532414, -13.828827 ], [ -49.521548, -13.835796 ], [ -49.508498, -13.829908 ], [ -49.507104, -13.826375 ], [ -49.497751, -13.829708 ], [ -49.487634, -13.826732 ], [ -49.482056, -13.828458 ], [ -49.465916, -13.821303 ], [ -49.46619, -13.816955 ], [ -49.457551, -13.811332 ], [ -49.453195, -13.816596 ], [ -49.447911, -13.812795 ], [ -49.44205, -13.823491 ], [ -49.430083, -13.815341 ], [ -49.423054, -13.81997 ], [ -49.418687, -13.815795 ], [ -49.410966, -13.818335 ], [ -49.398997, -13.799484 ], [ -49.398791, -13.791323 ], [ -49.390194, -13.793235 ], [ -49.368743, -13.788165 ], [ -49.358446, -13.770487 ], [ -49.330631, -13.76451 ], [ -49.317915, -13.772938 ], [ -49.312639, -13.773117 ], [ -49.309739, -13.779469 ], [ -49.300466, -13.779646 ], [ -49.294523, -13.787265 ], [ -49.281546, -13.792341 ], [ -49.277581, -13.799014 ], [ -49.277352, -13.799116 ], [ -49.252299, -13.810261 ], [ -49.212135, -13.828118 ], [ -49.139935, -13.860187 ], [ -49.136884, -13.866978 ], [ -49.110496, -13.886092 ], [ -49.107888, -13.899598 ], [ -49.112442, -13.911934 ], [ -49.109554, -13.921176 ], [ -49.11427, -13.931421 ], [ -49.110076, -13.938582 ], [ -49.101355, -13.94166 ], [ -49.067071, -13.918175 ], [ -49.023437, -13.889608 ], [ -49.021495, -13.895159 ], [ -49.013416, -13.898686 ], [ -49.007934, -13.896592 ], [ -48.99974, -13.905388 ], [ -48.9925, -13.904287 ], [ -48.986578, -13.908461 ], [ -48.970212, -13.903937 ], [ -48.967494, -13.910251 ], [ -48.958051, -13.914099 ], [ -48.942941, -13.928932 ], [ -48.937137, -13.930198 ], [ -48.93436, -13.936146 ], [ -48.919466, -13.941721 ], [ -48.880948, -13.9332 ], [ -48.886605, -13.92385 ], [ -48.885103, -13.920791 ], [ -48.868128, -13.905485 ], [ -48.864793, -13.883528 ], [ -48.868915, -13.864458 ], [ -48.860767, -13.85572 ], [ -48.855215, -13.855427 ], [ -48.846303, -13.84731 ], [ -48.835996, -13.832876 ], [ -48.809411, -13.823097 ], [ -48.802384, -13.814985 ], [ -48.79219, -13.814456 ], [ -48.785955, -13.80946 ], [ -48.780112, -13.798729 ], [ -48.780851, -13.793296 ], [ -48.78866, -13.786985 ], [ -48.789796, -13.780821 ], [ -48.805383, -13.77146 ], [ -48.784965, -13.743068 ], [ -48.782295, -13.730315 ], [ -48.787582, -13.710064 ], [ -48.778541, -13.703573 ], [ -48.76825, -13.699487 ], [ -48.758859, -13.688155 ], [ -48.748578, -13.683567 ], [ -48.726465, -13.668105 ], [ -48.715913, -13.644966 ], [ -48.701264, -13.638507 ], [ -48.696193, -13.641825 ], [ -48.668656, -13.640904 ], [ -48.660881, -13.643775 ], [ -48.656937, -13.65632 ], [ -48.66172, -13.67048 ], [ -48.667216, -13.684635 ], [ -48.672079, -13.683451 ], [ -48.678276, -13.69409 ], [ -48.689202, -13.701678 ], [ -48.697794, -13.708755 ], [ -48.707075, -13.706936 ], [ -48.706912, -13.718259 ], [ -48.720718, -13.747542 ], [ -48.720747, -13.751173 ], [ -48.718106, -13.748134 ], [ -48.716994, -13.752747 ], [ -48.724188, -13.761491 ], [ -48.726467, -13.774507 ], [ -48.738194, -13.783692 ], [ -48.738408, -13.787234 ], [ -48.746391, -13.787289 ], [ -48.750409, -13.796603 ], [ -48.757166, -13.798898 ], [ -48.763522, -13.796639 ], [ -48.766914, -13.799329 ], [ -48.765138, -13.804751 ], [ -48.774407, -13.805082 ], [ -48.772942, -13.81033 ], [ -48.784049, -13.817498 ], [ -48.767524, -13.843643 ], [ -48.769575, -13.859023 ], [ -48.7795, -13.877346 ], [ -48.772158, -13.887391 ], [ -48.768635, -13.913565 ], [ -48.759379, -13.924463 ], [ -48.749574, -13.93458 ], [ -48.734773, -13.941601 ], [ -48.733828, -13.947671 ], [ -48.738241, -13.955546 ], [ -48.729878, -13.955322 ], [ -48.72777, -13.959281 ], [ -48.733883, -13.992057 ], [ -48.730159, -14.000641 ], [ -48.719859, -14.006044 ], [ -48.720296, -14.012474 ], [ -48.712991, -14.025021 ], [ -48.718413, -14.033194 ], [ -48.717829, -14.038095 ], [ -48.723108, -14.038388 ], [ -48.719382, -14.041809 ], [ -48.721111, -14.044634 ], [ -48.711664, -14.076625 ], [ -48.716717, -14.086713 ], [ -48.713052, -14.092306 ], [ -48.704409, -14.094341 ], [ -48.706053, -14.099329 ], [ -48.7021, -14.106825 ], [ -48.708323, -14.123702 ], [ -48.712938, -14.126346 ], [ -48.718998, -14.123663 ], [ -48.722693, -14.127076 ], [ -48.718271, -14.133356 ], [ -48.719689, -14.14659 ], [ -48.70672, -14.160181 ], [ -48.701328, -14.157703 ], [ -48.697934, -14.150713 ], [ -48.691082, -14.15049 ], [ -48.687635, -14.152917 ], [ -48.685325, -14.16413 ], [ -48.672497, -14.171122 ], [ -48.63161, -14.176581 ], [ -48.623606, -14.182057 ], [ -48.616662, -14.178572 ], [ -48.608075, -14.18476 ], [ -48.598526, -14.185339 ], [ -48.596331, -14.181795 ], [ -48.600354, -14.176655 ], [ -48.598821, -14.169319 ], [ -48.59569, -14.165855 ], [ -48.584183, -14.163885 ], [ -48.579021, -14.157241 ], [ -48.576052, -14.144408 ], [ -48.563438, -14.130793 ], [ -48.548437, -14.126718 ], [ -48.540359, -14.113898 ], [ -48.528692, -14.124508 ], [ -48.524046, -14.124744 ], [ -48.508944, -14.110609 ], [ -48.502994, -14.109203 ], [ -48.498912, -14.103937 ], [ -48.498046, -14.089446 ], [ -48.49363, -14.080907 ], [ -48.503319, -14.075625 ], [ -48.503358, -14.072007 ], [ -48.496852, -14.066335 ], [ -48.484359, -14.062847 ], [ -48.480885, -14.041183 ], [ -48.472409, -14.034442 ], [ -48.473967, -14.022398 ], [ -48.471463, -14.017949 ], [ -48.446163, -14.013493 ], [ -48.433519, -14.022494 ], [ -48.427135, -14.018928 ], [ -48.423741, -14.010307 ], [ -48.404246, -14.005356 ], [ -48.388908, -13.999984 ], [ -48.35902, -13.975087 ], [ -48.341544, -13.971483 ], [ -48.326364, -13.974988 ], [ -48.318022, -13.976752 ], [ -48.316189, -13.974468 ], [ -48.321822, -13.968928 ], [ -48.323604, -13.951026 ], [ -48.317769, -13.94441 ], [ -48.317139, -13.938061 ], [ -48.326466, -13.927241 ], [ -48.323887, -13.914252 ], [ -48.325803, -13.904313 ], [ -48.340047, -13.88758 ], [ -48.338498, -13.873793 ], [ -48.345441, -13.862208 ], [ -48.335514, -13.851393 ], [ -48.338855, -13.844264 ], [ -48.332146, -13.835845 ], [ -48.316855, -13.845573 ], [ -48.301218, -13.832757 ], [ -48.280736, -13.831915 ], [ -48.275912, -13.83918 ], [ -48.247433, -13.857512 ], [ -48.241274, -13.854436 ], [ -48.230131, -13.83651 ], [ -48.215623, -13.828475 ], [ -48.208967, -13.821438 ], [ -48.204911, -13.808629 ], [ -48.196188, -13.802493 ], [ -48.194936, -13.788527 ], [ -48.187278, -13.780986 ], [ -48.179746, -13.7825 ], [ -48.16944, -13.7713 ], [ -48.154398, -13.773024 ], [ -48.137048, -13.750975 ], [ -48.136999, -13.731941 ], [ -48.145826, -13.706716 ], [ -48.141069, -13.689363 ], [ -48.146323, -13.668421 ], [ -48.142938, -13.655062 ], [ -48.132881, -13.641056 ], [ -48.121878, -13.634178 ], [ -48.11922, -13.627092 ], [ -48.108806, -13.634616 ], [ -48.105047, -13.643705 ], [ -48.0948, -13.653872 ], [ -48.094019, -13.685377 ], [ -48.081686, -13.679937 ], [ -48.076354, -13.682664 ], [ -48.074609, -13.68779 ], [ -48.066853, -13.692117 ], [ -48.063271, -13.701396 ], [ -48.058111, -13.701039 ], [ -48.05577, -13.718299 ], [ -48.051501, -13.719323 ], [ -48.052299, -13.727931 ], [ -48.05902, -13.729576 ], [ -48.059691, -13.734028 ], [ -48.046517, -13.74107 ], [ -48.04208, -13.73412 ], [ -48.039492, -13.746119 ], [ -48.026498, -13.742478 ], [ -48.025137, -13.734934 ], [ -48.019288, -13.737145 ], [ -48.027743, -13.750918 ], [ -48.023372, -13.755843 ], [ -48.023664, -13.762171 ], [ -48.034635, -13.764694 ], [ -48.027912, -13.769389 ], [ -48.031054, -13.774971 ], [ -48.02283, -13.773118 ], [ -48.015853, -13.780523 ], [ -48.019484, -13.800814 ], [ -48.027134, -13.810782 ], [ -48.027303, -13.816835 ], [ -48.019607, -13.812008 ], [ -48.01102, -13.815317 ], [ -47.999018, -13.831549 ], [ -47.977969, -13.839535 ], [ -47.974273, -13.847494 ], [ -47.961746, -13.850021 ], [ -47.957959, -13.854945 ], [ -47.954413, -13.860159 ], [ -47.956443, -13.868232 ], [ -47.950406, -13.873281 ], [ -47.946603, -13.886129 ], [ -47.957244, -13.900719 ], [ -47.964855, -13.900277 ], [ -47.955666, -13.917295 ], [ -47.957111, -13.921425 ], [ -47.96244, -13.927616 ], [ -47.959351, -13.929966 ], [ -47.959632, -13.937492 ], [ -47.950433, -13.943266 ], [ -47.944049, -13.942084 ], [ -47.944045, -13.945077 ], [ -47.929382, -13.955742 ], [ -47.934106, -13.962541 ], [ -47.933261, -13.967173 ], [ -47.929299, -13.971775 ], [ -47.922328, -13.971495 ], [ -47.921297, -13.983541 ], [ -47.927755, -13.988909 ], [ -47.927656, -13.989354 ], [ -47.919081, -13.994124 ], [ -47.918965, -14.001692 ], [ -47.912744, -14.003867 ], [ -47.908123, -14.013467 ], [ -47.91247, -14.014462 ], [ -47.91358, -14.021892 ], [ -47.923336, -14.024403 ], [ -47.922019, -14.031221 ], [ -47.926009, -14.035653 ], [ -47.922575, -14.035481 ], [ -47.920876, -14.040364 ], [ -47.916442, -14.039377 ], [ -47.916999, -14.043176 ], [ -47.912941, -14.046205 ], [ -47.905848, -14.040002 ], [ -47.898635, -14.04626 ], [ -47.898524, -14.07796 ], [ -47.897414, -14.081763 ], [ -47.89202, -14.08212 ], [ -47.897852, -14.092728 ], [ -47.908354, -14.098712 ], [ -47.916992, -14.096086 ], [ -47.918661, -14.100797 ], [ -47.903158, -14.111568 ], [ -47.903335, -14.117313 ], [ -47.912795, -14.119087 ], [ -47.913437, -14.125245 ], [ -47.908809, -14.129875 ], [ -47.914379, -14.138202 ], [ -47.916327, -14.149168 ], [ -47.910747, -14.149343 ], [ -47.905257, -14.158686 ], [ -47.895872, -14.165532 ], [ -47.898886, -14.169793 ], [ -47.931656, -14.176538 ], [ -47.901742, -14.235959 ], [ -47.838656, -14.333128 ], [ -47.838101, -14.333982 ], [ -47.836768, -14.330862 ], [ -47.831857, -14.334215 ], [ -47.835462, -14.341648 ], [ -47.827579, -14.345717 ], [ -47.826162, -14.351438 ], [ -47.83424, -14.351428 ], [ -47.834174, -14.362371 ], [ -47.839554, -14.365557 ], [ -47.841964, -14.362841 ], [ -47.846135, -14.368101 ], [ -47.852191, -14.36466 ], [ -47.851521, -14.372808 ], [ -47.854692, -14.371914 ], [ -47.863877, -14.379793 ], [ -47.857018, -14.395278 ], [ -47.858965, -14.403432 ], [ -47.84557, -14.414211 ], [ -47.83905, -14.435038 ], [ -47.835155, -14.436034 ], [ -47.838217, -14.440655 ], [ -47.834043, -14.443281 ], [ -47.836273, -14.445911 ], [ -47.832647, -14.446003 ], [ -47.836463, -14.448082 ], [ -47.831915, -14.452884 ], [ -47.834412, -14.463578 ], [ -47.830309, -14.466571 ], [ -47.826493, -14.478433 ], [ -47.828164, -14.48577 ], [ -47.821411, -14.505638 ], [ -47.814322, -14.50693 ], [ -47.806005, -14.514007 ], [ -47.805381, -14.520334 ], [ -47.793853, -14.519412 ], [ -47.79744, -14.523248 ], [ -47.787881, -14.522248 ], [ -47.783164, -14.528275 ], [ -47.774158, -14.528368 ], [ -47.761185, -14.541196 ], [ -47.766239, -14.546582 ], [ -47.764011, -14.549367 ], [ -47.768893, -14.549701 ], [ -47.76699, -14.554553 ], [ -47.76997, -14.554496 ], [ -47.767609, -14.559996 ], [ -47.771683, -14.56891 ], [ -47.765631, -14.570844 ], [ -47.770963, -14.575966 ], [ -47.768998, -14.586365 ], [ -47.772132, -14.588478 ], [ -47.767259, -14.589993 ], [ -47.763326, -14.594548 ], [ -47.765242, -14.606882 ], [ -47.777931, -14.631002 ], [ -47.775625, -14.637767 ], [ -47.772379, -14.637193 ], [ -47.770855, -14.640559 ], [ -47.771159, -14.647782 ], [ -47.776131, -14.652992 ], [ -47.775992, -14.665127 ], [ -47.780797, -14.668161 ], [ -47.778182, -14.678188 ], [ -47.780299, -14.681832 ], [ -47.790779, -14.694865 ], [ -47.80327, -14.691373 ], [ -47.810496, -14.695342 ], [ -47.820075, -14.714894 ], [ -47.824045, -14.716743 ], [ -47.821026, -14.72134 ], [ -47.825442, -14.729063 ], [ -47.828577, -14.727925 ], [ -47.831599, -14.732124 ], [ -47.834937, -14.743651 ], [ -47.850383, -14.754932 ], [ -47.85696, -14.764773 ], [ -47.866099, -14.77282 ], [ -47.88896, -14.777934 ], [ -47.907272, -14.798367 ], [ -47.922219, -14.793886 ], [ -47.95116, -14.802466 ], [ -47.989795, -14.802179 ], [ -48.003602, -14.809644 ], [ -48.012576, -14.822611 ], [ -48.027554, -14.823422 ], [ -48.030966, -14.830616 ], [ -48.040472, -14.838336 ], [ -48.034213, -14.847224 ], [ -48.035748, -14.851314 ], [ -48.042635, -14.858091 ], [ -48.055051, -14.855707 ], [ -48.059014, -14.858019 ], [ -48.068577, -14.874523 ], [ -48.068023, -14.88194 ], [ -48.077187, -14.894621 ], [ -48.088208, -14.885636 ], [ -48.090409, -14.884825 ], [ -48.081359, -14.871863 ], [ -48.082185, -14.858663 ], [ -48.10091, -14.8482 ], [ -48.114414, -14.849265 ], [ -48.12574, -14.843516 ], [ -48.139008, -14.845867 ], [ -48.185326, -14.848471 ], [ -48.203653, -14.863153 ], [ -48.214245, -14.866085 ], [ -48.236411, -14.880466 ], [ -48.257864, -14.873729 ], [ -48.291607, -14.896471 ], [ -48.324713, -14.898737 ], [ -48.338466, -14.911019 ], [ -48.355437, -14.908842 ], [ -48.35672, -14.917907 ], [ -48.371322, -14.926766 ], [ -48.371545, -14.939263 ], [ -48.38071, -14.94398 ], [ -48.394741, -14.939326 ], [ -48.404887, -14.940023 ], [ -48.413052, -14.934904 ], [ -48.422439, -14.938121 ], [ -48.430331, -14.948212 ], [ -48.434884, -14.94754 ], [ -48.448303, -14.956822 ], [ -48.461521, -14.957049 ], [ -48.469996, -14.965555 ], [ -48.473714, -14.964152 ], [ -48.479328, -14.971549 ], [ -48.480911, -14.987402 ], [ -48.499909, -14.984208 ], [ -48.501352, -14.997891 ], [ -48.509636, -15.011878 ], [ -48.521635, -15.017309 ], [ -48.549185, -15.006001 ], [ -48.557559, -15.013796 ], [ -48.571912, -15.008019 ], [ -48.574995, -14.993066 ], [ -48.586991, -14.997285 ], [ -48.593354, -14.991599 ], [ -48.603576, -14.99345 ], [ -48.605545, -14.989838 ], [ -48.610523, -15.002024 ], [ -48.618659, -15.005009 ], [ -48.621131, -15.002115 ], [ -48.615882, -14.994501 ], [ -48.614876, -14.988975 ], [ -48.617888, -14.986445 ], [ -48.626908, -14.986126 ], [ -48.626606, -14.997084 ], [ -48.634411, -14.996754 ], [ -48.632522, -14.983339 ], [ -48.64905, -14.977246 ], [ -48.641328, -14.972507 ], [ -48.639579, -14.966245 ], [ -48.64833, -14.966918 ], [ -48.649576, -14.958312 ], [ -48.654794, -14.960873 ], [ -48.667741, -14.98212 ], [ -48.675186, -14.983779 ], [ -48.674257, -14.9776 ], [ -48.674958, -14.976487 ], [ -48.697768, -14.980331 ], [ -48.69602, -14.972349 ], [ -48.68199, -14.962874 ], [ -48.685547, -14.957457 ], [ -48.683799, -14.951014 ], [ -48.695272, -14.953323 ], [ -48.704324, -14.945932 ], [ -48.719573, -14.950876 ], [ -48.724082, -14.947902 ], [ -48.724575, -14.940654 ], [ -48.748692, -14.938839 ], [ -48.74883, -14.934315 ], [ -48.74321, -14.936014 ], [ -48.742384, -14.933291 ], [ -48.749859, -14.927158 ], [ -48.739161, -14.921693 ], [ -48.745413, -14.919629 ], [ -48.746384, -14.912564 ], [ -48.751963, -14.910682 ], [ -48.751245, -14.904606 ], [ -48.743583, -14.885195 ], [ -48.736245, -14.882281 ], [ -48.744381, -14.872699 ], [ -48.750243, -14.872176 ], [ -48.749439, -14.862204 ], [ -48.756991, -14.861242 ], [ -48.76133, -14.847031 ], [ -48.745052, -14.842716 ], [ -48.750211, -14.834126 ], [ -48.740157, -14.826298 ], [ -48.742791, -14.818434 ], [ -48.739938, -14.811264 ], [ -48.726351, -14.810493 ], [ -48.726466, -14.803517 ], [ -48.712717, -14.800651 ], [ -48.715131, -14.797227 ], [ -48.722299, -14.797616 ], [ -48.721021, -14.790906 ], [ -48.727686, -14.778882 ], [ -48.718437, -14.763716 ], [ -48.711638, -14.764054 ], [ -48.721635, -14.753672 ], [ -48.71338, -14.741869 ], [ -48.718908, -14.735008 ], [ -48.712333, -14.726115 ], [ -48.723437, -14.718623 ], [ -48.731184, -14.708867 ], [ -48.729663, -14.692651 ], [ -48.724304, -14.684929 ], [ -48.728442, -14.671531 ], [ -48.732601, -14.677524 ], [ -48.737826, -14.676096 ], [ -48.739555, -14.665859 ], [ -48.753132, -14.659203 ], [ -48.758466, -14.652796 ], [ -48.760078, -14.647906 ], [ -48.755331, -14.647258 ], [ -48.771438, -14.642324 ], [ -48.775132, -14.649044 ], [ -48.779607, -14.650146 ], [ -48.774361, -14.658464 ], [ -48.781331, -14.665545 ], [ -48.797157, -14.659981 ], [ -48.802825, -14.660541 ], [ -48.806639, -14.664993 ], [ -48.814742, -14.663201 ], [ -48.819101, -14.668013 ], [ -48.817772, -14.676075 ], [ -48.823804, -14.683341 ], [ -48.836742, -14.682026 ], [ -48.842872, -14.689055 ], [ -48.848441, -14.686137 ], [ -48.861104, -14.687526 ], [ -48.875493, -14.694096 ], [ -48.884078, -14.68841 ], [ -48.880662, -14.685948 ], [ -48.880939, -14.679613 ], [ -48.896019, -14.676845 ], [ -48.905907, -14.670533 ], [ -48.924218, -14.679364 ], [ -48.93727, -14.676404 ], [ -48.949831, -14.680605 ], [ -48.95775, -14.674289 ], [ -48.949972, -14.660762 ], [ -48.959359, -14.660335 ], [ -48.965407, -14.664698 ], [ -48.965801, -14.657265 ], [ -48.970272, -14.653293 ], [ -48.966387, -14.645038 ], [ -48.981824, -14.646072 ], [ -48.987052, -14.643545 ], [ -48.984713, -14.638199 ], [ -48.990805, -14.629958 ], [ -48.989608, -14.621811 ], [ -48.975748, -14.624224 ], [ -48.975572, -14.619935 ], [ -48.983604, -14.595973 ], [ -48.992577, -14.58467 ], [ -48.996105, -14.584224 ], [ -48.999827, -14.591574 ], [ -48.996937, -14.595366 ], [ -48.991998, -14.592639 ], [ -48.991717, -14.596443 ], [ -49.001305, -14.598051 ], [ -49.009552, -14.595886 ], [ -49.006464, -14.581308 ], [ -49.010971, -14.575342 ], [ -49.017633, -14.580384 ], [ -49.015297, -14.585227 ], [ -49.025326, -14.585916 ], [ -49.038683, -14.576707 ], [ -49.044328, -14.589527 ], [ -49.033963, -14.602524 ], [ -49.026924, -14.600552 ], [ -49.018051, -14.606329 ], [ -49.015549, -14.620508 ], [ -49.019522, -14.621323 ], [ -49.042352, -14.605618 ], [ -49.050451, -14.609817 ], [ -49.053634, -14.616669 ], [ -49.043575, -14.62795 ], [ -49.02825, -14.634491 ], [ -49.020437, -14.65679 ], [ -49.014437, -14.662275 ], [ -49.020603, -14.687622 ], [ -48.998691, -14.711889 ], [ -49.004828, -14.720072 ], [ -49.0229, -14.716315 ], [ -49.034158, -14.708334 ], [ -49.041524, -14.708237 ], [ -49.060553, -14.723085 ], [ -49.063023, -14.728498 ], [ -49.061109, -14.738781 ], [ -49.069381, -14.743062 ], [ -49.069739, -14.742918 ], [ -49.090826, -14.730042 ], [ -49.10908, -14.735266 ], [ -49.115713, -14.745745 ], [ -49.121664, -14.746705 ], [ -49.130855, -14.736027 ], [ -49.143019, -14.733311 ], [ -49.150137, -14.736559 ], [ -49.151685, -14.768144 ], [ -49.163603, -14.772492 ], [ -49.192604, -14.768249 ], [ -49.196741, -14.778678 ], [ -49.183879, -14.797703 ] ] ] } },
{ "type": "Feature", "properties": { "HREG_ID": "52015", "HREG_NAME": "Sudoeste I", "id": "520013", "name": "Acreúna", "description": "Acreúna", "MUN_ID": "520013", "UF": "GO", "MACRO_ID": "5206", "MACRO_NAME": "Macrorregião Sudoeste" }, "geometry": { "type": "Polygon", "coordinates": [ [ [ -51.143355, -19.286752 ], [ -51.167853, -19.286944 ], [ -51.180022, -19.283078 ], [ -51.187471, -19.268093 ], [ -51.200384, -19.264459 ], [ -51.202493, -19.260778 ], [ -51.207217, -19.265535 ], [ -51.215907, -19.258519 ], [ -51.223798, -19.257727 ], [ -51.228385, -19.264007 ], [ -51.240464, -19.268602 ], [ -51.246267, -19.265774 ], [ -51.251739, -19.273619 ], [ -51.256465, -19.266975 ], [ -51.274276, -19.261662 ], [ -51.27847, -19.249682 ], [ -51.285659, -19.252192 ], [ -51.289638, -19.245661 ], [ -51.297221, -19.24209 ], [ -51.297492, -19.23833 ], [ -51.307436, -19.237484 ], [ -51.302937, -19.222965 ], [ -51.307334, -19.218074 ], [ -51.31189, -19.218525 ], [ -51.335187, -19.221805 ], [ -51.34352, -19.213467 ], [ -51.367761, -19.221242 ], [ -51.36408, -19.212463 ], [ -51.370024, -19.207464 ], [ -51.369524, -19.200211 ], [ -51.374634, -19.194183 ], [ -51.395073, -19.195629 ], [ -51.399223, -19.19056 ], [ -51.405048, -19.185419 ], [ -51.406026, -19.185036 ], [ -51.409882, -19.182181 ], [ -51.411132, -19.179913 ], [ -51.405522, -19.175186 ], [ -51.411133, -19.171969 ], [ -51.416192, -19.173837 ], [ -51.419996, -19.166081 ], [ -51.424448, -19.165063 ], [ -51.430076, -19.170592 ], [ -51.437607, -19.171239 ], [ -51.442332, -19.168155 ], [ -51.444426, -19.160152 ], [ -51.447519, -19.159998 ], [ -51.456574, -19.162538 ], [ -51.457769, -19.167132 ], [ -51.47269, -19.153841 ], [ -51.476943, -19.15363 ], [ -51.480936, -19.15922 ], [ -51.493444, -19.162539 ], [ -51.499965, -19.157673 ], [ -51.500997, -19.147324 ], [ -51.510994, -19.15061 ], [ -51.518676, -19.145865 ], [ -51.526966, -19.139151 ], [ -51.539297, -19.142856 ], [ -51.547524, -19.141315 ], [ -51.554106, -19.13202 ], [ -51.575749, -19.13211 ], [ -51.576191, -19.126104 ], [ -51.579189, -19.130232 ], [ -51.592023, -19.12696 ], [ -51.596304, -19.135854 ], [ -51.608718, -19.140421 ], [ -51.61316, -19.136318 ], [ -51.623409, -19.137579 ], [ -51.63916, -19.126974 ], [ -51.642029, -19.129405 ], [ -51.657471, -19.137464 ], [ -51.682662, -19.121053 ], [ -51.692744, -19.11776 ], [ -51.686304, -19.101281 ], [ -51.690908, -19.09323 ], [ -51.69105, -19.082211 ], [ -51.686437, -19.073141 ], [ -51.692332, -19.066567 ], [ -51.705926, -18.965028 ], [ -51.723606, -18.832703 ], [ -51.709912, -18.822214 ], [ -51.709496, -18.817382 ], [ -51.699803, -18.80666 ], [ -51.681859, -18.798489 ], [ -51.664053, -18.780938 ], [ -51.669994, -18.775433 ], [ -51.667439, -18.776554 ], [ -51.668055, -18.770388 ], [ -51.664138, -18.766176 ], [ -51.666583, -18.764462 ], [ -51.670969, -18.765427 ], [ -51.679499, -18.760335 ], [ -51.683331, -18.767198 ], [ -51.683081, -18.764749 ], [ -51.68994, -18.763165 ], [ -51.694798, -18.767206 ], [ -51.717101, -18.752878 ], [ -51.741334, -18.754315 ], [ -51.743388, -18.760413 ], [ -51.749082, -18.762911 ], [ -51.768304, -18.760946 ], [ -51.776471, -18.748644 ], [ -51.782164, -18.74632 ], [ -51.779417, -18.74376 ], [ -51.796521, -18.741217 ], [ -51.794527, -18.735548 ], [ -51.802377, -18.727378 ], [ -51.801133, -18.722637 ], [ -51.806804, -18.720325 ], [ -51.808245, -18.724119 ], [ -51.811386, -18.723053 ], [ -51.812854, -18.717463 ], [ -51.817478, -18.715474 ], [ -51.821216, -18.716647 ], [ -51.82305, -18.711964 ], [ -51.82642, -18.713012 ], [ -51.823472, -18.706508 ], [ -51.831108, -18.705443 ], [ -51.830329, -18.699667 ], [ -51.841514, -18.696411 ], [ -51.850138, -18.688736 ], [ -51.855466, -18.691885 ], [ -51.857832, -18.678655 ], [ -51.871913, -18.676118 ], [ -51.882796, -18.665856 ], [ -51.880749, -18.663945 ], [ -51.888825, -18.650622 ], [ -51.88641, -18.646878 ], [ -51.891132, -18.650378 ], [ -51.893192, -18.647891 ], [ -51.89119, -18.63438 ], [ -51.896132, -18.632617 ], [ -51.894443, -18.609522 ], [ -51.902523, -18.591108 ], [ -51.899695, -18.585395 ], [ -51.909774, -18.57312 ], [ -51.915136, -18.552048 ], [ -51.92394, -18.540785 ], [ -51.845777, -18.571586 ], [ -51.832658, -18.569018 ], [ -51.815828, -18.558248 ], [ -51.811163, -18.548228 ], [ -51.798943, -18.54105 ], [ -51.801468, -18.52628 ], [ -51.791495, -18.507147 ], [ -51.798406, -18.490755 ], [ -51.768982, -18.476386 ], [ -51.757437, -18.475262 ], [ -51.750576, -18.469141 ], [ -51.747859, -18.47141 ], [ -51.753881, -18.474253 ], [ -51.749413, -18.47913 ], [ -51.734636, -18.479064 ], [ -51.733481, -18.474981 ], [ -51.726718, -18.472549 ], [ -51.722999, -18.479583 ], [ -51.712939, -18.474939 ], [ -51.707635, -18.476472 ], [ -51.70789, -18.480862 ], [ -51.690352, -18.490734 ], [ -51.686025, -18.48094 ], [ -51.671227, -18.48727 ], [ -51.662159, -18.495673 ], [ -51.638886, -18.493407 ], [ -51.637416, -18.499809 ], [ -51.619216, -18.49828 ], [ -51.615188, -18.493705 ], [ -51.609136, -18.495219 ], [ -51.607159, -18.500347 ], [ -51.597911, -18.502379 ], [ -51.589717, -18.498971 ], [ -51.586256, -18.51246 ], [ -51.572299, -18.510433 ], [ -51.573327, -18.519465 ], [ -51.569855, -18.525947 ], [ -51.552301, -18.523002 ], [ -51.534857, -18.536121 ], [ -51.527242, -18.537737 ], [ -51.520776, -18.520461 ], [ -51.504554, -18.513137 ], [ -51.502688, -18.496202 ], [ -51.493817, -18.486025 ], [ -51.384698, -18.365012 ], [ -51.380384, -18.358063 ], [ -51.377855, -18.338389 ], [ -51.383554, -18.319685 ], [ -51.373694, -18.306026 ], [ -51.363634, -18.280483 ], [ -51.392497, -18.258221 ], [ -51.410111, -18.259155 ], [ -51.416683, -18.244346 ], [ -51.435057, -18.243873 ], [ -51.438416, -18.239802 ], [ -51.455353, -18.220748 ], [ -51.447466, -18.210598 ], [ -51.44972, -18.19918 ], [ -51.446222, -18.196588 ], [ -51.44733, -18.192006 ], [ -51.439437, -18.183905 ], [ -51.441663, -18.180014 ], [ -51.44827, -18.180636 ], [ -51.450081, -18.175721 ], [ -51.445792, -18.174213 ], [ -51.446719, -18.170847 ], [ -51.439541, -18.162816 ], [ -51.433069, -18.161381 ], [ -51.408662, -18.166552 ], [ -51.397077, -18.17356 ], [ -51.377752, -18.192001 ], [ -51.365135, -18.198559 ], [ -51.330819, -18.197364 ], [ -51.332553, -18.192065 ], [ -51.32454, -18.172565 ], [ -51.322912, -18.151597 ], [ -51.325831, -18.134899 ], [ -51.308107, -18.121113 ], [ -51.305436, -18.105945 ], [ -51.298414, -18.095187 ], [ -51.280473, -18.083814 ], [ -51.236492, -18.084559 ], [ -51.235105, -18.09464 ], [ -51.226548, -18.104043 ], [ -51.204215, -18.103223 ], [ -51.192606, -18.120771 ], [ -51.154949, -18.131577 ], [ -51.156335, -18.124448 ], [ -51.156799, -18.117948 ], [ -51.163748, -18.109511 ], [ -51.155107, -18.103397 ], [ -51.159025, -18.099466 ], [ -51.159133, -18.090454 ], [ -51.16255, -18.084734 ], [ -51.166581, -18.086715 ], [ -51.171601, -18.083567 ], [ -51.167243, -18.07612 ], [ -51.16958, -18.069971 ], [ -51.165109, -18.070129 ], [ -51.17152, -18.062119 ], [ -51.181719, -18.05882 ], [ -51.185912, -18.052327 ], [ -51.189465, -18.053472 ], [ -51.194461, -18.040978 ], [ -51.189074, -18.033417 ], [ -51.191053, -18.027208 ], [ -51.200798, -18.029083 ], [ -51.202547, -18.007426 ], [ -51.211773, -18.008092 ], [ -51.214437, -17.995501 ], [ -51.211637, -17.989764 ], [ -51.216746, -17.990796 ], [ -51.217245, -17.987354 ], [ -51.208446, -17.984936 ], [ -51.211885, -17.976877 ], [ -51.206663, -17.978753 ], [ -51.205824, -17.975654 ], [ -51.214241, -17.972353 ], [ -51.212845, -17.968144 ], [ -51.224691, -17.959233 ], [ -51.222688, -17.95767 ], [ -51.226658, -17.951138 ], [ -51.224215, -17.952853 ], [ -51.223407, -17.946651 ], [ -51.232717, -17.944064 ], [ -51.233801, -17.92109 ], [ -51.228911, -17.911939 ], [ -51.233769, -17.914617 ], [ -51.23438, -17.911058 ], [ -51.241858, -17.908007 ], [ -51.239264, -17.903068 ], [ -51.233909, -17.904951 ], [ -51.230499, -17.901552 ], [ -51.235496, -17.901308 ], [ -51.234796, -17.897661 ], [ -51.239722, -17.895318 ], [ -51.241604, -17.885308 ], [ -51.24738, -17.8878 ], [ -51.250112, -17.883171 ], [ -51.254383, -17.884109 ], [ -51.257137, -17.88103 ], [ -51.2788, -17.88824 ], [ -51.285495, -17.863086 ], [ -51.289852, -17.860751 ], [ -51.293055, -17.864211 ], [ -51.304718, -17.864913 ], [ -51.324711, -17.860394 ], [ -51.329276, -17.868312 ], [ -51.340688, -17.866012 ], [ -51.34622, -17.874201 ], [ -51.348412, -17.872129 ], [ -51.352849, -17.874418 ], [ -51.361111, -17.867932 ], [ -51.36414, -17.872297 ], [ -51.367933, -17.86841 ], [ -51.37611, -17.86166 ], [ -51.378081, -17.867566 ], [ -51.388025, -17.866524 ], [ -51.401664, -17.845472 ], [ -51.406859, -17.848943 ], [ -51.41136, -17.84171 ], [ -51.418519, -17.843745 ], [ -51.419454, -17.837872 ], [ -51.417123, -17.837331 ], [ -51.417636, -17.833124 ], [ -51.420942, -17.834054 ], [ -51.426966, -17.825283 ], [ -51.424047, -17.820922 ], [ -51.427833, -17.820756 ], [ -51.430548, -17.827481 ], [ -51.43408, -17.82314 ], [ -51.432194, -17.81806 ], [ -51.434556, -17.819608 ], [ -51.444597, -17.812105 ], [ -51.453663, -17.804013 ], [ -51.449886, -17.801009 ], [ -51.452359, -17.801478 ], [ -51.452196, -17.795125 ], [ -51.456863, -17.789973 ], [ -51.454046, -17.783074 ], [ -51.461078, -17.778576 ], [ -51.457638, -17.768492 ], [ -51.470969, -17.768826 ], [ -51.469109, -17.76483 ], [ -51.475742, -17.760601 ], [ -51.477691, -17.748826 ], [ -51.480245, -17.748199 ], [ -51.4808, -17.752287 ], [ -51.491332, -17.747708 ], [ -51.493387, -17.750524 ], [ -51.495301, -17.747813 ], [ -51.502548, -17.750109 ], [ -51.504579, -17.747146 ], [ -51.51241, -17.748158 ], [ -51.514159, -17.736226 ], [ -51.519248, -17.737194 ], [ -51.52283, -17.731802 ], [ -51.52419, -17.736441 ], [ -51.528222, -17.731236 ], [ -51.536956, -17.733434 ], [ -51.538833, -17.735897 ], [ -51.544324, -17.727269 ], [ -51.548271, -17.729493 ], [ -51.549084, -17.725973 ], [ -51.552917, -17.727015 ], [ -51.552555, -17.72031 ], [ -51.564165, -17.719994 ], [ -51.563191, -17.714646 ], [ -51.573912, -17.703998 ], [ -51.576461, -17.696619 ], [ -51.584136, -17.695979 ], [ -51.580858, -17.685799 ], [ -51.591971, -17.687379 ], [ -51.596604, -17.679925 ], [ -51.616111, -17.676082 ], [ -51.619025, -17.670961 ], [ -51.630436, -17.667667 ], [ -51.636502, -17.661482 ], [ -51.6348, -17.646615 ], [ -51.629326, -17.638589 ], [ -51.615909, -17.63272 ], [ -51.618415, -17.6228 ], [ -51.611466, -17.618 ], [ -51.610564, -17.611075 ], [ -51.610444, -17.610784 ], [ -51.607054, -17.602563 ], [ -51.612692, -17.597285 ], [ -51.624496, -17.595891 ], [ -51.633605, -17.584415 ], [ -51.658306, -17.572123 ], [ -51.656415, -17.565758 ], [ -51.660749, -17.559291 ], [ -51.676361, -17.555575 ], [ -51.685361, -17.549188 ], [ -51.692936, -17.535679 ], [ -51.700526, -17.532054 ], [ -51.699247, -17.528238 ], [ -51.703745, -17.52368 ], [ -51.693057, -17.510514 ], [ -51.694328, -17.500054 ], [ -51.707245, -17.488907 ], [ -51.72502, -17.480912 ], [ -51.726108, -17.46987 ], [ -51.729971, -17.466619 ], [ -51.724439, -17.457994 ], [ -51.725939, -17.440251 ], [ -51.720271, -17.416048 ], [ -51.732861, -17.382041 ], [ -51.731018, -17.372516 ], [ -51.717575, -17.361782 ], [ -51.718243, -17.338871 ], [ -51.71463, -17.320563 ], [ -51.7036, -17.296771 ], [ -51.688249, -17.275282 ], [ -51.674874, -17.278767 ], [ -51.661553, -17.276776 ], [ -51.65076, -17.281421 ], [ -51.625384, -17.291209 ], [ -51.622576, -17.303249 ], [ -51.614359, -17.308108 ], [ -51.593607, -17.308915 ], [ -51.582192, -17.313937 ], [ -51.578944, -17.319992 ], [ -51.565942, -17.319208 ], [ -51.561639, -17.32879 ], [ -51.55311, -17.319424 ], [ -51.547753, -17.318943 ], [ -51.537084, -17.335292 ], [ -51.522162, -17.33748 ], [ -51.498746, -17.335033 ], [ -51.474046, -17.345497 ], [ -51.451232, -17.339308 ], [ -51.435218, -17.339367 ], [ -51.422645, -17.334407 ], [ -51.410214, -17.309936 ], [ -51.385829, -17.289481 ], [ -51.377333, -17.290425 ], [ -51.364557, -17.283357 ], [ -51.365802, -17.279106 ], [ -51.353634, -17.280121 ], [ -51.34783, -17.274183 ], [ -51.343547, -17.277873 ], [ -51.336912, -17.269036 ], [ -51.322769, -17.269483 ], [ -51.318164, -17.253694 ], [ -51.286305, -17.224342 ], [ -51.285409, -17.210456 ], [ -51.294272, -17.181465 ], [ -51.28008, -17.189708 ], [ -51.266608, -17.186528 ], [ -51.264276, -17.183345 ], [ -51.265968, -17.171209 ], [ -51.272722, -17.166543 ], [ -51.271523, -17.160652 ], [ -51.259805, -17.152404 ], [ -51.256495, -17.154369 ], [ -51.249804, -17.151696 ], [ -51.245996, -17.144873 ], [ -51.239109, -17.145819 ], [ -51.237633, -17.140193 ], [ -51.22653, -17.129143 ], [ -51.213355, -17.124332 ], [ -51.205578, -17.117302 ], [ -51.191183, -17.125445 ], [ -51.180076, -17.123275 ], [ -51.17044, -17.116135 ], [ -51.156524, -17.124001 ], [ -51.146254, -17.121902 ], [ -51.132664, -17.112856 ], [ -51.136052, -17.090948 ], [ -51.114363, -17.082713 ], [ -51.11791, -17.07241 ], [ -51.116194, -17.064957 ], [ -51.107049, -17.065704 ], [ -51.097574, -17.059378 ], [ -51.097719, -17.032459 ], [ -51.08627, -17.015418 ], [ -51.089972, -16.992037 ], [ -51.107106, -16.974586 ], [ -51.107331, -16.96869 ], [ -51.093492, -16.964285 ], [ -51.083968, -16.965151 ], [ -51.080776, -16.960692 ], [ -51.074185, -16.959394 ], [ -51.061441, -16.964423 ], [ -51.054106, -16.956769 ], [ -51.053664, -16.956795 ], [ -51.046662, -16.957197 ], [ -51.031245, -16.969645 ], [ -51.027106, -16.986148 ], [ -51.018024, -16.994455 ], [ -51.00152, -17.022436 ], [ -50.989828, -17.033419 ], [ -50.979275, -17.037663 ], [ -50.96835, -17.054008 ], [ -50.961661, -17.057472 ], [ -50.95505, -17.071869 ], [ -50.947882, -17.073501 ], [ -50.944241, -17.085967 ], [ -50.947244, -17.090118 ], [ -50.940686, -17.094135 ], [ -50.934834, -17.091745 ], [ -50.933348, -17.094438 ], [ -50.922855, -17.100228 ], [ -50.925492, -17.106152 ], [ -50.918211, -17.108264 ], [ -50.915219, -17.118217 ], [ -50.905608, -17.122584 ], [ -50.907635, -17.126704 ], [ -50.904882, -17.134449 ], [ -50.908806, -17.136658 ], [ -50.90144, -17.13818 ], [ -50.900104, -17.143924 ], [ -50.904462, -17.146925 ], [ -50.90174, -17.148959 ], [ -50.90386, -17.153225 ], [ -50.89908, -17.155201 ], [ -50.895079, -17.152252 ], [ -50.892952, -17.157867 ], [ -50.884328, -17.156047 ], [ -50.883527, -17.160094 ], [ -50.877826, -17.165378 ], [ -50.871582, -17.165481 ], [ -50.870994, -17.171348 ], [ -50.867784, -17.172299 ], [ -50.856414, -17.173612 ], [ -50.849216, -17.169511 ], [ -50.84385, -17.172853 ], [ -50.836391, -17.172063 ], [ -50.836217, -17.183703 ], [ -50.831829, -17.186991 ], [ -50.823928, -17.186031 ], [ -50.821022, -17.191694 ], [ -50.814859, -17.186602 ], [ -50.80285, -17.188195 ], [ -50.797994, -17.179844 ], [ -50.783189, -17.189535 ], [ -50.776297, -17.189016 ], [ -50.773212, -17.195034 ], [ -50.76569, -17.19836 ], [ -50.768774, -17.202037 ], [ -50.766498, -17.21086 ], [ -50.751684, -17.224452 ], [ -50.751299, -17.231392 ], [ -50.745573, -17.230362 ], [ -50.742075, -17.235718 ], [ -50.738409, -17.232801 ], [ -50.72849, -17.236528 ], [ -50.71997, -17.247864 ], [ -50.718662, -17.25199 ], [ -50.725438, -17.249104 ], [ -50.728504, -17.253536 ], [ -50.723221, -17.257059 ], [ -50.73724, -17.266179 ], [ -50.726184, -17.27393 ], [ -50.724109, -17.287558 ], [ -50.717661, -17.282482 ], [ -50.716606, -17.298925 ], [ -50.705718, -17.299198 ], [ -50.705744, -17.305222 ], [ -50.702659, -17.306754 ], [ -50.699582, -17.297816 ], [ -50.689773, -17.297646 ], [ -50.690075, -17.302991 ], [ -50.698034, -17.312211 ], [ -50.694076, -17.314789 ], [ -50.695414, -17.321531 ], [ -50.681778, -17.325705 ], [ -50.676825, -17.329691 ], [ -50.681105, -17.336635 ], [ -50.669794, -17.349641 ], [ -50.670849, -17.357108 ], [ -50.662831, -17.360237 ], [ -50.65977, -17.349916 ], [ -50.655358, -17.347227 ], [ -50.653879, -17.360583 ], [ -50.64006, -17.36641 ], [ -50.640491, -17.370248 ], [ -50.647301, -17.372626 ], [ -50.647798, -17.377381 ], [ -50.64019, -17.378033 ], [ -50.6345, -17.386146 ], [ -50.63694, -17.372138 ], [ -50.631026, -17.367193 ], [ -50.616603, -17.376145 ], [ -50.60833, -17.375735 ], [ -50.598553, -17.383959 ], [ -50.597137, -17.39109 ], [ -50.603357, -17.397954 ], [ -50.598188, -17.400465 ], [ -50.590191, -17.39414 ], [ -50.589102, -17.409262 ], [ -50.578773, -17.403309 ], [ -50.568138, -17.407358 ], [ -50.556609, -17.403687 ], [ -50.554562, -17.407394 ], [ -50.559882, -17.413304 ], [ -50.551046, -17.417177 ], [ -50.542326, -17.413904 ], [ -50.534046, -17.429725 ], [ -50.526915, -17.428805 ], [ -50.526824, -17.409803 ], [ -50.52247, -17.403078 ], [ -50.509833, -17.39994 ], [ -50.501939, -17.3745 ], [ -50.501689, -17.364432 ], [ -50.50869, -17.36101 ], [ -50.513046, -17.345541 ], [ -50.495387, -17.342966 ], [ -50.481436, -17.33242 ], [ -50.466934, -17.33646 ], [ -50.459017, -17.330638 ], [ -50.447996, -17.305613 ], [ -50.430389, -17.288259 ], [ -50.421879, -17.230597 ], [ -50.391821, -17.188572 ], [ -50.351874, -17.302174 ], [ -50.344078, -17.302125 ], [ -50.332993, -17.295663 ], [ -50.330882, -17.288308 ], [ -50.318692, -17.27588 ], [ -50.302465, -17.267888 ], [ -50.2783, -17.248728 ], [ -50.260887, -17.247537 ], [ -50.25841, -17.252326 ], [ -50.25388, -17.251763 ], [ -50.251877, -17.265624 ], [ -50.244834, -17.270761 ], [ -50.244054, -17.27371 ], [ -50.243998, -17.273836 ], [ -50.236857, -17.278506 ], [ -50.235492, -17.287059 ], [ -50.224047, -17.278997 ], [ -50.220159, -17.284607 ], [ -50.221265, -17.29353 ], [ -50.211499, -17.291363 ], [ -50.207629, -17.296566 ], [ -50.201468, -17.297035 ], [ -50.200023, -17.287195 ], [ -50.203664, -17.277037 ], [ -50.199606, -17.266696 ], [ -50.192576, -17.271486 ], [ -50.186081, -17.268044 ], [ -50.18105, -17.275678 ], [ -50.185464, -17.279748 ], [ -50.182494, -17.291482 ], [ -50.187079, -17.301282 ], [ -50.175018, -17.303136 ], [ -50.171632, -17.313136 ], [ -50.177572, -17.323262 ], [ -50.188163, -17.327631 ], [ -50.190135, -17.332395 ], [ -50.195135, -17.332191 ], [ -50.191185, -17.335761 ], [ -50.192239, -17.34306 ], [ -50.198941, -17.338867 ], [ -50.203445, -17.344045 ], [ -50.206439, -17.352717 ], [ -50.204077, -17.363542 ], [ -50.196499, -17.354125 ], [ -50.193993, -17.358921 ], [ -50.185383, -17.350733 ], [ -50.174085, -17.349802 ], [ -50.168689, -17.358319 ], [ -50.16327, -17.358733 ], [ -50.156883, -17.342639 ], [ -50.147851, -17.339506 ], [ -50.145487, -17.345764 ], [ -50.142627, -17.344485 ], [ -50.144161, -17.347571 ], [ -50.140352, -17.347958 ], [ -50.141411, -17.366223 ], [ -50.135711, -17.367807 ], [ -50.131967, -17.364551 ], [ -50.127932, -17.374747 ], [ -50.122437, -17.377494 ], [ -50.126775, -17.391285 ], [ -50.123853, -17.400426 ], [ -50.1288, -17.408151 ], [ -50.12519, -17.410174 ], [ -50.115268, -17.407144 ], [ -50.124794, -17.424054 ], [ -50.115519, -17.428611 ], [ -50.118856, -17.436856 ], [ -50.109771, -17.444364 ], [ -50.099495, -17.436587 ], [ -50.098823, -17.441884 ], [ -50.090631, -17.442979 ], [ -50.084044, -17.454276 ], [ -50.07541, -17.450752 ], [ -50.073188, -17.461038 ], [ -50.078406, -17.472221 ], [ -50.067791, -17.481843 ], [ -50.069097, -17.486064 ], [ -50.064898, -17.494096 ], [ -50.07524, -17.501859 ], [ -50.074937, -17.509192 ], [ -50.069268, -17.51698 ], [ -50.079796, -17.523624 ], [ -50.072329, -17.528728 ], [ -50.075518, -17.536854 ], [ -50.082768, -17.544472 ], [ -50.093274, -17.543455 ], [ -50.090354, -17.554787 ], [ -50.093733, -17.568453 ], [ -50.096914, -17.572256 ], [ -50.101823, -17.571869 ], [ -50.104321, -17.578853 ], [ -50.099245, -17.584462 ], [ -50.101513, -17.592048 ], [ -50.112105, -17.590621 ], [ -50.114497, -17.598218 ], [ -50.11724, -17.594601 ], [ -50.122101, -17.596383 ], [ -50.128886, -17.605686 ], [ -50.144102, -17.597859 ], [ -50.145518, -17.593712 ], [ -50.149853, -17.598152 ], [ -50.147104, -17.611402 ], [ -50.152798, -17.611416 ], [ -50.173964, -17.643949 ], [ -50.160269, -17.652721 ], [ -50.157158, -17.664602 ], [ -50.164939, -17.66405 ], [ -50.170967, -17.673193 ], [ -50.181938, -17.671154 ], [ -50.188801, -17.674686 ], [ -50.182574, -17.681114 ], [ -50.187046, -17.695253 ], [ -50.198719, -17.696542 ], [ -50.204384, -17.701045 ], [ -50.200406, -17.720305 ], [ -50.187491, -17.725954 ], [ -50.182053, -17.732405 ], [ -50.186514, -17.733429 ], [ -50.192519, -17.741716 ], [ -50.208763, -17.746079 ], [ -50.210193, -17.750828 ], [ -50.200294, -17.759149 ], [ -50.189415, -17.760627 ], [ -50.194353, -17.767035 ], [ -50.208275, -17.770623 ], [ -50.208773, -17.774269 ], [ -50.206199, -17.772238 ], [ -50.201907, -17.776842 ], [ -50.193774, -17.773536 ], [ -50.179996, -17.77868 ], [ -50.157977, -17.795661 ], [ -50.155344, -17.800243 ], [ -50.149385, -17.807303 ], [ -50.143578, -17.805312 ], [ -50.131912, -17.798175 ], [ -50.133993, -17.786968 ], [ -50.123573, -17.789353 ], [ -50.113348, -17.778058 ], [ -50.107768, -17.77662 ], [ -50.10936, -17.784606 ], [ -50.105491, -17.788875 ], [ -50.098549, -17.786754 ], [ -50.091916, -17.789914 ], [ -50.086516, -17.784812 ], [ -50.080296, -17.797006 ], [ -50.069496, -17.799193 ], [ -50.073738, -17.806474 ], [ -50.054518, -17.825228 ], [ -50.036353, -17.82781 ], [ -50.033265, -17.825756 ], [ -50.032494, -17.830357 ], [ -50.021159, -17.833013 ], [ -50.017931, -17.84286 ], [ -50.008745, -17.848885 ], [ -50.000105, -17.861457 ], [ -50.001662, -17.872006 ], [ -49.997298, -17.889048 ], [ -49.990828, -17.898744 ], [ -49.976384, -17.901794 ], [ -49.971463, -17.897435 ], [ -49.980798, -17.926541 ], [ -50.000411, -17.93612 ], [ -50.01567, -17.953316 ], [ -50.032607, -17.945853 ], [ -50.037989, -17.94661 ], [ -50.04513, -17.941347 ], [ -50.055884, -17.945954 ], [ -50.072998, -17.945859 ], [ -50.077211, -17.952546 ], [ -50.075194, -17.958513 ], [ -50.085129, -17.968578 ], [ -50.097352, -17.970412 ], [ -50.09997, -17.982007 ], [ -50.119993, -17.986692 ], [ -50.130268, -17.998117 ], [ -50.137993, -17.998709 ], [ -50.137769, -18.00768 ], [ -50.140017, -18.01552 ], [ -50.144354, -18.017921 ], [ -50.143886, -18.024811 ], [ -50.148745, -18.022843 ], [ -50.152773, -18.025259 ], [ -50.152629, -18.032319 ], [ -50.16097, -18.031048 ], [ -50.151384, -18.050006 ], [ -50.153357, -18.057486 ], [ -50.160693, -18.062824 ], [ -50.165936, -18.065088 ], [ -50.169922, -18.07289 ], [ -50.161629, -18.08927 ], [ -50.161133, -18.119367 ], [ -50.165827, -18.120425 ], [ -50.175308, -18.115384 ], [ -50.181239, -18.117069 ], [ -50.188075, -18.130806 ], [ -50.184842, -18.141052 ], [ -50.175344, -18.153167 ], [ -50.159324, -18.158175 ], [ -50.154626, -18.164918 ], [ -50.154238, -18.176607 ], [ -50.167544, -18.193208 ], [ -50.16641, -18.200552 ], [ -50.142933, -18.202694 ], [ -50.134414, -18.189062 ], [ -50.118326, -18.178729 ], [ -50.117829, -18.191153 ], [ -50.128043, -18.216296 ], [ -50.128492, -18.240303 ], [ -50.11421, -18.247015 ], [ -50.09795, -18.245775 ], [ -50.095472, -18.253469 ], [ -50.09788, -18.273855 ], [ -50.105522, -18.281874 ], [ -50.10769, -18.293651 ], [ -50.117274, -18.311899 ], [ -50.108539, -18.324511 ], [ -50.113075, -18.323712 ], [ -50.122641, -18.331543 ], [ -50.136079, -18.324754 ], [ -50.147239, -18.336559 ], [ -50.159468, -18.333856 ], [ -50.164957, -18.341079 ], [ -50.193429, -18.346883 ], [ -50.207657, -18.355682 ], [ -50.235211, -18.360123 ], [ -50.249933, -18.372544 ], [ -50.27085, -18.378292 ], [ -50.281561, -18.376591 ], [ -50.305869, -18.378102 ], [ -50.299978, -18.384645 ], [ -50.265093, -18.393278 ], [ -50.259407, -18.398654 ], [ -50.256599, -18.439378 ], [ -50.275671, -18.458645 ], [ -50.28093, -18.465903 ], [ -50.261205, -18.46438 ], [ -50.265829, -18.476018 ], [ -50.260062, -18.49745 ], [ -50.268662, -18.507137 ], [ -50.26787, -18.518176 ], [ -50.287848, -18.516321 ], [ -50.286464, -18.528877 ], [ -50.272825, -18.530449 ], [ -50.266526, -18.559666 ], [ -50.269319, -18.565068 ], [ -50.267852, -18.574376 ], [ -50.261377, -18.578478 ], [ -50.263185, -18.582325 ], [ -50.258906, -18.58531 ], [ -50.263204, -18.591125 ], [ -50.25856, -18.591548 ], [ -50.256739, -18.595593 ], [ -50.262515, -18.600076 ], [ -50.259791, -18.609348 ], [ -50.248626, -18.614515 ], [ -50.249603, -18.624415 ], [ -50.245403, -18.62105 ], [ -50.240607, -18.626272 ], [ -50.253073, -18.643893 ], [ -50.250545, -18.649354 ], [ -50.254466, -18.651184 ], [ -50.260211, -18.650796 ], [ -50.26941, -18.67256 ], [ -50.269492, -18.683715 ], [ -50.289271, -18.6892 ], [ -50.305798, -18.695015 ], [ -50.3233, -18.711746 ], [ -50.351855, -18.759841 ], [ -50.369796, -18.803936 ], [ -50.378106, -18.814191 ], [ -50.39289, -18.821931 ], [ -50.418252, -18.827172 ], [ -50.4246, -18.836452 ], [ -50.441033, -18.890332 ], [ -50.460553, -18.91319 ], [ -50.472682, -18.920968 ], [ -50.501101, -18.929653 ], [ -50.508352, -18.935275 ], [ -50.511408, -18.951507 ], [ -50.503405, -18.970513 ], [ -50.49958, -18.980703 ], [ -50.503548, -19.004024 ], [ -50.494606, -19.01241 ], [ -50.498273, -19.033569 ], [ -50.505465, -19.050649 ], [ -50.542922, -19.105467 ], [ -50.551175, -19.111352 ], [ -50.572024, -19.120566 ], [ -50.584552, -19.136927 ], [ -50.645094, -19.133405 ], [ -50.654126, -19.132957 ], [ -50.673937, -19.135744 ], [ -50.678138, -19.140186 ], [ -50.672055, -19.163244 ], [ -50.677328, -19.172057 ], [ -50.733004, -19.185349 ], [ -50.742414, -19.197754 ], [ -50.741579, -19.213909 ], [ -50.744658, -19.232778 ], [ -50.758126, -19.246132 ], [ -50.770973, -19.258867 ], [ -50.788299, -19.262229 ], [ -50.81424, -19.285326 ], [ -50.828972, -19.31002 ], [ -50.835372, -19.32662 ], [ -50.837422, -19.345192 ], [ -50.845143, -19.359742 ], [ -50.847511, -19.364858 ], [ -50.860158, -19.391627 ], [ -50.871007, -19.403393 ], [ -50.87544, -19.419461 ], [ -50.868109, -19.433464 ], [ -50.82857, -19.466576 ], [ -50.824469, -19.474581 ], [ -50.826217, -19.487009 ], [ -50.834916, -19.496432 ], [ -50.841703, -19.498691 ], [ -50.888992, -19.480437 ], [ -50.933857, -19.467641 ], [ -50.933995, -19.466983 ], [ -50.935433, -19.460185 ], [ -50.94041, -19.453275 ], [ -50.946247, -19.452444 ], [ -50.950326, -19.442991 ], [ -50.967907, -19.434417 ], [ -50.984827, -19.430924 ], [ -50.984581, -19.409955 ], [ -51.004349, -19.412657 ], [ -51.001498, -19.403765 ], [ -51.005654, -19.398631 ], [ -51.015022, -19.402032 ], [ -51.030246, -19.40098 ], [ -51.031797, -19.39744 ], [ -51.020497, -19.389441 ], [ -51.017522, -19.383419 ], [ -51.023326, -19.380994 ], [ -51.030521, -19.363333 ], [ -51.034565, -19.359944 ], [ -51.041212, -19.36063 ], [ -51.042158, -19.346222 ], [ -51.050324, -19.334613 ], [ -51.053136, -19.335398 ], [ -51.057354, -19.328987 ], [ -51.066573, -19.32964 ], [ -51.066637, -19.325091 ], [ -51.087441, -19.313838 ], [ -51.087489, -19.307874 ], [ -51.092111, -19.306739 ], [ -51.105552, -19.308222 ], [ -51.117937, -19.302527 ], [ -51.125601, -19.302999 ], [ -51.143355, -19.286752 ] ], [ [ -51.003243, -17.323272 ], [ -51.003242, -17.323272 ], [ -51.005625, -17.319761 ], [ -51.003243, -17.323272 ] ] ] } },
{ "type": "Feature", "properties": { "HREG_ID": "52016", "HREG_NAME": "Sudoeste II", "id": "520150", "name": "Aporé", "description": "Aporé", "MUN_ID": "520150", "UF": "GO", "MACRO_ID": "5206", "MACRO_NAME": "Macrorregião Sudoeste" }, "geometry": { "type": "Polygon", "coordinates": [ [ [ -52.920638, -18.612951 ], [ -52.939384, -18.612813 ], [ -52.933966, -18.598662 ], [ -52.941051, -18.585468 ], [ -52.951329, -18.576222 ], [ -52.95314, -18.561939 ], [ -52.96444, -18.549579 ], [ -52.961864, -18.54037 ], [ -52.9448, -18.519298 ], [ -52.915273, -18.508453 ], [ -52.90957, -18.491295 ], [ -52.898608, -18.476383 ], [ -52.880471, -18.465043 ], [ -52.878667, -18.442421 ], [ -52.872807, -18.426342 ], [ -52.850944, -18.421822 ], [ -52.838, -18.423183 ], [ -52.798027, -18.414412 ], [ -52.785582, -18.38986 ], [ -52.761416, -18.370861 ], [ -52.758616, -18.35012 ], [ -52.761454, -18.343995 ], [ -52.762681, -18.342297 ], [ -52.786977, -18.320135 ], [ -52.804801, -18.313005 ], [ -52.820305, -18.310276 ], [ -52.87272, -18.314385 ], [ -52.934743, -18.296106 ], [ -52.953689, -18.29613 ], [ -52.975592, -18.303007 ], [ -53.013451, -18.325691 ], [ -53.020379, -18.345831 ], [ -53.027201, -18.351023 ], [ -53.044048, -18.343474 ], [ -53.069448, -18.342431 ], [ -53.100665, -18.310383 ], [ -53.101552, -18.272172 ], [ -53.109839, -18.247611 ], [ -53.1097, -18.219115 ], [ -53.12925, -18.160255 ], [ -53.128529, -18.138037 ], [ -53.136224, -18.118078 ], [ -53.142752, -18.08139 ], [ -53.139428, -18.071665 ], [ -53.123164, -18.058381 ], [ -53.088731, -18.056336 ], [ -53.075224, -18.050348 ], [ -53.071791, -18.033528 ], [ -53.069558, -17.985465 ], [ -53.076525, -17.96819 ], [ -53.0855, -17.961502 ], [ -53.099996, -17.93637 ], [ -53.130958, -17.916452 ], [ -53.127118, -17.899571 ], [ -53.132244, -17.890884 ], [ -53.132358, -17.880992 ], [ -53.140003, -17.876671 ], [ -53.142527, -17.871215 ], [ -53.135913, -17.836609 ], [ -53.147317, -17.822823 ], [ -53.146196, -17.816861 ], [ -53.158582, -17.804255 ], [ -53.162969, -17.795066 ], [ -53.159155, -17.786393 ], [ -53.161973, -17.782276 ], [ -53.169219, -17.770068 ], [ -53.168136, -17.765816 ], [ -53.175135, -17.765404 ], [ -53.176859, -17.755418 ], [ -53.182495, -17.749751 ], [ -53.186592, -17.751618 ], [ -53.188808, -17.74517 ], [ -53.197836, -17.739206 ], [ -53.196063, -17.736185 ], [ -53.200337, -17.730299 ], [ -53.219086, -17.720102 ], [ -53.22128, -17.723164 ], [ -53.237424, -17.71264 ], [ -53.238664, -17.694374 ], [ -53.246392, -17.690239 ], [ -53.240473, -17.685833 ], [ -53.239588, -17.679865 ], [ -53.24528, -17.671921 ], [ -53.239776, -17.667426 ], [ -53.244387, -17.664941 ], [ -53.243655, -17.655866 ], [ -53.248086, -17.654575 ], [ -53.245141, -17.652421 ], [ -53.250363, -17.643768 ], [ -53.250336, -17.627623 ], [ -53.246775, -17.622656 ], [ -53.250722, -17.618632 ], [ -53.246445, -17.616403 ], [ -53.246026, -17.61051 ], [ -53.249305, -17.605852 ], [ -53.242454, -17.601378 ], [ -53.242391, -17.592029 ], [ -53.23819, -17.589429 ], [ -53.241752, -17.582603 ], [ -53.23869, -17.580449 ], [ -53.242415, -17.572623 ], [ -53.240139, -17.570187 ], [ -53.246692, -17.563874 ], [ -53.247504, -17.558428 ], [ -53.240633, -17.552402 ], [ -53.245335, -17.54711 ], [ -53.245919, -17.538671 ], [ -53.242588, -17.533615 ], [ -53.246173, -17.53195 ], [ -53.245716, -17.523799 ], [ -53.239325, -17.515515 ], [ -53.241358, -17.511403 ], [ -53.238807, -17.512234 ], [ -53.24298, -17.505166 ], [ -53.237112, -17.498159 ], [ -53.241082, -17.492437 ], [ -53.235698, -17.480535 ], [ -53.232553, -17.480541 ], [ -53.234358, -17.478903 ], [ -53.228389, -17.465645 ], [ -53.226305, -17.466458 ], [ -53.228307, -17.462743 ], [ -53.225947, -17.464187 ], [ -53.22347, -17.457565 ], [ -53.226887, -17.455383 ], [ -53.226885, -17.445028 ], [ -53.232948, -17.440489 ], [ -53.228224, -17.437768 ], [ -53.229036, -17.427952 ], [ -53.22178, -17.423513 ], [ -53.224446, -17.422872 ], [ -53.220082, -17.41279 ], [ -53.213558, -17.411699 ], [ -53.212136, -17.407248 ], [ -53.214969, -17.404711 ], [ -53.206081, -17.401432 ], [ -53.20864, -17.395262 ], [ -53.213363, -17.395262 ], [ -53.207031, -17.392717 ], [ -53.209108, -17.38518 ], [ -53.204305, -17.383363 ], [ -53.202783, -17.389538 ], [ -53.196443, -17.380008 ], [ -53.200969, -17.371469 ], [ -53.205999, -17.372464 ], [ -53.206471, -17.369836 ], [ -53.195892, -17.368105 ], [ -53.195142, -17.361109 ], [ -53.202774, -17.3632 ], [ -53.206275, -17.360755 ], [ -53.202579, -17.360389 ], [ -53.203362, -17.353308 ], [ -53.200223, -17.352303 ], [ -53.200721, -17.343955 ], [ -53.206308, -17.342224 ], [ -53.201746, -17.339864 ], [ -53.204594, -17.332889 ], [ -53.21715, -17.326506 ], [ -53.212839, -17.321976 ], [ -53.21536, -17.319797 ], [ -53.208359, -17.314124 ], [ -53.213864, -17.312899 ], [ -53.213866, -17.31044 ], [ -53.209807, -17.311985 ], [ -53.213504, -17.307629 ], [ -53.218217, -17.309174 ], [ -53.216142, -17.303998 ], [ -53.218687, -17.29917 ], [ -53.207922, -17.292915 ], [ -53.208193, -17.284559 ], [ -53.195446, -17.276205 ], [ -53.197633, -17.25958 ], [ -53.185444, -17.257212 ], [ -53.180334, -17.24386 ], [ -53.174859, -17.240412 ], [ -53.17072, -17.221615 ], [ -53.164675, -17.219693 ], [ -53.167774, -17.214073 ], [ -53.15581, -17.188183 ], [ -53.156944, -17.170197 ], [ -53.149304, -17.167383 ], [ -53.141921, -17.17064 ], [ -53.139748, -17.161288 ], [ -53.135027, -17.161195 ], [ -53.132582, -17.155555 ], [ -53.127665, -17.154197 ], [ -53.131748, -17.145026 ], [ -53.126643, -17.143747 ], [ -53.115057, -17.125302 ], [ -53.118641, -17.118585 ], [ -53.115138, -17.116402 ], [ -53.118639, -17.112776 ], [ -53.107138, -17.106773 ], [ -53.10147, -17.109574 ], [ -53.098333, -17.107121 ], [ -53.101745, -17.100947 ], [ -53.087223, -17.098207 ], [ -53.091828, -17.092131 ], [ -53.084282, -17.09467 ], [ -53.08958, -17.084954 ], [ -53.079104, -17.088485 ], [ -53.081085, -17.079495 ], [ -53.077301, -17.078943 ], [ -53.071558, -17.085296 ], [ -53.073355, -17.07713 ], [ -53.067969, -17.077752 ], [ -53.066754, -17.072941 ], [ -53.060888, -17.077197 ], [ -53.061744, -17.07094 ], [ -53.055532, -17.069925 ], [ -53.05789, -17.058671 ], [ -53.061311, -17.05659 ], [ -53.066109, -17.058772 ], [ -53.066031, -17.051869 ], [ -53.060364, -17.052501 ], [ -53.063275, -17.045141 ], [ -53.072061, -17.050151 ], [ -53.069998, -17.041703 ], [ -53.065477, -17.03852 ], [ -53.068499, -17.029526 ], [ -53.061223, -17.029068 ], [ -53.061053, -17.019894 ], [ -53.055112, -17.018972 ], [ -53.063219, -17.016536 ], [ -53.062941, -17.012171 ], [ -53.055585, -17.014531 ], [ -53.057472, -17.008993 ], [ -53.053133, -17.003352 ], [ -53.056449, -17.003179 ], [ -53.049441, -16.992392 ], [ -53.053494, -16.987558 ], [ -53.054669, -16.962998 ], [ -53.051197, -16.960858 ], [ -53.048078, -16.966708 ], [ -53.044248, -16.953488 ], [ -53.046059, -16.948266 ], [ -53.033639, -16.940817 ], [ -53.036024, -16.938766 ], [ -53.032773, -16.929916 ], [ -53.038616, -16.931281 ], [ -53.033217, -16.920312 ], [ -53.039137, -16.911513 ], [ -53.031751, -16.907773 ], [ -53.028746, -16.911718 ], [ -53.03133, -16.904049 ], [ -53.023084, -16.902825 ], [ -53.018443, -16.898224 ], [ -53.015859, -16.884489 ], [ -53.011411, -16.884148 ], [ -53.017279, -16.878431 ], [ -53.012419, -16.876086 ], [ -53.013405, -16.864438 ], [ -53.010842, -16.857572 ], [ -53.005672, -16.863738 ], [ -53.001028, -16.859228 ], [ -52.997801, -16.865072 ], [ -52.99056, -16.862832 ], [ -52.988109, -16.866369 ], [ -52.975807, -16.863057 ], [ -52.968669, -16.869237 ], [ -52.961688, -16.865454 ], [ -52.964225, -16.85802 ], [ -52.953369, -16.860361 ], [ -52.95675, -16.850349 ], [ -52.949247, -16.853174 ], [ -52.95011, -16.859962 ], [ -52.944165, -16.855813 ], [ -52.946965, -16.844851 ], [ -52.952502, -16.841481 ], [ -52.92655, -16.841192 ], [ -52.927031, -16.837393 ], [ -52.931691, -16.835386 ], [ -52.928469, -16.826973 ], [ -52.943944, -16.812715 ], [ -52.935198, -16.810022 ], [ -52.932162, -16.802427 ], [ -52.925695, -16.804895 ], [ -52.927418, -16.816651 ], [ -52.920477, -16.816766 ], [ -52.914339, -16.811753 ], [ -52.907194, -16.809829 ], [ -52.906609, -16.798877 ], [ -52.891915, -16.792933 ], [ -52.888056, -16.787067 ], [ -52.893773, -16.784695 ], [ -52.881801, -16.775667 ], [ -52.866885, -16.780782 ], [ -52.858475, -16.767489 ], [ -52.853613, -16.772839 ], [ -52.849358, -16.766146 ], [ -52.842068, -16.767957 ], [ -52.831886, -16.771893 ], [ -52.828614, -16.768726 ], [ -52.829801, -16.759957 ], [ -52.822837, -16.757692 ], [ -52.806922, -16.740977 ], [ -52.799977, -16.747786 ], [ -52.796532, -16.746059 ], [ -52.792088, -16.739292 ], [ -52.785499, -16.740747 ], [ -52.788475, -16.7201 ], [ -52.779225, -16.707532 ], [ -52.761272, -16.705843 ], [ -52.759387, -16.702859 ], [ -52.763334, -16.696699 ], [ -52.762251, -16.681672 ], [ -52.754722, -16.671816 ], [ -52.768725, -16.67197 ], [ -52.770776, -16.66807 ], [ -52.754334, -16.662217 ], [ -52.746057, -16.654893 ], [ -52.739946, -16.656358 ], [ -52.747523, -16.638414 ], [ -52.746385, -16.630267 ], [ -52.738781, -16.629552 ], [ -52.7323, -16.634183 ], [ -52.724056, -16.64633 ], [ -52.71522, -16.638822 ], [ -52.725609, -16.614187 ], [ -52.737138, -16.612528 ], [ -52.740611, -16.608902 ], [ -52.740337, -16.603468 ], [ -52.730638, -16.597601 ], [ -52.739834, -16.589977 ], [ -52.732895, -16.58509 ], [ -52.724414, -16.586386 ], [ -52.707558, -16.598904 ], [ -52.703223, -16.59529 ], [ -52.707499, -16.575458 ], [ -52.705412, -16.570837 ], [ -52.699978, -16.570757 ], [ -52.689776, -16.583813 ], [ -52.675026, -16.58455 ], [ -52.670219, -16.581576 ], [ -52.673419, -16.568621 ], [ -52.659692, -16.569907 ], [ -52.669832, -16.55875 ], [ -52.668141, -16.550066 ], [ -52.662224, -16.550615 ], [ -52.650777, -16.561041 ], [ -52.650277, -16.54818 ], [ -52.64653, -16.545473 ], [ -52.635276, -16.551191 ], [ -52.634213, -16.537514 ], [ -52.625669, -16.533005 ], [ -52.62612, -16.520508 ], [ -52.628949, -16.517333 ], [ -52.61005, -16.512375 ], [ -52.607461, -16.517913 ], [ -52.599111, -16.532754 ], [ -52.590756, -16.534669 ], [ -52.588032, -16.532682 ], [ -52.589697, -16.523984 ], [ -52.564084, -16.517575 ], [ -52.570647, -16.529797 ], [ -52.580336, -16.535944 ], [ -52.562863, -16.547282 ], [ -52.550749, -16.543394 ], [ -52.547581, -16.551547 ], [ -52.536956, -16.549069 ], [ -52.515639, -16.548033 ], [ -52.511053, -16.54007 ], [ -52.508134, -16.54071 ], [ -52.504108, -16.550031 ], [ -52.491246, -16.563154 ], [ -52.481859, -16.561651 ], [ -52.477967, -16.554963 ], [ -52.464853, -16.559717 ], [ -52.456593, -16.557301 ], [ -52.453467, -16.552594 ], [ -52.441605, -16.545481 ], [ -52.434327, -16.536175 ], [ -52.429189, -16.538908 ], [ -52.429991, -16.545434 ], [ -52.416808, -16.542123 ], [ -52.412135, -16.55328 ], [ -52.40669, -16.554466 ], [ -52.387139, -16.546377 ], [ -52.374717, -16.537272 ], [ -52.364601, -16.535807 ], [ -52.348327, -16.544772 ], [ -52.339333, -16.544708 ], [ -52.332689, -16.552605 ], [ -52.335166, -16.562923 ], [ -52.330197, -16.564483 ], [ -52.326827, -16.573914 ], [ -52.324078, -16.566666 ], [ -52.319026, -16.56705 ], [ -52.31094, -16.572142 ], [ -52.309473, -16.57831 ], [ -52.292003, -16.583965 ], [ -52.285726, -16.582079 ], [ -52.259253, -16.598213 ], [ -52.244829, -16.579012 ], [ -52.244415, -16.563614 ], [ -52.232221, -16.53836 ], [ -52.210326, -16.507984 ], [ -52.211605, -16.503175 ], [ -52.193735, -16.46574 ], [ -52.181882, -16.465414 ], [ -52.176204, -16.461397 ], [ -52.174582, -16.472948 ], [ -52.170307, -16.477518 ], [ -52.155537, -16.468949 ], [ -52.137141, -16.472654 ], [ -52.129305, -16.468055 ], [ -52.12136, -16.471863 ], [ -52.110838, -16.472019 ], [ -52.106085, -16.477688 ], [ -52.097693, -16.472885 ], [ -52.088306, -16.473155 ], [ -52.07436, -16.485418 ], [ -52.051581, -16.491062 ], [ -52.048695, -16.497902 ], [ -52.052799, -16.505092 ], [ -52.04355, -16.538158 ], [ -52.046962, -16.545229 ], [ -52.044131, -16.54632 ], [ -52.029496, -16.544795 ], [ -52.023862, -16.545989 ], [ -52.021882, -16.550363 ], [ -52.018731, -16.552564 ], [ -52.018248, -16.558847 ], [ -52.014579, -16.561585 ], [ -52.01553, -16.568372 ], [ -52.002555, -16.567843 ], [ -52.001998, -16.574638 ], [ -51.995831, -16.582149 ], [ -52.001665, -16.592389 ], [ -51.987893, -16.601083 ], [ -51.975522, -16.626995 ], [ -51.971629, -16.628786 ], [ -51.968827, -16.625347 ], [ -51.960582, -16.624248 ], [ -51.954055, -16.632573 ], [ -51.948332, -16.633105 ], [ -51.947019, -16.637425 ], [ -51.938054, -16.634529 ], [ -51.935223, -16.642322 ], [ -51.92714, -16.639948 ], [ -51.917523, -16.650445 ], [ -51.909166, -16.643072 ], [ -51.908996, -16.636272 ], [ -51.899023, -16.633713 ], [ -51.887613, -16.645744 ], [ -51.876608, -16.646716 ], [ -51.875245, -16.655598 ], [ -51.867581, -16.657738 ], [ -51.837278, -16.644703 ], [ -51.821447, -16.628877 ], [ -51.813909, -16.63148 ], [ -51.807224, -16.629648 ], [ -51.796915, -16.619099 ], [ -51.76484, -16.601847 ], [ -51.748633, -16.599447 ], [ -51.747385, -16.60688 ], [ -51.743333, -16.609508 ], [ -51.742916, -16.621103 ], [ -51.720868, -16.634048 ], [ -51.71747, -16.633533 ], [ -51.707074, -16.643026 ], [ -51.695636, -16.639449 ], [ -51.688964, -16.63298 ], [ -51.68152, -16.637765 ], [ -51.674386, -16.636468 ], [ -51.675356, -16.625224 ], [ -51.683749, -16.620902 ], [ -51.674353, -16.619416 ], [ -51.671634, -16.613512 ], [ -51.673632, -16.607624 ], [ -51.668609, -16.598629 ], [ -51.657854, -16.601028 ], [ -51.654217, -16.59676 ], [ -51.638883, -16.597706 ], [ -51.632104, -16.594865 ], [ -51.619692, -16.598986 ], [ -51.607385, -16.596677 ], [ -51.601805, -16.601913 ], [ -51.592748, -16.606594 ], [ -51.588426, -16.625905 ], [ -51.580808, -16.632119 ], [ -51.580826, -16.647447 ], [ -51.57237, -16.656488 ], [ -51.576133, -16.661483 ], [ -51.60436, -16.668407 ], [ -51.605804, -16.681193 ], [ -51.614526, -16.683308 ], [ -51.608587, -16.688914 ], [ -51.609605, -16.693718 ], [ -51.601549, -16.699987 ], [ -51.597798, -16.701481 ], [ -51.596286, -16.707405 ], [ -51.597519, -16.723603 ], [ -51.588248, -16.733358 ], [ -51.590493, -16.737822 ], [ -51.587578, -16.739349 ], [ -51.601998, -16.755455 ], [ -51.613297, -16.755134 ], [ -51.613748, -16.75877 ], [ -51.618383, -16.756249 ], [ -51.632864, -16.758023 ], [ -51.633782, -16.767842 ], [ -51.640855, -16.780274 ], [ -51.658221, -16.794939 ], [ -51.659141, -16.803466 ], [ -51.653384, -16.807616 ], [ -51.653802, -16.82186 ], [ -51.661416, -16.822335 ], [ -51.66158, -16.831134 ], [ -51.669552, -16.838967 ], [ -51.668882, -16.842223 ], [ -51.663306, -16.843119 ], [ -51.663722, -16.852657 ], [ -51.655694, -16.866945 ], [ -51.658827, -16.880834 ], [ -51.657278, -16.897503 ], [ -51.650751, -16.900211 ], [ -51.656994, -16.919821 ], [ -51.648668, -16.925864 ], [ -51.637469, -16.926873 ], [ -51.63258, -16.924806 ], [ -51.609244, -16.888083 ], [ -51.591273, -16.883472 ], [ -51.587719, -16.87729 ], [ -51.579441, -16.877345 ], [ -51.576082, -16.873713 ], [ -51.567637, -16.882201 ], [ -51.561251, -16.878823 ], [ -51.55555, -16.890034 ], [ -51.548388, -16.893274 ], [ -51.545475, -16.889729 ], [ -51.538412, -16.890695 ], [ -51.53825, -16.885887 ], [ -51.532466, -16.891035 ], [ -51.527859, -16.888289 ], [ -51.52719, -16.893274 ], [ -51.518632, -16.889526 ], [ -51.51439, -16.891768 ], [ -51.503114, -16.883554 ], [ -51.498497, -16.888276 ], [ -51.483928, -16.888862 ], [ -51.478271, -16.876165 ], [ -51.473276, -16.877241 ], [ -51.469021, -16.872336 ], [ -51.461778, -16.875039 ], [ -51.457598, -16.871125 ], [ -51.454832, -16.86387 ], [ -51.444743, -16.864571 ], [ -51.437697, -16.856847 ], [ -51.43561, -16.859194 ], [ -51.433195, -16.8552 ], [ -51.416772, -16.855247 ], [ -51.413778, -16.852613 ], [ -51.418194, -16.85271 ], [ -51.419047, -16.849347 ], [ -51.416331, -16.846988 ], [ -51.41841, -16.843002 ], [ -51.412971, -16.836723 ], [ -51.415995, -16.827391 ], [ -51.407996, -16.822928 ], [ -51.399797, -16.82554 ], [ -51.396058, -16.819265 ], [ -51.383602, -16.819326 ], [ -51.382889, -16.815973 ], [ -51.374578, -16.817939 ], [ -51.372499, -16.821748 ], [ -51.36733, -16.819101 ], [ -51.362492, -16.826803 ], [ -51.356884, -16.810272 ], [ -51.348804, -16.809615 ], [ -51.348329, -16.801994 ], [ -51.33678, -16.799785 ], [ -51.325719, -16.804111 ], [ -51.318371, -16.799033 ], [ -51.318315, -16.798004 ], [ -51.317853, -16.793564 ], [ -51.303835, -16.792066 ], [ -51.301575, -16.78507 ], [ -51.295629, -16.786965 ], [ -51.296688, -16.783156 ], [ -51.277266, -16.784269 ], [ -51.262971, -16.779333 ], [ -51.256472, -16.78312 ], [ -51.248807, -16.768859 ], [ -51.24372, -16.765752 ], [ -51.235049, -16.739321 ], [ -51.220463, -16.729509 ], [ -51.214798, -16.737614 ], [ -51.217138, -16.745495 ], [ -51.221466, -16.745349 ], [ -51.219916, -16.756594 ], [ -51.226413, -16.7607 ], [ -51.225719, -16.770952 ], [ -51.22202, -16.774396 ], [ -51.224638, -16.783292 ], [ -51.220466, -16.791621 ], [ -51.223353, -16.796807 ], [ -51.220524, -16.801329 ], [ -51.225213, -16.803801 ], [ -51.221136, -16.808861 ], [ -51.223858, -16.813133 ], [ -51.219993, -16.813851 ], [ -51.215105, -16.808295 ], [ -51.20514, -16.810081 ], [ -51.196884, -16.825111 ], [ -51.198633, -16.83066 ], [ -51.194385, -16.834452 ], [ -51.1956, -16.838338 ], [ -51.188634, -16.839422 ], [ -51.188137, -16.843321 ], [ -51.183169, -16.839406 ], [ -51.181163, -16.844021 ], [ -51.178907, -16.841654 ], [ -51.172966, -16.846809 ], [ -51.174441, -16.849718 ], [ -51.169639, -16.854144 ], [ -51.172915, -16.860232 ], [ -51.168746, -16.861672 ], [ -51.169018, -16.865396 ], [ -51.152053, -16.867146 ], [ -51.148554, -16.890725 ], [ -51.140748, -16.890605 ], [ -51.138857, -16.894045 ], [ -51.13205, -16.895295 ], [ -51.126411, -16.892544 ], [ -51.120079, -16.895515 ], [ -51.1105, -16.892754 ], [ -51.110271, -16.89584 ], [ -51.106028, -16.896644 ], [ -51.103496, -16.894089 ], [ -51.100987, -16.904423 ], [ -51.093831, -16.906123 ], [ -51.086683, -16.92279 ], [ -51.076394, -16.929927 ], [ -51.078526, -16.940359 ], [ -51.056887, -16.951702 ], [ -51.054106, -16.956769 ], [ -51.061441, -16.964423 ], [ -51.074185, -16.959394 ], [ -51.080776, -16.960692 ], [ -51.083968, -16.965151 ], [ -51.093492, -16.964285 ], [ -51.107331, -16.96869 ], [ -51.107106, -16.974586 ], [ -51.089972, -16.992037 ], [ -51.08627, -17.015418 ], [ -51.097719, -17.032459 ], [ -51.097574, -17.059378 ], [ -51.107049, -17.065704 ], [ -51.116194, -17.064957 ], [ -51.11791, -17.07241 ], [ -51.114363, -17.082713 ], [ -51.136052, -17.090948 ], [ -51.132664, -17.112856 ], [ -51.146254, -17.121902 ], [ -51.156524, -17.124001 ], [ -51.17044, -17.116135 ], [ -51.180076, -17.123275 ], [ -51.191183, -17.125445 ], [ -51.205578, -17.117302 ], [ -51.213355, -17.124332 ], [ -51.22653, -17.129143 ], [ -51.237633, -17.140193 ], [ -51.239109, -17.145819 ], [ -51.245996, -17.144873 ], [ -51.249804, -17.151696 ], [ -51.256495, -17.154369 ], [ -51.259805, -17.152404 ], [ -51.271523, -17.160652 ], [ -51.272722, -17.166543 ], [ -51.265968, -17.171209 ], [ -51.264276, -17.183345 ], [ -51.266608, -17.186528 ], [ -51.28008, -17.189708 ], [ -51.294272, -17.181465 ], [ -51.285409, -17.210456 ], [ -51.286305, -17.224342 ], [ -51.318164, -17.253694 ], [ -51.322769, -17.269483 ], [ -51.336912, -17.269036 ], [ -51.343547, -17.277873 ], [ -51.34783, -17.274183 ], [ -51.353634, -17.280121 ], [ -51.365802, -17.279106 ], [ -51.364557, -17.283357 ], [ -51.377333, -17.290425 ], [ -51.385829, -17.289481 ], [ -51.410214, -17.309936 ], [ -51.422645, -17.334407 ], [ -51.435218, -17.339367 ], [ -51.451232, -17.339308 ], [ -51.474046, -17.345497 ], [ -51.498746, -17.335033 ], [ -51.522162, -17.33748 ], [ -51.537084, -17.335292 ], [ -51.547753, -17.318943 ], [ -51.55311, -17.319424 ], [ -51.561639, -17.32879 ], [ -51.565942, -17.319208 ], [ -51.578944, -17.319992 ], [ -51.582192, -17.313937 ], [ -51.593607, -17.308915 ], [ -51.614359, -17.308108 ], [ -51.622576, -17.303249 ], [ -51.625384, -17.291209 ], [ -51.65076, -17.281421 ], [ -51.661553, -17.276776 ], [ -51.674874, -17.278767 ], [ -51.688249, -17.275282 ], [ -51.7036, -17.296771 ], [ -51.71463, -17.320563 ], [ -51.718243, -17.338871 ], [ -51.717575, -17.361782 ], [ -51.731018, -17.372516 ], [ -51.732861, -17.382041 ], [ -51.720271, -17.416048 ], [ -51.725939, -17.440251 ], [ -51.724439, -17.457994 ], [ -51.729971, -17.466619 ], [ -51.726108, -17.46987 ], [ -51.72502, -17.480912 ], [ -51.707245, -17.488907 ], [ -51.694328, -17.500054 ], [ -51.693057, -17.510514 ], [ -51.703745, -17.52368 ], [ -51.699247, -17.528238 ], [ -51.700526, -17.532054 ], [ -51.692936, -17.535679 ], [ -51.685361, -17.549188 ], [ -51.676361, -17.555575 ], [ -51.660749, -17.559291 ], [ -51.656415, -17.565758 ], [ -51.658306, -17.572123 ], [ -51.633605, -17.584415 ], [ -51.624496, -17.595891 ], [ -51.612692, -17.597285 ], [ -51.607054, -17.602563 ], [ -51.610444, -17.610784 ], [ -51.610564, -17.611075 ], [ -51.611466, -17.618 ], [ -51.618415, -17.6228 ], [ -51.615909, -17.63272 ], [ -51.629326, -17.638589 ], [ -51.6348, -17.646615 ], [ -51.636502, -17.661482 ], [ -51.630436, -17.667667 ], [ -51.619025, -17.670961 ], [ -51.616111, -17.676082 ], [ -51.596604, -17.679925 ], [ -51.591971, -17.687379 ], [ -51.580858, -17.685799 ], [ -51.584136, -17.695979 ], [ -51.576461, -17.696619 ], [ -51.573912, -17.703998 ], [ -51.563191, -17.714646 ], [ -51.564165, -17.719994 ], [ -51.552555, -17.72031 ], [ -51.552917, -17.727015 ], [ -51.549084, -17.725973 ], [ -51.548271, -17.729493 ], [ -51.544324, -17.727269 ], [ -51.538833, -17.735897 ], [ -51.536956, -17.733434 ], [ -51.528222, -17.731236 ], [ -51.52419, -17.736441 ], [ -51.52283, -17.731802 ], [ -51.519248, -17.737194 ], [ -51.514159, -17.736226 ], [ -51.51241, -17.748158 ], [ -51.504579, -17.747146 ], [ -51.502548, -17.750109 ], [ -51.495301, -17.747813 ], [ -51.493387, -17.750524 ], [ -51.491332, -17.747708 ], [ -51.4808, -17.752287 ], [ -51.480245, -17.748199 ], [ -51.477691, -17.748826 ], [ -51.475742, -17.760601 ], [ -51.469109, -17.76483 ], [ -51.470969, -17.768826 ], [ -51.457638, -17.768492 ], [ -51.461078, -17.778576 ], [ -51.454046, -17.783074 ], [ -51.456863, -17.789973 ], [ -51.452196, -17.795125 ], [ -51.452359, -17.801478 ], [ -51.449886, -17.801009 ], [ -51.453663, -17.804013 ], [ -51.444597, -17.812105 ], [ -51.434556, -17.819608 ], [ -51.432194, -17.81806 ], [ -51.43408, -17.82314 ], [ -51.430548, -17.827481 ], [ -51.427833, -17.820756 ], [ -51.424047, -17.820922 ], [ -51.426966, -17.825283 ], [ -51.420942, -17.834054 ], [ -51.417636, -17.833124 ], [ -51.417123, -17.837331 ], [ -51.419454, -17.837872 ], [ -51.418519, -17.843745 ], [ -51.41136, -17.84171 ], [ -51.406859, -17.848943 ], [ -51.401664, -17.845472 ], [ -51.388025, -17.866524 ], [ -51.378081, -17.867566 ], [ -51.37611, -17.86166 ], [ -51.367933, -17.86841 ], [ -51.36414, -17.872297 ], [ -51.361111, -17.867932 ], [ -51.352849, -17.874418 ], [ -51.348412, -17.872129 ], [ -51.34622, -17.874201 ], [ -51.340688, -17.866012 ], [ -51.329276, -17.868312 ], [ -51.324711, -17.860394 ], [ -51.304718, -17.864913 ], [ -51.293055, -17.864211 ], [ -51.289852, -17.860751 ], [ -51.285495, -17.863086 ], [ -51.2788, -17.88824 ], [ -51.257137, -17.88103 ], [ -51.254383, -17.884109 ], [ -51.250112, -17.883171 ], [ -51.24738, -17.8878 ], [ -51.241604, -17.885308 ], [ -51.239722, -17.895318 ], [ -51.234796, -17.897661 ], [ -51.235496, -17.901308 ], [ -51.230499, -17.901552 ], [ -51.233909, -17.904951 ], [ -51.239264, -17.903068 ], [ -51.241858, -17.908007 ], [ -51.23438, -17.911058 ], [ -51.233769, -17.914617 ], [ -51.228911, -17.911939 ], [ -51.233801, -17.92109 ], [ -51.232717, -17.944064 ], [ -51.223407, -17.946651 ], [ -51.224215, -17.952853 ], [ -51.226658, -17.951138 ], [ -51.222688, -17.95767 ], [ -51.224691, -17.959233 ], [ -51.212845, -17.968144 ], [ -51.214241, -17.972353 ], [ -51.205824, -17.975654 ], [ -51.206663, -17.978753 ], [ -51.211885, -17.976877 ], [ -51.208446, -17.984936 ], [ -51.217245, -17.987354 ], [ -51.216746, -17.990796 ], [ -51.211637, -17.989764 ], [ -51.214437, -17.995501 ], [ -51.211773, -18.008092 ], [ -51.202547, -18.007426 ], [ -51.200798, -18.029083 ], [ -51.191053, -18.027208 ], [ -51.189074, -18.033417 ], [ -51.194461, -18.040978 ], [ -51.189465, -18.053472 ], [ -51.185912, -18.052327 ], [ -51.181719, -18.05882 ], [ -51.17152, -18.062119 ], [ -51.165109, -18.070129 ], [ -51.16958, -18.069971 ], [ -51.167243, -18.07612 ], [ -51.171601, -18.083567 ], [ -51.166581, -18.086715 ], [ -51.16255, -18.084734 ], [ -51.159133, -18.090454 ], [ -51.159025, -18.099466 ], [ -51.155107, -18.103397 ], [ -51.163748, -18.109511 ], [ -51.156799, -18.117948 ], [ -51.156335, -18.124448 ], [ -51.154949, -18.131577 ], [ -51.192606, -18.120771 ], [ -51.204215, -18.103223 ], [ -51.226548, -18.104043 ], [ -51.235105, -18.09464 ], [ -51.236492, -18.084559 ], [ -51.280473, -18.083814 ], [ -51.298414, -18.095187 ], [ -51.305436, -18.105945 ], [ -51.308107, -18.121113 ], [ -51.325831, -18.134899 ], [ -51.322912, -18.151597 ], [ -51.32454, -18.172565 ], [ -51.332553, -18.192065 ], [ -51.330819, -18.197364 ], [ -51.365135, -18.198559 ], [ -51.377752, -18.192001 ], [ -51.397077, -18.17356 ], [ -51.408662, -18.166552 ], [ -51.433069, -18.161381 ], [ -51.439541, -18.162816 ], [ -51.446719, -18.170847 ], [ -51.445792, -18.174213 ], [ -51.450081, -18.175721 ], [ -51.44827, -18.180636 ], [ -51.441663, -18.180014 ], [ -51.439437, -18.183905 ], [ -51.44733, -18.192006 ], [ -51.446222, -18.196588 ], [ -51.44972, -18.19918 ], [ -51.447466, -18.210598 ], [ -51.455353, -18.220748 ], [ -51.438416, -18.239802 ], [ -51.435057, -18.243873 ], [ -51.416683, -18.244346 ], [ -51.410111, -18.259155 ], [ -51.392497, -18.258221 ], [ -51.363634, -18.280483 ], [ -51.373694, -18.306026 ], [ -51.383554, -18.319685 ], [ -51.377855, -18.338389 ], [ -51.380384, -18.358063 ], [ -51.384698, -18.365012 ], [ -51.493817, -18.486025 ], [ -51.502688, -18.496202 ], [ -51.504554, -18.513137 ], [ -51.520776, -18.520461 ], [ -51.527242, -18.537737 ], [ -51.534857, -18.536121 ], [ -51.552301, -18.523002 ], [ -51.569855, -18.525947 ], [ -51.573327, -18.519465 ], [ -51.572299, -18.510433 ], [ -51.586256, -18.51246 ], [ -51.589717, -18.498971 ], [ -51.597911, -18.502379 ], [ -51.607159, -18.500347 ], [ -51.609136, -18.495219 ], [ -51.615188, -18.493705 ], [ -51.619216, -18.49828 ], [ -51.637416, -18.499809 ], [ -51.638886, -18.493407 ], [ -51.662159, -18.495673 ], [ -51.671227, -18.48727 ], [ -51.686025, -18.48094 ], [ -51.690352, -18.490734 ], [ -51.70789, -18.480862 ], [ -51.707635, -18.476472 ], [ -51.712939, -18.474939 ], [ -51.722999, -18.479583 ], [ -51.726718, -18.472549 ], [ -51.733481, -18.474981 ], [ -51.734636, -18.479064 ], [ -51.749413, -18.47913 ], [ -51.753881, -18.474253 ], [ -51.747859, -18.47141 ], [ -51.750576, -18.469141 ], [ -51.757437, -18.475262 ], [ -51.768982, -18.476386 ], [ -51.798406, -18.490755 ], [ -51.791495, -18.507147 ], [ -51.801468, -18.52628 ], [ -51.798943, -18.54105 ], [ -51.811163, -18.548228 ], [ -51.815828, -18.558248 ], [ -51.832658, -18.569018 ], [ -51.845777, -18.571586 ], [ -51.92394, -18.540785 ], [ -51.915136, -18.552048 ], [ -51.909774, -18.57312 ], [ -51.899695, -18.585395 ], [ -51.902523, -18.591108 ], [ -51.894443, -18.609522 ], [ -51.896132, -18.632617 ], [ -51.89119, -18.63438 ], [ -51.893192, -18.647891 ], [ -51.891132, -18.650378 ], [ -51.88641, -18.646878 ], [ -51.888825, -18.650622 ], [ -51.880749, -18.663945 ], [ -51.882796, -18.665856 ], [ -51.871913, -18.676118 ], [ -51.857832, -18.678655 ], [ -51.855466, -18.691885 ], [ -51.850138, -18.688736 ], [ -51.841514, -18.696411 ], [ -51.830329, -18.699667 ], [ -51.831108, -18.705443 ], [ -51.823472, -18.706508 ], [ -51.82642, -18.713012 ], [ -51.82305, -18.711964 ], [ -51.821216, -18.716647 ], [ -51.817478, -18.715474 ], [ -51.812854, -18.717463 ], [ -51.811386, -18.723053 ], [ -51.808245, -18.724119 ], [ -51.806804, -18.720325 ], [ -51.801133, -18.722637 ], [ -51.802377, -18.727378 ], [ -51.794527, -18.735548 ], [ -51.796521, -18.741217 ], [ -51.779417, -18.74376 ], [ -51.782164, -18.74632 ], [ -51.776471, -18.748644 ], [ -51.768304, -18.760946 ], [ -51.749082, -18.762911 ], [ -51.743388, -18.760413 ], [ -51.741334, -18.754315 ], [ -51.717101, -18.752878 ], [ -51.694798, -18.767206 ], [ -51.68994, -18.763165 ], [ -51.683081, -18.764749 ], [ -51.683331, -18.767198 ], [ -51.679499, -18.760335 ], [ -51.670969, -18.765427 ], [ -51.666583, -18.764462 ], [ -51.664138, -18.766176 ], [ -51.668055, -18.770388 ], [ -51.667439, -18.776554 ], [ -51.669994, -18.775433 ], [ -51.664053, -18.780938 ], [ -51.681859, -18.798489 ], [ -51.699803, -18.80666 ], [ -51.709496, -18.817382 ], [ -51.709912, -18.822214 ], [ -51.723606, -18.832703 ], [ -51.705926, -18.965028 ], [ -51.692332, -19.066567 ], [ -51.686437, -19.073141 ], [ -51.69105, -19.082211 ], [ -51.690908, -19.09323 ], [ -51.686304, -19.101281 ], [ -51.692744, -19.11776 ], [ -51.699491, -19.119224 ], [ -51.709297, -19.111978 ], [ -51.710823, -19.108025 ], [ -51.705385, -19.106208 ], [ -51.712692, -19.102377 ], [ -51.71619, -19.107024 ], [ -51.728221, -19.107772 ], [ -51.731159, -19.098598 ], [ -51.739888, -19.100408 ], [ -51.742281, -19.098071 ], [ -51.742315, -19.098034 ], [ -51.747434, -19.091845 ], [ -51.741384, -19.089619 ], [ -51.742062, -19.087348 ], [ -51.760162, -19.088171 ], [ -51.775609, -19.076601 ], [ -51.78072, -19.080755 ], [ -51.790854, -19.077676 ], [ -51.789084, -19.073544 ], [ -51.797445, -19.072297 ], [ -51.795938, -19.066167 ], [ -51.817885, -19.053129 ], [ -51.840835, -19.056686 ], [ -51.843407, -19.052174 ], [ -51.835135, -19.045518 ], [ -51.84228, -19.041847 ], [ -51.850412, -19.043928 ], [ -51.848301, -19.046423 ], [ -51.854469, -19.05102 ], [ -51.870666, -19.035077 ], [ -51.871584, -19.029542 ], [ -51.875054, -19.030151 ], [ -51.882277, -19.019427 ], [ -51.890746, -19.016519 ], [ -51.88891, -19.007898 ], [ -51.898328, -18.99373 ], [ -51.907026, -18.99375 ], [ -51.914273, -18.983176 ], [ -51.925159, -18.983849 ], [ -51.926071, -18.975191 ], [ -51.933191, -18.975067 ], [ -51.939951, -18.967413 ], [ -51.945574, -18.974705 ], [ -51.951825, -18.974466 ], [ -51.951025, -18.980255 ], [ -51.957389, -18.977842 ], [ -51.962835, -18.968096 ], [ -51.964862, -18.970094 ], [ -51.967801, -18.966243 ], [ -51.966551, -18.974879 ], [ -51.969224, -18.976832 ], [ -51.972522, -18.974215 ], [ -51.977718, -18.980356 ], [ -51.98091, -18.97078 ], [ -51.995469, -18.972971 ], [ -51.998416, -18.96729 ], [ -52.004109, -18.968515 ], [ -52.007716, -18.97659 ], [ -52.015114, -18.982325 ], [ -52.020197, -18.978839 ], [ -52.01397, -18.972957 ], [ -52.019383, -18.967236 ], [ -52.018161, -18.963042 ], [ -52.025027, -18.963124 ], [ -52.03469, -18.95771 ], [ -52.036781, -18.960936 ], [ -52.041188, -18.959961 ], [ -52.044748, -18.950054 ], [ -52.04944, -18.950904 ], [ -52.056162, -18.945932 ], [ -52.066412, -18.952886 ], [ -52.080882, -18.950453 ], [ -52.087993, -18.941437 ], [ -52.09266, -18.941648 ], [ -52.088473, -18.935173 ], [ -52.095494, -18.935566 ], [ -52.103909, -18.927607 ], [ -52.106553, -18.923056 ], [ -52.102412, -18.921551 ], [ -52.104468, -18.917617 ], [ -52.108522, -18.918489 ], [ -52.105746, -18.905449 ], [ -52.111226, -18.898846 ], [ -52.112971, -18.901718 ], [ -52.13103, -18.897274 ], [ -52.136973, -18.889463 ], [ -52.147578, -18.893469 ], [ -52.156693, -18.887979 ], [ -52.154642, -18.882107 ], [ -52.161193, -18.878198 ], [ -52.158996, -18.876045 ], [ -52.164776, -18.876208 ], [ -52.165522, -18.865064 ], [ -52.171964, -18.86165 ], [ -52.175691, -18.854227 ], [ -52.179104, -18.855072 ], [ -52.18099, -18.847462 ], [ -52.186498, -18.845428 ], [ -52.198829, -18.85033 ], [ -52.202524, -18.847399 ], [ -52.207471, -18.849678 ], [ -52.209381, -18.845734 ], [ -52.218835, -18.842102 ], [ -52.250995, -18.839126 ], [ -52.263278, -18.827356 ], [ -52.264304, -18.830234 ], [ -52.279951, -18.828986 ], [ -52.29447, -18.828826 ], [ -52.298247, -18.836169 ], [ -52.30855, -18.839263 ], [ -52.320859, -18.830566 ], [ -52.333637, -18.82779 ], [ -52.337476, -18.821493 ], [ -52.343904, -18.821971 ], [ -52.346308, -18.814886 ], [ -52.35397, -18.812236 ], [ -52.350493, -18.809722 ], [ -52.353551, -18.799753 ], [ -52.369307, -18.798796 ], [ -52.36724, -18.793444 ], [ -52.374748, -18.791204 ], [ -52.375778, -18.78676 ], [ -52.378944, -18.787177 ], [ -52.377887, -18.783481 ], [ -52.398943, -18.764658 ], [ -52.39728, -18.757992 ], [ -52.409356, -18.754531 ], [ -52.41144, -18.745528 ], [ -52.412114, -18.73979 ], [ -52.425911, -18.73046 ], [ -52.43355, -18.719531 ], [ -52.438498, -18.705147 ], [ -52.448634, -18.690513 ], [ -52.475031, -18.6851 ], [ -52.500297, -18.674826 ], [ -52.521309, -18.668867 ], [ -52.52206, -18.664186 ], [ -52.530771, -18.657571 ], [ -52.552551, -18.656537 ], [ -52.55508, -18.661236 ], [ -52.566361, -18.664458 ], [ -52.586029, -18.680476 ], [ -52.592383, -18.68944 ], [ -52.622137, -18.688711 ], [ -52.633197, -18.695105 ], [ -52.642885, -18.687985 ], [ -52.675001, -18.678516 ], [ -52.689767, -18.680591 ], [ -52.71954, -18.691312 ], [ -52.730809, -18.688466 ], [ -52.746996, -18.691574 ], [ -52.76542, -18.680712 ], [ -52.786245, -18.680847 ], [ -52.808946, -18.66653 ], [ -52.827167, -18.671442 ], [ -52.836302, -18.666458 ], [ -52.846026, -18.666673 ], [ -52.848139, -18.661165 ], [ -52.87297, -18.645742 ], [ -52.91228, -18.64153 ], [ -52.917803, -18.637496 ], [ -52.913835, -18.61937 ], [ -52.920638, -18.612951 ] ] ] } },
{ "type": "Feature", "properties": { "HREG_ID": "52017", "HREG_NAME": "Sul", "id": "520020", "name": "Água Limpa", "description": "Água Limpa", "MUN_ID": "520020", "UF": "GO", "MACRO_ID": "5210", "MACRO_NAME": "Macrorregião Centro Sudeste" }, "geometry": { "type": "Polygon", "coordinates": [ [ [ -49.485301, -18.508977 ], [ -49.490446, -18.499919 ], [ -49.493564, -18.496084 ], [ -49.496768, -18.492144 ], [ -49.533453, -18.492057 ], [ -49.542575, -18.497417 ], [ -49.547517, -18.507342 ], [ -49.541932, -18.526966 ], [ -49.547105, -18.539164 ], [ -49.558503, -18.546308 ], [ -49.574791, -18.541868 ], [ -49.596018, -18.545942 ], [ -49.64632, -18.557273 ], [ -49.652827, -18.563371 ], [ -49.653187, -18.570112 ], [ -49.634575, -18.591644 ], [ -49.640149, -18.598363 ], [ -49.642234, -18.600876 ], [ -49.6474, -18.601356 ], [ -49.671322, -18.588791 ], [ -49.693269, -18.590183 ], [ -49.705121, -18.594946 ], [ -49.723184, -18.609321 ], [ -49.737797, -18.616467 ], [ -49.757239, -18.609251 ], [ -49.768066, -18.610528 ], [ -49.773399, -18.616023 ], [ -49.774432, -18.625995 ], [ -49.783215, -18.640881 ], [ -49.794292, -18.643394 ], [ -49.819329, -18.632119 ], [ -49.835689, -18.636232 ], [ -49.852327, -18.622707 ], [ -49.866296, -18.622843 ], [ -49.871737, -18.611805 ], [ -49.883512, -18.608573 ], [ -49.903907, -18.620847 ], [ -49.931186, -18.623535 ], [ -49.973351, -18.613862 ], [ -49.980989, -18.604188 ], [ -50.013437, -18.599023 ], [ -50.028297, -18.601009 ], [ -50.036556, -18.609418 ], [ -50.049739, -18.643084 ], [ -50.062872, -18.652217 ], [ -50.079577, -18.671786 ], [ -50.089934, -18.670814 ], [ -50.163821, -18.663895 ], [ -50.17958, -18.668004 ], [ -50.198409, -18.678623 ], [ -50.217019, -18.680065 ], [ -50.249796, -18.677434 ], [ -50.269492, -18.683715 ], [ -50.26941, -18.67256 ], [ -50.260211, -18.650796 ], [ -50.254466, -18.651184 ], [ -50.250545, -18.649354 ], [ -50.253073, -18.643893 ], [ -50.240607, -18.626272 ], [ -50.245403, -18.62105 ], [ -50.249603, -18.624415 ], [ -50.248626, -18.614515 ], [ -50.259791, -18.609348 ], [ -50.262515, -18.600076 ], [ -50.256739, -18.595593 ], [ -50.25856, -18.591548 ], [ -50.263204, -18.591125 ], [ -50.258906, -18.58531 ], [ -50.263185, -18.582325 ], [ -50.261377, -18.578478 ], [ -50.267852, -18.574376 ], [ -50.269319, -18.565068 ], [ -50.266526, -18.559666 ], [ -50.272825, -18.530449 ], [ -50.286464, -18.528877 ], [ -50.287848, -18.516321 ], [ -50.26787, -18.518176 ], [ -50.268662, -18.507137 ], [ -50.260062, -18.49745 ], [ -50.265829, -18.476018 ], [ -50.261205, -18.46438 ], [ -50.28093, -18.465903 ], [ -50.275671, -18.458645 ], [ -50.256599, -18.439378 ], [ -50.259407, -18.398654 ], [ -50.265093, -18.393278 ], [ -50.299978, -18.384645 ], [ -50.305869, -18.378102 ], [ -50.281561, -18.376591 ], [ -50.27085, -18.378292 ], [ -50.249933, -18.372544 ], [ -50.235211, -18.360123 ], [ -50.207657, -18.355682 ], [ -50.193429, -18.346883 ], [ -50.164957, -18.341079 ], [ -50.159468, -18.333856 ], [ -50.147239, -18.336559 ], [ -50.136079, -18.324754 ], [ -50.122641, -18.331543 ], [ -50.113075, -18.323712 ], [ -50.108539, -18.324511 ], [ -50.117274, -18.311899 ], [ -50.10769, -18.293651 ], [ -50.105522, -18.281874 ], [ -50.09788, -18.273855 ], [ -50.095472, -18.253469 ], [ -50.09795, -18.245775 ], [ -50.11421, -18.247015 ], [ -50.128492, -18.240303 ], [ -50.128043, -18.216296 ], [ -50.117829, -18.191153 ], [ -50.118326, -18.178729 ], [ -50.134414, -18.189062 ], [ -50.142933, -18.202694 ], [ -50.16641, -18.200552 ], [ -50.167544, -18.193208 ], [ -50.154238, -18.176607 ], [ -50.154626, -18.164918 ], [ -50.159324, -18.158175 ], [ -50.175344, -18.153167 ], [ -50.184842, -18.141052 ], [ -50.188075, -18.130806 ], [ -50.181239, -18.117069 ], [ -50.175308, -18.115384 ], [ -50.165827, -18.120425 ], [ -50.161133, -18.119367 ], [ -50.161133, -18.119366 ], [ -50.161629, -18.08927 ], [ -50.169922, -18.07289 ], [ -50.165936, -18.065088 ], [ -50.160693, -18.062824 ], [ -50.153357, -18.057486 ], [ -50.151384, -18.050006 ], [ -50.16097, -18.031048 ], [ -50.152629, -18.032319 ], [ -50.152773, -18.025259 ], [ -50.148745, -18.022843 ], [ -50.143886, -18.024811 ], [ -50.144354, -18.017921 ], [ -50.140017, -18.01552 ], [ -50.137769, -18.00768 ], [ -50.137993, -17.998709 ], [ -50.130268, -17.998117 ], [ -50.119993, -17.986692 ], [ -50.09997, -17.982007 ], [ -50.097352, -17.970412 ], [ -50.085129, -17.968578 ], [ -50.075194, -17.958513 ], [ -50.077211, -17.952546 ], [ -50.072998, -17.945859 ], [ -50.055884, -17.945954 ], [ -50.04513, -17.941347 ], [ -50.037989, -17.94661 ], [ -50.032607, -17.945853 ], [ -50.01567, -17.953316 ], [ -50.000411, -17.93612 ], [ -49.980798, -17.926541 ], [ -49.971463, -17.897435 ], [ -49.976384, -17.901794 ], [ -49.990828, -17.898744 ], [ -49.997298, -17.889048 ], [ -50.001662, -17.872006 ], [ -50.000105, -17.861457 ], [ -50.008745, -17.848885 ], [ -50.017931, -17.84286 ], [ -50.021159, -17.833013 ], [ -50.032494, -17.830357 ], [ -50.033265, -17.825756 ], [ -50.036353, -17.82781 ], [ -50.054518, -17.825228 ], [ -50.073738, -17.806474 ], [ -50.069496, -17.799193 ], [ -50.059799, -17.799579 ], [ -50.052047, -17.794735 ], [ -50.018851, -17.795524 ], [ -50.013737, -17.78109 ], [ -50.002973, -17.781314 ], [ -49.985246, -17.782177 ], [ -49.977496, -17.775217 ], [ -49.963046, -17.788657 ], [ -49.942351, -17.796804 ], [ -49.916745, -17.795373 ], [ -49.899433, -17.808166 ], [ -49.888461, -17.811492 ], [ -49.887968, -17.833749 ], [ -49.87252, -17.852185 ], [ -49.863248, -17.858555 ], [ -49.827793, -17.854124 ], [ -49.801858, -17.886306 ], [ -49.786451, -17.898474 ], [ -49.782658, -17.885559 ], [ -49.784275, -17.84467 ], [ -49.772017, -17.825843 ], [ -49.775299, -17.80957 ], [ -49.784605, -17.796969 ], [ -49.78494, -17.785155 ], [ -49.778467, -17.776499 ], [ -49.745206, -17.787335 ], [ -49.683711, -17.807348 ], [ -49.686079, -17.799999 ], [ -49.729381, -17.764751 ], [ -49.735691, -17.754072 ], [ -49.734845, -17.7434 ], [ -49.729737, -17.722794 ], [ -49.704247, -17.703486 ], [ -49.693714, -17.686524 ], [ -49.657627, -17.70343 ], [ -49.652518, -17.724531 ], [ -49.645407, -17.723397 ], [ -49.611654, -17.752936 ], [ -49.601042, -17.752131 ], [ -49.598886, -17.757392 ], [ -49.565531, -17.782385 ], [ -49.555946, -17.775424 ], [ -49.561662, -17.765189 ], [ -49.562437, -17.742573 ], [ -49.546216, -17.715123 ], [ -49.544978, -17.69802 ], [ -49.557239, -17.670126 ], [ -49.546879, -17.65435 ], [ -49.539267, -17.65727 ], [ -49.536126, -17.667294 ], [ -49.539054, -17.681429 ], [ -49.530046, -17.711619 ], [ -49.537015, -17.731742 ], [ -49.515937, -17.751019 ], [ -49.509671, -17.749117 ], [ -49.509732, -17.746687 ], [ -49.509833, -17.742652 ], [ -49.507606, -17.737194 ], [ -49.511033, -17.694532 ], [ -49.511686, -17.66826 ], [ -49.503837, -17.65705 ], [ -49.483101, -17.654525 ], [ -49.462325, -17.639829 ], [ -49.442602, -17.63366 ], [ -49.438603, -17.637388 ], [ -49.432099, -17.633787 ], [ -49.429373, -17.63609 ], [ -49.420686, -17.659704 ], [ -49.41123, -17.654564 ], [ -49.404716, -17.628151 ], [ -49.380852, -17.611712 ], [ -49.364519, -17.608551 ], [ -49.36074, -17.604145 ], [ -49.367155, -17.596788 ], [ -49.353577, -17.595345 ], [ -49.354319, -17.591711 ], [ -49.346241, -17.582943 ], [ -49.335519, -17.586631 ], [ -49.33033, -17.582822 ], [ -49.328305, -17.590137 ], [ -49.323672, -17.590719 ], [ -49.317296, -17.580929 ], [ -49.318268, -17.570347 ], [ -49.301434, -17.567323 ], [ -49.303189, -17.555608 ], [ -49.308162, -17.551246 ], [ -49.307324, -17.534746 ], [ -49.311074, -17.529202 ], [ -49.307686, -17.525392 ], [ -49.300932, -17.526484 ], [ -49.296126, -17.522633 ], [ -49.302773, -17.508127 ], [ -49.301495, -17.506566 ], [ -49.298075, -17.511324 ], [ -49.256103, -17.51887 ], [ -49.245546, -17.508616 ], [ -49.233542, -17.505519 ], [ -49.231048, -17.509783 ], [ -49.226183, -17.505568 ], [ -49.215474, -17.517892 ], [ -49.213162, -17.516515 ], [ -49.195684, -17.532367 ], [ -49.17644, -17.532281 ], [ -49.174294, -17.539229 ], [ -49.15632, -17.544883 ], [ -49.132325, -17.529746 ], [ -49.126882, -17.529702 ], [ -49.115663, -17.533814 ], [ -49.109413, -17.542678 ], [ -49.1011, -17.541755 ], [ -49.097906, -17.544837 ], [ -49.089101, -17.540232 ], [ -49.081605, -17.523706 ], [ -49.076103, -17.521985 ], [ -49.064081, -17.534689 ], [ -49.063805, -17.53498 ], [ -49.039153, -17.54591 ], [ -49.024459, -17.557749 ], [ -49.004882, -17.560195 ], [ -48.992714, -17.568472 ], [ -48.981743, -17.567213 ], [ -48.976571, -17.572234 ], [ -48.961773, -17.570518 ], [ -48.957928, -17.573173 ], [ -48.957405, -17.578017 ], [ -48.948601, -17.579144 ], [ -48.927738, -17.598627 ], [ -48.923853, -17.602059 ], [ -48.924433, -17.607871 ], [ -48.914102, -17.611335 ], [ -48.917075, -17.615241 ], [ -48.911911, -17.625556 ], [ -48.902601, -17.627108 ], [ -48.892572, -17.633795 ], [ -48.890906, -17.649134 ], [ -48.886615, -17.65566 ], [ -48.883349, -17.657593 ], [ -48.883518, -17.666982 ], [ -48.872465, -17.667057 ], [ -48.866487, -17.674549 ], [ -48.858821, -17.672437 ], [ -48.857036, -17.676784 ], [ -48.849738, -17.680074 ], [ -48.848572, -17.688847 ], [ -48.8401, -17.697627 ], [ -48.845125, -17.704863 ], [ -48.837518, -17.708735 ], [ -48.838211, -17.721016 ], [ -48.834463, -17.738607 ], [ -48.838101, -17.743295 ], [ -48.846042, -17.744684 ], [ -48.840266, -17.758185 ], [ -48.829875, -17.768538 ], [ -48.832188, -17.773067 ], [ -48.820571, -17.785954 ], [ -48.825462, -17.792369 ], [ -48.822182, -17.797757 ], [ -48.828652, -17.798784 ], [ -48.823742, -17.808426 ], [ -48.819411, -17.805186 ], [ -48.819046, -17.812903 ], [ -48.815128, -17.812296 ], [ -48.820072, -17.821097 ], [ -48.830353, -17.823903 ], [ -48.834047, -17.836848 ], [ -48.841848, -17.842838 ], [ -48.849154, -17.855511 ], [ -48.841398, -17.85376 ], [ -48.831102, -17.858349 ], [ -48.835156, -17.862408 ], [ -48.833048, -17.871315 ], [ -48.83916, -17.872791 ], [ -48.838907, -17.876306 ], [ -48.850708, -17.877556 ], [ -48.848049, -17.883345 ], [ -48.853105, -17.888361 ], [ -48.846594, -17.889453 ], [ -48.842013, -17.896847 ], [ -48.846511, -17.907372 ], [ -48.812603, -17.921858 ], [ -48.793659, -17.919764 ], [ -48.788462, -17.926 ], [ -48.782096, -17.926406 ], [ -48.784683, -17.93187 ], [ -48.782459, -17.935214 ], [ -48.764906, -17.934127 ], [ -48.760327, -17.952502 ], [ -48.748488, -17.962191 ], [ -48.749712, -17.970317 ], [ -48.731743, -17.982944 ], [ -48.737489, -17.98978 ], [ -48.737462, -18.01231 ], [ -48.733741, -18.016063 ], [ -48.732436, -18.026256 ], [ -48.737765, -18.030363 ], [ -48.722419, -18.057635 ], [ -48.717239, -18.064924 ], [ -48.719494, -18.075131 ], [ -48.715243, -18.076639 ], [ -48.711575, -18.084901 ], [ -48.691353, -18.093828 ], [ -48.690683, -18.096989 ], [ -48.706791, -18.108506 ], [ -48.714769, -18.118705 ], [ -48.71138, -18.124332 ], [ -48.696223, -18.118197 ], [ -48.685072, -18.117891 ], [ -48.684848, -18.123283 ], [ -48.704822, -18.147736 ], [ -48.709709, -18.148772 ], [ -48.714267, -18.137081 ], [ -48.729733, -18.166643 ], [ -48.724798, -18.170391 ], [ -48.717264, -18.166168 ], [ -48.712403, -18.170996 ], [ -48.727267, -18.187645 ], [ -48.726849, -18.191704 ], [ -48.724549, -18.194659 ], [ -48.710009, -18.19354 ], [ -48.709595, -18.196957 ], [ -48.719299, -18.199125 ], [ -48.729793, -18.209235 ], [ -48.73741, -18.211922 ], [ -48.738679, -18.21726 ], [ -48.752696, -18.222403 ], [ -48.762513, -18.222879 ], [ -48.777462, -18.238271 ], [ -48.783481, -18.239947 ], [ -48.796153, -18.230945 ], [ -48.807403, -18.232966 ], [ -48.820377, -18.234397 ], [ -48.823379, -18.238124 ], [ -48.818408, -18.263709 ], [ -48.828437, -18.265625 ], [ -48.842267, -18.269772 ], [ -48.848473, -18.292039 ], [ -48.859768, -18.297721 ], [ -48.865847, -18.293624 ], [ -48.868738, -18.277492 ], [ -48.872179, -18.27463 ], [ -48.884797, -18.266437 ], [ -48.897791, -18.270151 ], [ -48.902738, -18.277857 ], [ -48.896632, -18.293788 ], [ -48.897431, -18.301366 ], [ -48.901517, -18.306637 ], [ -48.917288, -18.305421 ], [ -48.936317, -18.305749 ], [ -48.959045, -18.32302 ], [ -48.970682, -18.330028 ], [ -48.976187, -18.341274 ], [ -48.983738, -18.340954 ], [ -48.981044, -18.355916 ], [ -48.990164, -18.358098 ], [ -48.995539, -18.370482 ], [ -49.005507, -18.3739 ], [ -49.023291, -18.367463 ], [ -49.029179, -18.368361 ], [ -49.041543, -18.376049 ], [ -49.044351, -18.388836 ], [ -49.053304, -18.402117 ], [ -49.076582, -18.416322 ], [ -49.0815, -18.412805 ], [ -49.090802, -18.413095 ], [ -49.096438, -18.403247 ], [ -49.111019, -18.401552 ], [ -49.113369, -18.397386 ], [ -49.106728, -18.388397 ], [ -49.108348, -18.383387 ], [ -49.125823, -18.382049 ], [ -49.154127, -18.402295 ], [ -49.157689, -18.41343 ], [ -49.185407, -18.41597 ], [ -49.205209, -18.411334 ], [ -49.211404, -18.417195 ], [ -49.210821, -18.423049 ], [ -49.200312, -18.431496 ], [ -49.192126, -18.449262 ], [ -49.200935, -18.458371 ], [ -49.210209, -18.461436 ], [ -49.227965, -18.479395 ], [ -49.243632, -18.505821 ], [ -49.248357, -18.522459 ], [ -49.273014, -18.528208 ], [ -49.281744, -18.533733 ], [ -49.288562, -18.5429 ], [ -49.292137, -18.563548 ], [ -49.302519, -18.565977 ], [ -49.32439, -18.560296 ], [ -49.329799, -18.565036 ], [ -49.336155, -18.58326 ], [ -49.342768, -18.597561 ], [ -49.364708, -18.616906 ], [ -49.372853, -18.634546 ], [ -49.378294, -18.641889 ], [ -49.391102, -18.646149 ], [ -49.408159, -18.64435 ], [ -49.416271, -18.638092 ], [ -49.43194, -18.606285 ], [ -49.481369, -18.560572 ], [ -49.485727, -18.531809 ], [ -49.485301, -18.508977 ] ], [ [ -49.869963, -18.0103 ], [ -49.869963, -18.010301 ], [ -49.860465, -18.014136 ], [ -49.869963, -18.0103 ] ], [ [ -49.243885, -18.196898 ], [ -49.248904, -18.201463 ], [ -49.248904, -18.201464 ], [ -49.243885, -18.196898 ] ] ] } },
{ "type": "Feature", "properties": { "HREG_ID": "52018", "HREG_NAME": "São Patricio II", "id": "520320", "name": "Barro Alto", "description": "Barro Alto", "MUN_ID": "520320", "UF": "GO", "MACRO_ID": "5209", "MACRO_NAME": "Macrorregião Centro-Norte" }, "geometry": { "type": "Polygon", "coordinates": [ [ [ -49.624499, -15.874816 ], [ -49.625547, -15.866456 ], [ -49.640357, -15.869566 ], [ -49.648992, -15.883164 ], [ -49.662688, -15.889117 ], [ -49.673469, -15.867093 ], [ -49.680128, -15.865276 ], [ -49.688102, -15.858286 ], [ -49.680911, -15.854401 ], [ -49.679081, -15.848217 ], [ -49.687369, -15.841421 ], [ -49.685075, -15.832043 ], [ -49.689048, -15.82665 ], [ -49.676025, -15.799753 ], [ -49.674852, -15.785522 ], [ -49.678439, -15.777432 ], [ -49.667134, -15.769195 ], [ -49.659106, -15.7679 ], [ -49.649115, -15.756811 ], [ -49.644188, -15.734769 ], [ -49.646162, -15.710009 ], [ -49.635632, -15.692784 ], [ -49.639326, -15.684342 ], [ -49.63687, -15.681711 ], [ -49.616605, -15.691136 ], [ -49.611855, -15.690264 ], [ -49.605351, -15.697698 ], [ -49.600104, -15.67438 ], [ -49.590249, -15.66889 ], [ -49.571468, -15.647642 ], [ -49.558763, -15.640601 ], [ -49.55638, -15.634982 ], [ -49.559198, -15.620455 ], [ -49.559687, -15.615417 ], [ -49.559421, -15.61014 ], [ -49.557136, -15.606419 ], [ -49.559668, -15.598661 ], [ -49.563408, -15.597534 ], [ -49.559773, -15.593769 ], [ -49.556825, -15.58057 ], [ -49.558579, -15.577099 ], [ -49.560094, -15.578863 ], [ -49.562553, -15.575685 ], [ -49.560553, -15.557533 ], [ -49.556689, -15.547017 ], [ -49.553979, -15.546799 ], [ -49.551266, -15.543817 ], [ -49.561032, -15.535206 ], [ -49.563852, -15.522956 ], [ -49.574862, -15.51613 ], [ -49.575127, -15.498587 ], [ -49.567908, -15.488955 ], [ -49.568578, -15.476349 ], [ -49.562334, -15.474359 ], [ -49.554157, -15.465505 ], [ -49.550214, -15.469358 ], [ -49.544733, -15.467627 ], [ -49.543128, -15.472599 ], [ -49.535606, -15.474399 ], [ -49.534878, -15.48084 ], [ -49.529853, -15.480963 ], [ -49.528411, -15.470432 ], [ -49.519831, -15.477578 ], [ -49.521468, -15.490239 ], [ -49.517297, -15.492707 ], [ -49.520187, -15.503313 ], [ -49.515529, -15.504661 ], [ -49.511381, -15.497184 ], [ -49.502769, -15.501939 ], [ -49.507998, -15.509682 ], [ -49.506659, -15.515551 ], [ -49.487158, -15.512007 ], [ -49.460804, -15.528367 ], [ -49.45497, -15.532258 ], [ -49.440691, -15.52661 ], [ -49.436046, -15.516897 ], [ -49.436105, -15.497856 ], [ -49.428918, -15.492611 ], [ -49.38694, -15.502057 ], [ -49.378389, -15.495219 ], [ -49.338659, -15.497524 ], [ -49.33147, -15.4836 ], [ -49.313636, -15.491472 ], [ -49.309573, -15.483951 ], [ -49.312073, -15.478517 ], [ -49.31005, -15.46656 ], [ -49.302825, -15.465715 ], [ -49.295774, -15.450758 ], [ -49.290466, -15.449366 ], [ -49.283524, -15.436944 ], [ -49.29138, -15.432786 ], [ -49.289274, -15.427832 ], [ -49.297407, -15.410585 ], [ -49.287193, -15.403222 ], [ -49.276162, -15.387094 ], [ -49.285464, -15.375727 ], [ -49.284914, -15.367143 ], [ -49.275469, -15.356672 ], [ -49.260408, -15.35256 ], [ -49.262491, -15.343271 ], [ -49.263723, -15.337773 ], [ -49.280248, -15.338527 ], [ -49.282553, -15.328863 ], [ -49.287411, -15.32564 ], [ -49.306106, -15.328925 ], [ -49.313632, -15.334407 ], [ -49.314664, -15.339475 ], [ -49.319581, -15.337885 ], [ -49.320552, -15.341092 ], [ -49.328022, -15.342259 ], [ -49.330556, -15.339113 ], [ -49.33999, -15.343311 ], [ -49.348268, -15.338048 ], [ -49.354103, -15.339847 ], [ -49.354498, -15.327772 ], [ -49.359914, -15.325161 ], [ -49.353135, -15.318153 ], [ -49.342829, -15.295211 ], [ -49.342495, -15.277146 ], [ -49.339633, -15.261879 ], [ -49.323607, -15.234063 ], [ -49.327378, -15.225822 ], [ -49.32483, -15.220633 ], [ -49.326918, -15.213512 ], [ -49.319831, -15.202036 ], [ -49.317569, -15.187704 ], [ -49.308798, -15.172845 ], [ -49.307821, -15.158826 ], [ -49.312715, -15.138769 ], [ -49.306786, -15.098966 ], [ -49.310249, -15.077774 ], [ -49.30833, -15.06859 ], [ -49.299439, -15.068051 ], [ -49.30244, -15.05593 ], [ -49.291937, -15.033102 ], [ -49.29405, -15.022441 ], [ -49.28972, -15.016377 ], [ -49.289518, -14.991664 ], [ -49.134233, -14.99798 ], [ -49.134021, -14.997902 ], [ -49.128246, -14.98703 ], [ -49.124357, -14.966991 ], [ -49.117719, -14.963311 ], [ -49.120689, -14.945424 ], [ -49.110159, -14.941191 ], [ -49.098744, -14.931226 ], [ -49.101496, -14.925123 ], [ -49.09598, -14.912032 ], [ -49.089885, -14.908271 ], [ -49.093106, -14.902181 ], [ -49.091857, -14.888187 ], [ -49.084134, -14.88402 ], [ -49.084713, -14.878591 ], [ -49.090828, -14.876281 ], [ -49.089084, -14.872069 ], [ -49.09402, -14.868646 ], [ -49.088758, -14.860501 ], [ -49.092663, -14.855112 ], [ -49.104351, -14.853143 ], [ -49.179915, -14.893013 ], [ -49.20636, -14.898962 ], [ -49.205276, -14.89202 ], [ -49.193215, -14.877164 ], [ -49.180073, -14.873381 ], [ -49.184272, -14.859686 ], [ -49.194274, -14.858369 ], [ -49.195941, -14.849376 ], [ -49.205218, -14.845157 ], [ -49.213104, -14.831369 ], [ -49.20985, -14.818239 ], [ -49.188526, -14.814037 ], [ -49.164525, -14.801073 ], [ -49.169103, -14.795738 ], [ -49.183879, -14.797703 ], [ -49.196741, -14.778678 ], [ -49.192604, -14.768249 ], [ -49.163603, -14.772492 ], [ -49.151685, -14.768144 ], [ -49.150137, -14.736559 ], [ -49.143019, -14.733311 ], [ -49.130855, -14.736027 ], [ -49.121664, -14.746705 ], [ -49.115713, -14.745745 ], [ -49.10908, -14.735266 ], [ -49.090826, -14.730042 ], [ -49.069739, -14.742918 ], [ -49.069381, -14.743062 ], [ -49.061109, -14.738781 ], [ -49.063023, -14.728498 ], [ -49.060553, -14.723085 ], [ -49.041524, -14.708237 ], [ -49.034158, -14.708334 ], [ -49.0229, -14.716315 ], [ -49.004828, -14.720072 ], [ -48.998691, -14.711889 ], [ -49.020603, -14.687622 ], [ -49.014437, -14.662275 ], [ -49.020437, -14.65679 ], [ -49.02825, -14.634491 ], [ -49.043575, -14.62795 ], [ -49.053634, -14.616669 ], [ -49.050451, -14.609817 ], [ -49.042352, -14.605618 ], [ -49.019522, -14.621323 ], [ -49.015549, -14.620508 ], [ -49.018051, -14.606329 ], [ -49.026924, -14.600552 ], [ -49.033963, -14.602524 ], [ -49.044328, -14.589527 ], [ -49.038683, -14.576707 ], [ -49.025326, -14.585916 ], [ -49.015297, -14.585227 ], [ -49.017633, -14.580384 ], [ -49.010971, -14.575342 ], [ -49.006464, -14.581308 ], [ -49.009552, -14.595886 ], [ -49.001305, -14.598051 ], [ -48.991717, -14.596443 ], [ -48.991998, -14.592639 ], [ -48.996937, -14.595366 ], [ -48.999827, -14.591574 ], [ -48.996105, -14.584224 ], [ -48.992577, -14.58467 ], [ -48.983604, -14.595973 ], [ -48.975572, -14.619935 ], [ -48.975748, -14.624224 ], [ -48.989608, -14.621811 ], [ -48.990805, -14.629958 ], [ -48.984713, -14.638199 ], [ -48.987052, -14.643545 ], [ -48.981824, -14.646072 ], [ -48.966387, -14.645038 ], [ -48.970272, -14.653293 ], [ -48.965801, -14.657265 ], [ -48.965407, -14.664698 ], [ -48.959359, -14.660335 ], [ -48.949972, -14.660762 ], [ -48.95775, -14.674289 ], [ -48.949831, -14.680605 ], [ -48.93727, -14.676404 ], [ -48.924218, -14.679364 ], [ -48.905907, -14.670533 ], [ -48.896019, -14.676845 ], [ -48.880939, -14.679613 ], [ -48.880662, -14.685948 ], [ -48.884078, -14.68841 ], [ -48.875493, -14.694096 ], [ -48.861104, -14.687526 ], [ -48.848441, -14.686137 ], [ -48.842872, -14.689055 ], [ -48.836742, -14.682026 ], [ -48.823804, -14.683341 ], [ -48.817772, -14.676075 ], [ -48.819101, -14.668013 ], [ -48.814742, -14.663201 ], [ -48.806639, -14.664993 ], [ -48.802825, -14.660541 ], [ -48.797157, -14.659981 ], [ -48.781331, -14.665545 ], [ -48.774361, -14.658464 ], [ -48.779607, -14.650146 ], [ -48.775132, -14.649044 ], [ -48.771438, -14.642324 ], [ -48.755331, -14.647258 ], [ -48.760078, -14.647906 ], [ -48.758466, -14.652796 ], [ -48.753132, -14.659203 ], [ -48.739555, -14.665859 ], [ -48.737826, -14.676096 ], [ -48.732601, -14.677524 ], [ -48.728442, -14.671531 ], [ -48.724304, -14.684929 ], [ -48.729663, -14.692651 ], [ -48.731184, -14.708867 ], [ -48.723437, -14.718623 ], [ -48.712333, -14.726115 ], [ -48.718908, -14.735008 ], [ -48.71338, -14.741869 ], [ -48.721635, -14.753672 ], [ -48.711638, -14.764054 ], [ -48.718437, -14.763716 ], [ -48.727686, -14.778882 ], [ -48.721021, -14.790906 ], [ -48.722299, -14.797616 ], [ -48.715131, -14.797227 ], [ -48.712717, -14.800651 ], [ -48.726466, -14.803517 ], [ -48.726351, -14.810493 ], [ -48.739938, -14.811264 ], [ -48.742791, -14.818434 ], [ -48.740157, -14.826298 ], [ -48.750211, -14.834126 ], [ -48.745052, -14.842716 ], [ -48.76133, -14.847031 ], [ -48.756991, -14.861242 ], [ -48.749439, -14.862204 ], [ -48.750243, -14.872176 ], [ -48.744381, -14.872699 ], [ -48.736245, -14.882281 ], [ -48.743583, -14.885195 ], [ -48.751245, -14.904606 ], [ -48.751963, -14.910682 ], [ -48.746384, -14.912564 ], [ -48.745413, -14.919629 ], [ -48.739161, -14.921693 ], [ -48.749859, -14.927158 ], [ -48.742384, -14.933291 ], [ -48.74321, -14.936014 ], [ -48.74883, -14.934315 ], [ -48.748692, -14.938839 ], [ -48.724575, -14.940654 ], [ -48.724082, -14.947902 ], [ -48.719573, -14.950876 ], [ -48.704324, -14.945932 ], [ -48.695272, -14.953323 ], [ -48.683799, -14.951014 ], [ -48.685547, -14.957457 ], [ -48.68199, -14.962874 ], [ -48.69602, -14.972349 ], [ -48.697768, -14.980331 ], [ -48.674958, -14.976487 ], [ -48.674257, -14.9776 ], [ -48.675186, -14.983779 ], [ -48.667741, -14.98212 ], [ -48.654794, -14.960873 ], [ -48.649576, -14.958312 ], [ -48.64833, -14.966918 ], [ -48.639579, -14.966245 ], [ -48.641328, -14.972507 ], [ -48.64905, -14.977246 ], [ -48.632522, -14.983339 ], [ -48.634411, -14.996754 ], [ -48.626606, -14.997084 ], [ -48.626908, -14.986126 ], [ -48.617888, -14.986445 ], [ -48.614876, -14.988975 ], [ -48.615882, -14.994501 ], [ -48.621131, -15.002115 ], [ -48.618659, -15.005009 ], [ -48.610523, -15.002024 ], [ -48.605545, -14.989838 ], [ -48.603576, -14.99345 ], [ -48.593354, -14.991599 ], [ -48.586991, -14.997285 ], [ -48.574995, -14.993066 ], [ -48.571912, -15.008019 ], [ -48.557559, -15.013796 ], [ -48.549185, -15.006001 ], [ -48.521635, -15.017309 ], [ -48.509636, -15.011878 ], [ -48.501352, -14.997891 ], [ -48.499909, -14.984208 ], [ -48.480911, -14.987402 ], [ -48.479328, -14.971549 ], [ -48.473714, -14.964152 ], [ -48.469996, -14.965555 ], [ -48.461521, -14.957049 ], [ -48.448303, -14.956822 ], [ -48.434884, -14.94754 ], [ -48.430331, -14.948212 ], [ -48.422439, -14.938121 ], [ -48.413052, -14.934904 ], [ -48.404887, -14.940023 ], [ -48.394741, -14.939326 ], [ -48.38071, -14.94398 ], [ -48.371545, -14.939263 ], [ -48.371322, -14.926766 ], [ -48.35672, -14.917907 ], [ -48.355437, -14.908842 ], [ -48.338466, -14.911019 ], [ -48.324713, -14.898737 ], [ -48.291607, -14.896471 ], [ -48.257864, -14.873729 ], [ -48.236411, -14.880466 ], [ -48.214245, -14.866085 ], [ -48.203653, -14.863153 ], [ -48.185326, -14.848471 ], [ -48.139008, -14.845867 ], [ -48.12574, -14.843516 ], [ -48.114414, -14.849265 ], [ -48.10091, -14.8482 ], [ -48.082185, -14.858663 ], [ -48.081359, -14.871863 ], [ -48.090409, -14.884825 ], [ -48.088208, -14.885636 ], [ -48.077187, -14.894621 ], [ -48.078411, -14.898354 ], [ -48.070878, -14.905233 ], [ -48.057149, -14.910413 ], [ -48.054241, -14.918971 ], [ -48.045807, -14.922486 ], [ -48.042638, -14.929421 ], [ -48.044778, -14.944833 ], [ -48.035071, -14.959737 ], [ -48.039941, -14.964962 ], [ -48.041607, -14.960726 ], [ -48.050877, -14.961199 ], [ -48.047929, -14.96895 ], [ -48.04773, -14.969165 ], [ -48.048524, -14.979093 ], [ -48.054662, -14.987861 ], [ -48.059184, -14.989086 ], [ -48.057358, -15.01071 ], [ -48.062828, -15.024123 ], [ -48.055771, -15.031638 ], [ -48.059246, -15.035859 ], [ -48.056159, -15.039118 ], [ -48.057773, -15.05196 ], [ -48.062436, -15.055956 ], [ -48.061854, -15.063157 ], [ -48.070302, -15.067523 ], [ -48.072139, -15.074182 ], [ -48.08297, -15.082444 ], [ -48.073776, -15.090878 ], [ -48.084766, -15.09737 ], [ -48.086861, -15.108203 ], [ -48.09844, -15.111123 ], [ -48.091329, -15.11682 ], [ -48.093217, -15.126975 ], [ -48.090768, -15.135304 ], [ -48.097938, -15.141869 ], [ -48.100356, -15.138243 ], [ -48.107886, -15.146274 ], [ -48.099958, -15.15923 ], [ -48.092351, -15.166374 ], [ -48.092903, -15.170219 ], [ -48.088937, -15.170306 ], [ -48.087412, -15.185911 ], [ -48.081718, -15.195467 ], [ -48.072971, -15.194683 ], [ -48.071658, -15.199308 ], [ -48.068146, -15.195994 ], [ -48.059801, -15.20013 ], [ -48.055904, -15.197357 ], [ -48.037024, -15.209902 ], [ -48.030741, -15.210815 ], [ -48.02688, -15.205667 ], [ -48.015773, -15.209726 ], [ -48.020214, -15.212003 ], [ -48.011792, -15.225246 ], [ -48.014294, -15.232618 ], [ -48.011098, -15.240974 ], [ -48.01043, -15.243452 ], [ -48.007885, -15.241048 ], [ -48.001521, -15.243711 ], [ -48.006519, -15.247064 ], [ -48.001992, -15.247152 ], [ -47.994462, -15.259048 ], [ -47.995127, -15.266128 ], [ -47.990634, -15.266602 ], [ -47.995629, -15.273003 ], [ -47.990794, -15.273014 ], [ -47.989572, -15.278662 ], [ -47.985571, -15.27591 ], [ -47.980548, -15.28219 ], [ -47.977299, -15.279208 ], [ -47.971695, -15.281163 ], [ -47.972433, -15.286884 ], [ -47.969273, -15.288238 ], [ -47.970664, -15.293699 ], [ -47.973744, -15.293701 ], [ -47.97117, -15.29696 ], [ -47.973183, -15.298372 ], [ -47.967918, -15.305375 ], [ -47.971549, -15.310812 ], [ -47.966042, -15.311529 ], [ -47.969879, -15.313844 ], [ -47.966572, -15.316751 ], [ -47.969515, -15.323819 ], [ -47.967933, -15.329001 ], [ -47.959994, -15.333924 ], [ -47.959968, -15.338043 ], [ -47.953463, -15.334288 ], [ -47.944383, -15.346096 ], [ -47.935604, -15.348719 ], [ -47.923674, -15.360758 ], [ -47.930604, -15.378848 ], [ -47.9403, -15.391163 ], [ -47.940989, -15.398854 ], [ -47.950904, -15.408076 ], [ -47.952323, -15.425713 ], [ -47.955238, -15.426718 ], [ -47.954523, -15.440542 ], [ -47.961382, -15.441167 ], [ -47.962159, -15.444283 ], [ -47.967155, -15.443033 ], [ -47.968878, -15.44917 ], [ -47.974154, -15.442385 ], [ -47.981437, -15.443887 ], [ -47.981493, -15.447044 ], [ -47.984591, -15.445277 ], [ -47.98449, -15.448224 ], [ -47.987051, -15.444102 ], [ -47.986719, -15.449229 ], [ -48.0056, -15.451536 ], [ -48.009549, -15.458497 ], [ -48.015965, -15.456494 ], [ -48.024132, -15.464453 ], [ -48.042102, -15.463904 ], [ -48.043521, -15.469708 ], [ -48.0471, -15.469714 ], [ -48.045495, -15.476377 ], [ -48.049243, -15.48276 ], [ -48.045575, -15.490733 ], [ -48.051936, -15.494753 ], [ -48.052792, -15.499715 ], [ -48.139975, -15.499732 ], [ -48.200101, -15.499723 ], [ -48.200043, -15.504858 ], [ -48.199942, -15.513936 ], [ -48.199398, -15.615878 ], [ -48.199879, -15.621414 ], [ -48.218525, -15.622182 ], [ -48.232549, -15.638692 ], [ -48.236107, -15.649206 ], [ -48.234463, -15.658601 ], [ -48.251579, -15.658753 ], [ -48.25521, -15.646367 ], [ -48.265848, -15.640948 ], [ -48.278102, -15.639493 ], [ -48.28185, -15.635551 ], [ -48.28672, -15.637559 ], [ -48.295049, -15.62791 ], [ -48.308522, -15.624118 ], [ -48.308686, -15.621235 ], [ -48.328933, -15.625645 ], [ -48.339497, -15.631118 ], [ -48.346961, -15.630095 ], [ -48.350293, -15.636093 ], [ -48.353714, -15.628341 ], [ -48.365019, -15.623366 ], [ -48.36577, -15.618425 ], [ -48.374238, -15.61647 ], [ -48.377352, -15.61135 ], [ -48.384241, -15.610932 ], [ -48.386296, -15.617598 ], [ -48.382745, -15.621225 ], [ -48.391769, -15.631724 ], [ -48.388191, -15.634287 ], [ -48.39249, -15.63709 ], [ -48.392746, -15.642784 ], [ -48.401661, -15.652488 ], [ -48.413434, -15.653002 ], [ -48.433161, -15.64308 ], [ -48.437769, -15.637631 ], [ -48.452517, -15.634936 ], [ -48.456387, -15.629525 ], [ -48.468662, -15.629186 ], [ -48.478657, -15.61893 ], [ -48.489377, -15.621 ], [ -48.498161, -15.613379 ], [ -48.51983, -15.609642 ], [ -48.52672, -15.613177 ], [ -48.525185, -15.604265 ], [ -48.530771, -15.608617 ], [ -48.540684, -15.609059 ], [ -48.54633, -15.605796 ], [ -48.545798, -15.582477 ], [ -48.558858, -15.58307 ], [ -48.557691, -15.57998 ], [ -48.565853, -15.57357 ], [ -48.561798, -15.56853 ], [ -48.57925, -15.558412 ], [ -48.582438, -15.553551 ], [ -48.58013, -15.545158 ], [ -48.584126, -15.54451 ], [ -48.588191, -15.543231 ], [ -48.58646, -15.535995 ], [ -48.592325, -15.539577 ], [ -48.598243, -15.532187 ], [ -48.591937, -15.529125 ], [ -48.594268, -15.524104 ], [ -48.589071, -15.522861 ], [ -48.589185, -15.51343 ], [ -48.580691, -15.508096 ], [ -48.58148, -15.484995 ], [ -48.580525, -15.480156 ], [ -48.572771, -15.473649 ], [ -48.569412, -15.476312 ], [ -48.558049, -15.466702 ], [ -48.554134, -15.455018 ], [ -48.557913, -15.4495 ], [ -48.56144, -15.450685 ], [ -48.565267, -15.449059 ], [ -48.562191, -15.446652 ], [ -48.569301, -15.444907 ], [ -48.570856, -15.436383 ], [ -48.56163, -15.432091 ], [ -48.565103, -15.418904 ], [ -48.562882, -15.417311 ], [ -48.561545, -15.421113 ], [ -48.558627, -15.416803 ], [ -48.564964, -15.409718 ], [ -48.560354, -15.399236 ], [ -48.566798, -15.396843 ], [ -48.562712, -15.393793 ], [ -48.570245, -15.392957 ], [ -48.564944, -15.386586 ], [ -48.569381, -15.375992 ], [ -48.573379, -15.372382 ], [ -48.577301, -15.375997 ], [ -48.580656, -15.371991 ], [ -48.584102, -15.37309 ], [ -48.5923, -15.363809 ], [ -48.618134, -15.358383 ], [ -48.630299, -15.359952 ], [ -48.645376, -15.367734 ], [ -48.661353, -15.368972 ], [ -48.672885, -15.385896 ], [ -48.691708, -15.398878 ], [ -48.701602, -15.39948 ], [ -48.706998, -15.39614 ], [ -48.708348, -15.389592 ], [ -48.711994, -15.390209 ], [ -48.711599, -15.400646 ], [ -48.726188, -15.448361 ], [ -48.730914, -15.453861 ], [ -48.730749, -15.461921 ], [ -48.734297, -15.464799 ], [ -48.743192, -15.46439 ], [ -48.747634, -15.470484 ], [ -48.74677, -15.474694 ], [ -48.738104, -15.480251 ], [ -48.737405, -15.487204 ], [ -48.74224, -15.495417 ], [ -48.763629, -15.485307 ], [ -48.771381, -15.489811 ], [ -48.780052, -15.489807 ], [ -48.783689, -15.493799 ], [ -48.800801, -15.497311 ], [ -48.803717, -15.503295 ], [ -48.809713, -15.506311 ], [ -48.810938, -15.512019 ], [ -48.820184, -15.51029 ], [ -48.822628, -15.505349 ], [ -48.838441, -15.511276 ], [ -48.846794, -15.518817 ], [ -48.849461, -15.515097 ], [ -48.867434, -15.512901 ], [ -48.87172, -15.520169 ], [ -48.895111, -15.521745 ], [ -48.899576, -15.529731 ], [ -48.914577, -15.534326 ], [ -48.934912, -15.511671 ], [ -48.951702, -15.51252 ], [ -48.955993, -15.51136 ], [ -48.969634, -15.518603 ], [ -48.976356, -15.530523 ], [ -48.995688, -15.538546 ], [ -48.999546, -15.543181 ], [ -48.997828, -15.55605 ], [ -49.012798, -15.562432 ], [ -49.014936, -15.568543 ], [ -49.018546, -15.570048 ], [ -49.020254, -15.567532 ], [ -49.027298, -15.544245 ], [ -49.044882, -15.522411 ], [ -49.059551, -15.516879 ], [ -49.065213, -15.5097 ], [ -49.074521, -15.513429 ], [ -49.082188, -15.512427 ], [ -49.085191, -15.518782 ], [ -49.093769, -15.523481 ], [ -49.119352, -15.524701 ], [ -49.088581, -15.538193 ], [ -49.107334, -15.544068 ], [ -49.129689, -15.5735 ], [ -49.147272, -15.586376 ], [ -49.169355, -15.590886 ], [ -49.18435, -15.597963 ], [ -49.186272, -15.602024 ], [ -49.188267, -15.610085 ], [ -49.176965, -15.615083 ], [ -49.169829, -15.627026 ], [ -49.160047, -15.622141 ], [ -49.154042, -15.626796 ], [ -49.155908, -15.618819 ], [ -49.148995, -15.615396 ], [ -49.141637, -15.618136 ], [ -49.14438, -15.623629 ], [ -49.128246, -15.62384 ], [ -49.155666, -15.695549 ], [ -49.158808, -15.703764 ], [ -49.165857, -15.722216 ], [ -49.184198, -15.770156 ], [ -49.184254, -15.770284 ], [ -49.20405, -15.822024 ], [ -49.216894, -15.85557 ], [ -49.21673, -15.849163 ], [ -49.222404, -15.844876 ], [ -49.247419, -15.835952 ], [ -49.251067, -15.825667 ], [ -49.248549, -15.823319 ], [ -49.25248, -15.822276 ], [ -49.253873, -15.815975 ], [ -49.257703, -15.816095 ], [ -49.265589, -15.827709 ], [ -49.27852, -15.831364 ], [ -49.282276, -15.833623 ], [ -49.304587, -15.825244 ], [ -49.324411, -15.835845 ], [ -49.334363, -15.850887 ], [ -49.334616, -15.851269 ], [ -49.339726, -15.856532 ], [ -49.331506, -15.870533 ], [ -49.342252, -15.899095 ], [ -49.350167, -15.900461 ], [ -49.360402, -15.896822 ], [ -49.362151, -15.901529 ], [ -49.378496, -15.914169 ], [ -49.388526, -15.903601 ], [ -49.389692, -15.886917 ], [ -49.395633, -15.889343 ], [ -49.393964, -15.905142 ], [ -49.424443, -15.922277 ], [ -49.445431, -15.9326 ], [ -49.449048, -15.931534 ], [ -49.453937, -15.938442 ], [ -49.465615, -15.943545 ], [ -49.472664, -15.959025 ], [ -49.471936, -15.965139 ], [ -49.465292, -15.970523 ], [ -49.470382, -15.982321 ], [ -49.466051, -16.004083 ], [ -49.471911, -15.999433 ], [ -49.507964, -15.972722 ], [ -49.516568, -15.977573 ], [ -49.53274, -15.976924 ], [ -49.535294, -15.974336 ], [ -49.537634, -15.976622 ], [ -49.540217, -15.973581 ], [ -49.5491, -15.974359 ], [ -49.551541, -15.967716 ], [ -49.551614, -15.967518 ], [ -49.545465, -15.956824 ], [ -49.546853, -15.947713 ], [ -49.542159, -15.931824 ], [ -49.544689, -15.920518 ], [ -49.552632, -15.921452 ], [ -49.567156, -15.917446 ], [ -49.574521, -15.924933 ], [ -49.591213, -15.915614 ], [ -49.591307, -15.91558 ], [ -49.596354, -15.907286 ], [ -49.590748, -15.899175 ], [ -49.59686, -15.896876 ], [ -49.597542, -15.890689 ], [ -49.601799, -15.888396 ], [ -49.603774, -15.8809 ], [ -49.60774, -15.881358 ], [ -49.613191, -15.884975 ], [ -49.61958, -15.880716 ], [ -49.624499, -15.874816 ] ] ] } }
]
}
