{
"type": "FeatureCollection",
"name": "geojs-17-health_regions",
"crs": { "type": "name", "properties": { "name": "urn:ogc:def:crs:OGC:1.3:CRS84" } },
"features": [
{ "type": "Feature", "properties": { "HREG_ID": "17001", "HREG_NAME": "Medio Norte Araguaia", "id": "170130", "name": "Aragominas", "description": "Aragominas", "MUN_ID": "170130", "UF": "TO", "MACRO_ID": "1701", "MACRO_NAME": "Macrorregião de Saúde Norte" }, "geometry": { "type": "Polygon", "coordinates": [ [ [ -48.150999, -7.591858 ], [ -48.149414, -7.606393 ], [ -48.156476, -7.629926 ], [ -48.165481, -7.639048 ], [ -48.174852, -7.656036 ], [ -48.198906, -7.664401 ], [ -48.203532, -7.672144 ], [ -48.199449, -7.680179 ], [ -48.200534, -7.697449 ], [ -48.195155, -7.700911 ], [ -48.192425, -7.700281 ], [ -48.188503, -7.706075 ], [ -48.190952, -7.711783 ], [ -48.186058, -7.710967 ], [ -48.182226, -7.718031 ], [ -48.177863, -7.716307 ], [ -48.178311, -7.718568 ], [ -48.172226, -7.719649 ], [ -48.168193, -7.745747 ], [ -48.161092, -7.750539 ], [ -48.161089, -7.754622 ], [ -48.156643, -7.754337 ], [ -48.154257, -7.766933 ], [ -48.146614, -7.766203 ], [ -48.138976, -7.776246 ], [ -48.141692, -7.784593 ], [ -48.13778, -7.788573 ], [ -48.137864, -7.794916 ], [ -48.143277, -7.805801 ], [ -48.139845, -7.811974 ], [ -48.147638, -7.817598 ], [ -48.148167, -7.823116 ], [ -48.153613, -7.822042 ], [ -48.150897, -7.830383 ], [ -48.151692, -7.830923 ], [ -48.153976, -7.833736 ], [ -48.160248, -7.829306 ], [ -48.166059, -7.833395 ], [ -48.169614, -7.827601 ], [ -48.172696, -7.828114 ], [ -48.171745, -7.822431 ], [ -48.190256, -7.816213 ], [ -48.19944, -7.822112 ], [ -48.206171, -7.821855 ], [ -48.210257, -7.827659 ], [ -48.21381, -7.82377 ], [ -48.216337, -7.82839 ], [ -48.222895, -7.827679 ], [ -48.223807, -7.82333 ], [ -48.238811, -7.817091 ], [ -48.242793, -7.818929 ], [ -48.264231, -7.812227 ], [ -48.270235, -7.809915 ], [ -48.274594, -7.797002 ], [ -48.283458, -7.796001 ], [ -48.286889, -7.78986 ], [ -48.282056, -7.787805 ], [ -48.310873, -7.794944 ], [ -48.324429, -7.790627 ], [ -48.344993, -7.799826 ], [ -48.35737, -7.800696 ], [ -48.360327, -7.79323 ], [ -48.382801, -7.786325 ], [ -48.394805, -7.79767 ], [ -48.412096, -7.802267 ], [ -48.414908, -7.810737 ], [ -48.418444, -7.809086 ], [ -48.42939, -7.820687 ], [ -48.441038, -7.840217 ], [ -48.437137, -7.851113 ], [ -48.438631, -7.863606 ], [ -48.457819, -7.855974 ], [ -48.459891, -7.855385 ], [ -48.47123, -7.845989 ], [ -48.478394, -7.854787 ], [ -48.499207, -7.852584 ], [ -48.49667, -7.850452 ], [ -48.496333, -7.821712 ], [ -48.499978, -7.808502 ], [ -48.507193, -7.802573 ], [ -48.513281, -7.801407 ], [ -48.507086, -7.789777 ], [ -48.510448, -7.765785 ], [ -48.518082, -7.749776 ], [ -48.516263, -7.737037 ], [ -48.530326, -7.737665 ], [ -48.536341, -7.734028 ], [ -48.5345, -7.729427 ], [ -48.538568, -7.719597 ], [ -48.551903, -7.709576 ], [ -48.5561, -7.702611 ], [ -48.55455, -7.697465 ], [ -48.55818, -7.696665 ], [ -48.567886, -7.675672 ], [ -48.59965, -7.662807 ], [ -48.605085, -7.650292 ], [ -48.602299, -7.63567 ], [ -48.613455, -7.623955 ], [ -48.652086, -7.621875 ], [ -48.659888, -7.623994 ], [ -48.687697, -7.584382 ], [ -48.695949, -7.584597 ], [ -48.707616, -7.579678 ], [ -48.727306, -7.586554 ], [ -48.727586, -7.580307 ], [ -48.731582, -7.58013 ], [ -48.734331, -7.589526 ], [ -48.751922, -7.596485 ], [ -48.753475, -7.603365 ], [ -48.758142, -7.602664 ], [ -48.764701, -7.602189 ], [ -48.767082, -7.605266 ], [ -48.777989, -7.601385 ], [ -48.780505, -7.586033 ], [ -48.789253, -7.580352 ], [ -48.794058, -7.581051 ], [ -48.7952, -7.572761 ], [ -48.803815, -7.570193 ], [ -48.815835, -7.5716 ], [ -48.825945, -7.581138 ], [ -48.837719, -7.580917 ], [ -48.844252, -7.584129 ], [ -48.869501, -7.576619 ], [ -48.891666, -7.580274 ], [ -48.903607, -7.585865 ], [ -48.920755, -7.584136 ], [ -48.927835, -7.588682 ], [ -48.931583, -7.586893 ], [ -48.93467, -7.590772 ], [ -48.9447, -7.588117 ], [ -48.952495, -7.603397 ], [ -48.965667, -7.59534 ], [ -48.980251, -7.605102 ], [ -48.983656, -7.601646 ], [ -48.99494, -7.597343 ], [ -48.995422, -7.603717 ], [ -49.005835, -7.603578 ], [ -49.014419, -7.611269 ], [ -49.02603, -7.608936 ], [ -49.028697, -7.611917 ], [ -49.026729, -7.616869 ], [ -49.034973, -7.619776 ], [ -49.045366, -7.618721 ], [ -49.044835, -7.613681 ], [ -49.04925, -7.614919 ], [ -49.066752, -7.607886 ], [ -49.082139, -7.613491 ], [ -49.095725, -7.604123 ], [ -49.12754, -7.597972 ], [ -49.139892, -7.603021 ], [ -49.140004, -7.607619 ], [ -49.146529, -7.608869 ], [ -49.149692, -7.613752 ], [ -49.156557, -7.60464 ], [ -49.172087, -7.612065 ], [ -49.181916, -7.61277 ], [ -49.186587, -7.608344 ], [ -49.198251, -7.607435 ], [ -49.208833, -7.616535 ], [ -49.212198, -7.615816 ], [ -49.212555, -7.609722 ], [ -49.21659, -7.611878 ], [ -49.218082, -7.607295 ], [ -49.227171, -7.606556 ], [ -49.245226, -7.612935 ], [ -49.242976, -7.619067 ], [ -49.25086, -7.624679 ], [ -49.260797, -7.620911 ], [ -49.265676, -7.633291 ], [ -49.279695, -7.635555 ], [ -49.281279, -7.640121 ], [ -49.28417, -7.637705 ], [ -49.294307, -7.63877 ], [ -49.307894, -7.652928 ], [ -49.316189, -7.646804 ], [ -49.341205, -7.65687 ], [ -49.360527, -7.614543 ], [ -49.381635, -7.565657 ], [ -49.383515, -7.545761 ], [ -49.377528, -7.49663 ], [ -49.346809, -7.461219 ], [ -49.319274, -7.430879 ], [ -49.283909, -7.387685 ], [ -49.265381, -7.366724 ], [ -49.253894, -7.349032 ], [ -49.231036, -7.325391 ], [ -49.215484, -7.297338 ], [ -49.206348, -7.270334 ], [ -49.184845, -7.234777 ], [ -49.182761, -7.214205 ], [ -49.186754, -7.192086 ], [ -49.187215, -7.187712 ], [ -49.18726, -7.187284 ], [ -49.193357, -7.12942 ], [ -49.192874, -7.104618 ], [ -49.190866, -7.074535 ], [ -49.193086, -7.040308 ], [ -49.19484, -7.025871 ], [ -49.20883, -6.982595 ], [ -49.214941, -6.975341 ], [ -49.217006, -6.961076 ], [ -49.214145, -6.937876 ], [ -49.209089, -6.925028 ], [ -49.191847, -6.912848 ], [ -49.183478, -6.907494 ], [ -49.179051, -6.897663 ], [ -49.171503, -6.892542 ], [ -49.150027, -6.888458 ], [ -49.114833, -6.869557 ], [ -49.082976, -6.842858 ], [ -49.043334, -6.815379 ], [ -49.030718, -6.801071 ], [ -49.018446, -6.783818 ], [ -48.963276, -6.779067 ], [ -48.945677, -6.769332 ], [ -48.93907, -6.766297 ], [ -48.913417, -6.756977 ], [ -48.874613, -6.752405 ], [ -48.846645, -6.748108 ], [ -48.839443, -6.75025 ], [ -48.831777, -6.753634 ], [ -48.777563, -6.7359 ], [ -48.768663, -6.730309 ], [ -48.756173, -6.716709 ], [ -48.736445, -6.692389 ], [ -48.68228, -6.677515 ], [ -48.664422, -6.662371 ], [ -48.654849, -6.650149 ], [ -48.651526, -6.63956 ], [ -48.651783, -6.611662 ], [ -48.663923, -6.57018 ], [ -48.663504, -6.562249 ], [ -48.65767, -6.539022 ], [ -48.64628, -6.523442 ], [ -48.644906, -6.506618 ], [ -48.631445, -6.487493 ], [ -48.625645, -6.478119 ], [ -48.61272, -6.453339 ], [ -48.569859, -6.420359 ], [ -48.564633, -6.41473 ], [ -48.548513, -6.406521 ], [ -48.530364, -6.389284 ], [ -48.510806, -6.356542 ], [ -48.499782, -6.350538 ], [ -48.447274, -6.350789 ], [ -48.423941, -6.356616 ], [ -48.38603, -6.379772 ], [ -48.380888, -6.375235 ], [ -48.374865, -6.346359 ], [ -48.357779, -6.355868 ], [ -48.345752, -6.356655 ], [ -48.335089, -6.376149 ], [ -48.342163, -6.383579 ], [ -48.340286, -6.392236 ], [ -48.339148, -6.395743 ], [ -48.329052, -6.39144 ], [ -48.329365, -6.396507 ], [ -48.325116, -6.396176 ], [ -48.321951, -6.4019 ], [ -48.324503, -6.401434 ], [ -48.323971, -6.40533 ], [ -48.321334, -6.403621 ], [ -48.320085, -6.407251 ], [ -48.314993, -6.407622 ], [ -48.312363, -6.402399 ], [ -48.311113, -6.404668 ], [ -48.307477, -6.401965 ], [ -48.307462, -6.404738 ], [ -48.30503, -6.402202 ], [ -48.30036, -6.411965 ], [ -48.301396, -6.419662 ], [ -48.289389, -6.428689 ], [ -48.293112, -6.432014 ], [ -48.28978, -6.434122 ], [ -48.293867, -6.43464 ], [ -48.294559, -6.446331 ], [ -48.287054, -6.449541 ], [ -48.281216, -6.44964 ], [ -48.279026, -6.442869 ], [ -48.275504, -6.441343 ], [ -48.273974, -6.444615 ], [ -48.267777, -6.437215 ], [ -48.263277, -6.439315 ], [ -48.261027, -6.446209 ], [ -48.246058, -6.442389 ], [ -48.242112, -6.446753 ], [ -48.241693, -6.456541 ], [ -48.230615, -6.466193 ], [ -48.225726, -6.467757 ], [ -48.214506, -6.45105 ], [ -48.204994, -6.461787 ], [ -48.201388, -6.473305 ], [ -48.189172, -6.479159 ], [ -48.190142, -6.491199 ], [ -48.183279, -6.496305 ], [ -48.181173, -6.504685 ], [ -48.161352, -6.508312 ], [ -48.158395, -6.515 ], [ -48.152347, -6.517056 ], [ -48.151667, -6.524557 ], [ -48.150144, -6.521755 ], [ -48.141053, -6.5266 ], [ -48.136722, -6.533305 ], [ -48.137558, -6.540981 ], [ -48.129113, -6.546461 ], [ -48.126117, -6.555313 ], [ -48.130313, -6.566102 ], [ -48.134184, -6.567572 ], [ -48.13298, -6.579872 ], [ -48.13125, -6.577785 ], [ -48.129421, -6.584559 ], [ -48.125421, -6.583636 ], [ -48.127142, -6.587811 ], [ -48.119689, -6.593491 ], [ -48.118537, -6.589057 ], [ -48.100829, -6.58767 ], [ -48.094574, -6.592982 ], [ -48.088989, -6.591267 ], [ -48.083184, -6.595391 ], [ -48.077677, -6.592322 ], [ -48.058451, -6.603466 ], [ -48.050316, -6.599565 ], [ -48.040863, -6.601587 ], [ -48.032822, -6.593459 ], [ -48.033702, -6.590639 ], [ -48.022717, -6.589169 ], [ -48.024142, -6.578985 ], [ -48.013377, -6.569147 ], [ -48.005687, -6.566479 ], [ -48.002635, -6.569304 ], [ -48.000006, -6.566438 ], [ -47.991688, -6.567373 ], [ -47.991663, -6.563238 ], [ -47.986385, -6.560265 ], [ -47.980952, -6.561824 ], [ -47.969145, -6.556371 ], [ -47.963419, -6.560309 ], [ -47.95784, -6.554219 ], [ -47.95114, -6.554818 ], [ -47.950335, -6.552004 ], [ -47.947308, -6.55643 ], [ -47.942092, -6.549587 ], [ -47.928444, -6.552624 ], [ -47.926584, -6.548069 ], [ -47.922245, -6.550932 ], [ -47.905215, -6.545444 ], [ -47.898335, -6.547477 ], [ -47.878951, -6.543474 ], [ -47.873049, -6.545163 ], [ -47.858496, -6.539783 ], [ -47.872479, -6.590343 ], [ -47.855584, -6.579519 ], [ -47.84417, -6.57822 ], [ -47.820284, -6.589644 ], [ -47.809587, -6.605479 ], [ -47.792356, -6.618918 ], [ -47.767253, -6.650028 ], [ -47.769611, -6.66739 ], [ -47.774976, -6.674452 ], [ -47.759862, -6.668842 ], [ -47.747029, -6.679307 ], [ -47.746536, -6.6833 ], [ -47.740077, -6.685618 ], [ -47.733619, -6.686895 ], [ -47.73211, -6.691082 ], [ -47.723115, -6.691959 ], [ -47.710894, -6.70199 ], [ -47.70917, -6.707119 ], [ -47.699663, -6.707743 ], [ -47.69517, -6.70364 ], [ -47.689889, -6.711017 ], [ -47.680062, -6.707927 ], [ -47.670363, -6.712075 ], [ -47.667145, -6.708055 ], [ -47.663443, -6.710686 ], [ -47.653027, -6.709012 ], [ -47.64859, -6.70405 ], [ -47.639544, -6.708985 ], [ -47.621366, -6.701002 ], [ -47.615973, -6.703994 ], [ -47.613946, -6.702075 ], [ -47.611806, -6.707018 ], [ -47.60743, -6.704789 ], [ -47.592477, -6.708619 ], [ -47.592778, -6.710978 ], [ -47.585918, -6.710599 ], [ -47.583139, -6.706819 ], [ -47.575891, -6.708143 ], [ -47.567637, -6.701719 ], [ -47.555913, -6.707297 ], [ -47.532669, -6.705333 ], [ -47.53306, -6.708259 ], [ -47.526368, -6.70976 ], [ -47.525197, -6.714878 ], [ -47.520169, -6.715297 ], [ -47.519015, -6.720923 ], [ -47.511093, -6.720818 ], [ -47.495791, -6.696767 ], [ -47.496762, -6.720629 ], [ -47.49323, -6.750876 ], [ -47.516276, -6.789866 ], [ -47.52922, -6.830995 ], [ -47.527003, -6.83741 ], [ -47.520066, -6.840077 ], [ -47.506613, -6.871616 ], [ -47.504777, -6.893292 ], [ -47.507199, -6.906796 ], [ -47.529145, -6.945618 ], [ -47.52789, -6.97301 ], [ -47.535081, -6.987086 ], [ -47.54451, -7.012378 ], [ -47.557424, -7.030846 ], [ -47.574355, -7.049943 ], [ -47.594263, -7.061526 ], [ -47.618003, -7.090765 ], [ -47.62576, -7.118185 ], [ -47.644029, -7.143216 ], [ -47.659947, -7.150972 ], [ -47.674759, -7.147317 ], [ -47.693635, -7.136568 ], [ -47.704307, -7.135463 ], [ -47.738026, -7.155626 ], [ -47.747497, -7.167396 ], [ -47.750022, -7.189108 ], [ -47.743224, -7.207933 ], [ -47.735556, -7.217726 ], [ -47.734642, -7.218504 ], [ -47.690581, -7.237902 ], [ -47.674103, -7.259432 ], [ -47.653503, -7.297806 ], [ -47.647285, -7.303726 ], [ -47.638736, -7.30504 ], [ -47.633698, -7.304414 ], [ -47.622562, -7.296045 ], [ -47.606946, -7.271725 ], [ -47.599696, -7.266337 ], [ -47.587107, -7.263322 ], [ -47.542471, -7.264987 ], [ -47.531394, -7.268901 ], [ -47.503419, -7.289698 ], [ -47.484908, -7.317243 ], [ -47.482492, -7.32195 ], [ -47.477776, -7.336356 ], [ -47.478405, -7.345534 ], [ -47.480024, -7.352573 ], [ -47.482704, -7.360822 ], [ -47.497831, -7.378333 ], [ -47.509391, -7.385176 ], [ -47.563479, -7.406427 ], [ -47.577062, -7.415667 ], [ -47.590512, -7.439117 ], [ -47.562839, -7.449604 ], [ -47.549956, -7.439179 ], [ -47.519862, -7.431691 ], [ -47.504284, -7.436236 ], [ -47.499163, -7.45333 ], [ -47.497531, -7.478787 ], [ -47.479855, -7.491732 ], [ -47.479691, -7.525525 ], [ -47.474786, -7.532966 ], [ -47.468225, -7.530969 ], [ -47.460903, -7.518897 ], [ -47.437754, -7.52113 ], [ -47.427224, -7.525365 ], [ -47.423919, -7.530706 ], [ -47.424923, -7.541394 ], [ -47.429744, -7.547649 ], [ -47.439034, -7.555832 ], [ -47.421978, -7.562416 ], [ -47.40525, -7.563467 ], [ -47.397402, -7.572346 ], [ -47.403753, -7.586748 ], [ -47.38167, -7.599569 ], [ -47.381809, -7.618592 ], [ -47.386863, -7.634733 ], [ -47.38148, -7.65366 ], [ -47.364673, -7.655434 ], [ -47.351785, -7.646441 ], [ -47.353418, -7.639916 ], [ -47.364335, -7.635054 ], [ -47.37245, -7.624967 ], [ -47.371702, -7.620916 ], [ -47.359388, -7.615742 ], [ -47.35122, -7.620613 ], [ -47.348084, -7.630944 ], [ -47.33536, -7.636627 ], [ -47.322974, -7.65462 ], [ -47.313783, -7.660225 ], [ -47.319779, -7.664401 ], [ -47.329143, -7.662704 ], [ -47.337296, -7.666624 ], [ -47.33056, -7.673669 ], [ -47.333113, -7.677662 ], [ -47.331092, -7.684817 ], [ -47.302115, -7.688653 ], [ -47.302255, -7.701609 ], [ -47.305528, -7.703251 ], [ -47.310085, -7.697906 ], [ -47.315613, -7.701098 ], [ -47.313631, -7.706014 ], [ -47.305498, -7.713033 ], [ -47.31468, -7.717139 ], [ -47.312004, -7.731163 ], [ -47.301077, -7.734454 ], [ -47.29294, -7.727508 ], [ -47.282027, -7.734546 ], [ -47.273134, -7.730627 ], [ -47.270475, -7.734429 ], [ -47.273473, -7.744859 ], [ -47.260834, -7.740755 ], [ -47.260923, -7.751356 ], [ -47.266336, -7.760881 ], [ -47.258534, -7.755512 ], [ -47.25525, -7.758858 ], [ -47.245806, -7.758118 ], [ -47.254613, -7.764746 ], [ -47.245028, -7.781133 ], [ -47.247027, -7.785393 ], [ -47.240475, -7.793628 ], [ -47.24664, -7.800524 ], [ -47.23473, -7.803668 ], [ -47.246531, -7.808855 ], [ -47.244584, -7.815104 ], [ -47.238779, -7.813459 ], [ -47.233859, -7.819162 ], [ -47.229248, -7.816252 ], [ -47.234145, -7.823515 ], [ -47.223139, -7.826295 ], [ -47.214558, -7.835155 ], [ -47.206194, -7.834235 ], [ -47.207028, -7.839393 ], [ -47.200117, -7.839928 ], [ -47.200553, -7.844642 ], [ -47.196086, -7.848887 ], [ -47.186829, -7.842709 ], [ -47.186725, -7.85738 ], [ -47.182255, -7.858097 ], [ -47.178809, -7.854559 ], [ -47.174117, -7.856593 ], [ -47.179615, -7.86144 ], [ -47.174865, -7.870677 ], [ -47.163032, -7.879172 ], [ -47.160397, -7.88741 ], [ -47.152367, -7.894644 ], [ -47.142364, -7.894433 ], [ -47.144862, -7.912468 ], [ -47.140671, -7.924876 ], [ -47.131302, -7.92159 ], [ -47.12511, -7.924744 ], [ -47.12111, -7.921565 ], [ -47.116084, -7.9385 ], [ -47.106808, -7.93658 ], [ -47.115501, -7.952182 ], [ -47.111861, -7.958786 ], [ -47.10534, -7.952799 ], [ -47.10159, -7.954137 ], [ -47.104377, -7.960755 ], [ -47.10128, -7.9661 ], [ -47.106272, -7.968922 ], [ -47.097367, -7.979685 ], [ -47.106057, -7.990396 ], [ -47.083257, -7.987988 ], [ -47.07175, -7.99612 ], [ -47.07153, -7.999623 ], [ -47.064505, -8.002295 ], [ -47.06022, -8.010469 ], [ -47.058588, -8.027436 ], [ -47.05056, -8.035411 ], [ -47.053106, -8.041306 ], [ -47.044448, -8.04647 ], [ -47.043079, -8.053186 ], [ -47.024144, -8.05634 ], [ -47.020393, -8.060057 ], [ -47.014113, -8.05723 ], [ -47.008116, -8.061774 ], [ -47.001646, -8.057227 ], [ -47.000834, -8.065931 ], [ -46.997005, -8.066825 ], [ -46.988809, -8.047469 ], [ -46.981551, -8.050117 ], [ -46.979831, -8.04516 ], [ -46.962393, -8.039085 ], [ -46.965664, -8.034316 ], [ -46.95389, -8.025795 ], [ -46.956025, -8.016159 ], [ -46.952977, -8.006241 ], [ -46.949072, -8.008013 ], [ -46.945225, -8.004925 ], [ -46.940972, -7.996476 ], [ -46.923248, -7.99156 ], [ -46.920977, -7.994932 ], [ -46.922413, -7.984991 ], [ -46.917865, -7.98136 ], [ -46.908971, -7.98007 ], [ -46.904777, -7.986505 ], [ -46.895791, -7.986504 ], [ -46.888888, -7.974639 ], [ -46.882249, -7.972729 ], [ -46.882248, -7.963676 ], [ -46.872336, -7.95516 ], [ -46.868989, -7.956013 ], [ -46.870696, -7.961313 ], [ -46.86589, -7.968924 ], [ -46.861247, -7.960588 ], [ -46.850361, -7.956965 ], [ -46.843519, -7.964934 ], [ -46.839523, -7.965116 ], [ -46.837722, -7.959135 ], [ -46.830932, -7.962816 ], [ -46.824, -7.959001 ], [ -46.809369, -7.951879 ], [ -46.806112, -7.950805 ], [ -46.801607, -7.949549 ], [ -46.799729, -7.955021 ], [ -46.791925, -7.95296 ], [ -46.788805, -7.946709 ], [ -46.786174, -7.951421 ], [ -46.782998, -7.950961 ], [ -46.781365, -7.944663 ], [ -46.773445, -7.94271 ], [ -46.767847, -7.935206 ], [ -46.767001, -7.938276 ], [ -46.762916, -7.938366 ], [ -46.755752, -7.92196 ], [ -46.746285, -7.9263 ], [ -46.741579, -7.922513 ], [ -46.737042, -7.924121 ], [ -46.732441, -7.918528 ], [ -46.726112, -7.923124 ], [ -46.721665, -7.914516 ], [ -46.71261, -7.91375 ], [ -46.708032, -7.909524 ], [ -46.696581, -7.916402 ], [ -46.685029, -7.912317 ], [ -46.672812, -7.914033 ], [ -46.667744, -7.903687 ], [ -46.660144, -7.90016 ], [ -46.65649, -7.903595 ], [ -46.650217, -7.90849 ], [ -46.640341, -7.906129 ], [ -46.630891, -7.898331 ], [ -46.614336, -7.896402 ], [ -46.596613, -7.89894 ], [ -46.590421, -7.905817 ], [ -46.580974, -7.908073 ], [ -46.575614, -7.915866 ], [ -46.57189, -7.914048 ], [ -46.561968, -7.920131 ], [ -46.5577, -7.925728 ], [ -46.557308, -7.938258 ], [ -46.549035, -7.9491 ], [ -46.543404, -7.948288 ], [ -46.518308, -7.958674 ], [ -46.48989, -7.98284 ], [ -46.485359, -7.994843 ], [ -46.485971, -8.002703 ], [ -46.476544, -8.011813 ], [ -46.479353, -8.042385 ], [ -46.477181, -8.052734 ], [ -46.466198, -8.065792 ], [ -46.466516, -8.073895 ], [ -46.469997, -8.084339 ], [ -46.481969, -8.087968 ], [ -46.488748, -8.09732 ], [ -46.491552, -8.115226 ], [ -46.50817, -8.157124 ], [ -46.514217, -8.166195 ], [ -46.514247, -8.17553 ], [ -46.508352, -8.183173 ], [ -46.498104, -8.184964 ], [ -46.487142, -8.199506 ], [ -46.48955, -8.20749 ], [ -46.502079, -8.219762 ], [ -46.50869, -8.236995 ], [ -46.50717, -8.270365 ], [ -46.522053, -8.293172 ], [ -46.533444, -8.300174 ], [ -46.543248, -8.318517 ], [ -46.558392, -8.324836 ], [ -46.576915, -8.321931 ], [ -46.590183, -8.327814 ], [ -46.60639, -8.32803 ], [ -46.615153, -8.327062 ], [ -46.630298, -8.318354 ], [ -46.640887, -8.321095 ], [ -46.659246, -8.332698 ], [ -46.677859, -8.336136 ], [ -46.685001, -8.344096 ], [ -46.706389, -8.351127 ], [ -46.712309, -8.362001 ], [ -46.721227, -8.36812 ], [ -46.726231, -8.382736 ], [ -46.733947, -8.384983 ], [ -46.740277, -8.376549 ], [ -46.75225, -8.373733 ], [ -46.760793, -8.378035 ], [ -46.776469, -8.368027 ], [ -46.782012, -8.367679 ], [ -46.786108, -8.37404 ], [ -46.78623, -8.381832 ], [ -46.791305, -8.385745 ], [ -46.785308, -8.394963 ], [ -46.786595, -8.398694 ], [ -46.79458, -8.404453 ], [ -46.806413, -8.398566 ], [ -46.798301, -8.41236 ], [ -46.799188, -8.422315 ], [ -46.795058, -8.429564 ], [ -46.801554, -8.4436 ], [ -46.796141, -8.446226 ], [ -46.815111, -8.469951 ], [ -46.820365, -8.465071 ], [ -46.823061, -8.474091 ], [ -46.828028, -8.472476 ], [ -46.831908, -8.464549 ], [ -46.83471, -8.468653 ], [ -46.841392, -8.465484 ], [ -46.840698, -8.473095 ], [ -46.850665, -8.475752 ], [ -46.848478, -8.487571 ], [ -46.850616, -8.489266 ], [ -46.84675, -8.493044 ], [ -46.845919, -8.501012 ], [ -46.850581, -8.50331 ], [ -46.846505, -8.51052 ], [ -46.85174, -8.515506 ], [ -46.842929, -8.522448 ], [ -46.850413, -8.525415 ], [ -46.846217, -8.531717 ], [ -46.868914, -8.526113 ], [ -46.884834, -8.528341 ], [ -46.886972, -8.521891 ], [ -46.896087, -8.515856 ], [ -46.901782, -8.516757 ], [ -46.913555, -8.510491 ], [ -46.926923, -8.508212 ], [ -46.937278, -8.501297 ], [ -46.940225, -8.505424 ], [ -46.943142, -8.50062 ], [ -46.948584, -8.50006 ], [ -46.95322, -8.490943 ], [ -46.958055, -8.499027 ], [ -46.980835, -8.496305 ], [ -46.990891, -8.50115 ], [ -47.015753, -8.494648 ], [ -47.030703, -8.502505 ], [ -47.033141, -8.494204 ], [ -47.037302, -8.49847 ], [ -47.039584, -8.493482 ], [ -47.043968, -8.493118 ], [ -47.04989, -8.485044 ], [ -47.048366, -8.480062 ], [ -47.056683, -8.475753 ], [ -47.055645, -8.470806 ], [ -47.061387, -8.464553 ], [ -47.067775, -8.463381 ], [ -47.070332, -8.470184 ], [ -47.080359, -8.474178 ], [ -47.092556, -8.475371 ], [ -47.094665, -8.470837 ], [ -47.1045, -8.466215 ], [ -47.106228, -8.472289 ], [ -47.116089, -8.459235 ], [ -47.121526, -8.460955 ], [ -47.124981, -8.441279 ], [ -47.12986, -8.432025 ], [ -47.149092, -8.423593 ], [ -47.153443, -8.411985 ], [ -47.166221, -8.393399 ], [ -47.179528, -8.4032 ], [ -47.186237, -8.415616 ], [ -47.203276, -8.421079 ], [ -47.197002, -8.426788 ], [ -47.21314, -8.442805 ], [ -47.212083, -8.446818 ], [ -47.20683, -8.445479 ], [ -47.208473, -8.458459 ], [ -47.212672, -8.457283 ], [ -47.220666, -8.461274 ], [ -47.226867, -8.473244 ], [ -47.239722, -8.474069 ], [ -47.238202, -8.485322 ], [ -47.251017, -8.479105 ], [ -47.262784, -8.46745 ], [ -47.295558, -8.454122 ], [ -47.305032, -8.458093 ], [ -47.306866, -8.470993 ], [ -47.317611, -8.474895 ], [ -47.327276, -8.472898 ], [ -47.340112, -8.47916 ], [ -47.347944, -8.467823 ], [ -47.354059, -8.475164 ], [ -47.363525, -8.475525 ], [ -47.36744, -8.479966 ], [ -47.378749, -8.48178 ], [ -47.384945, -8.479064 ], [ -47.392064, -8.483047 ], [ -47.402092, -8.476246 ], [ -47.404891, -8.483405 ], [ -47.412541, -8.487522 ], [ -47.421109, -8.482044 ], [ -47.434234, -8.484224 ], [ -47.437978, -8.492561 ], [ -47.444103, -8.488117 ], [ -47.448915, -8.490835 ], [ -47.457202, -8.488108 ], [ -47.463392, -8.483577 ], [ -47.476862, -8.484026 ], [ -47.477341, -8.476772 ], [ -47.492359, -8.469957 ], [ -47.497279, -8.46098 ], [ -47.49474, -8.456288 ], [ -47.500756, -8.46122 ], [ -47.503729, -8.458286 ], [ -47.518362, -8.463545 ], [ -47.529637, -8.463322 ], [ -47.532731, -8.4792 ], [ -47.541889, -8.468349 ], [ -47.550137, -8.472321 ], [ -47.554446, -8.467328 ], [ -47.563007, -8.463053 ], [ -47.570719, -8.458397 ], [ -47.572999, -8.449751 ], [ -47.587181, -8.449066 ], [ -47.613593, -8.435669 ], [ -47.623119, -8.440093 ], [ -47.626064, -8.434166 ], [ -47.642245, -8.444412 ], [ -47.643692, -8.449177 ], [ -47.652578, -8.446708 ], [ -47.660959, -8.45026 ], [ -47.661233, -8.453674 ], [ -47.674306, -8.450978 ], [ -47.677369, -8.456102 ], [ -47.681697, -8.452249 ], [ -47.696772, -8.458222 ], [ -47.704389, -8.455415 ], [ -47.703534, -8.452166 ], [ -47.713759, -8.452294 ], [ -47.740958, -8.422939 ], [ -47.744139, -8.408884 ], [ -47.764, -8.395775 ], [ -47.764805, -8.388912 ], [ -47.77016, -8.385712 ], [ -47.77583, -8.383308 ], [ -47.782625, -8.38609 ], [ -47.787111, -8.389325 ], [ -47.793682, -8.384384 ], [ -47.787224, -8.367671 ], [ -47.789884, -8.364645 ], [ -47.785449, -8.357637 ], [ -47.792837, -8.352107 ], [ -47.792205, -8.345485 ], [ -47.796138, -8.340563 ], [ -47.811581, -8.337913 ], [ -47.815916, -8.342096 ], [ -47.821471, -8.341956 ], [ -47.817412, -8.330773 ], [ -47.806788, -8.323924 ], [ -47.820099, -8.319424 ], [ -47.831666, -8.328058 ], [ -47.83652, -8.325379 ], [ -47.838831, -8.320355 ], [ -47.831674, -8.307486 ], [ -47.835614, -8.302188 ], [ -47.833057, -8.288625 ], [ -47.835337, -8.286783 ], [ -47.839365, -8.290539 ], [ -47.850337, -8.28615 ], [ -47.848554, -8.269495 ], [ -47.872357, -8.245756 ], [ -47.87131, -8.240209 ], [ -47.861552, -8.229584 ], [ -47.864891, -8.221535 ], [ -47.871694, -8.220549 ], [ -47.877766, -8.231263 ], [ -47.885392, -8.225362 ], [ -47.89286, -8.225986 ], [ -47.897583, -8.218771 ], [ -47.89472, -8.209299 ], [ -47.889049, -8.212897 ], [ -47.884111, -8.211241 ], [ -47.884285, -8.20118 ], [ -47.894528, -8.178762 ], [ -47.902551, -8.180925 ], [ -47.909781, -8.175945 ], [ -47.90142, -8.168982 ], [ -47.901248, -8.165132 ], [ -47.897057, -8.153252 ], [ -47.900577, -8.140092 ], [ -47.892892, -8.134923 ], [ -47.898314, -8.125079 ], [ -47.890463, -8.113771 ], [ -47.898471, -8.108587 ], [ -47.894281, -8.101383 ], [ -47.898169, -8.091738 ], [ -47.887728, -8.085881 ], [ -47.882861, -8.074711 ], [ -47.884249, -8.068619 ], [ -47.891474, -8.066629 ], [ -47.8965, -8.060037 ], [ -47.886448, -8.049747 ], [ -47.893885, -8.027363 ], [ -47.888312, -8.022992 ], [ -47.888361, -8.013571 ], [ -47.89661, -8.01084 ], [ -47.905484, -8.014063 ], [ -47.907297, -8.009048 ], [ -47.905281, -7.993898 ], [ -47.898726, -7.982903 ], [ -47.910928, -7.97867 ], [ -47.923341, -7.982731 ], [ -47.926252, -7.968018 ], [ -47.937119, -7.960038 ], [ -47.930949, -7.950234 ], [ -47.945393, -7.946905 ], [ -47.945499, -7.944467 ], [ -47.94071, -7.944697 ], [ -47.935997, -7.932085 ], [ -47.953198, -7.926072 ], [ -47.936875, -7.904225 ], [ -47.938465, -7.872575 ], [ -47.919413, -7.859925 ], [ -47.909783, -7.843847 ], [ -47.906615, -7.810341 ], [ -47.900351, -7.797276 ], [ -47.865498, -7.779506 ], [ -47.82895, -7.767532 ], [ -47.836002, -7.760579 ], [ -47.84887, -7.760472 ], [ -47.839607, -7.749016 ], [ -47.839443, -7.734179 ], [ -47.849003, -7.735066 ], [ -47.855361, -7.726729 ], [ -47.865694, -7.731374 ], [ -47.867283, -7.726766 ], [ -47.872122, -7.725647 ], [ -47.870166, -7.714234 ], [ -47.878951, -7.709781 ], [ -47.879316, -7.699737 ], [ -47.884193, -7.696466 ], [ -47.889422, -7.680147 ], [ -47.894143, -7.685088 ], [ -47.899701, -7.681578 ], [ -47.899611, -7.675741 ], [ -47.907557, -7.678326 ], [ -47.914388, -7.672996 ], [ -47.916533, -7.659934 ], [ -47.929335, -7.661436 ], [ -47.929609, -7.655772 ], [ -47.933169, -7.658241 ], [ -47.938641, -7.652685 ], [ -47.946001, -7.652755 ], [ -47.948968, -7.649884 ], [ -47.947086, -7.648278 ], [ -47.943643, -7.642075 ], [ -47.947033, -7.642191 ], [ -47.954561, -7.639707 ], [ -47.954445, -7.633836 ], [ -47.960719, -7.6342 ], [ -47.965119, -7.638559 ], [ -47.968284, -7.632723 ], [ -47.976343, -7.631494 ], [ -47.974145, -7.626615 ], [ -47.977612, -7.629197 ], [ -47.981661, -7.626791 ], [ -47.984692, -7.620546 ], [ -47.983586, -7.611578 ], [ -47.979887, -7.611197 ], [ -47.983637, -7.602345 ], [ -48.012088, -7.592951 ], [ -48.018078, -7.596843 ], [ -48.022166, -7.595437 ], [ -48.033784, -7.587334 ], [ -48.042695, -7.573921 ], [ -48.046055, -7.57608 ], [ -48.056809, -7.564416 ], [ -48.061783, -7.565095 ], [ -48.08353, -7.550222 ], [ -48.087261, -7.547497 ], [ -48.099075, -7.549645 ], [ -48.128683, -7.531174 ], [ -48.151656, -7.527249 ], [ -48.15841, -7.548693 ], [ -48.144597, -7.577391 ], [ -48.150999, -7.591858 ] ] ] } },
{ "type": "Feature", "properties": { "HREG_ID": "17002", "HREG_NAME": "Bico do Papagaio", "id": "170030", "name": "Aguiarnópolis", "description": "Aguiarnópolis", "MUN_ID": "170030", "UF": "TO", "MACRO_ID": "1701", "MACRO_NAME": "Macrorregião de Saúde Norte" }, "geometry": { "type": "Polygon", "coordinates": [ [ [ -47.873049, -6.545163 ], [ -47.878951, -6.543474 ], [ -47.898335, -6.547477 ], [ -47.905215, -6.545444 ], [ -47.922245, -6.550932 ], [ -47.926584, -6.548069 ], [ -47.928444, -6.552624 ], [ -47.942092, -6.549587 ], [ -47.947308, -6.55643 ], [ -47.950335, -6.552004 ], [ -47.95114, -6.554818 ], [ -47.95784, -6.554219 ], [ -47.963419, -6.560309 ], [ -47.969145, -6.556371 ], [ -47.980952, -6.561824 ], [ -47.986385, -6.560265 ], [ -47.991663, -6.563238 ], [ -47.991688, -6.567373 ], [ -48.000006, -6.566438 ], [ -48.002635, -6.569304 ], [ -48.005687, -6.566479 ], [ -48.013377, -6.569147 ], [ -48.024142, -6.578985 ], [ -48.022717, -6.589169 ], [ -48.033702, -6.590639 ], [ -48.032822, -6.593459 ], [ -48.040863, -6.601587 ], [ -48.050316, -6.599565 ], [ -48.058451, -6.603466 ], [ -48.077677, -6.592322 ], [ -48.083184, -6.595391 ], [ -48.088989, -6.591267 ], [ -48.094574, -6.592982 ], [ -48.100829, -6.58767 ], [ -48.118537, -6.589057 ], [ -48.119689, -6.593491 ], [ -48.127142, -6.587811 ], [ -48.125421, -6.583636 ], [ -48.129421, -6.584559 ], [ -48.13125, -6.577785 ], [ -48.13298, -6.579872 ], [ -48.134184, -6.567572 ], [ -48.130313, -6.566102 ], [ -48.126117, -6.555313 ], [ -48.129113, -6.546461 ], [ -48.137558, -6.540981 ], [ -48.136722, -6.533305 ], [ -48.141053, -6.5266 ], [ -48.150144, -6.521755 ], [ -48.151667, -6.524557 ], [ -48.152347, -6.517056 ], [ -48.158395, -6.515 ], [ -48.161352, -6.508312 ], [ -48.181173, -6.504685 ], [ -48.183279, -6.496305 ], [ -48.190142, -6.491199 ], [ -48.189172, -6.479159 ], [ -48.201388, -6.473305 ], [ -48.204994, -6.461787 ], [ -48.214506, -6.45105 ], [ -48.225726, -6.467757 ], [ -48.230615, -6.466193 ], [ -48.241693, -6.456541 ], [ -48.242112, -6.446753 ], [ -48.246058, -6.442389 ], [ -48.261027, -6.446209 ], [ -48.263277, -6.439315 ], [ -48.267777, -6.437215 ], [ -48.273974, -6.444615 ], [ -48.275504, -6.441343 ], [ -48.279026, -6.442869 ], [ -48.281216, -6.44964 ], [ -48.287054, -6.449541 ], [ -48.294559, -6.446331 ], [ -48.293867, -6.43464 ], [ -48.28978, -6.434122 ], [ -48.293112, -6.432014 ], [ -48.289389, -6.428689 ], [ -48.301396, -6.419662 ], [ -48.30036, -6.411965 ], [ -48.30503, -6.402202 ], [ -48.307462, -6.404738 ], [ -48.307477, -6.401965 ], [ -48.311113, -6.404668 ], [ -48.312363, -6.402399 ], [ -48.314993, -6.407622 ], [ -48.320085, -6.407251 ], [ -48.321334, -6.403621 ], [ -48.323971, -6.40533 ], [ -48.324503, -6.401434 ], [ -48.321951, -6.4019 ], [ -48.325116, -6.396176 ], [ -48.329365, -6.396507 ], [ -48.329052, -6.39144 ], [ -48.339148, -6.395743 ], [ -48.340286, -6.392236 ], [ -48.342163, -6.383579 ], [ -48.335089, -6.376149 ], [ -48.345752, -6.356655 ], [ -48.357779, -6.355868 ], [ -48.374865, -6.346359 ], [ -48.380749, -6.328214 ], [ -48.411616, -6.305676 ], [ -48.41669, -6.298197 ], [ -48.41686, -6.28907 ], [ -48.412278, -6.28094 ], [ -48.418553, -6.267854 ], [ -48.435998, -6.19301 ], [ -48.431505, -6.176905 ], [ -48.407838, -6.153014 ], [ -48.390861, -6.146315 ], [ -48.365056, -6.146985 ], [ -48.324085, -6.132331 ], [ -48.303422, -6.116502 ], [ -48.285134, -6.091125 ], [ -48.282728, -6.081169 ], [ -48.285357, -6.070004 ], [ -48.301552, -6.046918 ], [ -48.33228, -6.037881 ], [ -48.337945, -6.027975 ], [ -48.334285, -6.003887 ], [ -48.313914, -5.978785 ], [ -48.30665, -5.974453 ], [ -48.286434, -5.967215 ], [ -48.251527, -5.959986 ], [ -48.231199, -5.945752 ], [ -48.231199, -5.945751 ], [ -48.228969, -5.930025 ], [ -48.233476, -5.914097 ], [ -48.245172, -5.895846 ], [ -48.278537, -5.860697 ], [ -48.290383, -5.839042 ], [ -48.295027, -5.821275 ], [ -48.299417, -5.78428 ], [ -48.293081, -5.750809 ], [ -48.288734, -5.741558 ], [ -48.279141, -5.728982 ], [ -48.272111, -5.725105 ], [ -48.219612, -5.727776 ], [ -48.193523, -5.719756 ], [ -48.173165, -5.709559 ], [ -48.138826, -5.646515 ], [ -48.135033, -5.63725 ], [ -48.131819, -5.617745 ], [ -48.137722, -5.602305 ], [ -48.181676, -5.572857 ], [ -48.212171, -5.553855 ], [ -48.228061, -5.550682 ], [ -48.23758, -5.552386 ], [ -48.261083, -5.547686 ], [ -48.278258, -5.540039 ], [ -48.290811, -5.52958 ], [ -48.300276, -5.522622 ], [ -48.318707, -5.499864 ], [ -48.32509, -5.493364 ], [ -48.327658, -5.496248 ], [ -48.326916, -5.486537 ], [ -48.340653, -5.46668 ], [ -48.342894, -5.444485 ], [ -48.351166, -5.427453 ], [ -48.367285, -5.414642 ], [ -48.373054, -5.402353 ], [ -48.381177, -5.395599 ], [ -48.393079, -5.393829 ], [ -48.40101, -5.403026 ], [ -48.419132, -5.401442 ], [ -48.441354, -5.407776 ], [ -48.453018, -5.410355 ], [ -48.464158, -5.411908 ], [ -48.476137, -5.41834 ], [ -48.491117, -5.425558 ], [ -48.51347, -5.429436 ], [ -48.530629, -5.424411 ], [ -48.557104, -5.416327 ], [ -48.5963, -5.422161 ], [ -48.611262, -5.418261 ], [ -48.628691, -5.409675 ], [ -48.650055, -5.384535 ], [ -48.680118, -5.378376 ], [ -48.716333, -5.376782 ], [ -48.719866, -5.373254 ], [ -48.725831, -5.375809 ], [ -48.74506, -5.369338 ], [ -48.756331, -5.352502 ], [ -48.754717, -5.348782 ], [ -48.74049, -5.352435 ], [ -48.730001, -5.347611 ], [ -48.714608, -5.352729 ], [ -48.708365, -5.350622 ], [ -48.704033, -5.344345 ], [ -48.698776, -5.31974 ], [ -48.691831, -5.31128 ], [ -48.679005, -5.305437 ], [ -48.65103, -5.311055 ], [ -48.638226, -5.319626 ], [ -48.629668, -5.332575 ], [ -48.611917, -5.338047 ], [ -48.605699, -5.336118 ], [ -48.5837, -5.310913 ], [ -48.56814, -5.28255 ], [ -48.568118, -5.262412 ], [ -48.560685, -5.234464 ], [ -48.560641, -5.229817 ], [ -48.538585, -5.204532 ], [ -48.522563, -5.192946 ], [ -48.48589, -5.193438 ], [ -48.465723, -5.185064 ], [ -48.381892, -5.172081 ], [ -48.363479, -5.167998 ], [ -48.355739, -5.17147 ], [ -48.320474, -5.201005 ], [ -48.292973, -5.203666 ], [ -48.272587, -5.215583 ], [ -48.234498, -5.227924 ], [ -48.224522, -5.235146 ], [ -48.20607, -5.248601 ], [ -48.189866, -5.253015 ], [ -48.178114, -5.260393 ], [ -48.106723, -5.26678 ], [ -48.078836, -5.274681 ], [ -48.051923, -5.267176 ], [ -48.014231, -5.237647 ], [ -48.00363, -5.234237 ], [ -47.936921, -5.239193 ], [ -47.885144, -5.260317 ], [ -47.872496, -5.271975 ], [ -47.869985, -5.280123 ], [ -47.86626, -5.30493 ], [ -47.867197, -5.342432 ], [ -47.843332, -5.375825 ], [ -47.827114, -5.386204 ], [ -47.792562, -5.384328 ], [ -47.767911, -5.377818 ], [ -47.743887, -5.379749 ], [ -47.736125, -5.383312 ], [ -47.685339, -5.412335 ], [ -47.666346, -5.421403 ], [ -47.618194, -5.459342 ], [ -47.602039, -5.464963 ], [ -47.580084, -5.469632 ], [ -47.563725, -5.462752 ], [ -47.554944, -5.465351 ], [ -47.523181, -5.500133 ], [ -47.499696, -5.52522 ], [ -47.493625, -5.53937 ], [ -47.482837, -5.564513 ], [ -47.483977, -5.595218 ], [ -47.479264, -5.621324 ], [ -47.476805, -5.634655 ], [ -47.47328, -5.661594 ], [ -47.481416, -5.678237 ], [ -47.492669, -5.709652 ], [ -47.49295, -5.730144 ], [ -47.483282, -5.756019 ], [ -47.470037, -5.771513 ], [ -47.441854, -5.830399 ], [ -47.437432, -5.857482 ], [ -47.430639, -5.868823 ], [ -47.432445, -5.893508 ], [ -47.429391, -5.911104 ], [ -47.42965, -5.934947 ], [ -47.447559, -5.992596 ], [ -47.438323, -6.012409 ], [ -47.427617, -6.038836 ], [ -47.429805, -6.067964 ], [ -47.434053, -6.092726 ], [ -47.432682, -6.111744 ], [ -47.422779, -6.159797 ], [ -47.394249, -6.218947 ], [ -47.384944, -6.230002 ], [ -47.380322, -6.249633 ], [ -47.376811, -6.266378 ], [ -47.402979, -6.31956 ], [ -47.40358, -6.320494 ], [ -47.410417, -6.334387 ], [ -47.411399, -6.344216 ], [ -47.410573, -6.354118 ], [ -47.409298, -6.365961 ], [ -47.411831, -6.376058 ], [ -47.419514, -6.401231 ], [ -47.431474, -6.425077 ], [ -47.433781, -6.430797 ], [ -47.415918, -6.483485 ], [ -47.424823, -6.49697 ], [ -47.43378, -6.503988 ], [ -47.456072, -6.537883 ], [ -47.458388, -6.549242 ], [ -47.459511, -6.558923 ], [ -47.460612, -6.561717 ], [ -47.463982, -6.585164 ], [ -47.462806, -6.606683 ], [ -47.498218, -6.670839 ], [ -47.492862, -6.68935 ], [ -47.495791, -6.696767 ], [ -47.511093, -6.720818 ], [ -47.519015, -6.720923 ], [ -47.520169, -6.715297 ], [ -47.525197, -6.714878 ], [ -47.526368, -6.70976 ], [ -47.53306, -6.708259 ], [ -47.532669, -6.705333 ], [ -47.555913, -6.707297 ], [ -47.567637, -6.701719 ], [ -47.575891, -6.708143 ], [ -47.583139, -6.706819 ], [ -47.585918, -6.710599 ], [ -47.592778, -6.710978 ], [ -47.592477, -6.708619 ], [ -47.60743, -6.704789 ], [ -47.611806, -6.707018 ], [ -47.613946, -6.702075 ], [ -47.615973, -6.703994 ], [ -47.621366, -6.701002 ], [ -47.639544, -6.708985 ], [ -47.64859, -6.70405 ], [ -47.653027, -6.709012 ], [ -47.663443, -6.710686 ], [ -47.667145, -6.708055 ], [ -47.670363, -6.712075 ], [ -47.680062, -6.707927 ], [ -47.689889, -6.711017 ], [ -47.69517, -6.70364 ], [ -47.699663, -6.707743 ], [ -47.70917, -6.707119 ], [ -47.710894, -6.70199 ], [ -47.723115, -6.691959 ], [ -47.73211, -6.691082 ], [ -47.733619, -6.686895 ], [ -47.740077, -6.685618 ], [ -47.746536, -6.6833 ], [ -47.747029, -6.679307 ], [ -47.759862, -6.668842 ], [ -47.774976, -6.674452 ], [ -47.769611, -6.66739 ], [ -47.767253, -6.650028 ], [ -47.792356, -6.618918 ], [ -47.809587, -6.605479 ], [ -47.820284, -6.589644 ], [ -47.84417, -6.57822 ], [ -47.855584, -6.579519 ], [ -47.872479, -6.590343 ], [ -47.858496, -6.539783 ], [ -47.873049, -6.545163 ] ], [ [ -48.195064, -6.091112 ], [ -48.195064, -6.091111 ], [ -48.203502, -6.094239 ], [ -48.195064, -6.091112 ] ] ] } },
{ "type": "Feature", "properties": { "HREG_ID": "17003", "HREG_NAME": "Sudeste", "id": "170040", "name": "Almas", "description": "Almas", "MUN_ID": "170040", "UF": "TO", "MACRO_ID": "1702", "MACRO_NAME": "Macrorregião Centro-Sul" }, "geometry": { "type": "Polygon", "coordinates": [ [ [ -46.635577, -12.969535 ], [ -46.706502, -12.969037 ], [ -46.750183, -12.968721 ], [ -46.819269, -13.002036 ], [ -46.822713, -13.007693 ], [ -46.818468, -13.013585 ], [ -46.82853, -13.018218 ], [ -46.833815, -13.033342 ], [ -46.839738, -13.034094 ], [ -46.847078, -13.045039 ], [ -46.844471, -13.049259 ], [ -46.847032, -13.05344 ], [ -46.848271, -13.05046 ], [ -46.854552, -13.055222 ], [ -46.85413, -13.066874 ], [ -46.868413, -13.068083 ], [ -46.870712, -13.063072 ], [ -46.8713, -13.059502 ], [ -46.876249, -13.061515 ], [ -46.87983, -13.058907 ], [ -46.87861, -13.048399 ], [ -46.892494, -13.052791 ], [ -46.901912, -13.066871 ], [ -46.910358, -13.068629 ], [ -46.928467, -13.082652 ], [ -46.928666, -13.09245 ], [ -46.945907, -13.098861 ], [ -46.953526, -13.110704 ], [ -46.963272, -13.111714 ], [ -46.978152, -13.12116 ], [ -46.978442, -13.131141 ], [ -46.987993, -13.1277 ], [ -46.986884, -13.121365 ], [ -46.99164, -13.123741 ], [ -47.000714, -13.120944 ], [ -47.004971, -13.124686 ], [ -47.004634, -13.131662 ], [ -47.009305, -13.140389 ], [ -47.018962, -13.145346 ], [ -47.02241, -13.141561 ], [ -47.035129, -13.147529 ], [ -47.035491, -13.150425 ], [ -47.041441, -13.148198 ], [ -47.047101, -13.157203 ], [ -47.050888, -13.155475 ], [ -47.062162, -13.161364 ], [ -47.06866, -13.155064 ], [ -47.071969, -13.160061 ], [ -47.077062, -13.16111 ], [ -47.080414, -13.161526 ], [ -47.079805, -13.166001 ], [ -47.084382, -13.170105 ], [ -47.079726, -13.177679 ], [ -47.086916, -13.181987 ], [ -47.089555, -13.173577 ], [ -47.096881, -13.171352 ], [ -47.102133, -13.174187 ], [ -47.104937, -13.181261 ], [ -47.107637, -13.181015 ], [ -47.10853, -13.170605 ], [ -47.11783, -13.177443 ], [ -47.132162, -13.178066 ], [ -47.139936, -13.187147 ], [ -47.133384, -13.189406 ], [ -47.134801, -13.202717 ], [ -47.153413, -13.20946 ], [ -47.161686, -13.205324 ], [ -47.1673, -13.210797 ], [ -47.17205, -13.206019 ], [ -47.182758, -13.205267 ], [ -47.184272, -13.203174 ], [ -47.174802, -13.194703 ], [ -47.182418, -13.187672 ], [ -47.196438, -13.193192 ], [ -47.211016, -13.192115 ], [ -47.21713, -13.196099 ], [ -47.225493, -13.193066 ], [ -47.231552, -13.198894 ], [ -47.231604, -13.204172 ], [ -47.251106, -13.211946 ], [ -47.247775, -13.229688 ], [ -47.252363, -13.234696 ], [ -47.267416, -13.237942 ], [ -47.267, -13.247729 ], [ -47.274934, -13.25049 ], [ -47.281719, -13.264475 ], [ -47.289496, -13.261795 ], [ -47.28522, -13.255877 ], [ -47.293133, -13.256095 ], [ -47.294105, -13.248495 ], [ -47.308519, -13.249293 ], [ -47.32256, -13.25787 ], [ -47.33722, -13.245887 ], [ -47.351991, -13.2484 ], [ -47.367606, -13.235704 ], [ -47.371167, -13.228283 ], [ -47.378909, -13.230674 ], [ -47.383314, -13.241029 ], [ -47.387551, -13.240137 ], [ -47.393357, -13.245144 ], [ -47.391976, -13.26192 ], [ -47.397082, -13.260661 ], [ -47.415718, -13.269892 ], [ -47.425256, -13.289302 ], [ -47.432433, -13.287641 ], [ -47.43733, -13.278597 ], [ -47.434412, -13.267791 ], [ -47.454664, -13.248943 ], [ -47.447856, -13.240306 ], [ -47.430853, -13.2376 ], [ -47.435325, -13.226667 ], [ -47.443029, -13.221987 ], [ -47.46119, -13.227058 ], [ -47.485185, -13.221724 ], [ -47.48737, -13.207688 ], [ -47.477691, -13.187246 ], [ -47.484168, -13.182021 ], [ -47.509436, -13.189434 ], [ -47.523472, -13.1815 ], [ -47.532631, -13.183376 ], [ -47.540968, -13.191933 ], [ -47.56264, -13.183796 ], [ -47.568052, -13.1491 ], [ -47.560912, -13.124239 ], [ -47.571248, -13.116317 ], [ -47.592497, -13.116233 ], [ -47.617547, -13.104274 ], [ -47.627184, -13.110027 ], [ -47.634006, -13.102767 ], [ -47.63553, -13.113886 ], [ -47.64624, -13.120172 ], [ -47.645076, -13.128144 ], [ -47.650276, -13.132918 ], [ -47.645137, -13.138286 ], [ -47.648633, -13.138991 ], [ -47.643414, -13.145354 ], [ -47.644073, -13.149425 ], [ -47.651468, -13.149661 ], [ -47.654078, -13.157886 ], [ -47.659356, -13.158593 ], [ -47.669552, -13.167867 ], [ -47.654911, -13.177442 ], [ -47.657468, -13.192005 ], [ -47.66544, -13.196311 ], [ -47.660469, -13.198417 ], [ -47.66499, -13.203374 ], [ -47.66069, -13.206926 ], [ -47.668461, -13.20897 ], [ -47.664606, -13.213604 ], [ -47.665824, -13.218218 ], [ -47.65419, -13.219901 ], [ -47.653189, -13.228597 ], [ -47.657018, -13.234282 ], [ -47.646241, -13.241568 ], [ -47.64766, -13.25016 ], [ -47.64005, -13.262773 ], [ -47.649079, -13.273694 ], [ -47.656382, -13.276467 ], [ -47.658766, -13.295369 ], [ -47.656574, -13.299455 ], [ -47.661772, -13.303414 ], [ -47.653773, -13.315216 ], [ -47.655851, -13.321912 ], [ -47.649298, -13.342211 ], [ -47.649693, -13.350814 ], [ -47.636824, -13.36436 ], [ -47.622296, -13.367228 ], [ -47.626742, -13.383958 ], [ -47.633411, -13.390449 ], [ -47.638496, -13.390601 ], [ -47.64255, -13.402533 ], [ -47.654159, -13.414597 ], [ -47.656435, -13.427278 ], [ -47.661787, -13.432962 ], [ -47.667296, -13.43582 ], [ -47.675393, -13.448794 ], [ -47.67855, -13.467278 ], [ -47.770222, -13.366474 ], [ -47.800386, -13.33327 ], [ -47.801354, -13.327564 ], [ -47.815445, -13.3176 ], [ -47.816546, -13.317252 ], [ -47.823554, -13.311432 ], [ -47.844026, -13.318202 ], [ -47.860908, -13.31395 ], [ -47.86619, -13.314646 ], [ -47.869911, -13.319418 ], [ -47.883142, -13.320075 ], [ -47.888465, -13.317606 ], [ -47.892745, -13.306809 ], [ -47.901742, -13.311386 ], [ -47.903276, -13.301957 ], [ -47.907851, -13.298501 ], [ -47.919583, -13.298338 ], [ -47.923884, -13.290984 ], [ -47.929465, -13.29412 ], [ -47.935443, -13.290289 ], [ -47.943388, -13.306628 ], [ -47.947634, -13.304892 ], [ -47.951359, -13.309835 ], [ -47.95605, -13.308277 ], [ -47.965886, -13.314825 ], [ -47.970574, -13.311085 ], [ -47.971633, -13.300408 ], [ -47.978441, -13.294306 ], [ -47.986361, -13.276435 ], [ -47.998837, -13.274496 ], [ -48.022129, -13.279403 ], [ -48.02866, -13.271044 ], [ -48.032299, -13.273566 ], [ -48.033828, -13.265409 ], [ -48.028547, -13.26397 ], [ -48.032687, -13.253543 ], [ -48.052026, -13.255388 ], [ -48.051438, -13.251487 ], [ -48.056167, -13.247933 ], [ -48.054551, -13.238525 ], [ -48.058439, -13.240234 ], [ -48.06202, -13.234964 ], [ -48.071392, -13.239989 ], [ -48.075914, -13.238181 ], [ -48.07869, -13.24252 ], [ -48.071861, -13.267182 ], [ -48.076938, -13.265986 ], [ -48.077715, -13.277312 ], [ -48.080408, -13.278931 ], [ -48.077628, -13.281565 ], [ -48.082578, -13.288345 ], [ -48.092832, -13.285867 ], [ -48.097106, -13.291471 ], [ -48.106327, -13.287357 ], [ -48.112715, -13.291596 ], [ -48.117914, -13.290304 ], [ -48.121436, -13.296996 ], [ -48.150442, -13.306588 ], [ -48.155882, -13.302582 ], [ -48.157105, -13.310095 ], [ -48.159581, -13.30202 ], [ -48.164965, -13.305356 ], [ -48.16937, -13.298916 ], [ -48.153298, -13.278762 ], [ -48.15605, -13.249843 ], [ -48.168216, -13.243184 ], [ -48.168495, -13.239654 ], [ -48.152888, -13.219238 ], [ -48.162241, -13.206601 ], [ -48.16465, -13.196652 ], [ -48.163351, -13.182505 ], [ -48.15511, -13.174474 ], [ -48.155436, -13.165769 ], [ -48.144686, -13.15395 ], [ -48.146215, -13.151579 ], [ -48.139331, -13.1362 ], [ -48.139524, -13.118355 ], [ -48.127913, -13.101546 ], [ -48.138306, -13.087278 ], [ -48.142494, -13.070952 ], [ -48.150301, -13.061681 ], [ -48.152749, -13.051795 ], [ -48.142303, -13.02511 ], [ -48.148521, -13.009316 ], [ -48.139331, -12.988072 ], [ -48.147354, -12.969503 ], [ -48.158614, -12.963919 ], [ -48.16308, -12.961704 ], [ -48.169497, -12.948315 ], [ -48.181326, -12.931968 ], [ -48.181995, -12.925348 ], [ -48.177552, -12.916391 ], [ -48.189276, -12.90687 ], [ -48.194651, -12.874149 ], [ -48.19653, -12.863745 ], [ -48.201801, -12.859745 ], [ -48.210358, -12.840985 ], [ -48.216997, -12.835544 ], [ -48.227892, -12.833451 ], [ -48.232648, -12.827954 ], [ -48.240247, -12.806424 ], [ -48.240474, -12.792654 ], [ -48.2354, -12.776617 ], [ -48.22553, -12.763229 ], [ -48.224072, -12.749453 ], [ -48.239893, -12.740957 ], [ -48.260318, -12.746976 ], [ -48.269518, -12.739352 ], [ -48.267749, -12.725034 ], [ -48.254827, -12.717891 ], [ -48.24197, -12.698698 ], [ -48.240022, -12.684295 ], [ -48.242691, -12.679045 ], [ -48.245998, -12.67813 ], [ -48.249434, -12.684654 ], [ -48.273523, -12.682903 ], [ -48.284664, -12.677549 ], [ -48.289577, -12.668299 ], [ -48.290725, -12.657006 ], [ -48.287723, -12.650969 ], [ -48.271411, -12.632973 ], [ -48.274685, -12.600981 ], [ -48.268604, -12.597372 ], [ -48.254853, -12.598929 ], [ -48.252997, -12.594413 ], [ -48.255415, -12.589595 ], [ -48.288303, -12.567536 ], [ -48.288307, -12.560014 ], [ -48.253341, -12.550018 ], [ -48.239658, -12.542767 ], [ -48.230914, -12.533284 ], [ -48.228671, -12.525614 ], [ -48.236577, -12.500913 ], [ -48.232353, -12.493743 ], [ -48.211555, -12.484315 ], [ -48.206052, -12.4765 ], [ -48.211281, -12.46607 ], [ -48.223244, -12.46043 ], [ -48.236329, -12.462335 ], [ -48.255551, -12.45853 ], [ -48.267356, -12.44691 ], [ -48.264442, -12.437894 ], [ -48.243772, -12.41956 ], [ -48.231191, -12.38983 ], [ -48.232639, -12.379355 ], [ -48.251865, -12.363671 ], [ -48.256327, -12.354755 ], [ -48.258051, -12.343647 ], [ -48.254691, -12.319753 ], [ -48.262013, -12.309455 ], [ -48.311581, -12.269986 ], [ -48.303583, -12.269952 ], [ -48.303887, -12.257855 ], [ -48.289674, -12.24908 ], [ -48.281895, -12.2249 ], [ -48.289277, -12.216337 ], [ -48.288361, -12.20841 ], [ -48.272507, -12.209933 ], [ -48.263998, -12.188682 ], [ -48.265057, -12.179522 ], [ -48.260498, -12.172845 ], [ -48.254244, -12.176317 ], [ -48.242002, -12.17381 ], [ -48.221333, -12.160731 ], [ -48.221304, -12.169726 ], [ -48.210882, -12.170034 ], [ -48.199388, -12.176379 ], [ -48.195695, -12.184286 ], [ -48.186751, -12.184354 ], [ -48.16972, -12.185601 ], [ -48.170307, -12.192695 ], [ -48.158302, -12.208329 ], [ -48.149719, -12.197009 ], [ -48.156412, -12.181026 ], [ -48.150276, -12.173762 ], [ -48.151515, -12.160136 ], [ -48.14308, -12.152383 ], [ -48.137333, -12.152374 ], [ -48.122579, -12.136331 ], [ -48.112738, -12.138658 ], [ -48.113047, -12.153058 ], [ -48.100609, -12.1289 ], [ -48.118801, -12.117706 ], [ -48.120787, -12.111474 ], [ -48.115637, -12.10469 ], [ -48.11436, -12.092289 ], [ -48.115729, -12.087234 ], [ -48.110945, -12.085898 ], [ -48.11094, -12.081005 ], [ -48.104466, -12.082543 ], [ -48.093447, -12.074412 ], [ -48.087612, -12.076053 ], [ -48.079559, -12.073127 ], [ -48.066213, -12.053818 ], [ -48.05831, -12.053248 ], [ -48.054471, -12.063438 ], [ -48.046525, -12.064223 ], [ -48.045112, -12.060856 ], [ -48.038161, -12.063469 ], [ -48.030887, -12.051137 ], [ -48.031107, -12.042442 ], [ -48.036739, -12.041974 ], [ -48.033588, -12.038037 ], [ -48.022442, -12.042844 ], [ -48.006502, -12.044707 ], [ -47.996132, -12.050851 ], [ -47.996127, -12.054763 ], [ -47.988755, -12.060545 ], [ -47.978169, -12.052618 ], [ -47.951802, -12.055204 ], [ -47.950051, -12.05094 ], [ -47.941915, -12.049632 ], [ -47.930215, -12.056278 ], [ -47.92264, -12.067371 ], [ -47.910135, -12.066453 ], [ -47.908307, -12.070838 ], [ -47.911499, -12.073957 ], [ -47.906997, -12.080423 ], [ -47.902698, -12.079594 ], [ -47.891768, -12.088304 ], [ -47.883273, -12.087579 ], [ -47.880269, -12.090296 ], [ -47.875997, -12.098541 ], [ -47.871412, -12.099826 ], [ -47.868389, -12.108266 ], [ -47.871966, -12.114812 ], [ -47.8673, -12.119988 ], [ -47.851887, -12.11669 ], [ -47.848944, -12.123169 ], [ -47.852276, -12.124837 ], [ -47.853054, -12.1314 ], [ -47.849145, -12.136461 ], [ -47.855334, -12.155277 ], [ -47.841413, -12.164501 ], [ -47.854663, -12.189993 ], [ -47.855057, -12.205514 ], [ -47.881167, -12.219574 ], [ -47.88036, -12.241078 ], [ -47.869804, -12.242433 ], [ -47.868886, -12.225478 ], [ -47.856331, -12.212452 ], [ -47.832802, -12.218099 ], [ -47.821941, -12.21841 ], [ -47.812029, -12.209568 ], [ -47.814274, -12.198718 ], [ -47.811088, -12.18372 ], [ -47.814046, -12.174481 ], [ -47.804939, -12.155082 ], [ -47.79919, -12.153029 ], [ -47.782553, -12.135404 ], [ -47.774669, -12.133472 ], [ -47.768113, -12.138685 ], [ -47.752122, -12.137703 ], [ -47.734449, -12.143649 ], [ -47.722364, -12.155104 ], [ -47.712439, -12.143528 ], [ -47.700306, -12.141142 ], [ -47.687918, -12.1336 ], [ -47.679441, -12.138044 ], [ -47.675332, -12.14932 ], [ -47.664587, -12.133037 ], [ -47.658575, -12.129218 ], [ -47.650536, -12.148538 ], [ -47.641883, -12.157677 ], [ -47.639883, -12.163319 ], [ -47.642291, -12.167961 ], [ -47.630832, -12.188168 ], [ -47.624942, -12.185821 ], [ -47.60947, -12.193679 ], [ -47.605227, -12.206892 ], [ -47.58925, -12.207648 ], [ -47.57288, -12.189155 ], [ -47.554005, -12.166826 ], [ -47.542724, -12.171148 ], [ -47.53614, -12.169045 ], [ -47.520608, -12.175009 ], [ -47.51266, -12.186623 ], [ -47.495218, -12.186144 ], [ -47.490133, -12.180543 ], [ -47.489275, -12.165317 ], [ -47.483195, -12.165517 ], [ -47.485715, -12.154539 ], [ -47.482663, -12.147107 ], [ -47.485888, -12.144469 ], [ -47.484831, -12.132419 ], [ -47.478833, -12.128172 ], [ -47.476305, -12.117662 ], [ -47.475049, -12.101618 ], [ -47.479253, -12.089826 ], [ -47.473445, -12.084128 ], [ -47.472302, -12.070354 ], [ -47.475028, -12.062544 ], [ -47.470501, -12.059023 ], [ -47.461109, -12.028491 ], [ -47.456109, -12.02488 ], [ -47.45555, -12.015728 ], [ -47.446468, -12.003872 ], [ -47.447717, -11.990243 ], [ -47.461136, -11.981602 ], [ -47.475051, -11.963907 ], [ -47.483795, -11.960066 ], [ -47.485975, -11.95573 ], [ -47.494694, -11.954068 ], [ -47.494976, -11.948819 ], [ -47.501527, -11.946361 ], [ -47.498419, -11.938124 ], [ -47.50397, -11.930234 ], [ -47.520771, -11.917569 ], [ -47.528634, -11.915888 ], [ -47.53454, -11.918957 ], [ -47.552341, -11.911173 ], [ -47.55358, -11.902927 ], [ -47.546505, -11.890826 ], [ -47.546189, -11.882258 ], [ -47.540505, -11.878592 ], [ -47.540754, -11.874948 ], [ -47.522836, -11.875545 ], [ -47.521832, -11.869887 ], [ -47.526028, -11.865513 ], [ -47.512778, -11.860739 ], [ -47.511271, -11.845598 ], [ -47.500975, -11.849001 ], [ -47.497196, -11.843058 ], [ -47.493246, -11.84434 ], [ -47.490583, -11.841269 ], [ -47.483774, -11.84609 ], [ -47.475219, -11.841584 ], [ -47.463751, -11.847503 ], [ -47.464832, -11.83981 ], [ -47.455994, -11.837116 ], [ -47.455528, -11.832684 ], [ -47.448912, -11.833782 ], [ -47.450274, -11.827802 ], [ -47.441807, -11.822755 ], [ -47.443608, -11.81515 ], [ -47.436139, -11.803674 ], [ -47.439441, -11.800223 ], [ -47.434744, -11.796432 ], [ -47.436664, -11.791265 ], [ -47.433038, -11.786209 ], [ -47.430302, -11.785219 ], [ -47.42811, -11.788942 ], [ -47.422665, -11.785329 ], [ -47.425331, -11.78058 ], [ -47.428778, -11.771462 ], [ -47.437413, -11.764102 ], [ -47.435636, -11.753969 ], [ -47.444251, -11.741621 ], [ -47.446221, -11.731754 ], [ -47.450357, -11.731024 ], [ -47.450415, -11.721597 ], [ -47.457582, -11.715606 ], [ -47.454304, -11.69986 ], [ -47.444308, -11.700969 ], [ -47.447858, -11.689198 ], [ -47.440697, -11.690659 ], [ -47.441603, -11.668678 ], [ -47.433142, -11.655009 ], [ -47.431275, -11.642975 ], [ -47.43375, -11.635537 ], [ -47.440611, -11.631989 ], [ -47.43811, -11.62693 ], [ -47.449667, -11.617844 ], [ -47.448273, -11.612681 ], [ -47.440751, -11.608896 ], [ -47.441076, -11.602743 ], [ -47.433357, -11.597695 ], [ -47.437431, -11.591196 ], [ -47.435417, -11.583296 ], [ -47.428912, -11.583938 ], [ -47.422702, -11.564251 ], [ -47.429496, -11.562754 ], [ -47.430391, -11.552434 ], [ -47.43525, -11.551682 ], [ -47.436803, -11.546081 ], [ -47.447074, -11.541225 ], [ -47.44533, -11.53944 ], [ -47.454775, -11.539418 ], [ -47.457805, -11.535606 ], [ -47.462942, -11.540662 ], [ -47.464936, -11.532511 ], [ -47.459803, -11.527456 ], [ -47.466028, -11.523093 ], [ -47.47256, -11.523435 ], [ -47.477581, -11.517982 ], [ -47.472445, -11.487513 ], [ -47.478638, -11.479014 ], [ -47.482556, -11.462537 ], [ -47.478469, -11.452922 ], [ -47.481526, -11.442689 ], [ -47.47456, -11.442302 ], [ -47.47283, -11.435319 ], [ -47.468987, -11.434496 ], [ -47.472334, -11.421817 ], [ -47.469164, -11.408934 ], [ -47.459722, -11.405092 ], [ -47.464606, -11.398319 ], [ -47.460496, -11.390147 ], [ -47.447339, -11.369155 ], [ -47.43891, -11.368409 ], [ -47.439579, -11.365602 ], [ -47.427025, -11.35295 ], [ -47.421138, -11.337072 ], [ -47.413632, -11.329157 ], [ -47.404245, -11.310278 ], [ -47.406384, -11.304029 ], [ -47.401471, -11.297394 ], [ -47.395947, -11.273813 ], [ -47.409186, -11.267532 ], [ -47.396389, -11.25922 ], [ -47.389027, -11.259642 ], [ -47.381897, -11.253394 ], [ -47.381944, -11.246028 ], [ -47.375139, -11.243639 ], [ -47.374471, -11.232849 ], [ -47.362864, -11.216584 ], [ -47.372246, -11.210816 ], [ -47.356219, -11.183114 ], [ -47.352583, -11.179107 ], [ -47.334859, -11.175769 ], [ -47.332971, -11.171056 ], [ -47.316764, -11.162108 ], [ -47.313587, -11.156958 ], [ -47.313414, -11.146591 ], [ -47.320665, -11.132114 ], [ -47.318335, -11.120056 ], [ -47.326275, -11.103959 ], [ -47.336309, -11.097924 ], [ -47.338915, -11.087973 ], [ -47.326784, -11.058275 ], [ -47.327754, -11.025208 ], [ -47.332602, -11.00484 ], [ -47.326938, -10.995564 ], [ -47.318414, -10.998648 ], [ -47.318577, -10.988842 ], [ -47.315611, -10.993771 ], [ -47.302805, -10.99754 ], [ -47.297999, -10.988766 ], [ -47.283387, -10.984951 ], [ -47.283524, -10.982147 ], [ -47.268149, -10.983298 ], [ -47.265387, -10.977616 ], [ -47.262027, -10.988176 ], [ -47.259007, -10.989079 ], [ -47.256415, -11.004092 ], [ -47.251081, -10.995374 ], [ -47.245887, -10.996683 ], [ -47.240133, -11.005776 ], [ -47.231303, -11.009449 ], [ -47.221221, -11.007675 ], [ -47.220694, -11.024979 ], [ -47.213002, -11.02277 ], [ -47.199851, -11.029952 ], [ -47.195443, -11.026862 ], [ -47.190167, -11.036534 ], [ -47.192814, -11.038808 ], [ -47.183836, -11.036322 ], [ -47.181171, -11.039567 ], [ -47.173912, -11.039534 ], [ -47.169107, -11.045035 ], [ -47.159583, -11.043638 ], [ -47.155138, -11.050587 ], [ -47.158307, -11.058755 ], [ -47.153615, -11.05973 ], [ -47.150083, -11.06706 ], [ -47.146972, -11.0655 ], [ -47.147307, -11.073482 ], [ -47.141552, -11.085512 ], [ -47.125333, -11.106283 ], [ -47.121744, -11.103538 ], [ -47.107054, -11.105003 ], [ -47.104052, -11.11269 ], [ -47.094062, -11.117545 ], [ -47.090875, -11.124319 ], [ -47.071662, -11.131017 ], [ -47.06702, -11.138153 ], [ -47.063588, -11.133329 ], [ -47.054027, -11.133646 ], [ -47.037663, -11.15377 ], [ -47.020553, -11.161475 ], [ -47.020137, -11.162426 ], [ -47.007439, -11.155334 ], [ -47.001257, -11.163074 ], [ -46.982741, -11.16374 ], [ -46.970559, -11.153124 ], [ -46.962748, -11.154687 ], [ -46.951112, -11.146279 ], [ -46.94158, -11.14433 ], [ -46.939082, -11.13931 ], [ -46.934115, -11.140328 ], [ -46.927773, -11.132168 ], [ -46.921139, -11.133984 ], [ -46.908154, -11.122767 ], [ -46.888553, -11.119391 ], [ -46.882002, -11.122196 ], [ -46.864246, -11.110072 ], [ -46.853467, -11.11228 ], [ -46.843578, -11.097625 ], [ -46.83614, -11.096431 ], [ -46.832751, -11.091157 ], [ -46.811884, -11.096823 ], [ -46.795002, -11.090509 ], [ -46.790385, -11.097973 ], [ -46.782495, -11.097222 ], [ -46.780941, -11.101833 ], [ -46.763809, -11.09933 ], [ -46.758253, -11.102684 ], [ -46.744362, -11.123358 ], [ -46.71633, -11.123413 ], [ -46.702979, -11.129227 ], [ -46.697161, -11.136922 ], [ -46.683814, -11.173865 ], [ -46.69075, -11.19453 ], [ -46.686589, -11.206557 ], [ -46.676305, -11.216619 ], [ -46.643098, -11.225625 ], [ -46.636178, -11.228707 ], [ -46.608625, -11.255306 ], [ -46.599231, -11.264997 ], [ -46.608737, -11.284297 ], [ -46.616672, -11.289026 ], [ -46.615522, -11.301775 ], [ -46.609503, -11.307893 ], [ -46.60496, -11.321409 ], [ -46.601254, -11.346761 ], [ -46.585886, -11.366052 ], [ -46.566967, -11.372129 ], [ -46.561366, -11.374075 ], [ -46.548885, -11.380295 ], [ -46.548471, -11.407965 ], [ -46.542661, -11.41532 ], [ -46.527754, -11.422085 ], [ -46.524832, -11.432385 ], [ -46.526418, -11.465601 ], [ -46.521525, -11.479339 ], [ -46.501828, -11.499101 ], [ -46.485855, -11.504663 ], [ -46.47889, -11.515965 ], [ -46.468053, -11.518137 ], [ -46.457891, -11.513952 ], [ -46.445109, -11.514235 ], [ -46.426613, -11.525623 ], [ -46.416774, -11.538754 ], [ -46.41091, -11.541525 ], [ -46.401444, -11.540684 ], [ -46.392207, -11.534401 ], [ -46.379935, -11.53395 ], [ -46.359638, -11.535189 ], [ -46.345829, -11.544449 ], [ -46.313031, -11.539065 ], [ -46.289464, -11.550932 ], [ -46.269912, -11.55697 ], [ -46.258411, -11.556324 ], [ -46.235859, -11.564915 ], [ -46.225772, -11.570792 ], [ -46.217859, -11.582001 ], [ -46.213048, -11.595285 ], [ -46.202352, -11.602165 ], [ -46.186629, -11.605712 ], [ -46.165975, -11.598957 ], [ -46.158028, -11.606807 ], [ -46.14075, -11.60774 ], [ -46.126641, -11.60385 ], [ -46.094855, -11.614572 ], [ -46.086255, -11.62171 ], [ -46.0871, -11.624525 ], [ -46.082773, -11.6357 ], [ -46.086575, -11.642207 ], [ -46.131396, -11.646031 ], [ -46.140592, -11.648222 ], [ -46.15358, -11.656552 ], [ -46.172244, -11.65199 ], [ -46.187355, -11.655057 ], [ -46.221327, -11.644299 ], [ -46.255856, -11.620747 ], [ -46.265354, -11.623863 ], [ -46.276936, -11.622869 ], [ -46.291054, -11.628302 ], [ -46.304193, -11.624949 ], [ -46.311106, -11.626794 ], [ -46.316056, -11.636829 ], [ -46.314677, -11.644238 ], [ -46.301138, -11.661154 ], [ -46.294469, -11.678254 ], [ -46.293641, -11.692332 ], [ -46.297079, -11.697833 ], [ -46.308551, -11.703645 ], [ -46.328945, -11.736874 ], [ -46.365747, -11.745318 ], [ -46.373051, -11.750699 ], [ -46.370469, -11.759885 ], [ -46.356464, -11.758803 ], [ -46.346942, -11.753444 ], [ -46.33867, -11.766108 ], [ -46.322298, -11.770314 ], [ -46.324279, -11.777649 ], [ -46.335136, -11.786363 ], [ -46.331192, -11.802533 ], [ -46.337472, -11.816005 ], [ -46.350495, -11.821809 ], [ -46.347103, -11.835525 ], [ -46.354967, -11.841816 ], [ -46.368082, -11.834286 ], [ -46.372999, -11.836246 ], [ -46.370915, -11.85403 ], [ -46.374158, -11.868175 ], [ -46.365055, -11.884015 ], [ -46.350856, -11.882129 ], [ -46.326297, -11.896277 ], [ -46.317554, -11.898059 ], [ -46.284578, -11.885511 ], [ -46.256019, -11.898239 ], [ -46.237714, -11.90218 ], [ -46.212997, -11.898177 ], [ -46.193303, -11.884093 ], [ -46.18069, -11.884979 ], [ -46.171908, -11.897468 ], [ -46.174692, -11.909595 ], [ -46.192138, -11.929069 ], [ -46.21009, -11.929969 ], [ -46.247548, -11.947098 ], [ -46.295058, -11.948832 ], [ -46.325278, -11.958059 ], [ -46.342635, -11.974976 ], [ -46.355773, -11.981046 ], [ -46.373112, -12.003897 ], [ -46.373192, -12.015044 ], [ -46.395, -12.025855 ], [ -46.397442, -12.039912 ], [ -46.381419, -12.052503 ], [ -46.378111, -12.059379 ], [ -46.388025, -12.072122 ], [ -46.381086, -12.082453 ], [ -46.385194, -12.091995 ], [ -46.367718, -12.097847 ], [ -46.365947, -12.110821 ], [ -46.370808, -12.122105 ], [ -46.369636, -12.134268 ], [ -46.374942, -12.152713 ], [ -46.378886, -12.160354 ], [ -46.38928, -12.166477 ], [ -46.389472, -12.170103 ], [ -46.382614, -12.173628 ], [ -46.380301, -12.178969 ], [ -46.390572, -12.193446 ], [ -46.368214, -12.19937 ], [ -46.367887, -12.214299 ], [ -46.359432, -12.223611 ], [ -46.366046, -12.241036 ], [ -46.380361, -12.247003 ], [ -46.378193, -12.253882 ], [ -46.365711, -12.266222 ], [ -46.366416, -12.275366 ], [ -46.373948, -12.289376 ], [ -46.349998, -12.296929 ], [ -46.328945, -12.297679 ], [ -46.322998, -12.303107 ], [ -46.324745, -12.308013 ], [ -46.345835, -12.314434 ], [ -46.35111, -12.320359 ], [ -46.349168, -12.326527 ], [ -46.352629, -12.330346 ], [ -46.351972, -12.336973 ], [ -46.340083, -12.336486 ], [ -46.33372, -12.342183 ], [ -46.332624, -12.344093 ], [ -46.332203, -12.344825 ], [ -46.324304, -12.35569 ], [ -46.31247, -12.355922 ], [ -46.295571, -12.367087 ], [ -46.285245, -12.37862 ], [ -46.293905, -12.384279 ], [ -46.295612, -12.397263 ], [ -46.304276, -12.405101 ], [ -46.300606, -12.415348 ], [ -46.292427, -12.417246 ], [ -46.282995, -12.410754 ], [ -46.273412, -12.413991 ], [ -46.264523, -12.412232 ], [ -46.25598, -12.423891 ], [ -46.247412, -12.438505 ], [ -46.247194, -12.448089 ], [ -46.25316, -12.459781 ], [ -46.254377, -12.493877 ], [ -46.227435, -12.497922 ], [ -46.186437, -12.477125 ], [ -46.159297, -12.474061 ], [ -46.153463, -12.482923 ], [ -46.161629, -12.495124 ], [ -46.15156, -12.513424 ], [ -46.160223, -12.528137 ], [ -46.201299, -12.529847 ], [ -46.226574, -12.535879 ], [ -46.24555, -12.545923 ], [ -46.255996, -12.546738 ], [ -46.260724, -12.549281 ], [ -46.265915, -12.571906 ], [ -46.27952, -12.584467 ], [ -46.272781, -12.593523 ], [ -46.290306, -12.632506 ], [ -46.273188, -12.637614 ], [ -46.270972, -12.643293 ], [ -46.261012, -12.645967 ], [ -46.255736, -12.654708 ], [ -46.265134, -12.667599 ], [ -46.284257, -12.678925 ], [ -46.292829, -12.692387 ], [ -46.28579, -12.698142 ], [ -46.286268, -12.704826 ], [ -46.276246, -12.705371 ], [ -46.264497, -12.716515 ], [ -46.267139, -12.738823 ], [ -46.279917, -12.750277 ], [ -46.275903, -12.758842 ], [ -46.274566, -12.77452 ], [ -46.282831, -12.783104 ], [ -46.277618, -12.792343 ], [ -46.280444, -12.805491 ], [ -46.272019, -12.811564 ], [ -46.269643, -12.82115 ], [ -46.261886, -12.831239 ], [ -46.272913, -12.846715 ], [ -46.287436, -12.855767 ], [ -46.292633, -12.859912 ], [ -46.284106, -12.878029 ], [ -46.285775, -12.89478 ], [ -46.297135, -12.906851 ], [ -46.291992, -12.919116 ], [ -46.304366, -12.949437 ], [ -46.279273, -12.942533 ], [ -46.275242, -12.934804 ], [ -46.266325, -12.931915 ], [ -46.220095, -12.940125 ], [ -46.197711, -12.924868 ], [ -46.183967, -12.923376 ], [ -46.138538, -12.908954 ], [ -46.125271, -12.909548 ], [ -46.113487, -12.917817 ], [ -46.119524, -12.925436 ], [ -46.148618, -12.936586 ], [ -46.160906, -12.933574 ], [ -46.176577, -12.939193 ], [ -46.179475, -12.946918 ], [ -46.187438, -12.949289 ], [ -46.19413, -12.956238 ], [ -46.223269, -12.956516 ], [ -46.276745, -12.970933 ], [ -46.279941, -12.968114 ], [ -46.286862, -12.973524 ], [ -46.289866, -12.972036 ], [ -46.311185, -12.980354 ], [ -46.333668, -12.980448 ], [ -46.335132, -12.983343 ], [ -46.338383, -12.982025 ], [ -46.363854, -12.990925 ], [ -46.37294, -12.984336 ], [ -46.367832, -12.972074 ], [ -46.376501, -12.962958 ], [ -46.371054, -12.957999 ], [ -46.371822, -12.944317 ], [ -46.366329, -12.939225 ], [ -46.364164, -12.931063 ], [ -46.365107, -12.912781 ], [ -46.360274, -12.908401 ], [ -46.367795, -12.90262 ], [ -46.361582, -12.890017 ], [ -46.367142, -12.887209 ], [ -46.363828, -12.881607 ], [ -46.368721, -12.877114 ], [ -46.36577, -12.86442 ], [ -46.373832, -12.859353 ], [ -46.375853, -12.849819 ], [ -46.376044, -12.852934 ], [ -46.383267, -12.84854 ], [ -46.397135, -12.850959 ], [ -46.407861, -12.845358 ], [ -46.406299, -12.838404 ], [ -46.410666, -12.840091 ], [ -46.411049, -12.827519 ], [ -46.4172, -12.823025 ], [ -46.432368, -12.930286 ], [ -46.436961, -12.935056 ], [ -46.445592, -12.935808 ], [ -46.454224, -12.970718 ], [ -46.550171, -12.970108 ], [ -46.633436, -12.969549 ], [ -46.635577, -12.969535 ] ] ] } },
{ "type": "Feature", "properties": { "HREG_ID": "17004", "HREG_NAME": "Cerrado Tocantins Araguaia", "id": "170230", "name": "Arapoema", "description": "Arapoema", "MUN_ID": "170230", "UF": "TO", "MACRO_ID": "1701", "MACRO_NAME": "Macrorregião de Saúde Norte" }, "geometry": { "type": "Polygon", "coordinates": [ [ [ -48.662033, -9.007017 ], [ -48.649979, -9.021374 ], [ -48.659277, -9.022941 ], [ -48.673612, -9.036626 ], [ -48.670979, -9.049923 ], [ -48.677527, -9.051643 ], [ -48.677751, -9.055182 ], [ -48.661368, -9.06015 ], [ -48.672122, -9.075777 ], [ -48.669334, -9.078482 ], [ -48.660366, -9.074293 ], [ -48.653526, -9.080818 ], [ -48.658583, -9.113351 ], [ -48.665462, -9.117953 ], [ -48.676971, -9.132258 ], [ -48.68536, -9.155586 ], [ -48.692754, -9.15495 ], [ -48.715833, -9.170925 ], [ -48.723611, -9.168576 ], [ -48.732365, -9.183369 ], [ -48.734394, -9.196287 ], [ -48.746455, -9.196245 ], [ -48.751523, -9.199659 ], [ -48.764554, -9.193591 ], [ -48.774784, -9.179355 ], [ -48.783061, -9.178463 ], [ -48.777711, -9.165635 ], [ -48.775535, -9.149321 ], [ -48.777639, -9.138995 ], [ -48.78209, -9.13154 ], [ -48.78961, -9.128214 ], [ -48.795929, -9.116571 ], [ -48.805438, -9.119244 ], [ -48.807725, -9.11679 ], [ -48.80972, -9.080695 ], [ -48.813112, -9.077688 ], [ -48.819473, -9.074294 ], [ -48.833196, -9.07647 ], [ -48.836216, -9.082568 ], [ -48.842254, -9.084914 ], [ -48.849613, -9.073033 ], [ -48.859835, -9.065628 ], [ -48.867476, -9.067898 ], [ -48.875915, -9.064907 ], [ -48.907472, -9.067463 ], [ -48.930414, -9.07979 ], [ -48.935946, -9.073417 ], [ -48.96187, -9.065316 ], [ -48.966442, -9.064602 ], [ -48.97308, -9.058422 ], [ -48.992079, -9.057826 ], [ -48.995777, -9.062128 ], [ -49.002949, -9.058747 ], [ -49.006002, -9.04916 ], [ -49.020862, -9.049576 ], [ -49.027897, -9.042544 ], [ -49.036005, -9.021745 ], [ -49.044397, -9.017507 ], [ -49.061169, -9.017767 ], [ -49.070056, -9.007659 ], [ -49.086918, -9.003726 ], [ -49.093811, -8.993883 ], [ -49.102557, -8.991981 ], [ -49.110026, -8.995331 ], [ -49.114108, -8.992706 ], [ -49.111584, -8.991073 ], [ -49.114862, -8.980015 ], [ -49.122338, -8.975301 ], [ -49.124973, -8.969235 ], [ -49.133448, -8.96796 ], [ -49.148196, -8.953185 ], [ -49.169089, -8.945125 ], [ -49.183305, -8.933241 ], [ -49.193414, -8.933416 ], [ -49.207799, -8.942296 ], [ -49.221662, -8.941996 ], [ -49.219939, -8.925519 ], [ -49.22766, -8.906665 ], [ -49.226831, -8.892893 ], [ -49.250911, -8.88762 ], [ -49.255274, -8.875112 ], [ -49.268557, -8.860244 ], [ -49.254608, -8.849825 ], [ -49.244305, -8.836599 ], [ -49.246136, -8.82853 ], [ -49.243029, -8.812043 ], [ -49.226807, -8.795645 ], [ -49.222693, -8.768908 ], [ -49.228417, -8.758206 ], [ -49.227057, -8.752403 ], [ -49.233976, -8.723217 ], [ -49.243168, -8.713423 ], [ -49.246693, -8.702645 ], [ -49.245059, -8.696838 ], [ -49.264278, -8.676984 ], [ -49.275279, -8.654493 ], [ -49.287715, -8.642234 ], [ -49.288835, -8.635005 ], [ -49.293561, -8.632007 ], [ -49.294638, -8.622034 ], [ -49.298193, -8.624564 ], [ -49.303195, -8.616955 ], [ -49.303832, -8.620666 ], [ -49.307766, -8.620549 ], [ -49.310389, -8.617211 ], [ -49.307026, -8.615948 ], [ -49.30831, -8.612692 ], [ -49.315059, -8.612233 ], [ -49.316144, -8.605162 ], [ -49.32006, -8.605155 ], [ -49.317781, -8.601983 ], [ -49.323386, -8.599804 ], [ -49.32539, -8.585211 ], [ -49.322862, -8.584035 ], [ -49.332224, -8.579949 ], [ -49.334146, -8.581937 ], [ -49.338054, -8.576401 ], [ -49.334947, -8.572239 ], [ -49.338498, -8.570423 ], [ -49.33614, -8.568879 ], [ -49.342144, -8.554831 ], [ -49.349784, -8.554641 ], [ -49.352507, -8.548934 ], [ -49.354422, -8.550562 ], [ -49.354588, -8.544398 ], [ -49.362058, -8.543306 ], [ -49.376442, -8.544918 ], [ -49.384008, -8.541556 ], [ -49.382918, -8.545998 ], [ -49.387475, -8.547629 ], [ -49.390557, -8.540913 ], [ -49.393389, -8.54155 ], [ -49.391749, -8.546622 ], [ -49.399221, -8.54671 ], [ -49.391056, -8.489376 ], [ -49.373536, -8.45082 ], [ -49.348968, -8.417974 ], [ -49.337638, -8.410334 ], [ -49.312858, -8.402495 ], [ -49.290024, -8.388028 ], [ -49.282883, -8.379155 ], [ -49.275802, -8.363282 ], [ -49.269583, -8.342928 ], [ -49.2647, -8.322801 ], [ -49.25559, -8.286649 ], [ -49.24822, -8.254975 ], [ -49.235949, -8.23212 ], [ -49.221671, -8.205108 ], [ -49.209142, -8.175088 ], [ -49.203422, -8.139606 ], [ -49.206888, -8.1221 ], [ -49.201241, -8.108031 ], [ -49.198918, -8.087168 ], [ -49.192723, -8.076065 ], [ -49.179729, -8.067203 ], [ -49.174441, -8.050152 ], [ -49.172843, -8.020574 ], [ -49.175191, -8.008838 ], [ -49.181589, -7.976564 ], [ -49.169203, -7.954389 ], [ -49.162803, -7.920884 ], [ -49.162337, -7.900132 ], [ -49.165948, -7.879932 ], [ -49.167336, -7.853948 ], [ -49.166385, -7.849133 ], [ -49.164474, -7.832472 ], [ -49.158216, -7.82423 ], [ -49.148004, -7.806916 ], [ -49.150142, -7.801799 ], [ -49.157445, -7.793388 ], [ -49.202702, -7.774099 ], [ -49.220723, -7.761201 ], [ -49.239557, -7.740326 ], [ -49.263523, -7.72306 ], [ -49.296087, -7.696045 ], [ -49.327639, -7.677397 ], [ -49.336698, -7.665009 ], [ -49.341205, -7.65687 ], [ -49.316189, -7.646804 ], [ -49.307894, -7.652928 ], [ -49.294307, -7.63877 ], [ -49.28417, -7.637705 ], [ -49.281279, -7.640121 ], [ -49.279695, -7.635555 ], [ -49.265676, -7.633291 ], [ -49.260797, -7.620911 ], [ -49.25086, -7.624679 ], [ -49.242976, -7.619067 ], [ -49.245226, -7.612935 ], [ -49.227171, -7.606556 ], [ -49.218082, -7.607295 ], [ -49.21659, -7.611878 ], [ -49.212555, -7.609722 ], [ -49.212198, -7.615816 ], [ -49.208833, -7.616535 ], [ -49.198251, -7.607435 ], [ -49.186587, -7.608344 ], [ -49.181916, -7.61277 ], [ -49.172087, -7.612065 ], [ -49.156557, -7.60464 ], [ -49.149692, -7.613752 ], [ -49.146529, -7.608869 ], [ -49.140004, -7.607619 ], [ -49.139892, -7.603021 ], [ -49.12754, -7.597972 ], [ -49.095725, -7.604123 ], [ -49.082139, -7.613491 ], [ -49.066752, -7.607886 ], [ -49.04925, -7.614919 ], [ -49.044835, -7.613681 ], [ -49.045366, -7.618721 ], [ -49.034973, -7.619776 ], [ -49.026729, -7.616869 ], [ -49.028697, -7.611917 ], [ -49.02603, -7.608936 ], [ -49.014419, -7.611269 ], [ -49.005835, -7.603578 ], [ -48.995422, -7.603717 ], [ -48.99494, -7.597343 ], [ -48.983656, -7.601646 ], [ -48.980251, -7.605102 ], [ -48.965667, -7.59534 ], [ -48.952495, -7.603397 ], [ -48.9447, -7.588117 ], [ -48.93467, -7.590772 ], [ -48.931583, -7.586893 ], [ -48.927835, -7.588682 ], [ -48.920755, -7.584136 ], [ -48.903607, -7.585865 ], [ -48.891666, -7.580274 ], [ -48.869501, -7.576619 ], [ -48.844252, -7.584129 ], [ -48.837719, -7.580917 ], [ -48.825945, -7.581138 ], [ -48.815835, -7.5716 ], [ -48.803815, -7.570193 ], [ -48.7952, -7.572761 ], [ -48.794058, -7.581051 ], [ -48.789253, -7.580352 ], [ -48.780505, -7.586033 ], [ -48.777989, -7.601385 ], [ -48.767082, -7.605266 ], [ -48.764701, -7.602189 ], [ -48.758142, -7.602664 ], [ -48.753475, -7.603365 ], [ -48.751922, -7.596485 ], [ -48.734331, -7.589526 ], [ -48.731582, -7.58013 ], [ -48.727586, -7.580307 ], [ -48.727306, -7.586554 ], [ -48.707616, -7.579678 ], [ -48.695949, -7.584597 ], [ -48.687697, -7.584382 ], [ -48.659888, -7.623994 ], [ -48.652086, -7.621875 ], [ -48.613455, -7.623955 ], [ -48.602299, -7.63567 ], [ -48.605085, -7.650292 ], [ -48.59965, -7.662807 ], [ -48.567886, -7.675672 ], [ -48.55818, -7.696665 ], [ -48.55455, -7.697465 ], [ -48.5561, -7.702611 ], [ -48.551903, -7.709576 ], [ -48.538568, -7.719597 ], [ -48.5345, -7.729427 ], [ -48.536341, -7.734028 ], [ -48.530326, -7.737665 ], [ -48.516263, -7.737037 ], [ -48.518082, -7.749776 ], [ -48.510448, -7.765785 ], [ -48.507086, -7.789777 ], [ -48.513281, -7.801407 ], [ -48.507193, -7.802573 ], [ -48.499978, -7.808502 ], [ -48.496333, -7.821712 ], [ -48.49667, -7.850452 ], [ -48.499207, -7.852584 ], [ -48.478394, -7.854787 ], [ -48.47123, -7.845989 ], [ -48.459891, -7.855385 ], [ -48.457819, -7.855974 ], [ -48.438631, -7.863606 ], [ -48.437137, -7.851113 ], [ -48.441038, -7.840217 ], [ -48.42939, -7.820687 ], [ -48.418444, -7.809086 ], [ -48.414908, -7.810737 ], [ -48.412096, -7.802267 ], [ -48.394805, -7.79767 ], [ -48.382801, -7.786325 ], [ -48.360327, -7.79323 ], [ -48.35737, -7.800696 ], [ -48.344993, -7.799826 ], [ -48.324429, -7.790627 ], [ -48.310873, -7.794944 ], [ -48.282056, -7.787805 ], [ -48.286889, -7.78986 ], [ -48.283458, -7.796001 ], [ -48.274594, -7.797002 ], [ -48.270235, -7.809915 ], [ -48.264231, -7.812227 ], [ -48.242793, -7.818929 ], [ -48.238811, -7.817091 ], [ -48.223807, -7.82333 ], [ -48.222895, -7.827679 ], [ -48.216337, -7.82839 ], [ -48.21381, -7.82377 ], [ -48.210257, -7.827659 ], [ -48.206171, -7.821855 ], [ -48.19944, -7.822112 ], [ -48.190256, -7.816213 ], [ -48.171745, -7.822431 ], [ -48.172696, -7.828114 ], [ -48.169614, -7.827601 ], [ -48.166059, -7.833395 ], [ -48.160248, -7.829306 ], [ -48.153976, -7.833736 ], [ -48.151692, -7.830923 ], [ -48.150897, -7.830383 ], [ -48.153613, -7.822042 ], [ -48.148167, -7.823116 ], [ -48.147638, -7.817598 ], [ -48.139845, -7.811974 ], [ -48.143277, -7.805801 ], [ -48.137864, -7.794916 ], [ -48.13778, -7.788573 ], [ -48.141692, -7.784593 ], [ -48.138976, -7.776246 ], [ -48.146614, -7.766203 ], [ -48.154257, -7.766933 ], [ -48.156643, -7.754337 ], [ -48.161089, -7.754622 ], [ -48.161092, -7.750539 ], [ -48.168193, -7.745747 ], [ -48.172226, -7.719649 ], [ -48.178311, -7.718568 ], [ -48.177863, -7.716307 ], [ -48.182226, -7.718031 ], [ -48.186058, -7.710967 ], [ -48.190952, -7.711783 ], [ -48.188503, -7.706075 ], [ -48.192425, -7.700281 ], [ -48.195155, -7.700911 ], [ -48.200534, -7.697449 ], [ -48.199449, -7.680179 ], [ -48.203532, -7.672144 ], [ -48.198906, -7.664401 ], [ -48.174852, -7.656036 ], [ -48.165481, -7.639048 ], [ -48.156476, -7.629926 ], [ -48.149414, -7.606393 ], [ -48.150999, -7.591858 ], [ -48.144597, -7.577391 ], [ -48.15841, -7.548693 ], [ -48.151656, -7.527249 ], [ -48.128683, -7.531174 ], [ -48.099075, -7.549645 ], [ -48.087261, -7.547497 ], [ -48.08353, -7.550222 ], [ -48.061783, -7.565095 ], [ -48.056809, -7.564416 ], [ -48.046055, -7.57608 ], [ -48.042695, -7.573921 ], [ -48.033784, -7.587334 ], [ -48.022166, -7.595437 ], [ -48.018078, -7.596843 ], [ -48.012088, -7.592951 ], [ -47.983637, -7.602345 ], [ -47.979887, -7.611197 ], [ -47.983586, -7.611578 ], [ -47.984692, -7.620546 ], [ -47.981661, -7.626791 ], [ -47.977612, -7.629197 ], [ -47.974145, -7.626615 ], [ -47.976343, -7.631494 ], [ -47.968284, -7.632723 ], [ -47.965119, -7.638559 ], [ -47.960719, -7.6342 ], [ -47.954445, -7.633836 ], [ -47.954561, -7.639707 ], [ -47.947033, -7.642191 ], [ -47.943643, -7.642075 ], [ -47.947086, -7.648278 ], [ -47.948968, -7.649884 ], [ -47.946001, -7.652755 ], [ -47.938641, -7.652685 ], [ -47.933169, -7.658241 ], [ -47.929609, -7.655772 ], [ -47.929335, -7.661436 ], [ -47.916533, -7.659934 ], [ -47.914388, -7.672996 ], [ -47.907557, -7.678326 ], [ -47.899611, -7.675741 ], [ -47.899701, -7.681578 ], [ -47.894143, -7.685088 ], [ -47.889422, -7.680147 ], [ -47.884193, -7.696466 ], [ -47.879316, -7.699737 ], [ -47.878951, -7.709781 ], [ -47.870166, -7.714234 ], [ -47.872122, -7.725647 ], [ -47.867283, -7.726766 ], [ -47.865694, -7.731374 ], [ -47.855361, -7.726729 ], [ -47.849003, -7.735066 ], [ -47.839443, -7.734179 ], [ -47.839607, -7.749016 ], [ -47.84887, -7.760472 ], [ -47.836002, -7.760579 ], [ -47.82895, -7.767532 ], [ -47.865498, -7.779506 ], [ -47.900351, -7.797276 ], [ -47.906615, -7.810341 ], [ -47.909783, -7.843847 ], [ -47.919413, -7.859925 ], [ -47.938465, -7.872575 ], [ -47.936875, -7.904225 ], [ -47.953198, -7.926072 ], [ -47.935997, -7.932085 ], [ -47.94071, -7.944697 ], [ -47.945499, -7.944467 ], [ -47.945393, -7.946905 ], [ -47.930949, -7.950234 ], [ -47.937119, -7.960038 ], [ -47.926252, -7.968018 ], [ -47.923341, -7.982731 ], [ -47.910928, -7.97867 ], [ -47.898726, -7.982903 ], [ -47.905281, -7.993898 ], [ -47.907297, -8.009048 ], [ -47.905484, -8.014063 ], [ -47.89661, -8.01084 ], [ -47.888361, -8.013571 ], [ -47.888312, -8.022992 ], [ -47.893885, -8.027363 ], [ -47.886448, -8.049747 ], [ -47.8965, -8.060037 ], [ -47.891474, -8.066629 ], [ -47.884249, -8.068619 ], [ -47.882861, -8.074711 ], [ -47.887728, -8.085881 ], [ -47.898169, -8.091738 ], [ -47.894281, -8.101383 ], [ -47.898471, -8.108587 ], [ -47.890463, -8.113771 ], [ -47.898314, -8.125079 ], [ -47.892892, -8.134923 ], [ -47.900577, -8.140092 ], [ -47.897057, -8.153252 ], [ -47.901248, -8.165132 ], [ -47.90142, -8.168982 ], [ -47.909781, -8.175945 ], [ -47.902551, -8.180925 ], [ -47.894528, -8.178762 ], [ -47.884285, -8.20118 ], [ -47.884111, -8.211241 ], [ -47.889049, -8.212897 ], [ -47.89472, -8.209299 ], [ -47.897583, -8.218771 ], [ -47.89286, -8.225986 ], [ -47.885392, -8.225362 ], [ -47.877766, -8.231263 ], [ -47.871694, -8.220549 ], [ -47.864891, -8.221535 ], [ -47.861552, -8.229584 ], [ -47.87131, -8.240209 ], [ -47.872357, -8.245756 ], [ -47.848554, -8.269495 ], [ -47.850337, -8.28615 ], [ -47.839365, -8.290539 ], [ -47.835337, -8.286783 ], [ -47.833057, -8.288625 ], [ -47.835614, -8.302188 ], [ -47.831674, -8.307486 ], [ -47.838831, -8.320355 ], [ -47.83652, -8.325379 ], [ -47.831666, -8.328058 ], [ -47.820099, -8.319424 ], [ -47.806788, -8.323924 ], [ -47.817412, -8.330773 ], [ -47.821471, -8.341956 ], [ -47.815916, -8.342096 ], [ -47.811581, -8.337913 ], [ -47.796138, -8.340563 ], [ -47.792205, -8.345485 ], [ -47.792837, -8.352107 ], [ -47.785449, -8.357637 ], [ -47.789884, -8.364645 ], [ -47.787224, -8.367671 ], [ -47.793682, -8.384384 ], [ -47.787111, -8.389325 ], [ -47.782625, -8.38609 ], [ -47.77583, -8.383308 ], [ -47.77016, -8.385712 ], [ -47.764805, -8.388912 ], [ -47.764, -8.395775 ], [ -47.744139, -8.408884 ], [ -47.740958, -8.422939 ], [ -47.713759, -8.452294 ], [ -47.703534, -8.452166 ], [ -47.704389, -8.455415 ], [ -47.696772, -8.458222 ], [ -47.681697, -8.452249 ], [ -47.677369, -8.456102 ], [ -47.674306, -8.450978 ], [ -47.661233, -8.453674 ], [ -47.660959, -8.45026 ], [ -47.652578, -8.446708 ], [ -47.643692, -8.449177 ], [ -47.642245, -8.444412 ], [ -47.626064, -8.434166 ], [ -47.623119, -8.440093 ], [ -47.613593, -8.435669 ], [ -47.587181, -8.449066 ], [ -47.572999, -8.449751 ], [ -47.570719, -8.458397 ], [ -47.563007, -8.463053 ], [ -47.554446, -8.467328 ], [ -47.550137, -8.472321 ], [ -47.541889, -8.468349 ], [ -47.532731, -8.4792 ], [ -47.529637, -8.463322 ], [ -47.518362, -8.463545 ], [ -47.503729, -8.458286 ], [ -47.500756, -8.46122 ], [ -47.49474, -8.456288 ], [ -47.497279, -8.46098 ], [ -47.492359, -8.469957 ], [ -47.477341, -8.476772 ], [ -47.476862, -8.484026 ], [ -47.463392, -8.483577 ], [ -47.457202, -8.488108 ], [ -47.448915, -8.490835 ], [ -47.444103, -8.488117 ], [ -47.437978, -8.492561 ], [ -47.434234, -8.484224 ], [ -47.421109, -8.482044 ], [ -47.412541, -8.487522 ], [ -47.404891, -8.483405 ], [ -47.402092, -8.476246 ], [ -47.392064, -8.483047 ], [ -47.384945, -8.479064 ], [ -47.378749, -8.48178 ], [ -47.36744, -8.479966 ], [ -47.363525, -8.475525 ], [ -47.354059, -8.475164 ], [ -47.347944, -8.467823 ], [ -47.340112, -8.47916 ], [ -47.327276, -8.472898 ], [ -47.317611, -8.474895 ], [ -47.306866, -8.470993 ], [ -47.305032, -8.458093 ], [ -47.295558, -8.454122 ], [ -47.262784, -8.46745 ], [ -47.251017, -8.479105 ], [ -47.238202, -8.485322 ], [ -47.239722, -8.474069 ], [ -47.226867, -8.473244 ], [ -47.220666, -8.461274 ], [ -47.212672, -8.457283 ], [ -47.208473, -8.458459 ], [ -47.20683, -8.445479 ], [ -47.212083, -8.446818 ], [ -47.21314, -8.442805 ], [ -47.197002, -8.426788 ], [ -47.203276, -8.421079 ], [ -47.186237, -8.415616 ], [ -47.179528, -8.4032 ], [ -47.166221, -8.393399 ], [ -47.153443, -8.411985 ], [ -47.149092, -8.423593 ], [ -47.12986, -8.432025 ], [ -47.124981, -8.441279 ], [ -47.121526, -8.460955 ], [ -47.116089, -8.459235 ], [ -47.106228, -8.472289 ], [ -47.1045, -8.466215 ], [ -47.094665, -8.470837 ], [ -47.092556, -8.475371 ], [ -47.080359, -8.474178 ], [ -47.070332, -8.470184 ], [ -47.067775, -8.463381 ], [ -47.061387, -8.464553 ], [ -47.055645, -8.470806 ], [ -47.056683, -8.475753 ], [ -47.048366, -8.480062 ], [ -47.04989, -8.485044 ], [ -47.043968, -8.493118 ], [ -47.039584, -8.493482 ], [ -47.037302, -8.49847 ], [ -47.033141, -8.494204 ], [ -47.030703, -8.502505 ], [ -47.015753, -8.494648 ], [ -46.990891, -8.50115 ], [ -46.980835, -8.496305 ], [ -46.958055, -8.499027 ], [ -46.95322, -8.490943 ], [ -46.948584, -8.50006 ], [ -46.943142, -8.50062 ], [ -46.940225, -8.505424 ], [ -46.937278, -8.501297 ], [ -46.926923, -8.508212 ], [ -46.913555, -8.510491 ], [ -46.901782, -8.516757 ], [ -46.896087, -8.515856 ], [ -46.886972, -8.521891 ], [ -46.884834, -8.528341 ], [ -46.868914, -8.526113 ], [ -46.846217, -8.531717 ], [ -46.845608, -8.533173 ], [ -46.851665, -8.536629 ], [ -46.853933, -8.54472 ], [ -46.859676, -8.544933 ], [ -46.857867, -8.551131 ], [ -46.86242, -8.558681 ], [ -46.875031, -8.554893 ], [ -46.872473, -8.562347 ], [ -46.876499, -8.563111 ], [ -46.874363, -8.567119 ], [ -46.878251, -8.565173 ], [ -46.878338, -8.572117 ], [ -46.88292, -8.566383 ], [ -46.888613, -8.576536 ], [ -46.892613, -8.570148 ], [ -46.893166, -8.578019 ], [ -46.897415, -8.576331 ], [ -46.897144, -8.583036 ], [ -46.901833, -8.585869 ], [ -46.898751, -8.587996 ], [ -46.900192, -8.591872 ], [ -46.906113, -8.592252 ], [ -46.913946, -8.586711 ], [ -46.912277, -8.591438 ], [ -46.915976, -8.595372 ], [ -46.910136, -8.595184 ], [ -46.90936, -8.59818 ], [ -46.905835, -8.595332 ], [ -46.900536, -8.59703 ], [ -46.897305, -8.60061 ], [ -46.903443, -8.603698 ], [ -46.89736, -8.605859 ], [ -46.904944, -8.608385 ], [ -46.901476, -8.612782 ], [ -46.904612, -8.615998 ], [ -46.907474, -8.613604 ], [ -46.906833, -8.619305 ], [ -46.911472, -8.618991 ], [ -46.911471, -8.62641 ], [ -46.916671, -8.632505 ], [ -46.911272, -8.63928 ], [ -46.915971, -8.648 ], [ -46.905753, -8.653935 ], [ -46.902195, -8.65281 ], [ -46.903472, -8.661306 ], [ -46.895273, -8.659334 ], [ -46.895809, -8.664856 ], [ -46.888751, -8.669382 ], [ -46.886526, -8.686083 ], [ -46.890333, -8.690826 ], [ -46.900197, -8.694045 ], [ -46.913945, -8.708176 ], [ -46.913612, -8.722037 ], [ -46.916834, -8.725704 ], [ -46.922138, -8.727268 ], [ -46.928174, -8.723014 ], [ -46.930821, -8.72618 ], [ -46.924445, -8.743814 ], [ -46.917525, -8.750878 ], [ -46.916889, -8.762034 ], [ -46.909168, -8.764125 ], [ -46.910858, -8.768365 ], [ -46.906945, -8.770756 ], [ -46.903807, -8.778152 ], [ -46.90253, -8.791754 ], [ -46.906138, -8.796149 ], [ -46.902383, -8.814128 ], [ -46.913253, -8.822412 ], [ -46.906862, -8.828018 ], [ -46.909387, -8.834868 ], [ -46.913859, -8.834812 ], [ -46.917664, -8.839289 ], [ -46.917891, -8.843269 ], [ -46.913028, -8.847418 ], [ -46.917723, -8.856587 ], [ -46.941134, -8.859071 ], [ -46.956467, -8.874081 ], [ -46.959304, -8.875042 ], [ -46.965138, -8.86726 ], [ -46.977691, -8.867361 ], [ -46.993165, -8.879832 ], [ -46.985645, -8.887986 ], [ -46.988521, -8.892211 ], [ -46.98372, -8.89445 ], [ -46.985974, -8.898317 ], [ -46.982364, -8.902531 ], [ -46.975198, -8.902629 ], [ -46.969865, -8.914084 ], [ -46.981966, -8.919564 ], [ -46.9835, -8.931494 ], [ -46.996636, -8.932226 ], [ -46.994253, -8.945118 ], [ -47.010831, -8.946196 ], [ -47.012586, -8.951899 ], [ -47.017855, -8.952527 ], [ -47.012754, -8.966394 ], [ -47.014945, -8.975908 ], [ -47.021138, -8.980071 ], [ -47.021137, -8.988232 ], [ -47.031365, -8.987958 ], [ -47.031364, -8.979526 ], [ -47.035276, -8.978535 ], [ -47.031999, -8.98587 ], [ -47.03845, -9.000547 ], [ -47.045635, -8.989484 ], [ -47.044212, -8.980825 ], [ -47.048687, -8.978408 ], [ -47.06044, -8.955215 ], [ -47.071637, -8.951595 ], [ -47.079377, -8.957626 ], [ -47.088507, -8.944354 ], [ -47.094876, -8.941701 ], [ -47.09669, -8.934971 ], [ -47.116741, -8.931237 ], [ -47.120719, -8.933211 ], [ -47.121087, -8.937835 ], [ -47.12931, -8.938193 ], [ -47.132665, -8.928593 ], [ -47.139862, -8.92225 ], [ -47.15389, -8.92442 ], [ -47.153055, -8.917445 ], [ -47.157167, -8.918257 ], [ -47.158363, -8.92432 ], [ -47.164189, -8.924318 ], [ -47.160363, -8.931118 ], [ -47.176665, -8.930744 ], [ -47.17915, -8.935622 ], [ -47.189604, -8.938166 ], [ -47.191891, -8.944782 ], [ -47.198275, -8.944415 ], [ -47.202002, -8.948124 ], [ -47.206201, -8.9491 ], [ -47.209008, -8.937163 ], [ -47.221301, -8.93843 ], [ -47.222779, -8.940779 ], [ -47.217302, -8.949752 ], [ -47.22194, -8.945762 ], [ -47.223142, -8.951197 ], [ -47.236823, -8.959026 ], [ -47.241117, -8.969578 ], [ -47.23481, -8.974654 ], [ -47.240198, -8.980178 ], [ -47.245306, -8.977003 ], [ -47.248124, -8.982235 ], [ -47.239837, -8.987601 ], [ -47.245499, -8.995762 ], [ -47.246407, -9.004618 ], [ -47.238333, -9.01062 ], [ -47.228561, -8.994317 ], [ -47.225645, -8.99504 ], [ -47.224417, -9.003796 ], [ -47.23447, -9.007281 ], [ -47.231943, -9.014095 ], [ -47.248112, -9.015743 ], [ -47.251607, -9.021612 ], [ -47.250756, -9.031677 ], [ -47.258829, -9.043508 ], [ -47.248834, -9.051816 ], [ -47.252854, -9.054513 ], [ -47.253083, -9.06285 ], [ -47.246893, -9.064608 ], [ -47.252496, -9.070285 ], [ -47.257305, -9.083235 ], [ -47.256857, -9.088945 ], [ -47.251031, -9.088424 ], [ -47.254428, -9.100089 ], [ -47.253459, -9.109439 ], [ -47.259625, -9.107975 ], [ -47.264749, -9.11201 ], [ -47.256724, -9.115135 ], [ -47.259583, -9.12219 ], [ -47.256004, -9.13064 ], [ -47.26258, -9.135863 ], [ -47.258866, -9.139516 ], [ -47.271645, -9.14017 ], [ -47.266784, -9.150979 ], [ -47.259864, -9.156457 ], [ -47.265078, -9.160332 ], [ -47.260925, -9.182201 ], [ -47.2665, -9.186966 ], [ -47.269393, -9.198653 ], [ -47.264779, -9.204388 ], [ -47.28305, -9.21354 ], [ -47.282839, -9.220066 ], [ -47.289806, -9.228818 ], [ -47.276225, -9.233786 ], [ -47.286307, -9.23818 ], [ -47.29829, -9.252013 ], [ -47.33247, -9.256424 ], [ -47.335337, -9.26094 ], [ -47.330163, -9.268313 ], [ -47.33958, -9.273696 ], [ -47.346055, -9.287529 ], [ -47.361836, -9.285543 ], [ -47.357201, -9.270609 ], [ -47.361885, -9.265961 ], [ -47.369225, -9.267191 ], [ -47.374583, -9.263713 ], [ -47.383061, -9.249351 ], [ -47.406716, -9.238205 ], [ -47.424528, -9.237611 ], [ -47.432894, -9.232208 ], [ -47.453501, -9.248763 ], [ -47.462365, -9.249537 ], [ -47.466053, -9.243439 ], [ -47.495082, -9.258585 ], [ -47.496642, -9.262833 ], [ -47.520273, -9.254751 ], [ -47.528329, -9.260699 ], [ -47.529033, -9.265151 ], [ -47.517443, -9.274571 ], [ -47.516528, -9.286253 ], [ -47.532112, -9.301425 ], [ -47.561555, -9.315168 ], [ -47.598137, -9.301597 ], [ -47.605051, -9.308842 ], [ -47.606674, -9.319875 ], [ -47.614373, -9.326349 ], [ -47.620164, -9.331219 ], [ -47.634422, -9.327706 ], [ -47.638773, -9.329833 ], [ -47.641869, -9.347997 ], [ -47.647526, -9.354455 ], [ -47.653272, -9.354956 ], [ -47.667694, -9.341565 ], [ -47.682277, -9.333158 ], [ -47.694253, -9.330896 ], [ -47.709835, -9.330476 ], [ -47.715915, -9.3355 ], [ -47.723112, -9.335927 ], [ -47.727166, -9.333322 ], [ -47.723969, -9.318532 ], [ -47.7252, -9.314647 ], [ -47.735413, -9.314994 ], [ -47.739282, -9.333418 ], [ -47.74192, -9.334438 ], [ -47.75681, -9.330743 ], [ -47.764752, -9.320838 ], [ -47.788058, -9.323276 ], [ -47.80833, -9.319355 ], [ -47.818529, -9.310459 ], [ -47.816194, -9.320676 ], [ -47.825559, -9.334157 ], [ -47.851684, -9.352639 ], [ -47.862113, -9.349731 ], [ -47.877474, -9.33345 ], [ -47.891107, -9.340337 ], [ -47.902495, -9.339705 ], [ -47.904692, -9.339731 ], [ -47.909569, -9.32259 ], [ -47.924934, -9.317315 ], [ -47.935956, -9.305146 ], [ -47.95406, -9.328085 ], [ -47.962769, -9.329622 ], [ -47.965926, -9.335891 ], [ -47.984874, -9.349331 ], [ -47.98779, -9.357864 ], [ -47.98655, -9.371127 ], [ -47.998479, -9.386316 ], [ -48.036526, -9.395901 ], [ -48.065164, -9.389475 ], [ -48.078001, -9.376265 ], [ -48.077655, -9.395805 ], [ -48.074046, -9.405214 ], [ -48.078862, -9.418685 ], [ -48.094684, -9.422505 ], [ -48.110511, -9.436478 ], [ -48.157195, -9.448861 ], [ -48.163058, -9.451753 ], [ -48.16908, -9.443672 ], [ -48.187756, -9.436587 ], [ -48.194199, -9.42061 ], [ -48.19178, -9.402397 ], [ -48.196332, -9.38185 ], [ -48.199526, -9.380229 ], [ -48.205259, -9.361997 ], [ -48.20592, -9.350631 ], [ -48.21684, -9.344075 ], [ -48.217918, -9.33246 ], [ -48.222666, -9.334192 ], [ -48.226697, -9.32742 ], [ -48.232359, -9.32617 ], [ -48.235389, -9.329124 ], [ -48.241412, -9.326607 ], [ -48.247859, -9.323774 ], [ -48.257251, -9.328333 ], [ -48.258054, -9.336478 ], [ -48.262417, -9.335679 ], [ -48.266783, -9.343215 ], [ -48.272721, -9.343683 ], [ -48.27864, -9.340349 ], [ -48.285062, -9.330228 ], [ -48.290723, -9.330785 ], [ -48.287644, -9.3238 ], [ -48.299177, -9.324038 ], [ -48.305751, -9.309185 ], [ -48.31605, -9.304319 ], [ -48.322247, -9.304974 ], [ -48.324363, -9.308785 ], [ -48.334748, -9.304828 ], [ -48.336888, -9.298222 ], [ -48.347948, -9.286686 ], [ -48.334906, -9.247367 ], [ -48.31742, -9.221152 ], [ -48.312053, -9.185056 ], [ -48.282472, -9.135708 ], [ -48.29342, -9.132668 ], [ -48.298586, -9.140107 ], [ -48.306749, -9.127629 ], [ -48.330094, -9.129658 ], [ -48.339501, -9.115675 ], [ -48.346775, -9.118593 ], [ -48.350002, -9.110172 ], [ -48.344889, -9.109248 ], [ -48.345194, -9.099742 ], [ -48.347913, -9.101385 ], [ -48.350392, -9.097578 ], [ -48.346753, -9.095488 ], [ -48.353811, -9.086902 ], [ -48.351091, -9.081643 ], [ -48.355557, -9.074764 ], [ -48.364387, -9.076598 ], [ -48.367239, -9.074382 ], [ -48.373508, -9.066426 ], [ -48.359475, -9.022055 ], [ -48.364664, -8.975892 ], [ -48.380672, -8.972239 ], [ -48.39525, -8.974714 ], [ -48.455219, -8.93233 ], [ -48.459613, -8.931512 ], [ -48.500892, -8.952411 ], [ -48.546329, -8.968685 ], [ -48.549489, -8.975783 ], [ -48.546747, -8.986479 ], [ -48.55622, -8.997529 ], [ -48.559945, -8.995507 ], [ -48.559528, -8.986912 ], [ -48.566385, -8.987419 ], [ -48.572363, -8.994552 ], [ -48.600809, -8.995458 ], [ -48.619746, -9.009978 ], [ -48.630255, -9.007305 ], [ -48.635534, -9.001096 ], [ -48.64355, -9.006252 ], [ -48.651389, -9.005581 ], [ -48.659147, -8.996844 ], [ -48.662033, -9.007017 ] ] ] } },
{ "type": "Feature", "properties": { "HREG_ID": "17005", "HREG_NAME": "Ilha do Bananal", "id": "170035", "name": "Aliança do Tocantins", "description": "Aliança do Tocantins", "MUN_ID": "170035", "UF": "TO", "MACRO_ID": "1702", "MACRO_NAME": "Macrorregião Centro-Sul" }, "geometry": { "type": "Polygon", "coordinates": [ [ [ -49.234911, -12.893218 ], [ -49.249117, -12.902151 ], [ -49.246028, -12.91647 ], [ -49.252172, -12.931323 ], [ -49.256809, -12.934653 ], [ -49.257379, -12.941368 ], [ -49.262694, -12.939762 ], [ -49.267022, -12.944203 ], [ -49.27858, -12.968733 ], [ -49.279311, -12.976396 ], [ -49.275274, -12.980274 ], [ -49.278416, -12.988584 ], [ -49.283447, -12.991227 ], [ -49.300205, -13.022697 ], [ -49.321773, -13.051651 ], [ -49.337022, -13.065862 ], [ -49.353948, -13.102555 ], [ -49.353532, -13.110311 ], [ -49.344386, -13.116995 ], [ -49.341501, -13.126775 ], [ -49.352278, -13.143561 ], [ -49.354384, -13.153348 ], [ -49.344413, -13.17689 ], [ -49.34789, -13.189235 ], [ -49.344171, -13.203177 ], [ -49.348497, -13.213487 ], [ -49.33947, -13.234156 ], [ -49.339886, -13.253461 ], [ -49.369081, -13.274188 ], [ -49.431406, -13.240711 ], [ -49.529338, -13.187136 ], [ -49.79724, -13.035997 ], [ -49.896925, -12.980131 ], [ -49.908742, -12.973611 ], [ -49.911022, -12.966342 ], [ -49.938973, -12.956497 ], [ -49.952315, -12.959369 ], [ -49.978724, -12.93893 ], [ -49.989327, -12.945542 ], [ -50.002561, -12.933318 ], [ -50.017501, -12.928792 ], [ -50.038472, -12.934837 ], [ -50.044007, -12.933062 ], [ -50.049884, -12.922118 ], [ -50.070811, -12.917554 ], [ -50.078443, -12.90551 ], [ -50.103495, -12.907612 ], [ -50.109264, -12.910975 ], [ -50.126505, -12.904743 ], [ -50.149383, -12.902501 ], [ -50.160198, -12.893232 ], [ -50.17253, -12.896732 ], [ -50.176055, -12.891527 ], [ -50.180606, -12.891935 ], [ -50.182973, -12.896342 ], [ -50.195336, -12.890221 ], [ -50.199559, -12.883836 ], [ -50.204275, -12.88497 ], [ -50.210718, -12.875832 ], [ -50.212888, -12.877806 ], [ -50.224667, -12.87387 ], [ -50.224969, -12.861172 ], [ -50.231328, -12.858023 ], [ -50.231088, -12.853726 ], [ -50.23567, -12.857245 ], [ -50.241886, -12.852282 ], [ -50.250396, -12.85346 ], [ -50.250639, -12.849373 ], [ -50.263077, -12.847342 ], [ -50.261834, -12.844358 ], [ -50.271222, -12.84063 ], [ -50.275498, -12.843668 ], [ -50.282861, -12.840226 ], [ -50.284194, -12.843016 ], [ -50.286805, -12.836563 ], [ -50.292197, -12.839489 ], [ -50.294915, -12.828763 ], [ -50.301608, -12.823967 ], [ -50.301385, -12.819907 ], [ -50.304081, -12.821952 ], [ -50.30672, -12.819202 ], [ -50.305474, -12.805436 ], [ -50.310829, -12.79812 ], [ -50.30889, -12.788991 ], [ -50.30359, -12.785596 ], [ -50.306228, -12.766892 ], [ -50.295053, -12.753059 ], [ -50.301805, -12.745277 ], [ -50.296225, -12.742165 ], [ -50.297939, -12.73943 ], [ -50.288304, -12.73482 ], [ -50.283779, -12.717757 ], [ -50.296693, -12.710612 ], [ -50.299079, -12.705512 ], [ -50.295142, -12.704644 ], [ -50.293832, -12.695224 ], [ -50.296862, -12.691454 ], [ -50.299975, -12.68183 ], [ -50.294804, -12.675814 ], [ -50.292277, -12.688083 ], [ -50.290083, -12.682577 ], [ -50.28556, -12.681627 ], [ -50.280753, -12.68857 ], [ -50.277939, -12.677635 ], [ -50.272478, -12.682772 ], [ -50.266377, -12.682028 ], [ -50.27008, -12.67718 ], [ -50.263742, -12.663468 ], [ -50.269365, -12.654424 ], [ -50.259111, -12.645388 ], [ -50.261971, -12.637287 ], [ -50.256665, -12.634531 ], [ -50.254718, -12.624584 ], [ -50.248139, -12.630643 ], [ -50.236526, -12.623604 ], [ -50.245255, -12.596939 ], [ -50.237753, -12.579162 ], [ -50.234506, -12.577383 ], [ -50.231365, -12.584943 ], [ -50.226775, -12.586089 ], [ -50.207894, -12.572605 ], [ -50.203605, -12.563769 ], [ -50.192722, -12.563882 ], [ -50.197465, -12.555025 ], [ -50.203055, -12.553158 ], [ -50.205632, -12.553585 ], [ -50.205996, -12.561561 ], [ -50.211606, -12.561045 ], [ -50.213334, -12.547974 ], [ -50.222501, -12.543156 ], [ -50.228942, -12.533477 ], [ -50.219442, -12.517177 ], [ -50.217221, -12.488472 ], [ -50.214023, -12.48194 ], [ -50.204523, -12.476666 ], [ -50.204805, -12.465427 ], [ -50.196157, -12.458061 ], [ -50.1838, -12.454876 ], [ -50.179309, -12.439458 ], [ -50.164368, -12.436617 ], [ -50.159107, -12.430615 ], [ -50.157771, -12.411943 ], [ -50.142226, -12.395505 ], [ -50.171966, -12.408067 ], [ -50.170776, -12.419578 ], [ -50.174641, -12.423305 ], [ -50.184824, -12.422525 ], [ -50.188192, -12.420249 ], [ -50.188585, -12.413261 ], [ -50.196131, -12.412916 ], [ -50.197616, -12.419172 ], [ -50.186526, -12.423328 ], [ -50.183552, -12.431027 ], [ -50.19823, -12.431689 ], [ -50.211884, -12.436693 ], [ -50.215281, -12.440962 ], [ -50.207724, -12.442038 ], [ -50.207161, -12.448382 ], [ -50.222111, -12.445686 ], [ -50.229743, -12.45531 ], [ -50.253448, -12.461873 ], [ -50.26275, -12.477755 ], [ -50.274165, -12.481035 ], [ -50.280919, -12.478501 ], [ -50.289282, -12.487652 ], [ -50.307388, -12.493951 ], [ -50.324719, -12.50838 ], [ -50.318357, -12.508816 ], [ -50.312438, -12.516047 ], [ -50.31369, -12.521114 ], [ -50.329791, -12.514601 ], [ -50.334079, -12.519974 ], [ -50.330831, -12.535061 ], [ -50.346135, -12.533441 ], [ -50.345888, -12.542685 ], [ -50.359271, -12.541252 ], [ -50.365688, -12.547808 ], [ -50.358077, -12.553335 ], [ -50.366134, -12.554239 ], [ -50.369327, -12.559559 ], [ -50.366054, -12.57102 ], [ -50.370313, -12.575142 ], [ -50.381811, -12.576833 ], [ -50.386859, -12.589821 ], [ -50.39836, -12.60174 ], [ -50.390942, -12.606269 ], [ -50.392299, -12.613236 ], [ -50.406718, -12.614252 ], [ -50.418196, -12.624176 ], [ -50.411252, -12.64575 ], [ -50.412888, -12.649714 ], [ -50.41806, -12.651205 ], [ -50.426915, -12.642036 ], [ -50.440415, -12.652846 ], [ -50.438083, -12.657679 ], [ -50.432361, -12.649579 ], [ -50.427498, -12.65254 ], [ -50.43655, -12.660869 ], [ -50.431948, -12.668803 ], [ -50.436389, -12.677644 ], [ -50.432107, -12.68957 ], [ -50.439416, -12.697555 ], [ -50.461328, -12.693852 ], [ -50.463943, -12.703069 ], [ -50.47761, -12.709524 ], [ -50.478333, -12.715859 ], [ -50.467667, -12.720879 ], [ -50.465773, -12.731061 ], [ -50.467855, -12.735664 ], [ -50.481939, -12.738848 ], [ -50.485558, -12.748144 ], [ -50.482749, -12.752169 ], [ -50.471473, -12.751847 ], [ -50.468079, -12.754972 ], [ -50.477024, -12.759854 ], [ -50.475307, -12.771663 ], [ -50.48422, -12.775544 ], [ -50.493418, -12.785231 ], [ -50.484385, -12.811534 ], [ -50.490695, -12.813631 ], [ -50.493725, -12.818948 ], [ -50.490612, -12.82841 ], [ -50.495025, -12.8416 ], [ -50.510827, -12.860378 ], [ -50.512637, -12.844215 ], [ -50.519885, -12.835968 ], [ -50.531529, -12.843195 ], [ -50.566498, -12.842997 ], [ -50.59739, -12.826349 ], [ -50.600194, -12.818458 ], [ -50.583241, -12.809317 ], [ -50.578608, -12.802287 ], [ -50.584076, -12.799351 ], [ -50.602856, -12.800036 ], [ -50.613052, -12.817976 ], [ -50.61766, -12.821176 ], [ -50.622275, -12.81931 ], [ -50.626115, -12.811453 ], [ -50.624902, -12.799593 ], [ -50.611309, -12.775471 ], [ -50.614387, -12.771226 ], [ -50.629799, -12.775643 ], [ -50.635537, -12.771435 ], [ -50.62675, -12.760468 ], [ -50.622505, -12.734213 ], [ -50.636753, -12.719356 ], [ -50.629669, -12.704105 ], [ -50.632748, -12.70112 ], [ -50.644665, -12.701814 ], [ -50.654309, -12.678754 ], [ -50.654421, -12.67307 ], [ -50.645892, -12.663368 ], [ -50.646472, -12.650696 ], [ -50.655747, -12.645568 ], [ -50.682067, -12.647423 ], [ -50.699231, -12.64735 ], [ -50.700689, -12.623778 ], [ -50.705688, -12.613094 ], [ -50.703665, -12.599375 ], [ -50.699608, -12.59472 ], [ -50.689444, -12.592962 ], [ -50.673416, -12.599695 ], [ -50.667525, -12.595584 ], [ -50.668972, -12.58034 ], [ -50.686021, -12.568779 ], [ -50.677136, -12.551683 ], [ -50.663253, -12.537009 ], [ -50.659141, -12.505663 ], [ -50.645563, -12.481687 ], [ -50.652582, -12.45965 ], [ -50.641806, -12.452079 ], [ -50.626729, -12.45799 ], [ -50.623117, -12.45486 ], [ -50.617799, -12.428568 ], [ -50.621847, -12.422388 ], [ -50.632219, -12.41668 ], [ -50.626416, -12.383608 ], [ -50.631834, -12.366391 ], [ -50.643847, -12.347245 ], [ -50.63736, -12.324863 ], [ -50.643115, -12.318531 ], [ -50.648459, -12.298666 ], [ -50.629083, -12.280547 ], [ -50.629881, -12.27146 ], [ -50.649498, -12.248702 ], [ -50.643253, -12.222542 ], [ -50.654976, -12.217784 ], [ -50.678221, -12.218427 ], [ -50.686415, -12.201731 ], [ -50.678725, -12.187655 ], [ -50.678579, -12.154912 ], [ -50.6699, -12.13718 ], [ -50.675573, -12.123473 ], [ -50.666821, -12.080747 ], [ -50.667166, -12.064138 ], [ -50.686141, -12.044711 ], [ -50.68662, -12.035212 ], [ -50.677393, -12.019092 ], [ -50.683612, -12.010407 ], [ -50.681782, -11.990466 ], [ -50.656378, -11.966428 ], [ -50.65428, -11.947565 ], [ -50.66744, -11.927346 ], [ -50.658659, -11.913897 ], [ -50.640115, -11.902269 ], [ -50.638832, -11.884145 ], [ -50.664917, -11.864037 ], [ -50.682193, -11.862482 ], [ -50.685848, -11.858575 ], [ -50.687589, -11.82462 ], [ -50.700131, -11.803046 ], [ -50.707405, -11.767814 ], [ -50.713522, -11.756995 ], [ -50.721586, -11.739279 ], [ -50.721135, -11.731293 ], [ -50.692025, -11.700711 ], [ -50.673613, -11.692256 ], [ -50.663247, -11.677107 ], [ -50.661695, -11.668046 ], [ -50.662394, -11.646489 ], [ -50.664166, -11.626192 ], [ -50.657728, -11.616162 ], [ -50.657018, -11.592387 ], [ -50.669631, -11.581167 ], [ -50.668059, -11.580871 ], [ -50.277397, -11.507079 ], [ -50.019975, -11.456565 ], [ -50.019384, -11.456449 ], [ -49.872978, -11.427847 ], [ -49.688115, -11.391634 ], [ -49.677459, -11.389543 ], [ -49.681054, -11.379158 ], [ -49.697833, -11.362692 ], [ -49.693449, -11.357939 ], [ -49.698116, -11.351636 ], [ -49.707804, -11.356056 ], [ -49.709587, -11.353982 ], [ -49.703113, -11.345952 ], [ -49.706386, -11.337825 ], [ -49.713308, -11.335428 ], [ -49.719698, -11.338825 ], [ -49.726273, -11.320111 ], [ -49.725025, -11.31538 ], [ -49.734781, -11.314091 ], [ -49.727918, -11.300082 ], [ -49.73697, -11.2938 ], [ -49.734832, -11.284716 ], [ -49.741916, -11.284401 ], [ -49.739884, -11.271966 ], [ -49.745472, -11.273731 ], [ -49.747251, -11.282268 ], [ -49.751112, -11.282027 ], [ -49.749168, -11.271313 ], [ -49.743416, -11.265468 ], [ -49.751526, -11.263167 ], [ -49.751391, -11.259811 ], [ -49.742277, -11.259923 ], [ -49.755753, -11.250957 ], [ -49.76284, -11.25192 ], [ -49.749583, -11.243291 ], [ -49.761196, -11.23903 ], [ -49.751499, -11.230071 ], [ -49.752557, -11.226535 ], [ -49.760083, -11.227139 ], [ -49.760753, -11.223433 ], [ -49.748634, -11.221878 ], [ -49.76122, -11.20847 ], [ -49.765006, -11.207676 ], [ -49.769112, -11.21161 ], [ -49.764173, -11.199813 ], [ -49.756305, -11.203989 ], [ -49.765465, -11.19453 ], [ -49.760168, -11.190138 ], [ -49.75831, -11.181327 ], [ -49.767245, -11.164345 ], [ -49.76497, -11.162152 ], [ -49.758614, -11.164829 ], [ -49.764915, -11.159075 ], [ -49.769916, -11.139976 ], [ -49.77697, -11.13205 ], [ -49.782663, -11.131631 ], [ -49.783862, -11.11759 ], [ -49.791749, -11.121453 ], [ -49.801089, -11.112725 ], [ -49.803164, -11.101861 ], [ -49.822056, -11.09383 ], [ -49.818222, -11.079295 ], [ -49.81419, -11.076003 ], [ -49.816943, -11.063957 ], [ -49.828192, -11.045001 ], [ -49.815916, -11.043273 ], [ -49.815777, -11.049987 ], [ -49.81336, -11.05296 ], [ -49.810723, -11.051305 ], [ -49.810525, -11.044469 ], [ -49.823197, -11.02537 ], [ -49.816614, -11.011446 ], [ -49.807444, -11.009032 ], [ -49.807329, -11.00009 ], [ -49.798757, -10.996622 ], [ -49.794116, -10.989313 ], [ -49.795112, -10.976367 ], [ -49.788527, -10.97173 ], [ -49.782857, -10.953328 ], [ -49.778329, -10.948793 ], [ -49.783363, -10.938464 ], [ -49.76066, -10.918029 ], [ -49.764973, -10.908712 ], [ -49.758169, -10.902734 ], [ -49.729863, -10.907408 ], [ -49.72734, -10.915903 ], [ -49.718057, -10.922805 ], [ -49.717003, -10.917381 ], [ -49.709834, -10.915353 ], [ -49.713251, -10.913171 ], [ -49.709528, -10.908568 ], [ -49.702892, -10.91146 ], [ -49.691761, -10.926562 ], [ -49.686367, -10.918117 ], [ -49.677473, -10.92166 ], [ -49.66528, -10.914812 ], [ -49.647085, -10.923287 ], [ -49.642587, -10.921412 ], [ -49.630807, -10.928473 ], [ -49.620583, -10.911361 ], [ -49.60421, -10.910442 ], [ -49.584, -10.897222 ], [ -49.574613, -10.882535 ], [ -49.576421, -10.864813 ], [ -49.569448, -10.855656 ], [ -49.570915, -10.850846 ], [ -49.559311, -10.842401 ], [ -49.561551, -10.833608 ], [ -49.554892, -10.827303 ], [ -49.55216, -10.834558 ], [ -49.542799, -10.83171 ], [ -49.527304, -10.838577 ], [ -49.521524, -10.834361 ], [ -49.512858, -10.837611 ], [ -49.501589, -10.828306 ], [ -49.500474, -10.822459 ], [ -49.494689, -10.821839 ], [ -49.483886, -10.815672 ], [ -49.465497, -10.816257 ], [ -49.453192, -10.804758 ], [ -49.443151, -10.803509 ], [ -49.434057, -10.796633 ], [ -49.424417, -10.782693 ], [ -49.419862, -10.783959 ], [ -49.404027, -10.777323 ], [ -49.388832, -10.759291 ], [ -49.374725, -10.752385 ], [ -49.367419, -10.759599 ], [ -49.359247, -10.748749 ], [ -49.338633, -10.740606 ], [ -49.324998, -10.741453 ], [ -49.325468, -10.738012 ], [ -49.32044, -10.738819 ], [ -49.31633, -10.747905 ], [ -49.306809, -10.746437 ], [ -49.300165, -10.751384 ], [ -49.295472, -10.749332 ], [ -49.286466, -10.758239 ], [ -49.280973, -10.754457 ], [ -49.274054, -10.758763 ], [ -49.24297, -10.755105 ], [ -49.234392, -10.76154 ], [ -49.227031, -10.761583 ], [ -49.214387, -10.776015 ], [ -49.205913, -10.797117 ], [ -49.185361, -10.804572 ], [ -49.17759, -10.796996 ], [ -49.164939, -10.800691 ], [ -49.155949, -10.79342 ], [ -49.139878, -10.813591 ], [ -49.133033, -10.808101 ], [ -49.127628, -10.812849 ], [ -49.109308, -10.81497 ], [ -49.104361, -10.807658 ], [ -49.093613, -10.809908 ], [ -49.090668, -10.806054 ], [ -49.084993, -10.813416 ], [ -49.075025, -10.816147 ], [ -49.071554, -10.810291 ], [ -49.06169, -10.809636 ], [ -49.050362, -10.793735 ], [ -49.038608, -10.791844 ], [ -49.03533, -10.783091 ], [ -49.028033, -10.779218 ], [ -49.021158, -10.780395 ], [ -49.011595, -10.785444 ], [ -49.007582, -10.812229 ], [ -48.997557, -10.841971 ], [ -48.980091, -10.843122 ], [ -48.89825, -10.844214 ], [ -48.886668, -10.850327 ], [ -48.879141, -10.872323 ], [ -48.868331, -10.890311 ], [ -48.871249, -10.917424 ], [ -48.857725, -10.927064 ], [ -48.851612, -10.939364 ], [ -48.856026, -10.957594 ], [ -48.853117, -10.967267 ], [ -48.854091, -10.993675 ], [ -48.840786, -11.005642 ], [ -48.838596, -11.024017 ], [ -48.829725, -11.051063 ], [ -48.841583, -11.078842 ], [ -48.857168, -11.097912 ], [ -48.857053, -11.104472 ], [ -48.853972, -11.108299 ], [ -48.849611, -11.104418 ], [ -48.839446, -11.108648 ], [ -48.829612, -11.107786 ], [ -48.820913, -11.117183 ], [ -48.815666, -11.115302 ], [ -48.816872, -11.119571 ], [ -48.812307, -11.120406 ], [ -48.811806, -11.12848 ], [ -48.808413, -11.130216 ], [ -48.803056, -11.125166 ], [ -48.798861, -11.133537 ], [ -48.793608, -11.132476 ], [ -48.789138, -11.137128 ], [ -48.783332, -11.136243 ], [ -48.78222, -11.130167 ], [ -48.777332, -11.127567 ], [ -48.767614, -11.130422 ], [ -48.762692, -11.123638 ], [ -48.749749, -11.141855 ], [ -48.740916, -11.138721 ], [ -48.735055, -11.14664 ], [ -48.719055, -11.124761 ], [ -48.714637, -11.124601 ], [ -48.709885, -11.131706 ], [ -48.710228, -11.147926 ], [ -48.716851, -11.164011 ], [ -48.712084, -11.16951 ], [ -48.695578, -11.175207 ], [ -48.687969, -11.189801 ], [ -48.674417, -11.184244 ], [ -48.663309, -11.186186 ], [ -48.656469, -11.181611 ], [ -48.645357, -11.188381 ], [ -48.651106, -11.198909 ], [ -48.644751, -11.214967 ], [ -48.647002, -11.225704 ], [ -48.636361, -11.262376 ], [ -48.630445, -11.266693 ], [ -48.629476, -11.278487 ], [ -48.601449, -11.275831 ], [ -48.600832, -11.283271 ], [ -48.596999, -11.286284 ], [ -48.592029, -11.285211 ], [ -48.583199, -11.303219 ], [ -48.570419, -11.307083 ], [ -48.565672, -11.313452 ], [ -48.565811, -11.326065 ], [ -48.547971, -11.349183 ], [ -48.547612, -11.369512 ], [ -48.542086, -11.382931 ], [ -48.527834, -11.389731 ], [ -48.51289, -11.391051 ], [ -48.501413, -11.385382 ], [ -48.478529, -11.362923 ], [ -48.457386, -11.300938 ], [ -48.450862, -11.318673 ], [ -48.432697, -11.349137 ], [ -48.426219, -11.355175 ], [ -48.398584, -11.367846 ], [ -48.386054, -11.365693 ], [ -48.374938, -11.395021 ], [ -48.366503, -11.399927 ], [ -48.363831, -11.40849 ], [ -48.342441, -11.425189 ], [ -48.341387, -11.431055 ], [ -48.358802, -11.441927 ], [ -48.355525, -11.450199 ], [ -48.33897, -11.463101 ], [ -48.335625, -11.472887 ], [ -48.31769, -11.482888 ], [ -48.30558, -11.482544 ], [ -48.298529, -11.48902 ], [ -48.293529, -11.496067 ], [ -48.289144, -11.525649 ], [ -48.287053, -11.532794 ], [ -48.253826, -11.545799 ], [ -48.240003, -11.570264 ], [ -48.231327, -11.574292 ], [ -48.219578, -11.58639 ], [ -48.212456, -11.58888 ], [ -48.199645, -11.577794 ], [ -48.187279, -11.585259 ], [ -48.179193, -11.594365 ], [ -48.178485, -11.601252 ], [ -48.163811, -11.621694 ], [ -48.158495, -11.635119 ], [ -48.155301, -11.65315 ], [ -48.161669, -11.652938 ], [ -48.162696, -11.65593 ], [ -48.158167, -11.661153 ], [ -48.144721, -11.663335 ], [ -48.145664, -11.67514 ], [ -48.154263, -11.687499 ], [ -48.153726, -11.691391 ], [ -48.137689, -11.708735 ], [ -48.121025, -11.710187 ], [ -48.115666, -11.715122 ], [ -48.097775, -11.716216 ], [ -48.088835, -11.722915 ], [ -48.089335, -11.726675 ], [ -48.093001, -11.726732 ], [ -48.093613, -11.737327 ], [ -48.09966, -11.743151 ], [ -48.089554, -11.744745 ], [ -48.080306, -11.753614 ], [ -48.082277, -11.769074 ], [ -48.077998, -11.773723 ], [ -48.070704, -11.776798 ], [ -48.068767, -11.772029 ], [ -48.060052, -11.77205 ], [ -48.054836, -11.778957 ], [ -48.039443, -11.782254 ], [ -48.041364, -11.786132 ], [ -48.038969, -11.787471 ], [ -48.020217, -11.775389 ], [ -48.017109, -11.779827 ], [ -48.00833, -11.780121 ], [ -48.013333, -11.791864 ], [ -48.004912, -11.792524 ], [ -48.005556, -11.801641 ], [ -48.00025, -11.802655 ], [ -47.997895, -11.819383 ], [ -47.990439, -11.821949 ], [ -47.984772, -11.83198 ], [ -47.973752, -11.832372 ], [ -47.949586, -11.846817 ], [ -47.948493, -11.852569 ], [ -47.92531, -11.85855 ], [ -47.903217, -11.866424 ], [ -47.892752, -11.864355 ], [ -47.875467, -11.871611 ], [ -47.868107, -11.880491 ], [ -47.865196, -11.893987 ], [ -47.855943, -11.902996 ], [ -47.855062, -11.90962 ], [ -47.851884, -11.917629 ], [ -47.857856, -11.938972 ], [ -47.846917, -11.94396 ], [ -47.844641, -11.95202 ], [ -47.855614, -11.970282 ], [ -47.856753, -11.992553 ], [ -47.870387, -12.0126 ], [ -47.871859, -12.022172 ], [ -47.859664, -12.029253 ], [ -47.857276, -12.047493 ], [ -47.841906, -12.077784 ], [ -47.83631, -12.083452 ], [ -47.832221, -12.083107 ], [ -47.823786, -12.072864 ], [ -47.816174, -12.073599 ], [ -47.813732, -12.065422 ], [ -47.799638, -12.062355 ], [ -47.795178, -12.056557 ], [ -47.77636, -12.052143 ], [ -47.766847, -12.041299 ], [ -47.76808, -12.048853 ], [ -47.759577, -12.063676 ], [ -47.761778, -12.08205 ], [ -47.766389, -12.092431 ], [ -47.776001, -12.093131 ], [ -47.779052, -12.100194 ], [ -47.789966, -12.106561 ], [ -47.805635, -12.12554 ], [ -47.807977, -12.133612 ], [ -47.799254, -12.144029 ], [ -47.79919, -12.153029 ], [ -47.804939, -12.155082 ], [ -47.814046, -12.174481 ], [ -47.811088, -12.18372 ], [ -47.814274, -12.198718 ], [ -47.812029, -12.209568 ], [ -47.821941, -12.21841 ], [ -47.832802, -12.218099 ], [ -47.856331, -12.212452 ], [ -47.868886, -12.225478 ], [ -47.869804, -12.242433 ], [ -47.88036, -12.241078 ], [ -47.881167, -12.219574 ], [ -47.855057, -12.205514 ], [ -47.854663, -12.189993 ], [ -47.841413, -12.164501 ], [ -47.855334, -12.155277 ], [ -47.849145, -12.136461 ], [ -47.853054, -12.1314 ], [ -47.852276, -12.124837 ], [ -47.848944, -12.123169 ], [ -47.851887, -12.11669 ], [ -47.8673, -12.119988 ], [ -47.871966, -12.114812 ], [ -47.868389, -12.108266 ], [ -47.871412, -12.099826 ], [ -47.875997, -12.098541 ], [ -47.880269, -12.090296 ], [ -47.883273, -12.087579 ], [ -47.891768, -12.088304 ], [ -47.902698, -12.079594 ], [ -47.906997, -12.080423 ], [ -47.911499, -12.073957 ], [ -47.908307, -12.070838 ], [ -47.910135, -12.066453 ], [ -47.92264, -12.067371 ], [ -47.930215, -12.056278 ], [ -47.941915, -12.049632 ], [ -47.950051, -12.05094 ], [ -47.951802, -12.055204 ], [ -47.978169, -12.052618 ], [ -47.988755, -12.060545 ], [ -47.996127, -12.054763 ], [ -47.996132, -12.050851 ], [ -48.006502, -12.044707 ], [ -48.022442, -12.042844 ], [ -48.033588, -12.038037 ], [ -48.036739, -12.041974 ], [ -48.031107, -12.042442 ], [ -48.030887, -12.051137 ], [ -48.038161, -12.063469 ], [ -48.045112, -12.060856 ], [ -48.046525, -12.064223 ], [ -48.054471, -12.063438 ], [ -48.05831, -12.053248 ], [ -48.066213, -12.053818 ], [ -48.079559, -12.073127 ], [ -48.087612, -12.076053 ], [ -48.093447, -12.074412 ], [ -48.104466, -12.082543 ], [ -48.11094, -12.081005 ], [ -48.110945, -12.085898 ], [ -48.115729, -12.087234 ], [ -48.11436, -12.092289 ], [ -48.115637, -12.10469 ], [ -48.120787, -12.111474 ], [ -48.118801, -12.117706 ], [ -48.100609, -12.1289 ], [ -48.113047, -12.153058 ], [ -48.112738, -12.138658 ], [ -48.122579, -12.136331 ], [ -48.137333, -12.152374 ], [ -48.14308, -12.152383 ], [ -48.151515, -12.160136 ], [ -48.150276, -12.173762 ], [ -48.156412, -12.181026 ], [ -48.149719, -12.197009 ], [ -48.158302, -12.208329 ], [ -48.170307, -12.192695 ], [ -48.16972, -12.185601 ], [ -48.186751, -12.184354 ], [ -48.195695, -12.184286 ], [ -48.199388, -12.176379 ], [ -48.210882, -12.170034 ], [ -48.221304, -12.169726 ], [ -48.221333, -12.160731 ], [ -48.242002, -12.17381 ], [ -48.254244, -12.176317 ], [ -48.260498, -12.172845 ], [ -48.265057, -12.179522 ], [ -48.263998, -12.188682 ], [ -48.272507, -12.209933 ], [ -48.288361, -12.20841 ], [ -48.289277, -12.216337 ], [ -48.281895, -12.2249 ], [ -48.289674, -12.24908 ], [ -48.303887, -12.257855 ], [ -48.303583, -12.269952 ], [ -48.311581, -12.269986 ], [ -48.262013, -12.309455 ], [ -48.254691, -12.319753 ], [ -48.258051, -12.343647 ], [ -48.256327, -12.354755 ], [ -48.251865, -12.363671 ], [ -48.232639, -12.379355 ], [ -48.231191, -12.38983 ], [ -48.243772, -12.41956 ], [ -48.264442, -12.437894 ], [ -48.267356, -12.44691 ], [ -48.255551, -12.45853 ], [ -48.236329, -12.462335 ], [ -48.223244, -12.46043 ], [ -48.211281, -12.46607 ], [ -48.206052, -12.4765 ], [ -48.211555, -12.484315 ], [ -48.232353, -12.493743 ], [ -48.236577, -12.500913 ], [ -48.228671, -12.525614 ], [ -48.230914, -12.533284 ], [ -48.239658, -12.542767 ], [ -48.253341, -12.550018 ], [ -48.288307, -12.560014 ], [ -48.288303, -12.567536 ], [ -48.255415, -12.589595 ], [ -48.252997, -12.594413 ], [ -48.254853, -12.598929 ], [ -48.268604, -12.597372 ], [ -48.274685, -12.600981 ], [ -48.271411, -12.632973 ], [ -48.287723, -12.650969 ], [ -48.290725, -12.657006 ], [ -48.289577, -12.668299 ], [ -48.284664, -12.677549 ], [ -48.273523, -12.682903 ], [ -48.249434, -12.684654 ], [ -48.245998, -12.67813 ], [ -48.242691, -12.679045 ], [ -48.240022, -12.684295 ], [ -48.24197, -12.698698 ], [ -48.254827, -12.717891 ], [ -48.267749, -12.725034 ], [ -48.269518, -12.739352 ], [ -48.260318, -12.746976 ], [ -48.239893, -12.740957 ], [ -48.224072, -12.749453 ], [ -48.22553, -12.763229 ], [ -48.2354, -12.776617 ], [ -48.240474, -12.792654 ], [ -48.240247, -12.806424 ], [ -48.232648, -12.827954 ], [ -48.227892, -12.833451 ], [ -48.216997, -12.835544 ], [ -48.210358, -12.840985 ], [ -48.201801, -12.859745 ], [ -48.19653, -12.863745 ], [ -48.194651, -12.874149 ], [ -48.189276, -12.90687 ], [ -48.177552, -12.916391 ], [ -48.181995, -12.925348 ], [ -48.181326, -12.931968 ], [ -48.169497, -12.948315 ], [ -48.16308, -12.961704 ], [ -48.158614, -12.963919 ], [ -48.147354, -12.969503 ], [ -48.139331, -12.988072 ], [ -48.148521, -13.009316 ], [ -48.142303, -13.02511 ], [ -48.152749, -13.051795 ], [ -48.150301, -13.061681 ], [ -48.142494, -13.070952 ], [ -48.138306, -13.087278 ], [ -48.127913, -13.101546 ], [ -48.139524, -13.118355 ], [ -48.139331, -13.1362 ], [ -48.146215, -13.151579 ], [ -48.157519, -13.156522 ], [ -48.162053, -13.153692 ], [ -48.164942, -13.157492 ], [ -48.173498, -13.14767 ], [ -48.183325, -13.155333 ], [ -48.190166, -13.154038 ], [ -48.185909, -13.156408 ], [ -48.196463, -13.16316 ], [ -48.193187, -13.172149 ], [ -48.211134, -13.173703 ], [ -48.216467, -13.168154 ], [ -48.224718, -13.173289 ], [ -48.231443, -13.167736 ], [ -48.238443, -13.180017 ], [ -48.245019, -13.184069 ], [ -48.242442, -13.186983 ], [ -48.24675, -13.191694 ], [ -48.250452, -13.196559 ], [ -48.262299, -13.196804 ], [ -48.264998, -13.204557 ], [ -48.268219, -13.202377 ], [ -48.279603, -13.206219 ], [ -48.276081, -13.199072 ], [ -48.280135, -13.199234 ], [ -48.284598, -13.205462 ], [ -48.287471, -13.203556 ], [ -48.288357, -13.21515 ], [ -48.292686, -13.214947 ], [ -48.292166, -13.219119 ], [ -48.30855, -13.226487 ], [ -48.306358, -13.228031 ], [ -48.310253, -13.231913 ], [ -48.305908, -13.233742 ], [ -48.309487, -13.234473 ], [ -48.316191, -13.234151 ], [ -48.317079, -13.229527 ], [ -48.328022, -13.2321 ], [ -48.341688, -13.227966 ], [ -48.340252, -13.236401 ], [ -48.343489, -13.241187 ], [ -48.336495, -13.24665 ], [ -48.341778, -13.249352 ], [ -48.350437, -13.241425 ], [ -48.35766, -13.242649 ], [ -48.370555, -13.249043 ], [ -48.373638, -13.25546 ], [ -48.378999, -13.255437 ], [ -48.385242, -13.26564 ], [ -48.388, -13.260647 ], [ -48.390723, -13.267517 ], [ -48.40147, -13.270005 ], [ -48.4068, -13.266986 ], [ -48.416274, -13.274287 ], [ -48.429414, -13.271147 ], [ -48.432104, -13.27494 ], [ -48.43039, -13.279752 ], [ -48.436414, -13.2838 ], [ -48.434779, -13.28843 ], [ -48.441271, -13.291935 ], [ -48.446417, -13.283299 ], [ -48.457133, -13.28242 ], [ -48.461166, -13.274254 ], [ -48.461465, -13.262739 ], [ -48.456, -13.259227 ], [ -48.460971, -13.25812 ], [ -48.460298, -13.24915 ], [ -48.456666, -13.248261 ], [ -48.467579, -13.243862 ], [ -48.470025, -13.235696 ], [ -48.474835, -13.2353 ], [ -48.472081, -13.222724 ], [ -48.474913, -13.215774 ], [ -48.471387, -13.211123 ], [ -48.472382, -13.20195 ], [ -48.477297, -13.196506 ], [ -48.474694, -13.191255 ], [ -48.477134, -13.178282 ], [ -48.471548, -13.172697 ], [ -48.471966, -13.165989 ], [ -48.468185, -13.161934 ], [ -48.469299, -13.149154 ], [ -48.475497, -13.134155 ], [ -48.479188, -13.13278 ], [ -48.480182, -13.141489 ], [ -48.487583, -13.142346 ], [ -48.494558, -13.136145 ], [ -48.506086, -13.133072 ], [ -48.508329, -13.128475 ], [ -48.521636, -13.140529 ], [ -48.520804, -13.166344 ], [ -48.529718, -13.184427 ], [ -48.529943, -13.192128 ], [ -48.54652, -13.195229 ], [ -48.554167, -13.204535 ], [ -48.55327, -13.224908 ], [ -48.549443, -13.230137 ], [ -48.555286, -13.238116 ], [ -48.55502, -13.263063 ], [ -48.5593, -13.273509 ], [ -48.553416, -13.28008 ], [ -48.553167, -13.301549 ], [ -48.567242, -13.311433 ], [ -48.577761, -13.314333 ], [ -48.585968, -13.317181 ], [ -48.58911, -13.308245 ], [ -48.596825, -13.302362 ], [ -48.600297, -13.292102 ], [ -48.597789, -13.283802 ], [ -48.589136, -13.263482 ], [ -48.591236, -13.255974 ], [ -48.587197, -13.254317 ], [ -48.597498, -13.246244 ], [ -48.600131, -13.238196 ], [ -48.593328, -13.235065 ], [ -48.58287, -13.221715 ], [ -48.583243, -13.210096 ], [ -48.579308, -13.206972 ], [ -48.580051, -13.190949 ], [ -48.577491, -13.187034 ], [ -48.583274, -13.180455 ], [ -48.578054, -13.172359 ], [ -48.586799, -13.166619 ], [ -48.586026, -13.158643 ], [ -48.592104, -13.158231 ], [ -48.596323, -13.152196 ], [ -48.590246, -13.150431 ], [ -48.588804, -13.144712 ], [ -48.581799, -13.141494 ], [ -48.581358, -13.127991 ], [ -48.577554, -13.127333 ], [ -48.577022, -13.123432 ], [ -48.582079, -13.117939 ], [ -48.580605, -13.113946 ], [ -48.585215, -13.105643 ], [ -48.595913, -13.106981 ], [ -48.59375, -13.101347 ], [ -48.588493, -13.099139 ], [ -48.595766, -13.088285 ], [ -48.596028, -13.078176 ], [ -48.602333, -13.077857 ], [ -48.600969, -13.060452 ], [ -48.603949, -13.058033 ], [ -48.609835, -13.05997 ], [ -48.619415, -13.051975 ], [ -48.627287, -13.051724 ], [ -48.636715, -13.034235 ], [ -48.638552, -13.025737 ], [ -48.63609, -13.020825 ], [ -48.639831, -13.013517 ], [ -48.647414, -13.010399 ], [ -48.656114, -13.012344 ], [ -48.656668, -13.005012 ], [ -48.663942, -13.001083 ], [ -48.667722, -13.003186 ], [ -48.674942, -12.99378 ], [ -48.68297, -12.993459 ], [ -48.686186, -13.002038 ], [ -48.690161, -13.002878 ], [ -48.692954, -12.996978 ], [ -48.701312, -12.997685 ], [ -48.707521, -13.004674 ], [ -48.71197, -12.999324 ], [ -48.717368, -13.001889 ], [ -48.724779, -12.990867 ], [ -48.730304, -12.989358 ], [ -48.733999, -12.975058 ], [ -48.730277, -12.961092 ], [ -48.737099, -12.949256 ], [ -48.738773, -12.945717 ], [ -48.73314, -12.929739 ], [ -48.736134, -12.920595 ], [ -48.748444, -12.91722 ], [ -48.754106, -12.907636 ], [ -48.762161, -12.905498 ], [ -48.7707, -12.894103 ], [ -48.785583, -12.880152 ], [ -48.786313, -12.884679 ], [ -48.790917, -12.883799 ], [ -48.794468, -12.876026 ], [ -48.799637, -12.876319 ], [ -48.799386, -12.872966 ], [ -48.805596, -12.86951 ], [ -48.804857, -12.866472 ], [ -48.814109, -12.863696 ], [ -48.81116, -12.859603 ], [ -48.81758, -12.853112 ], [ -48.820499, -12.843874 ], [ -48.825466, -12.845078 ], [ -48.830828, -12.841487 ], [ -48.830939, -12.84401 ], [ -48.841918, -12.843975 ], [ -48.844886, -12.840271 ], [ -48.84172, -12.830032 ], [ -48.847106, -12.817806 ], [ -48.846326, -12.809373 ], [ -48.857059, -12.80499 ], [ -48.862137, -12.809265 ], [ -48.862416, -12.804551 ], [ -48.86941, -12.803964 ], [ -48.873582, -12.806955 ], [ -48.868115, -12.815451 ], [ -48.874579, -12.814219 ], [ -48.879275, -12.817045 ], [ -48.975184, -12.956764 ], [ -48.979767, -12.947803 ], [ -49.00444, -12.932115 ], [ -49.009465, -12.916252 ], [ -49.02036, -12.911627 ], [ -49.022576, -12.906694 ], [ -49.033112, -12.903029 ], [ -49.049619, -12.912511 ], [ -49.053028, -12.908202 ], [ -49.077295, -12.90373 ], [ -49.084765, -12.894029 ], [ -49.082145, -12.892063 ], [ -49.087245, -12.891092 ], [ -49.08741, -12.887994 ], [ -49.080495, -12.883515 ], [ -49.084863, -12.878713 ], [ -49.073442, -12.86913 ], [ -49.070149, -12.859178 ], [ -49.071889, -12.852323 ], [ -49.067078, -12.846906 ], [ -49.082645, -12.845048 ], [ -49.096274, -12.835567 ], [ -49.105776, -12.835676 ], [ -49.120584, -12.789967 ], [ -49.1365, -12.800466 ], [ -49.140744, -12.809958 ], [ -49.145499, -12.819595 ], [ -49.150926, -12.82091 ], [ -49.16094, -12.834071 ], [ -49.192664, -12.856691 ], [ -49.19608, -12.866827 ], [ -49.208385, -12.873075 ], [ -49.210603, -12.87793 ], [ -49.222161, -12.876183 ], [ -49.228132, -12.877489 ], [ -49.231015, -12.883359 ], [ -49.236967, -12.883646 ], [ -49.234911, -12.893218 ] ], [ [ -49.735863, -11.036199 ], [ -49.740191, -11.050334 ], [ -49.735862, -11.036199 ], [ -49.735863, -11.036199 ] ] ] } },
{ "type": "Feature", "properties": { "HREG_ID": "17006", "HREG_NAME": "Capim Dourado", "id": "170110", "name": "Aparecida do Rio Negro", "description": "Aparecida do Rio Negro", "MUN_ID": "170110", "UF": "TO", "MACRO_ID": "1702", "MACRO_NAME": "Macrorregião Centro-Sul" }, "geometry": { "type": "Polygon", "coordinates": [ [ [ -47.870902, -10.305949 ], [ -47.878345, -10.315763 ], [ -47.889646, -10.316249 ], [ -47.905941, -10.308534 ], [ -47.91461, -10.308241 ], [ -47.927388, -10.294811 ], [ -47.939208, -10.298733 ], [ -47.944764, -10.310036 ], [ -47.961238, -10.321802 ], [ -47.96952, -10.322644 ], [ -47.98414, -10.331033 ], [ -47.987841, -10.338554 ], [ -47.994964, -10.342751 ], [ -48.000808, -10.363054 ], [ -48.007922, -10.367993 ], [ -48.009721, -10.378128 ], [ -48.02129, -10.389469 ], [ -48.031045, -10.394808 ], [ -48.046948, -10.388974 ], [ -48.064972, -10.43749 ], [ -48.083626, -10.459759 ], [ -48.083748, -10.459754 ], [ -48.140088, -10.457726 ], [ -48.153884, -10.432332 ], [ -48.172114, -10.422469 ], [ -48.177109, -10.408721 ], [ -48.176448, -10.398691 ], [ -48.182929, -10.385094 ], [ -48.189863, -10.378397 ], [ -48.193637, -10.380688 ], [ -48.204578, -10.377286 ], [ -48.210079, -10.382988 ], [ -48.220406, -10.382739 ], [ -48.222981, -10.383799 ], [ -48.237632, -10.388531 ], [ -48.25689, -10.401722 ], [ -48.264135, -10.411112 ], [ -48.27919, -10.413461 ], [ -48.295083, -10.410476 ], [ -48.305356, -10.416587 ], [ -48.310812, -10.411594 ], [ -48.321107, -10.414417 ], [ -48.339724, -10.408789 ], [ -48.368442, -10.409259 ], [ -48.400637, -10.382383 ], [ -48.408346, -10.358596 ], [ -48.403276, -10.333121 ], [ -48.402918, -10.2955 ], [ -48.395944, -10.276308 ], [ -48.383975, -10.256697 ], [ -48.382201, -10.242475 ], [ -48.38828, -10.232113 ], [ -48.411506, -10.224698 ], [ -48.422557, -10.203166 ], [ -48.421175, -10.191561 ], [ -48.415962, -10.172173 ], [ -48.39253, -10.111037 ], [ -48.384636, -10.08136 ], [ -48.379319, -10.072506 ], [ -48.367758, -10.063156 ], [ -48.365561, -10.056739 ], [ -48.385831, -10.055686 ], [ -48.392668, -10.047701 ], [ -48.397276, -10.04747 ], [ -48.396366, -10.043813 ], [ -48.403581, -10.051195 ], [ -48.40203, -10.044429 ], [ -48.410696, -10.036589 ], [ -48.410837, -10.031597 ], [ -48.417885, -10.032076 ], [ -48.42395, -10.0228 ], [ -48.429971, -10.025621 ], [ -48.435196, -10.017118 ], [ -48.439143, -10.019784 ], [ -48.443139, -10.018168 ], [ -48.446178, -10.023788 ], [ -48.449311, -10.016983 ], [ -48.45819, -10.020136 ], [ -48.464802, -10.026961 ], [ -48.460561, -10.027567 ], [ -48.463966, -10.032572 ], [ -48.483202, -10.026445 ], [ -48.484675, -10.029488 ], [ -48.496997, -10.032236 ], [ -48.497023, -10.040962 ], [ -48.502225, -10.037593 ], [ -48.504502, -10.042306 ], [ -48.513108, -10.043578 ], [ -48.519416, -10.032149 ], [ -48.527197, -10.038956 ], [ -48.538553, -10.035058 ], [ -48.555746, -10.041137 ], [ -48.561193, -10.039515 ], [ -48.569555, -10.027812 ], [ -48.577971, -10.026816 ], [ -48.586587, -10.04477 ], [ -48.594919, -10.045041 ], [ -48.593807, -10.048489 ], [ -48.598389, -10.05202 ], [ -48.597834, -10.063907 ], [ -48.615694, -10.064088 ], [ -48.620444, -10.067622 ], [ -48.624753, -10.079133 ], [ -48.63592, -10.072612 ], [ -48.636642, -10.08195 ], [ -48.648634, -10.085485 ], [ -48.654306, -10.080868 ], [ -48.659722, -10.087389 ], [ -48.664838, -10.086125 ], [ -48.66977, -10.091693 ], [ -48.706196, -10.08248 ], [ -48.707865, -10.074684 ], [ -48.724584, -10.060974 ], [ -48.726504, -10.04392 ], [ -48.737832, -10.03811 ], [ -48.741248, -10.031944 ], [ -48.75442, -10.035933 ], [ -48.763669, -10.029937 ], [ -48.777552, -10.027661 ], [ -48.784884, -10.034734 ], [ -48.792865, -10.037083 ], [ -48.799804, -10.049053 ], [ -48.804948, -10.049963 ], [ -48.742835, -9.96881 ], [ -48.743419, -9.947615 ], [ -48.738765, -9.939478 ], [ -48.733671, -9.931122 ], [ -48.729448, -9.906599 ], [ -48.722669, -9.90686 ], [ -48.69653, -9.89336 ], [ -48.646172, -9.898759 ], [ -48.640695, -9.896113 ], [ -48.622916, -9.86411 ], [ -48.628973, -9.831741 ], [ -48.64164, -9.817702 ], [ -48.646362, -9.798933 ], [ -48.652221, -9.789956 ], [ -48.65403, -9.769904 ], [ -48.64994, -9.757649 ], [ -48.677837, -9.761983 ], [ -48.680718, -9.757313 ], [ -48.695046, -9.736765 ], [ -48.703611, -9.770948 ], [ -48.717443, -9.7688 ], [ -48.732108, -9.758672 ], [ -48.742131, -9.762214 ], [ -48.749666, -9.760257 ], [ -48.754358, -9.751008 ], [ -48.750416, -9.750183 ], [ -48.745974, -9.732472 ], [ -48.754309, -9.73794 ], [ -48.764166, -9.734785 ], [ -48.785579, -9.739651 ], [ -48.790063, -9.746913 ], [ -48.795442, -9.745663 ], [ -48.798118, -9.73595 ], [ -48.801331, -9.736143 ], [ -48.806165, -9.737604 ], [ -48.808168, -9.743144 ], [ -48.810472, -9.739155 ], [ -48.813384, -9.739801 ], [ -48.812915, -9.747965 ], [ -48.81647, -9.75088 ], [ -48.822893, -9.745 ], [ -48.850083, -9.736214 ], [ -48.853054, -9.730431 ], [ -48.860225, -9.731574 ], [ -48.868641, -9.708782 ], [ -48.862247, -9.699689 ], [ -48.867363, -9.695254 ], [ -48.869053, -9.67937 ], [ -48.860005, -9.677806 ], [ -48.85264, -9.653745 ], [ -48.861609, -9.6504 ], [ -48.856367, -9.629696 ], [ -48.860921, -9.625624 ], [ -48.855656, -9.611959 ], [ -48.858222, -9.602831 ], [ -48.865117, -9.59822 ], [ -48.863913, -9.592774 ], [ -48.873362, -9.582988 ], [ -48.870999, -9.570456 ], [ -48.864444, -9.559274 ], [ -48.852668, -9.551813 ], [ -48.839865, -9.549244 ], [ -48.830114, -9.534246 ], [ -48.829498, -9.518999 ], [ -48.817561, -9.510987 ], [ -48.824083, -9.500564 ], [ -48.810474, -9.484358 ], [ -48.819699, -9.470048 ], [ -48.815476, -9.451843 ], [ -48.798312, -9.440631 ], [ -48.80034, -9.421904 ], [ -48.785746, -9.406966 ], [ -48.776893, -9.406763 ], [ -48.769446, -9.411847 ], [ -48.754919, -9.405593 ], [ -48.753733, -9.41075 ], [ -48.750237, -9.410154 ], [ -48.749978, -9.383759 ], [ -48.759938, -9.375067 ], [ -48.753834, -9.35152 ], [ -48.759972, -9.339156 ], [ -48.758418, -9.320735 ], [ -48.760422, -9.315776 ], [ -48.768783, -9.31061 ], [ -48.764388, -9.303127 ], [ -48.770305, -9.289684 ], [ -48.763894, -9.285521 ], [ -48.762228, -9.280147 ], [ -48.769123, -9.268253 ], [ -48.771558, -9.263396 ], [ -48.756223, -9.256039 ], [ -48.756025, -9.250138 ], [ -48.752307, -9.247103 ], [ -48.748869, -9.231006 ], [ -48.751727, -9.228318 ], [ -48.751523, -9.199659 ], [ -48.746455, -9.196245 ], [ -48.734394, -9.196287 ], [ -48.732365, -9.183369 ], [ -48.723611, -9.168576 ], [ -48.715833, -9.170925 ], [ -48.692754, -9.15495 ], [ -48.68536, -9.155586 ], [ -48.676971, -9.132258 ], [ -48.665462, -9.117953 ], [ -48.658583, -9.113351 ], [ -48.653526, -9.080818 ], [ -48.660366, -9.074293 ], [ -48.669334, -9.078482 ], [ -48.672122, -9.075777 ], [ -48.661368, -9.06015 ], [ -48.677751, -9.055182 ], [ -48.677527, -9.051643 ], [ -48.670979, -9.049923 ], [ -48.673612, -9.036626 ], [ -48.659277, -9.022941 ], [ -48.649979, -9.021374 ], [ -48.662033, -9.007017 ], [ -48.659147, -8.996844 ], [ -48.651389, -9.005581 ], [ -48.64355, -9.006252 ], [ -48.635534, -9.001096 ], [ -48.630255, -9.007305 ], [ -48.619746, -9.009978 ], [ -48.600809, -8.995458 ], [ -48.572363, -8.994552 ], [ -48.566385, -8.987419 ], [ -48.559528, -8.986912 ], [ -48.559945, -8.995507 ], [ -48.55622, -8.997529 ], [ -48.546747, -8.986479 ], [ -48.549489, -8.975783 ], [ -48.546329, -8.968685 ], [ -48.500892, -8.952411 ], [ -48.459613, -8.931512 ], [ -48.455219, -8.93233 ], [ -48.39525, -8.974714 ], [ -48.380672, -8.972239 ], [ -48.364664, -8.975892 ], [ -48.359475, -9.022055 ], [ -48.373508, -9.066426 ], [ -48.367239, -9.074382 ], [ -48.364387, -9.076598 ], [ -48.355557, -9.074764 ], [ -48.351091, -9.081643 ], [ -48.353811, -9.086902 ], [ -48.346753, -9.095488 ], [ -48.350392, -9.097578 ], [ -48.347913, -9.101385 ], [ -48.345194, -9.099742 ], [ -48.344889, -9.109248 ], [ -48.350002, -9.110172 ], [ -48.346775, -9.118593 ], [ -48.339501, -9.115675 ], [ -48.330094, -9.129658 ], [ -48.306749, -9.127629 ], [ -48.298586, -9.140107 ], [ -48.29342, -9.132668 ], [ -48.282472, -9.135708 ], [ -48.312053, -9.185056 ], [ -48.31742, -9.221152 ], [ -48.334906, -9.247367 ], [ -48.347948, -9.286686 ], [ -48.336888, -9.298222 ], [ -48.334748, -9.304828 ], [ -48.324363, -9.308785 ], [ -48.322247, -9.304974 ], [ -48.31605, -9.304319 ], [ -48.305751, -9.309185 ], [ -48.299177, -9.324038 ], [ -48.287644, -9.3238 ], [ -48.290723, -9.330785 ], [ -48.285062, -9.330228 ], [ -48.27864, -9.340349 ], [ -48.272721, -9.343683 ], [ -48.266783, -9.343215 ], [ -48.262417, -9.335679 ], [ -48.258054, -9.336478 ], [ -48.257251, -9.328333 ], [ -48.247859, -9.323774 ], [ -48.241412, -9.326607 ], [ -48.235389, -9.329124 ], [ -48.232359, -9.32617 ], [ -48.226697, -9.32742 ], [ -48.222666, -9.334192 ], [ -48.217918, -9.33246 ], [ -48.21684, -9.344075 ], [ -48.20592, -9.350631 ], [ -48.205259, -9.361997 ], [ -48.199526, -9.380229 ], [ -48.196332, -9.38185 ], [ -48.19178, -9.402397 ], [ -48.194199, -9.42061 ], [ -48.187756, -9.436587 ], [ -48.16908, -9.443672 ], [ -48.163058, -9.451753 ], [ -48.157195, -9.448861 ], [ -48.110511, -9.436478 ], [ -48.094684, -9.422505 ], [ -48.078862, -9.418685 ], [ -48.074046, -9.405214 ], [ -48.077655, -9.395805 ], [ -48.078001, -9.376265 ], [ -48.065164, -9.389475 ], [ -48.036526, -9.395901 ], [ -47.998479, -9.386316 ], [ -47.98655, -9.371127 ], [ -47.98779, -9.357864 ], [ -47.984874, -9.349331 ], [ -47.965926, -9.335891 ], [ -47.962769, -9.329622 ], [ -47.95406, -9.328085 ], [ -47.935956, -9.305146 ], [ -47.924934, -9.317315 ], [ -47.909569, -9.32259 ], [ -47.904692, -9.339731 ], [ -47.902495, -9.339705 ], [ -47.891107, -9.340337 ], [ -47.877474, -9.33345 ], [ -47.862113, -9.349731 ], [ -47.851684, -9.352639 ], [ -47.825559, -9.334157 ], [ -47.816194, -9.320676 ], [ -47.818529, -9.310459 ], [ -47.80833, -9.319355 ], [ -47.788058, -9.323276 ], [ -47.764752, -9.320838 ], [ -47.75681, -9.330743 ], [ -47.74192, -9.334438 ], [ -47.739282, -9.333418 ], [ -47.735413, -9.314994 ], [ -47.7252, -9.314647 ], [ -47.723969, -9.318532 ], [ -47.727166, -9.333322 ], [ -47.723112, -9.335927 ], [ -47.715915, -9.3355 ], [ -47.709835, -9.330476 ], [ -47.694253, -9.330896 ], [ -47.682277, -9.333158 ], [ -47.667694, -9.341565 ], [ -47.653272, -9.354956 ], [ -47.647526, -9.354455 ], [ -47.641869, -9.347997 ], [ -47.638773, -9.329833 ], [ -47.634422, -9.327706 ], [ -47.620164, -9.331219 ], [ -47.614373, -9.326349 ], [ -47.606674, -9.319875 ], [ -47.605051, -9.308842 ], [ -47.598137, -9.301597 ], [ -47.561555, -9.315168 ], [ -47.532112, -9.301425 ], [ -47.516528, -9.286253 ], [ -47.517443, -9.274571 ], [ -47.529033, -9.265151 ], [ -47.528329, -9.260699 ], [ -47.520273, -9.254751 ], [ -47.496642, -9.262833 ], [ -47.495082, -9.258585 ], [ -47.466053, -9.243439 ], [ -47.462365, -9.249537 ], [ -47.453501, -9.248763 ], [ -47.432894, -9.232208 ], [ -47.424528, -9.237611 ], [ -47.406716, -9.238205 ], [ -47.383061, -9.249351 ], [ -47.374583, -9.263713 ], [ -47.369225, -9.267191 ], [ -47.361885, -9.265961 ], [ -47.357201, -9.270609 ], [ -47.361836, -9.285543 ], [ -47.346055, -9.287529 ], [ -47.33958, -9.273696 ], [ -47.330163, -9.268313 ], [ -47.335337, -9.26094 ], [ -47.33247, -9.256424 ], [ -47.29829, -9.252013 ], [ -47.286307, -9.23818 ], [ -47.276225, -9.233786 ], [ -47.289806, -9.228818 ], [ -47.282839, -9.220066 ], [ -47.28305, -9.21354 ], [ -47.264779, -9.204388 ], [ -47.269393, -9.198653 ], [ -47.2665, -9.186966 ], [ -47.260925, -9.182201 ], [ -47.265078, -9.160332 ], [ -47.259864, -9.156457 ], [ -47.266784, -9.150979 ], [ -47.271645, -9.14017 ], [ -47.258866, -9.139516 ], [ -47.26258, -9.135863 ], [ -47.256004, -9.13064 ], [ -47.259583, -9.12219 ], [ -47.256724, -9.115135 ], [ -47.264749, -9.11201 ], [ -47.259625, -9.107975 ], [ -47.253459, -9.109439 ], [ -47.254428, -9.100089 ], [ -47.251031, -9.088424 ], [ -47.256857, -9.088945 ], [ -47.257305, -9.083235 ], [ -47.252496, -9.070285 ], [ -47.246893, -9.064608 ], [ -47.253083, -9.06285 ], [ -47.252854, -9.054513 ], [ -47.248834, -9.051816 ], [ -47.258829, -9.043508 ], [ -47.250756, -9.031677 ], [ -47.251607, -9.021612 ], [ -47.248112, -9.015743 ], [ -47.231943, -9.014095 ], [ -47.23447, -9.007281 ], [ -47.224417, -9.003796 ], [ -47.225645, -8.99504 ], [ -47.228561, -8.994317 ], [ -47.238333, -9.01062 ], [ -47.246407, -9.004618 ], [ -47.245499, -8.995762 ], [ -47.239837, -8.987601 ], [ -47.248124, -8.982235 ], [ -47.245306, -8.977003 ], [ -47.240198, -8.980178 ], [ -47.23481, -8.974654 ], [ -47.241117, -8.969578 ], [ -47.236823, -8.959026 ], [ -47.223142, -8.951197 ], [ -47.22194, -8.945762 ], [ -47.217302, -8.949752 ], [ -47.222779, -8.940779 ], [ -47.221301, -8.93843 ], [ -47.209008, -8.937163 ], [ -47.206201, -8.9491 ], [ -47.202002, -8.948124 ], [ -47.198275, -8.944415 ], [ -47.191891, -8.944782 ], [ -47.189604, -8.938166 ], [ -47.17915, -8.935622 ], [ -47.176665, -8.930744 ], [ -47.160363, -8.931118 ], [ -47.164189, -8.924318 ], [ -47.158363, -8.92432 ], [ -47.157167, -8.918257 ], [ -47.153055, -8.917445 ], [ -47.15389, -8.92442 ], [ -47.139862, -8.92225 ], [ -47.132665, -8.928593 ], [ -47.12931, -8.938193 ], [ -47.121087, -8.937835 ], [ -47.120719, -8.933211 ], [ -47.116741, -8.931237 ], [ -47.09669, -8.934971 ], [ -47.094876, -8.941701 ], [ -47.088507, -8.944354 ], [ -47.079377, -8.957626 ], [ -47.071637, -8.951595 ], [ -47.06044, -8.955215 ], [ -47.048687, -8.978408 ], [ -47.044212, -8.980825 ], [ -47.045635, -8.989484 ], [ -47.03845, -9.000547 ], [ -47.043608, -9.006458 ], [ -47.061666, -9.007284 ], [ -47.068077, -9.011613 ], [ -47.056056, -9.018463 ], [ -47.048197, -9.015239 ], [ -47.048334, -9.021397 ], [ -47.043584, -9.022501 ], [ -47.043059, -9.02614 ], [ -47.053667, -9.033343 ], [ -47.05383, -9.047756 ], [ -47.061307, -9.047724 ], [ -47.057303, -9.052546 ], [ -47.067567, -9.055604 ], [ -47.068308, -9.063466 ], [ -47.047997, -9.0709 ], [ -47.04525, -9.068102 ], [ -47.03395, -9.069055 ], [ -47.02314, -9.075636 ], [ -47.009781, -9.069891 ], [ -47.013192, -9.077675 ], [ -47.006917, -9.081784 ], [ -47.0, -9.081069 ], [ -46.998278, -9.075985 ], [ -46.985097, -9.076139 ], [ -46.975502, -9.08132 ], [ -46.939864, -9.063332 ], [ -46.922915, -9.065254 ], [ -46.911726, -9.082315 ], [ -46.91855, -9.086779 ], [ -46.928672, -9.082928 ], [ -46.931114, -9.085479 ], [ -46.927887, -9.092167 ], [ -46.930166, -9.095254 ], [ -46.923135, -9.09748 ], [ -46.929833, -9.105571 ], [ -46.925773, -9.117234 ], [ -46.931058, -9.120379 ], [ -46.931379, -9.127656 ], [ -46.925885, -9.134534 ], [ -46.917253, -9.131683 ], [ -46.906311, -9.135079 ], [ -46.898397, -9.125328 ], [ -46.893134, -9.121892 ], [ -46.888359, -9.128296 ], [ -46.891251, -9.140083 ], [ -46.860694, -9.146013 ], [ -46.851997, -9.15404 ], [ -46.847386, -9.1676 ], [ -46.851944, -9.185726 ], [ -46.850282, -9.191429 ], [ -46.838863, -9.197175 ], [ -46.827389, -9.193859 ], [ -46.818949, -9.208941 ], [ -46.826443, -9.222917 ], [ -46.828471, -9.239679 ], [ -46.818522, -9.259647 ], [ -46.822337, -9.265914 ], [ -46.831328, -9.268312 ], [ -46.832308, -9.27918 ], [ -46.844221, -9.283763 ], [ -46.84664, -9.292012 ], [ -46.841833, -9.304035 ], [ -46.834889, -9.307808 ], [ -46.818328, -9.303027 ], [ -46.812858, -9.304351 ], [ -46.807715, -9.3213 ], [ -46.798748, -9.338432 ], [ -46.782915, -9.350677 ], [ -46.779248, -9.35809 ], [ -46.767892, -9.365093 ], [ -46.758251, -9.380806 ], [ -46.76553, -9.401484 ], [ -46.760683, -9.409752 ], [ -46.745606, -9.413982 ], [ -46.740613, -9.41161 ], [ -46.737528, -9.404441 ], [ -46.722889, -9.395953 ], [ -46.695805, -9.398176 ], [ -46.674501, -9.390373 ], [ -46.665554, -9.391507 ], [ -46.651162, -9.405656 ], [ -46.632361, -9.411177 ], [ -46.643335, -9.419202 ], [ -46.647502, -9.426733 ], [ -46.649142, -9.443679 ], [ -46.639583, -9.457309 ], [ -46.627169, -9.465311 ], [ -46.613033, -9.46487 ], [ -46.600058, -9.470043 ], [ -46.593555, -9.482277 ], [ -46.572834, -9.477349 ], [ -46.560555, -9.483621 ], [ -46.558776, -9.49258 ], [ -46.57536, -9.507838 ], [ -46.575268, -9.517136 ], [ -46.557615, -9.533767 ], [ -46.556867, -9.538615 ], [ -46.540058, -9.54975 ], [ -46.536334, -9.556697 ], [ -46.578884, -9.583664 ], [ -46.591966, -9.586788 ], [ -46.592042, -9.607324 ], [ -46.605696, -9.62975 ], [ -46.606442, -9.651474 ], [ -46.612635, -9.665395 ], [ -46.652915, -9.693029 ], [ -46.649981, -9.704122 ], [ -46.645198, -9.716174 ], [ -46.645982, -9.733287 ], [ -46.641836, -9.742311 ], [ -46.631806, -9.748463 ], [ -46.595717, -9.746837 ], [ -46.574665, -9.758161 ], [ -46.56892, -9.76931 ], [ -46.570386, -9.78069 ], [ -46.579243, -9.795931 ], [ -46.576584, -9.804764 ], [ -46.562056, -9.810275 ], [ -46.541968, -9.809897 ], [ -46.512446, -9.797089 ], [ -46.509027, -9.800952 ], [ -46.508449, -9.808848 ], [ -46.493223, -9.82701 ], [ -46.496718, -9.843264 ], [ -46.492611, -9.848745 ], [ -46.479912, -9.85484 ], [ -46.489718, -9.860736 ], [ -46.491224, -9.869655 ], [ -46.472478, -9.877025 ], [ -46.470419, -9.897632 ], [ -46.475238, -9.906099 ], [ -46.47819, -9.923454 ], [ -46.465302, -9.936642 ], [ -46.476587, -9.952334 ], [ -46.471444, -9.973239 ], [ -46.477162, -9.987886 ], [ -46.456664, -10.017602 ], [ -46.457, -10.046865 ], [ -46.442937, -10.077722 ], [ -46.420274, -10.080463 ], [ -46.383548, -10.119726 ], [ -46.367469, -10.168397 ], [ -46.347791, -10.172676 ], [ -46.327105, -10.183277 ], [ -46.312661, -10.172407 ], [ -46.301025, -10.177909 ], [ -46.272583, -10.181198 ], [ -46.240414, -10.171469 ], [ -46.219584, -10.17037 ], [ -46.21045, -10.169318 ], [ -46.20159, -10.173592 ], [ -46.194442, -10.182567 ], [ -46.211587, -10.202233 ], [ -46.219359, -10.195328 ], [ -46.263249, -10.196747 ], [ -46.28264, -10.226981 ], [ -46.294108, -10.229912 ], [ -46.319194, -10.208519 ], [ -46.329881, -10.206294 ], [ -46.349195, -10.210293 ], [ -46.360211, -10.221213 ], [ -46.369361, -10.222985 ], [ -46.391333, -10.211997 ], [ -46.419809, -10.210514 ], [ -46.425832, -10.215328 ], [ -46.436028, -10.217275 ], [ -46.438163, -10.213525 ], [ -46.442955, -10.214749 ], [ -46.453025, -10.208884 ], [ -46.462789, -10.211809 ], [ -46.472468, -10.210324 ], [ -46.477699, -10.203635 ], [ -46.49153, -10.203986 ], [ -46.49414, -10.207766 ], [ -46.499388, -10.203699 ], [ -46.512972, -10.205435 ], [ -46.524892, -10.200398 ], [ -46.531689, -10.205356 ], [ -46.534973, -10.201534 ], [ -46.545695, -10.206651 ], [ -46.548055, -10.202105 ], [ -46.551272, -10.206709 ], [ -46.56291, -10.20848 ], [ -46.563139, -10.214731 ], [ -46.568912, -10.215525 ], [ -46.573833, -10.211873 ], [ -46.57669, -10.217297 ], [ -46.579808, -10.215658 ], [ -46.584226, -10.219071 ], [ -46.595352, -10.218217 ], [ -46.598385, -10.21448 ], [ -46.604944, -10.227596 ], [ -46.607335, -10.225412 ], [ -46.614444, -10.223568 ], [ -46.617614, -10.211576 ], [ -46.621743, -10.217364 ], [ -46.630889, -10.2136 ], [ -46.632413, -10.209233 ], [ -46.635996, -10.211394 ], [ -46.643055, -10.208914 ], [ -46.644689, -10.206087 ], [ -46.64155, -10.205383 ], [ -46.647838, -10.194828 ], [ -46.655253, -10.196152 ], [ -46.658033, -10.185996 ], [ -46.66654, -10.18649 ], [ -46.667786, -10.17778 ], [ -46.672767, -10.17261 ], [ -46.680003, -10.162295 ], [ -46.690051, -10.163691 ], [ -46.69097, -10.159693 ], [ -46.705328, -10.158031 ], [ -46.712995, -10.151881 ], [ -46.72138, -10.159081 ], [ -46.734773, -10.151948 ], [ -46.742273, -10.152008 ], [ -46.749145, -10.153148 ], [ -46.755637, -10.148125 ], [ -46.768815, -10.157565 ], [ -46.777247, -10.152005 ], [ -46.783855, -10.159756 ], [ -46.785828, -10.162567 ], [ -46.79819, -10.16395 ], [ -46.800283, -10.161225 ], [ -46.816591, -10.160469 ], [ -46.837075, -10.176893 ], [ -46.838308, -10.183696 ], [ -46.843258, -10.183217 ], [ -46.84639, -10.187364 ], [ -46.855438, -10.186859 ], [ -46.859855, -10.193005 ], [ -46.883308, -10.190607 ], [ -46.89383, -10.194626 ], [ -46.901534, -10.193884 ], [ -46.906331, -10.186043 ], [ -46.91558, -10.1858 ], [ -46.92653, -10.180295 ], [ -46.926416, -10.175942 ], [ -46.937159, -10.183676 ], [ -46.947244, -10.175786 ], [ -46.94552, -10.179515 ], [ -46.955483, -10.19056 ], [ -46.961018, -10.205365 ], [ -46.971731, -10.214352 ], [ -46.978567, -10.227791 ], [ -46.995149, -10.244843 ], [ -46.990159, -10.246411 ], [ -46.988527, -10.253161 ], [ -46.976573, -10.257002 ], [ -46.977051, -10.26572 ], [ -46.987221, -10.268832 ], [ -46.988309, -10.274871 ], [ -47.006949, -10.267919 ], [ -47.013215, -10.270504 ], [ -47.016069, -10.2746 ], [ -47.014533, -10.281054 ], [ -47.022785, -10.284868 ], [ -47.02345, -10.29096 ], [ -47.018247, -10.302344 ], [ -47.02335, -10.303032 ], [ -47.020027, -10.306845 ], [ -47.0348, -10.31012 ], [ -47.029159, -10.323093 ], [ -47.032285, -10.330952 ], [ -47.036563, -10.331028 ], [ -47.044633, -10.317843 ], [ -47.048475, -10.316926 ], [ -47.05576, -10.336802 ], [ -47.065016, -10.341256 ], [ -47.073275, -10.35887 ], [ -47.088666, -10.364881 ], [ -47.094986, -10.367507 ], [ -47.102061, -10.341266 ], [ -47.110309, -10.351914 ], [ -47.117813, -10.355634 ], [ -47.125144, -10.381754 ], [ -47.147452, -10.396274 ], [ -47.168293, -10.400397 ], [ -47.182747, -10.399407 ], [ -47.211438, -10.406295 ], [ -47.231098, -10.388667 ], [ -47.235464, -10.393836 ], [ -47.251929, -10.394865 ], [ -47.258425, -10.400665 ], [ -47.27411, -10.406337 ], [ -47.288854, -10.406004 ], [ -47.290629, -10.422806 ], [ -47.287399, -10.426322 ], [ -47.303808, -10.439151 ], [ -47.398555, -10.512778 ], [ -47.423739, -10.51961 ], [ -47.429188, -10.525971 ], [ -47.435222, -10.523718 ], [ -47.442101, -10.521149 ], [ -47.4547, -10.536302 ], [ -47.46266, -10.530936 ], [ -47.468585, -10.507574 ], [ -47.478692, -10.505251 ], [ -47.480117, -10.495334 ], [ -47.486941, -10.489573 ], [ -47.488641, -10.471442 ], [ -47.49595, -10.470564 ], [ -47.496056, -10.460334 ], [ -47.50058, -10.457153 ], [ -47.507105, -10.459181 ], [ -47.512058, -10.456863 ], [ -47.507585, -10.451093 ], [ -47.510217, -10.448525 ], [ -47.520726, -10.45224 ], [ -47.521445, -10.440965 ], [ -47.530974, -10.43679 ], [ -47.540187, -10.424648 ], [ -47.543636, -10.427859 ], [ -47.548197, -10.422632 ], [ -47.566443, -10.421008 ], [ -47.581752, -10.408228 ], [ -47.587351, -10.412962 ], [ -47.593336, -10.409664 ], [ -47.60325, -10.410571 ], [ -47.604386, -10.414015 ], [ -47.612357, -10.414122 ], [ -47.616063, -10.418355 ], [ -47.621249, -10.412671 ], [ -47.619366, -10.406972 ], [ -47.630777, -10.400132 ], [ -47.631554, -10.40403 ], [ -47.643244, -10.398564 ], [ -47.645965, -10.405161 ], [ -47.656029, -10.402063 ], [ -47.655972, -10.395341 ], [ -47.667618, -10.393556 ], [ -47.667619, -10.393556 ], [ -47.672664, -10.393186 ], [ -47.669867, -10.398021 ], [ -47.676972, -10.394061 ], [ -47.677226, -10.400315 ], [ -47.694221, -10.401793 ], [ -47.695356, -10.40459 ], [ -47.709253, -10.399281 ], [ -47.716363, -10.404119 ], [ -47.723299, -10.401708 ], [ -47.728737, -10.408924 ], [ -47.734011, -10.41311 ], [ -47.737082, -10.411729 ], [ -47.73799, -10.415027 ], [ -47.740946, -10.411324 ], [ -47.745996, -10.411738 ], [ -47.752805, -10.421379 ], [ -47.752557, -10.415299 ], [ -47.762862, -10.417926 ], [ -47.76911, -10.411045 ], [ -47.771474, -10.415656 ], [ -47.77633, -10.406705 ], [ -47.779148, -10.410658 ], [ -47.783665, -10.406632 ], [ -47.787716, -10.409116 ], [ -47.798143, -10.403943 ], [ -47.805277, -10.408501 ], [ -47.823136, -10.407418 ], [ -47.825912, -10.39958 ], [ -47.837446, -10.395001 ], [ -47.841893, -10.38124 ], [ -47.860022, -10.379779 ], [ -47.86619, -10.371717 ], [ -47.862866, -10.352124 ], [ -47.867579, -10.328905 ], [ -47.856419, -10.322119 ], [ -47.854638, -10.311411 ], [ -47.870902, -10.305949 ] ] ] } },
{ "type": "Feature", "properties": { "HREG_ID": "17007", "HREG_NAME": "Cantao", "id": "170025", "name": "Abreulândia", "description": "Abreulândia", "MUN_ID": "170025", "UF": "TO", "MACRO_ID": "1702", "MACRO_NAME": "Macrorregião Centro-Sul" }, "geometry": { "type": "Polygon", "coordinates": [ [ [ -49.570915, -10.850846 ], [ -49.569448, -10.855656 ], [ -49.576421, -10.864813 ], [ -49.574613, -10.882535 ], [ -49.584, -10.897222 ], [ -49.60421, -10.910442 ], [ -49.620583, -10.911361 ], [ -49.630807, -10.928473 ], [ -49.642587, -10.921412 ], [ -49.647085, -10.923287 ], [ -49.66528, -10.914812 ], [ -49.677473, -10.92166 ], [ -49.686367, -10.918117 ], [ -49.691761, -10.926562 ], [ -49.702892, -10.91146 ], [ -49.709528, -10.908568 ], [ -49.713251, -10.913171 ], [ -49.709834, -10.915353 ], [ -49.717003, -10.917381 ], [ -49.718057, -10.922805 ], [ -49.72734, -10.915903 ], [ -49.729863, -10.907408 ], [ -49.758169, -10.902734 ], [ -49.764973, -10.908712 ], [ -49.76066, -10.918029 ], [ -49.783363, -10.938464 ], [ -49.778329, -10.948793 ], [ -49.782857, -10.953328 ], [ -49.788527, -10.97173 ], [ -49.795112, -10.976367 ], [ -49.794116, -10.989313 ], [ -49.798757, -10.996622 ], [ -49.807329, -11.00009 ], [ -49.807444, -11.009032 ], [ -49.816614, -11.011446 ], [ -49.823197, -11.02537 ], [ -49.810525, -11.044469 ], [ -49.810723, -11.051305 ], [ -49.81336, -11.05296 ], [ -49.815777, -11.049987 ], [ -49.815916, -11.043273 ], [ -49.828192, -11.045001 ], [ -49.816943, -11.063957 ], [ -49.81419, -11.076003 ], [ -49.818222, -11.079295 ], [ -49.822056, -11.09383 ], [ -49.803164, -11.101861 ], [ -49.801089, -11.112725 ], [ -49.791749, -11.121453 ], [ -49.783862, -11.11759 ], [ -49.782663, -11.131631 ], [ -49.77697, -11.13205 ], [ -49.769916, -11.139976 ], [ -49.764915, -11.159075 ], [ -49.758614, -11.164829 ], [ -49.76497, -11.162152 ], [ -49.767245, -11.164345 ], [ -49.75831, -11.181327 ], [ -49.760168, -11.190138 ], [ -49.765465, -11.19453 ], [ -49.756305, -11.203989 ], [ -49.764173, -11.199813 ], [ -49.769112, -11.21161 ], [ -49.765006, -11.207676 ], [ -49.76122, -11.20847 ], [ -49.748634, -11.221878 ], [ -49.760753, -11.223433 ], [ -49.760083, -11.227139 ], [ -49.752557, -11.226535 ], [ -49.751499, -11.230071 ], [ -49.761196, -11.23903 ], [ -49.749583, -11.243291 ], [ -49.76284, -11.25192 ], [ -49.755753, -11.250957 ], [ -49.742277, -11.259923 ], [ -49.751391, -11.259811 ], [ -49.751526, -11.263167 ], [ -49.743416, -11.265468 ], [ -49.749168, -11.271313 ], [ -49.751112, -11.282027 ], [ -49.747251, -11.282268 ], [ -49.745472, -11.273731 ], [ -49.739884, -11.271966 ], [ -49.741916, -11.284401 ], [ -49.734832, -11.284716 ], [ -49.73697, -11.2938 ], [ -49.727918, -11.300082 ], [ -49.734781, -11.314091 ], [ -49.725025, -11.31538 ], [ -49.726273, -11.320111 ], [ -49.719698, -11.338825 ], [ -49.713308, -11.335428 ], [ -49.706386, -11.337825 ], [ -49.703113, -11.345952 ], [ -49.709587, -11.353982 ], [ -49.707804, -11.356056 ], [ -49.698116, -11.351636 ], [ -49.693449, -11.357939 ], [ -49.697833, -11.362692 ], [ -49.681054, -11.379158 ], [ -49.677459, -11.389543 ], [ -49.688115, -11.391634 ], [ -49.872978, -11.427847 ], [ -50.019384, -11.456449 ], [ -50.019975, -11.456565 ], [ -50.277397, -11.507079 ], [ -50.668059, -11.580871 ], [ -50.669631, -11.581167 ], [ -50.681683, -11.582733 ], [ -50.715531, -11.578534 ], [ -50.740533, -11.53682 ], [ -50.73434, -11.511404 ], [ -50.738887, -11.498735 ], [ -50.738656, -11.470947 ], [ -50.741608, -11.459931 ], [ -50.738804, -11.434967 ], [ -50.72653, -11.410728 ], [ -50.728056, -11.382148 ], [ -50.711805, -11.359427 ], [ -50.705301, -11.34108 ], [ -50.706644, -11.327748 ], [ -50.698235, -11.310135 ], [ -50.696358, -11.30424 ], [ -50.67854, -11.294502 ], [ -50.669653, -11.284167 ], [ -50.655582, -11.239819 ], [ -50.653832, -11.218229 ], [ -50.661366, -11.202722 ], [ -50.659436, -11.186957 ], [ -50.664081, -11.154215 ], [ -50.658198, -11.128399 ], [ -50.646999, -11.126198 ], [ -50.643432, -11.122766 ], [ -50.636588, -11.10013 ], [ -50.617139, -11.085394 ], [ -50.609003, -11.067029 ], [ -50.611002, -11.04256 ], [ -50.616971, -11.031584 ], [ -50.617139, -11.002009 ], [ -50.624386, -10.983423 ], [ -50.619787, -10.968492 ], [ -50.632491, -10.935527 ], [ -50.621671, -10.917791 ], [ -50.600335, -10.900268 ], [ -50.598951, -10.884048 ], [ -50.604499, -10.872057 ], [ -50.61859, -10.863679 ], [ -50.621553, -10.839003 ], [ -50.611263, -10.82109 ], [ -50.611745, -10.809906 ], [ -50.606724, -10.804267 ], [ -50.597282, -10.804304 ], [ -50.591142, -10.799562 ], [ -50.589748, -10.786036 ], [ -50.570134, -10.752089 ], [ -50.577308, -10.73297 ], [ -50.576465, -10.718956 ], [ -50.585417, -10.703777 ], [ -50.58715, -10.685595 ], [ -50.602367, -10.673346 ], [ -50.602938, -10.659592 ], [ -50.582113, -10.643667 ], [ -50.576858, -10.628763 ], [ -50.562719, -10.610908 ], [ -50.543277, -10.609458 ], [ -50.536971, -10.604804 ], [ -50.531117, -10.58034 ], [ -50.519277, -10.562065 ], [ -50.522581, -10.540383 ], [ -50.514499, -10.525547 ], [ -50.516336, -10.505132 ], [ -50.503308, -10.495498 ], [ -50.499914, -10.495483 ], [ -50.487334, -10.494215 ], [ -50.481919, -10.488347 ], [ -50.486248, -10.476797 ], [ -50.487415, -10.467559 ], [ -50.48633, -10.461546 ], [ -50.473273, -10.404493 ], [ -50.447834, -10.391159 ], [ -50.44061, -10.375153 ], [ -50.424196, -10.364148 ], [ -50.417834, -10.355869 ], [ -50.424132, -10.333554 ], [ -50.405752, -10.287839 ], [ -50.397643, -10.254018 ], [ -50.382532, -10.224627 ], [ -50.381501, -10.211703 ], [ -50.386308, -10.187037 ], [ -50.38895, -10.174516 ], [ -50.396451, -10.170471 ], [ -50.398303, -10.163689 ], [ -50.391697, -10.13362 ], [ -50.377359, -10.110305 ], [ -50.358946, -10.094091 ], [ -50.354222, -10.076758 ], [ -50.33939, -10.060527 ], [ -50.312001, -10.045248 ], [ -50.302195, -10.035 ], [ -50.293829, -10.015696 ], [ -50.29022, -9.990408 ], [ -50.277482, -9.970362 ], [ -50.278493, -9.954839 ], [ -50.266755, -9.934244 ], [ -50.26383, -9.908087 ], [ -50.243337, -9.870832 ], [ -50.225, -9.853548 ], [ -50.226779, -9.845208 ], [ -50.224357, -9.840744 ], [ -50.217166, -9.834157 ], [ -50.213945, -9.812813 ], [ -50.203335, -9.790505 ], [ -50.197447, -9.758426 ], [ -50.16083, -9.712419 ], [ -50.158668, -9.698981 ], [ -50.150556, -9.695199 ], [ -50.149718, -9.674318 ], [ -50.139609, -9.654095 ], [ -50.138556, -9.627051 ], [ -50.125, -9.618329 ], [ -50.119695, -9.606582 ], [ -50.106921, -9.593872 ], [ -50.106884, -9.572099 ], [ -50.103026, -9.562356 ], [ -50.089114, -9.545285 ], [ -50.093727, -9.525627 ], [ -50.107501, -9.508222 ], [ -50.107421, -9.504135 ], [ -50.100978, -9.499876 ], [ -50.10486, -9.489146 ], [ -50.104889, -9.475003 ], [ -50.089669, -9.431188 ], [ -50.065086, -9.400394 ], [ -50.058111, -9.379439 ], [ -50.053119, -9.373042 ], [ -50.05502, -9.334292 ], [ -50.050305, -9.312661 ], [ -50.047542, -9.307045 ], [ -50.037338, -9.288999 ], [ -50.018674, -9.280806 ], [ -50.004558, -9.268353 ], [ -49.993612, -9.23369 ], [ -49.965701, -9.230458 ], [ -49.943028, -9.200479 ], [ -49.90725, -9.173417 ], [ -49.904805, -9.164899 ], [ -49.909608, -9.153116 ], [ -49.896433, -9.143267 ], [ -49.866886, -9.096686 ], [ -49.862192, -9.081093 ], [ -49.850222, -9.058495 ], [ -49.849889, -9.04631 ], [ -49.842144, -9.02692 ], [ -49.793218, -8.979029 ], [ -49.781087, -8.961691 ], [ -49.770439, -8.938085 ], [ -49.754107, -8.921557 ], [ -49.744643, -8.905759 ], [ -49.728759, -8.898926 ], [ -49.683914, -8.85607 ], [ -49.641054, -8.846314 ], [ -49.612223, -8.845823 ], [ -49.591968, -8.839087 ], [ -49.584141, -8.822918 ], [ -49.570998, -8.808186 ], [ -49.564564, -8.800633 ], [ -49.543002, -8.760991 ], [ -49.489358, -8.691634 ], [ -49.481335, -8.673327 ], [ -49.470919, -8.647692 ], [ -49.463363, -8.639017 ], [ -49.451029, -8.612093 ], [ -49.409446, -8.579599 ], [ -49.402466, -8.563075 ], [ -49.399221, -8.54671 ], [ -49.391749, -8.546622 ], [ -49.393389, -8.54155 ], [ -49.390557, -8.540913 ], [ -49.387475, -8.547629 ], [ -49.382918, -8.545998 ], [ -49.384008, -8.541556 ], [ -49.376442, -8.544918 ], [ -49.362058, -8.543306 ], [ -49.354588, -8.544398 ], [ -49.354422, -8.550562 ], [ -49.352507, -8.548934 ], [ -49.349784, -8.554641 ], [ -49.342144, -8.554831 ], [ -49.33614, -8.568879 ], [ -49.338498, -8.570423 ], [ -49.334947, -8.572239 ], [ -49.338054, -8.576401 ], [ -49.334146, -8.581937 ], [ -49.332224, -8.579949 ], [ -49.322862, -8.584035 ], [ -49.32539, -8.585211 ], [ -49.323386, -8.599804 ], [ -49.317781, -8.601983 ], [ -49.32006, -8.605155 ], [ -49.316144, -8.605162 ], [ -49.315059, -8.612233 ], [ -49.30831, -8.612692 ], [ -49.307026, -8.615948 ], [ -49.310389, -8.617211 ], [ -49.307766, -8.620549 ], [ -49.303832, -8.620666 ], [ -49.303195, -8.616955 ], [ -49.298193, -8.624564 ], [ -49.294638, -8.622034 ], [ -49.293561, -8.632007 ], [ -49.288835, -8.635005 ], [ -49.287715, -8.642234 ], [ -49.275279, -8.654493 ], [ -49.264278, -8.676984 ], [ -49.245059, -8.696838 ], [ -49.246693, -8.702645 ], [ -49.243168, -8.713423 ], [ -49.233976, -8.723217 ], [ -49.227057, -8.752403 ], [ -49.228417, -8.758206 ], [ -49.222693, -8.768908 ], [ -49.226807, -8.795645 ], [ -49.243029, -8.812043 ], [ -49.246136, -8.82853 ], [ -49.244305, -8.836599 ], [ -49.254608, -8.849825 ], [ -49.268557, -8.860244 ], [ -49.255274, -8.875112 ], [ -49.250911, -8.88762 ], [ -49.226831, -8.892893 ], [ -49.22766, -8.906665 ], [ -49.219939, -8.925519 ], [ -49.221662, -8.941996 ], [ -49.207799, -8.942296 ], [ -49.193414, -8.933416 ], [ -49.183305, -8.933241 ], [ -49.169089, -8.945125 ], [ -49.148196, -8.953185 ], [ -49.133448, -8.96796 ], [ -49.124973, -8.969235 ], [ -49.122338, -8.975301 ], [ -49.114862, -8.980015 ], [ -49.111584, -8.991073 ], [ -49.114108, -8.992706 ], [ -49.110026, -8.995331 ], [ -49.102557, -8.991981 ], [ -49.093811, -8.993883 ], [ -49.086918, -9.003726 ], [ -49.070056, -9.007659 ], [ -49.061169, -9.017767 ], [ -49.044397, -9.017507 ], [ -49.036005, -9.021745 ], [ -49.027897, -9.042544 ], [ -49.020862, -9.049576 ], [ -49.006002, -9.04916 ], [ -49.002949, -9.058747 ], [ -48.995777, -9.062128 ], [ -48.992079, -9.057826 ], [ -48.97308, -9.058422 ], [ -48.966442, -9.064602 ], [ -48.96187, -9.065316 ], [ -48.935946, -9.073417 ], [ -48.930414, -9.07979 ], [ -48.907472, -9.067463 ], [ -48.875915, -9.064907 ], [ -48.867476, -9.067898 ], [ -48.859835, -9.065628 ], [ -48.849613, -9.073033 ], [ -48.842254, -9.084914 ], [ -48.836216, -9.082568 ], [ -48.833196, -9.07647 ], [ -48.819473, -9.074294 ], [ -48.813112, -9.077688 ], [ -48.80972, -9.080695 ], [ -48.807725, -9.11679 ], [ -48.805438, -9.119244 ], [ -48.795929, -9.116571 ], [ -48.78961, -9.128214 ], [ -48.78209, -9.13154 ], [ -48.777639, -9.138995 ], [ -48.775535, -9.149321 ], [ -48.777711, -9.165635 ], [ -48.783061, -9.178463 ], [ -48.774784, -9.179355 ], [ -48.764554, -9.193591 ], [ -48.751523, -9.199659 ], [ -48.751727, -9.228318 ], [ -48.748869, -9.231006 ], [ -48.752307, -9.247103 ], [ -48.756025, -9.250138 ], [ -48.756223, -9.256039 ], [ -48.771558, -9.263396 ], [ -48.769123, -9.268253 ], [ -48.762228, -9.280147 ], [ -48.763894, -9.285521 ], [ -48.770305, -9.289684 ], [ -48.764388, -9.303127 ], [ -48.768783, -9.31061 ], [ -48.760422, -9.315776 ], [ -48.758418, -9.320735 ], [ -48.759972, -9.339156 ], [ -48.753834, -9.35152 ], [ -48.759938, -9.375067 ], [ -48.749978, -9.383759 ], [ -48.750237, -9.410154 ], [ -48.753733, -9.41075 ], [ -48.754919, -9.405593 ], [ -48.769446, -9.411847 ], [ -48.776893, -9.406763 ], [ -48.785746, -9.406966 ], [ -48.80034, -9.421904 ], [ -48.798312, -9.440631 ], [ -48.815476, -9.451843 ], [ -48.819699, -9.470048 ], [ -48.810474, -9.484358 ], [ -48.824083, -9.500564 ], [ -48.817561, -9.510987 ], [ -48.829498, -9.518999 ], [ -48.830114, -9.534246 ], [ -48.839865, -9.549244 ], [ -48.852668, -9.551813 ], [ -48.864444, -9.559274 ], [ -48.870999, -9.570456 ], [ -48.873362, -9.582988 ], [ -48.863913, -9.592774 ], [ -48.865117, -9.59822 ], [ -48.858222, -9.602831 ], [ -48.855656, -9.611959 ], [ -48.860921, -9.625624 ], [ -48.856367, -9.629696 ], [ -48.861609, -9.6504 ], [ -48.85264, -9.653745 ], [ -48.860005, -9.677806 ], [ -48.869053, -9.67937 ], [ -48.867363, -9.695254 ], [ -48.862247, -9.699689 ], [ -48.868641, -9.708782 ], [ -48.860225, -9.731574 ], [ -48.853054, -9.730431 ], [ -48.850083, -9.736214 ], [ -48.822893, -9.745 ], [ -48.81647, -9.75088 ], [ -48.812915, -9.747965 ], [ -48.813384, -9.739801 ], [ -48.810472, -9.739155 ], [ -48.808168, -9.743144 ], [ -48.806165, -9.737604 ], [ -48.801331, -9.736143 ], [ -48.798118, -9.73595 ], [ -48.795442, -9.745663 ], [ -48.790063, -9.746913 ], [ -48.785579, -9.739651 ], [ -48.764166, -9.734785 ], [ -48.754309, -9.73794 ], [ -48.745974, -9.732472 ], [ -48.750416, -9.750183 ], [ -48.754358, -9.751008 ], [ -48.749666, -9.760257 ], [ -48.742131, -9.762214 ], [ -48.732108, -9.758672 ], [ -48.717443, -9.7688 ], [ -48.703611, -9.770948 ], [ -48.695046, -9.736765 ], [ -48.680718, -9.757313 ], [ -48.677837, -9.761983 ], [ -48.64994, -9.757649 ], [ -48.65403, -9.769904 ], [ -48.652221, -9.789956 ], [ -48.646362, -9.798933 ], [ -48.64164, -9.817702 ], [ -48.628973, -9.831741 ], [ -48.622916, -9.86411 ], [ -48.640695, -9.896113 ], [ -48.646172, -9.898759 ], [ -48.69653, -9.89336 ], [ -48.722669, -9.90686 ], [ -48.729448, -9.906599 ], [ -48.733671, -9.931122 ], [ -48.738765, -9.939478 ], [ -48.743419, -9.947615 ], [ -48.742835, -9.96881 ], [ -48.804948, -10.049963 ], [ -48.799804, -10.049053 ], [ -48.792865, -10.037083 ], [ -48.784884, -10.034734 ], [ -48.777552, -10.027661 ], [ -48.763669, -10.029937 ], [ -48.75442, -10.035933 ], [ -48.741248, -10.031944 ], [ -48.737832, -10.03811 ], [ -48.726504, -10.04392 ], [ -48.724584, -10.060974 ], [ -48.707865, -10.074684 ], [ -48.706196, -10.08248 ], [ -48.66977, -10.091693 ], [ -48.676002, -10.122481 ], [ -48.690832, -10.14543 ], [ -48.698559, -10.183181 ], [ -48.699719, -10.190416 ], [ -48.694706, -10.196096 ], [ -48.688107, -10.209107 ], [ -48.691221, -10.2238 ], [ -48.681886, -10.22489 ], [ -48.661473, -10.248203 ], [ -48.647002, -10.24838 ], [ -48.641974, -10.244571 ], [ -48.637752, -10.256176 ], [ -48.624555, -10.260087 ], [ -48.619053, -10.27514 ], [ -48.597918, -10.288016 ], [ -48.596646, -10.291911 ], [ -48.603946, -10.305517 ], [ -48.595954, -10.321887 ], [ -48.605417, -10.330916 ], [ -48.614191, -10.331101 ], [ -48.620615, -10.32547 ], [ -48.625748, -10.330452 ], [ -48.622723, -10.33451 ], [ -48.626468, -10.343069 ], [ -48.638024, -10.348151 ], [ -48.647447, -10.346786 ], [ -48.653217, -10.355496 ], [ -48.65928, -10.353861 ], [ -48.661755, -10.362716 ], [ -48.660471, -10.368828 ], [ -48.671081, -10.371553 ], [ -48.673747, -10.375263 ], [ -48.674668, -10.371729 ], [ -48.681527, -10.371004 ], [ -48.680176, -10.373552 ], [ -48.684675, -10.377716 ], [ -48.694556, -10.382708 ], [ -48.696831, -10.377083 ], [ -48.69747, -10.393949 ], [ -48.706803, -10.391772 ], [ -48.705727, -10.401114 ], [ -48.724616, -10.407321 ], [ -48.737133, -10.4081 ], [ -48.74773, -10.414336 ], [ -48.752446, -10.411719 ], [ -48.759142, -10.414258 ], [ -48.759332, -10.419247 ], [ -48.764917, -10.424139 ], [ -48.759887, -10.42732 ], [ -48.757586, -10.435397 ], [ -48.767385, -10.451622 ], [ -48.768496, -10.459609 ], [ -48.778108, -10.457155 ], [ -48.786107, -10.467308 ], [ -48.794806, -10.462779 ], [ -48.808641, -10.469669 ], [ -48.802416, -10.486905 ], [ -48.80483, -10.489164 ], [ -48.809385, -10.506605 ], [ -48.806888, -10.512851 ], [ -48.813247, -10.530005 ], [ -48.80914, -10.544029 ], [ -48.826497, -10.558338 ], [ -48.836774, -10.569014 ], [ -48.855718, -10.576764 ], [ -48.865053, -10.60272 ], [ -48.864641, -10.615412 ], [ -48.871469, -10.622324 ], [ -48.879634, -10.622722 ], [ -48.888498, -10.627836 ], [ -48.897389, -10.646717 ], [ -48.908636, -10.653562 ], [ -48.922137, -10.64482 ], [ -48.927085, -10.645025 ], [ -48.938609, -10.650048 ], [ -48.941802, -10.656134 ], [ -48.960163, -10.669619 ], [ -48.965169, -10.666543 ], [ -48.965153, -10.679353 ], [ -48.961089, -10.688461 ], [ -48.965403, -10.710739 ], [ -48.960619, -10.751915 ], [ -48.966508, -10.756702 ], [ -48.981907, -10.764289 ], [ -49.008079, -10.768114 ], [ -49.021158, -10.780395 ], [ -49.028033, -10.779218 ], [ -49.03533, -10.783091 ], [ -49.038608, -10.791844 ], [ -49.050362, -10.793735 ], [ -49.06169, -10.809636 ], [ -49.071554, -10.810291 ], [ -49.075025, -10.816147 ], [ -49.084993, -10.813416 ], [ -49.090668, -10.806054 ], [ -49.093613, -10.809908 ], [ -49.104361, -10.807658 ], [ -49.109308, -10.81497 ], [ -49.127628, -10.812849 ], [ -49.133033, -10.808101 ], [ -49.139878, -10.813591 ], [ -49.155949, -10.79342 ], [ -49.164939, -10.800691 ], [ -49.17759, -10.796996 ], [ -49.185361, -10.804572 ], [ -49.205913, -10.797117 ], [ -49.214387, -10.776015 ], [ -49.227031, -10.761583 ], [ -49.234392, -10.76154 ], [ -49.24297, -10.755105 ], [ -49.274054, -10.758763 ], [ -49.280973, -10.754457 ], [ -49.286466, -10.758239 ], [ -49.295472, -10.749332 ], [ -49.300165, -10.751384 ], [ -49.306809, -10.746437 ], [ -49.31633, -10.747905 ], [ -49.32044, -10.738819 ], [ -49.325468, -10.738012 ], [ -49.324998, -10.741453 ], [ -49.338633, -10.740606 ], [ -49.359247, -10.748749 ], [ -49.367419, -10.759599 ], [ -49.374725, -10.752385 ], [ -49.388832, -10.759291 ], [ -49.404027, -10.777323 ], [ -49.419862, -10.783959 ], [ -49.424417, -10.782693 ], [ -49.434057, -10.796633 ], [ -49.443151, -10.803509 ], [ -49.453192, -10.804758 ], [ -49.465497, -10.816257 ], [ -49.483886, -10.815672 ], [ -49.494689, -10.821839 ], [ -49.500474, -10.822459 ], [ -49.501589, -10.828306 ], [ -49.512858, -10.837611 ], [ -49.521524, -10.834361 ], [ -49.527304, -10.838577 ], [ -49.542799, -10.83171 ], [ -49.55216, -10.834558 ], [ -49.554892, -10.827303 ], [ -49.561551, -10.833608 ], [ -49.559311, -10.842401 ], [ -49.570915, -10.850846 ] ] ] } },
{ "type": "Feature", "properties": { "HREG_ID": "17008", "HREG_NAME": "Amor Perfeito", "id": "170370", "name": "Brejinho de Nazaré", "description": "Brejinho de Nazaré", "MUN_ID": "170370", "UF": "TO", "MACRO_ID": "1702", "MACRO_NAME": "Macrorregião Centro-Sul" }, "geometry": { "type": "Polygon", "coordinates": [ [ [ -48.179193, -11.594365 ], [ -48.187279, -11.585259 ], [ -48.199645, -11.577794 ], [ -48.212456, -11.58888 ], [ -48.219578, -11.58639 ], [ -48.231327, -11.574292 ], [ -48.240003, -11.570264 ], [ -48.253826, -11.545799 ], [ -48.287053, -11.532794 ], [ -48.289144, -11.525649 ], [ -48.293529, -11.496067 ], [ -48.298529, -11.48902 ], [ -48.30558, -11.482544 ], [ -48.31769, -11.482888 ], [ -48.335625, -11.472887 ], [ -48.33897, -11.463101 ], [ -48.355525, -11.450199 ], [ -48.358802, -11.441927 ], [ -48.341387, -11.431055 ], [ -48.342441, -11.425189 ], [ -48.363831, -11.40849 ], [ -48.366503, -11.399927 ], [ -48.374938, -11.395021 ], [ -48.386054, -11.365693 ], [ -48.398584, -11.367846 ], [ -48.426219, -11.355175 ], [ -48.432697, -11.349137 ], [ -48.450862, -11.318673 ], [ -48.457386, -11.300938 ], [ -48.478529, -11.362923 ], [ -48.501413, -11.385382 ], [ -48.51289, -11.391051 ], [ -48.527834, -11.389731 ], [ -48.542086, -11.382931 ], [ -48.547612, -11.369512 ], [ -48.547971, -11.349183 ], [ -48.565811, -11.326065 ], [ -48.565672, -11.313452 ], [ -48.570419, -11.307083 ], [ -48.583199, -11.303219 ], [ -48.592029, -11.285211 ], [ -48.596999, -11.286284 ], [ -48.600832, -11.283271 ], [ -48.601449, -11.275831 ], [ -48.629476, -11.278487 ], [ -48.630445, -11.266693 ], [ -48.636361, -11.262376 ], [ -48.647002, -11.225704 ], [ -48.644751, -11.214967 ], [ -48.651106, -11.198909 ], [ -48.645357, -11.188381 ], [ -48.656469, -11.181611 ], [ -48.663309, -11.186186 ], [ -48.674417, -11.184244 ], [ -48.687969, -11.189801 ], [ -48.695578, -11.175207 ], [ -48.712084, -11.16951 ], [ -48.716851, -11.164011 ], [ -48.710228, -11.147926 ], [ -48.709885, -11.131706 ], [ -48.714637, -11.124601 ], [ -48.719055, -11.124761 ], [ -48.735055, -11.14664 ], [ -48.740916, -11.138721 ], [ -48.749749, -11.141855 ], [ -48.762692, -11.123638 ], [ -48.767614, -11.130422 ], [ -48.777332, -11.127567 ], [ -48.78222, -11.130167 ], [ -48.783332, -11.136243 ], [ -48.789138, -11.137128 ], [ -48.793608, -11.132476 ], [ -48.798861, -11.133537 ], [ -48.803056, -11.125166 ], [ -48.808413, -11.130216 ], [ -48.811806, -11.12848 ], [ -48.812307, -11.120406 ], [ -48.816872, -11.119571 ], [ -48.815666, -11.115302 ], [ -48.820913, -11.117183 ], [ -48.829612, -11.107786 ], [ -48.839446, -11.108648 ], [ -48.849611, -11.104418 ], [ -48.853972, -11.108299 ], [ -48.857053, -11.104472 ], [ -48.857168, -11.097912 ], [ -48.841583, -11.078842 ], [ -48.829725, -11.051063 ], [ -48.838596, -11.024017 ], [ -48.840786, -11.005642 ], [ -48.854091, -10.993675 ], [ -48.853117, -10.967267 ], [ -48.856026, -10.957594 ], [ -48.851612, -10.939364 ], [ -48.857725, -10.927064 ], [ -48.871249, -10.917424 ], [ -48.868331, -10.890311 ], [ -48.879141, -10.872323 ], [ -48.886668, -10.850327 ], [ -48.89825, -10.844214 ], [ -48.980091, -10.843122 ], [ -48.997557, -10.841971 ], [ -49.007582, -10.812229 ], [ -49.011595, -10.785444 ], [ -49.021158, -10.780395 ], [ -49.008079, -10.768114 ], [ -48.981907, -10.764289 ], [ -48.966508, -10.756702 ], [ -48.960619, -10.751915 ], [ -48.965403, -10.710739 ], [ -48.961089, -10.688461 ], [ -48.965153, -10.679353 ], [ -48.965169, -10.666543 ], [ -48.960163, -10.669619 ], [ -48.941802, -10.656134 ], [ -48.938609, -10.650048 ], [ -48.927085, -10.645025 ], [ -48.922137, -10.64482 ], [ -48.908636, -10.653562 ], [ -48.897389, -10.646717 ], [ -48.888498, -10.627836 ], [ -48.879634, -10.622722 ], [ -48.871469, -10.622324 ], [ -48.864641, -10.615412 ], [ -48.865053, -10.60272 ], [ -48.855718, -10.576764 ], [ -48.836774, -10.569014 ], [ -48.826497, -10.558338 ], [ -48.80914, -10.544029 ], [ -48.813247, -10.530005 ], [ -48.806888, -10.512851 ], [ -48.809385, -10.506605 ], [ -48.80483, -10.489164 ], [ -48.802416, -10.486905 ], [ -48.808641, -10.469669 ], [ -48.794806, -10.462779 ], [ -48.786107, -10.467308 ], [ -48.778108, -10.457155 ], [ -48.768496, -10.459609 ], [ -48.767385, -10.451622 ], [ -48.757586, -10.435397 ], [ -48.759887, -10.42732 ], [ -48.764917, -10.424139 ], [ -48.759332, -10.419247 ], [ -48.759142, -10.414258 ], [ -48.752446, -10.411719 ], [ -48.74773, -10.414336 ], [ -48.737133, -10.4081 ], [ -48.724616, -10.407321 ], [ -48.705727, -10.401114 ], [ -48.706803, -10.391772 ], [ -48.69747, -10.393949 ], [ -48.696831, -10.377083 ], [ -48.694556, -10.382708 ], [ -48.684675, -10.377716 ], [ -48.680176, -10.373552 ], [ -48.681527, -10.371004 ], [ -48.674668, -10.371729 ], [ -48.673747, -10.375263 ], [ -48.671081, -10.371553 ], [ -48.660471, -10.368828 ], [ -48.661755, -10.362716 ], [ -48.65928, -10.353861 ], [ -48.653217, -10.355496 ], [ -48.647447, -10.346786 ], [ -48.638024, -10.348151 ], [ -48.626468, -10.343069 ], [ -48.622723, -10.33451 ], [ -48.625748, -10.330452 ], [ -48.620615, -10.32547 ], [ -48.614191, -10.331101 ], [ -48.605417, -10.330916 ], [ -48.595954, -10.321887 ], [ -48.603946, -10.305517 ], [ -48.596646, -10.291911 ], [ -48.597918, -10.288016 ], [ -48.619053, -10.27514 ], [ -48.624555, -10.260087 ], [ -48.637752, -10.256176 ], [ -48.641974, -10.244571 ], [ -48.647002, -10.24838 ], [ -48.661473, -10.248203 ], [ -48.681886, -10.22489 ], [ -48.691221, -10.2238 ], [ -48.688107, -10.209107 ], [ -48.694706, -10.196096 ], [ -48.699719, -10.190416 ], [ -48.698559, -10.183181 ], [ -48.690832, -10.14543 ], [ -48.676002, -10.122481 ], [ -48.66977, -10.091693 ], [ -48.664838, -10.086125 ], [ -48.659722, -10.087389 ], [ -48.654306, -10.080868 ], [ -48.648634, -10.085485 ], [ -48.636642, -10.08195 ], [ -48.63592, -10.072612 ], [ -48.624753, -10.079133 ], [ -48.620444, -10.067622 ], [ -48.615694, -10.064088 ], [ -48.597834, -10.063907 ], [ -48.598389, -10.05202 ], [ -48.593807, -10.048489 ], [ -48.594919, -10.045041 ], [ -48.586587, -10.04477 ], [ -48.577971, -10.026816 ], [ -48.569555, -10.027812 ], [ -48.561193, -10.039515 ], [ -48.555746, -10.041137 ], [ -48.538553, -10.035058 ], [ -48.527197, -10.038956 ], [ -48.519416, -10.032149 ], [ -48.513108, -10.043578 ], [ -48.504502, -10.042306 ], [ -48.502225, -10.037593 ], [ -48.497023, -10.040962 ], [ -48.496997, -10.032236 ], [ -48.484675, -10.029488 ], [ -48.483202, -10.026445 ], [ -48.463966, -10.032572 ], [ -48.460561, -10.027567 ], [ -48.464802, -10.026961 ], [ -48.45819, -10.020136 ], [ -48.449311, -10.016983 ], [ -48.446178, -10.023788 ], [ -48.443139, -10.018168 ], [ -48.439143, -10.019784 ], [ -48.435196, -10.017118 ], [ -48.429971, -10.025621 ], [ -48.42395, -10.0228 ], [ -48.417885, -10.032076 ], [ -48.410837, -10.031597 ], [ -48.410696, -10.036589 ], [ -48.40203, -10.044429 ], [ -48.403581, -10.051195 ], [ -48.396366, -10.043813 ], [ -48.397276, -10.04747 ], [ -48.392668, -10.047701 ], [ -48.385831, -10.055686 ], [ -48.365561, -10.056739 ], [ -48.367758, -10.063156 ], [ -48.379319, -10.072506 ], [ -48.384636, -10.08136 ], [ -48.39253, -10.111037 ], [ -48.415962, -10.172173 ], [ -48.421175, -10.191561 ], [ -48.422557, -10.203166 ], [ -48.411506, -10.224698 ], [ -48.38828, -10.232113 ], [ -48.382201, -10.242475 ], [ -48.383975, -10.256697 ], [ -48.395944, -10.276308 ], [ -48.402918, -10.2955 ], [ -48.403276, -10.333121 ], [ -48.408346, -10.358596 ], [ -48.400637, -10.382383 ], [ -48.368442, -10.409259 ], [ -48.339724, -10.408789 ], [ -48.321107, -10.414417 ], [ -48.310812, -10.411594 ], [ -48.305356, -10.416587 ], [ -48.295083, -10.410476 ], [ -48.27919, -10.413461 ], [ -48.264135, -10.411112 ], [ -48.25689, -10.401722 ], [ -48.237632, -10.388531 ], [ -48.222981, -10.383799 ], [ -48.220406, -10.382739 ], [ -48.210079, -10.382988 ], [ -48.204578, -10.377286 ], [ -48.193637, -10.380688 ], [ -48.189863, -10.378397 ], [ -48.182929, -10.385094 ], [ -48.176448, -10.398691 ], [ -48.177109, -10.408721 ], [ -48.172114, -10.422469 ], [ -48.153884, -10.432332 ], [ -48.140088, -10.457726 ], [ -48.083748, -10.459754 ], [ -48.083626, -10.459759 ], [ -48.064972, -10.43749 ], [ -48.046948, -10.388974 ], [ -48.031045, -10.394808 ], [ -48.02129, -10.389469 ], [ -48.009721, -10.378128 ], [ -48.007922, -10.367993 ], [ -48.000808, -10.363054 ], [ -47.994964, -10.342751 ], [ -47.987841, -10.338554 ], [ -47.98414, -10.331033 ], [ -47.96952, -10.322644 ], [ -47.961238, -10.321802 ], [ -47.944764, -10.310036 ], [ -47.939208, -10.298733 ], [ -47.927388, -10.294811 ], [ -47.91461, -10.308241 ], [ -47.905941, -10.308534 ], [ -47.889646, -10.316249 ], [ -47.878345, -10.315763 ], [ -47.870902, -10.305949 ], [ -47.854638, -10.311411 ], [ -47.856419, -10.322119 ], [ -47.867579, -10.328905 ], [ -47.862866, -10.352124 ], [ -47.86619, -10.371717 ], [ -47.860022, -10.379779 ], [ -47.841893, -10.38124 ], [ -47.837446, -10.395001 ], [ -47.825912, -10.39958 ], [ -47.823136, -10.407418 ], [ -47.805277, -10.408501 ], [ -47.798143, -10.403943 ], [ -47.787716, -10.409116 ], [ -47.783665, -10.406632 ], [ -47.779148, -10.410658 ], [ -47.77633, -10.406705 ], [ -47.771474, -10.415656 ], [ -47.76911, -10.411045 ], [ -47.762862, -10.417926 ], [ -47.752557, -10.415299 ], [ -47.752805, -10.421379 ], [ -47.745996, -10.411738 ], [ -47.740946, -10.411324 ], [ -47.73799, -10.415027 ], [ -47.737082, -10.411729 ], [ -47.734011, -10.41311 ], [ -47.728737, -10.408924 ], [ -47.723299, -10.401708 ], [ -47.716363, -10.404119 ], [ -47.709253, -10.399281 ], [ -47.695356, -10.40459 ], [ -47.694221, -10.401793 ], [ -47.677226, -10.400315 ], [ -47.676972, -10.394061 ], [ -47.669867, -10.398021 ], [ -47.672664, -10.393186 ], [ -47.667618, -10.393556 ], [ -47.655972, -10.395341 ], [ -47.656029, -10.402063 ], [ -47.645965, -10.405161 ], [ -47.643244, -10.398564 ], [ -47.631554, -10.40403 ], [ -47.630777, -10.400132 ], [ -47.619366, -10.406972 ], [ -47.621249, -10.412671 ], [ -47.616063, -10.418355 ], [ -47.612357, -10.414122 ], [ -47.604386, -10.414015 ], [ -47.60325, -10.410571 ], [ -47.593336, -10.409664 ], [ -47.587351, -10.412962 ], [ -47.581752, -10.408228 ], [ -47.566443, -10.421008 ], [ -47.548197, -10.422632 ], [ -47.543636, -10.427859 ], [ -47.540187, -10.424648 ], [ -47.530974, -10.43679 ], [ -47.521445, -10.440965 ], [ -47.520726, -10.45224 ], [ -47.510217, -10.448525 ], [ -47.507585, -10.451093 ], [ -47.512058, -10.456863 ], [ -47.507105, -10.459181 ], [ -47.50058, -10.457153 ], [ -47.496056, -10.460334 ], [ -47.49595, -10.470564 ], [ -47.488641, -10.471442 ], [ -47.486941, -10.489573 ], [ -47.480117, -10.495334 ], [ -47.478692, -10.505251 ], [ -47.468585, -10.507574 ], [ -47.46266, -10.530936 ], [ -47.4547, -10.536302 ], [ -47.442101, -10.521149 ], [ -47.435222, -10.523718 ], [ -47.429188, -10.525971 ], [ -47.423739, -10.51961 ], [ -47.398555, -10.512778 ], [ -47.303808, -10.439151 ], [ -47.287399, -10.426322 ], [ -47.290629, -10.422806 ], [ -47.288854, -10.406004 ], [ -47.27411, -10.406337 ], [ -47.258425, -10.400665 ], [ -47.251929, -10.394865 ], [ -47.235464, -10.393836 ], [ -47.231098, -10.388667 ], [ -47.211438, -10.406295 ], [ -47.182747, -10.399407 ], [ -47.168293, -10.400397 ], [ -47.147452, -10.396274 ], [ -47.125144, -10.381754 ], [ -47.117813, -10.355634 ], [ -47.110309, -10.351914 ], [ -47.102061, -10.341266 ], [ -47.094986, -10.367507 ], [ -47.088666, -10.364881 ], [ -47.073275, -10.35887 ], [ -47.065016, -10.341256 ], [ -47.05576, -10.336802 ], [ -47.048475, -10.316926 ], [ -47.044633, -10.317843 ], [ -47.036563, -10.331028 ], [ -47.032285, -10.330952 ], [ -47.029159, -10.323093 ], [ -47.0348, -10.31012 ], [ -47.020027, -10.306845 ], [ -47.02335, -10.303032 ], [ -47.018247, -10.302344 ], [ -47.02345, -10.29096 ], [ -47.022785, -10.284868 ], [ -47.014533, -10.281054 ], [ -47.016069, -10.2746 ], [ -47.013215, -10.270504 ], [ -47.006949, -10.267919 ], [ -46.988309, -10.274871 ], [ -46.987221, -10.268832 ], [ -46.977051, -10.26572 ], [ -46.976573, -10.257002 ], [ -46.988527, -10.253161 ], [ -46.990159, -10.246411 ], [ -46.995149, -10.244843 ], [ -46.978567, -10.227791 ], [ -46.971731, -10.214352 ], [ -46.961018, -10.205365 ], [ -46.955483, -10.19056 ], [ -46.94552, -10.179515 ], [ -46.947244, -10.175786 ], [ -46.937159, -10.183676 ], [ -46.926416, -10.175942 ], [ -46.92653, -10.180295 ], [ -46.91558, -10.1858 ], [ -46.906331, -10.186043 ], [ -46.901534, -10.193884 ], [ -46.89383, -10.194626 ], [ -46.883308, -10.190607 ], [ -46.859855, -10.193005 ], [ -46.855438, -10.186859 ], [ -46.84639, -10.187364 ], [ -46.843258, -10.183217 ], [ -46.838308, -10.183696 ], [ -46.837075, -10.176893 ], [ -46.816591, -10.160469 ], [ -46.800283, -10.161225 ], [ -46.79819, -10.16395 ], [ -46.785828, -10.162567 ], [ -46.783855, -10.159756 ], [ -46.777247, -10.152005 ], [ -46.768815, -10.157565 ], [ -46.755637, -10.148125 ], [ -46.749145, -10.153148 ], [ -46.742273, -10.152008 ], [ -46.734773, -10.151948 ], [ -46.72138, -10.159081 ], [ -46.712995, -10.151881 ], [ -46.705328, -10.158031 ], [ -46.69097, -10.159693 ], [ -46.690051, -10.163691 ], [ -46.680003, -10.162295 ], [ -46.672767, -10.17261 ], [ -46.667786, -10.17778 ], [ -46.66654, -10.18649 ], [ -46.658033, -10.185996 ], [ -46.655253, -10.196152 ], [ -46.647838, -10.194828 ], [ -46.64155, -10.205383 ], [ -46.644689, -10.206087 ], [ -46.643055, -10.208914 ], [ -46.635996, -10.211394 ], [ -46.632413, -10.209233 ], [ -46.630889, -10.2136 ], [ -46.621743, -10.217364 ], [ -46.617614, -10.211576 ], [ -46.614444, -10.223568 ], [ -46.607335, -10.225412 ], [ -46.604944, -10.227596 ], [ -46.598385, -10.21448 ], [ -46.595352, -10.218217 ], [ -46.584226, -10.219071 ], [ -46.579808, -10.215658 ], [ -46.57669, -10.217297 ], [ -46.573833, -10.211873 ], [ -46.568912, -10.215525 ], [ -46.563139, -10.214731 ], [ -46.56291, -10.20848 ], [ -46.551272, -10.206709 ], [ -46.548055, -10.202105 ], [ -46.545695, -10.206651 ], [ -46.534973, -10.201534 ], [ -46.531689, -10.205356 ], [ -46.524892, -10.200398 ], [ -46.512972, -10.205435 ], [ -46.499388, -10.203699 ], [ -46.49414, -10.207766 ], [ -46.49153, -10.203986 ], [ -46.477699, -10.203635 ], [ -46.472468, -10.210324 ], [ -46.462789, -10.211809 ], [ -46.453025, -10.208884 ], [ -46.442955, -10.214749 ], [ -46.438163, -10.213525 ], [ -46.436028, -10.217275 ], [ -46.425832, -10.215328 ], [ -46.419809, -10.210514 ], [ -46.391333, -10.211997 ], [ -46.369361, -10.222985 ], [ -46.360211, -10.221213 ], [ -46.349195, -10.210293 ], [ -46.329881, -10.206294 ], [ -46.319194, -10.208519 ], [ -46.294108, -10.229912 ], [ -46.28264, -10.226981 ], [ -46.263249, -10.196747 ], [ -46.219359, -10.195328 ], [ -46.211587, -10.202233 ], [ -46.194442, -10.182567 ], [ -46.16528, -10.212726 ], [ -46.139994, -10.20634 ], [ -46.126621, -10.206808 ], [ -46.099307, -10.212483 ], [ -46.05044, -10.181254 ], [ -46.038589, -10.176317 ], [ -46.02786, -10.176452 ], [ -46.022803, -10.182963 ], [ -46.017306, -10.239974 ], [ -46.003633, -10.26124 ], [ -45.994501, -10.249692 ], [ -45.973529, -10.247952 ], [ -45.945901, -10.258411 ], [ -45.925361, -10.249845 ], [ -45.877442, -10.238918 ], [ -45.842801, -10.258837 ], [ -45.793327, -10.267254 ], [ -45.743609, -10.239538 ], [ -45.733436, -10.228178 ], [ -45.726406, -10.206685 ], [ -45.733841, -10.184618 ], [ -45.734581, -10.171748 ], [ -45.726223, -10.156437 ], [ -45.722675, -10.154741 ], [ -45.715436, -10.166483 ], [ -45.698864, -10.166436 ], [ -45.699773, -10.178047 ], [ -45.705499, -10.187861 ], [ -45.697727, -10.215026 ], [ -45.697114, -10.263148 ], [ -45.705193, -10.269755 ], [ -45.714086, -10.284074 ], [ -45.723635, -10.316803 ], [ -45.742658, -10.346314 ], [ -45.752834, -10.351892 ], [ -45.797051, -10.352286 ], [ -45.817854, -10.360053 ], [ -45.826966, -10.367822 ], [ -45.83044, -10.393648 ], [ -45.820716, -10.405315 ], [ -45.819941, -10.41347 ], [ -45.830354, -10.438316 ], [ -45.864384, -10.438462 ], [ -45.88722, -10.448764 ], [ -45.900299, -10.460455 ], [ -45.906272, -10.473265 ], [ -45.961666, -10.509288 ], [ -45.970769, -10.528156 ], [ -45.983716, -10.529597 ], [ -45.993908, -10.535946 ], [ -46.013553, -10.535038 ], [ -46.024608, -10.542358 ], [ -46.027356, -10.566673 ], [ -46.036079, -10.569341 ], [ -46.059463, -10.574074 ], [ -46.059049, -10.59303 ], [ -46.064084, -10.602344 ], [ -46.076664, -10.606698 ], [ -46.095221, -10.604156 ], [ -46.115643, -10.619115 ], [ -46.136915, -10.621863 ], [ -46.155944, -10.629519 ], [ -46.166971, -10.618923 ], [ -46.187468, -10.626117 ], [ -46.18877, -10.631359 ], [ -46.210554, -10.649251 ], [ -46.211613, -10.654136 ], [ -46.187525, -10.682612 ], [ -46.190308, -10.71003 ], [ -46.192142, -10.719296 ], [ -46.217455, -10.732544 ], [ -46.25101, -10.756653 ], [ -46.249541, -10.761823 ], [ -46.227198, -10.766375 ], [ -46.229381, -10.798158 ], [ -46.233438, -10.804363 ], [ -46.245885, -10.811974 ], [ -46.272676, -10.820272 ], [ -46.283523, -10.831634 ], [ -46.296944, -10.866836 ], [ -46.2831, -10.897104 ], [ -46.282997, -10.906328 ], [ -46.316935, -10.927173 ], [ -46.328301, -10.942198 ], [ -46.35477, -10.957326 ], [ -46.377511, -10.980438 ], [ -46.398515, -10.99397 ], [ -46.405712, -11.019269 ], [ -46.421321, -11.035503 ], [ -46.447138, -11.091894 ], [ -46.452954, -11.155766 ], [ -46.471939, -11.190759 ], [ -46.487719, -11.204639 ], [ -46.499887, -11.206506 ], [ -46.58164, -11.246348 ], [ -46.608625, -11.255306 ], [ -46.636178, -11.228707 ], [ -46.643098, -11.225625 ], [ -46.676305, -11.216619 ], [ -46.686589, -11.206557 ], [ -46.69075, -11.19453 ], [ -46.683814, -11.173865 ], [ -46.697161, -11.136922 ], [ -46.702979, -11.129227 ], [ -46.71633, -11.123413 ], [ -46.744362, -11.123358 ], [ -46.758253, -11.102684 ], [ -46.763809, -11.09933 ], [ -46.780941, -11.101833 ], [ -46.782495, -11.097222 ], [ -46.790385, -11.097973 ], [ -46.795002, -11.090509 ], [ -46.811884, -11.096823 ], [ -46.832751, -11.091157 ], [ -46.83614, -11.096431 ], [ -46.843578, -11.097625 ], [ -46.853467, -11.11228 ], [ -46.864246, -11.110072 ], [ -46.882002, -11.122196 ], [ -46.888553, -11.119391 ], [ -46.908154, -11.122767 ], [ -46.921139, -11.133984 ], [ -46.927773, -11.132168 ], [ -46.934115, -11.140328 ], [ -46.939082, -11.13931 ], [ -46.94158, -11.14433 ], [ -46.951112, -11.146279 ], [ -46.962748, -11.154687 ], [ -46.970559, -11.153124 ], [ -46.982741, -11.16374 ], [ -47.001257, -11.163074 ], [ -47.007439, -11.155334 ], [ -47.020137, -11.162426 ], [ -47.020553, -11.161475 ], [ -47.037663, -11.15377 ], [ -47.054027, -11.133646 ], [ -47.063588, -11.133329 ], [ -47.06702, -11.138153 ], [ -47.071662, -11.131017 ], [ -47.090875, -11.124319 ], [ -47.094062, -11.117545 ], [ -47.104052, -11.11269 ], [ -47.107054, -11.105003 ], [ -47.121744, -11.103538 ], [ -47.125333, -11.106283 ], [ -47.141552, -11.085512 ], [ -47.147307, -11.073482 ], [ -47.146972, -11.0655 ], [ -47.150083, -11.06706 ], [ -47.153615, -11.05973 ], [ -47.158307, -11.058755 ], [ -47.155138, -11.050587 ], [ -47.159583, -11.043638 ], [ -47.169107, -11.045035 ], [ -47.173912, -11.039534 ], [ -47.181171, -11.039567 ], [ -47.183836, -11.036322 ], [ -47.192814, -11.038808 ], [ -47.190167, -11.036534 ], [ -47.195443, -11.026862 ], [ -47.199851, -11.029952 ], [ -47.213002, -11.02277 ], [ -47.220694, -11.024979 ], [ -47.221221, -11.007675 ], [ -47.231303, -11.009449 ], [ -47.240133, -11.005776 ], [ -47.245887, -10.996683 ], [ -47.251081, -10.995374 ], [ -47.256415, -11.004092 ], [ -47.259007, -10.989079 ], [ -47.262027, -10.988176 ], [ -47.265387, -10.977616 ], [ -47.268149, -10.983298 ], [ -47.283524, -10.982147 ], [ -47.283387, -10.984951 ], [ -47.297999, -10.988766 ], [ -47.302805, -10.99754 ], [ -47.315611, -10.993771 ], [ -47.318577, -10.988842 ], [ -47.318414, -10.998648 ], [ -47.326938, -10.995564 ], [ -47.332602, -11.00484 ], [ -47.327754, -11.025208 ], [ -47.326784, -11.058275 ], [ -47.338915, -11.087973 ], [ -47.336309, -11.097924 ], [ -47.326275, -11.103959 ], [ -47.318335, -11.120056 ], [ -47.320665, -11.132114 ], [ -47.313414, -11.146591 ], [ -47.313587, -11.156958 ], [ -47.316764, -11.162108 ], [ -47.332971, -11.171056 ], [ -47.334859, -11.175769 ], [ -47.352583, -11.179107 ], [ -47.356219, -11.183114 ], [ -47.372246, -11.210816 ], [ -47.362864, -11.216584 ], [ -47.374471, -11.232849 ], [ -47.375139, -11.243639 ], [ -47.381944, -11.246028 ], [ -47.381897, -11.253394 ], [ -47.389027, -11.259642 ], [ -47.396389, -11.25922 ], [ -47.409186, -11.267532 ], [ -47.395947, -11.273813 ], [ -47.401471, -11.297394 ], [ -47.406384, -11.304029 ], [ -47.404245, -11.310278 ], [ -47.413632, -11.329157 ], [ -47.421138, -11.337072 ], [ -47.427025, -11.35295 ], [ -47.439579, -11.365602 ], [ -47.43891, -11.368409 ], [ -47.447339, -11.369155 ], [ -47.460496, -11.390147 ], [ -47.464606, -11.398319 ], [ -47.459722, -11.405092 ], [ -47.469164, -11.408934 ], [ -47.472334, -11.421817 ], [ -47.468987, -11.434496 ], [ -47.47283, -11.435319 ], [ -47.47456, -11.442302 ], [ -47.481526, -11.442689 ], [ -47.478469, -11.452922 ], [ -47.482556, -11.462537 ], [ -47.478638, -11.479014 ], [ -47.472445, -11.487513 ], [ -47.477581, -11.517982 ], [ -47.47256, -11.523435 ], [ -47.466028, -11.523093 ], [ -47.459803, -11.527456 ], [ -47.464936, -11.532511 ], [ -47.462942, -11.540662 ], [ -47.457805, -11.535606 ], [ -47.454775, -11.539418 ], [ -47.44533, -11.53944 ], [ -47.447074, -11.541225 ], [ -47.436803, -11.546081 ], [ -47.43525, -11.551682 ], [ -47.430391, -11.552434 ], [ -47.429496, -11.562754 ], [ -47.422702, -11.564251 ], [ -47.428912, -11.583938 ], [ -47.435417, -11.583296 ], [ -47.437431, -11.591196 ], [ -47.433357, -11.597695 ], [ -47.441076, -11.602743 ], [ -47.440751, -11.608896 ], [ -47.448273, -11.612681 ], [ -47.449667, -11.617844 ], [ -47.43811, -11.62693 ], [ -47.440611, -11.631989 ], [ -47.43375, -11.635537 ], [ -47.431275, -11.642975 ], [ -47.433142, -11.655009 ], [ -47.441603, -11.668678 ], [ -47.440697, -11.690659 ], [ -47.447858, -11.689198 ], [ -47.444308, -11.700969 ], [ -47.454304, -11.69986 ], [ -47.457582, -11.715606 ], [ -47.450415, -11.721597 ], [ -47.450357, -11.731024 ], [ -47.446221, -11.731754 ], [ -47.444251, -11.741621 ], [ -47.435636, -11.753969 ], [ -47.437413, -11.764102 ], [ -47.428778, -11.771462 ], [ -47.425331, -11.78058 ], [ -47.422665, -11.785329 ], [ -47.42811, -11.788942 ], [ -47.430302, -11.785219 ], [ -47.433038, -11.786209 ], [ -47.436664, -11.791265 ], [ -47.434744, -11.796432 ], [ -47.439441, -11.800223 ], [ -47.436139, -11.803674 ], [ -47.443608, -11.81515 ], [ -47.441807, -11.822755 ], [ -47.450274, -11.827802 ], [ -47.448912, -11.833782 ], [ -47.455528, -11.832684 ], [ -47.455994, -11.837116 ], [ -47.464832, -11.83981 ], [ -47.463751, -11.847503 ], [ -47.475219, -11.841584 ], [ -47.483774, -11.84609 ], [ -47.490583, -11.841269 ], [ -47.493246, -11.84434 ], [ -47.497196, -11.843058 ], [ -47.500975, -11.849001 ], [ -47.511271, -11.845598 ], [ -47.512778, -11.860739 ], [ -47.526028, -11.865513 ], [ -47.521832, -11.869887 ], [ -47.522836, -11.875545 ], [ -47.540754, -11.874948 ], [ -47.540505, -11.878592 ], [ -47.546189, -11.882258 ], [ -47.546505, -11.890826 ], [ -47.55358, -11.902927 ], [ -47.552341, -11.911173 ], [ -47.53454, -11.918957 ], [ -47.528634, -11.915888 ], [ -47.520771, -11.917569 ], [ -47.50397, -11.930234 ], [ -47.498419, -11.938124 ], [ -47.501527, -11.946361 ], [ -47.494976, -11.948819 ], [ -47.494694, -11.954068 ], [ -47.485975, -11.95573 ], [ -47.483795, -11.960066 ], [ -47.475051, -11.963907 ], [ -47.461136, -11.981602 ], [ -47.447717, -11.990243 ], [ -47.446468, -12.003872 ], [ -47.45555, -12.015728 ], [ -47.456109, -12.02488 ], [ -47.461109, -12.028491 ], [ -47.470501, -12.059023 ], [ -47.475028, -12.062544 ], [ -47.472302, -12.070354 ], [ -47.473445, -12.084128 ], [ -47.479253, -12.089826 ], [ -47.475049, -12.101618 ], [ -47.476305, -12.117662 ], [ -47.478833, -12.128172 ], [ -47.484831, -12.132419 ], [ -47.485888, -12.144469 ], [ -47.482663, -12.147107 ], [ -47.485715, -12.154539 ], [ -47.483195, -12.165517 ], [ -47.489275, -12.165317 ], [ -47.490133, -12.180543 ], [ -47.495218, -12.186144 ], [ -47.51266, -12.186623 ], [ -47.520608, -12.175009 ], [ -47.53614, -12.169045 ], [ -47.542724, -12.171148 ], [ -47.554005, -12.166826 ], [ -47.57288, -12.189155 ], [ -47.58925, -12.207648 ], [ -47.605227, -12.206892 ], [ -47.60947, -12.193679 ], [ -47.624942, -12.185821 ], [ -47.630832, -12.188168 ], [ -47.642291, -12.167961 ], [ -47.639883, -12.163319 ], [ -47.641883, -12.157677 ], [ -47.650536, -12.148538 ], [ -47.658575, -12.129218 ], [ -47.664587, -12.133037 ], [ -47.675332, -12.14932 ], [ -47.679441, -12.138044 ], [ -47.687918, -12.1336 ], [ -47.700306, -12.141142 ], [ -47.712439, -12.143528 ], [ -47.722364, -12.155104 ], [ -47.734449, -12.143649 ], [ -47.752122, -12.137703 ], [ -47.768113, -12.138685 ], [ -47.774669, -12.133472 ], [ -47.782553, -12.135404 ], [ -47.79919, -12.153029 ], [ -47.799254, -12.144029 ], [ -47.807977, -12.133612 ], [ -47.805635, -12.12554 ], [ -47.789966, -12.106561 ], [ -47.779052, -12.100194 ], [ -47.776001, -12.093131 ], [ -47.766389, -12.092431 ], [ -47.761778, -12.08205 ], [ -47.759577, -12.063676 ], [ -47.76808, -12.048853 ], [ -47.766847, -12.041299 ], [ -47.77636, -12.052143 ], [ -47.795178, -12.056557 ], [ -47.799638, -12.062355 ], [ -47.813732, -12.065422 ], [ -47.816174, -12.073599 ], [ -47.823786, -12.072864 ], [ -47.832221, -12.083107 ], [ -47.83631, -12.083452 ], [ -47.841906, -12.077784 ], [ -47.857276, -12.047493 ], [ -47.859664, -12.029253 ], [ -47.871859, -12.022172 ], [ -47.870387, -12.0126 ], [ -47.856753, -11.992553 ], [ -47.855614, -11.970282 ], [ -47.844641, -11.95202 ], [ -47.846917, -11.94396 ], [ -47.857856, -11.938972 ], [ -47.851884, -11.917629 ], [ -47.855062, -11.90962 ], [ -47.855943, -11.902996 ], [ -47.865196, -11.893987 ], [ -47.868107, -11.880491 ], [ -47.875467, -11.871611 ], [ -47.892752, -11.864355 ], [ -47.903217, -11.866424 ], [ -47.92531, -11.85855 ], [ -47.948493, -11.852569 ], [ -47.949586, -11.846817 ], [ -47.973752, -11.832372 ], [ -47.984772, -11.83198 ], [ -47.990439, -11.821949 ], [ -47.997895, -11.819383 ], [ -48.00025, -11.802655 ], [ -48.005556, -11.801641 ], [ -48.004912, -11.792524 ], [ -48.013333, -11.791864 ], [ -48.00833, -11.780121 ], [ -48.017109, -11.779827 ], [ -48.020217, -11.775389 ], [ -48.038969, -11.787471 ], [ -48.041364, -11.786132 ], [ -48.039443, -11.782254 ], [ -48.054836, -11.778957 ], [ -48.060052, -11.77205 ], [ -48.068767, -11.772029 ], [ -48.070704, -11.776798 ], [ -48.077998, -11.773723 ], [ -48.082277, -11.769074 ], [ -48.080306, -11.753614 ], [ -48.089554, -11.744745 ], [ -48.09966, -11.743151 ], [ -48.093613, -11.737327 ], [ -48.093001, -11.726732 ], [ -48.089335, -11.726675 ], [ -48.088835, -11.722915 ], [ -48.097775, -11.716216 ], [ -48.115666, -11.715122 ], [ -48.121025, -11.710187 ], [ -48.137689, -11.708735 ], [ -48.153726, -11.691391 ], [ -48.154263, -11.687499 ], [ -48.145664, -11.67514 ], [ -48.144721, -11.663335 ], [ -48.158167, -11.661153 ], [ -48.162696, -11.65593 ], [ -48.161669, -11.652938 ], [ -48.155301, -11.65315 ], [ -48.158495, -11.635119 ], [ -48.163811, -11.621694 ], [ -48.178485, -11.601252 ], [ -48.179193, -11.594365 ] ], [ [ -48.349874, -11.288409 ], [ -48.338633, -11.286761 ], [ -48.338633, -11.28676 ], [ -48.349874, -11.288409 ] ] ] } }
]
}
