{
"type": "FeatureCollection",
"name": "geojs-51-health_regions",
"crs": { "type": "name", "properties": { "name": "urn:ogc:def:crs:OGC:1.3:CRS84" } },
"features": [
{ "type": "Feature", "properties": { "HREG_ID": "51001", "HREG_NAME": "Alto Tapajós", "id": "510025", "name": "Alta Floresta", "description": "Alta Floresta", "MUN_ID": "510025", "UF": "MT", "MACRO_ID": "5103", "MACRO_NAME": "Macrorregião Norte" }, "geometry": { "type": "Polygon", "coordinates": [ [ [ -55.660638, -9.896021 ], [ -55.64119, -9.880156 ], [ -55.630334, -9.880452 ], [ -55.618066, -9.885542 ], [ -55.605397, -9.911636 ], [ -55.583891, -9.931347 ], [ -55.574557, -9.949672 ], [ -55.575441, -9.969249 ], [ -55.570895, -9.980988 ], [ -55.558586, -9.991501 ], [ -55.555891, -9.998377 ], [ -55.558427, -10.011154 ], [ -55.555068, -10.061468 ], [ -55.560588, -10.079804 ], [ -55.558642, -10.100189 ], [ -55.56715, -10.116323 ], [ -55.567121, -10.116897 ], [ -55.566637, -10.126576 ], [ -55.565943, -10.140454 ], [ -55.578445, -10.168465 ], [ -55.570974, -10.184128 ], [ -55.587835, -10.21823 ], [ -55.625954, -10.245654 ], [ -55.668056, -10.255609 ], [ -55.687945, -10.252098 ], [ -55.701865, -10.250299 ], [ -55.734498, -10.233815 ], [ -55.80617, -10.241919 ], [ -55.814999, -10.245718 ], [ -55.831335, -10.275549 ], [ -55.859607, -10.295939 ], [ -55.869023, -10.312733 ], [ -55.883256, -10.335074 ], [ -55.911446, -10.359969 ], [ -55.923199, -10.382407 ], [ -55.931591, -10.391427 ], [ -55.937673, -10.388089 ], [ -55.954834, -10.383255 ], [ -55.975945, -10.385746 ], [ -55.994167, -10.39488 ], [ -56.004836, -10.391163 ], [ -56.014373, -10.395269 ], [ -56.020279, -10.393728 ], [ -56.030024, -10.371485 ], [ -56.053059, -10.366622 ], [ -56.060559, -10.346794 ], [ -56.065921, -10.338204 ], [ -56.071061, -10.3381 ], [ -56.105834, -10.363509 ], [ -56.123495, -10.367792 ], [ -56.138396, -10.36745 ], [ -56.14861, -10.375061 ], [ -56.205143, -10.395592 ], [ -56.224783, -10.396354 ], [ -56.2377, -10.390655 ], [ -56.255442, -10.400394 ], [ -56.280057, -10.403555 ], [ -56.293583, -10.416295 ], [ -56.280896, -10.42347 ], [ -56.277306, -10.433414 ], [ -56.284586, -10.447095 ], [ -56.283192, -10.451694 ], [ -56.26645, -10.462837 ], [ -56.262457, -10.477757 ], [ -56.252532, -10.488268 ], [ -56.24003, -10.494014 ], [ -56.237664, -10.501698 ], [ -56.2407, -10.503232 ], [ -56.243026, -10.515835 ], [ -56.234464, -10.531282 ], [ -56.254941, -10.54863 ], [ -56.255836, -10.55518 ], [ -56.261581, -10.559763 ], [ -56.262335, -10.576302 ], [ -56.269754, -10.581056 ], [ -56.302057, -10.586299 ], [ -56.331829, -10.576791 ], [ -56.357865, -10.594606 ], [ -56.407838, -10.578244 ], [ -56.40453, -10.592336 ], [ -56.411037, -10.61665 ], [ -56.398971, -10.623608 ], [ -56.392556, -10.639066 ], [ -56.40431, -10.659918 ], [ -56.432149, -10.682974 ], [ -56.445224, -10.674044 ], [ -56.467248, -10.666717 ], [ -56.499247, -10.646393 ], [ -56.524251, -10.638569 ], [ -56.537583, -10.624777 ], [ -56.545413, -10.626971 ], [ -56.545611, -10.620989 ], [ -56.552224, -10.613953 ], [ -56.556919, -10.614656 ], [ -56.582756, -10.599822 ], [ -56.599587, -10.600552 ], [ -56.613533, -10.598593 ], [ -56.614287, -10.595696 ], [ -56.623837, -10.600151 ], [ -56.648281, -10.58424 ], [ -56.66686, -10.555895 ], [ -56.674668, -10.551087 ], [ -56.670778, -10.549368 ], [ -56.671643, -10.54675 ], [ -56.681673, -10.544154 ], [ -56.682921, -10.532673 ], [ -56.689127, -10.532107 ], [ -56.692947, -10.522284 ], [ -56.696727, -10.523038 ], [ -56.707109, -10.514234 ], [ -56.71086, -10.507482 ], [ -56.709295, -10.499518 ], [ -56.715615, -10.49292 ], [ -56.711032, -10.488892 ], [ -56.715694, -10.472992 ], [ -56.728975, -10.475138 ], [ -56.74192, -10.463702 ], [ -56.750578, -10.46068 ], [ -56.759393, -10.449046 ], [ -56.763781, -10.427723 ], [ -56.771362, -10.429689 ], [ -56.785723, -10.42503 ], [ -56.786726, -10.408486 ], [ -56.801639, -10.41243 ], [ -56.803498, -10.392932 ], [ -56.811415, -10.383581 ], [ -56.826526, -10.384115 ], [ -56.848613, -10.373724 ], [ -56.861917, -10.37564 ], [ -56.913557, -10.368593 ], [ -56.925474, -10.37074 ], [ -56.931139, -10.367069 ], [ -56.94695, -10.367595 ], [ -56.962225, -10.362394 ], [ -56.978416, -10.357787 ], [ -56.984054, -10.327376 ], [ -56.979449, -10.321982 ], [ -56.965022, -10.322123 ], [ -56.957321, -10.318143 ], [ -56.969613, -10.312923 ], [ -56.964059, -10.284896 ], [ -56.987732, -10.293094 ], [ -56.995644, -10.291954 ], [ -57.031773, -10.299901 ], [ -57.050567, -10.311171 ], [ -57.059663, -10.310508 ], [ -57.075756, -10.303231 ], [ -57.089784, -10.307625 ], [ -57.091451, -10.312981 ], [ -57.09865, -10.315623 ], [ -57.125904, -10.309067 ], [ -57.153692, -10.31213 ], [ -57.15776, -10.314576 ], [ -57.161903, -10.325138 ], [ -57.181617, -10.314232 ], [ -57.193539, -10.302357 ], [ -57.212225, -10.293121 ], [ -57.229184, -10.293143 ], [ -57.239918, -10.300838 ], [ -57.252201, -10.28539 ], [ -57.275077, -10.270725 ], [ -57.296632, -10.271004 ], [ -57.312198, -10.279816 ], [ -57.332919, -10.276654 ], [ -57.352819, -10.285692 ], [ -57.364839, -10.279695 ], [ -57.38756, -10.278445 ], [ -57.408509, -10.272965 ], [ -57.420827, -10.266106 ], [ -57.428789, -10.266426 ], [ -57.454256, -10.253036 ], [ -57.468184, -10.25652 ], [ -57.479559, -10.264835 ], [ -57.489586, -10.26439 ], [ -57.497191, -10.270934 ], [ -57.508387, -10.272791 ], [ -57.525308, -10.27002 ], [ -57.540876, -10.276342 ], [ -57.549536, -10.275104 ], [ -57.556084, -10.266894 ], [ -57.568543, -10.265881 ], [ -57.578894, -10.26054 ], [ -57.585935, -10.249156 ], [ -57.603075, -10.24859 ], [ -57.604508, -10.254255 ], [ -57.599056, -10.262077 ], [ -57.598617, -10.274031 ], [ -57.604144, -10.279284 ], [ -57.598501, -10.284892 ], [ -57.603415, -10.299543 ], [ -57.625306, -10.307387 ], [ -57.633342, -10.304932 ], [ -57.646587, -10.314213 ], [ -57.656922, -10.311198 ], [ -57.658832, -10.302641 ], [ -57.670061, -10.317585 ], [ -57.676586, -10.313396 ], [ -57.679857, -10.317246 ], [ -57.681391, -10.340077 ], [ -57.683612, -10.343628 ], [ -57.707228, -10.350666 ], [ -57.741534, -10.35489 ], [ -57.772006, -10.375208 ], [ -57.787198, -10.370406 ], [ -57.834722, -10.386978 ], [ -57.849064, -10.384421 ], [ -57.8877, -10.40481 ], [ -57.902877, -10.399617 ], [ -57.915478, -10.404356 ], [ -57.94006, -10.421457 ], [ -58.002976, -10.433189 ], [ -58.00764, -10.428728 ], [ -58.009611, -10.395831 ], [ -58.037087, -10.390483 ], [ -58.046088, -10.383996 ], [ -58.068555, -10.384322 ], [ -58.091947, -10.390629 ], [ -58.131135, -10.408655 ], [ -58.152505, -10.412598 ], [ -58.164616, -10.420235 ], [ -58.197774, -10.407944 ], [ -58.203804, -10.408469 ], [ -58.226646, -10.419659 ], [ -58.254053, -10.439535 ], [ -58.26133, -10.43687 ], [ -58.278361, -10.441286 ], [ -58.292239, -10.452891 ], [ -58.335952, -10.410274 ], [ -58.3405, -10.401862 ], [ -58.337026, -10.385742 ], [ -58.339364, -10.374469 ], [ -58.347972, -10.358913 ], [ -58.345554, -10.315999 ], [ -58.357839, -10.268498 ], [ -58.341193, -10.221517 ], [ -58.326723, -10.203159 ], [ -58.317028, -10.183874 ], [ -58.314255, -10.170475 ], [ -58.322249, -10.152064 ], [ -58.320814, -10.124697 ], [ -58.314362, -10.11574 ], [ -58.296005, -10.10283 ], [ -58.285641, -10.08923 ], [ -58.274147, -10.061082 ], [ -58.264339, -10.047656 ], [ -58.258946, -10.035911 ], [ -58.248173, -10.026165 ], [ -58.229866, -10.000065 ], [ -58.233032, -9.988934 ], [ -58.232754, -9.963296 ], [ -58.229749, -9.952405 ], [ -58.214834, -9.935196 ], [ -58.214588, -9.920219 ], [ -58.221881, -9.899121 ], [ -58.225008, -9.881635 ], [ -58.221804, -9.872547 ], [ -58.214181, -9.865882 ], [ -58.193584, -9.843113 ], [ -58.198086, -9.798856 ], [ -58.20584, -9.791807 ], [ -58.217284, -9.790198 ], [ -58.224581, -9.784053 ], [ -58.225721, -9.779053 ], [ -58.219731, -9.761369 ], [ -58.229279, -9.733663 ], [ -58.230551, -9.69765 ], [ -58.251371, -9.667118 ], [ -58.257223, -9.654413 ], [ -58.263504, -9.588594 ], [ -58.25935, -9.577933 ], [ -58.253642, -9.573638 ], [ -58.249949, -9.557992 ], [ -58.257662, -9.539588 ], [ -58.257619, -9.506692 ], [ -58.260101, -9.495301 ], [ -58.288776, -9.447176 ], [ -58.310912, -9.435552 ], [ -58.317339, -9.435312 ], [ -58.37471, -9.452418 ], [ -58.408975, -9.455511 ], [ -58.431392, -9.450696 ], [ -58.448034, -9.435672 ], [ -58.470165, -9.42493 ], [ -58.48522, -9.411293 ], [ -58.506254, -9.401552 ], [ -58.531253, -9.390463 ], [ -58.553331, -9.367007 ], [ -58.581898, -9.345708 ], [ -58.600399, -9.326221 ], [ -58.603273, -9.30991 ], [ -58.609286, -9.302507 ], [ -58.621427, -9.273149 ], [ -58.620446, -9.265052 ], [ -58.627551, -9.234471 ], [ -58.637389, -9.209852 ], [ -58.650395, -9.201725 ], [ -58.65312, -9.189387 ], [ -58.648998, -9.17151 ], [ -58.655889, -9.156469 ], [ -58.656198, -9.147858 ], [ -58.648439, -9.136406 ], [ -58.620019, -9.11528 ], [ -58.606392, -9.094941 ], [ -58.592384, -9.08147 ], [ -58.594751, -9.07658 ], [ -58.591055, -9.068404 ], [ -58.5922, -9.048276 ], [ -58.598061, -9.035675 ], [ -58.597644, -9.022342 ], [ -58.601616, -9.00911 ], [ -58.563533, -8.958301 ], [ -58.554253, -8.941101 ], [ -58.554279, -8.934491 ], [ -58.565536, -8.925519 ], [ -58.554614, -8.911689 ], [ -58.563503, -8.893694 ], [ -58.56192, -8.887702 ], [ -58.547526, -8.885497 ], [ -58.529636, -8.899175 ], [ -58.521552, -8.901301 ], [ -58.503472, -8.892456 ], [ -58.496775, -8.885805 ], [ -58.492196, -8.870209 ], [ -58.476276, -8.859058 ], [ -58.460088, -8.841949 ], [ -58.442477, -8.799089 ], [ -58.429581, -8.789513 ], [ -58.422238, -8.788322 ], [ -58.415375, -8.79245 ], [ -58.387498, -8.774393 ], [ -58.354166, -8.736871 ], [ -58.331569, -8.726068 ], [ -58.325722, -8.719639 ], [ -58.327866, -8.711786 ], [ -58.350524, -8.701191 ], [ -58.383171, -8.705531 ], [ -58.411452, -8.720216 ], [ -58.433027, -8.710046 ], [ -58.436797, -8.70296 ], [ -58.413771, -8.643513 ], [ -58.403021, -8.630805 ], [ -58.400607, -8.615495 ], [ -58.390435, -8.602591 ], [ -58.389015, -8.5944 ], [ -58.397967, -8.579738 ], [ -58.409966, -8.57 ], [ -58.403686, -8.539107 ], [ -58.404686, -8.53036 ], [ -58.414794, -8.515899 ], [ -58.41655, -8.491564 ], [ -58.404767, -8.467163 ], [ -58.397912, -8.463848 ], [ -58.388882, -8.439574 ], [ -58.375616, -8.428808 ], [ -58.353196, -8.392426 ], [ -58.354529, -8.384026 ], [ -58.348004, -8.368895 ], [ -58.350491, -8.353728 ], [ -58.34757, -8.345807 ], [ -58.318083, -8.329744 ], [ -58.314391, -8.322669 ], [ -58.315335, -8.306047 ], [ -58.32545, -8.293711 ], [ -58.327581, -8.285438 ], [ -58.320086, -8.271478 ], [ -58.321668, -8.231675 ], [ -58.312443, -8.208714 ], [ -58.321962, -8.169649 ], [ -58.31693, -8.154157 ], [ -58.288117, -8.131566 ], [ -58.286667, -8.128155 ], [ -58.291389, -8.11234 ], [ -58.285862, -8.088088 ], [ -58.28789, -8.079182 ], [ -58.321227, -8.024592 ], [ -58.325001, -8.00934 ], [ -58.324005, -7.99229 ], [ -58.331001, -7.968374 ], [ -58.354547, -7.9436 ], [ -58.372743, -7.906811 ], [ -58.374164, -7.864372 ], [ -58.383491, -7.851741 ], [ -58.38424, -7.843601 ], [ -58.377718, -7.827049 ], [ -58.371188, -7.820822 ], [ -58.333559, -7.804013 ], [ -58.29676, -7.774142 ], [ -58.293554, -7.771152 ], [ -58.284, -7.747962 ], [ -58.28181, -7.713514 ], [ -58.275488, -7.699279 ], [ -58.251293, -7.676412 ], [ -58.239289, -7.653219 ], [ -58.20167, -7.620467 ], [ -58.202023, -7.596356 ], [ -58.218362, -7.549643 ], [ -58.222223, -7.523651 ], [ -58.21264, -7.492942 ], [ -58.212559, -7.458148 ], [ -58.172861, -7.393981 ], [ -58.140224, -7.363013 ], [ -58.136554, -7.355738 ], [ -58.137941, -7.348648 ], [ -58.118101, -7.352677 ], [ -58.059911, -7.396633 ], [ -58.034606, -7.453752 ], [ -58.001669, -7.487743 ], [ -57.972083, -7.534201 ], [ -57.944608, -7.601776 ], [ -57.939059, -7.652747 ], [ -57.933888, -7.656384 ], [ -57.915694, -7.656956 ], [ -57.898452, -7.671502 ], [ -57.873339, -7.800805 ], [ -57.840472, -7.861088 ], [ -57.834415, -7.881815 ], [ -57.831367, -7.961126 ], [ -57.828334, -7.972506 ], [ -57.803499, -8.003035 ], [ -57.77603, -8.051785 ], [ -57.727942, -8.093825 ], [ -57.719361, -8.146214 ], [ -57.71464, -8.157557 ], [ -57.70414, -8.167633 ], [ -57.676748, -8.171005 ], [ -57.66675, -8.176077 ], [ -57.642714, -8.211784 ], [ -57.64347, -8.230696 ], [ -57.662586, -8.268111 ], [ -57.664338, -8.294491 ], [ -57.679367, -8.318592 ], [ -57.678558, -8.333111 ], [ -57.667526, -8.366483 ], [ -57.669667, -8.378947 ], [ -57.686059, -8.406616 ], [ -57.686446, -8.415861 ], [ -57.681087, -8.432734 ], [ -57.650921, -8.470647 ], [ -57.651331, -8.478451 ], [ -57.659971, -8.492438 ], [ -57.658556, -8.499994 ], [ -57.637143, -8.513165 ], [ -57.633636, -8.518512 ], [ -57.632925, -8.526418 ], [ -57.638336, -8.540173 ], [ -57.650005, -8.552978 ], [ -57.648143, -8.575982 ], [ -57.644281, -8.581587 ], [ -57.630359, -8.584994 ], [ -57.621747, -8.590795 ], [ -57.624247, -8.638448 ], [ -57.620061, -8.647351 ], [ -57.604804, -8.66244 ], [ -57.602065, -8.680276 ], [ -57.596337, -8.691272 ], [ -57.593117, -8.707025 ], [ -57.600556, -8.740834 ], [ -57.592441, -8.756083 ], [ -57.585779, -8.758997 ], [ -57.561867, -8.760858 ], [ -57.529888, -8.74778 ], [ -57.48436, -8.768989 ], [ -57.463034, -8.784347 ], [ -57.452, -8.786218 ], [ -57.427082, -8.782845 ], [ -57.415636, -8.795485 ], [ -57.412779, -8.825794 ], [ -57.419229, -8.842074 ], [ -57.419416, -8.852645 ], [ -57.415719, -8.8586 ], [ -57.402923, -8.862127 ], [ -57.383886, -8.879162 ], [ -57.317392, -8.885317 ], [ -57.310001, -8.892416 ], [ -57.305535, -8.909509 ], [ -57.29909, -8.913601 ], [ -57.285701, -8.915102 ], [ -57.261918, -8.907418 ], [ -57.245027, -8.905671 ], [ -57.215821, -8.913726 ], [ -57.203278, -8.920424 ], [ -57.188362, -8.932761 ], [ -57.161832, -8.968684 ], [ -57.137778, -8.994216 ], [ -57.09411, -9.016715 ], [ -57.089534, -9.037822 ], [ -57.083337, -9.046206 ], [ -57.05911, -9.063881 ], [ -57.062752, -9.078179 ], [ -57.045836, -9.088597 ], [ -57.038746, -9.097893 ], [ -57.041001, -9.114696 ], [ -57.059947, -9.136734 ], [ -57.051922, -9.158065 ], [ -57.058059, -9.169194 ], [ -57.059637, -9.181571 ], [ -57.046833, -9.193921 ], [ -57.038832, -9.196635 ], [ -57.033553, -9.209338 ], [ -57.022143, -9.219304 ], [ -57.007723, -9.222918 ], [ -56.995054, -9.233445 ], [ -56.951754, -9.222686 ], [ -56.937692, -9.230034 ], [ -56.879052, -9.239305 ], [ -56.871867, -9.238765 ], [ -56.859839, -9.231248 ], [ -56.843695, -9.240407 ], [ -56.819615, -9.245943 ], [ -56.802921, -9.267056 ], [ -56.784694, -9.316166 ], [ -56.778672, -9.3168 ], [ -56.775028, -9.329129 ], [ -56.775296, -9.364395 ], [ -56.769111, -9.378416 ], [ -56.77183, -9.390561 ], [ -56.760615, -9.404601 ], [ -56.753777, -9.405966 ], [ -56.735986, -9.395686 ], [ -56.71784, -9.383491 ], [ -56.710809, -9.373889 ], [ -56.697387, -9.373703 ], [ -56.671389, -9.366998 ], [ -56.273307, -9.400323 ], [ -56.156032, -9.410058 ], [ -55.791387, -9.440082 ], [ -55.800163, -9.447739 ], [ -55.799695, -9.442671 ], [ -55.808778, -9.442794 ], [ -55.808694, -9.445772 ], [ -55.816639, -9.441623 ], [ -55.830333, -9.450023 ], [ -55.83789, -9.449919 ], [ -55.838478, -9.454262 ], [ -55.845552, -9.446058 ], [ -55.851444, -9.446167 ], [ -55.853969, -9.442922 ], [ -55.853276, -9.449709 ], [ -55.860812, -9.445443 ], [ -55.862473, -9.449158 ], [ -55.863752, -9.443306 ], [ -55.865749, -9.447485 ], [ -55.869801, -9.446 ], [ -55.87264, -9.44868 ], [ -55.885552, -9.449387 ], [ -55.893282, -9.445206 ], [ -55.894559, -9.448979 ], [ -55.899744, -9.450106 ], [ -55.896947, -9.454179 ], [ -55.903448, -9.452218 ], [ -55.90781, -9.487033 ], [ -55.905222, -9.49828 ], [ -55.895697, -9.501645 ], [ -55.893224, -9.505991 ], [ -55.896548, -9.516416 ], [ -55.895504, -9.527621 ], [ -55.904188, -9.535605 ], [ -55.910389, -9.548162 ], [ -55.907393, -9.564508 ], [ -55.917637, -9.557359 ], [ -55.915389, -9.567548 ], [ -55.925087, -9.584843 ], [ -55.930641, -9.587062 ], [ -55.933038, -9.604852 ], [ -55.933085, -9.613156 ], [ -55.924255, -9.630846 ], [ -55.928884, -9.636119 ], [ -55.91609, -9.646866 ], [ -55.90303, -9.667182 ], [ -55.889833, -9.676535 ], [ -55.86586, -9.71679 ], [ -55.854906, -9.726349 ], [ -55.830752, -9.736106 ], [ -55.814303, -9.73249 ], [ -55.799583, -9.736438 ], [ -55.780626, -9.762052 ], [ -55.765521, -9.769409 ], [ -55.753163, -9.771272 ], [ -55.74529, -9.776357 ], [ -55.725419, -9.795676 ], [ -55.718152, -9.812971 ], [ -55.691036, -9.861487 ], [ -55.679581, -9.88997 ], [ -55.67242, -9.898349 ], [ -55.660638, -9.896021 ] ] ] } },
{ "type": "Feature", "properties": { "HREG_ID": "51002", "HREG_NAME": "Baixada Cuiabana", "id": "510010", "name": "Acorizal", "description": "Acorizal", "MUN_ID": "510010", "UF": "MT", "MACRO_ID": "5105", "MACRO_NAME": "Macrorregião Centro-Norte" }, "geometry": { "type": "Polygon", "coordinates": [ [ [ -55.60172, -17.367255 ], [ -55.612919, -17.359414 ], [ -55.613283, -17.367669 ], [ -55.625837, -17.363592 ], [ -55.635392, -17.352611 ], [ -55.63662, -17.342096 ], [ -55.642573, -17.338932 ], [ -55.644728, -17.34119 ], [ -55.638423, -17.349353 ], [ -55.640338, -17.355716 ], [ -55.645698, -17.358968 ], [ -55.655503, -17.345915 ], [ -55.656064, -17.337825 ], [ -55.667602, -17.35025 ], [ -55.672308, -17.348528 ], [ -55.674681, -17.339908 ], [ -55.680146, -17.338547 ], [ -55.681869, -17.348983 ], [ -55.68573, -17.350433 ], [ -55.688759, -17.340002 ], [ -55.692725, -17.339453 ], [ -55.700843, -17.353692 ], [ -55.708594, -17.337178 ], [ -55.722365, -17.34878 ], [ -55.729369, -17.339438 ], [ -55.739758, -17.336709 ], [ -55.743504, -17.330905 ], [ -55.750975, -17.329991 ], [ -55.760703, -17.323095 ], [ -55.768261, -17.325351 ], [ -55.772036, -17.331612 ], [ -55.780147, -17.32099 ], [ -55.784037, -17.324253 ], [ -55.783918, -17.329609 ], [ -55.804507, -17.309003 ], [ -55.802028, -17.300843 ], [ -55.806004, -17.297573 ], [ -55.82045, -17.297262 ], [ -55.827535, -17.306167 ], [ -55.831231, -17.301174 ], [ -55.825817, -17.28839 ], [ -55.834592, -17.29092 ], [ -55.837813, -17.300076 ], [ -55.841416, -17.300795 ], [ -55.850006, -17.289903 ], [ -55.850919, -17.278838 ], [ -55.857725, -17.283093 ], [ -55.874307, -17.268198 ], [ -55.879422, -17.272911 ], [ -55.875001, -17.280168 ], [ -55.886058, -17.284328 ], [ -55.891144, -17.280422 ], [ -55.89037, -17.271896 ], [ -55.899376, -17.276598 ], [ -55.899254, -17.269706 ], [ -55.886033, -17.266284 ], [ -55.886033, -17.263462 ], [ -55.91614, -17.264607 ], [ -55.925836, -17.257423 ], [ -55.930863, -17.264222 ], [ -55.930977, -17.273376 ], [ -55.937704, -17.278082 ], [ -55.945699, -17.272068 ], [ -55.955313, -17.256017 ], [ -55.95142, -17.249762 ], [ -55.95965, -17.249754 ], [ -55.967671, -17.254274 ], [ -55.973422, -17.253169 ], [ -55.980309, -17.246264 ], [ -55.986453, -17.258044 ], [ -55.991751, -17.254137 ], [ -55.986906, -17.24337 ], [ -55.990416, -17.239774 ], [ -55.995227, -17.240338 ], [ -56.000006, -17.245807 ], [ -56.003337, -17.244355 ], [ -56.003255, -17.233294 ], [ -56.01028, -17.238607 ], [ -56.011533, -17.236246 ], [ -56.0122, -17.222212 ], [ -56.008123, -17.213754 ], [ -56.012641, -17.213511 ], [ -56.016871, -17.217884 ], [ -56.02045, -17.215565 ], [ -56.018065, -17.209022 ], [ -56.005005, -17.203761 ], [ -56.015562, -17.189793 ], [ -56.031925, -17.184922 ], [ -56.045226, -17.170518 ], [ -56.049011, -17.171998 ], [ -56.046733, -17.184385 ], [ -56.050479, -17.186512 ], [ -56.059559, -17.171258 ], [ -56.067283, -17.174304 ], [ -56.071095, -17.170185 ], [ -56.083957, -17.177228 ], [ -56.101586, -17.173643 ], [ -56.113449, -17.166195 ], [ -56.120338, -17.175217 ], [ -56.124892, -17.173886 ], [ -56.132755, -17.180107 ], [ -56.139644, -17.179068 ], [ -56.135901, -17.188744 ], [ -56.139364, -17.190756 ], [ -56.144782, -17.18445 ], [ -56.152224, -17.18504 ], [ -56.162842, -17.19426 ], [ -56.17031, -17.18824 ], [ -56.176591, -17.195534 ], [ -56.184926, -17.188797 ], [ -56.188643, -17.209933 ], [ -56.197648, -17.205736 ], [ -56.204953, -17.213666 ], [ -56.212509, -17.210179 ], [ -56.208259, -17.226834 ], [ -56.222446, -17.218857 ], [ -56.220424, -17.228355 ], [ -56.233224, -17.226901 ], [ -56.237423, -17.22176 ], [ -56.250838, -17.218588 ], [ -56.254471, -17.222046 ], [ -56.251784, -17.233728 ], [ -56.25859, -17.228875 ], [ -56.261895, -17.230798 ], [ -56.256041, -17.243356 ], [ -56.268534, -17.239356 ], [ -56.272176, -17.242639 ], [ -56.26762, -17.247692 ], [ -56.282922, -17.246237 ], [ -56.286673, -17.248534 ], [ -56.279614, -17.258727 ], [ -56.286063, -17.270005 ], [ -56.294454, -17.270877 ], [ -56.297343, -17.276152 ], [ -56.306129, -17.272556 ], [ -56.313034, -17.268993 ], [ -56.32273, -17.275752 ], [ -56.322756, -17.28528 ], [ -56.334479, -17.28199 ], [ -56.335366, -17.289513 ], [ -56.3512, -17.277102 ], [ -56.349815, -17.274103 ], [ -56.343006, -17.275508 ], [ -56.342452, -17.272607 ], [ -56.356172, -17.266614 ], [ -56.361978, -17.271268 ], [ -56.360147, -17.280409 ], [ -56.382559, -17.287523 ], [ -56.388422, -17.301511 ], [ -56.402343, -17.305852 ], [ -56.407588, -17.315667 ], [ -56.412198, -17.316504 ], [ -56.416757, -17.311187 ], [ -56.432091, -17.318152 ], [ -56.443616, -17.331177 ], [ -56.450369, -17.325956 ], [ -56.451865, -17.30974 ], [ -56.463454, -17.315232 ], [ -56.467009, -17.301844 ], [ -56.470674, -17.302947 ], [ -56.472617, -17.309576 ], [ -56.48959, -17.297881 ], [ -56.497702, -17.298276 ], [ -56.50126, -17.28589 ], [ -56.507563, -17.294849 ], [ -56.51495, -17.29239 ], [ -56.505536, -17.305609 ], [ -56.511175, -17.306035 ], [ -56.513365, -17.312387 ], [ -56.521618, -17.310149 ], [ -56.525448, -17.320069 ], [ -56.528172, -17.320468 ], [ -56.531865, -17.312529 ], [ -56.550507, -17.322441 ], [ -56.570654, -17.314867 ], [ -56.578844, -17.319868 ], [ -56.574428, -17.327698 ], [ -56.576061, -17.33062 ], [ -56.584399, -17.328812 ], [ -56.595383, -17.332109 ], [ -56.605174, -17.328321 ], [ -56.611343, -17.331473 ], [ -56.616263, -17.323372 ], [ -56.624509, -17.32165 ], [ -56.628059, -17.323327 ], [ -56.629929, -17.333766 ], [ -56.640287, -17.326543 ], [ -56.646928, -17.316552 ], [ -56.649373, -17.323741 ], [ -56.641835, -17.33009 ], [ -56.644953, -17.338913 ], [ -56.656202, -17.321007 ], [ -56.662177, -17.326325 ], [ -56.655123, -17.332955 ], [ -56.663065, -17.338395 ], [ -56.673337, -17.332976 ], [ -56.673426, -17.324813 ], [ -56.682672, -17.316132 ], [ -56.6954, -17.326504 ], [ -56.691423, -17.317675 ], [ -56.713034, -17.31836 ], [ -56.720149, -17.307105 ], [ -56.733344, -17.309425 ], [ -56.736337, -17.321304 ], [ -56.742952, -17.326908 ], [ -56.757284, -17.326258 ], [ -56.756701, -17.336405 ], [ -56.768364, -17.340424 ], [ -56.768982, -17.34342 ], [ -56.760396, -17.351214 ], [ -56.762366, -17.360204 ], [ -56.770966, -17.365434 ], [ -56.786239, -17.37007 ], [ -56.788892, -17.376438 ], [ -56.785477, -17.387092 ], [ -56.790519, -17.390631 ], [ -56.8039, -17.386193 ], [ -56.828201, -17.389525 ], [ -56.830843, -17.409302 ], [ -56.841507, -17.417754 ], [ -56.833785, -17.423017 ], [ -56.823896, -17.422644 ], [ -56.819091, -17.429762 ], [ -56.822209, -17.437128 ], [ -56.827672, -17.438089 ], [ -56.83273, -17.434606 ], [ -56.840399, -17.441574 ], [ -56.824978, -17.452652 ], [ -56.824901, -17.458457 ], [ -56.831654, -17.463234 ], [ -56.847312, -17.463571 ], [ -56.84943, -17.470302 ], [ -56.845534, -17.480144 ], [ -56.849727, -17.486346 ], [ -56.861453, -17.483472 ], [ -56.866144, -17.495031 ], [ -56.860959, -17.504774 ], [ -56.866093, -17.515025 ], [ -56.870032, -17.515763 ], [ -56.875456, -17.532537 ], [ -56.89526, -17.538948 ], [ -56.909064, -17.532111 ], [ -56.917033, -17.54092 ], [ -56.944449, -17.552514 ], [ -56.949867, -17.5682 ], [ -56.966288, -17.570969 ], [ -56.97298, -17.579949 ], [ -56.981843, -17.579798 ], [ -56.977643, -17.589427 ], [ -56.97545, -17.595526 ], [ -56.981874, -17.603426 ], [ -56.980898, -17.61058 ], [ -56.972291, -17.613174 ], [ -56.960034, -17.60472 ], [ -56.957483, -17.607602 ], [ -56.964235, -17.621302 ], [ -56.983337, -17.641458 ], [ -56.987706, -17.658855 ], [ -56.999922, -17.670286 ], [ -57.009091, -17.670029 ], [ -57.013562, -17.675692 ], [ -57.019064, -17.684679 ], [ -57.018757, -17.691731 ], [ -57.032864, -17.694306 ], [ -57.044401, -17.729886 ], [ -57.049645, -17.732222 ], [ -57.056203, -17.729061 ], [ -57.063682, -17.734612 ], [ -57.073399, -17.735028 ], [ -57.079311, -17.748699 ], [ -57.091655, -17.751964 ], [ -57.098067, -17.769982 ], [ -57.113095, -17.771288 ], [ -57.115094, -17.780651 ], [ -57.14623, -17.76707 ], [ -57.155426, -17.777976 ], [ -57.174337, -17.775803 ], [ -57.200122, -17.788388 ], [ -57.215358, -17.787536 ], [ -57.226623, -17.782349 ], [ -57.227563, -17.789867 ], [ -57.234569, -17.787896 ], [ -57.242453, -17.797149 ], [ -57.251509, -17.793021 ], [ -57.244952, -17.805879 ], [ -57.233598, -17.807708 ], [ -57.232118, -17.811949 ], [ -57.252097, -17.810327 ], [ -57.264321, -17.819914 ], [ -57.283258, -17.812477 ], [ -57.282815, -17.822259 ], [ -57.292981, -17.819497 ], [ -57.287679, -17.813721 ], [ -57.289507, -17.811118 ], [ -57.299254, -17.816413 ], [ -57.307569, -17.810372 ], [ -57.310869, -17.817389 ], [ -57.324284, -17.824093 ], [ -57.324711, -17.828716 ], [ -57.340843, -17.830199 ], [ -57.341896, -17.83556 ], [ -57.346174, -17.833711 ], [ -57.352941, -17.837423 ], [ -57.362638, -17.833125 ], [ -57.367565, -17.825764 ], [ -57.376932, -17.825749 ], [ -57.38517, -17.843838 ], [ -57.390847, -17.845084 ], [ -57.398005, -17.838932 ], [ -57.400062, -17.847388 ], [ -57.409236, -17.85348 ], [ -57.410234, -17.857658 ], [ -57.421221, -17.853763 ], [ -57.438118, -17.871063 ], [ -57.446209, -17.874069 ], [ -57.445403, -17.891533 ], [ -57.451952, -17.902208 ], [ -57.461419, -17.898101 ], [ -57.477152, -17.878447 ], [ -57.477069, -17.858618 ], [ -57.510815, -17.863464 ], [ -57.53426, -17.853199 ], [ -57.530511, -17.838679 ], [ -57.551487, -17.827771 ], [ -57.558148, -17.815002 ], [ -57.570932, -17.81496 ], [ -57.575814, -17.800094 ], [ -57.601844, -17.804433 ], [ -57.605367, -17.801905 ], [ -57.612066, -17.778977 ], [ -57.602212, -17.778592 ], [ -57.600433, -17.774856 ], [ -57.614369, -17.766378 ], [ -57.619512, -17.754329 ], [ -57.611482, -17.74986 ], [ -57.618126, -17.747348 ], [ -57.622594, -17.735925 ], [ -57.639787, -17.716925 ], [ -57.644227, -17.718395 ], [ -57.645454, -17.723928 ], [ -57.663037, -17.72942 ], [ -57.666537, -17.72571 ], [ -57.671172, -17.727896 ], [ -57.671874, -17.719287 ], [ -57.684096, -17.716048 ], [ -57.679598, -17.703611 ], [ -57.682626, -17.695823 ], [ -57.680208, -17.684476 ], [ -57.670486, -17.680643 ], [ -57.672294, -17.67684 ], [ -57.66832, -17.671473 ], [ -57.671981, -17.670304 ], [ -57.671263, -17.663679 ], [ -57.67887, -17.657267 ], [ -57.676431, -17.651721 ], [ -57.68221, -17.649926 ], [ -57.682204, -17.642304 ], [ -57.689393, -17.639878 ], [ -57.68624, -17.628887 ], [ -57.692401, -17.626349 ], [ -57.6887, -17.624818 ], [ -57.682317, -17.608833 ], [ -57.675982, -17.60419 ], [ -57.65793, -17.605237 ], [ -57.648347, -17.611828 ], [ -57.642594, -17.60728 ], [ -57.630539, -17.617586 ], [ -57.625365, -17.609587 ], [ -57.630867, -17.603797 ], [ -57.61501, -17.598213 ], [ -57.619292, -17.587078 ], [ -57.612485, -17.589231 ], [ -57.610484, -17.595761 ], [ -57.604757, -17.580684 ], [ -57.59284, -17.580737 ], [ -57.588783, -17.572836 ], [ -57.582621, -17.577169 ], [ -57.57004, -17.578307 ], [ -57.574623, -17.572875 ], [ -57.562708, -17.567759 ], [ -57.556264, -17.57545 ], [ -57.555153, -17.568742 ], [ -57.558566, -17.564936 ], [ -57.556312, -17.562027 ], [ -57.541934, -17.561709 ], [ -57.540841, -17.550368 ], [ -57.53612, -17.545365 ], [ -57.524015, -17.55167 ], [ -57.527032, -17.544578 ], [ -57.516867, -17.535322 ], [ -57.511402, -17.536576 ], [ -57.507844, -17.547533 ], [ -57.504732, -17.54834 ], [ -57.503782, -17.54398 ], [ -57.514148, -17.530137 ], [ -57.499902, -17.534575 ], [ -57.491562, -17.523228 ], [ -57.478178, -17.523147 ], [ -57.479924, -17.518911 ], [ -57.485899, -17.517174 ], [ -57.483364, -17.509262 ], [ -57.477349, -17.513805 ], [ -57.479318, -17.507942 ], [ -57.475347, -17.502103 ], [ -57.480898, -17.496826 ], [ -57.47557, -17.490604 ], [ -57.479873, -17.479819 ], [ -57.473925, -17.476496 ], [ -57.473816, -17.471156 ], [ -57.468511, -17.466916 ], [ -57.462398, -17.471913 ], [ -57.457116, -17.470851 ], [ -57.453401, -17.463173 ], [ -57.461984, -17.458984 ], [ -57.46045, -17.455002 ], [ -57.450897, -17.450602 ], [ -57.454712, -17.455202 ], [ -57.446515, -17.459037 ], [ -57.444149, -17.456873 ], [ -57.44731, -17.450251 ], [ -57.430424, -17.442441 ], [ -57.439533, -17.432638 ], [ -57.431509, -17.43294 ], [ -57.432152, -17.426594 ], [ -57.428094, -17.425075 ], [ -57.425707, -17.418295 ], [ -57.418371, -17.417959 ], [ -57.405313, -17.410218 ], [ -57.403591, -17.398824 ], [ -57.397309, -17.402661 ], [ -57.39454, -17.396405 ], [ -57.383787, -17.39418 ], [ -57.38448, -17.381146 ], [ -57.381653, -17.377902 ], [ -57.37523, -17.376555 ], [ -57.368283, -17.384271 ], [ -57.363644, -17.379134 ], [ -57.36195, -17.373974 ], [ -57.36694, -17.368978 ], [ -57.366399, -17.352704 ], [ -57.352647, -17.357806 ], [ -57.335785, -17.357763 ], [ -57.334704, -17.340665 ], [ -57.34193, -17.331233 ], [ -57.321535, -17.322611 ], [ -57.335287, -17.321301 ], [ -57.337898, -17.314419 ], [ -57.328035, -17.317251 ], [ -57.329035, -17.308012 ], [ -57.333916, -17.304169 ], [ -57.330925, -17.281405 ], [ -57.344511, -17.285169 ], [ -57.347235, -17.283349 ], [ -57.337866, -17.270347 ], [ -57.347291, -17.243804 ], [ -57.341897, -17.2383 ], [ -57.343289, -17.232599 ], [ -57.332624, -17.221498 ], [ -57.335368, -17.219425 ], [ -57.341201, -17.222648 ], [ -57.342591, -17.21785 ], [ -57.336928, -17.215055 ], [ -57.333148, -17.207738 ], [ -57.346123, -17.200465 ], [ -57.3527, -17.203335 ], [ -57.353458, -17.197817 ], [ -57.348266, -17.190866 ], [ -57.353874, -17.184421 ], [ -57.347927, -17.181452 ], [ -57.356757, -17.1722 ], [ -57.361956, -17.175984 ], [ -57.367035, -17.152077 ], [ -57.357372, -17.146055 ], [ -57.365785, -17.139504 ], [ -57.364149, -17.128466 ], [ -57.370819, -17.122203 ], [ -57.368671, -17.110954 ], [ -57.375919, -17.106987 ], [ -57.377117, -17.095669 ], [ -57.384809, -17.089306 ], [ -57.386565, -17.081425 ], [ -57.393975, -17.07715 ], [ -57.387953, -17.07654 ], [ -57.384288, -17.071846 ], [ -57.390534, -17.062412 ], [ -57.389286, -17.049927 ], [ -57.402232, -17.066537 ], [ -57.403817, -17.061648 ], [ -57.399345, -17.045101 ], [ -57.406117, -17.047072 ], [ -57.405263, -17.042007 ], [ -57.390921, -17.030742 ], [ -57.37615, -17.029427 ], [ -57.382507, -17.023078 ], [ -57.37468, -17.016043 ], [ -57.386621, -17.011568 ], [ -57.391096, -17.004953 ], [ -57.389316, -17.001604 ], [ -57.374453, -17.002645 ], [ -57.36901, -16.997945 ], [ -57.372375, -16.991746 ], [ -57.374816, -16.998606 ], [ -57.381597, -16.995895 ], [ -57.383737, -16.990611 ], [ -57.380387, -16.983972 ], [ -57.395256, -16.98255 ], [ -57.385813, -16.977572 ], [ -57.387069, -16.972751 ], [ -57.393898, -16.975452 ], [ -57.399537, -16.965326 ], [ -57.403867, -16.963756 ], [ -57.411315, -16.974747 ], [ -57.424261, -16.968774 ], [ -57.409094, -16.963551 ], [ -57.409038, -16.951624 ], [ -57.415759, -16.953144 ], [ -57.417393, -16.961888 ], [ -57.420146, -16.962419 ], [ -57.417426, -16.945493 ], [ -57.421481, -16.940831 ], [ -57.433982, -16.940052 ], [ -57.432171, -16.922931 ], [ -57.441092, -16.924082 ], [ -57.446091, -16.920694 ], [ -57.449144, -16.926056 ], [ -57.456949, -16.918463 ], [ -57.46651, -16.917597 ], [ -57.47132, -16.91057 ], [ -57.480291, -16.910445 ], [ -57.475978, -16.900528 ], [ -57.48895, -16.901481 ], [ -57.490513, -16.890449 ], [ -57.496281, -16.889247 ], [ -57.49998, -16.878133 ], [ -57.50354, -16.881187 ], [ -57.505513, -16.874603 ], [ -57.518343, -16.870114 ], [ -57.519479, -16.859088 ], [ -57.528479, -16.862443 ], [ -57.53123, -16.876678 ], [ -57.534842, -16.86504 ], [ -57.562924, -16.858438 ], [ -57.565984, -16.862996 ], [ -57.571238, -16.855264 ], [ -57.583504, -16.84942 ], [ -57.589263, -16.839243 ], [ -57.595284, -16.837134 ], [ -57.600395, -16.842982 ], [ -57.592928, -16.856481 ], [ -57.600146, -16.859089 ], [ -57.610094, -16.843165 ], [ -57.624341, -16.845835 ], [ -57.625177, -16.837881 ], [ -57.61823, -16.837173 ], [ -57.616007, -16.833812 ], [ -57.625415, -16.826744 ], [ -57.627982, -16.813194 ], [ -57.618178, -16.80532 ], [ -57.612677, -16.810695 ], [ -57.611895, -16.804537 ], [ -57.595456, -16.813422 ], [ -57.591007, -16.806318 ], [ -57.585117, -16.812052 ], [ -57.576676, -16.811241 ], [ -57.573064, -16.815191 ], [ -57.569931, -16.810276 ], [ -57.55306, -16.83038 ], [ -57.539197, -16.818647 ], [ -57.525208, -16.818687 ], [ -57.517427, -16.824215 ], [ -57.507706, -16.820132 ], [ -57.499652, -16.829112 ], [ -57.49265, -16.822497 ], [ -57.476649, -16.834048 ], [ -57.471901, -16.833064 ], [ -57.474753, -16.839241 ], [ -57.468737, -16.845831 ], [ -57.473426, -16.854918 ], [ -57.466125, -16.851757 ], [ -57.451123, -16.861385 ], [ -57.43765, -16.852876 ], [ -57.432311, -16.864822 ], [ -57.438593, -16.869174 ], [ -57.436512, -16.874458 ], [ -57.423484, -16.878162 ], [ -57.418179, -16.874259 ], [ -57.415539, -16.876913 ], [ -57.417644, -16.882191 ], [ -57.407642, -16.882923 ], [ -57.403043, -16.875593 ], [ -57.396342, -16.876255 ], [ -57.392568, -16.884016 ], [ -57.390095, -16.880102 ], [ -57.381474, -16.879416 ], [ -57.383812, -16.872077 ], [ -57.37959, -16.875322 ], [ -57.379752, -16.869672 ], [ -57.368919, -16.858416 ], [ -57.36995, -16.853041 ], [ -57.375345, -16.853024 ], [ -57.369651, -16.84885 ], [ -57.3732, -16.838819 ], [ -57.368067, -16.833103 ], [ -57.367454, -16.82545 ], [ -57.36123, -16.825842 ], [ -57.36517, -16.81836 ], [ -57.371785, -16.816691 ], [ -57.36913, -16.813599 ], [ -57.375345, -16.807483 ], [ -57.372115, -16.786089 ], [ -57.38423, -16.787874 ], [ -57.395172, -16.777993 ], [ -57.394287, -16.770349 ], [ -57.386423, -16.764909 ], [ -57.406727, -16.736874 ], [ -57.404899, -16.732048 ], [ -57.404398, -16.721302 ], [ -57.399374, -16.717323 ], [ -57.399317, -16.707119 ], [ -57.402998, -16.70368 ], [ -57.400978, -16.694542 ], [ -57.395872, -16.692098 ], [ -57.394312, -16.681359 ], [ -57.402788, -16.676501 ], [ -57.408839, -16.677204 ], [ -57.410595, -16.670362 ], [ -57.397169, -16.66422 ], [ -57.399839, -16.649189 ], [ -57.397813, -16.641635 ], [ -57.401118, -16.635064 ], [ -57.389756, -16.630279 ], [ -57.379866, -16.616382 ], [ -57.380039, -16.61064 ], [ -57.364257, -16.606968 ], [ -57.352292, -16.593709 ], [ -57.340228, -16.601221 ], [ -57.333701, -16.596597 ], [ -57.326619, -16.597442 ], [ -57.309789, -16.591493 ], [ -57.293091, -16.596738 ], [ -57.263649, -16.579802 ], [ -57.26181, -16.568053 ], [ -57.247808, -16.559627 ], [ -57.236057, -16.544367 ], [ -57.211476, -16.541707 ], [ -57.204196, -16.534435 ], [ -57.199286, -16.536089 ], [ -57.185864, -16.527839 ], [ -57.186365, -16.506982 ], [ -57.181836, -16.499841 ], [ -57.184617, -16.476252 ], [ -57.172622, -16.468438 ], [ -57.173011, -16.464631 ], [ -57.177782, -16.465543 ], [ -57.179399, -16.462377 ], [ -57.169733, -16.450315 ], [ -57.1692, -16.439979 ], [ -57.166282, -16.442512 ], [ -57.161233, -16.439603 ], [ -57.15287, -16.444664 ], [ -57.149674, -16.439948 ], [ -57.153893, -16.439587 ], [ -57.15456, -16.436327 ], [ -57.149426, -16.439619 ], [ -57.1494, -16.434507 ], [ -57.138982, -16.431408 ], [ -57.129984, -16.434195 ], [ -57.126118, -16.430289 ], [ -57.114116, -16.432806 ], [ -57.103137, -16.423181 ], [ -57.097702, -16.424609 ], [ -57.095645, -16.420082 ], [ -57.079483, -16.424208 ], [ -57.080263, -16.420226 ], [ -57.074429, -16.419672 ], [ -57.073911, -16.414581 ], [ -57.079869, -16.379178 ], [ -57.07648, -16.349816 ], [ -57.082812, -16.330985 ], [ -57.072117, -16.294181 ], [ -57.074594, -16.278874 ], [ -57.068729, -16.265176 ], [ -57.080812, -16.226433 ], [ -57.079841, -16.212201 ], [ -57.087928, -16.203521 ], [ -57.08748, -16.190382 ], [ -57.09346, -16.185046 ], [ -57.10345, -16.170483 ], [ -57.106952, -16.156904 ], [ -57.113259, -16.150575 ], [ -57.119925, -16.149323 ], [ -57.124531, -16.136014 ], [ -57.11729, -16.108817 ], [ -57.120672, -16.105112 ], [ -57.122393, -16.088534 ], [ -57.119594, -16.083999 ], [ -57.123809, -16.080382 ], [ -57.123645, -16.073406 ], [ -57.11804, -16.067596 ], [ -57.1165, -16.058122 ], [ -57.11967, -16.046218 ], [ -57.126535, -16.039979 ], [ -57.137035, -16.040909 ], [ -57.145698, -16.03553 ], [ -57.145836, -16.013621 ], [ -57.150502, -16.008227 ], [ -57.150292, -15.998331 ], [ -57.130481, -15.983168 ], [ -57.132057, -15.96445 ], [ -57.128065, -15.95533 ], [ -57.123287, -15.954352 ], [ -57.1162, -15.958841 ], [ -57.110116, -15.946628 ], [ -57.103243, -15.942094 ], [ -57.103641, -15.930701 ], [ -57.088758, -15.917616 ], [ -57.08476, -15.905301 ], [ -57.080149, -15.901792 ], [ -57.082588, -15.889706 ], [ -57.075955, -15.888291 ], [ -57.077674, -15.880389 ], [ -57.065533, -15.869747 ], [ -57.05087, -15.864466 ], [ -57.052949, -15.860699 ], [ -57.047366, -15.858133 ], [ -57.05026, -15.854584 ], [ -57.04723, -15.850426 ], [ -57.05031, -15.848416 ], [ -57.040282, -15.849097 ], [ -57.037424, -15.838317 ], [ -57.047064, -15.836187 ], [ -57.052477, -15.824095 ], [ -57.057485, -15.823339 ], [ -57.06112, -15.817961 ], [ -57.215643, -15.850135 ], [ -57.215118, -15.839485 ], [ -57.203954, -15.81945 ], [ -57.176215, -15.801558 ], [ -57.16523, -15.786921 ], [ -57.181316, -15.766876 ], [ -57.176119, -15.758007 ], [ -57.175402, -15.747855 ], [ -57.162204, -15.733326 ], [ -57.156063, -15.723919 ], [ -57.157145, -15.720466 ], [ -57.136113, -15.693094 ], [ -57.140591, -15.676648 ], [ -57.13528, -15.667238 ], [ -57.132006, -15.665984 ], [ -57.121367, -15.672492 ], [ -57.122839, -15.668028 ], [ -57.115117, -15.658913 ], [ -57.112259, -15.649403 ], [ -57.121313, -15.643093 ], [ -57.122398, -15.636553 ], [ -57.116199, -15.636316 ], [ -57.120587, -15.631488 ], [ -57.112701, -15.629982 ], [ -57.11559, -15.626251 ], [ -57.110619, -15.624917 ], [ -57.111422, -15.619377 ], [ -57.108061, -15.619299 ], [ -57.106424, -15.612056 ], [ -57.097341, -15.609658 ], [ -57.101033, -15.602013 ], [ -57.091893, -15.592631 ], [ -57.094196, -15.587623 ], [ -57.084611, -15.581501 ], [ -57.086095, -15.574784 ], [ -57.077116, -15.57556 ], [ -57.080921, -15.572907 ], [ -57.079032, -15.569287 ], [ -57.067338, -15.570522 ], [ -57.068391, -15.566288 ], [ -57.064148, -15.569178 ], [ -57.059449, -15.566119 ], [ -57.064481, -15.558287 ], [ -57.057225, -15.550525 ], [ -57.06168, -15.542069 ], [ -57.07037, -15.539936 ], [ -57.070811, -15.536942 ], [ -57.061066, -15.536536 ], [ -57.065146, -15.529527 ], [ -57.054866, -15.532307 ], [ -57.048753, -15.527257 ], [ -57.040701, -15.526751 ], [ -57.048816, -15.517551 ], [ -57.037392, -15.517971 ], [ -57.037734, -15.511892 ], [ -57.030726, -15.512826 ], [ -57.029393, -15.508391 ], [ -57.033565, -15.50292 ], [ -57.026371, -15.504409 ], [ -57.017809, -15.491192 ], [ -57.02409, -15.482721 ], [ -57.014145, -15.485248 ], [ -57.017585, -15.478297 ], [ -57.01089, -15.482044 ], [ -57.010311, -15.476671 ], [ -56.987255, -15.465086 ], [ -56.986478, -15.455754 ], [ -56.982448, -15.457982 ], [ -56.982978, -15.462517 ], [ -56.968205, -15.465585 ], [ -56.963631, -15.470105 ], [ -56.957369, -15.479559 ], [ -56.937495, -15.46412 ], [ -56.92529, -15.472086 ], [ -56.913567, -15.467477 ], [ -56.904649, -15.470399 ], [ -56.896787, -15.462638 ], [ -56.831476, -15.475932 ], [ -56.820784, -15.469515 ], [ -56.811254, -15.482303 ], [ -56.808504, -15.498857 ], [ -56.800921, -15.500438 ], [ -56.7805, -15.515238 ], [ -56.763064, -15.512024 ], [ -56.759474, -15.52032 ], [ -56.751728, -15.51975 ], [ -56.742695, -15.518145 ], [ -56.739423, -15.511 ], [ -56.725814, -15.506745 ], [ -56.716137, -15.494692 ], [ -56.716481, -15.47812 ], [ -56.697341, -15.475338 ], [ -56.681035, -15.477179 ], [ -56.670252, -15.464798 ], [ -56.66598, -15.451167 ], [ -56.660754, -15.451404 ], [ -56.65784, -15.444123 ], [ -56.649216, -15.438543 ], [ -56.657116, -15.42972 ], [ -56.66467, -15.431138 ], [ -56.668728, -15.425104 ], [ -56.676393, -15.423992 ], [ -56.681035, -15.428377 ], [ -56.685978, -15.427606 ], [ -56.688037, -15.41946 ], [ -56.695698, -15.416805 ], [ -56.701007, -15.407431 ], [ -56.707513, -15.408746 ], [ -56.719756, -15.399609 ], [ -56.722356, -15.391375 ], [ -56.732036, -15.382412 ], [ -56.735227, -15.357436 ], [ -56.737701, -15.354371 ], [ -56.744395, -15.354696 ], [ -56.746336, -15.347287 ], [ -56.753589, -15.349877 ], [ -56.756453, -15.342476 ], [ -56.732669, -15.318373 ], [ -56.70612, -15.281468 ], [ -56.692787, -15.28 ], [ -56.686122, -15.284118 ], [ -56.665531, -15.24726 ], [ -56.646863, -15.237508 ], [ -56.631173, -15.234264 ], [ -56.610172, -15.239822 ], [ -56.59451, -15.228375 ], [ -56.578978, -15.202781 ], [ -56.573543, -15.17703 ], [ -56.570621, -15.168018 ], [ -56.554815, -15.164433 ], [ -56.551587, -15.1491 ], [ -56.546337, -15.142804 ], [ -56.53734, -15.137478 ], [ -56.522754, -15.137431 ], [ -56.511968, -15.135438 ], [ -56.497825, -15.122148 ], [ -56.485647, -15.118498 ], [ -56.472064, -15.126451 ], [ -56.47197, -15.132168 ], [ -56.461979, -15.133009 ], [ -56.449781, -15.142525 ], [ -56.452978, -15.129512 ], [ -56.466977, -15.118578 ], [ -56.464536, -15.113557 ], [ -56.451145, -15.110801 ], [ -56.448697, -15.105599 ], [ -56.451478, -15.101109 ], [ -56.462724, -15.097655 ], [ -56.465477, -15.089541 ], [ -56.458503, -15.083357 ], [ -56.439788, -15.086515 ], [ -56.44039, -15.077881 ], [ -56.442033, -15.073768 ], [ -56.437504, -15.076405 ], [ -56.431646, -15.070789 ], [ -56.414592, -15.069525 ], [ -56.408729, -15.062725 ], [ -56.400284, -15.064495 ], [ -56.387444, -15.073264 ], [ -56.370448, -15.043841 ], [ -56.361977, -15.041125 ], [ -56.338084, -15.045375 ], [ -56.33034, -15.036085 ], [ -56.319087, -15.038804 ], [ -56.318254, -15.043599 ], [ -56.311838, -15.037513 ], [ -56.310447, -15.024984 ], [ -56.298919, -15.018352 ], [ -56.288006, -15.017721 ], [ -56.272862, -15.008498 ], [ -56.267057, -14.995298 ], [ -56.25981, -14.994012 ], [ -56.254114, -14.988146 ], [ -56.244114, -14.987602 ], [ -56.240059, -14.976697 ], [ -56.2022, -14.990269 ], [ -55.973597, -15.072341 ], [ -55.947895, -15.081461 ], [ -55.942089, -15.073247 ], [ -55.936925, -15.040763 ], [ -55.943033, -15.028342 ], [ -55.938843, -15.020449 ], [ -55.947142, -15.017921 ], [ -55.951508, -14.996637 ], [ -55.9726, -14.963762 ], [ -55.983394, -14.954158 ], [ -55.985114, -14.94695 ], [ -56.008541, -14.914444 ], [ -56.012759, -14.900977 ], [ -56.002862, -14.901024 ], [ -55.998414, -14.890568 ], [ -55.98717, -14.887439 ], [ -55.97178, -14.873776 ], [ -55.965251, -14.871522 ], [ -55.948529, -14.877065 ], [ -55.934003, -14.869554 ], [ -55.915182, -14.867955 ], [ -55.911757, -14.868684 ], [ -55.908758, -14.861563 ], [ -55.892445, -14.853585 ], [ -55.875693, -14.839866 ], [ -55.866388, -14.840303 ], [ -55.858335, -14.834991 ], [ -55.840754, -14.854574 ], [ -55.834869, -14.844251 ], [ -55.831668, -14.844701 ], [ -55.827899, -14.85847 ], [ -55.814315, -14.840547 ], [ -55.808315, -14.844453 ], [ -55.799231, -14.838967 ], [ -55.782226, -14.836644 ], [ -55.766419, -14.82519 ], [ -55.765779, -14.818156 ], [ -55.759982, -14.812402 ], [ -55.759841, -14.798437 ], [ -55.765398, -14.786125 ], [ -55.763342, -14.784297 ], [ -55.742251, -14.779128 ], [ -55.713056, -14.752946 ], [ -55.659676, -14.728929 ], [ -55.359769, -14.564822 ], [ -55.358333, -14.564346 ], [ -55.357373, -14.564866 ], [ -55.350815, -14.576417 ], [ -55.289944, -14.613629 ], [ -55.258983, -14.629431 ], [ -55.232735, -14.63865 ], [ -55.219287, -14.638843 ], [ -55.18566, -14.629515 ], [ -55.156008, -14.61602 ], [ -55.137309, -14.58063 ], [ -55.125206, -14.570064 ], [ -55.112868, -14.567039 ], [ -55.107895, -14.561415 ], [ -55.10442, -14.548477 ], [ -55.076166, -14.541964 ], [ -55.070479, -14.536335 ], [ -55.059616, -14.542315 ], [ -55.0518, -14.541415 ], [ -55.044242, -14.544842 ], [ -55.036042, -14.539888 ], [ -55.022629, -14.516748 ], [ -55.018705, -14.49565 ], [ -55.012503, -14.493448 ], [ -55.007465, -14.495749 ], [ -55.001883, -14.491795 ], [ -54.995565, -14.480029 ], [ -54.997417, -14.449644 ], [ -54.986361, -14.436619 ], [ -54.976647, -14.439795 ], [ -54.970006, -14.43714 ], [ -54.968086, -14.439731 ], [ -54.964998, -14.435687 ], [ -54.956417, -14.43698 ], [ -54.956361, -14.43045 ], [ -54.944142, -14.426957 ], [ -54.936666, -14.428903 ], [ -54.938054, -14.424216 ], [ -54.931749, -14.423836 ], [ -54.929858, -14.418385 ], [ -54.923118, -14.413161 ], [ -54.914, -14.412717 ], [ -54.912058, -14.402892 ], [ -54.909029, -14.401564 ], [ -54.907083, -14.405885 ], [ -54.901526, -14.396171 ], [ -54.894363, -14.395223 ], [ -54.89492, -14.404477 ], [ -54.890615, -14.397234 ], [ -54.882647, -14.395638 ], [ -54.881255, -14.39099 ], [ -54.870032, -14.385154 ], [ -54.864864, -14.377176 ], [ -54.866644, -14.372045 ], [ -54.863871, -14.366913 ], [ -54.866445, -14.364247 ], [ -54.862502, -14.360275 ], [ -54.863723, -14.355319 ], [ -54.853916, -14.353219 ], [ -54.857279, -14.352467 ], [ -54.855781, -14.348272 ], [ -54.858831, -14.343894 ], [ -54.854589, -14.337464 ], [ -54.850725, -14.340751 ], [ -54.847503, -14.338874 ], [ -54.85739, -14.328093 ], [ -54.843028, -14.325197 ], [ -54.843806, -14.319592 ], [ -54.833839, -14.316408 ], [ -54.830611, -14.318436 ], [ -54.823554, -14.294556 ], [ -54.819362, -14.296386 ], [ -54.813894, -14.293847 ], [ -54.811003, -14.305009 ], [ -54.805856, -14.306817 ], [ -54.806004, -14.290693 ], [ -54.796759, -14.278285 ], [ -54.795609, -14.289679 ], [ -54.786115, -14.30871 ], [ -54.773414, -14.319886 ], [ -54.769362, -14.319265 ], [ -54.764248, -14.308924 ], [ -54.757109, -14.322014 ], [ -54.744476, -14.322047 ], [ -54.739507, -14.31062 ], [ -54.7235, -14.334338 ], [ -54.719918, -14.341869 ], [ -54.713419, -14.341658 ], [ -54.712941, -14.336569 ], [ -54.722726, -14.318092 ], [ -54.719304, -14.311957 ], [ -54.707942, -14.318535 ], [ -54.683334, -14.321951 ], [ -54.693337, -14.328224 ], [ -54.70187, -14.32929 ], [ -54.707756, -14.336474 ], [ -54.708228, -14.34119 ], [ -54.698536, -14.341818 ], [ -54.696532, -14.348573 ], [ -54.686248, -14.356443 ], [ -54.688305, -14.359653 ], [ -54.69117, -14.356175 ], [ -54.697781, -14.356488 ], [ -54.707666, -14.371904 ], [ -54.696447, -14.371683 ], [ -54.664502, -14.382838 ], [ -54.658225, -14.390325 ], [ -54.65664, -14.399176 ], [ -54.651471, -14.401338 ], [ -54.647864, -14.413867 ], [ -54.641249, -14.392619 ], [ -54.634532, -14.406544 ], [ -54.636641, -14.412461 ], [ -54.632785, -14.415291 ], [ -54.624555, -14.407964 ], [ -54.625839, -14.392228 ], [ -54.61734, -14.397763 ], [ -54.603804, -14.395593 ], [ -54.601809, -14.411776 ], [ -54.599253, -14.412812 ], [ -54.595224, -14.410283 ], [ -54.598415, -14.405185 ], [ -54.594669, -14.397494 ], [ -54.588294, -14.403471 ], [ -54.581198, -14.40955 ], [ -54.582028, -14.414374 ], [ -54.588338, -14.41903 ], [ -54.581612, -14.429404 ], [ -54.573755, -14.431784 ], [ -54.566647, -14.429468 ], [ -54.555779, -14.434141 ], [ -54.561583, -14.448669 ], [ -54.568866, -14.456785 ], [ -54.565561, -14.459342 ], [ -54.558753, -14.456087 ], [ -54.558672, -14.463472 ], [ -54.553999, -14.46482 ], [ -54.548679, -14.474865 ], [ -54.515556, -14.478691 ], [ -54.509363, -14.491184 ], [ -54.504564, -14.477415 ], [ -54.503225, -14.484428 ], [ -54.496311, -14.483331 ], [ -54.501951, -14.490615 ], [ -54.495006, -14.492182 ], [ -54.491914, -14.496746 ], [ -54.493279, -14.487323 ], [ -54.490028, -14.481075 ], [ -54.487923, -14.484599 ], [ -54.484921, -14.482561 ], [ -54.475832, -14.487921 ], [ -54.463639, -14.473767 ], [ -54.456612, -14.474874 ], [ -54.457245, -14.480977 ], [ -54.452356, -14.481447 ], [ -54.449562, -14.483986 ], [ -54.449587, -14.487274 ], [ -54.454524, -14.488476 ], [ -54.451608, -14.491266 ], [ -54.452416, -14.499792 ], [ -54.449004, -14.500626 ], [ -54.445445, -14.508958 ], [ -54.442164, -14.51071 ], [ -54.433589, -14.507218 ], [ -54.428667, -14.511259 ], [ -54.426781, -14.508639 ], [ -54.424666, -14.513154 ], [ -54.431305, -14.518023 ], [ -54.410833, -14.523644 ], [ -54.407366, -14.529869 ], [ -54.398863, -14.531375 ], [ -54.394891, -14.543858 ], [ -54.390004, -14.548301 ], [ -54.389526, -14.558143 ], [ -54.3957, -14.569657 ], [ -54.394366, -14.580153 ], [ -54.397113, -14.586188 ], [ -54.393224, -14.601766 ], [ -54.38628, -14.605673 ], [ -54.389781, -14.612201 ], [ -54.386089, -14.618733 ], [ -54.373554, -14.632508 ], [ -54.360388, -14.635974 ], [ -54.345693, -14.634866 ], [ -54.337504, -14.640943 ], [ -54.331139, -14.64107 ], [ -54.334344, -14.682403 ], [ -54.329702, -14.692391 ], [ -54.325387, -14.729227 ], [ -54.340778, -14.734257 ], [ -54.348057, -14.74484 ], [ -54.372032, -14.748019 ], [ -54.376248, -14.752932 ], [ -54.381838, -14.752477 ], [ -54.398417, -14.763077 ], [ -54.429468, -14.759751 ], [ -54.457477, -14.771455 ], [ -54.471837, -14.772845 ], [ -54.493226, -14.792431 ], [ -54.492914, -14.822943 ], [ -54.485698, -14.836418 ], [ -54.501077, -14.863863 ], [ -54.519697, -14.879798 ], [ -54.553561, -14.884799 ], [ -54.562555, -14.892232 ], [ -54.582364, -14.893302 ], [ -54.644108, -14.914871 ], [ -54.655972, -14.916241 ], [ -54.665816, -14.926248 ], [ -54.673058, -14.92954 ], [ -54.697478, -14.953262 ], [ -54.733114, -14.968702 ], [ -54.738359, -14.97683 ], [ -54.792534, -15.017515 ], [ -54.798583, -15.026785 ], [ -54.843276, -15.067281 ], [ -54.865363, -15.067758 ], [ -54.886898, -15.055448 ], [ -54.893644, -15.048128 ], [ -54.910138, -15.045208 ], [ -54.917342, -15.068123 ], [ -54.943057, -15.069834 ], [ -54.959256, -15.077365 ], [ -54.970949, -15.075755 ], [ -55.000306, -15.085673 ], [ -55.017836, -15.083023 ], [ -55.042387, -15.095676 ], [ -55.055638, -15.099007 ], [ -55.076448, -15.094985 ], [ -55.092612, -15.105201 ], [ -55.096336, -15.103747 ], [ -55.098107, -15.105535 ], [ -55.167559, -15.204597 ], [ -55.334559, -15.35114 ], [ -55.315548, -15.34976 ], [ -55.303978, -15.354775 ], [ -55.29509, -15.354527 ], [ -55.283948, -15.378573 ], [ -55.274307, -15.379868 ], [ -55.265583, -15.40218 ], [ -55.268337, -15.412148 ], [ -55.275723, -15.421198 ], [ -55.289946, -15.431043 ], [ -55.286615, -15.472393 ], [ -55.294474, -15.480624 ], [ -55.295836, -15.494487 ], [ -55.303666, -15.508157 ], [ -55.302562, -15.514578 ], [ -55.305528, -15.515167 ], [ -55.341339, -15.486401 ], [ -55.34958, -15.486176 ], [ -55.372834, -15.491393 ], [ -55.378673, -15.498902 ], [ -55.40286, -15.509068 ], [ -55.399444, -15.530676 ], [ -55.415813, -15.544033 ], [ -55.420893, -15.561691 ], [ -55.434726, -15.581543 ], [ -55.441812, -15.610915 ], [ -55.436279, -15.617182 ], [ -55.422838, -15.622268 ], [ -55.374201, -15.608737 ], [ -55.355503, -15.598653 ], [ -55.382555, -15.633784 ], [ -55.398225, -15.642152 ], [ -55.405418, -15.64261 ], [ -55.408223, -15.649361 ], [ -55.415251, -15.649811 ], [ -55.423358, -15.658263 ], [ -55.424226, -15.663713 ], [ -55.418676, -15.666171 ], [ -55.416122, -15.674643 ], [ -55.413446, -15.677705 ], [ -55.403256, -15.677113 ], [ -55.396083, -15.688342 ], [ -55.419225, -15.711956 ], [ -55.4192, -15.727001 ], [ -55.411891, -15.733515 ], [ -55.421038, -15.748422 ], [ -55.423832, -15.774918 ], [ -55.419094, -15.789609 ], [ -55.407967, -15.819776 ], [ -55.405785, -15.819634 ], [ -55.394729, -15.821758 ], [ -55.38178, -15.809253 ], [ -55.371425, -15.808379 ], [ -55.355007, -15.808799 ], [ -55.350997, -15.820038 ], [ -55.348032, -15.832441 ], [ -55.332336, -15.82316 ], [ -55.325144, -15.835484 ], [ -55.300782, -15.849192 ], [ -55.300501, -15.879087 ], [ -55.304947, -15.895655 ], [ -55.301674, -15.896335 ], [ -55.271471, -16.032894 ], [ -55.24175, -16.166195 ], [ -55.190479, -16.397624 ], [ -55.1903, -16.39843 ], [ -55.187147, -16.412645 ], [ -55.182756, -16.432441 ], [ -55.148869, -16.445182 ], [ -55.115145, -16.44895 ], [ -55.096198, -16.438632 ], [ -55.047305, -16.449761 ], [ -55.032504, -16.465015 ], [ -55.030479, -16.482436 ], [ -55.021471, -16.489628 ], [ -55.016389, -16.514095 ], [ -55.008727, -16.513468 ], [ -55.003219, -16.504607 ], [ -54.995256, -16.505719 ], [ -55.000862, -16.494137 ], [ -54.997396, -16.490214 ], [ -54.986866, -16.495677 ], [ -54.981529, -16.493694 ], [ -54.982083, -16.488623 ], [ -54.991222, -16.481242 ], [ -54.990728, -16.477523 ], [ -54.979919, -16.477627 ], [ -54.97064, -16.471598 ], [ -54.973783, -16.486411 ], [ -54.962562, -16.523618 ], [ -54.947059, -16.523734 ], [ -54.929003, -16.531198 ], [ -54.926114, -16.545613 ], [ -54.912129, -16.556546 ], [ -54.904283, -16.563971 ], [ -54.891445, -16.591955 ], [ -54.900543, -16.626009 ], [ -54.906317, -16.666965 ], [ -54.902339, -16.679347 ], [ -54.890999, -16.68368 ], [ -54.876691, -16.697453 ], [ -54.852531, -16.740361 ], [ -54.842363, -16.750841 ], [ -54.826809, -16.758455 ], [ -54.842199, -16.792305 ], [ -54.843504, -16.805248 ], [ -54.837725, -16.824661 ], [ -54.853534, -16.838864 ], [ -54.850775, -16.849747 ], [ -54.855283, -16.858857 ], [ -54.867005, -16.867479 ], [ -54.874588, -16.90246 ], [ -54.870118, -16.959089 ], [ -54.866138, -16.969338 ], [ -54.859312, -16.974818 ], [ -54.847642, -16.977523 ], [ -54.846002, -16.982972 ], [ -54.850277, -16.989638 ], [ -54.839139, -16.998134 ], [ -54.844089, -17.000172 ], [ -54.839087, -17.026053 ], [ -54.845089, -17.047177 ], [ -54.839319, -17.066325 ], [ -54.840589, -17.072254 ], [ -54.845027, -17.070809 ], [ -54.863654, -17.077164 ], [ -54.889427, -17.072898 ], [ -54.917533, -17.092114 ], [ -54.918977, -17.085721 ], [ -54.927083, -17.08534 ], [ -54.927284, -17.089867 ], [ -54.934423, -17.085667 ], [ -54.942917, -17.097068 ], [ -54.935982, -17.101183 ], [ -54.937036, -17.104187 ], [ -54.94276, -17.101315 ], [ -54.944332, -17.106227 ], [ -54.952693, -17.109343 ], [ -54.965308, -17.106752 ], [ -54.966669, -17.113571 ], [ -54.975971, -17.11014 ], [ -54.990303, -17.117386 ], [ -55.001618, -17.110384 ], [ -55.01056, -17.112708 ], [ -55.012478, -17.106192 ], [ -55.020504, -17.103432 ], [ -55.026977, -17.103281 ], [ -55.028865, -17.107827 ], [ -55.034611, -17.106423 ], [ -55.041176, -17.110158 ], [ -55.044728, -17.117059 ], [ -55.055262, -17.119743 ], [ -55.055399, -17.125995 ], [ -55.081892, -17.13487 ], [ -55.078761, -17.139269 ], [ -55.08186, -17.143339 ], [ -55.086947, -17.141197 ], [ -55.097993, -17.152569 ], [ -55.09489, -17.154371 ], [ -55.109192, -17.169842 ], [ -55.113199, -17.181186 ], [ -55.119471, -17.184657 ], [ -55.121171, -17.182778 ], [ -55.125118, -17.187308 ], [ -55.129952, -17.181363 ], [ -55.127643, -17.189409 ], [ -55.131974, -17.189539 ], [ -55.136117, -17.195069 ], [ -55.144424, -17.190127 ], [ -55.153554, -17.190544 ], [ -55.156537, -17.196537 ], [ -55.166788, -17.200298 ], [ -55.169751, -17.206653 ], [ -55.182363, -17.209071 ], [ -55.184331, -17.212519 ], [ -55.180984, -17.22313 ], [ -55.185785, -17.225114 ], [ -55.189093, -17.221957 ], [ -55.191396, -17.230664 ], [ -55.205868, -17.240969 ], [ -55.206835, -17.252292 ], [ -55.201062, -17.257161 ], [ -55.205672, -17.257629 ], [ -55.204333, -17.264142 ], [ -55.208676, -17.263348 ], [ -55.208642, -17.268604 ], [ -55.213834, -17.265819 ], [ -55.225973, -17.271221 ], [ -55.228034, -17.27576 ], [ -55.229093, -17.270695 ], [ -55.237981, -17.280788 ], [ -55.239616, -17.277624 ], [ -55.247895, -17.281013 ], [ -55.246061, -17.286536 ], [ -55.248503, -17.290163 ], [ -55.257171, -17.292295 ], [ -55.258001, -17.295734 ], [ -55.260007, -17.289856 ], [ -55.2695, -17.292344 ], [ -55.26845, -17.295332 ], [ -55.274505, -17.292004 ], [ -55.276842, -17.296725 ], [ -55.289974, -17.290531 ], [ -55.29856, -17.290216 ], [ -55.297308, -17.295363 ], [ -55.301806, -17.301007 ], [ -55.299193, -17.310682 ], [ -55.302483, -17.316765 ], [ -55.30812, -17.317697 ], [ -55.30586, -17.321128 ], [ -55.311118, -17.327399 ], [ -55.322034, -17.330796 ], [ -55.32381, -17.335421 ], [ -55.335209, -17.330956 ], [ -55.338226, -17.337564 ], [ -55.349729, -17.338248 ], [ -55.348892, -17.334403 ], [ -55.352481, -17.335093 ], [ -55.351949, -17.347951 ], [ -55.355342, -17.34409 ], [ -55.358953, -17.359026 ], [ -55.366946, -17.363495 ], [ -55.369545, -17.358261 ], [ -55.3802, -17.357035 ], [ -55.380011, -17.353948 ], [ -55.394597, -17.362518 ], [ -55.405838, -17.356588 ], [ -55.407501, -17.362573 ], [ -55.412061, -17.357156 ], [ -55.432758, -17.371005 ], [ -55.434476, -17.367034 ], [ -55.440778, -17.366873 ], [ -55.440998, -17.360074 ], [ -55.449394, -17.362915 ], [ -55.449584, -17.358209 ], [ -55.45373, -17.360481 ], [ -55.456867, -17.354979 ], [ -55.464326, -17.353179 ], [ -55.460758, -17.34829 ], [ -55.469396, -17.346818 ], [ -55.477903, -17.34825 ], [ -55.480869, -17.345278 ], [ -55.486978, -17.350372 ], [ -55.490023, -17.344318 ], [ -55.49492, -17.344696 ], [ -55.499952, -17.352041 ], [ -55.503091, -17.343864 ], [ -55.510368, -17.341154 ], [ -55.506483, -17.345501 ], [ -55.50848, -17.347323 ], [ -55.514232, -17.344143 ], [ -55.514976, -17.338529 ], [ -55.518473, -17.34188 ], [ -55.523594, -17.338535 ], [ -55.524446, -17.332367 ], [ -55.530068, -17.332819 ], [ -55.529723, -17.326567 ], [ -55.542372, -17.330467 ], [ -55.545391, -17.337273 ], [ -55.560227, -17.335822 ], [ -55.562864, -17.344078 ], [ -55.572864, -17.342082 ], [ -55.567203, -17.346617 ], [ -55.573725, -17.347984 ], [ -55.576454, -17.353246 ], [ -55.58212, -17.353338 ], [ -55.583175, -17.349437 ], [ -55.591193, -17.352332 ], [ -55.591385, -17.36267 ], [ -55.59695, -17.358145 ], [ -55.595147, -17.363043 ], [ -55.601508, -17.365082 ], [ -55.60172, -17.367255 ] ], [ [ -55.358646, -14.587961 ], [ -55.356134, -14.592458 ], [ -55.356133, -14.592458 ], [ -55.358646, -14.587961 ] ] ] } },
{ "type": "Feature", "properties": { "HREG_ID": "51003", "HREG_NAME": "Araguaia Xingu", "id": "510269", "name": "Canabrava do Norte", "description": "Canabrava do Norte", "MUN_ID": "510269", "UF": "MT", "MACRO_ID": "5104", "MACRO_NAME": "Macrorregião Leste" }, "geometry": { "type": "Polygon", "coordinates": [ [ [ -51.401499, -11.039183 ], [ -51.406583, -11.046139 ], [ -51.410904, -11.04919 ], [ -51.416502, -11.044565 ], [ -51.418946, -11.052094 ], [ -51.429503, -11.054308 ], [ -51.434879, -11.059289 ], [ -51.442108, -11.056852 ], [ -51.441836, -11.06596 ], [ -51.453554, -11.074335 ], [ -51.45481, -11.0832 ], [ -51.46342, -11.080579 ], [ -51.46645, -11.0871 ], [ -51.473254, -11.088782 ], [ -51.484063, -11.111326 ], [ -51.489867, -11.111367 ], [ -51.489361, -11.115665 ], [ -51.500609, -11.128287 ], [ -51.498196, -11.131651 ], [ -51.509253, -11.134039 ], [ -51.509095, -11.150965 ], [ -51.512164, -11.165224 ], [ -51.51742, -11.16937 ], [ -51.518914, -11.175592 ], [ -51.505083, -11.192158 ], [ -51.497026, -11.196309 ], [ -51.496393, -11.201053 ], [ -51.489558, -11.198028 ], [ -51.485691, -11.204095 ], [ -51.482664, -11.229146 ], [ -51.486784, -11.239133 ], [ -51.486392, -11.2512 ], [ -51.512365, -11.26386 ], [ -51.530022, -11.288429 ], [ -51.543775, -11.294268 ], [ -51.560772, -11.311446 ], [ -51.562922, -11.320154 ], [ -51.560109, -11.326444 ], [ -51.566663, -11.339432 ], [ -51.580579, -11.355438 ], [ -51.600369, -11.358033 ], [ -51.627836, -11.36743 ], [ -51.633527, -11.380572 ], [ -51.633415, -11.395107 ], [ -51.628309, -11.404054 ], [ -51.631192, -11.419976 ], [ -51.63614, -11.42885 ], [ -51.647998, -11.437699 ], [ -51.648254, -11.447928 ], [ -51.657619, -11.459385 ], [ -51.678429, -11.463239 ], [ -51.690813, -11.460634 ], [ -51.703108, -11.46551 ], [ -51.712765, -11.465221 ], [ -51.730806, -11.481427 ], [ -51.749778, -11.483599 ], [ -51.767864, -11.511436 ], [ -51.780545, -11.517897 ], [ -51.851121, -11.505901 ], [ -51.922079, -11.517645 ], [ -51.937281, -11.526163 ], [ -51.939747, -11.511147 ], [ -51.94486, -11.507389 ], [ -51.943668, -11.503631 ], [ -51.948052, -11.503498 ], [ -51.949805, -11.496852 ], [ -51.954586, -11.496099 ], [ -51.958777, -11.489434 ], [ -51.955862, -11.488349 ], [ -51.961777, -11.486375 ], [ -51.96355, -11.483314 ], [ -51.959607, -11.482176 ], [ -51.965022, -11.471028 ], [ -51.974142, -11.46961 ], [ -51.97244, -11.466715 ], [ -51.976892, -11.458134 ], [ -51.983281, -11.455469 ], [ -51.984165, -11.448413 ], [ -51.987058, -11.450084 ], [ -51.98791, -11.44472 ], [ -51.998034, -11.441249 ], [ -52.001249, -11.429605 ], [ -52.008193, -11.422272 ], [ -52.00597, -11.419935 ], [ -52.012084, -11.412886 ], [ -52.015267, -11.41328 ], [ -52.012087, -11.405112 ], [ -52.016805, -11.399906 ], [ -52.0175, -11.402737 ], [ -52.020081, -11.401696 ], [ -52.019802, -11.395813 ], [ -52.02458, -11.392555 ], [ -52.019944, -11.38992 ], [ -52.02264, -11.386852 ], [ -52.019581, -11.385329 ], [ -52.028154, -11.379628 ], [ -52.022288, -11.375433 ], [ -52.03314, -11.363359 ], [ -52.029407, -11.357466 ], [ -52.03306, -11.352169 ], [ -52.030556, -11.333648 ], [ -52.037059, -11.329534 ], [ -52.034113, -11.325252 ], [ -52.032838, -11.328078 ], [ -52.030531, -11.326448 ], [ -52.029303, -11.314537 ], [ -52.024363, -11.313601 ], [ -52.027385, -11.310747 ], [ -52.028027, -11.294814 ], [ -52.041337, -11.290681 ], [ -52.040279, -11.284957 ], [ -52.044801, -11.279583 ], [ -52.051274, -11.28023 ], [ -52.056107, -11.27633 ], [ -52.064813, -11.278658 ], [ -52.065673, -11.270547 ], [ -52.068471, -11.273764 ], [ -52.078808, -11.269701 ], [ -52.082168, -11.263225 ], [ -52.088025, -11.26375 ], [ -52.093498, -11.254904 ], [ -52.099773, -11.252827 ], [ -52.10953, -11.242798 ], [ -52.107225, -11.239003 ], [ -52.113024, -11.231977 ], [ -52.112074, -11.227493 ], [ -52.119162, -11.21576 ], [ -52.116111, -11.200814 ], [ -52.12069, -11.199359 ], [ -52.113256, -11.194211 ], [ -52.116913, -11.186946 ], [ -52.108746, -11.174281 ], [ -52.112143, -11.171738 ], [ -52.109361, -11.160144 ], [ -52.117508, -11.161928 ], [ -52.114665, -11.154159 ], [ -52.12331, -11.152152 ], [ -52.124836, -11.144002 ], [ -52.130642, -11.143724 ], [ -52.136751, -11.13737 ], [ -52.141442, -11.138277 ], [ -52.148115, -11.131226 ], [ -52.14933, -11.13455 ], [ -52.153083, -11.134274 ], [ -52.151248, -11.12839 ], [ -52.157389, -11.126657 ], [ -52.166203, -11.117403 ], [ -52.169944, -11.1154 ], [ -52.163139, -11.110703 ], [ -52.170274, -11.106799 ], [ -52.172109, -11.092929 ], [ -52.180357, -11.094014 ], [ -52.181392, -11.09736 ], [ -52.189448, -11.086481 ], [ -52.196306, -11.090637 ], [ -52.198774, -11.086828 ], [ -52.19456, -11.075418 ], [ -52.205361, -11.075487 ], [ -52.207307, -11.071507 ], [ -52.200419, -11.072323 ], [ -52.199804, -11.065986 ], [ -52.203502, -11.058915 ], [ -52.208356, -11.059732 ], [ -52.209641, -11.054651 ], [ -52.20258, -11.051988 ], [ -52.211751, -11.049118 ], [ -52.215942, -11.038701 ], [ -52.221918, -11.03842 ], [ -52.222088, -11.031889 ], [ -52.222089, -11.031889 ], [ -52.251833, -11.037023 ], [ -52.278588, -11.04735 ], [ -52.291352, -11.046352 ], [ -52.307277, -11.053964 ], [ -52.32631, -11.053148 ], [ -52.327667, -11.050761 ], [ -52.341861, -11.055512 ], [ -52.385053, -11.054912 ], [ -52.401387, -11.069181 ], [ -52.413334, -11.074974 ], [ -52.414669, -11.083947 ], [ -52.4148, -11.084192 ], [ -52.419051, -11.091353 ], [ -52.441134, -11.097015 ], [ -52.445838, -11.067895 ], [ -52.454751, -11.079898 ], [ -52.469697, -11.083778 ], [ -52.487161, -11.094143 ], [ -52.499291, -11.094984 ], [ -52.531884, -11.088334 ], [ -52.539745, -11.072087 ], [ -52.55758, -11.067301 ], [ -52.604168, -11.070176 ], [ -52.618413, -11.077557 ], [ -52.642226, -11.069761 ], [ -52.66814, -11.080994 ], [ -52.704417, -11.05523 ], [ -52.734049, -11.052967 ], [ -52.756693, -11.04455 ], [ -52.771465, -11.054082 ], [ -52.791365, -11.096011 ], [ -52.797614, -11.096851 ], [ -52.80042, -11.102447 ], [ -52.810557, -11.103456 ], [ -52.812355, -11.108307 ], [ -52.826226, -11.105613 ], [ -52.831545, -11.100748 ], [ -52.845755, -11.096237 ], [ -52.848142, -11.103403 ], [ -52.850612, -11.098577 ], [ -52.864449, -11.092708 ], [ -52.865672, -11.088818 ], [ -52.870141, -11.08821 ], [ -52.870364, -11.075447 ], [ -52.877838, -11.06866 ], [ -52.880636, -11.05776 ], [ -52.884027, -11.061054 ], [ -52.886031, -11.051162 ], [ -52.89151, -11.045771 ], [ -52.896307, -11.04686 ], [ -52.896607, -11.042705 ], [ -52.900976, -11.04432 ], [ -52.905916, -11.039467 ], [ -52.907334, -11.041902 ], [ -52.908392, -11.037693 ], [ -52.91264, -11.040431 ], [ -52.912199, -11.020915 ], [ -52.917165, -11.011675 ], [ -52.915333, -11.009583 ], [ -52.921226, -11.004523 ], [ -52.918782, -11.00263 ], [ -52.921516, -10.991313 ], [ -52.926198, -10.988302 ], [ -52.926416, -10.98326 ], [ -52.922056, -10.982114 ], [ -52.922839, -10.976114 ], [ -52.919949, -10.97361 ], [ -52.924414, -10.972964 ], [ -52.924165, -10.966288 ], [ -52.931447, -10.961267 ], [ -52.929052, -10.955715 ], [ -52.935085, -10.951816 ], [ -52.936353, -10.953884 ], [ -52.934636, -10.947024 ], [ -52.943803, -10.944613 ], [ -52.947944, -10.939548 ], [ -52.954947, -10.938678 ], [ -52.957469, -10.933967 ], [ -52.958221, -10.93661 ], [ -52.960339, -10.9351 ], [ -52.963471, -10.925908 ], [ -52.968639, -10.924388 ], [ -52.971277, -10.917363 ], [ -52.979163, -10.914443 ], [ -52.978891, -10.911196 ], [ -52.98625, -10.909966 ], [ -52.985194, -10.90717 ], [ -52.996973, -10.897951 ], [ -53.000026, -10.901667 ], [ -53.006413, -10.897646 ], [ -53.006054, -10.890421 ], [ -53.014476, -10.896849 ], [ -53.021807, -10.892463 ], [ -53.025504, -10.897618 ], [ -53.029081, -10.891879 ], [ -53.032114, -10.89047 ], [ -53.035527, -10.895426 ], [ -53.042386, -10.889562 ], [ -53.049419, -10.895856 ], [ -53.052441, -10.88868 ], [ -53.057884, -10.88811 ], [ -53.063777, -10.896715 ], [ -53.077946, -10.893405 ], [ -53.075305, -10.902047 ], [ -53.084702, -10.901588 ], [ -53.08978, -10.89747 ], [ -53.083026, -10.894984 ], [ -53.087278, -10.887086 ], [ -53.100921, -10.888527 ], [ -53.114944, -10.869332 ], [ -53.115581, -10.861188 ], [ -53.128081, -10.856132 ], [ -53.11689, -10.839287 ], [ -53.118026, -10.835269 ], [ -53.122867, -10.834468 ], [ -53.121279, -10.823329 ], [ -53.110778, -10.812061 ], [ -53.100502, -10.791393 ], [ -53.098053, -10.777592 ], [ -53.098011, -10.776612 ], [ -53.091809, -10.725077 ], [ -53.08183, -10.702132 ], [ -53.082946, -10.696071 ], [ -53.094448, -10.682805 ], [ -53.090623, -10.646481 ], [ -53.050834, -10.607298 ], [ -53.049783, -10.596455 ], [ -53.056967, -10.579901 ], [ -53.082914, -10.571761 ], [ -53.085949, -10.568152 ], [ -53.082754, -10.542614 ], [ -53.083911, -10.506315 ], [ -53.065337, -10.459132 ], [ -53.059669, -10.414198 ], [ -53.046445, -10.36552 ], [ -53.015304, -10.316583 ], [ -53.009574, -10.312853 ], [ -52.99341, -10.312815 ], [ -52.961525, -10.305225 ], [ -52.955413, -10.298246 ], [ -52.954499, -10.290631 ], [ -52.953921, -10.264008 ], [ -52.965921, -10.259226 ], [ -52.971781, -10.252717 ], [ -52.973362, -10.244115 ], [ -52.968171, -10.235052 ], [ -52.979883, -10.22303 ], [ -52.983552, -10.207917 ], [ -52.977135, -10.177379 ], [ -52.980365, -10.160637 ], [ -52.984946, -10.154486 ], [ -52.996001, -10.155596 ], [ -53.0027, -10.138069 ], [ -52.990734, -10.104742 ], [ -52.995976, -10.082145 ], [ -52.980415, -10.05459 ], [ -52.967687, -10.048338 ], [ -52.955223, -10.042216 ], [ -52.944001, -10.025619 ], [ -52.923499, -10.00819 ], [ -52.897237, -9.993367 ], [ -52.890194, -9.96438 ], [ -52.86214, -9.943737 ], [ -52.853924, -9.918948 ], [ -52.846416, -9.913178 ], [ -52.836016, -9.908736 ], [ -52.823967, -9.902457 ], [ -52.797665, -9.878544 ], [ -52.780848, -9.840858 ], [ -52.771551, -9.83001 ], [ -52.746165, -9.817053 ], [ -52.730014, -9.802753 ], [ -52.704169, -9.803371 ], [ -52.686088, -9.790863 ], [ -52.675226, -9.790225 ], [ -52.653947, -9.778079 ], [ -52.647863, -9.76041 ], [ -52.626697, -9.731781 ], [ -52.619511, -9.681797 ], [ -52.618888, -9.681841 ], [ -52.359088, -9.699981 ], [ -52.254869, -9.707404 ], [ -51.487708, -9.760173 ], [ -51.30383, -9.772453 ], [ -51.058412, -9.787407 ], [ -51.057552, -9.78746 ], [ -50.84244, -9.800414 ], [ -50.695821, -9.810381 ], [ -50.321177, -9.834745 ], [ -50.224357, -9.840744 ], [ -50.226778, -9.845208 ], [ -50.225, -9.853548 ], [ -50.243337, -9.870832 ], [ -50.26383, -9.908087 ], [ -50.266755, -9.934244 ], [ -50.278493, -9.954839 ], [ -50.277482, -9.970362 ], [ -50.29022, -9.990408 ], [ -50.293829, -10.015696 ], [ -50.302195, -10.035 ], [ -50.312001, -10.045248 ], [ -50.33939, -10.060527 ], [ -50.354222, -10.076758 ], [ -50.358946, -10.094091 ], [ -50.377359, -10.110305 ], [ -50.391696, -10.13362 ], [ -50.398303, -10.163689 ], [ -50.396451, -10.170471 ], [ -50.38895, -10.174516 ], [ -50.386308, -10.187037 ], [ -50.381501, -10.211703 ], [ -50.382532, -10.224627 ], [ -50.397643, -10.254018 ], [ -50.405752, -10.287839 ], [ -50.424132, -10.333554 ], [ -50.417834, -10.355869 ], [ -50.424196, -10.364148 ], [ -50.440609, -10.375153 ], [ -50.447834, -10.391159 ], [ -50.473273, -10.404493 ], [ -50.48633, -10.461546 ], [ -50.487415, -10.467559 ], [ -50.486248, -10.476797 ], [ -50.481919, -10.488347 ], [ -50.487334, -10.494215 ], [ -50.499914, -10.495483 ], [ -50.503308, -10.495498 ], [ -50.516336, -10.505132 ], [ -50.514499, -10.525547 ], [ -50.522581, -10.540383 ], [ -50.519276, -10.562065 ], [ -50.531117, -10.58034 ], [ -50.536971, -10.604804 ], [ -50.543277, -10.609458 ], [ -50.562719, -10.610908 ], [ -50.576858, -10.628763 ], [ -50.582113, -10.643667 ], [ -50.602938, -10.659592 ], [ -50.61747, -10.657984 ], [ -50.62039, -10.662538 ], [ -50.616864, -10.670504 ], [ -50.62244, -10.675611 ], [ -50.630135, -10.675561 ], [ -50.632781, -10.685283 ], [ -50.637805, -10.687384 ], [ -50.657081, -10.68502 ], [ -50.658801, -10.671407 ], [ -50.674282, -10.678459 ], [ -50.679248, -10.675036 ], [ -50.685144, -10.675877 ], [ -50.687084, -10.669531 ], [ -50.698607, -10.674935 ], [ -50.702413, -10.668593 ], [ -50.695111, -10.658487 ], [ -50.69961, -10.656512 ], [ -50.697975, -10.651513 ], [ -50.712694, -10.646845 ], [ -50.720751, -10.646243 ], [ -50.728606, -10.65372 ], [ -50.757441, -10.651293 ], [ -50.766723, -10.647425 ], [ -50.784573, -10.648412 ], [ -50.798904, -10.654238 ], [ -50.819419, -10.665317 ], [ -50.817942, -10.671123 ], [ -50.824359, -10.675506 ], [ -50.825218, -10.687122 ], [ -50.843385, -10.691087 ], [ -50.84655, -10.699542 ], [ -50.844526, -10.704537 ], [ -50.841863, -10.70715 ], [ -50.839388, -10.705331 ], [ -50.840777, -10.697166 ], [ -50.833809, -10.698595 ], [ -50.830749, -10.704567 ], [ -50.833111, -10.710297 ], [ -50.841391, -10.710507 ], [ -50.855279, -10.703941 ], [ -50.863612, -10.707138 ], [ -50.864609, -10.71168 ], [ -50.868553, -10.707523 ], [ -50.893336, -10.71314 ], [ -50.897528, -10.715332 ], [ -50.896222, -10.722415 ], [ -50.900911, -10.72406 ], [ -50.901171, -10.727421 ], [ -50.908695, -10.730076 ], [ -50.913633, -10.728275 ], [ -50.914977, -10.741987 ], [ -50.96103, -10.755306 ], [ -50.967495, -10.761402 ], [ -50.971252, -10.774583 ], [ -50.990811, -10.773636 ], [ -50.999526, -10.762461 ], [ -51.004228, -10.76226 ], [ -51.006666, -10.780105 ], [ -51.029046, -10.784108 ], [ -51.032768, -10.795504 ], [ -51.026664, -10.79483 ], [ -51.026041, -10.804577 ], [ -51.030298, -10.801662 ], [ -51.033334, -10.804254 ], [ -51.027506, -10.811816 ], [ -51.027765, -10.814814 ], [ -51.036602, -10.816248 ], [ -51.035087, -10.827534 ], [ -51.04254, -10.835438 ], [ -51.044695, -10.831835 ], [ -51.058214, -10.834326 ], [ -51.062636, -10.839813 ], [ -51.062006, -10.84505 ], [ -51.055184, -10.846548 ], [ -51.056323, -10.854281 ], [ -51.064848, -10.856596 ], [ -51.067446, -10.863505 ], [ -51.064226, -10.865324 ], [ -51.070583, -10.881978 ], [ -51.087003, -10.883971 ], [ -51.088364, -10.879543 ], [ -51.091844, -10.876751 ], [ -51.096252, -10.885773 ], [ -51.100671, -10.887496 ], [ -51.103493, -10.882241 ], [ -51.107359, -10.887396 ], [ -51.112225, -10.88667 ], [ -51.115438, -10.896637 ], [ -51.12056, -10.900613 ], [ -51.135256, -10.896166 ], [ -51.146279, -10.918092 ], [ -51.163806, -10.927586 ], [ -51.184056, -10.919489 ], [ -51.187754, -10.921032 ], [ -51.188917, -10.912326 ], [ -51.195166, -10.912134 ], [ -51.196797, -10.917393 ], [ -51.192971, -10.921028 ], [ -51.201243, -10.932092 ], [ -51.200058, -10.938602 ], [ -51.203442, -10.943762 ], [ -51.208586, -10.941577 ], [ -51.216569, -10.946276 ], [ -51.22933, -10.946358 ], [ -51.232273, -10.950976 ], [ -51.229444, -10.958323 ], [ -51.231274, -10.965922 ], [ -51.238166, -10.970909 ], [ -51.243495, -10.981326 ], [ -51.251583, -10.980322 ], [ -51.263139, -10.985287 ], [ -51.262222, -10.992537 ], [ -51.274941, -11.004486 ], [ -51.305111, -11.007344 ], [ -51.317226, -11.017561 ], [ -51.322995, -11.017919 ], [ -51.33125, -11.004857 ], [ -51.326548, -10.999506 ], [ -51.32689, -10.98337 ], [ -51.336882, -10.972573 ], [ -51.34088, -10.97291 ], [ -51.342471, -10.975909 ], [ -51.335806, -10.980366 ], [ -51.339106, -10.988975 ], [ -51.334361, -10.997405 ], [ -51.337217, -11.001884 ], [ -51.345991, -10.997971 ], [ -51.351385, -11.00011 ], [ -51.350861, -11.006004 ], [ -51.359667, -11.005447 ], [ -51.361131, -11.015505 ], [ -51.369915, -11.014658 ], [ -51.371662, -11.010592 ], [ -51.381506, -11.015193 ], [ -51.391194, -11.011193 ], [ -51.394136, -11.015279 ], [ -51.392222, -11.019158 ], [ -51.396971, -11.023523 ], [ -51.40314, -11.032581 ], [ -51.401499, -11.039183 ] ], [ [ -51.414419, -11.021752 ], [ -51.427718, -11.03069 ], [ -51.414419, -11.021753 ], [ -51.414419, -11.021752 ] ] ] } },
{ "type": "Feature", "properties": { "HREG_ID": "51004", "HREG_NAME": "Centro Norte", "id": "510050", "name": "Alto Paraguai", "description": "Alto Paraguai", "MUN_ID": "510050", "UF": "MT", "MACRO_ID": "5106", "MACRO_NAME": "Macrorregião Centro-Noroeste" }, "geometry": { "type": "Polygon", "coordinates": [ [ [ -55.069431, -14.204415 ], [ -55.039676, -14.228903 ], [ -55.034599, -14.240235 ], [ -55.035953, -14.250471 ], [ -55.031843, -14.255997 ], [ -55.026785, -14.249884 ], [ -54.982527, -14.224657 ], [ -54.971382, -14.225457 ], [ -54.959756, -14.221588 ], [ -54.956816, -14.228145 ], [ -54.93534, -14.241444 ], [ -54.912088, -14.234018 ], [ -54.897017, -14.220278 ], [ -54.874988, -14.215193 ], [ -54.871952, -14.221692 ], [ -54.863615, -14.220358 ], [ -54.849701, -14.228253 ], [ -54.840139, -14.260885 ], [ -54.831313, -14.251563 ], [ -54.824034, -14.253422 ], [ -54.817857, -14.249586 ], [ -54.81275, -14.254292 ], [ -54.812838, -14.260368 ], [ -54.806611, -14.269045 ], [ -54.815256, -14.283521 ], [ -54.813894, -14.293847 ], [ -54.819362, -14.296386 ], [ -54.823554, -14.294556 ], [ -54.830611, -14.318436 ], [ -54.833839, -14.316408 ], [ -54.843806, -14.319592 ], [ -54.843028, -14.325197 ], [ -54.85739, -14.328093 ], [ -54.847503, -14.338874 ], [ -54.850725, -14.340751 ], [ -54.854589, -14.337464 ], [ -54.858831, -14.343894 ], [ -54.855781, -14.348272 ], [ -54.857279, -14.352467 ], [ -54.853916, -14.353219 ], [ -54.863723, -14.355319 ], [ -54.862502, -14.360275 ], [ -54.866445, -14.364247 ], [ -54.863871, -14.366913 ], [ -54.866644, -14.372045 ], [ -54.864864, -14.377176 ], [ -54.870032, -14.385154 ], [ -54.881255, -14.39099 ], [ -54.882647, -14.395638 ], [ -54.890615, -14.397234 ], [ -54.89492, -14.404477 ], [ -54.894363, -14.395223 ], [ -54.901526, -14.396171 ], [ -54.907083, -14.405885 ], [ -54.909029, -14.401564 ], [ -54.912058, -14.402892 ], [ -54.914, -14.412717 ], [ -54.923118, -14.413161 ], [ -54.929858, -14.418385 ], [ -54.931749, -14.423836 ], [ -54.938054, -14.424216 ], [ -54.936666, -14.428903 ], [ -54.944142, -14.426957 ], [ -54.956361, -14.43045 ], [ -54.956417, -14.43698 ], [ -54.964998, -14.435687 ], [ -54.968086, -14.439731 ], [ -54.970006, -14.43714 ], [ -54.976647, -14.439795 ], [ -54.986361, -14.436619 ], [ -54.997417, -14.449644 ], [ -54.995565, -14.480029 ], [ -55.001883, -14.491795 ], [ -55.007465, -14.495749 ], [ -55.012503, -14.493448 ], [ -55.018705, -14.49565 ], [ -55.022629, -14.516748 ], [ -55.036042, -14.539888 ], [ -55.044242, -14.544842 ], [ -55.0518, -14.541415 ], [ -55.059616, -14.542315 ], [ -55.070479, -14.536335 ], [ -55.076166, -14.541964 ], [ -55.10442, -14.548477 ], [ -55.107895, -14.561415 ], [ -55.112868, -14.567039 ], [ -55.125206, -14.570064 ], [ -55.137309, -14.58063 ], [ -55.156008, -14.61602 ], [ -55.18566, -14.629515 ], [ -55.219287, -14.638843 ], [ -55.232735, -14.63865 ], [ -55.258983, -14.629431 ], [ -55.289944, -14.613629 ], [ -55.350815, -14.576417 ], [ -55.357373, -14.564866 ], [ -55.358333, -14.564346 ], [ -55.359769, -14.564822 ], [ -55.659676, -14.728929 ], [ -55.713056, -14.752946 ], [ -55.742251, -14.779128 ], [ -55.763342, -14.784297 ], [ -55.765398, -14.786125 ], [ -55.759841, -14.798437 ], [ -55.759982, -14.812402 ], [ -55.765779, -14.818156 ], [ -55.766419, -14.82519 ], [ -55.782226, -14.836644 ], [ -55.799231, -14.838967 ], [ -55.808315, -14.844453 ], [ -55.814315, -14.840547 ], [ -55.827899, -14.85847 ], [ -55.831668, -14.844701 ], [ -55.834869, -14.844251 ], [ -55.840754, -14.854574 ], [ -55.858335, -14.834991 ], [ -55.866388, -14.840303 ], [ -55.875693, -14.839866 ], [ -55.892445, -14.853585 ], [ -55.908758, -14.861563 ], [ -55.911757, -14.868684 ], [ -55.915182, -14.867955 ], [ -55.934003, -14.869554 ], [ -55.948529, -14.877065 ], [ -55.965251, -14.871522 ], [ -55.97178, -14.873776 ], [ -55.98717, -14.887439 ], [ -55.998414, -14.890568 ], [ -56.002862, -14.901024 ], [ -56.012759, -14.900977 ], [ -56.008541, -14.914444 ], [ -55.985114, -14.94695 ], [ -55.983394, -14.954158 ], [ -55.9726, -14.963762 ], [ -55.951508, -14.996637 ], [ -55.947142, -15.017921 ], [ -55.938843, -15.020449 ], [ -55.943033, -15.028342 ], [ -55.936925, -15.040763 ], [ -55.942089, -15.073247 ], [ -55.947895, -15.081461 ], [ -55.973597, -15.072341 ], [ -56.2022, -14.990269 ], [ -56.240059, -14.976697 ], [ -56.244114, -14.987602 ], [ -56.254114, -14.988146 ], [ -56.25981, -14.994012 ], [ -56.267057, -14.995298 ], [ -56.272862, -15.008498 ], [ -56.288006, -15.017721 ], [ -56.298919, -15.018352 ], [ -56.310447, -15.024984 ], [ -56.311838, -15.037513 ], [ -56.318254, -15.043599 ], [ -56.319087, -15.038804 ], [ -56.33034, -15.036085 ], [ -56.338084, -15.045375 ], [ -56.361977, -15.041125 ], [ -56.370448, -15.043841 ], [ -56.387444, -15.073264 ], [ -56.400284, -15.064495 ], [ -56.408729, -15.062725 ], [ -56.414592, -15.069525 ], [ -56.431646, -15.070789 ], [ -56.437504, -15.076405 ], [ -56.442033, -15.073768 ], [ -56.44039, -15.077881 ], [ -56.439788, -15.086515 ], [ -56.458503, -15.083357 ], [ -56.465477, -15.089541 ], [ -56.462724, -15.097655 ], [ -56.451478, -15.101109 ], [ -56.448697, -15.105599 ], [ -56.451145, -15.110801 ], [ -56.464536, -15.113557 ], [ -56.466977, -15.118578 ], [ -56.452978, -15.129512 ], [ -56.449781, -15.142525 ], [ -56.461979, -15.133009 ], [ -56.47197, -15.132168 ], [ -56.472064, -15.126451 ], [ -56.485647, -15.118498 ], [ -56.497825, -15.122148 ], [ -56.511968, -15.135438 ], [ -56.522754, -15.137431 ], [ -56.53734, -15.137478 ], [ -56.546337, -15.142804 ], [ -56.551587, -15.1491 ], [ -56.554815, -15.164433 ], [ -56.570621, -15.168018 ], [ -56.573543, -15.17703 ], [ -56.578978, -15.202781 ], [ -56.59451, -15.228375 ], [ -56.610172, -15.239822 ], [ -56.631173, -15.234264 ], [ -56.646863, -15.237508 ], [ -56.665531, -15.24726 ], [ -56.686122, -15.284118 ], [ -56.692787, -15.28 ], [ -56.70612, -15.281468 ], [ -56.732669, -15.318373 ], [ -56.756453, -15.342476 ], [ -56.753589, -15.349877 ], [ -56.746336, -15.347287 ], [ -56.744395, -15.354696 ], [ -56.737701, -15.354371 ], [ -56.735227, -15.357436 ], [ -56.732036, -15.382412 ], [ -56.722356, -15.391375 ], [ -56.719756, -15.399609 ], [ -56.707513, -15.408746 ], [ -56.701007, -15.407431 ], [ -56.695698, -15.416805 ], [ -56.688037, -15.41946 ], [ -56.685978, -15.427606 ], [ -56.681035, -15.428377 ], [ -56.676393, -15.423992 ], [ -56.668728, -15.425104 ], [ -56.66467, -15.431138 ], [ -56.657116, -15.42972 ], [ -56.649216, -15.438543 ], [ -56.65784, -15.444123 ], [ -56.660754, -15.451404 ], [ -56.66598, -15.451167 ], [ -56.670252, -15.464798 ], [ -56.681035, -15.477179 ], [ -56.697341, -15.475338 ], [ -56.716481, -15.47812 ], [ -56.716137, -15.494692 ], [ -56.725814, -15.506745 ], [ -56.739423, -15.511 ], [ -56.742695, -15.518145 ], [ -56.751728, -15.51975 ], [ -56.759474, -15.52032 ], [ -56.763064, -15.512024 ], [ -56.7805, -15.515238 ], [ -56.800921, -15.500438 ], [ -56.808504, -15.498857 ], [ -56.811254, -15.482303 ], [ -56.820784, -15.469515 ], [ -56.831476, -15.475932 ], [ -56.896787, -15.462638 ], [ -56.904649, -15.470399 ], [ -56.913567, -15.467477 ], [ -56.92529, -15.472086 ], [ -56.937495, -15.46412 ], [ -56.957369, -15.479559 ], [ -56.963631, -15.470105 ], [ -56.968205, -15.465585 ], [ -56.956342, -15.453818 ], [ -56.971201, -15.437165 ], [ -56.978588, -15.43831 ], [ -56.985169, -15.43201 ], [ -56.982782, -15.423477 ], [ -56.98526, -15.419507 ], [ -56.977585, -15.418916 ], [ -56.989927, -15.407674 ], [ -56.983985, -15.403015 ], [ -56.984943, -15.397404 ], [ -56.978285, -15.388934 ], [ -56.982172, -15.379811 ], [ -56.89773, -15.265359 ], [ -56.848009, -15.203856 ], [ -56.828118, -15.186049 ], [ -56.826234, -15.182055 ], [ -56.832727, -15.179752 ], [ -56.832726, -15.176082 ], [ -56.812703, -15.159554 ], [ -56.817199, -15.145024 ], [ -56.821366, -15.1392 ], [ -56.812644, -15.124189 ], [ -56.813533, -15.111654 ], [ -56.804787, -15.106834 ], [ -56.819287, -15.089011 ], [ -56.827841, -15.090494 ], [ -56.827642, -15.081435 ], [ -56.836008, -15.075271 ], [ -56.834288, -15.069649 ], [ -56.855311, -15.04194 ], [ -56.854813, -15.028232 ], [ -56.85939, -15.023446 ], [ -56.857141, -15.015192 ], [ -56.863175, -15.008717 ], [ -56.870449, -15.006863 ], [ -56.872729, -15.001444 ], [ -56.87531, -15.003888 ], [ -56.877928, -14.99821 ], [ -56.890794, -15.00517 ], [ -56.887865, -15.004687 ], [ -56.88709, -15.011502 ], [ -56.905815, -15.015997 ], [ -56.905592, -15.012542 ], [ -56.915086, -15.015352 ], [ -56.922705, -15.009233 ], [ -56.935536, -15.023649 ], [ -56.946975, -15.023493 ], [ -56.957254, -15.029895 ], [ -56.959949, -15.024291 ], [ -56.975204, -15.017736 ], [ -56.976201, -15.012531 ], [ -56.982759, -15.016817 ], [ -56.986309, -15.015234 ], [ -56.983315, -15.003711 ], [ -56.985253, -14.997464 ], [ -56.97815, -14.996032 ], [ -56.973759, -14.99942 ], [ -56.972925, -14.996271 ], [ -56.962307, -14.997663 ], [ -56.957643, -14.994439 ], [ -56.956701, -14.965897 ], [ -56.943474, -14.967449 ], [ -56.939866, -14.962105 ], [ -56.929952, -14.958215 ], [ -56.925451, -14.936219 ], [ -56.921339, -14.934698 ], [ -56.910557, -14.939631 ], [ -56.90942, -14.936035 ], [ -56.920395, -14.925477 ], [ -56.902948, -14.928144 ], [ -56.901729, -14.918564 ], [ -56.888872, -14.913209 ], [ -56.894425, -14.901809 ], [ -56.880761, -14.89439 ], [ -56.876473, -14.888168 ], [ -56.879285, -14.885173 ], [ -56.880339, -14.876985 ], [ -56.867346, -14.869727 ], [ -56.860866, -14.849773 ], [ -56.853476, -14.85189 ], [ -56.855038, -14.826266 ], [ -56.841284, -14.831185 ], [ -56.83798, -14.829372 ], [ -56.837648, -14.818048 ], [ -56.843678, -14.804548 ], [ -56.839786, -14.801752 ], [ -56.835785, -14.805585 ], [ -56.82439, -14.805174 ], [ -56.836146, -14.786159 ], [ -56.817587, -14.792209 ], [ -56.811813, -14.777132 ], [ -56.796592, -14.773913 ], [ -56.793673, -14.768753 ], [ -56.801284, -14.760917 ], [ -56.800148, -14.75778 ], [ -56.780118, -14.751616 ], [ -56.780229, -14.739825 ], [ -56.763974, -14.741365 ], [ -56.755894, -14.732333 ], [ -56.762306, -14.715833 ], [ -56.753197, -14.713549 ], [ -56.757787, -14.707886 ], [ -56.759007, -14.698597 ], [ -56.737922, -14.688934 ], [ -56.747205, -14.683687 ], [ -56.746673, -14.678436 ], [ -56.740003, -14.677263 ], [ -56.732394, -14.681458 ], [ -56.717142, -14.679345 ], [ -56.729728, -14.672471 ], [ -56.733538, -14.665833 ], [ -56.731733, -14.658534 ], [ -56.72187, -14.652453 ], [ -56.724189, -14.648597 ], [ -56.725619, -14.647188 ], [ -56.730306, -14.637982 ], [ -56.730336, -14.629275 ], [ -56.717619, -14.615023 ], [ -56.732477, -14.610344 ], [ -56.732946, -14.603892 ], [ -56.747224, -14.595976 ], [ -56.744473, -14.59024 ], [ -56.739563, -14.590831 ], [ -56.751813, -14.57362 ], [ -56.765483, -14.572882 ], [ -56.754976, -14.557845 ], [ -56.769173, -14.549553 ], [ -56.791003, -14.528633 ], [ -56.798064, -14.502857 ], [ -56.80323, -14.497527 ], [ -56.802475, -14.49136 ], [ -56.807701, -14.487182 ], [ -56.801807, -14.481103 ], [ -56.801849, -14.468048 ], [ -56.807507, -14.461494 ], [ -56.80703, -14.453693 ], [ -56.811985, -14.453922 ], [ -56.815139, -14.443994 ], [ -56.819782, -14.442436 ], [ -56.824194, -14.431448 ], [ -56.850759, -14.409659 ], [ -56.847118, -14.390967 ], [ -56.852866, -14.376984 ], [ -56.868505, -14.365999 ], [ -56.871314, -14.360005 ], [ -56.883394, -14.363443 ], [ -56.886284, -14.360391 ], [ -56.878086, -14.351645 ], [ -56.882061, -14.333133 ], [ -56.878252, -14.322518 ], [ -56.879251, -14.297468 ], [ -56.874308, -14.28795 ], [ -56.874308, -14.279686 ], [ -56.86984, -14.276146 ], [ -56.865363, -14.263725 ], [ -56.874756, -14.250104 ], [ -56.871476, -14.233956 ], [ -56.876198, -14.226422 ], [ -56.886335, -14.222782 ], [ -56.904199, -14.207424 ], [ -56.90959, -14.197345 ], [ -56.950637, -14.171846 ], [ -56.970678, -14.169051 ], [ -56.979895, -14.186225 ], [ -56.98764, -14.192469 ], [ -57.010314, -14.201689 ], [ -57.017646, -14.201611 ], [ -57.021812, -14.189819 ], [ -57.032782, -14.18431 ], [ -57.048363, -14.193754 ], [ -57.067841, -14.191822 ], [ -57.082834, -14.184916 ], [ -57.092593, -14.172696 ], [ -57.109978, -14.170538 ], [ -57.12465, -14.17291 ], [ -57.141367, -14.164496 ], [ -57.148978, -14.166319 ], [ -57.178392, -14.191081 ], [ -57.197811, -14.195173 ], [ -57.223161, -14.172813 ], [ -57.244944, -14.171366 ], [ -57.264036, -14.164577 ], [ -57.287619, -14.163046 ], [ -57.336648, -14.184267 ], [ -57.354471, -14.179187 ], [ -57.372306, -14.163507 ], [ -57.383176, -14.161252 ], [ -57.434535, -14.190953 ], [ -57.452642, -14.188501 ], [ -57.498086, -14.213352 ], [ -57.522312, -14.211678 ], [ -57.539837, -14.204346 ], [ -57.562205, -14.171821 ], [ -57.578504, -14.167302 ], [ -57.605729, -14.184644 ], [ -57.635536, -14.219767 ], [ -57.651642, -14.23131 ], [ -57.668699, -14.254101 ], [ -57.715769, -14.290536 ], [ -57.734678, -14.290528 ], [ -57.722312, -14.281472 ], [ -57.7142, -14.27008 ], [ -57.694478, -14.225862 ], [ -57.683339, -14.209268 ], [ -57.67273, -14.179982 ], [ -57.671862, -14.170539 ], [ -57.679501, -14.153624 ], [ -57.677422, -14.130198 ], [ -57.680091, -14.122767 ], [ -57.675287, -14.116112 ], [ -57.675118, -14.100776 ], [ -57.677865, -14.093084 ], [ -57.69017, -14.086626 ], [ -57.691535, -14.078918 ], [ -57.685788, -14.075523 ], [ -57.678871, -14.053612 ], [ -57.673085, -14.053664 ], [ -57.66709, -14.04891 ], [ -57.664122, -14.036731 ], [ -57.648869, -14.008054 ], [ -57.637313, -13.998481 ], [ -57.637224, -13.990425 ], [ -57.630836, -13.984536 ], [ -57.632893, -13.974593 ], [ -57.627813, -13.969425 ], [ -57.628559, -13.963903 ], [ -57.614395, -13.955928 ], [ -57.602364, -13.938177 ], [ -57.583, -13.923674 ], [ -57.571449, -13.906553 ], [ -57.566307, -13.866999 ], [ -57.548755, -13.844893 ], [ -57.535426, -13.835189 ], [ -57.535695, -13.82994 ], [ -57.527481, -13.82495 ], [ -57.523308, -13.812544 ], [ -57.517949, -13.808645 ], [ -57.518414, -13.802855 ], [ -57.507469, -13.791562 ], [ -57.496392, -13.778018 ], [ -57.500585, -13.771348 ], [ -57.498307, -13.766746 ], [ -57.49467, -13.765321 ], [ -57.489424, -13.768788 ], [ -57.487728, -13.765995 ], [ -57.491229, -13.758998 ], [ -57.49464, -13.758434 ], [ -57.493231, -13.753634 ], [ -57.470312, -13.736451 ], [ -57.464145, -13.728326 ], [ -57.463456, -13.719266 ], [ -57.455086, -13.712156 ], [ -57.45017, -13.712998 ], [ -57.448198, -13.707746 ], [ -57.450952, -13.705648 ], [ -57.445009, -13.702601 ], [ -57.439309, -13.692845 ], [ -57.438419, -13.686953 ], [ -57.442756, -13.681318 ], [ -57.435229, -13.674915 ], [ -57.426777, -13.672965 ], [ -57.42831, -13.665707 ], [ -57.416785, -13.659518 ], [ -57.406308, -13.641813 ], [ -57.401313, -13.643372 ], [ -57.395252, -13.635251 ], [ -57.401391, -13.624976 ], [ -57.395644, -13.623827 ], [ -57.391944, -13.6049 ], [ -57.369169, -13.594144 ], [ -57.365359, -13.58616 ], [ -57.351089, -13.569377 ], [ -57.344228, -13.55464 ], [ -57.356835, -13.551539 ], [ -57.37028, -13.553787 ], [ -57.404004, -13.567183 ], [ -57.416977, -13.565381 ], [ -57.433595, -13.573916 ], [ -57.439175, -13.571972 ], [ -57.445533, -13.577732 ], [ -57.456967, -13.579923 ], [ -57.542365, -13.581639 ], [ -57.537644, -13.560328 ], [ -57.541558, -13.546251 ], [ -57.541753, -13.527162 ], [ -57.544004, -13.521328 ], [ -57.554696, -13.513461 ], [ -57.55786, -13.50074 ], [ -57.556029, -13.489982 ], [ -57.566095, -13.454142 ], [ -57.594061, -13.435635 ], [ -57.597861, -13.427368 ], [ -57.609256, -13.416796 ], [ -57.617394, -13.418183 ], [ -57.625339, -13.419065 ], [ -57.625204, -13.412459 ], [ -57.630867, -13.409563 ], [ -57.622255, -13.395603 ], [ -57.625789, -13.391563 ], [ -57.622308, -13.372656 ], [ -57.618227, -13.370792 ], [ -57.620451, -13.361521 ], [ -57.61304, -13.354037 ], [ -57.617558, -13.339617 ], [ -57.608947, -13.328045 ], [ -57.597366, -13.320829 ], [ -57.590507, -13.302401 ], [ -57.58089, -13.296273 ], [ -57.575753, -13.283181 ], [ -57.566447, -13.281778 ], [ -57.555173, -13.273154 ], [ -57.543171, -13.248082 ], [ -57.537113, -13.240829 ], [ -57.532564, -13.2421 ], [ -57.538478, -13.235648 ], [ -57.530782, -13.234951 ], [ -57.523808, -13.229308 ], [ -57.519309, -13.223216 ], [ -57.51917, -13.216062 ], [ -57.512863, -13.213279 ], [ -57.514392, -13.208465 ], [ -57.505755, -13.205138 ], [ -57.50767, -13.19578 ], [ -57.503175, -13.187234 ], [ -57.497032, -13.183435 ], [ -57.496226, -13.177491 ], [ -57.485172, -13.176646 ], [ -57.487946, -13.168705 ], [ -57.484085, -13.16245 ], [ -57.487529, -13.154126 ], [ -57.471928, -13.148662 ], [ -57.471841, -13.141156 ], [ -57.468837, -13.143462 ], [ -57.463088, -13.138359 ], [ -57.452368, -13.137806 ], [ -57.43134, -13.116789 ], [ -57.42473, -13.118925 ], [ -57.418944, -13.115464 ], [ -57.410808, -13.115906 ], [ -57.414334, -13.11088 ], [ -57.407654, -13.108108 ], [ -57.405979, -13.096151 ], [ -57.395279, -13.095273 ], [ -57.394006, -13.089268 ], [ -57.384225, -13.087348 ], [ -57.379089, -13.076592 ], [ -57.372422, -13.076706 ], [ -57.370308, -13.069091 ], [ -57.365863, -13.072553 ], [ -57.352057, -13.052522 ], [ -57.347004, -13.051738 ], [ -57.347303, -13.048115 ], [ -57.327426, -13.043967 ], [ -57.326759, -13.031182 ], [ -57.322645, -13.02558 ], [ -57.316784, -13.025817 ], [ -57.310026, -13.011343 ], [ -57.311059, -12.994552 ], [ -57.304864, -12.991939 ], [ -57.3125, -12.984495 ], [ -57.304754, -12.970226 ], [ -57.304921, -12.96127 ], [ -57.301176, -12.958265 ], [ -57.303894, -12.939909 ], [ -57.292791, -12.929884 ], [ -57.291952, -12.919149 ], [ -57.301424, -12.916823 ], [ -57.304173, -12.906589 ], [ -57.312201, -12.895629 ], [ -57.321474, -12.892858 ], [ -57.32467, -12.884434 ], [ -57.334334, -12.876658 ], [ -57.349365, -12.870896 ], [ -57.357394, -12.855174 ], [ -57.367341, -12.851261 ], [ -57.368444, -12.844433 ], [ -57.380166, -12.830049 ], [ -57.394757, -12.785206 ], [ -57.406201, -12.764237 ], [ -57.408222, -12.751504 ], [ -57.407482, -12.742191 ], [ -57.401647, -12.735857 ], [ -57.403915, -12.729707 ], [ -57.393174, -12.712266 ], [ -57.397453, -12.70583 ], [ -57.402584, -12.696757 ], [ -57.396978, -12.687929 ], [ -57.40506, -12.686291 ], [ -57.41012, -12.678979 ], [ -57.410493, -12.670479 ], [ -57.407476, -12.661051 ], [ -57.41159, -12.651262 ], [ -57.409696, -12.645357 ], [ -57.414725, -12.636466 ], [ -57.413754, -12.627617 ], [ -57.426867, -12.614352 ], [ -57.441172, -12.563366 ], [ -57.430778, -12.527065 ], [ -57.429534, -12.514345 ], [ -57.4362, -12.506356 ], [ -57.432113, -12.480467 ], [ -57.43764, -12.477483 ], [ -57.442446, -12.465872 ], [ -57.464562, -12.450743 ], [ -57.469367, -12.442082 ], [ -57.466559, -12.435292 ], [ -57.470675, -12.428437 ], [ -57.478029, -12.423171 ], [ -57.490059, -12.421736 ], [ -57.495533, -12.409435 ], [ -57.508255, -12.410265 ], [ -57.519526, -12.403159 ], [ -57.530172, -12.404007 ], [ -57.536312, -12.38419 ], [ -57.546695, -12.384592 ], [ -57.54992, -12.379799 ], [ -57.563082, -12.379268 ], [ -57.575056, -12.37123 ], [ -57.579837, -12.358255 ], [ -57.591589, -12.350909 ], [ -57.60542, -12.348328 ], [ -57.611167, -12.342376 ], [ -57.623743, -12.340032 ], [ -57.624787, -12.33775 ], [ -57.620365, -12.337095 ], [ -57.610337, -12.322618 ], [ -57.625586, -12.318888 ], [ -57.625945, -12.30525 ], [ -57.631454, -12.299077 ], [ -57.632086, -12.290204 ], [ -57.642922, -12.286048 ], [ -57.649422, -12.288054 ], [ -57.651951, -12.284854 ], [ -57.653059, -12.278487 ], [ -57.645639, -12.276491 ], [ -57.64137, -12.257427 ], [ -57.658362, -12.24436 ], [ -57.667389, -12.245217 ], [ -57.670114, -12.237473 ], [ -57.680474, -12.231036 ], [ -57.685252, -12.221688 ], [ -57.695448, -12.224574 ], [ -57.704645, -12.220201 ], [ -57.716202, -12.219902 ], [ -57.731394, -12.208878 ], [ -57.724008, -12.196599 ], [ -57.712621, -12.186503 ], [ -57.70131, -12.178101 ], [ -57.687752, -12.175259 ], [ -57.678976, -12.167868 ], [ -57.669723, -12.151705 ], [ -57.651954, -12.136915 ], [ -57.634086, -12.13715 ], [ -57.614756, -12.125747 ], [ -57.613614, -12.100926 ], [ -57.596283, -12.094324 ], [ -57.5879, -12.084202 ], [ -57.543814, -12.063949 ], [ -57.538335, -12.064323 ], [ -57.536168, -12.071345 ], [ -57.516644, -12.083786 ], [ -57.499577, -12.086571 ], [ -57.478141, -12.084809 ], [ -57.463698, -12.092471 ], [ -57.399724, -12.100254 ], [ -57.411389, -12.090744 ], [ -57.413917, -12.072111 ], [ -57.420757, -12.060247 ], [ -57.420637, -12.051605 ], [ -57.408952, -12.028109 ], [ -57.410359, -12.018023 ], [ -57.428594, -11.995929 ], [ -57.423922, -11.975769 ], [ -57.424886, -11.959809 ], [ -57.427255, -11.939085 ], [ -57.43314, -11.929926 ], [ -57.437701, -11.90932 ], [ -57.430028, -11.890296 ], [ -57.435367, -11.880728 ], [ -57.433838, -11.866405 ], [ -57.417286, -11.849854 ], [ -57.403539, -11.84463 ], [ -57.399061, -11.838846 ], [ -57.395725, -11.822935 ], [ -57.39689, -11.792372 ], [ -57.415536, -11.744042 ], [ -57.410018, -11.727098 ], [ -57.400805, -11.731887 ], [ -57.391143, -11.732103 ], [ -57.378, -11.725044 ], [ -57.368589, -11.715488 ], [ -57.355199, -11.731584 ], [ -57.358391, -11.744536 ], [ -57.368754, -11.749551 ], [ -57.359035, -11.776318 ], [ -57.352112, -11.779722 ], [ -57.342204, -11.779013 ], [ -57.312284, -11.760798 ], [ -57.298258, -11.775121 ], [ -57.283419, -11.785493 ], [ -57.267031, -11.804079 ], [ -57.248559, -11.815845 ], [ -57.240002, -11.832633 ], [ -57.21348, -11.840518 ], [ -57.199615, -11.850252 ], [ -57.189804, -11.902226 ], [ -57.168759, -11.941226 ], [ -57.165673, -11.970277 ], [ -57.155282, -11.980473 ], [ -57.143556, -12.007845 ], [ -57.142695, -12.012837 ], [ -57.133977, -12.021277 ], [ -57.134527, -12.045827 ], [ -57.117484, -12.073354 ], [ -57.102642, -12.086873 ], [ -57.093698, -12.101464 ], [ -57.088696, -12.119429 ], [ -57.074227, -12.139498 ], [ -57.066924, -12.162708 ], [ -57.075118, -12.183358 ], [ -57.069586, -12.190423 ], [ -57.056194, -12.193432 ], [ -57.044035, -12.206216 ], [ -57.042481, -12.223035 ], [ -57.035337, -12.231699 ], [ -57.040537, -12.258727 ], [ -57.019781, -12.267681 ], [ -57.013556, -12.274066 ], [ -57.005064, -12.285915 ], [ -56.98717, -12.286706 ], [ -56.980478, -12.290085 ], [ -56.971701, -12.302228 ], [ -56.962671, -12.29398 ], [ -56.956752, -12.295641 ], [ -56.955399, -12.299923 ], [ -56.956755, -12.304245 ], [ -56.978888, -12.309463 ], [ -56.980311, -12.314818 ], [ -56.969703, -12.334009 ], [ -56.973972, -12.363499 ], [ -56.962758, -12.37924 ], [ -56.967443, -12.398401 ], [ -56.963253, -12.401897 ], [ -56.947006, -12.403989 ], [ -56.946838, -12.420024 ], [ -56.941424, -12.427488 ], [ -56.95669, -12.438256 ], [ -56.955147, -12.443582 ], [ -56.946063, -12.450824 ], [ -56.951919, -12.469097 ], [ -56.943118, -12.47516 ], [ -56.945251, -12.497837 ], [ -56.942477, -12.510905 ], [ -56.95334, -12.513306 ], [ -56.958004, -12.522003 ], [ -56.952074, -12.524687 ], [ -56.935612, -12.523187 ], [ -56.930924, -12.526065 ], [ -56.931141, -12.533755 ], [ -56.937, -12.544272 ], [ -56.932444, -12.557922 ], [ -56.917535, -12.553704 ], [ -56.902985, -12.559729 ], [ -56.899144, -12.56702 ], [ -56.898142, -12.589452 ], [ -56.893282, -12.604277 ], [ -56.901645, -12.610552 ], [ -56.902035, -12.630277 ], [ -56.897558, -12.637315 ], [ -56.887227, -12.640353 ], [ -56.868002, -12.656469 ], [ -56.862791, -12.674448 ], [ -56.844978, -12.677095 ], [ -56.846142, -12.701618 ], [ -56.833948, -12.712057 ], [ -56.826561, -12.737369 ], [ -56.81239, -12.751876 ], [ -56.798258, -12.7557 ], [ -56.800975, -12.768203 ], [ -56.798477, -12.789813 ], [ -56.772003, -12.83331 ], [ -56.762393, -12.839148 ], [ -56.753138, -12.864809 ], [ -56.753366, -12.87304 ], [ -56.764279, -12.888557 ], [ -56.763498, -12.89634 ], [ -56.757306, -12.898932 ], [ -56.763168, -12.909093 ], [ -56.759331, -12.920387 ], [ -56.753889, -12.92244 ], [ -56.75531, -12.930857 ], [ -56.744749, -12.942844 ], [ -56.74389, -12.949357 ], [ -56.739214, -12.954813 ], [ -56.737169, -12.961814 ], [ -56.726947, -12.963576 ], [ -56.730478, -12.976169 ], [ -56.728366, -12.991356 ], [ -56.721006, -12.986529 ], [ -56.715729, -12.989491 ], [ -56.713864, -12.995361 ], [ -56.725782, -12.999483 ], [ -56.727059, -13.005782 ], [ -56.721926, -13.023517 ], [ -56.734842, -13.025494 ], [ -56.739149, -13.030244 ], [ -56.734671, -13.050809 ], [ -56.737696, -13.061864 ], [ -56.746143, -13.070163 ], [ -56.73814, -13.075397 ], [ -56.73425, -13.08481 ], [ -56.742646, -13.099289 ], [ -56.72411, -13.116019 ], [ -56.73184, -13.127849 ], [ -56.721754, -13.130745 ], [ -56.714579, -13.13785 ], [ -56.712227, -13.153618 ], [ -56.700587, -13.156026 ], [ -56.692479, -13.171228 ], [ -56.686721, -13.19411 ], [ -56.677089, -13.207548 ], [ -56.67697, -13.217617 ], [ -56.674469, -13.221084 ], [ -56.66187, -13.222192 ], [ -56.659557, -13.231022 ], [ -56.650361, -13.235576 ], [ -56.64808, -13.240686 ], [ -56.656888, -13.246914 ], [ -56.656728, -13.252714 ], [ -56.654698, -13.25511 ], [ -56.642278, -13.252775 ], [ -56.642585, -13.286889 ], [ -56.630281, -13.312412 ], [ -56.627391, -13.335739 ], [ -56.611602, -13.346124 ], [ -56.61339, -13.374275 ], [ -56.60859, -13.383752 ], [ -56.60876, -13.40163 ], [ -56.599053, -13.405444 ], [ -56.58692, -13.402749 ], [ -56.577334, -13.416549 ], [ -56.57603, -13.432654 ], [ -56.564922, -13.438432 ], [ -56.55409, -13.438035 ], [ -56.554504, -13.443044 ], [ -56.54317, -13.450801 ], [ -56.541307, -13.457094 ], [ -56.549751, -13.460051 ], [ -56.554668, -13.469722 ], [ -56.552198, -13.471281 ], [ -56.539779, -13.465403 ], [ -56.530783, -13.468957 ], [ -56.530864, -13.497815 ], [ -56.521831, -13.516146 ], [ -56.499588, -13.535679 ], [ -56.488696, -13.540945 ], [ -56.479925, -13.539904 ], [ -56.479199, -13.552835 ], [ -56.469007, -13.556937 ], [ -56.469698, -13.562185 ], [ -56.463805, -13.560701 ], [ -56.46187, -13.573715 ], [ -56.45881, -13.574423 ], [ -56.451644, -13.56678 ], [ -56.449009, -13.57273 ], [ -56.444028, -13.57008 ], [ -56.434753, -13.575714 ], [ -56.436729, -13.58378 ], [ -56.428697, -13.581656 ], [ -56.416732, -13.588093 ], [ -56.418202, -13.590995 ], [ -56.422229, -13.595366 ], [ -56.42498, -13.612298 ], [ -56.411752, -13.611761 ], [ -56.403035, -13.615321 ], [ -56.402088, -13.617666 ], [ -56.411508, -13.621536 ], [ -56.416812, -13.628897 ], [ -56.407173, -13.635251 ], [ -56.399367, -13.653029 ], [ -56.391753, -13.654791 ], [ -56.39211, -13.67026 ], [ -56.38336, -13.678888 ], [ -56.387091, -13.687596 ], [ -56.384198, -13.693186 ], [ -56.382312, -13.725296 ], [ -56.393006, -13.731516 ], [ -56.393834, -13.742832 ], [ -56.402731, -13.74289 ], [ -56.402672, -13.750668 ], [ -56.415833, -13.760169 ], [ -56.41384, -13.767665 ], [ -56.409979, -13.765374 ], [ -56.411809, -13.769907 ], [ -56.407811, -13.770427 ], [ -56.40489, -13.776922 ], [ -56.40709, -13.781369 ], [ -56.404452, -13.788133 ], [ -56.409725, -13.789256 ], [ -56.406419, -13.79702 ], [ -56.412615, -13.798143 ], [ -56.40809, -13.804774 ], [ -56.400979, -13.822771 ], [ -56.397008, -13.823826 ], [ -56.400307, -13.825928 ], [ -56.397973, -13.830438 ], [ -56.40334, -13.829565 ], [ -56.405537, -13.834466 ], [ -56.410722, -13.83324 ], [ -56.407252, -13.837736 ], [ -56.410588, -13.83821 ], [ -56.411839, -13.846451 ], [ -56.40637, -13.846328 ], [ -56.406807, -13.850313 ], [ -56.403411, -13.850904 ], [ -56.399981, -13.845746 ], [ -56.392118, -13.859262 ], [ -56.378816, -13.868307 ], [ -56.382696, -13.869785 ], [ -56.378391, -13.877535 ], [ -56.38725, -13.877961 ], [ -56.390282, -13.882955 ], [ -56.382979, -13.881905 ], [ -56.379811, -13.885413 ], [ -56.379007, -13.895261 ], [ -56.373473, -13.905282 ], [ -56.369749, -13.9067 ], [ -56.365976, -13.903423 ], [ -56.350144, -13.915345 ], [ -56.352227, -13.921241 ], [ -56.360443, -13.925278 ], [ -56.367393, -13.924234 ], [ -56.370146, -13.931047 ], [ -56.357722, -13.932405 ], [ -56.359115, -13.942092 ], [ -56.342367, -13.953022 ], [ -56.340337, -13.966669 ], [ -56.347641, -13.965995 ], [ -56.352067, -13.972265 ], [ -56.350446, -13.976869 ], [ -56.335888, -13.979933 ], [ -56.332367, -13.994036 ], [ -56.323366, -14.004911 ], [ -56.324473, -14.007998 ], [ -56.320759, -14.0078 ], [ -56.31842, -14.014496 ], [ -56.311369, -14.011384 ], [ -56.306418, -14.018069 ], [ -56.303809, -14.023407 ], [ -56.307033, -14.031487 ], [ -56.301618, -14.03582 ], [ -56.307508, -14.047162 ], [ -56.30192, -14.045636 ], [ -56.300533, -14.05339 ], [ -56.308504, -14.054333 ], [ -56.302927, -14.061017 ], [ -56.307642, -14.060582 ], [ -56.307146, -14.07027 ], [ -56.290865, -14.078365 ], [ -56.28953, -14.085793 ], [ -56.286586, -14.08107 ], [ -56.28303, -14.082866 ], [ -56.283005, -14.087941 ], [ -56.279474, -14.08847 ], [ -56.282697, -14.096904 ], [ -56.279224, -14.106143 ], [ -56.275178, -14.103132 ], [ -56.270865, -14.106556 ], [ -56.271317, -14.111726 ], [ -56.264426, -14.115592 ], [ -56.268609, -14.118308 ], [ -56.266233, -14.125837 ], [ -56.255258, -14.128053 ], [ -56.248554, -14.134918 ], [ -56.245674, -14.132823 ], [ -56.241307, -14.136249 ], [ -56.239999, -14.133245 ], [ -56.237029, -14.135233 ], [ -56.24044, -14.138778 ], [ -56.235538, -14.14085 ], [ -56.23709, -14.146288 ], [ -56.225759, -14.162191 ], [ -56.225612, -14.15665 ], [ -56.217202, -14.155624 ], [ -56.204473, -14.167167 ], [ -56.2, -14.167154 ], [ -56.200921, -14.15592 ], [ -56.191646, -14.149346 ], [ -56.193617, -14.144197 ], [ -56.186871, -14.142264 ], [ -56.182004, -14.14722 ], [ -56.179977, -14.142496 ], [ -56.177118, -14.147553 ], [ -56.168529, -14.149246 ], [ -56.167112, -14.152403 ], [ -56.152418, -14.154874 ], [ -56.153726, -14.158062 ], [ -56.141667, -14.155191 ], [ -56.140614, -14.159443 ], [ -56.13717, -14.15979 ], [ -56.125921, -14.147414 ], [ -56.116783, -14.151811 ], [ -56.110842, -14.150241 ], [ -56.110644, -14.153952 ], [ -56.09821, -14.147003 ], [ -56.095085, -14.145004 ], [ -56.08905, -14.149837 ], [ -56.083555, -14.146486 ], [ -56.08253, -14.149828 ], [ -56.073561, -14.145524 ], [ -56.056281, -14.144443 ], [ -56.049171, -14.153463 ], [ -56.050058, -14.159364 ], [ -56.041033, -14.164123 ], [ -56.043062, -14.169572 ], [ -56.039368, -14.213315 ], [ -56.036033, -14.215205 ], [ -56.031778, -14.210019 ], [ -56.033589, -14.217546 ], [ -56.028866, -14.217886 ], [ -56.029582, -14.22142 ], [ -56.026417, -14.222675 ], [ -56.017032, -14.22299 ], [ -56.013892, -14.217534 ], [ -55.998419, -14.21965 ], [ -55.997307, -14.215513 ], [ -55.987141, -14.212301 ], [ -55.98106, -14.21498 ], [ -55.979588, -14.209695 ], [ -55.97145, -14.204171 ], [ -55.974305, -14.196885 ], [ -55.967377, -14.196187 ], [ -55.965818, -14.200759 ], [ -55.96317, -14.204357 ], [ -55.95272, -14.205653 ], [ -55.954333, -14.209057 ], [ -55.948279, -14.209466 ], [ -55.945084, -14.198891 ], [ -55.940054, -14.195965 ], [ -55.929667, -14.198911 ], [ -55.924528, -14.196343 ], [ -55.91939, -14.188631 ], [ -55.913868, -14.190681 ], [ -55.915479, -14.185276 ], [ -55.908452, -14.180047 ], [ -55.899085, -14.187908 ], [ -55.889779, -14.184169 ], [ -55.888083, -14.189396 ], [ -55.880561, -14.184873 ], [ -55.880921, -14.18162 ], [ -55.885498, -14.180365 ], [ -55.881311, -14.175747 ], [ -55.877229, -14.176372 ], [ -55.876118, -14.184232 ], [ -55.869389, -14.178196 ], [ -55.856256, -14.176272 ], [ -55.858328, -14.169868 ], [ -55.855196, -14.161203 ], [ -55.857589, -14.157994 ], [ -55.853563, -14.155913 ], [ -55.851251, -14.163384 ], [ -55.847536, -14.162943 ], [ -55.840586, -14.153806 ], [ -55.851639, -14.150794 ], [ -55.828063, -14.15018 ], [ -55.826694, -14.152873 ], [ -55.830674, -14.153775 ], [ -55.830778, -14.157225 ], [ -55.824333, -14.158621 ], [ -55.820306, -14.155988 ], [ -55.823395, -14.147091 ], [ -55.821536, -14.143418 ], [ -55.797167, -14.140249 ], [ -55.787944, -14.133246 ], [ -55.778034, -14.137012 ], [ -55.774419, -14.135478 ], [ -55.774418, -14.12805 ], [ -55.759593, -14.130617 ], [ -55.755782, -14.126723 ], [ -55.744866, -14.128564 ], [ -55.730839, -14.12534 ], [ -55.720423, -14.11432 ], [ -55.713784, -14.115805 ], [ -55.71095, -14.113748 ], [ -55.713002, -14.090773 ], [ -55.708031, -14.077156 ], [ -55.712195, -14.07344 ], [ -55.710222, -14.066687 ], [ -55.69767, -14.055888 ], [ -55.697228, -14.047361 ], [ -55.690424, -14.043859 ], [ -55.683643, -14.032999 ], [ -55.670782, -14.026727 ], [ -55.665061, -14.017532 ], [ -55.64681, -14.012859 ], [ -55.63959, -14.015683 ], [ -55.620111, -14.003544 ], [ -55.611188, -14.005523 ], [ -55.560405, -14.034166 ], [ -55.396565, -14.126466 ], [ -55.38247, -14.138978 ], [ -55.379372, -14.146338 ], [ -55.345034, -14.169154 ], [ -55.327402, -14.225362 ], [ -55.314652, -14.229416 ], [ -55.300657, -14.240454 ], [ -55.270431, -14.242567 ], [ -55.256613, -14.245112 ], [ -55.241288, -14.240849 ], [ -55.238054, -14.238821 ], [ -55.227882, -14.238744 ], [ -55.21809, -14.23407 ], [ -55.19909, -14.217631 ], [ -55.192804, -14.217265 ], [ -55.184695, -14.223531 ], [ -55.162651, -14.211283 ], [ -55.141414, -14.220833 ], [ -55.120467, -14.203288 ], [ -55.106244, -14.212057 ], [ -55.093912, -14.214068 ], [ -55.069431, -14.204415 ] ] ] } },
{ "type": "Feature", "properties": { "HREG_ID": "51005", "HREG_NAME": "Garças Araguaia", "id": "510100", "name": "Araguaiana", "description": "Araguaiana", "MUN_ID": "510100", "UF": "MT", "MACRO_ID": "5104", "MACRO_NAME": "Macrorregião Leste" }, "geometry": { "type": "Polygon", "coordinates": [ [ [ -52.681195, -16.320646 ], [ -52.685224, -16.328069 ], [ -52.681829, -16.343091 ], [ -52.692721, -16.350705 ], [ -52.689246, -16.356402 ], [ -52.692502, -16.367896 ], [ -52.677145, -16.379736 ], [ -52.679387, -16.38771 ], [ -52.687053, -16.390784 ], [ -52.687916, -16.395859 ], [ -52.676163, -16.411865 ], [ -52.650029, -16.408231 ], [ -52.64297, -16.412298 ], [ -52.640638, -16.416283 ], [ -52.644664, -16.425788 ], [ -52.638083, -16.43664 ], [ -52.619867, -16.445394 ], [ -52.615667, -16.449748 ], [ -52.620918, -16.45663 ], [ -52.620256, -16.464414 ], [ -52.612003, -16.457799 ], [ -52.603914, -16.464216 ], [ -52.612829, -16.469559 ], [ -52.605967, -16.475712 ], [ -52.605023, -16.485761 ], [ -52.615216, -16.503944 ], [ -52.632105, -16.499944 ], [ -52.637079, -16.502472 ], [ -52.634745, -16.512167 ], [ -52.628949, -16.517333 ], [ -52.62612, -16.520508 ], [ -52.625669, -16.533005 ], [ -52.634213, -16.537514 ], [ -52.635276, -16.551191 ], [ -52.64653, -16.545473 ], [ -52.650277, -16.54818 ], [ -52.650777, -16.561041 ], [ -52.662224, -16.550615 ], [ -52.668141, -16.550066 ], [ -52.669832, -16.55875 ], [ -52.659692, -16.569907 ], [ -52.673419, -16.568621 ], [ -52.670219, -16.581576 ], [ -52.675026, -16.58455 ], [ -52.689776, -16.583813 ], [ -52.699978, -16.570757 ], [ -52.705412, -16.570837 ], [ -52.707499, -16.575458 ], [ -52.703223, -16.59529 ], [ -52.707558, -16.598904 ], [ -52.724414, -16.586386 ], [ -52.732895, -16.58509 ], [ -52.739834, -16.589977 ], [ -52.730638, -16.597601 ], [ -52.740337, -16.603468 ], [ -52.740611, -16.608902 ], [ -52.737138, -16.612528 ], [ -52.725609, -16.614187 ], [ -52.71522, -16.638822 ], [ -52.724056, -16.64633 ], [ -52.7323, -16.634183 ], [ -52.738781, -16.629552 ], [ -52.746385, -16.630267 ], [ -52.747523, -16.638414 ], [ -52.739946, -16.656358 ], [ -52.746057, -16.654893 ], [ -52.754334, -16.662217 ], [ -52.770776, -16.66807 ], [ -52.768725, -16.67197 ], [ -52.754722, -16.671816 ], [ -52.762251, -16.681672 ], [ -52.763334, -16.696699 ], [ -52.759387, -16.702859 ], [ -52.761272, -16.705843 ], [ -52.779225, -16.707532 ], [ -52.788475, -16.7201 ], [ -52.785499, -16.740747 ], [ -52.792088, -16.739292 ], [ -52.796532, -16.746059 ], [ -52.799977, -16.747786 ], [ -52.806922, -16.740977 ], [ -52.822837, -16.757692 ], [ -52.829801, -16.759957 ], [ -52.828614, -16.768726 ], [ -52.831886, -16.771893 ], [ -52.842068, -16.767957 ], [ -52.849358, -16.766146 ], [ -52.853613, -16.772839 ], [ -52.858475, -16.767489 ], [ -52.866885, -16.780782 ], [ -52.881801, -16.775667 ], [ -52.893773, -16.784695 ], [ -52.888056, -16.787067 ], [ -52.891915, -16.792933 ], [ -52.906609, -16.798877 ], [ -52.907194, -16.809829 ], [ -52.914339, -16.811753 ], [ -52.917892, -16.802921 ], [ -52.923612, -16.801269 ], [ -52.931863, -16.792286 ], [ -52.930141, -16.781344 ], [ -52.935278, -16.768376 ], [ -52.942887, -16.769899 ], [ -52.945218, -16.767264 ], [ -52.957447, -16.771031 ], [ -52.960998, -16.763144 ], [ -52.974994, -16.762381 ], [ -52.980532, -16.756662 ], [ -52.995001, -16.756887 ], [ -52.998836, -16.750184 ], [ -52.994472, -16.735886 ], [ -53.001329, -16.730805 ], [ -53.008052, -16.734352 ], [ -53.012718, -16.731438 ], [ -53.014444, -16.723938 ], [ -53.010221, -16.72287 ], [ -53.009784, -16.717066 ], [ -53.017374, -16.708761 ], [ -53.057663, -16.695605 ], [ -53.060169, -16.697178 ], [ -53.062805, -16.692602 ], [ -53.060362, -16.686121 ], [ -53.067144, -16.685962 ], [ -53.072081, -16.677238 ], [ -53.076966, -16.678306 ], [ -53.078172, -16.673706 ], [ -53.089754, -16.667087 ], [ -53.080114, -16.659591 ], [ -53.081446, -16.64718 ], [ -53.088862, -16.641495 ], [ -53.082978, -16.622991 ], [ -53.164862, -16.536374 ], [ -53.164447, -16.530942 ], [ -53.168755, -16.526783 ], [ -53.178888, -16.526987 ], [ -53.176829, -16.520517 ], [ -53.183223, -16.514633 ], [ -53.18236, -16.510719 ], [ -53.189557, -16.50711 ], [ -53.186746, -16.500811 ], [ -53.191616, -16.501247 ], [ -53.204001, -16.493543 ], [ -53.202726, -16.480994 ], [ -53.21003, -16.475772 ], [ -53.202024, -16.465757 ], [ -53.203997, -16.462018 ], [ -53.210893, -16.461588 ], [ -53.206111, -16.44264 ], [ -53.199282, -16.42916 ], [ -53.190996, -16.422421 ], [ -53.191275, -16.417602 ], [ -53.182975, -16.410394 ], [ -53.176529, -16.41185 ], [ -53.16141, -16.406736 ], [ -53.156141, -16.408678 ], [ -53.154885, -16.393709 ], [ -53.146497, -16.391543 ], [ -53.146946, -16.387397 ], [ -53.152223, -16.384262 ], [ -53.14561, -16.378141 ], [ -53.151806, -16.376311 ], [ -53.153968, -16.37151 ], [ -53.147581, -16.36835 ], [ -53.152025, -16.362467 ], [ -53.149468, -16.35251 ], [ -53.154725, -16.350731 ], [ -53.149337, -16.345849 ], [ -53.158033, -16.336614 ], [ -53.154, -16.32147 ], [ -53.15797, -16.314238 ], [ -53.152781, -16.306502 ], [ -53.154277, -16.302215 ], [ -53.160612, -16.301817 ], [ -53.16311, -16.293232 ], [ -53.169282, -16.287535 ], [ -53.167418, -16.285587 ], [ -53.171736, -16.282473 ], [ -53.168949, -16.278201 ], [ -53.171475, -16.27138 ], [ -53.167807, -16.272042 ], [ -53.165338, -16.266766 ], [ -53.167046, -16.261756 ], [ -53.154393, -16.251748 ], [ -53.152169, -16.246046 ], [ -53.145807, -16.244285 ], [ -53.140949, -16.235563 ], [ -53.143821, -16.233442 ], [ -53.138141, -16.228243 ], [ -53.141225, -16.222391 ], [ -53.127996, -16.218922 ], [ -53.124693, -16.214608 ], [ -53.119998, -16.21708 ], [ -53.113421, -16.21426 ], [ -53.100754, -16.192763 ], [ -53.092448, -16.198053 ], [ -53.08822, -16.190011 ], [ -53.084918, -16.190612 ], [ -53.081723, -16.189547 ], [ -53.074167, -16.195676 ], [ -53.064717, -16.186421 ], [ -53.060001, -16.187151 ], [ -53.060498, -16.181576 ], [ -53.051644, -16.180342 ], [ -53.050162, -16.16972 ], [ -53.031444, -16.181001 ], [ -53.033333, -16.177604 ], [ -53.03067, -16.172641 ], [ -53.021428, -16.170529 ], [ -53.018727, -16.165565 ], [ -53.00641, -16.171446 ], [ -53.002582, -16.161081 ], [ -52.994811, -16.156272 ], [ -52.998442, -16.151387 ], [ -52.990293, -16.150402 ], [ -52.978307, -16.145254 ], [ -52.980637, -16.13303 ], [ -52.999136, -16.123131 ], [ -53.000187, -16.113751 ], [ -53.005981, -16.116134 ], [ -53.00194, -16.109563 ], [ -53.003032, -16.106713 ], [ -53.009332, -16.106925 ], [ -53.008667, -16.101525 ], [ -53.017086, -16.105903 ], [ -53.035249, -16.092251 ], [ -53.037887, -16.083994 ], [ -53.042085, -16.087603 ], [ -53.045916, -16.082359 ], [ -53.052476, -16.082406 ], [ -53.052896, -16.075866 ], [ -53.063634, -16.07498 ], [ -53.07139, -16.04672 ], [ -53.061984, -16.034612 ], [ -53.048058, -16.018619 ], [ -53.043033, -16.002862 ], [ -53.067199, -15.96547 ], [ -53.066917, -15.945082 ], [ -53.061291, -15.939005 ], [ -53.073415, -15.925275 ], [ -53.072855, -15.917329 ], [ -53.07808, -15.904141 ], [ -53.069526, -15.886649 ], [ -53.046528, -15.8659 ], [ -53.035127, -15.863086 ], [ -53.031668, -15.859192 ], [ -53.031024, -15.839173 ], [ -53.026479, -15.827766 ], [ -53.032384, -15.814776 ], [ -53.027396, -15.809895 ], [ -53.036253, -15.794123 ], [ -53.024974, -15.787295 ], [ -53.034027, -15.781299 ], [ -53.041169, -15.770567 ], [ -53.051443, -15.765219 ], [ -53.040528, -15.758219 ], [ -53.045994, -15.744754 ], [ -53.040553, -15.736807 ], [ -53.042935, -15.736146 ], [ -53.052577, -15.73347 ], [ -53.057913, -15.726084 ], [ -53.064835, -15.726139 ], [ -53.071967, -15.733101 ], [ -53.098951, -15.725542 ], [ -53.103885, -15.727667 ], [ -53.100998, -15.734542 ], [ -53.105692, -15.742929 ], [ -53.109366, -15.743966 ], [ -53.114304, -15.736569 ], [ -53.119691, -15.740057 ], [ -53.132698, -15.733731 ], [ -53.139029, -15.736874 ], [ -53.141104, -15.73297 ], [ -53.135503, -15.732306 ], [ -53.138583, -15.723353 ], [ -53.1575, -15.724058 ], [ -53.157498, -15.715979 ], [ -53.160771, -15.713471 ], [ -53.158696, -15.710201 ], [ -53.164922, -15.702706 ], [ -53.163498, -15.692082 ], [ -53.191942, -15.664285 ], [ -53.195638, -15.651702 ], [ -53.19117, -15.647401 ], [ -53.193803, -15.636458 ], [ -53.226391, -15.626013 ], [ -53.242002, -15.628145 ], [ -53.243361, -15.621897 ], [ -53.256784, -15.618201 ], [ -53.27674, -15.626154 ], [ -53.283779, -15.625943 ], [ -53.286808, -15.62189 ], [ -53.28673, -15.589705 ], [ -53.330015, -15.587373 ], [ -53.34377, -15.595021 ], [ -53.348998, -15.594068 ], [ -53.356799, -15.582947 ], [ -53.368696, -15.581342 ], [ -53.387114, -15.580307 ], [ -53.414002, -15.585006 ], [ -53.418949, -15.579228 ], [ -53.430463, -15.577397 ], [ -53.446085, -15.583555 ], [ -53.463324, -15.58068 ], [ -53.472265, -15.581436 ], [ -53.48956, -15.591225 ], [ -53.497939, -15.599776 ], [ -53.495992, -15.604669 ], [ -53.500327, -15.610584 ], [ -53.510414, -15.615097 ], [ -53.522529, -15.641868 ], [ -53.527096, -15.646077 ], [ -53.535102, -15.644401 ], [ -53.554306, -15.665851 ], [ -53.558573, -15.666045 ], [ -53.56948, -15.655568 ], [ -53.577528, -15.6573 ], [ -53.581294, -15.68745 ], [ -53.604752, -15.697399 ], [ -53.610649, -15.707434 ], [ -53.625625, -15.711029 ], [ -53.626554, -15.724776 ], [ -53.649908, -15.725348 ], [ -53.660055, -15.725101 ], [ -53.69431, -15.735151 ], [ -53.724595, -15.719921 ], [ -53.731708, -15.726528 ], [ -53.736386, -15.738644 ], [ -53.743175, -15.739775 ], [ -53.752692, -15.729063 ], [ -53.761586, -15.724695 ], [ -53.776604, -15.725474 ], [ -53.781044, -15.730178 ], [ -53.762755, -15.742493 ], [ -53.762562, -15.748657 ], [ -53.772999, -15.768805 ], [ -53.774198, -15.783307 ], [ -53.788475, -15.803108 ], [ -53.789303, -15.812622 ], [ -53.78647, -15.819327 ], [ -53.763584, -15.840143 ], [ -53.754685, -15.856363 ], [ -53.744004, -15.866125 ], [ -53.754839, -15.861163 ], [ -53.768497, -15.862904 ], [ -53.786138, -15.859315 ], [ -53.80161, -15.848096 ], [ -53.822224, -15.846317 ], [ -53.833344, -15.836383 ], [ -53.848634, -15.830856 ], [ -53.853451, -15.821435 ], [ -53.852614, -15.813814 ], [ -53.859084, -15.799584 ], [ -53.863868, -15.796244 ], [ -53.861808, -15.790621 ], [ -53.868279, -15.785817 ], [ -53.878248, -15.76625 ], [ -53.88675, -15.763451 ], [ -53.888476, -15.746136 ], [ -53.88053, -15.743412 ], [ -53.884384, -15.722294 ], [ -53.892163, -15.710614 ], [ -53.906859, -15.705548 ], [ -53.912416, -15.69504 ], [ -53.906174, -15.675271 ], [ -53.897638, -15.672537 ], [ -53.904522, -15.657426 ], [ -53.904646, -15.657284 ], [ -53.908168, -15.656231 ], [ -53.910692, -15.645724 ], [ -53.932023, -15.636863 ], [ -53.93655, -15.624635 ], [ -53.935995, -15.612662 ], [ -53.930309, -15.608303 ], [ -53.931885, -15.603957 ], [ -53.916777, -15.586899 ], [ -53.916335, -15.57193 ], [ -53.924257, -15.564263 ], [ -53.914751, -15.549626 ], [ -53.916638, -15.53984 ], [ -53.91125, -15.518615 ], [ -53.913613, -15.508016 ], [ -53.908306, -15.491268 ], [ -53.904903, -15.487675 ], [ -53.893613, -15.488793 ], [ -53.886198, -15.47976 ], [ -53.880055, -15.484493 ], [ -53.870889, -15.460069 ], [ -53.867618, -15.461621 ], [ -53.864247, -15.457111 ], [ -53.855428, -15.45612 ], [ -53.852336, -15.449819 ], [ -53.848057, -15.449698 ], [ -53.849585, -15.44121 ], [ -53.84397, -15.43698 ], [ -53.839141, -15.439262 ], [ -53.841448, -15.432006 ], [ -53.835611, -15.425503 ], [ -53.814168, -15.411171 ], [ -53.805747, -15.387919 ], [ -53.803085, -15.369083 ], [ -53.795582, -15.364304 ], [ -53.767667, -15.364852 ], [ -53.761109, -15.358992 ], [ -53.756838, -15.363714 ], [ -53.752221, -15.359921 ], [ -53.750057, -15.347969 ], [ -53.739503, -15.348545 ], [ -53.738168, -15.344566 ], [ -53.732112, -15.34757 ], [ -53.73181, -15.342773 ], [ -53.740221, -15.340476 ], [ -53.732889, -15.32944 ], [ -53.748476, -15.330032 ], [ -53.754329, -15.317778 ], [ -53.766273, -15.320549 ], [ -53.770944, -15.316812 ], [ -53.774004, -15.311546 ], [ -53.773223, -15.301857 ], [ -53.782583, -15.306531 ], [ -53.780279, -15.31243 ], [ -53.786804, -15.311324 ], [ -53.785503, -15.291837 ], [ -53.792441, -15.2874 ], [ -53.794808, -15.278941 ], [ -53.802919, -15.277103 ], [ -53.808248, -15.28225 ], [ -53.808868, -15.267023 ], [ -53.856029, -15.253256 ], [ -53.859637, -15.244908 ], [ -53.874026, -15.248478 ], [ -53.874921, -15.264871 ], [ -53.883691, -15.263025 ], [ -53.888059, -15.25794 ], [ -53.897972, -15.261069 ], [ -53.91419, -15.257562 ], [ -53.911838, -15.25159 ], [ -53.906159, -15.2487 ], [ -53.907894, -15.244898 ], [ -53.920945, -15.244125 ], [ -53.922664, -15.2501 ], [ -53.927522, -15.251891 ], [ -53.932972, -15.240905 ], [ -53.946641, -15.24719 ], [ -53.949055, -15.245371 ], [ -53.946194, -15.23734 ], [ -53.946265, -15.237112 ], [ -53.913325, -15.201901 ], [ -53.908923, -15.160957 ], [ -53.857355, -15.110365 ], [ -53.796267, -15.137222 ], [ -53.774484, -15.142386 ], [ -53.734043, -15.151965 ], [ -53.664225, -15.097815 ], [ -53.630385, -15.078634 ], [ -53.596205, -15.030564 ], [ -53.579463, -14.995337 ], [ -53.564902, -14.98152 ], [ -53.541069, -14.938807 ], [ -53.531487, -14.939965 ], [ -53.50152, -14.972784 ], [ -53.489153, -14.95663 ], [ -53.464757, -14.955528 ], [ -53.445076, -14.94281 ], [ -53.438141, -14.931677 ], [ -53.4182, -14.92474 ], [ -53.409706, -14.933377 ], [ -53.394432, -14.932574 ], [ -53.380672, -14.925208 ], [ -53.37337, -14.928173 ], [ -53.360047, -14.924266 ], [ -53.340776, -14.902124 ], [ -53.322835, -14.892292 ], [ -53.309424, -14.880294 ], [ -53.301347, -14.866125 ], [ -53.291193, -14.862265 ], [ -53.294841, -14.849838 ], [ -53.308672, -14.841584 ], [ -53.329693, -14.821328 ], [ -53.33186, -14.815443 ], [ -53.341035, -14.809945 ], [ -53.358779, -14.787383 ], [ -53.351826, -14.7512 ], [ -53.362472, -14.747505 ], [ -53.371166, -14.734352 ], [ -53.394752, -14.736165 ], [ -53.401779, -14.729242 ], [ -53.395779, -14.716657 ], [ -53.397777, -14.709204 ], [ -53.395137, -14.699971 ], [ -53.377414, -14.692348 ], [ -53.379586, -14.682865 ], [ -53.372501, -14.672889 ], [ -53.366866, -14.637849 ], [ -53.352529, -14.616617 ], [ -53.355086, -14.599551 ], [ -53.350081, -14.578181 ], [ -53.365393, -14.545757 ], [ -53.369192, -14.54491 ], [ -53.373169, -14.535701 ], [ -53.391141, -14.522391 ], [ -53.397977, -14.505571 ], [ -53.397335, -14.496152 ], [ -53.406947, -14.481644 ], [ -53.416581, -14.479182 ], [ -53.420806, -14.474602 ], [ -53.427719, -14.476794 ], [ -53.431692, -14.483639 ], [ -53.443058, -14.477719 ], [ -53.43972, -14.47041 ], [ -53.444227, -14.45604 ], [ -53.439189, -14.455646 ], [ -53.437169, -14.449054 ], [ -53.441139, -14.447644 ], [ -53.452079, -14.430127 ], [ -53.449695, -14.422547 ], [ -53.453607, -14.408007 ], [ -53.466275, -14.403145 ], [ -53.466316, -14.402289 ], [ -53.453942, -14.388963 ], [ -53.452496, -14.376927 ], [ -53.452282, -14.365875 ], [ -53.456336, -14.361031 ], [ -53.451785, -14.353737 ], [ -53.456884, -14.344889 ], [ -53.45878, -14.324215 ], [ -53.462775, -14.316459 ], [ -53.454503, -14.290546 ], [ -53.454947, -14.264709 ], [ -53.433117, -14.24854 ], [ -53.429279, -14.238436 ], [ -53.422246, -14.234613 ], [ -53.415421, -14.211576 ], [ -53.40208, -14.207911 ], [ -53.407058, -14.196356 ], [ -53.397081, -14.19229 ], [ -53.400412, -14.182554 ], [ -53.394999, -14.180896 ], [ -53.389505, -14.171065 ], [ -53.374942, -14.163789 ], [ -53.373418, -14.152387 ], [ -53.366622, -14.141981 ], [ -53.363085, -14.141804 ], [ -53.368806, -14.139205 ], [ -53.36542, -14.13582 ], [ -53.362053, -14.132293 ], [ -53.365256, -14.127187 ], [ -53.361698, -14.124409 ], [ -53.364802, -14.123305 ], [ -53.365253, -14.11822 ], [ -53.361689, -14.116981 ], [ -53.365111, -14.115499 ], [ -53.360998, -14.11228 ], [ -53.365255, -14.11042 ], [ -53.364224, -14.101368 ], [ -53.366805, -14.099261 ], [ -53.362782, -14.097576 ], [ -53.364939, -14.090128 ], [ -53.361727, -14.093959 ], [ -53.361027, -14.088985 ], [ -53.367058, -14.08113 ], [ -53.362143, -14.071301 ], [ -53.36422, -14.059766 ], [ -53.35534, -14.053513 ], [ -53.356447, -14.044625 ], [ -53.363193, -14.042202 ], [ -53.354556, -14.03232 ], [ -53.358079, -14.024132 ], [ -53.342612, -14.01712 ], [ -53.346433, -14.005011 ], [ -53.340413, -13.998567 ], [ -53.326667, -14.002876 ], [ -53.319084, -13.999248 ], [ -53.322422, -13.991721 ], [ -53.319418, -13.983669 ], [ -53.321091, -13.975512 ], [ -53.315305, -13.960218 ], [ -53.31075, -13.956973 ], [ -53.297669, -13.956184 ], [ -53.298665, -13.947944 ], [ -53.292525, -13.931286 ], [ -53.285191, -13.926322 ], [ -53.283309, -13.907219 ], [ -53.270396, -13.900084 ], [ -53.263443, -13.892308 ], [ -53.262106, -13.885158 ], [ -53.256557, -13.881453 ], [ -53.255692, -13.871408 ], [ -53.26117, -13.864689 ], [ -53.25374, -13.855828 ], [ -53.261307, -13.839248 ], [ -53.259724, -13.83101 ], [ -53.250612, -13.828218 ], [ -53.249193, -13.815427 ], [ -53.248912, -13.810289 ], [ -53.243165, -13.805949 ], [ -53.249078, -13.800323 ], [ -53.231447, -13.784781 ], [ -53.224606, -13.783416 ], [ -53.22292, -13.775093 ], [ -53.216889, -13.766232 ], [ -53.215278, -13.753649 ], [ -53.195249, -13.738191 ], [ -53.198312, -13.726597 ], [ -53.181328, -13.719819 ], [ -53.176338, -13.713038 ], [ -53.164469, -13.70988 ], [ -53.162779, -13.69367 ], [ -53.151195, -13.690973 ], [ -53.14997, -13.686801 ], [ -53.15386, -13.680818 ], [ -53.141739, -13.674135 ], [ -53.146722, -13.667061 ], [ -53.134582, -13.660555 ], [ -53.139471, -13.656116 ], [ -53.136617, -13.653677 ], [ -53.129666, -13.657844 ], [ -53.131781, -13.650687 ], [ -53.122976, -13.644986 ], [ -53.119114, -13.647442 ], [ -53.117894, -13.639655 ], [ -53.112338, -13.640744 ], [ -53.112695, -13.636121 ], [ -53.105471, -13.632418 ], [ -53.097584, -13.634368 ], [ -53.101865, -13.640574 ], [ -53.097339, -13.642572 ], [ -53.091891, -13.655432 ], [ -53.102638, -13.663126 ], [ -53.103113, -13.682235 ], [ -53.109336, -13.69392 ], [ -53.105448, -13.705236 ], [ -53.114004, -13.733304 ], [ -53.093529, -13.74664 ], [ -53.097334, -13.754429 ], [ -53.093913, -13.760128 ], [ -53.098668, -13.768459 ], [ -53.090218, -13.780332 ], [ -53.075782, -13.790401 ], [ -53.061865, -13.794956 ], [ -53.06311, -13.80681 ], [ -53.052291, -13.811795 ], [ -53.052954, -13.814748 ], [ -53.055999, -13.83399 ], [ -53.063059, -13.837783 ], [ -53.04403, -13.836073 ], [ -53.044056, -13.845674 ], [ -53.037469, -13.861536 ], [ -53.040552, -13.867875 ], [ -53.031744, -13.876752 ], [ -53.033335, -13.886175 ], [ -53.028418, -13.889346 ], [ -53.024249, -13.899495 ], [ -53.018774, -13.89433 ], [ -53.015917, -13.896327 ], [ -53.023448, -13.918246 ], [ -53.012224, -13.931115 ], [ -53.000552, -13.936102 ], [ -52.999485, -13.941684 ], [ -53.014191, -13.963081 ], [ -53.008913, -13.965256 ], [ -53.011335, -13.974955 ], [ -52.995692, -13.975425 ], [ -52.988756, -14.005268 ], [ -52.993225, -14.010679 ], [ -53.00911, -14.012606 ], [ -53.010306, -14.023011 ], [ -53.031827, -14.029805 ], [ -53.027498, -14.042628 ], [ -53.021781, -14.04802 ], [ -53.026859, -14.053329 ], [ -53.028058, -14.063375 ], [ -53.015993, -14.074097 ], [ -53.018692, -14.086299 ], [ -53.037137, -14.101278 ], [ -53.037674, -14.106373 ], [ -53.031779, -14.11202 ], [ -53.033691, -14.128232 ], [ -53.019224, -14.141866 ], [ -53.021031, -14.145932 ], [ -53.012976, -14.147001 ], [ -53.014803, -14.165571 ], [ -53.000088, -14.177912 ], [ -53.002615, -14.18281 ], [ -52.985364, -14.197335 ], [ -52.989579, -14.205837 ], [ -52.981027, -14.205872 ], [ -52.986134, -14.21167 ], [ -52.974843, -14.229491 ], [ -52.960419, -14.23146 ], [ -52.881033, -14.231934 ], [ -52.850699, -14.232108 ], [ -52.82431, -14.232257 ], [ -52.817169, -14.236508 ], [ -52.771466, -14.223647 ], [ -52.760109, -14.225091 ], [ -52.755879, -14.229597 ], [ -52.750911, -14.23127 ], [ -52.741132, -14.221855 ], [ -52.685779, -14.211013 ], [ -52.670691, -14.202497 ], [ -52.66, -14.18825 ], [ -52.64933, -14.181543 ], [ -52.62522, -14.183924 ], [ -52.621105, -14.190189 ], [ -52.623172, -14.194947 ], [ -52.613943, -14.198211 ], [ -52.606477, -14.207428 ], [ -52.594979, -14.206042 ], [ -52.592977, -14.20881 ], [ -52.573082, -14.194591 ], [ -52.566335, -14.193646 ], [ -52.558138, -14.199028 ], [ -52.549108, -14.194339 ], [ -52.543609, -14.195046 ], [ -52.530694, -14.19065 ], [ -52.529303, -14.185001 ], [ -52.521644, -14.179405 ], [ -52.50569, -14.186743 ], [ -52.503115, -14.185333 ], [ -52.499747, -14.191485 ], [ -52.487387, -14.186023 ], [ -52.48367, -14.190786 ], [ -52.460335, -14.190494 ], [ -52.454026, -14.18496 ], [ -52.440833, -14.182119 ], [ -52.434745, -14.182694 ], [ -52.425162, -14.176659 ], [ -52.423637, -14.180309 ], [ -52.413554, -14.177007 ], [ -52.408532, -14.182332 ], [ -52.403476, -14.17978 ], [ -52.395836, -14.184325 ], [ -52.38192, -14.180717 ], [ -52.376334, -14.187051 ], [ -52.379363, -14.19617 ], [ -52.375052, -14.200667 ], [ -52.379555, -14.203145 ], [ -52.374833, -14.204023 ], [ -52.381013, -14.215077 ], [ -52.38228, -14.21716 ], [ -52.37772, -14.217498 ], [ -52.373282, -14.224272 ], [ -52.37305, -14.228988 ], [ -52.379864, -14.230072 ], [ -52.38136, -14.238307 ], [ -52.37797, -14.247416 ], [ -52.383358, -14.25986 ], [ -52.389664, -14.259133 ], [ -52.393217, -14.286111 ], [ -52.390696, -14.291135 ], [ -52.38514, -14.292029 ], [ -52.386997, -14.304419 ], [ -52.373279, -14.300811 ], [ -52.36472, -14.302022 ], [ -52.363664, -14.317984 ], [ -52.354383, -14.319337 ], [ -52.352446, -14.326945 ], [ -52.347292, -14.331452 ], [ -52.338614, -14.32831 ], [ -52.340305, -14.336804 ], [ -52.336551, -14.340224 ], [ -52.332165, -14.33946 ], [ -52.322304, -14.34613 ], [ -52.315693, -14.345036 ], [ -52.321501, -14.354662 ], [ -52.328306, -14.355839 ], [ -52.322142, -14.359455 ], [ -52.331032, -14.363425 ], [ -52.328468, -14.37279 ], [ -52.331866, -14.376195 ], [ -52.321944, -14.391113 ], [ -52.328722, -14.389845 ], [ -52.329161, -14.395365 ], [ -52.325502, -14.398954 ], [ -52.331997, -14.404304 ], [ -52.325835, -14.410007 ], [ -52.319274, -14.406837 ], [ -52.316912, -14.41149 ], [ -52.323224, -14.415853 ], [ -52.321058, -14.433835 ], [ -52.311219, -14.442131 ], [ -52.311356, -14.457005 ], [ -52.308135, -14.460225 ], [ -52.310692, -14.468979 ], [ -52.317857, -14.461161 ], [ -52.321834, -14.493399 ], [ -52.330546, -14.494631 ], [ -52.327358, -14.512301 ], [ -52.322775, -14.521049 ], [ -52.317635, -14.522688 ], [ -52.320692, -14.52805 ], [ -52.31639, -14.533648 ], [ -52.330833, -14.533724 ], [ -52.332267, -14.534023 ], [ -52.335555, -14.537994 ], [ -52.327442, -14.539321 ], [ -52.330973, -14.540331 ], [ -52.334553, -14.550221 ], [ -52.329086, -14.550794 ], [ -52.333415, -14.552491 ], [ -52.338587, -14.566657 ], [ -52.33044, -14.576773 ], [ -52.324387, -14.57439 ], [ -52.323, -14.577462 ], [ -52.299218, -14.563765 ], [ -52.292059, -14.58104 ], [ -52.262557, -14.580011 ], [ -52.263255, -14.57276 ], [ -52.25064, -14.561464 ], [ -52.250222, -14.554386 ], [ -52.243305, -14.559429 ], [ -52.238308, -14.554514 ], [ -52.224169, -14.568039 ], [ -52.211613, -14.569345 ], [ -52.202856, -14.589152 ], [ -52.195002, -14.596542 ], [ -52.179107, -14.607264 ], [ -52.173525, -14.607872 ], [ -52.170277, -14.603049 ], [ -52.164021, -14.609821 ], [ -52.157194, -14.633716 ], [ -52.153691, -14.625632 ], [ -52.154079, -14.606869 ], [ -52.137226, -14.625546 ], [ -52.141744, -14.629825 ], [ -52.14064, -14.632455 ], [ -52.133722, -14.636774 ], [ -52.117102, -14.65901 ], [ -52.1085, -14.651962 ], [ -52.103722, -14.65402 ], [ -52.100721, -14.660717 ], [ -52.103216, -14.680487 ], [ -52.094412, -14.685889 ], [ -52.082778, -14.673038 ], [ -52.056663, -14.675169 ], [ -52.049082, -14.669233 ], [ -52.044301, -14.658958 ], [ -52.012936, -14.636486 ], [ -52.0097, -14.605646 ], [ -52.002912, -14.601523 ], [ -51.973113, -14.598322 ], [ -51.952801, -14.584728 ], [ -51.943116, -14.58424 ], [ -51.923725, -14.574727 ], [ -51.912023, -14.564072 ], [ -51.911379, -14.546376 ], [ -51.891751, -14.524641 ], [ -51.887808, -14.514841 ], [ -51.874458, -14.503085 ], [ -51.85764, -14.501821 ], [ -51.850583, -14.489952 ], [ -51.843501, -14.490738 ], [ -51.842477, -14.502388 ], [ -51.835836, -14.510782 ], [ -51.828029, -14.507387 ], [ -51.821964, -14.496508 ], [ -51.812196, -14.492859 ], [ -51.810308, -14.488885 ], [ -51.811835, -14.481628 ], [ -51.822892, -14.481458 ], [ -51.827501, -14.476808 ], [ -51.812194, -14.470386 ], [ -51.799916, -14.455712 ], [ -51.788559, -14.468657 ], [ -51.788133, -14.474912 ], [ -51.781086, -14.476677 ], [ -51.739976, -14.430469 ], [ -51.732778, -14.419384 ], [ -51.732911, -14.413671 ], [ -51.74539, -14.399547 ], [ -51.747834, -14.380316 ], [ -51.719052, -14.372269 ], [ -51.706274, -14.379689 ], [ -51.714779, -14.397671 ], [ -51.712056, -14.406389 ], [ -51.704282, -14.410151 ], [ -51.703056, -14.42394 ], [ -51.705335, -14.430809 ], [ -51.711023, -14.43213 ], [ -51.716384, -14.428561 ], [ -51.718726, -14.430714 ], [ -51.717381, -14.437972 ], [ -51.706801, -14.45336 ], [ -51.723359, -14.45498 ], [ -51.724522, -14.459855 ], [ -51.719551, -14.468135 ], [ -51.709524, -14.470104 ], [ -51.71358, -14.476963 ], [ -51.707474, -14.483443 ], [ -51.707474, -14.494227 ], [ -51.698831, -14.496736 ], [ -51.69062, -14.535513 ], [ -51.665992, -14.534452 ], [ -51.651899, -14.529484 ], [ -51.649496, -14.52403 ], [ -51.640691, -14.520536 ], [ -51.619276, -14.521683 ], [ -51.617722, -14.517595 ], [ -51.624587, -14.506484 ], [ -51.621993, -14.497054 ], [ -51.616104, -14.490387 ], [ -51.607714, -14.491165 ], [ -51.606377, -14.477696 ], [ -51.591305, -14.452569 ], [ -51.576055, -14.44143 ], [ -51.572945, -14.434291 ], [ -51.56319, -14.437341 ], [ -51.560605, -14.434405 ], [ -51.556221, -14.419713 ], [ -51.542309, -14.410015 ], [ -51.540335, -14.395254 ], [ -51.531249, -14.382624 ], [ -51.507835, -14.384394 ], [ -51.501806, -14.372825 ], [ -51.472444, -14.359517 ], [ -51.47444, -14.354185 ], [ -51.466222, -14.358115 ], [ -51.439438, -14.358586 ], [ -51.406857, -14.351304 ], [ -51.390253, -14.318658 ], [ -51.384661, -14.316447 ], [ -51.376945, -14.303974 ], [ -51.356965, -14.300405 ], [ -51.358334, -14.318992 ], [ -51.362829, -14.329175 ], [ -51.371831, -14.332498 ], [ -51.376442, -14.338328 ], [ -51.37644, -14.351386 ], [ -51.379662, -14.353308 ], [ -51.38936, -14.380481 ], [ -51.38561, -14.383175 ], [ -51.386193, -14.392973 ], [ -51.391367, -14.413761 ], [ -51.383747, -14.424595 ], [ -51.382026, -14.433648 ], [ -51.388942, -14.46796 ], [ -51.384992, -14.47329 ], [ -51.383996, -14.484884 ], [ -51.378276, -14.490013 ], [ -51.378804, -14.495632 ], [ -51.388079, -14.502945 ], [ -51.390417, -14.516461 ], [ -51.402831, -14.530838 ], [ -51.410077, -14.532317 ], [ -51.421667, -14.54098 ], [ -51.420887, -14.549224 ], [ -51.4368, -14.568427 ], [ -51.439137, -14.592644 ], [ -51.466857, -14.615607 ], [ -51.473049, -14.643739 ], [ -51.469778, -14.649158 ], [ -51.478071, -14.666865 ], [ -51.505472, -14.691021 ], [ -51.51, -14.699299 ], [ -51.536227, -14.71895 ], [ -51.538408, -14.751863 ], [ -51.547414, -14.772857 ], [ -51.542878, -14.783674 ], [ -51.543191, -14.7925 ], [ -51.557887, -14.82467 ], [ -51.549312, -14.840931 ], [ -51.55786, -14.856848 ], [ -51.564552, -14.859239 ], [ -51.57016, -14.87142 ], [ -51.577021, -14.875989 ], [ -51.585808, -14.874953 ], [ -51.590415, -14.884231 ], [ -51.58839, -14.892554 ], [ -51.599717, -14.914275 ], [ -51.591635, -14.941701 ], [ -51.594805, -14.954945 ], [ -51.601692, -14.958432 ], [ -51.599777, -14.966666 ], [ -51.604943, -14.977116 ], [ -51.618275, -14.989883 ], [ -51.446747, -14.990262 ], [ -51.346943, -14.989745 ], [ -51.356818, -15.002057 ], [ -51.376338, -15.012427 ], [ -51.397892, -15.00304 ], [ -51.427294, -15.007896 ], [ -51.441221, -15.029673 ], [ -51.451945, -15.033614 ], [ -51.460357, -15.044245 ], [ -51.47728, -15.056283 ], [ -51.511912, -15.0542 ], [ -51.521774, -15.057993 ], [ -51.535493, -15.069251 ], [ -51.552277, -15.105455 ], [ -51.573466, -15.113052 ], [ -51.587659, -15.137774 ], [ -51.598527, -15.156299 ], [ -51.606696, -15.163067 ], [ -51.626551, -15.164037 ], [ -51.651627, -15.179436 ], [ -51.652439, -15.206275 ], [ -51.661537, -15.224213 ], [ -51.667553, -15.245907 ], [ -51.658996, -15.255455 ], [ -51.647081, -15.260263 ], [ -51.646469, -15.267509 ], [ -51.661497, -15.28094 ], [ -51.678329, -15.29022 ], [ -51.687832, -15.308418 ], [ -51.685777, -15.34548 ], [ -51.673167, -15.356989 ], [ -51.670913, -15.37129 ], [ -51.697161, -15.40955 ], [ -51.697475, -15.417347 ], [ -51.691054, -15.426095 ], [ -51.692413, -15.43281 ], [ -51.707943, -15.456037 ], [ -51.699104, -15.4733 ], [ -51.698317, -15.484524 ], [ -51.704204, -15.496258 ], [ -51.725496, -15.502034 ], [ -51.734994, -15.510429 ], [ -51.733817, -15.52979 ], [ -51.725525, -15.542173 ], [ -51.727245, -15.550352 ], [ -51.741638, -15.556345 ], [ -51.751221, -15.554673 ], [ -51.761385, -15.531203 ], [ -51.770941, -15.531986 ], [ -51.777079, -15.538559 ], [ -51.777168, -15.553816 ], [ -51.753214, -15.609736 ], [ -51.757339, -15.635508 ], [ -51.768781, -15.656154 ], [ -51.804119, -15.712828 ], [ -51.802756, -15.72253 ], [ -51.824977, -15.735014 ], [ -51.829131, -15.739738 ], [ -51.846977, -15.769092 ], [ -51.858922, -15.788753 ], [ -51.873382, -15.799817 ], [ -51.879135, -15.824954 ], [ -51.889774, -15.831554 ], [ -51.911555, -15.813132 ], [ -51.948356, -15.809947 ], [ -51.956083, -15.822161 ], [ -51.953664, -15.837223 ], [ -51.95933, -15.839818 ], [ -51.972207, -15.83741 ], [ -51.982806, -15.843543 ], [ -51.995877, -15.872643 ], [ -52.010839, -15.885789 ], [ -52.057633, -15.886974 ], [ -52.078775, -15.880026 ], [ -52.091331, -15.882206 ], [ -52.096834, -15.888216 ], [ -52.106989, -15.881842 ], [ -52.128056, -15.894515 ], [ -52.153771, -15.888612 ], [ -52.17283, -15.887959 ], [ -52.190669, -15.881331 ], [ -52.216525, -15.890702 ], [ -52.2353, -15.888531 ], [ -52.252161, -15.892221 ], [ -52.250997, -15.90801 ], [ -52.257951, -15.932658 ], [ -52.263668, -15.93694 ], [ -52.264831, -15.946538 ], [ -52.288586, -15.965659 ], [ -52.289657, -15.98492 ], [ -52.310002, -16.006959 ], [ -52.314941, -16.027378 ], [ -52.322887, -16.037143 ], [ -52.320357, -16.045452 ], [ -52.324249, -16.049567 ], [ -52.327609, -16.070162 ], [ -52.349781, -16.083504 ], [ -52.360554, -16.081524 ], [ -52.367105, -16.084028 ], [ -52.370011, -16.094758 ], [ -52.374638, -16.097953 ], [ -52.397363, -16.093002 ], [ -52.437025, -16.109665 ], [ -52.457942, -16.127055 ], [ -52.470548, -16.126168 ], [ -52.476499, -16.125951 ], [ -52.488003, -16.130304 ], [ -52.491583, -16.137766 ], [ -52.500247, -16.142261 ], [ -52.513054, -16.133489 ], [ -52.51604, -16.134507 ], [ -52.525054, -16.140115 ], [ -52.526612, -16.155773 ], [ -52.548137, -16.164676 ], [ -52.543142, -16.180326 ], [ -52.549767, -16.188711 ], [ -52.545697, -16.21919 ], [ -52.544578, -16.222689 ], [ -52.547504, -16.224589 ], [ -52.566227, -16.224617 ], [ -52.569221, -16.228414 ], [ -52.567914, -16.234477 ], [ -52.545861, -16.258078 ], [ -52.547206, -16.261939 ], [ -52.552975, -16.265327 ], [ -52.561859, -16.264611 ], [ -52.575944, -16.24951 ], [ -52.580441, -16.251149 ], [ -52.585663, -16.266542 ], [ -52.589855, -16.26925 ], [ -52.610321, -16.271922 ], [ -52.623028, -16.286935 ], [ -52.63701, -16.283151 ], [ -52.647301, -16.28497 ], [ -52.652831, -16.279539 ], [ -52.661928, -16.283269 ], [ -52.673169, -16.293672 ], [ -52.676445, -16.301823 ], [ -52.681672, -16.303624 ], [ -52.686445, -16.315041 ], [ -52.681195, -16.320646 ] ], [ [ -53.052976, -14.812958 ], [ -53.052976, -14.812959 ], [ -53.049086, -14.814296 ], [ -53.052976, -14.812958 ] ] ] } },
{ "type": "Feature", "properties": { "HREG_ID": "51006", "HREG_NAME": "Médio Araguaia", "id": "510020", "name": "Água Boa", "description": "Água Boa", "MUN_ID": "510020", "UF": "MT", "MACRO_ID": "5104", "MACRO_NAME": "Macrorregião Leste" }, "geometry": { "type": "Polygon", "coordinates": [ [ [ -51.74539, -14.399547 ], [ -51.732911, -14.413671 ], [ -51.732778, -14.419384 ], [ -51.739976, -14.430469 ], [ -51.781086, -14.476677 ], [ -51.788133, -14.474912 ], [ -51.788559, -14.468657 ], [ -51.799916, -14.455712 ], [ -51.812194, -14.470386 ], [ -51.827501, -14.476808 ], [ -51.822892, -14.481458 ], [ -51.811835, -14.481628 ], [ -51.810308, -14.488885 ], [ -51.812196, -14.492859 ], [ -51.821964, -14.496508 ], [ -51.828029, -14.507387 ], [ -51.835836, -14.510782 ], [ -51.842477, -14.502388 ], [ -51.843501, -14.490738 ], [ -51.850583, -14.489952 ], [ -51.85764, -14.501821 ], [ -51.874458, -14.503085 ], [ -51.887808, -14.514841 ], [ -51.891751, -14.524641 ], [ -51.911379, -14.546376 ], [ -51.912023, -14.564072 ], [ -51.923725, -14.574727 ], [ -51.943116, -14.58424 ], [ -51.952801, -14.584728 ], [ -51.973113, -14.598322 ], [ -52.002912, -14.601523 ], [ -52.0097, -14.605646 ], [ -52.012936, -14.636486 ], [ -52.044301, -14.658958 ], [ -52.049082, -14.669233 ], [ -52.056663, -14.675169 ], [ -52.082778, -14.673038 ], [ -52.094412, -14.685889 ], [ -52.103216, -14.680487 ], [ -52.100721, -14.660717 ], [ -52.103722, -14.65402 ], [ -52.1085, -14.651962 ], [ -52.117102, -14.65901 ], [ -52.133722, -14.636774 ], [ -52.14064, -14.632455 ], [ -52.141744, -14.629825 ], [ -52.137226, -14.625546 ], [ -52.154079, -14.606869 ], [ -52.153691, -14.625632 ], [ -52.157194, -14.633716 ], [ -52.164021, -14.609821 ], [ -52.170277, -14.603049 ], [ -52.173525, -14.607872 ], [ -52.179107, -14.607264 ], [ -52.195002, -14.596542 ], [ -52.202856, -14.589152 ], [ -52.211613, -14.569345 ], [ -52.224169, -14.568039 ], [ -52.238308, -14.554514 ], [ -52.243305, -14.559429 ], [ -52.250222, -14.554386 ], [ -52.25064, -14.561464 ], [ -52.263255, -14.57276 ], [ -52.262557, -14.580011 ], [ -52.292059, -14.58104 ], [ -52.299218, -14.563765 ], [ -52.323, -14.577462 ], [ -52.324387, -14.57439 ], [ -52.33044, -14.576773 ], [ -52.338587, -14.566657 ], [ -52.333415, -14.552491 ], [ -52.329086, -14.550794 ], [ -52.334553, -14.550221 ], [ -52.330973, -14.540331 ], [ -52.327442, -14.539321 ], [ -52.335555, -14.537994 ], [ -52.332267, -14.534023 ], [ -52.330833, -14.533724 ], [ -52.31639, -14.533648 ], [ -52.320692, -14.52805 ], [ -52.317635, -14.522688 ], [ -52.322775, -14.521049 ], [ -52.327358, -14.512301 ], [ -52.330546, -14.494631 ], [ -52.321834, -14.493399 ], [ -52.317857, -14.461161 ], [ -52.310692, -14.468979 ], [ -52.308135, -14.460225 ], [ -52.311356, -14.457005 ], [ -52.311219, -14.442131 ], [ -52.321058, -14.433835 ], [ -52.323224, -14.415853 ], [ -52.316912, -14.41149 ], [ -52.319274, -14.406837 ], [ -52.325835, -14.410007 ], [ -52.331997, -14.404304 ], [ -52.325502, -14.398954 ], [ -52.329161, -14.395365 ], [ -52.328722, -14.389845 ], [ -52.321944, -14.391113 ], [ -52.331866, -14.376195 ], [ -52.328468, -14.37279 ], [ -52.331032, -14.363425 ], [ -52.322142, -14.359455 ], [ -52.328306, -14.355839 ], [ -52.321501, -14.354662 ], [ -52.315693, -14.345036 ], [ -52.322304, -14.34613 ], [ -52.332165, -14.33946 ], [ -52.336551, -14.340224 ], [ -52.340305, -14.336804 ], [ -52.338614, -14.32831 ], [ -52.347292, -14.331452 ], [ -52.352446, -14.326945 ], [ -52.354383, -14.319337 ], [ -52.363664, -14.317984 ], [ -52.36472, -14.302022 ], [ -52.373279, -14.300811 ], [ -52.386997, -14.304419 ], [ -52.38514, -14.292029 ], [ -52.390696, -14.291135 ], [ -52.393217, -14.286111 ], [ -52.389664, -14.259133 ], [ -52.383358, -14.25986 ], [ -52.37797, -14.247416 ], [ -52.38136, -14.238307 ], [ -52.379864, -14.230072 ], [ -52.37305, -14.228988 ], [ -52.373282, -14.224272 ], [ -52.37772, -14.217498 ], [ -52.38228, -14.21716 ], [ -52.381013, -14.215077 ], [ -52.374833, -14.204023 ], [ -52.379555, -14.203145 ], [ -52.375052, -14.200667 ], [ -52.379363, -14.19617 ], [ -52.376334, -14.187051 ], [ -52.38192, -14.180717 ], [ -52.395836, -14.184325 ], [ -52.403476, -14.17978 ], [ -52.408532, -14.182332 ], [ -52.413554, -14.177007 ], [ -52.423637, -14.180309 ], [ -52.425162, -14.176659 ], [ -52.434745, -14.182694 ], [ -52.440833, -14.182119 ], [ -52.454026, -14.18496 ], [ -52.460335, -14.190494 ], [ -52.48367, -14.190786 ], [ -52.487387, -14.186023 ], [ -52.499747, -14.191485 ], [ -52.503115, -14.185333 ], [ -52.50569, -14.186743 ], [ -52.521644, -14.179405 ], [ -52.529303, -14.185001 ], [ -52.530694, -14.19065 ], [ -52.543609, -14.195046 ], [ -52.549108, -14.194339 ], [ -52.558138, -14.199028 ], [ -52.566335, -14.193646 ], [ -52.573082, -14.194591 ], [ -52.592977, -14.20881 ], [ -52.594979, -14.206042 ], [ -52.606477, -14.207428 ], [ -52.613943, -14.198211 ], [ -52.623172, -14.194947 ], [ -52.621105, -14.190189 ], [ -52.62522, -14.183924 ], [ -52.64933, -14.181543 ], [ -52.66, -14.18825 ], [ -52.670691, -14.202497 ], [ -52.685779, -14.211013 ], [ -52.741132, -14.221855 ], [ -52.750911, -14.23127 ], [ -52.755879, -14.229597 ], [ -52.760109, -14.225091 ], [ -52.771466, -14.223647 ], [ -52.817169, -14.236508 ], [ -52.82431, -14.232257 ], [ -52.850699, -14.232108 ], [ -52.881033, -14.231934 ], [ -52.960419, -14.23146 ], [ -52.974843, -14.229491 ], [ -52.986134, -14.21167 ], [ -52.981027, -14.205872 ], [ -52.989579, -14.205837 ], [ -52.985364, -14.197335 ], [ -53.002615, -14.18281 ], [ -53.000088, -14.177912 ], [ -53.014803, -14.165571 ], [ -53.012976, -14.147001 ], [ -53.021031, -14.145932 ], [ -53.019224, -14.141866 ], [ -53.033691, -14.128232 ], [ -53.031779, -14.11202 ], [ -53.037674, -14.106373 ], [ -53.037137, -14.101278 ], [ -53.018692, -14.086299 ], [ -53.015993, -14.074097 ], [ -53.028058, -14.063375 ], [ -53.026859, -14.053329 ], [ -53.021781, -14.04802 ], [ -53.027498, -14.042628 ], [ -53.031827, -14.029805 ], [ -53.010306, -14.023011 ], [ -53.00911, -14.012606 ], [ -52.993225, -14.010679 ], [ -52.988756, -14.005268 ], [ -52.995692, -13.975425 ], [ -53.011335, -13.974955 ], [ -53.008913, -13.965256 ], [ -53.014191, -13.963081 ], [ -52.999485, -13.941684 ], [ -53.000552, -13.936102 ], [ -53.012224, -13.931115 ], [ -53.023448, -13.918246 ], [ -53.015917, -13.896327 ], [ -53.018774, -13.89433 ], [ -53.024249, -13.899495 ], [ -53.028418, -13.889346 ], [ -53.033335, -13.886175 ], [ -53.031744, -13.876752 ], [ -53.040552, -13.867875 ], [ -53.037469, -13.861536 ], [ -53.044056, -13.845674 ], [ -53.04403, -13.836073 ], [ -53.063059, -13.837783 ], [ -53.055999, -13.83399 ], [ -53.052954, -13.814748 ], [ -53.052291, -13.811795 ], [ -53.06311, -13.80681 ], [ -53.061865, -13.794956 ], [ -53.075782, -13.790401 ], [ -53.090218, -13.780332 ], [ -53.098668, -13.768459 ], [ -53.093913, -13.760128 ], [ -53.097334, -13.754429 ], [ -53.093529, -13.74664 ], [ -53.114004, -13.733304 ], [ -53.105448, -13.705236 ], [ -53.109336, -13.69392 ], [ -53.103113, -13.682235 ], [ -53.102638, -13.663126 ], [ -53.091891, -13.655432 ], [ -53.097339, -13.642572 ], [ -53.101865, -13.640574 ], [ -53.097584, -13.634368 ], [ -53.105471, -13.632418 ], [ -53.112695, -13.636121 ], [ -53.112338, -13.640744 ], [ -53.117894, -13.639655 ], [ -53.119114, -13.647442 ], [ -53.122976, -13.644986 ], [ -53.131781, -13.650687 ], [ -53.129666, -13.657844 ], [ -53.136617, -13.653677 ], [ -53.139471, -13.656116 ], [ -53.134582, -13.660555 ], [ -53.146722, -13.667061 ], [ -53.141739, -13.674135 ], [ -53.15386, -13.680818 ], [ -53.14997, -13.686801 ], [ -53.151195, -13.690973 ], [ -53.162779, -13.69367 ], [ -53.164469, -13.70988 ], [ -53.176338, -13.713038 ], [ -53.181328, -13.719819 ], [ -53.198312, -13.726597 ], [ -53.195249, -13.738191 ], [ -53.215278, -13.753649 ], [ -53.216889, -13.766232 ], [ -53.22292, -13.775093 ], [ -53.249691, -13.771624 ], [ -53.273526, -13.755647 ], [ -53.280135, -13.756514 ], [ -53.285364, -13.752731 ], [ -53.288168, -13.732628 ], [ -53.284973, -13.722468 ], [ -53.288138, -13.718602 ], [ -53.318393, -13.714809 ], [ -53.326528, -13.71027 ], [ -53.345696, -13.715336 ], [ -53.354521, -13.713101 ], [ -53.358867, -13.709676 ], [ -53.360807, -13.696546 ], [ -53.365557, -13.694191 ], [ -53.398772, -13.692919 ], [ -53.399812, -13.685447 ], [ -53.416116, -13.667498 ], [ -53.404387, -13.655286 ], [ -53.408059, -13.650215 ], [ -53.412861, -13.652412 ], [ -53.420118, -13.647912 ], [ -53.420254, -13.652708 ], [ -53.429446, -13.659383 ], [ -53.439114, -13.654852 ], [ -53.44661, -13.654579 ], [ -53.447361, -13.657003 ], [ -53.467105, -13.652192 ], [ -53.473329, -13.653435 ], [ -53.471893, -13.661323 ], [ -53.477919, -13.664925 ], [ -53.491331, -13.686058 ], [ -53.50139, -13.715724 ], [ -53.506388, -13.721791 ], [ -53.511645, -13.719479 ], [ -53.519943, -13.7216 ], [ -53.521781, -13.729398 ], [ -53.528019, -13.736287 ], [ -53.541834, -13.746195 ], [ -53.554169, -13.746684 ], [ -53.565299, -13.761752 ], [ -53.583446, -13.765038 ], [ -53.594111, -13.772814 ], [ -53.611017, -13.778838 ], [ -53.63206, -13.774562 ], [ -53.635164, -13.764983 ], [ -53.655162, -13.760233 ], [ -53.680027, -13.76788 ], [ -53.698476, -13.766236 ], [ -53.702581, -13.757421 ], [ -53.70184, -13.749597 ], [ -53.706368, -13.747645 ], [ -53.702439, -13.738315 ], [ -53.708052, -13.731531 ], [ -53.714, -13.735904 ], [ -53.720163, -13.731968 ], [ -53.705023, -13.713621 ], [ -53.704164, -13.706916 ], [ -53.694113, -13.707246 ], [ -53.698496, -13.699774 ], [ -53.69595, -13.695568 ], [ -53.699916, -13.681174 ], [ -53.711969, -13.674807 ], [ -53.704444, -13.674744 ], [ -53.700061, -13.669204 ], [ -53.702335, -13.665648 ], [ -53.699746, -13.661747 ], [ -53.684222, -13.657591 ], [ -53.684771, -13.65319 ], [ -53.680915, -13.650533 ], [ -53.683109, -13.640605 ], [ -53.672332, -13.628179 ], [ -53.667638, -13.627403 ], [ -53.667419, -13.619532 ], [ -53.661888, -13.61614 ], [ -53.6597, -13.608087 ], [ -53.655361, -13.606719 ], [ -53.64967, -13.597134 ], [ -53.647696, -13.582544 ], [ -53.642801, -13.581416 ], [ -53.643474, -13.575661 ], [ -53.638947, -13.570048 ], [ -53.649363, -13.548387 ], [ -53.645668, -13.548807 ], [ -53.647306, -13.546514 ], [ -53.640312, -13.539796 ], [ -53.639587, -13.536604 ], [ -53.644329, -13.535709 ], [ -53.640809, -13.533394 ], [ -53.642695, -13.529769 ], [ -53.636943, -13.519862 ], [ -53.638281, -13.515489 ], [ -53.633223, -13.511956 ], [ -53.631883, -13.487936 ], [ -53.63953, -13.484404 ], [ -53.637612, -13.477509 ], [ -53.63092, -13.472569 ], [ -53.643743, -13.470823 ], [ -53.637971, -13.46458 ], [ -53.643056, -13.453832 ], [ -53.64925, -13.462399 ], [ -53.65758, -13.460686 ], [ -53.661334, -13.464197 ], [ -53.660698, -13.471185 ], [ -53.667862, -13.473235 ], [ -53.667553, -13.481948 ], [ -53.676416, -13.49107 ], [ -53.670441, -13.49288 ], [ -53.676251, -13.50529 ], [ -53.674719, -13.509744 ], [ -53.684106, -13.508535 ], [ -53.681196, -13.516117 ], [ -53.68997, -13.523178 ], [ -53.688966, -13.527723 ], [ -53.696139, -13.539454 ], [ -53.693336, -13.542761 ], [ -53.696695, -13.545243 ], [ -53.705474, -13.543174 ], [ -53.709884, -13.549115 ], [ -53.70486, -13.560933 ], [ -53.721886, -13.564051 ], [ -53.72197, -13.57188 ], [ -53.728794, -13.570363 ], [ -53.761056, -13.586402 ], [ -53.767522, -13.587185 ], [ -53.77242, -13.578757 ], [ -53.775365, -13.580876 ], [ -53.774665, -13.587645 ], [ -53.781474, -13.589007 ], [ -53.784611, -13.593971 ], [ -53.782223, -13.598454 ], [ -53.785839, -13.598338 ], [ -53.789112, -13.605881 ], [ -53.792004, -13.604688 ], [ -53.792997, -13.609246 ], [ -53.804248, -13.611966 ], [ -53.801255, -13.623715 ], [ -53.808418, -13.637154 ], [ -53.814802, -13.637799 ], [ -53.813586, -13.644615 ], [ -53.821113, -13.655385 ], [ -53.820274, -13.660644 ], [ -53.826727, -13.660233 ], [ -53.82614, -13.665331 ], [ -53.850197, -13.682565 ], [ -53.852939, -13.688988 ], [ -53.848615, -13.70021 ], [ -53.853364, -13.707792 ], [ -53.886147, -13.732053 ], [ -53.916833, -13.742617 ], [ -53.923057, -13.754017 ], [ -53.924977, -13.772314 ], [ -53.929307, -13.778877 ], [ -53.956001, -13.795145 ], [ -53.963026, -13.797585 ], [ -53.972343, -13.790294 ], [ -53.983421, -13.788033 ], [ -53.996644, -13.791103 ], [ -54.004449, -13.797392 ], [ -54.012944, -13.813309 ], [ -54.019307, -13.802189 ], [ -54.044394, -13.796555 ], [ -54.061922, -13.813298 ], [ -54.082911, -13.8091 ], [ -54.088224, -13.80512 ], [ -54.085862, -13.79667 ], [ -54.078861, -13.794954 ], [ -54.076885, -13.782834 ], [ -54.082663, -13.774759 ], [ -54.079757, -13.770708 ], [ -54.081113, -13.762866 ], [ -54.088809, -13.763242 ], [ -54.087776, -13.752976 ], [ -54.083671, -13.74806 ], [ -54.089662, -13.750621 ], [ -54.09128, -13.747675 ], [ -54.088116, -13.743205 ], [ -54.079887, -13.74079 ], [ -54.077274, -13.731467 ], [ -54.082637, -13.730162 ], [ -54.082858, -13.725787 ], [ -54.077672, -13.721395 ], [ -54.079306, -13.717146 ], [ -54.084833, -13.715673 ], [ -54.082002, -13.712391 ], [ -54.088669, -13.712804 ], [ -54.091332, -13.70991 ], [ -54.081886, -13.694403 ], [ -54.076781, -13.692417 ], [ -54.077284, -13.672665 ], [ -54.07183, -13.671285 ], [ -54.069997, -13.665282 ], [ -54.063358, -13.66443 ], [ -54.052804, -13.654078 ], [ -54.050556, -13.64616 ], [ -54.053279, -13.638071 ], [ -54.046829, -13.633897 ], [ -54.049979, -13.627721 ], [ -54.045996, -13.622192 ], [ -54.05103, -13.607329 ], [ -54.04236, -13.602585 ], [ -54.047363, -13.575694 ], [ -54.038556, -13.56836 ], [ -54.034109, -13.549038 ], [ -54.038635, -13.54223 ], [ -54.031892, -13.53737 ], [ -54.037384, -13.530065 ], [ -54.032304, -13.52241 ], [ -54.035164, -13.514471 ], [ -54.032581, -13.511056 ], [ -54.035638, -13.508253 ], [ -54.031611, -13.502368 ], [ -54.03458, -13.497516 ], [ -54.029143, -13.494677 ], [ -54.035162, -13.4842 ], [ -54.030388, -13.481063 ], [ -54.031171, -13.473346 ], [ -54.025388, -13.460238 ], [ -54.028111, -13.449262 ], [ -54.020694, -13.442819 ], [ -54.024248, -13.437793 ], [ -54.018869, -13.433022 ], [ -54.018392, -13.411471 ], [ -54.02564, -13.389859 ], [ -54.020616, -13.387002 ], [ -54.024364, -13.37354 ], [ -54.016746, -13.362074 ], [ -54.011337, -13.36332 ], [ -54.006887, -13.360411 ], [ -54.014364, -13.351958 ], [ -54.012664, -13.336292 ], [ -54.007421, -13.326604 ], [ -54.005725, -13.308731 ], [ -54.009664, -13.301005 ], [ -54.006359, -13.292705 ], [ -54.015199, -13.25895 ], [ -54.024471, -13.245417 ], [ -54.020779, -13.228461 ], [ -54.014727, -13.225903 ], [ -54.009005, -13.204922 ], [ -54.00648, -13.185614 ], [ -54.011053, -13.181606 ], [ -54.008694, -13.176339 ], [ -54.010858, -13.17445 ], [ -54.00242, -13.164634 ], [ -54.008891, -13.146647 ], [ -54.006199, -13.145596 ], [ -54.003137, -13.125367 ], [ -53.981642, -13.104378 ], [ -53.983052, -13.093897 ], [ -53.979724, -13.092237 ], [ -53.980334, -13.088531 ], [ -53.976867, -13.088585 ], [ -53.979861, -13.075289 ], [ -53.975919, -13.072679 ], [ -53.979367, -13.061086 ], [ -53.976501, -13.055636 ], [ -53.984034, -13.05273 ], [ -53.98159, -13.047131 ], [ -53.984669, -13.043831 ], [ -53.982143, -13.042482 ], [ -53.98578, -13.028247 ], [ -53.995364, -13.013348 ], [ -53.990857, -13.011586 ], [ -53.992192, -13.008864 ], [ -53.987169, -13.004417 ], [ -53.989421, -13.000918 ], [ -53.982975, -12.998135 ], [ -53.98025, -12.981575 ], [ -53.969668, -12.982616 ], [ -53.963282, -12.971585 ], [ -53.957971, -12.971113 ], [ -53.954195, -12.966664 ], [ -53.949367, -12.96829 ], [ -53.939248, -12.950661 ], [ -53.934779, -12.952701 ], [ -53.933886, -12.942397 ], [ -53.930306, -12.939233 ], [ -53.932582, -12.93438 ], [ -53.926612, -12.926161 ], [ -53.927997, -12.920483 ], [ -53.933361, -12.918298 ], [ -53.930476, -12.916109 ], [ -53.932697, -12.913572 ], [ -53.926109, -12.91253 ], [ -53.92133, -12.905377 ], [ -53.920389, -12.909283 ], [ -53.919811, -12.902151 ], [ -53.923688, -12.898417 ], [ -53.906417, -12.889688 ], [ -53.906028, -12.896281 ], [ -53.901551, -12.89104 ], [ -53.900724, -12.886071 ], [ -53.896973, -12.887136 ], [ -53.893834, -12.881611 ], [ -53.894841, -12.877834 ], [ -53.888832, -12.880061 ], [ -53.898059, -12.871334 ], [ -53.893306, -12.867076 ], [ -53.893917, -12.862277 ], [ -53.890719, -12.863007 ], [ -53.889645, -12.859699 ], [ -53.886722, -12.861712 ], [ -53.883942, -12.855092 ], [ -53.889704, -12.853326 ], [ -53.886691, -12.849752 ], [ -53.891613, -12.843527 ], [ -53.880258, -12.839906 ], [ -53.87811, -12.837764 ], [ -53.881063, -12.836075 ], [ -53.877936, -12.833968 ], [ -53.869305, -12.835252 ], [ -53.872385, -12.830565 ], [ -53.868747, -12.827695 ], [ -53.872108, -12.826159 ], [ -53.863748, -12.822513 ], [ -53.861747, -12.807183 ], [ -53.847137, -12.79514 ], [ -53.8482, -12.792006 ], [ -53.844193, -12.79515 ], [ -53.837693, -12.787742 ], [ -53.84128, -12.783588 ], [ -53.836143, -12.782173 ], [ -53.834834, -12.777787 ], [ -53.83828, -12.763433 ], [ -53.832804, -12.758297 ], [ -53.834106, -12.750568 ], [ -53.827441, -12.749164 ], [ -53.831091, -12.74507 ], [ -53.834526, -12.747281 ], [ -53.83542, -12.7405 ], [ -53.841508, -12.741362 ], [ -53.840285, -12.732181 ], [ -53.845973, -12.727578 ], [ -53.842365, -12.724621 ], [ -53.846308, -12.719262 ], [ -53.838668, -12.717793 ], [ -53.840086, -12.714956 ], [ -53.836606, -12.714223 ], [ -53.840582, -12.702835 ], [ -53.834801, -12.699857 ], [ -53.832082, -12.690634 ], [ -53.828609, -12.6957 ], [ -53.821225, -12.694931 ], [ -53.821023, -12.689206 ], [ -53.815838, -12.686499 ], [ -53.818253, -12.677428 ], [ -53.813393, -12.681454 ], [ -53.810776, -12.669016 ], [ -53.815086, -12.669551 ], [ -53.814867, -12.666342 ], [ -53.804223, -12.660226 ], [ -53.81214, -12.655294 ], [ -53.807255, -12.65379 ], [ -53.809146, -12.650173 ], [ -53.804422, -12.649365 ], [ -53.806139, -12.643882 ], [ -53.800833, -12.647358 ], [ -53.798333, -12.641216 ], [ -53.803946, -12.628964 ], [ -53.7985, -12.629193 ], [ -53.797638, -12.623533 ], [ -53.800804, -12.625796 ], [ -53.797522, -12.62011 ], [ -53.802942, -12.608695 ], [ -53.798029, -12.606893 ], [ -53.799442, -12.600004 ], [ -53.790864, -12.590869 ], [ -53.788306, -12.592422 ], [ -53.786975, -12.586987 ], [ -53.784056, -12.58809 ], [ -53.78006, -12.579597 ], [ -53.781948, -12.577021 ], [ -53.7762, -12.576357 ], [ -53.779836, -12.572981 ], [ -53.775834, -12.572769 ], [ -53.772671, -12.567027 ], [ -53.770995, -12.549574 ], [ -53.775777, -12.552066 ], [ -53.778275, -12.546483 ], [ -53.786196, -12.547111 ], [ -53.784836, -12.535334 ], [ -53.781948, -12.535391 ], [ -53.786024, -12.531708 ], [ -53.784309, -12.527449 ], [ -53.795082, -12.528152 ], [ -53.796786, -12.519196 ], [ -53.791746, -12.512803 ], [ -53.795807, -12.509333 ], [ -53.793778, -12.502443 ], [ -53.798466, -12.504067 ], [ -53.792915, -12.500056 ], [ -53.799337, -12.499928 ], [ -53.790386, -12.495018 ], [ -53.797474, -12.49224 ], [ -53.797635, -12.475961 ], [ -53.790973, -12.467927 ], [ -53.787694, -12.472121 ], [ -53.785813, -12.467632 ], [ -53.789423, -12.463623 ], [ -53.784666, -12.463464 ], [ -53.789414, -12.459565 ], [ -53.784057, -12.454153 ], [ -53.781526, -12.455544 ], [ -53.782701, -12.451299 ], [ -53.788891, -12.44811 ], [ -53.78094, -12.450219 ], [ -53.780973, -12.444219 ], [ -53.773691, -12.444926 ], [ -53.773866, -12.430569 ], [ -53.76633, -12.435389 ], [ -53.758451, -12.423342 ], [ -53.747363, -12.419204 ], [ -53.743839, -12.422606 ], [ -53.742577, -12.418151 ], [ -53.739032, -12.418684 ], [ -53.738358, -12.412113 ], [ -53.741142, -12.413601 ], [ -53.738554, -12.407632 ], [ -53.732614, -12.409561 ], [ -53.721472, -12.394325 ], [ -53.723872, -12.38957 ], [ -53.71917, -12.389034 ], [ -53.721688, -12.380948 ], [ -53.718109, -12.383665 ], [ -53.721166, -12.379284 ], [ -53.71325, -12.378488 ], [ -53.718446, -12.377516 ], [ -53.717716, -12.362657 ], [ -53.711274, -12.36047 ], [ -53.712364, -12.355788 ], [ -53.70086, -12.357582 ], [ -53.691919, -12.34555 ], [ -53.69028, -12.347085 ], [ -53.684166, -12.323783 ], [ -53.676256, -12.314009 ], [ -53.678273, -12.306716 ], [ -53.668112, -12.291237 ], [ -53.664467, -12.292461 ], [ -53.659609, -12.289005 ], [ -53.659174, -12.279177 ], [ -53.663747, -12.273345 ], [ -53.650341, -12.272721 ], [ -53.647309, -12.268512 ], [ -53.648448, -12.262835 ], [ -53.64558, -12.26274 ], [ -53.646552, -12.257728 ], [ -53.640527, -12.248426 ], [ -53.643613, -12.243042 ], [ -53.637892, -12.239148 ], [ -53.631138, -12.243376 ], [ -53.628974, -12.234075 ], [ -53.620445, -12.228168 ], [ -53.621582, -12.224265 ], [ -53.603772, -12.210988 ], [ -53.601665, -12.212737 ], [ -53.597555, -12.201566 ], [ -53.600558, -12.19696 ], [ -53.603386, -12.19806 ], [ -53.604277, -12.188311 ], [ -53.593724, -12.187984 ], [ -53.587252, -12.173445 ], [ -53.593032, -12.173996 ], [ -53.587975, -12.171258 ], [ -53.593494, -12.169785 ], [ -53.589642, -12.166524 ], [ -53.593057, -12.165011 ], [ -53.590806, -12.162666 ], [ -53.596305, -12.153681 ], [ -53.591637, -12.14768 ], [ -53.594922, -12.144467 ], [ -53.592083, -12.145638 ], [ -53.590006, -12.139974 ], [ -53.59383, -12.138336 ], [ -53.593111, -12.13305 ], [ -53.590526, -12.134171 ], [ -53.589778, -12.130692 ], [ -53.585805, -12.133966 ], [ -53.58217, -12.132603 ], [ -53.586914, -12.130154 ], [ -53.577086, -12.123583 ], [ -53.581309, -12.112903 ], [ -53.578777, -12.111718 ], [ -53.57945, -12.105597 ], [ -53.553001, -12.089041 ], [ -53.546446, -12.074467 ], [ -53.549306, -12.068507 ], [ -53.545113, -12.065579 ], [ -53.542419, -12.068784 ], [ -53.543865, -12.059033 ], [ -53.537081, -12.057176 ], [ -53.537666, -12.05282 ], [ -53.534163, -12.050528 ], [ -53.538752, -12.046305 ], [ -53.537106, -12.036032 ], [ -53.541891, -12.038111 ], [ -53.537113, -12.029034 ], [ -53.540339, -12.026648 ], [ -53.539694, -12.022396 ], [ -53.534998, -12.01916 ], [ -53.534888, -12.014947 ], [ -53.522074, -12.013867 ], [ -53.524668, -12.008476 ], [ -53.521866, -12.004811 ], [ -53.522498, -11.994795 ], [ -53.527558, -11.990753 ], [ -53.525394, -11.986963 ], [ -53.529667, -11.985278 ], [ -53.526367, -11.983846 ], [ -53.530389, -11.981746 ], [ -53.530691, -11.977009 ], [ -53.534695, -11.97774 ], [ -53.537662, -11.963668 ], [ -53.540113, -11.965254 ], [ -53.542724, -11.961482 ], [ -53.538334, -11.959701 ], [ -53.538218, -11.955453 ], [ -53.548037, -11.949077 ], [ -53.546945, -11.936522 ], [ -53.547805, -11.92162 ], [ -53.551248, -11.915515 ], [ -53.56575, -11.904978 ], [ -53.570775, -11.896084 ], [ -53.573698, -11.877501 ], [ -53.587419, -11.859196 ], [ -53.5865, -11.828208 ], [ -53.595477, -11.79704 ], [ -53.600487, -11.789759 ], [ -53.608497, -11.744941 ], [ -53.602444, -11.723671 ], [ -53.57903, -11.678037 ], [ -53.568667, -11.64778 ], [ -53.571471, -11.620259 ], [ -53.568916, -11.610573 ], [ -53.55964, -11.60227 ], [ -53.540074, -11.59572 ], [ -53.535162, -11.584712 ], [ -53.548214, -11.567764 ], [ -53.520025, -11.546554 ], [ -53.506309, -11.52584 ], [ -53.494423, -11.519312 ], [ -53.492253, -11.502987 ], [ -53.486643, -11.502346 ], [ -53.476532, -11.518312 ], [ -53.473916, -11.515279 ], [ -53.46778, -11.497747 ], [ -53.441253, -11.465559 ], [ -53.438275, -11.432358 ], [ -53.422778, -11.424311 ], [ -53.407664, -11.434448 ], [ -53.399025, -11.434179 ], [ -53.385359, -11.418268 ], [ -53.375831, -11.391669 ], [ -53.341141, -11.356473 ], [ -53.322719, -11.332862 ], [ -53.31583, -11.316938 ], [ -53.309423, -11.311959 ], [ -53.300891, -11.312681 ], [ -53.296393, -11.309694 ], [ -53.276887, -11.279384 ], [ -53.260912, -11.275582 ], [ -53.253774, -11.27033 ], [ -53.250276, -11.258571 ], [ -53.262581, -11.231506 ], [ -53.246473, -11.213001 ], [ -53.232422, -11.239856 ], [ -53.222446, -11.248627 ], [ -53.227578, -11.252894 ], [ -53.224608, -11.268385 ], [ -53.231968, -11.269824 ], [ -53.236746, -11.260504 ], [ -53.244033, -11.26473 ], [ -53.241084, -11.282557 ], [ -53.232499, -11.29395 ], [ -53.230612, -11.283062 ], [ -53.223445, -11.279583 ], [ -53.204088, -11.294214 ], [ -53.206585, -11.29842 ], [ -53.199698, -11.307937 ], [ -53.18845, -11.311018 ], [ -53.180671, -11.328635 ], [ -53.169919, -11.326734 ], [ -53.168216, -11.339238 ], [ -53.164327, -11.34035 ], [ -53.157335, -11.332088 ], [ -53.153591, -11.33266 ], [ -53.149836, -11.350505 ], [ -53.151917, -11.362163 ], [ -53.140947, -11.363596 ], [ -53.138414, -11.370766 ], [ -53.127668, -11.370607 ], [ -53.119087, -11.378727 ], [ -53.114853, -11.376842 ], [ -53.114167, -11.371825 ], [ -53.110136, -11.37274 ], [ -53.108612, -11.394328 ], [ -53.114457, -11.399061 ], [ -53.106281, -11.413155 ], [ -53.09814, -11.411326 ], [ -53.098389, -11.402104 ], [ -53.091939, -11.401316 ], [ -53.076697, -11.409594 ], [ -53.075583, -11.413143 ], [ -53.079889, -11.415929 ], [ -53.082611, -11.424744 ], [ -53.089474, -11.419015 ], [ -53.097341, -11.4218 ], [ -53.103328, -11.453924 ], [ -53.093056, -11.454373 ], [ -53.079999, -11.462043 ], [ -53.071922, -11.451277 ], [ -53.062364, -11.453496 ], [ -53.060762, -11.454382 ], [ -53.055883, -11.470244 ], [ -53.041385, -11.478922 ], [ -53.038057, -11.498344 ], [ -53.042637, -11.507 ], [ -53.025669, -11.51314 ], [ -53.022502, -11.525746 ], [ -53.017169, -11.532417 ], [ -53.009526, -11.536927 ], [ -52.9995, -11.533867 ], [ -52.994729, -11.524645 ], [ -52.98314, -11.517349 ], [ -52.967588, -11.519049 ], [ -52.962987, -11.523345 ], [ -52.96247, -11.52701 ], [ -52.973302, -11.537374 ], [ -52.976309, -11.548202 ], [ -52.966691, -11.553745 ], [ -52.958896, -11.569056 ], [ -52.956971, -11.586801 ], [ -52.95984, -11.594215 ], [ -52.961518, -11.602098 ], [ -52.958337, -11.608618 ], [ -52.946818, -11.615934 ], [ -52.944377, -11.612189 ], [ -52.942444, -11.594152 ], [ -52.934335, -11.576479 ], [ -52.928529, -11.574144 ], [ -52.892389, -11.592491 ], [ -52.883531, -11.593172 ], [ -52.879586, -11.582328 ], [ -52.872779, -11.580874 ], [ -52.863569, -11.593853 ], [ -52.858738, -11.602875 ], [ -52.841503, -11.618893 ], [ -52.836103, -11.605121 ], [ -52.829502, -11.60247 ], [ -52.82186, -11.607625 ], [ -52.814944, -11.606829 ], [ -52.813697, -11.619515 ], [ -52.804644, -11.623201 ], [ -52.807309, -11.608288 ], [ -52.805393, -11.606284 ], [ -52.794093, -11.60939 ], [ -52.79169, -11.617568 ], [ -52.798443, -11.620824 ], [ -52.801468, -11.629468 ], [ -52.795694, -11.636525 ], [ -52.78695, -11.638576 ], [ -52.776865, -11.63148 ], [ -52.770586, -11.631093 ], [ -52.754943, -11.644177 ], [ -52.747975, -11.646541 ], [ -52.74082, -11.641982 ], [ -52.734377, -11.646961 ], [ -52.72861, -11.633856 ], [ -52.719167, -11.637474 ], [ -52.708051, -11.659001 ], [ -52.695337, -11.662473 ], [ -52.679721, -11.675069 ], [ -52.671446, -11.650085 ], [ -52.663134, -11.649178 ], [ -52.6515, -11.658298 ], [ -52.638273, -11.682945 ], [ -52.627861, -11.685238 ], [ -52.615279, -11.693582 ], [ -52.610557, -11.686366 ], [ -52.605774, -11.685158 ], [ -52.581334, -11.704527 ], [ -52.571329, -11.695192 ], [ -52.572557, -11.68089 ], [ -52.544922, -11.670377 ], [ -52.540278, -11.672777 ], [ -52.535633, -11.68722 ], [ -52.516197, -11.706462 ], [ -52.512032, -11.704029 ], [ -52.505376, -11.688439 ], [ -52.487086, -11.685623 ], [ -52.483112, -11.691195 ], [ -52.476085, -11.684588 ], [ -52.461393, -11.681213 ], [ -52.453501, -11.686819 ], [ -52.470672, -11.696518 ], [ -52.470005, -11.702026 ], [ -52.463362, -11.706897 ], [ -52.457503, -11.699475 ], [ -52.449053, -11.696956 ], [ -52.435834, -11.700133 ], [ -52.418028, -11.72806 ], [ -52.411894, -11.71887 ], [ -52.413671, -11.7118 ], [ -52.400973, -11.72023 ], [ -52.3977, -11.711916 ], [ -52.388444, -11.708892 ], [ -52.392307, -11.713547 ], [ -52.385612, -11.713013 ], [ -52.387577, -11.720488 ], [ -52.380632, -11.720587 ], [ -52.377895, -11.724665 ], [ -52.373218, -11.720917 ], [ -52.361616, -11.726637 ], [ -52.357641, -11.733638 ], [ -52.357517, -11.746412 ], [ -52.33558, -11.751793 ], [ -52.335721, -11.755799 ], [ -52.331602, -11.762445 ], [ -52.319648, -11.77035 ], [ -52.319503, -11.764586 ], [ -52.311669, -11.762869 ], [ -52.307779, -11.770318 ], [ -52.296472, -11.773768 ], [ -52.29403, -11.788961 ], [ -52.289182, -11.789733 ], [ -52.278494, -11.778836 ], [ -52.271569, -11.779791 ], [ -52.269306, -11.78639 ], [ -52.273581, -11.792777 ], [ -52.264836, -11.795932 ], [ -52.249084, -11.815598 ], [ -52.248336, -11.819994 ], [ -52.252692, -11.82398 ], [ -52.24953, -11.827963 ], [ -52.25353, -11.832307 ], [ -52.251474, -11.855211 ], [ -52.242773, -11.856649 ], [ -52.242472, -11.849491 ], [ -52.233948, -11.85204 ], [ -52.237613, -11.854201 ], [ -52.237025, -11.86132 ], [ -52.242778, -11.873275 ], [ -52.239553, -11.876762 ], [ -52.243681, -11.881614 ], [ -52.229393, -11.89384 ], [ -52.220746, -11.893769 ], [ -52.219696, -11.898314 ], [ -52.215586, -11.89836 ], [ -52.218345, -11.899752 ], [ -52.214858, -11.904365 ], [ -52.218998, -11.907069 ], [ -52.213721, -11.912653 ], [ -52.214194, -11.918792 ], [ -52.205359, -11.916604 ], [ -52.195497, -11.921085 ], [ -52.188331, -11.95113 ], [ -52.179332, -11.949951 ], [ -52.172558, -11.944277 ], [ -52.172503, -11.9633 ], [ -52.166866, -11.957931 ], [ -52.166885, -11.963169 ], [ -52.152282, -11.961267 ], [ -52.142771, -11.968903 ], [ -52.12706, -11.974548 ], [ -52.118883, -11.986546 ], [ -52.099801, -12.000561 ], [ -52.059861, -11.99375 ], [ -52.04362, -11.981444 ], [ -52.031219, -11.964487 ], [ -51.992211, -11.933752 ], [ -51.969347, -11.90762 ], [ -51.936757, -11.889517 ], [ -51.888399, -11.874239 ], [ -51.854076, -11.859259 ], [ -51.838532, -11.857484 ], [ -51.829866, -11.859786 ], [ -51.718327, -11.945616 ], [ -51.706048, -11.963587 ], [ -51.677521, -11.96774 ], [ -51.659634, -11.965715 ], [ -51.646774, -11.973376 ], [ -51.634355, -11.970583 ], [ -51.603869, -11.979693 ], [ -51.593724, -11.991891 ], [ -51.593671, -12.00619 ], [ -51.585393, -12.020038 ], [ -51.568361, -12.020315 ], [ -51.556874, -12.024643 ], [ -51.555659, -12.029709 ], [ -51.546117, -12.037926 ], [ -51.540627, -12.049753 ], [ -51.541628, -12.059916 ], [ -51.535025, -12.067886 ], [ -51.505718, -12.094165 ], [ -51.499854, -12.104906 ], [ -51.472044, -12.13547 ], [ -51.448298, -12.148967 ], [ -51.438971, -12.152405 ], [ -51.420794, -12.179259 ], [ -51.414691, -12.182117 ], [ -51.405493, -12.181043 ], [ -51.3941, -12.188054 ], [ -51.387256, -12.203907 ], [ -51.396344, -12.212454 ], [ -51.396041, -12.232398 ], [ -51.40086, -12.233642 ], [ -51.398141, -12.240219 ], [ -51.389082, -12.237949 ], [ -51.370556, -12.273988 ], [ -51.369027, -12.292721 ], [ -51.366303, -12.309656 ], [ -51.360525, -12.324438 ], [ -51.355424, -12.328531 ], [ -51.345162, -12.330169 ], [ -51.33769, -12.325247 ], [ -51.332856, -12.331593 ], [ -51.330198, -12.327835 ], [ -51.317142, -12.327545 ], [ -51.313915, -12.333404 ], [ -51.306606, -12.336902 ], [ -51.305138, -12.346429 ], [ -51.287477, -12.351664 ], [ -51.283869, -12.347009 ], [ -51.272503, -12.33873 ], [ -51.264859, -12.344314 ], [ -51.25364, -12.340996 ], [ -51.244024, -12.342724 ], [ -51.240005, -12.353392 ], [ -51.228643, -12.360581 ], [ -51.221525, -12.370397 ], [ -51.216738, -12.366336 ], [ -51.203884, -12.373359 ], [ -51.194307, -12.371914 ], [ -51.18866, -12.381349 ], [ -51.159386, -12.395482 ], [ -51.163278, -12.406088 ], [ -51.158998, -12.404998 ], [ -51.156499, -12.408031 ], [ -51.153193, -12.405016 ], [ -51.143272, -12.419865 ], [ -51.13639, -12.416829 ], [ -51.134978, -12.41912 ], [ -51.140756, -12.427433 ], [ -51.137639, -12.428754 ], [ -51.127434, -12.421256 ], [ -51.125053, -12.425731 ], [ -51.128253, -12.432283 ], [ -51.11752, -12.423242 ], [ -51.116633, -12.429236 ], [ -51.104696, -12.430996 ], [ -51.103081, -12.438818 ], [ -51.101804, -12.433773 ], [ -51.097443, -12.434031 ], [ -51.076273, -12.434332 ], [ -51.077165, -12.418016 ], [ -51.069945, -12.40991 ], [ -51.053772, -12.418088 ], [ -51.045029, -12.409099 ], [ -51.039469, -12.412098 ], [ -51.040833, -12.401119 ], [ -51.03622, -12.406366 ], [ -51.030941, -12.400034 ], [ -51.023054, -12.40154 ], [ -51.022104, -12.405535 ], [ -51.016251, -12.40121 ], [ -51.016637, -12.408266 ], [ -51.010715, -12.39696 ], [ -51.013494, -12.388584 ], [ -51.008778, -12.38613 ], [ -51.006027, -12.391797 ], [ -50.996498, -12.388903 ], [ -50.989853, -12.393131 ], [ -50.992501, -12.402049 ], [ -50.979078, -12.408905 ], [ -50.976727, -12.424698 ], [ -50.988187, -12.445228 ], [ -50.986774, -12.462368 ], [ -50.994636, -12.485976 ], [ -50.987681, -12.494123 ], [ -50.969904, -12.49347 ], [ -50.956778, -12.499966 ], [ -50.958273, -12.508329 ], [ -50.970641, -12.514534 ], [ -50.972918, -12.520449 ], [ -50.96772, -12.524975 ], [ -50.957692, -12.51541 ], [ -50.953054, -12.520295 ], [ -50.955976, -12.536445 ], [ -50.949641, -12.545255 ], [ -50.960135, -12.555181 ], [ -50.960274, -12.566076 ], [ -50.950101, -12.574246 ], [ -50.945134, -12.591634 ], [ -50.930196, -12.611291 ], [ -50.92478, -12.624707 ], [ -50.932889, -12.635726 ], [ -50.934136, -12.64372 ], [ -50.929112, -12.652689 ], [ -50.933524, -12.661787 ], [ -50.922943, -12.676544 ], [ -50.923111, -12.68326 ], [ -50.935948, -12.683132 ], [ -50.945675, -12.691003 ], [ -50.896305, -12.848963 ], [ -50.839442, -12.898498 ], [ -50.842222, -12.890881 ], [ -50.831393, -12.888696 ], [ -50.819468, -12.869632 ], [ -50.80559, -12.860913 ], [ -50.790044, -12.860902 ], [ -50.78004, -12.867699 ], [ -50.779493, -12.858171 ], [ -50.784941, -12.848486 ], [ -50.77245, -12.846297 ], [ -50.776919, -12.814729 ], [ -50.770266, -12.807917 ], [ -50.753326, -12.813076 ], [ -50.748617, -12.803271 ], [ -50.762778, -12.797568 ], [ -50.765004, -12.792398 ], [ -50.738073, -12.799721 ], [ -50.727815, -12.789099 ], [ -50.727003, -12.768138 ], [ -50.740325, -12.768698 ], [ -50.740619, -12.752635 ], [ -50.726464, -12.751807 ], [ -50.725639, -12.747994 ], [ -50.733964, -12.746045 ], [ -50.732589, -12.734883 ], [ -50.717343, -12.719625 ], [ -50.710156, -12.694303 ], [ -50.707964, -12.671165 ], [ -50.692151, -12.670058 ], [ -50.683838, -12.662426 ], [ -50.682067, -12.647423 ], [ -50.655747, -12.645568 ], [ -50.646472, -12.650696 ], [ -50.645892, -12.663368 ], [ -50.65442, -12.67307 ], [ -50.654308, -12.678754 ], [ -50.644665, -12.701814 ], [ -50.632748, -12.70112 ], [ -50.629669, -12.704105 ], [ -50.636753, -12.719356 ], [ -50.622505, -12.734213 ], [ -50.62675, -12.760468 ], [ -50.635537, -12.771435 ], [ -50.629799, -12.775643 ], [ -50.614387, -12.771226 ], [ -50.611309, -12.775471 ], [ -50.624902, -12.799593 ], [ -50.626115, -12.811453 ], [ -50.622275, -12.81931 ], [ -50.61766, -12.821176 ], [ -50.613052, -12.817976 ], [ -50.602856, -12.800036 ], [ -50.584076, -12.799351 ], [ -50.578608, -12.802287 ], [ -50.583241, -12.809317 ], [ -50.600194, -12.818458 ], [ -50.59739, -12.826349 ], [ -50.566498, -12.842997 ], [ -50.531529, -12.843195 ], [ -50.519885, -12.835968 ], [ -50.512637, -12.844215 ], [ -50.510827, -12.860378 ], [ -50.501988, -12.872659 ], [ -50.501414, -12.882268 ], [ -50.513912, -12.900031 ], [ -50.516416, -12.920119 ], [ -50.525662, -12.939479 ], [ -50.525475, -12.975992 ], [ -50.542942, -12.983247 ], [ -50.556366, -13.002033 ], [ -50.564943, -13.003484 ], [ -50.578354, -12.997439 ], [ -50.59255, -13.002429 ], [ -50.587084, -13.02398 ], [ -50.571548, -13.032106 ], [ -50.568719, -13.038701 ], [ -50.576469, -13.050655 ], [ -50.60594, -13.056718 ], [ -50.611247, -13.063929 ], [ -50.603243, -13.078019 ], [ -50.601107, -13.089254 ], [ -50.59394, -13.09473 ], [ -50.589831, -13.109204 ], [ -50.598688, -13.143042 ], [ -50.594441, -13.169294 ], [ -50.601329, -13.180358 ], [ -50.602935, -13.196443 ], [ -50.586075, -13.212026 ], [ -50.584077, -13.214865 ], [ -50.587305, -13.24811 ], [ -50.601934, -13.268893 ], [ -50.604749, -13.273118 ], [ -50.606748, -13.310427 ], [ -50.611691, -13.316188 ], [ -50.623773, -13.334255 ], [ -50.638491, -13.345182 ], [ -50.645905, -13.360744 ], [ -50.665194, -13.375706 ], [ -50.668688, -13.398783 ], [ -50.662848, -13.419327 ], [ -50.665001, -13.44185 ], [ -50.683696, -13.443731 ], [ -50.696502, -13.475504 ], [ -50.714723, -13.491262 ], [ -50.74461, -13.507158 ], [ -50.762994, -13.529582 ], [ -50.768028, -13.596613 ], [ -50.78089, -13.618686 ], [ -50.787454, -13.64797 ], [ -50.801478, -13.684386 ], [ -50.803501, -13.690532 ], [ -50.822504, -13.712791 ], [ -50.834195, -13.710946 ], [ -50.855992, -13.715415 ], [ -50.865436, -13.722707 ], [ -50.871333, -13.732659 ], [ -50.870338, -13.738833 ], [ -50.853354, -13.765342 ], [ -50.856888, -13.79097 ], [ -50.853057, -13.811097 ], [ -50.856275, -13.831114 ], [ -50.841032, -13.859531 ], [ -50.840808, -13.891232 ], [ -50.845219, -13.903087 ], [ -50.840835, -13.926842 ], [ -50.845247, -13.941234 ], [ -50.862273, -13.956493 ], [ -50.865497, -13.974785 ], [ -50.862688, -13.984849 ], [ -50.848775, -14.000333 ], [ -50.851412, -14.028696 ], [ -50.83125, -14.072244 ], [ -50.83319, -14.089412 ], [ -50.84097, -14.104472 ], [ -50.867364, -14.124665 ], [ -50.892302, -14.126963 ], [ -50.904333, -14.112729 ], [ -50.913355, -14.111148 ], [ -50.917026, -14.114383 ], [ -50.918166, -14.125363 ], [ -50.90989, -14.149089 ], [ -50.913978, -14.171816 ], [ -50.926691, -14.184332 ], [ -50.936582, -14.209961 ], [ -50.961768, -14.25042 ], [ -50.974804, -14.29042 ], [ -50.975519, -14.301485 ], [ -50.96883, -14.333489 ], [ -50.98011, -14.35378 ], [ -50.989389, -14.362267 ], [ -50.986896, -14.378542 ], [ -50.986708, -14.385523 ], [ -50.988612, -14.398791 ], [ -50.994467, -14.404769 ], [ -50.99861, -14.418797 ], [ -50.986131, -14.437099 ], [ -50.986587, -14.456674 ], [ -50.975334, -14.466581 ], [ -50.967757, -14.481867 ], [ -50.972467, -14.50017 ], [ -50.962383, -14.526581 ], [ -50.996916, -14.577761 ], [ -50.991131, -14.612357 ], [ -50.994149, -14.619646 ], [ -50.996916, -14.625537 ], [ -51.018554, -14.66107 ], [ -51.026081, -14.665285 ], [ -51.031107, -14.679641 ], [ -51.02605, -14.697198 ], [ -51.026743, -14.706359 ], [ -51.036363, -14.717481 ], [ -51.039273, -14.726111 ], [ -51.048833, -14.734874 ], [ -51.053499, -14.746226 ], [ -51.052081, -14.763992 ], [ -51.041997, -14.784149 ], [ -51.044048, -14.794585 ], [ -51.067912, -14.809867 ], [ -51.088976, -14.839921 ], [ -51.090168, -14.847716 ], [ -51.086415, -14.862192 ], [ -51.091325, -14.881599 ], [ -51.090719, -14.893832 ], [ -51.082505, -14.905406 ], [ -51.081928, -14.910041 ], [ -51.083591, -14.916012 ], [ -51.102353, -14.926077 ], [ -51.126605, -14.936666 ], [ -51.134222, -14.943155 ], [ -51.146442, -14.959078 ], [ -51.1455, -14.977019 ], [ -51.150306, -14.983313 ], [ -51.198196, -15.004448 ], [ -51.242138, -15.03496 ], [ -51.271441, -15.037372 ], [ -51.290028, -15.033892 ], [ -51.298167, -15.021908 ], [ -51.298277, -14.996671 ], [ -51.30146, -14.986093 ], [ -51.322615, -14.971324 ], [ -51.337331, -14.972932 ], [ -51.346943, -14.989745 ], [ -51.446747, -14.990262 ], [ -51.618275, -14.989883 ], [ -51.604943, -14.977116 ], [ -51.599777, -14.966666 ], [ -51.601692, -14.958432 ], [ -51.594805, -14.954945 ], [ -51.591635, -14.941701 ], [ -51.599717, -14.914275 ], [ -51.58839, -14.892554 ], [ -51.590415, -14.884231 ], [ -51.585808, -14.874953 ], [ -51.577021, -14.875989 ], [ -51.57016, -14.87142 ], [ -51.564552, -14.859239 ], [ -51.55786, -14.856848 ], [ -51.549312, -14.840931 ], [ -51.557887, -14.82467 ], [ -51.543191, -14.7925 ], [ -51.542878, -14.783674 ], [ -51.547414, -14.772857 ], [ -51.538408, -14.751863 ], [ -51.536227, -14.71895 ], [ -51.51, -14.699299 ], [ -51.505472, -14.691021 ], [ -51.478071, -14.666865 ], [ -51.469778, -14.649158 ], [ -51.473049, -14.643739 ], [ -51.466857, -14.615607 ], [ -51.439137, -14.592644 ], [ -51.4368, -14.568427 ], [ -51.420887, -14.549224 ], [ -51.421667, -14.54098 ], [ -51.410077, -14.532317 ], [ -51.402831, -14.530838 ], [ -51.390417, -14.516461 ], [ -51.388079, -14.502945 ], [ -51.378804, -14.495632 ], [ -51.378276, -14.490013 ], [ -51.383996, -14.484884 ], [ -51.384992, -14.47329 ], [ -51.388942, -14.46796 ], [ -51.382026, -14.433648 ], [ -51.383747, -14.424595 ], [ -51.391367, -14.413761 ], [ -51.386193, -14.392973 ], [ -51.38561, -14.383175 ], [ -51.38936, -14.380481 ], [ -51.379662, -14.353308 ], [ -51.37644, -14.351386 ], [ -51.376442, -14.338328 ], [ -51.371831, -14.332498 ], [ -51.362829, -14.329175 ], [ -51.358334, -14.318992 ], [ -51.356965, -14.300405 ], [ -51.376945, -14.303974 ], [ -51.384661, -14.316447 ], [ -51.390253, -14.318658 ], [ -51.406857, -14.351304 ], [ -51.439438, -14.358586 ], [ -51.466222, -14.358115 ], [ -51.47444, -14.354185 ], [ -51.472444, -14.359517 ], [ -51.501806, -14.372825 ], [ -51.507835, -14.384394 ], [ -51.531249, -14.382624 ], [ -51.540335, -14.395254 ], [ -51.542309, -14.410015 ], [ -51.556221, -14.419713 ], [ -51.560605, -14.434405 ], [ -51.56319, -14.437341 ], [ -51.572945, -14.434291 ], [ -51.576055, -14.44143 ], [ -51.591305, -14.452569 ], [ -51.606377, -14.477696 ], [ -51.607714, -14.491165 ], [ -51.616104, -14.490387 ], [ -51.621993, -14.497054 ], [ -51.624587, -14.506484 ], [ -51.617722, -14.517595 ], [ -51.619276, -14.521683 ], [ -51.640691, -14.520536 ], [ -51.649496, -14.52403 ], [ -51.651899, -14.529484 ], [ -51.665992, -14.534452 ], [ -51.69062, -14.535513 ], [ -51.698831, -14.496736 ], [ -51.707474, -14.494227 ], [ -51.707474, -14.483443 ], [ -51.71358, -14.476963 ], [ -51.709524, -14.470104 ], [ -51.719551, -14.468135 ], [ -51.724522, -14.459855 ], [ -51.723359, -14.45498 ], [ -51.706801, -14.45336 ], [ -51.717381, -14.437972 ], [ -51.718726, -14.430714 ], [ -51.716384, -14.428561 ], [ -51.711023, -14.43213 ], [ -51.705335, -14.430809 ], [ -51.703056, -14.42394 ], [ -51.704282, -14.410151 ], [ -51.712056, -14.406389 ], [ -51.714779, -14.397671 ], [ -51.706274, -14.379689 ], [ -51.719052, -14.372269 ], [ -51.747834, -14.380316 ], [ -51.74539, -14.399547 ] ] ] } },
{ "type": "Feature", "properties": { "HREG_ID": "51007", "HREG_NAME": "Medio Norte Matogrossense", "id": "510130", "name": "Arenápolis", "description": "Arenápolis", "MUN_ID": "510130", "UF": "MT", "MACRO_ID": "5106", "MACRO_NAME": "Macrorregião Centro-Noroeste" }, "geometry": { "type": "Polygon", "coordinates": [ [ [ -56.929952, -14.958215 ], [ -56.939866, -14.962105 ], [ -56.943474, -14.967449 ], [ -56.956701, -14.965897 ], [ -56.957643, -14.994439 ], [ -56.962307, -14.997663 ], [ -56.972925, -14.996271 ], [ -56.973759, -14.99942 ], [ -56.97815, -14.996032 ], [ -56.985253, -14.997464 ], [ -56.983315, -15.003711 ], [ -56.986309, -15.015234 ], [ -56.982759, -15.016817 ], [ -56.976201, -15.012531 ], [ -56.975204, -15.017736 ], [ -56.959949, -15.024291 ], [ -56.957254, -15.029895 ], [ -56.946975, -15.023493 ], [ -56.935536, -15.023649 ], [ -56.922705, -15.009233 ], [ -56.915086, -15.015352 ], [ -56.905592, -15.012542 ], [ -56.905815, -15.015997 ], [ -56.88709, -15.011502 ], [ -56.887865, -15.004687 ], [ -56.890794, -15.00517 ], [ -56.877928, -14.99821 ], [ -56.87531, -15.003888 ], [ -56.872729, -15.001444 ], [ -56.870449, -15.006863 ], [ -56.863175, -15.008717 ], [ -56.857141, -15.015192 ], [ -56.85939, -15.023446 ], [ -56.854813, -15.028232 ], [ -56.855311, -15.04194 ], [ -56.834288, -15.069649 ], [ -56.836008, -15.075271 ], [ -56.827642, -15.081435 ], [ -56.827841, -15.090494 ], [ -56.819287, -15.089011 ], [ -56.804787, -15.106834 ], [ -56.813533, -15.111654 ], [ -56.812644, -15.124189 ], [ -56.821366, -15.1392 ], [ -56.817199, -15.145024 ], [ -56.812703, -15.159554 ], [ -56.832726, -15.176082 ], [ -56.832727, -15.179752 ], [ -56.826234, -15.182055 ], [ -56.828118, -15.186049 ], [ -56.848009, -15.203856 ], [ -56.89773, -15.265359 ], [ -56.982172, -15.379811 ], [ -56.978285, -15.388934 ], [ -56.984943, -15.397404 ], [ -56.983985, -15.403015 ], [ -56.989927, -15.407674 ], [ -56.977585, -15.418916 ], [ -56.98526, -15.419507 ], [ -56.982782, -15.423477 ], [ -56.985169, -15.43201 ], [ -56.978588, -15.43831 ], [ -56.971201, -15.437165 ], [ -56.956342, -15.453818 ], [ -56.968205, -15.465585 ], [ -56.982978, -15.462517 ], [ -56.982448, -15.457982 ], [ -56.986478, -15.455754 ], [ -56.987255, -15.465086 ], [ -57.010311, -15.476671 ], [ -57.01089, -15.482044 ], [ -57.017585, -15.478297 ], [ -57.014145, -15.485248 ], [ -57.02409, -15.482721 ], [ -57.017809, -15.491192 ], [ -57.026371, -15.504409 ], [ -57.033565, -15.50292 ], [ -57.029393, -15.508391 ], [ -57.030726, -15.512826 ], [ -57.037734, -15.511892 ], [ -57.037392, -15.517971 ], [ -57.048816, -15.517551 ], [ -57.040701, -15.526751 ], [ -57.048753, -15.527257 ], [ -57.054866, -15.532307 ], [ -57.065146, -15.529527 ], [ -57.061066, -15.536536 ], [ -57.070811, -15.536942 ], [ -57.07037, -15.539936 ], [ -57.06168, -15.542069 ], [ -57.057225, -15.550525 ], [ -57.064481, -15.558287 ], [ -57.059449, -15.566119 ], [ -57.064148, -15.569178 ], [ -57.068391, -15.566288 ], [ -57.067338, -15.570522 ], [ -57.079032, -15.569287 ], [ -57.080921, -15.572907 ], [ -57.077116, -15.57556 ], [ -57.086095, -15.574784 ], [ -57.084611, -15.581501 ], [ -57.094196, -15.587623 ], [ -57.091893, -15.592631 ], [ -57.101033, -15.602013 ], [ -57.097341, -15.609658 ], [ -57.106424, -15.612056 ], [ -57.108061, -15.619299 ], [ -57.111422, -15.619377 ], [ -57.110619, -15.624917 ], [ -57.11559, -15.626251 ], [ -57.112701, -15.629982 ], [ -57.120587, -15.631488 ], [ -57.116199, -15.636316 ], [ -57.122398, -15.636553 ], [ -57.121313, -15.643093 ], [ -57.112259, -15.649403 ], [ -57.115117, -15.658913 ], [ -57.122839, -15.668028 ], [ -57.121367, -15.672492 ], [ -57.132006, -15.665984 ], [ -57.13528, -15.667238 ], [ -57.140591, -15.676648 ], [ -57.136113, -15.693094 ], [ -57.157145, -15.720466 ], [ -57.156063, -15.723919 ], [ -57.162204, -15.733326 ], [ -57.175402, -15.747855 ], [ -57.176119, -15.758007 ], [ -57.181316, -15.766876 ], [ -57.16523, -15.786921 ], [ -57.176215, -15.801558 ], [ -57.203954, -15.81945 ], [ -57.215118, -15.839485 ], [ -57.215643, -15.850135 ], [ -57.216178, -15.863792 ], [ -57.218593, -15.864296 ], [ -57.229809, -15.854266 ], [ -57.228116, -15.816547 ], [ -57.234177, -15.814996 ], [ -57.22184, -15.798817 ], [ -57.220562, -15.791046 ], [ -57.238337, -15.791922 ], [ -57.242313, -15.797151 ], [ -57.252049, -15.793883 ], [ -57.254895, -15.794731 ], [ -57.255814, -15.807815 ], [ -57.28501, -15.858522 ], [ -57.2783, -15.833036 ], [ -57.312537, -15.808501 ], [ -57.316443, -15.799317 ], [ -57.313761, -15.788015 ], [ -57.307201, -15.781926 ], [ -57.308906, -15.775314 ], [ -57.316483, -15.771252 ], [ -57.319865, -15.764126 ], [ -57.320596, -15.751275 ], [ -57.325867, -15.75093 ], [ -57.326873, -15.744447 ], [ -57.333867, -15.736136 ], [ -57.336979, -15.738235 ], [ -57.348895, -15.724462 ], [ -57.367231, -15.718836 ], [ -57.368339, -15.715121 ], [ -57.375002, -15.713095 ], [ -57.387814, -15.721378 ], [ -57.406114, -15.719382 ], [ -57.420093, -15.738952 ], [ -57.436477, -15.747115 ], [ -57.446037, -15.746765 ], [ -57.448842, -15.753723 ], [ -57.452972, -15.753364 ], [ -57.467981, -15.74871 ], [ -57.474344, -15.754536 ], [ -57.474615, -15.749182 ], [ -57.479868, -15.750729 ], [ -57.480554, -15.754771 ], [ -57.489034, -15.749701 ], [ -57.489533, -15.744522 ], [ -57.500451, -15.743153 ], [ -57.498757, -15.750123 ], [ -57.504338, -15.74813 ], [ -57.507511, -15.750541 ], [ -57.519456, -15.744747 ], [ -57.518895, -15.730075 ], [ -57.513671, -15.723625 ], [ -57.505067, -15.72195 ], [ -57.516373, -15.719062 ], [ -57.509204, -15.709648 ], [ -57.51942, -15.705021 ], [ -57.509371, -15.700931 ], [ -57.508683, -15.692757 ], [ -57.500781, -15.695609 ], [ -57.504924, -15.691548 ], [ -57.500777, -15.683905 ], [ -57.491839, -15.688776 ], [ -57.488761, -15.685506 ], [ -57.492785, -15.684106 ], [ -57.491071, -15.674753 ], [ -57.496096, -15.672503 ], [ -57.489284, -15.670862 ], [ -57.484479, -15.657024 ], [ -57.494844, -15.656138 ], [ -57.498006, -15.652712 ], [ -57.497985, -15.638776 ], [ -57.491643, -15.63452 ], [ -57.496454, -15.628402 ], [ -57.494793, -15.621158 ], [ -57.491531, -15.62127 ], [ -57.495697, -15.616161 ], [ -57.491561, -15.611472 ], [ -57.490622, -15.59787 ], [ -57.484039, -15.584132 ], [ -57.484978, -15.570148 ], [ -57.494482, -15.554298 ], [ -57.507642, -15.50994 ], [ -57.506957, -15.495243 ], [ -57.512376, -15.480087 ], [ -57.524311, -15.454491 ], [ -57.552619, -15.430897 ], [ -57.572032, -15.403752 ], [ -57.576677, -15.382908 ], [ -57.603393, -15.325853 ], [ -57.598068, -15.30167 ], [ -57.5992, -15.293016 ], [ -57.626448, -15.17157 ], [ -57.637206, -15.160625 ], [ -57.638341, -15.154655 ], [ -57.643065, -15.159837 ], [ -57.667587, -15.147476 ], [ -57.676336, -15.145458 ], [ -57.679342, -15.149984 ], [ -57.684586, -15.144701 ], [ -57.676784, -15.133795 ], [ -57.667094, -15.129153 ], [ -57.669812, -15.122261 ], [ -57.666531, -15.11645 ], [ -57.676478, -15.105237 ], [ -57.677503, -15.097164 ], [ -57.688593, -15.079961 ], [ -57.69309, -15.064459 ], [ -57.691732, -15.054845 ], [ -57.698226, -15.041153 ], [ -57.697565, -15.028931 ], [ -57.712894, -15.023883 ], [ -57.721506, -15.009848 ], [ -57.728956, -15.003421 ], [ -57.735297, -15.003441 ], [ -57.865846, -15.003817 ], [ -57.966668, -15.004055 ], [ -58.015498, -15.004154 ], [ -58.017844, -14.991633 ], [ -58.031434, -14.979517 ], [ -58.036718, -14.969189 ], [ -58.048287, -14.969541 ], [ -58.057866, -14.959194 ], [ -58.052624, -14.934909 ], [ -58.059775, -14.924371 ], [ -58.070903, -14.919874 ], [ -58.075441, -14.913589 ], [ -58.081676, -14.914233 ], [ -58.127235, -14.890476 ], [ -58.235131, -14.91256 ], [ -58.237905, -14.890296 ], [ -58.245178, -14.872019 ], [ -58.239077, -14.858578 ], [ -58.23624, -14.835527 ], [ -58.221093, -14.822981 ], [ -58.213912, -14.800332 ], [ -58.219262, -14.783851 ], [ -58.228617, -14.774964 ], [ -58.227936, -14.768703 ], [ -58.238568, -14.770726 ], [ -58.240258, -14.767917 ], [ -58.253482, -14.771985 ], [ -58.272306, -14.788787 ], [ -58.297364, -14.803412 ], [ -58.326067, -14.80115 ], [ -58.340087, -14.795596 ], [ -58.343318, -14.784266 ], [ -58.355292, -14.785474 ], [ -58.36976, -14.777302 ], [ -58.374749, -14.765315 ], [ -58.370953, -14.759636 ], [ -58.372377, -14.75198 ], [ -58.38284, -14.745946 ], [ -58.400547, -14.742576 ], [ -58.403608, -14.738937 ], [ -58.402297, -14.730713 ], [ -58.395558, -14.723286 ], [ -58.401041, -14.718958 ], [ -58.392389, -14.709986 ], [ -58.479275, -14.683623 ], [ -58.491176, -14.685822 ], [ -58.492669, -14.691732 ], [ -58.50327, -14.699496 ], [ -58.500949, -14.705566 ], [ -58.507586, -14.713989 ], [ -58.514726, -14.734774 ], [ -58.519205, -14.734549 ], [ -58.519405, -14.743164 ], [ -58.52191, -14.741446 ], [ -58.530561, -14.748092 ], [ -58.539331, -14.745186 ], [ -58.549473, -14.750601 ], [ -58.548038, -14.755161 ], [ -58.551497, -14.757215 ], [ -58.553276, -14.76838 ], [ -58.548354, -14.773715 ], [ -58.555138, -14.778145 ], [ -58.56091, -14.775276 ], [ -58.562608, -14.779451 ], [ -58.568002, -14.775589 ], [ -58.571417, -14.784376 ], [ -58.569829, -14.789055 ], [ -58.57338, -14.78873 ], [ -58.57598, -14.793606 ], [ -58.581462, -14.793192 ], [ -58.583251, -14.797156 ], [ -58.591153, -14.798141 ], [ -58.589051, -14.800113 ], [ -58.593327, -14.805555 ], [ -58.595254, -14.803338 ], [ -58.59632, -14.807638 ], [ -58.598472, -14.806086 ], [ -58.601861, -14.817373 ], [ -58.607913, -14.818746 ], [ -58.609847, -14.827438 ], [ -58.612852, -14.82445 ], [ -58.616317, -14.825873 ], [ -58.617918, -14.828202 ], [ -58.624657, -14.836327 ], [ -58.62161, -14.83823 ], [ -58.622557, -14.849025 ], [ -58.619884, -14.852996 ], [ -58.627189, -14.853405 ], [ -58.624577, -14.86587 ], [ -58.628218, -14.864397 ], [ -58.632717, -14.869369 ], [ -58.636905, -14.868482 ], [ -58.636125, -14.872703 ], [ -58.631247, -14.871617 ], [ -58.632489, -14.8749 ], [ -58.642114, -14.877928 ], [ -58.64261, -14.889712 ], [ -58.651288, -14.892679 ], [ -58.649575, -14.898685 ], [ -58.64294, -14.897545 ], [ -58.644056, -14.902214 ], [ -58.652036, -14.902291 ], [ -58.644651, -14.909123 ], [ -58.643095, -14.918422 ], [ -58.646731, -14.915891 ], [ -58.649188, -14.919035 ], [ -58.645422, -14.921762 ], [ -58.651983, -14.930736 ], [ -58.665412, -14.935315 ], [ -58.66439, -14.943291 ], [ -58.669401, -14.943911 ], [ -58.666712, -14.945709 ], [ -58.668114, -14.952153 ], [ -58.672708, -14.951527 ], [ -58.676969, -14.960188 ], [ -58.673856, -14.959947 ], [ -58.675105, -14.964085 ], [ -58.679551, -14.961815 ], [ -58.681744, -14.965355 ], [ -58.684415, -14.961055 ], [ -58.683774, -14.965406 ], [ -58.687024, -14.965712 ], [ -58.684062, -14.967576 ], [ -58.690327, -14.972865 ], [ -58.693007, -14.969686 ], [ -58.69726, -14.976963 ], [ -58.701164, -14.974428 ], [ -58.71146, -14.97613 ], [ -58.712043, -14.981394 ], [ -58.715554, -14.980446 ], [ -58.717803, -14.991295 ], [ -58.720495, -14.9891 ], [ -58.722083, -15.004485 ], [ -58.858004, -15.004373 ], [ -58.852003, -14.985401 ], [ -58.854148, -14.974885 ], [ -58.829485, -14.926158 ], [ -58.831842, -14.911916 ], [ -58.844811, -14.90458 ], [ -58.845034, -14.899493 ], [ -58.827286, -14.881072 ], [ -58.817756, -14.861819 ], [ -58.802063, -14.860687 ], [ -58.780785, -14.850764 ], [ -58.792261, -14.822893 ], [ -58.784341, -14.799467 ], [ -58.793205, -14.792011 ], [ -58.800619, -14.77673 ], [ -58.79584, -14.768233 ], [ -58.782347, -14.766294 ], [ -58.773704, -14.760671 ], [ -58.767902, -14.751895 ], [ -58.76676, -14.736165 ], [ -58.760897, -14.724214 ], [ -58.762981, -14.702516 ], [ -58.768033, -14.699925 ], [ -58.773622, -14.674636 ], [ -58.772209, -14.665986 ], [ -58.759927, -14.652883 ], [ -58.765063, -14.642208 ], [ -58.760036, -14.631173 ], [ -58.769284, -14.600822 ], [ -58.773371, -14.602041 ], [ -58.8737, -14.598316 ], [ -58.95038, -14.586936 ], [ -58.967651, -14.587134 ], [ -59.018258, -14.620548 ], [ -59.057372, -14.654547 ], [ -59.084257, -14.664349 ], [ -59.094231, -14.665617 ], [ -59.106494, -14.659205 ], [ -59.107037, -14.654837 ], [ -59.102488, -14.652341 ], [ -59.098997, -14.654852 ], [ -59.093732, -14.651713 ], [ -59.07895, -14.652935 ], [ -59.075761, -14.656362 ], [ -59.059094, -14.642655 ], [ -59.047342, -14.642819 ], [ -59.036537, -14.630172 ], [ -59.036203, -14.607093 ], [ -59.046374, -14.599278 ], [ -59.050125, -14.589508 ], [ -59.045898, -14.582103 ], [ -59.047647, -14.57612 ], [ -59.04451, -14.562279 ], [ -59.048286, -14.532509 ], [ -59.058701, -14.526069 ], [ -59.059865, -14.520991 ], [ -59.072429, -14.523748 ], [ -59.075149, -14.520959 ], [ -59.074013, -14.515491 ], [ -59.06753, -14.510073 ], [ -59.07067, -14.503734 ], [ -59.067756, -14.498921 ], [ -59.070906, -14.498295 ], [ -59.072595, -14.492427 ], [ -59.067207, -14.490145 ], [ -59.070031, -14.479275 ], [ -59.06326, -14.47363 ], [ -59.068202, -14.466939 ], [ -59.066285, -14.456153 ], [ -59.06956, -14.453714 ], [ -59.069701, -14.44184 ], [ -59.063404, -14.43819 ], [ -59.058318, -14.42703 ], [ -59.06568, -14.419983 ], [ -59.0619, -14.410731 ], [ -59.066284, -14.406935 ], [ -59.062095, -14.381274 ], [ -59.053873, -14.372269 ], [ -59.051873, -14.360566 ], [ -59.056182, -14.350442 ], [ -59.053816, -14.335563 ], [ -59.060258, -14.32643 ], [ -59.05515, -14.324691 ], [ -59.058782, -14.320173 ], [ -59.055592, -14.310189 ], [ -59.063978, -14.301428 ], [ -59.069427, -14.288035 ], [ -59.088985, -14.275503 ], [ -59.091783, -14.273525 ], [ -59.09162, -14.263369 ], [ -59.083565, -14.258811 ], [ -59.088122, -14.254571 ], [ -59.09267, -14.256122 ], [ -59.098371, -14.247894 ], [ -59.09451, -14.241898 ], [ -59.102727, -14.229789 ], [ -59.098644, -14.224155 ], [ -59.099783, -14.219169 ], [ -59.093592, -14.212165 ], [ -59.095091, -14.205018 ], [ -59.091063, -14.192223 ], [ -59.082257, -14.184303 ], [ -59.081064, -14.17904 ], [ -59.069481, -14.173206 ], [ -59.066173, -14.164763 ], [ -59.069456, -14.157884 ], [ -59.067786, -14.152263 ], [ -59.070036, -14.14855 ], [ -59.073754, -14.149931 ], [ -59.077425, -14.138432 ], [ -59.068614, -14.12915 ], [ -59.065727, -14.130498 ], [ -59.067364, -14.119989 ], [ -59.059923, -14.119424 ], [ -59.065276, -14.108371 ], [ -59.063425, -14.104388 ], [ -59.058318, -14.1051 ], [ -59.055262, -14.10182 ], [ -59.062897, -14.093969 ], [ -59.053372, -14.089944 ], [ -59.058873, -14.084521 ], [ -59.049151, -14.078322 ], [ -59.04443, -14.06915 ], [ -59.047423, -14.066711 ], [ -59.045956, -14.061094 ], [ -59.049229, -14.053305 ], [ -59.043115, -14.052738 ], [ -59.045035, -14.057915 ], [ -59.042504, -14.059895 ], [ -59.036959, -14.056884 ], [ -59.039122, -14.051363 ], [ -59.044311, -14.04985 ], [ -59.039708, -14.048017 ], [ -59.041204, -14.044121 ], [ -59.035814, -14.03939 ], [ -59.037152, -14.031964 ], [ -59.044115, -14.029001 ], [ -59.037282, -14.02362 ], [ -59.035257, -14.016907 ], [ -59.038181, -14.010485 ], [ -59.035207, -14.007846 ], [ -59.041812, -14.003792 ], [ -59.041511, -13.998011 ], [ -59.044014, -13.986331 ], [ -59.038401, -13.982009 ], [ -59.03773, -13.976221 ], [ -59.036257, -13.974505 ], [ -59.030505, -13.980334 ], [ -59.023146, -13.974838 ], [ -59.027092, -13.966929 ], [ -59.030256, -13.967645 ], [ -59.030616, -13.960135 ], [ -59.025838, -13.956423 ], [ -59.020925, -13.960344 ], [ -59.015783, -13.951945 ], [ -59.020226, -13.949478 ], [ -59.016199, -13.934064 ], [ -59.020031, -13.930716 ], [ -59.024035, -13.933419 ], [ -59.027289, -13.931135 ], [ -59.016197, -13.925481 ], [ -59.019176, -13.903068 ], [ -59.009868, -13.899313 ], [ -59.008978, -13.889441 ], [ -59.001897, -13.880678 ], [ -59.003899, -13.87605 ], [ -58.999648, -13.872002 ], [ -59.000729, -13.866902 ], [ -58.993643, -13.861269 ], [ -58.995482, -13.858694 ], [ -58.980173, -13.852807 ], [ -58.982372, -13.848159 ], [ -58.978311, -13.844419 ], [ -58.978734, -13.833374 ], [ -58.984173, -13.831996 ], [ -58.983647, -13.824737 ], [ -58.987758, -13.820959 ], [ -58.989896, -13.79937 ], [ -58.99401, -13.798401 ], [ -58.999569, -13.783622 ], [ -58.995896, -13.776176 ], [ -59.002071, -13.766385 ], [ -59.008759, -13.765656 ], [ -59.002259, -13.750427 ], [ -59.006614, -13.749689 ], [ -59.008538, -13.743057 ], [ -59.004702, -13.73837 ], [ -59.007148, -13.723854 ], [ -59.015088, -13.721998 ], [ -59.01665, -13.71284 ], [ -59.011143, -13.70733 ], [ -59.002706, -13.708097 ], [ -59.012866, -13.698813 ], [ -59.009397, -13.689587 ], [ -59.001868, -13.688981 ], [ -59.000205, -13.692087 ], [ -58.998255, -13.687369 ], [ -59.009862, -13.677533 ], [ -59.008644, -13.67372 ], [ -59.015675, -13.670424 ], [ -59.014705, -13.65955 ], [ -59.020507, -13.651093 ], [ -59.018146, -13.645673 ], [ -59.008506, -13.645353 ], [ -59.007199, -13.640011 ], [ -59.010723, -13.641806 ], [ -59.012815, -13.632279 ], [ -59.005122, -13.630413 ], [ -59.002872, -13.625802 ], [ -59.006372, -13.624335 ], [ -59.018041, -13.602255 ], [ -59.029981, -13.599114 ], [ -59.035029, -13.592292 ], [ -59.029372, -13.587336 ], [ -59.033695, -13.567286 ], [ -59.024593, -13.559715 ], [ -59.034922, -13.551329 ], [ -59.031481, -13.543281 ], [ -59.023674, -13.541138 ], [ -59.027428, -13.532786 ], [ -59.022673, -13.525558 ], [ -59.025503, -13.517382 ], [ -59.017807, -13.516061 ], [ -59.01445, -13.511902 ], [ -59.01665, -13.505372 ], [ -59.021843, -13.50625 ], [ -59.029398, -13.501325 ], [ -59.029447, -13.495785 ], [ -59.022727, -13.488895 ], [ -59.019313, -13.488798 ], [ -59.015868, -13.494398 ], [ -59.013787, -13.490559 ], [ -59.018674, -13.483813 ], [ -59.013418, -13.474115 ], [ -59.016787, -13.461005 ], [ -59.013641, -13.457735 ], [ -59.005494, -13.459517 ], [ -59.001068, -13.453993 ], [ -58.99792, -13.439119 ], [ -59.005173, -13.40259 ], [ -59.008894, -13.398699 ], [ -59.005566, -13.392718 ], [ -59.008005, -13.387383 ], [ -59.011316, -13.38911 ], [ -59.016115, -13.386231 ], [ -59.013319, -13.369387 ], [ -59.018203, -13.368129 ], [ -59.024592, -13.360153 ], [ -59.021954, -13.353931 ], [ -59.01854, -13.354375 ], [ -59.021503, -13.344687 ], [ -59.030645, -13.344712 ], [ -59.016284, -13.329736 ], [ -59.027641, -13.325873 ], [ -59.035561, -13.311142 ], [ -59.028179, -13.302794 ], [ -59.029309, -13.288672 ], [ -59.023222, -13.284046 ], [ -59.024286, -13.268026 ], [ -59.016086, -13.261575 ], [ -59.012504, -13.25116 ], [ -59.016231, -13.243024 ], [ -59.01973, -13.243937 ], [ -59.021648, -13.250099 ], [ -59.037005, -13.243439 ], [ -59.031392, -13.235278 ], [ -59.032698, -13.229307 ], [ -59.027529, -13.22829 ], [ -59.027007, -13.214984 ], [ -59.019252, -13.207094 ], [ -59.009559, -13.211048 ], [ -59.005758, -13.216837 ], [ -58.993395, -13.21739 ], [ -58.982806, -13.197688 ], [ -58.989341, -13.183716 ], [ -59.004171, -13.181977 ], [ -58.992844, -13.159549 ], [ -58.984868, -13.158394 ], [ -58.97414, -13.150681 ], [ -58.964175, -13.129958 ], [ -58.958727, -13.125513 ], [ -58.965281, -13.106099 ], [ -58.959893, -13.099653 ], [ -58.962667, -13.082464 ], [ -58.965035, -13.079078 ], [ -58.975309, -13.079555 ], [ -58.980254, -13.065423 ], [ -58.972789, -13.065182 ], [ -58.96595, -13.060383 ], [ -58.970307, -13.055966 ], [ -58.976335, -13.055878 ], [ -58.967283, -13.045405 ], [ -58.964151, -13.033933 ], [ -58.966059, -13.020571 ], [ -58.96184, -13.021725 ], [ -58.959565, -13.018129 ], [ -58.95362, -12.994196 ], [ -58.932809, -12.976743 ], [ -58.9262, -12.965632 ], [ -58.928176, -12.946125 ], [ -58.925339, -12.932621 ], [ -58.919952, -12.919721 ], [ -58.911147, -12.911957 ], [ -58.913782, -12.908844 ], [ -58.911095, -12.898525 ], [ -58.915122, -12.896151 ], [ -58.91448, -12.886344 ], [ -58.920835, -12.875386 ], [ -58.923593, -12.86137 ], [ -58.923674, -12.836801 ], [ -58.932199, -12.822722 ], [ -58.92526, -12.807956 ], [ -58.933279, -12.787952 ], [ -58.933365, -12.777715 ], [ -58.94442, -12.757343 ], [ -58.946143, -12.724187 ], [ -58.94948, -12.721098 ], [ -58.944786, -12.693203 ], [ -58.927791, -12.667063 ], [ -58.924453, -12.654146 ], [ -58.929511, -12.640656 ], [ -58.935731, -12.63379 ], [ -58.922061, -12.618599 ], [ -58.925983, -12.566605 ], [ -58.916392, -12.555412 ], [ -58.905479, -12.534157 ], [ -58.909036, -12.509246 ], [ -58.907318, -12.496927 ], [ -58.897418, -12.487957 ], [ -58.891731, -12.477097 ], [ -58.869199, -12.464815 ], [ -58.858897, -12.454043 ], [ -58.85217, -12.432225 ], [ -58.855678, -12.40867 ], [ -58.850925, -12.39006 ], [ -58.853087, -12.3731 ], [ -58.847948, -12.359754 ], [ -58.843173, -12.327527 ], [ -58.865505, -12.279748 ], [ -58.866416, -12.264765 ], [ -58.872782, -12.254488 ], [ -58.866632, -12.207224 ], [ -58.862812, -12.203451 ], [ -58.838812, -12.201358 ], [ -58.82303, -12.181079 ], [ -58.797449, -12.17097 ], [ -58.793252, -12.164474 ], [ -58.78842, -12.1641 ], [ -58.784609, -12.153064 ], [ -58.754117, -12.13733 ], [ -58.75081, -12.132682 ], [ -58.733889, -12.13398 ], [ -58.726394, -12.129883 ], [ -58.719254, -12.12102 ], [ -58.706114, -12.113093 ], [ -58.696704, -12.096207 ], [ -58.694756, -12.085212 ], [ -58.692697, -12.084011 ], [ -58.68873, -12.092533 ], [ -58.681367, -12.089725 ], [ -58.660003, -12.051141 ], [ -58.63695, -12.049739 ], [ -58.623226, -12.044982 ], [ -58.6102, -12.047526 ], [ -58.602255, -12.042506 ], [ -58.5977, -12.033484 ], [ -58.586332, -12.034269 ], [ -58.58306, -12.014596 ], [ -58.573588, -12.007471 ], [ -58.568227, -12.008449 ], [ -58.566226, -12.013143 ], [ -58.557866, -12.014484 ], [ -58.547725, -12.006196 ], [ -58.554116, -11.987026 ], [ -58.546535, -11.985628 ], [ -58.540948, -11.995317 ], [ -58.535862, -11.997547 ], [ -58.528559, -11.992066 ], [ -58.507482, -11.945977 ], [ -58.497198, -11.939826 ], [ -58.470444, -11.932216 ], [ -58.463281, -11.928148 ], [ -58.457282, -11.918847 ], [ -58.444365, -11.919562 ], [ -58.4412, -11.922807 ], [ -58.450862, -11.940421 ], [ -58.453001, -11.952453 ], [ -58.458758, -11.955164 ], [ -58.45628, -11.992852 ], [ -58.467228, -12.004468 ], [ -58.475728, -12.02029 ], [ -58.488036, -12.028124 ], [ -58.484896, -12.037019 ], [ -58.476198, -12.041688 ], [ -58.487865, -12.05812 ], [ -58.489164, -12.094996 ], [ -58.484671, -12.109501 ], [ -58.490367, -12.127621 ], [ -58.474392, -12.145494 ], [ -58.474371, -12.16822 ], [ -58.485783, -12.179017 ], [ -58.491554, -12.201458 ], [ -58.499002, -12.208196 ], [ -58.500003, -12.221673 ], [ -58.513115, -12.244943 ], [ -58.522926, -12.249122 ], [ -58.526449, -12.254695 ], [ -58.523947, -12.273956 ], [ -58.509641, -12.280329 ], [ -58.506064, -12.297505 ], [ -58.498084, -12.302505 ], [ -58.484195, -12.300587 ], [ -58.488672, -12.308491 ], [ -58.482222, -12.311058 ], [ -58.483903, -12.317734 ], [ -58.492101, -12.328398 ], [ -58.493535, -12.334346 ], [ -58.488089, -12.345535 ], [ -58.49073, -12.353692 ], [ -58.472278, -12.358403 ], [ -58.463645, -12.39825 ], [ -58.45506, -12.417643 ], [ -58.440166, -12.432096 ], [ -58.440701, -12.438679 ], [ -58.455951, -12.461713 ], [ -58.455087, -12.468759 ], [ -58.442981, -12.483871 ], [ -58.441254, -12.496385 ], [ -58.437142, -12.501878 ], [ -58.426948, -12.50038 ], [ -58.421674, -12.506107 ], [ -58.423137, -12.513821 ], [ -58.433199, -12.524176 ], [ -58.446587, -12.547223 ], [ -58.431836, -12.575766 ], [ -58.430331, -12.58476 ], [ -58.432944, -12.595094 ], [ -58.429169, -12.603622 ], [ -58.413342, -12.622067 ], [ -58.415311, -12.628986 ], [ -58.410204, -12.650076 ], [ -58.411588, -12.660475 ], [ -58.398449, -12.672701 ], [ -58.407006, -12.69644 ], [ -58.402482, -12.711202 ], [ -58.401809, -12.734637 ], [ -58.394223, -12.751359 ], [ -58.398473, -12.772425 ], [ -58.391253, -12.782432 ], [ -58.397426, -12.793628 ], [ -58.394907, -12.798346 ], [ -58.389254, -12.803176 ], [ -58.382951, -12.821166 ], [ -58.361561, -12.821276 ], [ -58.35498, -12.826903 ], [ -58.35184, -12.833873 ], [ -58.352482, -12.848791 ], [ -58.343727, -12.871179 ], [ -58.336033, -12.881676 ], [ -58.325725, -12.885858 ], [ -58.3117, -12.905626 ], [ -58.294589, -12.911849 ], [ -58.294591, -12.928363 ], [ -58.28434, -12.928904 ], [ -58.274421, -12.934099 ], [ -58.250897, -12.960757 ], [ -58.22559, -12.972801 ], [ -58.205925, -12.97651 ], [ -58.200065, -13.003988 ], [ -58.19262, -13.011449 ], [ -58.194196, -13.020806 ], [ -58.186472, -13.025816 ], [ -58.187528, -13.042534 ], [ -58.171979, -13.049388 ], [ -58.174675, -13.056793 ], [ -58.181591, -13.06166 ], [ -58.178038, -13.078985 ], [ -58.181006, -13.097641 ], [ -58.176284, -13.139001 ], [ -58.179118, -13.157045 ], [ -58.182726, -13.161936 ], [ -58.179422, -13.185312 ], [ -58.175864, -13.186503 ], [ -58.170841, -13.18132 ], [ -58.16145, -13.186387 ], [ -58.156145, -13.19394 ], [ -58.155005, -13.211781 ], [ -58.148812, -13.218677 ], [ -58.148222, -13.224729 ], [ -58.144977, -13.226972 ], [ -58.143725, -13.224596 ], [ -58.132309, -13.237402 ], [ -58.125711, -13.236947 ], [ -58.120957, -13.234457 ], [ -58.111476, -13.241012 ], [ -58.090119, -13.23525 ], [ -58.075643, -13.23604 ], [ -58.061899, -13.244015 ], [ -57.921886, -13.208784 ], [ -57.748256, -13.269356 ], [ -57.721234, -13.212643 ], [ -57.702168, -13.19701 ], [ -57.696169, -13.184931 ], [ -57.674203, -13.174349 ], [ -57.670647, -13.162355 ], [ -57.656585, -13.164068 ], [ -57.654029, -13.158404 ], [ -57.646807, -13.15783 ], [ -57.643782, -13.161581 ], [ -57.639836, -13.158064 ], [ -57.624007, -13.162772 ], [ -57.588815, -13.173236 ], [ -57.555308, -13.152764 ], [ -57.526177, -13.155684 ], [ -57.517657, -13.151911 ], [ -57.495898, -13.150394 ], [ -57.487529, -13.154126 ], [ -57.484085, -13.16245 ], [ -57.487946, -13.168705 ], [ -57.485172, -13.176646 ], [ -57.496226, -13.177491 ], [ -57.497032, -13.183435 ], [ -57.503175, -13.187234 ], [ -57.50767, -13.19578 ], [ -57.505755, -13.205138 ], [ -57.514392, -13.208465 ], [ -57.512863, -13.213279 ], [ -57.51917, -13.216062 ], [ -57.519309, -13.223216 ], [ -57.523808, -13.229308 ], [ -57.530782, -13.234951 ], [ -57.538478, -13.235648 ], [ -57.532564, -13.2421 ], [ -57.537113, -13.240829 ], [ -57.543171, -13.248082 ], [ -57.555173, -13.273154 ], [ -57.566447, -13.281778 ], [ -57.575753, -13.283181 ], [ -57.58089, -13.296273 ], [ -57.590507, -13.302401 ], [ -57.597366, -13.320829 ], [ -57.608947, -13.328045 ], [ -57.617558, -13.339617 ], [ -57.61304, -13.354037 ], [ -57.620451, -13.361521 ], [ -57.618227, -13.370792 ], [ -57.622308, -13.372656 ], [ -57.625789, -13.391563 ], [ -57.622255, -13.395603 ], [ -57.630867, -13.409563 ], [ -57.625204, -13.412459 ], [ -57.625339, -13.419065 ], [ -57.617394, -13.418183 ], [ -57.609256, -13.416796 ], [ -57.597861, -13.427368 ], [ -57.594061, -13.435635 ], [ -57.566095, -13.454142 ], [ -57.556029, -13.489982 ], [ -57.55786, -13.50074 ], [ -57.554696, -13.513461 ], [ -57.544004, -13.521328 ], [ -57.541753, -13.527162 ], [ -57.541558, -13.546251 ], [ -57.537644, -13.560328 ], [ -57.542365, -13.581639 ], [ -57.456967, -13.579923 ], [ -57.445533, -13.577732 ], [ -57.439175, -13.571972 ], [ -57.433595, -13.573916 ], [ -57.416977, -13.565381 ], [ -57.404004, -13.567183 ], [ -57.37028, -13.553787 ], [ -57.356835, -13.551539 ], [ -57.344228, -13.55464 ], [ -57.351089, -13.569377 ], [ -57.365359, -13.58616 ], [ -57.369169, -13.594144 ], [ -57.391944, -13.6049 ], [ -57.395644, -13.623827 ], [ -57.401391, -13.624976 ], [ -57.395252, -13.635251 ], [ -57.401313, -13.643372 ], [ -57.406308, -13.641813 ], [ -57.416785, -13.659518 ], [ -57.42831, -13.665707 ], [ -57.426777, -13.672965 ], [ -57.435229, -13.674915 ], [ -57.442756, -13.681318 ], [ -57.438419, -13.686953 ], [ -57.439309, -13.692845 ], [ -57.445009, -13.702601 ], [ -57.450952, -13.705648 ], [ -57.448198, -13.707746 ], [ -57.45017, -13.712998 ], [ -57.455086, -13.712156 ], [ -57.463456, -13.719266 ], [ -57.464145, -13.728326 ], [ -57.470312, -13.736451 ], [ -57.493231, -13.753634 ], [ -57.49464, -13.758434 ], [ -57.491229, -13.758998 ], [ -57.487728, -13.765995 ], [ -57.489424, -13.768788 ], [ -57.49467, -13.765321 ], [ -57.498307, -13.766746 ], [ -57.500585, -13.771348 ], [ -57.496392, -13.778018 ], [ -57.507469, -13.791562 ], [ -57.518414, -13.802855 ], [ -57.517949, -13.808645 ], [ -57.523308, -13.812544 ], [ -57.527481, -13.82495 ], [ -57.535695, -13.82994 ], [ -57.535426, -13.835189 ], [ -57.548755, -13.844893 ], [ -57.566307, -13.866999 ], [ -57.571449, -13.906553 ], [ -57.583, -13.923674 ], [ -57.602364, -13.938177 ], [ -57.614395, -13.955928 ], [ -57.628559, -13.963903 ], [ -57.627813, -13.969425 ], [ -57.632893, -13.974593 ], [ -57.630836, -13.984536 ], [ -57.637224, -13.990425 ], [ -57.637313, -13.998481 ], [ -57.648869, -14.008054 ], [ -57.664122, -14.036731 ], [ -57.66709, -14.04891 ], [ -57.673085, -14.053664 ], [ -57.678871, -14.053612 ], [ -57.685788, -14.075523 ], [ -57.691535, -14.078918 ], [ -57.69017, -14.086626 ], [ -57.677865, -14.093084 ], [ -57.675118, -14.100776 ], [ -57.675287, -14.116112 ], [ -57.680091, -14.122767 ], [ -57.677422, -14.130198 ], [ -57.679501, -14.153624 ], [ -57.671862, -14.170539 ], [ -57.67273, -14.179982 ], [ -57.683339, -14.209268 ], [ -57.694478, -14.225862 ], [ -57.7142, -14.27008 ], [ -57.722312, -14.281472 ], [ -57.734678, -14.290528 ], [ -57.715769, -14.290536 ], [ -57.668699, -14.254101 ], [ -57.651642, -14.23131 ], [ -57.635536, -14.219767 ], [ -57.605729, -14.184644 ], [ -57.578504, -14.167302 ], [ -57.562205, -14.171821 ], [ -57.539837, -14.204346 ], [ -57.522312, -14.211678 ], [ -57.498086, -14.213352 ], [ -57.452642, -14.188501 ], [ -57.434535, -14.190953 ], [ -57.383176, -14.161252 ], [ -57.372306, -14.163507 ], [ -57.354471, -14.179187 ], [ -57.336648, -14.184267 ], [ -57.287619, -14.163046 ], [ -57.264036, -14.164577 ], [ -57.244944, -14.171366 ], [ -57.223161, -14.172813 ], [ -57.197811, -14.195173 ], [ -57.178392, -14.191081 ], [ -57.148978, -14.166319 ], [ -57.141367, -14.164496 ], [ -57.12465, -14.17291 ], [ -57.109978, -14.170538 ], [ -57.092593, -14.172696 ], [ -57.082834, -14.184916 ], [ -57.067841, -14.191822 ], [ -57.048363, -14.193754 ], [ -57.032782, -14.18431 ], [ -57.021812, -14.189819 ], [ -57.017646, -14.201611 ], [ -57.010314, -14.201689 ], [ -56.98764, -14.192469 ], [ -56.979895, -14.186225 ], [ -56.970678, -14.169051 ], [ -56.950637, -14.171846 ], [ -56.90959, -14.197345 ], [ -56.904199, -14.207424 ], [ -56.886335, -14.222782 ], [ -56.876198, -14.226422 ], [ -56.871476, -14.233956 ], [ -56.874756, -14.250104 ], [ -56.865363, -14.263725 ], [ -56.86984, -14.276146 ], [ -56.874308, -14.279686 ], [ -56.874308, -14.28795 ], [ -56.879251, -14.297468 ], [ -56.878252, -14.322518 ], [ -56.882061, -14.333133 ], [ -56.878086, -14.351645 ], [ -56.886284, -14.360391 ], [ -56.883394, -14.363443 ], [ -56.871314, -14.360005 ], [ -56.868505, -14.365999 ], [ -56.852866, -14.376984 ], [ -56.847118, -14.390967 ], [ -56.850759, -14.409659 ], [ -56.824194, -14.431448 ], [ -56.819782, -14.442436 ], [ -56.815139, -14.443994 ], [ -56.811985, -14.453922 ], [ -56.80703, -14.453693 ], [ -56.807507, -14.461494 ], [ -56.801849, -14.468048 ], [ -56.801807, -14.481103 ], [ -56.807701, -14.487182 ], [ -56.802475, -14.49136 ], [ -56.80323, -14.497527 ], [ -56.798064, -14.502857 ], [ -56.791003, -14.528633 ], [ -56.769173, -14.549553 ], [ -56.754976, -14.557845 ], [ -56.765483, -14.572882 ], [ -56.751813, -14.57362 ], [ -56.739563, -14.590831 ], [ -56.744473, -14.59024 ], [ -56.747224, -14.595976 ], [ -56.732946, -14.603892 ], [ -56.732477, -14.610344 ], [ -56.717619, -14.615023 ], [ -56.730336, -14.629275 ], [ -56.730306, -14.637982 ], [ -56.725619, -14.647188 ], [ -56.724189, -14.648597 ], [ -56.72187, -14.652453 ], [ -56.731733, -14.658534 ], [ -56.733538, -14.665833 ], [ -56.729728, -14.672471 ], [ -56.717142, -14.679345 ], [ -56.732394, -14.681458 ], [ -56.740003, -14.677263 ], [ -56.746673, -14.678436 ], [ -56.747205, -14.683687 ], [ -56.737922, -14.688934 ], [ -56.759007, -14.698597 ], [ -56.757787, -14.707886 ], [ -56.753197, -14.713549 ], [ -56.762306, -14.715833 ], [ -56.755894, -14.732333 ], [ -56.763974, -14.741365 ], [ -56.780229, -14.739825 ], [ -56.780118, -14.751616 ], [ -56.800148, -14.75778 ], [ -56.801284, -14.760917 ], [ -56.793673, -14.768753 ], [ -56.796592, -14.773913 ], [ -56.811813, -14.777132 ], [ -56.817587, -14.792209 ], [ -56.836146, -14.786159 ], [ -56.82439, -14.805174 ], [ -56.835785, -14.805585 ], [ -56.839786, -14.801752 ], [ -56.843678, -14.804548 ], [ -56.837648, -14.818048 ], [ -56.83798, -14.829372 ], [ -56.841284, -14.831185 ], [ -56.855038, -14.826266 ], [ -56.853476, -14.85189 ], [ -56.860866, -14.849773 ], [ -56.867346, -14.869727 ], [ -56.880339, -14.876985 ], [ -56.879285, -14.885173 ], [ -56.876473, -14.888168 ], [ -56.880761, -14.89439 ], [ -56.894425, -14.901809 ], [ -56.888872, -14.913209 ], [ -56.901729, -14.918564 ], [ -56.902948, -14.928144 ], [ -56.920395, -14.925477 ], [ -56.90942, -14.936035 ], [ -56.910557, -14.939631 ], [ -56.921339, -14.934698 ], [ -56.925451, -14.936219 ], [ -56.929952, -14.958215 ] ] ] } },
{ "type": "Feature", "properties": { "HREG_ID": "51008", "HREG_NAME": "Noroeste Matogrossense", "id": "510140", "name": "Aripuanã", "description": "Aripuanã", "MUN_ID": "510140", "UF": "MT", "MACRO_ID": "5106", "MACRO_NAME": "Macrorregião Centro-Noroeste" }, "geometry": { "type": "Polygon", "coordinates": [ [ [ -58.279943, -11.016183 ], [ -58.264472, -11.025052 ], [ -58.261058, -11.043901 ], [ -58.250031, -11.057985 ], [ -58.238331, -11.066177 ], [ -58.240897, -11.089776 ], [ -58.236313, -11.107038 ], [ -58.234054, -11.142682 ], [ -58.236362, -11.148348 ], [ -58.248555, -11.155833 ], [ -58.26375, -11.17874 ], [ -58.261001, -11.184873 ], [ -58.262175, -11.199169 ], [ -58.242867, -11.203282 ], [ -58.222647, -11.228503 ], [ -58.213474, -11.258248 ], [ -58.186363, -11.270994 ], [ -58.184054, -11.277806 ], [ -58.186397, -11.284611 ], [ -58.18064, -11.298236 ], [ -58.171889, -11.297568 ], [ -58.146366, -11.279887 ], [ -58.123592, -11.28308 ], [ -58.115555, -11.293753 ], [ -58.117416, -11.331669 ], [ -58.109148, -11.344275 ], [ -58.12225, -11.350507 ], [ -58.123422, -11.370026 ], [ -58.129892, -11.380468 ], [ -58.131504, -11.396806 ], [ -58.140504, -11.407693 ], [ -58.144642, -11.421992 ], [ -58.144669, -11.431298 ], [ -58.130864, -11.453786 ], [ -58.130559, -11.45942 ], [ -58.130415, -11.464681 ], [ -58.138036, -11.474901 ], [ -58.166809, -11.497344 ], [ -58.168897, -11.503465 ], [ -58.156721, -11.520964 ], [ -58.133693, -11.52212 ], [ -58.128415, -11.526661 ], [ -58.125204, -11.538926 ], [ -58.115751, -11.549599 ], [ -58.114539, -11.566877 ], [ -58.105898, -11.576851 ], [ -58.090006, -11.580044 ], [ -58.06678, -11.605255 ], [ -58.065393, -11.614112 ], [ -58.072779, -11.628639 ], [ -58.070255, -11.632949 ], [ -58.057805, -11.636364 ], [ -58.055281, -11.643859 ], [ -58.058769, -11.680213 ], [ -58.065702, -11.697431 ], [ -58.060172, -11.706284 ], [ -58.049806, -11.707657 ], [ -58.035758, -11.71629 ], [ -58.034391, -11.722422 ], [ -58.042226, -11.737852 ], [ -58.040619, -11.746932 ], [ -58.013002, -11.785541 ], [ -58.002876, -11.792583 ], [ -57.987893, -11.796003 ], [ -57.966921, -11.812362 ], [ -57.957249, -11.827795 ], [ -57.95748, -11.850039 ], [ -57.938789, -11.872604 ], [ -57.919006, -11.886157 ], [ -57.923872, -11.905902 ], [ -57.900341, -11.918619 ], [ -57.899644, -11.921118 ], [ -57.913953, -11.924972 ], [ -57.913946, -11.929056 ], [ -57.890418, -11.93428 ], [ -57.880529, -11.940644 ], [ -57.879842, -11.949051 ], [ -57.888138, -11.954044 ], [ -57.889063, -11.960173 ], [ -57.883535, -11.985365 ], [ -57.877757, -11.986964 ], [ -57.86692, -11.98378 ], [ -57.855615, -11.989459 ], [ -57.854947, -11.996721 ], [ -57.86623, -12.010032 ], [ -57.863224, -12.020903 ], [ -57.86898, -12.039776 ], [ -57.868817, -12.080247 ], [ -57.877198, -12.090172 ], [ -57.877033, -12.096542 ], [ -57.872066, -12.113839 ], [ -57.849196, -12.113546 ], [ -57.835418, -12.125916 ], [ -57.828035, -12.125061 ], [ -57.831561, -12.132536 ], [ -57.831004, -12.141433 ], [ -57.827946, -12.144603 ], [ -57.810113, -12.138823 ], [ -57.802725, -12.140006 ], [ -57.79147, -12.149857 ], [ -57.783532, -12.167404 ], [ -57.774534, -12.171103 ], [ -57.74776, -12.173325 ], [ -57.739501, -12.181339 ], [ -57.738, -12.196797 ], [ -57.731394, -12.208878 ], [ -57.716202, -12.219902 ], [ -57.704645, -12.220201 ], [ -57.695448, -12.224574 ], [ -57.685252, -12.221688 ], [ -57.680474, -12.231036 ], [ -57.670114, -12.237473 ], [ -57.667389, -12.245217 ], [ -57.658362, -12.24436 ], [ -57.64137, -12.257427 ], [ -57.645639, -12.276491 ], [ -57.653059, -12.278487 ], [ -57.651951, -12.284854 ], [ -57.649422, -12.288054 ], [ -57.642922, -12.286048 ], [ -57.632086, -12.290204 ], [ -57.631454, -12.299077 ], [ -57.625945, -12.30525 ], [ -57.625586, -12.318888 ], [ -57.610337, -12.322618 ], [ -57.620365, -12.337095 ], [ -57.624787, -12.33775 ], [ -57.623743, -12.340032 ], [ -57.611167, -12.342376 ], [ -57.60542, -12.348328 ], [ -57.591589, -12.350909 ], [ -57.579837, -12.358255 ], [ -57.575056, -12.37123 ], [ -57.563082, -12.379268 ], [ -57.54992, -12.379799 ], [ -57.546695, -12.384592 ], [ -57.536312, -12.38419 ], [ -57.530172, -12.404007 ], [ -57.519526, -12.403159 ], [ -57.508255, -12.410265 ], [ -57.495533, -12.409435 ], [ -57.490059, -12.421736 ], [ -57.478029, -12.423171 ], [ -57.470675, -12.428437 ], [ -57.466559, -12.435292 ], [ -57.469367, -12.442082 ], [ -57.464562, -12.450743 ], [ -57.442446, -12.465872 ], [ -57.43764, -12.477483 ], [ -57.432113, -12.480467 ], [ -57.4362, -12.506356 ], [ -57.429534, -12.514345 ], [ -57.430778, -12.527065 ], [ -57.441172, -12.563366 ], [ -57.426867, -12.614352 ], [ -57.413754, -12.627617 ], [ -57.414725, -12.636466 ], [ -57.409696, -12.645357 ], [ -57.41159, -12.651262 ], [ -57.407476, -12.661051 ], [ -57.410493, -12.670479 ], [ -57.41012, -12.678979 ], [ -57.40506, -12.686291 ], [ -57.396978, -12.687929 ], [ -57.402584, -12.696757 ], [ -57.397453, -12.70583 ], [ -57.393174, -12.712266 ], [ -57.403915, -12.729707 ], [ -57.401647, -12.735857 ], [ -57.407482, -12.742191 ], [ -57.408222, -12.751504 ], [ -57.406201, -12.764237 ], [ -57.394757, -12.785206 ], [ -57.380166, -12.830049 ], [ -57.368444, -12.844433 ], [ -57.367341, -12.851261 ], [ -57.357394, -12.855174 ], [ -57.349365, -12.870896 ], [ -57.334334, -12.876658 ], [ -57.32467, -12.884434 ], [ -57.321474, -12.892858 ], [ -57.312201, -12.895629 ], [ -57.304173, -12.906589 ], [ -57.301424, -12.916823 ], [ -57.291952, -12.919149 ], [ -57.292791, -12.929884 ], [ -57.303894, -12.939909 ], [ -57.301176, -12.958265 ], [ -57.304921, -12.96127 ], [ -57.304754, -12.970226 ], [ -57.3125, -12.984495 ], [ -57.304864, -12.991939 ], [ -57.311059, -12.994552 ], [ -57.310026, -13.011343 ], [ -57.316784, -13.025817 ], [ -57.322645, -13.02558 ], [ -57.326759, -13.031182 ], [ -57.327426, -13.043967 ], [ -57.347303, -13.048115 ], [ -57.347004, -13.051738 ], [ -57.352057, -13.052522 ], [ -57.365863, -13.072553 ], [ -57.370308, -13.069091 ], [ -57.372422, -13.076706 ], [ -57.379089, -13.076592 ], [ -57.384225, -13.087348 ], [ -57.394006, -13.089268 ], [ -57.395279, -13.095273 ], [ -57.405979, -13.096151 ], [ -57.407654, -13.108108 ], [ -57.414334, -13.11088 ], [ -57.410808, -13.115906 ], [ -57.418944, -13.115464 ], [ -57.42473, -13.118925 ], [ -57.43134, -13.116789 ], [ -57.452368, -13.137806 ], [ -57.463088, -13.138359 ], [ -57.468837, -13.143462 ], [ -57.471841, -13.141156 ], [ -57.471928, -13.148662 ], [ -57.487529, -13.154126 ], [ -57.495898, -13.150394 ], [ -57.517657, -13.151911 ], [ -57.526177, -13.155684 ], [ -57.555308, -13.152764 ], [ -57.588815, -13.173236 ], [ -57.624007, -13.162772 ], [ -57.639836, -13.158064 ], [ -57.643782, -13.161581 ], [ -57.646807, -13.15783 ], [ -57.654029, -13.158404 ], [ -57.656585, -13.164068 ], [ -57.670647, -13.162355 ], [ -57.674203, -13.174349 ], [ -57.696169, -13.184931 ], [ -57.702168, -13.19701 ], [ -57.721234, -13.212643 ], [ -57.748256, -13.269356 ], [ -57.921886, -13.208784 ], [ -58.061899, -13.244015 ], [ -58.075643, -13.23604 ], [ -58.090119, -13.23525 ], [ -58.111476, -13.241012 ], [ -58.120957, -13.234457 ], [ -58.125711, -13.236947 ], [ -58.132309, -13.237402 ], [ -58.143725, -13.224596 ], [ -58.144977, -13.226972 ], [ -58.148222, -13.224729 ], [ -58.148812, -13.218677 ], [ -58.155005, -13.211781 ], [ -58.156145, -13.19394 ], [ -58.16145, -13.186387 ], [ -58.170841, -13.18132 ], [ -58.175864, -13.186503 ], [ -58.179422, -13.185312 ], [ -58.182726, -13.161936 ], [ -58.179118, -13.157045 ], [ -58.176284, -13.139001 ], [ -58.181006, -13.097641 ], [ -58.178038, -13.078985 ], [ -58.181591, -13.06166 ], [ -58.174675, -13.056793 ], [ -58.171979, -13.049388 ], [ -58.187528, -13.042534 ], [ -58.186472, -13.025816 ], [ -58.194196, -13.020806 ], [ -58.19262, -13.011449 ], [ -58.200065, -13.003988 ], [ -58.205925, -12.97651 ], [ -58.22559, -12.972801 ], [ -58.250897, -12.960757 ], [ -58.274421, -12.934099 ], [ -58.28434, -12.928904 ], [ -58.294591, -12.928363 ], [ -58.294589, -12.911849 ], [ -58.3117, -12.905626 ], [ -58.325725, -12.885858 ], [ -58.336033, -12.881676 ], [ -58.343727, -12.871179 ], [ -58.352482, -12.848791 ], [ -58.35184, -12.833873 ], [ -58.35498, -12.826903 ], [ -58.361561, -12.821276 ], [ -58.382951, -12.821166 ], [ -58.389254, -12.803176 ], [ -58.394907, -12.798346 ], [ -58.397426, -12.793628 ], [ -58.391253, -12.782432 ], [ -58.398473, -12.772425 ], [ -58.394223, -12.751359 ], [ -58.401809, -12.734637 ], [ -58.402482, -12.711202 ], [ -58.407006, -12.69644 ], [ -58.398449, -12.672701 ], [ -58.411588, -12.660475 ], [ -58.410204, -12.650076 ], [ -58.415311, -12.628986 ], [ -58.413342, -12.622067 ], [ -58.429169, -12.603622 ], [ -58.432944, -12.595094 ], [ -58.430331, -12.58476 ], [ -58.431836, -12.575766 ], [ -58.446587, -12.547223 ], [ -58.433199, -12.524176 ], [ -58.423137, -12.513821 ], [ -58.421674, -12.506107 ], [ -58.426948, -12.50038 ], [ -58.437142, -12.501878 ], [ -58.441254, -12.496385 ], [ -58.442981, -12.483871 ], [ -58.455087, -12.468759 ], [ -58.455951, -12.461713 ], [ -58.440701, -12.438679 ], [ -58.440166, -12.432096 ], [ -58.45506, -12.417643 ], [ -58.463645, -12.39825 ], [ -58.472278, -12.358403 ], [ -58.49073, -12.353692 ], [ -58.488089, -12.345535 ], [ -58.493535, -12.334346 ], [ -58.492101, -12.328398 ], [ -58.483903, -12.317734 ], [ -58.482222, -12.311058 ], [ -58.488672, -12.308491 ], [ -58.484195, -12.300587 ], [ -58.498084, -12.302505 ], [ -58.506064, -12.297505 ], [ -58.509641, -12.280329 ], [ -58.523947, -12.273956 ], [ -58.526449, -12.254695 ], [ -58.522926, -12.249122 ], [ -58.513115, -12.244943 ], [ -58.500003, -12.221673 ], [ -58.499002, -12.208196 ], [ -58.491554, -12.201458 ], [ -58.485783, -12.179017 ], [ -58.474371, -12.16822 ], [ -58.474392, -12.145494 ], [ -58.490367, -12.127621 ], [ -58.484671, -12.109501 ], [ -58.489164, -12.094996 ], [ -58.487865, -12.05812 ], [ -58.476198, -12.041688 ], [ -58.484896, -12.037019 ], [ -58.488036, -12.028124 ], [ -58.475728, -12.02029 ], [ -58.467228, -12.004468 ], [ -58.45628, -11.992852 ], [ -58.458758, -11.955164 ], [ -58.453001, -11.952453 ], [ -58.450862, -11.940421 ], [ -58.4412, -11.922807 ], [ -58.444365, -11.919562 ], [ -58.457282, -11.918847 ], [ -58.463281, -11.928148 ], [ -58.470444, -11.932216 ], [ -58.497198, -11.939826 ], [ -58.507482, -11.945977 ], [ -58.528559, -11.992066 ], [ -58.535862, -11.997547 ], [ -58.540948, -11.995317 ], [ -58.546535, -11.985628 ], [ -58.554116, -11.987026 ], [ -58.547725, -12.006196 ], [ -58.557866, -12.014484 ], [ -58.566226, -12.013143 ], [ -58.568227, -12.008449 ], [ -58.573588, -12.007471 ], [ -58.58306, -12.014596 ], [ -58.586332, -12.034269 ], [ -58.5977, -12.033484 ], [ -58.602255, -12.042506 ], [ -58.6102, -12.047526 ], [ -58.623226, -12.044982 ], [ -58.63695, -12.049739 ], [ -58.660003, -12.051141 ], [ -58.681367, -12.089725 ], [ -58.68873, -12.092533 ], [ -58.692697, -12.084011 ], [ -58.694756, -12.085212 ], [ -58.696704, -12.096207 ], [ -58.706114, -12.113093 ], [ -58.719254, -12.12102 ], [ -58.726394, -12.129883 ], [ -58.733889, -12.13398 ], [ -58.75081, -12.132682 ], [ -58.754117, -12.13733 ], [ -58.784609, -12.153064 ], [ -58.78842, -12.1641 ], [ -58.793252, -12.164474 ], [ -58.797449, -12.17097 ], [ -58.82303, -12.181079 ], [ -58.838812, -12.201358 ], [ -58.862812, -12.203451 ], [ -58.866632, -12.207224 ], [ -58.870383, -12.208735 ], [ -58.890836, -12.209084 ], [ -58.90709, -12.214353 ], [ -58.91506, -12.211409 ], [ -58.939724, -12.221476 ], [ -58.963336, -12.220367 ], [ -58.974372, -12.230026 ], [ -58.997285, -12.237305 ], [ -59.008315, -12.23195 ], [ -59.012032, -12.238885 ], [ -59.029203, -12.245084 ], [ -59.030835, -12.251271 ], [ -59.034672, -12.247064 ], [ -59.04125, -12.25181 ], [ -59.044537, -12.250542 ], [ -59.04887, -12.259317 ], [ -59.053174, -12.254661 ], [ -59.061536, -12.26901 ], [ -59.067089, -12.268493 ], [ -59.074596, -12.279862 ], [ -59.081678, -12.283493 ], [ -59.092364, -12.297222 ], [ -59.11356, -12.307402 ], [ -59.108001, -12.315647 ], [ -59.112865, -12.315115 ], [ -59.125842, -12.337556 ], [ -59.128174, -12.351957 ], [ -59.137891, -12.351784 ], [ -59.143073, -12.357173 ], [ -59.164813, -12.364623 ], [ -59.173891, -12.36284 ], [ -59.180816, -12.355764 ], [ -59.182526, -12.35458 ], [ -59.1882, -12.348709 ], [ -59.193594, -12.330665 ], [ -59.211452, -12.313674 ], [ -59.214426, -12.314897 ], [ -59.218093, -12.308632 ], [ -59.225502, -12.307706 ], [ -59.228203, -12.303006 ], [ -59.242672, -12.306388 ], [ -59.258729, -12.302984 ], [ -59.271676, -12.287659 ], [ -59.304204, -12.282463 ], [ -59.31244, -12.28542 ], [ -59.331369, -12.278921 ], [ -59.34873, -12.278735 ], [ -59.366311, -12.286504 ], [ -59.38792, -12.28212 ], [ -59.404614, -12.288735 ], [ -59.415168, -12.283809 ], [ -59.450924, -12.286866 ], [ -59.454697, -12.28401 ], [ -59.467087, -12.288229 ], [ -59.482388, -12.286609 ], [ -59.494809, -12.296282 ], [ -59.519588, -12.29584 ], [ -59.520645, -12.299275 ], [ -59.539032, -12.29478 ], [ -59.556758, -12.297782 ], [ -59.57131, -12.305912 ], [ -59.584203, -12.300358 ], [ -59.58642, -12.303147 ], [ -59.5904, -12.301673 ], [ -59.596119, -12.312508 ], [ -59.619335, -12.308605 ], [ -59.627372, -12.302466 ], [ -59.647368, -12.307103 ], [ -59.651141, -12.312435 ], [ -59.660975, -12.307482 ], [ -59.669169, -12.312703 ], [ -59.689868, -12.316902 ], [ -59.70515, -12.307549 ], [ -59.715855, -12.315567 ], [ -59.729788, -12.327542 ], [ -59.732204, -12.324189 ], [ -59.756996, -12.328535 ], [ -59.77384, -12.340548 ], [ -59.885827, -12.245065 ], [ -59.891817, -12.245047 ], [ -59.893088, -12.232354 ], [ -59.9012, -12.223472 ], [ -59.90076, -12.214828 ], [ -59.908167, -12.194229 ], [ -59.910297, -12.18605 ], [ -59.899649, -12.170469 ], [ -59.89929, -12.116817 ], [ -59.914801, -12.097564 ], [ -59.923257, -12.093358 ], [ -59.928763, -12.078048 ], [ -59.946673, -12.065345 ], [ -59.951291, -12.065205 ], [ -59.956396, -12.056051 ], [ -59.961483, -12.055961 ], [ -59.96096, -12.050036 ], [ -59.965203, -12.045835 ], [ -59.969066, -12.032069 ], [ -59.97884, -12.029144 ], [ -59.974147, -12.014701 ], [ -59.966065, -12.006757 ], [ -59.970089, -11.997444 ], [ -59.979068, -11.990881 ], [ -59.969869, -11.988615 ], [ -59.968959, -11.982266 ], [ -59.973814, -11.97591 ], [ -59.970845, -11.96954 ], [ -59.986478, -11.959684 ], [ -59.979865, -11.946071 ], [ -59.988227, -11.929082 ], [ -59.982953, -11.920135 ], [ -59.985283, -11.911675 ], [ -59.994928, -11.908908 ], [ -60.006376, -11.894278 ], [ -60.011563, -11.892635 ], [ -60.024204, -11.897124 ], [ -60.029373, -11.894577 ], [ -60.032925, -11.89829 ], [ -60.041538, -11.892153 ], [ -60.046619, -11.896837 ], [ -60.060009, -11.8946 ], [ -60.072868, -11.884082 ], [ -60.076116, -11.884885 ], [ -60.074395, -11.879299 ], [ -60.078013, -11.869815 ], [ -60.084924, -11.867275 ], [ -60.079434, -11.861859 ], [ -60.082809, -11.858083 ], [ -60.087987, -11.862209 ], [ -60.090624, -11.860722 ], [ -60.088923, -11.85475 ], [ -60.092092, -11.852741 ], [ -60.095735, -11.858446 ], [ -60.093371, -11.848756 ], [ -60.098349, -11.84515 ], [ -60.097394, -11.839452 ], [ -60.100619, -11.835003 ], [ -60.108257, -11.839175 ], [ -60.101889, -11.831755 ], [ -60.098764, -11.829619 ], [ -60.102846, -11.818766 ], [ -60.095153, -11.817818 ], [ -60.101092, -11.814164 ], [ -60.098405, -11.803475 ], [ -60.104154, -11.802452 ], [ -60.100265, -11.797606 ], [ -60.096181, -11.800519 ], [ -60.096342, -11.794919 ], [ -60.107985, -11.792714 ], [ -60.102376, -11.78964 ], [ -60.104987, -11.782095 ], [ -60.10057, -11.780217 ], [ -60.103984, -11.777824 ], [ -60.108643, -11.780153 ], [ -60.108346, -11.775348 ], [ -60.102481, -11.77211 ], [ -60.106594, -11.769675 ], [ -60.105067, -11.763305 ], [ -60.110813, -11.762569 ], [ -60.111869, -11.758851 ], [ -60.106871, -11.748569 ], [ -60.110709, -11.747858 ], [ -60.116179, -11.728893 ], [ -60.111978, -11.72185 ], [ -60.121149, -11.711699 ], [ -60.115681, -11.706302 ], [ -60.118173, -11.701674 ], [ -60.116978, -11.688632 ], [ -60.121898, -11.681998 ], [ -60.118232, -11.679973 ], [ -60.118485, -11.671559 ], [ -60.115204, -11.668733 ], [ -60.116957, -11.642921 ], [ -60.111122, -11.642513 ], [ -60.11368, -11.635353 ], [ -60.110538, -11.620428 ], [ -60.114788, -11.618872 ], [ -60.109395, -11.615137 ], [ -60.113561, -11.603045 ], [ -60.110095, -11.595077 ], [ -60.114371, -11.591059 ], [ -60.110398, -11.582085 ], [ -60.093928, -11.585478 ], [ -60.101097, -11.576957 ], [ -60.091146, -11.57565 ], [ -60.098761, -11.570423 ], [ -60.097873, -11.56749 ], [ -60.086702, -11.567724 ], [ -60.093647, -11.562444 ], [ -60.090267, -11.554476 ], [ -60.086175, -11.560541 ], [ -60.078184, -11.555914 ], [ -60.079199, -11.552492 ], [ -60.056952, -11.541693 ], [ -60.053158, -11.533045 ], [ -60.041008, -11.516204 ], [ -60.026207, -11.505272 ], [ -60.031228, -11.503049 ], [ -60.031276, -11.497473 ], [ -60.030725, -11.492769 ], [ -60.027085, -11.495947 ], [ -60.017452, -11.495632 ], [ -60.015125, -11.488198 ], [ -60.0074, -11.486098 ], [ -60.0019, -11.47826 ], [ -59.984891, -11.468938 ], [ -59.975729, -11.438819 ], [ -59.951839, -11.436019 ], [ -59.944254, -11.431915 ], [ -59.941507, -11.422396 ], [ -59.933901, -11.423264 ], [ -59.925397, -11.415078 ], [ -59.927229, -11.412361 ], [ -59.920122, -11.397605 ], [ -59.922398, -11.393764 ], [ -59.919388, -11.381059 ], [ -59.924925, -11.361373 ], [ -59.921928, -11.355253 ], [ -59.924011, -11.351865 ], [ -59.917346, -11.345953 ], [ -59.916677, -11.338032 ], [ -59.927261, -11.310032 ], [ -59.94951, -11.304002 ], [ -59.958955, -11.294331 ], [ -59.959926, -11.276997 ], [ -59.968007, -11.266002 ], [ -59.967399, -11.252532 ], [ -59.981515, -11.233098 ], [ -59.983893, -11.214797 ], [ -59.980617, -11.20336 ], [ -59.976477, -11.202886 ], [ -59.975373, -11.198185 ], [ -59.967344, -11.197463 ], [ -59.963509, -11.188713 ], [ -59.969284, -11.184948 ], [ -59.970698, -11.179801 ], [ -59.979899, -11.179188 ], [ -59.987069, -11.170705 ], [ -59.988476, -11.16083 ], [ -59.995395, -11.156581 ], [ -59.997259, -11.150958 ], [ -59.99451, -11.147802 ], [ -59.984423, -11.146635 ], [ -59.988596, -11.137638 ], [ -59.97943, -11.139401 ], [ -59.976264, -11.121987 ], [ -59.983386, -11.115876 ], [ -59.986338, -11.114116 ], [ -59.990699, -11.123186 ], [ -59.994834, -11.124773 ], [ -60.012623, -11.122121 ], [ -60.015233, -11.115879 ], [ -60.018877, -11.128698 ], [ -60.030067, -11.127958 ], [ -60.036927, -11.116952 ], [ -60.043542, -11.12387 ], [ -60.066201, -11.125107 ], [ -60.07451, -11.104623 ], [ -60.083735, -11.096443 ], [ -60.089339, -11.100061 ], [ -60.088846, -11.108501 ], [ -60.095679, -11.110386 ], [ -60.104343, -11.10878 ], [ -60.112178, -11.102139 ], [ -60.119897, -11.106498 ], [ -60.130124, -11.100471 ], [ -60.141982, -11.10534 ], [ -60.147512, -11.098861 ], [ -60.151949, -11.100478 ], [ -60.15876, -11.095252 ], [ -60.177091, -11.098853 ], [ -60.188485, -11.107701 ], [ -60.187096, -11.111237 ], [ -60.198482, -11.113692 ], [ -60.206736, -11.111355 ], [ -60.210037, -11.106406 ], [ -60.226982, -11.105033 ], [ -60.238338, -11.09454 ], [ -60.248288, -11.096467 ], [ -60.264652, -11.093261 ], [ -60.270481, -11.098292 ], [ -60.280315, -11.09113 ], [ -60.277505, -11.079176 ], [ -60.281842, -11.063614 ], [ -60.290927, -11.065088 ], [ -60.300735, -11.056751 ], [ -60.3087, -11.063625 ], [ -60.317009, -11.064693 ], [ -60.334033, -11.082488 ], [ -60.347922, -11.073642 ], [ -60.341454, -11.082233 ], [ -60.346371, -11.098781 ], [ -60.343675, -11.104481 ], [ -60.347454, -11.108636 ], [ -60.369814, -11.098612 ], [ -60.372728, -11.093723 ], [ -60.383229, -11.095822 ], [ -60.391041, -11.093392 ], [ -60.395343, -11.080042 ], [ -60.403625, -11.068975 ], [ -60.407814, -11.07083 ], [ -60.413873, -11.067069 ], [ -60.410977, -11.046374 ], [ -60.413598, -11.043084 ], [ -60.429185, -11.037094 ], [ -60.435172, -11.041399 ], [ -60.446084, -11.041753 ], [ -60.437425, -11.016285 ], [ -60.44118, -11.016393 ], [ -60.44967, -11.008062 ], [ -60.451952, -10.992877 ], [ -60.459537, -10.989455 ], [ -60.463755, -10.982033 ], [ -60.461197, -10.974764 ], [ -60.443115, -10.954254 ], [ -60.435288, -10.932067 ], [ -60.451116, -10.908891 ], [ -60.437369, -10.898472 ], [ -60.42831, -10.879327 ], [ -60.410063, -10.870977 ], [ -60.403613, -10.852884 ], [ -60.418271, -10.829181 ], [ -60.429699, -10.818565 ], [ -60.429497, -10.813682 ], [ -60.427365, -10.805085 ], [ -60.421187, -10.798401 ], [ -60.418752, -10.781905 ], [ -60.409549, -10.777264 ], [ -60.40128, -10.765 ], [ -60.396395, -10.763183 ], [ -60.39689, -10.755564 ], [ -60.420148, -10.74482 ], [ -60.426407, -10.739579 ], [ -60.427477, -10.731519 ], [ -60.437617, -10.716751 ], [ -60.447408, -10.713472 ], [ -60.477492, -10.718465 ], [ -60.483181, -10.714523 ], [ -60.487739, -10.694212 ], [ -60.505314, -10.688558 ], [ -60.514625, -10.679692 ], [ -60.523793, -10.66723 ], [ -60.517742, -10.639426 ], [ -60.52163, -10.630619 ], [ -60.52954, -10.624353 ], [ -60.537793, -10.591073 ], [ -60.531233, -10.588416 ], [ -60.53051, -10.57607 ], [ -60.519733, -10.566422 ], [ -60.519067, -10.558671 ], [ -60.526913, -10.546946 ], [ -60.527612, -10.525532 ], [ -60.535546, -10.489528 ], [ -60.525911, -10.484032 ], [ -60.524048, -10.473421 ], [ -60.558824, -10.431946 ], [ -60.569073, -10.427666 ], [ -60.57451, -10.421139 ], [ -60.585381, -10.420444 ], [ -60.598819, -10.410093 ], [ -60.598531, -10.396413 ], [ -60.598515, -10.396162 ], [ -60.606251, -10.368925 ], [ -60.602256, -10.330181 ], [ -60.626353, -10.313823 ], [ -60.635708, -10.295473 ], [ -60.635951, -10.272342 ], [ -60.625558, -10.263265 ], [ -60.637653, -10.237272 ], [ -60.62658, -10.200346 ], [ -60.632678, -10.188357 ], [ -60.629248, -10.179922 ], [ -60.63092, -10.174012 ], [ -60.646263, -10.153155 ], [ -60.646267, -10.13448 ], [ -60.615872, -10.104794 ], [ -60.612735, -10.096494 ], [ -60.614341, -10.084697 ], [ -60.611392, -10.073524 ], [ -60.619147, -10.067262 ], [ -60.630086, -10.04818 ], [ -60.638773, -10.041333 ], [ -60.637993, -10.036457 ], [ -60.616541, -10.035113 ], [ -60.607389, -10.019698 ], [ -60.610626, -10.004722 ], [ -60.638135, -9.984167 ], [ -60.638946, -9.979129 ], [ -60.632348, -9.97173 ], [ -60.630171, -9.958252 ], [ -60.64398, -9.95609 ], [ -60.671428, -9.963402 ], [ -60.688883, -9.963926 ], [ -60.694927, -9.947773 ], [ -60.690862, -9.933885 ], [ -60.675589, -9.908197 ], [ -60.66363, -9.900427 ], [ -60.658362, -9.88885 ], [ -60.670542, -9.857974 ], [ -60.673958, -9.839695 ], [ -60.694227, -9.83344 ], [ -60.701975, -9.82732 ], [ -60.70463, -9.818674 ], [ -60.689879, -9.813377 ], [ -60.673154, -9.793018 ], [ -60.671467, -9.784273 ], [ -60.677634, -9.759355 ], [ -60.687225, -9.749628 ], [ -60.680181, -9.734477 ], [ -60.663119, -9.72245 ], [ -60.659194, -9.714015 ], [ -60.660238, -9.70366 ], [ -60.656391, -9.697832 ], [ -60.638525, -9.669274 ], [ -60.636186, -9.653511 ], [ -60.63892, -9.645581 ], [ -60.635082, -9.638151 ], [ -60.644611, -9.63647 ], [ -60.65502, -9.646872 ], [ -60.665705, -9.639421 ], [ -60.677146, -9.643281 ], [ -60.673754, -9.651597 ], [ -60.678035, -9.657002 ], [ -60.684997, -9.656508 ], [ -60.677306, -9.667703 ], [ -60.678732, -9.672613 ], [ -60.688509, -9.678586 ], [ -60.691512, -9.682956 ], [ -60.690079, -9.686952 ], [ -60.698335, -9.688961 ], [ -60.69801, -9.69777 ], [ -60.701956, -9.701394 ], [ -60.712461, -9.69667 ], [ -60.716728, -9.700815 ], [ -60.710933, -9.711359 ], [ -60.715393, -9.713614 ], [ -60.731835, -9.701594 ], [ -60.7426, -9.701477 ], [ -60.744416, -9.693912 ], [ -60.758272, -9.696378 ], [ -60.765336, -9.705105 ], [ -60.776727, -9.704141 ], [ -60.768063, -9.712935 ], [ -60.766664, -9.719867 ], [ -60.786164, -9.72657 ], [ -60.788427, -9.73084 ], [ -60.78617, -9.736525 ], [ -60.795536, -9.737754 ], [ -60.832447, -9.754076 ], [ -60.838179, -9.760431 ], [ -60.850479, -9.765794 ], [ -60.877117, -9.77237 ], [ -60.880898, -9.779662 ], [ -60.88681, -9.781657 ], [ -60.903533, -9.809203 ], [ -60.919005, -9.818653 ], [ -60.927007, -9.83117 ], [ -60.920972, -9.838574 ], [ -60.910343, -9.838239 ], [ -60.908354, -9.845826 ], [ -60.928308, -9.863015 ], [ -60.938737, -9.865875 ], [ -60.948149, -9.880208 ], [ -60.955439, -9.881266 ], [ -60.979716, -9.911695 ], [ -60.984701, -9.922637 ], [ -60.995581, -9.924343 ], [ -61.000955, -9.93872 ], [ -61.010585, -9.951671 ], [ -61.018992, -9.958903 ], [ -61.03114, -9.960361 ], [ -61.047584, -9.982165 ], [ -61.055988, -9.97977 ], [ -61.059124, -9.971939 ], [ -61.070939, -9.974318 ], [ -61.088548, -9.987394 ], [ -61.098714, -9.987498 ], [ -61.105236, -9.991541 ], [ -61.113055, -9.988696 ], [ -61.119814, -10.023125 ], [ -61.131165, -10.025855 ], [ -61.136513, -10.032574 ], [ -61.12738, -10.049132 ], [ -61.133741, -10.052899 ], [ -61.141113, -10.049666 ], [ -61.158295, -10.048413 ], [ -61.170053, -10.041478 ], [ -61.175428, -10.017606 ], [ -61.179677, -10.012976 ], [ -61.180155, -10.002287 ], [ -61.196564, -9.998418 ], [ -61.20725, -9.992181 ], [ -61.213253, -9.968612 ], [ -61.22523, -9.967241 ], [ -61.235225, -9.955214 ], [ -61.268818, -9.948685 ], [ -61.2755, -9.942191 ], [ -61.287914, -9.938982 ], [ -61.288768, -9.957277 ], [ -61.280843, -9.962869 ], [ -61.280284, -9.978742 ], [ -61.275549, -9.993141 ], [ -61.278846, -10.009879 ], [ -61.28762, -10.010376 ], [ -61.296615, -10.016056 ], [ -61.303217, -10.026954 ], [ -61.338444, -10.027409 ], [ -61.342192, -10.031631 ], [ -61.348303, -10.0285 ], [ -61.355375, -10.04 ], [ -61.360916, -10.040232 ], [ -61.379762, -10.02351 ], [ -61.385447, -10.02313 ], [ -61.388725, -10.015156 ], [ -61.397021, -10.01474 ], [ -61.401066, -10.018042 ], [ -61.406365, -10.011871 ], [ -61.411994, -10.01881 ], [ -61.420386, -10.002839 ], [ -61.429726, -9.999662 ], [ -61.539598, -9.999131 ], [ -61.54107, -9.99525 ], [ -61.530679, -9.989456 ], [ -61.527461, -9.970036 ], [ -61.538904, -9.963704 ], [ -61.531899, -9.952237 ], [ -61.522819, -9.948092 ], [ -61.523184, -9.940945 ], [ -61.528257, -9.934498 ], [ -61.522632, -9.927638 ], [ -61.524458, -9.906182 ], [ -61.510553, -9.895168 ], [ -61.507953, -9.872574 ], [ -61.507403, -9.860687 ], [ -61.514991, -9.843021 ], [ -61.517733, -9.822628 ], [ -61.531604, -9.819364 ], [ -61.524763, -9.807239 ], [ -61.524403, -9.795336 ], [ -61.537881, -9.793039 ], [ -61.546844, -9.787147 ], [ -61.532101, -9.75759 ], [ -61.530991, -9.739518 ], [ -61.554739, -9.728685 ], [ -61.566266, -9.72899 ], [ -61.572479, -9.723598 ], [ -61.574127, -9.717399 ], [ -61.55254, -9.706798 ], [ -61.545569, -9.715014 ], [ -61.531906, -9.711384 ], [ -61.519151, -9.696641 ], [ -61.504761, -9.690988 ], [ -61.501758, -9.679454 ], [ -61.506372, -9.661562 ], [ -61.493549, -9.658988 ], [ -61.476285, -9.62833 ], [ -61.480439, -9.623016 ], [ -61.486959, -9.626152 ], [ -61.495222, -9.624385 ], [ -61.50251, -9.614952 ], [ -61.494525, -9.583706 ], [ -61.49593, -9.573985 ], [ -61.502652, -9.572604 ], [ -61.504152, -9.567549 ], [ -61.509849, -9.564699 ], [ -61.50752, -9.540071 ], [ -61.513569, -9.538855 ], [ -61.512932, -9.528138 ], [ -61.526602, -9.532874 ], [ -61.549042, -9.514825 ], [ -61.546884, -9.510829 ], [ -61.52529, -9.501405 ], [ -61.562214, -9.485379 ], [ -61.568548, -9.476465 ], [ -61.576454, -9.474085 ], [ -61.577957, -9.469125 ], [ -61.571963, -9.463217 ], [ -61.581208, -9.458734 ], [ -61.564157, -9.437963 ], [ -61.55621, -9.435223 ], [ -61.555379, -9.421399 ], [ -61.550086, -9.417356 ], [ -61.560973, -9.400161 ], [ -61.559159, -9.392711 ], [ -61.55199, -9.38794 ], [ -61.57331, -9.370323 ], [ -61.594123, -9.368313 ], [ -61.609619, -9.362124 ], [ -61.611737, -9.355542 ], [ -61.625405, -9.36262 ], [ -61.627352, -9.351246 ], [ -61.624267, -9.336034 ], [ -61.615688, -9.326435 ], [ -61.610823, -9.315336 ], [ -61.614901, -9.305843 ], [ -61.611963, -9.279405 ], [ -61.614902, -9.278268 ], [ -61.625793, -9.283693 ], [ -61.630305, -9.279473 ], [ -61.632825, -9.270216 ], [ -61.62782, -9.256706 ], [ -61.599094, -9.255644 ], [ -61.588571, -9.243283 ], [ -61.574533, -9.236756 ], [ -61.551463, -9.243461 ], [ -61.538583, -9.243626 ], [ -61.532193, -9.2485 ], [ -61.524343, -9.242464 ], [ -61.527572, -9.230774 ], [ -61.519789, -9.191426 ], [ -61.523121, -9.178627 ], [ -61.531382, -9.170656 ], [ -61.538295, -9.15284 ], [ -61.55486, -9.131107 ], [ -61.55838, -9.11721 ], [ -61.555233, -9.092012 ], [ -61.541097, -9.05359 ], [ -61.530152, -9.041633 ], [ -61.527455, -9.018961 ], [ -61.520088, -9.000161 ], [ -61.492503, -8.942159 ], [ -61.467983, -8.916978 ], [ -61.48408, -8.90553 ], [ -61.491628, -8.884444 ], [ -61.510983, -8.863251 ], [ -61.513212, -8.836562 ], [ -61.523066, -8.818208 ], [ -61.542568, -8.818708 ], [ -61.567847, -8.800693 ], [ -61.579589, -8.802304 ], [ -61.582613, -8.7983 ], [ -61.184129, -8.798183 ], [ -61.013846, -8.798006 ], [ -60.848891, -8.797762 ], [ -60.848361, -8.79776 ], [ -60.514603, -8.796612 ], [ -60.420441, -8.796235 ], [ -60.419665, -8.796232 ], [ -60.07198, -8.799796 ], [ -59.412317, -8.802944 ], [ -59.288255, -8.802941 ], [ -59.126787, -8.802876 ], [ -59.095675, -8.802878 ], [ -58.499857, -8.802429 ], [ -58.442477, -8.799089 ], [ -58.460088, -8.841949 ], [ -58.476276, -8.859058 ], [ -58.492196, -8.870209 ], [ -58.496775, -8.885805 ], [ -58.503472, -8.892456 ], [ -58.521552, -8.901301 ], [ -58.529636, -8.899175 ], [ -58.547526, -8.885497 ], [ -58.56192, -8.887702 ], [ -58.563503, -8.893694 ], [ -58.554614, -8.911689 ], [ -58.565536, -8.925519 ], [ -58.554279, -8.934491 ], [ -58.554253, -8.941101 ], [ -58.563533, -8.958301 ], [ -58.601616, -9.00911 ], [ -58.597644, -9.022342 ], [ -58.598061, -9.035675 ], [ -58.5922, -9.048276 ], [ -58.591055, -9.068404 ], [ -58.594751, -9.07658 ], [ -58.592384, -9.08147 ], [ -58.606392, -9.094941 ], [ -58.620019, -9.11528 ], [ -58.648439, -9.136406 ], [ -58.656198, -9.147858 ], [ -58.655889, -9.156469 ], [ -58.648998, -9.17151 ], [ -58.65312, -9.189387 ], [ -58.650395, -9.201725 ], [ -58.637389, -9.209852 ], [ -58.627551, -9.234471 ], [ -58.620446, -9.265052 ], [ -58.621427, -9.273149 ], [ -58.609286, -9.302507 ], [ -58.603273, -9.30991 ], [ -58.600399, -9.326221 ], [ -58.581898, -9.345708 ], [ -58.553331, -9.367007 ], [ -58.531253, -9.390463 ], [ -58.506254, -9.401552 ], [ -58.48522, -9.411293 ], [ -58.470165, -9.42493 ], [ -58.448034, -9.435672 ], [ -58.431392, -9.450696 ], [ -58.408975, -9.455511 ], [ -58.37471, -9.452418 ], [ -58.317339, -9.435312 ], [ -58.310912, -9.435552 ], [ -58.288776, -9.447176 ], [ -58.260101, -9.495301 ], [ -58.257619, -9.506692 ], [ -58.257662, -9.539588 ], [ -58.249949, -9.557992 ], [ -58.253642, -9.573638 ], [ -58.25935, -9.577933 ], [ -58.263504, -9.588594 ], [ -58.257223, -9.654413 ], [ -58.251371, -9.667118 ], [ -58.230551, -9.69765 ], [ -58.229279, -9.733663 ], [ -58.219731, -9.761369 ], [ -58.225721, -9.779053 ], [ -58.224581, -9.784053 ], [ -58.217284, -9.790198 ], [ -58.20584, -9.791807 ], [ -58.198086, -9.798856 ], [ -58.193584, -9.843113 ], [ -58.214181, -9.865882 ], [ -58.221804, -9.872547 ], [ -58.225008, -9.881635 ], [ -58.221881, -9.899121 ], [ -58.214588, -9.920219 ], [ -58.214834, -9.935196 ], [ -58.229749, -9.952405 ], [ -58.232754, -9.963296 ], [ -58.233032, -9.988934 ], [ -58.229866, -10.000065 ], [ -58.248173, -10.026165 ], [ -58.258946, -10.035911 ], [ -58.264339, -10.047656 ], [ -58.274147, -10.061082 ], [ -58.285641, -10.08923 ], [ -58.296005, -10.10283 ], [ -58.314362, -10.11574 ], [ -58.320814, -10.124697 ], [ -58.322249, -10.152064 ], [ -58.314255, -10.170475 ], [ -58.317028, -10.183874 ], [ -58.326723, -10.203159 ], [ -58.341193, -10.221517 ], [ -58.357839, -10.268498 ], [ -58.345554, -10.315999 ], [ -58.347972, -10.358913 ], [ -58.339364, -10.374469 ], [ -58.337026, -10.385742 ], [ -58.3405, -10.401862 ], [ -58.335952, -10.410274 ], [ -58.334839, -10.426402 ], [ -58.346804, -10.447267 ], [ -58.342944, -10.463858 ], [ -58.34459, -10.46999 ], [ -58.365061, -10.4931 ], [ -58.38003, -10.512597 ], [ -58.40647, -10.535005 ], [ -58.410672, -10.554083 ], [ -58.418974, -10.568363 ], [ -58.387867, -10.611146 ], [ -58.384226, -10.620691 ], [ -58.383334, -10.629323 ], [ -58.390283, -10.648609 ], [ -58.373593, -10.676595 ], [ -58.366752, -10.698186 ], [ -58.371166, -10.722929 ], [ -58.353829, -10.756927 ], [ -58.353423, -10.757723 ], [ -58.329336, -10.794358 ], [ -58.332865, -10.822279 ], [ -58.345104, -10.834346 ], [ -58.354054, -10.849482 ], [ -58.35709, -10.861966 ], [ -58.345168, -10.877441 ], [ -58.342035, -10.901513 ], [ -58.334699, -10.911315 ], [ -58.341173, -10.92469 ], [ -58.341922, -10.949214 ], [ -58.329556, -10.963332 ], [ -58.319009, -10.969034 ], [ -58.3202, -10.983794 ], [ -58.297784, -11.019794 ], [ -58.292723, -11.022298 ], [ -58.279943, -11.016183 ] ] ] } },
{ "type": "Feature", "properties": { "HREG_ID": "51009", "HREG_NAME": "Norte Araguaia Karajá", "id": "510035", "name": "Alto Boa Vista", "description": "Alto Boa Vista", "MUN_ID": "510035", "UF": "MT", "MACRO_ID": "5104", "MACRO_NAME": "Macrorregião Leste" }, "geometry": { "type": "Polygon", "coordinates": [ [ [ -50.687589, -11.82462 ], [ -50.685848, -11.858575 ], [ -50.682193, -11.862482 ], [ -50.664917, -11.864037 ], [ -50.638832, -11.884145 ], [ -50.640115, -11.902269 ], [ -50.658659, -11.913897 ], [ -50.667439, -11.927346 ], [ -50.65428, -11.947565 ], [ -50.656378, -11.966428 ], [ -50.681782, -11.990466 ], [ -50.683612, -12.010407 ], [ -50.677393, -12.019092 ], [ -50.68662, -12.035212 ], [ -50.686141, -12.044711 ], [ -50.667166, -12.064138 ], [ -50.666821, -12.080747 ], [ -50.675573, -12.123473 ], [ -50.669899, -12.13718 ], [ -50.678579, -12.154912 ], [ -50.678725, -12.187655 ], [ -50.686415, -12.201731 ], [ -50.678221, -12.218427 ], [ -50.654975, -12.217784 ], [ -50.643253, -12.222542 ], [ -50.649498, -12.248702 ], [ -50.629881, -12.27146 ], [ -50.629083, -12.280547 ], [ -50.648459, -12.298666 ], [ -50.643115, -12.318531 ], [ -50.63736, -12.324863 ], [ -50.643847, -12.347245 ], [ -50.631834, -12.366391 ], [ -50.626416, -12.383608 ], [ -50.632219, -12.41668 ], [ -50.621847, -12.422388 ], [ -50.617798, -12.428568 ], [ -50.623117, -12.45486 ], [ -50.626728, -12.45799 ], [ -50.641806, -12.452079 ], [ -50.652582, -12.45965 ], [ -50.645563, -12.481687 ], [ -50.659141, -12.505663 ], [ -50.663253, -12.537009 ], [ -50.677136, -12.551683 ], [ -50.686021, -12.568779 ], [ -50.668972, -12.58034 ], [ -50.667525, -12.595584 ], [ -50.673416, -12.599695 ], [ -50.689444, -12.592962 ], [ -50.699608, -12.59472 ], [ -50.703664, -12.599375 ], [ -50.705688, -12.613094 ], [ -50.700689, -12.623778 ], [ -50.699231, -12.64735 ], [ -50.682067, -12.647423 ], [ -50.683838, -12.662426 ], [ -50.692151, -12.670058 ], [ -50.707964, -12.671165 ], [ -50.710156, -12.694303 ], [ -50.717343, -12.719625 ], [ -50.732589, -12.734883 ], [ -50.733964, -12.746045 ], [ -50.725639, -12.747994 ], [ -50.726464, -12.751807 ], [ -50.740619, -12.752635 ], [ -50.740325, -12.768698 ], [ -50.727003, -12.768138 ], [ -50.727815, -12.789099 ], [ -50.738073, -12.799721 ], [ -50.765004, -12.792398 ], [ -50.762778, -12.797568 ], [ -50.748617, -12.803271 ], [ -50.753326, -12.813076 ], [ -50.770266, -12.807917 ], [ -50.776919, -12.814729 ], [ -50.77245, -12.846297 ], [ -50.784941, -12.848486 ], [ -50.779493, -12.858171 ], [ -50.78004, -12.867699 ], [ -50.790044, -12.860902 ], [ -50.80559, -12.860913 ], [ -50.819468, -12.869632 ], [ -50.831393, -12.888696 ], [ -50.842222, -12.890881 ], [ -50.839442, -12.898498 ], [ -50.896305, -12.848963 ], [ -50.945675, -12.691003 ], [ -50.935948, -12.683132 ], [ -50.923111, -12.68326 ], [ -50.922943, -12.676544 ], [ -50.933524, -12.661787 ], [ -50.929112, -12.652689 ], [ -50.934136, -12.64372 ], [ -50.932889, -12.635726 ], [ -50.92478, -12.624707 ], [ -50.930196, -12.611291 ], [ -50.945134, -12.591634 ], [ -50.950101, -12.574246 ], [ -50.960274, -12.566076 ], [ -50.960135, -12.555181 ], [ -50.949641, -12.545255 ], [ -50.955976, -12.536445 ], [ -50.953054, -12.520295 ], [ -50.957692, -12.51541 ], [ -50.96772, -12.524975 ], [ -50.972918, -12.520449 ], [ -50.970641, -12.514534 ], [ -50.958273, -12.508329 ], [ -50.956778, -12.499966 ], [ -50.969904, -12.49347 ], [ -50.987681, -12.494123 ], [ -50.994636, -12.485976 ], [ -50.986774, -12.462368 ], [ -50.988187, -12.445228 ], [ -50.976727, -12.424698 ], [ -50.979078, -12.408905 ], [ -50.992501, -12.402049 ], [ -50.989853, -12.393131 ], [ -50.996498, -12.388903 ], [ -51.006027, -12.391797 ], [ -51.008778, -12.38613 ], [ -51.013494, -12.388584 ], [ -51.010715, -12.39696 ], [ -51.016637, -12.408266 ], [ -51.016251, -12.40121 ], [ -51.022104, -12.405535 ], [ -51.023054, -12.40154 ], [ -51.030941, -12.400034 ], [ -51.03622, -12.406366 ], [ -51.040833, -12.401119 ], [ -51.039469, -12.412098 ], [ -51.045029, -12.409099 ], [ -51.053772, -12.418088 ], [ -51.069945, -12.40991 ], [ -51.077165, -12.418016 ], [ -51.076273, -12.434332 ], [ -51.097443, -12.434031 ], [ -51.101804, -12.433773 ], [ -51.103081, -12.438818 ], [ -51.104696, -12.430996 ], [ -51.116633, -12.429236 ], [ -51.11752, -12.423242 ], [ -51.128253, -12.432283 ], [ -51.125053, -12.425731 ], [ -51.127434, -12.421256 ], [ -51.137639, -12.428754 ], [ -51.140756, -12.427433 ], [ -51.134978, -12.41912 ], [ -51.13639, -12.416829 ], [ -51.143272, -12.419865 ], [ -51.153193, -12.405016 ], [ -51.156499, -12.408031 ], [ -51.158998, -12.404998 ], [ -51.163278, -12.406088 ], [ -51.159386, -12.395482 ], [ -51.18866, -12.381349 ], [ -51.194307, -12.371914 ], [ -51.203884, -12.373359 ], [ -51.216738, -12.366336 ], [ -51.221525, -12.370397 ], [ -51.228643, -12.360581 ], [ -51.240005, -12.353392 ], [ -51.244024, -12.342724 ], [ -51.25364, -12.340996 ], [ -51.264859, -12.344314 ], [ -51.272503, -12.33873 ], [ -51.283869, -12.347009 ], [ -51.287477, -12.351664 ], [ -51.305138, -12.346429 ], [ -51.306606, -12.336902 ], [ -51.313915, -12.333404 ], [ -51.317142, -12.327545 ], [ -51.330198, -12.327835 ], [ -51.332856, -12.331593 ], [ -51.33769, -12.325247 ], [ -51.345162, -12.330169 ], [ -51.355424, -12.328531 ], [ -51.360525, -12.324438 ], [ -51.366303, -12.309656 ], [ -51.369027, -12.292721 ], [ -51.370556, -12.273988 ], [ -51.389082, -12.237949 ], [ -51.398141, -12.240219 ], [ -51.40086, -12.233642 ], [ -51.396041, -12.232398 ], [ -51.396344, -12.212454 ], [ -51.387256, -12.203907 ], [ -51.3941, -12.188054 ], [ -51.405493, -12.181043 ], [ -51.414691, -12.182117 ], [ -51.420794, -12.179259 ], [ -51.438971, -12.152405 ], [ -51.448298, -12.148967 ], [ -51.472044, -12.13547 ], [ -51.499854, -12.104906 ], [ -51.505718, -12.094165 ], [ -51.535025, -12.067886 ], [ -51.541628, -12.059916 ], [ -51.540627, -12.049753 ], [ -51.546117, -12.037926 ], [ -51.555659, -12.029709 ], [ -51.556874, -12.024643 ], [ -51.568361, -12.020315 ], [ -51.585393, -12.020038 ], [ -51.593671, -12.00619 ], [ -51.593724, -11.991891 ], [ -51.603869, -11.979693 ], [ -51.634355, -11.970583 ], [ -51.646774, -11.973376 ], [ -51.659634, -11.965715 ], [ -51.677521, -11.96774 ], [ -51.706048, -11.963587 ], [ -51.718327, -11.945616 ], [ -51.829866, -11.859786 ], [ -51.838532, -11.857484 ], [ -51.854076, -11.859259 ], [ -51.888399, -11.874239 ], [ -51.936757, -11.889517 ], [ -51.969347, -11.90762 ], [ -51.992211, -11.933752 ], [ -52.031219, -11.964487 ], [ -52.04362, -11.981444 ], [ -52.059861, -11.99375 ], [ -52.099801, -12.000561 ], [ -52.118883, -11.986546 ], [ -52.12706, -11.974548 ], [ -52.142771, -11.968903 ], [ -52.152282, -11.961267 ], [ -52.166885, -11.963169 ], [ -52.166866, -11.957931 ], [ -52.172503, -11.9633 ], [ -52.172558, -11.944277 ], [ -52.179332, -11.949951 ], [ -52.188331, -11.95113 ], [ -52.195497, -11.921085 ], [ -52.205359, -11.916604 ], [ -52.214194, -11.918792 ], [ -52.213721, -11.912653 ], [ -52.218998, -11.907069 ], [ -52.214858, -11.904365 ], [ -52.218345, -11.899752 ], [ -52.215586, -11.89836 ], [ -52.219696, -11.898314 ], [ -52.220746, -11.893769 ], [ -52.229393, -11.89384 ], [ -52.243681, -11.881614 ], [ -52.239553, -11.876762 ], [ -52.242778, -11.873275 ], [ -52.237025, -11.86132 ], [ -52.237613, -11.854201 ], [ -52.233948, -11.85204 ], [ -52.242472, -11.849491 ], [ -52.242773, -11.856649 ], [ -52.251474, -11.855211 ], [ -52.25353, -11.832307 ], [ -52.24953, -11.827963 ], [ -52.252692, -11.82398 ], [ -52.248336, -11.819994 ], [ -52.249084, -11.815598 ], [ -52.264836, -11.795932 ], [ -52.273581, -11.792777 ], [ -52.269306, -11.78639 ], [ -52.271569, -11.779791 ], [ -52.278494, -11.778836 ], [ -52.289182, -11.789733 ], [ -52.29403, -11.788961 ], [ -52.296472, -11.773768 ], [ -52.307779, -11.770318 ], [ -52.311669, -11.762869 ], [ -52.319503, -11.764586 ], [ -52.319648, -11.77035 ], [ -52.331602, -11.762445 ], [ -52.335721, -11.755799 ], [ -52.33558, -11.751793 ], [ -52.357517, -11.746412 ], [ -52.357641, -11.733638 ], [ -52.361616, -11.726637 ], [ -52.373218, -11.720917 ], [ -52.377895, -11.724665 ], [ -52.380632, -11.720587 ], [ -52.387577, -11.720488 ], [ -52.385612, -11.713013 ], [ -52.392307, -11.713547 ], [ -52.388444, -11.708892 ], [ -52.3977, -11.711916 ], [ -52.400973, -11.72023 ], [ -52.413671, -11.7118 ], [ -52.411894, -11.71887 ], [ -52.418028, -11.72806 ], [ -52.435834, -11.700133 ], [ -52.449053, -11.696956 ], [ -52.457503, -11.699475 ], [ -52.463362, -11.706897 ], [ -52.470005, -11.702026 ], [ -52.470672, -11.696518 ], [ -52.453501, -11.686819 ], [ -52.461393, -11.681213 ], [ -52.476085, -11.684588 ], [ -52.483112, -11.691195 ], [ -52.487086, -11.685623 ], [ -52.505376, -11.688439 ], [ -52.512032, -11.704029 ], [ -52.516197, -11.706462 ], [ -52.535633, -11.68722 ], [ -52.540278, -11.672777 ], [ -52.544922, -11.670377 ], [ -52.572557, -11.68089 ], [ -52.571329, -11.695192 ], [ -52.581334, -11.704527 ], [ -52.605774, -11.685158 ], [ -52.610557, -11.686366 ], [ -52.615279, -11.693582 ], [ -52.627861, -11.685238 ], [ -52.638273, -11.682945 ], [ -52.6515, -11.658298 ], [ -52.663134, -11.649178 ], [ -52.671446, -11.650085 ], [ -52.679721, -11.675069 ], [ -52.695337, -11.662473 ], [ -52.708051, -11.659001 ], [ -52.719167, -11.637474 ], [ -52.72861, -11.633856 ], [ -52.734377, -11.646961 ], [ -52.74082, -11.641982 ], [ -52.747975, -11.646541 ], [ -52.754943, -11.644177 ], [ -52.770586, -11.631093 ], [ -52.776865, -11.63148 ], [ -52.78695, -11.638576 ], [ -52.795694, -11.636525 ], [ -52.801468, -11.629468 ], [ -52.798443, -11.620824 ], [ -52.79169, -11.617568 ], [ -52.794093, -11.60939 ], [ -52.805393, -11.606284 ], [ -52.807309, -11.608288 ], [ -52.804644, -11.623201 ], [ -52.813697, -11.619515 ], [ -52.814944, -11.606829 ], [ -52.82186, -11.607625 ], [ -52.829502, -11.60247 ], [ -52.836103, -11.605121 ], [ -52.841503, -11.618893 ], [ -52.858738, -11.602875 ], [ -52.863569, -11.593853 ], [ -52.872779, -11.580874 ], [ -52.879586, -11.582328 ], [ -52.883531, -11.593172 ], [ -52.892389, -11.592491 ], [ -52.928529, -11.574144 ], [ -52.934335, -11.576479 ], [ -52.942444, -11.594152 ], [ -52.944377, -11.612189 ], [ -52.946818, -11.615934 ], [ -52.958337, -11.608618 ], [ -52.961518, -11.602098 ], [ -52.95984, -11.594215 ], [ -52.956971, -11.586801 ], [ -52.958896, -11.569056 ], [ -52.966691, -11.553745 ], [ -52.976309, -11.548202 ], [ -52.973302, -11.537374 ], [ -52.96247, -11.52701 ], [ -52.962987, -11.523345 ], [ -52.967588, -11.519049 ], [ -52.98314, -11.517349 ], [ -52.994729, -11.524645 ], [ -52.9995, -11.533867 ], [ -53.009526, -11.536927 ], [ -53.017169, -11.532417 ], [ -53.022502, -11.525746 ], [ -53.025669, -11.51314 ], [ -53.042637, -11.507 ], [ -53.038057, -11.498344 ], [ -53.041385, -11.478922 ], [ -53.055883, -11.470244 ], [ -53.060762, -11.454382 ], [ -53.062364, -11.453496 ], [ -53.071922, -11.451277 ], [ -53.079999, -11.462043 ], [ -53.093056, -11.454373 ], [ -53.103328, -11.453924 ], [ -53.097341, -11.4218 ], [ -53.089474, -11.419015 ], [ -53.082611, -11.424744 ], [ -53.079889, -11.415929 ], [ -53.075583, -11.413143 ], [ -53.076697, -11.409594 ], [ -53.091939, -11.401316 ], [ -53.098389, -11.402104 ], [ -53.09814, -11.411326 ], [ -53.106281, -11.413155 ], [ -53.114457, -11.399061 ], [ -53.108612, -11.394328 ], [ -53.110136, -11.37274 ], [ -53.114167, -11.371825 ], [ -53.114853, -11.376842 ], [ -53.119087, -11.378727 ], [ -53.127668, -11.370607 ], [ -53.138414, -11.370766 ], [ -53.140947, -11.363596 ], [ -53.151917, -11.362163 ], [ -53.149836, -11.350505 ], [ -53.153591, -11.33266 ], [ -53.157335, -11.332088 ], [ -53.164327, -11.34035 ], [ -53.168216, -11.339238 ], [ -53.169919, -11.326734 ], [ -53.180671, -11.328635 ], [ -53.18845, -11.311018 ], [ -53.199698, -11.307937 ], [ -53.206585, -11.29842 ], [ -53.204088, -11.294214 ], [ -53.223445, -11.279583 ], [ -53.230612, -11.283062 ], [ -53.232499, -11.29395 ], [ -53.241084, -11.282557 ], [ -53.244033, -11.26473 ], [ -53.236746, -11.260504 ], [ -53.231968, -11.269824 ], [ -53.224608, -11.268385 ], [ -53.227578, -11.252894 ], [ -53.222446, -11.248627 ], [ -53.232422, -11.239856 ], [ -53.246473, -11.213001 ], [ -53.239586, -11.201014 ], [ -53.237305, -11.187256 ], [ -53.242056, -11.173137 ], [ -53.244197, -11.138755 ], [ -53.260222, -11.118491 ], [ -53.266083, -11.090479 ], [ -53.270501, -11.085921 ], [ -53.285412, -11.080855 ], [ -53.288957, -11.06916 ], [ -53.28641, -11.059272 ], [ -53.28182, -11.047605 ], [ -53.28351, -11.03909 ], [ -53.289945, -11.030451 ], [ -53.294652, -11.026954 ], [ -53.301548, -11.020282 ], [ -53.315752, -10.997801 ], [ -53.318946, -10.974005 ], [ -53.317051, -10.957692 ], [ -53.308459, -10.943639 ], [ -53.293193, -10.92341 ], [ -53.263451, -10.900152 ], [ -53.25061, -10.8944 ], [ -53.245304, -10.886955 ], [ -53.237497, -10.870997 ], [ -53.218193, -10.862696 ], [ -53.189432, -10.857641 ], [ -53.159245, -10.857061 ], [ -53.13353, -10.848279 ], [ -53.122867, -10.834468 ], [ -53.118026, -10.835269 ], [ -53.11689, -10.839287 ], [ -53.128081, -10.856132 ], [ -53.115581, -10.861188 ], [ -53.114944, -10.869332 ], [ -53.100921, -10.888527 ], [ -53.087278, -10.887086 ], [ -53.083026, -10.894984 ], [ -53.08978, -10.89747 ], [ -53.084702, -10.901588 ], [ -53.075305, -10.902047 ], [ -53.077946, -10.893405 ], [ -53.063777, -10.896715 ], [ -53.057884, -10.88811 ], [ -53.052441, -10.88868 ], [ -53.049419, -10.895856 ], [ -53.042386, -10.889562 ], [ -53.035527, -10.895426 ], [ -53.032114, -10.89047 ], [ -53.029081, -10.891879 ], [ -53.025504, -10.897618 ], [ -53.021807, -10.892463 ], [ -53.014476, -10.896849 ], [ -53.006054, -10.890421 ], [ -53.006413, -10.897646 ], [ -53.000026, -10.901667 ], [ -52.996973, -10.897951 ], [ -52.985194, -10.90717 ], [ -52.98625, -10.909966 ], [ -52.978891, -10.911196 ], [ -52.979163, -10.914443 ], [ -52.971277, -10.917363 ], [ -52.968639, -10.924388 ], [ -52.963471, -10.925908 ], [ -52.960339, -10.9351 ], [ -52.958221, -10.93661 ], [ -52.957469, -10.933967 ], [ -52.954947, -10.938678 ], [ -52.947944, -10.939548 ], [ -52.943803, -10.944613 ], [ -52.934636, -10.947024 ], [ -52.936353, -10.953884 ], [ -52.935085, -10.951816 ], [ -52.929052, -10.955715 ], [ -52.931447, -10.961267 ], [ -52.924165, -10.966288 ], [ -52.924414, -10.972964 ], [ -52.919949, -10.97361 ], [ -52.922839, -10.976114 ], [ -52.922056, -10.982114 ], [ -52.926416, -10.98326 ], [ -52.926198, -10.988302 ], [ -52.921516, -10.991313 ], [ -52.918782, -11.00263 ], [ -52.921226, -11.004523 ], [ -52.915333, -11.009583 ], [ -52.917165, -11.011675 ], [ -52.912199, -11.020915 ], [ -52.91264, -11.040431 ], [ -52.908392, -11.037693 ], [ -52.907334, -11.041902 ], [ -52.905916, -11.039467 ], [ -52.900976, -11.04432 ], [ -52.896607, -11.042705 ], [ -52.896307, -11.04686 ], [ -52.89151, -11.045771 ], [ -52.886031, -11.051162 ], [ -52.884027, -11.061054 ], [ -52.880636, -11.05776 ], [ -52.877838, -11.06866 ], [ -52.870364, -11.075447 ], [ -52.870141, -11.08821 ], [ -52.865672, -11.088818 ], [ -52.864449, -11.092708 ], [ -52.850612, -11.098577 ], [ -52.848142, -11.103403 ], [ -52.845755, -11.096237 ], [ -52.831545, -11.100748 ], [ -52.826226, -11.105613 ], [ -52.812355, -11.108307 ], [ -52.810557, -11.103456 ], [ -52.80042, -11.102447 ], [ -52.797614, -11.096851 ], [ -52.791365, -11.096011 ], [ -52.771465, -11.054082 ], [ -52.756693, -11.04455 ], [ -52.734049, -11.052967 ], [ -52.704417, -11.05523 ], [ -52.66814, -11.080994 ], [ -52.642226, -11.069761 ], [ -52.618413, -11.077557 ], [ -52.604168, -11.070176 ], [ -52.55758, -11.067301 ], [ -52.539745, -11.072087 ], [ -52.531884, -11.088334 ], [ -52.499291, -11.094984 ], [ -52.487161, -11.094143 ], [ -52.469697, -11.083778 ], [ -52.454751, -11.079898 ], [ -52.445838, -11.067895 ], [ -52.441134, -11.097015 ], [ -52.419051, -11.091353 ], [ -52.4148, -11.084192 ], [ -52.414669, -11.083947 ], [ -52.413334, -11.074974 ], [ -52.401387, -11.069181 ], [ -52.385053, -11.054912 ], [ -52.341861, -11.055512 ], [ -52.327667, -11.050761 ], [ -52.32631, -11.053148 ], [ -52.307277, -11.053964 ], [ -52.291352, -11.046352 ], [ -52.278588, -11.04735 ], [ -52.251833, -11.037023 ], [ -52.222089, -11.031889 ], [ -52.221918, -11.03842 ], [ -52.215942, -11.038701 ], [ -52.211751, -11.049118 ], [ -52.20258, -11.051988 ], [ -52.209641, -11.054651 ], [ -52.208356, -11.059732 ], [ -52.203502, -11.058915 ], [ -52.199804, -11.065986 ], [ -52.200419, -11.072323 ], [ -52.207307, -11.071507 ], [ -52.205361, -11.075487 ], [ -52.19456, -11.075418 ], [ -52.198774, -11.086828 ], [ -52.196306, -11.090637 ], [ -52.189448, -11.086481 ], [ -52.181392, -11.09736 ], [ -52.180357, -11.094014 ], [ -52.172109, -11.092929 ], [ -52.170274, -11.106799 ], [ -52.163139, -11.110703 ], [ -52.169944, -11.1154 ], [ -52.166203, -11.117403 ], [ -52.157389, -11.126657 ], [ -52.151248, -11.12839 ], [ -52.153083, -11.134274 ], [ -52.14933, -11.13455 ], [ -52.148115, -11.131226 ], [ -52.141442, -11.138277 ], [ -52.136751, -11.13737 ], [ -52.130642, -11.143724 ], [ -52.124836, -11.144002 ], [ -52.12331, -11.152152 ], [ -52.114665, -11.154159 ], [ -52.117508, -11.161928 ], [ -52.109361, -11.160144 ], [ -52.112143, -11.171738 ], [ -52.108746, -11.174281 ], [ -52.116913, -11.186946 ], [ -52.113256, -11.194211 ], [ -52.12069, -11.199359 ], [ -52.116111, -11.200814 ], [ -52.119162, -11.21576 ], [ -52.112074, -11.227493 ], [ -52.113024, -11.231977 ], [ -52.107225, -11.239003 ], [ -52.10953, -11.242798 ], [ -52.099773, -11.252827 ], [ -52.093498, -11.254904 ], [ -52.088025, -11.26375 ], [ -52.082168, -11.263225 ], [ -52.078808, -11.269701 ], [ -52.068471, -11.273764 ], [ -52.065673, -11.270547 ], [ -52.064813, -11.278658 ], [ -52.056107, -11.27633 ], [ -52.051274, -11.28023 ], [ -52.044801, -11.279583 ], [ -52.040279, -11.284957 ], [ -52.041337, -11.290681 ], [ -52.028027, -11.294814 ], [ -52.027385, -11.310747 ], [ -52.024363, -11.313601 ], [ -52.029303, -11.314537 ], [ -52.030531, -11.326448 ], [ -52.032838, -11.328078 ], [ -52.034113, -11.325252 ], [ -52.037059, -11.329534 ], [ -52.030556, -11.333648 ], [ -52.03306, -11.352169 ], [ -52.029407, -11.357466 ], [ -52.03314, -11.363359 ], [ -52.022288, -11.375433 ], [ -52.028154, -11.379628 ], [ -52.019581, -11.385329 ], [ -52.02264, -11.386852 ], [ -52.019944, -11.38992 ], [ -52.02458, -11.392555 ], [ -52.019802, -11.395813 ], [ -52.020081, -11.401696 ], [ -52.0175, -11.402737 ], [ -52.016805, -11.399906 ], [ -52.012087, -11.405112 ], [ -52.015267, -11.41328 ], [ -52.012084, -11.412886 ], [ -52.00597, -11.419935 ], [ -52.008193, -11.422272 ], [ -52.001249, -11.429605 ], [ -51.998034, -11.441249 ], [ -51.98791, -11.44472 ], [ -51.987058, -11.450084 ], [ -51.984165, -11.448413 ], [ -51.983281, -11.455469 ], [ -51.976892, -11.458134 ], [ -51.97244, -11.466715 ], [ -51.974142, -11.46961 ], [ -51.965022, -11.471028 ], [ -51.959607, -11.482176 ], [ -51.96355, -11.483314 ], [ -51.961777, -11.486375 ], [ -51.955862, -11.488349 ], [ -51.958777, -11.489434 ], [ -51.954586, -11.496099 ], [ -51.949805, -11.496852 ], [ -51.948052, -11.503498 ], [ -51.943668, -11.503631 ], [ -51.94486, -11.507389 ], [ -51.939747, -11.511147 ], [ -51.937281, -11.526163 ], [ -51.922079, -11.517645 ], [ -51.851121, -11.505901 ], [ -51.780545, -11.517897 ], [ -51.767864, -11.511436 ], [ -51.749778, -11.483599 ], [ -51.730806, -11.481427 ], [ -51.712765, -11.465221 ], [ -51.703108, -11.46551 ], [ -51.690813, -11.460634 ], [ -51.678429, -11.463239 ], [ -51.657619, -11.459385 ], [ -51.648254, -11.447928 ], [ -51.647998, -11.437699 ], [ -51.63614, -11.42885 ], [ -51.631192, -11.419976 ], [ -51.628309, -11.404054 ], [ -51.633415, -11.395107 ], [ -51.633527, -11.380572 ], [ -51.627836, -11.36743 ], [ -51.600369, -11.358033 ], [ -51.580579, -11.355438 ], [ -51.566663, -11.339432 ], [ -51.560109, -11.326444 ], [ -51.562922, -11.320154 ], [ -51.560772, -11.311446 ], [ -51.543775, -11.294268 ], [ -51.530022, -11.288429 ], [ -51.512365, -11.26386 ], [ -51.486392, -11.2512 ], [ -51.486784, -11.239133 ], [ -51.482664, -11.229146 ], [ -51.485691, -11.204095 ], [ -51.489558, -11.198028 ], [ -51.496393, -11.201053 ], [ -51.497026, -11.196309 ], [ -51.505083, -11.192158 ], [ -51.518914, -11.175592 ], [ -51.51742, -11.16937 ], [ -51.512164, -11.165224 ], [ -51.509095, -11.150965 ], [ -51.509253, -11.134039 ], [ -51.498196, -11.131651 ], [ -51.500609, -11.128287 ], [ -51.489361, -11.115665 ], [ -51.489867, -11.111367 ], [ -51.484063, -11.111326 ], [ -51.473254, -11.088782 ], [ -51.46645, -11.0871 ], [ -51.46342, -11.080579 ], [ -51.45481, -11.0832 ], [ -51.453554, -11.074335 ], [ -51.441836, -11.06596 ], [ -51.442108, -11.056852 ], [ -51.434879, -11.059289 ], [ -51.429503, -11.054308 ], [ -51.418946, -11.052094 ], [ -51.416502, -11.044565 ], [ -51.410904, -11.04919 ], [ -51.406583, -11.046139 ], [ -51.401499, -11.039183 ], [ -51.40314, -11.032581 ], [ -51.396971, -11.023523 ], [ -51.392222, -11.019158 ], [ -51.394136, -11.015279 ], [ -51.391194, -11.011193 ], [ -51.381506, -11.015193 ], [ -51.371662, -11.010592 ], [ -51.369915, -11.014658 ], [ -51.361131, -11.015505 ], [ -51.359667, -11.005447 ], [ -51.350861, -11.006004 ], [ -51.351385, -11.00011 ], [ -51.345991, -10.997971 ], [ -51.337217, -11.001884 ], [ -51.334361, -10.997405 ], [ -51.339106, -10.988975 ], [ -51.335806, -10.980366 ], [ -51.342471, -10.975909 ], [ -51.34088, -10.97291 ], [ -51.336882, -10.972573 ], [ -51.32689, -10.98337 ], [ -51.326548, -10.999506 ], [ -51.33125, -11.004857 ], [ -51.322995, -11.017919 ], [ -51.317226, -11.017561 ], [ -51.305111, -11.007344 ], [ -51.274941, -11.004486 ], [ -51.262222, -10.992537 ], [ -51.263139, -10.985287 ], [ -51.251583, -10.980322 ], [ -51.243495, -10.981326 ], [ -51.238166, -10.970909 ], [ -51.231274, -10.965922 ], [ -51.229444, -10.958323 ], [ -51.232273, -10.950976 ], [ -51.22933, -10.946358 ], [ -51.216569, -10.946276 ], [ -51.208586, -10.941577 ], [ -51.203442, -10.943762 ], [ -51.200058, -10.938602 ], [ -51.201243, -10.932092 ], [ -51.192971, -10.921028 ], [ -51.196797, -10.917393 ], [ -51.195166, -10.912134 ], [ -51.188917, -10.912326 ], [ -51.187754, -10.921032 ], [ -51.184056, -10.919489 ], [ -51.163806, -10.927586 ], [ -51.146279, -10.918092 ], [ -51.135256, -10.896166 ], [ -51.12056, -10.900613 ], [ -51.115438, -10.896637 ], [ -51.112225, -10.88667 ], [ -51.107359, -10.887396 ], [ -51.103493, -10.882241 ], [ -51.100671, -10.887496 ], [ -51.096252, -10.885773 ], [ -51.091844, -10.876751 ], [ -51.088364, -10.879543 ], [ -51.087003, -10.883971 ], [ -51.070583, -10.881978 ], [ -51.064226, -10.865324 ], [ -51.067446, -10.863505 ], [ -51.064848, -10.856596 ], [ -51.056323, -10.854281 ], [ -51.055184, -10.846548 ], [ -51.062006, -10.84505 ], [ -51.062636, -10.839813 ], [ -51.058214, -10.834326 ], [ -51.044695, -10.831835 ], [ -51.04254, -10.835438 ], [ -51.035087, -10.827534 ], [ -51.036602, -10.816248 ], [ -51.027765, -10.814814 ], [ -51.027506, -10.811816 ], [ -51.033334, -10.804254 ], [ -51.030298, -10.801662 ], [ -51.026041, -10.804577 ], [ -51.026664, -10.79483 ], [ -51.032768, -10.795504 ], [ -51.029046, -10.784108 ], [ -51.006666, -10.780105 ], [ -51.004228, -10.76226 ], [ -50.999526, -10.762461 ], [ -50.990811, -10.773636 ], [ -50.971252, -10.774583 ], [ -50.967495, -10.761402 ], [ -50.96103, -10.755306 ], [ -50.914977, -10.741987 ], [ -50.913633, -10.728275 ], [ -50.908695, -10.730076 ], [ -50.901171, -10.727421 ], [ -50.900911, -10.72406 ], [ -50.896222, -10.722415 ], [ -50.897528, -10.715332 ], [ -50.893336, -10.71314 ], [ -50.868553, -10.707523 ], [ -50.864609, -10.71168 ], [ -50.863612, -10.707138 ], [ -50.855279, -10.703941 ], [ -50.841391, -10.710507 ], [ -50.833111, -10.710297 ], [ -50.830749, -10.704567 ], [ -50.833809, -10.698595 ], [ -50.840777, -10.697166 ], [ -50.839388, -10.705331 ], [ -50.841863, -10.70715 ], [ -50.844526, -10.704537 ], [ -50.84655, -10.699542 ], [ -50.843385, -10.691087 ], [ -50.825218, -10.687122 ], [ -50.824359, -10.675506 ], [ -50.817942, -10.671123 ], [ -50.819419, -10.665317 ], [ -50.798904, -10.654238 ], [ -50.784573, -10.648412 ], [ -50.766723, -10.647425 ], [ -50.757441, -10.651293 ], [ -50.728606, -10.65372 ], [ -50.720751, -10.646243 ], [ -50.712694, -10.646845 ], [ -50.697975, -10.651513 ], [ -50.69961, -10.656512 ], [ -50.695111, -10.658487 ], [ -50.702413, -10.668593 ], [ -50.698607, -10.674935 ], [ -50.687084, -10.669531 ], [ -50.685144, -10.675877 ], [ -50.679248, -10.675036 ], [ -50.674282, -10.678459 ], [ -50.658801, -10.671407 ], [ -50.657081, -10.68502 ], [ -50.637805, -10.687384 ], [ -50.632781, -10.685283 ], [ -50.630135, -10.675561 ], [ -50.62244, -10.675611 ], [ -50.616864, -10.670504 ], [ -50.62039, -10.662538 ], [ -50.61747, -10.657984 ], [ -50.602938, -10.659592 ], [ -50.602367, -10.673346 ], [ -50.58715, -10.685595 ], [ -50.585417, -10.703777 ], [ -50.576465, -10.718956 ], [ -50.577308, -10.73297 ], [ -50.570134, -10.752089 ], [ -50.589748, -10.786036 ], [ -50.591142, -10.799562 ], [ -50.597282, -10.804304 ], [ -50.606724, -10.804267 ], [ -50.611744, -10.809906 ], [ -50.611263, -10.82109 ], [ -50.621553, -10.839003 ], [ -50.61859, -10.863679 ], [ -50.604499, -10.872057 ], [ -50.598951, -10.884048 ], [ -50.600335, -10.900268 ], [ -50.621671, -10.917791 ], [ -50.632491, -10.935527 ], [ -50.619787, -10.968492 ], [ -50.624386, -10.983423 ], [ -50.617139, -11.002009 ], [ -50.616971, -11.031584 ], [ -50.611002, -11.04256 ], [ -50.609003, -11.067029 ], [ -50.617138, -11.085394 ], [ -50.636588, -11.10013 ], [ -50.643432, -11.122766 ], [ -50.646999, -11.126198 ], [ -50.658198, -11.128399 ], [ -50.664081, -11.154215 ], [ -50.659436, -11.186957 ], [ -50.661366, -11.202722 ], [ -50.653832, -11.218229 ], [ -50.655582, -11.239819 ], [ -50.669652, -11.284167 ], [ -50.67854, -11.294502 ], [ -50.696358, -11.30424 ], [ -50.698234, -11.310135 ], [ -50.706644, -11.327748 ], [ -50.705301, -11.34108 ], [ -50.711805, -11.359427 ], [ -50.728055, -11.382148 ], [ -50.72653, -11.410728 ], [ -50.738804, -11.434967 ], [ -50.741608, -11.459931 ], [ -50.738656, -11.470947 ], [ -50.738887, -11.498735 ], [ -50.73434, -11.511404 ], [ -50.740533, -11.53682 ], [ -50.715531, -11.578534 ], [ -50.681683, -11.582733 ], [ -50.669631, -11.581167 ], [ -50.657018, -11.592387 ], [ -50.657728, -11.616162 ], [ -50.664166, -11.626192 ], [ -50.662394, -11.646489 ], [ -50.661695, -11.668047 ], [ -50.663246, -11.677107 ], [ -50.673613, -11.692256 ], [ -50.692025, -11.700711 ], [ -50.721135, -11.731293 ], [ -50.721586, -11.739279 ], [ -50.713522, -11.756995 ], [ -50.707405, -11.767814 ], [ -50.700131, -11.803046 ], [ -50.687589, -11.82462 ] ] ] } },
{ "type": "Feature", "properties": { "HREG_ID": "51010", "HREG_NAME": "Norte Matogrossense", "id": "510320", "name": "Colíder", "description": "Colíder", "MUN_ID": "510320", "UF": "MT", "MACRO_ID": "5103", "MACRO_NAME": "Macrorregião Norte" }, "geometry": { "type": "Polygon", "coordinates": [ [ [ -55.155219, -10.734105 ], [ -55.139139, -10.732815 ], [ -55.134911, -10.738989 ], [ -55.113826, -10.743634 ], [ -55.101903, -10.753185 ], [ -55.082476, -10.747014 ], [ -55.07738, -10.734453 ], [ -55.079209, -10.722281 ], [ -54.995701, -10.725527 ], [ -54.973608, -10.723784 ], [ -54.955625, -10.716145 ], [ -54.952735, -10.720851 ], [ -54.94581, -10.721177 ], [ -54.942619, -10.725918 ], [ -54.935457, -10.728102 ], [ -54.924523, -10.720516 ], [ -54.916878, -10.722027 ], [ -54.903524, -10.71684 ], [ -54.880253, -10.72687 ], [ -54.867234, -10.720687 ], [ -54.863457, -10.712141 ], [ -54.843229, -10.70579 ], [ -54.841351, -10.694877 ], [ -54.835953, -10.692385 ], [ -54.83295, -10.686152 ], [ -54.834436, -10.678054 ], [ -54.824637, -10.675791 ], [ -54.818738, -10.669724 ], [ -54.81411, -10.647655 ], [ -54.815749, -10.638412 ], [ -54.806808, -10.633454 ], [ -54.797667, -10.618428 ], [ -54.799326, -10.615626 ], [ -54.797163, -10.618528 ], [ -54.785195, -10.618962 ], [ -54.774333, -10.612898 ], [ -54.765814, -10.612204 ], [ -54.765137, -10.605127 ], [ -54.756945, -10.610508 ], [ -54.746747, -10.610886 ], [ -54.734612, -10.604623 ], [ -54.72836, -10.607295 ], [ -54.728696, -10.613739 ], [ -54.722472, -10.609513 ], [ -54.724169, -10.604727 ], [ -54.718415, -10.602416 ], [ -54.706086, -10.609848 ], [ -54.705113, -10.603948 ], [ -54.698416, -10.603528 ], [ -54.696996, -10.598893 ], [ -54.692861, -10.601306 ], [ -54.686967, -10.59229 ], [ -54.683668, -10.592269 ], [ -54.682804, -10.597153 ], [ -54.679173, -10.591864 ], [ -54.671556, -10.593254 ], [ -54.666864, -10.584611 ], [ -54.674309, -10.581856 ], [ -54.67381, -10.576143 ], [ -54.667776, -10.574007 ], [ -54.671114, -10.567144 ], [ -54.661947, -10.557644 ], [ -54.658006, -10.559335 ], [ -54.648419, -10.555359 ], [ -54.647359, -10.559069 ], [ -54.643358, -10.555866 ], [ -54.64086, -10.548503 ], [ -54.643638, -10.54499 ], [ -54.63911, -10.53706 ], [ -54.632063, -10.536098 ], [ -54.633191, -10.543365 ], [ -54.630258, -10.54605 ], [ -54.622978, -10.53866 ], [ -54.61911, -10.54117 ], [ -54.617302, -10.537465 ], [ -54.613335, -10.541219 ], [ -54.613611, -10.55173 ], [ -54.609665, -10.552334 ], [ -54.611946, -10.55525 ], [ -54.605249, -10.564991 ], [ -54.608141, -10.571089 ], [ -54.600225, -10.574385 ], [ -54.604142, -10.577678 ], [ -54.605418, -10.590196 ], [ -54.601554, -10.590439 ], [ -54.604216, -10.601709 ], [ -54.600336, -10.608377 ], [ -54.592143, -10.600338 ], [ -54.582941, -10.605517 ], [ -54.580503, -10.601787 ], [ -54.585085, -10.600187 ], [ -54.584192, -10.595381 ], [ -54.575944, -10.597212 ], [ -54.578115, -10.600401 ], [ -54.569027, -10.592896 ], [ -54.567586, -10.598775 ], [ -54.56261, -10.601368 ], [ -54.560256, -10.598714 ], [ -54.553252, -10.605735 ], [ -54.53519, -10.593706 ], [ -54.532671, -10.588611 ], [ -54.534666, -10.580108 ], [ -54.523867, -10.569955 ], [ -54.518615, -10.571176 ], [ -54.50392, -10.564167 ], [ -54.492423, -10.568079 ], [ -54.48516, -10.564059 ], [ -54.481608, -10.565729 ], [ -54.461386, -10.551239 ], [ -54.444914, -10.551777 ], [ -54.441721, -10.544144 ], [ -54.436881, -10.544527 ], [ -54.430386, -10.539313 ], [ -54.429442, -10.54236 ], [ -54.421865, -10.534214 ], [ -54.409146, -10.510943 ], [ -54.412802, -10.506147 ], [ -54.399373, -10.501437 ], [ -54.39817, -10.493663 ], [ -54.387741, -10.486905 ], [ -54.37758, -10.470848 ], [ -54.351029, -10.455774 ], [ -54.341529, -10.455737 ], [ -54.339782, -10.452619 ], [ -54.333495, -10.45918 ], [ -54.325899, -10.455215 ], [ -54.325748, -10.457462 ], [ -54.313278, -10.456101 ], [ -54.304468, -10.460422 ], [ -54.300899, -10.453926 ], [ -54.289164, -10.454648 ], [ -54.280837, -10.447501 ], [ -54.271171, -10.446096 ], [ -54.264008, -10.439871 ], [ -54.265365, -10.436679 ], [ -54.254281, -10.440919 ], [ -54.246415, -10.433144 ], [ -54.224722, -10.438075 ], [ -54.218643, -10.443994 ], [ -54.215919, -10.438688 ], [ -54.201002, -10.443506 ], [ -54.18126, -10.435516 ], [ -54.177565, -10.439527 ], [ -54.153335, -10.449193 ], [ -54.106645, -10.452367 ], [ -54.093527, -10.446727 ], [ -54.082341, -10.448098 ], [ -54.041108, -10.49401 ], [ -53.975773, -10.514776 ], [ -53.94316, -10.546348 ], [ -53.922446, -10.565435 ], [ -53.860907, -10.562212 ], [ -53.823887, -10.545891 ], [ -53.785722, -10.538529 ], [ -53.741886, -10.540854 ], [ -53.664802, -10.51531 ], [ -53.635531, -10.524099 ], [ -53.432877, -10.599104 ], [ -53.316279, -10.643498 ], [ -53.126413, -10.772649 ], [ -53.098011, -10.776612 ], [ -53.098053, -10.777592 ], [ -53.100502, -10.791393 ], [ -53.110778, -10.812061 ], [ -53.121279, -10.823329 ], [ -53.122867, -10.834468 ], [ -53.13353, -10.848279 ], [ -53.159245, -10.857061 ], [ -53.189432, -10.857641 ], [ -53.218193, -10.862696 ], [ -53.237497, -10.870997 ], [ -53.245304, -10.886955 ], [ -53.25061, -10.8944 ], [ -53.263451, -10.900152 ], [ -53.293193, -10.92341 ], [ -53.308459, -10.943639 ], [ -53.317051, -10.957692 ], [ -53.322147, -10.959237 ], [ -53.337218, -10.98926 ], [ -53.339582, -11.0044 ], [ -53.322801, -11.008928 ], [ -53.319162, -11.014985 ], [ -53.321641, -11.020143 ], [ -53.350113, -11.026753 ], [ -53.361393, -11.023855 ], [ -53.370361, -11.01581 ], [ -53.373113, -11.020598 ], [ -53.367691, -11.039779 ], [ -53.380611, -11.054534 ], [ -53.390579, -11.056703 ], [ -53.415778, -11.050903 ], [ -53.424479, -11.048647 ], [ -53.431168, -11.051721 ], [ -53.435931, -11.048185 ], [ -53.444278, -11.054069 ], [ -53.460117, -11.051349 ], [ -53.47367, -11.056679 ], [ -53.486668, -11.054597 ], [ -53.495305, -11.073593 ], [ -53.51847, -11.095809 ], [ -53.522113, -11.09483 ], [ -53.522033, -11.088384 ], [ -53.527452, -11.081685 ], [ -53.5372, -11.080722 ], [ -53.545677, -11.087093 ], [ -53.559719, -11.084727 ], [ -53.581583, -11.104745 ], [ -53.590211, -11.118396 ], [ -53.598357, -11.122759 ], [ -53.604633, -11.12224 ], [ -53.610002, -11.121307 ], [ -53.623724, -11.127293 ], [ -53.630339, -11.125234 ], [ -53.623583, -11.132248 ], [ -53.63367, -11.139114 ], [ -53.640809, -11.139882 ], [ -53.64561, -11.151224 ], [ -53.653556, -11.152499 ], [ -53.660197, -11.141784 ], [ -53.675026, -11.148961 ], [ -53.675112, -11.155179 ], [ -53.682578, -11.157902 ], [ -53.678664, -11.162842 ], [ -53.681967, -11.165322 ], [ -53.678392, -11.170002 ], [ -53.684473, -11.175938 ], [ -53.680004, -11.177138 ], [ -53.681055, -11.181097 ], [ -53.685053, -11.181101 ], [ -53.687641, -11.186002 ], [ -53.69964, -11.189327 ], [ -53.713001, -11.176979 ], [ -53.716693, -11.184107 ], [ -53.709884, -11.190494 ], [ -53.709164, -11.196198 ], [ -53.71445, -11.204048 ], [ -53.721054, -11.200948 ], [ -53.727278, -11.203094 ], [ -53.723949, -11.20733 ], [ -53.725416, -11.213697 ], [ -53.731887, -11.220176 ], [ -53.741027, -11.208693 ], [ -53.752613, -11.212284 ], [ -53.749701, -11.215212 ], [ -53.752921, -11.21873 ], [ -53.748173, -11.234312 ], [ -53.75617, -11.242037 ], [ -53.762527, -11.240815 ], [ -53.765978, -11.243837 ], [ -53.766832, -11.250219 ], [ -53.758726, -11.254102 ], [ -53.771274, -11.260051 ], [ -53.776691, -11.267638 ], [ -53.775054, -11.275639 ], [ -53.780139, -11.290327 ], [ -53.791054, -11.288338 ], [ -53.79278, -11.285264 ], [ -53.788119, -11.272249 ], [ -53.796725, -11.273721 ], [ -53.801645, -11.271419 ], [ -53.798671, -11.269282 ], [ -53.800667, -11.266979 ], [ -53.816192, -11.267215 ], [ -53.819446, -11.261977 ], [ -53.825553, -11.260748 ], [ -53.827282, -11.254828 ], [ -53.837336, -11.257654 ], [ -53.845808, -11.252072 ], [ -53.851612, -11.257814 ], [ -53.853364, -11.254508 ], [ -53.849839, -11.252244 ], [ -53.865446, -11.246964 ], [ -53.868359, -11.249966 ], [ -53.871307, -11.243702 ], [ -53.878138, -11.247367 ], [ -53.885164, -11.241241 ], [ -53.88878, -11.243981 ], [ -53.890358, -11.241378 ], [ -53.89878, -11.245272 ], [ -53.903057, -11.24337 ], [ -53.904112, -11.238689 ], [ -53.905859, -11.244431 ], [ -53.911025, -11.240471 ], [ -53.913058, -11.244621 ], [ -53.917555, -11.241721 ], [ -53.918697, -11.245707 ], [ -53.922862, -11.244614 ], [ -53.920916, -11.242444 ], [ -53.938277, -11.245886 ], [ -53.94664, -11.242362 ], [ -53.95325, -11.250733 ], [ -53.958754, -11.248788 ], [ -53.959972, -11.253328 ], [ -53.962638, -11.250501 ], [ -53.967665, -11.251732 ], [ -53.964284, -11.253492 ], [ -53.965776, -11.25747 ], [ -53.984606, -11.247787 ], [ -53.998225, -11.253466 ], [ -54.000779, -11.250774 ], [ -54.000917, -11.254326 ], [ -54.006111, -11.250808 ], [ -54.011832, -11.255021 ], [ -54.017079, -11.24807 ], [ -54.025277, -11.257662 ], [ -54.02872, -11.256249 ], [ -54.042477, -11.265225 ], [ -54.043502, -11.2617 ], [ -54.05072, -11.266283 ], [ -54.051865, -11.263705 ], [ -54.053414, -11.270159 ], [ -54.055024, -11.267077 ], [ -54.057387, -11.271092 ], [ -54.063589, -11.270295 ], [ -54.066107, -11.2754 ], [ -54.06739, -11.271728 ], [ -54.075673, -11.283354 ], [ -54.084365, -11.284672 ], [ -54.084803, -11.282434 ], [ -54.092921, -11.285981 ], [ -54.111923, -11.283524 ], [ -54.117996, -11.287626 ], [ -54.119172, -11.293728 ], [ -54.123671, -11.292382 ], [ -54.127223, -11.297052 ], [ -54.125776, -11.294224 ], [ -54.128116, -11.29389 ], [ -54.128754, -11.299682 ], [ -54.132061, -11.300737 ], [ -54.147474, -11.294467 ], [ -54.166332, -11.291899 ], [ -54.185928, -11.298273 ], [ -54.191006, -11.300579 ], [ -54.202723, -11.321168 ], [ -54.224814, -11.327231 ], [ -54.243891, -11.336892 ], [ -54.248863, -11.344988 ], [ -54.265813, -11.352388 ], [ -54.268814, -11.3576 ], [ -54.276975, -11.357964 ], [ -54.301694, -11.368718 ], [ -54.317198, -11.353513 ], [ -54.336116, -11.353826 ], [ -54.348205, -11.345351 ], [ -54.364124, -11.31984 ], [ -54.368604, -11.325031 ], [ -54.393134, -11.323842 ], [ -54.422188, -11.308819 ], [ -54.421906, -11.327091 ], [ -54.430526, -11.334394 ], [ -54.432821, -11.344285 ], [ -54.446506, -11.364627 ], [ -54.469839, -11.381088 ], [ -54.47617, -11.39586 ], [ -54.491001, -11.401287 ], [ -54.511249, -11.415339 ], [ -54.549644, -11.354302 ], [ -54.554419, -11.336898 ], [ -54.542863, -11.313553 ], [ -54.54306, -11.301697 ], [ -54.559085, -11.280668 ], [ -54.556111, -11.259529 ], [ -54.566248, -11.238961 ], [ -54.566333, -11.221757 ], [ -54.578194, -11.208816 ], [ -54.584171, -11.189893 ], [ -54.593973, -11.184247 ], [ -54.598893, -11.187947 ], [ -54.608419, -11.195947 ], [ -54.617946, -11.194089 ], [ -54.62167, -11.209578 ], [ -54.643029, -11.203765 ], [ -54.647004, -11.212057 ], [ -54.643913, -11.218029 ], [ -54.647229, -11.226591 ], [ -54.663193, -11.225082 ], [ -54.669115, -11.247299 ], [ -54.684146, -11.255565 ], [ -54.696556, -11.256602 ], [ -54.703252, -11.256677 ], [ -54.705696, -11.260667 ], [ -54.70714, -11.252645 ], [ -54.71164, -11.25277 ], [ -54.720501, -11.258742 ], [ -54.725108, -11.252674 ], [ -54.721505, -11.254401 ], [ -54.720142, -11.250996 ], [ -54.72839, -11.249765 ], [ -54.730137, -11.255835 ], [ -54.741507, -11.250483 ], [ -54.74486, -11.257914 ], [ -54.751748, -11.262207 ], [ -54.756227, -11.252233 ], [ -54.760113, -11.256438 ], [ -54.758248, -11.264595 ], [ -54.766893, -11.254396 ], [ -54.780282, -11.254206 ], [ -54.77933, -11.257599 ], [ -54.786278, -11.262797 ], [ -54.783168, -11.264665 ], [ -54.788814, -11.268938 ], [ -54.794504, -11.260352 ], [ -54.798889, -11.263295 ], [ -54.798669, -11.269924 ], [ -54.811975, -11.269706 ], [ -54.822584, -11.279757 ], [ -54.829693, -11.275308 ], [ -54.83633, -11.282748 ], [ -54.85775, -11.279032 ], [ -54.85542, -11.287184 ], [ -54.862952, -11.288208 ], [ -54.875584, -11.27069 ], [ -54.886337, -11.264585 ], [ -54.899025, -11.242391 ], [ -54.910414, -11.232838 ], [ -54.920864, -11.195037 ], [ -54.919886, -11.17565 ], [ -54.943917, -11.169024 ], [ -54.96472, -11.170131 ], [ -54.975196, -11.175892 ], [ -54.98336, -11.174917 ], [ -55.008332, -11.18438 ], [ -55.01994, -11.184295 ], [ -55.056275, -11.208528 ], [ -55.072865, -11.205098 ], [ -55.099942, -11.210803 ], [ -55.110672, -11.209984 ], [ -55.128892, -11.202486 ], [ -55.152221, -11.185676 ], [ -55.154053, -11.19779 ], [ -55.170833, -11.230781 ], [ -55.170795, -11.262896 ], [ -55.175699, -11.274546 ], [ -55.191957, -11.282614 ], [ -55.202519, -11.302765 ], [ -55.213864, -11.303523 ], [ -55.22681, -11.309796 ], [ -55.227164, -11.280554 ], [ -55.244456, -11.282155 ], [ -55.251742, -11.2775 ], [ -55.282195, -11.278039 ], [ -55.28997, -11.266009 ], [ -55.303975, -11.262117 ], [ -55.322197, -11.246915 ], [ -55.319613, -11.233177 ], [ -55.325274, -11.219624 ], [ -55.322082, -11.20995 ], [ -55.327667, -11.19584 ], [ -55.337643, -11.180919 ], [ -55.349971, -11.175847 ], [ -55.375865, -11.150612 ], [ -55.379806, -11.142378 ], [ -55.392635, -11.159269 ], [ -55.413415, -11.171098 ], [ -55.436171, -11.19449 ], [ -55.440669, -11.215284 ], [ -55.451864, -11.23643 ], [ -55.450026, -11.253245 ], [ -55.455169, -11.265354 ], [ -55.444389, -11.278566 ], [ -55.453918, -11.288227 ], [ -55.46456, -11.307653 ], [ -55.467973, -11.321118 ], [ -55.465335, -11.348328 ], [ -55.461228, -11.356744 ], [ -55.471859, -11.370112 ], [ -55.491198, -11.376603 ], [ -55.510974, -11.402838 ], [ -55.529115, -11.396499 ], [ -55.540084, -11.387985 ], [ -55.550171, -11.386322 ], [ -55.561833, -11.373834 ], [ -55.576754, -11.368631 ], [ -55.582252, -11.362203 ], [ -55.589723, -11.359594 ], [ -55.607895, -11.327575 ], [ -55.615031, -11.321077 ], [ -55.616139, -11.309432 ], [ -55.624888, -11.304945 ], [ -55.641808, -11.30826 ], [ -55.664497, -11.29783 ], [ -55.690252, -11.29838 ], [ -55.733365, -11.326028 ], [ -55.736114, -11.332311 ], [ -55.734277, -11.339072 ], [ -55.760116, -11.333731 ], [ -55.794502, -11.306812 ], [ -55.817056, -11.305772 ], [ -55.825975, -11.302545 ], [ -55.867859, -11.270929 ], [ -55.943148, -11.239579 ], [ -55.995391, -11.218289 ], [ -56.002359, -11.212253 ], [ -56.026527, -11.211168 ], [ -56.039885, -11.198798 ], [ -56.073276, -11.179132 ], [ -56.088193, -11.176852 ], [ -56.130422, -11.161617 ], [ -56.141169, -11.153031 ], [ -56.156228, -11.154101 ], [ -56.178572, -11.144275 ], [ -56.200101, -11.14007 ], [ -56.252033, -11.111053 ], [ -56.294943, -11.099074 ], [ -56.321585, -11.099799 ], [ -56.361149, -11.093141 ], [ -56.384219, -11.087762 ], [ -56.404, -11.087033 ], [ -56.443644, -11.107021 ], [ -56.45876, -11.099647 ], [ -56.497721, -11.099115 ], [ -56.51164, -11.074351 ], [ -56.522145, -11.068535 ], [ -56.542309, -11.064276 ], [ -56.557698, -11.053198 ], [ -56.580449, -11.055118 ], [ -56.612309, -11.049047 ], [ -56.615809, -11.042413 ], [ -56.614889, -11.034492 ], [ -56.601305, -11.012067 ], [ -56.592449, -11.005277 ], [ -56.581556, -11.002615 ], [ -56.580086, -10.995761 ], [ -56.562754, -10.979597 ], [ -56.547803, -10.975412 ], [ -56.544806, -10.971364 ], [ -56.559583, -10.958783 ], [ -56.560891, -10.951305 ], [ -56.550529, -10.944363 ], [ -56.548839, -10.929545 ], [ -56.53667, -10.926161 ], [ -56.522337, -10.912407 ], [ -56.507563, -10.882789 ], [ -56.498533, -10.87279 ], [ -56.467696, -10.860165 ], [ -56.456532, -10.849171 ], [ -56.443498, -10.846684 ], [ -56.404175, -10.799911 ], [ -56.402724, -10.769414 ], [ -56.414032, -10.699944 ], [ -56.432149, -10.682974 ], [ -56.40431, -10.659918 ], [ -56.392556, -10.639066 ], [ -56.398971, -10.623608 ], [ -56.411037, -10.61665 ], [ -56.40453, -10.592336 ], [ -56.407838, -10.578244 ], [ -56.357865, -10.594606 ], [ -56.331829, -10.576791 ], [ -56.302057, -10.586299 ], [ -56.269754, -10.581056 ], [ -56.262335, -10.576302 ], [ -56.261581, -10.559763 ], [ -56.255836, -10.55518 ], [ -56.254941, -10.54863 ], [ -56.234464, -10.531282 ], [ -56.243026, -10.515835 ], [ -56.2407, -10.503232 ], [ -56.237664, -10.501698 ], [ -56.24003, -10.494014 ], [ -56.252532, -10.488268 ], [ -56.262457, -10.477757 ], [ -56.26645, -10.462837 ], [ -56.283192, -10.451694 ], [ -56.284586, -10.447095 ], [ -56.277306, -10.433414 ], [ -56.280896, -10.42347 ], [ -56.293583, -10.416295 ], [ -56.280057, -10.403555 ], [ -56.255442, -10.400394 ], [ -56.2377, -10.390655 ], [ -56.224783, -10.396354 ], [ -56.205143, -10.395592 ], [ -56.14861, -10.375061 ], [ -56.138396, -10.36745 ], [ -56.123495, -10.367792 ], [ -56.105834, -10.363509 ], [ -56.071061, -10.3381 ], [ -56.065921, -10.338204 ], [ -56.060559, -10.346794 ], [ -56.053059, -10.366622 ], [ -56.030024, -10.371485 ], [ -56.020279, -10.393728 ], [ -56.014373, -10.395269 ], [ -56.004836, -10.391163 ], [ -55.994167, -10.39488 ], [ -55.975945, -10.385746 ], [ -55.954834, -10.383255 ], [ -55.937673, -10.388089 ], [ -55.931591, -10.391427 ], [ -55.923199, -10.382407 ], [ -55.911446, -10.359969 ], [ -55.883256, -10.335074 ], [ -55.869023, -10.312733 ], [ -55.859607, -10.295939 ], [ -55.831335, -10.275549 ], [ -55.814999, -10.245718 ], [ -55.80617, -10.241919 ], [ -55.734498, -10.233815 ], [ -55.701865, -10.250299 ], [ -55.687945, -10.252098 ], [ -55.668056, -10.255609 ], [ -55.625954, -10.245654 ], [ -55.587835, -10.21823 ], [ -55.570974, -10.184128 ], [ -55.578445, -10.168465 ], [ -55.565943, -10.140454 ], [ -55.566637, -10.126576 ], [ -55.567121, -10.116897 ], [ -55.56715, -10.116323 ], [ -55.558642, -10.100189 ], [ -55.560588, -10.079804 ], [ -55.555068, -10.061468 ], [ -55.546084, -10.06131 ], [ -55.542222, -10.064499 ], [ -55.52814, -10.078613 ], [ -55.523628, -10.092908 ], [ -55.516811, -10.097457 ], [ -55.493865, -10.098445 ], [ -55.479224, -10.124597 ], [ -55.457004, -10.123152 ], [ -55.439588, -10.141086 ], [ -55.423167, -10.152499 ], [ -55.417055, -10.161573 ], [ -55.377864, -10.165921 ], [ -55.362637, -10.173737 ], [ -55.349556, -10.185968 ], [ -55.343901, -10.184895 ], [ -55.333003, -10.172994 ], [ -55.325257, -10.174947 ], [ -55.315691, -10.163715 ], [ -55.292863, -10.154815 ], [ -55.275361, -10.144712 ], [ -55.267753, -10.126092 ], [ -55.266222, -10.112456 ], [ -55.242857, -10.091306 ], [ -55.235587, -10.100165 ], [ -55.229193, -10.118474 ], [ -55.244248, -10.132231 ], [ -55.241347, -10.143808 ], [ -55.227638, -10.174804 ], [ -55.229361, -10.188365 ], [ -55.219362, -10.201492 ], [ -55.218582, -10.212714 ], [ -55.223222, -10.222528 ], [ -55.210552, -10.227442 ], [ -55.204751, -10.225818 ], [ -55.207279, -10.21121 ], [ -55.204585, -10.206148 ], [ -55.184284, -10.212723 ], [ -55.172555, -10.209664 ], [ -55.164781, -10.217068 ], [ -55.16792, -10.233358 ], [ -55.165082, -10.263087 ], [ -55.154112, -10.278067 ], [ -55.155637, -10.301159 ], [ -55.167999, -10.303918 ], [ -55.171193, -10.310928 ], [ -55.169525, -10.31674 ], [ -55.172473, -10.321907 ], [ -55.163893, -10.339367 ], [ -55.167253, -10.354035 ], [ -55.181112, -10.365509 ], [ -55.189503, -10.36631 ], [ -55.196583, -10.378124 ], [ -55.200528, -10.378184 ], [ -55.212274, -10.413148 ], [ -55.220773, -10.416677 ], [ -55.225393, -10.428003 ], [ -55.225196, -10.438133 ], [ -55.241621, -10.457425 ], [ -55.250866, -10.46399 ], [ -55.25603, -10.476335 ], [ -55.263394, -10.481612 ], [ -55.293693, -10.477225 ], [ -55.312913, -10.458343 ], [ -55.322388, -10.463412 ], [ -55.331221, -10.462986 ], [ -55.350276, -10.482125 ], [ -55.334008, -10.490644 ], [ -55.329999, -10.499913 ], [ -55.333278, -10.510648 ], [ -55.320138, -10.520647 ], [ -55.309665, -10.534809 ], [ -55.298059, -10.534043 ], [ -55.282197, -10.540589 ], [ -55.276584, -10.546677 ], [ -55.273696, -10.548486 ], [ -55.2712, -10.551768 ], [ -55.25864, -10.552624 ], [ -55.258005, -10.55805 ], [ -55.249947, -10.556301 ], [ -55.248552, -10.561449 ], [ -55.239587, -10.56549 ], [ -55.228284, -10.595037 ], [ -55.227896, -10.603634 ], [ -55.224385, -10.607879 ], [ -55.21653, -10.60893 ], [ -55.216117, -10.621867 ], [ -55.210027, -10.628636 ], [ -55.203172, -10.630505 ], [ -55.203027, -10.637836 ], [ -55.191667, -10.647109 ], [ -55.188338, -10.65551 ], [ -55.190675, -10.664207 ], [ -55.1847, -10.670337 ], [ -55.175889, -10.672379 ], [ -55.171726, -10.686116 ], [ -55.158034, -10.699726 ], [ -55.163944, -10.706357 ], [ -55.161532, -10.72355 ], [ -55.155219, -10.734105 ] ] ] } },
{ "type": "Feature", "properties": { "HREG_ID": "51011", "HREG_NAME": "Oeste Matogrossense", "id": "510125", "name": "Araputanga", "description": "Araputanga", "MUN_ID": "510125", "UF": "MT", "MACRO_ID": "5102", "MACRO_NAME": "Macrorregião Oeste" }, "geometry": { "type": "Polygon", "coordinates": [ [ [ -58.91666, -15.589316 ], [ -58.896445, -15.593315 ], [ -58.879562, -15.597419 ], [ -58.853485, -15.598183 ], [ -58.8484, -15.602006 ], [ -58.839589, -15.613291 ], [ -58.824619, -15.610008 ], [ -58.797926, -15.618663 ], [ -58.776671, -15.642037 ], [ -58.749536, -15.64451 ], [ -58.733203, -15.654237 ], [ -58.727533, -15.671708 ], [ -58.726467, -15.674381 ], [ -58.71423, -15.684433 ], [ -58.673147, -15.68322 ], [ -58.559021, -15.691882 ], [ -58.557171, -15.691985 ], [ -58.546509, -15.674874 ], [ -58.55529, -15.671178 ], [ -58.558286, -15.666124 ], [ -58.551651, -15.658033 ], [ -58.556647, -15.649915 ], [ -58.565456, -15.644578 ], [ -58.566387, -15.63703 ], [ -58.559122, -15.634399 ], [ -58.561891, -15.623974 ], [ -58.55498, -15.616782 ], [ -58.558534, -15.611375 ], [ -58.558287, -15.603186 ], [ -58.551837, -15.59445 ], [ -58.556538, -15.594066 ], [ -58.555285, -15.584221 ], [ -58.565515, -15.584 ], [ -58.571758, -15.579176 ], [ -58.570365, -15.572065 ], [ -58.579846, -15.566372 ], [ -58.582181, -15.554668 ], [ -58.57443, -15.551289 ], [ -58.581731, -15.546748 ], [ -58.584731, -15.534328 ], [ -58.584513, -15.529599 ], [ -58.578365, -15.526421 ], [ -58.582648, -15.516383 ], [ -58.579477, -15.508814 ], [ -58.598206, -15.496638 ], [ -58.601037, -15.488478 ], [ -58.599453, -15.480217 ], [ -58.602177, -15.478594 ], [ -58.599475, -15.473153 ], [ -58.607034, -15.459659 ], [ -58.611512, -15.458952 ], [ -58.606207, -15.452221 ], [ -58.619292, -15.433753 ], [ -58.622625, -15.413451 ], [ -58.631063, -15.404318 ], [ -58.628483, -15.398594 ], [ -58.632117, -15.394438 ], [ -58.635207, -15.395447 ], [ -58.642919, -15.384951 ], [ -58.642688, -15.373985 ], [ -58.646784, -15.374801 ], [ -58.646064, -15.367082 ], [ -58.650175, -15.364282 ], [ -58.653787, -15.349883 ], [ -58.6639, -15.343918 ], [ -58.659987, -15.339189 ], [ -58.6684, -15.338499 ], [ -58.671536, -15.32744 ], [ -58.680707, -15.322661 ], [ -58.680699, -15.318579 ], [ -58.695979, -15.313007 ], [ -58.700923, -15.309937 ], [ -58.699647, -15.302853 ], [ -58.706009, -15.297072 ], [ -58.706699, -15.287089 ], [ -58.71279, -15.288746 ], [ -58.7162, -15.266534 ], [ -58.725558, -15.249144 ], [ -58.729984, -15.220494 ], [ -58.726947, -15.173778 ], [ -58.722312, -15.163244 ], [ -58.7259, -15.153813 ], [ -58.727507, -15.145663 ], [ -58.73154, -15.144586 ], [ -58.728949, -15.133603 ], [ -58.733069, -15.108303 ], [ -58.739423, -15.101609 ], [ -58.740842, -15.098536 ], [ -58.733483, -15.091343 ], [ -58.740762, -15.092731 ], [ -58.742947, -15.077682 ], [ -58.746124, -15.075327 ], [ -58.7412, -15.074772 ], [ -58.740728, -15.071143 ], [ -58.74765, -15.06953 ], [ -58.744788, -15.061721 ], [ -58.748224, -15.058919 ], [ -58.75184, -15.043238 ], [ -58.737561, -15.036941 ], [ -58.735643, -15.030942 ], [ -58.728499, -15.030392 ], [ -58.723142, -15.0251 ], [ -58.72243, -15.020563 ], [ -58.727758, -15.016676 ], [ -58.720781, -15.004486 ], [ -58.722083, -15.004485 ], [ -58.720495, -14.9891 ], [ -58.717803, -14.991295 ], [ -58.715554, -14.980446 ], [ -58.712043, -14.981394 ], [ -58.71146, -14.97613 ], [ -58.701164, -14.974428 ], [ -58.69726, -14.976963 ], [ -58.693007, -14.969686 ], [ -58.690327, -14.972865 ], [ -58.684062, -14.967576 ], [ -58.687024, -14.965712 ], [ -58.683774, -14.965406 ], [ -58.684415, -14.961055 ], [ -58.681744, -14.965355 ], [ -58.679551, -14.961815 ], [ -58.675105, -14.964085 ], [ -58.673856, -14.959947 ], [ -58.676969, -14.960188 ], [ -58.672708, -14.951527 ], [ -58.668114, -14.952153 ], [ -58.666712, -14.945709 ], [ -58.669401, -14.943911 ], [ -58.66439, -14.943291 ], [ -58.665412, -14.935315 ], [ -58.651983, -14.930736 ], [ -58.645422, -14.921762 ], [ -58.649188, -14.919035 ], [ -58.646731, -14.915891 ], [ -58.643095, -14.918422 ], [ -58.644651, -14.909123 ], [ -58.652036, -14.902291 ], [ -58.644056, -14.902214 ], [ -58.64294, -14.897545 ], [ -58.649575, -14.898685 ], [ -58.651288, -14.892679 ], [ -58.64261, -14.889712 ], [ -58.642114, -14.877928 ], [ -58.632489, -14.8749 ], [ -58.631247, -14.871617 ], [ -58.636125, -14.872703 ], [ -58.636905, -14.868482 ], [ -58.632717, -14.869369 ], [ -58.628218, -14.864397 ], [ -58.624577, -14.86587 ], [ -58.627189, -14.853405 ], [ -58.619884, -14.852996 ], [ -58.622557, -14.849025 ], [ -58.62161, -14.83823 ], [ -58.624657, -14.836327 ], [ -58.617918, -14.828202 ], [ -58.616317, -14.825873 ], [ -58.612852, -14.82445 ], [ -58.609847, -14.827438 ], [ -58.607913, -14.818746 ], [ -58.601861, -14.817373 ], [ -58.598472, -14.806086 ], [ -58.59632, -14.807638 ], [ -58.595254, -14.803338 ], [ -58.593327, -14.805555 ], [ -58.589051, -14.800113 ], [ -58.591153, -14.798141 ], [ -58.583251, -14.797156 ], [ -58.581462, -14.793192 ], [ -58.57598, -14.793606 ], [ -58.57338, -14.78873 ], [ -58.569829, -14.789055 ], [ -58.571417, -14.784376 ], [ -58.568002, -14.775589 ], [ -58.562608, -14.779451 ], [ -58.56091, -14.775276 ], [ -58.555138, -14.778145 ], [ -58.548354, -14.773715 ], [ -58.553276, -14.76838 ], [ -58.551497, -14.757215 ], [ -58.548038, -14.755161 ], [ -58.549473, -14.750601 ], [ -58.539331, -14.745186 ], [ -58.530561, -14.748092 ], [ -58.52191, -14.741446 ], [ -58.519405, -14.743164 ], [ -58.519205, -14.734549 ], [ -58.514726, -14.734774 ], [ -58.507586, -14.713989 ], [ -58.500949, -14.705566 ], [ -58.50327, -14.699496 ], [ -58.492669, -14.691732 ], [ -58.491176, -14.685822 ], [ -58.479275, -14.683623 ], [ -58.392389, -14.709986 ], [ -58.401041, -14.718958 ], [ -58.395558, -14.723286 ], [ -58.402297, -14.730713 ], [ -58.403608, -14.738937 ], [ -58.400547, -14.742576 ], [ -58.38284, -14.745946 ], [ -58.372377, -14.75198 ], [ -58.370953, -14.759636 ], [ -58.374749, -14.765315 ], [ -58.36976, -14.777302 ], [ -58.355292, -14.785474 ], [ -58.343318, -14.784266 ], [ -58.340087, -14.795596 ], [ -58.326067, -14.80115 ], [ -58.297364, -14.803412 ], [ -58.272306, -14.788787 ], [ -58.253482, -14.771985 ], [ -58.240258, -14.767917 ], [ -58.238568, -14.770726 ], [ -58.227936, -14.768703 ], [ -58.228617, -14.774964 ], [ -58.219262, -14.783851 ], [ -58.213912, -14.800332 ], [ -58.221093, -14.822981 ], [ -58.23624, -14.835527 ], [ -58.239077, -14.858578 ], [ -58.245178, -14.872019 ], [ -58.237905, -14.890296 ], [ -58.235131, -14.91256 ], [ -58.127235, -14.890476 ], [ -58.081676, -14.914233 ], [ -58.075441, -14.913589 ], [ -58.070903, -14.919874 ], [ -58.059775, -14.924371 ], [ -58.052624, -14.934909 ], [ -58.057866, -14.959194 ], [ -58.048287, -14.969541 ], [ -58.036718, -14.969189 ], [ -58.031434, -14.979517 ], [ -58.017844, -14.991633 ], [ -58.015498, -15.004154 ], [ -57.966668, -15.004055 ], [ -57.865846, -15.003817 ], [ -57.735297, -15.003441 ], [ -57.728956, -15.003421 ], [ -57.721506, -15.009848 ], [ -57.712894, -15.023883 ], [ -57.697565, -15.028931 ], [ -57.698226, -15.041153 ], [ -57.691732, -15.054845 ], [ -57.69309, -15.064459 ], [ -57.688593, -15.079961 ], [ -57.677503, -15.097164 ], [ -57.676478, -15.105237 ], [ -57.666531, -15.11645 ], [ -57.669812, -15.122261 ], [ -57.667094, -15.129153 ], [ -57.676784, -15.133795 ], [ -57.684586, -15.144701 ], [ -57.679342, -15.149984 ], [ -57.676336, -15.145458 ], [ -57.667587, -15.147476 ], [ -57.643065, -15.159837 ], [ -57.638341, -15.154655 ], [ -57.637206, -15.160625 ], [ -57.626448, -15.17157 ], [ -57.5992, -15.293016 ], [ -57.598068, -15.30167 ], [ -57.603393, -15.325853 ], [ -57.576677, -15.382908 ], [ -57.572032, -15.403752 ], [ -57.552619, -15.430897 ], [ -57.524311, -15.454491 ], [ -57.512376, -15.480087 ], [ -57.506957, -15.495243 ], [ -57.507642, -15.50994 ], [ -57.494482, -15.554298 ], [ -57.484978, -15.570148 ], [ -57.484039, -15.584132 ], [ -57.490622, -15.59787 ], [ -57.491561, -15.611472 ], [ -57.495697, -15.616161 ], [ -57.491531, -15.62127 ], [ -57.494793, -15.621158 ], [ -57.496454, -15.628402 ], [ -57.491643, -15.63452 ], [ -57.497985, -15.638776 ], [ -57.498006, -15.652712 ], [ -57.494844, -15.656138 ], [ -57.484479, -15.657024 ], [ -57.489284, -15.670862 ], [ -57.496096, -15.672503 ], [ -57.491071, -15.674753 ], [ -57.492785, -15.684106 ], [ -57.488761, -15.685506 ], [ -57.491839, -15.688776 ], [ -57.500777, -15.683905 ], [ -57.504924, -15.691548 ], [ -57.500781, -15.695609 ], [ -57.508683, -15.692757 ], [ -57.509371, -15.700931 ], [ -57.51942, -15.705021 ], [ -57.509204, -15.709648 ], [ -57.516373, -15.719062 ], [ -57.505067, -15.72195 ], [ -57.513671, -15.723625 ], [ -57.518895, -15.730075 ], [ -57.519456, -15.744747 ], [ -57.507511, -15.750541 ], [ -57.504338, -15.74813 ], [ -57.498757, -15.750123 ], [ -57.500451, -15.743153 ], [ -57.489533, -15.744522 ], [ -57.489034, -15.749701 ], [ -57.480554, -15.754771 ], [ -57.479868, -15.750729 ], [ -57.474615, -15.749182 ], [ -57.474344, -15.754536 ], [ -57.467981, -15.74871 ], [ -57.452972, -15.753364 ], [ -57.448842, -15.753723 ], [ -57.446037, -15.746765 ], [ -57.436477, -15.747115 ], [ -57.420093, -15.738952 ], [ -57.406114, -15.719382 ], [ -57.387814, -15.721378 ], [ -57.375002, -15.713095 ], [ -57.368339, -15.715121 ], [ -57.367231, -15.718836 ], [ -57.348895, -15.724462 ], [ -57.336979, -15.738235 ], [ -57.333867, -15.736136 ], [ -57.326873, -15.744447 ], [ -57.325867, -15.75093 ], [ -57.320596, -15.751275 ], [ -57.319865, -15.764126 ], [ -57.316483, -15.771252 ], [ -57.308906, -15.775314 ], [ -57.307201, -15.781926 ], [ -57.313761, -15.788015 ], [ -57.316443, -15.799317 ], [ -57.312537, -15.808501 ], [ -57.2783, -15.833036 ], [ -57.28501, -15.858522 ], [ -57.255814, -15.807815 ], [ -57.254895, -15.794731 ], [ -57.252049, -15.793883 ], [ -57.242313, -15.797151 ], [ -57.238337, -15.791922 ], [ -57.220562, -15.791046 ], [ -57.22184, -15.798817 ], [ -57.234177, -15.814996 ], [ -57.228116, -15.816547 ], [ -57.229809, -15.854266 ], [ -57.218593, -15.864296 ], [ -57.216178, -15.863792 ], [ -57.215643, -15.850135 ], [ -57.06112, -15.817961 ], [ -57.057485, -15.823339 ], [ -57.052477, -15.824095 ], [ -57.047064, -15.836187 ], [ -57.037424, -15.838317 ], [ -57.040282, -15.849097 ], [ -57.05031, -15.848416 ], [ -57.04723, -15.850426 ], [ -57.05026, -15.854584 ], [ -57.047366, -15.858133 ], [ -57.052949, -15.860699 ], [ -57.05087, -15.864466 ], [ -57.065533, -15.869747 ], [ -57.077674, -15.880389 ], [ -57.075955, -15.888291 ], [ -57.082588, -15.889706 ], [ -57.080149, -15.901792 ], [ -57.08476, -15.905301 ], [ -57.088758, -15.917616 ], [ -57.103641, -15.930701 ], [ -57.103243, -15.942094 ], [ -57.110116, -15.946628 ], [ -57.1162, -15.958841 ], [ -57.123287, -15.954352 ], [ -57.128065, -15.95533 ], [ -57.132057, -15.96445 ], [ -57.130481, -15.983168 ], [ -57.150292, -15.998331 ], [ -57.150502, -16.008227 ], [ -57.145836, -16.013621 ], [ -57.145698, -16.03553 ], [ -57.137035, -16.040909 ], [ -57.126535, -16.039979 ], [ -57.11967, -16.046218 ], [ -57.1165, -16.058122 ], [ -57.11804, -16.067596 ], [ -57.123645, -16.073406 ], [ -57.123809, -16.080382 ], [ -57.119594, -16.083999 ], [ -57.122393, -16.088534 ], [ -57.120672, -16.105112 ], [ -57.11729, -16.108817 ], [ -57.124531, -16.136014 ], [ -57.119925, -16.149323 ], [ -57.113259, -16.150575 ], [ -57.106952, -16.156904 ], [ -57.10345, -16.170483 ], [ -57.09346, -16.185046 ], [ -57.08748, -16.190382 ], [ -57.087928, -16.203521 ], [ -57.079841, -16.212201 ], [ -57.080812, -16.226433 ], [ -57.068729, -16.265176 ], [ -57.074594, -16.278874 ], [ -57.072117, -16.294181 ], [ -57.082812, -16.330985 ], [ -57.07648, -16.349816 ], [ -57.079869, -16.379178 ], [ -57.073911, -16.414581 ], [ -57.074429, -16.419672 ], [ -57.080263, -16.420226 ], [ -57.079483, -16.424208 ], [ -57.095645, -16.420082 ], [ -57.097702, -16.424609 ], [ -57.103137, -16.423181 ], [ -57.114116, -16.432806 ], [ -57.126118, -16.430289 ], [ -57.129984, -16.434195 ], [ -57.138982, -16.431408 ], [ -57.1494, -16.434507 ], [ -57.149426, -16.439619 ], [ -57.15456, -16.436327 ], [ -57.153893, -16.439587 ], [ -57.149674, -16.439948 ], [ -57.15287, -16.444664 ], [ -57.161233, -16.439603 ], [ -57.166282, -16.442512 ], [ -57.1692, -16.439979 ], [ -57.169733, -16.450315 ], [ -57.179399, -16.462377 ], [ -57.177782, -16.465543 ], [ -57.173011, -16.464631 ], [ -57.172622, -16.468438 ], [ -57.184617, -16.476252 ], [ -57.181836, -16.499841 ], [ -57.186365, -16.506982 ], [ -57.185864, -16.527839 ], [ -57.199286, -16.536089 ], [ -57.204196, -16.534435 ], [ -57.211476, -16.541707 ], [ -57.236057, -16.544367 ], [ -57.247808, -16.559627 ], [ -57.26181, -16.568053 ], [ -57.263649, -16.579802 ], [ -57.293091, -16.596738 ], [ -57.309789, -16.591493 ], [ -57.326619, -16.597442 ], [ -57.333701, -16.596597 ], [ -57.340228, -16.601221 ], [ -57.352292, -16.593709 ], [ -57.364257, -16.606968 ], [ -57.380039, -16.61064 ], [ -57.379866, -16.616382 ], [ -57.389756, -16.630279 ], [ -57.401118, -16.635064 ], [ -57.397813, -16.641635 ], [ -57.399839, -16.649189 ], [ -57.397169, -16.66422 ], [ -57.410595, -16.670362 ], [ -57.408839, -16.677204 ], [ -57.402788, -16.676501 ], [ -57.394312, -16.681359 ], [ -57.395872, -16.692098 ], [ -57.400978, -16.694542 ], [ -57.402998, -16.70368 ], [ -57.399317, -16.707119 ], [ -57.399374, -16.717323 ], [ -57.404398, -16.721302 ], [ -57.404899, -16.732048 ], [ -57.406727, -16.736874 ], [ -57.386423, -16.764909 ], [ -57.394287, -16.770349 ], [ -57.395172, -16.777993 ], [ -57.38423, -16.787874 ], [ -57.372115, -16.786089 ], [ -57.375345, -16.807483 ], [ -57.36913, -16.813599 ], [ -57.371785, -16.816691 ], [ -57.36517, -16.81836 ], [ -57.36123, -16.825842 ], [ -57.367454, -16.82545 ], [ -57.368067, -16.833103 ], [ -57.3732, -16.838819 ], [ -57.369651, -16.84885 ], [ -57.375345, -16.853024 ], [ -57.36995, -16.853041 ], [ -57.368919, -16.858416 ], [ -57.379752, -16.869672 ], [ -57.37959, -16.875322 ], [ -57.383812, -16.872077 ], [ -57.381474, -16.879416 ], [ -57.390095, -16.880102 ], [ -57.392568, -16.884016 ], [ -57.396342, -16.876255 ], [ -57.403043, -16.875593 ], [ -57.407642, -16.882923 ], [ -57.417644, -16.882191 ], [ -57.415539, -16.876913 ], [ -57.418179, -16.874259 ], [ -57.423484, -16.878162 ], [ -57.436512, -16.874458 ], [ -57.438593, -16.869174 ], [ -57.432311, -16.864822 ], [ -57.43765, -16.852876 ], [ -57.451123, -16.861385 ], [ -57.466125, -16.851757 ], [ -57.473426, -16.854918 ], [ -57.468737, -16.845831 ], [ -57.474753, -16.839241 ], [ -57.471901, -16.833064 ], [ -57.476649, -16.834048 ], [ -57.49265, -16.822497 ], [ -57.499652, -16.829112 ], [ -57.507706, -16.820132 ], [ -57.517427, -16.824215 ], [ -57.525208, -16.818687 ], [ -57.539197, -16.818647 ], [ -57.55306, -16.83038 ], [ -57.569931, -16.810276 ], [ -57.573064, -16.815191 ], [ -57.576676, -16.811241 ], [ -57.585117, -16.812052 ], [ -57.591007, -16.806318 ], [ -57.595456, -16.813422 ], [ -57.611895, -16.804537 ], [ -57.612677, -16.810695 ], [ -57.618178, -16.80532 ], [ -57.627982, -16.813194 ], [ -57.625415, -16.826744 ], [ -57.616007, -16.833812 ], [ -57.61823, -16.837173 ], [ -57.625177, -16.837881 ], [ -57.624341, -16.845835 ], [ -57.610094, -16.843165 ], [ -57.600146, -16.859089 ], [ -57.592928, -16.856481 ], [ -57.600395, -16.842982 ], [ -57.595284, -16.837134 ], [ -57.589263, -16.839243 ], [ -57.583504, -16.84942 ], [ -57.571238, -16.855264 ], [ -57.565984, -16.862996 ], [ -57.562924, -16.858438 ], [ -57.534842, -16.86504 ], [ -57.53123, -16.876678 ], [ -57.528479, -16.862443 ], [ -57.519479, -16.859088 ], [ -57.518343, -16.870114 ], [ -57.505513, -16.874603 ], [ -57.50354, -16.881187 ], [ -57.49998, -16.878133 ], [ -57.496281, -16.889247 ], [ -57.490513, -16.890449 ], [ -57.48895, -16.901481 ], [ -57.475978, -16.900528 ], [ -57.480291, -16.910445 ], [ -57.47132, -16.91057 ], [ -57.46651, -16.917597 ], [ -57.456949, -16.918463 ], [ -57.449144, -16.926056 ], [ -57.446091, -16.920694 ], [ -57.441092, -16.924082 ], [ -57.432171, -16.922931 ], [ -57.433982, -16.940052 ], [ -57.421481, -16.940831 ], [ -57.417426, -16.945493 ], [ -57.420146, -16.962419 ], [ -57.417393, -16.961888 ], [ -57.415759, -16.953144 ], [ -57.409038, -16.951624 ], [ -57.409094, -16.963551 ], [ -57.424261, -16.968774 ], [ -57.411315, -16.974747 ], [ -57.403867, -16.963756 ], [ -57.399537, -16.965326 ], [ -57.393898, -16.975452 ], [ -57.387069, -16.972751 ], [ -57.385813, -16.977572 ], [ -57.395256, -16.98255 ], [ -57.380387, -16.983972 ], [ -57.383737, -16.990611 ], [ -57.381597, -16.995895 ], [ -57.374816, -16.998606 ], [ -57.372375, -16.991746 ], [ -57.36901, -16.997945 ], [ -57.374453, -17.002645 ], [ -57.389316, -17.001604 ], [ -57.391096, -17.004953 ], [ -57.386621, -17.011568 ], [ -57.37468, -17.016043 ], [ -57.382507, -17.023078 ], [ -57.37615, -17.029427 ], [ -57.390921, -17.030742 ], [ -57.405263, -17.042007 ], [ -57.406117, -17.047072 ], [ -57.399345, -17.045101 ], [ -57.403817, -17.061648 ], [ -57.402232, -17.066537 ], [ -57.389286, -17.049927 ], [ -57.390534, -17.062412 ], [ -57.384288, -17.071846 ], [ -57.387953, -17.07654 ], [ -57.393975, -17.07715 ], [ -57.386565, -17.081425 ], [ -57.384809, -17.089306 ], [ -57.377117, -17.095669 ], [ -57.375919, -17.106987 ], [ -57.368671, -17.110954 ], [ -57.370819, -17.122203 ], [ -57.364149, -17.128466 ], [ -57.365785, -17.139504 ], [ -57.357372, -17.146055 ], [ -57.367035, -17.152077 ], [ -57.361956, -17.175984 ], [ -57.356757, -17.1722 ], [ -57.347927, -17.181452 ], [ -57.353874, -17.184421 ], [ -57.348266, -17.190866 ], [ -57.353458, -17.197817 ], [ -57.3527, -17.203335 ], [ -57.346123, -17.200465 ], [ -57.333148, -17.207738 ], [ -57.336928, -17.215055 ], [ -57.342591, -17.21785 ], [ -57.341201, -17.222648 ], [ -57.335368, -17.219425 ], [ -57.332624, -17.221498 ], [ -57.343289, -17.232599 ], [ -57.341897, -17.2383 ], [ -57.347291, -17.243804 ], [ -57.337866, -17.270347 ], [ -57.347235, -17.283349 ], [ -57.344511, -17.285169 ], [ -57.330925, -17.281405 ], [ -57.333916, -17.304169 ], [ -57.329035, -17.308012 ], [ -57.328035, -17.317251 ], [ -57.337898, -17.314419 ], [ -57.335287, -17.321301 ], [ -57.321535, -17.322611 ], [ -57.34193, -17.331233 ], [ -57.334704, -17.340665 ], [ -57.335785, -17.357763 ], [ -57.352647, -17.357806 ], [ -57.366399, -17.352704 ], [ -57.36694, -17.368978 ], [ -57.36195, -17.373974 ], [ -57.363644, -17.379134 ], [ -57.368283, -17.384271 ], [ -57.37523, -17.376555 ], [ -57.381653, -17.377902 ], [ -57.38448, -17.381146 ], [ -57.383787, -17.39418 ], [ -57.39454, -17.396405 ], [ -57.397309, -17.402661 ], [ -57.403591, -17.398824 ], [ -57.405313, -17.410218 ], [ -57.418371, -17.417959 ], [ -57.425707, -17.418295 ], [ -57.428094, -17.425075 ], [ -57.432152, -17.426594 ], [ -57.431509, -17.43294 ], [ -57.439533, -17.432638 ], [ -57.430424, -17.442441 ], [ -57.44731, -17.450251 ], [ -57.444149, -17.456873 ], [ -57.446515, -17.459037 ], [ -57.454712, -17.455202 ], [ -57.450897, -17.450602 ], [ -57.46045, -17.455002 ], [ -57.461984, -17.458984 ], [ -57.453401, -17.463173 ], [ -57.457116, -17.470851 ], [ -57.462398, -17.471913 ], [ -57.468511, -17.466916 ], [ -57.473816, -17.471156 ], [ -57.473925, -17.476496 ], [ -57.479873, -17.479819 ], [ -57.47557, -17.490604 ], [ -57.480898, -17.496826 ], [ -57.475347, -17.502103 ], [ -57.479318, -17.507942 ], [ -57.477349, -17.513805 ], [ -57.483364, -17.509262 ], [ -57.485899, -17.517174 ], [ -57.479924, -17.518911 ], [ -57.478178, -17.523147 ], [ -57.491562, -17.523228 ], [ -57.499902, -17.534575 ], [ -57.514148, -17.530137 ], [ -57.503782, -17.54398 ], [ -57.504732, -17.54834 ], [ -57.507844, -17.547533 ], [ -57.511402, -17.536576 ], [ -57.516867, -17.535322 ], [ -57.527032, -17.544578 ], [ -57.524015, -17.55167 ], [ -57.53612, -17.545365 ], [ -57.540841, -17.550368 ], [ -57.541934, -17.561709 ], [ -57.556312, -17.562027 ], [ -57.558566, -17.564936 ], [ -57.555153, -17.568742 ], [ -57.556264, -17.57545 ], [ -57.562708, -17.567759 ], [ -57.574623, -17.572875 ], [ -57.57004, -17.578307 ], [ -57.582621, -17.577169 ], [ -57.588783, -17.572836 ], [ -57.59284, -17.580737 ], [ -57.604757, -17.580684 ], [ -57.610484, -17.595761 ], [ -57.612485, -17.589231 ], [ -57.619292, -17.587078 ], [ -57.61501, -17.598213 ], [ -57.630867, -17.603797 ], [ -57.625365, -17.609587 ], [ -57.630539, -17.617586 ], [ -57.642594, -17.60728 ], [ -57.648347, -17.611828 ], [ -57.65793, -17.605237 ], [ -57.675982, -17.60419 ], [ -57.682317, -17.608833 ], [ -57.6887, -17.624818 ], [ -57.692401, -17.626349 ], [ -57.701537, -17.60081 ], [ -57.696703, -17.600801 ], [ -57.703365, -17.589301 ], [ -57.701124, -17.577318 ], [ -57.710431, -17.565644 ], [ -57.711622, -17.542701 ], [ -57.72754, -17.529315 ], [ -57.739534, -17.535872 ], [ -57.751777, -17.56403 ], [ -57.882924, -17.44911 ], [ -57.980344, -17.510352 ], [ -57.995848, -17.515171 ], [ -57.998878, -17.514173 ], [ -57.999844, -17.505379 ], [ -58.004842, -17.505656 ], [ -58.009732, -17.499344 ], [ -58.015875, -17.499447 ], [ -58.022704, -17.493952 ], [ -58.029594, -17.495889 ], [ -58.042868, -17.492236 ], [ -58.049012, -17.462598 ], [ -58.059625, -17.450289 ], [ -58.071903, -17.451628 ], [ -58.088762, -17.460704 ], [ -58.115927, -17.451418 ], [ -58.120211, -17.447208 ], [ -58.118211, -17.434008 ], [ -58.12235, -17.414252 ], [ -58.129378, -17.411116 ], [ -58.138762, -17.415195 ], [ -58.144959, -17.413237 ], [ -58.151982, -17.401585 ], [ -58.151062, -17.384219 ], [ -58.184877, -17.391054 ], [ -58.199876, -17.382588 ], [ -58.194623, -17.368527 ], [ -58.201682, -17.356603 ], [ -58.219792, -17.359596 ], [ -58.227206, -17.356264 ], [ -58.228041, -17.347485 ], [ -58.233071, -17.350956 ], [ -58.239843, -17.349181 ], [ -58.24593, -17.354461 ], [ -58.254177, -17.352115 ], [ -58.255815, -17.345678 ], [ -58.263068, -17.344246 ], [ -58.263179, -17.329952 ], [ -58.276039, -17.323307 ], [ -58.275964, -17.300148 ], [ -58.291516, -17.301437 ], [ -58.297712, -17.298394 ], [ -58.2964, -17.290895 ], [ -58.29129, -17.288047 ], [ -58.302762, -17.279426 ], [ -58.302955, -17.26984 ], [ -58.309989, -17.266417 ], [ -58.317154, -17.267615 ], [ -58.321601, -17.259795 ], [ -58.319068, -17.254116 ], [ -58.336626, -17.24145 ], [ -58.339286, -17.23382 ], [ -58.345486, -17.232309 ], [ -58.356067, -17.211842 ], [ -58.363816, -17.213847 ], [ -58.364125, -17.199364 ], [ -58.369122, -17.19995 ], [ -58.396481, -17.181121 ], [ -58.397042, -17.136326 ], [ -58.38573, -17.110927 ], [ -58.387761, -17.107377 ], [ -58.397907, -17.104379 ], [ -58.407928, -17.110067 ], [ -58.424873, -17.111609 ], [ -58.428567, -17.104866 ], [ -58.424461, -17.089805 ], [ -58.433623, -17.086178 ], [ -58.435317, -17.078382 ], [ -58.430068, -17.071834 ], [ -58.431704, -17.058333 ], [ -58.421487, -17.052199 ], [ -58.432319, -17.047375 ], [ -58.433841, -17.0394 ], [ -58.430153, -17.036363 ], [ -58.418598, -17.037658 ], [ -58.416293, -17.034248 ], [ -58.421207, -17.028769 ], [ -58.434454, -17.026814 ], [ -58.435369, -17.008982 ], [ -58.422515, -16.988853 ], [ -58.430985, -16.990391 ], [ -58.446623, -16.978398 ], [ -58.447207, -16.967342 ], [ -58.455651, -16.968962 ], [ -58.459068, -16.966552 ], [ -58.461509, -16.957782 ], [ -58.456232, -16.939528 ], [ -58.460011, -16.937301 ], [ -58.468093, -16.940721 ], [ -58.473899, -16.934529 ], [ -58.468344, -16.923607 ], [ -58.473987, -16.914058 ], [ -58.466403, -16.910633 ], [ -58.459734, -16.899612 ], [ -58.46765, -16.898512 ], [ -58.462729, -16.873012 ], [ -58.465786, -16.868421 ], [ -58.459738, -16.863108 ], [ -58.465626, -16.857992 ], [ -58.460983, -16.849079 ], [ -58.467515, -16.847778 ], [ -58.461379, -16.840654 ], [ -58.47551, -16.827016 ], [ -58.476898, -16.818603 ], [ -58.471456, -16.791014 ], [ -58.462876, -16.792019 ], [ -58.458147, -16.785551 ], [ -58.463015, -16.779523 ], [ -58.466153, -16.756454 ], [ -58.472924, -16.744742 ], [ -58.466239, -16.720396 ], [ -58.470065, -16.702595 ], [ -58.460375, -16.666269 ], [ -58.46259, -16.651792 ], [ -58.435569, -16.591931 ], [ -58.427571, -16.58524 ], [ -58.420817, -16.573124 ], [ -58.393319, -16.562445 ], [ -58.385547, -16.543165 ], [ -58.357235, -16.528937 ], [ -58.34334, -16.517299 ], [ -58.333232, -16.489588 ], [ -58.334182, -16.477542 ], [ -58.347212, -16.454068 ], [ -58.355734, -16.42762 ], [ -58.343852, -16.396211 ], [ -58.3437, -16.388863 ], [ -58.337775, -16.385698 ], [ -58.333293, -16.387329 ], [ -58.327631, -16.381804 ], [ -58.306624, -16.369763 ], [ -58.308315, -16.359891 ], [ -58.30268, -16.329094 ], [ -58.302593, -16.30726 ], [ -58.316377, -16.290498 ], [ -58.320566, -16.264324 ], [ -58.338014, -16.272649 ], [ -58.345899, -16.272921 ], [ -58.352736, -16.268931 ], [ -58.365206, -16.272914 ], [ -58.388183, -16.260576 ], [ -58.39365, -16.296351 ], [ -58.407901, -16.308754 ], [ -58.429953, -16.320868 ], [ -58.784951, -16.306479 ], [ -59.113678, -16.293467 ], [ -59.46957, -16.279119 ], [ -59.467763, -16.273756 ], [ -59.451562, -16.264323 ], [ -59.448924, -16.242291 ], [ -59.45652, -16.237036 ], [ -59.463952, -16.22544 ], [ -59.459378, -16.203103 ], [ -59.489343, -16.174027 ], [ -59.471288, -16.147103 ], [ -59.478596, -16.14302 ], [ -59.477952, -16.133413 ], [ -59.484594, -16.127149 ], [ -59.480156, -16.123113 ], [ -59.481237, -16.11968 ], [ -59.503344, -16.113262 ], [ -59.508289, -16.114532 ], [ -59.516541, -16.106392 ], [ -59.526176, -16.080249 ], [ -59.527373, -16.067235 ], [ -59.513982, -16.06192 ], [ -59.507289, -16.049844 ], [ -59.493316, -16.045878 ], [ -59.474465, -16.057998 ], [ -59.459843, -16.062827 ], [ -59.443983, -16.058827 ], [ -59.425687, -16.062151 ], [ -59.420172, -16.067414 ], [ -59.406876, -16.067077 ], [ -59.397806, -16.053817 ], [ -59.392531, -16.004223 ], [ -59.368987, -15.997078 ], [ -59.360234, -15.987759 ], [ -59.361535, -15.98159 ], [ -59.342793, -15.966232 ], [ -59.327821, -15.966412 ], [ -59.324065, -15.958759 ], [ -59.317322, -15.95775 ], [ -59.30405, -15.946763 ], [ -59.294651, -15.915801 ], [ -59.286097, -15.901748 ], [ -59.284563, -15.88094 ], [ -59.274849, -15.876619 ], [ -59.270265, -15.868426 ], [ -59.258289, -15.870474 ], [ -59.257152, -15.853719 ], [ -59.252061, -15.846681 ], [ -59.228429, -15.81908 ], [ -59.227375, -15.807851 ], [ -59.216566, -15.799861 ], [ -59.204261, -15.780296 ], [ -59.201399, -15.767278 ], [ -59.170682, -15.742439 ], [ -59.157231, -15.737513 ], [ -59.150908, -15.721199 ], [ -59.148125, -15.716472 ], [ -59.150476, -15.704068 ], [ -59.156123, -15.676625 ], [ -59.152427, -15.665706 ], [ -59.166705, -15.63853 ], [ -59.165257, -15.634748 ], [ -59.152536, -15.636334 ], [ -59.1487, -15.633359 ], [ -59.129513, -15.626632 ], [ -59.118019, -15.615951 ], [ -59.111014, -15.604356 ], [ -59.11551, -15.581194 ], [ -59.101009, -15.539666 ], [ -59.101478, -15.526154 ], [ -59.092841, -15.513921 ], [ -59.097039, -15.496215 ], [ -59.090708, -15.493037 ], [ -59.091943, -15.469517 ], [ -59.084088, -15.480597 ], [ -59.064568, -15.489278 ], [ -59.049675, -15.490591 ], [ -59.042848, -15.507311 ], [ -59.032262, -15.521198 ], [ -59.007348, -15.532426 ], [ -58.993315, -15.567073 ], [ -58.958482, -15.575559 ], [ -58.943422, -15.573654 ], [ -58.91666, -15.589316 ] ] ] } },
{ "type": "Feature", "properties": { "HREG_ID": "51012", "HREG_NAME": "Sudoeste Matogrossense", "id": "510268", "name": "Campos de Júlio", "description": "Campos de Júlio", "MUN_ID": "510268", "UF": "MT", "MACRO_ID": "5102", "MACRO_NAME": "Macrorregião Oeste" }, "geometry": { "type": "MultiPolygon", "coordinates": [ [ [ [ -58.680707, -15.322661 ], [ -58.671536, -15.32744 ], [ -58.6684, -15.338499 ], [ -58.659987, -15.339189 ], [ -58.6639, -15.343918 ], [ -58.653787, -15.349883 ], [ -58.650175, -15.364282 ], [ -58.646064, -15.367082 ], [ -58.646784, -15.374801 ], [ -58.642688, -15.373985 ], [ -58.642919, -15.384951 ], [ -58.635207, -15.395447 ], [ -58.632117, -15.394438 ], [ -58.628483, -15.398594 ], [ -58.631063, -15.404318 ], [ -58.622625, -15.413451 ], [ -58.619292, -15.433753 ], [ -58.606207, -15.452221 ], [ -58.611512, -15.458952 ], [ -58.607034, -15.459659 ], [ -58.599475, -15.473153 ], [ -58.602177, -15.478594 ], [ -58.599453, -15.480217 ], [ -58.601037, -15.488478 ], [ -58.598206, -15.496638 ], [ -58.579477, -15.508814 ], [ -58.582648, -15.516383 ], [ -58.578365, -15.526421 ], [ -58.584513, -15.529599 ], [ -58.584731, -15.534328 ], [ -58.581731, -15.546748 ], [ -58.57443, -15.551289 ], [ -58.582181, -15.554668 ], [ -58.579846, -15.566372 ], [ -58.570365, -15.572065 ], [ -58.571758, -15.579176 ], [ -58.565515, -15.584 ], [ -58.555285, -15.584221 ], [ -58.556538, -15.594066 ], [ -58.551837, -15.59445 ], [ -58.558287, -15.603186 ], [ -58.558534, -15.611375 ], [ -58.55498, -15.616782 ], [ -58.561891, -15.623974 ], [ -58.559122, -15.634399 ], [ -58.566387, -15.63703 ], [ -58.565456, -15.644578 ], [ -58.556647, -15.649915 ], [ -58.551651, -15.658033 ], [ -58.558286, -15.666124 ], [ -58.55529, -15.671178 ], [ -58.546509, -15.674874 ], [ -58.557171, -15.691985 ], [ -58.559021, -15.691882 ], [ -58.673147, -15.68322 ], [ -58.71423, -15.684433 ], [ -58.726467, -15.674381 ], [ -58.727533, -15.671708 ], [ -58.733203, -15.654237 ], [ -58.749536, -15.64451 ], [ -58.776671, -15.642037 ], [ -58.797926, -15.618663 ], [ -58.824619, -15.610008 ], [ -58.839589, -15.613291 ], [ -58.8484, -15.602006 ], [ -58.853485, -15.598183 ], [ -58.879562, -15.597419 ], [ -58.896445, -15.593315 ], [ -58.91666, -15.589316 ], [ -58.943422, -15.573654 ], [ -58.958482, -15.575559 ], [ -58.993315, -15.567073 ], [ -59.007348, -15.532426 ], [ -59.032262, -15.521198 ], [ -59.042848, -15.507311 ], [ -59.049675, -15.490591 ], [ -59.064568, -15.489278 ], [ -59.084088, -15.480597 ], [ -59.091943, -15.469517 ], [ -59.090708, -15.493037 ], [ -59.097039, -15.496215 ], [ -59.092841, -15.513921 ], [ -59.101478, -15.526154 ], [ -59.101009, -15.539666 ], [ -59.11551, -15.581194 ], [ -59.111014, -15.604356 ], [ -59.118019, -15.615951 ], [ -59.129513, -15.626632 ], [ -59.1487, -15.633359 ], [ -59.152536, -15.636334 ], [ -59.165257, -15.634748 ], [ -59.166705, -15.63853 ], [ -59.152427, -15.665706 ], [ -59.156123, -15.676625 ], [ -59.150476, -15.704068 ], [ -59.148125, -15.716472 ], [ -59.150908, -15.721199 ], [ -59.157231, -15.737513 ], [ -59.170682, -15.742439 ], [ -59.201399, -15.767278 ], [ -59.204261, -15.780296 ], [ -59.216566, -15.799861 ], [ -59.227375, -15.807851 ], [ -59.228429, -15.81908 ], [ -59.252061, -15.846681 ], [ -59.257152, -15.853719 ], [ -59.258289, -15.870474 ], [ -59.270265, -15.868426 ], [ -59.274849, -15.876619 ], [ -59.284563, -15.88094 ], [ -59.286097, -15.901748 ], [ -59.294651, -15.915801 ], [ -59.30405, -15.946763 ], [ -59.317322, -15.95775 ], [ -59.324065, -15.958759 ], [ -59.327821, -15.966412 ], [ -59.342793, -15.966232 ], [ -59.361535, -15.98159 ], [ -59.360234, -15.987759 ], [ -59.368987, -15.997078 ], [ -59.392531, -16.004223 ], [ -59.397806, -16.053817 ], [ -59.406876, -16.067077 ], [ -59.420172, -16.067414 ], [ -59.425687, -16.062151 ], [ -59.443983, -16.058827 ], [ -59.459843, -16.062827 ], [ -59.474465, -16.057998 ], [ -59.493316, -16.045878 ], [ -59.507289, -16.049844 ], [ -59.513982, -16.06192 ], [ -59.527373, -16.067235 ], [ -59.526176, -16.080249 ], [ -59.516541, -16.106392 ], [ -59.508289, -16.114532 ], [ -59.503344, -16.113262 ], [ -59.481237, -16.11968 ], [ -59.480156, -16.123113 ], [ -59.484594, -16.127149 ], [ -59.477952, -16.133413 ], [ -59.478596, -16.14302 ], [ -59.471288, -16.147103 ], [ -59.489343, -16.174027 ], [ -59.459378, -16.203103 ], [ -59.463952, -16.22544 ], [ -59.45652, -16.237036 ], [ -59.448924, -16.242291 ], [ -59.451562, -16.264323 ], [ -59.467763, -16.273756 ], [ -59.46957, -16.279119 ], [ -59.774604, -16.273422 ], [ -60.171213, -16.265377 ], [ -60.197848, -15.947558 ], [ -60.202906, -15.885377 ], [ -60.238077, -15.473433 ], [ -60.564491, -15.108267 ], [ -60.500492, -15.095803 ], [ -60.243795, -15.096389 ], [ -60.245768, -15.063411 ], [ -60.259413, -14.83608 ], [ -60.271623, -14.619877 ], [ -60.29252, -14.624855 ], [ -60.320601, -14.608457 ], [ -60.325626, -14.578717 ], [ -60.33141, -14.567369 ], [ -60.326188, -14.562331 ], [ -60.332571, -14.554507 ], [ -60.335628, -14.536733 ], [ -60.342909, -14.532681 ], [ -60.335851, -14.529886 ], [ -60.342349, -14.523102 ], [ -60.337653, -14.511471 ], [ -60.346487, -14.504904 ], [ -60.348545, -14.495751 ], [ -60.366378, -14.486847 ], [ -60.36663, -14.48277 ], [ -60.361962, -14.486003 ], [ -60.359714, -14.48389 ], [ -60.361546, -14.470122 ], [ -60.378406, -14.463304 ], [ -60.377602, -14.455027 ], [ -60.380852, -14.453833 ], [ -60.384265, -14.438893 ], [ -60.390325, -14.433731 ], [ -60.396126, -14.435527 ], [ -60.400239, -14.431066 ], [ -60.393739, -14.429523 ], [ -60.397851, -14.425375 ], [ -60.393825, -14.422516 ], [ -60.395651, -14.419331 ], [ -60.400521, -14.423047 ], [ -60.401266, -14.415386 ], [ -60.406266, -14.412815 ], [ -60.39865, -14.40475 ], [ -60.403347, -14.400607 ], [ -60.40007, -14.389826 ], [ -60.404575, -14.386245 ], [ -60.400989, -14.381081 ], [ -60.395855, -14.387693 ], [ -60.392771, -14.37911 ], [ -60.396847, -14.377049 ], [ -60.394959, -14.363896 ], [ -60.401657, -14.366548 ], [ -60.405131, -14.36444 ], [ -60.408876, -14.368268 ], [ -60.410934, -14.362702 ], [ -60.405685, -14.355859 ], [ -60.409266, -14.354611 ], [ -60.412717, -14.359167 ], [ -60.413764, -14.348748 ], [ -60.41935, -14.347554 ], [ -60.419545, -14.353671 ], [ -60.422326, -14.353056 ], [ -60.426797, -14.346264 ], [ -60.425131, -14.341574 ], [ -60.433654, -14.335394 ], [ -60.439874, -14.32009 ], [ -60.452633, -14.313932 ], [ -60.449762, -14.30696 ], [ -60.456569, -14.303737 ], [ -60.456436, -14.291644 ], [ -60.461624, -14.280189 ], [ -60.459709, -14.273211 ], [ -60.464711, -14.263997 ], [ -60.460382, -14.257203 ], [ -60.449213, -14.250683 ], [ -60.448821, -14.240985 ], [ -60.464381, -14.233627 ], [ -60.461464, -14.224026 ], [ -60.469738, -14.213511 ], [ -60.467045, -14.203914 ], [ -60.471154, -14.192318 ], [ -60.484439, -14.19311 ], [ -60.491904, -14.187813 ], [ -60.487792, -14.181739 ], [ -60.488047, -14.170893 ], [ -60.482179, -14.162963 ], [ -60.474688, -14.159884 ], [ -60.473403, -14.150877 ], [ -60.482016, -14.134457 ], [ -60.472715, -14.127929 ], [ -60.483762, -14.116741 ], [ -60.472734, -14.109359 ], [ -60.479407, -14.097353 ], [ -60.46985, -14.089296 ], [ -60.464599, -14.09462 ], [ -60.447106, -14.085217 ], [ -60.426767, -14.062299 ], [ -60.428879, -14.059628 ], [ -60.425593, -14.048505 ], [ -60.405516, -14.029932 ], [ -60.407239, -14.023343 ], [ -60.399899, -14.009846 ], [ -60.402711, -13.999389 ], [ -60.397737, -13.994613 ], [ -60.395041, -13.996615 ], [ -60.39446, -13.992693 ], [ -60.381814, -13.992009 ], [ -60.381571, -13.987044 ], [ -60.388546, -13.978449 ], [ -60.414602, -13.980166 ], [ -60.426015, -13.961384 ], [ -60.419623, -13.96327 ], [ -60.418628, -13.953454 ], [ -60.408934, -13.949769 ], [ -60.418741, -13.947194 ], [ -60.418491, -13.93715 ], [ -60.422068, -13.937047 ], [ -60.427071, -13.943164 ], [ -60.443984, -13.930461 ], [ -60.446182, -13.932596 ], [ -60.443351, -13.938997 ], [ -60.450409, -13.937148 ], [ -60.451827, -13.904276 ], [ -60.456018, -13.893615 ], [ -60.449873, -13.885975 ], [ -60.450855, -13.882918 ], [ -60.46299, -13.882043 ], [ -60.466566, -13.88486 ], [ -60.466903, -13.891323 ], [ -60.475485, -13.885148 ], [ -60.473076, -13.879325 ], [ -60.464435, -13.873448 ], [ -60.463656, -13.862711 ], [ -60.455656, -13.858174 ], [ -60.456292, -13.853465 ], [ -60.466904, -13.855731 ], [ -60.476124, -13.851895 ], [ -60.486267, -13.857478 ], [ -60.492263, -13.855891 ], [ -60.468573, -13.83286 ], [ -60.471099, -13.829205 ], [ -60.479178, -13.832921 ], [ -60.489518, -13.823105 ], [ -60.484541, -13.818761 ], [ -60.475732, -13.823504 ], [ -60.46777, -13.820889 ], [ -60.464991, -13.813754 ], [ -60.477183, -13.808725 ], [ -60.478292, -13.803969 ], [ -60.47274, -13.800609 ], [ -60.465154, -13.801303 ], [ -60.466766, -13.795319 ], [ -60.489713, -13.795454 ], [ -60.497932, -13.788606 ], [ -60.503544, -13.795178 ], [ -60.511071, -13.790686 ], [ -60.527985, -13.791435 ], [ -60.516901, -13.777458 ], [ -60.517598, -13.772245 ], [ -60.522459, -13.768494 ], [ -60.531405, -13.771143 ], [ -60.547653, -13.769914 ], [ -60.546011, -13.781982 ], [ -60.549628, -13.781267 ], [ -60.55716, -13.770492 ], [ -60.568885, -13.768293 ], [ -60.56588, -13.75749 ], [ -60.578352, -13.755244 ], [ -60.574236, -13.747024 ], [ -60.58652, -13.746419 ], [ -60.59146, -13.742801 ], [ -60.599852, -13.748493 ], [ -60.606152, -13.745872 ], [ -60.605375, -13.738999 ], [ -60.607462, -13.736194 ], [ -60.610432, -13.739942 ], [ -60.611684, -13.734428 ], [ -60.609965, -13.728122 ], [ -60.622991, -13.719124 ], [ -60.630213, -13.727583 ], [ -60.64093, -13.730503 ], [ -60.645629, -13.738293 ], [ -60.65113, -13.735648 ], [ -60.652296, -13.729776 ], [ -60.655791, -13.737931 ], [ -60.665198, -13.729558 ], [ -60.668569, -13.726557 ], [ -60.683515, -13.715615 ], [ -60.689516, -13.698976 ], [ -60.695099, -13.701118 ], [ -60.69335, -13.715045 ], [ -60.696629, -13.714554 ], [ -60.704156, -13.70426 ], [ -60.709465, -13.686913 ], [ -60.716494, -13.684703 ], [ -60.716289, -13.681804 ], [ -60.713131, -13.682225 ], [ -60.713429, -13.675587 ], [ -60.709098, -13.675711 ], [ -60.70913, -13.671309 ], [ -60.699156, -13.670426 ], [ -60.696492, -13.66609 ], [ -60.701573, -13.659859 ], [ -60.697213, -13.657352 ], [ -60.699071, -13.653772 ], [ -60.692983, -13.652893 ], [ -60.690079, -13.648544 ], [ -60.691268, -13.644305 ], [ -60.68585, -13.638752 ], [ -60.688547, -13.633086 ], [ -60.685512, -13.624817 ], [ -60.673746, -13.61668 ], [ -60.672208, -13.612046 ], [ -60.669052, -13.613082 ], [ -60.668765, -13.607917 ], [ -60.665433, -13.611076 ], [ -60.663657, -13.604449 ], [ -60.654936, -13.602032 ], [ -60.644989, -13.592411 ], [ -60.640656, -13.596128 ], [ -60.637793, -13.591559 ], [ -60.64088, -13.584649 ], [ -60.63288, -13.578821 ], [ -60.635182, -13.57756 ], [ -60.631681, -13.57129 ], [ -60.610735, -13.565938 ], [ -60.599791, -13.572309 ], [ -60.591987, -13.571139 ], [ -60.587157, -13.564642 ], [ -60.577126, -13.564817 ], [ -60.555515, -13.55295 ], [ -60.554317, -13.547771 ], [ -60.547854, -13.547986 ], [ -60.543517, -13.536091 ], [ -60.53254, -13.535839 ], [ -60.529845, -13.516631 ], [ -60.500702, -13.498071 ], [ -60.495091, -13.499311 ], [ -60.485903, -13.493769 ], [ -60.481222, -13.496441 ], [ -60.478487, -13.492585 ], [ -60.465068, -13.488703 ], [ -60.455847, -13.49311 ], [ -60.431486, -13.488025 ], [ -60.429878, -13.481549 ], [ -60.411013, -13.461246 ], [ -60.401956, -13.462465 ], [ -60.399405, -13.455842 ], [ -60.387403, -13.454283 ], [ -60.381071, -13.441724 ], [ -60.383539, -13.440799 ], [ -60.378815, -13.422043 ], [ -60.378789, -13.414912 ], [ -60.37135, -13.408456 ], [ -60.378761, -13.39001 ], [ -60.37907, -13.374823 ], [ -60.375591, -13.373625 ], [ -60.376097, -13.368273 ], [ -60.37082, -13.367138 ], [ -60.369731, -13.356895 ], [ -60.370649, -13.347966 ], [ -60.364766, -13.340537 ], [ -60.36557, -13.331822 ], [ -60.372956, -13.324033 ], [ -60.371088, -13.31818 ], [ -60.3611, -13.308156 ], [ -60.361483, -13.300578 ], [ -60.364455, -13.299533 ], [ -60.362712, -13.296125 ], [ -60.360235, -13.298064 ], [ -60.353452, -13.294191 ], [ -60.351597, -13.28442 ], [ -60.351289, -13.272595 ], [ -60.338515, -13.271923 ], [ -60.332648, -13.257569 ], [ -60.326197, -13.25491 ], [ -60.324294, -13.250078 ], [ -60.329267, -13.235058 ], [ -60.327934, -13.229877 ], [ -60.323843, -13.22892 ], [ -60.31988, -13.216026 ], [ -60.307708, -13.199078 ], [ -60.308819, -13.191902 ], [ -60.303321, -13.17796 ], [ -60.299125, -13.175018 ], [ -60.295652, -13.176755 ], [ -60.26799, -13.144561 ], [ -60.280099, -13.135209 ], [ -60.27563, -13.126417 ], [ -60.280493, -13.119537 ], [ -60.276604, -13.112268 ], [ -60.281853, -13.105753 ], [ -60.278659, -13.102159 ], [ -60.283774, -13.098495 ], [ -60.282003, -13.092981 ], [ -60.282476, -13.080143 ], [ -60.267099, -13.076875 ], [ -60.252852, -13.055948 ], [ -60.247827, -13.054703 ], [ -60.240816, -13.038048 ], [ -60.236983, -13.034498 ], [ -60.224177, -13.033131 ], [ -60.219704, -13.027303 ], [ -60.214776, -13.026571 ], [ -60.213141, -13.006643 ], [ -60.204051, -12.995204 ], [ -60.2009, -12.98771 ], [ -60.19155, -12.981647 ], [ -60.188762, -12.970734 ], [ -60.182829, -12.96722 ], [ -60.1669, -12.970234 ], [ -60.156038, -12.968339 ], [ -60.150116, -12.963648 ], [ -60.139278, -12.969797 ], [ -60.130344, -12.961261 ], [ -60.11665, -12.959146 ], [ -60.104625, -12.919056 ], [ -60.087586, -12.902021 ], [ -60.078597, -12.880733 ], [ -60.084181, -12.836896 ], [ -60.077265, -12.803651 ], [ -60.074121, -12.772948 ], [ -60.09017, -12.736246 ], [ -60.086991, -12.715985 ], [ -60.075676, -12.688055 ], [ -60.077568, -12.664142 ], [ -60.062533, -12.641423 ], [ -60.063283, -12.628297 ], [ -60.068217, -12.615589 ], [ -60.062784, -12.607158 ], [ -60.034042, -12.594566 ], [ -60.027591, -12.578935 ], [ -60.026127, -12.561221 ], [ -60.006428, -12.545309 ], [ -60.000426, -12.535818 ], [ -59.972891, -12.529958 ], [ -59.956959, -12.501804 ], [ -59.935869, -12.494657 ], [ -59.934711, -12.486676 ], [ -59.925146, -12.481417 ], [ -59.913337, -12.479393 ], [ -59.907152, -12.479812 ], [ -59.904001, -12.472407 ], [ -59.896747, -12.470781 ], [ -59.896383, -12.475768 ], [ -59.887495, -12.474606 ], [ -59.867973, -12.481957 ], [ -59.855343, -12.478197 ], [ -59.843646, -12.466765 ], [ -59.840838, -12.458962 ], [ -59.842034, -12.424441 ], [ -59.834603, -12.41279 ], [ -59.832035, -12.400991 ], [ -59.823319, -12.390075 ], [ -59.818256, -12.389481 ], [ -59.818743, -12.378341 ], [ -59.804982, -12.368215 ], [ -59.801598, -12.356987 ], [ -59.792428, -12.345375 ], [ -59.77384, -12.340548 ], [ -59.756996, -12.328535 ], [ -59.732204, -12.324189 ], [ -59.729788, -12.327542 ], [ -59.715855, -12.315567 ], [ -59.70515, -12.307549 ], [ -59.689868, -12.316902 ], [ -59.669169, -12.312703 ], [ -59.660975, -12.307482 ], [ -59.651141, -12.312435 ], [ -59.647368, -12.307103 ], [ -59.627372, -12.302466 ], [ -59.619335, -12.308605 ], [ -59.596119, -12.312508 ], [ -59.5904, -12.301673 ], [ -59.58642, -12.303147 ], [ -59.584203, -12.300358 ], [ -59.57131, -12.305912 ], [ -59.556758, -12.297782 ], [ -59.539032, -12.29478 ], [ -59.520645, -12.299275 ], [ -59.519588, -12.29584 ], [ -59.494809, -12.296282 ], [ -59.482388, -12.286609 ], [ -59.467087, -12.288229 ], [ -59.454697, -12.28401 ], [ -59.450924, -12.286866 ], [ -59.415168, -12.283809 ], [ -59.404614, -12.288735 ], [ -59.38792, -12.28212 ], [ -59.366311, -12.286504 ], [ -59.34873, -12.278735 ], [ -59.331369, -12.278921 ], [ -59.31244, -12.28542 ], [ -59.304204, -12.282463 ], [ -59.271676, -12.287659 ], [ -59.258729, -12.302984 ], [ -59.242672, -12.306388 ], [ -59.228203, -12.303006 ], [ -59.225502, -12.307706 ], [ -59.218093, -12.308632 ], [ -59.214426, -12.314897 ], [ -59.211452, -12.313674 ], [ -59.193594, -12.330665 ], [ -59.1882, -12.348709 ], [ -59.182526, -12.35458 ], [ -59.180816, -12.355764 ], [ -59.173891, -12.36284 ], [ -59.164813, -12.364623 ], [ -59.143073, -12.357173 ], [ -59.137891, -12.351784 ], [ -59.128174, -12.351957 ], [ -59.125842, -12.337556 ], [ -59.112865, -12.315115 ], [ -59.108001, -12.315647 ], [ -59.11356, -12.307402 ], [ -59.092364, -12.297222 ], [ -59.081678, -12.283493 ], [ -59.074596, -12.279862 ], [ -59.067089, -12.268493 ], [ -59.061536, -12.26901 ], [ -59.053174, -12.254661 ], [ -59.04887, -12.259317 ], [ -59.044537, -12.250542 ], [ -59.04125, -12.25181 ], [ -59.034672, -12.247064 ], [ -59.030835, -12.251271 ], [ -59.029203, -12.245084 ], [ -59.012032, -12.238885 ], [ -59.008315, -12.23195 ], [ -58.997285, -12.237305 ], [ -58.974372, -12.230026 ], [ -58.963336, -12.220367 ], [ -58.939724, -12.221476 ], [ -58.91506, -12.211409 ], [ -58.90709, -12.214353 ], [ -58.890836, -12.209084 ], [ -58.870383, -12.208735 ], [ -58.866632, -12.207224 ], [ -58.872782, -12.254488 ], [ -58.866416, -12.264765 ], [ -58.865505, -12.279748 ], [ -58.843173, -12.327527 ], [ -58.847948, -12.359754 ], [ -58.853087, -12.3731 ], [ -58.850925, -12.39006 ], [ -58.855678, -12.40867 ], [ -58.85217, -12.432225 ], [ -58.858897, -12.454043 ], [ -58.869199, -12.464815 ], [ -58.891731, -12.477097 ], [ -58.897418, -12.487957 ], [ -58.907318, -12.496927 ], [ -58.909036, -12.509246 ], [ -58.905479, -12.534157 ], [ -58.916392, -12.555412 ], [ -58.925983, -12.566605 ], [ -58.922061, -12.618599 ], [ -58.935731, -12.63379 ], [ -58.929511, -12.640656 ], [ -58.924453, -12.654146 ], [ -58.927791, -12.667063 ], [ -58.944786, -12.693203 ], [ -58.94948, -12.721098 ], [ -58.946143, -12.724187 ], [ -58.94442, -12.757343 ], [ -58.933365, -12.777715 ], [ -58.933279, -12.787952 ], [ -58.92526, -12.807956 ], [ -58.932199, -12.822722 ], [ -58.923674, -12.836801 ], [ -58.923593, -12.86137 ], [ -58.920835, -12.875386 ], [ -58.91448, -12.886344 ], [ -58.915122, -12.896151 ], [ -58.911095, -12.898525 ], [ -58.913782, -12.908844 ], [ -58.911147, -12.911957 ], [ -58.919952, -12.919721 ], [ -58.925339, -12.932621 ], [ -58.928176, -12.946125 ], [ -58.9262, -12.965632 ], [ -58.932809, -12.976743 ], [ -58.95362, -12.994196 ], [ -58.959565, -13.018129 ], [ -58.96184, -13.021725 ], [ -58.966059, -13.020571 ], [ -58.964151, -13.033933 ], [ -58.967283, -13.045405 ], [ -58.976335, -13.055878 ], [ -58.970307, -13.055966 ], [ -58.96595, -13.060383 ], [ -58.972789, -13.065182 ], [ -58.980254, -13.065423 ], [ -58.975309, -13.079555 ], [ -58.965035, -13.079078 ], [ -58.962667, -13.082464 ], [ -58.959893, -13.099653 ], [ -58.965281, -13.106099 ], [ -58.958727, -13.125513 ], [ -58.964175, -13.129958 ], [ -58.97414, -13.150681 ], [ -58.984868, -13.158394 ], [ -58.992844, -13.159549 ], [ -59.004171, -13.181977 ], [ -58.989341, -13.183716 ], [ -58.982806, -13.197688 ], [ -58.993395, -13.21739 ], [ -59.005758, -13.216837 ], [ -59.009559, -13.211048 ], [ -59.019252, -13.207094 ], [ -59.027007, -13.214984 ], [ -59.027529, -13.22829 ], [ -59.032698, -13.229307 ], [ -59.031392, -13.235278 ], [ -59.037005, -13.243439 ], [ -59.021648, -13.250099 ], [ -59.01973, -13.243937 ], [ -59.016231, -13.243024 ], [ -59.012504, -13.25116 ], [ -59.016086, -13.261575 ], [ -59.024286, -13.268026 ], [ -59.023222, -13.284046 ], [ -59.029309, -13.288672 ], [ -59.028179, -13.302794 ], [ -59.035561, -13.311142 ], [ -59.027641, -13.325873 ], [ -59.016284, -13.329736 ], [ -59.030645, -13.344712 ], [ -59.021503, -13.344687 ], [ -59.01854, -13.354375 ], [ -59.021954, -13.353931 ], [ -59.024592, -13.360153 ], [ -59.018203, -13.368129 ], [ -59.013319, -13.369387 ], [ -59.016115, -13.386231 ], [ -59.011316, -13.38911 ], [ -59.008005, -13.387383 ], [ -59.005566, -13.392718 ], [ -59.008894, -13.398699 ], [ -59.005173, -13.40259 ], [ -58.99792, -13.439119 ], [ -59.001068, -13.453993 ], [ -59.005494, -13.459517 ], [ -59.013641, -13.457735 ], [ -59.016787, -13.461005 ], [ -59.013418, -13.474115 ], [ -59.018674, -13.483813 ], [ -59.013787, -13.490559 ], [ -59.015868, -13.494398 ], [ -59.019313, -13.488798 ], [ -59.022727, -13.488895 ], [ -59.029447, -13.495785 ], [ -59.029398, -13.501325 ], [ -59.021843, -13.50625 ], [ -59.01665, -13.505372 ], [ -59.01445, -13.511902 ], [ -59.017807, -13.516061 ], [ -59.025503, -13.517382 ], [ -59.022673, -13.525558 ], [ -59.027428, -13.532786 ], [ -59.023674, -13.541138 ], [ -59.031481, -13.543281 ], [ -59.034922, -13.551329 ], [ -59.024593, -13.559715 ], [ -59.033695, -13.567286 ], [ -59.029372, -13.587336 ], [ -59.035029, -13.592292 ], [ -59.029981, -13.599114 ], [ -59.018041, -13.602255 ], [ -59.006372, -13.624335 ], [ -59.002872, -13.625802 ], [ -59.005122, -13.630413 ], [ -59.012815, -13.632279 ], [ -59.010723, -13.641806 ], [ -59.007199, -13.640011 ], [ -59.008506, -13.645353 ], [ -59.018146, -13.645673 ], [ -59.020507, -13.651093 ], [ -59.014705, -13.65955 ], [ -59.015675, -13.670424 ], [ -59.008644, -13.67372 ], [ -59.009862, -13.677533 ], [ -58.998255, -13.687369 ], [ -59.000205, -13.692087 ], [ -59.001868, -13.688981 ], [ -59.009397, -13.689587 ], [ -59.012866, -13.698813 ], [ -59.002706, -13.708097 ], [ -59.011143, -13.70733 ], [ -59.01665, -13.71284 ], [ -59.015088, -13.721998 ], [ -59.007148, -13.723854 ], [ -59.004702, -13.73837 ], [ -59.008538, -13.743057 ], [ -59.006614, -13.749689 ], [ -59.002259, -13.750427 ], [ -59.008759, -13.765656 ], [ -59.002071, -13.766385 ], [ -58.995896, -13.776176 ], [ -58.999569, -13.783622 ], [ -58.99401, -13.798401 ], [ -58.989896, -13.79937 ], [ -58.987758, -13.820959 ], [ -58.983647, -13.824737 ], [ -58.984173, -13.831996 ], [ -58.978734, -13.833374 ], [ -58.978311, -13.844419 ], [ -58.982372, -13.848159 ], [ -58.980173, -13.852807 ], [ -58.995482, -13.858694 ], [ -58.993643, -13.861269 ], [ -59.000729, -13.866902 ], [ -58.999648, -13.872002 ], [ -59.003899, -13.87605 ], [ -59.001897, -13.880678 ], [ -59.008978, -13.889441 ], [ -59.009868, -13.899313 ], [ -59.019176, -13.903068 ], [ -59.016197, -13.925481 ], [ -59.027289, -13.931135 ], [ -59.024035, -13.933419 ], [ -59.020031, -13.930716 ], [ -59.016199, -13.934064 ], [ -59.020226, -13.949478 ], [ -59.015783, -13.951945 ], [ -59.020925, -13.960344 ], [ -59.025838, -13.956423 ], [ -59.030616, -13.960135 ], [ -59.030256, -13.967645 ], [ -59.027092, -13.966929 ], [ -59.023146, -13.974838 ], [ -59.030505, -13.980334 ], [ -59.036257, -13.974505 ], [ -59.03773, -13.976221 ], [ -59.038401, -13.982009 ], [ -59.044014, -13.986331 ], [ -59.041511, -13.998011 ], [ -59.041812, -14.003792 ], [ -59.035207, -14.007846 ], [ -59.038181, -14.010485 ], [ -59.035257, -14.016907 ], [ -59.037282, -14.02362 ], [ -59.044115, -14.029001 ], [ -59.037152, -14.031964 ], [ -59.035814, -14.03939 ], [ -59.041204, -14.044121 ], [ -59.039708, -14.048017 ], [ -59.044311, -14.04985 ], [ -59.039122, -14.051363 ], [ -59.036959, -14.056884 ], [ -59.042504, -14.059895 ], [ -59.045035, -14.057915 ], [ -59.043115, -14.052738 ], [ -59.049229, -14.053305 ], [ -59.045956, -14.061094 ], [ -59.047423, -14.066711 ], [ -59.04443, -14.06915 ], [ -59.049151, -14.078322 ], [ -59.058873, -14.084521 ], [ -59.053372, -14.089944 ], [ -59.062897, -14.093969 ], [ -59.055262, -14.10182 ], [ -59.058318, -14.1051 ], [ -59.063425, -14.104388 ], [ -59.065276, -14.108371 ], [ -59.059923, -14.119424 ], [ -59.067364, -14.119989 ], [ -59.065727, -14.130498 ], [ -59.068614, -14.12915 ], [ -59.077425, -14.138432 ], [ -59.073754, -14.149931 ], [ -59.070036, -14.14855 ], [ -59.067786, -14.152263 ], [ -59.069456, -14.157884 ], [ -59.066173, -14.164763 ], [ -59.069481, -14.173206 ], [ -59.081064, -14.17904 ], [ -59.082257, -14.184303 ], [ -59.091063, -14.192223 ], [ -59.095091, -14.205018 ], [ -59.093592, -14.212165 ], [ -59.099783, -14.219169 ], [ -59.098644, -14.224155 ], [ -59.102727, -14.229789 ], [ -59.09451, -14.241898 ], [ -59.098371, -14.247894 ], [ -59.09267, -14.256122 ], [ -59.088122, -14.254571 ], [ -59.083565, -14.258811 ], [ -59.09162, -14.263369 ], [ -59.091783, -14.273525 ], [ -59.088985, -14.275503 ], [ -59.069427, -14.288035 ], [ -59.063978, -14.301428 ], [ -59.055592, -14.310189 ], [ -59.058782, -14.320173 ], [ -59.05515, -14.324691 ], [ -59.060258, -14.32643 ], [ -59.053816, -14.335563 ], [ -59.056182, -14.350442 ], [ -59.051873, -14.360566 ], [ -59.053873, -14.372269 ], [ -59.062095, -14.381274 ], [ -59.066284, -14.406935 ], [ -59.0619, -14.410731 ], [ -59.06568, -14.419983 ], [ -59.058318, -14.42703 ], [ -59.063404, -14.43819 ], [ -59.069701, -14.44184 ], [ -59.06956, -14.453714 ], [ -59.066285, -14.456153 ], [ -59.068202, -14.466939 ], [ -59.06326, -14.47363 ], [ -59.070031, -14.479275 ], [ -59.067207, -14.490145 ], [ -59.072595, -14.492427 ], [ -59.070906, -14.498295 ], [ -59.067756, -14.498921 ], [ -59.07067, -14.503734 ], [ -59.06753, -14.510073 ], [ -59.074013, -14.515491 ], [ -59.075149, -14.520959 ], [ -59.072429, -14.523748 ], [ -59.059865, -14.520991 ], [ -59.058701, -14.526069 ], [ -59.048286, -14.532509 ], [ -59.04451, -14.562279 ], [ -59.047647, -14.57612 ], [ -59.045898, -14.582103 ], [ -59.050125, -14.589508 ], [ -59.046374, -14.599278 ], [ -59.036203, -14.607093 ], [ -59.036537, -14.630172 ], [ -59.047342, -14.642819 ], [ -59.059094, -14.642655 ], [ -59.075761, -14.656362 ], [ -59.07895, -14.652935 ], [ -59.093732, -14.651713 ], [ -59.098997, -14.654852 ], [ -59.102488, -14.652341 ], [ -59.107037, -14.654837 ], [ -59.106494, -14.659205 ], [ -59.094231, -14.665617 ], [ -59.084257, -14.664349 ], [ -59.057372, -14.654547 ], [ -59.018258, -14.620548 ], [ -58.967651, -14.587134 ], [ -58.95038, -14.586936 ], [ -58.8737, -14.598316 ], [ -58.773371, -14.602041 ], [ -58.769284, -14.600822 ], [ -58.760036, -14.631173 ], [ -58.765063, -14.642208 ], [ -58.759927, -14.652883 ], [ -58.772209, -14.665986 ], [ -58.773622, -14.674636 ], [ -58.768033, -14.699925 ], [ -58.762981, -14.702516 ], [ -58.760897, -14.724214 ], [ -58.76676, -14.736165 ], [ -58.767902, -14.751895 ], [ -58.773704, -14.760671 ], [ -58.782347, -14.766294 ], [ -58.79584, -14.768233 ], [ -58.800619, -14.77673 ], [ -58.793205, -14.792011 ], [ -58.784341, -14.799467 ], [ -58.792261, -14.822893 ], [ -58.780785, -14.850764 ], [ -58.802063, -14.860687 ], [ -58.817756, -14.861819 ], [ -58.827286, -14.881072 ], [ -58.845034, -14.899493 ], [ -58.844811, -14.90458 ], [ -58.831842, -14.911916 ], [ -58.829485, -14.926158 ], [ -58.854148, -14.974885 ], [ -58.852003, -14.985401 ], [ -58.858004, -15.004373 ], [ -58.722083, -15.004485 ], [ -58.720781, -15.004486 ], [ -58.727758, -15.016676 ], [ -58.72243, -15.020563 ], [ -58.723142, -15.0251 ], [ -58.728499, -15.030392 ], [ -58.735643, -15.030942 ], [ -58.737561, -15.036941 ], [ -58.75184, -15.043238 ], [ -58.748224, -15.058919 ], [ -58.744788, -15.061721 ], [ -58.74765, -15.06953 ], [ -58.740728, -15.071143 ], [ -58.7412, -15.074772 ], [ -58.746124, -15.075327 ], [ -58.742947, -15.077682 ], [ -58.740762, -15.092731 ], [ -58.733483, -15.091343 ], [ -58.740842, -15.098536 ], [ -58.739423, -15.101609 ], [ -58.733069, -15.108303 ], [ -58.728949, -15.133603 ], [ -58.73154, -15.144586 ], [ -58.727507, -15.145663 ], [ -58.7259, -15.153813 ], [ -58.722312, -15.163244 ], [ -58.726947, -15.173778 ], [ -58.729984, -15.220494 ], [ -58.725558, -15.249144 ], [ -58.7162, -15.266534 ], [ -58.71279, -15.288746 ], [ -58.706699, -15.287089 ], [ -58.706009, -15.297072 ], [ -58.699647, -15.302853 ], [ -58.700923, -15.309937 ], [ -58.695979, -15.313007 ], [ -58.680699, -15.318579 ], [ -58.680707, -15.322661 ] ] ], [ [ [ -60.660238, -9.70366 ], [ -60.659194, -9.714015 ], [ -60.663119, -9.72245 ], [ -60.680181, -9.734477 ], [ -60.687225, -9.749628 ], [ -60.677634, -9.759355 ], [ -60.671467, -9.784273 ], [ -60.673154, -9.793018 ], [ -60.689879, -9.813377 ], [ -60.70463, -9.818674 ], [ -60.701975, -9.82732 ], [ -60.694227, -9.83344 ], [ -60.673958, -9.839695 ], [ -60.670542, -9.857974 ], [ -60.658362, -9.88885 ], [ -60.66363, -9.900427 ], [ -60.675589, -9.908197 ], [ -60.690862, -9.933885 ], [ -60.694927, -9.947773 ], [ -60.688883, -9.963926 ], [ -60.671428, -9.963402 ], [ -60.64398, -9.95609 ], [ -60.630171, -9.958252 ], [ -60.632348, -9.97173 ], [ -60.638946, -9.979129 ], [ -60.638135, -9.984167 ], [ -60.610626, -10.004722 ], [ -60.607389, -10.019698 ], [ -60.616541, -10.035113 ], [ -60.637993, -10.036457 ], [ -60.638773, -10.041333 ], [ -60.630086, -10.04818 ], [ -60.619147, -10.067262 ], [ -60.611392, -10.073524 ], [ -60.614341, -10.084697 ], [ -60.612735, -10.096494 ], [ -60.615872, -10.104794 ], [ -60.646267, -10.13448 ], [ -60.646263, -10.153155 ], [ -60.63092, -10.174012 ], [ -60.629248, -10.179922 ], [ -60.632678, -10.188357 ], [ -60.62658, -10.200346 ], [ -60.637653, -10.237272 ], [ -60.625558, -10.263265 ], [ -60.635951, -10.272342 ], [ -60.635708, -10.295473 ], [ -60.626353, -10.313823 ], [ -60.602256, -10.330181 ], [ -60.606251, -10.368925 ], [ -60.598515, -10.396162 ], [ -60.598531, -10.396413 ], [ -60.598819, -10.410093 ], [ -60.585381, -10.420444 ], [ -60.57451, -10.421139 ], [ -60.569073, -10.427666 ], [ -60.558824, -10.431946 ], [ -60.524048, -10.473421 ], [ -60.525911, -10.484032 ], [ -60.535546, -10.489528 ], [ -60.527612, -10.525532 ], [ -60.526913, -10.546946 ], [ -60.519067, -10.558671 ], [ -60.519733, -10.566422 ], [ -60.53051, -10.57607 ], [ -60.531233, -10.588416 ], [ -60.537793, -10.591073 ], [ -60.52954, -10.624353 ], [ -60.52163, -10.630619 ], [ -60.517742, -10.639426 ], [ -60.523793, -10.66723 ], [ -60.514625, -10.679692 ], [ -60.505314, -10.688558 ], [ -60.487739, -10.694212 ], [ -60.483181, -10.714523 ], [ -60.477492, -10.718465 ], [ -60.447408, -10.713472 ], [ -60.437617, -10.716751 ], [ -60.427477, -10.731519 ], [ -60.426407, -10.739579 ], [ -60.420148, -10.74482 ], [ -60.39689, -10.755564 ], [ -60.396395, -10.763183 ], [ -60.40128, -10.765 ], [ -60.409549, -10.777264 ], [ -60.418752, -10.781905 ], [ -60.421187, -10.798401 ], [ -60.427365, -10.805085 ], [ -60.429497, -10.813682 ], [ -60.429699, -10.818565 ], [ -60.418271, -10.829181 ], [ -60.403613, -10.852884 ], [ -60.410063, -10.870977 ], [ -60.42831, -10.879327 ], [ -60.437369, -10.898472 ], [ -60.451116, -10.908891 ], [ -60.435288, -10.932067 ], [ -60.443115, -10.954254 ], [ -60.461197, -10.974764 ], [ -60.463755, -10.982033 ], [ -60.459537, -10.989455 ], [ -60.805847, -10.988687 ], [ -60.828476, -10.988608 ], [ -60.831506, -10.988597 ], [ -60.947748, -10.988162 ], [ -60.949322, -10.988154 ], [ -61.00008, -10.987951 ], [ -61.000082, -10.99184 ], [ -61.426351, -10.987159 ], [ -61.428477, -10.987136 ], [ -61.4833, -10.986489 ], [ -61.513545, -10.986131 ], [ -61.549746, -10.985695 ], [ -61.55018, -10.980575 ], [ -61.546286, -10.977198 ], [ -61.538069, -10.975462 ], [ -61.529576, -10.97862 ], [ -61.527096, -10.95679 ], [ -61.518996, -10.9493 ], [ -61.522743, -10.939856 ], [ -61.518337, -10.916838 ], [ -61.513793, -10.906988 ], [ -61.523792, -10.904349 ], [ -61.518604, -10.894115 ], [ -61.526346, -10.885294 ], [ -61.523263, -10.88138 ], [ -61.524624, -10.855406 ], [ -61.520845, -10.842132 ], [ -61.509687, -10.836614 ], [ -61.509004, -10.830383 ], [ -61.512011, -10.821804 ], [ -61.50291, -10.808046 ], [ -61.506827, -10.796428 ], [ -61.510572, -10.794417 ], [ -61.504869, -10.789036 ], [ -61.50477, -10.784359 ], [ -61.494992, -10.782109 ], [ -61.491248, -10.795492 ], [ -61.485517, -10.800213 ], [ -61.473322, -10.797115 ], [ -61.479766, -10.785183 ], [ -61.475905, -10.767396 ], [ -61.480941, -10.759775 ], [ -61.48035, -10.743801 ], [ -61.487876, -10.736079 ], [ -61.485827, -10.726774 ], [ -61.475855, -10.722105 ], [ -61.471882, -10.714575 ], [ -61.480435, -10.714381 ], [ -61.498305, -10.699541 ], [ -61.495331, -10.682941 ], [ -61.492391, -10.675338 ], [ -61.48396, -10.673369 ], [ -61.481187, -10.668745 ], [ -61.481847, -10.652942 ], [ -61.478433, -10.642647 ], [ -61.48907, -10.629406 ], [ -61.475712, -10.607267 ], [ -61.480985, -10.596367 ], [ -61.476938, -10.589287 ], [ -61.479437, -10.568757 ], [ -61.469597, -10.556134 ], [ -61.465798, -10.540815 ], [ -61.478546, -10.529475 ], [ -61.480292, -10.487352 ], [ -61.469682, -10.461022 ], [ -61.475543, -10.454331 ], [ -61.466568, -10.448098 ], [ -61.461269, -10.419508 ], [ -61.463838, -10.416209 ], [ -61.468828, -10.414704 ], [ -61.475659, -10.418035 ], [ -61.476402, -10.410234 ], [ -61.470991, -10.404745 ], [ -61.483542, -10.399755 ], [ -61.489041, -10.389869 ], [ -61.496543, -10.389185 ], [ -61.502599, -10.375529 ], [ -61.50121, -10.35338 ], [ -61.511377, -10.350007 ], [ -61.515652, -10.334039 ], [ -61.520968, -10.330385 ], [ -61.533226, -10.331487 ], [ -61.540374, -10.319828 ], [ -61.547596, -10.315993 ], [ -61.552823, -10.306609 ], [ -61.543576, -10.300598 ], [ -61.554081, -10.27916 ], [ -61.561665, -10.271598 ], [ -61.576214, -10.24818 ], [ -61.577099, -10.226182 ], [ -61.573082, -10.218894 ], [ -61.573494, -10.208564 ], [ -61.551207, -10.19738 ], [ -61.559266, -10.192686 ], [ -61.558153, -10.176103 ], [ -61.57805, -10.162805 ], [ -61.596293, -10.16198 ], [ -61.599299, -10.158779 ], [ -61.601068, -10.156251 ], [ -61.589656, -10.121066 ], [ -61.590579, -10.110811 ], [ -61.582773, -10.095281 ], [ -61.582578, -10.082077 ], [ -61.578186, -10.07885 ], [ -61.583851, -10.059215 ], [ -61.571217, -10.046128 ], [ -61.55535, -10.038557 ], [ -61.539875, -10.00096 ], [ -61.539598, -9.999131 ], [ -61.429726, -9.999662 ], [ -61.420386, -10.002839 ], [ -61.411994, -10.01881 ], [ -61.406365, -10.011871 ], [ -61.401066, -10.018042 ], [ -61.397021, -10.01474 ], [ -61.388725, -10.015156 ], [ -61.385447, -10.02313 ], [ -61.379762, -10.02351 ], [ -61.360916, -10.040232 ], [ -61.355375, -10.04 ], [ -61.348303, -10.0285 ], [ -61.342192, -10.031631 ], [ -61.338444, -10.027409 ], [ -61.303217, -10.026954 ], [ -61.296615, -10.016056 ], [ -61.28762, -10.010376 ], [ -61.278846, -10.009879 ], [ -61.275549, -9.993141 ], [ -61.280284, -9.978742 ], [ -61.280843, -9.962869 ], [ -61.288768, -9.957277 ], [ -61.287914, -9.938982 ], [ -61.2755, -9.942191 ], [ -61.268818, -9.948685 ], [ -61.235225, -9.955214 ], [ -61.22523, -9.967241 ], [ -61.213253, -9.968612 ], [ -61.20725, -9.992181 ], [ -61.196564, -9.998418 ], [ -61.180155, -10.002287 ], [ -61.179677, -10.012976 ], [ -61.175428, -10.017606 ], [ -61.170053, -10.041478 ], [ -61.158295, -10.048413 ], [ -61.141113, -10.049666 ], [ -61.133741, -10.052899 ], [ -61.12738, -10.049132 ], [ -61.136513, -10.032574 ], [ -61.131165, -10.025855 ], [ -61.119814, -10.023125 ], [ -61.113055, -9.988696 ], [ -61.105236, -9.991541 ], [ -61.098714, -9.987498 ], [ -61.088548, -9.987394 ], [ -61.070939, -9.974318 ], [ -61.059124, -9.971939 ], [ -61.055988, -9.97977 ], [ -61.047584, -9.982165 ], [ -61.03114, -9.960361 ], [ -61.018992, -9.958903 ], [ -61.010585, -9.951671 ], [ -61.000955, -9.93872 ], [ -60.995581, -9.924343 ], [ -60.984701, -9.922637 ], [ -60.979716, -9.911695 ], [ -60.955439, -9.881266 ], [ -60.948149, -9.880208 ], [ -60.938737, -9.865875 ], [ -60.928308, -9.863015 ], [ -60.908354, -9.845826 ], [ -60.910343, -9.838239 ], [ -60.920972, -9.838574 ], [ -60.927007, -9.83117 ], [ -60.919005, -9.818653 ], [ -60.903533, -9.809203 ], [ -60.88681, -9.781657 ], [ -60.880898, -9.779662 ], [ -60.877117, -9.77237 ], [ -60.850479, -9.765794 ], [ -60.838179, -9.760431 ], [ -60.832447, -9.754076 ], [ -60.795536, -9.737754 ], [ -60.78617, -9.736525 ], [ -60.788427, -9.73084 ], [ -60.786164, -9.72657 ], [ -60.766664, -9.719867 ], [ -60.768063, -9.712935 ], [ -60.776727, -9.704141 ], [ -60.765336, -9.705105 ], [ -60.758272, -9.696378 ], [ -60.744416, -9.693912 ], [ -60.7426, -9.701477 ], [ -60.731835, -9.701594 ], [ -60.715393, -9.713614 ], [ -60.710933, -9.711359 ], [ -60.716728, -9.700815 ], [ -60.712461, -9.69667 ], [ -60.701956, -9.701394 ], [ -60.69801, -9.69777 ], [ -60.698335, -9.688961 ], [ -60.690079, -9.686952 ], [ -60.691512, -9.682956 ], [ -60.688509, -9.678586 ], [ -60.678732, -9.672613 ], [ -60.677306, -9.667703 ], [ -60.684997, -9.656508 ], [ -60.678035, -9.657002 ], [ -60.673754, -9.651597 ], [ -60.677146, -9.643281 ], [ -60.665705, -9.639421 ], [ -60.65502, -9.646872 ], [ -60.644611, -9.63647 ], [ -60.635082, -9.638151 ], [ -60.63892, -9.645581 ], [ -60.636186, -9.653511 ], [ -60.638525, -9.669274 ], [ -60.656391, -9.697832 ], [ -60.660238, -9.70366 ] ] ] ] } },
{ "type": "Feature", "properties": { "HREG_ID": "51013", "HREG_NAME": "Sul Matogrossense", "id": "510030", "name": "Alto Araguaia", "description": "Alto Araguaia", "MUN_ID": "510030", "UF": "MT", "MACRO_ID": "5101", "MACRO_NAME": "Macrorregião Sul" }, "geometry": { "type": "Polygon", "coordinates": [ [ [ -53.691969, -17.246022 ], [ -53.694007, -17.233542 ], [ -53.704656, -17.227712 ], [ -53.734438, -17.231125 ], [ -53.746525, -17.242199 ], [ -53.758589, -17.242701 ], [ -53.762337, -17.246159 ], [ -53.763779, -17.257833 ], [ -53.770639, -17.26321 ], [ -53.785223, -17.287073 ], [ -53.806147, -17.287519 ], [ -53.819583, -17.294174 ], [ -53.825643, -17.312214 ], [ -53.830219, -17.316843 ], [ -53.834473, -17.335318 ], [ -53.830833, -17.354578 ], [ -53.867893, -17.367935 ], [ -53.877948, -17.374756 ], [ -53.887498, -17.392164 ], [ -53.914109, -17.413972 ], [ -53.919057, -17.424764 ], [ -53.92808, -17.430768 ], [ -53.930609, -17.439008 ], [ -53.947445, -17.451637 ], [ -53.951755, -17.458895 ], [ -53.97078, -17.465376 ], [ -53.972558, -17.471802 ], [ -53.977341, -17.469905 ], [ -53.983609, -17.473375 ], [ -53.994502, -17.467954 ], [ -54.028155, -17.479125 ], [ -54.037146, -17.486007 ], [ -54.040754, -17.500081 ], [ -54.048167, -17.505032 ], [ -54.046058, -17.506992 ], [ -54.051472, -17.505257 ], [ -54.057585, -17.512687 ], [ -54.057276, -17.520382 ], [ -54.0527, -17.52276 ], [ -54.054973, -17.528858 ], [ -54.048917, -17.529501 ], [ -54.045416, -17.536785 ], [ -54.051587, -17.545755 ], [ -54.05114, -17.562328 ], [ -54.054806, -17.569899 ], [ -54.072777, -17.587359 ], [ -54.072168, -17.596324 ], [ -54.078946, -17.604299 ], [ -54.076545, -17.614568 ], [ -54.084199, -17.618592 ], [ -54.096362, -17.613145 ], [ -54.111473, -17.613084 ], [ -54.113389, -17.61837 ], [ -54.11625, -17.615513 ], [ -54.118111, -17.6187 ], [ -54.122449, -17.61278 ], [ -54.133694, -17.618284 ], [ -54.140812, -17.610227 ], [ -54.146224, -17.614562 ], [ -54.153723, -17.60543 ], [ -54.167671, -17.607786 ], [ -54.178339, -17.602409 ], [ -54.19292, -17.605685 ], [ -54.199336, -17.61411 ], [ -54.204167, -17.61236 ], [ -54.213502, -17.619732 ], [ -54.221726, -17.61948 ], [ -54.232419, -17.626325 ], [ -54.24325, -17.628462 ], [ -54.249863, -17.640055 ], [ -54.273249, -17.651057 ], [ -54.272083, -17.652848 ], [ -54.287834, -17.65523 ], [ -54.291478, -17.652559 ], [ -54.301926, -17.661218 ], [ -54.308782, -17.658405 ], [ -54.319502, -17.661895 ], [ -54.320393, -17.659091 ], [ -54.32731, -17.658367 ], [ -54.33509, -17.661281 ], [ -54.342948, -17.655132 ], [ -54.350085, -17.656664 ], [ -54.355978, -17.648766 ], [ -54.356389, -17.651314 ], [ -54.384033, -17.635711 ], [ -54.387304, -17.631495 ], [ -54.382167, -17.626896 ], [ -54.373922, -17.608136 ], [ -54.382078, -17.60579 ], [ -54.381001, -17.600604 ], [ -54.38411, -17.600922 ], [ -54.379696, -17.593713 ], [ -54.38584, -17.585542 ], [ -54.381666, -17.572349 ], [ -54.391534, -17.570115 ], [ -54.392645, -17.565606 ], [ -54.398367, -17.56694 ], [ -54.403219, -17.564101 ], [ -54.405447, -17.553164 ], [ -54.413223, -17.551088 ], [ -54.413503, -17.54411 ], [ -54.422718, -17.536012 ], [ -54.431343, -17.537702 ], [ -54.433555, -17.534392 ], [ -54.466419, -17.528633 ], [ -54.477114, -17.513085 ], [ -54.472896, -17.50986 ], [ -54.479058, -17.507397 ], [ -54.473735, -17.497552 ], [ -54.482561, -17.493528 ], [ -54.480814, -17.487224 ], [ -54.490448, -17.488176 ], [ -54.503257, -17.479669 ], [ -54.524702, -17.481602 ], [ -54.530436, -17.477945 ], [ -54.535836, -17.477144 ], [ -54.553693, -17.488228 ], [ -54.562551, -17.478735 ], [ -54.568533, -17.482583 ], [ -54.570502, -17.479912 ], [ -54.567528, -17.473867 ], [ -54.571832, -17.475146 ], [ -54.581167, -17.467566 ], [ -54.588118, -17.476681 ], [ -54.606923, -17.48669 ], [ -54.61684, -17.489983 ], [ -54.620118, -17.487798 ], [ -54.635584, -17.495284 ], [ -54.6545, -17.489719 ], [ -54.656231, -17.496463 ], [ -54.668949, -17.503793 ], [ -54.676257, -17.501086 ], [ -54.680814, -17.506409 ], [ -54.69503, -17.50308 ], [ -54.699226, -17.49694 ], [ -54.700089, -17.505872 ], [ -54.71497, -17.512702 ], [ -54.718307, -17.517924 ], [ -54.729588, -17.515091 ], [ -54.739223, -17.520031 ], [ -54.749868, -17.522997 ], [ -54.756505, -17.534054 ], [ -54.75548, -17.544737 ], [ -54.761673, -17.553975 ], [ -54.756502, -17.558161 ], [ -54.759665, -17.559929 ], [ -54.758283, -17.565256 ], [ -54.765479, -17.567768 ], [ -54.778316, -17.570978 ], [ -54.791088, -17.58185 ], [ -54.800256, -17.582156 ], [ -54.812725, -17.593844 ], [ -54.820813, -17.596945 ], [ -54.8197, -17.602912 ], [ -54.824506, -17.609235 ], [ -54.83861, -17.613501 ], [ -54.851088, -17.612593 ], [ -54.860365, -17.623413 ], [ -54.880138, -17.61643 ], [ -54.89433, -17.621076 ], [ -54.90167, -17.611113 ], [ -54.913809, -17.60801 ], [ -54.930224, -17.6105 ], [ -54.942926, -17.608588 ], [ -54.947838, -17.614906 ], [ -54.966532, -17.615152 ], [ -54.965892, -17.620494 ], [ -54.973776, -17.616607 ], [ -54.980974, -17.628307 ], [ -54.984444, -17.623636 ], [ -54.988667, -17.632571 ], [ -54.992285, -17.632533 ], [ -54.991335, -17.637959 ], [ -55.010254, -17.6289 ], [ -55.010782, -17.634037 ], [ -55.015815, -17.62937 ], [ -55.018453, -17.635878 ], [ -55.022534, -17.634321 ], [ -55.022562, -17.637492 ], [ -55.02651, -17.635882 ], [ -55.031557, -17.640063 ], [ -55.032974, -17.637591 ], [ -55.0425, -17.638869 ], [ -55.044255, -17.63595 ], [ -55.046813, -17.639893 ], [ -55.054701, -17.638199 ], [ -55.055975, -17.641949 ], [ -55.062004, -17.638611 ], [ -55.063315, -17.64202 ], [ -55.072148, -17.631192 ], [ -55.076695, -17.630075 ], [ -55.079452, -17.633051 ], [ -55.086837, -17.629478 ], [ -55.092866, -17.635597 ], [ -55.097004, -17.631337 ], [ -55.096204, -17.627202 ], [ -55.100083, -17.630668 ], [ -55.108258, -17.62822 ], [ -55.113392, -17.643523 ], [ -55.117587, -17.648394 ], [ -55.126756, -17.652282 ], [ -55.136587, -17.649748 ], [ -55.138544, -17.647332 ], [ -55.143138, -17.644184 ], [ -55.141503, -17.638847 ], [ -55.153617, -17.642588 ], [ -55.162564, -17.64173 ], [ -55.165973, -17.63685 ], [ -55.170113, -17.640394 ], [ -55.171226, -17.637605 ], [ -55.166311, -17.633768 ], [ -55.175229, -17.634482 ], [ -55.17357, -17.630191 ], [ -55.180212, -17.62276 ], [ -55.184423, -17.623776 ], [ -55.183395, -17.619365 ], [ -55.191754, -17.627806 ], [ -55.194977, -17.618273 ], [ -55.202999, -17.617503 ], [ -55.204309, -17.61332 ], [ -55.220999, -17.616659 ], [ -55.22517, -17.608883 ], [ -55.218638, -17.612799 ], [ -55.21764, -17.607077 ], [ -55.226729, -17.598404 ], [ -55.227642, -17.60099 ], [ -55.231418, -17.595139 ], [ -55.236109, -17.595408 ], [ -55.237727, -17.600421 ], [ -55.242837, -17.593867 ], [ -55.242033, -17.601684 ], [ -55.248779, -17.594895 ], [ -55.24442, -17.590974 ], [ -55.251894, -17.591871 ], [ -55.249809, -17.584437 ], [ -55.257586, -17.573944 ], [ -55.263639, -17.577482 ], [ -55.266588, -17.565592 ], [ -55.262558, -17.564397 ], [ -55.2687, -17.556335 ], [ -55.270758, -17.559629 ], [ -55.274648, -17.558387 ], [ -55.273721, -17.564049 ], [ -55.280282, -17.562515 ], [ -55.282289, -17.556998 ], [ -55.289061, -17.559873 ], [ -55.283334, -17.551718 ], [ -55.296034, -17.550676 ], [ -55.292167, -17.54211 ], [ -55.299174, -17.540754 ], [ -55.315419, -17.545554 ], [ -55.322002, -17.541994 ], [ -55.329148, -17.547999 ], [ -55.323698, -17.549672 ], [ -55.323587, -17.55259 ], [ -55.337366, -17.544801 ], [ -55.338954, -17.548068 ], [ -55.350171, -17.548119 ], [ -55.353258, -17.531178 ], [ -55.358116, -17.526024 ], [ -55.371401, -17.522239 ], [ -55.376612, -17.514604 ], [ -55.381833, -17.525037 ], [ -55.386118, -17.518666 ], [ -55.390231, -17.520876 ], [ -55.392922, -17.515619 ], [ -55.404703, -17.511958 ], [ -55.415862, -17.514479 ], [ -55.422085, -17.513083 ], [ -55.422839, -17.509444 ], [ -55.432223, -17.511301 ], [ -55.443418, -17.505235 ], [ -55.443235, -17.511337 ], [ -55.453397, -17.507244 ], [ -55.453284, -17.499958 ], [ -55.458005, -17.499252 ], [ -55.458195, -17.493549 ], [ -55.47214, -17.480918 ], [ -55.47628, -17.483833 ], [ -55.482541, -17.478247 ], [ -55.489591, -17.4847 ], [ -55.492706, -17.482988 ], [ -55.497116, -17.48608 ], [ -55.49884, -17.482553 ], [ -55.503839, -17.486073 ], [ -55.50403, -17.480543 ], [ -55.51453, -17.483183 ], [ -55.523587, -17.480738 ], [ -55.521695, -17.471665 ], [ -55.526618, -17.471664 ], [ -55.532757, -17.466052 ], [ -55.536529, -17.468046 ], [ -55.538059, -17.460609 ], [ -55.543064, -17.460244 ], [ -55.542236, -17.456077 ], [ -55.556867, -17.451457 ], [ -55.555363, -17.447376 ], [ -55.549116, -17.447643 ], [ -55.559228, -17.439216 ], [ -55.57437, -17.434228 ], [ -55.576923, -17.423712 ], [ -55.574836, -17.418362 ], [ -55.58201, -17.41864 ], [ -55.584948, -17.422085 ], [ -55.588139, -17.413379 ], [ -55.586091, -17.402943 ], [ -55.579368, -17.400405 ], [ -55.586094, -17.397777 ], [ -55.583142, -17.394964 ], [ -55.585419, -17.388163 ], [ -55.582405, -17.378633 ], [ -55.588841, -17.377918 ], [ -55.585106, -17.373179 ], [ -55.592785, -17.373921 ], [ -55.60172, -17.367255 ], [ -55.601508, -17.365082 ], [ -55.595147, -17.363043 ], [ -55.59695, -17.358145 ], [ -55.591385, -17.36267 ], [ -55.591193, -17.352332 ], [ -55.583175, -17.349437 ], [ -55.58212, -17.353338 ], [ -55.576454, -17.353246 ], [ -55.573725, -17.347984 ], [ -55.567203, -17.346617 ], [ -55.572864, -17.342082 ], [ -55.562864, -17.344078 ], [ -55.560227, -17.335822 ], [ -55.545391, -17.337273 ], [ -55.542372, -17.330467 ], [ -55.529723, -17.326567 ], [ -55.530068, -17.332819 ], [ -55.524446, -17.332367 ], [ -55.523594, -17.338535 ], [ -55.518473, -17.34188 ], [ -55.514976, -17.338529 ], [ -55.514232, -17.344143 ], [ -55.50848, -17.347323 ], [ -55.506483, -17.345501 ], [ -55.510368, -17.341154 ], [ -55.503091, -17.343864 ], [ -55.499952, -17.352041 ], [ -55.49492, -17.344696 ], [ -55.490023, -17.344318 ], [ -55.486978, -17.350372 ], [ -55.480869, -17.345278 ], [ -55.477903, -17.34825 ], [ -55.469396, -17.346818 ], [ -55.460758, -17.34829 ], [ -55.464326, -17.353179 ], [ -55.456867, -17.354979 ], [ -55.45373, -17.360481 ], [ -55.449584, -17.358209 ], [ -55.449394, -17.362915 ], [ -55.440998, -17.360074 ], [ -55.440778, -17.366873 ], [ -55.434476, -17.367034 ], [ -55.432758, -17.371005 ], [ -55.412061, -17.357156 ], [ -55.407501, -17.362573 ], [ -55.405838, -17.356588 ], [ -55.394597, -17.362518 ], [ -55.380011, -17.353948 ], [ -55.3802, -17.357035 ], [ -55.369545, -17.358261 ], [ -55.366946, -17.363495 ], [ -55.358953, -17.359026 ], [ -55.355342, -17.34409 ], [ -55.351949, -17.347951 ], [ -55.352481, -17.335093 ], [ -55.348892, -17.334403 ], [ -55.349729, -17.338248 ], [ -55.338226, -17.337564 ], [ -55.335209, -17.330956 ], [ -55.32381, -17.335421 ], [ -55.322034, -17.330796 ], [ -55.311118, -17.327399 ], [ -55.30586, -17.321128 ], [ -55.30812, -17.317697 ], [ -55.302483, -17.316765 ], [ -55.299193, -17.310682 ], [ -55.301806, -17.301007 ], [ -55.297308, -17.295363 ], [ -55.29856, -17.290216 ], [ -55.289974, -17.290531 ], [ -55.276842, -17.296725 ], [ -55.274505, -17.292004 ], [ -55.26845, -17.295332 ], [ -55.2695, -17.292344 ], [ -55.260007, -17.289856 ], [ -55.258001, -17.295734 ], [ -55.257171, -17.292295 ], [ -55.248503, -17.290163 ], [ -55.246061, -17.286536 ], [ -55.247895, -17.281013 ], [ -55.239616, -17.277624 ], [ -55.237981, -17.280788 ], [ -55.229093, -17.270695 ], [ -55.228034, -17.27576 ], [ -55.225973, -17.271221 ], [ -55.213834, -17.265819 ], [ -55.208642, -17.268604 ], [ -55.208676, -17.263348 ], [ -55.204333, -17.264142 ], [ -55.205672, -17.257629 ], [ -55.201062, -17.257161 ], [ -55.206835, -17.252292 ], [ -55.205868, -17.240969 ], [ -55.191396, -17.230664 ], [ -55.189093, -17.221957 ], [ -55.185785, -17.225114 ], [ -55.180984, -17.22313 ], [ -55.184331, -17.212519 ], [ -55.182363, -17.209071 ], [ -55.169751, -17.206653 ], [ -55.166788, -17.200298 ], [ -55.156537, -17.196537 ], [ -55.153554, -17.190544 ], [ -55.144424, -17.190127 ], [ -55.136117, -17.195069 ], [ -55.131974, -17.189539 ], [ -55.127643, -17.189409 ], [ -55.129952, -17.181363 ], [ -55.125118, -17.187308 ], [ -55.121171, -17.182778 ], [ -55.119471, -17.184657 ], [ -55.113199, -17.181186 ], [ -55.109192, -17.169842 ], [ -55.09489, -17.154371 ], [ -55.097993, -17.152569 ], [ -55.086947, -17.141197 ], [ -55.08186, -17.143339 ], [ -55.078761, -17.139269 ], [ -55.081892, -17.13487 ], [ -55.055399, -17.125995 ], [ -55.055262, -17.119743 ], [ -55.044728, -17.117059 ], [ -55.041176, -17.110158 ], [ -55.034611, -17.106423 ], [ -55.028865, -17.107827 ], [ -55.026977, -17.103281 ], [ -55.020504, -17.103432 ], [ -55.012478, -17.106192 ], [ -55.01056, -17.112708 ], [ -55.001618, -17.110384 ], [ -54.990303, -17.117386 ], [ -54.975971, -17.11014 ], [ -54.966669, -17.113571 ], [ -54.965308, -17.106752 ], [ -54.952693, -17.109343 ], [ -54.944332, -17.106227 ], [ -54.94276, -17.101315 ], [ -54.937036, -17.104187 ], [ -54.935982, -17.101183 ], [ -54.942917, -17.097068 ], [ -54.934423, -17.085667 ], [ -54.927284, -17.089867 ], [ -54.927083, -17.08534 ], [ -54.918977, -17.085721 ], [ -54.917533, -17.092114 ], [ -54.889427, -17.072898 ], [ -54.863654, -17.077164 ], [ -54.845027, -17.070809 ], [ -54.840589, -17.072254 ], [ -54.839319, -17.066325 ], [ -54.845089, -17.047177 ], [ -54.839087, -17.026053 ], [ -54.844089, -17.000172 ], [ -54.839139, -16.998134 ], [ -54.850277, -16.989638 ], [ -54.846002, -16.982972 ], [ -54.847642, -16.977523 ], [ -54.859312, -16.974818 ], [ -54.866138, -16.969338 ], [ -54.870118, -16.959089 ], [ -54.874588, -16.90246 ], [ -54.867005, -16.867479 ], [ -54.855283, -16.858857 ], [ -54.850775, -16.849747 ], [ -54.853534, -16.838864 ], [ -54.837725, -16.824661 ], [ -54.843504, -16.805248 ], [ -54.842199, -16.792305 ], [ -54.826809, -16.758455 ], [ -54.842363, -16.750841 ], [ -54.852531, -16.740361 ], [ -54.876691, -16.697453 ], [ -54.890999, -16.68368 ], [ -54.902339, -16.679347 ], [ -54.906317, -16.666965 ], [ -54.900543, -16.626009 ], [ -54.891445, -16.591955 ], [ -54.904283, -16.563971 ], [ -54.912129, -16.556546 ], [ -54.926114, -16.545613 ], [ -54.929003, -16.531198 ], [ -54.947059, -16.523734 ], [ -54.962562, -16.523618 ], [ -54.973783, -16.486411 ], [ -54.97064, -16.471598 ], [ -54.979919, -16.477627 ], [ -54.990728, -16.477523 ], [ -54.991222, -16.481242 ], [ -54.982083, -16.488623 ], [ -54.981529, -16.493694 ], [ -54.986866, -16.495677 ], [ -54.997396, -16.490214 ], [ -55.000862, -16.494137 ], [ -54.995256, -16.505719 ], [ -55.003219, -16.504607 ], [ -55.008727, -16.513468 ], [ -55.016389, -16.514095 ], [ -55.021471, -16.489628 ], [ -55.030479, -16.482436 ], [ -55.032504, -16.465015 ], [ -55.047305, -16.449761 ], [ -55.096198, -16.438632 ], [ -55.115145, -16.44895 ], [ -55.148869, -16.445182 ], [ -55.182756, -16.432441 ], [ -55.187147, -16.412645 ], [ -55.1903, -16.39843 ], [ -55.190479, -16.397624 ], [ -55.24175, -16.166195 ], [ -55.271471, -16.032894 ], [ -55.301674, -15.896335 ], [ -55.304947, -15.895655 ], [ -55.300501, -15.879087 ], [ -55.300782, -15.849192 ], [ -55.325144, -15.835484 ], [ -55.332336, -15.82316 ], [ -55.348032, -15.832441 ], [ -55.350997, -15.820038 ], [ -55.355007, -15.808799 ], [ -55.371425, -15.808379 ], [ -55.38178, -15.809253 ], [ -55.394729, -15.821758 ], [ -55.405785, -15.819634 ], [ -55.407967, -15.819776 ], [ -55.419094, -15.789609 ], [ -55.423832, -15.774918 ], [ -55.421038, -15.748422 ], [ -55.411891, -15.733515 ], [ -55.4192, -15.727001 ], [ -55.419225, -15.711956 ], [ -55.396083, -15.688342 ], [ -55.403256, -15.677113 ], [ -55.413446, -15.677705 ], [ -55.416122, -15.674643 ], [ -55.418676, -15.666171 ], [ -55.424226, -15.663713 ], [ -55.423358, -15.658263 ], [ -55.415251, -15.649811 ], [ -55.408223, -15.649361 ], [ -55.405418, -15.64261 ], [ -55.398225, -15.642152 ], [ -55.382555, -15.633784 ], [ -55.355503, -15.598653 ], [ -55.374201, -15.608737 ], [ -55.422838, -15.622268 ], [ -55.436279, -15.617182 ], [ -55.441812, -15.610915 ], [ -55.434726, -15.581543 ], [ -55.420893, -15.561691 ], [ -55.415813, -15.544033 ], [ -55.399444, -15.530676 ], [ -55.40286, -15.509068 ], [ -55.378673, -15.498902 ], [ -55.372834, -15.491393 ], [ -55.34958, -15.486176 ], [ -55.341339, -15.486401 ], [ -55.305528, -15.515167 ], [ -55.302562, -15.514578 ], [ -55.303666, -15.508157 ], [ -55.295836, -15.494487 ], [ -55.294474, -15.480624 ], [ -55.286615, -15.472393 ], [ -55.289946, -15.431043 ], [ -55.275723, -15.421198 ], [ -55.268337, -15.412148 ], [ -55.265583, -15.40218 ], [ -55.274307, -15.379868 ], [ -55.283948, -15.378573 ], [ -55.29509, -15.354527 ], [ -55.303978, -15.354775 ], [ -55.315548, -15.34976 ], [ -55.334559, -15.35114 ], [ -55.167559, -15.204597 ], [ -55.098107, -15.105535 ], [ -55.096336, -15.103747 ], [ -55.092612, -15.105201 ], [ -55.076448, -15.094985 ], [ -55.055638, -15.099007 ], [ -55.042387, -15.095676 ], [ -55.017836, -15.083023 ], [ -55.000306, -15.085673 ], [ -54.970949, -15.075755 ], [ -54.959256, -15.077365 ], [ -54.943057, -15.069834 ], [ -54.917342, -15.068123 ], [ -54.910138, -15.045208 ], [ -54.893644, -15.048128 ], [ -54.886898, -15.055448 ], [ -54.865363, -15.067758 ], [ -54.843276, -15.067281 ], [ -54.798583, -15.026785 ], [ -54.792534, -15.017515 ], [ -54.738359, -14.97683 ], [ -54.733114, -14.968702 ], [ -54.697478, -14.953262 ], [ -54.673058, -14.92954 ], [ -54.665816, -14.926248 ], [ -54.655972, -14.916241 ], [ -54.644108, -14.914871 ], [ -54.582364, -14.893302 ], [ -54.562555, -14.892232 ], [ -54.553561, -14.884799 ], [ -54.519697, -14.879798 ], [ -54.501077, -14.863863 ], [ -54.485698, -14.836418 ], [ -54.492914, -14.822943 ], [ -54.493226, -14.792431 ], [ -54.471837, -14.772845 ], [ -54.457477, -14.771455 ], [ -54.429468, -14.759751 ], [ -54.398417, -14.763077 ], [ -54.381838, -14.752477 ], [ -54.376248, -14.752932 ], [ -54.372032, -14.748019 ], [ -54.348057, -14.74484 ], [ -54.340778, -14.734257 ], [ -54.325387, -14.729227 ], [ -54.329702, -14.692391 ], [ -54.334344, -14.682403 ], [ -54.331139, -14.64107 ], [ -54.337504, -14.640943 ], [ -54.345693, -14.634866 ], [ -54.360388, -14.635974 ], [ -54.373554, -14.632508 ], [ -54.386089, -14.618733 ], [ -54.389781, -14.612201 ], [ -54.38628, -14.605673 ], [ -54.393224, -14.601766 ], [ -54.397113, -14.586188 ], [ -54.394366, -14.580153 ], [ -54.3957, -14.569657 ], [ -54.389526, -14.558143 ], [ -54.390004, -14.548301 ], [ -54.394891, -14.543858 ], [ -54.398863, -14.531375 ], [ -54.407366, -14.529869 ], [ -54.410833, -14.523644 ], [ -54.431305, -14.518023 ], [ -54.424666, -14.513154 ], [ -54.426781, -14.508639 ], [ -54.428667, -14.511259 ], [ -54.433589, -14.507218 ], [ -54.442164, -14.51071 ], [ -54.445445, -14.508958 ], [ -54.449004, -14.500626 ], [ -54.452416, -14.499792 ], [ -54.451608, -14.491266 ], [ -54.454524, -14.488476 ], [ -54.449587, -14.487274 ], [ -54.449562, -14.483986 ], [ -54.452356, -14.481447 ], [ -54.457245, -14.480977 ], [ -54.456612, -14.474874 ], [ -54.463639, -14.473767 ], [ -54.475832, -14.487921 ], [ -54.484921, -14.482561 ], [ -54.487923, -14.484599 ], [ -54.490028, -14.481075 ], [ -54.493279, -14.487323 ], [ -54.491914, -14.496746 ], [ -54.495006, -14.492182 ], [ -54.501951, -14.490615 ], [ -54.496311, -14.483331 ], [ -54.503225, -14.484428 ], [ -54.504564, -14.477415 ], [ -54.509363, -14.491184 ], [ -54.515556, -14.478691 ], [ -54.548679, -14.474865 ], [ -54.553999, -14.46482 ], [ -54.558672, -14.463472 ], [ -54.558753, -14.456087 ], [ -54.565561, -14.459342 ], [ -54.568866, -14.456785 ], [ -54.561583, -14.448669 ], [ -54.555779, -14.434141 ], [ -54.566647, -14.429468 ], [ -54.573755, -14.431784 ], [ -54.581612, -14.429404 ], [ -54.588338, -14.41903 ], [ -54.582028, -14.414374 ], [ -54.581198, -14.40955 ], [ -54.588294, -14.403471 ], [ -54.594669, -14.397494 ], [ -54.598415, -14.405185 ], [ -54.595224, -14.410283 ], [ -54.599253, -14.412812 ], [ -54.601809, -14.411776 ], [ -54.603804, -14.395593 ], [ -54.61734, -14.397763 ], [ -54.625839, -14.392228 ], [ -54.624555, -14.407964 ], [ -54.632785, -14.415291 ], [ -54.636641, -14.412461 ], [ -54.634532, -14.406544 ], [ -54.641249, -14.392619 ], [ -54.647864, -14.413867 ], [ -54.651471, -14.401338 ], [ -54.65664, -14.399176 ], [ -54.658225, -14.390325 ], [ -54.664502, -14.382838 ], [ -54.696447, -14.371683 ], [ -54.707666, -14.371904 ], [ -54.697781, -14.356488 ], [ -54.69117, -14.356175 ], [ -54.688305, -14.359653 ], [ -54.686248, -14.356443 ], [ -54.696532, -14.348573 ], [ -54.698536, -14.341818 ], [ -54.708228, -14.34119 ], [ -54.707756, -14.336474 ], [ -54.70187, -14.32929 ], [ -54.693337, -14.328224 ], [ -54.683334, -14.321951 ], [ -54.707942, -14.318535 ], [ -54.719304, -14.311957 ], [ -54.722726, -14.318092 ], [ -54.712941, -14.336569 ], [ -54.713419, -14.341658 ], [ -54.719918, -14.341869 ], [ -54.7235, -14.334338 ], [ -54.739507, -14.31062 ], [ -54.744476, -14.322047 ], [ -54.757109, -14.322014 ], [ -54.764248, -14.308924 ], [ -54.769362, -14.319265 ], [ -54.773414, -14.319886 ], [ -54.786115, -14.30871 ], [ -54.795609, -14.289679 ], [ -54.796759, -14.278285 ], [ -54.806004, -14.290693 ], [ -54.805856, -14.306817 ], [ -54.811003, -14.305009 ], [ -54.813894, -14.293847 ], [ -54.815256, -14.283521 ], [ -54.806611, -14.269045 ], [ -54.812838, -14.260368 ], [ -54.81275, -14.254292 ], [ -54.817857, -14.249586 ], [ -54.824034, -14.253422 ], [ -54.831313, -14.251563 ], [ -54.840139, -14.260885 ], [ -54.849701, -14.228253 ], [ -54.863615, -14.220358 ], [ -54.871952, -14.221692 ], [ -54.874988, -14.215193 ], [ -54.867116, -14.178194 ], [ -54.872115, -14.165595 ], [ -54.889252, -14.153684 ], [ -54.890089, -14.149523 ], [ -54.885082, -14.143991 ], [ -54.896864, -14.124725 ], [ -54.890169, -14.12062 ], [ -54.886477, -14.104689 ], [ -54.893774, -14.102197 ], [ -54.898308, -14.108171 ], [ -54.905137, -14.108661 ], [ -54.907281, -14.105525 ], [ -54.902476, -14.094112 ], [ -54.910306, -14.092889 ], [ -54.918783, -14.096399 ], [ -54.925643, -14.091545 ], [ -54.926508, -14.076242 ], [ -54.920365, -14.057007 ], [ -54.922055, -14.041807 ], [ -54.93011, -14.028365 ], [ -54.92617, -14.02657 ], [ -54.915223, -14.035337 ], [ -54.911225, -14.035179 ], [ -54.90784, -14.028946 ], [ -54.918055, -14.000069 ], [ -54.898198, -13.999356 ], [ -54.897248, -13.995645 ], [ -54.903892, -13.988368 ], [ -54.917084, -13.988476 ], [ -54.920392, -13.98212 ], [ -54.918139, -13.979047 ], [ -54.906731, -13.977289 ], [ -54.90548, -13.970048 ], [ -54.908608, -13.965949 ], [ -54.926893, -13.967036 ], [ -54.932617, -13.961385 ], [ -54.931527, -13.933661 ], [ -54.934977, -13.934182 ], [ -54.937364, -13.947311 ], [ -54.945752, -13.954882 ], [ -54.97308, -13.930443 ], [ -54.974009, -13.911226 ], [ -54.961863, -13.896517 ], [ -54.971591, -13.879694 ], [ -54.991943, -13.88829 ], [ -55.013613, -13.881909 ], [ -55.014746, -13.875036 ], [ -55.003916, -13.871647 ], [ -54.998281, -13.875465 ], [ -54.978914, -13.878661 ], [ -54.970947, -13.867007 ], [ -54.999722, -13.848898 ], [ -55.000857, -13.843831 ], [ -54.997027, -13.836771 ], [ -54.999026, -13.826611 ], [ -54.995281, -13.822734 ], [ -55.00572, -13.814515 ], [ -55.018418, -13.804137 ], [ -55.021788, -13.795812 ], [ -55.028751, -13.789951 ], [ -55.025538, -13.784504 ], [ -55.031278, -13.779818 ], [ -55.045914, -13.77805 ], [ -55.048813, -13.773986 ], [ -55.048225, -13.75841 ], [ -55.043809, -13.751142 ], [ -55.045838, -13.7478 ], [ -55.071448, -13.741263 ], [ -55.076919, -13.734398 ], [ -55.085998, -13.730265 ], [ -55.082726, -13.716215 ], [ -55.095443, -13.707377 ], [ -55.099028, -13.698955 ], [ -54.996032, -13.750747 ], [ -54.757247, -13.869533 ], [ -54.696888, -13.818148 ], [ -54.690809, -13.821257 ], [ -54.670012, -13.81566 ], [ -54.661447, -13.811594 ], [ -54.639196, -13.78912 ], [ -54.648196, -13.773135 ], [ -54.653117, -13.770404 ], [ -54.650589, -13.768502 ], [ -54.655308, -13.766401 ], [ -54.65572, -13.751359 ], [ -54.663282, -13.745157 ], [ -54.664898, -13.733364 ], [ -54.669866, -13.725653 ], [ -54.664998, -13.717062 ], [ -54.661223, -13.696327 ], [ -54.66831, -13.685244 ], [ -54.664608, -13.667585 ], [ -54.671832, -13.648882 ], [ -54.671307, -13.636474 ], [ -54.676868, -13.632915 ], [ -54.676922, -13.625576 ], [ -54.672997, -13.620242 ], [ -54.674195, -13.615254 ], [ -54.66347, -13.604245 ], [ -54.666139, -13.596259 ], [ -54.662138, -13.593555 ], [ -54.659304, -13.584165 ], [ -54.652999, -13.579733 ], [ -54.651116, -13.573855 ], [ -54.655254, -13.566044 ], [ -54.649864, -13.565796 ], [ -54.653918, -13.561969 ], [ -54.65397, -13.553717 ], [ -54.65789, -13.554159 ], [ -54.667445, -13.538071 ], [ -54.664329, -13.527668 ], [ -54.669311, -13.525105 ], [ -54.671111, -13.514408 ], [ -54.646275, -13.498158 ], [ -54.646809, -13.480608 ], [ -54.652302, -13.466806 ], [ -54.651027, -13.456377 ], [ -54.634311, -13.427044 ], [ -54.630919, -13.43068 ], [ -54.629559, -13.428755 ], [ -54.625636, -13.411519 ], [ -54.627919, -13.405565 ], [ -54.617644, -13.397781 ], [ -54.618224, -13.394257 ], [ -54.606614, -13.391349 ], [ -54.604924, -13.384627 ], [ -54.598495, -13.38765 ], [ -54.597169, -13.381209 ], [ -54.593307, -13.379455 ], [ -54.59339, -13.372124 ], [ -54.589222, -13.370454 ], [ -54.588834, -13.362845 ], [ -54.582608, -13.358176 ], [ -54.579527, -13.350365 ], [ -54.567422, -13.340928 ], [ -54.55772, -13.341104 ], [ -54.553706, -13.337694 ], [ -54.554169, -13.326225 ], [ -54.542228, -13.297154 ], [ -54.542257, -13.276509 ], [ -54.532504, -13.262301 ], [ -54.523636, -13.261217 ], [ -54.523111, -13.25741 ], [ -54.508614, -13.248587 ], [ -54.493948, -13.24534 ], [ -54.472308, -13.234695 ], [ -54.470639, -13.225821 ], [ -54.464978, -13.221865 ], [ -54.466694, -13.208059 ], [ -54.460863, -13.204065 ], [ -54.45897, -13.198114 ], [ -54.465774, -13.185897 ], [ -54.465477, -13.178935 ], [ -54.454721, -13.169593 ], [ -54.452169, -13.15103 ], [ -54.446618, -13.145997 ], [ -54.441887, -13.131389 ], [ -54.435278, -13.128688 ], [ -54.437915, -13.123386 ], [ -54.423617, -13.109118 ], [ -54.430837, -13.099436 ], [ -54.422645, -13.09717 ], [ -54.421865, -13.078272 ], [ -54.40159, -13.06168 ], [ -54.407974, -13.051809 ], [ -54.401921, -13.049295 ], [ -54.409223, -13.033022 ], [ -54.397833, -13.012546 ], [ -54.397978, -13.010014 ], [ -54.404144, -13.009998 ], [ -54.406339, -13.004695 ], [ -54.375636, -12.982633 ], [ -54.374944, -12.977905 ], [ -54.359747, -12.972234 ], [ -54.36886, -12.956285 ], [ -54.360834, -12.957198 ], [ -54.353282, -12.953494 ], [ -54.354981, -12.942907 ], [ -54.350888, -12.942966 ], [ -54.355, -12.937564 ], [ -54.348891, -12.931614 ], [ -54.351746, -12.930553 ], [ -54.347424, -12.921991 ], [ -54.341414, -12.921844 ], [ -54.337861, -12.897786 ], [ -54.331165, -12.892281 ], [ -54.334449, -12.888959 ], [ -54.322582, -12.881959 ], [ -54.331001, -12.873615 ], [ -54.325194, -12.866326 ], [ -54.326672, -12.85272 ], [ -54.332111, -12.854231 ], [ -54.337914, -12.848122 ], [ -54.334802, -12.836305 ], [ -54.330916, -12.836272 ], [ -54.330753, -12.824484 ], [ -54.334328, -12.818902 ], [ -54.327524, -12.805875 ], [ -54.341274, -12.79803 ], [ -54.335201, -12.795618 ], [ -54.34111, -12.777997 ], [ -54.344367, -12.776221 ], [ -54.344385, -12.762899 ], [ -54.348972, -12.757504 ], [ -54.34534, -12.752665 ], [ -54.342559, -12.754177 ], [ -54.345502, -12.744058 ], [ -54.341198, -12.741929 ], [ -54.342777, -12.738953 ], [ -54.339833, -12.739465 ], [ -54.343868, -12.734796 ], [ -54.342392, -12.731969 ], [ -54.335281, -12.723651 ], [ -54.341365, -12.716377 ], [ -54.334081, -12.715571 ], [ -54.340395, -12.710926 ], [ -54.337866, -12.707187 ], [ -54.342107, -12.70532 ], [ -54.334051, -12.700176 ], [ -54.327665, -12.70183 ], [ -54.326616, -12.6942 ], [ -54.322949, -12.69172 ], [ -54.323581, -12.683384 ], [ -54.320026, -12.678733 ], [ -54.322667, -12.673866 ], [ -54.326085, -12.675796 ], [ -54.327974, -12.669838 ], [ -54.322776, -12.664349 ], [ -54.321693, -12.653187 ], [ -54.316059, -12.651772 ], [ -54.317224, -12.647524 ], [ -54.324554, -12.64388 ], [ -54.318164, -12.636114 ], [ -54.318414, -12.628502 ], [ -54.312001, -12.62391 ], [ -54.316587, -12.618245 ], [ -54.315255, -12.612883 ], [ -54.308168, -12.611729 ], [ -54.310082, -12.595887 ], [ -54.305168, -12.597284 ], [ -54.297145, -12.589683 ], [ -54.302113, -12.588918 ], [ -54.302999, -12.583765 ], [ -54.297502, -12.580908 ], [ -54.298218, -12.572479 ], [ -54.295526, -12.575622 ], [ -54.288806, -12.573022 ], [ -54.285, -12.576427 ], [ -54.271895, -12.556905 ], [ -54.255553, -12.549399 ], [ -54.252724, -12.555721 ], [ -54.252222, -12.550461 ], [ -54.24317, -12.541763 ], [ -54.247506, -12.542257 ], [ -54.244252, -12.537234 ], [ -54.227947, -12.534446 ], [ -54.227222, -12.540059 ], [ -54.222086, -12.537468 ], [ -54.221587, -12.532661 ], [ -54.217446, -12.533523 ], [ -54.218143, -12.529002 ], [ -54.208495, -12.524375 ], [ -54.211583, -12.520059 ], [ -54.207442, -12.519203 ], [ -54.194864, -12.504574 ], [ -54.198804, -12.497378 ], [ -54.188413, -12.491346 ], [ -54.185389, -12.495642 ], [ -54.186138, -12.487148 ], [ -54.17778, -12.492447 ], [ -54.168358, -12.487882 ], [ -54.171697, -12.475168 ], [ -54.176451, -12.471794 ], [ -54.171804, -12.468289 ], [ -54.176274, -12.458305 ], [ -54.172136, -12.457612 ], [ -54.175721, -12.452692 ], [ -54.172251, -12.450922 ], [ -54.176729, -12.447455 ], [ -54.175995, -12.439757 ], [ -54.156524, -12.424437 ], [ -54.156781, -12.421182 ], [ -54.167363, -12.415824 ], [ -54.149386, -12.403973 ], [ -54.149089, -12.400258 ], [ -54.158532, -12.397415 ], [ -54.157306, -12.392686 ], [ -54.149471, -12.392566 ], [ -54.149809, -12.388767 ], [ -54.144806, -12.384722 ], [ -54.139365, -12.3865 ], [ -54.13686, -12.385956 ], [ -54.141665, -12.379875 ], [ -54.130113, -12.356805 ], [ -54.131782, -12.34958 ], [ -54.115501, -12.344994 ], [ -54.112252, -12.339237 ], [ -54.110864, -12.34157 ], [ -54.104336, -12.339124 ], [ -54.096948, -12.349875 ], [ -54.093331, -12.340493 ], [ -54.084919, -12.34516 ], [ -54.083336, -12.336897 ], [ -54.077581, -12.339349 ], [ -54.070554, -12.332173 ], [ -54.079587, -12.314199 ], [ -54.069529, -12.31468 ], [ -54.067365, -12.302876 ], [ -54.06333, -12.303986 ], [ -54.058036, -12.293765 ], [ -54.053394, -12.302561 ], [ -54.051194, -12.293931 ], [ -54.044008, -12.293812 ], [ -54.033891, -12.277642 ], [ -54.036086, -12.272788 ], [ -54.030526, -12.274513 ], [ -54.029166, -12.272134 ], [ -54.03061, -12.263748 ], [ -54.025773, -12.260505 ], [ -54.023135, -12.269867 ], [ -54.019422, -12.266833 ], [ -54.016582, -12.252946 ], [ -54.004698, -12.257735 ], [ -53.991018, -12.253913 ], [ -53.987281, -12.249827 ], [ -53.988119, -12.24407 ], [ -53.983176, -12.244095 ], [ -53.984948, -12.237009 ], [ -53.989, -12.239305 ], [ -53.98697, -12.234179 ], [ -53.980977, -12.234711 ], [ -53.986446, -12.230906 ], [ -53.981419, -12.23003 ], [ -53.984563, -12.226239 ], [ -53.978751, -12.227228 ], [ -53.969059, -12.225046 ], [ -53.973773, -12.219208 ], [ -53.970079, -12.213395 ], [ -53.950193, -12.218011 ], [ -53.941058, -12.213472 ], [ -53.941948, -12.222809 ], [ -53.937996, -12.222592 ], [ -53.92525, -12.216316 ], [ -53.927199, -12.213396 ], [ -53.921889, -12.206623 ], [ -53.917334, -12.205843 ], [ -53.912359, -12.20849 ], [ -53.922136, -12.210429 ], [ -53.905254, -12.220648 ], [ -53.910277, -12.224511 ], [ -53.898053, -12.229642 ], [ -53.902526, -12.233574 ], [ -53.9027, -12.240182 ], [ -53.889865, -12.233081 ], [ -53.885778, -12.22319 ], [ -53.882057, -12.224697 ], [ -53.878559, -12.233537 ], [ -53.872806, -12.234709 ], [ -53.867478, -12.229476 ], [ -53.864222, -12.219067 ], [ -53.849693, -12.213988 ], [ -53.851114, -12.204722 ], [ -53.837581, -12.199861 ], [ -53.840635, -12.196164 ], [ -53.845587, -12.196864 ], [ -53.844947, -12.191148 ], [ -53.850256, -12.194663 ], [ -53.850359, -12.191223 ], [ -53.844583, -12.188329 ], [ -53.839361, -12.19015 ], [ -53.838032, -12.185769 ], [ -53.847479, -12.184263 ], [ -53.838137, -12.176917 ], [ -53.832858, -12.17882 ], [ -53.830972, -12.174245 ], [ -53.821112, -12.175278 ], [ -53.823862, -12.166964 ], [ -53.817618, -12.166941 ], [ -53.813608, -12.157682 ], [ -53.819307, -12.154884 ], [ -53.818949, -12.151981 ], [ -53.816388, -12.149007 ], [ -53.810692, -12.151713 ], [ -53.807642, -12.138051 ], [ -53.800109, -12.135732 ], [ -53.789307, -12.12363 ], [ -53.788277, -12.109953 ], [ -53.782079, -12.10613 ], [ -53.782698, -12.101348 ], [ -53.77911, -12.098009 ], [ -53.782587, -12.093492 ], [ -53.784163, -12.087383 ], [ -53.768143, -12.091293 ], [ -53.749744, -12.067105 ], [ -53.723523, -12.054857 ], [ -53.721142, -12.05215 ], [ -53.727335, -12.040506 ], [ -53.725668, -12.034943 ], [ -53.716278, -12.038523 ], [ -53.712721, -12.034606 ], [ -53.709028, -12.035298 ], [ -53.699003, -12.041119 ], [ -53.696836, -12.048194 ], [ -53.693776, -12.048904 ], [ -53.672062, -12.044939 ], [ -53.663911, -12.038522 ], [ -53.655372, -12.038649 ], [ -53.652527, -12.030731 ], [ -53.645307, -12.031851 ], [ -53.645561, -12.027604 ], [ -53.654135, -12.020573 ], [ -53.641945, -12.012296 ], [ -53.63875, -12.003604 ], [ -53.633914, -12.002177 ], [ -53.622007, -12.007296 ], [ -53.619025, -12.005031 ], [ -53.622864, -11.992254 ], [ -53.632194, -11.98366 ], [ -53.631414, -11.97724 ], [ -53.611973, -11.979339 ], [ -53.605387, -11.974764 ], [ -53.604972, -11.970517 ], [ -53.617891, -11.962677 ], [ -53.618109, -11.958075 ], [ -53.614365, -11.955333 ], [ -53.597366, -11.959712 ], [ -53.5907, -11.954865 ], [ -53.580339, -11.957037 ], [ -53.571, -11.95226 ], [ -53.558332, -11.956217 ], [ -53.548037, -11.949077 ], [ -53.538218, -11.955453 ], [ -53.538334, -11.959701 ], [ -53.542724, -11.961482 ], [ -53.540113, -11.965254 ], [ -53.537662, -11.963668 ], [ -53.534695, -11.97774 ], [ -53.530691, -11.977009 ], [ -53.530389, -11.981746 ], [ -53.526367, -11.983846 ], [ -53.529667, -11.985278 ], [ -53.525394, -11.986963 ], [ -53.527558, -11.990753 ], [ -53.522498, -11.994795 ], [ -53.521866, -12.004811 ], [ -53.524668, -12.008476 ], [ -53.522074, -12.013867 ], [ -53.534888, -12.014947 ], [ -53.534998, -12.01916 ], [ -53.539694, -12.022396 ], [ -53.540339, -12.026648 ], [ -53.537113, -12.029034 ], [ -53.541891, -12.038111 ], [ -53.537106, -12.036032 ], [ -53.538752, -12.046305 ], [ -53.534163, -12.050528 ], [ -53.537666, -12.05282 ], [ -53.537081, -12.057176 ], [ -53.543865, -12.059033 ], [ -53.542419, -12.068784 ], [ -53.545113, -12.065579 ], [ -53.549306, -12.068507 ], [ -53.546446, -12.074467 ], [ -53.553001, -12.089041 ], [ -53.57945, -12.105597 ], [ -53.578777, -12.111718 ], [ -53.581309, -12.112903 ], [ -53.577086, -12.123583 ], [ -53.586914, -12.130154 ], [ -53.58217, -12.132603 ], [ -53.585805, -12.133966 ], [ -53.589778, -12.130692 ], [ -53.590526, -12.134171 ], [ -53.593111, -12.13305 ], [ -53.59383, -12.138336 ], [ -53.590006, -12.139974 ], [ -53.592083, -12.145638 ], [ -53.594922, -12.144467 ], [ -53.591637, -12.14768 ], [ -53.596305, -12.153681 ], [ -53.590806, -12.162666 ], [ -53.593057, -12.165011 ], [ -53.589642, -12.166524 ], [ -53.593494, -12.169785 ], [ -53.587975, -12.171258 ], [ -53.593032, -12.173996 ], [ -53.587252, -12.173445 ], [ -53.593724, -12.187984 ], [ -53.604277, -12.188311 ], [ -53.603386, -12.19806 ], [ -53.600558, -12.19696 ], [ -53.597555, -12.201566 ], [ -53.601665, -12.212737 ], [ -53.603772, -12.210988 ], [ -53.621582, -12.224265 ], [ -53.620445, -12.228168 ], [ -53.628974, -12.234075 ], [ -53.631138, -12.243376 ], [ -53.637892, -12.239148 ], [ -53.643613, -12.243042 ], [ -53.640527, -12.248426 ], [ -53.646552, -12.257728 ], [ -53.64558, -12.26274 ], [ -53.648448, -12.262835 ], [ -53.647309, -12.268512 ], [ -53.650341, -12.272721 ], [ -53.663747, -12.273345 ], [ -53.659174, -12.279177 ], [ -53.659609, -12.289005 ], [ -53.664467, -12.292461 ], [ -53.668112, -12.291237 ], [ -53.678273, -12.306716 ], [ -53.676256, -12.314009 ], [ -53.684166, -12.323783 ], [ -53.69028, -12.347085 ], [ -53.691919, -12.34555 ], [ -53.70086, -12.357582 ], [ -53.712364, -12.355788 ], [ -53.711274, -12.36047 ], [ -53.717716, -12.362657 ], [ -53.718446, -12.377516 ], [ -53.71325, -12.378488 ], [ -53.721166, -12.379284 ], [ -53.718109, -12.383665 ], [ -53.721688, -12.380948 ], [ -53.71917, -12.389034 ], [ -53.723872, -12.38957 ], [ -53.721472, -12.394325 ], [ -53.732614, -12.409561 ], [ -53.738554, -12.407632 ], [ -53.741142, -12.413601 ], [ -53.738358, -12.412113 ], [ -53.739032, -12.418684 ], [ -53.742577, -12.418151 ], [ -53.743839, -12.422606 ], [ -53.747363, -12.419204 ], [ -53.758451, -12.423342 ], [ -53.76633, -12.435389 ], [ -53.773866, -12.430569 ], [ -53.773691, -12.444926 ], [ -53.780973, -12.444219 ], [ -53.78094, -12.450219 ], [ -53.788891, -12.44811 ], [ -53.782701, -12.451299 ], [ -53.781526, -12.455544 ], [ -53.784057, -12.454153 ], [ -53.789414, -12.459565 ], [ -53.784666, -12.463464 ], [ -53.789423, -12.463623 ], [ -53.785813, -12.467632 ], [ -53.787694, -12.472121 ], [ -53.790973, -12.467927 ], [ -53.797635, -12.475961 ], [ -53.797474, -12.49224 ], [ -53.790386, -12.495018 ], [ -53.799337, -12.499928 ], [ -53.792915, -12.500056 ], [ -53.798466, -12.504067 ], [ -53.793778, -12.502443 ], [ -53.795807, -12.509333 ], [ -53.791746, -12.512803 ], [ -53.796786, -12.519196 ], [ -53.795082, -12.528152 ], [ -53.784309, -12.527449 ], [ -53.786024, -12.531708 ], [ -53.781948, -12.535391 ], [ -53.784836, -12.535334 ], [ -53.786196, -12.547111 ], [ -53.778275, -12.546483 ], [ -53.775777, -12.552066 ], [ -53.770995, -12.549574 ], [ -53.772671, -12.567027 ], [ -53.775834, -12.572769 ], [ -53.779836, -12.572981 ], [ -53.7762, -12.576357 ], [ -53.781948, -12.577021 ], [ -53.78006, -12.579597 ], [ -53.784056, -12.58809 ], [ -53.786975, -12.586987 ], [ -53.788306, -12.592422 ], [ -53.790864, -12.590869 ], [ -53.799442, -12.600004 ], [ -53.798029, -12.606893 ], [ -53.802942, -12.608695 ], [ -53.797522, -12.62011 ], [ -53.800804, -12.625796 ], [ -53.797638, -12.623533 ], [ -53.7985, -12.629193 ], [ -53.803946, -12.628964 ], [ -53.798333, -12.641216 ], [ -53.800833, -12.647358 ], [ -53.806139, -12.643882 ], [ -53.804422, -12.649365 ], [ -53.809146, -12.650173 ], [ -53.807255, -12.65379 ], [ -53.81214, -12.655294 ], [ -53.804223, -12.660226 ], [ -53.814867, -12.666342 ], [ -53.815086, -12.669551 ], [ -53.810776, -12.669016 ], [ -53.813393, -12.681454 ], [ -53.818253, -12.677428 ], [ -53.815838, -12.686499 ], [ -53.821023, -12.689206 ], [ -53.821225, -12.694931 ], [ -53.828609, -12.6957 ], [ -53.832082, -12.690634 ], [ -53.834801, -12.699857 ], [ -53.840582, -12.702835 ], [ -53.836606, -12.714223 ], [ -53.840086, -12.714956 ], [ -53.838668, -12.717793 ], [ -53.846308, -12.719262 ], [ -53.842365, -12.724621 ], [ -53.845973, -12.727578 ], [ -53.840285, -12.732181 ], [ -53.841508, -12.741362 ], [ -53.83542, -12.7405 ], [ -53.834526, -12.747281 ], [ -53.831091, -12.74507 ], [ -53.827441, -12.749164 ], [ -53.834106, -12.750568 ], [ -53.832804, -12.758297 ], [ -53.83828, -12.763433 ], [ -53.834834, -12.777787 ], [ -53.836143, -12.782173 ], [ -53.84128, -12.783588 ], [ -53.837693, -12.787742 ], [ -53.844193, -12.79515 ], [ -53.8482, -12.792006 ], [ -53.847137, -12.79514 ], [ -53.861747, -12.807183 ], [ -53.863748, -12.822513 ], [ -53.872108, -12.826159 ], [ -53.868747, -12.827695 ], [ -53.872385, -12.830565 ], [ -53.869305, -12.835252 ], [ -53.877936, -12.833968 ], [ -53.881063, -12.836075 ], [ -53.87811, -12.837764 ], [ -53.880258, -12.839906 ], [ -53.891613, -12.843527 ], [ -53.886691, -12.849752 ], [ -53.889704, -12.853326 ], [ -53.883942, -12.855092 ], [ -53.886722, -12.861712 ], [ -53.889645, -12.859699 ], [ -53.890719, -12.863007 ], [ -53.893917, -12.862277 ], [ -53.893306, -12.867076 ], [ -53.898059, -12.871334 ], [ -53.888832, -12.880061 ], [ -53.894841, -12.877834 ], [ -53.893834, -12.881611 ], [ -53.896973, -12.887136 ], [ -53.900724, -12.886071 ], [ -53.901551, -12.89104 ], [ -53.906028, -12.896281 ], [ -53.906417, -12.889688 ], [ -53.923688, -12.898417 ], [ -53.919811, -12.902151 ], [ -53.920389, -12.909283 ], [ -53.92133, -12.905377 ], [ -53.926109, -12.91253 ], [ -53.932697, -12.913572 ], [ -53.930476, -12.916109 ], [ -53.933361, -12.918298 ], [ -53.927997, -12.920483 ], [ -53.926612, -12.926161 ], [ -53.932582, -12.93438 ], [ -53.930306, -12.939233 ], [ -53.933886, -12.942397 ], [ -53.934779, -12.952701 ], [ -53.939248, -12.950661 ], [ -53.949367, -12.96829 ], [ -53.954195, -12.966664 ], [ -53.957971, -12.971113 ], [ -53.963282, -12.971585 ], [ -53.969668, -12.982616 ], [ -53.98025, -12.981575 ], [ -53.982975, -12.998135 ], [ -53.989421, -13.000918 ], [ -53.987169, -13.004417 ], [ -53.992192, -13.008864 ], [ -53.990857, -13.011586 ], [ -53.995364, -13.013348 ], [ -53.98578, -13.028247 ], [ -53.982143, -13.042482 ], [ -53.984669, -13.043831 ], [ -53.98159, -13.047131 ], [ -53.984034, -13.05273 ], [ -53.976501, -13.055636 ], [ -53.979367, -13.061086 ], [ -53.975919, -13.072679 ], [ -53.979861, -13.075289 ], [ -53.976867, -13.088585 ], [ -53.980334, -13.088531 ], [ -53.979724, -13.092237 ], [ -53.983052, -13.093897 ], [ -53.981642, -13.104378 ], [ -54.003137, -13.125367 ], [ -54.006199, -13.145596 ], [ -54.008891, -13.146647 ], [ -54.00242, -13.164634 ], [ -54.010858, -13.17445 ], [ -54.008694, -13.176339 ], [ -54.011053, -13.181606 ], [ -54.00648, -13.185614 ], [ -54.009005, -13.204922 ], [ -54.014727, -13.225903 ], [ -54.020779, -13.228461 ], [ -54.024471, -13.245417 ], [ -54.015199, -13.25895 ], [ -54.006359, -13.292705 ], [ -54.009664, -13.301005 ], [ -54.005725, -13.308731 ], [ -54.007421, -13.326604 ], [ -54.012664, -13.336292 ], [ -54.014364, -13.351958 ], [ -54.006887, -13.360411 ], [ -54.011337, -13.36332 ], [ -54.016746, -13.362074 ], [ -54.024364, -13.37354 ], [ -54.020616, -13.387002 ], [ -54.02564, -13.389859 ], [ -54.018392, -13.411471 ], [ -54.018869, -13.433022 ], [ -54.024248, -13.437793 ], [ -54.020694, -13.442819 ], [ -54.028111, -13.449262 ], [ -54.025388, -13.460238 ], [ -54.031171, -13.473346 ], [ -54.030388, -13.481063 ], [ -54.035162, -13.4842 ], [ -54.029143, -13.494677 ], [ -54.03458, -13.497516 ], [ -54.031611, -13.502368 ], [ -54.035638, -13.508253 ], [ -54.032581, -13.511056 ], [ -54.035164, -13.514471 ], [ -54.032304, -13.52241 ], [ -54.037384, -13.530065 ], [ -54.031892, -13.53737 ], [ -54.038635, -13.54223 ], [ -54.034109, -13.549038 ], [ -54.038556, -13.56836 ], [ -54.047363, -13.575694 ], [ -54.04236, -13.602585 ], [ -54.05103, -13.607329 ], [ -54.045996, -13.622192 ], [ -54.049979, -13.627721 ], [ -54.046829, -13.633897 ], [ -54.053279, -13.638071 ], [ -54.050556, -13.64616 ], [ -54.052804, -13.654078 ], [ -54.063358, -13.66443 ], [ -54.069997, -13.665282 ], [ -54.07183, -13.671285 ], [ -54.077284, -13.672665 ], [ -54.076781, -13.692417 ], [ -54.081886, -13.694403 ], [ -54.091332, -13.70991 ], [ -54.088669, -13.712804 ], [ -54.082002, -13.712391 ], [ -54.084833, -13.715673 ], [ -54.079306, -13.717146 ], [ -54.077672, -13.721395 ], [ -54.082858, -13.725787 ], [ -54.082637, -13.730162 ], [ -54.077274, -13.731467 ], [ -54.079887, -13.74079 ], [ -54.088116, -13.743205 ], [ -54.09128, -13.747675 ], [ -54.089662, -13.750621 ], [ -54.083671, -13.74806 ], [ -54.087776, -13.752976 ], [ -54.088809, -13.763242 ], [ -54.081113, -13.762866 ], [ -54.079757, -13.770708 ], [ -54.082663, -13.774759 ], [ -54.076885, -13.782834 ], [ -54.078861, -13.794954 ], [ -54.085862, -13.79667 ], [ -54.088224, -13.80512 ], [ -54.082911, -13.8091 ], [ -54.061922, -13.813298 ], [ -54.044394, -13.796555 ], [ -54.019307, -13.802189 ], [ -54.012944, -13.813309 ], [ -54.004449, -13.797392 ], [ -53.996644, -13.791103 ], [ -53.983421, -13.788033 ], [ -53.972343, -13.790294 ], [ -53.963026, -13.797585 ], [ -53.956001, -13.795145 ], [ -53.929307, -13.778877 ], [ -53.924977, -13.772314 ], [ -53.923057, -13.754017 ], [ -53.916833, -13.742617 ], [ -53.886147, -13.732053 ], [ -53.853364, -13.707792 ], [ -53.848615, -13.70021 ], [ -53.852939, -13.688988 ], [ -53.850197, -13.682565 ], [ -53.82614, -13.665331 ], [ -53.826727, -13.660233 ], [ -53.820274, -13.660644 ], [ -53.821113, -13.655385 ], [ -53.813586, -13.644615 ], [ -53.814802, -13.637799 ], [ -53.808418, -13.637154 ], [ -53.801255, -13.623715 ], [ -53.804248, -13.611966 ], [ -53.792997, -13.609246 ], [ -53.792004, -13.604688 ], [ -53.789112, -13.605881 ], [ -53.785839, -13.598338 ], [ -53.782223, -13.598454 ], [ -53.784611, -13.593971 ], [ -53.781474, -13.589007 ], [ -53.774665, -13.587645 ], [ -53.775365, -13.580876 ], [ -53.77242, -13.578757 ], [ -53.767522, -13.587185 ], [ -53.761056, -13.586402 ], [ -53.728794, -13.570363 ], [ -53.72197, -13.57188 ], [ -53.721886, -13.564051 ], [ -53.70486, -13.560933 ], [ -53.709884, -13.549115 ], [ -53.705474, -13.543174 ], [ -53.696695, -13.545243 ], [ -53.693336, -13.542761 ], [ -53.696139, -13.539454 ], [ -53.688966, -13.527723 ], [ -53.68997, -13.523178 ], [ -53.681196, -13.516117 ], [ -53.684106, -13.508535 ], [ -53.674719, -13.509744 ], [ -53.676251, -13.50529 ], [ -53.670441, -13.49288 ], [ -53.676416, -13.49107 ], [ -53.667553, -13.481948 ], [ -53.667862, -13.473235 ], [ -53.660698, -13.471185 ], [ -53.661334, -13.464197 ], [ -53.65758, -13.460686 ], [ -53.64925, -13.462399 ], [ -53.643056, -13.453832 ], [ -53.637971, -13.46458 ], [ -53.643743, -13.470823 ], [ -53.63092, -13.472569 ], [ -53.637612, -13.477509 ], [ -53.63953, -13.484404 ], [ -53.631883, -13.487936 ], [ -53.633223, -13.511956 ], [ -53.638281, -13.515489 ], [ -53.636943, -13.519862 ], [ -53.642695, -13.529769 ], [ -53.640809, -13.533394 ], [ -53.644329, -13.535709 ], [ -53.639587, -13.536604 ], [ -53.640312, -13.539796 ], [ -53.647306, -13.546514 ], [ -53.645668, -13.548807 ], [ -53.649363, -13.548387 ], [ -53.638947, -13.570048 ], [ -53.643474, -13.575661 ], [ -53.642801, -13.581416 ], [ -53.647696, -13.582544 ], [ -53.64967, -13.597134 ], [ -53.655361, -13.606719 ], [ -53.6597, -13.608087 ], [ -53.661888, -13.61614 ], [ -53.667419, -13.619532 ], [ -53.667638, -13.627403 ], [ -53.672332, -13.628179 ], [ -53.683109, -13.640605 ], [ -53.680915, -13.650533 ], [ -53.684771, -13.65319 ], [ -53.684222, -13.657591 ], [ -53.699746, -13.661747 ], [ -53.702335, -13.665648 ], [ -53.700061, -13.669204 ], [ -53.704444, -13.674744 ], [ -53.711969, -13.674807 ], [ -53.699916, -13.681174 ], [ -53.69595, -13.695568 ], [ -53.698496, -13.699774 ], [ -53.694113, -13.707246 ], [ -53.704164, -13.706916 ], [ -53.705023, -13.713621 ], [ -53.720163, -13.731968 ], [ -53.714, -13.735904 ], [ -53.708052, -13.731531 ], [ -53.702439, -13.738315 ], [ -53.706368, -13.747645 ], [ -53.70184, -13.749597 ], [ -53.702581, -13.757421 ], [ -53.698476, -13.766236 ], [ -53.680027, -13.76788 ], [ -53.655162, -13.760233 ], [ -53.635164, -13.764983 ], [ -53.63206, -13.774562 ], [ -53.611017, -13.778838 ], [ -53.594111, -13.772814 ], [ -53.583446, -13.765038 ], [ -53.565299, -13.761752 ], [ -53.554169, -13.746684 ], [ -53.541834, -13.746195 ], [ -53.528019, -13.736287 ], [ -53.521781, -13.729398 ], [ -53.519943, -13.7216 ], [ -53.511645, -13.719479 ], [ -53.506388, -13.721791 ], [ -53.50139, -13.715724 ], [ -53.491331, -13.686058 ], [ -53.477919, -13.664925 ], [ -53.471893, -13.661323 ], [ -53.473329, -13.653435 ], [ -53.467105, -13.652192 ], [ -53.447361, -13.657003 ], [ -53.44661, -13.654579 ], [ -53.439114, -13.654852 ], [ -53.429446, -13.659383 ], [ -53.420254, -13.652708 ], [ -53.420118, -13.647912 ], [ -53.412861, -13.652412 ], [ -53.408059, -13.650215 ], [ -53.404387, -13.655286 ], [ -53.416116, -13.667498 ], [ -53.399812, -13.685447 ], [ -53.398772, -13.692919 ], [ -53.365557, -13.694191 ], [ -53.360807, -13.696546 ], [ -53.358867, -13.709676 ], [ -53.354521, -13.713101 ], [ -53.345696, -13.715336 ], [ -53.326528, -13.71027 ], [ -53.318393, -13.714809 ], [ -53.288138, -13.718602 ], [ -53.284973, -13.722468 ], [ -53.288168, -13.732628 ], [ -53.285364, -13.752731 ], [ -53.280135, -13.756514 ], [ -53.273526, -13.755647 ], [ -53.249691, -13.771624 ], [ -53.22292, -13.775093 ], [ -53.224606, -13.783416 ], [ -53.231447, -13.784781 ], [ -53.249078, -13.800323 ], [ -53.243165, -13.805949 ], [ -53.248912, -13.810289 ], [ -53.249193, -13.815427 ], [ -53.250612, -13.828218 ], [ -53.259724, -13.83101 ], [ -53.261307, -13.839248 ], [ -53.25374, -13.855828 ], [ -53.26117, -13.864689 ], [ -53.255692, -13.871408 ], [ -53.256557, -13.881453 ], [ -53.262106, -13.885158 ], [ -53.263443, -13.892308 ], [ -53.270396, -13.900084 ], [ -53.283309, -13.907219 ], [ -53.285191, -13.926322 ], [ -53.292525, -13.931286 ], [ -53.298665, -13.947944 ], [ -53.297669, -13.956184 ], [ -53.31075, -13.956973 ], [ -53.315305, -13.960218 ], [ -53.321091, -13.975512 ], [ -53.319418, -13.983669 ], [ -53.322422, -13.991721 ], [ -53.319084, -13.999248 ], [ -53.326667, -14.002876 ], [ -53.340413, -13.998567 ], [ -53.346433, -14.005011 ], [ -53.342612, -14.01712 ], [ -53.358079, -14.024132 ], [ -53.354556, -14.03232 ], [ -53.363193, -14.042202 ], [ -53.356447, -14.044625 ], [ -53.35534, -14.053513 ], [ -53.36422, -14.059766 ], [ -53.362143, -14.071301 ], [ -53.367058, -14.08113 ], [ -53.361027, -14.088985 ], [ -53.361727, -14.093959 ], [ -53.364939, -14.090128 ], [ -53.362782, -14.097576 ], [ -53.366805, -14.099261 ], [ -53.364224, -14.101368 ], [ -53.365255, -14.11042 ], [ -53.360998, -14.11228 ], [ -53.365111, -14.115499 ], [ -53.361689, -14.116981 ], [ -53.365253, -14.11822 ], [ -53.364802, -14.123305 ], [ -53.361698, -14.124409 ], [ -53.365256, -14.127187 ], [ -53.362053, -14.132293 ], [ -53.36542, -14.13582 ], [ -53.368806, -14.139205 ], [ -53.363085, -14.141804 ], [ -53.366622, -14.141981 ], [ -53.373418, -14.152387 ], [ -53.374942, -14.163789 ], [ -53.389505, -14.171065 ], [ -53.394999, -14.180896 ], [ -53.400412, -14.182554 ], [ -53.397081, -14.19229 ], [ -53.407058, -14.196356 ], [ -53.40208, -14.207911 ], [ -53.415421, -14.211576 ], [ -53.422246, -14.234613 ], [ -53.429279, -14.238436 ], [ -53.433117, -14.24854 ], [ -53.454947, -14.264709 ], [ -53.454503, -14.290546 ], [ -53.462775, -14.316459 ], [ -53.45878, -14.324215 ], [ -53.456884, -14.344889 ], [ -53.451785, -14.353737 ], [ -53.456336, -14.361031 ], [ -53.452282, -14.365875 ], [ -53.452496, -14.376927 ], [ -53.453942, -14.388963 ], [ -53.466316, -14.402289 ], [ -53.466275, -14.403145 ], [ -53.453607, -14.408007 ], [ -53.449695, -14.422547 ], [ -53.452079, -14.430127 ], [ -53.441139, -14.447644 ], [ -53.437169, -14.449054 ], [ -53.439189, -14.455646 ], [ -53.444227, -14.45604 ], [ -53.43972, -14.47041 ], [ -53.443058, -14.477719 ], [ -53.431692, -14.483639 ], [ -53.427719, -14.476794 ], [ -53.420806, -14.474602 ], [ -53.416581, -14.479182 ], [ -53.406947, -14.481644 ], [ -53.397335, -14.496152 ], [ -53.397977, -14.505571 ], [ -53.391141, -14.522391 ], [ -53.373169, -14.535701 ], [ -53.369192, -14.54491 ], [ -53.365393, -14.545757 ], [ -53.350081, -14.578181 ], [ -53.355086, -14.599551 ], [ -53.352529, -14.616617 ], [ -53.366866, -14.637849 ], [ -53.372501, -14.672889 ], [ -53.379586, -14.682865 ], [ -53.377414, -14.692348 ], [ -53.395137, -14.699971 ], [ -53.397777, -14.709204 ], [ -53.395779, -14.716657 ], [ -53.401779, -14.729242 ], [ -53.394752, -14.736165 ], [ -53.371166, -14.734352 ], [ -53.362472, -14.747505 ], [ -53.351826, -14.7512 ], [ -53.358779, -14.787383 ], [ -53.341035, -14.809945 ], [ -53.33186, -14.815443 ], [ -53.329693, -14.821328 ], [ -53.308672, -14.841584 ], [ -53.294841, -14.849838 ], [ -53.291193, -14.862265 ], [ -53.301347, -14.866125 ], [ -53.309424, -14.880294 ], [ -53.322835, -14.892292 ], [ -53.340776, -14.902124 ], [ -53.360047, -14.924266 ], [ -53.37337, -14.928173 ], [ -53.380672, -14.925208 ], [ -53.394432, -14.932574 ], [ -53.409706, -14.933377 ], [ -53.4182, -14.92474 ], [ -53.438141, -14.931677 ], [ -53.445076, -14.94281 ], [ -53.464757, -14.955528 ], [ -53.489153, -14.95663 ], [ -53.50152, -14.972784 ], [ -53.531487, -14.939965 ], [ -53.541069, -14.938807 ], [ -53.564902, -14.98152 ], [ -53.579463, -14.995337 ], [ -53.596205, -15.030564 ], [ -53.630385, -15.078634 ], [ -53.664225, -15.097815 ], [ -53.734043, -15.151965 ], [ -53.774484, -15.142386 ], [ -53.796267, -15.137222 ], [ -53.857355, -15.110365 ], [ -53.908923, -15.160957 ], [ -53.913325, -15.201901 ], [ -53.946265, -15.237112 ], [ -53.946194, -15.23734 ], [ -53.949055, -15.245371 ], [ -53.946641, -15.24719 ], [ -53.932972, -15.240905 ], [ -53.927522, -15.251891 ], [ -53.922664, -15.2501 ], [ -53.920945, -15.244125 ], [ -53.907894, -15.244898 ], [ -53.906159, -15.2487 ], [ -53.911838, -15.25159 ], [ -53.91419, -15.257562 ], [ -53.897972, -15.261069 ], [ -53.888059, -15.25794 ], [ -53.883691, -15.263025 ], [ -53.874921, -15.264871 ], [ -53.874026, -15.248478 ], [ -53.859637, -15.244908 ], [ -53.856029, -15.253256 ], [ -53.808868, -15.267023 ], [ -53.808248, -15.28225 ], [ -53.802919, -15.277103 ], [ -53.794808, -15.278941 ], [ -53.792441, -15.2874 ], [ -53.785503, -15.291837 ], [ -53.786804, -15.311324 ], [ -53.780279, -15.31243 ], [ -53.782583, -15.306531 ], [ -53.773223, -15.301857 ], [ -53.774004, -15.311546 ], [ -53.770944, -15.316812 ], [ -53.766273, -15.320549 ], [ -53.754329, -15.317778 ], [ -53.748476, -15.330032 ], [ -53.732889, -15.32944 ], [ -53.740221, -15.340476 ], [ -53.73181, -15.342773 ], [ -53.732112, -15.34757 ], [ -53.738168, -15.344566 ], [ -53.739503, -15.348545 ], [ -53.750057, -15.347969 ], [ -53.752221, -15.359921 ], [ -53.756838, -15.363714 ], [ -53.761109, -15.358992 ], [ -53.767667, -15.364852 ], [ -53.795582, -15.364304 ], [ -53.803085, -15.369083 ], [ -53.805747, -15.387919 ], [ -53.814168, -15.411171 ], [ -53.835611, -15.425503 ], [ -53.841448, -15.432006 ], [ -53.839141, -15.439262 ], [ -53.84397, -15.43698 ], [ -53.849585, -15.44121 ], [ -53.848057, -15.449698 ], [ -53.852336, -15.449819 ], [ -53.855428, -15.45612 ], [ -53.864247, -15.457111 ], [ -53.867618, -15.461621 ], [ -53.870889, -15.460069 ], [ -53.880055, -15.484493 ], [ -53.886198, -15.47976 ], [ -53.893613, -15.488793 ], [ -53.904903, -15.487675 ], [ -53.908306, -15.491268 ], [ -53.913613, -15.508016 ], [ -53.91125, -15.518615 ], [ -53.916638, -15.53984 ], [ -53.914751, -15.549626 ], [ -53.924257, -15.564263 ], [ -53.916335, -15.57193 ], [ -53.916777, -15.586899 ], [ -53.931885, -15.603957 ], [ -53.930309, -15.608303 ], [ -53.935995, -15.612662 ], [ -53.93655, -15.624635 ], [ -53.932023, -15.636863 ], [ -53.910692, -15.645724 ], [ -53.908168, -15.656231 ], [ -53.904646, -15.657284 ], [ -53.904522, -15.657426 ], [ -53.897638, -15.672537 ], [ -53.906174, -15.675271 ], [ -53.912416, -15.69504 ], [ -53.906859, -15.705548 ], [ -53.892163, -15.710614 ], [ -53.884384, -15.722294 ], [ -53.88053, -15.743412 ], [ -53.888476, -15.746136 ], [ -53.88675, -15.763451 ], [ -53.878248, -15.76625 ], [ -53.868279, -15.785817 ], [ -53.861808, -15.790621 ], [ -53.863868, -15.796244 ], [ -53.859084, -15.799584 ], [ -53.852614, -15.813814 ], [ -53.853451, -15.821435 ], [ -53.848634, -15.830856 ], [ -53.833344, -15.836383 ], [ -53.822224, -15.846317 ], [ -53.80161, -15.848096 ], [ -53.786138, -15.859315 ], [ -53.768497, -15.862904 ], [ -53.754839, -15.861163 ], [ -53.744004, -15.866125 ], [ -53.754685, -15.856363 ], [ -53.763584, -15.840143 ], [ -53.78647, -15.819327 ], [ -53.789303, -15.812622 ], [ -53.788475, -15.803108 ], [ -53.774198, -15.783307 ], [ -53.772999, -15.768805 ], [ -53.762562, -15.748657 ], [ -53.762755, -15.742493 ], [ -53.781044, -15.730178 ], [ -53.776604, -15.725474 ], [ -53.761586, -15.724695 ], [ -53.752692, -15.729063 ], [ -53.743175, -15.739775 ], [ -53.736386, -15.738644 ], [ -53.731708, -15.726528 ], [ -53.724595, -15.719921 ], [ -53.69431, -15.735151 ], [ -53.660055, -15.725101 ], [ -53.649908, -15.725348 ], [ -53.626554, -15.724776 ], [ -53.625625, -15.711029 ], [ -53.610649, -15.707434 ], [ -53.604752, -15.697399 ], [ -53.581294, -15.68745 ], [ -53.577528, -15.6573 ], [ -53.56948, -15.655568 ], [ -53.558573, -15.666045 ], [ -53.554306, -15.665851 ], [ -53.535102, -15.644401 ], [ -53.527096, -15.646077 ], [ -53.522529, -15.641868 ], [ -53.510414, -15.615097 ], [ -53.500327, -15.610584 ], [ -53.495992, -15.604669 ], [ -53.497939, -15.599776 ], [ -53.48956, -15.591225 ], [ -53.472265, -15.581436 ], [ -53.463324, -15.58068 ], [ -53.446085, -15.583555 ], [ -53.430463, -15.577397 ], [ -53.418949, -15.579228 ], [ -53.414002, -15.585006 ], [ -53.387114, -15.580307 ], [ -53.368696, -15.581342 ], [ -53.356799, -15.582947 ], [ -53.348998, -15.594068 ], [ -53.34377, -15.595021 ], [ -53.330015, -15.587373 ], [ -53.28673, -15.589705 ], [ -53.286808, -15.62189 ], [ -53.283779, -15.625943 ], [ -53.27674, -15.626154 ], [ -53.256784, -15.618201 ], [ -53.243361, -15.621897 ], [ -53.242002, -15.628145 ], [ -53.226391, -15.626013 ], [ -53.193803, -15.636458 ], [ -53.19117, -15.647401 ], [ -53.195638, -15.651702 ], [ -53.191942, -15.664285 ], [ -53.163498, -15.692082 ], [ -53.164922, -15.702706 ], [ -53.158696, -15.710201 ], [ -53.160771, -15.713471 ], [ -53.157498, -15.715979 ], [ -53.1575, -15.724058 ], [ -53.138583, -15.723353 ], [ -53.135503, -15.732306 ], [ -53.141104, -15.73297 ], [ -53.139029, -15.736874 ], [ -53.132698, -15.733731 ], [ -53.119691, -15.740057 ], [ -53.114304, -15.736569 ], [ -53.109366, -15.743966 ], [ -53.105692, -15.742929 ], [ -53.100998, -15.734542 ], [ -53.103885, -15.727667 ], [ -53.098951, -15.725542 ], [ -53.071967, -15.733101 ], [ -53.064835, -15.726139 ], [ -53.057913, -15.726084 ], [ -53.052577, -15.73347 ], [ -53.042935, -15.736146 ], [ -53.040553, -15.736807 ], [ -53.045994, -15.744754 ], [ -53.040528, -15.758219 ], [ -53.051443, -15.765219 ], [ -53.041169, -15.770567 ], [ -53.034027, -15.781299 ], [ -53.024974, -15.787295 ], [ -53.036253, -15.794123 ], [ -53.027396, -15.809895 ], [ -53.032384, -15.814776 ], [ -53.026479, -15.827766 ], [ -53.031024, -15.839173 ], [ -53.031668, -15.859192 ], [ -53.035127, -15.863086 ], [ -53.046528, -15.8659 ], [ -53.069526, -15.886649 ], [ -53.07808, -15.904141 ], [ -53.072855, -15.917329 ], [ -53.073415, -15.925275 ], [ -53.061291, -15.939005 ], [ -53.066917, -15.945082 ], [ -53.067199, -15.96547 ], [ -53.043033, -16.002862 ], [ -53.048058, -16.018619 ], [ -53.061984, -16.034612 ], [ -53.07139, -16.04672 ], [ -53.063634, -16.07498 ], [ -53.052896, -16.075866 ], [ -53.052476, -16.082406 ], [ -53.045916, -16.082359 ], [ -53.042085, -16.087603 ], [ -53.037887, -16.083994 ], [ -53.035249, -16.092251 ], [ -53.017086, -16.105903 ], [ -53.008667, -16.101525 ], [ -53.009332, -16.106925 ], [ -53.003032, -16.106713 ], [ -53.00194, -16.109563 ], [ -53.005981, -16.116134 ], [ -53.000187, -16.113751 ], [ -52.999136, -16.123131 ], [ -52.980637, -16.13303 ], [ -52.978307, -16.145254 ], [ -52.990293, -16.150402 ], [ -52.998442, -16.151387 ], [ -52.994811, -16.156272 ], [ -53.002582, -16.161081 ], [ -53.00641, -16.171446 ], [ -53.018727, -16.165565 ], [ -53.021428, -16.170529 ], [ -53.03067, -16.172641 ], [ -53.033333, -16.177604 ], [ -53.031444, -16.181001 ], [ -53.050162, -16.16972 ], [ -53.051644, -16.180342 ], [ -53.060498, -16.181576 ], [ -53.060001, -16.187151 ], [ -53.064717, -16.186421 ], [ -53.074167, -16.195676 ], [ -53.081723, -16.189547 ], [ -53.084918, -16.190612 ], [ -53.08822, -16.190011 ], [ -53.092448, -16.198053 ], [ -53.100754, -16.192763 ], [ -53.113421, -16.21426 ], [ -53.119998, -16.21708 ], [ -53.124693, -16.214608 ], [ -53.127996, -16.218922 ], [ -53.141225, -16.222391 ], [ -53.138141, -16.228243 ], [ -53.143821, -16.233442 ], [ -53.140949, -16.235563 ], [ -53.145807, -16.244285 ], [ -53.152169, -16.246046 ], [ -53.154393, -16.251748 ], [ -53.167046, -16.261756 ], [ -53.165338, -16.266766 ], [ -53.167807, -16.272042 ], [ -53.171475, -16.27138 ], [ -53.168949, -16.278201 ], [ -53.171736, -16.282473 ], [ -53.167418, -16.285587 ], [ -53.169282, -16.287535 ], [ -53.16311, -16.293232 ], [ -53.160612, -16.301817 ], [ -53.154277, -16.302215 ], [ -53.152781, -16.306502 ], [ -53.15797, -16.314238 ], [ -53.154, -16.32147 ], [ -53.158033, -16.336614 ], [ -53.149337, -16.345849 ], [ -53.154725, -16.350731 ], [ -53.149468, -16.35251 ], [ -53.152025, -16.362467 ], [ -53.147581, -16.36835 ], [ -53.153968, -16.37151 ], [ -53.151806, -16.376311 ], [ -53.14561, -16.378141 ], [ -53.152223, -16.384262 ], [ -53.146946, -16.387397 ], [ -53.146497, -16.391543 ], [ -53.154885, -16.393709 ], [ -53.156141, -16.408678 ], [ -53.16141, -16.406736 ], [ -53.176529, -16.41185 ], [ -53.182975, -16.410394 ], [ -53.191275, -16.417602 ], [ -53.190996, -16.422421 ], [ -53.199282, -16.42916 ], [ -53.206111, -16.44264 ], [ -53.210893, -16.461588 ], [ -53.203997, -16.462018 ], [ -53.202024, -16.465757 ], [ -53.21003, -16.475772 ], [ -53.202726, -16.480994 ], [ -53.204001, -16.493543 ], [ -53.191616, -16.501247 ], [ -53.186746, -16.500811 ], [ -53.189557, -16.50711 ], [ -53.18236, -16.510719 ], [ -53.183223, -16.514633 ], [ -53.176829, -16.520517 ], [ -53.178888, -16.526987 ], [ -53.168755, -16.526783 ], [ -53.164447, -16.530942 ], [ -53.164862, -16.536374 ], [ -53.082978, -16.622991 ], [ -53.088862, -16.641495 ], [ -53.081446, -16.64718 ], [ -53.080114, -16.659591 ], [ -53.089754, -16.667087 ], [ -53.078172, -16.673706 ], [ -53.076966, -16.678306 ], [ -53.072081, -16.677238 ], [ -53.067144, -16.685962 ], [ -53.060362, -16.686121 ], [ -53.062805, -16.692602 ], [ -53.060169, -16.697178 ], [ -53.057663, -16.695605 ], [ -53.017374, -16.708761 ], [ -53.009784, -16.717066 ], [ -53.010221, -16.72287 ], [ -53.014444, -16.723938 ], [ -53.012718, -16.731438 ], [ -53.008052, -16.734352 ], [ -53.001329, -16.730805 ], [ -52.994472, -16.735886 ], [ -52.998836, -16.750184 ], [ -52.995001, -16.756887 ], [ -52.980532, -16.756662 ], [ -52.974994, -16.762381 ], [ -52.960998, -16.763144 ], [ -52.957447, -16.771031 ], [ -52.945218, -16.767264 ], [ -52.942887, -16.769899 ], [ -52.935278, -16.768376 ], [ -52.930141, -16.781344 ], [ -52.931863, -16.792286 ], [ -52.923612, -16.801269 ], [ -52.917892, -16.802921 ], [ -52.914339, -16.811753 ], [ -52.920477, -16.816766 ], [ -52.927418, -16.816651 ], [ -52.925695, -16.804895 ], [ -52.932162, -16.802427 ], [ -52.935198, -16.810022 ], [ -52.943944, -16.812715 ], [ -52.928469, -16.826973 ], [ -52.931691, -16.835386 ], [ -52.927031, -16.837393 ], [ -52.92655, -16.841192 ], [ -52.952502, -16.841481 ], [ -52.946965, -16.844851 ], [ -52.944165, -16.855813 ], [ -52.95011, -16.859962 ], [ -52.949247, -16.853174 ], [ -52.95675, -16.850349 ], [ -52.953369, -16.860361 ], [ -52.964225, -16.85802 ], [ -52.961688, -16.865454 ], [ -52.968669, -16.869237 ], [ -52.975807, -16.863057 ], [ -52.988109, -16.866369 ], [ -52.99056, -16.862832 ], [ -52.997801, -16.865072 ], [ -53.001028, -16.859228 ], [ -53.005672, -16.863738 ], [ -53.010842, -16.857572 ], [ -53.013405, -16.864438 ], [ -53.012419, -16.876086 ], [ -53.017279, -16.878431 ], [ -53.011411, -16.884148 ], [ -53.015859, -16.884489 ], [ -53.018443, -16.898224 ], [ -53.023084, -16.902825 ], [ -53.03133, -16.904049 ], [ -53.028746, -16.911718 ], [ -53.031751, -16.907773 ], [ -53.039137, -16.911513 ], [ -53.033217, -16.920312 ], [ -53.038616, -16.931281 ], [ -53.032773, -16.929916 ], [ -53.036024, -16.938766 ], [ -53.033639, -16.940817 ], [ -53.046059, -16.948266 ], [ -53.044248, -16.953488 ], [ -53.048078, -16.966708 ], [ -53.051197, -16.960858 ], [ -53.054669, -16.962998 ], [ -53.053494, -16.987558 ], [ -53.049441, -16.992392 ], [ -53.056449, -17.003179 ], [ -53.053133, -17.003352 ], [ -53.057472, -17.008993 ], [ -53.055585, -17.014531 ], [ -53.062941, -17.012171 ], [ -53.063219, -17.016536 ], [ -53.055112, -17.018972 ], [ -53.061053, -17.019894 ], [ -53.061223, -17.029068 ], [ -53.068499, -17.029526 ], [ -53.065477, -17.03852 ], [ -53.069998, -17.041703 ], [ -53.072061, -17.050151 ], [ -53.063275, -17.045141 ], [ -53.060364, -17.052501 ], [ -53.066031, -17.051869 ], [ -53.066109, -17.058772 ], [ -53.061311, -17.05659 ], [ -53.05789, -17.058671 ], [ -53.055532, -17.069925 ], [ -53.061744, -17.07094 ], [ -53.060888, -17.077197 ], [ -53.066754, -17.072941 ], [ -53.067969, -17.077752 ], [ -53.073355, -17.07713 ], [ -53.071558, -17.085296 ], [ -53.077301, -17.078943 ], [ -53.081085, -17.079495 ], [ -53.079104, -17.088485 ], [ -53.08958, -17.084954 ], [ -53.084282, -17.09467 ], [ -53.091828, -17.092131 ], [ -53.087223, -17.098207 ], [ -53.101745, -17.100947 ], [ -53.098333, -17.107121 ], [ -53.10147, -17.109574 ], [ -53.107138, -17.106773 ], [ -53.118639, -17.112776 ], [ -53.115138, -17.116402 ], [ -53.118641, -17.118585 ], [ -53.115057, -17.125302 ], [ -53.126643, -17.143747 ], [ -53.131748, -17.145026 ], [ -53.127665, -17.154197 ], [ -53.132582, -17.155555 ], [ -53.135027, -17.161195 ], [ -53.139748, -17.161288 ], [ -53.141921, -17.17064 ], [ -53.149304, -17.167383 ], [ -53.156944, -17.170197 ], [ -53.15581, -17.188183 ], [ -53.167774, -17.214073 ], [ -53.164675, -17.219693 ], [ -53.17072, -17.221615 ], [ -53.174859, -17.240412 ], [ -53.180334, -17.24386 ], [ -53.185444, -17.257212 ], [ -53.197633, -17.25958 ], [ -53.195446, -17.276205 ], [ -53.208193, -17.284559 ], [ -53.207922, -17.292915 ], [ -53.218687, -17.29917 ], [ -53.216142, -17.303998 ], [ -53.218217, -17.309174 ], [ -53.213504, -17.307629 ], [ -53.209807, -17.311985 ], [ -53.213866, -17.31044 ], [ -53.213864, -17.312899 ], [ -53.208359, -17.314124 ], [ -53.21536, -17.319797 ], [ -53.212839, -17.321976 ], [ -53.21715, -17.326506 ], [ -53.204594, -17.332889 ], [ -53.201746, -17.339864 ], [ -53.206308, -17.342224 ], [ -53.200721, -17.343955 ], [ -53.200223, -17.352303 ], [ -53.203362, -17.353308 ], [ -53.202579, -17.360389 ], [ -53.206275, -17.360755 ], [ -53.202774, -17.3632 ], [ -53.195142, -17.361109 ], [ -53.195892, -17.368105 ], [ -53.206471, -17.369836 ], [ -53.205999, -17.372464 ], [ -53.200969, -17.371469 ], [ -53.196443, -17.380008 ], [ -53.202783, -17.389538 ], [ -53.204305, -17.383363 ], [ -53.209108, -17.38518 ], [ -53.207031, -17.392717 ], [ -53.213363, -17.395262 ], [ -53.20864, -17.395262 ], [ -53.206081, -17.401432 ], [ -53.214969, -17.404711 ], [ -53.212136, -17.407248 ], [ -53.213558, -17.411699 ], [ -53.220082, -17.41279 ], [ -53.224446, -17.422872 ], [ -53.22178, -17.423513 ], [ -53.229036, -17.427952 ], [ -53.228224, -17.437768 ], [ -53.232948, -17.440489 ], [ -53.226885, -17.445028 ], [ -53.226887, -17.455383 ], [ -53.22347, -17.457565 ], [ -53.225947, -17.464187 ], [ -53.228307, -17.462743 ], [ -53.226305, -17.466458 ], [ -53.228389, -17.465645 ], [ -53.234358, -17.478903 ], [ -53.232553, -17.480541 ], [ -53.235698, -17.480535 ], [ -53.241082, -17.492437 ], [ -53.237112, -17.498159 ], [ -53.24298, -17.505166 ], [ -53.238807, -17.512234 ], [ -53.241358, -17.511403 ], [ -53.239325, -17.515515 ], [ -53.245716, -17.523799 ], [ -53.246173, -17.53195 ], [ -53.242588, -17.533615 ], [ -53.245919, -17.538671 ], [ -53.245335, -17.54711 ], [ -53.240633, -17.552402 ], [ -53.247504, -17.558428 ], [ -53.246692, -17.563874 ], [ -53.240139, -17.570187 ], [ -53.242415, -17.572623 ], [ -53.23869, -17.580449 ], [ -53.241752, -17.582603 ], [ -53.23819, -17.589429 ], [ -53.242391, -17.592029 ], [ -53.242454, -17.601378 ], [ -53.249305, -17.605852 ], [ -53.246026, -17.61051 ], [ -53.246445, -17.616403 ], [ -53.250722, -17.618632 ], [ -53.246775, -17.622656 ], [ -53.250336, -17.627623 ], [ -53.250363, -17.643768 ], [ -53.245141, -17.652421 ], [ -53.248086, -17.654575 ], [ -53.243655, -17.655866 ], [ -53.244387, -17.664941 ], [ -53.239776, -17.667426 ], [ -53.24528, -17.671921 ], [ -53.239588, -17.679865 ], [ -53.240473, -17.685833 ], [ -53.246392, -17.690239 ], [ -53.238664, -17.694374 ], [ -53.237424, -17.71264 ], [ -53.22128, -17.723164 ], [ -53.219086, -17.720102 ], [ -53.200337, -17.730299 ], [ -53.196063, -17.736185 ], [ -53.197836, -17.739206 ], [ -53.188808, -17.74517 ], [ -53.186592, -17.751618 ], [ -53.182495, -17.749751 ], [ -53.176859, -17.755418 ], [ -53.175135, -17.765404 ], [ -53.168136, -17.765816 ], [ -53.169219, -17.770068 ], [ -53.161973, -17.782276 ], [ -53.159155, -17.786393 ], [ -53.162969, -17.795066 ], [ -53.158582, -17.804255 ], [ -53.146196, -17.816861 ], [ -53.147317, -17.822823 ], [ -53.135913, -17.836609 ], [ -53.142527, -17.871215 ], [ -53.140003, -17.876671 ], [ -53.132358, -17.880992 ], [ -53.132244, -17.890884 ], [ -53.127118, -17.899571 ], [ -53.130958, -17.916452 ], [ -53.099996, -17.93637 ], [ -53.0855, -17.961502 ], [ -53.076525, -17.96819 ], [ -53.069558, -17.985465 ], [ -53.071791, -18.033528 ], [ -53.150015, -18.039482 ], [ -53.155214, -18.039809 ], [ -53.173288, -18.041113 ], [ -53.176305, -18.041134 ], [ -53.190052, -18.035852 ], [ -53.198304, -18.019859 ], [ -53.204662, -18.021447 ], [ -53.217107, -18.013123 ], [ -53.237276, -18.006997 ], [ -53.298686, -17.995036 ], [ -53.331858, -18.001111 ], [ -53.335186, -18.006461 ], [ -53.342106, -18.007845 ], [ -53.359751, -18.005581 ], [ -53.380282, -18.008311 ], [ -53.405219, -17.991603 ], [ -53.410778, -17.992776 ], [ -53.412143, -17.988045 ], [ -53.41739, -17.99435 ], [ -53.420838, -17.985343 ], [ -53.425085, -17.988843 ], [ -53.42972, -17.987369 ], [ -53.429919, -17.983545 ], [ -53.435999, -17.9863 ], [ -53.438528, -17.983481 ], [ -53.440117, -17.988896 ], [ -53.445441, -17.988731 ], [ -53.445477, -17.992961 ], [ -53.44983, -17.992132 ], [ -53.448697, -17.998363 ], [ -53.456805, -17.999253 ], [ -53.457801, -18.016486 ], [ -53.463141, -18.024859 ], [ -53.46589, -18.023904 ], [ -53.46736, -18.034447 ], [ -53.472089, -18.038703 ], [ -53.476054, -18.035808 ], [ -53.485581, -18.039954 ], [ -53.498637, -18.035461 ], [ -53.501387, -18.027699 ], [ -53.513055, -18.026499 ], [ -53.517387, -18.020202 ], [ -53.528556, -18.021134 ], [ -53.547055, -18.014112 ], [ -53.555501, -18.01505 ], [ -53.556747, -18.005209 ], [ -53.564502, -18.004113 ], [ -53.574529, -18.012205 ], [ -53.583555, -18.009371 ], [ -53.589054, -18.012166 ], [ -53.588665, -18.004565 ], [ -53.606504, -17.995044 ], [ -53.612056, -17.977587 ], [ -53.61564, -17.975743 ], [ -53.615754, -17.978282 ], [ -53.623528, -17.977213 ], [ -53.627999, -17.979988 ], [ -53.634113, -17.976403 ], [ -53.660754, -17.977067 ], [ -53.661975, -17.985577 ], [ -53.674447, -17.991104 ], [ -53.677256, -17.989348 ], [ -53.678558, -17.994869 ], [ -53.689865, -18.002036 ], [ -53.691696, -18.013231 ], [ -53.700086, -18.005375 ], [ -53.715223, -18.00584 ], [ -53.715081, -17.999362 ], [ -53.718804, -17.997625 ], [ -53.726311, -18.003028 ], [ -53.73333, -17.99489 ], [ -53.739947, -17.996199 ], [ -53.773725, -18.000325 ], [ -53.785971, -17.993679 ], [ -53.788781, -17.980329 ], [ -53.793501, -17.98028 ], [ -53.792697, -17.974216 ], [ -53.796997, -17.978341 ], [ -53.797693, -17.973715 ], [ -53.803867, -17.97375 ], [ -53.805026, -17.967118 ], [ -53.808117, -17.971802 ], [ -53.812668, -17.963512 ], [ -53.808168, -17.960561 ], [ -53.818752, -17.957924 ], [ -53.820977, -17.961612 ], [ -53.824978, -17.954595 ], [ -53.823671, -17.94826 ], [ -53.830331, -17.942394 ], [ -53.835117, -17.946491 ], [ -53.83706, -17.934258 ], [ -53.842247, -17.939558 ], [ -53.844168, -17.933107 ], [ -53.850057, -17.934224 ], [ -53.849892, -17.928783 ], [ -53.859976, -17.924156 ], [ -53.859563, -17.920715 ], [ -53.869668, -17.926954 ], [ -53.872194, -17.91642 ], [ -53.874976, -17.918383 ], [ -53.87283, -17.92203 ], [ -53.876445, -17.923084 ], [ -53.884948, -17.91284 ], [ -53.898058, -17.908358 ], [ -53.904643, -17.912644 ], [ -53.900809, -17.916402 ], [ -53.910806, -17.913849 ], [ -53.915032, -17.9178 ], [ -53.919724, -17.915578 ], [ -53.921864, -17.919719 ], [ -53.931918, -17.912729 ], [ -53.93806, -17.919642 ], [ -53.945112, -17.916312 ], [ -53.948422, -17.922979 ], [ -53.951171, -17.915346 ], [ -53.94417, -17.906894 ], [ -53.950637, -17.90275 ], [ -53.947279, -17.898339 ], [ -53.955257, -17.882575 ], [ -53.951832, -17.874722 ], [ -53.954532, -17.8708 ], [ -53.946194, -17.860002 ], [ -53.947751, -17.855638 ], [ -53.941143, -17.848182 ], [ -53.940673, -17.83976 ], [ -53.909861, -17.803442 ], [ -53.906784, -17.789876 ], [ -53.895002, -17.776581 ], [ -53.895978, -17.768865 ], [ -53.887889, -17.748549 ], [ -53.879389, -17.740836 ], [ -53.876529, -17.731438 ], [ -53.865805, -17.72674 ], [ -53.860445, -17.720268 ], [ -53.855418, -17.702274 ], [ -53.843198, -17.692244 ], [ -53.812916, -17.681012 ], [ -53.805837, -17.671928 ], [ -53.798336, -17.670091 ], [ -53.793278, -17.674767 ], [ -53.784998, -17.675926 ], [ -53.778975, -17.671996 ], [ -53.756476, -17.673017 ], [ -53.757308, -17.670931 ], [ -53.746253, -17.670845 ], [ -53.733193, -17.662532 ], [ -53.718028, -17.668205 ], [ -53.704117, -17.663066 ], [ -53.681652, -17.291405 ], [ -53.679586, -17.253128 ], [ -53.691969, -17.246022 ] ], [ [ -53.03839, -16.849473 ], [ -53.03839, -16.849472 ], [ -53.039757, -16.850376 ], [ -53.03839, -16.849473 ] ] ] } },
{ "type": "Feature", "properties": { "HREG_ID": "51014", "HREG_NAME": "Teles Pires", "id": "510305", "name": "Cláudia", "description": "Cláudia", "MUN_ID": "510305", "UF": "MT", "MACRO_ID": "5103", "MACRO_NAME": "Macrorregião Norte" }, "geometry": { "type": "Polygon", "coordinates": [ [ [ -55.560405, -14.034166 ], [ -55.611188, -14.005523 ], [ -55.620111, -14.003544 ], [ -55.63959, -14.015683 ], [ -55.64681, -14.012859 ], [ -55.665061, -14.017532 ], [ -55.670782, -14.026727 ], [ -55.683643, -14.032999 ], [ -55.690424, -14.043859 ], [ -55.697228, -14.047361 ], [ -55.69767, -14.055888 ], [ -55.710222, -14.066687 ], [ -55.712195, -14.07344 ], [ -55.708031, -14.077156 ], [ -55.713002, -14.090773 ], [ -55.71095, -14.113748 ], [ -55.713784, -14.115805 ], [ -55.720423, -14.11432 ], [ -55.730839, -14.12534 ], [ -55.744866, -14.128564 ], [ -55.755782, -14.126723 ], [ -55.759593, -14.130617 ], [ -55.774418, -14.12805 ], [ -55.774419, -14.135478 ], [ -55.778034, -14.137012 ], [ -55.787944, -14.133246 ], [ -55.797167, -14.140249 ], [ -55.821536, -14.143418 ], [ -55.823395, -14.147091 ], [ -55.820306, -14.155988 ], [ -55.824333, -14.158621 ], [ -55.830778, -14.157225 ], [ -55.830674, -14.153775 ], [ -55.826694, -14.152873 ], [ -55.828063, -14.15018 ], [ -55.851639, -14.150794 ], [ -55.840586, -14.153806 ], [ -55.847536, -14.162943 ], [ -55.851251, -14.163384 ], [ -55.853563, -14.155913 ], [ -55.857589, -14.157994 ], [ -55.855196, -14.161203 ], [ -55.858328, -14.169868 ], [ -55.856256, -14.176272 ], [ -55.869389, -14.178196 ], [ -55.876118, -14.184232 ], [ -55.877229, -14.176372 ], [ -55.881311, -14.175747 ], [ -55.885498, -14.180365 ], [ -55.880921, -14.18162 ], [ -55.880561, -14.184873 ], [ -55.888083, -14.189396 ], [ -55.889779, -14.184169 ], [ -55.899085, -14.187908 ], [ -55.908452, -14.180047 ], [ -55.915479, -14.185276 ], [ -55.913868, -14.190681 ], [ -55.91939, -14.188631 ], [ -55.924528, -14.196343 ], [ -55.929667, -14.198911 ], [ -55.940054, -14.195965 ], [ -55.945084, -14.198891 ], [ -55.948279, -14.209466 ], [ -55.954333, -14.209057 ], [ -55.95272, -14.205653 ], [ -55.96317, -14.204357 ], [ -55.965818, -14.200759 ], [ -55.967377, -14.196187 ], [ -55.974305, -14.196885 ], [ -55.97145, -14.204171 ], [ -55.979588, -14.209695 ], [ -55.98106, -14.21498 ], [ -55.987141, -14.212301 ], [ -55.997307, -14.215513 ], [ -55.998419, -14.21965 ], [ -56.013892, -14.217534 ], [ -56.017032, -14.22299 ], [ -56.026417, -14.222675 ], [ -56.029582, -14.22142 ], [ -56.028866, -14.217886 ], [ -56.033589, -14.217546 ], [ -56.031778, -14.210019 ], [ -56.036033, -14.215205 ], [ -56.039368, -14.213315 ], [ -56.043062, -14.169572 ], [ -56.041033, -14.164123 ], [ -56.050058, -14.159364 ], [ -56.049171, -14.153463 ], [ -56.056281, -14.144443 ], [ -56.073561, -14.145524 ], [ -56.08253, -14.149828 ], [ -56.083555, -14.146486 ], [ -56.08905, -14.149837 ], [ -56.095085, -14.145004 ], [ -56.09821, -14.147003 ], [ -56.110644, -14.153952 ], [ -56.110842, -14.150241 ], [ -56.116783, -14.151811 ], [ -56.125921, -14.147414 ], [ -56.13717, -14.15979 ], [ -56.140614, -14.159443 ], [ -56.141667, -14.155191 ], [ -56.153726, -14.158062 ], [ -56.152418, -14.154874 ], [ -56.167112, -14.152403 ], [ -56.168529, -14.149246 ], [ -56.177118, -14.147553 ], [ -56.179977, -14.142496 ], [ -56.182004, -14.14722 ], [ -56.186871, -14.142264 ], [ -56.193617, -14.144197 ], [ -56.191646, -14.149346 ], [ -56.200921, -14.15592 ], [ -56.2, -14.167154 ], [ -56.204473, -14.167167 ], [ -56.217202, -14.155624 ], [ -56.225612, -14.15665 ], [ -56.225759, -14.162191 ], [ -56.23709, -14.146288 ], [ -56.235538, -14.14085 ], [ -56.24044, -14.138778 ], [ -56.237029, -14.135233 ], [ -56.239999, -14.133245 ], [ -56.241307, -14.136249 ], [ -56.245674, -14.132823 ], [ -56.248554, -14.134918 ], [ -56.255258, -14.128053 ], [ -56.266233, -14.125837 ], [ -56.268609, -14.118308 ], [ -56.264426, -14.115592 ], [ -56.271317, -14.111726 ], [ -56.270865, -14.106556 ], [ -56.275178, -14.103132 ], [ -56.279224, -14.106143 ], [ -56.282697, -14.096904 ], [ -56.279474, -14.08847 ], [ -56.283005, -14.087941 ], [ -56.28303, -14.082866 ], [ -56.286586, -14.08107 ], [ -56.28953, -14.085793 ], [ -56.290865, -14.078365 ], [ -56.307146, -14.07027 ], [ -56.307642, -14.060582 ], [ -56.302927, -14.061017 ], [ -56.308504, -14.054333 ], [ -56.300533, -14.05339 ], [ -56.30192, -14.045636 ], [ -56.307508, -14.047162 ], [ -56.301618, -14.03582 ], [ -56.307033, -14.031487 ], [ -56.303809, -14.023407 ], [ -56.306418, -14.018069 ], [ -56.311369, -14.011384 ], [ -56.31842, -14.014496 ], [ -56.320759, -14.0078 ], [ -56.324473, -14.007998 ], [ -56.323366, -14.004911 ], [ -56.332367, -13.994036 ], [ -56.335888, -13.979933 ], [ -56.350446, -13.976869 ], [ -56.352067, -13.972265 ], [ -56.347641, -13.965995 ], [ -56.340337, -13.966669 ], [ -56.342367, -13.953022 ], [ -56.359115, -13.942092 ], [ -56.357722, -13.932405 ], [ -56.370146, -13.931047 ], [ -56.367393, -13.924234 ], [ -56.360443, -13.925278 ], [ -56.352227, -13.921241 ], [ -56.350144, -13.915345 ], [ -56.365976, -13.903423 ], [ -56.369749, -13.9067 ], [ -56.373473, -13.905282 ], [ -56.379007, -13.895261 ], [ -56.379811, -13.885413 ], [ -56.382979, -13.881905 ], [ -56.390282, -13.882955 ], [ -56.38725, -13.877961 ], [ -56.378391, -13.877535 ], [ -56.382696, -13.869785 ], [ -56.378816, -13.868307 ], [ -56.392118, -13.859262 ], [ -56.399981, -13.845746 ], [ -56.403411, -13.850904 ], [ -56.406807, -13.850313 ], [ -56.40637, -13.846328 ], [ -56.411839, -13.846451 ], [ -56.410588, -13.83821 ], [ -56.407252, -13.837736 ], [ -56.410722, -13.83324 ], [ -56.405537, -13.834466 ], [ -56.40334, -13.829565 ], [ -56.397973, -13.830438 ], [ -56.400307, -13.825928 ], [ -56.397008, -13.823826 ], [ -56.400979, -13.822771 ], [ -56.40809, -13.804774 ], [ -56.412615, -13.798143 ], [ -56.406419, -13.79702 ], [ -56.409725, -13.789256 ], [ -56.404452, -13.788133 ], [ -56.40709, -13.781369 ], [ -56.40489, -13.776922 ], [ -56.407811, -13.770427 ], [ -56.411809, -13.769907 ], [ -56.409979, -13.765374 ], [ -56.41384, -13.767665 ], [ -56.415833, -13.760169 ], [ -56.402672, -13.750668 ], [ -56.402731, -13.74289 ], [ -56.393834, -13.742832 ], [ -56.393006, -13.731516 ], [ -56.382312, -13.725296 ], [ -56.384198, -13.693186 ], [ -56.387091, -13.687596 ], [ -56.38336, -13.678888 ], [ -56.39211, -13.67026 ], [ -56.391753, -13.654791 ], [ -56.399367, -13.653029 ], [ -56.407173, -13.635251 ], [ -56.416812, -13.628897 ], [ -56.411508, -13.621536 ], [ -56.402088, -13.617666 ], [ -56.403035, -13.615321 ], [ -56.411752, -13.611761 ], [ -56.42498, -13.612298 ], [ -56.422229, -13.595366 ], [ -56.418202, -13.590995 ], [ -56.416732, -13.588093 ], [ -56.428697, -13.581656 ], [ -56.436729, -13.58378 ], [ -56.434753, -13.575714 ], [ -56.444028, -13.57008 ], [ -56.449009, -13.57273 ], [ -56.451644, -13.56678 ], [ -56.45881, -13.574423 ], [ -56.46187, -13.573715 ], [ -56.463805, -13.560701 ], [ -56.469698, -13.562185 ], [ -56.469007, -13.556937 ], [ -56.479199, -13.552835 ], [ -56.479925, -13.539904 ], [ -56.488696, -13.540945 ], [ -56.499588, -13.535679 ], [ -56.521831, -13.516146 ], [ -56.530864, -13.497815 ], [ -56.530783, -13.468957 ], [ -56.539779, -13.465403 ], [ -56.552198, -13.471281 ], [ -56.554668, -13.469722 ], [ -56.549751, -13.460051 ], [ -56.541307, -13.457094 ], [ -56.54317, -13.450801 ], [ -56.554504, -13.443044 ], [ -56.55409, -13.438035 ], [ -56.564922, -13.438432 ], [ -56.57603, -13.432654 ], [ -56.577334, -13.416549 ], [ -56.58692, -13.402749 ], [ -56.599053, -13.405444 ], [ -56.60876, -13.40163 ], [ -56.60859, -13.383752 ], [ -56.61339, -13.374275 ], [ -56.611602, -13.346124 ], [ -56.627391, -13.335739 ], [ -56.630281, -13.312412 ], [ -56.642585, -13.286889 ], [ -56.642278, -13.252775 ], [ -56.654698, -13.25511 ], [ -56.656728, -13.252714 ], [ -56.656888, -13.246914 ], [ -56.64808, -13.240686 ], [ -56.650361, -13.235576 ], [ -56.659557, -13.231022 ], [ -56.66187, -13.222192 ], [ -56.674469, -13.221084 ], [ -56.67697, -13.217617 ], [ -56.677089, -13.207548 ], [ -56.686721, -13.19411 ], [ -56.692479, -13.171228 ], [ -56.700587, -13.156026 ], [ -56.712227, -13.153618 ], [ -56.714579, -13.13785 ], [ -56.721754, -13.130745 ], [ -56.73184, -13.127849 ], [ -56.72411, -13.116019 ], [ -56.742646, -13.099289 ], [ -56.73425, -13.08481 ], [ -56.73814, -13.075397 ], [ -56.746143, -13.070163 ], [ -56.737696, -13.061864 ], [ -56.734671, -13.050809 ], [ -56.739149, -13.030244 ], [ -56.734842, -13.025494 ], [ -56.721926, -13.023517 ], [ -56.727059, -13.005782 ], [ -56.725782, -12.999483 ], [ -56.713864, -12.995361 ], [ -56.715729, -12.989491 ], [ -56.721006, -12.986529 ], [ -56.728366, -12.991356 ], [ -56.730478, -12.976169 ], [ -56.726947, -12.963576 ], [ -56.737169, -12.961814 ], [ -56.739214, -12.954813 ], [ -56.74389, -12.949357 ], [ -56.744749, -12.942844 ], [ -56.75531, -12.930857 ], [ -56.753889, -12.92244 ], [ -56.759331, -12.920387 ], [ -56.763168, -12.909093 ], [ -56.757306, -12.898932 ], [ -56.763498, -12.89634 ], [ -56.764279, -12.888557 ], [ -56.753366, -12.87304 ], [ -56.753138, -12.864809 ], [ -56.762393, -12.839148 ], [ -56.772003, -12.83331 ], [ -56.798477, -12.789813 ], [ -56.800975, -12.768203 ], [ -56.798258, -12.7557 ], [ -56.81239, -12.751876 ], [ -56.826561, -12.737369 ], [ -56.833948, -12.712057 ], [ -56.846142, -12.701618 ], [ -56.844978, -12.677095 ], [ -56.862791, -12.674448 ], [ -56.868002, -12.656469 ], [ -56.887227, -12.640353 ], [ -56.897558, -12.637315 ], [ -56.902035, -12.630277 ], [ -56.901645, -12.610552 ], [ -56.893282, -12.604277 ], [ -56.898142, -12.589452 ], [ -56.899144, -12.56702 ], [ -56.902985, -12.559729 ], [ -56.917535, -12.553704 ], [ -56.932444, -12.557922 ], [ -56.937, -12.544272 ], [ -56.931141, -12.533755 ], [ -56.930924, -12.526065 ], [ -56.935612, -12.523187 ], [ -56.952074, -12.524687 ], [ -56.958004, -12.522003 ], [ -56.95334, -12.513306 ], [ -56.942477, -12.510905 ], [ -56.945251, -12.497837 ], [ -56.943118, -12.47516 ], [ -56.951919, -12.469097 ], [ -56.946063, -12.450824 ], [ -56.955147, -12.443582 ], [ -56.95669, -12.438256 ], [ -56.941424, -12.427488 ], [ -56.946838, -12.420024 ], [ -56.947006, -12.403989 ], [ -56.963253, -12.401897 ], [ -56.967443, -12.398401 ], [ -56.962758, -12.37924 ], [ -56.973972, -12.363499 ], [ -56.969703, -12.334009 ], [ -56.980311, -12.314818 ], [ -56.978888, -12.309463 ], [ -56.956755, -12.304245 ], [ -56.955399, -12.299923 ], [ -56.956752, -12.295641 ], [ -56.962671, -12.29398 ], [ -56.971701, -12.302228 ], [ -56.980478, -12.290085 ], [ -56.98717, -12.286706 ], [ -57.005064, -12.285915 ], [ -57.013556, -12.274066 ], [ -57.019781, -12.267681 ], [ -57.040537, -12.258727 ], [ -57.035337, -12.231699 ], [ -57.042481, -12.223035 ], [ -57.044035, -12.206216 ], [ -57.056194, -12.193432 ], [ -57.069586, -12.190423 ], [ -57.075118, -12.183358 ], [ -57.066924, -12.162708 ], [ -57.074227, -12.139498 ], [ -57.088696, -12.119429 ], [ -57.093698, -12.101464 ], [ -57.102642, -12.086873 ], [ -57.117484, -12.073354 ], [ -57.134527, -12.045827 ], [ -57.133977, -12.021277 ], [ -57.142695, -12.012837 ], [ -57.143556, -12.007845 ], [ -57.134837, -12.008323 ], [ -57.125117, -12.001552 ], [ -57.117941, -12.00294 ], [ -57.102192, -11.997834 ], [ -57.093218, -11.985086 ], [ -57.081032, -11.978241 ], [ -57.006779, -11.97054 ], [ -56.992064, -11.954895 ], [ -56.954925, -11.958206 ], [ -56.933391, -11.945908 ], [ -56.927032, -11.945487 ], [ -56.911614, -11.927975 ], [ -56.899363, -11.924329 ], [ -56.894147, -11.918676 ], [ -56.875585, -11.924138 ], [ -56.866645, -11.920751 ], [ -56.849369, -11.926056 ], [ -56.832065, -11.925373 ], [ -56.826395, -11.923877 ], [ -56.826476, -11.920066 ], [ -56.823338, -11.921261 ], [ -56.820256, -11.915286 ], [ -56.814501, -11.916248 ], [ -56.810645, -11.912611 ], [ -56.804194, -11.915637 ], [ -56.784341, -11.913892 ], [ -56.775774, -11.928666 ], [ -56.776083, -11.934471 ], [ -56.759522, -11.940921 ], [ -56.748034, -11.9406 ], [ -56.739562, -11.950832 ], [ -56.730838, -11.954342 ], [ -56.714803, -11.975999 ], [ -56.700283, -11.978198 ], [ -56.688338, -11.987785 ], [ -56.662918, -11.983631 ], [ -56.651865, -11.990436 ], [ -56.638865, -11.990667 ], [ -56.633199, -11.974643 ], [ -56.612333, -11.967696 ], [ -56.594004, -11.971964 ], [ -56.58639, -11.966058 ], [ -56.582143, -11.959692 ], [ -56.580086, -11.942947 ], [ -56.559807, -11.948775 ], [ -56.549842, -11.958443 ], [ -56.543673, -11.987049 ], [ -56.534804, -11.987372 ], [ -56.504839, -11.976921 ], [ -56.490863, -11.988047 ], [ -56.470719, -11.992155 ], [ -56.466087, -12.002691 ], [ -56.468617, -12.01226 ], [ -56.444998, -12.032808 ], [ -56.447839, -12.05338 ], [ -56.432087, -12.062244 ], [ -56.408005, -12.088401 ], [ -56.404944, -12.103353 ], [ -56.406642, -12.138068 ], [ -56.402721, -12.161893 ], [ -56.388612, -12.183806 ], [ -56.376887, -12.184151 ], [ -56.351786, -12.158097 ], [ -56.312501, -12.138445 ], [ -56.31095, -12.130924 ], [ -56.323226, -12.11962 ], [ -56.320283, -12.106374 ], [ -56.299887, -12.088116 ], [ -56.287416, -12.059184 ], [ -56.261337, -12.02487 ], [ -56.25392, -11.98637 ], [ -56.242003, -11.961058 ], [ -56.208866, -11.94056 ], [ -56.206448, -11.933415 ], [ -56.209782, -11.920252 ], [ -56.202253, -11.909515 ], [ -56.187508, -11.899891 ], [ -56.164672, -11.899001 ], [ -56.159309, -11.894317 ], [ -56.156396, -11.878547 ], [ -56.162006, -11.860048 ], [ -56.159945, -11.853722 ], [ -56.107924, -11.825509 ], [ -56.107779, -11.817814 ], [ -56.119172, -11.797012 ], [ -56.097639, -11.776624 ], [ -56.091115, -11.752641 ], [ -56.072115, -11.724102 ], [ -56.070054, -11.716131 ], [ -56.077442, -11.701784 ], [ -56.075114, -11.694817 ], [ -56.063223, -11.687891 ], [ -56.050169, -11.688861 ], [ -56.023835, -11.67892 ], [ -55.996172, -11.641462 ], [ -55.972109, -11.625907 ], [ -55.967592, -11.619504 ], [ -55.958249, -11.607134 ], [ -55.958669, -11.596362 ], [ -55.952481, -11.589496 ], [ -55.945854, -11.589405 ], [ -55.924362, -11.610462 ], [ -55.916287, -11.608426 ], [ -55.897956, -11.589859 ], [ -55.857874, -11.576408 ], [ -55.856391, -11.565011 ], [ -55.841618, -11.558637 ], [ -55.832891, -11.546375 ], [ -55.831725, -11.492373 ], [ -55.827726, -11.481915 ], [ -55.787417, -11.442828 ], [ -55.785265, -11.427873 ], [ -55.799053, -11.384381 ], [ -55.808173, -11.376191 ], [ -55.83075, -11.341689 ], [ -55.829116, -11.321131 ], [ -55.814304, -11.318304 ], [ -55.817056, -11.305772 ], [ -55.794502, -11.306812 ], [ -55.760116, -11.333731 ], [ -55.734277, -11.339072 ], [ -55.736114, -11.332311 ], [ -55.733365, -11.326028 ], [ -55.690252, -11.29838 ], [ -55.664497, -11.29783 ], [ -55.641808, -11.30826 ], [ -55.624888, -11.304945 ], [ -55.616139, -11.309432 ], [ -55.615031, -11.321077 ], [ -55.607895, -11.327575 ], [ -55.589723, -11.359594 ], [ -55.582252, -11.362203 ], [ -55.576754, -11.368631 ], [ -55.561833, -11.373834 ], [ -55.550171, -11.386322 ], [ -55.540084, -11.387985 ], [ -55.529115, -11.396499 ], [ -55.510974, -11.402838 ], [ -55.491198, -11.376603 ], [ -55.471859, -11.370112 ], [ -55.461228, -11.356744 ], [ -55.465335, -11.348328 ], [ -55.467973, -11.321118 ], [ -55.46456, -11.307653 ], [ -55.453918, -11.288227 ], [ -55.444389, -11.278566 ], [ -55.455169, -11.265354 ], [ -55.450026, -11.253245 ], [ -55.451864, -11.23643 ], [ -55.440669, -11.215284 ], [ -55.436171, -11.19449 ], [ -55.413415, -11.171098 ], [ -55.392635, -11.159269 ], [ -55.379806, -11.142378 ], [ -55.375865, -11.150612 ], [ -55.349971, -11.175847 ], [ -55.337643, -11.180919 ], [ -55.327667, -11.19584 ], [ -55.322082, -11.20995 ], [ -55.325274, -11.219624 ], [ -55.319613, -11.233177 ], [ -55.322197, -11.246915 ], [ -55.303975, -11.262117 ], [ -55.28997, -11.266009 ], [ -55.282195, -11.278039 ], [ -55.251742, -11.2775 ], [ -55.244456, -11.282155 ], [ -55.227164, -11.280554 ], [ -55.22681, -11.309796 ], [ -55.213864, -11.303523 ], [ -55.202519, -11.302765 ], [ -55.191957, -11.282614 ], [ -55.175699, -11.274546 ], [ -55.170795, -11.262896 ], [ -55.170833, -11.230781 ], [ -55.154053, -11.19779 ], [ -55.152221, -11.185676 ], [ -55.128892, -11.202486 ], [ -55.110672, -11.209984 ], [ -55.099942, -11.210803 ], [ -55.072865, -11.205098 ], [ -55.056275, -11.208528 ], [ -55.01994, -11.184295 ], [ -55.008332, -11.18438 ], [ -54.98336, -11.174917 ], [ -54.975196, -11.175892 ], [ -54.96472, -11.170131 ], [ -54.943917, -11.169024 ], [ -54.919886, -11.17565 ], [ -54.920864, -11.195037 ], [ -54.910414, -11.232838 ], [ -54.899025, -11.242391 ], [ -54.886337, -11.264585 ], [ -54.875584, -11.27069 ], [ -54.862952, -11.288208 ], [ -54.85542, -11.287184 ], [ -54.85775, -11.279032 ], [ -54.83633, -11.282748 ], [ -54.829693, -11.275308 ], [ -54.822584, -11.279757 ], [ -54.811975, -11.269706 ], [ -54.798669, -11.269924 ], [ -54.798889, -11.263295 ], [ -54.794504, -11.260352 ], [ -54.788814, -11.268938 ], [ -54.783168, -11.264665 ], [ -54.786278, -11.262797 ], [ -54.77933, -11.257599 ], [ -54.780282, -11.254206 ], [ -54.766893, -11.254396 ], [ -54.758248, -11.264595 ], [ -54.760113, -11.256438 ], [ -54.756227, -11.252233 ], [ -54.751748, -11.262207 ], [ -54.74486, -11.257914 ], [ -54.741507, -11.250483 ], [ -54.730137, -11.255835 ], [ -54.72839, -11.249765 ], [ -54.720142, -11.250996 ], [ -54.721505, -11.254401 ], [ -54.725108, -11.252674 ], [ -54.720501, -11.258742 ], [ -54.71164, -11.25277 ], [ -54.70714, -11.252645 ], [ -54.705696, -11.260667 ], [ -54.703252, -11.256677 ], [ -54.696556, -11.256602 ], [ -54.684146, -11.255565 ], [ -54.669115, -11.247299 ], [ -54.663193, -11.225082 ], [ -54.647229, -11.226591 ], [ -54.643913, -11.218029 ], [ -54.647004, -11.212057 ], [ -54.643029, -11.203765 ], [ -54.62167, -11.209578 ], [ -54.617946, -11.194089 ], [ -54.608419, -11.195947 ], [ -54.598893, -11.187947 ], [ -54.593973, -11.184247 ], [ -54.584171, -11.189893 ], [ -54.578194, -11.208816 ], [ -54.566333, -11.221757 ], [ -54.566248, -11.238961 ], [ -54.556111, -11.259529 ], [ -54.559085, -11.280668 ], [ -54.54306, -11.301697 ], [ -54.542863, -11.313553 ], [ -54.554419, -11.336898 ], [ -54.549644, -11.354302 ], [ -54.511249, -11.415339 ], [ -54.491001, -11.401287 ], [ -54.47617, -11.39586 ], [ -54.469839, -11.381088 ], [ -54.446506, -11.364627 ], [ -54.432821, -11.344285 ], [ -54.430526, -11.334394 ], [ -54.421906, -11.327091 ], [ -54.422188, -11.308819 ], [ -54.393134, -11.323842 ], [ -54.368604, -11.325031 ], [ -54.364124, -11.31984 ], [ -54.348205, -11.345351 ], [ -54.336116, -11.353826 ], [ -54.317198, -11.353513 ], [ -54.301694, -11.368718 ], [ -54.276975, -11.357964 ], [ -54.268814, -11.3576 ], [ -54.265813, -11.352388 ], [ -54.248863, -11.344988 ], [ -54.243891, -11.336892 ], [ -54.224814, -11.327231 ], [ -54.202723, -11.321168 ], [ -54.191006, -11.300579 ], [ -54.185928, -11.298273 ], [ -54.166332, -11.291899 ], [ -54.147474, -11.294467 ], [ -54.132061, -11.300737 ], [ -54.128754, -11.299682 ], [ -54.128116, -11.29389 ], [ -54.125776, -11.294224 ], [ -54.127223, -11.297052 ], [ -54.123671, -11.292382 ], [ -54.119172, -11.293728 ], [ -54.117996, -11.287626 ], [ -54.111923, -11.283524 ], [ -54.092921, -11.285981 ], [ -54.084803, -11.282434 ], [ -54.084365, -11.284672 ], [ -54.075673, -11.283354 ], [ -54.06739, -11.271728 ], [ -54.066107, -11.2754 ], [ -54.063589, -11.270295 ], [ -54.057387, -11.271092 ], [ -54.055024, -11.267077 ], [ -54.053414, -11.270159 ], [ -54.051865, -11.263705 ], [ -54.05072, -11.266283 ], [ -54.043502, -11.2617 ], [ -54.042477, -11.265225 ], [ -54.02872, -11.256249 ], [ -54.025277, -11.257662 ], [ -54.017079, -11.24807 ], [ -54.011832, -11.255021 ], [ -54.006111, -11.250808 ], [ -54.000917, -11.254326 ], [ -54.000779, -11.250774 ], [ -53.998225, -11.253466 ], [ -53.984606, -11.247787 ], [ -53.965776, -11.25747 ], [ -53.964284, -11.253492 ], [ -53.967665, -11.251732 ], [ -53.962638, -11.250501 ], [ -53.959972, -11.253328 ], [ -53.958754, -11.248788 ], [ -53.95325, -11.250733 ], [ -53.94664, -11.242362 ], [ -53.938277, -11.245886 ], [ -53.920916, -11.242444 ], [ -53.922862, -11.244614 ], [ -53.918697, -11.245707 ], [ -53.917555, -11.241721 ], [ -53.913058, -11.244621 ], [ -53.911025, -11.240471 ], [ -53.905859, -11.244431 ], [ -53.904112, -11.238689 ], [ -53.903057, -11.24337 ], [ -53.89878, -11.245272 ], [ -53.890358, -11.241378 ], [ -53.88878, -11.243981 ], [ -53.885164, -11.241241 ], [ -53.878138, -11.247367 ], [ -53.871307, -11.243702 ], [ -53.868359, -11.249966 ], [ -53.865446, -11.246964 ], [ -53.849839, -11.252244 ], [ -53.853364, -11.254508 ], [ -53.851612, -11.257814 ], [ -53.845808, -11.252072 ], [ -53.837336, -11.257654 ], [ -53.827282, -11.254828 ], [ -53.825553, -11.260748 ], [ -53.819446, -11.261977 ], [ -53.816192, -11.267215 ], [ -53.800667, -11.266979 ], [ -53.798671, -11.269282 ], [ -53.801645, -11.271419 ], [ -53.796725, -11.273721 ], [ -53.788119, -11.272249 ], [ -53.79278, -11.285264 ], [ -53.791054, -11.288338 ], [ -53.780139, -11.290327 ], [ -53.775054, -11.275639 ], [ -53.776691, -11.267638 ], [ -53.771274, -11.260051 ], [ -53.758726, -11.254102 ], [ -53.766832, -11.250219 ], [ -53.765978, -11.243837 ], [ -53.762527, -11.240815 ], [ -53.75617, -11.242037 ], [ -53.748173, -11.234312 ], [ -53.752921, -11.21873 ], [ -53.749701, -11.215212 ], [ -53.752613, -11.212284 ], [ -53.741027, -11.208693 ], [ -53.731887, -11.220176 ], [ -53.725416, -11.213697 ], [ -53.723949, -11.20733 ], [ -53.727278, -11.203094 ], [ -53.721054, -11.200948 ], [ -53.71445, -11.204048 ], [ -53.709164, -11.196198 ], [ -53.709884, -11.190494 ], [ -53.716693, -11.184107 ], [ -53.713001, -11.176979 ], [ -53.69964, -11.189327 ], [ -53.687641, -11.186002 ], [ -53.685053, -11.181101 ], [ -53.681055, -11.181097 ], [ -53.680004, -11.177138 ], [ -53.684473, -11.175938 ], [ -53.678392, -11.170002 ], [ -53.681967, -11.165322 ], [ -53.678664, -11.162842 ], [ -53.682578, -11.157902 ], [ -53.675112, -11.155179 ], [ -53.675026, -11.148961 ], [ -53.660197, -11.141784 ], [ -53.653556, -11.152499 ], [ -53.64561, -11.151224 ], [ -53.640809, -11.139882 ], [ -53.63367, -11.139114 ], [ -53.623583, -11.132248 ], [ -53.630339, -11.125234 ], [ -53.623724, -11.127293 ], [ -53.610002, -11.121307 ], [ -53.604633, -11.12224 ], [ -53.598357, -11.122759 ], [ -53.590211, -11.118396 ], [ -53.581583, -11.104745 ], [ -53.559719, -11.084727 ], [ -53.545677, -11.087093 ], [ -53.5372, -11.080722 ], [ -53.527452, -11.081685 ], [ -53.522033, -11.088384 ], [ -53.522113, -11.09483 ], [ -53.51847, -11.095809 ], [ -53.495305, -11.073593 ], [ -53.486668, -11.054597 ], [ -53.47367, -11.056679 ], [ -53.460117, -11.051349 ], [ -53.444278, -11.054069 ], [ -53.435931, -11.048185 ], [ -53.431168, -11.051721 ], [ -53.424479, -11.048647 ], [ -53.415778, -11.050903 ], [ -53.390579, -11.056703 ], [ -53.380611, -11.054534 ], [ -53.367691, -11.039779 ], [ -53.373113, -11.020598 ], [ -53.370361, -11.01581 ], [ -53.361393, -11.023855 ], [ -53.350113, -11.026753 ], [ -53.321641, -11.020143 ], [ -53.319162, -11.014985 ], [ -53.322801, -11.008928 ], [ -53.339582, -11.0044 ], [ -53.337218, -10.98926 ], [ -53.322147, -10.959237 ], [ -53.317051, -10.957692 ], [ -53.318946, -10.974005 ], [ -53.315752, -10.997801 ], [ -53.301548, -11.020282 ], [ -53.294652, -11.026954 ], [ -53.289945, -11.030451 ], [ -53.28351, -11.03909 ], [ -53.28182, -11.047605 ], [ -53.28641, -11.059272 ], [ -53.288957, -11.06916 ], [ -53.285412, -11.080855 ], [ -53.270501, -11.085921 ], [ -53.266083, -11.090479 ], [ -53.260222, -11.118491 ], [ -53.244197, -11.138755 ], [ -53.242056, -11.173137 ], [ -53.237305, -11.187256 ], [ -53.239586, -11.201014 ], [ -53.246473, -11.213001 ], [ -53.262581, -11.231506 ], [ -53.250276, -11.258571 ], [ -53.253774, -11.27033 ], [ -53.260912, -11.275582 ], [ -53.276887, -11.279384 ], [ -53.296393, -11.309694 ], [ -53.300891, -11.312681 ], [ -53.309423, -11.311959 ], [ -53.31583, -11.316938 ], [ -53.322719, -11.332862 ], [ -53.341141, -11.356473 ], [ -53.375831, -11.391669 ], [ -53.385359, -11.418268 ], [ -53.399025, -11.434179 ], [ -53.407664, -11.434448 ], [ -53.422778, -11.424311 ], [ -53.438275, -11.432358 ], [ -53.441253, -11.465559 ], [ -53.46778, -11.497747 ], [ -53.473916, -11.515279 ], [ -53.476532, -11.518312 ], [ -53.486643, -11.502346 ], [ -53.492253, -11.502987 ], [ -53.494423, -11.519312 ], [ -53.506309, -11.52584 ], [ -53.520025, -11.546554 ], [ -53.548214, -11.567764 ], [ -53.535162, -11.584712 ], [ -53.540074, -11.59572 ], [ -53.55964, -11.60227 ], [ -53.568916, -11.610573 ], [ -53.571471, -11.620259 ], [ -53.568667, -11.64778 ], [ -53.57903, -11.678037 ], [ -53.602444, -11.723671 ], [ -53.608497, -11.744941 ], [ -53.600487, -11.789759 ], [ -53.595477, -11.79704 ], [ -53.5865, -11.828208 ], [ -53.587419, -11.859196 ], [ -53.573698, -11.877501 ], [ -53.570775, -11.896084 ], [ -53.56575, -11.904978 ], [ -53.551248, -11.915515 ], [ -53.547805, -11.92162 ], [ -53.546945, -11.936522 ], [ -53.548037, -11.949077 ], [ -53.558332, -11.956217 ], [ -53.571, -11.95226 ], [ -53.580339, -11.957037 ], [ -53.5907, -11.954865 ], [ -53.597366, -11.959712 ], [ -53.614365, -11.955333 ], [ -53.618109, -11.958075 ], [ -53.617891, -11.962677 ], [ -53.604972, -11.970517 ], [ -53.605387, -11.974764 ], [ -53.611973, -11.979339 ], [ -53.631414, -11.97724 ], [ -53.632194, -11.98366 ], [ -53.622864, -11.992254 ], [ -53.619025, -12.005031 ], [ -53.622007, -12.007296 ], [ -53.633914, -12.002177 ], [ -53.63875, -12.003604 ], [ -53.641945, -12.012296 ], [ -53.654135, -12.020573 ], [ -53.645561, -12.027604 ], [ -53.645307, -12.031851 ], [ -53.652527, -12.030731 ], [ -53.655372, -12.038649 ], [ -53.663911, -12.038522 ], [ -53.672062, -12.044939 ], [ -53.693776, -12.048904 ], [ -53.696836, -12.048194 ], [ -53.699003, -12.041119 ], [ -53.709028, -12.035298 ], [ -53.712721, -12.034606 ], [ -53.716278, -12.038523 ], [ -53.725668, -12.034943 ], [ -53.727335, -12.040506 ], [ -53.721142, -12.05215 ], [ -53.723523, -12.054857 ], [ -53.749744, -12.067105 ], [ -53.768143, -12.091293 ], [ -53.784163, -12.087383 ], [ -53.782587, -12.093492 ], [ -53.77911, -12.098009 ], [ -53.782698, -12.101348 ], [ -53.782079, -12.10613 ], [ -53.788277, -12.109953 ], [ -53.789307, -12.12363 ], [ -53.800109, -12.135732 ], [ -53.807642, -12.138051 ], [ -53.810692, -12.151713 ], [ -53.816388, -12.149007 ], [ -53.818949, -12.151981 ], [ -53.819307, -12.154884 ], [ -53.813608, -12.157682 ], [ -53.817618, -12.166941 ], [ -53.823862, -12.166964 ], [ -53.821112, -12.175278 ], [ -53.830972, -12.174245 ], [ -53.832858, -12.17882 ], [ -53.838137, -12.176917 ], [ -53.847479, -12.184263 ], [ -53.838032, -12.185769 ], [ -53.839361, -12.19015 ], [ -53.844583, -12.188329 ], [ -53.850359, -12.191223 ], [ -53.850256, -12.194663 ], [ -53.844947, -12.191148 ], [ -53.845587, -12.196864 ], [ -53.840635, -12.196164 ], [ -53.837581, -12.199861 ], [ -53.851114, -12.204722 ], [ -53.849693, -12.213988 ], [ -53.864222, -12.219067 ], [ -53.867478, -12.229476 ], [ -53.872806, -12.234709 ], [ -53.878559, -12.233537 ], [ -53.882057, -12.224697 ], [ -53.885778, -12.22319 ], [ -53.889865, -12.233081 ], [ -53.9027, -12.240182 ], [ -53.902526, -12.233574 ], [ -53.898053, -12.229642 ], [ -53.910277, -12.224511 ], [ -53.905254, -12.220648 ], [ -53.922136, -12.210429 ], [ -53.912359, -12.20849 ], [ -53.917334, -12.205843 ], [ -53.921889, -12.206623 ], [ -53.927199, -12.213396 ], [ -53.92525, -12.216316 ], [ -53.937996, -12.222592 ], [ -53.941948, -12.222809 ], [ -53.941058, -12.213472 ], [ -53.950193, -12.218011 ], [ -53.970079, -12.213395 ], [ -53.973773, -12.219208 ], [ -53.969059, -12.225046 ], [ -53.978751, -12.227228 ], [ -53.984563, -12.226239 ], [ -53.981419, -12.23003 ], [ -53.986446, -12.230906 ], [ -53.980977, -12.234711 ], [ -53.98697, -12.234179 ], [ -53.989, -12.239305 ], [ -53.984948, -12.237009 ], [ -53.983176, -12.244095 ], [ -53.988119, -12.24407 ], [ -53.987281, -12.249827 ], [ -53.991018, -12.253913 ], [ -54.004698, -12.257735 ], [ -54.016582, -12.252946 ], [ -54.019422, -12.266833 ], [ -54.023135, -12.269867 ], [ -54.025773, -12.260505 ], [ -54.03061, -12.263748 ], [ -54.029166, -12.272134 ], [ -54.030526, -12.274513 ], [ -54.036086, -12.272788 ], [ -54.033891, -12.277642 ], [ -54.044008, -12.293812 ], [ -54.051194, -12.293931 ], [ -54.053394, -12.302561 ], [ -54.058036, -12.293765 ], [ -54.06333, -12.303986 ], [ -54.067365, -12.302876 ], [ -54.069529, -12.31468 ], [ -54.079587, -12.314199 ], [ -54.070554, -12.332173 ], [ -54.077581, -12.339349 ], [ -54.083336, -12.336897 ], [ -54.084919, -12.34516 ], [ -54.093331, -12.340493 ], [ -54.096948, -12.349875 ], [ -54.104336, -12.339124 ], [ -54.110864, -12.34157 ], [ -54.112252, -12.339237 ], [ -54.115501, -12.344994 ], [ -54.131782, -12.34958 ], [ -54.130113, -12.356805 ], [ -54.141665, -12.379875 ], [ -54.13686, -12.385956 ], [ -54.139365, -12.3865 ], [ -54.144806, -12.384722 ], [ -54.149809, -12.388767 ], [ -54.149471, -12.392566 ], [ -54.157306, -12.392686 ], [ -54.158532, -12.397415 ], [ -54.149089, -12.400258 ], [ -54.149386, -12.403973 ], [ -54.167363, -12.415824 ], [ -54.156781, -12.421182 ], [ -54.156524, -12.424437 ], [ -54.175995, -12.439757 ], [ -54.176729, -12.447455 ], [ -54.172251, -12.450922 ], [ -54.175721, -12.452692 ], [ -54.172136, -12.457612 ], [ -54.176274, -12.458305 ], [ -54.171804, -12.468289 ], [ -54.176451, -12.471794 ], [ -54.171697, -12.475168 ], [ -54.168358, -12.487882 ], [ -54.17778, -12.492447 ], [ -54.186138, -12.487148 ], [ -54.185389, -12.495642 ], [ -54.188413, -12.491346 ], [ -54.198804, -12.497378 ], [ -54.194864, -12.504574 ], [ -54.207442, -12.519203 ], [ -54.211583, -12.520059 ], [ -54.208495, -12.524375 ], [ -54.218143, -12.529002 ], [ -54.217446, -12.533523 ], [ -54.221587, -12.532661 ], [ -54.222086, -12.537468 ], [ -54.227222, -12.540059 ], [ -54.227947, -12.534446 ], [ -54.244252, -12.537234 ], [ -54.247506, -12.542257 ], [ -54.24317, -12.541763 ], [ -54.252222, -12.550461 ], [ -54.252724, -12.555721 ], [ -54.255553, -12.549399 ], [ -54.271895, -12.556905 ], [ -54.285, -12.576427 ], [ -54.288806, -12.573022 ], [ -54.295526, -12.575622 ], [ -54.298218, -12.572479 ], [ -54.297502, -12.580908 ], [ -54.302999, -12.583765 ], [ -54.302113, -12.588918 ], [ -54.297145, -12.589683 ], [ -54.305168, -12.597284 ], [ -54.310082, -12.595887 ], [ -54.308168, -12.611729 ], [ -54.315255, -12.612883 ], [ -54.316587, -12.618245 ], [ -54.312001, -12.62391 ], [ -54.318414, -12.628502 ], [ -54.318164, -12.636114 ], [ -54.324554, -12.64388 ], [ -54.317224, -12.647524 ], [ -54.316059, -12.651772 ], [ -54.321693, -12.653187 ], [ -54.322776, -12.664349 ], [ -54.327974, -12.669838 ], [ -54.326085, -12.675796 ], [ -54.322667, -12.673866 ], [ -54.320026, -12.678733 ], [ -54.323581, -12.683384 ], [ -54.322949, -12.69172 ], [ -54.326616, -12.6942 ], [ -54.327665, -12.70183 ], [ -54.334051, -12.700176 ], [ -54.342107, -12.70532 ], [ -54.337866, -12.707187 ], [ -54.340395, -12.710926 ], [ -54.334081, -12.715571 ], [ -54.341365, -12.716377 ], [ -54.335281, -12.723651 ], [ -54.342392, -12.731969 ], [ -54.343868, -12.734796 ], [ -54.339833, -12.739465 ], [ -54.342777, -12.738953 ], [ -54.341198, -12.741929 ], [ -54.345502, -12.744058 ], [ -54.342559, -12.754177 ], [ -54.34534, -12.752665 ], [ -54.348972, -12.757504 ], [ -54.344385, -12.762899 ], [ -54.344367, -12.776221 ], [ -54.34111, -12.777997 ], [ -54.335201, -12.795618 ], [ -54.341274, -12.79803 ], [ -54.327524, -12.805875 ], [ -54.334328, -12.818902 ], [ -54.330753, -12.824484 ], [ -54.330916, -12.836272 ], [ -54.334802, -12.836305 ], [ -54.337914, -12.848122 ], [ -54.332111, -12.854231 ], [ -54.326672, -12.85272 ], [ -54.325194, -12.866326 ], [ -54.331001, -12.873615 ], [ -54.322582, -12.881959 ], [ -54.334449, -12.888959 ], [ -54.331165, -12.892281 ], [ -54.337861, -12.897786 ], [ -54.341414, -12.921844 ], [ -54.347424, -12.921991 ], [ -54.351746, -12.930553 ], [ -54.348891, -12.931614 ], [ -54.355, -12.937564 ], [ -54.350888, -12.942966 ], [ -54.354981, -12.942907 ], [ -54.353282, -12.953494 ], [ -54.360834, -12.957198 ], [ -54.36886, -12.956285 ], [ -54.359747, -12.972234 ], [ -54.374944, -12.977905 ], [ -54.375636, -12.982633 ], [ -54.406339, -13.004695 ], [ -54.404144, -13.009998 ], [ -54.397978, -13.010014 ], [ -54.397833, -13.012546 ], [ -54.409223, -13.033022 ], [ -54.401921, -13.049295 ], [ -54.407974, -13.051809 ], [ -54.40159, -13.06168 ], [ -54.421865, -13.078272 ], [ -54.422645, -13.09717 ], [ -54.430837, -13.099436 ], [ -54.423617, -13.109118 ], [ -54.437915, -13.123386 ], [ -54.435278, -13.128688 ], [ -54.441887, -13.131389 ], [ -54.446618, -13.145997 ], [ -54.452169, -13.15103 ], [ -54.454721, -13.169593 ], [ -54.465477, -13.178935 ], [ -54.465774, -13.185897 ], [ -54.45897, -13.198114 ], [ -54.460863, -13.204065 ], [ -54.466694, -13.208059 ], [ -54.464978, -13.221865 ], [ -54.470639, -13.225821 ], [ -54.472308, -13.234695 ], [ -54.493948, -13.24534 ], [ -54.508614, -13.248587 ], [ -54.523111, -13.25741 ], [ -54.523636, -13.261217 ], [ -54.532504, -13.262301 ], [ -54.542257, -13.276509 ], [ -54.542228, -13.297154 ], [ -54.554169, -13.326225 ], [ -54.553706, -13.337694 ], [ -54.55772, -13.341104 ], [ -54.567422, -13.340928 ], [ -54.579527, -13.350365 ], [ -54.582608, -13.358176 ], [ -54.588834, -13.362845 ], [ -54.589222, -13.370454 ], [ -54.59339, -13.372124 ], [ -54.593307, -13.379455 ], [ -54.597169, -13.381209 ], [ -54.598495, -13.38765 ], [ -54.604924, -13.384627 ], [ -54.606614, -13.391349 ], [ -54.618224, -13.394257 ], [ -54.617644, -13.397781 ], [ -54.627919, -13.405565 ], [ -54.625636, -13.411519 ], [ -54.629559, -13.428755 ], [ -54.630919, -13.43068 ], [ -54.634311, -13.427044 ], [ -54.651027, -13.456377 ], [ -54.652302, -13.466806 ], [ -54.646809, -13.480608 ], [ -54.646275, -13.498158 ], [ -54.671111, -13.514408 ], [ -54.669311, -13.525105 ], [ -54.664329, -13.527668 ], [ -54.667445, -13.538071 ], [ -54.65789, -13.554159 ], [ -54.65397, -13.553717 ], [ -54.653918, -13.561969 ], [ -54.649864, -13.565796 ], [ -54.655254, -13.566044 ], [ -54.651116, -13.573855 ], [ -54.652999, -13.579733 ], [ -54.659304, -13.584165 ], [ -54.662138, -13.593555 ], [ -54.666139, -13.596259 ], [ -54.66347, -13.604245 ], [ -54.674195, -13.615254 ], [ -54.672997, -13.620242 ], [ -54.676922, -13.625576 ], [ -54.676868, -13.632915 ], [ -54.671307, -13.636474 ], [ -54.671832, -13.648882 ], [ -54.664608, -13.667585 ], [ -54.66831, -13.685244 ], [ -54.661223, -13.696327 ], [ -54.664998, -13.717062 ], [ -54.669866, -13.725653 ], [ -54.664898, -13.733364 ], [ -54.663282, -13.745157 ], [ -54.65572, -13.751359 ], [ -54.655308, -13.766401 ], [ -54.650589, -13.768502 ], [ -54.653117, -13.770404 ], [ -54.648196, -13.773135 ], [ -54.639196, -13.78912 ], [ -54.661447, -13.811594 ], [ -54.670012, -13.81566 ], [ -54.690809, -13.821257 ], [ -54.696888, -13.818148 ], [ -54.757247, -13.869533 ], [ -54.996032, -13.750747 ], [ -55.099028, -13.698955 ], [ -55.095443, -13.707377 ], [ -55.082726, -13.716215 ], [ -55.085998, -13.730265 ], [ -55.076919, -13.734398 ], [ -55.071448, -13.741263 ], [ -55.045838, -13.7478 ], [ -55.043809, -13.751142 ], [ -55.048225, -13.75841 ], [ -55.048813, -13.773986 ], [ -55.045914, -13.77805 ], [ -55.031278, -13.779818 ], [ -55.025538, -13.784504 ], [ -55.028751, -13.789951 ], [ -55.021788, -13.795812 ], [ -55.018418, -13.804137 ], [ -55.00572, -13.814515 ], [ -54.995281, -13.822734 ], [ -54.999026, -13.826611 ], [ -54.997027, -13.836771 ], [ -55.000857, -13.843831 ], [ -54.999722, -13.848898 ], [ -54.970947, -13.867007 ], [ -54.978914, -13.878661 ], [ -54.998281, -13.875465 ], [ -55.003916, -13.871647 ], [ -55.014746, -13.875036 ], [ -55.013613, -13.881909 ], [ -54.991943, -13.88829 ], [ -54.971591, -13.879694 ], [ -54.961863, -13.896517 ], [ -54.974009, -13.911226 ], [ -54.97308, -13.930443 ], [ -54.945752, -13.954882 ], [ -54.937364, -13.947311 ], [ -54.934977, -13.934182 ], [ -54.931527, -13.933661 ], [ -54.932617, -13.961385 ], [ -54.926893, -13.967036 ], [ -54.908608, -13.965949 ], [ -54.90548, -13.970048 ], [ -54.906731, -13.977289 ], [ -54.918139, -13.979047 ], [ -54.920392, -13.98212 ], [ -54.917084, -13.988476 ], [ -54.903892, -13.988368 ], [ -54.897248, -13.995645 ], [ -54.898198, -13.999356 ], [ -54.918055, -14.000069 ], [ -54.90784, -14.028946 ], [ -54.911225, -14.035179 ], [ -54.915223, -14.035337 ], [ -54.92617, -14.02657 ], [ -54.93011, -14.028365 ], [ -54.922055, -14.041807 ], [ -54.920365, -14.057007 ], [ -54.926508, -14.076242 ], [ -54.925643, -14.091545 ], [ -54.918783, -14.096399 ], [ -54.910306, -14.092889 ], [ -54.902476, -14.094112 ], [ -54.907281, -14.105525 ], [ -54.905137, -14.108661 ], [ -54.898308, -14.108171 ], [ -54.893774, -14.102197 ], [ -54.886477, -14.104689 ], [ -54.890169, -14.12062 ], [ -54.896864, -14.124725 ], [ -54.885082, -14.143991 ], [ -54.890089, -14.149523 ], [ -54.889252, -14.153684 ], [ -54.872115, -14.165595 ], [ -54.867116, -14.178194 ], [ -54.874988, -14.215193 ], [ -54.897017, -14.220278 ], [ -54.912088, -14.234018 ], [ -54.93534, -14.241444 ], [ -54.956816, -14.228145 ], [ -54.959756, -14.221588 ], [ -54.971382, -14.225457 ], [ -54.982527, -14.224657 ], [ -55.026785, -14.249884 ], [ -55.031843, -14.255997 ], [ -55.035953, -14.250471 ], [ -55.034599, -14.240235 ], [ -55.039676, -14.228903 ], [ -55.069431, -14.204415 ], [ -55.093912, -14.214068 ], [ -55.106244, -14.212057 ], [ -55.120467, -14.203288 ], [ -55.141414, -14.220833 ], [ -55.162651, -14.211283 ], [ -55.184695, -14.223531 ], [ -55.192804, -14.217265 ], [ -55.19909, -14.217631 ], [ -55.21809, -14.23407 ], [ -55.227882, -14.238744 ], [ -55.238054, -14.238821 ], [ -55.241288, -14.240849 ], [ -55.256613, -14.245112 ], [ -55.270431, -14.242567 ], [ -55.300657, -14.240454 ], [ -55.314652, -14.229416 ], [ -55.327402, -14.225362 ], [ -55.345034, -14.169154 ], [ -55.379372, -14.146338 ], [ -55.38247, -14.138978 ], [ -55.396565, -14.126466 ], [ -55.560405, -14.034166 ] ] ] } },
{ "type": "Feature", "properties": { "HREG_ID": "51015", "HREG_NAME": "Vale do Peixoto", "id": "510410", "name": "Guarantã do Norte", "description": "Guarantã do Norte", "MUN_ID": "510410", "UF": "MT", "MACRO_ID": "5103", "MACRO_NAME": "Macrorregião Norte" }, "geometry": { "type": "Polygon", "coordinates": [ [ [ -54.64086, -10.548503 ], [ -54.643358, -10.555866 ], [ -54.647359, -10.559069 ], [ -54.648419, -10.555359 ], [ -54.658006, -10.559335 ], [ -54.661947, -10.557644 ], [ -54.671114, -10.567144 ], [ -54.667776, -10.574007 ], [ -54.67381, -10.576143 ], [ -54.674309, -10.581856 ], [ -54.666864, -10.584611 ], [ -54.671556, -10.593254 ], [ -54.679173, -10.591864 ], [ -54.682804, -10.597153 ], [ -54.683668, -10.592269 ], [ -54.686967, -10.59229 ], [ -54.692861, -10.601306 ], [ -54.696996, -10.598893 ], [ -54.698416, -10.603528 ], [ -54.705113, -10.603948 ], [ -54.706086, -10.609848 ], [ -54.718415, -10.602416 ], [ -54.724169, -10.604727 ], [ -54.722472, -10.609513 ], [ -54.728696, -10.613739 ], [ -54.72836, -10.607295 ], [ -54.734612, -10.604623 ], [ -54.746747, -10.610886 ], [ -54.756945, -10.610508 ], [ -54.765137, -10.605127 ], [ -54.765814, -10.612204 ], [ -54.774333, -10.612898 ], [ -54.785195, -10.618962 ], [ -54.797163, -10.618528 ], [ -54.799326, -10.615626 ], [ -54.797667, -10.618428 ], [ -54.806808, -10.633454 ], [ -54.815749, -10.638412 ], [ -54.81411, -10.647655 ], [ -54.818738, -10.669724 ], [ -54.824637, -10.675791 ], [ -54.834436, -10.678054 ], [ -54.83295, -10.686152 ], [ -54.835953, -10.692385 ], [ -54.841351, -10.694877 ], [ -54.843229, -10.70579 ], [ -54.863457, -10.712141 ], [ -54.867234, -10.720687 ], [ -54.880253, -10.72687 ], [ -54.903524, -10.71684 ], [ -54.916878, -10.722027 ], [ -54.924523, -10.720516 ], [ -54.935457, -10.728102 ], [ -54.942619, -10.725918 ], [ -54.94581, -10.721177 ], [ -54.952735, -10.720851 ], [ -54.955625, -10.716145 ], [ -54.973608, -10.723784 ], [ -54.995701, -10.725527 ], [ -55.079209, -10.722281 ], [ -55.07738, -10.734453 ], [ -55.082476, -10.747014 ], [ -55.101903, -10.753185 ], [ -55.113826, -10.743634 ], [ -55.134911, -10.738989 ], [ -55.139139, -10.732815 ], [ -55.155219, -10.734105 ], [ -55.161532, -10.72355 ], [ -55.163944, -10.706357 ], [ -55.158034, -10.699726 ], [ -55.171726, -10.686116 ], [ -55.175889, -10.672379 ], [ -55.1847, -10.670337 ], [ -55.190675, -10.664207 ], [ -55.188338, -10.65551 ], [ -55.191667, -10.647109 ], [ -55.203027, -10.637836 ], [ -55.203172, -10.630505 ], [ -55.210027, -10.628636 ], [ -55.216117, -10.621867 ], [ -55.21653, -10.60893 ], [ -55.224385, -10.607879 ], [ -55.227896, -10.603634 ], [ -55.228284, -10.595037 ], [ -55.239587, -10.56549 ], [ -55.248552, -10.561449 ], [ -55.249947, -10.556301 ], [ -55.258005, -10.55805 ], [ -55.25864, -10.552624 ], [ -55.2712, -10.551768 ], [ -55.273696, -10.548486 ], [ -55.276584, -10.546677 ], [ -55.282197, -10.540589 ], [ -55.298059, -10.534043 ], [ -55.309665, -10.534809 ], [ -55.320138, -10.520647 ], [ -55.333278, -10.510648 ], [ -55.329999, -10.499913 ], [ -55.334008, -10.490644 ], [ -55.350276, -10.482125 ], [ -55.331221, -10.462986 ], [ -55.322388, -10.463412 ], [ -55.312913, -10.458343 ], [ -55.293693, -10.477225 ], [ -55.263394, -10.481612 ], [ -55.25603, -10.476335 ], [ -55.250866, -10.46399 ], [ -55.241621, -10.457425 ], [ -55.225196, -10.438133 ], [ -55.225393, -10.428003 ], [ -55.220773, -10.416677 ], [ -55.212274, -10.413148 ], [ -55.200528, -10.378184 ], [ -55.196583, -10.378124 ], [ -55.189503, -10.36631 ], [ -55.181112, -10.365509 ], [ -55.167253, -10.354035 ], [ -55.163893, -10.339367 ], [ -55.172473, -10.321907 ], [ -55.169525, -10.31674 ], [ -55.171193, -10.310928 ], [ -55.167999, -10.303918 ], [ -55.155637, -10.301159 ], [ -55.154112, -10.278067 ], [ -55.165082, -10.263087 ], [ -55.16792, -10.233358 ], [ -55.164781, -10.217068 ], [ -55.172555, -10.209664 ], [ -55.184284, -10.212723 ], [ -55.204585, -10.206148 ], [ -55.207279, -10.21121 ], [ -55.204751, -10.225818 ], [ -55.210552, -10.227442 ], [ -55.223222, -10.222528 ], [ -55.218582, -10.212714 ], [ -55.219362, -10.201492 ], [ -55.229361, -10.188365 ], [ -55.227638, -10.174804 ], [ -55.241347, -10.143808 ], [ -55.244248, -10.132231 ], [ -55.229193, -10.118474 ], [ -55.235587, -10.100165 ], [ -55.242857, -10.091306 ], [ -55.266222, -10.112456 ], [ -55.267753, -10.126092 ], [ -55.275361, -10.144712 ], [ -55.292863, -10.154815 ], [ -55.315691, -10.163715 ], [ -55.325257, -10.174947 ], [ -55.333003, -10.172994 ], [ -55.343901, -10.184895 ], [ -55.349556, -10.185968 ], [ -55.362637, -10.173737 ], [ -55.377864, -10.165921 ], [ -55.417055, -10.161573 ], [ -55.423167, -10.152499 ], [ -55.439588, -10.141086 ], [ -55.457004, -10.123152 ], [ -55.479224, -10.124597 ], [ -55.493865, -10.098445 ], [ -55.516811, -10.097457 ], [ -55.523628, -10.092908 ], [ -55.52814, -10.078613 ], [ -55.542222, -10.064499 ], [ -55.546084, -10.06131 ], [ -55.555068, -10.061468 ], [ -55.558427, -10.011154 ], [ -55.555891, -9.998377 ], [ -55.558586, -9.991501 ], [ -55.570895, -9.980988 ], [ -55.575441, -9.969249 ], [ -55.574557, -9.949672 ], [ -55.583891, -9.931347 ], [ -55.605397, -9.911636 ], [ -55.618066, -9.885542 ], [ -55.630334, -9.880452 ], [ -55.64119, -9.880156 ], [ -55.660638, -9.896021 ], [ -55.67242, -9.898349 ], [ -55.679581, -9.88997 ], [ -55.691036, -9.861487 ], [ -55.718152, -9.812971 ], [ -55.725419, -9.795676 ], [ -55.74529, -9.776357 ], [ -55.753163, -9.771272 ], [ -55.765521, -9.769409 ], [ -55.780626, -9.762052 ], [ -55.799583, -9.736438 ], [ -55.814303, -9.73249 ], [ -55.830752, -9.736106 ], [ -55.854906, -9.726349 ], [ -55.86586, -9.71679 ], [ -55.889833, -9.676535 ], [ -55.90303, -9.667182 ], [ -55.91609, -9.646866 ], [ -55.928884, -9.636119 ], [ -55.924255, -9.630846 ], [ -55.933085, -9.613156 ], [ -55.933038, -9.604852 ], [ -55.930641, -9.587062 ], [ -55.925087, -9.584843 ], [ -55.915389, -9.567548 ], [ -55.917637, -9.557359 ], [ -55.907393, -9.564508 ], [ -55.910389, -9.548162 ], [ -55.904188, -9.535605 ], [ -55.895504, -9.527621 ], [ -55.896548, -9.516416 ], [ -55.893224, -9.505991 ], [ -55.895697, -9.501645 ], [ -55.905222, -9.49828 ], [ -55.90781, -9.487033 ], [ -55.903448, -9.452218 ], [ -55.896947, -9.454179 ], [ -55.899744, -9.450106 ], [ -55.894559, -9.448979 ], [ -55.893282, -9.445206 ], [ -55.885552, -9.449387 ], [ -55.87264, -9.44868 ], [ -55.869801, -9.446 ], [ -55.865749, -9.447485 ], [ -55.863752, -9.443306 ], [ -55.862473, -9.449158 ], [ -55.860812, -9.445443 ], [ -55.853276, -9.449709 ], [ -55.853969, -9.442922 ], [ -55.851444, -9.446167 ], [ -55.845552, -9.446058 ], [ -55.838478, -9.454262 ], [ -55.83789, -9.449919 ], [ -55.830333, -9.450023 ], [ -55.816639, -9.441623 ], [ -55.808694, -9.445772 ], [ -55.808778, -9.442794 ], [ -55.799695, -9.442671 ], [ -55.800163, -9.447739 ], [ -55.791387, -9.440082 ], [ -55.603616, -9.455537 ], [ -55.15169, -9.492325 ], [ -54.995103, -9.504938 ], [ -54.859032, -9.515841 ], [ -54.731916, -9.52598 ], [ -54.612974, -9.535424 ], [ -54.294133, -9.558217 ], [ -54.106139, -9.571518 ], [ -53.914717, -9.586161 ], [ -53.839779, -9.591901 ], [ -53.58797, -9.610646 ], [ -53.451145, -9.621028 ], [ -53.132918, -9.644925 ], [ -52.619511, -9.681797 ], [ -52.626697, -9.731781 ], [ -52.647863, -9.76041 ], [ -52.653947, -9.778079 ], [ -52.675226, -9.790225 ], [ -52.686088, -9.790863 ], [ -52.704169, -9.803371 ], [ -52.730014, -9.802753 ], [ -52.746165, -9.817053 ], [ -52.771551, -9.83001 ], [ -52.780848, -9.840858 ], [ -52.797665, -9.878544 ], [ -52.823967, -9.902457 ], [ -52.836016, -9.908736 ], [ -52.846416, -9.913178 ], [ -52.853924, -9.918948 ], [ -52.86214, -9.943737 ], [ -52.890194, -9.96438 ], [ -52.897237, -9.993367 ], [ -52.923499, -10.00819 ], [ -52.944001, -10.025619 ], [ -52.955223, -10.042216 ], [ -52.967687, -10.048338 ], [ -52.980415, -10.05459 ], [ -52.995976, -10.082145 ], [ -52.990734, -10.104742 ], [ -53.0027, -10.138069 ], [ -52.996001, -10.155596 ], [ -52.984946, -10.154486 ], [ -52.980365, -10.160637 ], [ -52.977135, -10.177379 ], [ -52.983552, -10.207917 ], [ -52.979883, -10.22303 ], [ -52.968171, -10.235052 ], [ -52.973362, -10.244115 ], [ -52.971781, -10.252717 ], [ -52.965921, -10.259226 ], [ -52.953921, -10.264008 ], [ -52.954499, -10.290631 ], [ -52.955413, -10.298246 ], [ -52.961525, -10.305225 ], [ -52.99341, -10.312815 ], [ -53.009574, -10.312853 ], [ -53.015304, -10.316583 ], [ -53.046445, -10.36552 ], [ -53.059669, -10.414198 ], [ -53.065337, -10.459132 ], [ -53.083911, -10.506315 ], [ -53.082754, -10.542614 ], [ -53.085949, -10.568152 ], [ -53.082914, -10.571761 ], [ -53.056967, -10.579901 ], [ -53.049783, -10.596455 ], [ -53.050834, -10.607298 ], [ -53.090623, -10.646481 ], [ -53.094448, -10.682805 ], [ -53.082946, -10.696071 ], [ -53.08183, -10.702132 ], [ -53.091809, -10.725077 ], [ -53.098011, -10.776612 ], [ -53.126413, -10.772649 ], [ -53.316279, -10.643498 ], [ -53.432877, -10.599104 ], [ -53.635531, -10.524099 ], [ -53.664802, -10.51531 ], [ -53.741886, -10.540854 ], [ -53.785722, -10.538529 ], [ -53.823887, -10.545891 ], [ -53.860907, -10.562212 ], [ -53.922446, -10.565435 ], [ -53.94316, -10.546348 ], [ -53.975773, -10.514776 ], [ -54.041108, -10.49401 ], [ -54.082341, -10.448098 ], [ -54.093527, -10.446727 ], [ -54.106645, -10.452367 ], [ -54.153335, -10.449193 ], [ -54.177565, -10.439527 ], [ -54.18126, -10.435516 ], [ -54.201002, -10.443506 ], [ -54.215919, -10.438688 ], [ -54.218643, -10.443994 ], [ -54.224722, -10.438075 ], [ -54.246415, -10.433144 ], [ -54.254281, -10.440919 ], [ -54.265365, -10.436679 ], [ -54.264008, -10.439871 ], [ -54.271171, -10.446096 ], [ -54.280837, -10.447501 ], [ -54.289164, -10.454648 ], [ -54.300899, -10.453926 ], [ -54.304468, -10.460422 ], [ -54.313278, -10.456101 ], [ -54.325748, -10.457462 ], [ -54.325899, -10.455215 ], [ -54.333495, -10.45918 ], [ -54.339782, -10.452619 ], [ -54.341529, -10.455737 ], [ -54.351029, -10.455774 ], [ -54.37758, -10.470848 ], [ -54.387741, -10.486905 ], [ -54.39817, -10.493663 ], [ -54.399373, -10.501437 ], [ -54.412802, -10.506147 ], [ -54.409146, -10.510943 ], [ -54.421865, -10.534214 ], [ -54.429442, -10.54236 ], [ -54.430386, -10.539313 ], [ -54.436881, -10.544527 ], [ -54.441721, -10.544144 ], [ -54.444914, -10.551777 ], [ -54.461386, -10.551239 ], [ -54.481608, -10.565729 ], [ -54.48516, -10.564059 ], [ -54.492423, -10.568079 ], [ -54.50392, -10.564167 ], [ -54.518615, -10.571176 ], [ -54.523867, -10.569955 ], [ -54.534666, -10.580108 ], [ -54.532671, -10.588611 ], [ -54.53519, -10.593706 ], [ -54.553252, -10.605735 ], [ -54.560256, -10.598714 ], [ -54.56261, -10.601368 ], [ -54.567586, -10.598775 ], [ -54.569027, -10.592896 ], [ -54.578115, -10.600401 ], [ -54.575944, -10.597212 ], [ -54.584192, -10.595381 ], [ -54.585085, -10.600187 ], [ -54.580503, -10.601787 ], [ -54.582941, -10.605517 ], [ -54.592143, -10.600338 ], [ -54.600336, -10.608377 ], [ -54.604216, -10.601709 ], [ -54.601554, -10.590439 ], [ -54.605418, -10.590196 ], [ -54.604142, -10.577678 ], [ -54.600225, -10.574385 ], [ -54.608141, -10.571089 ], [ -54.605249, -10.564991 ], [ -54.611946, -10.55525 ], [ -54.609665, -10.552334 ], [ -54.613611, -10.55173 ], [ -54.613335, -10.541219 ], [ -54.617302, -10.537465 ], [ -54.61911, -10.54117 ], [ -54.622978, -10.53866 ], [ -54.630258, -10.54605 ], [ -54.633191, -10.543365 ], [ -54.632063, -10.536098 ], [ -54.63911, -10.53706 ], [ -54.643638, -10.54499 ], [ -54.64086, -10.548503 ] ], [ [ -54.534961, -9.963504 ], [ -54.540125, -9.967812 ], [ -54.534961, -9.963505 ], [ -54.534961, -9.963504 ] ] ] } },
{ "type": "Feature", "properties": { "HREG_ID": "51016", "HREG_NAME": "Vale dos Arinos", "id": "510510", "name": "Juara", "description": "Juara", "MUN_ID": "510510", "UF": "MT", "MACRO_ID": "5103", "MACRO_NAME": "Macrorregião Norte" }, "geometry": { "type": "Polygon", "coordinates": [ [ [ -55.972109, -11.625907 ], [ -55.996172, -11.641462 ], [ -56.023835, -11.67892 ], [ -56.050169, -11.688861 ], [ -56.063223, -11.687891 ], [ -56.075114, -11.694817 ], [ -56.077442, -11.701784 ], [ -56.070054, -11.716131 ], [ -56.072115, -11.724102 ], [ -56.091115, -11.752641 ], [ -56.097639, -11.776624 ], [ -56.119172, -11.797012 ], [ -56.107779, -11.817814 ], [ -56.107924, -11.825509 ], [ -56.159945, -11.853722 ], [ -56.162006, -11.860048 ], [ -56.156396, -11.878547 ], [ -56.159309, -11.894317 ], [ -56.164672, -11.899001 ], [ -56.187508, -11.899891 ], [ -56.202253, -11.909515 ], [ -56.209782, -11.920252 ], [ -56.206448, -11.933415 ], [ -56.208866, -11.94056 ], [ -56.242003, -11.961058 ], [ -56.25392, -11.98637 ], [ -56.261337, -12.02487 ], [ -56.287416, -12.059184 ], [ -56.299887, -12.088116 ], [ -56.320283, -12.106374 ], [ -56.323226, -12.11962 ], [ -56.31095, -12.130924 ], [ -56.312501, -12.138445 ], [ -56.351786, -12.158097 ], [ -56.376887, -12.184151 ], [ -56.388612, -12.183806 ], [ -56.402721, -12.161893 ], [ -56.406642, -12.138068 ], [ -56.404944, -12.103353 ], [ -56.408005, -12.088401 ], [ -56.432087, -12.062244 ], [ -56.447839, -12.05338 ], [ -56.444998, -12.032808 ], [ -56.468617, -12.01226 ], [ -56.466087, -12.002691 ], [ -56.470719, -11.992155 ], [ -56.490863, -11.988047 ], [ -56.504839, -11.976921 ], [ -56.534804, -11.987372 ], [ -56.543673, -11.987049 ], [ -56.549842, -11.958443 ], [ -56.559807, -11.948775 ], [ -56.580086, -11.942947 ], [ -56.582143, -11.959692 ], [ -56.58639, -11.966058 ], [ -56.594004, -11.971964 ], [ -56.612333, -11.967696 ], [ -56.633199, -11.974643 ], [ -56.638865, -11.990667 ], [ -56.651865, -11.990436 ], [ -56.662918, -11.983631 ], [ -56.688338, -11.987785 ], [ -56.700283, -11.978198 ], [ -56.714803, -11.975999 ], [ -56.730838, -11.954342 ], [ -56.739562, -11.950832 ], [ -56.748034, -11.9406 ], [ -56.759522, -11.940921 ], [ -56.776083, -11.934471 ], [ -56.775774, -11.928666 ], [ -56.784341, -11.913892 ], [ -56.804194, -11.915637 ], [ -56.810645, -11.912611 ], [ -56.814501, -11.916248 ], [ -56.820256, -11.915286 ], [ -56.823338, -11.921261 ], [ -56.826476, -11.920066 ], [ -56.826395, -11.923877 ], [ -56.832065, -11.925373 ], [ -56.849369, -11.926056 ], [ -56.866645, -11.920751 ], [ -56.875585, -11.924138 ], [ -56.894147, -11.918676 ], [ -56.899363, -11.924329 ], [ -56.911614, -11.927975 ], [ -56.927032, -11.945487 ], [ -56.933391, -11.945908 ], [ -56.954925, -11.958206 ], [ -56.992064, -11.954895 ], [ -57.006779, -11.97054 ], [ -57.081032, -11.978241 ], [ -57.093218, -11.985086 ], [ -57.102192, -11.997834 ], [ -57.117941, -12.00294 ], [ -57.125117, -12.001552 ], [ -57.134837, -12.008323 ], [ -57.143556, -12.007845 ], [ -57.155282, -11.980473 ], [ -57.165673, -11.970277 ], [ -57.168759, -11.941226 ], [ -57.189804, -11.902226 ], [ -57.199615, -11.850252 ], [ -57.21348, -11.840518 ], [ -57.240002, -11.832633 ], [ -57.248559, -11.815845 ], [ -57.267031, -11.804079 ], [ -57.283419, -11.785493 ], [ -57.298258, -11.775121 ], [ -57.312284, -11.760798 ], [ -57.342204, -11.779013 ], [ -57.352112, -11.779722 ], [ -57.359035, -11.776318 ], [ -57.368754, -11.749551 ], [ -57.358391, -11.744536 ], [ -57.355199, -11.731584 ], [ -57.368589, -11.715488 ], [ -57.378, -11.725044 ], [ -57.391143, -11.732103 ], [ -57.400805, -11.731887 ], [ -57.410018, -11.727098 ], [ -57.415536, -11.744042 ], [ -57.39689, -11.792372 ], [ -57.395725, -11.822935 ], [ -57.399061, -11.838846 ], [ -57.403539, -11.84463 ], [ -57.417286, -11.849854 ], [ -57.433838, -11.866405 ], [ -57.435367, -11.880728 ], [ -57.430028, -11.890296 ], [ -57.437701, -11.90932 ], [ -57.43314, -11.929926 ], [ -57.427255, -11.939085 ], [ -57.424886, -11.959809 ], [ -57.423922, -11.975769 ], [ -57.428594, -11.995929 ], [ -57.410359, -12.018023 ], [ -57.408952, -12.028109 ], [ -57.420637, -12.051605 ], [ -57.420757, -12.060247 ], [ -57.413917, -12.072111 ], [ -57.411389, -12.090744 ], [ -57.399724, -12.100254 ], [ -57.463698, -12.092471 ], [ -57.478141, -12.084809 ], [ -57.499577, -12.086571 ], [ -57.516644, -12.083786 ], [ -57.536168, -12.071345 ], [ -57.538335, -12.064323 ], [ -57.543814, -12.063949 ], [ -57.5879, -12.084202 ], [ -57.596283, -12.094324 ], [ -57.613614, -12.100926 ], [ -57.614756, -12.125747 ], [ -57.634086, -12.13715 ], [ -57.651954, -12.136915 ], [ -57.669723, -12.151705 ], [ -57.678976, -12.167868 ], [ -57.687752, -12.175259 ], [ -57.70131, -12.178101 ], [ -57.712621, -12.186503 ], [ -57.724008, -12.196599 ], [ -57.731394, -12.208878 ], [ -57.738, -12.196797 ], [ -57.739501, -12.181339 ], [ -57.74776, -12.173325 ], [ -57.774534, -12.171103 ], [ -57.783532, -12.167404 ], [ -57.79147, -12.149857 ], [ -57.802725, -12.140006 ], [ -57.810113, -12.138823 ], [ -57.827946, -12.144603 ], [ -57.831004, -12.141433 ], [ -57.831561, -12.132536 ], [ -57.828035, -12.125061 ], [ -57.835418, -12.125916 ], [ -57.849196, -12.113546 ], [ -57.872066, -12.113839 ], [ -57.877033, -12.096542 ], [ -57.877198, -12.090172 ], [ -57.868817, -12.080247 ], [ -57.86898, -12.039776 ], [ -57.863224, -12.020903 ], [ -57.86623, -12.010032 ], [ -57.854947, -11.996721 ], [ -57.855615, -11.989459 ], [ -57.86692, -11.98378 ], [ -57.877757, -11.986964 ], [ -57.883535, -11.985365 ], [ -57.889063, -11.960173 ], [ -57.888138, -11.954044 ], [ -57.879842, -11.949051 ], [ -57.880529, -11.940644 ], [ -57.890418, -11.93428 ], [ -57.913946, -11.929056 ], [ -57.913953, -11.924972 ], [ -57.899644, -11.921118 ], [ -57.900341, -11.918619 ], [ -57.923872, -11.905902 ], [ -57.919006, -11.886157 ], [ -57.938789, -11.872604 ], [ -57.95748, -11.850039 ], [ -57.957249, -11.827795 ], [ -57.966921, -11.812362 ], [ -57.987893, -11.796003 ], [ -58.002876, -11.792583 ], [ -58.013002, -11.785541 ], [ -58.040619, -11.746932 ], [ -58.042226, -11.737852 ], [ -58.034391, -11.722422 ], [ -58.035758, -11.71629 ], [ -58.049806, -11.707657 ], [ -58.060172, -11.706284 ], [ -58.065702, -11.697431 ], [ -58.058769, -11.680213 ], [ -58.055281, -11.643859 ], [ -58.057805, -11.636364 ], [ -58.070255, -11.632949 ], [ -58.072779, -11.628639 ], [ -58.065393, -11.614112 ], [ -58.06678, -11.605255 ], [ -58.090006, -11.580044 ], [ -58.105898, -11.576851 ], [ -58.114539, -11.566877 ], [ -58.115751, -11.549599 ], [ -58.125204, -11.538926 ], [ -58.128415, -11.526661 ], [ -58.133693, -11.52212 ], [ -58.156721, -11.520964 ], [ -58.168897, -11.503465 ], [ -58.166809, -11.497344 ], [ -58.138036, -11.474901 ], [ -58.130415, -11.464681 ], [ -58.130559, -11.45942 ], [ -58.130864, -11.453786 ], [ -58.144669, -11.431298 ], [ -58.144642, -11.421992 ], [ -58.140504, -11.407693 ], [ -58.131504, -11.396806 ], [ -58.129892, -11.380468 ], [ -58.123422, -11.370026 ], [ -58.12225, -11.350507 ], [ -58.109148, -11.344275 ], [ -58.117416, -11.331669 ], [ -58.115555, -11.293753 ], [ -58.123592, -11.28308 ], [ -58.146366, -11.279887 ], [ -58.171889, -11.297568 ], [ -58.18064, -11.298236 ], [ -58.186397, -11.284611 ], [ -58.184054, -11.277806 ], [ -58.186363, -11.270994 ], [ -58.213474, -11.258248 ], [ -58.222647, -11.228503 ], [ -58.242867, -11.203282 ], [ -58.262175, -11.199169 ], [ -58.261001, -11.184873 ], [ -58.26375, -11.17874 ], [ -58.248555, -11.155833 ], [ -58.236362, -11.148348 ], [ -58.234054, -11.142682 ], [ -58.236313, -11.107038 ], [ -58.240897, -11.089776 ], [ -58.238331, -11.066177 ], [ -58.250031, -11.057985 ], [ -58.261058, -11.043901 ], [ -58.264472, -11.025052 ], [ -58.279943, -11.016183 ], [ -58.292723, -11.022298 ], [ -58.297784, -11.019794 ], [ -58.3202, -10.983794 ], [ -58.319009, -10.969034 ], [ -58.329556, -10.963332 ], [ -58.341922, -10.949214 ], [ -58.341173, -10.92469 ], [ -58.334699, -10.911315 ], [ -58.342035, -10.901513 ], [ -58.345168, -10.877441 ], [ -58.35709, -10.861966 ], [ -58.354054, -10.849482 ], [ -58.345104, -10.834346 ], [ -58.332865, -10.822279 ], [ -58.329336, -10.794358 ], [ -58.353423, -10.757723 ], [ -58.353829, -10.756927 ], [ -58.371166, -10.722929 ], [ -58.366752, -10.698186 ], [ -58.373593, -10.676595 ], [ -58.390283, -10.648609 ], [ -58.383334, -10.629323 ], [ -58.384226, -10.620691 ], [ -58.387867, -10.611146 ], [ -58.418974, -10.568363 ], [ -58.410672, -10.554083 ], [ -58.40647, -10.535005 ], [ -58.38003, -10.512597 ], [ -58.365061, -10.4931 ], [ -58.34459, -10.46999 ], [ -58.342944, -10.463858 ], [ -58.346804, -10.447267 ], [ -58.334839, -10.426402 ], [ -58.335952, -10.410274 ], [ -58.292239, -10.452891 ], [ -58.278361, -10.441286 ], [ -58.26133, -10.43687 ], [ -58.254053, -10.439535 ], [ -58.226646, -10.419659 ], [ -58.203804, -10.408469 ], [ -58.197774, -10.407944 ], [ -58.164616, -10.420235 ], [ -58.152505, -10.412598 ], [ -58.131135, -10.408655 ], [ -58.091947, -10.390629 ], [ -58.068555, -10.384322 ], [ -58.046088, -10.383996 ], [ -58.037087, -10.390483 ], [ -58.009611, -10.395831 ], [ -58.00764, -10.428728 ], [ -58.002976, -10.433189 ], [ -57.94006, -10.421457 ], [ -57.915478, -10.404356 ], [ -57.902877, -10.399617 ], [ -57.8877, -10.40481 ], [ -57.849064, -10.384421 ], [ -57.834722, -10.386978 ], [ -57.787198, -10.370406 ], [ -57.772006, -10.375208 ], [ -57.741534, -10.35489 ], [ -57.707228, -10.350666 ], [ -57.683612, -10.343628 ], [ -57.681391, -10.340077 ], [ -57.679857, -10.317246 ], [ -57.676586, -10.313396 ], [ -57.670061, -10.317585 ], [ -57.658832, -10.302641 ], [ -57.656922, -10.311198 ], [ -57.646587, -10.314213 ], [ -57.633342, -10.304932 ], [ -57.625306, -10.307387 ], [ -57.603415, -10.299543 ], [ -57.598501, -10.284892 ], [ -57.604144, -10.279284 ], [ -57.598617, -10.274031 ], [ -57.599056, -10.262077 ], [ -57.604508, -10.254255 ], [ -57.603075, -10.24859 ], [ -57.585935, -10.249156 ], [ -57.578894, -10.26054 ], [ -57.568543, -10.265881 ], [ -57.556084, -10.266894 ], [ -57.549536, -10.275104 ], [ -57.540876, -10.276342 ], [ -57.525308, -10.27002 ], [ -57.508387, -10.272791 ], [ -57.497191, -10.270934 ], [ -57.489586, -10.26439 ], [ -57.479559, -10.264835 ], [ -57.468184, -10.25652 ], [ -57.454256, -10.253036 ], [ -57.428789, -10.266426 ], [ -57.420827, -10.266106 ], [ -57.408509, -10.272965 ], [ -57.38756, -10.278445 ], [ -57.364839, -10.279695 ], [ -57.352819, -10.285692 ], [ -57.332919, -10.276654 ], [ -57.312198, -10.279816 ], [ -57.296632, -10.271004 ], [ -57.275077, -10.270725 ], [ -57.252201, -10.28539 ], [ -57.239918, -10.300838 ], [ -57.229184, -10.293143 ], [ -57.212225, -10.293121 ], [ -57.193539, -10.302357 ], [ -57.181617, -10.314232 ], [ -57.161903, -10.325138 ], [ -57.15776, -10.314576 ], [ -57.153692, -10.31213 ], [ -57.125904, -10.309067 ], [ -57.09865, -10.315623 ], [ -57.091451, -10.312981 ], [ -57.089784, -10.307625 ], [ -57.075756, -10.303231 ], [ -57.059663, -10.310508 ], [ -57.050567, -10.311171 ], [ -57.031773, -10.299901 ], [ -56.995644, -10.291954 ], [ -56.987732, -10.293094 ], [ -56.964059, -10.284896 ], [ -56.969613, -10.312923 ], [ -56.957321, -10.318143 ], [ -56.965022, -10.322123 ], [ -56.979449, -10.321982 ], [ -56.984054, -10.327376 ], [ -56.978416, -10.357787 ], [ -56.962225, -10.362394 ], [ -56.94695, -10.367595 ], [ -56.931139, -10.367069 ], [ -56.925474, -10.37074 ], [ -56.913557, -10.368593 ], [ -56.861917, -10.37564 ], [ -56.848613, -10.373724 ], [ -56.826526, -10.384115 ], [ -56.811415, -10.383581 ], [ -56.803498, -10.392932 ], [ -56.801639, -10.41243 ], [ -56.786726, -10.408486 ], [ -56.785723, -10.42503 ], [ -56.771362, -10.429689 ], [ -56.763781, -10.427723 ], [ -56.759393, -10.449046 ], [ -56.750578, -10.46068 ], [ -56.74192, -10.463702 ], [ -56.728975, -10.475138 ], [ -56.715694, -10.472992 ], [ -56.711032, -10.488892 ], [ -56.715615, -10.49292 ], [ -56.709295, -10.499518 ], [ -56.71086, -10.507482 ], [ -56.707109, -10.514234 ], [ -56.696727, -10.523038 ], [ -56.692947, -10.522284 ], [ -56.689127, -10.532107 ], [ -56.682921, -10.532673 ], [ -56.681673, -10.544154 ], [ -56.671643, -10.54675 ], [ -56.670778, -10.549368 ], [ -56.674668, -10.551087 ], [ -56.66686, -10.555895 ], [ -56.648281, -10.58424 ], [ -56.623837, -10.600151 ], [ -56.614287, -10.595696 ], [ -56.613533, -10.598593 ], [ -56.599587, -10.600552 ], [ -56.582756, -10.599822 ], [ -56.556919, -10.614656 ], [ -56.552224, -10.613953 ], [ -56.545611, -10.620989 ], [ -56.545413, -10.626971 ], [ -56.537583, -10.624777 ], [ -56.524251, -10.638569 ], [ -56.499247, -10.646393 ], [ -56.467248, -10.666717 ], [ -56.445224, -10.674044 ], [ -56.432149, -10.682974 ], [ -56.414032, -10.699944 ], [ -56.402724, -10.769414 ], [ -56.404175, -10.799911 ], [ -56.443498, -10.846684 ], [ -56.456532, -10.849171 ], [ -56.467696, -10.860165 ], [ -56.498533, -10.87279 ], [ -56.507563, -10.882789 ], [ -56.522337, -10.912407 ], [ -56.53667, -10.926161 ], [ -56.548839, -10.929545 ], [ -56.550529, -10.944363 ], [ -56.560891, -10.951305 ], [ -56.559583, -10.958783 ], [ -56.544806, -10.971364 ], [ -56.547803, -10.975412 ], [ -56.562754, -10.979597 ], [ -56.580086, -10.995761 ], [ -56.581556, -11.002615 ], [ -56.592449, -11.005277 ], [ -56.601305, -11.012067 ], [ -56.614889, -11.034492 ], [ -56.615809, -11.042413 ], [ -56.612309, -11.049047 ], [ -56.580449, -11.055118 ], [ -56.557698, -11.053198 ], [ -56.542309, -11.064276 ], [ -56.522145, -11.068535 ], [ -56.51164, -11.074351 ], [ -56.497721, -11.099115 ], [ -56.45876, -11.099647 ], [ -56.443644, -11.107021 ], [ -56.404, -11.087033 ], [ -56.384219, -11.087762 ], [ -56.361149, -11.093141 ], [ -56.321585, -11.099799 ], [ -56.294943, -11.099074 ], [ -56.252033, -11.111053 ], [ -56.200101, -11.14007 ], [ -56.178572, -11.144275 ], [ -56.156228, -11.154101 ], [ -56.141169, -11.153031 ], [ -56.130422, -11.161617 ], [ -56.088193, -11.176852 ], [ -56.073276, -11.179132 ], [ -56.039885, -11.198798 ], [ -56.026527, -11.211168 ], [ -56.002359, -11.212253 ], [ -55.995391, -11.218289 ], [ -55.943148, -11.239579 ], [ -55.867859, -11.270929 ], [ -55.825975, -11.302545 ], [ -55.817056, -11.305772 ], [ -55.814304, -11.318304 ], [ -55.829116, -11.321131 ], [ -55.83075, -11.341689 ], [ -55.808173, -11.376191 ], [ -55.799053, -11.384381 ], [ -55.785265, -11.427873 ], [ -55.787417, -11.442828 ], [ -55.827726, -11.481915 ], [ -55.831725, -11.492373 ], [ -55.832891, -11.546375 ], [ -55.841618, -11.558637 ], [ -55.856391, -11.565011 ], [ -55.857874, -11.576408 ], [ -55.897956, -11.589859 ], [ -55.916287, -11.608426 ], [ -55.924362, -11.610462 ], [ -55.945854, -11.589405 ], [ -55.952481, -11.589496 ], [ -55.958669, -11.596362 ], [ -55.958249, -11.607134 ], [ -55.967592, -11.619504 ], [ -55.972109, -11.625907 ] ] ] } }
]
}
