estado_abrev,regional_id,regional_nome,municipio_id_sdv,ano
RO,11001,Vale do Jamari,110002,2019
RO,11001,Vale do Jamari,110013,2019
RO,11001,Vale do Jamari,110026,2019
RO,11001,Vale do Jamari,110040,2019
RO,11001,Vale do Jamari,110045,2019
RO,11001,Vale do Jamari,110060,2019
RO,11001,Vale do Jamari,110070,2019
RO,11001,Vale do Jamari,110094,2019
RO,11001,Vale do Jamari,110140,2019
RO,11002,Café,110004,2019
RO,11002,Café,110009,2019
RO,11002,Café,110018,2019
RO,11002,Café,110120,2019
RO,11002,Café,110147,2019
RO,11002,Café,110148,2019
RO,11003,Central,110011,2019
RO,11003,Central,110012,2019
RO,11003,Central,110015,2019
RO,11003,Central,110025,2019
RO,11003,Central,110032,2019
RO,11003,Central,110034,2019
RO,11003,Central,110100,2019
RO,11003,Central,110130,2019
RO,11003,Central,110143,2019
RO,11003,Central,110155,2019
RO,11003,Central,110160,2019
RO,11003,Central,110170,2019
RO,11003,Central,110175,2019
RO,11003,Central,110180,2019
RO,11004,Madeira-Mamoré,110010,2019
RO,11004,Madeira-Mamoré,110020,2019
RO,11004,Madeira-Mamoré,110033,2019
RO,11004,Madeira-Mamoré,110080,2019
RO,11004,Madeira-Mamoré,110110,2019
RO,11005,Zona da Mata,110001,2019
RO,11005,Zona da Mata,110014,2019
RO,11005,Zona da Mata,110028,2019
RO,11005,Zona da Mata,110029,2019
RO,11005,Zona da Mata,110037,2019
RO,11005,Zona da Mata,110050,2019
RO,11005,Zona da Mata,110090,2019
RO,11005,Zona da Mata,110145,2019
RO,11006,Cone Sul,110003,2019
RO,11006,Cone Sul,110005,2019
RO,11006,Cone Sul,110006,2019
RO,11006,Cone Sul,110007,2019
RO,11006,Cone Sul,110030,2019
RO,11006,Cone Sul,110092,2019
RO,11006,Cone Sul,110146,2019
RO,11007,Vale do Guaporé,110008,2019
RO,11007,Vale do Guaporé,110149,2019
RO,11007,Vale do Guaporé,110150,2019
AC,12001,Alto Acre,120005,2019
AC,12001,Alto Acre,120010,2019
AC,12001,Alto Acre,120025,2019
AC,12001,Alto Acre,120070,2019
AC,12002,Baixo Acre e Purus,120001,2019
AC,12002,Baixo Acre e Purus,120013,2019
AC,12002,Baixo Acre e Purus,120017,2019
AC,12002,Baixo Acre e Purus,120032,2019
AC,12002,Baixo Acre e Purus,120034,2019
AC,12002,Baixo Acre e Purus,120038,2019
AC,12002,Baixo Acre e Purus,120040,2019
AC,12002,Baixo Acre e Purus,120043,2019
AC,12002,Baixo Acre e Purus,120045,2019
AC,12002,Baixo Acre e Purus,120050,2019
AC,12002,Baixo Acre e Purus,120080,2019
AC,12003,Juruá e Tarauacá/Envira,120020,2019
AC,12003,Juruá e Tarauacá/Envira,120030,2019
AC,12003,Juruá e Tarauacá/Envira,120033,2019
AC,12003,Juruá e Tarauacá/Envira,120035,2019
AC,12003,Juruá e Tarauacá/Envira,120039,2019
AC,12003,Juruá e Tarauacá/Envira,120042,2019
AC,12003,Juruá e Tarauacá/Envira,120060,2019
AM,13001,"Manaus, Entorno e Alto Rio Negro",130030,2019
AM,13001,"Manaus, Entorno e Alto Rio Negro",130040,2019
AM,13001,"Manaus, Entorno e Alto Rio Negro",130110,2019
AM,13001,"Manaus, Entorno e Alto Rio Negro",130115,2019
AM,13001,"Manaus, Entorno e Alto Rio Negro",130185,2019
AM,13001,"Manaus, Entorno e Alto Rio Negro",130255,2019
AM,13001,"Manaus, Entorno e Alto Rio Negro",130260,2019
AM,13001,"Manaus, Entorno e Alto Rio Negro",130310,2019
AM,13001,"Manaus, Entorno e Alto Rio Negro",130353,2019
AM,13001,"Manaus, Entorno e Alto Rio Negro",130356,2019
AM,13001,"Manaus, Entorno e Alto Rio Negro",130360,2019
AM,13001,"Manaus, Entorno e Alto Rio Negro",130380,2019
AM,13002,Rio Negro e Solimões,130008,2019
AM,13002,Rio Negro e Solimões,130010,2019
AM,13002,Rio Negro e Solimões,130063,2019
AM,13002,Rio Negro e Solimões,130083,2019
AM,13002,Rio Negro e Solimões,130120,2019
AM,13002,Rio Negro e Solimões,130130,2019
AM,13002,Rio Negro e Solimões,130250,2019
AM,13002,Rio Negro e Solimões,130320,2019
AM,13003,Rio Madeira,130014,2019
AM,13003,Rio Madeira,130080,2019
AM,13003,Rio Madeira,130170,2019
AM,13003,Rio Madeira,130270,2019
AM,13003,Rio Madeira,130330,2019
AM,13004,Médio Amazonas,130190,2019
AM,13004,Médio Amazonas,130200,2019
AM,13004,Médio Amazonas,130395,2019
AM,13004,Médio Amazonas,130400,2019
AM,13004,Médio Amazonas,130430,2019
AM,13004,Médio Amazonas,130440,2019
AM,13005,Baixo Amazonas,130050,2019
AM,13005,Baixo Amazonas,130068,2019
AM,13005,Baixo Amazonas,130290,2019
AM,13005,Baixo Amazonas,130300,2019
AM,13005,Baixo Amazonas,130340,2019
AM,13006,Regional Purus,130070,2019
AM,13006,Regional Purus,130090,2019
AM,13006,Regional Purus,130240,2019
AM,13006,Regional Purus,130350,2019
AM,13006,Regional Purus,130410,2019
AM,13007,Regional Juruá,130100,2019
AM,13007,Regional Juruá,130140,2019
AM,13007,Regional Juruá,130150,2019
AM,13007,Regional Juruá,130165,2019
AM,13007,Regional Juruá,130180,2019
AM,13007,Regional Juruá,130195,2019
AM,13008,Triângulo,130002,2019
AM,13008,Triângulo,130210,2019
AM,13008,Triângulo,130220,2019
AM,13008,Triângulo,130280,2019
AM,13008,Triângulo,130420,2019
AM,13008,Triângulo,130426,2019
AM,13009,Alto Solimões,130006,2019
AM,13009,Alto Solimões,130020,2019
AM,13009,Alto Solimões,130060,2019
AM,13009,Alto Solimões,130160,2019
AM,13009,Alto Solimões,130230,2019
AM,13009,Alto Solimões,130370,2019
AM,13009,Alto Solimões,130390,2019
AM,13009,Alto Solimões,130406,2019
AM,13009,Alto Solimões,130423,2019
RR,14001,Centro Norte,140002,2019
RR,14001,Centro Norte,140005,2019
RR,14001,Centro Norte,140010,2019
RR,14001,Centro Norte,140015,2019
RR,14001,Centro Norte,140017,2019
RR,14001,Centro Norte,140030,2019
RR,14001,Centro Norte,140040,2019
RR,14001,Centro Norte,140045,2019
RR,14001,Centro Norte,140070,2019
RR,14002,Sul,140020,2019
RR,14002,Sul,140023,2019
RR,14002,Sul,140028,2019
RR,14002,Sul,140047,2019
RR,14002,Sul,140050,2019
RR,14002,Sul,140060,2019
PA,15001,Araguaia,150034,2019
PA,15001,Araguaia,150125,2019
PA,15001,Araguaia,150270,2019
PA,15001,Araguaia,150276,2019
PA,15001,Araguaia,150304,2019
PA,15001,Araguaia,150543,2019
PA,15001,Araguaia,150555,2019
PA,15001,Araguaia,150613,2019
PA,15001,Araguaia,150616,2019
PA,15001,Araguaia,150658,2019
PA,15001,Araguaia,150670,2019
PA,15001,Araguaia,150730,2019
PA,15001,Araguaia,150775,2019
PA,15001,Araguaia,150808,2019
PA,15001,Araguaia,150840,2019
PA,15002,Baixo Amazonas,150040,2019
PA,15002,Baixo Amazonas,150050,2019
PA,15002,Baixo Amazonas,150145,2019
PA,15002,Baixo Amazonas,150285,2019
PA,15002,Baixo Amazonas,150300,2019
PA,15002,Baixo Amazonas,150390,2019
PA,15002,Baixo Amazonas,150475,2019
PA,15002,Baixo Amazonas,150480,2019
PA,15002,Baixo Amazonas,150510,2019
PA,15002,Baixo Amazonas,150530,2019
PA,15002,Baixo Amazonas,150565,2019
PA,15002,Baixo Amazonas,150600,2019
PA,15002,Baixo Amazonas,150680,2019
PA,15002,Baixo Amazonas,150797,2019
PA,15003,Carajás,150013,2019
PA,15003,Carajás,150157,2019
PA,15003,Carajás,150175,2019
PA,15003,Carajás,150215,2019
PA,15003,Carajás,150277,2019
PA,15003,Carajás,150293,2019
PA,15003,Carajás,150295,2019
PA,15003,Carajás,150370,2019
PA,15003,Carajás,150420,2019
PA,15003,Carajás,150497,2019
PA,15003,Carajás,150549,2019
PA,15003,Carajás,150553,2019
PA,15003,Carajás,150563,2019
PA,15003,Carajás,150618,2019
PA,15003,Carajás,150715,2019
PA,15003,Carajás,150745,2019
PA,15003,Carajás,150750,2019
PA,15004,Lago de Tucuruí,150178,2019
PA,15004,Lago de Tucuruí,150309,2019
PA,15004,Lago de Tucuruí,150380,2019
PA,15004,Lago de Tucuruí,150506,2019
PA,15004,Lago de Tucuruí,150795,2019
PA,15004,Lago de Tucuruí,150810,2019
PA,15006,Metropolitana I,150080,2019
PA,15006,Metropolitana I,150140,2019
PA,15006,Metropolitana I,150150,2019
PA,15006,Metropolitana I,150442,2019
PA,15006,Metropolitana I,150635,2019
PA,15007,Metropolitana II,150020,2019
PA,15007,Metropolitana II,150190,2019
PA,15007,Metropolitana II,150260,2019
PA,15007,Metropolitana II,150275,2019
PA,15007,Metropolitana II,150650,2019
PA,15007,Metropolitana II,150700,2019
PA,15007,Metropolitana II,150710,2019
PA,15007,Metropolitana II,150800,2019
PA,15007,Metropolitana II,150820,2019
PA,15008,Metropolitana III,150095,2019
PA,15008,Metropolitana III,150230,2019
PA,15008,Metropolitana III,150240,2019
PA,15008,Metropolitana III,150290,2019
PA,15008,Metropolitana III,150307,2019
PA,15008,Metropolitana III,150320,2019
PA,15008,Metropolitana III,150340,2019
PA,15008,Metropolitana III,150345,2019
PA,15008,Metropolitana III,150350,2019
PA,15008,Metropolitana III,150405,2019
PA,15008,Metropolitana III,150410,2019
PA,15008,Metropolitana III,150430,2019
PA,15008,Metropolitana III,150440,2019
PA,15008,Metropolitana III,150495,2019
PA,15008,Metropolitana III,150550,2019
PA,15008,Metropolitana III,150660,2019
PA,15008,Metropolitana III,150720,2019
PA,15008,Metropolitana III,150740,2019
PA,15008,Metropolitana III,150746,2019
PA,15008,Metropolitana III,150760,2019
PA,15008,Metropolitana III,150796,2019
PA,15008,Metropolitana III,150812,2019
PA,15009,Rio Caetés,150090,2019
PA,15009,Rio Caetés,150160,2019
PA,15009,Rio Caetés,150170,2019
PA,15009,Rio Caetés,150195,2019
PA,15009,Rio Caetés,150220,2019
PA,15009,Rio Caetés,150500,2019
PA,15009,Rio Caetés,150540,2019
PA,15009,Rio Caetés,150560,2019
PA,15009,Rio Caetés,150610,2019
PA,15009,Rio Caetés,150611,2019
PA,15009,Rio Caetés,150620,2019
PA,15009,Rio Caetés,150655,2019
PA,15009,Rio Caetés,150690,2019
PA,15009,Rio Caetés,150747,2019
PA,15009,Rio Caetés,150803,2019
PA,15009,Rio Caetés,150830,2019
PA,15010,Tapajós,150100,2019
PA,15010,Tapajós,150360,2019
PA,15010,Tapajós,150375,2019
PA,15010,Tapajós,150503,2019
PA,15010,Tapajós,150619,2019
PA,15010,Tapajós,150805,2019
PA,15011,Tocantins,150010,2019
PA,15011,Tocantins,150120,2019
PA,15011,Tocantins,150130,2019
PA,15011,Tocantins,150210,2019
PA,15011,Tocantins,150330,2019
PA,15011,Tocantins,150400,2019
PA,15011,Tocantins,150460,2019
PA,15011,Tocantins,150470,2019
PA,15011,Tocantins,150520,2019
PA,15012,Xingu,150060,2019
PA,15012,Xingu,150085,2019
PA,15012,Xingu,150172,2019
PA,15012,Xingu,150445,2019
PA,15012,Xingu,150548,2019
PA,15012,Xingu,150590,2019
PA,15012,Xingu,150780,2019
PA,15012,Xingu,150815,2019
PA,15012,Xingu,150835,2019
PA,15013,Marajó I,150030,2019
PA,15013,Marajó I,150200,2019
PA,15013,Marajó I,150250,2019
PA,15013,Marajó I,150490,2019
PA,15013,Marajó I,150570,2019
PA,15013,Marajó I,150630,2019
PA,15013,Marajó I,150640,2019
PA,15013,Marajó I,150770,2019
PA,15013,Marajó I,150790,2019
PA,15014,Marajó II,150070,2019
PA,15014,Marajó II,150110,2019
PA,15014,Marajó II,150180,2019
PA,15014,Marajó II,150280,2019
PA,15014,Marajó II,150310,2019
PA,15014,Marajó II,150450,2019
PA,15014,Marajó II,150580,2019
AP,16001,Área Central,160005,2019
AP,16001,Área Central,160015,2019
AP,16001,Área Central,160021,2019
AP,16001,Área Central,160023,2019
AP,16001,Área Central,160025,2019
AP,16001,Área Central,160030,2019
AP,16001,Área Central,160053,2019
AP,16002,Área Norte,160010,2019
AP,16002,Área Norte,160020,2019
AP,16002,Área Norte,160050,2019
AP,16002,Área Norte,160055,2019
AP,16002,Área Norte,160070,2019
AP,16003,Área Sudoeste,160027,2019
AP,16003,Área Sudoeste,160040,2019
AP,16003,Área Sudoeste,160060,2019
AP,16003,Área Sudoeste,160080,2019
TO,17001,Médio Norte Araguaia,170130,2019
TO,17001,Médio Norte Araguaia,170210,2019
TO,17001,Médio Norte Araguaia,170215,2019
TO,17001,Médio Norte Araguaia,170300,2019
TO,17001,Médio Norte Araguaia,170307,2019
TO,17001,Médio Norte Araguaia,170384,2019
TO,17001,Médio Norte Araguaia,170388,2019
TO,17001,Médio Norte Araguaia,170650,2019
TO,17001,Médio Norte Araguaia,170770,2019
TO,17001,Médio Norte Araguaia,170900,2019
TO,17001,Médio Norte Araguaia,171395,2019
TO,17001,Médio Norte Araguaia,171488,2019
TO,17001,Médio Norte Araguaia,171630,2019
TO,17001,Médio Norte Araguaia,171720,2019
TO,17001,Médio Norte Araguaia,171886,2019
TO,17001,Médio Norte Araguaia,172208,2019
TO,17001,Médio Norte Araguaia,172210,2019
TO,17002,Bico do Papagaio,170030,2019
TO,17002,Bico do Papagaio,170100,2019
TO,17002,Bico do Papagaio,170105,2019
TO,17002,Bico do Papagaio,170220,2019
TO,17002,Bico do Papagaio,170255,2019
TO,17002,Bico do Papagaio,170290,2019
TO,17002,Bico do Papagaio,170380,2019
TO,17002,Bico do Papagaio,170382,2019
TO,17002,Bico do Papagaio,170389,2019
TO,17002,Bico do Papagaio,170740,2019
TO,17002,Bico do Papagaio,171070,2019
TO,17002,Bico do Papagaio,171245,2019
TO,17002,Bico do Papagaio,171280,2019
TO,17002,Bico do Papagaio,171380,2019
TO,17002,Bico do Papagaio,171430,2019
TO,17002,Bico do Papagaio,171830,2019
TO,17002,Bico do Papagaio,171855,2019
TO,17002,Bico do Papagaio,171880,2019
TO,17002,Bico do Papagaio,172000,2019
TO,17002,Bico do Papagaio,172010,2019
TO,17002,Bico do Papagaio,172020,2019
TO,17002,Bico do Papagaio,172030,2019
TO,17002,Bico do Papagaio,172080,2019
TO,17002,Bico do Papagaio,172120,2019
TO,17003,Sudeste,170040,2019
TO,17003,Sudeste,170240,2019
TO,17003,Sudeste,170270,2019
TO,17003,Sudeste,170555,2019
TO,17003,Sudeste,170560,2019
TO,17003,Sudeste,170700,2019
TO,17003,Sudeste,171215,2019
TO,17003,Sudeste,171515,2019
TO,17003,Sudeste,171525,2019
TO,17003,Sudeste,171620,2019
TO,17003,Sudeste,171780,2019
TO,17003,Sudeste,171800,2019
TO,17003,Sudeste,171865,2019
TO,17003,Sudeste,172090,2019
TO,17003,Sudeste,172093,2019
TO,17004,Cerrado Tocantins Araguaia,170230,2019
TO,17004,Cerrado Tocantins Araguaia,170305,2019
TO,17004,Cerrado Tocantins Araguaia,170320,2019
TO,17004,Cerrado Tocantins Araguaia,170330,2019
TO,17004,Cerrado Tocantins Araguaia,170360,2019
TO,17004,Cerrado Tocantins Araguaia,170410,2019
TO,17004,Cerrado Tocantins Araguaia,170550,2019
TO,17004,Cerrado Tocantins Araguaia,170600,2019
TO,17004,Cerrado Tocantins Araguaia,170830,2019
TO,17004,Cerrado Tocantins Araguaia,170930,2019
TO,17004,Cerrado Tocantins Araguaia,171050,2019
TO,17004,Cerrado Tocantins Araguaia,171090,2019
TO,17004,Cerrado Tocantins Araguaia,171110,2019
TO,17004,Cerrado Tocantins Araguaia,171180,2019
TO,17004,Cerrado Tocantins Araguaia,171570,2019
TO,17004,Cerrado Tocantins Araguaia,171650,2019
TO,17004,Cerrado Tocantins Araguaia,171665,2019
TO,17004,Cerrado Tocantins Araguaia,171670,2019
TO,17004,Cerrado Tocantins Araguaia,171840,2019
TO,17004,Cerrado Tocantins Araguaia,171850,2019
TO,17004,Cerrado Tocantins Araguaia,171888,2019
TO,17004,Cerrado Tocantins Araguaia,172125,2019
TO,17004,Cerrado Tocantins Araguaia,172130,2019
TO,17005,Ilha do Bananal,170035,2019
TO,17005,Ilha do Bananal,170070,2019
TO,17005,Ilha do Bananal,170200,2019
TO,17005,Ilha do Bananal,170386,2019
TO,17005,Ilha do Bananal,170625,2019
TO,17005,Ilha do Bananal,170730,2019
TO,17005,Ilha do Bananal,170765,2019
TO,17005,Ilha do Bananal,170820,2019
TO,17005,Ilha do Bananal,170950,2019
TO,17005,Ilha do Bananal,171150,2019
TO,17005,Ilha do Bananal,171575,2019
TO,17005,Ilha do Bananal,171660,2019
TO,17005,Ilha do Bananal,171884,2019
TO,17005,Ilha do Bananal,171889,2019
TO,17005,Ilha do Bananal,172025,2019
TO,17005,Ilha do Bananal,172049,2019
TO,17005,Ilha do Bananal,172085,2019
TO,17005,Ilha do Bananal,172097,2019
TO,17006,Capim Dourado,170110,2019
TO,17006,Capim Dourado,170825,2019
TO,17006,Capim Dourado,171195,2019
TO,17006,Capim Dourado,171200,2019
TO,17006,Capim Dourado,171240,2019
TO,17006,Capim Dourado,171320,2019
TO,17006,Capim Dourado,171330,2019
TO,17006,Capim Dourado,171510,2019
TO,17006,Capim Dourado,171870,2019
TO,17006,Capim Dourado,171875,2019
TO,17006,Capim Dourado,171900,2019
TO,17006,Capim Dourado,172015,2019
TO,17006,Capim Dourado,172100,2019
TO,17006,Capim Dourado,172110,2019
TO,17007,Cantão,170025,2019
TO,17007,Cantão,170190,2019
TO,17007,Cantão,170310,2019
TO,17007,Cantão,170390,2019
TO,17007,Cantão,170460,2019
TO,17007,Cantão,170610,2019
TO,17007,Cantão,170710,2019
TO,17007,Cantão,170720,2019
TO,17007,Cantão,171190,2019
TO,17007,Cantão,171250,2019
TO,17007,Cantão,171370,2019
TO,17007,Cantão,171500,2019
TO,17007,Cantão,171610,2019
TO,17007,Cantão,171750,2019
TO,17007,Cantão,171845,2019
TO,17008,Amor Perfeito,170370,2019
TO,17008,Amor Perfeito,170510,2019
TO,17008,Amor Perfeito,170755,2019
TO,17008,Amor Perfeito,170980,2019
TO,17008,Amor Perfeito,171270,2019
TO,17008,Amor Perfeito,171360,2019
TO,17008,Amor Perfeito,171420,2019
TO,17008,Amor Perfeito,171550,2019
TO,17008,Amor Perfeito,171700,2019
TO,17008,Amor Perfeito,171790,2019
TO,17008,Amor Perfeito,171820,2019
TO,17008,Amor Perfeito,171890,2019
TO,17008,Amor Perfeito,172065,2019
MA,21001,Açailândia,210005,2019
MA,21001,Açailândia,210203,2019
MA,21001,Açailândia,210232,2019
MA,21001,Açailândia,210325,2019
MA,21001,Açailândia,210542,2019
MA,21001,Açailândia,211085,2019
MA,21001,Açailândia,211153,2019
MA,21001,Açailândia,211285,2019
MA,21002,Bacabal,210040,2019
MA,21002,Bacabal,210120,2019
MA,21002,Bacabal,210207,2019
MA,21002,Bacabal,210215,2019
MA,21002,Bacabal,210355,2019
MA,21002,Bacabal,210590,2019
MA,21002,Bacabal,210635,2019
MA,21002,Bacabal,210740,2019
MA,21002,Bacabal,210810,2019
MA,21002,Bacabal,211140,2019
MA,21002,Bacabal,211300,2019
MA,21003,Balsas,210050,2019
MA,21003,Balsas,210140,2019
MA,21003,Balsas,210407,2019
MA,21003,Balsas,210409,2019
MA,21003,Balsas,210410,2019
MA,21003,Balsas,210610,2019
MA,21003,Balsas,210725,2019
MA,21003,Balsas,210950,2019
MA,21003,Balsas,210970,2019
MA,21003,Balsas,211080,2019
MA,21003,Balsas,211157,2019
MA,21003,Balsas,211160,2019
MA,21003,Balsas,211200,2019
MA,21004,Barra do Corda,210095,2019
MA,21004,Barra do Corda,210160,2019
MA,21004,Barra do Corda,210408,2019
MA,21004,Barra do Corda,210480,2019
MA,21004,Barra do Corda,210535,2019
MA,21004,Barra do Corda,210547,2019
MA,21005,Caxias,210010,2019
MA,21005,Caxias,210030,2019
MA,21005,Caxias,210220,2019
MA,21005,Caxias,210300,2019
MA,21005,Caxias,210340,2019
MA,21005,Caxias,210390,2019
MA,21005,Caxias,211107,2019
MA,21006,Chapadinha,210015,2019
MA,21006,Chapadinha,210080,2019
MA,21006,Chapadinha,210090,2019
MA,21006,Chapadinha,210210,2019
MA,21006,Chapadinha,210320,2019
MA,21006,Chapadinha,210630,2019
MA,21006,Chapadinha,210640,2019
MA,21006,Chapadinha,210667,2019
MA,21006,Chapadinha,210805,2019
MA,21006,Chapadinha,211010,2019
MA,21006,Chapadinha,211023,2019
MA,21006,Chapadinha,211060,2019
MA,21006,Chapadinha,211250,2019
MA,21007,Codó,210043,2019
MA,21007,Codó,210330,2019
MA,21007,Codó,210360,2019
MA,21007,Codó,210845,2019
MA,21007,Codó,211150,2019
MA,21007,Codó,211210,2019
MA,21008,Imperatriz,210060,2019
MA,21008,Imperatriz,210235,2019
MA,21008,Imperatriz,210255,2019
MA,21008,Imperatriz,210280,2019
MA,21008,Imperatriz,210375,2019
MA,21008,Imperatriz,210405,2019
MA,21008,Imperatriz,210455,2019
MA,21008,Imperatriz,210530,2019
MA,21008,Imperatriz,210550,2019
MA,21008,Imperatriz,210598,2019
MA,21008,Imperatriz,210700,2019
MA,21008,Imperatriz,210900,2019
MA,21008,Imperatriz,210955,2019
MA,21008,Imperatriz,211105,2019
MA,21008,Imperatriz,211176,2019
MA,21008,Imperatriz,211180,2019
MA,21009,Itapecuru Mirim,210070,2019
MA,21009,Itapecuru Mirim,210100,2019
MA,21009,Itapecuru Mirim,210173,2019
MA,21009,Itapecuru Mirim,210270,2019
MA,21009,Itapecuru Mirim,210540,2019
MA,21009,Itapecuru Mirim,210663,2019
MA,21009,Itapecuru Mirim,210675,2019
MA,21009,Itapecuru Mirim,210720,2019
MA,21009,Itapecuru Mirim,210880,2019
MA,21009,Itapecuru Mirim,210930,2019
MA,21009,Itapecuru Mirim,211040,2019
MA,21009,Itapecuru Mirim,211260,2019
MA,21009,Itapecuru Mirim,211270,2019
MA,21009,Itapecuru Mirim,211290,2019
MA,21010,Pedreiras,210193,2019
MA,21010,Pedreiras,210400,2019
MA,21010,Pedreiras,210520,2019
MA,21010,Pedreiras,210570,2019
MA,21010,Pedreiras,210580,2019
MA,21010,Pedreiras,210594,2019
MA,21010,Pedreiras,210596,2019
MA,21010,Pedreiras,210600,2019
MA,21010,Pedreiras,210820,2019
MA,21010,Pedreiras,210890,2019
MA,21010,Pedreiras,211163,2019
MA,21010,Pedreiras,211167,2019
MA,21010,Pedreiras,211223,2019
MA,21011,Pinheiro,210083,2019
MA,21011,Pinheiro,210130,2019
MA,21011,Pinheiro,210190,2019
MA,21011,Pinheiro,210310,2019
MA,21011,Pinheiro,210312,2019
MA,21011,Pinheiro,210370,2019
MA,21011,Pinheiro,210490,2019
MA,21011,Pinheiro,210680,2019
MA,21011,Pinheiro,210825,2019
MA,21011,Pinheiro,210840,2019
MA,21011,Pinheiro,210860,2019
MA,21011,Pinheiro,210905,2019
MA,21011,Pinheiro,210927,2019
MA,21011,Pinheiro,210980,2019
MA,21011,Pinheiro,211178,2019
MA,21011,Pinheiro,211240,2019
MA,21011,Pinheiro,211245,2019
MA,21012,Presidente Dutra,210275,2019
MA,21012,Presidente Dutra,210380,2019
MA,21012,Presidente Dutra,210420,2019
MA,21012,Presidente Dutra,210440,2019
MA,21012,Presidente Dutra,210450,2019
MA,21012,Presidente Dutra,210460,2019
MA,21012,Presidente Dutra,210462,2019
MA,21012,Presidente Dutra,210470,2019
MA,21012,Presidente Dutra,210560,2019
MA,21012,Presidente Dutra,210910,2019
MA,21012,Presidente Dutra,210975,2019
MA,21012,Presidente Dutra,211030,2019
MA,21012,Presidente Dutra,211070,2019
MA,21012,Presidente Dutra,211125,2019
MA,21012,Presidente Dutra,211174,2019
MA,21012,Presidente Dutra,211230,2019
MA,21013,Rosário,210110,2019
MA,21013,Rosário,210125,2019
MA,21013,Rosário,210170,2019
MA,21013,Rosário,210237,2019
MA,21013,Rosário,210500,2019
MA,21013,Rosário,210510,2019
MA,21013,Rosário,210710,2019
MA,21013,Rosário,210920,2019
MA,21013,Rosário,210940,2019
MA,21013,Rosário,210960,2019
MA,21013,Rosário,211020,2019
MA,21013,Rosário,211027,2019
MA,21014,Santa Inês,210047,2019
MA,21014,Santa Inês,210177,2019
MA,21014,Santa Inês,210200,2019
MA,21014,Santa Inês,210465,2019
MA,21014,Santa Inês,210515,2019
MA,21014,Santa Inês,210690,2019
MA,21014,Santa Inês,210850,2019
MA,21014,Santa Inês,210870,2019
MA,21014,Santa Inês,210990,2019
MA,21014,Santa Inês,211000,2019
MA,21014,Santa Inês,211102,2019
MA,21014,Santa Inês,211172,2019
MA,21014,Santa Inês,211227,2019
MA,21015,São João dos Patos,210150,2019
MA,21015,São João dos Patos,210180,2019
MA,21015,São João dos Patos,210230,2019
MA,21015,São João dos Patos,210350,2019
MA,21015,São João dos Patos,210545,2019
MA,21015,São João dos Patos,210592,2019
MA,21015,São João dos Patos,210670,2019
MA,21015,São João dos Patos,210730,2019
MA,21015,São João dos Patos,210770,2019
MA,21015,São João dos Patos,210790,2019
MA,21015,São João dos Patos,210800,2019
MA,21015,São João dos Patos,211065,2019
MA,21015,São João dos Patos,211110,2019
MA,21015,São João dos Patos,211190,2019
MA,21015,São João dos Patos,211195,2019
MA,21016,São Luís,210020,2019
MA,21016,São Luís,210750,2019
MA,21016,São Luís,210945,2019
MA,21016,São Luís,211120,2019
MA,21016,São Luís,211130,2019
MA,21017,Timon,210660,2019
MA,21017,Timon,210780,2019
MA,21017,Timon,211090,2019
MA,21017,Timon,211220,2019
MA,21018,Viana,210135,2019
MA,21018,Viana,210240,2019
MA,21018,Viana,210250,2019
MA,21018,Viana,210650,2019
MA,21018,Viana,210745,2019
MA,21018,Viana,210760,2019
MA,21018,Viana,210830,2019
MA,21018,Viana,211050,2019
MA,21018,Viana,211100,2019
MA,21018,Viana,211170,2019
MA,21018,Viana,211280,2019
MA,21019,Zé Doca,210055,2019
MA,21019,Zé Doca,210087,2019
MA,21019,Zé Doca,210197,2019
MA,21019,Zé Doca,210260,2019
MA,21019,Zé Doca,210290,2019
MA,21019,Zé Doca,210315,2019
MA,21019,Zé Doca,210317,2019
MA,21019,Zé Doca,210430,2019
MA,21019,Zé Doca,210467,2019
MA,21019,Zé Doca,210565,2019
MA,21019,Zé Doca,210620,2019
MA,21019,Zé Doca,210632,2019
MA,21019,Zé Doca,210637,2019
MA,21019,Zé Doca,210735,2019
MA,21019,Zé Doca,210923,2019
MA,21019,Zé Doca,211003,2019
MA,21019,Zé Doca,211400,2019
PI,22001,Carnaubais,220105,2019
PI,22001,Carnaubais,220177,2019
PI,22001,Carnaubais,220194,2019
PI,22001,Carnaubais,220202,2019
PI,22001,Carnaubais,220205,2019
PI,22001,Carnaubais,220220,2019
PI,22001,Carnaubais,220260,2019
PI,22001,Carnaubais,220271,2019
PI,22001,Carnaubais,220527,2019
PI,22001,Carnaubais,220551,2019
PI,22001,Carnaubais,220675,2019
PI,22001,Carnaubais,220695,2019
PI,22001,Carnaubais,220990,2019
PI,22001,Carnaubais,221040,2019
PI,22001,Carnaubais,221065,2019
PI,22002,Chapada das Mangabeiras,220045,2019
PI,22002,Chapada das Mangabeiras,220110,2019
PI,22002,Chapada das Mangabeiras,220130,2019
PI,22002,Chapada das Mangabeiras,220190,2019
PI,22002,Chapada das Mangabeiras,220275,2019
PI,22002,Chapada das Mangabeiras,220290,2019
PI,22002,Chapada das Mangabeiras,220300,2019
PI,22002,Chapada das Mangabeiras,220310,2019
PI,22002,Chapada das Mangabeiras,220320,2019
PI,22002,Chapada das Mangabeiras,220323,2019
PI,22002,Chapada das Mangabeiras,220360,2019
PI,22002,Chapada das Mangabeiras,220440,2019
PI,22002,Chapada das Mangabeiras,220552,2019
PI,22002,Chapada das Mangabeiras,220660,2019
PI,22002,Chapada das Mangabeiras,220665,2019
PI,22002,Chapada das Mangabeiras,220740,2019
PI,22002,Chapada das Mangabeiras,220760,2019
PI,22002,Chapada das Mangabeiras,220870,2019
PI,22002,Chapada das Mangabeiras,220885,2019
PI,22002,Chapada das Mangabeiras,220920,2019
PI,22002,Chapada das Mangabeiras,220930,2019
PI,22002,Chapada das Mangabeiras,220975,2019
PI,22002,Chapada das Mangabeiras,221062,2019
PI,22003,Cocais,220120,2019
PI,22003,Cocais,220150,2019
PI,22003,Cocais,220196,2019
PI,22003,Cocais,220217,2019
PI,22003,Cocais,220240,2019
PI,22003,Cocais,220342,2019
PI,22003,Cocais,220370,2019
PI,22003,Cocais,220540,2019
PI,22003,Cocais,220545,2019
PI,22003,Cocais,220557,2019
PI,22003,Cocais,220580,2019
PI,22003,Cocais,220585,2019
PI,22003,Cocais,220610,2019
PI,22003,Cocais,220635,2019
PI,22003,Cocais,220667,2019
PI,22003,Cocais,220680,2019
PI,22003,Cocais,220790,2019
PI,22003,Cocais,220830,2019
PI,22003,Cocais,220840,2019
PI,22003,Cocais,220850,2019
PI,22003,Cocais,220987,2019
PI,22003,Cocais,220997,2019
PI,22003,Cocais,221005,2019
PI,22004,Entre Rios,220010,2019
PI,22004,Entre Rios,220020,2019
PI,22004,Entre Rios,220030,2019
PI,22004,Entre Rios,220040,2019
PI,22004,Entre Rios,220050,2019
PI,22004,Entre Rios,220060,2019
PI,22004,Entre Rios,220140,2019
PI,22004,Entre Rios,220160,2019
PI,22004,Entre Rios,220273,2019
PI,22004,Entre Rios,220325,2019
PI,22004,Entre Rios,220330,2019
PI,22004,Entre Rios,220460,2019
PI,22004,Entre Rios,220525,2019
PI,22004,Entre Rios,220550,2019
PI,22004,Entre Rios,220554,2019
PI,22004,Entre Rios,220555,2019
PI,22004,Entre Rios,220558,2019
PI,22004,Entre Rios,220620,2019
PI,22004,Entre Rios,220630,2019
PI,22004,Entre Rios,220640,2019
PI,22004,Entre Rios,220672,2019
PI,22004,Entre Rios,220710,2019
PI,22004,Entre Rios,220750,2019
PI,22004,Entre Rios,220775,2019
PI,22004,Entre Rios,220779,2019
PI,22004,Entre Rios,220880,2019
PI,22004,Entre Rios,220945,2019
PI,22004,Entre Rios,220980,2019
PI,22004,Entre Rios,221050,2019
PI,22004,Entre Rios,221100,2019
PI,22004,Entre Rios,221110,2019
PI,22005,Planície Litorânea,220191,2019
PI,22005,Planície Litorânea,220200,2019
PI,22005,Planície Litorânea,220208,2019
PI,22005,Planície Litorânea,220253,2019
PI,22005,Planície Litorânea,220265,2019
PI,22005,Planície Litorânea,220270,2019
PI,22005,Planície Litorânea,220272,2019
PI,22005,Planície Litorânea,220465,2019
PI,22005,Planície Litorânea,220570,2019
PI,22005,Planície Litorânea,220669,2019
PI,22005,Planície Litorânea,220770,2019
PI,22006,Serra da Capivara,220070,2019
PI,22006,Serra da Capivara,220192,2019
PI,22006,Serra da Capivara,220211,2019
PI,22006,Serra da Capivara,220245,2019
PI,22006,Serra da Capivara,220250,2019
PI,22006,Serra da Capivara,220285,2019
PI,22006,Serra da Capivara,220335,2019
PI,22006,Serra da Capivara,220345,2019
PI,22006,Serra da Capivara,220375,2019
PI,22006,Serra da Capivara,220455,2019
PI,22006,Serra da Capivara,220535,2019
PI,22006,Serra da Capivara,220553,2019
PI,22006,Serra da Capivara,220556,2019
PI,22006,Serra da Capivara,220955,2019
PI,22006,Serra da Capivara,221000,2019
PI,22006,Serra da Capivara,221035,2019
PI,22006,Serra da Capivara,221060,2019
PI,22006,Serra da Capivara,221135,2019
PI,22007,Tabuleiros do Alto Parnaíba,220080,2019
PI,22007,Tabuleiros do Alto Parnaíba,220115,2019
PI,22007,Tabuleiros do Alto Parnaíba,220890,2019
PI,22007,Tabuleiros do Alto Parnaíba,221063,2019
PI,22007,Tabuleiros do Alto Parnaíba,221120,2019
PI,22008,Vale do Canindé,220155,2019
PI,22008,Vale do Canindé,220207,2019
PI,22008,Vale do Canindé,220210,2019
PI,22008,Vale do Canindé,220277,2019
PI,22008,Vale do Canindé,220280,2019
PI,22008,Vale do Canindé,220385,2019
PI,22008,Vale do Canindé,220490,2019
PI,22008,Vale do Canindé,220700,2019
PI,22008,Vale do Canindé,220937,2019
PI,22008,Vale do Canindé,220950,2019
PI,22008,Vale do Canindé,220965,2019
PI,22008,Vale do Canindé,220995,2019
PI,22008,Vale do Canindé,221080,2019
PI,22008,Vale do Canindé,221097,2019
PI,22009,Vale do Rio Guaribas,220005,2019
PI,22009,Vale do Rio Guaribas,220025,2019
PI,22009,Vale do Rio Guaribas,220027,2019
PI,22009,Vale do Rio Guaribas,220095,2019
PI,22009,Vale do Rio Guaribas,220157,2019
PI,22009,Vale do Rio Guaribas,220173,2019
PI,22009,Vale do Rio Guaribas,220180,2019
PI,22009,Vale do Rio Guaribas,220209,2019
PI,22009,Vale do Rio Guaribas,220213,2019
PI,22009,Vale do Rio Guaribas,220255,2019
PI,22009,Vale do Rio Guaribas,220327,2019
PI,22009,Vale do Rio Guaribas,220340,2019
PI,22009,Vale do Rio Guaribas,220415,2019
PI,22009,Vale do Rio Guaribas,220420,2019
PI,22009,Vale do Rio Guaribas,220430,2019
PI,22009,Vale do Rio Guaribas,220435,2019
PI,22009,Vale do Rio Guaribas,220480,2019
PI,22009,Vale do Rio Guaribas,220500,2019
PI,22009,Vale do Rio Guaribas,220515,2019
PI,22009,Vale do Rio Guaribas,220520,2019
PI,22009,Vale do Rio Guaribas,220595,2019
PI,22009,Vale do Rio Guaribas,220605,2019
PI,22009,Vale do Rio Guaribas,220650,2019
PI,22009,Vale do Rio Guaribas,220720,2019
PI,22009,Vale do Rio Guaribas,220755,2019
PI,22009,Vale do Rio Guaribas,220777,2019
PI,22009,Vale do Rio Guaribas,220780,2019
PI,22009,Vale do Rio Guaribas,220800,2019
PI,22009,Vale do Rio Guaribas,220820,2019
PI,22009,Vale do Rio Guaribas,220865,2019
PI,22009,Vale do Rio Guaribas,220910,2019
PI,22009,Vale do Rio Guaribas,220935,2019
PI,22009,Vale do Rio Guaribas,220940,2019
PI,22009,Vale do Rio Guaribas,220985,2019
PI,22009,Vale do Rio Guaribas,221020,2019
PI,22009,Vale do Rio Guaribas,221030,2019
PI,22009,Vale do Rio Guaribas,221037,2019
PI,22009,Vale do Rio Guaribas,221070,2019
PI,22009,Vale do Rio Guaribas,221093,2019
PI,22009,Vale do Rio Guaribas,221150,2019
PI,22009,Vale do Rio Guaribas,221160,2019
PI,22009,Vale do Rio Guaribas,221170,2019
PI,22010,Vale do Sambito,220090,2019
PI,22010,Vale do Sambito,220117,2019
PI,22010,Vale do Sambito,220350,2019
PI,22010,Vale do Sambito,220400,2019
PI,22010,Vale do Sambito,220470,2019
PI,22010,Vale do Sambito,220559,2019
PI,22010,Vale do Sambito,220690,2019
PI,22010,Vale do Sambito,220810,2019
PI,22010,Vale do Sambito,220860,2019
PI,22010,Vale do Sambito,220915,2019
PI,22010,Vale do Sambito,220960,2019
PI,22010,Vale do Sambito,221038,2019
PI,22010,Vale do Sambito,221130,2019
PI,22010,Vale do Sambito,221140,2019
PI,22011,Vale dos Rios Piauí e Itaueiras,220100,2019
PI,22011,Vale dos Rios Piauí e Itaueiras,220170,2019
PI,22011,Vale dos Rios Piauí e Itaueiras,220198,2019
PI,22011,Vale dos Rios Piauí e Itaueiras,220225,2019
PI,22011,Vale dos Rios Piauí e Itaueiras,220230,2019
PI,22011,Vale dos Rios Piauí e Itaueiras,220380,2019
PI,22011,Vale dos Rios Piauí e Itaueiras,220390,2019
PI,22011,Vale dos Rios Piauí e Itaueiras,220410,2019
PI,22011,Vale dos Rios Piauí e Itaueiras,220450,2019
PI,22011,Vale dos Rios Piauí e Itaueiras,220510,2019
PI,22011,Vale dos Rios Piauí e Itaueiras,220530,2019
PI,22011,Vale dos Rios Piauí e Itaueiras,220560,2019
PI,22011,Vale dos Rios Piauí e Itaueiras,220590,2019
PI,22011,Vale dos Rios Piauí e Itaueiras,220600,2019
PI,22011,Vale dos Rios Piauí e Itaueiras,220670,2019
PI,22011,Vale dos Rios Piauí e Itaueiras,220730,2019
PI,22011,Vale dos Rios Piauí e Itaueiras,220735,2019
PI,22011,Vale dos Rios Piauí e Itaueiras,220785,2019
PI,22011,Vale dos Rios Piauí e Itaueiras,220793,2019
PI,22011,Vale dos Rios Piauí e Itaueiras,220795,2019
PI,22011,Vale dos Rios Piauí e Itaueiras,220855,2019
PI,22011,Vale dos Rios Piauí e Itaueiras,220887,2019
PI,22011,Vale dos Rios Piauí e Itaueiras,220900,2019
PI,22011,Vale dos Rios Piauí e Itaueiras,220970,2019
PI,22011,Vale dos Rios Piauí e Itaueiras,221010,2019
PI,22011,Vale dos Rios Piauí e Itaueiras,221039,2019
PI,22011,Vale dos Rios Piauí e Itaueiras,221090,2019
PI,22011,Vale dos Rios Piauí e Itaueiras,221095,2019
CE,23001,1ª Região Fortaleza,230100,2019
CE,23001,1ª Região Fortaleza,230428,2019
CE,23001,1ª Região Fortaleza,230440,2019
CE,23001,1ª Região Fortaleza,230625,2019
CE,23002,2ª Região Caucaia,230090,2019
CE,23002,2ª Região Caucaia,230370,2019
CE,23002,2ª Região Caucaia,230460,2019
CE,23002,2ª Região Caucaia,230630,2019
CE,23002,2ª Região Caucaia,231020,2019
CE,23002,2ª Região Caucaia,231025,2019
CE,23002,2ª Região Caucaia,231070,2019
CE,23002,2ª Região Caucaia,231240,2019
CE,23002,2ª Região Caucaia,231260,2019
CE,23002,2ª Região Caucaia,231335,2019
CE,23003,3ª Região Maracanaú,230015,2019
CE,23003,3ª Região Maracanaú,230195,2019
CE,23003,3ª Região Maracanaú,230495,2019
CE,23003,3ª Região Maracanaú,230765,2019
CE,23003,3ª Região Maracanaú,230770,2019
CE,23003,3ª Região Maracanaú,230970,2019
CE,23003,3ª Região Maracanaú,231010,2019
CE,23003,3ª Região Maracanaú,231160,2019
CE,23004,4ª Região Baturité,230120,2019
CE,23004,4ª Região Baturité,230140,2019
CE,23004,4ª Região Baturité,230210,2019
CE,23004,4ª Região Baturité,230290,2019
CE,23004,4ª Região Baturité,230510,2019
CE,23004,4ª Região Baturité,230650,2019
CE,23004,4ª Região Baturité,230910,2019
CE,23004,4ª Região Baturité,230980,2019
CE,23005,5ª Região Canindé,230240,2019
CE,23005,5ª Região Canindé,230280,2019
CE,23005,5ª Região Canindé,230300,2019
CE,23005,5ª Região Canindé,230660,2019
CE,23005,5ª Região Canindé,230763,2019
CE,23005,5ª Região Canindé,231040,2019
CE,23006,6ª Região Itapipoca,230075,2019
CE,23006,6ª Região Itapipoca,230640,2019
CE,23006,6ª Região Itapipoca,230837,2019
CE,23006,6ª Região Itapipoca,231350,2019
CE,23006,6ª Região Itapipoca,231355,2019
CE,23006,6ª Região Itapipoca,231375,2019
CE,23006,6ª Região Itapipoca,231380,2019
CE,23007,7ª Região Aracati,230110,2019
CE,23007,7ª Região Aracati,230445,2019
CE,23007,7ª Região Aracati,230535,2019
CE,23007,7ª Região Aracati,230620,2019
CE,23008,8ª Região Quixadá,230185,2019
CE,23008,8ª Região Quixadá,230393,2019
CE,23008,8ª Região Quixadá,230526,2019
CE,23008,8ª Região Quixadá,230533,2019
CE,23008,8ª Região Quixadá,230835,2019
CE,23008,8ª Região Quixadá,231050,2019
CE,23008,8ª Região Quixadá,231130,2019
CE,23008,8ª Região Quixadá,231140,2019
CE,23008,8ª Região Quixadá,231270,2019
CE,23008,8ª Região Quixadá,231300,2019
CE,23009,9ª Região Russas,230670,2019
CE,23009,9ª Região Russas,230700,2019
CE,23009,9ª Região Russas,230870,2019
CE,23009,9ª Região Russas,231000,2019
CE,23009,9ª Região Russas,231180,2019
CE,23010,10ª Região Limoeiro do Norte,230070,2019
CE,23010,10ª Região Limoeiro do Norte,230427,2019
CE,23010,10ª Região Limoeiro do Norte,230600,2019
CE,23010,10ª Região Limoeiro do Norte,230680,2019
CE,23010,10ª Região Limoeiro do Norte,230690,2019
CE,23010,10ª Região Limoeiro do Norte,230760,2019
CE,23010,10ª Região Limoeiro do Norte,231080,2019
CE,23010,10ª Região Limoeiro do Norte,231123,2019
CE,23010,10ª Região Limoeiro do Norte,231150,2019
CE,23010,10ª Região Limoeiro do Norte,231250,2019
CE,23010,10ª Região Limoeiro do Norte,231310,2019
CE,23011,11ª Região Sobral,230050,2019
CE,23011,11ª Região Sobral,230310,2019
CE,23011,11ª Região Sobral,230365,2019
CE,23011,11ª Região Sobral,230400,2019
CE,23011,11ª Região Sobral,230435,2019
CE,23011,11ª Região Sobral,230450,2019
CE,23011,11ª Região Sobral,230465,2019
CE,23011,11ª Região Sobral,230490,2019
CE,23011,11ª Região Sobral,230520,2019
CE,23011,11ª Região Sobral,230580,2019
CE,23011,11ª Região Sobral,230610,2019
CE,23011,11ª Região Sobral,230800,2019
CE,23011,11ª Região Sobral,230820,2019
CE,23011,11ª Região Sobral,230880,2019
CE,23011,11ª Região Sobral,230900,2019
CE,23011,11ª Região Sobral,230990,2019
CE,23011,11ª Região Sobral,231095,2019
CE,23011,11ª Região Sobral,231170,2019
CE,23011,11ª Região Sobral,231200,2019
CE,23011,11ª Região Sobral,231220,2019
CE,23011,11ª Região Sobral,231280,2019
CE,23011,11ª Região Sobral,231290,2019
CE,23011,11ª Região Sobral,231390,2019
CE,23011,11ª Região Sobral,231395,2019
CE,23012,12ª Região Acaraú,230020,2019
CE,23012,12ª Região Acaraú,230230,2019
CE,23012,12ª Região Acaraú,230425,2019
CE,23012,12ª Região Acaraú,230655,2019
CE,23012,12ª Região Acaraú,230725,2019
CE,23012,12ª Região Acaraú,230780,2019
CE,23012,12ª Região Acaraú,230890,2019
CE,23013,13ª Região Tianguá,230340,2019
CE,23013,13ª Região Tianguá,230423,2019
CE,23013,13ª Região Tianguá,230500,2019
CE,23013,13ª Região Tianguá,230530,2019
CE,23013,13ª Região Tianguá,231230,2019
CE,23013,13ª Região Tianguá,231340,2019
CE,23013,13ª Região Tianguá,231360,2019
CE,23013,13ª Região Tianguá,231410,2019
CE,23014,14ª Região Tauá,230040,2019
CE,23014,14ª Região Tauá,230150,2019
CE,23014,14ª Região Tauá,231030,2019
CE,23014,14ª Região Tauá,231330,2019
CE,23015,15ª Região Crateús,230125,2019
CE,23015,15ª Região Crateús,230410,2019
CE,23015,15ª Região Crateús,230560,2019
CE,23015,15ª Região Crateús,230565,2019
CE,23015,15ª Região Crateús,230590,2019
CE,23015,15ª Região Crateús,230860,2019
CE,23015,15ª Região Crateús,230930,2019
CE,23015,15ª Região Crateús,230940,2019
CE,23015,15ª Região Crateús,231100,2019
CE,23015,15ª Região Crateús,231126,2019
CE,23015,15ª Região Crateús,231320,2019
CE,23016,16ª Região Camocim,230205,2019
CE,23016,16ª Região Camocim,230260,2019
CE,23016,16ª Região Camocim,230390,2019
CE,23016,16ª Região Camocim,230470,2019
CE,23016,16ª Região Camocim,230790,2019
CE,23017,17ª Região Icó,230180,2019
CE,23017,17ª Região Icó,230380,2019
CE,23017,17ª Região Icó,230540,2019
CE,23017,17ª Região Icó,230570,2019
CE,23017,17ª Região Icó,230750,2019
CE,23017,17ª Região Icó,230950,2019
CE,23017,17ª Região Icó,231370,2019
CE,23018,18ª Região Iguatú,230030,2019
CE,23018,18ª Região Iguatú,230330,2019
CE,23018,18ª Região Iguatú,230360,2019
CE,23018,18ª Região Iguatú,230426,2019
CE,23018,18ª Região Iguatú,230550,2019
CE,23018,18ª Região Iguatú,230740,2019
CE,23018,18ª Região Iguatú,230850,2019
CE,23018,18ª Região Iguatú,231090,2019
CE,23018,18ª Região Iguatú,231135,2019
CE,23018,18ª Região Iguatú,231190,2019
CE,23019,19ª Região Brejo Santo,230010,2019
CE,23019,19ª Região Brejo Santo,230170,2019
CE,23019,19ª Região Brejo Santo,230200,2019
CE,23019,19ª Região Brejo Santo,230250,2019
CE,23019,19ª Região Brejo Santo,230720,2019
CE,23019,19ª Região Brejo Santo,230810,2019
CE,23019,19ª Região Brejo Santo,230830,2019
CE,23019,19ª Região Brejo Santo,231060,2019
CE,23019,19ª Região Brejo Santo,231110,2019
CE,23020,20ª Região Crato,230060,2019
CE,23020,20ª Região Crato,230080,2019
CE,23020,20ª Região Crato,230130,2019
CE,23020,20ª Região Crato,230160,2019
CE,23020,20ª Região Crato,230270,2019
CE,23020,20ª Região Crato,230420,2019
CE,23020,20ª Região Crato,230430,2019
CE,23020,20ª Região Crato,230920,2019
CE,23020,20ª Região Crato,231120,2019
CE,23020,20ª Região Crato,231195,2019
CE,23020,20ª Região Crato,231210,2019
CE,23020,20ª Região Crato,231325,2019
CE,23020,20ª Região Crato,231400,2019
CE,23021,21ª Região Juazeiro do Norte,230190,2019
CE,23021,21ª Região Juazeiro do Norte,230320,2019
CE,23021,21ª Região Juazeiro do Norte,230480,2019
CE,23021,21ª Região Juazeiro do Norte,230710,2019
CE,23021,21ª Região Juazeiro do Norte,230730,2019
CE,23021,21ª Região Juazeiro do Norte,230840,2019
CE,23022,22ª Região Cascavel,230220,2019
CE,23022,22ª Região Cascavel,230350,2019
CE,23022,22ª Região Cascavel,230395,2019
CE,23022,22ª Região Cascavel,230523,2019
CE,23022,22ª Região Cascavel,230945,2019
CE,23022,22ª Região Cascavel,230960,2019
CE,23022,22ª Região Cascavel,231085,2019
RN,24001,1ª Região de Saúde - São José de Mipibu,240120,2019
RN,24001,1ª Região de Saúde - São José de Mipibu,240140,2019
RN,24001,1ª Região de Saúde - São José de Mipibu,240180,2019
RN,24001,1ª Região de Saúde - São José de Mipibu,240220,2019
RN,24001,1ª Região de Saúde - São José de Mipibu,240350,2019
RN,24001,1ª Região de Saúde - São José de Mipibu,240420,2019
RN,24001,1ª Região de Saúde - São José de Mipibu,240615,2019
RN,24001,1ª Região de Saúde - São José de Mipibu,240620,2019
RN,24001,1ª Região de Saúde - São José de Mipibu,240630,2019
RN,24001,1ª Região de Saúde - São José de Mipibu,240660,2019
RN,24001,1ª Região de Saúde - São José de Mipibu,240770,2019
RN,24001,1ª Região de Saúde - São José de Mipibu,240780,2019
RN,24001,1ª Região de Saúde - São José de Mipibu,240790,2019
RN,24001,1ª Região de Saúde - São José de Mipibu,240820,2019
RN,24001,1ª Região de Saúde - São José de Mipibu,240830,2019
RN,24001,1ª Região de Saúde - São José de Mipibu,240910,2019
RN,24001,1ª Região de Saúde - São José de Mipibu,240920,2019
RN,24001,1ª Região de Saúde - São José de Mipibu,240980,2019
RN,24001,1ª Região de Saúde - São José de Mipibu,241150,2019
RN,24001,1ª Região de Saúde - São José de Mipibu,241220,2019
RN,24001,1ª Região de Saúde - São José de Mipibu,241320,2019
RN,24001,1ª Região de Saúde - São José de Mipibu,241330,2019
RN,24001,1ª Região de Saúde - São José de Mipibu,241350,2019
RN,24001,1ª Região de Saúde - São José de Mipibu,241420,2019
RN,24001,1ª Região de Saúde - São José de Mipibu,241470,2019
RN,24001,1ª Região de Saúde - São José de Mipibu,241480,2019
RN,24001,1ª Região de Saúde - São José de Mipibu,241500,2019
RN,24002,2ª Região de Saúde - Mossoró,240100,2019
RN,24002,2ª Região de Saúde - Mossoró,240110,2019
RN,24002,2ª Região de Saúde - Mossoró,240130,2019
RN,24002,2ª Região de Saúde - Mossoró,240145,2019
RN,24002,2ª Região de Saúde - Mossoró,240230,2019
RN,24002,2ª Região de Saúde - Mossoró,240370,2019
RN,24002,2ª Região de Saúde - Mossoró,240430,2019
RN,24002,2ª Região de Saúde - Mossoró,240440,2019
RN,24002,2ª Região de Saúde - Mossoró,240520,2019
RN,24002,2ª Região de Saúde - Mossoró,240760,2019
RN,24002,2ª Região de Saúde - Mossoró,240800,2019
RN,24002,2ª Região de Saúde - Mossoró,241105,2019
RN,24002,2ª Região de Saúde - Mossoró,241335,2019
RN,24002,2ª Região de Saúde - Mossoró,241460,2019
RN,24003,3ª Região de Saúde - João Câmara,240030,2019
RN,24003,3ª Região de Saúde - João Câmara,240160,2019
RN,24003,3ª Região de Saúde - João Câmara,240185,2019
RN,24003,3ª Região de Saúde - João Câmara,240190,2019
RN,24003,3ª Região de Saúde - João Câmara,240260,2019
RN,24003,3ª Região de Saúde - João Câmara,240410,2019
RN,24003,3ª Região de Saúde - João Câmara,240450,2019
RN,24003,3ª Região de Saúde - João Câmara,240460,2019
RN,24003,3ª Região de Saúde - João Câmara,240510,2019
RN,24003,3ª Região de Saúde - João Câmara,240550,2019
RN,24003,3ª Região de Saúde - João Câmara,240580,2019
RN,24003,3ª Região de Saúde - João Câmara,240670,2019
RN,24003,3ª Região de Saúde - João Câmara,240720,2019
RN,24003,3ª Região de Saúde - João Câmara,240750,2019
RN,24003,3ª Região de Saúde - João Câmara,240880,2019
RN,24003,3ª Região de Saúde - João Câmara,240895,2019
RN,24003,3ª Região de Saúde - João Câmara,240950,2019
RN,24003,3ª Região de Saúde - João Câmara,240960,2019
RN,24003,3ª Região de Saúde - João Câmara,240970,2019
RN,24003,3ª Região de Saúde - João Câmara,241010,2019
RN,24003,3ª Região de Saúde - João Câmara,241040,2019
RN,24003,3ª Região de Saúde - João Câmara,241090,2019
RN,24003,3ª Região de Saúde - João Câmara,241160,2019
RN,24003,3ª Região de Saúde - João Câmara,241255,2019
RN,24003,3ª Região de Saúde - João Câmara,241390,2019
RN,24003,3ª Região de Saúde - João Câmara,241440,2019
RN,24004,4ª Região de Saúde - Caicó,240010,2019
RN,24004,4ª Região de Saúde - Caicó,240165,2019
RN,24004,4ª Região de Saúde - Caicó,240200,2019
RN,24004,4ª Região de Saúde - Caicó,240240,2019
RN,24004,4ª Região de Saúde - Caicó,240270,2019
RN,24004,4ª Região de Saúde - Caicó,240300,2019
RN,24004,4ª Região de Saúde - Caicó,240310,2019
RN,24004,4ª Região de Saúde - Caicó,240340,2019
RN,24004,4ª Região de Saúde - Caicó,240380,2019
RN,24004,4ª Região de Saúde - Caicó,240480,2019
RN,24004,4ª Região de Saúde - Caicó,240560,2019
RN,24004,4ª Região de Saúde - Caicó,240570,2019
RN,24004,4ª Região de Saúde - Caicó,240610,2019
RN,24004,4ª Região de Saúde - Caicó,240650,2019
RN,24004,4ª Região de Saúde - Caicó,240850,2019
RN,24004,4ª Região de Saúde - Caicó,240890,2019
RN,24004,4ª Região de Saúde - Caicó,241140,2019
RN,24004,4ª Região de Saúde - Caicó,241142,2019
RN,24004,4ª Região de Saúde - Caicó,241180,2019
RN,24004,4ª Região de Saúde - Caicó,241210,2019
RN,24004,4ª Região de Saúde - Caicó,241240,2019
RN,24004,4ª Região de Saúde - Caicó,241300,2019
RN,24004,4ª Região de Saúde - Caicó,241340,2019
RN,24004,4ª Região de Saúde - Caicó,241415,2019
RN,24004,4ª Região de Saúde - Caicó,241430,2019
RN,24005,5ª Região de Saúde - Santa Cruz,240150,2019
RN,24005,5ª Região de Saúde - Santa Cruz,240170,2019
RN,24005,5ª Região de Saúde - Santa Cruz,240210,2019
RN,24005,5ª Região de Saúde - Santa Cruz,240280,2019
RN,24005,5ª Região de Saúde - Santa Cruz,240500,2019
RN,24005,5ª Região de Saúde - Santa Cruz,240530,2019
RN,24005,5ª Região de Saúde - Santa Cruz,240540,2019
RN,24005,5ª Região de Saúde - Santa Cruz,240640,2019
RN,24005,5ª Região de Saúde - Santa Cruz,240680,2019
RN,24005,5ª Região de Saúde - Santa Cruz,240933,2019
RN,24005,5ª Região de Saúde - Santa Cruz,241030,2019
RN,24005,5ª Região de Saúde - Santa Cruz,241110,2019
RN,24005,5ª Região de Saúde - Santa Cruz,241120,2019
RN,24005,5ª Região de Saúde - Santa Cruz,241170,2019
RN,24005,5ª Região de Saúde - Santa Cruz,241230,2019
RN,24005,5ª Região de Saúde - Santa Cruz,241260,2019
RN,24005,5ª Região de Saúde - Santa Cruz,241270,2019
RN,24005,5ª Região de Saúde - Santa Cruz,241290,2019
RN,24005,5ª Região de Saúde - Santa Cruz,241310,2019
RN,24005,5ª Região de Saúde - Santa Cruz,241370,2019
RN,24005,5ª Região de Saúde - Santa Cruz,241400,2019
RN,24006,6ª Região de Saúde - Pau dos Ferros,240040,2019
RN,24006,6ª Região de Saúde - Pau dos Ferros,240050,2019
RN,24006,6ª Região de Saúde - Pau dos Ferros,240060,2019
RN,24006,6ª Região de Saúde - Pau dos Ferros,240090,2019
RN,24006,6ª Região de Saúde - Pau dos Ferros,240290,2019
RN,24006,6ª Região de Saúde - Pau dos Ferros,240320,2019
RN,24006,6ª Região de Saúde - Pau dos Ferros,240330,2019
RN,24006,6ª Região de Saúde - Pau dos Ferros,240390,2019
RN,24006,6ª Região de Saúde - Pau dos Ferros,240400,2019
RN,24006,6ª Região de Saúde - Pau dos Ferros,240490,2019
RN,24006,6ª Região de Saúde - Pau dos Ferros,240590,2019
RN,24006,6ª Região de Saúde - Pau dos Ferros,240600,2019
RN,24006,6ª Região de Saúde - Pau dos Ferros,240690,2019
RN,24006,6ª Região de Saúde - Pau dos Ferros,240700,2019
RN,24006,6ª Região de Saúde - Pau dos Ferros,240725,2019
RN,24006,6ª Região de Saúde - Pau dos Ferros,240730,2019
RN,24006,6ª Região de Saúde - Pau dos Ferros,240740,2019
RN,24006,6ª Região de Saúde - Pau dos Ferros,240840,2019
RN,24006,6ª Região de Saúde - Pau dos Ferros,240860,2019
RN,24006,6ª Região de Saúde - Pau dos Ferros,240930,2019
RN,24006,6ª Região de Saúde - Pau dos Ferros,240940,2019
RN,24006,6ª Região de Saúde - Pau dos Ferros,241000,2019
RN,24006,6ª Região de Saúde - Pau dos Ferros,241020,2019
RN,24006,6ª Região de Saúde - Pau dos Ferros,241050,2019
RN,24006,6ª Região de Saúde - Pau dos Ferros,241060,2019
RN,24006,6ª Região de Saúde - Pau dos Ferros,241070,2019
RN,24006,6ª Região de Saúde - Pau dos Ferros,241080,2019
RN,24006,6ª Região de Saúde - Pau dos Ferros,241100,2019
RN,24006,6ª Região de Saúde - Pau dos Ferros,241190,2019
RN,24006,6ª Região de Saúde - Pau dos Ferros,241250,2019
RN,24006,6ª Região de Saúde - Pau dos Ferros,241355,2019
RN,24006,6ª Região de Saúde - Pau dos Ferros,241360,2019
RN,24006,6ª Região de Saúde - Pau dos Ferros,241380,2019
RN,24006,6ª Região de Saúde - Pau dos Ferros,241410,2019
RN,24006,6ª Região de Saúde - Pau dos Ferros,241450,2019
RN,24006,6ª Região de Saúde - Pau dos Ferros,241475,2019
RN,24006,6ª Região de Saúde - Pau dos Ferros,241490,2019
RN,24007,7ª Região de Saúde - Metropolitana,240325,2019
RN,24007,7ª Região de Saúde - Metropolitana,240360,2019
RN,24007,7ª Região de Saúde - Metropolitana,240710,2019
RN,24007,7ª Região de Saúde - Metropolitana,240810,2019
RN,24007,7ª Região de Saúde - Metropolitana,241200,2019
RN,24008,8ª Região de Saúde - Açu,240020,2019
RN,24008,8ª Região de Saúde - Açu,240070,2019
RN,24008,8ª Região de Saúde - Açu,240080,2019
RN,24008,8ª Região de Saúde - Açu,240250,2019
RN,24008,8ª Região de Saúde - Açu,240375,2019
RN,24008,8ª Região de Saúde - Açu,240470,2019
RN,24008,8ª Região de Saúde - Açu,240485,2019
RN,24008,8ª Região de Saúde - Açu,240870,2019
RN,24008,8ª Região de Saúde - Açu,240990,2019
RN,24008,8ª Região de Saúde - Açu,241025,2019
RN,24008,8ª Região de Saúde - Açu,241280,2019
RN,24008,8ª Região de Saúde - Açu,241445,2019
PB,25001,1ª Região Mata Atlântica,250060,2019
PB,25001,1ª Região Mata Atlântica,250180,2019
PB,25001,1ª Região Mata Atlântica,250300,2019
PB,25001,1ª Região Mata Atlântica,250320,2019
PB,25001,1ª Região Mata Atlântica,250460,2019
PB,25001,1ª Região Mata Atlântica,250490,2019
PB,25001,1ª Região Mata Atlântica,250750,2019
PB,25001,1ª Região Mata Atlântica,250860,2019
PB,25001,1ª Região Mata Atlântica,250910,2019
PB,25001,1ª Região Mata Atlântica,251190,2019
PB,25001,1ª Região Mata Atlântica,251276,2019
PB,25001,1ª Região Mata Atlântica,251370,2019
PB,25001,1ª Região Mata Atlântica,251530,2019
PB,25001,1ª Região Mata Atlântica,251597,2019
PB,25002,2ª Região,250050,2019
PB,25002,2ª Região,250080,2019
PB,25002,2ª Região,250100,2019
PB,25002,2ª Região,250150,2019
PB,25002,2ª Região,250190,2019
PB,25002,2ª Região,250270,2019
PB,25002,2ª Região,250350,2019
PB,25002,2ª Região,250360,2019
PB,25002,2ª Região,250415,2019
PB,25002,2ª Região,250520,2019
PB,25002,2ª Região,250570,2019
PB,25002,2ª Região,250580,2019
PB,25002,2ª Região,250630,2019
PB,25002,2ª Região,250820,2019
PB,25002,2ª Região,250855,2019
PB,25002,2ª Região,250980,2019
PB,25002,2ª Região,251160,2019
PB,25002,2ª Região,251170,2019
PB,25002,2ª Região,251180,2019
PB,25002,2ª Região,251274,2019
PB,25002,2ª Região,251560,2019
PB,25002,2ª Região,251590,2019
PB,25002,2ª Região,251593,2019
PB,25002,2ª Região,251600,2019
PB,25002,2ª Região,251640,2019
PB,25003,3ª Região,250030,2019
PB,25003,3ª Região,250040,2019
PB,25003,3ª Região,250057,2019
PB,25003,3ª Região,250090,2019
PB,25003,3ª Região,250110,2019
PB,25003,3ª Região,250120,2019
PB,25003,3ª Região,250600,2019
PB,25003,3ª Região,250830,2019
PB,25003,3ª Região,250933,2019
PB,25003,3ª Região,250950,2019
PB,25003,3ª Região,251270,2019
PB,25003,3ª Região,251510,2019
PB,25004,4ª Região,250153,2019
PB,25004,4ª Região,250160,2019
PB,25004,4ª Região,250500,2019
PB,25004,4ª Região,250510,2019
PB,25004,4ª Região,250535,2019
PB,25004,4ª Região,250620,2019
PB,25004,4ª Região,251010,2019
PB,25004,4ª Região,251030,2019
PB,25004,4ª Região,251110,2019
PB,25004,4ª Região,251140,2019
PB,25004,4ª Região,251540,2019
PB,25004,4ª Região,251615,2019
PB,25005,5ª Região,250073,2019
PB,25005,5ª Região,250390,2019
PB,25005,5ª Região,250407,2019
PB,25005,5ª Região,250470,2019
PB,25005,5ª Região,250485,2019
PB,25005,5ª Região,250650,2019
PB,25005,5ª Região,250970,2019
PB,25005,5ª Região,251060,2019
PB,25005,5ª Região,251065,2019
PB,25005,5ª Região,251220,2019
PB,25005,5ª Região,251400,2019
PB,25005,5ª Região,251410,2019
PB,25005,5ª Região,251480,2019
PB,25005,5ª Região,251520,2019
PB,25005,5ª Região,251550,2019
PB,25005,5ª Região,251630,2019
PB,25005,5ª Região,251740,2019
PB,25006,6ª Região,250115,2019
PB,25006,6ª Região,250340,2019
PB,25006,6ª Região,250355,2019
PB,25006,6ª Região,250420,2019
PB,25006,6ª Região,250450,2019
PB,25006,6ª Região,250540,2019
PB,25006,6ª Região,250550,2019
PB,25006,6ª Região,250590,2019
PB,25006,6ª Região,250780,2019
PB,25006,6ª Região,250870,2019
PB,25006,6ª Região,250880,2019
PB,25006,6ª Região,250939,2019
PB,25006,6ª Região,251070,2019
PB,25006,6ª Região,251080,2019
PB,25006,6ª Região,251260,2019
PB,25006,6ª Região,251300,2019
PB,25006,6ª Região,251340,2019
PB,25006,6ª Região,251380,2019
PB,25006,6ª Região,251440,2019
PB,25006,6ª Região,251460,2019
PB,25006,6ª Região,251470,2019
PB,25006,6ª Região,251490,2019
PB,25006,6ª Região,251670,2019
PB,25006,6ª Região,251710,2019
PB,25007,7ª Região,250020,2019
PB,25007,7ª Região,250210,2019
PB,25007,7ª Região,250260,2019
PB,25007,7ª Região,250440,2019
PB,25007,7ª Região,250480,2019
PB,25007,7ª Região,250530,2019
PB,25007,7ª Região,250560,2019
PB,25007,7ª Região,250660,2019
PB,25007,7ª Região,250700,2019
PB,25007,7ª Região,251020,2019
PB,25007,7ª Região,251040,2019
PB,25007,7ª Região,251100,2019
PB,25007,7ª Região,251130,2019
PB,25007,7ª Região,251335,2019
PB,25007,7ª Região,251350,2019
PB,25007,7ª Região,251360,2019
PB,25007,7ª Região,251430,2019
PB,25007,7ª Região,251570,2019
PB,25008,8ª Região,250200,2019
PB,25008,8ª Região,250230,2019
PB,25008,8ª Região,250280,2019
PB,25008,8ª Região,250290,2019
PB,25008,8ª Região,250430,2019
PB,25008,8ª Região,250740,2019
PB,25008,8ª Região,250937,2019
PB,25008,8ª Região,251280,2019
PB,25008,8ª Região,251390,2019
PB,25008,8ª Região,251465,2019
PB,25009,9ª Região,250070,2019
PB,25009,9ª Região,250205,2019
PB,25009,9ª Região,250220,2019
PB,25009,9ª Região,250240,2019
PB,25009,9ª Região,250330,2019
PB,25009,9ª Região,250370,2019
PB,25009,9ª Região,250410,2019
PB,25009,9ª Região,250960,2019
PB,25009,9ª Região,251203,2019
PB,25009,9ª Região,251207,2019
PB,25009,9ª Região,251330,2019
PB,25009,9ª Região,251365,2019
PB,25009,9ª Região,251450,2019
PB,25009,9ª Região,251680,2019
PB,25009,9ª Região,251690,2019
PB,25010,10ª Região,250077,2019
PB,25010,10ª Região,250840,2019
PB,25010,10ª Região,250915,2019
PB,25010,10ª Região,251000,2019
PB,25010,10ª Região,251320,2019
PB,25010,10ª Região,251398,2019
PB,25010,10ª Região,251420,2019
PB,25010,10ª Região,251620,2019
PB,25010,10ª Região,251720,2019
PB,25011,11ª Região,250010,2019
PB,25011,11ª Região,250670,2019
PB,25011,11ª Região,250800,2019
PB,25011,11ª Região,250900,2019
PB,25011,11ª Região,251230,2019
PB,25011,11ª Região,251455,2019
PB,25011,11ª Região,251660,2019
PB,25012,12ª Região,250380,2019
PB,25012,12ª Região,250640,2019
PB,25012,12ª Região,250680,2019
PB,25012,12ª Região,250690,2019
PB,25012,12ª Região,250720,2019
PB,25012,12ª Região,250760,2019
PB,25012,12ª Região,250790,2019
PB,25012,12ª Região,250940,2019
PB,25012,12ª Região,251120,2019
PB,25012,12ª Região,251150,2019
PB,25012,12ª Região,251275,2019
PB,25012,12ª Região,251310,2019
PB,25012,12ª Região,251445,2019
PB,25012,12ª Região,251500,2019
PB,25013,13ª Região,250375,2019
PB,25013,13ª Região,250810,2019
PB,25013,13ª Região,251090,2019
PB,25013,13ª Região,251210,2019
PB,25013,13ª Região,251392,2019
PB,25013,13ª Região,251396,2019
PB,25014,14ª Região,250140,2019
PB,25014,14ª Região,250403,2019
PB,25014,14ª Região,250523,2019
PB,25014,14ª Região,250527,2019
PB,25014,14ª Região,250710,2019
PB,25014,14ª Região,250730,2019
PB,25014,14ª Região,250890,2019
PB,25014,14ª Região,250905,2019
PB,25014,14ª Região,250930,2019
PB,25014,14ª Região,251272,2019
PB,25014,14ª Região,251290,2019
PB,25015,15ª Região,250053,2019
PB,25015,15ª Região,250130,2019
PB,25015,15ª Região,250157,2019
PB,25015,15ª Região,250170,2019
PB,25015,15ª Região,250250,2019
PB,25015,15ª Região,250310,2019
PB,25015,15ª Região,250435,2019
PB,25015,15ª Região,250625,2019
PB,25015,15ª Região,250990,2019
PB,25015,15ª Região,251250,2019
PB,25015,15ª Região,251278,2019
PB,25015,15ª Região,251315,2019
PB,25015,15ª Região,251394,2019
PB,25015,15ª Região,251700,2019
PB,25016,16ª Região,250135,2019
PB,25016,16ª Região,250215,2019
PB,25016,16ª Região,250400,2019
PB,25016,16ª Região,250610,2019
PB,25016,16ª Região,250770,2019
PB,25016,16ª Região,250850,2019
PB,25016,16ª Região,250920,2019
PB,25016,16ª Região,251050,2019
PB,25016,16ª Região,251200,2019
PB,25016,16ª Região,251240,2019
PB,25016,16ª Região,251385,2019
PB,25016,16ª Região,251580,2019
PB,25016,16ª Região,251610,2019
PB,25016,16ª Região,251650,2019
PB,25016,16ª Região,251675,2019
PE,26001,Afogados da Ingazeira,260010,2019
PE,26001,Afogados da Ingazeira,260250,2019
PE,26001,Afogados da Ingazeira,260390,2019
PE,26001,Afogados da Ingazeira,260690,2019
PE,26001,Afogados da Ingazeira,260710,2019
PE,26001,Afogados da Ingazeira,260770,2019
PE,26001,Afogados da Ingazeira,261153,2019
PE,26001,Afogados da Ingazeira,261280,2019
PE,26001,Afogados da Ingazeira,261360,2019
PE,26001,Afogados da Ingazeira,261440,2019
PE,26001,Afogados da Ingazeira,261460,2019
PE,26001,Afogados da Ingazeira,261590,2019
PE,26002,Arcoverde,260120,2019
PE,26002,Arcoverde,260280,2019
PE,26002,Arcoverde,260510,2019
PE,26002,Arcoverde,260660,2019
PE,26002,Arcoverde,260700,2019
PE,26002,Arcoverde,260805,2019
PE,26002,Arcoverde,260915,2019
PE,26002,Arcoverde,261080,2019
PE,26002,Arcoverde,261100,2019
PE,26002,Arcoverde,261410,2019
PE,26002,Arcoverde,261480,2019
PE,26002,Arcoverde,261580,2019
PE,26002,Arcoverde,261600,2019
PE,26003,Caruaru,260030,2019
PE,26003,Caruaru,260060,2019
PE,26003,Caruaru,260080,2019
PE,26003,Caruaru,260130,2019
PE,26003,Caruaru,260170,2019
PE,26003,Caruaru,260190,2019
PE,26003,Caruaru,260230,2019
PE,26003,Caruaru,260260,2019
PE,26003,Caruaru,260310,2019
PE,26003,Caruaru,260350,2019
PE,26003,Caruaru,260410,2019
PE,26003,Caruaru,260500,2019
PE,26003,Caruaru,260580,2019
PE,26003,Caruaru,260640,2019
PE,26003,Caruaru,260670,2019
PE,26003,Caruaru,260800,2019
PE,26003,Caruaru,260840,2019
PE,26003,Caruaru,261020,2019
PE,26003,Caruaru,261090,2019
PE,26003,Caruaru,261120,2019
PE,26003,Caruaru,261170,2019
PE,26003,Caruaru,261200,2019
PE,26003,Caruaru,261240,2019
PE,26003,Caruaru,261250,2019
PE,26003,Caruaru,261270,2019
PE,26003,Caruaru,261300,2019
PE,26003,Caruaru,261310,2019
PE,26003,Caruaru,261330,2019
PE,26003,Caruaru,261470,2019
PE,26003,Caruaru,261500,2019
PE,26003,Caruaru,261540,2019
PE,26003,Caruaru,261620,2019
PE,26004,Garanhuns,260050,2019
PE,26004,Garanhuns,260100,2019
PE,26004,Garanhuns,260210,2019
PE,26004,Garanhuns,260240,2019
PE,26004,Garanhuns,260320,2019
PE,26004,Garanhuns,260330,2019
PE,26004,Garanhuns,260370,2019
PE,26004,Garanhuns,260380,2019
PE,26004,Garanhuns,260470,2019
PE,26004,Garanhuns,260600,2019
PE,26004,Garanhuns,260650,2019
PE,26004,Garanhuns,260750,2019
PE,26004,Garanhuns,260825,2019
PE,26004,Garanhuns,260830,2019
PE,26004,Garanhuns,260860,2019
PE,26004,Garanhuns,260880,2019
PE,26004,Garanhuns,261010,2019
PE,26004,Garanhuns,261030,2019
PE,26004,Garanhuns,261230,2019
PE,26004,Garanhuns,261320,2019
PE,26004,Garanhuns,261510,2019
PE,26005,Goiana,260070,2019
PE,26005,Goiana,260360,2019
PE,26005,Goiana,260460,2019
PE,26005,Goiana,260550,2019
PE,26005,Goiana,260620,2019
PE,26005,Goiana,260765,2019
PE,26005,Goiana,260780,2019
PE,26005,Goiana,260900,2019
PE,26005,Goiana,261380,2019
PE,26005,Goiana,261530,2019
PE,26006,Limoeiro,260220,2019
PE,26006,Limoeiro,260270,2019
PE,26006,Limoeiro,260400,2019
PE,26006,Limoeiro,260415,2019
PE,26006,Limoeiro,260490,2019
PE,26006,Limoeiro,260540,2019
PE,26006,Limoeiro,260810,2019
PE,26006,Limoeiro,260845,2019
PE,26006,Limoeiro,260850,2019
PE,26006,Limoeiro,260890,2019
PE,26006,Limoeiro,260910,2019
PE,26006,Limoeiro,260950,2019
PE,26006,Limoeiro,260970,2019
PE,26006,Limoeiro,261050,2019
PE,26006,Limoeiro,261060,2019
PE,26006,Limoeiro,261210,2019
PE,26006,Limoeiro,261450,2019
PE,26006,Limoeiro,261550,2019
PE,26006,Limoeiro,261618,2019
PE,26006,Limoeiro,261630,2019
PE,26007,Ouricuri,260110,2019
PE,26007,Ouricuri,260200,2019
PE,26007,Ouricuri,260530,2019
PE,26007,Ouricuri,260630,2019
PE,26007,Ouricuri,260730,2019
PE,26007,Ouricuri,260990,2019
PE,26007,Ouricuri,261040,2019
PE,26007,Ouricuri,261245,2019
PE,26007,Ouricuri,261255,2019
PE,26007,Ouricuri,261430,2019
PE,26007,Ouricuri,261560,2019
PE,26008,Palmares,260040,2019
PE,26008,Palmares,260090,2019
PE,26008,Palmares,260140,2019
PE,26008,Palmares,260150,2019
PE,26008,Palmares,260420,2019
PE,26008,Palmares,260480,2019
PE,26008,Palmares,260520,2019
PE,26008,Palmares,260590,2019
PE,26008,Palmares,260795,2019
PE,26008,Palmares,260820,2019
PE,26008,Palmares,260870,2019
PE,26008,Palmares,260920,2019
PE,26008,Palmares,261000,2019
PE,26008,Palmares,261140,2019
PE,26008,Palmares,261150,2019
PE,26008,Palmares,261180,2019
PE,26008,Palmares,261190,2019
PE,26008,Palmares,261290,2019
PE,26008,Palmares,261340,2019
PE,26008,Palmares,261420,2019
PE,26008,Palmares,261485,2019
PE,26008,Palmares,261650,2019
PE,26009,Petrolina,260020,2019
PE,26009,Petrolina,260300,2019
PE,26009,Petrolina,260515,2019
PE,26009,Petrolina,260875,2019
PE,26009,Petrolina,260980,2019
PE,26009,Petrolina,261110,2019
PE,26009,Petrolina,261260,2019
PE,26010,Recife,260005,2019
PE,26010,Recife,260105,2019
PE,26010,Recife,260290,2019
PE,26010,Recife,260345,2019
PE,26010,Recife,260440,2019
PE,26010,Recife,260450,2019
PE,26010,Recife,260545,2019
PE,26010,Recife,260610,2019
PE,26010,Recife,260680,2019
PE,26010,Recife,260720,2019
PE,26010,Recife,260760,2019
PE,26010,Recife,260775,2019
PE,26010,Recife,260790,2019
PE,26010,Recife,260940,2019
PE,26010,Recife,260960,2019
PE,26010,Recife,261070,2019
PE,26010,Recife,261130,2019
PE,26010,Recife,261160,2019
PE,26010,Recife,261370,2019
PE,26010,Recife,261640,2019
PE,26011,Salgueiro,260160,2019
PE,26011,Salgueiro,260430,2019
PE,26011,Salgueiro,260930,2019
PE,26011,Salgueiro,261220,2019
PE,26011,Salgueiro,261400,2019
PE,26011,Salgueiro,261520,2019
PE,26011,Salgueiro,261610,2019
PE,26012,Serra Talhada,260180,2019
PE,26012,Serra Talhada,260340,2019
PE,26012,Serra Talhada,260392,2019
PE,26012,Serra Talhada,260560,2019
PE,26012,Serra Talhada,260570,2019
PE,26012,Serra Talhada,260740,2019
PE,26012,Serra Talhada,261247,2019
PE,26012,Serra Talhada,261350,2019
PE,26012,Serra Talhada,261390,2019
PE,26012,Serra Talhada,261570,2019
AL,27001,1ª Região de Saúde,270050,2019
AL,27001,1ª Região de Saúde,270060,2019
AL,27001,1ª Região de Saúde,270220,2019
AL,27001,1ª Região de Saúde,270280,2019
AL,27001,1ª Região de Saúde,270430,2019
AL,27001,1ª Região de Saúde,270470,2019
AL,27001,1ª Região de Saúde,270520,2019
AL,27001,1ª Região de Saúde,270644,2019
AL,27001,1ª Região de Saúde,270690,2019
AL,27001,1ª Região de Saúde,270770,2019
AL,27001,1ª Região de Saúde,270790,2019
AL,27001,1ª Região de Saúde,270890,2019
AL,27002,2ª Região de Saúde,270350,2019
AL,27002,2ª Região de Saúde,270360,2019
AL,27002,2ª Região de Saúde,270450,2019
AL,27002,2ª Região de Saúde,270510,2019
AL,27002,2ª Região de Saúde,270650,2019
AL,27002,2ª Região de Saúde,270730,2019
AL,27002,2ª Região de Saúde,270740,2019
AL,27002,2ª Região de Saúde,270850,2019
AL,27002,2ª Região de Saúde,270870,2019
AL,27003,3ª Região de Saúde,270110,2019
AL,27003,3ª Região de Saúde,270135,2019
AL,27003,3ª Região de Saúde,270210,2019
AL,27003,3ª Região de Saúde,270300,2019
AL,27003,3ª Região de Saúde,270380,2019
AL,27003,3ª Região de Saúde,270390,2019
AL,27003,3ª Região de Saúde,270550,2019
AL,27003,3ª Região de Saúde,270560,2019
AL,27003,3ª Região de Saúde,270810,2019
AL,27003,3ª Região de Saúde,270830,2019
AL,27003,3ª Região de Saúde,270930,2019
AL,27004,4ª Região de Saúde,270040,2019
AL,27004,4ª Região de Saúde,270130,2019
AL,27004,4ª Região de Saúde,270170,2019
AL,27004,4ª Região de Saúde,270190,2019
AL,27004,4ª Região de Saúde,270490,2019
AL,27004,4ª Região de Saúde,270660,2019
AL,27004,4ª Região de Saúde,270700,2019
AL,27004,4ª Região de Saúde,270760,2019
AL,27004,4ª Região de Saúde,270940,2019
AL,27005,5ª Região de Saúde,270020,2019
AL,27005,5ª Região de Saúde,270100,2019
AL,27005,5ª Região de Saúde,270140,2019
AL,27005,5ª Região de Saúde,270400,2019
AL,27005,5ª Região de Saúde,270780,2019
AL,27005,5ª Região de Saúde,270860,2019
AL,27005,5ª Região de Saúde,270915,2019
AL,27006,6ª Região de Saúde,270230,2019
AL,27006,6ª Região de Saúde,270270,2019
AL,27006,6ª Região de Saúde,270320,2019
AL,27006,6ª Região de Saúde,270375,2019
AL,27006,6ª Região de Saúde,270670,2019
AL,27006,6ª Região de Saúde,270680,2019
AL,27006,6ª Região de Saúde,270750,2019
AL,27006,6ª Região de Saúde,270820,2019
AL,27007,7ª Região de Saúde,270030,2019
AL,27007,7ª Região de Saúde,270070,2019
AL,27007,7ª Região de Saúde,270090,2019
AL,27007,7ª Região de Saúde,270150,2019
AL,27007,7ª Região de Saúde,270200,2019
AL,27007,7ª Região de Saúde,270235,2019
AL,27007,7ª Região de Saúde,270260,2019
AL,27007,7ª Região de Saúde,270290,2019
AL,27007,7ª Região de Saúde,270340,2019
AL,27007,7ª Região de Saúde,270370,2019
AL,27007,7ª Região de Saúde,270410,2019
AL,27007,7ª Região de Saúde,270420,2019
AL,27007,7ª Região de Saúde,270440,2019
AL,27007,7ª Região de Saúde,270590,2019
AL,27007,7ª Região de Saúde,270880,2019
AL,27007,7ª Região de Saúde,270910,2019
AL,27007,7ª Região de Saúde,270920,2019
AL,27008,8ª Região de Saúde,270080,2019
AL,27008,8ª Região de Saúde,270120,2019
AL,27008,8ª Região de Saúde,270255,2019
AL,27008,8ª Região de Saúde,270310,2019
AL,27008,8ª Região de Saúde,270480,2019
AL,27008,8ª Região de Saúde,270530,2019
AL,27008,8ª Região de Saúde,270630,2019
AL,27008,8ª Região de Saúde,270900,2019
AL,27009,9ª Região de Saúde,270160,2019
AL,27009,9ª Região de Saúde,270180,2019
AL,27009,9ª Região de Saúde,270250,2019
AL,27009,9ª Região de Saúde,270460,2019
AL,27009,9ª Região de Saúde,270540,2019
AL,27009,9ª Região de Saúde,270570,2019
AL,27009,9ª Região de Saúde,270600,2019
AL,27009,9ª Região de Saúde,270610,2019
AL,27009,9ª Região de Saúde,270620,2019
AL,27009,9ª Região de Saúde,270640,2019
AL,27009,9ª Região de Saúde,270720,2019
AL,27009,9ª Região de Saúde,270800,2019
AL,27009,9ª Região de Saúde,270840,2019
AL,27009,9ª Região de Saúde,270895,2019
AL,27010,10ª Região de Saúde,270010,2019
AL,27010,10ª Região de Saúde,270240,2019
AL,27010,10ª Região de Saúde,270330,2019
AL,27010,10ª Região de Saúde,270500,2019
AL,27010,10ª Região de Saúde,270580,2019
AL,27010,10ª Região de Saúde,270642,2019
AL,27010,10ª Região de Saúde,270710,2019
SE,28001,Aracaju,280030,2019
SE,28001,Aracaju,280060,2019
SE,28001,Aracaju,280200,2019
SE,28001,Aracaju,280320,2019
SE,28001,Aracaju,280360,2019
SE,28001,Aracaju,280590,2019
SE,28001,Aracaju,280650,2019
SE,28001,Aracaju,280670,2019
SE,28002,Estância,280040,2019
SE,28002,Estância,280067,2019
SE,28002,Estância,280170,2019
SE,28002,Estância,280210,2019
SE,28002,Estância,280280,2019
SE,28002,Estância,280300,2019
SE,28002,Estância,280510,2019
SE,28002,Estância,280630,2019
SE,28002,Estância,280750,2019
SE,28002,Estância,280760,2019
SE,28003,Itabaiana,280050,2019
SE,28003,Itabaiana,280100,2019
SE,28003,Itabaiana,280140,2019
SE,28003,Itabaiana,280230,2019
SE,28003,Itabaiana,280290,2019
SE,28003,Itabaiana,280370,2019
SE,28003,Itabaiana,280390,2019
SE,28003,Itabaiana,280410,2019
SE,28003,Itabaiana,280445,2019
SE,28003,Itabaiana,280500,2019
SE,28003,Itabaiana,280520,2019
SE,28003,Itabaiana,280600,2019
SE,28003,Itabaiana,280680,2019
SE,28003,Itabaiana,280700,2019
SE,28004,Lagarto,280350,2019
SE,28004,Lagarto,280550,2019
SE,28004,Lagarto,280580,2019
SE,28004,Lagarto,280620,2019
SE,28004,Lagarto,280710,2019
SE,28004,Lagarto,280740,2019
SE,28005,Nossa Senhora da Glória,280120,2019
SE,28005,Nossa Senhora da Glória,280220,2019
SE,28005,Nossa Senhora da Glória,280240,2019
SE,28005,Nossa Senhora da Glória,280260,2019
SE,28005,Nossa Senhora da Glória,280310,2019
SE,28005,Nossa Senhora da Glória,280420,2019
SE,28005,Nossa Senhora da Glória,280450,2019
SE,28005,Nossa Senhora da Glória,280540,2019
SE,28005,Nossa Senhora da Glória,280560,2019
SE,28006,Nossa Senhora do Socorro,280130,2019
SE,28006,Nossa Senhora do Socorro,280150,2019
SE,28006,Nossa Senhora do Socorro,280190,2019
SE,28006,Nossa Senhora do Socorro,280250,2019
SE,28006,Nossa Senhora do Socorro,280330,2019
SE,28006,Nossa Senhora do Socorro,280400,2019
SE,28006,Nossa Senhora do Socorro,280460,2019
SE,28006,Nossa Senhora do Socorro,280480,2019
SE,28006,Nossa Senhora do Socorro,280530,2019
SE,28006,Nossa Senhora do Socorro,280610,2019
SE,28006,Nossa Senhora do Socorro,280660,2019
SE,28006,Nossa Senhora do Socorro,280720,2019
SE,28007,Propriá,280010,2019
SE,28007,Propriá,280020,2019
SE,28007,Propriá,280070,2019
SE,28007,Propriá,280110,2019
SE,28007,Propriá,280160,2019
SE,28007,Propriá,280270,2019
SE,28007,Propriá,280340,2019
SE,28007,Propriá,280380,2019
SE,28007,Propriá,280430,2019
SE,28007,Propriá,280440,2019
SE,28007,Propriá,280470,2019
SE,28007,Propriá,280490,2019
SE,28007,Propriá,280570,2019
SE,28007,Propriá,280640,2019
SE,28007,Propriá,280690,2019
SE,28007,Propriá,280730,2019
BA,29001,Alagoinhas,290030,2019
BA,29001,Alagoinhas,290070,2019
BA,29001,Alagoinhas,290190,2019
BA,29001,Alagoinhas,290205,2019
BA,29001,Alagoinhas,290220,2019
BA,29001,Alagoinhas,290700,2019
BA,29001,Alagoinhas,290750,2019
BA,29001,Alagoinhas,290960,2019
BA,29001,Alagoinhas,291050,2019
BA,29001,Alagoinhas,291060,2019
BA,29001,Alagoinhas,291370,2019
BA,29001,Alagoinhas,291590,2019
BA,29001,Alagoinhas,291650,2019
BA,29001,Alagoinhas,291790,2019
BA,29001,Alagoinhas,292330,2019
BA,29001,Alagoinhas,292410,2019
BA,29001,Alagoinhas,292700,2019
BA,29001,Alagoinhas,292970,2019
BA,29002,Barreiras,290140,2019
BA,29002,Barreiras,290250,2019
BA,29002,Barreiras,290320,2019
BA,29002,Barreiras,290440,2019
BA,29002,Barreiras,290740,2019
BA,29002,Barreiras,290940,2019
BA,29002,Barreiras,290970,2019
BA,29002,Barreiras,291110,2019
BA,29002,Barreiras,291955,2019
BA,29002,Barreiras,292045,2019
BA,29002,Barreiras,292620,2019
BA,29002,Barreiras,292840,2019
BA,29002,Barreiras,292890,2019
BA,29002,Barreiras,293090,2019
BA,29002,Barreiras,293345,2019
BA,29003,Brumado,290050,2019
BA,29003,Brumado,290200,2019
BA,29003,Brumado,290280,2019
BA,29003,Brumado,290410,2019
BA,29003,Brumado,290420,2019
BA,29003,Brumado,290460,2019
BA,29003,Brumado,290755,2019
BA,29003,Brumado,290880,2019
BA,29003,Brumado,291010,2019
BA,29003,Brumado,291165,2019
BA,29003,Brumado,291220,2019
BA,29003,Brumado,291250,2019
BA,29003,Brumado,291720,2019
BA,29003,Brumado,291860,2019
BA,29003,Brumado,291950,2019
BA,29003,Brumado,291980,2019
BA,29003,Brumado,292030,2019
BA,29003,Brumado,292360,2019
BA,29003,Brumado,292670,2019
BA,29003,Brumado,292690,2019
BA,29003,Brumado,293100,2019
BA,29004,Camaçari,290570,2019
BA,29004,Camaçari,290860,2019
BA,29004,Camaçari,291005,2019
BA,29004,Camaçari,292100,2019
BA,29004,Camaçari,292520,2019
BA,29004,Camaçari,293070,2019
BA,29005,Cruz das Almas,290485,2019
BA,29005,Cruz das Almas,290490,2019
BA,29005,Cruz das Almas,290820,2019
BA,29005,Cruz das Almas,290980,2019
BA,29005,Cruz das Almas,291160,2019
BA,29005,Cruz das Almas,292060,2019
BA,29005,Cruz das Almas,292230,2019
BA,29005,Cruz das Almas,292900,2019
BA,29005,Cruz das Almas,292960,2019
BA,29006,Feira de Santana,290110,2019
BA,29006,Feira de Santana,290150,2019
BA,29006,Feira de Santana,290170,2019
BA,29006,Feira de Santana,290260,2019
BA,29006,Feira de Santana,290640,2019
BA,29006,Feira de Santana,290685,2019
BA,29006,Feira de Santana,290850,2019
BA,29006,Feira de Santana,290890,2019
BA,29006,Feira de Santana,291080,2019
BA,29006,Feira de Santana,291125,2019
BA,29006,Feira de Santana,291330,2019
BA,29006,Feira de Santana,291380,2019
BA,29006,Feira de Santana,291400,2019
BA,29006,Feira de Santana,291450,2019
BA,29006,Feira de Santana,292210,2019
BA,29006,Feira de Santana,292273,2019
BA,29006,Feira de Santana,292405,2019
BA,29006,Feira de Santana,292465,2019
BA,29006,Feira de Santana,292595,2019
BA,29006,Feira de Santana,292630,2019
BA,29006,Feira de Santana,292750,2019
BA,29006,Feira de Santana,292830,2019
BA,29006,Feira de Santana,292880,2019
BA,29006,Feira de Santana,292930,2019
BA,29006,Feira de Santana,293040,2019
BA,29006,Feira de Santana,293110,2019
BA,29006,Feira de Santana,293140,2019
BA,29006,Feira de Santana,293170,2019
BA,29007,Guanambi,290500,2019
BA,29007,Guanambi,290520,2019
BA,29007,Guanambi,290660,2019
BA,29007,Guanambi,290710,2019
BA,29007,Guanambi,291170,2019
BA,29007,Guanambi,291200,2019
BA,29007,Guanambi,291340,2019
BA,29007,Guanambi,291733,2019
BA,29007,Guanambi,291740,2019
BA,29007,Guanambi,291875,2019
BA,29007,Guanambi,291940,2019
BA,29007,Guanambi,292020,2019
BA,29007,Guanambi,292105,2019
BA,29007,Guanambi,292180,2019
BA,29007,Guanambi,292340,2019
BA,29007,Guanambi,292450,2019
BA,29007,Guanambi,292640,2019
BA,29007,Guanambi,292680,2019
BA,29007,Guanambi,293000,2019
BA,29007,Guanambi,293105,2019
BA,29007,Guanambi,293260,2019
BA,29008,Ibotirama,290270,2019
BA,29008,Ibotirama,290450,2019
BA,29008,Ibotirama,290475,2019
BA,29008,Ibotirama,291320,2019
BA,29008,Ibotirama,291410,2019
BA,29008,Ibotirama,292160,2019
BA,29008,Ibotirama,292225,2019
BA,29008,Ibotirama,292320,2019
BA,29008,Ibotirama,292370,2019
BA,29009,Ilhéus,290225,2019
BA,29009,Ilhéus,290630,2019
BA,29009,Ilhéus,291360,2019
BA,29009,Ilhéus,291490,2019
BA,29009,Ilhéus,292090,2019
BA,29009,Ilhéus,292805,2019
BA,29009,Ilhéus,293250,2019
BA,29009,Ilhéus,293270,2019
BA,29010,Irecê,290115,2019
BA,29010,Irecê,290300,2019
BA,29010,Irecê,290323,2019
BA,29010,Irecê,290530,2019
BA,29010,Irecê,290620,2019
BA,29010,Irecê,290760,2019
BA,29010,Irecê,291130,2019
BA,29010,Irecê,291240,2019
BA,29010,Irecê,291310,2019
BA,29010,Irecê,291460,2019
BA,29010,Irecê,291535,2019
BA,29010,Irecê,291835,2019
BA,29010,Irecê,291850,2019
BA,29010,Irecê,291915,2019
BA,29010,Irecê,292205,2019
BA,29010,Irecê,292560,2019
BA,29010,Irecê,292925,2019
BA,29010,Irecê,293240,2019
BA,29010,Irecê,293360,2019
BA,29011,Itaberaba,290130,2019
BA,29011,Itaberaba,290380,2019
BA,29011,Itaberaba,290405,2019
BA,29011,Itaberaba,291190,2019
BA,29011,Itaberaba,291260,2019
BA,29011,Itaberaba,291470,2019
BA,29011,Itaberaba,291500,2019
BA,29011,Itaberaba,291900,2019
BA,29011,Itaberaba,291960,2019
BA,29011,Itaberaba,292080,2019
BA,29011,Itaberaba,292285,2019
BA,29011,Itaberaba,292720,2019
BA,29011,Itaberaba,293280,2019
BA,29011,Itaberaba,293340,2019
BA,29012,Itabuna,290090,2019
BA,29012,Itabuna,290240,2019
BA,29012,Itabuna,290330,2019
BA,29012,Itabuna,290470,2019
BA,29012,Itabuna,290560,2019
BA,29012,Itabuna,290800,2019
BA,29012,Itabuna,291100,2019
BA,29012,Itabuna,291150,2019
BA,29012,Itabuna,291210,2019
BA,29012,Itabuna,291270,2019
BA,29012,Itabuna,291480,2019
BA,29012,Itabuna,291540,2019
BA,29012,Itabuna,291550,2019
BA,29012,Itabuna,291620,2019
BA,29012,Itabuna,291660,2019
BA,29012,Itabuna,291855,2019
BA,29012,Itabuna,292070,2019
BA,29012,Itabuna,292390,2019
BA,29012,Itabuna,292780,2019
BA,29012,Itabuna,292935,2019
BA,29012,Itabuna,293220,2019
BA,29012,Itabuna,293230,2019
BA,29013,Itapetinga,290480,2019
BA,29013,Itapetinga,291090,2019
BA,29013,Itapetinga,291230,2019
BA,29013,Itapetinga,291350,2019
BA,29013,Itapetinga,291580,2019
BA,29013,Itapetinga,291640,2019
BA,29013,Itapetinga,291680,2019
BA,29013,Itapetinga,291710,2019
BA,29013,Itapetinga,291970,2019
BA,29013,Itapetinga,292000,2019
BA,29013,Itapetinga,292270,2019
BA,29013,Itapetinga,292540,2019
BA,29014,Jacobina,290510,2019
BA,29014,Jacobina,290550,2019
BA,29014,Jacobina,290687,2019
BA,29014,Jacobina,291750,2019
BA,29014,Jacobina,292010,2019
BA,29014,Jacobina,292120,2019
BA,29014,Jacobina,292140,2019
BA,29014,Jacobina,292170,2019
BA,29014,Jacobina,292335,2019
BA,29014,Jacobina,292480,2019
BA,29014,Jacobina,292593,2019
BA,29014,Jacobina,292937,2019
BA,29014,Jacobina,292980,2019
BA,29014,Jacobina,293060,2019
BA,29014,Jacobina,293130,2019
BA,29014,Jacobina,293245,2019
BA,29014,Jacobina,293305,2019
BA,29014,Jacobina,293310,2019
BA,29014,Jacobina,293315,2019
BA,29015,Jequié,290060,2019
BA,29015,Jequié,290195,2019
BA,29015,Jequié,290310,2019
BA,29015,Jequié,290370,2019
BA,29015,Jequié,290430,2019
BA,29015,Jequié,290950,2019
BA,29015,Jequié,291000,2019
BA,29015,Jequié,291290,2019
BA,29015,Jequié,291390,2019
BA,29015,Jequié,291420,2019
BA,29015,Jequié,291430,2019
BA,29015,Jequié,291510,2019
BA,29015,Jequié,291520,2019
BA,29015,Jequié,291570,2019
BA,29015,Jequié,291670,2019
BA,29015,Jequié,291690,2019
BA,29015,Jequié,291760,2019
BA,29015,Jequié,291800,2019
BA,29015,Jequié,291830,2019
BA,29015,Jequié,291870,2019
BA,29015,Jequié,291905,2019
BA,29015,Jequié,292040,2019
BA,29015,Jequié,292050,2019
BA,29015,Jequié,292280,2019
BA,29015,Jequié,292490,2019
BA,29015,Jequié,292790,2019
BA,29016,Juazeiro,290590,2019
BA,29016,Juazeiro,290682,2019
BA,29016,Juazeiro,290720,2019
BA,29016,Juazeiro,290990,2019
BA,29016,Juazeiro,291840,2019
BA,29016,Juazeiro,292440,2019
BA,29016,Juazeiro,292600,2019
BA,29016,Juazeiro,293020,2019
BA,29016,Juazeiro,293077,2019
BA,29016,Juazeiro,293200,2019
BA,29017,Paulo Afonso,290020,2019
BA,29017,Paulo Afonso,290770,2019
BA,29017,Paulo Afonso,291140,2019
BA,29017,Paulo Afonso,291810,2019
BA,29017,Paulo Afonso,291990,2019
BA,29017,Paulo Afonso,292400,2019
BA,29017,Paulo Afonso,292420,2019
BA,29017,Paulo Afonso,292710,2019
BA,29017,Paulo Afonso,292760,2019
BA,29018,Porto Seguro,290340,2019
BA,29018,Porto Seguro,291072,2019
BA,29018,Porto Seguro,291180,2019
BA,29018,Porto Seguro,291465,2019
BA,29018,Porto Seguro,291530,2019
BA,29018,Porto Seguro,291630,2019
BA,29018,Porto Seguro,292530,2019
BA,29018,Porto Seguro,292770,2019
BA,29019,Ribeira do Pombal,290035,2019
BA,29019,Ribeira do Pombal,290160,2019
BA,29019,Ribeira do Pombal,290265,2019
BA,29019,Ribeira do Pombal,290780,2019
BA,29019,Ribeira do Pombal,290790,2019
BA,29019,Ribeira do Pombal,290920,2019
BA,29019,Ribeira do Pombal,291075,2019
BA,29019,Ribeira do Pombal,291185,2019
BA,29019,Ribeira do Pombal,292290,2019
BA,29019,Ribeira do Pombal,292305,2019
BA,29019,Ribeira do Pombal,292310,2019
BA,29019,Ribeira do Pombal,292380,2019
BA,29019,Ribeira do Pombal,292650,2019
BA,29019,Ribeira do Pombal,292660,2019
BA,29019,Ribeira do Pombal,293076,2019
BA,29020,Salvador,290650,2019
BA,29020,Salvador,291610,2019
BA,29020,Salvador,291920,2019
BA,29020,Salvador,291992,2019
BA,29020,Salvador,292740,2019
BA,29020,Salvador,292860,2019
BA,29020,Salvador,292920,2019
BA,29020,Salvador,292950,2019
BA,29020,Salvador,292975,2019
BA,29020,Salvador,293320,2019
BA,29021,Santa Maria da Vitória,290390,2019
BA,29021,Santa Maria da Vitória,290610,2019
BA,29021,Santa Maria da Vitória,290810,2019
BA,29021,Santa Maria da Vitória,290910,2019
BA,29021,Santa Maria da Vitória,290930,2019
BA,29021,Santa Maria da Vitória,291077,2019
BA,29021,Santa Maria da Vitória,291735,2019
BA,29021,Santa Maria da Vitória,292810,2019
BA,29021,Santa Maria da Vitória,292820,2019
BA,29021,Santa Maria da Vitória,292905,2019
BA,29021,Santa Maria da Vitória,293015,2019
BA,29021,Santa Maria da Vitória,293030,2019
BA,29021,Santa Maria da Vitória,293075,2019
BA,29022,Santo Antônio de Jesus,290100,2019
BA,29022,Santo Antônio de Jesus,290230,2019
BA,29022,Santo Antônio de Jesus,290730,2019
BA,29022,Santo Antônio de Jesus,290830,2019
BA,29022,Santo Antônio de Jesus,291020,2019
BA,29022,Santo Antônio de Jesus,291030,2019
BA,29022,Santo Antônio de Jesus,291685,2019
BA,29022,Santo Antônio de Jesus,291780,2019
BA,29022,Santo Antônio de Jesus,291820,2019
BA,29022,Santo Antônio de Jesus,291880,2019
BA,29022,Santo Antônio de Jesus,292130,2019
BA,29022,Santo Antônio de Jesus,292220,2019
BA,29022,Santo Antônio de Jesus,292240,2019
BA,29022,Santo Antônio de Jesus,292250,2019
BA,29022,Santo Antônio de Jesus,292575,2019
BA,29022,Santo Antônio de Jesus,292730,2019
BA,29022,Santo Antônio de Jesus,292850,2019
BA,29022,Santo Antônio de Jesus,292870,2019
BA,29022,Santo Antônio de Jesus,292910,2019
BA,29022,Santo Antônio de Jesus,292940,2019
BA,29022,Santo Antônio de Jesus,293210,2019
BA,29022,Santo Antônio de Jesus,293317,2019
BA,29023,Seabra,290010,2019
BA,29023,Seabra,290400,2019
BA,29023,Seabra,291300,2019
BA,29023,Seabra,291440,2019
BA,29023,Seabra,291930,2019
BA,29023,Seabra,292190,2019
BA,29023,Seabra,292303,2019
BA,29023,Seabra,292350,2019
BA,29023,Seabra,292430,2019
BA,29023,Seabra,292990,2019
BA,29023,Seabra,293080,2019
BA,29024,Senhor do Bonfim,290135,2019
BA,29024,Senhor do Bonfim,290180,2019
BA,29024,Senhor do Bonfim,290600,2019
BA,29024,Senhor do Bonfim,291085,2019
BA,29024,Senhor do Bonfim,291700,2019
BA,29024,Senhor do Bonfim,291770,2019
BA,29024,Senhor do Bonfim,292460,2019
BA,29024,Senhor do Bonfim,292525,2019
BA,29024,Senhor do Bonfim,293010,2019
BA,29025,Serrinha,290040,2019
BA,29025,Serrinha,290210,2019
BA,29025,Serrinha,290327,2019
BA,29025,Serrinha,290360,2019
BA,29025,Serrinha,290680,2019
BA,29025,Serrinha,290840,2019
BA,29025,Serrinha,291070,2019
BA,29025,Serrinha,291910,2019
BA,29025,Serrinha,292150,2019
BA,29025,Serrinha,292265,2019
BA,29025,Serrinha,292580,2019
BA,29025,Serrinha,292590,2019
BA,29025,Serrinha,292610,2019
BA,29025,Serrinha,292800,2019
BA,29025,Serrinha,292895,2019
BA,29025,Serrinha,293050,2019
BA,29025,Serrinha,293150,2019
BA,29025,Serrinha,293190,2019
BA,29025,Serrinha,293300,2019
BA,29026,Teixeira de Freitas,290080,2019
BA,29026,Teixeira de Freitas,290690,2019
BA,29026,Teixeira de Freitas,291280,2019
BA,29026,Teixeira de Freitas,291560,2019
BA,29026,Teixeira de Freitas,291600,2019
BA,29026,Teixeira de Freitas,291845,2019
BA,29026,Teixeira de Freitas,291890,2019
BA,29026,Teixeira de Freitas,292110,2019
BA,29026,Teixeira de Freitas,292200,2019
BA,29026,Teixeira de Freitas,292300,2019
BA,29026,Teixeira de Freitas,292550,2019
BA,29026,Teixeira de Freitas,293135,2019
BA,29026,Teixeira de Freitas,293325,2019
BA,29027,Valença,290540,2019
BA,29027,Valença,290580,2019
BA,29027,Valença,291120,2019
BA,29027,Valença,291345,2019
BA,29027,Valença,291730,2019
BA,29027,Valença,292260,2019
BA,29027,Valença,292275,2019
BA,29027,Valença,292467,2019
BA,29027,Valença,293120,2019
BA,29027,Valença,293160,2019
BA,29027,Valença,293290,2019
BA,29027,Valença,293350,2019
BA,29028,Vitória da Conquista,290120,2019
BA,29028,Vitória da Conquista,290290,2019
BA,29028,Vitória da Conquista,290350,2019
BA,29028,Vitória da Conquista,290395,2019
BA,29028,Vitória da Conquista,290515,2019
BA,29028,Vitória da Conquista,290670,2019
BA,29028,Vitória da Conquista,290689,2019
BA,29028,Vitória da Conquista,290870,2019
BA,29028,Vitória da Conquista,290900,2019
BA,29028,Vitória da Conquista,291040,2019
BA,29028,Vitória da Conquista,291995,2019
BA,29028,Vitória da Conquista,292145,2019
BA,29028,Vitória da Conquista,292470,2019
BA,29028,Vitória da Conquista,292500,2019
BA,29028,Vitória da Conquista,292510,2019
BA,29028,Vitória da Conquista,292570,2019
BA,29028,Vitória da Conquista,292665,2019
BA,29028,Vitória da Conquista,293180,2019
BA,29028,Vitória da Conquista,293330,2019
MG,31001,Alfenas / Machado,310160,2019
MG,31001,Alfenas / Machado,310200,2019
MG,31001,Alfenas / Machado,310430,2019
MG,31001,Alfenas / Machado,310530,2019
MG,31001,Alfenas / Machado,310840,2019
MG,31001,Alfenas / Machado,311100,2019
MG,31001,Alfenas / Machado,311130,2019
MG,31001,Alfenas / Machado,311160,2019
MG,31001,Alfenas / Machado,311470,2019
MG,31001,Alfenas / Machado,311710,2019
MG,31001,Alfenas / Machado,312240,2019
MG,31001,Alfenas / Machado,312520,2019
MG,31001,Alfenas / Machado,313900,2019
MG,31001,Alfenas / Machado,314720,2019
MG,31001,Alfenas / Machado,315170,2019
MG,31001,Alfenas / Machado,316690,2019
MG,31002,Guaxupé,310410,2019
MG,31002,Guaxupé,310950,2019
MG,31002,Guaxupé,312830,2019
MG,31002,Guaxupé,312870,2019
MG,31002,Guaxupé,313690,2019
MG,31002,Guaxupé,314300,2019
MG,31002,Guaxupé,314410,2019
MG,31002,Guaxupé,316390,2019
MG,31003,Itajubá,310890,2019
MG,31003,Itajubá,311720,2019
MG,31003,Itajubá,311850,2019
MG,31003,Itajubá,312110,2019
MG,31003,Itajubá,312740,2019
MG,31003,Itajubá,313240,2019
MG,31003,Itajubá,313990,2019
MG,31003,Itajubá,314040,2019
MG,31003,Itajubá,314730,2019
MG,31003,Itajubá,314910,2019
MG,31003,Itajubá,315090,2019
MG,31003,Itajubá,315100,2019
MG,31003,Itajubá,316320,2019
MG,31003,Itajubá,316540,2019
MG,31003,Itajubá,317220,2019
MG,31004,Lavras,311460,2019
MG,31004,Lavras,313040,2019
MG,31004,Lavras,313080,2019
MG,31004,Lavras,313430,2019
MG,31004,Lavras,313450,2019
MG,31004,Lavras,313820,2019
MG,31004,Lavras,313870,2019
MG,31004,Lavras,314460,2019
MG,31004,Lavras,314990,2019
MG,31004,Lavras,315470,2019
MG,31006,Poços de Caldas,310140,2019
MG,31006,Poços de Caldas,310260,2019
MG,31006,Poços de Caldas,311030,2019
MG,31006,Poços de Caldas,312990,2019
MG,31006,Poços de Caldas,315180,2019
MG,31006,Poços de Caldas,315920,2019
MG,31007,Pouso Alegre,310790,2019
MG,31007,Pouso Alegre,310830,2019
MG,31007,Pouso Alegre,310910,2019
MG,31007,Pouso Alegre,310970,2019
MG,31007,Pouso Alegre,311050,2019
MG,31007,Pouso Alegre,311060,2019
MG,31007,Pouso Alegre,311360,2019
MG,31007,Pouso Alegre,311780,2019
MG,31007,Pouso Alegre,311790,2019
MG,31007,Pouso Alegre,311990,2019
MG,31007,Pouso Alegre,312440,2019
MG,31007,Pouso Alegre,312450,2019
MG,31007,Pouso Alegre,312510,2019
MG,31007,Pouso Alegre,312920,2019
MG,31007,Pouso Alegre,313060,2019
MG,31007,Pouso Alegre,313150,2019
MG,31007,Pouso Alegre,313360,2019
MG,31007,Pouso Alegre,313490,2019
MG,31007,Pouso Alegre,314340,2019
MG,31007,Pouso Alegre,314380,2019
MG,31007,Pouso Alegre,314440,2019
MG,31007,Pouso Alegre,314600,2019
MG,31007,Pouso Alegre,315250,2019
MG,31007,Pouso Alegre,315960,2019
MG,31007,Pouso Alegre,316230,2019
MG,31007,Pouso Alegre,316440,2019
MG,31007,Pouso Alegre,316557,2019
MG,31007,Pouso Alegre,316580,2019
MG,31007,Pouso Alegre,316740,2019
MG,31007,Pouso Alegre,316905,2019
MG,31007,Pouso Alegre,316910,2019
MG,31007,Pouso Alegre,316980,2019
MG,31008,São Lourenço,310120,2019
MG,31008,São Lourenço,310130,2019
MG,31008,São Lourenço,310490,2019
MG,31008,São Lourenço,311410,2019
MG,31008,São Lourenço,311480,2019
MG,31008,São Lourenço,311550,2019
MG,31008,São Lourenço,311770,2019
MG,31008,São Lourenço,312050,2019
MG,31008,São Lourenço,312080,2019
MG,31008,São Lourenço,312280,2019
MG,31008,São Lourenço,313300,2019
MG,31008,São Lourenço,313310,2019
MG,31008,São Lourenço,313590,2019
MG,31008,São Lourenço,313780,2019
MG,31008,São Lourenço,314190,2019
MG,31008,São Lourenço,314550,2019
MG,31008,São Lourenço,314760,2019
MG,31008,São Lourenço,315260,2019
MG,31008,São Lourenço,316370,2019
MG,31008,São Lourenço,316490,2019
MG,31008,São Lourenço,316640,2019
MG,31008,São Lourenço,316700,2019
MG,31008,São Lourenço,316780,2019
MG,31008,São Lourenço,317170,2019
MG,31009,São Sebastião do Paraíso,313290,2019
MG,31009,São Sebastião do Paraíso,313480,2019
MG,31009,São Sebastião do Paraíso,314320,2019
MG,31009,São Sebastião do Paraíso,315290,2019
MG,31009,São Sebastião do Paraíso,316470,2019
MG,31009,São Sebastião do Paraíso,316510,2019
MG,31010,Três Corações,311070,2019
MG,31010,Três Corações,311090,2019
MG,31010,Três Corações,311390,2019
MG,31010,Três Corações,316080,2019
MG,31010,Três Corações,316520,2019
MG,31010,Três Corações,316930,2019
MG,31011,Três Pontas,310710,2019
MG,31011,Três Pontas,311870,2019
MG,31011,Três Pontas,313050,2019
MG,31011,Três Pontas,315830,2019
MG,31011,Três Pontas,316940,2019
MG,31012,Varginha,311900,2019
MG,31012,Varginha,312360,2019
MG,31012,Varginha,314260,2019
MG,31012,Varginha,316200,2019
MG,31012,Varginha,317070,2019
MG,31013,Barbacena,310163,2019
MG,31013,Barbacena,310210,2019
MG,31013,Barbacena,310290,2019
MG,31013,Barbacena,310560,2019
MG,31013,Barbacena,311220,2019
MG,31013,Barbacena,311320,2019
MG,31013,Barbacena,311630,2019
MG,31013,Barbacena,312150,2019
MG,31013,Barbacena,312940,2019
MG,31013,Barbacena,314660,2019
MG,31013,Barbacena,315440,2019
MG,31013,Barbacena,315730,2019
MG,31013,Barbacena,315870,2019
MG,31013,Barbacena,315940,2019
MG,31013,Barbacena,316620,2019
MG,31015,São João Del Rei,310590,2019
MG,31015,São João Del Rei,310800,2019
MG,31015,São João Del Rei,311520,2019
MG,31015,São João Del Rei,311970,2019
MG,31015,São João Del Rei,312300,2019
MG,31015,São João Del Rei,313000,2019
MG,31015,São João Del Rei,313740,2019
MG,31015,São João Del Rei,313910,2019
MG,31015,São João Del Rei,314450,2019
MG,31015,São João Del Rei,315030,2019
MG,31015,São João Del Rei,315270,2019
MG,31015,São João Del Rei,315420,2019
MG,31015,São João Del Rei,315610,2019
MG,31015,São João Del Rei,315733,2019
MG,31015,São João Del Rei,316250,2019
MG,31015,São João Del Rei,316500,2019
MG,31015,São João Del Rei,316530,2019
MG,31015,São João Del Rei,316880,2019
MG,31016,Belo Horizonte/ Nova Lima/ Caeté,310620,2019
MG,31016,Belo Horizonte/ Nova Lima/ Caeté,310640,2019
MG,31016,Belo Horizonte/ Nova Lima/ Caeté,311000,2019
MG,31016,Belo Horizonte/ Nova Lima/ Caeté,313460,2019
MG,31016,Belo Horizonte/ Nova Lima/ Caeté,313660,2019
MG,31016,Belo Horizonte/ Nova Lima/ Caeté,314230,2019
MG,31016,Belo Horizonte/ Nova Lima/ Caeté,314480,2019
MG,31016,Belo Horizonte/ Nova Lima/ Caeté,315390,2019
MG,31016,Belo Horizonte/ Nova Lima/ Caeté,315460,2019
MG,31016,Belo Horizonte/ Nova Lima/ Caeté,315480,2019
MG,31016,Belo Horizonte/ Nova Lima/ Caeté,315670,2019
MG,31016,Belo Horizonte/ Nova Lima/ Caeté,315780,2019
MG,31016,Belo Horizonte/ Nova Lima/ Caeté,316830,2019
MG,31017,Betim,310670,2019
MG,31017,Betim,310810,2019
MG,31017,Betim,310900,2019
MG,31017,Betim,312060,2019
MG,31017,Betim,312410,2019
MG,31017,Betim,312600,2019
MG,31017,Betim,313010,2019
MG,31017,Betim,313665,2019
MG,31017,Betim,314015,2019
MG,31017,Betim,314070,2019
MG,31017,Betim,315040,2019
MG,31017,Betim,315530,2019
MG,31017,Betim,316292,2019
MG,31018,Contagem,311860,2019
MG,31018,Contagem,312980,2019
MG,31018,Contagem,316553,2019
MG,31019,Curvelo,310480,2019
MG,31019,Curvelo,310920,2019
MG,31019,Curvelo,311910,2019
MG,31019,Curvelo,312090,2019
MG,31019,Curvelo,312570,2019
MG,31019,Curvelo,313110,2019
MG,31019,Curvelo,314250,2019
MG,31019,Curvelo,314360,2019
MG,31019,Curvelo,315320,2019
MG,31019,Curvelo,316060,2019
MG,31019,Curvelo,316935,2019
MG,31020,Guanhães,311380,2019
MG,31020,Guanhães,312260,2019
MG,31020,Guanhães,312310,2019
MG,31020,Guanhães,312800,2019
MG,31020,Guanhães,314060,2019
MG,31020,Guanhães,315600,2019
MG,31020,Guanhães,315680,2019
MG,31020,Guanhães,316610,2019
MG,31020,Guanhães,317180,2019
MG,31021,Itabira,310540,2019
MG,31021,Itabira,310770,2019
MG,31021,Itabira,311535,2019
MG,31021,Itabira,312590,2019
MG,31021,Itabira,313170,2019
MG,31021,Itabira,313280,2019
MG,31021,Itabira,314370,2019
MG,31021,Itabira,314750,2019
MG,31021,Itabira,315720,2019
MG,31021,Itabira,315800,2019
MG,31021,Itabira,316050,2019
MG,31021,Itabira,316190,2019
MG,31021,Itabira,316480,2019
MG,31022,Ouro Preto,313190,2019
MG,31022,Ouro Preto,314000,2019
MG,31022,Ouro Preto,314610,2019
MG,31023,João Monlevade,310600,2019
MG,31023,João Monlevade,313620,2019
MG,31023,João Monlevade,314470,2019
MG,31023,João Monlevade,315570,2019
MG,31023,João Monlevade,316100,2019
MG,31024,Sete Lagoas,310020,2019
MG,31024,Sete Lagoas,310060,2019
MG,31024,Sete Lagoas,310320,2019
MG,31024,Sete Lagoas,310500,2019
MG,31024,Sete Lagoas,310700,2019
MG,31024,Sete Lagoas,310960,2019
MG,31024,Sete Lagoas,310990,2019
MG,31024,Sete Lagoas,311250,2019
MG,31024,Sete Lagoas,311560,2019
MG,31024,Sete Lagoas,311890,2019
MG,31024,Sete Lagoas,312640,2019
MG,31024,Sete Lagoas,312720,2019
MG,31024,Sete Lagoas,313100,2019
MG,31024,Sete Lagoas,313570,2019
MG,31024,Sete Lagoas,313970,2019
MG,31024,Sete Lagoas,314350,2019
MG,31024,Sete Lagoas,314640,2019
MG,31024,Sete Lagoas,314690,2019
MG,31024,Sete Lagoas,314740,2019
MG,31024,Sete Lagoas,314960,2019
MG,31024,Sete Lagoas,315200,2019
MG,31024,Sete Lagoas,315360,2019
MG,31024,Sete Lagoas,315370,2019
MG,31024,Sete Lagoas,315850,2019
MG,31024,Sete Lagoas,316720,2019
MG,31025,Vespasiano,311787,2019
MG,31025,Vespasiano,313760,2019
MG,31025,Vespasiano,314110,2019
MG,31025,Vespasiano,314930,2019
MG,31025,Vespasiano,315900,2019
MG,31025,Vespasiano,316295,2019
MG,31025,Vespasiano,317120,2019
MG,31026,Diamantina,311350,2019
MG,31026,Diamantina,311680,2019
MG,31026,Diamantina,311810,2019
MG,31026,Diamantina,312010,2019
MG,31026,Diamantina,312100,2019
MG,31026,Diamantina,312160,2019
MG,31026,Diamantina,312540,2019
MG,31026,Diamantina,312550,2019
MG,31026,Diamantina,312760,2019
MG,31026,Diamantina,313250,2019
MG,31026,Diamantina,315330,2019
MG,31026,Diamantina,316590,2019
MG,31027,Turmalina/Minas Novas/Capelinha,310445,2019
MG,31027,Turmalina/Minas Novas/Capelinha,311230,2019
MG,31027,Turmalina/Minas Novas/Capelinha,311610,2019
MG,31027,Turmalina/Minas Novas/Capelinha,313652,2019
MG,31027,Turmalina/Minas Novas/Capelinha,313835,2019
MG,31027,Turmalina/Minas Novas/Capelinha,314180,2019
MG,31027,Turmalina/Minas Novas/Capelinha,316970,2019
MG,31027,Turmalina/Minas Novas/Capelinha,317107,2019
MG,31028,Bom Despacho,310740,2019
MG,31028,Bom Despacho,312320,2019
MG,31028,Bom Despacho,312470,2019
MG,31028,Bom Despacho,313880,2019
MG,31028,Bom Despacho,314050,2019
MG,31028,Bom Despacho,314240,2019
MG,31028,Bom Despacho,316660,2019
MG,31030,Formiga,310510,2019
MG,31030,Formiga,311980,2019
MG,31030,Formiga,311995,2019
MG,31030,Formiga,312610,2019
MG,31030,Formiga,313030,2019
MG,31030,Formiga,314130,2019
MG,31030,Formiga,314650,2019
MG,31030,Formiga,316820,2019
MG,31031,Itaúna,313220,2019
MG,31031,Itaúna,313370,2019
MG,31031,Itaúna,313380,2019
MG,31031,Itaúna,315060,2019
MG,31032,Pará de Minas,311760,2019
MG,31032,Pará de Minas,313020,2019
MG,31032,Pará de Minas,313830,2019
MG,31032,Pará de Minas,314520,2019
MG,31032,Pará de Minas,314580,2019
MG,31032,Pará de Minas,314710,2019
MG,31032,Pará de Minas,315140,2019
MG,31032,Pará de Minas,316310,2019
MG,31034,Caratinga,310780,2019
MG,31034,Caratinga,311340,2019
MG,31034,Caratinga,312385,2019
MG,31034,Caratinga,313055,2019
MG,31034,Caratinga,313090,2019
MG,31034,Caratinga,315015,2019
MG,31034,Caratinga,315725,2019
MG,31034,Caratinga,315935,2019
MG,31034,Caratinga,316095,2019
MG,31034,Caratinga,316447,2019
MG,31034,Caratinga,317005,2019
MG,31034,Caratinga,317057,2019
MG,31034,Caratinga,317115,2019
MG,31035,Coronel Fabriciano/Timóteo,310300,2019
MG,31035,Coronel Fabriciano/Timóteo,311940,2019
MG,31035,Coronel Fabriciano/Timóteo,312000,2019
MG,31035,Coronel Fabriciano/Timóteo,312180,2019
MG,31035,Coronel Fabriciano/Timóteo,313500,2019
MG,31035,Coronel Fabriciano/Timóteo,314030,2019
MG,31035,Coronel Fabriciano/Timóteo,315053,2019
MG,31035,Coronel Fabriciano/Timóteo,316870,2019
MG,31036,Governador Valadares,310180,2019
MG,31036,Governador Valadares,311265,2019
MG,31036,Governador Valadares,311920,2019
MG,31036,Governador Valadares,312220,2019
MG,31036,Governador Valadares,312370,2019
MG,31036,Governador Valadares,312580,2019
MG,31036,Governador Valadares,312690,2019
MG,31036,Governador Valadares,312730,2019
MG,31036,Governador Valadares,312750,2019
MG,31036,Governador Valadares,312770,2019
MG,31036,Governador Valadares,313320,2019
MG,31036,Governador Valadares,313507,2019
MG,31036,Governador Valadares,314010,2019
MG,31036,Governador Valadares,314420,2019
MG,31036,Governador Valadares,315750,2019
MG,31036,Governador Valadares,316160,2019
MG,31036,Governador Valadares,316165,2019
MG,31036,Governador Valadares,316300,2019
MG,31036,Governador Valadares,316550,2019
MG,31036,Governador Valadares,316770,2019
MG,31036,Governador Valadares,316840,2019
MG,31036,Governador Valadares,316950,2019
MG,31036,Governador Valadares,317150,2019
MG,31036,Governador Valadares,317190,2019
MG,31037,Ipatinga,310050,2019
MG,31037,Ipatinga,310630,2019
MG,31037,Ipatinga,310880,2019
MG,31037,Ipatinga,310925,2019
MG,31037,Ipatinga,312250,2019
MG,31037,Ipatinga,312930,2019
MG,31037,Ipatinga,313115,2019
MG,31037,Ipatinga,313130,2019
MG,31037,Ipatinga,313610,2019
MG,31037,Ipatinga,314170,2019
MG,31037,Ipatinga,314435,2019
MG,31037,Ipatinga,314995,2019
MG,31037,Ipatinga,315895,2019
MG,31037,Ipatinga,316260,2019
MG,31038,Mantena,311570,2019
MG,31038,Mantena,312210,2019
MG,31038,Mantena,313180,2019
MG,31038,Mantena,313960,2019
MG,31038,Mantena,314150,2019
MG,31038,Mantena,314467,2019
MG,31038,Mantena,316105,2019
MG,31038,Mantena,316257,2019
MG,31040,Resplendor,310110,2019
MG,31040,Resplendor,310220,2019
MG,31040,Resplendor,311840,2019
MG,31040,Resplendor,312083,2019
MG,31040,Resplendor,312737,2019
MG,31040,Resplendor,313410,2019
MG,31040,Resplendor,315430,2019
MG,31040,Resplendor,315950,2019
MG,31041,Além  Paraíba,310150,2019
MG,31041,Além  Paraíba,312460,2019
MG,31041,Além  Paraíba,315110,2019
MG,31041,Além  Paraíba,316000,2019
MG,31041,Além  Paraíba,317210,2019
MG,31042,Carangola,311010,2019
MG,31042,Carangola,311210,2019
MG,31042,Carangola,311330,2019
MG,31042,Carangola,312200,2019
MG,31042,Carangola,312420,2019
MG,31042,Carangola,312530,2019
MG,31042,Carangola,312595,2019
MG,31042,Carangola,314587,2019
MG,31042,Carangola,314875,2019
MG,31042,Carangola,314900,2019
MG,31042,Carangola,316920,2019
MG,31044,Leopoldina / Cataguases,310440,2019
MG,31044,Leopoldina / Cataguases,310460,2019
MG,31044,Leopoldina / Cataguases,311530,2019
MG,31044,Leopoldina / Cataguases,312290,2019
MG,31044,Leopoldina / Cataguases,313260,2019
MG,31044,Leopoldina / Cataguases,313800,2019
MG,31044,Leopoldina / Cataguases,313840,2019
MG,31044,Leopoldina / Cataguases,314670,2019
MG,31044,Leopoldina / Cataguases,315410,2019
MG,31044,Leopoldina / Cataguases,315840,2019
MG,31045,Muriaé,310310,2019
MG,31045,Muriaé,310550,2019
MG,31045,Muriaé,312490,2019
MG,31045,Muriaé,314210,2019
MG,31045,Muriaé,314220,2019
MG,31045,Muriaé,314390,2019
MG,31045,Muriaé,314820,2019
MG,31045,Muriaé,315645,2019
MG,31045,Muriaé,316140,2019
MG,31045,Muriaé,316443,2019
MG,31045,Muriaé,317140,2019
MG,31046,Santos Dumont,310330,2019
MG,31046,Santos Dumont,314570,2019
MG,31046,Santos Dumont,316070,2019
MG,31047,São João Nepomuceno / bicas,310690,2019
MG,31047,São João Nepomuceno / bicas,312130,2019
MG,31047,São João Nepomuceno / bicas,312850,2019
MG,31047,São João Nepomuceno / bicas,313980,2019
MG,31047,São João Nepomuceno / bicas,314020,2019
MG,31047,São João Nepomuceno / bicas,314950,2019
MG,31047,São João Nepomuceno / bicas,315620,2019
MG,31047,São João Nepomuceno / bicas,316290,2019
MG,31047,São João Nepomuceno / bicas,316560,2019
MG,31048,Ubá,310870,2019
MG,31048,Ubá,311670,2019
MG,31048,Ubá,312190,2019
MG,31048,Ubá,312330,2019
MG,31048,Ubá,312400,2019
MG,31048,Ubá,312840,2019
MG,31048,Ubá,312880,2019
MG,31048,Ubá,312900,2019
MG,31048,Ubá,314160,2019
MG,31048,Ubá,315130,2019
MG,31048,Ubá,315310,2019
MG,31048,Ubá,315580,2019
MG,31048,Ubá,315630,2019
MG,31048,Ubá,316150,2019
MG,31048,Ubá,316570,2019
MG,31048,Ubá,316730,2019
MG,31048,Ubá,316790,2019
MG,31048,Ubá,316900,2019
MG,31048,Ubá,316990,2019
MG,31048,Ubá,317200,2019
MG,31049,Brasília de Minas/São Francisco,310860,2019
MG,31049,Brasília de Minas/São Francisco,311115,2019
MG,31049,Brasília de Minas/São Francisco,312965,2019
MG,31049,Brasília de Minas/São Francisco,313005,2019
MG,31049,Brasília de Minas/São Francisco,313535,2019
MG,31049,Brasília de Minas/São Francisco,313865,2019
MG,31049,Brasília de Minas/São Francisco,313868,2019
MG,31049,Brasília de Minas/São Francisco,314795,2019
MG,31049,Brasília de Minas/São Francisco,315057,2019
MG,31049,Brasília de Minas/São Francisco,316110,2019
MG,31049,Brasília de Minas/São Francisco,316240,2019
MG,31049,Brasília de Minas/São Francisco,316420,2019
MG,31049,Brasília de Minas/São Francisco,317000,2019
MG,31049,Brasília de Minas/São Francisco,317052,2019
MG,31049,Brasília de Minas/São Francisco,317090,2019
MG,31050,Coração de Jesus,311880,2019
MG,31050,Coração de Jesus,313560,2019
MG,31050,Coração de Jesus,313730,2019
MG,31050,Coração de Jesus,316225,2019
MG,31050,Coração de Jesus,316265,2019
MG,31051,Francisco Sá,310850,2019
MG,31051,Francisco Sá,311270,2019
MG,31051,Francisco Sá,312030,2019
MG,31051,Francisco Sá,312670,2019
MG,31051,Francisco Sá,312780,2019
MG,31051,Francisco Sá,313657,2019
MG,31052,Janaúba/Monte Azul,311547,2019
MG,31052,Janaúba/Monte Azul,312430,2019
MG,31052,Janaúba/Monte Azul,312733,2019
MG,31052,Janaúba/Monte Azul,313505,2019
MG,31052,Janaúba/Monte Azul,313510,2019
MG,31052,Janaúba/Monte Azul,313925,2019
MG,31052,Janaúba/Monte Azul,314085,2019
MG,31052,Janaúba/Monte Azul,314100,2019
MG,31052,Janaúba/Monte Azul,314290,2019
MG,31052,Janaúba/Monte Azul,314505,2019
MG,31052,Janaúba/Monte Azul,314655,2019
MG,31052,Janaúba/Monte Azul,315220,2019
MG,31052,Janaúba/Monte Azul,315450,2019
MG,31052,Janaúba/Monte Azul,316695,2019
MG,31052,Janaúba/Monte Azul,317103,2019
MG,31053,Januária,310825,2019
MG,31053,Januária,311783,2019
MG,31053,Januária,313210,2019
MG,31053,Januária,313520,2019
MG,31053,Januária,314915,2019
MG,31055,Pirapora,310940,2019
MG,31055,Pirapora,312960,2019
MG,31055,Pirapora,313810,2019
MG,31055,Pirapora,315120,2019
MG,31055,Pirapora,315213,2019
MG,31055,Pirapora,315760,2019
MG,31055,Pirapora,317080,2019
MG,31057,Patos de Minas,312070,2019
MG,31057,Patos de Minas,312860,2019
MG,31057,Patos de Minas,312890,2019
MG,31057,Patos de Minas,313710,2019
MG,31057,Patos de Minas,313750,2019
MG,31057,Patos de Minas,314800,2019
MG,31057,Patos de Minas,315340,2019
MG,31057,Patos de Minas,316170,2019
MG,31057,Patos de Minas,316680,2019
MG,31057,Patos de Minas,317075,2019
MG,31057,Patos de Minas,317100,2019
MG,31058,Unaí,310450,2019
MG,31058,Unaí,310820,2019
MG,31058,Unaí,310930,2019
MG,31058,Unaí,310945,2019
MG,31058,Unaí,311615,2019
MG,31058,Unaí,312247,2019
MG,31058,Unaí,312620,2019
MG,31058,Unaí,314437,2019
MG,31058,Unaí,314700,2019
MG,31058,Unaí,315445,2019
MG,31058,Unaí,317040,2019
MG,31058,Unaí,317047,2019
MG,31059,Manhuaçu,310030,2019
MG,31059,Manhuaçu,310205,2019
MG,31059,Manhuaçu,311290,2019
MG,31059,Manhuaçu,311600,2019
MG,31059,Manhuaçu,311740,2019
MG,31059,Manhuaçu,312352,2019
MG,31059,Manhuaçu,313120,2019
MG,31059,Manhuaçu,313770,2019
MG,31059,Manhuaçu,313867,2019
MG,31059,Manhuaçu,313940,2019
MG,31059,Manhuaçu,313950,2019
MG,31059,Manhuaçu,314053,2019
MG,31059,Manhuaçu,314090,2019
MG,31059,Manhuaçu,314400,2019
MG,31059,Manhuaçu,315190,2019
MG,31059,Manhuaçu,315350,2019
MG,31059,Manhuaçu,315415,2019
MG,31059,Manhuaçu,315790,2019
MG,31059,Manhuaçu,315890,2019
MG,31059,Manhuaçu,316255,2019
MG,31059,Manhuaçu,316360,2019
MG,31059,Manhuaçu,316760,2019
MG,31059,Manhuaçu,316805,2019
MG,31060,Ponte Nova,310040,2019
MG,31060,Ponte Nova,310230,2019
MG,31060,Ponte Nova,310250,2019
MG,31060,Ponte Nova,310570,2019
MG,31060,Ponte Nova,312170,2019
MG,31060,Ponte Nova,312270,2019
MG,31060,Ponte Nova,312820,2019
MG,31060,Ponte Nova,313550,2019
MG,31060,Ponte Nova,314585,2019
MG,31060,Ponte Nova,315020,2019
MG,31060,Ponte Nova,315210,2019
MG,31060,Ponte Nova,315400,2019
MG,31060,Ponte Nova,315490,2019
MG,31060,Ponte Nova,315500,2019
MG,31060,Ponte Nova,315740,2019
MG,31060,Ponte Nova,316010,2019
MG,31060,Ponte Nova,316340,2019
MG,31060,Ponte Nova,316400,2019
MG,31060,Ponte Nova,316556,2019
MG,31060,Ponte Nova,316630,2019
MG,31060,Ponte Nova,317050,2019
MG,31061,Viçosa,310370,2019
MG,31061,Viçosa,311020,2019
MG,31061,Viçosa,311170,2019
MG,31061,Viçosa,314830,2019
MG,31061,Viçosa,314880,2019
MG,31061,Viçosa,315230,2019
MG,31061,Viçosa,316380,2019
MG,31061,Viçosa,316850,2019
MG,31061,Viçosa,317130,2019
MG,31062,Águas Formosas,310090,2019
MG,31062,Águas Formosas,310660,2019
MG,31062,Águas Formosas,312015,2019
MG,31062,Águas Formosas,312705,2019
MG,31062,Águas Formosas,313890,2019
MG,31062,Águas Formosas,314850,2019
MG,31062,Águas Formosas,315765,2019
MG,31062,Águas Formosas,317030,2019
MG,31064,Araçuaí,310340,2019
MG,31064,Araçuaí,310650,2019
MG,31064,Araçuaí,311950,2019
MG,31064,Araçuaí,312650,2019
MG,31064,Araçuaí,313545,2019
MG,31064,Araçuaí,317160,2019
MG,31065,Itaobim,311700,2019
MG,31065,Itaobim,313330,2019
MG,31065,Itaobim,313400,2019
MG,31065,Itaobim,314140,2019
MG,31065,Itaobim,314315,2019
MG,31065,Itaobim,315217,2019
MG,31066,Nanuque,311370,2019
MG,31066,Nanuque,314430,2019
MG,31066,Nanuque,316670,2019
MG,31067,Padre Paraíso,311300,2019
MG,31067,Padre Paraíso,311545,2019
MG,31067,Padre Paraíso,313230,2019
MG,31067,Padre Paraíso,314630,2019
MG,31068,Pedra azul,310100,2019
MG,31068,Pedra azul,310270,2019
MG,31068,Pedra azul,312235,2019
MG,31068,Pedra azul,312245,2019
MG,31068,Pedra azul,314870,2019
MG,31070,Araxá,310400,2019
MG,31070,Araxá,311150,2019
MG,31070,Araxá,312950,2019
MG,31070,Araxá,314920,2019
MG,31070,Araxá,314980,2019
MG,31070,Araxá,315300,2019
MG,31070,Araxá,315770,2019
MG,31070,Araxá,316810,2019
MG,31071,Frutal / Iturama,311455,2019
MG,31071,Frutal / Iturama,311690,2019
MG,31071,Frutal / Iturama,312700,2019
MG,31071,Frutal / Iturama,312710,2019
MG,31071,Frutal / Iturama,313340,2019
MG,31071,Frutal / Iturama,313440,2019
MG,31071,Frutal / Iturama,313862,2019
MG,31071,Frutal / Iturama,315070,2019
MG,31071,Frutal / Iturama,315160,2019
MG,31071,Frutal / Iturama,316130,2019
MG,31071,Frutal / Iturama,317043,2019
MG,31072,Uberaba,310070,2019
MG,31072,Uberaba,311140,2019
MG,31072,Uberaba,311730,2019
MG,31072,Uberaba,311820,2019
MG,31072,Uberaba,312125,2019
MG,31072,Uberaba,315690,2019
MG,31072,Uberaba,317010,2019
MG,31072,Uberaba,317110,2019
MG,31073,Ituiutaba,310980,2019
MG,31073,Ituiutaba,311110,2019
MG,31073,Ituiutaba,311180,2019
MG,31073,Ituiutaba,311260,2019
MG,31073,Ituiutaba,311580,2019
MG,31073,Ituiutaba,312910,2019
MG,31073,Ituiutaba,313140,2019
MG,31073,Ituiutaba,313420,2019
MG,31073,Ituiutaba,315980,2019
MG,31074,Patrocínio / Monte Carmelo,310010,2019
MG,31074,Patrocínio / Monte Carmelo,311930,2019
MG,31074,Patrocínio / Monte Carmelo,312350,2019
MG,31074,Patrocínio / Monte Carmelo,312480,2019
MG,31074,Patrocínio / Monte Carmelo,312790,2019
MG,31074,Patrocínio / Monte Carmelo,313160,2019
MG,31074,Patrocínio / Monte Carmelo,314310,2019
MG,31074,Patrocínio / Monte Carmelo,314810,2019
MG,31074,Patrocínio / Monte Carmelo,315640,2019
MG,31075,Uberlândia / Araguari,310350,2019
MG,31075,Uberlândia / Araguari,310375,2019
MG,31075,Uberlândia / Araguari,311500,2019
MG,31075,Uberlândia / Araguari,313070,2019
MG,31075,Uberlândia / Araguari,314280,2019
MG,31075,Uberlândia / Araguari,314500,2019
MG,31075,Uberlândia / Araguari,315280,2019
MG,31075,Uberlândia / Araguari,316960,2019
MG,31075,Uberlândia / Araguari,317020,2019
MG,31076,Manga,313695,2019
MG,31076,Manga,313930,2019
MG,31076,Manga,314225,2019
MG,31076,Manga,314270,2019
MG,31076,Manga,316245,2019
MG,31077,João Pinheiro,310855,2019
MG,31077,João Pinheiro,313630,2019
MG,31077,João Pinheiro,313753,2019
MG,31078,Congonhas,311800,2019
MG,31078,Congonhas,312140,2019
MG,31078,Congonhas,312390,2019
MG,31078,Congonhas,313540,2019
MG,31078,Congonhas,314590,2019
MG,31078,Congonhas,316090,2019
MG,31079,Conselheiro Lafaiete,311310,2019
MG,31079,Conselheiro Lafaiete,311490,2019
MG,31079,Conselheiro Lafaiete,311540,2019
MG,31079,Conselheiro Lafaiete,311830,2019
MG,31079,Conselheiro Lafaiete,312040,2019
MG,31079,Conselheiro Lafaiete,313390,2019
MG,31079,Conselheiro Lafaiete,313790,2019
MG,31079,Conselheiro Lafaiete,315080,2019
MG,31079,Conselheiro Lafaiete,315380,2019
MG,31079,Conselheiro Lafaiete,315520,2019
MG,31079,Conselheiro Lafaiete,315910,2019
MG,31079,Conselheiro Lafaiete,316600,2019
MG,31080,Peçanha/São João Evangelista,311205,2019
MG,31080,Peçanha/São João Evangelista,312695,2019
MG,31080,Peçanha/São João Evangelista,314840,2019
MG,31080,Peçanha/São João Evangelista,314860,2019
MG,31080,Peçanha/São João Evangelista,316280,2019
MG,31080,Peçanha/São João Evangelista,316350,2019
MG,31080,Peçanha/São João Evangelista,316410,2019
MG,31081,Santa Maria do Suaçuí,313655,2019
MG,31081,Santa Maria do Suaçuí,315820,2019
MG,31081,Santa Maria do Suaçuí,316450,2019
MG,31082,São Gotardo,310380,2019
MG,31082,São Gotardo,311430,2019
MG,31082,São Gotardo,314120,2019
MG,31082,São Gotardo,315550,2019
MG,31082,São Gotardo,315970,2019
MG,31082,São Gotardo,316210,2019
MG,31082,São Gotardo,316890,2019
MG,31083,Bocaiúva,310730,2019
MG,31083,Bocaiúva,312380,2019
MG,31083,Bocaiúva,312660,2019
MG,31083,Bocaiúva,312825,2019
MG,31083,Bocaiúva,313640,2019
MG,31083,Bocaiúva,314545,2019
MG,31084,Montes Claros,311650,2019
MG,31084,Montes Claros,312735,2019
MG,31084,Montes Claros,313200,2019
MG,31084,Montes Claros,313680,2019
MG,31084,Montes Claros,314200,2019
MG,31084,Montes Claros,314330,2019
MG,31085,Taiobeiras,310665,2019
MG,31085,Taiobeiras,312087,2019
MG,31085,Taiobeiras,313065,2019
MG,31085,Taiobeiras,314345,2019
MG,31085,Taiobeiras,314465,2019
MG,31085,Taiobeiras,315560,2019
MG,31085,Taiobeiras,316045,2019
MG,31085,Taiobeiras,316270,2019
MG,31085,Taiobeiras,316800,2019
MG,31085,Taiobeiras,317065,2019
MG,31086,Divinópolis,310390,2019
MG,31086,Divinópolis,311420,2019
MG,31086,Divinópolis,311660,2019
MG,31086,Divinópolis,312230,2019
MG,31086,Divinópolis,313350,2019
MG,31086,Divinópolis,314970,2019
MG,31086,Divinópolis,316180,2019
MG,31086,Divinópolis,316460,2019
MG,31087,Lagoa da Prata/Sto Ant do Monte,310420,2019
MG,31087,Lagoa da Prata/Sto Ant do Monte,313530,2019
MG,31087,Lagoa da Prata/Sto Ant do Monte,313720,2019
MG,31087,Lagoa da Prata/Sto Ant do Monte,314890,2019
MG,31087,Lagoa da Prata/Sto Ant do Monte,316040,2019
MG,31088,Oliveira/Santo Antônio do Amparo,311400,2019
MG,31088,Oliveira/Santo Antônio do Amparo,311450,2019
MG,31088,Oliveira/Santo Antônio do Amparo,314560,2019
MG,31088,Oliveira/Santo Antônio do Amparo,314770,2019
MG,31088,Oliveira/Santo Antônio do Amparo,315990,2019
MG,31088,Oliveira/Santo Antônio do Amparo,316120,2019
MG,31089,Campo Belo,310080,2019
MG,31089,Campo Belo,311040,2019
MG,31089,Campo Belo,311120,2019
MG,31089,Campo Belo,311190,2019
MG,31089,Campo Belo,311200,2019
MG,31089,Campo Belo,312020,2019
MG,31089,Campo Belo,315880,2019
MG,31090,Lima Duarte,310280,2019
MG,31090,Lima Duarte,310360,2019
MG,31090,Lima Duarte,310680,2019
MG,31090,Lima Duarte,310720,2019
MG,31090,Lima Duarte,310750,2019
MG,31090,Lima Duarte,313850,2019
MG,31090,Lima Duarte,313860,2019
MG,31090,Lima Duarte,314540,2019
MG,31090,Lima Duarte,314780,2019
MG,31090,Lima Duarte,314940,2019
MG,31090,Lima Duarte,315590,2019
MG,31090,Lima Duarte,315727,2019
MG,31090,Lima Duarte,315930,2019
MG,31091,Cassia,311240,2019
MG,31091,Cassia,311510,2019
MG,31091,Cassia,311640,2019
MG,31091,Cassia,312120,2019
MG,31091,Cassia,312970,2019
MG,31092,Passos,310190,2019
MG,31092,Passos,310760,2019
MG,31092,Passos,311440,2019
MG,31092,Passos,312630,2019
MG,31092,Passos,313375,2019
MG,31092,Passos,314510,2019
MG,31092,Passos,314790,2019
MG,31092,Passos,316220,2019
MG,31092,Passos,316294,2019
MG,31093,Piumhi,311280,2019
MG,31093,Piumhi,312340,2019
MG,31093,Piumhi,312810,2019
MG,31093,Piumhi,315050,2019
MG,31093,Piumhi,315150,2019
MG,31093,Piumhi,316430,2019
MG,31093,Piumhi,317060,2019
MG,31094,Almenara/Jacinto,310170,2019
MG,31094,Almenara/Jacinto,310520,2019
MG,31094,Almenara/Jacinto,312560,2019
MG,31094,Almenara/Jacinto,313470,2019
MG,31094,Almenara/Jacinto,313580,2019
MG,31094,Almenara/Jacinto,313600,2019
MG,31094,Almenara/Jacinto,313650,2019
MG,31094,Almenara/Jacinto,314055,2019
MG,31094,Almenara/Jacinto,314675,2019
MG,31094,Almenara/Jacinto,315510,2019
MG,31094,Almenara/Jacinto,315660,2019
MG,31094,Almenara/Jacinto,315710,2019
MG,31094,Almenara/Jacinto,315810,2019
MG,31094,Almenara/Jacinto,316030,2019
MG,31095,Serro,310240,2019
MG,31095,Serro,311750,2019
MG,31095,Serro,316020,2019
MG,31095,Serro,316650,2019
MG,31095,Serro,316710,2019
MG,31096,Itambacuri,311080,2019
MG,31096,Itambacuri,312680,2019
MG,31096,Itambacuri,313270,2019
MG,31096,Itambacuri,314490,2019
MG,31096,Itambacuri,315000,2019
MG,31096,Itambacuri,316330,2019
MG,31097,Juiz de Fora,310610,2019
MG,31097,Juiz de Fora,311590,2019
MG,31097,Juiz de Fora,311620,2019
MG,31097,Juiz de Fora,311960,2019
MG,31097,Juiz de Fora,312500,2019
MG,31097,Juiz de Fora,312738,2019
MG,31097,Juiz de Fora,313670,2019
MG,31097,Juiz de Fora,314080,2019
MG,31097,Juiz de Fora,315010,2019
MG,31097,Juiz de Fora,315540,2019
MG,31097,Juiz de Fora,315860,2019
MG,31097,Juiz de Fora,316750,2019
MG,31098,salinas,312707,2019
MG,31098,salinas,314537,2019
MG,31098,salinas,314625,2019
MG,31098,salinas,315650,2019
MG,31098,salinas,315700,2019
MG,31098,salinas,315737,2019
MG,31099,Teófilo Otoni / Malacacheta,310285,2019
MG,31099,Teófilo Otoni / Malacacheta,310470,2019
MG,31099,Teófilo Otoni / Malacacheta,312675,2019
MG,31099,Teófilo Otoni / Malacacheta,313700,2019
MG,31099,Teófilo Otoni / Malacacheta,313920,2019
MG,31099,Teófilo Otoni / Malacacheta,314530,2019
MG,31099,Teófilo Otoni / Malacacheta,314535,2019
MG,31099,Teófilo Otoni / Malacacheta,314620,2019
MG,31099,Teófilo Otoni / Malacacheta,315240,2019
MG,31099,Teófilo Otoni / Malacacheta,316555,2019
MG,31099,Teófilo Otoni / Malacacheta,316860,2019
ES,32001,Central,320013,2019
ES,32001,Central,320035,2019
ES,32001,Central,320060,2019
ES,32001,Central,320080,2019
ES,32001,Central,320150,2019
ES,32001,Central,320225,2019
ES,32001,Central,320250,2019
ES,32001,Central,320313,2019
ES,32001,Central,320320,2019
ES,32001,Central,320330,2019
ES,32001,Central,320335,2019
ES,32001,Central,320400,2019
ES,32001,Central,320435,2019
ES,32001,Central,320465,2019
ES,32001,Central,320470,2019
ES,32001,Central,320495,2019
ES,32001,Central,320501,2019
ES,32001,Central,320517,2019
ES,32002,Metropolitana,320010,2019
ES,32002,Metropolitana,320115,2019
ES,32002,Metropolitana,320130,2019
ES,32002,Metropolitana,320170,2019
ES,32002,Metropolitana,320190,2019
ES,32002,Metropolitana,320220,2019
ES,32002,Metropolitana,320240,2019
ES,32002,Metropolitana,320245,2019
ES,32002,Metropolitana,320270,2019
ES,32002,Metropolitana,320290,2019
ES,32002,Metropolitana,320316,2019
ES,32002,Metropolitana,320334,2019
ES,32002,Metropolitana,320450,2019
ES,32002,Metropolitana,320455,2019
ES,32002,Metropolitana,320460,2019
ES,32002,Metropolitana,320500,2019
ES,32002,Metropolitana,320506,2019
ES,32002,Metropolitana,320510,2019
ES,32002,Metropolitana,320520,2019
ES,32002,Metropolitana,320530,2019
ES,32003,Norte,320016,2019
ES,32003,Norte,320090,2019
ES,32003,Norte,320100,2019
ES,32003,Norte,320160,2019
ES,32003,Norte,320210,2019
ES,32003,Norte,320305,2019
ES,32003,Norte,320350,2019
ES,32003,Norte,320360,2019
ES,32003,Norte,320390,2019
ES,32003,Norte,320405,2019
ES,32003,Norte,320410,2019
ES,32003,Norte,320425,2019
ES,32003,Norte,320490,2019
ES,32003,Norte,320515,2019
ES,32004,Sul,320020,2019
ES,32004,Sul,320030,2019
ES,32004,Sul,320040,2019
ES,32004,Sul,320050,2019
ES,32004,Sul,320070,2019
ES,32004,Sul,320110,2019
ES,32004,Sul,320120,2019
ES,32004,Sul,320140,2019
ES,32004,Sul,320180,2019
ES,32004,Sul,320200,2019
ES,32004,Sul,320230,2019
ES,32004,Sul,320255,2019
ES,32004,Sul,320260,2019
ES,32004,Sul,320265,2019
ES,32004,Sul,320280,2019
ES,32004,Sul,320300,2019
ES,32004,Sul,320310,2019
ES,32004,Sul,320332,2019
ES,32004,Sul,320340,2019
ES,32004,Sul,320370,2019
ES,32004,Sul,320380,2019
ES,32004,Sul,320420,2019
ES,32004,Sul,320430,2019
ES,32004,Sul,320440,2019
ES,32004,Sul,320480,2019
ES,32004,Sul,320503,2019
RJ,33001,Baia da Ilha Grande,330010,2019
RJ,33001,Baia da Ilha Grande,330260,2019
RJ,33001,Baia da Ilha Grande,330380,2019
RJ,33002,Baixada Litorânea,330020,2019
RJ,33002,Baixada Litorânea,330023,2019
RJ,33002,Baixada Litorânea,330025,2019
RJ,33002,Baixada Litorânea,330070,2019
RJ,33002,Baixada Litorânea,330130,2019
RJ,33002,Baixada Litorânea,330187,2019
RJ,33002,Baixada Litorânea,330452,2019
RJ,33002,Baixada Litorânea,330520,2019
RJ,33002,Baixada Litorânea,330550,2019
RJ,33003,Centro-Sul,330022,2019
RJ,33003,Centro-Sul,330095,2019
RJ,33003,Centro-Sul,330180,2019
RJ,33003,Centro-Sul,330280,2019
RJ,33003,Centro-Sul,330290,2019
RJ,33003,Centro-Sul,330360,2019
RJ,33003,Centro-Sul,330370,2019
RJ,33003,Centro-Sul,330385,2019
RJ,33003,Centro-Sul,330540,2019
RJ,33003,Centro-Sul,330600,2019
RJ,33003,Centro-Sul,330620,2019
RJ,33004,Médio Paraíba,330030,2019
RJ,33004,Médio Paraíba,330040,2019
RJ,33004,Médio Paraíba,330225,2019
RJ,33004,Médio Paraíba,330395,2019
RJ,33004,Médio Paraíba,330400,2019
RJ,33004,Médio Paraíba,330411,2019
RJ,33004,Médio Paraíba,330412,2019
RJ,33004,Médio Paraíba,330420,2019
RJ,33004,Médio Paraíba,330440,2019
RJ,33004,Médio Paraíba,330450,2019
RJ,33004,Médio Paraíba,330610,2019
RJ,33004,Médio Paraíba,330630,2019
RJ,33005,Metropolitana I,330045,2019
RJ,33005,Metropolitana I,330170,2019
RJ,33005,Metropolitana I,330200,2019
RJ,33005,Metropolitana I,330227,2019
RJ,33005,Metropolitana I,330250,2019
RJ,33005,Metropolitana I,330285,2019
RJ,33005,Metropolitana I,330320,2019
RJ,33005,Metropolitana I,330350,2019
RJ,33005,Metropolitana I,330414,2019
RJ,33005,Metropolitana I,330455,2019
RJ,33005,Metropolitana I,330510,2019
RJ,33005,Metropolitana I,330555,2019
RJ,33006,Metropolitana II,330190,2019
RJ,33006,Metropolitana II,330270,2019
RJ,33006,Metropolitana II,330330,2019
RJ,33006,Metropolitana II,330430,2019
RJ,33006,Metropolitana II,330490,2019
RJ,33006,Metropolitana II,330560,2019
RJ,33006,Metropolitana II,330575,2019
RJ,33007,Noroeste,330015,2019
RJ,33007,Noroeste,330060,2019
RJ,33007,Noroeste,330090,2019
RJ,33007,Noroeste,330115,2019
RJ,33007,Noroeste,330205,2019
RJ,33007,Noroeste,330210,2019
RJ,33007,Noroeste,330220,2019
RJ,33007,Noroeste,330230,2019
RJ,33007,Noroeste,330300,2019
RJ,33007,Noroeste,330310,2019
RJ,33007,Noroeste,330410,2019
RJ,33007,Noroeste,330470,2019
RJ,33007,Noroeste,330513,2019
RJ,33007,Noroeste,330615,2019
RJ,33008,Norte,330093,2019
RJ,33008,Norte,330100,2019
RJ,33008,Norte,330140,2019
RJ,33008,Norte,330240,2019
RJ,33008,Norte,330415,2019
RJ,33008,Norte,330475,2019
RJ,33008,Norte,330480,2019
RJ,33008,Norte,330500,2019
RJ,33009,Serrana,330050,2019
RJ,33009,Serrana,330080,2019
RJ,33009,Serrana,330110,2019
RJ,33009,Serrana,330120,2019
RJ,33009,Serrana,330150,2019
RJ,33009,Serrana,330160,2019
RJ,33009,Serrana,330185,2019
RJ,33009,Serrana,330245,2019
RJ,33009,Serrana,330340,2019
RJ,33009,Serrana,330390,2019
RJ,33009,Serrana,330460,2019
RJ,33009,Serrana,330515,2019
RJ,33009,Serrana,330530,2019
RJ,33009,Serrana,330570,2019
RJ,33009,Serrana,330580,2019
RJ,33009,Serrana,330590,2019
SP,35011,Alto do Tietê,350390,2019
SP,35011,Alto do Tietê,350660,2019
SP,35011,Alto do Tietê,351570,2019
SP,35011,Alto do Tietê,351830,2019
SP,35011,Alto do Tietê,351880,2019
SP,35011,Alto do Tietê,352310,2019
SP,35011,Alto do Tietê,353060,2019
SP,35011,Alto do Tietê,353980,2019
SP,35011,Alto do Tietê,354500,2019
SP,35011,Alto do Tietê,354680,2019
SP,35011,Alto do Tietê,355250,2019
SP,35012,Franco da Rocha,350900,2019
SP,35012,Franco da Rocha,350920,2019
SP,35012,Franco da Rocha,351630,2019
SP,35012,Franco da Rocha,351640,2019
SP,35012,Franco da Rocha,352850,2019
SP,35013,Mananciais,351300,2019
SP,35013,Mananciais,351500,2019
SP,35013,Mananciais,351510,2019
SP,35013,Mananciais,352220,2019
SP,35013,Mananciais,352620,2019
SP,35013,Mananciais,354995,2019
SP,35013,Mananciais,355280,2019
SP,35013,Mananciais,355645,2019
SP,35014,Rota dos Bandeirantes,350570,2019
SP,35014,Rota dos Bandeirantes,351060,2019
SP,35014,Rota dos Bandeirantes,352250,2019
SP,35014,Rota dos Bandeirantes,352500,2019
SP,35014,Rota dos Bandeirantes,353440,2019
SP,35014,Rota dos Bandeirantes,353910,2019
SP,35014,Rota dos Bandeirantes,354730,2019
SP,35015,Grande ABC,351380,2019
SP,35015,Grande ABC,352940,2019
SP,35015,Grande ABC,354330,2019
SP,35015,Grande ABC,354410,2019
SP,35015,Grande ABC,354780,2019
SP,35015,Grande ABC,354870,2019
SP,35015,Grande ABC,354880,2019
SP,35016,São Paulo,355030,2019
SP,35021,Central do DRS II,350280,2019
SP,35021,Central do DRS II,350420,2019
SP,35021,Central do DRS II,350620,2019
SP,35021,Central do DRS II,350640,2019
SP,35021,Central do DRS II,351820,2019
SP,35021,Central do DRS II,351890,2019
SP,35021,Central do DRS II,353286,2019
SP,35021,Central do DRS II,353330,2019
SP,35021,Central do DRS II,354440,2019
SP,35021,Central do DRS II,354805,2019
SP,35021,Central do DRS II,355630,2019
SP,35022,Lagos do DRS II,350210,2019
SP,35022,Lagos do DRS II,351100,2019
SP,35022,Lagos do DRS II,351780,2019
SP,35022,Lagos do DRS II,352044,2019
SP,35022,Lagos do DRS II,352300,2019
SP,35022,Lagos do DRS II,352650,2019
SP,35022,Lagos do DRS II,353010,2019
SP,35022,Lagos do DRS II,353210,2019
SP,35022,Lagos do DRS II,353320,2019
SP,35022,Lagos do DRS II,353740,2019
SP,35022,Lagos do DRS II,355230,2019
SP,35022,Lagos do DRS II,355255,2019
SP,35023,Consórcios do DRS II,350110,2019
SP,35023,Consórcios do DRS II,350440,2019
SP,35023,Consórcios do DRS II,350510,2019
SP,35023,Consórcios do DRS II,350650,2019
SP,35023,Consórcios do DRS II,350770,2019
SP,35023,Consórcios do DRS II,350775,2019
SP,35023,Consórcios do DRS II,350810,2019
SP,35023,Consórcios do DRS II,351190,2019
SP,35023,Consórcios do DRS II,351250,2019
SP,35023,Consórcios do DRS II,351650,2019
SP,35023,Consórcios do DRS II,351710,2019
SP,35023,Consórcios do DRS II,352725,2019
SP,35023,Consórcios do DRS II,352770,2019
SP,35023,Consórcios do DRS II,353730,2019
SP,35023,Consórcios do DRS II,353770,2019
SP,35023,Consórcios do DRS II,354840,2019
SP,35023,Consórcios do DRS II,355520,2019
SP,35031,Central do DRS III,350170,2019
SP,35031,Central do DRS III,350320,2019
SP,35031,Central do DRS III,350670,2019
SP,35031,Central do DRS III,351685,2019
SP,35031,Central do DRS III,353205,2019
SP,35031,Central do DRS III,354370,2019
SP,35031,Central do DRS III,354690,2019
SP,35031,Central do DRS III,355475,2019
SP,35032,Centro Oeste do DRS III,350740,2019
SP,35032,Centro Oeste do DRS III,351960,2019
SP,35032,Centro Oeste do DRS III,352270,2019
SP,35032,Centro Oeste do DRS III,353290,2019
SP,35032,Centro Oeste do DRS III,355270,2019
SP,35033,Norte do DRS III,351010,2019
SP,35033,Norte do DRS III,351400,2019
SP,35033,Norte do DRS III,352930,2019
SP,35033,Norte do DRS III,354650,2019
SP,35033,Norte do DRS III,355370,2019
SP,35034,Coração do DRS III,351370,2019
SP,35034,Coração do DRS III,351430,2019
SP,35034,Coração do DRS III,351930,2019
SP,35034,Coração do DRS III,354070,2019
SP,35034,Coração do DRS III,354290,2019
SP,35034,Coração do DRS III,354890,2019
SP,35041,Baixada Santista,350635,2019
SP,35041,Baixada Santista,351350,2019
SP,35041,Baixada Santista,351870,2019
SP,35041,Baixada Santista,352210,2019
SP,35041,Baixada Santista,353110,2019
SP,35041,Baixada Santista,353760,2019
SP,35041,Baixada Santista,354100,2019
SP,35041,Baixada Santista,354850,2019
SP,35041,Baixada Santista,355100,2019
SP,35051,Norte - Barretos,350090,2019
SP,35051,Norte - Barretos,350550,2019
SP,35051,Norte - Barretos,350930,2019
SP,35051,Norte - Barretos,351200,2019
SP,35051,Norte - Barretos,351210,2019
SP,35051,Norte - Barretos,351740,2019
SP,35051,Norte - Barretos,351790,2019
SP,35051,Norte - Barretos,352420,2019
SP,35051,Norte - Barretos,353390,2019
SP,35051,Norte - Barretos,355190,2019
SP,35052,Sul - Barretos,350610,2019
SP,35052,Sul - Barretos,353150,2019
SP,35052,Sul - Barretos,355310,2019
SP,35052,Sul - Barretos,355320,2019
SP,35052,Sul - Barretos,355365,2019
SP,35052,Sul - Barretos,355440,2019
SP,35052,Sul - Barretos,355680,2019
SP,35052,Sul - Barretos,355690,2019
SP,35061,Vale do Jurumirim,350055,2019
SP,35061,Vale do Jurumirim,350310,2019
SP,35061,Vale do Jurumirim,350450,2019
SP,35061,Vale do Jurumirim,350500,2019
SP,35061,Vale do Jurumirim,351140,2019
SP,35061,Vale do Jurumirim,351260,2019
SP,35061,Vale do Jurumirim,351540,2019
SP,35061,Vale do Jurumirim,351925,2019
SP,35061,Vale do Jurumirim,352180,2019
SP,35061,Vale do Jurumirim,352280,2019
SP,35061,Vale do Jurumirim,352860,2019
SP,35061,Vale do Jurumirim,353580,2019
SP,35061,Vale do Jurumirim,353880,2019
SP,35061,Vale do Jurumirim,355120,2019
SP,35061,Vale do Jurumirim,355300,2019
SP,35061,Vale do Jurumirim,355380,2019
SP,35061,Vale do Jurumirim,355420,2019
SP,35062,Bauru,350070,2019
SP,35062,Bauru,350340,2019
SP,35062,Bauru,350430,2019
SP,35062,Bauru,350470,2019
SP,35062,Bauru,350600,2019
SP,35062,Bauru,350745,2019
SP,35062,Bauru,350830,2019
SP,35062,Bauru,351450,2019
SP,35062,Bauru,351910,2019
SP,35062,Bauru,352680,2019
SP,35062,Bauru,352750,2019
SP,35062,Bauru,352800,2019
SP,35062,Bauru,353657,2019
SP,35062,Bauru,353670,2019
SP,35062,Bauru,353890,2019
SP,35062,Bauru,353940,2019
SP,35062,Bauru,354110,2019
SP,35062,Bauru,354250,2019
SP,35063,Polo Cuesta,350230,2019
SP,35063,Polo Cuesta,350360,2019
SP,35063,Polo Cuesta,350690,2019
SP,35063,Polo Cuesta,350750,2019
SP,35063,Polo Cuesta,351230,2019
SP,35063,Polo Cuesta,352350,2019
SP,35063,Polo Cuesta,352640,2019
SP,35063,Polo Cuesta,353610,2019
SP,35063,Polo Cuesta,353750,2019
SP,35063,Polo Cuesta,354050,2019
SP,35063,Polo Cuesta,354105,2019
SP,35063,Polo Cuesta,355010,2019
SP,35063,Polo Cuesta,355465,2019
SP,35064,Jaú,350520,2019
SP,35064,Jaú,350530,2019
SP,35064,Jaú,350680,2019
SP,35064,Jaú,350730,2019
SP,35064,Jaú,350790,2019
SP,35064,Jaú,351410,2019
SP,35064,Jaú,352000,2019
SP,35064,Jaú,352200,2019
SP,35064,Jaú,352290,2019
SP,35064,Jaú,352530,2019
SP,35064,Jaú,352980,2019
SP,35064,Jaú,355470,2019
SP,35065,Lins,350880,2019
SP,35065,Lins,351700,2019
SP,35065,Lins,351720,2019
SP,35065,Lins,352710,2019
SP,35065,Lins,354010,2019
SP,35065,Lins,354160,2019
SP,35065,Lins,354460,2019
SP,35065,Lins,355590,2019
SP,35071,Bragança,350410,2019
SP,35071,Bragança,350710,2019
SP,35071,Bragança,350760,2019
SP,35071,Bragança,352550,2019
SP,35071,Bragança,353240,2019
SP,35071,Bragança,353680,2019
SP,35071,Bragança,353820,2019
SP,35071,Bragança,353860,2019
SP,35071,Bragança,355210,2019
SP,35071,Bragança,355495,2019
SP,35071,Bragança,355635,2019
SP,35072,Região Metropolitana de Campinas,350160,2019
SP,35072,Região Metropolitana de Campinas,350380,2019
SP,35072,Região Metropolitana de Campinas,350950,2019
SP,35072,Região Metropolitana de Campinas,351280,2019
SP,35072,Região Metropolitana de Campinas,351905,2019
SP,35072,Região Metropolitana de Campinas,351907,2019
SP,35072,Região Metropolitana de Campinas,352050,2019
SP,35072,Região Metropolitana de Campinas,352340,2019
SP,35072,Região Metropolitana de Campinas,352470,2019
SP,35072,Região Metropolitana de Campinas,353180,2019
SP,35072,Região Metropolitana de Campinas,353200,2019
SP,35072,Região Metropolitana de Campinas,353340,2019
SP,35072,Região Metropolitana de Campinas,353650,2019
SP,35072,Região Metropolitana de Campinas,353710,2019
SP,35072,Região Metropolitana de Campinas,354580,2019
SP,35072,Região Metropolitana de Campinas,354800,2019
SP,35072,Região Metropolitana de Campinas,355240,2019
SP,35072,Região Metropolitana de Campinas,355620,2019
SP,35072,Região Metropolitana de Campinas,355670,2019
SP,35073,Jundiaí,350840,2019
SP,35073,Jundiaí,350960,2019
SP,35073,Jundiaí,352400,2019
SP,35073,Jundiaí,352520,2019
SP,35073,Jundiaí,352590,2019
SP,35073,Jundiaí,352730,2019
SP,35073,Jundiaí,355650,2019
SP,35074,Circuito das Águas,350050,2019
SP,35074,Circuito das Águas,350190,2019
SP,35074,Circuito das Águas,352700,2019
SP,35074,Circuito das Águas,353120,2019
SP,35074,Circuito das Águas,355160,2019
SP,35081,Três Colinas,351320,2019
SP,35081,Três Colinas,351620,2019
SP,35081,Três Colinas,352370,2019
SP,35081,Três Colinas,352540,2019
SP,35081,Três Colinas,353630,2019
SP,35081,Três Colinas,353700,2019
SP,35081,Três Colinas,354270,2019
SP,35081,Três Colinas,354310,2019
SP,35081,Três Colinas,354360,2019
SP,35081,Três Colinas,354950,2019
SP,35082,Alta Anhanguera,352130,2019
SP,35082,Alta Anhanguera,353190,2019
SP,35082,Alta Anhanguera,353360,2019
SP,35082,Alta Anhanguera,353430,2019
SP,35082,Alta Anhanguera,354490,2019
SP,35082,Alta Anhanguera,354940,2019
SP,35083,Alta Mogiana,350300,2019
SP,35083,Alta Mogiana,350820,2019
SP,35083,Alta Mogiana,351770,2019
SP,35083,Alta Mogiana,352010,2019
SP,35083,Alta Mogiana,352410,2019
SP,35083,Alta Mogiana,352970,2019
SP,35091,Adamantina,350010,2019
SP,35091,Adamantina,351600,2019
SP,35091,Adamantina,352080,2019
SP,35091,Adamantina,352740,2019
SP,35091,Adamantina,352890,2019
SP,35091,Adamantina,353460,2019
SP,35091,Adamantina,353490,2019
SP,35091,Adamantina,354085,2019
SP,35091,Adamantina,354470,2019
SP,35091,Adamantina,354510,2019
SP,35092,Assis,350400,2019
SP,35092,Assis,350720,2019
SP,35092,Assis,351000,2019
SP,35092,Assis,351330,2019
SP,35092,Assis,351610,2019
SP,35092,Assis,352790,2019
SP,35092,Assis,352880,2019
SP,35092,Assis,353530,2019
SP,35092,Assis,353550,2019
SP,35092,Assis,353715,2019
SP,35092,Assis,353970,2019
SP,35092,Assis,355395,2019
SP,35093,Marília,350140,2019
SP,35093,Marília,350150,2019
SP,35093,Marília,350980,2019
SP,35093,Marília,351470,2019
SP,35093,Marília,351565,2019
SP,35093,Marília,351660,2019
SP,35093,Marília,351670,2019
SP,35093,Marília,351730,2019
SP,35093,Marília,351810,2019
SP,35093,Marília,352580,2019
SP,35093,Marília,352780,2019
SP,35093,Marília,352900,2019
SP,35093,Marília,353370,2019
SP,35093,Marília,353410,2019
SP,35093,Marília,353450,2019
SP,35093,Marília,354000,2019
SP,35093,Marília,354200,2019
SP,35093,Marília,355550,2019
SP,35093,Marília,355660,2019
SP,35094,Ourinhos,350630,2019
SP,35094,Ourinhos,351015,2019
SP,35094,Ourinhos,351519,2019
SP,35094,Ourinhos,351950,2019
SP,35094,Ourinhos,352090,2019
SP,35094,Ourinhos,353380,2019
SP,35094,Ourinhos,353470,2019
SP,35094,Ourinhos,354320,2019
SP,35094,Ourinhos,354540,2019
SP,35094,Ourinhos,354640,2019
SP,35094,Ourinhos,355050,2019
SP,35094,Ourinhos,355460,2019
SP,35094,Ourinhos,355720,2019
SP,35095,Tupã,350335,2019
SP,35095,Tupã,350580,2019
SP,35095,Tupã,351900,2019
SP,35095,Tupã,351920,2019
SP,35095,Tupã,353600,2019
SP,35095,Tupã,354180,2019
SP,35095,Tupã,354380,2019
SP,35095,Tupã,355500,2019
SP,35101,Araras,350330,2019
SP,35101,Araras,351220,2019
SP,35101,Araras,352670,2019
SP,35101,Araras,353930,2019
SP,35101,Araras,354620,2019
SP,35102,Limeira,351240,2019
SP,35102,Limeira,351515,2019
SP,35102,Limeira,352140,2019
SP,35102,Limeira,352690,2019
SP,35103,Piracicaba,350060,2019
SP,35103,Piracicaba,351040,2019
SP,35103,Piracicaba,351170,2019
SP,35103,Piracicaba,351490,2019
SP,35103,Piracicaba,353090,2019
SP,35103,Piracicaba,353870,2019
SP,35103,Piracicaba,354210,2019
SP,35103,Piracicaba,354400,2019
SP,35103,Piracicaba,354515,2019
SP,35103,Piracicaba,354700,2019
SP,35103,Piracicaba,355040,2019
SP,35104,Rio Claro,350200,2019
SP,35104,Rio Claro,351270,2019
SP,35104,Rio Claro,352110,2019
SP,35104,Rio Claro,352360,2019
SP,35104,Rio Claro,354390,2019
SP,35104,Rio Claro,354670,2019
SP,35111,Alta Paulista,351440,2019
SP,35111,Alta Paulista,351580,2019
SP,35111,Alta Paulista,352160,2019
SP,35111,Alta Paulista,352600,2019
SP,35111,Alta Paulista,353160,2019
SP,35111,Alta Paulista,353310,2019
SP,35111,Alta Paulista,353480,2019
SP,35111,Alta Paulista,353540,2019
SP,35111,Alta Paulista,353640,2019
SP,35111,Alta Paulista,354710,2019
SP,35111,Alta Paulista,354930,2019
SP,35111,Alta Paulista,355510,2019
SP,35112,Alta Sorocabana,350080,2019
SP,35112,Alta Sorocabana,350130,2019
SP,35112,Alta Sorocabana,350240,2019
SP,35112,Alta Sorocabana,350890,2019
SP,35112,Alta Sorocabana,351512,2019
SP,35112,Alta Sorocabana,351530,2019
SP,35112,Alta Sorocabana,352060,2019
SP,35112,Alta Sorocabana,352920,2019
SP,35112,Alta Sorocabana,353220,2019
SP,35112,Alta Sorocabana,353920,2019
SP,35112,Alta Sorocabana,354120,2019
SP,35112,Alta Sorocabana,354140,2019
SP,35112,Alta Sorocabana,354240,2019
SP,35112,Alta Sorocabana,354323,2019
SP,35112,Alta Sorocabana,354550,2019
SP,35112,Alta Sorocabana,354770,2019
SP,35112,Alta Sorocabana,354830,2019
SP,35112,Alta Sorocabana,355290,2019
SP,35112,Alta Sorocabana,355390,2019
SP,35113,Alto Capivari,351990,2019
SP,35113,Alto Capivari,352560,2019
SP,35113,Alto Capivari,353215,2019
SP,35113,Alto Capivari,354170,2019
SP,35113,Alto Capivari,354220,2019
SP,35114,Extremo Oeste Paulista,350910,2019
SP,35114,Extremo Oeste Paulista,352870,2019
SP,35114,Extremo Oeste Paulista,353830,2019
SP,35114,Extremo Oeste Paulista,354130,2019
SP,35114,Extremo Oeste Paulista,354150,2019
SP,35115,Pontal do Paranapanema,351535,2019
SP,35115,Pontal do Paranapanema,353020,2019
SP,35115,Pontal do Paranapanema,354425,2019
SP,35115,Pontal do Paranapanema,355430,2019
SP,35121,Vale do Ribeira,350540,2019
SP,35121,Vale do Ribeira,350925,2019
SP,35121,Vale do Ribeira,350990,2019
SP,35121,Vale do Ribeira,351480,2019
SP,35121,Vale do Ribeira,352030,2019
SP,35121,Vale do Ribeira,352042,2019
SP,35121,Vale do Ribeira,352120,2019
SP,35121,Vale do Ribeira,352330,2019
SP,35121,Vale do Ribeira,352460,2019
SP,35121,Vale do Ribeira,352610,2019
SP,35121,Vale do Ribeira,352990,2019
SP,35121,Vale do Ribeira,353620,2019
SP,35121,Vale do Ribeira,353720,2019
SP,35121,Vale do Ribeira,354260,2019
SP,35121,Vale do Ribeira,355180,2019
SP,35131,Horizonte Verde,350560,2019
SP,35131,Horizonte Verde,351460,2019
SP,35131,Horizonte Verde,351860,2019
SP,35131,Horizonte Verde,352430,2019
SP,35131,Horizonte Verde,353130,2019
SP,35131,Horizonte Verde,353950,2019
SP,35131,Horizonte Verde,354020,2019
SP,35131,Horizonte Verde,354090,2019
SP,35131,Horizonte Verde,355170,2019
SP,35132,Aquífero Guarani,351310,2019
SP,35132,Aquífero Guarani,351885,2019
SP,35132,Aquífero Guarani,352510,2019
SP,35132,Aquífero Guarani,352760,2019
SP,35132,Aquífero Guarani,354340,2019
SP,35132,Aquífero Guarani,354750,2019
SP,35132,Aquífero Guarani,354760,2019
SP,35132,Aquífero Guarani,355090,2019
SP,35132,Aquífero Guarani,355140,2019
SP,35132,Aquífero Guarani,355150,2019
SP,35133,Vale das Cachoeiras,350100,2019
SP,35133,Vale das Cachoeiras,350590,2019
SP,35133,Vale das Cachoeiras,350780,2019
SP,35133,Vale das Cachoeiras,350940,2019
SP,35133,Vale das Cachoeiras,351090,2019
SP,35133,Vale das Cachoeiras,354625,2019
SP,35133,Vale das Cachoeiras,354790,2019
SP,35141,Baixa Mogiana,352260,2019
SP,35141,Baixa Mogiana,353070,2019
SP,35141,Baixa Mogiana,353080,2019
SP,35141,Baixa Mogiana,355730,2019
SP,35142,Mantiqueira,350030,2019
SP,35142,Mantiqueira,350040,2019
SP,35142,Mantiqueira,351518,2019
SP,35142,Mantiqueira,354630,2019
SP,35142,Mantiqueira,354810,2019
SP,35142,Mantiqueira,354910,2019
SP,35142,Mantiqueira,355330,2019
SP,35142,Mantiqueira,355640,2019
SP,35143,Rio Pardo,350870,2019
SP,35143,Rio Pardo,351080,2019
SP,35143,Rio Pardo,351390,2019
SP,35143,Rio Pardo,352380,2019
SP,35143,Rio Pardo,353050,2019
SP,35143,Rio Pardo,354970,2019
SP,35143,Rio Pardo,355080,2019
SP,35143,Rio Pardo,355360,2019
SP,35151,Catanduva,350370,2019
SP,35151,Catanduva,351110,2019
SP,35151,Catanduva,351120,2019
SP,35151,Catanduva,351492,2019
SP,35151,Catanduva,351495,2019
SP,35151,Catanduva,351560,2019
SP,35151,Catanduva,352150,2019
SP,35151,Catanduva,352190,2019
SP,35151,Catanduva,352885,2019
SP,35151,Catanduva,353325,2019
SP,35151,Catanduva,353350,2019
SP,35151,Catanduva,353510,2019
SP,35151,Catanduva,353570,2019
SP,35151,Catanduva,353810,2019
SP,35151,Catanduva,353900,2019
SP,35151,Catanduva,354480,2019
SP,35151,Catanduva,354560,2019
SP,35151,Catanduva,355260,2019
SP,35151,Catanduva,355600,2019
SP,35152,Santa Fé do Sul,353284,2019
SP,35152,Santa Fé do Sul,354450,2019
SP,35152,Santa Fé do Sul,354610,2019
SP,35152,Santa Fé do Sul,354660,2019
SP,35152,Santa Fé do Sul,354740,2019
SP,35152,Santa Fé do Sul,355490,2019
SP,35153,Jales,350260,2019
SP,35153,Jales,350395,2019
SP,35153,Jales,351385,2019
SP,35153,Jales,351420,2019
SP,35153,Jales,352480,2019
SP,35153,Jales,352910,2019
SP,35153,Jales,352965,2019
SP,35153,Jales,353520,2019
SP,35153,Jales,353590,2019
SP,35153,Jales,354025,2019
SP,35153,Jales,354570,2019
SP,35153,Jales,354720,2019
SP,35153,Jales,354765,2019
SP,35153,Jales,354900,2019
SP,35153,Jales,355580,2019
SP,35153,Jales,355695,2019
SP,35154,Fernandópolis,351520,2019
SP,35154,Fernandópolis,351550,2019
SP,35154,Fernandópolis,351800,2019
SP,35154,Fernandópolis,352070,2019
SP,35154,Fernandópolis,352820,2019
SP,35154,Fernandópolis,352960,2019
SP,35154,Fernandópolis,353000,2019
SP,35154,Fernandópolis,353475,2019
SP,35154,Fernandópolis,353690,2019
SP,35154,Fernandópolis,354040,2019
SP,35154,Fernandópolis,354920,2019
SP,35154,Fernandópolis,354925,2019
SP,35154,Fernandópolis,355530,2019
SP,35155,São José do Rio Preto,350460,2019
SP,35155,São José do Rio Preto,350480,2019
SP,35155,São José do Rio Preto,351130,2019
SP,35155,São José do Rio Preto,351750,2019
SP,35155,São José do Rio Preto,351940,2019
SP,35155,São José do Rio Preto,351980,2019
SP,35155,São José do Rio Preto,352115,2019
SP,35155,São José do Rio Preto,353030,2019
SP,35155,São José do Rio Preto,353040,2019
SP,35155,São José do Rio Preto,353250,2019
SP,35155,São José do Rio Preto,353280,2019
SP,35155,São José do Rio Preto,353300,2019
SP,35155,São José do Rio Preto,353400,2019
SP,35155,São José do Rio Preto,353420,2019
SP,35155,São José do Rio Preto,353500,2019
SP,35155,São José do Rio Preto,353660,2019
SP,35155,São José do Rio Preto,354080,2019
SP,35155,São José do Rio Preto,354980,2019
SP,35155,São José do Rio Preto,355340,2019
SP,35155,São José do Rio Preto,355560,2019
SP,35156,José Bonifácio,350020,2019
SP,35156,José Bonifácio,352450,2019
SP,35156,José Bonifácio,352570,2019
SP,35156,José Bonifácio,352950,2019
SP,35156,José Bonifácio,353140,2019
SP,35156,José Bonifácio,353270,2019
SP,35156,José Bonifácio,353960,2019
SP,35156,José Bonifácio,353990,2019
SP,35156,José Bonifácio,355535,2019
SP,35156,José Bonifácio,355570,2019
SP,35156,José Bonifácio,355715,2019
SP,35157,Votuporanga,350120,2019
SP,35157,Votuporanga,350180,2019
SP,35157,Votuporanga,351070,2019
SP,35157,Votuporanga,351290,2019
SP,35157,Votuporanga,351590,2019
SP,35157,Votuporanga,351680,2019
SP,35157,Votuporanga,351690,2019
SP,35157,Votuporanga,352810,2019
SP,35157,Votuporanga,352830,2019
SP,35157,Votuporanga,353100,2019
SP,35157,Votuporanga,353260,2019
SP,35157,Votuporanga,353625,2019
SP,35157,Votuporanga,354030,2019
SP,35157,Votuporanga,354420,2019
SP,35157,Votuporanga,355130,2019
SP,35157,Votuporanga,355610,2019
SP,35157,Votuporanga,355710,2019
SP,35161,Itapetininga,350075,2019
SP,35161,Itapetininga,350220,2019
SP,35161,Itapetininga,350945,2019
SP,35161,Itapetininga,351020,2019
SP,35161,Itapetininga,351150,2019
SP,35161,Itapetininga,351160,2019
SP,35161,Itapetininga,351850,2019
SP,35161,Itapetininga,352230,2019
SP,35161,Itapetininga,354165,2019
SP,35161,Itapetininga,354325,2019
SP,35161,Itapetininga,355020,2019
SP,35161,Itapetininga,355110,2019
SP,35161,Itapetininga,355400,2019
SP,35162,Itapeva,350270,2019
SP,35162,Itapeva,350535,2019
SP,35162,Itapeva,350715,2019
SP,35162,Itapeva,350800,2019
SP,35162,Itapeva,351760,2019
SP,35162,Itapeva,352170,2019
SP,35162,Itapeva,352215,2019
SP,35162,Itapeva,352240,2019
SP,35162,Itapeva,352265,2019
SP,35162,Itapeva,352320,2019
SP,35162,Itapeva,353282,2019
SP,35162,Itapeva,354280,2019
SP,35162,Itapeva,354300,2019
SP,35162,Itapeva,354350,2019
SP,35162,Itapeva,355385,2019
SP,35163,Sorocaba,350115,2019
SP,35163,Sorocaba,350275,2019
SP,35163,Sorocaba,350290,2019
SP,35163,Sorocaba,350700,2019
SP,35163,Sorocaba,351030,2019
SP,35163,Sorocaba,351970,2019
SP,35163,Sorocaba,352100,2019
SP,35163,Sorocaba,352390,2019
SP,35163,Sorocaba,352585,2019
SP,35163,Sorocaba,352840,2019
SP,35163,Sorocaba,353780,2019
SP,35163,Sorocaba,353790,2019
SP,35163,Sorocaba,354060,2019
SP,35163,Sorocaba,354520,2019
SP,35163,Sorocaba,354530,2019
SP,35163,Sorocaba,355060,2019
SP,35163,Sorocaba,355220,2019
SP,35163,Sorocaba,355350,2019
SP,35163,Sorocaba,355450,2019
SP,35163,Sorocaba,355700,2019
SP,35171,Alto Vale do Paraíba,350850,2019
SP,35171,Alto Vale do Paraíba,352020,2019
SP,35171,Alto Vale do Paraíba,352440,2019
SP,35171,Alto Vale do Paraíba,352490,2019
SP,35171,Alto Vale do Paraíba,353170,2019
SP,35171,Alto Vale do Paraíba,353560,2019
SP,35171,Alto Vale do Paraíba,354600,2019
SP,35171,Alto Vale do Paraíba,354990,2019
SP,35172,Circuito da Fé e Vale Histórico,350250,2019
SP,35172,Circuito da Fé e Vale Histórico,350315,2019
SP,35172,Circuito da Fé e Vale Histórico,350350,2019
SP,35172,Circuito da Fé e Vale Histórico,350490,2019
SP,35172,Circuito da Fé e Vale Histórico,350860,2019
SP,35172,Circuito da Fé e Vale Histórico,350995,2019
SP,35172,Circuito da Fé e Vale Histórico,351340,2019
SP,35172,Circuito da Fé e Vale Histórico,351360,2019
SP,35172,Circuito da Fé e Vale Histórico,351840,2019
SP,35172,Circuito da Fé e Vale Histórico,352660,2019
SP,35172,Circuito da Fé e Vale Histórico,352720,2019
SP,35172,Circuito da Fé e Vale Histórico,353850,2019
SP,35172,Circuito da Fé e Vale Histórico,354075,2019
SP,35172,Circuito da Fé e Vale Histórico,354190,2019
SP,35172,Circuito da Fé e Vale Histórico,354430,2019
SP,35172,Circuito da Fé e Vale Histórico,354960,2019
SP,35172,Circuito da Fé e Vale Histórico,355200,2019
SP,35173,Litoral Norte,351050,2019
SP,35173,Litoral Norte,352040,2019
SP,35173,Litoral Norte,355070,2019
SP,35173,Litoral Norte,355540,2019
SP,35174,Vale do Paraíba/Região Serrana,350970,2019
SP,35174,Vale do Paraíba/Região Serrana,352630,2019
SP,35174,Vale do Paraíba/Região Serrana,353230,2019
SP,35174,Vale do Paraíba/Região Serrana,353800,2019
SP,35174,Vale do Paraíba/Região Serrana,354230,2019
SP,35174,Vale do Paraíba/Região Serrana,354820,2019
SP,35174,Vale do Paraíba/Região Serrana,354860,2019
SP,35174,Vale do Paraíba/Região Serrana,355000,2019
SP,35174,Vale do Paraíba/Região Serrana,355410,2019
SP,35174,Vale do Paraíba/Região Serrana,355480,2019
PR,41001,1ª RS Paranaguá,410120,2019
PR,41001,1ª RS Paranaguá,410950,2019
PR,41001,1ª RS Paranaguá,410960,2019
PR,41001,1ª RS Paranaguá,411570,2019
PR,41001,1ª RS Paranaguá,411620,2019
PR,41001,1ª RS Paranaguá,411820,2019
PR,41001,1ª RS Paranaguá,411995,2019
PR,41002,2ª RS Metropolitana,410020,2019
PR,41002,2ª RS Metropolitana,410030,2019
PR,41002,2ª RS Metropolitana,410040,2019
PR,41002,2ª RS Metropolitana,410180,2019
PR,41002,2ª RS Metropolitana,410230,2019
PR,41002,2ª RS Metropolitana,410310,2019
PR,41002,2ª RS Metropolitana,410400,2019
PR,41002,2ª RS Metropolitana,410410,2019
PR,41002,2ª RS Metropolitana,410420,2019
PR,41002,2ª RS Metropolitana,410425,2019
PR,41002,2ª RS Metropolitana,410520,2019
PR,41002,2ª RS Metropolitana,410580,2019
PR,41002,2ª RS Metropolitana,410620,2019
PR,41002,2ª RS Metropolitana,410690,2019
PR,41002,2ª RS Metropolitana,410765,2019
PR,41002,2ª RS Metropolitana,411125,2019
PR,41002,2ª RS Metropolitana,411320,2019
PR,41002,2ª RS Metropolitana,411430,2019
PR,41002,2ª RS Metropolitana,411910,2019
PR,41002,2ª RS Metropolitana,411915,2019
PR,41002,2ª RS Metropolitana,411950,2019
PR,41002,2ª RS Metropolitana,412080,2019
PR,41002,2ª RS Metropolitana,412120,2019
PR,41002,2ª RS Metropolitana,412220,2019
PR,41002,2ª RS Metropolitana,412230,2019
PR,41002,2ª RS Metropolitana,412550,2019
PR,41002,2ª RS Metropolitana,412760,2019
PR,41002,2ª RS Metropolitana,412788,2019
PR,41002,2ª RS Metropolitana,412863,2019
PR,41003,3ª RS Ponta Grossa,410160,2019
PR,41003,3ª RS Ponta Grossa,410465,2019
PR,41003,3ª RS Ponta Grossa,410490,2019
PR,41003,3ª RS Ponta Grossa,411050,2019
PR,41003,3ª RS Ponta Grossa,411140,2019
PR,41003,3ª RS Ponta Grossa,411200,2019
PR,41003,3ª RS Ponta Grossa,411770,2019
PR,41003,3ª RS Ponta Grossa,411940,2019
PR,41003,3ª RS Ponta Grossa,411990,2019
PR,41003,3ª RS Ponta Grossa,412010,2019
PR,41003,3ª RS Ponta Grossa,412510,2019
PR,41003,3ª RS Ponta Grossa,412630,2019
PR,41004,4ª RS Irati,410773,2019
PR,41004,4ª RS Irati,410895,2019
PR,41004,4ª RS Irati,411010,2019
PR,41004,4ª RS Irati,411020,2019
PR,41004,4ª RS Irati,411070,2019
PR,41004,4ª RS Irati,411390,2019
PR,41004,4ª RS Irati,412150,2019
PR,41004,4ª RS Irati,412200,2019
PR,41004,4ª RS Irati,412700,2019
PR,41005,5ª RS Guarapuava,410304,2019
PR,41005,5ª RS Guarapuava,410395,2019
PR,41005,5ª RS Guarapuava,410442,2019
PR,41005,5ª RS Guarapuava,410445,2019
PR,41005,5ª RS Guarapuava,410845,2019
PR,41005,5ª RS Guarapuava,410865,2019
PR,41005,5ª RS Guarapuava,410940,2019
PR,41005,5ª RS Guarapuava,411325,2019
PR,41005,5ª RS Guarapuava,411330,2019
PR,41005,5ª RS Guarapuava,411545,2019
PR,41005,5ª RS Guarapuava,411705,2019
PR,41005,5ª RS Guarapuava,411780,2019
PR,41005,5ª RS Guarapuava,411930,2019
PR,41005,5ª RS Guarapuava,411960,2019
PR,41005,5ª RS Guarapuava,412015,2019
PR,41005,5ª RS Guarapuava,412060,2019
PR,41005,5ª RS Guarapuava,412175,2019
PR,41005,5ª RS Guarapuava,412215,2019
PR,41005,5ª RS Guarapuava,412796,2019
PR,41005,5ª RS Guarapuava,412865,2019
PR,41006,6ª RS União da Vitória,410130,2019
PR,41006,6ª RS União da Vitória,410290,2019
PR,41006,6ª RS União da Vitória,410680,2019
PR,41006,6ª RS União da Vitória,410850,2019
PR,41006,6ª RS União da Vitória,411860,2019
PR,41006,6ª RS União da Vitória,411870,2019
PR,41006,6ª RS União da Vitória,412030,2019
PR,41006,6ª RS União da Vitória,412560,2019
PR,41006,6ª RS União da Vitória,412820,2019
PR,41007,7ª RS Pato Branco,410322,2019
PR,41007,7ª RS Pato Branco,410540,2019
PR,41007,7ª RS Pato Branco,410570,2019
PR,41007,7ª RS Pato Branco,410645,2019
PR,41007,7ª RS Pato Branco,410650,2019
PR,41007,7ª RS Pato Branco,410965,2019
PR,41007,7ª RS Pato Branco,411120,2019
PR,41007,7ª RS Pato Branco,411440,2019
PR,41007,7ª RS Pato Branco,411530,2019
PR,41007,7ª RS Pato Branco,411760,2019
PR,41007,7ª RS Pato Branco,411850,2019
PR,41007,7ª RS Pato Branco,412480,2019
PR,41007,7ª RS Pato Branco,412627,2019
PR,41007,7ª RS Pato Branco,412665,2019
PR,41007,7ª RS Pato Branco,412870,2019
PR,41008,8ª RS Francisco Beltrão,410100,2019
PR,41008,8ª RS Francisco Beltrão,410260,2019
PR,41008,8ª RS Francisco Beltrão,410275,2019
PR,41008,8ª RS Francisco Beltrão,410302,2019
PR,41008,8ª RS Francisco Beltrão,410315,2019
PR,41008,8ª RS Francisco Beltrão,410450,2019
PR,41008,8ª RS Francisco Beltrão,410657,2019
PR,41008,8ª RS Francisco Beltrão,410720,2019
PR,41008,8ª RS Francisco Beltrão,410740,2019
PR,41008,8ª RS Francisco Beltrão,410785,2019
PR,41008,8ª RS Francisco Beltrão,410840,2019
PR,41008,8ª RS Francisco Beltrão,411435,2019
PR,41008,8ª RS Francisco Beltrão,411540,2019
PR,41008,8ª RS Francisco Beltrão,411695,2019
PR,41008,8ª RS Francisco Beltrão,411725,2019
PR,41008,8ª RS Francisco Beltrão,411900,2019
PR,41008,8ª RS Francisco Beltrão,411925,2019
PR,41008,8ª RS Francisco Beltrão,411980,2019
PR,41008,8ª RS Francisco Beltrão,412035,2019
PR,41008,8ª RS Francisco Beltrão,412140,2019
PR,41008,8ª RS Francisco Beltrão,412160,2019
PR,41008,8ª RS Francisco Beltrão,412280,2019
PR,41008,8ª RS Francisco Beltrão,412300,2019
PR,41008,8ª RS Francisco Beltrão,412380,2019
PR,41008,8ª RS Francisco Beltrão,412440,2019
PR,41008,8ª RS Francisco Beltrão,412520,2019
PR,41008,8ª RS Francisco Beltrão,412860,2019
PR,41009,9ª RS Foz do Iguaçu,410830,2019
PR,41009,9ª RS Foz do Iguaçu,411095,2019
PR,41009,9ª RS Foz do Iguaçu,411560,2019
PR,41009,9ª RS Foz do Iguaçu,411580,2019
PR,41009,9ª RS Foz do Iguaçu,411605,2019
PR,41009,9ª RS Foz do Iguaçu,412125,2019
PR,41009,9ª RS Foz do Iguaçu,412405,2019
PR,41009,9ª RS Foz do Iguaçu,412570,2019
PR,41009,9ª RS Foz do Iguaçu,412635,2019
PR,41010,10ª RS Cascavel,410105,2019
PR,41010,10ª RS Cascavel,410305,2019
PR,41010,10ª RS Cascavel,410335,2019
PR,41010,10ª RS Cascavel,410345,2019
PR,41010,10ª RS Cascavel,410405,2019
PR,41010,10ª RS Cascavel,410460,2019
PR,41010,10ª RS Cascavel,410480,2019
PR,41010,10ª RS Cascavel,410500,2019
PR,41010,10ª RS Cascavel,410530,2019
PR,41010,10ª RS Cascavel,410630,2019
PR,41010,10ª RS Cascavel,410712,2019
PR,41010,10ª RS Cascavel,410754,2019
PR,41010,10ª RS Cascavel,410820,2019
PR,41010,10ª RS Cascavel,410930,2019
PR,41010,10ª RS Cascavel,410975,2019
PR,41010,10ª RS Cascavel,411005,2019
PR,41010,10ª RS Cascavel,411065,2019
PR,41010,10ª RS Cascavel,411275,2019
PR,41010,10ª RS Cascavel,411345,2019
PR,41010,10ª RS Cascavel,411670,2019
PR,41010,10ª RS Cascavel,412090,2019
PR,41010,10ª RS Cascavel,412382,2019
PR,41010,10ª RS Cascavel,412402,2019
PR,41010,10ª RS Cascavel,412785,2019
PR,41010,10ª RS Cascavel,412855,2019
PR,41011,11ª RS Campo Mourão,410045,2019
PR,41011,11ª RS Campo Mourão,410170,2019
PR,41011,11ª RS Campo Mourão,410250,2019
PR,41011,11ª RS Campo Mourão,410300,2019
PR,41011,11ª RS Campo Mourão,410390,2019
PR,41011,11ª RS Campo Mourão,410430,2019
PR,41011,11ª RS Campo Mourão,410655,2019
PR,41011,11ª RS Campo Mourão,410750,2019
PR,41011,11ª RS Campo Mourão,410755,2019
PR,41011,11ª RS Campo Mourão,410770,2019
PR,41011,11ª RS Campo Mourão,410860,2019
PR,41011,11ª RS Campo Mourão,411080,2019
PR,41011,11ª RS Campo Mourão,411220,2019
PR,41011,11ª RS Campo Mourão,411295,2019
PR,41011,11ª RS Campo Mourão,411373,2019
PR,41011,11ª RS Campo Mourão,411400,2019
PR,41011,11ª RS Campo Mourão,411610,2019
PR,41011,11ª RS Campo Mourão,411680,2019
PR,41011,11ª RS Campo Mourão,411880,2019
PR,41011,11ª RS Campo Mourão,412065,2019
PR,41011,11ª RS Campo Mourão,412110,2019
PR,41011,11ª RS Campo Mourão,412135,2019
PR,41011,11ª RS Campo Mourão,412250,2019
PR,41011,11ª RS Campo Mourão,412720,2019
PR,41011,11ª RS Campo Mourão,412800,2019
PR,41012,12ª RS Umuarama,410050,2019
PR,41012,12ª RS Umuarama,410070,2019
PR,41012,12ª RS Umuarama,410337,2019
PR,41012,12ª RS Umuarama,410347,2019
PR,41012,12ª RS Umuarama,410660,2019
PR,41012,12ª RS Umuarama,410725,2019
PR,41012,12ª RS Umuarama,410752,2019
PR,41012,12ª RS Umuarama,410832,2019
PR,41012,12ª RS Umuarama,410990,2019
PR,41012,12ª RS Umuarama,411060,2019
PR,41012,12ª RS Umuarama,411155,2019
PR,41012,12ª RS Umuarama,411470,2019
PR,41012,12ª RS Umuarama,411510,2019
PR,41012,12ª RS Umuarama,411720,2019
PR,41012,12ª RS Umuarama,411885,2019
PR,41012,12ª RS Umuarama,411890,2019
PR,41012,12ª RS Umuarama,412535,2019
PR,41012,12ª RS Umuarama,412690,2019
PR,41012,12ª RS Umuarama,412810,2019
PR,41012,12ª RS Umuarama,412862,2019
PR,41012,12ª RS Umuarama,412880,2019
PR,41013,13ª RS Cianorte,410550,2019
PR,41013,13ª RS Cianorte,410560,2019
PR,41013,13ª RS Cianorte,410910,2019
PR,41013,13ª RS Cianorte,411040,2019
PR,41013,13ª RS Cianorte,411240,2019
PR,41013,13ª RS Cianorte,411300,2019
PR,41013,13ª RS Cianorte,412260,2019
PR,41013,13ª RS Cianorte,412555,2019
PR,41013,13ª RS Cianorte,412610,2019
PR,41013,13ª RS Cianorte,412680,2019
PR,41013,13ª RS Cianorte,412790,2019
PR,41014,14ª RS Paranavaí,410060,2019
PR,41014,14ª RS Paranavaí,410090,2019
PR,41014,14ª RS Paranavaí,410670,2019
PR,41014,14ª RS Paranavaí,410710,2019
PR,41014,14ª RS Paranavaí,410890,2019
PR,41014,14ª RS Paranavaí,411030,2019
PR,41014,14ª RS Paranavaí,411130,2019
PR,41014,14ª RS Paranavaí,411260,2019
PR,41014,14ª RS Paranavaí,411350,2019
PR,41014,14ª RS Paranavaí,411500,2019
PR,41014,14ª RS Paranavaí,411590,2019
PR,41014,14ª RS Paranavaí,411650,2019
PR,41014,14ª RS Paranavaí,411710,2019
PR,41014,14ª RS Paranavaí,411800,2019
PR,41014,14ª RS Paranavaí,411830,2019
PR,41014,14ª RS Paranavaí,411840,2019
PR,41014,14ª RS Paranavaí,411970,2019
PR,41014,14ª RS Paranavaí,412020,2019
PR,41014,14ª RS Paranavaí,412100,2019
PR,41014,14ª RS Paranavaí,412330,2019
PR,41014,14ª RS Paranavaí,412370,2019
PR,41014,14ª RS Paranavaí,412395,2019
PR,41014,14ª RS Paranavaí,412420,2019
PR,41014,14ª RS Paranavaí,412460,2019
PR,41014,14ª RS Paranavaí,412490,2019
PR,41014,14ª RS Paranavaí,412590,2019
PR,41014,14ª RS Paranavaí,412670,2019
PR,41014,14ª RS Paranavaí,412730,2019
PR,41015,15ª RS Maringá,410115,2019
PR,41015,15ª RS Maringá,410210,2019
PR,41015,15ª RS Maringá,410220,2019
PR,41015,15ª RS Maringá,410590,2019
PR,41015,15ª RS Maringá,410730,2019
PR,41015,15ª RS Maringá,410780,2019
PR,41015,15ª RS Maringá,410790,2019
PR,41015,15ª RS Maringá,410810,2019
PR,41015,15ª RS Maringá,411000,2019
PR,41015,15ª RS Maringá,411090,2019
PR,41015,15ª RS Maringá,411110,2019
PR,41015,15ª RS Maringá,411160,2019
PR,41015,15ª RS Maringá,411360,2019
PR,41015,15ª RS Maringá,411410,2019
PR,41015,15ª RS Maringá,411420,2019
PR,41015,15ª RS Maringá,411480,2019
PR,41015,15ª RS Maringá,411520,2019
PR,41015,15ª RS Maringá,411630,2019
PR,41015,15ª RS Maringá,411640,2019
PR,41015,15ª RS Maringá,411690,2019
PR,41015,15ª RS Maringá,411740,2019
PR,41015,15ª RS Maringá,411750,2019
PR,41015,15ª RS Maringá,411810,2019
PR,41015,15ª RS Maringá,412040,2019
PR,41015,15ª RS Maringá,412340,2019
PR,41015,15ª RS Maringá,412360,2019
PR,41015,15ª RS Maringá,412450,2019
PR,41015,15ª RS Maringá,412530,2019
PR,41015,15ª RS Maringá,412625,2019
PR,41015,15ª RS Maringá,412830,2019
PR,41016,16ª RS Apucarana,410140,2019
PR,41016,16ª RS Apucarana,410150,2019
PR,41016,16ª RS Apucarana,410320,2019
PR,41016,16ª RS Apucarana,410330,2019
PR,41016,16ª RS Apucarana,410350,2019
PR,41016,16ª RS Apucarana,410380,2019
PR,41016,16ª RS Apucarana,410760,2019
PR,41016,16ª RS Apucarana,410870,2019
PR,41016,16ª RS Apucarana,411210,2019
PR,41016,16ª RS Apucarana,411310,2019
PR,41016,16ª RS Apucarana,411490,2019
PR,41016,16ª RS Apucarana,411550,2019
PR,41016,16ª RS Apucarana,411575,2019
PR,41016,16ª RS Apucarana,411729,2019
PR,41016,16ª RS Apucarana,412210,2019
PR,41016,16ª RS Apucarana,412270,2019
PR,41016,16ª RS Apucarana,412580,2019
PR,41017,17ª RS Londrina,410080,2019
PR,41017,17ª RS Londrina,410190,2019
PR,41017,17ª RS Londrina,410280,2019
PR,41017,17ª RS Londrina,410340,2019
PR,41017,17ª RS Londrina,410370,2019
PR,41017,17ª RS Londrina,410510,2019
PR,41017,17ª RS Londrina,410800,2019
PR,41017,17ª RS Londrina,410920,2019
PR,41017,17ª RS Londrina,410980,2019
PR,41017,17ª RS Londrina,411190,2019
PR,41017,17ª RS Londrina,411270,2019
PR,41017,17ª RS Londrina,411370,2019
PR,41017,17ª RS Londrina,411380,2019
PR,41017,17ª RS Londrina,411600,2019
PR,41017,17ª RS Londrina,411965,2019
PR,41017,17ª RS Londrina,412000,2019
PR,41017,17ª RS Londrina,412033,2019
PR,41017,17ª RS Londrina,412050,2019
PR,41017,17ª RS Londrina,412240,2019
PR,41017,17ª RS Londrina,412650,2019
PR,41017,17ª RS Londrina,412667,2019
PR,41018,18ª RS Cornélio Procópio,410010,2019
PR,41018,18ª RS Cornélio Procópio,410110,2019
PR,41018,18ª RS Cornélio Procópio,410240,2019
PR,41018,18ª RS Cornélio Procópio,410600,2019
PR,41018,18ª RS Cornélio Procópio,410640,2019
PR,41018,18ª RS Cornélio Procópio,411100,2019
PR,41018,18ª RS Cornélio Procópio,411340,2019
PR,41018,18ª RS Cornélio Procópio,411660,2019
PR,41018,18ª RS Cornélio Procópio,411700,2019
PR,41018,18ª RS Cornélio Procópio,411721,2019
PR,41018,18ª RS Cornélio Procópio,412130,2019
PR,41018,18ª RS Cornélio Procópio,412190,2019
PR,41018,18ª RS Cornélio Procópio,412310,2019
PR,41018,18ª RS Cornélio Procópio,412320,2019
PR,41018,18ª RS Cornélio Procópio,412390,2019
PR,41018,18ª RS Cornélio Procópio,412430,2019
PR,41018,18ª RS Cornélio Procópio,412470,2019
PR,41018,18ª RS Cornélio Procópio,412600,2019
PR,41018,18ª RS Cornélio Procópio,412620,2019
PR,41018,18ª RS Cornélio Procópio,412640,2019
PR,41018,18ª RS Cornélio Procópio,412840,2019
PR,41019,19ª RS Jacarezinho,410270,2019
PR,41019,19ª RS Jacarezinho,410360,2019
PR,41019,19ª RS Jacarezinho,410470,2019
PR,41019,19ª RS Jacarezinho,410610,2019
PR,41019,19ª RS Jacarezinho,410775,2019
PR,41019,19ª RS Jacarezinho,410900,2019
PR,41019,19ª RS Jacarezinho,410970,2019
PR,41019,19ª RS Jacarezinho,411170,2019
PR,41019,19ª RS Jacarezinho,411180,2019
PR,41019,19ª RS Jacarezinho,411230,2019
PR,41019,19ª RS Jacarezinho,411280,2019
PR,41019,19ª RS Jacarezinho,411290,2019
PR,41019,19ª RS Jacarezinho,411920,2019
PR,41019,19ª RS Jacarezinho,412070,2019
PR,41019,19ª RS Jacarezinho,412180,2019
PR,41019,19ª RS Jacarezinho,412290,2019
PR,41019,19ª RS Jacarezinho,412400,2019
PR,41019,19ª RS Jacarezinho,412410,2019
PR,41019,19ª RS Jacarezinho,412540,2019
PR,41019,19ª RS Jacarezinho,412660,2019
PR,41019,19ª RS Jacarezinho,412780,2019
PR,41019,19ª RS Jacarezinho,412850,2019
PR,41020,20ª RS Toledo,410200,2019
PR,41020,20ª RS Toledo,410715,2019
PR,41020,20ª RS Toledo,410753,2019
PR,41020,20ª RS Toledo,410880,2019
PR,41020,20ª RS Toledo,411460,2019
PR,41020,20ª RS Toledo,411535,2019
PR,41020,20ª RS Toledo,411585,2019
PR,41020,20ª RS Toledo,411722,2019
PR,41020,20ª RS Toledo,411745,2019
PR,41020,20ª RS Toledo,411790,2019
PR,41020,20ª RS Toledo,411845,2019
PR,41020,20ª RS Toledo,412085,2019
PR,41020,20ª RS Toledo,412350,2019
PR,41020,20ª RS Toledo,412545,2019
PR,41020,20ª RS Toledo,412575,2019
PR,41020,20ª RS Toledo,412740,2019
PR,41020,20ª RS Toledo,412770,2019
PR,41020,20ª RS Toledo,412795,2019
PR,41021,21ª RS Telêmaco Borba,410700,2019
PR,41021,21ª RS Telêmaco Borba,411007,2019
PR,41021,21ª RS Telêmaco Borba,411730,2019
PR,41021,21ª RS Telêmaco Borba,412170,2019
PR,41021,21ª RS Telêmaco Borba,412710,2019
PR,41021,21ª RS Telêmaco Borba,412750,2019
PR,41021,21ª RS Telêmaco Borba,412853,2019
PR,41022,22ª RS Ivaiporã,410165,2019
PR,41022,22ª RS Ivaiporã,410185,2019
PR,41022,22ª RS Ivaiporã,410440,2019
PR,41022,22ª RS Ivaiporã,410685,2019
PR,41022,22ª RS Ivaiporã,410855,2019
PR,41022,22ª RS Ivaiporã,411150,2019
PR,41022,22ª RS Ivaiporã,411250,2019
PR,41022,22ª RS Ivaiporã,411342,2019
PR,41022,22ª RS Ivaiporã,411375,2019
PR,41022,22ª RS Ivaiporã,411450,2019
PR,41022,22ª RS Ivaiporã,411573,2019
PR,41022,22ª RS Ivaiporã,411727,2019
PR,41022,22ª RS Ivaiporã,412217,2019
PR,41022,22ª RS Ivaiporã,412265,2019
PR,41022,22ª RS Ivaiporã,412385,2019
PR,41022,22ª RS Ivaiporã,412500,2019
SC,42001,Extremo Oeste,420080,2019
SC,42001,Extremo Oeste,420208,2019
SC,42001,Extremo Oeste,420209,2019
SC,42001,Extremo Oeste,420215,2019
SC,42001,Extremo Oeste,420257,2019
SC,42001,Extremo Oeste,420490,2019
SC,42001,Extremo Oeste,420500,2019
SC,42001,Extremo Oeste,420535,2019
SC,42001,Extremo Oeste,420640,2019
SC,42001,Extremo Oeste,420660,2019
SC,42001,Extremo Oeste,420765,2019
SC,42001,Extremo Oeste,420775,2019
SC,42001,Extremo Oeste,420840,2019
SC,42001,Extremo Oeste,421050,2019
SC,42001,Extremo Oeste,421090,2019
SC,42001,Extremo Oeste,421100,2019
SC,42001,Extremo Oeste,421200,2019
SC,42001,Extremo Oeste,421223,2019
SC,42001,Extremo Oeste,421415,2019
SC,42001,Extremo Oeste,421520,2019
SC,42001,Extremo Oeste,421535,2019
SC,42001,Extremo Oeste,421555,2019
SC,42001,Extremo Oeste,421568,2019
SC,42001,Extremo Oeste,421625,2019
SC,42001,Extremo Oeste,421670,2019
SC,42001,Extremo Oeste,421715,2019
SC,42001,Extremo Oeste,421720,2019
SC,42001,Extremo Oeste,421730,2019
SC,42001,Extremo Oeste,421795,2019
SC,42001,Extremo Oeste,421875,2019
SC,42002,Oeste,420050,2019
SC,42002,Oeste,420055,2019
SC,42002,Oeste,420165,2019
SC,42002,Oeste,420310,2019
SC,42002,Oeste,420410,2019
SC,42002,Oeste,420420,2019
SC,42002,Oeste,420435,2019
SC,42002,Oeste,420440,2019
SC,42002,Oeste,420470,2019
SC,42002,Oeste,420475,2019
SC,42002,Oeste,420543,2019
SC,42002,Oeste,420665,2019
SC,42002,Oeste,420785,2019
SC,42002,Oeste,420895,2019
SC,42002,Oeste,421140,2019
SC,42002,Oeste,421145,2019
SC,42002,Oeste,421187,2019
SC,42002,Oeste,421210,2019
SC,42002,Oeste,421290,2019
SC,42002,Oeste,421315,2019
SC,42002,Oeste,421420,2019
SC,42002,Oeste,421507,2019
SC,42002,Oeste,421569,2019
SC,42002,Oeste,421600,2019
SC,42002,Oeste,421755,2019
SC,42002,Oeste,421775,2019
SC,42002,Oeste,421885,2019
SC,42003,Xanxerê,420010,2019
SC,42003,Xanxerê,420253,2019
SC,42003,Xanxerê,420350,2019
SC,42003,Xanxerê,420445,2019
SC,42003,Xanxerê,420517,2019
SC,42003,Xanxerê,420530,2019
SC,42003,Xanxerê,420560,2019
SC,42003,Xanxerê,420768,2019
SC,42003,Xanxerê,420917,2019
SC,42003,Xanxerê,420945,2019
SC,42003,Xanxerê,421055,2019
SC,42003,Xanxerê,421165,2019
SC,42003,Xanxerê,421185,2019
SC,42003,Xanxerê,421227,2019
SC,42003,Xanxerê,421340,2019
SC,42003,Xanxerê,421575,2019
SC,42003,Xanxerê,421610,2019
SC,42003,Xanxerê,421690,2019
SC,42003,Xanxerê,421910,2019
SC,42003,Xanxerê,421950,2019
SC,42003,Xanxerê,421970,2019
SC,42004,Alto Vale do Itajaí,420020,2019
SC,42004,Alto Vale do Itajaí,420030,2019
SC,42004,Alto Vale do Itajaí,420180,2019
SC,42004,Alto Vale do Itajaí,420190,2019
SC,42004,Alto Vale do Itajaí,420285,2019
SC,42004,Alto Vale do Itajaí,420419,2019
SC,42004,Alto Vale do Itajaí,420510,2019
SC,42004,Alto Vale do Itajaí,420690,2019
SC,42004,Alto Vale do Itajaí,420740,2019
SC,42004,Alto Vale do Itajaí,420850,2019
SC,42004,Alto Vale do Itajaí,420915,2019
SC,42004,Alto Vale do Itajaí,420950,2019
SC,42004,Alto Vale do Itajaí,420990,2019
SC,42004,Alto Vale do Itajaí,421085,2019
SC,42004,Alto Vale do Itajaí,421270,2019
SC,42004,Alto Vale do Itajaí,421370,2019
SC,42004,Alto Vale do Itajaí,421400,2019
SC,42004,Alto Vale do Itajaí,421410,2019
SC,42004,Alto Vale do Itajaí,421450,2019
SC,42004,Alto Vale do Itajaí,421460,2019
SC,42004,Alto Vale do Itajaí,421480,2019
SC,42004,Alto Vale do Itajaí,421530,2019
SC,42004,Alto Vale do Itajaí,421567,2019
SC,42004,Alto Vale do Itajaí,421780,2019
SC,42004,Alto Vale do Itajaí,421860,2019
SC,42004,Alto Vale do Itajaí,421920,2019
SC,42004,Alto Vale do Itajaí,421935,2019
SC,42004,Alto Vale do Itajaí,421940,2019
SC,42005,Foz do Rio Itajaí,420200,2019
SC,42005,Foz do Rio Itajaí,420245,2019
SC,42005,Foz do Rio Itajaí,420320,2019
SC,42005,Foz do Rio Itajaí,420710,2019
SC,42005,Foz do Rio Itajaí,420820,2019
SC,42005,Foz do Rio Itajaí,420830,2019
SC,42005,Foz do Rio Itajaí,421000,2019
SC,42005,Foz do Rio Itajaí,421130,2019
SC,42005,Foz do Rio Itajaí,421250,2019
SC,42005,Foz do Rio Itajaí,421280,2019
SC,42005,Foz do Rio Itajaí,421350,2019
SC,42006,Médio Vale do Itajaí,420125,2019
SC,42006,Médio Vale do Itajaí,420170,2019
SC,42006,Médio Vale do Itajaí,420220,2019
SC,42006,Médio Vale do Itajaí,420240,2019
SC,42006,Médio Vale do Itajaí,420270,2019
SC,42006,Médio Vale do Itajaí,420290,2019
SC,42006,Médio Vale do Itajaí,420515,2019
SC,42006,Médio Vale do Itajaí,420590,2019
SC,42006,Médio Vale do Itajaí,420630,2019
SC,42006,Médio Vale do Itajaí,420750,2019
SC,42006,Médio Vale do Itajaí,421320,2019
SC,42006,Médio Vale do Itajaí,421470,2019
SC,42006,Médio Vale do Itajaí,421510,2019
SC,42006,Médio Vale do Itajaí,421820,2019
SC,42007,Grande Florianópolis,420060,2019
SC,42007,Grande Florianópolis,420070,2019
SC,42007,Grande Florianópolis,420090,2019
SC,42007,Grande Florianópolis,420110,2019
SC,42007,Grande Florianópolis,420120,2019
SC,42007,Grande Florianópolis,420230,2019
SC,42007,Grande Florianópolis,420370,2019
SC,42007,Grande Florianópolis,420540,2019
SC,42007,Grande Florianópolis,420570,2019
SC,42007,Grande Florianópolis,420600,2019
SC,42007,Grande Florianópolis,420980,2019
SC,42007,Grande Florianópolis,421020,2019
SC,42007,Grande Florianópolis,421150,2019
SC,42007,Grande Florianópolis,421190,2019
SC,42007,Grande Florianópolis,421230,2019
SC,42007,Grande Florianópolis,421430,2019
SC,42007,Grande Florianópolis,421570,2019
SC,42007,Grande Florianópolis,421590,2019
SC,42007,Grande Florianópolis,421630,2019
SC,42007,Grande Florianópolis,421660,2019
SC,42007,Grande Florianópolis,421725,2019
SC,42007,Grande Florianópolis,421800,2019
SC,42008,Meio Oeste,420005,2019
SC,42008,Meio Oeste,420040,2019
SC,42008,Meio Oeste,420287,2019
SC,42008,Meio Oeste,420360,2019
SC,42008,Meio Oeste,420390,2019
SC,42008,Meio Oeste,420400,2019
SC,42008,Meio Oeste,420415,2019
SC,42008,Meio Oeste,420520,2019
SC,42008,Meio Oeste,420670,2019
SC,42008,Meio Oeste,420680,2019
SC,42008,Meio Oeste,420860,2019
SC,42008,Meio Oeste,420900,2019
SC,42008,Meio Oeste,420920,2019
SC,42008,Meio Oeste,421003,2019
SC,42008,Meio Oeste,421105,2019
SC,42008,Meio Oeste,421180,2019
SC,42008,Meio Oeste,421850,2019
SC,42008,Meio Oeste,421915,2019
SC,42008,Meio Oeste,421917,2019
SC,42008,Meio Oeste,421985,2019
SC,42009,Alto Vale do Rio do Peixe,420160,2019
SC,42009,Alto Vale do Rio do Peixe,420300,2019
SC,42009,Alto Vale do Rio do Peixe,420315,2019
SC,42009,Alto Vale do Rio do Peixe,420480,2019
SC,42009,Alto Vale do Rio do Peixe,420550,2019
SC,42009,Alto Vale do Rio do Peixe,420555,2019
SC,42009,Alto Vale do Rio do Peixe,420675,2019
SC,42009,Alto Vale do Rio do Peixe,420757,2019
SC,42009,Alto Vale do Rio do Peixe,420970,2019
SC,42009,Alto Vale do Rio do Peixe,421005,2019
SC,42009,Alto Vale do Rio do Peixe,421070,2019
SC,42009,Alto Vale do Rio do Peixe,421300,2019
SC,42009,Alto Vale do Rio do Peixe,421335,2019
SC,42009,Alto Vale do Rio do Peixe,421440,2019
SC,42009,Alto Vale do Rio do Peixe,421540,2019
SC,42009,Alto Vale do Rio do Peixe,421550,2019
SC,42009,Alto Vale do Rio do Peixe,421605,2019
SC,42009,Alto Vale do Rio do Peixe,421790,2019
SC,42009,Alto Vale do Rio do Peixe,421825,2019
SC,42009,Alto Vale do Rio do Peixe,421930,2019
SC,42010,Alto Uruguai Catarinense,420075,2019
SC,42010,Alto Uruguai Catarinense,420127,2019
SC,42010,Alto Uruguai Catarinense,420430,2019
SC,42010,Alto Uruguai Catarinense,420760,2019
SC,42010,Alto Uruguai Catarinense,420770,2019
SC,42010,Alto Uruguai Catarinense,420780,2019
SC,42010,Alto Uruguai Catarinense,420800,2019
SC,42010,Alto Uruguai Catarinense,420985,2019
SC,42010,Alto Uruguai Catarinense,421260,2019
SC,42010,Alto Uruguai Catarinense,421310,2019
SC,42010,Alto Uruguai Catarinense,421390,2019
SC,42010,Alto Uruguai Catarinense,421750,2019
SC,42010,Alto Uruguai Catarinense,421960,2019
SC,42011,Nordeste,420130,2019
SC,42011,Nordeste,420205,2019
SC,42011,Nordeste,420210,2019
SC,42011,Nordeste,420450,2019
SC,42011,Nordeste,420580,2019
SC,42011,Nordeste,420650,2019
SC,42011,Nordeste,420845,2019
SC,42011,Nordeste,420890,2019
SC,42011,Nordeste,420910,2019
SC,42011,Nordeste,421060,2019
SC,42011,Nordeste,421620,2019
SC,42011,Nordeste,421635,2019
SC,42011,Nordeste,421740,2019
SC,42012,Planalto Norte,420213,2019
SC,42012,Planalto Norte,420330,2019
SC,42012,Planalto Norte,420380,2019
SC,42012,Planalto Norte,420790,2019
SC,42012,Planalto Norte,420810,2019
SC,42012,Planalto Norte,421010,2019
SC,42012,Planalto Norte,421030,2019
SC,42012,Planalto Norte,421110,2019
SC,42012,Planalto Norte,421220,2019
SC,42012,Planalto Norte,421360,2019
SC,42012,Planalto Norte,421500,2019
SC,42012,Planalto Norte,421580,2019
SC,42012,Planalto Norte,421830,2019
SC,42013,Serra Catarinense,420100,2019
SC,42013,Serra Catarinense,420243,2019
SC,42013,Serra Catarinense,420250,2019
SC,42013,Serra Catarinense,420260,2019
SC,42013,Serra Catarinense,420325,2019
SC,42013,Serra Catarinense,420340,2019
SC,42013,Serra Catarinense,420417,2019
SC,42013,Serra Catarinense,420455,2019
SC,42013,Serra Catarinense,420930,2019
SC,42013,Serra Catarinense,421175,2019
SC,42013,Serra Catarinense,421189,2019
SC,42013,Serra Catarinense,421205,2019
SC,42013,Serra Catarinense,421330,2019
SC,42013,Serra Catarinense,421505,2019
SC,42013,Serra Catarinense,421650,2019
SC,42013,Serra Catarinense,421680,2019
SC,42013,Serra Catarinense,421890,2019
SC,42013,Serra Catarinense,421895,2019
SC,42014,Extremo Sul Catarinense,420140,2019
SC,42014,Extremo Sul Catarinense,420195,2019
SC,42014,Extremo Sul Catarinense,420207,2019
SC,42014,Extremo Sul Catarinense,420519,2019
SC,42014,Extremo Sul Catarinense,420870,2019
SC,42014,Extremo Sul Catarinense,421040,2019
SC,42014,Extremo Sul Catarinense,421080,2019
SC,42014,Extremo Sul Catarinense,421125,2019
SC,42014,Extremo Sul Catarinense,421225,2019
SC,42014,Extremo Sul Catarinense,421380,2019
SC,42014,Extremo Sul Catarinense,421565,2019
SC,42014,Extremo Sul Catarinense,421640,2019
SC,42014,Extremo Sul Catarinense,421770,2019
SC,42014,Extremo Sul Catarinense,421810,2019
SC,42014,Extremo Sul Catarinense,421880,2019
SC,42015,Carbonífera,420425,2019
SC,42015,Carbonífera,420460,2019
SC,42015,Carbonífera,420545,2019
SC,42015,Carbonífera,420700,2019
SC,42015,Carbonífera,420960,2019
SC,42015,Carbonífera,421120,2019
SC,42015,Carbonífera,421160,2019
SC,42015,Carbonífera,421170,2019
SC,42015,Carbonífera,421760,2019
SC,42015,Carbonífera,421835,2019
SC,42015,Carbonífera,421900,2019
SC,42015,Carbonífera,422000,2019
SC,42016,Laguna,420150,2019
SC,42016,Laguna,420280,2019
SC,42016,Laguna,420395,2019
SC,42016,Laguna,420610,2019
SC,42016,Laguna,420620,2019
SC,42016,Laguna,420720,2019
SC,42016,Laguna,420730,2019
SC,42016,Laguna,420880,2019
SC,42016,Laguna,420940,2019
SC,42016,Laguna,421240,2019
SC,42016,Laguna,421265,2019
SC,42016,Laguna,421490,2019
SC,42016,Laguna,421545,2019
SC,42016,Laguna,421560,2019
SC,42016,Laguna,421700,2019
SC,42016,Laguna,421710,2019
SC,42016,Laguna,421840,2019
SC,42016,Laguna,421870,2019
RS,43001,Região 01 - Verdes Campos,430010,2019
RS,43001,Região 01 - Verdes Campos,430637,2019
RS,43001,Região 01 - Verdes Campos,430670,2019
RS,43001,Região 01 - Verdes Campos,430800,2019
RS,43001,Região 01 - Verdes Campos,430840,2019
RS,43001,Região 01 - Verdes Campos,431053,2019
RS,43001,Região 01 - Verdes Campos,431075,2019
RS,43001,Região 01 - Verdes Campos,431120,2019
RS,43001,Região 01 - Verdes Campos,431310,2019
RS,43001,Região 01 - Verdes Campos,431402,2019
RS,43001,Região 01 - Verdes Campos,431447,2019
RS,43001,Região 01 - Verdes Campos,431532,2019
RS,43001,Região 01 - Verdes Campos,431550,2019
RS,43001,Região 01 - Verdes Campos,431690,2019
RS,43001,Região 01 - Verdes Campos,431843,2019
RS,43001,Região 01 - Verdes Campos,431912,2019
RS,43001,Região 01 - Verdes Campos,431940,2019
RS,43001,Região 01 - Verdes Campos,431960,2019
RS,43001,Região 01 - Verdes Campos,432065,2019
RS,43001,Região 01 - Verdes Campos,432149,2019
RS,43001,Região 01 - Verdes Campos,432345,2019
RS,43002,Região 02 - Entre Rios,430290,2019
RS,43002,Região 02 - Entre Rios,430465,2019
RS,43002,Região 02 - Entre Rios,431055,2019
RS,43002,Região 02 - Entre Rios,431110,2019
RS,43002,Região 02 - Entre Rios,431113,2019
RS,43002,Região 02 - Entre Rios,431210,2019
RS,43002,Região 02 - Entre Rios,431303,2019
RS,43002,Região 02 - Entre Rios,431740,2019
RS,43002,Região 02 - Entre Rios,431810,2019
RS,43002,Região 02 - Entre Rios,431980,2019
RS,43002,Região 02 - Entre Rios,432237,2019
RS,43003,Região 03 - Fronteira Oeste,430040,2019
RS,43003,Região 03 - Fronteira Oeste,430187,2019
RS,43003,Região 03 - Fronteira Oeste,431060,2019
RS,43003,Região 03 - Fronteira Oeste,431171,2019
RS,43003,Região 03 - Fronteira Oeste,431175,2019
RS,43003,Região 03 - Fronteira Oeste,431530,2019
RS,43003,Região 03 - Fronteira Oeste,431640,2019
RS,43003,Região 03 - Fronteira Oeste,431697,2019
RS,43003,Região 03 - Fronteira Oeste,431710,2019
RS,43003,Região 03 - Fronteira Oeste,431830,2019
RS,43003,Região 03 - Fronteira Oeste,432240,2019
RS,43004,Região 04 - Belas Praias,430105,2019
RS,43004,Região 04 - Belas Praias,430463,2019
RS,43004,Região 04 - Belas Praias,430655,2019
RS,43004,Região 04 - Belas Praias,431065,2019
RS,43004,Região 04 - Belas Praias,431173,2019
RS,43004,Região 04 - Belas Praias,431177,2019
RS,43004,Região 04 - Belas Praias,431244,2019
RS,43004,Região 04 - Belas Praias,432143,2019
RS,43004,Região 04 - Belas Praias,432150,2019
RS,43004,Região 04 - Belas Praias,432166,2019
RS,43004,Região 04 - Belas Praias,432183,2019
RS,43004,Região 04 - Belas Praias,432380,2019
RS,43005,Região 05 - Bons Ventos,430163,2019
RS,43005,Região 05 - Bons Ventos,430467,2019
RS,43005,Região 05 - Bons Ventos,430471,2019
RS,43005,Região 05 - Bons Ventos,430545,2019
RS,43005,Região 05 - Bons Ventos,431033,2019
RS,43005,Região 05 - Bons Ventos,431250,2019
RS,43005,Região 05 - Bons Ventos,431350,2019
RS,43005,Região 05 - Bons Ventos,431365,2019
RS,43005,Região 05 - Bons Ventos,431760,2019
RS,43005,Região 05 - Bons Ventos,432135,2019
RS,43005,Região 05 - Bons Ventos,432160,2019
RS,43006,Região 06 - Vale do Paranhana e Costa Serr,430360,2019
RS,43006,Região 06 - Vale do Paranhana e Costa Serr,431010,2019
RS,43006,Região 06 - Vale do Paranhana e Costa Serr,431405,2019
RS,43006,Região 06 - Vale do Paranhana e Costa Serr,431575,2019
RS,43006,Região 06 - Vale do Paranhana e Costa Serr,431600,2019
RS,43006,Região 06 - Vale do Paranhana e Costa Serr,431820,2019
RS,43006,Região 06 - Vale do Paranhana e Costa Serr,432120,2019
RS,43006,Região 06 - Vale do Paranhana e Costa Serr,432170,2019
RS,43007,Região 07 - Vale dos Sinos,430087,2019
RS,43007,Região 07 - Vale dos Sinos,430390,2019
RS,43007,Região 07 - Vale dos Sinos,430640,2019
RS,43007,Região 07 - Vale dos Sinos,430760,2019
RS,43007,Região 07 - Vale dos Sinos,431080,2019
RS,43007,Região 07 - Vale dos Sinos,431162,2019
RS,43007,Região 07 - Vale dos Sinos,431247,2019
RS,43007,Região 07 - Vale dos Sinos,431306,2019
RS,43007,Região 07 - Vale dos Sinos,431340,2019
RS,43007,Região 07 - Vale dos Sinos,431480,2019
RS,43007,Região 07 - Vale dos Sinos,431514,2019
RS,43007,Região 07 - Vale dos Sinos,431695,2019
RS,43007,Região 07 - Vale dos Sinos,431848,2019
RS,43007,Região 07 - Vale dos Sinos,431870,2019
RS,43007,Região 07 - Vale dos Sinos,431990,2019
RS,43008,Região 08 - Vale do Caí e Metropolitana,430165,2019
RS,43008,Região 08 - Vale do Caí e Metropolitana,430265,2019
RS,43008,Região 08 - Vale do Caí e Metropolitana,430460,2019
RS,43008,Região 08 - Vale do Caí e Metropolitana,430468,2019
RS,43008,Região 08 - Vale do Caí e Metropolitana,430770,2019
RS,43008,Região 08 - Vale do Caí e Metropolitana,430955,2019
RS,43008,Região 08 - Vale do Caí e Metropolitana,431179,2019
RS,43008,Região 08 - Vale do Caí e Metropolitana,431240,2019
RS,43008,Região 08 - Vale do Caí e Metropolitana,431337,2019
RS,43008,Região 08 - Vale do Caí e Metropolitana,431403,2019
RS,43008,Região 08 - Vale do Caí e Metropolitana,431650,2019
RS,43008,Região 08 - Vale do Caí e Metropolitana,431861,2019
RS,43008,Região 08 - Vale do Caí e Metropolitana,431935,2019
RS,43008,Região 08 - Vale do Caí e Metropolitana,431950,2019
RS,43008,Região 08 - Vale do Caí e Metropolitana,432000,2019
RS,43008,Região 08 - Vale do Caí e Metropolitana,432085,2019
RS,43008,Região 08 - Vale do Caí e Metropolitana,432200,2019
RS,43008,Região 08 - Vale do Caí e Metropolitana,432225,2019
RS,43009,Região 09 - Carbonífera/Costa Doce,430085,2019
RS,43009,Região 09 - Carbonífera/Costa Doce,430110,2019
RS,43009,Região 09 - Carbonífera/Costa Doce,430175,2019
RS,43009,Região 09 - Carbonífera/Costa Doce,430190,2019
RS,43009,Região 09 - Carbonífera/Costa Doce,430270,2019
RS,43009,Região 09 - Carbonífera/Costa Doce,430350,2019
RS,43009,Região 09 - Carbonífera/Costa Doce,430517,2019
RS,43009,Região 09 - Carbonífera/Costa Doce,430535,2019
RS,43009,Região 09 - Carbonífera/Costa Doce,430544,2019
RS,43009,Região 09 - Carbonífera/Costa Doce,430650,2019
RS,43009,Região 09 - Carbonífera/Costa Doce,430676,2019
RS,43009,Região 09 - Carbonífera/Costa Doce,430880,2019
RS,43009,Região 09 - Carbonífera/Costa Doce,430930,2019
RS,43009,Região 09 - Carbonífera/Costa Doce,431198,2019
RS,43009,Região 09 - Carbonífera/Costa Doce,431225,2019
RS,43009,Região 09 - Carbonífera/Costa Doce,431840,2019
RS,43009,Região 09 - Carbonífera/Costa Doce,432035,2019
RS,43009,Região 09 - Carbonífera/Costa Doce,432055,2019
RS,43009,Região 09 - Carbonífera/Costa Doce,432110,2019
RS,43010,Região 10 - Capital e Vale do Gravataí,430060,2019
RS,43010,Região 10 - Capital e Vale do Gravataí,430310,2019
RS,43010,Região 10 - Capital e Vale do Gravataí,430905,2019
RS,43010,Região 10 - Capital e Vale do Gravataí,430920,2019
RS,43010,Região 10 - Capital e Vale do Gravataí,431490,2019
RS,43010,Região 10 - Capital e Vale do Gravataí,432300,2019
RS,43011,Região 11 - Sete Povos das Missões,430250,2019
RS,43011,Região 11 - Sete Povos das Missões,430330,2019
RS,43011,Região 11 - Sete Povos das Missões,430520,2019
RS,43011,Região 11 - Sete Povos das Missões,430635,2019
RS,43011,Região 11 - Sete Povos das Missões,430693,2019
RS,43011,Região 11 - Sete Povos das Missões,430783,2019
RS,43011,Região 11 - Sete Povos das Missões,430865,2019
RS,43011,Região 11 - Sete Povos das Missões,430950,2019
RS,43011,Região 11 - Sete Povos das Missões,431217,2019
RS,43011,Região 11 - Sete Povos das Missões,431455,2019
RS,43011,Região 11 - Sete Povos das Missões,431510,2019
RS,43011,Região 11 - Sete Povos das Missões,431595,2019
RS,43011,Região 11 - Sete Povos das Missões,431630,2019
RS,43011,Região 11 - Sete Povos das Missões,431647,2019
RS,43011,Região 11 - Sete Povos das Missões,431750,2019
RS,43011,Região 11 - Sete Povos das Missões,431770,2019
RS,43011,Região 11 - Sete Povos das Missões,431800,2019
RS,43011,Região 11 - Sete Povos das Missões,431890,2019
RS,43011,Região 11 - Sete Povos das Missões,431915,2019
RS,43011,Região 11 - Sete Povos das Missões,431920,2019
RS,43011,Região 11 - Sete Povos das Missões,431937,2019
RS,43011,Região 11 - Sete Povos das Missões,432057,2019
RS,43011,Região 11 - Sete Povos das Missões,432234,2019
RS,43011,Região 11 - Sete Povos das Missões,432375,2019
RS,43012,Região 12 - Portal das Missões,430222,2019
RS,43012,Região 12 - Portal das Missões,430223,2019
RS,43012,Região 12 - Portal das Missões,430560,2019
RS,43012,Região 12 - Portal das Missões,430610,2019
RS,43012,Região 12 - Portal das Missões,430845,2019
RS,43012,Região 12 - Portal das Missões,431000,2019
RS,43012,Região 12 - Portal das Missões,431087,2019
RS,43012,Região 12 - Portal das Missões,431535,2019
RS,43012,Região 12 - Portal das Missões,431643,2019
RS,43012,Região 12 - Portal das Missões,431645,2019
RS,43012,Região 12 - Portal das Missões,431670,2019
RS,43012,Região 12 - Portal das Missões,432030,2019
RS,43012,Região 12 - Portal das Missões,432220,2019
RS,43013,Região 13 - Diversidade,430020,2019
RS,43013,Região 13 - Diversidade,430150,2019
RS,43013,Região 13 - Diversidade,430258,2019
RS,43013,Região 13 - Diversidade,430400,2019
RS,43013,Região 13 - Diversidade,430500,2019
RS,43013,Região 13 - Diversidade,430540,2019
RS,43013,Região 13 - Diversidade,430570,2019
RS,43013,Região 13 - Diversidade,430587,2019
RS,43013,Região 13 - Diversidade,430600,2019
RS,43013,Região 13 - Diversidade,430970,2019
RS,43013,Região 13 - Diversidade,431020,2019
RS,43013,Região 13 - Diversidade,431041,2019
RS,43013,Região 13 - Diversidade,431115,2019
RS,43013,Região 13 - Diversidade,431333,2019
RS,43013,Região 13 - Diversidade,431390,2019
RS,43013,Região 13 - Diversidade,431430,2019
RS,43013,Região 13 - Diversidade,431780,2019
RS,43013,Região 13 - Diversidade,431910,2019
RS,43013,Região 13 - Diversidade,431973,2019
RS,43013,Região 13 - Diversidade,432023,2019
RS,43014,Região 14 - Fronteira Noroeste,430030,2019
RS,43014,Região 14 - Fronteira Noroeste,430045,2019
RS,43014,Região 14 - Fronteira Noroeste,430220,2019
RS,43014,Região 14 - Fronteira Noroeste,430370,2019
RS,43014,Região 14 - Fronteira Noroeste,430430,2019
RS,43014,Região 14 - Fronteira Noroeste,430673,2019
RS,43014,Região 14 - Fronteira Noroeste,430900,2019
RS,43014,Região 14 - Fronteira Noroeste,430960,2019
RS,43014,Região 14 - Fronteira Noroeste,431040,2019
RS,43014,Região 14 - Fronteira Noroeste,431301,2019
RS,43014,Região 14 - Fronteira Noroeste,431342,2019
RS,43014,Região 14 - Fronteira Noroeste,431500,2019
RS,43014,Região 14 - Fronteira Noroeste,431505,2019
RS,43014,Região 14 - Fronteira Noroeste,431507,2019
RS,43014,Região 14 - Fronteira Noroeste,431720,2019
RS,43014,Região 14 - Fronteira Noroeste,431790,2019
RS,43014,Região 14 - Fronteira Noroeste,431849,2019
RS,43014,Região 14 - Fronteira Noroeste,431930,2019
RS,43014,Região 14 - Fronteira Noroeste,432032,2019
RS,43014,Região 14 - Fronteira Noroeste,432180,2019
RS,43014,Região 14 - Fronteira Noroeste,432210,2019
RS,43014,Região 14 - Fronteira Noroeste,432230,2019
RS,43015,Região 15 - Caminho das Águas,430050,2019
RS,43015,Região 15 - Caminho das Águas,430064,2019
RS,43015,Região 15 - Caminho das Águas,430185,2019
RS,43015,Região 15 - Caminho das Águas,430237,2019
RS,43015,Região 15 - Caminho das Águas,430340,2019
RS,43015,Região 15 - Caminho das Águas,430607,2019
RS,43015,Região 15 - Caminho das Águas,430632,2019
RS,43015,Região 15 - Caminho das Águas,430730,2019
RS,43015,Região 15 - Caminho das Águas,430745,2019
RS,43015,Região 15 - Caminho das Águas,430850,2019
RS,43015,Região 15 - Caminho das Águas,431050,2019
RS,43015,Região 15 - Caminho das Águas,431160,2019
RS,43015,Região 15 - Caminho das Águas,431344,2019
RS,43015,Região 15 - Caminho das Águas,431380,2019
RS,43015,Região 15 - Caminho das Águas,431445,2019
RS,43015,Região 15 - Caminho das Águas,431449,2019
RS,43015,Região 15 - Caminho das Águas,431470,2019
RS,43015,Região 15 - Caminho das Águas,431590,2019
RS,43015,Região 15 - Caminho das Águas,432020,2019
RS,43015,Região 15 - Caminho das Águas,432132,2019
RS,43015,Região 15 - Caminho das Águas,432140,2019
RS,43015,Região 15 - Caminho das Águas,432147,2019
RS,43015,Região 15 - Caminho das Águas,432190,2019
RS,43015,Região 15 - Caminho das Águas,432310,2019
RS,43015,Região 15 - Caminho das Águas,432350,2019
RS,43015,Região 15 - Caminho das Águas,432370,2019
RS,43016,Região 16 - Alto Uruguai Gaúcho,430090,2019
RS,43016,Região 16 - Alto Uruguai Gaúcho,430155,2019
RS,43016,Região 16 - Alto Uruguai Gaúcho,430170,2019
RS,43016,Região 16 - Alto Uruguai Gaúcho,430192,2019
RS,43016,Região 16 - Alto Uruguai Gaúcho,430205,2019
RS,43016,Região 16 - Alto Uruguai Gaúcho,430380,2019
RS,43016,Região 16 - Alto Uruguai Gaúcho,430485,2019
RS,43016,Região 16 - Alto Uruguai Gaúcho,430511,2019
RS,43016,Região 16 - Alto Uruguai Gaúcho,430537,2019
RS,43016,Região 16 - Alto Uruguai Gaúcho,430613,2019
RS,43016,Região 16 - Alto Uruguai Gaúcho,430695,2019
RS,43016,Região 16 - Alto Uruguai Gaúcho,430697,2019
RS,43016,Região 16 - Alto Uruguai Gaúcho,430700,2019
RS,43016,Região 16 - Alto Uruguai Gaúcho,430720,2019
RS,43016,Região 16 - Alto Uruguai Gaúcho,430755,2019
RS,43016,Região 16 - Alto Uruguai Gaúcho,430805,2019
RS,43016,Região 16 - Alto Uruguai Gaúcho,430825,2019
RS,43016,Região 16 - Alto Uruguai Gaúcho,430870,2019
RS,43016,Região 16 - Alto Uruguai Gaúcho,430890,2019
RS,43016,Região 16 - Alto Uruguai Gaúcho,431046,2019
RS,43016,Região 16 - Alto Uruguai Gaúcho,431070,2019
RS,43016,Região 16 - Alto Uruguai Gaúcho,431090,2019
RS,43016,Região 16 - Alto Uruguai Gaúcho,431190,2019
RS,43016,Região 16 - Alto Uruguai Gaúcho,431200,2019
RS,43016,Região 16 - Alto Uruguai Gaúcho,431270,2019
RS,43016,Região 16 - Alto Uruguai Gaúcho,431413,2019
RS,43016,Região 16 - Alto Uruguai Gaúcho,431478,2019
RS,43016,Região 16 - Alto Uruguai Gaúcho,431531,2019
RS,43016,Região 16 - Alto Uruguai Gaúcho,431555,2019
RS,43016,Região 16 - Alto Uruguai Gaúcho,431970,2019
RS,43016,Região 16 - Alto Uruguai Gaúcho,432060,2019
RS,43016,Região 16 - Alto Uruguai Gaúcho,432163,2019
RS,43016,Região 16 - Alto Uruguai Gaúcho,432290,2019
RS,43017,Região 17 - Planalto,430047,2019
RS,43017,Região 17 - Planalto,430355,2019
RS,43017,Região 17 - Planalto,430470,2019
RS,43017,Região 17 - Planalto,430490,2019
RS,43017,Região 17 - Planalto,430550,2019
RS,43017,Região 17 - Planalto,430585,2019
RS,43017,Região 17 - Planalto,430597,2019
RS,43017,Região 17 - Planalto,430630,2019
RS,43017,Região 17 - Planalto,430705,2019
RS,43017,Região 17 - Planalto,430885,2019
RS,43017,Região 17 - Planalto,431127,2019
RS,43017,Região 17 - Planalto,431180,2019
RS,43017,Região 17 - Planalto,431213,2019
RS,43017,Região 17 - Planalto,431235,2019
RS,43017,Região 17 - Planalto,431262,2019
RS,43017,Região 17 - Planalto,431265,2019
RS,43017,Região 17 - Planalto,431267,2019
RS,43017,Região 17 - Planalto,431275,2019
RS,43017,Região 17 - Planalto,431410,2019
RS,43017,Região 17 - Planalto,431477,2019
RS,43017,Região 17 - Planalto,431755,2019
RS,43017,Região 17 - Planalto,431775,2019
RS,43017,Região 17 - Planalto,431805,2019
RS,43017,Região 17 - Planalto,432040,2019
RS,43017,Região 17 - Planalto,432050,2019
RS,43017,Região 17 - Planalto,432255,2019
RS,43017,Região 17 - Planalto,432320,2019
RS,43017,Região 17 - Planalto,432340,2019
RS,43018,Região 18 - Araucárias,430005,2019
RS,43018,Região 18 - Araucárias,430066,2019
RS,43018,Região 18 - Araucárias,430180,2019
RS,43018,Região 18 - Araucárias,430320,2019
RS,43018,Região 18 - Araucárias,430462,2019
RS,43018,Região 18 - Araucárias,430495,2019
RS,43018,Região 18 - Araucárias,430980,2019
RS,43018,Região 18 - Araucárias,430990,2019
RS,43018,Região 18 - Araucárias,431130,2019
RS,43018,Região 18 - Araucárias,431170,2019
RS,43018,Região 18 - Araucárias,431220,2019
RS,43018,Região 18 - Araucárias,431360,2019
RS,43018,Região 18 - Araucárias,431660,2019
RS,43018,Região 18 - Araucárias,431673,2019
RS,43018,Região 18 - Araucárias,431795,2019
RS,43018,Região 18 - Araucárias,431842,2019
RS,43018,Região 18 - Araucárias,431860,2019
RS,43018,Região 18 - Araucárias,432090,2019
RS,43018,Região 18 - Araucárias,432218,2019
RS,43018,Região 18 - Araucárias,432335,2019
RS,43019,Região 19 - Botucaraí,430055,2019
RS,43019,Região 19 - Botucaraí,430140,2019
RS,43019,Região 19 - Botucaraí,430200,2019
RS,43019,Região 19 - Botucaraí,430410,2019
RS,43019,Região 19 - Botucaraí,430750,2019
RS,43019,Região 19 - Botucaraí,430830,2019
RS,43019,Região 19 - Botucaraí,430995,2019
RS,43019,Região 19 - Botucaraí,431057,2019
RS,43019,Região 19 - Botucaraí,431125,2019
RS,43019,Região 19 - Botucaraí,431242,2019
RS,43019,Região 19 - Botucaraí,432080,2019
RS,43019,Região 19 - Botucaraí,432100,2019
RS,43019,Região 19 - Botucaraí,432146,2019
RS,43019,Região 19 - Botucaraí,432215,2019
RS,43020,Região 20 - Rota da Produção,430195,2019
RS,43020,Região 20 - Rota da Produção,430215,2019
RS,43020,Região 20 - Rota da Produção,430260,2019
RS,43020,Região 20 - Rota da Produção,430515,2019
RS,43020,Região 20 - Rota da Produção,430530,2019
RS,43020,Região 20 - Rota da Produção,430580,2019
RS,43020,Região 20 - Rota da Produção,430590,2019
RS,43020,Região 20 - Rota da Produção,430642,2019
RS,43020,Região 20 - Rota da Produção,430692,2019
RS,43020,Região 20 - Rota da Produção,430912,2019
RS,43020,Região 20 - Rota da Produção,431085,2019
RS,43020,Região 20 - Rota da Produção,431142,2019
RS,43020,Região 20 - Rota da Produção,431230,2019
RS,43020,Região 20 - Rota da Produção,431295,2019
RS,43020,Região 20 - Rota da Produção,431346,2019
RS,43020,Região 20 - Rota da Produção,431349,2019
RS,43020,Região 20 - Rota da Produção,431370,2019
RS,43020,Região 20 - Rota da Produção,431540,2019
RS,43020,Região 20 - Rota da Produção,431610,2019
RS,43020,Região 20 - Rota da Produção,431620,2019
RS,43020,Região 20 - Rota da Produção,431642,2019
RS,43020,Região 20 - Rota da Produção,431845,2019
RS,43020,Região 20 - Rota da Produção,431936,2019
RS,43020,Região 20 - Rota da Produção,432010,2019
RS,43020,Região 20 - Rota da Produção,432185,2019
RS,43020,Região 20 - Rota da Produção,432195,2019
RS,43021,Região 21 - Sul,430063,2019
RS,43021,Região 21 - Sul,430107,2019
RS,43021,Região 21 - Sul,430130,2019
RS,43021,Região 21 - Sul,430450,2019
RS,43021,Região 21 - Sul,430466,2019
RS,43021,Região 21 - Sul,430512,2019
RS,43021,Região 21 - Sul,430543,2019
RS,43021,Região 21 - Sul,430605,2019
RS,43021,Região 21 - Sul,430710,2019
RS,43021,Região 21 - Sul,431100,2019
RS,43021,Região 21 - Sul,431245,2019
RS,43021,Região 21 - Sul,431417,2019
RS,43021,Região 21 - Sul,431420,2019
RS,43021,Região 21 - Sul,431440,2019
RS,43021,Região 21 - Sul,431450,2019
RS,43021,Região 21 - Sul,431460,2019
RS,43021,Região 21 - Sul,431560,2019
RS,43021,Região 21 - Sul,431700,2019
RS,43021,Região 21 - Sul,431730,2019
RS,43021,Região 21 - Sul,431850,2019
RS,43021,Região 21 - Sul,431880,2019
RS,43021,Região 21 - Sul,432232,2019
RS,43022,Região 22 - Pampa,430003,2019
RS,43022,Região 22 - Pampa,430160,2019
RS,43022,Região 22 - Pampa,430435,2019
RS,43022,Região 22 - Pampa,430660,2019
RS,43022,Região 22 - Pampa,430965,2019
RS,43022,Região 22 - Pampa,431150,2019
RS,43023,Região 23 - Caxias e Hortênsias,430440,2019
RS,43023,Região 23 - Caxias e Hortênsias,430510,2019
RS,43023,Região 23 - Caxias e Hortênsias,430910,2019
RS,43023,Região 23 - Caxias e Hortênsias,431164,2019
RS,43023,Região 23 - Caxias e Hortênsias,431320,2019
RS,43023,Região 23 - Caxias e Hortênsias,431442,2019
RS,43024,Região 24 - Campos de Cima da Serra,430230,2019
RS,43024,Região 24 - Campos de Cima da Serra,430367,2019
RS,43024,Região 24 - Campos de Cima da Serra,430740,2019
RS,43024,Região 24 - Campos de Cima da Serra,431112,2019
RS,43024,Região 24 - Campos de Cima da Serra,431237,2019
RS,43024,Região 24 - Campos de Cima da Serra,431261,2019
RS,43024,Região 24 - Campos de Cima da Serra,431446,2019
RS,43024,Região 24 - Campos de Cima da Serra,431862,2019
RS,43024,Região 24 - Campos de Cima da Serra,432250,2019
RS,43025,Região 25 - Vinhedos e Basalto,430210,2019
RS,43025,Região 25 - Vinhedos e Basalto,430225,2019
RS,43025,Região 25 - Vinhedos e Basalto,430480,2019
RS,43025,Região 25 - Vinhedos e Basalto,430593,2019
RS,43025,Região 25 - Vinhedos e Basalto,430595,2019
RS,43025,Região 25 - Vinhedos e Basalto,430786,2019
RS,43025,Região 25 - Vinhedos e Basalto,430860,2019
RS,43025,Região 25 - Vinhedos e Basalto,430925,2019
RS,43025,Região 25 - Vinhedos e Basalto,430940,2019
RS,43025,Região 25 - Vinhedos e Basalto,431238,2019
RS,43025,Região 25 - Vinhedos e Basalto,431280,2019
RS,43025,Região 25 - Vinhedos e Basalto,431290,2019
RS,43025,Região 25 - Vinhedos e Basalto,431330,2019
RS,43025,Região 25 - Vinhedos e Basalto,431400,2019
RS,43025,Região 25 - Vinhedos e Basalto,431454,2019
RS,43025,Região 25 - Vinhedos e Basalto,431517,2019
RS,43025,Região 25 - Vinhedos e Basalto,431725,2019
RS,43025,Região 25 - Vinhedos e Basalto,431844,2019
RS,43025,Região 25 - Vinhedos e Basalto,432235,2019
RS,43025,Região 25 - Vinhedos e Basalto,432280,2019
RS,43025,Região 25 - Vinhedos e Basalto,432330,2019
RS,43025,Região 25 - Vinhedos e Basalto,432360,2019
RS,43026,Região 26 - Uva Vale,430057,2019
RS,43026,Região 26 - Uva Vale,430080,2019
RS,43026,Região 26 - Uva Vale,430235,2019
RS,43026,Região 26 - Uva Vale,430790,2019
RS,43026,Região 26 - Uva Vale,430810,2019
RS,43026,Região 26 - Uva Vale,430820,2019
RS,43026,Região 26 - Uva Vale,431043,2019
RS,43026,Região 26 - Uva Vale,431308,2019
RS,43026,Região 26 - Uva Vale,431335,2019
RS,43026,Região 26 - Uva Vale,431900,2019
RS,43026,Região 26 - Uva Vale,431975,2019
RS,43026,Região 26 - Uva Vale,432254,2019
RS,43027,Região 27 - Jacuí Centro,430120,2019
RS,43027,Região 27 - Jacuí Centro,430280,2019
RS,43027,Região 27 - Jacuí Centro,430300,2019
RS,43027,Região 27 - Jacuí Centro,430513,2019
RS,43027,Região 27 - Jacuí Centro,430690,2019
RS,43027,Região 27 - Jacuí Centro,430781,2019
RS,43027,Região 27 - Jacuí Centro,430975,2019
RS,43027,Região 27 - Jacuí Centro,431123,2019
RS,43027,Região 27 - Jacuí Centro,431339,2019
RS,43027,Região 27 - Jacuí Centro,431406,2019
RS,43027,Região 27 - Jacuí Centro,432026,2019
RS,43027,Região 27 - Jacuí Centro,432070,2019
RS,43028,Região 28 - Vinte e Oito,430420,2019
RS,43028,Região 28 - Vinte e Oito,430915,2019
RS,43028,Região 28 - Vinte e Oito,430957,2019
RS,43028,Região 28 - Vinte e Oito,431215,2019
RS,43028,Região 28 - Vinte e Oito,431395,2019
RS,43028,Região 28 - Vinte e Oito,431407,2019
RS,43028,Região 28 - Vinte e Oito,431570,2019
RS,43028,Região 28 - Vinte e Oito,431680,2019
RS,43028,Região 28 - Vinte e Oito,432067,2019
RS,43028,Região 28 - Vinte e Oito,432252,2019
RS,43028,Região 28 - Vinte e Oito,432253,2019
RS,43028,Região 28 - Vinte e Oito,432260,2019
RS,43028,Região 28 - Vinte e Oito,432270,2019
RS,43029,Região 29 - Vales e Montanhas,430070,2019
RS,43029,Região 29 - Vales e Montanhas,430100,2019
RS,43029,Região 29 - Vales e Montanhas,430245,2019
RS,43029,Região 29 - Vales e Montanhas,430461,2019
RS,43029,Região 29 - Vales e Montanhas,430469,2019
RS,43029,Região 29 - Vales e Montanhas,430583,2019
RS,43029,Região 29 - Vales e Montanhas,430620,2019
RS,43029,Região 29 - Vales e Montanhas,430645,2019
RS,43029,Região 29 - Vales e Montanhas,430675,2019
RS,43029,Região 29 - Vales e Montanhas,430680,2019
RS,43029,Região 29 - Vales e Montanhas,430843,2019
RS,43029,Região 29 - Vales e Montanhas,431030,2019
RS,43029,Região 29 - Vales e Montanhas,431140,2019
RS,43029,Região 29 - Vales e Montanhas,431205,2019
RS,43029,Região 29 - Vales e Montanhas,431260,2019
RS,43029,Região 29 - Vales e Montanhas,431300,2019
RS,43029,Região 29 - Vales e Montanhas,431513,2019
RS,43029,Região 29 - Vales e Montanhas,431515,2019
RS,43029,Região 29 - Vales e Montanhas,431520,2019
RS,43029,Região 29 - Vales e Montanhas,431545,2019
RS,43029,Região 29 - Vales e Montanhas,431580,2019
RS,43029,Região 29 - Vales e Montanhas,431675,2019
RS,43029,Região 29 - Vales e Montanhas,431846,2019
RS,43029,Região 29 - Vales e Montanhas,431971,2019
RS,43029,Região 29 - Vales e Montanhas,432045,2019
RS,43029,Região 29 - Vales e Montanhas,432162,2019
RS,43029,Região 29 - Vales e Montanhas,432285,2019
RS,43030,Região 30 - Vale da Luz,430240,2019
RS,43030,Região 30 - Vale da Luz,430558,2019
RS,43030,Região 30 - Vale da Luz,430780,2019
RS,43030,Região 30 - Vale da Luz,430807,2019
RS,43030,Região 30 - Vale da Luz,431036,2019
RS,43030,Região 30 - Vale da Luz,431415,2019
RS,43030,Região 30 - Vale da Luz,431475,2019
RS,43030,Região 30 - Vale da Luz,432130,2019
RS,43030,Região 30 - Vale da Luz,432145,2019
RS,43030,Região 30 - Vale da Luz,432377,2019
MS,50001,Campo Grande,500025,2019
MS,50001,Campo Grande,500070,2019
MS,50001,Campo Grande,500110,2019
MS,50001,Campo Grande,500150,2019
MS,50001,Campo Grande,500210,2019
MS,50001,Campo Grande,500215,2019
MS,50001,Campo Grande,500220,2019
MS,50001,Campo Grande,500260,2019
MS,50001,Campo Grande,500270,2019
MS,50001,Campo Grande,500280,2019
MS,50001,Campo Grande,500295,2019
MS,50001,Campo Grande,500310,2019
MS,50001,Campo Grande,500325,2019
MS,50001,Campo Grande,500330,2019
MS,50001,Campo Grande,500348,2019
MS,50001,Campo Grande,500390,2019
MS,50001,Campo Grande,500410,2019
MS,50001,Campo Grande,500490,2019
MS,50001,Campo Grande,500500,2019
MS,50001,Campo Grande,500540,2019
MS,50001,Campo Grande,500560,2019
MS,50001,Campo Grande,500580,2019
MS,50001,Campo Grande,500600,2019
MS,50001,Campo Grande,500627,2019
MS,50001,Campo Grande,500640,2019
MS,50001,Campo Grande,500690,2019
MS,50001,Campo Grande,500710,2019
MS,50001,Campo Grande,500730,2019
MS,50001,Campo Grande,500740,2019
MS,50001,Campo Grande,500750,2019
MS,50001,Campo Grande,500769,2019
MS,50001,Campo Grande,500790,2019
MS,50001,Campo Grande,500793,2019
MS,50001,Campo Grande,500800,2019
MS,50002,Corumbá,500320,2019
MS,50002,Corumbá,500520,2019
MS,50003,Dourados,500060,2019
MS,50003,Dourados,500080,2019
MS,50003,Dourados,500085,2019
MS,50003,Dourados,500090,2019
MS,50003,Dourados,500124,2019
MS,50003,Dourados,500200,2019
MS,50003,Dourados,500240,2019
MS,50003,Dourados,500315,2019
MS,50003,Dourados,500345,2019
MS,50003,Dourados,500350,2019
MS,50003,Dourados,500370,2019
MS,50003,Dourados,500375,2019
MS,50003,Dourados,500380,2019
MS,50003,Dourados,500400,2019
MS,50003,Dourados,500430,2019
MS,50003,Dourados,500450,2019
MS,50003,Dourados,500460,2019
MS,50003,Dourados,500470,2019
MS,50003,Dourados,500480,2019
MS,50003,Dourados,500510,2019
MS,50003,Dourados,500515,2019
MS,50003,Dourados,500525,2019
MS,50003,Dourados,500568,2019
MS,50003,Dourados,500570,2019
MS,50003,Dourados,500620,2019
MS,50003,Dourados,500625,2019
MS,50003,Dourados,500635,2019
MS,50003,Dourados,500660,2019
MS,50003,Dourados,500720,2019
MS,50003,Dourados,500770,2019
MS,50003,Dourados,500795,2019
MS,50003,Dourados,500797,2019
MS,50003,Dourados,500840,2019
MS,50004,Três Lagoas,500020,2019
MS,50004,Três Lagoas,500100,2019
MS,50004,Três Lagoas,500190,2019
MS,50004,Três Lagoas,500230,2019
MS,50004,Três Lagoas,500290,2019
MS,50004,Três Lagoas,500440,2019
MS,50004,Três Lagoas,500630,2019
MS,50004,Três Lagoas,500755,2019
MS,50004,Três Lagoas,500780,2019
MS,50004,Três Lagoas,500830,2019
MT,51001,Alto Tapajós,510025,2019
MT,51001,Alto Tapajós,510080,2019
MT,51001,Alto Tapajós,510279,2019
MT,51001,Alto Tapajós,510615,2019
MT,51001,Alto Tapajós,510629,2019
MT,51001,Alto Tapajós,510895,2019
MT,51002,Baixada Cuiabana,510010,2019
MT,51002,Baixada Cuiabana,510160,2019
MT,51002,Baixada Cuiabana,510300,2019
MT,51002,Baixada Cuiabana,510340,2019
MT,51002,Baixada Cuiabana,510490,2019
MT,51002,Baixada Cuiabana,510610,2019
MT,51002,Baixada Cuiabana,510620,2019
MT,51002,Baixada Cuiabana,510645,2019
MT,51002,Baixada Cuiabana,510650,2019
MT,51002,Baixada Cuiabana,510780,2019
MT,51002,Baixada Cuiabana,510840,2019
MT,51003,Araguaia Xingu,510269,2019
MT,51003,Araguaia Xingu,510335,2019
MT,51003,Araguaia Xingu,510677,2019
MT,51003,Araguaia Xingu,510735,2019
MT,51003,Araguaia Xingu,510774,2019
MT,51003,Araguaia Xingu,510777,2019
MT,51003,Araguaia Xingu,510860,2019
MT,51004,Centro Norte,510050,2019
MT,51004,Centro Norte,510350,2019
MT,51004,Centro Norte,510590,2019
MT,51004,Centro Norte,510600,2019
MT,51004,Centro Norte,510730,2019
MT,51004,Centro Norte,510770,2019
MT,51004,Centro Norte,510890,2019
MT,51005,Garças Araguaia,510100,2019
MT,51005,Garças Araguaia,510180,2019
MT,51005,Garças Araguaia,510260,2019
MT,51005,Garças Araguaia,510390,2019
MT,51005,Garças Araguaia,510625,2019
MT,51005,Garças Araguaia,510628,2019
MT,51005,Garças Araguaia,510665,2019
MT,51005,Garças Araguaia,510670,2019
MT,51005,Garças Araguaia,510719,2019
MT,51005,Garças Araguaia,510820,2019
MT,51006,Médio Araguaia,510020,2019
MT,51006,Médio Araguaia,510185,2019
MT,51006,Médio Araguaia,510270,2019
MT,51006,Médio Araguaia,510310,2019
MT,51006,Médio Araguaia,510385,2019
MT,51006,Médio Araguaia,510617,2019
MT,51006,Médio Araguaia,510706,2019
MT,51006,Médio Araguaia,510718,2019
MT,51007,Médio Norte Matogrossense,510130,2019
MT,51007,Médio Norte Matogrossense,510170,2019
MT,51007,Médio Norte Matogrossense,510263,2019
MT,51007,Médio Norte Matogrossense,510345,2019
MT,51007,Médio Norte Matogrossense,510623,2019
MT,51007,Médio Norte Matogrossense,510685,2019
MT,51007,Médio Norte Matogrossense,510726,2019
MT,51007,Médio Norte Matogrossense,510787,2019
MT,51007,Médio Norte Matogrossense,510795,2019
MT,51007,Médio Norte Matogrossense,510885,2019
MT,51008,Noroeste Matogrossense,510140,2019
MT,51008,Noroeste Matogrossense,510190,2019
MT,51008,Noroeste Matogrossense,510285,2019
MT,51008,Noroeste Matogrossense,510325,2019
MT,51008,Noroeste Matogrossense,510337,2019
MT,51008,Noroeste Matogrossense,510515,2019
MT,51008,Noroeste Matogrossense,510517,2019
MT,51009,Norte Araguaia Karajá,510035,2019
MT,51009,Norte Araguaia Karajá,510530,2019
MT,51009,Norte Araguaia Karajá,510631,2019
MT,51009,Norte Araguaia Karajá,510785,2019
MT,51009,Norte Araguaia Karajá,510788,2019
MT,51010,Norte Matogrossense,510320,2019
MT,51010,Norte Matogrossense,510455,2019
MT,51010,Norte Matogrossense,510558,2019
MT,51010,Norte Matogrossense,510619,2019
MT,51010,Norte Matogrossense,510621,2019
MT,51010,Norte Matogrossense,510880,2019
MT,51011,Oeste Matogrossense,510125,2019
MT,51011,Oeste Matogrossense,510250,2019
MT,51011,Oeste Matogrossense,510343,2019
MT,51011,Oeste Matogrossense,510395,2019
MT,51011,Oeste Matogrossense,510450,2019
MT,51011,Oeste Matogrossense,510523,2019
MT,51011,Oeste Matogrossense,510562,2019
MT,51011,Oeste Matogrossense,510682,2019
MT,51011,Oeste Matogrossense,510710,2019
MT,51011,Oeste Matogrossense,510715,2019
MT,51011,Oeste Matogrossense,510720,2019
MT,51011,Oeste Matogrossense,510775,2019
MT,51012,Sudoeste Matogrossense,510268,2019
MT,51012,Sudoeste Matogrossense,510330,2019
MT,51012,Sudoeste Matogrossense,510336,2019
MT,51012,Sudoeste Matogrossense,510380,2019
MT,51012,Sudoeste Matogrossense,510500,2019
MT,51012,Sudoeste Matogrossense,510550,2019
MT,51012,Sudoeste Matogrossense,510618,2019
MT,51012,Sudoeste Matogrossense,510675,2019
MT,51012,Sudoeste Matogrossense,510757,2019
MT,51012,Sudoeste Matogrossense,510835,2019
MT,51013,Sul Matogrossense,510030,2019
MT,51013,Sul Matogrossense,510040,2019
MT,51013,Sul Matogrossense,510060,2019
MT,51013,Sul Matogrossense,510120,2019
MT,51013,Sul Matogrossense,510267,2019
MT,51013,Sul Matogrossense,510360,2019
MT,51013,Sul Matogrossense,510420,2019
MT,51013,Sul Matogrossense,510460,2019
MT,51013,Sul Matogrossense,510480,2019
MT,51013,Sul Matogrossense,510520,2019
MT,51013,Sul Matogrossense,510630,2019
MT,51013,Sul Matogrossense,510637,2019
MT,51013,Sul Matogrossense,510700,2019
MT,51013,Sul Matogrossense,510704,2019
MT,51013,Sul Matogrossense,510729,2019
MT,51013,Sul Matogrossense,510740,2019
MT,51013,Sul Matogrossense,510760,2019
MT,51013,Sul Matogrossense,510779,2019
MT,51013,Sul Matogrossense,510810,2019
MT,51014,Teles Pires,510305,2019
MT,51014,Teles Pires,510370,2019
MT,51014,Teles Pires,510452,2019
MT,51014,Teles Pires,510454,2019
MT,51014,Teles Pires,510525,2019
MT,51014,Teles Pires,510622,2019
MT,51014,Teles Pires,510624,2019
MT,51014,Teles Pires,510724,2019
MT,51014,Teles Pires,510776,2019
MT,51014,Teles Pires,510790,2019
MT,51014,Teles Pires,510792,2019
MT,51014,Teles Pires,510800,2019
MT,51014,Teles Pires,510830,2019
MT,51014,Teles Pires,510850,2019
MT,51015,Vale do Peixoto,510410,2019
MT,51015,Vale do Peixoto,510560,2019
MT,51015,Vale do Peixoto,510626,2019
MT,51015,Vale do Peixoto,510642,2019
MT,51015,Vale do Peixoto,510805,2019
MT,51016,Vale dos Arinos,510510,2019
MT,51016,Vale dos Arinos,510627,2019
MT,51016,Vale dos Arinos,510680,2019
MT,51016,Vale dos Arinos,510794,2019
GO,52001,Central,520005,2019
GO,52001,Central,520130,2019
GO,52001,Central,520160,2019
GO,52001,Central,520280,2019
GO,52001,Central,520360,2019
GO,52001,Central,520460,2019
GO,52001,Central,520520,2019
GO,52001,Central,520680,2019
GO,52001,Central,520870,2019
GO,52001,Central,520880,2019
GO,52001,Central,520920,2019
GO,52001,Central,521000,2019
GO,52001,Central,521056,2019
GO,52001,Central,521140,2019
GO,52001,Central,521205,2019
GO,52001,Central,521440,2019
GO,52001,Central,521450,2019
GO,52001,Central,521500,2019
GO,52001,Central,521540,2019
GO,52001,Central,521680,2019
GO,52001,Central,521910,2019
GO,52001,Central,521950,2019
GO,52001,Central,521973,2019
GO,52001,Central,521990,2019
GO,52001,Central,522100,2019
GO,52001,Central,522140,2019
GO,52002,Centro Sul,520140,2019
GO,52002,Centro Sul,520180,2019
GO,52002,Centro Sul,520330,2019
GO,52002,Centro Sul,520355,2019
GO,52002,Centro Sul,520455,2019
GO,52002,Centro Sul,520545,2019
GO,52002,Centro Sul,520630,2019
GO,52002,Centro Sul,520650,2019
GO,52002,Centro Sul,520735,2019
GO,52002,Centro Sul,520740,2019
GO,52002,Centro Sul,520970,2019
GO,52002,Centro Sul,520995,2019
GO,52002,Centro Sul,521170,2019
GO,52002,Centro Sul,521230,2019
GO,52002,Centro Sul,521260,2019
GO,52002,Centro Sul,521530,2019
GO,52002,Centro Sul,521710,2019
GO,52002,Centro Sul,521770,2019
GO,52002,Centro Sul,521839,2019
GO,52002,Centro Sul,522026,2019
GO,52002,Centro Sul,522045,2019
GO,52002,Centro Sul,522060,2019
GO,52002,Centro Sul,522190,2019
GO,52002,Centro Sul,522200,2019
GO,52002,Centro Sul,522205,2019
GO,52003,Entorno Norte,520017,2019
GO,52003,Entorno Norte,520060,2019
GO,52003,Entorno Norte,520400,2019
GO,52003,Entorno Norte,520790,2019
GO,52003,Entorno Norte,520800,2019
GO,52003,Entorno Norte,521760,2019
GO,52003,Entorno Norte,522000,2019
GO,52003,Entorno Norte,522220,2019
GO,52004,Entorno Sul,520025,2019
GO,52004,Entorno Sul,520549,2019
GO,52004,Entorno Sul,520620,2019
GO,52004,Entorno Sul,521250,2019
GO,52004,Entorno Sul,521523,2019
GO,52004,Entorno Sul,521975,2019
GO,52004,Entorno Sul,522185,2019
GO,52005,Estrada de Ferro,520120,2019
GO,52005,Estrada de Ferro,520450,2019
GO,52005,Estrada de Ferro,520480,2019
GO,52005,Estrada de Ferro,520510,2019
GO,52005,Estrada de Ferro,520590,2019
GO,52005,Estrada de Ferro,520660,2019
GO,52005,Estrada de Ferro,520690,2019
GO,52005,Estrada de Ferro,520850,2019
GO,52005,Estrada de Ferro,521010,2019
GO,52005,Estrada de Ferro,521290,2019
GO,52005,Estrada de Ferro,521480,2019
GO,52005,Estrada de Ferro,521550,2019
GO,52005,Estrada de Ferro,521580,2019
GO,52005,Estrada de Ferro,521740,2019
GO,52005,Estrada de Ferro,521878,2019
GO,52005,Estrada de Ferro,521920,2019
GO,52005,Estrada de Ferro,522130,2019
GO,52005,Estrada de Ferro,522180,2019
GO,52006,Nordeste I,520490,2019
GO,52006,Nordeste I,520530,2019
GO,52006,Nordeste I,520830,2019
GO,52006,Nordeste I,521350,2019
GO,52006,Nordeste I,522108,2019
GO,52007,Nordeste II,520080,2019
GO,52007,Nordeste II,520396,2019
GO,52007,Nordeste II,520670,2019
GO,52007,Nordeste II,520940,2019
GO,52007,Nordeste II,520990,2019
GO,52007,Nordeste II,521270,2019
GO,52007,Nordeste II,521490,2019
GO,52007,Nordeste II,521830,2019
GO,52007,Nordeste II,521980,2019
GO,52007,Nordeste II,522068,2019
GO,52007,Nordeste II,522070,2019
GO,52008,Norte,520357,2019
GO,52008,Norte,520465,2019
GO,52008,Norte,520750,2019
GO,52008,Norte,520810,2019
GO,52008,Norte,521308,2019
GO,52008,Norte,521377,2019
GO,52008,Norte,521405,2019
GO,52008,Norte,521410,2019
GO,52008,Norte,521525,2019
GO,52008,Norte,521800,2019
GO,52008,Norte,521960,2019
GO,52008,Norte,522020,2019
GO,52008,Norte,522145,2019
GO,52009,Oeste I,520090,2019
GO,52009,Oeste I,520170,2019
GO,52009,Oeste I,520235,2019
GO,52009,Oeste I,520310,2019
GO,52009,Oeste I,520340,2019
GO,52009,Oeste I,520710,2019
GO,52009,Oeste I,520760,2019
GO,52009,Oeste I,521020,2019
GO,52009,Oeste I,521030,2019
GO,52009,Oeste I,521160,2019
GO,52009,Oeste I,521200,2019
GO,52009,Oeste I,521340,2019
GO,52009,Oeste I,521370,2019
GO,52009,Oeste I,521520,2019
GO,52009,Oeste I,521565,2019
GO,52009,Oeste I,521720,2019
GO,52010,Oeste II,520015,2019
GO,52010,Oeste II,520260,2019
GO,52010,Oeste II,520393,2019
GO,52010,Oeste II,520420,2019
GO,52010,Oeste II,520570,2019
GO,52010,Oeste II,520780,2019
GO,52010,Oeste II,521570,2019
GO,52010,Oeste II,521590,2019
GO,52010,Oeste II,521640,2019
GO,52010,Oeste II,521900,2019
GO,52010,Oeste II,522005,2019
GO,52010,Oeste II,522010,2019
GO,52010,Oeste II,522150,2019
GO,52011,Pirineus,520010,2019
GO,52011,Pirineus,520030,2019
GO,52011,Pirineus,520110,2019
GO,52011,Pirineus,520485,2019
GO,52011,Pirineus,520551,2019
GO,52011,Pirineus,520580,2019
GO,52011,Pirineus,520815,2019
GO,52011,Pirineus,520840,2019
GO,52011,Pirineus,521730,2019
GO,52011,Pirineus,522119,2019
GO,52012,Rio Vermelho,520085,2019
GO,52012,Rio Vermelho,520215,2019
GO,52012,Rio Vermelho,520250,2019
GO,52012,Rio Vermelho,520380,2019
GO,52012,Rio Vermelho,520753,2019
GO,52012,Rio Vermelho,520890,2019
GO,52012,Rio Vermelho,520929,2019
GO,52012,Rio Vermelho,520960,2019
GO,52012,Rio Vermelho,521040,2019
GO,52012,Rio Vermelho,521100,2019
GO,52012,Rio Vermelho,521120,2019
GO,52012,Rio Vermelho,521220,2019
GO,52012,Rio Vermelho,521295,2019
GO,52012,Rio Vermelho,521390,2019
GO,52012,Rio Vermelho,521400,2019
GO,52012,Rio Vermelho,521483,2019
GO,52012,Rio Vermelho,521925,2019
GO,52013,São Patrício I,520495,2019
GO,52013,São Patrício I,520500,2019
GO,52013,São Patrício I,520540,2019
GO,52013,São Patrício I,520640,2019
GO,52013,São Patrício I,520945,2019
GO,52013,São Patrício I,521015,2019
GO,52013,São Patrício I,521090,2019
GO,52013,São Patrício I,521385,2019
GO,52013,São Patrício I,521470,2019
GO,52013,São Patrício I,521486,2019
GO,52013,São Patrício I,521690,2019
GO,52013,São Patrício I,521860,2019
GO,52013,São Patrício I,521870,2019
GO,52013,São Patrício I,521890,2019
GO,52013,São Patrício I,521935,2019
GO,52013,São Patrício I,521970,2019
GO,52013,São Patrício I,522015,2019
GO,52013,São Patrício I,522028,2019
GO,52013,São Patrício I,522157,2019
GO,52013,São Patrício I,522170,2019
GO,52014,Serra da Mesa,520055,2019
GO,52014,Serra da Mesa,520082,2019
GO,52014,Serra da Mesa,520470,2019
GO,52014,Serra da Mesa,520552,2019
GO,52014,Serra da Mesa,520980,2019
GO,52014,Serra da Mesa,521280,2019
GO,52014,Serra da Mesa,521460,2019
GO,52014,Serra da Mesa,521487,2019
GO,52014,Serra da Mesa,522160,2019
GO,52015,Sudoeste I,520013,2019
GO,52015,Sudoeste I,520145,2019
GO,52015,Sudoeste I,520410,2019
GO,52015,Sudoeste I,520430,2019
GO,52015,Sudoeste I,520505,2019
GO,52015,Sudoeste I,521080,2019
GO,52015,Sudoeste I,521130,2019
GO,52015,Sudoeste I,521225,2019
GO,52015,Sudoeste I,521300,2019
GO,52015,Sudoeste I,521375,2019
GO,52015,Sudoeste I,521630,2019
GO,52015,Sudoeste I,521805,2019
GO,52015,Sudoeste I,521850,2019
GO,52015,Sudoeste I,521880,2019
GO,52015,Sudoeste I,521930,2019
GO,52015,Sudoeste I,521971,2019
GO,52015,Sudoeste I,522040,2019
GO,52015,Sudoeste I,522155,2019
GO,52016,Sudoeste II,520150,2019
GO,52016,Sudoeste II,520440,2019
GO,52016,Sudoeste II,520547,2019
GO,52016,Sudoeste II,520725,2019
GO,52016,Sudoeste II,521190,2019
GO,52016,Sudoeste II,521310,2019
GO,52016,Sudoeste II,521645,2019
GO,52016,Sudoeste II,521810,2019
GO,52016,Sudoeste II,521940,2019
GO,52016,Sudoeste II,522050,2019
GO,52017,Sul,520020,2019
GO,52017,Sul,520050,2019
GO,52017,Sul,520350,2019
GO,52017,Sul,520390,2019
GO,52017,Sul,520425,2019
GO,52017,Sul,520910,2019
GO,52017,Sul,520915,2019
GO,52017,Sul,520993,2019
GO,52017,Sul,521150,2019
GO,52017,Sul,521210,2019
GO,52017,Sul,521380,2019
GO,52017,Sul,521600,2019
GO,52018,São Patrício II,520320,2019
GO,52018,São Patrício II,520860,2019
GO,52018,São Patrício II,521060,2019
GO,52018,São Patrício II,521180,2019
GO,52018,São Patrício II,521305,2019
GO,52018,São Patrício II,521560,2019
GO,52018,São Patrício II,521945,2019
GO,52018,São Patrício II,522230,2019
DF,53001,Distrito Federal,530010,2019
AC,0,Acre,120001,2011
AC,0,Acre,120013,2011
AC,0,Acre,120017,2011
AC,0,Acre,120034,2011
AC,0,Acre,120038,2011
AC,0,Acre,120080,2011
AC,0,Acre,120040,2011
AC,0,Acre,120043,2011
AC,0,Acre,120050,2011
AC,0,Acre,120045,2011
AC,0,Brasiléia,120005,2011
AC,0,Brasiléia,120010,2011
AC,0,Brasiléia,120025,2011
AC,0,Brasiléia,120070,2011
AC,0,Cruzeiro do Sul,120020,2011
AC,0,Cruzeiro do Sul,120030,2011
AC,0,Cruzeiro do Sul,120032,2011
AC,0,Cruzeiro do Sul,120033,2011
AC,0,Cruzeiro do Sul,120035,2011
AC,0,Cruzeiro do Sul,120039,2011
AC,0,Cruzeiro do Sul,120042,2011
AC,0,Cruzeiro do Sul,120060,2011
AL,0,Região 01,270040,2011
AL,0,Região 01,270050,2011
AL,0,Região 01,270060,2011
AL,0,Região 01,270130,2011
AL,0,Região 01,270170,2011
AL,0,Região 01,270190,2011
AL,0,Região 01,270220,2011
AL,0,Região 01,270350,2011
AL,0,Região 01,270360,2011
AL,0,Região 01,270430,2011
AL,0,Região 01,270450,2011
AL,0,Região 01,270470,2011
AL,0,Região 01,270510,2011
AL,0,Região 01,270520,2011
AL,0,Região 01,270644,2011
AL,0,Região 01,270650,2011
AL,0,Região 01,270660,2011
AL,0,Região 01,270690,2011
AL,0,Região 01,270700,2011
AL,0,Região 01,270730,2011
AL,0,Região 01,270740,2011
AL,0,Região 01,270770,2011
AL,0,Região 01,270790,2011
AL,0,Região 01,270850,2011
AL,0,Região 01,270870,2011
AL,0,Região 01,270890,2011
AL,0,Região 01,270940,2011
AL,0,Região 02,270020,2011
AL,0,Região 02,270100,2011
AL,0,Região 02,270140,2011
AL,0,Região 02,270230,2011
AL,0,Região 02,270270,2011
AL,0,Região 02,270320,2011
AL,0,Região 02,270375,2011
AL,0,Região 02,270400,2011
AL,0,Região 02,270670,2011
AL,0,Região 02,270680,2011
AL,0,Região 02,270750,2011
AL,0,Região 02,270780,2011
AL,0,Região 02,270820,2011
AL,0,Região 02,270860,2011
AL,0,Região 02,270915,2011
AL,0,Região 03,270010,2011
AL,0,Região 03,270070,2011
AL,0,Região 03,270090,2011
AL,0,Região 03,270160,2011
AL,0,Região 03,270180,2011
AL,0,Região 03,270240,2011
AL,0,Região 03,270250,2011
AL,0,Região 03,270330,2011
AL,0,Região 03,270340,2011
AL,0,Região 03,270460,2011
AL,0,Região 03,270500,2011
AL,0,Região 03,270540,2011
AL,0,Região 03,270570,2011
AL,0,Região 03,270580,2011
AL,0,Região 03,270600,2011
AL,0,Região 03,270610,2011
AL,0,Região 03,270620,2011
AL,0,Região 03,270640,2011
AL,0,Região 03,270642,2011
AL,0,Região 03,270710,2011
AL,0,Região 03,270720,2011
AL,0,Região 03,270800,2011
AL,0,Região 03,270840,2011
AL,0,Região 03,270895,2011
AL,0,Região 04,270030,2011
AL,0,Região 04,270080,2011
AL,0,Região 04,270120,2011
AL,0,Região 04,270150,2011
AL,0,Região 04,270200,2011
AL,0,Região 04,270235,2011
AL,0,Região 04,270255,2011
AL,0,Região 04,270260,2011
AL,0,Região 04,270290,2011
AL,0,Região 04,270310,2011
AL,0,Região 04,270370,2011
AL,0,Região 04,270410,2011
AL,0,Região 04,270420,2011
AL,0,Região 04,270440,2011
AL,0,Região 04,270490,2011
AL,0,Região 04,270480,2011
AL,0,Região 04,270530,2011
AL,0,Região 04,270590,2011
AL,0,Região 04,270630,2011
AL,0,Região 04,270760,2011
AL,0,Região 04,270880,2011
AL,0,Região 04,270900,2011
AL,0,Região 04,270910,2011
AL,0,Região 04,270920,2011
AL,0,Região 05,270110,2011
AL,0,Região 05,270135,2011
AL,0,Região 05,270210,2011
AL,0,Região 05,270280,2011
AL,0,Região 05,270300,2011
AL,0,Região 05,270380,2011
AL,0,Região 05,270390,2011
AL,0,Região 05,270550,2011
AL,0,Região 05,270560,2011
AL,0,Região 05,270810,2011
AL,0,Região 05,270830,2011
AL,0,Região 05,270930,2011
AM,0,Alto Solimões,130006,2011
AM,0,Alto Solimões,130020,2011
AM,0,Alto Solimões,130060,2011
AM,0,Alto Solimões,130370,2011
AM,0,Alto Solimões,130390,2011
AM,0,Alto Solimões,130406,2011
AM,0,Alto Solimões,130423,2011
AM,0,Amazonas,130014,2011
AM,0,Amazonas,130040,2011
AM,0,Amazonas,130070,2011
AM,0,Amazonas,130080,2011
AM,0,Amazonas,130090,2011
AM,0,Amazonas,130120,2011
AM,0,Amazonas,130130,2011
AM,0,Amazonas,130165,2011
AM,0,Amazonas,130170,2011
AM,0,Amazonas,130180,2011
AM,0,Amazonas,130240,2011
AM,0,Amazonas,130270,2011
AM,0,Amazonas,130330,2011
AM,0,Amazonas,130350,2011
AM,0,Amazonas,130360,2011
AM,0,Amazonas,130380,2011
AM,0,Amazonas,130410,2011
AM,0,Baixo Amazonas,130050,2011
AM,0,Baixo Amazonas,130068,2011
AM,0,Baixo Amazonas,130290,2011
AM,0,Baixo Amazonas,130300,2011
AM,0,Baixo Amazonas,130340,2011
AM,0,Entorno de Manaus,130030,2011
AM,0,Entorno de Manaus,130110,2011
AM,0,Entorno de Manaus,130115,2011
AM,0,Entorno de Manaus,130185,2011
AM,0,Entorno de Manaus,130255,2011
AM,0,Entorno de Manaus,130260,2011
AM,0,Entorno de Manaus,130310,2011
AM,0,Entorno de Manaus,130353,2011
AM,0,Entorno de Manaus,130356,2011
AM,0,Médio Amazonas,130190,2011
AM,0,Médio Amazonas,130200,2011
AM,0,Médio Amazonas,130395,2011
AM,0,Médio Amazonas,130400,2011
AM,0,Médio Amazonas,130430,2011
AM,0,Médio Amazonas,130440,2011
AM,0,Rio Negro e Solimões,130008,2011
AM,0,Rio Negro e Solimões,130010,2011
AM,0,Rio Negro e Solimões,130063,2011
AM,0,Rio Negro e Solimões,130083,2011
AM,0,Rio Negro e Solimões,130250,2011
AM,0,Rio Negro e Solimões,130320,2011
AM,0,Triângulo,130002,2011
AM,0,Triângulo,130100,2011
AM,0,Triângulo,130140,2011
AM,0,Triângulo,130150,2011
AM,0,Triângulo,130160,2011
AM,0,Triângulo,130195,2011
AM,0,Triângulo,130210,2011
AM,0,Triângulo,130220,2011
AM,0,Triângulo,130230,2011
AM,0,Triângulo,130280,2011
AM,0,Triângulo,130420,2011
AM,0,Triângulo,130426,2011
AP,0,I Regional de Saúde,160021,2011
AP,0,I Regional de Saúde,160023,2011
AP,0,I Regional de Saúde,160025,2011
AP,0,I Regional de Saúde,160027,2011
AP,0,I Regional de Saúde,160030,2011
AP,0,I Regional de Saúde,160040,2011
AP,0,I Regional de Saúde,160050,2011
AP,0,I Regional de Saúde,160015,2011
AP,0,I Regional de Saúde,160053,2011
AP,0,I Regional de Saúde,160060,2011
AP,0,I Regional de Saúde,160005,2011
AP,0,I Regional de Saúde,160080,2011
AP,0,II Regional de Saúde,160010,2011
AP,0,II Regional de Saúde,160020,2011
AP,0,II Regional de Saúde,160055,2011
AP,0,II Regional de Saúde,160070,2011
BA,0,Alagoinhas,290030,2011
BA,0,Alagoinhas,290070,2011
BA,0,Alagoinhas,290190,2011
BA,0,Alagoinhas,290205,2011
BA,0,Alagoinhas,290220,2011
BA,0,Alagoinhas,290700,2011
BA,0,Alagoinhas,290750,2011
BA,0,Alagoinhas,290960,2011
BA,0,Alagoinhas,291050,2011
BA,0,Alagoinhas,291060,2011
BA,0,Alagoinhas,291370,2011
BA,0,Alagoinhas,291590,2011
BA,0,Alagoinhas,291650,2011
BA,0,Alagoinhas,291790,2011
BA,0,Alagoinhas,292330,2011
BA,0,Alagoinhas,292410,2011
BA,0,Alagoinhas,292700,2011
BA,0,Alagoinhas,292970,2011
BA,0,Amargosa,290100,2011
BA,0,Amargosa,291030,2011
BA,0,Amargosa,291685,2011
BA,0,Amargosa,291820,2011
BA,0,Amargosa,291880,2011
BA,0,Amargosa,292130,2011
BA,0,Amargosa,292240,2011
BA,0,Amargosa,292280,2011
BA,0,Amargosa,292940,2011
BA,0,Amargosa,293210,2011
BA,0,Barreiras,290140,2011
BA,0,Barreiras,290250,2011
BA,0,Barreiras,290320,2011
BA,0,Barreiras,290440,2011
BA,0,Barreiras,290740,2011
BA,0,Barreiras,290940,2011
BA,0,Barreiras,290970,2011
BA,0,Barreiras,291110,2011
BA,0,Barreiras,291955,2011
BA,0,Barreiras,292045,2011
BA,0,Barreiras,292620,2011
BA,0,Barreiras,292840,2011
BA,0,Barreiras,292890,2011
BA,0,Barreiras,293090,2011
BA,0,Barreiras,293345,2011
BA,0,Boquira,290410,2011
BA,0,Boquira,290420,2011
BA,0,Boquira,290755,2011
BA,0,Boquira,290050,2011
BA,0,Boquira,291250,2011
BA,0,Boquira,291980,2011
BA,0,Boquira,292360,2011
BA,0,Boquira,292690,2011
BA,0,Brumado,290200,2011
BA,0,Brumado,290280,2011
BA,0,Brumado,290460,2011
BA,0,Brumado,290880,2011
BA,0,Brumado,291010,2011
BA,0,Brumado,291165,2011
BA,0,Brumado,291220,2011
BA,0,Brumado,291720,2011
BA,0,Brumado,291860,2011
BA,0,Brumado,291950,2011
BA,0,Brumado,292030,2011
BA,0,Brumado,292670,2011
BA,0,Brumado,293100,2011
BA,0,Caetité,290500,2011
BA,0,Caetité,290520,2011
BA,0,Caetité,291200,2011
BA,0,Caetité,291340,2011
BA,0,Caetité,291740,2011
BA,0,Caetité,291875,2011
BA,0,Caetité,291940,2011
BA,0,Caetité,292180,2011
BA,0,Caetité,292640,2011
BA,0,Caetité,292680,2011
BA,0,Caetité,293105,2011
BA,0,Cícero Dantas,290035,2011
BA,0,Cícero Dantas,290160,2011
BA,0,Cícero Dantas,290265,2011
BA,0,Cícero Dantas,290780,2011
BA,0,Cícero Dantas,290790,2011
BA,0,Cícero Dantas,290920,2011
BA,0,Cícero Dantas,291075,2011
BA,0,Cícero Dantas,291185,2011
BA,0,Cícero Dantas,292290,2011
BA,0,Cícero Dantas,292305,2011
BA,0,Cícero Dantas,292310,2011
BA,0,Cícero Dantas,292380,2011
BA,0,Cícero Dantas,292650,2011
BA,0,Cícero Dantas,292660,2011
BA,0,Cícero Dantas,293076,2011
BA,0,Cruz das Almas,290485,2011
BA,0,Cruz das Almas,290490,2011
BA,0,Cruz das Almas,290820,2011
BA,0,Cruz das Almas,290980,2011
BA,0,Cruz das Almas,291160,2011
BA,0,Cruz das Almas,292060,2011
BA,0,Cruz das Almas,292230,2011
BA,0,Cruz das Almas,292900,2011
BA,0,Cruz das Almas,292960,2011
BA,0,Eunápolis,290340,2011
BA,0,Eunápolis,291072,2011
BA,0,Eunápolis,291180,2011
BA,0,Eunápolis,291465,2011
BA,0,Eunápolis,291530,2011
BA,0,Eunápolis,291630,2011
BA,0,Eunápolis,292530,2011
BA,0,Eunápolis,292770,2011
BA,0,Feira de Santana,290110,2011
BA,0,Feira de Santana,290150,2011
BA,0,Feira de Santana,290170,2011
BA,0,Feira de Santana,290640,2011
BA,0,Feira de Santana,290850,2011
BA,0,Feira de Santana,290890,2011
BA,0,Feira de Santana,291080,2011
BA,0,Feira de Santana,291330,2011
BA,0,Feira de Santana,291380,2011
BA,0,Feira de Santana,291400,2011
BA,0,Feira de Santana,291450,2011
BA,0,Feira de Santana,292465,2011
BA,0,Feira de Santana,292595,2011
BA,0,Feira de Santana,292630,2011
BA,0,Feira de Santana,292750,2011
BA,0,Feira de Santana,292830,2011
BA,0,Feira de Santana,292880,2011
BA,0,Feira de Santana,292930,2011
BA,0,Feira de Santana,293040,2011
BA,0,Feira de Santana,293110,2011
BA,0,Feira de Santana,293140,2011
BA,0,Feira de Santana,293170,2011
BA,0,Gandu,290540,2011
BA,0,Gandu,290580,2011
BA,0,Gandu,291120,2011
BA,0,Gandu,291345,2011
BA,0,Gandu,291730,2011
BA,0,Gandu,292070,2011
BA,0,Gandu,292260,2011
BA,0,Gandu,292275,2011
BA,0,Gandu,292467,2011
BA,0,Gandu,293120,2011
BA,0,Gandu,293160,2011
BA,0,Gandu,293290,2011
BA,0,Gandu,293350,2011
BA,0,Guanambi,290660,2011
BA,0,Guanambi,290710,2011
BA,0,Guanambi,291170,2011
BA,0,Guanambi,291733,2011
BA,0,Guanambi,292020,2011
BA,0,Guanambi,292105,2011
BA,0,Guanambi,292340,2011
BA,0,Guanambi,292450,2011
BA,0,Guanambi,293000,2011
BA,0,Guanambi,293260,2011
BA,0,Ibotirama,290270,2011
BA,0,Ibotirama,290450,2011
BA,0,Ibotirama,290475,2011
BA,0,Ibotirama,291320,2011
BA,0,Ibotirama,291410,2011
BA,0,Ibotirama,292160,2011
BA,0,Ibotirama,292225,2011
BA,0,Ibotirama,292320,2011
BA,0,Ibotirama,292370,2011
BA,0,Ilhéus,290225,2011
BA,0,Ilhéus,290630,2011
BA,0,Ilhéus,291360,2011
BA,0,Ilhéus,291490,2011
BA,0,Ilhéus,292090,2011
BA,0,Ilhéus,292805,2011
BA,0,Ilhéus,293250,2011
BA,0,Ilhéus,293270,2011
BA,0,Irecê,290115,2011
BA,0,Irecê,290300,2011
BA,0,Irecê,290323,2011
BA,0,Irecê,290530,2011
BA,0,Irecê,290620,2011
BA,0,Irecê,290760,2011
BA,0,Irecê,291130,2011
BA,0,Irecê,291240,2011
BA,0,Irecê,291310,2011
BA,0,Irecê,291460,2011
BA,0,Irecê,291535,2011
BA,0,Irecê,291835,2011
BA,0,Irecê,291850,2011
BA,0,Irecê,291915,2011
BA,0,Irecê,292205,2011
BA,0,Irecê,292560,2011
BA,0,Irecê,292925,2011
BA,0,Irecê,293240,2011
BA,0,Irecê,293360,2011
BA,0,Itaberaba,290130,2011
BA,0,Itaberaba,290380,2011
BA,0,Itaberaba,290405,2011
BA,0,Itaberaba,291190,2011
BA,0,Itaberaba,291260,2011
BA,0,Itaberaba,291470,2011
BA,0,Itaberaba,291500,2011
BA,0,Itaberaba,291900,2011
BA,0,Itaberaba,291960,2011
BA,0,Itaberaba,292080,2011
BA,0,Itaberaba,292285,2011
BA,0,Itaberaba,292720,2011
BA,0,Itaberaba,293280,2011
BA,0,Itaberaba,293340,2011
BA,0,Itabuna,290090,2011
BA,0,Itabuna,290240,2011
BA,0,Itabuna,290330,2011
BA,0,Itabuna,290470,2011
BA,0,Itabuna,290560,2011
BA,0,Itabuna,290800,2011
BA,0,Itabuna,291100,2011
BA,0,Itabuna,291150,2011
BA,0,Itabuna,291210,2011
BA,0,Itabuna,291270,2011
BA,0,Itabuna,291480,2011
BA,0,Itabuna,291540,2011
BA,0,Itabuna,291550,2011
BA,0,Itabuna,291620,2011
BA,0,Itabuna,291660,2011
BA,0,Itabuna,291855,2011
BA,0,Itabuna,292390,2011
BA,0,Itabuna,292780,2011
BA,0,Itabuna,292935,2011
BA,0,Itabuna,293220,2011
BA,0,Itabuna,293230,2011
BA,0,Itapetinga,290480,2011
BA,0,Itapetinga,291090,2011
BA,0,Itapetinga,291230,2011
BA,0,Itapetinga,291350,2011
BA,0,Itapetinga,291580,2011
BA,0,Itapetinga,291640,2011
BA,0,Itapetinga,291680,2011
BA,0,Itapetinga,291710,2011
BA,0,Itapetinga,291970,2011
BA,0,Itapetinga,292000,2011
BA,0,Itapetinga,292270,2011
BA,0,Itapetinga,292540,2011
BA,0,Jacobina,290510,2011
BA,0,Jacobina,290550,2011
BA,0,Jacobina,290687,2011
BA,0,Jacobina,291750,2011
BA,0,Jacobina,292010,2011
BA,0,Jacobina,292120,2011
BA,0,Jacobina,292140,2011
BA,0,Jacobina,292170,2011
BA,0,Jacobina,292335,2011
BA,0,Jacobina,292480,2011
BA,0,Jacobina,292593,2011
BA,0,Jacobina,292937,2011
BA,0,Jacobina,292980,2011
BA,0,Jacobina,293060,2011
BA,0,Jacobina,293130,2011
BA,0,Jacobina,293245,2011
BA,0,Jacobina,293305,2011
BA,0,Jacobina,293310,2011
BA,0,Jacobina,293315,2011
BA,0,Jequié,290060,2011
BA,0,Jequié,290195,2011
BA,0,Jequié,290310,2011
BA,0,Jequié,290370,2011
BA,0,Jequié,290430,2011
BA,0,Jequié,290950,2011
BA,0,Jequié,291000,2011
BA,0,Jequié,291290,2011
BA,0,Jequié,291390,2011
BA,0,Jequié,291420,2011
BA,0,Jequié,291430,2011
BA,0,Jequié,291510,2011
BA,0,Jequié,291520,2011
BA,0,Jequié,291570,2011
BA,0,Jequié,291670,2011
BA,0,Jequié,291690,2011
BA,0,Jequié,291760,2011
BA,0,Jequié,291800,2011
BA,0,Jequié,291830,2011
BA,0,Jequié,291870,2011
BA,0,Jequié,291905,2011
BA,0,Jequié,292040,2011
BA,0,Jequié,292050,2011
BA,0,Jequié,292490,2011
BA,0,Jequié,292790,2011
BA,0,Juazeiro,290590,2011
BA,0,Juazeiro,290720,2011
BA,0,Juazeiro,290990,2011
BA,0,Juazeiro,291840,2011
BA,0,Juazeiro,292440,2011
BA,0,Juazeiro,292600,2011
BA,0,Juazeiro,293020,2011
BA,0,Juazeiro,293077,2011
BA,0,Juazeiro,293200,2011
BA,0,Mundo Novo,290260,2011
BA,0,Mundo Novo,290685,2011
BA,0,Mundo Novo,291125,2011
BA,0,Mundo Novo,292210,2011
BA,0,Mundo Novo,292273,2011
BA,0,Mundo Novo,292405,2011
BA,0,Paulo Afonso,290020,2011
BA,0,Paulo Afonso,290770,2011
BA,0,Paulo Afonso,291140,2011
BA,0,Paulo Afonso,291810,2011
BA,0,Paulo Afonso,291990,2011
BA,0,Paulo Afonso,292400,2011
BA,0,Paulo Afonso,292420,2011
BA,0,Paulo Afonso,292710,2011
BA,0,Paulo Afonso,292760,2011
BA,0,Salvador,290570,2011
BA,0,Salvador,290650,2011
BA,0,Salvador,290860,2011
BA,0,Salvador,291005,2011
BA,0,Salvador,291610,2011
BA,0,Salvador,291920,2011
BA,0,Salvador,291992,2011
BA,0,Salvador,292100,2011
BA,0,Salvador,292520,2011
BA,0,Salvador,292740,2011
BA,0,Salvador,292860,2011
BA,0,Salvador,292920,2011
BA,0,Salvador,292950,2011
BA,0,Salvador,292975,2011
BA,0,Salvador,293070,2011
BA,0,Salvador,293320,2011
BA,0,Santa Maria da Vitória,290390,2011
BA,0,Santa Maria da Vitória,290610,2011
BA,0,Santa Maria da Vitória,290810,2011
BA,0,Santa Maria da Vitória,290910,2011
BA,0,Santa Maria da Vitória,290930,2011
BA,0,Santa Maria da Vitória,291077,2011
BA,0,Santa Maria da Vitória,291735,2011
BA,0,Santa Maria da Vitória,292810,2011
BA,0,Santa Maria da Vitória,292820,2011
BA,0,Santa Maria da Vitória,292905,2011
BA,0,Santa Maria da Vitória,293015,2011
BA,0,Santa Maria da Vitória,293030,2011
BA,0,Santa Maria da Vitória,293075,2011
BA,0,Santo Antônio de Jesus,290230,2011
BA,0,Santo Antônio de Jesus,290730,2011
BA,0,Santo Antônio de Jesus,290830,2011
BA,0,Santo Antônio de Jesus,291020,2011
BA,0,Santo Antônio de Jesus,291780,2011
BA,0,Santo Antônio de Jesus,292220,2011
BA,0,Santo Antônio de Jesus,292250,2011
BA,0,Santo Antônio de Jesus,292575,2011
BA,0,Santo Antônio de Jesus,292730,2011
BA,0,Santo Antônio de Jesus,292850,2011
BA,0,Santo Antônio de Jesus,292870,2011
BA,0,Santo Antônio de Jesus,292910,2011
BA,0,Santo Antônio de Jesus,293317,2011
BA,0,Seabra,290010,2011
BA,0,Seabra,290400,2011
BA,0,Seabra,291300,2011
BA,0,Seabra,291440,2011
BA,0,Seabra,291930,2011
BA,0,Seabra,292190,2011
BA,0,Seabra,292303,2011
BA,0,Seabra,292350,2011
BA,0,Seabra,292430,2011
BA,0,Seabra,292990,2011
BA,0,Seabra,293080,2011
BA,0,Senhor do Bonfim,290135,2011
BA,0,Senhor do Bonfim,290180,2011
BA,0,Senhor do Bonfim,290600,2011
BA,0,Senhor do Bonfim,291085,2011
BA,0,Senhor do Bonfim,291700,2011
BA,0,Senhor do Bonfim,291770,2011
BA,0,Senhor do Bonfim,292460,2011
BA,0,Senhor do Bonfim,292525,2011
BA,0,Senhor do Bonfim,293010,2011
BA,0,Serrinha,290040,2011
BA,0,Serrinha,290210,2011
BA,0,Serrinha,290327,2011
BA,0,Serrinha,290360,2011
BA,0,Serrinha,290680,2011
BA,0,Serrinha,290682,2011
BA,0,Serrinha,290840,2011
BA,0,Serrinha,291070,2011
BA,0,Serrinha,291910,2011
BA,0,Serrinha,292150,2011
BA,0,Serrinha,292265,2011
BA,0,Serrinha,292580,2011
BA,0,Serrinha,292590,2011
BA,0,Serrinha,292610,2011
BA,0,Serrinha,292800,2011
BA,0,Serrinha,292895,2011
BA,0,Serrinha,293050,2011
BA,0,Serrinha,293150,2011
BA,0,Serrinha,293190,2011
BA,0,Serrinha,293300,2011
BA,0,Teixeira de Freitas,290080,2011
BA,0,Teixeira de Freitas,290690,2011
BA,0,Teixeira de Freitas,291280,2011
BA,0,Teixeira de Freitas,291560,2011
BA,0,Teixeira de Freitas,291600,2011
BA,0,Teixeira de Freitas,291845,2011
BA,0,Teixeira de Freitas,291890,2011
BA,0,Teixeira de Freitas,292110,2011
BA,0,Teixeira de Freitas,292200,2011
BA,0,Teixeira de Freitas,292300,2011
BA,0,Teixeira de Freitas,292550,2011
BA,0,Teixeira de Freitas,293135,2011
BA,0,Teixeira de Freitas,293325,2011
BA,0,Vitória da Conquista,290120,2011
BA,0,Vitória da Conquista,290290,2011
BA,0,Vitória da Conquista,290350,2011
BA,0,Vitória da Conquista,290395,2011
BA,0,Vitória da Conquista,290515,2011
BA,0,Vitória da Conquista,290670,2011
BA,0,Vitória da Conquista,290689,2011
BA,0,Vitória da Conquista,290870,2011
BA,0,Vitória da Conquista,290900,2011
BA,0,Vitória da Conquista,291040,2011
BA,0,Vitória da Conquista,291995,2011
BA,0,Vitória da Conquista,292145,2011
BA,0,Vitória da Conquista,292470,2011
BA,0,Vitória da Conquista,292500,2011
BA,0,Vitória da Conquista,292510,2011
BA,0,Vitória da Conquista,292570,2011
BA,0,Vitória da Conquista,292665,2011
BA,0,Vitória da Conquista,293180,2011
BA,0,Vitória da Conquista,293330,2011
CE,0,Acaraú,230020,2011
CE,0,Acaraú,230230,2011
CE,0,Acaraú,230425,2011
CE,0,Acaraú,230655,2011
CE,0,Acaraú,230725,2011
CE,0,Acaraú,230780,2011
CE,0,Acaraú,230890,2011
CE,0,Aracati,230110,2011
CE,0,Aracati,230220,2011
CE,0,Aracati,230445,2011
CE,0,Aracati,230535,2011
CE,0,Aracati,230620,2011
CE,0,Baturité,230120,2011
CE,0,Baturité,230140,2011
CE,0,Baturité,230210,2011
CE,0,Baturité,230290,2011
CE,0,Baturité,230510,2011
CE,0,Baturité,230650,2011
CE,0,Baturité,230910,2011
CE,0,Baturité,230980,2011
CE,0,Brejo Santo,230010,2011
CE,0,Brejo Santo,230170,2011
CE,0,Brejo Santo,230200,2011
CE,0,Brejo Santo,230250,2011
CE,0,Brejo Santo,230720,2011
CE,0,Brejo Santo,230810,2011
CE,0,Brejo Santo,230830,2011
CE,0,Brejo Santo,231060,2011
CE,0,Brejo Santo,231110,2011
CE,0,Camocim,230205,2011
CE,0,Camocim,230260,2011
CE,0,Camocim,230390,2011
CE,0,Camocim,230470,2011
CE,0,Camocim,230790,2011
CE,0,Canindé,230240,2011
CE,0,Canindé,230280,2011
CE,0,Canindé,230300,2011
CE,0,Canindé,230660,2011
CE,0,Canindé,230763,2011
CE,0,Canindé,231040,2011
CE,0,Caucaia,230090,2011
CE,0,Caucaia,230370,2011
CE,0,Caucaia,230460,2011
CE,0,Caucaia,230630,2011
CE,0,Caucaia,231020,2011
CE,0,Caucaia,231025,2011
CE,0,Caucaia,231070,2011
CE,0,Caucaia,231240,2011
CE,0,Caucaia,231260,2011
CE,0,Caucaia,231335,2011
CE,0,Caucaia,231375,2011
CE,0,Crateús,230125,2011
CE,0,Crateús,230410,2011
CE,0,Crateús,230560,2011
CE,0,Crateús,230565,2011
CE,0,Crateús,230590,2011
CE,0,Crateús,230860,2011
CE,0,Crateús,230930,2011
CE,0,Crateús,230940,2011
CE,0,Crateús,231100,2011
CE,0,Crateús,231126,2011
CE,0,Crateús,231320,2011
CE,0,Crato,230060,2011
CE,0,Crato,230080,2011
CE,0,Crato,230130,2011
CE,0,Crato,230160,2011
CE,0,Crato,230270,2011
CE,0,Crato,230420,2011
CE,0,Crato,230430,2011
CE,0,Crato,230920,2011
CE,0,Crato,231120,2011
CE,0,Crato,231195,2011
CE,0,Crato,231210,2011
CE,0,Crato,231325,2011
CE,0,Crato,231400,2011
CE,0,Fortaleza,230100,2011
CE,0,Fortaleza,230350,2011
CE,0,Fortaleza,230395,2011
CE,0,Fortaleza,230428,2011
CE,0,Fortaleza,230440,2011
CE,0,Fortaleza,230523,2011
CE,0,Fortaleza,230625,2011
CE,0,Fortaleza,230945,2011
CE,0,Fortaleza,230960,2011
CE,0,Fortaleza,231085,2011
CE,0,Icó,230180,2011
CE,0,Icó,230380,2011
CE,0,Icó,230540,2011
CE,0,Icó,230570,2011
CE,0,Icó,230750,2011
CE,0,Icó,230950,2011
CE,0,Icó,231370,2011
CE,0,Iguatu,230030,2011
CE,0,Iguatu,230330,2011
CE,0,Iguatu,230360,2011
CE,0,Iguatu,230426,2011
CE,0,Iguatu,230550,2011
CE,0,Iguatu,230740,2011
CE,0,Iguatu,230850,2011
CE,0,Iguatu,231090,2011
CE,0,Iguatu,231135,2011
CE,0,Iguatu,231190,2011
CE,0,Itapipoca,230075,2011
CE,0,Itapipoca,230640,2011
CE,0,Itapipoca,230837,2011
CE,0,Itapipoca,231350,2011
CE,0,Itapipoca,231355,2011
CE,0,Itapipoca,231380,2011
CE,0,Juazeiro do Norte,230190,2011
CE,0,Juazeiro do Norte,230320,2011
CE,0,Juazeiro do Norte,230480,2011
CE,0,Juazeiro do Norte,230710,2011
CE,0,Juazeiro do Norte,230730,2011
CE,0,Juazeiro do Norte,230840,2011
CE,0,Limoeiro do Norte,230070,2011
CE,0,Limoeiro do Norte,230427,2011
CE,0,Limoeiro do Norte,230600,2011
CE,0,Limoeiro do Norte,230680,2011
CE,0,Limoeiro do Norte,230690,2011
CE,0,Limoeiro do Norte,230760,2011
CE,0,Limoeiro do Norte,231080,2011
CE,0,Limoeiro do Norte,231123,2011
CE,0,Limoeiro do Norte,231150,2011
CE,0,Limoeiro do Norte,231250,2011
CE,0,Limoeiro do Norte,231310,2011
CE,0,Maracanaú,230015,2011
CE,0,Maracanaú,230195,2011
CE,0,Maracanaú,230495,2011
CE,0,Maracanaú,230765,2011
CE,0,Maracanaú,230770,2011
CE,0,Maracanaú,230970,2011
CE,0,Maracanaú,231010,2011
CE,0,Maracanaú,231160,2011
CE,0,Quixadá,230185,2011
CE,0,Quixadá,230393,2011
CE,0,Quixadá,230526,2011
CE,0,Quixadá,230835,2011
CE,0,Quixadá,231050,2011
CE,0,Quixadá,231130,2011
CE,0,Quixadá,231140,2011
CE,0,Quixadá,231270,2011
CE,0,Quixadá,231300,2011
CE,0,Russas,230533,2011
CE,0,Russas,230670,2011
CE,0,Russas,230700,2011
CE,0,Russas,230870,2011
CE,0,Russas,231000,2011
CE,0,Russas,231180,2011
CE,0,Sobral,230050,2011
CE,0,Sobral,230310,2011
CE,0,Sobral,230365,2011
CE,0,Sobral,230400,2011
CE,0,Sobral,230435,2011
CE,0,Sobral,230450,2011
CE,0,Sobral,230465,2011
CE,0,Sobral,230490,2011
CE,0,Sobral,230520,2011
CE,0,Sobral,230580,2011
CE,0,Sobral,230610,2011
CE,0,Sobral,230800,2011
CE,0,Sobral,230820,2011
CE,0,Sobral,230880,2011
CE,0,Sobral,230900,2011
CE,0,Sobral,230990,2011
CE,0,Sobral,231095,2011
CE,0,Sobral,231170,2011
CE,0,Sobral,231220,2011
CE,0,Sobral,231200,2011
CE,0,Sobral,231280,2011
CE,0,Sobral,231290,2011
CE,0,Sobral,231390,2011
CE,0,Sobral,231395,2011
CE,0,Tauá,230040,2011
CE,0,Tauá,230150,2011
CE,0,Tauá,231030,2011
CE,0,Tauá,231330,2011
CE,0,Tianguá,230340,2011
CE,0,Tianguá,230423,2011
CE,0,Tianguá,230500,2011
CE,0,Tianguá,230530,2011
CE,0,Tianguá,231230,2011
CE,0,Tianguá,231340,2011
CE,0,Tianguá,231360,2011
CE,0,Tianguá,231410,2011
DF,0,Distrito Federal,530010,2011
ES,0,SR Cachoeiro do Itapemirim,320020,2011
ES,0,SR Cachoeiro do Itapemirim,320050,2011
ES,0,SR Cachoeiro do Itapemirim,320070,2011
ES,0,SR Cachoeiro do Itapemirim,320110,2011
ES,0,SR Cachoeiro do Itapemirim,320120,2011
ES,0,SR Cachoeiro do Itapemirim,320140,2011
ES,0,SR Cachoeiro do Itapemirim,320180,2011
ES,0,SR Cachoeiro do Itapemirim,320200,2011
ES,0,SR Cachoeiro do Itapemirim,320230,2011
ES,0,SR Cachoeiro do Itapemirim,320245,2011
ES,0,SR Cachoeiro do Itapemirim,320255,2011
ES,0,SR Cachoeiro do Itapemirim,320260,2011
ES,0,SR Cachoeiro do Itapemirim,320265,2011
ES,0,SR Cachoeiro do Itapemirim,320280,2011
ES,0,SR Cachoeiro do Itapemirim,320300,2011
ES,0,SR Cachoeiro do Itapemirim,320310,2011
ES,0,SR Cachoeiro do Itapemirim,320332,2011
ES,0,SR Cachoeiro do Itapemirim,320340,2011
ES,0,SR Cachoeiro do Itapemirim,320370,2011
ES,0,SR Cachoeiro do Itapemirim,320380,2011
ES,0,SR Cachoeiro do Itapemirim,320430,2011
ES,0,SR Cachoeiro do Itapemirim,320440,2011
ES,0,SR Cachoeiro do Itapemirim,320480,2011
ES,0,SR Cachoeiro do Itapemirim,320503,2011
ES,0,SR Colatina,320016,2011
ES,0,SR Colatina,320013,2011
ES,0,SR Colatina,320035,2011
ES,0,SR Colatina,320060,2011
ES,0,SR Colatina,320080,2011
ES,0,SR Colatina,320090,2011
ES,0,SR Colatina,320150,2011
ES,0,SR Colatina,320210,2011
ES,0,SR Colatina,320225,2011
ES,0,SR Colatina,320250,2011
ES,0,SR Colatina,320313,2011
ES,0,SR Colatina,320320,2011
ES,0,SR Colatina,320330,2011
ES,0,SR Colatina,320335,2011
ES,0,SR Colatina,320390,2011
ES,0,SR Colatina,320400,2011
ES,0,SR Colatina,320435,2011
ES,0,SR Colatina,320465,2011
ES,0,SR Colatina,320470,2011
ES,0,SR Colatina,320495,2011
ES,0,SR Colatina,320501,2011
ES,0,SR Colatina,320515,2011
ES,0,SR Colatina,320517,2011
ES,0,SR São Mateus,320100,2011
ES,0,SR São Mateus,320160,2011
ES,0,SR São Mateus,320305,2011
ES,0,SR São Mateus,320350,2011
ES,0,SR São Mateus,320360,2011
ES,0,SR São Mateus,320405,2011
ES,0,SR São Mateus,320410,2011
ES,0,SR São Mateus,320425,2011
ES,0,SR São Mateus,320490,2011
ES,0,SR Vitória,320010,2011
ES,0,SR Vitória,320030,2011
ES,0,SR Vitória,320040,2011
ES,0,SR Vitória,320115,2011
ES,0,SR Vitória,320130,2011
ES,0,SR Vitória,320170,2011
ES,0,SR Vitória,320190,2011
ES,0,SR Vitória,320220,2011
ES,0,SR Vitória,320240,2011
ES,0,SR Vitória,320270,2011
ES,0,SR Vitória,320290,2011
ES,0,SR Vitória,320316,2011
ES,0,SR Vitória,320334,2011
ES,0,SR Vitória,320420,2011
ES,0,SR Vitória,320450,2011
ES,0,SR Vitória,320455,2011
ES,0,SR Vitória,320460,2011
ES,0,SR Vitória,320500,2011
ES,0,SR Vitória,320506,2011
ES,0,SR Vitória,320510,2011
ES,0,SR Vitória,320520,2011
ES,0,SR Vitória,320530,2011
GO,0,Central,520005,2011
GO,0,Central,520130,2011
GO,0,Central,520160,2011
GO,0,Central,520280,2011
GO,0,Central,520360,2011
GO,0,Central,520460,2011
GO,0,Central,520520,2011
GO,0,Central,520680,2011
GO,0,Central,520870,2011
GO,0,Central,520880,2011
GO,0,Central,520920,2011
GO,0,Central,521000,2011
GO,0,Central,521140,2011
GO,0,Central,521205,2011
GO,0,Central,521440,2011
GO,0,Central,521450,2011
GO,0,Central,521500,2011
GO,0,Central,521540,2011
GO,0,Central,521680,2011
GO,0,Central,521910,2011
GO,0,Central,521950,2011
GO,0,Central,521973,2011
GO,0,Central,521990,2011
GO,0,Central,522100,2011
GO,0,Central,522140,2011
GO,0,Centro Sul,520140,2011
GO,0,Centro Sul,520180,2011
GO,0,Centro Sul,520330,2011
GO,0,Centro Sul,520355,2011
GO,0,Centro Sul,520455,2011
GO,0,Centro Sul,520545,2011
GO,0,Centro Sul,520630,2011
GO,0,Centro Sul,520650,2011
GO,0,Centro Sul,520735,2011
GO,0,Centro Sul,520740,2011
GO,0,Centro Sul,520970,2011
GO,0,Centro Sul,520995,2011
GO,0,Centro Sul,521170,2011
GO,0,Centro Sul,521230,2011
GO,0,Centro Sul,521260,2011
GO,0,Centro Sul,521530,2011
GO,0,Centro Sul,521710,2011
GO,0,Centro Sul,521770,2011
GO,0,Centro Sul,521839,2011
GO,0,Centro Sul,522026,2011
GO,0,Centro Sul,522045,2011
GO,0,Centro Sul,522060,2011
GO,0,Centro Sul,522190,2011
GO,0,Centro Sul,522200,2011
GO,0,Centro Sul,522205,2011
GO,0,Entorno Norte,520017,2011
GO,0,Entorno Norte,520080,2011
GO,0,Entorno Norte,520396,2011
GO,0,Entorno Norte,520400,2011
GO,0,Entorno Norte,520670,2011
GO,0,Entorno Norte,520790,2011
GO,0,Entorno Norte,520800,2011
GO,0,Entorno Norte,520940,2011
GO,0,Entorno Norte,520990,2011
GO,0,Entorno Norte,521270,2011
GO,0,Entorno Norte,521490,2011
GO,0,Entorno Norte,521760,2011
GO,0,Entorno Norte,521830,2011
GO,0,Entorno Norte,522000,2011
GO,0,Entorno Norte,522068,2011
GO,0,Entorno Norte,522070,2011
GO,0,Entorno Norte,522220,2011
GO,0,Entorno Sul,520025,2011
GO,0,Entorno Sul,520549,2011
GO,0,Entorno Sul,520620,2011
GO,0,Entorno Sul,521250,2011
GO,0,Entorno Sul,521523,2011
GO,0,Entorno Sul,521975,2011
GO,0,Entorno Sul,522185,2011
GO,0,Estrada de Ferro,520120,2011
GO,0,Estrada de Ferro,520450,2011
GO,0,Estrada de Ferro,520480,2011
GO,0,Estrada de Ferro,520510,2011
GO,0,Estrada de Ferro,520590,2011
GO,0,Estrada de Ferro,520660,2011
GO,0,Estrada de Ferro,520690,2011
GO,0,Estrada de Ferro,520850,2011
GO,0,Estrada de Ferro,521010,2011
GO,0,Estrada de Ferro,521290,2011
GO,0,Estrada de Ferro,521480,2011
GO,0,Estrada de Ferro,521550,2011
GO,0,Estrada de Ferro,521580,2011
GO,0,Estrada de Ferro,521740,2011
GO,0,Estrada de Ferro,521878,2011
GO,0,Estrada de Ferro,521920,2011
GO,0,Estrada de Ferro,522130,2011
GO,0,Estrada de Ferro,522180,2011
GO,0,Nordeste,520060,2011
GO,0,Nordeste,520490,2011
GO,0,Nordeste,520530,2011
GO,0,Nordeste,520830,2011
GO,0,Nordeste,521350,2011
GO,0,Nordeste,521980,2011
GO,0,Nordeste,522108,2011
GO,0,Norte,520357,2011
GO,0,Norte,520465,2011
GO,0,Norte,520750,2011
GO,0,Norte,520810,2011
GO,0,Norte,521308,2011
GO,0,Norte,521377,2011
GO,0,Norte,521405,2011
GO,0,Norte,521410,2011
GO,0,Norte,521525,2011
GO,0,Norte,521800,2011
GO,0,Norte,521960,2011
GO,0,Norte,522020,2011
GO,0,Norte,522145,2011
GO,0,Oeste I,520090,2011
GO,0,Oeste I,520170,2011
GO,0,Oeste I,520235,2011
GO,0,Oeste I,520310,2011
GO,0,Oeste I,520340,2011
GO,0,Oeste I,520710,2011
GO,0,Oeste I,520760,2011
GO,0,Oeste I,521020,2011
GO,0,Oeste I,521030,2011
GO,0,Oeste I,521160,2011
GO,0,Oeste I,521200,2011
GO,0,Oeste I,521340,2011
GO,0,Oeste I,521370,2011
GO,0,Oeste I,521520,2011
GO,0,Oeste I,521565,2011
GO,0,Oeste I,521720,2011
GO,0,Oeste II,520015,2011
GO,0,Oeste II,520260,2011
GO,0,Oeste II,520393,2011
GO,0,Oeste II,520420,2011
GO,0,Oeste II,520570,2011
GO,0,Oeste II,520780,2011
GO,0,Oeste II,521570,2011
GO,0,Oeste II,521590,2011
GO,0,Oeste II,521640,2011
GO,0,Oeste II,521900,2011
GO,0,Oeste II,522005,2011
GO,0,Oeste II,522010,2011
GO,0,Oeste II,522150,2011
GO,0,Pirineus,520010,2011
GO,0,Pirineus,520030,2011
GO,0,Pirineus,520110,2011
GO,0,Pirineus,520485,2011
GO,0,Pirineus,520551,2011
GO,0,Pirineus,520580,2011
GO,0,Pirineus,520815,2011
GO,0,Pirineus,520840,2011
GO,0,Pirineus,521305,2011
GO,0,Pirineus,521560,2011
GO,0,Pirineus,521730,2011
GO,0,Pirineus,522119,2011
GO,0,Rio Vermelho,520085,2011
GO,0,Rio Vermelho,520215,2011
GO,0,Rio Vermelho,520250,2011
GO,0,Rio Vermelho,520380,2011
GO,0,Rio Vermelho,520753,2011
GO,0,Rio Vermelho,520890,2011
GO,0,Rio Vermelho,520929,2011
GO,0,Rio Vermelho,520960,2011
GO,0,Rio Vermelho,521040,2011
GO,0,Rio Vermelho,521056,2011
GO,0,Rio Vermelho,521100,2011
GO,0,Rio Vermelho,521120,2011
GO,0,Rio Vermelho,521220,2011
GO,0,Rio Vermelho,521295,2011
GO,0,Rio Vermelho,521390,2011
GO,0,Rio Vermelho,521400,2011
GO,0,Rio Vermelho,521483,2011
GO,0,Rio Vermelho,521925,2011
GO,0,São Patrício,520320,2011
GO,0,São Patrício,520495,2011
GO,0,São Patrício,520500,2011
GO,0,São Patrício,520540,2011
GO,0,São Patrício,520640,2011
GO,0,São Patrício,520860,2011
GO,0,São Patrício,520945,2011
GO,0,São Patrício,521015,2011
GO,0,São Patrício,521060,2011
GO,0,São Patrício,521090,2011
GO,0,São Patrício,521180,2011
GO,0,São Patrício,521385,2011
GO,0,São Patrício,521470,2011
GO,0,São Patrício,521486,2011
GO,0,São Patrício,521690,2011
GO,0,São Patrício,521860,2011
GO,0,São Patrício,521870,2011
GO,0,São Patrício,521890,2011
GO,0,São Patrício,521935,2011
GO,0,São Patrício,521945,2011
GO,0,São Patrício,521970,2011
GO,0,São Patrício,522015,2011
GO,0,São Patrício,522028,2011
GO,0,São Patrício,522157,2011
GO,0,São Patrício,522170,2011
GO,0,São Patrício,522230,2011
GO,0,Serra da Mesa,520055,2011
GO,0,Serra da Mesa,520082,2011
GO,0,Serra da Mesa,520470,2011
GO,0,Serra da Mesa,520552,2011
GO,0,Serra da Mesa,520980,2011
GO,0,Serra da Mesa,521280,2011
GO,0,Serra da Mesa,521460,2011
GO,0,Serra da Mesa,521487,2011
GO,0,Serra da Mesa,522160,2011
GO,0,Sudoeste I,520013,2011
GO,0,Sudoeste I,520145,2011
GO,0,Sudoeste I,520410,2011
GO,0,Sudoeste I,520430,2011
GO,0,Sudoeste I,520505,2011
GO,0,Sudoeste I,521080,2011
GO,0,Sudoeste I,521130,2011
GO,0,Sudoeste I,521225,2011
GO,0,Sudoeste I,521300,2011
GO,0,Sudoeste I,521375,2011
GO,0,Sudoeste I,521630,2011
GO,0,Sudoeste I,521850,2011
GO,0,Sudoeste I,521880,2011
GO,0,Sudoeste I,521930,2011
GO,0,Sudoeste I,521971,2011
GO,0,Sudoeste I,522040,2011
GO,0,Sudoeste I,522155,2011
GO,0,Sudoeste II,520150,2011
GO,0,Sudoeste II,520440,2011
GO,0,Sudoeste II,520547,2011
GO,0,Sudoeste II,520725,2011
GO,0,Sudoeste II,521190,2011
GO,0,Sudoeste II,521310,2011
GO,0,Sudoeste II,521645,2011
GO,0,Sudoeste II,521810,2011
GO,0,Sudoeste II,521940,2011
GO,0,Sudoeste II,522050,2011
GO,0,Sul,520020,2011
GO,0,Sul,520050,2011
GO,0,Sul,520350,2011
GO,0,Sul,520390,2011
GO,0,Sul,520425,2011
GO,0,Sul,520910,2011
GO,0,Sul,520915,2011
GO,0,Sul,520993,2011
GO,0,Sul,521150,2011
GO,0,Sul,521210,2011
GO,0,Sul,521380,2011
GO,0,Sul,521600,2011
GO,0,Sul,521805,2011
MA,0,Alpercatas,210230,2011
MA,0,Alpercatas,210350,2011
MA,0,Alpercatas,210420,2011
MA,0,Alpercatas,210545,2011
MA,0,Alpercatas,210670,2011
MA,0,Alpercatas,211190,2011
MA,0,Alto Munim,210010,2011
MA,0,Alto Munim,210080,2011
MA,0,Alto Munim,210173,2011
MA,0,Alto Munim,210220,2011
MA,0,Alto Munim,210320,2011
MA,0,Alto Munim,210640,2011
MA,0,Alto Munim,211040,2011
MA,0,Alto Munim,211260,2011
MA,0,Alto Turi,210087,2011
MA,0,Alto Turi,210465,2011
MA,0,Alto Turi,210735,2011
MA,0,Alto Turi,210923,2011
MA,0,Alto Turi,211003,2011
MA,0,Alto Turi,211400,2011
MA,0,Baixada Maranhense,210135,2011
MA,0,Baixada Maranhense,210240,2011
MA,0,Baixada Maranhense,210760,2011
MA,0,Baixada Maranhense,211050,2011
MA,0,Baixada Maranhense,211100,2011
MA,0,Baixada Maranhense,211170,2011
MA,0,Baixo Balsas,210180,2011
MA,0,Baixo Balsas,210610,2011
MA,0,Baixo Balsas,210970,2011
MA,0,Baixo Balsas,211065,2011
MA,0,Baixo Balsas,211080,2011
MA,0,Baixo Balsas,211160,2011
MA,0,Baixo Itapecuru,210070,2011
MA,0,Baixo Itapecuru,210540,2011
MA,0,Baixo Itapecuru,210720,2011
MA,0,Baixo Itapecuru,210930,2011
MA,0,Baixo Itapecuru,211020,2011
MA,0,Baixo Itapecuru,211270,2011
MA,0,Baixo Munim,210110,2011
MA,0,Baixo Munim,210125,2011
MA,0,Baixo Munim,210237,2011
MA,0,Baixo Munim,210510,2011
MA,0,Baixo Munim,210710,2011
MA,0,Baixo Munim,210920,2011
MA,0,Baixo Munim,210960,2011
MA,0,Baixo Turi,210197,2011
MA,0,Baixo Turi,210315,2011
MA,0,Baixo Turi,210317,2011
MA,0,Baixo Turi,210467,2011
MA,0,Baixo Turi,210565,2011
MA,0,Baixo Turi,210632,2011
MA,0,Baixo Turi,210637,2011
MA,0,Carajás,210005,2011
MA,0,Carajás,210203,2011
MA,0,Carajás,210232,2011
MA,0,Carajás,210325,2011
MA,0,Carajás,210542,2011
MA,0,Carajás,211085,2011
MA,0,Carajás,211153,2011
MA,0,Carajás,211285,2011
MA,0,Chapada das Mesas,210255,2011
MA,0,Chapada das Mesas,210280,2011
MA,0,Chapada das Mesas,210405,2011
MA,0,Chapada das Mesas,210407,2011
MA,0,Chapada das Mesas,210598,2011
MA,0,Chapada das Mesas,210900,2011
MA,0,Chapada das Mesas,211105,2011
MA,0,Chapada das Mesas,211157,2011
MA,0,Cocais,210043,2011
MA,0,Cocais,210330,2011
MA,0,Cocais,210360,2011
MA,0,Cocais,210845,2011
MA,0,Cocais,211210,2011
MA,0,Delta do Parnaíba,210015,2011
MA,0,Delta do Parnaíba,210090,2011
MA,0,Delta do Parnaíba,210210,2011
MA,0,Delta do Parnaíba,210630,2011
MA,0,Delta do Parnaíba,210667,2011
MA,0,Delta do Parnaíba,211010,2011
MA,0,Delta do Parnaíba,211023,2011
MA,0,Delta do Parnaíba,211060,2011
MA,0,Eixos Rodo-Ferroviários,210100,2011
MA,0,Eixos Rodo-Ferroviários,210270,2011
MA,0,Eixos Rodo-Ferroviários,210663,2011
MA,0,Eixos Rodo-Ferroviários,210675,2011
MA,0,Eixos Rodo-Ferroviários,210880,2011
MA,0,Eixos Rodo-Ferroviários,211150,2011
MA,0,Eixos Rodo-Ferroviários,211290,2011
MA,0,Flores,210275,2011
MA,0,Flores,210380,2011
MA,0,Flores,210440,2011
MA,0,Flores,210450,2011
MA,0,Flores,210560,2011
MA,0,Flores,211030,2011
MA,0,Flores,211125,2011
MA,0,Gerais de Balsas,210050,2011
MA,0,Gerais de Balsas,210140,2011
MA,0,Gerais de Balsas,210410,2011
MA,0,Gerais de Balsas,210725,2011
MA,0,Gerais de Balsas,210950,2011
MA,0,Gerais de Balsas,211200,2011
MA,0,Guajajaras,210160,2011
MA,0,Guajajaras,210408,2011
MA,0,Guajajaras,210547,2011
MA,0,Gurupi,210055,2011
MA,0,Gurupi,210260,2011
MA,0,Gurupi,210290,2011
MA,0,Gurupi,210430,2011
MA,0,Gurupi,210620,2011
MA,0,Ilha do Maranhão,210750,2011
MA,0,Ilha do Maranhão,210945,2011
MA,0,Ilha do Maranhão,211120,2011
MA,0,Ilha do Maranhão,211130,2011
MA,0,Imigrantes,210570,2011
MA,0,Imigrantes,210580,2011
MA,0,Imigrantes,210594,2011
MA,0,Imigrantes,210596,2011
MA,0,Imigrantes,210635,2011
MA,0,Imigrantes,210810,2011
MA,0,Lagos,210250,2011
MA,0,Lagos,210650,2011
MA,0,Lagos,210745,2011
MA,0,Lagos,210830,2011
MA,0,Lagos,211280,2011
MA,0,Lençóis Maranhenses,210170,2011
MA,0,Lençóis Maranhenses,210500,2011
MA,0,Lençóis Maranhenses,210805,2011
MA,0,Lençóis Maranhenses,210940,2011
MA,0,Lençóis Maranhenses,211027,2011
MA,0,Lençóis Maranhenses,211250,2011
MA,0,Litoral Ocidental,210083,2011
MA,0,Litoral Ocidental,210130,2011
MA,0,Litoral Ocidental,210310,2011
MA,0,Litoral Ocidental,210312,2011
MA,0,Litoral Ocidental,210370,2011
MA,0,Litoral Ocidental,210490,2011
MA,0,Litoral Ocidental,210680,2011
MA,0,Litoral Ocidental,210905,2011
MA,0,Litoral Ocidental,211178,2011
MA,0,Mearim,210040,2011
MA,0,Mearim,210120,2011
MA,0,Mearim,210207,2011
MA,0,Mearim,210215,2011
MA,0,Mearim,210355,2011
MA,0,Mearim,210590,2011
MA,0,Mearim,210740,2011
MA,0,Mearim,211140,2011
MA,0,Mearim,211300,2011
MA,0,Médio Mearim,210193,2011
MA,0,Médio Mearim,210400,2011
MA,0,Médio Mearim,210520,2011
MA,0,Médio Mearim,210600,2011
MA,0,Médio Mearim,210820,2011
MA,0,Médio Mearim,210890,2011
MA,0,Médio Mearim,211163,2011
MA,0,Médio Mearim,211167,2011
MA,0,Médio Mearim,211223,2011
MA,0,Médio Parnaíba,210660,2011
MA,0,Médio Parnaíba,210780,2011
MA,0,Médio Parnaíba,211220,2011
MA,0,Pericumã,210020,2011
MA,0,Pericumã,210190,2011
MA,0,Pericumã,210825,2011
MA,0,Pericumã,210840,2011
MA,0,Pericumã,210860,2011
MA,0,Pericumã,210927,2011
MA,0,Pericumã,210980,2011
MA,0,Pericumã,211240,2011
MA,0,Pericumã,211245,2011
MA,0,Pindaré,210047,2011
MA,0,Pindaré,210177,2011
MA,0,Pindaré,210200,2011
MA,0,Pindaré,210515,2011
MA,0,Pindaré,210690,2011
MA,0,Pindaré,210850,2011
MA,0,Pindaré,210870,2011
MA,0,Pindaré,210990,2011
MA,0,Pindaré,211000,2011
MA,0,Pindaré,211102,2011
MA,0,Pindaré,211172,2011
MA,0,Pindaré,211227,2011
MA,0,Pré-Amazônia,210460,2011
MA,0,Pré-Amazônia,210462,2011
MA,0,Pré-Amazônia,210470,2011
MA,0,Pré-Amazônia,210910,2011
MA,0,Pré-Amazônia,210975,2011
MA,0,Pré-Amazônia,211070,2011
MA,0,Pré-Amazônia,211174,2011
MA,0,Pré-Amazônia,211230,2011
MA,0,Serras,210095,2011
MA,0,Serras,210409,2011
MA,0,Serras,210480,2011
MA,0,Serras,210535,2011
MA,0,Serras,211180,2011
MA,0,Sertão Maranhense,210150,2011
MA,0,Sertão Maranhense,210592,2011
MA,0,Sertão Maranhense,210730,2011
MA,0,Sertão Maranhense,210770,2011
MA,0,Sertão Maranhense,210790,2011
MA,0,Sertão Maranhense,210800,2011
MA,0,Sertão Maranhense,211090,2011
MA,0,Sertão Maranhense,211110,2011
MA,0,Sertão Maranhense,211195,2011
MA,0,Timbiras,210030,2011
MA,0,Timbiras,210300,2011
MA,0,Timbiras,210340,2011
MA,0,Timbiras,210390,2011
MA,0,Timbiras,211107,2011
MA,0,Tocantins,210060,2011
MA,0,Tocantins,210235,2011
MA,0,Tocantins,210375,2011
MA,0,Tocantins,210455,2011
MA,0,Tocantins,210530,2011
MA,0,Tocantins,210550,2011
MA,0,Tocantins,210700,2011
MA,0,Tocantins,210955,2011
MA,0,Tocantins,211176,2011
MG,0,Alfenas,310160,2011
MG,0,Alfenas,310200,2011
MG,0,Alfenas,310410,2011
MG,0,Alfenas,310430,2011
MG,0,Alfenas,310530,2011
MG,0,Alfenas,310840,2011
MG,0,Alfenas,310950,2011
MG,0,Alfenas,311100,2011
MG,0,Alfenas,311130,2011
MG,0,Alfenas,311160,2011
MG,0,Alfenas,311440,2011
MG,0,Alfenas,311470,2011
MG,0,Alfenas,311710,2011
MG,0,Alfenas,312240,2011
MG,0,Alfenas,312520,2011
MG,0,Alfenas,312830,2011
MG,0,Alfenas,312870,2011
MG,0,Alfenas,313690,2011
MG,0,Alfenas,313900,2011
MG,0,Alfenas,314300,2011
MG,0,Alfenas,314410,2011
MG,0,Alfenas,314510,2011
MG,0,Alfenas,314720,2011
MG,0,Alfenas,315170,2011
MG,0,Alfenas,316390,2011
MG,0,Alfenas,316690,2011
MG,0,Barbacena,310163,2011
MG,0,Barbacena,310210,2011
MG,0,Barbacena,310290,2011
MG,0,Barbacena,310560,2011
MG,0,Barbacena,311220,2011
MG,0,Barbacena,311310,2011
MG,0,Barbacena,311320,2011
MG,0,Barbacena,311490,2011
MG,0,Barbacena,311540,2011
MG,0,Barbacena,311630,2011
MG,0,Barbacena,311800,2011
MG,0,Barbacena,311830,2011
MG,0,Barbacena,312040,2011
MG,0,Barbacena,312150,2011
MG,0,Barbacena,312940,2011
MG,0,Barbacena,313390,2011
MG,0,Barbacena,313540,2011
MG,0,Barbacena,313790,2011
MG,0,Barbacena,314590,2011
MG,0,Barbacena,314660,2011
MG,0,Barbacena,315080,2011
MG,0,Barbacena,315380,2011
MG,0,Barbacena,315440,2011
MG,0,Barbacena,315520,2011
MG,0,Barbacena,315730,2011
MG,0,Barbacena,315940,2011
MG,0,Barbacena,315870,2011
MG,0,Barbacena,315910,2011
MG,0,Barbacena,316090,2011
MG,0,Barbacena,316600,2011
MG,0,Barbacena,316620,2011
MG,0,Belo Horizonte,310620,2011
MG,0,Belo Horizonte,310640,2011
MG,0,Belo Horizonte,310670,2011
MG,0,Belo Horizonte,310810,2011
MG,0,Belo Horizonte,310900,2011
MG,0,Belo Horizonte,311000,2011
MG,0,Belo Horizonte,311787,2011
MG,0,Belo Horizonte,311860,2011
MG,0,Belo Horizonte,312060,2011
MG,0,Belo Horizonte,312410,2011
MG,0,Belo Horizonte,312600,2011
MG,0,Belo Horizonte,312980,2011
MG,0,Belo Horizonte,313010,2011
MG,0,Belo Horizonte,313190,2011
MG,0,Belo Horizonte,313460,2011
MG,0,Belo Horizonte,313665,2011
MG,0,Belo Horizonte,313760,2011
MG,0,Belo Horizonte,314000,2011
MG,0,Belo Horizonte,314015,2011
MG,0,Belo Horizonte,314070,2011
MG,0,Belo Horizonte,314110,2011
MG,0,Belo Horizonte,314230,2011
MG,0,Belo Horizonte,314480,2011
MG,0,Belo Horizonte,313660,2011
MG,0,Belo Horizonte,314610,2011
MG,0,Belo Horizonte,314930,2011
MG,0,Belo Horizonte,315040,2011
MG,0,Belo Horizonte,315390,2011
MG,0,Belo Horizonte,315460,2011
MG,0,Belo Horizonte,315480,2011
MG,0,Belo Horizonte,315530,2011
MG,0,Belo Horizonte,315670,2011
MG,0,Belo Horizonte,315780,2011
MG,0,Belo Horizonte,315900,2011
MG,0,Belo Horizonte,316292,2011
MG,0,Belo Horizonte,316295,2011
MG,0,Belo Horizonte,316553,2011
MG,0,Belo Horizonte,316830,2011
MG,0,Belo Horizonte,317120,2011
MG,0,Coronel Fabriciano,310050,2011
MG,0,Coronel Fabriciano,310300,2011
MG,0,Coronel Fabriciano,310630,2011
MG,0,Coronel Fabriciano,310780,2011
MG,0,Coronel Fabriciano,310880,2011
MG,0,Coronel Fabriciano,310925,2011
MG,0,Coronel Fabriciano,311340,2011
MG,0,Coronel Fabriciano,311940,2011
MG,0,Coronel Fabriciano,312000,2011
MG,0,Coronel Fabriciano,312180,2011
MG,0,Coronel Fabriciano,312250,2011
MG,0,Coronel Fabriciano,312385,2011
MG,0,Coronel Fabriciano,312930,2011
MG,0,Coronel Fabriciano,313055,2011
MG,0,Coronel Fabriciano,313090,2011
MG,0,Coronel Fabriciano,313115,2011
MG,0,Coronel Fabriciano,313130,2011
MG,0,Coronel Fabriciano,313500,2011
MG,0,Coronel Fabriciano,313610,2011
MG,0,Coronel Fabriciano,314030,2011
MG,0,Coronel Fabriciano,314170,2011
MG,0,Coronel Fabriciano,314435,2011
MG,0,Coronel Fabriciano,314995,2011
MG,0,Coronel Fabriciano,315015,2011
MG,0,Coronel Fabriciano,315053,2011
MG,0,Coronel Fabriciano,315725,2011
MG,0,Coronel Fabriciano,315935,2011
MG,0,Coronel Fabriciano,315895,2011
MG,0,Coronel Fabriciano,316095,2011
MG,0,Coronel Fabriciano,316260,2011
MG,0,Coronel Fabriciano,316447,2011
MG,0,Coronel Fabriciano,316870,2011
MG,0,Coronel Fabriciano,317005,2011
MG,0,Coronel Fabriciano,317057,2011
MG,0,Coronel Fabriciano,317115,2011
MG,0,Diamantina,310240,2011
MG,0,Diamantina,310340,2011
MG,0,Diamantina,310445,2011
MG,0,Diamantina,310650,2011
MG,0,Diamantina,311230,2011
MG,0,Diamantina,311350,2011
MG,0,Diamantina,311610,2011
MG,0,Diamantina,311680,2011
MG,0,Diamantina,311750,2011
MG,0,Diamantina,311810,2011
MG,0,Diamantina,311950,2011
MG,0,Diamantina,312010,2011
MG,0,Diamantina,312100,2011
MG,0,Diamantina,312160,2011
MG,0,Diamantina,312540,2011
MG,0,Diamantina,312650,2011
MG,0,Diamantina,312760,2011
MG,0,Diamantina,313250,2011
MG,0,Diamantina,313545,2011
MG,0,Diamantina,313652,2011
MG,0,Diamantina,313835,2011
MG,0,Diamantina,314060,2011
MG,0,Diamantina,314180,2011
MG,0,Diamantina,315330,2011
MG,0,Diamantina,315600,2011
MG,0,Diamantina,315680,2011
MG,0,Diamantina,316020,2011
MG,0,Diamantina,312550,2011
MG,0,Diamantina,316590,2011
MG,0,Diamantina,316650,2011
MG,0,Diamantina,316710,2011
MG,0,Diamantina,316970,2011
MG,0,Diamantina,317107,2011
MG,0,Diamantina,317160,2011
MG,0,Divinópolis,310080,2011
MG,0,Divinópolis,310390,2011
MG,0,Divinópolis,310420,2011
MG,0,Divinópolis,310510,2011
MG,0,Divinópolis,310740,2011
MG,0,Divinópolis,310800,2011
MG,0,Divinópolis,311040,2011
MG,0,Divinópolis,311120,2011
MG,0,Divinópolis,311190,2011
MG,0,Divinópolis,311200,2011
MG,0,Divinópolis,311400,2011
MG,0,Divinópolis,311420,2011
MG,0,Divinópolis,311450,2011
MG,0,Divinópolis,311660,2011
MG,0,Divinópolis,311760,2011
MG,0,Divinópolis,311980,2011
MG,0,Divinópolis,311995,2011
MG,0,Divinópolis,312020,2011
MG,0,Divinópolis,312230,2011
MG,0,Divinópolis,312320,2011
MG,0,Divinópolis,312470,2011
MG,0,Divinópolis,312610,2011
MG,0,Divinópolis,313020,2011
MG,0,Divinópolis,313030,2011
MG,0,Divinópolis,313220,2011
MG,0,Divinópolis,313350,2011
MG,0,Divinópolis,313370,2011
MG,0,Divinópolis,313380,2011
MG,0,Divinópolis,313530,2011
MG,0,Divinópolis,313720,2011
MG,0,Divinópolis,313830,2011
MG,0,Divinópolis,313880,2011
MG,0,Divinópolis,314050,2011
MG,0,Divinópolis,314130,2011
MG,0,Divinópolis,314240,2011
MG,0,Divinópolis,314520,2011
MG,0,Divinópolis,314560,2011
MG,0,Divinópolis,314580,2011
MG,0,Divinópolis,314650,2011
MG,0,Divinópolis,314710,2011
MG,0,Divinópolis,314770,2011
MG,0,Divinópolis,314890,2011
MG,0,Divinópolis,314970,2011
MG,0,Divinópolis,315050,2011
MG,0,Divinópolis,315060,2011
MG,0,Divinópolis,315140,2011
MG,0,Divinópolis,315880,2011
MG,0,Divinópolis,315990,2011
MG,0,Divinópolis,316040,2011
MG,0,Divinópolis,316120,2011
MG,0,Divinópolis,316180,2011
MG,0,Divinópolis,316310,2011
MG,0,Divinópolis,316460,2011
MG,0,Divinópolis,316660,2011
MG,0,Divinópolis,316820,2011
MG,0,Governador Valadares,310060,2011
MG,0,Governador Valadares,310110,2011
MG,0,Governador Valadares,310180,2011
MG,0,Governador Valadares,310220,2011
MG,0,Governador Valadares,311205,2011
MG,0,Governador Valadares,311265,2011
MG,0,Governador Valadares,311570,2011
MG,0,Governador Valadares,311840,2011
MG,0,Governador Valadares,311920,2011
MG,0,Governador Valadares,312083,2011
MG,0,Governador Valadares,312210,2011
MG,0,Governador Valadares,312220,2011
MG,0,Governador Valadares,312370,2011
MG,0,Governador Valadares,312580,2011
MG,0,Governador Valadares,312690,2011
MG,0,Governador Valadares,312695,2011
MG,0,Governador Valadares,312730,2011
MG,0,Governador Valadares,312737,2011
MG,0,Governador Valadares,312750,2011
MG,0,Governador Valadares,312770,2011
MG,0,Governador Valadares,313180,2011
MG,0,Governador Valadares,313320,2011
MG,0,Governador Valadares,313410,2011
MG,0,Governador Valadares,313507,2011
MG,0,Governador Valadares,313655,2011
MG,0,Governador Valadares,313960,2011
MG,0,Governador Valadares,314010,2011
MG,0,Governador Valadares,317150,2011
MG,0,Governador Valadares,314150,2011
MG,0,Governador Valadares,314420,2011
MG,0,Governador Valadares,314467,2011
MG,0,Governador Valadares,314840,2011
MG,0,Governador Valadares,314860,2011
MG,0,Governador Valadares,315430,2011
MG,0,Governador Valadares,315750,2011
MG,0,Governador Valadares,315820,2011
MG,0,Governador Valadares,315950,2011
MG,0,Governador Valadares,316105,2011
MG,0,Governador Valadares,316160,2011
MG,0,Governador Valadares,316165,2011
MG,0,Governador Valadares,316257,2011
MG,0,Governador Valadares,316280,2011
MG,0,Governador Valadares,316300,2011
MG,0,Governador Valadares,316350,2011
MG,0,Governador Valadares,316410,2011
MG,0,Governador Valadares,316450,2011
MG,0,Governador Valadares,316550,2011
MG,0,Governador Valadares,316770,2011
MG,0,Governador Valadares,316840,2011
MG,0,Governador Valadares,316950,2011
MG,0,Governador Valadares,317190,2011
MG,0,Itabira,310540,2011
MG,0,Itabira,310600,2011
MG,0,Itabira,310770,2011
MG,0,Itabira,311380,2011
MG,0,Itabira,311535,2011
MG,0,Itabira,312260,2011
MG,0,Itabira,312310,2011
MG,0,Itabira,312590,2011
MG,0,Itabira,312800,2011
MG,0,Itabira,313170,2011
MG,0,Itabira,313280,2011
MG,0,Itabira,313620,2011
MG,0,Itabira,314370,2011
MG,0,Itabira,314470,2011
MG,0,Itabira,314750,2011
MG,0,Itabira,315570,2011
MG,0,Itabira,315720,2011
MG,0,Itabira,315800,2011
MG,0,Itabira,316050,2011
MG,0,Itabira,316100,2011
MG,0,Itabira,316190,2011
MG,0,Itabira,316480,2011
MG,0,Itabira,316610,2011
MG,0,Itabira,317180,2011
MG,0,Ituiutaba,310980,2011
MG,0,Ituiutaba,311110,2011
MG,0,Ituiutaba,311180,2011
MG,0,Ituiutaba,311260,2011
MG,0,Ituiutaba,311580,2011
MG,0,Ituiutaba,312910,2011
MG,0,Ituiutaba,313140,2011
MG,0,Ituiutaba,313420,2011
MG,0,Ituiutaba,315980,2011
MG,0,Januária,310825,2011
MG,0,Januária,310860,2011
MG,0,Januária,311115,2011
MG,0,Januária,311783,2011
MG,0,Januária,312965,2011
MG,0,Januária,313005,2011
MG,0,Januária,313210,2011
MG,0,Januária,313520,2011
MG,0,Januária,313535,2011
MG,0,Januária,313695,2011
MG,0,Januária,313865,2011
MG,0,Januária,313868,2011
MG,0,Januária,313930,2011
MG,0,Januária,314200,2011
MG,0,Januária,314225,2011
MG,0,Januária,314270,2011
MG,0,Januária,314795,2011
MG,0,Januária,314915,2011
MG,0,Januária,315057,2011
MG,0,Januária,316110,2011
MG,0,Januária,316240,2011
MG,0,Januária,316245,2011
MG,0,Januária,316420,2011
MG,0,Januária,317000,2011
MG,0,Januária,317052,2011
MG,0,Januária,317090,2011
MG,0,Juiz de Fora,310280,2011
MG,0,Juiz de Fora,310330,2011
MG,0,Juiz de Fora,310360,2011
MG,0,Juiz de Fora,310610,2011
MG,0,Juiz de Fora,310680,2011
MG,0,Juiz de Fora,310690,2011
MG,0,Juiz de Fora,310720,2011
MG,0,Juiz de Fora,310750,2011
MG,0,Juiz de Fora,311590,2011
MG,0,Juiz de Fora,311620,2011
MG,0,Juiz de Fora,311960,2011
MG,0,Juiz de Fora,312130,2011
MG,0,Juiz de Fora,312500,2011
MG,0,Juiz de Fora,312738,2011
MG,0,Juiz de Fora,312850,2011
MG,0,Juiz de Fora,313670,2011
MG,0,Juiz de Fora,313850,2011
MG,0,Juiz de Fora,313860,2011
MG,0,Juiz de Fora,313980,2011
MG,0,Juiz de Fora,314020,2011
MG,0,Juiz de Fora,314080,2011
MG,0,Juiz de Fora,314540,2011
MG,0,Juiz de Fora,314570,2011
MG,0,Juiz de Fora,314780,2011
MG,0,Juiz de Fora,314940,2011
MG,0,Juiz de Fora,314950,2011
MG,0,Juiz de Fora,315010,2011
MG,0,Juiz de Fora,315540,2011
MG,0,Juiz de Fora,315590,2011
MG,0,Juiz de Fora,315620,2011
MG,0,Juiz de Fora,315727,2011
MG,0,Juiz de Fora,315930,2011
MG,0,Juiz de Fora,315860,2011
MG,0,Juiz de Fora,316070,2011
MG,0,Juiz de Fora,316290,2011
MG,0,Juiz de Fora,316560,2011
MG,0,Juiz de Fora,316750,2011
MG,0,Leopoldina,310150,2011
MG,0,Leopoldina,310440,2011
MG,0,Leopoldina,310460,2011
MG,0,Leopoldina,311530,2011
MG,0,Leopoldina,312290,2011
MG,0,Leopoldina,312460,2011
MG,0,Leopoldina,313260,2011
MG,0,Leopoldina,313800,2011
MG,0,Leopoldina,313840,2011
MG,0,Leopoldina,314670,2011
MG,0,Leopoldina,315110,2011
MG,0,Leopoldina,315410,2011
MG,0,Leopoldina,315840,2011
MG,0,Leopoldina,316000,2011
MG,0,Leopoldina,317210,2011
MG,0,Manhumirim,310030,2011
MG,0,Manhumirim,310205,2011
MG,0,Manhumirim,315350,2011
MG,0,Manhumirim,311010,2011
MG,0,Manhumirim,311210,2011
MG,0,Manhumirim,311290,2011
MG,0,Manhumirim,311330,2011
MG,0,Manhumirim,311600,2011
MG,0,Manhumirim,311740,2011
MG,0,Manhumirim,312200,2011
MG,0,Manhumirim,312352,2011
MG,0,Manhumirim,312420,2011
MG,0,Manhumirim,312530,2011
MG,0,Manhumirim,312595,2011
MG,0,Manhumirim,313120,2011
MG,0,Manhumirim,313770,2011
MG,0,Manhumirim,313867,2011
MG,0,Manhumirim,313940,2011
MG,0,Manhumirim,313950,2011
MG,0,Manhumirim,314053,2011
MG,0,Manhumirim,314090,2011
MG,0,Manhumirim,314400,2011
MG,0,Manhumirim,314587,2011
MG,0,Manhumirim,314875,2011
MG,0,Manhumirim,314900,2011
MG,0,Manhumirim,315190,2011
MG,0,Manhumirim,315415,2011
MG,0,Manhumirim,315790,2011
MG,0,Manhumirim,315890,2011
MG,0,Manhumirim,316255,2011
MG,0,Manhumirim,316360,2011
MG,0,Manhumirim,316630,2011
MG,0,Manhumirim,316760,2011
MG,0,Manhumirim,316805,2011
MG,0,Manhumirim,316920,2011
MG,0,Montes Claros,310665,2011
MG,0,Montes Claros,310730,2011
MG,0,Montes Claros,310850,2011
MG,0,Montes Claros,311270,2011
MG,0,Montes Claros,311547,2011
MG,0,Montes Claros,311650,2011
MG,0,Montes Claros,311880,2011
MG,0,Montes Claros,312030,2011
MG,0,Montes Claros,312087,2011
MG,0,Montes Claros,312380,2011
MG,0,Montes Claros,312430,2011
MG,0,Montes Claros,312660,2011
MG,0,Montes Claros,312670,2011
MG,0,Montes Claros,312707,2011
MG,0,Montes Claros,312733,2011
MG,0,Montes Claros,312735,2011
MG,0,Montes Claros,312780,2011
MG,0,Montes Claros,312825,2011
MG,0,Montes Claros,313065,2011
MG,0,Montes Claros,313200,2011
MG,0,Montes Claros,313505,2011
MG,0,Montes Claros,313510,2011
MG,0,Montes Claros,313560,2011
MG,0,Montes Claros,313640,2011
MG,0,Montes Claros,313657,2011
MG,0,Montes Claros,313680,2011
MG,0,Montes Claros,313730,2011
MG,0,Montes Claros,313925,2011
MG,0,Montes Claros,314085,2011
MG,0,Montes Claros,314100,2011
MG,0,Montes Claros,314290,2011
MG,0,Montes Claros,314330,2011
MG,0,Montes Claros,314345,2011
MG,0,Montes Claros,314465,2011
MG,0,Montes Claros,314505,2011
MG,0,Montes Claros,314537,2011
MG,0,Montes Claros,314545,2011
MG,0,Montes Claros,314625,2011
MG,0,Montes Claros,314655,2011
MG,0,Montes Claros,315220,2011
MG,0,Montes Claros,315450,2011
MG,0,Montes Claros,315560,2011
MG,0,Montes Claros,315650,2011
MG,0,Montes Claros,315700,2011
MG,0,Montes Claros,315737,2011
MG,0,Montes Claros,316045,2011
MG,0,Montes Claros,316225,2011
MG,0,Montes Claros,316265,2011
MG,0,Montes Claros,316270,2011
MG,0,Montes Claros,316695,2011
MG,0,Montes Claros,316800,2011
MG,0,Montes Claros,317065,2011
MG,0,Montes Claros,317103,2011
MG,0,Passos,310190,2011
MG,0,Passos,310760,2011
MG,0,Passos,311240,2011
MG,0,Passos,311280,2011
MG,0,Passos,311510,2011
MG,0,Passos,311640,2011
MG,0,Passos,312120,2011
MG,0,Passos,312340,2011
MG,0,Passos,312630,2011
MG,0,Passos,312810,2011
MG,0,Passos,312970,2011
MG,0,Passos,313290,2011
MG,0,Passos,313375,2011
MG,0,Passos,313480,2011
MG,0,Passos,314320,2011
MG,0,Passos,314790,2011
MG,0,Passos,315150,2011
MG,0,Passos,315290,2011
MG,0,Passos,316220,2011
MG,0,Passos,316294,2011
MG,0,Passos,316430,2011
MG,0,Passos,316470,2011
MG,0,Passos,316510,2011
MG,0,Passos,317060,2011
MG,0,Patos de Minas,310380,2011
MG,0,Patos de Minas,311430,2011
MG,0,Patos de Minas,312070,2011
MG,0,Patos de Minas,312860,2011
MG,0,Patos de Minas,312890,2011
MG,0,Patos de Minas,313630,2011
MG,0,Patos de Minas,313710,2011
MG,0,Patos de Minas,313750,2011
MG,0,Patos de Minas,313753,2011
MG,0,Patos de Minas,314120,2011
MG,0,Patos de Minas,314800,2011
MG,0,Patos de Minas,315340,2011
MG,0,Patos de Minas,315550,2011
MG,0,Patos de Minas,315970,2011
MG,0,Patos de Minas,316170,2011
MG,0,Patos de Minas,316210,2011
MG,0,Patos de Minas,316680,2011
MG,0,Patos de Minas,316890,2011
MG,0,Patos de Minas,317075,2011
MG,0,Patos de Minas,317100,2011
MG,0,Pedra Azul,310100,2011
MG,0,Pedra Azul,310170,2011
MG,0,Pedra Azul,310520,2011
MG,0,Pedra Azul,310270,2011
MG,0,Pedra Azul,311700,2011
MG,0,Pedra Azul,312235,2011
MG,0,Pedra Azul,312245,2011
MG,0,Pedra Azul,312560,2011
MG,0,Pedra Azul,313330,2011
MG,0,Pedra Azul,313400,2011
MG,0,Pedra Azul,313470,2011
MG,0,Pedra Azul,313580,2011
MG,0,Pedra Azul,313600,2011
MG,0,Pedra Azul,313650,2011
MG,0,Pedra Azul,314055,2011
MG,0,Pedra Azul,314140,2011
MG,0,Pedra Azul,314315,2011
MG,0,Pedra Azul,314675,2011
MG,0,Pedra Azul,314870,2011
MG,0,Pedra Azul,315217,2011
MG,0,Pedra Azul,315510,2011
MG,0,Pedra Azul,315660,2011
MG,0,Pedra Azul,315710,2011
MG,0,Pedra Azul,315810,2011
MG,0,Pedra Azul,316030,2011
MG,0,Pirapora,310940,2011
MG,0,Pirapora,312960,2011
MG,0,Pirapora,313810,2011
MG,0,Pirapora,315120,2011
MG,0,Pirapora,315213,2011
MG,0,Pirapora,315760,2011
MG,0,Pirapora,317080,2011
MG,0,Ponte Nova,310040,2011
MG,0,Ponte Nova,310230,2011
MG,0,Ponte Nova,310250,2011
MG,0,Ponte Nova,310370,2011
MG,0,Ponte Nova,310570,2011
MG,0,Ponte Nova,311020,2011
MG,0,Ponte Nova,311170,2011
MG,0,Ponte Nova,312170,2011
MG,0,Ponte Nova,312270,2011
MG,0,Ponte Nova,312820,2011
MG,0,Ponte Nova,313550,2011
MG,0,Ponte Nova,314585,2011
MG,0,Ponte Nova,314830,2011
MG,0,Ponte Nova,314880,2011
MG,0,Ponte Nova,315020,2011
MG,0,Ponte Nova,315210,2011
MG,0,Ponte Nova,315230,2011
MG,0,Ponte Nova,315400,2011
MG,0,Ponte Nova,315490,2011
MG,0,Ponte Nova,315500,2011
MG,0,Ponte Nova,315740,2011
MG,0,Ponte Nova,316010,2011
MG,0,Ponte Nova,316340,2011
MG,0,Ponte Nova,316380,2011
MG,0,Ponte Nova,316400,2011
MG,0,Ponte Nova,316556,2011
MG,0,Ponte Nova,316850,2011
MG,0,Ponte Nova,317050,2011
MG,0,Ponte Nova,317130,2011
MG,0,Pouso Alegre,310140,2011
MG,0,Pouso Alegre,310260,2011
MG,0,Pouso Alegre,310790,2011
MG,0,Pouso Alegre,310830,2011
MG,0,Pouso Alegre,310890,2011
MG,0,Pouso Alegre,310910,2011
MG,0,Pouso Alegre,310970,2011
MG,0,Pouso Alegre,311030,2011
MG,0,Pouso Alegre,311050,2011
MG,0,Pouso Alegre,311060,2011
MG,0,Pouso Alegre,311360,2011
MG,0,Pouso Alegre,311720,2011
MG,0,Pouso Alegre,311780,2011
MG,0,Pouso Alegre,311790,2011
MG,0,Pouso Alegre,311850,2011
MG,0,Pouso Alegre,311990,2011
MG,0,Pouso Alegre,312110,2011
MG,0,Pouso Alegre,312440,2011
MG,0,Pouso Alegre,312450,2011
MG,0,Pouso Alegre,312510,2011
MG,0,Pouso Alegre,312740,2011
MG,0,Pouso Alegre,312920,2011
MG,0,Pouso Alegre,312990,2011
MG,0,Pouso Alegre,313060,2011
MG,0,Pouso Alegre,313150,2011
MG,0,Pouso Alegre,313240,2011
MG,0,Pouso Alegre,313360,2011
MG,0,Pouso Alegre,313490,2011
MG,0,Pouso Alegre,313990,2011
MG,0,Pouso Alegre,314040,2011
MG,0,Pouso Alegre,314340,2011
MG,0,Pouso Alegre,314380,2011
MG,0,Pouso Alegre,314440,2011
MG,0,Pouso Alegre,314600,2011
MG,0,Pouso Alegre,314730,2011
MG,0,Pouso Alegre,314910,2011
MG,0,Pouso Alegre,315090,2011
MG,0,Pouso Alegre,315100,2011
MG,0,Pouso Alegre,315180,2011
MG,0,Pouso Alegre,315250,2011
MG,0,Pouso Alegre,315920,2011
MG,0,Pouso Alegre,315960,2011
MG,0,Pouso Alegre,316200,2011
MG,0,Pouso Alegre,316230,2011
MG,0,Pouso Alegre,316320,2011
MG,0,Pouso Alegre,316440,2011
MG,0,Pouso Alegre,316540,2011
MG,0,Pouso Alegre,316557,2011
MG,0,Pouso Alegre,316580,2011
MG,0,Pouso Alegre,316740,2011
MG,0,Pouso Alegre,316905,2011
MG,0,Pouso Alegre,316910,2011
MG,0,Pouso Alegre,316980,2011
MG,0,Pouso Alegre,317220,2011
MG,0,São João Del Rei,310590,2011
MG,0,São João Del Rei,311520,2011
MG,0,São João Del Rei,311970,2011
MG,0,São João Del Rei,312140,2011
MG,0,São João Del Rei,312300,2011
MG,0,São João Del Rei,312390,2011
MG,0,São João Del Rei,313000,2011
MG,0,São João Del Rei,313740,2011
MG,0,São João Del Rei,313910,2011
MG,0,São João Del Rei,314450,2011
MG,0,São João Del Rei,315030,2011
MG,0,São João Del Rei,315270,2011
MG,0,São João Del Rei,315420,2011
MG,0,São João Del Rei,315610,2011
MG,0,São João Del Rei,315733,2011
MG,0,São João Del Rei,316250,2011
MG,0,São João Del Rei,316500,2011
MG,0,São João Del Rei,316530,2011
MG,0,São João Del Rei,316880,2011
MG,0,Sete Lagoas,310020,2011
MG,0,Sete Lagoas,310320,2011
MG,0,Sete Lagoas,310480,2011
MG,0,Sete Lagoas,310500,2011
MG,0,Sete Lagoas,310700,2011
MG,0,Sete Lagoas,310920,2011
MG,0,Sete Lagoas,310960,2011
MG,0,Sete Lagoas,310990,2011
MG,0,Sete Lagoas,311250,2011
MG,0,Sete Lagoas,311560,2011
MG,0,Sete Lagoas,311890,2011
MG,0,Sete Lagoas,311910,2011
MG,0,Sete Lagoas,312090,2011
MG,0,Sete Lagoas,312570,2011
MG,0,Sete Lagoas,312640,2011
MG,0,Sete Lagoas,312720,2011
MG,0,Sete Lagoas,313100,2011
MG,0,Sete Lagoas,313110,2011
MG,0,Sete Lagoas,313570,2011
MG,0,Sete Lagoas,313970,2011
MG,0,Sete Lagoas,314250,2011
MG,0,Sete Lagoas,314350,2011
MG,0,Sete Lagoas,314360,2011
MG,0,Sete Lagoas,314640,2011
MG,0,Sete Lagoas,314690,2011
MG,0,Sete Lagoas,314740,2011
MG,0,Sete Lagoas,314960,2011
MG,0,Sete Lagoas,315200,2011
MG,0,Sete Lagoas,315320,2011
MG,0,Sete Lagoas,315360,2011
MG,0,Sete Lagoas,315370,2011
MG,0,Sete Lagoas,315850,2011
MG,0,Sete Lagoas,316060,2011
MG,0,Sete Lagoas,316720,2011
MG,0,Sete Lagoas,316935,2011
MG,0,Teófilo Otoni,310090,2011
MG,0,Teófilo Otoni,310285,2011
MG,0,Teófilo Otoni,310470,2011
MG,0,Teófilo Otoni,310660,2011
MG,0,Teófilo Otoni,311080,2011
MG,0,Teófilo Otoni,311300,2011
MG,0,Teófilo Otoni,311370,2011
MG,0,Teófilo Otoni,311545,2011
MG,0,Teófilo Otoni,312015,2011
MG,0,Teófilo Otoni,312675,2011
MG,0,Teófilo Otoni,312680,2011
MG,0,Teófilo Otoni,312705,2011
MG,0,Teófilo Otoni,313230,2011
MG,0,Teófilo Otoni,313270,2011
MG,0,Teófilo Otoni,313700,2011
MG,0,Teófilo Otoni,313890,2011
MG,0,Teófilo Otoni,313920,2011
MG,0,Teófilo Otoni,314430,2011
MG,0,Teófilo Otoni,314490,2011
MG,0,Teófilo Otoni,314530,2011
MG,0,Teófilo Otoni,314535,2011
MG,0,Teófilo Otoni,314620,2011
MG,0,Teófilo Otoni,314630,2011
MG,0,Teófilo Otoni,314850,2011
MG,0,Teófilo Otoni,315000,2011
MG,0,Teófilo Otoni,315240,2011
MG,0,Teófilo Otoni,315765,2011
MG,0,Teófilo Otoni,316330,2011
MG,0,Teófilo Otoni,316670,2011
MG,0,Teófilo Otoni,316555,2011
MG,0,Teófilo Otoni,316860,2011
MG,0,Teófilo Otoni,317030,2011
MG,0,Ubá,310310,2011
MG,0,Ubá,310550,2011
MG,0,Ubá,310870,2011
MG,0,Ubá,311670,2011
MG,0,Ubá,312190,2011
MG,0,Ubá,312330,2011
MG,0,Ubá,312400,2011
MG,0,Ubá,312490,2011
MG,0,Ubá,312840,2011
MG,0,Ubá,312880,2011
MG,0,Ubá,312900,2011
MG,0,Ubá,314160,2011
MG,0,Ubá,314210,2011
MG,0,Ubá,314220,2011
MG,0,Ubá,314390,2011
MG,0,Ubá,314820,2011
MG,0,Ubá,315130,2011
MG,0,Ubá,315310,2011
MG,0,Ubá,315580,2011
MG,0,Ubá,315630,2011
MG,0,Ubá,315645,2011
MG,0,Ubá,316140,2011
MG,0,Ubá,316150,2011
MG,0,Ubá,316443,2011
MG,0,Ubá,316570,2011
MG,0,Ubá,316730,2011
MG,0,Ubá,316790,2011
MG,0,Ubá,316900,2011
MG,0,Ubá,316990,2011
MG,0,Ubá,317140,2011
MG,0,Ubá,317200,2011
MG,0,Uberaba,310070,2011
MG,0,Uberaba,310400,2011
MG,0,Uberaba,311140,2011
MG,0,Uberaba,311150,2011
MG,0,Uberaba,311455,2011
MG,0,Uberaba,311690,2011
MG,0,Uberaba,311730,2011
MG,0,Uberaba,311820,2011
MG,0,Uberaba,312125,2011
MG,0,Uberaba,312700,2011
MG,0,Uberaba,312710,2011
MG,0,Uberaba,312950,2011
MG,0,Uberaba,313340,2011
MG,0,Uberaba,313440,2011
MG,0,Uberaba,313862,2011
MG,0,Uberaba,314920,2011
MG,0,Uberaba,314980,2011
MG,0,Uberaba,315070,2011
MG,0,Uberaba,315160,2011
MG,0,Uberaba,315300,2011
MG,0,Uberaba,315690,2011
MG,0,Uberaba,315770,2011
MG,0,Uberaba,316130,2011
MG,0,Uberaba,316810,2011
MG,0,Uberaba,317010,2011
MG,0,Uberaba,317043,2011
MG,0,Uberaba,317110,2011
MG,0,Uberlândia,310010,2011
MG,0,Uberlândia,310350,2011
MG,0,Uberlândia,310375,2011
MG,0,Uberlândia,311500,2011
MG,0,Uberlândia,311930,2011
MG,0,Uberlândia,312350,2011
MG,0,Uberlândia,312480,2011
MG,0,Uberlândia,312790,2011
MG,0,Uberlândia,313070,2011
MG,0,Uberlândia,313160,2011
MG,0,Uberlândia,314280,2011
MG,0,Uberlândia,314310,2011
MG,0,Uberlândia,314500,2011
MG,0,Uberlândia,314810,2011
MG,0,Uberlândia,315280,2011
MG,0,Uberlândia,315640,2011
MG,0,Uberlândia,316960,2011
MG,0,Uberlândia,317020,2011
MG,0,Unaí,310450,2011
MG,0,Unaí,310820,2011
MG,0,Unaí,310855,2011
MG,0,Unaí,310930,2011
MG,0,Unaí,310945,2011
MG,0,Unaí,311615,2011
MG,0,Unaí,312247,2011
MG,0,Unaí,312620,2011
MG,0,Unaí,314437,2011
MG,0,Unaí,314700,2011
MG,0,Unaí,315445,2011
MG,0,Unaí,317040,2011
MG,0,Unaí,317047,2011
MG,0,Varginha,310120,2011
MG,0,Varginha,310130,2011
MG,0,Varginha,310490,2011
MG,0,Varginha,310710,2011
MG,0,Varginha,311070,2011
MG,0,Varginha,311090,2011
MG,0,Varginha,311390,2011
MG,0,Varginha,311410,2011
MG,0,Varginha,311460,2011
MG,0,Varginha,311480,2011
MG,0,Varginha,311550,2011
MG,0,Varginha,311770,2011
MG,0,Varginha,311870,2011
MG,0,Varginha,311900,2011
MG,0,Varginha,312050,2011
MG,0,Varginha,312080,2011
MG,0,Varginha,312280,2011
MG,0,Varginha,312360,2011
MG,0,Varginha,313040,2011
MG,0,Varginha,313050,2011
MG,0,Varginha,313080,2011
MG,0,Varginha,313300,2011
MG,0,Varginha,313310,2011
MG,0,Varginha,313430,2011
MG,0,Varginha,313450,2011
MG,0,Varginha,313590,2011
MG,0,Varginha,313780,2011
MG,0,Varginha,313820,2011
MG,0,Varginha,313870,2011
MG,0,Varginha,314190,2011
MG,0,Varginha,314260,2011
MG,0,Varginha,314460,2011
MG,0,Varginha,314550,2011
MG,0,Varginha,314760,2011
MG,0,Varginha,314990,2011
MG,0,Varginha,315260,2011
MG,0,Varginha,315470,2011
MG,0,Varginha,315830,2011
MG,0,Varginha,316080,2011
MG,0,Varginha,316370,2011
MG,0,Varginha,316490,2011
MG,0,Varginha,316520,2011
MG,0,Varginha,316640,2011
MG,0,Varginha,316700,2011
MG,0,Varginha,316780,2011
MG,0,Varginha,316930,2011
MG,0,Varginha,316940,2011
MG,0,Varginha,317070,2011
MG,0,Varginha,317170,2011
MS,0,NCT de Aquidauana,500070,2011
MS,0,NCT de Aquidauana,500110,2011
MS,0,NCT de Aquidauana,500215,2011
MS,0,NCT de Aquidauana,500348,2011
MS,0,NCT de Aquidauana,500560,2011
MS,0,NCT de Campo Grande,500150,2011
MS,0,NCT de Campo Grande,500260,2011
MS,0,NCT de Campo Grande,500270,2011
MS,0,NCT de Campo Grande,500310,2011
MS,0,NCT de Campo Grande,500390,2011
MS,0,NCT de Campo Grande,500490,2011
MS,0,NCT de Campo Grande,500540,2011
MS,0,NCT de Campo Grande,500710,2011
MS,0,NCT de Campo Grande,500750,2011
MS,0,NCT de Campo Grande,500769,2011
MS,0,NCT de Campo Grande,500790,2011
MS,0,NCT de Campo Grande,500800,2011
MS,0,NCT de Corumbá,500320,2011
MS,0,NCT de Corumbá,500520,2011
MS,0,NCT de Coxim,500025,2011
MS,0,NCT de Coxim,500330,2011
MS,0,NCT de Coxim,500640,2011
MS,0,NCT de Coxim,500730,2011
MS,0,NCT de Coxim,500740,2011
MS,0,NCT de Coxim,500793,2011
MS,0,NCT de Dourados,500240,2011
MS,0,NCT de Dourados,500350,2011
MS,0,NCT de Dourados,500370,2011
MS,0,NCT de Dourados,500450,2011
MS,0,NCT de Dourados,500600,2011
MS,0,NCT de Dourados,500720,2011
MS,0,NCT de Fátima do Sul,500345,2011
MS,0,NCT de Fátima do Sul,500380,2011
MS,0,NCT de Fátima do Sul,500400,2011
MS,0,NCT de Fátima do Sul,500510,2011
MS,0,NCT de Fátima do Sul,500840,2011
MS,0,NCT de Jardim,500210,2011
MS,0,NCT de Jardim,500220,2011
MS,0,NCT de Jardim,500280,2011
MS,0,NCT de Jardim,500410,2011
MS,0,NCT de Jardim,500500,2011
MS,0,NCT de Jardim,500580,2011
MS,0,NCT de Jardim,500690,2011
MS,0,NCT de Naviraí,500375,2011
MS,0,NCT de Naviraí,500430,2011
MS,0,NCT de Naviraí,500460,2011
MS,0,NCT de Naviraí,500480,2011
MS,0,NCT de Naviraí,500515,2011
MS,0,NCT de Naviraí,500568,2011
MS,0,NCT de Naviraí,500570,2011
MS,0,NCT de Nova Andradina,500080,2011
MS,0,NCT de Nova Andradina,500085,2011
MS,0,NCT de Nova Andradina,500200,2011
MS,0,NCT de Nova Andradina,500470,2011
MS,0,NCT de Nova Andradina,500620,2011
MS,0,NCT de Nova Andradina,500625,2011
MS,0,NCT de Nova Andradina,500797,2011
MS,0,NCT de Paranaíba,500100,2011
MS,0,NCT de Paranaíba,500290,2011
MS,0,NCT de Paranaíba,500295,2011
MS,0,NCT de Paranaíba,500325,2011
MS,0,NCT de Paranaíba,500440,2011
MS,0,NCT de Paranaíba,500630,2011
MS,0,NCT de Ponta Porã,500060,2011
MS,0,NCT de Ponta Porã,500090,2011
MS,0,NCT de Ponta Porã,500124,2011
MS,0,NCT de Ponta Porã,500315,2011
MS,0,NCT de Ponta Porã,500525,2011
MS,0,NCT de Ponta Porã,500635,2011
MS,0,NCT de Ponta Porã,500660,2011
MS,0,NCT de Ponta Porã,500770,2011
MS,0,NCT de Ponta Porã,500795,2011
MS,0,NCT de Três Lagoas,500020,2011
MS,0,NCT de Três Lagoas,500190,2011
MS,0,NCT de Três Lagoas,500230,2011
MS,0,NCT de Três Lagoas,500755,2011
MS,0,NCT de Três Lagoas,500780,2011
MS,0,NCT de Três Lagoas,500830,2011
MT,0,Água Boa,510020,2011
MT,0,Água Boa,510185,2011
MT,0,Água Boa,510270,2011
MT,0,Água Boa,510310,2011
MT,0,Água Boa,510385,2011
MT,0,Água Boa,510617,2011
MT,0,Água Boa,510706,2011
MT,0,Água Boa,510718,2011
MT,0,Alta Floresta,510025,2011
MT,0,Alta Floresta,510080,2011
MT,0,Alta Floresta,510279,2011
MT,0,Alta Floresta,510615,2011
MT,0,Alta Floresta,510895,2011
MT,0,Alta Floresta,510629,2011
MT,0,Baixada Cuiabana,510010,2011
MT,0,Baixada Cuiabana,510160,2011
MT,0,Baixada Cuiabana,510300,2011
MT,0,Baixada Cuiabana,510340,2011
MT,0,Baixada Cuiabana,510490,2011
MT,0,Baixada Cuiabana,510610,2011
MT,0,Baixada Cuiabana,510620,2011
MT,0,Baixada Cuiabana,510645,2011
MT,0,Baixada Cuiabana,510650,2011
MT,0,Baixada Cuiabana,510780,2011
MT,0,Baixada Cuiabana,510840,2011
MT,0,Barra do Garças,510100,2011
MT,0,Barra do Garças,510180,2011
MT,0,Barra do Garças,510260,2011
MT,0,Barra do Garças,510390,2011
MT,0,Barra do Garças,510625,2011
MT,0,Barra do Garças,510628,2011
MT,0,Barra do Garças,510665,2011
MT,0,Barra do Garças,510670,2011
MT,0,Barra do Garças,510719,2011
MT,0,Barra do Garças,510820,2011
MT,0,Cáceres,510125,2011
MT,0,Cáceres,510250,2011
MT,0,Cáceres,510343,2011
MT,0,Cáceres,510395,2011
MT,0,Cáceres,510450,2011
MT,0,Cáceres,510523,2011
MT,0,Cáceres,510562,2011
MT,0,Cáceres,510682,2011
MT,0,Cáceres,510715,2011
MT,0,Cáceres,510720,2011
MT,0,Cáceres,510775,2011
MT,0,Cáceres,510710,2011
MT,0,Colíder,510320,2011
MT,0,Colíder,510455,2011
MT,0,Colíder,510558,2011
MT,0,Colíder,510621,2011
MT,0,Colíder,510880,2011
MT,0,Colíder,510619,2011
MT,0,Diamantino,510050,2011
MT,0,Diamantino,510350,2011
MT,0,Diamantino,510590,2011
MT,0,Diamantino,510600,2011
MT,0,Diamantino,510890,2011
MT,0,Diamantino,510770,2011
MT,0,Diamantino,510730,2011
MT,0,Juara,510510,2011
MT,0,Juara,510627,2011
MT,0,Juara,510680,2011
MT,0,Juara,510794,2011
MT,0,Juína,510140,2011
MT,0,Juína,510190,2011
MT,0,Juína,510285,2011
MT,0,Juína,510325,2011
MT,0,Juína,510337,2011
MT,0,Juína,510515,2011
MT,0,Juína,510517,2011
MT,0,Peixoto de Azevedo,510410,2011
MT,0,Peixoto de Azevedo,510560,2011
MT,0,Peixoto de Azevedo,510626,2011
MT,0,Peixoto de Azevedo,510642,2011
MT,0,Peixoto de Azevedo,510805,2011
MT,0,Pontes e Lacerda,510268,2011
MT,0,Pontes e Lacerda,510330,2011
MT,0,Pontes e Lacerda,510336,2011
MT,0,Pontes e Lacerda,510380,2011
MT,0,Pontes e Lacerda,510500,2011
MT,0,Pontes e Lacerda,510618,2011
MT,0,Pontes e Lacerda,510675,2011
MT,0,Pontes e Lacerda,510757,2011
MT,0,Pontes e Lacerda,510835,2011
MT,0,Pontes e Lacerda,510550,2011
MT,0,Porto Alegre do Norte,510269,2011
MT,0,Porto Alegre do Norte,510335,2011
MT,0,Porto Alegre do Norte,510677,2011
MT,0,Porto Alegre do Norte,510774,2011
MT,0,Porto Alegre do Norte,510777,2011
MT,0,Porto Alegre do Norte,510735,2011
MT,0,Porto Alegre do Norte,510860,2011
MT,0,Rondonópolis,510030,2011
MT,0,Rondonópolis,510040,2011
MT,0,Rondonópolis,510060,2011
MT,0,Rondonópolis,510120,2011
MT,0,Rondonópolis,510267,2011
MT,0,Rondonópolis,510360,2011
MT,0,Rondonópolis,510420,2011
MT,0,Rondonópolis,510460,2011
MT,0,Rondonópolis,510480,2011
MT,0,Rondonópolis,510520,2011
MT,0,Rondonópolis,510630,2011
MT,0,Rondonópolis,510637,2011
MT,0,Rondonópolis,510700,2011
MT,0,Rondonópolis,510704,2011
MT,0,Rondonópolis,510760,2011
MT,0,Rondonópolis,510779,2011
MT,0,Rondonópolis,510729,2011
MT,0,Rondonópolis,510740,2011
MT,0,Rondonópolis,510810,2011
MT,0,São Félix do Araguaia,510035,2011
MT,0,São Félix do Araguaia,510530,2011
MT,0,São Félix do Araguaia,510631,2011
MT,0,São Félix do Araguaia,510785,2011
MT,0,São Félix do Araguaia,510788,2011
MT,0,Sinop,510305,2011
MT,0,Sinop,510370,2011
MT,0,Sinop,510452,2011
MT,0,Sinop,510454,2011
MT,0,Sinop,510525,2011
MT,0,Sinop,510622,2011
MT,0,Sinop,510624,2011
MT,0,Sinop,510724,2011
MT,0,Sinop,510776,2011
MT,0,Sinop,510790,2011
MT,0,Sinop,510792,2011
MT,0,Sinop,510800,2011
MT,0,Sinop,510830,2011
MT,0,Sinop,510850,2011
MT,0,Tangará da Serra,510130,2011
MT,0,Tangará da Serra,510170,2011
MT,0,Tangará da Serra,510263,2011
MT,0,Tangará da Serra,510345,2011
MT,0,Tangará da Serra,510885,2011
MT,0,Tangará da Serra,510623,2011
MT,0,Tangará da Serra,510685,2011
MT,0,Tangará da Serra,510726,2011
MT,0,Tangará da Serra,510787,2011
MT,0,Tangará da Serra,510795,2011
PA,0,Alça Viária,150010,2011
PA,0,Alça Viária,150130,2011
PA,0,Alça Viária,150330,2011
PA,0,Alça Viária,150470,2011
PA,0,Alça Viária,150795,2011
PA,0,Araguaia,150270,2011
PA,0,Araguaia,150304,2011
PA,0,Araguaia,150658,2011
PA,0,Araguaia-Xingu,150034,2011
PA,0,Araguaia-Xingu,150543,2011
PA,0,Araguaia-Xingu,150730,2011
PA,0,Araguaia-Xingu,150808,2011
PA,0,Bacia Atlântico-Caetés,150090,2011
PA,0,Bacia Atlântico-Caetés,150160,2011
PA,0,Bacia Atlântico-Caetés,150170,2011
PA,0,Bacia Atlântico-Caetés,150195,2011
PA,0,Bacia Atlântico-Caetés,150220,2011
PA,0,Bacia Atlântico-Caetés,150500,2011
PA,0,Bacia Atlântico-Caetés,150540,2011
PA,0,Bacia Atlântico-Caetés,150560,2011
PA,0,Bacia Atlântico-Caetés,150610,2011
PA,0,Bacia Atlântico-Caetés,150611,2011
PA,0,Bacia Atlântico-Caetés,150620,2011
PA,0,Bacia Atlântico-Caetés,150655,2011
PA,0,Bacia Atlântico-Caetés,150690,2011
PA,0,Bacia Atlântico-Caetés,150747,2011
PA,0,Bacia Atlântico-Caetés,150803,2011
PA,0,Bacia Atlântico-Caetés,150830,2011
PA,0,Baixo Amazonas,150040,2011
PA,0,Baixo Amazonas,150050,2011
PA,0,Baixo Amazonas,150145,2011
PA,0,Baixo Amazonas,150285,2011
PA,0,Baixo Amazonas,150480,2011
PA,0,Baixo Amazonas,150565,2011
PA,0,Baixo Amazonas,150600,2011
PA,0,Baixo Amazonas,150619,2011
PA,0,Baixo Amazonas,150680,2011
PA,0,Baixo Tocantins,150120,2011
PA,0,Baixo Tocantins,150210,2011
PA,0,Baixo Tocantins,150400,2011
PA,0,Baixo Tocantins,150460,2011
PA,0,Baixo Tocantins,150520,2011
PA,0,Calha Norte,150300,2011
PA,0,Calha Norte,150390,2011
PA,0,Calha Norte,150510,2011
PA,0,Calha Norte,150530,2011
PA,0,Calha Norte,150797,2011
PA,0,Entre Rios,150616,2011
PA,0,Entre Rios,150775,2011
PA,0,Entre Rios,150840,2011
PA,0,Itacaiúnas Tocantins,150370,2011
PA,0,Itacaiúnas Tocantins,150380,2011
PA,0,Itacaiúnas Tocantins,150420,2011
PA,0,Itacaiúnas Tocantins,150497,2011
PA,0,Lago Tucuruí,150178,2011
PA,0,Lago Tucuruí,150309,2011
PA,0,Lago Tucuruí,150506,2011
PA,0,Lago Tucuruí,150810,2011
PA,0,Marajó Ocidental,150070,2011
PA,0,Marajó Ocidental,150110,2011
PA,0,Marajó Ocidental,150180,2011
PA,0,Marajó Ocidental,150280,2011
PA,0,Marajó Ocidental,150310,2011
PA,0,Marajó Ocidental,150450,2011
PA,0,Marajó Ocidental,150580,2011
PA,0,Marajó Oriental,150030,2011
PA,0,Marajó Oriental,150200,2011
PA,0,Marajó Oriental,150250,2011
PA,0,Marajó Oriental,150490,2011
PA,0,Marajó Oriental,150570,2011
PA,0,Marajó Oriental,150630,2011
PA,0,Marajó Oriental,150640,2011
PA,0,Marajó Oriental,150770,2011
PA,0,Marajó Oriental,150790,2011
PA,0,Metropolitana,150080,2011
PA,0,Metropolitana,150140,2011
PA,0,Metropolitana,150150,2011
PA,0,Metropolitana,150442,2011
PA,0,Metropolitana,150635,2011
PA,0,Planalto do Araguaia,150125,2011
PA,0,Planalto do Araguaia,150276,2011
PA,0,Planalto do Araguaia,150555,2011
PA,0,Planalto do Araguaia,150613,2011
PA,0,Planalto do Araguaia,150670,2011
PA,0,Rio Guamá,150240,2011
PA,0,Rio Guamá,150290,2011
PA,0,Rio Guamá,150320,2011
PA,0,Rio Guamá,150340,2011
PA,0,Rio Guamá,150410,2011
PA,0,Rio Guamá,150430,2011
PA,0,Rio Guamá,150440,2011
PA,0,Rio Guamá,150720,2011
PA,0,Rio Guamá,150740,2011
PA,0,Rio Guamá,150746,2011
PA,0,Rio Guamá,150796,2011
PA,0,Rio Tapajós,150100,2011
PA,0,Rio Tapajós,150360,2011
PA,0,Rio Tapajós,150375,2011
PA,0,Rio Tapajós,150503,2011
PA,0,Rio Tapajós,150805,2011
PA,0,Rodovia BR 010,150095,2011
PA,0,Rodovia BR 010,150230,2011
PA,0,Rodovia BR 010,150307,2011
PA,0,Rodovia BR 010,150345,2011
PA,0,Rodovia BR 010,150350,2011
PA,0,Rodovia BR 010,150405,2011
PA,0,Rodovia BR 010,150495,2011
PA,0,Rodovia BR 010,150550,2011
PA,0,Rodovia BR 010,150660,2011
PA,0,Rodovia BR 010,150760,2011
PA,0,Rodovia BR 010,150812,2011
PA,0,Rodovia BR 222,150013,2011
PA,0,Rodovia BR 222,150157,2011
PA,0,Rodovia BR 222,150293,2011
PA,0,Rodovia BR 222,150618,2011
PA,0,Rodovia PA-140/Rio Capim,150020,2011
PA,0,Rodovia PA-140/Rio Capim,150190,2011
PA,0,Rodovia PA-140/Rio Capim,150275,2011
PA,0,Rodovia PA-140/Rio Capim,150650,2011
PA,0,Rodovia PA-140/Rio Capim,150800,2011
PA,0,Rodovia PA-140/Rio Guajará-Mirim,150260,2011
PA,0,Rodovia PA-140/Rio Guajará-Mirim,150700,2011
PA,0,Rodovia PA-140/Rio Guajará-Mirim,150710,2011
PA,0,Rodovia PA-140/Rio Guajará-Mirim,150820,2011
PA,0,Rodovia Transamazônica,150060,2011
PA,0,Rodovia Transamazônica,150085,2011
PA,0,Rodovia Transamazônica,150172,2011
PA,0,Rodovia Transamazônica,150445,2011
PA,0,Rodovia Transamazônica,150548,2011
PA,0,Rodovia Transamazônica,150590,2011
PA,0,Rodovia Transamazônica,150780,2011
PA,0,Rodovia Transamazônica,150815,2011
PA,0,Rodovia Transamazônica,150835,2011
PA,0,Serra das Andorinhas,150175,2011
PA,0,Serra das Andorinhas,150549,2011
PA,0,Serra das Andorinhas,150563,2011
PA,0,Serra das Andorinhas,150715,2011
PA,0,Serra das Andorinhas,150745,2011
PA,0,Serra das Andorinhas,150750,2011
PA,0,Serra dos Carajás,150215,2011
PA,0,Serra dos Carajás,150277,2011
PA,0,Serra dos Carajás,150295,2011
PA,0,Serra dos Carajás,150553,2011
PB,0,I Núcleo Regional de Saúde,250060,2011
PB,0,I Núcleo Regional de Saúde,250140,2011
PB,0,I Núcleo Regional de Saúde,250180,2011
PB,0,I Núcleo Regional de Saúde,250300,2011
PB,0,I Núcleo Regional de Saúde,250320,2011
PB,0,I Núcleo Regional de Saúde,250403,2011
PB,0,I Núcleo Regional de Saúde,250460,2011
PB,0,I Núcleo Regional de Saúde,250490,2011
PB,0,I Núcleo Regional de Saúde,250523,2011
PB,0,I Núcleo Regional de Saúde,250527,2011
PB,0,I Núcleo Regional de Saúde,250710,2011
PB,0,I Núcleo Regional de Saúde,250730,2011
PB,0,I Núcleo Regional de Saúde,250750,2011
PB,0,I Núcleo Regional de Saúde,250860,2011
PB,0,I Núcleo Regional de Saúde,250890,2011
PB,0,I Núcleo Regional de Saúde,250905,2011
PB,0,I Núcleo Regional de Saúde,250910,2011
PB,0,I Núcleo Regional de Saúde,250930,2011
PB,0,I Núcleo Regional de Saúde,251272,2011
PB,0,I Núcleo Regional de Saúde,251190,2011
PB,0,I Núcleo Regional de Saúde,251276,2011
PB,0,I Núcleo Regional de Saúde,251290,2011
PB,0,I Núcleo Regional de Saúde,251370,2011
PB,0,I Núcleo Regional de Saúde,251530,2011
PB,0,I Núcleo Regional de Saúde,251597,2011
PB,0,II Núcleo Regional de Saúde,250050,2011
PB,0,II Núcleo Regional de Saúde,250080,2011
PB,0,II Núcleo Regional de Saúde,250100,2011
PB,0,II Núcleo Regional de Saúde,250150,2011
PB,0,II Núcleo Regional de Saúde,250190,2011
PB,0,II Núcleo Regional de Saúde,250270,2011
PB,0,II Núcleo Regional de Saúde,250350,2011
PB,0,II Núcleo Regional de Saúde,250360,2011
PB,0,II Núcleo Regional de Saúde,251640,2011
PB,0,II Núcleo Regional de Saúde,250415,2011
PB,0,II Núcleo Regional de Saúde,250520,2011
PB,0,II Núcleo Regional de Saúde,250570,2011
PB,0,II Núcleo Regional de Saúde,250580,2011
PB,0,II Núcleo Regional de Saúde,250630,2011
PB,0,II Núcleo Regional de Saúde,250820,2011
PB,0,II Núcleo Regional de Saúde,250855,2011
PB,0,II Núcleo Regional de Saúde,250980,2011
PB,0,II Núcleo Regional de Saúde,251160,2011
PB,0,II Núcleo Regional de Saúde,251170,2011
PB,0,II Núcleo Regional de Saúde,251180,2011
PB,0,II Núcleo Regional de Saúde,251274,2011
PB,0,II Núcleo Regional de Saúde,251560,2011
PB,0,II Núcleo Regional de Saúde,251590,2011
PB,0,II Núcleo Regional de Saúde,251593,2011
PB,0,II Núcleo Regional de Saúde,251600,2011
PB,0,III Núcleo Regional de Saúde,250030,2011
PB,0,III Núcleo Regional de Saúde,250040,2011
PB,0,III Núcleo Regional de Saúde,250053,2011
PB,0,III Núcleo Regional de Saúde,250057,2011
PB,0,III Núcleo Regional de Saúde,250090,2011
PB,0,III Núcleo Regional de Saúde,250110,2011
PB,0,III Núcleo Regional de Saúde,250120,2011
PB,0,III Núcleo Regional de Saúde,250130,2011
PB,0,III Núcleo Regional de Saúde,250135,2011
PB,0,III Núcleo Regional de Saúde,250157,2011
PB,0,III Núcleo Regional de Saúde,250170,2011
PB,0,III Núcleo Regional de Saúde,250215,2011
PB,0,III Núcleo Regional de Saúde,250250,2011
PB,0,III Núcleo Regional de Saúde,250310,2011
PB,0,III Núcleo Regional de Saúde,250400,2011
PB,0,III Núcleo Regional de Saúde,250435,2011
PB,0,III Núcleo Regional de Saúde,250600,2011
PB,0,III Núcleo Regional de Saúde,250610,2011
PB,0,III Núcleo Regional de Saúde,250625,2011
PB,0,III Núcleo Regional de Saúde,250650,2011
PB,0,III Núcleo Regional de Saúde,250770,2011
PB,0,III Núcleo Regional de Saúde,250830,2011
PB,0,III Núcleo Regional de Saúde,250850,2011
PB,0,III Núcleo Regional de Saúde,250920,2011
PB,0,III Núcleo Regional de Saúde,250933,2011
PB,0,III Núcleo Regional de Saúde,250950,2011
PB,0,III Núcleo Regional de Saúde,250990,2011
PB,0,III Núcleo Regional de Saúde,251050,2011
PB,0,III Núcleo Regional de Saúde,251200,2011
PB,0,III Núcleo Regional de Saúde,251240,2011
PB,0,III Núcleo Regional de Saúde,251250,2011
PB,0,III Núcleo Regional de Saúde,251270,2011
PB,0,III Núcleo Regional de Saúde,251278,2011
PB,0,III Núcleo Regional de Saúde,251315,2011
PB,0,III Núcleo Regional de Saúde,251385,2011
PB,0,III Núcleo Regional de Saúde,251394,2011
PB,0,III Núcleo Regional de Saúde,251510,2011
PB,0,III Núcleo Regional de Saúde,251580,2011
PB,0,III Núcleo Regional de Saúde,251610,2011
PB,0,III Núcleo Regional de Saúde,251650,2011
PB,0,III Núcleo Regional de Saúde,251675,2011
PB,0,III Núcleo Regional de Saúde,251700,2011
PB,0,IV Núcleo Regional de Saúde,250153,2011
PB,0,IV Núcleo Regional de Saúde,250160,2011
PB,0,IV Núcleo Regional de Saúde,250500,2011
PB,0,IV Núcleo Regional de Saúde,250510,2011
PB,0,IV Núcleo Regional de Saúde,250535,2011
PB,0,IV Núcleo Regional de Saúde,250620,2011
PB,0,IV Núcleo Regional de Saúde,251010,2011
PB,0,IV Núcleo Regional de Saúde,251030,2011
PB,0,IV Núcleo Regional de Saúde,251110,2011
PB,0,IV Núcleo Regional de Saúde,251140,2011
PB,0,IV Núcleo Regional de Saúde,251540,2011
PB,0,IV Núcleo Regional de Saúde,251615,2011
PB,0,IX Núcleo Regional de Saúde,250205,2011
PB,0,IX Núcleo Regional de Saúde,250220,2011
PB,0,IX Núcleo Regional de Saúde,250240,2011
PB,0,IX Núcleo Regional de Saúde,250330,2011
PB,0,IX Núcleo Regional de Saúde,250370,2011
PB,0,IX Núcleo Regional de Saúde,250410,2011
PB,0,IX Núcleo Regional de Saúde,250960,2011
PB,0,IX Núcleo Regional de Saúde,251203,2011
PB,0,IX Núcleo Regional de Saúde,251207,2011
PB,0,IX Núcleo Regional de Saúde,251330,2011
PB,0,IX Núcleo Regional de Saúde,251365,2011
PB,0,IX Núcleo Regional de Saúde,250070,2011
PB,0,IX Núcleo Regional de Saúde,251450,2011
PB,0,IX Núcleo Regional de Saúde,251680,2011
PB,0,IX Núcleo Regional de Saúde,251690,2011
PB,0,V Núcleo Regional de Saúde,250073,2011
PB,0,V Núcleo Regional de Saúde,250390,2011
PB,0,V Núcleo Regional de Saúde,250407,2011
PB,0,V Núcleo Regional de Saúde,250470,2011
PB,0,V Núcleo Regional de Saúde,250485,2011
PB,0,V Núcleo Regional de Saúde,250970,2011
PB,0,V Núcleo Regional de Saúde,251060,2011
PB,0,V Núcleo Regional de Saúde,251065,2011
PB,0,V Núcleo Regional de Saúde,251220,2011
PB,0,V Núcleo Regional de Saúde,251400,2011
PB,0,V Núcleo Regional de Saúde,251410,2011
PB,0,V Núcleo Regional de Saúde,251480,2011
PB,0,V Núcleo Regional de Saúde,251520,2011
PB,0,V Núcleo Regional de Saúde,251550,2011
PB,0,V Núcleo Regional de Saúde,251630,2011
PB,0,V Núcleo Regional de Saúde,251740,2011
PB,0,VI Núcleo Regional de Saúde,250115,2011
PB,0,VI Núcleo Regional de Saúde,250340,2011
PB,0,VI Núcleo Regional de Saúde,250355,2011
PB,0,VI Núcleo Regional de Saúde,250420,2011
PB,0,VI Núcleo Regional de Saúde,250450,2011
PB,0,VI Núcleo Regional de Saúde,250540,2011
PB,0,VI Núcleo Regional de Saúde,250590,2011
PB,0,VI Núcleo Regional de Saúde,250780,2011
PB,0,VI Núcleo Regional de Saúde,250870,2011
PB,0,VI Núcleo Regional de Saúde,250880,2011
PB,0,VI Núcleo Regional de Saúde,250939,2011
PB,0,VI Núcleo Regional de Saúde,251070,2011
PB,0,VI Núcleo Regional de Saúde,251080,2011
PB,0,VI Núcleo Regional de Saúde,251260,2011
PB,0,VI Núcleo Regional de Saúde,251300,2011
PB,0,VI Núcleo Regional de Saúde,251340,2011
PB,0,VI Núcleo Regional de Saúde,251380,2011
PB,0,VI Núcleo Regional de Saúde,251440,2011
PB,0,VI Núcleo Regional de Saúde,251460,2011
PB,0,VI Núcleo Regional de Saúde,251470,2011
PB,0,VI Núcleo Regional de Saúde,251490,2011
PB,0,VI Núcleo Regional de Saúde,251670,2011
PB,0,VI Núcleo Regional de Saúde,251710,2011
PB,0,VI Núcleo Regional de Saúde,250550,2011
PB,0,VII Núcleo Regional de Saúde,250020,2011
PB,0,VII Núcleo Regional de Saúde,250210,2011
PB,0,VII Núcleo Regional de Saúde,250440,2011
PB,0,VII Núcleo Regional de Saúde,250480,2011
PB,0,VII Núcleo Regional de Saúde,250530,2011
PB,0,VII Núcleo Regional de Saúde,250560,2011
PB,0,VII Núcleo Regional de Saúde,250660,2011
PB,0,VII Núcleo Regional de Saúde,250260,2011
PB,0,VII Núcleo Regional de Saúde,250700,2011
PB,0,VII Núcleo Regional de Saúde,251020,2011
PB,0,VII Núcleo Regional de Saúde,251040,2011
PB,0,VII Núcleo Regional de Saúde,251100,2011
PB,0,VII Núcleo Regional de Saúde,251130,2011
PB,0,VII Núcleo Regional de Saúde,251335,2011
PB,0,VII Núcleo Regional de Saúde,251350,2011
PB,0,VII Núcleo Regional de Saúde,251360,2011
PB,0,VII Núcleo Regional de Saúde,251430,2011
PB,0,VII Núcleo Regional de Saúde,251570,2011
PB,0,VIII Núcleo Regional de Saúde,250200,2011
PB,0,VIII Núcleo Regional de Saúde,250230,2011
PB,0,VIII Núcleo Regional de Saúde,250280,2011
PB,0,VIII Núcleo Regional de Saúde,250290,2011
PB,0,VIII Núcleo Regional de Saúde,250430,2011
PB,0,VIII Núcleo Regional de Saúde,250740,2011
PB,0,VIII Núcleo Regional de Saúde,250937,2011
PB,0,VIII Núcleo Regional de Saúde,251280,2011
PB,0,VIII Núcleo Regional de Saúde,251390,2011
PB,0,VIII Núcleo Regional de Saúde,251465,2011
PB,0,X Núcleo Regional de Saúde,250077,2011
PB,0,X Núcleo Regional de Saúde,250375,2011
PB,0,X Núcleo Regional de Saúde,250810,2011
PB,0,X Núcleo Regional de Saúde,250840,2011
PB,0,X Núcleo Regional de Saúde,250915,2011
PB,0,X Núcleo Regional de Saúde,251000,2011
PB,0,X Núcleo Regional de Saúde,251090,2011
PB,0,X Núcleo Regional de Saúde,251210,2011
PB,0,X Núcleo Regional de Saúde,251320,2011
PB,0,X Núcleo Regional de Saúde,251392,2011
PB,0,X Núcleo Regional de Saúde,251396,2011
PB,0,X Núcleo Regional de Saúde,251398,2011
PB,0,X Núcleo Regional de Saúde,251420,2011
PB,0,X Núcleo Regional de Saúde,251620,2011
PB,0,X Núcleo Regional de Saúde,251720,2011
PB,0,XI Núcleo Regional de Saúde,250010,2011
PB,0,XI Núcleo Regional de Saúde,250670,2011
PB,0,XI Núcleo Regional de Saúde,250800,2011
PB,0,XI Núcleo Regional de Saúde,250900,2011
PB,0,XI Núcleo Regional de Saúde,251230,2011
PB,0,XI Núcleo Regional de Saúde,251455,2011
PB,0,XI Núcleo Regional de Saúde,251660,2011
PB,0,XII Núcleo Regional de Saúde,250380,2011
PB,0,XII Núcleo Regional de Saúde,250640,2011
PB,0,XII Núcleo Regional de Saúde,250680,2011
PB,0,XII Núcleo Regional de Saúde,250690,2011
PB,0,XII Núcleo Regional de Saúde,250720,2011
PB,0,XII Núcleo Regional de Saúde,250760,2011
PB,0,XII Núcleo Regional de Saúde,250790,2011
PB,0,XII Núcleo Regional de Saúde,250940,2011
PB,0,XII Núcleo Regional de Saúde,251120,2011
PB,0,XII Núcleo Regional de Saúde,251150,2011
PB,0,XII Núcleo Regional de Saúde,251275,2011
PB,0,XII Núcleo Regional de Saúde,251310,2011
PB,0,XII Núcleo Regional de Saúde,251445,2011
PB,0,XII Núcleo Regional de Saúde,251500,2011
PE,0,Afogados da Ingazeira,260010,2011
PE,0,Afogados da Ingazeira,260250,2011
PE,0,Afogados da Ingazeira,260390,2011
PE,0,Afogados da Ingazeira,260690,2011
PE,0,Afogados da Ingazeira,260710,2011
PE,0,Afogados da Ingazeira,260770,2011
PE,0,Afogados da Ingazeira,261153,2011
PE,0,Afogados da Ingazeira,261280,2011
PE,0,Afogados da Ingazeira,261360,2011
PE,0,Afogados da Ingazeira,261440,2011
PE,0,Afogados da Ingazeira,261460,2011
PE,0,Afogados da Ingazeira,261590,2011
PE,0,Arcoverde,260120,2011
PE,0,Arcoverde,260280,2011
PE,0,Arcoverde,260510,2011
PE,0,Arcoverde,260660,2011
PE,0,Arcoverde,260700,2011
PE,0,Arcoverde,260805,2011
PE,0,Arcoverde,260915,2011
PE,0,Arcoverde,261080,2011
PE,0,Arcoverde,261100,2011
PE,0,Arcoverde,261410,2011
PE,0,Arcoverde,261480,2011
PE,0,Arcoverde,261580,2011
PE,0,Arcoverde,261600,2011
PE,0,Caruaru,260030,2011
PE,0,Caruaru,260060,2011
PE,0,Caruaru,260080,2011
PE,0,Caruaru,260130,2011
PE,0,Caruaru,260170,2011
PE,0,Caruaru,260190,2011
PE,0,Caruaru,260230,2011
PE,0,Caruaru,260260,2011
PE,0,Caruaru,260310,2011
PE,0,Caruaru,260350,2011
PE,0,Caruaru,260410,2011
PE,0,Caruaru,260500,2011
PE,0,Caruaru,260580,2011
PE,0,Caruaru,260640,2011
PE,0,Caruaru,260670,2011
PE,0,Caruaru,260800,2011
PE,0,Caruaru,260840,2011
PE,0,Caruaru,261020,2011
PE,0,Caruaru,261090,2011
PE,0,Caruaru,261120,2011
PE,0,Caruaru,261170,2011
PE,0,Caruaru,261200,2011
PE,0,Caruaru,261240,2011
PE,0,Caruaru,261250,2011
PE,0,Caruaru,261270,2011
PE,0,Caruaru,261300,2011
PE,0,Caruaru,261310,2011
PE,0,Caruaru,261330,2011
PE,0,Caruaru,261470,2011
PE,0,Caruaru,261500,2011
PE,0,Caruaru,261540,2011
PE,0,Caruaru,261620,2011
PE,0,Garanhuns,260050,2011
PE,0,Garanhuns,260100,2011
PE,0,Garanhuns,260210,2011
PE,0,Garanhuns,260240,2011
PE,0,Garanhuns,260320,2011
PE,0,Garanhuns,260330,2011
PE,0,Garanhuns,260370,2011
PE,0,Garanhuns,260380,2011
PE,0,Garanhuns,260470,2011
PE,0,Garanhuns,260600,2011
PE,0,Garanhuns,260650,2011
PE,0,Garanhuns,260750,2011
PE,0,Garanhuns,260825,2011
PE,0,Garanhuns,260830,2011
PE,0,Garanhuns,260860,2011
PE,0,Garanhuns,260880,2011
PE,0,Garanhuns,261010,2011
PE,0,Garanhuns,261030,2011
PE,0,Garanhuns,261230,2011
PE,0,Garanhuns,261320,2011
PE,0,Garanhuns,261510,2011
PE,0,Goiana,260070,2011
PE,0,Goiana,260360,2011
PE,0,Goiana,260460,2011
PE,0,Goiana,260550,2011
PE,0,Goiana,260620,2011
PE,0,Goiana,260765,2011
PE,0,Goiana,260780,2011
PE,0,Goiana,260900,2011
PE,0,Goiana,261380,2011
PE,0,Goiana,261530,2011
PE,0,Limoeiro,260220,2011
PE,0,Limoeiro,260270,2011
PE,0,Limoeiro,260400,2011
PE,0,Limoeiro,260415,2011
PE,0,Limoeiro,260490,2011
PE,0,Limoeiro,260540,2011
PE,0,Limoeiro,260810,2011
PE,0,Limoeiro,260845,2011
PE,0,Limoeiro,260850,2011
PE,0,Limoeiro,260890,2011
PE,0,Limoeiro,260910,2011
PE,0,Limoeiro,260950,2011
PE,0,Limoeiro,260970,2011
PE,0,Limoeiro,261050,2011
PE,0,Limoeiro,261060,2011
PE,0,Limoeiro,261210,2011
PE,0,Limoeiro,261450,2011
PE,0,Limoeiro,261550,2011
PE,0,Limoeiro,261618,2011
PE,0,Limoeiro,261630,2011
PE,0,Ouricuri,260110,2011
PE,0,Ouricuri,260200,2011
PE,0,Ouricuri,260530,2011
PE,0,Ouricuri,260630,2011
PE,0,Ouricuri,260730,2011
PE,0,Ouricuri,261430,2011
PE,0,Ouricuri,260990,2011
PE,0,Ouricuri,261040,2011
PE,0,Ouricuri,261245,2011
PE,0,Ouricuri,261255,2011
PE,0,Ouricuri,261560,2011
PE,0,Palmares,260040,2011
PE,0,Palmares,260090,2011
PE,0,Palmares,260140,2011
PE,0,Palmares,260150,2011
PE,0,Palmares,260420,2011
PE,0,Palmares,260480,2011
PE,0,Palmares,260520,2011
PE,0,Palmares,260590,2011
PE,0,Palmares,260795,2011
PE,0,Palmares,260820,2011
PE,0,Palmares,260870,2011
PE,0,Palmares,260920,2011
PE,0,Palmares,261000,2011
PE,0,Palmares,261140,2011
PE,0,Palmares,261150,2011
PE,0,Palmares,261180,2011
PE,0,Palmares,261190,2011
PE,0,Palmares,261290,2011
PE,0,Palmares,261340,2011
PE,0,Palmares,261420,2011
PE,0,Palmares,261485,2011
PE,0,Palmares,261650,2011
PE,0,Petrolina,260020,2011
PE,0,Petrolina,260300,2011
PE,0,Petrolina,260515,2011
PE,0,Petrolina,260875,2011
PE,0,Petrolina,260980,2011
PE,0,Petrolina,261110,2011
PE,0,Petrolina,261260,2011
PE,0,Recife,260005,2011
PE,0,Recife,260105,2011
PE,0,Recife,260290,2011
PE,0,Recife,260345,2011
PE,0,Recife,260440,2011
PE,0,Recife,260450,2011
PE,0,Recife,260545,2011
PE,0,Recife,260610,2011
PE,0,Recife,260680,2011
PE,0,Recife,260760,2011
PE,0,Recife,260720,2011
PE,0,Recife,260775,2011
PE,0,Recife,260790,2011
PE,0,Recife,260940,2011
PE,0,Recife,260960,2011
PE,0,Recife,261070,2011
PE,0,Recife,261130,2011
PE,0,Recife,261160,2011
PE,0,Recife,261370,2011
PE,0,Recife,261640,2011
PE,0,Salgueiro,260160,2011
PE,0,Salgueiro,260430,2011
PE,0,Salgueiro,260930,2011
PE,0,Salgueiro,261220,2011
PE,0,Salgueiro,261400,2011
PE,0,Salgueiro,261520,2011
PE,0,Salgueiro,261610,2011
PE,0,Serra Talhada,260180,2011
PE,0,Serra Talhada,260340,2011
PE,0,Serra Talhada,260392,2011
PE,0,Serra Talhada,260560,2011
PE,0,Serra Talhada,260570,2011
PE,0,Serra Talhada,260740,2011
PE,0,Serra Talhada,261247,2011
PE,0,Serra Talhada,261350,2011
PE,0,Serra Talhada,261390,2011
PE,0,Serra Talhada,261570,2011
PI,0,TD Carnaubais,220105,2011
PI,0,TD Carnaubais,220177,2011
PI,0,TD Carnaubais,220194,2011
PI,0,TD Carnaubais,220202,2011
PI,0,TD Carnaubais,220205,2011
PI,0,TD Carnaubais,220220,2011
PI,0,TD Carnaubais,220240,2011
PI,0,TD Carnaubais,220260,2011
PI,0,TD Carnaubais,220271,2011
PI,0,TD Carnaubais,220527,2011
PI,0,TD Carnaubais,220551,2011
PI,0,TD Carnaubais,220675,2011
PI,0,TD Carnaubais,220695,2011
PI,0,TD Carnaubais,220990,2011
PI,0,TD Carnaubais,221040,2011
PI,0,TD Carnaubais,221065,2011
PI,0,TD Chapada das Mangabeiras,220045,2011
PI,0,TD Chapada das Mangabeiras,220110,2011
PI,0,TD Chapada das Mangabeiras,220130,2011
PI,0,TD Chapada das Mangabeiras,220190,2011
PI,0,TD Chapada das Mangabeiras,220275,2011
PI,0,TD Chapada das Mangabeiras,220290,2011
PI,0,TD Chapada das Mangabeiras,220300,2011
PI,0,TD Chapada das Mangabeiras,220310,2011
PI,0,TD Chapada das Mangabeiras,220320,2011
PI,0,TD Chapada das Mangabeiras,220323,2011
PI,0,TD Chapada das Mangabeiras,220360,2011
PI,0,TD Chapada das Mangabeiras,220440,2011
PI,0,TD Chapada das Mangabeiras,220552,2011
PI,0,TD Chapada das Mangabeiras,220660,2011
PI,0,TD Chapada das Mangabeiras,220665,2011
PI,0,TD Chapada das Mangabeiras,220740,2011
PI,0,TD Chapada das Mangabeiras,220760,2011
PI,0,TD Chapada das Mangabeiras,220870,2011
PI,0,TD Chapada das Mangabeiras,220885,2011
PI,0,TD Chapada das Mangabeiras,220920,2011
PI,0,TD Chapada das Mangabeiras,220930,2011
PI,0,TD Chapada das Mangabeiras,220975,2011
PI,0,TD Chapada das Mangabeiras,221062,2011
PI,0,TD dos Cocais,220120,2011
PI,0,TD dos Cocais,220150,2011
PI,0,TD dos Cocais,220196,2011
PI,0,TD dos Cocais,220217,2011
PI,0,TD dos Cocais,220342,2011
PI,0,TD dos Cocais,220370,2011
PI,0,TD dos Cocais,220540,2011
PI,0,TD dos Cocais,220545,2011
PI,0,TD dos Cocais,220557,2011
PI,0,TD dos Cocais,220580,2011
PI,0,TD dos Cocais,220585,2011
PI,0,TD dos Cocais,220610,2011
PI,0,TD dos Cocais,220635,2011
PI,0,TD dos Cocais,220667,2011
PI,0,TD dos Cocais,220680,2011
PI,0,TD dos Cocais,220790,2011
PI,0,TD dos Cocais,220830,2011
PI,0,TD dos Cocais,220840,2011
PI,0,TD dos Cocais,220850,2011
PI,0,TD dos Cocais,220987,2011
PI,0,TD dos Cocais,220997,2011
PI,0,TD dos Cocais,221005,2011
PI,0,TD Entre Rios,220010,2011
PI,0,TD Entre Rios,220020,2011
PI,0,TD Entre Rios,220030,2011
PI,0,TD Entre Rios,220040,2011
PI,0,TD Entre Rios,220050,2011
PI,0,TD Entre Rios,220060,2011
PI,0,TD Entre Rios,220140,2011
PI,0,TD Entre Rios,220160,2011
PI,0,TD Entre Rios,220273,2011
PI,0,TD Entre Rios,220325,2011
PI,0,TD Entre Rios,220330,2011
PI,0,TD Entre Rios,220460,2011
PI,0,TD Entre Rios,220525,2011
PI,0,TD Entre Rios,220550,2011
PI,0,TD Entre Rios,220555,2011
PI,0,TD Entre Rios,220558,2011
PI,0,TD Entre Rios,220554,2011
PI,0,TD Entre Rios,220620,2011
PI,0,TD Entre Rios,220630,2011
PI,0,TD Entre Rios,220640,2011
PI,0,TD Entre Rios,220672,2011
PI,0,TD Entre Rios,220710,2011
PI,0,TD Entre Rios,220750,2011
PI,0,TD Entre Rios,220775,2011
PI,0,TD Entre Rios,220779,2011
PI,0,TD Entre Rios,220880,2011
PI,0,TD Entre Rios,220945,2011
PI,0,TD Entre Rios,220980,2011
PI,0,TD Entre Rios,221050,2011
PI,0,TD Entre Rios,221100,2011
PI,0,TD Entre Rios,221110,2011
PI,0,TD Planície Litorânea,220191,2011
PI,0,TD Planície Litorânea,220200,2011
PI,0,TD Planície Litorânea,220208,2011
PI,0,TD Planície Litorânea,220253,2011
PI,0,TD Planície Litorânea,220265,2011
PI,0,TD Planície Litorânea,220270,2011
PI,0,TD Planície Litorânea,220272,2011
PI,0,TD Planície Litorânea,220465,2011
PI,0,TD Planície Litorânea,220570,2011
PI,0,TD Planície Litorânea,220669,2011
PI,0,TD Planície Litorânea,220770,2011
PI,0,TD Serra da Capivara,220070,2011
PI,0,TD Serra da Capivara,220192,2011
PI,0,TD Serra da Capivara,220211,2011
PI,0,TD Serra da Capivara,220245,2011
PI,0,TD Serra da Capivara,220250,2011
PI,0,TD Serra da Capivara,220285,2011
PI,0,TD Serra da Capivara,220335,2011
PI,0,TD Serra da Capivara,220345,2011
PI,0,TD Serra da Capivara,220375,2011
PI,0,TD Serra da Capivara,220455,2011
PI,0,TD Serra da Capivara,220535,2011
PI,0,TD Serra da Capivara,220553,2011
PI,0,TD Serra da Capivara,220556,2011
PI,0,TD Serra da Capivara,220955,2011
PI,0,TD Serra da Capivara,221000,2011
PI,0,TD Serra da Capivara,221035,2011
PI,0,TD Serra da Capivara,221060,2011
PI,0,TD Serra da Capivara,221135,2011
PI,0,TD Tabuleiros do Alto Parnaíba,220080,2011
PI,0,TD Tabuleiros do Alto Parnaíba,220115,2011
PI,0,TD Tabuleiros do Alto Parnaíba,220890,2011
PI,0,TD Tabuleiros do Alto Parnaíba,221063,2011
PI,0,TD Tabuleiros do Alto Parnaíba,221120,2011
PI,0,TD Vale do Canindé,220155,2011
PI,0,TD Vale do Canindé,220207,2011
PI,0,TD Vale do Canindé,220210,2011
PI,0,TD Vale do Canindé,220277,2011
PI,0,TD Vale do Canindé,220280,2011
PI,0,TD Vale do Canindé,220385,2011
PI,0,TD Vale do Canindé,220490,2011
PI,0,TD Vale do Canindé,220700,2011
PI,0,TD Vale do Canindé,220937,2011
PI,0,TD Vale do Canindé,220950,2011
PI,0,TD Vale do Canindé,220965,2011
PI,0,TD Vale do Canindé,220995,2011
PI,0,TD Vale do Canindé,221080,2011
PI,0,TD Vale do Canindé,221097,2011
PI,0,TD Vale do Rio Guaribas,220005,2011
PI,0,TD Vale do Rio Guaribas,220025,2011
PI,0,TD Vale do Rio Guaribas,220027,2011
PI,0,TD Vale do Rio Guaribas,220095,2011
PI,0,TD Vale do Rio Guaribas,220157,2011
PI,0,TD Vale do Rio Guaribas,220173,2011
PI,0,TD Vale do Rio Guaribas,220180,2011
PI,0,TD Vale do Rio Guaribas,220209,2011
PI,0,TD Vale do Rio Guaribas,220213,2011
PI,0,TD Vale do Rio Guaribas,220255,2011
PI,0,TD Vale do Rio Guaribas,220327,2011
PI,0,TD Vale do Rio Guaribas,220340,2011
PI,0,TD Vale do Rio Guaribas,220415,2011
PI,0,TD Vale do Rio Guaribas,220420,2011
PI,0,TD Vale do Rio Guaribas,220430,2011
PI,0,TD Vale do Rio Guaribas,220435,2011
PI,0,TD Vale do Rio Guaribas,220480,2011
PI,0,TD Vale do Rio Guaribas,220500,2011
PI,0,TD Vale do Rio Guaribas,220515,2011
PI,0,TD Vale do Rio Guaribas,220520,2011
PI,0,TD Vale do Rio Guaribas,220595,2011
PI,0,TD Vale do Rio Guaribas,220605,2011
PI,0,TD Vale do Rio Guaribas,220650,2011
PI,0,TD Vale do Rio Guaribas,220720,2011
PI,0,TD Vale do Rio Guaribas,220755,2011
PI,0,TD Vale do Rio Guaribas,220777,2011
PI,0,TD Vale do Rio Guaribas,220780,2011
PI,0,TD Vale do Rio Guaribas,220800,2011
PI,0,TD Vale do Rio Guaribas,220820,2011
PI,0,TD Vale do Rio Guaribas,220865,2011
PI,0,TD Vale do Rio Guaribas,220910,2011
PI,0,TD Vale do Rio Guaribas,220935,2011
PI,0,TD Vale do Rio Guaribas,220940,2011
PI,0,TD Vale do Rio Guaribas,220985,2011
PI,0,TD Vale do Rio Guaribas,221020,2011
PI,0,TD Vale do Rio Guaribas,221030,2011
PI,0,TD Vale do Rio Guaribas,221037,2011
PI,0,TD Vale do Rio Guaribas,221070,2011
PI,0,TD Vale do Rio Guaribas,221093,2011
PI,0,TD Vale do Rio Guaribas,221150,2011
PI,0,TD Vale do Rio Guaribas,221160,2011
PI,0,TD Vale do Rio Guaribas,221170,2011
PI,0,TD Vale do Sambito,220090,2011
PI,0,TD Vale do Sambito,220117,2011
PI,0,TD Vale do Sambito,220350,2011
PI,0,TD Vale do Sambito,220400,2011
PI,0,TD Vale do Sambito,220470,2011
PI,0,TD Vale do Sambito,220559,2011
PI,0,TD Vale do Sambito,220690,2011
PI,0,TD Vale do Sambito,220810,2011
PI,0,TD Vale do Sambito,220860,2011
PI,0,TD Vale do Sambito,220915,2011
PI,0,TD Vale do Sambito,220960,2011
PI,0,TD Vale do Sambito,221038,2011
PI,0,TD Vale do Sambito,221130,2011
PI,0,TD Vale do Sambito,221140,2011
PI,0,TD Vale dos Rios Piauí e Itaueiras,220100,2011
PI,0,TD Vale dos Rios Piauí e Itaueiras,220170,2011
PI,0,TD Vale dos Rios Piauí e Itaueiras,220198,2011
PI,0,TD Vale dos Rios Piauí e Itaueiras,220225,2011
PI,0,TD Vale dos Rios Piauí e Itaueiras,220230,2011
PI,0,TD Vale dos Rios Piauí e Itaueiras,220380,2011
PI,0,TD Vale dos Rios Piauí e Itaueiras,220390,2011
PI,0,TD Vale dos Rios Piauí e Itaueiras,220410,2011
PI,0,TD Vale dos Rios Piauí e Itaueiras,220450,2011
PI,0,TD Vale dos Rios Piauí e Itaueiras,220510,2011
PI,0,TD Vale dos Rios Piauí e Itaueiras,220530,2011
PI,0,TD Vale dos Rios Piauí e Itaueiras,220560,2011
PI,0,TD Vale dos Rios Piauí e Itaueiras,220590,2011
PI,0,TD Vale dos Rios Piauí e Itaueiras,220600,2011
PI,0,TD Vale dos Rios Piauí e Itaueiras,220670,2011
PI,0,TD Vale dos Rios Piauí e Itaueiras,220795,2011
PI,0,TD Vale dos Rios Piauí e Itaueiras,220730,2011
PI,0,TD Vale dos Rios Piauí e Itaueiras,220735,2011
PI,0,TD Vale dos Rios Piauí e Itaueiras,220785,2011
PI,0,TD Vale dos Rios Piauí e Itaueiras,220793,2011
PI,0,TD Vale dos Rios Piauí e Itaueiras,220855,2011
PI,0,TD Vale dos Rios Piauí e Itaueiras,220887,2011
PI,0,TD Vale dos Rios Piauí e Itaueiras,220900,2011
PI,0,TD Vale dos Rios Piauí e Itaueiras,220970,2011
PI,0,TD Vale dos Rios Piauí e Itaueiras,221010,2011
PI,0,TD Vale dos Rios Piauí e Itaueiras,221039,2011
PI,0,TD Vale dos Rios Piauí e Itaueiras,221090,2011
PI,0,TD Vale dos Rios Piauí e Itaueiras,221095,2011
PR,0,Apucarana,410140,2011
PR,0,Apucarana,410150,2011
PR,0,Apucarana,410320,2011
PR,0,Apucarana,410330,2011
PR,0,Apucarana,410350,2011
PR,0,Apucarana,410380,2011
PR,0,Apucarana,410760,2011
PR,0,Apucarana,410870,2011
PR,0,Apucarana,411210,2011
PR,0,Apucarana,411310,2011
PR,0,Apucarana,411490,2011
PR,0,Apucarana,411550,2011
PR,0,Apucarana,411575,2011
PR,0,Apucarana,411729,2011
PR,0,Apucarana,412210,2011
PR,0,Apucarana,412270,2011
PR,0,Apucarana,412580,2011
PR,0,Campo Mourão,410045,2011
PR,0,Campo Mourão,410170,2011
PR,0,Campo Mourão,410250,2011
PR,0,Campo Mourão,410300,2011
PR,0,Campo Mourão,410390,2011
PR,0,Campo Mourão,410430,2011
PR,0,Campo Mourão,410655,2011
PR,0,Campo Mourão,410750,2011
PR,0,Campo Mourão,410755,2011
PR,0,Campo Mourão,410770,2011
PR,0,Campo Mourão,410860,2011
PR,0,Campo Mourão,411080,2011
PR,0,Campo Mourão,411220,2011
PR,0,Campo Mourão,411295,2011
PR,0,Campo Mourão,411373,2011
PR,0,Campo Mourão,411400,2011
PR,0,Campo Mourão,411610,2011
PR,0,Campo Mourão,411680,2011
PR,0,Campo Mourão,411880,2011
PR,0,Campo Mourão,412065,2011
PR,0,Campo Mourão,412110,2011
PR,0,Campo Mourão,412135,2011
PR,0,Campo Mourão,412250,2011
PR,0,Campo Mourão,412720,2011
PR,0,Campo Mourão,412800,2011
PR,0,Cascavel,410105,2011
PR,0,Cascavel,410305,2011
PR,0,Cascavel,410335,2011
PR,0,Cascavel,410345,2011
PR,0,Cascavel,410405,2011
PR,0,Cascavel,410460,2011
PR,0,Cascavel,410480,2011
PR,0,Cascavel,410500,2011
PR,0,Cascavel,410530,2011
PR,0,Cascavel,410630,2011
PR,0,Cascavel,410712,2011
PR,0,Cascavel,410754,2011
PR,0,Cascavel,410820,2011
PR,0,Cascavel,410930,2011
PR,0,Cascavel,410975,2011
PR,0,Cascavel,411005,2011
PR,0,Cascavel,411065,2011
PR,0,Cascavel,411275,2011
PR,0,Cascavel,411345,2011
PR,0,Cascavel,411670,2011
PR,0,Cascavel,412090,2011
PR,0,Cascavel,412382,2011
PR,0,Cascavel,412402,2011
PR,0,Cascavel,412785,2011
PR,0,Cascavel,412855,2011
PR,0,Cianorte,410550,2011
PR,0,Cianorte,410560,2011
PR,0,Cianorte,410910,2011
PR,0,Cianorte,411040,2011
PR,0,Cianorte,411240,2011
PR,0,Cianorte,411300,2011
PR,0,Cianorte,412260,2011
PR,0,Cianorte,412555,2011
PR,0,Cianorte,412610,2011
PR,0,Cianorte,412680,2011
PR,0,Cianorte,412790,2011
PR,0,Cornélio Procópio,410010,2011
PR,0,Cornélio Procópio,410110,2011
PR,0,Cornélio Procópio,410240,2011
PR,0,Cornélio Procópio,410600,2011
PR,0,Cornélio Procópio,410640,2011
PR,0,Cornélio Procópio,411100,2011
PR,0,Cornélio Procópio,411340,2011
PR,0,Cornélio Procópio,411660,2011
PR,0,Cornélio Procópio,411700,2011
PR,0,Cornélio Procópio,411721,2011
PR,0,Cornélio Procópio,412130,2011
PR,0,Cornélio Procópio,412190,2011
PR,0,Cornélio Procópio,412310,2011
PR,0,Cornélio Procópio,412320,2011
PR,0,Cornélio Procópio,412390,2011
PR,0,Cornélio Procópio,412430,2011
PR,0,Cornélio Procópio,412470,2011
PR,0,Cornélio Procópio,412600,2011
PR,0,Cornélio Procópio,412620,2011
PR,0,Cornélio Procópio,412640,2011
PR,0,Cornélio Procópio,412840,2011
PR,0,Foz do Iguaçu,410830,2011
PR,0,Foz do Iguaçu,411095,2011
PR,0,Foz do Iguaçu,411560,2011
PR,0,Foz do Iguaçu,411580,2011
PR,0,Foz do Iguaçu,411605,2011
PR,0,Foz do Iguaçu,412125,2011
PR,0,Foz do Iguaçu,412405,2011
PR,0,Foz do Iguaçu,412570,2011
PR,0,Foz do Iguaçu,412635,2011
PR,0,Francisco Beltrão,410100,2011
PR,0,Francisco Beltrão,410260,2011
PR,0,Francisco Beltrão,410275,2011
PR,0,Francisco Beltrão,410302,2011
PR,0,Francisco Beltrão,410315,2011
PR,0,Francisco Beltrão,410450,2011
PR,0,Francisco Beltrão,410657,2011
PR,0,Francisco Beltrão,410720,2011
PR,0,Francisco Beltrão,410740,2011
PR,0,Francisco Beltrão,410785,2011
PR,0,Francisco Beltrão,410840,2011
PR,0,Francisco Beltrão,411435,2011
PR,0,Francisco Beltrão,411540,2011
PR,0,Francisco Beltrão,411695,2011
PR,0,Francisco Beltrão,411725,2011
PR,0,Francisco Beltrão,411900,2011
PR,0,Francisco Beltrão,411925,2011
PR,0,Francisco Beltrão,411980,2011
PR,0,Francisco Beltrão,412035,2011
PR,0,Francisco Beltrão,412140,2011
PR,0,Francisco Beltrão,412160,2011
PR,0,Francisco Beltrão,412280,2011
PR,0,Francisco Beltrão,412300,2011
PR,0,Francisco Beltrão,412380,2011
PR,0,Francisco Beltrão,412440,2011
PR,0,Francisco Beltrão,412520,2011
PR,0,Francisco Beltrão,412860,2011
PR,0,Guarapuava,410304,2011
PR,0,Guarapuava,410395,2011
PR,0,Guarapuava,410442,2011
PR,0,Guarapuava,410445,2011
PR,0,Guarapuava,410845,2011
PR,0,Guarapuava,410865,2011
PR,0,Guarapuava,410940,2011
PR,0,Guarapuava,411325,2011
PR,0,Guarapuava,411330,2011
PR,0,Guarapuava,411545,2011
PR,0,Guarapuava,411705,2011
PR,0,Guarapuava,411780,2011
PR,0,Guarapuava,411930,2011
PR,0,Guarapuava,411960,2011
PR,0,Guarapuava,412015,2011
PR,0,Guarapuava,412060,2011
PR,0,Guarapuava,412175,2011
PR,0,Guarapuava,412215,2011
PR,0,Guarapuava,412796,2011
PR,0,Guarapuava,412865,2011
PR,0,Irati,410773,2011
PR,0,Irati,410895,2011
PR,0,Irati,411010,2011
PR,0,Irati,411020,2011
PR,0,Irati,411070,2011
PR,0,Irati,411390,2011
PR,0,Irati,412150,2011
PR,0,Irati,412200,2011
PR,0,Irati,412700,2011
PR,0,Ivaiporã,410165,2011
PR,0,Ivaiporã,410185,2011
PR,0,Ivaiporã,410440,2011
PR,0,Ivaiporã,410685,2011
PR,0,Ivaiporã,410855,2011
PR,0,Ivaiporã,411150,2011
PR,0,Ivaiporã,411250,2011
PR,0,Ivaiporã,411342,2011
PR,0,Ivaiporã,411375,2011
PR,0,Ivaiporã,411450,2011
PR,0,Ivaiporã,411573,2011
PR,0,Ivaiporã,411727,2011
PR,0,Ivaiporã,412217,2011
PR,0,Ivaiporã,412265,2011
PR,0,Ivaiporã,412385,2011
PR,0,Ivaiporã,412500,2011
PR,0,Jacarezinho,410270,2011
PR,0,Jacarezinho,410360,2011
PR,0,Jacarezinho,410470,2011
PR,0,Jacarezinho,410610,2011
PR,0,Jacarezinho,410775,2011
PR,0,Jacarezinho,410900,2011
PR,0,Jacarezinho,410970,2011
PR,0,Jacarezinho,411170,2011
PR,0,Jacarezinho,411180,2011
PR,0,Jacarezinho,411230,2011
PR,0,Jacarezinho,411280,2011
PR,0,Jacarezinho,411290,2011
PR,0,Jacarezinho,411920,2011
PR,0,Jacarezinho,412070,2011
PR,0,Jacarezinho,412180,2011
PR,0,Jacarezinho,412290,2011
PR,0,Jacarezinho,412400,2011
PR,0,Jacarezinho,412410,2011
PR,0,Jacarezinho,412540,2011
PR,0,Jacarezinho,412660,2011
PR,0,Jacarezinho,412780,2011
PR,0,Jacarezinho,412850,2011
PR,0,Londrina,410080,2011
PR,0,Londrina,410190,2011
PR,0,Londrina,410280,2011
PR,0,Londrina,410340,2011
PR,0,Londrina,410370,2011
PR,0,Londrina,410510,2011
PR,0,Londrina,410800,2011
PR,0,Londrina,410920,2011
PR,0,Londrina,410980,2011
PR,0,Londrina,411190,2011
PR,0,Londrina,411270,2011
PR,0,Londrina,411370,2011
PR,0,Londrina,411380,2011
PR,0,Londrina,411600,2011
PR,0,Londrina,411965,2011
PR,0,Londrina,412000,2011
PR,0,Londrina,412033,2011
PR,0,Londrina,412050,2011
PR,0,Londrina,412240,2011
PR,0,Londrina,412650,2011
PR,0,Londrina,412667,2011
PR,0,Maringá,410115,2011
PR,0,Maringá,410210,2011
PR,0,Maringá,410220,2011
PR,0,Maringá,410590,2011
PR,0,Maringá,410730,2011
PR,0,Maringá,410780,2011
PR,0,Maringá,410790,2011
PR,0,Maringá,410810,2011
PR,0,Maringá,411000,2011
PR,0,Maringá,411090,2011
PR,0,Maringá,411110,2011
PR,0,Maringá,411160,2011
PR,0,Maringá,411360,2011
PR,0,Maringá,411410,2011
PR,0,Maringá,411420,2011
PR,0,Maringá,411480,2011
PR,0,Maringá,411520,2011
PR,0,Maringá,411630,2011
PR,0,Maringá,411640,2011
PR,0,Maringá,411690,2011
PR,0,Maringá,411740,2011
PR,0,Maringá,411750,2011
PR,0,Maringá,411810,2011
PR,0,Maringá,412040,2011
PR,0,Maringá,412340,2011
PR,0,Maringá,412360,2011
PR,0,Maringá,412450,2011
PR,0,Maringá,412530,2011
PR,0,Maringá,412625,2011
PR,0,Maringá,412830,2011
PR,0,Metropolitana,410020,2011
PR,0,Metropolitana,410030,2011
PR,0,Metropolitana,410040,2011
PR,0,Metropolitana,410180,2011
PR,0,Metropolitana,410230,2011
PR,0,Metropolitana,410310,2011
PR,0,Metropolitana,410400,2011
PR,0,Metropolitana,410410,2011
PR,0,Metropolitana,410420,2011
PR,0,Metropolitana,410425,2011
PR,0,Metropolitana,410520,2011
PR,0,Metropolitana,410580,2011
PR,0,Metropolitana,410620,2011
PR,0,Metropolitana,410690,2011
PR,0,Metropolitana,412863,2011
PR,0,Metropolitana,410765,2011
PR,0,Metropolitana,411125,2011
PR,0,Metropolitana,411320,2011
PR,0,Metropolitana,411430,2011
PR,0,Metropolitana,411910,2011
PR,0,Metropolitana,411915,2011
PR,0,Metropolitana,411950,2011
PR,0,Metropolitana,412080,2011
PR,0,Metropolitana,412120,2011
PR,0,Metropolitana,412220,2011
PR,0,Metropolitana,412230,2011
PR,0,Metropolitana,412550,2011
PR,0,Metropolitana,412760,2011
PR,0,Metropolitana,412788,2011
PR,0,Paranaguá,410120,2011
PR,0,Paranaguá,410950,2011
PR,0,Paranaguá,410960,2011
PR,0,Paranaguá,411570,2011
PR,0,Paranaguá,411620,2011
PR,0,Paranaguá,411820,2011
PR,0,Paranaguá,411995,2011
PR,0,Paranavaí,410060,2011
PR,0,Paranavaí,410090,2011
PR,0,Paranavaí,410670,2011
PR,0,Paranavaí,410710,2011
PR,0,Paranavaí,410890,2011
PR,0,Paranavaí,411030,2011
PR,0,Paranavaí,411130,2011
PR,0,Paranavaí,411260,2011
PR,0,Paranavaí,411350,2011
PR,0,Paranavaí,411500,2011
PR,0,Paranavaí,411590,2011
PR,0,Paranavaí,411650,2011
PR,0,Paranavaí,411710,2011
PR,0,Paranavaí,411800,2011
PR,0,Paranavaí,411830,2011
PR,0,Paranavaí,411840,2011
PR,0,Paranavaí,411970,2011
PR,0,Paranavaí,412020,2011
PR,0,Paranavaí,412100,2011
PR,0,Paranavaí,412330,2011
PR,0,Paranavaí,412370,2011
PR,0,Paranavaí,412395,2011
PR,0,Paranavaí,412420,2011
PR,0,Paranavaí,412460,2011
PR,0,Paranavaí,412490,2011
PR,0,Paranavaí,412590,2011
PR,0,Paranavaí,412670,2011
PR,0,Paranavaí,412730,2011
PR,0,Pato Branco,410322,2011
PR,0,Pato Branco,410540,2011
PR,0,Pato Branco,410570,2011
PR,0,Pato Branco,410645,2011
PR,0,Pato Branco,410650,2011
PR,0,Pato Branco,410965,2011
PR,0,Pato Branco,411120,2011
PR,0,Pato Branco,411440,2011
PR,0,Pato Branco,411530,2011
PR,0,Pato Branco,411760,2011
PR,0,Pato Branco,411850,2011
PR,0,Pato Branco,412480,2011
PR,0,Pato Branco,412627,2011
PR,0,Pato Branco,412665,2011
PR,0,Pato Branco,412870,2011
PR,0,Ponta Grossa,410160,2011
PR,0,Ponta Grossa,410465,2011
PR,0,Ponta Grossa,410490,2011
PR,0,Ponta Grossa,411050,2011
PR,0,Ponta Grossa,411140,2011
PR,0,Ponta Grossa,411200,2011
PR,0,Ponta Grossa,411770,2011
PR,0,Ponta Grossa,411940,2011
PR,0,Ponta Grossa,411990,2011
PR,0,Ponta Grossa,412010,2011
PR,0,Ponta Grossa,412510,2011
PR,0,Ponta Grossa,412630,2011
PR,0,Telêmaco Borba,410700,2011
PR,0,Telêmaco Borba,411007,2011
PR,0,Telêmaco Borba,411730,2011
PR,0,Telêmaco Borba,412170,2011
PR,0,Telêmaco Borba,412710,2011
PR,0,Telêmaco Borba,412750,2011
PR,0,Telêmaco Borba,412853,2011
PR,0,Toledo,410200,2011
PR,0,Toledo,410715,2011
PR,0,Toledo,410753,2011
PR,0,Toledo,410880,2011
PR,0,Toledo,411460,2011
PR,0,Toledo,411535,2011
PR,0,Toledo,411585,2011
PR,0,Toledo,411722,2011
PR,0,Toledo,411745,2011
PR,0,Toledo,411790,2011
PR,0,Toledo,411845,2011
PR,0,Toledo,412085,2011
PR,0,Toledo,412350,2011
PR,0,Toledo,412545,2011
PR,0,Toledo,412575,2011
PR,0,Toledo,412740,2011
PR,0,Toledo,412770,2011
PR,0,Toledo,412795,2011
PR,0,Umuarama,412862,2011
PR,0,Umuarama,410070,2011
PR,0,Umuarama,410050,2011
PR,0,Umuarama,410337,2011
PR,0,Umuarama,410347,2011
PR,0,Umuarama,410660,2011
PR,0,Umuarama,410725,2011
PR,0,Umuarama,410752,2011
PR,0,Umuarama,410832,2011
PR,0,Umuarama,410990,2011
PR,0,Umuarama,411060,2011
PR,0,Umuarama,411155,2011
PR,0,Umuarama,411470,2011
PR,0,Umuarama,411510,2011
PR,0,Umuarama,411720,2011
PR,0,Umuarama,411885,2011
PR,0,Umuarama,411890,2011
PR,0,Umuarama,412535,2011
PR,0,Umuarama,412690,2011
PR,0,Umuarama,412810,2011
PR,0,Umuarama,412880,2011
PR,0,União da Vitória,410130,2011
PR,0,União da Vitória,410290,2011
PR,0,União da Vitória,410680,2011
PR,0,União da Vitória,410850,2011
PR,0,União da Vitória,411860,2011
PR,0,União da Vitória,411870,2011
PR,0,União da Vitória,412030,2011
PR,0,União da Vitória,412560,2011
PR,0,União da Vitória,412820,2011
RJ,0,Baía da Ilha Grande,330010,2011
RJ,0,Baía da Ilha Grande,330260,2011
RJ,0,Baía da Ilha Grande,330380,2011
RJ,0,Baixada Litorânea,330020,2011
RJ,0,Baixada Litorânea,330023,2011
RJ,0,Baixada Litorânea,330025,2011
RJ,0,Baixada Litorânea,330070,2011
RJ,0,Baixada Litorânea,330130,2011
RJ,0,Baixada Litorânea,330187,2011
RJ,0,Baixada Litorânea,330452,2011
RJ,0,Baixada Litorânea,330520,2011
RJ,0,Baixada Litorânea,330550,2011
RJ,0,Centro-Sul,330022,2011
RJ,0,Centro-Sul,330095,2011
RJ,0,Centro-Sul,330180,2011
RJ,0,Centro-Sul,330280,2011
RJ,0,Centro-Sul,330290,2011
RJ,0,Centro-Sul,330360,2011
RJ,0,Centro-Sul,330370,2011
RJ,0,Centro-Sul,330385,2011
RJ,0,Centro-Sul,330540,2011
RJ,0,Centro-Sul,330600,2011
RJ,0,Centro-Sul,330620,2011
RJ,0,Médio Paraíba,330030,2011
RJ,0,Médio Paraíba,330040,2011
RJ,0,Médio Paraíba,330225,2011
RJ,0,Médio Paraíba,330395,2011
RJ,0,Médio Paraíba,330400,2011
RJ,0,Médio Paraíba,330411,2011
RJ,0,Médio Paraíba,330412,2011
RJ,0,Médio Paraíba,330420,2011
RJ,0,Médio Paraíba,330440,2011
RJ,0,Médio Paraíba,330450,2011
RJ,0,Médio Paraíba,330610,2011
RJ,0,Médio Paraíba,330630,2011
RJ,0,Metropolitana I,330045,2011
RJ,0,Metropolitana I,330170,2011
RJ,0,Metropolitana I,330200,2011
RJ,0,Metropolitana I,330227,2011
RJ,0,Metropolitana I,330250,2011
RJ,0,Metropolitana I,330285,2011
RJ,0,Metropolitana I,330320,2011
RJ,0,Metropolitana I,330350,2011
RJ,0,Metropolitana I,330414,2011
RJ,0,Metropolitana I,330455,2011
RJ,0,Metropolitana I,330510,2011
RJ,0,Metropolitana I,330555,2011
RJ,0,Metropolitana II,330190,2011
RJ,0,Metropolitana II,330270,2011
RJ,0,Metropolitana II,330330,2011
RJ,0,Metropolitana II,330430,2011
RJ,0,Metropolitana II,330490,2011
RJ,0,Metropolitana II,330560,2011
RJ,0,Metropolitana II,330575,2011
RJ,0,Noroeste,330015,2011
RJ,0,Noroeste,330060,2011
RJ,0,Noroeste,330090,2011
RJ,0,Noroeste,330115,2011
RJ,0,Noroeste,330205,2011
RJ,0,Noroeste,330210,2011
RJ,0,Noroeste,330220,2011
RJ,0,Noroeste,330230,2011
RJ,0,Noroeste,330300,2011
RJ,0,Noroeste,330310,2011
RJ,0,Noroeste,330410,2011
RJ,0,Noroeste,330470,2011
RJ,0,Noroeste,330513,2011
RJ,0,Noroeste,330615,2011
RJ,0,Norte,330100,2011
RJ,0,Norte,330093,2011
RJ,0,Norte,330140,2011
RJ,0,Norte,330240,2011
RJ,0,Norte,330415,2011
RJ,0,Norte,330480,2011
RJ,0,Norte,330475,2011
RJ,0,Norte,330500,2011
RJ,0,Serrana,330050,2011
RJ,0,Serrana,330080,2011
RJ,0,Serrana,330110,2011
RJ,0,Serrana,330120,2011
RJ,0,Serrana,330150,2011
RJ,0,Serrana,330160,2011
RJ,0,Serrana,330185,2011
RJ,0,Serrana,330245,2011
RJ,0,Serrana,330340,2011
RJ,0,Serrana,330390,2011
RJ,0,Serrana,330460,2011
RJ,0,Serrana,330515,2011
RJ,0,Serrana,330530,2011
RJ,0,Serrana,330570,2011
RJ,0,Serrana,330580,2011
RJ,0,Serrana,330590,2011
RN,0,Grande Natal,240260,2011
RN,0,Grande Natal,240360,2011
RN,0,Grande Natal,240710,2011
RN,0,Grande Natal,240810,2011
RN,0,Grande Natal,240325,2011
RN,0,Grande Natal,241200,2011
RN,0,I ETAM,240120,2011
RN,0,I ETAM,240140,2011
RN,0,I ETAM,240180,2011
RN,0,I ETAM,240220,2011
RN,0,I ETAM,240350,2011
RN,0,I ETAM,240420,2011
RN,0,I ETAM,240615,2011
RN,0,I ETAM,240620,2011
RN,0,I ETAM,240630,2011
RN,0,I ETAM,240660,2011
RN,0,I ETAM,240770,2011
RN,0,I ETAM,240780,2011
RN,0,I ETAM,240790,2011
RN,0,I ETAM,240820,2011
RN,0,I ETAM,240830,2011
RN,0,I ETAM,240910,2011
RN,0,I ETAM,240920,2011
RN,0,I ETAM,240980,2011
RN,0,I ETAM,241150,2011
RN,0,I ETAM,241220,2011
RN,0,I ETAM,241320,2011
RN,0,I ETAM,241330,2011
RN,0,I ETAM,241350,2011
RN,0,I ETAM,241420,2011
RN,0,I ETAM,241470,2011
RN,0,I ETAM,241480,2011
RN,0,I ETAM,241500,2011
RN,0,II ETAM,240020,2011
RN,0,II ETAM,240070,2011
RN,0,II ETAM,240080,2011
RN,0,II ETAM,240100,2011
RN,0,II ETAM,240110,2011
RN,0,II ETAM,240130,2011
RN,0,II ETAM,240145,2011
RN,0,II ETAM,240230,2011
RN,0,II ETAM,240250,2011
RN,0,II ETAM,240370,2011
RN,0,II ETAM,240375,2011
RN,0,II ETAM,240430,2011
RN,0,II ETAM,240440,2011
RN,0,II ETAM,240470,2011
RN,0,II ETAM,240485,2011
RN,0,II ETAM,240520,2011
RN,0,II ETAM,240760,2011
RN,0,II ETAM,240800,2011
RN,0,II ETAM,240870,2011
RN,0,II ETAM,240990,2011
RN,0,II ETAM,241025,2011
RN,0,II ETAM,241280,2011
RN,0,II ETAM,241335,2011
RN,0,II ETAM,241105,2011
RN,0,II ETAM,241445,2011
RN,0,II ETAM,241460,2011
RN,0,III ETAM,240030,2011
RN,0,III ETAM,240160,2011
RN,0,III ETAM,240185,2011
RN,0,III ETAM,240190,2011
RN,0,III ETAM,240410,2011
RN,0,III ETAM,240450,2011
RN,0,III ETAM,240460,2011
RN,0,III ETAM,240510,2011
RN,0,III ETAM,240550,2011
RN,0,III ETAM,240580,2011
RN,0,III ETAM,240670,2011
RN,0,III ETAM,240720,2011
RN,0,III ETAM,240750,2011
RN,0,III ETAM,240880,2011
RN,0,III ETAM,240950,2011
RN,0,III ETAM,240960,2011
RN,0,III ETAM,240970,2011
RN,0,III ETAM,241010,2011
RN,0,III ETAM,241040,2011
RN,0,III ETAM,241090,2011
RN,0,III ETAM,240895,2011
RN,0,III ETAM,241160,2011
RN,0,III ETAM,241255,2011
RN,0,III ETAM,241390,2011
RN,0,III ETAM,241440,2011
RN,0,IV ETAM,240010,2011
RN,0,IV ETAM,240165,2011
RN,0,IV ETAM,240200,2011
RN,0,IV ETAM,240240,2011
RN,0,IV ETAM,240270,2011
RN,0,IV ETAM,240300,2011
RN,0,IV ETAM,240310,2011
RN,0,IV ETAM,240340,2011
RN,0,IV ETAM,240380,2011
RN,0,IV ETAM,240480,2011
RN,0,IV ETAM,240560,2011
RN,0,IV ETAM,240570,2011
RN,0,IV ETAM,240610,2011
RN,0,IV ETAM,240650,2011
RN,0,IV ETAM,240850,2011
RN,0,IV ETAM,240890,2011
RN,0,IV ETAM,241140,2011
RN,0,IV ETAM,241142,2011
RN,0,IV ETAM,241180,2011
RN,0,IV ETAM,241210,2011
RN,0,IV ETAM,241240,2011
RN,0,IV ETAM,241300,2011
RN,0,IV ETAM,241340,2011
RN,0,IV ETAM,241415,2011
RN,0,IV ETAM,241430,2011
RN,0,V ETAM,240150,2011
RN,0,V ETAM,240170,2011
RN,0,V ETAM,240210,2011
RN,0,V ETAM,240280,2011
RN,0,V ETAM,240500,2011
RN,0,V ETAM,240530,2011
RN,0,V ETAM,240540,2011
RN,0,V ETAM,240640,2011
RN,0,V ETAM,240680,2011
RN,0,V ETAM,241030,2011
RN,0,V ETAM,241110,2011
RN,0,V ETAM,241120,2011
RN,0,V ETAM,240933,2011
RN,0,V ETAM,241170,2011
RN,0,V ETAM,241230,2011
RN,0,V ETAM,241260,2011
RN,0,V ETAM,241270,2011
RN,0,V ETAM,241290,2011
RN,0,V ETAM,241310,2011
RN,0,V ETAM,241370,2011
RN,0,V ETAM,241400,2011
RN,0,VI ETAM,240040,2011
RN,0,VI ETAM,240050,2011
RN,0,VI ETAM,240060,2011
RN,0,VI ETAM,240090,2011
RN,0,VI ETAM,240290,2011
RN,0,VI ETAM,240320,2011
RN,0,VI ETAM,240330,2011
RN,0,VI ETAM,240390,2011
RN,0,VI ETAM,240400,2011
RN,0,VI ETAM,240490,2011
RN,0,VI ETAM,240590,2011
RN,0,VI ETAM,240600,2011
RN,0,VI ETAM,240690,2011
RN,0,VI ETAM,240700,2011
RN,0,VI ETAM,240725,2011
RN,0,VI ETAM,240730,2011
RN,0,VI ETAM,240740,2011
RN,0,VI ETAM,240840,2011
RN,0,VI ETAM,240860,2011
RN,0,VI ETAM,240930,2011
RN,0,VI ETAM,240940,2011
RN,0,VI ETAM,241000,2011
RN,0,VI ETAM,241020,2011
RN,0,VI ETAM,241050,2011
RN,0,VI ETAM,241060,2011
RN,0,VI ETAM,241070,2011
RN,0,VI ETAM,241080,2011
RN,0,VI ETAM,241100,2011
RN,0,VI ETAM,241190,2011
RN,0,VI ETAM,241250,2011
RN,0,VI ETAM,241355,2011
RN,0,VI ETAM,241360,2011
RN,0,VI ETAM,241380,2011
RN,0,VI ETAM,241410,2011
RN,0,VI ETAM,241450,2011
RN,0,VI ETAM,241475,2011
RN,0,VI ETAM,241490,2011
RO,0,Departamento de Epidemiologia,110040,2011
RO,0,Departamento de Epidemiologia,110002,2011
RO,0,Departamento de Epidemiologia,110045,2011
RO,0,Departamento de Epidemiologia,110060,2011
RO,0,Departamento de Epidemiologia,110070,2011
RO,0,Departamento de Epidemiologia,110080,2011
RO,0,Departamento de Epidemiologia,110094,2011
RO,0,Departamento de Epidemiologia,110010,2011
RO,0,Departamento de Epidemiologia,110110,2011
RO,0,Departamento de Epidemiologia,110013,2011
RO,0,Departamento de Epidemiologia,110140,2011
RO,0,Departamento de Epidemiologia,110033,2011
RO,0,Departamento de Epidemiologia,110020,2011
RO,0,Departamento de Epidemiologia,110026,2011
RO,0,Departamento de Epidemiologia,110175,2011
RO,0,I Delegacia Regional de Saúde,110034,2011
RO,0,I Delegacia Regional de Saúde,110008,2011
RO,0,I Delegacia Regional de Saúde,110100,2011
RO,0,I Delegacia Regional de Saúde,110011,2011
RO,0,I Delegacia Regional de Saúde,110012,2011
RO,0,I Delegacia Regional de Saúde,110130,2011
RO,0,I Delegacia Regional de Saúde,110143,2011
RO,0,I Delegacia Regional de Saúde,110015,2011
RO,0,I Delegacia Regional de Saúde,110025,2011
RO,0,I Delegacia Regional de Saúde,110149,2011
RO,0,I Delegacia Regional de Saúde,110032,2011
RO,0,I Delegacia Regional de Saúde,110150,2011
RO,0,I Delegacia Regional de Saúde,110155,2011
RO,0,I Delegacia Regional de Saúde,110160,2011
RO,0,I Delegacia Regional de Saúde,110170,2011
RO,0,I Delegacia Regional de Saúde,110180,2011
RO,0,II Delegacia Regional de Saúde,110001,2011
RO,0,II Delegacia Regional de Saúde,110037,2011
RO,0,II Delegacia Regional de Saúde,110004,2011
RO,0,II Delegacia Regional de Saúde,110090,2011
RO,0,II Delegacia Regional de Saúde,110009,2011
RO,0,II Delegacia Regional de Saúde,110120,2011
RO,0,II Delegacia Regional de Saúde,110014,2011
RO,0,II Delegacia Regional de Saúde,110050,2011
RO,0,II Delegacia Regional de Saúde,110145,2011
RO,0,II Delegacia Regional de Saúde,110018,2011
RO,0,II Delegacia Regional de Saúde,110147,2011
RO,0,II Delegacia Regional de Saúde,110028,2011
RO,0,II Delegacia Regional de Saúde,110029,2011
RO,0,II Delegacia Regional de Saúde,110148,2011
RO,0,III Delegacia Regional de Saúde,110003,2011
RO,0,III Delegacia Regional de Saúde,110005,2011
RO,0,III Delegacia Regional de Saúde,110092,2011
RO,0,III Delegacia Regional de Saúde,110006,2011
RO,0,III Delegacia Regional de Saúde,110007,2011
RO,0,III Delegacia Regional de Saúde,110146,2011
RO,0,III Delegacia Regional de Saúde,110030,2011
RR,0,Secretaria Estadual de Saúde,140005,2011
RR,0,Secretaria Estadual de Saúde,140002,2011
RR,0,Secretaria Estadual de Saúde,140010,2011
RR,0,Secretaria Estadual de Saúde,140015,2011
RR,0,Secretaria Estadual de Saúde,140017,2011
RR,0,Secretaria Estadual de Saúde,140020,2011
RR,0,Secretaria Estadual de Saúde,140023,2011
RR,0,Secretaria Estadual de Saúde,140028,2011
RR,0,Secretaria Estadual de Saúde,140030,2011
RR,0,Secretaria Estadual de Saúde,140040,2011
RR,0,Secretaria Estadual de Saúde,140045,2011
RR,0,Secretaria Estadual de Saúde,140047,2011
RR,0,Secretaria Estadual de Saúde,140050,2011
RR,0,Secretaria Estadual de Saúde,140060,2011
RR,0,Secretaria Estadual de Saúde,140070,2011
RS,0,CRS 01 Porto Alegre,430060,2011
RS,0,CRS 01 Porto Alegre,430087,2011
RS,0,CRS 01 Porto Alegre,430310,2011
RS,0,CRS 01 Porto Alegre,430390,2011
RS,0,CRS 01 Porto Alegre,430460,2011
RS,0,CRS 01 Porto Alegre,430640,2011
RS,0,CRS 01 Porto Alegre,430760,2011
RS,0,CRS 01 Porto Alegre,430770,2011
RS,0,CRS 01 Porto Alegre,430905,2011
RS,0,CRS 01 Porto Alegre,430920,2011
RS,0,CRS 01 Porto Alegre,431080,2011
RS,0,CRS 01 Porto Alegre,431162,2011
RS,0,CRS 01 Porto Alegre,431247,2011
RS,0,CRS 01 Porto Alegre,431306,2011
RS,0,CRS 01 Porto Alegre,431337,2011
RS,0,CRS 01 Porto Alegre,431340,2011
RS,0,CRS 01 Porto Alegre,431480,2011
RS,0,CRS 01 Porto Alegre,431490,2011
RS,0,CRS 01 Porto Alegre,431514,2011
RS,0,CRS 01 Porto Alegre,431695,2011
RS,0,CRS 01 Porto Alegre,431870,2011
RS,0,CRS 01 Porto Alegre,431990,2011
RS,0,CRS 01 Porto Alegre,432000,2011
RS,0,CRS 01 Porto Alegre,432300,2011
RS,0,CRS 02 Porto Alegre,430085,2011
RS,0,CRS 02 Porto Alegre,430110,2011
RS,0,CRS 02 Porto Alegre,430165,2011
RS,0,CRS 02 Porto Alegre,430175,2011
RS,0,CRS 02 Porto Alegre,430190,2011
RS,0,CRS 02 Porto Alegre,430265,2011
RS,0,CRS 02 Porto Alegre,430270,2011
RS,0,CRS 02 Porto Alegre,430350,2011
RS,0,CRS 02 Porto Alegre,430360,2011
RS,0,CRS 02 Porto Alegre,430468,2011
RS,0,CRS 02 Porto Alegre,430517,2011
RS,0,CRS 02 Porto Alegre,430535,2011
RS,0,CRS 02 Porto Alegre,430544,2011
RS,0,CRS 02 Porto Alegre,430650,2011
RS,0,CRS 02 Porto Alegre,430676,2011
RS,0,CRS 02 Porto Alegre,430880,2011
RS,0,CRS 02 Porto Alegre,430930,2011
RS,0,CRS 02 Porto Alegre,430955,2011
RS,0,CRS 02 Porto Alegre,431010,2011
RS,0,CRS 02 Porto Alegre,431179,2011
RS,0,CRS 02 Porto Alegre,431198,2011
RS,0,CRS 02 Porto Alegre,431225,2011
RS,0,CRS 02 Porto Alegre,431240,2011
RS,0,CRS 02 Porto Alegre,431403,2011
RS,0,CRS 02 Porto Alegre,431405,2011
RS,0,CRS 02 Porto Alegre,431575,2011
RS,0,CRS 02 Porto Alegre,431600,2011
RS,0,CRS 02 Porto Alegre,431650,2011
RS,0,CRS 02 Porto Alegre,431820,2011
RS,0,CRS 02 Porto Alegre,431840,2011
RS,0,CRS 02 Porto Alegre,431848,2011
RS,0,CRS 02 Porto Alegre,431861,2011
RS,0,CRS 02 Porto Alegre,431935,2011
RS,0,CRS 02 Porto Alegre,431950,2011
RS,0,CRS 02 Porto Alegre,432035,2011
RS,0,CRS 02 Porto Alegre,432055,2011
RS,0,CRS 02 Porto Alegre,432110,2011
RS,0,CRS 02 Porto Alegre,432120,2011
RS,0,CRS 02 Porto Alegre,432170,2011
RS,0,CRS 02 Porto Alegre,432200,2011
RS,0,CRS 02 Porto Alegre,432225,2011
RS,0,CRS 03 Pelotas,430063,2011
RS,0,CRS 03 Pelotas,430107,2011
RS,0,CRS 03 Pelotas,430130,2011
RS,0,CRS 03 Pelotas,430450,2011
RS,0,CRS 03 Pelotas,430466,2011
RS,0,CRS 03 Pelotas,430512,2011
RS,0,CRS 03 Pelotas,430543,2011
RS,0,CRS 03 Pelotas,430605,2011
RS,0,CRS 03 Pelotas,430710,2011
RS,0,CRS 03 Pelotas,431100,2011
RS,0,CRS 03 Pelotas,431245,2011
RS,0,CRS 03 Pelotas,431417,2011
RS,0,CRS 03 Pelotas,431420,2011
RS,0,CRS 03 Pelotas,431440,2011
RS,0,CRS 03 Pelotas,431450,2011
RS,0,CRS 03 Pelotas,431460,2011
RS,0,CRS 03 Pelotas,431560,2011
RS,0,CRS 03 Pelotas,431730,2011
RS,0,CRS 03 Pelotas,431700,2011
RS,0,CRS 03 Pelotas,431850,2011
RS,0,CRS 03 Pelotas,431880,2011
RS,0,CRS 03 Pelotas,432232,2011
RS,0,CRS 04 Santa Maria,430010,2011
RS,0,CRS 04 Santa Maria,430290,2011
RS,0,CRS 04 Santa Maria,430465,2011
RS,0,CRS 04 Santa Maria,430637,2011
RS,0,CRS 04 Santa Maria,430670,2011
RS,0,CRS 04 Santa Maria,430800,2011
RS,0,CRS 04 Santa Maria,430840,2011
RS,0,CRS 04 Santa Maria,431053,2011
RS,0,CRS 04 Santa Maria,431075,2011
RS,0,CRS 04 Santa Maria,431110,2011
RS,0,CRS 04 Santa Maria,431113,2011
RS,0,CRS 04 Santa Maria,431120,2011
RS,0,CRS 04 Santa Maria,431210,2011
RS,0,CRS 04 Santa Maria,431303,2011
RS,0,CRS 04 Santa Maria,431310,2011
RS,0,CRS 04 Santa Maria,431402,2011
RS,0,CRS 04 Santa Maria,431447,2011
RS,0,CRS 04 Santa Maria,431532,2011
RS,0,CRS 04 Santa Maria,431550,2011
RS,0,CRS 04 Santa Maria,431690,2011
RS,0,CRS 04 Santa Maria,431740,2011
RS,0,CRS 04 Santa Maria,431810,2011
RS,0,CRS 04 Santa Maria,431843,2011
RS,0,CRS 04 Santa Maria,431912,2011
RS,0,CRS 04 Santa Maria,431940,2011
RS,0,CRS 04 Santa Maria,431960,2011
RS,0,CRS 04 Santa Maria,431980,2011
RS,0,CRS 04 Santa Maria,432065,2011
RS,0,CRS 04 Santa Maria,432149,2011
RS,0,CRS 04 Santa Maria,432237,2011
RS,0,CRS 04 Santa Maria,432345,2011
RS,0,CRS 05 Caxias do Sul,430057,2011
RS,0,CRS 05 Caxias do Sul,430080,2011
RS,0,CRS 05 Caxias do Sul,430210,2011
RS,0,CRS 05 Caxias do Sul,430225,2011
RS,0,CRS 05 Caxias do Sul,430230,2011
RS,0,CRS 05 Caxias do Sul,430235,2011
RS,0,CRS 05 Caxias do Sul,430367,2011
RS,0,CRS 05 Caxias do Sul,430440,2011
RS,0,CRS 05 Caxias do Sul,430480,2011
RS,0,CRS 05 Caxias do Sul,430510,2011
RS,0,CRS 05 Caxias do Sul,430593,2011
RS,0,CRS 05 Caxias do Sul,430595,2011
RS,0,CRS 05 Caxias do Sul,430740,2011
RS,0,CRS 05 Caxias do Sul,430786,2011
RS,0,CRS 05 Caxias do Sul,430790,2011
RS,0,CRS 05 Caxias do Sul,430810,2011
RS,0,CRS 05 Caxias do Sul,430820,2011
RS,0,CRS 05 Caxias do Sul,430860,2011
RS,0,CRS 05 Caxias do Sul,430910,2011
RS,0,CRS 05 Caxias do Sul,430925,2011
RS,0,CRS 05 Caxias do Sul,430940,2011
RS,0,CRS 05 Caxias do Sul,431043,2011
RS,0,CRS 05 Caxias do Sul,431112,2011
RS,0,CRS 05 Caxias do Sul,431164,2011
RS,0,CRS 05 Caxias do Sul,431237,2011
RS,0,CRS 05 Caxias do Sul,431238,2011
RS,0,CRS 05 Caxias do Sul,431261,2011
RS,0,CRS 05 Caxias do Sul,431280,2011
RS,0,CRS 05 Caxias do Sul,431290,2011
RS,0,CRS 05 Caxias do Sul,431308,2011
RS,0,CRS 05 Caxias do Sul,431320,2011
RS,0,CRS 05 Caxias do Sul,431330,2011
RS,0,CRS 05 Caxias do Sul,431335,2011
RS,0,CRS 05 Caxias do Sul,431400,2011
RS,0,CRS 05 Caxias do Sul,431442,2011
RS,0,CRS 05 Caxias do Sul,431446,2011
RS,0,CRS 05 Caxias do Sul,431453,2011
RS,0,CRS 05 Caxias do Sul,431517,2011
RS,0,CRS 05 Caxias do Sul,431725,2011
RS,0,CRS 05 Caxias do Sul,431844,2011
RS,0,CRS 05 Caxias do Sul,431862,2011
RS,0,CRS 05 Caxias do Sul,431900,2011
RS,0,CRS 05 Caxias do Sul,431975,2011
RS,0,CRS 05 Caxias do Sul,432235,2011
RS,0,CRS 05 Caxias do Sul,432250,2011
RS,0,CRS 05 Caxias do Sul,432254,2011
RS,0,CRS 05 Caxias do Sul,432280,2011
RS,0,CRS 05 Caxias do Sul,432330,2011
RS,0,CRS 05 Caxias do Sul,432360,2011
RS,0,CRS 06 Passo Fundo,430005,2011
RS,0,CRS 06 Passo Fundo,430047,2011
RS,0,CRS 06 Passo Fundo,430055,2011
RS,0,CRS 06 Passo Fundo,430066,2011
RS,0,CRS 06 Passo Fundo,430180,2011
RS,0,CRS 06 Passo Fundo,430320,2011
RS,0,CRS 06 Passo Fundo,430355,2011
RS,0,CRS 06 Passo Fundo,430410,2011
RS,0,CRS 06 Passo Fundo,430462,2011
RS,0,CRS 06 Passo Fundo,430470,2011
RS,0,CRS 06 Passo Fundo,430490,2011
RS,0,CRS 06 Passo Fundo,430495,2011
RS,0,CRS 06 Passo Fundo,430550,2011
RS,0,CRS 06 Passo Fundo,430585,2011
RS,0,CRS 06 Passo Fundo,430597,2011
RS,0,CRS 06 Passo Fundo,430630,2011
RS,0,CRS 06 Passo Fundo,430705,2011
RS,0,CRS 06 Passo Fundo,430750,2011
RS,0,CRS 06 Passo Fundo,430885,2011
RS,0,CRS 06 Passo Fundo,430980,2011
RS,0,CRS 06 Passo Fundo,430990,2011
RS,0,CRS 06 Passo Fundo,430995,2011
RS,0,CRS 06 Passo Fundo,431127,2011
RS,0,CRS 06 Passo Fundo,431130,2011
RS,0,CRS 06 Passo Fundo,431125,2011
RS,0,CRS 06 Passo Fundo,431170,2011
RS,0,CRS 06 Passo Fundo,431180,2011
RS,0,CRS 06 Passo Fundo,431213,2011
RS,0,CRS 06 Passo Fundo,431220,2011
RS,0,CRS 06 Passo Fundo,431235,2011
RS,0,CRS 06 Passo Fundo,431242,2011
RS,0,CRS 06 Passo Fundo,431262,2011
RS,0,CRS 06 Passo Fundo,431265,2011
RS,0,CRS 06 Passo Fundo,431267,2011
RS,0,CRS 06 Passo Fundo,431275,2011
RS,0,CRS 06 Passo Fundo,431360,2011
RS,0,CRS 06 Passo Fundo,431410,2011
RS,0,CRS 06 Passo Fundo,431477,2011
RS,0,CRS 06 Passo Fundo,431660,2011
RS,0,CRS 06 Passo Fundo,431673,2011
RS,0,CRS 06 Passo Fundo,431755,2011
RS,0,CRS 06 Passo Fundo,431775,2011
RS,0,CRS 06 Passo Fundo,431795,2011
RS,0,CRS 06 Passo Fundo,431805,2011
RS,0,CRS 06 Passo Fundo,431842,2011
RS,0,CRS 06 Passo Fundo,431860,2011
RS,0,CRS 06 Passo Fundo,432040,2011
RS,0,CRS 06 Passo Fundo,432050,2011
RS,0,CRS 06 Passo Fundo,432080,2011
RS,0,CRS 06 Passo Fundo,432090,2011
RS,0,CRS 06 Passo Fundo,432100,2011
RS,0,CRS 06 Passo Fundo,432146,2011
RS,0,CRS 06 Passo Fundo,432215,2011
RS,0,CRS 06 Passo Fundo,432218,2011
RS,0,CRS 06 Passo Fundo,432255,2011
RS,0,CRS 06 Passo Fundo,432320,2011
RS,0,CRS 06 Passo Fundo,432335,2011
RS,0,CRS 06 Passo Fundo,432340,2011
RS,0,CRS 07 Bagé,430003,2011
RS,0,CRS 07 Bagé,430160,2011
RS,0,CRS 07 Bagé,430435,2011
RS,0,CRS 07 Bagé,430660,2011
RS,0,CRS 07 Bagé,430965,2011
RS,0,CRS 07 Bagé,431150,2011
RS,0,CRS 08 Cachoeira do Sul,430120,2011
RS,0,CRS 08 Cachoeira do Sul,430280,2011
RS,0,CRS 08 Cachoeira do Sul,430300,2011
RS,0,CRS 08 Cachoeira do Sul,430513,2011
RS,0,CRS 08 Cachoeira do Sul,430690,2011
RS,0,CRS 08 Cachoeira do Sul,430781,2011
RS,0,CRS 08 Cachoeira do Sul,430975,2011
RS,0,CRS 08 Cachoeira do Sul,431123,2011
RS,0,CRS 08 Cachoeira do Sul,431339,2011
RS,0,CRS 08 Cachoeira do Sul,431406,2011
RS,0,CRS 08 Cachoeira do Sul,432026,2011
RS,0,CRS 08 Cachoeira do Sul,432070,2011
RS,0,CRS 09 Cruz Alta,430222,2011
RS,0,CRS 09 Cruz Alta,430223,2011
RS,0,CRS 09 Cruz Alta,430560,2011
RS,0,CRS 09 Cruz Alta,430610,2011
RS,0,CRS 09 Cruz Alta,430845,2011
RS,0,CRS 09 Cruz Alta,431000,2011
RS,0,CRS 09 Cruz Alta,431087,2011
RS,0,CRS 09 Cruz Alta,431535,2011
RS,0,CRS 09 Cruz Alta,431643,2011
RS,0,CRS 09 Cruz Alta,431645,2011
RS,0,CRS 09 Cruz Alta,431670,2011
RS,0,CRS 09 Cruz Alta,432030,2011
RS,0,CRS 09 Cruz Alta,432220,2011
RS,0,CRS 10 Alegrete,430040,2011
RS,0,CRS 10 Alegrete,430187,2011
RS,0,CRS 10 Alegrete,431060,2011
RS,0,CRS 10 Alegrete,431171,2011
RS,0,CRS 10 Alegrete,431175,2011
RS,0,CRS 10 Alegrete,431530,2011
RS,0,CRS 10 Alegrete,431640,2011
RS,0,CRS 10 Alegrete,431710,2011
RS,0,CRS 10 Alegrete,431697,2011
RS,0,CRS 10 Alegrete,431830,2011
RS,0,CRS 10 Alegrete,432240,2011
RS,0,CRS 11 Erechim,430090,2011
RS,0,CRS 11 Erechim,430155,2011
RS,0,CRS 11 Erechim,430170,2011
RS,0,CRS 11 Erechim,430192,2011
RS,0,CRS 11 Erechim,430205,2011
RS,0,CRS 11 Erechim,430380,2011
RS,0,CRS 11 Erechim,430485,2011
RS,0,CRS 11 Erechim,430511,2011
RS,0,CRS 11 Erechim,430537,2011
RS,0,CRS 11 Erechim,430613,2011
RS,0,CRS 11 Erechim,430695,2011
RS,0,CRS 11 Erechim,430697,2011
RS,0,CRS 11 Erechim,430700,2011
RS,0,CRS 11 Erechim,430720,2011
RS,0,CRS 11 Erechim,430755,2011
RS,0,CRS 11 Erechim,430805,2011
RS,0,CRS 11 Erechim,430825,2011
RS,0,CRS 11 Erechim,430870,2011
RS,0,CRS 11 Erechim,430890,2011
RS,0,CRS 11 Erechim,431046,2011
RS,0,CRS 11 Erechim,431070,2011
RS,0,CRS 11 Erechim,431090,2011
RS,0,CRS 11 Erechim,431190,2011
RS,0,CRS 11 Erechim,431200,2011
RS,0,CRS 11 Erechim,431413,2011
RS,0,CRS 11 Erechim,431478,2011
RS,0,CRS 11 Erechim,431531,2011
RS,0,CRS 11 Erechim,431970,2011
RS,0,CRS 11 Erechim,432060,2011
RS,0,CRS 11 Erechim,432163,2011
RS,0,CRS 11 Erechim,432290,2011
RS,0,CRS 12 Santo Ângelo,430250,2011
RS,0,CRS 12 Santo Ângelo,430330,2011
RS,0,CRS 12 Santo Ângelo,430520,2011
RS,0,CRS 12 Santo Ângelo,430635,2011
RS,0,CRS 12 Santo Ângelo,430693,2011
RS,0,CRS 12 Santo Ângelo,430783,2011
RS,0,CRS 12 Santo Ângelo,430865,2011
RS,0,CRS 12 Santo Ângelo,430950,2011
RS,0,CRS 12 Santo Ângelo,431055,2011
RS,0,CRS 12 Santo Ângelo,431217,2011
RS,0,CRS 12 Santo Ângelo,431455,2011
RS,0,CRS 12 Santo Ângelo,431510,2011
RS,0,CRS 12 Santo Ângelo,431595,2011
RS,0,CRS 12 Santo Ângelo,431630,2011
RS,0,CRS 12 Santo Ângelo,431647,2011
RS,0,CRS 12 Santo Ângelo,431750,2011
RS,0,CRS 12 Santo Ângelo,431770,2011
RS,0,CRS 12 Santo Ângelo,431800,2011
RS,0,CRS 12 Santo Ângelo,431890,2011
RS,0,CRS 12 Santo Ângelo,431915,2011
RS,0,CRS 12 Santo Ângelo,431920,2011
RS,0,CRS 12 Santo Ângelo,431937,2011
RS,0,CRS 12 Santo Ângelo,432057,2011
RS,0,CRS 12 Santo Ângelo,432234,2011
RS,0,CRS 12 Santo Ângelo,432375,2011
RS,0,CRS 13 Santa Cruz do Sul,430420,2011
RS,0,CRS 13 Santa Cruz do Sul,430915,2011
RS,0,CRS 13 Santa Cruz do Sul,430957,2011
RS,0,CRS 13 Santa Cruz do Sul,431215,2011
RS,0,CRS 13 Santa Cruz do Sul,431395,2011
RS,0,CRS 13 Santa Cruz do Sul,431407,2011
RS,0,CRS 13 Santa Cruz do Sul,431570,2011
RS,0,CRS 13 Santa Cruz do Sul,431680,2011
RS,0,CRS 13 Santa Cruz do Sul,432067,2011
RS,0,CRS 13 Santa Cruz do Sul,432253,2011
RS,0,CRS 13 Santa Cruz do Sul,432252,2011
RS,0,CRS 13 Santa Cruz do Sul,432260,2011
RS,0,CRS 13 Santa Cruz do Sul,432270,2011
RS,0,CRS 14 Santa Rosa,430030,2011
RS,0,CRS 14 Santa Rosa,430045,2011
RS,0,CRS 14 Santa Rosa,430220,2011
RS,0,CRS 14 Santa Rosa,430370,2011
RS,0,CRS 14 Santa Rosa,430430,2011
RS,0,CRS 14 Santa Rosa,430673,2011
RS,0,CRS 14 Santa Rosa,430900,2011
RS,0,CRS 14 Santa Rosa,430960,2011
RS,0,CRS 14 Santa Rosa,431040,2011
RS,0,CRS 14 Santa Rosa,431301,2011
RS,0,CRS 14 Santa Rosa,431342,2011
RS,0,CRS 14 Santa Rosa,431500,2011
RS,0,CRS 14 Santa Rosa,431505,2011
RS,0,CRS 14 Santa Rosa,431507,2011
RS,0,CRS 14 Santa Rosa,431720,2011
RS,0,CRS 14 Santa Rosa,431790,2011
RS,0,CRS 14 Santa Rosa,431849,2011
RS,0,CRS 14 Santa Rosa,431930,2011
RS,0,CRS 14 Santa Rosa,432032,2011
RS,0,CRS 14 Santa Rosa,432180,2011
RS,0,CRS 14 Santa Rosa,432210,2011
RS,0,CRS 14 Santa Rosa,432230,2011
RS,0,CRS 15 Palmeira das Missões,430195,2011
RS,0,CRS 15 Palmeira das Missões,430215,2011
RS,0,CRS 15 Palmeira das Missões,430260,2011
RS,0,CRS 15 Palmeira das Missões,430515,2011
RS,0,CRS 15 Palmeira das Missões,430530,2011
RS,0,CRS 15 Palmeira das Missões,430580,2011
RS,0,CRS 15 Palmeira das Missões,430590,2011
RS,0,CRS 15 Palmeira das Missões,430642,2011
RS,0,CRS 15 Palmeira das Missões,430692,2011
RS,0,CRS 15 Palmeira das Missões,430912,2011
RS,0,CRS 15 Palmeira das Missões,431085,2011
RS,0,CRS 15 Palmeira das Missões,431142,2011
RS,0,CRS 15 Palmeira das Missões,431230,2011
RS,0,CRS 15 Palmeira das Missões,431295,2011
RS,0,CRS 15 Palmeira das Missões,431349,2011
RS,0,CRS 15 Palmeira das Missões,431346,2011
RS,0,CRS 15 Palmeira das Missões,431370,2011
RS,0,CRS 15 Palmeira das Missões,431540,2011
RS,0,CRS 15 Palmeira das Missões,431610,2011
RS,0,CRS 15 Palmeira das Missões,431620,2011
RS,0,CRS 15 Palmeira das Missões,431642,2011
RS,0,CRS 15 Palmeira das Missões,431845,2011
RS,0,CRS 15 Palmeira das Missões,431936,2011
RS,0,CRS 15 Palmeira das Missões,432010,2011
RS,0,CRS 15 Palmeira das Missões,432185,2011
RS,0,CRS 15 Palmeira das Missões,432195,2011
RS,0,CRS 16 Lajeado,430070,2011
RS,0,CRS 16 Lajeado,430100,2011
RS,0,CRS 16 Lajeado,430140,2011
RS,0,CRS 16 Lajeado,430200,2011
RS,0,CRS 16 Lajeado,430240,2011
RS,0,CRS 16 Lajeado,430245,2011
RS,0,CRS 16 Lajeado,430461,2011
RS,0,CRS 16 Lajeado,430469,2011
RS,0,CRS 16 Lajeado,430558,2011
RS,0,CRS 16 Lajeado,430583,2011
RS,0,CRS 16 Lajeado,430620,2011
RS,0,CRS 16 Lajeado,430645,2011
RS,0,CRS 16 Lajeado,430675,2011
RS,0,CRS 16 Lajeado,430680,2011
RS,0,CRS 16 Lajeado,430780,2011
RS,0,CRS 16 Lajeado,430807,2011
RS,0,CRS 16 Lajeado,430830,2011
RS,0,CRS 16 Lajeado,430843,2011
RS,0,CRS 16 Lajeado,431030,2011
RS,0,CRS 16 Lajeado,431036,2011
RS,0,CRS 16 Lajeado,431057,2011
RS,0,CRS 16 Lajeado,431140,2011
RS,0,CRS 16 Lajeado,431205,2011
RS,0,CRS 16 Lajeado,431260,2011
RS,0,CRS 16 Lajeado,431300,2011
RS,0,CRS 16 Lajeado,431415,2011
RS,0,CRS 16 Lajeado,431475,2011
RS,0,CRS 16 Lajeado,431513,2011
RS,0,CRS 16 Lajeado,431515,2011
RS,0,CRS 16 Lajeado,431520,2011
RS,0,CRS 16 Lajeado,431545,2011
RS,0,CRS 16 Lajeado,431580,2011
RS,0,CRS 16 Lajeado,431675,2011
RS,0,CRS 16 Lajeado,431846,2011
RS,0,CRS 16 Lajeado,431971,2011
RS,0,CRS 16 Lajeado,432045,2011
RS,0,CRS 16 Lajeado,432085,2011
RS,0,CRS 16 Lajeado,432130,2011
RS,0,CRS 16 Lajeado,432145,2011
RS,0,CRS 16 Lajeado,432162,2011
RS,0,CRS 16 Lajeado,432285,2011
RS,0,CRS 16 Lajeado,432377,2011
RS,0,CRS 17 Ijuí,430020,2011
RS,0,CRS 17 Ijuí,430150,2011
RS,0,CRS 17 Ijuí,430258,2011
RS,0,CRS 17 Ijuí,430400,2011
RS,0,CRS 17 Ijuí,430500,2011
RS,0,CRS 17 Ijuí,430540,2011
RS,0,CRS 17 Ijuí,430570,2011
RS,0,CRS 17 Ijuí,430587,2011
RS,0,CRS 17 Ijuí,430600,2011
RS,0,CRS 17 Ijuí,430970,2011
RS,0,CRS 17 Ijuí,431020,2011
RS,0,CRS 17 Ijuí,431041,2011
RS,0,CRS 17 Ijuí,431115,2011
RS,0,CRS 17 Ijuí,431333,2011
RS,0,CRS 17 Ijuí,431390,2011
RS,0,CRS 17 Ijuí,431430,2011
RS,0,CRS 17 Ijuí,431780,2011
RS,0,CRS 17 Ijuí,431910,2011
RS,0,CRS 17 Ijuí,431973,2011
RS,0,CRS 17 Ijuí,432023,2011
RS,0,CRS 18 Osório,430105,2011
RS,0,CRS 18 Osório,430163,2011
RS,0,CRS 18 Osório,430463,2011
RS,0,CRS 18 Osório,430467,2011
RS,0,CRS 18 Osório,430471,2011
RS,0,CRS 18 Osório,430545,2011
RS,0,CRS 18 Osório,430655,2011
RS,0,CRS 18 Osório,431033,2011
RS,0,CRS 18 Osório,431065,2011
RS,0,CRS 18 Osório,431173,2011
RS,0,CRS 18 Osório,431177,2011
RS,0,CRS 18 Osório,431244,2011
RS,0,CRS 18 Osório,431250,2011
RS,0,CRS 18 Osório,431350,2011
RS,0,CRS 18 Osório,431365,2011
RS,0,CRS 18 Osório,431760,2011
RS,0,CRS 18 Osório,432135,2011
RS,0,CRS 18 Osório,432143,2011
RS,0,CRS 18 Osório,432150,2011
RS,0,CRS 18 Osório,432160,2011
RS,0,CRS 18 Osório,432166,2011
RS,0,CRS 18 Osório,432183,2011
RS,0,CRS 18 Osório,432380,2011
RS,0,CRS 19 Frederico Westphalen,430050,2011
RS,0,CRS 19 Frederico Westphalen,430064,2011
RS,0,CRS 19 Frederico Westphalen,430185,2011
RS,0,CRS 19 Frederico Westphalen,430237,2011
RS,0,CRS 19 Frederico Westphalen,430340,2011
RS,0,CRS 19 Frederico Westphalen,430607,2011
RS,0,CRS 19 Frederico Westphalen,430632,2011
RS,0,CRS 19 Frederico Westphalen,430730,2011
RS,0,CRS 19 Frederico Westphalen,430745,2011
RS,0,CRS 19 Frederico Westphalen,430850,2011
RS,0,CRS 19 Frederico Westphalen,431050,2011
RS,0,CRS 19 Frederico Westphalen,431160,2011
RS,0,CRS 19 Frederico Westphalen,431270,2011
RS,0,CRS 19 Frederico Westphalen,431344,2011
RS,0,CRS 19 Frederico Westphalen,431380,2011
RS,0,CRS 19 Frederico Westphalen,431445,2011
RS,0,CRS 19 Frederico Westphalen,431449,2011
RS,0,CRS 19 Frederico Westphalen,431470,2011
RS,0,CRS 19 Frederico Westphalen,431555,2011
RS,0,CRS 19 Frederico Westphalen,431590,2011
RS,0,CRS 19 Frederico Westphalen,432020,2011
RS,0,CRS 19 Frederico Westphalen,432132,2011
RS,0,CRS 19 Frederico Westphalen,432140,2011
RS,0,CRS 19 Frederico Westphalen,432147,2011
RS,0,CRS 19 Frederico Westphalen,432190,2011
RS,0,CRS 19 Frederico Westphalen,432310,2011
RS,0,CRS 19 Frederico Westphalen,432350,2011
RS,0,CRS 19 Frederico Westphalen,432370,2011
SC,0,Araranguá,420140,2011
SC,0,Araranguá,420195,2011
SC,0,Araranguá,420207,2011
SC,0,Araranguá,420519,2011
SC,0,Araranguá,420870,2011
SC,0,Araranguá,421040,2011
SC,0,Araranguá,421080,2011
SC,0,Araranguá,421125,2011
SC,0,Araranguá,421225,2011
SC,0,Araranguá,421380,2011
SC,0,Araranguá,421565,2011
SC,0,Araranguá,421640,2011
SC,0,Araranguá,421770,2011
SC,0,Araranguá,421810,2011
SC,0,Araranguá,421880,2011
SC,0,Balneário Camboriú,420200,2011
SC,0,Balneário Camboriú,420245,2011
SC,0,Balneário Camboriú,420320,2011
SC,0,Balneário Camboriú,420830,2011
SC,0,Balneário Camboriú,421350,2011
SC,0,Blumenau,420240,2011
SC,0,Blumenau,420590,2011
SC,0,Blumenau,421320,2011
SC,0,Brusque,420270,2011
SC,0,Brusque,420290,2011
SC,0,Brusque,420630,2011
SC,0,Canoinhas,420213,2011
SC,0,Canoinhas,420380,2011
SC,0,Canoinhas,420790,2011
SC,0,Canoinhas,421030,2011
SC,0,Canoinhas,421360,2011
SC,0,Canoinhas,421830,2011
SC,0,Chapecó,420050,2011
SC,0,Chapecó,420055,2011
SC,0,Chapecó,420310,2011
SC,0,Chapecó,420410,2011
SC,0,Chapecó,420420,2011
SC,0,Chapecó,420435,2011
SC,0,Chapecó,420440,2011
SC,0,Chapecó,420470,2011
SC,0,Chapecó,420475,2011
SC,0,Chapecó,420543,2011
SC,0,Chapecó,420665,2011
SC,0,Chapecó,420785,2011
SC,0,Chapecó,420895,2011
SC,0,Chapecó,421100,2011
SC,0,Chapecó,421140,2011
SC,0,Chapecó,421145,2011
SC,0,Chapecó,421210,2011
SC,0,Chapecó,421315,2011
SC,0,Chapecó,421420,2011
SC,0,Chapecó,421507,2011
SC,0,Chapecó,421569,2011
SC,0,Chapecó,421600,2011
SC,0,Chapecó,421755,2011
SC,0,Chapecó,421775,2011
SC,0,Chapecó,421885,2011
SC,0,Concórdia,420075,2011
SC,0,Concórdia,420127,2011
SC,0,Concórdia,420165,2011
SC,0,Concórdia,420430,2011
SC,0,Concórdia,420760,2011
SC,0,Concórdia,420770,2011
SC,0,Concórdia,420780,2011
SC,0,Concórdia,420800,2011
SC,0,Concórdia,420985,2011
SC,0,Concórdia,421187,2011
SC,0,Concórdia,421260,2011
SC,0,Concórdia,421310,2011
SC,0,Concórdia,421390,2011
SC,0,Concórdia,421750,2011
SC,0,Concórdia,421960,2011
SC,0,Criciúma,420425,2011
SC,0,Criciúma,420460,2011
SC,0,Criciúma,420545,2011
SC,0,Criciúma,420700,2011
SC,0,Criciúma,420960,2011
SC,0,Criciúma,421120,2011
SC,0,Criciúma,421160,2011
SC,0,Criciúma,421170,2011
SC,0,Criciúma,421760,2011
SC,0,Criciúma,421835,2011
SC,0,Criciúma,421900,2011
SC,0,Grande Florianópolis,420060,2011
SC,0,Grande Florianópolis,420070,2011
SC,0,Grande Florianópolis,420090,2011
SC,0,Grande Florianópolis,420110,2011
SC,0,Grande Florianópolis,420120,2011
SC,0,Grande Florianópolis,420230,2011
SC,0,Grande Florianópolis,420370,2011
SC,0,Grande Florianópolis,420540,2011
SC,0,Grande Florianópolis,420570,2011
SC,0,Grande Florianópolis,420600,2011
SC,0,Grande Florianópolis,420980,2011
SC,0,Grande Florianópolis,421020,2011
SC,0,Grande Florianópolis,421150,2011
SC,0,Grande Florianópolis,421190,2011
SC,0,Grande Florianópolis,421230,2011
SC,0,Grande Florianópolis,421430,2011
SC,0,Grande Florianópolis,421570,2011
SC,0,Grande Florianópolis,421590,2011
SC,0,Grande Florianópolis,421630,2011
SC,0,Grande Florianópolis,421660,2011
SC,0,Grande Florianópolis,421725,2011
SC,0,Grande Florianópolis,421800,2011
SC,0,Itajaí,421280,2011
SC,0,Itajaí,420710,2011
SC,0,Itajaí,420820,2011
SC,0,Itajaí,421000,2011
SC,0,Itajaí,421130,2011
SC,0,Itajaí,421250,2011
SC,0,Jaraguá do Sul,420450,2011
SC,0,Jaraguá do Sul,420650,2011
SC,0,Jaraguá do Sul,420890,2011
SC,0,Jaraguá do Sul,421060,2011
SC,0,Jaraguá do Sul,421740,2011
SC,0,Joaçaba,420005,2011
SC,0,Joaçaba,420040,2011
SC,0,Joaçaba,420287,2011
SC,0,Joaçaba,420360,2011
SC,0,Joaçaba,420390,2011
SC,0,Joaçaba,420400,2011
SC,0,Joaçaba,420415,2011
SC,0,Joaçaba,420520,2011
SC,0,Joaçaba,420670,2011
SC,0,Joaçaba,420675,2011
SC,0,Joaçaba,420680,2011
SC,0,Joaçaba,420860,2011
SC,0,Joaçaba,420900,2011
SC,0,Joaçaba,420920,2011
SC,0,Joaçaba,421003,2011
SC,0,Joaçaba,421105,2011
SC,0,Joaçaba,421180,2011
SC,0,Joaçaba,421850,2011
SC,0,Joaçaba,421915,2011
SC,0,Joaçaba,421917,2011
SC,0,Joaçaba,421985,2011
SC,0,Joinville,420130,2011
SC,0,Joinville,420205,2011
SC,0,Joinville,420210,2011
SC,0,Joinville,420580,2011
SC,0,Joinville,420845,2011
SC,0,Joinville,420910,2011
SC,0,Joinville,421620,2011
SC,0,Joinville,421635,2011
SC,0,Lages,420100,2011
SC,0,Lages,420243,2011
SC,0,Lages,420250,2011
SC,0,Lages,420260,2011
SC,0,Lages,420340,2011
SC,0,Lages,420325,2011
SC,0,Lages,420417,2011
SC,0,Lages,420455,2011
SC,0,Lages,420930,2011
SC,0,Lages,421175,2011
SC,0,Lages,421189,2011
SC,0,Lages,421205,2011
SC,0,Lages,421330,2011
SC,0,Lages,421505,2011
SC,0,Lages,421650,2011
SC,0,Lages,421680,2011
SC,0,Lages,421890,2011
SC,0,Lages,421895,2011
SC,0,Mafra,420330,2011
SC,0,Mafra,420810,2011
SC,0,Mafra,421010,2011
SC,0,Mafra,421110,2011
SC,0,Mafra,421220,2011
SC,0,Mafra,421500,2011
SC,0,Mafra,421580,2011
SC,0,Rio do Sul,420020,2011
SC,0,Rio do Sul,420030,2011
SC,0,Rio do Sul,420180,2011
SC,0,Rio do Sul,420190,2011
SC,0,Rio do Sul,420285,2011
SC,0,Rio do Sul,420419,2011
SC,0,Rio do Sul,420510,2011
SC,0,Rio do Sul,420690,2011
SC,0,Rio do Sul,420740,2011
SC,0,Rio do Sul,420850,2011
SC,0,Rio do Sul,420915,2011
SC,0,Rio do Sul,420950,2011
SC,0,Rio do Sul,420990,2011
SC,0,Rio do Sul,421085,2011
SC,0,Rio do Sul,421270,2011
SC,0,Rio do Sul,421370,2011
SC,0,Rio do Sul,421400,2011
SC,0,Rio do Sul,421410,2011
SC,0,Rio do Sul,421450,2011
SC,0,Rio do Sul,421460,2011
SC,0,Rio do Sul,421480,2011
SC,0,Rio do Sul,421530,2011
SC,0,Rio do Sul,421567,2011
SC,0,Rio do Sul,421780,2011
SC,0,Rio do Sul,421860,2011
SC,0,Rio do Sul,421920,2011
SC,0,Rio do Sul,421935,2011
SC,0,Rio do Sul,421940,2011
SC,0,São Miguel do Oeste,420080,2011
SC,0,São Miguel do Oeste,420208,2011
SC,0,São Miguel do Oeste,420209,2011
SC,0,São Miguel do Oeste,420215,2011
SC,0,São Miguel do Oeste,420257,2011
SC,0,São Miguel do Oeste,420490,2011
SC,0,São Miguel do Oeste,420500,2011
SC,0,São Miguel do Oeste,420535,2011
SC,0,São Miguel do Oeste,420640,2011
SC,0,São Miguel do Oeste,420660,2011
SC,0,São Miguel do Oeste,420765,2011
SC,0,São Miguel do Oeste,420775,2011
SC,0,São Miguel do Oeste,420840,2011
SC,0,São Miguel do Oeste,421050,2011
SC,0,São Miguel do Oeste,421090,2011
SC,0,São Miguel do Oeste,421200,2011
SC,0,São Miguel do Oeste,421223,2011
SC,0,São Miguel do Oeste,421290,2011
SC,0,São Miguel do Oeste,421415,2011
SC,0,São Miguel do Oeste,421520,2011
SC,0,São Miguel do Oeste,421535,2011
SC,0,São Miguel do Oeste,421555,2011
SC,0,São Miguel do Oeste,421568,2011
SC,0,São Miguel do Oeste,421625,2011
SC,0,São Miguel do Oeste,421670,2011
SC,0,São Miguel do Oeste,421715,2011
SC,0,São Miguel do Oeste,421720,2011
SC,0,São Miguel do Oeste,421730,2011
SC,0,São Miguel do Oeste,421795,2011
SC,0,São Miguel do Oeste,421875,2011
SC,0,Timbó,420125,2011
SC,0,Timbó,420170,2011
SC,0,Timbó,420220,2011
SC,0,Timbó,420515,2011
SC,0,Timbó,420750,2011
SC,0,Timbó,421470,2011
SC,0,Timbó,421510,2011
SC,0,Timbó,421820,2011
SC,0,Tubarão,420150,2011
SC,0,Tubarão,420280,2011
SC,0,Tubarão,420395,2011
SC,0,Tubarão,420610,2011
SC,0,Tubarão,420620,2011
SC,0,Tubarão,420720,2011
SC,0,Tubarão,420730,2011
SC,0,Tubarão,420880,2011
SC,0,Tubarão,420940,2011
SC,0,Tubarão,421240,2011
SC,0,Tubarão,421490,2011
SC,0,Tubarão,421545,2011
SC,0,Tubarão,421560,2011
SC,0,Tubarão,421700,2011
SC,0,Tubarão,421710,2011
SC,0,Tubarão,421840,2011
SC,0,Tubarão,421870,2011
SC,0,Videira,420160,2011
SC,0,Videira,420300,2011
SC,0,Videira,420315,2011
SC,0,Videira,420480,2011
SC,0,Videira,420550,2011
SC,0,Videira,420555,2011
SC,0,Videira,420757,2011
SC,0,Videira,420970,2011
SC,0,Videira,421005,2011
SC,0,Videira,421070,2011
SC,0,Videira,421300,2011
SC,0,Videira,421335,2011
SC,0,Videira,421440,2011
SC,0,Videira,421540,2011
SC,0,Videira,421550,2011
SC,0,Videira,421605,2011
SC,0,Videira,421790,2011
SC,0,Videira,421825,2011
SC,0,Videira,421930,2011
SC,0,Xanxerê,420010,2011
SC,0,Xanxerê,420253,2011
SC,0,Xanxerê,420350,2011
SC,0,Xanxerê,420445,2011
SC,0,Xanxerê,420517,2011
SC,0,Xanxerê,420530,2011
SC,0,Xanxerê,420560,2011
SC,0,Xanxerê,420768,2011
SC,0,Xanxerê,420917,2011
SC,0,Xanxerê,420945,2011
SC,0,Xanxerê,421055,2011
SC,0,Xanxerê,421165,2011
SC,0,Xanxerê,421185,2011
SC,0,Xanxerê,421227,2011
SC,0,Xanxerê,421340,2011
SC,0,Xanxerê,421575,2011
SC,0,Xanxerê,421610,2011
SC,0,Xanxerê,421690,2011
SC,0,Xanxerê,421910,2011
SC,0,Xanxerê,421950,2011
SC,0,Xanxerê,421970,2011
SE,0,Região Aracaju,280030,2011
SE,0,Região Aracaju,280060,2011
SE,0,Região Aracaju,280200,2011
SE,0,Região Aracaju,280320,2011
SE,0,Região Aracaju,280360,2011
SE,0,Região Aracaju,280590,2011
SE,0,Região Aracaju,280650,2011
SE,0,Região Aracaju,280670,2011
SE,0,Região Estância,280040,2011
SE,0,Região Estância,280067,2011
SE,0,Região Estância,280170,2011
SE,0,Região Estância,280210,2011
SE,0,Região Estância,280280,2011
SE,0,Região Estância,280300,2011
SE,0,Região Estância,280510,2011
SE,0,Região Estância,280630,2011
SE,0,Região Estância,280750,2011
SE,0,Região Estância,280760,2011
SE,0,Região Itabaiana,280050,2011
SE,0,Região Itabaiana,280100,2011
SE,0,Região Itabaiana,280140,2011
SE,0,Região Itabaiana,280230,2011
SE,0,Região Itabaiana,280290,2011
SE,0,Região Itabaiana,280370,2011
SE,0,Região Itabaiana,280390,2011
SE,0,Região Itabaiana,280410,2011
SE,0,Região Itabaiana,280445,2011
SE,0,Região Itabaiana,280500,2011
SE,0,Região Itabaiana,280520,2011
SE,0,Região Itabaiana,280600,2011
SE,0,Região Itabaiana,280680,2011
SE,0,Região Itabaiana,280700,2011
SE,0,Região Lagarto,280350,2011
SE,0,Região Lagarto,280550,2011
SE,0,Região Lagarto,280580,2011
SE,0,Região Lagarto,280620,2011
SE,0,Região Lagarto,280710,2011
SE,0,Região Lagarto,280740,2011
SE,0,Região Nossa Senhora da Glória,280120,2011
SE,0,Região Nossa Senhora da Glória,280220,2011
SE,0,Região Nossa Senhora da Glória,280240,2011
SE,0,Região Nossa Senhora da Glória,280260,2011
SE,0,Região Nossa Senhora da Glória,280310,2011
SE,0,Região Nossa Senhora da Glória,280420,2011
SE,0,Região Nossa Senhora da Glória,280450,2011
SE,0,Região Nossa Senhora da Glória,280540,2011
SE,0,Região Nossa Senhora da Glória,280560,2011
SE,0,Região Nossa Senhora do Socorro,280130,2011
SE,0,Região Nossa Senhora do Socorro,280150,2011
SE,0,Região Nossa Senhora do Socorro,280190,2011
SE,0,Região Nossa Senhora do Socorro,280250,2011
SE,0,Região Nossa Senhora do Socorro,280330,2011
SE,0,Região Nossa Senhora do Socorro,280400,2011
SE,0,Região Nossa Senhora do Socorro,280460,2011
SE,0,Região Nossa Senhora do Socorro,280480,2011
SE,0,Região Nossa Senhora do Socorro,280530,2011
SE,0,Região Nossa Senhora do Socorro,280610,2011
SE,0,Região Nossa Senhora do Socorro,280660,2011
SE,0,Região Nossa Senhora do Socorro,280720,2011
SE,0,Região Propriá,280010,2011
SE,0,Região Propriá,280020,2011
SE,0,Região Propriá,280070,2011
SE,0,Região Propriá,280110,2011
SE,0,Região Propriá,280160,2011
SE,0,Região Propriá,280270,2011
SE,0,Região Propriá,280340,2011
SE,0,Região Propriá,280380,2011
SE,0,Região Propriá,280430,2011
SE,0,Região Propriá,280440,2011
SE,0,Região Propriá,280470,2011
SE,0,Região Propriá,280490,2011
SE,0,Região Propriá,280570,2011
SE,0,Região Propriá,280640,2011
SE,0,Região Propriá,280690,2011
SE,0,Região Propriá,280730,2011
SP,0,Araçatuba,350110,2011
SP,0,Araçatuba,350210,2011
SP,0,Araçatuba,350280,2011
SP,0,Araçatuba,350420,2011
SP,0,Araçatuba,350440,2011
SP,0,Araçatuba,350510,2011
SP,0,Araçatuba,350620,2011
SP,0,Araçatuba,350640,2011
SP,0,Araçatuba,350650,2011
SP,0,Araçatuba,350770,2011
SP,0,Araçatuba,350775,2011
SP,0,Araçatuba,350810,2011
SP,0,Araçatuba,351100,2011
SP,0,Araçatuba,351190,2011
SP,0,Araçatuba,351250,2011
SP,0,Araçatuba,351650,2011
SP,0,Araçatuba,351710,2011
SP,0,Araçatuba,351780,2011
SP,0,Araçatuba,351820,2011
SP,0,Araçatuba,351890,2011
SP,0,Araçatuba,352044,2011
SP,0,Araçatuba,352300,2011
SP,0,Araçatuba,352650,2011
SP,0,Araçatuba,352725,2011
SP,0,Araçatuba,352770,2011
SP,0,Araçatuba,353010,2011
SP,0,Araçatuba,353210,2011
SP,0,Araçatuba,353286,2011
SP,0,Araçatuba,353320,2011
SP,0,Araçatuba,353330,2011
SP,0,Araçatuba,353730,2011
SP,0,Araçatuba,353740,2011
SP,0,Araçatuba,353770,2011
SP,0,Araçatuba,354440,2011
SP,0,Araçatuba,354805,2011
SP,0,Araçatuba,354840,2011
SP,0,Araçatuba,355230,2011
SP,0,Araçatuba,355255,2011
SP,0,Araçatuba,355520,2011
SP,0,Araçatuba,355630,2011
SP,0,Araraquara,350170,2011
SP,0,Araraquara,350320,2011
SP,0,Araraquara,350670,2011
SP,0,Araraquara,350740,2011
SP,0,Araraquara,351010,2011
SP,0,Araraquara,351370,2011
SP,0,Araraquara,351400,2011
SP,0,Araraquara,351430,2011
SP,0,Araraquara,351685,2011
SP,0,Araraquara,351930,2011
SP,0,Araraquara,351960,2011
SP,0,Araraquara,352270,2011
SP,0,Araraquara,352930,2011
SP,0,Araraquara,353205,2011
SP,0,Araraquara,353290,2011
SP,0,Araraquara,354070,2011
SP,0,Araraquara,354290,2011
SP,0,Araraquara,354370,2011
SP,0,Araraquara,354650,2011
SP,0,Araraquara,354690,2011
SP,0,Araraquara,354890,2011
SP,0,Araraquara,355270,2011
SP,0,Araraquara,355370,2011
SP,0,Araraquara,355475,2011
SP,0,Baixada Santista,350635,2011
SP,0,Baixada Santista,351350,2011
SP,0,Baixada Santista,351870,2011
SP,0,Baixada Santista,352210,2011
SP,0,Baixada Santista,353110,2011
SP,0,Baixada Santista,353760,2011
SP,0,Baixada Santista,354100,2011
SP,0,Baixada Santista,354850,2011
SP,0,Baixada Santista,355100,2011
SP,0,Barretos,350090,2011
SP,0,Barretos,350550,2011
SP,0,Barretos,350610,2011
SP,0,Barretos,350930,2011
SP,0,Barretos,351200,2011
SP,0,Barretos,351210,2011
SP,0,Barretos,351495,2011
SP,0,Barretos,351740,2011
SP,0,Barretos,351790,2011
SP,0,Barretos,352420,2011
SP,0,Barretos,353150,2011
SP,0,Barretos,353390,2011
SP,0,Barretos,355190,2011
SP,0,Barretos,355310,2011
SP,0,Barretos,355320,2011
SP,0,Barretos,355365,2011
SP,0,Barretos,355440,2011
SP,0,Barretos,355680,2011
SP,0,Barretos,355690,2011
SP,0,Bauru,350055,2011
SP,0,Bauru,350070,2011
SP,0,Bauru,350230,2011
SP,0,Bauru,350310,2011
SP,0,Bauru,350340,2011
SP,0,Bauru,350360,2011
SP,0,Bauru,350430,2011
SP,0,Bauru,350450,2011
SP,0,Bauru,350470,2011
SP,0,Bauru,350500,2011
SP,0,Bauru,350520,2011
SP,0,Bauru,350530,2011
SP,0,Bauru,350600,2011
SP,0,Bauru,350680,2011
SP,0,Bauru,350690,2011
SP,0,Bauru,350730,2011
SP,0,Bauru,350745,2011
SP,0,Bauru,350750,2011
SP,0,Bauru,350790,2011
SP,0,Bauru,350830,2011
SP,0,Bauru,350880,2011
SP,0,Bauru,351140,2011
SP,0,Bauru,351230,2011
SP,0,Bauru,351260,2011
SP,0,Bauru,351410,2011
SP,0,Bauru,351450,2011
SP,0,Bauru,351540,2011
SP,0,Bauru,351700,2011
SP,0,Bauru,351720,2011
SP,0,Bauru,351910,2011
SP,0,Bauru,351925,2011
SP,0,Bauru,352000,2011
SP,0,Bauru,352180,2011
SP,0,Bauru,352200,2011
SP,0,Bauru,352280,2011
SP,0,Bauru,352290,2011
SP,0,Bauru,352350,2011
SP,0,Bauru,352530,2011
SP,0,Bauru,352640,2011
SP,0,Bauru,352680,2011
SP,0,Bauru,352710,2011
SP,0,Bauru,352750,2011
SP,0,Bauru,352800,2011
SP,0,Bauru,352860,2011
SP,0,Bauru,352980,2011
SP,0,Bauru,353580,2011
SP,0,Bauru,353610,2011
SP,0,Bauru,353657,2011
SP,0,Bauru,353670,2011
SP,0,Bauru,353750,2011
SP,0,Bauru,353880,2011
SP,0,Bauru,353890,2011
SP,0,Bauru,353940,2011
SP,0,Bauru,354010,2011
SP,0,Bauru,354050,2011
SP,0,Bauru,354105,2011
SP,0,Bauru,354110,2011
SP,0,Bauru,354160,2011
SP,0,Bauru,354250,2011
SP,0,Bauru,354460,2011
SP,0,Bauru,355010,2011
SP,0,Bauru,355120,2011
SP,0,Bauru,355300,2011
SP,0,Bauru,355380,2011
SP,0,Bauru,355420,2011
SP,0,Bauru,355465,2011
SP,0,Bauru,355470,2011
SP,0,Bauru,355590,2011
SP,0,Campinas,350050,2011
SP,0,Campinas,350160,2011
SP,0,Campinas,350190,2011
SP,0,Campinas,350380,2011
SP,0,Campinas,350410,2011
SP,0,Campinas,350710,2011
SP,0,Campinas,350760,2011
SP,0,Campinas,350840,2011
SP,0,Campinas,350950,2011
SP,0,Campinas,350960,2011
SP,0,Campinas,351280,2011
SP,0,Campinas,351905,2011
SP,0,Campinas,351907,2011
SP,0,Campinas,352050,2011
SP,0,Campinas,352340,2011
SP,0,Campinas,352400,2011
SP,0,Campinas,352470,2011
SP,0,Campinas,352520,2011
SP,0,Campinas,352550,2011
SP,0,Campinas,352590,2011
SP,0,Campinas,352700,2011
SP,0,Campinas,352730,2011
SP,0,Campinas,353120,2011
SP,0,Campinas,353180,2011
SP,0,Campinas,353200,2011
SP,0,Campinas,353240,2011
SP,0,Campinas,353340,2011
SP,0,Campinas,353650,2011
SP,0,Campinas,353680,2011
SP,0,Campinas,353710,2011
SP,0,Campinas,353820,2011
SP,0,Campinas,353860,2011
SP,0,Campinas,354580,2011
SP,0,Campinas,354800,2011
SP,0,Campinas,355160,2011
SP,0,Campinas,355210,2011
SP,0,Campinas,355240,2011
SP,0,Campinas,355495,2011
SP,0,Campinas,355620,2011
SP,0,Campinas,355635,2011
SP,0,Campinas,355650,2011
SP,0,Campinas,355670,2011
SP,0,Franca,350300,2011
SP,0,Franca,350820,2011
SP,0,Franca,351320,2011
SP,0,Franca,351620,2011
SP,0,Franca,351770,2011
SP,0,Franca,352010,2011
SP,0,Franca,352130,2011
SP,0,Franca,352370,2011
SP,0,Franca,352410,2011
SP,0,Franca,352540,2011
SP,0,Franca,352970,2011
SP,0,Franca,353190,2011
SP,0,Franca,353360,2011
SP,0,Franca,353430,2011
SP,0,Franca,353630,2011
SP,0,Franca,353700,2011
SP,0,Franca,354270,2011
SP,0,Franca,354310,2011
SP,0,Franca,354360,2011
SP,0,Franca,354490,2011
SP,0,Franca,354940,2011
SP,0,Franca,354950,2011
SP,0,Grande São Paulo,350390,2011
SP,0,Grande São Paulo,350570,2011
SP,0,Grande São Paulo,350660,2011
SP,0,Grande São Paulo,350900,2011
SP,0,Grande São Paulo,350920,2011
SP,0,Grande São Paulo,351060,2011
SP,0,Grande São Paulo,351300,2011
SP,0,Grande São Paulo,351380,2011
SP,0,Grande São Paulo,351500,2011
SP,0,Grande São Paulo,351510,2011
SP,0,Grande São Paulo,351570,2011
SP,0,Grande São Paulo,351630,2011
SP,0,Grande São Paulo,351640,2011
SP,0,Grande São Paulo,351830,2011
SP,0,Grande São Paulo,351880,2011
SP,0,Grande São Paulo,352220,2011
SP,0,Grande São Paulo,352250,2011
SP,0,Grande São Paulo,352310,2011
SP,0,Grande São Paulo,352500,2011
SP,0,Grande São Paulo,352620,2011
SP,0,Grande São Paulo,352850,2011
SP,0,Grande São Paulo,352940,2011
SP,0,Grande São Paulo,353060,2011
SP,0,Grande São Paulo,353440,2011
SP,0,Grande São Paulo,353910,2011
SP,0,Grande São Paulo,353980,2011
SP,0,Grande São Paulo,354330,2011
SP,0,Grande São Paulo,354410,2011
SP,0,Grande São Paulo,354500,2011
SP,0,Grande São Paulo,354680,2011
SP,0,Grande São Paulo,354730,2011
SP,0,Grande São Paulo,354780,2011
SP,0,Grande São Paulo,354870,2011
SP,0,Grande São Paulo,354880,2011
SP,0,Grande São Paulo,354995,2011
SP,0,Grande São Paulo,355030,2011
SP,0,Grande São Paulo,355250,2011
SP,0,Grande São Paulo,355280,2011
SP,0,Grande São Paulo,355645,2011
SP,0,Marília,350010,2011
SP,0,Marília,350140,2011
SP,0,Marília,350150,2011
SP,0,Marília,350335,2011
SP,0,Marília,350400,2011
SP,0,Marília,350580,2011
SP,0,Marília,350630,2011
SP,0,Marília,350720,2011
SP,0,Marília,350980,2011
SP,0,Marília,351000,2011
SP,0,Marília,351015,2011
SP,0,Marília,355720,2011
SP,0,Marília,351330,2011
SP,0,Marília,351470,2011
SP,0,Marília,351519,2011
SP,0,Marília,351565,2011
SP,0,Marília,351600,2011
SP,0,Marília,351610,2011
SP,0,Marília,351660,2011
SP,0,Marília,351670,2011
SP,0,Marília,351730,2011
SP,0,Marília,351810,2011
SP,0,Marília,351900,2011
SP,0,Marília,351920,2011
SP,0,Marília,351950,2011
SP,0,Marília,352080,2011
SP,0,Marília,352090,2011
SP,0,Marília,352580,2011
SP,0,Marília,352740,2011
SP,0,Marília,352780,2011
SP,0,Marília,352790,2011
SP,0,Marília,352880,2011
SP,0,Marília,352890,2011
SP,0,Marília,352900,2011
SP,0,Marília,353370,2011
SP,0,Marília,353380,2011
SP,0,Marília,353410,2011
SP,0,Marília,353450,2011
SP,0,Marília,353460,2011
SP,0,Marília,353470,2011
SP,0,Marília,353490,2011
SP,0,Marília,353530,2011
SP,0,Marília,353550,2011
SP,0,Marília,353600,2011
SP,0,Marília,353715,2011
SP,0,Marília,353970,2011
SP,0,Marília,354000,2011
SP,0,Marília,354085,2011
SP,0,Marília,354180,2011
SP,0,Marília,354200,2011
SP,0,Marília,354320,2011
SP,0,Marília,354380,2011
SP,0,Marília,354470,2011
SP,0,Marília,354510,2011
SP,0,Marília,354540,2011
SP,0,Marília,354640,2011
SP,0,Marília,355050,2011
SP,0,Marília,355395,2011
SP,0,Marília,355460,2011
SP,0,Marília,355500,2011
SP,0,Marília,355550,2011
SP,0,Marília,355660,2011
SP,0,Piracicaba,350060,2011
SP,0,Piracicaba,350200,2011
SP,0,Piracicaba,350330,2011
SP,0,Piracicaba,351040,2011
SP,0,Piracicaba,351170,2011
SP,0,Piracicaba,351220,2011
SP,0,Piracicaba,351240,2011
SP,0,Piracicaba,351270,2011
SP,0,Piracicaba,351490,2011
SP,0,Piracicaba,351515,2011
SP,0,Piracicaba,352110,2011
SP,0,Piracicaba,352140,2011
SP,0,Piracicaba,352360,2011
SP,0,Piracicaba,352670,2011
SP,0,Piracicaba,352690,2011
SP,0,Piracicaba,353090,2011
SP,0,Piracicaba,353870,2011
SP,0,Piracicaba,353930,2011
SP,0,Piracicaba,354210,2011
SP,0,Piracicaba,354390,2011
SP,0,Piracicaba,354400,2011
SP,0,Piracicaba,354515,2011
SP,0,Piracicaba,354620,2011
SP,0,Piracicaba,354670,2011
SP,0,Piracicaba,354700,2011
SP,0,Piracicaba,355040,2011
SP,0,Presidente Prudente,350080,2011
SP,0,Presidente Prudente,350130,2011
SP,0,Presidente Prudente,350240,2011
SP,0,Presidente Prudente,350890,2011
SP,0,Presidente Prudente,350910,2011
SP,0,Presidente Prudente,351440,2011
SP,0,Presidente Prudente,351512,2011
SP,0,Presidente Prudente,351530,2011
SP,0,Presidente Prudente,351535,2011
SP,0,Presidente Prudente,351580,2011
SP,0,Presidente Prudente,351990,2011
SP,0,Presidente Prudente,352060,2011
SP,0,Presidente Prudente,352160,2011
SP,0,Presidente Prudente,352560,2011
SP,0,Presidente Prudente,352600,2011
SP,0,Presidente Prudente,352870,2011
SP,0,Presidente Prudente,352920,2011
SP,0,Presidente Prudente,353020,2011
SP,0,Presidente Prudente,353160,2011
SP,0,Presidente Prudente,353215,2011
SP,0,Presidente Prudente,353220,2011
SP,0,Presidente Prudente,353310,2011
SP,0,Presidente Prudente,353480,2011
SP,0,Presidente Prudente,353540,2011
SP,0,Presidente Prudente,353640,2011
SP,0,Presidente Prudente,353830,2011
SP,0,Presidente Prudente,353920,2011
SP,0,Presidente Prudente,354120,2011
SP,0,Presidente Prudente,354130,2011
SP,0,Presidente Prudente,354140,2011
SP,0,Presidente Prudente,354150,2011
SP,0,Presidente Prudente,354170,2011
SP,0,Presidente Prudente,354220,2011
SP,0,Presidente Prudente,354240,2011
SP,0,Presidente Prudente,354323,2011
SP,0,Presidente Prudente,354425,2011
SP,0,Presidente Prudente,354550,2011
SP,0,Presidente Prudente,354710,2011
SP,0,Presidente Prudente,354770,2011
SP,0,Presidente Prudente,354830,2011
SP,0,Presidente Prudente,354930,2011
SP,0,Presidente Prudente,355290,2011
SP,0,Presidente Prudente,355390,2011
SP,0,Presidente Prudente,355430,2011
SP,0,Presidente Prudente,355510,2011
SP,0,Registro,350540,2011
SP,0,Registro,350925,2011
SP,0,Registro,350990,2011
SP,0,Registro,351480,2011
SP,0,Registro,352030,2011
SP,0,Registro,352042,2011
SP,0,Registro,352120,2011
SP,0,Registro,352330,2011
SP,0,Registro,352460,2011
SP,0,Registro,352610,2011
SP,0,Registro,352990,2011
SP,0,Registro,353620,2011
SP,0,Registro,353720,2011
SP,0,Registro,354260,2011
SP,0,Registro,355180,2011
SP,0,Ribeirão Preto,350100,2011
SP,0,Ribeirão Preto,350560,2011
SP,0,Ribeirão Preto,350590,2011
SP,0,Ribeirão Preto,350780,2011
SP,0,Ribeirão Preto,350940,2011
SP,0,Ribeirão Preto,351090,2011
SP,0,Ribeirão Preto,351310,2011
SP,0,Ribeirão Preto,351460,2011
SP,0,Ribeirão Preto,351860,2011
SP,0,Ribeirão Preto,351885,2011
SP,0,Ribeirão Preto,352430,2011
SP,0,Ribeirão Preto,352510,2011
SP,0,Ribeirão Preto,352760,2011
SP,0,Ribeirão Preto,353130,2011
SP,0,Ribeirão Preto,353950,2011
SP,0,Ribeirão Preto,354020,2011
SP,0,Ribeirão Preto,354090,2011
SP,0,Ribeirão Preto,354340,2011
SP,0,Ribeirão Preto,354625,2011
SP,0,Ribeirão Preto,354750,2011
SP,0,Ribeirão Preto,354760,2011
SP,0,Ribeirão Preto,354790,2011
SP,0,Ribeirão Preto,355090,2011
SP,0,Ribeirão Preto,355140,2011
SP,0,Ribeirão Preto,355150,2011
SP,0,Ribeirão Preto,355170,2011
SP,0,São João da Boa Vista,350030,2011
SP,0,São João da Boa Vista,350040,2011
SP,0,São João da Boa Vista,350870,2011
SP,0,São João da Boa Vista,351080,2011
SP,0,São João da Boa Vista,351390,2011
SP,0,São João da Boa Vista,351518,2011
SP,0,São João da Boa Vista,355730,2011
SP,0,São João da Boa Vista,352260,2011
SP,0,São João da Boa Vista,352380,2011
SP,0,São João da Boa Vista,353050,2011
SP,0,São João da Boa Vista,353070,2011
SP,0,São João da Boa Vista,353080,2011
SP,0,São João da Boa Vista,354630,2011
SP,0,São João da Boa Vista,354810,2011
SP,0,São João da Boa Vista,354910,2011
SP,0,São João da Boa Vista,354970,2011
SP,0,São João da Boa Vista,355080,2011
SP,0,São João da Boa Vista,355330,2011
SP,0,São João da Boa Vista,355360,2011
SP,0,São João da Boa Vista,355640,2011
SP,0,São José do Rio Preto,350020,2011
SP,0,São José do Rio Preto,350120,2011
SP,0,São José do Rio Preto,350180,2011
SP,0,São José do Rio Preto,350260,2011
SP,0,São José do Rio Preto,350370,2011
SP,0,São José do Rio Preto,350395,2011
SP,0,São José do Rio Preto,350460,2011
SP,0,São José do Rio Preto,350480,2011
SP,0,São José do Rio Preto,351070,2011
SP,0,São José do Rio Preto,351110,2011
SP,0,São José do Rio Preto,351120,2011
SP,0,São José do Rio Preto,351130,2011
SP,0,São José do Rio Preto,351290,2011
SP,0,São José do Rio Preto,351385,2011
SP,0,São José do Rio Preto,351420,2011
SP,0,São José do Rio Preto,351492,2011
SP,0,São José do Rio Preto,351520,2011
SP,0,São José do Rio Preto,351560,2011
SP,0,São José do Rio Preto,351550,2011
SP,0,São José do Rio Preto,351590,2011
SP,0,São José do Rio Preto,351680,2011
SP,0,São José do Rio Preto,351690,2011
SP,0,São José do Rio Preto,351750,2011
SP,0,São José do Rio Preto,351800,2011
SP,0,São José do Rio Preto,351940,2011
SP,0,São José do Rio Preto,351980,2011
SP,0,São José do Rio Preto,352070,2011
SP,0,São José do Rio Preto,352115,2011
SP,0,São José do Rio Preto,352150,2011
SP,0,São José do Rio Preto,352190,2011
SP,0,São José do Rio Preto,352450,2011
SP,0,São José do Rio Preto,352480,2011
SP,0,São José do Rio Preto,352570,2011
SP,0,São José do Rio Preto,352810,2011
SP,0,São José do Rio Preto,352820,2011
SP,0,São José do Rio Preto,352830,2011
SP,0,São José do Rio Preto,352885,2011
SP,0,São José do Rio Preto,352910,2011
SP,0,São José do Rio Preto,352950,2011
SP,0,São José do Rio Preto,352960,2011
SP,0,São José do Rio Preto,352965,2011
SP,0,São José do Rio Preto,353000,2011
SP,0,São José do Rio Preto,353030,2011
SP,0,São José do Rio Preto,353040,2011
SP,0,São José do Rio Preto,353100,2011
SP,0,São José do Rio Preto,353140,2011
SP,0,São José do Rio Preto,353250,2011
SP,0,São José do Rio Preto,353260,2011
SP,0,São José do Rio Preto,353270,2011
SP,0,São José do Rio Preto,353280,2011
SP,0,São José do Rio Preto,353284,2011
SP,0,São José do Rio Preto,353300,2011
SP,0,São José do Rio Preto,353325,2011
SP,0,São José do Rio Preto,353350,2011
SP,0,São José do Rio Preto,353400,2011
SP,0,São José do Rio Preto,353420,2011
SP,0,São José do Rio Preto,353475,2011
SP,0,São José do Rio Preto,353500,2011
SP,0,São José do Rio Preto,353510,2011
SP,0,São José do Rio Preto,353520,2011
SP,0,São José do Rio Preto,353570,2011
SP,0,São José do Rio Preto,353590,2011
SP,0,São José do Rio Preto,353625,2011
SP,0,São José do Rio Preto,353660,2011
SP,0,São José do Rio Preto,353690,2011
SP,0,São José do Rio Preto,353810,2011
SP,0,São José do Rio Preto,353900,2011
SP,0,São José do Rio Preto,353960,2011
SP,0,São José do Rio Preto,353990,2011
SP,0,São José do Rio Preto,354025,2011
SP,0,São José do Rio Preto,354030,2011
SP,0,São José do Rio Preto,354040,2011
SP,0,São José do Rio Preto,354080,2011
SP,0,São José do Rio Preto,354420,2011
SP,0,São José do Rio Preto,354450,2011
SP,0,São José do Rio Preto,354480,2011
SP,0,São José do Rio Preto,354560,2011
SP,0,São José do Rio Preto,354570,2011
SP,0,São José do Rio Preto,354610,2011
SP,0,São José do Rio Preto,354660,2011
SP,0,São José do Rio Preto,354740,2011
SP,0,São José do Rio Preto,354765,2011
SP,0,São José do Rio Preto,354720,2011
SP,0,São José do Rio Preto,354900,2011
SP,0,São José do Rio Preto,354920,2011
SP,0,São José do Rio Preto,354925,2011
SP,0,São José do Rio Preto,354980,2011
SP,0,São José do Rio Preto,355130,2011
SP,0,São José do Rio Preto,355260,2011
SP,0,São José do Rio Preto,355340,2011
SP,0,São José do Rio Preto,355490,2011
SP,0,São José do Rio Preto,355530,2011
SP,0,São José do Rio Preto,355535,2011
SP,0,São José do Rio Preto,355560,2011
SP,0,São José do Rio Preto,355570,2011
SP,0,São José do Rio Preto,355580,2011
SP,0,São José do Rio Preto,355600,2011
SP,0,São José do Rio Preto,355610,2011
SP,0,São José do Rio Preto,355695,2011
SP,0,São José do Rio Preto,355710,2011
SP,0,São José do Rio Preto,355715,2011
SP,0,Sorocaba,350075,2011
SP,0,Sorocaba,350115,2011
SP,0,Sorocaba,350220,2011
SP,0,Sorocaba,350270,2011
SP,0,Sorocaba,350275,2011
SP,0,Sorocaba,350290,2011
SP,0,Sorocaba,350535,2011
SP,0,Sorocaba,350700,2011
SP,0,Sorocaba,350715,2011
SP,0,Sorocaba,350800,2011
SP,0,Sorocaba,350945,2011
SP,0,Sorocaba,351020,2011
SP,0,Sorocaba,351030,2011
SP,0,Sorocaba,351150,2011
SP,0,Sorocaba,351160,2011
SP,0,Sorocaba,351760,2011
SP,0,Sorocaba,351850,2011
SP,0,Sorocaba,351970,2011
SP,0,Sorocaba,352100,2011
SP,0,Sorocaba,352170,2011
SP,0,Sorocaba,352215,2011
SP,0,Sorocaba,352230,2011
SP,0,Sorocaba,352240,2011
SP,0,Sorocaba,352265,2011
SP,0,Sorocaba,352320,2011
SP,0,Sorocaba,352390,2011
SP,0,Sorocaba,352585,2011
SP,0,Sorocaba,352840,2011
SP,0,Sorocaba,353282,2011
SP,0,Sorocaba,353780,2011
SP,0,Sorocaba,353790,2011
SP,0,Sorocaba,354060,2011
SP,0,Sorocaba,354165,2011
SP,0,Sorocaba,354280,2011
SP,0,Sorocaba,354300,2011
SP,0,Sorocaba,354325,2011
SP,0,Sorocaba,354350,2011
SP,0,Sorocaba,354520,2011
SP,0,Sorocaba,354530,2011
SP,0,Sorocaba,355020,2011
SP,0,Sorocaba,355060,2011
SP,0,Sorocaba,355110,2011
SP,0,Sorocaba,355220,2011
SP,0,Sorocaba,355350,2011
SP,0,Sorocaba,355385,2011
SP,0,Sorocaba,355400,2011
SP,0,Sorocaba,355450,2011
SP,0,Sorocaba,355700,2011
SP,0,Taubaté,350250,2011
SP,0,Taubaté,350315,2011
SP,0,Taubaté,350350,2011
SP,0,Taubaté,350490,2011
SP,0,Taubaté,350850,2011
SP,0,Taubaté,350860,2011
SP,0,Taubaté,350970,2011
SP,0,Taubaté,350995,2011
SP,0,Taubaté,351050,2011
SP,0,Taubaté,351340,2011
SP,0,Taubaté,351360,2011
SP,0,Taubaté,351840,2011
SP,0,Taubaté,352020,2011
SP,0,Taubaté,352040,2011
SP,0,Taubaté,352440,2011
SP,0,Taubaté,352490,2011
SP,0,Taubaté,352630,2011
SP,0,Taubaté,352660,2011
SP,0,Taubaté,352720,2011
SP,0,Taubaté,353170,2011
SP,0,Taubaté,353230,2011
SP,0,Taubaté,353560,2011
SP,0,Taubaté,353800,2011
SP,0,Taubaté,353850,2011
SP,0,Taubaté,354075,2011
SP,0,Taubaté,354190,2011
SP,0,Taubaté,354230,2011
SP,0,Taubaté,354430,2011
SP,0,Taubaté,354600,2011
SP,0,Taubaté,354820,2011
SP,0,Taubaté,354860,2011
SP,0,Taubaté,354960,2011
SP,0,Taubaté,354990,2011
SP,0,Taubaté,355000,2011
SP,0,Taubaté,355070,2011
SP,0,Taubaté,355200,2011
SP,0,Taubaté,355410,2011
SP,0,Taubaté,355480,2011
SP,0,Taubaté,355540,2011
TO,0,Região de Saúde Bico do Papagaio,170220,2011
TO,0,Região de Saúde Bico do Papagaio,170255,2011
TO,0,Região de Saúde Bico do Papagaio,170290,2011
TO,0,Região de Saúde Bico do Papagaio,170380,2011
TO,0,Região de Saúde Bico do Papagaio,170389,2011
TO,0,Região de Saúde Bico do Papagaio,170740,2011
TO,0,Região de Saúde Bico do Papagaio,171070,2011
TO,0,Região de Saúde Bico do Papagaio,171280,2011
TO,0,Região de Saúde Bico do Papagaio,171830,2011
TO,0,Região de Saúde Bico do Papagaio,171880,2011
TO,0,Região de Saúde Bico do Papagaio,172010,2011
TO,0,Região de Saúde Bico do Papagaio,172020,2011
TO,0,Região de Saúde Bico do Papagaio,172030,2011
TO,0,Região de Saúde Bico do Papagaio,172080,2011
TO,0,Região de Saúde Centro-Sul,170035,2011
TO,0,Região de Saúde Centro-Sul,170070,2011
TO,0,Região de Saúde Centro-Sul,170200,2011
TO,0,Região de Saúde Centro-Sul,170386,2011
TO,0,Região de Saúde Centro-Sul,170625,2011
TO,0,Região de Saúde Centro-Sul,170730,2011
TO,0,Região de Saúde Centro-Sul,170765,2011
TO,0,Região de Saúde Centro-Sul,170820,2011
TO,0,Região de Saúde Centro-Sul,170950,2011
TO,0,Região de Saúde Centro-Sul,171884,2011
TO,0,Região de Saúde Centro-Sul,171889,2011
TO,0,Região de Saúde Centro-Sul,172085,2011
TO,0,Região de Saúde Centro-Sul,172097,2011
TO,0,Região de Saúde Cultura do Cerrado,170330,2011
TO,0,Região de Saúde Cultura do Cerrado,170410,2011
TO,0,Região de Saúde Cultura do Cerrado,171650,2011
TO,0,Região de Saúde Cultura do Cerrado,171850,2011
TO,0,Região de Saúde Cultura do Cerrado,171888,2011
TO,0,Região de Saúde Cultura do Cerrado,172125,2011
TO,0,Região de Saúde de Araguaia-Tocantins,170230,2011
TO,0,Região de Saúde de Araguaia-Tocantins,170305,2011
TO,0,Região de Saúde de Araguaia-Tocantins,170320,2011
TO,0,Região de Saúde de Araguaia-Tocantins,170360,2011
TO,0,Região de Saúde de Araguaia-Tocantins,170550,2011
TO,0,Região de Saúde de Araguaia-Tocantins,170600,2011
TO,0,Região de Saúde de Araguaia-Tocantins,171090,2011
TO,0,Região de Saúde de Araguaia-Tocantins,171180,2011
TO,0,Região de Saúde de Araguaia-Tocantins,171570,2011
TO,0,Região de Saúde de Araguaia-Tocantins,172130,2011
TO,0,Região de Saúde de Lobo Guará,171670,2011
TO,0,Região de Saúde de Lobo Guará,170825,2011
TO,0,Região de Saúde de Lobo Guará,170830,2011
TO,0,Região de Saúde de Lobo Guará,170930,2011
TO,0,Região de Saúde de Lobo Guará,171050,2011
TO,0,Região de Saúde de Lobo Guará,171110,2011
TO,0,Região de Saúde de Lobo Guará,171665,2011
TO,0,Região de Saúde de Lobo Guará,171840,2011
TO,0,Região de Saúde de Miracema,171320,2011
TO,0,Região de Saúde de Miracema,171330,2011
TO,0,Região de Saúde de Miracema,171870,2011
TO,0,Região de Saúde de Miracema,171875,2011
TO,0,Região de Saúde de Miracema,172110,2011
TO,0,Região de Saúde de Porto Nacional,170370,2011
TO,0,Região de Saúde de Porto Nacional,170510,2011
TO,0,Região de Saúde de Porto Nacional,170755,2011
TO,0,Região de Saúde de Porto Nacional,170980,2011
TO,0,Região de Saúde de Porto Nacional,171270,2011
TO,0,Região de Saúde de Porto Nacional,171360,2011
TO,0,Região de Saúde de Porto Nacional,171420,2011
TO,0,Região de Saúde de Porto Nacional,171700,2011
TO,0,Região de Saúde de Porto Nacional,171790,2011
TO,0,Região de Saúde de Porto Nacional,171820,2011
TO,0,Região de Saúde de Porto Nacional,171890,2011
TO,0,Região de Saúde de Porto Nacional,172065,2011
TO,0,Região de Saúde do Cantão,170025,2011
TO,0,Região de Saúde do Cantão,170190,2011
TO,0,Região de Saúde do Cantão,170310,2011
TO,0,Região de Saúde do Cantão,170390,2011
TO,0,Região de Saúde do Cantão,170460,2011
TO,0,Região de Saúde do Cantão,170610,2011
TO,0,Região de Saúde do Cantão,170710,2011
TO,0,Região de Saúde do Cantão,170720,2011
TO,0,Região de Saúde do Cantão,171190,2011
TO,0,Região de Saúde do Cantão,171250,2011
TO,0,Região de Saúde do Cantão,171370,2011
TO,0,Região de Saúde do Cantão,171500,2011
TO,0,Região de Saúde do Cantão,171550,2011
TO,0,Região de Saúde do Cantão,171610,2011
TO,0,Região de Saúde do Cantão,171750,2011
TO,0,Região de Saúde do Cantão,171845,2011
TO,0,Região de Saúde do Capim Dourado,170110,2011
TO,0,Região de Saúde do Capim Dourado,171195,2011
TO,0,Região de Saúde do Capim Dourado,171200,2011
TO,0,Região de Saúde do Capim Dourado,171240,2011
TO,0,Região de Saúde do Capim Dourado,171510,2011
TO,0,Região de Saúde do Capim Dourado,172100,2011
TO,0,Região de Saúde do Capim Dourado,171900,2011
TO,0,Região de Saúde do Capim Dourado,172015,2011
TO,0,Região de Saúde do Médio Araguaia,170100,2011
TO,0,Região de Saúde do Médio Araguaia,170105,2011
TO,0,Região de Saúde do Médio Araguaia,170215,2011
TO,0,Região de Saúde do Médio Araguaia,170382,2011
TO,0,Região de Saúde do Médio Araguaia,171720,2011
TO,0,Região de Saúde do Médio Araguaia,171855,2011
TO,0,Região de Saúde do Médio Araguaia,172210,2011
TO,0,Região de Saúde do Sul Angical,171150,2011
TO,0,Região de Saúde do Sul Angical,171575,2011
TO,0,Região de Saúde do Sul Angical,171660,2011
TO,0,Região de Saúde do Sul Angical,172025,2011
TO,0,Região de Saúde do Sul Angical,172049,2011
TO,0,Região de Saúde Extremo Sudeste,170240,2011
TO,0,Região de Saúde Extremo Sudeste,170270,2011
TO,0,Região de Saúde Extremo Sudeste,170555,2011
TO,0,Região de Saúde Extremo Sudeste,170560,2011
TO,0,Região de Saúde Extremo Sudeste,171215,2011
TO,0,Região de Saúde Extremo Sudeste,171515,2011
TO,0,Região de Saúde Extremo Sudeste,171620,2011
TO,0,Região de Saúde Médio Norte,170130,2011
TO,0,Região de Saúde Médio Norte,170210,2011
TO,0,Região de Saúde Médio Norte,170300,2011
TO,0,Região de Saúde Médio Norte,170307,2011
TO,0,Região de Saúde Médio Norte,170384,2011
TO,0,Região de Saúde Médio Norte,170388,2011
TO,0,Região de Saúde Médio Norte,170770,2011
TO,0,Região de Saúde Médio Norte,170900,2011
TO,0,Região de Saúde Médio Norte,171395,2011
TO,0,Região de Saúde Médio Norte,171488,2011
TO,0,Região de Saúde Médio Norte,171630,2011
TO,0,Região de Saúde Médio Norte,171886,2011
TO,0,Região de Saúde Médio Norte,172208,2011
TO,0,Região de Saúde Portal do Bico,170030,2011
TO,0,Região de Saúde Portal do Bico,170650,2011
TO,0,Região de Saúde Portal do Bico,171245,2011
TO,0,Região de Saúde Portal do Bico,171430,2011
TO,0,Região de Saúde Portal do Bico,171380,2011
TO,0,Região de Saúde Portal do Bico,172000,2011
TO,0,Região de Saúde Portal do Bico,172120,2011
TO,0,Região de Saúde Sudeste,170040,2011
TO,0,Região de Saúde Sudeste,170700,2011
TO,0,Região de Saúde Sudeste,171525,2011
TO,0,Região de Saúde Sudeste,171780,2011
TO,0,Região de Saúde Sudeste,171800,2011
TO,0,Região de Saúde Sudeste,171865,2011
TO,0,Região de Saúde Sudeste,172090,2011
TO,0,Região de Saúde Sudeste,172093,2011
AC,12002,Baixo Acre e Purus,120001,2024
AC,12001,Alto Acre,120005,2024
AC,12001,Alto Acre,120010,2024
AC,12002,Baixo Acre e Purus,120013,2024
AC,12002,Baixo Acre e Purus,120017,2024
AC,12003,Jurua e Tarauaca/Envira,120020,2024
AC,12001,Alto Acre,120025,2024
AC,12003,Jurua e Tarauaca/Envira,120030,2024
AC,12002,Baixo Acre e Purus,120032,2024
AC,12003,Jurua e Tarauaca/Envira,120033,2024
AC,12002,Baixo Acre e Purus,120034,2024
AC,12003,Jurua e Tarauaca/Envira,120035,2024
AC,12002,Baixo Acre e Purus,120038,2024
AC,12002,Baixo Acre e Purus,120080,2024
AC,12003,Jurua e Tarauaca/Envira,120039,2024
AC,12002,Baixo Acre e Purus,120040,2024
AC,12003,Jurua e Tarauaca/Envira,120042,2024
AC,12002,Baixo Acre e Purus,120043,2024
AC,12002,Baixo Acre e Purus,120050,2024
AC,12002,Baixo Acre e Purus,120045,2024
AC,12003,Jurua e Tarauaca/Envira,120060,2024
AC,12001,Alto Acre,120070,2024
AL,27010,10ª Regiao de Saude,270010,2024
AL,27005,5ª Regiao de Saude,270020,2024
AL,27007,7ª Regiao de Saude,270030,2024
AL,27004,4ª Regiao de Saude,270040,2024
AL,27001,1ª Regiao de Saude,270050,2024
AL,27001,1ª Regiao de Saude,270060,2024
AL,27007,7ª Regiao de Saude,270070,2024
AL,27008,8ª Regiao de Saude,270080,2024
AL,27007,7ª Regiao de Saude,270090,2024
AL,27005,5ª Regiao de Saude,270100,2024
AL,27003,3ª Regiao de Saude,270110,2024
AL,27008,8ª Regiao de Saude,270120,2024
AL,27004,4ª Regiao de Saude,270130,2024
AL,27003,3ª Regiao de Saude,270135,2024
AL,27005,5ª Regiao de Saude,270140,2024
AL,27007,7ª Regiao de Saude,270150,2024
AL,27009,9ª Regiao de Saude,270160,2024
AL,27004,4ª Regiao de Saude,270170,2024
AL,27009,9ª Regiao de Saude,270180,2024
AL,27004,4ª Regiao de Saude,270190,2024
AL,27007,7ª Regiao de Saude,270200,2024
AL,27003,3ª Regiao de Saude,270210,2024
AL,27001,1ª Regiao de Saude,270220,2024
AL,27006,6ª Regiao de Saude,270230,2024
AL,27007,7ª Regiao de Saude,270235,2024
AL,27010,10ª Regiao de Saude,270240,2024
AL,27009,9ª Regiao de Saude,270250,2024
AL,27008,8ª Regiao de Saude,270255,2024
AL,27007,7ª Regiao de Saude,270260,2024
AL,27006,6ª Regiao de Saude,270270,2024
AL,27001,1ª Regiao de Saude,270280,2024
AL,27007,7ª Regiao de Saude,270290,2024
AL,27003,3ª Regiao de Saude,270300,2024
AL,27008,8ª Regiao de Saude,270310,2024
AL,27006,6ª Regiao de Saude,270320,2024
AL,27010,10ª Regiao de Saude,270330,2024
AL,27007,7ª Regiao de Saude,270340,2024
AL,27002,2ª Regiao de Saude,270350,2024
AL,27002,2ª Regiao de Saude,270360,2024
AL,27007,7ª Regiao de Saude,270370,2024
AL,27006,6ª Regiao de Saude,270375,2024
AL,27003,3ª Regiao de Saude,270380,2024
AL,27003,3ª Regiao de Saude,270390,2024
AL,27005,5ª Regiao de Saude,270400,2024
AL,27007,7ª Regiao de Saude,270410,2024
AL,27007,7ª Regiao de Saude,270420,2024
AL,27001,1ª Regiao de Saude,270430,2024
AL,27007,7ª Regiao de Saude,270440,2024
AL,27004,4ª Regiao de Saude,270490,2024
AL,27002,2ª Regiao de Saude,270450,2024
AL,27009,9ª Regiao de Saude,270460,2024
AL,27001,1ª Regiao de Saude,270470,2024
AL,27008,8ª Regiao de Saude,270480,2024
AL,27010,10ª Regiao de Saude,270500,2024
AL,27002,2ª Regiao de Saude,270510,2024
AL,27001,1ª Regiao de Saude,270520,2024
AL,27008,8ª Regiao de Saude,270530,2024
AL,27009,9ª Regiao de Saude,270540,2024
AL,27003,3ª Regiao de Saude,270550,2024
AL,27003,3ª Regiao de Saude,270560,2024
AL,27009,9ª Regiao de Saude,270570,2024
AL,27010,10ª Regiao de Saude,270580,2024
AL,27007,7ª Regiao de Saude,270590,2024
AL,27009,9ª Regiao de Saude,270600,2024
AL,27009,9ª Regiao de Saude,270610,2024
AL,27009,9ª Regiao de Saude,270620,2024
AL,27008,8ª Regiao de Saude,270630,2024
AL,27009,9ª Regiao de Saude,270640,2024
AL,27010,10ª Regiao de Saude,270642,2024
AL,27001,1ª Regiao de Saude,270644,2024
AL,27002,2ª Regiao de Saude,270650,2024
AL,27004,4ª Regiao de Saude,270660,2024
AL,27006,6ª Regiao de Saude,270670,2024
AL,27006,6ª Regiao de Saude,270680,2024
AL,27001,1ª Regiao de Saude,270690,2024
AL,27004,4ª Regiao de Saude,270700,2024
AL,27010,10ª Regiao de Saude,270710,2024
AL,27009,9ª Regiao de Saude,270720,2024
AL,27002,2ª Regiao de Saude,270730,2024
AL,27002,2ª Regiao de Saude,270740,2024
AL,27006,6ª Regiao de Saude,270750,2024
AL,27004,4ª Regiao de Saude,270760,2024
AL,27001,1ª Regiao de Saude,270770,2024
AL,27005,5ª Regiao de Saude,270780,2024
AL,27001,1ª Regiao de Saude,270790,2024
AL,27009,9ª Regiao de Saude,270800,2024
AL,27003,3ª Regiao de Saude,270810,2024
AL,27006,6ª Regiao de Saude,270820,2024
AL,27003,3ª Regiao de Saude,270830,2024
AL,27009,9ª Regiao de Saude,270840,2024
AL,27002,2ª Regiao de Saude,270850,2024
AL,27005,5ª Regiao de Saude,270860,2024
AL,27002,2ª Regiao de Saude,270870,2024
AL,27007,7ª Regiao de Saude,270880,2024
AL,27001,1ª Regiao de Saude,270890,2024
AL,27009,9ª Regiao de Saude,270895,2024
AL,27008,8ª Regiao de Saude,270900,2024
AL,27007,7ª Regiao de Saude,270910,2024
AL,27005,5ª Regiao de Saude,270915,2024
AL,27007,7ª Regiao de Saude,270920,2024
AL,27003,3ª Regiao de Saude,270930,2024
AL,27004,4ª Regiao de Saude,270940,2024
AM,13008,Triangulo,130002,2024
AM,13009,Alto Solimoes,130006,2024
AM,13002,Rio Negro e Solimoes,130008,2024
AM,13002,Rio Negro e Solimoes,130010,2024
AM,13003,Rio Madeira,130014,2024
AM,13009,Alto Solimoes,130020,2024
AM,13001,"Manaus, Entorno e Alto Rio Negro",130030,2024
AM,13001,"Manaus, Entorno e Alto Rio Negro",130040,2024
AM,13005,Baixo Amazonas,130050,2024
AM,13009,Alto Solimoes,130060,2024
AM,13002,Rio Negro e Solimoes,130063,2024
AM,13005,Baixo Amazonas,130068,2024
AM,13006,Regional Purus,130070,2024
AM,13003,Rio Madeira,130080,2024
AM,13002,Rio Negro e Solimoes,130083,2024
AM,13006,Regional Purus,130090,2024
AM,13007,Regional Jurua,130100,2024
AM,13001,"Manaus, Entorno e Alto Rio Negro",130110,2024
AM,13001,"Manaus, Entorno e Alto Rio Negro",130115,2024
AM,13002,Rio Negro e Solimoes,130120,2024
AM,13002,Rio Negro e Solimoes,130130,2024
AM,13007,Regional Jurua,130140,2024
AM,13007,Regional Jurua,130150,2024
AM,13009,Alto Solimoes,130160,2024
AM,13007,Regional Jurua,130165,2024
AM,13003,Rio Madeira,130170,2024
AM,13007,Regional Jurua,130180,2024
AM,13001,"Manaus, Entorno e Alto Rio Negro",130185,2024
AM,13004,Medio Amazonas,130190,2024
AM,13007,Regional Jurua,130195,2024
AM,13004,Medio Amazonas,130200,2024
AM,13008,Triangulo,130210,2024
AM,13008,Triangulo,130220,2024
AM,13009,Alto Solimoes,130230,2024
AM,13006,Regional Purus,130240,2024
AM,13002,Rio Negro e Solimoes,130250,2024
AM,13001,"Manaus, Entorno e Alto Rio Negro",130255,2024
AM,13001,"Manaus, Entorno e Alto Rio Negro",130260,2024
AM,13003,Rio Madeira,130270,2024
AM,13008,Triangulo,130280,2024
AM,13005,Baixo Amazonas,130290,2024
AM,13005,Baixo Amazonas,130300,2024
AM,13001,"Manaus, Entorno e Alto Rio Negro",130310,2024
AM,13002,Rio Negro e Solimoes,130320,2024
AM,13003,Rio Madeira,130330,2024
AM,13005,Baixo Amazonas,130340,2024
AM,13006,Regional Purus,130350,2024
AM,13001,"Manaus, Entorno e Alto Rio Negro",130353,2024
AM,13001,"Manaus, Entorno e Alto Rio Negro",130356,2024
AM,13001,"Manaus, Entorno e Alto Rio Negro",130360,2024
AM,13009,Alto Solimoes,130370,2024
AM,13001,"Manaus, Entorno e Alto Rio Negro",130380,2024
AM,13009,Alto Solimoes,130390,2024
AM,13004,Medio Amazonas,130395,2024
AM,13004,Medio Amazonas,130400,2024
AM,13009,Alto Solimoes,130406,2024
AM,13006,Regional Purus,130410,2024
AM,13008,Triangulo,130420,2024
AM,13009,Alto Solimoes,130423,2024
AM,13008,Triangulo,130426,2024
AM,13004,Medio Amazonas,130430,2024
AM,13004,Medio Amazonas,130440,2024
AP,16002,Area Norte,160010,2024
AP,16002,Area Norte,160020,2024
AP,16001,Area Central,160021,2024
AP,16001,Area Central,160023,2024
AP,16001,Area Central,160025,2024
AP,16003,Area Sudoeste,160027,2024
AP,16001,Area Central,160030,2024
AP,16003,Area Sudoeste,160040,2024
AP,16002,Area Norte,160050,2024
AP,16001,Area Central,160015,2024
AP,16001,Area Central,160053,2024
AP,16002,Area Norte,160055,2024
AP,16003,Area Sudoeste,160060,2024
AP,16001,Area Central,160005,2024
AP,16002,Area Norte,160070,2024
AP,16003,Area Sudoeste,160080,2024
BA,29023,Seabra,290010,2024
BA,29017,Paulo Afonso,290020,2024
BA,29001,Alagoinhas,290030,2024
BA,29019,Ribeira do Pombal,290035,2024
BA,29025,Serrinha,290040,2024
BA,29015,Jequie,290060,2024
BA,29001,Alagoinhas,290070,2024
BA,29026,Teixeira de Freitas,290080,2024
BA,29012,Itabuna,290090,2024
BA,29022,Santo Antonio de Jesus,290100,2024
BA,29006,Feira de Santana,290110,2024
BA,29010,Irece,290115,2024
BA,29028,Vitoria da Conquista,290120,2024
BA,29011,Itaberaba,290130,2024
BA,29024,Senhor do Bonfim,290135,2024
BA,29002,Barreiras,290140,2024
BA,29006,Feira de Santana,290150,2024
BA,29019,Ribeira do Pombal,290160,2024
BA,29006,Feira de Santana,290170,2024
BA,29024,Senhor do Bonfim,290180,2024
BA,29001,Alagoinhas,290190,2024
BA,29015,Jequie,290195,2024
BA,29001,Alagoinhas,290205,2024
BA,29003,Brumado,290200,2024
BA,29025,Serrinha,290210,2024
BA,29001,Alagoinhas,290220,2024
BA,29009,Ilheus,290225,2024
BA,29022,Santo Antonio de Jesus,290230,2024
BA,29012,Itabuna,290240,2024
BA,29002,Barreiras,290250,2024
BA,29006,Feira de Santana,290260,2024
BA,29019,Ribeira do Pombal,290265,2024
BA,29008,Ibotirama,290270,2024
BA,29003,Brumado,290280,2024
BA,29028,Vitoria da Conquista,290290,2024
BA,29010,Irece,290300,2024
BA,29015,Jequie,290310,2024
BA,29002,Barreiras,290320,2024
BA,29010,Irece,290323,2024
BA,29012,Itabuna,290330,2024
BA,29025,Serrinha,290327,2024
BA,29018,Porto Seguro,290340,2024
BA,29028,Vitoria da Conquista,290350,2024
BA,29025,Serrinha,290360,2024
BA,29015,Jequie,290370,2024
BA,29011,Itaberaba,290380,2024
BA,29021,Santa Maria da Vitoria,290390,2024
BA,29028,Vitoria da Conquista,290395,2024
BA,29023,Seabra,290400,2024
BA,29011,Itaberaba,290405,2024
BA,29003,Brumado,290410,2024
BA,29007,Guanambi,290420,2024
BA,29015,Jequie,290430,2024
BA,29002,Barreiras,290440,2024
BA,29008,Ibotirama,290450,2024
BA,29003,Brumado,290460,2024
BA,29012,Itabuna,290470,2024
BA,29008,Ibotirama,290475,2024
BA,29013,Itapetinga,290480,2024
BA,29005,Cruz das Almas,290485,2024
BA,29005,Cruz das Almas,290490,2024
BA,29007,Guanambi,290500,2024
BA,29014,Jacobina,290510,2024
BA,29028,Vitoria da Conquista,290515,2024
BA,29007,Guanambi,290520,2024
BA,29010,Irece,290530,2024
BA,29027,Valenca,290540,2024
BA,29014,Jacobina,290550,2024
BA,29012,Itabuna,290560,2024
BA,29004,Camacari,290570,2024
BA,29027,Valenca,290580,2024
BA,29016,Juazeiro,290590,2024
BA,29024,Senhor do Bonfim,290600,2024
BA,29021,Santa Maria da Vitoria,290610,2024
BA,29010,Irece,290620,2024
BA,29009,Ilheus,290630,2024
BA,29006,Feira de Santana,290640,2024
BA,29020,Salvador,290650,2024
BA,29007,Guanambi,290660,2024
BA,29028,Vitoria da Conquista,290670,2024
BA,29025,Serrinha,290680,2024
BA,29016,Juazeiro,290682,2024
BA,29006,Feira de Santana,290685,2024
BA,29014,Jacobina,290687,2024
BA,29028,Vitoria da Conquista,290689,2024
BA,29026,Teixeira de Freitas,290690,2024
BA,29001,Alagoinhas,290700,2024
BA,29007,Guanambi,290710,2024
BA,29016,Juazeiro,290720,2024
BA,29022,Santo Antonio de Jesus,290730,2024
BA,29002,Barreiras,290740,2024
BA,29001,Alagoinhas,290750,2024
BA,29003,Brumado,290755,2024
BA,29010,Irece,290760,2024
BA,29017,Paulo Afonso,290770,2024
BA,29019,Ribeira do Pombal,290780,2024
BA,29019,Ribeira do Pombal,290790,2024
BA,29012,Itabuna,290800,2024
BA,29021,Santa Maria da Vitoria,290810,2024
BA,29005,Cruz das Almas,290820,2024
BA,29022,Santo Antonio de Jesus,290830,2024
BA,29025,Serrinha,290840,2024
BA,29006,Feira de Santana,290850,2024
BA,29004,Camacari,290860,2024
BA,29028,Vitoria da Conquista,290870,2024
BA,29003,Brumado,290880,2024
BA,29006,Feira de Santana,290890,2024
BA,29028,Vitoria da Conquista,290900,2024
BA,29021,Santa Maria da Vitoria,290910,2024
BA,29019,Ribeira do Pombal,290920,2024
BA,29021,Santa Maria da Vitoria,290930,2024
BA,29002,Barreiras,290940,2024
BA,29015,Jequie,290950,2024
BA,29001,Alagoinhas,290960,2024
BA,29002,Barreiras,290970,2024
BA,29005,Cruz das Almas,290980,2024
BA,29016,Juazeiro,290990,2024
BA,29015,Jequie,291000,2024
BA,29004,Camacari,291005,2024
BA,29003,Brumado,291010,2024
BA,29022,Santo Antonio de Jesus,291020,2024
BA,29022,Santo Antonio de Jesus,291030,2024
BA,29028,Vitoria da Conquista,291040,2024
BA,29001,Alagoinhas,291050,2024
BA,29003,Brumado,290050,2024
BA,29001,Alagoinhas,291060,2024
BA,29025,Serrinha,291070,2024
BA,29018,Porto Seguro,291072,2024
BA,29019,Ribeira do Pombal,291075,2024
BA,29007,Guanambi,291077,2024
BA,29006,Feira de Santana,291080,2024
BA,29024,Senhor do Bonfim,291085,2024
BA,29013,Itapetinga,291090,2024
BA,29012,Itabuna,291100,2024
BA,29002,Barreiras,291110,2024
BA,29027,Valenca,291120,2024
BA,29006,Feira de Santana,291125,2024
BA,29010,Irece,291130,2024
BA,29017,Paulo Afonso,291140,2024
BA,29012,Itabuna,291150,2024
BA,29005,Cruz das Almas,291160,2024
BA,29003,Brumado,291165,2024
BA,29007,Guanambi,291170,2024
BA,29018,Porto Seguro,291180,2024
BA,29019,Ribeira do Pombal,291185,2024
BA,29011,Itaberaba,291190,2024
BA,29007,Guanambi,291200,2024
BA,29012,Itabuna,291210,2024
BA,29003,Brumado,291220,2024
BA,29013,Itapetinga,291230,2024
BA,29010,Irece,291240,2024
BA,29003,Brumado,291250,2024
BA,29011,Itaberaba,291260,2024
BA,29012,Itabuna,291270,2024
BA,29026,Teixeira de Freitas,291280,2024
BA,29015,Jequie,291290,2024
BA,29023,Seabra,291300,2024
BA,29010,Irece,291310,2024
BA,29008,Ibotirama,291320,2024
BA,29006,Feira de Santana,291330,2024
BA,29007,Guanambi,291340,2024
BA,29027,Valenca,291345,2024
BA,29013,Itapetinga,291350,2024
BA,29009,Ilheus,291360,2024
BA,29001,Alagoinhas,291370,2024
BA,29006,Feira de Santana,291380,2024
BA,29015,Jequie,291390,2024
BA,29006,Feira de Santana,291400,2024
BA,29008,Ibotirama,291410,2024
BA,29015,Jequie,291420,2024
BA,29015,Jequie,291430,2024
BA,29023,Seabra,291440,2024
BA,29006,Feira de Santana,291450,2024
BA,29010,Irece,291460,2024
BA,29018,Porto Seguro,291465,2024
BA,29011,Itaberaba,291470,2024
BA,29012,Itabuna,291480,2024
BA,29009,Ilheus,291490,2024
BA,29011,Itaberaba,291500,2024
BA,29015,Jequie,291510,2024
BA,29015,Jequie,291520,2024
BA,29018,Porto Seguro,291530,2024
BA,29010,Irece,291535,2024
BA,29012,Itabuna,291540,2024
BA,29012,Itabuna,291550,2024
BA,29026,Teixeira de Freitas,291560,2024
BA,29015,Jequie,291570,2024
BA,29013,Itapetinga,291580,2024
BA,29001,Alagoinhas,291590,2024
BA,29026,Teixeira de Freitas,291600,2024
BA,29020,Salvador,291610,2024
BA,29012,Itabuna,291620,2024
BA,29018,Porto Seguro,291630,2024
BA,29013,Itapetinga,291640,2024
BA,29001,Alagoinhas,291650,2024
BA,29012,Itabuna,291660,2024
BA,29015,Jequie,291670,2024
BA,29013,Itapetinga,291680,2024
BA,29022,Santo Antonio de Jesus,291685,2024
BA,29015,Jequie,291690,2024
BA,29024,Senhor do Bonfim,291700,2024
BA,29013,Itapetinga,291710,2024
BA,29003,Brumado,291720,2024
BA,29027,Valenca,291730,2024
BA,29007,Guanambi,291733,2024
BA,29021,Santa Maria da Vitoria,291735,2024
BA,29007,Guanambi,291740,2024
BA,29014,Jacobina,291750,2024
BA,29015,Jequie,291760,2024
BA,29024,Senhor do Bonfim,291770,2024
BA,29022,Santo Antonio de Jesus,291780,2024
BA,29001,Alagoinhas,291790,2024
BA,29015,Jequie,291800,2024
BA,29017,Paulo Afonso,291810,2024
BA,29022,Santo Antonio de Jesus,291820,2024
BA,29015,Jequie,291830,2024
BA,29010,Irece,291835,2024
BA,29016,Juazeiro,291840,2024
BA,29026,Teixeira de Freitas,291845,2024
BA,29010,Irece,291850,2024
BA,29012,Itabuna,291855,2024
BA,29003,Brumado,291860,2024
BA,29015,Jequie,291870,2024
BA,29007,Guanambi,291875,2024
BA,29022,Santo Antonio de Jesus,291880,2024
BA,29026,Teixeira de Freitas,291890,2024
BA,29011,Itaberaba,291900,2024
BA,29015,Jequie,291905,2024
BA,29025,Serrinha,291910,2024
BA,29010,Irece,291915,2024
BA,29020,Salvador,291920,2024
BA,29023,Seabra,291930,2024
BA,29007,Guanambi,291940,2024
BA,29003,Brumado,291950,2024
BA,29002,Barreiras,291955,2024
BA,29011,Itaberaba,291960,2024
BA,29013,Itapetinga,291970,2024
BA,29003,Brumado,291980,2024
BA,29017,Paulo Afonso,291990,2024
BA,29020,Salvador,291992,2024
BA,29028,Vitoria da Conquista,291995,2024
BA,29013,Itapetinga,292000,2024
BA,29014,Jacobina,292010,2024
BA,29007,Guanambi,292020,2024
BA,29003,Brumado,292030,2024
BA,29015,Jequie,292040,2024
BA,29002,Barreiras,292045,2024
BA,29015,Jequie,292050,2024
BA,29005,Cruz das Almas,292060,2024
BA,29012,Itabuna,292070,2024
BA,29011,Itaberaba,292080,2024
BA,29009,Ilheus,292090,2024
BA,29004,Camacari,292100,2024
BA,29007,Guanambi,292105,2024
BA,29026,Teixeira de Freitas,292110,2024
BA,29014,Jacobina,292120,2024
BA,29022,Santo Antonio de Jesus,292130,2024
BA,29014,Jacobina,292140,2024
BA,29028,Vitoria da Conquista,292145,2024
BA,29025,Serrinha,292150,2024
BA,29008,Ibotirama,292160,2024
BA,29014,Jacobina,292170,2024
BA,29007,Guanambi,292180,2024
BA,29023,Seabra,292190,2024
BA,29026,Teixeira de Freitas,292200,2024
BA,29010,Irece,292205,2024
BA,29006,Feira de Santana,292210,2024
BA,29022,Santo Antonio de Jesus,292220,2024
BA,29008,Ibotirama,292225,2024
BA,29005,Cruz das Almas,292230,2024
BA,29022,Santo Antonio de Jesus,292240,2024
BA,29022,Santo Antonio de Jesus,292250,2024
BA,29027,Valenca,292260,2024
BA,29025,Serrinha,292265,2024
BA,29013,Itapetinga,292270,2024
BA,29006,Feira de Santana,292273,2024
BA,29027,Valenca,292275,2024
BA,29015,Jequie,292280,2024
BA,29011,Itaberaba,292285,2024
BA,29019,Ribeira do Pombal,292290,2024
BA,29026,Teixeira de Freitas,292300,2024
BA,29023,Seabra,292303,2024
BA,29019,Ribeira do Pombal,292305,2024
BA,29019,Ribeira do Pombal,292310,2024
BA,29008,Ibotirama,292320,2024
BA,29001,Alagoinhas,292330,2024
BA,29014,Jacobina,292335,2024
BA,29007,Guanambi,292340,2024
BA,29023,Seabra,292350,2024
BA,29003,Brumado,292360,2024
BA,29008,Ibotirama,292370,2024
BA,29019,Ribeira do Pombal,292380,2024
BA,29012,Itabuna,292390,2024
BA,29017,Paulo Afonso,292400,2024
BA,29006,Feira de Santana,292405,2024
BA,29001,Alagoinhas,292410,2024
BA,29017,Paulo Afonso,292420,2024
BA,29023,Seabra,292430,2024
BA,29016,Juazeiro,292440,2024
BA,29007,Guanambi,292450,2024
BA,29024,Senhor do Bonfim,292460,2024
BA,29006,Feira de Santana,292465,2024
BA,29027,Valenca,292467,2024
BA,29028,Vitoria da Conquista,292470,2024
BA,29014,Jacobina,292480,2024
BA,29015,Jequie,292490,2024
BA,29028,Vitoria da Conquista,292500,2024
BA,29028,Vitoria da Conquista,292510,2024
BA,29004,Camacari,292520,2024
BA,29024,Senhor do Bonfim,292525,2024
BA,29018,Porto Seguro,292530,2024
BA,29013,Itapetinga,292540,2024
BA,29026,Teixeira de Freitas,292550,2024
BA,29010,Irece,292560,2024
BA,29028,Vitoria da Conquista,292570,2024
BA,29022,Santo Antonio de Jesus,292575,2024
BA,29025,Serrinha,292580,2024
BA,29025,Serrinha,292590,2024
BA,29014,Jacobina,292593,2024
BA,29006,Feira de Santana,292595,2024
BA,29016,Juazeiro,292600,2024
BA,29025,Serrinha,292610,2024
BA,29002,Barreiras,292620,2024
BA,29006,Feira de Santana,292630,2024
BA,29007,Guanambi,292640,2024
BA,29019,Ribeira do Pombal,292650,2024
BA,29019,Ribeira do Pombal,292660,2024
BA,29028,Vitoria da Conquista,292665,2024
BA,29003,Brumado,292670,2024
BA,29007,Guanambi,292680,2024
BA,29003,Brumado,292690,2024
BA,29001,Alagoinhas,292700,2024
BA,29017,Paulo Afonso,292710,2024
BA,29011,Itaberaba,292720,2024
BA,29022,Santo Antonio de Jesus,292730,2024
BA,29020,Salvador,292740,2024
BA,29006,Feira de Santana,292750,2024
BA,29017,Paulo Afonso,292760,2024
BA,29018,Porto Seguro,292770,2024
BA,29012,Itabuna,292780,2024
BA,29015,Jequie,292790,2024
BA,29009,Ilheus,292805,2024
BA,29021,Santa Maria da Vitoria,292810,2024
BA,29002,Barreiras,292840,2024
BA,29022,Santo Antonio de Jesus,292850,2024
BA,29025,Serrinha,292800,2024
BA,29021,Santa Maria da Vitoria,292820,2024
BA,29006,Feira de Santana,292830,2024
BA,29020,Salvador,292860,2024
BA,29022,Santo Antonio de Jesus,292870,2024
BA,29006,Feira de Santana,292880,2024
BA,29002,Barreiras,292890,2024
BA,29025,Serrinha,292895,2024
BA,29022,Santo Antonio de Jesus,292910,2024
BA,29005,Cruz das Almas,292900,2024
BA,29021,Santa Maria da Vitoria,292905,2024
BA,29020,Salvador,292920,2024
BA,29010,Irece,292925,2024
BA,29006,Feira de Santana,292930,2024
BA,29012,Itabuna,292935,2024
BA,29014,Jacobina,292937,2024
BA,29022,Santo Antonio de Jesus,292940,2024
BA,29020,Salvador,292950,2024
BA,29005,Cruz das Almas,292960,2024
BA,29001,Alagoinhas,292970,2024
BA,29020,Salvador,292975,2024
BA,29014,Jacobina,292980,2024
BA,29023,Seabra,292990,2024
BA,29007,Guanambi,293000,2024
BA,29024,Senhor do Bonfim,293010,2024
BA,29016,Juazeiro,293020,2024
BA,29021,Santa Maria da Vitoria,293015,2024
BA,29021,Santa Maria da Vitoria,293030,2024
BA,29006,Feira de Santana,293040,2024
BA,29025,Serrinha,293050,2024
BA,29014,Jacobina,293060,2024
BA,29004,Camacari,293070,2024
BA,29021,Santa Maria da Vitoria,293075,2024
BA,29019,Ribeira do Pombal,293076,2024
BA,29016,Juazeiro,293077,2024
BA,29023,Seabra,293080,2024
BA,29002,Barreiras,293090,2024
BA,29003,Brumado,293100,2024
BA,29007,Guanambi,293105,2024
BA,29006,Feira de Santana,293110,2024
BA,29027,Valenca,293120,2024
BA,29014,Jacobina,293130,2024
BA,29026,Teixeira de Freitas,293135,2024
BA,29006,Feira de Santana,293140,2024
BA,29025,Serrinha,293150,2024
BA,29022,Santo Antonio de Jesus,293160,2024
BA,29006,Feira de Santana,293170,2024
BA,29028,Vitoria da Conquista,293180,2024
BA,29019,Ribeira do Pombal,293190,2024
BA,29016,Juazeiro,293200,2024
BA,29022,Santo Antonio de Jesus,293210,2024
BA,29012,Itabuna,293220,2024
BA,29012,Itabuna,293230,2024
BA,29010,Irece,293240,2024
BA,29014,Jacobina,293245,2024
BA,29009,Ilheus,293250,2024
BA,29007,Guanambi,293260,2024
BA,29009,Ilheus,293270,2024
BA,29011,Itaberaba,293280,2024
BA,29027,Valenca,293290,2024
BA,29025,Serrinha,293300,2024
BA,29014,Jacobina,293305,2024
BA,29014,Jacobina,293310,2024
BA,29014,Jacobina,293315,2024
BA,29022,Santo Antonio de Jesus,293317,2024
BA,29020,Salvador,293320,2024
BA,29026,Teixeira de Freitas,293325,2024
BA,29028,Vitoria da Conquista,293330,2024
BA,29011,Itaberaba,293340,2024
BA,29002,Barreiras,293345,2024
BA,29027,Valenca,293350,2024
BA,29010,Irece,293360,2024
CE,23023,2ª Rs Cariri,230010,2024
CE,23001,1ª Rs Fortaleza,230015,2024
CE,23011,5ª Rs Sobral,230020,2024
CE,23023,2ª Rs Cariri,230030,2024
CE,23024,3ª Rs Sertao Central,230040,2024
CE,23011,5ª Rs Sobral,230050,2024
CE,23023,2ª Rs Cariri,230060,2024
CE,23025,4ª Rs Litoral Leste/jaguaribe,230070,2024
CE,23001,1ª Rs Fortaleza,230075,2024
CE,23023,2ª Rs Cariri,230080,2024
CE,23001,1ª Rs Fortaleza,230090,2024
CE,23001,1ª Rs Fortaleza,230100,2024
CE,23025,4ª Rs Litoral Leste/jaguaribe,230110,2024
CE,23001,1ª Rs Fortaleza,230120,2024
CE,23011,5ª Rs Sobral,230125,2024
CE,23023,2ª Rs Cariri,230130,2024
CE,23001,1ª Rs Fortaleza,230140,2024
CE,23024,3ª Rs Sertao Central,230150,2024
CE,23023,2ª Rs Cariri,230160,2024
CE,23023,2ª Rs Cariri,230170,2024
CE,23023,2ª Rs Cariri,230180,2024
CE,23024,3ª Rs Sertao Central,230185,2024
CE,23023,2ª Rs Cariri,230190,2024
CE,23001,1ª Rs Fortaleza,230195,2024
CE,23023,2ª Rs Cariri,230200,2024
CE,23011,5ª Rs Sobral,230205,2024
CE,23001,1ª Rs Fortaleza,230210,2024
CE,23001,1ª Rs Fortaleza,230220,2024
CE,23011,5ª Rs Sobral,230230,2024
CE,23024,3ª Rs Sertao Central,230240,2024
CE,23023,2ª Rs Cariri,230250,2024
CE,23011,5ª Rs Sobral,230260,2024
CE,23023,2ª Rs Cariri,230270,2024
CE,23024,3ª Rs Sertao Central,230280,2024
CE,23001,1ª Rs Fortaleza,230290,2024
CE,23024,3ª Rs Sertao Central,230300,2024
CE,23011,5ª Rs Sobral,230310,2024
CE,23023,2ª Rs Cariri,230320,2024
CE,23023,2ª Rs Cariri,230330,2024
CE,23011,5ª Rs Sobral,230340,2024
CE,23001,1ª Rs Fortaleza,230350,2024
CE,23023,2ª Rs Cariri,230360,2024
CE,23011,5ª Rs Sobral,230365,2024
CE,23001,1ª Rs Fortaleza,230370,2024
CE,23023,2ª Rs Cariri,230380,2024
CE,23011,5ª Rs Sobral,230390,2024
CE,23024,3ª Rs Sertao Central,230393,2024
CE,23001,1ª Rs Fortaleza,230395,2024
CE,23011,5ª Rs Sobral,230400,2024
CE,23011,5ª Rs Sobral,230410,2024
CE,23023,2ª Rs Cariri,230420,2024
CE,23011,5ª Rs Sobral,230423,2024
CE,23011,5ª Rs Sobral,230425,2024
CE,23023,2ª Rs Cariri,230426,2024
CE,23025,4ª Rs Litoral Leste/jaguaribe,230427,2024
CE,23001,1ª Rs Fortaleza,230428,2024
CE,23023,2ª Rs Cariri,230430,2024
CE,23011,5ª Rs Sobral,230435,2024
CE,23001,1ª Rs Fortaleza,230440,2024
CE,23025,4ª Rs Litoral Leste/jaguaribe,230445,2024
CE,23011,5ª Rs Sobral,230450,2024
CE,23001,1ª Rs Fortaleza,230460,2024
CE,23011,5ª Rs Sobral,230465,2024
CE,23011,5ª Rs Sobral,230470,2024
CE,23023,2ª Rs Cariri,230480,2024
CE,23011,5ª Rs Sobral,230490,2024
CE,23001,1ª Rs Fortaleza,230495,2024
CE,23011,5ª Rs Sobral,230500,2024
CE,23001,1ª Rs Fortaleza,230510,2024
CE,23011,5ª Rs Sobral,230520,2024
CE,23001,1ª Rs Fortaleza,230523,2024
CE,23024,3ª Rs Sertao Central,230526,2024
CE,23011,5ª Rs Sobral,230530,2024
CE,23024,3ª Rs Sertao Central,230533,2024
CE,23025,4ª Rs Litoral Leste/jaguaribe,230535,2024
CE,23023,2ª Rs Cariri,230540,2024
CE,23023,2ª Rs Cariri,230550,2024
CE,23011,5ª Rs Sobral,230560,2024
CE,23011,5ª Rs Sobral,230565,2024
CE,23023,2ª Rs Cariri,230570,2024
CE,23011,5ª Rs Sobral,230580,2024
CE,23011,5ª Rs Sobral,230590,2024
CE,23025,4ª Rs Litoral Leste/jaguaribe,230600,2024
CE,23011,5ª Rs Sobral,230610,2024
CE,23025,4ª Rs Litoral Leste/jaguaribe,230620,2024
CE,23001,1ª Rs Fortaleza,230625,2024
CE,23001,1ª Rs Fortaleza,230630,2024
CE,23001,1ª Rs Fortaleza,230640,2024
CE,23001,1ª Rs Fortaleza,230650,2024
CE,23011,5ª Rs Sobral,230655,2024
CE,23024,3ª Rs Sertao Central,230660,2024
CE,23025,4ª Rs Litoral Leste/jaguaribe,230670,2024
CE,23025,4ª Rs Litoral Leste/jaguaribe,230680,2024
CE,23025,4ª Rs Litoral Leste/jaguaribe,230690,2024
CE,23025,4ª Rs Litoral Leste/jaguaribe,230700,2024
CE,23023,2ª Rs Cariri,230710,2024
CE,23023,2ª Rs Cariri,230720,2024
CE,23011,5ª Rs Sobral,230725,2024
CE,23023,2ª Rs Cariri,230730,2024
CE,23023,2ª Rs Cariri,230740,2024
CE,23023,2ª Rs Cariri,230750,2024
CE,23025,4ª Rs Litoral Leste/jaguaribe,230760,2024
CE,23024,3ª Rs Sertao Central,230763,2024
CE,23001,1ª Rs Fortaleza,230765,2024
CE,23001,1ª Rs Fortaleza,230770,2024
CE,23011,5ª Rs Sobral,230780,2024
CE,23011,5ª Rs Sobral,230790,2024
CE,23011,5ª Rs Sobral,230800,2024
CE,23023,2ª Rs Cariri,230810,2024
CE,23011,5ª Rs Sobral,230820,2024
CE,23023,2ª Rs Cariri,230830,2024
CE,23024,3ª Rs Sertao Central,230835,2024
CE,23001,1ª Rs Fortaleza,230837,2024
CE,23023,2ª Rs Cariri,230840,2024
CE,23023,2ª Rs Cariri,230850,2024
CE,23011,5ª Rs Sobral,230860,2024
CE,23025,4ª Rs Litoral Leste/jaguaribe,230870,2024
CE,23011,5ª Rs Sobral,230880,2024
CE,23011,5ª Rs Sobral,230890,2024
CE,23011,5ª Rs Sobral,230900,2024
CE,23001,1ª Rs Fortaleza,230910,2024
CE,23023,2ª Rs Cariri,230920,2024
CE,23011,5ª Rs Sobral,230930,2024
CE,23011,5ª Rs Sobral,230940,2024
CE,23001,1ª Rs Fortaleza,230945,2024
CE,23023,2ª Rs Cariri,230950,2024
CE,23001,1ª Rs Fortaleza,230960,2024
CE,23001,1ª Rs Fortaleza,230970,2024
CE,23001,1ª Rs Fortaleza,230980,2024
CE,23011,5ª Rs Sobral,230990,2024
CE,23025,4ª Rs Litoral Leste/jaguaribe,231000,2024
CE,23001,1ª Rs Fortaleza,231010,2024
CE,23001,1ª Rs Fortaleza,231020,2024
CE,23001,1ª Rs Fortaleza,231025,2024
CE,23024,3ª Rs Sertao Central,231030,2024
CE,23024,3ª Rs Sertao Central,231040,2024
CE,23024,3ª Rs Sertao Central,231050,2024
CE,23023,2ª Rs Cariri,231060,2024
CE,23001,1ª Rs Fortaleza,231070,2024
CE,23025,4ª Rs Litoral Leste/jaguaribe,231080,2024
CE,23001,1ª Rs Fortaleza,231085,2024
CE,23023,2ª Rs Cariri,231090,2024
CE,23011,5ª Rs Sobral,231095,2024
CE,23011,5ª Rs Sobral,231100,2024
CE,23023,2ª Rs Cariri,231110,2024
CE,23023,2ª Rs Cariri,231120,2024
CE,23025,4ª Rs Litoral Leste/jaguaribe,231123,2024
CE,23011,5ª Rs Sobral,231126,2024
CE,23024,3ª Rs Sertao Central,231130,2024
CE,23023,2ª Rs Cariri,231135,2024
CE,23024,3ª Rs Sertao Central,231140,2024
CE,23025,4ª Rs Litoral Leste/jaguaribe,231150,2024
CE,23001,1ª Rs Fortaleza,231160,2024
CE,23011,5ª Rs Sobral,231170,2024
CE,23025,4ª Rs Litoral Leste/jaguaribe,231180,2024
CE,23023,2ª Rs Cariri,231190,2024
CE,23023,2ª Rs Cariri,231195,2024
CE,23011,5ª Rs Sobral,231220,2024
CE,23011,5ª Rs Sobral,231200,2024
CE,23023,2ª Rs Cariri,231210,2024
CE,23011,5ª Rs Sobral,231230,2024
CE,23001,1ª Rs Fortaleza,231240,2024
CE,23025,4ª Rs Litoral Leste/jaguaribe,231250,2024
CE,23001,1ª Rs Fortaleza,231260,2024
CE,23024,3ª Rs Sertao Central,231270,2024
CE,23011,5ª Rs Sobral,231280,2024
CE,23011,5ª Rs Sobral,231290,2024
CE,23024,3ª Rs Sertao Central,231300,2024
CE,23025,4ª Rs Litoral Leste/jaguaribe,231310,2024
CE,23011,5ª Rs Sobral,231320,2024
CE,23023,2ª Rs Cariri,231325,2024
CE,23024,3ª Rs Sertao Central,231330,2024
CE,23001,1ª Rs Fortaleza,231335,2024
CE,23011,5ª Rs Sobral,231340,2024
CE,23001,1ª Rs Fortaleza,231350,2024
CE,23001,1ª Rs Fortaleza,231355,2024
CE,23011,5ª Rs Sobral,231360,2024
CE,23023,2ª Rs Cariri,231370,2024
CE,23001,1ª Rs Fortaleza,231375,2024
CE,23001,1ª Rs Fortaleza,231380,2024
CE,23011,5ª Rs Sobral,231390,2024
CE,23011,5ª Rs Sobral,231395,2024
CE,23023,2ª Rs Cariri,231400,2024
CE,23011,5ª Rs Sobral,231410,2024
DF,53001,Distrito Federal,530010,2024
ES,32002,Metropolitana,320010,2024
ES,32003,Norte,320016,2024
ES,32001,Central,320013,2024
ES,32004,Sul,320020,2024
ES,32004,Sul,320030,2024
ES,32001,Central,320035,2024
ES,32004,Sul,320040,2024
ES,32004,Sul,320050,2024
ES,32002,Metropolitana,320060,2024
ES,32004,Sul,320070,2024
ES,32001,Central,320080,2024
ES,32003,Norte,320090,2024
ES,32003,Norte,320100,2024
ES,32004,Sul,320110,2024
ES,32002,Metropolitana,320115,2024
ES,32004,Sul,320120,2024
ES,32002,Metropolitana,320130,2024
ES,32004,Sul,320140,2024
ES,32001,Central,320150,2024
ES,32003,Norte,320160,2024
ES,32002,Metropolitana,320170,2024
ES,32004,Sul,320180,2024
ES,32002,Metropolitana,320190,2024
ES,32004,Sul,320200,2024
ES,32003,Norte,320210,2024
ES,32002,Metropolitana,320220,2024
ES,32001,Central,320225,2024
ES,32004,Sul,320230,2024
ES,32002,Metropolitana,320240,2024
ES,32002,Metropolitana,320245,2024
ES,32002,Metropolitana,320250,2024
ES,32004,Sul,320255,2024
ES,32004,Sul,320260,2024
ES,32004,Sul,320265,2024
ES,32002,Metropolitana,320270,2024
ES,32004,Sul,320280,2024
ES,32002,Metropolitana,320290,2024
ES,32004,Sul,320300,2024
ES,32003,Norte,320305,2024
ES,32004,Sul,320310,2024
ES,32002,Metropolitana,320313,2024
ES,32002,Metropolitana,320316,2024
ES,32001,Central,320320,2024
ES,32001,Central,320330,2024
ES,32004,Sul,320332,2024
ES,32002,Metropolitana,320334,2024
ES,32001,Central,320335,2024
ES,32004,Sul,320340,2024
ES,32003,Norte,320350,2024
ES,32003,Norte,320360,2024
ES,32004,Sul,320370,2024
ES,32004,Sul,320380,2024
ES,32003,Norte,320390,2024
ES,32001,Central,320400,2024
ES,32003,Norte,320405,2024
ES,32003,Norte,320410,2024
ES,32004,Sul,320420,2024
ES,32003,Norte,320425,2024
ES,32004,Sul,320430,2024
ES,32001,Central,320435,2024
ES,32004,Sul,320440,2024
ES,32002,Metropolitana,320450,2024
ES,32002,Metropolitana,320455,2024
ES,32002,Metropolitana,320460,2024
ES,32001,Central,320465,2024
ES,32001,Central,320470,2024
ES,32004,Sul,320480,2024
ES,32003,Norte,320490,2024
ES,32001,Central,320495,2024
ES,32002,Metropolitana,320500,2024
ES,32001,Central,320501,2024
ES,32004,Sul,320503,2024
ES,32002,Metropolitana,320506,2024
ES,32002,Metropolitana,320510,2024
ES,32003,Norte,320515,2024
ES,32001,Central,320517,2024
ES,32002,Metropolitana,320520,2024
ES,32002,Metropolitana,320530,2024
GO,52001,Central,520005,2024
GO,52011,Pirineus,520010,2024
GO,52015,Sudoeste I,520013,2024
GO,52010,Oeste II,520015,2024
GO,52003,Entorno Norte,520017,2024
GO,52017,Sul,520020,2024
GO,52004,Entorno Sul,520025,2024
GO,52011,Pirineus,520030,2024
GO,52017,Sul,520050,2024
GO,52014,Serra da Mesa,520055,2024
GO,52003,Entorno Norte,520060,2024
GO,52007,Nordeste II,520080,2024
GO,52014,Serra da Mesa,520082,2024
GO,52012,Rio Vermelho,520085,2024
GO,52009,Oeste I,520090,2024
GO,52011,Pirineus,520110,2024
GO,52005,Estrada de Ferro,520120,2024
GO,52001,Central,520130,2024
GO,52002,Centro Sul,520140,2024
GO,52015,Sudoeste I,520145,2024
GO,52016,Sudoeste II,520150,2024
GO,52001,Central,520160,2024
GO,52009,Oeste I,520170,2024
GO,52002,Centro Sul,520180,2024
GO,52012,Rio Vermelho,520215,2024
GO,52009,Oeste I,520235,2024
GO,52012,Rio Vermelho,520250,2024
GO,52010,Oeste II,520260,2024
GO,52001,Central,520280,2024
GO,52009,Oeste I,520310,2024
GO,52018,Sao Patricio II,520320,2024
GO,52002,Centro Sul,520330,2024
GO,52009,Oeste I,520340,2024
GO,52017,Sul,520350,2024
GO,52002,Centro Sul,520355,2024
GO,52008,Norte,520357,2024
GO,52001,Central,520360,2024
GO,52012,Rio Vermelho,520380,2024
GO,52017,Sul,520390,2024
GO,52010,Oeste II,520393,2024
GO,52007,Nordeste II,520396,2024
GO,52003,Entorno Norte,520400,2024
GO,52015,Sudoeste I,520410,2024
GO,52010,Oeste II,520420,2024
GO,52017,Sul,520425,2024
GO,52015,Sudoeste I,520430,2024
GO,52016,Sudoeste II,520440,2024
GO,52005,Estrada de Ferro,520450,2024
MA,21013,Rosario,210170,2024
GO,52002,Centro Sul,520455,2024
GO,52001,Central,520460,2024
GO,52008,Norte,520465,2024
GO,52014,Serra da Mesa,520470,2024
GO,52005,Estrada de Ferro,520480,2024
GO,52011,Pirineus,520485,2024
GO,52006,Nordeste I,520490,2024
GO,52013,Sao Patricio I,520495,2024
GO,52013,Sao Patricio I,520500,2024
GO,52015,Sudoeste I,520505,2024
GO,52005,Estrada de Ferro,520510,2024
GO,52001,Central,520520,2024
GO,52006,Nordeste I,520530,2024
GO,52013,Sao Patricio I,520540,2024
GO,52002,Centro Sul,520545,2024
GO,52016,Sudoeste II,520547,2024
GO,52004,Entorno Sul,520549,2024
GO,52011,Pirineus,520551,2024
GO,52014,Serra da Mesa,520552,2024
GO,52010,Oeste II,520570,2024
GO,52011,Pirineus,520580,2024
GO,52005,Estrada de Ferro,520590,2024
GO,52004,Entorno Sul,520620,2024
GO,52002,Centro Sul,520630,2024
GO,52013,Sao Patricio I,520640,2024
GO,52002,Centro Sul,520650,2024
GO,52005,Estrada de Ferro,520660,2024
GO,52007,Nordeste II,520670,2024
GO,52001,Central,520680,2024
GO,52005,Estrada de Ferro,520690,2024
GO,52009,Oeste I,520710,2024
GO,52006,Nordeste I,520830,2024
GO,52016,Sudoeste II,520725,2024
GO,52002,Centro Sul,520735,2024
GO,52002,Centro Sul,520740,2024
GO,52008,Norte,520750,2024
GO,52012,Rio Vermelho,520753,2024
GO,52009,Oeste I,520760,2024
GO,52010,Oeste II,520780,2024
GO,52003,Entorno Norte,520790,2024
GO,52003,Entorno Norte,520800,2024
GO,52008,Norte,520810,2024
GO,52011,Pirineus,520815,2024
GO,52011,Pirineus,520840,2024
GO,52005,Estrada de Ferro,520850,2024
GO,52018,Sao Patricio II,520860,2024
GO,52001,Central,520870,2024
GO,52001,Central,520880,2024
GO,52012,Rio Vermelho,520890,2024
GO,52017,Sul,520910,2024
GO,52017,Sul,520915,2024
GO,52001,Central,520920,2024
GO,52012,Rio Vermelho,520929,2024
GO,52007,Nordeste II,520940,2024
GO,52013,Sao Patricio I,520945,2024
GO,52012,Rio Vermelho,520960,2024
GO,52002,Centro Sul,520970,2024
GO,52014,Serra da Mesa,520980,2024
GO,52007,Nordeste II,520990,2024
GO,52017,Sul,520993,2024
GO,52002,Centro Sul,520995,2024
GO,52001,Central,521000,2024
GO,52005,Estrada de Ferro,521010,2024
GO,52013,Sao Patricio I,521015,2024
GO,52009,Oeste I,521020,2024
GO,52009,Oeste I,521030,2024
GO,52012,Rio Vermelho,521040,2024
GO,52001,Central,521056,2024
GO,52018,Sao Patricio II,521060,2024
GO,52015,Sudoeste I,521080,2024
GO,52013,Sao Patricio I,521090,2024
GO,52012,Rio Vermelho,521100,2024
GO,52012,Rio Vermelho,521120,2024
GO,52015,Sudoeste I,521130,2024
GO,52001,Central,521140,2024
GO,52017,Sul,521150,2024
GO,52009,Oeste I,521160,2024
GO,52002,Centro Sul,521170,2024
GO,52018,Sao Patricio II,521180,2024
GO,52016,Sudoeste II,521190,2024
GO,52009,Oeste I,521200,2024
GO,52001,Central,521205,2024
GO,52017,Sul,521210,2024
GO,52012,Rio Vermelho,521220,2024
GO,52015,Sudoeste I,521225,2024
GO,52002,Centro Sul,521230,2024
GO,52004,Entorno Sul,521250,2024
GO,52002,Centro Sul,521260,2024
GO,52007,Nordeste II,521270,2024
GO,52014,Serra da Mesa,521280,2024
GO,52005,Estrada de Ferro,521290,2024
GO,52012,Rio Vermelho,521295,2024
GO,52015,Sudoeste I,521300,2024
GO,52018,Sao Patricio II,521305,2024
GO,52008,Norte,521308,2024
GO,52016,Sudoeste II,521310,2024
GO,52009,Oeste I,521340,2024
GO,52006,Nordeste I,521350,2024
GO,52009,Oeste I,521370,2024
GO,52015,Sudoeste I,521375,2024
GO,52008,Norte,521377,2024
GO,52017,Sul,521380,2024
GO,52013,Sao Patricio I,521385,2024
GO,52012,Rio Vermelho,521390,2024
GO,52012,Rio Vermelho,521400,2024
GO,52008,Norte,521405,2024
GO,52008,Norte,521410,2024
GO,52001,Central,521440,2024
GO,52001,Central,521450,2024
GO,52014,Serra da Mesa,521460,2024
GO,52013,Sao Patricio I,521470,2024
GO,52005,Estrada de Ferro,521480,2024
GO,52012,Rio Vermelho,521483,2024
GO,52013,Sao Patricio I,521486,2024
GO,52014,Serra da Mesa,521487,2024
GO,52007,Nordeste II,521490,2024
GO,52001,Central,521500,2024
GO,52009,Oeste I,521520,2024
GO,52004,Entorno Sul,521523,2024
GO,52008,Norte,521525,2024
GO,52002,Centro Sul,521530,2024
GO,52001,Central,521540,2024
GO,52005,Estrada de Ferro,521550,2024
GO,52018,Sao Patricio II,521560,2024
GO,52009,Oeste I,521565,2024
GO,52010,Oeste II,521570,2024
GO,52005,Estrada de Ferro,521580,2024
GO,52010,Oeste II,521590,2024
GO,52017,Sul,521600,2024
GO,52015,Sudoeste I,521630,2024
GO,52010,Oeste II,521640,2024
GO,52016,Sudoeste II,521645,2024
GO,52001,Central,521680,2024
GO,52013,Sao Patricio I,521690,2024
GO,52002,Centro Sul,521710,2024
GO,52009,Oeste I,521720,2024
GO,52011,Pirineus,521730,2024
GO,52005,Estrada de Ferro,521740,2024
GO,52003,Entorno Norte,521760,2024
GO,52002,Centro Sul,521770,2024
GO,52008,Norte,521800,2024
GO,52015,Sudoeste I,521805,2024
GO,52016,Sudoeste II,521810,2024
GO,52007,Nordeste II,521830,2024
GO,52002,Centro Sul,521839,2024
GO,52015,Sudoeste I,521850,2024
GO,52013,Sao Patricio I,521860,2024
GO,52013,Sao Patricio I,521870,2024
GO,52005,Estrada de Ferro,521878,2024
GO,52015,Sudoeste I,521880,2024
GO,52013,Sao Patricio I,521890,2024
GO,52010,Oeste II,521900,2024
GO,52001,Central,521910,2024
GO,52005,Estrada de Ferro,521920,2024
GO,52012,Rio Vermelho,521925,2024
GO,52015,Sudoeste I,521930,2024
GO,52013,Sao Patricio I,521935,2024
GO,52016,Sudoeste II,521940,2024
GO,52018,Sao Patricio II,521945,2024
GO,52001,Central,521950,2024
GO,52008,Norte,521960,2024
GO,52013,Sao Patricio I,521970,2024
GO,52015,Sudoeste I,521971,2024
GO,52001,Central,521973,2024
GO,52004,Entorno Sul,521975,2024
GO,52007,Nordeste II,521980,2024
GO,52001,Central,521990,2024
GO,52003,Entorno Norte,522000,2024
GO,52010,Oeste II,522005,2024
GO,52010,Oeste II,522010,2024
GO,52013,Sao Patricio I,522015,2024
GO,52008,Norte,522020,2024
GO,52002,Centro Sul,522026,2024
GO,52013,Sao Patricio I,522028,2024
GO,52015,Sudoeste I,522040,2024
GO,52002,Centro Sul,522045,2024
GO,52016,Sudoeste II,522050,2024
GO,52002,Centro Sul,522060,2024
GO,52007,Nordeste II,522068,2024
GO,52007,Nordeste II,522070,2024
GO,52001,Central,522100,2024
GO,52006,Nordeste I,522108,2024
GO,52011,Pirineus,522119,2024
GO,52005,Estrada de Ferro,522130,2024
GO,52001,Central,522140,2024
GO,52008,Norte,522145,2024
GO,52010,Oeste II,522150,2024
GO,52015,Sudoeste I,522155,2024
GO,52013,Sao Patricio I,522157,2024
GO,52014,Serra da Mesa,522160,2024
GO,52013,Sao Patricio I,522170,2024
GO,52005,Estrada de Ferro,522180,2024
GO,52004,Entorno Sul,522185,2024
GO,52002,Centro Sul,522190,2024
GO,52002,Centro Sul,522200,2024
GO,52002,Centro Sul,522205,2024
GO,52003,Entorno Norte,522220,2024
GO,52018,Sao Patricio II,522230,2024
MA,21001,Acailandia,210005,2024
MA,21005,Caxias,210010,2024
MA,21006,Chapadinha,210015,2024
MA,21016,Sao Luis,210020,2024
MA,21005,Caxias,210030,2024
MA,21002,Bacabal,210040,2024
MA,21007,Codo,210043,2024
MA,21014,Santa Ines,210047,2024
MA,21003,Balsas,210050,2024
MA,21019,Ze Doca,210055,2024
MA,21008,Imperatriz,210060,2024
MA,21009,Itapecuru Mirim,210070,2024
MA,21006,Chapadinha,210080,2024
MA,21011,Pinheiro,210083,2024
MA,21019,Ze Doca,210087,2024
MA,21006,Chapadinha,210090,2024
MA,21004,Barra do Corda,210095,2024
MA,21009,Itapecuru Mirim,210100,2024
MA,21013,Rosario,210110,2024
MA,21002,Bacabal,210120,2024
MA,21013,Rosario,210125,2024
MA,21011,Pinheiro,210130,2024
MA,21018,Viana,210135,2024
MA,21003,Balsas,210140,2024
MA,21015,Sao Joao dos Patos,210150,2024
MA,21004,Barra do Corda,210160,2024
MA,21014,Santa Ines,210177,2024
MA,21009,Itapecuru Mirim,210173,2024
MA,21015,Sao Joao dos Patos,210180,2024
MA,21011,Pinheiro,210190,2024
MA,21010,Pedreiras,210193,2024
MA,21019,Ze Doca,210197,2024
MA,21014,Santa Ines,210200,2024
MA,21001,Acailandia,210203,2024
MA,21002,Bacabal,210207,2024
MA,21006,Chapadinha,210210,2024
MA,21002,Bacabal,210215,2024
MA,21005,Caxias,210220,2024
MA,21015,Sao Joao dos Patos,210230,2024
MA,21001,Acailandia,210232,2024
MA,21008,Imperatriz,210235,2024
MA,21013,Rosario,210237,2024
MA,21018,Viana,210240,2024
MA,21018,Viana,210250,2024
MA,21008,Imperatriz,210255,2024
MA,21019,Ze Doca,210260,2024
MA,21009,Itapecuru Mirim,210270,2024
MA,21012,Presidente Dutra,210275,2024
MA,21008,Imperatriz,210280,2024
MA,21019,Ze Doca,210290,2024
MA,21005,Caxias,210300,2024
MA,21011,Pinheiro,210310,2024
MA,21011,Pinheiro,210312,2024
MA,21019,Ze Doca,210315,2024
MA,21019,Ze Doca,210317,2024
MA,21006,Chapadinha,210320,2024
MA,21001,Acailandia,210325,2024
MA,21007,Codo,210330,2024
MA,21005,Caxias,210340,2024
MA,21015,Sao Joao dos Patos,210350,2024
MA,21002,Bacabal,210355,2024
MA,21007,Codo,210360,2024
MA,21011,Pinheiro,210370,2024
MA,21008,Imperatriz,210375,2024
MA,21012,Presidente Dutra,210380,2024
MA,21005,Caxias,210390,2024
MA,21010,Pedreiras,210400,2024
MA,21008,Imperatriz,210405,2024
MA,21003,Balsas,210407,2024
MA,21004,Barra do Corda,210408,2024
MA,21003,Balsas,210409,2024
MA,21003,Balsas,210410,2024
MA,21012,Presidente Dutra,210420,2024
MA,21019,Ze Doca,210430,2024
MA,21012,Presidente Dutra,210440,2024
MA,21012,Presidente Dutra,210450,2024
MA,21008,Imperatriz,210455,2024
MA,21012,Presidente Dutra,210460,2024
MA,21012,Presidente Dutra,210462,2024
MA,21014,Santa Ines,210465,2024
MA,21019,Ze Doca,210467,2024
MA,21012,Presidente Dutra,210470,2024
MA,21004,Barra do Corda,210480,2024
MA,21011,Pinheiro,210490,2024
MA,21013,Rosario,210500,2024
MA,21013,Rosario,210510,2024
MA,21014,Santa Ines,210515,2024
MA,21010,Pedreiras,210520,2024
MA,21008,Imperatriz,210530,2024
MA,21004,Barra do Corda,210535,2024
MA,21009,Itapecuru Mirim,210540,2024
MA,21001,Acailandia,210542,2024
MA,21015,Sao Joao dos Patos,210545,2024
MA,21004,Barra do Corda,210547,2024
MA,21008,Imperatriz,210550,2024
MA,21012,Presidente Dutra,210560,2024
MA,21019,Ze Doca,210565,2024
MA,21010,Pedreiras,210570,2024
MA,21010,Pedreiras,210580,2024
MA,21010,Pedreiras,210594,2024
MA,21002,Bacabal,210590,2024
MA,21015,Sao Joao dos Patos,210592,2024
MA,21010,Pedreiras,210596,2024
MA,21008,Imperatriz,210598,2024
MA,21010,Pedreiras,210600,2024
MA,21003,Balsas,210610,2024
MA,21019,Ze Doca,210620,2024
MA,21006,Chapadinha,210630,2024
MA,21019,Ze Doca,210632,2024
MA,21002,Bacabal,210635,2024
MA,21019,Ze Doca,210637,2024
MA,21006,Chapadinha,210640,2024
MA,21018,Viana,210650,2024
MA,21017,Timon,210660,2024
MA,21009,Itapecuru Mirim,210663,2024
MA,21006,Chapadinha,210667,2024
MA,21015,Sao Joao dos Patos,210670,2024
MA,21009,Itapecuru Mirim,210675,2024
MA,21011,Pinheiro,210680,2024
MA,21014,Santa Ines,210690,2024
MA,21008,Imperatriz,210700,2024
MA,21013,Rosario,210710,2024
MA,21009,Itapecuru Mirim,210720,2024
MA,21003,Balsas,210725,2024
MA,21015,Sao Joao dos Patos,210730,2024
MA,21019,Ze Doca,210735,2024
MA,21002,Bacabal,210740,2024
MA,21018,Viana,210745,2024
MA,21016,Sao Luis,210750,2024
MA,21018,Viana,210760,2024
MA,21015,Sao Joao dos Patos,210770,2024
MA,21017,Timon,210780,2024
MA,21015,Sao Joao dos Patos,210790,2024
MA,21015,Sao Joao dos Patos,210800,2024
MA,21006,Chapadinha,210805,2024
MA,21002,Bacabal,210810,2024
MA,21010,Pedreiras,210820,2024
MA,21011,Pinheiro,210825,2024
MA,21018,Viana,210830,2024
MA,21011,Pinheiro,210840,2024
MA,21007,Codo,210845,2024
MA,21014,Santa Ines,210850,2024
MA,21011,Pinheiro,210860,2024
MA,21014,Santa Ines,210870,2024
MA,21009,Itapecuru Mirim,210880,2024
MA,21010,Pedreiras,210890,2024
MA,21008,Imperatriz,210900,2024
MA,21011,Pinheiro,210905,2024
MA,21012,Presidente Dutra,210910,2024
MA,21013,Rosario,210920,2024
MA,21019,Ze Doca,210923,2024
MA,21011,Pinheiro,210927,2024
MA,21009,Itapecuru Mirim,210930,2024
MA,21013,Rosario,210940,2024
MA,21016,Sao Luis,210945,2024
MA,21003,Balsas,210950,2024
MA,21008,Imperatriz,210955,2024
MA,21013,Rosario,210960,2024
MA,21003,Balsas,210970,2024
MA,21012,Presidente Dutra,210975,2024
MA,21011,Pinheiro,210980,2024
MA,21014,Santa Ines,210990,2024
MA,21014,Santa Ines,211000,2024
MA,21019,Ze Doca,211003,2024
MA,21006,Chapadinha,211010,2024
MA,21013,Rosario,211020,2024
MA,21006,Chapadinha,211023,2024
MA,21013,Rosario,211027,2024
MA,21012,Presidente Dutra,211030,2024
MA,21009,Itapecuru Mirim,211040,2024
MA,21018,Viana,211050,2024
MA,21006,Chapadinha,211060,2024
MA,21015,Sao Joao dos Patos,211065,2024
MA,21012,Presidente Dutra,211070,2024
MA,21003,Balsas,211080,2024
MA,21001,Acailandia,211085,2024
MA,21017,Timon,211090,2024
MA,21018,Viana,211100,2024
MA,21014,Santa Ines,211102,2024
MA,21008,Imperatriz,211105,2024
MA,21005,Caxias,211107,2024
MA,21015,Sao Joao dos Patos,211110,2024
MA,21016,Sao Luis,211120,2024
MA,21012,Presidente Dutra,211125,2024
MA,21016,Sao Luis,211130,2024
MA,21002,Bacabal,211140,2024
MA,21007,Codo,211150,2024
MA,21001,Acailandia,211153,2024
MA,21003,Balsas,211157,2024
MA,21003,Balsas,211160,2024
MA,21010,Pedreiras,211163,2024
MA,21010,Pedreiras,211167,2024
MA,21018,Viana,211170,2024
MA,21014,Santa Ines,211172,2024
MA,21012,Presidente Dutra,211174,2024
MA,21008,Imperatriz,211176,2024
MA,21011,Pinheiro,211178,2024
MA,21008,Imperatriz,211180,2024
MA,21015,Sao Joao dos Patos,211190,2024
MA,21015,Sao Joao dos Patos,211195,2024
MA,21003,Balsas,211200,2024
MA,21007,Codo,211210,2024
MA,21017,Timon,211220,2024
MA,21010,Pedreiras,211223,2024
MA,21014,Santa Ines,211227,2024
MA,21012,Presidente Dutra,211230,2024
MA,21011,Pinheiro,211240,2024
MA,21011,Pinheiro,211245,2024
MA,21006,Chapadinha,211250,2024
MA,21009,Itapecuru Mirim,211260,2024
MA,21009,Itapecuru Mirim,211270,2024
MA,21018,Viana,211280,2024
MA,21001,Acailandia,211285,2024
MA,21009,Itapecuru Mirim,211290,2024
MA,21002,Bacabal,211300,2024
MA,21019,Ze Doca,211400,2024
MG,31074,Patrocinio/monte Carmelo,310010,2024
MG,31024,Sete Lagoas,310020,2024
MG,31059,Manhuacu,310030,2024
MG,31060,Ponte Nova,310040,2024
MG,31037,Ipatinga,310050,2024
MG,31102,Pecanha/sao Joao Evangelista/santa Maria do Suacui,310060,2024
MG,31072,Uberaba,310070,2024
MG,31089,Campo Belo,310080,2024
MG,31062,Aguas Formosas,310090,2024
MG,31068,Pedra Azul,310100,2024
MG,31040,Resplendor,310110,2024
MG,31008,Sao Lourenco,310120,2024
MG,31008,Sao Lourenco,310130,2024
MG,31006,Pocos de Caldas,310140,2024
MG,31041,Alem Paraiba,310150,2024
MG,31001,Alfenas/machado,310160,2024
MG,31013,Barbacena,310163,2024
MG,31094,Almenara/jacinto,310170,2024
MG,31036,Governador Valadares,310180,2024
MG,31092,Passos,310190,2024
MG,31001,Alfenas/machado,310200,2024
MG,31059,Manhuacu,310205,2024
MG,31059,Manhuacu,315350,2024
MG,31013,Barbacena,310210,2024
MG,31036,Governador Valadares,310220,2024
MG,31060,Ponte Nova,310230,2024
MG,31095,Serro,310240,2024
MG,31060,Ponte Nova,310250,2024
MG,31006,Pocos de Caldas,310260,2024
MG,31090,Lima Duarte,310280,2024
MG,31099,Teofilo Otoni/malacacheta,310285,2024
MG,31013,Barbacena,310290,2024
MG,31035,Coronel Fabriciano/timoteo,310300,2024
MG,31045,Muriae,310310,2024
MG,31024,Sete Lagoas,310320,2024
MG,31046,Santos Dumont,310330,2024
MG,31064,Aracuai,310340,2024
MG,31075,Uberlandia/araguari,310350,2024
MG,31090,Lima Duarte,310360,2024
MG,31061,Vicosa,310370,2024
MG,31075,Uberlandia/araguari,310375,2024
MG,31082,Sao Gotardo,310380,2024
MG,31086,Divinopolis,310390,2024
MG,31070,Araxa,310400,2024
MG,31002,Guaxupe,310410,2024
MG,31087,Lagoa da Prata/santo Antonio do Monte,310420,2024
MG,31001,Alfenas/machado,310430,2024
MG,31044,Leopoldina/cataguases,310440,2024
MG,31027,Turmalina/minas Novas/capelinha,310445,2024
MG,31058,Unai/paracatu,310450,2024
MG,31044,Leopoldina/cataguases,310460,2024
MG,31099,Teofilo Otoni/malacacheta,310470,2024
MG,31019,Curvelo,310480,2024
MG,31008,Sao Lourenco,310490,2024
MG,31024,Sete Lagoas,310500,2024
MG,31030,Formiga,310510,2024
MG,31094,Almenara/jacinto,310520,2024
MG,31001,Alfenas/machado,310530,2024
MG,31021,Itabira,310540,2024
MG,31045,Muriae,310550,2024
MG,31013,Barbacena,310560,2024
MG,31060,Ponte Nova,310570,2024
MG,31015,Sao Joao Del Rei,310590,2024
MG,31023,Joao Monlevade,310600,2024
MG,31097,Juiz de Fora,310610,2024
MG,31016,Belo Horizonte/nova Lima/santa Luzia,310620,2024
MG,31037,Ipatinga,310630,2024
MG,31016,Belo Horizonte/nova Lima/santa Luzia,310640,2024
MG,31064,Aracuai,310650,2024
MG,31085,Taiobeiras,310665,2024
MG,31062,Aguas Formosas,310660,2024
MG,31017,Betim,310670,2024
MG,31090,Lima Duarte,310680,2024
MG,31047,Sao Joao Nepomuceno/bicas,310690,2024
MG,31024,Sete Lagoas,310700,2024
MG,31011,Tres Pontas,310710,2024
MG,31090,Lima Duarte,310720,2024
MG,31083,Bocaiuva,310730,2024
MG,31028,Bom Despacho,310740,2024
MG,31090,Lima Duarte,310750,2024
MG,31092,Passos,310760,2024
MG,31021,Itabira,310770,2024
MG,31034,Caratinga,310780,2024
MG,31007,Pouso Alegre,310790,2024
MG,31015,Sao Joao Del Rei,310800,2024
MG,31017,Betim,310810,2024
MG,31058,Unai/paracatu,310820,2024
MG,31053,Januaria,310825,2024
MG,31007,Pouso Alegre,310830,2024
MG,31001,Alfenas/machado,310840,2024
MG,31051,Francisco Sa,310850,2024
MG,31048,Uba,310870,2024
MG,31077,Joao Pinheiro,310855,2024
MG,31101,Brasilia de Minas,310860,2024
MG,31037,Ipatinga,310880,2024
MG,31003,Itajuba,310890,2024
MG,31017,Betim,310900,2024
MG,31007,Pouso Alegre,310910,2024
MG,31019,Curvelo,310920,2024
MG,31037,Ipatinga,310925,2024
MG,31058,Unai/paracatu,310930,2024
MG,31055,Pirapora,310940,2024
MG,31058,Unai/paracatu,310945,2024
MG,31002,Guaxupe,310950,2024
MG,31024,Sete Lagoas,310960,2024
MG,31007,Pouso Alegre,310970,2024
MG,31017,Betim,312060,2024
MG,31068,Pedra Azul,310270,2024
MG,31073,Ituiutaba,310980,2024
MG,31024,Sete Lagoas,310990,2024
MG,31016,Belo Horizonte/nova Lima/santa Luzia,311000,2024
MG,31042,Carangola,311010,2024
MG,31061,Vicosa,311020,2024
MG,31006,Pocos de Caldas,311030,2024
MG,31089,Campo Belo,311040,2024
MG,31007,Pouso Alegre,311050,2024
MG,31007,Pouso Alegre,311060,2024
MG,31010,Tres Coracoes,311070,2024
MG,31096,Itambacuri,311080,2024
MG,31012,Varginha,311090,2024
MG,31001,Alfenas/machado,311100,2024
MG,31073,Ituiutaba,311110,2024
MG,31101,Brasilia de Minas,311115,2024
MG,31089,Campo Belo,311120,2024
MG,31001,Alfenas/machado,311130,2024
MG,31072,Uberaba,311140,2024
MG,31070,Araxa,311150,2024
MG,31001,Alfenas/machado,311160,2024
MG,31089,Campo Belo,311190,2024
MG,31061,Vicosa,311170,2024
MG,31073,Ituiutaba,311180,2024
MG,31089,Campo Belo,311200,2024
MG,31102,Pecanha/sao Joao Evangelista/santa Maria do Suacui,311205,2024
MG,31042,Carangola,311210,2024
MG,31013,Barbacena,311220,2024
MG,31027,Turmalina/minas Novas/capelinha,311230,2024
MG,31091,Cassia,311240,2024
MG,31024,Sete Lagoas,311250,2024
MG,31073,Ituiutaba,311260,2024
MG,31036,Governador Valadares,311265,2024
MG,31051,Francisco Sa,311270,2024
MG,31093,Piumhi,311280,2024
MG,31059,Manhuacu,311290,2024
MG,31067,Padre Paraiso,311300,2024
MG,31079,Conselheiro Lafaiete,311310,2024
MG,31013,Barbacena,311320,2024
MG,31042,Carangola,311330,2024
MG,31034,Caratinga,311340,2024
MG,31026,Diamantina/itamarandiba,311350,2024
MG,31007,Pouso Alegre,311360,2024
MG,31066,Nanuque,311370,2024
MG,31020,Guanhaes,311380,2024
MG,31010,Tres Coracoes,311390,2024
MG,31088,Oliveira/santo Antonio do Amparo,311400,2024
MG,31008,Sao Lourenco,311410,2024
MG,31086,Divinopolis,311420,2024
MG,31082,Sao Gotardo,311430,2024
MG,31092,Passos,311440,2024
MG,31088,Oliveira/santo Antonio do Amparo,311450,2024
MG,31071,Frutal / Iturama,311455,2024
MG,31004,Lavras,311460,2024
MG,31001,Alfenas/machado,311470,2024
MG,31008,Sao Lourenco,311480,2024
MG,31079,Conselheiro Lafaiete,311490,2024
MG,31075,Uberlandia/araguari,311500,2024
MG,31091,Cassia,311510,2024
MG,31044,Leopoldina/cataguases,311530,2024
MG,31021,Itabira,311535,2024
MG,31079,Conselheiro Lafaiete,311540,2024
MG,31067,Padre Paraiso,311545,2024
MG,31052,Janauba/monte Azul,311547,2024
MG,31008,Sao Lourenco,311550,2024
MG,31024,Sete Lagoas,311560,2024
MG,31038,Mantena,311570,2024
MG,31073,Ituiutaba,311580,2024
MG,31097,Juiz de Fora,311590,2024
MG,31059,Manhuacu,311600,2024
MG,31027,Turmalina/minas Novas/capelinha,311610,2024
MG,31058,Unai/paracatu,311615,2024
MG,31097,Juiz de Fora,311620,2024
MG,31013,Barbacena,311630,2024
MG,31091,Cassia,311640,2024
MG,31084,Montes Claros,311650,2024
MG,31086,Divinopolis,311660,2024
MG,31048,Uba,311670,2024
MG,31026,Diamantina/itamarandiba,311680,2024
MG,31071,Frutal / Iturama,311690,2024
MG,31065,Itaobim,311700,2024
MG,31001,Alfenas/machado,311710,2024
MG,31015,Sao Joao Del Rei,311520,2024
MG,31072,Uberaba,311730,2024
MG,31003,Itajuba,311720,2024
MG,31059,Manhuacu,311740,2024
MG,31095,Serro,311750,2024
MG,31032,Para de Minas/nova Serrana,311760,2024
MG,31008,Sao Lourenco,311770,2024
MG,31007,Pouso Alegre,311780,2024
MG,31053,Januaria,311783,2024
MG,31025,Vespasiano/lagoa Santa,311787,2024
MG,31007,Pouso Alegre,311790,2024
MG,31078,Congonhas,311800,2024
MG,31026,Diamantina/itamarandiba,311810,2024
MG,31072,Uberaba,311820,2024
MG,31079,Conselheiro Lafaiete,311830,2024
MG,31040,Resplendor,311840,2024
MG,31003,Itajuba,311850,2024
MG,31018,Contagem,311860,2024
MG,31011,Tres Pontas,311870,2024
MG,31050,Coracao de Jesus,311880,2024
MG,31024,Sete Lagoas,311890,2024
MG,31012,Varginha,311900,2024
MG,31019,Curvelo,311910,2024
MG,31036,Governador Valadares,311920,2024
MG,31074,Patrocinio/monte Carmelo,311930,2024
MG,31035,Coronel Fabriciano/timoteo,311940,2024
MG,31064,Aracuai,311950,2024
MG,31097,Juiz de Fora,311960,2024
MG,31015,Sao Joao Del Rei,311970,2024
MG,31030,Formiga,311980,2024
MG,31007,Pouso Alegre,311990,2024
MG,31030,Formiga,311995,2024
MG,31035,Coronel Fabriciano/timoteo,312000,2024
MG,31026,Diamantina/itamarandiba,312010,2024
MG,31062,Aguas Formosas,312015,2024
MG,31089,Campo Belo,312020,2024
MG,31051,Francisco Sa,312030,2024
MG,31079,Conselheiro Lafaiete,312040,2024
MG,31008,Sao Lourenco,312050,2024
MG,31057,Patos de Minas,312070,2024
MG,31008,Sao Lourenco,312080,2024
MG,31040,Resplendor,312083,2024
MG,31085,Taiobeiras,312087,2024
MG,31019,Curvelo,312090,2024
MG,31026,Diamantina/itamarandiba,312100,2024
MG,31003,Itajuba,312110,2024
MG,31091,Cassia,312120,2024
MG,31072,Uberaba,312125,2024
MG,31047,Sao Joao Nepomuceno/bicas,312130,2024
MG,31078,Congonhas,312140,2024
MG,31013,Barbacena,312150,2024
MG,31026,Diamantina/itamarandiba,312160,2024
MG,31060,Ponte Nova,312170,2024
MG,31035,Coronel Fabriciano/timoteo,312180,2024
MG,31048,Uba,312190,2024
MG,31042,Carangola,312200,2024
MG,31038,Mantena,312210,2024
MG,31036,Governador Valadares,312220,2024
MG,31086,Divinopolis,312230,2024
MG,31068,Pedra Azul,312235,2024
MG,31001,Alfenas/machado,312240,2024
MG,31068,Pedra Azul,312245,2024
MG,31058,Unai/paracatu,312247,2024
MG,31037,Ipatinga,312250,2024
MG,31020,Guanhaes,312260,2024
MG,31060,Ponte Nova,312270,2024
MG,31008,Sao Lourenco,312280,2024
MG,31044,Leopoldina/cataguases,312290,2024
MG,31015,Sao Joao Del Rei,312300,2024
MG,31020,Guanhaes,312310,2024
MG,31028,Bom Despacho,312320,2024
MG,31048,Uba,312330,2024
MG,31093,Piumhi,312340,2024
MG,31074,Patrocinio/monte Carmelo,312350,2024
MG,31059,Manhuacu,312352,2024
MG,31012,Varginha,312360,2024
MG,31036,Governador Valadares,312370,2024
MG,31083,Bocaiuva,312380,2024
MG,31034,Caratinga,312385,2024
MG,31078,Congonhas,312390,2024
MG,31048,Uba,312400,2024
MG,31017,Betim,312410,2024
MG,31042,Carangola,312420,2024
MG,31052,Janauba/monte Azul,312430,2024
MG,31007,Pouso Alegre,312440,2024
MG,31007,Pouso Alegre,312450,2024
MG,31041,Alem Paraiba,312460,2024
MG,31028,Bom Despacho,312470,2024
MG,31074,Patrocinio/monte Carmelo,312480,2024
MG,31045,Muriae,312490,2024
MG,31097,Juiz de Fora,312500,2024
MG,31007,Pouso Alegre,312510,2024
MG,31001,Alfenas/machado,312520,2024
MG,31042,Carangola,312530,2024
MG,31026,Diamantina/itamarandiba,312540,2024
MG,31094,Almenara/jacinto,312560,2024
MG,31019,Curvelo,312570,2024
MG,31036,Governador Valadares,312580,2024
MG,31021,Itabira,312590,2024
MG,31042,Carangola,312595,2024
MG,31017,Betim,312600,2024
MG,31030,Formiga,312610,2024
MG,31058,Unai/paracatu,312620,2024
MG,31092,Passos,312630,2024
MG,31024,Sete Lagoas,312640,2024
MG,31064,Aracuai,312650,2024
MG,31083,Bocaiuva,312660,2024
MG,31051,Francisco Sa,312670,2024
MG,31099,Teofilo Otoni/malacacheta,312675,2024
MG,31096,Itambacuri,312680,2024
MG,31036,Governador Valadares,312690,2024
MG,31102,Pecanha/sao Joao Evangelista/santa Maria do Suacui,312695,2024
MG,31071,Frutal / Iturama,312700,2024
MG,31062,Aguas Formosas,312705,2024
MG,31098,Salinas,312707,2024
MG,31071,Frutal / Iturama,312710,2024
MG,31024,Sete Lagoas,312720,2024
MG,31036,Governador Valadares,312730,2024
MG,31052,Janauba/monte Azul,312733,2024
MG,31084,Montes Claros,312735,2024
MG,31040,Resplendor,312737,2024
MG,31097,Juiz de Fora,312738,2024
MG,31003,Itajuba,312740,2024
MG,31036,Governador Valadares,312750,2024
MG,31026,Diamantina/itamarandiba,312760,2024
MG,31036,Governador Valadares,312770,2024
MG,31051,Francisco Sa,312780,2024
MG,31074,Patrocinio/monte Carmelo,312790,2024
MG,31020,Guanhaes,312800,2024
MG,31093,Piumhi,312810,2024
MG,31060,Ponte Nova,312820,2024
MG,31083,Bocaiuva,312825,2024
MG,31002,Guaxupe,312830,2024
MG,31048,Uba,312840,2024
MG,31047,Sao Joao Nepomuceno/bicas,312850,2024
MG,31057,Patos de Minas,312860,2024
MG,31002,Guaxupe,312870,2024
MG,31048,Uba,312880,2024
MG,31057,Patos de Minas,312890,2024
MG,31048,Uba,312900,2024
MG,31073,Ituiutaba,312910,2024
MG,31007,Pouso Alegre,312920,2024
MG,31037,Ipatinga,312930,2024
MG,31013,Barbacena,312940,2024
MG,31070,Araxa,312950,2024
MG,31055,Pirapora,312960,2024
MG,31101,Brasilia de Minas,312965,2024
MG,31091,Cassia,312970,2024
MG,31018,Contagem,312980,2024
MG,31006,Pocos de Caldas,312990,2024
MG,31015,Sao Joao Del Rei,313000,2024
MG,31100,Sao Francisco,313005,2024
MG,31017,Betim,313010,2024
MG,31032,Para de Minas/nova Serrana,313020,2024
MG,31030,Formiga,313030,2024
MG,31004,Lavras,313040,2024
MG,31011,Tres Pontas,313050,2024
MG,31034,Caratinga,313055,2024
MG,31007,Pouso Alegre,313060,2024
MG,31085,Taiobeiras,313065,2024
MG,31075,Uberlandia/araguari,313070,2024
MG,31004,Lavras,313080,2024
MG,31034,Caratinga,313090,2024
MG,31024,Sete Lagoas,313100,2024
MG,31019,Curvelo,313110,2024
MG,31037,Ipatinga,313115,2024
MG,31059,Manhuacu,313120,2024
MG,31037,Ipatinga,313130,2024
MG,31073,Ituiutaba,313140,2024
MG,31007,Pouso Alegre,313150,2024
MG,31074,Patrocinio/monte Carmelo,313160,2024
MG,31021,Itabira,313170,2024
MG,31038,Mantena,313180,2024
MG,31022,Ouro Preto,313190,2024
MG,31084,Montes Claros,313200,2024
MG,31053,Januaria,313210,2024
MG,31031,Itauna,313220,2024
MG,31067,Padre Paraiso,313230,2024
MG,31003,Itajuba,313240,2024
MG,31026,Diamantina/itamarandiba,313250,2024
MG,31044,Leopoldina/cataguases,313260,2024
MG,31096,Itambacuri,313270,2024
MG,31021,Itabira,313280,2024
MG,31009,Sao Sebastiao do Paraiso,313290,2024
MG,31008,Sao Lourenco,313300,2024
MG,31008,Sao Lourenco,313310,2024
MG,31036,Governador Valadares,313320,2024
MG,31065,Itaobim,313330,2024
MG,31071,Frutal / Iturama,313340,2024
MG,31086,Divinopolis,313350,2024
MG,31007,Pouso Alegre,313360,2024
MG,31031,Itauna,313370,2024
MG,31092,Passos,313375,2024
MG,31031,Itauna,313380,2024
MG,31079,Conselheiro Lafaiete,313390,2024
MG,31065,Itaobim,313400,2024
MG,31040,Resplendor,313410,2024
MG,31073,Ituiutaba,313420,2024
MG,31004,Lavras,313430,2024
MG,31071,Frutal / Iturama,313440,2024
MG,31004,Lavras,313450,2024
MG,31016,Belo Horizonte/nova Lima/santa Luzia,313460,2024
MG,31094,Almenara/jacinto,313470,2024
MG,31009,Sao Sebastiao do Paraiso,313480,2024
MG,31007,Pouso Alegre,313490,2024
MG,31035,Coronel Fabriciano/timoteo,313500,2024
MG,31052,Janauba/monte Azul,313505,2024
MG,31036,Governador Valadares,313507,2024
MG,31052,Janauba/monte Azul,313510,2024
MG,31053,Januaria,313520,2024
MG,31087,Lagoa da Prata/santo Antonio do Monte,313530,2024
MG,31101,Brasilia de Minas,313535,2024
MG,31078,Congonhas,313540,2024
MG,31064,Aracuai,313545,2024
MG,31060,Ponte Nova,313550,2024
MG,31050,Coracao de Jesus,313560,2024
MG,31024,Sete Lagoas,313570,2024
MG,31094,Almenara/jacinto,313580,2024
MG,31008,Sao Lourenco,313590,2024
MG,31094,Almenara/jacinto,313600,2024
MG,31037,Ipatinga,313610,2024
MG,31023,Joao Monlevade,313620,2024
MG,31077,Joao Pinheiro,313630,2024
MG,31083,Bocaiuva,313640,2024
MG,31094,Almenara/jacinto,313650,2024
MG,31027,Turmalina/minas Novas/capelinha,313652,2024
MG,31102,Pecanha/sao Joao Evangelista/santa Maria do Suacui,313655,2024
MG,31051,Francisco Sa,313657,2024
MG,31017,Betim,313665,2024
MG,31097,Juiz de Fora,313670,2024
MG,31084,Montes Claros,313680,2024
MG,31002,Guaxupe,313690,2024
MG,31076,Manga,313695,2024
MG,31099,Teofilo Otoni/malacacheta,313700,2024
MG,31057,Patos de Minas,313710,2024
MG,31087,Lagoa da Prata/santo Antonio do Monte,313720,2024
MG,31050,Coracao de Jesus,313730,2024
MG,31015,Sao Joao Del Rei,313740,2024
MG,31057,Patos de Minas,313750,2024
MG,31077,Joao Pinheiro,313753,2024
MG,31025,Vespasiano/lagoa Santa,313760,2024
MG,31059,Manhuacu,313770,2024
MG,31008,Sao Lourenco,313780,2024
MG,31079,Conselheiro Lafaiete,313790,2024
MG,31044,Leopoldina/cataguases,313800,2024
MG,31055,Pirapora,313810,2024
MG,31004,Lavras,313820,2024
MG,31032,Para de Minas/nova Serrana,313830,2024
MG,31027,Turmalina/minas Novas/capelinha,313835,2024
MG,31044,Leopoldina/cataguases,313840,2024
MG,31090,Lima Duarte,313850,2024
MG,31090,Lima Duarte,313860,2024
MG,31071,Frutal / Iturama,313862,2024
MG,31101,Brasilia de Minas,313865,2024
MG,31059,Manhuacu,313867,2024
MG,31101,Brasilia de Minas,313868,2024
MG,31004,Lavras,313870,2024
MG,31028,Bom Despacho,313880,2024
MG,31062,Aguas Formosas,313890,2024
MG,31001,Alfenas/machado,313900,2024
MG,31015,Sao Joao Del Rei,313910,2024
MG,31099,Teofilo Otoni/malacacheta,313920,2024
MG,31052,Janauba/monte Azul,313925,2024
MG,31076,Manga,313930,2024
MG,31059,Manhuacu,313940,2024
MG,31059,Manhuacu,313950,2024
MG,31038,Mantena,313960,2024
MG,31047,Sao Joao Nepomuceno/bicas,313980,2024
MG,31024,Sete Lagoas,313970,2024
MG,31003,Itajuba,313990,2024
MG,31022,Ouro Preto,314000,2024
MG,31036,Governador Valadares,314010,2024
MG,31017,Betim,314015,2024
MG,31047,Sao Joao Nepomuceno/bicas,314020,2024
MG,31035,Coronel Fabriciano/timoteo,314030,2024
MG,31003,Itajuba,314040,2024
MG,31028,Bom Despacho,314050,2024
MG,31059,Manhuacu,314053,2024
MG,31094,Almenara/jacinto,314055,2024
MG,31020,Guanhaes,314060,2024
MG,31017,Betim,314070,2024
MG,31036,Governador Valadares,317150,2024
MG,31097,Juiz de Fora,314080,2024
MG,31052,Janauba/monte Azul,314085,2024
MG,31059,Manhuacu,314090,2024
MG,31052,Janauba/monte Azul,314100,2024
MG,31025,Vespasiano/lagoa Santa,314110,2024
MG,31082,Sao Gotardo,314120,2024
MG,31030,Formiga,314130,2024
MG,31065,Itaobim,314140,2024
MG,31038,Mantena,314150,2024
MG,31048,Uba,314160,2024
MG,31037,Ipatinga,314170,2024
MG,31027,Turmalina/minas Novas/capelinha,314180,2024
MG,31008,Sao Lourenco,314190,2024
MG,31084,Montes Claros,314200,2024
MG,31045,Muriae,314210,2024
MG,31045,Muriae,314220,2024
MG,31076,Manga,314225,2024
MG,31016,Belo Horizonte/nova Lima/santa Luzia,314230,2024
MG,31028,Bom Despacho,314240,2024
MG,31019,Curvelo,314250,2024
MG,31012,Varginha,314260,2024
MG,31076,Manga,314270,2024
MG,31075,Uberlandia/araguari,314280,2024
MG,31052,Janauba/monte Azul,314290,2024
MG,31002,Guaxupe,314300,2024
MG,31074,Patrocinio/monte Carmelo,314310,2024
MG,31065,Itaobim,314315,2024
MG,31009,Sao Sebastiao do Paraiso,314320,2024
MG,31007,Pouso Alegre,314340,2024
MG,31084,Montes Claros,314330,2024
MG,31085,Taiobeiras,314345,2024
MG,31024,Sete Lagoas,314350,2024
MG,31019,Curvelo,314360,2024
MG,31021,Itabira,314370,2024
MG,31007,Pouso Alegre,314380,2024
MG,31045,Muriae,314390,2024
MG,31059,Manhuacu,314400,2024
MG,31002,Guaxupe,314410,2024
MG,31036,Governador Valadares,314420,2024
MG,31066,Nanuque,314430,2024
MG,31037,Ipatinga,314435,2024
MG,31058,Unai/paracatu,314437,2024
MG,31007,Pouso Alegre,314440,2024
MG,31015,Sao Joao Del Rei,314450,2024
MG,31004,Lavras,314460,2024
MG,31085,Taiobeiras,314465,2024
MG,31038,Mantena,314467,2024
MG,31023,Joao Monlevade,314470,2024
MG,31016,Belo Horizonte/nova Lima/santa Luzia,314480,2024
MG,31096,Itambacuri,314490,2024
MG,31075,Uberlandia/araguari,314500,2024
MG,31052,Janauba/monte Azul,314505,2024
MG,31092,Passos,314510,2024
MG,31032,Para de Minas/nova Serrana,314520,2024
MG,31016,Belo Horizonte/nova Lima/santa Luzia,313660,2024
MG,31099,Teofilo Otoni/malacacheta,314530,2024
MG,31099,Teofilo Otoni/malacacheta,314535,2024
MG,31098,Salinas,314537,2024
MG,31090,Lima Duarte,314540,2024
MG,31083,Bocaiuva,314545,2024
MG,31008,Sao Lourenco,314550,2024
MG,31088,Oliveira/santo Antonio do Amparo,314560,2024
MG,31046,Santos Dumont,314570,2024
MG,31032,Para de Minas/nova Serrana,314580,2024
MG,31060,Ponte Nova,314585,2024
MG,31042,Carangola,314587,2024
MG,31078,Congonhas,314590,2024
MG,31007,Pouso Alegre,314600,2024
MG,31022,Ouro Preto,314610,2024
MG,31099,Teofilo Otoni/malacacheta,314620,2024
MG,31098,Salinas,314625,2024
MG,31067,Padre Paraiso,314630,2024
MG,31052,Janauba/monte Azul,314655,2024
MG,31024,Sete Lagoas,314640,2024
MG,31030,Formiga,314650,2024
MG,31013,Barbacena,314660,2024
MG,31044,Leopoldina/cataguases,314670,2024
MG,31094,Almenara/jacinto,314675,2024
MG,31024,Sete Lagoas,314690,2024
MG,31032,Para de Minas/nova Serrana,314710,2024
MG,31058,Unai/paracatu,314700,2024
MG,31001,Alfenas/machado,314720,2024
MG,31003,Itajuba,314730,2024
MG,31024,Sete Lagoas,314740,2024
MG,31008,Sao Lourenco,314760,2024
MG,31088,Oliveira/santo Antonio do Amparo,314770,2024
MG,31090,Lima Duarte,314780,2024
MG,31021,Itabira,314750,2024
MG,31092,Passos,314790,2024
MG,31101,Brasilia de Minas,314795,2024
MG,31057,Patos de Minas,314800,2024
MG,31074,Patrocinio/monte Carmelo,314810,2024
MG,31045,Muriae,314820,2024
MG,31061,Vicosa,314830,2024
MG,31102,Pecanha/sao Joao Evangelista/santa Maria do Suacui,314840,2024
MG,31062,Aguas Formosas,314850,2024
MG,31102,Pecanha/sao Joao Evangelista/santa Maria do Suacui,314860,2024
MG,31068,Pedra Azul,314870,2024
MG,31042,Carangola,314875,2024
MG,31061,Vicosa,314880,2024
MG,31087,Lagoa da Prata/santo Antonio do Monte,314890,2024
MG,31042,Carangola,314900,2024
MG,31003,Itajuba,314910,2024
MG,31053,Januaria,314915,2024
MG,31070,Araxa,314920,2024
MG,31025,Vespasiano/lagoa Santa,314930,2024
MG,31090,Lima Duarte,314940,2024
MG,31047,Sao Joao Nepomuceno/bicas,314950,2024
MG,31024,Sete Lagoas,314960,2024
MG,31086,Divinopolis,314970,2024
MG,31070,Araxa,314980,2024
MG,31004,Lavras,314990,2024
MG,31037,Ipatinga,314995,2024
MG,31096,Itambacuri,315000,2024
MG,31097,Juiz de Fora,315010,2024
MG,31034,Caratinga,315015,2024
MG,31060,Ponte Nova,315020,2024
MG,31015,Sao Joao Del Rei,315030,2024
MG,31017,Betim,315040,2024
MG,31093,Piumhi,315050,2024
MG,31035,Coronel Fabriciano/timoteo,315053,2024
MG,31100,Sao Francisco,315057,2024
MG,31031,Itauna,315060,2024
MG,31071,Frutal / Iturama,315070,2024
MG,31079,Conselheiro Lafaiete,315080,2024
MG,31003,Itajuba,315090,2024
MG,31003,Itajuba,315100,2024
MG,31041,Alem Paraiba,315110,2024
MG,31055,Pirapora,315120,2024
MG,31048,Uba,315130,2024
MG,31032,Para de Minas/nova Serrana,315140,2024
MG,31093,Piumhi,315150,2024
MG,31071,Frutal / Iturama,315160,2024
MG,31001,Alfenas/machado,315170,2024
MG,31006,Pocos de Caldas,315180,2024
MG,31059,Manhuacu,315190,2024
MG,31024,Sete Lagoas,315200,2024
MG,31060,Ponte Nova,315210,2024
MG,31055,Pirapora,315213,2024
MG,31065,Itaobim,315217,2024
MG,31052,Janauba/monte Azul,315220,2024
MG,31061,Vicosa,315230,2024
MG,31099,Teofilo Otoni/malacacheta,315240,2024
MG,31007,Pouso Alegre,315250,2024
MG,31008,Sao Lourenco,315260,2024
MG,31015,Sao Joao Del Rei,315270,2024
MG,31075,Uberlandia/araguari,315280,2024
MG,31009,Sao Sebastiao do Paraiso,315290,2024
MG,31070,Araxa,315300,2024
MG,31048,Uba,315310,2024
MG,31019,Curvelo,315320,2024
MG,31026,Diamantina/itamarandiba,315330,2024
MG,31057,Patos de Minas,315340,2024
MG,31024,Sete Lagoas,315360,2024
MG,31024,Sete Lagoas,315370,2024
MG,31079,Conselheiro Lafaiete,315380,2024
MG,31016,Belo Horizonte/nova Lima/santa Luzia,315390,2024
MG,31060,Ponte Nova,315400,2024
MG,31044,Leopoldina/cataguases,315410,2024
MG,31059,Manhuacu,315415,2024
MG,31015,Sao Joao Del Rei,315420,2024
MG,31040,Resplendor,315430,2024
MG,31013,Barbacena,315440,2024
MG,31058,Unai/paracatu,315445,2024
MG,31052,Janauba/monte Azul,315450,2024
MG,31016,Belo Horizonte/nova Lima/santa Luzia,315460,2024
MG,31004,Lavras,315470,2024
MG,31016,Belo Horizonte/nova Lima/santa Luzia,315480,2024
MG,31060,Ponte Nova,315490,2024
MG,31094,Almenara/jacinto,315510,2024
MG,31060,Ponte Nova,315500,2024
MG,31079,Conselheiro Lafaiete,315520,2024
MG,31017,Betim,315530,2024
MG,31097,Juiz de Fora,315540,2024
MG,31082,Sao Gotardo,315550,2024
MG,31085,Taiobeiras,315560,2024
MG,31023,Joao Monlevade,315570,2024
MG,31048,Uba,315580,2024
MG,31090,Lima Duarte,315590,2024
MG,31020,Guanhaes,315600,2024
MG,31015,Sao Joao Del Rei,315610,2024
MG,31047,Sao Joao Nepomuceno/bicas,315620,2024
MG,31048,Uba,315630,2024
MG,31074,Patrocinio/monte Carmelo,315640,2024
MG,31045,Muriae,315645,2024
MG,31098,Salinas,315650,2024
MG,31094,Almenara/jacinto,315660,2024
MG,31016,Belo Horizonte/nova Lima/santa Luzia,315670,2024
MG,31020,Guanhaes,315680,2024
MG,31072,Uberaba,315690,2024
MG,31098,Salinas,315700,2024
MG,31094,Almenara/jacinto,315710,2024
MG,31021,Itabira,315720,2024
MG,31034,Caratinga,315725,2024
MG,31090,Lima Duarte,315727,2024
MG,31013,Barbacena,315730,2024
MG,31015,Sao Joao Del Rei,315733,2024
MG,31098,Salinas,315737,2024
MG,31060,Ponte Nova,315740,2024
MG,31036,Governador Valadares,315750,2024
MG,31055,Pirapora,315760,2024
MG,31062,Aguas Formosas,315765,2024
MG,31070,Araxa,315770,2024
MG,31016,Belo Horizonte/nova Lima/santa Luzia,315780,2024
MG,31059,Manhuacu,315790,2024
MG,31021,Itabira,315800,2024
MG,31094,Almenara/jacinto,315810,2024
MG,31102,Pecanha/sao Joao Evangelista/santa Maria do Suacui,315820,2024
MG,31006,Pocos de Caldas,315920,2024
MG,31013,Barbacena,315940,2024
MG,31090,Lima Duarte,315930,2024
MG,31034,Caratinga,315935,2024
MG,31040,Resplendor,315950,2024
MG,31007,Pouso Alegre,315960,2024
MG,31082,Sao Gotardo,315970,2024
MG,31073,Ituiutaba,315980,2024
MG,31011,Tres Pontas,315830,2024
MG,31044,Leopoldina/cataguases,315840,2024
MG,31024,Sete Lagoas,315850,2024
MG,31097,Juiz de Fora,315860,2024
MG,31013,Barbacena,315870,2024
MG,31089,Campo Belo,315880,2024
MG,31059,Manhuacu,315890,2024
MG,31037,Ipatinga,315895,2024
MG,31025,Vespasiano/lagoa Santa,315900,2024
MG,31079,Conselheiro Lafaiete,315910,2024
MG,31088,Oliveira/santo Antonio do Amparo,315990,2024
MG,31041,Alem Paraiba,316000,2024
MG,31060,Ponte Nova,316010,2024
MG,31095,Serro,316020,2024
MG,31094,Almenara/jacinto,316030,2024
MG,31087,Lagoa da Prata/santo Antonio do Monte,316040,2024
MG,31085,Taiobeiras,316045,2024
MG,31021,Itabira,316050,2024
MG,31019,Curvelo,316060,2024
MG,31046,Santos Dumont,316070,2024
MG,31010,Tres Coracoes,316080,2024
MG,31078,Congonhas,316090,2024
MG,31034,Caratinga,316095,2024
MG,31023,Joao Monlevade,316100,2024
MG,31038,Mantena,316105,2024
MG,31100,Sao Francisco,316110,2024
MG,31088,Oliveira/santo Antonio do Amparo,316120,2024
MG,31071,Frutal / Iturama,316130,2024
MG,31045,Muriae,316140,2024
MG,31048,Uba,316150,2024
MG,31036,Governador Valadares,316160,2024
MG,31036,Governador Valadares,316165,2024
MG,31057,Patos de Minas,316170,2024
MG,31086,Divinopolis,316180,2024
MG,31021,Itabira,316190,2024
MG,31026,Diamantina/itamarandiba,312550,2024
MG,31012,Varginha,316200,2024
MG,31082,Sao Gotardo,316210,2024
MG,31092,Passos,316220,2024
MG,31050,Coracao de Jesus,316225,2024
MG,31007,Pouso Alegre,316230,2024
MG,31101,Brasilia de Minas,316240,2024
MG,31076,Manga,316245,2024
MG,31015,Sao Joao Del Rei,316250,2024
MG,31059,Manhuacu,316255,2024
MG,31038,Mantena,316257,2024
MG,31037,Ipatinga,316260,2024
MG,31050,Coracao de Jesus,316265,2024
MG,31085,Taiobeiras,316270,2024
MG,31102,Pecanha/sao Joao Evangelista/santa Maria do Suacui,316280,2024
MG,31047,Sao Joao Nepomuceno/bicas,316290,2024
MG,31017,Betim,316292,2024
MG,31092,Passos,316294,2024
MG,31025,Vespasiano/lagoa Santa,316295,2024
MG,31036,Governador Valadares,316300,2024
MG,31032,Para de Minas/nova Serrana,316310,2024
MG,31003,Itajuba,316320,2024
MG,31096,Itambacuri,316330,2024
MG,31060,Ponte Nova,316340,2024
MG,31102,Pecanha/sao Joao Evangelista/santa Maria do Suacui,316350,2024
MG,31059,Manhuacu,316360,2024
MG,31008,Sao Lourenco,316370,2024
MG,31061,Vicosa,316380,2024
MG,31002,Guaxupe,316390,2024
MG,31102,Pecanha/sao Joao Evangelista/santa Maria do Suacui,316410,2024
MG,31060,Ponte Nova,316400,2024
MG,31100,Sao Francisco,316420,2024
MG,31093,Piumhi,316430,2024
MG,31007,Pouso Alegre,316440,2024
MG,31045,Muriae,316443,2024
MG,31034,Caratinga,316447,2024
MG,31102,Pecanha/sao Joao Evangelista/santa Maria do Suacui,316450,2024
MG,31086,Divinopolis,316460,2024
MG,31009,Sao Sebastiao do Paraiso,316470,2024
MG,31021,Itabira,316480,2024
MG,31008,Sao Lourenco,316490,2024
MG,31010,Tres Coracoes,316520,2024
MG,31015,Sao Joao Del Rei,316500,2024
MG,31009,Sao Sebastiao do Paraiso,316510,2024
MG,31015,Sao Joao Del Rei,316530,2024
MG,31003,Itajuba,316540,2024
MG,31036,Governador Valadares,316550,2024
MG,31018,Contagem,316553,2024
MG,31060,Ponte Nova,316556,2024
MG,31007,Pouso Alegre,316557,2024
MG,31047,Sao Joao Nepomuceno/bicas,316560,2024
MG,31048,Uba,316570,2024
MG,31007,Pouso Alegre,316580,2024
MG,31026,Diamantina/itamarandiba,316590,2024
MG,31079,Conselheiro Lafaiete,316600,2024
MG,31020,Guanhaes,316610,2024
MG,31013,Barbacena,316620,2024
MG,31060,Ponte Nova,316630,2024
MG,31008,Sao Lourenco,316640,2024
MG,31095,Serro,316650,2024
MG,31028,Bom Despacho,316660,2024
MG,31057,Patos de Minas,316680,2024
MG,31066,Nanuque,316670,2024
MG,31001,Alfenas/machado,316690,2024
MG,31052,Janauba/monte Azul,316695,2024
MG,31008,Sao Lourenco,316700,2024
MG,31095,Serro,316710,2024
MG,31024,Sete Lagoas,316720,2024
MG,31099,Teofilo Otoni/malacacheta,316555,2024
MG,31048,Uba,316730,2024
MG,31007,Pouso Alegre,316740,2024
MG,31097,Juiz de Fora,316750,2024
MG,31059,Manhuacu,316760,2024
MG,31036,Governador Valadares,316770,2024
MG,31008,Sao Lourenco,316780,2024
MG,31048,Uba,316790,2024
MG,31085,Taiobeiras,316800,2024
MG,31059,Manhuacu,316805,2024
MG,31070,Araxa,316810,2024
MG,31030,Formiga,316820,2024
MG,31016,Belo Horizonte/nova Lima/santa Luzia,316830,2024
MG,31036,Governador Valadares,316840,2024
MG,31061,Vicosa,316850,2024
MG,31099,Teofilo Otoni/malacacheta,316860,2024
MG,31035,Coronel Fabriciano/timoteo,316870,2024
MG,31015,Sao Joao Del Rei,316880,2024
MG,31082,Sao Gotardo,316890,2024
MG,31048,Uba,316900,2024
MG,31007,Pouso Alegre,316905,2024
MG,31007,Pouso Alegre,316910,2024
MG,31042,Carangola,316920,2024
MG,31010,Tres Coracoes,316930,2024
MG,31019,Curvelo,316935,2024
MG,31011,Tres Pontas,316940,2024
MG,31036,Governador Valadares,316950,2024
MG,31075,Uberlandia/araguari,316960,2024
MG,31027,Turmalina/minas Novas/capelinha,316970,2024
MG,31007,Pouso Alegre,316980,2024
MG,31048,Uba,316990,2024
MG,31101,Brasilia de Minas,317000,2024
MG,31034,Caratinga,317005,2024
MG,31072,Uberaba,317010,2024
MG,31075,Uberlandia/araguari,317020,2024
MG,31062,Aguas Formosas,317030,2024
MG,31058,Unai/paracatu,317040,2024
MG,31071,Frutal / Iturama,317043,2024
MG,31058,Unai/paracatu,317047,2024
MG,31060,Ponte Nova,317050,2024
MG,31100,Sao Francisco,317052,2024
MG,31034,Caratinga,317057,2024
MG,31093,Piumhi,317060,2024
MG,31085,Taiobeiras,317065,2024
MG,31012,Varginha,317070,2024
MG,31057,Patos de Minas,317075,2024
MG,31055,Pirapora,317080,2024
MG,31101,Brasilia de Minas,317090,2024
MG,31057,Patos de Minas,317100,2024
MG,31052,Janauba/monte Azul,317103,2024
MG,31027,Turmalina/minas Novas/capelinha,317107,2024
MG,31072,Uberaba,317110,2024
MG,31034,Caratinga,317115,2024
MG,31025,Vespasiano/lagoa Santa,317120,2024
MG,31061,Vicosa,317130,2024
MG,31045,Muriae,317140,2024
MG,31064,Aracuai,317160,2024
MG,31008,Sao Lourenco,317170,2024
MG,31020,Guanhaes,317180,2024
MG,31036,Governador Valadares,317190,2024
MG,31048,Uba,317200,2024
MG,31041,Alem Paraiba,317210,2024
MG,31003,Itajuba,317220,2024
MS,50013,Leste,500020,2024
MS,50015,Norte,500025,2024
MS,50017,Sul Fronteira,500060,2024
MS,50009,Baixo Pantanal,500070,2024
MS,50016,Sudeste,500080,2024
MS,50016,Sudeste,500085,2024
MS,50017,Sul Fronteira,500090,2024
MS,50014,Nordeste,500100,2024
MS,50009,Baixo Pantanal,500110,2024
MS,50017,Sul Fronteira,500124,2024
MS,50011,Centro,500150,2024
MS,50013,Leste,500190,2024
MS,50016,Sudeste,500200,2024
MS,50009,Baixo Pantanal,500210,2024
MS,50009,Baixo Pantanal,500215,2024
MS,50009,Baixo Pantanal,500220,2024
MS,50013,Leste,500230,2024
MS,50012,Centro Sul,500240,2024
MS,50011,Centro,500260,2024
MS,50011,Centro,500270,2024
MS,50009,Baixo Pantanal,500280,2024
MS,50014,Nordeste,500290,2024
MS,50014,Nordeste,500295,2024
MS,50011,Centro,500310,2024
MS,50017,Sul Fronteira,500315,2024
MS,50010,Pantanal,500320,2024
MS,50014,Nordeste,500325,2024
MS,50015,Norte,500330,2024
MS,50012,Centro Sul,500345,2024
MS,50009,Baixo Pantanal,500348,2024
MS,50012,Centro Sul,500350,2024
MS,50012,Centro Sul,500370,2024
MS,50017,Sul Fronteira,500375,2024
MS,50012,Centro Sul,500380,2024
MS,50015,Norte,500390,2024
MS,50012,Centro Sul,500400,2024
MS,50009,Baixo Pantanal,500410,2024
MS,50017,Sul Fronteira,500430,2024
MS,50014,Nordeste,500440,2024
MS,50012,Centro Sul,500450,2024
MS,50017,Sul Fronteira,500460,2024
MS,50016,Sudeste,500470,2024
MS,50017,Sul Fronteira,500480,2024
MS,50011,Centro,500490,2024
MS,50009,Baixo Pantanal,500500,2024
MS,50012,Centro Sul,500510,2024
MS,50017,Sul Fronteira,500515,2024
MS,50010,Pantanal,500520,2024
MS,50012,Centro Sul,500525,2024
MS,50009,Baixo Pantanal,500540,2024
MS,50010,Pantanal,500560,2024
MS,50017,Sul Fronteira,500568,2024
MS,50017,Sul Fronteira,500570,2024
MS,50009,Baixo Pantanal,500580,2024
MS,50012,Centro Sul,500600,2024
MS,50016,Sudeste,500620,2024
MS,50016,Sudeste,500625,2024
MS,50014,Nordeste,500627,2024
MS,50014,Nordeste,500630,2024
MS,50017,Sul Fronteira,500635,2024
MS,50015,Norte,500640,2024
MS,50017,Sul Fronteira,500660,2024
MS,50009,Baixo Pantanal,500690,2024
MS,50011,Centro,500710,2024
MS,50012,Centro Sul,500720,2024
MS,50015,Norte,500730,2024
MS,50015,Norte,500740,2024
MS,50011,Centro,500750,2024
MS,50013,Leste,500755,2024
MS,50015,Norte,500769,2024
MS,50013,Leste,500780,2024
MS,50017,Sul Fronteira,500770,2024
MS,50011,Centro,500790,2024
MS,50015,Norte,500793,2024
MS,50017,Sul Fronteira,500795,2024
MS,50016,Sudeste,500797,2024
MS,50011,Centro,500800,2024
MS,50013,Leste,500830,2024
MS,50012,Centro Sul,500840,2024
MT,51002,Baixada Cuiabana,510010,2024
MT,51006,Medio Araguaia,510020,2024
MT,51001,Alto Tapajos,510025,2024
MT,51013,Sul Matogrossense,510030,2024
MT,51009,Norte Araguaia Karaja,510035,2024
MT,51013,Sul Matogrossense,510040,2024
MT,51004,Centro Norte,510050,2024
MT,51013,Sul Matogrossense,510060,2024
MT,51001,Alto Tapajos,510080,2024
MT,51005,Garcas Araguaia,510100,2024
MT,51013,Sul Matogrossense,510120,2024
MT,51011,Oeste Matogrossense,510125,2024
MT,51007,Medio Norte Matogrossense,510130,2024
MT,51008,Noroeste Matogrossense,510140,2024
MT,51002,Baixada Cuiabana,510160,2024
MT,51007,Medio Norte Matogrossense,510170,2024
MT,51005,Garcas Araguaia,510180,2024
MT,51006,Medio Araguaia,510185,2024
MT,51008,Noroeste Matogrossense,510190,2024
MT,51011,Oeste Matogrossense,510250,2024
MT,51005,Garcas Araguaia,510260,2024
MT,51007,Medio Norte Matogrossense,510263,2024
MT,51013,Sul Matogrossense,510267,2024
MT,51012,Sudoeste Matogrossense,510268,2024
MT,51003,Araguaia Xingu,510269,2024
MT,51006,Medio Araguaia,510270,2024
MT,51001,Alto Tapajos,510279,2024
MT,51008,Noroeste Matogrossense,510285,2024
MT,51002,Baixada Cuiabana,510300,2024
MT,51014,Teles Pires,510305,2024
MT,51006,Medio Araguaia,510310,2024
MT,51010,Norte Matogrossense,510320,2024
MT,51008,Noroeste Matogrossense,510325,2024
MT,51012,Sudoeste Matogrossense,510330,2024
MT,51003,Araguaia Xingu,510335,2024
MT,51012,Sudoeste Matogrossense,510336,2024
MT,51008,Noroeste Matogrossense,510337,2024
MT,51002,Baixada Cuiabana,510340,2024
MT,51011,Oeste Matogrossense,510343,2024
MT,51007,Medio Norte Matogrossense,510345,2024
MT,51004,Centro Norte,510350,2024
MT,51013,Sul Matogrossense,510360,2024
MT,51014,Teles Pires,510370,2024
MT,51012,Sudoeste Matogrossense,510380,2024
MT,51006,Medio Araguaia,510385,2024
MT,51005,Garcas Araguaia,510390,2024
MT,51011,Oeste Matogrossense,510395,2024
MT,51015,Vale do Peixoto,510410,2024
MT,51013,Sul Matogrossense,510420,2024
MT,51011,Oeste Matogrossense,510450,2024
MT,51014,Teles Pires,510452,2024
MT,51014,Teles Pires,510454,2024
MT,51010,Norte Matogrossense,510455,2024
MT,51013,Sul Matogrossense,510460,2024
MT,51013,Sul Matogrossense,510480,2024
MT,51002,Baixada Cuiabana,510490,2024
MT,51012,Sudoeste Matogrossense,510500,2024
MT,51016,Vale dos Arinos,510510,2024
MT,51008,Noroeste Matogrossense,510515,2024
MT,51008,Noroeste Matogrossense,510517,2024
MT,51013,Sul Matogrossense,510520,2024
MT,51011,Oeste Matogrossense,510523,2024
MT,51014,Teles Pires,510525,2024
MT,51009,Norte Araguaia Karaja,510530,2024
MT,51010,Norte Matogrossense,510558,2024
MT,51015,Vale do Peixoto,510560,2024
MT,51011,Oeste Matogrossense,510562,2024
MT,51004,Centro Norte,510590,2024
MT,51004,Centro Norte,510600,2024
MT,51002,Baixada Cuiabana,510610,2024
MT,51001,Alto Tapajos,510615,2024
MT,51002,Baixada Cuiabana,510620,2024
MT,51010,Norte Matogrossense,510621,2024
MT,51010,Norte Matogrossense,510880,2024
MT,51012,Sudoeste Matogrossense,510618,2024
MT,51007,Medio Norte Matogrossense,510885,2024
MT,51004,Centro Norte,510890,2024
MT,51001,Alto Tapajos,510895,2024
MT,51014,Teles Pires,510622,2024
MT,51006,Medio Araguaia,510617,2024
MT,51007,Medio Norte Matogrossense,510623,2024
MT,51010,Norte Matogrossense,510619,2024
MT,51014,Teles Pires,510624,2024
MT,51005,Garcas Araguaia,510625,2024
MT,51016,Vale dos Arinos,510627,2024
MT,51015,Vale do Peixoto,510626,2024
MT,51009,Norte Araguaia Karaja,510631,2024
MT,51005,Garcas Araguaia,510628,2024
MT,51001,Alto Tapajos,510629,2024
MT,51013,Sul Matogrossense,510630,2024
MT,51013,Sul Matogrossense,510637,2024
MT,51015,Vale do Peixoto,510642,2024
MT,51002,Baixada Cuiabana,510645,2024
MT,51002,Baixada Cuiabana,510650,2024
MT,51005,Garcas Araguaia,510665,2024
MT,51005,Garcas Araguaia,510670,2024
MT,51012,Sudoeste Matogrossense,510675,2024
MT,51003,Araguaia Xingu,510677,2024
MT,51016,Vale dos Arinos,510680,2024
MT,51011,Oeste Matogrossense,510682,2024
MT,51007,Medio Norte Matogrossense,510685,2024
MT,51013,Sul Matogrossense,510700,2024
MT,51013,Sul Matogrossense,510704,2024
MT,51006,Medio Araguaia,510706,2024
MT,51011,Oeste Matogrossense,510715,2024
MT,51006,Medio Araguaia,510718,2024
MT,51005,Garcas Araguaia,510719,2024
MT,51011,Oeste Matogrossense,510720,2024
MT,51012,Sudoeste Matogrossense,510757,2024
MT,51013,Sul Matogrossense,510760,2024
MT,51004,Centro Norte,510770,2024
MT,51011,Oeste Matogrossense,510775,2024
MT,51014,Teles Pires,510724,2024
MT,51003,Araguaia Xingu,510774,2024
MT,51014,Teles Pires,510776,2024
MT,51003,Araguaia Xingu,510777,2024
MT,51007,Medio Norte Matogrossense,510726,2024
MT,51013,Sul Matogrossense,510779,2024
MT,51002,Baixada Cuiabana,510780,2024
MT,51009,Norte Araguaia Karaja,510785,2024
MT,51013,Sul Matogrossense,510729,2024
MT,51004,Centro Norte,510730,2024
MT,51003,Araguaia Xingu,510735,2024
MT,51011,Oeste Matogrossense,510710,2024
MT,51013,Sul Matogrossense,510740,2024
MT,51007,Medio Norte Matogrossense,510787,2024
MT,51009,Norte Araguaia Karaja,510788,2024
MT,51014,Teles Pires,510790,2024
MT,51014,Teles Pires,510792,2024
MT,51016,Vale dos Arinos,510794,2024
MT,51007,Medio Norte Matogrossense,510795,2024
MT,51014,Teles Pires,510800,2024
MT,51015,Vale do Peixoto,510805,2024
MT,51013,Sul Matogrossense,510810,2024
MT,51005,Garcas Araguaia,510820,2024
MT,51014,Teles Pires,510830,2024
MT,51012,Sudoeste Matogrossense,510835,2024
MT,51002,Baixada Cuiabana,510840,2024
MT,51014,Teles Pires,510850,2024
MT,51012,Sudoeste Matogrossense,510550,2024
MT,51003,Araguaia Xingu,510860,2024
PA,15011,Tocantins,150010,2024
PA,15003,Carajas,150013,2024
PA,15007,Metropolitana II,150020,2024
PA,15013,Marajo I,150030,2024
PA,15001,Araguaia,150034,2024
PA,15002,Baixo Amazonas,150040,2024
PA,15002,Baixo Amazonas,150050,2024
PA,15012,Xingu,150060,2024
PA,15014,Marajo II,150070,2024
PA,15006,Metropolitana I,150080,2024
PA,15012,Xingu,150085,2024
PA,15009,Rio Caetes,150090,2024
PA,15008,Metropolitana III,150095,2024
PA,15010,Tapajos,150100,2024
PA,15014,Marajo II,150110,2024
PA,15011,Tocantins,150120,2024
PA,15001,Araguaia,150125,2024
PA,15011,Tocantins,150130,2024
PA,15006,Metropolitana I,150140,2024
PA,15002,Baixo Amazonas,150145,2024
PA,15006,Metropolitana I,150150,2024
PA,15003,Carajas,150157,2024
PA,15009,Rio Caetes,150160,2024
PA,15009,Rio Caetes,150170,2024
PA,15012,Xingu,150172,2024
PA,15003,Carajas,150175,2024
PA,15004,Lago de Tucurui,150178,2024
PA,15014,Marajo II,150180,2024
PA,15007,Metropolitana II,150190,2024
PA,15013,Marajo I,150200,2024
PA,15009,Rio Caetes,150195,2024
PA,15011,Tocantins,150210,2024
PA,15003,Carajas,150215,2024
PA,15009,Rio Caetes,150220,2024
PA,15008,Metropolitana III,150230,2024
PA,15008,Metropolitana III,150240,2024
PA,15013,Marajo I,150250,2024
PA,15007,Metropolitana II,150260,2024
PA,15001,Araguaia,150270,2024
PA,15007,Metropolitana II,150275,2024
PA,15001,Araguaia,150276,2024
PA,15003,Carajas,150277,2024
PA,15014,Marajo II,150280,2024
PA,15002,Baixo Amazonas,150285,2024
PA,15008,Metropolitana III,150290,2024
PA,15003,Carajas,150293,2024
PA,15003,Carajas,150295,2024
PA,15002,Baixo Amazonas,150300,2024
PA,15001,Araguaia,150304,2024
PA,15008,Metropolitana III,150307,2024
PA,15004,Lago de Tucurui,150309,2024
PA,15014,Marajo II,150310,2024
PA,15008,Metropolitana III,150320,2024
PA,15011,Tocantins,150330,2024
PA,15008,Metropolitana III,150340,2024
PA,15008,Metropolitana III,150345,2024
PA,15008,Metropolitana III,150350,2024
PA,15010,Tapajos,150360,2024
PA,15003,Carajas,150370,2024
PA,15010,Tapajos,150375,2024
PA,15004,Lago de Tucurui,150380,2024
PA,15002,Baixo Amazonas,150390,2024
PA,15011,Tocantins,150400,2024
PA,15008,Metropolitana III,150405,2024
PA,15008,Metropolitana III,150410,2024
PA,15003,Carajas,150420,2024
PA,15008,Metropolitana III,150430,2024
PA,15008,Metropolitana III,150440,2024
PA,15006,Metropolitana I,150442,2024
PA,15012,Xingu,150445,2024
PA,15014,Marajo II,150450,2024
PA,15011,Tocantins,150460,2024
PA,15011,Tocantins,150470,2024
PA,15002,Baixo Amazonas,150475,2024
PA,15002,Baixo Amazonas,150480,2024
PA,15013,Marajo I,150490,2024
PA,15008,Metropolitana III,150495,2024
PA,15003,Carajas,150497,2024
PA,15009,Rio Caetes,150500,2024
PA,15010,Tapajos,150503,2024
PA,15004,Lago de Tucurui,150506,2024
PA,15002,Baixo Amazonas,150510,2024
PA,15011,Tocantins,150520,2024
PA,15002,Baixo Amazonas,150530,2024
PA,15009,Rio Caetes,150540,2024
PA,15001,Araguaia,150543,2024
PA,15012,Xingu,150548,2024
PA,15003,Carajas,150549,2024
PA,15008,Metropolitana III,150550,2024
PA,15003,Carajas,150553,2024
PA,15001,Araguaia,150555,2024
PA,15009,Rio Caetes,150560,2024
PA,15003,Carajas,150563,2024
PA,15002,Baixo Amazonas,150565,2024
PA,15013,Marajo I,150570,2024
PA,15014,Marajo II,150580,2024
PA,15012,Xingu,150590,2024
PA,15002,Baixo Amazonas,150600,2024
PA,15009,Rio Caetes,150610,2024
PA,15009,Rio Caetes,150611,2024
PA,15001,Araguaia,150613,2024
PA,15001,Araguaia,150616,2024
PA,15003,Carajas,150618,2024
PA,15010,Tapajos,150619,2024
PA,15009,Rio Caetes,150620,2024
PA,15013,Marajo I,150630,2024
PA,15006,Metropolitana I,150635,2024
PA,15013,Marajo I,150640,2024
PA,15007,Metropolitana II,150650,2024
PA,15009,Rio Caetes,150655,2024
PA,15001,Araguaia,150658,2024
PA,15008,Metropolitana III,150660,2024
PA,15001,Araguaia,150670,2024
PA,15002,Baixo Amazonas,150680,2024
PA,15009,Rio Caetes,150690,2024
PA,15007,Metropolitana II,150700,2024
PA,15007,Metropolitana II,150710,2024
PA,15003,Carajas,150715,2024
PA,15008,Metropolitana III,150720,2024
PA,15001,Araguaia,150730,2024
PA,15008,Metropolitana III,150740,2024
PA,15003,Carajas,150745,2024
PA,15008,Metropolitana III,150746,2024
PA,15009,Rio Caetes,150747,2024
PA,15003,Carajas,150750,2024
PA,15008,Metropolitana III,150760,2024
PA,15013,Marajo I,150770,2024
PA,15001,Araguaia,150775,2024
PA,15012,Xingu,150780,2024
PA,15013,Marajo I,150790,2024
PA,15011,Tocantins,150795,2024
PA,15008,Metropolitana III,150796,2024
PA,15002,Baixo Amazonas,150797,2024
PA,15007,Metropolitana II,150800,2024
PA,15009,Rio Caetes,150803,2024
PA,15010,Tapajos,150805,2024
PA,15001,Araguaia,150808,2024
PA,15004,Lago de Tucurui,150810,2024
PA,15008,Metropolitana III,150812,2024
PA,15012,Xingu,150815,2024
PA,15007,Metropolitana II,150820,2024
PA,15009,Rio Caetes,150830,2024
PA,15012,Xingu,150835,2024
PA,15001,Araguaia,150840,2024
PB,25011,11ª Regiao,250010,2024
PB,25007,7ª Regiao,250020,2024
PB,25003,3ª Regiao,250030,2024
PB,25003,3ª Regiao,250040,2024
PB,25002,2ª Regiao,250050,2024
PB,25015,15ª Regiao,250053,2024
PB,25003,3ª Regiao,250057,2024
PB,25001,1ª Regiao Mata Atlantica,250060,2024
PB,25005,5ª Regiao,250073,2024
PB,25010,10ª Regiao,250077,2024
PB,25002,2ª Regiao,250080,2024
PB,25003,3ª Regiao,250090,2024
PB,25002,2ª Regiao,250100,2024
PB,25003,3ª Regiao,250110,2024
PB,25006,6ª Regiao,250115,2024
PB,25003,3ª Regiao,250120,2024
PB,25015,15ª Regiao,250130,2024
PB,25016,16ª Regiao,250135,2024
PB,25014,14ª Regiao,250140,2024
PB,25002,2ª Regiao,250150,2024
PB,25004,4ª Regiao,250153,2024
PB,25004,4ª Regiao,250160,2024
PB,25015,15ª Regiao,250157,2024
PB,25015,15ª Regiao,250170,2024
PB,25001,1ª Regiao Mata Atlantica,250180,2024
PB,25002,2ª Regiao,250190,2024
PB,25008,8ª Regiao,250200,2024
PB,25009,9ª Regiao,250205,2024
PB,25007,7ª Regiao,250210,2024
PB,25016,16ª Regiao,250215,2024
PB,25009,9ª Regiao,250220,2024
PB,25008,8ª Regiao,250230,2024
PB,25009,9ª Regiao,250240,2024
PB,25015,15ª Regiao,250250,2024
PB,25002,2ª Regiao,250270,2024
PB,25008,8ª Regiao,250280,2024
PB,25008,8ª Regiao,250290,2024
PB,25001,1ª Regiao Mata Atlantica,250300,2024
PB,25015,15ª Regiao,250310,2024
PB,25001,1ª Regiao Mata Atlantica,250320,2024
PB,25009,9ª Regiao,250330,2024
PB,25006,6ª Regiao,250340,2024
PB,25002,2ª Regiao,250350,2024
PB,25006,6ª Regiao,250355,2024
PB,25002,2ª Regiao,250360,2024
PB,25009,9ª Regiao,250370,2024
PB,25013,13ª Regiao,250375,2024
PB,25012,12ª Regiao,250380,2024
PB,25005,5ª Regiao,250390,2024
PB,25016,16ª Regiao,250400,2024
PB,25014,14ª Regiao,250403,2024
PB,25005,5ª Regiao,250407,2024
PB,25009,9ª Regiao,250410,2024
PB,25002,2ª Regiao,250415,2024
PB,25006,6ª Regiao,250420,2024
PB,25008,8ª Regiao,250430,2024
PB,25015,15ª Regiao,250435,2024
PB,25007,7ª Regiao,250440,2024
PB,25006,6ª Regiao,250450,2024
PB,25001,1ª Regiao Mata Atlantica,250460,2024
PB,25005,5ª Regiao,250470,2024
PB,25007,7ª Regiao,250480,2024
PB,25005,5ª Regiao,250485,2024
PB,25001,1ª Regiao Mata Atlantica,250490,2024
PB,25004,4ª Regiao,250500,2024
PB,25004,4ª Regiao,250510,2024
PB,25014,14ª Regiao,250523,2024
PB,25002,2ª Regiao,250520,2024
PB,25014,14ª Regiao,250527,2024
PB,25007,7ª Regiao,250530,2024
PB,25004,4ª Regiao,250535,2024
PB,25006,6ª Regiao,250540,2024
PB,25007,7ª Regiao,250560,2024
PB,25002,2ª Regiao,250570,2024
PB,25002,2ª Regiao,250580,2024
PB,25006,6ª Regiao,250590,2024
PB,25003,3ª Regiao,250600,2024
PB,25016,16ª Regiao,250610,2024
PB,25004,4ª Regiao,250620,2024
PB,25015,15ª Regiao,250625,2024
PB,25002,2ª Regiao,250630,2024
PB,25012,12ª Regiao,250640,2024
PB,25005,5ª Regiao,250650,2024
PB,25007,7ª Regiao,250660,2024
PB,25007,7ª Regiao,250260,2024
PB,25011,11ª Regiao,250670,2024
PB,25012,12ª Regiao,250680,2024
PB,25012,12ª Regiao,250690,2024
PB,25007,7ª Regiao,250700,2024
PB,25014,14ª Regiao,250710,2024
PB,25012,12ª Regiao,250720,2024
PB,25014,14ª Regiao,250730,2024
PB,25008,8ª Regiao,250740,2024
PB,25001,1ª Regiao Mata Atlantica,250750,2024
PB,25009,9ª Regiao,251365,2024
PB,25012,12ª Regiao,250760,2024
PB,25016,16ª Regiao,250770,2024
PB,25006,6ª Regiao,250780,2024
PB,25012,12ª Regiao,250790,2024
PB,25011,11ª Regiao,250800,2024
PB,25013,13ª Regiao,250810,2024
PB,25002,2ª Regiao,250820,2024
PB,25003,3ª Regiao,250830,2024
PB,25010,10ª Regiao,250840,2024
PB,25016,16ª Regiao,250850,2024
PB,25002,2ª Regiao,250855,2024
PB,25001,1ª Regiao Mata Atlantica,250860,2024
PB,25006,6ª Regiao,250870,2024
PB,25006,6ª Regiao,250880,2024
PB,25014,14ª Regiao,250890,2024
PB,25011,11ª Regiao,250900,2024
PB,25014,14ª Regiao,250905,2024
PB,25001,1ª Regiao Mata Atlantica,250910,2024
PB,25010,10ª Regiao,250915,2024
PB,25016,16ª Regiao,250920,2024
PB,25014,14ª Regiao,250930,2024
PB,25003,3ª Regiao,250933,2024
PB,25008,8ª Regiao,250937,2024
PB,25006,6ª Regiao,250939,2024
PB,25012,12ª Regiao,250940,2024
PB,25003,3ª Regiao,250950,2024
PB,25009,9ª Regiao,250960,2024
PB,25005,5ª Regiao,250970,2024
PB,25002,2ª Regiao,250980,2024
PB,25015,15ª Regiao,250990,2024
PB,25010,10ª Regiao,251000,2024
PB,25004,4ª Regiao,251010,2024
PB,25007,7ª Regiao,251020,2024
PB,25004,4ª Regiao,251030,2024
PB,25007,7ª Regiao,251040,2024
PB,25016,16ª Regiao,251050,2024
PB,25005,5ª Regiao,251060,2024
PB,25005,5ª Regiao,251065,2024
PB,25006,6ª Regiao,251070,2024
PB,25006,6ª Regiao,251080,2024
PB,25013,13ª Regiao,251090,2024
PB,25007,7ª Regiao,251100,2024
PB,25004,4ª Regiao,251110,2024
PB,25012,12ª Regiao,251120,2024
PB,25014,14ª Regiao,251272,2024
PB,25007,7ª Regiao,251130,2024
PB,25004,4ª Regiao,251140,2024
PB,25012,12ª Regiao,251150,2024
PB,25002,2ª Regiao,251160,2024
PB,25002,2ª Regiao,251170,2024
PB,25002,2ª Regiao,251180,2024
PB,25001,1ª Regiao Mata Atlantica,251190,2024
PB,25016,16ª Regiao,251200,2024
PB,25009,9ª Regiao,251203,2024
PB,25009,9ª Regiao,251207,2024
PB,25013,13ª Regiao,251210,2024
PB,25005,5ª Regiao,251220,2024
PB,25011,11ª Regiao,251230,2024
PB,25016,16ª Regiao,251240,2024
PB,25015,15ª Regiao,251250,2024
PB,25006,6ª Regiao,251260,2024
PB,25003,3ª Regiao,251270,2024
PB,25002,2ª Regiao,251274,2024
PB,25012,12ª Regiao,251275,2024
PB,25001,1ª Regiao Mata Atlantica,251276,2024
PB,25015,15ª Regiao,251278,2024
PB,25008,8ª Regiao,251280,2024
PB,25014,14ª Regiao,251290,2024
PB,25006,6ª Regiao,251300,2024
PB,25012,12ª Regiao,251310,2024
PB,25015,15ª Regiao,251315,2024
PB,25010,10ª Regiao,251320,2024
PB,25009,9ª Regiao,251330,2024
PB,25007,7ª Regiao,251335,2024
PB,25006,6ª Regiao,251340,2024
PB,25001,1ª Regiao Mata Atlantica,251370,2024
PB,25006,6ª Regiao,251380,2024
PB,25007,7ª Regiao,251350,2024
PB,25007,7ª Regiao,251360,2024
PB,25016,16ª Regiao,251385,2024
PB,25013,13ª Regiao,251392,2024
PB,25008,8ª Regiao,251390,2024
PB,25013,13ª Regiao,251396,2024
PB,25015,15ª Regiao,251394,2024
PB,25010,10ª Regiao,251398,2024
PB,25005,5ª Regiao,251400,2024
PB,25009,9ª Regiao,250070,2024
PB,25005,5ª Regiao,251410,2024
PB,25010,10ª Regiao,251420,2024
PB,25007,7ª Regiao,251430,2024
PB,25006,6ª Regiao,251440,2024
PB,25009,9ª Regiao,251450,2024
PB,25011,11ª Regiao,251455,2024
PB,25006,6ª Regiao,251460,2024
PB,25008,8ª Regiao,251465,2024
PB,25006,6ª Regiao,251470,2024
PB,25005,5ª Regiao,251480,2024
PB,25012,12ª Regiao,251445,2024
PB,25006,6ª Regiao,251490,2024
PB,25012,12ª Regiao,251500,2024
PB,25003,3ª Regiao,251510,2024
PB,25005,5ª Regiao,251520,2024
PB,25004,4ª Regiao,251540,2024
PB,25001,1ª Regiao Mata Atlantica,251530,2024
PB,25005,5ª Regiao,251550,2024
PB,25002,2ª Regiao,251560,2024
PB,25007,7ª Regiao,251570,2024
PB,25016,16ª Regiao,251580,2024
PB,25002,2ª Regiao,251590,2024
PB,25002,2ª Regiao,251593,2024
PB,25001,1ª Regiao Mata Atlantica,251597,2024
PB,25002,2ª Regiao,251600,2024
PB,25016,16ª Regiao,251610,2024
PB,25004,4ª Regiao,251615,2024
PB,25010,10ª Regiao,251620,2024
PB,25005,5ª Regiao,251630,2024
PB,25002,2ª Regiao,251640,2024
PB,25016,16ª Regiao,251650,2024
PB,25011,11ª Regiao,251660,2024
PB,25006,6ª Regiao,251670,2024
PB,25016,16ª Regiao,251675,2024
PB,25009,9ª Regiao,251680,2024
PB,25009,9ª Regiao,251690,2024
PB,25015,15ª Regiao,251700,2024
PB,25006,6ª Regiao,251710,2024
PB,25010,10ª Regiao,251720,2024
PB,25006,6ª Regiao,250550,2024
PB,25005,5ª Regiao,251740,2024
PE,26010,Recife,260005,2024
PE,26001,Afogados da Ingazeira,260010,2024
PE,26009,Petrolina,260020,2024
PE,26003,Caruaru,260030,2024
PE,26008,Palmares,260040,2024
PE,26004,Garanhuns,260050,2024
PE,26003,Caruaru,260060,2024
PE,26005,Goiana,260070,2024
PE,26003,Caruaru,260080,2024
PE,26008,Palmares,260090,2024
PE,26004,Garanhuns,260100,2024
PE,26010,Recife,260105,2024
PE,26007,Ouricuri,260110,2024
PE,26002,Arcoverde,260120,2024
PE,26003,Caruaru,260130,2024
PE,26008,Palmares,260140,2024
PE,26008,Palmares,260150,2024
PE,26011,Salgueiro,260160,2024
PE,26003,Caruaru,260170,2024
PE,26012,Serra Talhada,260180,2024
PE,26003,Caruaru,260190,2024
PE,26007,Ouricuri,260200,2024
PE,26004,Garanhuns,260210,2024
PE,26006,Limoeiro,260220,2024
PE,26003,Caruaru,260230,2024
PE,26004,Garanhuns,260240,2024
PE,26001,Afogados da Ingazeira,260250,2024
PE,26003,Caruaru,260260,2024
PE,26006,Limoeiro,260270,2024
PE,26002,Arcoverde,260280,2024
PE,26010,Recife,260290,2024
PE,26009,Petrolina,260300,2024
PE,26003,Caruaru,260310,2024
PE,26004,Garanhuns,260320,2024
PE,26004,Garanhuns,260330,2024
PE,26012,Serra Talhada,260340,2024
PE,26010,Recife,260345,2024
PE,26003,Caruaru,260350,2024
PE,26005,Goiana,260360,2024
PE,26004,Garanhuns,260370,2024
PE,26004,Garanhuns,260380,2024
PE,26001,Afogados da Ingazeira,260390,2024
PE,26012,Serra Talhada,260392,2024
PE,26006,Limoeiro,260400,2024
PE,26003,Caruaru,260410,2024
PE,26006,Limoeiro,260415,2024
PE,26008,Palmares,260420,2024
PE,26011,Salgueiro,260430,2024
PE,26010,Recife,260440,2024
PE,26010,Recife,260450,2024
PE,26005,Goiana,260460,2024
PE,26004,Garanhuns,260470,2024
PE,26008,Palmares,260480,2024
PE,26006,Limoeiro,260490,2024
PE,26003,Caruaru,260500,2024
PE,26002,Arcoverde,260510,2024
PE,26009,Petrolina,260515,2024
PE,26008,Palmares,260520,2024
PE,26007,Ouricuri,260530,2024
PE,26006,Limoeiro,260540,2024
PE,26010,Recife,260545,2024
PE,26005,Goiana,260550,2024
PE,26012,Serra Talhada,260560,2024
PE,26012,Serra Talhada,260570,2024
PE,26003,Caruaru,260580,2024
PE,26008,Palmares,260590,2024
PE,26004,Garanhuns,260600,2024
PE,26010,Recife,260610,2024
PE,26005,Goiana,260620,2024
PE,26007,Ouricuri,260630,2024
PE,26003,Caruaru,260640,2024
PE,26004,Garanhuns,260650,2024
PE,26002,Arcoverde,260660,2024
PE,26003,Caruaru,260670,2024
PE,26010,Recife,260680,2024
PE,26001,Afogados da Ingazeira,260690,2024
PE,26010,Recife,260760,2024
PE,26002,Arcoverde,260700,2024
PE,26001,Afogados da Ingazeira,260710,2024
PE,26010,Recife,260720,2024
PE,26007,Ouricuri,260730,2024
PE,26012,Serra Talhada,260740,2024
PE,26004,Garanhuns,260750,2024
PE,26005,Goiana,260765,2024
PE,26001,Afogados da Ingazeira,260770,2024
PE,26010,Recife,260775,2024
PE,26005,Goiana,260780,2024
PE,26010,Recife,260790,2024
PE,26008,Palmares,260795,2024
PE,26003,Caruaru,260800,2024
PE,26002,Arcoverde,260805,2024
PE,26006,Limoeiro,260810,2024
PE,26008,Palmares,260820,2024
PE,26004,Garanhuns,260825,2024
PE,26004,Garanhuns,260830,2024
PE,26003,Caruaru,260840,2024
PE,26006,Limoeiro,260850,2024
PE,26006,Limoeiro,260845,2024
PE,26004,Garanhuns,260860,2024
PE,26008,Palmares,260870,2024
PE,26009,Petrolina,260875,2024
PE,26004,Garanhuns,260880,2024
PE,26006,Limoeiro,260890,2024
PE,26005,Goiana,260900,2024
PE,26006,Limoeiro,260910,2024
PE,26002,Arcoverde,260915,2024
PE,26008,Palmares,260920,2024
PE,26011,Salgueiro,260930,2024
PE,26007,Ouricuri,261430,2024
PE,26010,Recife,260940,2024
PE,26006,Limoeiro,260950,2024
PE,26010,Recife,260960,2024
PE,26006,Limoeiro,260970,2024
PE,26009,Petrolina,260980,2024
PE,26007,Ouricuri,260990,2024
PE,26008,Palmares,261000,2024
PE,26004,Garanhuns,261010,2024
PE,26003,Caruaru,261020,2024
PE,26004,Garanhuns,261030,2024
PE,26007,Ouricuri,261040,2024
PE,26006,Limoeiro,261050,2024
PE,26006,Limoeiro,261060,2024
PE,26010,Recife,261070,2024
PE,26002,Arcoverde,261080,2024
PE,26003,Caruaru,261090,2024
PE,26002,Arcoverde,261100,2024
PE,26009,Petrolina,261110,2024
PE,26003,Caruaru,261120,2024
PE,26010,Recife,261130,2024
PE,26008,Palmares,261140,2024
PE,26008,Palmares,261150,2024
PE,26001,Afogados da Ingazeira,261153,2024
PE,26010,Recife,261160,2024
PE,26003,Caruaru,261170,2024
PE,26008,Palmares,261180,2024
PE,26008,Palmares,261190,2024
PE,26003,Caruaru,261200,2024
PE,26006,Limoeiro,261210,2024
PE,26011,Salgueiro,261220,2024
PE,26004,Garanhuns,261230,2024
PE,26003,Caruaru,261240,2024
PE,26007,Ouricuri,261245,2024
PE,26012,Serra Talhada,261247,2024
PE,26003,Caruaru,261250,2024
PE,26007,Ouricuri,261255,2024
PE,26009,Petrolina,261260,2024
PE,26003,Caruaru,261270,2024
PE,26001,Afogados da Ingazeira,261280,2024
PE,26008,Palmares,261290,2024
PE,26003,Caruaru,261300,2024
PE,26003,Caruaru,261310,2024
PE,26004,Garanhuns,261320,2024
PE,26003,Caruaru,261330,2024
PE,26008,Palmares,261340,2024
PE,26012,Serra Talhada,261350,2024
PE,26001,Afogados da Ingazeira,261360,2024
PE,26010,Recife,261370,2024
PE,26005,Goiana,261380,2024
PE,26012,Serra Talhada,261390,2024
PE,26011,Salgueiro,261400,2024
PE,26002,Arcoverde,261410,2024
PE,26008,Palmares,261420,2024
PE,26001,Afogados da Ingazeira,261440,2024
PE,26006,Limoeiro,261450,2024
PE,26001,Afogados da Ingazeira,261460,2024
PE,26003,Caruaru,261470,2024
PE,26002,Arcoverde,261480,2024
PE,26008,Palmares,261485,2024
PE,26003,Caruaru,261500,2024
PE,26004,Garanhuns,261510,2024
PE,26011,Salgueiro,261520,2024
PE,26005,Goiana,261530,2024
PE,26003,Caruaru,261540,2024
PE,26006,Limoeiro,261550,2024
PE,26007,Ouricuri,261560,2024
PE,26012,Serra Talhada,261570,2024
PE,26002,Arcoverde,261580,2024
PE,26001,Afogados da Ingazeira,261590,2024
PE,26002,Arcoverde,261600,2024
PE,26011,Salgueiro,261610,2024
PE,26006,Limoeiro,261618,2024
PE,26003,Caruaru,261620,2024
PE,26006,Limoeiro,261630,2024
PE,26010,Recife,261640,2024
PE,26008,Palmares,261650,2024
PI,22012,Chapada Vale do Rio Itaim,220005,2024
PI,22004,Entre Rios,220010,2024
PI,22004,Entre Rios,220020,2024
PI,22009,Vale do Rio Guaribas,220025,2024
PI,22009,Vale do Rio Guaribas,220027,2024
PI,22004,Entre Rios,220030,2024
PI,22004,Entre Rios,220040,2024
PI,22002,Chapada das Mangabeiras,220045,2024
PI,22004,Entre Rios,220050,2024
PI,22004,Entre Rios,220060,2024
PI,22006,Serra da Capivara,220070,2024
PI,22007,Tabuleiros do Alto Parnaiba,220080,2024
PI,22010,Vale do Sambito,220090,2024
PI,22009,Vale do Rio Guaribas,220095,2024
PI,22011,Vale dos Rios Piaui e Itaueiras,220100,2024
PI,22001,Carnaubais,220105,2024
PI,22002,Chapada das Mangabeiras,220110,2024
PI,22007,Tabuleiros do Alto Parnaiba,220115,2024
PI,22010,Vale do Sambito,220117,2024
PI,22003,Cocais,220120,2024
PI,22002,Chapada das Mangabeiras,220130,2024
PI,22004,Entre Rios,220140,2024
PI,22003,Cocais,220150,2024
PI,22008,Vale do Caninde,220155,2024
PI,22012,Chapada Vale do Rio Itaim,220157,2024
PI,22004,Entre Rios,220160,2024
PI,22011,Vale dos Rios Piaui e Itaueiras,220170,2024
PI,22012,Chapada Vale do Rio Itaim,220173,2024
PI,22001,Carnaubais,220177,2024
PI,22009,Vale do Rio Guaribas,220180,2024
PI,22002,Chapada das Mangabeiras,220190,2024
PI,22005,Planicie Litoranea,220191,2024
PI,22006,Serra da Capivara,220192,2024
PI,22001,Carnaubais,220194,2024
PI,22003,Cocais,220196,2024
PI,22011,Vale dos Rios Piaui e Itaueiras,220198,2024
PI,22005,Planicie Litoranea,220200,2024
PI,22001,Carnaubais,220202,2024
PI,22001,Carnaubais,220205,2024
PI,22008,Vale do Caninde,220207,2024
PI,22005,Planicie Litoranea,220208,2024
PI,22012,Chapada Vale do Rio Itaim,220209,2024
PI,22008,Vale do Caninde,220210,2024
PI,22006,Serra da Capivara,220211,2024
PI,22009,Vale do Rio Guaribas,220213,2024
PI,22003,Cocais,220217,2024
PI,22001,Carnaubais,220220,2024
PI,22011,Vale dos Rios Piaui e Itaueiras,220225,2024
PI,22011,Vale dos Rios Piaui e Itaueiras,220230,2024
PI,22003,Cocais,220240,2024
PI,22006,Serra da Capivara,220245,2024
PI,22006,Serra da Capivara,220250,2024
PI,22005,Planicie Litoranea,220253,2024
PI,22012,Chapada Vale do Rio Itaim,220255,2024
PI,22001,Carnaubais,220260,2024
PI,22005,Planicie Litoranea,220265,2024
PI,22005,Planicie Litoranea,220270,2024
PI,22001,Carnaubais,220271,2024
PI,22005,Planicie Litoranea,220272,2024
PI,22004,Entre Rios,220273,2024
PI,22011,Vale dos Rios Piaui e Itaueiras,220275,2024
PI,22008,Vale do Caninde,220277,2024
PI,22008,Vale do Caninde,220280,2024
PI,22006,Serra da Capivara,220285,2024
PI,22002,Chapada das Mangabeiras,220290,2024
PI,22002,Chapada das Mangabeiras,220300,2024
PI,22002,Chapada das Mangabeiras,220310,2024
PI,22002,Chapada das Mangabeiras,220320,2024
PI,22002,Chapada das Mangabeiras,220323,2024
PI,22012,Chapada Vale do Rio Itaim,220327,2024
PI,22004,Entre Rios,220325,2024
PI,22004,Entre Rios,220330,2024
PI,22006,Serra da Capivara,220335,2024
PI,22009,Vale do Rio Guaribas,220340,2024
PI,22006,Serra da Capivara,220345,2024
PI,22003,Cocais,220342,2024
PI,22010,Vale do Sambito,220350,2024
PI,22011,Vale dos Rios Piaui e Itaueiras,220360,2024
PI,22003,Cocais,220370,2024
PI,22006,Serra da Capivara,220375,2024
PI,22011,Vale dos Rios Piaui e Itaueiras,220380,2024
PI,22008,Vale do Caninde,220385,2024
PI,22011,Vale dos Rios Piaui e Itaueiras,220390,2024
PI,22010,Vale do Sambito,220400,2024
PI,22011,Vale dos Rios Piaui e Itaueiras,220410,2024
PI,22012,Chapada Vale do Rio Itaim,220415,2024
PI,22009,Vale do Rio Guaribas,220420,2024
PI,22009,Vale do Rio Guaribas,220430,2024
PI,22009,Vale do Rio Guaribas,220435,2024
PI,22002,Chapada das Mangabeiras,220440,2024
PI,22011,Vale dos Rios Piaui e Itaueiras,220450,2024
PI,22006,Serra da Capivara,220455,2024
PI,22004,Entre Rios,220460,2024
PI,22005,Planicie Litoranea,220465,2024
PI,22010,Vale do Sambito,220470,2024
PI,22009,Vale do Rio Guaribas,220480,2024
PI,22008,Vale do Caninde,220490,2024
PI,22009,Vale do Rio Guaribas,220500,2024
PI,22011,Vale dos Rios Piaui e Itaueiras,220510,2024
PI,22012,Chapada Vale do Rio Itaim,220515,2024
PI,22012,Chapada Vale do Rio Itaim,220520,2024
PI,22004,Entre Rios,220525,2024
PI,22001,Carnaubais,220527,2024
PI,22011,Vale dos Rios Piaui e Itaueiras,220530,2024
PI,22006,Serra da Capivara,220535,2024
PI,22003,Cocais,220540,2024
PI,22003,Cocais,220545,2024
PI,22004,Entre Rios,220550,2024
PI,22001,Carnaubais,220551,2024
PI,22002,Chapada das Mangabeiras,220552,2024
PI,22006,Serra da Capivara,220553,2024
PI,22004,Entre Rios,220555,2024
PI,22003,Cocais,220557,2024
PI,22006,Serra da Capivara,220556,2024
PI,22004,Entre Rios,220558,2024
PI,22010,Vale do Sambito,220559,2024
PI,22004,Entre Rios,220554,2024
PI,22011,Vale dos Rios Piaui e Itaueiras,220560,2024
PI,22005,Planicie Litoranea,220570,2024
PI,22003,Cocais,220580,2024
PI,22003,Cocais,220585,2024
PI,22011,Vale dos Rios Piaui e Itaueiras,220590,2024
PI,22012,Chapada Vale do Rio Itaim,220595,2024
PI,22011,Vale dos Rios Piaui e Itaueiras,220600,2024
PI,22012,Chapada Vale do Rio Itaim,220605,2024
PI,22003,Cocais,220610,2024
PI,22004,Entre Rios,220620,2024
PI,22004,Entre Rios,220630,2024
PI,22003,Cocais,220635,2024
PI,22004,Entre Rios,220640,2024
PI,22009,Vale do Rio Guaribas,220650,2024
PI,22002,Chapada das Mangabeiras,220660,2024
PI,22002,Chapada das Mangabeiras,220665,2024
PI,22003,Cocais,220667,2024
PI,22005,Planicie Litoranea,220669,2024
PI,22011,Vale dos Rios Piaui e Itaueiras,220670,2024
PI,22004,Entre Rios,220672,2024
PI,22001,Carnaubais,220675,2024
PI,22003,Cocais,220680,2024
PI,22006,Serra da Capivara,220795,2024
PI,22010,Vale do Sambito,220690,2024
PI,22001,Carnaubais,220695,2024
PI,22008,Vale do Caninde,220700,2024
PI,22004,Entre Rios,220710,2024
PI,22012,Chapada Vale do Rio Itaim,220720,2024
PI,22011,Vale dos Rios Piaui e Itaueiras,220730,2024
PI,22011,Vale dos Rios Piaui e Itaueiras,220735,2024
PI,22002,Chapada das Mangabeiras,220740,2024
PI,22004,Entre Rios,220750,2024
PI,22009,Vale do Rio Guaribas,220755,2024
PI,22002,Chapada das Mangabeiras,220760,2024
PI,22005,Planicie Litoranea,220770,2024
PI,22004,Entre Rios,220775,2024
PI,22012,Chapada Vale do Rio Itaim,220777,2024
PI,22004,Entre Rios,220779,2024
PI,22012,Chapada Vale do Rio Itaim,220780,2024
PI,22011,Vale dos Rios Piaui e Itaueiras,220785,2024
PI,22003,Cocais,220790,2024
PI,22006,Serra da Capivara,220793,2024
PI,22009,Vale do Rio Guaribas,220800,2024
PI,22010,Vale do Sambito,220810,2024
PI,22009,Vale do Rio Guaribas,220820,2024
PI,22003,Cocais,220830,2024
PI,22003,Cocais,220840,2024
PI,22003,Cocais,220850,2024
PI,22011,Vale dos Rios Piaui e Itaueiras,220855,2024
PI,22010,Vale do Sambito,220860,2024
PI,22012,Chapada Vale do Rio Itaim,220865,2024
PI,22002,Chapada das Mangabeiras,220870,2024
PI,22004,Entre Rios,220880,2024
PI,22002,Chapada das Mangabeiras,220885,2024
PI,22011,Vale dos Rios Piaui e Itaueiras,220887,2024
PI,22007,Tabuleiros do Alto Parnaiba,220890,2024
PI,22011,Vale dos Rios Piaui e Itaueiras,220900,2024
PI,22009,Vale do Rio Guaribas,220910,2024
PI,22010,Vale do Sambito,220915,2024
PI,22002,Chapada das Mangabeiras,220920,2024
PI,22002,Chapada das Mangabeiras,220930,2024
PI,22008,Vale do Caninde,220937,2024
PI,22009,Vale do Rio Guaribas,220935,2024
PI,22009,Vale do Rio Guaribas,220940,2024
PI,22004,Entre Rios,220945,2024
PI,22008,Vale do Caninde,220950,2024
PI,22006,Serra da Capivara,220955,2024
PI,22010,Vale do Sambito,220960,2024
PI,22008,Vale do Caninde,220965,2024
PI,22011,Vale dos Rios Piaui e Itaueiras,220970,2024
PI,22002,Chapada das Mangabeiras,220975,2024
PI,22004,Entre Rios,220980,2024
PI,22009,Vale do Rio Guaribas,220985,2024
PI,22003,Cocais,220987,2024
PI,22001,Carnaubais,220990,2024
PI,22008,Vale do Caninde,220995,2024
PI,22003,Cocais,220997,2024
PI,22006,Serra da Capivara,221000,2024
PI,22003,Cocais,221005,2024
PI,22011,Vale dos Rios Piaui e Itaueiras,221010,2024
PI,22009,Vale do Rio Guaribas,221020,2024
PI,22009,Vale do Rio Guaribas,221030,2024
PI,22006,Serra da Capivara,221035,2024
PI,22009,Vale do Rio Guaribas,221037,2024
PI,22010,Vale do Sambito,221038,2024
PI,22011,Vale dos Rios Piaui e Itaueiras,221039,2024
PI,22001,Carnaubais,221040,2024
PI,22004,Entre Rios,221050,2024
PI,22006,Serra da Capivara,221060,2024
PI,22002,Chapada das Mangabeiras,221062,2024
PI,22007,Tabuleiros do Alto Parnaiba,221063,2024
PI,22001,Carnaubais,221065,2024
PI,22012,Chapada Vale do Rio Itaim,221070,2024
PI,22008,Vale do Caninde,221080,2024
PI,22011,Vale dos Rios Piaui e Itaueiras,221090,2024
PI,22009,Vale do Rio Guaribas,221093,2024
PI,22011,Vale dos Rios Piaui e Itaueiras,221095,2024
PI,22008,Vale do Caninde,221097,2024
PI,22004,Entre Rios,221100,2024
PI,22004,Entre Rios,221110,2024
PI,22007,Tabuleiros do Alto Parnaiba,221120,2024
PI,22010,Vale do Sambito,221130,2024
PI,22006,Serra da Capivara,221135,2024
PI,22010,Vale do Sambito,221140,2024
PI,22009,Vale do Rio Guaribas,221150,2024
PI,22009,Vale do Rio Guaribas,221160,2024
PI,22009,Vale do Rio Guaribas,221170,2024
PR,41018,18ª Rs Cornelio Procopio,410010,2024
PR,41002,2ª Rs Metropolitana,410020,2024
PR,41002,2ª Rs Metropolitana,410030,2024
PR,41002,2ª Rs Metropolitana,410040,2024
PR,41011,11ª Rs Campo Mourao,410045,2024
PR,41012,12ª Rs Umuarama,412862,2024
PR,41014,14ª Rs Paranavai,410060,2024
PR,41012,12ª Rs Umuarama,410070,2024
PR,41012,12ª Rs Umuarama,410050,2024
PR,41017,17ª Rs Londrina,410080,2024
PR,41014,14ª Rs Paranavai,410090,2024
PR,41008,8ª Rs Francisco Beltrao,410100,2024
PR,41010,10ª Rs Cascavel,410105,2024
PR,41018,18ª Rs Cornelio Procopio,410110,2024
PR,41015,15ª Rs Maringa,410115,2024
PR,41001,1ª Rs Paranagua,410120,2024
PR,41006,6ª Rs Uniao da Vitoria,410130,2024
PR,41016,16ª Rs Apucarana,410140,2024
PR,41016,16ª Rs Apucarana,410150,2024
PR,41003,3ª Rs Ponta Grossa,410160,2024
PR,41022,22ª Rs Ivaipora,410165,2024
PR,41011,11ª Rs Campo Mourao,410170,2024
PR,41002,2ª Rs Metropolitana,410180,2024
PR,41022,22ª Rs Ivaipora,410185,2024
PR,41017,17ª Rs Londrina,410190,2024
PR,41020,20ª Rs Toledo,410200,2024
PR,41015,15ª Rs Maringa,410210,2024
PR,41015,15ª Rs Maringa,410220,2024
PR,41002,2ª Rs Metropolitana,410230,2024
PR,41018,18ª Rs Cornelio Procopio,410240,2024
PR,41011,11ª Rs Campo Mourao,410250,2024
PR,41019,19ª Rs Jacarezinho,410270,2024
PR,41008,8ª Rs Francisco Beltrao,410260,2024
PR,41008,8ª Rs Francisco Beltrao,410275,2024
PR,41017,17ª Rs Londrina,410280,2024
PR,41006,6ª Rs Uniao da Vitoria,410290,2024
PR,41011,11ª Rs Campo Mourao,410300,2024
PR,41008,8ª Rs Francisco Beltrao,410302,2024
PR,41005,5ª Rs Guarapuava,410304,2024
PR,41010,10ª Rs Cascavel,410305,2024
PR,41002,2ª Rs Metropolitana,410310,2024
PR,41008,8ª Rs Francisco Beltrao,410315,2024
PR,41016,16ª Rs Apucarana,410320,2024
PR,41007,7ª Rs Pato Branco,410322,2024
PR,41016,16ª Rs Apucarana,410330,2024
PR,41010,10ª Rs Cascavel,410335,2024
PR,41012,12ª Rs Umuarama,410337,2024
PR,41017,17ª Rs Londrina,410340,2024
PR,41010,10ª Rs Cascavel,410345,2024
PR,41012,12ª Rs Umuarama,410347,2024
PR,41016,16ª Rs Apucarana,410350,2024
PR,41019,19ª Rs Jacarezinho,410360,2024
PR,41017,17ª Rs Londrina,410370,2024
PR,41016,16ª Rs Apucarana,410380,2024
PR,41011,11ª Rs Campo Mourao,410390,2024
PR,41005,5ª Rs Guarapuava,410395,2024
PR,41002,2ª Rs Metropolitana,410400,2024
PR,41010,10ª Rs Cascavel,410405,2024
PR,41002,2ª Rs Metropolitana,410410,2024
PR,41002,2ª Rs Metropolitana,410420,2024
PR,41002,2ª Rs Metropolitana,410425,2024
PR,41011,11ª Rs Campo Mourao,410430,2024
PR,41022,22ª Rs Ivaipora,410440,2024
PR,41005,5ª Rs Guarapuava,410442,2024
PR,41005,5ª Rs Guarapuava,410445,2024
PR,41008,8ª Rs Francisco Beltrao,410450,2024
PR,41010,10ª Rs Cascavel,410460,2024
PR,41003,3ª Rs Ponta Grossa,410465,2024
PR,41019,19ª Rs Jacarezinho,410470,2024
PR,41010,10ª Rs Cascavel,410480,2024
PR,41003,3ª Rs Ponta Grossa,410490,2024
PR,41010,10ª Rs Cascavel,410500,2024
PR,41017,17ª Rs Londrina,410510,2024
PR,41002,2ª Rs Metropolitana,410520,2024
PR,41010,10ª Rs Cascavel,410530,2024
PR,41007,7ª Rs Pato Branco,410540,2024
PR,41013,13ª Rs Cianorte,410550,2024
PR,41013,13ª Rs Cianorte,410560,2024
PR,41007,7ª Rs Pato Branco,410570,2024
PR,41002,2ª Rs Metropolitana,410580,2024
PR,41015,15ª Rs Maringa,410590,2024
PR,41018,18ª Rs Cornelio Procopio,410600,2024
PR,41019,19ª Rs Jacarezinho,410610,2024
PR,41002,2ª Rs Metropolitana,410620,2024
PR,41010,10ª Rs Cascavel,410630,2024
PR,41018,18ª Rs Cornelio Procopio,410640,2024
PR,41007,7ª Rs Pato Branco,410645,2024
PR,41007,7ª Rs Pato Branco,410650,2024
PR,41011,11ª Rs Campo Mourao,410655,2024
PR,41006,6ª Rs Uniao da Vitoria,410680,2024
PR,41008,8ª Rs Francisco Beltrao,410657,2024
PR,41012,12ª Rs Umuarama,410660,2024
PR,41014,14ª Rs Paranavai,410670,2024
PR,41022,22ª Rs Ivaipora,410685,2024
PR,41002,2ª Rs Metropolitana,410690,2024
PR,41021,21ª Rs Telemaco Borba,410700,2024
PR,41020,20ª Rs Toledo,410715,2024
PR,41014,14ª Rs Paranavai,410710,2024
PR,41010,10ª Rs Cascavel,410712,2024
PR,41008,8ª Rs Francisco Beltrao,410720,2024
PR,41012,12ª Rs Umuarama,410725,2024
PR,41015,15ª Rs Maringa,410730,2024
PR,41002,2ª Rs Metropolitana,412863,2024
PR,41008,8ª Rs Francisco Beltrao,410740,2024
PR,41011,11ª Rs Campo Mourao,410750,2024
PR,41020,20ª Rs Toledo,410753,2024
PR,41012,12ª Rs Umuarama,410752,2024
PR,41010,10ª Rs Cascavel,410754,2024
PR,41011,11ª Rs Campo Mourao,410755,2024
PR,41016,16ª Rs Apucarana,410760,2024
PR,41002,2ª Rs Metropolitana,410765,2024
PR,41011,11ª Rs Campo Mourao,410770,2024
PR,41004,4ª Rs Irati,410773,2024
PR,41019,19ª Rs Jacarezinho,410775,2024
PR,41008,8ª Rs Francisco Beltrao,410785,2024
PR,41015,15ª Rs Maringa,410780,2024
PR,41015,15ª Rs Maringa,410790,2024
PR,41017,17ª Rs Londrina,410800,2024
PR,41015,15ª Rs Maringa,410810,2024
PR,41010,10ª Rs Cascavel,410820,2024
PR,41009,9ª Rs Foz do Iguacu,410830,2024
PR,41005,5ª Rs Guarapuava,410845,2024
PR,41012,12ª Rs Umuarama,410832,2024
PR,41008,8ª Rs Francisco Beltrao,410840,2024
PR,41006,6ª Rs Uniao da Vitoria,410850,2024
PR,41022,22ª Rs Ivaipora,410855,2024
PR,41011,11ª Rs Campo Mourao,410860,2024
PR,41005,5ª Rs Guarapuava,410865,2024
PR,41016,16ª Rs Apucarana,410870,2024
PR,41020,20ª Rs Toledo,410880,2024
PR,41014,14ª Rs Paranavai,410890,2024
PR,41004,4ª Rs Irati,410895,2024
PR,41019,19ª Rs Jacarezinho,410900,2024
PR,41013,13ª Rs Cianorte,410910,2024
PR,41017,17ª Rs Londrina,410920,2024
PR,41010,10ª Rs Cascavel,410930,2024
PR,41005,5ª Rs Guarapuava,410940,2024
PR,41001,1ª Rs Paranagua,410950,2024
PR,41001,1ª Rs Paranagua,410960,2024
PR,41007,7ª Rs Pato Branco,410965,2024
PR,41019,19ª Rs Jacarezinho,410970,2024
PR,41010,10ª Rs Cascavel,410975,2024
PR,41017,17ª Rs Londrina,410980,2024
PR,41012,12ª Rs Umuarama,410990,2024
PR,41015,15ª Rs Maringa,411000,2024
PR,41010,10ª Rs Cascavel,411005,2024
PR,41021,21ª Rs Telemaco Borba,411007,2024
PR,41004,4ª Rs Irati,411010,2024
PR,41004,4ª Rs Irati,411020,2024
PR,41014,14ª Rs Paranavai,411030,2024
PR,41013,13ª Rs Cianorte,411040,2024
PR,41003,3ª Rs Ponta Grossa,411050,2024
PR,41012,12ª Rs Umuarama,411060,2024
PR,41010,10ª Rs Cascavel,411065,2024
PR,41004,4ª Rs Irati,411070,2024
PR,41011,11ª Rs Campo Mourao,411080,2024
PR,41015,15ª Rs Maringa,411090,2024
PR,41009,9ª Rs Foz do Iguacu,411095,2024
PR,41018,18ª Rs Cornelio Procopio,411100,2024
PR,41015,15ª Rs Maringa,411110,2024
PR,41007,7ª Rs Pato Branco,411120,2024
PR,41002,2ª Rs Metropolitana,411125,2024
PR,41014,14ª Rs Paranavai,411130,2024
PR,41003,3ª Rs Ponta Grossa,411140,2024
PR,41022,22ª Rs Ivaipora,411150,2024
PR,41012,12ª Rs Umuarama,411155,2024
PR,41015,15ª Rs Maringa,411160,2024
PR,41019,19ª Rs Jacarezinho,411170,2024
PR,41019,19ª Rs Jacarezinho,411180,2024
PR,41017,17ª Rs Londrina,411190,2024
PR,41003,3ª Rs Ponta Grossa,411200,2024
PR,41016,16ª Rs Apucarana,411210,2024
PR,41011,11ª Rs Campo Mourao,411220,2024
PR,41019,19ª Rs Jacarezinho,411230,2024
PR,41013,13ª Rs Cianorte,411240,2024
PR,41022,22ª Rs Ivaipora,411250,2024
PR,41014,14ª Rs Paranavai,411260,2024
PR,41017,17ª Rs Londrina,411270,2024
PR,41010,10ª Rs Cascavel,411275,2024
PR,41019,19ª Rs Jacarezinho,411280,2024
PR,41019,19ª Rs Jacarezinho,411290,2024
PR,41011,11ª Rs Campo Mourao,411295,2024
PR,41013,13ª Rs Cianorte,411300,2024
PR,41016,16ª Rs Apucarana,411310,2024
PR,41002,2ª Rs Metropolitana,411320,2024
PR,41005,5ª Rs Guarapuava,411325,2024
PR,41005,5ª Rs Guarapuava,411330,2024
PR,41018,18ª Rs Cornelio Procopio,411340,2024
PR,41022,22ª Rs Ivaipora,411342,2024
PR,41010,10ª Rs Cascavel,411345,2024
PR,41014,14ª Rs Paranavai,411350,2024
PR,41015,15ª Rs Maringa,411360,2024
PR,41017,17ª Rs Londrina,411370,2024
PR,41011,11ª Rs Campo Mourao,411373,2024
PR,41022,22ª Rs Ivaipora,411375,2024
PR,41017,17ª Rs Londrina,411380,2024
PR,41004,4ª Rs Irati,411390,2024
PR,41011,11ª Rs Campo Mourao,411400,2024
PR,41015,15ª Rs Maringa,411410,2024
PR,41015,15ª Rs Maringa,411420,2024
PR,41002,2ª Rs Metropolitana,411430,2024
PR,41008,8ª Rs Francisco Beltrao,411435,2024
PR,41007,7ª Rs Pato Branco,411440,2024
PR,41022,22ª Rs Ivaipora,411450,2024
PR,41020,20ª Rs Toledo,411460,2024
PR,41012,12ª Rs Umuarama,411470,2024
PR,41015,15ª Rs Maringa,411480,2024
PR,41016,16ª Rs Apucarana,411490,2024
PR,41014,14ª Rs Paranavai,411500,2024
PR,41012,12ª Rs Umuarama,411510,2024
PR,41015,15ª Rs Maringa,411520,2024
PR,41007,7ª Rs Pato Branco,411530,2024
PR,41020,20ª Rs Toledo,411535,2024
PR,41008,8ª Rs Francisco Beltrao,411540,2024
PR,41005,5ª Rs Guarapuava,411545,2024
PR,41016,16ª Rs Apucarana,411550,2024
PR,41009,9ª Rs Foz do Iguacu,411560,2024
PR,41001,1ª Rs Paranagua,411570,2024
PR,41022,22ª Rs Ivaipora,411573,2024
PR,41016,16ª Rs Apucarana,411575,2024
PR,41009,9ª Rs Foz do Iguacu,411580,2024
PR,41020,20ª Rs Toledo,411585,2024
PR,41014,14ª Rs Paranavai,411590,2024
PR,41017,17ª Rs Londrina,411600,2024
PR,41009,9ª Rs Foz do Iguacu,411605,2024
PR,41011,11ª Rs Campo Mourao,411610,2024
PR,41001,1ª Rs Paranagua,411620,2024
PR,41015,15ª Rs Maringa,411630,2024
PR,41015,15ª Rs Maringa,411640,2024
PR,41014,14ª Rs Paranavai,411650,2024
PR,41018,18ª Rs Cornelio Procopio,411660,2024
PR,41010,10ª Rs Cascavel,411670,2024
PR,41011,11ª Rs Campo Mourao,411680,2024
PR,41015,15ª Rs Maringa,411690,2024
PR,41008,8ª Rs Francisco Beltrao,411695,2024
PR,41018,18ª Rs Cornelio Procopio,411700,2024
PR,41005,5ª Rs Guarapuava,411705,2024
PR,41014,14ª Rs Paranavai,411710,2024
PR,41012,12ª Rs Umuarama,411720,2024
PR,41008,8ª Rs Francisco Beltrao,411725,2024
PR,41018,18ª Rs Cornelio Procopio,411721,2024
PR,41020,20ª Rs Toledo,411722,2024
PR,41022,22ª Rs Ivaipora,411727,2024
PR,41016,16ª Rs Apucarana,411729,2024
PR,41021,21ª Rs Telemaco Borba,411730,2024
PR,41015,15ª Rs Maringa,411740,2024
PR,41020,20ª Rs Toledo,411745,2024
PR,41015,15ª Rs Maringa,411750,2024
PR,41007,7ª Rs Pato Branco,411760,2024
PR,41003,3ª Rs Ponta Grossa,411770,2024
PR,41005,5ª Rs Guarapuava,411780,2024
PR,41020,20ª Rs Toledo,411790,2024
PR,41014,14ª Rs Paranavai,411800,2024
PR,41015,15ª Rs Maringa,411810,2024
PR,41001,1ª Rs Paranagua,411820,2024
PR,41014,14ª Rs Paranavai,411830,2024
PR,41014,14ª Rs Paranavai,411840,2024
PR,41020,20ª Rs Toledo,411845,2024
PR,41007,7ª Rs Pato Branco,411850,2024
PR,41006,6ª Rs Uniao da Vitoria,411860,2024
PR,41006,6ª Rs Uniao da Vitoria,411870,2024
PR,41011,11ª Rs Campo Mourao,411880,2024
PR,41012,12ª Rs Umuarama,411885,2024
PR,41012,12ª Rs Umuarama,411890,2024
PR,41008,8ª Rs Francisco Beltrao,411900,2024
PR,41002,2ª Rs Metropolitana,411910,2024
PR,41002,2ª Rs Metropolitana,411915,2024
PR,41008,8ª Rs Francisco Beltrao,411925,2024
PR,41019,19ª Rs Jacarezinho,411920,2024
PR,41005,5ª Rs Guarapuava,411930,2024
PR,41003,3ª Rs Ponta Grossa,411940,2024
PR,41002,2ª Rs Metropolitana,411950,2024
PR,41005,5ª Rs Guarapuava,411960,2024
PR,41017,17ª Rs Londrina,411965,2024
PR,41014,14ª Rs Paranavai,411970,2024
PR,41008,8ª Rs Francisco Beltrao,411980,2024
PR,41003,3ª Rs Ponta Grossa,411990,2024
PR,41001,1ª Rs Paranagua,411995,2024
PR,41017,17ª Rs Londrina,412000,2024
PR,41003,3ª Rs Ponta Grossa,412010,2024
PR,41005,5ª Rs Guarapuava,412015,2024
PR,41014,14ª Rs Paranavai,412020,2024
PR,41006,6ª Rs Uniao da Vitoria,412030,2024
PR,41017,17ª Rs Londrina,412033,2024
PR,41008,8ª Rs Francisco Beltrao,412035,2024
PR,41015,15ª Rs Maringa,412040,2024
PR,41017,17ª Rs Londrina,412050,2024
PR,41005,5ª Rs Guarapuava,412060,2024
PR,41011,11ª Rs Campo Mourao,412065,2024
PR,41019,19ª Rs Jacarezinho,412070,2024
PR,41002,2ª Rs Metropolitana,412080,2024
PR,41020,20ª Rs Toledo,412085,2024
PR,41010,10ª Rs Cascavel,412090,2024
PR,41014,14ª Rs Paranavai,412100,2024
PR,41011,11ª Rs Campo Mourao,412110,2024
PR,41002,2ª Rs Metropolitana,412120,2024
PR,41009,9ª Rs Foz do Iguacu,412125,2024
PR,41018,18ª Rs Cornelio Procopio,412130,2024
PR,41011,11ª Rs Campo Mourao,412135,2024
PR,41008,8ª Rs Francisco Beltrao,412140,2024
PR,41004,4ª Rs Irati,412150,2024
PR,41008,8ª Rs Francisco Beltrao,412160,2024
PR,41021,21ª Rs Telemaco Borba,412170,2024
PR,41005,5ª Rs Guarapuava,412175,2024
PR,41019,19ª Rs Jacarezinho,412180,2024
PR,41018,18ª Rs Cornelio Procopio,412190,2024
PR,41004,4ª Rs Irati,412200,2024
PR,41016,16ª Rs Apucarana,412210,2024
PR,41005,5ª Rs Guarapuava,412215,2024
PR,41022,22ª Rs Ivaipora,412217,2024
PR,41002,2ª Rs Metropolitana,412220,2024
PR,41002,2ª Rs Metropolitana,412230,2024
PR,41017,17ª Rs Londrina,412240,2024
PR,41011,11ª Rs Campo Mourao,412250,2024
PR,41013,13ª Rs Cianorte,412260,2024
PR,41022,22ª Rs Ivaipora,412265,2024
PR,41016,16ª Rs Apucarana,412270,2024
PR,41008,8ª Rs Francisco Beltrao,412280,2024
PR,41019,19ª Rs Jacarezinho,412290,2024
PR,41008,8ª Rs Francisco Beltrao,412300,2024
PR,41018,18ª Rs Cornelio Procopio,412310,2024
PR,41018,18ª Rs Cornelio Procopio,412320,2024
PR,41014,14ª Rs Paranavai,412330,2024
PR,41015,15ª Rs Maringa,412340,2024
PR,41020,20ª Rs Toledo,412350,2024
PR,41015,15ª Rs Maringa,412360,2024
PR,41014,14ª Rs Paranavai,412370,2024
PR,41008,8ª Rs Francisco Beltrao,412380,2024
PR,41010,10ª Rs Cascavel,412382,2024
PR,41022,22ª Rs Ivaipora,412385,2024
PR,41018,18ª Rs Cornelio Procopio,412390,2024
PR,41014,14ª Rs Paranavai,412395,2024
PR,41010,10ª Rs Cascavel,412402,2024
PR,41009,9ª Rs Foz do Iguacu,412405,2024
PR,41019,19ª Rs Jacarezinho,412400,2024
PR,41019,19ª Rs Jacarezinho,412410,2024
PR,41014,14ª Rs Paranavai,412420,2024
PR,41018,18ª Rs Cornelio Procopio,412430,2024
PR,41008,8ª Rs Francisco Beltrao,412440,2024
PR,41015,15ª Rs Maringa,412450,2024
PR,41014,14ª Rs Paranavai,412460,2024
PR,41018,18ª Rs Cornelio Procopio,412470,2024
PR,41007,7ª Rs Pato Branco,412480,2024
PR,41014,14ª Rs Paranavai,412490,2024
PR,41022,22ª Rs Ivaipora,412500,2024
PR,41003,3ª Rs Ponta Grossa,412510,2024
PR,41008,8ª Rs Francisco Beltrao,412520,2024
PR,41015,15ª Rs Maringa,412530,2024
PR,41012,12ª Rs Umuarama,412535,2024
PR,41019,19ª Rs Jacarezinho,412540,2024
PR,41020,20ª Rs Toledo,412545,2024
PR,41002,2ª Rs Metropolitana,412550,2024
PR,41013,13ª Rs Cianorte,412555,2024
PR,41006,6ª Rs Uniao da Vitoria,412560,2024
PR,41009,9ª Rs Foz do Iguacu,412570,2024
PR,41020,20ª Rs Toledo,412575,2024
PR,41016,16ª Rs Apucarana,412580,2024
PR,41014,14ª Rs Paranavai,412590,2024
PR,41018,18ª Rs Cornelio Procopio,412600,2024
PR,41013,13ª Rs Cianorte,412610,2024
PR,41018,18ª Rs Cornelio Procopio,412620,2024
PR,41015,15ª Rs Maringa,412625,2024
PR,41007,7ª Rs Pato Branco,412627,2024
PR,41003,3ª Rs Ponta Grossa,412630,2024
PR,41009,9ª Rs Foz do Iguacu,412635,2024
PR,41018,18ª Rs Cornelio Procopio,412640,2024
PR,41017,17ª Rs Londrina,412650,2024
PR,41019,19ª Rs Jacarezinho,412660,2024
PR,41007,7ª Rs Pato Branco,412665,2024
PR,41017,17ª Rs Londrina,412667,2024
PR,41014,14ª Rs Paranavai,412670,2024
PR,41013,13ª Rs Cianorte,412680,2024
PR,41012,12ª Rs Umuarama,412690,2024
PR,41004,4ª Rs Irati,412700,2024
PR,41021,21ª Rs Telemaco Borba,412710,2024
PR,41011,11ª Rs Campo Mourao,412720,2024
PR,41014,14ª Rs Paranavai,412730,2024
PR,41020,20ª Rs Toledo,412740,2024
PR,41021,21ª Rs Telemaco Borba,412750,2024
PR,41002,2ª Rs Metropolitana,412760,2024
PR,41020,20ª Rs Toledo,412770,2024
PR,41019,19ª Rs Jacarezinho,412780,2024
PR,41010,10ª Rs Cascavel,412785,2024
PR,41002,2ª Rs Metropolitana,412788,2024
PR,41013,13ª Rs Cianorte,412790,2024
PR,41020,20ª Rs Toledo,412795,2024
PR,41005,5ª Rs Guarapuava,412796,2024
PR,41011,11ª Rs Campo Mourao,412800,2024
PR,41012,12ª Rs Umuarama,412810,2024
PR,41006,6ª Rs Uniao da Vitoria,412820,2024
PR,41015,15ª Rs Maringa,412830,2024
PR,41018,18ª Rs Cornelio Procopio,412840,2024
PR,41021,21ª Rs Telemaco Borba,412853,2024
PR,41010,10ª Rs Cascavel,412855,2024
PR,41008,8ª Rs Francisco Beltrao,412860,2024
PR,41005,5ª Rs Guarapuava,412865,2024
PR,41007,7ª Rs Pato Branco,412870,2024
PR,41019,19ª Rs Jacarezinho,412850,2024
PR,41012,12ª Rs Umuarama,412880,2024
RJ,33001,Baia da Ilha Grande,330010,2024
RJ,33007,Noroeste,330015,2024
RJ,33002,Baixada Litoranea,330020,2024
RJ,33003,Centro-Sul,330022,2024
RJ,33002,Baixada Litoranea,330023,2024
RJ,33002,Baixada Litoranea,330025,2024
RJ,33004,Medio Paraiba,330030,2024
RJ,33004,Medio Paraiba,330040,2024
RJ,33005,Metropolitana I,330045,2024
RJ,33009,Serrana,330050,2024
RJ,33007,Noroeste,330060,2024
RJ,33002,Baixada Litoranea,330070,2024
RJ,33009,Serrana,330080,2024
RJ,33007,Noroeste,330090,2024
RJ,33008,Norte,330100,2024
RJ,33009,Serrana,330110,2024
RJ,33008,Norte,330093,2024
RJ,33007,Noroeste,330115,2024
RJ,33009,Serrana,330120,2024
RJ,33002,Baixada Litoranea,330130,2024
RJ,33003,Centro-Sul,330095,2024
RJ,33008,Norte,330140,2024
RJ,33009,Serrana,330150,2024
RJ,33009,Serrana,330160,2024
RJ,33005,Metropolitana I,330170,2024
RJ,33003,Centro-Sul,330180,2024
RJ,33009,Serrana,330185,2024
RJ,33002,Baixada Litoranea,330187,2024
RJ,33006,Metropolitana II,330190,2024
RJ,33005,Metropolitana I,330200,2024
RJ,33007,Noroeste,330205,2024
RJ,33007,Noroeste,330210,2024
RJ,33007,Noroeste,330220,2024
RJ,33004,Medio Paraiba,330225,2024
RJ,33005,Metropolitana I,330227,2024
RJ,33007,Noroeste,330230,2024
RJ,33008,Norte,330240,2024
RJ,33009,Serrana,330245,2024
RJ,33005,Metropolitana I,330250,2024
RJ,33001,Baia da Ilha Grande,330260,2024
RJ,33006,Metropolitana II,330270,2024
RJ,33003,Centro-Sul,330280,2024
RJ,33005,Metropolitana I,330285,2024
RJ,33003,Centro-Sul,330290,2024
RJ,33007,Noroeste,330300,2024
RJ,33007,Noroeste,330310,2024
RJ,33005,Metropolitana I,330320,2024
RJ,33006,Metropolitana II,330330,2024
RJ,33009,Serrana,330340,2024
RJ,33005,Metropolitana I,330350,2024
RJ,33003,Centro-Sul,330360,2024
RJ,33003,Centro-Sul,330370,2024
RJ,33001,Baia da Ilha Grande,330380,2024
RJ,33003,Centro-Sul,330385,2024
RJ,33009,Serrana,330390,2024
RJ,33004,Medio Paraiba,330395,2024
RJ,33004,Medio Paraiba,330400,2024
RJ,33007,Noroeste,330410,2024
RJ,33004,Medio Paraiba,330411,2024
RJ,33004,Medio Paraiba,330412,2024
RJ,33005,Metropolitana I,330414,2024
RJ,33008,Norte,330415,2024
RJ,33004,Medio Paraiba,330420,2024
RJ,33006,Metropolitana II,330430,2024
RJ,33004,Medio Paraiba,330440,2024
RJ,33004,Medio Paraiba,330450,2024
RJ,33002,Baixada Litoranea,330452,2024
RJ,33005,Metropolitana I,330455,2024
RJ,33009,Serrana,330460,2024
RJ,33007,Noroeste,330470,2024
RJ,33008,Norte,330480,2024
RJ,33008,Norte,330475,2024
RJ,33006,Metropolitana II,330490,2024
RJ,33008,Norte,330500,2024
RJ,33005,Metropolitana I,330510,2024
RJ,33007,Noroeste,330513,2024
RJ,33009,Serrana,330515,2024
RJ,33002,Baixada Litoranea,330520,2024
RJ,33009,Serrana,330530,2024
RJ,33003,Centro-Sul,330540,2024
RJ,33002,Baixada Litoranea,330550,2024
RJ,33005,Metropolitana I,330555,2024
RJ,33006,Metropolitana II,330560,2024
RJ,33009,Serrana,330570,2024
RJ,33006,Metropolitana II,330575,2024
RJ,33009,Serrana,330580,2024
RJ,33009,Serrana,330590,2024
RJ,33003,Centro-Sul,330600,2024
RJ,33004,Medio Paraiba,330610,2024
RJ,33007,Noroeste,330615,2024
RJ,33003,Centro-Sul,330620,2024
RJ,33004,Medio Paraiba,330630,2024
RN,24004,4ª Regiao de Saude - Caico,240010,2024
RN,24008,8ª Regiao de Saude - Acu,240020,2024
RN,24003,3ª Regiao de Saude - Joao Camara,240030,2024
RN,24006,6ª Regiao de Saude - Pau dos Ferros,240040,2024
RN,24006,6ª Regiao de Saude - Pau dos Ferros,240050,2024
RN,24006,6ª Regiao de Saude - Pau dos Ferros,240060,2024
RN,24008,8ª Regiao de Saude - Acu,240070,2024
RN,24008,8ª Regiao de Saude - Acu,240080,2024
RN,24006,6ª Regiao de Saude - Pau dos Ferros,240090,2024
RN,24002,2ª Regiao de Saude - Mossoro,240100,2024
RN,24002,2ª Regiao de Saude - Mossoro,240110,2024
RN,24001,1ª Regiao de Saude - Sao Jose de Mipibu,240120,2024
RN,24002,2ª Regiao de Saude - Mossoro,240130,2024
RN,24001,1ª Regiao de Saude - Sao Jose de Mipibu,240140,2024
RN,24002,2ª Regiao de Saude - Mossoro,240145,2024
RN,24005,5ª Regiao de Saude - Santa Cruz,240150,2024
RN,24003,3ª Regiao de Saude - Joao Camara,240160,2024
RN,24004,4ª Regiao de Saude - Caico,240165,2024
RN,24005,5ª Regiao de Saude - Santa Cruz,240170,2024
RN,24001,1ª Regiao de Saude - Sao Jose de Mipibu,240180,2024
RN,24003,3ª Regiao de Saude - Joao Camara,240185,2024
RN,24003,3ª Regiao de Saude - Joao Camara,240190,2024
RN,24004,4ª Regiao de Saude - Caico,240200,2024
RN,24005,5ª Regiao de Saude - Santa Cruz,240210,2024
RN,24001,1ª Regiao de Saude - Sao Jose de Mipibu,240220,2024
RN,24002,2ª Regiao de Saude - Mossoro,240230,2024
RN,24004,4ª Regiao de Saude - Caico,240240,2024
RN,24008,8ª Regiao de Saude - Acu,240250,2024
RN,24003,3ª Regiao de Saude - Joao Camara,240260,2024
RN,24004,4ª Regiao de Saude - Caico,240270,2024
RN,24005,5ª Regiao de Saude - Santa Cruz,240280,2024
RN,24006,6ª Regiao de Saude - Pau dos Ferros,240290,2024
RN,24004,4ª Regiao de Saude - Caico,240300,2024
RN,24004,4ª Regiao de Saude - Caico,240310,2024
RN,24006,6ª Regiao de Saude - Pau dos Ferros,240320,2024
RN,24006,6ª Regiao de Saude - Pau dos Ferros,240330,2024
RN,24004,4ª Regiao de Saude - Caico,240340,2024
RN,24001,1ª Regiao de Saude - Sao Jose de Mipibu,240350,2024
RN,24007,7ª Regiao de Saude - Metropolitana,240360,2024
RN,24002,2ª Regiao de Saude - Mossoro,240370,2024
RN,24008,8ª Regiao de Saude - Acu,240375,2024
RN,24004,4ª Regiao de Saude - Caico,240380,2024
RN,24006,6ª Regiao de Saude - Pau dos Ferros,240390,2024
RN,24006,6ª Regiao de Saude - Pau dos Ferros,240400,2024
RN,24003,3ª Regiao de Saude - Joao Camara,240410,2024
RN,24001,1ª Regiao de Saude - Sao Jose de Mipibu,240420,2024
RN,24002,2ª Regiao de Saude - Mossoro,240430,2024
RN,24002,2ª Regiao de Saude - Mossoro,240440,2024
RN,24003,3ª Regiao de Saude - Joao Camara,240450,2024
RN,24003,3ª Regiao de Saude - Joao Camara,240460,2024
RN,24008,8ª Regiao de Saude - Acu,240470,2024
RN,24004,4ª Regiao de Saude - Caico,240480,2024
RN,24008,8ª Regiao de Saude - Acu,240485,2024
RN,24006,6ª Regiao de Saude - Pau dos Ferros,240490,2024
RN,24005,5ª Regiao de Saude - Santa Cruz,240500,2024
RN,24003,3ª Regiao de Saude - Joao Camara,240510,2024
RN,24002,2ª Regiao de Saude - Mossoro,240520,2024
RN,24005,5ª Regiao de Saude - Santa Cruz,240530,2024
RN,24005,5ª Regiao de Saude - Santa Cruz,240540,2024
RN,24003,3ª Regiao de Saude - Joao Camara,240550,2024
RN,24004,4ª Regiao de Saude - Caico,240560,2024
RN,24004,4ª Regiao de Saude - Caico,240570,2024
RN,24003,3ª Regiao de Saude - Joao Camara,240580,2024
RN,24006,6ª Regiao de Saude - Pau dos Ferros,240590,2024
RN,24006,6ª Regiao de Saude - Pau dos Ferros,240600,2024
RN,24004,4ª Regiao de Saude - Caico,240610,2024
RN,24001,1ª Regiao de Saude - Sao Jose de Mipibu,240615,2024
RN,24001,1ª Regiao de Saude - Sao Jose de Mipibu,240620,2024
RN,24001,1ª Regiao de Saude - Sao Jose de Mipibu,240630,2024
RN,24005,5ª Regiao de Saude - Santa Cruz,240640,2024
RN,24004,4ª Regiao de Saude - Caico,240650,2024
RN,24001,1ª Regiao de Saude - Sao Jose de Mipibu,240660,2024
RN,24003,3ª Regiao de Saude - Joao Camara,240670,2024
RN,24005,5ª Regiao de Saude - Santa Cruz,240680,2024
RN,24006,6ª Regiao de Saude - Pau dos Ferros,240690,2024
RN,24006,6ª Regiao de Saude - Pau dos Ferros,240700,2024
RN,24007,7ª Regiao de Saude - Metropolitana,240710,2024
RN,24003,3ª Regiao de Saude - Joao Camara,240720,2024
RN,24006,6ª Regiao de Saude - Pau dos Ferros,240725,2024
RN,24006,6ª Regiao de Saude - Pau dos Ferros,240730,2024
RN,24006,6ª Regiao de Saude - Pau dos Ferros,240740,2024
RN,24003,3ª Regiao de Saude - Joao Camara,240750,2024
RN,24002,2ª Regiao de Saude - Mossoro,240760,2024
RN,24001,1ª Regiao de Saude - Sao Jose de Mipibu,240770,2024
RN,24001,1ª Regiao de Saude - Sao Jose de Mipibu,240780,2024
RN,24001,1ª Regiao de Saude - Sao Jose de Mipibu,240790,2024
RN,24002,2ª Regiao de Saude - Mossoro,240800,2024
RN,24007,7ª Regiao de Saude - Metropolitana,240810,2024
RN,24001,1ª Regiao de Saude - Sao Jose de Mipibu,240820,2024
RN,24001,1ª Regiao de Saude - Sao Jose de Mipibu,240830,2024
RN,24006,6ª Regiao de Saude - Pau dos Ferros,240840,2024
RO,11003,Central,110012,2024
RN,24004,4ª Regiao de Saude - Caico,240850,2024
RN,24006,6ª Regiao de Saude - Pau dos Ferros,240860,2024
RN,24008,8ª Regiao de Saude - Acu,240870,2024
RN,24003,3ª Regiao de Saude - Joao Camara,240880,2024
RN,24004,4ª Regiao de Saude - Caico,240890,2024
RN,24007,7ª Regiao de Saude - Metropolitana,240325,2024
RN,24001,1ª Regiao de Saude - Sao Jose de Mipibu,240910,2024
RN,24001,1ª Regiao de Saude - Sao Jose de Mipibu,240920,2024
RN,24006,6ª Regiao de Saude - Pau dos Ferros,240930,2024
RN,24006,6ª Regiao de Saude - Pau dos Ferros,240940,2024
RN,24003,3ª Regiao de Saude - Joao Camara,240950,2024
RN,24003,3ª Regiao de Saude - Joao Camara,240960,2024
RN,24003,3ª Regiao de Saude - Joao Camara,240970,2024
RN,24001,1ª Regiao de Saude - Sao Jose de Mipibu,240980,2024
RN,24008,8ª Regiao de Saude - Acu,240990,2024
RN,24006,6ª Regiao de Saude - Pau dos Ferros,241000,2024
RN,24003,3ª Regiao de Saude - Joao Camara,241010,2024
RN,24006,6ª Regiao de Saude - Pau dos Ferros,241020,2024
RN,24008,8ª Regiao de Saude - Acu,241025,2024
RN,24003,3ª Regiao de Saude - Joao Camara,241040,2024
RN,24006,6ª Regiao de Saude - Pau dos Ferros,241050,2024
RN,24006,6ª Regiao de Saude - Pau dos Ferros,241060,2024
RN,24006,6ª Regiao de Saude - Pau dos Ferros,241070,2024
RN,24006,6ª Regiao de Saude - Pau dos Ferros,241080,2024
RN,24003,3ª Regiao de Saude - Joao Camara,241090,2024
RN,24003,3ª Regiao de Saude - Joao Camara,240895,2024
RN,24006,6ª Regiao de Saude - Pau dos Ferros,241100,2024
RN,24005,5ª Regiao de Saude - Santa Cruz,241110,2024
RN,24005,5ª Regiao de Saude - Santa Cruz,241120,2024
RN,24005,5ª Regiao de Saude - Santa Cruz,240933,2024
RN,24004,4ª Regiao de Saude - Caico,241140,2024
RN,24004,4ª Regiao de Saude - Caico,241142,2024
RN,24001,1ª Regiao de Saude - Sao Jose de Mipibu,241150,2024
RN,24003,3ª Regiao de Saude - Joao Camara,241160,2024
RN,24005,5ª Regiao de Saude - Santa Cruz,241170,2024
RN,24004,4ª Regiao de Saude - Caico,241180,2024
RN,24006,6ª Regiao de Saude - Pau dos Ferros,241190,2024
RN,24007,7ª Regiao de Saude - Metropolitana,241200,2024
RN,24004,4ª Regiao de Saude - Caico,241210,2024
RN,24001,1ª Regiao de Saude - Sao Jose de Mipibu,241220,2024
RN,24005,5ª Regiao de Saude - Santa Cruz,241230,2024
RN,24004,4ª Regiao de Saude - Caico,241240,2024
RN,24006,6ª Regiao de Saude - Pau dos Ferros,241250,2024
RN,24003,3ª Regiao de Saude - Joao Camara,241255,2024
RN,24005,5ª Regiao de Saude - Santa Cruz,241260,2024
RN,24005,5ª Regiao de Saude - Santa Cruz,241270,2024
RN,24008,8ª Regiao de Saude - Acu,241280,2024
RN,24005,5ª Regiao de Saude - Santa Cruz,241290,2024
RN,24004,4ª Regiao de Saude - Caico,241300,2024
RN,24005,5ª Regiao de Saude - Santa Cruz,241310,2024
RN,24001,1ª Regiao de Saude - Sao Jose de Mipibu,241320,2024
RN,24005,5ª Regiao de Saude - Santa Cruz,241030,2024
RN,24001,1ª Regiao de Saude - Sao Jose de Mipibu,241330,2024
RN,24002,2ª Regiao de Saude - Mossoro,241335,2024
RN,24004,4ª Regiao de Saude - Caico,241340,2024
RN,24001,1ª Regiao de Saude - Sao Jose de Mipibu,241350,2024
RN,24006,6ª Regiao de Saude - Pau dos Ferros,241355,2024
RN,24006,6ª Regiao de Saude - Pau dos Ferros,241360,2024
RN,24005,5ª Regiao de Saude - Santa Cruz,241370,2024
RN,24006,6ª Regiao de Saude - Pau dos Ferros,241380,2024
RN,24003,3ª Regiao de Saude - Joao Camara,241390,2024
RN,24005,5ª Regiao de Saude - Santa Cruz,241400,2024
RN,24006,6ª Regiao de Saude - Pau dos Ferros,241410,2024
RN,24004,4ª Regiao de Saude - Caico,241415,2024
RN,24002,2ª Regiao de Saude - Mossoro,241105,2024
RN,24001,1ª Regiao de Saude - Sao Jose de Mipibu,241420,2024
RN,24004,4ª Regiao de Saude - Caico,241430,2024
RN,24003,3ª Regiao de Saude - Joao Camara,241440,2024
RN,24008,8ª Regiao de Saude - Acu,241445,2024
RN,24006,6ª Regiao de Saude - Pau dos Ferros,241450,2024
RN,24002,2ª Regiao de Saude - Mossoro,241460,2024
RN,24001,1ª Regiao de Saude - Sao Jose de Mipibu,241470,2024
RN,24006,6ª Regiao de Saude - Pau dos Ferros,241475,2024
RN,24001,1ª Regiao de Saude - Sao Jose de Mipibu,241480,2024
RN,24006,6ª Regiao de Saude - Pau dos Ferros,241490,2024
RN,24001,1ª Regiao de Saude - Sao Jose de Mipibu,241500,2024
RO,11005,Zona da Mata,110001,2024
RO,11005,Zona da Mata,110037,2024
RO,11001,Vale do Jamari,110040,2024
RO,11003,Central,110034,2024
RO,11001,Vale do Jamari,110002,2024
RO,11001,Vale do Jamari,110045,2024
RO,11006,Cone Sul,110003,2024
RO,11001,Vale do Jamari,110060,2024
RO,11002,Cafe,110004,2024
RO,11001,Vale do Jamari,110070,2024
RO,11004,Madeira-Mamore,110080,2024
RO,11005,Zona da Mata,110090,2024
RO,11006,Cone Sul,110005,2024
RO,11006,Cone Sul,110092,2024
RO,11006,Cone Sul,110006,2024
RO,11006,Cone Sul,110007,2024
RO,11007,Vale do Guapore,110008,2024
RO,11001,Vale do Jamari,110094,2024
RO,11002,Cafe,110009,2024
RO,11003,Central,110100,2024
RO,11004,Madeira-Mamore,110010,2024
RO,11004,Madeira-Mamore,110110,2024
RO,11003,Central,110011,2024
RO,11001,Vale do Jamari,110013,2024
RO,11002,Cafe,110120,2024
RO,11003,Central,110130,2024
RO,11001,Vale do Jamari,110140,2024
RO,11005,Zona da Mata,110014,2024
RO,11004,Madeira-Mamore,110033,2024
RO,11003,Central,110143,2024
RO,11005,Zona da Mata,110050,2024
RO,11003,Central,110015,2024
RO,11005,Zona da Mata,110145,2024
RO,11002,Cafe,110018,2024
RO,11006,Cone Sul,110146,2024
RO,11004,Madeira-Mamore,110020,2024
RO,11003,Central,110025,2024
RO,11002,Cafe,110147,2024
RO,11001,Vale do Jamari,110026,2024
RO,11005,Zona da Mata,110028,2024
RO,11005,Zona da Mata,110029,2024
RO,11002,Cafe,110148,2024
RO,11007,Vale do Guapore,110149,2024
RO,11003,Central,110032,2024
RO,11007,Vale do Guapore,110150,2024
RO,11003,Central,110155,2024
RO,11003,Central,110160,2024
RO,11003,Central,110170,2024
RO,11003,Central,110175,2024
RO,11003,Central,110180,2024
RO,11006,Cone Sul,110030,2024
RR,14001,Centro Norte,140005,2024
RR,14001,Centro Norte,140002,2024
RR,14001,Centro Norte,140010,2024
RR,14001,Centro Norte,140015,2024
RR,14001,Centro Norte,140017,2024
RR,14002,Sul,140020,2024
RR,14002,Sul,140023,2024
RR,14002,Sul,140028,2024
RR,14001,Centro Norte,140030,2024
RR,14001,Centro Norte,140040,2024
RR,14001,Centro Norte,140045,2024
RR,14002,Sul,140047,2024
RR,14002,Sul,140050,2024
RR,14002,Sul,140060,2024
RR,14001,Centro Norte,140070,2024
RS,43022,Regiao 22,430003,2024
RS,43018,Regiao 18,430005,2024
RS,43001,Regiao 01,430010,2024
RS,43013,Regiao 13,430020,2024
RS,43014,Regiao 14,430030,2024
RS,43003,Regiao 03,430040,2024
RS,43014,Regiao 14,430045,2024
RS,43017,Regiao 17 - Planalto,430047,2024
RS,43015,Regiao 15 - Caminho das Aguas,430050,2024
RS,43019,Regiao 19,430055,2024
RS,43026,Regiao 26,430057,2024
RS,43010,Regiao 10,430060,2024
RS,43021,Regiao 21,430063,2024
RS,43015,Regiao 15 - Caminho das Aguas,430064,2024
RS,43018,Regiao 18,430066,2024
RS,43029,Regiao 29,430070,2024
RS,43026,Regiao 26,430080,2024
RS,43009,Regiao 09,430085,2024
RS,43007,Regiao 07,430087,2024
RS,43016,Regiao 16,430090,2024
RS,43029,Regiao 29,430100,2024
RS,43021,Regiao 21,430107,2024
RS,43004,Regiao 04,430105,2024
RS,43027,Regiao 27,430120,2024
RS,43009,Regiao 09,430110,2024
RS,43021,Regiao 21,430130,2024
RS,43019,Regiao 19,430140,2024
RS,43013,Regiao 13,430150,2024
RS,43016,Regiao 16,430155,2024
RS,43022,Regiao 22,430160,2024
RS,43005,Regiao 05,430163,2024
RS,43008,Regiao 08,430165,2024
RS,43016,Regiao 16,430170,2024
RS,43009,Regiao 09,430175,2024
RS,43015,Regiao 15 - Caminho das Aguas,430185,2024
RS,43003,Regiao 03,430187,2024
RS,43009,Regiao 09,430190,2024
RS,43016,Regiao 16,430192,2024
RS,43020,Regiao 20 - Rota da Producao,430195,2024
RS,43018,Regiao 18,430180,2024
RS,43019,Regiao 19,430200,2024
RS,43016,Regiao 16,430205,2024
RS,43025,Regiao 25,430210,2024
RS,43020,Regiao 20 - Rota da Producao,430215,2024
RS,43014,Regiao 14,430220,2024
RS,43012,Regiao 12,430222,2024
RS,43012,Regiao 12,430223,2024
RS,43025,Regiao 25,430225,2024
RS,43024,Regiao 24,430230,2024
RS,43026,Regiao 26,430235,2024
RS,43015,Regiao 15 - Caminho das Aguas,430237,2024
RS,43030,Regiao 30,430240,2024
RS,43029,Regiao 29,430245,2024
RS,43011,Regiao 11,430250,2024
RS,43013,Regiao 13,430258,2024
RS,43020,Regiao 20 - Rota da Producao,430260,2024
RS,43008,Regiao 08,430265,2024
RS,43009,Regiao 09,430270,2024
RS,43027,Regiao 27,430280,2024
RS,43002,Regiao 02,430290,2024
RS,43027,Regiao 27,430300,2024
RS,43010,Regiao 10,430310,2024
RS,43018,Regiao 18,430320,2024
RS,43011,Regiao 11,430330,2024
RS,43015,Regiao 15 - Caminho das Aguas,430340,2024
RS,43009,Regiao 09,430350,2024
RS,43017,Regiao 17 - Planalto,430355,2024
RS,43006,Regiao 06 - Vale do Paranhana e Costa Serra,430360,2024
RS,43024,Regiao 24,430367,2024
RS,43014,Regiao 14,430370,2024
RS,43016,Regiao 16,430380,2024
RS,43007,Regiao 07,430390,2024
RS,43013,Regiao 13,430400,2024
RS,43019,Regiao 19,430410,2024
RS,43028,Regiao 28,430420,2024
RS,43014,Regiao 14,430430,2024
RS,43022,Regiao 22,430435,2024
RS,43023,Regiao 23,430440,2024
RS,43021,Regiao 21,430450,2024
RS,43008,Regiao 08,430460,2024
RS,43029,Regiao 29,430461,2024
RS,43018,Regiao 18,430462,2024
RS,43004,Regiao 04,430463,2024
RS,43002,Regiao 02,430465,2024
RS,43021,Regiao 21,430466,2024
RS,43008,Regiao 08,430468,2024
RS,43029,Regiao 29,430469,2024
RS,43005,Regiao 05,430467,2024
RS,43005,Regiao 05,430471,2024
RS,43017,Regiao 17 - Planalto,430470,2024
RS,43025,Regiao 25,430480,2024
RS,43016,Regiao 16,430485,2024
RS,43017,Regiao 17 - Planalto,430490,2024
RS,43018,Regiao 18,430495,2024
RS,43013,Regiao 13,430500,2024
RS,43023,Regiao 23,430510,2024
RS,43016,Regiao 16,430511,2024
RS,43021,Regiao 21,430512,2024
RS,43027,Regiao 27,430513,2024
RS,43020,Regiao 20 - Rota da Producao,430515,2024
RS,43009,Regiao 09,430517,2024
RS,43011,Regiao 11,430520,2024
RS,43020,Regiao 20 - Rota da Producao,430530,2024
RS,43009,Regiao 09,430535,2024
RS,43016,Regiao 16,430537,2024
RS,43013,Regiao 13,430540,2024
RS,43021,Regiao 21,430543,2024
RS,43009,Regiao 09,430544,2024
RS,43005,Regiao 05,430545,2024
RS,43017,Regiao 17 - Planalto,430550,2024
RS,43030,Regiao 30,430558,2024
RS,43012,Regiao 12,430560,2024
RS,43013,Regiao 13,430570,2024
RS,43020,Regiao 20 - Rota da Producao,430580,2024
RS,43029,Regiao 29,430583,2024
RS,43017,Regiao 17 - Planalto,430585,2024
RS,43013,Regiao 13,430587,2024
RS,43020,Regiao 20 - Rota da Producao,430590,2024
RS,43025,Regiao 25,430593,2024
RS,43025,Regiao 25,430595,2024
RS,43017,Regiao 17 - Planalto,430597,2024
RS,43013,Regiao 13,430600,2024
RS,43009,Regiao 09,430605,2024
RS,43015,Regiao 15 - Caminho das Aguas,430607,2024
RS,43012,Regiao 12,430610,2024
RS,43016,Regiao 16,430613,2024
RS,43029,Regiao 29,430620,2024
RS,43017,Regiao 17 - Planalto,430630,2024
RS,43015,Regiao 15 - Caminho das Aguas,430632,2024
RS,43011,Regiao 11,430635,2024
RS,43001,Regiao 01,430637,2024
RS,43007,Regiao 07,430640,2024
RS,43020,Regiao 20 - Rota da Producao,430642,2024
RS,43029,Regiao 29,430645,2024
RS,43009,Regiao 09,430650,2024
RS,43022,Regiao 22,430660,2024
RS,43004,Regiao 04,430655,2024
RS,43001,Regiao 01,430670,2024
RS,43014,Regiao 14,430673,2024
RS,43029,Regiao 29,430675,2024
RS,43009,Regiao 09,430676,2024
RS,43029,Regiao 29,430680,2024
RS,43027,Regiao 27,430690,2024
RS,43020,Regiao 20 - Rota da Producao,430692,2024
RS,43016,Regiao 16,430695,2024
RS,43011,Regiao 11,430693,2024
RS,43016,Regiao 16,430697,2024
RS,43016,Regiao 16,430700,2024
RS,43017,Regiao 17 - Planalto,430705,2024
RS,43016,Regiao 16,430720,2024
RS,43015,Regiao 15 - Caminho das Aguas,430730,2024
RS,43024,Regiao 24,430740,2024
RS,43015,Regiao 15 - Caminho das Aguas,430745,2024
RS,43019,Regiao 19,430750,2024
RS,43016,Regiao 16,430755,2024
RS,43007,Regiao 07,430760,2024
RS,43008,Regiao 08,430770,2024
RS,43030,Regiao 30,430780,2024
RS,43027,Regiao 27,430781,2024
RS,43011,Regiao 11,430783,2024
RS,43025,Regiao 25,430786,2024
RS,43026,Regiao 26,430790,2024
RS,43001,Regiao 01,430800,2024
RS,43016,Regiao 16,430805,2024
RS,43030,Regiao 30,430807,2024
RS,43026,Regiao 26,430810,2024
RS,43026,Regiao 26,430820,2024
RS,43016,Regiao 16,430825,2024
RS,43019,Regiao 19,430830,2024
RS,43001,Regiao 01,430840,2024
RS,43029,Regiao 29,430843,2024
RS,43012,Regiao 12,430845,2024
RS,43015,Regiao 15 - Caminho das Aguas,430850,2024
RS,43025,Regiao 25,430860,2024
RS,43011,Regiao 11,430865,2024
RS,43016,Regiao 16,430870,2024
RS,43009,Regiao 09,430880,2024
RS,43017,Regiao 17 - Planalto,430885,2024
RS,43016,Regiao 16,430890,2024
RS,43014,Regiao 14,430900,2024
RS,43010,Regiao 10,430905,2024
RS,43023,Regiao 23,430910,2024
RS,43020,Regiao 20 - Rota da Producao,430912,2024
RS,43028,Regiao 28,430915,2024
RS,43010,Regiao 10,430920,2024
RS,43025,Regiao 25,430925,2024
RS,43009,Regiao 09,430930,2024
RS,43025,Regiao 25,430940,2024
RS,43011,Regiao 11,430950,2024
RS,43008,Regiao 08,430955,2024
RS,43021,Regiao 21,430710,2024
RS,43028,Regiao 28,430957,2024
RS,43014,Regiao 14,430960,2024
RS,43022,Regiao 22,430965,2024
RS,43013,Regiao 13,430970,2024
RS,43027,Regiao 27,430975,2024
RS,43018,Regiao 18,430980,2024
RS,43018,Regiao 18,430990,2024
RS,43019,Regiao 19,430995,2024
RS,43012,Regiao 12,431000,2024
RS,43006,Regiao 06 - Vale do Paranhana e Costa Serra,431010,2024
RS,43013,Regiao 13,431020,2024
RS,43029,Regiao 29,431030,2024
RS,43005,Regiao 05,431033,2024
RS,43030,Regiao 30,431036,2024
RS,43014,Regiao 14,431040,2024
RS,43013,Regiao 13,431041,2024
RS,43026,Regiao 26,431043,2024
RS,43016,Regiao 16,431046,2024
RS,43015,Regiao 15 - Caminho das Aguas,431050,2024
RS,43001,Regiao 01,431053,2024
RS,43002,Regiao 02,431055,2024
RS,43019,Regiao 19,431057,2024
RS,43003,Regiao 03,431060,2024
RS,43004,Regiao 04,431065,2024
RS,43016,Regiao 16,431070,2024
RS,43001,Regiao 01,431075,2024
RS,43007,Regiao 07,431080,2024
RS,43020,Regiao 20 - Rota da Producao,431085,2024
RS,43012,Regiao 12,431087,2024
RS,43016,Regiao 16,431090,2024
RS,43021,Regiao 21,431100,2024
RS,43002,Regiao 02,431110,2024
RS,43024,Regiao 24,431112,2024
RS,43002,Regiao 02,431113,2024
RS,43013,Regiao 13,431115,2024
RS,43001,Regiao 01,431120,2024
RS,43027,Regiao 27,431123,2024
RS,43017,Regiao 17 - Planalto,431127,2024
RS,43018,Regiao 18,431130,2024
RS,43019,Regiao 19,431125,2024
RS,43029,Regiao 29,431140,2024
RS,43020,Regiao 20 - Rota da Producao,431142,2024
RS,43022,Regiao 22,431150,2024
RS,43015,Regiao 15 - Caminho das Aguas,431160,2024
RS,43007,Regiao 07,431162,2024
RS,43023,Regiao 23,431164,2024
RS,43003,Regiao 03,431171,2024
RS,43018,Regiao 18,431170,2024
RS,43004,Regiao 04,431173,2024
RS,43003,Regiao 03,431175,2024
RS,43004,Regiao 04,431177,2024
RS,43008,Regiao 08,431179,2024
RS,43017,Regiao 17 - Planalto,431180,2024
RS,43016,Regiao 16,431190,2024
RS,43009,Regiao 09,431198,2024
RS,43016,Regiao 16,431200,2024
RS,43029,Regiao 29,431205,2024
RS,43002,Regiao 02,431210,2024
RS,43017,Regiao 17 - Planalto,431213,2024
RS,43028,Regiao 28,431215,2024
RS,43011,Regiao 11,431217,2024
RS,43018,Regiao 18,431220,2024
RS,43009,Regiao 09,431225,2024
RS,43020,Regiao 20 - Rota da Producao,431230,2024
RS,43017,Regiao 17 - Planalto,431235,2024
RS,43024,Regiao 24,431237,2024
RS,43025,Regiao 25,431238,2024
RS,43008,Regiao 08,431240,2024
RS,43019,Regiao 19,431242,2024
RS,43004,Regiao 04,431244,2024
RS,43021,Regiao 21,431245,2024
RS,43007,Regiao 07,431247,2024
RS,43005,Regiao 05,431250,2024
RS,43029,Regiao 29,431260,2024
RS,43024,Regiao 24,431261,2024
RS,43017,Regiao 17 - Planalto,431262,2024
RS,43017,Regiao 17 - Planalto,431265,2024
RS,43017,Regiao 17 - Planalto,431267,2024
RS,43016,Regiao 16,431270,2024
RS,43017,Regiao 17 - Planalto,431275,2024
RS,43025,Regiao 25,431280,2024
RS,43025,Regiao 25,431290,2024
RS,43020,Regiao 20 - Rota da Producao,431295,2024
RS,43029,Regiao 29,431300,2024
RS,43014,Regiao 14,431301,2024
RS,43002,Regiao 02,431303,2024
RS,43007,Regiao 07,431306,2024
RS,43026,Regiao 26,431308,2024
RS,43001,Regiao 01,431310,2024
RS,43023,Regiao 23,431320,2024
RS,43025,Regiao 25,431330,2024
RS,43013,Regiao 13,431333,2024
RS,43026,Regiao 26,431335,2024
RS,43008,Regiao 08,431337,2024
RS,43020,Regiao 20 - Rota da Producao,431349,2024
RS,43027,Regiao 27,431339,2024
RS,43007,Regiao 07,431340,2024
RS,43014,Regiao 14,431342,2024
RS,43015,Regiao 15 - Caminho das Aguas,431344,2024
RS,43020,Regiao 20 - Rota da Producao,431346,2024
RS,43005,Regiao 05,431350,2024
RS,43018,Regiao 18,431360,2024
RS,43005,Regiao 05,431365,2024
RS,43020,Regiao 20 - Rota da Producao,431370,2024
RS,43015,Regiao 15 - Caminho das Aguas,431380,2024
RS,43013,Regiao 13,431390,2024
RS,43028,Regiao 28,431395,2024
RS,43025,Regiao 25,431400,2024
RS,43001,Regiao 01,431402,2024
RS,43008,Regiao 08,431403,2024
RS,43006,Regiao 06 - Vale do Paranhana e Costa Serra,431405,2024
RS,43027,Regiao 27,431406,2024
RS,43028,Regiao 28,431407,2024
RS,43017,Regiao 17 - Planalto,431410,2024
RS,43016,Regiao 16,431413,2024
RS,43030,Regiao 30,431415,2024
RS,43021,Regiao 21,431417,2024
RS,43021,Regiao 21,431420,2024
RS,43013,Regiao 13,431430,2024
RS,43021,Regiao 21,431440,2024
RS,43023,Regiao 23,431442,2024
RS,43015,Regiao 15 - Caminho das Aguas,431445,2024
RS,43024,Regiao 24,431446,2024
RS,43001,Regiao 01,431447,2024
RS,43015,Regiao 15 - Caminho das Aguas,431449,2024
RS,43021,Regiao 21,431450,2024
RS,43025,Regiao 25,431454,2024
RS,43011,Regiao 11,431455,2024
RS,43021,Regiao 21,431460,2024
RS,43015,Regiao 15 - Caminho das Aguas,431470,2024
RS,43030,Regiao 30,431475,2024
RS,43017,Regiao 17 - Planalto,431477,2024
RS,43016,Regiao 16,431478,2024
RS,43007,Regiao 07,431480,2024
RS,43010,Regiao 10,431490,2024
RS,43014,Regiao 14,431500,2024
RS,43014,Regiao 14,431505,2024
RS,43014,Regiao 14,431507,2024
RS,43011,Regiao 11,431510,2024
RS,43029,Regiao 29,431513,2024
RS,43007,Regiao 07,431514,2024
RS,43029,Regiao 29,431515,2024
RS,43025,Regiao 25,431517,2024
RS,43029,Regiao 29,431520,2024
RS,43003,Regiao 03,431530,2024
RS,43016,Regiao 16,431531,2024
RS,43001,Regiao 01,431532,2024
RS,43012,Regiao 12,431535,2024
RS,43020,Regiao 20 - Rota da Producao,431540,2024
RS,43029,Regiao 29,431545,2024
RS,43001,Regiao 01,431550,2024
RS,43016,Regiao 16,431555,2024
RS,43021,Regiao 21,431560,2024
RS,43028,Regiao 28,431570,2024
RS,43006,Regiao 06 - Vale do Paranhana e Costa Serra,431575,2024
RS,43029,Regiao 29,431580,2024
RS,43015,Regiao 15 - Caminho das Aguas,431590,2024
RS,43011,Regiao 11,431595,2024
RS,43006,Regiao 06 - Vale do Paranhana e Costa Serra,431600,2024
RS,43020,Regiao 20 - Rota da Producao,431610,2024
RS,43020,Regiao 20 - Rota da Producao,431620,2024
RS,43011,Regiao 11,431630,2024
RS,43003,Regiao 03,431640,2024
RS,43020,Regiao 20 - Rota da Producao,431642,2024
RS,43012,Regiao 12,431643,2024
RS,43012,Regiao 12,431645,2024
RS,43011,Regiao 11,431647,2024
RS,43008,Regiao 08,431650,2024
RS,43018,Regiao 18,431660,2024
RS,43003,Regiao 03,431710,2024
RS,43012,Regiao 12,431670,2024
RS,43018,Regiao 18,431673,2024
RS,43029,Regiao 29,431675,2024
RS,43028,Regiao 28,431680,2024
RS,43003,Regiao 03,431697,2024
RS,43001,Regiao 01,431690,2024
RS,43007,Regiao 07,431695,2024
RS,43014,Regiao 14,431720,2024
RS,43025,Regiao 25,431725,2024
RS,43021,Regiao 21,431730,2024
RS,43021,Regiao 21,431700,2024
RS,43002,Regiao 02,431740,2024
RS,43011,Regiao 11,431750,2024
RS,43005,Regiao 05,431760,2024
RS,43011,Regiao 11,431770,2024
RS,43017,Regiao 17 - Planalto,431755,2024
RS,43017,Regiao 17 - Planalto,431775,2024
RS,43013,Regiao 13,431780,2024
RS,43014,Regiao 14,431790,2024
RS,43018,Regiao 18,431795,2024
RS,43011,Regiao 11,431800,2024
RS,43017,Regiao 17 - Planalto,431805,2024
RS,43002,Regiao 02,431810,2024
RS,43006,Regiao 06 - Vale do Paranhana e Costa Serra,431820,2024
RS,43003,Regiao 03,431830,2024
RS,43009,Regiao 09,431840,2024
RS,43018,Regiao 18,431842,2024
RS,43001,Regiao 01,431843,2024
RS,43025,Regiao 25,431844,2024
RS,43020,Regiao 20 - Rota da Producao,431845,2024
RS,43029,Regiao 29,431846,2024
RS,43007,Regiao 07,431848,2024
RS,43014,Regiao 14,431849,2024
RS,43021,Regiao 21,431850,2024
RS,43018,Regiao 18,431860,2024
RS,43008,Regiao 08,431861,2024
RS,43024,Regiao 24,431862,2024
RS,43007,Regiao 07,431870,2024
RS,43021,Regiao 21,431880,2024
RS,43011,Regiao 11,431890,2024
RS,43026,Regiao 26,431900,2024
RS,43013,Regiao 13,431910,2024
RS,43001,Regiao 01,431912,2024
RS,43011,Regiao 11,431915,2024
RS,43011,Regiao 11,431920,2024
RS,43014,Regiao 14,431930,2024
RS,43008,Regiao 08,431935,2024
RS,43020,Regiao 20 - Rota da Producao,431936,2024
RS,43011,Regiao 11,431937,2024
RS,43001,Regiao 01,431940,2024
RS,43008,Regiao 08,431950,2024
RS,43001,Regiao 01,431960,2024
RS,43016,Regiao 16,431970,2024
RS,43029,Regiao 29,431971,2024
RS,43013,Regiao 13,431973,2024
RS,43026,Regiao 26,431975,2024
RS,43002,Regiao 02,431980,2024
RS,43007,Regiao 07,431990,2024
RS,43008,Regiao 08,432000,2024
RS,43020,Regiao 20 - Rota da Producao,432010,2024
RS,43015,Regiao 15 - Caminho das Aguas,432020,2024
RS,43013,Regiao 13,432023,2024
RS,43027,Regiao 27,432026,2024
RS,43012,Regiao 12,432030,2024
RS,43014,Regiao 14,432032,2024
RS,43009,Regiao 09,432035,2024
RS,43017,Regiao 17 - Planalto,432040,2024
RS,43029,Regiao 29,432045,2024
RS,43017,Regiao 17 - Planalto,432050,2024
RS,43009,Regiao 09,432055,2024
RS,43011,Regiao 11,432057,2024
RS,43016,Regiao 16,432060,2024
RS,43001,Regiao 01,432065,2024
RS,43028,Regiao 28,432067,2024
RS,43027,Regiao 27,432070,2024
RS,43019,Regiao 19,432080,2024
RS,43008,Regiao 08,432085,2024
RS,43018,Regiao 18,432090,2024
RS,43019,Regiao 19,432100,2024
RS,43009,Regiao 09,432110,2024
RS,43006,Regiao 06 - Vale do Paranhana e Costa Serra,432120,2024
RS,43030,Regiao 30,432130,2024
RS,43015,Regiao 15 - Caminho das Aguas,432132,2024
RS,43005,Regiao 05,432135,2024
RS,43015,Regiao 15 - Caminho das Aguas,432140,2024
RS,43004,Regiao 04,432143,2024
RS,43030,Regiao 30,432145,2024
RS,43019,Regiao 19,432146,2024
RS,43015,Regiao 15 - Caminho das Aguas,432147,2024
RS,43001,Regiao 01,432149,2024
RS,43004,Regiao 04,432150,2024
RS,43005,Regiao 05,432160,2024
RS,43029,Regiao 29,432162,2024
RS,43016,Regiao 16,432163,2024
RS,43004,Regiao 04,432166,2024
RS,43006,Regiao 06 - Vale do Paranhana e Costa Serra,432170,2024
RS,43014,Regiao 14,432180,2024
RS,43004,Regiao 04,432183,2024
RS,43020,Regiao 20 - Rota da Producao,432185,2024
RS,43015,Regiao 15 - Caminho das Aguas,432190,2024
RS,43020,Regiao 20 - Rota da Producao,432195,2024
RS,43008,Regiao 08,432200,2024
RS,43014,Regiao 14,432210,2024
RS,43019,Regiao 19,432215,2024
RS,43018,Regiao 18,432218,2024
RS,43001,Regiao 01,432220,2024
RS,43008,Regiao 08,432225,2024
RS,43014,Regiao 14,432230,2024
RS,43021,Regiao 21,432232,2024
RS,43011,Regiao 11,432234,2024
RS,43025,Regiao 25,432235,2024
RS,43002,Regiao 02,432237,2024
RS,43003,Regiao 03,432240,2024
RS,43024,Regiao 24,432250,2024
RS,43028,Regiao 28,432253,2024
RS,43026,Regiao 26,432254,2024
RS,43028,Regiao 28,432252,2024
RS,43017,Regiao 17 - Planalto,432255,2024
RS,43028,Regiao 28,432260,2024
RS,43028,Regiao 28,432270,2024
RS,43025,Regiao 25,432280,2024
RS,43029,Regiao 29,432285,2024
RS,43016,Regiao 16,432290,2024
RS,43010,Regiao 10,432300,2024
RS,43015,Regiao 15 - Caminho das Aguas,432310,2024
RS,43017,Regiao 17 - Planalto,432320,2024
RS,43025,Regiao 25,432330,2024
RS,43018,Regiao 18,432335,2024
RS,43017,Regiao 17 - Planalto,432340,2024
RS,43001,Regiao 01,432345,2024
RS,43015,Regiao 15 - Caminho das Aguas,432350,2024
RS,43025,Regiao 25,432360,2024
RS,43015,Regiao 15 - Caminho das Aguas,432370,2024
RS,43011,Regiao 11,432375,2024
RS,43030,Regiao 30,432377,2024
RS,43004,Regiao 04,432380,2024
SC,42008,Meio Oeste,420005,2024
SC,42003,Xanxere,420010,2024
SC,42004,Alto Vale do Itajai,420020,2024
SC,42004,Alto Vale do Itajai,420030,2024
SC,42008,Meio Oeste,420040,2024
SC,42002,Oeste,420050,2024
SC,42002,Oeste,420055,2024
SC,42007,Grande Florianopolis,420060,2024
SC,42007,Grande Florianopolis,420070,2024
SC,42010,Alto Uruguai Catarinense,420075,2024
SC,42001,Extremo Oeste,420080,2024
SC,42007,Grande Florianopolis,420090,2024
SC,42013,Serra Catarinense,420100,2024
SC,42007,Grande Florianopolis,420110,2024
SC,42007,Grande Florianopolis,420120,2024
SC,42006,Medio Vale do Itajai,420125,2024
SC,42010,Alto Uruguai Catarinense,420127,2024
SC,42011,Nordeste,420130,2024
SC,42014,Extremo Sul Catarinense,420140,2024
SC,42016,Laguna,420150,2024
SC,42009,Alto Vale do Rio do Peixe,420160,2024
SC,42002,Oeste,420165,2024
SC,42006,Medio Vale do Itajai,420170,2024
SC,42004,Alto Vale do Itajai,420180,2024
SC,42004,Alto Vale do Itajai,420190,2024
SC,42014,Extremo Sul Catarinense,420195,2024
SC,42011,Nordeste,420205,2024
SC,42005,Foz do Rio Itajai,420200,2024
SC,42014,Extremo Sul Catarinense,420207,2024
SC,42005,Foz do Rio Itajai,421280,2024
SC,42015,Carbonifera,422000,2024
SC,42001,Extremo Oeste,420208,2024
SC,42001,Extremo Oeste,420209,2024
SC,42017,Vale do Itapocu,420210,2024
SC,42012,Planalto Norte,420213,2024
SC,42001,Extremo Oeste,420215,2024
SC,42006,Medio Vale do Itajai,420220,2024
SC,42007,Grande Florianopolis,420230,2024
SC,42006,Medio Vale do Itajai,420240,2024
SC,42013,Serra Catarinense,420243,2024
SC,42013,Serra Catarinense,420250,2024
SC,42003,Xanxere,420253,2024
SC,42001,Extremo Oeste,420257,2024
SC,42013,Serra Catarinense,420260,2024
SC,42005,Foz do Rio Itajai,420245,2024
SC,42006,Medio Vale do Itajai,420270,2024
SC,42016,Laguna,420280,2024
SC,42004,Alto Vale do Itajai,420285,2024
SC,42008,Meio Oeste,420287,2024
SC,42006,Medio Vale do Itajai,420290,2024
SC,42009,Alto Vale do Rio do Peixe,420300,2024
SC,42002,Oeste,420310,2024
SC,42009,Alto Vale do Rio do Peixe,420315,2024
SC,42005,Foz do Rio Itajai,420320,2024
SC,42012,Planalto Norte,420330,2024
SC,42013,Serra Catarinense,420340,2024
SC,42003,Xanxere,420350,2024
SC,42008,Meio Oeste,420360,2024
SC,42007,Grande Florianopolis,420370,2024
SC,42012,Planalto Norte,420380,2024
SC,42013,Serra Catarinense,420325,2024
SC,42008,Meio Oeste,420390,2024
SC,42016,Laguna,420395,2024
SC,42008,Meio Oeste,420400,2024
SC,42002,Oeste,420410,2024
SC,42008,Meio Oeste,420415,2024
SC,42013,Serra Catarinense,420417,2024
SC,42004,Alto Vale do Itajai,420419,2024
SC,42002,Oeste,420420,2024
SC,42015,Carbonifera,420425,2024
SC,42010,Alto Uruguai Catarinense,420430,2024
SC,42002,Oeste,420435,2024
SC,42002,Oeste,420440,2024
SC,42003,Xanxere,420445,2024
SC,42013,Serra Catarinense,420455,2024
SC,42017,Vale do Itapocu,420450,2024
SC,42015,Carbonifera,420460,2024
SC,42002,Oeste,420470,2024
SC,42002,Oeste,420475,2024
SC,42009,Alto Vale do Rio do Peixe,420480,2024
SC,42001,Extremo Oeste,420490,2024
SC,42001,Extremo Oeste,420500,2024
SC,42004,Alto Vale do Itajai,420510,2024
SC,42006,Medio Vale do Itajai,420515,2024
SC,42003,Xanxere,420517,2024
SC,42014,Extremo Sul Catarinense,420519,2024
SC,42008,Meio Oeste,420520,2024
SC,42003,Xanxere,420530,2024
SC,42001,Extremo Oeste,420535,2024
SC,42007,Grande Florianopolis,420540,2024
SC,42002,Oeste,420543,2024
SC,42015,Carbonifera,420545,2024
SC,42009,Alto Vale do Rio do Peixe,420550,2024
SC,42009,Alto Vale do Rio do Peixe,420555,2024
SC,42003,Xanxere,420560,2024
SC,42007,Grande Florianopolis,420570,2024
SC,42011,Nordeste,420580,2024
SC,42006,Medio Vale do Itajai,420590,2024
SC,42007,Grande Florianopolis,420600,2024
SC,42016,Laguna,420610,2024
SC,42016,Laguna,420620,2024
SC,42006,Medio Vale do Itajai,420630,2024
SC,42001,Extremo Oeste,420640,2024
SC,42017,Vale do Itapocu,420650,2024
SC,42001,Extremo Oeste,420660,2024
SC,42002,Oeste,420665,2024
SC,42008,Meio Oeste,420670,2024
SC,42009,Alto Vale do Rio do Peixe,420675,2024
SC,42008,Meio Oeste,420680,2024
SC,42004,Alto Vale do Itajai,420690,2024
SC,42015,Carbonifera,420700,2024
SC,42005,Foz do Rio Itajai,420710,2024
SC,42016,Laguna,420720,2024
SC,42016,Laguna,420730,2024
SC,42004,Alto Vale do Itajai,420740,2024
SC,42006,Medio Vale do Itajai,420750,2024
SC,42009,Alto Vale do Rio do Peixe,420757,2024
SC,42010,Alto Uruguai Catarinense,420760,2024
SC,42001,Extremo Oeste,420765,2024
SC,42003,Xanxere,420768,2024
SC,42010,Alto Uruguai Catarinense,420770,2024
SC,42001,Extremo Oeste,420775,2024
SC,42010,Alto Uruguai Catarinense,420780,2024
SC,42002,Oeste,420785,2024
SC,42012,Planalto Norte,420790,2024
SC,42010,Alto Uruguai Catarinense,420800,2024
SC,42012,Planalto Norte,420810,2024
SC,42005,Foz do Rio Itajai,420820,2024
SC,42005,Foz do Rio Itajai,420830,2024
SC,42001,Extremo Oeste,420840,2024
SC,42011,Nordeste,420845,2024
SC,42004,Alto Vale do Itajai,420850,2024
SC,42008,Meio Oeste,420860,2024
SC,42014,Extremo Sul Catarinense,420870,2024
SC,42016,Laguna,420880,2024
SC,42017,Vale do Itapocu,420890,2024
SC,42002,Oeste,420895,2024
SC,42008,Meio Oeste,420900,2024
SC,42011,Nordeste,420910,2024
SC,42004,Alto Vale do Itajai,420915,2024
SC,42003,Xanxere,420917,2024
SC,42008,Meio Oeste,420920,2024
SC,42013,Serra Catarinense,420930,2024
SC,42016,Laguna,420940,2024
SC,42003,Xanxere,420945,2024
SC,42004,Alto Vale do Itajai,420950,2024
SC,42015,Carbonifera,420960,2024
SC,42009,Alto Vale do Rio do Peixe,420970,2024
SC,42007,Grande Florianopolis,420980,2024
SC,42010,Alto Uruguai Catarinense,420985,2024
SC,42004,Alto Vale do Itajai,420990,2024
SC,42005,Foz do Rio Itajai,421000,2024
SC,42008,Meio Oeste,421003,2024
SC,42009,Alto Vale do Rio do Peixe,421005,2024
SC,42012,Planalto Norte,421010,2024
SC,42007,Grande Florianopolis,421020,2024
SC,42012,Planalto Norte,421030,2024
SC,42014,Extremo Sul Catarinense,421040,2024
SC,42001,Extremo Oeste,421050,2024
SC,42003,Xanxere,421055,2024
SC,42017,Vale do Itapocu,421060,2024
SC,42009,Alto Vale do Rio do Peixe,421070,2024
SC,42014,Extremo Sul Catarinense,421080,2024
SC,42004,Alto Vale do Itajai,421085,2024
SC,42001,Extremo Oeste,421090,2024
SC,42001,Extremo Oeste,421100,2024
SC,42008,Meio Oeste,421105,2024
SC,42012,Planalto Norte,421110,2024
SC,42015,Carbonifera,421120,2024
SC,42014,Extremo Sul Catarinense,421125,2024
SC,42005,Foz do Rio Itajai,421130,2024
SC,42002,Oeste,421140,2024
SC,42002,Oeste,421145,2024
SC,42007,Grande Florianopolis,421150,2024
SC,42015,Carbonifera,421160,2024
SC,42003,Xanxere,421165,2024
SC,42015,Carbonifera,421170,2024
SC,42013,Serra Catarinense,421175,2024
SC,42008,Meio Oeste,421180,2024
SC,42003,Xanxere,421185,2024
SC,42002,Oeste,421187,2024
SC,42013,Serra Catarinense,421189,2024
SC,42007,Grande Florianopolis,421190,2024
SC,42001,Extremo Oeste,421200,2024
SC,42013,Serra Catarinense,421205,2024
SC,42002,Oeste,421210,2024
SC,42012,Planalto Norte,421220,2024
SC,42001,Extremo Oeste,421223,2024
SC,42014,Extremo Sul Catarinense,421225,2024
SC,42003,Xanxere,421227,2024
SC,42007,Grande Florianopolis,421230,2024
SC,42016,Laguna,421240,2024
SC,42005,Foz do Rio Itajai,421250,2024
SC,42010,Alto Uruguai Catarinense,421260,2024
SC,42016,Laguna,421265,2024
SC,42004,Alto Vale do Itajai,421270,2024
SC,42002,Oeste,421290,2024
SC,42009,Alto Vale do Rio do Peixe,421300,2024
SC,42010,Alto Uruguai Catarinense,421310,2024
SC,42002,Oeste,421315,2024
SC,42006,Medio Vale do Itajai,421320,2024
SC,42013,Serra Catarinense,421330,2024
SC,42009,Alto Vale do Rio do Peixe,421335,2024
SC,42003,Xanxere,421340,2024
SC,42005,Foz do Rio Itajai,421350,2024
SC,42012,Planalto Norte,421360,2024
SC,42004,Alto Vale do Itajai,421370,2024
SC,42014,Extremo Sul Catarinense,421380,2024
SC,42010,Alto Uruguai Catarinense,421390,2024
SC,42004,Alto Vale do Itajai,421400,2024
SC,42004,Alto Vale do Itajai,421410,2024
SC,42001,Extremo Oeste,421415,2024
SC,42002,Oeste,421420,2024
SC,42007,Grande Florianopolis,421430,2024
SC,42009,Alto Vale do Rio do Peixe,421440,2024
SC,42004,Alto Vale do Itajai,421450,2024
SC,42004,Alto Vale do Itajai,421460,2024
SC,42004,Alto Vale do Itajai,421480,2024
SC,42006,Medio Vale do Itajai,421470,2024
SC,42016,Laguna,421490,2024
SC,42012,Planalto Norte,421500,2024
SC,42013,Serra Catarinense,421505,2024
SC,42002,Oeste,421507,2024
SC,42006,Medio Vale do Itajai,421510,2024
SC,42001,Extremo Oeste,421520,2024
SC,42004,Alto Vale do Itajai,421530,2024
SC,42001,Extremo Oeste,421535,2024
SC,42009,Alto Vale do Rio do Peixe,421540,2024
SC,42016,Laguna,421545,2024
SC,42009,Alto Vale do Rio do Peixe,421550,2024
SC,42001,Extremo Oeste,421555,2024
SC,42016,Laguna,421560,2024
SC,42014,Extremo Sul Catarinense,421565,2024
SC,42004,Alto Vale do Itajai,421567,2024
SC,42001,Extremo Oeste,421568,2024
SC,42002,Oeste,421569,2024
SC,42007,Grande Florianopolis,421570,2024
SC,42012,Planalto Norte,421580,2024
SC,42003,Xanxere,421575,2024
SC,42007,Grande Florianopolis,421590,2024
SC,42002,Oeste,421600,2024
SC,42009,Alto Vale do Rio do Peixe,421605,2024
SC,42003,Xanxere,421610,2024
SC,42011,Nordeste,421620,2024
SC,42007,Grande Florianopolis,421630,2024
SC,42017,Vale do Itapocu,421635,2024
SC,42001,Extremo Oeste,421625,2024
SC,42014,Extremo Sul Catarinense,421640,2024
SC,42013,Serra Catarinense,421650,2024
SC,42007,Grande Florianopolis,421660,2024
SC,42001,Extremo Oeste,421670,2024
SC,42013,Serra Catarinense,421680,2024
SC,42003,Xanxere,421690,2024
SC,42016,Laguna,421700,2024
SC,42016,Laguna,421710,2024
SC,42001,Extremo Oeste,421715,2024
SC,42001,Extremo Oeste,421720,2024
SC,42007,Grande Florianopolis,421725,2024
SC,42001,Extremo Oeste,421730,2024
SC,42017,Vale do Itapocu,421740,2024
SC,42010,Alto Uruguai Catarinense,421750,2024
SC,42002,Oeste,421755,2024
SC,42015,Carbonifera,421760,2024
SC,42014,Extremo Sul Catarinense,421770,2024
SC,42002,Oeste,421775,2024
SC,42004,Alto Vale do Itajai,421780,2024
SC,42009,Alto Vale do Rio do Peixe,421790,2024
SC,42001,Extremo Oeste,421795,2024
SC,42007,Grande Florianopolis,421800,2024
SC,42014,Extremo Sul Catarinense,421810,2024
SC,42006,Medio Vale do Itajai,421820,2024
SC,42009,Alto Vale do Rio do Peixe,421825,2024
SC,42012,Planalto Norte,421830,2024
SC,42015,Carbonifera,421835,2024
SC,42016,Laguna,421840,2024
SC,42008,Meio Oeste,421850,2024
SC,42004,Alto Vale do Itajai,421860,2024
SC,42016,Laguna,421870,2024
SC,42001,Extremo Oeste,421875,2024
SC,42014,Extremo Sul Catarinense,421880,2024
SC,42002,Oeste,421885,2024
SC,42013,Serra Catarinense,421890,2024
SC,42013,Serra Catarinense,421895,2024
SC,42015,Carbonifera,421900,2024
SC,42003,Xanxere,421910,2024
SC,42008,Meio Oeste,421915,2024
SC,42008,Meio Oeste,421917,2024
SC,42004,Alto Vale do Itajai,421920,2024
SC,42009,Alto Vale do Rio do Peixe,421930,2024
SC,42004,Alto Vale do Itajai,421935,2024
SC,42004,Alto Vale do Itajai,421940,2024
SC,42003,Xanxere,421950,2024
SC,42010,Alto Uruguai Catarinense,421960,2024
SC,42003,Xanxere,421970,2024
SC,42008,Meio Oeste,421985,2024
SE,28007,Propria,280010,2024
SE,28007,Propria,280020,2024
SE,28001,Aracaju,280030,2024
SE,28002,Estancia,280040,2024
SE,28003,Itabaiana,280050,2024
SE,28001,Aracaju,280060,2024
SE,28002,Estancia,280067,2024
SE,28007,Propria,280070,2024
SE,28003,Itabaiana,280100,2024
SE,28007,Propria,280110,2024
SE,28005,Nossa Senhora da Gloria,280120,2024
SE,28006,Nossa Senhora do Socorro,280130,2024
SE,28003,Itabaiana,280140,2024
SE,28006,Nossa Senhora do Socorro,280150,2024
SE,28007,Propria,280160,2024
SE,28002,Estancia,280170,2024
SE,28006,Nossa Senhora do Socorro,280190,2024
SE,28001,Aracaju,280200,2024
SE,28002,Estancia,280210,2024
SE,28005,Nossa Senhora da Gloria,280220,2024
SE,28003,Itabaiana,280230,2024
SE,28005,Nossa Senhora da Gloria,280240,2024
SE,28006,Nossa Senhora do Socorro,280250,2024
SE,28005,Nossa Senhora da Gloria,280260,2024
SE,28007,Propria,280270,2024
SE,28002,Estancia,280280,2024
SE,28003,Itabaiana,280290,2024
SE,28002,Estancia,280300,2024
SE,28005,Nossa Senhora da Gloria,280310,2024
SE,28001,Aracaju,280320,2024
SE,28006,Nossa Senhora do Socorro,280330,2024
SE,28007,Propria,280340,2024
SE,28004,Lagarto,280350,2024
SE,28001,Aracaju,280360,2024
SE,28003,Itabaiana,280370,2024
SE,28007,Propria,280380,2024
SE,28003,Itabaiana,280390,2024
SE,28006,Nossa Senhora do Socorro,280400,2024
SE,28003,Itabaiana,280410,2024
SE,28005,Nossa Senhora da Gloria,280420,2024
SE,28007,Propria,280430,2024
SE,28007,Propria,280440,2024
SE,28003,Itabaiana,280445,2024
SE,28005,Nossa Senhora da Gloria,280450,2024
SE,28006,Nossa Senhora do Socorro,280460,2024
SE,28007,Propria,280470,2024
SE,28006,Nossa Senhora do Socorro,280480,2024
SE,28007,Propria,280490,2024
SE,28003,Itabaiana,280500,2024
SE,28002,Estancia,280510,2024
SE,28003,Itabaiana,280520,2024
SE,28006,Nossa Senhora do Socorro,280530,2024
SE,28005,Nossa Senhora da Gloria,280540,2024
SE,28004,Lagarto,280550,2024
SE,28005,Nossa Senhora da Gloria,280560,2024
SE,28007,Propria,280570,2024
SE,28004,Lagarto,280580,2024
SE,28001,Aracaju,280590,2024
SE,28003,Itabaiana,280600,2024
SE,28006,Nossa Senhora do Socorro,280610,2024
SE,28004,Lagarto,280620,2024
SE,28002,Estancia,280630,2024
SE,28001,Aracaju,280650,2024
SE,28007,Propria,280640,2024
SE,28006,Nossa Senhora do Socorro,280660,2024
SE,28001,Aracaju,280670,2024
SE,28003,Itabaiana,280680,2024
SE,28007,Propria,280690,2024
SE,28003,Itabaiana,280700,2024
SE,28004,Lagarto,280710,2024
SE,28006,Nossa Senhora do Socorro,280720,2024
SE,28007,Propria,280730,2024
SE,28004,Lagarto,280740,2024
SE,28002,Estancia,280750,2024
SE,28002,Estancia,280760,2024
SP,35091,Adamantina,350010,2024
SP,35156,Jose Bonifacio,350020,2024
SP,35142,Mantiqueira,350030,2024
SP,35142,Mantiqueira,350040,2024
SP,35074,Circuito das Aguas,350050,2024
SP,35061,Vale do Jurumirim,350055,2024
SP,35103,Piracicaba,350060,2024
SP,35062,Bauru,350070,2024
SP,35161,Itapetininga,350075,2024
SP,35112,Alta Sorocabana,350080,2024
SP,35051,Norte - Barretos,350090,2024
SP,35133,Vale das Cachoeiras,350100,2024
SP,35023,Consorcios do Drs II,350110,2024
SP,35163,Sorocaba,350115,2024
SP,35157,Votuporanga,350120,2024
SP,35112,Alta Sorocabana,350130,2024
SP,35093,Marilia,350140,2024
SP,35093,Marilia,350150,2024
SP,35072,Regiao Metropolitana de Campinas,350160,2024
SP,35031,Central do Drs III,350170,2024
SP,35157,Votuporanga,350180,2024
SP,35074,Circuito das Aguas,350190,2024
SP,35104,Rio Claro,350200,2024
SP,35022,Lagos do Drs II,350210,2024
SP,35161,Itapetininga,350220,2024
SP,35063,Polo Cuesta,350230,2024
SP,35112,Alta Sorocabana,350240,2024
SP,35172,Circuito da Fe e Vale Historico,350250,2024
SP,35153,Jales,350260,2024
SP,35162,Itapeva,350270,2024
SP,35163,Sorocaba,350275,2024
SP,35021,Central do Drs II,350280,2024
SP,35163,Sorocaba,350290,2024
SP,35083,Alta Mogiana,350300,2024
SP,35061,Vale do Jurumirim,350310,2024
SP,35172,Circuito da Fe e Vale Historico,350315,2024
SP,35031,Central do Drs III,350320,2024
SP,35101,Araras,350330,2024
SP,35095,Tupa,350335,2024
SP,35062,Bauru,350340,2024
SP,35172,Circuito da Fe e Vale Historico,350350,2024
SP,35063,Polo Cuesta,350360,2024
SP,35151,Catanduva,350370,2024
SP,35072,Regiao Metropolitana de Campinas,350380,2024
SP,35011,Alto do Tiete,350390,2024
SP,35153,Jales,350395,2024
SP,35092,Assis,350400,2024
SP,35071,Braganca,350410,2024
SP,35021,Central do Drs II,350420,2024
SP,35062,Bauru,350430,2024
SP,35023,Consorcios do Drs II,350440,2024
SP,35061,Vale do Jurumirim,350450,2024
SP,35155,Sao Jose do Rio Preto,350460,2024
SP,35062,Bauru,350470,2024
SP,35155,Sao Jose do Rio Preto,350480,2024
SP,35172,Circuito da Fe e Vale Historico,350490,2024
SP,35061,Vale do Jurumirim,350500,2024
SP,35023,Consorcios do Drs II,350510,2024
SP,35064,Jau,350520,2024
SP,35064,Jau,350530,2024
SP,35162,Itapeva,350535,2024
SP,35121,Vale do Ribeira,350540,2024
SP,35051,Norte - Barretos,350550,2024
SP,35131,Horizonte Verde,350560,2024
SP,35014,Rota dos Bandeirantes,350570,2024
SP,35095,Tupa,350580,2024
SP,35133,Vale das Cachoeiras,350590,2024
SP,35062,Bauru,350600,2024
SP,35052,Sul - Barretos,350610,2024
SP,35021,Central do Drs II,350620,2024
SP,35094,Ourinhos,350630,2024
SP,35041,Baixada Santista,350635,2024
SP,35021,Central do Drs II,350640,2024
SP,35023,Consorcios do Drs II,350650,2024
SP,35011,Alto do Tiete,350660,2024
SP,35031,Central do Drs III,350670,2024
SP,35064,Jau,350680,2024
SP,35063,Polo Cuesta,350690,2024
SP,35163,Sorocaba,350700,2024
SP,35071,Braganca,350710,2024
SP,35162,Itapeva,350715,2024
SP,35092,Assis,350720,2024
SP,35064,Jau,350730,2024
SP,35033,Noroeste do Drs III,350740,2024
SP,35062,Bauru,350745,2024
SP,35063,Polo Cuesta,350750,2024
SP,35071,Braganca,350760,2024
SP,35023,Consorcios do Drs II,350770,2024
SP,35023,Consorcios do Drs II,350775,2024
SP,35133,Vale das Cachoeiras,350780,2024
SP,35064,Jau,350790,2024
SP,35162,Itapeva,350800,2024
SP,35023,Consorcios do Drs II,350810,2024
SP,35083,Alta Mogiana,350820,2024
SP,35062,Bauru,350830,2024
SP,35073,Jundiai,350840,2024
SP,35171,Alto Vale do Paraiba,350850,2024
SP,35172,Circuito da Fe e Vale Historico,350860,2024
SP,35143,Rio Pardo,350870,2024
SP,35065,Lins,350880,2024
SP,35112,Alta Sorocabana,350890,2024
SP,35012,Franco da Rocha,350900,2024
SP,35114,Extremo Oeste Paulista,350910,2024
SP,35012,Franco da Rocha,350920,2024
SP,35121,Vale do Ribeira,350925,2024
SP,35051,Norte - Barretos,350930,2024
SP,35133,Vale das Cachoeiras,350940,2024
SP,35161,Itapetininga,350945,2024
SP,35072,Regiao Metropolitana de Campinas,350950,2024
SP,35073,Jundiai,350960,2024
SP,35174,Vale do Paraiba/regiao Serrana,350970,2024
SP,35093,Marilia,350980,2024
SP,35121,Vale do Ribeira,350990,2024
SP,35172,Circuito da Fe e Vale Historico,350995,2024
SP,35092,Assis,351000,2024
SP,35033,Noroeste do Drs III,351010,2024
SP,35094,Ourinhos,351015,2024
SP,35161,Itapetininga,351020,2024
SP,35163,Sorocaba,351030,2024
SP,35103,Piracicaba,351040,2024
SP,35173,Litoral Norte,351050,2024
SP,35014,Rota dos Bandeirantes,351060,2024
SP,35157,Votuporanga,351070,2024
SP,35143,Rio Pardo,351080,2024
SP,35133,Vale das Cachoeiras,351090,2024
SP,35022,Lagos do Drs II,351100,2024
SP,35151,Catanduva,351110,2024
SP,35151,Catanduva,351120,2024
SP,35155,Sao Jose do Rio Preto,351130,2024
SP,35061,Vale do Jurumirim,351140,2024
SP,35161,Itapetininga,351150,2024
SP,35161,Itapetininga,351160,2024
SP,35103,Piracicaba,351170,2024
SP,35094,Ourinhos,355720,2024
SP,35023,Consorcios do Drs II,351190,2024
SP,35051,Norte - Barretos,351200,2024
SP,35051,Norte - Barretos,351210,2024
SP,35101,Araras,351220,2024
SP,35063,Polo Cuesta,351230,2024
SP,35102,Limeira,351240,2024
SP,35023,Consorcios do Drs II,351250,2024
SP,35061,Vale do Jurumirim,351260,2024
SP,35104,Rio Claro,351270,2024
SP,35072,Regiao Metropolitana de Campinas,351280,2024
SP,35157,Votuporanga,351290,2024
SP,35013,Mananciais,351300,2024
SP,35132,Aquifero Guarani,351310,2024
SP,35081,Tres Colinas,351320,2024
SP,35092,Assis,351330,2024
SP,35172,Circuito da Fe e Vale Historico,351340,2024
SP,35041,Baixada Santista,351350,2024
SP,35172,Circuito da Fe e Vale Historico,351360,2024
SP,35032,Coracao do Drs III,351370,2024
SP,35015,Grande Abc,351380,2024
SP,35153,Jales,351385,2024
SP,35143,Rio Pardo,351390,2024
SP,35033,Noroeste do Drs III,351400,2024
SP,35064,Jau,351410,2024
SP,35153,Jales,351420,2024
SP,35032,Coracao do Drs III,351430,2024
SP,35111,Alta Paulista,351440,2024
SP,35062,Bauru,351450,2024
SP,35131,Horizonte Verde,351460,2024
SP,35093,Marilia,351470,2024
SP,35121,Vale do Ribeira,351480,2024
SP,35103,Piracicaba,351490,2024
SP,35151,Catanduva,351492,2024
SP,35151,Catanduva,351495,2024
SP,35013,Mananciais,351500,2024
SP,35013,Mananciais,351510,2024
SP,35112,Alta Sorocabana,351512,2024
SP,35102,Limeira,351515,2024
SP,35142,Mantiqueira,351518,2024
SP,35094,Ourinhos,351519,2024
SP,35141,Baixa Mogiana,355730,2024
SP,35154,Fernandopolis,351520,2024
SP,35112,Alta Sorocabana,351530,2024
SP,35115,Pontal do Paranapanema,351535,2024
SP,35061,Vale do Jurumirim,351540,2024
SP,35151,Catanduva,351560,2024
SP,35154,Fernandopolis,351550,2024
SP,35093,Marilia,351565,2024
SP,35011,Alto do Tiete,351570,2024
SP,35111,Alta Paulista,351580,2024
SP,35157,Votuporanga,351590,2024
SP,35091,Adamantina,351600,2024
SP,35092,Assis,351610,2024
SP,35081,Tres Colinas,351620,2024
SP,35012,Franco da Rocha,351630,2024
SP,35012,Franco da Rocha,351640,2024
SP,35023,Consorcios do Drs II,351650,2024
SP,35093,Marilia,351660,2024
SP,35093,Marilia,351670,2024
SP,35157,Votuporanga,351680,2024
SP,35031,Central do Drs III,351685,2024
SP,35157,Votuporanga,351690,2024
SP,35065,Lins,351700,2024
SP,35023,Consorcios do Drs II,351710,2024
SP,35065,Lins,351720,2024
SP,35093,Marilia,351730,2024
SP,35051,Norte - Barretos,351740,2024
SP,35155,Sao Jose do Rio Preto,351750,2024
SP,35162,Itapeva,351760,2024
SP,35083,Alta Mogiana,351770,2024
SP,35022,Lagos do Drs II,351780,2024
SP,35051,Norte - Barretos,351790,2024
SP,35154,Fernandopolis,351800,2024
SP,35093,Marilia,351810,2024
SP,35021,Central do Drs II,351820,2024
SP,35011,Alto do Tiete,351830,2024
SP,35172,Circuito da Fe e Vale Historico,351840,2024
SP,35161,Itapetininga,351850,2024
SP,35131,Horizonte Verde,351860,2024
SP,35041,Baixada Santista,351870,2024
SP,35011,Alto do Tiete,351880,2024
SP,35132,Aquifero Guarani,351885,2024
SP,35021,Central do Drs II,351890,2024
SP,35095,Tupa,351900,2024
SP,35072,Regiao Metropolitana de Campinas,351905,2024
SP,35072,Regiao Metropolitana de Campinas,351907,2024
SP,35062,Bauru,351910,2024
SP,35095,Tupa,351920,2024
SP,35061,Vale do Jurumirim,351925,2024
SP,35032,Coracao do Drs III,351930,2024
SP,35155,Sao Jose do Rio Preto,351940,2024
SP,35094,Ourinhos,351950,2024
SP,35033,Noroeste do Drs III,351960,2024
SP,35163,Sorocaba,351970,2024
SP,35155,Sao Jose do Rio Preto,351980,2024
SP,35113,Alto Capivari,351990,2024
SP,35064,Jau,352000,2024
SP,35083,Alta Mogiana,352010,2024
SP,35171,Alto Vale do Paraiba,352020,2024
SP,35121,Vale do Ribeira,352030,2024
SP,35121,Vale do Ribeira,352042,2024
SP,35022,Lagos do Drs II,352044,2024
SP,35173,Litoral Norte,352040,2024
SP,35072,Regiao Metropolitana de Campinas,352050,2024
SP,35112,Alta Sorocabana,352060,2024
SP,35154,Fernandopolis,352070,2024
SP,35091,Adamantina,352080,2024
SP,35094,Ourinhos,352090,2024
SP,35163,Sorocaba,352100,2024
SP,35104,Rio Claro,352110,2024
SP,35155,Sao Jose do Rio Preto,352115,2024
SP,35121,Vale do Ribeira,352120,2024
SP,35082,Alta Anhanguera,352130,2024
SP,35102,Limeira,352140,2024
SP,35151,Catanduva,352150,2024
SP,35111,Alta Paulista,352160,2024
SP,35162,Itapeva,352170,2024
SP,35061,Vale do Jurumirim,352180,2024
SP,35151,Catanduva,352190,2024
SP,35064,Jau,352200,2024
SP,35041,Baixada Santista,352210,2024
SP,35162,Itapeva,352215,2024
SP,35013,Mananciais,352220,2024
SP,35161,Itapetininga,352230,2024
SP,35162,Itapeva,352240,2024
SP,35014,Rota dos Bandeirantes,352250,2024
SP,35141,Baixa Mogiana,352260,2024
SP,35162,Itapeva,352265,2024
SP,35033,Noroeste do Drs III,352270,2024
SP,35061,Vale do Jurumirim,352280,2024
SP,35064,Jau,352290,2024
SP,35022,Lagos do Drs II,352300,2024
SP,35011,Alto do Tiete,352310,2024
SP,35162,Itapeva,352320,2024
SP,35121,Vale do Ribeira,352330,2024
SP,35072,Regiao Metropolitana de Campinas,352340,2024
SP,35063,Polo Cuesta,352350,2024
SP,35104,Rio Claro,352360,2024
SP,35081,Tres Colinas,352370,2024
SP,35143,Rio Pardo,352380,2024
SP,35163,Sorocaba,352390,2024
SP,35073,Jundiai,352400,2024
SP,35083,Alta Mogiana,352410,2024
SP,35051,Norte - Barretos,352420,2024
SP,35131,Horizonte Verde,352430,2024
SP,35171,Alto Vale do Paraiba,352440,2024
SP,35156,Jose Bonifacio,352450,2024
SP,35121,Vale do Ribeira,352460,2024
SP,35072,Regiao Metropolitana de Campinas,352470,2024
SP,35153,Jales,352480,2024
SP,35171,Alto Vale do Paraiba,352490,2024
SP,35014,Rota dos Bandeirantes,352500,2024
SP,35132,Aquifero Guarani,352510,2024
SP,35073,Jundiai,352520,2024
SP,35064,Jau,352530,2024
SP,35081,Tres Colinas,352540,2024
SP,35071,Braganca,352550,2024
SP,35113,Alto Capivari,352560,2024
SP,35156,Jose Bonifacio,352570,2024
SP,35093,Marilia,352580,2024
SP,35163,Sorocaba,352585,2024
SP,35073,Jundiai,352590,2024
SP,35111,Alta Paulista,352600,2024
SP,35121,Vale do Ribeira,352610,2024
SP,35013,Mananciais,352620,2024
SP,35174,Vale do Paraiba/regiao Serrana,352630,2024
SP,35063,Polo Cuesta,352640,2024
SP,35022,Lagos do Drs II,352650,2024
SP,35172,Circuito da Fe e Vale Historico,352660,2024
SP,35101,Araras,352670,2024
SP,35062,Bauru,352680,2024
SP,35102,Limeira,352690,2024
SP,35074,Circuito das Aguas,352700,2024
SP,35065,Lins,352710,2024
SP,35172,Circuito da Fe e Vale Historico,352720,2024
SP,35023,Consorcios do Drs II,352725,2024
SP,35073,Jundiai,352730,2024
SP,35091,Adamantina,352740,2024
SP,35062,Bauru,352750,2024
SP,35132,Aquifero Guarani,352760,2024
SP,35023,Consorcios do Drs II,352770,2024
SP,35093,Marilia,352780,2024
SP,35092,Assis,352790,2024
SP,35062,Bauru,352800,2024
SP,35157,Votuporanga,352810,2024
SP,35154,Fernandopolis,352820,2024
SP,35157,Votuporanga,352830,2024
SP,35163,Sorocaba,352840,2024
SP,35012,Franco da Rocha,352850,2024
SP,35061,Vale do Jurumirim,352860,2024
SP,35114,Extremo Oeste Paulista,352870,2024
SP,35092,Assis,352880,2024
SP,35151,Catanduva,352885,2024
SP,35091,Adamantina,352890,2024
SP,35093,Marilia,352900,2024
SP,35153,Jales,352910,2024
SP,35112,Alta Sorocabana,352920,2024
SP,35033,Noroeste do Drs III,352930,2024
SP,35015,Grande Abc,352940,2024
SP,35156,Jose Bonifacio,352950,2024
SP,35154,Fernandopolis,352960,2024
SP,35153,Jales,352965,2024
SP,35083,Alta Mogiana,352970,2024
SP,35064,Jau,352980,2024
SP,35154,Fernandopolis,353000,2024
SP,35121,Vale do Ribeira,352990,2024
SP,35022,Lagos do Drs II,353010,2024
SP,35115,Pontal do Paranapanema,353020,2024
SP,35155,Sao Jose do Rio Preto,353030,2024
SP,35155,Sao Jose do Rio Preto,353040,2024
SP,35143,Rio Pardo,353050,2024
SP,35011,Alto do Tiete,353060,2024
SP,35141,Baixa Mogiana,353070,2024
SP,35141,Baixa Mogiana,353080,2024
SP,35103,Piracicaba,353090,2024
SP,35157,Votuporanga,353100,2024
SP,35041,Baixada Santista,353110,2024
SP,35074,Circuito das Aguas,353120,2024
SP,35131,Horizonte Verde,353130,2024
SP,35156,Jose Bonifacio,353140,2024
SP,35052,Sul - Barretos,353150,2024
SP,35111,Alta Paulista,353160,2024
SP,35072,Regiao Metropolitana de Campinas,353180,2024
SP,35171,Alto Vale do Paraiba,353170,2024
SP,35082,Alta Anhanguera,353190,2024
SP,35072,Regiao Metropolitana de Campinas,353200,2024
SP,35031,Central do Drs III,353205,2024
SP,35022,Lagos do Drs II,353210,2024
SP,35113,Alto Capivari,353215,2024
SP,35112,Alta Sorocabana,353220,2024
SP,35174,Vale do Paraiba/regiao Serrana,353230,2024
SP,35071,Braganca,353240,2024
SP,35155,Sao Jose do Rio Preto,353250,2024
SP,35157,Votuporanga,353260,2024
SP,35156,Jose Bonifacio,353270,2024
SP,35155,Sao Jose do Rio Preto,353280,2024
SP,35162,Itapeva,353282,2024
SP,35152,Santa Fe do Sul,353284,2024
SP,35021,Central do Drs II,353286,2024
SP,35033,Noroeste do Drs III,353290,2024
SP,35155,Sao Jose do Rio Preto,353300,2024
SP,35111,Alta Paulista,353310,2024
SP,35022,Lagos do Drs II,353320,2024
SP,35021,Central do Drs II,353330,2024
SP,35072,Regiao Metropolitana de Campinas,353340,2024
SP,35151,Catanduva,353325,2024
SP,35151,Catanduva,353350,2024
SP,35082,Alta Anhanguera,353360,2024
SP,35093,Marilia,353370,2024
SP,35094,Ourinhos,353380,2024
SP,35051,Norte - Barretos,353390,2024
SP,35155,Sao Jose do Rio Preto,353400,2024
SP,35093,Marilia,353410,2024
SP,35155,Sao Jose do Rio Preto,353420,2024
SP,35082,Alta Anhanguera,353430,2024
SP,35014,Rota dos Bandeirantes,353440,2024
SP,35093,Marilia,353450,2024
SP,35091,Adamantina,353460,2024
SP,35094,Ourinhos,353470,2024
SP,35111,Alta Paulista,353480,2024
SP,35154,Fernandopolis,353475,2024
SP,35091,Adamantina,353490,2024
SP,35155,Sao Jose do Rio Preto,353500,2024
SP,35151,Catanduva,353510,2024
SP,35153,Jales,353520,2024
SP,35092,Assis,353530,2024
SP,35111,Alta Paulista,353540,2024
SP,35092,Assis,353550,2024
SP,35171,Alto Vale do Paraiba,353560,2024
SP,35151,Catanduva,353570,2024
SP,35061,Vale do Jurumirim,353580,2024
SP,35153,Jales,353590,2024
SP,35095,Tupa,353600,2024
SP,35063,Polo Cuesta,353610,2024
SP,35121,Vale do Ribeira,353620,2024
SP,35157,Votuporanga,353625,2024
SP,35081,Tres Colinas,353630,2024
SP,35111,Alta Paulista,353640,2024
SP,35072,Regiao Metropolitana de Campinas,353650,2024
SP,35062,Bauru,353657,2024
SP,35155,Sao Jose do Rio Preto,353660,2024
SP,35062,Bauru,353670,2024
SP,35071,Braganca,353680,2024
SP,35154,Fernandopolis,353690,2024
SP,35081,Tres Colinas,353700,2024
SP,35072,Regiao Metropolitana de Campinas,353710,2024
SP,35092,Assis,353715,2024
SP,35121,Vale do Ribeira,353720,2024
SP,35023,Consorcios do Drs II,353730,2024
SP,35022,Lagos do Drs II,353740,2024
SP,35063,Polo Cuesta,353750,2024
SP,35041,Baixada Santista,353760,2024
SP,35023,Consorcios do Drs II,353770,2024
SP,35163,Sorocaba,353780,2024
SP,35163,Sorocaba,353790,2024
SP,35174,Vale do Paraiba/regiao Serrana,353800,2024
SP,35151,Catanduva,353810,2024
SP,35071,Braganca,353820,2024
SP,35114,Extremo Oeste Paulista,353830,2024
SP,35172,Circuito da Fe e Vale Historico,353850,2024
SP,35071,Braganca,353860,2024
SP,35103,Piracicaba,353870,2024
SP,35061,Vale do Jurumirim,353880,2024
SP,35062,Bauru,353890,2024
SP,35151,Catanduva,353900,2024
SP,35014,Rota dos Bandeirantes,353910,2024
SP,35112,Alta Sorocabana,353920,2024
SP,35101,Araras,353930,2024
SP,35062,Bauru,353940,2024
SP,35131,Horizonte Verde,353950,2024
SP,35156,Jose Bonifacio,353960,2024
SP,35092,Assis,353970,2024
SP,35011,Alto do Tiete,353980,2024
SP,35156,Jose Bonifacio,353990,2024
SP,35093,Marilia,354000,2024
SP,35065,Lins,354010,2024
SP,35131,Horizonte Verde,354020,2024
SP,35153,Jales,354025,2024
SP,35157,Votuporanga,354030,2024
SP,35154,Fernandopolis,354040,2024
SP,35063,Polo Cuesta,354050,2024
SP,35163,Sorocaba,354060,2024
SP,35032,Coracao do Drs III,354070,2024
SP,35172,Circuito da Fe e Vale Historico,354075,2024
SP,35155,Sao Jose do Rio Preto,354080,2024
SP,35091,Adamantina,354085,2024
SP,35131,Horizonte Verde,354090,2024
SP,35041,Baixada Santista,354100,2024
SP,35063,Polo Cuesta,354105,2024
SP,35062,Bauru,354110,2024
SP,35112,Alta Sorocabana,354120,2024
SP,35114,Extremo Oeste Paulista,354130,2024
SP,35112,Alta Sorocabana,354140,2024
SP,35114,Extremo Oeste Paulista,354150,2024
SP,35065,Lins,354160,2024
SP,35161,Itapetininga,354165,2024
SP,35113,Alto Capivari,354170,2024
SP,35095,Tupa,354180,2024
SP,35172,Circuito da Fe e Vale Historico,354190,2024
SP,35093,Marilia,354200,2024
SP,35103,Piracicaba,354210,2024
SP,35113,Alto Capivari,354220,2024
SP,35174,Vale do Paraiba/regiao Serrana,354230,2024
SP,35112,Alta Sorocabana,354240,2024
SP,35062,Bauru,354250,2024
SP,35121,Vale do Ribeira,354260,2024
SP,35081,Tres Colinas,354270,2024
SP,35162,Itapeva,354280,2024
SP,35032,Coracao do Drs III,354290,2024
SP,35162,Itapeva,354300,2024
SP,35081,Tres Colinas,354310,2024
SP,35094,Ourinhos,354320,2024
SP,35112,Alta Sorocabana,354323,2024
SP,35161,Itapetininga,354325,2024
SP,35015,Grande Abc,354330,2024
SP,35132,Aquifero Guarani,354340,2024
SP,35081,Tres Colinas,354360,2024
SP,35031,Central do Drs III,354370,2024
SP,35095,Tupa,354380,2024
SP,35104,Rio Claro,354390,2024
SP,35103,Piracicaba,354400,2024
SP,35015,Grande Abc,354410,2024
SP,35157,Votuporanga,354420,2024
SP,35162,Itapeva,354350,2024
SP,35115,Pontal do Paranapanema,354425,2024
SP,35172,Circuito da Fe e Vale Historico,354430,2024
SP,35021,Central do Drs II,354440,2024
SP,35152,Santa Fe do Sul,354450,2024
SP,35065,Lins,354460,2024
SP,35091,Adamantina,354470,2024
SP,35151,Catanduva,354480,2024
SP,35082,Alta Anhanguera,354490,2024
SP,35011,Alto do Tiete,354500,2024
SP,35091,Adamantina,354510,2024
SP,35103,Piracicaba,354515,2024
SP,35163,Sorocaba,354520,2024
SP,35163,Sorocaba,354530,2024
SP,35094,Ourinhos,354540,2024
SP,35112,Alta Sorocabana,354550,2024
SP,35151,Catanduva,354560,2024
SP,35153,Jales,354570,2024
SP,35072,Regiao Metropolitana de Campinas,354580,2024
SP,35171,Alto Vale do Paraiba,354600,2024
SP,35152,Santa Fe do Sul,354610,2024
SP,35101,Araras,354620,2024
SP,35133,Vale das Cachoeiras,354625,2024
SP,35142,Mantiqueira,354630,2024
SP,35094,Ourinhos,354640,2024
SP,35033,Noroeste do Drs III,354650,2024
SP,35152,Santa Fe do Sul,354660,2024
SP,35104,Rio Claro,354670,2024
SP,35011,Alto do Tiete,354680,2024
SP,35031,Central do Drs III,354690,2024
SP,35103,Piracicaba,354700,2024
SP,35111,Alta Paulista,354710,2024
SP,35152,Santa Fe do Sul,354740,2024
SP,35132,Aquifero Guarani,354750,2024
SP,35132,Aquifero Guarani,354760,2024
SP,35153,Jales,354765,2024
SP,35153,Jales,354720,2024
SP,35014,Rota dos Bandeirantes,354730,2024
SP,35112,Alta Sorocabana,354770,2024
SP,35015,Grande Abc,354780,2024
SP,35133,Vale das Cachoeiras,354790,2024
SP,35072,Regiao Metropolitana de Campinas,354800,2024
SP,35021,Central do Drs II,354805,2024
SP,35142,Mantiqueira,354810,2024
SP,35174,Vale do Paraiba/regiao Serrana,354820,2024
SP,35112,Alta Sorocabana,354830,2024
SP,35023,Consorcios do Drs II,354840,2024
SP,35041,Baixada Santista,354850,2024
SP,35174,Vale do Paraiba/regiao Serrana,354860,2024
SP,35015,Grande Abc,354870,2024
SP,35015,Grande Abc,354880,2024
SP,35032,Coracao do Drs III,354890,2024
SP,35153,Jales,354900,2024
SP,35142,Mantiqueira,354910,2024
SP,35154,Fernandopolis,354920,2024
SP,35154,Fernandopolis,354925,2024
SP,35111,Alta Paulista,354930,2024
SP,35082,Alta Anhanguera,354940,2024
SP,35081,Tres Colinas,354950,2024
SP,35172,Circuito da Fe e Vale Historico,354960,2024
SP,35143,Rio Pardo,354970,2024
SP,35155,Sao Jose do Rio Preto,354980,2024
SP,35171,Alto Vale do Paraiba,354990,2024
SP,35013,Mananciais,354995,2024
SP,35174,Vale do Paraiba/regiao Serrana,355000,2024
SP,35063,Polo Cuesta,355010,2024
SP,35161,Itapetininga,355020,2024
SP,35016,Sao Paulo,355030,2024
SP,35103,Piracicaba,355040,2024
SP,35094,Ourinhos,355050,2024
SP,35163,Sorocaba,355060,2024
SP,35173,Litoral Norte,355070,2024
SP,35143,Rio Pardo,355080,2024
SP,35132,Aquifero Guarani,355090,2024
SP,35041,Baixada Santista,355100,2024
SP,35161,Itapetininga,355110,2024
SP,35061,Vale do Jurumirim,355120,2024
SP,35157,Votuporanga,355130,2024
SP,35132,Aquifero Guarani,355140,2024
SP,35074,Circuito das Aguas,355160,2024
SP,35132,Aquifero Guarani,355150,2024
SP,35131,Horizonte Verde,355170,2024
SP,35121,Vale do Ribeira,355180,2024
SP,35051,Norte - Barretos,355190,2024
SP,35172,Circuito da Fe e Vale Historico,355200,2024
SP,35071,Braganca,355210,2024
SP,35163,Sorocaba,355220,2024
SP,35022,Lagos do Drs II,355230,2024
SP,35072,Regiao Metropolitana de Campinas,355240,2024
SP,35022,Lagos do Drs II,355255,2024
SP,35011,Alto do Tiete,355250,2024
SP,35151,Catanduva,355260,2024
SP,35033,Noroeste do Drs III,355270,2024
SP,35013,Mananciais,355280,2024
SP,35112,Alta Sorocabana,355290,2024
SP,35061,Vale do Jurumirim,355300,2024
SP,35052,Sul - Barretos,355310,2024
SP,35052,Sul - Barretos,355320,2024
SP,35142,Mantiqueira,355330,2024
SP,35155,Sao Jose do Rio Preto,355340,2024
SP,35163,Sorocaba,355350,2024
SP,35143,Rio Pardo,355360,2024
SP,35052,Sul - Barretos,355365,2024
SP,35033,Noroeste do Drs III,355370,2024
SP,35061,Vale do Jurumirim,355380,2024
SP,35162,Itapeva,355385,2024
SP,35112,Alta Sorocabana,355390,2024
SP,35092,Assis,355395,2024
SP,35161,Itapetininga,355400,2024
SP,35174,Vale do Paraiba/regiao Serrana,355410,2024
SP,35061,Vale do Jurumirim,355420,2024
SP,35115,Pontal do Paranapanema,355430,2024
SP,35052,Sul - Barretos,355440,2024
SP,35163,Sorocaba,355450,2024
SP,35094,Ourinhos,355460,2024
SP,35063,Polo Cuesta,355465,2024
SP,35064,Jau,355470,2024
SP,35031,Central do Drs III,355475,2024
SP,35174,Vale do Paraiba/regiao Serrana,355480,2024
SP,35152,Santa Fe do Sul,355490,2024
SP,35071,Braganca,355495,2024
SP,35095,Tupa,355500,2024
SP,35111,Alta Paulista,355510,2024
SP,35023,Consorcios do Drs II,355520,2024
SP,35154,Fernandopolis,355530,2024
SP,35156,Jose Bonifacio,355535,2024
SP,35173,Litoral Norte,355540,2024
SP,35093,Marilia,355550,2024
SP,35155,Sao Jose do Rio Preto,355560,2024
SP,35156,Jose Bonifacio,355570,2024
SP,35153,Jales,355580,2024
SP,35065,Lins,355590,2024
SP,35151,Catanduva,355600,2024
SP,35157,Votuporanga,355610,2024
SP,35072,Regiao Metropolitana de Campinas,355620,2024
SP,35021,Central do Drs II,355630,2024
SP,35071,Braganca,355635,2024
SP,35142,Mantiqueira,355640,2024
SP,35013,Mananciais,355645,2024
SP,35073,Jundiai,355650,2024
SP,35093,Marilia,355660,2024
SP,35072,Regiao Metropolitana de Campinas,355670,2024
SP,35052,Sul - Barretos,355680,2024
SP,35052,Sul - Barretos,355690,2024
SP,35153,Jales,355695,2024
SP,35163,Sorocaba,355700,2024
SP,35157,Votuporanga,355710,2024
SP,35156,Jose Bonifacio,355715,2024
TO,17007,Cantao,170025,2024
TO,17002,Bico do Papagaio,170030,2024
TO,17005,Ilha do Bananal,170035,2024
TO,17003,Sudeste,170040,2024
TO,17005,Ilha do Bananal,170070,2024
TO,17002,Bico do Papagaio,170100,2024
TO,17002,Bico do Papagaio,170105,2024
TO,17006,Capim Dourado,170110,2024
TO,17001,Medio Norte Araguaia,170130,2024
TO,17007,Cantao,170190,2024
TO,17005,Ilha do Bananal,170200,2024
TO,17001,Medio Norte Araguaia,170210,2024
TO,17001,Medio Norte Araguaia,170215,2024
TO,17002,Bico do Papagaio,170220,2024
TO,17004,Cerrado Tocantins Araguaia,170230,2024
TO,17003,Sudeste,170240,2024
TO,17002,Bico do Papagaio,170255,2024
TO,17003,Sudeste,170270,2024
TO,17002,Bico do Papagaio,170290,2024
TO,17001,Medio Norte Araguaia,170300,2024
TO,17004,Cerrado Tocantins Araguaia,170305,2024
TO,17001,Medio Norte Araguaia,170307,2024
TO,17007,Cantao,170310,2024
TO,17004,Cerrado Tocantins Araguaia,170320,2024
TO,17004,Cerrado Tocantins Araguaia,170330,2024
TO,17004,Cerrado Tocantins Araguaia,170360,2024
TO,17008,Amor Perfeito,170370,2024
TO,17002,Bico do Papagaio,170380,2024
TO,17002,Bico do Papagaio,170382,2024
TO,17001,Medio Norte Araguaia,170384,2024
TO,17005,Ilha do Bananal,170386,2024
TO,17001,Medio Norte Araguaia,170388,2024
TO,17002,Bico do Papagaio,170389,2024
TO,17007,Cantao,170390,2024
TO,17004,Cerrado Tocantins Araguaia,170410,2024
TO,17008,Amor Perfeito,170510,2024
TO,17007,Cantao,170460,2024
TO,17004,Cerrado Tocantins Araguaia,170550,2024
TO,17004,Cerrado Tocantins Araguaia,171670,2024
TO,17003,Sudeste,170555,2024
TO,17003,Sudeste,170560,2024
TO,17004,Cerrado Tocantins Araguaia,170600,2024
TO,17007,Cantao,170610,2024
TO,17005,Ilha do Bananal,170625,2024
TO,17001,Medio Norte Araguaia,170650,2024
TO,17003,Sudeste,170700,2024
TO,17007,Cantao,170710,2024
TO,17007,Cantao,170720,2024
TO,17005,Ilha do Bananal,170730,2024
TO,17002,Bico do Papagaio,170740,2024
TO,17008,Amor Perfeito,170755,2024
TO,17005,Ilha do Bananal,170765,2024
TO,17001,Medio Norte Araguaia,170770,2024
TO,17005,Ilha do Bananal,170820,2024
TO,17006,Capim Dourado,170825,2024
TO,17004,Cerrado Tocantins Araguaia,170830,2024
TO,17001,Medio Norte Araguaia,170900,2024
TO,17004,Cerrado Tocantins Araguaia,170930,2024
TO,17005,Ilha do Bananal,170950,2024
TO,17008,Amor Perfeito,170980,2024
TO,17004,Cerrado Tocantins Araguaia,171050,2024
TO,17002,Bico do Papagaio,171070,2024
TO,17004,Cerrado Tocantins Araguaia,171090,2024
TO,17004,Cerrado Tocantins Araguaia,171110,2024
TO,17005,Ilha do Bananal,171150,2024
TO,17004,Cerrado Tocantins Araguaia,171180,2024
TO,17007,Cantao,171190,2024
TO,17006,Capim Dourado,171195,2024
TO,17006,Capim Dourado,171200,2024
TO,17003,Sudeste,171215,2024
TO,17006,Capim Dourado,171240,2024
TO,17002,Bico do Papagaio,171245,2024
TO,17007,Cantao,171250,2024
TO,17008,Amor Perfeito,171270,2024
TO,17002,Bico do Papagaio,171280,2024
TO,17006,Capim Dourado,171320,2024
TO,17006,Capim Dourado,171330,2024
TO,17008,Amor Perfeito,171360,2024
TO,17007,Cantao,171370,2024
TO,17001,Medio Norte Araguaia,171395,2024
TO,17008,Amor Perfeito,171420,2024
TO,17002,Bico do Papagaio,171430,2024
TO,17001,Medio Norte Araguaia,171488,2024
TO,17007,Cantao,171500,2024
TO,17006,Capim Dourado,171510,2024
TO,17003,Sudeste,171515,2024
TO,17003,Sudeste,171525,2024
TO,17008,Amor Perfeito,171550,2024
TO,17006,Capim Dourado,172100,2024
TO,17004,Cerrado Tocantins Araguaia,171570,2024
TO,17002,Bico do Papagaio,171380,2024
TO,17005,Ilha do Bananal,171575,2024
TO,17007,Cantao,171610,2024
TO,17003,Sudeste,171620,2024
TO,17001,Medio Norte Araguaia,171630,2024
TO,17004,Cerrado Tocantins Araguaia,171650,2024
TO,17005,Ilha do Bananal,171660,2024
TO,17004,Cerrado Tocantins Araguaia,171665,2024
TO,17008,Amor Perfeito,171700,2024
TO,17001,Medio Norte Araguaia,171720,2024
TO,17007,Cantao,171750,2024
TO,17003,Sudeste,171780,2024
TO,17008,Amor Perfeito,171790,2024
TO,17003,Sudeste,171800,2024
TO,17008,Amor Perfeito,171820,2024
TO,17002,Bico do Papagaio,171830,2024
TO,17004,Cerrado Tocantins Araguaia,171840,2024
TO,17007,Cantao,171845,2024
TO,17004,Cerrado Tocantins Araguaia,171850,2024
TO,17002,Bico do Papagaio,171855,2024
TO,17003,Sudeste,171865,2024
TO,17006,Capim Dourado,171870,2024
TO,17006,Capim Dourado,171875,2024
TO,17002,Bico do Papagaio,171880,2024
TO,17005,Ilha do Bananal,171884,2024
TO,17001,Medio Norte Araguaia,171886,2024
TO,17004,Cerrado Tocantins Araguaia,171888,2024
TO,17005,Ilha do Bananal,171889,2024
TO,17008,Amor Perfeito,171890,2024
TO,17006,Capim Dourado,171900,2024
TO,17002,Bico do Papagaio,172000,2024
TO,17002,Bico do Papagaio,172010,2024
TO,17006,Capim Dourado,172015,2024
TO,17002,Bico do Papagaio,172020,2024
TO,17005,Ilha do Bananal,172025,2024
TO,17002,Bico do Papagaio,172030,2024
TO,17005,Ilha do Bananal,172049,2024
TO,17008,Amor Perfeito,172065,2024
TO,17002,Bico do Papagaio,172080,2024
TO,17005,Ilha do Bananal,172085,2024
TO,17003,Sudeste,172090,2024
TO,17003,Sudeste,172093,2024
TO,17005,Ilha do Bananal,172097,2024
TO,17006,Capim Dourado,172110,2024
TO,17002,Bico do Papagaio,172120,2024
TO,17004,Cerrado Tocantins Araguaia,172125,2024
TO,17004,Cerrado Tocantins Araguaia,172130,2024
TO,17001,Medio Norte Araguaia,172208,2024
TO,17001,Medio Norte Araguaia,172210,2024
