estado_abrev,municipio_id_sdv,macro_id,macro_nome,regional_id,regional_nome
RO,110012,1101,Macrorregião II (Cacoal),11003,Central
RO,110030,1101,Macrorregião II (Cacoal),11006,Cone Sul
RO,110004,1101,Macrorregião II (Cacoal),11002,Café
RO,110028,1101,Macrorregião II (Cacoal),11005,Zona da Mata
RO,110018,1101,Macrorregião II (Cacoal),11002,Café
RO,110015,1101,Macrorregião II (Cacoal),11003,Central
RO,110009,1101,Macrorregião II (Cacoal),11002,Café
RO,110001,1101,Macrorregião II (Cacoal),11005,Zona da Mata
RO,110032,1101,Macrorregião II (Cacoal),11003,Central
RO,110025,1101,Macrorregião II (Cacoal),11003,Central
RO,110149,1101,Macrorregião II (Cacoal),11007,Vale do Guaporé
RO,110005,1101,Macrorregião II (Cacoal),11006,Cone Sul
RO,110014,1101,Macrorregião II (Cacoal),11005,Zona da Mata
RO,110006,1101,Macrorregião II (Cacoal),11006,Cone Sul
RO,110034,1101,Macrorregião II (Cacoal),11003,Central
RO,110008,1101,Macrorregião II (Cacoal),11007,Vale do Guaporé
RO,110150,1101,Macrorregião II (Cacoal),11007,Vale do Guaporé
RO,110037,1101,Macrorregião II (Cacoal),11005,Zona da Mata
RO,110170,1101,Macrorregião II (Cacoal),11003,Central
RO,110092,1101,Macrorregião II (Cacoal),11006,Cone Sul
RO,110130,1101,Macrorregião II (Cacoal),11003,Central
RO,110050,1101,Macrorregião II (Cacoal),11005,Zona da Mata
RO,110007,1101,Macrorregião II (Cacoal),11006,Cone Sul
RO,110029,1101,Macrorregião II (Cacoal),11005,Zona da Mata
RO,110180,1101,Macrorregião II (Cacoal),11003,Central
RO,110120,1101,Macrorregião II (Cacoal),11002,Café
RO,110143,1101,Macrorregião II (Cacoal),11003,Central
RO,110003,1101,Macrorregião II (Cacoal),11006,Cone Sul
RO,110148,1101,Macrorregião II (Cacoal),11002,Café
RO,110155,1101,Macrorregião II (Cacoal),11003,Central
RO,110145,1101,Macrorregião II (Cacoal),11005,Zona da Mata
RO,110090,1101,Macrorregião II (Cacoal),11005,Zona da Mata
RO,110147,1101,Macrorregião II (Cacoal),11002,Café
RO,110146,1101,Macrorregião II (Cacoal),11006,Cone Sul
RO,110020,1102,Macrorregião I - Porto Velho,11004,Madeira-Mamoré
RO,110002,1102,Macrorregião I - Porto Velho,11001,Vale do Jamari
RO,110011,1102,Macrorregião I - Porto Velho,11003,Central
RO,110010,1102,Macrorregião I - Porto Velho,11004,Madeira-Mamoré
RO,110013,1102,Macrorregião I - Porto Velho,11001,Vale do Jamari
RO,110045,1102,Macrorregião I - Porto Velho,11001,Vale do Jamari
RO,110033,1102,Macrorregião I - Porto Velho,11004,Madeira-Mamoré
RO,110080,1102,Macrorregião I - Porto Velho,11004,Madeira-Mamoré
RO,110040,1102,Macrorregião I - Porto Velho,11001,Vale do Jamari
RO,110094,1102,Macrorregião I - Porto Velho,11001,Vale do Jamari
RO,110140,1102,Macrorregião I - Porto Velho,11001,Vale do Jamari
RO,110070,1102,Macrorregião I - Porto Velho,11001,Vale do Jamari
RO,110110,1102,Macrorregião I - Porto Velho,11004,Madeira-Mamoré
RO,110160,1102,Macrorregião I - Porto Velho,11003,Central
RO,110100,1102,Macrorregião I - Porto Velho,11003,Central
RO,110175,1102,Macrorregião I - Porto Velho,11003,Central
RO,110060,1102,Macrorregião I - Porto Velho,11001,Vale do Jamari
RO,110026,1102,Macrorregião I - Porto Velho,11001,Vale do Jamari
AC,120040,1201,Macro Única - AC,12002,Baixo Acre e Purus
AC,120020,1201,Macro Única - AC,12003,Juruá e Tarauacá Envira
AC,120060,1201,Macro Única - AC,12003,Juruá e Tarauacá Envira
AC,120050,1201,Macro Única - AC,12002,Baixo Acre e Purus
AC,120030,1201,Macro Única - AC,12003,Juruá e Tarauacá Envira
AC,120010,1201,Macro Única - AC,12001,Alto Acre
AC,120045,1201,Macro Única - AC,12002,Baixo Acre e Purus
AC,120033,1201,Macro Única - AC,12003,Juruá e Tarauacá Envira
AC,120025,1201,Macro Única - AC,12001,Alto Acre
AC,120070,1201,Macro Única - AC,12001,Alto Acre
AC,120035,1201,Macro Única - AC,12003,Juruá e Tarauacá Envira
AC,120080,1201,Macro Única - AC,12002,Baixo Acre e Purus
AC,120038,1201,Macro Única - AC,12002,Baixo Acre e Purus
AC,120042,1201,Macro Única - AC,12003,Juruá e Tarauacá Envira
AC,120001,1201,Macro Única - AC,12002,Baixo Acre e Purus
AC,120013,1201,Macro Única - AC,12002,Baixo Acre e Purus
AC,120034,1201,Macro Única - AC,12002,Baixo Acre e Purus
AC,120039,1201,Macro Única - AC,12003,Juruá e Tarauacá Envira
AC,120017,1201,Macro Única - AC,12002,Baixo Acre e Purus
AC,120032,1201,Macro Única - AC,12002,Baixo Acre e Purus
AC,120005,1201,Macro Única - AC,12001,Alto Acre
AC,120043,1201,Macro Única - AC,12002,Baixo Acre e Purus
AM,130420,1302,Oeste,13008,Triângulo
AM,130406,1302,Oeste,13009,Alto Solimoes
AM,130060,1302,Oeste,13009,Alto Solimoes
AM,130140,1302,Oeste,13007,Regional Juruá
AM,130390,1302,Oeste,13009,Alto Solimoes
AM,130100,1302,Oeste,13007,Regional Juruá
AM,130370,1302,Oeste,13009,Alto Solimoes
AM,130160,1302,Oeste,13009,Alto Solimoes
AM,130230,1302,Oeste,13009,Alto Solimoes
AM,130180,1302,Oeste,13007,Regional Juruá
AM,130423,1302,Oeste,13009,Alto Solimoes
AM,130150,1302,Oeste,13007,Regional Juruá
AM,130002,1302,Oeste,13008,Triângulo
AM,130280,1302,Oeste,13008,Triângulo
AM,130020,1302,Oeste,13009,Alto Solimoes
AM,130426,1302,Oeste,13008,Triângulo
AM,130165,1302,Oeste,13007,Regional Juruá
AM,130195,1302,Oeste,13007,Regional Juruá
AM,130006,1302,Oeste,13009,Alto Solimoes
AM,130220,1302,Oeste,13008,Triângulo
AM,130210,1302,Oeste,13008,Triângulo
AM,130190,1303,Leste,13004,Medio Amazonas
AM,130340,1303,Leste,13005,Baixo Amazonas
AM,130290,1303,Leste,13005,Baixo Amazonas
AM,130170,1303,Leste,13003,Rio Madeira
AM,130270,1303,Leste,13003,Rio Madeira
AM,130080,1303,Leste,13003,Rio Madeira
AM,130050,1303,Leste,13005,Baixo Amazonas
AM,130440,1303,Leste,13004,Medio Amazonas
AM,130330,1303,Leste,13003,Rio Madeira
AM,130068,1303,Leste,13005,Baixo Amazonas
AM,130014,1303,Leste,13003,Rio Madeira
AM,130300,1303,Leste,13005,Baixo Amazonas
AM,130430,1303,Leste,13004,Medio Amazonas
AM,130395,1303,Leste,13004,Medio Amazonas
AM,130400,1303,Leste,13004,Medio Amazonas
AM,130200,1303,Leste,13004,Medio Amazonas
AM,130260,1304,Central,13001,"Manaus, Entorno e Alto Rio Negro"
AM,130250,1304,Central,13002,Rio Negro e Solimões
AM,130120,1304,Central,13002,Rio Negro e Solimões
AM,130185,1304,Central,13001,"Manaus, Entorno e Alto Rio Negro"
AM,130380,1304,Central,13001,"Manaus, Entorno e Alto Rio Negro"
AM,130240,1304,Central,13006,Regional Purus
AM,130030,1304,Central,13001,"Manaus, Entorno e Alto Rio Negro"
AM,130070,1304,Central,13006,Regional Purus
AM,130110,1304,Central,13001,"Manaus, Entorno e Alto Rio Negro"
AM,130353,1304,Central,13001,"Manaus, Entorno e Alto Rio Negro"
AM,130310,1304,Central,13001,"Manaus, Entorno e Alto Rio Negro"
AM,130356,1304,Central,13001,"Manaus, Entorno e Alto Rio Negro"
AM,130130,1304,Central,13002,Rio Negro e Solimões
AM,130063,1304,Central,13002,Rio Negro e Solimões
AM,130115,1304,Central,13001,"Manaus, Entorno e Alto Rio Negro"
AM,130410,1304,Central,13006,Regional Purus
AM,130350,1304,Central,13006,Regional Purus
AM,130040,1304,Central,13001,"Manaus, Entorno e Alto Rio Negro"
AM,130010,1304,Central,13002,Rio Negro e Solimões
AM,130255,1304,Central,13001,"Manaus, Entorno e Alto Rio Negro"
AM,130090,1304,Central,13006,Regional Purus
AM,130320,1304,Central,13002,Rio Negro e Solimões
AM,130360,1304,Central,13001,"Manaus, Entorno e Alto Rio Negro"
AM,130083,1304,Central,13002,Rio Negro e Solimões
AM,130008,1304,Central,13002,Rio Negro e Solimões
RR,140010,1401,Macro-Roraima,14001,Centro Norte
RR,140047,1401,Macro-Roraima,14002,Sul
RR,140005,1401,Macro-Roraima,14001,Centro Norte
RR,140020,1401,Macro-Roraima,14002,Sul
RR,140045,1401,Macro-Roraima,14001,Centro Norte
RR,140017,1401,Macro-Roraima,14001,Centro Norte
RR,140030,1401,Macro-Roraima,14001,Centro Norte
RR,140040,1401,Macro-Roraima,14001,Centro Norte
RR,140002,1401,Macro-Roraima,14001,Centro Norte
RR,140015,1401,Macro-Roraima,14001,Centro Norte
RR,140070,1401,Macro-Roraima,14001,Centro Norte
RR,140023,1401,Macro-Roraima,14002,Sul
RR,140028,1401,Macro-Roraima,14002,Sul
RR,140050,1401,Macro-Roraima,14002,Sul
RR,140060,1401,Macro-Roraima,14002,Sul
PA,150553,1509,Macrorregião IV,15003,Carajas
PA,150420,1509,Macrorregião IV,15003,Carajas
PA,150810,1509,Macrorregião IV,15004,Lago de Tucurui
PA,150613,1509,Macrorregião IV,15001,Araguaia
PA,150215,1509,Macrorregião IV,15003,Carajas
PA,150730,1509,Macrorregião IV,15001,Araguaia
PA,150506,1509,Macrorregião IV,15004,Lago de Tucurui
PA,150293,1509,Macrorregião IV,15003,Carajas
PA,150618,1509,Macrorregião IV,15003,Carajas
PA,150840,1509,Macrorregião IV,15001,Araguaia
PA,150370,1509,Macrorregião IV,15003,Carajas
PA,150178,1509,Macrorregião IV,15004,Lago de Tucurui
PA,150270,1509,Macrorregião IV,15001,Araguaia
PA,150808,1509,Macrorregião IV,15001,Araguaia
PA,150380,1509,Macrorregião IV,15004,Lago de Tucurui
PA,150543,1509,Macrorregião IV,15001,Araguaia
PA,150670,1509,Macrorregião IV,15001,Araguaia
PA,150295,1509,Macrorregião IV,15003,Carajas
PA,150309,1509,Macrorregião IV,15004,Lago de Tucurui
PA,150745,1509,Macrorregião IV,15003,Carajas
PA,150715,1509,Macrorregião IV,15003,Carajas
PA,150277,1509,Macrorregião IV,15003,Carajas
PA,150616,1509,Macrorregião IV,15001,Araguaia
PA,150034,1509,Macrorregião IV,15001,Araguaia
PA,150157,1509,Macrorregião IV,15003,Carajas
PA,150304,1509,Macrorregião IV,15001,Araguaia
PA,150658,1509,Macrorregião IV,15001,Araguaia
PA,150276,1509,Macrorregião IV,15001,Araguaia
PA,150497,1509,Macrorregião IV,15003,Carajas
PA,150750,1509,Macrorregião IV,15003,Carajas
PA,150563,1509,Macrorregião IV,15003,Carajas
PA,150013,1509,Macrorregião IV,15003,Carajas
PA,150555,1509,Macrorregião IV,15001,Araguaia
PA,150549,1509,Macrorregião IV,15003,Carajas
PA,150175,1509,Macrorregião IV,15003,Carajas
PA,150775,1509,Macrorregião IV,15001,Araguaia
PA,150125,1509,Macrorregião IV,15001,Araguaia
PA,150680,1510,Macrorregião III,15002,Baixo Amazonas
PA,150060,1510,Macrorregião III,15012,Xingu
PA,150360,1510,Macrorregião III,15010,Tapajós
PA,150040,1510,Macrorregião III,15002,Baixo Amazonas
PA,150530,1510,Macrorregião III,15002,Baixo Amazonas
PA,150480,1510,Macrorregião III,15002,Baixo Amazonas
PA,150510,1510,Macrorregião III,15002,Baixo Amazonas
PA,150390,1510,Macrorregião III,15002,Baixo Amazonas
PA,150815,1510,Macrorregião III,15012,Xingu
PA,150548,1510,Macrorregião III,15012,Xingu
PA,150590,1510,Macrorregião III,15012,Xingu
PA,150619,1510,Macrorregião III,15010,Tapajós
PA,150600,1510,Macrorregião III,15002,Baixo Amazonas
PA,150050,1510,Macrorregião III,15002,Baixo Amazonas
PA,150503,1510,Macrorregião III,15010,Tapajós
PA,150085,1510,Macrorregião III,15012,Xingu
PA,150445,1510,Macrorregião III,15012,Xingu
PA,150172,1510,Macrorregião III,15012,Xingu
PA,150375,1510,Macrorregião III,15010,Tapajós
PA,150475,1510,Macrorregião III,15002,Baixo Amazonas
PA,150780,1510,Macrorregião III,15012,Xingu
PA,150797,1510,Macrorregião III,15002,Baixo Amazonas
PA,150565,1510,Macrorregião III,15002,Baixo Amazonas
PA,150100,1510,Macrorregião III,15010,Tapajós
PA,150145,1510,Macrorregião III,15002,Baixo Amazonas
PA,150835,1510,Macrorregião III,15012,Xingu
PA,150805,1510,Macrorregião III,15010,Tapajós
PA,150285,1510,Macrorregião III,15002,Baixo Amazonas
PA,150300,1510,Macrorregião III,15002,Baixo Amazonas
PA,150240,1511,Macrorregião II,15008,Metropolitana III
PA,150170,1511,Macrorregião II,15009,Rio Caetés
PA,150550,1511,Macrorregião II,15008,Metropolitana III
PA,150650,1511,Macrorregião II,15007,Metropolitana II
PA,150220,1511,Macrorregião II,15009,Rio Caetés
PA,150800,1511,Macrorregião II,15007,Metropolitana II
PA,150020,1511,Macrorregião II,15007,Metropolitana II
PA,150830,1511,Macrorregião II,15009,Rio Caetés
PA,150230,1511,Macrorregião II,15008,Metropolitana III
PA,150760,1511,Macrorregião II,15008,Metropolitana III
PA,150820,1511,Macrorregião II,15007,Metropolitana II
PA,150620,1511,Macrorregião II,15009,Rio Caetés
PA,150090,1511,Macrorregião II,15009,Rio Caetés
PA,150290,1511,Macrorregião II,15008,Metropolitana III
PA,150812,1511,Macrorregião II,15008,Metropolitana III
PA,150320,1511,Macrorregião II,15008,Metropolitana III
PA,150405,1511,Macrorregião II,15008,Metropolitana III
PA,150350,1511,Macrorregião II,15008,Metropolitana III
PA,150720,1511,Macrorregião II,15008,Metropolitana III
PA,150345,1511,Macrorregião II,15008,Metropolitana III
PA,150803,1511,Macrorregião II,15009,Rio Caetés
PA,150700,1511,Macrorregião II,15007,Metropolitana II
PA,150275,1511,Macrorregião II,15007,Metropolitana II
PA,150440,1511,Macrorregião II,15008,Metropolitana III
PA,150430,1511,Macrorregião II,15008,Metropolitana III
PA,150307,1511,Macrorregião II,15008,Metropolitana III
PA,150660,1511,Macrorregião II,15008,Metropolitana III
PA,150190,1511,Macrorregião II,15007,Metropolitana II
PA,150095,1511,Macrorregião II,15008,Metropolitana III
PA,150747,1511,Macrorregião II,15009,Rio Caetés
PA,150495,1511,Macrorregião II,15008,Metropolitana III
PA,150655,1511,Macrorregião II,15009,Rio Caetés
PA,150195,1511,Macrorregião II,15009,Rio Caetés
PA,150540,1511,Macrorregião II,15009,Rio Caetés
PA,150710,1511,Macrorregião II,15007,Metropolitana II
PA,150740,1511,Macrorregião II,15008,Metropolitana III
PA,150260,1511,Macrorregião II,15007,Metropolitana II
PA,150500,1511,Macrorregião II,15009,Rio Caetés
PA,150160,1511,Macrorregião II,15009,Rio Caetés
PA,150611,1511,Macrorregião II,15009,Rio Caetés
PA,150610,1511,Macrorregião II,15009,Rio Caetés
PA,150796,1511,Macrorregião II,15008,Metropolitana III
PA,150340,1511,Macrorregião II,15008,Metropolitana III
PA,150560,1511,Macrorregião II,15009,Rio Caetés
PA,150410,1511,Macrorregião II,15008,Metropolitana III
PA,150690,1511,Macrorregião II,15009,Rio Caetés
PA,150746,1511,Macrorregião II,15008,Metropolitana III
PA,150140,1512,Macrorregião I,15006,Metropolitana I
PA,150080,1512,Macrorregião I,15006,Metropolitana I
PA,150010,1512,Macrorregião I,15011,Tocantins
PA,150210,1512,Macrorregião I,15011,Tocantins
PA,150130,1512,Macrorregião I,15011,Tocantins
PA,150442,1512,Macrorregião I,15006,Metropolitana I
PA,150180,1512,Macrorregião I,15014,Marajó II
PA,150470,1512,Macrorregião I,15011,Tocantins
PA,150795,1512,Macrorregião I,15011,Tocantins
PA,150330,1512,Macrorregião I,15011,Tocantins
PA,150150,1512,Macrorregião I,15006,Metropolitana I
PA,150580,1512,Macrorregião I,15014,Marajó II
PA,150120,1512,Macrorregião I,15011,Tocantins
PA,150490,1512,Macrorregião I,15013,Marajó I
PA,150030,1512,Macrorregião I,15013,Marajó I
PA,150280,1512,Macrorregião I,15014,Marajó II
PA,150520,1512,Macrorregião I,15011,Tocantins
PA,150110,1512,Macrorregião I,15014,Marajó II
PA,150310,1512,Macrorregião I,15014,Marajó II
PA,150400,1512,Macrorregião I,15011,Tocantins
PA,150070,1512,Macrorregião I,15014,Marajó II
PA,150450,1512,Macrorregião I,15014,Marajó II
PA,150460,1512,Macrorregião I,15011,Tocantins
PA,150770,1512,Macrorregião I,15013,Marajó I
PA,150570,1512,Macrorregião I,15013,Marajó I
PA,150790,1512,Macrorregião I,15013,Marajó I
PA,150630,1512,Macrorregião I,15013,Marajó I
PA,150200,1512,Macrorregião I,15013,Marajó I
PA,150635,1512,Macrorregião I,15006,Metropolitana I
PA,150250,1512,Macrorregião I,15013,Marajó I
PA,150640,1512,Macrorregião I,15013,Marajó I
AP,160030,1601,Macro Única - AP,16001,Area Central
AP,160060,1601,Macro Única - AP,16003,Area Sudoeste
AP,160027,1601,Macro Única - AP,16003,Area Sudoeste
AP,160050,1601,Macro Única - AP,16002,Area Norte
AP,160040,1601,Macro Única - AP,16003,Area Sudoeste
AP,160053,1601,Macro Única - AP,16001,Area Central
AP,160070,1601,Macro Única - AP,16002,Area Norte
AP,160015,1601,Macro Única - AP,16001,Area Central
AP,160080,1601,Macro Única - AP,16003,Area Sudoeste
AP,160020,1601,Macro Única - AP,16002,Area Norte
AP,160010,1601,Macro Única - AP,16002,Area Norte
AP,160023,1601,Macro Única - AP,16001,Area Central
AP,160025,1601,Macro Única - AP,16001,Area Central
AP,160005,1601,Macro Única - AP,16001,Area Central
AP,160021,1601,Macro Única - AP,16001,Area Central
AP,160055,1601,Macro Única - AP,16002,Area Norte
TO,170210,1701,Macrorregião de Saúde Norte,17001,Medio Norte Araguaia
TO,170550,1701,Macrorregião de Saúde Norte,17004,Cerrado Tocantins Araguaia
TO,170220,1701,Macrorregião de Saúde Norte,17002,Bico do Papagaio
TO,170930,1701,Macrorregião de Saúde Norte,17004,Cerrado Tocantins Araguaia
TO,172120,1701,Macrorregião de Saúde Norte,17002,Bico do Papagaio
TO,170255,1701,Macrorregião de Saúde Norte,17002,Bico do Papagaio
TO,171650,1701,Macrorregião de Saúde Norte,17004,Cerrado Tocantins Araguaia
TO,172020,1701,Macrorregião de Saúde Norte,17002,Bico do Papagaio
TO,170900,1701,Macrorregião de Saúde Norte,17001,Medio Norte Araguaia
TO,172080,1701,Macrorregião de Saúde Norte,17002,Bico do Papagaio
TO,172208,1701,Macrorregião de Saúde Norte,17001,Medio Norte Araguaia
TO,172210,1701,Macrorregião de Saúde Norte,17001,Medio Norte Araguaia
TO,171488,1701,Macrorregião de Saúde Norte,17001,Medio Norte Araguaia
TO,170100,1701,Macrorregião de Saúde Norte,17002,Bico do Papagaio
TO,170380,1701,Macrorregião de Saúde Norte,17002,Bico do Papagaio
TO,170290,1701,Macrorregião de Saúde Norte,17002,Bico do Papagaio
TO,171830,1701,Macrorregião de Saúde Norte,17002,Bico do Papagaio
TO,171670,1701,Macrorregião de Saúde Norte,17004,Cerrado Tocantins Araguaia
TO,170384,1701,Macrorregião de Saúde Norte,17001,Medio Norte Araguaia
TO,170300,1701,Macrorregião de Saúde Norte,17001,Medio Norte Araguaia
TO,170770,1701,Macrorregião de Saúde Norte,17001,Medio Norte Araguaia
TO,170740,1701,Macrorregião de Saúde Norte,17002,Bico do Papagaio
TO,171886,1701,Macrorregião de Saúde Norte,17001,Medio Norte Araguaia
TO,171050,1701,Macrorregião de Saúde Norte,17004,Cerrado Tocantins Araguaia
TO,170650,1701,Macrorregião de Saúde Norte,17001,Medio Norte Araguaia
TO,172010,1701,Macrorregião de Saúde Norte,17002,Bico do Papagaio
TO,170230,1701,Macrorregião de Saúde Norte,17004,Cerrado Tocantins Araguaia
TO,170600,1701,Macrorregião de Saúde Norte,17004,Cerrado Tocantins Araguaia
TO,170130,1701,Macrorregião de Saúde Norte,17001,Medio Norte Araguaia
TO,171070,1701,Macrorregião de Saúde Norte,17002,Bico do Papagaio
TO,171665,1701,Macrorregião de Saúde Norte,17004,Cerrado Tocantins Araguaia
TO,171380,1701,Macrorregião de Saúde Norte,17002,Bico do Papagaio
TO,171570,1701,Macrorregião de Saúde Norte,17004,Cerrado Tocantins Araguaia
TO,170830,1701,Macrorregião de Saúde Norte,17004,Cerrado Tocantins Araguaia
TO,171430,1701,Macrorregião de Saúde Norte,17002,Bico do Papagaio
TO,170030,1701,Macrorregião de Saúde Norte,17002,Bico do Papagaio
TO,170307,1701,Macrorregião de Saúde Norte,17001,Medio Norte Araguaia
TO,170215,1701,Macrorregião de Saúde Norte,17001,Medio Norte Araguaia
TO,170320,1701,Macrorregião de Saúde Norte,17004,Cerrado Tocantins Araguaia
TO,171880,1701,Macrorregião de Saúde Norte,17002,Bico do Papagaio
TO,172030,1701,Macrorregião de Saúde Norte,17002,Bico do Papagaio
TO,171630,1701,Macrorregião de Saúde Norte,17001,Medio Norte Araguaia
TO,170330,1701,Macrorregião de Saúde Norte,17004,Cerrado Tocantins Araguaia
TO,171855,1701,Macrorregião de Saúde Norte,17002,Bico do Papagaio
TO,171090,1701,Macrorregião de Saúde Norte,17004,Cerrado Tocantins Araguaia
TO,171850,1701,Macrorregião de Saúde Norte,17004,Cerrado Tocantins Araguaia
TO,170305,1701,Macrorregião de Saúde Norte,17004,Cerrado Tocantins Araguaia
TO,171395,1701,Macrorregião de Saúde Norte,17001,Medio Norte Araguaia
TO,170389,1701,Macrorregião de Saúde Norte,17002,Bico do Papagaio
TO,171280,1701,Macrorregião de Saúde Norte,17002,Bico do Papagaio
TO,171840,1701,Macrorregião de Saúde Norte,17004,Cerrado Tocantins Araguaia
TO,170105,1701,Macrorregião de Saúde Norte,17002,Bico do Papagaio
TO,171245,1701,Macrorregião de Saúde Norte,17002,Bico do Papagaio
TO,171888,1701,Macrorregião de Saúde Norte,17004,Cerrado Tocantins Araguaia
TO,172000,1701,Macrorregião de Saúde Norte,17002,Bico do Papagaio
TO,171110,1701,Macrorregião de Saúde Norte,17004,Cerrado Tocantins Araguaia
TO,171720,1701,Macrorregião de Saúde Norte,17001,Medio Norte Araguaia
TO,171180,1701,Macrorregião de Saúde Norte,17004,Cerrado Tocantins Araguaia
TO,170388,1701,Macrorregião de Saúde Norte,17001,Medio Norte Araguaia
TO,170410,1701,Macrorregião de Saúde Norte,17004,Cerrado Tocantins Araguaia
TO,170360,1701,Macrorregião de Saúde Norte,17004,Cerrado Tocantins Araguaia
TO,170382,1701,Macrorregião de Saúde Norte,17002,Bico do Papagaio
TO,172125,1701,Macrorregião de Saúde Norte,17004,Cerrado Tocantins Araguaia
TO,172130,1701,Macrorregião de Saúde Norte,17004,Cerrado Tocantins Araguaia
TO,172100,1702,Macrorregião Centro-Sul,17006,Capim Dourado
TO,170950,1702,Macrorregião Centro-Sul,17005,Ilha do Bananal
TO,171820,1702,Macrorregião Centro-Sul,17008,Amor Perfeito
TO,171610,1702,Macrorregião Centro-Sul,17007,Cantao
TO,170820,1702,Macrorregião Centro-Sul,17005,Ilha do Bananal
TO,171320,1702,Macrorregião Centro-Sul,17006,Capim Dourado
TO,170700,1702,Macrorregião Centro-Sul,17003,Sudeste
TO,171190,1702,Macrorregião Centro-Sul,17007,Cantao
TO,172090,1702,Macrorregião Centro-Sul,17003,Sudeste
TO,171330,1702,Macrorregião Centro-Sul,17006,Capim Dourado
TO,171620,1702,Macrorregião Centro-Sul,17003,Sudeste
TO,170240,1702,Macrorregião Centro-Sul,17003,Sudeste
TO,171660,1702,Macrorregião Centro-Sul,17005,Ilha do Bananal
TO,170070,1702,Macrorregião Centro-Sul,17005,Ilha do Bananal
TO,171420,1702,Macrorregião Centro-Sul,17008,Amor Perfeito
TO,170200,1702,Macrorregião Centro-Sul,17005,Ilha do Bananal
TO,171790,1702,Macrorregião Centro-Sul,17008,Amor Perfeito
TO,172110,1702,Macrorregião Centro-Sul,17006,Capim Dourado
TO,171750,1702,Macrorregião Centro-Sul,17007,Cantao
TO,170710,1702,Macrorregião Centro-Sul,17007,Cantao
TO,171575,1702,Macrorregião Centro-Sul,17005,Ilha do Bananal
TO,170040,1702,Macrorregião Centro-Sul,17003,Sudeste
TO,170610,1702,Macrorregião Centro-Sul,17007,Cantao
TO,170720,1702,Macrorregião Centro-Sul,17007,Cantao
TO,170190,1702,Macrorregião Centro-Sul,17007,Cantao
TO,171360,1702,Macrorregião Centro-Sul,17008,Amor Perfeito
TO,170765,1702,Macrorregião Centro-Sul,17005,Ilha do Bananal
TO,170035,1702,Macrorregião Centro-Sul,17005,Ilha do Bananal
TO,172065,1702,Macrorregião Centro-Sul,17008,Amor Perfeito
TO,170110,1702,Macrorregião Centro-Sul,17006,Capim Dourado
TO,170390,1702,Macrorregião Centro-Sul,17007,Cantao
TO,170310,1702,Macrorregião Centro-Sul,17007,Cantao
TO,171875,1702,Macrorregião Centro-Sul,17006,Capim Dourado
TO,170555,1702,Macrorregião Centro-Sul,17003,Sudeste
TO,170370,1702,Macrorregião Centro-Sul,17008,Amor Perfeito
TO,171890,1702,Macrorregião Centro-Sul,17008,Amor Perfeito
TO,171250,1702,Macrorregião Centro-Sul,17007,Cantao
TO,171700,1702,Macrorregião Centro-Sul,17008,Amor Perfeito
TO,172049,1702,Macrorregião Centro-Sul,17005,Ilha do Bananal
TO,170730,1702,Macrorregião Centro-Sul,17005,Ilha do Bananal
TO,171780,1702,Macrorregião Centro-Sul,17003,Sudeste
TO,170386,1702,Macrorregião Centro-Sul,17005,Ilha do Bananal
TO,171510,1702,Macrorregião Centro-Sul,17006,Capim Dourado
TO,170560,1702,Macrorregião Centro-Sul,17003,Sudeste
TO,171884,1702,Macrorregião Centro-Sul,17005,Ilha do Bananal
TO,171195,1702,Macrorregião Centro-Sul,17006,Capim Dourado
TO,170755,1702,Macrorregião Centro-Sul,17008,Amor Perfeito
TO,170825,1702,Macrorregião Centro-Sul,17006,Capim Dourado
TO,171500,1702,Macrorregião Centro-Sul,17007,Cantao
TO,171200,1702,Macrorregião Centro-Sul,17006,Capim Dourado
TO,170270,1702,Macrorregião Centro-Sul,17003,Sudeste
TO,171150,1702,Macrorregião Centro-Sul,17005,Ilha do Bananal
TO,170510,1702,Macrorregião Centro-Sul,17008,Amor Perfeito
TO,171240,1702,Macrorregião Centro-Sul,17006,Capim Dourado
TO,171800,1702,Macrorregião Centro-Sul,17003,Sudeste
TO,171900,1702,Macrorregião Centro-Sul,17006,Capim Dourado
TO,171270,1702,Macrorregião Centro-Sul,17008,Amor Perfeito
TO,171870,1702,Macrorregião Centro-Sul,17006,Capim Dourado
TO,170025,1702,Macrorregião Centro-Sul,17007,Cantao
TO,172097,1702,Macrorregião Centro-Sul,17005,Ilha do Bananal
TO,171370,1702,Macrorregião Centro-Sul,17007,Cantao
TO,172025,1702,Macrorregião Centro-Sul,17005,Ilha do Bananal
TO,171525,1702,Macrorregião Centro-Sul,17003,Sudeste
TO,171889,1702,Macrorregião Centro-Sul,17005,Ilha do Bananal
TO,171845,1702,Macrorregião Centro-Sul,17007,Cantao
TO,172093,1702,Macrorregião Centro-Sul,17003,Sudeste
TO,171515,1702,Macrorregião Centro-Sul,17003,Sudeste
TO,172015,1702,Macrorregião Centro-Sul,17006,Capim Dourado
TO,171865,1702,Macrorregião Centro-Sul,17003,Sudeste
TO,171215,1702,Macrorregião Centro-Sul,17003,Sudeste
TO,170980,1702,Macrorregião Centro-Sul,17008,Amor Perfeito
TO,172085,1702,Macrorregião Centro-Sul,17005,Ilha do Bananal
TO,170460,1702,Macrorregião Centro-Sul,17007,Cantao
TO,170625,1702,Macrorregião Centro-Sul,17005,Ilha do Bananal
TO,171550,1702,Macrorregião Centro-Sul,17008,Amor Perfeito
MA,210530,2109,Macrorregião Sul,21008,Imperatriz
MA,210005,2109,Macrorregião Sul,21001,Acailandia
MA,210140,2109,Macrorregião Sul,21003,Balsas
MA,210160,2109,Macrorregião Sul,21004,Barra do Corda
MA,210480,2109,Macrorregião Sul,21004,Barra do Corda
MA,210232,2109,Macrorregião Sul,21001,Acailandia
MA,210060,2109,Macrorregião Sul,21008,Imperatriz
MA,210405,2109,Macrorregião Sul,21008,Imperatriz
MA,210203,2109,Macrorregião Sul,21001,Acailandia
MA,210095,2109,Macrorregião Sul,21004,Barra do Corda
MA,210550,2109,Macrorregião Sul,21008,Imperatriz
MA,210280,2109,Macrorregião Sul,21008,Imperatriz
MA,210900,2109,Macrorregião Sul,21008,Imperatriz
MA,210542,2109,Macrorregião Sul,21001,Acailandia
MA,210950,2109,Macrorregião Sul,21003,Balsas
MA,211160,2109,Macrorregião Sul,21003,Balsas
MA,210455,2109,Macrorregião Sul,21008,Imperatriz
MA,210409,2109,Macrorregião Sul,21003,Balsas
MA,210547,2109,Macrorregião Sul,21004,Barra do Corda
MA,211180,2109,Macrorregião Sul,21008,Imperatriz
MA,211176,2109,Macrorregião Sul,21008,Imperatriz
MA,210375,2109,Macrorregião Sul,21008,Imperatriz
MA,210535,2109,Macrorregião Sul,21004,Barra do Corda
MA,211153,2109,Macrorregião Sul,21001,Acailandia
MA,210235,2109,Macrorregião Sul,21008,Imperatriz
MA,210325,2109,Macrorregião Sul,21001,Acailandia
MA,210410,2109,Macrorregião Sul,21003,Balsas
MA,210255,2109,Macrorregião Sul,21008,Imperatriz
MA,210610,2109,Macrorregião Sul,21003,Balsas
MA,210050,2109,Macrorregião Sul,21003,Balsas
MA,210408,2109,Macrorregião Sul,21004,Barra do Corda
MA,211285,2109,Macrorregião Sul,21001,Acailandia
MA,211105,2109,Macrorregião Sul,21008,Imperatriz
MA,210700,2109,Macrorregião Sul,21008,Imperatriz
MA,211085,2109,Macrorregião Sul,21001,Acailandia
MA,211200,2109,Macrorregião Sul,21003,Balsas
MA,210407,2109,Macrorregião Sul,21003,Balsas
MA,210955,2109,Macrorregião Sul,21008,Imperatriz
MA,210598,2109,Macrorregião Sul,21008,Imperatriz
MA,211157,2109,Macrorregião Sul,21003,Balsas
MA,210970,2109,Macrorregião Sul,21003,Balsas
MA,210725,2109,Macrorregião Sul,21003,Balsas
MA,211080,2109,Macrorregião Sul,21003,Balsas
MA,211130,2110,Macrorregião Norte,21016,São Luis
MA,211120,2110,Macrorregião Norte,21016,São Luis
MA,210750,2110,Macrorregião Norte,21016,São Luis
MA,210120,2110,Macrorregião Norte,21002,Bacabal
MA,210990,2110,Macrorregião Norte,21014,Santa Ines
MA,210860,2110,Macrorregião Norte,21011,Pinheiro
MA,210320,2110,Macrorregião Norte,21006,Chapadinha
MA,210170,2110,Macrorregião Norte,21013,Rosário
MA,210540,2110,Macrorregião Norte,21009,Itapecuru Mirim
MA,211000,2110,Macrorregião Norte,21014,Santa Ines
MA,211250,2110,Macrorregião Norte,21006,Chapadinha
MA,211280,2110,Macrorregião Norte,21018,Viana
MA,211050,2110,Macrorregião Norte,21018,Viana
MA,211270,2110,Macrorregião Norte,21009,Itapecuru Mirim
MA,210980,2110,Macrorregião Norte,21011,Pinheiro
MA,211400,2110,Macrorregião Norte,21019,Zé Doca
MA,210090,2110,Macrorregião Norte,21006,Chapadinha
MA,210960,2110,Macrorregião Norte,21013,Rosário
MA,211240,2110,Macrorregião Norte,21011,Pinheiro
MA,211020,2110,Macrorregião Norte,21013,Rosário
MA,210210,2110,Macrorregião Norte,21006,Chapadinha
MA,210200,2110,Macrorregião Norte,21014,Santa Ines
MA,211260,2110,Macrorregião Norte,21009,Itapecuru Mirim
MA,210830,2110,Macrorregião Norte,21018,Viana
MA,211245,2110,Macrorregião Norte,21011,Pinheiro
MA,210370,2110,Macrorregião Norte,21011,Pinheiro
MA,210850,2110,Macrorregião Norte,21014,Santa Ines
MA,211300,2110,Macrorregião Norte,21002,Bacabal
MA,210945,2110,Macrorregião Norte,21016,São Luis
MA,211290,2110,Macrorregião Norte,21009,Itapecuru Mirim
MA,210100,2110,Macrorregião Norte,21009,Itapecuru Mirim
MA,210690,2110,Macrorregião Norte,21014,Santa Ines
MA,211060,2110,Macrorregião Norte,21006,Chapadinha
MA,210047,2110,Macrorregião Norte,21014,Santa Ines
MA,210500,2110,Macrorregião Norte,21013,Rosário
MA,210070,2110,Macrorregião Norte,21009,Itapecuru Mirim
MA,210510,2110,Macrorregião Norte,21013,Rosário
MA,210825,2110,Macrorregião Norte,21011,Pinheiro
MA,211003,2110,Macrorregião Norte,21019,Zé Doca
MA,210270,2110,Macrorregião Norte,21009,Itapecuru Mirim
MA,210290,2110,Macrorregião Norte,21019,Zé Doca
MA,211010,2110,Macrorregião Norte,21006,Chapadinha
MA,210675,2110,Macrorregião Norte,21009,Itapecuru Mirim
MA,210467,2110,Macrorregião Norte,21019,Zé Doca
MA,210650,2110,Macrorregião Norte,21018,Viana
MA,210870,2110,Macrorregião Norte,21014,Santa Ines
MA,210632,2110,Macrorregião Norte,21019,Zé Doca
MA,210760,2110,Macrorregião Norte,21018,Viana
MA,210810,2110,Macrorregião Norte,21002,Bacabal
MA,210260,2110,Macrorregião Norte,21019,Zé Doca
MA,210190,2110,Macrorregião Norte,21011,Pinheiro
MA,211170,2110,Macrorregião Norte,21018,Viana
MA,210710,2110,Macrorregião Norte,21013,Rosário
MA,211100,2110,Macrorregião Norte,21018,Viana
MA,210020,2110,Macrorregião Norte,21016,São Luis
MA,211040,2110,Macrorregião Norte,21009,Itapecuru Mirim
MA,210740,2110,Macrorregião Norte,21002,Bacabal
MA,211140,2110,Macrorregião Norte,21002,Bacabal
MA,210880,2110,Macrorregião Norte,21009,Itapecuru Mirim
MA,210083,2110,Macrorregião Norte,21011,Pinheiro
MA,210927,2110,Macrorregião Norte,21011,Pinheiro
MA,210663,2110,Macrorregião Norte,21009,Itapecuru Mirim
MA,210640,2110,Macrorregião Norte,21006,Chapadinha
MA,210805,2110,Macrorregião Norte,21006,Chapadinha
MA,210125,2110,Macrorregião Norte,21013,Rosário
MA,210250,2110,Macrorregião Norte,21018,Viana
MA,210130,2110,Macrorregião Norte,21011,Pinheiro
MA,210317,2110,Macrorregião Norte,21019,Zé Doca
MA,210355,2110,Macrorregião Norte,21002,Bacabal
MA,210590,2110,Macrorregião Norte,21002,Bacabal
MA,210735,2110,Macrorregião Norte,21019,Zé Doca
MA,210720,2110,Macrorregião Norte,21009,Itapecuru Mirim
MA,210680,2110,Macrorregião Norte,21011,Pinheiro
MA,210515,2110,Macrorregião Norte,21014,Santa Ines
MA,211027,2110,Macrorregião Norte,21013,Rosário
MA,210630,2110,Macrorregião Norte,21006,Chapadinha
MA,210080,2110,Macrorregião Norte,21006,Chapadinha
MA,210637,2110,Macrorregião Norte,21019,Zé Doca
MA,210940,2110,Macrorregião Norte,21013,Rosário
MA,210745,2110,Macrorregião Norte,21018,Viana
MA,210315,2110,Macrorregião Norte,21019,Zé Doca
MA,211102,2110,Macrorregião Norte,21014,Santa Ines
MA,210207,2110,Macrorregião Norte,21002,Bacabal
MA,210015,2110,Macrorregião Norte,21006,Chapadinha
MA,210110,2110,Macrorregião Norte,21013,Rosário
MA,210177,2110,Macrorregião Norte,21014,Santa Ines
MA,210920,2110,Macrorregião Norte,21013,Rosário
MA,210087,2110,Macrorregião Norte,21019,Zé Doca
MA,210840,2110,Macrorregião Norte,21011,Pinheiro
MA,210465,2110,Macrorregião Norte,21014,Santa Ines
MA,211023,2110,Macrorregião Norte,21006,Chapadinha
MA,210930,2110,Macrorregião Norte,21009,Itapecuru Mirim
MA,210490,2110,Macrorregião Norte,21011,Pinheiro
MA,210310,2110,Macrorregião Norte,21011,Pinheiro
MA,211178,2110,Macrorregião Norte,21011,Pinheiro
MA,210430,2110,Macrorregião Norte,21019,Zé Doca
MA,210240,2110,Macrorregião Norte,21018,Viana
MA,210237,2110,Macrorregião Norte,21013,Rosário
MA,210215,2110,Macrorregião Norte,21002,Bacabal
MA,210667,2110,Macrorregião Norte,21006,Chapadinha
MA,211172,2110,Macrorregião Norte,21014,Santa Ines
MA,210173,2110,Macrorregião Norte,21009,Itapecuru Mirim
MA,210197,2110,Macrorregião Norte,21019,Zé Doca
MA,210055,2110,Macrorregião Norte,21019,Zé Doca
MA,210620,2110,Macrorregião Norte,21019,Zé Doca
MA,210312,2110,Macrorregião Norte,21011,Pinheiro
MA,210635,2110,Macrorregião Norte,21002,Bacabal
MA,210040,2110,Macrorregião Norte,21002,Bacabal
MA,210905,2110,Macrorregião Norte,21011,Pinheiro
MA,211227,2110,Macrorregião Norte,21014,Santa Ines
MA,210135,2110,Macrorregião Norte,21018,Viana
MA,210565,2110,Macrorregião Norte,21019,Zé Doca
MA,210923,2110,Macrorregião Norte,21019,Zé Doca
MA,211220,2111,Macrorregião Leste,21017,Timon
MA,210300,2111,Macrorregião Leste,21005,Caxias
MA,210330,2111,Macrorregião Leste,21007,Codo
MA,210360,2111,Macrorregião Leste,21007,Codo
MA,210910,2111,Macrorregião Leste,21012,Presidente Dutra
MA,210570,2111,Macrorregião Leste,21010,Pedreiras
MA,210340,2111,Macrorregião Leste,21005,Caxias
MA,210350,2111,Macrorregião Leste,21015,São João dos Patos
MA,211150,2111,Macrorregião Leste,21007,Codo
MA,210820,2111,Macrorregião Leste,21010,Pedreiras
MA,211230,2111,Macrorregião Leste,21012,Presidente Dutra
MA,211070,2111,Macrorregião Leste,21012,Presidente Dutra
MA,210660,2111,Macrorregião Leste,21017,Timon
MA,210780,2111,Macrorregião Leste,21017,Timon
MA,210220,2111,Macrorregião Leste,21005,Caxias
MA,211210,2111,Macrorregião Leste,21007,Codo
MA,211110,2111,Macrorregião Leste,21015,São João dos Patos
MA,210043,2111,Macrorregião Leste,21007,Codo
MA,210030,2111,Macrorregião Leste,21005,Caxias
MA,210380,2111,Macrorregião Leste,21012,Presidente Dutra
MA,211223,2111,Macrorregião Leste,21010,Pedreiras
MA,210230,2111,Macrorregião Leste,21015,São João dos Patos
MA,210670,2111,Macrorregião Leste,21015,São João dos Patos
MA,210845,2111,Macrorregião Leste,21007,Codo
MA,210150,2111,Macrorregião Leste,21015,São João dos Patos
MA,210800,2111,Macrorregião Leste,21015,São João dos Patos
MA,210400,2111,Macrorregião Leste,21010,Pedreiras
MA,210770,2111,Macrorregião Leste,21015,São João dos Patos
MA,210790,2111,Macrorregião Leste,21015,São João dos Patos
MA,210440,2111,Macrorregião Leste,21012,Presidente Dutra
MA,210890,2111,Macrorregião Leste,21010,Pedreiras
MA,210420,2111,Macrorregião Leste,21012,Presidente Dutra
MA,211107,2111,Macrorregião Leste,21005,Caxias
MA,210560,2111,Macrorregião Leste,21012,Presidente Dutra
MA,211030,2111,Macrorregião Leste,21012,Presidente Dutra
MA,210460,2111,Macrorregião Leste,21012,Presidente Dutra
MA,211090,2111,Macrorregião Leste,21017,Timon
MA,210596,2111,Macrorregião Leste,21010,Pedreiras
MA,210275,2111,Macrorregião Leste,21012,Presidente Dutra
MA,210600,2111,Macrorregião Leste,21010,Pedreiras
MA,210592,2111,Macrorregião Leste,21015,São João dos Patos
MA,211190,2111,Macrorregião Leste,21015,São João dos Patos
MA,210520,2111,Macrorregião Leste,21010,Pedreiras
MA,210450,2111,Macrorregião Leste,21012,Presidente Dutra
MA,210390,2111,Macrorregião Leste,21005,Caxias
MA,211174,2111,Macrorregião Leste,21012,Presidente Dutra
MA,210580,2111,Macrorregião Leste,21010,Pedreiras
MA,210594,2111,Macrorregião Leste,21010,Pedreiras
MA,211065,2111,Macrorregião Leste,21015,São João dos Patos
MA,210545,2111,Macrorregião Leste,21015,São João dos Patos
MA,210462,2111,Macrorregião Leste,21012,Presidente Dutra
MA,211125,2111,Macrorregião Leste,21012,Presidente Dutra
MA,210975,2111,Macrorregião Leste,21012,Presidente Dutra
MA,210010,2111,Macrorregião Leste,21005,Caxias
MA,210470,2111,Macrorregião Leste,21012,Presidente Dutra
MA,210193,2111,Macrorregião Leste,21010,Pedreiras
MA,211163,2111,Macrorregião Leste,21010,Pedreiras
MA,210180,2111,Macrorregião Leste,21015,São João dos Patos
MA,211195,2111,Macrorregião Leste,21015,São João dos Patos
MA,211167,2111,Macrorregião Leste,21010,Pedreiras
MA,210730,2111,Macrorregião Leste,21015,São João dos Patos
PI,220800,2207,Semi-Árido,22009,Vale do Rio Guaribas
PI,220700,2207,Semi-Árido,22008,Vale do Canindé
PI,221130,2207,Semi-Árido,22010,Vale do Sambito
PI,220780,2207,Semi-Árido,22012,Chapada Vale do Rio Itaim
PI,220820,2207,Semi-Árido,22009,Vale do Rio Guaribas
PI,220520,2207,Semi-Árido,22012,Chapada Vale do Rio Itaim
PI,220470,2207,Semi-Árido,22010,Vale do Sambito
PI,221070,2207,Semi-Árido,22012,Chapada Vale do Rio Itaim
PI,221080,2207,Semi-Árido,22008,Vale do Canindé
PI,220350,2207,Semi-Árido,22010,Vale do Sambito
PI,220810,2207,Semi-Árido,22010,Vale do Sambito
PI,220500,2207,Semi-Árido,22009,Vale do Rio Guaribas
PI,220430,2207,Semi-Árido,22009,Vale do Rio Guaribas
PI,220480,2207,Semi-Árido,22009,Vale do Rio Guaribas
PI,220865,2207,Semi-Árido,22012,Chapada Vale do Rio Itaim
PI,220595,2207,Semi-Árido,22012,Chapada Vale do Rio Itaim
PI,220420,2207,Semi-Árido,22009,Vale do Rio Guaribas
PI,220490,2207,Semi-Árido,22008,Vale do Canindé
PI,220650,2207,Semi-Árido,22009,Vale do Rio Guaribas
PI,220277,2207,Semi-Árido,22008,Vale do Canindé
PI,220025,2207,Semi-Árido,22009,Vale do Rio Guaribas
PI,221020,2207,Semi-Árido,22009,Vale do Rio Guaribas
PI,220005,2207,Semi-Árido,22012,Chapada Vale do Rio Itaim
PI,220720,2207,Semi-Árido,22012,Chapada Vale do Rio Itaim
PI,220340,2207,Semi-Árido,22009,Vale do Rio Guaribas
PI,221093,2207,Semi-Árido,22009,Vale do Rio Guaribas
PI,220173,2207,Semi-Árido,22012,Chapada Vale do Rio Itaim
PI,220690,2207,Semi-Árido,22010,Vale do Sambito
PI,221030,2207,Semi-Árido,22009,Vale do Rio Guaribas
PI,220213,2207,Semi-Árido,22009,Vale do Rio Guaribas
PI,220940,2207,Semi-Árido,22009,Vale do Rio Guaribas
PI,220910,2207,Semi-Árido,22009,Vale do Rio Guaribas
PI,220515,2207,Semi-Árido,22012,Chapada Vale do Rio Itaim
PI,220965,2207,Semi-Árido,22008,Vale do Canindé
PI,220209,2207,Semi-Árido,22012,Chapada Vale do Rio Itaim
PI,220435,2207,Semi-Árido,22009,Vale do Rio Guaribas
PI,220777,2207,Semi-Árido,22012,Chapada Vale do Rio Itaim
PI,220090,2207,Semi-Árido,22010,Vale do Sambito
PI,220605,2207,Semi-Árido,22012,Chapada Vale do Rio Itaim
PI,220327,2207,Semi-Árido,22012,Chapada Vale do Rio Itaim
PI,220255,2207,Semi-Árido,22012,Chapada Vale do Rio Itaim
PI,220210,2207,Semi-Árido,22008,Vale do Canindé
PI,220280,2207,Semi-Árido,22008,Vale do Canindé
PI,220937,2207,Semi-Árido,22008,Vale do Canindé
PI,220027,2207,Semi-Árido,22009,Vale do Rio Guaribas
PI,220559,2207,Semi-Árido,22010,Vale do Sambito
PI,220400,2207,Semi-Árido,22010,Vale do Sambito
PI,221140,2207,Semi-Árido,22010,Vale do Sambito
PI,220995,2207,Semi-Árido,22008,Vale do Canindé
PI,220985,2207,Semi-Árido,22009,Vale do Rio Guaribas
PI,220935,2207,Semi-Árido,22009,Vale do Rio Guaribas
PI,220155,2207,Semi-Árido,22008,Vale do Canindé
PI,220180,2207,Semi-Árido,22009,Vale do Rio Guaribas
PI,221170,2207,Semi-Árido,22009,Vale do Rio Guaribas
PI,220117,2207,Semi-Árido,22010,Vale do Sambito
PI,220755,2207,Semi-Árido,22009,Vale do Rio Guaribas
PI,220950,2207,Semi-Árido,22008,Vale do Canindé
PI,220915,2207,Semi-Árido,22010,Vale do Sambito
PI,220157,2207,Semi-Árido,22012,Chapada Vale do Rio Itaim
PI,221150,2207,Semi-Árido,22009,Vale do Rio Guaribas
PI,220207,2207,Semi-Árido,22008,Vale do Canindé
PI,220860,2207,Semi-Árido,22010,Vale do Sambito
PI,221160,2207,Semi-Árido,22009,Vale do Rio Guaribas
PI,220415,2207,Semi-Árido,22012,Chapada Vale do Rio Itaim
PI,220960,2207,Semi-Árido,22010,Vale do Sambito
PI,220095,2207,Semi-Árido,22009,Vale do Rio Guaribas
PI,220385,2207,Semi-Árido,22008,Vale do Canindé
PI,221097,2207,Semi-Árido,22008,Vale do Canindé
PI,221037,2207,Semi-Árido,22009,Vale do Rio Guaribas
PI,221038,2207,Semi-Árido,22010,Vale do Sambito
PI,221100,2208,Meio Norte,22004,Entre Rios
PI,220040,2208,Meio Norte,22004,Entre Rios
PI,221110,2208,Meio Norte,22004,Entre Rios
PI,220220,2208,Meio Norte,22001,Carnaubais
PI,220550,2208,Meio Norte,22004,Entre Rios
PI,220620,2208,Meio Norte,22004,Entre Rios
PI,220260,2208,Meio Norte,22001,Carnaubais
PI,220020,2208,Meio Norte,22004,Entre Rios
PI,221040,2208,Meio Norte,22001,Carnaubais
PI,220050,2208,Meio Norte,22004,Entre Rios
PI,220880,2208,Meio Norte,22004,Entre Rios
PI,220330,2208,Meio Norte,22004,Entre Rios
PI,221050,2208,Meio Norte,22004,Entre Rios
PI,220030,2208,Meio Norte,22004,Entre Rios
PI,220750,2208,Meio Norte,22004,Entre Rios
PI,220672,2208,Meio Norte,22004,Entre Rios
PI,220640,2208,Meio Norte,22004,Entre Rios
PI,220205,2208,Meio Norte,22001,Carnaubais
PI,220160,2208,Meio Norte,22004,Entre Rios
PI,221065,2208,Meio Norte,22001,Carnaubais
PI,220555,2208,Meio Norte,22004,Entre Rios
PI,220105,2208,Meio Norte,22001,Carnaubais
PI,220202,2208,Meio Norte,22001,Carnaubais
PI,220177,2208,Meio Norte,22001,Carnaubais
PI,220060,2208,Meio Norte,22004,Entre Rios
PI,220140,2208,Meio Norte,22004,Entre Rios
PI,220194,2208,Meio Norte,22001,Carnaubais
PI,220990,2208,Meio Norte,22001,Carnaubais
PI,220675,2208,Meio Norte,22001,Carnaubais
PI,220551,2208,Meio Norte,22001,Carnaubais
PI,220010,2208,Meio Norte,22004,Entre Rios
PI,220271,2208,Meio Norte,22001,Carnaubais
PI,220980,2208,Meio Norte,22004,Entre Rios
PI,220558,2208,Meio Norte,22004,Entre Rios
PI,220527,2208,Meio Norte,22001,Carnaubais
PI,220325,2208,Meio Norte,22004,Entre Rios
PI,220525,2208,Meio Norte,22004,Entre Rios
PI,220775,2208,Meio Norte,22004,Entre Rios
PI,220273,2208,Meio Norte,22004,Entre Rios
PI,220779,2208,Meio Norte,22004,Entre Rios
PI,220460,2208,Meio Norte,22004,Entre Rios
PI,220554,2208,Meio Norte,22004,Entre Rios
PI,220695,2208,Meio Norte,22001,Carnaubais
PI,220710,2208,Meio Norte,22004,Entre Rios
PI,220945,2208,Meio Norte,22004,Entre Rios
PI,220630,2208,Meio Norte,22004,Entre Rios
PI,220770,2209,Litoral,22005,Planície Litoranea
PI,220840,2209,Litoral,22003,Cocais
PI,220120,2209,Litoral,22003,Cocais
PI,220370,2209,Litoral,22003,Cocais
PI,220790,2209,Litoral,22003,Cocais
PI,220570,2209,Litoral,22005,Planície Litoranea
PI,220830,2209,Litoral,22003,Cocais
PI,220270,2209,Litoral,22005,Planície Litoranea
PI,220150,2209,Litoral,22003,Cocais
PI,220580,2209,Litoral,22003,Cocais
PI,220200,2209,Litoral,22005,Planície Litoranea
PI,220540,2209,Litoral,22003,Cocais
PI,220850,2209,Litoral,22003,Cocais
PI,220240,2209,Litoral,22003,Cocais
PI,220610,2209,Litoral,22003,Cocais
PI,220669,2209,Litoral,22005,Planície Litoranea
PI,220465,2209,Litoral,22005,Planície Litoranea
PI,220680,2209,Litoral,22003,Cocais
PI,220196,2209,Litoral,22003,Cocais
PI,220997,2209,Litoral,22003,Cocais
PI,220585,2209,Litoral,22003,Cocais
PI,220208,2209,Litoral,22005,Planície Litoranea
PI,220217,2209,Litoral,22003,Cocais
PI,220635,2209,Litoral,22003,Cocais
PI,220667,2209,Litoral,22003,Cocais
PI,220272,2209,Litoral,22005,Planície Litoranea
PI,220557,2209,Litoral,22003,Cocais
PI,220191,2209,Litoral,22005,Planície Litoranea
PI,220253,2209,Litoral,22005,Planície Litoranea
PI,220987,2209,Litoral,22003,Cocais
PI,220265,2209,Litoral,22005,Planície Litoranea
PI,220545,2209,Litoral,22003,Cocais
PI,221005,2209,Litoral,22003,Cocais
PI,220342,2209,Litoral,22003,Cocais
PI,220390,2210,Cerrados,22011,Vale dos Rios Piauí e Itaueiras
PI,221060,2210,Cerrados,22006,Serra da Capivara
PI,220190,2210,Cerrados,22002,Chapada das Mangabeiras
PI,220290,2210,Cerrados,22002,Chapada das Mangabeiras
PI,221120,2210,Cerrados,22007,Tabuleiros do Alto Parnaíba
PI,221000,2210,Cerrados,22006,Serra da Capivara
PI,220230,2210,Cerrados,22011,Vale dos Rios Piauí e Itaueiras
PI,220115,2210,Cerrados,22007,Tabuleiros do Alto Parnaíba
PI,220320,2210,Cerrados,22002,Chapada das Mangabeiras
PI,220440,2210,Cerrados,22002,Chapada das Mangabeiras
PI,220110,2210,Cerrados,22002,Chapada das Mangabeiras
PI,220660,2210,Cerrados,22002,Chapada das Mangabeiras
PI,220310,2210,Cerrados,22002,Chapada das Mangabeiras
PI,220510,2210,Cerrados,22011,Vale dos Rios Piauí e Itaueiras
PI,220250,2210,Cerrados,22006,Serra da Capivara
PI,220450,2210,Cerrados,22011,Vale dos Rios Piauí e Itaueiras
PI,220760,2210,Cerrados,22002,Chapada das Mangabeiras
PI,220070,2210,Cerrados,22006,Serra da Capivara
PI,220345,2210,Cerrados,22006,Serra da Capivara
PI,220870,2210,Cerrados,22002,Chapada das Mangabeiras
PI,220300,2210,Cerrados,22002,Chapada das Mangabeiras
PI,220335,2210,Cerrados,22006,Serra da Capivara
PI,220670,2210,Cerrados,22011,Vale dos Rios Piauí e Itaueiras
PI,220890,2210,Cerrados,22007,Tabuleiros do Alto Parnaíba
PI,220275,2210,Cerrados,22011,Vale dos Rios Piauí e Itaueiras
PI,220920,2210,Cerrados,22002,Chapada das Mangabeiras
PI,220192,2210,Cerrados,22006,Serra da Capivara
PI,220900,2210,Cerrados,22011,Vale dos Rios Piauí e Itaueiras
PI,220170,2210,Cerrados,22011,Vale dos Rios Piauí e Itaueiras
PI,220970,2210,Cerrados,22011,Vale dos Rios Piauí e Itaueiras
PI,220552,2210,Cerrados,22002,Chapada das Mangabeiras
PI,220930,2210,Cerrados,22002,Chapada das Mangabeiras
PI,220045,2210,Cerrados,22002,Chapada das Mangabeiras
PI,220375,2210,Cerrados,22006,Serra da Capivara
PI,220560,2210,Cerrados,22011,Vale dos Rios Piauí e Itaueiras
PI,220590,2210,Cerrados,22011,Vale dos Rios Piauí e Itaueiras
PI,221135,2210,Cerrados,22006,Serra da Capivara
PI,220556,2210,Cerrados,22006,Serra da Capivara
PI,220740,2210,Cerrados,22002,Chapada das Mangabeiras
PI,220323,2210,Cerrados,22002,Chapada das Mangabeiras
PI,220600,2210,Cerrados,22011,Vale dos Rios Piauí e Itaueiras
PI,220211,2210,Cerrados,22006,Serra da Capivara
PI,220100,2210,Cerrados,22011,Vale dos Rios Piauí e Itaueiras
PI,220530,2210,Cerrados,22011,Vale dos Rios Piauí e Itaueiras
PI,221063,2210,Cerrados,22007,Tabuleiros do Alto Parnaíba
PI,220553,2210,Cerrados,22006,Serra da Capivara
PI,220380,2210,Cerrados,22011,Vale dos Rios Piauí e Itaueiras
PI,220410,2210,Cerrados,22011,Vale dos Rios Piauí e Itaueiras
PI,221035,2210,Cerrados,22006,Serra da Capivara
PI,220665,2210,Cerrados,22002,Chapada das Mangabeiras
PI,220360,2210,Cerrados,22011,Vale dos Rios Piauí e Itaueiras
PI,220955,2210,Cerrados,22006,Serra da Capivara
PI,220455,2210,Cerrados,22006,Serra da Capivara
PI,220285,2210,Cerrados,22006,Serra da Capivara
PI,220885,2210,Cerrados,22002,Chapada das Mangabeiras
PI,221090,2210,Cerrados,22011,Vale dos Rios Piauí e Itaueiras
PI,220730,2210,Cerrados,22011,Vale dos Rios Piauí e Itaueiras
PI,220795,2210,Cerrados,22006,Serra da Capivara
PI,220887,2210,Cerrados,22011,Vale dos Rios Piauí e Itaueiras
PI,220245,2210,Cerrados,22006,Serra da Capivara
PI,220198,2210,Cerrados,22011,Vale dos Rios Piauí e Itaueiras
PI,220785,2210,Cerrados,22011,Vale dos Rios Piauí e Itaueiras
PI,220225,2210,Cerrados,22011,Vale dos Rios Piauí e Itaueiras
PI,221010,2210,Cerrados,22011,Vale dos Rios Piauí e Itaueiras
PI,220130,2210,Cerrados,22002,Chapada das Mangabeiras
PI,221062,2210,Cerrados,22002,Chapada das Mangabeiras
PI,220080,2210,Cerrados,22007,Tabuleiros do Alto Parnaíba
PI,220735,2210,Cerrados,22011,Vale dos Rios Piauí e Itaueiras
PI,220535,2210,Cerrados,22006,Serra da Capivara
PI,221095,2210,Cerrados,22011,Vale dos Rios Piauí e Itaueiras
PI,220975,2210,Cerrados,22002,Chapada das Mangabeiras
PI,221039,2210,Cerrados,22011,Vale dos Rios Piauí e Itaueiras
PI,220793,2210,Cerrados,22006,Serra da Capivara
PI,220855,2210,Cerrados,22011,Vale dos Rios Piauí e Itaueiras
CE,230110,2306,Litoral Leste Jaguaribe,23025,4ª RS Litoral Leste Jaguaribe
CE,231180,2306,Litoral Leste Jaguaribe,23025,4ª RS Litoral Leste Jaguaribe
CE,230870,2306,Litoral Leste Jaguaribe,23025,4ª RS Litoral Leste Jaguaribe
CE,230760,2306,Litoral Leste Jaguaribe,23025,4ª RS Litoral Leste Jaguaribe
CE,230690,2306,Litoral Leste Jaguaribe,23025,4ª RS Litoral Leste Jaguaribe
CE,230700,2306,Litoral Leste Jaguaribe,23025,4ª RS Litoral Leste Jaguaribe
CE,231310,2306,Litoral Leste Jaguaribe,23025,4ª RS Litoral Leste Jaguaribe
CE,230535,2306,Litoral Leste Jaguaribe,23025,4ª RS Litoral Leste Jaguaribe
CE,231150,2306,Litoral Leste Jaguaribe,23025,4ª RS Litoral Leste Jaguaribe
CE,230445,2306,Litoral Leste Jaguaribe,23025,4ª RS Litoral Leste Jaguaribe
CE,230670,2306,Litoral Leste Jaguaribe,23025,4ª RS Litoral Leste Jaguaribe
CE,231080,2306,Litoral Leste Jaguaribe,23025,4ª RS Litoral Leste Jaguaribe
CE,230070,2306,Litoral Leste Jaguaribe,23025,4ª RS Litoral Leste Jaguaribe
CE,230600,2306,Litoral Leste Jaguaribe,23025,4ª RS Litoral Leste Jaguaribe
CE,230680,2306,Litoral Leste Jaguaribe,23025,4ª RS Litoral Leste Jaguaribe
CE,231000,2306,Litoral Leste Jaguaribe,23025,4ª RS Litoral Leste Jaguaribe
CE,230620,2306,Litoral Leste Jaguaribe,23025,4ª RS Litoral Leste Jaguaribe
CE,230427,2306,Litoral Leste Jaguaribe,23025,4ª RS Litoral Leste Jaguaribe
CE,231123,2306,Litoral Leste Jaguaribe,23025,4ª RS Litoral Leste Jaguaribe
CE,231250,2306,Litoral Leste Jaguaribe,23025,4ª RS Litoral Leste Jaguaribe
CE,231130,2307,Sertão Central,23024,3ª RS Sertão Central
CE,231140,2307,Sertão Central,23024,3ª RS Sertão Central
CE,230280,2307,Sertão Central,23024,3ª RS Sertão Central
CE,231330,2307,Sertão Central,23024,3ª RS Sertão Central
CE,230240,2307,Sertão Central,23024,3ª RS Sertão Central
CE,231050,2307,Sertão Central,23024,3ª RS Sertão Central
CE,231030,2307,Sertão Central,23024,3ª RS Sertão Central
CE,231270,2307,Sertão Central,23024,3ª RS Sertão Central
CE,230660,2307,Sertão Central,23024,3ª RS Sertão Central
CE,231300,2307,Sertão Central,23024,3ª RS Sertão Central
CE,230185,2307,Sertão Central,23024,3ª RS Sertão Central
CE,230763,2307,Sertão Central,23024,3ª RS Sertão Central
CE,230300,2307,Sertão Central,23024,3ª RS Sertão Central
CE,230835,2307,Sertão Central,23024,3ª RS Sertão Central
CE,230040,2307,Sertão Central,23024,3ª RS Sertão Central
CE,230393,2307,Sertão Central,23024,3ª RS Sertão Central
CE,230526,2307,Sertão Central,23024,3ª RS Sertão Central
CE,230533,2307,Sertão Central,23024,3ª RS Sertão Central
CE,231040,2307,Sertão Central,23024,3ª RS Sertão Central
CE,230150,2307,Sertão Central,23024,3ª RS Sertão Central
CE,230730,2308,Cariri,23023,2ª RS Cariri
CE,230420,2308,Cariri,23023,2ª RS Cariri
CE,230550,2308,Cariri,23023,2ª RS Cariri
CE,230190,2308,Cariri,23023,2ª RS Cariri
CE,230540,2308,Cariri,23023,2ª RS Cariri
CE,230250,2308,Cariri,23023,2ª RS Cariri
CE,230810,2308,Cariri,23023,2ª RS Cariri
CE,230030,2308,Cariri,23023,2ª RS Cariri
CE,231400,2308,Cariri,23023,2ª RS Cariri
CE,230850,2308,Cariri,23023,2ª RS Cariri
CE,230840,2308,Cariri,23023,2ª RS Cariri
CE,230750,2308,Cariri,23023,2ª RS Cariri
CE,230710,2308,Cariri,23023,2ª RS Cariri
CE,230320,2308,Cariri,23023,2ª RS Cariri
CE,230830,2308,Cariri,23023,2ª RS Cariri
CE,230270,2308,Cariri,23023,2ª RS Cariri
CE,230740,2308,Cariri,23023,2ª RS Cariri
CE,230170,2308,Cariri,23023,2ª RS Cariri
CE,230380,2308,Cariri,23023,2ª RS Cariri
CE,230160,2308,Cariri,23023,2ª RS Cariri
CE,230130,2308,Cariri,23023,2ª RS Cariri
CE,230950,2308,Cariri,23023,2ª RS Cariri
CE,230200,2308,Cariri,23023,2ª RS Cariri
CE,230430,2308,Cariri,23023,2ª RS Cariri
CE,231110,2308,Cariri,23023,2ª RS Cariri
CE,230330,2308,Cariri,23023,2ª RS Cariri
CE,231210,2308,Cariri,23023,2ª RS Cariri
CE,231195,2308,Cariri,23023,2ª RS Cariri
CE,231090,2308,Cariri,23023,2ª RS Cariri
CE,231135,2308,Cariri,23023,2ª RS Cariri
CE,230920,2308,Cariri,23023,2ª RS Cariri
CE,231190,2308,Cariri,23023,2ª RS Cariri
CE,230570,2308,Cariri,23023,2ª RS Cariri
CE,230360,2308,Cariri,23023,2ª RS Cariri
CE,230010,2308,Cariri,23023,2ª RS Cariri
CE,231060,2308,Cariri,23023,2ª RS Cariri
CE,230426,2308,Cariri,23023,2ª RS Cariri
CE,231120,2308,Cariri,23023,2ª RS Cariri
CE,230720,2308,Cariri,23023,2ª RS Cariri
CE,231325,2308,Cariri,23023,2ª RS Cariri
CE,230080,2308,Cariri,23023,2ª RS Cariri
CE,231370,2308,Cariri,23023,2ª RS Cariri
CE,230060,2308,Cariri,23023,2ª RS Cariri
CE,230180,2308,Cariri,23023,2ª RS Cariri
CE,230480,2308,Cariri,23023,2ª RS Cariri
CE,231290,2309,Sobral,23011,5ª RS Sobral
CE,231340,2309,Sobral,23011,5ª RS Sobral
CE,230410,2309,Sobral,23011,5ª RS Sobral
CE,230020,2309,Sobral,23011,5ª RS Sobral
CE,230260,2309,Sobral,23011,5ª RS Sobral
CE,231410,2309,Sobral,23011,5ª RS Sobral
CE,230470,2309,Sobral,23011,5ª RS Sobral
CE,231230,2309,Sobral,23011,5ª RS Sobral
CE,230655,2309,Sobral,23011,5ª RS Sobral
CE,230500,2309,Sobral,23011,5ª RS Sobral
CE,230580,2309,Sobral,23011,5ª RS Sobral
CE,231220,2309,Sobral,23011,5ª RS Sobral
CE,230800,2309,Sobral,23011,5ª RS Sobral
CE,230590,2309,Sobral,23011,5ª RS Sobral
CE,230230,2309,Sobral,23011,5ª RS Sobral
CE,231360,2309,Sobral,23011,5ª RS Sobral
CE,230930,2309,Sobral,23011,5ª RS Sobral
CE,231200,2309,Sobral,23011,5ª RS Sobral
CE,230425,2309,Sobral,23011,5ª RS Sobral
CE,230940,2309,Sobral,23011,5ª RS Sobral
CE,230780,2309,Sobral,23011,5ª RS Sobral
CE,230725,2309,Sobral,23011,5ª RS Sobral
CE,231320,2309,Sobral,23011,5ª RS Sobral
CE,230435,2309,Sobral,23011,5ª RS Sobral
CE,230560,2309,Sobral,23011,5ª RS Sobral
CE,230530,2309,Sobral,23011,5ª RS Sobral
CE,230610,2309,Sobral,23011,5ª RS Sobral
CE,230890,2309,Sobral,23011,5ª RS Sobral
CE,230400,2309,Sobral,23011,5ª RS Sobral
CE,231126,2309,Sobral,23011,5ª RS Sobral
CE,231170,2309,Sobral,23011,5ª RS Sobral
CE,231395,2309,Sobral,23011,5ª RS Sobral
CE,230520,2309,Sobral,23011,5ª RS Sobral
CE,230310,2309,Sobral,23011,5ª RS Sobral
CE,230423,2309,Sobral,23011,5ª RS Sobral
CE,230340,2309,Sobral,23011,5ª RS Sobral
CE,230860,2309,Sobral,23011,5ª RS Sobral
CE,230450,2309,Sobral,23011,5ª RS Sobral
CE,230820,2309,Sobral,23011,5ª RS Sobral
CE,230205,2309,Sobral,23011,5ª RS Sobral
CE,230465,2309,Sobral,23011,5ª RS Sobral
CE,231390,2309,Sobral,23011,5ª RS Sobral
CE,230900,2309,Sobral,23011,5ª RS Sobral
CE,230390,2309,Sobral,23011,5ª RS Sobral
CE,231100,2309,Sobral,23011,5ª RS Sobral
CE,230565,2309,Sobral,23011,5ª RS Sobral
CE,230050,2309,Sobral,23011,5ª RS Sobral
CE,230125,2309,Sobral,23011,5ª RS Sobral
CE,230490,2309,Sobral,23011,5ª RS Sobral
CE,230790,2309,Sobral,23011,5ª RS Sobral
CE,231095,2309,Sobral,23011,5ª RS Sobral
CE,230365,2309,Sobral,23011,5ª RS Sobral
CE,230880,2309,Sobral,23011,5ª RS Sobral
CE,231280,2309,Sobral,23011,5ª RS Sobral
CE,230990,2309,Sobral,23011,5ª RS Sobral
CE,230440,2310,Fortaleza,23001,1ª RS Fortaleza
CE,230370,2310,Fortaleza,23001,1ª RS Fortaleza
CE,230765,2310,Fortaleza,23001,1ª RS Fortaleza
CE,230640,2310,Fortaleza,23001,1ª RS Fortaleza
CE,230770,2310,Fortaleza,23001,1ª RS Fortaleza
CE,230970,2310,Fortaleza,23001,1ª RS Fortaleza
CE,230100,2310,Fortaleza,23001,1ª RS Fortaleza
CE,230523,2310,Fortaleza,23001,1ª RS Fortaleza
CE,230428,2310,Fortaleza,23001,1ª RS Fortaleza
CE,230350,2310,Fortaleza,23001,1ª RS Fortaleza
CE,230960,2310,Fortaleza,23001,1ª RS Fortaleza
CE,230625,2310,Fortaleza,23001,1ª RS Fortaleza
CE,231350,2310,Fortaleza,23001,1ª RS Fortaleza
CE,231240,2310,Fortaleza,23001,1ª RS Fortaleza
CE,230220,2310,Fortaleza,23001,1ª RS Fortaleza
CE,230630,2310,Fortaleza,23001,1ª RS Fortaleza
CE,230075,2310,Fortaleza,23001,1ª RS Fortaleza
CE,231020,2310,Fortaleza,23001,1ª RS Fortaleza
CE,231070,2310,Fortaleza,23001,1ª RS Fortaleza
CE,230210,2310,Fortaleza,23001,1ª RS Fortaleza
CE,231025,2310,Fortaleza,23001,1ª RS Fortaleza
CE,231160,2310,Fortaleza,23001,1ª RS Fortaleza
CE,230120,2310,Fortaleza,23001,1ª RS Fortaleza
CE,230945,2310,Fortaleza,23001,1ª RS Fortaleza
CE,230495,2310,Fortaleza,23001,1ª RS Fortaleza
CE,231085,2310,Fortaleza,23001,1ª RS Fortaleza
CE,230195,2310,Fortaleza,23001,1ª RS Fortaleza
CE,231380,2310,Fortaleza,23001,1ª RS Fortaleza
CE,230395,2310,Fortaleza,23001,1ª RS Fortaleza
CE,230650,2310,Fortaleza,23001,1ª RS Fortaleza
CE,231375,2310,Fortaleza,23001,1ª RS Fortaleza
CE,230290,2310,Fortaleza,23001,1ª RS Fortaleza
CE,231335,2310,Fortaleza,23001,1ª RS Fortaleza
CE,231355,2310,Fortaleza,23001,1ª RS Fortaleza
CE,230837,2310,Fortaleza,23001,1ª RS Fortaleza
CE,230015,2310,Fortaleza,23001,1ª RS Fortaleza
CE,230090,2310,Fortaleza,23001,1ª RS Fortaleza
CE,230140,2310,Fortaleza,23001,1ª RS Fortaleza
CE,230980,2310,Fortaleza,23001,1ª RS Fortaleza
CE,231260,2310,Fortaleza,23001,1ª RS Fortaleza
CE,230910,2310,Fortaleza,23001,1ª RS Fortaleza
CE,231010,2310,Fortaleza,23001,1ª RS Fortaleza
CE,230460,2310,Fortaleza,23001,1ª RS Fortaleza
CE,230510,2310,Fortaleza,23001,1ª RS Fortaleza
RN,240800,2401,Macrorregião II,24002,2ª Região de Saúde - Mossoro
RN,240020,2401,Macrorregião II,24008,8ª Região de Saúde - Acu
RN,240100,2401,Macrorregião II,24002,2ª Região de Saúde - Mossoro
RN,240940,2401,Macrorregião II,24006,6ª Região de Saúde - Pau dos Ferros
RN,240145,2401,Macrorregião II,24002,2ª Região de Saúde - Mossoro
RN,240110,2401,Macrorregião II,24002,2ª Região de Saúde - Mossoro
RN,241250,2401,Macrorregião II,24006,6ª Região de Saúde - Pau dos Ferros
RN,240230,2401,Macrorregião II,24002,2ª Região de Saúde - Mossoro
RN,240470,2401,Macrorregião II,24008,8ª Região de Saúde - Acu
RN,240050,2401,Macrorregião II,24006,6ª Região de Saúde - Pau dos Ferros
RN,241460,2401,Macrorregião II,24002,2ª Região de Saúde - Mossoro
RN,241335,2401,Macrorregião II,24002,2ª Região de Saúde - Mossoro
RN,240070,2401,Macrorregião II,24008,8ª Região de Saúde - Acu
RN,240990,2401,Macrorregião II,24008,8ª Região de Saúde - Acu
RN,240430,2401,Macrorregião II,24002,2ª Região de Saúde - Mossoro
RN,240080,2401,Macrorregião II,24008,8ª Região de Saúde - Acu
RN,240930,2401,Macrorregião II,24006,6ª Região de Saúde - Pau dos Ferros
RN,241410,2401,Macrorregião II,24006,6ª Região de Saúde - Pau dos Ferros
RN,241450,2401,Macrorregião II,24006,6ª Região de Saúde - Pau dos Ferros
RN,240440,2401,Macrorregião II,24002,2ª Região de Saúde - Mossoro
RN,240130,2401,Macrorregião II,24002,2ª Região de Saúde - Mossoro
RN,240250,2401,Macrorregião II,24008,8ª Região de Saúde - Acu
RN,240700,2401,Macrorregião II,24006,6ª Região de Saúde - Pau dos Ferros
RN,240740,2401,Macrorregião II,24006,6ª Região de Saúde - Pau dos Ferros
RN,240730,2401,Macrorregião II,24006,6ª Região de Saúde - Pau dos Ferros
RN,241280,2401,Macrorregião II,24008,8ª Região de Saúde - Acu
RN,241020,2401,Macrorregião II,24006,6ª Região de Saúde - Pau dos Ferros
RN,240485,2401,Macrorregião II,24008,8ª Região de Saúde - Acu
RN,240320,2401,Macrorregião II,24006,6ª Região de Saúde - Pau dos Ferros
RN,240090,2401,Macrorregião II,24006,6ª Região de Saúde - Pau dos Ferros
RN,240370,2401,Macrorregião II,24002,2ª Região de Saúde - Mossoro
RN,240330,2401,Macrorregião II,24006,6ª Região de Saúde - Pau dos Ferros
RN,240600,2401,Macrorregião II,24006,6ª Região de Saúde - Pau dos Ferros
RN,241360,2401,Macrorregião II,24006,6ª Região de Saúde - Pau dos Ferros
RN,241050,2401,Macrorregião II,24006,6ª Região de Saúde - Pau dos Ferros
RN,241105,2401,Macrorregião II,24002,2ª Região de Saúde - Mossoro
RN,240490,2401,Macrorregião II,24006,6ª Região de Saúde - Pau dos Ferros
RN,241025,2401,Macrorregião II,24008,8ª Região de Saúde - Acu
RN,240520,2401,Macrorregião II,24002,2ª Região de Saúde - Mossoro
RN,240060,2401,Macrorregião II,24006,6ª Região de Saúde - Pau dos Ferros
RN,241355,2401,Macrorregião II,24006,6ª Região de Saúde - Pau dos Ferros
RN,240760,2401,Macrorregião II,24002,2ª Região de Saúde - Mossoro
RN,241100,2401,Macrorregião II,24006,6ª Região de Saúde - Pau dos Ferros
RN,240290,2401,Macrorregião II,24006,6ª Região de Saúde - Pau dos Ferros
RN,241190,2401,Macrorregião II,24006,6ª Região de Saúde - Pau dos Ferros
RN,241080,2401,Macrorregião II,24006,6ª Região de Saúde - Pau dos Ferros
RN,240400,2401,Macrorregião II,24006,6ª Região de Saúde - Pau dos Ferros
RN,240860,2401,Macrorregião II,24006,6ª Região de Saúde - Pau dos Ferros
RN,240725,2401,Macrorregião II,24006,6ª Região de Saúde - Pau dos Ferros
RN,240840,2401,Macrorregião II,24006,6ª Região de Saúde - Pau dos Ferros
RN,240870,2401,Macrorregião II,24008,8ª Região de Saúde - Acu
RN,240690,2401,Macrorregião II,24006,6ª Região de Saúde - Pau dos Ferros
RN,241445,2401,Macrorregião II,24008,8ª Região de Saúde - Acu
RN,241475,2401,Macrorregião II,24006,6ª Região de Saúde - Pau dos Ferros
RN,241000,2401,Macrorregião II,24006,6ª Região de Saúde - Pau dos Ferros
RN,240040,2401,Macrorregião II,24006,6ª Região de Saúde - Pau dos Ferros
RN,240375,2401,Macrorregião II,24008,8ª Região de Saúde - Acu
RN,241060,2401,Macrorregião II,24006,6ª Região de Saúde - Pau dos Ferros
RN,241070,2401,Macrorregião II,24006,6ª Região de Saúde - Pau dos Ferros
RN,240390,2401,Macrorregião II,24006,6ª Região de Saúde - Pau dos Ferros
RN,241380,2401,Macrorregião II,24006,6ª Região de Saúde - Pau dos Ferros
RN,240590,2401,Macrorregião II,24006,6ª Região de Saúde - Pau dos Ferros
RN,241490,2401,Macrorregião II,24006,6ª Região de Saúde - Pau dos Ferros
RN,240810,2402,Macrorregião I,24007,7ª Região de Saúde - Metropolitana
RN,240325,2402,Macrorregião I,24007,7ª Região de Saúde - Metropolitana
RN,241200,2402,Macrorregião I,24007,7ª Região de Saúde - Metropolitana
RN,240710,2402,Macrorregião I,24007,7ª Região de Saúde - Metropolitana
RN,240260,2402,Macrorregião I,24003,3ª Região de Saúde - João Camara
RN,240360,2402,Macrorregião I,24007,7ª Região de Saúde - Metropolitana
RN,240200,2402,Macrorregião I,24004,4ª Região de Saúde - Caico
RN,241220,2402,Macrorregião I,24001,1ª Região de Saúde - São Jose de Mipibu
RN,240310,2402,Macrorregião I,24004,4ª Região de Saúde - Caico
RN,241120,2402,Macrorregião I,24005,5ª Região de Saúde - Santa Cruz
RN,240830,2402,Macrorregião I,24001,1ª Região de Saúde - São Jose de Mipibu
RN,240580,2402,Macrorregião I,24003,3ª Região de Saúde - João Camara
RN,241440,2402,Macrorregião I,24003,3ª Região de Saúde - João Camara
RN,240820,2402,Macrorregião I,24001,1ª Região de Saúde - São Jose de Mipibu
RN,240220,2402,Macrorregião I,24001,1ª Região de Saúde - São Jose de Mipibu
RN,240720,2402,Macrorregião I,24003,3ª Região de Saúde - João Camara
RN,240420,2402,Macrorregião I,24001,1ª Região de Saúde - São Jose de Mipibu
RN,240780,2402,Macrorregião I,24001,1ª Região de Saúde - São Jose de Mipibu
RN,241150,2402,Macrorregião I,24001,1ª Região de Saúde - São Jose de Mipibu
RN,240890,2402,Macrorregião I,24004,4ª Região de Saúde - Caico
RN,240610,2402,Macrorregião I,24004,4ª Região de Saúde - Caico
RN,241420,2402,Macrorregião I,24001,1ª Região de Saúde - São Jose de Mipibu
RN,241260,2402,Macrorregião I,24005,5ª Região de Saúde - Santa Cruz
RN,240650,2402,Macrorregião I,24004,4ª Região de Saúde - Caico
RN,240450,2402,Macrorregião I,24003,3ª Região de Saúde - João Camara
RN,240560,2402,Macrorregião I,24004,4ª Região de Saúde - Caico
RN,240980,2402,Macrorregião I,24001,1ª Região de Saúde - São Jose de Mipibu
RN,241400,2402,Macrorregião I,24005,5ª Região de Saúde - Santa Cruz
RN,240120,2402,Macrorregião I,24001,1ª Região de Saúde - São Jose de Mipibu
RN,241140,2402,Macrorregião I,24004,4ª Região de Saúde - Caico
RN,241010,2402,Macrorregião I,24003,3ª Região de Saúde - João Camara
RN,240180,2402,Macrorregião I,24001,1ª Região de Saúde - São Jose de Mipibu
RN,240570,2402,Macrorregião I,24004,4ª Região de Saúde - Caico
RN,240460,2402,Macrorregião I,24003,3ª Região de Saúde - João Camara
RN,240770,2402,Macrorregião I,24001,1ª Região de Saúde - São Jose de Mipibu
RN,241390,2402,Macrorregião I,24003,3ª Região de Saúde - João Camara
RN,241230,2402,Macrorregião I,24005,5ª Região de Saúde - Santa Cruz
RN,240910,2402,Macrorregião I,24001,1ª Região de Saúde - São Jose de Mipibu
RN,240270,2402,Macrorregião I,24004,4ª Região de Saúde - Caico
RN,240030,2402,Macrorregião I,24003,3ª Região de Saúde - João Camara
RN,241030,2402,Macrorregião I,24005,5ª Região de Saúde - Santa Cruz
RN,241480,2402,Macrorregião I,24001,1ª Região de Saúde - São Jose de Mipibu
RN,240350,2402,Macrorregião I,24001,1ª Região de Saúde - São Jose de Mipibu
RN,240010,2402,Macrorregião I,24004,4ª Região de Saúde - Caico
RN,240895,2402,Macrorregião I,24003,3ª Região de Saúde - João Camara
RN,240750,2402,Macrorregião I,24003,3ª Região de Saúde - João Camara
RN,241255,2402,Macrorregião I,24003,3ª Região de Saúde - João Camara
RN,240210,2402,Macrorregião I,24005,5ª Região de Saúde - Santa Cruz
RN,240380,2402,Macrorregião I,24004,4ª Região de Saúde - Caico
RN,241290,2402,Macrorregião I,24005,5ª Região de Saúde - Santa Cruz
RN,240170,2402,Macrorregião I,24005,5ª Região de Saúde - Santa Cruz
RN,240670,2402,Macrorregião I,24003,3ª Região de Saúde - João Camara
RN,241040,2402,Macrorregião I,24003,3ª Região de Saúde - João Camara
RN,240140,2402,Macrorregião I,24001,1ª Região de Saúde - São Jose de Mipibu
RN,240530,2402,Macrorregião I,24005,5ª Região de Saúde - Santa Cruz
RN,240660,2402,Macrorregião I,24001,1ª Região de Saúde - São Jose de Mipibu
RN,240300,2402,Macrorregião I,24004,4ª Região de Saúde - Caico
RN,240240,2402,Macrorregião I,24004,4ª Região de Saúde - Caico
RN,240500,2402,Macrorregião I,24005,5ª Região de Saúde - Santa Cruz
RN,241340,2402,Macrorregião I,24004,4ª Região de Saúde - Caico
RN,241090,2402,Macrorregião I,24003,3ª Região de Saúde - João Camara
RN,240630,2402,Macrorregião I,24001,1ª Região de Saúde - São Jose de Mipibu
RN,240510,2402,Macrorregião I,24003,3ª Região de Saúde - João Camara
RN,240620,2402,Macrorregião I,24001,1ª Região de Saúde - São Jose de Mipibu
RN,241350,2402,Macrorregião I,24001,1ª Região de Saúde - São Jose de Mipibu
RN,241300,2402,Macrorregião I,24004,4ª Região de Saúde - Caico
RN,240185,2402,Macrorregião I,24003,3ª Região de Saúde - João Camara
RN,240970,2402,Macrorregião I,24003,3ª Região de Saúde - João Camara
RN,241210,2402,Macrorregião I,24004,4ª Região de Saúde - Caico
RN,241415,2402,Macrorregião I,24004,4ª Região de Saúde - Caico
RN,241310,2402,Macrorregião I,24005,5ª Região de Saúde - Santa Cruz
RN,241270,2402,Macrorregião I,24005,5ª Região de Saúde - Santa Cruz
RN,241330,2402,Macrorregião I,24001,1ª Região de Saúde - São Jose de Mipibu
RN,240340,2402,Macrorregião I,24004,4ª Região de Saúde - Caico
RN,241470,2402,Macrorregião I,24001,1ª Região de Saúde - São Jose de Mipibu
RN,240280,2402,Macrorregião I,24005,5ª Região de Saúde - Santa Cruz
RN,240540,2402,Macrorregião I,24005,5ª Região de Saúde - Santa Cruz
RN,240850,2402,Macrorregião I,24004,4ª Região de Saúde - Caico
RN,240933,2402,Macrorregião I,24005,5ª Região de Saúde - Santa Cruz
RN,240160,2402,Macrorregião I,24003,3ª Região de Saúde - João Camara
RN,240880,2402,Macrorregião I,24003,3ª Região de Saúde - João Camara
RN,240680,2402,Macrorregião I,24005,5ª Região de Saúde - Santa Cruz
RN,241370,2402,Macrorregião I,24005,5ª Região de Saúde - Santa Cruz
RN,241240,2402,Macrorregião I,24004,4ª Região de Saúde - Caico
RN,241320,2402,Macrorregião I,24001,1ª Região de Saúde - São Jose de Mipibu
RN,240150,2402,Macrorregião I,24005,5ª Região de Saúde - Santa Cruz
RN,241170,2402,Macrorregião I,24005,5ª Região de Saúde - Santa Cruz
RN,240615,2402,Macrorregião I,24001,1ª Região de Saúde - São Jose de Mipibu
RN,240950,2402,Macrorregião I,24003,3ª Região de Saúde - João Camara
RN,241180,2402,Macrorregião I,24004,4ª Região de Saúde - Caico
RN,241160,2402,Macrorregião I,24003,3ª Região de Saúde - João Camara
RN,240190,2402,Macrorregião I,24003,3ª Região de Saúde - João Camara
RN,241110,2402,Macrorregião I,24005,5ª Região de Saúde - Santa Cruz
RN,241500,2402,Macrorregião I,24001,1ª Região de Saúde - São Jose de Mipibu
RN,240920,2402,Macrorregião I,24001,1ª Região de Saúde - São Jose de Mipibu
RN,241142,2402,Macrorregião I,24004,4ª Região de Saúde - Caico
RN,240640,2402,Macrorregião I,24005,5ª Região de Saúde - Santa Cruz
RN,240960,2402,Macrorregião I,24003,3ª Região de Saúde - João Camara
RN,240550,2402,Macrorregião I,24003,3ª Região de Saúde - João Camara
RN,241430,2402,Macrorregião I,24004,4ª Região de Saúde - Caico
RN,240165,2402,Macrorregião I,24004,4ª Região de Saúde - Caico
RN,240790,2402,Macrorregião I,24001,1ª Região de Saúde - São Jose de Mipibu
RN,240410,2402,Macrorregião I,24003,3ª Região de Saúde - João Camara
RN,240480,2402,Macrorregião I,24004,4ª Região de Saúde - Caico
PB,251080,2501,Macrorregião III - Sertão Alto Sertão,25006,6ª Região
PB,251620,2501,Macrorregião III - Sertão Alto Sertão,25010,10ª Região
PB,250370,2501,Macrorregião III - Sertão Alto Sertão,25009,9ª Região
PB,251210,2501,Macrorregião III - Sertão Alto Sertão,25013,13ª Região
PB,251390,2501,Macrorregião III - Sertão Alto Sertão,25008,8ª Região
PB,250430,2501,Macrorregião III - Sertão Alto Sertão,25008,8ª Região
PB,250700,2501,Macrorregião III - Sertão Alto Sertão,25007,7ª Região
PB,251230,2501,Macrorregião III - Sertão Alto Sertão,25011,11ª Região
PB,251450,2501,Macrorregião III - Sertão Alto Sertão,25009,9ª Região
PB,250440,2501,Macrorregião III - Sertão Alto Sertão,25007,7ª Região
PB,250070,2501,Macrorregião III - Sertão Alto Sertão,25009,9ª Região
PB,251130,2501,Macrorregião III - Sertão Alto Sertão,25007,7ª Região
PB,251340,2501,Macrorregião III - Sertão Alto Sertão,25006,6ª Região
PB,251690,2501,Macrorregião III - Sertão Alto Sertão,25009,9ª Região
PB,250480,2501,Macrorregião III - Sertão Alto Sertão,25007,7ª Região
PB,251670,2501,Macrorregião III - Sertão Alto Sertão,25006,6ª Região
PB,251660,2501,Macrorregião III - Sertão Alto Sertão,25011,11ª Região
PB,250280,2501,Macrorregião III - Sertão Alto Sertão,25008,8ª Região
PB,251090,2501,Macrorregião III - Sertão Alto Sertão,25013,13ª Região
PB,250900,2501,Macrorregião III - Sertão Alto Sertão,25011,11ª Região
PB,250670,2501,Macrorregião III - Sertão Alto Sertão,25011,11ª Região
PB,250240,2501,Macrorregião III - Sertão Alto Sertão,25009,9ª Região
PB,251680,2501,Macrorregião III - Sertão Alto Sertão,25009,9ª Região
PB,250010,2501,Macrorregião III - Sertão Alto Sertão,25011,11ª Região
PB,250800,2501,Macrorregião III - Sertão Alto Sertão,25011,11ª Região
PB,250330,2501,Macrorregião III - Sertão Alto Sertão,25009,9ª Região
PB,251280,2501,Macrorregião III - Sertão Alto Sertão,25008,8ª Região
PB,250540,2501,Macrorregião III - Sertão Alto Sertão,25006,6ª Região
PB,250077,2501,Macrorregião III - Sertão Alto Sertão,25010,10ª Região
PB,250740,2501,Macrorregião III - Sertão Alto Sertão,25008,8ª Região
PB,251490,2501,Macrorregião III - Sertão Alto Sertão,25006,6ª Região
PB,250355,2501,Macrorregião III - Sertão Alto Sertão,25006,6ª Região
PB,251000,2501,Macrorregião III - Sertão Alto Sertão,25010,10ª Região
PB,251420,2501,Macrorregião III - Sertão Alto Sertão,25010,10ª Região
PB,250780,2501,Macrorregião III - Sertão Alto Sertão,25006,6ª Região
PB,250915,2501,Macrorregião III - Sertão Alto Sertão,25010,10ª Região
PB,251360,2501,Macrorregião III - Sertão Alto Sertão,25007,7ª Região
PB,250450,2501,Macrorregião III - Sertão Alto Sertão,25006,6ª Região
PB,250939,2501,Macrorregião III - Sertão Alto Sertão,25006,6ª Região
PB,250560,2501,Macrorregião III - Sertão Alto Sertão,25007,7ª Região
PB,250200,2501,Macrorregião III - Sertão Alto Sertão,25008,8ª Região
PB,251040,2501,Macrorregião III - Sertão Alto Sertão,25007,7ª Região
PB,250880,2501,Macrorregião III - Sertão Alto Sertão,25006,6ª Região
PB,251320,2501,Macrorregião III - Sertão Alto Sertão,25010,10ª Região
PB,251330,2501,Macrorregião III - Sertão Alto Sertão,25009,9ª Região
PB,251020,2501,Macrorregião III - Sertão Alto Sertão,25007,7ª Região
PB,250290,2501,Macrorregião III - Sertão Alto Sertão,25008,8ª Região
PB,250260,2501,Macrorregião III - Sertão Alto Sertão,25007,7ª Região
PB,250660,2501,Macrorregião III - Sertão Alto Sertão,25007,7ª Região
PB,250210,2501,Macrorregião III - Sertão Alto Sertão,25007,7ª Região
PB,251430,2501,Macrorregião III - Sertão Alto Sertão,25007,7ª Região
PB,251350,2501,Macrorregião III - Sertão Alto Sertão,25007,7ª Região
PB,250020,2501,Macrorregião III - Sertão Alto Sertão,25007,7ª Região
PB,251720,2501,Macrorregião III - Sertão Alto Sertão,25010,10ª Região
PB,250230,2501,Macrorregião III - Sertão Alto Sertão,25008,8ª Região
PB,250420,2501,Macrorregião III - Sertão Alto Sertão,25006,6ª Região
PB,250810,2501,Macrorregião III - Sertão Alto Sertão,25013,13ª Região
PB,251380,2501,Macrorregião III - Sertão Alto Sertão,25006,6ª Região
PB,250960,2501,Macrorregião III - Sertão Alto Sertão,25009,9ª Região
PB,251392,2501,Macrorregião III - Sertão Alto Sertão,25013,13ª Região
PB,251470,2501,Macrorregião III - Sertão Alto Sertão,25006,6ª Região
PB,251440,2501,Macrorregião III - Sertão Alto Sertão,25006,6ª Região
PB,251207,2501,Macrorregião III - Sertão Alto Sertão,25009,9ª Região
PB,251203,2501,Macrorregião III - Sertão Alto Sertão,25009,9ª Região
PB,251100,2501,Macrorregião III - Sertão Alto Sertão,25007,7ª Região
PB,250550,2501,Macrorregião III - Sertão Alto Sertão,25006,6ª Região
PB,250870,2501,Macrorregião III - Sertão Alto Sertão,25006,6ª Região
PB,250205,2501,Macrorregião III - Sertão Alto Sertão,25009,9ª Região
PB,251455,2501,Macrorregião III - Sertão Alto Sertão,25011,11ª Região
PB,251300,2501,Macrorregião III - Sertão Alto Sertão,25006,6ª Região
PB,250340,2501,Macrorregião III - Sertão Alto Sertão,25006,6ª Região
PB,251460,2501,Macrorregião III - Sertão Alto Sertão,25006,6ª Região
PB,251335,2501,Macrorregião III - Sertão Alto Sertão,25007,7ª Região
PB,250840,2501,Macrorregião III - Sertão Alto Sertão,25010,10ª Região
PB,251398,2501,Macrorregião III - Sertão Alto Sertão,25010,10ª Região
PB,250590,2501,Macrorregião III - Sertão Alto Sertão,25006,6ª Região
PB,251570,2501,Macrorregião III - Sertão Alto Sertão,25007,7ª Região
PB,250375,2501,Macrorregião III - Sertão Alto Sertão,25013,13ª Região
PB,251710,2501,Macrorregião III - Sertão Alto Sertão,25006,6ª Região
PB,251396,2501,Macrorregião III - Sertão Alto Sertão,25013,13ª Região
PB,250937,2501,Macrorregião III - Sertão Alto Sertão,25008,8ª Região
PB,251365,2501,Macrorregião III - Sertão Alto Sertão,25009,9ª Região
PB,251070,2501,Macrorregião III - Sertão Alto Sertão,25006,6ª Região
PB,250410,2501,Macrorregião III - Sertão Alto Sertão,25009,9ª Região
PB,250530,2501,Macrorregião III - Sertão Alto Sertão,25007,7ª Região
PB,250220,2501,Macrorregião III - Sertão Alto Sertão,25009,9ª Região
PB,250115,2501,Macrorregião III - Sertão Alto Sertão,25006,6ª Região
PB,251260,2501,Macrorregião III - Sertão Alto Sertão,25006,6ª Região
PB,251465,2501,Macrorregião III - Sertão Alto Sertão,25008,8ª Região
PB,250400,2502,Macrorregião II - Campina Grande,25016,16ª Região
PB,251250,2502,Macrorregião II - Campina Grande,25015,15ª Região
PB,250970,2502,Macrorregião II - Campina Grande,25005,5ª Região
PB,250600,2502,Macrorregião II - Campina Grande,25003,3ª Região
PB,250830,2502,Macrorregião II - Campina Grande,25003,3ª Região
PB,250030,2502,Macrorregião II - Campina Grande,25003,3ª Região
PB,250110,2502,Macrorregião II - Campina Grande,25003,3ª Região
PB,250040,2502,Macrorregião II - Campina Grande,25003,3ª Região
PB,250510,2502,Macrorregião II - Campina Grande,25004,4ª Região
PB,250130,2502,Macrorregião II - Campina Grande,25015,15ª Região
PB,251140,2502,Macrorregião II - Campina Grande,25004,4ª Região
PB,251270,2502,Macrorregião II - Campina Grande,25003,3ª Região
PB,250250,2502,Macrorregião II - Campina Grande,25015,15ª Região
PB,251200,2502,Macrorregião II - Campina Grande,25016,16ª Região
PB,251630,2502,Macrorregião II - Campina Grande,25005,5ª Região
PB,250770,2502,Macrorregião II - Campina Grande,25016,16ª Região
PB,251240,2502,Macrorregião II - Campina Grande,25016,16ª Região
PB,250920,2502,Macrorregião II - Campina Grande,25016,16ª Região
PB,251650,2502,Macrorregião II - Campina Grande,25016,16ª Região
PB,251610,2502,Macrorregião II - Campina Grande,25016,16ª Região
PB,251550,2502,Macrorregião II - Campina Grande,25005,5ª Região
PB,250160,2502,Macrorregião II - Campina Grande,25004,4ª Região
PB,250090,2502,Macrorregião II - Campina Grande,25003,3ª Região
PB,250610,2502,Macrorregião II - Campina Grande,25016,16ª Região
PB,251510,2502,Macrorregião II - Campina Grande,25003,3ª Região
PB,251540,2502,Macrorregião II - Campina Grande,25004,4ª Região
PB,251010,2502,Macrorregião II - Campina Grande,25004,4ª Região
PB,251700,2502,Macrorregião II - Campina Grande,25015,15ª Região
PB,250990,2502,Macrorregião II - Campina Grande,25015,15ª Região
PB,250625,2502,Macrorregião II - Campina Grande,25015,15ª Região
PB,250157,2502,Macrorregião II - Campina Grande,25015,15ª Região
PB,251315,2502,Macrorregião II - Campina Grande,25015,15ª Região
PB,250500,2502,Macrorregião II - Campina Grande,25004,4ª Região
PB,250120,2502,Macrorregião II - Campina Grande,25003,3ª Região
PB,250850,2502,Macrorregião II - Campina Grande,25016,16ª Região
PB,251110,2502,Macrorregião II - Campina Grande,25004,4ª Região
PB,251580,2502,Macrorregião II - Campina Grande,25016,16ª Região
PB,250215,2502,Macrorregião II - Campina Grande,25016,16ª Região
PB,250390,2502,Macrorregião II - Campina Grande,25005,5ª Região
PB,250170,2502,Macrorregião II - Campina Grande,25015,15ª Região
PB,250950,2502,Macrorregião II - Campina Grande,25003,3ª Região
PB,250053,2502,Macrorregião II - Campina Grande,25015,15ª Região
PB,250310,2502,Macrorregião II - Campina Grande,25015,15ª Região
PB,250435,2502,Macrorregião II - Campina Grande,25015,15ª Região
PB,250535,2502,Macrorregião II - Campina Grande,25004,4ª Região
PB,250470,2502,Macrorregião II - Campina Grande,25005,5ª Região
PB,250153,2502,Macrorregião II - Campina Grande,25004,4ª Região
PB,250933,2502,Macrorregião II - Campina Grande,25003,3ª Região
PB,251410,2502,Macrorregião II - Campina Grande,25005,5ª Região
PB,251030,2502,Macrorregião II - Campina Grande,25004,4ª Região
PB,251400,2502,Macrorregião II - Campina Grande,25005,5ª Região
PB,250135,2502,Macrorregião II - Campina Grande,25016,16ª Região
PB,250407,2502,Macrorregião II - Campina Grande,25005,5ª Região
PB,251220,2502,Macrorregião II - Campina Grande,25005,5ª Região
PB,251050,2502,Macrorregião II - Campina Grande,25016,16ª Região
PB,251480,2502,Macrorregião II - Campina Grande,25005,5ª Região
PB,251615,2502,Macrorregião II - Campina Grande,25004,4ª Região
PB,251520,2502,Macrorregião II - Campina Grande,25005,5ª Região
PB,250650,2502,Macrorregião II - Campina Grande,25005,5ª Região
PB,251675,2502,Macrorregião II - Campina Grande,25016,16ª Região
PB,250057,2502,Macrorregião II - Campina Grande,25003,3ª Região
PB,251060,2502,Macrorregião II - Campina Grande,25005,5ª Região
PB,250620,2502,Macrorregião II - Campina Grande,25004,4ª Região
PB,251385,2502,Macrorregião II - Campina Grande,25016,16ª Região
PB,251394,2502,Macrorregião II - Campina Grande,25015,15ª Região
PB,250073,2502,Macrorregião II - Campina Grande,25005,5ª Região
PB,251740,2502,Macrorregião II - Campina Grande,25005,5ª Região
PB,251278,2502,Macrorregião II - Campina Grande,25015,15ª Região
PB,250485,2502,Macrorregião II - Campina Grande,25005,5ª Região
PB,251065,2502,Macrorregião II - Campina Grande,25005,5ª Região
PB,250750,2503,Macrorregião I - João Pessoa,25001,1ª Região Mata Atlantica
PB,251370,2503,Macrorregião I - João Pessoa,25001,1ª Região Mata Atlantica
PB,250180,2503,Macrorregião I - João Pessoa,25001,1ª Região Mata Atlantica
PB,250320,2503,Macrorregião I - João Pessoa,25001,1ª Região Mata Atlantica
PB,250630,2503,Macrorregião I - João Pessoa,25002,2ª Região
PB,251530,2503,Macrorregião I - João Pessoa,25001,1ª Região Mata Atlantica
PB,250890,2503,Macrorregião I - João Pessoa,25014,14ª Região
PB,251120,2503,Macrorregião I - João Pessoa,25012,12ª Região
PB,250460,2503,Macrorregião I - João Pessoa,25001,1ª Região Mata Atlantica
PB,251600,2503,Macrorregião I - João Pessoa,25002,2ª Região
PB,251290,2503,Macrorregião I - João Pessoa,25014,14ª Região
PB,250690,2503,Macrorregião I - João Pessoa,25012,12ª Região
PB,250150,2503,Macrorregião I - João Pessoa,25002,2ª Região
PB,250060,2503,Macrorregião I - João Pessoa,25001,1ª Região Mata Atlantica
PB,250910,2503,Macrorregião I - João Pessoa,25001,1ª Região Mata Atlantica
PB,250300,2503,Macrorregião I - João Pessoa,25001,1ª Região Mata Atlantica
PB,250710,2503,Macrorregião I - João Pessoa,25014,14ª Região
PB,250680,2503,Macrorregião I - João Pessoa,25012,12ª Região
PB,250100,2503,Macrorregião I - João Pessoa,25002,2ª Região
PB,250490,2503,Macrorregião I - João Pessoa,25001,1ª Região Mata Atlantica
PB,251190,2503,Macrorregião I - João Pessoa,25001,1ª Região Mata Atlantica
PB,250080,2503,Macrorregião I - João Pessoa,25002,2ª Região
PB,250190,2503,Macrorregião I - João Pessoa,25002,2ª Região
PB,250350,2503,Macrorregião I - João Pessoa,25002,2ª Região
PB,250730,2503,Macrorregião I - João Pessoa,25014,14ª Região
PB,250940,2503,Macrorregião I - João Pessoa,25012,12ª Região
PB,250640,2503,Macrorregião I - João Pessoa,25012,12ª Região
PB,250050,2503,Macrorregião I - João Pessoa,25002,2ª Região
PB,250860,2503,Macrorregião I - João Pessoa,25001,1ª Região Mata Atlantica
PB,251150,2503,Macrorregião I - João Pessoa,25012,12ª Região
PB,251310,2503,Macrorregião I - João Pessoa,25012,12ª Região
PB,250720,2503,Macrorregião I - João Pessoa,25012,12ª Região
PB,250570,2503,Macrorregião I - João Pessoa,25002,2ª Região
PB,250790,2503,Macrorregião I - João Pessoa,25012,12ª Região
PB,251180,2503,Macrorregião I - João Pessoa,25002,2ª Região
PB,250140,2503,Macrorregião I - João Pessoa,25014,14ª Região
PB,250905,2503,Macrorregião I - João Pessoa,25014,14ª Região
PB,250980,2503,Macrorregião I - João Pessoa,25002,2ª Região
PB,250930,2503,Macrorregião I - João Pessoa,25014,14ª Região
PB,251597,2503,Macrorregião I - João Pessoa,25001,1ª Região Mata Atlantica
PB,251640,2503,Macrorregião I - João Pessoa,25002,2ª Região
PB,250820,2503,Macrorregião I - João Pessoa,25002,2ª Região
PB,250760,2503,Macrorregião I - João Pessoa,25012,12ª Região
PB,251500,2503,Macrorregião I - João Pessoa,25012,12ª Região
PB,250403,2503,Macrorregião I - João Pessoa,25014,14ª Região
PB,250415,2503,Macrorregião I - João Pessoa,25002,2ª Região
PB,251160,2503,Macrorregião I - João Pessoa,25002,2ª Região
PB,250520,2503,Macrorregião I - João Pessoa,25002,2ª Região
PB,250360,2503,Macrorregião I - João Pessoa,25002,2ª Região
PB,250523,2503,Macrorregião I - João Pessoa,25014,14ª Região
PB,251445,2503,Macrorregião I - João Pessoa,25012,12ª Região
PB,251272,2503,Macrorregião I - João Pessoa,25014,14ª Região
PB,250380,2503,Macrorregião I - João Pessoa,25012,12ª Região
PB,251170,2503,Macrorregião I - João Pessoa,25002,2ª Região
PB,250527,2503,Macrorregião I - João Pessoa,25014,14ª Região
PB,251593,2503,Macrorregião I - João Pessoa,25002,2ª Região
PB,251590,2503,Macrorregião I - João Pessoa,25002,2ª Região
PB,250855,2503,Macrorregião I - João Pessoa,25002,2ª Região
PB,251276,2503,Macrorregião I - João Pessoa,25001,1ª Região Mata Atlantica
PB,251275,2503,Macrorregião I - João Pessoa,25012,12ª Região
PB,250270,2503,Macrorregião I - João Pessoa,25002,2ª Região
PB,250580,2503,Macrorregião I - João Pessoa,25002,2ª Região
PB,251560,2503,Macrorregião I - João Pessoa,25002,2ª Região
PB,251274,2503,Macrorregião I - João Pessoa,25002,2ª Região
PE,261110,2605,Vale do S.francisco e Araripe,26009,VIII Região de Saúde
PE,260110,2605,Vale do S.francisco e Araripe,26007,IX Região de Saúde
PE,260990,2605,Vale do S.francisco e Araripe,26007,IX Região de Saúde
PE,261220,2605,Vale do S.francisco e Araripe,26011,VII Região de Saúde
PE,261260,2605,Vale do S.francisco e Araripe,26009,VIII Região de Saúde
PE,260200,2605,Vale do S.francisco e Araripe,26007,IX Região de Saúde
PE,260530,2605,Vale do S.francisco e Araripe,26007,IX Região de Saúde
PE,261560,2605,Vale do S.francisco e Araripe,26007,IX Região de Saúde
PE,260300,2605,Vale do S.francisco e Araripe,26009,VIII Região de Saúde
PE,260730,2605,Vale do S.francisco e Araripe,26007,IX Região de Saúde
PE,260875,2605,Vale do S.francisco e Araripe,26009,VIII Região de Saúde
PE,260020,2605,Vale do S.francisco e Araripe,26009,VIII Região de Saúde
PE,261040,2605,Vale do S.francisco e Araripe,26007,IX Região de Saúde
PE,260160,2605,Vale do S.francisco e Araripe,26011,VII Região de Saúde
PE,261400,2605,Vale do S.francisco e Araripe,26011,VII Região de Saúde
PE,260515,2605,Vale do S.francisco e Araripe,26009,VIII Região de Saúde
PE,260930,2605,Vale do S.francisco e Araripe,26011,VII Região de Saúde
PE,261245,2605,Vale do S.francisco e Araripe,26007,IX Região de Saúde
PE,260980,2605,Vale do S.francisco e Araripe,26009,VIII Região de Saúde
PE,261255,2605,Vale do S.francisco e Araripe,26007,IX Região de Saúde
PE,261430,2605,Vale do S.francisco e Araripe,26007,IX Região de Saúde
PE,260430,2605,Vale do S.francisco e Araripe,26011,VII Região de Saúde
PE,261610,2605,Vale do S.francisco e Araripe,26011,VII Região de Saúde
PE,261520,2605,Vale do S.francisco e Araripe,26011,VII Região de Saúde
PE,260630,2605,Vale do S.francisco e Araripe,26007,IX Região de Saúde
PE,261390,2606,Sertão,26012,XI Região de Saúde
PE,260120,2606,Sertão,26002,VI Região de Saúde
PE,260280,2606,Sertão,26002,VI Região de Saúde
PE,260010,2606,Sertão,26001,X Região de Saúde
PE,260510,2606,Sertão,26002,VI Região de Saúde
PE,261350,2606,Sertão,26012,XI Região de Saúde
PE,261100,2606,Sertão,26002,VI Região de Saúde
PE,261410,2606,Sertão,26002,VI Região de Saúde
PE,261360,2606,Sertão,26001,X Região de Saúde
PE,260570,2606,Sertão,26012,XI Região de Saúde
PE,261460,2606,Sertão,26001,X Região de Saúde
PE,260660,2606,Sertão,26002,VI Região de Saúde
PE,260700,2606,Sertão,26002,VI Região de Saúde
PE,261580,2606,Sertão,26002,VI Região de Saúde
PE,260915,2606,Sertão,26002,VI Região de Saúde
PE,261480,2606,Sertão,26002,VI Região de Saúde
PE,261080,2606,Sertão,26002,VI Região de Saúde
PE,260560,2606,Sertão,26012,XI Região de Saúde
PE,260390,2606,Sertão,26001,X Região de Saúde
PE,261600,2606,Sertão,26002,VI Região de Saúde
PE,261570,2606,Sertão,26012,XI Região de Saúde
PE,260805,2606,Sertão,26002,VI Região de Saúde
PE,260770,2606,Sertão,26001,X Região de Saúde
PE,260392,2606,Sertão,26012,XI Região de Saúde
PE,260180,2606,Sertão,26012,XI Região de Saúde
PE,261247,2606,Sertão,26012,XI Região de Saúde
PE,260690,2606,Sertão,26001,X Região de Saúde
PE,261280,2606,Sertão,26001,X Região de Saúde
PE,261590,2606,Sertão,26001,X Região de Saúde
PE,260250,2606,Sertão,26001,X Região de Saúde
PE,261153,2606,Sertão,26001,X Região de Saúde
PE,261440,2606,Sertão,26001,X Região de Saúde
PE,260340,2606,Sertão,26012,XI Região de Saúde
PE,260710,2606,Sertão,26001,X Região de Saúde
PE,260740,2606,Sertão,26012,XI Região de Saúde
PE,261160,2607,Metropolitana,26010,I Região de Saúde
PE,260790,2607,Metropolitana,26010,I Região de Saúde
PE,260960,2607,Metropolitana,26010,I Região de Saúde
PE,261070,2607,Metropolitana,26010,I Região de Saúde
PE,260290,2607,Metropolitana,26010,I Região de Saúde
PE,260345,2607,Metropolitana,26010,I Região de Saúde
PE,261640,2607,Metropolitana,26010,I Região de Saúde
PE,260680,2607,Metropolitana,26010,I Região de Saúde
PE,261370,2607,Metropolitana,26010,I Região de Saúde
PE,260720,2607,Metropolitana,26010,I Região de Saúde
PE,260005,2607,Metropolitana,26010,I Região de Saúde
PE,260620,2607,Metropolitana,26005,XII Região de Saúde
PE,260400,2607,Metropolitana,26006,II Região de Saúde
PE,261450,2607,Metropolitana,26006,II Região de Saúde
PE,260520,2607,Metropolitana,26008,III Região de Saúde
PE,261060,2607,Metropolitana,26006,II Região de Saúde
PE,260890,2607,Metropolitana,26006,II Região de Saúde
PE,260940,2607,Metropolitana,26010,I Região de Saúde
PE,261000,2607,Metropolitana,26008,III Região de Saúde
PE,261530,2607,Metropolitana,26005,XII Região de Saúde
PE,260140,2607,Metropolitana,26008,III Região de Saúde
PE,261420,2607,Metropolitana,26008,III Região de Saúde
PE,260220,2607,Metropolitana,26006,II Região de Saúde
PE,260070,2607,Metropolitana,26005,XII Região de Saúde
PE,260765,2607,Metropolitana,26005,XII Região de Saúde
PE,261180,2607,Metropolitana,26008,III Região de Saúde
PE,260420,2607,Metropolitana,26008,III Região de Saúde
PE,260950,2607,Metropolitana,26006,II Região de Saúde
PE,260610,2607,Metropolitana,26010,I Região de Saúde
PE,261050,2607,Metropolitana,26006,II Região de Saúde
PE,260775,2607,Metropolitana,26010,I Região de Saúde
PE,260810,2607,Metropolitana,26006,II Região de Saúde
PE,261130,2607,Metropolitana,26010,I Região de Saúde
PE,260040,2607,Metropolitana,26008,III Região de Saúde
PE,261630,2607,Metropolitana,26006,II Região de Saúde
PE,260460,2607,Metropolitana,26005,XII Região de Saúde
PE,260760,2607,Metropolitana,26010,I Região de Saúde
PE,260900,2607,Metropolitana,26005,XII Região de Saúde
PE,261485,2607,Metropolitana,26008,III Região de Saúde
PE,260970,2607,Metropolitana,26006,II Região de Saúde
PE,260540,2607,Metropolitana,26006,II Região de Saúde
PE,260450,2607,Metropolitana,26010,I Região de Saúde
PE,261190,2607,Metropolitana,26008,III Região de Saúde
PE,260850,2607,Metropolitana,26006,II Região de Saúde
PE,260105,2607,Metropolitana,26010,I Região de Saúde
PE,261340,2607,Metropolitana,26008,III Região de Saúde
PE,260590,2607,Metropolitana,26008,III Região de Saúde
PE,260090,2607,Metropolitana,26008,III Região de Saúde
PE,260845,2607,Metropolitana,26006,II Região de Saúde
PE,261150,2607,Metropolitana,26008,III Região de Saúde
PE,261380,2607,Metropolitana,26005,XII Região de Saúde
PE,260780,2607,Metropolitana,26005,XII Região de Saúde
PE,260490,2607,Metropolitana,26006,II Região de Saúde
PE,260550,2607,Metropolitana,26005,XII Região de Saúde
PE,260870,2607,Metropolitana,26008,III Região de Saúde
PE,261550,2607,Metropolitana,26006,II Região de Saúde
PE,261140,2607,Metropolitana,26008,III Região de Saúde
PE,260820,2607,Metropolitana,26008,III Região de Saúde
PE,260415,2607,Metropolitana,26006,II Região de Saúde
PE,261290,2607,Metropolitana,26008,III Região de Saúde
PE,260440,2607,Metropolitana,26010,I Região de Saúde
PE,260270,2607,Metropolitana,26006,II Região de Saúde
PE,261650,2607,Metropolitana,26008,III Região de Saúde
PE,260910,2607,Metropolitana,26006,II Região de Saúde
PE,260150,2607,Metropolitana,26008,III Região de Saúde
PE,260480,2607,Metropolitana,26008,III Região de Saúde
PE,260795,2607,Metropolitana,26008,III Região de Saúde
PE,260920,2607,Metropolitana,26008,III Região de Saúde
PE,260360,2607,Metropolitana,26005,XII Região de Saúde
PE,261618,2607,Metropolitana,26006,II Região de Saúde
PE,261210,2607,Metropolitana,26006,II Região de Saúde
PE,260545,2607,Metropolitana,26010,I Região de Saúde
PE,260410,2608,Agreste,26003,IV Região de Saúde
PE,260600,2608,Agreste,26004,V Região de Saúde
PE,261250,2608,Agreste,26003,IV Região de Saúde
PE,260640,2608,Agreste,26003,IV Região de Saúde
PE,260170,2608,Agreste,26003,IV Região de Saúde
PE,261090,2608,Agreste,26003,IV Região de Saúde
PE,260190,2608,Agreste,26003,IV Região de Saúde
PE,261300,2608,Agreste,26003,IV Região de Saúde
PE,260260,2608,Agreste,26003,IV Região de Saúde
PE,260210,2608,Agreste,26004,V Região de Saúde
PE,260050,2608,Agreste,26004,V Região de Saúde
PE,261540,2608,Agreste,26003,IV Região de Saúde
PE,260880,2608,Agreste,26004,V Região de Saúde
PE,260230,2608,Agreste,26003,IV Região de Saúde
PE,261310,2608,Agreste,26003,IV Região de Saúde
PE,260750,2608,Agreste,26004,V Região de Saúde
PE,260320,2608,Agreste,26004,V Região de Saúde
PE,261500,2608,Agreste,26003,IV Região de Saúde
PE,260370,2608,Agreste,26004,V Região de Saúde
PE,261320,2608,Agreste,26004,V Região de Saúde
PE,260030,2608,Agreste,26003,IV Região de Saúde
PE,260500,2608,Agreste,26003,IV Região de Saúde
PE,261020,2608,Agreste,26003,IV Região de Saúde
PE,261620,2608,Agreste,26003,IV Região de Saúde
PE,260080,2608,Agreste,26003,IV Região de Saúde
PE,261170,2608,Agreste,26003,IV Região de Saúde
PE,260310,2608,Agreste,26003,IV Região de Saúde
PE,261330,2608,Agreste,26003,IV Região de Saúde
PE,261240,2608,Agreste,26003,IV Região de Saúde
PE,260380,2608,Agreste,26004,V Região de Saúde
PE,260350,2608,Agreste,26003,IV Região de Saúde
PE,260650,2608,Agreste,26004,V Região de Saúde
PE,260470,2608,Agreste,26004,V Região de Saúde
PE,260800,2608,Agreste,26003,IV Região de Saúde
PE,260830,2608,Agreste,26004,V Região de Saúde
PE,260060,2608,Agreste,26003,IV Região de Saúde
PE,261270,2608,Agreste,26003,IV Região de Saúde
PE,261230,2608,Agreste,26004,V Região de Saúde
PE,261470,2608,Agreste,26003,IV Região de Saúde
PE,260580,2608,Agreste,26003,IV Região de Saúde
PE,260840,2608,Agreste,26003,IV Região de Saúde
PE,260130,2608,Agreste,26003,IV Região de Saúde
PE,261030,2608,Agreste,26004,V Região de Saúde
PE,260860,2608,Agreste,26004,V Região de Saúde
PE,260825,2608,Agreste,26004,V Região de Saúde
PE,260330,2608,Agreste,26004,V Região de Saúde
PE,261200,2608,Agreste,26003,IV Região de Saúde
PE,261120,2608,Agreste,26003,IV Região de Saúde
PE,260100,2608,Agreste,26004,V Região de Saúde
PE,260240,2608,Agreste,26004,V Região de Saúde
PE,260670,2608,Agreste,26003,IV Região de Saúde
PE,261010,2608,Agreste,26004,V Região de Saúde
PE,261510,2608,Agreste,26004,V Região de Saúde
AL,270030,2703,2ª Macrorregião de Saúde,27007,7ª Região de Saúde
AL,270630,2703,2ª Macrorregião de Saúde,27008,8ª Região de Saúde
AL,270240,2703,2ª Macrorregião de Saúde,27010,10ª Região de Saúde
AL,270800,2703,2ª Macrorregião de Saúde,27009,9ª Região de Saúde
AL,270290,2703,2ª Macrorregião de Saúde,27007,7ª Região de Saúde
AL,270880,2703,2ª Macrorregião de Saúde,27007,7ª Região de Saúde
AL,270840,2703,2ª Macrorregião de Saúde,27009,9ª Região de Saúde
AL,270420,2703,2ª Macrorregião de Saúde,27007,7ª Região de Saúde
AL,270235,2703,2ª Macrorregião de Saúde,27007,7ª Região de Saúde
AL,270310,2703,2ª Macrorregião de Saúde,27008,8ª Região de Saúde
AL,270640,2703,2ª Macrorregião de Saúde,27009,9ª Região de Saúde
AL,270920,2703,2ª Macrorregião de Saúde,27007,7ª Região de Saúde
AL,270260,2703,2ª Macrorregião de Saúde,27007,7ª Região de Saúde
AL,270710,2703,2ª Macrorregião de Saúde,27010,10ª Região de Saúde
AL,270500,2703,2ª Macrorregião de Saúde,27010,10ª Região de Saúde
AL,270570,2703,2ª Macrorregião de Saúde,27009,9ª Região de Saúde
AL,270010,2703,2ª Macrorregião de Saúde,27010,10ª Região de Saúde
AL,270910,2703,2ª Macrorregião de Saúde,27007,7ª Região de Saúde
AL,270410,2703,2ª Macrorregião de Saúde,27007,7ª Região de Saúde
AL,270440,2703,2ª Macrorregião de Saúde,27007,7ª Região de Saúde
AL,270070,2703,2ª Macrorregião de Saúde,27007,7ª Região de Saúde
AL,270255,2703,2ª Macrorregião de Saúde,27008,8ª Região de Saúde
AL,270160,2703,2ª Macrorregião de Saúde,27009,9ª Região de Saúde
AL,270330,2703,2ª Macrorregião de Saúde,27010,10ª Região de Saúde
AL,270480,2703,2ª Macrorregião de Saúde,27008,8ª Região de Saúde
AL,270720,2703,2ª Macrorregião de Saúde,27009,9ª Região de Saúde
AL,270895,2703,2ª Macrorregião de Saúde,27009,9ª Região de Saúde
AL,270610,2703,2ª Macrorregião de Saúde,27009,9ª Região de Saúde
AL,270600,2703,2ª Macrorregião de Saúde,27009,9ª Região de Saúde
AL,270200,2703,2ª Macrorregião de Saúde,27007,7ª Região de Saúde
AL,270642,2703,2ª Macrorregião de Saúde,27010,10ª Região de Saúde
AL,270120,2703,2ª Macrorregião de Saúde,27008,8ª Região de Saúde
AL,270250,2703,2ª Macrorregião de Saúde,27009,9ª Região de Saúde
AL,270460,2703,2ª Macrorregião de Saúde,27009,9ª Região de Saúde
AL,270180,2703,2ª Macrorregião de Saúde,27009,9ª Região de Saúde
AL,270580,2703,2ª Macrorregião de Saúde,27010,10ª Região de Saúde
AL,270150,2703,2ª Macrorregião de Saúde,27007,7ª Região de Saúde
AL,270540,2703,2ª Macrorregião de Saúde,27009,9ª Região de Saúde
AL,270900,2703,2ª Macrorregião de Saúde,27008,8ª Região de Saúde
AL,270090,2703,2ª Macrorregião de Saúde,27007,7ª Região de Saúde
AL,270340,2703,2ª Macrorregião de Saúde,27007,7ª Região de Saúde
AL,270370,2703,2ª Macrorregião de Saúde,27007,7ª Região de Saúde
AL,270530,2703,2ª Macrorregião de Saúde,27008,8ª Região de Saúde
AL,270080,2703,2ª Macrorregião de Saúde,27008,8ª Região de Saúde
AL,270620,2703,2ª Macrorregião de Saúde,27009,9ª Região de Saúde
AL,270590,2703,2ª Macrorregião de Saúde,27007,7ª Região de Saúde
AL,270430,2704,1ª Macrorregião de Saúde,27001,1ª Região de Saúde
AL,270770,2704,1ª Macrorregião de Saúde,27001,1ª Região de Saúde
AL,270470,2704,1ª Macrorregião de Saúde,27001,1ª Região de Saúde
AL,270930,2704,1ª Macrorregião de Saúde,27003,3ª Região de Saúde
AL,270670,2704,1ª Macrorregião de Saúde,27006,6ª Região de Saúde
AL,270860,2704,1ª Macrorregião de Saúde,27005,5ª Região de Saúde
AL,270230,2704,1ª Macrorregião de Saúde,27006,6ª Região de Saúde
AL,270915,2704,1ª Macrorregião de Saúde,27005,5ª Região de Saúde
AL,270040,2704,1ª Macrorregião de Saúde,27004,4ª Região de Saúde
AL,270690,2704,1ª Macrorregião de Saúde,27001,1ª Região de Saúde
AL,270450,2704,1ª Macrorregião de Saúde,27002,2ª Região de Saúde
AL,270140,2704,1ª Macrorregião de Saúde,27005,5ª Região de Saúde
AL,270850,2704,1ª Macrorregião de Saúde,27002,2ª Região de Saúde
AL,270550,2704,1ª Macrorregião de Saúde,27003,3ª Região de Saúde
AL,270890,2704,1ª Macrorregião de Saúde,27001,1ª Região de Saúde
AL,270730,2704,1ª Macrorregião de Saúde,27002,2ª Região de Saúde
AL,270940,2704,1ª Macrorregião de Saúde,27004,4ª Região de Saúde
AL,270400,2704,1ª Macrorregião de Saúde,27005,5ª Região de Saúde
AL,270510,2704,1ª Macrorregião de Saúde,27002,2ª Região de Saúde
AL,270320,2704,1ª Macrorregião de Saúde,27006,6ª Região de Saúde
AL,270100,2704,1ª Macrorregião de Saúde,27005,5ª Região de Saúde
AL,270830,2704,1ª Macrorregião de Saúde,27003,3ª Região de Saúde
AL,270750,2704,1ª Macrorregião de Saúde,27006,6ª Região de Saúde
AL,270380,2704,1ª Macrorregião de Saúde,27003,3ª Região de Saúde
AL,270050,2704,1ª Macrorregião de Saúde,27001,1ª Região de Saúde
AL,270130,2704,1ª Macrorregião de Saúde,27004,4ª Região de Saúde
AL,270680,2704,1ª Macrorregião de Saúde,27006,6ª Região de Saúde
AL,270210,2704,1ª Macrorregião de Saúde,27003,3ª Região de Saúde
AL,270520,2704,1ª Macrorregião de Saúde,27001,1ª Região de Saúde
AL,270170,2704,1ª Macrorregião de Saúde,27004,4ª Região de Saúde
AL,270020,2704,1ª Macrorregião de Saúde,27005,5ª Região de Saúde
AL,270644,2704,1ª Macrorregião de Saúde,27001,1ª Região de Saúde
AL,270650,2704,1ª Macrorregião de Saúde,27002,2ª Região de Saúde
AL,270300,2704,1ª Macrorregião de Saúde,27003,3ª Região de Saúde
AL,270810,2704,1ª Macrorregião de Saúde,27003,3ª Região de Saúde
AL,270760,2704,1ª Macrorregião de Saúde,27004,4ª Região de Saúde
AL,270560,2704,1ª Macrorregião de Saúde,27003,3ª Região de Saúde
AL,270280,2704,1ª Macrorregião de Saúde,27001,1ª Região de Saúde
AL,270110,2704,1ª Macrorregião de Saúde,27003,3ª Região de Saúde
AL,270375,2704,1ª Macrorregião de Saúde,27006,6ª Região de Saúde
AL,270740,2704,1ª Macrorregião de Saúde,27002,2ª Região de Saúde
AL,270360,2704,1ª Macrorregião de Saúde,27002,2ª Região de Saúde
AL,270870,2704,1ª Macrorregião de Saúde,27002,2ª Região de Saúde
AL,270060,2704,1ª Macrorregião de Saúde,27001,1ª Região de Saúde
AL,270790,2704,1ª Macrorregião de Saúde,27001,1ª Região de Saúde
AL,270135,2704,1ª Macrorregião de Saúde,27003,3ª Região de Saúde
AL,270660,2704,1ª Macrorregião de Saúde,27004,4ª Região de Saúde
AL,270780,2704,1ª Macrorregião de Saúde,27005,5ª Região de Saúde
AL,270820,2704,1ª Macrorregião de Saúde,27006,6ª Região de Saúde
AL,270190,2704,1ª Macrorregião de Saúde,27004,4ª Região de Saúde
AL,270220,2704,1ª Macrorregião de Saúde,27001,1ª Região de Saúde
AL,270350,2704,1ª Macrorregião de Saúde,27002,2ª Região de Saúde
AL,270390,2704,1ª Macrorregião de Saúde,27003,3ª Região de Saúde
AL,270270,2704,1ª Macrorregião de Saúde,27006,6ª Região de Saúde
AL,270490,2704,1ª Macrorregião de Saúde,27004,4ª Região de Saúde
AL,270700,2704,1ª Macrorregião de Saúde,27004,4ª Região de Saúde
SE,280030,2801,Macro Única,28001,Aracajú
SE,280480,2801,Macro Única,28006,Nossa Senhora do Socorro
SE,280290,2801,Macro Única,28003,Itabaiana
SE,280350,2801,Macro Única,28004,Lagarto
SE,280670,2801,Macro Única,28001,Aracajú
SE,280210,2801,Macro Única,28002,Estancia
SE,280740,2801,Macro Única,28004,Lagarto
SE,280710,2801,Macro Única,28004,Lagarto
SE,280060,2801,Macro Única,28001,Aracajú
SE,280450,2801,Macro Única,28005,Nossa Senhora da Gloria
SE,280300,2801,Macro Única,28002,Estancia
SE,280320,2801,Macro Única,28001,Aracajú
SE,280540,2801,Macro Única,28005,Nossa Senhora da Gloria
SE,280130,2801,Macro Única,28006,Nossa Senhora do Socorro
SE,280120,2801,Macro Única,28005,Nossa Senhora da Gloria
SE,280570,2801,Macro Única,28007,Propria
SE,280560,2801,Macro Única,28005,Nossa Senhora da Gloria
SE,280460,2801,Macro Única,28006,Nossa Senhora do Socorro
SE,280067,2801,Macro Única,28002,Estancia
SE,280360,2801,Macro Única,28001,Aracajú
SE,280760,2801,Macro Única,28002,Estancia
SE,280550,2801,Macro Única,28004,Lagarto
SE,280620,2801,Macro Única,28004,Lagarto
SE,280020,2801,Macro Única,28007,Propria
SE,280140,2801,Macro Única,28003,Itabaiana
SE,280580,2801,Macro Única,28004,Lagarto
SE,280100,2801,Macro Única,28003,Itabaiana
SE,280050,2801,Macro Única,28003,Itabaiana
SE,280170,2801,Macro Única,28002,Estancia
SE,280600,2801,Macro Única,28003,Itabaiana
SE,280280,2801,Macro Única,28002,Estancia
SE,280440,2801,Macro Única,28007,Propria
SE,280330,2801,Macro Única,28006,Nossa Senhora do Socorro
SE,280400,2801,Macro Única,28006,Nossa Senhora do Socorro
SE,280230,2801,Macro Única,28003,Itabaiana
SE,280420,2801,Macro Única,28005,Nossa Senhora da Gloria
SE,280150,2801,Macro Única,28006,Nossa Senhora do Socorro
SE,280630,2801,Macro Única,28002,Estancia
SE,280340,2801,Macro Única,28007,Propria
SE,280490,2801,Macro Única,28007,Propria
SE,280750,2801,Macro Única,28002,Estancia
SE,280390,2801,Macro Única,28003,Itabaiana
SE,280240,2801,Macro Única,28005,Nossa Senhora da Gloria
SE,280660,2801,Macro Única,28006,Nossa Senhora do Socorro
SE,280410,2801,Macro Única,28003,Itabaiana
SE,280680,2801,Macro Única,28003,Itabaiana
SE,280040,2801,Macro Única,28002,Estancia
SE,280610,2801,Macro Única,28006,Nossa Senhora do Socorro
SE,280445,2801,Macro Única,28003,Itabaiana
SE,280590,2801,Macro Única,28001,Aracajú
SE,280270,2801,Macro Única,28007,Propria
SE,280530,2801,Macro Única,28006,Nossa Senhora do Socorro
SE,280070,2801,Macro Única,28007,Propria
SE,280720,2801,Macro Única,28006,Nossa Senhora do Socorro
SE,280430,2801,Macro Única,28007,Propria
SE,280510,2801,Macro Única,28002,Estancia
SE,280640,2801,Macro Única,28007,Propria
SE,280370,2801,Macro Única,28003,Itabaiana
SE,280470,2801,Macro Única,28007,Propria
SE,280220,2801,Macro Única,28005,Nossa Senhora da Gloria
SE,280260,2801,Macro Única,28005,Nossa Senhora da Gloria
SE,280520,2801,Macro Única,28003,Itabaiana
SE,280160,2801,Macro Única,28007,Propria
SE,280310,2801,Macro Única,28005,Nossa Senhora da Gloria
SE,280200,2801,Macro Única,28001,Aracajú
SE,280650,2801,Macro Única,28001,Aracajú
SE,280190,2801,Macro Única,28006,Nossa Senhora do Socorro
SE,280110,2801,Macro Única,28007,Propria
SE,280380,2801,Macro Única,28007,Propria
SE,280700,2801,Macro Única,28003,Itabaiana
SE,280730,2801,Macro Única,28007,Propria
SE,280690,2801,Macro Única,28007,Propria
SE,280250,2801,Macro Única,28006,Nossa Senhora do Socorro
SE,280500,2801,Macro Única,28003,Itabaiana
SE,280010,2801,Macro Única,28007,Propria
BA,291480,2910,Sul (NBS - Ilheus),29012,Itabuna
BA,291360,2910,Sul (NBS - Ilheus),29009,Ilhéus
BA,291800,2910,Sul (NBS - Ilheus),29015,Jequie
BA,293290,2910,Sul (NBS - Ilheus),29027,Valença
BA,291760,2910,Sul (NBS - Ilheus),29015,Jequie
BA,291390,2910,Sul (NBS - Ilheus),29015,Jequie
BA,290630,2910,Sul (NBS - Ilheus),29009,Ilhéus
BA,291120,2910,Sul (NBS - Ilheus),29027,Valença
BA,290580,2910,Sul (NBS - Ilheus),29027,Valença
BA,291490,2910,Sul (NBS - Ilheus),29009,Ilhéus
BA,292050,2910,Sul (NBS - Ilheus),29015,Jequie
BA,291270,2910,Sul (NBS - Ilheus),29012,Itabuna
BA,292070,2910,Sul (NBS - Ilheus),29012,Itabuna
BA,293350,2910,Sul (NBS - Ilheus),29027,Valença
BA,290560,2910,Sul (NBS - Ilheus),29012,Itabuna
BA,291730,2910,Sul (NBS - Ilheus),29027,Valença
BA,291210,2910,Sul (NBS - Ilheus),29012,Itabuna
BA,293270,2910,Sul (NBS - Ilheus),29009,Ilhéus
BA,291290,2910,Sul (NBS - Ilheus),29015,Jequie
BA,291550,2910,Sul (NBS - Ilheus),29012,Itabuna
BA,293250,2910,Sul (NBS - Ilheus),29009,Ilhéus
BA,293120,2910,Sul (NBS - Ilheus),29027,Valença
BA,290540,2910,Sul (NBS - Ilheus),29027,Valença
BA,293220,2910,Sul (NBS - Ilheus),29012,Itabuna
BA,290800,2910,Sul (NBS - Ilheus),29012,Itabuna
BA,293230,2910,Sul (NBS - Ilheus),29012,Itabuna
BA,291520,2910,Sul (NBS - Ilheus),29015,Jequie
BA,290470,2910,Sul (NBS - Ilheus),29012,Itabuna
BA,291830,2910,Sul (NBS - Ilheus),29015,Jequie
BA,292805,2910,Sul (NBS - Ilheus),29009,Ilhéus
BA,292040,2910,Sul (NBS - Ilheus),29015,Jequie
BA,291510,2910,Sul (NBS - Ilheus),29015,Jequie
BA,290370,2910,Sul (NBS - Ilheus),29015,Jequie
BA,292090,2910,Sul (NBS - Ilheus),29009,Ilhéus
BA,291345,2910,Sul (NBS - Ilheus),29027,Valença
BA,290430,2910,Sul (NBS - Ilheus),29015,Jequie
BA,292260,2910,Sul (NBS - Ilheus),29027,Valença
BA,290240,2910,Sul (NBS - Ilheus),29012,Itabuna
BA,291100,2910,Sul (NBS - Ilheus),29012,Itabuna
BA,291690,2910,Sul (NBS - Ilheus),29015,Jequie
BA,292467,2910,Sul (NBS - Ilheus),29027,Valença
BA,291000,2910,Sul (NBS - Ilheus),29015,Jequie
BA,291430,2910,Sul (NBS - Ilheus),29015,Jequie
BA,291620,2910,Sul (NBS - Ilheus),29012,Itabuna
BA,292790,2910,Sul (NBS - Ilheus),29015,Jequie
BA,291660,2910,Sul (NBS - Ilheus),29012,Itabuna
BA,290225,2910,Sul (NBS - Ilheus),29009,Ilhéus
BA,292390,2910,Sul (NBS - Ilheus),29012,Itabuna
BA,291670,2910,Sul (NBS - Ilheus),29015,Jequie
BA,292490,2910,Sul (NBS - Ilheus),29015,Jequie
BA,292280,2910,Sul (NBS - Ilheus),29015,Jequie
BA,291905,2910,Sul (NBS - Ilheus),29015,Jequie
BA,291570,2910,Sul (NBS - Ilheus),29015,Jequie
BA,290195,2910,Sul (NBS - Ilheus),29015,Jequie
BA,292275,2910,Sul (NBS - Ilheus),29027,Valença
BA,291420,2910,Sul (NBS - Ilheus),29015,Jequie
BA,291540,2910,Sul (NBS - Ilheus),29012,Itabuna
BA,291855,2910,Sul (NBS - Ilheus),29012,Itabuna
BA,290330,2910,Sul (NBS - Ilheus),29012,Itabuna
BA,290310,2910,Sul (NBS - Ilheus),29015,Jequie
BA,291150,2910,Sul (NBS - Ilheus),29012,Itabuna
BA,292935,2910,Sul (NBS - Ilheus),29012,Itabuna
BA,290090,2910,Sul (NBS - Ilheus),29012,Itabuna
BA,292780,2910,Sul (NBS - Ilheus),29012,Itabuna
BA,290060,2910,Sul (NBS - Ilheus),29015,Jequie
BA,290950,2910,Sul (NBS - Ilheus),29015,Jequie
BA,291870,2910,Sul (NBS - Ilheus),29015,Jequie
BA,293330,2911,Sudoeste (NBS - Vitoria Conquista),29028,Vitoria da Conquista
BA,291170,2911,Sudoeste (NBS - Vitoria Conquista),29007,Guanambi
BA,290460,2911,Sudoeste (NBS - Vitoria Conquista),29003,Brumado
BA,291640,2911,Sudoeste (NBS - Vitoria Conquista),29013,Itapetinga
BA,290520,2911,Sudoeste (NBS - Vitoria Conquista),29007,Guanambi
BA,292510,2911,Sudoeste (NBS - Vitoria Conquista),29028,Vitoria da Conquista
BA,291950,2911,Sudoeste (NBS - Vitoria Conquista),29003,Brumado
BA,291980,2911,Sudoeste (NBS - Vitoria Conquista),29003,Brumado
BA,290290,2911,Sudoeste (NBS - Vitoria Conquista),29028,Vitoria da Conquista
BA,292640,2911,Sudoeste (NBS - Vitoria Conquista),29007,Guanambi
BA,290710,2911,Sudoeste (NBS - Vitoria Conquista),29007,Guanambi
BA,290280,2911,Sudoeste (NBS - Vitoria Conquista),29003,Brumado
BA,290120,2911,Sudoeste (NBS - Vitoria Conquista),29028,Vitoria da Conquista
BA,290670,2911,Sudoeste (NBS - Vitoria Conquista),29028,Vitoria da Conquista
BA,291580,2911,Sudoeste (NBS - Vitoria Conquista),29013,Itapetinga
BA,292500,2911,Sudoeste (NBS - Vitoria Conquista),29028,Vitoria da Conquista
BA,290500,2911,Sudoeste (NBS - Vitoria Conquista),29007,Guanambi
BA,291970,2911,Sudoeste (NBS - Vitoria Conquista),29013,Itapetinga
BA,291350,2911,Sudoeste (NBS - Vitoria Conquista),29013,Itapetinga
BA,293100,2911,Sudoeste (NBS - Vitoria Conquista),29003,Brumado
BA,291220,2911,Sudoeste (NBS - Vitoria Conquista),29003,Brumado
BA,292360,2911,Sudoeste (NBS - Vitoria Conquista),29003,Brumado
BA,292340,2911,Sudoeste (NBS - Vitoria Conquista),29007,Guanambi
BA,290410,2911,Sudoeste (NBS - Vitoria Conquista),29003,Brumado
BA,291040,2911,Sudoeste (NBS - Vitoria Conquista),29028,Vitoria da Conquista
BA,290350,2911,Sudoeste (NBS - Vitoria Conquista),29028,Vitoria da Conquista
BA,291720,2911,Sudoeste (NBS - Vitoria Conquista),29003,Brumado
BA,293105,2911,Sudoeste (NBS - Vitoria Conquista),29007,Guanambi
BA,290870,2911,Sudoeste (NBS - Vitoria Conquista),29028,Vitoria da Conquista
BA,291680,2911,Sudoeste (NBS - Vitoria Conquista),29013,Itapetinga
BA,291710,2911,Sudoeste (NBS - Vitoria Conquista),29013,Itapetinga
BA,293180,2911,Sudoeste (NBS - Vitoria Conquista),29028,Vitoria da Conquista
BA,291340,2911,Sudoeste (NBS - Vitoria Conquista),29007,Guanambi
BA,292020,2911,Sudoeste (NBS - Vitoria Conquista),29007,Guanambi
BA,293260,2911,Sudoeste (NBS - Vitoria Conquista),29007,Guanambi
BA,292450,2911,Sudoeste (NBS - Vitoria Conquista),29007,Guanambi
BA,291740,2911,Sudoeste (NBS - Vitoria Conquista),29007,Guanambi
BA,291875,2911,Sudoeste (NBS - Vitoria Conquista),29007,Guanambi
BA,290200,2911,Sudoeste (NBS - Vitoria Conquista),29003,Brumado
BA,291230,2911,Sudoeste (NBS - Vitoria Conquista),29013,Itapetinga
BA,291250,2911,Sudoeste (NBS - Vitoria Conquista),29003,Brumado
BA,292270,2911,Sudoeste (NBS - Vitoria Conquista),29013,Itapetinga
BA,292670,2911,Sudoeste (NBS - Vitoria Conquista),29003,Brumado
BA,292680,2911,Sudoeste (NBS - Vitoria Conquista),29007,Guanambi
BA,290660,2911,Sudoeste (NBS - Vitoria Conquista),29007,Guanambi
BA,292570,2911,Sudoeste (NBS - Vitoria Conquista),29028,Vitoria da Conquista
BA,291010,2911,Sudoeste (NBS - Vitoria Conquista),29003,Brumado
BA,291940,2911,Sudoeste (NBS - Vitoria Conquista),29007,Guanambi
BA,290515,2911,Sudoeste (NBS - Vitoria Conquista),29028,Vitoria da Conquista
BA,292180,2911,Sudoeste (NBS - Vitoria Conquista),29007,Guanambi
BA,291733,2911,Sudoeste (NBS - Vitoria Conquista),29007,Guanambi
BA,290420,2911,Sudoeste (NBS - Vitoria Conquista),29007,Guanambi
BA,290050,2911,Sudoeste (NBS - Vitoria Conquista),29003,Brumado
BA,292690,2911,Sudoeste (NBS - Vitoria Conquista),29003,Brumado
BA,291200,2911,Sudoeste (NBS - Vitoria Conquista),29007,Guanambi
BA,292105,2911,Sudoeste (NBS - Vitoria Conquista),29007,Guanambi
BA,292540,2911,Sudoeste (NBS - Vitoria Conquista),29013,Itapetinga
BA,292145,2911,Sudoeste (NBS - Vitoria Conquista),29028,Vitoria da Conquista
BA,290689,2911,Sudoeste (NBS - Vitoria Conquista),29028,Vitoria da Conquista
BA,292665,2911,Sudoeste (NBS - Vitoria Conquista),29028,Vitoria da Conquista
BA,290395,2911,Sudoeste (NBS - Vitoria Conquista),29028,Vitoria da Conquista
BA,293000,2911,Sudoeste (NBS - Vitoria Conquista),29007,Guanambi
BA,292470,2911,Sudoeste (NBS - Vitoria Conquista),29028,Vitoria da Conquista
BA,290755,2911,Sudoeste (NBS - Vitoria Conquista),29003,Brumado
BA,292000,2911,Sudoeste (NBS - Vitoria Conquista),29013,Itapetinga
BA,292030,2911,Sudoeste (NBS - Vitoria Conquista),29003,Brumado
BA,291165,2911,Sudoeste (NBS - Vitoria Conquista),29003,Brumado
BA,290900,2911,Sudoeste (NBS - Vitoria Conquista),29028,Vitoria da Conquista
BA,291860,2911,Sudoeste (NBS - Vitoria Conquista),29003,Brumado
BA,291995,2911,Sudoeste (NBS - Vitoria Conquista),29028,Vitoria da Conquista
BA,290480,2911,Sudoeste (NBS - Vitoria Conquista),29013,Itapetinga
BA,291077,2911,Sudoeste (NBS - Vitoria Conquista),29007,Guanambi
BA,291090,2911,Sudoeste (NBS - Vitoria Conquista),29013,Itapetinga
BA,290880,2911,Sudoeste (NBS - Vitoria Conquista),29003,Brumado
BA,290320,2912,Oeste (NBS - Barreiras),29002,Barreiras
BA,291955,2912,Oeste (NBS - Barreiras),29002,Barreiras
BA,290390,2912,Oeste (NBS - Barreiras),29021,Santa Maria da Vitória
BA,290270,2912,Oeste (NBS - Barreiras),29008,Ibotirama
BA,292810,2912,Oeste (NBS - Barreiras),29021,Santa Maria da Vitória
BA,293015,2912,Oeste (NBS - Barreiras),29021,Santa Maria da Vitória
BA,292890,2912,Oeste (NBS - Barreiras),29002,Barreiras
BA,290930,2912,Oeste (NBS - Barreiras),29021,Santa Maria da Vitória
BA,292370,2912,Oeste (NBS - Barreiras),29008,Ibotirama
BA,292840,2912,Oeste (NBS - Barreiras),29002,Barreiras
BA,291320,2912,Oeste (NBS - Barreiras),29008,Ibotirama
BA,291110,2912,Oeste (NBS - Barreiras),29002,Barreiras
BA,292820,2912,Oeste (NBS - Barreiras),29021,Santa Maria da Vitória
BA,292620,2912,Oeste (NBS - Barreiras),29002,Barreiras
BA,292320,2912,Oeste (NBS - Barreiras),29008,Ibotirama
BA,290475,2912,Oeste (NBS - Barreiras),29008,Ibotirama
BA,290810,2912,Oeste (NBS - Barreiras),29021,Santa Maria da Vitória
BA,293030,2912,Oeste (NBS - Barreiras),29021,Santa Maria da Vitória
BA,292905,2912,Oeste (NBS - Barreiras),29021,Santa Maria da Vitória
BA,290970,2912,Oeste (NBS - Barreiras),29002,Barreiras
BA,290910,2912,Oeste (NBS - Barreiras),29021,Santa Maria da Vitória
BA,292045,2912,Oeste (NBS - Barreiras),29002,Barreiras
BA,290140,2912,Oeste (NBS - Barreiras),29002,Barreiras
BA,290250,2912,Oeste (NBS - Barreiras),29002,Barreiras
BA,293075,2912,Oeste (NBS - Barreiras),29021,Santa Maria da Vitória
BA,290940,2912,Oeste (NBS - Barreiras),29002,Barreiras
BA,293345,2912,Oeste (NBS - Barreiras),29002,Barreiras
BA,293090,2912,Oeste (NBS - Barreiras),29002,Barreiras
BA,290450,2912,Oeste (NBS - Barreiras),29008,Ibotirama
BA,292225,2912,Oeste (NBS - Barreiras),29008,Ibotirama
BA,290610,2912,Oeste (NBS - Barreiras),29021,Santa Maria da Vitória
BA,291410,2912,Oeste (NBS - Barreiras),29008,Ibotirama
BA,291735,2912,Oeste (NBS - Barreiras),29021,Santa Maria da Vitória
BA,290440,2912,Oeste (NBS - Barreiras),29002,Barreiras
BA,292160,2912,Oeste (NBS - Barreiras),29008,Ibotirama
BA,290740,2912,Oeste (NBS - Barreiras),29002,Barreiras
BA,291840,2913,Norte - (NBS - Juazeiro),29016,Juazeiro
BA,292400,2913,Norte - (NBS - Juazeiro),29017,Paulo Afonso
BA,293010,2913,Norte - (NBS - Juazeiro),29024,Senhor do Bonfim
BA,290720,2913,Norte - (NBS - Juazeiro),29016,Juazeiro
BA,290600,2913,Norte - (NBS - Juazeiro),29024,Senhor do Bonfim
BA,292600,2913,Norte - (NBS - Juazeiro),29016,Juazeiro
BA,293020,2913,Norte - (NBS - Juazeiro),29016,Juazeiro
BA,291810,2913,Norte - (NBS - Juazeiro),29017,Paulo Afonso
BA,292440,2913,Norte - (NBS - Juazeiro),29016,Juazeiro
BA,290990,2913,Norte - (NBS - Juazeiro),29016,Juazeiro
BA,291700,2913,Norte - (NBS - Juazeiro),29024,Senhor do Bonfim
BA,291770,2913,Norte - (NBS - Juazeiro),29024,Senhor do Bonfim
BA,290590,2913,Norte - (NBS - Juazeiro),29016,Juazeiro
BA,293077,2913,Norte - (NBS - Juazeiro),29016,Juazeiro
BA,293200,2913,Norte - (NBS - Juazeiro),29016,Juazeiro
BA,292460,2913,Norte - (NBS - Juazeiro),29024,Senhor do Bonfim
BA,292525,2913,Norte - (NBS - Juazeiro),29024,Senhor do Bonfim
BA,291085,2913,Norte - (NBS - Juazeiro),29024,Senhor do Bonfim
BA,290020,2913,Norte - (NBS - Juazeiro),29017,Paulo Afonso
BA,290682,2913,Norte - (NBS - Juazeiro),29016,Juazeiro
BA,291140,2913,Norte - (NBS - Juazeiro),29017,Paulo Afonso
BA,290135,2913,Norte - (NBS - Juazeiro),29024,Senhor do Bonfim
BA,292760,2913,Norte - (NBS - Juazeiro),29017,Paulo Afonso
BA,292420,2913,Norte - (NBS - Juazeiro),29017,Paulo Afonso
BA,290180,2913,Norte - (NBS - Juazeiro),29024,Senhor do Bonfim
BA,290770,2913,Norte - (NBS - Juazeiro),29017,Paulo Afonso
BA,292710,2913,Norte - (NBS - Juazeiro),29017,Paulo Afonso
BA,291990,2913,Norte - (NBS - Juazeiro),29017,Paulo Afonso
BA,290070,2914,Nordeste (NRS - Alagoinhas),29001,Alagoinhas
BA,292660,2914,Nordeste (NRS - Alagoinhas),29019,Ribeira do Pombal
BA,293190,2914,Nordeste (NRS - Alagoinhas),29019,Ribeira do Pombal
BA,290750,2914,Nordeste (NRS - Alagoinhas),29001,Alagoinhas
BA,291050,2914,Nordeste (NRS - Alagoinhas),29001,Alagoinhas
BA,292700,2914,Nordeste (NRS - Alagoinhas),29001,Alagoinhas
BA,291370,2914,Nordeste (NRS - Alagoinhas),29001,Alagoinhas
BA,291060,2914,Nordeste (NRS - Alagoinhas),29001,Alagoinhas
BA,291650,2914,Nordeste (NRS - Alagoinhas),29001,Alagoinhas
BA,290780,2914,Nordeste (NRS - Alagoinhas),29019,Ribeira do Pombal
BA,292380,2914,Nordeste (NRS - Alagoinhas),29019,Ribeira do Pombal
BA,292290,2914,Nordeste (NRS - Alagoinhas),29019,Ribeira do Pombal
BA,292310,2914,Nordeste (NRS - Alagoinhas),29019,Ribeira do Pombal
BA,290960,2914,Nordeste (NRS - Alagoinhas),29001,Alagoinhas
BA,291075,2914,Nordeste (NRS - Alagoinhas),29019,Ribeira do Pombal
BA,290790,2914,Nordeste (NRS - Alagoinhas),29019,Ribeira do Pombal
BA,290920,2914,Nordeste (NRS - Alagoinhas),29019,Ribeira do Pombal
BA,292970,2914,Nordeste (NRS - Alagoinhas),29001,Alagoinhas
BA,290190,2914,Nordeste (NRS - Alagoinhas),29001,Alagoinhas
BA,290160,2914,Nordeste (NRS - Alagoinhas),29019,Ribeira do Pombal
BA,290035,2914,Nordeste (NRS - Alagoinhas),29019,Ribeira do Pombal
BA,292650,2914,Nordeste (NRS - Alagoinhas),29019,Ribeira do Pombal
BA,290030,2914,Nordeste (NRS - Alagoinhas),29001,Alagoinhas
BA,293076,2914,Nordeste (NRS - Alagoinhas),29019,Ribeira do Pombal
BA,291185,2914,Nordeste (NRS - Alagoinhas),29019,Ribeira do Pombal
BA,290265,2914,Nordeste (NRS - Alagoinhas),29019,Ribeira do Pombal
BA,290205,2914,Nordeste (NRS - Alagoinhas),29001,Alagoinhas
BA,292305,2914,Nordeste (NRS - Alagoinhas),29019,Ribeira do Pombal
BA,290220,2914,Nordeste (NRS - Alagoinhas),29001,Alagoinhas
BA,291790,2914,Nordeste (NRS - Alagoinhas),29001,Alagoinhas
BA,290700,2914,Nordeste (NRS - Alagoinhas),29001,Alagoinhas
BA,292330,2914,Nordeste (NRS - Alagoinhas),29001,Alagoinhas
BA,292410,2914,Nordeste (NRS - Alagoinhas),29001,Alagoinhas
BA,291590,2914,Nordeste (NRS - Alagoinhas),29001,Alagoinhas
BA,292740,2915,Leste - (NRS - Salvador),29020,Salvador
BA,290570,2915,Leste - (NRS - Salvador),29004,Camacari
BA,291920,2915,Leste - (NRS - Salvador),29020,Salvador
BA,293070,2915,Leste - (NRS - Salvador),29004,Camacari
BA,292870,2915,Leste - (NRS - Salvador),29022,Santo Antonio de Jesus
BA,290650,2915,Leste - (NRS - Salvador),29020,Salvador
BA,291005,2915,Leste - (NRS - Salvador),29004,Camacari
BA,290980,2915,Leste - (NRS - Salvador),29005,Cruz das Almas
BA,292860,2915,Leste - (NRS - Salvador),29020,Salvador
BA,292100,2915,Leste - (NRS - Salvador),29004,Camacari
BA,293320,2915,Leste - (NRS - Salvador),29020,Salvador
BA,292950,2915,Leste - (NRS - Salvador),29020,Salvador
BA,292920,2915,Leste - (NRS - Salvador),29020,Salvador
BA,290100,2915,Leste - (NRS - Salvador),29022,Santo Antonio de Jesus
BA,292060,2915,Leste - (NRS - Salvador),29005,Cruz das Almas
BA,292520,2915,Leste - (NRS - Salvador),29004,Camacari
BA,290490,2915,Leste - (NRS - Salvador),29005,Cruz das Almas
BA,292230,2915,Leste - (NRS - Salvador),29005,Cruz das Almas
BA,292575,2915,Leste - (NRS - Salvador),29022,Santo Antonio de Jesus
BA,292250,2915,Leste - (NRS - Salvador),29022,Santo Antonio de Jesus
BA,290730,2915,Leste - (NRS - Salvador),29022,Santo Antonio de Jesus
BA,290860,2915,Leste - (NRS - Salvador),29004,Camacari
BA,291880,2915,Leste - (NRS - Salvador),29022,Santo Antonio de Jesus
BA,290820,2915,Leste - (NRS - Salvador),29005,Cruz das Almas
BA,291160,2915,Leste - (NRS - Salvador),29005,Cruz das Almas
BA,292910,2915,Leste - (NRS - Salvador),29022,Santo Antonio de Jesus
BA,292240,2915,Leste - (NRS - Salvador),29022,Santo Antonio de Jesus
BA,291610,2915,Leste - (NRS - Salvador),29020,Salvador
BA,293210,2915,Leste - (NRS - Salvador),29022,Santo Antonio de Jesus
BA,291992,2915,Leste - (NRS - Salvador),29020,Salvador
BA,292960,2915,Leste - (NRS - Salvador),29005,Cruz das Almas
BA,291780,2915,Leste - (NRS - Salvador),29022,Santo Antonio de Jesus
BA,290485,2915,Leste - (NRS - Salvador),29005,Cruz das Almas
BA,290830,2915,Leste - (NRS - Salvador),29022,Santo Antonio de Jesus
BA,291685,2915,Leste - (NRS - Salvador),29022,Santo Antonio de Jesus
BA,293160,2915,Leste - (NRS - Salvador),29022,Santo Antonio de Jesus
BA,292730,2915,Leste - (NRS - Salvador),29022,Santo Antonio de Jesus
BA,291820,2915,Leste - (NRS - Salvador),29022,Santo Antonio de Jesus
BA,292975,2915,Leste - (NRS - Salvador),29020,Salvador
BA,292130,2915,Leste - (NRS - Salvador),29022,Santo Antonio de Jesus
BA,292900,2915,Leste - (NRS - Salvador),29005,Cruz das Almas
BA,292850,2915,Leste - (NRS - Salvador),29022,Santo Antonio de Jesus
BA,292940,2915,Leste - (NRS - Salvador),29022,Santo Antonio de Jesus
BA,293317,2915,Leste - (NRS - Salvador),29022,Santo Antonio de Jesus
BA,290230,2915,Leste - (NRS - Salvador),29022,Santo Antonio de Jesus
BA,291030,2915,Leste - (NRS - Salvador),29022,Santo Antonio de Jesus
BA,292220,2915,Leste - (NRS - Salvador),29022,Santo Antonio de Jesus
BA,291020,2915,Leste - (NRS - Salvador),29022,Santo Antonio de Jesus
BA,292530,2916,Extremo Sul (NRS - Teixeira Freitas),29018,Porto Seguro
BA,293135,2916,Extremo Sul (NRS - Teixeira Freitas),29026,Teixeira de Freitas
BA,291072,2916,Extremo Sul (NRS - Teixeira Freitas),29018,Porto Seguro
BA,291560,2916,Extremo Sul (NRS - Teixeira Freitas),29026,Teixeira de Freitas
BA,292300,2916,Extremo Sul (NRS - Teixeira Freitas),29026,Teixeira de Freitas
BA,292200,2916,Extremo Sul (NRS - Teixeira Freitas),29026,Teixeira de Freitas
BA,292550,2916,Extremo Sul (NRS - Teixeira Freitas),29026,Teixeira de Freitas
BA,292770,2916,Extremo Sul (NRS - Teixeira Freitas),29018,Porto Seguro
BA,291465,2916,Extremo Sul (NRS - Teixeira Freitas),29018,Porto Seguro
BA,290080,2916,Extremo Sul (NRS - Teixeira Freitas),29026,Teixeira de Freitas
BA,292110,2916,Extremo Sul (NRS - Teixeira Freitas),29026,Teixeira de Freitas
BA,290690,2916,Extremo Sul (NRS - Teixeira Freitas),29026,Teixeira de Freitas
BA,290340,2916,Extremo Sul (NRS - Teixeira Freitas),29018,Porto Seguro
BA,291180,2916,Extremo Sul (NRS - Teixeira Freitas),29018,Porto Seguro
BA,291600,2916,Extremo Sul (NRS - Teixeira Freitas),29026,Teixeira de Freitas
BA,291845,2916,Extremo Sul (NRS - Teixeira Freitas),29026,Teixeira de Freitas
BA,291630,2916,Extremo Sul (NRS - Teixeira Freitas),29018,Porto Seguro
BA,291280,2916,Extremo Sul (NRS - Teixeira Freitas),29026,Teixeira de Freitas
BA,291530,2916,Extremo Sul (NRS - Teixeira Freitas),29018,Porto Seguro
BA,293325,2916,Extremo Sul (NRS - Teixeira Freitas),29026,Teixeira de Freitas
BA,291890,2916,Extremo Sul (NRS - Teixeira Freitas),29026,Teixeira de Freitas
BA,291080,2917,Centro-Leste (NRS - Feira Santana),29006,Feira de Santana
BA,293050,2917,Centro-Leste (NRS - Feira Santana),29025,Serrinha
BA,290840,2917,Centro-Leste (NRS - Feira Santana),29025,Serrinha
BA,291470,2917,Centro-Leste (NRS - Feira Santana),29011,Itaberaba
BA,291070,2917,Centro-Leste (NRS - Feira Santana),29025,Serrinha
BA,291400,2917,Centro-Leste (NRS - Feira Santana),29006,Feira de Santana
BA,292880,2917,Centro-Leste (NRS - Feira Santana),29006,Feira de Santana
BA,290210,2917,Centro-Leste (NRS - Feira Santana),29025,Serrinha
BA,292150,2917,Centro-Leste (NRS - Feira Santana),29025,Serrinha
BA,292990,2917,Centro-Leste (NRS - Feira Santana),29023,Seabra
BA,292930,2917,Centro-Leste (NRS - Feira Santana),29006,Feira de Santana
BA,292800,2917,Centro-Leste (NRS - Feira Santana),29025,Serrinha
BA,290680,2917,Centro-Leste (NRS - Feira Santana),29025,Serrinha
BA,290850,2917,Centro-Leste (NRS - Feira Santana),29006,Feira de Santana
BA,292630,2917,Centro-Leste (NRS - Feira Santana),29006,Feira de Santana
BA,292720,2917,Centro-Leste (NRS - Feira Santana),29011,Itaberaba
BA,291450,2917,Centro-Leste (NRS - Feira Santana),29006,Feira de Santana
BA,290890,2917,Centro-Leste (NRS - Feira Santana),29006,Feira de Santana
BA,292580,2917,Centro-Leste (NRS - Feira Santana),29025,Serrinha
BA,292590,2917,Centro-Leste (NRS - Feira Santana),29025,Serrinha
BA,291190,2917,Centro-Leste (NRS - Feira Santana),29011,Itaberaba
BA,293300,2917,Centro-Leste (NRS - Feira Santana),29025,Serrinha
BA,290110,2917,Centro-Leste (NRS - Feira Santana),29006,Feira de Santana
BA,291440,2917,Centro-Leste (NRS - Feira Santana),29023,Seabra
BA,293150,2917,Centro-Leste (NRS - Feira Santana),29025,Serrinha
BA,292750,2917,Centro-Leste (NRS - Feira Santana),29006,Feira de Santana
BA,292430,2917,Centro-Leste (NRS - Feira Santana),29023,Seabra
BA,292595,2917,Centro-Leste (NRS - Feira Santana),29006,Feira de Santana
BA,292265,2917,Centro-Leste (NRS - Feira Santana),29025,Serrinha
BA,290260,2917,Centro-Leste (NRS - Feira Santana),29006,Feira de Santana
BA,293040,2917,Centro-Leste (NRS - Feira Santana),29006,Feira de Santana
BA,292210,2917,Centro-Leste (NRS - Feira Santana),29006,Feira de Santana
BA,293080,2917,Centro-Leste (NRS - Feira Santana),29023,Seabra
BA,290380,2917,Centro-Leste (NRS - Feira Santana),29011,Itaberaba
BA,293280,2917,Centro-Leste (NRS - Feira Santana),29011,Itaberaba
BA,290405,2917,Centro-Leste (NRS - Feira Santana),29011,Itaberaba
BA,290327,2917,Centro-Leste (NRS - Feira Santana),29025,Serrinha
BA,290360,2917,Centro-Leste (NRS - Feira Santana),29025,Serrinha
BA,291300,2917,Centro-Leste (NRS - Feira Santana),29023,Seabra
BA,290040,2917,Centro-Leste (NRS - Feira Santana),29025,Serrinha
BA,291380,2917,Centro-Leste (NRS - Feira Santana),29006,Feira de Santana
BA,292610,2917,Centro-Leste (NRS - Feira Santana),29025,Serrinha
BA,290400,2917,Centro-Leste (NRS - Feira Santana),29023,Seabra
BA,291500,2917,Centro-Leste (NRS - Feira Santana),29011,Itaberaba
BA,292405,2917,Centro-Leste (NRS - Feira Santana),29006,Feira de Santana
BA,290130,2917,Centro-Leste (NRS - Feira Santana),29011,Itaberaba
BA,292190,2917,Centro-Leste (NRS - Feira Santana),29023,Seabra
BA,292303,2917,Centro-Leste (NRS - Feira Santana),29023,Seabra
BA,290170,2917,Centro-Leste (NRS - Feira Santana),29006,Feira de Santana
BA,290150,2917,Centro-Leste (NRS - Feira Santana),29006,Feira de Santana
BA,293170,2917,Centro-Leste (NRS - Feira Santana),29006,Feira de Santana
BA,291930,2917,Centro-Leste (NRS - Feira Santana),29023,Seabra
BA,290685,2917,Centro-Leste (NRS - Feira Santana),29006,Feira de Santana
BA,291960,2917,Centro-Leste (NRS - Feira Santana),29011,Itaberaba
BA,292350,2917,Centro-Leste (NRS - Feira Santana),29023,Seabra
BA,292465,2917,Centro-Leste (NRS - Feira Santana),29006,Feira de Santana
BA,293340,2917,Centro-Leste (NRS - Feira Santana),29011,Itaberaba
BA,292080,2917,Centro-Leste (NRS - Feira Santana),29011,Itaberaba
BA,291910,2917,Centro-Leste (NRS - Feira Santana),29025,Serrinha
BA,292830,2917,Centro-Leste (NRS - Feira Santana),29006,Feira de Santana
BA,292895,2917,Centro-Leste (NRS - Feira Santana),29025,Serrinha
BA,292273,2917,Centro-Leste (NRS - Feira Santana),29006,Feira de Santana
BA,290640,2917,Centro-Leste (NRS - Feira Santana),29006,Feira de Santana
BA,293110,2917,Centro-Leste (NRS - Feira Santana),29006,Feira de Santana
BA,292285,2917,Centro-Leste (NRS - Feira Santana),29011,Itaberaba
BA,290010,2917,Centro-Leste (NRS - Feira Santana),29023,Seabra
BA,293140,2917,Centro-Leste (NRS - Feira Santana),29006,Feira de Santana
BA,291330,2917,Centro-Leste (NRS - Feira Santana),29006,Feira de Santana
BA,291125,2917,Centro-Leste (NRS - Feira Santana),29006,Feira de Santana
BA,291260,2917,Centro-Leste (NRS - Feira Santana),29011,Itaberaba
BA,291900,2917,Centro-Leste (NRS - Feira Santana),29011,Itaberaba
BA,291750,2918,Centro - Norte (NRS - Jacobina),29014,Jacobina
BA,291460,2918,Centro - Norte (NRS - Jacobina),29010,Irece
BA,293360,2918,Centro - Norte (NRS - Jacobina),29010,Irece
BA,292170,2918,Centro - Norte (NRS - Jacobina),29014,Jacobina
BA,290687,2918,Centro - Norte (NRS - Jacobina),29014,Jacobina
BA,291915,2918,Centro - Norte (NRS - Jacobina),29010,Irece
BA,291835,2918,Centro - Norte (NRS - Jacobina),29010,Irece
BA,292120,2918,Centro - Norte (NRS - Jacobina),29014,Jacobina
BA,290620,2918,Centro - Norte (NRS - Jacobina),29010,Irece
BA,292335,2918,Centro - Norte (NRS - Jacobina),29014,Jacobina
BA,292925,2918,Centro - Norte (NRS - Jacobina),29010,Irece
BA,292010,2918,Centro - Norte (NRS - Jacobina),29014,Jacobina
BA,292480,2918,Centro - Norte (NRS - Jacobina),29014,Jacobina
BA,290530,2918,Centro - Norte (NRS - Jacobina),29010,Irece
BA,291310,2918,Centro - Norte (NRS - Jacobina),29010,Irece
BA,291240,2918,Centro - Norte (NRS - Jacobina),29010,Irece
BA,291850,2918,Centro - Norte (NRS - Jacobina),29010,Irece
BA,290760,2918,Centro - Norte (NRS - Jacobina),29010,Irece
BA,293130,2918,Centro - Norte (NRS - Jacobina),29014,Jacobina
BA,292140,2918,Centro - Norte (NRS - Jacobina),29014,Jacobina
BA,290115,2918,Centro - Norte (NRS - Jacobina),29010,Irece
BA,292560,2918,Centro - Norte (NRS - Jacobina),29010,Irece
BA,290300,2918,Centro - Norte (NRS - Jacobina),29010,Irece
BA,293305,2918,Centro - Norte (NRS - Jacobina),29014,Jacobina
BA,293245,2918,Centro - Norte (NRS - Jacobina),29014,Jacobina
BA,290323,2918,Centro - Norte (NRS - Jacobina),29010,Irece
BA,293240,2918,Centro - Norte (NRS - Jacobina),29010,Irece
BA,293315,2918,Centro - Norte (NRS - Jacobina),29014,Jacobina
BA,293060,2918,Centro - Norte (NRS - Jacobina),29014,Jacobina
BA,292205,2918,Centro - Norte (NRS - Jacobina),29010,Irece
BA,290550,2918,Centro - Norte (NRS - Jacobina),29014,Jacobina
BA,291535,2918,Centro - Norte (NRS - Jacobina),29010,Irece
BA,291130,2918,Centro - Norte (NRS - Jacobina),29010,Irece
BA,292980,2918,Centro - Norte (NRS - Jacobina),29014,Jacobina
BA,290510,2918,Centro - Norte (NRS - Jacobina),29014,Jacobina
BA,292937,2918,Centro - Norte (NRS - Jacobina),29014,Jacobina
BA,292593,2918,Centro - Norte (NRS - Jacobina),29014,Jacobina
BA,293310,2918,Centro - Norte (NRS - Jacobina),29014,Jacobina
MG,317070,3101,Sul,31012,Varginha
MG,313820,3101,Sul,31004,Lavras
MG,316930,3101,Sul,31010,Três Corações
MG,316940,3101,Sul,31011,Três Pontas
MG,316370,3101,Sul,31008,São Lourenco
MG,310710,3101,Sul,31011,Três Pontas
MG,312360,3101,Sul,31012,Varginha
MG,314460,3101,Sul,31004,Lavras
MG,316200,3101,Sul,31012,Varginha
MG,314990,3101,Sul,31004,Lavras
MG,311550,3101,Sul,31008,São Lourenco
MG,313780,3101,Sul,31008,São Lourenco
MG,310490,3101,Sul,31008,São Lourenco
MG,311090,3101,Sul,31012,Varginha
MG,314760,3101,Sul,31008,São Lourenco
MG,312080,3101,Sul,31008,São Lourenco
MG,313310,3101,Sul,31008,São Lourenco
MG,313300,3101,Sul,31008,São Lourenco
MG,311410,3101,Sul,31008,São Lourenco
MG,313050,3101,Sul,31011,Três Pontas
MG,311770,3101,Sul,31008,São Lourenco
MG,311070,3101,Sul,31010,Três Corações
MG,311390,3101,Sul,31010,Três Corações
MG,312050,3101,Sul,31008,São Lourenco
MG,311870,3101,Sul,31011,Três Pontas
MG,317170,3101,Sul,31008,São Lourenco
MG,314260,3101,Sul,31012,Varginha
MG,313040,3101,Sul,31004,Lavras
MG,316520,3101,Sul,31010,Três Corações
MG,315830,3101,Sul,31011,Três Pontas
MG,313430,3101,Sul,31004,Lavras
MG,315260,3101,Sul,31008,São Lourenco
MG,310120,3101,Sul,31008,São Lourenco
MG,316780,3101,Sul,31008,São Lourenco
MG,313870,3101,Sul,31004,Lavras
MG,313590,3101,Sul,31008,São Lourenco
MG,316080,3101,Sul,31010,Três Corações
MG,311480,3101,Sul,31008,São Lourenco
MG,313450,3101,Sul,31004,Lavras
MG,315470,3101,Sul,31004,Lavras
MG,311460,3101,Sul,31004,Lavras
MG,314190,3101,Sul,31008,São Lourenco
MG,311900,3101,Sul,31012,Varginha
MG,312280,3101,Sul,31008,São Lourenco
MG,310130,3101,Sul,31008,São Lourenco
MG,313080,3101,Sul,31004,Lavras
MG,314550,3101,Sul,31008,São Lourenco
MG,316490,3101,Sul,31008,São Lourenco
MG,316700,3101,Sul,31008,São Lourenco
MG,316640,3101,Sul,31008,São Lourenco
MG,311830,3102,Centro Sul,31079,Conselheiro Lafaiete
MG,310560,3102,Centro Sul,31013,Barbacena
MG,316250,3102,Centro Sul,31015,São João Del Rei
MG,311800,3102,Centro Sul,31078,Congonhas
MG,314590,3102,Centro Sul,31078,Congonhas
MG,311320,3102,Centro Sul,31013,Barbacena
MG,310590,3102,Centro Sul,31015,São João Del Rei
MG,310800,3102,Centro Sul,31015,São João Del Rei
MG,315080,3102,Centro Sul,31079,Conselheiro Lafaiete
MG,312390,3102,Centro Sul,31078,Congonhas
MG,313740,3102,Centro Sul,31015,São João Del Rei
MG,315420,3102,Centro Sul,31015,São João Del Rei
MG,316500,3102,Centro Sul,31015,São João Del Rei
MG,310290,3102,Centro Sul,31013,Barbacena
MG,310210,3102,Centro Sul,31013,Barbacena
MG,316620,3102,Centro Sul,31013,Barbacena
MG,312300,3102,Centro Sul,31015,São João Del Rei
MG,315270,3102,Centro Sul,31015,São João Del Rei
MG,314450,3102,Centro Sul,31015,São João Del Rei
MG,315733,3102,Centro Sul,31015,São João Del Rei
MG,316880,3102,Centro Sul,31015,São João Del Rei
MG,312140,3102,Centro Sul,31078,Congonhas
MG,310163,3102,Centro Sul,31013,Barbacena
MG,316530,3102,Centro Sul,31015,São João Del Rei
MG,313540,3102,Centro Sul,31078,Congonhas
MG,313390,3102,Centro Sul,31079,Conselheiro Lafaiete
MG,311630,3102,Centro Sul,31013,Barbacena
MG,316600,3102,Centro Sul,31079,Conselheiro Lafaiete
MG,315520,3102,Centro Sul,31079,Conselheiro Lafaiete
MG,312940,3102,Centro Sul,31013,Barbacena
MG,313910,3102,Centro Sul,31015,São João Del Rei
MG,315610,3102,Centro Sul,31015,São João Del Rei
MG,312040,3102,Centro Sul,31079,Conselheiro Lafaiete
MG,315030,3102,Centro Sul,31015,São João Del Rei
MG,315440,3102,Centro Sul,31013,Barbacena
MG,311220,3102,Centro Sul,31013,Barbacena
MG,315730,3102,Centro Sul,31013,Barbacena
MG,316090,3102,Centro Sul,31078,Congonhas
MG,311520,3102,Centro Sul,31015,São João Del Rei
MG,311970,3102,Centro Sul,31015,São João Del Rei
MG,315910,3102,Centro Sul,31079,Conselheiro Lafaiete
MG,315940,3102,Centro Sul,31013,Barbacena
MG,313790,3102,Centro Sul,31079,Conselheiro Lafaiete
MG,311540,3102,Centro Sul,31079,Conselheiro Lafaiete
MG,312150,3102,Centro Sul,31013,Barbacena
MG,311310,3102,Centro Sul,31079,Conselheiro Lafaiete
MG,313000,3102,Centro Sul,31015,São João Del Rei
MG,311490,3102,Centro Sul,31079,Conselheiro Lafaiete
MG,315870,3102,Centro Sul,31013,Barbacena
MG,315380,3102,Centro Sul,31079,Conselheiro Lafaiete
MG,314660,3102,Centro Sul,31013,Barbacena
MG,310620,3103,Centro,31016,Belo Horizonte Nova Lima Santa Luzia
MG,311860,3103,Centro,31018,Contagem
MG,310670,3103,Centro,31017,Betim
MG,315460,3103,Centro,31016,Belo Horizonte Nova Lima Santa Luzia
MG,316720,3103,Centro,31024,Sete Lagoas
MG,315780,3103,Centro,31016,Belo Horizonte Nova Lima Santa Luzia
MG,312980,3103,Centro,31018,Contagem
MG,315670,3103,Centro,31016,Belo Horizonte Nova Lima Santa Luzia
MG,317120,3103,Centro,31025,Vespasiano Lagoa Santa
MG,313170,3103,Centro,31021,Itabira
MG,314480,3103,Centro,31016,Belo Horizonte Nova Lima Santa Luzia
MG,312410,3103,Centro,31017,Betim
MG,312090,3103,Centro,31019,Curvelo
MG,313620,3103,Centro,31023,João Monlevade
MG,313760,3103,Centro,31025,Vespasiano Lagoa Santa
MG,314610,3103,Centro,31022,Ouro Preto
MG,314930,3103,Centro,31025,Vespasiano Lagoa Santa
MG,314000,3103,Centro,31022,Ouro Preto
MG,313190,3103,Centro,31022,Ouro Preto
MG,313010,3103,Centro,31017,Betim
MG,310900,3103,Centro,31017,Betim
MG,311000,3103,Centro,31016,Belo Horizonte Nova Lima Santa Luzia
MG,314070,3103,Centro,31017,Betim
MG,314110,3103,Centro,31025,Vespasiano Lagoa Santa
MG,316553,3103,Centro,31018,Contagem
MG,316292,3103,Centro,31017,Betim
MG,312800,3103,Centro,31020,Guanhães
MG,315200,3103,Centro,31024,Sete Lagoas
MG,310540,3103,Centro,31021,Itabira
MG,313665,3103,Centro,31017,Betim
MG,315720,3103,Centro,31021,Itabira
MG,316935,3103,Centro,31019,Curvelo
MG,316295,3103,Centro,31025,Vespasiano Lagoa Santa
MG,314740,3103,Centro,31024,Sete Lagoas
MG,311910,3103,Centro,31019,Curvelo
MG,310020,3103,Centro,31024,Sete Lagoas
MG,313460,3103,Centro,31016,Belo Horizonte Nova Lima Santa Luzia
MG,314470,3103,Centro,31023,João Monlevade
MG,316100,3103,Centro,31023,João Monlevade
MG,315390,3103,Centro,31016,Belo Horizonte Nova Lima Santa Luzia
MG,314015,3103,Centro,31017,Betim
MG,315570,3103,Centro,31023,João Monlevade
MG,315680,3103,Centro,31020,Guanhães
MG,312570,3103,Centro,31019,Curvelo
MG,314690,3103,Centro,31024,Sete Lagoas
MG,315600,3103,Centro,31020,Guanhães
MG,316190,3103,Centro,31021,Itabira
MG,315360,3103,Centro,31024,Sete Lagoas
MG,310990,3103,Centro,31024,Sete Lagoas
MG,311250,3103,Centro,31024,Sete Lagoas
MG,315800,3103,Centro,31021,Itabira
MG,317180,3103,Centro,31020,Guanhães
MG,315480,3103,Centro,31016,Belo Horizonte Nova Lima Santa Luzia
MG,310600,3103,Centro,31023,João Monlevade
MG,312590,3103,Centro,31021,Itabira
MG,310920,3103,Centro,31019,Curvelo
MG,314350,3103,Centro,31024,Sete Lagoas
MG,310640,3103,Centro,31016,Belo Horizonte Nova Lima Santa Luzia
MG,312600,3103,Centro,31017,Betim
MG,311890,3103,Centro,31024,Sete Lagoas
MG,310500,3103,Centro,31024,Sete Lagoas
MG,310810,3103,Centro,31017,Betim
MG,313110,3103,Centro,31019,Curvelo
MG,311787,3103,Centro,31025,Vespasiano Lagoa Santa
MG,313970,3103,Centro,31024,Sete Lagoas
MG,315850,3103,Centro,31024,Sete Lagoas
MG,313100,3103,Centro,31024,Sete Lagoas
MG,313660,3103,Centro,31016,Belo Horizonte Nova Lima Santa Luzia
MG,313570,3103,Centro,31024,Sete Lagoas
MG,310770,3103,Centro,31021,Itabira
MG,315530,3103,Centro,31017,Betim
MG,311535,3103,Centro,31021,Itabira
MG,312060,3103,Centro,31017,Betim
MG,315900,3103,Centro,31025,Vespasiano Lagoa Santa
MG,314230,3103,Centro,31016,Belo Horizonte Nova Lima Santa Luzia
MG,312310,3103,Centro,31020,Guanhães
MG,315040,3103,Centro,31017,Betim
MG,312260,3103,Centro,31020,Guanhães
MG,312720,3103,Centro,31024,Sete Lagoas
MG,310480,3103,Centro,31019,Curvelo
MG,316830,3103,Centro,31016,Belo Horizonte Nova Lima Santa Luzia
MG,314640,3103,Centro,31024,Sete Lagoas
MG,314960,3103,Centro,31024,Sete Lagoas
MG,314060,3103,Centro,31020,Guanhães
MG,310960,3103,Centro,31024,Sete Lagoas
MG,315320,3103,Centro,31019,Curvelo
MG,315370,3103,Centro,31024,Sete Lagoas
MG,314370,3103,Centro,31021,Itabira
MG,312640,3103,Centro,31024,Sete Lagoas
MG,316610,3103,Centro,31020,Guanhães
MG,316060,3103,Centro,31019,Curvelo
MG,311380,3103,Centro,31020,Guanhães
MG,314360,3103,Centro,31019,Curvelo
MG,310700,3103,Centro,31024,Sete Lagoas
MG,310320,3103,Centro,31024,Sete Lagoas
MG,314250,3103,Centro,31019,Curvelo
MG,313280,3103,Centro,31021,Itabira
MG,316050,3103,Centro,31021,Itabira
MG,314750,3103,Centro,31021,Itabira
MG,316480,3103,Centro,31021,Itabira
MG,311560,3103,Centro,31024,Sete Lagoas
MG,312160,3104,Jequitinhonha,31026,Diamantina Itamarandiba
MG,311230,3104,Jequitinhonha,31027,Turmalina Minas Novas Capelinha
MG,310340,3104,Jequitinhonha,31064,Araçuaí
MG,313250,3104,Jequitinhonha,31026,Diamantina Itamarandiba
MG,314180,3104,Jequitinhonha,31027,Turmalina Minas Novas Capelinha
MG,311750,3104,Jequitinhonha,31095,Serro
MG,316710,3104,Jequitinhonha,31095,Serro
MG,316970,3104,Jequitinhonha,31027,Turmalina Minas Novas Capelinha
MG,317160,3104,Jequitinhonha,31064,Araçuaí
MG,312760,3104,Jequitinhonha,31026,Diamantina Itamarandiba
MG,311610,3104,Jequitinhonha,31027,Turmalina Minas Novas Capelinha
MG,310650,3104,Jequitinhonha,31064,Araçuaí
MG,311350,3104,Jequitinhonha,31026,Diamantina Itamarandiba
MG,311950,3104,Jequitinhonha,31064,Araçuaí
MG,311680,3104,Jequitinhonha,31026,Diamantina Itamarandiba
MG,312650,3104,Jequitinhonha,31064,Araçuaí
MG,313545,3104,Jequitinhonha,31064,Araçuaí
MG,312100,3104,Jequitinhonha,31026,Diamantina Itamarandiba
MG,317107,3104,Jequitinhonha,31027,Turmalina Minas Novas Capelinha
MG,312540,3104,Jequitinhonha,31026,Diamantina Itamarandiba
MG,311810,3104,Jequitinhonha,31026,Diamantina Itamarandiba
MG,310445,3104,Jequitinhonha,31027,Turmalina Minas Novas Capelinha
MG,313835,3104,Jequitinhonha,31027,Turmalina Minas Novas Capelinha
MG,312010,3104,Jequitinhonha,31026,Diamantina Itamarandiba
MG,310240,3104,Jequitinhonha,31095,Serro
MG,316590,3104,Jequitinhonha,31026,Diamantina Itamarandiba
MG,313652,3104,Jequitinhonha,31027,Turmalina Minas Novas Capelinha
MG,316020,3104,Jequitinhonha,31095,Serro
MG,316650,3104,Jequitinhonha,31095,Serro
MG,315330,3104,Jequitinhonha,31026,Diamantina Itamarandiba
MG,312550,3104,Jequitinhonha,31026,Diamantina Itamarandiba
MG,312230,3105,Oeste,31086,Divinópolis
MG,314520,3105,Oeste,31032,Pará de Minas Nova Serrana
MG,313380,3105,Oeste,31031,Itaúna
MG,314710,3105,Oeste,31032,Pará de Minas Nova Serrana
MG,312610,3105,Oeste,31030,Formiga
MG,311120,3105,Oeste,31089,Campo Belo
MG,310740,3105,Oeste,31028,Bom Despacho
MG,313720,3105,Oeste,31087,Lagoa da Prata Santo Antonio do Monte
MG,310420,3105,Oeste,31087,Lagoa da Prata Santo Antonio do Monte
MG,314560,3105,Oeste,31088,Oliveira Santo Antonio do Amparo
MG,311660,3105,Oeste,31086,Divinópolis
MG,316040,3105,Oeste,31087,Lagoa da Prata Santo Antonio do Monte
MG,315140,3105,Oeste,31032,Pará de Minas Nova Serrana
MG,310510,3105,Oeste,31030,Formiga
MG,311420,3105,Oeste,31086,Divinópolis
MG,313350,3105,Oeste,31086,Divinópolis
MG,311450,3105,Oeste,31088,Oliveira Santo Antonio do Amparo
MG,313880,3105,Oeste,31028,Bom Despacho
MG,315990,3105,Oeste,31088,Oliveira Santo Antonio do Amparo
MG,314050,3105,Oeste,31028,Bom Despacho
MG,311200,3105,Oeste,31089,Campo Belo
MG,313220,3105,Oeste,31031,Itaúna
MG,313370,3105,Oeste,31031,Itaúna
MG,312320,3105,Oeste,31028,Bom Despacho
MG,314970,3105,Oeste,31086,Divinópolis
MG,312020,3105,Oeste,31089,Campo Belo
MG,316180,3105,Oeste,31086,Divinópolis
MG,311400,3105,Oeste,31088,Oliveira Santo Antonio do Amparo
MG,313020,3105,Oeste,31032,Pará de Minas Nova Serrana
MG,310390,3105,Oeste,31086,Divinópolis
MG,316460,3105,Oeste,31086,Divinópolis
MG,314770,3105,Oeste,31088,Oliveira Santo Antonio do Amparo
MG,314650,3105,Oeste,31030,Formiga
MG,314240,3105,Oeste,31028,Bom Despacho
MG,313030,3105,Oeste,31030,Formiga
MG,315060,3105,Oeste,31031,Itaúna
MG,316120,3105,Oeste,31088,Oliveira Santo Antonio do Amparo
MG,311995,3105,Oeste,31030,Formiga
MG,311760,3105,Oeste,31032,Pará de Minas Nova Serrana
MG,311190,3105,Oeste,31089,Campo Belo
MG,316310,3105,Oeste,31032,Pará de Minas Nova Serrana
MG,313530,3105,Oeste,31087,Lagoa da Prata Santo Antonio do Monte
MG,310080,3105,Oeste,31089,Campo Belo
MG,315880,3105,Oeste,31089,Campo Belo
MG,314890,3105,Oeste,31087,Lagoa da Prata Santo Antonio do Monte
MG,314130,3105,Oeste,31030,Formiga
MG,313830,3105,Oeste,31032,Pará de Minas Nova Serrana
MG,314580,3105,Oeste,31032,Pará de Minas Nova Serrana
MG,311980,3105,Oeste,31030,Formiga
MG,311040,3105,Oeste,31089,Campo Belo
MG,312470,3105,Oeste,31028,Bom Despacho
MG,316820,3105,Oeste,31030,Formiga
MG,316660,3105,Oeste,31028,Bom Despacho
MG,312770,3106,Leste,31036,Governador Valadares
MG,313960,3106,Leste,31038,Mantena
MG,310110,3106,Leste,31040,Resplendor
MG,311840,3106,Leste,31040,Resplendor
MG,314860,3106,Leste,31102,Peçanha São João Evangelista Santa Maria do Suaçuí
MG,315430,3106,Leste,31040,Resplendor
MG,316280,3106,Leste,31102,Peçanha São João Evangelista Santa Maria do Suaçuí
MG,316840,3106,Leste,31036,Governador Valadares
MG,312370,3106,Leste,31036,Governador Valadares
MG,315820,3106,Leste,31102,Peçanha São João Evangelista Santa Maria do Suaçuí
MG,310060,3106,Leste,31102,Peçanha São João Evangelista Santa Maria do Suaçuí
MG,313320,3106,Leste,31036,Governador Valadares
MG,311920,3106,Leste,31036,Governador Valadares
MG,313180,3106,Leste,31038,Mantena
MG,316450,3106,Leste,31102,Peçanha São João Evangelista Santa Maria do Suaçuí
MG,312690,3106,Leste,31036,Governador Valadares
MG,310180,3106,Leste,31036,Governador Valadares
MG,312220,3106,Leste,31036,Governador Valadares
MG,312730,3106,Leste,31036,Governador Valadares
MG,316350,3106,Leste,31102,Peçanha São João Evangelista Santa Maria do Suaçuí
MG,311570,3106,Leste,31038,Mantena
MG,313410,3106,Leste,31040,Resplendor
MG,316950,3106,Leste,31036,Governador Valadares
MG,315950,3106,Leste,31040,Resplendor
MG,314150,3106,Leste,31038,Mantena
MG,316257,3106,Leste,31038,Mantena
MG,312750,3106,Leste,31036,Governador Valadares
MG,316770,3106,Leste,31036,Governador Valadares
MG,316550,3106,Leste,31036,Governador Valadares
MG,316410,3106,Leste,31102,Peçanha São João Evangelista Santa Maria do Suaçuí
MG,311265,3106,Leste,31036,Governador Valadares
MG,317190,3106,Leste,31036,Governador Valadares
MG,314840,3106,Leste,31102,Peçanha São João Evangelista Santa Maria do Suaçuí
MG,313507,3106,Leste,31036,Governador Valadares
MG,313655,3106,Leste,31102,Peçanha São João Evangelista Santa Maria do Suaçuí
MG,314010,3106,Leste,31036,Governador Valadares
MG,312210,3106,Leste,31038,Mantena
MG,315750,3106,Leste,31036,Governador Valadares
MG,312083,3106,Leste,31040,Resplendor
MG,310220,3106,Leste,31036,Governador Valadares
MG,311205,3106,Leste,31102,Peçanha São João Evangelista Santa Maria do Suaçuí
MG,316300,3106,Leste,31036,Governador Valadares
MG,312695,3106,Leste,31102,Peçanha São João Evangelista Santa Maria do Suaçuí
MG,316160,3106,Leste,31036,Governador Valadares
MG,316105,3106,Leste,31038,Mantena
MG,314467,3106,Leste,31038,Mantena
MG,316165,3106,Leste,31036,Governador Valadares
MG,317150,3106,Leste,31036,Governador Valadares
MG,312737,3106,Leste,31040,Resplendor
MG,312580,3106,Leste,31036,Governador Valadares
MG,314420,3106,Leste,31036,Governador Valadares
MG,313670,3107,Sudeste,31097,Juíz de Fora
MG,314390,3107,Sudeste,31045,Muriaé
MG,316990,3107,Sudeste,31048,Ubá
MG,311530,3107,Sudeste,31044,Leopoldina Cataguases
MG,313840,3107,Sudeste,31044,Leopoldina Cataguases
MG,316070,3107,Sudeste,31046,Santos Dumont
MG,317200,3107,Sudeste,31048,Ubá
MG,311330,3107,Sudeste,31042,Carangola
MG,310150,3107,Sudeste,31041,Além Paraíba
MG,316290,3107,Sudeste,31047,São João Nepomuceno Bicas
MG,312420,3107,Sudeste,31042,Carangola
MG,312200,3107,Sudeste,31042,Carangola
MG,312400,3107,Sudeste,31048,Ubá
MG,315580,3107,Sudeste,31048,Ubá
MG,313860,3107,Sudeste,31090,Lima Duarte
MG,316900,3107,Sudeste,31048,Ubá
MG,310460,3107,Sudeste,31044,Leopoldina Cataguases
MG,314080,3107,Sudeste,31097,Juíz de Fora
MG,310690,3107,Sudeste,31047,São João Nepomuceno Bicas
MG,314220,3107,Sudeste,31045,Muriaé
MG,313980,3107,Sudeste,31047,São João Nepomuceno Bicas
MG,310280,3107,Sudeste,31090,Lima Duarte
MG,315130,3107,Sudeste,31048,Ubá
MG,315110,3107,Sudeste,31041,Além Paraíba
MG,315410,3107,Sudeste,31044,Leopoldina Cataguases
MG,312490,3107,Sudeste,31045,Muriaé
MG,312595,3107,Sudeste,31042,Carangola
MG,314160,3107,Sudeste,31048,Ubá
MG,316150,3107,Sudeste,31048,Ubá
MG,314210,3107,Sudeste,31045,Muriaé
MG,315630,3107,Sudeste,31048,Ubá
MG,316920,3107,Sudeste,31042,Carangola
MG,315540,3107,Sudeste,31097,Juíz de Fora
MG,314587,3107,Sudeste,31042,Carangola
MG,312900,3107,Sudeste,31048,Ubá
MG,316570,3107,Sudeste,31048,Ubá
MG,312840,3107,Sudeste,31048,Ubá
MG,314875,3107,Sudeste,31042,Carangola
MG,312880,3107,Sudeste,31048,Ubá
MG,311670,3107,Sudeste,31048,Ubá
MG,310750,3107,Sudeste,31090,Lima Duarte
MG,312290,3107,Sudeste,31044,Leopoldina Cataguases
MG,313800,3107,Sudeste,31044,Leopoldina Cataguases
MG,314670,3107,Sudeste,31044,Leopoldina Cataguases
MG,314820,3107,Sudeste,31045,Muriaé
MG,310720,3107,Sudeste,31090,Lima Duarte
MG,311010,3107,Sudeste,31042,Carangola
MG,315590,3107,Sudeste,31090,Lima Duarte
MG,311210,3107,Sudeste,31042,Carangola
MG,312330,3107,Sudeste,31048,Ubá
MG,310550,3107,Sudeste,31045,Muriaé
MG,312130,3107,Sudeste,31047,São João Nepomuceno Bicas
MG,315310,3107,Sudeste,31048,Ubá
MG,316140,3107,Sudeste,31045,Muriaé
MG,315930,3107,Sudeste,31090,Lima Duarte
MG,313850,3107,Sudeste,31090,Lima Duarte
MG,315645,3107,Sudeste,31045,Muriaé
MG,317210,3107,Sudeste,31041,Além Paraíba
MG,310870,3107,Sudeste,31048,Ubá
MG,312190,3107,Sudeste,31048,Ubá
MG,312738,3107,Sudeste,31097,Juíz de Fora
MG,316790,3107,Sudeste,31048,Ubá
MG,312500,3107,Sudeste,31097,Juíz de Fora
MG,316000,3107,Sudeste,31041,Além Paraíba
MG,315860,3107,Sudeste,31097,Juíz de Fora
MG,317140,3107,Sudeste,31045,Muriaé
MG,313260,3107,Sudeste,31044,Leopoldina Cataguases
MG,315840,3107,Sudeste,31044,Leopoldina Cataguases
MG,314020,3107,Sudeste,31047,São João Nepomuceno Bicas
MG,310680,3107,Sudeste,31090,Lima Duarte
MG,314950,3107,Sudeste,31047,São João Nepomuceno Bicas
MG,310610,3107,Sudeste,31097,Juíz de Fora
MG,312530,3107,Sudeste,31042,Carangola
MG,312850,3107,Sudeste,31047,São João Nepomuceno Bicas
MG,316443,3107,Sudeste,31045,Muriaé
MG,315727,3107,Sudeste,31090,Lima Duarte
MG,311590,3107,Sudeste,31097,Juíz de Fora
MG,316750,3107,Sudeste,31097,Juíz de Fora
MG,310360,3107,Sudeste,31090,Lima Duarte
MG,311620,3107,Sudeste,31097,Juíz de Fora
MG,315010,3107,Sudeste,31097,Juíz de Fora
MG,311960,3107,Sudeste,31097,Juíz de Fora
MG,314900,3107,Sudeste,31042,Carangola
MG,310440,3107,Sudeste,31044,Leopoldina Cataguases
MG,316730,3107,Sudeste,31048,Ubá
MG,315620,3107,Sudeste,31047,São João Nepomuceno Bicas
MG,316560,3107,Sudeste,31047,São João Nepomuceno Bicas
MG,314780,3107,Sudeste,31090,Lima Duarte
MG,312460,3107,Sudeste,31041,Além Paraíba
MG,310330,3107,Sudeste,31046,Santos Dumont
MG,314570,3107,Sudeste,31046,Santos Dumont
MG,314540,3107,Sudeste,31090,Lima Duarte
MG,314940,3107,Sudeste,31090,Lima Duarte
MG,310310,3107,Sudeste,31045,Muriaé
MG,314330,3108,Norte,31084,Montes Claros
MG,313510,3108,Norte,31052,Janaúba Monte Azul
MG,313520,3108,Norte,31053,Januária
MG,315120,3108,Norte,31055,Pirapora
MG,316110,3108,Norte,31100,São Francisco
MG,310730,3108,Norte,31083,Bocaiúva
MG,315700,3108,Norte,31098,Salinas
MG,313505,3108,Norte,31052,Janaúba Monte Azul
MG,315220,3108,Norte,31052,Janaúba Monte Azul
MG,317080,3108,Norte,31055,Pirapora
MG,316800,3108,Norte,31085,Taiobeiras
MG,310860,3108,Norte,31101,Brasília de Minas
MG,312430,3108,Norte,31052,Janaúba Monte Azul
MG,315560,3108,Norte,31085,Taiobeiras
MG,311880,3108,Norte,31050,Coração de Jesus
MG,316240,3108,Norte,31101,Brasília de Minas
MG,310940,3108,Norte,31055,Pirapora
MG,316270,3108,Norte,31085,Taiobeiras
MG,312670,3108,Norte,31051,Francisco Sá
MG,314290,3108,Norte,31052,Janaúba Monte Azul
MG,313930,3108,Norte,31076,Manga
MG,317090,3108,Norte,31101,Brasília de Minas
MG,317052,3108,Norte,31100,São Francisco
MG,313210,3108,Norte,31053,Januária
MG,311270,3108,Norte,31051,Francisco Sá
MG,314270,3108,Norte,31076,Manga
MG,312780,3108,Norte,31051,Francisco Sá
MG,314200,3108,Norte,31084,Montes Claros
MG,316245,3108,Norte,31076,Manga
MG,314100,3108,Norte,31052,Janaúba Monte Azul
MG,317000,3108,Norte,31101,Brasília de Minas
MG,313005,3108,Norte,31100,São Francisco
MG,314465,3108,Norte,31085,Taiobeiras
MG,314915,3108,Norte,31053,Januária
MG,316420,3108,Norte,31100,São Francisco
MG,310825,3108,Norte,31053,Januária
MG,314085,3108,Norte,31052,Janaúba Monte Azul
MG,313865,3108,Norte,31101,Brasília de Minas
MG,315450,3108,Norte,31052,Janaúba Monte Azul
MG,313535,3108,Norte,31101,Brasília de Minas
MG,317103,3108,Norte,31052,Janaúba Monte Azul
MG,312087,3108,Norte,31085,Taiobeiras
MG,311783,3108,Norte,31053,Januária
MG,311650,3108,Norte,31084,Montes Claros
MG,313810,3108,Norte,31055,Pirapora
MG,315057,3108,Norte,31100,São Francisco
MG,314345,3108,Norte,31085,Taiobeiras
MG,314505,3108,Norte,31052,Janaúba Monte Azul
MG,316045,3108,Norte,31085,Taiobeiras
MG,313560,3108,Norte,31050,Coração de Jesus
MG,312380,3108,Norte,31083,Bocaiúva
MG,313065,3108,Norte,31085,Taiobeiras
MG,312960,3108,Norte,31055,Pirapora
MG,313868,3108,Norte,31101,Brasília de Minas
MG,313925,3108,Norte,31052,Janaúba Monte Azul
MG,310850,3108,Norte,31051,Francisco Sá
MG,313695,3108,Norte,31076,Manga
MG,315650,3108,Norte,31098,Salinas
MG,314655,3108,Norte,31052,Janaúba Monte Azul
MG,314545,3108,Norte,31083,Bocaiúva
MG,312030,3108,Norte,31051,Francisco Sá
MG,312965,3108,Norte,31101,Brasília de Minas
MG,314625,3108,Norte,31098,Salinas
MG,312825,3108,Norte,31083,Bocaiúva
MG,314795,3108,Norte,31101,Brasília de Minas
MG,316225,3108,Norte,31050,Coração de Jesus
MG,312733,3108,Norte,31052,Janaúba Monte Azul
MG,311547,3108,Norte,31052,Janaúba Monte Azul
MG,312707,3108,Norte,31098,Salinas
MG,317065,3108,Norte,31085,Taiobeiras
MG,314537,3108,Norte,31098,Salinas
MG,312660,3108,Norte,31083,Bocaiúva
MG,316695,3108,Norte,31052,Janaúba Monte Azul
MG,313200,3108,Norte,31084,Montes Claros
MG,310665,3108,Norte,31085,Taiobeiras
MG,314225,3108,Norte,31076,Manga
MG,316265,3108,Norte,31050,Coração de Jesus
MG,315737,3108,Norte,31098,Salinas
MG,313640,3108,Norte,31083,Bocaiúva
MG,313680,3108,Norte,31084,Montes Claros
MG,315213,3108,Norte,31055,Pirapora
MG,311115,3108,Norte,31101,Brasília de Minas
MG,313657,3108,Norte,31051,Francisco Sá
MG,315760,3108,Norte,31055,Pirapora
MG,313730,3108,Norte,31050,Coração de Jesus
MG,312735,3108,Norte,31084,Montes Claros
MG,314800,3109,Noroeste,31057,Patos de Minas
MG,314700,3109,Noroeste,31058,Unaí Paracatu
MG,317040,3109,Noroeste,31058,Unaí Paracatu
MG,313630,3109,Noroeste,31077,João Pinheiro
MG,316210,3109,Noroeste,31082,São Gotardo
MG,311430,3109,Noroeste,31082,São Gotardo
MG,310930,3109,Noroeste,31058,Unaí Paracatu
MG,317100,3109,Noroeste,31057,Patos de Minas
MG,313750,3109,Noroeste,31057,Patos de Minas
MG,315340,3109,Noroeste,31057,Patos de Minas
MG,310450,3109,Noroeste,31058,Unaí Paracatu
MG,310855,3109,Noroeste,31077,João Pinheiro
MG,315550,3109,Noroeste,31082,São Gotardo
MG,311615,3109,Noroeste,31058,Unaí Paracatu
MG,316680,3109,Noroeste,31057,Patos de Minas
MG,313753,3109,Noroeste,31077,João Pinheiro
MG,312890,3109,Noroeste,31057,Patos de Minas
MG,312620,3109,Noroeste,31058,Unaí Paracatu
MG,316890,3109,Noroeste,31082,São Gotardo
MG,316170,3109,Noroeste,31057,Patos de Minas
MG,317075,3109,Noroeste,31057,Patos de Minas
MG,315445,3109,Noroeste,31058,Unaí Paracatu
MG,313710,3109,Noroeste,31057,Patos de Minas
MG,310945,3109,Noroeste,31058,Unaí Paracatu
MG,312860,3109,Noroeste,31057,Patos de Minas
MG,310820,3109,Noroeste,31058,Unaí Paracatu
MG,314120,3109,Noroeste,31082,São Gotardo
MG,312247,3109,Noroeste,31058,Unaí Paracatu
MG,312070,3109,Noroeste,31057,Patos de Minas
MG,314437,3109,Noroeste,31058,Unaí Paracatu
MG,315970,3109,Noroeste,31082,São Gotardo
MG,317047,3109,Noroeste,31058,Unaí Paracatu
MG,310380,3109,Noroeste,31082,São Gotardo
MG,313940,3110,Leste do Sul,31059,Manhuaçu
MG,317130,3110,Leste do Sul,31061,Viçosa
MG,315210,3110,Leste do Sul,31060,Ponte Nova
MG,314400,3110,Leste do Sul,31059,Manhuaçu
MG,315400,3110,Leste do Sul,31060,Ponte Nova
MG,313770,3110,Leste do Sul,31059,Manhuaçu
MG,313950,3110,Leste do Sul,31059,Manhuaçu
MG,316760,3110,Leste do Sul,31059,Manhuaçu
MG,313120,3110,Leste do Sul,31059,Manhuaçu
MG,314090,3110,Leste do Sul,31059,Manhuaçu
MG,315790,3110,Leste do Sul,31059,Manhuaçu
MG,310230,3110,Leste do Sul,31060,Ponte Nova
MG,310030,3110,Leste do Sul,31059,Manhuaçu
MG,315490,3110,Leste do Sul,31060,Ponte Nova
MG,313550,3110,Leste do Sul,31060,Ponte Nova
MG,316850,3110,Leste do Sul,31061,Viçosa
MG,316255,3110,Leste do Sul,31059,Manhuaçu
MG,317050,3110,Leste do Sul,31060,Ponte Nova
MG,315230,3110,Leste do Sul,31061,Viçosa
MG,312820,3110,Leste do Sul,31060,Ponte Nova
MG,315890,3110,Leste do Sul,31059,Manhuaçu
MG,311290,3110,Leste do Sul,31059,Manhuaçu
MG,314830,3110,Leste do Sul,31061,Viçosa
MG,315350,3110,Leste do Sul,31059,Manhuaçu
MG,314053,3110,Leste do Sul,31059,Manhuaçu
MG,315190,3110,Leste do Sul,31059,Manhuaçu
MG,310370,3110,Leste do Sul,31061,Viçosa
MG,315415,3110,Leste do Sul,31059,Manhuaçu
MG,312352,3110,Leste do Sul,31059,Manhuaçu
MG,316630,3110,Leste do Sul,31060,Ponte Nova
MG,316400,3110,Leste do Sul,31060,Ponte Nova
MG,313867,3110,Leste do Sul,31059,Manhuaçu
MG,316380,3110,Leste do Sul,31061,Viçosa
MG,311600,3110,Leste do Sul,31059,Manhuaçu
MG,310205,3110,Leste do Sul,31059,Manhuaçu
MG,310570,3110,Leste do Sul,31060,Ponte Nova
MG,316340,3110,Leste do Sul,31060,Ponte Nova
MG,312270,3110,Leste do Sul,31060,Ponte Nova
MG,314585,3110,Leste do Sul,31060,Ponte Nova
MG,311170,3110,Leste do Sul,31061,Viçosa
MG,315740,3110,Leste do Sul,31060,Ponte Nova
MG,310250,3110,Leste do Sul,31060,Ponte Nova
MG,311740,3110,Leste do Sul,31059,Manhuaçu
MG,316010,3110,Leste do Sul,31060,Ponte Nova
MG,311020,3110,Leste do Sul,31061,Viçosa
MG,315020,3110,Leste do Sul,31060,Ponte Nova
MG,310040,3110,Leste do Sul,31060,Ponte Nova
MG,312170,3110,Leste do Sul,31060,Ponte Nova
MG,316805,3110,Leste do Sul,31059,Manhuaçu
MG,314880,3110,Leste do Sul,31061,Viçosa
MG,316360,3110,Leste do Sul,31059,Manhuaçu
MG,315500,3110,Leste do Sul,31060,Ponte Nova
MG,316556,3110,Leste do Sul,31060,Ponte Nova
MG,316860,3111,Nordeste,31099,Teofilo Otoni Malacacheta
MG,310170,3111,Nordeste,31094,Almenara Jacinto
MG,314430,3111,Nordeste,31066,Nanuque
MG,314530,3111,Nordeste,31099,Teofilo Otoni Malacacheta
MG,314870,3111,Nordeste,31068,Pedra Azul
MG,313580,3111,Nordeste,31094,Almenara Jacinto
MG,313270,3111,Nordeste,31096,Itambacuri
MG,314140,3111,Nordeste,31065,Itaobim
MG,311300,3111,Nordeste,31067,Padre Paraiso
MG,313330,3111,Nordeste,31065,Itaobim
MG,311370,3111,Nordeste,31066,Nanuque
MG,310090,3111,Nordeste,31062,Águas Formosas
MG,313920,3111,Nordeste,31099,Teofilo Otoni Malacacheta
MG,314630,3111,Nordeste,31067,Padre Paraiso
MG,313700,3111,Nordeste,31099,Teofilo Otoni Malacacheta
MG,310100,3111,Nordeste,31068,Pedra Azul
MG,313600,3111,Nordeste,31094,Almenara Jacinto
MG,313400,3111,Nordeste,31065,Itaobim
MG,310470,3111,Nordeste,31099,Teofilo Otoni Malacacheta
MG,315240,3111,Nordeste,31099,Teofilo Otoni Malacacheta
MG,313470,3111,Nordeste,31094,Almenara Jacinto
MG,315217,3111,Nordeste,31065,Itaobim
MG,313230,3111,Nordeste,31067,Padre Paraiso
MG,316030,3111,Nordeste,31094,Almenara Jacinto
MG,313650,3111,Nordeste,31094,Almenara Jacinto
MG,315660,3111,Nordeste,31094,Almenara Jacinto
MG,314535,3111,Nordeste,31099,Teofilo Otoni Malacacheta
MG,312245,3111,Nordeste,31068,Pedra Azul
MG,316555,3111,Nordeste,31099,Teofilo Otoni Malacacheta
MG,314055,3111,Nordeste,31094,Almenara Jacinto
MG,310270,3111,Nordeste,31068,Pedra Azul
MG,314850,3111,Nordeste,31062,Águas Formosas
MG,310285,3111,Nordeste,31099,Teofilo Otoni Malacacheta
MG,311545,3111,Nordeste,31067,Padre Paraiso
MG,316670,3111,Nordeste,31066,Nanuque
MG,311700,3111,Nordeste,31065,Itaobim
MG,312560,3111,Nordeste,31094,Almenara Jacinto
MG,313890,3111,Nordeste,31062,Águas Formosas
MG,312235,3111,Nordeste,31068,Pedra Azul
MG,314675,3111,Nordeste,31094,Almenara Jacinto
MG,315710,3111,Nordeste,31094,Almenara Jacinto
MG,315765,3111,Nordeste,31062,Águas Formosas
MG,314620,3111,Nordeste,31099,Teofilo Otoni Malacacheta
MG,312680,3111,Nordeste,31096,Itambacuri
MG,312015,3111,Nordeste,31062,Águas Formosas
MG,312675,3111,Nordeste,31099,Teofilo Otoni Malacacheta
MG,315810,3111,Nordeste,31094,Almenara Jacinto
MG,310520,3111,Nordeste,31094,Almenara Jacinto
MG,315510,3111,Nordeste,31094,Almenara Jacinto
MG,310660,3111,Nordeste,31062,Águas Formosas
MG,314315,3111,Nordeste,31065,Itaobim
MG,312705,3111,Nordeste,31062,Águas Formosas
MG,314490,3111,Nordeste,31096,Itambacuri
MG,315000,3111,Nordeste,31096,Itambacuri
MG,316330,3111,Nordeste,31096,Itambacuri
MG,311080,3111,Nordeste,31096,Itambacuri
MG,317030,3111,Nordeste,31062,Águas Formosas
MG,317010,3112,Triângulo do Sul,31072,Uberaba
MG,310400,3112,Triângulo do Sul,31070,Araxá
MG,312710,3112,Triângulo do Sul,31071,Frutal Iturama
MG,313440,3112,Triângulo do Sul,31071,Frutal Iturama
MG,311730,3112,Triângulo do Sul,31072,Uberaba
MG,315690,3112,Triângulo do Sul,31072,Uberaba
MG,312950,3112,Triângulo do Sul,31070,Araxá
MG,314980,3112,Triângulo do Sul,31070,Araxá
MG,315770,3112,Triângulo do Sul,31070,Araxá
MG,312700,3112,Triângulo do Sul,31071,Frutal Iturama
MG,313340,3112,Triângulo do Sul,31071,Frutal Iturama
MG,311150,3112,Triângulo do Sul,31070,Araxá
MG,315160,3112,Triângulo do Sul,31071,Frutal Iturama
MG,312125,3112,Triângulo do Sul,31072,Uberaba
MG,311455,3112,Triângulo do Sul,31071,Frutal Iturama
MG,313862,3112,Triângulo do Sul,31071,Frutal Iturama
MG,311140,3112,Triângulo do Sul,31072,Uberaba
MG,311820,3112,Triângulo do Sul,31072,Uberaba
MG,316130,3112,Triângulo do Sul,31071,Frutal Iturama
MG,315070,3112,Triângulo do Sul,31071,Frutal Iturama
MG,316810,3112,Triângulo do Sul,31070,Araxá
MG,317043,3112,Triângulo do Sul,31071,Frutal Iturama
MG,315300,3112,Triângulo do Sul,31070,Araxá
MG,317110,3112,Triângulo do Sul,31072,Uberaba
MG,314920,3112,Triângulo do Sul,31070,Araxá
MG,311690,3112,Triângulo do Sul,31071,Frutal Iturama
MG,310070,3112,Triângulo do Sul,31072,Uberaba
MG,317020,3113,Triângulo do Norte,31075,Uberlândia Araguari
MG,310350,3113,Triângulo do Norte,31075,Uberlândia Araguari
MG,313420,3113,Triângulo do Norte,31073,Ituiutaba
MG,314810,3113,Triângulo do Norte,31074,Patrocínio Monte Carmelo
MG,314310,3113,Triângulo do Norte,31074,Patrocínio Monte Carmelo
MG,311930,3113,Triângulo do Norte,31074,Patrocínio Monte Carmelo
MG,315280,3113,Triângulo do Norte,31075,Uberlândia Araguari
MG,316960,3113,Triângulo do Norte,31075,Uberlândia Araguari
MG,315980,3113,Triângulo do Norte,31073,Ituiutaba
MG,314280,3113,Triângulo do Norte,31075,Uberlândia Araguari
MG,311110,3113,Triângulo do Norte,31073,Ituiutaba
MG,311260,3113,Triângulo do Norte,31073,Ituiutaba
MG,314500,3113,Triângulo do Norte,31075,Uberlândia Araguari
MG,311180,3113,Triângulo do Norte,31073,Ituiutaba
MG,311580,3113,Triângulo do Norte,31073,Ituiutaba
MG,310375,3113,Triângulo do Norte,31075,Uberlândia Araguari
MG,313160,3113,Triângulo do Norte,31074,Patrocínio Monte Carmelo
MG,312480,3113,Triângulo do Norte,31074,Patrocínio Monte Carmelo
MG,310010,3113,Triângulo do Norte,31074,Patrocínio Monte Carmelo
MG,313070,3113,Triângulo do Norte,31075,Uberlândia Araguari
MG,312910,3113,Triângulo do Norte,31073,Ituiutaba
MG,313140,3113,Triângulo do Norte,31073,Ituiutaba
MG,315640,3113,Triângulo do Norte,31074,Patrocínio Monte Carmelo
MG,311500,3113,Triângulo do Norte,31075,Uberlândia Araguari
MG,310980,3113,Triângulo do Norte,31073,Ituiutaba
MG,312350,3113,Triângulo do Norte,31074,Patrocínio Monte Carmelo
MG,312790,3113,Triângulo do Norte,31074,Patrocínio Monte Carmelo
MG,313130,3114,Vale do Aço,31037,Ipatinga
MG,311940,3114,Vale do Aço,31035,Coronel Fabriciano Timoteo
MG,311340,3114,Vale do Aço,31034,Caratinga
MG,316870,3114,Vale do Aço,31035,Coronel Fabriciano Timoteo
MG,315895,3114,Vale do Aço,31037,Ipatinga
MG,310630,3114,Vale do Aço,31037,Ipatinga
MG,313090,3114,Vale do Aço,31034,Caratinga
MG,313115,3114,Vale do Aço,31037,Ipatinga
MG,310780,3114,Vale do Aço,31034,Caratinga
MG,317005,3114,Vale do Aço,31034,Caratinga
MG,312930,3114,Vale do Aço,31037,Ipatinga
MG,310300,3114,Vale do Aço,31035,Coronel Fabriciano Timoteo
MG,310050,3114,Vale do Aço,31037,Ipatinga
MG,315015,3114,Vale do Aço,31034,Caratinga
MG,315725,3114,Vale do Aço,31034,Caratinga
MG,316260,3114,Vale do Aço,31037,Ipatinga
MG,313055,3114,Vale do Aço,31034,Caratinga
MG,312180,3114,Vale do Aço,31035,Coronel Fabriciano Timoteo
MG,315935,3114,Vale do Aço,31034,Caratinga
MG,314995,3114,Vale do Aço,31037,Ipatinga
MG,314435,3114,Vale do Aço,31037,Ipatinga
MG,316447,3114,Vale do Aço,31034,Caratinga
MG,317057,3114,Vale do Aço,31034,Caratinga
MG,316095,3114,Vale do Aço,31034,Caratinga
MG,312385,3114,Vale do Aço,31034,Caratinga
MG,314170,3114,Vale do Aço,31037,Ipatinga
MG,312250,3114,Vale do Aço,31037,Ipatinga
MG,317115,3114,Vale do Aço,31034,Caratinga
MG,315053,3114,Vale do Aço,31035,Coronel Fabriciano Timoteo
MG,314030,3114,Vale do Aço,31035,Coronel Fabriciano Timoteo
MG,310880,3114,Vale do Aço,31037,Ipatinga
MG,313610,3114,Vale do Aço,31037,Ipatinga
MG,310925,3114,Vale do Aço,31037,Ipatinga
MG,313500,3114,Vale do Aço,31035,Coronel Fabriciano Timoteo
MG,312000,3114,Vale do Aço,31035,Coronel Fabriciano Timoteo
MG,315180,3115,Extremo Sul,31006,Poços de Caldas
MG,315250,3115,Extremo Sul,31007,Pouso Alegre
MG,313240,3115,Extremo Sul,31003,Itajubá
MG,312510,3115,Extremo Sul,31007,Pouso Alegre
MG,315960,3115,Extremo Sul,31007,Pouso Alegre
MG,310260,3115,Extremo Sul,31006,Poços de Caldas
MG,314600,3115,Extremo Sul,31007,Pouso Alegre
MG,311060,3115,Extremo Sul,31007,Pouso Alegre
MG,311050,3115,Extremo Sul,31007,Pouso Alegre
MG,313490,3115,Extremo Sul,31007,Pouso Alegre
MG,314340,3115,Extremo Sul,31007,Pouso Alegre
MG,314730,3115,Extremo Sul,31003,Itajubá
MG,310830,3115,Extremo Sul,31007,Pouso Alegre
MG,313990,3115,Extremo Sul,31003,Itajubá
MG,310890,3115,Extremo Sul,31003,Itajubá
MG,311030,3115,Extremo Sul,31006,Poços de Caldas
MG,310790,3115,Extremo Sul,31007,Pouso Alegre
MG,313360,3115,Extremo Sul,31007,Pouso Alegre
MG,310970,3115,Extremo Sul,31007,Pouso Alegre
MG,312450,3115,Extremo Sul,31007,Pouso Alegre
MG,311790,3115,Extremo Sul,31007,Pouso Alegre
MG,310910,3115,Extremo Sul,31007,Pouso Alegre
MG,311780,3115,Extremo Sul,31007,Pouso Alegre
MG,314910,3115,Extremo Sul,31003,Itajubá
MG,313150,3115,Extremo Sul,31007,Pouso Alegre
MG,315100,3115,Extremo Sul,31003,Itajubá
MG,315920,3115,Extremo Sul,31006,Poços de Caldas
MG,312110,3115,Extremo Sul,31003,Itajubá
MG,314380,3115,Extremo Sul,31007,Pouso Alegre
MG,313060,3115,Extremo Sul,31007,Pouso Alegre
MG,316910,3115,Extremo Sul,31007,Pouso Alegre
MG,311360,3115,Extremo Sul,31007,Pouso Alegre
MG,312440,3115,Extremo Sul,31007,Pouso Alegre
MG,316440,3115,Extremo Sul,31007,Pouso Alegre
MG,316540,3115,Extremo Sul,31003,Itajubá
MG,316557,3115,Extremo Sul,31007,Pouso Alegre
MG,316740,3115,Extremo Sul,31007,Pouso Alegre
MG,312920,3115,Extremo Sul,31007,Pouso Alegre
MG,315090,3115,Extremo Sul,31003,Itajubá
MG,316980,3115,Extremo Sul,31007,Pouso Alegre
MG,312740,3115,Extremo Sul,31003,Itajubá
MG,314440,3115,Extremo Sul,31007,Pouso Alegre
MG,311990,3115,Extremo Sul,31007,Pouso Alegre
MG,316320,3115,Extremo Sul,31003,Itajubá
MG,316905,3115,Extremo Sul,31007,Pouso Alegre
MG,312990,3115,Extremo Sul,31006,Poços de Caldas
MG,314040,3115,Extremo Sul,31003,Itajubá
MG,310140,3115,Extremo Sul,31006,Poços de Caldas
MG,316230,3115,Extremo Sul,31007,Pouso Alegre
MG,311720,3115,Extremo Sul,31003,Itajubá
MG,317220,3115,Extremo Sul,31003,Itajubá
MG,316580,3115,Extremo Sul,31007,Pouso Alegre
MG,311850,3115,Extremo Sul,31003,Itajubá
MG,314790,3116,Sudoeste,31092,Passos
MG,310160,3116,Sudoeste,31001,Alfenas Machado
MG,316470,3116,Sudoeste,31009,São Sebastiao do Paraíso
MG,312870,3116,Sudoeste,31002,Guaxupe
MG,313900,3116,Sudoeste,31001,Alfenas Machado
MG,315150,3116,Sudoeste,31093,Piumhi
MG,311160,3116,Sudoeste,31001,Alfenas Machado
MG,314410,3116,Sudoeste,31002,Guaxupe
MG,314720,3116,Sudoeste,31001,Alfenas Machado
MG,311440,3116,Sudoeste,31092,Passos
MG,314320,3116,Sudoeste,31009,São Sebastiao do Paraíso
MG,311100,3116,Sudoeste,31001,Alfenas Machado
MG,312830,3116,Sudoeste,31002,Guaxupe
MG,310190,3116,Sudoeste,31092,Passos
MG,311510,3116,Sudoeste,31091,Cássia
MG,315170,3116,Sudoeste,31001,Alfenas Machado
MG,314510,3116,Sudoeste,31092,Passos
MG,310840,3116,Sudoeste,31001,Alfenas Machado
MG,313375,3116,Sudoeste,31092,Passos
MG,310200,3116,Sudoeste,31001,Alfenas Machado
MG,310430,3116,Sudoeste,31001,Alfenas Machado
MG,312810,3116,Sudoeste,31093,Piumhi
MG,314300,3116,Sudoeste,31002,Guaxupe
MG,310950,3116,Sudoeste,31002,Guaxupe
MG,311130,3116,Sudoeste,31001,Alfenas Machado
MG,313690,3116,Sudoeste,31002,Guaxupe
MG,312970,3116,Sudoeste,31091,Cássia
MG,313290,3116,Sudoeste,31009,São Sebastiao do Paraíso
MG,311280,3116,Sudoeste,31093,Piumhi
MG,311710,3116,Sudoeste,31001,Alfenas Machado
MG,310410,3116,Sudoeste,31002,Guaxupe
MG,315050,3116,Sudoeste,31093,Piumhi
MG,315290,3116,Sudoeste,31009,São Sebastiao do Paraíso
MG,312120,3116,Sudoeste,31091,Cássia
MG,316294,3116,Sudoeste,31092,Passos
MG,316220,3116,Sudoeste,31092,Passos
MG,316690,3116,Sudoeste,31001,Alfenas Machado
MG,313480,3116,Sudoeste,31009,São Sebastiao do Paraíso
MG,316430,3116,Sudoeste,31093,Piumhi
MG,316510,3116,Sudoeste,31009,São Sebastiao do Paraíso
MG,311240,3116,Sudoeste,31091,Cássia
MG,310530,3116,Sudoeste,31001,Alfenas Machado
MG,312240,3116,Sudoeste,31001,Alfenas Machado
MG,316390,3116,Sudoeste,31002,Guaxupe
MG,311640,3116,Sudoeste,31091,Cássia
MG,310760,3116,Sudoeste,31092,Passos
MG,312630,3116,Sudoeste,31092,Passos
MG,311470,3116,Sudoeste,31001,Alfenas Machado
MG,312520,3116,Sudoeste,31001,Alfenas Machado
MG,317060,3116,Sudoeste,31093,Piumhi
MG,312340,3116,Sudoeste,31093,Piumhi
ES,320120,3205,Sul,32004,Sul
ES,320332,3205,Sul,32004,Sul
ES,320280,3205,Sul,32004,Sul
ES,320140,3205,Sul,32004,Sul
ES,320040,3205,Sul,32004,Sul
ES,320230,3205,Sul,32004,Sul
ES,320020,3205,Sul,32004,Sul
ES,320300,3205,Sul,32004,Sul
ES,320340,3205,Sul,32004,Sul
ES,320420,3205,Sul,32004,Sul
ES,320503,3205,Sul,32004,Sul
ES,320370,3205,Sul,32004,Sul
ES,320030,3205,Sul,32004,Sul
ES,320380,3205,Sul,32004,Sul
ES,320265,3205,Sul,32004,Sul
ES,320430,3205,Sul,32004,Sul
ES,320260,3205,Sul,32004,Sul
ES,320310,3205,Sul,32004,Sul
ES,320440,3205,Sul,32004,Sul
ES,320480,3205,Sul,32004,Sul
ES,320070,3205,Sul,32004,Sul
ES,320110,3205,Sul,32004,Sul
ES,320255,3205,Sul,32004,Sul
ES,320050,3205,Sul,32004,Sul
ES,320200,3205,Sul,32004,Sul
ES,320180,3205,Sul,32004,Sul
ES,320500,3207,Metropolitana,32002,Metropolitana
ES,320520,3207,Metropolitana,32002,Metropolitana
ES,320130,3207,Metropolitana,32002,Metropolitana
ES,320530,3207,Metropolitana,32002,Metropolitana
ES,320240,3207,Metropolitana,32002,Metropolitana
ES,320060,3207,Metropolitana,32002,Metropolitana
ES,320510,3207,Metropolitana,32002,Metropolitana
ES,320455,3207,Metropolitana,32002,Metropolitana
ES,320190,3207,Metropolitana,32002,Metropolitana
ES,320010,3207,Metropolitana,32002,Metropolitana
ES,320245,3207,Metropolitana,32002,Metropolitana
ES,320506,3207,Metropolitana,32002,Metropolitana
ES,320460,3207,Metropolitana,32002,Metropolitana
ES,320220,3207,Metropolitana,32002,Metropolitana
ES,320334,3207,Metropolitana,32002,Metropolitana
ES,320313,3207,Metropolitana,32002,Metropolitana
ES,320270,3207,Metropolitana,32002,Metropolitana
ES,320450,3207,Metropolitana,32002,Metropolitana
ES,320115,3207,Metropolitana,32002,Metropolitana
ES,320170,3207,Metropolitana,32002,Metropolitana
ES,320250,3207,Metropolitana,32002,Metropolitana
ES,320316,3207,Metropolitana,32002,Metropolitana
ES,320290,3207,Metropolitana,32002,Metropolitana
ES,320320,3209,Central Norte,32001,Central
ES,320490,3209,Central Norte,32003,Norte
ES,320150,3209,Central Norte,32001,Central
ES,320390,3209,Central Norte,32003,Norte
ES,320090,3209,Central Norte,32003,Norte
ES,320470,3209,Central Norte,32001,Central
ES,320080,3209,Central Norte,32001,Central
ES,320305,3209,Central Norte,32003,Norte
ES,320160,3209,Central Norte,32003,Norte
ES,320501,3209,Central Norte,32001,Central
ES,320410,3209,Central Norte,32003,Norte
ES,320210,3209,Central Norte,32003,Norte
ES,320405,3209,Central Norte,32003,Norte
ES,320435,3209,Central Norte,32001,Central
ES,320350,3209,Central Norte,32003,Norte
ES,320400,3209,Central Norte,32001,Central
ES,320517,3209,Central Norte,32001,Central
ES,320100,3209,Central Norte,32003,Norte
ES,320330,3209,Central Norte,32001,Central
ES,320335,3209,Central Norte,32001,Central
ES,320016,3209,Central Norte,32003,Norte
ES,320225,3209,Central Norte,32001,Central
ES,320495,3209,Central Norte,32001,Central
ES,320013,3209,Central Norte,32001,Central
ES,320515,3209,Central Norte,32003,Norte
ES,320465,3209,Central Norte,32001,Central
ES,320035,3209,Central Norte,32001,Central
ES,320425,3209,Central Norte,32003,Norte
ES,320360,3209,Central Norte,32003,Norte
RJ,330455,3312,Macrorregião I,33005,Metropolitana I
RJ,330490,3312,Macrorregião I,33006,Metropolitana II
RJ,330170,3312,Macrorregião I,33005,Metropolitana I
RJ,330350,3312,Macrorregião I,33005,Metropolitana I
RJ,330100,3312,Macrorregião I,33008,Norte
RJ,330045,3312,Macrorregião I,33005,Metropolitana I
RJ,330330,3312,Macrorregião I,33006,Metropolitana II
RJ,330510,3312,Macrorregião I,33005,Metropolitana I
RJ,330390,3312,Macrorregião I,33009,Serrana
RJ,330630,3312,Macrorregião I,33004,Medio Paraíba
RJ,330240,3312,Macrorregião I,33008,Norte
RJ,330250,3312,Macrorregião I,33005,Metropolitana I
RJ,330190,3312,Macrorregião I,33006,Metropolitana II
RJ,330070,3312,Macrorregião I,33002,Baixada Litoranea
RJ,330270,3312,Macrorregião I,33006,Metropolitana II
RJ,330340,3312,Macrorregião I,33009,Serrana
RJ,330040,3312,Macrorregião I,33004,Medio Paraíba
RJ,330010,3312,Macrorregião I,33001,Baia da Ilha Grande
RJ,330285,3312,Macrorregião I,33005,Metropolitana I
RJ,330580,3312,Macrorregião I,33009,Serrana
RJ,330452,3312,Macrorregião I,33002,Baixada Litoranea
RJ,330320,3312,Macrorregião I,33005,Metropolitana I
RJ,330414,3312,Macrorregião I,33005,Metropolitana I
RJ,330020,3312,Macrorregião I,33002,Baixada Litoranea
RJ,330420,3312,Macrorregião I,33004,Medio Paraíba
RJ,330200,3312,Macrorregião I,33005,Metropolitana I
RJ,330520,3312,Macrorregião I,33002,Baixada Litoranea
RJ,330220,3312,Macrorregião I,33007,Noroeste
RJ,330227,3312,Macrorregião I,33005,Metropolitana I
RJ,330030,3312,Macrorregião I,33004,Medio Paraíba
RJ,330550,3312,Macrorregião I,33002,Baixada Litoranea
RJ,330555,3312,Macrorregião I,33005,Metropolitana I
RJ,330600,3312,Macrorregião I,33003,Centro-Sul
RJ,330610,3312,Macrorregião I,33004,Medio Paraíba
RJ,330080,3312,Macrorregião I,33009,Serrana
RJ,330430,3312,Macrorregião I,33006,Metropolitana II
RJ,330185,3312,Macrorregião I,33009,Serrana
RJ,330130,3312,Macrorregião I,33002,Baixada Litoranea
RJ,330380,3312,Macrorregião I,33001,Baia da Ilha Grande
RJ,330475,3312,Macrorregião I,33008,Norte
RJ,330370,3312,Macrorregião I,33003,Centro-Sul
RJ,330360,3312,Macrorregião I,33003,Centro-Sul
RJ,330470,3312,Macrorregião I,33007,Noroeste
RJ,330260,3312,Macrorregião I,33001,Baia da Ilha Grande
RJ,330023,3312,Macrorregião I,33002,Baixada Litoranea
RJ,330480,3312,Macrorregião I,33008,Norte
RJ,330500,3312,Macrorregião I,33008,Norte
RJ,330060,3312,Macrorregião I,33007,Noroeste
RJ,330620,3312,Macrorregião I,33003,Centro-Sul
RJ,330575,3312,Macrorregião I,33006,Metropolitana II
RJ,330025,3312,Macrorregião I,33002,Baixada Litoranea
RJ,330225,3312,Macrorregião I,33004,Medio Paraíba
RJ,330385,3312,Macrorregião I,33003,Centro-Sul
RJ,330050,3312,Macrorregião I,33009,Serrana
RJ,330187,3312,Macrorregião I,33002,Baixada Litoranea
RJ,330400,3312,Macrorregião I,33004,Medio Paraíba
RJ,330300,3312,Macrorregião I,33007,Noroeste
RJ,330290,3312,Macrorregião I,33003,Centro-Sul
RJ,330395,3312,Macrorregião I,33004,Medio Paraíba
RJ,330210,3312,Macrorregião I,33007,Noroeste
RJ,330415,3312,Macrorregião I,33008,Norte
RJ,330515,3312,Macrorregião I,33009,Serrana
RJ,330560,3312,Macrorregião I,33006,Metropolitana II
RJ,330140,3312,Macrorregião I,33008,Norte
RJ,330150,3312,Macrorregião I,33009,Serrana
RJ,330411,3312,Macrorregião I,33004,Medio Paraíba
RJ,330110,3312,Macrorregião I,33009,Serrana
RJ,330540,3312,Macrorregião I,33003,Centro-Sul
RJ,330280,3312,Macrorregião I,33003,Centro-Sul
RJ,330440,3312,Macrorregião I,33004,Medio Paraíba
RJ,330410,3312,Macrorregião I,33007,Noroeste
RJ,330120,3312,Macrorregião I,33009,Serrana
RJ,330570,3312,Macrorregião I,33009,Serrana
RJ,330310,3312,Macrorregião I,33007,Noroeste
RJ,330090,3312,Macrorregião I,33007,Noroeste
RJ,330205,3312,Macrorregião I,33007,Noroeste
RJ,330093,3312,Macrorregião I,33008,Norte
RJ,330412,3312,Macrorregião I,33004,Medio Paraíba
RJ,330115,3312,Macrorregião I,33007,Noroeste
RJ,330180,3312,Macrorregião I,33003,Centro-Sul
RJ,330022,3312,Macrorregião I,33003,Centro-Sul
RJ,330015,3312,Macrorregião I,33007,Noroeste
RJ,330160,3312,Macrorregião I,33009,Serrana
RJ,330590,3312,Macrorregião I,33009,Serrana
RJ,330460,3312,Macrorregião I,33009,Serrana
RJ,330615,3312,Macrorregião I,33007,Noroeste
RJ,330450,3312,Macrorregião I,33004,Medio Paraíba
RJ,330095,3312,Macrorregião I,33003,Centro-Sul
RJ,330530,3312,Macrorregião I,33009,Serrana
RJ,330230,3312,Macrorregião I,33007,Noroeste
RJ,330513,3312,Macrorregião I,33007,Noroeste
RJ,330245,3312,Macrorregião I,33009,Serrana
SP,350600,3518,RRAS9,35062,Bauru
SP,350750,3518,RRAS9,35063,Polo Cuesta
SP,352530,3518,RRAS9,35064,Jaú
SP,350450,3518,RRAS9,35061,Vale do Jurumirim
SP,352710,3518,RRAS9,35065,Lins
SP,352680,3518,RRAS9,35062,Bauru
SP,353670,3518,RRAS9,35062,Bauru
SP,350070,3518,RRAS9,35062,Bauru
SP,355010,3518,RRAS9,35063,Polo Cuesta
SP,354160,3518,RRAS9,35065,Lins
SP,350530,3518,RRAS9,35064,Jaú
SP,350520,3518,RRAS9,35064,Jaú
SP,353880,3518,RRAS9,35061,Vale do Jurumirim
SP,352640,3518,RRAS9,35063,Polo Cuesta
SP,352180,3518,RRAS9,35061,Vale do Jurumirim
SP,351410,3518,RRAS9,35064,Jaú
SP,355380,3518,RRAS9,35061,Vale do Jurumirim
SP,350790,3518,RRAS9,35064,Jaú
SP,352000,3518,RRAS9,35064,Jaú
SP,353890,3518,RRAS9,35062,Bauru
SP,351140,3518,RRAS9,35061,Vale do Jurumirim
SP,353580,3518,RRAS9,35061,Vale do Jurumirim
SP,352350,3518,RRAS9,35063,Polo Cuesta
SP,352800,3518,RRAS9,35062,Bauru
SP,350880,3518,RRAS9,35065,Lins
SP,351540,3518,RRAS9,35061,Vale do Jurumirim
SP,351230,3518,RRAS9,35063,Polo Cuesta
SP,353940,3518,RRAS9,35062,Bauru
SP,352280,3518,RRAS9,35061,Vale do Jurumirim
SP,352290,3518,RRAS9,35064,Jaú
SP,355300,3518,RRAS9,35061,Vale do Jurumirim
SP,351450,3518,RRAS9,35062,Bauru
SP,350680,3518,RRAS9,35064,Jaú
SP,351720,3518,RRAS9,35065,Lins
SP,352980,3518,RRAS9,35064,Jaú
SP,350690,3518,RRAS9,35063,Polo Cuesta
SP,354050,3518,RRAS9,35063,Polo Cuesta
SP,351910,3518,RRAS9,35062,Bauru
SP,351700,3518,RRAS9,35065,Lins
SP,350360,3518,RRAS9,35063,Polo Cuesta
SP,352860,3518,RRAS9,35061,Vale do Jurumirim
SP,355470,3518,RRAS9,35064,Jaú
SP,353750,3518,RRAS9,35063,Polo Cuesta
SP,350340,3518,RRAS9,35062,Bauru
SP,351925,3518,RRAS9,35061,Vale do Jurumirim
SP,354250,3518,RRAS9,35062,Bauru
SP,350055,3518,RRAS9,35061,Vale do Jurumirim
SP,353610,3518,RRAS9,35063,Polo Cuesta
SP,350310,3518,RRAS9,35061,Vale do Jurumirim
SP,350230,3518,RRAS9,35063,Polo Cuesta
SP,354105,3518,RRAS9,35063,Polo Cuesta
SP,354460,3518,RRAS9,35065,Lins
SP,350730,3518,RRAS9,35064,Jaú
SP,350430,3518,RRAS9,35062,Bauru
SP,350830,3518,RRAS9,35062,Bauru
SP,351260,3518,RRAS9,35061,Vale do Jurumirim
SP,355420,3518,RRAS9,35061,Vale do Jurumirim
SP,350470,3518,RRAS9,35062,Bauru
SP,354110,3518,RRAS9,35062,Bauru
SP,355120,3518,RRAS9,35061,Vale do Jurumirim
SP,352200,3518,RRAS9,35064,Jaú
SP,350500,3518,RRAS9,35061,Vale do Jurumirim
SP,354010,3518,RRAS9,35065,Lins
SP,350745,3518,RRAS9,35062,Bauru
SP,352750,3518,RRAS9,35062,Bauru
SP,353657,3518,RRAS9,35062,Bauru
SP,355465,3518,RRAS9,35063,Polo Cuesta
SP,355590,3518,RRAS9,35065,Lins
SP,355220,3519,RRAS8,35163,Sorocaba
SP,352390,3519,RRAS8,35163,Sorocaba
SP,352230,3519,RRAS8,35161,Itapetininga
SP,354520,3519,RRAS8,35163,Sorocaba
SP,355700,3519,RRAS8,35163,Sorocaba
SP,355400,3519,RRAS8,35161,Itapetininga
SP,352240,3519,RRAS8,35162,Itapeva
SP,355060,3519,RRAS8,35163,Sorocaba
SP,351970,3519,RRAS8,35163,Sorocaba
SP,350700,3519,RRAS8,35163,Sorocaba
SP,354060,3519,RRAS8,35163,Sorocaba
SP,353780,3519,RRAS8,35163,Sorocaba
SP,352840,3519,RRAS8,35163,Sorocaba
SP,351020,3519,RRAS8,35161,Itapetininga
SP,351150,3519,RRAS8,35161,Itapetininga
SP,352320,3519,RRAS8,35162,Itapeva
SP,354530,3519,RRAS8,35163,Sorocaba
SP,355450,3519,RRAS8,35163,Sorocaba
SP,352100,3519,RRAS8,35163,Sorocaba
SP,350290,3519,RRAS8,35163,Sorocaba
SP,355020,3519,RRAS8,35161,Itapetininga
SP,353790,3519,RRAS8,35163,Sorocaba
SP,350270,3519,RRAS8,35162,Itapeva
SP,350220,3519,RRAS8,35161,Itapetininga
SP,351030,3519,RRAS8,35163,Sorocaba
SP,350275,3519,RRAS8,35163,Sorocaba
SP,350800,3519,RRAS8,35162,Itapeva
SP,351160,3519,RRAS8,35161,Itapetininga
SP,354300,3519,RRAS8,35162,Itapeva
SP,352170,3519,RRAS8,35162,Itapeva
SP,350115,3519,RRAS8,35163,Sorocaba
SP,351760,3519,RRAS8,35162,Itapeva
SP,351850,3519,RRAS8,35161,Itapetininga
SP,355110,3519,RRAS8,35161,Itapetininga
SP,353282,3519,RRAS8,35162,Itapeva
SP,355350,3519,RRAS8,35163,Sorocaba
SP,354325,3519,RRAS8,35161,Itapetininga
SP,355385,3519,RRAS8,35162,Itapeva
SP,350075,3519,RRAS8,35161,Itapetininga
SP,350945,3519,RRAS8,35161,Itapetininga
SP,354350,3519,RRAS8,35162,Itapeva
SP,350535,3519,RRAS8,35162,Itapeva
SP,352265,3519,RRAS8,35162,Itapeva
SP,350715,3519,RRAS8,35162,Itapeva
SP,352215,3519,RRAS8,35162,Itapeva
SP,354165,3519,RRAS8,35161,Itapetininga
SP,354280,3519,RRAS8,35162,Itapeva
SP,352585,3519,RRAS8,35163,Sorocaba
SP,354850,3520,RRAS7,35041,Baixada Santista
SP,354100,3520,RRAS7,35041,Baixada Santista
SP,355100,3520,RRAS7,35041,Baixada Santista
SP,351870,3520,RRAS7,35041,Baixada Santista
SP,351350,3520,RRAS7,35041,Baixada Santista
SP,352210,3520,RRAS7,35041,Baixada Santista
SP,353760,3520,RRAS7,35041,Baixada Santista
SP,350635,3520,RRAS7,35041,Baixada Santista
SP,353110,3520,RRAS7,35041,Baixada Santista
SP,354260,3520,RRAS7,35121,Vale do Ribeira
SP,352030,3520,RRAS7,35121,Vale do Ribeira
SP,350925,3520,RRAS7,35121,Vale do Ribeira
SP,353620,3520,RRAS7,35121,Vale do Ribeira
SP,352990,3520,RRAS7,35121,Vale do Ribeira
SP,352610,3520,RRAS7,35121,Vale do Ribeira
SP,352460,3520,RRAS7,35121,Vale do Ribeira
SP,352330,3520,RRAS7,35121,Vale do Ribeira
SP,352042,3520,RRAS7,35121,Vale do Ribeira
SP,351480,3520,RRAS7,35121,Vale do Ribeira
SP,355180,3520,RRAS7,35121,Vale do Ribeira
SP,350990,3520,RRAS7,35121,Vale do Ribeira
SP,353720,3520,RRAS7,35121,Vale do Ribeira
SP,350540,3520,RRAS7,35121,Vale do Ribeira
SP,352120,3520,RRAS7,35121,Vale do Ribeira
SP,355030,3521,RRAS6,35016,São Paulo
SP,353440,3522,RRAS5,35014,Rota dos Bandeirantes
SP,351060,3522,RRAS5,35014,Rota dos Bandeirantes
SP,350570,3522,RRAS5,35014,Rota dos Bandeirantes
SP,352250,3522,RRAS5,35014,Rota dos Bandeirantes
SP,354730,3522,RRAS5,35014,Rota dos Bandeirantes
SP,352500,3522,RRAS5,35014,Rota dos Bandeirantes
SP,353910,3522,RRAS5,35014,Rota dos Bandeirantes
SP,351300,3523,RRAS4,35013,Mananciais
SP,355280,3523,RRAS4,35013,Mananciais
SP,351500,3523,RRAS4,35013,Mananciais
SP,352220,3523,RRAS4,35013,Mananciais
SP,351510,3523,RRAS4,35013,Mananciais
SP,355645,3523,RRAS4,35013,Mananciais
SP,352620,3523,RRAS4,35013,Mananciais
SP,354995,3523,RRAS4,35013,Mananciais
SP,351630,3524,RRAS3,35012,Franco da Rocha
SP,351640,3524,RRAS3,35012,Franco da Rocha
SP,350900,3524,RRAS3,35012,Franco da Rocha
SP,352850,3524,RRAS3,35012,Franco da Rocha
SP,350920,3524,RRAS3,35012,Franco da Rocha
SP,351880,3525,RRAS2,35011,Alto do Tietê
SP,353060,3525,RRAS2,35011,Alto do Tietê
SP,352310,3525,RRAS2,35011,Alto do Tietê
SP,355250,3525,RRAS2,35011,Alto do Tietê
SP,351570,3525,RRAS2,35011,Alto do Tietê
SP,353980,3525,RRAS2,35011,Alto do Tietê
SP,350390,3525,RRAS2,35011,Alto do Tietê
SP,354680,3525,RRAS2,35011,Alto do Tietê
SP,351830,3525,RRAS2,35011,Alto do Tietê
SP,350660,3525,RRAS2,35011,Alto do Tietê
SP,354500,3525,RRAS2,35011,Alto do Tietê
SP,354990,3526,RRAS17,35171,Alto Vale do Paraíba
SP,355410,3526,RRAS17,35174,Vale do Paraíba Região Serrana
SP,352440,3526,RRAS17,35171,Alto Vale do Paraíba
SP,353800,3526,RRAS17,35174,Vale do Paraíba Região Serrana
SP,351050,3526,RRAS17,35173,Litoral Norte
SP,351840,3526,RRAS17,35172,Circuito da Fé e Vale Histórico
SP,350850,3526,RRAS17,35171,Alto Vale do Paraíba
SP,355540,3526,RRAS17,35173,Litoral Norte
SP,352720,3526,RRAS17,35172,Circuito da Fé e Vale Histórico
SP,355070,3526,RRAS17,35173,Litoral Norte
SP,351340,3526,RRAS17,35172,Circuito da Fé e Vale Histórico
SP,355480,3526,RRAS17,35174,Vale do Paraíba Região Serrana
SP,350970,3526,RRAS17,35174,Vale do Paraíba Região Serrana
SP,352040,3526,RRAS17,35173,Litoral Norte
SP,350250,3526,RRAS17,35172,Circuito da Fé e Vale Histórico
SP,350860,3526,RRAS17,35172,Circuito da Fé e Vale Histórico
SP,351360,3526,RRAS17,35172,Circuito da Fé e Vale Histórico
SP,354075,3526,RRAS17,35172,Circuito da Fé e Vale Histórico
SP,353560,3526,RRAS17,35171,Alto Vale do Paraíba
SP,354600,3526,RRAS17,35171,Alto Vale do Paraíba
SP,353850,3526,RRAS17,35172,Circuito da Fé e Vale Histórico
SP,354860,3526,RRAS17,35174,Vale do Paraíba Região Serrana
SP,354430,3526,RRAS17,35172,Circuito da Fé e Vale Histórico
SP,352020,3526,RRAS17,35171,Alto Vale do Paraíba
SP,355000,3526,RRAS17,35174,Vale do Paraíba Região Serrana
SP,350490,3526,RRAS17,35172,Circuito da Fé e Vale Histórico
SP,354190,3526,RRAS17,35172,Circuito da Fé e Vale Histórico
SP,352660,3526,RRAS17,35172,Circuito da Fé e Vale Histórico
SP,354820,3526,RRAS17,35174,Vale do Paraíba Região Serrana
SP,353230,3526,RRAS17,35174,Vale do Paraíba Região Serrana
SP,352490,3526,RRAS17,35171,Alto Vale do Paraíba
SP,355200,3526,RRAS17,35172,Circuito da Fé e Vale Histórico
SP,352630,3526,RRAS17,35174,Vale do Paraíba Região Serrana
SP,350995,3526,RRAS17,35172,Circuito da Fé e Vale Histórico
SP,354230,3526,RRAS17,35174,Vale do Paraíba Região Serrana
SP,353170,3526,RRAS17,35171,Alto Vale do Paraíba
SP,354960,3526,RRAS17,35172,Circuito da Fé e Vale Histórico
SP,350350,3526,RRAS17,35172,Circuito da Fé e Vale Histórico
SP,350315,3526,RRAS17,35172,Circuito da Fé e Vale Histórico
SP,352590,3527,RRAS16,35073,Jundiaí
SP,350760,3527,RRAS16,35071,Bragança
SP,350410,3527,RRAS16,35071,Bragança
SP,355650,3527,RRAS16,35073,Jundiaí
SP,350960,3527,RRAS16,35073,Jundiaí
SP,352400,3527,RRAS16,35073,Jundiaí
SP,352730,3527,RRAS16,35073,Jundiaí
SP,350840,3527,RRAS16,35073,Jundiaí
SP,355210,3527,RRAS16,35071,Bragança
SP,352520,3527,RRAS16,35073,Jundiaí
SP,353860,3527,RRAS16,35071,Bragança
SP,350710,3527,RRAS16,35071,Bragança
SP,353240,3527,RRAS16,35071,Bragança
SP,353820,3527,RRAS16,35071,Bragança
SP,352550,3527,RRAS16,35071,Bragança
SP,355635,3527,RRAS16,35071,Bragança
SP,355495,3527,RRAS16,35071,Bragança
SP,353680,3527,RRAS16,35071,Bragança
SP,350950,3528,RRAS15,35072,Região Metropolitana de Campinas
SP,355240,3528,RRAS15,35072,Região Metropolitana de Campinas
SP,352050,3528,RRAS15,35072,Região Metropolitana de Campinas
SP,350160,3528,RRAS15,35072,Região Metropolitana de Campinas
SP,351907,3528,RRAS15,35072,Região Metropolitana de Campinas
SP,354580,3528,RRAS15,35072,Região Metropolitana de Campinas
SP,353070,3528,RRAS15,35141,Baixa Mogiana
SP,355620,3528,RRAS15,35072,Região Metropolitana de Campinas
SP,352340,3528,RRAS15,35072,Região Metropolitana de Campinas
SP,353650,3528,RRAS15,35072,Região Metropolitana de Campinas
SP,353080,3528,RRAS15,35141,Baixa Mogiana
SP,354910,3528,RRAS15,35142,Mantiqueira
SP,355670,3528,RRAS15,35072,Região Metropolitana de Campinas
SP,352260,3528,RRAS15,35141,Baixa Mogiana
SP,350190,3528,RRAS15,35074,Circuito das Aguas
SP,353050,3528,RRAS15,35143,Rio Pardo
SP,353180,3528,RRAS15,35072,Região Metropolitana de Campinas
SP,353340,3528,RRAS15,35072,Região Metropolitana de Campinas
SP,351280,3528,RRAS15,35072,Região Metropolitana de Campinas
SP,352470,3528,RRAS15,35072,Região Metropolitana de Campinas
SP,354970,3528,RRAS15,35143,Rio Pardo
SP,350380,3528,RRAS15,35072,Região Metropolitana de Campinas
SP,353710,3528,RRAS15,35072,Região Metropolitana de Campinas
SP,355640,3528,RRAS15,35142,Mantiqueira
SP,351518,3528,RRAS15,35142,Mantiqueira
SP,350030,3528,RRAS15,35142,Mantiqueira
SP,355160,3528,RRAS15,35074,Circuito das Aguas
SP,354630,3528,RRAS15,35142,Mantiqueira
SP,351080,3528,RRAS15,35143,Rio Pardo
SP,354800,3528,RRAS15,35072,Região Metropolitana de Campinas
SP,355330,3528,RRAS15,35142,Mantiqueira
SP,350050,3528,RRAS15,35074,Circuito das Aguas
SP,350870,3528,RRAS15,35143,Rio Pardo
SP,351905,3528,RRAS15,35072,Região Metropolitana de Campinas
SP,353200,3528,RRAS15,35072,Região Metropolitana de Campinas
SP,355360,3528,RRAS15,35143,Rio Pardo
SP,355730,3528,RRAS15,35141,Baixa Mogiana
SP,351390,3528,RRAS15,35143,Rio Pardo
SP,355080,3528,RRAS15,35143,Rio Pardo
SP,353120,3528,RRAS15,35074,Circuito das Aguas
SP,352380,3528,RRAS15,35143,Rio Pardo
SP,350040,3528,RRAS15,35142,Mantiqueira
SP,352700,3528,RRAS15,35074,Circuito das Aguas
SP,354810,3528,RRAS15,35142,Mantiqueira
SP,353870,3529,RRAS14,35103,Piracicaba
SP,352690,3529,RRAS14,35102,Limeira
SP,354390,3529,RRAS14,35104,Rio Claro
SP,350330,3529,RRAS14,35101,Araras
SP,352670,3529,RRAS14,35101,Araras
SP,353930,3529,RRAS14,35101,Araras
SP,351040,3529,RRAS14,35103,Piracicaba
SP,355040,3529,RRAS14,35103,Piracicaba
SP,354400,3529,RRAS14,35103,Piracicaba
SP,351220,3529,RRAS14,35101,Araras
SP,351240,3529,RRAS14,35102,Limeira
SP,354670,3529,RRAS14,35104,Rio Claro
SP,352140,3529,RRAS14,35102,Limeira
SP,351515,3529,RRAS14,35102,Limeira
SP,351490,3529,RRAS14,35103,Piracicaba
SP,352360,3529,RRAS14,35104,Rio Claro
SP,351170,3529,RRAS14,35103,Piracicaba
SP,354210,3529,RRAS14,35103,Piracicaba
SP,354515,3529,RRAS14,35103,Piracicaba
SP,352110,3529,RRAS14,35104,Rio Claro
SP,354700,3529,RRAS14,35103,Piracicaba
SP,350200,3529,RRAS14,35104,Rio Claro
SP,354620,3529,RRAS14,35101,Araras
SP,351270,3529,RRAS14,35104,Rio Claro
SP,353090,3529,RRAS14,35103,Piracicaba
SP,350060,3529,RRAS14,35103,Piracicaba
SP,354340,3530,RRAS13,35132,Aquifero Guarani
SP,351620,3530,RRAS13,35081,Três Colinas
SP,355170,3530,RRAS13,35131,Horizonte Verde
SP,350550,3530,RRAS13,35051,Norte - Barretos
SP,350610,3530,RRAS13,35052,Sul - Barretos
SP,352430,3530,RRAS13,35131,Horizonte Verde
SP,350590,3530,RRAS13,35133,Vale das Cachoeiras
SP,353390,3530,RRAS13,35051,Norte - Barretos
SP,354940,3530,RRAS13,35082,Alta Anhanguera
SP,353130,3530,RRAS13,35131,Horizonte Verde
SP,352510,3530,RRAS13,35132,Aquifero Guarani
SP,355150,3530,RRAS13,35132,Aquifero Guarani
SP,351740,3530,RRAS13,35051,Norte - Barretos
SP,353430,3530,RRAS13,35082,Alta Anhanguera
SP,354020,3530,RRAS13,35131,Horizonte Verde
SP,352410,3530,RRAS13,35083,Alta Mogiana
SP,351860,3530,RRAS13,35131,Horizonte Verde
SP,353950,3530,RRAS13,35131,Horizonte Verde
SP,351310,3530,RRAS13,35132,Aquifero Guarani
SP,350560,3530,RRAS13,35131,Horizonte Verde
SP,353190,3530,RRAS13,35082,Alta Anhanguera
SP,352010,3530,RRAS13,35083,Alta Mogiana
SP,350780,3530,RRAS13,35133,Vale das Cachoeiras
SP,354750,3530,RRAS13,35132,Aquifero Guarani
SP,350940,3530,RRAS13,35133,Vale das Cachoeiras
SP,354760,3530,RRAS13,35132,Aquifero Guarani
SP,352970,3530,RRAS13,35083,Alta Mogiana
SP,351770,3530,RRAS13,35083,Alta Mogiana
SP,351200,3530,RRAS13,35051,Norte - Barretos
SP,353150,3530,RRAS13,35052,Sul - Barretos
SP,355680,3530,RRAS13,35052,Sul - Barretos
SP,354090,3530,RRAS13,35131,Horizonte Verde
SP,350100,3530,RRAS13,35133,Vale das Cachoeiras
SP,353700,3530,RRAS13,35081,Três Colinas
SP,355190,3530,RRAS13,35051,Norte - Barretos
SP,353630,3530,RRAS13,35081,Três Colinas
SP,352130,3530,RRAS13,35082,Alta Anhanguera
SP,355090,3530,RRAS13,35132,Aquifero Guarani
SP,355140,3530,RRAS13,35132,Aquifero Guarani
SP,352760,3530,RRAS13,35132,Aquifero Guarani
SP,354490,3530,RRAS13,35082,Alta Anhanguera
SP,351790,3530,RRAS13,35051,Norte - Barretos
SP,351460,3530,RRAS13,35131,Horizonte Verde
SP,351320,3530,RRAS13,35081,Três Colinas
SP,350930,3530,RRAS13,35051,Norte - Barretos
SP,355690,3530,RRAS13,35052,Sul - Barretos
SP,355440,3530,RRAS13,35052,Sul - Barretos
SP,354950,3530,RRAS13,35081,Três Colinas
SP,353360,3530,RRAS13,35082,Alta Anhanguera
SP,351885,3530,RRAS13,35132,Aquifero Guarani
SP,354790,3530,RRAS13,35133,Vale das Cachoeiras
SP,351210,3530,RRAS13,35051,Norte - Barretos
SP,355320,3530,RRAS13,35052,Sul - Barretos
SP,354270,3530,RRAS13,35081,Três Colinas
SP,352420,3530,RRAS13,35051,Norte - Barretos
SP,352370,3530,RRAS13,35081,Três Colinas
SP,355310,3530,RRAS13,35052,Sul - Barretos
SP,350300,3530,RRAS13,35083,Alta Mogiana
SP,354310,3530,RRAS13,35081,Três Colinas
SP,350820,3530,RRAS13,35083,Alta Mogiana
SP,354360,3530,RRAS13,35081,Três Colinas
SP,352540,3530,RRAS13,35081,Três Colinas
SP,350090,3530,RRAS13,35051,Norte - Barretos
SP,351090,3530,RRAS13,35133,Vale das Cachoeiras
SP,355365,3530,RRAS13,35052,Sul - Barretos
SP,354625,3530,RRAS13,35133,Vale das Cachoeiras
SP,354980,3531,RRAS12,35155,São José do Rio Preto
SP,351110,3531,RRAS12,35151,Catanduva
SP,355710,3531,RRAS12,35157,Votuporanga
SP,351550,3531,RRAS12,35154,Fernandópolis
SP,353030,3531,RRAS12,35155,São José do Rio Preto
SP,352480,3531,RRAS12,35153,Jales
SP,353350,3531,RRAS12,35151,Catanduva
SP,352570,3531,RRAS12,35156,José Bonifácio
SP,354660,3531,RRAS12,35152,Santa Fé do Sul
SP,350460,3531,RRAS12,35155,São José do Rio Preto
SP,355340,3531,RRAS12,35155,São José do Rio Preto
SP,353140,3531,RRAS12,35156,José Bonifácio
SP,351750,3531,RRAS12,35155,São José do Rio Preto
SP,353300,3531,RRAS12,35155,São José do Rio Preto
SP,354080,3531,RRAS12,35155,São José do Rio Preto
SP,352190,3531,RRAS12,35151,Catanduva
SP,353810,3531,RRAS12,35151,Catanduva
SP,355610,3531,RRAS12,35157,Votuporanga
SP,354560,3531,RRAS12,35151,Catanduva
SP,355600,3531,RRAS12,35151,Catanduva
SP,351130,3531,RRAS12,35155,São José do Rio Preto
SP,351940,3531,RRAS12,35155,São José do Rio Preto
SP,353500,3531,RRAS12,35155,São José do Rio Preto
SP,351070,3531,RRAS12,35157,Votuporanga
SP,355260,3531,RRAS12,35151,Catanduva
SP,353900,3531,RRAS12,35151,Catanduva
SP,355560,3531,RRAS12,35155,São José do Rio Preto
SP,351690,3531,RRAS12,35157,Votuporanga
SP,354420,3531,RRAS12,35157,Votuporanga
SP,353475,3531,RRAS12,35154,Fernandópolis
SP,353260,3531,RRAS12,35157,Votuporanga
SP,353250,3531,RRAS12,35155,São José do Rio Preto
SP,353510,3531,RRAS12,35151,Catanduva
SP,350480,3531,RRAS12,35155,São José do Rio Preto
SP,351520,3531,RRAS12,35154,Fernandópolis
SP,353520,3531,RRAS12,35153,Jales
SP,355580,3531,RRAS12,35153,Jales
SP,351290,3531,RRAS12,35157,Votuporanga
SP,351980,3531,RRAS12,35155,São José do Rio Preto
SP,352450,3531,RRAS12,35156,José Bonifácio
SP,350370,3531,RRAS12,35151,Catanduva
SP,352810,3531,RRAS12,35157,Votuporanga
SP,353660,3531,RRAS12,35155,São José do Rio Preto
SP,351120,3531,RRAS12,35151,Catanduva
SP,352150,3531,RRAS12,35151,Catanduva
SP,355490,3531,RRAS12,35152,Santa Fé do Sul
SP,352115,3531,RRAS12,35155,São José do Rio Preto
SP,353280,3531,RRAS12,35155,São José do Rio Preto
SP,354480,3531,RRAS12,35151,Catanduva
SP,354570,3531,RRAS12,35153,Jales
SP,352950,3531,RRAS12,35156,José Bonifácio
SP,353570,3531,RRAS12,35151,Catanduva
SP,353420,3531,RRAS12,35155,São José do Rio Preto
SP,351560,3531,RRAS12,35151,Catanduva
SP,350180,3531,RRAS12,35157,Votuporanga
SP,353990,3531,RRAS12,35156,José Bonifácio
SP,355535,3531,RRAS12,35156,José Bonifácio
SP,353400,3531,RRAS12,35155,São José do Rio Preto
SP,353270,3531,RRAS12,35156,José Bonifácio
SP,353040,3531,RRAS12,35155,São José do Rio Preto
SP,352960,3531,RRAS12,35154,Fernandópolis
SP,353325,3531,RRAS12,35151,Catanduva
SP,353960,3531,RRAS12,35156,José Bonifácio
SP,350020,3531,RRAS12,35156,José Bonifácio
SP,354025,3531,RRAS12,35153,Jales
SP,354040,3531,RRAS12,35154,Fernandópolis
SP,350260,3531,RRAS12,35153,Jales
SP,352070,3531,RRAS12,35154,Fernandópolis
SP,353590,3531,RRAS12,35153,Jales
SP,352820,3531,RRAS12,35154,Fernandópolis
SP,350120,3531,RRAS12,35157,Votuporanga
SP,354450,3531,RRAS12,35152,Santa Fé do Sul
SP,352885,3531,RRAS12,35151,Catanduva
SP,351680,3531,RRAS12,35157,Votuporanga
SP,352830,3531,RRAS12,35157,Votuporanga
SP,351492,3531,RRAS12,35151,Catanduva
SP,355130,3531,RRAS12,35157,Votuporanga
SP,353000,3531,RRAS12,35154,Fernandópolis
SP,353625,3531,RRAS12,35157,Votuporanga
SP,353690,3531,RRAS12,35154,Fernandópolis
SP,354740,3531,RRAS12,35152,Santa Fé do Sul
SP,351590,3531,RRAS12,35157,Votuporanga
SP,355715,3531,RRAS12,35156,José Bonifácio
SP,354900,3531,RRAS12,35153,Jales
SP,354610,3531,RRAS12,35152,Santa Fé do Sul
SP,354920,3531,RRAS12,35154,Fernandópolis
SP,354030,3531,RRAS12,35157,Votuporanga
SP,351495,3531,RRAS12,35151,Catanduva
SP,351420,3531,RRAS12,35153,Jales
SP,353284,3531,RRAS12,35152,Santa Fé do Sul
SP,351800,3531,RRAS12,35154,Fernandópolis
SP,352965,3531,RRAS12,35153,Jales
SP,353100,3531,RRAS12,35157,Votuporanga
SP,352910,3531,RRAS12,35153,Jales
SP,354925,3531,RRAS12,35154,Fernandópolis
SP,350395,3531,RRAS12,35153,Jales
SP,355695,3531,RRAS12,35153,Jales
SP,354720,3531,RRAS12,35153,Jales
SP,355530,3531,RRAS12,35154,Fernandópolis
SP,354765,3531,RRAS12,35153,Jales
SP,351385,3531,RRAS12,35153,Jales
SP,355570,3531,RRAS12,35156,José Bonifácio
SP,354140,3532,RRAS11,35112,Alta Sorocabana
SP,351440,3532,RRAS11,35111,Alta Paulista
SP,354130,3532,RRAS11,35114,Extremo Oeste Paulista
SP,354150,3532,RRAS11,35114,Extremo Oeste Paulista
SP,354220,3532,RRAS11,35113,Alto Capivari
SP,350130,3532,RRAS11,35112,Alta Sorocabana
SP,353920,3532,RRAS11,35112,Alta Sorocabana
SP,352920,3532,RRAS11,35112,Alta Sorocabana
SP,355430,3532,RRAS11,35115,Pontal do Paranapanema
SP,352600,3532,RRAS11,35111,Alta Paulista
SP,354240,3532,RRAS11,35112,Alta Sorocabana
SP,354770,3532,RRAS11,35112,Alta Sorocabana
SP,354425,3532,RRAS11,35115,Pontal do Paranapanema
SP,353020,3532,RRAS11,35115,Pontal do Paranapanema
SP,355510,3532,RRAS11,35111,Alta Paulista
SP,353540,3532,RRAS11,35111,Alta Paulista
SP,354120,3532,RRAS11,35112,Alta Sorocabana
SP,354170,3532,RRAS11,35113,Alto Capivari
SP,353640,3532,RRAS11,35111,Alta Paulista
SP,351535,3532,RRAS11,35115,Pontal do Paranapanema
SP,353480,3532,RRAS11,35111,Alta Paulista
SP,351990,3532,RRAS11,35113,Alto Capivari
SP,352160,3532,RRAS11,35111,Alta Paulista
SP,355390,3532,RRAS11,35112,Alta Sorocabana
SP,355290,3532,RRAS11,35112,Alta Sorocabana
SP,353220,3532,RRAS11,35112,Alta Sorocabana
SP,350910,3532,RRAS11,35114,Extremo Oeste Paulista
SP,352060,3532,RRAS11,35112,Alta Sorocabana
SP,352870,3532,RRAS11,35114,Extremo Oeste Paulista
SP,350080,3532,RRAS11,35112,Alta Sorocabana
SP,352560,3532,RRAS11,35113,Alto Capivari
SP,353160,3532,RRAS11,35111,Alta Paulista
SP,350240,3532,RRAS11,35112,Alta Sorocabana
SP,350890,3532,RRAS11,35112,Alta Sorocabana
SP,354550,3532,RRAS11,35112,Alta Sorocabana
SP,353830,3532,RRAS11,35114,Extremo Oeste Paulista
SP,351512,3532,RRAS11,35112,Alta Sorocabana
SP,354830,3532,RRAS11,35112,Alta Sorocabana
SP,354710,3532,RRAS11,35111,Alta Paulista
SP,351530,3532,RRAS11,35112,Alta Sorocabana
SP,353215,3532,RRAS11,35113,Alto Capivari
SP,354930,3532,RRAS11,35111,Alta Paulista
SP,353310,3532,RRAS11,35111,Alta Paulista
SP,354323,3532,RRAS11,35112,Alta Sorocabana
SP,351580,3532,RRAS11,35111,Alta Paulista
SP,352900,3533,RRAS10,35093,Marília
SP,353470,3533,RRAS10,35094,Ourinhos
SP,350400,3533,RRAS10,35092,Assis
SP,355500,3533,RRAS10,35095,Tupa
SP,354640,3533,RRAS10,35094,Ourinhos
SP,351670,3533,RRAS10,35093,Marília
SP,353550,3533,RRAS10,35092,Assis
SP,350010,3533,RRAS10,35091,Adamantina
SP,353460,3533,RRAS10,35091,Adamantina
SP,351000,3533,RRAS10,35092,Assis
SP,350580,3533,RRAS10,35095,Tupa
SP,354000,3533,RRAS10,35093,Marília
SP,352740,3533,RRAS10,35091,Adamantina
SP,353530,3533,RRAS10,35092,Assis
SP,355395,3533,RRAS10,35092,Assis
SP,353490,3533,RRAS10,35091,Adamantina
SP,352090,3533,RRAS10,35094,Ourinhos
SP,351600,3533,RRAS10,35091,Adamantina
SP,352880,3533,RRAS10,35092,Assis
SP,355720,3533,RRAS10,35094,Ourinhos
SP,350630,3533,RRAS10,35094,Ourinhos
SP,353600,3533,RRAS10,35095,Tupa
SP,355660,3533,RRAS10,35093,Marília
SP,354380,3533,RRAS10,35095,Tupa
SP,351900,3533,RRAS10,35095,Tupa
SP,354540,3533,RRAS10,35094,Ourinhos
SP,355050,3533,RRAS10,35094,Ourinhos
SP,354200,3533,RRAS10,35093,Marília
SP,351810,3533,RRAS10,35093,Marília
SP,351950,3533,RRAS10,35094,Ourinhos
SP,351660,3533,RRAS10,35093,Marília
SP,351015,3533,RRAS10,35094,Ourinhos
SP,351470,3533,RRAS10,35093,Marília
SP,351920,3533,RRAS10,35095,Tupa
SP,353410,3533,RRAS10,35093,Marília
SP,351730,3533,RRAS10,35093,Marília
SP,355550,3533,RRAS10,35093,Marília
SP,350980,3533,RRAS10,35093,Marília
SP,354510,3533,RRAS10,35091,Adamantina
SP,350140,3533,RRAS10,35093,Marília
SP,354320,3533,RRAS10,35094,Ourinhos
SP,353370,3533,RRAS10,35093,Marília
SP,352580,3533,RRAS10,35093,Marília
SP,351519,3533,RRAS10,35094,Ourinhos
SP,352780,3533,RRAS10,35093,Marília
SP,351610,3533,RRAS10,35092,Assis
SP,352080,3533,RRAS10,35091,Adamantina
SP,352890,3533,RRAS10,35091,Adamantina
SP,354180,3533,RRAS10,35095,Tupa
SP,353970,3533,RRAS10,35092,Assis
SP,350150,3533,RRAS10,35093,Marília
SP,353715,3533,RRAS10,35092,Assis
SP,352790,3533,RRAS10,35092,Assis
SP,354085,3533,RRAS10,35091,Adamantina
SP,353380,3533,RRAS10,35094,Ourinhos
SP,354470,3533,RRAS10,35091,Adamantina
SP,353450,3533,RRAS10,35093,Marília
SP,355460,3533,RRAS10,35094,Ourinhos
SP,351330,3533,RRAS10,35092,Assis
SP,350335,3533,RRAS10,35095,Tupa
SP,351565,3533,RRAS10,35093,Marília
SP,350720,3533,RRAS10,35092,Assis
SP,354870,3534,RRAS1,35015,Grande Abc
SP,354780,3534,RRAS1,35015,Grande Abc
SP,352940,3534,RRAS1,35015,Grande Abc
SP,351380,3534,RRAS1,35015,Grande Abc
SP,354880,3534,RRAS1,35015,Grande Abc
SP,354330,3534,RRAS1,35015,Grande Abc
SP,354410,3534,RRAS1,35015,Grande Abc
SP,354890,3535,RRAS18,35032,Coração do DRS III
SP,350320,3535,RRAS18,35031,Central do DRS III
SP,352930,3535,RRAS18,35033,Noroeste do DRS III
SP,351960,3535,RRAS18,35033,Noroeste do DRS III
SP,354070,3535,RRAS18,35032,Coração do DRS III
SP,355370,3535,RRAS18,35033,Noroeste do DRS III
SP,352270,3535,RRAS18,35033,Noroeste do DRS III
SP,350170,3535,RRAS18,35031,Central do DRS III
SP,351930,3535,RRAS18,35032,Coração do DRS III
SP,351370,3535,RRAS18,35032,Coração do DRS III
SP,355270,3535,RRAS18,35033,Noroeste do DRS III
SP,350740,3535,RRAS18,35033,Noroeste do DRS III
SP,350670,3535,RRAS18,35031,Central do DRS III
SP,354290,3535,RRAS18,35032,Coração do DRS III
SP,353290,3535,RRAS18,35033,Noroeste do DRS III
SP,354370,3535,RRAS18,35031,Central do DRS III
SP,351400,3535,RRAS18,35033,Noroeste do DRS III
SP,351430,3535,RRAS18,35032,Coração do DRS III
SP,354690,3535,RRAS18,35031,Central do DRS III
SP,354650,3535,RRAS18,35033,Noroeste do DRS III
SP,351685,3535,RRAS18,35031,Central do DRS III
SP,353205,3535,RRAS18,35031,Central do DRS III
SP,351010,3535,RRAS18,35033,Noroeste do DRS III
SP,355475,3535,RRAS18,35031,Central do DRS III
SP,350280,3536,RRAS19,35021,Central do DRS II
SP,350650,3536,RRAS19,35023,Consórcios do DRS II
SP,353730,3536,RRAS19,35023,Consórcios do DRS II
SP,350210,3536,RRAS19,35022,Lagos do DRS II
SP,351820,3536,RRAS19,35021,Central do DRS II
SP,353010,3536,RRAS19,35022,Lagos do DRS II
SP,352044,3536,RRAS19,35022,Lagos do DRS II
SP,355630,3536,RRAS19,35021,Central do DRS II
SP,353740,3536,RRAS19,35022,Lagos do DRS II
SP,351100,3536,RRAS19,35022,Lagos do DRS II
SP,350810,3536,RRAS19,35023,Consórcios do DRS II
SP,350420,3536,RRAS19,35021,Central do DRS II
SP,350440,3536,RRAS19,35023,Consórcios do DRS II
SP,352650,3536,RRAS19,35022,Lagos do DRS II
SP,354805,3536,RRAS19,35021,Central do DRS II
SP,351780,3536,RRAS19,35022,Lagos do DRS II
SP,355230,3536,RRAS19,35022,Lagos do DRS II
SP,350640,3536,RRAS19,35021,Central do DRS II
SP,351190,3536,RRAS19,35023,Consórcios do DRS II
SP,350510,3536,RRAS19,35023,Consórcios do DRS II
SP,353770,3536,RRAS19,35023,Consórcios do DRS II
SP,351250,3536,RRAS19,35023,Consórcios do DRS II
SP,350770,3536,RRAS19,35023,Consórcios do DRS II
SP,352770,3536,RRAS19,35023,Consórcios do DRS II
SP,353320,3536,RRAS19,35022,Lagos do DRS II
SP,351890,3536,RRAS19,35021,Central do DRS II
SP,351710,3536,RRAS19,35023,Consórcios do DRS II
SP,352300,3536,RRAS19,35022,Lagos do DRS II
SP,354840,3536,RRAS19,35023,Consórcios do DRS II
SP,350110,3536,RRAS19,35023,Consórcios do DRS II
SP,353210,3536,RRAS19,35022,Lagos do DRS II
SP,355255,3536,RRAS19,35022,Lagos do DRS II
SP,353330,3536,RRAS19,35021,Central do DRS II
SP,351650,3536,RRAS19,35023,Consórcios do DRS II
SP,354440,3536,RRAS19,35021,Central do DRS II
SP,350620,3536,RRAS19,35021,Central do DRS II
SP,350775,3536,RRAS19,35023,Consórcios do DRS II
SP,352725,3536,RRAS19,35023,Consórcios do DRS II
SP,355520,3536,RRAS19,35023,Consórcios do DRS II
SP,353286,3536,RRAS19,35021,Central do DRS II
PR,411370,4105,Macrorregião Norte,41017,17ª RS Londrina
PR,410140,4105,Macrorregião Norte,41016,16ª RS Apucarana
PR,410150,4105,Macrorregião Norte,41016,16ª RS Apucarana
PR,410370,4105,Macrorregião Norte,41017,17ª RS Londrina
PR,412240,4105,Macrorregião Norte,41017,17ª RS Londrina
PR,410980,4105,Macrorregião Norte,41017,17ª RS Londrina
PR,410640,4105,Macrorregião Norte,41018,18ª RS Cornélio Procópio
PR,412410,4105,Macrorregião Norte,41019,19ª RS Jacarezinho
PR,411180,4105,Macrorregião Norte,41019,19ª RS Jacarezinho
PR,411150,4105,Macrorregião Norte,41022,22ª RS Ivaipora
PR,410240,4105,Macrorregião Norte,41018,18ª RS Cornélio Procópio
PR,410970,4105,Macrorregião Norte,41019,19ª RS Jacarezinho
PR,410360,4105,Macrorregião Norte,41019,19ª RS Jacarezinho
PR,412660,4105,Macrorregião Norte,41019,19ª RS Jacarezinho
PR,411210,4105,Macrorregião Norte,41016,16ª RS Apucarana
PR,410110,4105,Macrorregião Norte,41018,18ª RS Cornélio Procópio
PR,412850,4105,Macrorregião Norte,41019,19ª RS Jacarezinho
PR,410470,4105,Macrorregião Norte,41019,19ª RS Jacarezinho
PR,410760,4105,Macrorregião Norte,41016,16ª RS Apucarana
PR,412650,4105,Macrorregião Norte,41017,17ª RS Londrina
PR,410440,4105,Macrorregião Norte,41022,22ª RS Ivaipora
PR,411190,4105,Macrorregião Norte,41017,17ª RS Londrina
PR,410280,4105,Macrorregião Norte,41017,17ª RS Londrina
PR,411450,4105,Macrorregião Norte,41022,22ª RS Ivaipora
PR,410190,4105,Macrorregião Norte,41017,17ª RS Londrina
PR,412190,4105,Macrorregião Norte,41018,18ª RS Cornélio Procópio
PR,412180,4105,Macrorregião Norte,41019,19ª RS Jacarezinho
PR,411250,4105,Macrorregião Norte,41022,22ª RS Ivaipora
PR,411280,4105,Macrorregião Norte,41019,19ª RS Jacarezinho
PR,411270,4105,Macrorregião Norte,41017,17ª RS Londrina
PR,412000,4105,Macrorregião Norte,41017,17ª RS Londrina
PR,410800,4105,Macrorregião Norte,41017,17ª RS Londrina
PR,412390,4105,Macrorregião Norte,41018,18ª RS Cornélio Procópio
PR,410510,4105,Macrorregião Norte,41017,17ª RS Londrina
PR,412470,4105,Macrorregião Norte,41018,18ª RS Cornélio Procópio
PR,412667,4105,Macrorregião Norte,41017,17ª RS Londrina
PR,412500,4105,Macrorregião Norte,41022,22ª RS Ivaipora
PR,412840,4105,Macrorregião Norte,41018,18ª RS Cornélio Procópio
PR,410080,4105,Macrorregião Norte,41017,17ª RS Londrina
PR,412050,4105,Macrorregião Norte,41017,17ª RS Londrina
PR,412385,4105,Macrorregião Norte,41022,22ª RS Ivaipora
PR,410380,4105,Macrorregião Norte,41016,16ª RS Apucarana
PR,411575,4105,Macrorregião Norte,41016,16ª RS Apucarana
PR,412270,4105,Macrorregião Norte,41016,16ª RS Apucarana
PR,410350,4105,Macrorregião Norte,41016,16ª RS Apucarana
PR,412580,4105,Macrorregião Norte,41016,16ª RS Apucarana
PR,411490,4105,Macrorregião Norte,41016,16ª RS Apucarana
PR,412780,4105,Macrorregião Norte,41019,19ª RS Jacarezinho
PR,410600,4105,Macrorregião Norte,41018,18ª RS Cornélio Procópio
PR,412070,4105,Macrorregião Norte,41019,19ª RS Jacarezinho
PR,412600,4105,Macrorregião Norte,41018,18ª RS Cornélio Procópio
PR,410775,4105,Macrorregião Norte,41019,19ª RS Jacarezinho
PR,410330,4105,Macrorregião Norte,41016,16ª RS Apucarana
PR,410010,4105,Macrorregião Norte,41018,18ª RS Cornélio Procópio
PR,411700,4105,Macrorregião Norte,41018,18ª RS Cornélio Procópio
PR,411727,4105,Macrorregião Norte,41022,22ª RS Ivaipora
PR,412620,4105,Macrorregião Norte,41018,18ª RS Cornélio Procópio
PR,410320,4105,Macrorregião Norte,41016,16ª RS Apucarana
PR,411920,4105,Macrorregião Norte,41019,19ª RS Jacarezinho
PR,412540,4105,Macrorregião Norte,41019,19ª RS Jacarezinho
PR,411100,4105,Macrorregião Norte,41018,18ª RS Cornélio Procópio
PR,410870,4105,Macrorregião Norte,41016,16ª RS Apucarana
PR,412640,4105,Macrorregião Norte,41018,18ª RS Cornélio Procópio
PR,412400,4105,Macrorregião Norte,41019,19ª RS Jacarezinho
PR,412265,4105,Macrorregião Norte,41022,22ª RS Ivaipora
PR,411170,4105,Macrorregião Norte,41019,19ª RS Jacarezinho
PR,412290,4105,Macrorregião Norte,41019,19ª RS Jacarezinho
PR,411230,4105,Macrorregião Norte,41019,19ª RS Jacarezinho
PR,411375,4105,Macrorregião Norte,41022,22ª RS Ivaipora
PR,411380,4105,Macrorregião Norte,41017,17ª RS Londrina
PR,410920,4105,Macrorregião Norte,41017,17ª RS Londrina
PR,411550,4105,Macrorregião Norte,41016,16ª RS Apucarana
PR,410900,4105,Macrorregião Norte,41019,19ª RS Jacarezinho
PR,411310,4105,Macrorregião Norte,41016,16ª RS Apucarana
PR,411721,4105,Macrorregião Norte,41018,18ª RS Cornélio Procópio
PR,411342,4105,Macrorregião Norte,41022,22ª RS Ivaipora
PR,412217,4105,Macrorregião Norte,41022,22ª RS Ivaipora
PR,411340,4105,Macrorregião Norte,41018,18ª RS Cornélio Procópio
PR,412033,4105,Macrorregião Norte,41017,17ª RS Londrina
PR,410165,4105,Macrorregião Norte,41022,22ª RS Ivaipora
PR,412130,4105,Macrorregião Norte,41018,18ª RS Cornélio Procópio
PR,410610,4105,Macrorregião Norte,41019,19ª RS Jacarezinho
PR,412310,4105,Macrorregião Norte,41018,18ª RS Cornélio Procópio
PR,412320,4105,Macrorregião Norte,41018,18ª RS Cornélio Procópio
PR,411290,4105,Macrorregião Norte,41019,19ª RS Jacarezinho
PR,411660,4105,Macrorregião Norte,41018,18ª RS Cornélio Procópio
PR,411573,4105,Macrorregião Norte,41022,22ª RS Ivaipora
PR,412210,4105,Macrorregião Norte,41016,16ª RS Apucarana
PR,411729,4105,Macrorregião Norte,41016,16ª RS Apucarana
PR,411965,4105,Macrorregião Norte,41017,17ª RS Londrina
PR,410855,4105,Macrorregião Norte,41022,22ª RS Ivaipora
PR,410685,4105,Macrorregião Norte,41022,22ª RS Ivaipora
PR,410270,4105,Macrorregião Norte,41019,19ª RS Jacarezinho
PR,410340,4105,Macrorregião Norte,41017,17ª RS Londrina
PR,410185,4105,Macrorregião Norte,41022,22ª RS Ivaipora
PR,412430,4105,Macrorregião Norte,41018,18ª RS Cornélio Procópio
PR,411600,4105,Macrorregião Norte,41017,17ª RS Londrina
PR,411520,4106,Macrorregião Noroeste,41015,15ª RS Maringá
PR,412625,4106,Macrorregião Noroeste,41015,15ª RS Maringá
PR,412810,4106,Macrorregião Noroeste,41012,12ª RS Umuarama
PR,410430,4106,Macrorregião Noroeste,41011,11ª RS Campo Mourão
PR,411840,4106,Macrorregião Noroeste,41014,14ª RS Paranavai
PR,410550,4106,Macrorregião Noroeste,41013,13ª RS Cianorte
PR,411750,4106,Macrorregião Noroeste,41015,15ª RS Maringá
PR,411480,4106,Macrorregião Noroeste,41015,15ª RS Maringá
PR,411420,4106,Macrorregião Noroeste,41015,15ª RS Maringá
PR,411410,4106,Macrorregião Noroeste,41015,15ª RS Maringá
PR,410860,4106,Macrorregião Noroeste,41011,11ª RS Campo Mourão
PR,411690,4106,Macrorregião Noroeste,41015,15ª RS Maringá
PR,410210,4106,Macrorregião Noroeste,41015,15ª RS Maringá
PR,412800,4106,Macrorregião Noroeste,41011,11ª RS Campo Mourão
PR,410660,4106,Macrorregião Noroeste,41012,12ª RS Umuarama
PR,411350,4106,Macrorregião Noroeste,41014,14ª RS Paranavai
PR,410590,4106,Macrorregião Noroeste,41015,15ª RS Maringá
PR,410050,4106,Macrorregião Noroeste,41012,12ª RS Umuarama
PR,412720,4106,Macrorregião Noroeste,41011,11ª RS Campo Mourão
PR,412680,4106,Macrorregião Noroeste,41013,13ª RS Cianorte
PR,411060,4106,Macrorregião Noroeste,41012,12ª RS Umuarama
PR,410390,4106,Macrorregião Noroeste,41011,11ª RS Campo Mourão
PR,412730,4106,Macrorregião Noroeste,41014,14ª RS Paranavai
PR,410170,4106,Macrorregião Noroeste,41011,11ª RS Campo Mourão
PR,410060,4106,Macrorregião Noroeste,41014,14ª RS Paranavai
PR,411400,4106,Macrorregião Noroeste,41011,11ª RS Campo Mourão
PR,411880,4106,Macrorregião Noroeste,41011,11ª RS Campo Mourão
PR,411800,4106,Macrorregião Noroeste,41014,14ª RS Paranavai
PR,411710,4106,Macrorregião Noroeste,41014,14ª RS Paranavai
PR,410750,4106,Macrorregião Noroeste,41011,11ª RS Campo Mourão
PR,411890,4106,Macrorregião Noroeste,41012,12ª RS Umuarama
PR,410560,4106,Macrorregião Noroeste,41013,13ª RS Cianorte
PR,412340,4106,Macrorregião Noroeste,41015,15ª RS Maringá
PR,412250,4106,Macrorregião Noroeste,41011,11ª RS Campo Mourão
PR,411610,4106,Macrorregião Noroeste,41011,11ª RS Campo Mourão
PR,410250,4106,Macrorregião Noroeste,41011,11ª RS Campo Mourão
PR,412100,4106,Macrorregião Noroeste,41014,14ª RS Paranavai
PR,411080,4106,Macrorregião Noroeste,41011,11ª RS Campo Mourão
PR,410790,4106,Macrorregião Noroeste,41015,15ª RS Maringá
PR,411510,4106,Macrorregião Noroeste,41012,12ª RS Umuarama
PR,410070,4106,Macrorregião Noroeste,41012,12ª RS Umuarama
PR,411810,4106,Macrorregião Noroeste,41015,15ª RS Maringá
PR,410725,4106,Macrorregião Noroeste,41012,12ª RS Umuarama
PR,411240,4106,Macrorregião Noroeste,41013,13ª RS Cianorte
PR,412260,4106,Macrorregião Noroeste,41013,13ª RS Cianorte
PR,410990,4106,Macrorregião Noroeste,41012,12ª RS Umuarama
PR,412370,4106,Macrorregião Noroeste,41014,14ª RS Paranavai
PR,412330,4106,Macrorregião Noroeste,41014,14ª RS Paranavai
PR,410832,4106,Macrorregião Noroeste,41012,12ª RS Umuarama
PR,412790,4106,Macrorregião Noroeste,41013,13ª RS Cianorte
PR,411295,4106,Macrorregião Noroeste,41011,11ª RS Campo Mourão
PR,411500,4106,Macrorregião Noroeste,41014,14ª RS Paranavai
PR,411885,4106,Macrorregião Noroeste,41012,12ª RS Umuarama
PR,411155,4106,Macrorregião Noroeste,41012,12ª RS Umuarama
PR,411680,4106,Macrorregião Noroeste,41011,11ª RS Campo Mourão
PR,411373,4106,Macrorregião Noroeste,41011,11ª RS Campo Mourão
PR,411300,4106,Macrorregião Noroeste,41013,13ª RS Cianorte
PR,410890,4106,Macrorregião Noroeste,41014,14ª RS Paranavai
PR,412460,4106,Macrorregião Noroeste,41014,14ª RS Paranavai
PR,412535,4106,Macrorregião Noroeste,41012,12ª RS Umuarama
PR,410730,4106,Macrorregião Noroeste,41015,15ª RS Maringá
PR,412450,4106,Macrorregião Noroeste,41015,15ª RS Maringá
PR,411110,4106,Macrorregião Noroeste,41015,15ª RS Maringá
PR,411220,4106,Macrorregião Noroeste,41011,11ª RS Campo Mourão
PR,411470,4106,Macrorregião Noroeste,41012,12ª RS Umuarama
PR,411720,4106,Macrorregião Noroeste,41012,12ª RS Umuarama
PR,412880,4106,Macrorregião Noroeste,41012,12ª RS Umuarama
PR,412690,4106,Macrorregião Noroeste,41012,12ª RS Umuarama
PR,412490,4106,Macrorregião Noroeste,41014,14ª RS Paranavai
PR,411000,4106,Macrorregião Noroeste,41015,15ª RS Maringá
PR,412610,4106,Macrorregião Noroeste,41013,13ª RS Cianorte
PR,412530,4106,Macrorregião Noroeste,41015,15ª RS Maringá
PR,410710,4106,Macrorregião Noroeste,41014,14ª RS Paranavai
PR,412110,4106,Macrorregião Noroeste,41011,11ª RS Campo Mourão
PR,412670,4106,Macrorregião Noroeste,41014,14ª RS Paranavai
PR,410780,4106,Macrorregião Noroeste,41015,15ª RS Maringá
PR,410090,4106,Macrorregião Noroeste,41014,14ª RS Paranavai
PR,411360,4106,Macrorregião Noroeste,41015,15ª RS Maringá
PR,410300,4106,Macrorregião Noroeste,41011,11ª RS Campo Mourão
PR,410670,4106,Macrorregião Noroeste,41014,14ª RS Paranavai
PR,410770,4106,Macrorregião Noroeste,41011,11ª RS Campo Mourão
PR,411090,4106,Macrorregião Noroeste,41015,15ª RS Maringá
PR,410347,4106,Macrorregião Noroeste,41012,12ª RS Umuarama
PR,411040,4106,Macrorregião Noroeste,41013,13ª RS Cianorte
PR,412040,4106,Macrorregião Noroeste,41015,15ª RS Maringá
PR,412065,4106,Macrorregião Noroeste,41011,11ª RS Campo Mourão
PR,411970,4106,Macrorregião Noroeste,41014,14ª RS Paranavai
PR,410220,4106,Macrorregião Noroeste,41015,15ª RS Maringá
PR,411630,4106,Macrorregião Noroeste,41015,15ª RS Maringá
PR,410655,4106,Macrorregião Noroeste,41011,11ª RS Campo Mourão
PR,410337,4106,Macrorregião Noroeste,41012,12ª RS Umuarama
PR,411640,4106,Macrorregião Noroeste,41015,15ª RS Maringá
PR,410045,4106,Macrorregião Noroeste,41011,11ª RS Campo Mourão
PR,411130,4106,Macrorregião Noroeste,41014,14ª RS Paranavai
PR,412395,4106,Macrorregião Noroeste,41014,14ª RS Paranavai
PR,410115,4106,Macrorregião Noroeste,41015,15ª RS Maringá
PR,411740,4106,Macrorregião Noroeste,41015,15ª RS Maringá
PR,412020,4106,Macrorregião Noroeste,41014,14ª RS Paranavai
PR,412862,4106,Macrorregião Noroeste,41012,12ª RS Umuarama
PR,410755,4106,Macrorregião Noroeste,41011,11ª RS Campo Mourão
PR,411160,4106,Macrorregião Noroeste,41015,15ª RS Maringá
PR,412590,4106,Macrorregião Noroeste,41014,14ª RS Paranavai
PR,410810,4106,Macrorregião Noroeste,41015,15ª RS Maringá
PR,412135,4106,Macrorregião Noroeste,41011,11ª RS Campo Mourão
PR,411030,4106,Macrorregião Noroeste,41014,14ª RS Paranavai
PR,412420,4106,Macrorregião Noroeste,41014,14ª RS Paranavai
PR,411830,4106,Macrorregião Noroeste,41014,14ª RS Paranavai
PR,411590,4106,Macrorregião Noroeste,41014,14ª RS Paranavai
PR,410910,4106,Macrorregião Noroeste,41013,13ª RS Cianorte
PR,412555,4106,Macrorregião Noroeste,41013,13ª RS Cianorte
PR,412830,4106,Macrorregião Noroeste,41015,15ª RS Maringá
PR,410752,4106,Macrorregião Noroeste,41012,12ª RS Umuarama
PR,412360,4106,Macrorregião Noroeste,41015,15ª RS Maringá
PR,411260,4106,Macrorregião Noroeste,41014,14ª RS Paranavai
PR,411650,4106,Macrorregião Noroeste,41014,14ª RS Paranavai
PR,410690,4107,Macrorregião Leste,41002,2ª RS Metropolitana
PR,411990,4107,Macrorregião Leste,41003,3ª RS Ponta Grossa
PR,412550,4107,Macrorregião Leste,41002,2ª RS Metropolitana
PR,410580,4107,Macrorregião Leste,41002,2ª RS Metropolitana
PR,410940,4107,Macrorregião Leste,41005,5ª RS Guarapuava
PR,410180,4107,Macrorregião Leste,41002,2ª RS Metropolitana
PR,410765,4107,Macrorregião Leste,41002,2ª RS Metropolitana
PR,411820,4107,Macrorregião Leste,41001,1ª RS Paranagua
PR,410420,4107,Macrorregião Leste,41002,2ª RS Metropolitana
PR,411915,4107,Macrorregião Leste,41002,2ª RS Metropolitana
PR,410040,4107,Macrorregião Leste,41002,2ª RS Metropolitana
PR,411950,4107,Macrorregião Leste,41002,2ª RS Metropolitana
PR,412710,4107,Macrorregião Leste,41021,21ª RS Telemaco Borba
PR,410490,4107,Macrorregião Leste,41003,3ª RS Ponta Grossa
PR,411070,4107,Macrorregião Leste,41004,4ª RS Irati
PR,412820,4107,Macrorregião Leste,41006,6ª RS União da Vitória
PR,412060,4107,Macrorregião Leste,41005,5ª RS Guarapuava
PR,410400,4107,Macrorregião Leste,41002,2ª RS Metropolitana
PR,411320,4107,Macrorregião Leste,41002,2ª RS Metropolitana
PR,412560,4107,Macrorregião Leste,41006,6ª RS União da Vitória
PR,410960,4107,Macrorregião Leste,41001,1ª RS Paranagua
PR,411570,4107,Macrorregião Leste,41001,1ª RS Paranagua
PR,412220,4107,Macrorregião Leste,41002,2ª RS Metropolitana
PR,411200,4107,Macrorregião Leste,41003,3ª RS Ponta Grossa
PR,411770,4107,Macrorregião Leste,41003,3ª RS Ponta Grossa
PR,411960,4107,Macrorregião Leste,41005,5ª RS Guarapuava
PR,411330,4107,Macrorregião Leste,41005,5ª RS Guarapuava
PR,412230,4107,Macrorregião Leste,41002,2ª RS Metropolitana
PR,411125,4107,Macrorregião Leste,41002,2ª RS Metropolitana
PR,411995,4107,Macrorregião Leste,41001,1ª RS Paranagua
PR,410425,4107,Macrorregião Leste,41002,2ª RS Metropolitana
PR,411010,4107,Macrorregião Leste,41004,4ª RS Irati
PR,411930,4107,Macrorregião Leste,41005,5ª RS Guarapuava
PR,411430,4107,Macrorregião Leste,41002,2ª RS Metropolitana
PR,410160,4107,Macrorregião Leste,41003,3ª RS Ponta Grossa
PR,412170,4107,Macrorregião Leste,41021,21ª RS Telemaco Borba
PR,411730,4107,Macrorregião Leste,41021,21ª RS Telemaco Borba
PR,412080,4107,Macrorregião Leste,41002,2ª RS Metropolitana
PR,411940,4107,Macrorregião Leste,41003,3ª RS Ponta Grossa
PR,410465,4107,Macrorregião Leste,41003,3ª RS Ponta Grossa
PR,412750,4107,Macrorregião Leste,41021,21ª RS Telemaco Borba
PR,410620,4107,Macrorregião Leste,41002,2ª RS Metropolitana
PR,412120,4107,Macrorregião Leste,41002,2ª RS Metropolitana
PR,411620,4107,Macrorregião Leste,41001,1ª RS Paranagua
PR,410120,4107,Macrorregião Leste,41001,1ª RS Paranagua
PR,412760,4107,Macrorregião Leste,41002,2ª RS Metropolitana
PR,412630,4107,Macrorregião Leste,41003,3ª RS Ponta Grossa
PR,410520,4107,Macrorregião Leste,41002,2ª RS Metropolitana
PR,410680,4107,Macrorregião Leste,41006,6ª RS União da Vitória
PR,410290,4107,Macrorregião Leste,41006,6ª RS União da Vitória
PR,410442,4107,Macrorregião Leste,41005,5ª RS Guarapuava
PR,412150,4107,Macrorregião Leste,41004,4ª RS Irati
PR,411007,4107,Macrorregião Leste,41021,21ª RS Telemaco Borba
PR,412796,4107,Macrorregião Leste,41005,5ª RS Guarapuava
PR,411050,4107,Macrorregião Leste,41003,3ª RS Ponta Grossa
PR,412200,4107,Macrorregião Leste,41004,4ª RS Irati
PR,412215,4107,Macrorregião Leste,41005,5ª RS Guarapuava
PR,412510,4107,Macrorregião Leste,41003,3ª RS Ponta Grossa
PR,411910,4107,Macrorregião Leste,41002,2ª RS Metropolitana
PR,410700,4107,Macrorregião Leste,41021,21ª RS Telemaco Borba
PR,411390,4107,Macrorregião Leste,41004,4ª RS Irati
PR,410230,4107,Macrorregião Leste,41002,2ª RS Metropolitana
PR,410310,4107,Macrorregião Leste,41002,2ª RS Metropolitana
PR,411140,4107,Macrorregião Leste,41003,3ª RS Ponta Grossa
PR,411780,4107,Macrorregião Leste,41005,5ª RS Guarapuava
PR,411705,4107,Macrorregião Leste,41005,5ª RS Guarapuava
PR,410850,4107,Macrorregião Leste,41006,6ª RS União da Vitória
PR,410445,4107,Macrorregião Leste,41005,5ª RS Guarapuava
PR,410030,4107,Macrorregião Leste,41002,2ª RS Metropolitana
PR,412853,4107,Macrorregião Leste,41021,21ª RS Telemaco Borba
PR,411020,4107,Macrorregião Leste,41004,4ª RS Irati
PR,412700,4107,Macrorregião Leste,41004,4ª RS Irati
PR,410895,4107,Macrorregião Leste,41004,4ª RS Irati
PR,410410,4107,Macrorregião Leste,41002,2ª RS Metropolitana
PR,410950,4107,Macrorregião Leste,41001,1ª RS Paranagua
PR,410130,4107,Macrorregião Leste,41006,6ª RS União da Vitória
PR,410865,4107,Macrorregião Leste,41005,5ª RS Guarapuava
PR,412175,4107,Macrorregião Leste,41005,5ª RS Guarapuava
PR,411870,4107,Macrorregião Leste,41006,6ª RS União da Vitória
PR,410020,4107,Macrorregião Leste,41002,2ª RS Metropolitana
PR,410773,4107,Macrorregião Leste,41004,4ª RS Irati
PR,412788,4107,Macrorregião Leste,41002,2ª RS Metropolitana
PR,410304,4107,Macrorregião Leste,41005,5ª RS Guarapuava
PR,412863,4107,Macrorregião Leste,41002,2ª RS Metropolitana
PR,411860,4107,Macrorregião Leste,41006,6ª RS União da Vitória
PR,411325,4107,Macrorregião Leste,41005,5ª RS Guarapuava
PR,410845,4107,Macrorregião Leste,41005,5ª RS Guarapuava
PR,411545,4107,Macrorregião Leste,41005,5ª RS Guarapuava
PR,412010,4107,Macrorregião Leste,41003,3ª RS Ponta Grossa
PR,410395,4107,Macrorregião Leste,41005,5ª RS Guarapuava
PR,412865,4107,Macrorregião Leste,41005,5ª RS Guarapuava
PR,412030,4107,Macrorregião Leste,41006,6ª RS União da Vitória
PR,412015,4107,Macrorregião Leste,41005,5ª RS Guarapuava
PR,410480,4108,Macrorregião Oeste,41010,10ª RS Cascavél
PR,410830,4108,Macrorregião Oeste,41009,9ª RS Foz do Iguaçu
PR,412770,4108,Macrorregião Oeste,41020,20ª RS Toledo
PR,410840,4108,Macrorregião Oeste,41008,8ª RS Francisco Beltrão
PR,411850,4108,Macrorregião Oeste,41007,7ª RS Pato Branco
PR,411460,4108,Macrorregião Oeste,41020,20ª RS Toledo
PR,411580,4108,Macrorregião Oeste,41009,9ª RS Foz do Iguaçu
PR,411760,4108,Macrorregião Oeste,41007,7ª RS Pato Branco
PR,410720,4108,Macrorregião Oeste,41008,8ª RS Francisco Beltrão
PR,410200,4108,Macrorregião Oeste,41020,20ª RS Toledo
PR,411790,4108,Macrorregião Oeste,41020,20ª RS Toledo
PR,410880,4108,Macrorregião Oeste,41020,20ª RS Toledo
PR,412090,4108,Macrorregião Oeste,41010,10ª RS Cascavél
PR,412570,4108,Macrorregião Oeste,41009,9ª RS Foz do Iguaçu
PR,412350,4108,Macrorregião Oeste,41020,20ª RS Toledo
PR,412405,4108,Macrorregião Oeste,41009,9ª RS Foz do Iguaçu
PR,412440,4108,Macrorregião Oeste,41008,8ª RS Francisco Beltrão
PR,410650,4108,Macrorregião Oeste,41007,7ª RS Pato Branco
PR,410540,4108,Macrorregião Oeste,41007,7ª RS Pato Branco
PR,410450,4108,Macrorregião Oeste,41008,8ª RS Francisco Beltrão
PR,410100,4108,Macrorregião Oeste,41008,8ª RS Francisco Beltrão
PR,412140,4108,Macrorregião Oeste,41008,8ª RS Francisco Beltrão
PR,410345,4108,Macrorregião Oeste,41010,10ª RS Cascavél
PR,411560,4108,Macrorregião Oeste,41009,9ª RS Foz do Iguaçu
PR,412740,4108,Macrorregião Oeste,41020,20ª RS Toledo
PR,410630,4108,Macrorregião Oeste,41010,10ª RS Cascavél
PR,411440,4108,Macrorregião Oeste,41007,7ª RS Pato Branco
PR,411540,4108,Macrorregião Oeste,41008,8ª RS Francisco Beltrão
PR,412300,4108,Macrorregião Oeste,41008,8ª RS Francisco Beltrão
PR,410570,4108,Macrorregião Oeste,41007,7ª RS Pato Branco
PR,410460,4108,Macrorregião Oeste,41010,10ª RS Cascavél
PR,411980,4108,Macrorregião Oeste,41008,8ª RS Francisco Beltrão
PR,412380,4108,Macrorregião Oeste,41008,8ª RS Francisco Beltrão
PR,411670,4108,Macrorregião Oeste,41010,10ª RS Cascavél
PR,410930,4108,Macrorregião Oeste,41010,10ª RS Cascavél
PR,412402,4108,Macrorregião Oeste,41010,10ª RS Cascavél
PR,411725,4108,Macrorregião Oeste,41008,8ª RS Francisco Beltrão
PR,411120,4108,Macrorregião Oeste,41007,7ª RS Pato Branco
PR,412480,4108,Macrorregião Oeste,41007,7ª RS Pato Branco
PR,411095,4108,Macrorregião Oeste,41009,9ª RS Foz do Iguaçu
PR,412785,4108,Macrorregião Oeste,41010,10ª RS Cascavél
PR,410530,4108,Macrorregião Oeste,41010,10ª RS Cascavél
PR,411605,4108,Macrorregião Oeste,41009,9ª RS Foz do Iguaçu
PR,411275,4108,Macrorregião Oeste,41010,10ª RS Cascavél
PR,410500,4108,Macrorregião Oeste,41010,10ª RS Cascavél
PR,410260,4108,Macrorregião Oeste,41008,8ª RS Francisco Beltrão
PR,412870,4108,Macrorregião Oeste,41007,7ª RS Pato Branco
PR,412520,4108,Macrorregião Oeste,41008,8ª RS Francisco Beltrão
PR,411722,4108,Macrorregião Oeste,41020,20ª RS Toledo
PR,412855,4108,Macrorregião Oeste,41010,10ª RS Cascavél
PR,412795,4108,Macrorregião Oeste,41020,20ª RS Toledo
PR,412860,4108,Macrorregião Oeste,41008,8ª RS Francisco Beltrão
PR,410305,4108,Macrorregião Oeste,41010,10ª RS Cascavél
PR,410820,4108,Macrorregião Oeste,41010,10ª RS Cascavél
PR,412160,4108,Macrorregião Oeste,41008,8ª RS Francisco Beltrão
PR,411745,4108,Macrorregião Oeste,41020,20ª RS Toledo
PR,411535,4108,Macrorregião Oeste,41020,20ª RS Toledo
PR,411530,4108,Macrorregião Oeste,41007,7ª RS Pato Branco
PR,411900,4108,Macrorregião Oeste,41008,8ª RS Francisco Beltrão
PR,410975,4108,Macrorregião Oeste,41010,10ª RS Cascavél
PR,412627,4108,Macrorregião Oeste,41007,7ª RS Pato Branco
PR,410740,4108,Macrorregião Oeste,41008,8ª RS Francisco Beltrão
PR,411585,4108,Macrorregião Oeste,41020,20ª RS Toledo
PR,412575,4108,Macrorregião Oeste,41020,20ª RS Toledo
PR,412035,4108,Macrorregião Oeste,41008,8ª RS Francisco Beltrão
PR,411845,4108,Macrorregião Oeste,41020,20ª RS Toledo
PR,410645,4108,Macrorregião Oeste,41007,7ª RS Pato Branco
PR,411695,4108,Macrorregião Oeste,41008,8ª RS Francisco Beltrão
PR,411345,4108,Macrorregião Oeste,41010,10ª RS Cascavél
PR,412635,4108,Macrorregião Oeste,41009,9ª RS Foz do Iguaçu
PR,410965,4108,Macrorregião Oeste,41007,7ª RS Pato Branco
PR,410335,4108,Macrorregião Oeste,41010,10ª RS Cascavél
PR,410754,4108,Macrorregião Oeste,41010,10ª RS Cascavél
PR,410753,4108,Macrorregião Oeste,41020,20ª RS Toledo
PR,410715,4108,Macrorregião Oeste,41020,20ª RS Toledo
PR,412085,4108,Macrorregião Oeste,41020,20ª RS Toledo
PR,410785,4108,Macrorregião Oeste,41008,8ª RS Francisco Beltrão
PR,412125,4108,Macrorregião Oeste,41009,9ª RS Foz do Iguaçu
PR,410657,4108,Macrorregião Oeste,41008,8ª RS Francisco Beltrão
PR,412280,4108,Macrorregião Oeste,41008,8ª RS Francisco Beltrão
PR,410275,4108,Macrorregião Oeste,41008,8ª RS Francisco Beltrão
PR,410405,4108,Macrorregião Oeste,41010,10ª RS Cascavél
PR,410315,4108,Macrorregião Oeste,41008,8ª RS Francisco Beltrão
PR,412545,4108,Macrorregião Oeste,41020,20ª RS Toledo
PR,412382,4108,Macrorregião Oeste,41010,10ª RS Cascavél
PR,412665,4108,Macrorregião Oeste,41007,7ª RS Pato Branco
PR,410322,4108,Macrorregião Oeste,41007,7ª RS Pato Branco
PR,410712,4108,Macrorregião Oeste,41010,10ª RS Cascavél
PR,410105,4108,Macrorregião Oeste,41010,10ª RS Cascavél
PR,411435,4108,Macrorregião Oeste,41008,8ª RS Francisco Beltrão
PR,411925,4108,Macrorregião Oeste,41008,8ª RS Francisco Beltrão
PR,410302,4108,Macrorregião Oeste,41008,8ª RS Francisco Beltrão
PR,411065,4108,Macrorregião Oeste,41010,10ª RS Cascavél
PR,411005,4108,Macrorregião Oeste,41010,10ª RS Cascavél
SC,420460,4210,Sul,42015,Carbonífera
SC,421870,4210,Sul,42016,Laguna
SC,420140,4210,Sul,42014,Extremo Sul Catarinense
SC,420700,4210,Sul,42015,Carbonífera
SC,420730,4210,Sul,42016,Laguna
SC,420940,4210,Sul,42016,Laguna
SC,420280,4210,Sul,42016,Laguna
SC,420545,4210,Sul,42015,Carbonífera
SC,421770,4210,Sul,42014,Extremo Sul Catarinense
SC,420395,4210,Sul,42016,Laguna
SC,421170,4210,Sul,42015,Carbonífera
SC,421900,4210,Sul,42015,Carbonífera
SC,420880,4210,Sul,42016,Laguna
SC,421120,4210,Sul,42015,Carbonífera
SC,420425,4210,Sul,42015,Carbonífera
SC,422000,4210,Sul,42015,Carbonífera
SC,420195,4210,Sul,42014,Extremo Sul Catarinense
SC,420207,4210,Sul,42014,Extremo Sul Catarinense
SC,420960,4210,Sul,42015,Carbonífera
SC,421760,4210,Sul,42015,Carbonífera
SC,421160,4210,Sul,42015,Carbonífera
SC,421700,4210,Sul,42016,Laguna
SC,421880,4210,Sul,42014,Extremo Sul Catarinense
SC,421225,4210,Sul,42014,Extremo Sul Catarinense
SC,421545,4210,Sul,42016,Laguna
SC,420620,4210,Sul,42016,Laguna
SC,420720,4210,Sul,42016,Laguna
SC,420870,4210,Sul,42014,Extremo Sul Catarinense
SC,421265,4210,Sul,42016,Laguna
SC,421565,4210,Sul,42014,Extremo Sul Catarinense
SC,420150,4210,Sul,42016,Laguna
SC,421640,4210,Sul,42014,Extremo Sul Catarinense
SC,421380,4210,Sul,42014,Extremo Sul Catarinense
SC,421040,4210,Sul,42014,Extremo Sul Catarinense
SC,421840,4210,Sul,42016,Laguna
SC,421080,4210,Sul,42014,Extremo Sul Catarinense
SC,420610,4210,Sul,42016,Laguna
SC,421810,4210,Sul,42014,Extremo Sul Catarinense
SC,421490,4210,Sul,42016,Laguna
SC,421240,4210,Sul,42016,Laguna
SC,421835,4210,Sul,42015,Carbonífera
SC,421710,4210,Sul,42016,Laguna
SC,421125,4210,Sul,42014,Extremo Sul Catarinense
SC,420519,4210,Sul,42014,Extremo Sul Catarinense
SC,421560,4210,Sul,42016,Laguna
SC,420910,4211,Planalto Norte e Nordeste,42011,Nordeste
SC,420890,4211,Planalto Norte e Nordeste,42017,Vale do Itapocu
SC,421580,4211,Planalto Norte e Nordeste,42012,Planalto Norte
SC,421010,4211,Planalto Norte e Nordeste,42012,Planalto Norte
SC,420380,4211,Planalto Norte e Nordeste,42012,Planalto Norte
SC,421620,4211,Planalto Norte e Nordeste,42011,Nordeste
SC,420650,4211,Planalto Norte e Nordeste,42017,Vale do Itapocu
SC,420210,4211,Planalto Norte e Nordeste,42017,Vale do Itapocu
SC,420130,4211,Planalto Norte e Nordeste,42011,Nordeste
SC,421500,4211,Planalto Norte e Nordeste,42012,Planalto Norte
SC,421360,4211,Planalto Norte e Nordeste,42012,Planalto Norte
SC,420845,4211,Planalto Norte e Nordeste,42011,Nordeste
SC,420810,4211,Planalto Norte e Nordeste,42012,Planalto Norte
SC,421740,4211,Planalto Norte e Nordeste,42017,Vale do Itapocu
SC,421830,4211,Planalto Norte e Nordeste,42012,Planalto Norte
SC,421220,4211,Planalto Norte e Nordeste,42012,Planalto Norte
SC,420580,4211,Planalto Norte e Nordeste,42011,Nordeste
SC,421060,4211,Planalto Norte e Nordeste,42017,Vale do Itapocu
SC,420450,4211,Planalto Norte e Nordeste,42017,Vale do Itapocu
SC,420205,4211,Planalto Norte e Nordeste,42011,Nordeste
SC,420330,4211,Planalto Norte e Nordeste,42012,Planalto Norte
SC,420790,4211,Planalto Norte e Nordeste,42012,Planalto Norte
SC,421110,4211,Planalto Norte e Nordeste,42012,Planalto Norte
SC,421030,4211,Planalto Norte e Nordeste,42012,Planalto Norte
SC,420213,4211,Planalto Norte e Nordeste,42012,Planalto Norte
SC,421635,4211,Planalto Norte e Nordeste,42017,Vale do Itapocu
SC,420420,4213,Grande Oeste,42002,Oeste
SC,421950,4213,Grande Oeste,42003,Xanxere
SC,421720,4213,Grande Oeste,42001,Extremo Oeste
SC,421970,4213,Grande Oeste,42003,Xanxere
SC,421050,4213,Grande Oeste,42001,Extremo Oeste
SC,421690,4213,Grande Oeste,42003,Xanxere
SC,421290,4213,Grande Oeste,42002,Oeste
SC,420010,4213,Grande Oeste,42003,Xanxere
SC,420840,4213,Grande Oeste,42001,Extremo Oeste
SC,421210,4213,Grande Oeste,42002,Oeste
SC,420500,4213,Grande Oeste,42001,Extremo Oeste
SC,421670,4213,Grande Oeste,42001,Extremo Oeste
SC,420530,4213,Grande Oeste,42003,Xanxere
SC,421420,4213,Grande Oeste,42002,Oeste
SC,420470,4213,Grande Oeste,42002,Oeste
SC,420640,4213,Grande Oeste,42001,Extremo Oeste
SC,421340,4213,Grande Oeste,42003,Xanxere
SC,420440,4213,Grande Oeste,42002,Oeste
SC,421600,4213,Grande Oeste,42002,Oeste
SC,421730,4213,Grande Oeste,42001,Extremo Oeste
SC,421100,4213,Grande Oeste,42001,Extremo Oeste
SC,420350,4213,Grande Oeste,42003,Xanxere
SC,420765,4213,Grande Oeste,42001,Extremo Oeste
SC,421610,4213,Grande Oeste,42003,Xanxere
SC,420490,4213,Grande Oeste,42001,Extremo Oeste
SC,420665,4213,Grande Oeste,42002,Oeste
SC,420768,4213,Grande Oeste,42003,Xanxere
SC,421200,4213,Grande Oeste,42001,Extremo Oeste
SC,420310,4213,Grande Oeste,42002,Oeste
SC,421625,4213,Grande Oeste,42001,Extremo Oeste
SC,420050,4213,Grande Oeste,42002,Oeste
SC,420080,4213,Grande Oeste,42001,Extremo Oeste
SC,421140,4213,Grande Oeste,42002,Oeste
SC,421875,4213,Grande Oeste,42001,Extremo Oeste
SC,420660,4213,Grande Oeste,42001,Extremo Oeste
SC,421520,4213,Grande Oeste,42001,Extremo Oeste
SC,420435,4213,Grande Oeste,42002,Oeste
SC,421507,4213,Grande Oeste,42002,Oeste
SC,420410,4213,Grande Oeste,42002,Oeste
SC,421145,4213,Grande Oeste,42002,Oeste
SC,421223,4213,Grande Oeste,42001,Extremo Oeste
SC,421090,4213,Grande Oeste,42001,Extremo Oeste
SC,421227,4213,Grande Oeste,42003,Xanxere
SC,420775,4213,Grande Oeste,42001,Extremo Oeste
SC,421910,4213,Grande Oeste,42003,Xanxere
SC,421535,4213,Grande Oeste,42001,Extremo Oeste
SC,420517,4213,Grande Oeste,42003,Xanxere
SC,421755,4213,Grande Oeste,42002,Oeste
SC,420560,4213,Grande Oeste,42003,Xanxere
SC,420208,4213,Grande Oeste,42001,Extremo Oeste
SC,421415,4213,Grande Oeste,42001,Extremo Oeste
SC,421315,4213,Grande Oeste,42002,Oeste
SC,420055,4213,Grande Oeste,42002,Oeste
SC,421775,4213,Grande Oeste,42002,Oeste
SC,420253,4213,Grande Oeste,42003,Xanxere
SC,421885,4213,Grande Oeste,42002,Oeste
SC,421575,4213,Grande Oeste,42003,Xanxere
SC,420543,4213,Grande Oeste,42002,Oeste
SC,420215,4213,Grande Oeste,42001,Extremo Oeste
SC,421165,4213,Grande Oeste,42003,Xanxere
SC,421568,4213,Grande Oeste,42001,Extremo Oeste
SC,420917,4213,Grande Oeste,42003,Xanxere
SC,420165,4213,Grande Oeste,42002,Oeste
SC,421555,4213,Grande Oeste,42001,Extremo Oeste
SC,421795,4213,Grande Oeste,42001,Extremo Oeste
SC,420257,4213,Grande Oeste,42001,Extremo Oeste
SC,421055,4213,Grande Oeste,42003,Xanxere
SC,421185,4213,Grande Oeste,42003,Xanxere
SC,420785,4213,Grande Oeste,42002,Oeste
SC,420445,4213,Grande Oeste,42003,Xanxere
SC,420475,4213,Grande Oeste,42002,Oeste
SC,421187,4213,Grande Oeste,42002,Oeste
SC,420535,4213,Grande Oeste,42001,Extremo Oeste
SC,421715,4213,Grande Oeste,42001,Extremo Oeste
SC,420895,4213,Grande Oeste,42002,Oeste
SC,420945,4213,Grande Oeste,42003,Xanxere
SC,420209,4213,Grande Oeste,42001,Extremo Oeste
SC,421569,4213,Grande Oeste,42002,Oeste
SC,420540,4214,Grande Florianopolis,42007,Grande Florianópolis
SC,421660,4214,Grande Florianopolis,42007,Grande Florianópolis
SC,421190,4214,Grande Florianopolis,42007,Grande Florianópolis
SC,420230,4214,Grande Florianopolis,42007,Grande Florianópolis
SC,421800,4214,Grande Florianopolis,42007,Grande Florianópolis
SC,421630,4214,Grande Florianopolis,42007,Grande Florianópolis
SC,420570,4214,Grande Florianopolis,42007,Grande Florianópolis
SC,421570,4214,Grande Florianopolis,42007,Grande Florianópolis
SC,420600,4214,Grande Florianopolis,42007,Grande Florianópolis
SC,421150,4214,Grande Florianopolis,42007,Grande Florianópolis
SC,420370,4214,Grande Florianopolis,42007,Grande Florianópolis
SC,420120,4214,Grande Florianopolis,42007,Grande Florianópolis
SC,420070,4214,Grande Florianopolis,42007,Grande Florianópolis
SC,421230,4214,Grande Florianopolis,42007,Grande Florianópolis
SC,420060,4214,Grande Florianopolis,42007,Grande Florianópolis
SC,421725,4214,Grande Florianopolis,42007,Grande Florianópolis
SC,420090,4214,Grande Florianopolis,42007,Grande Florianópolis
SC,420110,4214,Grande Florianopolis,42007,Grande Florianópolis
SC,420980,4214,Grande Florianopolis,42007,Grande Florianópolis
SC,421430,4214,Grande Florianopolis,42007,Grande Florianópolis
SC,421020,4214,Grande Florianopolis,42007,Grande Florianópolis
SC,421590,4214,Grande Florianopolis,42007,Grande Florianópolis
SC,420820,4215,Foz do Rio Itajai,42005,Foz do Rio Itajaí
SC,420200,4215,Foz do Rio Itajai,42005,Foz do Rio Itajaí
SC,420320,4215,Foz do Rio Itajai,42005,Foz do Rio Itajaí
SC,421130,4215,Foz do Rio Itajai,42005,Foz do Rio Itajaí
SC,420830,4215,Foz do Rio Itajai,42005,Foz do Rio Itajaí
SC,421250,4215,Foz do Rio Itajai,42005,Foz do Rio Itajaí
SC,421350,4215,Foz do Rio Itajai,42005,Foz do Rio Itajaí
SC,421280,4215,Foz do Rio Itajai,42005,Foz do Rio Itajaí
SC,420245,4215,Foz do Rio Itajai,42005,Foz do Rio Itajaí
SC,420710,4215,Foz do Rio Itajai,42005,Foz do Rio Itajaí
SC,421000,4215,Foz do Rio Itajai,42005,Foz do Rio Itajaí
SC,420240,4216,Vale do Itajai,42006,Médio Vale do Itajaí
SC,420290,4216,Vale do Itajai,42006,Médio Vale do Itajaí
SC,421480,4216,Vale do Itajai,42004,Alto Vale do Itajaí
SC,420590,4216,Vale do Itajai,42006,Médio Vale do Itajaí
SC,420750,4216,Vale do Itajai,42006,Médio Vale do Itajaí
SC,421820,4216,Vale do Itajai,42006,Médio Vale do Itajaí
SC,421320,4216,Vale do Itajai,42006,Médio Vale do Itajaí
SC,420850,4216,Vale do Itajai,42004,Alto Vale do Itajaí
SC,420630,4216,Vale do Itajai,42006,Médio Vale do Itajaí
SC,421400,4216,Vale do Itajai,42004,Alto Vale do Itajaí
SC,420690,4216,Vale do Itajai,42004,Alto Vale do Itajaí
SC,421780,4216,Vale do Itajai,42004,Alto Vale do Itajaí
SC,421370,4216,Vale do Itajai,42004,Alto Vale do Itajaí
SC,420990,4216,Vale do Itajai,42004,Alto Vale do Itajaí
SC,421510,4216,Vale do Itajai,42006,Médio Vale do Itajaí
SC,420020,4216,Vale do Itajai,42004,Alto Vale do Itajaí
SC,421470,4216,Vale do Itajai,42006,Médio Vale do Itajaí
SC,420220,4216,Vale do Itajai,42006,Médio Vale do Itajaí
SC,420125,4216,Vale do Itajai,42006,Médio Vale do Itajaí
SC,420170,4216,Vale do Itajai,42006,Médio Vale do Itajaí
SC,421567,4216,Vale do Itajai,42004,Alto Vale do Itajaí
SC,420950,4216,Vale do Itajai,42004,Alto Vale do Itajaí
SC,421460,4216,Vale do Itajai,42004,Alto Vale do Itajaí
SC,421530,4216,Vale do Itajai,42004,Alto Vale do Itajaí
SC,421860,4216,Vale do Itajai,42004,Alto Vale do Itajaí
SC,420190,4216,Vale do Itajai,42004,Alto Vale do Itajaí
SC,421270,4216,Vale do Itajai,42004,Alto Vale do Itajaí
SC,421450,4216,Vale do Itajai,42004,Alto Vale do Itajaí
SC,421920,4216,Vale do Itajai,42004,Alto Vale do Itajaí
SC,420030,4216,Vale do Itajai,42004,Alto Vale do Itajaí
SC,420915,4216,Vale do Itajai,42004,Alto Vale do Itajaí
SC,420740,4216,Vale do Itajai,42004,Alto Vale do Itajaí
SC,421935,4216,Vale do Itajai,42004,Alto Vale do Itajaí
SC,420270,4216,Vale do Itajai,42006,Médio Vale do Itajaí
SC,421940,4216,Vale do Itajai,42004,Alto Vale do Itajaí
SC,420510,4216,Vale do Itajai,42004,Alto Vale do Itajaí
SC,420285,4216,Vale do Itajai,42004,Alto Vale do Itajaí
SC,420515,4216,Vale do Itajai,42006,Médio Vale do Itajaí
SC,420180,4216,Vale do Itajai,42004,Alto Vale do Itajaí
SC,420419,4216,Vale do Itajai,42004,Alto Vale do Itajaí
SC,421085,4216,Vale do Itajai,42004,Alto Vale do Itajaí
SC,421410,4216,Vale do Itajai,42004,Alto Vale do Itajaí
SC,420430,4217,Meio Oeste,42010,Alto Uruguai Catarinense
SC,420300,4217,Meio Oeste,42009,Alto Vale do Rio do Peixe
SC,421930,4217,Meio Oeste,42009,Alto Vale do Rio do Peixe
SC,420480,4217,Meio Oeste,42009,Alto Vale do Rio do Peixe
SC,420360,4217,Meio Oeste,42008,Meio Oeste
SC,420550,4217,Meio Oeste,42009,Alto Vale do Rio do Peixe
SC,420900,4217,Meio Oeste,42008,Meio Oeste
SC,420390,4217,Meio Oeste,42008,Meio Oeste
SC,420670,4217,Meio Oeste,42008,Meio Oeste
SC,421750,4217,Meio Oeste,42010,Alto Uruguai Catarinense
SC,421550,4217,Meio Oeste,42009,Alto Vale do Rio do Peixe
SC,420970,4217,Meio Oeste,42009,Alto Vale do Rio do Peixe
SC,420400,4217,Meio Oeste,42008,Meio Oeste
SC,420780,4217,Meio Oeste,42010,Alto Uruguai Catarinense
SC,421105,4217,Meio Oeste,42008,Meio Oeste
SC,421850,4217,Meio Oeste,42008,Meio Oeste
SC,421790,4217,Meio Oeste,42009,Alto Vale do Rio do Peixe
SC,420770,4217,Meio Oeste,42010,Alto Uruguai Catarinense
SC,421825,4217,Meio Oeste,42009,Alto Vale do Rio do Peixe
SC,420800,4217,Meio Oeste,42010,Alto Uruguai Catarinense
SC,421180,4217,Meio Oeste,42008,Meio Oeste
SC,420040,4217,Meio Oeste,42008,Meio Oeste
SC,421440,4217,Meio Oeste,42009,Alto Vale do Rio do Peixe
SC,421605,4217,Meio Oeste,42009,Alto Vale do Rio do Peixe
SC,421003,4217,Meio Oeste,42008,Meio Oeste
SC,421310,4217,Meio Oeste,42010,Alto Uruguai Catarinense
SC,420520,4217,Meio Oeste,42008,Meio Oeste
SC,420760,4217,Meio Oeste,42010,Alto Uruguai Catarinense
SC,421917,4217,Meio Oeste,42008,Meio Oeste
SC,420985,4217,Meio Oeste,42010,Alto Uruguai Catarinense
SC,421540,4217,Meio Oeste,42009,Alto Vale do Rio do Peixe
SC,420127,4217,Meio Oeste,42010,Alto Uruguai Catarinense
SC,420860,4217,Meio Oeste,42008,Meio Oeste
SC,421985,4217,Meio Oeste,42008,Meio Oeste
SC,421960,4217,Meio Oeste,42010,Alto Uruguai Catarinense
SC,420160,4217,Meio Oeste,42009,Alto Vale do Rio do Peixe
SC,421300,4217,Meio Oeste,42009,Alto Vale do Rio do Peixe
SC,420315,4217,Meio Oeste,42009,Alto Vale do Rio do Peixe
SC,420680,4217,Meio Oeste,42008,Meio Oeste
SC,421335,4217,Meio Oeste,42009,Alto Vale do Rio do Peixe
SC,421260,4217,Meio Oeste,42010,Alto Uruguai Catarinense
SC,420757,4217,Meio Oeste,42009,Alto Vale do Rio do Peixe
SC,420415,4217,Meio Oeste,42008,Meio Oeste
SC,421070,4217,Meio Oeste,42009,Alto Vale do Rio do Peixe
SC,421915,4217,Meio Oeste,42008,Meio Oeste
SC,420005,4217,Meio Oeste,42008,Meio Oeste
SC,420287,4217,Meio Oeste,42008,Meio Oeste
SC,420555,4217,Meio Oeste,42009,Alto Vale do Rio do Peixe
SC,420920,4217,Meio Oeste,42008,Meio Oeste
SC,420675,4217,Meio Oeste,42009,Alto Vale do Rio do Peixe
SC,420075,4217,Meio Oeste,42010,Alto Uruguai Catarinense
SC,421005,4217,Meio Oeste,42009,Alto Vale do Rio do Peixe
SC,421390,4217,Meio Oeste,42010,Alto Uruguai Catarinense
SC,420930,4218,Serra Catarinense,42013,Serra Catarinense
SC,421650,4218,Serra Catarinense,42013,Serra Catarinense
SC,421175,4218,Serra Catarinense,42013,Serra Catarinense
SC,420455,4218,Serra Catarinense,42013,Serra Catarinense
SC,421890,4218,Serra Catarinense,42013,Serra Catarinense
SC,421680,4218,Serra Catarinense,42013,Serra Catarinense
SC,420260,4218,Serra Catarinense,42013,Serra Catarinense
SC,420100,4218,Serra Catarinense,42013,Serra Catarinense
SC,420340,4218,Serra Catarinense,42013,Serra Catarinense
SC,421330,4218,Serra Catarinense,42013,Serra Catarinense
SC,420250,4218,Serra Catarinense,42013,Serra Catarinense
SC,420243,4218,Serra Catarinense,42013,Serra Catarinense
SC,420417,4218,Serra Catarinense,42013,Serra Catarinense
SC,421895,4218,Serra Catarinense,42013,Serra Catarinense
SC,420325,4218,Serra Catarinense,42013,Serra Catarinense
SC,421205,4218,Serra Catarinense,42013,Serra Catarinense
SC,421505,4218,Serra Catarinense,42013,Serra Catarinense
SC,421189,4218,Serra Catarinense,42013,Serra Catarinense
RS,431680,4308,Vales,43028,Região 28
RS,431140,4308,Vales,43029,Região 29
RS,430300,4308,Vales,43027,Região 27
RS,432260,4308,Vales,43028,Região 28
RS,431570,4308,Vales,43028,Região 28
RS,432145,4308,Vales,43030,Região 30
RS,430280,4308,Vales,43027,Região 27
RS,430780,4308,Vales,43030,Região 30
RS,430420,4308,Vales,43028,Região 28
RS,432270,4308,Vales,43028,Região 28
RS,432130,4308,Vales,43030,Região 30
RS,430690,4308,Vales,43027,Região 27
RS,430680,4308,Vales,43029,Região 29
RS,430100,4308,Vales,43029,Região 29
RS,432070,4308,Vales,43027,Região 27
RS,430620,4308,Vales,43029,Região 29
RS,430240,4308,Vales,43030,Região 30
RS,430120,4308,Vales,43027,Região 27
RS,431580,4308,Vales,43029,Região 29
RS,431395,4308,Vales,43028,Região 28
RS,432253,4308,Vales,43028,Região 28
RS,432067,4308,Vales,43028,Região 28
RS,431415,4308,Vales,43030,Região 30
RS,431675,4308,Vales,43029,Região 29
RS,430245,4308,Vales,43029,Região 29
RS,431407,4308,Vales,43028,Região 28
RS,432026,4308,Vales,43027,Região 27
RS,430070,4308,Vales,43029,Região 29
RS,431515,4308,Vales,43029,Região 29
RS,431215,4308,Vales,43028,Região 28
RS,431260,4308,Vales,43029,Região 29
RS,430807,4308,Vales,43030,Região 30
RS,431030,4308,Vales,43029,Região 29
RS,431406,4308,Vales,43027,Região 27
RS,431205,4308,Vales,43029,Região 29
RS,430513,4308,Vales,43027,Região 27
RS,431520,4308,Vales,43029,Região 29
RS,430975,4308,Vales,43027,Região 27
RS,431339,4308,Vales,43027,Região 27
RS,430915,4308,Vales,43028,Região 28
RS,432252,4308,Vales,43028,Região 28
RS,432377,4308,Vales,43030,Região 30
RS,430645,4308,Vales,43029,Região 29
RS,431036,4308,Vales,43030,Região 30
RS,430781,4308,Vales,43027,Região 27
RS,431300,4308,Vales,43029,Região 29
RS,430469,4308,Vales,43029,Região 29
RS,430957,4308,Vales,43028,Região 28
RS,430558,4308,Vales,43030,Região 30
RS,430843,4308,Vales,43029,Região 29
RS,431123,4308,Vales,43027,Região 27
RS,431971,4308,Vales,43029,Região 29
RS,431475,4308,Vales,43030,Região 30
RS,432162,4308,Vales,43029,Região 29
RS,432045,4308,Vales,43029,Região 29
RS,431846,4308,Vales,43029,Região 29
RS,430675,4308,Vales,43029,Região 29
RS,432285,4308,Vales,43029,Região 29
RS,431545,4308,Vales,43029,Região 29
RS,431513,4308,Vales,43029,Região 29
RS,430461,4308,Vales,43029,Região 29
RS,430583,4308,Vales,43029,Região 29
RS,431440,4309,Sul,43021,Região 21
RS,431560,4309,Sul,43021,Região 21
RS,430160,4309,Sul,43022,Região 22
RS,430450,4309,Sul,43021,Região 21
RS,431880,4309,Sul,43021,Região 21
RS,430660,4309,Sul,43022,Região 22
RS,431730,4309,Sul,43021,Região 21
RS,431100,4309,Sul,43021,Região 21
RS,430466,4309,Sul,43021,Região 21
RS,431850,4309,Sul,43021,Região 21
RS,430130,4309,Sul,43021,Região 21
RS,431460,4309,Sul,43021,Região 21
RS,431450,4309,Sul,43021,Região 21
RS,430435,4309,Sul,43022,Região 22
RS,431420,4309,Sul,43021,Região 21
RS,431150,4309,Sul,43022,Região 22
RS,431700,4309,Sul,43021,Região 21
RS,430543,4309,Sul,43021,Região 21
RS,430710,4309,Sul,43021,Região 21
RS,431245,4309,Sul,43021,Região 21
RS,430965,4309,Sul,43022,Região 22
RS,430512,4309,Sul,43021,Região 21
RS,430063,4309,Sul,43021,Região 21
RS,430003,4309,Sul,43022,Região 22
RS,432232,4309,Sul,43021,Região 21
RS,430107,4309,Sul,43021,Região 21
RS,431417,4309,Sul,43021,Região 21
RS,430510,4310,Serra,43023,Região 23
RS,430210,4310,Serra,43025,Região 25
RS,430790,4310,Serra,43026,Região 26
RS,432250,4310,Serra,43024,Região 24
RS,430440,4310,Serra,43023,Região 23
RS,430910,4310,Serra,43023,Região 23
RS,430860,4310,Serra,43025,Região 25
RS,430820,4310,Serra,43026,Região 26
RS,430480,4310,Serra,43025,Região 25
RS,431330,4310,Serra,43025,Região 25
RS,430940,4310,Serra,43025,Região 25
RS,432280,4310,Serra,43025,Região 25
RS,431320,4310,Serra,43023,Região 23
RS,431900,4310,Serra,43026,Região 26
RS,430810,4310,Serra,43026,Região 26
RS,430235,4310,Serra,43026,Região 26
RS,430080,4310,Serra,43026,Região 26
RS,430230,4310,Serra,43024,Região 24
RS,431290,4310,Serra,43025,Região 25
RS,431400,4310,Serra,43025,Região 25
RS,432254,4310,Serra,43026,Região 26
RS,431043,4310,Serra,43026,Região 26
RS,431442,4310,Serra,43023,Região 23
RS,431280,4310,Serra,43025,Região 25
RS,431862,4310,Serra,43024,Região 24
RS,430595,4310,Serra,43025,Região 25
RS,431112,4310,Serra,43024,Região 24
RS,432330,4310,Serra,43025,Região 25
RS,431335,4310,Serra,43026,Região 26
RS,430367,4310,Serra,43024,Região 24
RS,430740,4310,Serra,43024,Região 24
RS,431237,4310,Serra,43024,Região 24
RS,430057,4310,Serra,43026,Região 26
RS,431844,4310,Serra,43025,Região 25
RS,431261,4310,Serra,43024,Região 24
RS,430225,4310,Serra,43025,Região 25
RS,431454,4310,Serra,43025,Região 25
RS,430786,4310,Serra,43025,Região 25
RS,431238,4310,Serra,43025,Região 25
RS,431308,4310,Serra,43026,Região 26
RS,431975,4310,Serra,43026,Região 26
RS,431446,4310,Serra,43024,Região 24
RS,431517,4310,Serra,43025,Região 25
RS,431164,4310,Serra,43023,Região 23
RS,430593,4310,Serra,43025,Região 25
RS,432360,4310,Serra,43025,Região 25
RS,431725,4310,Serra,43025,Região 25
RS,430925,4310,Serra,43025,Região 25
RS,432235,4310,Serra,43025,Região 25
RS,431410,4311,Norte,43017,Região 17 - Planalto
RS,430700,4311,Norte,43016,Região 16
RS,430470,4311,Norte,43017,Região 17 - Planalto
RS,431180,4311,Norte,43017,Região 17 - Planalto
RS,431370,4311,Norte,43020,Região 20 - Rota da Produção
RS,430850,4311,Norte,43015,Região 15 - Caminho das Águas
RS,432080,4311,Norte,43019,Região 19
RS,431130,4311,Norte,43018,Região 18
RS,432190,4311,Norte,43015,Região 15 - Caminho das Águas
RS,432090,4311,Norte,43018,Região 18
RS,432010,4311,Norte,43020,Região 20 - Rota da Produção
RS,431265,4311,Norte,43017,Região 17 - Planalto
RS,432040,4311,Norte,43017,Região 17 - Planalto
RS,430890,4311,Norte,43016,Região 16
RS,431660,4311,Norte,43018,Região 18
RS,430750,4311,Norte,43019,Região 19
RS,432140,4311,Norte,43015,Região 15 - Caminho das Águas
RS,431270,4311,Norte,43016,Região 16
RS,432020,4311,Norte,43015,Região 15 - Caminho das Águas
RS,432100,4311,Norte,43019,Região 19
RS,431470,4311,Norte,43015,Região 15 - Caminho das Águas
RS,430580,4311,Norte,43020,Região 20 - Rota da Produção
RS,430140,4311,Norte,43019,Região 19
RS,431610,4311,Norte,43020,Região 20 - Rota da Produção
RS,431540,4311,Norte,43020,Região 20 - Rota da Produção
RS,430830,4311,Norte,43019,Região 19
RS,430530,4311,Norte,43020,Região 20 - Rota da Produção
RS,430490,4311,Norte,43017,Região 17 - Planalto
RS,430200,4311,Norte,43019,Região 19
RS,431380,4311,Norte,43015,Região 15 - Caminho das Águas
RS,430064,4311,Norte,43015,Região 15 - Caminho das Águas
RS,432195,4311,Norte,43020,Região 20 - Rota da Produção
RS,431050,4311,Norte,43015,Região 15 - Caminho das Águas
RS,430170,4311,Norte,43016,Região 16
RS,430050,4311,Norte,43015,Região 15 - Caminho das Águas
RS,431860,4311,Norte,43018,Região 18
RS,430730,4311,Norte,43015,Região 15 - Caminho das Águas
RS,430990,4311,Norte,43018,Região 18
RS,431590,4311,Norte,43015,Região 15 - Caminho das Águas
RS,430090,4311,Norte,43016,Região 16
RS,430590,4311,Norte,43020,Região 20 - Rota da Produção
RS,431170,4311,Norte,43018,Região 18
RS,430870,4311,Norte,43016,Região 16
RS,430755,4311,Norte,43016,Região 16
RS,432050,4311,Norte,43017,Região 17 - Planalto
RS,431125,4311,Norte,43019,Região 19
RS,430380,4311,Norte,43016,Região 16
RS,432147,4311,Norte,43015,Região 15 - Caminho das Águas
RS,431620,4311,Norte,43020,Região 20 - Rota da Produção
RS,430720,4311,Norte,43016,Região 16
RS,430340,4311,Norte,43015,Região 15 - Caminho das Águas
RS,430180,4311,Norte,43018,Região 18
RS,431160,4311,Norte,43015,Região 15 - Caminho das Águas
RS,432290,4311,Norte,43016,Região 16
RS,432185,4311,Norte,43020,Região 20 - Rota da Produção
RS,432310,4311,Norte,43015,Região 15 - Caminho das Águas
RS,430320,4311,Norte,43018,Região 18
RS,431449,4311,Norte,43015,Região 15 - Caminho das Águas
RS,430980,4311,Norte,43018,Região 18
RS,431842,4311,Norte,43018,Região 18
RS,431230,4311,Norte,43020,Região 20 - Rota da Produção
RS,432340,4311,Norte,43017,Região 17 - Planalto
RS,430630,4311,Norte,43017,Região 17 - Planalto
RS,431190,4311,Norte,43016,Região 16
RS,431349,4311,Norte,43020,Região 20 - Rota da Produção
RS,431220,4311,Norte,43018,Região 18
RS,430550,4311,Norte,43017,Região 17 - Planalto
RS,430005,4311,Norte,43018,Região 18
RS,431085,4311,Norte,43020,Região 20 - Rota da Produção
RS,430995,4311,Norte,43019,Região 19
RS,432215,4311,Norte,43019,Região 19
RS,431360,4311,Norte,43018,Região 18
RS,430410,4311,Norte,43019,Região 19
RS,432060,4311,Norte,43016,Região 16
RS,430155,4311,Norte,43016,Região 16
RS,431090,4311,Norte,43016,Região 16
RS,431477,4311,Norte,43017,Região 17 - Planalto
RS,430260,4311,Norte,43020,Região 20 - Rota da Produção
RS,432146,4311,Norte,43019,Região 19
RS,431970,4311,Norte,43016,Região 16
RS,430745,4311,Norte,43015,Região 15 - Caminho das Águas
RS,431070,4311,Norte,43016,Região 16
RS,431275,4311,Norte,43017,Região 17 - Planalto
RS,430185,4311,Norte,43015,Região 15 - Caminho das Águas
RS,432132,4311,Norte,43015,Região 15 - Caminho das Águas
RS,430697,4311,Norte,43016,Região 16
RS,430705,4311,Norte,43017,Região 17 - Planalto
RS,430495,4311,Norte,43018,Região 18
RS,430355,4311,Norte,43017,Região 17 - Planalto
RS,431445,4311,Norte,43015,Região 15 - Caminho das Águas
RS,431555,4311,Norte,43016,Região 16
RS,432370,4311,Norte,43015,Região 15 - Caminho das Águas
RS,432320,4311,Norte,43017,Região 17 - Planalto
RS,430537,4311,Norte,43016,Região 16
RS,431242,4311,Norte,43019,Região 19
RS,431805,4311,Norte,43017,Região 17 - Planalto
RS,430632,4311,Norte,43015,Região 15 - Caminho das Águas
RS,430511,4311,Norte,43016,Região 16
RS,430607,4311,Norte,43015,Região 15 - Caminho das Águas
RS,430695,4311,Norte,43016,Região 16
RS,430597,4311,Norte,43017,Região 17 - Planalto
RS,432350,4311,Norte,43015,Região 15 - Caminho das Águas
RS,431142,4311,Norte,43020,Região 20 - Rota da Produção
RS,432163,4311,Norte,43016,Região 16
RS,431213,4311,Norte,43017,Região 17 - Planalto
RS,430805,4311,Norte,43016,Região 16
RS,430195,4311,Norte,43020,Região 20 - Rota da Produção
RS,431642,4311,Norte,43020,Região 20 - Rota da Produção
RS,430515,4311,Norte,43020,Região 20 - Rota da Produção
RS,431845,4311,Norte,43020,Região 20 - Rota da Produção
RS,431795,4311,Norte,43018,Região 18
RS,430585,4311,Norte,43017,Região 17 - Planalto
RS,431344,4311,Norte,43015,Região 15 - Caminho das Águas
RS,431413,4311,Norte,43016,Região 16
RS,430237,4311,Norte,43015,Região 15 - Caminho das Águas
RS,431755,4311,Norte,43017,Região 17 - Planalto
RS,430642,4311,Norte,43020,Região 20 - Rota da Produção
RS,431775,4311,Norte,43017,Região 17 - Planalto
RS,430205,4311,Norte,43016,Região 16
RS,432335,4311,Norte,43018,Região 18
RS,431295,4311,Norte,43020,Região 20 - Rota da Produção
RS,430912,4311,Norte,43020,Região 20 - Rota da Produção
RS,432255,4311,Norte,43017,Região 17 - Planalto
RS,430047,4311,Norte,43017,Região 17 - Planalto
RS,431057,4311,Norte,43019,Região 19
RS,430215,4311,Norte,43020,Região 20 - Rota da Produção
RS,431267,4311,Norte,43017,Região 17 - Planalto
RS,431200,4311,Norte,43016,Região 16
RS,430055,4311,Norte,43019,Região 19
RS,431936,4311,Norte,43020,Região 20 - Rota da Produção
RS,430885,4311,Norte,43017,Região 17 - Planalto
RS,431127,4311,Norte,43017,Região 17 - Planalto
RS,430462,4311,Norte,43018,Região 18
RS,431262,4311,Norte,43017,Região 17 - Planalto
RS,431046,4311,Norte,43016,Região 16
RS,430192,4311,Norte,43016,Região 16
RS,431673,4311,Norte,43018,Região 18
RS,430825,4311,Norte,43016,Região 16
RS,431346,4311,Norte,43020,Região 20 - Rota da Produção
RS,430613,4311,Norte,43016,Região 16
RS,431478,4311,Norte,43016,Região 16
RS,431531,4311,Norte,43016,Região 16
RS,431235,4311,Norte,43017,Região 17 - Planalto
RS,432218,4311,Norte,43018,Região 18
RS,430485,4311,Norte,43016,Região 16
RS,430692,4311,Norte,43020,Região 20 - Rota da Produção
RS,430066,4311,Norte,43018,Região 18
RS,431020,4312,Missioneira,43013,Região 13
RS,431720,4312,Missioneira,43014,Região 14
RS,431750,4312,Missioneira,43011,Região 11
RS,431800,4312,Missioneira,43011,Região 11
RS,430610,4312,Missioneira,43012,Região 12
RS,431390,4312,Missioneira,43013,Região 13
RS,431890,4312,Missioneira,43011,Região 11
RS,432180,4312,Missioneira,43014,Região 14
RS,431000,4312,Missioneira,43012,Região 12
RS,430960,4312,Missioneira,43014,Região 14
RS,430900,4312,Missioneira,43014,Região 14
RS,431790,4312,Missioneira,43014,Região 14
RS,431780,4312,Missioneira,43013,Região 13
RS,430520,4312,Missioneira,43011,Região 11
RS,430600,4312,Missioneira,43013,Região 13
RS,431770,4312,Missioneira,43011,Região 11
RS,431645,4312,Missioneira,43012,Região 12
RS,431510,4312,Missioneira,43011,Região 11
RS,430693,4312,Missioneira,43011,Região 11
RS,430500,4312,Missioneira,43013,Região 13
RS,432230,4312,Missioneira,43014,Região 14
RS,431670,4312,Missioneira,43012,Região 12
RS,430950,4312,Missioneira,43011,Região 11
RS,431115,4312,Missioneira,43013,Região 13
RS,430150,4312,Missioneira,43013,Região 13
RS,431915,4312,Missioneira,43011,Região 11
RS,430220,4312,Missioneira,43014,Região 14
RS,430020,4312,Missioneira,43013,Região 13
RS,431630,4312,Missioneira,43011,Região 11
RS,431040,4312,Missioneira,43014,Região 14
RS,430570,4312,Missioneira,43013,Região 13
RS,430430,4312,Missioneira,43014,Região 14
RS,430030,4312,Missioneira,43014,Região 14
RS,430250,4312,Missioneira,43011,Região 11
RS,430370,4312,Missioneira,43014,Região 14
RS,431930,4312,Missioneira,43014,Região 14
RS,432210,4312,Missioneira,43014,Região 14
RS,431910,4312,Missioneira,43013,Região 13
RS,431920,4312,Missioneira,43011,Região 11
RS,432030,4312,Missioneira,43012,Região 12
RS,430400,4312,Missioneira,43013,Região 13
RS,430330,4312,Missioneira,43011,Região 11
RS,430970,4312,Missioneira,43013,Região 13
RS,430845,4312,Missioneira,43012,Região 12
RS,430673,4312,Missioneira,43014,Região 14
RS,431500,4312,Missioneira,43014,Região 14
RS,430540,4312,Missioneira,43013,Região 13
RS,431535,4312,Missioneira,43012,Região 12
RS,431430,4312,Missioneira,43013,Região 13
RS,430045,4312,Missioneira,43014,Região 14
RS,430560,4312,Missioneira,43012,Região 12
RS,432375,4312,Missioneira,43011,Região 11
RS,431342,4312,Missioneira,43014,Região 14
RS,431937,4312,Missioneira,43011,Região 11
RS,431301,4312,Missioneira,43014,Região 14
RS,431647,4312,Missioneira,43011,Região 11
RS,430587,4312,Missioneira,43013,Região 13
RS,432023,4312,Missioneira,43013,Região 13
RS,430865,4312,Missioneira,43011,Região 11
RS,432032,4312,Missioneira,43014,Região 14
RS,430783,4312,Missioneira,43011,Região 11
RS,431643,4312,Missioneira,43012,Região 12
RS,431973,4312,Missioneira,43013,Região 13
RS,430635,4312,Missioneira,43011,Região 11
RS,431849,4312,Missioneira,43014,Região 14
RS,431595,4312,Missioneira,43011,Região 11
RS,430223,4312,Missioneira,43012,Região 12
RS,431455,4312,Missioneira,43011,Região 11
RS,430222,4312,Missioneira,43012,Região 12
RS,431333,4312,Missioneira,43013,Região 13
RS,430258,4312,Missioneira,43013,Região 13
RS,431505,4312,Missioneira,43014,Região 14
RS,431087,4312,Missioneira,43012,Região 12
RS,431041,4312,Missioneira,43013,Região 13
RS,432234,4312,Missioneira,43011,Região 11
RS,432057,4312,Missioneira,43011,Região 11
RS,431217,4312,Missioneira,43011,Região 11
RS,431507,4312,Missioneira,43014,Região 14
RS,431490,4313,Metropolitana,43010,Região 10
RS,430460,4313,Metropolitana,43008,Região 08
RS,430920,4313,Metropolitana,43010,Região 10
RS,431340,4313,Metropolitana,43007,Região 07
RS,432300,4313,Metropolitana,43010,Região 10
RS,431870,4313,Metropolitana,43007,Região 07
RS,430060,4313,Metropolitana,43010,Região 10
RS,430310,4313,Metropolitana,43010,Região 10
RS,432000,4313,Metropolitana,43008,Região 08
RS,430930,4313,Metropolitana,43009,Região 09
RS,430770,4313,Metropolitana,43008,Região 08
RS,431990,4313,Metropolitana,43007,Região 07
RS,431240,4313,Metropolitana,43008,Região 08
RS,430463,4313,Metropolitana,43004,Região 04
RS,430390,4313,Metropolitana,43007,Região 07
RS,430350,4313,Metropolitana,43009,Região 09
RS,432160,4313,Metropolitana,43005,Região 05
RS,432120,4313,Metropolitana,43006,Região 06 - Vale do Paranhana e Costa Serra
RS,431405,4313,Metropolitana,43006,Região 06 - Vale do Paranhana e Costa Serra
RS,430760,4313,Metropolitana,43007,Região 07
RS,431350,4313,Metropolitana,43005,Região 05
RS,431760,4313,Metropolitana,43005,Região 05
RS,432150,4313,Metropolitana,43004,Região 04
RS,430676,4313,Metropolitana,43009,Região 09
RS,430535,4313,Metropolitana,43009,Região 09
RS,431480,4313,Metropolitana,43007,Região 07
RS,431010,4313,Metropolitana,43006,Região 06 - Vale do Paranhana e Costa Serra
RS,430640,4313,Metropolitana,43007,Região 07
RS,431337,4313,Metropolitana,43008,Região 08
RS,432200,4313,Metropolitana,43008,Região 08
RS,431033,4313,Metropolitana,43005,Região 05
RS,431950,4313,Metropolitana,43008,Região 08
RS,432170,4313,Metropolitana,43006,Região 06 - Vale do Paranhana e Costa Serra
RS,431080,4313,Metropolitana,43007,Região 07
RS,431820,4313,Metropolitana,43006,Região 06 - Vale do Paranhana e Costa Serra
RS,431600,4313,Metropolitana,43006,Região 06 - Vale do Paranhana e Costa Serra
RS,431840,4313,Metropolitana,43009,Região 09
RS,431306,4313,Metropolitana,43007,Região 07
RS,430270,4313,Metropolitana,43009,Região 09
RS,430545,4313,Metropolitana,43005,Região 05
RS,432380,4313,Metropolitana,43004,Região 04
RS,430163,4313,Metropolitana,43005,Região 05
RS,432110,4313,Metropolitana,43009,Região 09
RS,430110,4313,Metropolitana,43009,Região 09
RS,430650,4313,Metropolitana,43009,Região 09
RS,431365,4313,Metropolitana,43005,Região 05
RS,430190,4313,Metropolitana,43009,Região 09
RS,431250,4313,Metropolitana,43005,Região 05
RS,430468,4313,Metropolitana,43008,Região 08
RS,430105,4313,Metropolitana,43004,Região 04
RS,432166,4313,Metropolitana,43004,Região 04
RS,432143,4313,Metropolitana,43004,Região 04
RS,430517,4313,Metropolitana,43009,Região 09
RS,430087,4313,Metropolitana,43007,Região 07
RS,430905,4313,Metropolitana,43010,Região 10
RS,430880,4313,Metropolitana,43009,Região 09
RS,431225,4313,Metropolitana,43009,Região 09
RS,431177,4313,Metropolitana,43004,Região 04
RS,430471,4313,Metropolitana,43005,Região 05
RS,430605,4313,Metropolitana,43009,Região 09
RS,431650,4313,Metropolitana,43008,Região 08
RS,430165,4313,Metropolitana,43008,Região 08
RS,430360,4313,Metropolitana,43006,Região 06 - Vale do Paranhana e Costa Serra
RS,431695,4313,Metropolitana,43007,Região 07
RS,431162,4313,Metropolitana,43007,Região 07
RS,431247,4313,Metropolitana,43007,Região 07
RS,430175,4313,Metropolitana,43009,Região 09
RS,432055,4313,Metropolitana,43009,Região 09
RS,430955,4313,Metropolitana,43008,Região 08
RS,432035,4313,Metropolitana,43009,Região 09
RS,432135,4313,Metropolitana,43005,Região 05
RS,432225,4313,Metropolitana,43008,Região 08
RS,430265,4313,Metropolitana,43008,Região 08
RS,430544,4313,Metropolitana,43009,Região 09
RS,431575,4313,Metropolitana,43006,Região 06 - Vale do Paranhana e Costa Serra
RS,432085,4313,Metropolitana,43008,Região 08
RS,431848,4313,Metropolitana,43007,Região 07
RS,431403,4313,Metropolitana,43008,Região 08
RS,430085,4313,Metropolitana,43009,Região 09
RS,430467,4313,Metropolitana,43005,Região 05
RS,431198,4313,Metropolitana,43009,Região 09
RS,431935,4313,Metropolitana,43008,Região 08
RS,431173,4313,Metropolitana,43004,Região 04
RS,431514,4313,Metropolitana,43007,Região 07
RS,431244,4313,Metropolitana,43004,Região 04
RS,432183,4313,Metropolitana,43004,Região 04
RS,431065,4313,Metropolitana,43004,Região 04
RS,430655,4313,Metropolitana,43004,Região 04
RS,431179,4313,Metropolitana,43008,Região 08
RS,431861,4313,Metropolitana,43008,Região 08
RS,431690,4314,Centro-Oeste,43001,Região 01
RS,432240,4314,Centro-Oeste,43003,Região 03
RS,431710,4314,Centro-Oeste,43003,Região 03
RS,430040,4314,Centro-Oeste,43003,Região 03
RS,431830,4314,Centro-Oeste,43003,Região 03
RS,431740,4314,Centro-Oeste,43002,Região 02
RS,431640,4314,Centro-Oeste,43003,Região 03
RS,431060,4314,Centro-Oeste,43003,Região 03
RS,431530,4314,Centro-Oeste,43003,Região 03
RS,431960,4314,Centro-Oeste,43001,Região 01
RS,432220,4314,Centro-Oeste,43001,Região 01
RS,431120,4314,Centro-Oeste,43001,Região 01
RS,431810,4314,Centro-Oeste,43002,Região 02
RS,430010,4314,Centro-Oeste,43001,Região 01
RS,431940,4314,Centro-Oeste,43001,Região 01
RS,431550,4314,Centro-Oeste,43001,Região 01
RS,430290,4314,Centro-Oeste,43002,Região 02
RS,431110,4314,Centro-Oeste,43002,Região 02
RS,431980,4314,Centro-Oeste,43002,Região 02
RS,431175,4314,Centro-Oeste,43003,Região 03
RS,430800,4314,Centro-Oeste,43001,Região 01
RS,431402,4314,Centro-Oeste,43001,Região 01
RS,430840,4314,Centro-Oeste,43001,Região 01
RS,431310,4314,Centro-Oeste,43001,Região 01
RS,431053,4314,Centro-Oeste,43001,Região 01
RS,431303,4314,Centro-Oeste,43002,Região 02
RS,431210,4314,Centro-Oeste,43002,Região 02
RS,431171,4314,Centro-Oeste,43003,Região 03
RS,430187,4314,Centro-Oeste,43003,Região 03
RS,432345,4314,Centro-Oeste,43001,Região 01
RS,431447,4314,Centro-Oeste,43001,Região 01
RS,431113,4314,Centro-Oeste,43002,Região 02
RS,430465,4314,Centro-Oeste,43002,Região 02
RS,430670,4314,Centro-Oeste,43001,Região 01
RS,431055,4314,Centro-Oeste,43002,Região 02
RS,431912,4314,Centro-Oeste,43001,Região 01
RS,430637,4314,Centro-Oeste,43001,Região 01
RS,431843,4314,Centro-Oeste,43001,Região 01
RS,431697,4314,Centro-Oeste,43003,Região 03
RS,432149,4314,Centro-Oeste,43001,Região 01
RS,431532,4314,Centro-Oeste,43001,Região 01
RS,432065,4314,Centro-Oeste,43001,Região 01
RS,432237,4314,Centro-Oeste,43002,Região 02
RS,431075,4314,Centro-Oeste,43001,Região 01
MS,500320,5009,Pantanal,50010,Pantanal
MS,500560,5009,Pantanal,50010,Pantanal
MS,500520,5009,Pantanal,50010,Pantanal
MS,500270,5010,Centro,50011,Centro
MS,500790,5010,Centro,50011,Centro
MS,500110,5010,Centro,50009,Baixo Pantanal
MS,500540,5010,Centro,50009,Baixo Pantanal
MS,500330,5010,Centro,50015,Norte
MS,500769,5010,Centro,50015,Norte
MS,500070,5010,Centro,50009,Baixo Pantanal
MS,500500,5010,Centro,50009,Baixo Pantanal
MS,500220,5010,Centro,50009,Baixo Pantanal
MS,500710,5010,Centro,50011,Centro
MS,500210,5010,Centro,50009,Baixo Pantanal
MS,500740,5010,Centro,50015,Norte
MS,500800,5010,Centro,50011,Centro
MS,500793,5010,Centro,50015,Norte
MS,500260,5010,Centro,50011,Centro
MS,500580,5010,Centro,50009,Baixo Pantanal
MS,500690,5010,Centro,50009,Baixo Pantanal
MS,500348,5010,Centro,50009,Baixo Pantanal
MS,500410,5010,Centro,50009,Baixo Pantanal
MS,500215,5010,Centro,50009,Baixo Pantanal
MS,500150,5010,Centro,50011,Centro
MS,500490,5010,Centro,50011,Centro
MS,500640,5010,Centro,50015,Norte
MS,500750,5010,Centro,50011,Centro
MS,500280,5010,Centro,50009,Baixo Pantanal
MS,500730,5010,Centro,50015,Norte
MS,500310,5010,Centro,50011,Centro
MS,500025,5010,Centro,50015,Norte
MS,500390,5010,Centro,50015,Norte
MS,500370,5011,Cone Sul,50012,Centro Sul
MS,500660,5011,Cone Sul,50017,Sul Fronteira
MS,500570,5011,Cone Sul,50017,Sul Fronteira
MS,500620,5011,Cone Sul,50016,Sudeste
MS,500060,5011,Cone Sul,50017,Sul Fronteira
MS,500720,5011,Cone Sul,50012,Centro Sul
MS,500240,5011,Cone Sul,50012,Centro Sul
MS,500470,5011,Cone Sul,50016,Sudeste
MS,500450,5011,Cone Sul,50012,Centro Sul
MS,500600,5011,Cone Sul,50012,Centro Sul
MS,500380,5011,Cone Sul,50012,Centro Sul
MS,500460,5011,Cone Sul,50017,Sul Fronteira
MS,500568,5011,Cone Sul,50017,Sul Fronteira
MS,500315,5011,Cone Sul,50017,Sul Fronteira
MS,500430,5011,Cone Sul,50017,Sul Fronteira
MS,500345,5011,Cone Sul,50012,Centro Sul
MS,500635,5011,Cone Sul,50017,Sul Fronteira
MS,500375,5011,Cone Sul,50017,Sul Fronteira
MS,500770,5011,Cone Sul,50017,Sul Fronteira
MS,500795,5011,Cone Sul,50017,Sul Fronteira
MS,500124,5011,Cone Sul,50017,Sul Fronteira
MS,500085,5011,Cone Sul,50016,Sudeste
MS,500200,5011,Cone Sul,50016,Sudeste
MS,500400,5011,Cone Sul,50012,Centro Sul
MS,500090,5011,Cone Sul,50017,Sul Fronteira
MS,500480,5011,Cone Sul,50017,Sul Fronteira
MS,500080,5011,Cone Sul,50016,Sudeste
MS,500525,5011,Cone Sul,50012,Centro Sul
MS,500515,5011,Cone Sul,50017,Sul Fronteira
MS,500840,5011,Cone Sul,50012,Centro Sul
MS,500350,5011,Cone Sul,50012,Centro Sul
MS,500625,5011,Cone Sul,50016,Sudeste
MS,500797,5011,Cone Sul,50016,Sudeste
MS,500510,5011,Cone Sul,50012,Centro Sul
MS,500830,5012,Costa Leste,50013,Leste
MS,500630,5012,Costa Leste,50014,Nordeste
MS,500295,5012,Costa Leste,50014,Nordeste
MS,500100,5012,Costa Leste,50014,Nordeste
MS,500325,5012,Costa Leste,50014,Nordeste
MS,500190,5012,Costa Leste,50013,Leste
MS,500290,5012,Costa Leste,50014,Nordeste
MS,500020,5012,Costa Leste,50013,Leste
MS,500230,5012,Costa Leste,50013,Leste
MS,500440,5012,Costa Leste,50014,Nordeste
MS,500780,5012,Costa Leste,50013,Leste
MS,500755,5012,Costa Leste,50013,Leste
MS,500627,5012,Costa Leste,50014,Nordeste
MT,510760,5101,Macrorregião Sul,51013,Sul Matogrossense
MT,510704,5101,Macrorregião Sul,51013,Sul Matogrossense
MT,510267,5101,Macrorregião Sul,51013,Sul Matogrossense
MT,510480,5101,Macrorregião Sul,51013,Sul Matogrossense
MT,510630,5101,Macrorregião Sul,51013,Sul Matogrossense
MT,510700,5101,Macrorregião Sul,51013,Sul Matogrossense
MT,510637,5101,Macrorregião Sul,51013,Sul Matogrossense
MT,510030,5101,Macrorregião Sul,51013,Sul Matogrossense
MT,510040,5101,Macrorregião Sul,51013,Sul Matogrossense
MT,510460,5101,Macrorregião Sul,51013,Sul Matogrossense
MT,510520,5101,Macrorregião Sul,51013,Sul Matogrossense
MT,510420,5101,Macrorregião Sul,51013,Sul Matogrossense
MT,510060,5101,Macrorregião Sul,51013,Sul Matogrossense
MT,510360,5101,Macrorregião Sul,51013,Sul Matogrossense
MT,510740,5101,Macrorregião Sul,51013,Sul Matogrossense
MT,510779,5101,Macrorregião Sul,51013,Sul Matogrossense
MT,510810,5101,Macrorregião Sul,51013,Sul Matogrossense
MT,510729,5101,Macrorregião Sul,51013,Sul Matogrossense
MT,510120,5101,Macrorregião Sul,51013,Sul Matogrossense
MT,510250,5102,Macrorregião Oeste,51011,Oeste Matogrossense
MT,510675,5102,Macrorregião Oeste,51012,Sudoeste Matogrossense
MT,510562,5102,Macrorregião Oeste,51011,Oeste Matogrossense
MT,510330,5102,Macrorregião Oeste,51012,Sudoeste Matogrossense
MT,510710,5102,Macrorregião Oeste,51011,Oeste Matogrossense
MT,510550,5102,Macrorregião Oeste,51012,Sudoeste Matogrossense
MT,510125,5102,Macrorregião Oeste,51011,Oeste Matogrossense
MT,510682,5102,Macrorregião Oeste,51011,Oeste Matogrossense
MT,510268,5102,Macrorregião Oeste,51012,Sudoeste Matogrossense
MT,510500,5102,Macrorregião Oeste,51012,Sudoeste Matogrossense
MT,510618,5102,Macrorregião Oeste,51012,Sudoeste Matogrossense
MT,510343,5102,Macrorregião Oeste,51011,Oeste Matogrossense
MT,510523,5102,Macrorregião Oeste,51011,Oeste Matogrossense
MT,510720,5102,Macrorregião Oeste,51011,Oeste Matogrossense
MT,510336,5102,Macrorregião Oeste,51012,Sudoeste Matogrossense
MT,510775,5102,Macrorregião Oeste,51011,Oeste Matogrossense
MT,510757,5102,Macrorregião Oeste,51012,Sudoeste Matogrossense
MT,510380,5102,Macrorregião Oeste,51012,Sudoeste Matogrossense
MT,510395,5102,Macrorregião Oeste,51011,Oeste Matogrossense
MT,510835,5102,Macrorregião Oeste,51012,Sudoeste Matogrossense
MT,510450,5102,Macrorregião Oeste,51011,Oeste Matogrossense
MT,510715,5102,Macrorregião Oeste,51011,Oeste Matogrossense
MT,510790,5103,Macrorregião Norte,51014,Teles Pires
MT,510792,5103,Macrorregião Norte,51014,Teles Pires
MT,510525,5103,Macrorregião Norte,51014,Teles Pires
MT,510025,5103,Macrorregião Norte,51001,Alto Tapajós
MT,510622,5103,Macrorregião Norte,51014,Teles Pires
MT,510510,5103,Macrorregião Norte,51016,Vale dos Arinos
MT,510642,5103,Macrorregião Norte,51015,Vale do Peixoto
MT,510320,5103,Macrorregião Norte,51010,Norte Matogrossense
MT,510410,5103,Macrorregião Norte,51015,Vale do Peixoto
MT,510560,5103,Macrorregião Norte,51015,Vale do Peixoto
MT,510800,5103,Macrorregião Norte,51014,Teles Pires
MT,510615,5103,Macrorregião Norte,51001,Alto Tapajós
MT,510850,5103,Macrorregião Norte,51014,Teles Pires
MT,510621,5103,Macrorregião Norte,51010,Norte Matogrossense
MT,510629,5103,Macrorregião Norte,51001,Alto Tapajós
MT,510624,5103,Macrorregião Norte,51014,Teles Pires
MT,510558,5103,Macrorregião Norte,51010,Norte Matogrossense
MT,510805,5103,Macrorregião Norte,51015,Vale do Peixoto
MT,510370,5103,Macrorregião Norte,51014,Teles Pires
MT,510279,5103,Macrorregião Norte,51001,Alto Tapajós
MT,510794,5103,Macrorregião Norte,51016,Vale dos Arinos
MT,510305,5103,Macrorregião Norte,51014,Teles Pires
MT,510080,5103,Macrorregião Norte,51001,Alto Tapajós
MT,510895,5103,Macrorregião Norte,51001,Alto Tapajós
MT,510452,5103,Macrorregião Norte,51014,Teles Pires
MT,510454,5103,Macrorregião Norte,51014,Teles Pires
MT,510626,5103,Macrorregião Norte,51015,Vale do Peixoto
MT,510680,5103,Macrorregião Norte,51016,Vale dos Arinos
MT,510724,5103,Macrorregião Norte,51014,Teles Pires
MT,510455,5103,Macrorregião Norte,51010,Norte Matogrossense
MT,510880,5103,Macrorregião Norte,51010,Norte Matogrossense
MT,510619,5103,Macrorregião Norte,51010,Norte Matogrossense
MT,510830,5103,Macrorregião Norte,51014,Teles Pires
MT,510627,5103,Macrorregião Norte,51016,Vale dos Arinos
MT,510776,5103,Macrorregião Norte,51014,Teles Pires
MT,510183,5103,Macrorregião Norte,51014,Teles Pires
MT,510180,5104,Macrorregião Leste,51005,Garças Araguaia
MT,510335,5104,Macrorregião Leste,51003,Araguaia Xingu
MT,510020,5104,Macrorregião Leste,51006,Médio Araguaia
MT,510706,5104,Macrorregião Leste,51006,Médio Araguaia
MT,510270,5104,Macrorregião Leste,51006,Médio Araguaia
MT,510625,5104,Macrorregião Leste,51005,Garças Araguaia
MT,510860,5104,Macrorregião Leste,51003,Araguaia Xingu
MT,510260,5104,Macrorregião Leste,51005,Garças Araguaia
MT,510785,5104,Macrorregião Leste,51009,Norte Araguaia Karajá
MT,510677,5104,Macrorregião Leste,51003,Araguaia Xingu
MT,510718,5104,Macrorregião Leste,51006,Médio Araguaia
MT,510385,5104,Macrorregião Leste,51006,Médio Araguaia
MT,510777,5104,Macrorregião Leste,51003,Araguaia Xingu
MT,510185,5104,Macrorregião Leste,51006,Médio Araguaia
MT,510665,5104,Macrorregião Leste,51005,Garças Araguaia
MT,510628,5104,Macrorregião Leste,51005,Garças Araguaia
MT,510310,5104,Macrorregião Leste,51006,Médio Araguaia
MT,510390,5104,Macrorregião Leste,51005,Garças Araguaia
MT,510735,5104,Macrorregião Leste,51003,Araguaia Xingu
MT,510035,5104,Macrorregião Leste,51009,Norte Araguaia Karajá
MT,510269,5104,Macrorregião Leste,51003,Araguaia Xingu
MT,510617,5104,Macrorregião Leste,51006,Médio Araguaia
MT,510820,5104,Macrorregião Leste,51005,Garças Araguaia
MT,510100,5104,Macrorregião Leste,51005,Garças Araguaia
MT,510774,5104,Macrorregião Leste,51003,Araguaia Xingu
MT,510719,5104,Macrorregião Leste,51005,Garças Araguaia
MT,510530,5104,Macrorregião Leste,51009,Norte Araguaia Karajá
MT,510631,5104,Macrorregião Leste,51009,Norte Araguaia Karajá
MT,510670,5104,Macrorregião Leste,51005,Garças Araguaia
MT,510788,5104,Macrorregião Leste,51009,Norte Araguaia Karajá
MT,510340,5105,Macrorregião Centro-Norte,51002,Baixada Cuiabana
MT,510840,5105,Macrorregião Centro-Norte,51002,Baixada Cuiabana
MT,510650,5105,Macrorregião Centro-Norte,51002,Baixada Cuiabana
MT,510300,5105,Macrorregião Centro-Norte,51002,Baixada Cuiabana
MT,510780,5105,Macrorregião Centro-Norte,51002,Baixada Cuiabana
MT,510610,5105,Macrorregião Centro-Norte,51002,Baixada Cuiabana
MT,510490,5105,Macrorregião Centro-Norte,51002,Baixada Cuiabana
MT,510160,5105,Macrorregião Centro-Norte,51002,Baixada Cuiabana
MT,510010,5105,Macrorregião Centro-Norte,51002,Baixada Cuiabana
MT,510620,5105,Macrorregião Centro-Norte,51002,Baixada Cuiabana
MT,510645,5105,Macrorregião Centro-Norte,51002,Baixada Cuiabana
MT,510795,5106,Macrorregião Centro-Noroeste,51007,Medio Norte Matogrossense
MT,510263,5106,Macrorregião Centro-Noroeste,51007,Medio Norte Matogrossense
MT,510515,5106,Macrorregião Centro-Noroeste,51008,Noroeste Matogrossense
MT,510170,5106,Macrorregião Centro-Noroeste,51007,Medio Norte Matogrossense
MT,510787,5106,Macrorregião Centro-Noroeste,51007,Medio Norte Matogrossense
MT,510325,5106,Macrorregião Centro-Noroeste,51008,Noroeste Matogrossense
MT,510140,5106,Macrorregião Centro-Noroeste,51008,Noroeste Matogrossense
MT,510350,5106,Macrorregião Centro-Noroeste,51004,Centro Norte
MT,510190,5106,Macrorregião Centro-Noroeste,51008,Noroeste Matogrossense
MT,510623,5106,Macrorregião Centro-Noroeste,51007,Medio Norte Matogrossense
MT,510590,5106,Macrorregião Centro-Noroeste,51004,Centro Norte
MT,510770,5106,Macrorregião Centro-Noroeste,51004,Centro Norte
MT,510730,5106,Macrorregião Centro-Noroeste,51004,Centro Norte
MT,510337,5106,Macrorregião Centro-Noroeste,51008,Noroeste Matogrossense
MT,510130,5106,Macrorregião Centro-Noroeste,51007,Medio Norte Matogrossense
MT,510517,5106,Macrorregião Centro-Noroeste,51008,Noroeste Matogrossense
MT,510050,5106,Macrorregião Centro-Noroeste,51004,Centro Norte
MT,510285,5106,Macrorregião Centro-Noroeste,51008,Noroeste Matogrossense
MT,510345,5106,Macrorregião Centro-Noroeste,51007,Medio Norte Matogrossense
MT,510600,5106,Macrorregião Centro-Noroeste,51004,Centro Norte
MT,510890,5106,Macrorregião Centro-Noroeste,51004,Centro Norte
MT,510885,5106,Macrorregião Centro-Noroeste,51007,Medio Norte Matogrossense
MT,510685,5106,Macrorregião Centro-Noroeste,51007,Medio Norte Matogrossense
MT,510726,5106,Macrorregião Centro-Noroeste,51007,Medio Norte Matogrossense
GO,521880,5206,Macrorregião Sudoeste,52015,Sudoeste I
GO,521190,5206,Macrorregião Sudoeste,52016,Sudoeste II
GO,521310,5206,Macrorregião Sudoeste,52016,Sudoeste II
GO,521850,5206,Macrorregião Sudoeste,52015,Sudoeste I
GO,521930,5206,Macrorregião Sudoeste,52015,Sudoeste I
GO,520013,5206,Macrorregião Sudoeste,52015,Sudoeste I
GO,522040,5206,Macrorregião Sudoeste,52015,Sudoeste I
GO,520440,5206,Macrorregião Sudoeste,52016,Sudoeste II
GO,520430,5206,Macrorregião Sudoeste,52015,Sudoeste I
GO,520547,5206,Macrorregião Sudoeste,52016,Sudoeste II
GO,521375,5206,Macrorregião Sudoeste,52015,Sudoeste I
GO,520410,5206,Macrorregião Sudoeste,52015,Sudoeste I
GO,521300,5206,Macrorregião Sudoeste,52015,Sudoeste I
GO,522050,5206,Macrorregião Sudoeste,52016,Sudoeste II
GO,521630,5206,Macrorregião Sudoeste,52015,Sudoeste I
GO,520725,5206,Macrorregião Sudoeste,52016,Sudoeste II
GO,521130,5206,Macrorregião Sudoeste,52015,Sudoeste I
GO,521940,5206,Macrorregião Sudoeste,52016,Sudoeste II
GO,522155,5206,Macrorregião Sudoeste,52015,Sudoeste I
GO,521080,5206,Macrorregião Sudoeste,52015,Sudoeste I
GO,520150,5206,Macrorregião Sudoeste,52016,Sudoeste II
GO,521971,5206,Macrorregião Sudoeste,52015,Sudoeste I
GO,521805,5206,Macrorregião Sudoeste,52015,Sudoeste I
GO,521810,5206,Macrorregião Sudoeste,52016,Sudoeste II
GO,520505,5206,Macrorregião Sudoeste,52015,Sudoeste I
GO,521645,5206,Macrorregião Sudoeste,52016,Sudoeste II
GO,520145,5206,Macrorregião Sudoeste,52015,Sudoeste I
GO,521225,5206,Macrorregião Sudoeste,52015,Sudoeste I
GO,520025,5207,Macrorregião Nordeste,52004,Entorno Sul
GO,521250,5207,Macrorregião Nordeste,52004,Entorno Sul
GO,522185,5207,Macrorregião Nordeste,52004,Entorno Sul
GO,520800,5207,Macrorregião Nordeste,52003,Entorno Norte
GO,521760,5207,Macrorregião Nordeste,52003,Entorno Norte
GO,521523,5207,Macrorregião Nordeste,52004,Entorno Sul
GO,520549,5207,Macrorregião Nordeste,52004,Entorno Sul
GO,521975,5207,Macrorregião Nordeste,52004,Entorno Sul
GO,520620,5207,Macrorregião Nordeste,52004,Entorno Sul
GO,521830,5207,Macrorregião Nordeste,52007,Nordeste II
GO,520490,5207,Macrorregião Nordeste,52006,Nordeste I
GO,522000,5207,Macrorregião Nordeste,52003,Entorno Norte
GO,520790,5207,Macrorregião Nordeste,52003,Entorno Norte
GO,520990,5207,Macrorregião Nordeste,52007,Nordeste II
GO,520060,5207,Macrorregião Nordeste,52003,Entorno Norte
GO,521980,5207,Macrorregião Nordeste,52007,Nordeste II
GO,520530,5207,Macrorregião Nordeste,52006,Nordeste I
GO,520080,5207,Macrorregião Nordeste,52007,Nordeste II
GO,521270,5207,Macrorregião Nordeste,52007,Nordeste II
GO,520400,5207,Macrorregião Nordeste,52003,Entorno Norte
GO,521350,5207,Macrorregião Nordeste,52006,Nordeste I
GO,522068,5207,Macrorregião Nordeste,52007,Nordeste II
GO,520017,5207,Macrorregião Nordeste,52003,Entorno Norte
GO,520830,5207,Macrorregião Nordeste,52006,Nordeste I
GO,522220,5207,Macrorregião Nordeste,52003,Entorno Norte
GO,520940,5207,Macrorregião Nordeste,52007,Nordeste II
GO,520670,5207,Macrorregião Nordeste,52007,Nordeste II
GO,520396,5207,Macrorregião Nordeste,52007,Nordeste II
GO,521490,5207,Macrorregião Nordeste,52007,Nordeste II
GO,522070,5207,Macrorregião Nordeste,52007,Nordeste II
GO,522108,5207,Macrorregião Nordeste,52006,Nordeste I
GO,520870,5208,Macrorregião Centro-Oeste,52001,Central
GO,522140,5208,Macrorregião Centro-Oeste,52001,Central
GO,520880,5208,Macrorregião Centro-Oeste,52001,Central
GO,521000,5208,Macrorregião Centro-Oeste,52001,Central
GO,521040,5208,Macrorregião Centro-Oeste,52012,Rio Vermelho
GO,521020,5208,Macrorregião Centro-Oeste,52009,Oeste I
GO,522010,5208,Macrorregião Centro-Oeste,52010,Oeste II
GO,521450,5208,Macrorregião Centro-Oeste,52001,Central
GO,521570,5208,Macrorregião Centro-Oeste,52010,Oeste II
GO,521120,5208,Macrorregião Centro-Oeste,52012,Rio Vermelho
GO,520890,5208,Macrorregião Centro-Oeste,52012,Rio Vermelho
GO,521220,5208,Macrorregião Centro-Oeste,52012,Rio Vermelho
GO,520920,5208,Macrorregião Centro-Oeste,52001,Central
GO,520005,5208,Macrorregião Centro-Oeste,52001,Central
GO,520130,5208,Macrorregião Centro-Oeste,52001,Central
GO,520170,5208,Macrorregião Centro-Oeste,52009,Oeste I
GO,521400,5208,Macrorregião Centro-Oeste,52012,Rio Vermelho
GO,521483,5208,Macrorregião Centro-Oeste,52012,Rio Vermelho
GO,521720,5208,Macrorregião Centro-Oeste,52009,Oeste I
GO,521640,5208,Macrorregião Centro-Oeste,52010,Oeste II
GO,520780,5208,Macrorregião Centro-Oeste,52010,Oeste II
GO,521680,5208,Macrorregião Centro-Oeste,52001,Central
GO,521500,5208,Macrorregião Centro-Oeste,52001,Central
GO,521370,5208,Macrorregião Centro-Oeste,52009,Oeste I
GO,520250,5208,Macrorregião Centro-Oeste,52012,Rio Vermelho
GO,521440,5208,Macrorregião Centro-Oeste,52001,Central
GO,521100,5208,Macrorregião Centro-Oeste,52012,Rio Vermelho
GO,521900,5208,Macrorregião Centro-Oeste,52010,Oeste II
GO,520340,5208,Macrorregião Centro-Oeste,52009,Oeste I
GO,521140,5208,Macrorregião Centro-Oeste,52001,Central
GO,521973,5208,Macrorregião Centro-Oeste,52001,Central
GO,520215,5208,Macrorregião Centro-Oeste,52012,Rio Vermelho
GO,520753,5208,Macrorregião Centro-Oeste,52012,Rio Vermelho
GO,521990,5208,Macrorregião Centro-Oeste,52001,Central
GO,521910,5208,Macrorregião Centro-Oeste,52001,Central
GO,520760,5208,Macrorregião Centro-Oeste,52009,Oeste I
GO,520380,5208,Macrorregião Centro-Oeste,52012,Rio Vermelho
GO,520085,5208,Macrorregião Centro-Oeste,52012,Rio Vermelho
GO,520520,5208,Macrorregião Centro-Oeste,52001,Central
GO,521056,5208,Macrorregião Centro-Oeste,52001,Central
GO,521925,5208,Macrorregião Centro-Oeste,52012,Rio Vermelho
GO,521390,5208,Macrorregião Centro-Oeste,52012,Rio Vermelho
GO,522150,5208,Macrorregião Centro-Oeste,52010,Oeste II
GO,521540,5208,Macrorregião Centro-Oeste,52001,Central
GO,521295,5208,Macrorregião Centro-Oeste,52012,Rio Vermelho
GO,522100,5208,Macrorregião Centro-Oeste,52001,Central
GO,520360,5208,Macrorregião Centro-Oeste,52001,Central
GO,521590,5208,Macrorregião Centro-Oeste,52010,Oeste II
GO,520160,5208,Macrorregião Centro-Oeste,52001,Central
GO,520460,5208,Macrorregião Centro-Oeste,52001,Central
GO,521520,5208,Macrorregião Centro-Oeste,52009,Oeste I
GO,520960,5208,Macrorregião Centro-Oeste,52012,Rio Vermelho
GO,520310,5208,Macrorregião Centro-Oeste,52009,Oeste I
GO,520260,5208,Macrorregião Centro-Oeste,52010,Oeste II
GO,521565,5208,Macrorregião Centro-Oeste,52009,Oeste I
GO,520090,5208,Macrorregião Centro-Oeste,52009,Oeste I
GO,520235,5208,Macrorregião Centro-Oeste,52009,Oeste I
GO,521200,5208,Macrorregião Centro-Oeste,52009,Oeste I
GO,520280,5208,Macrorregião Centro-Oeste,52001,Central
GO,521950,5208,Macrorregião Centro-Oeste,52001,Central
GO,520393,5208,Macrorregião Centro-Oeste,52010,Oeste II
GO,520680,5208,Macrorregião Centro-Oeste,52001,Central
GO,521160,5208,Macrorregião Centro-Oeste,52009,Oeste I
GO,521030,5208,Macrorregião Centro-Oeste,52009,Oeste I
GO,520570,5208,Macrorregião Centro-Oeste,52010,Oeste II
GO,520015,5208,Macrorregião Centro-Oeste,52010,Oeste II
GO,520929,5208,Macrorregião Centro-Oeste,52012,Rio Vermelho
GO,521205,5208,Macrorregião Centro-Oeste,52001,Central
GO,520710,5208,Macrorregião Centro-Oeste,52009,Oeste I
GO,522005,5208,Macrorregião Centro-Oeste,52010,Oeste II
GO,521340,5208,Macrorregião Centro-Oeste,52009,Oeste I
GO,520420,5208,Macrorregião Centro-Oeste,52010,Oeste II
GO,520110,5209,Macrorregião Centro-Norte,52011,Pirineus
GO,520860,5209,Macrorregião Centro-Norte,52018,São Patricio II
GO,521180,5209,Macrorregião Centro-Norte,52018,São Patricio II
GO,521800,5209,Macrorregião Centro-Norte,52008,Norte
GO,522160,5209,Macrorregião Centro-Norte,52014,Serra da Mesa
GO,521560,5209,Macrorregião Centro-Norte,52018,São Patricio II
GO,521460,5209,Macrorregião Centro-Norte,52014,Serra da Mesa
GO,521308,5209,Macrorregião Centro-Norte,52008,Norte
GO,520030,5209,Macrorregião Centro-Norte,52011,Pirineus
GO,521730,5209,Macrorregião Centro-Norte,52011,Pirineus
GO,520551,5209,Macrorregião Centro-Norte,52011,Pirineus
GO,520540,5209,Macrorregião Centro-Norte,52013,São Patricio I
GO,522020,5209,Macrorregião Centro-Norte,52008,Norte
GO,521090,5209,Macrorregião Centro-Norte,52013,São Patricio I
GO,521890,5209,Macrorregião Centro-Norte,52013,São Patricio I
GO,520010,5209,Macrorregião Centro-Norte,52011,Pirineus
GO,520640,5209,Macrorregião Centro-Norte,52013,São Patricio I
GO,520840,5209,Macrorregião Centro-Norte,52011,Pirineus
GO,522170,5209,Macrorregião Centro-Norte,52013,São Patricio I
GO,520470,5209,Macrorregião Centro-Norte,52014,Serra da Mesa
GO,521860,5209,Macrorregião Centro-Norte,52013,São Patricio I
GO,521280,5209,Macrorregião Centro-Norte,52014,Serra da Mesa
GO,521970,5209,Macrorregião Centro-Norte,52013,São Patricio I
GO,520580,5209,Macrorregião Centro-Norte,52011,Pirineus
GO,520320,5209,Macrorregião Centro-Norte,52018,São Patricio II
GO,520500,5209,Macrorregião Centro-Norte,52013,São Patricio I
GO,521486,5209,Macrorregião Centro-Norte,52013,São Patricio I
GO,520485,5209,Macrorregião Centro-Norte,52011,Pirineus
GO,522119,5209,Macrorregião Centro-Norte,52011,Pirineus
GO,521405,5209,Macrorregião Centro-Norte,52008,Norte
GO,520055,5209,Macrorregião Centro-Norte,52014,Serra da Mesa
GO,522230,5209,Macrorregião Centro-Norte,52018,São Patricio II
GO,521060,5209,Macrorregião Centro-Norte,52018,São Patricio II
GO,522015,5209,Macrorregião Centro-Norte,52013,São Patricio I
GO,520810,5209,Macrorregião Centro-Norte,52008,Norte
GO,520552,5209,Macrorregião Centro-Norte,52014,Serra da Mesa
GO,520495,5209,Macrorregião Centro-Norte,52013,São Patricio I
GO,521870,5209,Macrorregião Centro-Norte,52013,São Patricio I
GO,521377,5209,Macrorregião Centro-Norte,52008,Norte
GO,521525,5209,Macrorregião Centro-Norte,52008,Norte
GO,520465,5209,Macrorregião Centro-Norte,52008,Norte
GO,521410,5209,Macrorregião Centro-Norte,52008,Norte
GO,520980,5209,Macrorregião Centro-Norte,52014,Serra da Mesa
GO,521935,5209,Macrorregião Centro-Norte,52013,São Patricio I
GO,520815,5209,Macrorregião Centro-Norte,52011,Pirineus
GO,520357,5209,Macrorregião Centro-Norte,52008,Norte
GO,521960,5209,Macrorregião Centro-Norte,52008,Norte
GO,520082,5209,Macrorregião Centro-Norte,52014,Serra da Mesa
GO,520750,5209,Macrorregião Centro-Norte,52008,Norte
GO,522145,5209,Macrorregião Centro-Norte,52008,Norte
GO,521487,5209,Macrorregião Centro-Norte,52014,Serra da Mesa
GO,521015,5209,Macrorregião Centro-Norte,52013,São Patricio I
GO,522157,5209,Macrorregião Centro-Norte,52013,São Patricio I
GO,521945,5209,Macrorregião Centro-Norte,52018,São Patricio II
GO,521305,5209,Macrorregião Centro-Norte,52018,São Patricio II
GO,521385,5209,Macrorregião Centro-Norte,52013,São Patricio I
GO,521470,5209,Macrorregião Centro-Norte,52013,São Patricio I
GO,521690,5209,Macrorregião Centro-Norte,52013,São Patricio I
GO,520945,5209,Macrorregião Centro-Norte,52013,São Patricio I
GO,522028,5209,Macrorregião Centro-Norte,52013,São Patricio I
GO,520140,5210,Macrorregião Centro Sudeste,52002,Centro Sul
GO,522045,5210,Macrorregião Centro Sudeste,52002,Centro Sul
GO,520510,5210,Macrorregião Centro Sudeste,52005,Estrada de Ferro
GO,521150,5210,Macrorregião Centro Sudeste,52017,Sul
GO,520450,5210,Macrorregião Centro Sudeste,52005,Estrada de Ferro
GO,521380,5210,Macrorregião Centro Sudeste,52017,Sul
GO,520910,5210,Macrorregião Centro Sudeste,52017,Sul
GO,520330,5210,Macrorregião Centro Sudeste,52002,Centro Sul
GO,521740,5210,Macrorregião Centro Sudeste,52005,Estrada de Ferro
GO,520970,5210,Macrorregião Centro Sudeste,52002,Centro Sul
GO,521010,5210,Macrorregião Centro Sudeste,52005,Estrada de Ferro
GO,521710,5210,Macrorregião Centro Sudeste,52002,Centro Sul
GO,520350,5210,Macrorregião Centro Sudeste,52017,Sul
GO,522060,5210,Macrorregião Centro Sudeste,52002,Centro Sul
GO,521770,5210,Macrorregião Centro Sudeste,52002,Centro Sul
GO,520995,5210,Macrorregião Centro Sudeste,52002,Centro Sul
GO,521530,5210,Macrorregião Centro Sudeste,52002,Centro Sul
GO,522200,5210,Macrorregião Centro Sudeste,52002,Centro Sul
GO,520180,5210,Macrorregião Centro Sudeste,52002,Centro Sul
GO,520740,5210,Macrorregião Centro Sudeste,52002,Centro Sul
GO,520390,5210,Macrorregião Centro Sudeste,52017,Sul
GO,520355,5210,Macrorregião Centro Sudeste,52002,Centro Sul
GO,520590,5210,Macrorregião Centro Sudeste,52005,Estrada de Ferro
GO,522205,5210,Macrorregião Centro Sudeste,52002,Centro Sul
GO,521230,5210,Macrorregião Centro Sudeste,52002,Centro Sul
GO,520545,5210,Macrorregião Centro Sudeste,52002,Centro Sul
GO,520425,5210,Macrorregião Centro Sudeste,52017,Sul
GO,520480,5210,Macrorregião Centro Sudeste,52005,Estrada de Ferro
GO,521550,5210,Macrorregião Centro Sudeste,52005,Estrada de Ferro
GO,521210,5210,Macrorregião Centro Sudeste,52017,Sul
GO,521170,5210,Macrorregião Centro Sudeste,52002,Centro Sul
GO,520993,5210,Macrorregião Centro Sudeste,52017,Sul
GO,520850,5210,Macrorregião Centro Sudeste,52005,Estrada de Ferro
GO,520455,5210,Macrorregião Centro Sudeste,52002,Centro Sul
GO,522026,5210,Macrorregião Centro Sudeste,52002,Centro Sul
GO,520915,5210,Macrorregião Centro Sudeste,52017,Sul
GO,520735,5210,Macrorregião Centro Sudeste,52002,Centro Sul
GO,520650,5210,Macrorregião Centro Sudeste,52002,Centro Sul
GO,521878,5210,Macrorregião Centro Sudeste,52005,Estrada de Ferro
GO,522190,5210,Macrorregião Centro Sudeste,52002,Centro Sul
GO,521839,5210,Macrorregião Centro Sudeste,52002,Centro Sul
GO,522180,5210,Macrorregião Centro Sudeste,52005,Estrada de Ferro
GO,520630,5210,Macrorregião Centro Sudeste,52002,Centro Sul
GO,521920,5210,Macrorregião Centro Sudeste,52005,Estrada de Ferro
GO,520660,5210,Macrorregião Centro Sudeste,52005,Estrada de Ferro
GO,522130,5210,Macrorregião Centro Sudeste,52005,Estrada de Ferro
GO,521290,5210,Macrorregião Centro Sudeste,52005,Estrada de Ferro
GO,521260,5210,Macrorregião Centro Sudeste,52002,Centro Sul
GO,521600,5210,Macrorregião Centro Sudeste,52017,Sul
GO,521580,5210,Macrorregião Centro Sudeste,52005,Estrada de Ferro
GO,521480,5210,Macrorregião Centro Sudeste,52005,Estrada de Ferro
GO,520050,5210,Macrorregião Centro Sudeste,52017,Sul
GO,520690,5210,Macrorregião Centro Sudeste,52005,Estrada de Ferro
GO,520020,5210,Macrorregião Centro Sudeste,52017,Sul
GO,520120,5210,Macrorregião Centro Sudeste,52005,Estrada de Ferro
DF,530010,5302,Distrito Federal,53001,Distrito Federal
