{
"type": "FeatureCollection",
"name": "geojs-13-macro_regions",
"crs": { "type": "name", "properties": { "name": "urn:ogc:def:crs:OGC:1.3:CRS84" } },
"features": [
{ "type": "Feature", "properties": { "MACRO_ID": "1302", "MACRO_NAME": "Oeste", "id": "130002", "name": "Alvarães", "description": "Alvarães", "MUN_ID": "130002", "UF": "AM", "HREG_ID": "13008", "HREG_NAME": "Triângulo" }, "geometry": { "type": "Polygon", "coordinates": [ [ [ -69.493776, -7.301657 ], [ -69.4845, -7.314319 ], [ -69.485719, -7.330032 ], [ -69.488307, -7.337429 ], [ -69.511198, -7.35984 ], [ -69.496002, -7.38202 ], [ -69.496811, -7.390479 ], [ -69.490561, -7.404528 ], [ -69.497305, -7.409377 ], [ -69.515721, -7.413909 ], [ -69.519999, -7.420688 ], [ -69.523831, -7.443837 ], [ -69.519166, -7.450175 ], [ -69.511609, -7.451269 ], [ -69.5082, -7.458554 ], [ -69.510852, -7.462793 ], [ -69.520416, -7.479278 ], [ -69.53322, -7.488883 ], [ -69.55248, -7.536775 ], [ -69.562866, -7.549287 ], [ -69.565113, -7.556898 ], [ -69.554752, -7.570088 ], [ -69.584306, -7.607798 ], [ -69.592062, -7.611799 ], [ -69.588624, -7.622905 ], [ -69.582, -7.633457 ], [ -69.574974, -7.637385 ], [ -69.572304, -7.644609 ], [ -69.556451, -7.650932 ], [ -69.554721, -7.658334 ], [ -69.569255, -7.686182 ], [ -69.583469, -7.6921 ], [ -69.590478, -7.688356 ], [ -69.598881, -7.692951 ], [ -69.614859, -7.717645 ], [ -69.610756, -7.734173 ], [ -69.624664, -7.752019 ], [ -69.632655, -7.755705 ], [ -69.646118, -7.762551 ], [ -69.648588, -7.770066 ], [ -69.656052, -7.766903 ], [ -69.664978, -7.781648 ], [ -69.672641, -7.780118 ], [ -69.67484, -7.787404 ], [ -69.681414, -7.792996 ], [ -69.696139, -7.784899 ], [ -69.704365, -7.78704 ], [ -69.730113, -7.819941 ], [ -69.743363, -7.821418 ], [ -69.750307, -7.834717 ], [ -69.763139, -7.842952 ], [ -69.766809, -7.863019 ], [ -69.791886, -7.867406 ], [ -69.797443, -7.873793 ], [ -69.797921, -7.890505 ], [ -69.79056, -7.892579 ], [ -69.784305, -7.908096 ], [ -69.788497, -7.939953 ], [ -69.799977, -7.951439 ], [ -69.79795, -7.976788 ], [ -69.786723, -7.998045 ], [ -69.800784, -8.040908 ], [ -69.801148, -8.060751 ], [ -69.801216, -8.060693 ], [ -69.988882, -7.900629 ], [ -70.050892, -7.847779 ], [ -70.051807, -7.846999 ], [ -70.235398, -7.824052 ], [ -70.3327, -7.812894 ], [ -70.515259, -7.791927 ], [ -70.518226, -7.791586 ], [ -70.65853, -7.775444 ], [ -70.678377, -7.773158 ], [ -70.706831, -7.769881 ], [ -70.724061, -7.767896 ], [ -70.77197, -7.762375 ], [ -70.773814, -7.762162 ], [ -70.791964, -7.76007 ], [ -71.087929, -7.725894 ], [ -71.381108, -7.691941 ], [ -71.394642, -7.690371 ], [ -71.645125, -7.661283 ], [ -71.722, -7.652341 ], [ -71.79183, -7.644213 ], [ -71.957436, -7.624918 ], [ -72.07709, -7.610959 ], [ -72.168961, -7.60023 ], [ -72.364303, -7.57739 ], [ -72.584193, -7.551635 ], [ -72.588009, -7.550251 ], [ -72.592429, -7.548648 ], [ -72.600081, -7.545873 ], [ -72.900611, -7.436948 ], [ -73.119561, -7.357676 ], [ -73.181938, -7.335105 ], [ -73.726428, -7.138357 ], [ -73.737624, -7.134317 ], [ -73.800982, -7.111457 ], [ -73.796169, -7.102966 ], [ -73.773705, -7.084873 ], [ -73.73815, -7.044957 ], [ -73.726207, -7.022157 ], [ -73.729451, -7.006498 ], [ -73.738009, -6.998938 ], [ -73.737811, -6.981756 ], [ -73.742282, -6.964892 ], [ -73.754006, -6.941541 ], [ -73.752316, -6.932706 ], [ -73.74093, -6.909179 ], [ -73.72087, -6.888721 ], [ -73.716346, -6.870033 ], [ -73.710952, -6.862283 ], [ -73.706621, -6.839285 ], [ -73.696759, -6.839033 ], [ -73.689896, -6.833939 ], [ -73.680959, -6.817705 ], [ -73.666206, -6.806081 ], [ -73.647976, -6.77788 ], [ -73.642231, -6.761783 ], [ -73.615229, -6.740935 ], [ -73.606509, -6.738708 ], [ -73.583979, -6.724355 ], [ -73.575922, -6.726106 ], [ -73.5592, -6.720587 ], [ -73.549863, -6.706284 ], [ -73.515842, -6.676984 ], [ -73.497641, -6.671502 ], [ -73.481927, -6.670805 ], [ -73.475508, -6.664978 ], [ -73.458065, -6.665175 ], [ -73.436449, -6.650708 ], [ -73.427699, -6.65188 ], [ -73.412117, -6.641723 ], [ -73.404504, -6.642562 ], [ -73.380117, -6.634657 ], [ -73.378641, -6.616921 ], [ -73.37417, -6.610705 ], [ -73.359283, -6.602188 ], [ -73.353918, -6.59455 ], [ -73.337061, -6.592706 ], [ -73.331229, -6.599571 ], [ -73.325282, -6.593969 ], [ -73.31023, -6.592143 ], [ -73.300976, -6.594331 ], [ -73.27989, -6.585079 ], [ -73.262908, -6.586308 ], [ -73.255169, -6.582376 ], [ -73.246584, -6.583888 ], [ -73.232617, -6.577532 ], [ -73.229562, -6.570138 ], [ -73.22148, -6.5644 ], [ -73.219116, -6.572824 ], [ -73.212391, -6.577472 ], [ -73.199791, -6.564421 ], [ -73.204658, -6.556539 ], [ -73.197556, -6.55365 ], [ -73.197693, -6.544128 ], [ -73.189613, -6.544851 ], [ -73.181953, -6.539656 ], [ -73.18364, -6.527208 ], [ -73.172085, -6.517886 ], [ -73.166281, -6.525658 ], [ -73.152808, -6.519645 ], [ -73.137844, -6.49761 ], [ -73.141197, -6.490838 ], [ -73.131671, -6.467877 ], [ -73.123172, -6.462926 ], [ -73.123086, -6.454425 ], [ -73.117254, -6.449475 ], [ -73.117559, -6.439519 ], [ -73.121993, -6.431495 ], [ -73.118722, -6.423547 ], [ -73.110393, -6.419623 ], [ -73.108405, -6.410194 ], [ -73.116419, -6.394505 ], [ -73.132947, -6.386998 ], [ -73.138667, -6.36273 ], [ -73.144952, -6.355924 ], [ -73.150508, -6.321339 ], [ -73.157695, -6.326899 ], [ -73.160471, -6.317719 ], [ -73.161004, -6.298691 ], [ -73.1655, -6.290275 ], [ -73.161486, -6.282641 ], [ -73.164917, -6.273843 ], [ -73.184588, -6.256667 ], [ -73.192364, -6.255939 ], [ -73.197198, -6.239314 ], [ -73.208529, -6.226205 ], [ -73.218644, -6.22133 ], [ -73.217616, -6.186313 ], [ -73.219953, -6.178169 ], [ -73.249675, -6.144576 ], [ -73.252087, -6.129516 ], [ -73.250224, -6.104553 ], [ -73.234599, -6.085478 ], [ -73.239163, -6.079176 ], [ -73.231204, -6.073207 ], [ -73.236896, -6.031826 ], [ -73.229448, -6.030405 ], [ -73.217312, -6.019422 ], [ -73.215586, -6.011468 ], [ -73.209639, -6.004675 ], [ -73.20206, -6.004951 ], [ -73.18845, -5.998872 ], [ -73.193526, -5.983935 ], [ -73.181208, -5.962424 ], [ -73.186094, -5.955247 ], [ -73.187277, -5.938423 ], [ -73.18239, -5.932226 ], [ -73.18095, -5.922604 ], [ -73.173147, -5.923537 ], [ -73.173666, -5.915175 ], [ -73.167734, -5.908961 ], [ -73.169396, -5.892424 ], [ -73.155293, -5.882191 ], [ -73.160549, -5.876258 ], [ -73.156391, -5.869052 ], [ -73.150473, -5.863085 ], [ -73.142642, -5.863308 ], [ -73.137061, -5.85819 ], [ -73.114086, -5.853386 ], [ -73.116478, -5.828235 ], [ -73.109673, -5.823861 ], [ -73.092949, -5.821343 ], [ -73.095084, -5.81296 ], [ -73.078674, -5.805664 ], [ -73.063474, -5.788918 ], [ -73.054917, -5.788746 ], [ -73.055442, -5.771514 ], [ -73.049056, -5.765669 ], [ -73.046972, -5.755712 ], [ -73.041948, -5.74866 ], [ -73.034142, -5.750241 ], [ -73.026391, -5.744907 ], [ -73.02003, -5.739151 ], [ -73.021112, -5.73157 ], [ -73.002312, -5.721037 ], [ -72.998149, -5.714374 ], [ -73.003406, -5.707883 ], [ -72.991618, -5.703415 ], [ -72.992138, -5.695441 ], [ -72.984428, -5.69394 ], [ -72.986719, -5.681468 ], [ -72.985671, -5.676957 ], [ -72.989807, -5.668992 ], [ -72.985696, -5.661944 ], [ -72.971167, -5.656879 ], [ -72.964638, -5.661341 ], [ -72.961204, -5.654215 ], [ -72.965445, -5.645019 ], [ -72.966723, -5.629224 ], [ -72.973916, -5.623704 ], [ -72.972641, -5.607752 ], [ -72.965809, -5.592843 ], [ -72.95048, -5.583974 ], [ -72.957961, -5.57045 ], [ -72.951398, -5.56584 ], [ -72.95664, -5.556406 ], [ -72.953197, -5.539785 ], [ -72.959949, -5.523131 ], [ -72.963195, -5.497741 ], [ -72.957451, -5.491647 ], [ -72.956338, -5.465045 ], [ -72.94787, -5.451495 ], [ -72.950408, -5.444342 ], [ -72.941921, -5.441116 ], [ -72.935328, -5.418382 ], [ -72.928837, -5.41276 ], [ -72.928561, -5.405115 ], [ -72.919863, -5.38987 ], [ -72.920167, -5.382054 ], [ -72.906446, -5.374767 ], [ -72.908749, -5.365692 ], [ -72.898169, -5.345826 ], [ -72.898084, -5.33667 ], [ -72.885581, -5.322945 ], [ -72.887825, -5.312922 ], [ -72.879332, -5.310485 ], [ -72.869536, -5.298988 ], [ -72.875156, -5.293057 ], [ -72.868334, -5.288745 ], [ -72.863726, -5.272915 ], [ -72.86856, -5.266085 ], [ -72.87111, -5.252815 ], [ -72.86295, -5.239431 ], [ -72.866475, -5.232551 ], [ -72.863283, -5.216774 ], [ -72.865253, -5.209461 ], [ -72.873159, -5.20633 ], [ -72.868367, -5.199463 ], [ -72.876476, -5.185254 ], [ -72.876782, -5.177209 ], [ -72.883838, -5.174374 ], [ -72.884497, -5.166454 ], [ -72.876667, -5.162198 ], [ -72.872501, -5.15571 ], [ -72.864533, -5.155365 ], [ -72.855695, -5.143187 ], [ -72.847085, -5.142223 ], [ -72.842945, -5.149612 ], [ -72.821723, -5.141725 ], [ -72.815444, -5.138129 ], [ -72.815251, -5.134274 ], [ -72.814007, -5.109376 ], [ -72.797945, -5.114838 ], [ -72.782197, -5.112164 ], [ -72.779837, -5.103112 ], [ -72.773638, -5.098506 ], [ -72.765637, -5.103315 ], [ -72.759723, -5.097799 ], [ -72.753106, -5.082412 ], [ -72.738696, -5.091139 ], [ -72.73639, -5.08243 ], [ -72.729651, -5.077703 ], [ -72.735249, -5.071887 ], [ -72.733721, -5.063754 ], [ -72.725253, -5.065163 ], [ -72.720361, -5.058683 ], [ -72.711888, -5.058625 ], [ -72.70697, -5.052536 ], [ -72.691553, -5.064246 ], [ -72.677917, -5.054528 ], [ -72.667419, -5.054823 ], [ -72.652081, -5.063339 ], [ -72.648169, -5.05392 ], [ -72.640916, -5.049777 ], [ -72.639169, -5.057714 ], [ -72.628947, -5.051661 ], [ -72.610527, -5.036877 ], [ -72.60894, -5.016323 ], [ -72.602527, -5.010589 ], [ -72.601752, -5.00249 ], [ -72.606105, -4.995218 ], [ -72.592057, -4.991285 ], [ -72.585917, -4.984868 ], [ -72.576888, -4.984978 ], [ -72.569056, -4.981117 ], [ -72.54711, -4.958145 ], [ -72.538607, -4.961379 ], [ -72.527492, -4.957806 ], [ -72.521306, -4.936609 ], [ -72.505167, -4.941803 ], [ -72.508054, -4.95034 ], [ -72.497557, -4.953572 ], [ -72.490112, -4.936573 ], [ -72.484614, -4.942264 ], [ -72.488132, -4.950216 ], [ -72.481111, -4.95322 ], [ -72.475531, -4.945426 ], [ -72.476168, -4.929068 ], [ -72.457558, -4.925203 ], [ -72.457305, -4.914854 ], [ -72.465261, -4.907184 ], [ -72.468383, -4.903164 ], [ -72.463584, -4.89607 ], [ -72.454501, -4.89533 ], [ -72.45161, -4.903389 ], [ -72.443724, -4.901174 ], [ -72.440875, -4.907824 ], [ -72.432645, -4.910978 ], [ -72.429779, -4.9025 ], [ -72.419224, -4.897455 ], [ -72.419918, -4.887385 ], [ -72.426545, -4.880773 ], [ -72.418221, -4.877822 ], [ -72.411863, -4.884543 ], [ -72.398529, -4.874825 ], [ -72.385119, -4.871915 ], [ -72.384274, -4.850662 ], [ -72.380834, -4.843892 ], [ -72.38296, -4.830981 ], [ -72.375635, -4.827272 ], [ -72.371086, -4.807004 ], [ -72.347279, -4.805986 ], [ -72.336366, -4.797006 ], [ -72.323554, -4.7965 ], [ -72.323111, -4.787329 ], [ -72.327135, -4.780849 ], [ -72.320114, -4.777496 ], [ -72.307924, -4.783171 ], [ -72.299194, -4.775807 ], [ -72.277085, -4.78341 ], [ -72.282552, -4.790279 ], [ -72.279665, -4.798343 ], [ -72.271054, -4.79556 ], [ -72.253611, -4.765087 ], [ -72.246666, -4.780583 ], [ -72.23089, -4.776484 ], [ -72.215971, -4.767567 ], [ -72.214018, -4.756589 ], [ -72.205611, -4.750869 ], [ -72.191888, -4.761647 ], [ -72.18745, -4.753681 ], [ -72.192349, -4.746296 ], [ -72.168914, -4.734543 ], [ -72.16089, -4.736119 ], [ -72.159834, -4.727634 ], [ -72.14522, -4.721205 ], [ -72.140669, -4.713362 ], [ -72.126575, -4.722986 ], [ -72.115129, -4.713498 ], [ -72.09978, -4.702834 ], [ -72.090473, -4.688509 ], [ -72.076312, -4.679179 ], [ -72.08158, -4.672364 ], [ -72.062056, -4.653116 ], [ -72.044749, -4.6514 ], [ -72.037002, -4.636942 ], [ -72.038766, -4.62288 ], [ -72.017778, -4.631173 ], [ -72.013169, -4.637878 ], [ -72.005334, -4.641318 ], [ -72.004556, -4.631926 ], [ -72.000083, -4.62555 ], [ -71.983967, -4.625071 ], [ -71.976222, -4.607754 ], [ -71.969026, -4.604905 ], [ -71.961665, -4.607804 ], [ -71.944894, -4.604546 ], [ -71.949383, -4.597331 ], [ -71.941162, -4.592946 ], [ -71.946472, -4.584334 ], [ -71.945632, -4.575417 ], [ -71.935858, -4.576561 ], [ -71.929527, -4.570844 ], [ -71.931606, -4.561145 ], [ -71.922662, -4.562215 ], [ -71.921112, -4.554515 ], [ -71.926435, -4.544774 ], [ -71.910555, -4.538967 ], [ -71.909694, -4.548612 ], [ -71.902002, -4.543553 ], [ -71.903489, -4.52786 ], [ -71.893029, -4.537955 ], [ -71.884865, -4.533462 ], [ -71.888554, -4.521303 ], [ -71.882335, -4.515817 ], [ -71.867664, -4.526451 ], [ -71.855889, -4.512813 ], [ -71.838346, -4.504952 ], [ -71.810612, -4.497328 ], [ -71.799999, -4.490541 ], [ -71.78839, -4.490966 ], [ -71.776471, -4.487194 ], [ -71.771028, -4.494952 ], [ -71.771829, -4.504686 ], [ -71.760668, -4.503234 ], [ -71.751331, -4.495002 ], [ -71.749387, -4.486439 ], [ -71.754658, -4.476922 ], [ -71.747999, -4.472222 ], [ -71.740612, -4.485165 ], [ -71.738971, -4.497093 ], [ -71.727889, -4.498622 ], [ -71.714387, -4.5119 ], [ -71.703775, -4.512696 ], [ -71.689501, -4.501727 ], [ -71.670637, -4.509388 ], [ -71.654369, -4.495202 ], [ -71.653388, -4.507892 ], [ -71.626418, -4.49098 ], [ -71.629721, -4.4827 ], [ -71.625944, -4.474614 ], [ -71.618831, -4.469889 ], [ -71.61361, -4.478944 ], [ -71.615222, -4.486443 ], [ -71.623723, -4.506645 ], [ -71.633775, -4.510555 ], [ -71.633637, -4.518823 ], [ -71.625977, -4.525386 ], [ -71.614026, -4.533147 ], [ -71.603714, -4.53332 ], [ -71.582165, -4.519845 ], [ -71.569083, -4.506918 ], [ -71.553944, -4.480719 ], [ -71.541388, -4.483973 ], [ -71.541665, -4.473517 ], [ -71.536999, -4.467015 ], [ -71.521131, -4.468238 ], [ -71.502194, -4.486527 ], [ -71.494304, -4.48705 ], [ -71.494109, -4.478292 ], [ -71.506721, -4.465175 ], [ -71.508911, -4.447987 ], [ -71.497442, -4.449229 ], [ -71.488774, -4.459607 ], [ -71.479889, -4.454693 ], [ -71.480853, -4.442768 ], [ -71.472665, -4.439289 ], [ -71.459421, -4.439093 ], [ -71.449361, -4.451501 ], [ -71.436886, -4.450972 ], [ -71.436332, -4.460185 ], [ -71.430303, -4.466303 ], [ -71.417274, -4.465873 ], [ -71.409181, -4.451571 ], [ -71.401803, -4.437754 ], [ -71.388194, -4.427814 ], [ -71.369443, -4.435427 ], [ -71.358935, -4.433342 ], [ -71.353387, -4.427616 ], [ -71.346608, -4.433997 ], [ -71.344917, -4.444399 ], [ -71.335528, -4.441863 ], [ -71.319419, -4.444183 ], [ -71.313388, -4.448761 ], [ -71.314082, -4.458212 ], [ -71.302697, -4.451353 ], [ -71.306918, -4.44003 ], [ -71.317664, -4.432614 ], [ -71.323408, -4.421293 ], [ -71.309747, -4.417355 ], [ -71.297751, -4.437159 ], [ -71.285498, -4.442633 ], [ -71.26603, -4.428373 ], [ -71.271026, -4.396658 ], [ -71.277549, -4.387679 ], [ -71.268497, -4.385997 ], [ -71.250718, -4.390959 ], [ -71.238584, -4.386809 ], [ -71.228359, -4.387378 ], [ -71.229995, -4.407424 ], [ -71.220219, -4.405228 ], [ -71.219279, -4.386997 ], [ -71.214119, -4.379621 ], [ -71.206554, -4.379497 ], [ -71.201668, -4.388669 ], [ -71.208466, -4.400064 ], [ -71.200859, -4.425699 ], [ -71.188276, -4.414339 ], [ -71.188797, -4.398717 ], [ -71.184279, -4.392337 ], [ -71.172472, -4.395322 ], [ -71.166692, -4.390219 ], [ -71.160057, -4.394733 ], [ -71.159778, -4.405772 ], [ -71.149805, -4.399541 ], [ -71.153249, -4.382766 ], [ -71.137385, -4.386274 ], [ -71.117108, -4.410178 ], [ -71.108862, -4.40097 ], [ -71.110388, -4.383828 ], [ -71.099973, -4.37703 ], [ -71.088081, -4.375372 ], [ -71.079168, -4.379464 ], [ -71.085603, -4.389662 ], [ -71.079, -4.395942 ], [ -71.05811, -4.386295 ], [ -71.056662, -4.372987 ], [ -71.04758, -4.374642 ], [ -71.049939, -4.395377 ], [ -71.042722, -4.40064 ], [ -71.030277, -4.396705 ], [ -71.023472, -4.384511 ], [ -71.01575, -4.383464 ], [ -71.006969, -4.387385 ], [ -70.995138, -4.384142 ], [ -70.987914, -4.369331 ], [ -70.98897, -4.361645 ], [ -70.999522, -4.354221 ], [ -70.996248, -4.344848 ], [ -70.984304, -4.35208 ], [ -70.975969, -4.362575 ], [ -70.972612, -4.375338 ], [ -70.948806, -4.37915 ], [ -70.9425, -4.3855 ], [ -70.936389, -4.374858 ], [ -70.936659, -4.363373 ], [ -70.931275, -4.356131 ], [ -70.924555, -4.361493 ], [ -70.914939, -4.353671 ], [ -70.908276, -4.332878 ], [ -70.89933, -4.324225 ], [ -70.879503, -4.322401 ], [ -70.882906, -4.300402 ], [ -70.878912, -4.29222 ], [ -70.84933, -4.278292 ], [ -70.865318, -4.259751 ], [ -70.868105, -4.250242 ], [ -70.855833, -4.247273 ], [ -70.843584, -4.253588 ], [ -70.83233, -4.249875 ], [ -70.829999, -4.239898 ], [ -70.819722, -4.231906 ], [ -70.82964, -4.218568 ], [ -70.825112, -4.202633 ], [ -70.812334, -4.196142 ], [ -70.807611, -4.183171 ], [ -70.790943, -4.185759 ], [ -70.775303, -4.166375 ], [ -70.76736, -4.160846 ], [ -70.758446, -4.159611 ], [ -70.747943, -4.164929 ], [ -70.729386, -4.184083 ], [ -70.71936, -4.187591 ], [ -70.700388, -4.18805 ], [ -70.692097, -4.198722 ], [ -70.680473, -4.199431 ], [ -70.675668, -4.189744 ], [ -70.672138, -4.166707 ], [ -70.674722, -4.144655 ], [ -70.665193, -4.146292 ], [ -70.662915, -4.15833 ], [ -70.655217, -4.166621 ], [ -70.652938, -4.126834 ], [ -70.631109, -4.126407 ], [ -70.623388, -4.131411 ], [ -70.625552, -4.142757 ], [ -70.638328, -4.165905 ], [ -70.63825, -4.179247 ], [ -70.624386, -4.192433 ], [ -70.604109, -4.187434 ], [ -70.579278, -4.172756 ], [ -70.56472, -4.168733 ], [ -70.561084, -4.161211 ], [ -70.545639, -4.149743 ], [ -70.548774, -4.136824 ], [ -70.52039, -4.14232 ], [ -70.508916, -4.163194 ], [ -70.520993, -4.190526 ], [ -70.514695, -4.195841 ], [ -70.502889, -4.196775 ], [ -70.494638, -4.165939 ], [ -70.487165, -4.161521 ], [ -70.47275, -4.177013 ], [ -70.463028, -4.172779 ], [ -70.460137, -4.1625 ], [ -70.443054, -4.164938 ], [ -70.43689, -4.158241 ], [ -70.446161, -4.141541 ], [ -70.438944, -4.133783 ], [ -70.418609, -4.140094 ], [ -70.395718, -4.141946 ], [ -70.386608, -4.137313 ], [ -70.375275, -4.141464 ], [ -70.360691, -4.169127 ], [ -70.350805, -4.180458 ], [ -70.340249, -4.186471 ], [ -70.331972, -4.178035 ], [ -70.329141, -4.167692 ], [ -70.331299, -4.15596 ], [ -70.325472, -4.145933 ], [ -70.312025, -4.162438 ], [ -70.298274, -4.165702 ], [ -70.291803, -4.176158 ], [ -70.294581, -4.200185 ], [ -70.284333, -4.233483 ], [ -70.289915, -4.240977 ], [ -70.312237, -4.249935 ], [ -70.315355, -4.259143 ], [ -70.289033, -4.281953 ], [ -70.297793, -4.290384 ], [ -70.286108, -4.294942 ], [ -70.255055, -4.277322 ], [ -70.24975, -4.286748 ], [ -70.256518, -4.295643 ], [ -70.272195, -4.300697 ], [ -70.266273, -4.311661 ], [ -70.25494, -4.318075 ], [ -70.23372, -4.322856 ], [ -70.221886, -4.323957 ], [ -70.215995, -4.318732 ], [ -70.208389, -4.327782 ], [ -70.205753, -4.353855 ], [ -70.205137, -4.360632 ], [ -70.198527, -4.366054 ], [ -70.18855, -4.365326 ], [ -70.179637, -4.357738 ], [ -70.177692, -4.346779 ], [ -70.169525, -4.34055 ], [ -70.151833, -4.335224 ], [ -70.151784, -4.325325 ], [ -70.16758, -4.314402 ], [ -70.157693, -4.284085 ], [ -70.15122, -4.279825 ], [ -70.135334, -4.28746 ], [ -70.128166, -4.293336 ], [ -70.118995, -4.289992 ], [ -70.112304, -4.282903 ], [ -70.112989, -4.270839 ], [ -70.107303, -4.264096 ], [ -70.102694, -4.288224 ], [ -70.097108, -4.296255 ], [ -70.081053, -4.291661 ], [ -70.070888, -4.296483 ], [ -70.080712, -4.308071 ], [ -70.078748, -4.324612 ], [ -70.072254, -4.329073 ], [ -70.049613, -4.334259 ], [ -70.043914, -4.342618 ], [ -70.043135, -4.352019 ], [ -70.039057, -4.35306 ], [ -70.03222, -4.354805 ], [ -70.01083, -4.336266 ], [ -69.980389, -4.327064 ], [ -69.963249, -4.300285 ], [ -69.954301, -4.26597 ], [ -69.953307, -4.253065 ], [ -69.950686, -4.226711 ], [ -69.945129, -4.219136 ], [ -69.942998, -4.216231 ], [ -69.934608, -4.21611 ], [ -69.920767, -4.143665 ], [ -69.91175, -4.096383 ], [ -69.882902, -3.941673 ], [ -69.858048, -3.803292 ], [ -69.837107, -3.686229 ], [ -69.824996, -3.620031 ], [ -69.798185, -3.474028 ], [ -69.741941, -3.165621 ], [ -69.688976, -2.871307 ], [ -69.620355, -2.482654 ], [ -69.612856, -2.439894 ], [ -69.516278, -1.899444 ], [ -69.452768, -1.531104 ], [ -69.453285, -1.520775 ], [ -69.456942, -1.493124 ], [ -69.449792, -1.478689 ], [ -69.440462, -1.470722 ], [ -69.434774, -1.457542 ], [ -69.43658, -1.417114 ], [ -69.433935, -1.397934 ], [ -69.42834, -1.386264 ], [ -69.417655, -1.377825 ], [ -69.399435, -1.370375 ], [ -69.399425, -1.367263 ], [ -69.39938, -1.353586 ], [ -69.408857, -1.333479 ], [ -69.408072, -1.292863 ], [ -69.410634, -1.281414 ], [ -69.424997, -1.256846 ], [ -69.430711, -1.232695 ], [ -69.425272, -1.210387 ], [ -69.413633, -1.186419 ], [ -69.412687, -1.157372 ], [ -69.397827, -1.144054 ], [ -69.395155, -1.132251 ], [ -69.40033, -1.113603 ], [ -69.42452, -1.083277 ], [ -69.426956, -1.075442 ], [ -69.423771, -1.049127 ], [ -69.432886, -1.039522 ], [ -69.442851, -1.036253 ], [ -69.4436, -1.027525 ], [ -69.436048, -1.026593 ], [ -69.427908, -1.015375 ], [ -69.42047, -1.011858 ], [ -69.421106, -1.000084 ], [ -69.440411, -0.994262 ], [ -69.449575, -0.997937 ], [ -69.463605, -0.983878 ], [ -69.463022, -0.966991 ], [ -69.484383, -0.950243 ], [ -69.501631, -0.942222 ], [ -69.507437, -0.932603 ], [ -69.515886, -0.933326 ], [ -69.522992, -0.929387 ], [ -69.526822, -0.921608 ], [ -69.522713, -0.885926 ], [ -69.527429, -0.877918 ], [ -69.537965, -0.861635 ], [ -69.547609, -0.860611 ], [ -69.573164, -0.841866 ], [ -69.559045, -0.822615 ], [ -69.56255, -0.811944 ], [ -69.573657, -0.800742 ], [ -69.583327, -0.801306 ], [ -69.587849, -0.790601 ], [ -69.611522, -0.769853 ], [ -69.60938, -0.76122 ], [ -69.619351, -0.758841 ], [ -69.616024, -0.750193 ], [ -69.625823, -0.749401 ], [ -69.617609, -0.740634 ], [ -69.62205, -0.731795 ], [ -69.611518, -0.723383 ], [ -69.603325, -0.721379 ], [ -69.6048, -0.713693 ], [ -69.601883, -0.706579 ], [ -69.584693, -0.68406 ], [ -69.581519, -0.666579 ], [ -69.573246, -0.649488 ], [ -69.563744, -0.63946 ], [ -69.574712, -0.636359 ], [ -69.572739, -0.625744 ], [ -69.579521, -0.619872 ], [ -69.587715, -0.622405 ], [ -69.594216, -0.606107 ], [ -69.604409, -0.599654 ], [ -69.597687, -0.588807 ], [ -69.593284, -0.569218 ], [ -69.595629, -0.559273 ], [ -69.60297, -0.553351 ], [ -69.605767, -0.544547 ], [ -69.614137, -0.539994 ], [ -69.610547, -0.513105 ], [ -69.614913, -0.505955 ], [ -69.632771, -0.498121 ], [ -69.643213, -0.499316 ], [ -69.64444, -0.482672 ], [ -69.669989, -0.471302 ], [ -69.685767, -0.468704 ], [ -69.69063, -0.462131 ], [ -69.717186, -0.45479 ], [ -69.732717, -0.445851 ], [ -69.738687, -0.44008 ], [ -69.741908, -0.429582 ], [ -69.749134, -0.426832 ], [ -69.761524, -0.410377 ], [ -69.774772, -0.399933 ], [ -69.791515, -0.3999 ], [ -69.793521, -0.391317 ], [ -69.813381, -0.38089 ], [ -69.822991, -0.380663 ], [ -69.844328, -0.345449 ], [ -69.861518, -0.34791 ], [ -69.882881, -0.344019 ], [ -69.891963, -0.348829 ], [ -69.922604, -0.331168 ], [ -69.933519, -0.316281 ], [ -69.936684, -0.306004 ], [ -69.947771, -0.30115 ], [ -69.953183, -0.291811 ], [ -69.96327, -0.284616 ], [ -69.98085, -0.258317 ], [ -69.989718, -0.251395 ], [ -69.996605, -0.234425 ], [ -70.056876, -0.18643 ], [ -70.057552, -0.157962 ], [ -70.048129, -0.145405 ], [ -70.041106, -0.123805 ], [ -70.045601, -0.016342 ], [ -70.045798, 0.068655 ], [ -70.012657, 0.065673 ], [ -69.991634, 0.054094 ], [ -69.985019, 0.038898 ], [ -69.988688, 0.006604 ], [ -69.983991, -0.005397 ], [ -69.960769, -0.010613 ], [ -69.95513, -0.016349 ], [ -69.948268, -0.031694 ], [ -69.94588, -0.074645 ], [ -69.941321, -0.085005 ], [ -69.920633, -0.102077 ], [ -69.905739, -0.108073 ], [ -69.898327, -0.116471 ], [ -69.894435, -0.130693 ], [ -69.882941, -0.143007 ], [ -69.8661, -0.142867 ], [ -69.847571, -0.122882 ], [ -69.812053, -0.118042 ], [ -69.804295, -0.106392 ], [ -69.797438, -0.080994 ], [ -69.789099, -0.073698 ], [ -69.774042, -0.077318 ], [ -69.767934, -0.083567 ], [ -69.75488, -0.106259 ], [ -69.759878, -0.132377 ], [ -69.755803, -0.148079 ], [ -69.747377, -0.159646 ], [ -69.733962, -0.167419 ], [ -69.718244, -0.170826 ], [ -69.676313, -0.167256 ], [ -69.659608, -0.17506 ], [ -69.646581, -0.194285 ], [ -69.624914, -0.205025 ], [ -69.603627, -0.220528 ], [ -69.605207, -0.297986 ], [ -69.603321, -0.310202 ], [ -69.591215, -0.325417 ], [ -69.574572, -0.333952 ], [ -69.542658, -0.337893 ], [ -69.501214, -0.360635 ], [ -69.487138, -0.371128 ], [ -69.488487, -0.388136 ], [ -69.485241, -0.400677 ], [ -69.476363, -0.408578 ], [ -69.456911, -0.401816 ], [ -69.434188, -0.404844 ], [ -69.42065, -0.40045 ], [ -69.408386, -0.406585 ], [ -69.396139, -0.423773 ], [ -69.373799, -0.438304 ], [ -69.35346, -0.476821 ], [ -69.344716, -0.483065 ], [ -69.308853, -0.489107 ], [ -69.296321, -0.506861 ], [ -69.28585, -0.516487 ], [ -69.269304, -0.521055 ], [ -69.244945, -0.519267 ], [ -69.218413, -0.511162 ], [ -69.205702, -0.51771 ], [ -69.180464, -0.523371 ], [ -69.158085, -0.538188 ], [ -69.137396, -0.532984 ], [ -69.116989, -0.533637 ], [ -69.104142, -0.515501 ], [ -69.081942, -0.5102 ], [ -69.062923, -0.49938 ], [ -69.044088, -0.502303 ], [ -69.032079, -0.502771 ], [ -69.029917, -0.492664 ], [ -69.018748, -0.491053 ], [ -69.013533, -0.484638 ], [ -68.977307, -0.487347 ], [ -68.959101, -0.481186 ], [ -68.942549, -0.487365 ], [ -68.919181, -0.490345 ], [ -68.87288, -0.510646 ], [ -68.849296, -0.530784 ], [ -68.816101, -0.53551 ], [ -68.782006, -0.554532 ], [ -68.765875, -0.555452 ], [ -68.696357, -0.574884 ], [ -68.690436, -0.589524 ], [ -68.674135, -0.60778 ], [ -68.66785, -0.621986 ], [ -68.643184, -0.643641 ], [ -68.630821, -0.665974 ], [ -68.623273, -0.669748 ], [ -68.615416, -0.691502 ], [ -68.62035, -0.697904 ], [ -68.612208, -0.712372 ], [ -68.603804, -0.718267 ], [ -68.597331, -0.71992 ], [ -68.593355, -0.726907 ], [ -68.584825, -0.727918 ], [ -68.570823, -0.736951 ], [ -68.566431, -0.744112 ], [ -68.559615, -0.740638 ], [ -68.548196, -0.7518 ], [ -68.523691, -0.757811 ], [ -68.517878, -0.752789 ], [ -68.512112, -0.758854 ], [ -68.503268, -0.76138 ], [ -68.487342, -0.756887 ], [ -68.464127, -0.760371 ], [ -68.448966, -0.757529 ], [ -68.42666, -0.765872 ], [ -68.423751, -0.758514 ], [ -68.39761, -0.738191 ], [ -68.382406, -0.740571 ], [ -68.359878, -0.735332 ], [ -68.3583, -0.727892 ], [ -68.352032, -0.723119 ], [ -68.344511, -0.724885 ], [ -68.312379, -0.702781 ], [ -68.304572, -0.702924 ], [ -68.296405, -0.694762 ], [ -68.288771, -0.69275 ], [ -68.289136, -0.684874 ], [ -68.271751, -0.685971 ], [ -68.264656, -0.68297 ], [ -68.264461, -0.675331 ], [ -68.256022, -0.673567 ], [ -68.251475, -0.679818 ], [ -68.245374, -0.673447 ], [ -68.23684, -0.674394 ], [ -68.212354, -0.664473 ], [ -68.207238, -0.671275 ], [ -68.170344, -0.670539 ], [ -68.165134, -0.674986 ], [ -68.161617, -0.906191 ], [ -68.160703, -0.986548 ], [ -68.16019, -1.291641 ], [ -68.160014, -1.483144 ], [ -68.141766, -1.489365 ], [ -68.126644, -1.499387 ], [ -68.088307, -1.49842 ], [ -68.060589, -1.482306 ], [ -68.034727, -1.474273 ], [ -68.020913, -1.475962 ], [ -67.992419, -1.479173 ], [ -67.972977, -1.484904 ], [ -67.962028, -1.489968 ], [ -67.933576, -1.512252 ], [ -67.917039, -1.51783 ], [ -67.904019, -1.517021 ], [ -67.877523, -1.508211 ], [ -67.853322, -1.489173 ], [ -67.831173, -1.481572 ], [ -67.799929, -1.486369 ], [ -67.762225, -1.509966 ], [ -67.749062, -1.518926 ], [ -67.734113, -1.525133 ], [ -67.710842, -1.527525 ], [ -67.648957, -1.511718 ], [ -67.63518, -1.537344 ], [ -67.619384, -1.557866 ], [ -67.616185, -1.56624 ], [ -67.618627, -1.595641 ], [ -67.608051, -1.611858 ], [ -67.589491, -1.616623 ], [ -67.583442, -1.623092 ], [ -67.554131, -1.639603 ], [ -67.526104, -1.650575 ], [ -67.484954, -1.65123 ], [ -67.438331, -1.640348 ], [ -67.419751, -1.647659 ], [ -67.393384, -1.664957 ], [ -67.385217, -1.663963 ], [ -67.368829, -1.631472 ], [ -67.352746, -1.6198 ], [ -67.329883, -1.619499 ], [ -67.309241, -1.61174 ], [ -67.285742, -1.60925 ], [ -67.243111, -1.620416 ], [ -67.214301, -1.608549 ], [ -67.1773, -1.608255 ], [ -67.150907, -1.603991 ], [ -67.120826, -1.585763 ], [ -67.101167, -1.581136 ], [ -67.049219, -1.581386 ], [ -67.005637, -1.594259 ], [ -66.985602, -1.589667 ], [ -66.972632, -1.59056 ], [ -66.918025, -1.609892 ], [ -66.881607, -1.604657 ], [ -66.852136, -1.607445 ], [ -66.842247, -1.60488 ], [ -66.823984, -1.600141 ], [ -66.808129, -1.597479 ], [ -66.782358, -1.59948 ], [ -66.737408, -1.623739 ], [ -66.724416, -1.625753 ], [ -66.704631, -1.623528 ], [ -66.656916, -1.601055 ], [ -66.629661, -1.570956 ], [ -66.551269, -1.536025 ], [ -66.521796, -1.530454 ], [ -66.48613, -1.513946 ], [ -66.452633, -1.478357 ], [ -66.440157, -1.474715 ], [ -66.417304, -1.479035 ], [ -66.406297, -1.477746 ], [ -66.386497, -1.46908 ], [ -66.367694, -1.47475 ], [ -66.363247, -1.484663 ], [ -66.36577, -1.512443 ], [ -66.371602, -1.532928 ], [ -66.368329, -1.543162 ], [ -66.345188, -1.562985 ], [ -66.327996, -1.568854 ], [ -66.316305, -1.568871 ], [ -66.30108, -1.560695 ], [ -66.28758, -1.548183 ], [ -66.257991, -1.506768 ], [ -66.240967, -1.4916 ], [ -66.192297, -1.472031 ], [ -66.147964, -1.441473 ], [ -66.123578, -1.430227 ], [ -66.096939, -1.422732 ], [ -66.001348, -1.413407 ], [ -66.001021, -1.413375 ], [ -65.981385, -1.416749 ], [ -65.941662, -1.412182 ], [ -65.911917, -1.420573 ], [ -65.893385, -1.432193 ], [ -65.870218, -1.466111 ], [ -65.859967, -1.471246 ], [ -65.817248, -1.472843 ], [ -65.782718, -1.493853 ], [ -65.758549, -1.502721 ], [ -65.712139, -1.496809 ], [ -65.686034, -1.501625 ], [ -65.661799, -1.515449 ], [ -65.64747, -1.53298 ], [ -65.642038, -1.546715 ], [ -65.638268, -1.566841 ], [ -65.643816, -1.58506 ], [ -65.647435, -1.60526 ], [ -65.64472, -1.626867 ], [ -65.640414, -1.635824 ], [ -65.625547, -1.650476 ], [ -65.604357, -1.662562 ], [ -65.559215, -1.659701 ], [ -65.550888, -1.662106 ], [ -65.541916, -1.667575 ], [ -65.53408, -1.678299 ], [ -65.524469, -1.697226 ], [ -65.522826, -1.708041 ], [ -65.525356, -1.764474 ], [ -65.52335, -1.775574 ], [ -65.513527, -1.792636 ], [ -65.495415, -1.798031 ], [ -65.488073, -1.793937 ], [ -65.483941, -1.785701 ], [ -65.482908, -1.769979 ], [ -65.47366, -1.751241 ], [ -65.457466, -1.738411 ], [ -65.438409, -1.73318 ], [ -65.419969, -1.735126 ], [ -65.390437, -1.754082 ], [ -65.371305, -1.762372 ], [ -65.328134, -1.770189 ], [ -65.310579, -1.778183 ], [ -65.290355, -1.785419 ], [ -65.244028, -1.778133 ], [ -65.228604, -1.775596 ], [ -65.208805, -1.781449 ], [ -65.192998, -1.797801 ], [ -65.186523, -1.810282 ], [ -65.176583, -1.847436 ], [ -65.182607, -1.936709 ], [ -65.177134, -1.952915 ], [ -65.170912, -1.959391 ], [ -65.135832, -1.974354 ], [ -65.110021, -1.970958 ], [ -65.094324, -1.962529 ], [ -65.084412, -1.961492 ], [ -65.057526, -1.969303 ], [ -65.051011, -1.965557 ], [ -65.041023, -1.953013 ], [ -65.03474, -1.932553 ], [ -65.026687, -1.921488 ], [ -65.010355, -1.905154 ], [ -64.996448, -1.897378 ], [ -64.973046, -1.886734 ], [ -64.95164, -1.88438 ], [ -64.943189, -1.886733 ], [ -64.933804, -1.899332 ], [ -64.95083, -1.99197 ], [ -64.949077, -1.999984 ], [ -64.924159, -2.034229 ], [ -64.935298, -2.102178 ], [ -64.930137, -2.109711 ], [ -64.921744, -2.109813 ], [ -64.91316, -2.103859 ], [ -64.88619, -2.099817 ], [ -64.876999, -2.091417 ], [ -64.866464, -2.080001 ], [ -64.857609, -2.075804 ], [ -64.831884, -2.074608 ], [ -64.811998, -2.078274 ], [ -64.80236, -2.072952 ], [ -64.786387, -2.046465 ], [ -64.749957, -2.035775 ], [ -64.712442, -2.015216 ], [ -64.697355, -2.026727 ], [ -64.688029, -2.04757 ], [ -64.694618, -2.090138 ], [ -64.707773, -2.119388 ], [ -64.71133, -2.142119 ], [ -64.700526, -2.162645 ], [ -64.665385, -2.194332 ], [ -64.662027, -2.213822 ], [ -64.644412, -2.211799 ], [ -64.636356, -2.214157 ], [ -64.629524, -2.220474 ], [ -64.62272, -2.238116 ], [ -64.615549, -2.240977 ], [ -64.605661, -2.224893 ], [ -64.59808, -2.220954 ], [ -64.561663, -2.239744 ], [ -64.532968, -2.244955 ], [ -64.520417, -2.242268 ], [ -64.511268, -2.235132 ], [ -64.503439, -2.191373 ], [ -64.495972, -2.18021 ], [ -64.486741, -2.180467 ], [ -64.462026, -2.185096 ], [ -64.4333, -2.199929 ], [ -64.407101, -2.207502 ], [ -64.366863, -2.253141 ], [ -64.366685, -2.264762 ], [ -64.402412, -2.270995 ], [ -64.416667, -2.284061 ], [ -64.427052, -2.285604 ], [ -64.44269, -2.279657 ], [ -64.449799, -2.28336 ], [ -64.448162, -2.32093 ], [ -64.453134, -2.326905 ], [ -64.512384, -2.316411 ], [ -64.52119, -2.316925 ], [ -64.526584, -2.325245 ], [ -64.528798, -2.336434 ], [ -64.517606, -2.376904 ], [ -64.491354, -2.429713 ], [ -64.489803, -2.45993 ], [ -64.485219, -2.467979 ], [ -64.477582, -2.470955 ], [ -64.469245, -2.468495 ], [ -64.461248, -2.470351 ], [ -64.456944, -2.487786 ], [ -64.464466, -2.522036 ], [ -64.455576, -2.536784 ], [ -64.440856, -2.547253 ], [ -64.426664, -2.55874 ], [ -64.428414, -2.584587 ], [ -64.415633, -2.620001 ], [ -64.422353, -2.636262 ], [ -64.417387, -2.646694 ], [ -64.401525, -2.652308 ], [ -64.359667, -2.657914 ], [ -64.332218, -2.681339 ], [ -64.332639, -2.698878 ], [ -64.335218, -2.707175 ], [ -64.343355, -2.713139 ], [ -64.353134, -2.728095 ], [ -64.379494, -2.726117 ], [ -64.386047, -2.730957 ], [ -64.393133, -2.725548 ], [ -64.409465, -2.725701 ], [ -64.431331, -2.748466 ], [ -64.439326, -2.751601 ], [ -64.455774, -2.74525 ], [ -64.464861, -2.747643 ], [ -64.491604, -2.745152 ], [ -64.499858, -2.746903 ], [ -64.504034, -2.753015 ], [ -64.506025, -2.75593 ], [ -64.493629, -2.7697 ], [ -64.496584, -2.786431 ], [ -64.490058, -2.797662 ], [ -64.485113, -2.80402 ], [ -64.470272, -2.80997 ], [ -64.469636, -2.820152 ], [ -64.458218, -2.833667 ], [ -64.451192, -2.851342 ], [ -64.436939, -2.861478 ], [ -64.443833, -2.875651 ], [ -64.446164, -2.892543 ], [ -64.438332, -2.919744 ], [ -64.437574, -2.927322 ], [ -64.441997, -2.933526 ], [ -64.429028, -2.954634 ], [ -64.422469, -2.960486 ], [ -64.402608, -2.965386 ], [ -64.398245, -2.976832 ], [ -64.386246, -2.988252 ], [ -64.378471, -2.986759 ], [ -64.372523, -2.992437 ], [ -64.3728, -3.000647 ], [ -64.368722, -3.007191 ], [ -64.344606, -3.015692 ], [ -64.331944, -3.027318 ], [ -64.328134, -3.035274 ], [ -64.331837, -3.043136 ], [ -64.33428, -3.050388 ], [ -64.330613, -3.054773 ], [ -64.328383, -3.057439 ], [ -64.329911, -3.075926 ], [ -64.324249, -3.082077 ], [ -64.327106, -3.089996 ], [ -64.320712, -3.095815 ], [ -64.292964, -3.100195 ], [ -64.286639, -3.095511 ], [ -64.28758, -3.085978 ], [ -64.270276, -3.081524 ], [ -64.263192, -3.085865 ], [ -64.270357, -3.091617 ], [ -64.272358, -3.099777 ], [ -64.265218, -3.104457 ], [ -64.250189, -3.098512 ], [ -64.242778, -3.106034 ], [ -64.246325, -3.114698 ], [ -64.254221, -3.111424 ], [ -64.263389, -3.115352 ], [ -64.266722, -3.124977 ], [ -64.264668, -3.143591 ], [ -64.280909, -3.139491 ], [ -64.281741, -3.150092 ], [ -64.286382, -3.157949 ], [ -64.283078, -3.164933 ], [ -64.258636, -3.174295 ], [ -64.242056, -3.195235 ], [ -64.233946, -3.19488 ], [ -64.232856, -3.204573 ], [ -64.227611, -3.211864 ], [ -64.217583, -3.21491 ], [ -64.220771, -3.222329 ], [ -64.217661, -3.229936 ], [ -64.201222, -3.236135 ], [ -64.186326, -3.259565 ], [ -64.182277, -3.241897 ], [ -64.170021, -3.25159 ], [ -64.162916, -3.248331 ], [ -64.15266, -3.253819 ], [ -64.145301, -3.268942 ], [ -64.146361, -3.276705 ], [ -64.15283, -3.282008 ], [ -64.155248, -3.289596 ], [ -64.143139, -3.304847 ], [ -64.132891, -3.28478 ], [ -64.128169, -3.293794 ], [ -64.120715, -3.295189 ], [ -64.113135, -3.292164 ], [ -64.111828, -3.300906 ], [ -64.10511, -3.306494 ], [ -64.103106, -3.331333 ], [ -64.088302, -3.330263 ], [ -64.082028, -3.339705 ], [ -64.079217, -3.359462 ], [ -64.102891, -3.371374 ], [ -64.123077, -3.370375 ], [ -64.12708, -3.379096 ], [ -64.12686, -3.395821 ], [ -64.146716, -3.424992 ], [ -64.148389, -3.440975 ], [ -64.145665, -3.448813 ], [ -64.1308, -3.455746 ], [ -64.15505, -3.486317 ], [ -64.155298, -3.51144 ], [ -64.145589, -3.51782 ], [ -64.11169, -3.527964 ], [ -64.105196, -3.543084 ], [ -64.086775, -3.535107 ], [ -64.067748, -3.540984 ], [ -64.053245, -3.553867 ], [ -64.051363, -3.561244 ], [ -64.07127, -3.565127 ], [ -64.070996, -3.576236 ], [ -64.061305, -3.582238 ], [ -64.051247, -3.578481 ], [ -64.031271, -3.584806 ], [ -64.019308, -3.599386 ], [ -64.016519, -3.62735 ], [ -64.01044, -3.632594 ], [ -63.980499, -3.608857 ], [ -63.972359, -3.611049 ], [ -63.966412, -3.634946 ], [ -63.956325, -3.632161 ], [ -63.951327, -3.625371 ], [ -63.948244, -3.608655 ], [ -63.939723, -3.609717 ], [ -63.938557, -3.612497 ], [ -63.93639, -3.617665 ], [ -63.939888, -3.635976 ], [ -63.93653, -3.644037 ], [ -63.927389, -3.642943 ], [ -63.909776, -3.664985 ], [ -63.912972, -3.671589 ], [ -63.934999, -3.664327 ], [ -63.932696, -3.680691 ], [ -63.918389, -3.690053 ], [ -63.922658, -3.74601 ], [ -63.910536, -3.760813 ], [ -63.896246, -3.768357 ], [ -63.889105, -3.782448 ], [ -63.877751, -3.793278 ], [ -63.859694, -3.798233 ], [ -63.840829, -3.799675 ], [ -63.82244, -3.781832 ], [ -63.804835, -3.784633 ], [ -63.7758, -3.783112 ], [ -63.759552, -3.789703 ], [ -63.754323, -3.796698 ], [ -63.862246, -3.810357 ], [ -63.941582, -3.812505 ], [ -63.954603, -3.801897 ], [ -63.977213, -3.764141 ], [ -63.973387, -3.745217 ], [ -63.981942, -3.720282 ], [ -63.980412, -3.711213 ], [ -63.994495, -3.703787 ], [ -64.010972, -3.700876 ], [ -64.016858, -3.706184 ], [ -64.071069, -3.703947 ], [ -64.075966, -3.767042 ], [ -64.083409, -3.768428 ], [ -64.092245, -3.75251 ], [ -64.101967, -3.75394 ], [ -64.110467, -3.759455 ], [ -64.149443, -3.797269 ], [ -64.159359, -3.811285 ], [ -64.157438, -3.82899 ], [ -64.161211, -3.848436 ], [ -64.166027, -3.865183 ], [ -64.189549, -3.871538 ], [ -64.220055, -3.888517 ], [ -64.24494, -3.893391 ], [ -64.26258, -3.914739 ], [ -64.267526, -3.930985 ], [ -64.274439, -3.934301 ], [ -64.276301, -3.942967 ], [ -64.287614, -3.954647 ], [ -64.311748, -3.958384 ], [ -64.332334, -3.97705 ], [ -64.348491, -3.980038 ], [ -64.383911, -3.972374 ], [ -64.407943, -3.983479 ], [ -64.447856, -3.987814 ], [ -64.483633, -3.967213 ], [ -64.490111, -3.967915 ], [ -64.525332, -3.959081 ], [ -64.545543, -3.967133 ], [ -64.564302, -3.989762 ], [ -64.566527, -4.00004 ], [ -64.561465, -4.006258 ], [ -64.56258, -4.016078 ], [ -64.566611, -4.032881 ], [ -64.576248, -4.048159 ], [ -64.582413, -4.053921 ], [ -64.610718, -4.064833 ], [ -64.618553, -4.070794 ], [ -64.646611, -4.119524 ], [ -64.659443, -4.128041 ], [ -64.669494, -4.128051 ], [ -64.685555, -4.119462 ], [ -64.698286, -4.117249 ], [ -64.708859, -4.124995 ], [ -64.717471, -4.142207 ], [ -64.721606, -4.179127 ], [ -64.728125, -4.192431 ], [ -64.740747, -4.198707 ], [ -64.77647, -4.206309 ], [ -64.790833, -4.222102 ], [ -64.814025, -4.26674 ], [ -64.826994, -4.27723 ], [ -64.863441, -4.288941 ], [ -64.889798, -4.282557 ], [ -64.900346, -4.284919 ], [ -64.916998, -4.294596 ], [ -64.934078, -4.298707 ], [ -64.944917, -4.297692 ], [ -64.951677, -4.29295 ], [ -64.968944, -4.284438 ], [ -64.978861, -4.28309 ], [ -64.993751, -4.294114 ], [ -64.999141, -4.302989 ], [ -65.006162, -4.319363 ], [ -65.014935, -4.361443 ], [ -65.017708, -4.413739 ], [ -65.026245, -4.428328 ], [ -65.03863, -4.440002 ], [ -65.091602, -4.45474 ], [ -65.098491, -4.460372 ], [ -65.108273, -4.473037 ], [ -65.115588, -4.502355 ], [ -65.122664, -4.516508 ], [ -65.184334, -4.565276 ], [ -65.21783, -4.58603 ], [ -65.240272, -4.608154 ], [ -65.257, -4.619815 ], [ -65.27702, -4.625256 ], [ -65.318328, -4.622474 ], [ -65.327666, -4.619603 ], [ -65.343693, -4.60789 ], [ -65.353057, -4.605588 ], [ -65.359424, -4.608038 ], [ -65.363465, -4.609594 ], [ -65.36769, -4.62717 ], [ -65.377444, -4.647552 ], [ -65.394913, -4.661721 ], [ -65.404556, -4.666011 ], [ -65.430971, -4.667355 ], [ -65.446106, -4.679892 ], [ -65.45358, -4.710082 ], [ -65.45664, -4.739533 ], [ -65.466441, -4.770951 ], [ -65.482778, -4.788549 ], [ -65.515888, -4.81539 ], [ -65.541464, -4.854752 ], [ -65.569383, -4.87781 ], [ -65.57823, -4.895017 ], [ -65.570437, -4.943829 ], [ -65.576417, -4.960249 ], [ -65.596642, -4.980917 ], [ -65.622444, -5.023411 ], [ -65.680357, -5.036983 ], [ -65.689699, -5.057056 ], [ -65.693293, -5.068074 ], [ -65.696468, -5.077804 ], [ -65.698106, -5.095345 ], [ -65.697299, -5.105036 ], [ -65.692301, -5.111823 ], [ -65.659386, -5.106376 ], [ -65.644387, -5.118323 ], [ -65.649522, -5.134652 ], [ -65.689883, -5.172794 ], [ -65.699746, -5.188911 ], [ -65.700832, -5.204998 ], [ -65.690447, -5.233193 ], [ -65.677941, -5.260857 ], [ -65.674611, -5.279015 ], [ -65.676084, -5.299041 ], [ -65.681248, -5.307205 ], [ -65.690304, -5.310391 ], [ -65.699526, -5.307947 ], [ -65.726858, -5.285424 ], [ -65.742362, -5.290238 ], [ -65.752772, -5.302473 ], [ -65.760809, -5.305619 ], [ -65.803337, -5.298914 ], [ -65.829579, -5.307241 ], [ -65.852692, -5.32334 ], [ -65.865578, -5.337372 ], [ -65.884916, -5.370018 ], [ -65.893056, -5.393841 ], [ -65.900051, -5.436606 ], [ -65.903579, -5.443428 ], [ -65.912361, -5.437972 ], [ -65.940444, -5.406654 ], [ -65.955859, -5.398904 ], [ -65.964334, -5.398025 ], [ -65.988492, -5.413402 ], [ -66.013805, -5.419201 ], [ -66.057251, -5.421868 ], [ -66.082191, -5.414962 ], [ -66.093522, -5.402209 ], [ -66.084001, -5.378752 ], [ -66.091112, -5.372386 ], [ -66.098832, -5.370431 ], [ -66.115513, -5.36969 ], [ -66.127083, -5.382348 ], [ -66.142467, -5.389783 ], [ -66.150721, -5.385699 ], [ -66.157218, -5.36949 ], [ -66.165609, -5.367186 ], [ -66.192357, -5.366825 ], [ -66.226551, -5.359745 ], [ -66.234857, -5.361687 ], [ -66.268053, -5.356208 ], [ -66.284837, -5.357312 ], [ -66.293773, -5.359816 ], [ -66.307586, -5.370915 ], [ -66.336333, -5.385546 ], [ -66.351612, -5.381627 ], [ -66.359661, -5.385561 ], [ -66.366584, -5.390461 ], [ -66.375355, -5.404007 ], [ -66.388501, -5.413822 ], [ -66.407158, -5.421941 ], [ -66.427995, -5.431713 ], [ -66.470196, -5.433426 ], [ -66.478404, -5.43797 ], [ -66.487967, -5.437803 ], [ -66.49436, -5.43314 ], [ -66.503247, -5.43473 ], [ -66.517277, -5.444419 ], [ -66.525667, -5.44296 ], [ -66.531947, -5.438582 ], [ -66.537195, -5.42079 ], [ -66.55139, -5.411658 ], [ -66.543556, -5.394759 ], [ -66.554724, -5.370719 ], [ -66.561555, -5.366333 ], [ -66.569361, -5.366805 ], [ -66.575334, -5.372 ], [ -66.575917, -5.379983 ], [ -66.564245, -5.393212 ], [ -66.571585, -5.408929 ], [ -66.573046, -5.434896 ], [ -66.581111, -5.449437 ], [ -66.583495, -5.46657 ], [ -66.629995, -5.486803 ], [ -66.638774, -5.502278 ], [ -66.641556, -5.519926 ], [ -66.648197, -5.523585 ], [ -66.656024, -5.519801 ], [ -66.659869, -5.521409 ], [ -66.669032, -5.528996 ], [ -66.673726, -5.547008 ], [ -66.684746, -5.559007 ], [ -66.704969, -5.559438 ], [ -66.714495, -5.54544 ], [ -66.722109, -5.544441 ], [ -66.754999, -5.547891 ], [ -66.769194, -5.554239 ], [ -66.779857, -5.553536 ], [ -66.785107, -5.54679 ], [ -66.782582, -5.530787 ], [ -66.787937, -5.524709 ], [ -66.795638, -5.52263 ], [ -66.80164, -5.528454 ], [ -66.809218, -5.530279 ], [ -66.835493, -5.526054 ], [ -66.853248, -5.527586 ], [ -66.857079, -5.51966 ], [ -66.872608, -5.510624 ], [ -66.877139, -5.50451 ], [ -66.88525, -5.502248 ], [ -66.891389, -5.50682 ], [ -66.898354, -5.502942 ], [ -66.902691, -5.496542 ], [ -66.90286, -5.452111 ], [ -66.907001, -5.443721 ], [ -66.922215, -5.440361 ], [ -66.940806, -5.424774 ], [ -66.957642, -5.41951 ], [ -66.976078, -5.44404 ], [ -66.979054, -5.452109 ], [ -66.976721, -5.468061 ], [ -66.983246, -5.474952 ], [ -66.993499, -5.500586 ], [ -67.005134, -5.504825 ], [ -67.021281, -5.498953 ], [ -67.038525, -5.521971 ], [ -67.087055, -5.56158 ], [ -67.11047, -5.573469 ], [ -67.118141, -5.587707 ], [ -67.120607, -5.625196 ], [ -67.15747, -5.621153 ], [ -67.165494, -5.623092 ], [ -67.164971, -5.631766 ], [ -67.181946, -5.636936 ], [ -67.196941, -5.647049 ], [ -67.205362, -5.660601 ], [ -67.205165, -5.685994 ], [ -67.202359, -5.693918 ], [ -67.180999, -5.707789 ], [ -67.179443, -5.716143 ], [ -67.18478, -5.723101 ], [ -67.22286, -5.7501 ], [ -67.264748, -5.818422 ], [ -67.283267, -5.841927 ], [ -67.292753, -5.851494 ], [ -67.299883, -5.847894 ], [ -67.30672, -5.831985 ], [ -67.30903, -5.805884 ], [ -67.315472, -5.799623 ], [ -67.331828, -5.797708 ], [ -67.381471, -5.817913 ], [ -67.388228, -5.824361 ], [ -67.385354, -5.842976 ], [ -67.375805, -5.859991 ], [ -67.357412, -5.877458 ], [ -67.355419, -5.885767 ], [ -67.365473, -5.900591 ], [ -67.411362, -5.913335 ], [ -67.432417, -5.922277 ], [ -67.439975, -5.921784 ], [ -67.445274, -5.914623 ], [ -67.443719, -5.898037 ], [ -67.44739, -5.89045 ], [ -67.457614, -5.889636 ], [ -67.500026, -5.891923 ], [ -67.528669, -5.911288 ], [ -67.544444, -5.912207 ], [ -67.561637, -5.943832 ], [ -67.568439, -5.970581 ], [ -67.565299, -5.988309 ], [ -67.572077, -5.992389 ], [ -67.587748, -5.990708 ], [ -67.599446, -5.978416 ], [ -67.613634, -5.970665 ], [ -67.629057, -5.950965 ], [ -67.65061, -5.937216 ], [ -67.658947, -5.93501 ], [ -67.674143, -5.944023 ], [ -67.681139, -5.944435 ], [ -67.698776, -5.944939 ], [ -67.703252, -5.953391 ], [ -67.702278, -5.997294 ], [ -67.691636, -6.024382 ], [ -67.684943, -6.030042 ], [ -67.677278, -6.027792 ], [ -67.670471, -6.033729 ], [ -67.66869, -6.04322 ], [ -67.67561, -6.072106 ], [ -67.66841, -6.096016 ], [ -67.677846, -6.141116 ], [ -67.665224, -6.165152 ], [ -67.644442, -6.177846 ], [ -67.633467, -6.210982 ], [ -67.625024, -6.224312 ], [ -67.621001, -6.23909 ], [ -67.625913, -6.247473 ], [ -67.633662, -6.246873 ], [ -67.649111, -6.244524 ], [ -67.665946, -6.254153 ], [ -67.675553, -6.284118 ], [ -67.696304, -6.300857 ], [ -67.695553, -6.319436 ], [ -67.700163, -6.329512 ], [ -67.733057, -6.351764 ], [ -67.74544, -6.367942 ], [ -67.753774, -6.382845 ], [ -67.780553, -6.456021 ], [ -67.779142, -6.465521 ], [ -67.773914, -6.471093 ], [ -67.775668, -6.480202 ], [ -67.780023, -6.488792 ], [ -67.788308, -6.494167 ], [ -67.796643, -6.519347 ], [ -67.757165, -6.508631 ], [ -67.740862, -6.50907 ], [ -67.733698, -6.514273 ], [ -67.709864, -6.548115 ], [ -67.684435, -6.553115 ], [ -67.672169, -6.56071 ], [ -67.652025, -6.548892 ], [ -67.639977, -6.568846 ], [ -67.632363, -6.569559 ], [ -67.602578, -6.560115 ], [ -67.590779, -6.548781 ], [ -67.583946, -6.55294 ], [ -67.576088, -6.55306 ], [ -67.561138, -6.546525 ], [ -67.555889, -6.540185 ], [ -67.530744, -6.536012 ], [ -67.508778, -6.542202 ], [ -67.498305, -6.531316 ], [ -67.490393, -6.529733 ], [ -67.477386, -6.520396 ], [ -67.473385, -6.513315 ], [ -67.465138, -6.512367 ], [ -67.452912, -6.501758 ], [ -67.444609, -6.502061 ], [ -67.43564, -6.514875 ], [ -67.428751, -6.518999 ], [ -67.420992, -6.516056 ], [ -67.411468, -6.503887 ], [ -67.388806, -6.493946 ], [ -67.379307, -6.493004 ], [ -67.366611, -6.492201 ], [ -67.35283, -6.472012 ], [ -67.341804, -6.447886 ], [ -67.320442, -6.437224 ], [ -67.306608, -6.423946 ], [ -67.289884, -6.422379 ], [ -67.284579, -6.416353 ], [ -67.255501, -6.417431 ], [ -67.238003, -6.408779 ], [ -67.235001, -6.389132 ], [ -67.221359, -6.354143 ], [ -67.215501, -6.344427 ], [ -67.202333, -6.333086 ], [ -67.166367, -6.338233 ], [ -67.148332, -6.336221 ], [ -67.139277, -6.337757 ], [ -67.134162, -6.344151 ], [ -67.129114, -6.338061 ], [ -67.118804, -6.339329 ], [ -67.114328, -6.33222 ], [ -67.095527, -6.328908 ], [ -67.08761, -6.331122 ], [ -67.062937, -6.355456 ], [ -67.059441, -6.367499 ], [ -67.037974, -6.387783 ], [ -67.018495, -6.386904 ], [ -67.001133, -6.379492 ], [ -66.98175, -6.376062 ], [ -66.975947, -6.381381 ], [ -66.976833, -6.389872 ], [ -66.96708, -6.386768 ], [ -66.957921, -6.388538 ], [ -66.947585, -6.3843 ], [ -66.932336, -6.391786 ], [ -66.928057, -6.398162 ], [ -66.918107, -6.401177 ], [ -66.898413, -6.400072 ], [ -66.882503, -6.409478 ], [ -66.864358, -6.407796 ], [ -66.846415, -6.418631 ], [ -66.841694, -6.426433 ], [ -66.832754, -6.427572 ], [ -66.814723, -6.443176 ], [ -66.807838, -6.451835 ], [ -66.801031, -6.471774 ], [ -66.788742, -6.482113 ], [ -66.773528, -6.496082 ], [ -66.763057, -6.500022 ], [ -66.759305, -6.50849 ], [ -66.753471, -6.502853 ], [ -66.737413, -6.502674 ], [ -66.723917, -6.512048 ], [ -66.716636, -6.508881 ], [ -66.704664, -6.513519 ], [ -66.698025, -6.525867 ], [ -66.689665, -6.527866 ], [ -66.676581, -6.52016 ], [ -66.654442, -6.526911 ], [ -66.637054, -6.542719 ], [ -66.632695, -6.535286 ], [ -66.626251, -6.549993 ], [ -66.614782, -6.547862 ], [ -66.602861, -6.556369 ], [ -66.595164, -6.5542 ], [ -66.58764, -6.56774 ], [ -66.578723, -6.568464 ], [ -66.574329, -6.562166 ], [ -66.557722, -6.565674 ], [ -66.550082, -6.562246 ], [ -66.543911, -6.566771 ], [ -66.538305, -6.56152 ], [ -66.52872, -6.57415 ], [ -66.520526, -6.576914 ], [ -66.507304, -6.567392 ], [ -66.475363, -6.569725 ], [ -66.465692, -6.582874 ], [ -66.459031, -6.587719 ], [ -66.451222, -6.588264 ], [ -66.453053, -6.59597 ], [ -66.448221, -6.6027 ], [ -66.428997, -6.609013 ], [ -66.419559, -6.624914 ], [ -66.412358, -6.62098 ], [ -66.404889, -6.624999 ], [ -66.404421, -6.632586 ], [ -66.397721, -6.637009 ], [ -66.389666, -6.63468 ], [ -66.370029, -6.620454 ], [ -66.362473, -6.619615 ], [ -66.355535, -6.62698 ], [ -66.354249, -6.632827 ], [ -66.361224, -6.637098 ], [ -66.362693, -6.645459 ], [ -66.371029, -6.646326 ], [ -66.376531, -6.64041 ], [ -66.380392, -6.647467 ], [ -66.387555, -6.643128 ], [ -66.394888, -6.653231 ], [ -66.395776, -6.663649 ], [ -66.403361, -6.663117 ], [ -66.408696, -6.66854 ], [ -66.40961, -6.676815 ], [ -66.417834, -6.679301 ], [ -66.416672, -6.703056 ], [ -66.423773, -6.717114 ], [ -66.447337, -6.724632 ], [ -66.460635, -6.738116 ], [ -66.468724, -6.729412 ], [ -66.481082, -6.740195 ], [ -66.488219, -6.727187 ], [ -66.500028, -6.744653 ], [ -66.507607, -6.74251 ], [ -66.504328, -6.735399 ], [ -66.523242, -6.734946 ], [ -66.528279, -6.733033 ], [ -66.534526, -6.737993 ], [ -66.558833, -6.739548 ], [ -66.576246, -6.730671 ], [ -66.580359, -6.737787 ], [ -66.588078, -6.735437 ], [ -66.594387, -6.749978 ], [ -66.60669, -6.761267 ], [ -66.619445, -6.763205 ], [ -66.626139, -6.756941 ], [ -66.641975, -6.758649 ], [ -66.641164, -6.766709 ], [ -66.649524, -6.767687 ], [ -66.650336, -6.775793 ], [ -66.666197, -6.777429 ], [ -66.66953, -6.784729 ], [ -66.676276, -6.781033 ], [ -66.685778, -6.793383 ], [ -66.716666, -6.792159 ], [ -66.744585, -6.80001 ], [ -66.754028, -6.787634 ], [ -66.778746, -6.793939 ], [ -66.782802, -6.801047 ], [ -66.79025, -6.802364 ], [ -66.794777, -6.809203 ], [ -66.801752, -6.813464 ], [ -66.80911, -6.811242 ], [ -66.815195, -6.816743 ], [ -66.822336, -6.812666 ], [ -66.818866, -6.80581 ], [ -66.837528, -6.800189 ], [ -66.8435, -6.805217 ], [ -66.851636, -6.803221 ], [ -66.852914, -6.795332 ], [ -66.878003, -6.802079 ], [ -66.899248, -6.791952 ], [ -66.909976, -6.804117 ], [ -66.919275, -6.806334 ], [ -66.92536, -6.79206 ], [ -66.946112, -6.790195 ], [ -66.948967, -6.781722 ], [ -66.955833, -6.785566 ], [ -66.961529, -6.780451 ], [ -66.969247, -6.779721 ], [ -66.992473, -6.759974 ], [ -67.00003, -6.761699 ], [ -67.007969, -6.757859 ], [ -67.018971, -6.746778 ], [ -67.031556, -6.756371 ], [ -67.033862, -6.764249 ], [ -67.041137, -6.761854 ], [ -67.043003, -6.769646 ], [ -67.048773, -6.775543 ], [ -67.059663, -6.773655 ], [ -67.072029, -6.784061 ], [ -67.079748, -6.779856 ], [ -67.099558, -6.78511 ], [ -67.10016, -6.769498 ], [ -67.110997, -6.777931 ], [ -67.132856, -6.778423 ], [ -67.140773, -6.791183 ], [ -67.148335, -6.792005 ], [ -67.154975, -6.787007 ], [ -67.170109, -6.789445 ], [ -67.173891, -6.796311 ], [ -67.167302, -6.801146 ], [ -67.175361, -6.815681 ], [ -67.168968, -6.821087 ], [ -67.172419, -6.82869 ], [ -67.179585, -6.823396 ], [ -67.187198, -6.825069 ], [ -67.189587, -6.833125 ], [ -67.197888, -6.832605 ], [ -67.198223, -6.82453 ], [ -67.206474, -6.826612 ], [ -67.216581, -6.836422 ], [ -67.227722, -6.833085 ], [ -67.234802, -6.835802 ], [ -67.241915, -6.83252 ], [ -67.254419, -6.837234 ], [ -67.262975, -6.816058 ], [ -67.271666, -6.825538 ], [ -67.283552, -6.825023 ], [ -67.296975, -6.817316 ], [ -67.306942, -6.825155 ], [ -67.315809, -6.825382 ], [ -67.321777, -6.820675 ], [ -67.328724, -6.825422 ], [ -67.33911, -6.813038 ], [ -67.347139, -6.813449 ], [ -67.347219, -6.821753 ], [ -67.351668, -6.829948 ], [ -67.363473, -6.822723 ], [ -67.365776, -6.814532 ], [ -67.373863, -6.81213 ], [ -67.379784, -6.825957 ], [ -67.374615, -6.831971 ], [ -67.38256, -6.8355 ], [ -67.379864, -6.851217 ], [ -67.39008, -6.861304 ], [ -67.398081, -6.860031 ], [ -67.402856, -6.874538 ], [ -67.414302, -6.879124 ], [ -67.414057, -6.888571 ], [ -67.421027, -6.898747 ], [ -67.418837, -6.908485 ], [ -67.422159, -6.918698 ], [ -67.490133, -7.170937 ], [ -67.500002, -7.206256 ], [ -67.500005, -7.246812 ], [ -67.50044, -7.261151 ], [ -67.496475, -7.268115 ], [ -67.502603, -7.291751 ], [ -67.509743, -7.297302 ], [ -67.515057, -7.302608 ], [ -67.517836, -7.318463 ], [ -67.522358, -7.324985 ], [ -67.564587, -7.348941 ], [ -67.57522, -7.370961 ], [ -67.575914, -7.378801 ], [ -67.583253, -7.382272 ], [ -67.598026, -7.401575 ], [ -67.611915, -7.410439 ], [ -67.625396, -7.400472 ], [ -67.641227, -7.399005 ], [ -67.644086, -7.383803 ], [ -67.651695, -7.37849 ], [ -67.654474, -7.356259 ], [ -67.662221, -7.342892 ], [ -67.66789, -7.337534 ], [ -67.675144, -7.341192 ], [ -67.691887, -7.337386 ], [ -67.697496, -7.331 ], [ -67.691275, -7.308959 ], [ -67.707894, -7.283899 ], [ -67.708665, -7.268127 ], [ -67.72411, -7.26249 ], [ -67.729727, -7.256336 ], [ -67.737448, -7.260507 ], [ -67.753142, -7.260932 ], [ -67.757505, -7.267534 ], [ -67.778638, -7.256936 ], [ -67.795389, -7.256916 ], [ -67.800637, -7.250624 ], [ -67.808725, -7.248521 ], [ -67.831506, -7.255427 ], [ -67.83886, -7.251876 ], [ -67.86203, -7.260705 ], [ -67.877305, -7.256708 ], [ -67.884031, -7.270764 ], [ -67.902956, -7.259931 ], [ -67.875776, -7.240182 ], [ -67.88175, -7.225831 ], [ -67.881614, -7.209194 ], [ -67.894858, -7.200163 ], [ -67.89675, -7.192835 ], [ -67.891335, -7.187343 ], [ -67.893611, -7.179225 ], [ -67.901169, -7.165262 ], [ -67.914024, -7.15458 ], [ -67.927697, -7.162874 ], [ -67.93581, -7.163443 ], [ -67.946752, -7.151442 ], [ -67.954638, -7.149249 ], [ -67.96261, -7.151132 ], [ -67.977836, -7.145305 ], [ -67.999972, -7.150293 ], [ -68.010026, -7.138029 ], [ -68.018474, -7.138299 ], [ -68.027698, -7.125253 ], [ -68.040994, -7.116857 ], [ -68.063723, -7.122591 ], [ -68.076671, -7.143695 ], [ -68.083668, -7.14707 ], [ -68.091278, -7.149443 ], [ -68.106583, -7.143879 ], [ -68.114255, -7.146164 ], [ -68.127905, -7.161857 ], [ -68.130081, -7.16331 ], [ -68.144189, -7.155477 ], [ -68.155503, -7.1673 ], [ -68.174112, -7.166188 ], [ -68.177721, -7.162693 ], [ -68.177106, -7.146593 ], [ -68.181725, -7.140518 ], [ -68.196696, -7.135646 ], [ -68.201782, -7.14185 ], [ -68.232726, -7.152021 ], [ -68.246528, -7.160658 ], [ -68.25383, -7.163466 ], [ -68.264977, -7.175111 ], [ -68.272588, -7.177419 ], [ -68.297704, -7.167221 ], [ -68.319051, -7.158552 ], [ -68.324505, -7.164284 ], [ -68.332667, -7.162872 ], [ -68.344918, -7.174101 ], [ -68.360113, -7.17764 ], [ -68.376053, -7.17505 ], [ -68.38669, -7.179071 ], [ -68.394005, -7.168251 ], [ -68.406053, -7.176456 ], [ -68.410803, -7.169828 ], [ -68.41825, -7.166735 ], [ -68.432086, -7.174198 ], [ -68.433836, -7.166118 ], [ -68.450025, -7.16224 ], [ -68.456583, -7.157147 ], [ -68.461643, -7.141583 ], [ -68.487055, -7.161183 ], [ -68.484281, -7.176789 ], [ -68.49064, -7.191125 ], [ -68.484753, -7.20665 ], [ -68.476169, -7.220043 ], [ -68.498138, -7.253392 ], [ -68.507528, -7.25162 ], [ -68.518839, -7.241299 ], [ -68.530956, -7.245687 ], [ -68.533611, -7.246648 ], [ -68.538387, -7.239511 ], [ -68.542335, -7.223389 ], [ -68.57445, -7.219205 ], [ -68.57339, -7.211461 ], [ -68.566223, -7.208625 ], [ -68.565917, -7.20034 ], [ -68.584143, -7.183403 ], [ -68.598359, -7.17852 ], [ -68.59697, -7.173517 ], [ -68.592862, -7.161253 ], [ -68.60498, -7.141696 ], [ -68.648892, -7.107414 ], [ -68.6624, -7.103999 ], [ -68.687998, -7.101845 ], [ -68.70314, -7.105427 ], [ -68.713533, -7.117557 ], [ -68.729227, -7.121707 ], [ -68.766449, -7.108049 ], [ -68.782997, -7.10809 ], [ -68.805999, -7.099131 ], [ -68.82875, -7.106607 ], [ -68.833666, -7.113188 ], [ -68.840005, -7.108182 ], [ -68.863569, -7.103316 ], [ -68.878893, -7.108141 ], [ -68.902474, -7.104746 ], [ -68.904385, -7.096785 ], [ -68.909887, -7.091413 ], [ -68.916554, -7.095574 ], [ -68.9235, -7.090868 ], [ -68.930864, -7.076311 ], [ -68.944749, -7.083791 ], [ -68.956809, -7.071653 ], [ -68.962246, -7.078048 ], [ -68.970666, -7.076667 ], [ -68.969472, -7.068968 ], [ -68.974665, -7.062461 ], [ -68.988336, -7.055236 ], [ -68.995717, -7.057703 ], [ -69.016587, -7.075411 ], [ -69.024888, -7.075817 ], [ -69.032168, -7.072546 ], [ -69.033607, -7.064598 ], [ -69.025804, -7.051508 ], [ -69.013221, -7.042519 ], [ -69.012138, -7.034417 ], [ -69.016943, -7.028247 ], [ -69.024719, -7.025704 ], [ -69.03953, -7.028633 ], [ -69.058059, -7.054685 ], [ -69.064527, -7.050669 ], [ -69.068968, -7.035154 ], [ -69.076532, -7.035802 ], [ -69.086998, -7.048106 ], [ -69.091112, -7.041575 ], [ -69.093164, -7.025872 ], [ -69.108811, -7.028812 ], [ -69.117495, -7.019374 ], [ -69.126447, -7.015538 ], [ -69.133415, -6.992129 ], [ -69.132081, -6.961127 ], [ -69.138528, -6.956189 ], [ -69.164916, -6.960504 ], [ -69.172306, -6.950062 ], [ -69.182082, -6.944489 ], [ -69.192251, -6.944575 ], [ -69.217003, -6.977525 ], [ -69.249896, -6.999735 ], [ -69.259031, -7.003082 ], [ -69.265583, -6.996407 ], [ -69.27378, -7.000032 ], [ -69.285834, -7.011782 ], [ -69.308502, -7.007785 ], [ -69.323556, -7.014956 ], [ -69.339468, -7.011222 ], [ -69.354836, -7.01721 ], [ -69.360499, -7.012192 ], [ -69.376274, -7.017101 ], [ -69.389502, -7.026142 ], [ -69.391532, -7.034787 ], [ -69.403864, -7.044946 ], [ -69.402054, -7.052996 ], [ -69.414692, -7.06173 ], [ -69.413308, -7.074264 ], [ -69.421311, -7.076576 ], [ -69.426033, -7.083368 ], [ -69.441832, -7.085604 ], [ -69.456669, -7.093609 ], [ -69.461414, -7.099969 ], [ -69.485974, -7.105466 ], [ -69.487219, -7.113476 ], [ -69.482366, -7.120103 ], [ -69.482419, -7.128517 ], [ -69.461777, -7.140304 ], [ -69.453829, -7.145791 ], [ -69.455856, -7.170169 ], [ -69.468975, -7.178598 ], [ -69.484365, -7.180419 ], [ -69.484977, -7.196482 ], [ -69.490478, -7.202781 ], [ -69.478474, -7.223617 ], [ -69.473886, -7.25185 ], [ -69.492005, -7.278863 ], [ -69.490532, -7.294438 ], [ -69.493776, -7.301657 ] ] ] } },
{ "type": "Feature", "properties": { "MACRO_ID": "1303", "MACRO_NAME": "Leste", "id": "130014", "name": "Apuí", "description": "Apuí", "MUN_ID": "130014", "UF": "AM", "HREG_ID": "13003", "HREG_NAME": "Rio Madeira" }, "geometry": { "type": "Polygon", "coordinates": [ [ [ -58.136554, -7.355738 ], [ -58.140224, -7.363013 ], [ -58.17286, -7.393981 ], [ -58.212559, -7.458148 ], [ -58.212639, -7.492942 ], [ -58.222223, -7.523651 ], [ -58.218361, -7.549643 ], [ -58.202022, -7.596356 ], [ -58.201669, -7.620467 ], [ -58.239288, -7.653218 ], [ -58.251293, -7.676412 ], [ -58.275488, -7.699279 ], [ -58.28181, -7.713514 ], [ -58.283999, -7.747961 ], [ -58.293554, -7.771152 ], [ -58.29676, -7.774142 ], [ -58.333558, -7.804013 ], [ -58.371187, -7.820822 ], [ -58.377717, -7.827049 ], [ -58.384239, -7.843601 ], [ -58.38349, -7.851741 ], [ -58.374163, -7.864372 ], [ -58.372742, -7.906811 ], [ -58.354547, -7.9436 ], [ -58.331, -7.968374 ], [ -58.324004, -7.99229 ], [ -58.325, -8.00934 ], [ -58.321226, -8.024592 ], [ -58.28789, -8.079182 ], [ -58.285862, -8.088087 ], [ -58.291389, -8.11234 ], [ -58.286667, -8.128155 ], [ -58.288117, -8.131566 ], [ -58.316929, -8.154157 ], [ -58.321961, -8.169648 ], [ -58.312442, -8.208714 ], [ -58.321668, -8.231675 ], [ -58.320085, -8.271478 ], [ -58.32758, -8.285438 ], [ -58.325449, -8.293711 ], [ -58.315334, -8.306047 ], [ -58.31439, -8.32267 ], [ -58.318082, -8.329744 ], [ -58.347569, -8.345807 ], [ -58.35049, -8.353728 ], [ -58.348003, -8.368895 ], [ -58.354528, -8.384026 ], [ -58.353195, -8.392426 ], [ -58.375615, -8.428809 ], [ -58.388881, -8.439574 ], [ -58.397912, -8.463849 ], [ -58.404766, -8.467163 ], [ -58.41655, -8.491564 ], [ -58.414793, -8.5159 ], [ -58.404685, -8.53036 ], [ -58.403685, -8.539107 ], [ -58.409965, -8.57 ], [ -58.397966, -8.579738 ], [ -58.389014, -8.5944 ], [ -58.390434, -8.602591 ], [ -58.400607, -8.615495 ], [ -58.403019, -8.630805 ], [ -58.413771, -8.643513 ], [ -58.436796, -8.70296 ], [ -58.433026, -8.710046 ], [ -58.411452, -8.720216 ], [ -58.383171, -8.705531 ], [ -58.350522, -8.701191 ], [ -58.327865, -8.711785 ], [ -58.325721, -8.719639 ], [ -58.331568, -8.726068 ], [ -58.354166, -8.736871 ], [ -58.387498, -8.774393 ], [ -58.415374, -8.79245 ], [ -58.422237, -8.788322 ], [ -58.42958, -8.789513 ], [ -58.442475, -8.799089 ], [ -58.499856, -8.802429 ], [ -59.095675, -8.802878 ], [ -59.126787, -8.802876 ], [ -59.288255, -8.802941 ], [ -59.412317, -8.802944 ], [ -60.07198, -8.799796 ], [ -60.419665, -8.796232 ], [ -60.420441, -8.796235 ], [ -60.514603, -8.796612 ], [ -60.848361, -8.79776 ], [ -60.848891, -8.797762 ], [ -61.013846, -8.798006 ], [ -61.184129, -8.798183 ], [ -61.582613, -8.7983 ], [ -61.589584, -8.794106 ], [ -61.605506, -8.794325 ], [ -61.622776, -8.757866 ], [ -61.629031, -8.752568 ], [ -61.625947, -8.728465 ], [ -61.630033, -8.72157 ], [ -61.645559, -8.720311 ], [ -61.649894, -8.713169 ], [ -61.673058, -8.704628 ], [ -61.697001, -8.709196 ], [ -61.704838, -8.707138 ], [ -61.712752, -8.687464 ], [ -61.725449, -8.693214 ], [ -61.741331, -8.694805 ], [ -61.743919, -8.702164 ], [ -61.739607, -8.709477 ], [ -61.748359, -8.723382 ], [ -61.763088, -8.728408 ], [ -61.76159, -8.736764 ], [ -61.774083, -8.74784 ], [ -61.789499, -8.744774 ], [ -61.801966, -8.746787 ], [ -61.805723, -8.747393 ], [ -61.827585, -8.732237 ], [ -61.835978, -8.732334 ], [ -61.843585, -8.746993 ], [ -61.842778, -8.779021 ], [ -61.855164, -8.788641 ], [ -61.860501, -8.803227 ], [ -61.856339, -8.817847 ], [ -61.86206, -8.823079 ], [ -61.863221, -8.831075 ], [ -61.859526, -8.852697 ], [ -61.878776, -8.862051 ], [ -61.902477, -8.862504 ], [ -61.905362, -8.874122 ], [ -61.929614, -8.880107 ], [ -61.978616, -8.872856 ], [ -61.984698, -8.878218 ], [ -61.989697, -8.87227 ], [ -61.993917, -8.848478 ], [ -62.001745, -8.832309 ], [ -62.020809, -8.823209 ], [ -62.030537, -8.799322 ], [ -62.049998, -8.795882 ], [ -62.073777, -8.798182 ], [ -62.097478, -8.808533 ], [ -62.10916, -8.804706 ], [ -62.124447, -8.801283 ], [ -62.156507, -8.731824 ], [ -62.148277, -8.717921 ], [ -62.153668, -8.710051 ], [ -62.167281, -8.70284 ], [ -62.171248, -8.694687 ], [ -62.164562, -8.679006 ], [ -62.174977, -8.663755 ], [ -62.180916, -8.657491 ], [ -62.200005, -8.643905 ], [ -62.19528, -8.636441 ], [ -62.176117, -8.636531 ], [ -62.174166, -8.627816 ], [ -62.187863, -8.590172 ], [ -62.202615, -8.59456 ], [ -62.227928, -8.590187 ], [ -62.242285, -8.580275 ], [ -62.268363, -8.575372 ], [ -62.273754, -8.582545 ], [ -62.288831, -8.588517 ], [ -62.293782, -8.605054 ], [ -62.278809, -8.628783 ], [ -62.280778, -8.638203 ], [ -62.288977, -8.638709 ], [ -62.335252, -8.609097 ], [ -62.340558, -8.602442 ], [ -62.341473, -8.594456 ], [ -62.327199, -8.57215 ], [ -62.325279, -8.56332 ], [ -62.333809, -8.545808 ], [ -62.332697, -8.527376 ], [ -62.336833, -8.516251 ], [ -62.353452, -8.511315 ], [ -62.359557, -8.505977 ], [ -62.365524, -8.493175 ], [ -62.363194, -8.477841 ], [ -62.368755, -8.445733 ], [ -62.360694, -8.423304 ], [ -62.359445, -8.406611 ], [ -62.364557, -8.390636 ], [ -62.383502, -8.37717 ], [ -62.399498, -8.374417 ], [ -62.415695, -8.376242 ], [ -62.431722, -8.371642 ], [ -62.444804, -8.362097 ], [ -62.453243, -8.348787 ], [ -62.464948, -8.339354 ], [ -62.472444, -8.340367 ], [ -62.478389, -8.345288 ], [ -62.486422, -8.358826 ], [ -62.500302, -8.365742 ], [ -62.517946, -8.384352 ], [ -62.525609, -8.382669 ], [ -62.524942, -8.374961 ], [ -62.531476, -8.370643 ], [ -62.53903, -8.357724 ], [ -62.551, -8.357809 ], [ -62.548588, -8.341757 ], [ -62.555257, -8.327051 ], [ -62.554746, -8.319002 ], [ -62.560636, -8.313446 ], [ -62.555737, -8.303897 ], [ -62.561392, -8.283621 ], [ -62.568699, -8.286893 ], [ -62.573667, -8.280268 ], [ -62.580977, -8.27824 ], [ -62.584861, -8.271495 ], [ -62.592244, -8.274585 ], [ -62.599531, -8.271853 ], [ -62.609836, -8.259415 ], [ -62.649419, -8.236641 ], [ -62.654474, -8.228671 ], [ -62.650499, -8.221645 ], [ -62.659361, -8.199249 ], [ -62.672998, -8.19235 ], [ -62.686137, -8.17339 ], [ -62.684727, -8.165334 ], [ -62.678638, -8.160391 ], [ -62.672501, -8.144926 ], [ -62.673584, -8.136568 ], [ -62.684973, -8.116053 ], [ -62.678615, -8.111288 ], [ -62.690028, -8.10052 ], [ -62.691753, -8.092524 ], [ -62.705889, -8.084929 ], [ -62.72409, -8.068814 ], [ -62.743445, -8.044902 ], [ -62.785673, -8.025959 ], [ -62.809469, -8.024956 ], [ -62.820475, -8.014112 ], [ -62.832306, -7.993988 ], [ -62.841082, -7.994589 ], [ -62.844528, -7.986148 ], [ -62.852833, -7.98718 ], [ -62.866088, -7.975485 ], [ -62.867493, -7.975492 ], [ -63.321471, -7.976158 ], [ -63.38453, -7.976212 ], [ -63.441749, -7.97608 ], [ -63.534204, -7.973943 ], [ -63.620257, -7.968912 ], [ -63.624699, -7.90541 ], [ -63.621057, -7.894352 ], [ -63.635062, -7.882758 ], [ -63.63322, -7.873016 ], [ -63.622896, -7.857308 ], [ -63.612027, -7.855609 ], [ -63.598588, -7.848267 ], [ -63.579051, -7.845582 ], [ -63.567008, -7.847503 ], [ -63.560557, -7.843553 ], [ -63.553945, -7.838044 ], [ -63.547252, -7.823071 ], [ -63.549167, -7.812855 ], [ -63.533478, -7.804897 ], [ -63.516273, -7.786997 ], [ -63.508888, -7.789168 ], [ -63.499809, -7.775153 ], [ -63.478556, -7.760836 ], [ -63.469669, -7.747545 ], [ -63.450253, -7.74857 ], [ -63.437693, -7.738472 ], [ -63.431503, -7.74383 ], [ -63.421976, -7.737923 ], [ -63.408662, -7.735571 ], [ -63.400582, -7.727543 ], [ -63.392582, -7.690022 ], [ -63.380256, -7.663936 ], [ -63.395695, -7.657393 ], [ -63.395533, -7.637732 ], [ -63.404943, -7.63265 ], [ -63.416979, -7.628841 ], [ -63.41983, -7.628427 ], [ -63.417502, -7.620614 ], [ -63.425755, -7.612147 ], [ -63.426332, -7.603432 ], [ -63.419636, -7.594052 ], [ -63.400665, -7.584531 ], [ -63.403449, -7.574235 ], [ -63.396309, -7.559828 ], [ -63.379142, -7.551033 ], [ -63.374086, -7.528493 ], [ -63.352569, -7.521656 ], [ -63.349756, -7.520478 ], [ -63.34484, -7.518416 ], [ -63.331252, -7.49299 ], [ -63.323863, -7.489894 ], [ -63.311474, -7.49359 ], [ -63.303165, -7.490712 ], [ -63.317386, -7.476881 ], [ -63.303728, -7.455094 ], [ -63.306166, -7.447873 ], [ -63.312301, -7.441951 ], [ -63.321754, -7.44249 ], [ -63.325022, -7.43518 ], [ -63.333225, -7.433143 ], [ -63.330856, -7.422276 ], [ -63.334586, -7.415351 ], [ -63.342336, -7.410369 ], [ -63.332114, -7.404305 ], [ -63.299365, -7.400126 ], [ -63.295947, -7.406917 ], [ -63.281252, -7.407837 ], [ -63.268357, -7.420139 ], [ -63.262106, -7.403444 ], [ -63.250087, -7.393226 ], [ -63.245694, -7.371653 ], [ -63.254422, -7.371476 ], [ -63.250334, -7.35962 ], [ -63.252419, -7.351862 ], [ -63.262726, -7.357858 ], [ -63.267197, -7.350676 ], [ -63.298468, -7.34768 ], [ -63.303306, -7.341681 ], [ -63.29428, -7.335883 ], [ -63.290833, -7.328268 ], [ -63.298085, -7.301967 ], [ -63.303223, -7.296069 ], [ -63.304586, -7.277596 ], [ -63.294503, -7.269211 ], [ -63.280445, -7.248539 ], [ -63.284719, -7.24016 ], [ -63.294526, -7.23872 ], [ -63.300579, -7.229224 ], [ -63.300397, -7.211121 ], [ -63.307976, -7.205461 ], [ -63.324996, -7.20302 ], [ -63.314559, -7.185562 ], [ -63.314281, -7.177408 ], [ -63.307944, -7.164162 ], [ -63.306247, -7.154241 ], [ -63.313804, -7.151394 ], [ -63.313362, -7.14177 ], [ -63.305748, -7.138724 ], [ -63.302694, -7.127912 ], [ -63.30145, -7.117912 ], [ -63.307478, -7.1133 ], [ -63.306885, -7.104695 ], [ -63.264364, -7.091427 ], [ -63.261333, -7.083014 ], [ -63.254364, -7.080017 ], [ -63.244843, -7.080044 ], [ -63.238193, -7.085264 ], [ -63.23597, -7.075128 ], [ -63.227643, -7.075255 ], [ -63.220112, -7.060007 ], [ -63.207245, -7.060223 ], [ -63.205336, -7.050651 ], [ -63.217058, -7.026874 ], [ -63.207725, -7.01516 ], [ -63.200724, -7.022717 ], [ -63.185725, -7.010826 ], [ -63.176918, -7.016443 ], [ -63.164082, -7.004885 ], [ -63.162422, -6.993198 ], [ -63.15228, -6.989769 ], [ -63.135055, -6.972725 ], [ -63.139947, -6.959009 ], [ -63.147106, -6.956176 ], [ -63.162383, -6.935343 ], [ -63.154226, -6.92629 ], [ -63.151748, -6.918004 ], [ -63.159774, -6.91519 ], [ -63.159836, -6.888046 ], [ -63.152584, -6.873258 ], [ -63.161667, -6.873712 ], [ -63.168167, -6.868203 ], [ -63.165223, -6.860034 ], [ -63.175892, -6.859119 ], [ -63.178449, -6.845741 ], [ -63.047716, -6.844091 ], [ -63.006945, -6.783045 ], [ -62.969498, -6.701137 ], [ -62.957365, -6.640234 ], [ -62.952638, -6.63232 ], [ -62.939806, -6.560049 ], [ -62.929388, -6.536818 ], [ -62.907697, -6.511137 ], [ -62.888752, -6.491107 ], [ -62.874582, -6.457648 ], [ -62.85602, -6.431269 ], [ -62.841696, -6.41185 ], [ -62.801112, -6.377675 ], [ -62.787471, -6.361412 ], [ -62.734808, -6.279117 ], [ -62.65419, -6.207682 ], [ -62.609208, -6.153341 ], [ -62.568052, -6.104735 ], [ -62.484995, -5.965397 ], [ -62.43667, -5.929445 ], [ -62.328527, -5.815851 ], [ -62.274247, -5.729246 ], [ -62.159555, -5.550354 ], [ -62.124859, -5.504892 ], [ -62.10233, -5.459535 ], [ -62.085691, -5.426094 ], [ -62.012356, -5.326218 ], [ -62.00319, -5.320156 ], [ -61.955634, -5.304022 ], [ -61.941751, -5.295197 ], [ -61.868078, -5.223059 ], [ -61.75444, -5.143679 ], [ -61.723765, -5.115913 ], [ -61.526691, -4.94203 ], [ -61.489552, -4.915707 ], [ -61.443474, -4.891115 ], [ -61.413855, -4.84963 ], [ -61.318189, -4.762686 ], [ -61.308084, -4.748949 ], [ -61.29274, -4.711678 ], [ -61.270698, -4.661639 ], [ -61.248781, -4.627945 ], [ -61.167314, -4.54387 ], [ -61.008876, -4.423126 ], [ -60.848451, -4.281823 ], [ -60.825297, -4.233136 ], [ -60.802774, -4.174242 ], [ -60.782925, -4.185917 ], [ -60.77609, -4.181137 ], [ -60.760665, -4.194221 ], [ -60.751866, -4.191153 ], [ -60.721562, -4.200569 ], [ -60.710461, -4.195818 ], [ -60.703031, -4.199845 ], [ -60.706501, -4.212615 ], [ -60.690101, -4.222001 ], [ -60.684196, -4.206549 ], [ -60.677862, -4.212068 ], [ -60.66389, -4.205152 ], [ -60.65663, -4.209237 ], [ -60.651968, -4.202456 ], [ -60.64411, -4.202653 ], [ -60.638545, -4.187327 ], [ -60.627716, -4.191616 ], [ -60.616558, -4.173976 ], [ -60.601386, -4.178213 ], [ -60.594069, -4.173996 ], [ -60.579735, -4.180832 ], [ -60.562052, -4.157533 ], [ -60.549295, -4.164639 ], [ -60.544553, -4.155233 ], [ -60.535465, -4.154613 ], [ -60.526378, -4.15994 ], [ -60.519488, -4.145914 ], [ -60.512595, -4.149013 ], [ -60.507527, -4.143423 ], [ -60.480793, -4.133946 ], [ -60.454857, -4.152301 ], [ -60.452995, -4.16849 ], [ -60.446204, -4.172748 ], [ -60.440462, -4.167184 ], [ -60.432303, -4.165666 ], [ -60.418737, -4.175022 ], [ -60.397259, -4.162097 ], [ -60.384415, -4.171182 ], [ -60.377156, -4.181355 ], [ -60.374542, -4.184506 ], [ -60.356721, -4.181729 ], [ -60.341941, -4.187343 ], [ -60.318528, -4.1903 ], [ -60.3045, -4.182141 ], [ -60.300779, -4.175149 ], [ -60.305798, -4.169267 ], [ -60.302698, -4.162309 ], [ -60.286492, -4.16414 ], [ -60.277799, -4.172634 ], [ -60.277864, -4.180761 ], [ -60.265381, -4.202463 ], [ -60.264358, -4.210662 ], [ -60.275969, -4.221761 ], [ -60.276221, -4.22967 ], [ -60.271083, -4.236021 ], [ -60.263551, -4.234618 ], [ -60.259778, -4.250533 ], [ -60.251941, -4.249231 ], [ -60.242997, -4.261646 ], [ -60.227781, -4.265895 ], [ -60.225476, -4.281694 ], [ -60.215497, -4.293281 ], [ -60.20983, -4.287549 ], [ -60.19439, -4.28983 ], [ -60.172975, -4.315099 ], [ -60.167799, -4.330373 ], [ -60.161687, -4.336732 ], [ -60.146301, -4.341194 ], [ -60.130334, -4.337375 ], [ -60.124551, -4.343023 ], [ -60.122271, -4.358815 ], [ -60.133604, -4.369425 ], [ -60.129054, -4.376168 ], [ -60.13, -4.383876 ], [ -60.108047, -4.395314 ], [ -60.097879, -4.406943 ], [ -60.089607, -4.407803 ], [ -60.085784, -4.405102 ], [ -60.081609, -4.393948 ], [ -60.07169, -4.381689 ], [ -60.056827, -4.377499 ], [ -60.049602, -4.380013 ], [ -60.047268, -4.387929 ], [ -60.050633, -4.396257 ], [ -60.049159, -4.412188 ], [ -60.035349, -4.420385 ], [ -60.026766, -4.418575 ], [ -60.022293, -4.410897 ], [ -59.999961, -4.396233 ], [ -59.973913, -4.393357 ], [ -59.97005, -4.391893 ], [ -59.960077, -4.391873 ], [ -59.951932, -4.386336 ], [ -59.946716, -4.376255 ], [ -59.947102, -4.360142 ], [ -59.966432, -4.339066 ], [ -59.970825, -4.322445 ], [ -59.968764, -4.306567 ], [ -59.973076, -4.295721 ], [ -59.98224, -4.286952 ], [ -59.988491, -4.2601 ], [ -59.975412, -4.249829 ], [ -59.957368, -4.255295 ], [ -59.944904, -4.252665 ], [ -59.939603, -4.247235 ], [ -59.939516, -4.238222 ], [ -59.945513, -4.229712 ], [ -59.927056, -4.213126 ], [ -59.926484, -4.212612 ], [ -59.693144, -4.210752 ], [ -59.67493, -4.188363 ], [ -59.643597, -4.201576 ], [ -59.619648, -4.19822 ], [ -59.590217, -4.147292 ], [ -59.579208, -4.116706 ], [ -59.587003, -4.076427 ], [ -59.581252, -4.057257 ], [ -59.558202, -4.021077 ], [ -59.555699, -4.007907 ], [ -59.557003, -3.982288 ], [ -59.550731, -3.970907 ], [ -59.539392, -3.966383 ], [ -59.527342, -3.955257 ], [ -59.528863, -3.933597 ], [ -59.525423, -3.925438 ], [ -59.510099, -3.921442 ], [ -59.506295, -3.920451 ], [ -59.253531, -3.919423 ], [ -59.211713, -3.919523 ], [ -59.199793, -3.91994 ], [ -59.156292, -3.921461 ], [ -59.1626, -3.933904 ], [ -59.171298, -3.942435 ], [ -59.20024, -3.951496 ], [ -59.194609, -3.967995 ], [ -59.173077, -3.966672 ], [ -59.160457, -3.97047 ], [ -59.119626, -3.967012 ], [ -59.110936, -3.969849 ], [ -59.100851, -3.987721 ], [ -59.09508, -3.98912 ], [ -59.092015, -3.989864 ], [ -59.084011, -3.96979 ], [ -59.076373, -3.962288 ], [ -59.059184, -3.962465 ], [ -59.047656, -3.958229 ], [ -59.024012, -3.932652 ], [ -59.007567, -3.937219 ], [ -58.999569, -3.932077 ], [ -58.993533, -3.92423 ], [ -58.993095, -3.914232 ], [ -58.997232, -3.902559 ], [ -58.994178, -3.892954 ], [ -58.967204, -3.887419 ], [ -58.941625, -3.89375 ], [ -58.919788, -3.90897 ], [ -58.910705, -3.905852 ], [ -58.901452, -3.896174 ], [ -58.884975, -3.859044 ], [ -58.875508, -3.853386 ], [ -58.867981, -3.856475 ], [ -58.841141, -3.851833 ], [ -58.844752, -3.874216 ], [ -58.813618, -3.876053 ], [ -58.802812, -3.902879 ], [ -58.793424, -3.909718 ], [ -58.782919, -3.907225 ], [ -58.777945, -3.909871 ], [ -58.788625, -3.92737 ], [ -58.803618, -3.965049 ], [ -58.817809, -3.988109 ], [ -58.820285, -4.0001 ], [ -58.785083, -4.035821 ], [ -58.775781, -4.064978 ], [ -58.76308, -4.07538 ], [ -58.742806, -4.08272 ], [ -58.705746, -4.107894 ], [ -58.681055, -4.13462 ], [ -58.67733, -4.149103 ], [ -58.685759, -4.175239 ], [ -58.689194, -4.196345 ], [ -58.687774, -4.210181 ], [ -58.671721, -4.223635 ], [ -58.661471, -4.237892 ], [ -58.653656, -4.262251 ], [ -58.645074, -4.26864 ], [ -58.619968, -4.262642 ], [ -58.615521, -4.270757 ], [ -58.614963, -4.285785 ], [ -58.642356, -4.335908 ], [ -58.649745, -4.340634 ], [ -58.646606, -4.37224 ], [ -58.652247, -4.388347 ], [ -58.639771, -4.399045 ], [ -58.638298, -4.414241 ], [ -58.627074, -4.43078 ], [ -58.634272, -4.452001 ], [ -58.644854, -4.452619 ], [ -58.630156, -4.46803 ], [ -58.617435, -4.472741 ], [ -58.608712, -4.460977 ], [ -58.589538, -4.462456 ], [ -58.573158, -4.476075 ], [ -58.560569, -4.493533 ], [ -58.552355, -4.495648 ], [ -58.50704, -4.470992 ], [ -58.499121, -4.476116 ], [ -58.492572, -4.489357 ], [ -58.485461, -4.493249 ], [ -58.477906, -4.49006 ], [ -58.453946, -4.502818 ], [ -58.443681, -4.506244 ], [ -58.434452, -4.504317 ], [ -58.417623, -4.494718 ], [ -58.414451, -4.502601 ], [ -58.406033, -4.500603 ], [ -58.396926, -4.502831 ], [ -58.39087, -4.493309 ], [ -58.390818, -4.484849 ], [ -58.381869, -4.460333 ], [ -58.373012, -4.459998 ], [ -58.364035, -4.464595 ], [ -58.353814, -4.462574 ], [ -58.351253, -4.450116 ], [ -58.336257, -4.440601 ], [ -58.322148, -4.440791 ], [ -58.304805, -4.433859 ], [ -58.293472, -4.418338 ], [ -58.292694, -4.410335 ], [ -58.274835, -4.395468 ], [ -58.266644, -4.396886 ], [ -58.256476, -4.378564 ], [ -58.239693, -4.382645 ], [ -58.224025, -4.374274 ], [ -58.222557, -4.36134 ], [ -58.206469, -4.35911 ], [ -58.198443, -4.349332 ], [ -58.191138, -4.351359 ], [ -58.174714, -4.369453 ], [ -58.16502, -4.361119 ], [ -58.142488, -4.366745 ], [ -58.128102, -4.365389 ], [ -58.118861, -4.370411 ], [ -58.15322, -4.245677 ], [ -58.161798, -4.227325 ], [ -58.183111, -4.217235 ], [ -58.198215, -4.22215 ], [ -58.204805, -4.216388 ], [ -58.218858, -4.231364 ], [ -58.227279, -4.22717 ], [ -58.237442, -4.233112 ], [ -58.246802, -4.229815 ], [ -58.257281, -4.210256 ], [ -58.257027, -4.201628 ], [ -58.266365, -4.197709 ], [ -58.269413, -4.188237 ], [ -58.26986, -4.181311 ], [ -58.280337, -4.160168 ], [ -58.289311, -4.160507 ], [ -58.319002, -4.142977 ], [ -58.318954, -4.134004 ], [ -58.311365, -4.131321 ], [ -58.309946, -4.110443 ], [ -58.317113, -4.106779 ], [ -58.322981, -4.097331 ], [ -58.331725, -4.093814 ], [ -58.338621, -4.07271 ], [ -58.345288, -4.066668 ], [ -58.347338, -4.056252 ], [ -58.355173, -4.056263 ], [ -58.384709, -4.013333 ], [ -58.402871, -3.999836 ], [ -58.417987, -3.998872 ], [ -58.416678, -3.98989 ], [ -58.421929, -3.983172 ], [ -58.43079, -3.987071 ], [ -58.434263, -3.982689 ], [ -58.430906, -3.974529 ], [ -58.433765, -3.965011 ], [ -58.455402, -3.959909 ], [ -58.465008, -3.942888 ], [ -58.460681, -3.934893 ], [ -58.467456, -3.930558 ], [ -58.463837, -3.926494 ], [ -58.4419, -3.911698 ], [ -58.431679, -3.914933 ], [ -58.417041, -3.908706 ], [ -58.403036, -3.894471 ], [ -58.394428, -3.895985 ], [ -58.365674, -3.886747 ], [ -58.345206, -3.886474 ], [ -58.345141, -3.880576 ], [ -58.324175, -3.862547 ], [ -58.320419, -3.855046 ], [ -58.32026, -3.843189 ], [ -58.30273, -3.824527 ], [ -58.293001, -3.825948 ], [ -58.289248, -3.814952 ], [ -58.288808, -3.790173 ], [ -58.292284, -3.780967 ], [ -58.30461, -3.768516 ], [ -58.301479, -3.761596 ], [ -58.30748, -3.755081 ], [ -58.308987, -3.745909 ], [ -58.296532, -3.693874 ], [ -58.260916, -3.687479 ], [ -58.22252, -3.694055 ], [ -58.215247, -3.695299 ], [ -58.206135, -3.690843 ], [ -58.198944, -3.675984 ], [ -58.201751, -3.666033 ], [ -58.228194, -3.651477 ], [ -58.230534, -3.628269 ], [ -58.227001, -3.615367 ], [ -58.229615, -3.614153 ], [ -58.232893, -3.612631 ], [ -58.249223, -3.606934 ], [ -58.258175, -3.602614 ], [ -58.276338, -3.600546 ], [ -58.284427, -3.591615 ], [ -58.302701, -3.596039 ], [ -58.341175, -3.581293 ], [ -58.347868, -3.582271 ], [ -58.349118, -3.582453 ], [ -58.355754, -3.588635 ], [ -58.354705, -3.596514 ], [ -58.342397, -3.611063 ], [ -58.36376, -3.624894 ], [ -58.371559, -3.63696 ], [ -58.374594, -3.648748 ], [ -58.372621, -3.677756 ], [ -58.383816, -3.677026 ], [ -58.390479, -3.671852 ], [ -58.400371, -3.677214 ], [ -58.406178, -3.695573 ], [ -58.414345, -3.7048 ], [ -58.41876, -3.724021 ], [ -58.424621, -3.729556 ], [ -58.436567, -3.722201 ], [ -58.4469, -3.705503 ], [ -58.45735, -3.705532 ], [ -58.462349, -3.727381 ], [ -58.46843, -3.733302 ], [ -58.465647, -3.747849 ], [ -58.464014, -3.751799 ], [ -58.486741, -3.747436 ], [ -58.506521, -3.753123 ], [ -58.512712, -3.747446 ], [ -58.514961, -3.739752 ], [ -58.512933, -3.729079 ], [ -58.516075, -3.714684 ], [ -58.523051, -3.705497 ], [ -58.532458, -3.703944 ], [ -58.538542, -3.694753 ], [ -58.550326, -3.685848 ], [ -58.558495, -3.675818 ], [ -58.558074, -3.667624 ], [ -58.576907, -3.648165 ], [ -58.584894, -3.646106 ], [ -58.610185, -3.637455 ], [ -58.622716, -3.623538 ], [ -58.633852, -3.621687 ], [ -58.648636, -3.633131 ], [ -58.649494, -3.64232 ], [ -58.6578, -3.659278 ], [ -58.679191, -3.663178 ], [ -58.683027, -3.656588 ], [ -58.69136, -3.657705 ], [ -58.698249, -3.647891 ], [ -58.700769, -3.635544 ], [ -58.707244, -3.612317 ], [ -58.72253, -3.596632 ], [ -58.730302, -3.597257 ], [ -58.750189, -3.591088 ], [ -58.78642, -3.611575 ], [ -58.792852, -3.612319 ], [ -58.798785, -3.613005 ], [ -58.809618, -3.607189 ], [ -58.818006, -3.598467 ], [ -58.841145, -3.592803 ], [ -58.855371, -3.603477 ], [ -58.886624, -3.609943 ], [ -58.89256, -3.614913 ], [ -58.90237, -3.615939 ], [ -58.91057, -3.611874 ], [ -58.919455, -3.60747 ], [ -58.919565, -3.594583 ], [ -58.910288, -3.571634 ], [ -58.91287, -3.556295 ], [ -58.919149, -3.543493 ], [ -58.901015, -3.512421 ], [ -58.873586, -3.476042 ], [ -58.844198, -3.447023 ], [ -58.833197, -3.446419 ], [ -58.824557, -3.46358 ], [ -58.816115, -3.460971 ], [ -58.808426, -3.452612 ], [ -58.79939, -3.436543 ], [ -58.787561, -3.399544 ], [ -58.786813, -3.386263 ], [ -58.790039, -3.386923 ], [ -58.825168, -3.402888 ], [ -58.845565, -3.403957 ], [ -58.85409, -3.400661 ], [ -58.90162, -3.366082 ], [ -58.946365, -3.30495 ], [ -58.969045, -3.277065 ], [ -59.00477, -3.244626 ], [ -59.01518, -3.24287 ], [ -59.038795, -3.249267 ], [ -59.058936, -3.262595 ], [ -59.084623, -3.269878 ], [ -59.125521, -3.28732 ], [ -59.149076, -3.285029 ], [ -59.232212, -3.243705 ], [ -59.233657, -3.242987 ], [ -59.32089, -3.210152 ], [ -59.348386, -3.192773 ], [ -59.383666, -3.180777 ], [ -59.358133, -3.152659 ], [ -59.351395, -3.145237 ], [ -59.2643, -3.153333 ], [ -59.241308, -3.161714 ], [ -59.220859, -3.175619 ], [ -59.206496, -3.17938 ], [ -59.181638, -3.176646 ], [ -59.167883, -3.17848 ], [ -59.162942, -3.172381 ], [ -59.159762, -3.168457 ], [ -59.239124, -3.137696 ], [ -59.261612, -3.128654 ], [ -59.276854, -3.127629 ], [ -59.304029, -3.131538 ], [ -59.313169, -3.1211 ], [ -59.341055, -3.106282 ], [ -59.34723, -3.09862 ], [ -59.37339, -3.071252 ], [ -59.404637, -3.053978 ], [ -59.430836, -3.048137 ], [ -59.454827, -3.029386 ], [ -59.484998, -2.99346 ], [ -59.49998, -2.987206 ], [ -59.499803, -2.971534 ], [ -59.486477, -2.966361 ], [ -59.466529, -2.948787 ], [ -59.43064, -2.927093 ], [ -59.408894, -2.888274 ], [ -59.405335, -2.873859 ], [ -59.394968, -2.872556 ], [ -59.38388, -2.871952 ], [ -59.37528, -2.865403 ], [ -59.368865, -2.870761 ], [ -59.369469, -2.888111 ], [ -59.361005, -2.888167 ], [ -59.3575, -2.879397 ], [ -59.352997, -2.845191 ], [ -59.356249, -2.828823 ], [ -59.353417, -2.821266 ], [ -59.30561, -2.760725 ], [ -59.286885, -2.748679 ], [ -59.268608, -2.743949 ], [ -59.268227, -2.739605 ], [ -59.268141, -2.738641 ], [ -59.26475, -2.725721 ], [ -59.240905, -2.712639 ], [ -59.229937, -2.700828 ], [ -59.228776, -2.649837 ], [ -59.217134, -2.635702 ], [ -59.209937, -2.632767 ], [ -59.191858, -2.606193 ], [ -59.188684, -2.597306 ], [ -59.195737, -2.579113 ], [ -59.20038, -2.56395 ], [ -59.195437, -2.555614 ], [ -59.165878, -2.538979 ], [ -59.155386, -2.517096 ], [ -59.168993, -2.507776 ], [ -59.173669, -2.484269 ], [ -59.193368, -2.471757 ], [ -59.193817, -2.471588 ], [ -59.222323, -2.473882 ], [ -59.245831, -2.469975 ], [ -59.252961, -2.474528 ], [ -59.249066, -2.481998 ], [ -59.27544, -2.487978 ], [ -59.276294, -2.479746 ], [ -59.271677, -2.47328 ], [ -59.274571, -2.464229 ], [ -59.271499, -2.447261 ], [ -59.258686, -2.436318 ], [ -59.249046, -2.435214 ], [ -59.226858, -2.418232 ], [ -59.172494, -2.385443 ], [ -59.162489, -2.371005 ], [ -59.132837, -2.34097 ], [ -59.109084, -2.297045 ], [ -59.08731, -2.284524 ], [ -59.081944, -2.275616 ], [ -59.105383, -2.243779 ], [ -59.110489, -2.223422 ], [ -59.128882, -2.223349 ], [ -59.138275, -2.23114 ], [ -59.143744, -2.249311 ], [ -59.153298, -2.248152 ], [ -59.162663, -2.232544 ], [ -59.144521, -2.224339 ], [ -59.145131, -2.216745 ], [ -59.160396, -2.209883 ], [ -59.178205, -2.209886 ], [ -59.181921, -2.200746 ], [ -59.179101, -2.184785 ], [ -59.171259, -2.18092 ], [ -59.160492, -2.168627 ], [ -59.152396, -2.172693 ], [ -59.143484, -2.171564 ], [ -59.137934, -2.165413 ], [ -59.131975, -2.149823 ], [ -59.127939, -2.10036 ], [ -59.112317, -2.076852 ], [ -59.118875, -2.041018 ], [ -59.114218, -2.032095 ], [ -59.123579, -2.006971 ], [ -59.161801, -1.98516 ], [ -59.15457, -1.9667 ], [ -59.160812, -1.959855 ], [ -59.183515, -1.947563 ], [ -59.191717, -1.947742 ], [ -59.201329, -1.940028 ], [ -59.203301, -1.91767 ], [ -59.213017, -1.900907 ], [ -59.22194, -1.89923 ], [ -59.220382, -1.891542 ], [ -59.227383, -1.873229 ], [ -59.235531, -1.864267 ], [ -59.245164, -1.862017 ], [ -59.244027, -1.851259 ], [ -59.250269, -1.844162 ], [ -59.251243, -1.832819 ], [ -59.245555, -1.826218 ], [ -59.226187, -1.826193 ], [ -59.218829, -1.818623 ], [ -59.213977, -1.806879 ], [ -59.212647, -1.786762 ], [ -59.217246, -1.780891 ], [ -59.198163, -1.730739 ], [ -59.195526, -1.710419 ], [ -59.188462, -1.704015 ], [ -59.186182, -1.694619 ], [ -59.179907, -1.687087 ], [ -59.179133, -1.676729 ], [ -59.167077, -1.677365 ], [ -59.16502, -1.668139 ], [ -59.167467, -1.658927 ], [ -59.139827, -1.642732 ], [ -59.137491, -1.629127 ], [ -59.142158, -1.619747 ], [ -59.127074, -1.607174 ], [ -59.13199, -1.600703 ], [ -59.126795, -1.589018 ], [ -59.135878, -1.584551 ], [ -59.14096, -1.575802 ], [ -59.141187, -1.564758 ], [ -59.149823, -1.56172 ], [ -59.149633, -1.54965 ], [ -59.155964, -1.544941 ], [ -59.151104, -1.530299 ], [ -59.150906, -1.515553 ], [ -59.170355, -1.485165 ], [ -59.186106, -1.47264 ], [ -59.200159, -1.469095 ], [ -59.187303, -1.453763 ], [ -59.190861, -1.446077 ], [ -59.223429, -1.446501 ], [ -59.233454, -1.449608 ], [ -59.229681, -1.437549 ], [ -59.261611, -1.437045 ], [ -59.270022, -1.430856 ], [ -59.295721, -1.453705 ], [ -59.297695, -1.474484 ], [ -59.304886, -1.483555 ], [ -59.329693, -1.481581 ], [ -59.334496, -1.471813 ], [ -59.331389, -1.464689 ], [ -59.334285, -1.456902 ], [ -59.359249, -1.458686 ], [ -59.369235, -1.452011 ], [ -59.391669, -1.452751 ], [ -59.398179, -1.447099 ], [ -59.410398, -1.445391 ], [ -59.424428, -1.45072 ], [ -59.437333, -1.43441 ], [ -59.446204, -1.437078 ], [ -59.458244, -1.434606 ], [ -59.485747, -1.453645 ], [ -59.491173, -1.442714 ], [ -59.503292, -1.444392 ], [ -59.513586, -1.439291 ], [ -59.518873, -1.432556 ], [ -59.519757, -1.419699 ], [ -59.503618, -1.389075 ], [ -59.494086, -1.385533 ], [ -59.493337, -1.377171 ], [ -59.488685, -1.37035 ], [ -59.481506, -1.360666 ], [ -59.471867, -1.35519 ], [ -59.467589, -1.33515 ], [ -59.450591, -1.327119 ], [ -59.44198, -1.318958 ], [ -59.443334, -1.296482 ], [ -59.43484, -1.279267 ], [ -59.424808, -1.274909 ], [ -59.420396, -1.268241 ], [ -59.404318, -1.258192 ], [ -59.393152, -1.261176 ], [ -59.381476, -1.258094 ], [ -59.375087, -1.265407 ], [ -59.364972, -1.267547 ], [ -59.358974, -1.261264 ], [ -59.361469, -1.2504 ], [ -59.372859, -1.236331 ], [ -59.372082, -1.193417 ], [ -59.375137, -1.18404 ], [ -59.383693, -1.17553 ], [ -59.379217, -1.147392 ], [ -59.382334, -1.136933 ], [ -59.374968, -1.133497 ], [ -59.380115, -1.106322 ], [ -59.603915, -1.109292 ], [ -59.61875, -1.104822 ], [ -59.63114, -1.094114 ], [ -59.629248, -1.085234 ], [ -59.636063, -1.077452 ], [ -59.668572, -1.065988 ], [ -59.675737, -1.08994 ], [ -59.686042, -1.090234 ], [ -59.699789, -1.10441 ], [ -59.707329, -1.101834 ], [ -59.714507, -1.094442 ], [ -59.720626, -1.077581 ], [ -59.732935, -1.079993 ], [ -59.743178, -1.075946 ], [ -59.741968, -1.06837 ], [ -59.751543, -1.052516 ], [ -59.758846, -1.055499 ], [ -59.779626, -1.045077 ], [ -59.815289, -1.011 ], [ -59.822295, -1.000039 ], [ -59.819781, -0.991195 ], [ -59.83918, -0.97174 ], [ -59.841525, -0.94343 ], [ -59.853849, -0.913899 ], [ -59.867822, -0.900741 ], [ -59.885347, -0.899372 ], [ -59.894153, -0.893879 ], [ -59.900605, -0.888778 ], [ -59.900022, -0.871416 ], [ -59.932157, -0.85183 ], [ -59.941973, -0.853692 ], [ -59.960489, -0.843732 ], [ -59.967686, -0.833358 ], [ -59.975821, -0.832529 ], [ -60.001071, -0.797745 ], [ -60.007323, -0.793293 ], [ -60.015359, -0.795711 ], [ -60.019761, -0.789541 ], [ -60.027335, -0.755328 ], [ -60.03403, -0.748103 ], [ -60.033522, -0.722275 ], [ -60.045263, -0.698061 ], [ -60.046386, -0.681147 ], [ -60.053764, -0.675643 ], [ -60.052798, -0.649738 ], [ -60.045026, -0.650592 ], [ -60.033, -0.66317 ], [ -60.024485, -0.661138 ], [ -60.034284, -0.639209 ], [ -60.035519, -0.634994 ], [ -60.026381, -0.633368 ], [ -60.021209, -0.626341 ], [ -60.02193, -0.616868 ], [ -60.037912, -0.596184 ], [ -60.035141, -0.588659 ], [ -60.025022, -0.582061 ], [ -60.01141, -0.580669 ], [ -60.008205, -0.57252 ], [ -60.000438, -0.569203 ], [ -59.967134, -0.568527 ], [ -59.960571, -0.560099 ], [ -59.95946, -0.549114 ], [ -59.949699, -0.530187 ], [ -59.956237, -0.525083 ], [ -59.953627, -0.515228 ], [ -59.943326, -0.509996 ], [ -59.938768, -0.501102 ], [ -59.928937, -0.497259 ], [ -59.925351, -0.484277 ], [ -59.89236, -0.455036 ], [ -59.882099, -0.456503 ], [ -59.879049, -0.464985 ], [ -59.869684, -0.468944 ], [ -59.853831, -0.445377 ], [ -59.847525, -0.442175 ], [ -59.838079, -0.416524 ], [ -59.830809, -0.410993 ], [ -59.83134, -0.398069 ], [ -59.836878, -0.38908 ], [ -59.852689, -0.391786 ], [ -59.862133, -0.365817 ], [ -59.853043, -0.368553 ], [ -59.85207, -0.352323 ], [ -59.845862, -0.335124 ], [ -59.85157, -0.324839 ], [ -59.849456, -0.312565 ], [ -59.842549, -0.307211 ], [ -59.843903, -0.284324 ], [ -59.839008, -0.278105 ], [ -59.838239, -0.267225 ], [ -59.80745, -0.248126 ], [ -59.809972, -0.229664 ], [ -59.82457, -0.213382 ], [ -59.847057, -0.18143 ], [ -59.872519, -0.163075 ], [ -59.901743, -0.156571 ], [ -59.9129, -0.149704 ], [ -59.917962, -0.136142 ], [ -59.918939, -0.125613 ], [ -59.892072, -0.101595 ], [ -59.874262, -0.112873 ], [ -59.874703, -0.102967 ], [ -59.879935, -0.095798 ], [ -59.878562, -0.086906 ], [ -59.863558, -0.070421 ], [ -59.861607, -0.059409 ], [ -59.864029, -0.046294 ], [ -59.8733, -0.033933 ], [ -59.879752, -0.016897 ], [ -59.892944, -0.005003 ], [ -59.902758, 0.022495 ], [ -59.916408, 0.033884 ], [ -59.932769, 0.030266 ], [ -59.947217, 0.038581 ], [ -59.956681, 0.037763 ], [ -59.955271, 0.02891 ], [ -59.942191, 0.016172 ], [ -59.93148, -0.016896 ], [ -59.934637, -0.022619 ], [ -59.928482, -0.033914 ], [ -59.935413, -0.038865 ], [ -59.950601, -0.038585 ], [ -59.960703, -0.031747 ], [ -59.971868, -0.030649 ], [ -59.975466, -0.037477 ], [ -59.952303, -0.049564 ], [ -59.962295, -0.058218 ], [ -59.976, -0.062242 ], [ -59.985081, -0.060601 ], [ -60.004668, -0.047796 ], [ -60.022998, -0.042789 ], [ -60.053443, -0.046163 ], [ -60.06289, -0.050491 ], [ -60.081995, -0.047724 ], [ -60.122142, -0.079305 ], [ -60.136252, -0.081249 ], [ -60.152859, -0.089013 ], [ -60.179532, -0.085183 ], [ -60.203049, -0.10057 ], [ -60.216616, -0.115838 ], [ -60.224696, -0.119184 ], [ -60.229998, -0.110013 ], [ -60.221704, -0.082712 ], [ -60.205746, -0.061188 ], [ -60.20277, -0.033246 ], [ -60.181158, -0.00958 ], [ -60.184668, 0.0 ], [ -60.170506, 0.000551 ], [ -60.160206, 0.016623 ], [ -60.138059, 0.029112 ], [ -60.142717, 0.03776 ], [ -60.139922, 0.047775 ], [ -60.134137, 0.05439 ], [ -60.136047, 0.065818 ], [ -60.123016, 0.081398 ], [ -60.127469, 0.088612 ], [ -60.135764, 0.093322 ], [ -60.137437, 0.103038 ], [ -60.119942, 0.123878 ], [ -60.115765, 0.133579 ], [ -60.086323, 0.143023 ], [ -60.07274, 0.15026 ], [ -60.058576, 0.163343 ], [ -60.046324, 0.232478 ], [ -60.037462, 0.26389 ], [ -59.952401, 0.263891 ], [ -59.43305, 0.263884 ], [ -59.191775, 0.263874 ], [ -58.894964, 0.263854 ], [ -58.894536, -0.010617 ], [ -58.897131, -0.016924 ], [ -58.886223, -0.033976 ], [ -58.886081, -0.058838 ], [ -58.880065, -0.064156 ], [ -58.871585, -0.064147 ], [ -58.863384, -0.077684 ], [ -58.866311, -0.137535 ], [ -58.862648, -0.144424 ], [ -58.862596, -0.160589 ], [ -58.880538, -0.196233 ], [ -58.878814, -0.22899 ], [ -58.871262, -0.26074 ], [ -58.864895, -0.265202 ], [ -58.865041, -0.273746 ], [ -58.870201, -0.280222 ], [ -58.874483, -0.295476 ], [ -58.87157, -0.342644 ], [ -58.846086, -0.364717 ], [ -58.823508, -0.373622 ], [ -58.817318, -0.379264 ], [ -58.801633, -0.381033 ], [ -58.797571, -0.38796 ], [ -58.79034, -0.385044 ], [ -58.781633, -0.389392 ], [ -58.765544, -0.408693 ], [ -58.743528, -0.417093 ], [ -58.736518, -0.432079 ], [ -58.729266, -0.434938 ], [ -58.724721, -0.441873 ], [ -58.734882, -0.471168 ], [ -58.722418, -0.501723 ], [ -58.716223, -0.506873 ], [ -58.710249, -0.521119 ], [ -58.70966, -0.53821 ], [ -58.71044, -0.546736 ], [ -58.721074, -0.558928 ], [ -58.728685, -0.561775 ], [ -58.731549, -0.576924 ], [ -58.727636, -0.583857 ], [ -58.726687, -0.60749 ], [ -58.7335, -0.61128 ], [ -58.731502, -0.627011 ], [ -58.718135, -0.637261 ], [ -58.716458, -0.645514 ], [ -58.709119, -0.648104 ], [ -58.703442, -0.671038 ], [ -58.704681, -0.678622 ], [ -58.683102, -0.686877 ], [ -58.666022, -0.704995 ], [ -58.663539, -0.712752 ], [ -58.656208, -0.715727 ], [ -58.636278, -0.717701 ], [ -58.631901, -0.722533 ], [ -58.613271, -0.755097 ], [ -58.599807, -0.764216 ], [ -58.592137, -0.764863 ], [ -58.590386, -0.773386 ], [ -58.570905, -0.785331 ], [ -58.567438, -0.792352 ], [ -58.56083, -0.796478 ], [ -58.560147, -0.804264 ], [ -58.520155, -0.827604 ], [ -58.518827, -0.835456 ], [ -58.51175, -0.839426 ], [ -58.507878, -0.832957 ], [ -58.500499, -0.836018 ], [ -58.491475, -0.83144 ], [ -58.493306, -0.845765 ], [ -58.48705, -0.859375 ], [ -58.479559, -0.859225 ], [ -58.475683, -0.867233 ], [ -58.467705, -0.872758 ], [ -58.466571, -0.863906 ], [ -58.458545, -0.863643 ], [ -58.435554, -0.883115 ], [ -58.433391, -0.891622 ], [ -58.45258, -0.897844 ], [ -58.448053, -0.906625 ], [ -58.450333, -0.925731 ], [ -58.429521, -0.9515 ], [ -58.42711, -0.962493 ], [ -58.414265, -0.966701 ], [ -58.414691, -0.974594 ], [ -58.410251, -0.980957 ], [ -58.422996, -0.991084 ], [ -58.424554, -0.999875 ], [ -58.418996, -1.009818 ], [ -58.429584, -1.026765 ], [ -58.411193, -1.043887 ], [ -58.405841, -1.038539 ], [ -58.399367, -1.043661 ], [ -58.392197, -1.039471 ], [ -58.38819, -1.05007 ], [ -58.367996, -1.065672 ], [ -58.362331, -1.093443 ], [ -58.355248, -1.096557 ], [ -58.360829, -1.104746 ], [ -58.351695, -1.111901 ], [ -58.343918, -1.108162 ], [ -58.335769, -1.123323 ], [ -58.319389, -1.134038 ], [ -58.32279, -1.142942 ], [ -58.27333, -1.138658 ], [ -58.267851, -1.131558 ], [ -58.254273, -1.132238 ], [ -58.24287, -1.156248 ], [ -58.214781, -1.165327 ], [ -58.194113, -1.199354 ], [ -58.180636, -1.205743 ], [ -58.162148, -1.229304 ], [ -58.155445, -1.225526 ], [ -58.12733, -1.189668 ], [ -58.118807, -1.186018 ], [ -58.123192, -1.164241 ], [ -58.093799, -1.160155 ], [ -58.081472, -1.147156 ], [ -58.083747, -1.136635 ], [ -58.081363, -1.126128 ], [ -58.04175, -1.102989 ], [ -58.032056, -1.100999 ], [ -58.017047, -1.105797 ], [ -58.009274, -1.118729 ], [ -58.015272, -1.128734 ], [ -58.006661, -1.145373 ], [ -57.978686, -1.15405 ], [ -57.97153, -1.162216 ], [ -57.970411, -1.173172 ], [ -57.978498, -1.19272 ], [ -57.964994, -1.205731 ], [ -57.963862, -1.222902 ], [ -57.974082, -1.232281 ], [ -57.990191, -1.291667 ], [ -57.99036, -1.312697 ], [ -57.997497, -1.320066 ], [ -58.000442, -1.329822 ], [ -57.995891, -1.343967 ], [ -57.98358, -1.355847 ], [ -57.970381, -1.358754 ], [ -57.976053, -1.365888 ], [ -57.976606, -1.374657 ], [ -57.955, -1.382704 ], [ -57.959857, -1.40122 ], [ -57.95125, -1.405515 ], [ -57.937066, -1.397962 ], [ -57.920184, -1.402517 ], [ -57.909999, -1.409876 ], [ -57.91803, -1.419453 ], [ -57.909864, -1.427709 ], [ -57.90354, -1.425675 ], [ -57.89372, -1.433178 ], [ -57.879371, -1.422911 ], [ -57.864055, -1.425046 ], [ -57.845827, -1.429156 ], [ -57.841298, -1.436035 ], [ -57.823545, -1.439403 ], [ -57.820653, -1.450169 ], [ -57.812188, -1.452034 ], [ -57.80936, -1.469781 ], [ -57.801162, -1.473883 ], [ -57.796805, -1.485398 ], [ -57.790777, -1.490284 ], [ -57.783373, -1.487734 ], [ -57.780609, -1.499585 ], [ -57.783197, -1.507651 ], [ -57.772832, -1.508446 ], [ -57.760607, -1.502 ], [ -57.750025, -1.506391 ], [ -57.744345, -1.501039 ], [ -57.729376, -1.509584 ], [ -57.712671, -1.503792 ], [ -57.711946, -1.535279 ], [ -57.704695, -1.546556 ], [ -57.702105, -1.561181 ], [ -57.70636, -1.575599 ], [ -57.693666, -1.575934 ], [ -57.678184, -1.593984 ], [ -57.656564, -1.580478 ], [ -57.653227, -1.588329 ], [ -57.629861, -1.583104 ], [ -57.621357, -1.585712 ], [ -57.610967, -1.582531 ], [ -57.609666, -1.574576 ], [ -57.602092, -1.569942 ], [ -57.589635, -1.579746 ], [ -57.595224, -1.589076 ], [ -57.592891, -1.59934 ], [ -57.585413, -1.595857 ], [ -57.563633, -1.604829 ], [ -57.552969, -1.604862 ], [ -57.545196, -1.61016 ], [ -57.538743, -1.623503 ], [ -57.52471, -1.626413 ], [ -57.528296, -1.652365 ], [ -57.506686, -1.640907 ], [ -57.501163, -1.652014 ], [ -57.49315, -1.656552 ], [ -57.480084, -1.655054 ], [ -57.481825, -1.664073 ], [ -57.474713, -1.677644 ], [ -57.438179, -1.66613 ], [ -57.434944, -1.675486 ], [ -57.43944, -1.688133 ], [ -57.427081, -1.691441 ], [ -57.411444, -1.672927 ], [ -57.402969, -1.675172 ], [ -57.403693, -1.683602 ], [ -57.397137, -1.691324 ], [ -57.3875, -1.694934 ], [ -57.390468, -1.70635 ], [ -57.400553, -1.712254 ], [ -57.392199, -1.72272 ], [ -57.372613, -1.713755 ], [ -57.352028, -1.732405 ], [ -57.343531, -1.722764 ], [ -57.346578, -1.713669 ], [ -57.327472, -1.715546 ], [ -57.30502, -1.729923 ], [ -57.297119, -1.711099 ], [ -57.273909, -1.709381 ], [ -57.272021, -1.718312 ], [ -57.263992, -1.716468 ], [ -57.258529, -1.70675 ], [ -57.261721, -1.696623 ], [ -57.253403, -1.69594 ], [ -57.24322, -1.703941 ], [ -57.248688, -1.712186 ], [ -57.244388, -1.72011 ], [ -57.230254, -1.725565 ], [ -57.221654, -1.723477 ], [ -57.215191, -1.715654 ], [ -57.203261, -1.710592 ], [ -57.200717, -1.723598 ], [ -57.193968, -1.727375 ], [ -57.187071, -1.721874 ], [ -57.178502, -1.729788 ], [ -57.164408, -1.720516 ], [ -57.161308, -1.728686 ], [ -57.171328, -1.749411 ], [ -57.160751, -1.755713 ], [ -57.162722, -1.768225 ], [ -57.148703, -1.76198 ], [ -57.128884, -1.763806 ], [ -57.115335, -1.791426 ], [ -57.097367, -1.774749 ], [ -57.084833, -1.781687 ], [ -57.083972, -1.793502 ], [ -57.078936, -1.800831 ], [ -57.070049, -1.802305 ], [ -57.063415, -1.808139 ], [ -57.059995, -1.815414 ], [ -57.07308, -1.831314 ], [ -57.067581, -1.852313 ], [ -57.055576, -1.864381 ], [ -57.03672, -1.911197 ], [ -57.026138, -1.914732 ], [ -56.987862, -1.906803 ], [ -56.97972, -1.923307 ], [ -56.965836, -1.934596 ], [ -56.961214, -1.9511 ], [ -56.952282, -1.959873 ], [ -56.944054, -1.963503 ], [ -56.92319, -1.963951 ], [ -56.88561, -1.983258 ], [ -56.874144, -1.994623 ], [ -56.858556, -2.015568 ], [ -56.849468, -2.019814 ], [ -56.816277, -2.022613 ], [ -56.79272, -2.020637 ], [ -56.766505, -2.00834 ], [ -56.747396, -2.011144 ], [ -56.733056, -2.022434 ], [ -56.726115, -2.030603 ], [ -56.720895, -2.058816 ], [ -56.726416, -2.081019 ], [ -56.732277, -2.091381 ], [ -56.750678, -2.109078 ], [ -56.768942, -2.140314 ], [ -56.768052, -2.165392 ], [ -56.760471, -2.173699 ], [ -56.742976, -2.178111 ], [ -56.727236, -2.176446 ], [ -56.707281, -2.183543 ], [ -56.702255, -2.200874 ], [ -56.678586, -2.212205 ], [ -56.657521, -2.210231 ], [ -56.63494, -2.20324 ], [ -56.623944, -2.204124 ], [ -56.612426, -2.209812 ], [ -56.60703, -2.204619 ], [ -56.599028, -2.17722 ], [ -56.597305, -2.174596 ], [ -56.588864, -2.17411 ], [ -56.579923, -2.179047 ], [ -56.569105, -2.1744 ], [ -56.556724, -2.162186 ], [ -56.540355, -2.153479 ], [ -56.526579, -2.138837 ], [ -56.518989, -2.137945 ], [ -56.507142, -2.143342 ], [ -56.477407, -2.170018 ], [ -56.470254, -2.166667 ], [ -56.45305, -2.153674 ], [ -56.436329, -2.157236 ], [ -56.426235, -2.167961 ], [ -56.413397, -2.175591 ], [ -56.39222, -2.158849 ], [ -56.374578, -2.138419 ], [ -56.369147, -2.13715 ], [ -56.3673, -2.136718 ], [ -56.350663, -2.148511 ], [ -56.343062, -2.149113 ], [ -56.320287, -2.142228 ], [ -56.316276, -2.139767 ], [ -56.307969, -2.120667 ], [ -56.299327, -2.118817 ], [ -56.298738, -2.105076 ], [ -56.296972, -2.100449 ], [ -56.280189, -2.092711 ], [ -56.255668, -2.087958 ], [ -56.227893, -2.055862 ], [ -56.207158, -2.059622 ], [ -56.196585, -2.056565 ], [ -56.1935, -2.048525 ], [ -56.186219, -2.042463 ], [ -56.172045, -2.038829 ], [ -56.162268, -2.041601 ], [ -56.144602, -2.038848 ], [ -56.098167, -2.026587 ], [ -56.097075, -2.036775 ], [ -56.101933, -2.04766 ], [ -56.141442, -2.099855 ], [ -56.191589, -2.171087 ], [ -56.219813, -2.195484 ], [ -56.263014, -2.220697 ], [ -56.331153, -2.251003 ], [ -56.363721, -2.258927 ], [ -56.38383, -2.270116 ], [ -56.388764, -2.278164 ], [ -56.412272, -2.321356 ], [ -56.420348, -2.359832 ], [ -56.465109, -2.422755 ], [ -56.464, -2.431234 ], [ -56.456667, -2.435068 ], [ -56.454832, -2.435878 ], [ -56.436971, -2.439866 ], [ -56.424944, -2.448774 ], [ -56.407445, -2.449804 ], [ -56.401675, -2.456255 ], [ -56.432712, -2.516001 ], [ -56.461742, -2.578199 ], [ -56.487101, -2.632517 ], [ -56.535919, -2.738033 ], [ -56.536975, -2.740321 ], [ -56.558207, -2.786344 ], [ -56.575463, -2.823748 ], [ -56.647286, -2.980963 ], [ -56.723044, -3.146233 ], [ -56.762431, -3.231845 ], [ -56.767403, -3.242524 ], [ -56.809609, -3.332613 ], [ -56.831812, -3.381404 ], [ -56.83194, -3.381676 ], [ -56.88675, -3.49868 ], [ -56.913265, -3.561932 ], [ -56.955137, -3.657221 ], [ -56.955594, -3.65826 ], [ -56.999999, -3.758762 ], [ -57.130288, -4.035269 ], [ -57.210198, -4.205176 ], [ -57.213057, -4.211255 ], [ -57.248994, -4.287605 ], [ -57.2518, -4.293635 ], [ -57.349704, -4.50164 ], [ -57.476181, -4.770035 ], [ -57.659418, -5.162772 ], [ -57.703459, -5.258899 ], [ -57.860138, -5.600347 ], [ -57.873469, -5.629465 ], [ -58.033132, -5.977739 ], [ -58.254756, -6.453736 ], [ -58.266223, -6.475179 ], [ -58.292609, -6.493501 ], [ -58.319496, -6.494614 ], [ -58.325135, -6.498911 ], [ -58.331808, -6.532618 ], [ -58.349386, -6.562019 ], [ -58.380117, -6.580128 ], [ -58.421276, -6.610333 ], [ -58.449153, -6.653233 ], [ -58.464694, -6.669659 ], [ -58.47797, -6.699231 ], [ -58.479627, -6.784824 ], [ -58.470161, -6.803248 ], [ -58.462385, -6.836896 ], [ -58.434055, -6.908423 ], [ -58.406504, -6.940047 ], [ -58.393636, -6.949715 ], [ -58.386056, -6.964933 ], [ -58.379749, -6.97012 ], [ -58.355108, -6.971275 ], [ -58.334921, -6.985988 ], [ -58.287755, -7.061289 ], [ -58.268077, -7.079135 ], [ -58.252335, -7.083039 ], [ -58.23942, -7.095126 ], [ -58.222277, -7.123889 ], [ -58.208248, -7.135968 ], [ -58.18179, -7.179422 ], [ -58.167585, -7.230949 ], [ -58.174311, -7.271043 ], [ -58.16951, -7.312837 ], [ -58.146872, -7.342855 ], [ -58.136554, -7.355738 ] ] ] } },
{ "type": "Feature", "properties": { "MACRO_ID": "1304", "MACRO_NAME": "Central", "id": "130008", "name": "Anamã", "description": "Anamã", "MUN_ID": "130008", "UF": "AM", "HREG_ID": "13002", "HREG_NAME": "Rio Negro e Solimões" }, "geometry": { "type": "MultiPolygon", "coordinates": [ [ [ [ -67.976635, -9.352191 ], [ -68.219789, -9.242153 ], [ -68.637034, -9.053378 ], [ -68.637175, -9.053314 ], [ -68.646628, -9.049037 ], [ -68.706161, -8.997945 ], [ -68.922344, -8.812517 ], [ -68.968458, -8.772987 ], [ -68.994723, -8.750476 ], [ -69.061625, -8.693147 ], [ -69.212422, -8.563997 ], [ -69.285711, -8.501263 ], [ -69.443807, -8.366016 ], [ -69.586388, -8.244141 ], [ -69.801148, -8.060751 ], [ -69.800784, -8.040908 ], [ -69.786723, -7.998045 ], [ -69.79795, -7.976788 ], [ -69.799977, -7.951439 ], [ -69.788497, -7.939953 ], [ -69.784305, -7.908096 ], [ -69.79056, -7.892579 ], [ -69.797921, -7.890505 ], [ -69.797443, -7.873793 ], [ -69.791886, -7.867406 ], [ -69.766809, -7.863019 ], [ -69.763139, -7.842952 ], [ -69.750307, -7.834717 ], [ -69.743363, -7.821418 ], [ -69.730113, -7.819941 ], [ -69.704365, -7.78704 ], [ -69.696139, -7.784899 ], [ -69.681414, -7.792996 ], [ -69.67484, -7.787404 ], [ -69.672641, -7.780118 ], [ -69.664978, -7.781648 ], [ -69.656052, -7.766903 ], [ -69.648588, -7.770066 ], [ -69.646118, -7.762551 ], [ -69.632655, -7.755705 ], [ -69.624664, -7.752019 ], [ -69.610756, -7.734173 ], [ -69.614859, -7.717645 ], [ -69.598881, -7.692951 ], [ -69.590478, -7.688356 ], [ -69.583469, -7.6921 ], [ -69.569255, -7.686182 ], [ -69.554721, -7.658334 ], [ -69.556451, -7.650932 ], [ -69.572304, -7.644609 ], [ -69.574974, -7.637385 ], [ -69.582, -7.633457 ], [ -69.588624, -7.622905 ], [ -69.592062, -7.611799 ], [ -69.584306, -7.607798 ], [ -69.554752, -7.570088 ], [ -69.565113, -7.556898 ], [ -69.562866, -7.549287 ], [ -69.55248, -7.536775 ], [ -69.53322, -7.488883 ], [ -69.520416, -7.479278 ], [ -69.510852, -7.462793 ], [ -69.5082, -7.458554 ], [ -69.511609, -7.451269 ], [ -69.519166, -7.450175 ], [ -69.523831, -7.443837 ], [ -69.519999, -7.420688 ], [ -69.515721, -7.413909 ], [ -69.497305, -7.409377 ], [ -69.490561, -7.404528 ], [ -69.496811, -7.390479 ], [ -69.496002, -7.38202 ], [ -69.511198, -7.35984 ], [ -69.488307, -7.337429 ], [ -69.485719, -7.330032 ], [ -69.4845, -7.314319 ], [ -69.493776, -7.301657 ], [ -69.490532, -7.294438 ], [ -69.492005, -7.278863 ], [ -69.473886, -7.25185 ], [ -69.478474, -7.223617 ], [ -69.490478, -7.202781 ], [ -69.484977, -7.196482 ], [ -69.484365, -7.180419 ], [ -69.468975, -7.178598 ], [ -69.455856, -7.170169 ], [ -69.453829, -7.145791 ], [ -69.461777, -7.140304 ], [ -69.482419, -7.128517 ], [ -69.482366, -7.120103 ], [ -69.487219, -7.113476 ], [ -69.485974, -7.105466 ], [ -69.461414, -7.099969 ], [ -69.456669, -7.093609 ], [ -69.441832, -7.085604 ], [ -69.426033, -7.083368 ], [ -69.421311, -7.076576 ], [ -69.413308, -7.074264 ], [ -69.414692, -7.06173 ], [ -69.402054, -7.052996 ], [ -69.403864, -7.044946 ], [ -69.391532, -7.034787 ], [ -69.389502, -7.026142 ], [ -69.376274, -7.017101 ], [ -69.360499, -7.012192 ], [ -69.354836, -7.01721 ], [ -69.339468, -7.011222 ], [ -69.323556, -7.014956 ], [ -69.308502, -7.007785 ], [ -69.285834, -7.011782 ], [ -69.27378, -7.000032 ], [ -69.265583, -6.996407 ], [ -69.259031, -7.003082 ], [ -69.249896, -6.999735 ], [ -69.217003, -6.977525 ], [ -69.192251, -6.944575 ], [ -69.182082, -6.944489 ], [ -69.172306, -6.950062 ], [ -69.164916, -6.960504 ], [ -69.138528, -6.956189 ], [ -69.132081, -6.961127 ], [ -69.133415, -6.992129 ], [ -69.126447, -7.015538 ], [ -69.117495, -7.019374 ], [ -69.108811, -7.028812 ], [ -69.093164, -7.025872 ], [ -69.091112, -7.041575 ], [ -69.086998, -7.048106 ], [ -69.076532, -7.035802 ], [ -69.068968, -7.035154 ], [ -69.064527, -7.050669 ], [ -69.058059, -7.054685 ], [ -69.03953, -7.028633 ], [ -69.024719, -7.025704 ], [ -69.016943, -7.028247 ], [ -69.012138, -7.034417 ], [ -69.013221, -7.042519 ], [ -69.025804, -7.051508 ], [ -69.033607, -7.064598 ], [ -69.032168, -7.072546 ], [ -69.024888, -7.075817 ], [ -69.016587, -7.075411 ], [ -68.995717, -7.057703 ], [ -68.988336, -7.055236 ], [ -68.974665, -7.062461 ], [ -68.969472, -7.068968 ], [ -68.970666, -7.076667 ], [ -68.962246, -7.078048 ], [ -68.956809, -7.071653 ], [ -68.944749, -7.083791 ], [ -68.930864, -7.076311 ], [ -68.9235, -7.090868 ], [ -68.916554, -7.095574 ], [ -68.909887, -7.091413 ], [ -68.904385, -7.096785 ], [ -68.902474, -7.104746 ], [ -68.878893, -7.108141 ], [ -68.863569, -7.103316 ], [ -68.840005, -7.108182 ], [ -68.833666, -7.113188 ], [ -68.82875, -7.106607 ], [ -68.805999, -7.099131 ], [ -68.782997, -7.10809 ], [ -68.766449, -7.108049 ], [ -68.729227, -7.121707 ], [ -68.713533, -7.117557 ], [ -68.70314, -7.105427 ], [ -68.687998, -7.101845 ], [ -68.6624, -7.103999 ], [ -68.648892, -7.107414 ], [ -68.60498, -7.141696 ], [ -68.592862, -7.161253 ], [ -68.59697, -7.173517 ], [ -68.598359, -7.17852 ], [ -68.584143, -7.183403 ], [ -68.565917, -7.20034 ], [ -68.566223, -7.208625 ], [ -68.57339, -7.211461 ], [ -68.57445, -7.219205 ], [ -68.542335, -7.223389 ], [ -68.538387, -7.239511 ], [ -68.533611, -7.246648 ], [ -68.530956, -7.245687 ], [ -68.518839, -7.241299 ], [ -68.507528, -7.25162 ], [ -68.498138, -7.253392 ], [ -68.476169, -7.220043 ], [ -68.484753, -7.20665 ], [ -68.49064, -7.191125 ], [ -68.484281, -7.176789 ], [ -68.487055, -7.161183 ], [ -68.461643, -7.141583 ], [ -68.456583, -7.157147 ], [ -68.450025, -7.16224 ], [ -68.433836, -7.166118 ], [ -68.432086, -7.174198 ], [ -68.41825, -7.166735 ], [ -68.410803, -7.169828 ], [ -68.406053, -7.176456 ], [ -68.394005, -7.168251 ], [ -68.38669, -7.179071 ], [ -68.376053, -7.17505 ], [ -68.360113, -7.17764 ], [ -68.344918, -7.174101 ], [ -68.332667, -7.162872 ], [ -68.324505, -7.164284 ], [ -68.319051, -7.158552 ], [ -68.297704, -7.167221 ], [ -68.272588, -7.177419 ], [ -68.264977, -7.175111 ], [ -68.25383, -7.163466 ], [ -68.246528, -7.160658 ], [ -68.232726, -7.152021 ], [ -68.201782, -7.14185 ], [ -68.196696, -7.135646 ], [ -68.181725, -7.140518 ], [ -68.177106, -7.146593 ], [ -68.177721, -7.162693 ], [ -68.174112, -7.166188 ], [ -68.155503, -7.1673 ], [ -68.144189, -7.155477 ], [ -68.130081, -7.16331 ], [ -68.127905, -7.161857 ], [ -68.114255, -7.146164 ], [ -68.106583, -7.143879 ], [ -68.091278, -7.149443 ], [ -68.083668, -7.14707 ], [ -68.076671, -7.143695 ], [ -68.063723, -7.122591 ], [ -68.040994, -7.116857 ], [ -68.027698, -7.125253 ], [ -68.018474, -7.138299 ], [ -68.010026, -7.138029 ], [ -67.999972, -7.150293 ], [ -67.977836, -7.145305 ], [ -67.96261, -7.151132 ], [ -67.954638, -7.149249 ], [ -67.946752, -7.151442 ], [ -67.93581, -7.163443 ], [ -67.927697, -7.162874 ], [ -67.914024, -7.15458 ], [ -67.901169, -7.165262 ], [ -67.893611, -7.179225 ], [ -67.891335, -7.187343 ], [ -67.89675, -7.192835 ], [ -67.894858, -7.200163 ], [ -67.881614, -7.209194 ], [ -67.88175, -7.225831 ], [ -67.875776, -7.240182 ], [ -67.902956, -7.259931 ], [ -67.884031, -7.270764 ], [ -67.877305, -7.256708 ], [ -67.86203, -7.260705 ], [ -67.83886, -7.251876 ], [ -67.831506, -7.255427 ], [ -67.808725, -7.248521 ], [ -67.800637, -7.250624 ], [ -67.795389, -7.256916 ], [ -67.778638, -7.256936 ], [ -67.757505, -7.267534 ], [ -67.753142, -7.260932 ], [ -67.737448, -7.260507 ], [ -67.729727, -7.256336 ], [ -67.72411, -7.26249 ], [ -67.708665, -7.268127 ], [ -67.707894, -7.283899 ], [ -67.691275, -7.308959 ], [ -67.697496, -7.331 ], [ -67.691887, -7.337386 ], [ -67.675144, -7.341192 ], [ -67.66789, -7.337534 ], [ -67.662221, -7.342892 ], [ -67.654474, -7.356259 ], [ -67.651695, -7.37849 ], [ -67.644086, -7.383803 ], [ -67.641227, -7.399005 ], [ -67.625396, -7.400472 ], [ -67.611915, -7.410439 ], [ -67.598026, -7.401575 ], [ -67.583253, -7.382272 ], [ -67.575914, -7.378801 ], [ -67.57522, -7.370961 ], [ -67.564587, -7.348941 ], [ -67.522358, -7.324985 ], [ -67.517836, -7.318463 ], [ -67.515057, -7.302608 ], [ -67.509743, -7.297302 ], [ -67.502603, -7.291751 ], [ -67.496475, -7.268115 ], [ -67.50044, -7.261151 ], [ -67.500005, -7.246812 ], [ -67.500002, -7.206256 ], [ -67.490133, -7.170937 ], [ -67.422159, -6.918698 ], [ -67.418837, -6.908485 ], [ -67.421027, -6.898747 ], [ -67.414057, -6.888571 ], [ -67.414302, -6.879124 ], [ -67.402856, -6.874538 ], [ -67.398081, -6.860031 ], [ -67.39008, -6.861304 ], [ -67.379864, -6.851217 ], [ -67.38256, -6.8355 ], [ -67.374615, -6.831971 ], [ -67.379784, -6.825957 ], [ -67.373863, -6.81213 ], [ -67.365776, -6.814532 ], [ -67.363473, -6.822723 ], [ -67.351668, -6.829948 ], [ -67.347219, -6.821753 ], [ -67.347139, -6.813449 ], [ -67.33911, -6.813038 ], [ -67.328724, -6.825422 ], [ -67.321777, -6.820675 ], [ -67.315809, -6.825382 ], [ -67.306942, -6.825155 ], [ -67.296975, -6.817316 ], [ -67.283552, -6.825023 ], [ -67.271666, -6.825538 ], [ -67.262975, -6.816058 ], [ -67.254419, -6.837234 ], [ -67.241915, -6.83252 ], [ -67.234802, -6.835802 ], [ -67.227722, -6.833085 ], [ -67.216581, -6.836422 ], [ -67.206474, -6.826612 ], [ -67.198223, -6.82453 ], [ -67.197888, -6.832605 ], [ -67.189587, -6.833125 ], [ -67.187198, -6.825069 ], [ -67.179585, -6.823396 ], [ -67.172419, -6.82869 ], [ -67.168968, -6.821087 ], [ -67.175361, -6.815681 ], [ -67.167302, -6.801146 ], [ -67.173891, -6.796311 ], [ -67.170109, -6.789445 ], [ -67.154975, -6.787007 ], [ -67.148335, -6.792005 ], [ -67.140773, -6.791183 ], [ -67.132856, -6.778423 ], [ -67.110997, -6.777931 ], [ -67.10016, -6.769498 ], [ -67.099558, -6.78511 ], [ -67.079748, -6.779856 ], [ -67.072029, -6.784061 ], [ -67.059663, -6.773655 ], [ -67.048773, -6.775543 ], [ -67.043003, -6.769646 ], [ -67.041137, -6.761854 ], [ -67.033862, -6.764249 ], [ -67.031556, -6.756371 ], [ -67.018971, -6.746778 ], [ -67.007969, -6.757859 ], [ -67.00003, -6.761699 ], [ -66.992473, -6.759974 ], [ -66.969247, -6.779721 ], [ -66.961529, -6.780451 ], [ -66.955833, -6.785566 ], [ -66.948967, -6.781722 ], [ -66.946112, -6.790195 ], [ -66.92536, -6.79206 ], [ -66.919275, -6.806334 ], [ -66.909976, -6.804117 ], [ -66.899248, -6.791952 ], [ -66.878003, -6.802079 ], [ -66.852914, -6.795332 ], [ -66.851636, -6.803221 ], [ -66.8435, -6.805217 ], [ -66.837528, -6.800189 ], [ -66.818866, -6.80581 ], [ -66.822336, -6.812666 ], [ -66.815195, -6.816743 ], [ -66.80911, -6.811242 ], [ -66.801752, -6.813464 ], [ -66.794777, -6.809203 ], [ -66.79025, -6.802364 ], [ -66.782802, -6.801047 ], [ -66.778746, -6.793939 ], [ -66.754028, -6.787634 ], [ -66.744585, -6.80001 ], [ -66.716666, -6.792159 ], [ -66.685778, -6.793383 ], [ -66.676276, -6.781033 ], [ -66.66953, -6.784729 ], [ -66.666197, -6.777429 ], [ -66.650336, -6.775793 ], [ -66.649524, -6.767687 ], [ -66.641164, -6.766709 ], [ -66.641975, -6.758649 ], [ -66.626139, -6.756941 ], [ -66.619445, -6.763205 ], [ -66.60669, -6.761267 ], [ -66.594387, -6.749978 ], [ -66.588078, -6.735437 ], [ -66.580359, -6.737787 ], [ -66.576246, -6.730671 ], [ -66.558833, -6.739548 ], [ -66.534526, -6.737993 ], [ -66.528279, -6.733033 ], [ -66.523242, -6.734946 ], [ -66.504328, -6.735399 ], [ -66.507607, -6.74251 ], [ -66.500028, -6.744653 ], [ -66.488219, -6.727187 ], [ -66.481082, -6.740195 ], [ -66.468724, -6.729412 ], [ -66.460635, -6.738116 ], [ -66.447337, -6.724632 ], [ -66.423773, -6.717114 ], [ -66.416672, -6.703056 ], [ -66.417834, -6.679301 ], [ -66.40961, -6.676815 ], [ -66.408696, -6.66854 ], [ -66.403361, -6.663117 ], [ -66.395776, -6.663649 ], [ -66.394888, -6.653231 ], [ -66.387555, -6.643128 ], [ -66.380392, -6.647467 ], [ -66.376531, -6.64041 ], [ -66.371029, -6.646326 ], [ -66.362693, -6.645459 ], [ -66.361224, -6.637098 ], [ -66.354249, -6.632827 ], [ -66.355535, -6.62698 ], [ -66.362473, -6.619615 ], [ -66.370029, -6.620454 ], [ -66.389666, -6.63468 ], [ -66.397721, -6.637009 ], [ -66.404421, -6.632586 ], [ -66.404889, -6.624999 ], [ -66.412358, -6.62098 ], [ -66.419559, -6.624914 ], [ -66.428997, -6.609013 ], [ -66.448221, -6.6027 ], [ -66.453053, -6.59597 ], [ -66.451222, -6.588264 ], [ -66.459031, -6.587719 ], [ -66.465692, -6.582874 ], [ -66.475363, -6.569725 ], [ -66.507304, -6.567392 ], [ -66.520526, -6.576914 ], [ -66.52872, -6.57415 ], [ -66.538305, -6.56152 ], [ -66.543911, -6.566771 ], [ -66.550082, -6.562246 ], [ -66.557722, -6.565674 ], [ -66.574329, -6.562166 ], [ -66.578723, -6.568464 ], [ -66.58764, -6.56774 ], [ -66.595164, -6.5542 ], [ -66.602861, -6.556369 ], [ -66.614782, -6.547862 ], [ -66.626251, -6.549993 ], [ -66.632695, -6.535286 ], [ -66.637054, -6.542719 ], [ -66.654442, -6.526911 ], [ -66.676581, -6.52016 ], [ -66.689665, -6.527866 ], [ -66.698025, -6.525867 ], [ -66.704664, -6.513519 ], [ -66.716636, -6.508881 ], [ -66.723917, -6.512048 ], [ -66.737413, -6.502674 ], [ -66.753471, -6.502853 ], [ -66.759305, -6.50849 ], [ -66.763057, -6.500022 ], [ -66.773528, -6.496082 ], [ -66.788742, -6.482113 ], [ -66.801031, -6.471774 ], [ -66.807838, -6.451835 ], [ -66.814723, -6.443176 ], [ -66.832754, -6.427572 ], [ -66.841694, -6.426433 ], [ -66.846415, -6.418631 ], [ -66.864358, -6.407796 ], [ -66.882503, -6.409478 ], [ -66.898413, -6.400072 ], [ -66.918107, -6.401177 ], [ -66.928057, -6.398162 ], [ -66.932336, -6.391786 ], [ -66.947585, -6.3843 ], [ -66.957921, -6.388538 ], [ -66.96708, -6.386768 ], [ -66.976833, -6.389872 ], [ -66.975947, -6.381381 ], [ -66.98175, -6.376062 ], [ -67.001133, -6.379492 ], [ -67.018495, -6.386904 ], [ -67.037974, -6.387783 ], [ -67.059441, -6.367499 ], [ -67.062937, -6.355456 ], [ -67.08761, -6.331122 ], [ -67.095527, -6.328908 ], [ -67.114328, -6.33222 ], [ -67.118804, -6.339329 ], [ -67.129114, -6.338061 ], [ -67.134162, -6.344151 ], [ -67.139277, -6.337757 ], [ -67.148332, -6.336221 ], [ -67.166367, -6.338233 ], [ -67.202333, -6.333086 ], [ -67.215501, -6.344427 ], [ -67.221359, -6.354143 ], [ -67.235001, -6.389132 ], [ -67.238003, -6.408779 ], [ -67.255501, -6.417431 ], [ -67.284579, -6.416353 ], [ -67.289884, -6.422379 ], [ -67.306608, -6.423946 ], [ -67.320442, -6.437224 ], [ -67.341804, -6.447886 ], [ -67.35283, -6.472012 ], [ -67.366611, -6.492201 ], [ -67.379307, -6.493004 ], [ -67.388806, -6.493946 ], [ -67.411468, -6.503887 ], [ -67.420992, -6.516056 ], [ -67.428751, -6.518999 ], [ -67.43564, -6.514875 ], [ -67.444609, -6.502061 ], [ -67.452912, -6.501758 ], [ -67.465138, -6.512367 ], [ -67.473385, -6.513315 ], [ -67.477386, -6.520396 ], [ -67.490393, -6.529733 ], [ -67.498305, -6.531316 ], [ -67.508778, -6.542202 ], [ -67.530744, -6.536012 ], [ -67.555889, -6.540185 ], [ -67.561138, -6.546525 ], [ -67.576088, -6.55306 ], [ -67.583946, -6.55294 ], [ -67.590779, -6.548781 ], [ -67.602578, -6.560115 ], [ -67.632363, -6.569559 ], [ -67.639977, -6.568846 ], [ -67.652025, -6.548892 ], [ -67.672169, -6.56071 ], [ -67.684435, -6.553115 ], [ -67.709864, -6.548115 ], [ -67.733698, -6.514273 ], [ -67.740862, -6.50907 ], [ -67.757165, -6.508631 ], [ -67.796643, -6.519347 ], [ -67.788308, -6.494167 ], [ -67.780023, -6.488792 ], [ -67.775668, -6.480202 ], [ -67.773914, -6.471093 ], [ -67.779142, -6.465521 ], [ -67.780553, -6.456021 ], [ -67.753774, -6.382845 ], [ -67.74544, -6.367942 ], [ -67.733057, -6.351764 ], [ -67.700163, -6.329512 ], [ -67.695553, -6.319436 ], [ -67.696304, -6.300857 ], [ -67.675553, -6.284118 ], [ -67.665946, -6.254153 ], [ -67.649111, -6.244524 ], [ -67.633662, -6.246873 ], [ -67.625913, -6.247473 ], [ -67.621001, -6.23909 ], [ -67.625024, -6.224312 ], [ -67.633467, -6.210982 ], [ -67.644442, -6.177846 ], [ -67.665224, -6.165152 ], [ -67.677846, -6.141116 ], [ -67.66841, -6.096016 ], [ -67.67561, -6.072106 ], [ -67.66869, -6.04322 ], [ -67.670471, -6.033729 ], [ -67.677278, -6.027792 ], [ -67.684943, -6.030042 ], [ -67.691636, -6.024382 ], [ -67.702278, -5.997294 ], [ -67.703252, -5.953391 ], [ -67.698776, -5.944939 ], [ -67.681139, -5.944435 ], [ -67.674143, -5.944023 ], [ -67.658947, -5.93501 ], [ -67.65061, -5.937216 ], [ -67.629057, -5.950965 ], [ -67.613634, -5.970665 ], [ -67.599446, -5.978416 ], [ -67.587748, -5.990708 ], [ -67.572077, -5.992389 ], [ -67.565299, -5.988309 ], [ -67.568439, -5.970581 ], [ -67.561637, -5.943832 ], [ -67.544444, -5.912207 ], [ -67.528669, -5.911288 ], [ -67.500026, -5.891923 ], [ -67.457614, -5.889636 ], [ -67.44739, -5.89045 ], [ -67.443719, -5.898037 ], [ -67.445274, -5.914623 ], [ -67.439975, -5.921784 ], [ -67.432417, -5.922277 ], [ -67.411362, -5.913335 ], [ -67.365473, -5.900591 ], [ -67.355419, -5.885767 ], [ -67.357412, -5.877458 ], [ -67.375805, -5.859991 ], [ -67.385354, -5.842976 ], [ -67.388228, -5.824361 ], [ -67.381471, -5.817913 ], [ -67.331828, -5.797708 ], [ -67.315472, -5.799623 ], [ -67.30903, -5.805884 ], [ -67.30672, -5.831985 ], [ -67.299883, -5.847894 ], [ -67.292753, -5.851494 ], [ -67.283267, -5.841927 ], [ -67.264748, -5.818422 ], [ -67.22286, -5.7501 ], [ -67.18478, -5.723101 ], [ -67.179443, -5.716143 ], [ -67.180999, -5.707789 ], [ -67.202359, -5.693918 ], [ -67.205165, -5.685994 ], [ -67.205362, -5.660601 ], [ -67.196941, -5.647049 ], [ -67.181946, -5.636936 ], [ -67.164971, -5.631766 ], [ -67.165494, -5.623092 ], [ -67.15747, -5.621153 ], [ -67.120607, -5.625196 ], [ -67.118141, -5.587707 ], [ -67.11047, -5.573469 ], [ -67.087055, -5.56158 ], [ -67.038525, -5.521971 ], [ -67.021281, -5.498953 ], [ -67.005134, -5.504825 ], [ -66.993499, -5.500586 ], [ -66.983246, -5.474952 ], [ -66.976721, -5.468061 ], [ -66.979054, -5.452109 ], [ -66.976078, -5.44404 ], [ -66.957642, -5.41951 ], [ -66.940806, -5.424774 ], [ -66.922215, -5.440361 ], [ -66.907001, -5.443721 ], [ -66.90286, -5.452111 ], [ -66.902691, -5.496542 ], [ -66.898354, -5.502942 ], [ -66.891389, -5.50682 ], [ -66.88525, -5.502248 ], [ -66.877139, -5.50451 ], [ -66.872608, -5.510624 ], [ -66.857079, -5.51966 ], [ -66.853248, -5.527586 ], [ -66.835493, -5.526054 ], [ -66.809218, -5.530279 ], [ -66.80164, -5.528454 ], [ -66.795638, -5.52263 ], [ -66.787937, -5.524709 ], [ -66.782582, -5.530787 ], [ -66.785107, -5.54679 ], [ -66.779857, -5.553536 ], [ -66.769194, -5.554239 ], [ -66.754999, -5.547891 ], [ -66.722109, -5.544441 ], [ -66.714495, -5.54544 ], [ -66.704969, -5.559438 ], [ -66.684746, -5.559007 ], [ -66.673726, -5.547008 ], [ -66.669032, -5.528996 ], [ -66.659869, -5.521409 ], [ -66.656024, -5.519801 ], [ -66.648197, -5.523585 ], [ -66.641556, -5.519926 ], [ -66.638774, -5.502278 ], [ -66.629995, -5.486803 ], [ -66.583495, -5.46657 ], [ -66.581111, -5.449437 ], [ -66.573046, -5.434896 ], [ -66.571585, -5.408929 ], [ -66.564245, -5.393212 ], [ -66.575917, -5.379983 ], [ -66.575334, -5.372 ], [ -66.569361, -5.366805 ], [ -66.561555, -5.366333 ], [ -66.554724, -5.370719 ], [ -66.543556, -5.394759 ], [ -66.55139, -5.411658 ], [ -66.537195, -5.42079 ], [ -66.531947, -5.438582 ], [ -66.525667, -5.44296 ], [ -66.517277, -5.444419 ], [ -66.503247, -5.43473 ], [ -66.49436, -5.43314 ], [ -66.487967, -5.437803 ], [ -66.478404, -5.43797 ], [ -66.470196, -5.433426 ], [ -66.427995, -5.431713 ], [ -66.407158, -5.421941 ], [ -66.388501, -5.413822 ], [ -66.375355, -5.404007 ], [ -66.366584, -5.390461 ], [ -66.359661, -5.385561 ], [ -66.351612, -5.381627 ], [ -66.336333, -5.385546 ], [ -66.307586, -5.370915 ], [ -66.293773, -5.359816 ], [ -66.284837, -5.357312 ], [ -66.268053, -5.356208 ], [ -66.234857, -5.361687 ], [ -66.226551, -5.359745 ], [ -66.192357, -5.366825 ], [ -66.165609, -5.367186 ], [ -66.157218, -5.36949 ], [ -66.150721, -5.385699 ], [ -66.142467, -5.389783 ], [ -66.127083, -5.382348 ], [ -66.115513, -5.36969 ], [ -66.098832, -5.370431 ], [ -66.091112, -5.372386 ], [ -66.084001, -5.378752 ], [ -66.093522, -5.402209 ], [ -66.082191, -5.414962 ], [ -66.057251, -5.421868 ], [ -66.013805, -5.419201 ], [ -65.988492, -5.413402 ], [ -65.964334, -5.398025 ], [ -65.955859, -5.398904 ], [ -65.940444, -5.406654 ], [ -65.912361, -5.437972 ], [ -65.903579, -5.443428 ], [ -65.900051, -5.436606 ], [ -65.893056, -5.393841 ], [ -65.884916, -5.370018 ], [ -65.865578, -5.337372 ], [ -65.852692, -5.32334 ], [ -65.829579, -5.307241 ], [ -65.803337, -5.298914 ], [ -65.760809, -5.305619 ], [ -65.752772, -5.302473 ], [ -65.742362, -5.290238 ], [ -65.726858, -5.285424 ], [ -65.699526, -5.307947 ], [ -65.690304, -5.310391 ], [ -65.681248, -5.307205 ], [ -65.676084, -5.299041 ], [ -65.674611, -5.279015 ], [ -65.677941, -5.260857 ], [ -65.690447, -5.233193 ], [ -65.700832, -5.204998 ], [ -65.699746, -5.188911 ], [ -65.689883, -5.172794 ], [ -65.649522, -5.134652 ], [ -65.644387, -5.118323 ], [ -65.659386, -5.106376 ], [ -65.692301, -5.111823 ], [ -65.697299, -5.105036 ], [ -65.698106, -5.095345 ], [ -65.696468, -5.077804 ], [ -65.693293, -5.068074 ], [ -65.689699, -5.057056 ], [ -65.680357, -5.036983 ], [ -65.622444, -5.023411 ], [ -65.596642, -4.980917 ], [ -65.576417, -4.960249 ], [ -65.570437, -4.943829 ], [ -65.57823, -4.895017 ], [ -65.569383, -4.87781 ], [ -65.541464, -4.854752 ], [ -65.515888, -4.81539 ], [ -65.482778, -4.788549 ], [ -65.466441, -4.770951 ], [ -65.45664, -4.739533 ], [ -65.45358, -4.710082 ], [ -65.446106, -4.679892 ], [ -65.430971, -4.667355 ], [ -65.404556, -4.666011 ], [ -65.394913, -4.661721 ], [ -65.377444, -4.647552 ], [ -65.36769, -4.62717 ], [ -65.363465, -4.609594 ], [ -65.359424, -4.608038 ], [ -65.353057, -4.605588 ], [ -65.343693, -4.60789 ], [ -65.327666, -4.619603 ], [ -65.318328, -4.622474 ], [ -65.27702, -4.625256 ], [ -65.257, -4.619815 ], [ -65.240272, -4.608154 ], [ -65.21783, -4.58603 ], [ -65.184334, -4.565276 ], [ -65.122664, -4.516508 ], [ -65.115588, -4.502355 ], [ -65.108273, -4.473037 ], [ -65.098491, -4.460372 ], [ -65.091602, -4.45474 ], [ -65.03863, -4.440002 ], [ -65.026245, -4.428328 ], [ -65.017708, -4.413739 ], [ -65.014935, -4.361443 ], [ -65.006162, -4.319363 ], [ -64.999141, -4.302989 ], [ -64.993751, -4.294114 ], [ -64.978861, -4.28309 ], [ -64.968944, -4.284438 ], [ -64.951677, -4.29295 ], [ -64.944917, -4.297692 ], [ -64.934078, -4.298707 ], [ -64.916998, -4.294596 ], [ -64.900346, -4.284919 ], [ -64.889798, -4.282557 ], [ -64.863441, -4.288941 ], [ -64.826994, -4.27723 ], [ -64.814025, -4.26674 ], [ -64.790833, -4.222102 ], [ -64.77647, -4.206309 ], [ -64.740747, -4.198707 ], [ -64.728125, -4.192431 ], [ -64.721606, -4.179127 ], [ -64.717471, -4.142207 ], [ -64.708859, -4.124995 ], [ -64.698286, -4.117249 ], [ -64.685555, -4.119462 ], [ -64.669494, -4.128051 ], [ -64.659443, -4.128041 ], [ -64.646611, -4.119524 ], [ -64.618553, -4.070794 ], [ -64.610718, -4.064833 ], [ -64.582413, -4.053921 ], [ -64.576248, -4.048159 ], [ -64.566611, -4.032881 ], [ -64.56258, -4.016078 ], [ -64.561465, -4.006258 ], [ -64.566527, -4.00004 ], [ -64.564302, -3.989762 ], [ -64.545543, -3.967133 ], [ -64.525332, -3.959081 ], [ -64.490111, -3.967915 ], [ -64.483633, -3.967213 ], [ -64.447856, -3.987814 ], [ -64.407943, -3.983479 ], [ -64.383911, -3.972374 ], [ -64.348491, -3.980038 ], [ -64.332334, -3.97705 ], [ -64.311748, -3.958384 ], [ -64.287614, -3.954647 ], [ -64.276301, -3.942967 ], [ -64.274439, -3.934301 ], [ -64.267526, -3.930985 ], [ -64.26258, -3.914739 ], [ -64.24494, -3.893391 ], [ -64.220055, -3.888517 ], [ -64.189549, -3.871538 ], [ -64.166027, -3.865183 ], [ -64.161211, -3.848436 ], [ -64.157438, -3.82899 ], [ -64.159359, -3.811285 ], [ -64.149443, -3.797269 ], [ -64.110467, -3.759455 ], [ -64.101967, -3.75394 ], [ -64.092245, -3.75251 ], [ -64.083409, -3.768428 ], [ -64.075966, -3.767042 ], [ -64.071069, -3.703947 ], [ -64.016858, -3.706184 ], [ -64.010972, -3.700876 ], [ -63.994495, -3.703787 ], [ -63.980412, -3.711213 ], [ -63.981942, -3.720282 ], [ -63.973387, -3.745217 ], [ -63.977213, -3.764141 ], [ -63.954603, -3.801897 ], [ -63.941582, -3.812505 ], [ -63.862246, -3.810357 ], [ -63.754323, -3.796698 ], [ -63.759552, -3.789703 ], [ -63.7758, -3.783112 ], [ -63.804835, -3.784633 ], [ -63.82244, -3.781832 ], [ -63.840829, -3.799675 ], [ -63.859694, -3.798233 ], [ -63.877751, -3.793278 ], [ -63.889105, -3.782448 ], [ -63.896246, -3.768357 ], [ -63.910536, -3.760813 ], [ -63.922658, -3.74601 ], [ -63.918389, -3.690053 ], [ -63.932696, -3.680691 ], [ -63.934999, -3.664327 ], [ -63.912972, -3.671589 ], [ -63.909776, -3.664985 ], [ -63.927389, -3.642943 ], [ -63.93653, -3.644037 ], [ -63.939888, -3.635976 ], [ -63.93639, -3.617665 ], [ -63.938557, -3.612497 ], [ -63.939723, -3.609717 ], [ -63.948244, -3.608655 ], [ -63.951327, -3.625371 ], [ -63.956325, -3.632161 ], [ -63.966412, -3.634946 ], [ -63.972359, -3.611049 ], [ -63.980499, -3.608857 ], [ -64.01044, -3.632594 ], [ -64.016519, -3.62735 ], [ -64.019308, -3.599386 ], [ -64.031271, -3.584806 ], [ -64.051247, -3.578481 ], [ -64.061305, -3.582238 ], [ -64.070996, -3.576236 ], [ -64.07127, -3.565127 ], [ -64.051363, -3.561244 ], [ -64.053245, -3.553867 ], [ -64.067748, -3.540984 ], [ -64.086775, -3.535107 ], [ -64.105196, -3.543084 ], [ -64.11169, -3.527964 ], [ -64.145589, -3.51782 ], [ -64.155298, -3.51144 ], [ -64.15505, -3.486317 ], [ -64.1308, -3.455746 ], [ -64.145665, -3.448813 ], [ -64.148389, -3.440975 ], [ -64.146716, -3.424992 ], [ -64.12686, -3.395821 ], [ -64.12708, -3.379096 ], [ -64.123077, -3.370375 ], [ -64.102891, -3.371374 ], [ -64.079217, -3.359462 ], [ -64.082028, -3.339705 ], [ -64.088302, -3.330263 ], [ -64.103106, -3.331333 ], [ -64.10511, -3.306494 ], [ -64.111828, -3.300906 ], [ -64.113135, -3.292164 ], [ -64.120715, -3.295189 ], [ -64.128169, -3.293794 ], [ -64.132891, -3.28478 ], [ -64.143139, -3.304847 ], [ -64.155248, -3.289596 ], [ -64.15283, -3.282008 ], [ -64.146361, -3.276705 ], [ -64.145301, -3.268942 ], [ -64.15266, -3.253819 ], [ -64.162916, -3.248331 ], [ -64.170021, -3.25159 ], [ -64.182277, -3.241897 ], [ -64.186326, -3.259565 ], [ -64.201222, -3.236135 ], [ -64.217661, -3.229936 ], [ -64.220771, -3.222329 ], [ -64.217583, -3.21491 ], [ -64.227611, -3.211864 ], [ -64.232856, -3.204573 ], [ -64.233946, -3.19488 ], [ -64.242056, -3.195235 ], [ -64.258636, -3.174295 ], [ -64.283078, -3.164933 ], [ -64.286382, -3.157949 ], [ -64.281741, -3.150092 ], [ -64.280909, -3.139491 ], [ -64.264668, -3.143591 ], [ -64.266722, -3.124977 ], [ -64.263389, -3.115352 ], [ -64.254221, -3.111424 ], [ -64.246325, -3.114698 ], [ -64.242778, -3.106034 ], [ -64.250189, -3.098512 ], [ -64.265218, -3.104457 ], [ -64.272358, -3.099777 ], [ -64.270357, -3.091617 ], [ -64.263192, -3.085865 ], [ -64.270276, -3.081524 ], [ -64.28758, -3.085978 ], [ -64.286639, -3.095511 ], [ -64.292964, -3.100195 ], [ -64.320712, -3.095815 ], [ -64.327106, -3.089996 ], [ -64.324249, -3.082077 ], [ -64.329911, -3.075926 ], [ -64.328383, -3.057439 ], [ -64.330613, -3.054773 ], [ -64.33428, -3.050388 ], [ -64.331837, -3.043136 ], [ -64.328134, -3.035274 ], [ -64.331944, -3.027318 ], [ -64.344606, -3.015692 ], [ -64.368722, -3.007191 ], [ -64.3728, -3.000647 ], [ -64.372523, -2.992437 ], [ -64.378471, -2.986759 ], [ -64.386246, -2.988252 ], [ -64.398245, -2.976832 ], [ -64.402608, -2.965386 ], [ -64.422469, -2.960486 ], [ -64.429028, -2.954634 ], [ -64.441997, -2.933526 ], [ -64.437574, -2.927322 ], [ -64.438332, -2.919744 ], [ -64.446164, -2.892543 ], [ -64.443833, -2.875651 ], [ -64.436939, -2.861478 ], [ -64.451192, -2.851342 ], [ -64.458218, -2.833667 ], [ -64.469636, -2.820152 ], [ -64.470272, -2.80997 ], [ -64.485113, -2.80402 ], [ -64.490058, -2.797662 ], [ -64.496584, -2.786431 ], [ -64.493629, -2.7697 ], [ -64.506025, -2.75593 ], [ -64.504034, -2.753015 ], [ -64.499858, -2.746903 ], [ -64.491604, -2.745152 ], [ -64.464861, -2.747643 ], [ -64.455774, -2.74525 ], [ -64.439326, -2.751601 ], [ -64.431331, -2.748466 ], [ -64.409465, -2.725701 ], [ -64.393133, -2.725548 ], [ -64.386047, -2.730957 ], [ -64.379494, -2.726117 ], [ -64.353134, -2.728095 ], [ -64.343355, -2.713139 ], [ -64.335218, -2.707175 ], [ -64.332639, -2.698878 ], [ -64.332218, -2.681339 ], [ -64.359667, -2.657914 ], [ -64.401525, -2.652308 ], [ -64.417387, -2.646694 ], [ -64.422353, -2.636262 ], [ -64.415633, -2.620001 ], [ -64.428414, -2.584587 ], [ -64.426664, -2.55874 ], [ -64.440856, -2.547253 ], [ -64.455576, -2.536784 ], [ -64.464466, -2.522036 ], [ -64.456944, -2.487786 ], [ -64.461248, -2.470351 ], [ -64.469245, -2.468495 ], [ -64.477582, -2.470955 ], [ -64.485219, -2.467979 ], [ -64.489803, -2.45993 ], [ -64.491354, -2.429713 ], [ -64.517606, -2.376904 ], [ -64.528798, -2.336434 ], [ -64.526584, -2.325245 ], [ -64.52119, -2.316925 ], [ -64.512384, -2.316411 ], [ -64.453134, -2.326905 ], [ -64.448162, -2.32093 ], [ -64.449799, -2.28336 ], [ -64.44269, -2.279657 ], [ -64.427052, -2.285604 ], [ -64.416667, -2.284061 ], [ -64.402412, -2.270995 ], [ -64.366685, -2.264762 ], [ -64.366863, -2.253141 ], [ -64.407101, -2.207502 ], [ -64.4333, -2.199929 ], [ -64.462026, -2.185096 ], [ -64.486741, -2.180467 ], [ -64.495972, -2.18021 ], [ -64.503439, -2.191373 ], [ -64.511268, -2.235132 ], [ -64.520417, -2.242268 ], [ -64.532968, -2.244955 ], [ -64.561663, -2.239744 ], [ -64.59808, -2.220954 ], [ -64.605661, -2.224893 ], [ -64.615549, -2.240977 ], [ -64.62272, -2.238116 ], [ -64.629524, -2.220474 ], [ -64.636356, -2.214157 ], [ -64.644412, -2.211799 ], [ -64.662027, -2.213822 ], [ -64.665385, -2.194332 ], [ -64.700526, -2.162645 ], [ -64.71133, -2.142119 ], [ -64.707773, -2.119388 ], [ -64.694618, -2.090138 ], [ -64.688029, -2.04757 ], [ -64.697355, -2.026727 ], [ -64.712442, -2.015216 ], [ -64.749957, -2.035775 ], [ -64.786387, -2.046465 ], [ -64.80236, -2.072952 ], [ -64.811998, -2.078274 ], [ -64.831884, -2.074608 ], [ -64.857609, -2.075804 ], [ -64.866464, -2.080001 ], [ -64.876999, -2.091417 ], [ -64.88619, -2.099817 ], [ -64.91316, -2.103859 ], [ -64.921744, -2.109813 ], [ -64.930137, -2.109711 ], [ -64.935298, -2.102178 ], [ -64.924159, -2.034229 ], [ -64.949077, -1.999984 ], [ -64.95083, -1.99197 ], [ -64.933804, -1.899332 ], [ -64.943189, -1.886733 ], [ -64.95164, -1.88438 ], [ -64.973046, -1.886734 ], [ -64.996448, -1.897378 ], [ -65.010355, -1.905154 ], [ -65.026687, -1.921488 ], [ -65.03474, -1.932553 ], [ -65.041023, -1.953013 ], [ -65.051011, -1.965557 ], [ -65.057526, -1.969303 ], [ -65.084412, -1.961492 ], [ -65.094324, -1.962529 ], [ -65.110021, -1.970958 ], [ -65.135832, -1.974354 ], [ -65.170912, -1.959391 ], [ -65.177134, -1.952915 ], [ -65.182607, -1.936709 ], [ -65.176583, -1.847436 ], [ -65.186523, -1.810282 ], [ -65.192998, -1.797801 ], [ -65.208805, -1.781449 ], [ -65.228604, -1.775596 ], [ -65.244028, -1.778133 ], [ -65.290355, -1.785419 ], [ -65.310579, -1.778183 ], [ -65.328134, -1.770189 ], [ -65.371305, -1.762372 ], [ -65.390437, -1.754082 ], [ -65.419969, -1.735126 ], [ -65.438409, -1.73318 ], [ -65.457466, -1.738411 ], [ -65.47366, -1.751241 ], [ -65.482908, -1.769979 ], [ -65.483941, -1.785701 ], [ -65.488073, -1.793937 ], [ -65.495415, -1.798031 ], [ -65.513527, -1.792636 ], [ -65.52335, -1.775574 ], [ -65.525356, -1.764474 ], [ -65.522826, -1.708041 ], [ -65.524469, -1.697226 ], [ -65.53408, -1.678299 ], [ -65.541916, -1.667575 ], [ -65.550888, -1.662106 ], [ -65.559215, -1.659701 ], [ -65.604357, -1.662562 ], [ -65.625547, -1.650476 ], [ -65.640414, -1.635824 ], [ -65.64472, -1.626867 ], [ -65.647435, -1.60526 ], [ -65.643816, -1.58506 ], [ -65.638268, -1.566841 ], [ -65.642038, -1.546715 ], [ -65.64747, -1.53298 ], [ -65.661799, -1.515449 ], [ -65.686034, -1.501625 ], [ -65.712139, -1.496809 ], [ -65.758549, -1.502721 ], [ -65.782718, -1.493853 ], [ -65.817248, -1.472843 ], [ -65.859967, -1.471246 ], [ -65.870218, -1.466111 ], [ -65.893385, -1.432193 ], [ -65.911917, -1.420573 ], [ -65.941662, -1.412182 ], [ -65.981385, -1.416749 ], [ -66.001021, -1.413375 ], [ -66.001348, -1.413407 ], [ -66.096939, -1.422732 ], [ -66.123578, -1.430227 ], [ -66.147964, -1.441473 ], [ -66.192297, -1.472031 ], [ -66.240967, -1.4916 ], [ -66.257991, -1.506768 ], [ -66.28758, -1.548183 ], [ -66.30108, -1.560695 ], [ -66.316305, -1.568871 ], [ -66.327996, -1.568854 ], [ -66.345188, -1.562985 ], [ -66.368329, -1.543162 ], [ -66.371602, -1.532928 ], [ -66.36577, -1.512443 ], [ -66.363247, -1.484663 ], [ -66.367694, -1.47475 ], [ -66.386497, -1.46908 ], [ -66.406297, -1.477746 ], [ -66.417304, -1.479035 ], [ -66.440157, -1.474715 ], [ -66.452633, -1.478357 ], [ -66.48613, -1.513946 ], [ -66.521796, -1.530454 ], [ -66.551269, -1.536025 ], [ -66.629661, -1.570956 ], [ -66.656916, -1.601055 ], [ -66.704631, -1.623528 ], [ -66.724416, -1.625753 ], [ -66.737408, -1.623739 ], [ -66.782358, -1.59948 ], [ -66.808129, -1.597479 ], [ -66.823984, -1.600141 ], [ -66.842247, -1.60488 ], [ -66.852136, -1.607445 ], [ -66.881607, -1.604657 ], [ -66.918025, -1.609892 ], [ -66.972632, -1.59056 ], [ -66.985602, -1.589667 ], [ -67.005637, -1.594259 ], [ -67.049219, -1.581386 ], [ -67.101167, -1.581136 ], [ -67.120826, -1.585763 ], [ -67.150907, -1.603991 ], [ -67.1773, -1.608255 ], [ -67.214301, -1.608549 ], [ -67.243111, -1.620416 ], [ -67.285742, -1.60925 ], [ -67.309241, -1.61174 ], [ -67.329883, -1.619499 ], [ -67.352746, -1.6198 ], [ -67.368829, -1.631472 ], [ -67.385217, -1.663963 ], [ -67.393384, -1.664957 ], [ -67.419751, -1.647659 ], [ -67.438331, -1.640348 ], [ -67.484954, -1.65123 ], [ -67.526104, -1.650575 ], [ -67.554131, -1.639603 ], [ -67.583442, -1.623092 ], [ -67.589491, -1.616623 ], [ -67.608051, -1.611858 ], [ -67.618627, -1.595641 ], [ -67.616185, -1.56624 ], [ -67.619384, -1.557866 ], [ -67.63518, -1.537344 ], [ -67.648957, -1.511718 ], [ -67.710842, -1.527525 ], [ -67.734113, -1.525133 ], [ -67.749062, -1.518926 ], [ -67.762225, -1.509966 ], [ -67.799929, -1.486369 ], [ -67.831173, -1.481572 ], [ -67.853322, -1.489173 ], [ -67.877523, -1.508211 ], [ -67.904019, -1.517021 ], [ -67.917039, -1.51783 ], [ -67.933576, -1.512252 ], [ -67.962028, -1.489968 ], [ -67.972977, -1.484904 ], [ -67.992419, -1.479173 ], [ -68.020913, -1.475962 ], [ -68.034727, -1.474273 ], [ -68.060589, -1.482306 ], [ -68.088307, -1.49842 ], [ -68.126644, -1.499387 ], [ -68.141766, -1.489365 ], [ -68.160014, -1.483144 ], [ -68.16019, -1.291641 ], [ -68.160703, -0.986548 ], [ -68.161617, -0.906191 ], [ -68.165134, -0.674986 ], [ -68.170344, -0.670539 ], [ -68.207238, -0.671275 ], [ -68.212354, -0.664473 ], [ -68.23684, -0.674394 ], [ -68.245374, -0.673447 ], [ -68.251475, -0.679818 ], [ -68.256022, -0.673567 ], [ -68.264461, -0.675331 ], [ -68.264656, -0.68297 ], [ -68.271751, -0.685971 ], [ -68.289136, -0.684874 ], [ -68.288771, -0.69275 ], [ -68.296405, -0.694762 ], [ -68.304572, -0.702924 ], [ -68.312379, -0.702781 ], [ -68.344511, -0.724885 ], [ -68.352032, -0.723119 ], [ -68.3583, -0.727892 ], [ -68.359878, -0.735332 ], [ -68.382406, -0.740571 ], [ -68.39761, -0.738191 ], [ -68.423751, -0.758514 ], [ -68.42666, -0.765872 ], [ -68.448966, -0.757529 ], [ -68.464127, -0.760371 ], [ -68.487342, -0.756887 ], [ -68.503268, -0.76138 ], [ -68.512112, -0.758854 ], [ -68.517878, -0.752789 ], [ -68.523691, -0.757811 ], [ -68.548196, -0.7518 ], [ -68.559615, -0.740638 ], [ -68.566431, -0.744112 ], [ -68.570823, -0.736951 ], [ -68.584825, -0.727918 ], [ -68.593355, -0.726907 ], [ -68.597331, -0.71992 ], [ -68.603804, -0.718267 ], [ -68.612208, -0.712372 ], [ -68.62035, -0.697904 ], [ -68.615416, -0.691502 ], [ -68.623273, -0.669748 ], [ -68.630821, -0.665974 ], [ -68.643184, -0.643641 ], [ -68.66785, -0.621986 ], [ -68.674135, -0.60778 ], [ -68.690436, -0.589524 ], [ -68.696357, -0.574884 ], [ -68.765875, -0.555452 ], [ -68.782006, -0.554532 ], [ -68.816101, -0.53551 ], [ -68.849296, -0.530784 ], [ -68.87288, -0.510646 ], [ -68.919181, -0.490345 ], [ -68.942549, -0.487365 ], [ -68.959101, -0.481186 ], [ -68.977307, -0.487347 ], [ -69.013533, -0.484638 ], [ -69.018748, -0.491053 ], [ -69.029917, -0.492664 ], [ -69.032079, -0.502771 ], [ -69.044088, -0.502303 ], [ -69.062923, -0.49938 ], [ -69.081942, -0.5102 ], [ -69.104142, -0.515501 ], [ -69.116989, -0.533637 ], [ -69.137396, -0.532984 ], [ -69.158085, -0.538188 ], [ -69.180464, -0.523371 ], [ -69.205702, -0.51771 ], [ -69.218413, -0.511162 ], [ -69.244945, -0.519267 ], [ -69.269304, -0.521055 ], [ -69.28585, -0.516487 ], [ -69.296321, -0.506861 ], [ -69.308853, -0.489107 ], [ -69.344716, -0.483065 ], [ -69.35346, -0.476821 ], [ -69.373799, -0.438304 ], [ -69.396139, -0.423773 ], [ -69.408386, -0.406585 ], [ -69.42065, -0.40045 ], [ -69.434188, -0.404844 ], [ -69.456911, -0.401816 ], [ -69.476363, -0.408578 ], [ -69.485241, -0.400677 ], [ -69.488487, -0.388136 ], [ -69.487138, -0.371128 ], [ -69.501214, -0.360635 ], [ -69.542658, -0.337893 ], [ -69.574572, -0.333952 ], [ -69.591215, -0.325417 ], [ -69.603321, -0.310202 ], [ -69.605207, -0.297986 ], [ -69.603627, -0.220528 ], [ -69.624914, -0.205025 ], [ -69.646581, -0.194285 ], [ -69.659608, -0.17506 ], [ -69.676313, -0.167256 ], [ -69.718244, -0.170826 ], [ -69.733962, -0.167419 ], [ -69.747377, -0.159646 ], [ -69.755803, -0.148079 ], [ -69.759878, -0.132377 ], [ -69.75488, -0.106259 ], [ -69.767934, -0.083567 ], [ -69.774042, -0.077318 ], [ -69.789099, -0.073698 ], [ -69.797438, -0.080994 ], [ -69.804295, -0.106392 ], [ -69.812053, -0.118042 ], [ -69.847571, -0.122882 ], [ -69.8661, -0.142867 ], [ -69.882941, -0.143007 ], [ -69.894435, -0.130693 ], [ -69.898327, -0.116471 ], [ -69.905739, -0.108073 ], [ -69.920633, -0.102077 ], [ -69.941321, -0.085005 ], [ -69.94588, -0.074645 ], [ -69.948268, -0.031694 ], [ -69.95513, -0.016349 ], [ -69.960769, -0.010613 ], [ -69.983991, -0.005397 ], [ -69.988688, 0.006604 ], [ -69.985019, 0.038898 ], [ -69.991634, 0.054094 ], [ -70.012657, 0.065673 ], [ -70.045798, 0.068655 ], [ -70.045885, 0.109418 ], [ -70.045144, 0.247738 ], [ -70.043967, 0.457695 ], [ -70.043008, 0.559172 ], [ -70.035009, 0.561764 ], [ -70.025898, 0.55829 ], [ -70.022535, 0.543852 ], [ -70.015427, 0.5396 ], [ -70.003669, 0.541263 ], [ -69.994611, 0.548048 ], [ -69.990893, 0.561314 ], [ -69.99853, 0.570526 ], [ -69.970805, 0.571219 ], [ -69.965666, 0.561487 ], [ -69.941829, 0.554639 ], [ -69.925048, 0.565302 ], [ -69.91427, 0.585616 ], [ -69.906136, 0.581539 ], [ -69.894884, 0.583374 ], [ -69.886767, 0.575274 ], [ -69.859934, 0.580159 ], [ -69.847376, 0.587221 ], [ -69.83724, 0.583833 ], [ -69.831042, 0.59036 ], [ -69.818737, 0.586145 ], [ -69.812594, 0.583149 ], [ -69.808871, 0.572547 ], [ -69.791534, 0.58622 ], [ -69.785506, 0.595915 ], [ -69.763622, 0.605756 ], [ -69.749674, 0.622421 ], [ -69.739643, 0.615178 ], [ -69.724672, 0.617203 ], [ -69.721064, 0.626759 ], [ -69.717476, 0.643353 ], [ -69.699107, 0.65319 ], [ -69.691218, 0.653734 ], [ -69.690224, 0.665819 ], [ -69.679244, 0.670916 ], [ -69.655823, 0.666382 ], [ -69.64755, 0.661188 ], [ -69.634049, 0.636732 ], [ -69.626405, 0.636847 ], [ -69.61819, 0.629849 ], [ -69.606239, 0.62955 ], [ -69.605127, 0.639155 ], [ -69.59421, 0.63911 ], [ -69.590482, 0.659355 ], [ -69.566213, 0.672823 ], [ -69.565929, 0.684397 ], [ -69.538874, 0.682384 ], [ -69.53351, 0.68393 ], [ -69.534401, 0.700304 ], [ -69.527319, 0.707965 ], [ -69.518984, 0.713831 ], [ -69.509762, 0.712754 ], [ -69.505371, 0.721521 ], [ -69.497362, 0.728159 ], [ -69.48092, 0.73595 ], [ -69.468834, 0.735486 ], [ -69.46203, 0.72934 ], [ -69.458865, 0.71597 ], [ -69.44558, 0.714654 ], [ -69.43703, 0.710056 ], [ -69.436583, 0.6947 ], [ -69.419689, 0.685587 ], [ -69.409466, 0.675075 ], [ -69.40847, 0.661435 ], [ -69.368296, 0.627857 ], [ -69.358492, 0.612185 ], [ -69.351629, 0.615557 ], [ -69.341154, 0.627871 ], [ -69.340021, 0.639636 ], [ -69.324709, 0.633083 ], [ -69.310986, 0.63777 ], [ -69.301184, 0.64957 ], [ -69.287016, 0.646789 ], [ -69.292013, 0.635522 ], [ -69.285543, 0.619915 ], [ -69.297705, 0.603729 ], [ -69.275649, 0.603463 ], [ -69.265232, 0.608653 ], [ -69.254539, 0.60474 ], [ -69.243563, 0.609073 ], [ -69.238398, 0.602733 ], [ -69.212255, 0.609956 ], [ -69.203141, 0.605693 ], [ -69.200004, 0.617561 ], [ -69.201115, 0.631818 ], [ -69.195258, 0.637682 ], [ -69.192668, 0.651868 ], [ -69.180228, 0.656298 ], [ -69.170251, 0.651952 ], [ -69.156198, 0.651576 ], [ -69.144608, 0.645259 ], [ -69.133057, 0.646592 ], [ -69.127387, 0.640511 ], [ -69.116251, 0.635823 ], [ -69.114606, 0.650185 ], [ -69.143999, 0.702844 ], [ -69.165832, 0.719255 ], [ -69.179804, 0.724782 ], [ -69.185638, 0.733522 ], [ -69.186781, 0.749585 ], [ -69.172334, 0.763396 ], [ -69.160532, 0.760527 ], [ -69.151862, 0.765634 ], [ -69.144468, 0.783372 ], [ -69.15094, 0.810156 ], [ -69.159504, 0.817765 ], [ -69.165359, 0.828823 ], [ -69.165559, 0.852196 ], [ -69.15353, 0.854573 ], [ -69.141697, 0.852657 ], [ -69.135939, 0.863945 ], [ -69.135276, 0.877528 ], [ -69.143498, 0.886597 ], [ -69.153947, 0.888432 ], [ -69.171276, 0.903039 ], [ -69.184556, 0.903142 ], [ -69.184226, 0.915775 ], [ -69.189, 0.922881 ], [ -69.190086, 0.932927 ], [ -69.185443, 0.939571 ], [ -69.162839, 0.946308 ], [ -69.172948, 0.960174 ], [ -69.205584, 0.972622 ], [ -69.220009, 0.985343 ], [ -69.203034, 0.999958 ], [ -69.205312, 1.010428 ], [ -69.21389, 1.021643 ], [ -69.264802, 1.064701 ], [ -69.277069, 1.067202 ], [ -69.289253, 1.062747 ], [ -69.295049, 1.070613 ], [ -69.305967, 1.071487 ], [ -69.307699, 1.079463 ], [ -69.321024, 1.096036 ], [ -69.348462, 1.093971 ], [ -69.360701, 1.088486 ], [ -69.378996, 1.095665 ], [ -69.385434, 1.082921 ], [ -69.415954, 1.052694 ], [ -69.434845, 1.057899 ], [ -69.438915, 1.071945 ], [ -69.436844, 1.080965 ], [ -69.447417, 1.084073 ], [ -69.456542, 1.082213 ], [ -69.492868, 1.088245 ], [ -69.520819, 1.079918 ], [ -69.565915, 1.081088 ], [ -69.587003, 1.08884 ], [ -69.606352, 1.105514 ], [ -69.621128, 1.102848 ], [ -69.630564, 1.095244 ], [ -69.648857, 1.095811 ], [ -69.671025, 1.088042 ], [ -69.684205, 1.076818 ], [ -69.697777, 1.084013 ], [ -69.705677, 1.082505 ], [ -69.708664, 1.090538 ], [ -69.705944, 1.112743 ], [ -69.710029, 1.12685 ], [ -69.730158, 1.116095 ], [ -69.739672, 1.120999 ], [ -69.754196, 1.119017 ], [ -69.784251, 1.10169 ], [ -69.79478, 1.090577 ], [ -69.801507, 1.073924 ], [ -69.811662, 1.069492 ], [ -69.829667, 1.072459 ], [ -69.84382, 1.085721 ], [ -69.843946, 1.136589 ], [ -69.843951, 1.576017 ], [ -69.843918, 1.578318 ], [ -69.841989, 1.721113 ], [ -69.826174, 1.716569 ], [ -69.829889, 1.709683 ], [ -69.821292, 1.705403 ], [ -69.794539, 1.710301 ], [ -69.785211, 1.705258 ], [ -69.784537, 1.715114 ], [ -69.777348, 1.72375 ], [ -69.76851, 1.724525 ], [ -69.741141, 1.744764 ], [ -69.727564, 1.747304 ], [ -69.716562, 1.744076 ], [ -69.71056, 1.749794 ], [ -69.70022, 1.744162 ], [ -69.68264, 1.747428 ], [ -69.681249, 1.736047 ], [ -69.669049, 1.738744 ], [ -69.657025, 1.737069 ], [ -69.645056, 1.743876 ], [ -69.635911, 1.737114 ], [ -69.628354, 1.750992 ], [ -69.62035, 1.752703 ], [ -69.602492, 1.764546 ], [ -69.56682, 1.777607 ], [ -69.55179, 1.792085 ], [ -69.494643, 1.767127 ], [ -69.487003, 1.77261 ], [ -69.486343, 1.762495 ], [ -69.478171, 1.760349 ], [ -69.473869, 1.769059 ], [ -69.468093, 1.762256 ], [ -69.457033, 1.759539 ], [ -69.450587, 1.764668 ], [ -69.425608, 1.757202 ], [ -69.392964, 1.734965 ], [ -69.392688, 1.724412 ], [ -69.384332, 1.730075 ], [ -69.357003, 1.730568 ], [ -69.178063, 1.733781 ], [ -68.696723, 1.732325 ], [ -68.164415, 1.73198 ], [ -68.156263, 1.731973 ], [ -68.15901, 1.750356 ], [ -68.178622, 1.753972 ], [ -68.168983, 1.771002 ], [ -68.187177, 1.784998 ], [ -68.202041, 1.786669 ], [ -68.20851, 1.778571 ], [ -68.21985, 1.773622 ], [ -68.236041, 1.77286 ], [ -68.244405, 1.795241 ], [ -68.233125, 1.830252 ], [ -68.243625, 1.831616 ], [ -68.266353, 1.827674 ], [ -68.263153, 1.860961 ], [ -68.252821, 1.879034 ], [ -68.242706, 1.927084 ], [ -68.234992, 1.938221 ], [ -68.222652, 1.945868 ], [ -68.208128, 1.961922 ], [ -68.198342, 1.961248 ], [ -68.182369, 1.979133 ], [ -68.165621, 1.985104 ], [ -68.158035, 1.978011 ], [ -68.140146, 1.985119 ], [ -68.122037, 1.966122 ], [ -68.113978, 1.94451 ], [ -68.102561, 1.936677 ], [ -68.093596, 1.910573 ], [ -68.086978, 1.90165 ], [ -68.078897, 1.90277 ], [ -68.064783, 1.898247 ], [ -68.042892, 1.900027 ], [ -68.02389, 1.885155 ], [ -68.003586, 1.860639 ], [ -67.973031, 1.833088 ], [ -67.940747, 1.831069 ], [ -67.930217, 1.835152 ], [ -67.922104, 1.852539 ], [ -67.911328, 1.856194 ], [ -67.906324, 1.866455 ], [ -67.912439, 1.898156 ], [ -67.882072, 1.903137 ], [ -67.859159, 1.920509 ], [ -67.835105, 1.945689 ], [ -67.831572, 1.957587 ], [ -67.817683, 1.967171 ], [ -67.778874, 2.0314 ], [ -67.768428, 2.039653 ], [ -67.74938, 2.040465 ], [ -67.69651, 2.023706 ], [ -67.672217, 2.020617 ], [ -67.619285, 2.02401 ], [ -67.606566, 2.035759 ], [ -67.58581, 2.085828 ], [ -67.557476, 2.106426 ], [ -67.550366, 2.142054 ], [ -67.539561, 2.156223 ], [ -67.521388, 2.17065 ], [ -67.447633, 2.208439 ], [ -67.438136, 2.233622 ], [ -67.430446, 2.241951 ], [ -67.406037, 2.246575 ], [ -67.388715, 2.244347 ], [ -67.363936, 2.23066 ], [ -67.342941, 2.205815 ], [ -67.336327, 2.098426 ], [ -67.329404, 2.078535 ], [ -67.325543, 2.03005 ], [ -67.299654, 1.927007 ], [ -67.286216, 1.888937 ], [ -67.277542, 1.876084 ], [ -67.243405, 1.858522 ], [ -67.228288, 1.861184 ], [ -67.173789, 1.857358 ], [ -67.156505, 1.849181 ], [ -67.139182, 1.826927 ], [ -67.123509, 1.799266 ], [ -67.115034, 1.767886 ], [ -67.096837, 1.732939 ], [ -67.100816, 1.706571 ], [ -67.099003, 1.682079 ], [ -67.08573, 1.658291 ], [ -67.080978, 1.638515 ], [ -67.078174, 1.500171 ], [ -67.072702, 1.473269 ], [ -67.071787, 1.442943 ], [ -67.079869, 1.401599 ], [ -67.088284, 1.32532 ], [ -67.086788, 1.231903 ], [ -67.082309, 1.203684 ], [ -67.087616, 1.167237 ], [ -67.009272, 1.18874 ], [ -66.85639, 1.230546 ], [ -66.594879, 0.996646 ], [ -66.31798, 0.755384 ], [ -66.315973, 0.73647 ], [ -66.317911, 0.755438 ], [ -66.212432, 0.78099 ], [ -66.187604, 0.779023 ], [ -66.182136, 0.767462 ], [ -66.162772, 0.756457 ], [ -66.160551, 0.746703 ], [ -66.150548, 0.744814 ], [ -66.120608, 0.752423 ], [ -66.113965, 0.76372 ], [ -66.101684, 0.76409 ], [ -66.087991, 0.759403 ], [ -66.075743, 0.768625 ], [ -66.077832, 0.779375 ], [ -66.073963, 0.799073 ], [ -66.069516, 0.8054 ], [ -66.055439, 0.80252 ], [ -66.037439, 0.81238 ], [ -66.016721, 0.800382 ], [ -66.000072, 0.802922 ], [ -65.992521, 0.807355 ], [ -65.982799, 0.806548 ], [ -65.977244, 0.812154 ], [ -65.970831, 0.806375 ], [ -65.963888, 0.809817 ], [ -65.964161, 0.820115 ], [ -65.951319, 0.83666 ], [ -65.945386, 0.852928 ], [ -65.932792, 0.862877 ], [ -65.936046, 0.88248 ], [ -65.924855, 0.891613 ], [ -65.907858, 0.889189 ], [ -65.900609, 0.883955 ], [ -65.896658, 0.892541 ], [ -65.881019, 0.90195 ], [ -65.873164, 0.922378 ], [ -65.879183, 0.933036 ], [ -65.861748, 0.931242 ], [ -65.831132, 0.940393 ], [ -65.815828, 0.952423 ], [ -65.808603, 0.949357 ], [ -65.79333, 0.954431 ], [ -65.787222, 0.962207 ], [ -65.779439, 0.964383 ], [ -65.773609, 0.959416 ], [ -65.766663, 0.964392 ], [ -65.76055, 0.981387 ], [ -65.750268, 0.98275 ], [ -65.738883, 0.999932 ], [ -65.721101, 1.001933 ], [ -65.711661, 0.997785 ], [ -65.705275, 1.003302 ], [ -65.694992, 1.004395 ], [ -65.68805, 0.999972 ], [ -65.686105, 0.991117 ], [ -65.678047, 0.989136 ], [ -65.668887, 1.002699 ], [ -65.652217, 1.012111 ], [ -65.624437, 0.98936 ], [ -65.626657, 1.009602 ], [ -65.616965, 1.010152 ], [ -65.609739, 1.014587 ], [ -65.606128, 1.004829 ], [ -65.590575, 1.002581 ], [ -65.585022, 1.009275 ], [ -65.571685, 0.985335 ], [ -65.566686, 0.994556 ], [ -65.557241, 0.99366 ], [ -65.560853, 0.986156 ], [ -65.557521, 0.976216 ], [ -65.541384, 0.975865 ], [ -65.53669, 0.961409 ], [ -65.530329, 0.956443 ], [ -65.535855, 0.948395 ], [ -65.523941, 0.937827 ], [ -65.521436, 0.929694 ], [ -65.507825, 0.915876 ], [ -65.513384, 0.895809 ], [ -65.511717, 0.885595 ], [ -65.495603, 0.889673 ], [ -65.493111, 0.882444 ], [ -65.504718, 0.86888 ], [ -65.499718, 0.842758 ], [ -65.508327, 0.843839 ], [ -65.51388, 0.837509 ], [ -65.520824, 0.840487 ], [ -65.527218, 0.833613 ], [ -65.523608, 0.824939 ], [ -65.530549, 0.805502 ], [ -65.540271, 0.805496 ], [ -65.539161, 0.797181 ], [ -65.548047, 0.774941 ], [ -65.555827, 0.778009 ], [ -65.573049, 0.764714 ], [ -65.575269, 0.745009 ], [ -65.59083, 0.721953 ], [ -65.584434, 0.714997 ], [ -65.575831, 0.711929 ], [ -65.563603, 0.676054 ], [ -65.55749, 0.670275 ], [ -65.553053, 0.658617 ], [ -65.545274, 0.655819 ], [ -65.540087, 0.649248 ], [ -65.529996, 0.668299 ], [ -65.499992, 0.672473 ], [ -65.494435, 0.678623 ], [ -65.484159, 0.679169 ], [ -65.479714, 0.687216 ], [ -65.471663, 0.683064 ], [ -65.452221, 0.685784 ], [ -65.442492, 0.690219 ], [ -65.438054, 0.700525 ], [ -65.423051, 0.708307 ], [ -65.420831, 0.732441 ], [ -65.409998, 0.739951 ], [ -65.415274, 0.747992 ], [ -65.413326, 0.755496 ], [ -65.396935, 0.750263 ], [ -65.394999, 0.75858 ], [ -65.399163, 0.767436 ], [ -65.394439, 0.774669 ], [ -65.399715, 0.781898 ], [ -65.39611, 0.79085 ], [ -65.412495, 0.816059 ], [ -65.39749, 0.821673 ], [ -65.394259, 0.835563 ], [ -65.391105, 0.844456 ], [ -65.384158, 0.849432 ], [ -65.376389, 0.849708 ], [ -65.373046, 0.864987 ], [ -65.351383, 0.873316 ], [ -65.355831, 0.884976 ], [ -65.34277, 0.893842 ], [ -65.328604, 0.931909 ], [ -65.321386, 0.928298 ], [ -65.302216, 0.942501 ], [ -65.276939, 0.938543 ], [ -65.269435, 0.943611 ], [ -65.263602, 0.934392 ], [ -65.268879, 0.927156 ], [ -65.263053, 0.919928 ], [ -65.256386, 0.925538 ], [ -65.240274, 0.921389 ], [ -65.22555, 0.927727 ], [ -65.208333, 0.929093 ], [ -65.20472, 0.917433 ], [ -65.206942, 0.907216 ], [ -65.196658, 0.911111 ], [ -65.181943, 0.922783 ], [ -65.164441, 0.950819 ], [ -65.161102, 0.978847 ], [ -65.154435, 0.98717 ], [ -65.146742, 1.009688 ], [ -65.166326, 1.011663 ], [ -65.168939, 1.018802 ], [ -65.166525, 1.027302 ], [ -65.15847, 1.033727 ], [ -65.153493, 1.056694 ], [ -65.153629, 1.088878 ], [ -65.149854, 1.107687 ], [ -65.154523, 1.125313 ], [ -65.138332, 1.127858 ], [ -65.121965, 1.135462 ], [ -65.118601, 1.146767 ], [ -65.10255, 1.156996 ], [ -65.08763, 1.146337 ], [ -65.078167, 1.147792 ], [ -65.070714, 1.153764 ], [ -65.060356, 1.138039 ], [ -65.065522, 1.11941 ], [ -65.060803, 1.11209 ], [ -65.045245, 1.117254 ], [ -65.021715, 1.115281 ], [ -65.015858, 1.124781 ], [ -65.006163, 1.129217 ], [ -64.991104, 1.150838 ], [ -64.969718, 1.173276 ], [ -64.96027, 1.190008 ], [ -64.960825, 1.198599 ], [ -64.969159, 1.217491 ], [ -64.960273, 1.230519 ], [ -64.951104, 1.231881 ], [ -64.945274, 1.225556 ], [ -64.94305, 1.216064 ], [ -64.934713, 1.211638 ], [ -64.925831, 1.21499 ], [ -64.913882, 1.228293 ], [ -64.906103, 1.241951 ], [ -64.906664, 1.251625 ], [ -64.897775, 1.252988 ], [ -64.890551, 1.248564 ], [ -64.886104, 1.232199 ], [ -64.878052, 1.22886 ], [ -64.868047, 1.232211 ], [ -64.868326, 1.241345 ], [ -64.85222, 1.263872 ], [ -64.861105, 1.269653 ], [ -64.824581, 1.295451 ], [ -64.809989, 1.314723 ], [ -64.802776, 1.31084 ], [ -64.788609, 1.286071 ], [ -64.793883, 1.280009 ], [ -64.793049, 1.2697 ], [ -64.779993, 1.258587 ], [ -64.763328, 1.231109 ], [ -64.756941, 1.226591 ], [ -64.746109, 1.225785 ], [ -64.721938, 1.238821 ], [ -64.720824, 1.247505 ], [ -64.713884, 1.251399 ], [ -64.709161, 1.269669 ], [ -64.70388, 1.276363 ], [ -64.701382, 1.291648 ], [ -64.684163, 1.284153 ], [ -64.67611, 1.285786 ], [ -64.66805, 1.292212 ], [ -64.659717, 1.291675 ], [ -64.64416, 1.305251 ], [ -64.634439, 1.320541 ], [ -64.623602, 1.324437 ], [ -64.610828, 1.336112 ], [ -64.590268, 1.337753 ], [ -64.57555, 1.354403 ], [ -64.581665, 1.359373 ], [ -64.579439, 1.367784 ], [ -64.582215, 1.375832 ], [ -64.573327, 1.383887 ], [ -64.552775, 1.417182 ], [ -64.529992, 1.426332 ], [ -64.527498, 1.444422 ], [ -64.521384, 1.438006 ], [ -64.499993, 1.442993 ], [ -64.486663, 1.453855 ], [ -64.476102, 1.468333 ], [ -64.453047, 1.480558 ], [ -64.44888, 1.473598 ], [ -64.438054, 1.472157 ], [ -64.424162, 1.485551 ], [ -64.42138, 1.493874 ], [ -64.41027, 1.506363 ], [ -64.40861, 1.514142 ], [ -64.396937, 1.527174 ], [ -64.383048, 1.520761 ], [ -64.374437, 1.524114 ], [ -64.350832, 1.518611 ], [ -64.348327, 1.502422 ], [ -64.35666, 1.484149 ], [ -64.37833, 1.463873 ], [ -64.374164, 1.45691 ], [ -64.376939, 1.448587 ], [ -64.396941, 1.424699 ], [ -64.393047, 1.418009 ], [ -64.399442, 1.395211 ], [ -64.393051, 1.388886 ], [ -64.37694, 1.386904 ], [ -64.358884, 1.390261 ], [ -64.345272, 1.366392 ], [ -64.337491, 1.363862 ], [ -64.334718, 1.3711 ], [ -64.341379, 1.3758 ], [ -64.342217, 1.384663 ], [ -64.336939, 1.391903 ], [ -64.329163, 1.395254 ], [ -64.325553, 1.402219 ], [ -64.324443, 1.411084 ], [ -64.328606, 1.419674 ], [ -64.325554, 1.436319 ], [ -64.317496, 1.440484 ], [ -64.312498, 1.448266 ], [ -64.312493, 1.456676 ], [ -64.303886, 1.460844 ], [ -64.301665, 1.468622 ], [ -64.278331, 1.478857 ], [ -64.275272, 1.485823 ], [ -64.26694, 1.485014 ], [ -64.261106, 1.500214 ], [ -64.239717, 1.511623 ], [ -64.222768, 1.507472 ], [ -64.214992, 1.508833 ], [ -64.205598, 1.516173 ], [ -64.194438, 1.525216 ], [ -64.193327, 1.543036 ], [ -64.174438, 1.563307 ], [ -64.173324, 1.571359 ], [ -64.167214, 1.576337 ], [ -64.159441, 1.574713 ], [ -64.143608, 1.582773 ], [ -64.134992, 1.577169 ], [ -64.123446, 1.580731 ], [ -64.111661, 1.589664 ], [ -64.106941, 1.607487 ], [ -64.094715, 1.617444 ], [ -64.08694, 1.640513 ], [ -64.074996, 1.653003 ], [ -64.064719, 1.676347 ], [ -64.066106, 1.684125 ], [ -64.060827, 1.70195 ], [ -64.066385, 1.708276 ], [ -64.071666, 1.726096 ], [ -64.065823, 1.731071 ], [ -64.064713, 1.740207 ], [ -64.068332, 1.747986 ], [ -64.076107, 1.751599 ], [ -64.077497, 1.759378 ], [ -64.061937, 1.789961 ], [ -64.061388, 1.805791 ], [ -64.057494, 1.813301 ], [ -64.062217, 1.821079 ], [ -64.054723, 1.825787 ], [ -64.055554, 1.841345 ], [ -64.064716, 1.844957 ], [ -64.070549, 1.852733 ], [ -64.061384, 1.883041 ], [ -64.063606, 1.89887 ], [ -64.059994, 1.91416 ], [ -64.061386, 1.931073 ], [ -64.044716, 1.934431 ], [ -64.041109, 1.943026 ], [ -64.018609, 1.951634 ], [ -64.017493, 1.959143 ], [ -64.010829, 1.962766 ], [ -64.001106, 1.975254 ], [ -63.994995, 1.980233 ], [ -63.986938, 1.979423 ], [ -63.974995, 1.991641 ], [ -63.967221, 1.988571 ], [ -63.960825, 1.992736 ], [ -63.95361, 1.988578 ], [ -63.938048, 1.989674 ], [ -63.922218, 1.98326 ], [ -63.906109, 1.991862 ], [ -63.89805, 1.992772 ], [ -63.890276, 1.989701 ], [ -63.887222, 1.982738 ], [ -63.853608, 1.978865 ], [ -63.845549, 1.964394 ], [ -63.82916, 1.968564 ], [ -63.823329, 1.991364 ], [ -63.799443, 1.987757 ], [ -63.784442, 1.981884 ], [ -63.776938, 1.985506 ], [ -63.768325, 1.999985 ], [ -63.759714, 2.004422 ], [ -63.751386, 1.996374 ], [ -63.742774, 1.999113 ], [ -63.739991, 1.999998 ], [ -63.74222, 2.008863 ], [ -63.738609, 2.016643 ], [ -63.730547, 2.018275 ], [ -63.727775, 2.0266 ], [ -63.702773, 2.046604 ], [ -63.693329, 2.04136 ], [ -63.688049, 2.031863 ], [ -63.691666, 2.02354 ], [ -63.67444, 2.021646 ], [ -63.667494, 2.017218 ], [ -63.661665, 2.023824 ], [ -63.660275, 2.033594 ], [ -63.664438, 2.057745 ], [ -63.661666, 2.0658 ], [ -63.653329, 2.068335 ], [ -63.64444, 2.065264 ], [ -63.637526, 2.069609 ], [ -63.629998, 2.084992 ], [ -63.62222, 2.089427 ], [ -63.618051, 2.096666 ], [ -63.616934, 2.10689 ], [ -63.606108, 2.107707 ], [ -63.593883, 2.120559 ], [ -63.584997, 2.11993 ], [ -63.568326, 2.125001 ], [ -63.561379, 2.132693 ], [ -63.535833, 2.131345 ], [ -63.513882, 2.121312 ], [ -63.508884, 2.113895 ], [ -63.49194, 2.1158 ], [ -63.474992, 2.126933 ], [ -63.473857, 2.138243 ], [ -63.46611, 2.14132 ], [ -63.443611, 2.125496 ], [ -63.433604, 2.126674 ], [ -63.427221, 2.135542 ], [ -63.420555, 2.131654 ], [ -63.405271, 2.144685 ], [ -63.397215, 2.147221 ], [ -63.39333, 2.157173 ], [ -63.393878, 2.166037 ], [ -63.388333, 2.18332 ], [ -63.394714, 2.188836 ], [ -63.394721, 2.199965 ], [ -63.371783, 2.212079 ], [ -63.371563, 2.212196 ], [ -63.359265, 2.197436 ], [ -63.310263, 2.165338 ], [ -63.282259, 2.154216 ], [ -63.272845, 2.155696 ], [ -63.193609, 2.181547 ], [ -63.164935, 2.180648 ], [ -63.158074, 2.174621 ], [ -63.14099, 2.172781 ], [ -63.137064, 2.16139 ], [ -63.138034, 2.143105 ], [ -63.135798, 2.137575 ], [ -63.135659, 2.134967 ], [ -63.119308, 2.096787 ], [ -63.106716, 2.079679 ], [ -63.085019, 2.061772 ], [ -63.076743, 2.046401 ], [ -63.072292, 2.043176 ], [ -63.070339, 2.040321 ], [ -63.06266, 2.036195 ], [ -63.053044, 2.029225 ], [ -63.023252, 2.015014 ], [ -62.980271, 2.018121 ], [ -62.947959, 2.031376 ], [ -62.919299, 2.025321 ], [ -62.83831, 2.016804 ], [ -62.828353, 2.013649 ], [ -62.812723, 1.992019 ], [ -62.8117, 1.991658 ], [ -62.81163, 1.991565 ], [ -62.74195, 1.967027 ], [ -62.719131, 1.953775 ], [ -62.709871, 1.944452 ], [ -62.704676, 1.936902 ], [ -62.698207, 1.912294 ], [ -62.703657, 1.874282 ], [ -62.73055, 1.818568 ], [ -62.723209, 1.712735 ], [ -62.732969, 1.695439 ], [ -62.755625, 1.676092 ], [ -62.765361, 1.671645 ], [ -62.772975, 1.656648 ], [ -62.795805, 1.63102 ], [ -62.806177, 1.604443 ], [ -62.80476, 1.591683 ], [ -62.800837, 1.587045 ], [ -62.781261, 1.572853 ], [ -62.756272, 1.547965 ], [ -62.749262, 1.536309 ], [ -62.739072, 1.532486 ], [ -62.735827, 1.529967 ], [ -62.730278, 1.49997 ], [ -62.720253, 1.488882 ], [ -62.698063, 1.475777 ], [ -62.676382, 1.454969 ], [ -62.656117, 1.448863 ], [ -62.639443, 1.438576 ], [ -62.619731, 1.404121 ], [ -62.619996, 1.394695 ], [ -62.625825, 1.385538 ], [ -62.619999, 1.363032 ], [ -62.610271, 1.352988 ], [ -62.601676, 1.326111 ], [ -62.599334, 1.308508 ], [ -62.589162, 1.267118 ], [ -62.580647, 1.241467 ], [ -62.554172, 1.175243 ], [ -62.546587, 1.130248 ], [ -62.54533, 1.124095 ], [ -62.529148, 1.089158 ], [ -62.520567, 1.084156 ], [ -62.489438, 1.084997 ], [ -62.479715, 1.089156 ], [ -62.4711, 1.086622 ], [ -62.46999, 1.077755 ], [ -62.477763, 1.056944 ], [ -62.478588, 1.048276 ], [ -62.473905, 1.04056 ], [ -62.477209, 1.028288 ], [ -62.474175, 1.01664 ], [ -62.46111, 0.995251 ], [ -62.44945, 0.984128 ], [ -62.443064, 0.968582 ], [ -62.443008, 0.967944 ], [ -62.442215, 0.958874 ], [ -62.447775, 0.943586 ], [ -62.470533, 0.91747 ], [ -62.485553, 0.866875 ], [ -62.480529, 0.843013 ], [ -62.465553, 0.829418 ], [ -62.457214, 0.785539 ], [ -62.462505, 0.77721 ], [ -62.487472, 0.758567 ], [ -62.499973, 0.74829 ], [ -62.528057, 0.710534 ], [ -62.529514, 0.706299 ], [ -62.534876, 0.690704 ], [ -62.537769, 0.675538 ], [ -62.517777, 0.58416 ], [ -62.527218, 0.546889 ], [ -62.532488, 0.509151 ], [ -62.522444, 0.48591 ], [ -62.51814, 0.444044 ], [ -62.508711, 0.440228 ], [ -62.484725, 0.454424 ], [ -62.467212, 0.426376 ], [ -62.458047, 0.418035 ], [ -62.455552, 0.392755 ], [ -62.445851, 0.379457 ], [ -62.452488, 0.373877 ], [ -62.451385, 0.365531 ], [ -62.460553, 0.353012 ], [ -62.466368, 0.333313 ], [ -62.458064, 0.313838 ], [ -62.46777, 0.276098 ], [ -62.453894, 0.243897 ], [ -62.452223, 0.207759 ], [ -62.438039, 0.19524 ], [ -62.428055, 0.173879 ], [ -62.423605, 0.153595 ], [ -62.423663, 0.149854 ], [ -62.42278, 0.14502 ], [ -62.423814, 0.140142 ], [ -62.423886, 0.13554 ], [ -62.428326, 0.118868 ], [ -62.423877, 0.091918 ], [ -62.414446, 0.074724 ], [ -62.390271, 0.059988 ], [ -62.370256, 0.054441 ], [ -62.361119, 0.04109 ], [ -62.346123, 0.029953 ], [ -62.322222, -0.023898 ], [ -62.325834, -0.03112 ], [ -62.321388, -0.03778 ], [ -62.322733, -0.060519 ], [ -62.322801, -0.061657 ], [ -62.331686, -0.060269 ], [ -62.329747, -0.06859 ], [ -62.321689, -0.06998 ], [ -62.317414, -0.084175 ], [ -62.319216, -0.102178 ], [ -62.293414, -0.127998 ], [ -62.290076, -0.139104 ], [ -62.267575, -0.163537 ], [ -62.258133, -0.164928 ], [ -62.244519, -0.174369 ], [ -62.241468, -0.181315 ], [ -62.246468, -0.189648 ], [ -62.244799, -0.211309 ], [ -62.252851, -0.21937 ], [ -62.252574, -0.236315 ], [ -62.246467, -0.251866 ], [ -62.237861, -0.252425 ], [ -62.241191, -0.26048 ], [ -62.253134, -0.271033 ], [ -62.253689, -0.279365 ], [ -62.24504, -0.294109 ], [ -62.247856, -0.301586 ], [ -62.23897, -0.307697 ], [ -62.235355, -0.316865 ], [ -62.225914, -0.316864 ], [ -62.219244, -0.310754 ], [ -62.187854, -0.330473 ], [ -62.193412, -0.338259 ], [ -62.1948, -0.364093 ], [ -62.20341, -0.367979 ], [ -62.205914, -0.376588 ], [ -62.201744, -0.392696 ], [ -62.216744, -0.399092 ], [ -62.212298, -0.407975 ], [ -62.221192, -0.409084 ], [ -62.226742, -0.425478 ], [ -62.242856, -0.43187 ], [ -62.248137, -0.439364 ], [ -62.273416, -0.453809 ], [ -62.277577, -0.464922 ], [ -62.270353, -0.470199 ], [ -62.274523, -0.478261 ], [ -62.28397, -0.477148 ], [ -62.2898, -0.483809 ], [ -62.285913, -0.493257 ], [ -62.294241, -0.507422 ], [ -62.3023, -0.508253 ], [ -62.308684, -0.513811 ], [ -62.303411, -0.534364 ], [ -62.311187, -0.537147 ], [ -62.30897, -0.546037 ], [ -62.317855, -0.552147 ], [ -62.30786, -0.567141 ], [ -62.309248, -0.582979 ], [ -62.302023, -0.586866 ], [ -62.290357, -0.601865 ], [ -62.291466, -0.610205 ], [ -62.299803, -0.610479 ], [ -62.301193, -0.618808 ], [ -62.29313, -0.622428 ], [ -62.287018, -0.637983 ], [ -62.295909, -0.651869 ], [ -62.30369, -0.653816 ], [ -62.308688, -0.660484 ], [ -62.317575, -0.661307 ], [ -62.32619, -0.656033 ], [ -62.331464, -0.661868 ], [ -62.332853, -0.670475 ], [ -62.34083, -0.675562 ], [ -62.348333, -0.670287 ], [ -62.353329, -0.676677 ], [ -62.370272, -0.676398 ], [ -62.372219, -0.686121 ], [ -62.368883, -0.695011 ], [ -62.360834, -0.699179 ], [ -62.358331, -0.706672 ], [ -62.366665, -0.709727 ], [ -62.38166, -0.705843 ], [ -62.389992, -0.709175 ], [ -62.392213, -0.719174 ], [ -62.406386, -0.72695 ], [ -62.409994, -0.710006 ], [ -62.416386, -0.703062 ], [ -62.424996, -0.699728 ], [ -62.428056, -0.692509 ], [ -62.455276, -0.691674 ], [ -62.463327, -0.687787 ], [ -62.469158, -0.693617 ], [ -62.486106, -0.681118 ], [ -62.492495, -0.687233 ], [ -62.494995, -0.703615 ], [ -62.507771, -0.7139 ], [ -62.505548, -0.730567 ], [ -62.498329, -0.733622 ], [ -62.494436, -0.750285 ], [ -62.509717, -0.758619 ], [ -62.503881, -0.765286 ], [ -62.500552, -0.781116 ], [ -62.480277, -0.794728 ], [ -62.464992, -0.788621 ], [ -62.461109, -0.801395 ], [ -62.452777, -0.803621 ], [ -62.447779, -0.809725 ], [ -62.442217, -0.801677 ], [ -62.43277, -0.803619 ], [ -62.427773, -0.811949 ], [ -62.395277, -0.820007 ], [ -62.393608, -0.828618 ], [ -62.375547, -0.836119 ], [ -62.379992, -0.843339 ], [ -62.373049, -0.848338 ], [ -62.369443, -0.858896 ], [ -62.375827, -0.865842 ], [ -62.366104, -0.868898 ], [ -62.364442, -0.876954 ], [ -62.356109, -0.874727 ], [ -62.339716, -0.903892 ], [ -62.328054, -0.915284 ], [ -62.316659, -0.913895 ], [ -62.312222, -0.930004 ], [ -62.297774, -0.940565 ], [ -62.293327, -0.947779 ], [ -62.285553, -0.943619 ], [ -62.271665, -0.951671 ], [ -62.258604, -0.975564 ], [ -62.226935, -0.97309 ], [ -62.213047, -0.983337 ], [ -62.203333, -0.982502 ], [ -62.199441, -1.000002 ], [ -62.171388, -1.005561 ], [ -62.16777, -1.013898 ], [ -62.15444, -1.025838 ], [ -62.144995, -1.028063 ], [ -62.14249, -1.036952 ], [ -62.124998, -1.036951 ], [ -62.110828, -1.06001 ], [ -62.117771, -1.076116 ], [ -62.114158, -1.083055 ], [ -62.104994, -1.086115 ], [ -62.099163, -1.096392 ], [ -62.087492, -1.099728 ], [ -62.071106, -1.097229 ], [ -62.06166, -1.099448 ], [ -62.016942, -1.141392 ], [ -61.988882, -1.201391 ], [ -61.987499, -1.216389 ], [ -61.966387, -1.242506 ], [ -61.956386, -1.265556 ], [ -61.949438, -1.296668 ], [ -61.944997, -1.304448 ], [ -61.92694, -1.320279 ], [ -61.908611, -1.348332 ], [ -61.905462, -1.371277 ], [ -61.904993, -1.379171 ], [ -61.896106, -1.395001 ], [ -61.868882, -1.401392 ], [ -61.840055, -1.400162 ], [ -61.816666, -1.399164 ], [ -61.797492, -1.380277 ], [ -61.789695, -1.378614 ], [ -61.769167, -1.382502 ], [ -61.740272, -1.391665 ], [ -61.722716, -1.405367 ], [ -61.686816, -1.419812 ], [ -61.674421, -1.424003 ], [ -61.634998, -1.433611 ], [ -61.604438, -1.447778 ], [ -61.571662, -1.477776 ], [ -61.559166, -1.494719 ], [ -61.544166, -1.525273 ], [ -61.490547, -1.574447 ], [ -61.482221, -1.580279 ], [ -61.474162, -1.578613 ], [ -61.474996, -1.552775 ], [ -61.469992, -1.545556 ], [ -61.469442, -1.537774 ], [ -61.472776, -1.527496 ], [ -61.480831, -1.517496 ], [ -61.515967, -1.502077 ], [ -61.532502, -1.46472 ], [ -61.538882, -1.443611 ], [ -61.537778, -1.433051 ], [ -61.547498, -1.429165 ], [ -61.573326, -1.428336 ], [ -61.58139, -1.409169 ], [ -61.593885, -1.405282 ], [ -61.602498, -1.40695 ], [ -61.614165, -1.402223 ], [ -61.618605, -1.394445 ], [ -61.599441, -1.367225 ], [ -61.587219, -1.361115 ], [ -61.581659, -1.353054 ], [ -61.584992, -1.338332 ], [ -61.6053, -1.315413 ], [ -61.611109, -1.307782 ], [ -61.628333, -1.301115 ], [ -61.626386, -1.293617 ], [ -61.607221, -1.27778 ], [ -61.606384, -1.244165 ], [ -61.595271, -1.223058 ], [ -61.587778, -1.196945 ], [ -61.582221, -1.189169 ], [ -61.573331, -1.184442 ], [ -61.581658, -1.164168 ], [ -61.578325, -1.150559 ], [ -61.568603, -1.140282 ], [ -61.56611, -1.132228 ], [ -61.570554, -1.120007 ], [ -61.577498, -1.11278 ], [ -61.574162, -1.104451 ], [ -61.565829, -1.099451 ], [ -61.577777, -1.088062 ], [ -61.57611, -1.078896 ], [ -61.567221, -1.074175 ], [ -61.546109, -1.070836 ], [ -61.543607, -1.061949 ], [ -61.543048, -1.035009 ], [ -61.547493, -1.022785 ], [ -61.559718, -1.009729 ], [ -61.562499, -1.000006 ], [ -61.560216, -0.9877 ], [ -61.575551, -0.987782 ], [ -61.58305, -0.982224 ], [ -61.579162, -0.955561 ], [ -61.58472, -0.936669 ], [ -61.579719, -0.930001 ], [ -61.578049, -0.909725 ], [ -61.558331, -0.892785 ], [ -61.557777, -0.863622 ], [ -61.543056, -0.851951 ], [ -61.543048, -0.843065 ], [ -61.549437, -0.838858 ], [ -61.552499, -0.810564 ], [ -61.551404, -0.805792 ], [ -61.551666, -0.801393 ], [ -61.545779, -0.781284 ], [ -61.541661, -0.763341 ], [ -61.53981, -0.760892 ], [ -61.538333, -0.755845 ], [ -61.534687, -0.754112 ], [ -61.532214, -0.75084 ], [ -61.516107, -0.745282 ], [ -61.484442, -0.720284 ], [ -61.47444, -0.70223 ], [ -61.472496, -0.683338 ], [ -61.464159, -0.664448 ], [ -61.456384, -0.656674 ], [ -61.43472, -0.658062 ], [ -61.426105, -0.652785 ], [ -61.430276, -0.642786 ], [ -61.428332, -0.633894 ], [ -61.40666, -0.631116 ], [ -61.389992, -0.617229 ], [ -61.36611, -0.606678 ], [ -61.356386, -0.598063 ], [ -61.346661, -0.594729 ], [ -61.325555, -0.597512 ], [ -61.297776, -0.575839 ], [ -61.285276, -0.573622 ], [ -61.283202, -0.574069 ], [ -61.274994, -0.575842 ], [ -61.230555, -0.563623 ], [ -61.223605, -0.559173 ], [ -61.223607, -0.538896 ], [ -61.215828, -0.532784 ], [ -61.222775, -0.518899 ], [ -61.222501, -0.505287 ], [ -61.216385, -0.49973 ], [ -61.208325, -0.49834 ], [ -61.198047, -0.505566 ], [ -61.17305, -0.507789 ], [ -61.163567, -0.512055 ], [ -61.157069, -0.514978 ], [ -61.154719, -0.505012 ], [ -61.148325, -0.498898 ], [ -61.128606, -0.497232 ], [ -61.119165, -0.499449 ], [ -61.111942, -0.50695 ], [ -61.096106, -0.499177 ], [ -61.086944, -0.499737 ], [ -61.063332, -0.512784 ], [ -61.054717, -0.53834 ], [ -61.045554, -0.545567 ], [ -61.033332, -0.548624 ], [ -61.024719, -0.543616 ], [ -60.999997, -0.559453 ], [ -60.975, -0.56223 ], [ -60.957777, -0.560006 ], [ -60.952773, -0.554177 ], [ -60.946106, -0.559176 ], [ -60.935272, -0.559736 ], [ -60.929723, -0.554454 ], [ -60.920274, -0.555014 ], [ -60.91194, -0.580845 ], [ -60.915553, -0.589451 ], [ -60.91583, -0.610011 ], [ -60.908327, -0.615558 ], [ -60.907772, -0.623624 ], [ -60.882222, -0.648896 ], [ -60.860552, -0.641949 ], [ -60.854164, -0.647508 ], [ -60.84889, -0.653899 ], [ -60.846944, -0.663617 ], [ -60.851386, -0.674449 ], [ -60.842777, -0.690284 ], [ -60.81166, -0.691676 ], [ -60.797216, -0.70056 ], [ -60.797493, -0.710842 ], [ -60.79492, -0.714781 ], [ -60.792775, -0.728064 ], [ -60.799164, -0.735563 ], [ -60.796662, -0.744449 ], [ -60.788325, -0.744452 ], [ -60.780552, -0.748345 ], [ -60.776665, -0.75584 ], [ -60.768334, -0.754174 ], [ -60.760556, -0.761119 ], [ -60.766107, -0.77778 ], [ -60.77277, -0.781953 ], [ -60.773334, -0.790835 ], [ -60.756109, -0.795282 ], [ -60.758602, -0.809451 ], [ -60.752771, -0.819449 ], [ -60.758887, -0.828338 ], [ -60.754119, -0.841934 ], [ -60.751414, -0.84965 ], [ -60.752213, -0.860834 ], [ -60.731942, -0.85806 ], [ -60.716662, -0.869727 ], [ -60.707221, -0.865279 ], [ -60.675279, -0.873062 ], [ -60.669439, -0.878057 ], [ -60.672223, -0.887502 ], [ -60.6675, -0.894167 ], [ -60.654165, -0.882782 ], [ -60.635555, -0.875835 ], [ -60.633331, -0.868059 ], [ -60.623609, -0.871113 ], [ -60.62, -0.863061 ], [ -60.609166, -0.863897 ], [ -60.593889, -0.871947 ], [ -60.590829, -0.853057 ], [ -60.5575, -0.859727 ], [ -60.55722, -0.86945 ], [ -60.54722, -0.868613 ], [ -60.540556, -0.875005 ], [ -60.530556, -0.874726 ], [ -60.504161, -0.848892 ], [ -60.502775, -0.841111 ], [ -60.519445, -0.833339 ], [ -60.506111, -0.821115 ], [ -60.498332, -0.821953 ], [ -60.493329, -0.811949 ], [ -60.495275, -0.803895 ], [ -60.491662, -0.796398 ], [ -60.497497, -0.789173 ], [ -60.493605, -0.782224 ], [ -60.478611, -0.770566 ], [ -60.466661, -0.768615 ], [ -60.457495, -0.773896 ], [ -60.434163, -0.772233 ], [ -60.426662, -0.778059 ], [ -60.421109, -0.772782 ], [ -60.418607, -0.763897 ], [ -60.40055, -0.757227 ], [ -60.382776, -0.759448 ], [ -60.376946, -0.742505 ], [ -60.353047, -0.742224 ], [ -60.345552, -0.745562 ], [ -60.340832, -0.738621 ], [ -60.316663, -0.722511 ], [ -60.309163, -0.724451 ], [ -60.303121, -0.710918 ], [ -60.302779, -0.706728 ], [ -60.304164, -0.701393 ], [ -60.301666, -0.693063 ], [ -60.308325, -0.68945 ], [ -60.303328, -0.673618 ], [ -60.314162, -0.659733 ], [ -60.313052, -0.641118 ], [ -60.319444, -0.636678 ], [ -60.327219, -0.640004 ], [ -60.340273, -0.62528 ], [ -60.350553, -0.621952 ], [ -60.357495, -0.605008 ], [ -60.364719, -0.596678 ], [ -60.365275, -0.587788 ], [ -60.382777, -0.589726 ], [ -60.3875, -0.58112 ], [ -60.378889, -0.576124 ], [ -60.381942, -0.557228 ], [ -60.394441, -0.553061 ], [ -60.397497, -0.545563 ], [ -60.399445, -0.509735 ], [ -60.390554, -0.502787 ], [ -60.39058, -0.493871 ], [ -60.382527, -0.47887 ], [ -60.38197, -0.469982 ], [ -60.344186, -0.440262 ], [ -60.341412, -0.42999 ], [ -60.345304, -0.420272 ], [ -60.343913, -0.412766 ], [ -60.34947, -0.406934 ], [ -60.342772, -0.401388 ], [ -60.335554, -0.384998 ], [ -60.321661, -0.377222 ], [ -60.321663, -0.368333 ], [ -60.316662, -0.35834 ], [ -60.321104, -0.337231 ], [ -60.318054, -0.330285 ], [ -60.301666, -0.327787 ], [ -60.302496, -0.303624 ], [ -60.289438, -0.29279 ], [ -60.294996, -0.285288 ], [ -60.295364, -0.2816 ], [ -60.299139, -0.274471 ], [ -60.302497, -0.271953 ], [ -60.304443, -0.264456 ], [ -60.298887, -0.255846 ], [ -60.291103, -0.228899 ], [ -60.298884, -0.211391 ], [ -60.293053, -0.205282 ], [ -60.285274, -0.210282 ], [ -60.275552, -0.202222 ], [ -60.263888, -0.189165 ], [ -60.265555, -0.178052 ], [ -60.257775, -0.173056 ], [ -60.24889, -0.174723 ], [ -60.249445, -0.166668 ], [ -60.232216, -0.146122 ], [ -60.223889, -0.14251 ], [ -60.219998, -0.135011 ], [ -60.22694, -0.128348 ], [ -60.224696, -0.119184 ], [ -60.216616, -0.115838 ], [ -60.203049, -0.10057 ], [ -60.179532, -0.085183 ], [ -60.152859, -0.089013 ], [ -60.136252, -0.081249 ], [ -60.122142, -0.079305 ], [ -60.081995, -0.047724 ], [ -60.06289, -0.050491 ], [ -60.053443, -0.046163 ], [ -60.022998, -0.042789 ], [ -60.004668, -0.047796 ], [ -59.985081, -0.060601 ], [ -59.976, -0.062242 ], [ -59.962295, -0.058218 ], [ -59.952303, -0.049564 ], [ -59.975466, -0.037477 ], [ -59.971868, -0.030649 ], [ -59.960703, -0.031747 ], [ -59.950601, -0.038585 ], [ -59.935413, -0.038865 ], [ -59.928482, -0.033914 ], [ -59.934637, -0.022619 ], [ -59.93148, -0.016896 ], [ -59.942191, 0.016172 ], [ -59.955271, 0.02891 ], [ -59.956681, 0.037763 ], [ -59.947217, 0.038581 ], [ -59.932769, 0.030266 ], [ -59.916408, 0.033884 ], [ -59.902758, 0.022495 ], [ -59.892944, -0.005003 ], [ -59.879752, -0.016897 ], [ -59.8733, -0.033933 ], [ -59.864029, -0.046294 ], [ -59.861607, -0.059409 ], [ -59.863558, -0.070421 ], [ -59.878562, -0.086906 ], [ -59.879935, -0.095798 ], [ -59.874703, -0.102967 ], [ -59.874262, -0.112873 ], [ -59.892072, -0.101595 ], [ -59.918939, -0.125613 ], [ -59.917962, -0.136142 ], [ -59.9129, -0.149704 ], [ -59.901743, -0.156571 ], [ -59.872519, -0.163075 ], [ -59.847057, -0.18143 ], [ -59.82457, -0.213382 ], [ -59.809972, -0.229664 ], [ -59.80745, -0.248126 ], [ -59.838239, -0.267225 ], [ -59.839008, -0.278105 ], [ -59.843903, -0.284324 ], [ -59.842549, -0.307211 ], [ -59.849456, -0.312565 ], [ -59.85157, -0.324839 ], [ -59.845862, -0.335124 ], [ -59.85207, -0.352323 ], [ -59.853043, -0.368553 ], [ -59.862133, -0.365817 ], [ -59.852689, -0.391786 ], [ -59.836878, -0.38908 ], [ -59.83134, -0.398069 ], [ -59.830809, -0.410993 ], [ -59.838079, -0.416524 ], [ -59.847525, -0.442175 ], [ -59.853831, -0.445377 ], [ -59.869684, -0.468944 ], [ -59.879049, -0.464985 ], [ -59.882099, -0.456503 ], [ -59.89236, -0.455036 ], [ -59.925351, -0.484277 ], [ -59.928937, -0.497259 ], [ -59.938768, -0.501102 ], [ -59.943326, -0.509996 ], [ -59.953627, -0.515228 ], [ -59.956237, -0.525083 ], [ -59.949699, -0.530187 ], [ -59.95946, -0.549114 ], [ -59.960571, -0.560099 ], [ -59.967134, -0.568527 ], [ -60.000438, -0.569203 ], [ -60.008205, -0.57252 ], [ -60.01141, -0.580669 ], [ -60.025022, -0.582061 ], [ -60.035141, -0.588659 ], [ -60.037912, -0.596184 ], [ -60.02193, -0.616868 ], [ -60.021209, -0.626341 ], [ -60.026381, -0.633368 ], [ -60.035519, -0.634994 ], [ -60.034284, -0.639209 ], [ -60.024485, -0.661138 ], [ -60.033, -0.66317 ], [ -60.045026, -0.650592 ], [ -60.052798, -0.649738 ], [ -60.053764, -0.675643 ], [ -60.046386, -0.681147 ], [ -60.045263, -0.698061 ], [ -60.033522, -0.722275 ], [ -60.03403, -0.748103 ], [ -60.027335, -0.755328 ], [ -60.019761, -0.789541 ], [ -60.015359, -0.795711 ], [ -60.007323, -0.793293 ], [ -60.001071, -0.797745 ], [ -59.975821, -0.832529 ], [ -59.967686, -0.833358 ], [ -59.960489, -0.843732 ], [ -59.941973, -0.853692 ], [ -59.932157, -0.85183 ], [ -59.900022, -0.871416 ], [ -59.900605, -0.888778 ], [ -59.894153, -0.893879 ], [ -59.885347, -0.899372 ], [ -59.867822, -0.900741 ], [ -59.853849, -0.913899 ], [ -59.841525, -0.94343 ], [ -59.83918, -0.97174 ], [ -59.819781, -0.991195 ], [ -59.822295, -1.000039 ], [ -59.815289, -1.011 ], [ -59.779626, -1.045077 ], [ -59.758846, -1.055499 ], [ -59.751543, -1.052516 ], [ -59.741968, -1.06837 ], [ -59.743178, -1.075946 ], [ -59.732935, -1.079993 ], [ -59.720626, -1.077581 ], [ -59.714507, -1.094442 ], [ -59.707329, -1.101834 ], [ -59.699789, -1.10441 ], [ -59.686042, -1.090234 ], [ -59.675737, -1.08994 ], [ -59.668572, -1.065988 ], [ -59.636063, -1.077452 ], [ -59.629248, -1.085234 ], [ -59.63114, -1.094114 ], [ -59.61875, -1.104822 ], [ -59.603915, -1.109292 ], [ -59.380115, -1.106322 ], [ -59.374968, -1.133497 ], [ -59.382334, -1.136933 ], [ -59.379217, -1.147392 ], [ -59.383693, -1.17553 ], [ -59.375137, -1.18404 ], [ -59.372082, -1.193417 ], [ -59.372859, -1.236331 ], [ -59.361469, -1.2504 ], [ -59.358974, -1.261264 ], [ -59.364972, -1.267547 ], [ -59.375087, -1.265407 ], [ -59.381476, -1.258094 ], [ -59.393152, -1.261176 ], [ -59.404318, -1.258192 ], [ -59.420396, -1.268241 ], [ -59.424808, -1.274909 ], [ -59.43484, -1.279267 ], [ -59.443334, -1.296482 ], [ -59.44198, -1.318958 ], [ -59.450591, -1.327119 ], [ -59.467589, -1.33515 ], [ -59.471867, -1.35519 ], [ -59.481506, -1.360666 ], [ -59.488685, -1.37035 ], [ -59.493337, -1.377171 ], [ -59.494086, -1.385533 ], [ -59.503618, -1.389075 ], [ -59.519757, -1.419699 ], [ -59.518873, -1.432556 ], [ -59.513586, -1.439291 ], [ -59.503292, -1.444392 ], [ -59.491173, -1.442714 ], [ -59.485747, -1.453645 ], [ -59.458244, -1.434606 ], [ -59.446204, -1.437078 ], [ -59.437333, -1.43441 ], [ -59.424428, -1.45072 ], [ -59.410398, -1.445391 ], [ -59.398179, -1.447099 ], [ -59.391669, -1.452751 ], [ -59.369235, -1.452011 ], [ -59.359249, -1.458686 ], [ -59.334285, -1.456902 ], [ -59.331389, -1.464689 ], [ -59.334496, -1.471813 ], [ -59.329693, -1.481581 ], [ -59.304886, -1.483555 ], [ -59.297695, -1.474484 ], [ -59.295721, -1.453705 ], [ -59.270022, -1.430856 ], [ -59.261611, -1.437045 ], [ -59.229681, -1.437549 ], [ -59.233454, -1.449608 ], [ -59.223429, -1.446501 ], [ -59.190861, -1.446077 ], [ -59.187303, -1.453763 ], [ -59.200159, -1.469095 ], [ -59.186106, -1.47264 ], [ -59.170355, -1.485165 ], [ -59.150906, -1.515553 ], [ -59.151104, -1.530299 ], [ -59.155964, -1.544941 ], [ -59.149633, -1.54965 ], [ -59.149823, -1.56172 ], [ -59.141187, -1.564758 ], [ -59.14096, -1.575802 ], [ -59.135878, -1.584551 ], [ -59.126795, -1.589018 ], [ -59.13199, -1.600703 ], [ -59.127074, -1.607174 ], [ -59.142158, -1.619747 ], [ -59.137491, -1.629127 ], [ -59.139827, -1.642732 ], [ -59.167467, -1.658927 ], [ -59.16502, -1.668139 ], [ -59.167077, -1.677365 ], [ -59.179133, -1.676729 ], [ -59.179907, -1.687087 ], [ -59.186182, -1.694619 ], [ -59.188462, -1.704015 ], [ -59.195526, -1.710419 ], [ -59.198163, -1.730739 ], [ -59.217246, -1.780891 ], [ -59.212647, -1.786762 ], [ -59.213977, -1.806879 ], [ -59.218829, -1.818623 ], [ -59.226187, -1.826193 ], [ -59.245555, -1.826218 ], [ -59.251243, -1.832819 ], [ -59.250269, -1.844162 ], [ -59.244027, -1.851259 ], [ -59.245164, -1.862017 ], [ -59.235531, -1.864267 ], [ -59.227383, -1.873229 ], [ -59.220382, -1.891542 ], [ -59.22194, -1.89923 ], [ -59.213017, -1.900907 ], [ -59.203301, -1.91767 ], [ -59.201329, -1.940028 ], [ -59.191717, -1.947742 ], [ -59.183515, -1.947563 ], [ -59.160812, -1.959855 ], [ -59.15457, -1.9667 ], [ -59.161801, -1.98516 ], [ -59.123579, -2.006971 ], [ -59.114218, -2.032095 ], [ -59.118875, -2.041018 ], [ -59.112317, -2.076852 ], [ -59.127939, -2.10036 ], [ -59.131975, -2.149823 ], [ -59.137934, -2.165413 ], [ -59.143484, -2.171564 ], [ -59.152396, -2.172693 ], [ -59.160492, -2.168627 ], [ -59.171259, -2.18092 ], [ -59.179101, -2.184785 ], [ -59.181921, -2.200746 ], [ -59.178205, -2.209886 ], [ -59.160396, -2.209883 ], [ -59.145131, -2.216745 ], [ -59.144521, -2.224339 ], [ -59.162663, -2.232544 ], [ -59.153298, -2.248152 ], [ -59.143744, -2.249311 ], [ -59.138275, -2.23114 ], [ -59.128882, -2.223349 ], [ -59.110489, -2.223422 ], [ -59.105383, -2.243779 ], [ -59.081944, -2.275616 ], [ -59.08731, -2.284524 ], [ -59.109084, -2.297045 ], [ -59.132837, -2.34097 ], [ -59.162489, -2.371005 ], [ -59.172494, -2.385443 ], [ -59.226858, -2.418232 ], [ -59.249046, -2.435214 ], [ -59.258686, -2.436318 ], [ -59.271499, -2.447261 ], [ -59.274571, -2.464229 ], [ -59.271677, -2.47328 ], [ -59.276294, -2.479746 ], [ -59.27544, -2.487978 ], [ -59.249066, -2.481998 ], [ -59.252961, -2.474528 ], [ -59.245831, -2.469975 ], [ -59.222323, -2.473882 ], [ -59.193817, -2.471588 ], [ -59.193368, -2.471757 ], [ -59.173669, -2.484269 ], [ -59.168993, -2.507776 ], [ -59.155386, -2.517096 ], [ -59.165878, -2.538979 ], [ -59.195437, -2.555614 ], [ -59.20038, -2.56395 ], [ -59.195737, -2.579113 ], [ -59.188684, -2.597306 ], [ -59.191858, -2.606193 ], [ -59.209937, -2.632767 ], [ -59.217134, -2.635702 ], [ -59.228776, -2.649837 ], [ -59.229937, -2.700828 ], [ -59.240905, -2.712639 ], [ -59.26475, -2.725721 ], [ -59.268141, -2.738641 ], [ -59.268227, -2.739605 ], [ -59.268608, -2.743949 ], [ -59.286885, -2.748679 ], [ -59.30561, -2.760725 ], [ -59.353417, -2.821266 ], [ -59.356249, -2.828823 ], [ -59.352997, -2.845191 ], [ -59.3575, -2.879397 ], [ -59.361005, -2.888167 ], [ -59.369469, -2.888111 ], [ -59.368865, -2.870761 ], [ -59.37528, -2.865403 ], [ -59.38388, -2.871952 ], [ -59.394968, -2.872556 ], [ -59.405335, -2.873859 ], [ -59.408894, -2.888274 ], [ -59.43064, -2.927093 ], [ -59.466529, -2.948787 ], [ -59.486477, -2.966361 ], [ -59.499803, -2.971534 ], [ -59.49998, -2.987206 ], [ -59.484998, -2.99346 ], [ -59.454827, -3.029386 ], [ -59.430836, -3.048137 ], [ -59.404637, -3.053978 ], [ -59.37339, -3.071252 ], [ -59.34723, -3.09862 ], [ -59.341055, -3.106282 ], [ -59.313169, -3.1211 ], [ -59.304029, -3.131538 ], [ -59.276854, -3.127629 ], [ -59.261612, -3.128654 ], [ -59.239124, -3.137696 ], [ -59.159762, -3.168457 ], [ -59.162942, -3.172381 ], [ -59.167883, -3.17848 ], [ -59.181638, -3.176646 ], [ -59.206496, -3.17938 ], [ -59.220859, -3.175619 ], [ -59.241308, -3.161714 ], [ -59.2643, -3.153333 ], [ -59.351395, -3.145237 ], [ -59.358133, -3.152659 ], [ -59.383666, -3.180777 ], [ -59.348386, -3.192773 ], [ -59.32089, -3.210152 ], [ -59.233657, -3.242987 ], [ -59.232212, -3.243705 ], [ -59.149076, -3.285029 ], [ -59.125521, -3.28732 ], [ -59.084623, -3.269878 ], [ -59.058936, -3.262595 ], [ -59.038795, -3.249267 ], [ -59.01518, -3.24287 ], [ -59.00477, -3.244626 ], [ -58.969045, -3.277065 ], [ -58.946365, -3.30495 ], [ -58.90162, -3.366082 ], [ -58.85409, -3.400661 ], [ -58.845565, -3.403957 ], [ -58.825168, -3.402888 ], [ -58.790039, -3.386923 ], [ -58.786813, -3.386263 ], [ -58.787561, -3.399544 ], [ -58.79939, -3.436543 ], [ -58.808426, -3.452612 ], [ -58.816115, -3.460971 ], [ -58.824557, -3.46358 ], [ -58.833197, -3.446419 ], [ -58.844198, -3.447023 ], [ -58.873586, -3.476042 ], [ -58.901015, -3.512421 ], [ -58.919149, -3.543493 ], [ -58.91287, -3.556295 ], [ -58.910288, -3.571634 ], [ -58.919565, -3.594583 ], [ -58.919455, -3.60747 ], [ -58.91057, -3.611874 ], [ -58.90237, -3.615939 ], [ -58.89256, -3.614913 ], [ -58.886624, -3.609943 ], [ -58.855371, -3.603477 ], [ -58.841145, -3.592803 ], [ -58.818006, -3.598467 ], [ -58.809618, -3.607189 ], [ -58.798785, -3.613005 ], [ -58.792852, -3.612319 ], [ -58.78642, -3.611575 ], [ -58.750189, -3.591088 ], [ -58.730302, -3.597257 ], [ -58.72253, -3.596632 ], [ -58.707244, -3.612317 ], [ -58.700769, -3.635544 ], [ -58.698249, -3.647891 ], [ -58.69136, -3.657705 ], [ -58.683027, -3.656588 ], [ -58.679191, -3.663178 ], [ -58.6578, -3.659278 ], [ -58.649494, -3.64232 ], [ -58.648636, -3.633131 ], [ -58.633852, -3.621687 ], [ -58.622716, -3.623538 ], [ -58.610185, -3.637455 ], [ -58.584894, -3.646106 ], [ -58.576907, -3.648165 ], [ -58.558074, -3.667624 ], [ -58.558495, -3.675818 ], [ -58.550326, -3.685848 ], [ -58.538542, -3.694753 ], [ -58.532458, -3.703944 ], [ -58.523051, -3.705497 ], [ -58.516075, -3.714684 ], [ -58.512933, -3.729079 ], [ -58.514961, -3.739752 ], [ -58.512712, -3.747446 ], [ -58.506521, -3.753123 ], [ -58.486741, -3.747436 ], [ -58.464014, -3.751799 ], [ -58.465647, -3.747849 ], [ -58.46843, -3.733302 ], [ -58.462349, -3.727381 ], [ -58.45735, -3.705532 ], [ -58.4469, -3.705503 ], [ -58.436567, -3.722201 ], [ -58.424621, -3.729556 ], [ -58.41876, -3.724021 ], [ -58.414345, -3.7048 ], [ -58.406178, -3.695573 ], [ -58.400371, -3.677214 ], [ -58.390479, -3.671852 ], [ -58.383816, -3.677026 ], [ -58.372621, -3.677756 ], [ -58.374594, -3.648748 ], [ -58.371559, -3.63696 ], [ -58.36376, -3.624894 ], [ -58.342397, -3.611063 ], [ -58.354705, -3.596514 ], [ -58.355754, -3.588635 ], [ -58.349118, -3.582453 ], [ -58.347868, -3.582271 ], [ -58.341175, -3.581293 ], [ -58.302701, -3.596039 ], [ -58.284427, -3.591615 ], [ -58.276338, -3.600546 ], [ -58.258175, -3.602614 ], [ -58.249223, -3.606934 ], [ -58.232893, -3.612631 ], [ -58.229615, -3.614153 ], [ -58.227001, -3.615367 ], [ -58.230534, -3.628269 ], [ -58.228194, -3.651477 ], [ -58.201751, -3.666033 ], [ -58.198944, -3.675984 ], [ -58.206135, -3.690843 ], [ -58.215247, -3.695299 ], [ -58.22252, -3.694055 ], [ -58.260916, -3.687479 ], [ -58.296532, -3.693874 ], [ -58.308987, -3.745909 ], [ -58.30748, -3.755081 ], [ -58.301479, -3.761596 ], [ -58.30461, -3.768516 ], [ -58.292284, -3.780967 ], [ -58.288808, -3.790173 ], [ -58.289248, -3.814952 ], [ -58.293001, -3.825948 ], [ -58.30273, -3.824527 ], [ -58.32026, -3.843189 ], [ -58.320419, -3.855046 ], [ -58.324175, -3.862547 ], [ -58.345141, -3.880576 ], [ -58.345206, -3.886474 ], [ -58.365674, -3.886747 ], [ -58.394428, -3.895985 ], [ -58.403036, -3.894471 ], [ -58.417041, -3.908706 ], [ -58.431679, -3.914933 ], [ -58.4419, -3.911698 ], [ -58.463837, -3.926494 ], [ -58.467456, -3.930558 ], [ -58.460681, -3.934893 ], [ -58.465008, -3.942888 ], [ -58.455402, -3.959909 ], [ -58.433765, -3.965011 ], [ -58.430906, -3.974529 ], [ -58.434263, -3.982689 ], [ -58.43079, -3.987071 ], [ -58.421929, -3.983172 ], [ -58.416678, -3.98989 ], [ -58.417987, -3.998872 ], [ -58.402871, -3.999836 ], [ -58.384709, -4.013333 ], [ -58.355173, -4.056263 ], [ -58.347338, -4.056252 ], [ -58.345288, -4.066668 ], [ -58.338621, -4.07271 ], [ -58.331725, -4.093814 ], [ -58.322981, -4.097331 ], [ -58.317113, -4.106779 ], [ -58.309946, -4.110443 ], [ -58.311365, -4.131321 ], [ -58.318954, -4.134004 ], [ -58.319002, -4.142977 ], [ -58.289311, -4.160507 ], [ -58.280337, -4.160168 ], [ -58.26986, -4.181311 ], [ -58.269413, -4.188237 ], [ -58.266365, -4.197709 ], [ -58.257027, -4.201628 ], [ -58.257281, -4.210256 ], [ -58.246802, -4.229815 ], [ -58.237442, -4.233112 ], [ -58.227279, -4.22717 ], [ -58.218858, -4.231364 ], [ -58.204805, -4.216388 ], [ -58.198215, -4.22215 ], [ -58.183111, -4.217235 ], [ -58.161798, -4.227325 ], [ -58.15322, -4.245677 ], [ -58.118861, -4.370411 ], [ -58.128102, -4.365389 ], [ -58.142488, -4.366745 ], [ -58.16502, -4.361119 ], [ -58.174714, -4.369453 ], [ -58.191138, -4.351359 ], [ -58.198443, -4.349332 ], [ -58.206469, -4.35911 ], [ -58.222557, -4.36134 ], [ -58.224025, -4.374274 ], [ -58.239693, -4.382645 ], [ -58.256476, -4.378564 ], [ -58.266644, -4.396886 ], [ -58.274835, -4.395468 ], [ -58.292694, -4.410335 ], [ -58.293472, -4.418338 ], [ -58.304805, -4.433859 ], [ -58.322148, -4.440791 ], [ -58.336257, -4.440601 ], [ -58.351253, -4.450116 ], [ -58.353814, -4.462574 ], [ -58.364035, -4.464595 ], [ -58.373012, -4.459998 ], [ -58.381869, -4.460333 ], [ -58.390818, -4.484849 ], [ -58.39087, -4.493309 ], [ -58.396926, -4.502831 ], [ -58.406033, -4.500603 ], [ -58.414451, -4.502601 ], [ -58.417623, -4.494718 ], [ -58.434452, -4.504317 ], [ -58.443681, -4.506244 ], [ -58.453946, -4.502818 ], [ -58.477906, -4.49006 ], [ -58.485461, -4.493249 ], [ -58.492572, -4.489357 ], [ -58.499121, -4.476116 ], [ -58.50704, -4.470992 ], [ -58.552355, -4.495648 ], [ -58.560569, -4.493533 ], [ -58.573158, -4.476075 ], [ -58.589538, -4.462456 ], [ -58.608712, -4.460977 ], [ -58.617435, -4.472741 ], [ -58.630156, -4.46803 ], [ -58.644854, -4.452619 ], [ -58.634272, -4.452001 ], [ -58.627074, -4.43078 ], [ -58.638298, -4.414241 ], [ -58.639771, -4.399045 ], [ -58.652247, -4.388347 ], [ -58.646606, -4.37224 ], [ -58.649745, -4.340634 ], [ -58.642356, -4.335908 ], [ -58.614963, -4.285785 ], [ -58.615521, -4.270757 ], [ -58.619968, -4.262642 ], [ -58.645074, -4.26864 ], [ -58.653656, -4.262251 ], [ -58.661471, -4.237892 ], [ -58.671721, -4.223635 ], [ -58.687774, -4.210181 ], [ -58.689194, -4.196345 ], [ -58.685759, -4.175239 ], [ -58.67733, -4.149103 ], [ -58.681055, -4.13462 ], [ -58.705746, -4.107894 ], [ -58.742806, -4.08272 ], [ -58.76308, -4.07538 ], [ -58.775781, -4.064978 ], [ -58.785083, -4.035821 ], [ -58.820285, -4.0001 ], [ -58.817809, -3.988109 ], [ -58.803618, -3.965049 ], [ -58.788625, -3.92737 ], [ -58.777945, -3.909871 ], [ -58.782919, -3.907225 ], [ -58.793424, -3.909718 ], [ -58.802812, -3.902879 ], [ -58.813618, -3.876053 ], [ -58.844752, -3.874216 ], [ -58.841141, -3.851833 ], [ -58.867981, -3.856475 ], [ -58.875508, -3.853386 ], [ -58.884975, -3.859044 ], [ -58.901452, -3.896174 ], [ -58.910705, -3.905852 ], [ -58.919788, -3.90897 ], [ -58.941625, -3.89375 ], [ -58.967204, -3.887419 ], [ -58.994178, -3.892954 ], [ -58.997232, -3.902559 ], [ -58.993095, -3.914232 ], [ -58.993533, -3.92423 ], [ -58.999569, -3.932077 ], [ -59.007567, -3.937219 ], [ -59.024012, -3.932652 ], [ -59.047656, -3.958229 ], [ -59.059184, -3.962465 ], [ -59.076373, -3.962288 ], [ -59.084011, -3.96979 ], [ -59.092015, -3.989864 ], [ -59.09508, -3.98912 ], [ -59.100851, -3.987721 ], [ -59.110936, -3.969849 ], [ -59.119626, -3.967012 ], [ -59.160457, -3.97047 ], [ -59.173077, -3.966672 ], [ -59.194609, -3.967995 ], [ -59.20024, -3.951496 ], [ -59.171298, -3.942435 ], [ -59.1626, -3.933904 ], [ -59.156292, -3.921461 ], [ -59.199793, -3.91994 ], [ -59.211713, -3.919523 ], [ -59.253531, -3.919423 ], [ -59.506295, -3.920451 ], [ -59.510099, -3.921442 ], [ -59.525423, -3.925438 ], [ -59.528863, -3.933597 ], [ -59.527342, -3.955257 ], [ -59.539392, -3.966383 ], [ -59.550731, -3.970907 ], [ -59.557003, -3.982288 ], [ -59.555699, -4.007907 ], [ -59.558202, -4.021077 ], [ -59.581252, -4.057257 ], [ -59.587003, -4.076427 ], [ -59.579208, -4.116706 ], [ -59.590217, -4.147292 ], [ -59.619648, -4.19822 ], [ -59.643597, -4.201576 ], [ -59.67493, -4.188363 ], [ -59.693144, -4.210752 ], [ -59.926484, -4.212612 ], [ -59.927056, -4.213126 ], [ -59.945513, -4.229712 ], [ -59.939516, -4.238222 ], [ -59.939603, -4.247235 ], [ -59.944904, -4.252665 ], [ -59.957368, -4.255295 ], [ -59.975412, -4.249829 ], [ -59.988491, -4.2601 ], [ -59.98224, -4.286952 ], [ -59.973076, -4.295721 ], [ -59.968764, -4.306567 ], [ -59.970825, -4.322445 ], [ -59.966432, -4.339066 ], [ -59.947102, -4.360142 ], [ -59.946716, -4.376255 ], [ -59.951932, -4.386336 ], [ -59.960077, -4.391873 ], [ -59.97005, -4.391893 ], [ -59.973913, -4.393357 ], [ -59.999961, -4.396233 ], [ -60.022293, -4.410897 ], [ -60.026766, -4.418575 ], [ -60.035349, -4.420385 ], [ -60.049159, -4.412188 ], [ -60.050633, -4.396257 ], [ -60.047268, -4.387929 ], [ -60.049602, -4.380013 ], [ -60.056827, -4.377499 ], [ -60.07169, -4.381689 ], [ -60.081609, -4.393948 ], [ -60.085784, -4.405102 ], [ -60.089607, -4.407803 ], [ -60.097879, -4.406943 ], [ -60.108047, -4.395314 ], [ -60.13, -4.383876 ], [ -60.129054, -4.376168 ], [ -60.133604, -4.369425 ], [ -60.122271, -4.358815 ], [ -60.124551, -4.343023 ], [ -60.130334, -4.337375 ], [ -60.146301, -4.341194 ], [ -60.161687, -4.336732 ], [ -60.167799, -4.330373 ], [ -60.172975, -4.315099 ], [ -60.19439, -4.28983 ], [ -60.20983, -4.287549 ], [ -60.215497, -4.293281 ], [ -60.225476, -4.281694 ], [ -60.227781, -4.265895 ], [ -60.242997, -4.261646 ], [ -60.251941, -4.249231 ], [ -60.259778, -4.250533 ], [ -60.263551, -4.234618 ], [ -60.271083, -4.236021 ], [ -60.276221, -4.22967 ], [ -60.275969, -4.221761 ], [ -60.264358, -4.210662 ], [ -60.265381, -4.202463 ], [ -60.277864, -4.180761 ], [ -60.277799, -4.172634 ], [ -60.286492, -4.16414 ], [ -60.302698, -4.162309 ], [ -60.305798, -4.169267 ], [ -60.300779, -4.175149 ], [ -60.3045, -4.182141 ], [ -60.318528, -4.1903 ], [ -60.341941, -4.187343 ], [ -60.356721, -4.181729 ], [ -60.374542, -4.184506 ], [ -60.377156, -4.181355 ], [ -60.384415, -4.171182 ], [ -60.397259, -4.162097 ], [ -60.418737, -4.175022 ], [ -60.432303, -4.165666 ], [ -60.440462, -4.167184 ], [ -60.446204, -4.172748 ], [ -60.452995, -4.16849 ], [ -60.454857, -4.152301 ], [ -60.480793, -4.133946 ], [ -60.507527, -4.143423 ], [ -60.512595, -4.149013 ], [ -60.519488, -4.145914 ], [ -60.526378, -4.15994 ], [ -60.535465, -4.154613 ], [ -60.544553, -4.155233 ], [ -60.549295, -4.164639 ], [ -60.562052, -4.157533 ], [ -60.579735, -4.180832 ], [ -60.594069, -4.173996 ], [ -60.601386, -4.178213 ], [ -60.616558, -4.173976 ], [ -60.627716, -4.191616 ], [ -60.638545, -4.187327 ], [ -60.64411, -4.202653 ], [ -60.651968, -4.202456 ], [ -60.65663, -4.209237 ], [ -60.66389, -4.205152 ], [ -60.677862, -4.212068 ], [ -60.684196, -4.206549 ], [ -60.690101, -4.222001 ], [ -60.706501, -4.212615 ], [ -60.703031, -4.199845 ], [ -60.710461, -4.195818 ], [ -60.721562, -4.200569 ], [ -60.751866, -4.191153 ], [ -60.760665, -4.194221 ], [ -60.77609, -4.181137 ], [ -60.782925, -4.185917 ], [ -60.802774, -4.174242 ], [ -60.825297, -4.233136 ], [ -60.848451, -4.281823 ], [ -61.008876, -4.423126 ], [ -61.167314, -4.54387 ], [ -61.248781, -4.627945 ], [ -61.270698, -4.661639 ], [ -61.29274, -4.711678 ], [ -61.308084, -4.748949 ], [ -61.318189, -4.762686 ], [ -61.413855, -4.84963 ], [ -61.443474, -4.891115 ], [ -61.489552, -4.915707 ], [ -61.526691, -4.94203 ], [ -61.723765, -5.115913 ], [ -61.75444, -5.143679 ], [ -61.868078, -5.223059 ], [ -61.941751, -5.295197 ], [ -61.955634, -5.304022 ], [ -62.00319, -5.320156 ], [ -62.012356, -5.326218 ], [ -62.085691, -5.426094 ], [ -62.10233, -5.459535 ], [ -62.124859, -5.504892 ], [ -62.159555, -5.550354 ], [ -62.274247, -5.729246 ], [ -62.328527, -5.815851 ], [ -62.43667, -5.929445 ], [ -62.484995, -5.965397 ], [ -62.568052, -6.104735 ], [ -62.609208, -6.153341 ], [ -62.65419, -6.207682 ], [ -62.734808, -6.279117 ], [ -62.787471, -6.361412 ], [ -62.801112, -6.377675 ], [ -62.841696, -6.41185 ], [ -62.85602, -6.431269 ], [ -62.874582, -6.457648 ], [ -62.888752, -6.491107 ], [ -62.907697, -6.511137 ], [ -62.929388, -6.536818 ], [ -62.939806, -6.560049 ], [ -62.952638, -6.63232 ], [ -62.957365, -6.640234 ], [ -62.969498, -6.701137 ], [ -63.006945, -6.783045 ], [ -63.047716, -6.844091 ], [ -63.178449, -6.845741 ], [ -63.175892, -6.859119 ], [ -63.165223, -6.860034 ], [ -63.168167, -6.868203 ], [ -63.161667, -6.873712 ], [ -63.152584, -6.873258 ], [ -63.159836, -6.888046 ], [ -63.159774, -6.91519 ], [ -63.151748, -6.918004 ], [ -63.154226, -6.92629 ], [ -63.162383, -6.935343 ], [ -63.147106, -6.956176 ], [ -63.139947, -6.959009 ], [ -63.135055, -6.972725 ], [ -63.15228, -6.989769 ], [ -63.162422, -6.993198 ], [ -63.164082, -7.004885 ], [ -63.176918, -7.016443 ], [ -63.185725, -7.010826 ], [ -63.200724, -7.022717 ], [ -63.207725, -7.01516 ], [ -63.217058, -7.026874 ], [ -63.205336, -7.050651 ], [ -63.207245, -7.060223 ], [ -63.220112, -7.060007 ], [ -63.227643, -7.075255 ], [ -63.23597, -7.075128 ], [ -63.238193, -7.085264 ], [ -63.244843, -7.080044 ], [ -63.254364, -7.080017 ], [ -63.261333, -7.083014 ], [ -63.264364, -7.091427 ], [ -63.306885, -7.104695 ], [ -63.307478, -7.1133 ], [ -63.30145, -7.117912 ], [ -63.302694, -7.127912 ], [ -63.305748, -7.138724 ], [ -63.313362, -7.14177 ], [ -63.313804, -7.151394 ], [ -63.306247, -7.154241 ], [ -63.307944, -7.164162 ], [ -63.314281, -7.177408 ], [ -63.314559, -7.185562 ], [ -63.324996, -7.20302 ], [ -63.307976, -7.205461 ], [ -63.300397, -7.211121 ], [ -63.300579, -7.229224 ], [ -63.294526, -7.23872 ], [ -63.284719, -7.24016 ], [ -63.280445, -7.248539 ], [ -63.294503, -7.269211 ], [ -63.304586, -7.277596 ], [ -63.303223, -7.296069 ], [ -63.298085, -7.301967 ], [ -63.290833, -7.328268 ], [ -63.29428, -7.335883 ], [ -63.303306, -7.341681 ], [ -63.298468, -7.34768 ], [ -63.267197, -7.350676 ], [ -63.262726, -7.357858 ], [ -63.252419, -7.351862 ], [ -63.250334, -7.35962 ], [ -63.254422, -7.371476 ], [ -63.245694, -7.371653 ], [ -63.250087, -7.393226 ], [ -63.262106, -7.403444 ], [ -63.268357, -7.420139 ], [ -63.281252, -7.407837 ], [ -63.295947, -7.406917 ], [ -63.299365, -7.400126 ], [ -63.332114, -7.404305 ], [ -63.342336, -7.410369 ], [ -63.334586, -7.415351 ], [ -63.330856, -7.422276 ], [ -63.333225, -7.433143 ], [ -63.325022, -7.43518 ], [ -63.321754, -7.44249 ], [ -63.312301, -7.441951 ], [ -63.306166, -7.447873 ], [ -63.303728, -7.455094 ], [ -63.317386, -7.476881 ], [ -63.303165, -7.490712 ], [ -63.311474, -7.49359 ], [ -63.323863, -7.489894 ], [ -63.331252, -7.49299 ], [ -63.34484, -7.518416 ], [ -63.349756, -7.520478 ], [ -63.352569, -7.521656 ], [ -63.374086, -7.528493 ], [ -63.379142, -7.551033 ], [ -63.396309, -7.559828 ], [ -63.403449, -7.574235 ], [ -63.400665, -7.584531 ], [ -63.419636, -7.594052 ], [ -63.426332, -7.603432 ], [ -63.425755, -7.612147 ], [ -63.417502, -7.620614 ], [ -63.41983, -7.628427 ], [ -63.416979, -7.628841 ], [ -63.404943, -7.63265 ], [ -63.395533, -7.637732 ], [ -63.395695, -7.657393 ], [ -63.380256, -7.663936 ], [ -63.392582, -7.690022 ], [ -63.400582, -7.727543 ], [ -63.408662, -7.735571 ], [ -63.421976, -7.737923 ], [ -63.431503, -7.74383 ], [ -63.437693, -7.738472 ], [ -63.450253, -7.74857 ], [ -63.469669, -7.747545 ], [ -63.478556, -7.760836 ], [ -63.499809, -7.775153 ], [ -63.508888, -7.789168 ], [ -63.516273, -7.786997 ], [ -63.533478, -7.804897 ], [ -63.549167, -7.812855 ], [ -63.547252, -7.823071 ], [ -63.553945, -7.838044 ], [ -63.560557, -7.843553 ], [ -63.567008, -7.847503 ], [ -63.579051, -7.845582 ], [ -63.598588, -7.848267 ], [ -63.612027, -7.855609 ], [ -63.622896, -7.857308 ], [ -63.63322, -7.873016 ], [ -63.635062, -7.882758 ], [ -63.621057, -7.894352 ], [ -63.624699, -7.90541 ], [ -63.620257, -7.968912 ], [ -63.625918, -8.015729 ], [ -63.621247, -8.029228 ], [ -63.626086, -8.040802 ], [ -63.638226, -8.046811 ], [ -63.650338, -8.066057 ], [ -63.666468, -8.08122 ], [ -63.668417, -8.091521 ], [ -63.661916, -8.100788 ], [ -63.669365, -8.12136 ], [ -63.675892, -8.127478 ], [ -63.692888, -8.157965 ], [ -63.729639, -8.179803 ], [ -63.746501, -8.1982 ], [ -63.74803, -8.207482 ], [ -63.722229, -8.249115 ], [ -63.746029, -8.269785 ], [ -63.765406, -8.306797 ], [ -63.781062, -8.328856 ], [ -63.790698, -8.332831 ], [ -63.824805, -8.305769 ], [ -63.84659, -8.294648 ], [ -63.866953, -8.288934 ], [ -63.881471, -8.290846 ], [ -63.894393, -8.301645 ], [ -63.903808, -8.321675 ], [ -63.910302, -8.328141 ], [ -63.931593, -8.324487 ], [ -63.943588, -8.330804 ], [ -63.944839, -8.387442 ], [ -63.97642, -8.409356 ], [ -63.977361, -8.419749 ], [ -63.953193, -8.427581 ], [ -63.938556, -8.441164 ], [ -63.940303, -8.45188 ], [ -63.972643, -8.478063 ], [ -63.97397, -8.486854 ], [ -63.970363, -8.498949 ], [ -63.958214, -8.509619 ], [ -63.943254, -8.52622 ], [ -63.945086, -8.550113 ], [ -63.932661, -8.556968 ], [ -63.922637, -8.558909 ], [ -63.921948, -8.566993 ], [ -63.935478, -8.592473 ], [ -63.945419, -8.6091 ], [ -63.953558, -8.606869 ], [ -63.965063, -8.595541 ], [ -63.966614, -8.587498 ], [ -63.972005, -8.582068 ], [ -63.979729, -8.580303 ], [ -63.985675, -8.585249 ], [ -63.99056, -8.617029 ], [ -63.995491, -8.619539 ], [ -64.004307, -8.625525 ], [ -64.00464, -8.641363 ], [ -64.016168, -8.652116 ], [ -64.018644, -8.660063 ], [ -64.015891, -8.667297 ], [ -64.034947, -8.693173 ], [ -64.027334, -8.715281 ], [ -64.066861, -8.71034 ], [ -64.074617, -8.712722 ], [ -64.094232, -8.727978 ], [ -64.110725, -8.724786 ], [ -64.124059, -8.716329 ], [ -64.142531, -8.742646 ], [ -64.144226, -8.776062 ], [ -64.128923, -8.804777 ], [ -64.135224, -8.820004 ], [ -64.154669, -8.835031 ], [ -64.157667, -8.842782 ], [ -64.15512, -8.847946 ], [ -64.148258, -8.872705 ], [ -64.151166, -8.896848 ], [ -64.143052, -8.933317 ], [ -64.142897, -8.953146 ], [ -64.148916, -8.958551 ], [ -64.174478, -8.960185 ], [ -64.232669, -8.991922 ], [ -64.264534, -8.987996 ], [ -64.297144, -8.99581 ], [ -64.310781, -8.996085 ], [ -64.324752, -8.987684 ], [ -64.325535, -8.979446 ], [ -64.312501, -8.950191 ], [ -64.309032, -8.934107 ], [ -64.312293, -8.931419 ], [ -64.315032, -8.929161 ], [ -64.322863, -8.928475 ], [ -64.379386, -8.94635 ], [ -64.407923, -8.960265 ], [ -64.432703, -8.968096 ], [ -64.446036, -8.976485 ], [ -64.454925, -8.977474 ], [ -64.470643, -8.973359 ], [ -64.495834, -8.978672 ], [ -64.53309, -8.975884 ], [ -64.549586, -8.977885 ], [ -64.563668, -8.985275 ], [ -64.568342, -8.991389 ], [ -64.578315, -8.98803 ], [ -64.578861, -9.000757 ], [ -64.587423, -9.009124 ], [ -64.599717, -9.012084 ], [ -64.610535, -9.016066 ], [ -64.640999, -9.006261 ], [ -64.657168, -9.007828 ], [ -64.670837, -9.014411 ], [ -64.682812, -8.993232 ], [ -64.689143, -8.989898 ], [ -64.70622, -8.98941 ], [ -64.730002, -9.012124 ], [ -64.744028, -9.017884 ], [ -64.760641, -9.020197 ], [ -64.783425, -8.988885 ], [ -64.807285, -8.985167 ], [ -64.838784, -8.993726 ], [ -64.869376, -9.011594 ], [ -64.878492, -9.022432 ], [ -64.886694, -9.028825 ], [ -64.893559, -9.043317 ], [ -64.901001, -9.046301 ], [ -64.916727, -9.042756 ], [ -64.91881, -9.050179 ], [ -64.91514, -9.074229 ], [ -64.932925, -9.119957 ], [ -64.939389, -9.12418 ], [ -64.938774, -9.147919 ], [ -64.933085, -9.154015 ], [ -64.928451, -9.177251 ], [ -64.931363, -9.184541 ], [ -64.923196, -9.197752 ], [ -64.926001, -9.205079 ], [ -64.919142, -9.219894 ], [ -64.920948, -9.227904 ], [ -64.932285, -9.240203 ], [ -64.940141, -9.262016 ], [ -64.953112, -9.270886 ], [ -64.953398, -9.278538 ], [ -64.962339, -9.292391 ], [ -64.985642, -9.291545 ], [ -64.999974, -9.304228 ], [ -65.001315, -9.317515 ], [ -65.012166, -9.32829 ], [ -65.005306, -9.343143 ], [ -65.021478, -9.345619 ], [ -65.023871, -9.353505 ], [ -65.029495, -9.356185 ], [ -65.038767, -9.359195 ], [ -65.035139, -9.374431 ], [ -65.046369, -9.386882 ], [ -65.047092, -9.395806 ], [ -65.053005, -9.401756 ], [ -65.077387, -9.400595 ], [ -65.084217, -9.403788 ], [ -65.09175, -9.409 ], [ -65.088369, -9.424694 ], [ -65.097308, -9.432129 ], [ -65.113176, -9.432392 ], [ -65.130234, -9.441909 ], [ -65.142339, -9.446426 ], [ -65.154587, -9.436773 ], [ -65.176782, -9.42625 ], [ -65.184082, -9.426605 ], [ -65.186281, -9.41464 ], [ -65.174111, -9.393395 ], [ -65.173002, -9.385062 ], [ -65.195616, -9.374877 ], [ -65.196447, -9.367054 ], [ -65.187783, -9.344467 ], [ -65.208414, -9.309258 ], [ -65.210471, -9.300643 ], [ -65.206612, -9.293251 ], [ -65.207483, -9.285248 ], [ -65.21123, -9.278608 ], [ -65.239528, -9.261041 ], [ -65.246119, -9.257278 ], [ -65.28364, -9.269883 ], [ -65.299893, -9.286688 ], [ -65.342147, -9.309075 ], [ -65.350698, -9.322724 ], [ -65.37697, -9.324041 ], [ -65.379005, -9.332462 ], [ -65.384668, -9.337646 ], [ -65.392979, -9.339211 ], [ -65.409255, -9.32207 ], [ -65.416253, -9.319151 ], [ -65.439675, -9.31136 ], [ -65.446475, -9.31599 ], [ -65.448558, -9.324194 ], [ -65.443085, -9.329966 ], [ -65.447147, -9.3454 ], [ -65.445586, -9.370303 ], [ -65.456057, -9.400823 ], [ -65.454116, -9.408221 ], [ -65.442787, -9.419761 ], [ -65.431555, -9.458249 ], [ -65.434172, -9.465947 ], [ -65.442131, -9.464315 ], [ -65.452492, -9.468626 ], [ -65.456114, -9.470133 ], [ -65.467337, -9.458905 ], [ -65.476423, -9.472278 ], [ -65.492257, -9.473278 ], [ -65.502619, -9.46959 ], [ -65.502949, -9.456562 ], [ -65.506006, -9.447312 ], [ -65.514193, -9.449125 ], [ -65.521868, -9.446519 ], [ -65.547704, -9.42566 ], [ -65.587564, -9.413388 ], [ -65.596231, -9.41348 ], [ -65.617723, -9.425591 ], [ -65.634228, -9.429314 ], [ -65.641089, -9.433082 ], [ -65.64934, -9.446886 ], [ -65.656642, -9.448893 ], [ -65.672232, -9.445964 ], [ -65.678891, -9.451007 ], [ -65.680453, -9.500022 ], [ -65.695535, -9.507286 ], [ -65.723002, -9.558671 ], [ -65.729422, -9.562686 ], [ -65.742232, -9.552581 ], [ -65.749782, -9.553237 ], [ -65.756003, -9.568569 ], [ -65.770169, -9.56497 ], [ -65.777483, -9.577137 ], [ -65.790977, -9.585259 ], [ -65.799476, -9.584636 ], [ -65.804838, -9.570126 ], [ -65.810146, -9.564021 ], [ -65.817481, -9.561869 ], [ -65.824532, -9.529706 ], [ -65.840255, -9.533729 ], [ -65.847703, -9.531939 ], [ -65.846062, -9.516026 ], [ -65.852005, -9.510316 ], [ -65.859808, -9.510383 ], [ -65.880362, -9.48708 ], [ -65.897476, -9.488663 ], [ -65.912089, -9.483365 ], [ -65.921926, -9.470512 ], [ -65.931335, -9.447209 ], [ -65.951091, -9.435878 ], [ -65.952615, -9.428377 ], [ -65.966506, -9.41972 ], [ -65.969755, -9.412775 ], [ -65.985898, -9.412743 ], [ -66.002029, -9.403873 ], [ -66.021232, -9.401147 ], [ -66.041865, -9.401988 ], [ -66.045917, -9.40896 ], [ -66.059193, -9.417833 ], [ -66.100616, -9.413619 ], [ -66.11568, -9.4086 ], [ -66.128727, -9.410366 ], [ -66.153813, -9.420089 ], [ -66.158448, -9.42619 ], [ -66.173086, -9.434034 ], [ -66.204199, -9.425589 ], [ -66.22001, -9.424919 ], [ -66.234758, -9.43049 ], [ -66.242867, -9.429003 ], [ -66.259121, -9.410612 ], [ -66.289892, -9.41211 ], [ -66.283638, -9.431779 ], [ -66.30695, -9.436461 ], [ -66.31431, -9.43343 ], [ -66.313057, -9.425689 ], [ -66.318368, -9.419579 ], [ -66.332666, -9.427283 ], [ -66.341063, -9.426632 ], [ -66.345279, -9.419525 ], [ -66.352758, -9.416235 ], [ -66.366259, -9.424777 ], [ -66.374228, -9.425982 ], [ -66.40831, -9.406562 ], [ -66.413502, -9.413309 ], [ -66.414174, -9.421565 ], [ -66.395561, -9.437136 ], [ -66.389504, -9.455245 ], [ -66.391866, -9.500096 ], [ -66.423029, -9.525403 ], [ -66.438386, -9.554005 ], [ -66.456039, -9.569019 ], [ -66.466921, -9.581826 ], [ -66.494368, -9.601198 ], [ -66.495876, -9.613863 ], [ -66.500064, -9.633178 ], [ -66.536339, -9.643164 ], [ -66.551171, -9.657675 ], [ -66.578566, -9.667848 ], [ -66.585757, -9.673174 ], [ -66.608899, -9.664514 ], [ -66.623616, -9.680434 ], [ -66.684394, -9.714261 ], [ -66.691253, -9.733505 ], [ -66.700755, -9.742975 ], [ -66.724839, -9.755687 ], [ -66.75792, -9.759975 ], [ -66.774813, -9.752706 ], [ -66.78159, -9.758187 ], [ -66.777726, -9.76616 ], [ -66.776702, -9.768271 ], [ -66.780029, -9.791008 ], [ -66.805734, -9.814048 ], [ -66.809702, -9.817661 ], [ -66.847285, -9.801214 ], [ -67.059557, -9.708309 ], [ -67.133051, -9.67614 ], [ -67.222289, -9.637076 ], [ -67.222512, -9.636979 ], [ -67.32436, -9.592393 ], [ -67.325496, -9.59196 ], [ -67.516841, -9.560292 ], [ -67.650875, -9.499627 ], [ -67.974457, -9.353176 ], [ -67.976635, -9.352191 ] ], [ [ -67.659974, -8.45972 ], [ -67.659974, -8.459719 ], [ -67.67104, -8.463038 ], [ -67.659974, -8.45972 ] ] ], [ [ [ -60.229998, -0.110013 ], [ -60.228326, -0.100836 ], [ -60.221704, -0.082712 ], [ -60.229998, -0.110013 ] ] ] ] } }
]
}
