{
"type": "FeatureCollection",
"name": "geojs-42-macro_regions",
"crs": { "type": "name", "properties": { "name": "urn:ogc:def:crs:OGC:1.3:CRS84" } },
"features": [
{ "type": "Feature", "properties": { "MACRO_ID": "4210", "MACRO_NAME": "Sul", "id": "420140", "name": "Araranguá", "description": "Araranguá", "MUN_ID": "420140", "UF": "SC", "HREG_ID": "42014", "HREG_NAME": "Extremo Sul Catarinense" }, "geometry": { "type": "Polygon", "coordinates": [ [ [ -49.735868, -29.325018 ], [ -49.744306, -29.328143 ], [ -49.746098, -29.32427 ], [ -49.742969, -29.320046 ], [ -49.729761, -29.317231 ], [ -49.735765, -29.310035 ], [ -49.737762, -29.31482 ], [ -49.743344, -29.310927 ], [ -49.741872, -29.301644 ], [ -49.738267, -29.301102 ], [ -49.749702, -29.297351 ], [ -49.761852, -29.299818 ], [ -49.772651, -29.297984 ], [ -49.786136, -29.287883 ], [ -49.791314, -29.285128 ], [ -49.795199, -29.288891 ], [ -49.808894, -29.286587 ], [ -49.811426, -29.283412 ], [ -49.817123, -29.285902 ], [ -49.820853, -29.282746 ], [ -49.823959, -29.277733 ], [ -49.836367, -29.274835 ], [ -49.83828, -29.278663 ], [ -49.846713, -29.273145 ], [ -49.842563, -29.271415 ], [ -49.841599, -29.260152 ], [ -49.854374, -29.256578 ], [ -49.851619, -29.248924 ], [ -49.848463, -29.246633 ], [ -49.853806, -29.245151 ], [ -49.856959, -29.244278 ], [ -49.857592, -29.241331 ], [ -49.859746, -29.230791 ], [ -49.8687, -29.224132 ], [ -49.876365, -29.224493 ], [ -49.880297, -29.219986 ], [ -49.900861, -29.214754 ], [ -49.9133, -29.207422 ], [ -49.93497, -29.207854 ], [ -49.944955, -29.201443 ], [ -49.957726, -29.199795 ], [ -49.954294, -29.199078 ], [ -49.962007, -29.198706 ], [ -49.969242, -29.202748 ], [ -49.969663, -29.209395 ], [ -49.973023, -29.21321 ], [ -49.981006, -29.219464 ], [ -49.989713, -29.22419 ], [ -49.996359, -29.227467 ], [ -50.000053, -29.226626 ], [ -50.006737, -29.224977 ], [ -50.034247, -29.233397 ], [ -50.041738, -29.240264 ], [ -50.063655, -29.243289 ], [ -50.063661, -29.24331 ], [ -50.065309, -29.248905 ], [ -50.068735, -29.246038 ], [ -50.089439, -29.254077 ], [ -50.106365, -29.253985 ], [ -50.108002, -29.257586 ], [ -50.114174, -29.258812 ], [ -50.10799, -29.280334 ], [ -50.101542, -29.283324 ], [ -50.092413, -29.296396 ], [ -50.073373, -29.309064 ], [ -50.062725, -29.311586 ], [ -50.033301, -29.349144 ], [ -50.036782, -29.350938 ], [ -50.049428, -29.33889 ], [ -50.064535, -29.34088 ], [ -50.058788, -29.336319 ], [ -50.05727, -29.327241 ], [ -50.072779, -29.327417 ], [ -50.064056, -29.32122 ], [ -50.07099, -29.322839 ], [ -50.072388, -29.319693 ], [ -50.078362, -29.319918 ], [ -50.086278, -29.322995 ], [ -50.084053, -29.316094 ], [ -50.089346, -29.310349 ], [ -50.101015, -29.310092 ], [ -50.109583, -29.304454 ], [ -50.104923, -29.300594 ], [ -50.106432, -29.29782 ], [ -50.117896, -29.297154 ], [ -50.115857, -29.291519 ], [ -50.12148, -29.287594 ], [ -50.123052, -29.281375 ], [ -50.130398, -29.285575 ], [ -50.127414, -29.298104 ], [ -50.1284, -29.303215 ], [ -50.135684, -29.298828 ], [ -50.138397, -29.292138 ], [ -50.142294, -29.29188 ], [ -50.141148, -29.287629 ], [ -50.147249, -29.287778 ], [ -50.144767, -29.283046 ], [ -50.150078, -29.284447 ], [ -50.149934, -29.282049 ], [ -50.144501, -29.275758 ], [ -50.147243, -29.263506 ], [ -50.14552, -29.25767 ], [ -50.138023, -29.254537 ], [ -50.150427, -29.257626 ], [ -50.149769, -29.249284 ], [ -50.157249, -29.252333 ], [ -50.160892, -29.248611 ], [ -50.174472, -29.249224 ], [ -50.141168, -29.237749 ], [ -50.141678, -29.230581 ], [ -50.150058, -29.229501 ], [ -50.145237, -29.225926 ], [ -50.147296, -29.219577 ], [ -50.132748, -29.216135 ], [ -50.133396, -29.20839 ], [ -50.140199, -29.201454 ], [ -50.150879, -29.203823 ], [ -50.152043, -29.201375 ], [ -50.138759, -29.192205 ], [ -50.137246, -29.199034 ], [ -50.122784, -29.19759 ], [ -50.129363, -29.201443 ], [ -50.115574, -29.20527 ], [ -50.115197, -29.20886 ], [ -50.093307, -29.212879 ], [ -50.100976, -29.224819 ], [ -50.109672, -29.221577 ], [ -50.112722, -29.224962 ], [ -50.108147, -29.230059 ], [ -50.1115, -29.239834 ], [ -50.092503, -29.223302 ], [ -50.098241, -29.235804 ], [ -50.093538, -29.237402 ], [ -50.083464, -29.22753 ], [ -50.087606, -29.222486 ], [ -50.084935, -29.215163 ], [ -50.092616, -29.220595 ], [ -50.085444, -29.19888 ], [ -50.092218, -29.198751 ], [ -50.085196, -29.193186 ], [ -50.09271, -29.195103 ], [ -50.088233, -29.184251 ], [ -50.090886, -29.18023 ], [ -50.097114, -29.180138 ], [ -50.093415, -29.175855 ], [ -50.098411, -29.172344 ], [ -50.0956, -29.165726 ], [ -50.098918, -29.163438 ], [ -50.081591, -29.159825 ], [ -50.080119, -29.155376 ], [ -50.066514, -29.158989 ], [ -50.077511, -29.157235 ], [ -50.076546, -29.160878 ], [ -50.09196, -29.167022 ], [ -50.089738, -29.175101 ], [ -50.078892, -29.175483 ], [ -50.085635, -29.178325 ], [ -50.075714, -29.182576 ], [ -50.078831, -29.18533 ], [ -50.076089, -29.189856 ], [ -50.060106, -29.176492 ], [ -50.065353, -29.191027 ], [ -50.055462, -29.183348 ], [ -50.051417, -29.18598 ], [ -50.041847, -29.183504 ], [ -50.034209, -29.176561 ], [ -50.030031, -29.180272 ], [ -50.01432, -29.181224 ], [ -50.021271, -29.178407 ], [ -50.019306, -29.173748 ], [ -50.027651, -29.170612 ], [ -50.023528, -29.166099 ], [ -50.026507, -29.163943 ], [ -50.02001, -29.166566 ], [ -50.017584, -29.163606 ], [ -50.01891, -29.153964 ], [ -50.009373, -29.156888 ], [ -50.009716, -29.151273 ], [ -50.004741, -29.150439 ], [ -50.00539, -29.13417 ], [ -50.013555, -29.127794 ], [ -49.996539, -29.132742 ], [ -49.98984, -29.128274 ], [ -49.990711, -29.134517 ], [ -49.986372, -29.136164 ], [ -49.983789, -29.132805 ], [ -49.991682, -29.118357 ], [ -49.98347, -29.117204 ], [ -49.981912, -29.119741 ], [ -49.968056, -29.116065 ], [ -49.968561, -29.120494 ], [ -49.962368, -29.117487 ], [ -49.963847, -29.114185 ], [ -49.967271, -29.115097 ], [ -49.969483, -29.104133 ], [ -49.969032, -29.101068 ], [ -49.962363, -29.099893 ], [ -49.966729, -29.094896 ], [ -49.966987, -29.083491 ], [ -49.95401, -29.085037 ], [ -49.953641, -29.075807 ], [ -49.959749, -29.070509 ], [ -49.955772, -29.068348 ], [ -49.947707, -29.069265 ], [ -49.951678, -29.062549 ], [ -49.942033, -29.064277 ], [ -49.93957, -29.056707 ], [ -49.945649, -29.05517 ], [ -49.956245, -29.06173 ], [ -49.956425, -29.065747 ], [ -49.963651, -29.064257 ], [ -49.967561, -29.067645 ], [ -49.967419, -29.064191 ], [ -49.986973, -29.068647 ], [ -49.984889, -29.071197 ], [ -49.988139, -29.075227 ], [ -49.991006, -29.069665 ], [ -50.006955, -29.071725 ], [ -49.958717, -29.048924 ], [ -49.958213, -29.043186 ], [ -49.952845, -29.038923 ], [ -49.955007, -29.035038 ], [ -49.945448, -29.032796 ], [ -49.946626, -29.027355 ], [ -49.937839, -29.020509 ], [ -49.946704, -29.017508 ], [ -49.948577, -29.020608 ], [ -49.96429, -29.022125 ], [ -49.96264, -29.020093 ], [ -49.955025, -29.01157 ], [ -49.957198, -29.010223 ], [ -49.95101, -28.999018 ], [ -49.945585, -28.995539 ], [ -49.941409, -29.00103 ], [ -49.943519, -28.985495 ], [ -49.938014, -28.978263 ], [ -49.935651, -28.984802 ], [ -49.919402, -28.977921 ], [ -49.933883, -28.97401 ], [ -49.937318, -28.964949 ], [ -49.956048, -28.961329 ], [ -49.955322, -28.946474 ], [ -49.964192, -28.927197 ], [ -49.970677, -28.923846 ], [ -49.965528, -28.915925 ], [ -49.958766, -28.895335 ], [ -49.958394, -28.882741 ], [ -49.954686, -28.874777 ], [ -49.96853, -28.880621 ], [ -49.971637, -28.88026 ], [ -49.963776, -28.858823 ], [ -49.960792, -28.832219 ], [ -49.969485, -28.828589 ], [ -49.968611, -28.822695 ], [ -49.962192, -28.809428 ], [ -49.962317, -28.801147 ], [ -49.946439, -28.805742 ], [ -49.94714, -28.797889 ], [ -49.952845, -28.797156 ], [ -49.956191, -28.790987 ], [ -49.952397, -28.783609 ], [ -49.958526, -28.778826 ], [ -49.953826, -28.776215 ], [ -49.956287, -28.770816 ], [ -49.951094, -28.767993 ], [ -49.947378, -28.769973 ], [ -49.945642, -28.765432 ], [ -49.949622, -28.754745 ], [ -49.936428, -28.758572 ], [ -49.927537, -28.755651 ], [ -49.927897, -28.751228 ], [ -49.92151, -28.745667 ], [ -49.930533, -28.740074 ], [ -49.934894, -28.727628 ], [ -49.924953, -28.718496 ], [ -49.913506, -28.715315 ], [ -49.904739, -28.706814 ], [ -49.908453, -28.715163 ], [ -49.914152, -28.724433 ], [ -49.90423, -28.719839 ], [ -49.893883, -28.724267 ], [ -49.884794, -28.718078 ], [ -49.88125, -28.720961 ], [ -49.88452, -28.729454 ], [ -49.891354, -28.739142 ], [ -49.886884, -28.740146 ], [ -49.888125, -28.746204 ], [ -49.875171, -28.744402 ], [ -49.879679, -28.73581 ], [ -49.865708, -28.720663 ], [ -49.870216, -28.720739 ], [ -49.865832, -28.715001 ], [ -49.870032, -28.713997 ], [ -49.866582, -28.709514 ], [ -49.868274, -28.70362 ], [ -49.87117, -28.703853 ], [ -49.859969, -28.699569 ], [ -49.862786, -28.702581 ], [ -49.84592, -28.704979 ], [ -49.842821, -28.713165 ], [ -49.83957, -28.714406 ], [ -49.839062, -28.714473 ], [ -49.835707, -28.708128 ], [ -49.840535, -28.707282 ], [ -49.83866, -28.701761 ], [ -49.831627, -28.694457 ], [ -49.820268, -28.693434 ], [ -49.822695, -28.687754 ], [ -49.833456, -28.687883 ], [ -49.835695, -28.684862 ], [ -49.834906, -28.678807 ], [ -49.839458, -28.676831 ], [ -49.837066, -28.666693 ], [ -49.829081, -28.668563 ], [ -49.822114, -28.66152 ], [ -49.812271, -28.658041 ], [ -49.808764, -28.653733 ], [ -49.817937, -28.653612 ], [ -49.814216, -28.649159 ], [ -49.816837, -28.640167 ], [ -49.808702, -28.635319 ], [ -49.807642, -28.629496 ], [ -49.802206, -28.628792 ], [ -49.793943, -28.61537 ], [ -49.788101, -28.612771 ], [ -49.782051, -28.610912 ], [ -49.784575, -28.622221 ], [ -49.780416, -28.629792 ], [ -49.771602, -28.627534 ], [ -49.757731, -28.615064 ], [ -49.754179, -28.628474 ], [ -49.727775, -28.622927 ], [ -49.7151, -28.623596 ], [ -49.705718, -28.627392 ], [ -49.706907, -28.63027 ], [ -49.70419, -28.629055 ], [ -49.702565, -28.628495 ], [ -49.6931, -28.624528 ], [ -49.684526, -28.620932 ], [ -49.667243, -28.611702 ], [ -49.670569, -28.606231 ], [ -49.667112, -28.602431 ], [ -49.653895, -28.602324 ], [ -49.646953, -28.598178 ], [ -49.651768, -28.593443 ], [ -49.643538, -28.583602 ], [ -49.647175, -28.581819 ], [ -49.64899, -28.567595 ], [ -49.656198, -28.565889 ], [ -49.646858, -28.5432 ], [ -49.616838, -28.530957 ], [ -49.60533, -28.520228 ], [ -49.59757, -28.521947 ], [ -49.595261, -28.516 ], [ -49.600215, -28.51411 ], [ -49.592894, -28.502917 ], [ -49.58919, -28.505718 ], [ -49.590451, -28.500731 ], [ -49.568405, -28.503703 ], [ -49.566829, -28.497574 ], [ -49.562026, -28.493733 ], [ -49.555252, -28.493713 ], [ -49.548914, -28.483542 ], [ -49.551944, -28.483685 ], [ -49.554948, -28.473938 ], [ -49.562337, -28.466549 ], [ -49.558858, -28.465237 ], [ -49.559643, -28.459904 ], [ -49.554837, -28.460494 ], [ -49.550831, -28.450742 ], [ -49.546693, -28.45321 ], [ -49.549113, -28.448884 ], [ -49.54303, -28.439725 ], [ -49.534331, -28.435223 ], [ -49.536087, -28.428021 ], [ -49.537593, -28.43459 ], [ -49.550268, -28.44054 ], [ -49.54944, -28.435969 ], [ -49.560385, -28.434503 ], [ -49.55741, -28.424245 ], [ -49.566833, -28.413564 ], [ -49.544748, -28.401703 ], [ -49.552196, -28.399691 ], [ -49.543185, -28.382921 ], [ -49.55133, -28.384141 ], [ -49.553132, -28.376535 ], [ -49.559602, -28.372094 ], [ -49.550572, -28.367099 ], [ -49.551412, -28.352424 ], [ -49.532433, -28.350682 ], [ -49.531687, -28.342465 ], [ -49.5449, -28.34442 ], [ -49.535141, -28.331799 ], [ -49.532132, -28.315707 ], [ -49.535367, -28.313748 ], [ -49.531637, -28.306358 ], [ -49.523466, -28.30765 ], [ -49.526048, -28.305715 ], [ -49.522231, -28.297529 ], [ -49.527505, -28.285929 ], [ -49.525272, -28.275767 ], [ -49.5206, -28.275194 ], [ -49.516011, -28.262472 ], [ -49.522174, -28.271282 ], [ -49.53432, -28.266324 ], [ -49.536562, -28.272074 ], [ -49.541872, -28.272642 ], [ -49.542346, -28.27022 ], [ -49.547333, -28.272783 ], [ -49.54278, -28.258422 ], [ -49.537731, -28.258884 ], [ -49.531234, -28.252854 ], [ -49.535603, -28.250071 ], [ -49.534491, -28.247191 ], [ -49.54108, -28.247019 ], [ -49.533554, -28.240932 ], [ -49.550222, -28.239152 ], [ -49.529871, -28.225687 ], [ -49.535112, -28.218263 ], [ -49.528143, -28.21445 ], [ -49.526088, -28.208516 ], [ -49.531937, -28.20691 ], [ -49.529124, -28.200292 ], [ -49.532092, -28.197945 ], [ -49.527586, -28.192503 ], [ -49.530051, -28.187299 ], [ -49.511226, -28.172554 ], [ -49.514523, -28.170469 ], [ -49.506153, -28.160404 ], [ -49.510826, -28.159112 ], [ -49.507866, -28.156279 ], [ -49.510303, -28.154672 ], [ -49.501471, -28.15054 ], [ -49.500159, -28.146593 ], [ -49.491875, -28.145093 ], [ -49.493256, -28.133829 ], [ -49.48802, -28.126904 ], [ -49.474038, -28.125144 ], [ -49.471459, -28.126827 ], [ -49.476582, -28.131894 ], [ -49.460977, -28.135403 ], [ -49.461288, -28.139214 ], [ -49.440678, -28.131867 ], [ -49.442108, -28.127009 ], [ -49.433192, -28.11407 ], [ -49.42788, -28.118197 ], [ -49.413868, -28.112964 ], [ -49.394266, -28.110986 ], [ -49.395182, -28.106063 ], [ -49.389393, -28.10049 ], [ -49.399494, -28.097641 ], [ -49.399525, -28.087429 ], [ -49.405437, -28.087661 ], [ -49.404144, -28.080332 ], [ -49.398256, -28.079701 ], [ -49.397785, -28.073253 ], [ -49.39425, -28.073385 ], [ -49.395046, -28.07014 ], [ -49.392733, -28.067468 ], [ -49.388522, -28.071429 ], [ -49.368351, -28.061089 ], [ -49.366683, -28.052752 ], [ -49.371846, -28.044952 ], [ -49.355054, -28.028319 ], [ -49.357942, -28.020315 ], [ -49.3478, -28.004647 ], [ -49.349573, -27.998261 ], [ -49.340247, -27.987317 ], [ -49.323543, -27.983306 ], [ -49.317901, -27.982501 ], [ -49.310678, -27.969941 ], [ -49.307691, -27.965101 ], [ -49.31308, -27.956206 ], [ -49.308171, -27.939967 ], [ -49.286064, -27.935794 ], [ -49.264502, -27.949901 ], [ -49.242366, -27.951164 ], [ -49.224963, -27.962401 ], [ -49.218495, -27.961411 ], [ -49.19254, -27.969616 ], [ -49.183954, -27.980545 ], [ -49.176391, -27.981367 ], [ -49.16864, -27.972722 ], [ -49.155723, -27.967202 ], [ -49.150626, -27.981307 ], [ -49.145765, -27.991233 ], [ -49.145066, -27.997687 ], [ -49.148955, -28.001203 ], [ -49.146931, -28.005645 ], [ -49.136428, -28.000803 ], [ -49.128194, -28.004201 ], [ -49.124319, -28.001414 ], [ -49.11639, -28.005847 ], [ -49.113698, -28.004239 ], [ -49.103603, -28.006775 ], [ -49.050961, -27.989907 ], [ -49.051177, -27.990383 ], [ -49.044589, -27.993912 ], [ -49.044791, -28.002525 ], [ -49.035622, -28.010278 ], [ -49.038987, -28.023447 ], [ -49.03441, -28.034914 ], [ -49.022887, -28.042024 ], [ -49.022342, -28.048643 ], [ -49.012211, -28.054319 ], [ -49.005011, -28.054256 ], [ -48.997274, -28.065926 ], [ -48.991604, -28.066699 ], [ -48.983997, -28.075815 ], [ -48.980391, -28.074332 ], [ -48.975163, -28.078744 ], [ -48.975101, -28.078795 ], [ -48.967736, -28.08398 ], [ -48.97251, -28.08546 ], [ -48.969321, -28.098345 ], [ -48.972589, -28.10156 ], [ -48.969809, -28.107882 ], [ -48.95052, -28.107351 ], [ -48.951778, -28.097017 ], [ -48.947446, -28.096913 ], [ -48.942938, -28.089325 ], [ -48.937962, -28.090099 ], [ -48.942443, -28.082736 ], [ -48.932236, -28.072059 ], [ -48.916953, -28.066394 ], [ -48.901498, -28.060663 ], [ -48.894121, -28.079688 ], [ -48.889073, -28.081951 ], [ -48.874432, -28.072277 ], [ -48.872675, -28.077275 ], [ -48.868467, -28.076768 ], [ -48.869425, -28.080183 ], [ -48.849191, -28.072941 ], [ -48.832331, -28.071404 ], [ -48.824398, -28.075296 ], [ -48.821686, -28.073678 ], [ -48.810015, -28.078515 ], [ -48.807839, -28.093158 ], [ -48.796217, -28.094822 ], [ -48.776249, -28.088776 ], [ -48.770164, -28.087114 ], [ -48.762067, -28.090296 ], [ -48.716029, -28.084088 ], [ -48.706661, -28.082822 ], [ -48.707082, -28.085946 ], [ -48.70168, -28.08803 ], [ -48.706563, -28.092119 ], [ -48.700832, -28.094542 ], [ -48.701189, -28.101988 ], [ -48.684306, -28.103784 ], [ -48.678021, -28.104747 ], [ -48.66672, -28.116802 ], [ -48.639023, -28.11365 ], [ -48.635191, -28.110195 ], [ -48.634015, -28.11259 ], [ -48.635469, -28.117012 ], [ -48.630399, -28.118585 ], [ -48.631813, -28.121816 ], [ -48.638801, -28.122241 ], [ -48.642691, -28.131881 ], [ -48.642581, -28.135511 ], [ -48.636017, -28.138822 ], [ -48.646331, -28.143878 ], [ -48.647297, -28.149623 ], [ -48.6534, -28.154642 ], [ -48.663099, -28.181431 ], [ -48.662192, -28.189845 ], [ -48.657602, -28.191326 ], [ -48.657406, -28.195044 ], [ -48.665406, -28.204123 ], [ -48.662274, -28.208433 ], [ -48.667102, -28.215282 ], [ -48.661222, -28.230258 ], [ -48.653747, -28.233017 ], [ -48.649886, -28.227015 ], [ -48.645962, -28.233487 ], [ -48.676696, -28.256525 ], [ -48.699132, -28.292962 ], [ -48.706752, -28.313196 ], [ -48.708939, -28.330989 ], [ -48.7058, -28.336433 ], [ -48.697959, -28.337048 ], [ -48.703908, -28.342183 ], [ -48.706346, -28.340826 ], [ -48.726997, -28.36366 ], [ -48.740592, -28.386311 ], [ -48.747517, -28.412909 ], [ -48.74619, -28.420031 ], [ -48.738645, -28.422698 ], [ -48.748271, -28.428771 ], [ -48.758873, -28.443503 ], [ -48.767193, -28.475072 ], [ -48.763721, -28.490961 ], [ -48.760767, -28.494728 ], [ -48.756376, -28.493967 ], [ -48.746452, -28.494709 ], [ -48.747706, -28.500305 ], [ -48.742074, -28.502986 ], [ -48.74252, -28.507588 ], [ -48.747439, -28.507138 ], [ -48.755284, -28.515974 ], [ -48.758164, -28.522996 ], [ -48.754732, -28.527096 ], [ -48.757153, -28.537697 ], [ -48.761811, -28.536654 ], [ -48.781446, -28.551625 ], [ -48.785494, -28.559318 ], [ -48.781301, -28.564085 ], [ -48.783185, -28.568989 ], [ -48.790846, -28.567979 ], [ -48.813354, -28.589617 ], [ -48.814341, -28.600299 ], [ -48.810036, -28.601116 ], [ -48.809291, -28.605029 ], [ -48.817895, -28.609437 ], [ -48.826011, -28.607071 ], [ -48.834294, -28.612092 ], [ -48.842504, -28.611036 ], [ -48.85459, -28.615007 ], [ -48.908005, -28.637705 ], [ -48.996411, -28.684573 ], [ -49.081443, -28.734177 ], [ -49.183606, -28.799803 ], [ -49.290588, -28.882529 ], [ -49.298468, -28.889135 ], [ -49.315155, -28.903472 ], [ -49.330302, -28.915647 ], [ -49.376757, -28.955537 ], [ -49.420892, -28.9961 ], [ -49.51358, -29.092497 ], [ -49.644352, -29.238974 ], [ -49.686885, -29.290593 ], [ -49.711208, -29.32536 ], [ -49.729223, -29.328695 ], [ -49.735868, -29.325018 ] ] ] } },
{ "type": "Feature", "properties": { "MACRO_ID": "4211", "MACRO_NAME": "Planalto Norte e Nordeste", "id": "420130", "name": "Araquari", "description": "Araquari", "MUN_ID": "420130", "UF": "SC", "HREG_ID": "42011", "HREG_NAME": "Nordeste" }, "geometry": { "type": "Polygon", "coordinates": [ [ [ -50.255287, -26.862754 ], [ -50.259655, -26.853462 ], [ -50.268406, -26.852052 ], [ -50.28043, -26.843198 ], [ -50.282615, -26.831647 ], [ -50.289519, -26.83077 ], [ -50.303282, -26.837093 ], [ -50.310807, -26.836948 ], [ -50.347787, -26.827921 ], [ -50.336644, -26.801302 ], [ -50.335266, -26.782348 ], [ -50.31233, -26.773251 ], [ -50.324697, -26.762744 ], [ -50.338769, -26.761352 ], [ -50.342441, -26.757969 ], [ -50.353392, -26.751595 ], [ -50.341595, -26.741703 ], [ -50.355519, -26.737271 ], [ -50.388932, -26.739172 ], [ -50.404449, -26.731083 ], [ -50.408684, -26.72522 ], [ -50.416257, -26.728385 ], [ -50.437535, -26.712524 ], [ -50.452201, -26.710988 ], [ -50.460504, -26.702891 ], [ -50.471258, -26.700717 ], [ -50.468763, -26.662767 ], [ -50.480168, -26.652899 ], [ -50.486849, -26.654967 ], [ -50.492469, -26.648037 ], [ -50.487565, -26.645506 ], [ -50.49249, -26.642391 ], [ -50.496048, -26.643123 ], [ -50.508484, -26.634749 ], [ -50.507737, -26.637768 ], [ -50.51537, -26.640101 ], [ -50.518433, -26.633774 ], [ -50.527154, -26.623673 ], [ -50.523455, -26.61801 ], [ -50.529987, -26.612309 ], [ -50.529761, -26.60783 ], [ -50.541415, -26.604248 ], [ -50.564058, -26.608975 ], [ -50.565732, -26.601724 ], [ -50.57903, -26.602954 ], [ -50.569728, -26.597723 ], [ -50.563355, -26.598714 ], [ -50.560617, -26.594007 ], [ -50.572829, -26.584178 ], [ -50.58112, -26.582736 ], [ -50.579424, -26.571801 ], [ -50.597635, -26.567986 ], [ -50.594673, -26.565701 ], [ -50.600922, -26.558198 ], [ -50.605144, -26.541717 ], [ -50.62139, -26.539098 ], [ -50.624514, -26.534856 ], [ -50.631086, -26.532834 ], [ -50.631115, -26.52355 ], [ -50.635979, -26.522005 ], [ -50.64123, -26.512621 ], [ -50.655221, -26.512801 ], [ -50.653364, -26.509255 ], [ -50.668455, -26.499091 ], [ -50.698636, -26.499466 ], [ -50.707802, -26.505371 ], [ -50.738339, -26.525038 ], [ -50.752974, -26.518594 ], [ -50.773901, -26.51629 ], [ -50.784647, -26.507407 ], [ -50.7957, -26.509982 ], [ -50.797906, -26.507649 ], [ -50.801124, -26.507382 ], [ -50.802984, -26.518009 ], [ -50.817845, -26.530155 ], [ -50.823926, -26.546196 ], [ -50.857161, -26.558599 ], [ -50.872429, -26.556978 ], [ -50.900889, -26.55638 ], [ -50.906961, -26.548128 ], [ -50.916764, -26.544482 ], [ -50.922705, -26.551326 ], [ -50.940346, -26.550364 ], [ -50.956208, -26.53631 ], [ -50.961663, -26.521527 ], [ -50.968886, -26.529246 ], [ -50.984655, -26.509649 ], [ -50.99547, -26.507445 ], [ -51.010925, -26.496029 ], [ -51.011322, -26.491246 ], [ -51.005317, -26.486052 ], [ -50.996527, -26.484923 ], [ -50.997894, -26.466207 ], [ -50.999013, -26.462244 ], [ -51.004572, -26.465247 ], [ -51.008789, -26.460419 ], [ -51.000006, -26.457703 ], [ -50.996515, -26.44715 ], [ -50.989714, -26.44808 ], [ -50.976858, -26.441279 ], [ -50.980582, -26.427816 ], [ -50.964789, -26.42829 ], [ -50.985642, -26.402727 ], [ -50.993808, -26.408343 ], [ -50.997149, -26.403735 ], [ -51.025021, -26.406274 ], [ -51.042439, -26.394765 ], [ -51.045265, -26.395867 ], [ -51.053391, -26.40044 ], [ -51.057868, -26.395207 ], [ -51.062188, -26.402229 ], [ -51.098914, -26.391803 ], [ -51.100837, -26.394587 ], [ -51.104649, -26.391597 ], [ -51.117261, -26.391288 ], [ -51.119426, -26.400251 ], [ -51.127387, -26.399645 ], [ -51.137691, -26.414876 ], [ -51.153625, -26.418595 ], [ -51.158114, -26.423969 ], [ -51.157469, -26.429933 ], [ -51.180805, -26.4449 ], [ -51.190816, -26.451319 ], [ -51.196157, -26.448424 ], [ -51.204438, -26.438852 ], [ -51.202096, -26.427798 ], [ -51.231596, -26.408478 ], [ -51.258956, -26.400662 ], [ -51.269525, -26.38665 ], [ -51.260474, -26.378922 ], [ -51.257732, -26.378701 ], [ -51.252223, -26.375872 ], [ -51.25504, -26.37352 ], [ -51.258915, -26.368666 ], [ -51.259677, -26.358465 ], [ -51.253601, -26.349885 ], [ -51.250893, -26.348004 ], [ -51.255287, -26.345358 ], [ -51.255972, -26.340027 ], [ -51.25117, -26.33243 ], [ -51.244937, -26.329677 ], [ -51.242595, -26.324238 ], [ -51.226239, -26.322072 ], [ -51.221622, -26.315977 ], [ -51.216544, -26.315266 ], [ -51.206937, -26.296195 ], [ -51.202728, -26.298106 ], [ -51.193346, -26.301517 ], [ -51.180591, -26.298558 ], [ -51.169372, -26.291122 ], [ -51.163344, -26.291046 ], [ -51.163378, -26.283038 ], [ -51.155903, -26.279948 ], [ -51.149235, -26.279123 ], [ -51.143485, -26.285321 ], [ -51.137567, -26.285638 ], [ -51.136181, -26.279187 ], [ -51.121795, -26.27908 ], [ -51.107458, -26.272838 ], [ -51.104483, -26.274952 ], [ -51.103511, -26.272215 ], [ -51.1014, -26.265195 ], [ -51.093266, -26.25851 ], [ -51.09404, -26.249489 ], [ -51.087904, -26.24708 ], [ -51.084875, -26.230018 ], [ -51.079546, -26.227774 ], [ -51.069623, -26.239041 ], [ -51.062401, -26.242713 ], [ -51.054711, -26.244503 ], [ -51.016066, -26.234369 ], [ -50.999989, -26.230006 ], [ -50.990966, -26.23444 ], [ -50.972703, -26.246516 ], [ -50.969631, -26.263684 ], [ -50.952788, -26.269146 ], [ -50.944209, -26.282031 ], [ -50.937233, -26.278889 ], [ -50.931341, -26.26786 ], [ -50.944039, -26.240092 ], [ -50.942065, -26.234626 ], [ -50.934949, -26.233124 ], [ -50.907626, -26.251107 ], [ -50.908736, -26.284402 ], [ -50.901491, -26.288999 ], [ -50.899311, -26.288745 ], [ -50.893098, -26.287499 ], [ -50.881549, -26.277589 ], [ -50.878709, -26.258521 ], [ -50.870622, -26.241724 ], [ -50.868182, -26.241185 ], [ -50.862651, -26.242066 ], [ -50.846183, -26.266846 ], [ -50.838886, -26.271062 ], [ -50.831677, -26.266366 ], [ -50.827129, -26.246878 ], [ -50.811288, -26.237753 ], [ -50.801997, -26.231864 ], [ -50.801122, -26.231425 ], [ -50.792815, -26.227259 ], [ -50.757956, -26.221237 ], [ -50.745962, -26.229266 ], [ -50.746569, -26.244121 ], [ -50.743043, -26.248081 ], [ -50.73182, -26.249295 ], [ -50.718018, -26.244303 ], [ -50.714707, -26.238077 ], [ -50.731321, -26.202934 ], [ -50.704288, -26.188272 ], [ -50.697014, -26.181316 ], [ -50.686885, -26.163937 ], [ -50.676716, -26.145372 ], [ -50.672284, -26.142878 ], [ -50.652111, -26.132822 ], [ -50.646605, -26.124456 ], [ -50.656792, -26.102559 ], [ -50.644974, -26.090324 ], [ -50.640525, -26.078423 ], [ -50.627999, -26.062641 ], [ -50.59414, -26.070643 ], [ -50.586162, -26.069244 ], [ -50.57077, -26.066544 ], [ -50.557949, -26.061253 ], [ -50.551178, -26.053284 ], [ -50.550537, -26.044206 ], [ -50.554914, -26.041491 ], [ -50.566878, -26.041225 ], [ -50.581379, -26.048494 ], [ -50.59167, -26.042089 ], [ -50.592677, -26.024704 ], [ -50.591213, -26.021666 ], [ -50.572338, -26.002983 ], [ -50.562929, -26.006043 ], [ -50.55504, -26.019948 ], [ -50.550919, -26.038261 ], [ -50.547129, -26.039716 ], [ -50.528257, -26.034157 ], [ -50.521424, -26.030486 ], [ -50.513088, -26.025719 ], [ -50.504189, -26.031593 ], [ -50.501194, -26.022509 ], [ -50.493575, -26.026661 ], [ -50.489698, -26.025262 ], [ -50.479541, -26.02623 ], [ -50.481619, -26.030822 ], [ -50.475603, -26.034024 ], [ -50.476774, -26.023739 ], [ -50.471049, -26.020861 ], [ -50.468073, -26.027074 ], [ -50.459246, -26.0266 ], [ -50.458671, -26.036743 ], [ -50.453932, -26.03145 ], [ -50.444668, -26.033899 ], [ -50.441534, -26.036758 ], [ -50.449172, -26.039347 ], [ -50.449706, -26.043497 ], [ -50.439368, -26.051022 ], [ -50.434237, -26.060563 ], [ -50.417801, -26.061286 ], [ -50.411731, -26.06555 ], [ -50.406842, -26.065284 ], [ -50.408087, -26.059119 ], [ -50.402936, -26.057262 ], [ -50.399114, -26.062977 ], [ -50.37068, -26.079947 ], [ -50.361, -26.094235 ], [ -50.363895, -26.1059 ], [ -50.369736, -26.110041 ], [ -50.365944, -26.112353 ], [ -50.360614, -26.110033 ], [ -50.359272, -26.116856 ], [ -50.352292, -26.118838 ], [ -50.340406, -26.130168 ], [ -50.332039, -26.134096 ], [ -50.328257, -26.128631 ], [ -50.323123, -26.13446 ], [ -50.321675, -26.125498 ], [ -50.333514, -26.125268 ], [ -50.332702, -26.122173 ], [ -50.32484, -26.123388 ], [ -50.326122, -26.114802 ], [ -50.331984, -26.107801 ], [ -50.329394, -26.098264 ], [ -50.32516, -26.098142 ], [ -50.331588, -26.083225 ], [ -50.321708, -26.080388 ], [ -50.317732, -26.068088 ], [ -50.298373, -26.0549 ], [ -50.276388, -26.051303 ], [ -50.267828, -26.04209 ], [ -50.251536, -26.050845 ], [ -50.254647, -26.037189 ], [ -50.251045, -26.02975 ], [ -50.235457, -26.035828 ], [ -50.233602, -26.046673 ], [ -50.223632, -26.060289 ], [ -50.218246, -26.056458 ], [ -50.209376, -26.05669 ], [ -50.207552, -26.061054 ], [ -50.193743, -26.064812 ], [ -50.192536, -26.071164 ], [ -50.180794, -26.079371 ], [ -50.173699, -26.064126 ], [ -50.170767, -26.064947 ], [ -50.156741, -26.04816 ], [ -50.155398, -26.041576 ], [ -50.163156, -26.036232 ], [ -50.164182, -26.042696 ], [ -50.171052, -26.042107 ], [ -50.176026, -26.03363 ], [ -50.182051, -26.03396 ], [ -50.179281, -26.028277 ], [ -50.171385, -26.024684 ], [ -50.163705, -26.026539 ], [ -50.151018, -26.022751 ], [ -50.141529, -26.027128 ], [ -50.151998, -26.050803 ], [ -50.148342, -26.059774 ], [ -50.143856, -26.049625 ], [ -50.134268, -26.043006 ], [ -50.120591, -26.063875 ], [ -50.117915, -26.051318 ], [ -50.111205, -26.053154 ], [ -50.10991, -26.058815 ], [ -50.105023, -26.055435 ], [ -50.100115, -26.049591 ], [ -50.098928, -26.049671 ], [ -50.091584, -26.043202 ], [ -50.088402, -26.027806 ], [ -50.084341, -26.023065 ], [ -50.080763, -26.024153 ], [ -50.08143, -26.041387 ], [ -50.076969, -26.046786 ], [ -50.072466, -26.034531 ], [ -50.064445, -26.032925 ], [ -50.05625, -26.03628 ], [ -50.039729, -26.02649 ], [ -50.03167, -26.027209 ], [ -50.00618, -26.045448 ], [ -50.002758, -26.038426 ], [ -50.011071, -26.026054 ], [ -50.011069, -26.013526 ], [ -50.007795, -26.012755 ], [ -49.998043, -26.015371 ], [ -49.993075, -26.011148 ], [ -49.983376, -26.013851 ], [ -49.975332, -26.013703 ], [ -49.968788, -26.017231 ], [ -49.962932, -26.02611 ], [ -49.965843, -26.040133 ], [ -49.977134, -26.052837 ], [ -49.972307, -26.057856 ], [ -49.947528, -26.030496 ], [ -49.959725, -26.019719 ], [ -49.953032, -26.018172 ], [ -49.941362, -26.008013 ], [ -49.933788, -26.0183 ], [ -49.940201, -26.025032 ], [ -49.934846, -26.031687 ], [ -49.91484, -26.024606 ], [ -49.903673, -26.026427 ], [ -49.897808, -26.033843 ], [ -49.891311, -26.028906 ], [ -49.865041, -26.034667 ], [ -49.870286, -26.043313 ], [ -49.864199, -26.046132 ], [ -49.861591, -26.055438 ], [ -49.84165, -26.064085 ], [ -49.835178, -26.052013 ], [ -49.830955, -26.052981 ], [ -49.833338, -26.066697 ], [ -49.843143, -26.072473 ], [ -49.839731, -26.075917 ], [ -49.83062, -26.068329 ], [ -49.827977, -26.072802 ], [ -49.830278, -26.082774 ], [ -49.824225, -26.092628 ], [ -49.815616, -26.093525 ], [ -49.807949, -26.087758 ], [ -49.806031, -26.103114 ], [ -49.801758, -26.109569 ], [ -49.7894, -26.112071 ], [ -49.787123, -26.097941 ], [ -49.78217, -26.113827 ], [ -49.77623, -26.119369 ], [ -49.773343, -26.118321 ], [ -49.767869, -26.109916 ], [ -49.778287, -26.106948 ], [ -49.775116, -26.100294 ], [ -49.767563, -26.104313 ], [ -49.764174, -26.113366 ], [ -49.750789, -26.119154 ], [ -49.748118, -26.139504 ], [ -49.739819, -26.138071 ], [ -49.735368, -26.141833 ], [ -49.72442, -26.143265 ], [ -49.73653, -26.156617 ], [ -49.728373, -26.169245 ], [ -49.726176, -26.170609 ], [ -49.710202, -26.153908 ], [ -49.698502, -26.161047 ], [ -49.688159, -26.176492 ], [ -49.676252, -26.175485 ], [ -49.689964, -26.188129 ], [ -49.680139, -26.185675 ], [ -49.67381, -26.190936 ], [ -49.673337, -26.183724 ], [ -49.663352, -26.191153 ], [ -49.660058, -26.186533 ], [ -49.652726, -26.186726 ], [ -49.653257, -26.192572 ], [ -49.648231, -26.195339 ], [ -49.650368, -26.206776 ], [ -49.645702, -26.209446 ], [ -49.633592, -26.201357 ], [ -49.636398, -26.19054 ], [ -49.633953, -26.189259 ], [ -49.629923, -26.190506 ], [ -49.62551, -26.200887 ], [ -49.634759, -26.208151 ], [ -49.621108, -26.215219 ], [ -49.616753, -26.213632 ], [ -49.614279, -26.206961 ], [ -49.611645, -26.213403 ], [ -49.605667, -26.211361 ], [ -49.602744, -26.226576 ], [ -49.600436, -26.228077 ], [ -49.598241, -26.220884 ], [ -49.592155, -26.222892 ], [ -49.587118, -26.216973 ], [ -49.591263, -26.229674 ], [ -49.583116, -26.229727 ], [ -49.577898, -26.226552 ], [ -49.577436, -26.213526 ], [ -49.56678, -26.232804 ], [ -49.560192, -26.236358 ], [ -49.554606, -26.236848 ], [ -49.547059, -26.229749 ], [ -49.551591, -26.224598 ], [ -49.545199, -26.224583 ], [ -49.537864, -26.229617 ], [ -49.535516, -26.225345 ], [ -49.542375, -26.223282 ], [ -49.540332, -26.213102 ], [ -49.533669, -26.215079 ], [ -49.52894, -26.224088 ], [ -49.52824, -26.217068 ], [ -49.520103, -26.224015 ], [ -49.51876, -26.226692 ], [ -49.511377, -26.220947 ], [ -49.503895, -26.226111 ], [ -49.502945, -26.221535 ], [ -49.496084, -26.220829 ], [ -49.497933, -26.218229 ], [ -49.490443, -26.21373 ], [ -49.490607, -26.209592 ], [ -49.494455, -26.211069 ], [ -49.499484, -26.203007 ], [ -49.493272, -26.203255 ], [ -49.486444, -26.194129 ], [ -49.489418, -26.190781 ], [ -49.485299, -26.184942 ], [ -49.486444, -26.180074 ], [ -49.479007, -26.185421 ], [ -49.463825, -26.172652 ], [ -49.458668, -26.162224 ], [ -49.451084, -26.161636 ], [ -49.438223, -26.163892 ], [ -49.43609, -26.171844 ], [ -49.428782, -26.1698 ], [ -49.428056, -26.167772 ], [ -49.421238, -26.166191 ], [ -49.41997, -26.163592 ], [ -49.416771, -26.164988 ], [ -49.416166, -26.152732 ], [ -49.406278, -26.161158 ], [ -49.399542, -26.150233 ], [ -49.394541, -26.151462 ], [ -49.391499, -26.157716 ], [ -49.389555, -26.159817 ], [ -49.386812, -26.155178 ], [ -49.38277, -26.155596 ], [ -49.372439, -26.153122 ], [ -49.369812, -26.155475 ], [ -49.371287, -26.148411 ], [ -49.368236, -26.148951 ], [ -49.368343, -26.144953 ], [ -49.365369, -26.146673 ], [ -49.36624, -26.143248 ], [ -49.359815, -26.140232 ], [ -49.360537, -26.13689 ], [ -49.356614, -26.138451 ], [ -49.358437, -26.136772 ], [ -49.3534, -26.13592 ], [ -49.3547, -26.133447 ], [ -49.350448, -26.13345 ], [ -49.346815, -26.127625 ], [ -49.341702, -26.128699 ], [ -49.333803, -26.124407 ], [ -49.334265, -26.119774 ], [ -49.325631, -26.116229 ], [ -49.321242, -26.10966 ], [ -49.304282, -26.109546 ], [ -49.302906, -26.11305 ], [ -49.297607, -26.109371 ], [ -49.300264, -26.103863 ], [ -49.289304, -26.102221 ], [ -49.29189, -26.096382 ], [ -49.294523, -26.097877 ], [ -49.291289, -26.093075 ], [ -49.294498, -26.093426 ], [ -49.296023, -26.086214 ], [ -49.286545, -26.078218 ], [ -49.279663, -26.078619 ], [ -49.276626, -26.082539 ], [ -49.273651, -26.081444 ], [ -49.274652, -26.077753 ], [ -49.269135, -26.080577 ], [ -49.265495, -26.078541 ], [ -49.268494, -26.075933 ], [ -49.264575, -26.071541 ], [ -49.266465, -26.066677 ], [ -49.260306, -26.06888 ], [ -49.25511, -26.066911 ], [ -49.256851, -26.063676 ], [ -49.252724, -26.062895 ], [ -49.254848, -26.055694 ], [ -49.251763, -26.046864 ], [ -49.242195, -26.043633 ], [ -49.236492, -26.036897 ], [ -49.237535, -26.03087 ], [ -49.234078, -26.030271 ], [ -49.224946, -26.030508 ], [ -49.217123, -26.023563 ], [ -49.21071, -26.02503 ], [ -49.206821, -26.016981 ], [ -49.19519, -26.015417 ], [ -49.1913, -26.012894 ], [ -49.191472, -26.008277 ], [ -49.180719, -26.008513 ], [ -49.174806, -26.001365 ], [ -49.166704, -26.000679 ], [ -49.161652, -26.007202 ], [ -49.150767, -26.009393 ], [ -49.147512, -26.01337 ], [ -49.146333, -26.00943 ], [ -49.142401, -26.01065 ], [ -49.140782, -26.015077 ], [ -49.131113, -26.006994 ], [ -49.128383, -26.003202 ], [ -49.131532, -25.999445 ], [ -49.125083, -25.995761 ], [ -49.112421, -26.004787 ], [ -49.10658, -25.998627 ], [ -49.103503, -26.004061 ], [ -49.10267, -26.007504 ], [ -49.09302, -26.009812 ], [ -49.090473, -26.002828 ], [ -49.078417, -26.006327 ], [ -49.070644, -25.99859 ], [ -49.068222, -26.009006 ], [ -49.054749, -26.020065 ], [ -49.051342, -26.016835 ], [ -49.046149, -26.018653 ], [ -49.040457, -26.00355 ], [ -49.029191, -26.003467 ], [ -49.020222, -26.014922 ], [ -49.006647, -26.0152 ], [ -49.002715, -26.01057 ], [ -48.997673, -26.011341 ], [ -48.983724, -26.004062 ], [ -48.985985, -26.00025 ], [ -48.979916, -25.997379 ], [ -48.977953, -25.988491 ], [ -48.967714, -25.986418 ], [ -48.961524, -25.983723 ], [ -48.961327, -25.99045 ], [ -48.956381, -25.992665 ], [ -48.950243, -25.989672 ], [ -48.96032, -25.980531 ], [ -48.890818, -25.981052 ], [ -48.890164, -25.981057 ], [ -48.881806, -25.981117 ], [ -48.877542, -25.981148 ], [ -48.871197, -25.981193 ], [ -48.819362, -25.981553 ], [ -48.819296, -25.981553 ], [ -48.710461, -25.982797 ], [ -48.709393, -25.982823 ], [ -48.680191, -25.980576 ], [ -48.67567, -25.977114 ], [ -48.669011, -25.978789 ], [ -48.662713, -25.97362 ], [ -48.661797, -25.968114 ], [ -48.654747, -25.965714 ], [ -48.644498, -25.955592 ], [ -48.637226, -25.96044 ], [ -48.639438, -25.966521 ], [ -48.63253, -25.969861 ], [ -48.633173, -25.977176 ], [ -48.623379, -25.976927 ], [ -48.620267, -25.973815 ], [ -48.620167, -25.981568 ], [ -48.61323, -25.980683 ], [ -48.60976, -25.983716 ], [ -48.610553, -25.979029 ], [ -48.601202, -25.980247 ], [ -48.599365, -25.976753 ], [ -48.594102, -25.976605 ], [ -48.599461, -25.998545 ], [ -48.606643, -26.055914 ], [ -48.606133, -26.066343 ], [ -48.599179, -26.072407 ], [ -48.596597, -26.124221 ], [ -48.580506, -26.164783 ], [ -48.567612, -26.170192 ], [ -48.562625, -26.170057 ], [ -48.537557, -26.169929 ], [ -48.530691, -26.163768 ], [ -48.525901, -26.164728 ], [ -48.521927, -26.169623 ], [ -48.526357, -26.192115 ], [ -48.521112, -26.214116 ], [ -48.515556, -26.222634 ], [ -48.508268, -26.226249 ], [ -48.500745, -26.224862 ], [ -48.500621, -26.219932 ], [ -48.496267, -26.216864 ], [ -48.492334, -26.218767 ], [ -48.497805, -26.233464 ], [ -48.505307, -26.238634 ], [ -48.536501, -26.291371 ], [ -48.553004, -26.325886 ], [ -48.564554, -26.360683 ], [ -48.591806, -26.406308 ], [ -48.598166, -26.430358 ], [ -48.595615, -26.449974 ], [ -48.593107, -26.453409 ], [ -48.613837, -26.47828 ], [ -48.632097, -26.50981 ], [ -48.650533, -26.547215 ], [ -48.659215, -26.569939 ], [ -48.663754, -26.574339 ], [ -48.675952, -26.613224 ], [ -48.686582, -26.668994 ], [ -48.686371, -26.687587 ], [ -48.678372, -26.697984 ], [ -48.681154, -26.717962 ], [ -48.706143, -26.724745 ], [ -48.708282, -26.725439 ], [ -48.718113, -26.728628 ], [ -48.731521, -26.729793 ], [ -48.740902, -26.736846 ], [ -48.756171, -26.740091 ], [ -48.762028, -26.737074 ], [ -48.761584, -26.728458 ], [ -48.774873, -26.705858 ], [ -48.790253, -26.70535 ], [ -48.800531, -26.712186 ], [ -48.806309, -26.697314 ], [ -48.803862, -26.682357 ], [ -48.800143, -26.679305 ], [ -48.807935, -26.657681 ], [ -48.814887, -26.657338 ], [ -48.814567, -26.648491 ], [ -48.819219, -26.645648 ], [ -48.817091, -26.638394 ], [ -48.832282, -26.640809 ], [ -48.83375, -26.629634 ], [ -48.842667, -26.627353 ], [ -48.844369, -26.631797 ], [ -48.853276, -26.633052 ], [ -48.856465, -26.634372 ], [ -48.877945, -26.641673 ], [ -48.88472, -26.657657 ], [ -48.890546, -26.656775 ], [ -48.898666, -26.657615 ], [ -48.901001, -26.648084 ], [ -48.907699, -26.649826 ], [ -48.917572, -26.645143 ], [ -48.924133, -26.667918 ], [ -48.933279, -26.673197 ], [ -48.937449, -26.692612 ], [ -48.952771, -26.70847 ], [ -48.96303, -26.720202 ], [ -48.974944, -26.726062 ], [ -48.978195, -26.734642 ], [ -48.988697, -26.736915 ], [ -48.993615, -26.74421 ], [ -48.998248, -26.747821 ], [ -49.01289, -26.745653 ], [ -49.014058, -26.762895 ], [ -49.026221, -26.764097 ], [ -49.034938, -26.773085 ], [ -49.045252, -26.752092 ], [ -49.050009, -26.743689 ], [ -49.039558, -26.732754 ], [ -49.03881, -26.727503 ], [ -49.044888, -26.723738 ], [ -49.044212, -26.713965 ], [ -49.048872, -26.708143 ], [ -49.033014, -26.697403 ], [ -49.025261, -26.685324 ], [ -49.017688, -26.683811 ], [ -49.031888, -26.661169 ], [ -49.036291, -26.660409 ], [ -49.046932, -26.649277 ], [ -49.05594, -26.656343 ], [ -49.068189, -26.652654 ], [ -49.070282, -26.647563 ], [ -49.074056, -26.653513 ], [ -49.098966, -26.655559 ], [ -49.101635, -26.658983 ], [ -49.106921, -26.657886 ], [ -49.106254, -26.650649 ], [ -49.110503, -26.649836 ], [ -49.11403, -26.638234 ], [ -49.109915, -26.630585 ], [ -49.114018, -26.624374 ], [ -49.113917, -26.612485 ], [ -49.123086, -26.620713 ], [ -49.12936, -26.621115 ], [ -49.132027, -26.62953 ], [ -49.129746, -26.634846 ], [ -49.140945, -26.639427 ], [ -49.145471, -26.638364 ], [ -49.147587, -26.642545 ], [ -49.155311, -26.645226 ], [ -49.163194, -26.64782 ], [ -49.166197, -26.625966 ], [ -49.172462, -26.616546 ], [ -49.182553, -26.613377 ], [ -49.199673, -26.621817 ], [ -49.206642, -26.61635 ], [ -49.222751, -26.620377 ], [ -49.22031, -26.612513 ], [ -49.227065, -26.612176 ], [ -49.240315, -26.615051 ], [ -49.240612, -26.615241 ], [ -49.265086, -26.612088 ], [ -49.269308, -26.614135 ], [ -49.275749, -26.608215 ], [ -49.285976, -26.605357 ], [ -49.288453, -26.598423 ], [ -49.287944, -26.587939 ], [ -49.298082, -26.570698 ], [ -49.289584, -26.5597 ], [ -49.291019, -26.547475 ], [ -49.293023, -26.541808 ], [ -49.298324, -26.539491 ], [ -49.320909, -26.541649 ], [ -49.332248, -26.536615 ], [ -49.339558, -26.523936 ], [ -49.354336, -26.515541 ], [ -49.354151, -26.5027 ], [ -49.364536, -26.491828 ], [ -49.365845, -26.490703 ], [ -49.374871, -26.487944 ], [ -49.377551, -26.492444 ], [ -49.390964, -26.494688 ], [ -49.415718, -26.509693 ], [ -49.424514, -26.495396 ], [ -49.432623, -26.494318 ], [ -49.439318, -26.488565 ], [ -49.442845, -26.488707 ], [ -49.45151, -26.499448 ], [ -49.477921, -26.511207 ], [ -49.491367, -26.508724 ], [ -49.511406, -26.520599 ], [ -49.526956, -26.524904 ], [ -49.537736, -26.521052 ], [ -49.542111, -26.525646 ], [ -49.549171, -26.523895 ], [ -49.549898, -26.534921 ], [ -49.565498, -26.556579 ], [ -49.564995, -26.565237 ], [ -49.582216, -26.581779 ], [ -49.579026, -26.594882 ], [ -49.584988, -26.60791 ], [ -49.585772, -26.622684 ], [ -49.594459, -26.627068 ], [ -49.604191, -26.634886 ], [ -49.615897, -26.638477 ], [ -49.621238, -26.649882 ], [ -49.62308, -26.663369 ], [ -49.615788, -26.679064 ], [ -49.616342, -26.700067 ], [ -49.623357, -26.702665 ], [ -49.640636, -26.69111 ], [ -49.644679, -26.692993 ], [ -49.651907, -26.689411 ], [ -49.653185, -26.691761 ], [ -49.664757, -26.691738 ], [ -49.674282, -26.699729 ], [ -49.681452, -26.701927 ], [ -49.693616, -26.698761 ], [ -49.702184, -26.704023 ], [ -49.710137, -26.718774 ], [ -49.719451, -26.72174 ], [ -49.728445, -26.74517 ], [ -49.72521, -26.754169 ], [ -49.72723, -26.762849 ], [ -49.730135, -26.766293 ], [ -49.741953, -26.782944 ], [ -49.749957, -26.785225 ], [ -49.753906, -26.776365 ], [ -49.771999, -26.772967 ], [ -49.772344, -26.771309 ], [ -49.775233, -26.75983 ], [ -49.781415, -26.750599 ], [ -49.792357, -26.748607 ], [ -49.79379, -26.739276 ], [ -49.803856, -26.726925 ], [ -49.807213, -26.715753 ], [ -49.812722, -26.710751 ], [ -49.82546, -26.707665 ], [ -49.828556, -26.705512 ], [ -49.838943, -26.690476 ], [ -49.838152, -26.675907 ], [ -49.846794, -26.672192 ], [ -49.846659, -26.666208 ], [ -49.856648, -26.652405 ], [ -49.864611, -26.6503 ], [ -49.87158, -26.652514 ], [ -49.874541, -26.64993 ], [ -49.881548, -26.645043 ], [ -49.879373, -26.627665 ], [ -49.884211, -26.616863 ], [ -49.895536, -26.606185 ], [ -49.896583, -26.60115 ], [ -49.910569, -26.600863 ], [ -49.90848, -26.5963 ], [ -49.912782, -26.584393 ], [ -49.931573, -26.570995 ], [ -49.9439, -26.573224 ], [ -49.945685, -26.569499 ], [ -49.954839, -26.567455 ], [ -49.953817, -26.56108 ], [ -49.958902, -26.552568 ], [ -49.955711, -26.543913 ], [ -49.961847, -26.543257 ], [ -49.972263, -26.530219 ], [ -49.970296, -26.525633 ], [ -49.981681, -26.521117 ], [ -49.985641, -26.513448 ], [ -49.990468, -26.510249 ], [ -49.995697, -26.504842 ], [ -50.019114, -26.502905 ], [ -50.032883, -26.519065 ], [ -50.058102, -26.521336 ], [ -50.067155, -26.51921 ], [ -50.079423, -26.525137 ], [ -50.090974, -26.523642 ], [ -50.104667, -26.516324 ], [ -50.111066, -26.518983 ], [ -50.115144, -26.517428 ], [ -50.121016, -26.523054 ], [ -50.125815, -26.524198 ], [ -50.124959, -26.540166 ], [ -50.131557, -26.550436 ], [ -50.122958, -26.556634 ], [ -50.129482, -26.561749 ], [ -50.120532, -26.562137 ], [ -50.119168, -26.564784 ], [ -50.124811, -26.576441 ], [ -50.131987, -26.576644 ], [ -50.124669, -26.583789 ], [ -50.132198, -26.586367 ], [ -50.13287, -26.5909 ], [ -50.128336, -26.588632 ], [ -50.127767, -26.591777 ], [ -50.131807, -26.595018 ], [ -50.129593, -26.60079 ], [ -50.119821, -26.603975 ], [ -50.128709, -26.607389 ], [ -50.118791, -26.611934 ], [ -50.125376, -26.614924 ], [ -50.113292, -26.616022 ], [ -50.111329, -26.623241 ], [ -50.115731, -26.625976 ], [ -50.111007, -26.632941 ], [ -50.118206, -26.634615 ], [ -50.117365, -26.630977 ], [ -50.121147, -26.629259 ], [ -50.12693, -26.642836 ], [ -50.132478, -26.640366 ], [ -50.13718, -26.641647 ], [ -50.1379, -26.645549 ], [ -50.129647, -26.649572 ], [ -50.135314, -26.66505 ], [ -50.132226, -26.677636 ], [ -50.123586, -26.687003 ], [ -50.118732, -26.692027 ], [ -50.116148, -26.703674 ], [ -50.113813, -26.710224 ], [ -50.120672, -26.737021 ], [ -50.107147, -26.756138 ], [ -50.105717, -26.792782 ], [ -50.098619, -26.802156 ], [ -50.085333, -26.809476 ], [ -50.102208, -26.815868 ], [ -50.124631, -26.80071 ], [ -50.137062, -26.799958 ], [ -50.143496, -26.794326 ], [ -50.154856, -26.79675 ], [ -50.154992, -26.796779 ], [ -50.170439, -26.790521 ], [ -50.196896, -26.813356 ], [ -50.219223, -26.813448 ], [ -50.230546, -26.828527 ], [ -50.244317, -26.835819 ], [ -50.244599, -26.852355 ], [ -50.255287, -26.862754 ] ], [ [ -49.074977, -26.420445 ], [ -49.07789, -26.425452 ], [ -49.074976, -26.420445 ], [ -49.074977, -26.420445 ] ] ] } },
{ "type": "Feature", "properties": { "MACRO_ID": "4213", "MACRO_NAME": "Grande Oeste", "id": "420010", "name": "Abelardo Luz", "description": "Abelardo Luz", "MUN_ID": "420010", "UF": "SC", "HREG_ID": "42003", "HREG_NAME": "Xanxere" }, "geometry": { "type": "Polygon", "coordinates": [ [ [ -52.858112, -27.167254 ], [ -52.87249, -27.173552 ], [ -52.878601, -27.17788 ], [ -52.889865, -27.186479 ], [ -52.903829, -27.198402 ], [ -52.924127, -27.202049 ], [ -52.937082, -27.196892 ], [ -52.935884, -27.176018 ], [ -52.936537, -27.171423 ], [ -52.946097, -27.16332 ], [ -52.958591, -27.163009 ], [ -52.965423, -27.179763 ], [ -52.970571, -27.217367 ], [ -52.977183, -27.220706 ], [ -52.989048, -27.217996 ], [ -52.999666, -27.206757 ], [ -53.002166, -27.189553 ], [ -52.997782, -27.180617 ], [ -52.983532, -27.167129 ], [ -52.982064, -27.156192 ], [ -52.985418, -27.14946 ], [ -52.993329, -27.137804 ], [ -53.002977, -27.132957 ], [ -53.019983, -27.151387 ], [ -53.026119, -27.156722 ], [ -53.031408, -27.156818 ], [ -53.038273, -27.154173 ], [ -53.042603, -27.145529 ], [ -53.042398, -27.128127 ], [ -53.024357, -27.105435 ], [ -53.017899, -27.090363 ], [ -53.022038, -27.083147 ], [ -53.028479, -27.080113 ], [ -53.058042, -27.085851 ], [ -53.076054, -27.103158 ], [ -53.079667, -27.114933 ], [ -53.070229, -27.13658 ], [ -53.071467, -27.156894 ], [ -53.072244, -27.157851 ], [ -53.086069, -27.162903 ], [ -53.112317, -27.169709 ], [ -53.126501, -27.178256 ], [ -53.133515, -27.177768 ], [ -53.140915, -27.170164 ], [ -53.149365, -27.141891 ], [ -53.157112, -27.138191 ], [ -53.165903, -27.140785 ], [ -53.172357, -27.148811 ], [ -53.17669, -27.178598 ], [ -53.188174, -27.191059 ], [ -53.19605, -27.19121 ], [ -53.22974, -27.171453 ], [ -53.230218, -27.171234 ], [ -53.242444, -27.170242 ], [ -53.247502, -27.174211 ], [ -53.256093, -27.179758 ], [ -53.271347, -27.186739 ], [ -53.291938, -27.196159 ], [ -53.310435, -27.217964 ], [ -53.318481, -27.216078 ], [ -53.320451, -27.209161 ], [ -53.318995, -27.196872 ], [ -53.30609, -27.176373 ], [ -53.299156, -27.159883 ], [ -53.292508, -27.141047 ], [ -53.292731, -27.133877 ], [ -53.297683, -27.126726 ], [ -53.310028, -27.118099 ], [ -53.329896, -27.118459 ], [ -53.340417, -27.11925 ], [ -53.348011, -27.117123 ], [ -53.35279, -27.111578 ], [ -53.362942, -27.093676 ], [ -53.373489, -27.090128 ], [ -53.380442, -27.09353 ], [ -53.393062, -27.10962 ], [ -53.39328, -27.110238 ], [ -53.400553, -27.128975 ], [ -53.410968, -27.140679 ], [ -53.41829, -27.143292 ], [ -53.440563, -27.149898 ], [ -53.457741, -27.155582 ], [ -53.463778, -27.153674 ], [ -53.46852, -27.147729 ], [ -53.48143, -27.134298 ], [ -53.491319, -27.132078 ], [ -53.496327, -27.133136 ], [ -53.501346, -27.134197 ], [ -53.507669, -27.144789 ], [ -53.505023, -27.158733 ], [ -53.492917, -27.174732 ], [ -53.48792, -27.193366 ], [ -53.493277, -27.203233 ], [ -53.509103, -27.203421 ], [ -53.516404, -27.201798 ], [ -53.534357, -27.188633 ], [ -53.54421, -27.1785 ], [ -53.547984, -27.175658 ], [ -53.564081, -27.172991 ], [ -53.589795, -27.186956 ], [ -53.59919, -27.188824 ], [ -53.5998, -27.188614 ], [ -53.611416, -27.185577 ], [ -53.618633, -27.188378 ], [ -53.628929, -27.212673 ], [ -53.634529, -27.21857 ], [ -53.641987, -27.220411 ], [ -53.647742, -27.217696 ], [ -53.65003, -27.21119 ], [ -53.647264, -27.192837 ], [ -53.650391, -27.176465 ], [ -53.666247, -27.161669 ], [ -53.675266, -27.160703 ], [ -53.69346, -27.166567 ], [ -53.698018, -27.168629 ], [ -53.707829, -27.174543 ], [ -53.71723, -27.181979 ], [ -53.728308, -27.188421 ], [ -53.739029, -27.192452 ], [ -53.748265, -27.190066 ], [ -53.762442, -27.153778 ], [ -53.775896, -27.14728 ], [ -53.808478, -27.17228 ], [ -53.819047, -27.174948 ], [ -53.833148, -27.169125 ], [ -53.83186, -27.163531 ], [ -53.835841, -27.154367 ], [ -53.827388, -27.145873 ], [ -53.797558, -27.144454 ], [ -53.798554, -27.135998 ], [ -53.816976, -27.139146 ], [ -53.824387, -27.130275 ], [ -53.823334, -27.126195 ], [ -53.81387, -27.1286 ], [ -53.806474, -27.125226 ], [ -53.804629, -27.117167 ], [ -53.806114, -27.109989 ], [ -53.818007, -27.102378 ], [ -53.814646, -27.098376 ], [ -53.80958, -27.097992 ], [ -53.803923, -27.105898 ], [ -53.794589, -27.109457 ], [ -53.774919, -27.101675 ], [ -53.80339, -27.082138 ], [ -53.803672, -27.076024 ], [ -53.797417, -27.06607 ], [ -53.781278, -27.077381 ], [ -53.7705, -27.073212 ], [ -53.774367, -27.069834 ], [ -53.78359, -27.070371 ], [ -53.796282, -27.058801 ], [ -53.801274, -27.04 ], [ -53.790594, -27.041948 ], [ -53.778167, -27.059505 ], [ -53.767164, -27.066858 ], [ -53.757842, -27.061458 ], [ -53.764, -27.057375 ], [ -53.775056, -27.049469 ], [ -53.783867, -27.025525 ], [ -53.775842, -27.028644 ], [ -53.76303, -27.044509 ], [ -53.758778, -27.034067 ], [ -53.74637, -27.030318 ], [ -53.747959, -27.022171 ], [ -53.757425, -27.016896 ], [ -53.761305, -27.006346 ], [ -53.749529, -27.004745 ], [ -53.739747, -27.013797 ], [ -53.731143, -27.004309 ], [ -53.74245, -26.990562 ], [ -53.723696, -26.992667 ], [ -53.716446, -26.987742 ], [ -53.716643, -26.984115 ], [ -53.735841, -26.97387 ], [ -53.729147, -26.971431 ], [ -53.725221, -26.957758 ], [ -53.71161, -26.96432 ], [ -53.703821, -26.959498 ], [ -53.699746, -26.952211 ], [ -53.708692, -26.938073 ], [ -53.70717, -26.93226 ], [ -53.678413, -26.944446 ], [ -53.672871, -26.945469 ], [ -53.670298, -26.941804 ], [ -53.680193, -26.937579 ], [ -53.696189, -26.927999 ], [ -53.680504, -26.915235 ], [ -53.672367, -26.912636 ], [ -53.678754, -26.907469 ], [ -53.671301, -26.892557 ], [ -53.694647, -26.886034 ], [ -53.690397, -26.875781 ], [ -53.678865, -26.868762 ], [ -53.693421, -26.863305 ], [ -53.695166, -26.857584 ], [ -53.662698, -26.863695 ], [ -53.658892, -26.860806 ], [ -53.660064, -26.856288 ], [ -53.670278, -26.851898 ], [ -53.676281, -26.842941 ], [ -53.694221, -26.846202 ], [ -53.693499, -26.840748 ], [ -53.687468, -26.836318 ], [ -53.695087, -26.830926 ], [ -53.70006, -26.818199 ], [ -53.709752, -26.811795 ], [ -53.708363, -26.80921 ], [ -53.703863, -26.813911 ], [ -53.697507, -26.813491 ], [ -53.699444, -26.796842 ], [ -53.70803, -26.796917 ], [ -53.714903, -26.786852 ], [ -53.714944, -26.77858 ], [ -53.699028, -26.770867 ], [ -53.698807, -26.767382 ], [ -53.713138, -26.766016 ], [ -53.714609, -26.772135 ], [ -53.728693, -26.773011 ], [ -53.743007, -26.762198 ], [ -53.730031, -26.764657 ], [ -53.723562, -26.762605 ], [ -53.717056, -26.758323 ], [ -53.713936, -26.748755 ], [ -53.724358, -26.741909 ], [ -53.731228, -26.73026 ], [ -53.735694, -26.741109 ], [ -53.749469, -26.739781 ], [ -53.741722, -26.729867 ], [ -53.756833, -26.718865 ], [ -53.753336, -26.709399 ], [ -53.747367, -26.718578 ], [ -53.733079, -26.715625 ], [ -53.731472, -26.699611 ], [ -53.741031, -26.689104 ], [ -53.742617, -26.680623 ], [ -53.736336, -26.681713 ], [ -53.728667, -26.691392 ], [ -53.715446, -26.682304 ], [ -53.717777, -26.678897 ], [ -53.729828, -26.67613 ], [ -53.725506, -26.672793 ], [ -53.725812, -26.666603 ], [ -53.717978, -26.666451 ], [ -53.71988, -26.651801 ], [ -53.724142, -26.647455 ], [ -53.721947, -26.65673 ], [ -53.725, -26.657735 ], [ -53.732778, -26.651559 ], [ -53.733306, -26.645007 ], [ -53.74184, -26.646739 ], [ -53.758364, -26.640639 ], [ -53.749981, -26.634712 ], [ -53.739004, -26.643207 ], [ -53.740222, -26.629533 ], [ -53.731917, -26.629445 ], [ -53.72828, -26.616675 ], [ -53.734223, -26.608418 ], [ -53.728195, -26.606665 ], [ -53.728926, -26.601771 ], [ -53.727173, -26.592601 ], [ -53.731144, -26.586152 ], [ -53.72342, -26.588316 ], [ -53.721194, -26.561937 ], [ -53.707864, -26.561993 ], [ -53.706057, -26.559344 ], [ -53.708835, -26.555982 ], [ -53.718057, -26.556887 ], [ -53.729113, -26.565148 ], [ -53.735228, -26.565873 ], [ -53.735251, -26.559592 ], [ -53.724002, -26.558721 ], [ -53.723693, -26.553673 ], [ -53.726282, -26.549624 ], [ -53.740442, -26.544915 ], [ -53.729007, -26.538783 ], [ -53.722617, -26.542003 ], [ -53.719199, -26.536951 ], [ -53.72356, -26.533564 ], [ -53.715533, -26.525868 ], [ -53.725558, -26.525066 ], [ -53.728861, -26.502634 ], [ -53.724584, -26.500263 ], [ -53.718358, -26.506657 ], [ -53.712639, -26.50318 ], [ -53.702866, -26.507809 ], [ -53.707279, -26.499983 ], [ -53.70209, -26.490008 ], [ -53.694338, -26.489847 ], [ -53.69897, -26.478384 ], [ -53.69464, -26.474772 ], [ -53.701427, -26.472932 ], [ -53.706114, -26.480783 ], [ -53.707891, -26.473563 ], [ -53.714114, -26.470482 ], [ -53.702972, -26.462742 ], [ -53.69675, -26.468387 ], [ -53.695564, -26.454981 ], [ -53.701171, -26.449839 ], [ -53.703026, -26.441323 ], [ -53.695579, -26.440306 ], [ -53.695901, -26.445201 ], [ -53.687524, -26.443404 ], [ -53.687473, -26.428247 ], [ -53.69228, -26.42971 ], [ -53.697201, -26.415333 ], [ -53.704588, -26.414492 ], [ -53.704722, -26.408652 ], [ -53.700088, -26.408522 ], [ -53.695749, -26.402249 ], [ -53.705921, -26.39544 ], [ -53.708525, -26.387349 ], [ -53.70009, -26.387439 ], [ -53.696663, -26.378961 ], [ -53.700498, -26.372854 ], [ -53.698887, -26.363338 ], [ -53.689172, -26.359219 ], [ -53.695064, -26.354764 ], [ -53.688554, -26.353883 ], [ -53.684394, -26.336155 ], [ -53.675723, -26.334829 ], [ -53.676556, -26.331001 ], [ -53.670477, -26.330149 ], [ -53.672587, -26.324304 ], [ -53.668748, -26.325169 ], [ -53.669417, -26.319363 ], [ -53.664804, -26.317282 ], [ -53.656091, -26.297349 ], [ -53.643759, -26.28307 ], [ -53.640582, -26.260123 ], [ -53.643234, -26.252647 ], [ -53.625189, -26.259888 ], [ -53.620171, -26.256701 ], [ -53.603936, -26.259018 ], [ -53.586476, -26.255554 ], [ -53.579866, -26.273816 ], [ -53.569998, -26.275441 ], [ -53.55437, -26.287213 ], [ -53.549888, -26.293087 ], [ -53.543365, -26.291252 ], [ -53.522218, -26.292087 ], [ -53.496709, -26.302365 ], [ -53.481283, -26.296203 ], [ -53.477383, -26.292484 ], [ -53.474497, -26.288862 ], [ -53.46393, -26.293554 ], [ -53.460705, -26.294732 ], [ -53.444868, -26.284663 ], [ -53.440553, -26.28052 ], [ -53.431292, -26.278849 ], [ -53.422258, -26.275602 ], [ -53.384809, -26.245748 ], [ -53.379971, -26.248725 ], [ -53.375093, -26.241566 ], [ -53.363549, -26.251413 ], [ -53.356083, -26.248713 ], [ -53.350398, -26.254547 ], [ -53.345245, -26.246423 ], [ -53.335837, -26.24902 ], [ -53.335235, -26.254501 ], [ -53.319329, -26.253793 ], [ -53.313551, -26.256648 ], [ -53.308009, -26.260676 ], [ -53.304803, -26.259337 ], [ -53.282805, -26.245488 ], [ -53.278302, -26.247934 ], [ -53.2798, -26.259408 ], [ -53.27315, -26.260301 ], [ -53.259266, -26.27956 ], [ -53.261702, -26.287836 ], [ -53.254472, -26.288752 ], [ -53.251881, -26.298604 ], [ -53.245511, -26.297225 ], [ -53.240675, -26.300825 ], [ -53.231611, -26.31154 ], [ -53.20122, -26.330923 ], [ -53.197099, -26.329383 ], [ -53.183969, -26.343385 ], [ -53.168775, -26.347651 ], [ -53.161508, -26.351309 ], [ -53.158645, -26.349898 ], [ -53.15304, -26.34363 ], [ -53.145309, -26.345231 ], [ -53.140046, -26.356776 ], [ -53.134888, -26.358652 ], [ -53.132289, -26.366812 ], [ -53.123928, -26.373895 ], [ -53.109014, -26.37629 ], [ -53.107083, -26.38099 ], [ -53.10026, -26.383551 ], [ -53.093859, -26.382648 ], [ -53.09018, -26.390035 ], [ -53.081238, -26.388429 ], [ -53.080034, -26.388073 ], [ -53.080009, -26.388067 ], [ -53.057786, -26.38377 ], [ -53.046316, -26.38024 ], [ -53.027368, -26.369415 ], [ -52.987702, -26.346115 ], [ -52.983848, -26.346809 ], [ -52.949956, -26.361852 ], [ -52.937107, -26.361676 ], [ -52.925302, -26.360216 ], [ -52.916266, -26.355088 ], [ -52.907806, -26.358938 ], [ -52.877489, -26.360037 ], [ -52.87193, -26.359101 ], [ -52.847499, -26.343502 ], [ -52.844762, -26.345093 ], [ -52.842038, -26.347753 ], [ -52.836065, -26.345715 ], [ -52.835128, -26.345238 ], [ -52.813926, -26.343967 ], [ -52.796878, -26.347856 ], [ -52.790504, -26.352029 ], [ -52.7749, -26.347445 ], [ -52.76296, -26.353189 ], [ -52.759231, -26.35264 ], [ -52.755728, -26.352123 ], [ -52.751211, -26.344146 ], [ -52.741474, -26.345 ], [ -52.73727, -26.341699 ], [ -52.725121, -26.347861 ], [ -52.718365, -26.356889 ], [ -52.708349, -26.354566 ], [ -52.702898, -26.356722 ], [ -52.702458, -26.356974 ], [ -52.700085, -26.35756 ], [ -52.691995, -26.352897 ], [ -52.685278, -26.355121 ], [ -52.678096, -26.352207 ], [ -52.662805, -26.368819 ], [ -52.657749, -26.37431 ], [ -52.644427, -26.38042 ], [ -52.634593, -26.385386 ], [ -52.633218, -26.390619 ], [ -52.620623, -26.395035 ], [ -52.618612, -26.400967 ], [ -52.61623, -26.407194 ], [ -52.610829, -26.411476 ], [ -52.602169, -26.414987 ], [ -52.593685, -26.415111 ], [ -52.578509, -26.407779 ], [ -52.564504, -26.410101 ], [ -52.55898, -26.407489 ], [ -52.555628, -26.411525 ], [ -52.538533, -26.403531 ], [ -52.523272, -26.399497 ], [ -52.495242, -26.419681 ], [ -52.476217, -26.420977 ], [ -52.465148, -26.436777 ], [ -52.45864, -26.440653 ], [ -52.449007, -26.440513 ], [ -52.442071, -26.437664 ], [ -52.434957, -26.43982 ], [ -52.418703, -26.436872 ], [ -52.402554, -26.42776 ], [ -52.400605, -26.422703 ], [ -52.39751, -26.428409 ], [ -52.375611, -26.440395 ], [ -52.366853, -26.432233 ], [ -52.352633, -26.440874 ], [ -52.341448, -26.433874 ], [ -52.335994, -26.442452 ], [ -52.331467, -26.439821 ], [ -52.328281, -26.442674 ], [ -52.323011, -26.440218 ], [ -52.304545, -26.440268 ], [ -52.281977, -26.463008 ], [ -52.272292, -26.461464 ], [ -52.262891, -26.454349 ], [ -52.25408, -26.455066 ], [ -52.248458, -26.454625 ], [ -52.24154, -26.463118 ], [ -52.231652, -26.464197 ], [ -52.219919, -26.465477 ], [ -52.203648, -26.459506 ], [ -52.190032, -26.445721 ], [ -52.185166, -26.444935 ], [ -52.15728, -26.471493 ], [ -52.143972, -26.473459 ], [ -52.13355, -26.470017 ], [ -52.130213, -26.475264 ], [ -52.118682, -26.477849 ], [ -52.111777, -26.475588 ], [ -52.09989, -26.481182 ], [ -52.096225, -26.487363 ], [ -52.097575, -26.502284 ], [ -52.093396, -26.512837 ], [ -52.087553, -26.508857 ], [ -52.08116, -26.523034 ], [ -52.07799, -26.526301 ], [ -52.064761, -26.522713 ], [ -52.059781, -26.529995 ], [ -52.054714, -26.528101 ], [ -52.046996, -26.534896 ], [ -52.031147, -26.542781 ], [ -52.029585, -26.546248 ], [ -52.020738, -26.548233 ], [ -52.019582, -26.555167 ], [ -52.014886, -26.557196 ], [ -52.010749, -26.566076 ], [ -52.009685, -26.565995 ], [ -51.984733, -26.56543 ], [ -51.980744, -26.569344 ], [ -51.97114, -26.567505 ], [ -51.959393, -26.574163 ], [ -51.947417, -26.569077 ], [ -51.927854, -26.584385 ], [ -51.900716, -26.579768 ], [ -51.883866, -26.585837 ], [ -51.87923, -26.596692 ], [ -51.873883, -26.599926 ], [ -51.861281, -26.597198 ], [ -51.85462, -26.592017 ], [ -51.84331, -26.594596 ], [ -51.823114, -26.581824 ], [ -51.820699, -26.59389 ], [ -51.832532, -26.602931 ], [ -51.829666, -26.607036 ], [ -51.833477, -26.612477 ], [ -51.833046, -26.624969 ], [ -51.847631, -26.638834 ], [ -51.847034, -26.646863 ], [ -51.852159, -26.651313 ], [ -51.847937, -26.660094 ], [ -51.854969, -26.668233 ], [ -51.853554, -26.671268 ], [ -51.861707, -26.676021 ], [ -51.882743, -26.676532 ], [ -51.879238, -26.68389 ], [ -51.871238, -26.687065 ], [ -51.870276, -26.69241 ], [ -51.848115, -26.682356 ], [ -51.847346, -26.689303 ], [ -51.853369, -26.688776 ], [ -51.855716, -26.694965 ], [ -51.856194, -26.707417 ], [ -51.852592, -26.709702 ], [ -51.845189, -26.708912 ], [ -51.843592, -26.700158 ], [ -51.824835, -26.701648 ], [ -51.825051, -26.696671 ], [ -51.821368, -26.695264 ], [ -51.813926, -26.700046 ], [ -51.810321, -26.693834 ], [ -51.779292, -26.709234 ], [ -51.770093, -26.727656 ], [ -51.759852, -26.736474 ], [ -51.774058, -26.744746 ], [ -51.775016, -26.750326 ], [ -51.785457, -26.760232 ], [ -51.780838, -26.760244 ], [ -51.783677, -26.770815 ], [ -51.777555, -26.769301 ], [ -51.777369, -26.781511 ], [ -51.767929, -26.787669 ], [ -51.753304, -26.773931 ], [ -51.73685, -26.788316 ], [ -51.723024, -26.787423 ], [ -51.703861, -26.791337 ], [ -51.691891, -26.801517 ], [ -51.67942, -26.817996 ], [ -51.709532, -26.824919 ], [ -51.716792, -26.840589 ], [ -51.727749, -26.84556 ], [ -51.728174, -26.852412 ], [ -51.731685, -26.849917 ], [ -51.731089, -26.852346 ], [ -51.738666, -26.852354 ], [ -51.738904, -26.847107 ], [ -51.742722, -26.847804 ], [ -51.749074, -26.841698 ], [ -51.750135, -26.846572 ], [ -51.757633, -26.844334 ], [ -51.753829, -26.841393 ], [ -51.758024, -26.839401 ], [ -51.765443, -26.844227 ], [ -51.768378, -26.839345 ], [ -51.771971, -26.84272 ], [ -51.770966, -26.853441 ], [ -51.779643, -26.857248 ], [ -51.781973, -26.852862 ], [ -51.793534, -26.85365 ], [ -51.794917, -26.860264 ], [ -51.802365, -26.858916 ], [ -51.802889, -26.865133 ], [ -51.80931, -26.856076 ], [ -51.806651, -26.851603 ], [ -51.81299, -26.853771 ], [ -51.813409, -26.870889 ], [ -51.820591, -26.883597 ], [ -51.820121, -26.902295 ], [ -51.82585, -26.907076 ], [ -51.823582, -26.911737 ], [ -51.826839, -26.923418 ], [ -51.831134, -26.931062 ], [ -51.836683, -26.931069 ], [ -51.847733, -26.948647 ], [ -51.849959, -26.944345 ], [ -51.861868, -26.939437 ], [ -51.863178, -26.932933 ], [ -51.874539, -26.928694 ], [ -51.884993, -26.945759 ], [ -51.888405, -26.941218 ], [ -51.891423, -26.943289 ], [ -51.895104, -26.935555 ], [ -51.900288, -26.939342 ], [ -51.905534, -26.932862 ], [ -51.910932, -26.934078 ], [ -51.917556, -26.929318 ], [ -51.924942, -26.93154 ], [ -51.930066, -26.928449 ], [ -51.930284, -26.932434 ], [ -51.94139, -26.939844 ], [ -51.949831, -26.938755 ], [ -51.958306, -26.946915 ], [ -51.965986, -26.947088 ], [ -51.968413, -26.941327 ], [ -51.978688, -26.93726 ], [ -51.986475, -26.942324 ], [ -51.99492, -26.941601 ], [ -51.995382, -26.947779 ], [ -52.000881, -26.947479 ], [ -52.005148, -26.940376 ], [ -52.011995, -26.948595 ], [ -52.014115, -26.941633 ], [ -52.023875, -26.950163 ], [ -52.030973, -26.94758 ], [ -52.031219, -26.942929 ], [ -52.035792, -26.947746 ], [ -52.040344, -26.946982 ], [ -52.038549, -26.95367 ], [ -52.042448, -26.957456 ], [ -52.047986, -26.951986 ], [ -52.055405, -26.951864 ], [ -52.052588, -26.958995 ], [ -52.055167, -26.961221 ], [ -52.067168, -26.959773 ], [ -52.069884, -26.952623 ], [ -52.07217, -26.942451 ], [ -52.081875, -26.95206 ], [ -52.093353, -26.945996 ], [ -52.094183, -26.95112 ], [ -52.101983, -26.950145 ], [ -52.108751, -26.954941 ], [ -52.108101, -26.949437 ], [ -52.117104, -26.946504 ], [ -52.12639, -26.948521 ], [ -52.132126, -26.944019 ], [ -52.134105, -26.932076 ], [ -52.140064, -26.9346 ], [ -52.148663, -26.929905 ], [ -52.153692, -26.925517 ], [ -52.156167, -26.941818 ], [ -52.152674, -26.9487 ], [ -52.163658, -26.949939 ], [ -52.171458, -26.946089 ], [ -52.176186, -26.956706 ], [ -52.181554, -26.950134 ], [ -52.185224, -26.949649 ], [ -52.184963, -26.957212 ], [ -52.188775, -26.960499 ], [ -52.203273, -26.953928 ], [ -52.208946, -26.956878 ], [ -52.213337, -26.948881 ], [ -52.221317, -26.958699 ], [ -52.220013, -26.947282 ], [ -52.233994, -26.9479 ], [ -52.242226, -26.953653 ], [ -52.243405, -26.945603 ], [ -52.250163, -26.942352 ], [ -52.253874, -26.938943 ], [ -52.261295, -26.939938 ], [ -52.264585, -26.94458 ], [ -52.25992, -26.946579 ], [ -52.266292, -26.960342 ], [ -52.28142, -26.946883 ], [ -52.28652, -26.950002 ], [ -52.285834, -26.958927 ], [ -52.29659, -26.961556 ], [ -52.29999, -26.960176 ], [ -52.298701, -26.955617 ], [ -52.309227, -26.954122 ], [ -52.312932, -26.96028 ], [ -52.312287, -26.975488 ], [ -52.315033, -26.975635 ], [ -52.330186, -26.964936 ], [ -52.339786, -26.965037 ], [ -52.340244, -26.956799 ], [ -52.335834, -26.951785 ], [ -52.338071, -26.945491 ], [ -52.339104, -26.942781 ], [ -52.350111, -26.94401 ], [ -52.354521, -26.943494 ], [ -52.348166, -26.951117 ], [ -52.350805, -26.958112 ], [ -52.34508, -26.958992 ], [ -52.351889, -26.97027 ], [ -52.36689, -26.969746 ], [ -52.370054, -26.967703 ], [ -52.376439, -26.972775 ], [ -52.374934, -26.983606 ], [ -52.383079, -26.976839 ], [ -52.395349, -26.988096 ], [ -52.393903, -26.997637 ], [ -52.397523, -26.997632 ], [ -52.403826, -26.989357 ], [ -52.41909, -27.006483 ], [ -52.413547, -27.008391 ], [ -52.413559, -27.018666 ], [ -52.413128, -27.036021 ], [ -52.401617, -27.036043 ], [ -52.400654, -27.07356 ], [ -52.400219, -27.090529 ], [ -52.38968, -27.09032 ], [ -52.392362, -27.096634 ], [ -52.403009, -27.104073 ], [ -52.399879, -27.107744 ], [ -52.404674, -27.110332 ], [ -52.397051, -27.112351 ], [ -52.402974, -27.119085 ], [ -52.403608, -27.119298 ], [ -52.403926, -27.119242 ], [ -52.43158, -27.114364 ], [ -52.443331, -27.124953 ], [ -52.467832, -27.131033 ], [ -52.488061, -27.114195 ], [ -52.499546, -27.11169 ], [ -52.505843, -27.117411 ], [ -52.503401, -27.121385 ], [ -52.500591, -27.128189 ], [ -52.488397, -27.134332 ], [ -52.487778, -27.139687 ], [ -52.500631, -27.143761 ], [ -52.508455, -27.139763 ], [ -52.509181, -27.142608 ], [ -52.509856, -27.145737 ], [ -52.51786, -27.148554 ], [ -52.507282, -27.155399 ], [ -52.506593, -27.159146 ], [ -52.496422, -27.166704 ], [ -52.490958, -27.166799 ], [ -52.459011, -27.173135 ], [ -52.447093, -27.18884 ], [ -52.432687, -27.198907 ], [ -52.432202, -27.190197 ], [ -52.438202, -27.183347 ], [ -52.431317, -27.180681 ], [ -52.421665, -27.192775 ], [ -52.410881, -27.181651 ], [ -52.399974, -27.189427 ], [ -52.41089, -27.198916 ], [ -52.411195, -27.202954 ], [ -52.415534, -27.202844 ], [ -52.415871, -27.207359 ], [ -52.424125, -27.209277 ], [ -52.427302, -27.215638 ], [ -52.432461, -27.217952 ], [ -52.43956, -27.2163 ], [ -52.451134, -27.220357 ], [ -52.462302, -27.228361 ], [ -52.477228, -27.233593 ], [ -52.481522, -27.244752 ], [ -52.476903, -27.262277 ], [ -52.479233, -27.264922 ], [ -52.48557, -27.266484 ], [ -52.497423, -27.264757 ], [ -52.503968, -27.264464 ], [ -52.535777, -27.259658 ], [ -52.544759, -27.239535 ], [ -52.549607, -27.238051 ], [ -52.563297, -27.24829 ], [ -52.589806, -27.247839 ], [ -52.597217, -27.253746 ], [ -52.610197, -27.262923 ], [ -52.628665, -27.265225 ], [ -52.645131, -27.25954 ], [ -52.659212, -27.237475 ], [ -52.667646, -27.237979 ], [ -52.675808, -27.24618 ], [ -52.678445, -27.267779 ], [ -52.687724, -27.282656 ], [ -52.691066, -27.283731 ], [ -52.692147, -27.283512 ], [ -52.698788, -27.281633 ], [ -52.706326, -27.272446 ], [ -52.7097, -27.243953 ], [ -52.714418, -27.236459 ], [ -52.719799, -27.234587 ], [ -52.730873, -27.239294 ], [ -52.743482, -27.25662 ], [ -52.753448, -27.257901 ], [ -52.761125, -27.249753 ], [ -52.763046, -27.242988 ], [ -52.757479, -27.217859 ], [ -52.766939, -27.20891 ], [ -52.786408, -27.204602 ], [ -52.80015, -27.202212 ], [ -52.816972, -27.200905 ], [ -52.835337, -27.209514 ], [ -52.840176, -27.208784 ], [ -52.84641, -27.202118 ], [ -52.843498, -27.177623 ], [ -52.850332, -27.168154 ], [ -52.858112, -27.167254 ] ], [ [ -52.755496, -26.453632 ], [ -52.761388, -26.457182 ], [ -52.755496, -26.453633 ], [ -52.755496, -26.453632 ] ] ] } },
{ "type": "Feature", "properties": { "MACRO_ID": "4214", "MACRO_NAME": "Grande Florianopolis", "id": "420060", "name": "Águas Mornas", "description": "Águas Mornas", "MUN_ID": "420060", "UF": "SC", "HREG_ID": "42007", "HREG_NAME": "Grande Florianópolis" }, "geometry": { "type": "Polygon", "coordinates": [ [ [ -48.901498, -28.060663 ], [ -48.916953, -28.066394 ], [ -48.932236, -28.072059 ], [ -48.942443, -28.082736 ], [ -48.937962, -28.090099 ], [ -48.942938, -28.089325 ], [ -48.947446, -28.096913 ], [ -48.951778, -28.097017 ], [ -48.95052, -28.107351 ], [ -48.969809, -28.107882 ], [ -48.972589, -28.10156 ], [ -48.969321, -28.098345 ], [ -48.97251, -28.08546 ], [ -48.967736, -28.08398 ], [ -48.975101, -28.078795 ], [ -48.975163, -28.078744 ], [ -48.980391, -28.074332 ], [ -48.983997, -28.075815 ], [ -48.991604, -28.066699 ], [ -48.997274, -28.065926 ], [ -49.005011, -28.054256 ], [ -49.012211, -28.054319 ], [ -49.022342, -28.048643 ], [ -49.022887, -28.042024 ], [ -49.03441, -28.034914 ], [ -49.038987, -28.023447 ], [ -49.035622, -28.010278 ], [ -49.044791, -28.002525 ], [ -49.044589, -27.993912 ], [ -49.051177, -27.990383 ], [ -49.050961, -27.989907 ], [ -49.103603, -28.006775 ], [ -49.113698, -28.004239 ], [ -49.11639, -28.005847 ], [ -49.124319, -28.001414 ], [ -49.128194, -28.004201 ], [ -49.136428, -28.000803 ], [ -49.146931, -28.005645 ], [ -49.148955, -28.001203 ], [ -49.145066, -27.997687 ], [ -49.145765, -27.991233 ], [ -49.150626, -27.981307 ], [ -49.155723, -27.967202 ], [ -49.16864, -27.972722 ], [ -49.176391, -27.981367 ], [ -49.183954, -27.980545 ], [ -49.19254, -27.969616 ], [ -49.218495, -27.961411 ], [ -49.224963, -27.962401 ], [ -49.242366, -27.951164 ], [ -49.264502, -27.949901 ], [ -49.286064, -27.935794 ], [ -49.308171, -27.939967 ], [ -49.310381, -27.933454 ], [ -49.305384, -27.914537 ], [ -49.300504, -27.908985 ], [ -49.29958, -27.900766 ], [ -49.284255, -27.883427 ], [ -49.281386, -27.873129 ], [ -49.295954, -27.874491 ], [ -49.308447, -27.852707 ], [ -49.310204, -27.837075 ], [ -49.319117, -27.829038 ], [ -49.338972, -27.835482 ], [ -49.3483, -27.822541 ], [ -49.355456, -27.819655 ], [ -49.356831, -27.812052 ], [ -49.367471, -27.816657 ], [ -49.381427, -27.813922 ], [ -49.39009, -27.802254 ], [ -49.408175, -27.789124 ], [ -49.413126, -27.7896 ], [ -49.424153, -27.786409 ], [ -49.428843, -27.788066 ], [ -49.420523, -27.779844 ], [ -49.429688, -27.773711 ], [ -49.424448, -27.765988 ], [ -49.43037, -27.760981 ], [ -49.433281, -27.758884 ], [ -49.458246, -27.760462 ], [ -49.459568, -27.752417 ], [ -49.468428, -27.749991 ], [ -49.472338, -27.729858 ], [ -49.468223, -27.722147 ], [ -49.46301, -27.718887 ], [ -49.463487, -27.714614 ], [ -49.458351, -27.710917 ], [ -49.460977, -27.705536 ], [ -49.468433, -27.685958 ], [ -49.47803, -27.681477 ], [ -49.48003, -27.67186 ], [ -49.49706, -27.653828 ], [ -49.503778, -27.652727 ], [ -49.505546, -27.646644 ], [ -49.505999, -27.637882 ], [ -49.509947, -27.633768 ], [ -49.509832, -27.625674 ], [ -49.505699, -27.621144 ], [ -49.508389, -27.617312 ], [ -49.50533, -27.613285 ], [ -49.507415, -27.6 ], [ -49.495552, -27.592158 ], [ -49.496498, -27.584629 ], [ -49.488275, -27.582256 ], [ -49.471801, -27.566146 ], [ -49.44337, -27.581425 ], [ -49.435893, -27.583862 ], [ -49.422082, -27.577814 ], [ -49.412468, -27.561868 ], [ -49.403344, -27.560879 ], [ -49.402268, -27.561283 ], [ -49.398702, -27.564035 ], [ -49.388561, -27.562998 ], [ -49.385558, -27.55843 ], [ -49.380363, -27.557673 ], [ -49.368665, -27.564038 ], [ -49.354533, -27.562074 ], [ -49.336142, -27.573556 ], [ -49.328891, -27.581952 ], [ -49.324708, -27.581683 ], [ -49.321768, -27.588754 ], [ -49.312267, -27.588762 ], [ -49.30396, -27.582771 ], [ -49.301047, -27.584051 ], [ -49.304565, -27.580295 ], [ -49.312594, -27.582897 ], [ -49.318632, -27.5724 ], [ -49.317983, -27.567283 ], [ -49.326482, -27.557646 ], [ -49.317892, -27.546251 ], [ -49.324975, -27.533324 ], [ -49.323406, -27.520098 ], [ -49.309661, -27.5043 ], [ -49.292975, -27.470855 ], [ -49.299412, -27.450425 ], [ -49.293358, -27.43854 ], [ -49.29497, -27.429667 ], [ -49.296281, -27.424568 ], [ -49.307032, -27.416803 ], [ -49.30827, -27.406432 ], [ -49.309442, -27.392647 ], [ -49.303747, -27.381882 ], [ -49.29269, -27.372989 ], [ -49.295015, -27.365841 ], [ -49.296504, -27.359649 ], [ -49.293345, -27.355554 ], [ -49.278318, -27.344976 ], [ -49.278982, -27.33696 ], [ -49.271403, -27.332346 ], [ -49.246496, -27.324865 ], [ -49.233239, -27.326959 ], [ -49.225162, -27.320508 ], [ -49.225066, -27.311519 ], [ -49.204826, -27.294479 ], [ -49.178945, -27.291276 ], [ -49.175201, -27.293462 ], [ -49.169718, -27.293273 ], [ -49.154, -27.289649 ], [ -49.141976, -27.28276 ], [ -49.137567, -27.281684 ], [ -49.134118, -27.279503 ], [ -49.128258, -27.281356 ], [ -49.123909, -27.276736 ], [ -49.111081, -27.279279 ], [ -49.107636, -27.275382 ], [ -49.101103, -27.276107 ], [ -49.090569, -27.276415 ], [ -49.087468, -27.275442 ], [ -49.075106, -27.270168 ], [ -49.07502, -27.275497 ], [ -49.074241, -27.276015 ], [ -49.064658, -27.277049 ], [ -49.050183, -27.271717 ], [ -49.036683, -27.271341 ], [ -49.025666, -27.261118 ], [ -49.021445, -27.255985 ], [ -49.00361, -27.252512 ], [ -48.99585, -27.246673 ], [ -48.985968, -27.246681 ], [ -48.970869, -27.237344 ], [ -48.957908, -27.222987 ], [ -48.934869, -27.212135 ], [ -48.934342, -27.211791 ], [ -48.931799, -27.204729 ], [ -48.934234, -27.203451 ], [ -48.930891, -27.201243 ], [ -48.913712, -27.196786 ], [ -48.905921, -27.188544 ], [ -48.897984, -27.190022 ], [ -48.89367, -27.182498 ], [ -48.882476, -27.183412 ], [ -48.878815, -27.176777 ], [ -48.872786, -27.174378 ], [ -48.871684, -27.174958 ], [ -48.864056, -27.167996 ], [ -48.866925, -27.165582 ], [ -48.864305, -27.162801 ], [ -48.84243, -27.155603 ], [ -48.821262, -27.138476 ], [ -48.811921, -27.135254 ], [ -48.801756, -27.144894 ], [ -48.799287, -27.154914 ], [ -48.781364, -27.151364 ], [ -48.772494, -27.145136 ], [ -48.774479, -27.135711 ], [ -48.77196, -27.134192 ], [ -48.754379, -27.135453 ], [ -48.749184, -27.148844 ], [ -48.736102, -27.14853 ], [ -48.721361, -27.142958 ], [ -48.716246, -27.144698 ], [ -48.697991, -27.138031 ], [ -48.691197, -27.13998 ], [ -48.689133, -27.141926 ], [ -48.690544, -27.149687 ], [ -48.682532, -27.153647 ], [ -48.684425, -27.158292 ], [ -48.676853, -27.1694 ], [ -48.685163, -27.166923 ], [ -48.692042, -27.169847 ], [ -48.68813, -27.168796 ], [ -48.686325, -27.172347 ], [ -48.689531, -27.179876 ], [ -48.684301, -27.195245 ], [ -48.675277, -27.19791 ], [ -48.672962, -27.207345 ], [ -48.660222, -27.215654 ], [ -48.637111, -27.212427 ], [ -48.621358, -27.211423 ], [ -48.607987, -27.210429 ], [ -48.603454, -27.217603 ], [ -48.609665, -27.226226 ], [ -48.613001, -27.24839 ], [ -48.61619, -27.250772 ], [ -48.615243, -27.274117 ], [ -48.595761, -27.316099 ], [ -48.585528, -27.320118 ], [ -48.580812, -27.312135 ], [ -48.572814, -27.313988 ], [ -48.569132, -27.308199 ], [ -48.564605, -27.307634 ], [ -48.564245, -27.314247 ], [ -48.559108, -27.311572 ], [ -48.554237, -27.313261 ], [ -48.553217, -27.303868 ], [ -48.548064, -27.305465 ], [ -48.544382, -27.297971 ], [ -48.539949, -27.297823 ], [ -48.538488, -27.324 ], [ -48.53236, -27.332595 ], [ -48.523654, -27.33364 ], [ -48.527861, -27.339915 ], [ -48.526138, -27.343248 ], [ -48.533544, -27.348294 ], [ -48.532989, -27.355139 ], [ -48.536892, -27.35695 ], [ -48.530883, -27.373953 ], [ -48.525808, -27.375688 ], [ -48.533517, -27.382612 ], [ -48.532299, -27.399129 ], [ -48.540581, -27.400425 ], [ -48.548661, -27.410571 ], [ -48.542095, -27.420122 ], [ -48.551723, -27.433188 ], [ -48.566393, -27.443213 ], [ -48.575, -27.443006 ], [ -48.57997, -27.448186 ], [ -48.604353, -27.441089 ], [ -48.606097, -27.423617 ], [ -48.608084, -27.430995 ], [ -48.605075, -27.441162 ], [ -48.586585, -27.453798 ], [ -48.585025, -27.453809 ], [ -48.540762, -27.43566 ], [ -48.532495, -27.426935 ], [ -48.526038, -27.407872 ], [ -48.482681, -27.379326 ], [ -48.425521, -27.381045 ], [ -48.421246, -27.381172 ], [ -48.416182, -27.381323 ], [ -48.416039, -27.381327 ], [ -48.409682, -27.385259 ], [ -48.410982, -27.391944 ], [ -48.409398, -27.4057 ], [ -48.404461, -27.406107 ], [ -48.40194, -27.413405 ], [ -48.398546, -27.424604 ], [ -48.389113, -27.437035 ], [ -48.371172, -27.44454 ], [ -48.36504, -27.433495 ], [ -48.35831, -27.441294 ], [ -48.3594, -27.448208 ], [ -48.370061, -27.451323 ], [ -48.374883, -27.466166 ], [ -48.37482, -27.469019 ], [ -48.375296, -27.481743 ], [ -48.387807, -27.487914 ], [ -48.415771, -27.523974 ], [ -48.425241, -27.541728 ], [ -48.428519, -27.565397 ], [ -48.427265, -27.569312 ], [ -48.42305, -27.575483 ], [ -48.422106, -27.572598 ], [ -48.419617, -27.573901 ], [ -48.412775, -27.5729 ], [ -48.419283, -27.583314 ], [ -48.419092, -27.593041 ], [ -48.426751, -27.594378 ], [ -48.432938, -27.603915 ], [ -48.435058, -27.607271 ], [ -48.431734, -27.616916 ], [ -48.439127, -27.617828 ], [ -48.444694, -27.624901 ], [ -48.445615, -27.629806 ], [ -48.449257, -27.630101 ], [ -48.463967, -27.646647 ], [ -48.474986, -27.665475 ], [ -48.480905, -27.690747 ], [ -48.500716, -27.714186 ], [ -48.501852, -27.718772 ], [ -48.506448, -27.737324 ], [ -48.506298, -27.744712 ], [ -48.501425, -27.749552 ], [ -48.498063, -27.74698 ], [ -48.499706, -27.751505 ], [ -48.495257, -27.756356 ], [ -48.487975, -27.754459 ], [ -48.485399, -27.758981 ], [ -48.476757, -27.76155 ], [ -48.475161, -27.769337 ], [ -48.482376, -27.769146 ], [ -48.485388, -27.772363 ], [ -48.487465, -27.778009 ], [ -48.483142, -27.783538 ], [ -48.488177, -27.789677 ], [ -48.498792, -27.793964 ], [ -48.506791, -27.790247 ], [ -48.506615, -27.78237 ], [ -48.515781, -27.780641 ], [ -48.526173, -27.785947 ], [ -48.532185, -27.793751 ], [ -48.539943, -27.82026 ], [ -48.543949, -27.830008 ], [ -48.567746, -27.846962 ], [ -48.575459, -27.842337 ], [ -48.578884, -27.852387 ], [ -48.579925, -27.848219 ], [ -48.586074, -27.847286 ], [ -48.597468, -27.852758 ], [ -48.601788, -27.864465 ], [ -48.599435, -27.877956 ], [ -48.591414, -27.884803 ], [ -48.587482, -27.880916 ], [ -48.57772, -27.882387 ], [ -48.574159, -27.877098 ], [ -48.57349, -27.889577 ], [ -48.582868, -27.905494 ], [ -48.586388, -27.905124 ], [ -48.598964, -27.915911 ], [ -48.619703, -27.944228 ], [ -48.624137, -27.958494 ], [ -48.619133, -27.962402 ], [ -48.624342, -27.971894 ], [ -48.630615, -27.994208 ], [ -48.629768, -28.010668 ], [ -48.61698, -28.023081 ], [ -48.60904, -28.016287 ], [ -48.598364, -28.029901 ], [ -48.599664, -28.034653 ], [ -48.604503, -28.033939 ], [ -48.609603, -28.040253 ], [ -48.606864, -28.052001 ], [ -48.609507, -28.06201 ], [ -48.61706, -28.065669 ], [ -48.619775, -28.073734 ], [ -48.626534, -28.075041 ], [ -48.62778, -28.082431 ], [ -48.631244, -28.083356 ], [ -48.630477, -28.090051 ], [ -48.637007, -28.10415 ], [ -48.636261, -28.107099 ], [ -48.630224, -28.107572 ], [ -48.634015, -28.11259 ], [ -48.635191, -28.110195 ], [ -48.639023, -28.11365 ], [ -48.66672, -28.116802 ], [ -48.678021, -28.104747 ], [ -48.684306, -28.103784 ], [ -48.701189, -28.101988 ], [ -48.700832, -28.094542 ], [ -48.706563, -28.092119 ], [ -48.70168, -28.08803 ], [ -48.707082, -28.085946 ], [ -48.706661, -28.082822 ], [ -48.716029, -28.084088 ], [ -48.762067, -28.090296 ], [ -48.770164, -28.087114 ], [ -48.776249, -28.088776 ], [ -48.796217, -28.094822 ], [ -48.807839, -28.093158 ], [ -48.810015, -28.078515 ], [ -48.821686, -28.073678 ], [ -48.824398, -28.075296 ], [ -48.832331, -28.071404 ], [ -48.849191, -28.072941 ], [ -48.869425, -28.080183 ], [ -48.868467, -28.076768 ], [ -48.872675, -28.077275 ], [ -48.874432, -28.072277 ], [ -48.889073, -28.081951 ], [ -48.894121, -28.079688 ], [ -48.901498, -28.060663 ] ] ] } },
{ "type": "Feature", "properties": { "MACRO_ID": "4215", "MACRO_NAME": "Foz do Rio Itajai", "id": "420200", "name": "Balneário Camboriú", "description": "Balneário Camboriú", "MUN_ID": "420200", "UF": "SC", "HREG_ID": "42005", "HREG_NAME": "Foz do Rio Itajaí" }, "geometry": { "type": "Polygon", "coordinates": [ [ [ -48.691197, -27.13998 ], [ -48.697991, -27.138031 ], [ -48.716246, -27.144698 ], [ -48.721361, -27.142958 ], [ -48.736102, -27.14853 ], [ -48.749184, -27.148844 ], [ -48.754379, -27.135453 ], [ -48.77196, -27.134192 ], [ -48.774479, -27.135711 ], [ -48.772494, -27.145136 ], [ -48.781364, -27.151364 ], [ -48.799287, -27.154914 ], [ -48.801756, -27.144894 ], [ -48.811921, -27.135254 ], [ -48.802655, -27.126749 ], [ -48.805687, -27.120429 ], [ -48.79366, -27.109564 ], [ -48.798482, -27.103804 ], [ -48.790299, -27.096467 ], [ -48.807872, -27.089377 ], [ -48.824265, -27.07339 ], [ -48.836777, -27.073301 ], [ -48.844708, -27.067371 ], [ -48.856073, -27.046135 ], [ -48.857498, -27.045125 ], [ -48.86341, -27.042669 ], [ -48.864534, -27.038491 ], [ -48.865076, -27.033034 ], [ -48.855327, -27.030776 ], [ -48.8551, -27.024747 ], [ -48.869081, -27.011604 ], [ -48.866493, -27.003357 ], [ -48.855464, -26.990881 ], [ -48.849633, -26.97678 ], [ -48.843825, -26.964912 ], [ -48.850624, -26.930271 ], [ -48.853526, -26.915474 ], [ -48.851102, -26.910153 ], [ -48.846362, -26.909082 ], [ -48.846262, -26.905832 ], [ -48.864799, -26.908404 ], [ -48.865476, -26.901333 ], [ -48.870932, -26.896705 ], [ -48.882666, -26.892359 ], [ -48.886761, -26.89374 ], [ -48.890795, -26.891342 ], [ -48.901676, -26.87659 ], [ -48.910645, -26.872787 ], [ -48.910542, -26.869453 ], [ -48.913977, -26.863706 ], [ -48.925005, -26.85784 ], [ -48.93587, -26.84208 ], [ -48.945717, -26.841471 ], [ -48.955505, -26.834958 ], [ -48.968187, -26.836861 ], [ -48.983892, -26.824435 ], [ -48.978058, -26.820158 ], [ -48.987797, -26.814 ], [ -48.986382, -26.806794 ], [ -48.995621, -26.806428 ], [ -49.00007, -26.802323 ], [ -49.000899, -26.792251 ], [ -48.999199, -26.786778 ], [ -49.002668, -26.784023 ], [ -49.005712, -26.782965 ], [ -49.013982, -26.789246 ], [ -49.02127, -26.787753 ], [ -49.030372, -26.777652 ], [ -49.034938, -26.773085 ], [ -49.026221, -26.764097 ], [ -49.014058, -26.762895 ], [ -49.01289, -26.745653 ], [ -48.998248, -26.747821 ], [ -48.993615, -26.74421 ], [ -48.988697, -26.736915 ], [ -48.978195, -26.734642 ], [ -48.974944, -26.726062 ], [ -48.96303, -26.720202 ], [ -48.952771, -26.70847 ], [ -48.937449, -26.692612 ], [ -48.933279, -26.673197 ], [ -48.924133, -26.667918 ], [ -48.917572, -26.645143 ], [ -48.907699, -26.649826 ], [ -48.901001, -26.648084 ], [ -48.898666, -26.657615 ], [ -48.890546, -26.656775 ], [ -48.88472, -26.657657 ], [ -48.877945, -26.641673 ], [ -48.856465, -26.634372 ], [ -48.853276, -26.633052 ], [ -48.844369, -26.631797 ], [ -48.842667, -26.627353 ], [ -48.83375, -26.629634 ], [ -48.832282, -26.640809 ], [ -48.817091, -26.638394 ], [ -48.819219, -26.645648 ], [ -48.814567, -26.648491 ], [ -48.814887, -26.657338 ], [ -48.807935, -26.657681 ], [ -48.800143, -26.679305 ], [ -48.803862, -26.682357 ], [ -48.806309, -26.697314 ], [ -48.800531, -26.712186 ], [ -48.790253, -26.70535 ], [ -48.774873, -26.705858 ], [ -48.761584, -26.728458 ], [ -48.762028, -26.737074 ], [ -48.756171, -26.740091 ], [ -48.740902, -26.736846 ], [ -48.731521, -26.729793 ], [ -48.718113, -26.728628 ], [ -48.708282, -26.725439 ], [ -48.706143, -26.724745 ], [ -48.681154, -26.717962 ], [ -48.675918, -26.750386 ], [ -48.670897, -26.761939 ], [ -48.661198, -26.770015 ], [ -48.651912, -26.770939 ], [ -48.646934, -26.761315 ], [ -48.640145, -26.765199 ], [ -48.632329, -26.779674 ], [ -48.619762, -26.788629 ], [ -48.605687, -26.788498 ], [ -48.5985, -26.771472 ], [ -48.595092, -26.782759 ], [ -48.584884, -26.7828 ], [ -48.587409, -26.790084 ], [ -48.584274, -26.795443 ], [ -48.590997, -26.796294 ], [ -48.595421, -26.80178 ], [ -48.602146, -26.826602 ], [ -48.620463, -26.826125 ], [ -48.627715, -26.835175 ], [ -48.637594, -26.868953 ], [ -48.642787, -26.901201 ], [ -48.639945, -26.913062 ], [ -48.640363, -26.919593 ], [ -48.630584, -26.928299 ], [ -48.620912, -26.92526 ], [ -48.626776, -26.936478 ], [ -48.626766, -26.959374 ], [ -48.623409, -26.960776 ], [ -48.626685, -26.964728 ], [ -48.62558, -26.971185 ], [ -48.632877, -26.971758 ], [ -48.633999, -26.977819 ], [ -48.620762, -26.999278 ], [ -48.608817, -27.004214 ], [ -48.600034, -27.002915 ], [ -48.601931, -26.995074 ], [ -48.596781, -26.992889 ], [ -48.588914, -26.996733 ], [ -48.586587, -26.991521 ], [ -48.57992, -26.993814 ], [ -48.582125, -26.999275 ], [ -48.576541, -27.009052 ], [ -48.566743, -27.007361 ], [ -48.573247, -27.017387 ], [ -48.570897, -27.023601 ], [ -48.578623, -27.025111 ], [ -48.578012, -27.039115 ], [ -48.585403, -27.044876 ], [ -48.587232, -27.060632 ], [ -48.591728, -27.061358 ], [ -48.593576, -27.072231 ], [ -48.591216, -27.079625 ], [ -48.586792, -27.080269 ], [ -48.594414, -27.085568 ], [ -48.594187, -27.090664 ], [ -48.596542, -27.08923 ], [ -48.602565, -27.095433 ], [ -48.603782, -27.091951 ], [ -48.607811, -27.092621 ], [ -48.611866, -27.099944 ], [ -48.602155, -27.124631 ], [ -48.584055, -27.145219 ], [ -48.566036, -27.155433 ], [ -48.558548, -27.15268 ], [ -48.554266, -27.157749 ], [ -48.548832, -27.157085 ], [ -48.533028, -27.147502 ], [ -48.53739, -27.142891 ], [ -48.524763, -27.12939 ], [ -48.526094, -27.126261 ], [ -48.530033, -27.128539 ], [ -48.527614, -27.123689 ], [ -48.521006, -27.118321 ], [ -48.515757, -27.121568 ], [ -48.50678, -27.110829 ], [ -48.503493, -27.114568 ], [ -48.512203, -27.132001 ], [ -48.501481, -27.145435 ], [ -48.483989, -27.148677 ], [ -48.478136, -27.142919 ], [ -48.48114, -27.138416 ], [ -48.478667, -27.134818 ], [ -48.475117, -27.146497 ], [ -48.465152, -27.144689 ], [ -48.475869, -27.155153 ], [ -48.482661, -27.154916 ], [ -48.486365, -27.164471 ], [ -48.495509, -27.16548 ], [ -48.497979, -27.169139 ], [ -48.498689, -27.192218 ], [ -48.490973, -27.20235 ], [ -48.484544, -27.198806 ], [ -48.476999, -27.199689 ], [ -48.478545, -27.205649 ], [ -48.48658, -27.21096 ], [ -48.489005, -27.208953 ], [ -48.497682, -27.217093 ], [ -48.503258, -27.214954 ], [ -48.516997, -27.220492 ], [ -48.517433, -27.216498 ], [ -48.502603, -27.206684 ], [ -48.50015, -27.200928 ], [ -48.514563, -27.184951 ], [ -48.529699, -27.180897 ], [ -48.539885, -27.182234 ], [ -48.557797, -27.198201 ], [ -48.571561, -27.202605 ], [ -48.579153, -27.211474 ], [ -48.583112, -27.209603 ], [ -48.597882, -27.218474 ], [ -48.602646, -27.219922 ], [ -48.603454, -27.217603 ], [ -48.607987, -27.210429 ], [ -48.621358, -27.211423 ], [ -48.637111, -27.212427 ], [ -48.660222, -27.215654 ], [ -48.672962, -27.207345 ], [ -48.675277, -27.19791 ], [ -48.684301, -27.195245 ], [ -48.689531, -27.179876 ], [ -48.686325, -27.172347 ], [ -48.68813, -27.168796 ], [ -48.692042, -27.169847 ], [ -48.685163, -27.166923 ], [ -48.676853, -27.1694 ], [ -48.684425, -27.158292 ], [ -48.682532, -27.153647 ], [ -48.690544, -27.149687 ], [ -48.689133, -27.141926 ], [ -48.691197, -27.13998 ] ] ] } },
{ "type": "Feature", "properties": { "MACRO_ID": "4216", "MACRO_NAME": "Vale do Itajai", "id": "420020", "name": "Agrolândia", "description": "Agrolândia", "MUN_ID": "420020", "UF": "SC", "HREG_ID": "42004", "HREG_NAME": "Alto Vale do Itajaí" }, "geometry": { "type": "Polygon", "coordinates": [ [ [ -49.782781, -27.581873 ], [ -49.789341, -27.570744 ], [ -49.823986, -27.548838 ], [ -49.829086, -27.539771 ], [ -49.83381, -27.538634 ], [ -49.831525, -27.528761 ], [ -49.839441, -27.523857 ], [ -49.838251, -27.519969 ], [ -49.845091, -27.51528 ], [ -49.851067, -27.503719 ], [ -49.849007, -27.493302 ], [ -49.865894, -27.497986 ], [ -49.880641, -27.49314 ], [ -49.891481, -27.496543 ], [ -49.893166, -27.489103 ], [ -49.887539, -27.482739 ], [ -49.894541, -27.481554 ], [ -49.889069, -27.465649 ], [ -49.894409, -27.460668 ], [ -49.892166, -27.457078 ], [ -49.895514, -27.458709 ], [ -49.900429, -27.455448 ], [ -49.900311, -27.44676 ], [ -49.905863, -27.44084 ], [ -49.910747, -27.440545 ], [ -49.90712, -27.431944 ], [ -49.914223, -27.433351 ], [ -49.918232, -27.430715 ], [ -49.919115, -27.422566 ], [ -49.924584, -27.423364 ], [ -49.922585, -27.418794 ], [ -49.929606, -27.413492 ], [ -49.928583, -27.419145 ], [ -49.943547, -27.424461 ], [ -49.946583, -27.420541 ], [ -49.940627, -27.415115 ], [ -49.950694, -27.415745 ], [ -49.945821, -27.405918 ], [ -49.949159, -27.410377 ], [ -49.953885, -27.404322 ], [ -49.955869, -27.402343 ], [ -49.955555, -27.406283 ], [ -49.961652, -27.405287 ], [ -49.965119, -27.411865 ], [ -49.968812, -27.407763 ], [ -49.970017, -27.412329 ], [ -49.986995, -27.403064 ], [ -49.988108, -27.40652 ], [ -49.978338, -27.416503 ], [ -49.987141, -27.418647 ], [ -49.991064, -27.412902 ], [ -49.995413, -27.413586 ], [ -50.007913, -27.397466 ], [ -50.011261, -27.399073 ], [ -50.008578, -27.40583 ], [ -50.015656, -27.40077 ], [ -50.014907, -27.394099 ], [ -50.019061, -27.388492 ], [ -50.011476, -27.388326 ], [ -50.014609, -27.378545 ], [ -50.021625, -27.372957 ], [ -50.033443, -27.372373 ], [ -50.030122, -27.368269 ], [ -50.032437, -27.35689 ], [ -50.040531, -27.357953 ], [ -50.043252, -27.352168 ], [ -50.049066, -27.355844 ], [ -50.043818, -27.340608 ], [ -50.047646, -27.335183 ], [ -50.042336, -27.334403 ], [ -50.03289, -27.341563 ], [ -50.027618, -27.341726 ], [ -50.024007, -27.335019 ], [ -50.02579, -27.328064 ], [ -50.018842, -27.330153 ], [ -50.010433, -27.319739 ], [ -50.017643, -27.319944 ], [ -50.019313, -27.32445 ], [ -50.027211, -27.325185 ], [ -50.041242, -27.320613 ], [ -50.052838, -27.315583 ], [ -50.04881, -27.319887 ], [ -50.056826, -27.318604 ], [ -50.058735, -27.321107 ], [ -50.062067, -27.324601 ], [ -50.062728, -27.321219 ], [ -50.059561, -27.313051 ], [ -50.062284, -27.312302 ], [ -50.062002, -27.310047 ], [ -50.071715, -27.310736 ], [ -50.07061, -27.303625 ], [ -50.074767, -27.303166 ], [ -50.075247, -27.302965 ], [ -50.089198, -27.301378 ], [ -50.088331, -27.295978 ], [ -50.099517, -27.298039 ], [ -50.103309, -27.292215 ], [ -50.129465, -27.274259 ], [ -50.134909, -27.27518 ], [ -50.143918, -27.270851 ], [ -50.168608, -27.274088 ], [ -50.175141, -27.27013 ], [ -50.18917, -27.251803 ], [ -50.199372, -27.237221 ], [ -50.207616, -27.244608 ], [ -50.219679, -27.246989 ], [ -50.228011, -27.241668 ], [ -50.23815, -27.242275 ], [ -50.244204, -27.235366 ], [ -50.2584, -27.232444 ], [ -50.266569, -27.226486 ], [ -50.260907, -27.201985 ], [ -50.264253, -27.197126 ], [ -50.272641, -27.210358 ], [ -50.277034, -27.20605 ], [ -50.289499, -27.207794 ], [ -50.287125, -27.182593 ], [ -50.292505, -27.177381 ], [ -50.284702, -27.171936 ], [ -50.283113, -27.165593 ], [ -50.298096, -27.161203 ], [ -50.303092, -27.162118 ], [ -50.30601, -27.167893 ], [ -50.30376, -27.150779 ], [ -50.309787, -27.151602 ], [ -50.30876, -27.14633 ], [ -50.318368, -27.144583 ], [ -50.313032, -27.128431 ], [ -50.317537, -27.126134 ], [ -50.320145, -27.112177 ], [ -50.326173, -27.106501 ], [ -50.329592, -27.112999 ], [ -50.332007, -27.100558 ], [ -50.337759, -27.101691 ], [ -50.3442, -27.097542 ], [ -50.348592, -27.101459 ], [ -50.346471, -27.091973 ], [ -50.327999, -27.0735 ], [ -50.315071, -27.075266 ], [ -50.310674, -27.064115 ], [ -50.324211, -27.064425 ], [ -50.334118, -27.059842 ], [ -50.318117, -27.055476 ], [ -50.319092, -27.049056 ], [ -50.324086, -27.045302 ], [ -50.31461, -27.036338 ], [ -50.318511, -27.030192 ], [ -50.315983, -27.024062 ], [ -50.318721, -27.019339 ], [ -50.309022, -27.010181 ], [ -50.313943, -27.002981 ], [ -50.305608, -26.992007 ], [ -50.293012, -26.991399 ], [ -50.294833, -26.981787 ], [ -50.29761, -26.971017 ], [ -50.290515, -26.96825 ], [ -50.278799, -26.946511 ], [ -50.284717, -26.931359 ], [ -50.273083, -26.92972 ], [ -50.275331, -26.916675 ], [ -50.261424, -26.889883 ], [ -50.263214, -26.879764 ], [ -50.278045, -26.881015 ], [ -50.282504, -26.874872 ], [ -50.255287, -26.862754 ], [ -50.244599, -26.852355 ], [ -50.244317, -26.835819 ], [ -50.230546, -26.828527 ], [ -50.219223, -26.813448 ], [ -50.196896, -26.813356 ], [ -50.170439, -26.790521 ], [ -50.154992, -26.796779 ], [ -50.154856, -26.79675 ], [ -50.143496, -26.794326 ], [ -50.137062, -26.799958 ], [ -50.124631, -26.80071 ], [ -50.102208, -26.815868 ], [ -50.085333, -26.809476 ], [ -50.098619, -26.802156 ], [ -50.105717, -26.792782 ], [ -50.107147, -26.756138 ], [ -50.120672, -26.737021 ], [ -50.113813, -26.710224 ], [ -50.116148, -26.703674 ], [ -50.118732, -26.692027 ], [ -50.123586, -26.687003 ], [ -50.132226, -26.677636 ], [ -50.135314, -26.66505 ], [ -50.129647, -26.649572 ], [ -50.1379, -26.645549 ], [ -50.13718, -26.641647 ], [ -50.132478, -26.640366 ], [ -50.12693, -26.642836 ], [ -50.121147, -26.629259 ], [ -50.117365, -26.630977 ], [ -50.118206, -26.634615 ], [ -50.111007, -26.632941 ], [ -50.115731, -26.625976 ], [ -50.111329, -26.623241 ], [ -50.113292, -26.616022 ], [ -50.125376, -26.614924 ], [ -50.118791, -26.611934 ], [ -50.128709, -26.607389 ], [ -50.119821, -26.603975 ], [ -50.129593, -26.60079 ], [ -50.131807, -26.595018 ], [ -50.127767, -26.591777 ], [ -50.128336, -26.588632 ], [ -50.13287, -26.5909 ], [ -50.132198, -26.586367 ], [ -50.124669, -26.583789 ], [ -50.131987, -26.576644 ], [ -50.124811, -26.576441 ], [ -50.119168, -26.564784 ], [ -50.120532, -26.562137 ], [ -50.129482, -26.561749 ], [ -50.122958, -26.556634 ], [ -50.131557, -26.550436 ], [ -50.124959, -26.540166 ], [ -50.125815, -26.524198 ], [ -50.121016, -26.523054 ], [ -50.115144, -26.517428 ], [ -50.111066, -26.518983 ], [ -50.104667, -26.516324 ], [ -50.090974, -26.523642 ], [ -50.079423, -26.525137 ], [ -50.067155, -26.51921 ], [ -50.058102, -26.521336 ], [ -50.032883, -26.519065 ], [ -50.019114, -26.502905 ], [ -49.995697, -26.504842 ], [ -49.990468, -26.510249 ], [ -49.985641, -26.513448 ], [ -49.981681, -26.521117 ], [ -49.970296, -26.525633 ], [ -49.972263, -26.530219 ], [ -49.961847, -26.543257 ], [ -49.955711, -26.543913 ], [ -49.958902, -26.552568 ], [ -49.953817, -26.56108 ], [ -49.954839, -26.567455 ], [ -49.945685, -26.569499 ], [ -49.9439, -26.573224 ], [ -49.931573, -26.570995 ], [ -49.912782, -26.584393 ], [ -49.90848, -26.5963 ], [ -49.910569, -26.600863 ], [ -49.896583, -26.60115 ], [ -49.895536, -26.606185 ], [ -49.884211, -26.616863 ], [ -49.879373, -26.627665 ], [ -49.881548, -26.645043 ], [ -49.874541, -26.64993 ], [ -49.87158, -26.652514 ], [ -49.864611, -26.6503 ], [ -49.856648, -26.652405 ], [ -49.846659, -26.666208 ], [ -49.846794, -26.672192 ], [ -49.838152, -26.675907 ], [ -49.838943, -26.690476 ], [ -49.828556, -26.705512 ], [ -49.82546, -26.707665 ], [ -49.812722, -26.710751 ], [ -49.807213, -26.715753 ], [ -49.803856, -26.726925 ], [ -49.79379, -26.739276 ], [ -49.792357, -26.748607 ], [ -49.781415, -26.750599 ], [ -49.775233, -26.75983 ], [ -49.772344, -26.771309 ], [ -49.771999, -26.772967 ], [ -49.753906, -26.776365 ], [ -49.749957, -26.785225 ], [ -49.741953, -26.782944 ], [ -49.730135, -26.766293 ], [ -49.72723, -26.762849 ], [ -49.72521, -26.754169 ], [ -49.728445, -26.74517 ], [ -49.719451, -26.72174 ], [ -49.710137, -26.718774 ], [ -49.702184, -26.704023 ], [ -49.693616, -26.698761 ], [ -49.681452, -26.701927 ], [ -49.674282, -26.699729 ], [ -49.664757, -26.691738 ], [ -49.653185, -26.691761 ], [ -49.651907, -26.689411 ], [ -49.644679, -26.692993 ], [ -49.640636, -26.69111 ], [ -49.623357, -26.702665 ], [ -49.616342, -26.700067 ], [ -49.615788, -26.679064 ], [ -49.62308, -26.663369 ], [ -49.621238, -26.649882 ], [ -49.615897, -26.638477 ], [ -49.604191, -26.634886 ], [ -49.594459, -26.627068 ], [ -49.585772, -26.622684 ], [ -49.584988, -26.60791 ], [ -49.579026, -26.594882 ], [ -49.582216, -26.581779 ], [ -49.564995, -26.565237 ], [ -49.565498, -26.556579 ], [ -49.549898, -26.534921 ], [ -49.549171, -26.523895 ], [ -49.542111, -26.525646 ], [ -49.537736, -26.521052 ], [ -49.526956, -26.524904 ], [ -49.511406, -26.520599 ], [ -49.491367, -26.508724 ], [ -49.477921, -26.511207 ], [ -49.45151, -26.499448 ], [ -49.442845, -26.488707 ], [ -49.439318, -26.488565 ], [ -49.432623, -26.494318 ], [ -49.424514, -26.495396 ], [ -49.415718, -26.509693 ], [ -49.390964, -26.494688 ], [ -49.377551, -26.492444 ], [ -49.374871, -26.487944 ], [ -49.365845, -26.490703 ], [ -49.364536, -26.491828 ], [ -49.354151, -26.5027 ], [ -49.354336, -26.515541 ], [ -49.339558, -26.523936 ], [ -49.332248, -26.536615 ], [ -49.320909, -26.541649 ], [ -49.298324, -26.539491 ], [ -49.293023, -26.541808 ], [ -49.291019, -26.547475 ], [ -49.289584, -26.5597 ], [ -49.298082, -26.570698 ], [ -49.287944, -26.587939 ], [ -49.288453, -26.598423 ], [ -49.285976, -26.605357 ], [ -49.275749, -26.608215 ], [ -49.269308, -26.614135 ], [ -49.265086, -26.612088 ], [ -49.240612, -26.615241 ], [ -49.240315, -26.615051 ], [ -49.227065, -26.612176 ], [ -49.22031, -26.612513 ], [ -49.222751, -26.620377 ], [ -49.206642, -26.61635 ], [ -49.199673, -26.621817 ], [ -49.182553, -26.613377 ], [ -49.172462, -26.616546 ], [ -49.166197, -26.625966 ], [ -49.163194, -26.64782 ], [ -49.155311, -26.645226 ], [ -49.147587, -26.642545 ], [ -49.145471, -26.638364 ], [ -49.140945, -26.639427 ], [ -49.129746, -26.634846 ], [ -49.132027, -26.62953 ], [ -49.12936, -26.621115 ], [ -49.123086, -26.620713 ], [ -49.113917, -26.612485 ], [ -49.114018, -26.624374 ], [ -49.109915, -26.630585 ], [ -49.11403, -26.638234 ], [ -49.110503, -26.649836 ], [ -49.106254, -26.650649 ], [ -49.106921, -26.657886 ], [ -49.101635, -26.658983 ], [ -49.098966, -26.655559 ], [ -49.074056, -26.653513 ], [ -49.070282, -26.647563 ], [ -49.068189, -26.652654 ], [ -49.05594, -26.656343 ], [ -49.046932, -26.649277 ], [ -49.036291, -26.660409 ], [ -49.031888, -26.661169 ], [ -49.017688, -26.683811 ], [ -49.025261, -26.685324 ], [ -49.033014, -26.697403 ], [ -49.048872, -26.708143 ], [ -49.044212, -26.713965 ], [ -49.044888, -26.723738 ], [ -49.03881, -26.727503 ], [ -49.039558, -26.732754 ], [ -49.050009, -26.743689 ], [ -49.045252, -26.752092 ], [ -49.034938, -26.773085 ], [ -49.030372, -26.777652 ], [ -49.02127, -26.787753 ], [ -49.013982, -26.789246 ], [ -49.005712, -26.782965 ], [ -49.002668, -26.784023 ], [ -48.999199, -26.786778 ], [ -49.000899, -26.792251 ], [ -49.00007, -26.802323 ], [ -48.995621, -26.806428 ], [ -48.986382, -26.806794 ], [ -48.987797, -26.814 ], [ -48.978058, -26.820158 ], [ -48.983892, -26.824435 ], [ -48.968187, -26.836861 ], [ -48.955505, -26.834958 ], [ -48.945717, -26.841471 ], [ -48.93587, -26.84208 ], [ -48.925005, -26.85784 ], [ -48.913977, -26.863706 ], [ -48.910542, -26.869453 ], [ -48.910645, -26.872787 ], [ -48.901676, -26.87659 ], [ -48.890795, -26.891342 ], [ -48.886761, -26.89374 ], [ -48.882666, -26.892359 ], [ -48.870932, -26.896705 ], [ -48.865476, -26.901333 ], [ -48.864799, -26.908404 ], [ -48.846262, -26.905832 ], [ -48.846362, -26.909082 ], [ -48.851102, -26.910153 ], [ -48.853526, -26.915474 ], [ -48.850624, -26.930271 ], [ -48.843825, -26.964912 ], [ -48.849633, -26.97678 ], [ -48.855464, -26.990881 ], [ -48.866493, -27.003357 ], [ -48.869081, -27.011604 ], [ -48.8551, -27.024747 ], [ -48.855327, -27.030776 ], [ -48.865076, -27.033034 ], [ -48.864534, -27.038491 ], [ -48.86341, -27.042669 ], [ -48.857498, -27.045125 ], [ -48.856073, -27.046135 ], [ -48.844708, -27.067371 ], [ -48.836777, -27.073301 ], [ -48.824265, -27.07339 ], [ -48.807872, -27.089377 ], [ -48.790299, -27.096467 ], [ -48.798482, -27.103804 ], [ -48.79366, -27.109564 ], [ -48.805687, -27.120429 ], [ -48.802655, -27.126749 ], [ -48.811921, -27.135254 ], [ -48.821262, -27.138476 ], [ -48.84243, -27.155603 ], [ -48.864305, -27.162801 ], [ -48.866925, -27.165582 ], [ -48.864056, -27.167996 ], [ -48.871684, -27.174958 ], [ -48.872786, -27.174378 ], [ -48.878815, -27.176777 ], [ -48.882476, -27.183412 ], [ -48.89367, -27.182498 ], [ -48.897984, -27.190022 ], [ -48.905921, -27.188544 ], [ -48.913712, -27.196786 ], [ -48.930891, -27.201243 ], [ -48.934234, -27.203451 ], [ -48.931799, -27.204729 ], [ -48.934342, -27.211791 ], [ -48.934869, -27.212135 ], [ -48.957908, -27.222987 ], [ -48.970869, -27.237344 ], [ -48.985968, -27.246681 ], [ -48.99585, -27.246673 ], [ -49.00361, -27.252512 ], [ -49.021445, -27.255985 ], [ -49.025666, -27.261118 ], [ -49.036683, -27.271341 ], [ -49.050183, -27.271717 ], [ -49.064658, -27.277049 ], [ -49.074241, -27.276015 ], [ -49.07502, -27.275497 ], [ -49.075106, -27.270168 ], [ -49.087468, -27.275442 ], [ -49.090569, -27.276415 ], [ -49.101103, -27.276107 ], [ -49.107636, -27.275382 ], [ -49.111081, -27.279279 ], [ -49.123909, -27.276736 ], [ -49.128258, -27.281356 ], [ -49.134118, -27.279503 ], [ -49.137567, -27.281684 ], [ -49.141976, -27.28276 ], [ -49.154, -27.289649 ], [ -49.169718, -27.293273 ], [ -49.175201, -27.293462 ], [ -49.178945, -27.291276 ], [ -49.204826, -27.294479 ], [ -49.225066, -27.311519 ], [ -49.225162, -27.320508 ], [ -49.233239, -27.326959 ], [ -49.246496, -27.324865 ], [ -49.271403, -27.332346 ], [ -49.278982, -27.33696 ], [ -49.278318, -27.344976 ], [ -49.293345, -27.355554 ], [ -49.296504, -27.359649 ], [ -49.295015, -27.365841 ], [ -49.29269, -27.372989 ], [ -49.303747, -27.381882 ], [ -49.309442, -27.392647 ], [ -49.30827, -27.406432 ], [ -49.307032, -27.416803 ], [ -49.296281, -27.424568 ], [ -49.29497, -27.429667 ], [ -49.293358, -27.43854 ], [ -49.299412, -27.450425 ], [ -49.292975, -27.470855 ], [ -49.309661, -27.5043 ], [ -49.323406, -27.520098 ], [ -49.324975, -27.533324 ], [ -49.317892, -27.546251 ], [ -49.326482, -27.557646 ], [ -49.317983, -27.567283 ], [ -49.318632, -27.5724 ], [ -49.312594, -27.582897 ], [ -49.304565, -27.580295 ], [ -49.301047, -27.584051 ], [ -49.30396, -27.582771 ], [ -49.312267, -27.588762 ], [ -49.321768, -27.588754 ], [ -49.324708, -27.581683 ], [ -49.328891, -27.581952 ], [ -49.336142, -27.573556 ], [ -49.354533, -27.562074 ], [ -49.368665, -27.564038 ], [ -49.380363, -27.557673 ], [ -49.385558, -27.55843 ], [ -49.388561, -27.562998 ], [ -49.398702, -27.564035 ], [ -49.402268, -27.561283 ], [ -49.403344, -27.560879 ], [ -49.412468, -27.561868 ], [ -49.422082, -27.577814 ], [ -49.435893, -27.583862 ], [ -49.44337, -27.581425 ], [ -49.471801, -27.566146 ], [ -49.488275, -27.582256 ], [ -49.496498, -27.584629 ], [ -49.495552, -27.592158 ], [ -49.507415, -27.6 ], [ -49.546917, -27.612253 ], [ -49.549121, -27.616404 ], [ -49.564346, -27.622044 ], [ -49.571688, -27.630707 ], [ -49.579974, -27.628822 ], [ -49.586928, -27.642988 ], [ -49.608532, -27.650026 ], [ -49.620161, -27.659918 ], [ -49.631271, -27.662231 ], [ -49.637169, -27.65889 ], [ -49.639793, -27.646787 ], [ -49.618319, -27.619129 ], [ -49.62431, -27.617309 ], [ -49.628865, -27.618167 ], [ -49.647663, -27.638433 ], [ -49.663693, -27.648834 ], [ -49.675002, -27.647129 ], [ -49.684956, -27.652705 ], [ -49.711295, -27.642957 ], [ -49.718572, -27.647634 ], [ -49.722304, -27.655373 ], [ -49.729631, -27.654422 ], [ -49.730161, -27.650817 ], [ -49.737423, -27.647856 ], [ -49.741918, -27.63087 ], [ -49.736515, -27.629073 ], [ -49.732893, -27.619012 ], [ -49.746955, -27.601048 ], [ -49.750497, -27.594454 ], [ -49.75339, -27.597342 ], [ -49.757334, -27.596043 ], [ -49.755647, -27.590891 ], [ -49.764676, -27.585704 ], [ -49.764134, -27.580781 ], [ -49.776029, -27.585695 ], [ -49.782781, -27.581873 ] ], [ [ -49.258743, -27.293741 ], [ -49.259568, -27.290826 ], [ -49.258744, -27.293741 ], [ -49.258743, -27.293741 ] ] ] } },
{ "type": "Feature", "properties": { "MACRO_ID": "4217", "MACRO_NAME": "Meio Oeste", "id": "420005", "name": "Abdon Batista", "description": "Abdon Batista", "MUN_ID": "420005", "UF": "SC", "HREG_ID": "42008", "HREG_NAME": "Meio Oeste" }, "geometry": { "type": "Polygon", "coordinates": [ [ [ -51.714788, -27.503611 ], [ -51.716469, -27.510435 ], [ -51.724721, -27.513562 ], [ -51.742206, -27.497285 ], [ -51.749188, -27.489501 ], [ -51.75296, -27.486981 ], [ -51.782433, -27.49137 ], [ -51.798134, -27.490567 ], [ -51.80243, -27.499038 ], [ -51.801811, -27.503934 ], [ -51.789711, -27.514762 ], [ -51.785432, -27.527729 ], [ -51.796632, -27.530121 ], [ -51.821643, -27.512337 ], [ -51.828808, -27.514338 ], [ -51.836427, -27.521916 ], [ -51.842721, -27.525018 ], [ -51.848536, -27.525067 ], [ -51.854025, -27.518154 ], [ -51.853404, -27.513553 ], [ -51.842237, -27.485676 ], [ -51.843684, -27.480955 ], [ -51.857242, -27.475128 ], [ -51.866642, -27.476262 ], [ -51.877597, -27.484576 ], [ -51.879674, -27.494066 ], [ -51.872755, -27.513069 ], [ -51.879267, -27.520526 ], [ -51.888892, -27.520149 ], [ -51.893064, -27.516374 ], [ -51.897479, -27.505975 ], [ -51.901901, -27.495559 ], [ -51.8996, -27.464718 ], [ -51.900488, -27.462737 ], [ -51.911381, -27.458076 ], [ -51.9276, -27.462751 ], [ -51.932613, -27.466155 ], [ -51.951789, -27.47443 ], [ -51.962191, -27.469991 ], [ -51.962136, -27.461588 ], [ -51.935457, -27.441428 ], [ -51.932497, -27.43401 ], [ -51.93697, -27.42657 ], [ -51.955413, -27.41438 ], [ -51.974087, -27.409988 ], [ -52.001724, -27.40793 ], [ -52.008086, -27.400086 ], [ -51.999714, -27.392243 ], [ -51.991402, -27.389834 ], [ -51.953968, -27.394484 ], [ -51.949365, -27.391825 ], [ -51.950519, -27.380866 ], [ -51.961448, -27.374286 ], [ -51.985235, -27.374202 ], [ -51.99256, -27.377963 ], [ -51.996352, -27.377882 ], [ -52.009144, -27.371458 ], [ -52.019333, -27.362194 ], [ -52.021959, -27.35462 ], [ -52.008251, -27.342916 ], [ -52.008765, -27.333903 ], [ -52.017778, -27.331287 ], [ -52.038365, -27.344477 ], [ -52.048388, -27.345387 ], [ -52.07263, -27.337883 ], [ -52.088808, -27.345174 ], [ -52.097503, -27.347944 ], [ -52.106589, -27.342909 ], [ -52.108981, -27.339192 ], [ -52.106732, -27.323488 ], [ -52.105693, -27.3152 ], [ -52.10742, -27.309157 ], [ -52.118578, -27.302744 ], [ -52.127902, -27.302338 ], [ -52.139246, -27.304631 ], [ -52.160927, -27.313538 ], [ -52.166783, -27.311168 ], [ -52.158414, -27.283305 ], [ -52.160479, -27.276385 ], [ -52.166106, -27.272906 ], [ -52.173358, -27.272411 ], [ -52.179745, -27.276464 ], [ -52.192677, -27.296936 ], [ -52.200392, -27.316017 ], [ -52.203213, -27.322988 ], [ -52.20967, -27.330425 ], [ -52.224201, -27.329992 ], [ -52.238913, -27.305744 ], [ -52.250254, -27.301904 ], [ -52.272691, -27.303531 ], [ -52.277458, -27.295985 ], [ -52.263377, -27.281088 ], [ -52.235683, -27.271669 ], [ -52.234616, -27.265141 ], [ -52.253426, -27.257036 ], [ -52.260734, -27.258617 ], [ -52.276725, -27.261536 ], [ -52.293295, -27.257323 ], [ -52.301268, -27.25959 ], [ -52.304567, -27.274506 ], [ -52.290797, -27.308572 ], [ -52.293406, -27.315831 ], [ -52.298639, -27.31821 ], [ -52.305046, -27.317866 ], [ -52.346243, -27.287799 ], [ -52.356104, -27.292007 ], [ -52.364606, -27.303344 ], [ -52.375213, -27.303818 ], [ -52.381116, -27.293618 ], [ -52.383354, -27.284354 ], [ -52.382034, -27.273801 ], [ -52.379948, -27.263906 ], [ -52.38158, -27.257223 ], [ -52.393216, -27.251946 ], [ -52.399367, -27.258051 ], [ -52.392699, -27.28753 ], [ -52.395361, -27.292176 ], [ -52.397195, -27.292128 ], [ -52.401438, -27.292018 ], [ -52.418858, -27.282311 ], [ -52.439975, -27.262238 ], [ -52.441618, -27.248701 ], [ -52.43146, -27.22731 ], [ -52.432461, -27.217952 ], [ -52.427302, -27.215638 ], [ -52.424125, -27.209277 ], [ -52.415871, -27.207359 ], [ -52.415534, -27.202844 ], [ -52.411195, -27.202954 ], [ -52.41089, -27.198916 ], [ -52.399974, -27.189427 ], [ -52.410881, -27.181651 ], [ -52.421665, -27.192775 ], [ -52.431317, -27.180681 ], [ -52.438202, -27.183347 ], [ -52.432202, -27.190197 ], [ -52.432687, -27.198907 ], [ -52.447093, -27.18884 ], [ -52.459011, -27.173135 ], [ -52.490958, -27.166799 ], [ -52.496422, -27.166704 ], [ -52.506593, -27.159146 ], [ -52.507282, -27.155399 ], [ -52.51786, -27.148554 ], [ -52.509856, -27.145737 ], [ -52.509181, -27.142608 ], [ -52.508455, -27.139763 ], [ -52.500631, -27.143761 ], [ -52.487778, -27.139687 ], [ -52.488397, -27.134332 ], [ -52.500591, -27.128189 ], [ -52.503401, -27.121385 ], [ -52.505843, -27.117411 ], [ -52.499546, -27.11169 ], [ -52.488061, -27.114195 ], [ -52.467832, -27.131033 ], [ -52.443331, -27.124953 ], [ -52.43158, -27.114364 ], [ -52.403926, -27.119242 ], [ -52.403608, -27.119298 ], [ -52.402974, -27.119085 ], [ -52.397051, -27.112351 ], [ -52.404674, -27.110332 ], [ -52.399879, -27.107744 ], [ -52.403009, -27.104073 ], [ -52.392362, -27.096634 ], [ -52.38968, -27.09032 ], [ -52.400219, -27.090529 ], [ -52.400654, -27.07356 ], [ -52.401617, -27.036043 ], [ -52.413128, -27.036021 ], [ -52.413559, -27.018666 ], [ -52.413547, -27.008391 ], [ -52.41909, -27.006483 ], [ -52.403826, -26.989357 ], [ -52.397523, -26.997632 ], [ -52.393903, -26.997637 ], [ -52.395349, -26.988096 ], [ -52.383079, -26.976839 ], [ -52.374934, -26.983606 ], [ -52.376439, -26.972775 ], [ -52.370054, -26.967703 ], [ -52.36689, -26.969746 ], [ -52.351889, -26.97027 ], [ -52.34508, -26.958992 ], [ -52.350805, -26.958112 ], [ -52.348166, -26.951117 ], [ -52.354521, -26.943494 ], [ -52.350111, -26.94401 ], [ -52.339104, -26.942781 ], [ -52.338071, -26.945491 ], [ -52.335834, -26.951785 ], [ -52.340244, -26.956799 ], [ -52.339786, -26.965037 ], [ -52.330186, -26.964936 ], [ -52.315033, -26.975635 ], [ -52.312287, -26.975488 ], [ -52.312932, -26.96028 ], [ -52.309227, -26.954122 ], [ -52.298701, -26.955617 ], [ -52.29999, -26.960176 ], [ -52.29659, -26.961556 ], [ -52.285834, -26.958927 ], [ -52.28652, -26.950002 ], [ -52.28142, -26.946883 ], [ -52.266292, -26.960342 ], [ -52.25992, -26.946579 ], [ -52.264585, -26.94458 ], [ -52.261295, -26.939938 ], [ -52.253874, -26.938943 ], [ -52.250163, -26.942352 ], [ -52.243405, -26.945603 ], [ -52.242226, -26.953653 ], [ -52.233994, -26.9479 ], [ -52.220013, -26.947282 ], [ -52.221317, -26.958699 ], [ -52.213337, -26.948881 ], [ -52.208946, -26.956878 ], [ -52.203273, -26.953928 ], [ -52.188775, -26.960499 ], [ -52.184963, -26.957212 ], [ -52.185224, -26.949649 ], [ -52.181554, -26.950134 ], [ -52.176186, -26.956706 ], [ -52.171458, -26.946089 ], [ -52.163658, -26.949939 ], [ -52.152674, -26.9487 ], [ -52.156167, -26.941818 ], [ -52.153692, -26.925517 ], [ -52.148663, -26.929905 ], [ -52.140064, -26.9346 ], [ -52.134105, -26.932076 ], [ -52.132126, -26.944019 ], [ -52.12639, -26.948521 ], [ -52.117104, -26.946504 ], [ -52.108101, -26.949437 ], [ -52.108751, -26.954941 ], [ -52.101983, -26.950145 ], [ -52.094183, -26.95112 ], [ -52.093353, -26.945996 ], [ -52.081875, -26.95206 ], [ -52.07217, -26.942451 ], [ -52.069884, -26.952623 ], [ -52.067168, -26.959773 ], [ -52.055167, -26.961221 ], [ -52.052588, -26.958995 ], [ -52.055405, -26.951864 ], [ -52.047986, -26.951986 ], [ -52.042448, -26.957456 ], [ -52.038549, -26.95367 ], [ -52.040344, -26.946982 ], [ -52.035792, -26.947746 ], [ -52.031219, -26.942929 ], [ -52.030973, -26.94758 ], [ -52.023875, -26.950163 ], [ -52.014115, -26.941633 ], [ -52.011995, -26.948595 ], [ -52.005148, -26.940376 ], [ -52.000881, -26.947479 ], [ -51.995382, -26.947779 ], [ -51.99492, -26.941601 ], [ -51.986475, -26.942324 ], [ -51.978688, -26.93726 ], [ -51.968413, -26.941327 ], [ -51.965986, -26.947088 ], [ -51.958306, -26.946915 ], [ -51.949831, -26.938755 ], [ -51.94139, -26.939844 ], [ -51.930284, -26.932434 ], [ -51.930066, -26.928449 ], [ -51.924942, -26.93154 ], [ -51.917556, -26.929318 ], [ -51.910932, -26.934078 ], [ -51.905534, -26.932862 ], [ -51.900288, -26.939342 ], [ -51.895104, -26.935555 ], [ -51.891423, -26.943289 ], [ -51.888405, -26.941218 ], [ -51.884993, -26.945759 ], [ -51.874539, -26.928694 ], [ -51.863178, -26.932933 ], [ -51.861868, -26.939437 ], [ -51.849959, -26.944345 ], [ -51.847733, -26.948647 ], [ -51.836683, -26.931069 ], [ -51.831134, -26.931062 ], [ -51.826839, -26.923418 ], [ -51.823582, -26.911737 ], [ -51.82585, -26.907076 ], [ -51.820121, -26.902295 ], [ -51.820591, -26.883597 ], [ -51.813409, -26.870889 ], [ -51.81299, -26.853771 ], [ -51.806651, -26.851603 ], [ -51.80931, -26.856076 ], [ -51.802889, -26.865133 ], [ -51.802365, -26.858916 ], [ -51.794917, -26.860264 ], [ -51.793534, -26.85365 ], [ -51.781973, -26.852862 ], [ -51.779643, -26.857248 ], [ -51.770966, -26.853441 ], [ -51.771971, -26.84272 ], [ -51.768378, -26.839345 ], [ -51.765443, -26.844227 ], [ -51.758024, -26.839401 ], [ -51.753829, -26.841393 ], [ -51.757633, -26.844334 ], [ -51.750135, -26.846572 ], [ -51.749074, -26.841698 ], [ -51.742722, -26.847804 ], [ -51.738904, -26.847107 ], [ -51.738666, -26.852354 ], [ -51.731089, -26.852346 ], [ -51.731685, -26.849917 ], [ -51.728174, -26.852412 ], [ -51.727749, -26.84556 ], [ -51.716792, -26.840589 ], [ -51.709532, -26.824919 ], [ -51.67942, -26.817996 ], [ -51.691891, -26.801517 ], [ -51.703861, -26.791337 ], [ -51.723024, -26.787423 ], [ -51.73685, -26.788316 ], [ -51.753304, -26.773931 ], [ -51.767929, -26.787669 ], [ -51.777369, -26.781511 ], [ -51.777555, -26.769301 ], [ -51.783677, -26.770815 ], [ -51.780838, -26.760244 ], [ -51.785457, -26.760232 ], [ -51.775016, -26.750326 ], [ -51.774058, -26.744746 ], [ -51.759852, -26.736474 ], [ -51.770093, -26.727656 ], [ -51.779292, -26.709234 ], [ -51.810321, -26.693834 ], [ -51.813926, -26.700046 ], [ -51.821368, -26.695264 ], [ -51.825051, -26.696671 ], [ -51.824835, -26.701648 ], [ -51.843592, -26.700158 ], [ -51.845189, -26.708912 ], [ -51.852592, -26.709702 ], [ -51.856194, -26.707417 ], [ -51.855716, -26.694965 ], [ -51.853369, -26.688776 ], [ -51.847346, -26.689303 ], [ -51.848115, -26.682356 ], [ -51.870276, -26.69241 ], [ -51.871238, -26.687065 ], [ -51.879238, -26.68389 ], [ -51.882743, -26.676532 ], [ -51.861707, -26.676021 ], [ -51.853554, -26.671268 ], [ -51.854969, -26.668233 ], [ -51.847937, -26.660094 ], [ -51.852159, -26.651313 ], [ -51.847034, -26.646863 ], [ -51.847631, -26.638834 ], [ -51.833046, -26.624969 ], [ -51.833477, -26.612477 ], [ -51.829666, -26.607036 ], [ -51.832532, -26.602931 ], [ -51.820699, -26.59389 ], [ -51.823114, -26.581824 ], [ -51.819061, -26.579178 ], [ -51.807294, -26.585173 ], [ -51.785815, -26.589781 ], [ -51.747943, -26.576745 ], [ -51.733649, -26.57484 ], [ -51.704135, -26.580778 ], [ -51.69457, -26.58296 ], [ -51.664579, -26.565605 ], [ -51.645682, -26.575385 ], [ -51.633139, -26.588332 ], [ -51.61464, -26.590481 ], [ -51.597475, -26.585717 ], [ -51.583947, -26.590357 ], [ -51.573329, -26.591355 ], [ -51.570461, -26.590999 ], [ -51.529718, -26.591982 ], [ -51.511076, -26.583275 ], [ -51.49917, -26.585254 ], [ -51.49377, -26.589164 ], [ -51.490409, -26.605237 ], [ -51.483612, -26.611607 ], [ -51.487052, -26.622709 ], [ -51.474879, -26.618989 ], [ -51.468329, -26.620739 ], [ -51.463946, -26.626769 ], [ -51.454255, -26.640177 ], [ -51.4553, -26.65361 ], [ -51.43907, -26.666736 ], [ -51.43486, -26.687648 ], [ -51.406663, -26.700146 ], [ -51.41104, -26.716809 ], [ -51.398236, -26.710438 ], [ -51.39255, -26.697782 ], [ -51.392425, -26.685039 ], [ -51.405416, -26.675685 ], [ -51.390759, -26.66342 ], [ -51.381054, -26.658983 ], [ -51.364628, -26.658058 ], [ -51.352747, -26.651736 ], [ -51.346931, -26.648635 ], [ -51.336068, -26.649482 ], [ -51.331415, -26.64681 ], [ -51.326198, -26.649505 ], [ -51.325482, -26.651228 ], [ -51.323313, -26.656443 ], [ -51.31061, -26.651478 ], [ -51.30531, -26.654616 ], [ -51.282933, -26.653515 ], [ -51.281356, -26.650392 ], [ -51.282238, -26.642111 ], [ -51.274264, -26.641589 ], [ -51.277093, -26.635815 ], [ -51.266956, -26.637579 ], [ -51.258157, -26.625351 ], [ -51.23888, -26.627909 ], [ -51.237345, -26.618671 ], [ -51.232517, -26.614382 ], [ -51.229388, -26.615831 ], [ -51.237345, -26.60404 ], [ -51.223636, -26.592876 ], [ -51.226808, -26.585073 ], [ -51.224156, -26.575905 ], [ -51.215482, -26.569648 ], [ -51.228233, -26.561669 ], [ -51.229453, -26.554802 ], [ -51.223295, -26.550318 ], [ -51.240125, -26.544709 ], [ -51.239127, -26.539369 ], [ -51.246573, -26.538212 ], [ -51.250929, -26.520389 ], [ -51.256502, -26.519805 ], [ -51.265482, -26.512384 ], [ -51.262578, -26.507031 ], [ -51.271812, -26.504838 ], [ -51.268554, -26.499542 ], [ -51.273806, -26.496611 ], [ -51.267726, -26.489747 ], [ -51.260769, -26.4907 ], [ -51.266107, -26.481918 ], [ -51.250468, -26.473863 ], [ -51.260094, -26.470267 ], [ -51.253498, -26.463029 ], [ -51.267319, -26.460477 ], [ -51.271055, -26.456693 ], [ -51.278291, -26.458011 ], [ -51.279873, -26.453746 ], [ -51.274078, -26.445476 ], [ -51.291212, -26.436664 ], [ -51.29401, -26.42623 ], [ -51.296815, -26.422175 ], [ -51.298718, -26.418674 ], [ -51.294227, -26.416914 ], [ -51.287157, -26.413863 ], [ -51.29189, -26.403788 ], [ -51.288729, -26.399612 ], [ -51.275476, -26.401472 ], [ -51.277791, -26.389995 ], [ -51.272896, -26.387626 ], [ -51.269525, -26.38665 ], [ -51.258956, -26.400662 ], [ -51.231596, -26.408478 ], [ -51.202096, -26.427798 ], [ -51.204438, -26.438852 ], [ -51.196157, -26.448424 ], [ -51.190816, -26.451319 ], [ -51.180805, -26.4449 ], [ -51.157469, -26.429933 ], [ -51.158114, -26.423969 ], [ -51.153625, -26.418595 ], [ -51.137691, -26.414876 ], [ -51.127387, -26.399645 ], [ -51.119426, -26.400251 ], [ -51.117261, -26.391288 ], [ -51.104649, -26.391597 ], [ -51.100837, -26.394587 ], [ -51.098914, -26.391803 ], [ -51.062188, -26.402229 ], [ -51.057868, -26.395207 ], [ -51.053391, -26.40044 ], [ -51.045265, -26.395867 ], [ -51.042439, -26.394765 ], [ -51.025021, -26.406274 ], [ -50.997149, -26.403735 ], [ -50.993808, -26.408343 ], [ -50.985642, -26.402727 ], [ -50.964789, -26.42829 ], [ -50.980582, -26.427816 ], [ -50.976858, -26.441279 ], [ -50.989714, -26.44808 ], [ -50.996515, -26.44715 ], [ -51.000006, -26.457703 ], [ -51.008789, -26.460419 ], [ -51.004572, -26.465247 ], [ -50.999013, -26.462244 ], [ -50.997894, -26.466207 ], [ -50.996527, -26.484923 ], [ -51.005317, -26.486052 ], [ -51.011322, -26.491246 ], [ -51.010925, -26.496029 ], [ -50.99547, -26.507445 ], [ -50.984655, -26.509649 ], [ -50.968886, -26.529246 ], [ -50.961663, -26.521527 ], [ -50.956208, -26.53631 ], [ -50.940346, -26.550364 ], [ -50.922705, -26.551326 ], [ -50.916764, -26.544482 ], [ -50.906961, -26.548128 ], [ -50.900889, -26.55638 ], [ -50.872429, -26.556978 ], [ -50.857161, -26.558599 ], [ -50.823926, -26.546196 ], [ -50.817845, -26.530155 ], [ -50.802984, -26.518009 ], [ -50.801124, -26.507382 ], [ -50.797906, -26.507649 ], [ -50.7957, -26.509982 ], [ -50.784647, -26.507407 ], [ -50.773901, -26.51629 ], [ -50.752974, -26.518594 ], [ -50.738339, -26.525038 ], [ -50.707802, -26.505371 ], [ -50.698636, -26.499466 ], [ -50.668455, -26.499091 ], [ -50.653364, -26.509255 ], [ -50.655221, -26.512801 ], [ -50.64123, -26.512621 ], [ -50.635979, -26.522005 ], [ -50.631115, -26.52355 ], [ -50.631086, -26.532834 ], [ -50.624514, -26.534856 ], [ -50.62139, -26.539098 ], [ -50.605144, -26.541717 ], [ -50.600922, -26.558198 ], [ -50.594673, -26.565701 ], [ -50.597635, -26.567986 ], [ -50.579424, -26.571801 ], [ -50.58112, -26.582736 ], [ -50.572829, -26.584178 ], [ -50.560617, -26.594007 ], [ -50.563355, -26.598714 ], [ -50.569728, -26.597723 ], [ -50.57903, -26.602954 ], [ -50.565732, -26.601724 ], [ -50.564058, -26.608975 ], [ -50.541415, -26.604248 ], [ -50.529761, -26.60783 ], [ -50.529987, -26.612309 ], [ -50.523455, -26.61801 ], [ -50.527154, -26.623673 ], [ -50.518433, -26.633774 ], [ -50.51537, -26.640101 ], [ -50.507737, -26.637768 ], [ -50.508484, -26.634749 ], [ -50.496048, -26.643123 ], [ -50.49249, -26.642391 ], [ -50.487565, -26.645506 ], [ -50.492469, -26.648037 ], [ -50.486849, -26.654967 ], [ -50.480168, -26.652899 ], [ -50.468763, -26.662767 ], [ -50.471258, -26.700717 ], [ -50.460504, -26.702891 ], [ -50.452201, -26.710988 ], [ -50.437535, -26.712524 ], [ -50.416257, -26.728385 ], [ -50.408684, -26.72522 ], [ -50.404449, -26.731083 ], [ -50.388932, -26.739172 ], [ -50.355519, -26.737271 ], [ -50.341595, -26.741703 ], [ -50.353392, -26.751595 ], [ -50.342441, -26.757969 ], [ -50.338769, -26.761352 ], [ -50.324697, -26.762744 ], [ -50.31233, -26.773251 ], [ -50.335266, -26.782348 ], [ -50.336644, -26.801302 ], [ -50.347787, -26.827921 ], [ -50.310807, -26.836948 ], [ -50.303282, -26.837093 ], [ -50.289519, -26.83077 ], [ -50.282615, -26.831647 ], [ -50.28043, -26.843198 ], [ -50.268406, -26.852052 ], [ -50.259655, -26.853462 ], [ -50.255287, -26.862754 ], [ -50.282504, -26.874872 ], [ -50.278045, -26.881015 ], [ -50.263214, -26.879764 ], [ -50.261424, -26.889883 ], [ -50.275331, -26.916675 ], [ -50.273083, -26.92972 ], [ -50.284717, -26.931359 ], [ -50.278799, -26.946511 ], [ -50.290515, -26.96825 ], [ -50.29761, -26.971017 ], [ -50.294833, -26.981787 ], [ -50.293012, -26.991399 ], [ -50.305608, -26.992007 ], [ -50.313943, -27.002981 ], [ -50.309022, -27.010181 ], [ -50.318721, -27.019339 ], [ -50.315983, -27.024062 ], [ -50.318511, -27.030192 ], [ -50.31461, -27.036338 ], [ -50.324086, -27.045302 ], [ -50.319092, -27.049056 ], [ -50.318117, -27.055476 ], [ -50.334118, -27.059842 ], [ -50.324211, -27.064425 ], [ -50.310674, -27.064115 ], [ -50.315071, -27.075266 ], [ -50.327999, -27.0735 ], [ -50.346471, -27.091973 ], [ -50.348592, -27.101459 ], [ -50.3442, -27.097542 ], [ -50.337759, -27.101691 ], [ -50.332007, -27.100558 ], [ -50.329592, -27.112999 ], [ -50.326173, -27.106501 ], [ -50.320145, -27.112177 ], [ -50.317537, -27.126134 ], [ -50.313032, -27.128431 ], [ -50.318368, -27.144583 ], [ -50.30876, -27.14633 ], [ -50.309787, -27.151602 ], [ -50.30376, -27.150779 ], [ -50.30601, -27.167893 ], [ -50.303092, -27.162118 ], [ -50.298096, -27.161203 ], [ -50.283113, -27.165593 ], [ -50.284702, -27.171936 ], [ -50.292505, -27.177381 ], [ -50.287125, -27.182593 ], [ -50.289499, -27.207794 ], [ -50.277034, -27.20605 ], [ -50.272641, -27.210358 ], [ -50.264253, -27.197126 ], [ -50.260907, -27.201985 ], [ -50.266569, -27.226486 ], [ -50.2584, -27.232444 ], [ -50.244204, -27.235366 ], [ -50.23815, -27.242275 ], [ -50.228011, -27.241668 ], [ -50.219679, -27.246989 ], [ -50.207616, -27.244608 ], [ -50.199372, -27.237221 ], [ -50.18917, -27.251803 ], [ -50.175141, -27.27013 ], [ -50.189064, -27.274913 ], [ -50.18247, -27.308152 ], [ -50.188864, -27.319744 ], [ -50.196318, -27.324914 ], [ -50.200617, -27.328445 ], [ -50.203025, -27.34237 ], [ -50.215973, -27.347692 ], [ -50.224675, -27.347719 ], [ -50.234506, -27.352885 ], [ -50.316624, -27.348321 ], [ -50.370727, -27.344725 ], [ -50.37534, -27.351199 ], [ -50.383899, -27.349167 ], [ -50.399521, -27.360747 ], [ -50.428569, -27.364839 ], [ -50.434262, -27.361123 ], [ -50.443453, -27.35885 ], [ -50.45037, -27.366095 ], [ -50.46262, -27.367894 ], [ -50.468224, -27.369957 ], [ -50.475582, -27.381245 ], [ -50.474553, -27.384762 ], [ -50.480148, -27.387222 ], [ -50.480589, -27.392767 ], [ -50.490009, -27.401249 ], [ -50.488286, -27.405241 ], [ -50.483317, -27.400798 ], [ -50.481398, -27.415096 ], [ -50.47688, -27.416916 ], [ -50.481837, -27.430266 ], [ -50.484521, -27.429094 ], [ -50.487561, -27.434233 ], [ -50.47976, -27.438299 ], [ -50.476985, -27.444137 ], [ -50.482003, -27.444823 ], [ -50.486929, -27.457674 ], [ -50.497482, -27.465439 ], [ -50.504844, -27.465614 ], [ -50.507734, -27.464165 ], [ -50.506561, -27.457951 ], [ -50.513059, -27.456363 ], [ -50.533309, -27.466976 ], [ -50.53379, -27.471712 ], [ -50.523732, -27.474238 ], [ -50.525007, -27.489965 ], [ -50.527701, -27.490943 ], [ -50.533036, -27.484773 ], [ -50.54279, -27.484611 ], [ -50.569328, -27.503868 ], [ -50.575901, -27.503874 ], [ -50.573069, -27.490795 ], [ -50.575792, -27.484831 ], [ -50.565234, -27.475764 ], [ -50.56395, -27.466535 ], [ -50.574639, -27.46442 ], [ -50.584703, -27.468037 ], [ -50.594762, -27.459231 ], [ -50.602987, -27.468888 ], [ -50.615117, -27.460554 ], [ -50.63434, -27.453259 ], [ -50.639037, -27.458537 ], [ -50.634263, -27.46478 ], [ -50.63756, -27.468357 ], [ -50.646094, -27.462821 ], [ -50.64582, -27.455448 ], [ -50.650238, -27.451929 ], [ -50.656291, -27.461531 ], [ -50.671654, -27.468642 ], [ -50.677621, -27.464081 ], [ -50.669979, -27.454314 ], [ -50.675457, -27.446455 ], [ -50.675312, -27.438316 ], [ -50.6801, -27.436081 ], [ -50.689543, -27.442381 ], [ -50.687647, -27.433763 ], [ -50.690754, -27.425524 ], [ -50.700872, -27.428638 ], [ -50.702007, -27.442135 ], [ -50.706816, -27.433126 ], [ -50.718064, -27.42505 ], [ -50.719704, -27.436305 ], [ -50.7122, -27.444629 ], [ -50.714755, -27.449595 ], [ -50.726174, -27.449097 ], [ -50.73648, -27.437293 ], [ -50.749287, -27.449403 ], [ -50.752904, -27.430661 ], [ -50.742422, -27.425828 ], [ -50.747212, -27.420609 ], [ -50.754151, -27.421584 ], [ -50.761542, -27.427292 ], [ -50.764668, -27.43564 ], [ -50.768016, -27.440794 ], [ -50.775563, -27.4416 ], [ -50.782179, -27.429789 ], [ -50.788693, -27.428234 ], [ -50.795487, -27.434568 ], [ -50.780821, -27.448638 ], [ -50.784264, -27.457616 ], [ -50.804815, -27.455167 ], [ -50.810117, -27.469285 ], [ -50.818875, -27.452911 ], [ -50.823194, -27.451031 ], [ -50.832805, -27.463597 ], [ -50.834207, -27.474248 ], [ -50.827195, -27.47911 ], [ -50.804756, -27.48296 ], [ -50.801987, -27.493406 ], [ -50.809058, -27.497013 ], [ -50.825916, -27.502782 ], [ -50.833436, -27.515538 ], [ -50.850297, -27.509462 ], [ -50.853388, -27.519044 ], [ -50.865614, -27.530259 ], [ -50.862058, -27.537557 ], [ -50.86199, -27.537729 ], [ -50.863741, -27.541659 ], [ -50.871633, -27.542815 ], [ -50.886104, -27.535265 ], [ -50.887687, -27.546906 ], [ -50.898233, -27.561087 ], [ -50.903919, -27.552422 ], [ -50.902511, -27.538049 ], [ -50.90713, -27.533025 ], [ -50.914292, -27.53669 ], [ -50.912522, -27.555785 ], [ -50.916335, -27.559952 ], [ -50.926895, -27.559284 ], [ -50.948014, -27.551118 ], [ -50.961402, -27.554451 ], [ -50.960021, -27.558432 ], [ -50.941061, -27.563728 ], [ -50.934546, -27.570277 ], [ -50.933577, -27.579514 ], [ -50.952034, -27.56903 ], [ -50.969013, -27.570708 ], [ -50.971651, -27.577274 ], [ -50.958641, -27.586377 ], [ -50.956042, -27.59769 ], [ -50.988562, -27.605225 ], [ -50.994232, -27.610593 ], [ -50.990769, -27.621334 ], [ -50.978153, -27.629344 ], [ -50.960743, -27.645492 ], [ -50.964457, -27.653658 ], [ -50.971529, -27.658428 ], [ -50.991586, -27.658327 ], [ -51.002539, -27.664609 ], [ -51.004044, -27.659004 ], [ -50.99512, -27.640897 ], [ -51.019388, -27.641293 ], [ -51.043273, -27.640859 ], [ -51.05108, -27.643097 ], [ -51.041809, -27.650249 ], [ -51.043602, -27.65339 ], [ -51.06959, -27.646959 ], [ -51.081441, -27.655661 ], [ -51.088918, -27.65357 ], [ -51.080458, -27.634332 ], [ -51.083818, -27.629179 ], [ -51.092552, -27.631905 ], [ -51.10225, -27.634074 ], [ -51.117339, -27.621232 ], [ -51.127035, -27.621539 ], [ -51.132636, -27.622089 ], [ -51.140957, -27.612075 ], [ -51.16158, -27.626588 ], [ -51.18286, -27.617777 ], [ -51.185076, -27.60993 ], [ -51.176848, -27.600874 ], [ -51.178212, -27.59424 ], [ -51.187185, -27.59177 ], [ -51.198107, -27.596949 ], [ -51.19972, -27.612551 ], [ -51.203476, -27.616131 ], [ -51.211903, -27.619005 ], [ -51.211544, -27.626396 ], [ -51.208503, -27.623366 ], [ -51.205147, -27.626911 ], [ -51.20686, -27.633866 ], [ -51.197907, -27.635933 ], [ -51.193731, -27.643791 ], [ -51.197451, -27.646611 ], [ -51.192154, -27.654541 ], [ -51.208632, -27.670414 ], [ -51.210283, -27.685424 ], [ -51.222082, -27.722759 ], [ -51.226436, -27.719386 ], [ -51.234449, -27.720156 ], [ -51.242653, -27.729277 ], [ -51.251798, -27.730927 ], [ -51.263295, -27.738736 ], [ -51.272532, -27.73519 ], [ -51.272039, -27.730082 ], [ -51.27562, -27.723534 ], [ -51.293027, -27.724983 ], [ -51.3083, -27.71895 ], [ -51.308522, -27.711919 ], [ -51.30159, -27.702027 ], [ -51.310534, -27.695491 ], [ -51.312408, -27.683147 ], [ -51.313002, -27.677477 ], [ -51.317601, -27.672715 ], [ -51.33105, -27.670663 ], [ -51.351509, -27.679605 ], [ -51.369083, -27.672116 ], [ -51.376581, -27.661697 ], [ -51.369587, -27.636059 ], [ -51.381374, -27.624742 ], [ -51.38726, -27.623262 ], [ -51.404743, -27.632505 ], [ -51.410651, -27.644915 ], [ -51.411746, -27.64861 ], [ -51.41976, -27.654447 ], [ -51.433749, -27.654516 ], [ -51.436694, -27.651366 ], [ -51.435146, -27.632637 ], [ -51.439981, -27.623592 ], [ -51.45729, -27.607379 ], [ -51.470015, -27.602842 ], [ -51.474747, -27.600028 ], [ -51.477363, -27.569646 ], [ -51.489579, -27.559013 ], [ -51.508074, -27.556152 ], [ -51.535949, -27.562656 ], [ -51.548624, -27.559576 ], [ -51.554863, -27.567145 ], [ -51.55779, -27.581097 ], [ -51.559935, -27.583438 ], [ -51.567501, -27.58436 ], [ -51.577904, -27.57665 ], [ -51.585083, -27.569193 ], [ -51.586473, -27.562842 ], [ -51.577452, -27.529632 ], [ -51.581603, -27.522637 ], [ -51.593544, -27.524864 ], [ -51.607339, -27.541183 ], [ -51.618038, -27.546094 ], [ -51.626039, -27.54477 ], [ -51.630961, -27.531147 ], [ -51.619197, -27.500307 ], [ -51.622197, -27.493683 ], [ -51.631735, -27.488434 ], [ -51.642145, -27.491464 ], [ -51.645803, -27.512681 ], [ -51.650774, -27.519376 ], [ -51.658509, -27.519172 ], [ -51.669241, -27.514216 ], [ -51.676132, -27.506258 ], [ -51.672067, -27.492543 ], [ -51.677167, -27.48276 ], [ -51.683999, -27.479019 ], [ -51.69217, -27.477755 ], [ -51.699337, -27.479045 ], [ -51.706409, -27.484717 ], [ -51.714788, -27.503611 ] ] ] } },
{ "type": "Feature", "properties": { "MACRO_ID": "4218", "MACRO_NAME": "Serra Catarinense", "id": "420100", "name": "Anita Garibaldi", "description": "Anita Garibaldi", "MUN_ID": "420100", "UF": "SC", "HREG_ID": "42013", "HREG_NAME": "Serra Catarinense" }, "geometry": { "type": "Polygon", "coordinates": [ [ [ -50.748716, -28.248443 ], [ -50.753378, -28.242557 ], [ -50.751965, -28.232594 ], [ -50.758144, -28.209413 ], [ -50.759727, -28.204992 ], [ -50.761116, -28.191794 ], [ -50.766182, -28.187915 ], [ -50.777428, -28.199959 ], [ -50.788178, -28.197932 ], [ -50.788496, -28.189097 ], [ -50.782116, -28.175716 ], [ -50.791845, -28.160041 ], [ -50.784361, -28.14509 ], [ -50.78913, -28.138811 ], [ -50.818033, -28.140042 ], [ -50.827972, -28.118741 ], [ -50.83556, -28.118369 ], [ -50.859588, -28.139348 ], [ -50.867339, -28.138983 ], [ -50.874473, -28.131446 ], [ -50.868378, -28.109318 ], [ -50.875588, -28.094334 ], [ -50.881128, -28.090302 ], [ -50.898211, -28.089364 ], [ -50.903107, -28.086441 ], [ -50.899855, -28.077708 ], [ -50.881458, -28.067594 ], [ -50.874951, -28.054788 ], [ -50.874458, -28.0409 ], [ -50.876974, -28.037146 ], [ -50.893366, -28.019602 ], [ -50.903309, -28.016166 ], [ -50.922431, -28.011409 ], [ -50.920291, -28.00026 ], [ -50.928947, -27.990187 ], [ -50.924015, -27.980143 ], [ -50.928348, -27.968619 ], [ -50.944803, -27.968603 ], [ -50.977086, -27.952435 ], [ -50.979138, -27.947524 ], [ -50.979792, -27.945204 ], [ -50.985867, -27.941424 ], [ -50.992619, -27.944841 ], [ -51.000724, -27.962883 ], [ -51.006563, -27.964643 ], [ -51.018674, -27.955953 ], [ -51.020313, -27.944143 ], [ -51.015621, -27.927812 ], [ -51.018143, -27.923525 ], [ -51.049544, -27.907541 ], [ -51.057377, -27.899986 ], [ -51.054976, -27.886616 ], [ -51.051466, -27.8697 ], [ -51.058593, -27.865064 ], [ -51.072922, -27.864288 ], [ -51.079977, -27.858588 ], [ -51.077371, -27.840819 ], [ -51.087248, -27.831407 ], [ -51.103258, -27.827294 ], [ -51.1241, -27.832494 ], [ -51.124956, -27.832522 ], [ -51.13077, -27.82986 ], [ -51.132579, -27.80585 ], [ -51.133856, -27.804371 ], [ -51.15446, -27.803343 ], [ -51.170218, -27.79206 ], [ -51.170789, -27.791576 ], [ -51.18809, -27.777318 ], [ -51.208847, -27.776429 ], [ -51.221806, -27.769331 ], [ -51.227764, -27.77313 ], [ -51.234599, -27.778937 ], [ -51.242646, -27.77514 ], [ -51.247107, -27.758891 ], [ -51.273155, -27.749258 ], [ -51.272532, -27.73519 ], [ -51.263295, -27.738736 ], [ -51.251798, -27.730927 ], [ -51.242653, -27.729277 ], [ -51.234449, -27.720156 ], [ -51.226436, -27.719386 ], [ -51.222082, -27.722759 ], [ -51.210283, -27.685424 ], [ -51.208632, -27.670414 ], [ -51.192154, -27.654541 ], [ -51.197451, -27.646611 ], [ -51.193731, -27.643791 ], [ -51.197907, -27.635933 ], [ -51.20686, -27.633866 ], [ -51.205147, -27.626911 ], [ -51.208503, -27.623366 ], [ -51.211544, -27.626396 ], [ -51.211903, -27.619005 ], [ -51.203476, -27.616131 ], [ -51.19972, -27.612551 ], [ -51.198107, -27.596949 ], [ -51.187185, -27.59177 ], [ -51.178212, -27.59424 ], [ -51.176848, -27.600874 ], [ -51.185076, -27.60993 ], [ -51.18286, -27.617777 ], [ -51.16158, -27.626588 ], [ -51.140957, -27.612075 ], [ -51.132636, -27.622089 ], [ -51.127035, -27.621539 ], [ -51.117339, -27.621232 ], [ -51.10225, -27.634074 ], [ -51.092552, -27.631905 ], [ -51.083818, -27.629179 ], [ -51.080458, -27.634332 ], [ -51.088918, -27.65357 ], [ -51.081441, -27.655661 ], [ -51.06959, -27.646959 ], [ -51.043602, -27.65339 ], [ -51.041809, -27.650249 ], [ -51.05108, -27.643097 ], [ -51.043273, -27.640859 ], [ -51.019388, -27.641293 ], [ -50.99512, -27.640897 ], [ -51.004044, -27.659004 ], [ -51.002539, -27.664609 ], [ -50.991586, -27.658327 ], [ -50.971529, -27.658428 ], [ -50.964457, -27.653658 ], [ -50.960743, -27.645492 ], [ -50.978153, -27.629344 ], [ -50.990769, -27.621334 ], [ -50.994232, -27.610593 ], [ -50.988562, -27.605225 ], [ -50.956042, -27.59769 ], [ -50.958641, -27.586377 ], [ -50.971651, -27.577274 ], [ -50.969013, -27.570708 ], [ -50.952034, -27.56903 ], [ -50.933577, -27.579514 ], [ -50.934546, -27.570277 ], [ -50.941061, -27.563728 ], [ -50.960021, -27.558432 ], [ -50.961402, -27.554451 ], [ -50.948014, -27.551118 ], [ -50.926895, -27.559284 ], [ -50.916335, -27.559952 ], [ -50.912522, -27.555785 ], [ -50.914292, -27.53669 ], [ -50.90713, -27.533025 ], [ -50.902511, -27.538049 ], [ -50.903919, -27.552422 ], [ -50.898233, -27.561087 ], [ -50.887687, -27.546906 ], [ -50.886104, -27.535265 ], [ -50.871633, -27.542815 ], [ -50.863741, -27.541659 ], [ -50.86199, -27.537729 ], [ -50.862058, -27.537557 ], [ -50.865614, -27.530259 ], [ -50.853388, -27.519044 ], [ -50.850297, -27.509462 ], [ -50.833436, -27.515538 ], [ -50.825916, -27.502782 ], [ -50.809058, -27.497013 ], [ -50.801987, -27.493406 ], [ -50.804756, -27.48296 ], [ -50.827195, -27.47911 ], [ -50.834207, -27.474248 ], [ -50.832805, -27.463597 ], [ -50.823194, -27.451031 ], [ -50.818875, -27.452911 ], [ -50.810117, -27.469285 ], [ -50.804815, -27.455167 ], [ -50.784264, -27.457616 ], [ -50.780821, -27.448638 ], [ -50.795487, -27.434568 ], [ -50.788693, -27.428234 ], [ -50.782179, -27.429789 ], [ -50.775563, -27.4416 ], [ -50.768016, -27.440794 ], [ -50.764668, -27.43564 ], [ -50.761542, -27.427292 ], [ -50.754151, -27.421584 ], [ -50.747212, -27.420609 ], [ -50.742422, -27.425828 ], [ -50.752904, -27.430661 ], [ -50.749287, -27.449403 ], [ -50.73648, -27.437293 ], [ -50.726174, -27.449097 ], [ -50.714755, -27.449595 ], [ -50.7122, -27.444629 ], [ -50.719704, -27.436305 ], [ -50.718064, -27.42505 ], [ -50.706816, -27.433126 ], [ -50.702007, -27.442135 ], [ -50.700872, -27.428638 ], [ -50.690754, -27.425524 ], [ -50.687647, -27.433763 ], [ -50.689543, -27.442381 ], [ -50.6801, -27.436081 ], [ -50.675312, -27.438316 ], [ -50.675457, -27.446455 ], [ -50.669979, -27.454314 ], [ -50.677621, -27.464081 ], [ -50.671654, -27.468642 ], [ -50.656291, -27.461531 ], [ -50.650238, -27.451929 ], [ -50.64582, -27.455448 ], [ -50.646094, -27.462821 ], [ -50.63756, -27.468357 ], [ -50.634263, -27.46478 ], [ -50.639037, -27.458537 ], [ -50.63434, -27.453259 ], [ -50.615117, -27.460554 ], [ -50.602987, -27.468888 ], [ -50.594762, -27.459231 ], [ -50.584703, -27.468037 ], [ -50.574639, -27.46442 ], [ -50.56395, -27.466535 ], [ -50.565234, -27.475764 ], [ -50.575792, -27.484831 ], [ -50.573069, -27.490795 ], [ -50.575901, -27.503874 ], [ -50.569328, -27.503868 ], [ -50.54279, -27.484611 ], [ -50.533036, -27.484773 ], [ -50.527701, -27.490943 ], [ -50.525007, -27.489965 ], [ -50.523732, -27.474238 ], [ -50.53379, -27.471712 ], [ -50.533309, -27.466976 ], [ -50.513059, -27.456363 ], [ -50.506561, -27.457951 ], [ -50.507734, -27.464165 ], [ -50.504844, -27.465614 ], [ -50.497482, -27.465439 ], [ -50.486929, -27.457674 ], [ -50.482003, -27.444823 ], [ -50.476985, -27.444137 ], [ -50.47976, -27.438299 ], [ -50.487561, -27.434233 ], [ -50.484521, -27.429094 ], [ -50.481837, -27.430266 ], [ -50.47688, -27.416916 ], [ -50.481398, -27.415096 ], [ -50.483317, -27.400798 ], [ -50.488286, -27.405241 ], [ -50.490009, -27.401249 ], [ -50.480589, -27.392767 ], [ -50.480148, -27.387222 ], [ -50.474553, -27.384762 ], [ -50.475582, -27.381245 ], [ -50.468224, -27.369957 ], [ -50.46262, -27.367894 ], [ -50.45037, -27.366095 ], [ -50.443453, -27.35885 ], [ -50.434262, -27.361123 ], [ -50.428569, -27.364839 ], [ -50.399521, -27.360747 ], [ -50.383899, -27.349167 ], [ -50.37534, -27.351199 ], [ -50.370727, -27.344725 ], [ -50.316624, -27.348321 ], [ -50.234506, -27.352885 ], [ -50.224675, -27.347719 ], [ -50.215973, -27.347692 ], [ -50.203025, -27.34237 ], [ -50.200617, -27.328445 ], [ -50.196318, -27.324914 ], [ -50.188864, -27.319744 ], [ -50.18247, -27.308152 ], [ -50.189064, -27.274913 ], [ -50.175141, -27.27013 ], [ -50.168608, -27.274088 ], [ -50.143918, -27.270851 ], [ -50.134909, -27.27518 ], [ -50.129465, -27.274259 ], [ -50.103309, -27.292215 ], [ -50.099517, -27.298039 ], [ -50.088331, -27.295978 ], [ -50.089198, -27.301378 ], [ -50.075247, -27.302965 ], [ -50.074767, -27.303166 ], [ -50.07061, -27.303625 ], [ -50.071715, -27.310736 ], [ -50.062002, -27.310047 ], [ -50.062284, -27.312302 ], [ -50.059561, -27.313051 ], [ -50.062728, -27.321219 ], [ -50.062067, -27.324601 ], [ -50.058735, -27.321107 ], [ -50.056826, -27.318604 ], [ -50.04881, -27.319887 ], [ -50.052838, -27.315583 ], [ -50.041242, -27.320613 ], [ -50.027211, -27.325185 ], [ -50.019313, -27.32445 ], [ -50.017643, -27.319944 ], [ -50.010433, -27.319739 ], [ -50.018842, -27.330153 ], [ -50.02579, -27.328064 ], [ -50.024007, -27.335019 ], [ -50.027618, -27.341726 ], [ -50.03289, -27.341563 ], [ -50.042336, -27.334403 ], [ -50.047646, -27.335183 ], [ -50.043818, -27.340608 ], [ -50.049066, -27.355844 ], [ -50.043252, -27.352168 ], [ -50.040531, -27.357953 ], [ -50.032437, -27.35689 ], [ -50.030122, -27.368269 ], [ -50.033443, -27.372373 ], [ -50.021625, -27.372957 ], [ -50.014609, -27.378545 ], [ -50.011476, -27.388326 ], [ -50.019061, -27.388492 ], [ -50.014907, -27.394099 ], [ -50.015656, -27.40077 ], [ -50.008578, -27.40583 ], [ -50.011261, -27.399073 ], [ -50.007913, -27.397466 ], [ -49.995413, -27.413586 ], [ -49.991064, -27.412902 ], [ -49.987141, -27.418647 ], [ -49.978338, -27.416503 ], [ -49.988108, -27.40652 ], [ -49.986995, -27.403064 ], [ -49.970017, -27.412329 ], [ -49.968812, -27.407763 ], [ -49.965119, -27.411865 ], [ -49.961652, -27.405287 ], [ -49.955555, -27.406283 ], [ -49.955869, -27.402343 ], [ -49.953885, -27.404322 ], [ -49.949159, -27.410377 ], [ -49.945821, -27.405918 ], [ -49.950694, -27.415745 ], [ -49.940627, -27.415115 ], [ -49.946583, -27.420541 ], [ -49.943547, -27.424461 ], [ -49.928583, -27.419145 ], [ -49.929606, -27.413492 ], [ -49.922585, -27.418794 ], [ -49.924584, -27.423364 ], [ -49.919115, -27.422566 ], [ -49.918232, -27.430715 ], [ -49.914223, -27.433351 ], [ -49.90712, -27.431944 ], [ -49.910747, -27.440545 ], [ -49.905863, -27.44084 ], [ -49.900311, -27.44676 ], [ -49.900429, -27.455448 ], [ -49.895514, -27.458709 ], [ -49.892166, -27.457078 ], [ -49.894409, -27.460668 ], [ -49.889069, -27.465649 ], [ -49.894541, -27.481554 ], [ -49.887539, -27.482739 ], [ -49.893166, -27.489103 ], [ -49.891481, -27.496543 ], [ -49.880641, -27.49314 ], [ -49.865894, -27.497986 ], [ -49.849007, -27.493302 ], [ -49.851067, -27.503719 ], [ -49.845091, -27.51528 ], [ -49.838251, -27.519969 ], [ -49.839441, -27.523857 ], [ -49.831525, -27.528761 ], [ -49.83381, -27.538634 ], [ -49.829086, -27.539771 ], [ -49.823986, -27.548838 ], [ -49.789341, -27.570744 ], [ -49.782781, -27.581873 ], [ -49.776029, -27.585695 ], [ -49.764134, -27.580781 ], [ -49.764676, -27.585704 ], [ -49.755647, -27.590891 ], [ -49.757334, -27.596043 ], [ -49.75339, -27.597342 ], [ -49.750497, -27.594454 ], [ -49.746955, -27.601048 ], [ -49.732893, -27.619012 ], [ -49.736515, -27.629073 ], [ -49.741918, -27.63087 ], [ -49.737423, -27.647856 ], [ -49.730161, -27.650817 ], [ -49.729631, -27.654422 ], [ -49.722304, -27.655373 ], [ -49.718572, -27.647634 ], [ -49.711295, -27.642957 ], [ -49.684956, -27.652705 ], [ -49.675002, -27.647129 ], [ -49.663693, -27.648834 ], [ -49.647663, -27.638433 ], [ -49.628865, -27.618167 ], [ -49.62431, -27.617309 ], [ -49.618319, -27.619129 ], [ -49.639793, -27.646787 ], [ -49.637169, -27.65889 ], [ -49.631271, -27.662231 ], [ -49.620161, -27.659918 ], [ -49.608532, -27.650026 ], [ -49.586928, -27.642988 ], [ -49.579974, -27.628822 ], [ -49.571688, -27.630707 ], [ -49.564346, -27.622044 ], [ -49.549121, -27.616404 ], [ -49.546917, -27.612253 ], [ -49.507415, -27.6 ], [ -49.50533, -27.613285 ], [ -49.508389, -27.617312 ], [ -49.505699, -27.621144 ], [ -49.509832, -27.625674 ], [ -49.509947, -27.633768 ], [ -49.505999, -27.637882 ], [ -49.505546, -27.646644 ], [ -49.503778, -27.652727 ], [ -49.49706, -27.653828 ], [ -49.48003, -27.67186 ], [ -49.47803, -27.681477 ], [ -49.468433, -27.685958 ], [ -49.460977, -27.705536 ], [ -49.458351, -27.710917 ], [ -49.463487, -27.714614 ], [ -49.46301, -27.718887 ], [ -49.468223, -27.722147 ], [ -49.472338, -27.729858 ], [ -49.468428, -27.749991 ], [ -49.459568, -27.752417 ], [ -49.458246, -27.760462 ], [ -49.433281, -27.758884 ], [ -49.43037, -27.760981 ], [ -49.424448, -27.765988 ], [ -49.429688, -27.773711 ], [ -49.420523, -27.779844 ], [ -49.428843, -27.788066 ], [ -49.424153, -27.786409 ], [ -49.413126, -27.7896 ], [ -49.408175, -27.789124 ], [ -49.39009, -27.802254 ], [ -49.381427, -27.813922 ], [ -49.367471, -27.816657 ], [ -49.356831, -27.812052 ], [ -49.355456, -27.819655 ], [ -49.3483, -27.822541 ], [ -49.338972, -27.835482 ], [ -49.319117, -27.829038 ], [ -49.310204, -27.837075 ], [ -49.308447, -27.852707 ], [ -49.295954, -27.874491 ], [ -49.281386, -27.873129 ], [ -49.284255, -27.883427 ], [ -49.29958, -27.900766 ], [ -49.300504, -27.908985 ], [ -49.305384, -27.914537 ], [ -49.310381, -27.933454 ], [ -49.308171, -27.939967 ], [ -49.31308, -27.956206 ], [ -49.307691, -27.965101 ], [ -49.310678, -27.969941 ], [ -49.317901, -27.982501 ], [ -49.323543, -27.983306 ], [ -49.340247, -27.987317 ], [ -49.349573, -27.998261 ], [ -49.3478, -28.004647 ], [ -49.357942, -28.020315 ], [ -49.355054, -28.028319 ], [ -49.371846, -28.044952 ], [ -49.366683, -28.052752 ], [ -49.368351, -28.061089 ], [ -49.388522, -28.071429 ], [ -49.392733, -28.067468 ], [ -49.395046, -28.07014 ], [ -49.39425, -28.073385 ], [ -49.397785, -28.073253 ], [ -49.398256, -28.079701 ], [ -49.404144, -28.080332 ], [ -49.405437, -28.087661 ], [ -49.399525, -28.087429 ], [ -49.399494, -28.097641 ], [ -49.389393, -28.10049 ], [ -49.395182, -28.106063 ], [ -49.394266, -28.110986 ], [ -49.413868, -28.112964 ], [ -49.42788, -28.118197 ], [ -49.433192, -28.11407 ], [ -49.442108, -28.127009 ], [ -49.440678, -28.131867 ], [ -49.461288, -28.139214 ], [ -49.460977, -28.135403 ], [ -49.476582, -28.131894 ], [ -49.471459, -28.126827 ], [ -49.474038, -28.125144 ], [ -49.48802, -28.126904 ], [ -49.493256, -28.133829 ], [ -49.491875, -28.145093 ], [ -49.500159, -28.146593 ], [ -49.501471, -28.15054 ], [ -49.510303, -28.154672 ], [ -49.507866, -28.156279 ], [ -49.510826, -28.159112 ], [ -49.506153, -28.160404 ], [ -49.514523, -28.170469 ], [ -49.511226, -28.172554 ], [ -49.530051, -28.187299 ], [ -49.527586, -28.192503 ], [ -49.532092, -28.197945 ], [ -49.529124, -28.200292 ], [ -49.531937, -28.20691 ], [ -49.526088, -28.208516 ], [ -49.528143, -28.21445 ], [ -49.535112, -28.218263 ], [ -49.529871, -28.225687 ], [ -49.550222, -28.239152 ], [ -49.533554, -28.240932 ], [ -49.54108, -28.247019 ], [ -49.534491, -28.247191 ], [ -49.535603, -28.250071 ], [ -49.531234, -28.252854 ], [ -49.537731, -28.258884 ], [ -49.54278, -28.258422 ], [ -49.547333, -28.272783 ], [ -49.542346, -28.27022 ], [ -49.541872, -28.272642 ], [ -49.536562, -28.272074 ], [ -49.53432, -28.266324 ], [ -49.522174, -28.271282 ], [ -49.516011, -28.262472 ], [ -49.5206, -28.275194 ], [ -49.525272, -28.275767 ], [ -49.527505, -28.285929 ], [ -49.522231, -28.297529 ], [ -49.526048, -28.305715 ], [ -49.523466, -28.30765 ], [ -49.531637, -28.306358 ], [ -49.535367, -28.313748 ], [ -49.532132, -28.315707 ], [ -49.535141, -28.331799 ], [ -49.5449, -28.34442 ], [ -49.531687, -28.342465 ], [ -49.532433, -28.350682 ], [ -49.551412, -28.352424 ], [ -49.550572, -28.367099 ], [ -49.559602, -28.372094 ], [ -49.553132, -28.376535 ], [ -49.55133, -28.384141 ], [ -49.543185, -28.382921 ], [ -49.552196, -28.399691 ], [ -49.544748, -28.401703 ], [ -49.566833, -28.413564 ], [ -49.55741, -28.424245 ], [ -49.560385, -28.434503 ], [ -49.54944, -28.435969 ], [ -49.550268, -28.44054 ], [ -49.537593, -28.43459 ], [ -49.536087, -28.428021 ], [ -49.534331, -28.435223 ], [ -49.54303, -28.439725 ], [ -49.549113, -28.448884 ], [ -49.546693, -28.45321 ], [ -49.550831, -28.450742 ], [ -49.554837, -28.460494 ], [ -49.559643, -28.459904 ], [ -49.558858, -28.465237 ], [ -49.562337, -28.466549 ], [ -49.554948, -28.473938 ], [ -49.551944, -28.483685 ], [ -49.548914, -28.483542 ], [ -49.555252, -28.493713 ], [ -49.562026, -28.493733 ], [ -49.566829, -28.497574 ], [ -49.568405, -28.503703 ], [ -49.590451, -28.500731 ], [ -49.58919, -28.505718 ], [ -49.592894, -28.502917 ], [ -49.600215, -28.51411 ], [ -49.595261, -28.516 ], [ -49.59757, -28.521947 ], [ -49.60533, -28.520228 ], [ -49.616838, -28.530957 ], [ -49.646858, -28.5432 ], [ -49.656198, -28.565889 ], [ -49.64899, -28.567595 ], [ -49.647175, -28.581819 ], [ -49.643538, -28.583602 ], [ -49.651768, -28.593443 ], [ -49.646953, -28.598178 ], [ -49.653895, -28.602324 ], [ -49.667112, -28.602431 ], [ -49.670569, -28.606231 ], [ -49.667243, -28.611702 ], [ -49.684526, -28.620932 ], [ -49.6931, -28.624528 ], [ -49.691143, -28.618465 ], [ -49.698446, -28.606207 ], [ -49.709381, -28.604214 ], [ -49.712208, -28.593724 ], [ -49.707689, -28.582644 ], [ -49.711003, -28.572891 ], [ -49.719457, -28.576476 ], [ -49.724984, -28.569476 ], [ -49.729988, -28.551558 ], [ -49.7485, -28.54516 ], [ -49.746274, -28.535762 ], [ -49.726605, -28.518784 ], [ -49.728721, -28.514186 ], [ -49.736142, -28.511605 ], [ -49.736697, -28.510123 ], [ -49.743566, -28.506452 ], [ -49.739316, -28.499558 ], [ -49.744862, -28.493434 ], [ -49.762215, -28.501712 ], [ -49.770534, -28.492488 ], [ -49.764991, -28.482369 ], [ -49.764227, -28.459566 ], [ -49.768188, -28.459079 ], [ -49.772571, -28.466853 ], [ -49.781334, -28.471693 ], [ -49.777946, -28.475379 ], [ -49.785523, -28.487713 ], [ -49.780559, -28.494104 ], [ -49.782915, -28.495773 ], [ -49.790832, -28.494747 ], [ -49.802327, -28.483431 ], [ -49.810084, -28.46738 ], [ -49.816474, -28.468633 ], [ -49.815539, -28.477929 ], [ -49.810543, -28.483354 ], [ -49.82542, -28.477747 ], [ -49.839325, -28.495757 ], [ -49.844951, -28.492819 ], [ -49.840907, -28.484388 ], [ -49.865861, -28.487217 ], [ -49.868862, -28.480216 ], [ -49.863385, -28.473241 ], [ -49.863185, -28.462411 ], [ -49.876916, -28.454184 ], [ -49.872209, -28.450308 ], [ -49.858451, -28.448579 ], [ -49.854339, -28.443511 ], [ -49.859478, -28.44163 ], [ -49.870819, -28.440611 ], [ -49.882576, -28.446926 ], [ -49.887487, -28.441448 ], [ -49.892591, -28.439585 ], [ -49.897162, -28.444516 ], [ -49.88815, -28.457599 ], [ -49.899917, -28.463548 ], [ -49.914342, -28.45907 ], [ -49.928246, -28.450664 ], [ -49.937503, -28.457986 ], [ -49.930254, -28.463142 ], [ -49.928081, -28.470342 ], [ -49.943725, -28.48197 ], [ -49.950736, -28.465974 ], [ -49.951838, -28.449963 ], [ -49.958381, -28.449222 ], [ -49.966366, -28.455024 ], [ -49.971061, -28.438688 ], [ -49.988009, -28.444381 ], [ -49.987134, -28.455455 ], [ -50.002245, -28.456854 ], [ -50.012415, -28.450348 ], [ -50.015889, -28.44969 ], [ -50.019136, -28.451105 ], [ -50.025111, -28.4708 ], [ -50.035853, -28.477383 ], [ -50.060127, -28.475187 ], [ -50.06816, -28.478699 ], [ -50.072324, -28.480101 ], [ -50.085965, -28.472409 ], [ -50.099365, -28.485113 ], [ -50.107348, -28.472629 ], [ -50.121363, -28.475519 ], [ -50.126037, -28.472617 ], [ -50.126098, -28.463154 ], [ -50.115543, -28.454608 ], [ -50.110868, -28.444708 ], [ -50.115266, -28.436553 ], [ -50.126234, -28.428611 ], [ -50.129657, -28.430941 ], [ -50.126053, -28.437217 ], [ -50.145165, -28.446012 ], [ -50.146916, -28.459131 ], [ -50.15673, -28.457736 ], [ -50.159657, -28.460055 ], [ -50.14537, -28.476462 ], [ -50.138879, -28.494218 ], [ -50.156691, -28.497254 ], [ -50.161198, -28.494569 ], [ -50.166092, -28.467457 ], [ -50.17826, -28.451353 ], [ -50.188341, -28.452293 ], [ -50.199626, -28.44398 ], [ -50.204125, -28.444947 ], [ -50.214275, -28.459436 ], [ -50.222563, -28.462465 ], [ -50.234172, -28.457499 ], [ -50.241198, -28.432341 ], [ -50.247096, -28.428433 ], [ -50.2632, -28.442486 ], [ -50.26238, -28.445442 ], [ -50.25127, -28.448533 ], [ -50.271158, -28.456264 ], [ -50.291092, -28.45089 ], [ -50.291773, -28.450585 ], [ -50.292266, -28.450068 ], [ -50.299808, -28.440044 ], [ -50.327776, -28.433774 ], [ -50.338856, -28.43989 ], [ -50.336227, -28.458082 ], [ -50.345259, -28.462883 ], [ -50.351028, -28.454823 ], [ -50.347882, -28.428169 ], [ -50.356669, -28.420312 ], [ -50.367807, -28.421772 ], [ -50.375061, -28.433962 ], [ -50.375943, -28.443975 ], [ -50.378202, -28.445737 ], [ -50.387815, -28.443621 ], [ -50.396208, -28.432515 ], [ -50.423815, -28.432464 ], [ -50.430489, -28.432178 ], [ -50.447649, -28.421916 ], [ -50.455578, -28.410288 ], [ -50.470064, -28.414419 ], [ -50.498463, -28.412177 ], [ -50.509701, -28.405391 ], [ -50.522896, -28.40281 ], [ -50.530882, -28.405668 ], [ -50.527497, -28.422024 ], [ -50.531201, -28.427766 ], [ -50.543643, -28.426658 ], [ -50.549226, -28.419717 ], [ -50.562307, -28.414014 ], [ -50.576012, -28.393351 ], [ -50.591189, -28.381672 ], [ -50.597273, -28.380478 ], [ -50.611873, -28.392709 ], [ -50.624615, -28.390989 ], [ -50.632277, -28.379005 ], [ -50.627851, -28.363553 ], [ -50.651456, -28.342839 ], [ -50.664614, -28.337474 ], [ -50.658898, -28.321566 ], [ -50.680282, -28.297516 ], [ -50.694055, -28.288264 ], [ -50.69474, -28.270204 ], [ -50.697819, -28.2662 ], [ -50.711338, -28.265149 ], [ -50.741499, -28.24928 ], [ -50.748716, -28.248443 ] ], [ [ -50.251142, -27.516993 ], [ -50.251143, -27.516992 ], [ -50.250475, -27.522339 ], [ -50.251142, -27.516993 ] ], [ [ -49.846667, -27.678556 ], [ -49.846668, -27.678556 ], [ -49.841508, -27.683862 ], [ -49.846667, -27.678556 ] ], [ [ -49.786084, -27.666772 ], [ -49.782837, -27.668277 ], [ -49.786084, -27.666771 ], [ -49.786084, -27.666772 ] ] ] } }
]
}
