{
"type": "FeatureCollection",
"name": "geojs-41-macro_regions",
"crs": { "type": "name", "properties": { "name": "urn:ogc:def:crs:OGC:1.3:CRS84" } },
"features": [
{ "type": "Feature", "properties": { "MACRO_ID": "4105", "MACRO_NAME": "Macrorregião Norte", "id": "410010", "name": "Abatiá", "description": "Abatiá", "MUN_ID": "410010", "UF": "PR", "HREG_ID": "41018", "HREG_NAME": "18ª RS Cornélio Procópio" }, "geometry": { "type": "MultiPolygon", "coordinates": [ [ [ [ -51.890287, -24.778295 ], [ -51.873581, -24.781141 ], [ -51.8682, -24.789086 ], [ -51.866969, -24.812646 ], [ -51.858273, -24.819821 ], [ -51.856008, -24.832836 ], [ -51.843959, -24.844537 ], [ -51.835462, -24.843431 ], [ -51.82452, -24.849756 ], [ -51.820275, -24.848965 ], [ -51.815815, -24.848535 ], [ -51.8111, -24.856469 ], [ -51.809323, -24.857409 ], [ -51.785352, -24.870907 ], [ -51.77999, -24.877292 ], [ -51.749992, -24.914991 ], [ -51.73886, -24.919144 ], [ -51.736215, -24.926153 ], [ -51.735826, -24.941549 ], [ -51.743688, -24.959831 ], [ -51.761073, -24.970192 ], [ -51.770984, -24.966516 ], [ -51.776771, -24.968084 ], [ -51.772245, -24.982424 ], [ -51.775433, -24.985619 ], [ -51.756965, -24.981653 ], [ -51.724189, -24.992318 ], [ -51.708201, -25.01174 ], [ -51.696495, -25.010466 ], [ -51.69184, -25.014758 ], [ -51.660982, -25.011292 ], [ -51.655211, -25.016028 ], [ -51.64206, -25.016087 ], [ -51.648005, -25.035201 ], [ -51.658402, -25.037981 ], [ -51.664288, -25.053961 ], [ -51.663601, -25.061082 ], [ -51.676507, -25.054152 ], [ -51.693367, -25.044945 ], [ -51.703964, -25.046607 ], [ -51.734922, -25.038712 ], [ -51.749007, -25.041767 ], [ -51.757538, -25.033864 ], [ -51.76345, -25.037855 ], [ -51.772374, -25.023185 ], [ -51.788635, -25.020279 ], [ -51.79049, -25.017347 ], [ -51.796635, -25.020065 ], [ -51.801359, -25.014604 ], [ -51.806738, -25.018481 ], [ -51.81508, -25.012477 ], [ -51.82243, -25.012806 ], [ -51.819714, -25.006543 ], [ -51.828503, -25.002961 ], [ -51.83771, -24.996564 ], [ -51.841686, -25.002009 ], [ -51.849165, -24.99081 ], [ -51.861329, -24.986762 ], [ -51.862017, -24.991086 ], [ -51.857097, -24.996041 ], [ -51.868579, -24.995467 ], [ -51.866296, -25.003679 ], [ -51.879716, -25.00288 ], [ -51.888993, -24.996894 ], [ -51.892929, -24.99777 ], [ -51.894603, -25.000175 ], [ -51.889772, -25.003447 ], [ -51.891997, -25.008326 ], [ -51.888545, -25.011582 ], [ -51.894272, -25.015454 ], [ -51.898092, -25.014378 ], [ -51.90164, -25.017782 ], [ -51.904404, -25.013656 ], [ -51.912796, -25.014674 ], [ -51.908256, -25.023352 ], [ -51.910853, -25.028258 ], [ -51.919504, -25.023154 ], [ -51.921864, -25.027761 ], [ -51.92482, -25.027274 ], [ -51.923668, -25.021033 ], [ -51.928847, -25.019372 ], [ -51.92855, -25.013891 ], [ -51.935832, -25.011362 ], [ -51.945304, -25.021622 ], [ -51.946224, -25.003759 ], [ -51.951496, -25.002355 ], [ -51.95505, -25.008514 ], [ -51.962907, -25.008191 ], [ -51.962852, -25.016244 ], [ -51.97323, -25.02217 ], [ -51.96659, -25.031761 ], [ -51.972122, -25.033524 ], [ -51.981938, -25.03012 ], [ -51.977966, -25.021026 ], [ -51.980705, -25.013942 ], [ -51.986956, -25.019853 ], [ -51.99418, -25.016207 ], [ -51.982341, -25.000537 ], [ -51.980945, -24.993179 ], [ -51.984133, -24.992562 ], [ -51.992497, -24.996101 ], [ -51.996555, -24.989736 ], [ -52.00038, -24.990752 ], [ -52.004875, -24.996201 ], [ -52.002451, -25.000262 ], [ -52.006347, -25.006756 ], [ -52.018096, -24.995357 ], [ -52.023476, -25.00236 ], [ -52.026426, -24.997177 ], [ -52.029575, -24.998994 ], [ -52.034011, -24.996087 ], [ -52.025161, -24.98875 ], [ -52.046084, -24.988354 ], [ -52.043333, -24.982329 ], [ -52.030302, -24.978311 ], [ -52.032073, -24.974619 ], [ -52.048963, -24.978669 ], [ -52.059695, -24.994695 ], [ -52.066064, -24.99193 ], [ -52.077174, -24.996955 ], [ -52.078609, -24.999274 ], [ -52.071557, -25.006943 ], [ -52.074525, -25.014456 ], [ -52.083376, -25.016704 ], [ -52.077815, -25.003899 ], [ -52.082387, -24.999333 ], [ -52.085379, -24.985129 ], [ -52.091749, -24.983107 ], [ -52.087174, -24.987083 ], [ -52.088785, -24.989969 ], [ -52.097117, -24.987636 ], [ -52.090218, -24.994216 ], [ -52.095223, -24.997359 ], [ -52.103774, -24.985208 ], [ -52.121908, -24.981879 ], [ -52.109864, -24.971733 ], [ -52.105747, -24.959841 ], [ -52.114144, -24.960337 ], [ -52.122397, -24.966432 ], [ -52.129409, -24.965117 ], [ -52.128982, -24.975297 ], [ -52.134409, -24.972504 ], [ -52.134832, -24.964771 ], [ -52.142969, -24.964425 ], [ -52.149376, -24.967687 ], [ -52.151446, -24.963662 ], [ -52.14798, -24.961599 ], [ -52.151754, -24.954386 ], [ -52.14301, -24.952781 ], [ -52.143918, -24.949311 ], [ -52.151299, -24.947741 ], [ -52.145335, -24.945327 ], [ -52.143202, -24.938111 ], [ -52.147877, -24.931708 ], [ -52.14414, -24.930837 ], [ -52.141259, -24.934275 ], [ -52.138287, -24.929948 ], [ -52.146546, -24.92092 ], [ -52.139196, -24.922161 ], [ -52.139742, -24.918842 ], [ -52.133844, -24.918897 ], [ -52.132961, -24.914236 ], [ -52.118033, -24.911912 ], [ -52.115818, -24.90323 ], [ -52.109388, -24.904781 ], [ -52.111065, -24.899653 ], [ -52.105824, -24.8999 ], [ -52.101756, -24.895006 ], [ -52.101164, -24.887487 ], [ -52.09212, -24.887852 ], [ -52.093766, -24.884195 ], [ -52.087056, -24.882315 ], [ -52.066556, -24.883309 ], [ -52.06013, -24.877554 ], [ -52.046475, -24.877337 ], [ -52.046405, -24.877372 ], [ -52.044833, -24.877311 ], [ -52.039396, -24.874339 ], [ -52.040394, -24.866441 ], [ -52.047228, -24.864165 ], [ -52.049648, -24.855402 ], [ -52.053722, -24.85551 ], [ -52.053641, -24.850544 ], [ -52.057426, -24.849289 ], [ -52.053674, -24.845343 ], [ -52.057067, -24.835158 ], [ -52.053118, -24.833666 ], [ -52.058384, -24.829275 ], [ -52.053768, -24.824541 ], [ -52.052646, -24.820268 ], [ -52.057077, -24.818191 ], [ -52.054343, -24.814364 ], [ -52.058393, -24.813695 ], [ -52.060381, -24.817785 ], [ -52.063577, -24.81425 ], [ -52.066962, -24.819894 ], [ -52.070462, -24.815917 ], [ -52.066929, -24.812165 ], [ -52.073776, -24.813886 ], [ -52.081946, -24.809348 ], [ -52.083062, -24.812985 ], [ -52.09017, -24.808742 ], [ -52.094068, -24.81108 ], [ -52.099384, -24.804443 ], [ -52.094255, -24.803693 ], [ -52.098676, -24.800091 ], [ -52.095637, -24.797223 ], [ -52.103375, -24.795454 ], [ -52.104192, -24.789045 ], [ -52.099779, -24.786647 ], [ -52.108705, -24.786631 ], [ -52.106329, -24.783148 ], [ -52.096332, -24.782493 ], [ -52.093611, -24.780774 ], [ -52.095868, -24.778569 ], [ -52.089917, -24.776973 ], [ -52.076632, -24.770631 ], [ -52.073035, -24.780951 ], [ -52.071689, -24.77872 ], [ -52.062733, -24.783142 ], [ -52.066876, -24.788112 ], [ -52.062546, -24.7854 ], [ -52.053943, -24.787143 ], [ -52.046236, -24.785691 ], [ -52.047651, -24.782463 ], [ -52.04405, -24.778548 ], [ -52.038917, -24.786894 ], [ -52.036432, -24.772583 ], [ -52.040033, -24.772993 ], [ -52.040882, -24.763967 ], [ -52.034379, -24.770684 ], [ -52.026948, -24.767337 ], [ -52.030012, -24.762143 ], [ -52.010177, -24.763158 ], [ -52.009989, -24.766071 ], [ -52.001151, -24.763266 ], [ -52.002144, -24.772032 ], [ -52.007351, -24.772675 ], [ -52.003486, -24.776148 ], [ -52.005716, -24.780047 ], [ -51.996839, -24.777827 ], [ -51.987474, -24.777012 ], [ -51.987417, -24.771742 ], [ -51.983314, -24.771947 ], [ -51.976652, -24.7659 ], [ -51.97328, -24.767555 ], [ -51.960069, -24.761878 ], [ -51.954569, -24.766334 ], [ -51.955617, -24.772369 ], [ -51.950344, -24.772812 ], [ -51.947444, -24.76788 ], [ -51.950731, -24.760663 ], [ -51.942205, -24.765139 ], [ -51.93717, -24.762368 ], [ -51.941286, -24.755081 ], [ -51.933526, -24.758767 ], [ -51.933356, -24.753577 ], [ -51.931368, -24.7559 ], [ -51.926592, -24.752491 ], [ -51.919553, -24.753821 ], [ -51.918371, -24.757063 ], [ -51.911812, -24.766203 ], [ -51.902631, -24.764813 ], [ -51.902716, -24.772484 ], [ -51.896623, -24.772084 ], [ -51.890287, -24.778295 ] ] ], [ [ [ -52.09233, -24.623008 ], [ -52.093221, -24.63581 ], [ -52.105577, -24.646105 ], [ -52.101519, -24.655449 ], [ -52.091344, -24.656862 ], [ -52.091998, -24.674879 ], [ -52.075703, -24.693899 ], [ -52.082019, -24.702152 ], [ -52.090756, -24.706378 ], [ -52.094189, -24.722957 ], [ -52.08785, -24.724923 ], [ -52.09149, -24.728037 ], [ -52.103832, -24.738593 ], [ -52.104917, -24.747626 ], [ -52.11715, -24.761468 ], [ -52.116038, -24.777738 ], [ -52.119471, -24.77859 ], [ -52.128669, -24.775693 ], [ -52.125658, -24.782064 ], [ -52.118953, -24.785195 ], [ -52.121326, -24.786789 ], [ -52.133685, -24.783553 ], [ -52.136454, -24.787316 ], [ -52.142563, -24.781001 ], [ -52.151479, -24.780971 ], [ -52.148968, -24.787974 ], [ -52.155845, -24.790186 ], [ -52.156353, -24.795961 ], [ -52.168934, -24.796468 ], [ -52.177016, -24.791428 ], [ -52.166398, -24.78553 ], [ -52.17262, -24.784125 ], [ -52.17687, -24.777738 ], [ -52.185905, -24.776985 ], [ -52.177751, -24.773855 ], [ -52.183928, -24.768007 ], [ -52.200623, -24.765972 ], [ -52.20628, -24.771348 ], [ -52.204586, -24.76647 ], [ -52.209589, -24.762103 ], [ -52.203487, -24.758868 ], [ -52.208755, -24.75689 ], [ -52.219091, -24.758483 ], [ -52.217723, -24.771874 ], [ -52.222332, -24.768362 ], [ -52.233219, -24.770564 ], [ -52.241279, -24.768135 ], [ -52.228549, -24.777267 ], [ -52.232662, -24.781051 ], [ -52.245195, -24.776171 ], [ -52.24933, -24.776525 ], [ -52.254086, -24.771556 ], [ -52.266353, -24.781883 ], [ -52.27744, -24.777869 ], [ -52.283144, -24.779215 ], [ -52.288186, -24.772296 ], [ -52.280901, -24.758037 ], [ -52.284619, -24.757816 ], [ -52.290975, -24.767307 ], [ -52.298768, -24.760656 ], [ -52.290119, -24.747164 ], [ -52.310636, -24.738926 ], [ -52.304237, -24.733737 ], [ -52.290615, -24.735437 ], [ -52.287299, -24.733607 ], [ -52.290406, -24.730993 ], [ -52.30615, -24.725888 ], [ -52.322979, -24.729991 ], [ -52.330718, -24.720823 ], [ -52.334508, -24.725502 ], [ -52.334234, -24.733128 ], [ -52.326191, -24.734929 ], [ -52.324715, -24.738826 ], [ -52.327616, -24.743074 ], [ -52.33743, -24.741117 ], [ -52.344832, -24.745461 ], [ -52.341039, -24.750686 ], [ -52.36106, -24.756673 ], [ -52.363093, -24.751931 ], [ -52.368123, -24.756202 ], [ -52.370735, -24.752657 ], [ -52.37605, -24.754859 ], [ -52.382252, -24.745313 ], [ -52.370053, -24.743947 ], [ -52.368181, -24.739159 ], [ -52.379539, -24.737669 ], [ -52.378715, -24.734004 ], [ -52.386063, -24.733123 ], [ -52.38782, -24.727613 ], [ -52.394034, -24.729704 ], [ -52.393606, -24.716128 ], [ -52.390353, -24.718862 ], [ -52.389222, -24.711491 ], [ -52.383172, -24.713182 ], [ -52.383002, -24.708067 ], [ -52.369136, -24.706761 ], [ -52.372247, -24.701154 ], [ -52.37046, -24.692477 ], [ -52.364098, -24.696492 ], [ -52.361721, -24.6908 ], [ -52.344603, -24.690399 ], [ -52.34635, -24.679367 ], [ -52.338824, -24.678349 ], [ -52.339189, -24.685312 ], [ -52.334502, -24.68317 ], [ -52.332472, -24.686066 ], [ -52.331941, -24.682004 ], [ -52.325381, -24.680189 ], [ -52.325576, -24.673519 ], [ -52.320966, -24.672706 ], [ -52.323577, -24.666089 ], [ -52.319925, -24.661555 ], [ -52.316463, -24.665018 ], [ -52.307201, -24.661816 ], [ -52.305296, -24.664687 ], [ -52.302703, -24.659477 ], [ -52.297086, -24.664101 ], [ -52.297407, -24.656988 ], [ -52.288511, -24.659909 ], [ -52.284705, -24.657318 ], [ -52.283016, -24.648668 ], [ -52.279318, -24.651564 ], [ -52.267454, -24.639079 ], [ -52.254049, -24.639688 ], [ -52.244172, -24.635376 ], [ -52.241749, -24.629491 ], [ -52.233337, -24.630159 ], [ -52.228959, -24.623108 ], [ -52.218201, -24.619744 ], [ -52.196313, -24.618666 ], [ -52.189963, -24.622527 ], [ -52.177142, -24.623147 ], [ -52.172776, -24.632354 ], [ -52.151505, -24.623637 ], [ -52.148298, -24.625126 ], [ -52.132541, -24.623922 ], [ -52.118783, -24.61345 ], [ -52.119452, -24.609095 ], [ -52.114493, -24.609326 ], [ -52.115419, -24.605671 ], [ -52.111528, -24.606774 ], [ -52.113259, -24.601229 ], [ -52.10603, -24.602676 ], [ -52.107865, -24.598692 ], [ -52.102731, -24.597251 ], [ -52.09413, -24.596372 ], [ -52.088273, -24.604243 ], [ -52.089946, -24.607573 ], [ -52.08687, -24.608132 ], [ -52.093068, -24.612394 ], [ -52.089793, -24.613844 ], [ -52.09248, -24.614505 ], [ -52.09233, -24.623008 ] ] ], [ [ [ -51.49023, -24.565431 ], [ -51.493477, -24.571449 ], [ -51.504404, -24.574973 ], [ -51.511624, -24.573645 ], [ -51.511527, -24.570805 ], [ -51.517193, -24.572353 ], [ -51.518228, -24.563027 ], [ -51.523885, -24.562767 ], [ -51.525365, -24.555169 ], [ -51.533195, -24.553546 ], [ -51.536554, -24.562287 ], [ -51.552325, -24.560724 ], [ -51.553121, -24.570097 ], [ -51.55855, -24.573436 ], [ -51.558598, -24.573581 ], [ -51.564949, -24.569721 ], [ -51.570886, -24.557148 ], [ -51.575657, -24.556292 ], [ -51.580955, -24.556152 ], [ -51.5876, -24.562156 ], [ -51.604069, -24.555411 ], [ -51.609941, -24.559942 ], [ -51.609351, -24.563519 ], [ -51.617266, -24.5621 ], [ -51.621269, -24.567176 ], [ -51.627927, -24.567547 ], [ -51.628149, -24.567559 ], [ -51.633805, -24.574892 ], [ -51.638759, -24.572881 ], [ -51.64089, -24.57528 ], [ -51.661608, -24.584097 ], [ -51.691766, -24.581601 ], [ -51.698512, -24.584146 ], [ -51.705841, -24.592718 ], [ -51.715252, -24.594994 ], [ -51.715541, -24.603326 ], [ -51.720798, -24.598756 ], [ -51.736714, -24.583952 ], [ -51.736401, -24.576578 ], [ -51.742622, -24.570708 ], [ -51.752781, -24.55174 ], [ -51.750694, -24.547678 ], [ -51.756677, -24.543266 ], [ -51.754962, -24.537856 ], [ -51.756592, -24.52897 ], [ -51.767949, -24.525512 ], [ -51.768295, -24.525331 ], [ -51.769452, -24.519635 ], [ -51.773778, -24.520117 ], [ -51.772944, -24.5117 ], [ -51.767855, -24.510371 ], [ -51.764247, -24.513284 ], [ -51.763945, -24.506512 ], [ -51.778165, -24.506704 ], [ -51.780291, -24.500202 ], [ -51.791174, -24.495073 ], [ -51.792312, -24.486369 ], [ -51.798043, -24.48587 ], [ -51.791272, -24.478054 ], [ -51.790881, -24.473674 ], [ -51.796569, -24.470896 ], [ -51.799128, -24.464098 ], [ -51.804191, -24.469657 ], [ -51.814829, -24.471183 ], [ -51.81494, -24.466652 ], [ -51.809066, -24.464954 ], [ -51.807894, -24.458829 ], [ -51.818256, -24.45739 ], [ -51.820428, -24.452412 ], [ -51.817789, -24.44944 ], [ -51.824005, -24.44928 ], [ -51.827332, -24.456843 ], [ -51.825157, -24.461393 ], [ -51.833385, -24.465224 ], [ -51.832332, -24.471033 ], [ -51.826459, -24.475342 ], [ -51.83289, -24.489189 ], [ -51.830993, -24.494021 ], [ -51.836239, -24.496885 ], [ -51.843534, -24.491114 ], [ -51.852092, -24.496179 ], [ -51.854487, -24.494474 ], [ -51.851834, -24.487046 ], [ -51.855355, -24.487554 ], [ -51.859004, -24.492448 ], [ -51.855627, -24.508536 ], [ -51.853927, -24.510999 ], [ -51.851584, -24.507614 ], [ -51.848636, -24.513339 ], [ -51.844627, -24.507917 ], [ -51.838556, -24.515838 ], [ -51.835271, -24.518671 ], [ -51.837184, -24.527424 ], [ -51.83129, -24.535555 ], [ -51.835856, -24.537202 ], [ -51.837655, -24.532758 ], [ -51.843433, -24.533442 ], [ -51.845582, -24.529367 ], [ -51.848723, -24.530783 ], [ -51.848555, -24.535963 ], [ -51.855595, -24.536855 ], [ -51.859156, -24.533246 ], [ -51.860515, -24.53728 ], [ -51.8556, -24.542761 ], [ -51.863687, -24.547057 ], [ -51.859178, -24.553588 ], [ -51.861609, -24.557106 ], [ -51.867316, -24.547329 ], [ -51.87709, -24.550777 ], [ -51.871132, -24.557847 ], [ -51.878697, -24.560884 ], [ -51.869911, -24.569626 ], [ -51.87193, -24.572501 ], [ -51.877751, -24.570582 ], [ -51.873787, -24.576553 ], [ -51.876341, -24.582861 ], [ -51.877696, -24.592173 ], [ -51.889424, -24.594911 ], [ -51.893865, -24.596589 ], [ -51.892431, -24.598776 ], [ -51.904007, -24.602051 ], [ -51.914017, -24.605763 ], [ -51.926841, -24.600559 ], [ -51.945168, -24.598639 ], [ -51.956974, -24.608987 ], [ -51.969184, -24.614082 ], [ -51.974354, -24.614514 ], [ -51.979117, -24.615881 ], [ -51.978945, -24.619571 ], [ -51.987756, -24.611977 ], [ -52.00408, -24.60988 ], [ -51.996494, -24.602549 ], [ -51.999029, -24.592642 ], [ -52.030509, -24.582152 ], [ -52.035444, -24.57639 ], [ -52.030996, -24.573946 ], [ -52.035483, -24.570607 ], [ -52.032867, -24.565701 ], [ -52.038909, -24.566181 ], [ -52.039523, -24.571292 ], [ -52.044719, -24.568901 ], [ -52.044213, -24.565209 ], [ -52.047036, -24.566244 ], [ -52.041097, -24.562936 ], [ -52.045021, -24.556727 ], [ -52.038962, -24.54968 ], [ -52.040901, -24.543221 ], [ -52.035445, -24.542582 ], [ -52.041933, -24.540009 ], [ -52.042085, -24.533137 ], [ -52.049235, -24.536183 ], [ -52.051485, -24.528461 ], [ -52.045727, -24.520905 ], [ -52.045447, -24.525737 ], [ -52.041526, -24.525805 ], [ -52.045805, -24.516007 ], [ -52.033199, -24.518233 ], [ -52.038145, -24.511335 ], [ -52.032629, -24.511967 ], [ -52.027184, -24.506413 ], [ -52.04121, -24.502122 ], [ -52.036297, -24.500951 ], [ -52.035797, -24.495233 ], [ -52.028554, -24.495806 ], [ -52.022987, -24.488023 ], [ -52.013047, -24.483882 ], [ -52.018903, -24.480006 ], [ -52.023859, -24.4828 ], [ -52.026232, -24.48029 ], [ -52.026608, -24.477267 ], [ -52.018359, -24.477212 ], [ -52.016092, -24.470734 ], [ -52.022575, -24.467045 ], [ -52.028001, -24.468674 ], [ -52.030135, -24.465146 ], [ -52.024442, -24.460634 ], [ -52.030929, -24.459209 ], [ -52.032008, -24.448957 ], [ -52.02513, -24.450665 ], [ -52.021007, -24.449067 ], [ -52.037012, -24.443525 ], [ -52.026579, -24.437437 ], [ -52.018353, -24.443904 ], [ -52.01313, -24.440294 ], [ -52.016173, -24.4362 ], [ -52.025969, -24.435416 ], [ -52.025429, -24.428528 ], [ -52.030645, -24.427359 ], [ -52.033515, -24.413664 ], [ -52.042243, -24.408484 ], [ -52.042223, -24.407936 ], [ -52.037898, -24.406254 ], [ -52.021571, -24.411462 ], [ -52.023828, -24.405489 ], [ -52.018708, -24.398211 ], [ -52.023274, -24.394128 ], [ -52.009721, -24.396119 ], [ -52.023153, -24.379296 ], [ -52.003446, -24.377123 ], [ -52.009026, -24.371869 ], [ -52.007198, -24.365969 ], [ -52.013973, -24.365165 ], [ -52.014314, -24.361675 ], [ -52.001788, -24.35568 ], [ -51.998732, -24.365372 ], [ -51.98663, -24.36696 ], [ -51.996153, -24.353434 ], [ -52.006144, -24.347745 ], [ -52.004505, -24.342949 ], [ -51.99318, -24.343443 ], [ -52.000679, -24.33106 ], [ -51.993811, -24.327959 ], [ -51.990135, -24.327359 ], [ -51.989738, -24.320339 ], [ -51.982166, -24.31981 ], [ -51.997185, -24.308919 ], [ -51.993945, -24.297457 ], [ -51.990056, -24.296211 ], [ -51.982074, -24.304412 ], [ -51.978855, -24.297814 ], [ -51.983662, -24.293093 ], [ -51.980872, -24.287615 ], [ -51.983185, -24.283726 ], [ -51.990423, -24.287514 ], [ -51.998218, -24.28467 ], [ -51.98465, -24.280254 ], [ -51.991528, -24.270404 ], [ -51.976964, -24.269977 ], [ -51.970606, -24.272948 ], [ -51.970785, -24.258878 ], [ -51.960146, -24.260153 ], [ -51.958919, -24.25731 ], [ -51.974168, -24.25252 ], [ -51.975701, -24.248908 ], [ -51.969766, -24.246781 ], [ -51.954548, -24.249253 ], [ -51.953349, -24.246331 ], [ -51.957571, -24.240457 ], [ -51.96988, -24.231815 ], [ -51.96866, -24.229307 ], [ -51.948965, -24.231317 ], [ -51.946247, -24.228925 ], [ -51.9488, -24.224509 ], [ -51.959841, -24.221098 ], [ -51.96791, -24.2165 ], [ -51.964938, -24.210095 ], [ -51.969576, -24.205683 ], [ -51.975351, -24.220218 ], [ -51.971104, -24.226046 ], [ -51.979025, -24.22708 ], [ -51.982218, -24.212475 ], [ -51.992244, -24.202183 ], [ -51.984581, -24.195592 ], [ -52.009553, -24.191824 ], [ -52.009833, -24.187143 ], [ -52.002719, -24.182919 ], [ -51.996548, -24.180577 ], [ -51.99092, -24.182764 ], [ -51.98585, -24.189409 ], [ -51.976081, -24.182568 ], [ -51.969712, -24.177806 ], [ -51.967221, -24.18245 ], [ -51.970107, -24.197152 ], [ -51.961603, -24.200006 ], [ -51.956146, -24.182302 ], [ -51.970769, -24.163948 ], [ -51.954357, -24.165037 ], [ -51.950306, -24.161976 ], [ -51.95328, -24.156844 ], [ -51.956047, -24.149626 ], [ -51.949692, -24.144742 ], [ -51.941991, -24.146243 ], [ -51.94035, -24.155309 ], [ -51.923916, -24.163645 ], [ -51.919999, -24.163906 ], [ -51.92072, -24.143787 ], [ -51.924519, -24.140574 ], [ -51.943414, -24.138547 ], [ -51.93772, -24.129786 ], [ -51.92705, -24.127657 ], [ -51.925632, -24.12388 ], [ -51.923505, -24.113682 ], [ -51.897927, -24.121313 ], [ -51.889955, -24.118675 ], [ -51.88984, -24.115299 ], [ -51.912415, -24.109184 ], [ -51.91731, -24.103338 ], [ -51.923604, -24.089266 ], [ -51.914485, -24.083026 ], [ -51.917534, -24.078216 ], [ -51.935876, -24.079897 ], [ -51.938693, -24.068043 ], [ -51.957927, -24.068424 ], [ -51.951913, -24.052289 ], [ -51.953879, -24.04832 ], [ -51.955022, -24.043689 ], [ -51.951756, -24.043537 ], [ -51.943582, -24.054341 ], [ -51.93569, -24.051993 ], [ -51.929014, -24.04697 ], [ -51.947822, -24.038978 ], [ -51.94196, -24.030969 ], [ -51.947332, -24.02156 ], [ -51.94336, -24.011622 ], [ -51.936067, -24.00629 ], [ -51.948336, -24.001719 ], [ -51.954714, -24.001966 ], [ -51.958014, -23.994819 ], [ -51.947658, -23.99184 ], [ -51.936492, -23.994448 ], [ -51.94716, -23.982957 ], [ -51.945635, -23.973723 ], [ -51.955275, -23.971927 ], [ -51.965388, -23.974932 ], [ -51.956907, -23.958088 ], [ -51.965744, -23.953896 ], [ -51.967512, -23.948868 ], [ -51.958355, -23.949216 ], [ -51.959106, -23.935734 ], [ -51.941883, -23.944664 ], [ -51.936163, -23.941581 ], [ -51.936718, -23.938296 ], [ -51.956187, -23.929026 ], [ -51.939378, -23.91177 ], [ -51.938962, -23.907695 ], [ -51.942981, -23.907585 ], [ -51.951549, -23.900462 ], [ -51.939188, -23.886238 ], [ -51.940548, -23.876371 ], [ -51.955551, -23.872725 ], [ -51.958184, -23.856839 ], [ -51.962727, -23.851241 ], [ -51.975803, -23.843335 ], [ -51.985606, -23.853713 ], [ -51.989633, -23.856142 ], [ -51.994184, -23.851978 ], [ -51.981966, -23.829408 ], [ -52.004606, -23.822102 ], [ -52.007658, -23.812521 ], [ -51.994105, -23.800938 ], [ -51.99577, -23.790128 ], [ -51.991964, -23.788951 ], [ -51.976777, -23.796893 ], [ -51.97416, -23.787212 ], [ -51.9661, -23.783034 ], [ -51.961109, -23.775306 ], [ -51.94994, -23.775521 ], [ -51.920249, -23.732369 ], [ -51.918739, -23.725498 ], [ -51.922795, -23.716969 ], [ -51.925051, -23.712225 ], [ -51.9318, -23.713906 ], [ -51.936048, -23.706977 ], [ -51.957694, -23.697099 ], [ -51.963107, -23.694055 ], [ -51.961321, -23.691001 ], [ -51.958053, -23.692591 ], [ -51.956603, -23.684866 ], [ -51.952794, -23.685833 ], [ -51.955798, -23.676099 ], [ -51.945081, -23.684461 ], [ -51.94438, -23.677861 ], [ -51.936861, -23.682834 ], [ -51.939418, -23.672562 ], [ -51.937463, -23.676817 ], [ -51.931395, -23.675672 ], [ -51.929278, -23.665941 ], [ -51.922588, -23.661734 ], [ -51.922996, -23.668075 ], [ -51.9186, -23.666525 ], [ -51.91348, -23.670686 ], [ -51.910302, -23.660827 ], [ -51.905033, -23.662966 ], [ -51.902124, -23.654116 ], [ -51.892493, -23.656131 ], [ -51.890674, -23.662185 ], [ -51.89144, -23.659199 ], [ -51.885821, -23.659738 ], [ -51.88447, -23.657246 ], [ -51.889287, -23.65472 ], [ -51.884603, -23.655015 ], [ -51.884252, -23.6508 ], [ -51.888132, -23.644653 ], [ -51.87631, -23.645284 ], [ -51.869362, -23.6377 ], [ -51.866172, -23.646516 ], [ -51.864232, -23.641956 ], [ -51.85847, -23.641259 ], [ -51.857399, -23.638065 ], [ -51.854333, -23.640996 ], [ -51.851388, -23.633482 ], [ -51.843212, -23.638488 ], [ -51.835336, -23.631503 ], [ -51.836461, -23.640796 ], [ -51.829602, -23.643669 ], [ -51.821516, -23.633531 ], [ -51.819051, -23.648087 ], [ -51.812049, -23.635391 ], [ -51.803242, -23.642651 ], [ -51.798244, -23.641442 ], [ -51.800221, -23.634657 ], [ -51.80508, -23.631791 ], [ -51.795244, -23.630381 ], [ -51.798737, -23.620379 ], [ -51.790607, -23.620458 ], [ -51.793078, -23.606496 ], [ -51.785989, -23.604256 ], [ -51.781407, -23.606989 ], [ -51.778248, -23.601952 ], [ -51.772713, -23.603588 ], [ -51.764966, -23.598245 ], [ -51.763432, -23.600157 ], [ -51.755603, -23.599579 ], [ -51.745995, -23.585542 ], [ -51.73791, -23.587345 ], [ -51.735493, -23.579703 ], [ -51.721156, -23.585585 ], [ -51.707214, -23.576554 ], [ -51.70619, -23.572363 ], [ -51.684915, -23.579508 ], [ -51.676049, -23.576091 ], [ -51.661686, -23.579748 ], [ -51.65682, -23.576961 ], [ -51.652601, -23.577198 ], [ -51.646577, -23.576937 ], [ -51.643694, -23.572631 ], [ -51.637241, -23.560265 ], [ -51.624919, -23.549779 ], [ -51.62317, -23.543448 ], [ -51.628815, -23.539159 ], [ -51.630886, -23.530304 ], [ -51.623823, -23.519678 ], [ -51.628492, -23.51512 ], [ -51.625433, -23.511497 ], [ -51.629526, -23.509175 ], [ -51.62463, -23.504728 ], [ -51.626402, -23.500221 ], [ -51.617147, -23.499052 ], [ -51.621488, -23.488861 ], [ -51.612874, -23.490266 ], [ -51.615557, -23.483255 ], [ -51.610974, -23.483228 ], [ -51.605685, -23.484376 ], [ -51.608023, -23.476028 ], [ -51.610504, -23.479013 ], [ -51.620296, -23.474608 ], [ -51.620766, -23.471376 ], [ -51.613994, -23.470055 ], [ -51.618076, -23.465758 ], [ -51.611353, -23.46237 ], [ -51.621188, -23.462042 ], [ -51.620744, -23.456251 ], [ -51.614188, -23.457216 ], [ -51.625134, -23.452066 ], [ -51.625821, -23.448667 ], [ -51.632054, -23.450403 ], [ -51.625699, -23.438998 ], [ -51.628745, -23.435218 ], [ -51.625799, -23.433505 ], [ -51.63141, -23.429466 ], [ -51.625493, -23.425858 ], [ -51.628156, -23.417666 ], [ -51.624995, -23.410506 ], [ -51.640167, -23.400525 ], [ -51.643267, -23.402131 ], [ -51.646472, -23.397411 ], [ -51.64841, -23.389563 ], [ -51.660187, -23.406976 ], [ -51.665075, -23.403828 ], [ -51.660271, -23.395535 ], [ -51.662216, -23.392287 ], [ -51.672468, -23.390627 ], [ -51.672795, -23.38306 ], [ -51.680913, -23.386069 ], [ -51.689526, -23.377253 ], [ -51.689713, -23.37722 ], [ -51.687245, -23.371984 ], [ -51.676171, -23.373465 ], [ -51.671661, -23.366303 ], [ -51.665773, -23.364625 ], [ -51.661577, -23.355104 ], [ -51.62288, -23.315203 ], [ -51.614999, -23.30144 ], [ -51.605743, -23.284235 ], [ -51.605287, -23.280771 ], [ -51.591113, -23.282508 ], [ -51.603794, -23.268752 ], [ -51.611103, -23.243695 ], [ -51.622299, -23.231401 ], [ -51.619054, -23.221659 ], [ -51.614652, -23.218982 ], [ -51.613861, -23.193011 ], [ -51.613743, -23.180949 ], [ -51.608517, -23.168528 ], [ -51.609688, -23.152425 ], [ -51.604601, -23.150841 ], [ -51.596793, -23.128122 ], [ -51.592494, -23.130114 ], [ -51.589515, -23.122138 ], [ -51.594463, -23.115707 ], [ -51.604081, -23.115149 ], [ -51.605347, -23.109185 ], [ -51.610108, -23.106694 ], [ -51.628411, -23.106833 ], [ -51.634191, -23.096245 ], [ -51.638075, -23.096818 ], [ -51.635907, -23.093535 ], [ -51.646578, -23.092314 ], [ -51.650593, -23.084635 ], [ -51.663441, -23.089838 ], [ -51.671811, -23.086403 ], [ -51.680493, -23.071759 ], [ -51.690628, -23.074725 ], [ -51.694802, -23.06837 ], [ -51.698134, -23.069817 ], [ -51.701302, -23.0648 ], [ -51.712631, -23.060859 ], [ -51.711412, -23.058594 ], [ -51.71691, -23.054294 ], [ -51.724745, -23.052024 ], [ -51.727906, -23.056176 ], [ -51.733302, -23.053925 ], [ -51.7295, -23.049655 ], [ -51.737017, -23.051218 ], [ -51.738912, -23.045747 ], [ -51.744184, -23.046751 ], [ -51.74563, -23.039662 ], [ -51.748885, -23.038687 ], [ -51.752573, -23.034588 ], [ -51.749888, -23.027646 ], [ -51.750352, -23.023581 ], [ -51.752842, -23.026041 ], [ -51.757975, -23.023333 ], [ -51.757068, -23.01698 ], [ -51.768902, -23.013297 ], [ -51.77237, -23.01742 ], [ -51.777234, -23.012936 ], [ -51.785211, -23.017903 ], [ -51.787528, -23.009355 ], [ -51.794161, -23.005281 ], [ -51.78479, -22.989974 ], [ -51.766844, -22.97764 ], [ -51.759557, -22.968168 ], [ -51.753902, -22.943951 ], [ -51.717086, -22.931003 ], [ -51.716228, -22.925549 ], [ -51.720004, -22.923124 ], [ -51.721169, -22.911056 ], [ -51.729053, -22.906831 ], [ -51.729809, -22.903094 ], [ -51.721441, -22.89372 ], [ -51.724846, -22.890442 ], [ -51.747848, -22.875418 ], [ -51.751066, -22.864328 ], [ -51.763229, -22.848644 ], [ -51.770215, -22.847576 ], [ -51.782539, -22.838277 ], [ -51.787902, -22.840095 ], [ -51.792448, -22.840234 ], [ -51.799722, -22.830544 ], [ -51.758672, -22.829989 ], [ -51.765561, -22.797626 ], [ -51.771041, -22.773952 ], [ -51.759081, -22.766026 ], [ -51.758969, -22.738874 ], [ -51.739939, -22.724182 ], [ -51.734359, -22.723292 ], [ -51.724602, -22.700591 ], [ -51.717683, -22.66855 ], [ -51.69868, -22.668898 ], [ -51.680602, -22.660268 ], [ -51.66186, -22.656773 ], [ -51.629971, -22.657382 ], [ -51.627389, -22.657771 ], [ -51.615352, -22.662122 ], [ -51.590989, -22.684727 ], [ -51.581189, -22.688018 ], [ -51.572347, -22.691108 ], [ -51.55908, -22.696708 ], [ -51.5483, -22.69208 ], [ -51.537142, -22.687529 ], [ -51.525252, -22.686326 ], [ -51.516724, -22.689493 ], [ -51.498413, -22.690058 ], [ -51.471415, -22.676715 ], [ -51.452608, -22.655279 ], [ -51.445742, -22.652436 ], [ -51.424237, -22.653039 ], [ -51.410779, -22.663247 ], [ -51.401528, -22.667434 ], [ -51.385615, -22.664902 ], [ -51.373161, -22.657661 ], [ -51.359132, -22.660747 ], [ -51.344185, -22.664152 ], [ -51.332556, -22.666609 ], [ -51.311352, -22.673068 ], [ -51.297715, -22.673035 ], [ -51.28094, -22.666005 ], [ -51.264713, -22.667225 ], [ -51.242394, -22.689104 ], [ -51.235145, -22.70802 ], [ -51.234046, -22.709273 ], [ -51.215438, -22.722152 ], [ -51.213251, -22.723195 ], [ -51.18653, -22.72942 ], [ -51.179418, -22.734409 ], [ -51.175478, -22.738334 ], [ -51.156182, -22.752056 ], [ -51.10277, -22.762331 ], [ -51.057129, -22.765584 ], [ -51.008333, -22.792457 ], [ -51.003892, -22.793236 ], [ -50.9941, -22.791676 ], [ -50.978193, -22.782136 ], [ -50.96113, -22.785755 ], [ -50.945151, -22.803459 ], [ -50.936862, -22.804326 ], [ -50.927207, -22.797277 ], [ -50.894849, -22.793826 ], [ -50.888234, -22.796058 ], [ -50.841903, -22.830924 ], [ -50.832436, -22.858695 ], [ -50.823139, -22.865664 ], [ -50.816529, -22.879067 ], [ -50.795717, -22.889455 ], [ -50.792467, -22.893879 ], [ -50.792654, -22.904643 ], [ -50.805662, -22.939825 ], [ -50.795451, -22.950705 ], [ -50.777463, -22.945849 ], [ -50.758178, -22.947179 ], [ -50.749846, -22.951024 ], [ -50.740133, -22.962035 ], [ -50.729043, -22.962024 ], [ -50.709355, -22.952967 ], [ -50.683666, -22.91058 ], [ -50.674903, -22.899202 ], [ -50.656941, -22.895263 ], [ -50.648023, -22.89661 ], [ -50.636814, -22.906462 ], [ -50.619832, -22.911685 ], [ -50.608041, -22.923679 ], [ -50.591446, -22.912678 ], [ -50.57676, -22.903532 ], [ -50.553917, -22.911174 ], [ -50.541163, -22.911539 ], [ -50.529528, -22.918674 ], [ -50.526291, -22.934347 ], [ -50.512744, -22.943053 ], [ -50.505597, -22.944902 ], [ -50.485128, -22.936397 ], [ -50.458943, -22.944726 ], [ -50.447871, -22.941052 ], [ -50.431184, -22.945805 ], [ -50.425231, -22.943709 ], [ -50.418461, -22.933607 ], [ -50.4195, -22.915226 ], [ -50.415945, -22.912296 ], [ -50.395563, -22.906838 ], [ -50.386403, -22.907244 ], [ -50.378594, -22.90493 ], [ -50.358769, -22.915583 ], [ -50.35857, -22.92204 ], [ -50.344933, -22.934098 ], [ -50.339706, -22.947597 ], [ -50.318015, -22.950206 ], [ -50.30571, -22.945736 ], [ -50.299966, -22.937461 ], [ -50.289516, -22.937255 ], [ -50.272908, -22.930525 ], [ -50.254209, -22.936401 ], [ -50.251366, -22.936771 ], [ -50.246127, -22.938002 ], [ -50.243683, -22.949074 ], [ -50.237057, -22.953669 ], [ -50.227052, -22.952998 ], [ -50.216402, -22.947423 ], [ -50.203412, -22.95231 ], [ -50.191794, -22.951372 ], [ -50.182914, -22.953297 ], [ -50.168205, -22.947657 ], [ -50.150954, -22.934683 ], [ -50.132616, -22.939468 ], [ -50.126651, -22.941286 ], [ -50.112554, -22.937714 ], [ -50.094367, -22.923421 ], [ -50.094237, -22.923331 ], [ -50.08039, -22.921317 ], [ -50.071071, -22.927647 ], [ -50.066992, -22.927039 ], [ -50.058443, -22.918506 ], [ -50.052365, -22.905039 ], [ -50.047374, -22.901487 ], [ -50.031354, -22.908471 ], [ -50.017577, -22.909639 ], [ -50.003676, -22.927983 ], [ -49.994396, -22.929242 ], [ -49.989931, -22.924734 ], [ -49.995701, -22.907582 ], [ -49.998375, -22.901273 ], [ -49.995113, -22.89751 ], [ -49.985687, -22.897028 ], [ -49.965267, -22.913663 ], [ -49.9609, -22.930386 ], [ -49.965934, -22.945794 ], [ -49.973721, -22.95402 ], [ -49.972047, -22.958066 ], [ -49.954024, -22.977943 ], [ -49.930282, -22.982554 ], [ -49.919081, -22.989961 ], [ -49.912529, -22.990427 ], [ -49.89988, -22.999959 ], [ -49.899641, -23.004448 ], [ -49.904584, -23.00956 ], [ -49.908824, -23.013095 ], [ -49.912739, -23.026906 ], [ -49.915795, -23.035944 ], [ -49.911124, -23.050641 ], [ -49.896219, -23.055369 ], [ -49.886289, -23.064175 ], [ -49.878572, -23.059208 ], [ -49.870816, -23.069914 ], [ -49.850098, -23.072777 ], [ -49.833181, -23.065465 ], [ -49.82651, -23.074393 ], [ -49.818914, -23.076476 ], [ -49.811769, -23.080507 ], [ -49.808991, -23.088729 ], [ -49.806126, -23.093856 ], [ -49.795095, -23.094112 ], [ -49.791238, -23.101948 ], [ -49.778196, -23.100818 ], [ -49.762471, -23.105098 ], [ -49.747459, -23.098142 ], [ -49.739763, -23.09869 ], [ -49.726649, -23.107516 ], [ -49.725074, -23.10896 ], [ -49.734427, -23.133252 ], [ -49.730012, -23.140967 ], [ -49.716017, -23.147915 ], [ -49.715653, -23.151111 ], [ -49.709453, -23.156155 ], [ -49.700892, -23.152602 ], [ -49.703068, -23.157829 ], [ -49.69809, -23.163641 ], [ -49.677843, -23.164583 ], [ -49.682789, -23.173132 ], [ -49.677231, -23.174464 ], [ -49.666229, -23.1883 ], [ -49.653275, -23.211558 ], [ -49.65424, -23.227395 ], [ -49.649243, -23.237089 ], [ -49.644003, -23.239756 ], [ -49.646627, -23.251233 ], [ -49.63959, -23.255845 ], [ -49.638433, -23.259011 ], [ -49.634695, -23.270827 ], [ -49.626669, -23.281293 ], [ -49.630921, -23.303936 ], [ -49.622802, -23.317957 ], [ -49.621118, -23.330117 ], [ -49.628941, -23.343278 ], [ -49.635736, -23.339293 ], [ -49.637413, -23.349053 ], [ -49.63296, -23.355941 ], [ -49.611329, -23.354173 ], [ -49.594936, -23.366611 ], [ -49.595513, -23.37554 ], [ -49.589926, -23.382312 ], [ -49.591158, -23.388548 ], [ -49.602846, -23.383425 ], [ -49.620814, -23.38999 ], [ -49.617847, -23.397721 ], [ -49.604597, -23.39393 ], [ -49.597799, -23.398311 ], [ -49.604266, -23.402361 ], [ -49.603199, -23.407332 ], [ -49.592959, -23.406227 ], [ -49.58885, -23.415663 ], [ -49.579125, -23.414593 ], [ -49.580328, -23.431237 ], [ -49.575066, -23.430916 ], [ -49.568669, -23.424977 ], [ -49.566095, -23.427211 ], [ -49.571898, -23.435754 ], [ -49.568542, -23.439824 ], [ -49.572474, -23.443464 ], [ -49.57951, -23.436258 ], [ -49.58963, -23.435391 ], [ -49.595163, -23.439902 ], [ -49.602709, -23.450812 ], [ -49.597427, -23.457435 ], [ -49.602096, -23.470159 ], [ -49.59938, -23.47802 ], [ -49.615096, -23.473017 ], [ -49.612922, -23.486351 ], [ -49.620902, -23.492845 ], [ -49.613226, -23.509651 ], [ -49.621274, -23.505464 ], [ -49.628893, -23.511347 ], [ -49.62374, -23.522822 ], [ -49.599729, -23.535144 ], [ -49.60524, -23.541184 ], [ -49.598289, -23.552512 ], [ -49.599537, -23.557911 ], [ -49.607512, -23.564752 ], [ -49.6007, -23.574751 ], [ -49.60154, -23.582216 ], [ -49.609513, -23.589463 ], [ -49.615682, -23.590501 ], [ -49.618708, -23.597111 ], [ -49.620694, -23.606567 ], [ -49.617373, -23.612481 ], [ -49.613126, -23.614237 ], [ -49.61312, -23.622644 ], [ -49.605797, -23.624465 ], [ -49.607769, -23.633592 ], [ -49.616667, -23.639105 ], [ -49.602904, -23.643044 ], [ -49.601656, -23.651635 ], [ -49.58483, -23.658394 ], [ -49.58526, -23.663361 ], [ -49.580319, -23.663006 ], [ -49.582715, -23.66979 ], [ -49.579144, -23.67804 ], [ -49.574195, -23.67556 ], [ -49.575376, -23.679924 ], [ -49.567644, -23.68756 ], [ -49.561259, -23.685215 ], [ -49.560852, -23.691597 ], [ -49.555835, -23.690479 ], [ -49.555245, -23.700561 ], [ -49.548722, -23.703534 ], [ -49.554959, -23.719995 ], [ -49.553236, -23.726317 ], [ -49.548316, -23.735811 ], [ -49.550847, -23.738252 ], [ -49.563572, -23.731738 ], [ -49.567131, -23.739653 ], [ -49.563335, -23.7496 ], [ -49.572985, -23.755558 ], [ -49.560027, -23.760825 ], [ -49.563553, -23.769656 ], [ -49.566012, -23.777323 ], [ -49.569986, -23.778215 ], [ -49.565345, -23.78029 ], [ -49.559204, -23.793126 ], [ -49.562627, -23.80145 ], [ -49.559591, -23.811449 ], [ -49.56195, -23.818003 ], [ -49.575964, -23.827017 ], [ -49.587016, -23.826658 ], [ -49.59253, -23.82982 ], [ -49.592185, -23.836568 ], [ -49.586195, -23.841778 ], [ -49.598051, -23.83631 ], [ -49.60756, -23.838898 ], [ -49.595003, -23.846317 ], [ -49.597067, -23.848891 ], [ -49.608427, -23.848105 ], [ -49.610258, -23.851213 ], [ -49.59924, -23.856608 ], [ -49.601985, -23.8678 ], [ -49.593621, -23.872069 ], [ -49.590992, -23.878022 ], [ -49.58487, -23.889947 ], [ -49.573123, -23.877473 ], [ -49.577052, -23.8955 ], [ -49.568043, -23.899979 ], [ -49.562693, -23.91186 ], [ -49.553986, -23.914815 ], [ -49.556511, -23.922248 ], [ -49.545955, -23.922628 ], [ -49.535324, -23.927672 ], [ -49.543892, -23.934679 ], [ -49.538018, -23.938076 ], [ -49.537957, -23.942398 ], [ -49.544773, -23.943138 ], [ -49.548589, -23.944093 ], [ -49.548689, -23.948174 ], [ -49.554061, -23.948426 ], [ -49.555244, -23.939562 ], [ -49.569731, -23.940033 ], [ -49.569029, -23.943971 ], [ -49.563607, -23.941523 ], [ -49.570114, -23.9494 ], [ -49.56509, -23.956288 ], [ -49.566028, -23.959486 ], [ -49.561587, -23.963205 ], [ -49.566308, -23.966549 ], [ -49.572299, -23.968862 ], [ -49.576684, -23.961214 ], [ -49.580442, -23.959994 ], [ -49.582965, -23.964525 ], [ -49.584731, -23.960324 ], [ -49.597084, -23.973328 ], [ -49.596283, -23.97646 ], [ -49.599827, -23.977748 ], [ -49.606498, -23.975208 ], [ -49.610964, -23.978229 ], [ -49.617326, -23.977278 ], [ -49.618646, -23.980362 ], [ -49.607503, -23.983763 ], [ -49.606802, -23.986711 ], [ -49.609339, -23.990141 ], [ -49.614709, -23.987823 ], [ -49.61493, -23.992343 ], [ -49.609644, -23.993395 ], [ -49.609715, -23.996982 ], [ -49.612791, -23.99869 ], [ -49.619417, -23.994551 ], [ -49.623381, -24.002777 ], [ -49.616517, -24.003971 ], [ -49.621293, -24.007234 ], [ -49.615977, -24.009731 ], [ -49.61723, -24.015426 ], [ -49.628201, -24.016668 ], [ -49.6264, -24.026034 ], [ -49.630878, -24.028137 ], [ -49.632675, -24.033818 ], [ -49.623396, -24.043509 ], [ -49.630039, -24.043107 ], [ -49.630451, -24.046894 ], [ -49.624399, -24.046982 ], [ -49.614541, -24.056875 ], [ -49.617314, -24.061568 ], [ -49.623898, -24.059989 ], [ -49.633931, -24.070214 ], [ -49.644023, -24.077309 ], [ -49.650319, -24.072758 ], [ -49.665834, -24.07359 ], [ -49.690001, -24.077628 ], [ -49.695308, -24.070799 ], [ -49.694409, -24.066412 ], [ -49.702428, -24.064539 ], [ -49.708281, -24.06964 ], [ -49.714803, -24.067082 ], [ -49.720652, -24.069754 ], [ -49.721314, -24.079767 ], [ -49.727463, -24.078079 ], [ -49.730769, -24.082262 ], [ -49.74509, -24.074266 ], [ -49.751908, -24.076098 ], [ -49.758922, -24.083615 ], [ -49.756399, -24.072358 ], [ -49.754774, -24.065107 ], [ -49.759784, -24.064863 ], [ -49.766033, -24.046674 ], [ -49.792547, -24.003346 ], [ -49.810855, -23.981063 ], [ -49.82877, -23.978377 ], [ -49.836336, -23.94854 ], [ -49.829813, -23.93579 ], [ -49.830485, -23.926957 ], [ -49.838368, -23.922037 ], [ -49.841659, -23.913439 ], [ -49.84995, -23.908498 ], [ -49.850018, -23.90532 ], [ -49.852699, -23.906143 ], [ -49.851483, -23.902999 ], [ -49.855423, -23.899251 ], [ -49.869537, -23.898525 ], [ -49.866895, -23.895795 ], [ -49.872611, -23.886344 ], [ -49.881499, -23.886508 ], [ -49.886914, -23.880323 ], [ -49.892219, -23.879537 ], [ -49.898562, -23.884963 ], [ -49.896115, -23.876913 ], [ -49.900845, -23.868707 ], [ -49.906421, -23.863712 ], [ -49.910891, -23.867347 ], [ -49.916869, -23.86197 ], [ -49.916955, -23.849162 ], [ -49.923019, -23.843312 ], [ -49.926701, -23.844243 ], [ -49.959079, -23.85242 ], [ -49.948991, -23.861801 ], [ -49.949495, -23.852423 ], [ -49.934558, -23.861653 ], [ -49.941891, -23.867234 ], [ -49.95295, -23.866419 ], [ -49.953713, -23.874919 ], [ -49.965689, -23.870309 ], [ -49.966417, -23.876683 ], [ -49.95539, -23.893348 ], [ -49.97204, -23.898498 ], [ -49.972631, -23.901663 ], [ -49.965168, -23.901463 ], [ -49.963208, -23.907354 ], [ -49.971543, -23.906595 ], [ -49.968363, -23.91974 ], [ -49.97309, -23.919924 ], [ -49.980669, -23.927622 ], [ -49.974764, -23.927552 ], [ -49.964745, -23.936248 ], [ -49.973638, -23.939498 ], [ -49.964284, -23.946995 ], [ -49.972146, -23.948101 ], [ -49.97005, -23.960554 ], [ -49.976694, -23.962888 ], [ -49.971112, -23.966976 ], [ -49.978475, -23.969236 ], [ -49.984877, -23.969689 ], [ -49.992903, -23.975721 ], [ -49.996073, -23.972042 ], [ -49.998779, -23.975218 ], [ -50.004867, -23.971178 ], [ -50.008358, -23.974723 ], [ -50.006139, -23.980248 ], [ -50.010516, -23.983497 ], [ -50.017033, -23.978934 ], [ -50.022033, -23.986372 ], [ -50.025044, -23.984162 ], [ -50.035236, -23.986787 ], [ -50.036625, -23.991551 ], [ -50.041065, -23.989856 ], [ -50.044707, -23.98528 ], [ -50.047771, -23.989394 ], [ -50.048783, -23.982928 ], [ -50.052112, -23.982015 ], [ -50.055472, -23.988028 ], [ -50.057527, -23.984788 ], [ -50.064066, -23.985671 ], [ -50.068362, -23.98043 ], [ -50.070934, -23.977291 ], [ -50.067263, -23.971221 ], [ -50.07236, -23.96421 ], [ -50.07717, -23.968943 ], [ -50.081009, -23.960598 ], [ -50.086531, -23.959397 ], [ -50.096722, -23.962046 ], [ -50.100588, -23.958517 ], [ -50.103728, -23.961123 ], [ -50.109092, -23.958927 ], [ -50.113891, -23.96269 ], [ -50.121232, -23.956108 ], [ -50.13194, -23.954695 ], [ -50.151367, -23.940367 ], [ -50.16122, -23.941605 ], [ -50.162852, -23.94461 ], [ -50.220333, -23.996975 ], [ -50.227567, -23.991797 ], [ -50.222095, -23.988249 ], [ -50.226817, -23.987174 ], [ -50.224067, -23.985076 ], [ -50.229959, -23.979531 ], [ -50.228459, -23.973968 ], [ -50.235627, -23.970924 ], [ -50.237402, -23.964278 ], [ -50.246682, -23.97299 ], [ -50.249155, -23.970461 ], [ -50.252079, -23.977339 ], [ -50.25412, -23.975411 ], [ -50.256502, -23.969851 ], [ -50.246706, -23.962306 ], [ -50.259711, -23.961348 ], [ -50.260104, -23.958246 ], [ -50.266891, -23.963955 ], [ -50.26752, -23.955428 ], [ -50.273986, -23.954724 ], [ -50.28206, -23.961784 ], [ -50.289836, -23.958512 ], [ -50.31163, -23.948964 ], [ -50.318485, -23.947044 ], [ -50.32268, -23.938074 ], [ -50.317959, -23.92917 ], [ -50.324871, -23.925865 ], [ -50.318241, -23.921008 ], [ -50.323734, -23.918606 ], [ -50.320626, -23.911075 ], [ -50.324563, -23.915604 ], [ -50.330344, -23.909296 ], [ -50.340177, -23.916573 ], [ -50.344346, -23.907797 ], [ -50.349318, -23.906653 ], [ -50.34482, -23.896178 ], [ -50.348294, -23.891734 ], [ -50.36146, -23.896896 ], [ -50.359794, -23.905172 ], [ -50.371041, -23.903074 ], [ -50.367122, -23.896066 ], [ -50.375988, -23.896509 ], [ -50.36701, -23.885649 ], [ -50.365407, -23.89101 ], [ -50.362296, -23.890234 ], [ -50.361071, -23.882244 ], [ -50.356987, -23.878811 ], [ -50.370851, -23.870694 ], [ -50.366228, -23.861914 ], [ -50.383134, -23.85877 ], [ -50.382905, -23.8674 ], [ -50.396585, -23.885503 ], [ -50.394393, -23.887921 ], [ -50.398045, -23.891804 ], [ -50.393291, -23.894813 ], [ -50.402486, -23.89907 ], [ -50.396869, -23.906189 ], [ -50.397569, -23.912175 ], [ -50.399797, -23.909966 ], [ -50.401466, -23.913175 ], [ -50.395429, -23.919905 ], [ -50.404876, -23.928457 ], [ -50.406149, -23.934337 ], [ -50.409636, -23.93319 ], [ -50.40961, -23.938502 ], [ -50.415137, -23.940138 ], [ -50.413197, -23.945828 ], [ -50.417721, -23.950444 ], [ -50.428073, -23.958414 ], [ -50.431299, -23.955858 ], [ -50.434729, -23.958475 ], [ -50.439116, -23.952686 ], [ -50.442641, -23.960298 ], [ -50.448508, -23.958738 ], [ -50.463764, -23.959175 ], [ -50.482767, -23.951058 ], [ -50.537267, -23.923441 ], [ -50.534072, -23.933594 ], [ -50.545572, -23.9475 ], [ -50.544964, -23.952811 ], [ -50.546767, -23.960142 ], [ -50.553626, -23.963505 ], [ -50.565127, -23.964214 ], [ -50.570377, -23.969986 ], [ -50.577679, -23.967787 ], [ -50.582682, -23.977096 ], [ -50.578979, -23.983211 ], [ -50.582466, -23.981547 ], [ -50.588151, -23.984719 ], [ -50.58949, -23.989899 ], [ -50.594711, -23.990584 ], [ -50.601264, -23.985868 ], [ -50.607545, -23.993717 ], [ -50.610178, -23.983702 ], [ -50.613073, -23.990232 ], [ -50.620041, -23.985805 ], [ -50.621938, -23.989332 ], [ -50.627356, -23.987697 ], [ -50.629961, -23.992415 ], [ -50.645899, -23.985495 ], [ -50.648121, -23.987639 ], [ -50.647687, -23.993915 ], [ -50.661741, -23.992918 ], [ -50.671888, -24.003329 ], [ -50.688125, -24.002448 ], [ -50.690211, -24.008861 ], [ -50.697014, -24.002747 ], [ -50.692265, -24.010801 ], [ -50.694244, -24.013734 ], [ -50.699928, -24.009873 ], [ -50.700267, -24.013587 ], [ -50.695264, -24.016528 ], [ -50.702346, -24.024415 ], [ -50.718571, -24.029104 ], [ -50.742166, -24.006677 ], [ -50.742561, -24.0011 ], [ -50.734211, -23.9852 ], [ -50.756992, -23.975606 ], [ -50.761875, -23.967386 ], [ -50.744209, -23.96731 ], [ -50.740294, -23.964675 ], [ -50.729853, -23.94028 ], [ -50.731354, -23.935695 ], [ -50.735873, -23.93524 ], [ -50.744655, -23.933505 ], [ -50.754958, -23.922205 ], [ -50.771244, -23.919238 ], [ -50.779021, -23.908685 ], [ -50.786652, -23.905092 ], [ -50.789853, -23.888202 ], [ -50.804434, -23.875932 ], [ -50.818324, -23.876968 ], [ -50.845801, -23.894049 ], [ -50.847234, -23.879155 ], [ -50.859603, -23.865546 ], [ -50.868387, -23.863203 ], [ -50.876381, -23.858077 ], [ -50.881214, -23.847999 ], [ -50.895295, -23.839713 ], [ -50.893882, -23.832686 ], [ -50.885622, -23.822939 ], [ -50.884828, -23.808293 ], [ -50.898574, -23.795083 ], [ -50.909208, -23.804399 ], [ -50.908905, -23.811483 ], [ -50.903819, -23.817343 ], [ -50.921462, -23.82052 ], [ -50.936714, -23.818568 ], [ -50.93949, -23.829071 ], [ -50.933522, -23.829032 ], [ -50.931018, -23.835305 ], [ -50.937517, -23.836565 ], [ -50.939854, -23.841128 ], [ -50.946855, -23.839002 ], [ -50.943022, -23.84763 ], [ -50.943906, -23.852123 ], [ -50.948419, -23.852213 ], [ -50.95888, -23.847972 ], [ -50.962877, -23.852623 ], [ -50.957019, -23.859455 ], [ -50.968125, -23.863272 ], [ -50.95588, -23.871285 ], [ -50.963101, -23.883254 ], [ -50.961433, -23.885755 ], [ -50.949493, -23.884781 ], [ -50.950472, -23.88736 ], [ -50.957051, -23.88667 ], [ -50.95224, -23.894126 ], [ -50.958404, -23.894725 ], [ -50.95757, -23.898885 ], [ -50.960687, -23.899605 ], [ -50.964128, -23.894829 ], [ -50.966432, -23.896689 ], [ -50.971408, -23.893908 ], [ -50.972731, -23.887716 ], [ -50.974898, -23.893263 ], [ -50.979395, -23.894812 ], [ -50.981124, -23.894659 ], [ -50.979912, -23.89866 ], [ -50.979318, -23.902247 ], [ -50.990044, -23.90141 ], [ -50.993993, -23.906033 ], [ -50.99999, -23.900712 ], [ -50.999987, -23.912364 ], [ -51.01602, -23.918197 ], [ -51.019451, -23.916113 ], [ -51.026042, -23.910886 ], [ -51.023996, -23.906355 ], [ -51.04153, -23.905536 ], [ -51.050661, -23.913886 ], [ -51.069265, -23.916049 ], [ -51.071355, -23.913524 ], [ -51.066497, -23.909029 ], [ -51.08141, -23.905479 ], [ -51.082156, -23.916381 ], [ -51.086878, -23.920395 ], [ -51.088736, -23.929135 ], [ -51.112073, -23.942196 ], [ -51.113165, -23.955474 ], [ -51.108802, -23.966939 ], [ -51.094769, -23.975988 ], [ -51.095037, -23.987532 ], [ -51.099445, -24.00084 ], [ -51.091097, -24.014721 ], [ -51.096586, -24.029915 ], [ -51.095545, -24.032399 ], [ -51.081365, -24.043553 ], [ -51.08023, -24.056784 ], [ -51.083513, -24.059405 ], [ -51.08495, -24.07394 ], [ -51.101499, -24.073148 ], [ -51.105353, -24.075893 ], [ -51.103642, -24.080481 ], [ -51.109921, -24.07956 ], [ -51.113779, -24.084796 ], [ -51.130544, -24.069845 ], [ -51.135917, -24.075982 ], [ -51.142159, -24.075123 ], [ -51.144494, -24.078045 ], [ -51.144215, -24.073357 ], [ -51.154376, -24.071057 ], [ -51.151934, -24.081412 ], [ -51.156045, -24.083258 ], [ -51.164825, -24.078946 ], [ -51.166579, -24.084121 ], [ -51.167767, -24.080192 ], [ -51.171577, -24.080036 ], [ -51.170879, -24.08854 ], [ -51.166321, -24.090105 ], [ -51.166541, -24.097923 ], [ -51.170467, -24.096561 ], [ -51.168683, -24.091278 ], [ -51.173543, -24.093579 ], [ -51.176682, -24.090414 ], [ -51.181021, -24.093849 ], [ -51.177516, -24.099948 ], [ -51.19416, -24.102627 ], [ -51.197124, -24.099181 ], [ -51.197464, -24.103156 ], [ -51.204715, -24.102634 ], [ -51.207967, -24.106461 ], [ -51.217209, -24.105268 ], [ -51.224045, -24.094438 ], [ -51.222543, -24.089784 ], [ -51.231353, -24.085377 ], [ -51.240186, -24.092258 ], [ -51.236093, -24.096661 ], [ -51.237795, -24.101382 ], [ -51.243632, -24.09482 ], [ -51.255462, -24.089474 ], [ -51.254768, -24.095246 ], [ -51.264604, -24.095305 ], [ -51.263742, -24.098799 ], [ -51.254574, -24.101116 ], [ -51.262992, -24.107302 ], [ -51.262192, -24.110254 ], [ -51.267631, -24.109307 ], [ -51.275822, -24.099693 ], [ -51.279464, -24.102075 ], [ -51.282291, -24.096246 ], [ -51.285663, -24.093012 ], [ -51.292877, -24.094734 ], [ -51.283819, -24.100275 ], [ -51.290689, -24.099614 ], [ -51.295077, -24.105166 ], [ -51.28932, -24.104902 ], [ -51.285051, -24.109932 ], [ -51.295847, -24.116809 ], [ -51.303684, -24.113259 ], [ -51.305021, -24.121249 ], [ -51.299186, -24.130294 ], [ -51.305385, -24.127372 ], [ -51.308854, -24.133624 ], [ -51.313189, -24.126499 ], [ -51.3206, -24.130546 ], [ -51.323302, -24.125963 ], [ -51.326322, -24.122074 ], [ -51.329551, -24.13109 ], [ -51.341875, -24.132723 ], [ -51.344539, -24.128589 ], [ -51.346962, -24.133161 ], [ -51.34766, -24.115174 ], [ -51.356681, -24.12188 ], [ -51.353017, -24.124983 ], [ -51.36455, -24.132518 ], [ -51.36171, -24.134734 ], [ -51.364879, -24.140931 ], [ -51.373964, -24.13507 ], [ -51.372042, -24.142106 ], [ -51.364074, -24.1423 ], [ -51.364431, -24.152718 ], [ -51.360068, -24.149512 ], [ -51.357283, -24.157814 ], [ -51.344102, -24.149739 ], [ -51.341433, -24.148395 ], [ -51.338601, -24.151629 ], [ -51.339573, -24.158458 ], [ -51.333324, -24.15842 ], [ -51.32219, -24.160915 ], [ -51.321719, -24.168413 ], [ -51.316588, -24.172395 ], [ -51.317744, -24.181453 ], [ -51.307155, -24.181365 ], [ -51.302607, -24.18512 ], [ -51.298577, -24.174159 ], [ -51.29324, -24.174722 ], [ -51.293902, -24.182476 ], [ -51.286515, -24.186901 ], [ -51.289047, -24.194235 ], [ -51.279459, -24.20205 ], [ -51.276132, -24.200213 ], [ -51.266265, -24.203979 ], [ -51.266712, -24.207009 ], [ -51.259292, -24.211947 ], [ -51.258659, -24.218079 ], [ -51.255221, -24.207718 ], [ -51.248323, -24.211513 ], [ -51.245029, -24.220141 ], [ -51.235158, -24.217026 ], [ -51.229707, -24.210004 ], [ -51.224156, -24.213583 ], [ -51.208879, -24.207467 ], [ -51.219752, -24.215494 ], [ -51.206798, -24.222551 ], [ -51.212124, -24.238841 ], [ -51.205745, -24.23876 ], [ -51.203384, -24.245413 ], [ -51.198905, -24.247149 ], [ -51.194737, -24.247685 ], [ -51.181163, -24.252301 ], [ -51.180545, -24.261988 ], [ -51.17043, -24.252552 ], [ -51.169766, -24.256778 ], [ -51.164651, -24.257795 ], [ -51.164737, -24.249064 ], [ -51.160376, -24.248946 ], [ -51.149093, -24.253067 ], [ -51.151794, -24.2624 ], [ -51.14113, -24.263076 ], [ -51.140599, -24.267396 ], [ -51.133024, -24.26632 ], [ -51.13077, -24.271385 ], [ -51.134688, -24.28114 ], [ -51.129826, -24.281788 ], [ -51.123153, -24.274066 ], [ -51.108267, -24.283239 ], [ -51.104736, -24.293401 ], [ -51.095072, -24.288155 ], [ -51.09904, -24.300825 ], [ -51.105516, -24.295455 ], [ -51.115962, -24.297981 ], [ -51.105658, -24.301826 ], [ -51.106598, -24.308205 ], [ -51.113679, -24.30789 ], [ -51.113269, -24.311704 ], [ -51.095691, -24.321347 ], [ -51.097516, -24.325353 ], [ -51.106153, -24.324733 ], [ -51.103601, -24.331629 ], [ -51.099549, -24.337334 ], [ -51.10638, -24.343834 ], [ -51.104014, -24.348138 ], [ -51.086018, -24.340718 ], [ -51.084266, -24.342779 ], [ -51.089514, -24.349908 ], [ -51.078434, -24.347377 ], [ -51.077436, -24.351785 ], [ -51.08941, -24.357458 ], [ -51.088481, -24.360957 ], [ -51.079853, -24.364127 ], [ -51.081178, -24.369549 ], [ -51.086714, -24.370105 ], [ -51.088059, -24.374744 ], [ -51.088598, -24.376989 ], [ -51.094434, -24.385263 ], [ -51.091737, -24.393612 ], [ -51.096513, -24.396914 ], [ -51.094851, -24.402801 ], [ -51.104456, -24.404427 ], [ -51.100937, -24.40741 ], [ -51.101355, -24.411169 ], [ -51.10502, -24.410869 ], [ -51.103879, -24.414184 ], [ -51.138685, -24.431492 ], [ -51.136352, -24.435678 ], [ -51.143401, -24.441873 ], [ -51.133684, -24.45811 ], [ -51.138223, -24.467269 ], [ -51.138519, -24.467628 ], [ -51.147658, -24.469712 ], [ -51.165599, -24.487973 ], [ -51.171239, -24.51316 ], [ -51.179097, -24.517186 ], [ -51.191571, -24.515397 ], [ -51.191742, -24.523331 ], [ -51.17641, -24.53551 ], [ -51.167746, -24.537376 ], [ -51.157971, -24.550453 ], [ -51.158289, -24.568446 ], [ -51.147097, -24.57136 ], [ -51.139595, -24.579094 ], [ -51.130987, -24.580276 ], [ -51.124763, -24.586398 ], [ -51.122847, -24.590367 ], [ -51.130849, -24.60545 ], [ -51.131434, -24.615663 ], [ -51.127514, -24.625043 ], [ -51.117549, -24.628867 ], [ -51.099933, -24.623403 ], [ -51.095983, -24.62976 ], [ -51.082142, -24.635262 ], [ -51.079069, -24.663372 ], [ -51.070519, -24.668534 ], [ -51.064213, -24.685164 ], [ -51.063506, -24.690908 ], [ -51.065084, -24.759736 ], [ -51.065849, -24.79309 ], [ -51.066362, -24.815466 ], [ -51.055184, -24.821792 ], [ -51.036954, -24.844896 ], [ -51.031696, -24.845566 ], [ -51.028302, -24.854623 ], [ -51.017154, -24.858048 ], [ -51.014286, -24.863195 ], [ -51.001301, -24.862299 ], [ -50.997898, -24.862632 ], [ -50.981582, -24.906808 ], [ -50.962451, -24.932491 ], [ -50.969172, -24.934165 ], [ -50.96879, -24.938325 ], [ -50.978127, -24.944116 ], [ -50.975429, -24.951512 ], [ -50.979372, -24.9515 ], [ -50.985293, -24.960082 ], [ -50.984157, -24.965309 ], [ -50.996491, -24.963131 ], [ -50.999987, -24.958717 ], [ -50.999992, -24.967874 ], [ -51.005817, -24.965383 ], [ -51.004516, -24.968813 ], [ -51.008546, -24.970518 ], [ -51.014155, -24.966741 ], [ -51.0171, -24.968633 ], [ -51.029599, -24.954747 ], [ -51.058956, -24.952651 ], [ -51.058623, -24.942803 ], [ -51.051238, -24.934846 ], [ -51.053042, -24.932283 ], [ -51.037437, -24.928924 ], [ -51.042346, -24.914491 ], [ -51.045611, -24.913989 ], [ -51.0489, -24.926121 ], [ -51.071157, -24.923737 ], [ -51.071077, -24.93641 ], [ -51.08613, -24.936334 ], [ -51.091438, -24.932594 ], [ -51.099349, -24.916952 ], [ -51.092324, -24.909591 ], [ -51.082989, -24.914992 ], [ -51.086124, -24.904184 ], [ -51.094096, -24.901543 ], [ -51.106455, -24.907701 ], [ -51.120628, -24.903655 ], [ -51.097685, -24.879269 ], [ -51.099381, -24.875802 ], [ -51.115933, -24.88462 ], [ -51.11318, -24.875763 ], [ -51.102932, -24.866967 ], [ -51.112065, -24.866556 ], [ -51.129411, -24.87373 ], [ -51.13518, -24.863882 ], [ -51.129541, -24.851352 ], [ -51.146597, -24.846391 ], [ -51.142467, -24.835447 ], [ -51.143717, -24.827087 ], [ -51.14599, -24.823279 ], [ -51.150604, -24.825686 ], [ -51.155488, -24.818541 ], [ -51.149414, -24.808189 ], [ -51.168907, -24.811868 ], [ -51.17529, -24.799071 ], [ -51.183215, -24.799933 ], [ -51.185877, -24.792462 ], [ -51.181996, -24.782547 ], [ -51.190436, -24.785004 ], [ -51.196215, -24.798985 ], [ -51.202405, -24.793265 ], [ -51.210982, -24.79495 ], [ -51.20974, -24.785093 ], [ -51.199156, -24.767908 ], [ -51.202428, -24.764912 ], [ -51.212518, -24.772246 ], [ -51.222211, -24.772181 ], [ -51.234848, -24.778099 ], [ -51.234293, -24.791495 ], [ -51.259739, -24.784094 ], [ -51.253161, -24.775757 ], [ -51.251317, -24.770859 ], [ -51.253852, -24.769382 ], [ -51.281935, -24.77407 ], [ -51.275018, -24.752463 ], [ -51.290825, -24.758135 ], [ -51.294127, -24.775546 ], [ -51.302629, -24.771549 ], [ -51.304989, -24.766756 ], [ -51.318377, -24.76815 ], [ -51.325152, -24.754711 ], [ -51.331377, -24.754925 ], [ -51.332354, -24.759143 ], [ -51.348265, -24.763278 ], [ -51.356621, -24.759967 ], [ -51.360104, -24.758586 ], [ -51.374533, -24.772737 ], [ -51.380939, -24.75446 ], [ -51.386432, -24.755519 ], [ -51.394358, -24.763797 ], [ -51.409633, -24.755851 ], [ -51.408263, -24.749413 ], [ -51.416319, -24.735639 ], [ -51.41224, -24.725905 ], [ -51.426506, -24.717259 ], [ -51.436351, -24.702311 ], [ -51.426409, -24.700744 ], [ -51.420523, -24.694677 ], [ -51.426522, -24.687575 ], [ -51.445881, -24.686161 ], [ -51.447522, -24.682779 ], [ -51.442489, -24.677153 ], [ -51.444101, -24.667781 ], [ -51.448771, -24.665135 ], [ -51.453904, -24.654206 ], [ -51.459798, -24.651886 ], [ -51.468156, -24.653894 ], [ -51.471432, -24.647004 ], [ -51.472911, -24.63169 ], [ -51.48052, -24.62708 ], [ -51.475131, -24.618961 ], [ -51.477824, -24.61676 ], [ -51.483129, -24.619201 ], [ -51.493129, -24.636684 ], [ -51.499355, -24.632708 ], [ -51.501683, -24.626909 ], [ -51.486571, -24.608576 ], [ -51.472387, -24.605545 ], [ -51.460406, -24.589073 ], [ -51.453051, -24.584695 ], [ -51.454375, -24.580615 ], [ -51.464688, -24.57848 ], [ -51.464774, -24.575711 ], [ -51.457905, -24.571138 ], [ -51.449883, -24.557731 ], [ -51.467937, -24.554569 ], [ -51.477186, -24.562693 ], [ -51.49023, -24.565431 ] ], [ [ -51.459433, -23.892955 ], [ -51.459432, -23.892955 ], [ -51.455626, -23.883732 ], [ -51.459433, -23.892955 ] ], [ [ -51.334997, -22.748072 ], [ -51.334996, -22.748072 ], [ -51.329599, -22.735728 ], [ -51.334997, -22.748072 ] ], [ [ -51.35541, -22.714968 ], [ -51.355409, -22.714968 ], [ -51.354084, -22.710998 ], [ -51.35541, -22.714968 ] ], [ [ -50.786075, -23.496831 ], [ -50.786076, -23.496831 ], [ -50.787561, -23.499433 ], [ -50.786075, -23.496831 ] ] ] ] } },
{ "type": "Feature", "properties": { "MACRO_ID": "4106", "MACRO_NAME": "Macrorregião Noroeste", "id": "410045", "name": "Altamira do Paraná", "description": "Altamira do Paraná", "MUN_ID": "410045", "UF": "PR", "HREG_ID": "41011", "HREG_NAME": "11ª RS Campo Mourão" }, "geometry": { "type": "Polygon", "coordinates": [ [ [ -53.163125, -24.371834 ], [ -53.166593, -24.36344 ], [ -53.192326, -24.358393 ], [ -53.198716, -24.342188 ], [ -53.202007, -24.340654 ], [ -53.209687, -24.341309 ], [ -53.223183, -24.354706 ], [ -53.234097, -24.34613 ], [ -53.246657, -24.328535 ], [ -53.256153, -24.337602 ], [ -53.274287, -24.33722 ], [ -53.276978, -24.328091 ], [ -53.274674, -24.315364 ], [ -53.288278, -24.307657 ], [ -53.289203, -24.303185 ], [ -53.279478, -24.285666 ], [ -53.277639, -24.252002 ], [ -53.270332, -24.237472 ], [ -53.256941, -24.232039 ], [ -53.257507, -24.226926 ], [ -53.263975, -24.217594 ], [ -53.261635, -24.210815 ], [ -53.250843, -24.19416 ], [ -53.239615, -24.172656 ], [ -53.239694, -24.16592 ], [ -53.260998, -24.172449 ], [ -53.272338, -24.16315 ], [ -53.279886, -24.163078 ], [ -53.285053, -24.1703 ], [ -53.274143, -24.174796 ], [ -53.274253, -24.180166 ], [ -53.280779, -24.183225 ], [ -53.294444, -24.180497 ], [ -53.29798, -24.191387 ], [ -53.298735, -24.194387 ], [ -53.304143, -24.197833 ], [ -53.320339, -24.197923 ], [ -53.326221, -24.203311 ], [ -53.326139, -24.213086 ], [ -53.332936, -24.212366 ], [ -53.337571, -24.216694 ], [ -53.33752, -24.223364 ], [ -53.335131, -24.227899 ], [ -53.338697, -24.23318 ], [ -53.347398, -24.23444 ], [ -53.364219, -24.252272 ], [ -53.381737, -24.246843 ], [ -53.387446, -24.245879 ], [ -53.407837, -24.243604 ], [ -53.436323, -24.237579 ], [ -53.457648, -24.222664 ], [ -53.467595, -24.220712 ], [ -53.48062, -24.217653 ], [ -53.488335, -24.229421 ], [ -53.502568, -24.234862 ], [ -53.528901, -24.246369 ], [ -53.541733, -24.243188 ], [ -53.547393, -24.244345 ], [ -53.557536, -24.259791 ], [ -53.565302, -24.260491 ], [ -53.572265, -24.258736 ], [ -53.572382, -24.247737 ], [ -53.591264, -24.240983 ], [ -53.608875, -24.24664 ], [ -53.613257, -24.24703 ], [ -53.614886, -24.245699 ], [ -53.63898, -24.241256 ], [ -53.649373, -24.219841 ], [ -53.666083, -24.208372 ], [ -53.677326, -24.200722 ], [ -53.691927, -24.201786 ], [ -53.694476, -24.195694 ], [ -53.694617, -24.193124 ], [ -53.701716, -24.182878 ], [ -53.7085, -24.178583 ], [ -53.719402, -24.179434 ], [ -53.746411, -24.187188 ], [ -53.747037, -24.182087 ], [ -53.734619, -24.16575 ], [ -53.740757, -24.150055 ], [ -53.747436, -24.149894 ], [ -53.758358, -24.153265 ], [ -53.765177, -24.159416 ], [ -53.799575, -24.169127 ], [ -53.810399, -24.185717 ], [ -53.838504, -24.166439 ], [ -53.84458, -24.167289 ], [ -53.844469, -24.179666 ], [ -53.8486, -24.186511 ], [ -53.858641, -24.190768 ], [ -53.862732, -24.190724 ], [ -53.883419, -24.176724 ], [ -53.904531, -24.176794 ], [ -53.924663, -24.159179 ], [ -53.910642, -24.146339 ], [ -53.909872, -24.137724 ], [ -53.929793, -24.129065 ], [ -53.941496, -24.120948 ], [ -53.952909, -24.119364 ], [ -53.958094, -24.119887 ], [ -53.975361, -24.13043 ], [ -53.987639, -24.127641 ], [ -53.991721, -24.104408 ], [ -53.989987, -24.072681 ], [ -53.990533, -24.067307 ], [ -53.980311, -24.055219 ], [ -53.967547, -24.023107 ], [ -53.963287, -24.013489 ], [ -53.965695, -24.001958 ], [ -53.972187, -23.981697 ], [ -53.987619, -23.981487 ], [ -53.997902, -23.985238 ], [ -54.016727, -24.014859 ], [ -54.033907, -24.020053 ], [ -54.048669, -24.030839 ], [ -54.059736, -24.036252 ], [ -54.093314, -24.02607 ], [ -54.097945, -24.024562 ], [ -54.168494, -23.998526 ], [ -54.129195, -23.98164 ], [ -54.117035, -23.970861 ], [ -54.101252, -23.951496 ], [ -54.079945, -23.890786 ], [ -54.083473, -23.864517 ], [ -54.087593, -23.844063 ], [ -54.082587, -23.830632 ], [ -54.085549, -23.824693 ], [ -54.08341, -23.806488 ], [ -54.083094, -23.805025 ], [ -54.075197, -23.764018 ], [ -54.052127, -23.7246 ], [ -54.050611, -23.686704 ], [ -54.044097, -23.668189 ], [ -54.031718, -23.651195 ], [ -54.030125, -23.627782 ], [ -54.023507, -23.585612 ], [ -54.006837, -23.54428 ], [ -54.003832, -23.510613 ], [ -53.981024, -23.456388 ], [ -53.963175, -23.443533 ], [ -53.959687, -23.442948 ], [ -53.931545, -23.445482 ], [ -53.876085, -23.419322 ], [ -53.815513, -23.385178 ], [ -53.78968, -23.379471 ], [ -53.770598, -23.371663 ], [ -53.761735, -23.358875 ], [ -53.730335, -23.319344 ], [ -53.7144, -23.282915 ], [ -53.712347, -23.27773 ], [ -53.704884, -23.257572 ], [ -53.703242, -23.25162 ], [ -53.693048, -23.220925 ], [ -53.659349, -23.1653 ], [ -53.659824, -23.153994 ], [ -53.64208, -23.131466 ], [ -53.636082, -23.124564 ], [ -53.629976, -23.011319 ], [ -53.633495, -23.002924 ], [ -53.633619, -22.99803 ], [ -53.616132, -22.973687 ], [ -53.606918, -22.950868 ], [ -53.588804, -22.935771 ], [ -53.570266, -22.928025 ], [ -53.560275, -22.915697 ], [ -53.558938, -22.905495 ], [ -53.546322, -22.88963 ], [ -53.533424, -22.881602 ], [ -53.514731, -22.876403 ], [ -53.484257, -22.863388 ], [ -53.450353, -22.841471 ], [ -53.429147, -22.832489 ], [ -53.409903, -22.813404 ], [ -53.398226, -22.806261 ], [ -53.377029, -22.802768 ], [ -53.363306, -22.783122 ], [ -53.351532, -22.775215 ], [ -53.326861, -22.764099 ], [ -53.239496, -22.733005 ], [ -53.218113, -22.730771 ], [ -53.198498, -22.727867 ], [ -53.180458, -22.713168 ], [ -53.127378, -22.651883 ], [ -53.104686, -22.621463 ], [ -53.094082, -22.637512 ], [ -53.087286, -22.657979 ], [ -53.074223, -22.640874 ], [ -53.055297, -22.632156 ], [ -53.038025, -22.617947 ], [ -53.024016, -22.603733 ], [ -53.013539, -22.599159 ], [ -53.011173, -22.598329 ], [ -52.984359, -22.575883 ], [ -52.972484, -22.570282 ], [ -52.927506, -22.565491 ], [ -52.904863, -22.571741 ], [ -52.854274, -22.607858 ], [ -52.844363, -22.608755 ], [ -52.814941, -22.596576 ], [ -52.782366, -22.601594 ], [ -52.749804, -22.611902 ], [ -52.721931, -22.626285 ], [ -52.701197, -22.627199 ], [ -52.66254, -22.61145 ], [ -52.603811, -22.571683 ], [ -52.588848, -22.565628 ], [ -52.580831, -22.566913 ], [ -52.566632, -22.58878 ], [ -52.539924, -22.614329 ], [ -52.537314, -22.615529 ], [ -52.522998, -22.619429 ], [ -52.50218, -22.634088 ], [ -52.489636, -22.630184 ], [ -52.467138, -22.61541 ], [ -52.445197, -22.607812 ], [ -52.420875, -22.61013 ], [ -52.404881, -22.616597 ], [ -52.369972, -22.628432 ], [ -52.30488, -22.636348 ], [ -52.289466, -22.627761 ], [ -52.2782, -22.619921 ], [ -52.260158, -22.615936 ], [ -52.249919, -22.614958 ], [ -52.239638, -22.619415 ], [ -52.227605, -22.642048 ], [ -52.228051, -22.664145 ], [ -52.223884, -22.674044 ], [ -52.213079, -22.671489 ], [ -52.196688, -22.658461 ], [ -52.182277, -22.654912 ], [ -52.156184, -22.64425 ], [ -52.162027, -22.602722 ], [ -52.151843, -22.568764 ], [ -52.148269, -22.548785 ], [ -52.135061, -22.526446 ], [ -52.127109, -22.519454 ], [ -52.108719, -22.515826 ], [ -52.089124, -22.520781 ], [ -52.055576, -22.538348 ], [ -52.032431, -22.538695 ], [ -52.027858, -22.539014 ], [ -51.997718, -22.54514 ], [ -51.960383, -22.562987 ], [ -51.940021, -22.566873 ], [ -51.901037, -22.601455 ], [ -51.889685, -22.612699 ], [ -51.873171, -22.627746 ], [ -51.855336, -22.631227 ], [ -51.846605, -22.631756 ], [ -51.773996, -22.613947 ], [ -51.753311, -22.616797 ], [ -51.74497, -22.62411 ], [ -51.733855, -22.624996 ], [ -51.732007, -22.631337 ], [ -51.725377, -22.660995 ], [ -51.717683, -22.66855 ], [ -51.724602, -22.700591 ], [ -51.734359, -22.723292 ], [ -51.739939, -22.724182 ], [ -51.758969, -22.738874 ], [ -51.759081, -22.766026 ], [ -51.771041, -22.773952 ], [ -51.765561, -22.797626 ], [ -51.758672, -22.829989 ], [ -51.799722, -22.830544 ], [ -51.792448, -22.840234 ], [ -51.787902, -22.840095 ], [ -51.782539, -22.838277 ], [ -51.770215, -22.847576 ], [ -51.763229, -22.848644 ], [ -51.751066, -22.864328 ], [ -51.747848, -22.875418 ], [ -51.724846, -22.890442 ], [ -51.721441, -22.89372 ], [ -51.729809, -22.903094 ], [ -51.729053, -22.906831 ], [ -51.721169, -22.911056 ], [ -51.720004, -22.923124 ], [ -51.716228, -22.925549 ], [ -51.717086, -22.931003 ], [ -51.753902, -22.943951 ], [ -51.759557, -22.968168 ], [ -51.766844, -22.97764 ], [ -51.78479, -22.989974 ], [ -51.794161, -23.005281 ], [ -51.787528, -23.009355 ], [ -51.785211, -23.017903 ], [ -51.777234, -23.012936 ], [ -51.77237, -23.01742 ], [ -51.768902, -23.013297 ], [ -51.757068, -23.01698 ], [ -51.757975, -23.023333 ], [ -51.752842, -23.026041 ], [ -51.750352, -23.023581 ], [ -51.749888, -23.027646 ], [ -51.752573, -23.034588 ], [ -51.748885, -23.038687 ], [ -51.74563, -23.039662 ], [ -51.744184, -23.046751 ], [ -51.738912, -23.045747 ], [ -51.737017, -23.051218 ], [ -51.7295, -23.049655 ], [ -51.733302, -23.053925 ], [ -51.727906, -23.056176 ], [ -51.724745, -23.052024 ], [ -51.71691, -23.054294 ], [ -51.711412, -23.058594 ], [ -51.712631, -23.060859 ], [ -51.701302, -23.0648 ], [ -51.698134, -23.069817 ], [ -51.694802, -23.06837 ], [ -51.690628, -23.074725 ], [ -51.680493, -23.071759 ], [ -51.671811, -23.086403 ], [ -51.663441, -23.089838 ], [ -51.650593, -23.084635 ], [ -51.646578, -23.092314 ], [ -51.635907, -23.093535 ], [ -51.638075, -23.096818 ], [ -51.634191, -23.096245 ], [ -51.628411, -23.106833 ], [ -51.610108, -23.106694 ], [ -51.605347, -23.109185 ], [ -51.604081, -23.115149 ], [ -51.594463, -23.115707 ], [ -51.589515, -23.122138 ], [ -51.592494, -23.130114 ], [ -51.596793, -23.128122 ], [ -51.604601, -23.150841 ], [ -51.609688, -23.152425 ], [ -51.608517, -23.168528 ], [ -51.613743, -23.180949 ], [ -51.613861, -23.193011 ], [ -51.614652, -23.218982 ], [ -51.619054, -23.221659 ], [ -51.622299, -23.231401 ], [ -51.611103, -23.243695 ], [ -51.603794, -23.268752 ], [ -51.591113, -23.282508 ], [ -51.605287, -23.280771 ], [ -51.605743, -23.284235 ], [ -51.614999, -23.30144 ], [ -51.62288, -23.315203 ], [ -51.661577, -23.355104 ], [ -51.665773, -23.364625 ], [ -51.671661, -23.366303 ], [ -51.676171, -23.373465 ], [ -51.687245, -23.371984 ], [ -51.689713, -23.37722 ], [ -51.689526, -23.377253 ], [ -51.680913, -23.386069 ], [ -51.672795, -23.38306 ], [ -51.672468, -23.390627 ], [ -51.662216, -23.392287 ], [ -51.660271, -23.395535 ], [ -51.665075, -23.403828 ], [ -51.660187, -23.406976 ], [ -51.64841, -23.389563 ], [ -51.646472, -23.397411 ], [ -51.643267, -23.402131 ], [ -51.640167, -23.400525 ], [ -51.624995, -23.410506 ], [ -51.628156, -23.417666 ], [ -51.625493, -23.425858 ], [ -51.63141, -23.429466 ], [ -51.625799, -23.433505 ], [ -51.628745, -23.435218 ], [ -51.625699, -23.438998 ], [ -51.632054, -23.450403 ], [ -51.625821, -23.448667 ], [ -51.625134, -23.452066 ], [ -51.614188, -23.457216 ], [ -51.620744, -23.456251 ], [ -51.621188, -23.462042 ], [ -51.611353, -23.46237 ], [ -51.618076, -23.465758 ], [ -51.613994, -23.470055 ], [ -51.620766, -23.471376 ], [ -51.620296, -23.474608 ], [ -51.610504, -23.479013 ], [ -51.608023, -23.476028 ], [ -51.605685, -23.484376 ], [ -51.610974, -23.483228 ], [ -51.615557, -23.483255 ], [ -51.612874, -23.490266 ], [ -51.621488, -23.488861 ], [ -51.617147, -23.499052 ], [ -51.626402, -23.500221 ], [ -51.62463, -23.504728 ], [ -51.629526, -23.509175 ], [ -51.625433, -23.511497 ], [ -51.628492, -23.51512 ], [ -51.623823, -23.519678 ], [ -51.630886, -23.530304 ], [ -51.628815, -23.539159 ], [ -51.62317, -23.543448 ], [ -51.624919, -23.549779 ], [ -51.637241, -23.560265 ], [ -51.643694, -23.572631 ], [ -51.646577, -23.576937 ], [ -51.652601, -23.577198 ], [ -51.65682, -23.576961 ], [ -51.661686, -23.579748 ], [ -51.676049, -23.576091 ], [ -51.684915, -23.579508 ], [ -51.70619, -23.572363 ], [ -51.707214, -23.576554 ], [ -51.721156, -23.585585 ], [ -51.735493, -23.579703 ], [ -51.73791, -23.587345 ], [ -51.745995, -23.585542 ], [ -51.755603, -23.599579 ], [ -51.763432, -23.600157 ], [ -51.764966, -23.598245 ], [ -51.772713, -23.603588 ], [ -51.778248, -23.601952 ], [ -51.781407, -23.606989 ], [ -51.785989, -23.604256 ], [ -51.793078, -23.606496 ], [ -51.790607, -23.620458 ], [ -51.798737, -23.620379 ], [ -51.795244, -23.630381 ], [ -51.80508, -23.631791 ], [ -51.800221, -23.634657 ], [ -51.798244, -23.641442 ], [ -51.803242, -23.642651 ], [ -51.812049, -23.635391 ], [ -51.819051, -23.648087 ], [ -51.821516, -23.633531 ], [ -51.829602, -23.643669 ], [ -51.836461, -23.640796 ], [ -51.835336, -23.631503 ], [ -51.843212, -23.638488 ], [ -51.851388, -23.633482 ], [ -51.854333, -23.640996 ], [ -51.857399, -23.638065 ], [ -51.85847, -23.641259 ], [ -51.864232, -23.641956 ], [ -51.866172, -23.646516 ], [ -51.869362, -23.6377 ], [ -51.87631, -23.645284 ], [ -51.888132, -23.644653 ], [ -51.884252, -23.6508 ], [ -51.884603, -23.655015 ], [ -51.889287, -23.65472 ], [ -51.88447, -23.657246 ], [ -51.885821, -23.659738 ], [ -51.89144, -23.659199 ], [ -51.890674, -23.662185 ], [ -51.892493, -23.656131 ], [ -51.902124, -23.654116 ], [ -51.905033, -23.662966 ], [ -51.910302, -23.660827 ], [ -51.91348, -23.670686 ], [ -51.9186, -23.666525 ], [ -51.922996, -23.668075 ], [ -51.922588, -23.661734 ], [ -51.929278, -23.665941 ], [ -51.931395, -23.675672 ], [ -51.937463, -23.676817 ], [ -51.939418, -23.672562 ], [ -51.936861, -23.682834 ], [ -51.94438, -23.677861 ], [ -51.945081, -23.684461 ], [ -51.955798, -23.676099 ], [ -51.952794, -23.685833 ], [ -51.956603, -23.684866 ], [ -51.958053, -23.692591 ], [ -51.961321, -23.691001 ], [ -51.963107, -23.694055 ], [ -51.957694, -23.697099 ], [ -51.936048, -23.706977 ], [ -51.9318, -23.713906 ], [ -51.925051, -23.712225 ], [ -51.922795, -23.716969 ], [ -51.918739, -23.725498 ], [ -51.920249, -23.732369 ], [ -51.94994, -23.775521 ], [ -51.961109, -23.775306 ], [ -51.9661, -23.783034 ], [ -51.97416, -23.787212 ], [ -51.976777, -23.796893 ], [ -51.991964, -23.788951 ], [ -51.99577, -23.790128 ], [ -51.994105, -23.800938 ], [ -52.007658, -23.812521 ], [ -52.004606, -23.822102 ], [ -51.981966, -23.829408 ], [ -51.994184, -23.851978 ], [ -51.989633, -23.856142 ], [ -51.985606, -23.853713 ], [ -51.975803, -23.843335 ], [ -51.962727, -23.851241 ], [ -51.958184, -23.856839 ], [ -51.955551, -23.872725 ], [ -51.940548, -23.876371 ], [ -51.939188, -23.886238 ], [ -51.951549, -23.900462 ], [ -51.942981, -23.907585 ], [ -51.938962, -23.907695 ], [ -51.939378, -23.91177 ], [ -51.956187, -23.929026 ], [ -51.936718, -23.938296 ], [ -51.936163, -23.941581 ], [ -51.941883, -23.944664 ], [ -51.959106, -23.935734 ], [ -51.958355, -23.949216 ], [ -51.967512, -23.948868 ], [ -51.965744, -23.953896 ], [ -51.956907, -23.958088 ], [ -51.965388, -23.974932 ], [ -51.955275, -23.971927 ], [ -51.945635, -23.973723 ], [ -51.94716, -23.982957 ], [ -51.936492, -23.994448 ], [ -51.947658, -23.99184 ], [ -51.958014, -23.994819 ], [ -51.954714, -24.001966 ], [ -51.948336, -24.001719 ], [ -51.936067, -24.00629 ], [ -51.94336, -24.011622 ], [ -51.947332, -24.02156 ], [ -51.94196, -24.030969 ], [ -51.947822, -24.038978 ], [ -51.929014, -24.04697 ], [ -51.93569, -24.051993 ], [ -51.943582, -24.054341 ], [ -51.951756, -24.043537 ], [ -51.955022, -24.043689 ], [ -51.953879, -24.04832 ], [ -51.951913, -24.052289 ], [ -51.957927, -24.068424 ], [ -51.938693, -24.068043 ], [ -51.935876, -24.079897 ], [ -51.917534, -24.078216 ], [ -51.914485, -24.083026 ], [ -51.923604, -24.089266 ], [ -51.91731, -24.103338 ], [ -51.912415, -24.109184 ], [ -51.88984, -24.115299 ], [ -51.889955, -24.118675 ], [ -51.897927, -24.121313 ], [ -51.923505, -24.113682 ], [ -51.925632, -24.12388 ], [ -51.92705, -24.127657 ], [ -51.93772, -24.129786 ], [ -51.943414, -24.138547 ], [ -51.924519, -24.140574 ], [ -51.92072, -24.143787 ], [ -51.919999, -24.163906 ], [ -51.923916, -24.163645 ], [ -51.94035, -24.155309 ], [ -51.941991, -24.146243 ], [ -51.949692, -24.144742 ], [ -51.956047, -24.149626 ], [ -51.95328, -24.156844 ], [ -51.950306, -24.161976 ], [ -51.954357, -24.165037 ], [ -51.970769, -24.163948 ], [ -51.956146, -24.182302 ], [ -51.961603, -24.200006 ], [ -51.970107, -24.197152 ], [ -51.967221, -24.18245 ], [ -51.969712, -24.177806 ], [ -51.976081, -24.182568 ], [ -51.98585, -24.189409 ], [ -51.99092, -24.182764 ], [ -51.996548, -24.180577 ], [ -52.002719, -24.182919 ], [ -52.009833, -24.187143 ], [ -52.009553, -24.191824 ], [ -51.984581, -24.195592 ], [ -51.992244, -24.202183 ], [ -51.982218, -24.212475 ], [ -51.979025, -24.22708 ], [ -51.971104, -24.226046 ], [ -51.975351, -24.220218 ], [ -51.969576, -24.205683 ], [ -51.964938, -24.210095 ], [ -51.96791, -24.2165 ], [ -51.959841, -24.221098 ], [ -51.9488, -24.224509 ], [ -51.946247, -24.228925 ], [ -51.948965, -24.231317 ], [ -51.96866, -24.229307 ], [ -51.96988, -24.231815 ], [ -51.957571, -24.240457 ], [ -51.953349, -24.246331 ], [ -51.954548, -24.249253 ], [ -51.969766, -24.246781 ], [ -51.975701, -24.248908 ], [ -51.974168, -24.25252 ], [ -51.958919, -24.25731 ], [ -51.960146, -24.260153 ], [ -51.970785, -24.258878 ], [ -51.970606, -24.272948 ], [ -51.976964, -24.269977 ], [ -51.991528, -24.270404 ], [ -51.98465, -24.280254 ], [ -51.998218, -24.28467 ], [ -51.990423, -24.287514 ], [ -51.983185, -24.283726 ], [ -51.980872, -24.287615 ], [ -51.983662, -24.293093 ], [ -51.978855, -24.297814 ], [ -51.982074, -24.304412 ], [ -51.990056, -24.296211 ], [ -51.993945, -24.297457 ], [ -51.997185, -24.308919 ], [ -51.982166, -24.31981 ], [ -51.989738, -24.320339 ], [ -51.990135, -24.327359 ], [ -51.993811, -24.327959 ], [ -52.000679, -24.33106 ], [ -51.99318, -24.343443 ], [ -52.004505, -24.342949 ], [ -52.006144, -24.347745 ], [ -51.996153, -24.353434 ], [ -51.98663, -24.36696 ], [ -51.998732, -24.365372 ], [ -52.001788, -24.35568 ], [ -52.014314, -24.361675 ], [ -52.013973, -24.365165 ], [ -52.007198, -24.365969 ], [ -52.009026, -24.371869 ], [ -52.003446, -24.377123 ], [ -52.023153, -24.379296 ], [ -52.009721, -24.396119 ], [ -52.023274, -24.394128 ], [ -52.018708, -24.398211 ], [ -52.023828, -24.405489 ], [ -52.021571, -24.411462 ], [ -52.037898, -24.406254 ], [ -52.042223, -24.407936 ], [ -52.042243, -24.408484 ], [ -52.033515, -24.413664 ], [ -52.030645, -24.427359 ], [ -52.025429, -24.428528 ], [ -52.025969, -24.435416 ], [ -52.016173, -24.4362 ], [ -52.01313, -24.440294 ], [ -52.018353, -24.443904 ], [ -52.026579, -24.437437 ], [ -52.037012, -24.443525 ], [ -52.021007, -24.449067 ], [ -52.02513, -24.450665 ], [ -52.032008, -24.448957 ], [ -52.030929, -24.459209 ], [ -52.024442, -24.460634 ], [ -52.030135, -24.465146 ], [ -52.028001, -24.468674 ], [ -52.022575, -24.467045 ], [ -52.016092, -24.470734 ], [ -52.018359, -24.477212 ], [ -52.026608, -24.477267 ], [ -52.026232, -24.48029 ], [ -52.023859, -24.4828 ], [ -52.018903, -24.480006 ], [ -52.013047, -24.483882 ], [ -52.022987, -24.488023 ], [ -52.028554, -24.495806 ], [ -52.035797, -24.495233 ], [ -52.036297, -24.500951 ], [ -52.04121, -24.502122 ], [ -52.027184, -24.506413 ], [ -52.032629, -24.511967 ], [ -52.038145, -24.511335 ], [ -52.033199, -24.518233 ], [ -52.045805, -24.516007 ], [ -52.041526, -24.525805 ], [ -52.045447, -24.525737 ], [ -52.045727, -24.520905 ], [ -52.051485, -24.528461 ], [ -52.049235, -24.536183 ], [ -52.042085, -24.533137 ], [ -52.041933, -24.540009 ], [ -52.035445, -24.542582 ], [ -52.040901, -24.543221 ], [ -52.038962, -24.54968 ], [ -52.045021, -24.556727 ], [ -52.041097, -24.562936 ], [ -52.047036, -24.566244 ], [ -52.052996, -24.570893 ], [ -52.05917, -24.570426 ], [ -52.061273, -24.575461 ], [ -52.064825, -24.572033 ], [ -52.070432, -24.574128 ], [ -52.074004, -24.568831 ], [ -52.075779, -24.571014 ], [ -52.079292, -24.576045 ], [ -52.076228, -24.580074 ], [ -52.083394, -24.582318 ], [ -52.079419, -24.590609 ], [ -52.085572, -24.588018 ], [ -52.087287, -24.592264 ], [ -52.095001, -24.589787 ], [ -52.09413, -24.596372 ], [ -52.102731, -24.597251 ], [ -52.107865, -24.598692 ], [ -52.10603, -24.602676 ], [ -52.113259, -24.601229 ], [ -52.111528, -24.606774 ], [ -52.115419, -24.605671 ], [ -52.114493, -24.609326 ], [ -52.119452, -24.609095 ], [ -52.118783, -24.61345 ], [ -52.132541, -24.623922 ], [ -52.148298, -24.625126 ], [ -52.151505, -24.623637 ], [ -52.172776, -24.632354 ], [ -52.177142, -24.623147 ], [ -52.189963, -24.622527 ], [ -52.196313, -24.618666 ], [ -52.218201, -24.619744 ], [ -52.228959, -24.623108 ], [ -52.233337, -24.630159 ], [ -52.241749, -24.629491 ], [ -52.244172, -24.635376 ], [ -52.254049, -24.639688 ], [ -52.267454, -24.639079 ], [ -52.279318, -24.651564 ], [ -52.283016, -24.648668 ], [ -52.284705, -24.657318 ], [ -52.288511, -24.659909 ], [ -52.297407, -24.656988 ], [ -52.297086, -24.664101 ], [ -52.302703, -24.659477 ], [ -52.305296, -24.664687 ], [ -52.307201, -24.661816 ], [ -52.316463, -24.665018 ], [ -52.319925, -24.661555 ], [ -52.323577, -24.666089 ], [ -52.320966, -24.672706 ], [ -52.325576, -24.673519 ], [ -52.325381, -24.680189 ], [ -52.331941, -24.682004 ], [ -52.332472, -24.686066 ], [ -52.334502, -24.68317 ], [ -52.339189, -24.685312 ], [ -52.338824, -24.678349 ], [ -52.34635, -24.679367 ], [ -52.344603, -24.690399 ], [ -52.361721, -24.6908 ], [ -52.364098, -24.696492 ], [ -52.37046, -24.692477 ], [ -52.372247, -24.701154 ], [ -52.369136, -24.706761 ], [ -52.383002, -24.708067 ], [ -52.383172, -24.713182 ], [ -52.389222, -24.711491 ], [ -52.390353, -24.718862 ], [ -52.393606, -24.716128 ], [ -52.395993, -24.713092 ], [ -52.399125, -24.719545 ], [ -52.404331, -24.720855 ], [ -52.405512, -24.729327 ], [ -52.414779, -24.720758 ], [ -52.412982, -24.715729 ], [ -52.424675, -24.712232 ], [ -52.424302, -24.70344 ], [ -52.430069, -24.702831 ], [ -52.438112, -24.713447 ], [ -52.435636, -24.720058 ], [ -52.420332, -24.721945 ], [ -52.421847, -24.726221 ], [ -52.431448, -24.725459 ], [ -52.438481, -24.729533 ], [ -52.426948, -24.733502 ], [ -52.426533, -24.736784 ], [ -52.438125, -24.73711 ], [ -52.434623, -24.743427 ], [ -52.436535, -24.746996 ], [ -52.445531, -24.74148 ], [ -52.452554, -24.745856 ], [ -52.454347, -24.746389 ], [ -52.466987, -24.743538 ], [ -52.469209, -24.750361 ], [ -52.473356, -24.750079 ], [ -52.476151, -24.74143 ], [ -52.482432, -24.740205 ], [ -52.479799, -24.735996 ], [ -52.482703, -24.733643 ], [ -52.497175, -24.743246 ], [ -52.491816, -24.751004 ], [ -52.503023, -24.74813 ], [ -52.515887, -24.758236 ], [ -52.518204, -24.760904 ], [ -52.521132, -24.767329 ], [ -52.526121, -24.760832 ], [ -52.536754, -24.763047 ], [ -52.53623, -24.753681 ], [ -52.542465, -24.748707 ], [ -52.545912, -24.754131 ], [ -52.540434, -24.769295 ], [ -52.535644, -24.778019 ], [ -52.539839, -24.778288 ], [ -52.545218, -24.785945 ], [ -52.536691, -24.802612 ], [ -52.544334, -24.817013 ], [ -52.539743, -24.82322 ], [ -52.544043, -24.826176 ], [ -52.534173, -24.849112 ], [ -52.546914, -24.84593 ], [ -52.551421, -24.84868 ], [ -52.561401, -24.851933 ], [ -52.576542, -24.869138 ], [ -52.596785, -24.873454 ], [ -52.601184, -24.878167 ], [ -52.598273, -24.884562 ], [ -52.602286, -24.884762 ], [ -52.605705, -24.89085 ], [ -52.601674, -24.893965 ], [ -52.60342, -24.896088 ], [ -52.61448, -24.895899 ], [ -52.615318, -24.90075 ], [ -52.621149, -24.89772 ], [ -52.625889, -24.90528 ], [ -52.622731, -24.906736 ], [ -52.630077, -24.909609 ], [ -52.630716, -24.914579 ], [ -52.636911, -24.907306 ], [ -52.6409, -24.912345 ], [ -52.644531, -24.909853 ], [ -52.641118, -24.91864 ], [ -52.649248, -24.908874 ], [ -52.654445, -24.909723 ], [ -52.650874, -24.923607 ], [ -52.655295, -24.928889 ], [ -52.659301, -24.926019 ], [ -52.663135, -24.931513 ], [ -52.682162, -24.93053 ], [ -52.686775, -24.925882 ], [ -52.673702, -24.920582 ], [ -52.672521, -24.910059 ], [ -52.657753, -24.902084 ], [ -52.656882, -24.894836 ], [ -52.694128, -24.894176 ], [ -52.699724, -24.890337 ], [ -52.686457, -24.884417 ], [ -52.684432, -24.878491 ], [ -52.70469, -24.876433 ], [ -52.712545, -24.87205 ], [ -52.717298, -24.866167 ], [ -52.717232, -24.857288 ], [ -52.721268, -24.855467 ], [ -52.731397, -24.862677 ], [ -52.740402, -24.854277 ], [ -52.739083, -24.881433 ], [ -52.746548, -24.874775 ], [ -52.749147, -24.869205 ], [ -52.766617, -24.865129 ], [ -52.773222, -24.857381 ], [ -52.767258, -24.854672 ], [ -52.748619, -24.859392 ], [ -52.750555, -24.848399 ], [ -52.763141, -24.845273 ], [ -52.770711, -24.838463 ], [ -52.760739, -24.831221 ], [ -52.761851, -24.827155 ], [ -52.769494, -24.827431 ], [ -52.773125, -24.830974 ], [ -52.774517, -24.846025 ], [ -52.793232, -24.845638 ], [ -52.797223, -24.841822 ], [ -52.796911, -24.833662 ], [ -52.80707, -24.828615 ], [ -52.803705, -24.825119 ], [ -52.788449, -24.818503 ], [ -52.775276, -24.804576 ], [ -52.777001, -24.800825 ], [ -52.798396, -24.796937 ], [ -52.80475, -24.80875 ], [ -52.819438, -24.807121 ], [ -52.830825, -24.814993 ], [ -52.851556, -24.791337 ], [ -52.856197, -24.7922 ], [ -52.866294, -24.802957 ], [ -52.871667, -24.800906 ], [ -52.865617, -24.790089 ], [ -52.877223, -24.788027 ], [ -52.877943, -24.784604 ], [ -52.860304, -24.784045 ], [ -52.857569, -24.779656 ], [ -52.857577, -24.774093 ], [ -52.864561, -24.765991 ], [ -52.853847, -24.763241 ], [ -52.859566, -24.758086 ], [ -52.876313, -24.750952 ], [ -52.877019, -24.750802 ], [ -52.907316, -24.763083 ], [ -52.919189, -24.761611 ], [ -52.922276, -24.757987 ], [ -52.922083, -24.733352 ], [ -52.901742, -24.724006 ], [ -52.912911, -24.716153 ], [ -52.941106, -24.707012 ], [ -52.946245, -24.712933 ], [ -52.947689, -24.723353 ], [ -52.956387, -24.724496 ], [ -52.961, -24.720078 ], [ -52.962967, -24.704317 ], [ -52.946506, -24.688028 ], [ -52.95069, -24.683841 ], [ -52.983469, -24.68822 ], [ -52.985272, -24.680097 ], [ -52.978536, -24.669395 ], [ -52.979196, -24.668943 ], [ -52.986717, -24.666196 ], [ -52.995692, -24.673506 ], [ -53.027216, -24.664767 ], [ -53.030664, -24.657099 ], [ -53.018804, -24.642425 ], [ -53.02283, -24.635617 ], [ -53.035337, -24.636618 ], [ -53.043865, -24.649928 ], [ -53.060613, -24.650845 ], [ -53.069164, -24.643411 ], [ -53.052485, -24.637663 ], [ -53.04333, -24.624482 ], [ -53.041499, -24.611219 ], [ -53.044634, -24.609452 ], [ -53.055159, -24.608011 ], [ -53.06452, -24.611987 ], [ -53.075734, -24.60635 ], [ -53.084927, -24.610636 ], [ -53.092972, -24.612122 ], [ -53.095089, -24.589366 ], [ -53.095202, -24.572238 ], [ -53.106623, -24.569148 ], [ -53.122028, -24.563148 ], [ -53.128277, -24.557132 ], [ -53.130016, -24.553506 ], [ -53.135889, -24.536911 ], [ -53.159142, -24.533696 ], [ -53.165247, -24.522544 ], [ -53.178664, -24.520097 ], [ -53.181801, -24.514011 ], [ -53.168015, -24.5014 ], [ -53.162946, -24.489965 ], [ -53.160704, -24.463657 ], [ -53.161108, -24.448527 ], [ -53.168387, -24.436632 ], [ -53.160918, -24.427168 ], [ -53.151449, -24.416821 ], [ -53.157299, -24.401584 ], [ -53.15881, -24.394217 ], [ -53.160454, -24.377461 ], [ -53.163125, -24.371834 ] ], [ [ -52.236525, -23.830265 ], [ -52.236525, -23.830266 ], [ -52.229351, -23.834384 ], [ -52.236525, -23.830265 ] ] ] } },
{ "type": "Feature", "properties": { "MACRO_ID": "4107", "MACRO_NAME": "Macrorregião Leste", "id": "410020", "name": "Adrianópolis", "description": "Adrianópolis", "MUN_ID": "410020", "UF": "PR", "HREG_ID": "41002", "HREG_NAME": "2ª RS Metropolitana" }, "geometry": { "type": "Polygon", "coordinates": [ [ [ -51.260474, -26.378922 ], [ -51.269525, -26.38665 ], [ -51.272896, -26.387626 ], [ -51.277791, -26.389995 ], [ -51.275476, -26.401472 ], [ -51.288729, -26.399612 ], [ -51.29189, -26.403788 ], [ -51.287157, -26.413863 ], [ -51.294227, -26.416914 ], [ -51.298718, -26.418674 ], [ -51.296815, -26.422175 ], [ -51.29401, -26.42623 ], [ -51.291212, -26.436664 ], [ -51.274078, -26.445476 ], [ -51.279873, -26.453746 ], [ -51.278291, -26.458011 ], [ -51.271055, -26.456693 ], [ -51.267319, -26.460477 ], [ -51.253498, -26.463029 ], [ -51.260094, -26.470267 ], [ -51.250468, -26.473863 ], [ -51.266107, -26.481918 ], [ -51.260769, -26.4907 ], [ -51.267726, -26.489747 ], [ -51.273806, -26.496611 ], [ -51.268554, -26.499542 ], [ -51.271812, -26.504838 ], [ -51.262578, -26.507031 ], [ -51.265482, -26.512384 ], [ -51.256502, -26.519805 ], [ -51.250929, -26.520389 ], [ -51.246573, -26.538212 ], [ -51.239127, -26.539369 ], [ -51.240125, -26.544709 ], [ -51.223295, -26.550318 ], [ -51.229453, -26.554802 ], [ -51.228233, -26.561669 ], [ -51.215482, -26.569648 ], [ -51.224156, -26.575905 ], [ -51.226808, -26.585073 ], [ -51.223636, -26.592876 ], [ -51.237345, -26.60404 ], [ -51.229388, -26.615831 ], [ -51.232517, -26.614382 ], [ -51.237345, -26.618671 ], [ -51.23888, -26.627909 ], [ -51.258157, -26.625351 ], [ -51.266956, -26.637579 ], [ -51.277093, -26.635815 ], [ -51.274264, -26.641589 ], [ -51.282238, -26.642111 ], [ -51.281356, -26.650392 ], [ -51.282933, -26.653515 ], [ -51.30531, -26.654616 ], [ -51.31061, -26.651478 ], [ -51.323313, -26.656443 ], [ -51.325482, -26.651228 ], [ -51.326198, -26.649505 ], [ -51.331415, -26.64681 ], [ -51.336068, -26.649482 ], [ -51.346931, -26.648635 ], [ -51.352747, -26.651736 ], [ -51.364628, -26.658058 ], [ -51.381054, -26.658983 ], [ -51.390759, -26.66342 ], [ -51.405416, -26.675685 ], [ -51.392425, -26.685039 ], [ -51.39255, -26.697782 ], [ -51.398236, -26.710438 ], [ -51.41104, -26.716809 ], [ -51.406663, -26.700146 ], [ -51.43486, -26.687648 ], [ -51.43907, -26.666736 ], [ -51.4553, -26.65361 ], [ -51.454255, -26.640177 ], [ -51.463946, -26.626769 ], [ -51.468329, -26.620739 ], [ -51.474879, -26.618989 ], [ -51.487052, -26.622709 ], [ -51.483612, -26.611607 ], [ -51.490409, -26.605237 ], [ -51.49377, -26.589164 ], [ -51.49917, -26.585254 ], [ -51.511076, -26.583275 ], [ -51.511556, -26.581366 ], [ -51.515568, -26.54607 ], [ -51.524181, -26.537846 ], [ -51.522685, -26.526962 ], [ -51.528566, -26.51267 ], [ -51.526396, -26.497239 ], [ -51.522307, -26.493901 ], [ -51.525761, -26.489319 ], [ -51.524462, -26.48444 ], [ -51.515926, -26.474976 ], [ -51.525742, -26.468863 ], [ -51.526086, -26.461997 ], [ -51.535163, -26.457452 ], [ -51.526231, -26.454952 ], [ -51.530635, -26.451177 ], [ -51.531043, -26.436931 ], [ -51.544353, -26.429815 ], [ -51.540965, -26.427014 ], [ -51.543897, -26.423671 ], [ -51.547285, -26.426921 ], [ -51.551365, -26.418152 ], [ -51.552761, -26.412138 ], [ -51.548305, -26.40116 ], [ -51.542302, -26.398073 ], [ -51.540627, -26.391793 ], [ -51.552894, -26.392669 ], [ -51.554709, -26.390301 ], [ -51.565579, -26.392711 ], [ -51.567919, -26.396279 ], [ -51.571813, -26.396307 ], [ -51.573219, -26.392588 ], [ -51.580948, -26.394876 ], [ -51.569534, -26.384861 ], [ -51.57031, -26.374665 ], [ -51.55988, -26.376371 ], [ -51.561861, -26.367744 ], [ -51.588997, -26.357259 ], [ -51.579019, -26.349062 ], [ -51.57426, -26.35068 ], [ -51.571165, -26.345359 ], [ -51.573132, -26.339184 ], [ -51.579337, -26.337742 ], [ -51.577952, -26.330052 ], [ -51.584325, -26.321629 ], [ -51.589648, -26.323161 ], [ -51.591292, -26.327677 ], [ -51.601911, -26.329726 ], [ -51.605665, -26.326895 ], [ -51.59746, -26.318402 ], [ -51.591008, -26.319633 ], [ -51.588752, -26.313711 ], [ -51.592385, -26.306921 ], [ -51.580334, -26.307174 ], [ -51.588171, -26.296896 ], [ -51.580156, -26.296304 ], [ -51.577338, -26.292924 ], [ -51.582435, -26.292255 ], [ -51.585345, -26.286336 ], [ -51.59549, -26.289355 ], [ -51.598282, -26.284008 ], [ -51.603649, -26.294317 ], [ -51.60845, -26.291484 ], [ -51.61269, -26.295943 ], [ -51.617421, -26.284669 ], [ -51.620796, -26.290553 ], [ -51.627575, -26.289173 ], [ -51.631948, -26.294555 ], [ -51.628674, -26.279989 ], [ -51.640363, -26.277931 ], [ -51.639597, -26.274692 ], [ -51.631247, -26.271579 ], [ -51.645434, -26.270593 ], [ -51.643951, -26.263939 ], [ -51.656369, -26.267281 ], [ -51.663384, -26.269386 ], [ -51.661787, -26.276956 ], [ -51.667345, -26.267455 ], [ -51.679287, -26.268513 ], [ -51.682179, -26.274837 ], [ -51.675896, -26.279119 ], [ -51.682102, -26.286853 ], [ -51.682784, -26.279717 ], [ -51.691455, -26.277649 ], [ -51.687366, -26.275739 ], [ -51.693156, -26.257723 ], [ -51.688903, -26.251374 ], [ -51.693096, -26.245611 ], [ -51.700878, -26.24344 ], [ -51.708204, -26.246891 ], [ -51.708376, -26.258459 ], [ -51.713145, -26.259179 ], [ -51.714718, -26.255705 ], [ -51.724902, -26.258386 ], [ -51.73235, -26.264679 ], [ -51.739813, -26.265247 ], [ -51.738439, -26.258465 ], [ -51.742672, -26.252445 ], [ -51.761719, -26.249313 ], [ -51.764721, -26.251484 ], [ -51.761514, -26.261111 ], [ -51.774972, -26.257201 ], [ -51.7766, -26.254892 ], [ -51.77133, -26.250303 ], [ -51.778295, -26.241629 ], [ -51.769127, -26.236557 ], [ -51.753428, -26.237007 ], [ -51.746457, -26.232702 ], [ -51.704191, -26.125403 ], [ -51.69476, -26.095272 ], [ -51.696092, -26.091069 ], [ -51.715728, -26.081223 ], [ -51.737841, -26.048839 ], [ -51.729656, -26.033102 ], [ -51.730043, -26.025146 ], [ -51.724196, -26.018457 ], [ -51.726384, -26.016174 ], [ -51.72194, -26.012173 ], [ -51.722453, -26.006458 ], [ -51.730944, -26.006584 ], [ -51.739023, -25.994155 ], [ -51.745384, -25.996161 ], [ -51.756879, -26.008434 ], [ -51.766919, -26.011174 ], [ -51.780299, -25.997133 ], [ -51.794951, -25.998891 ], [ -51.8218, -26.012562 ], [ -51.828268, -26.013876 ], [ -51.83993, -26.009965 ], [ -51.864922, -26.025683 ], [ -51.871868, -26.023467 ], [ -51.877991, -26.022843 ], [ -51.887782, -26.008898 ], [ -51.899041, -26.00823 ], [ -51.919492, -25.995233 ], [ -51.953371, -25.986667 ], [ -51.965271, -25.987767 ], [ -51.973853, -25.998417 ], [ -51.979316, -26.01398 ], [ -51.991177, -26.016969 ], [ -52.007922, -26.010212 ], [ -52.014185, -26.001976 ], [ -52.008431, -25.985906 ], [ -52.010097, -25.980277 ], [ -52.027671, -25.976768 ], [ -52.033617, -25.971501 ], [ -52.028632, -25.956893 ], [ -52.032709, -25.946511 ], [ -52.054086, -25.936077 ], [ -52.076499, -25.93926 ], [ -52.086299, -25.937183 ], [ -52.09751, -25.919881 ], [ -52.104709, -25.908274 ], [ -52.111636, -25.894607 ], [ -52.133857, -25.893704 ], [ -52.142884, -25.8903 ], [ -52.147579, -25.871311 ], [ -52.161412, -25.862789 ], [ -52.168077, -25.829149 ], [ -52.164549, -25.823781 ], [ -52.155077, -25.820541 ], [ -52.153994, -25.818425 ], [ -52.150354, -25.806627 ], [ -52.13539, -25.792995 ], [ -52.110991, -25.791448 ], [ -52.113164, -25.781406 ], [ -52.122689, -25.774238 ], [ -52.134876, -25.775991 ], [ -52.14302, -25.773313 ], [ -52.155604, -25.753399 ], [ -52.165723, -25.748298 ], [ -52.172668, -25.750156 ], [ -52.191383, -25.772366 ], [ -52.202299, -25.769179 ], [ -52.21349, -25.75605 ], [ -52.231551, -25.748771 ], [ -52.232581, -25.739938 ], [ -52.247283, -25.744307 ], [ -52.25522, -25.743758 ], [ -52.261551, -25.738069 ], [ -52.266219, -25.724218 ], [ -52.285224, -25.711228 ], [ -52.295467, -25.708174 ], [ -52.309395, -25.711147 ], [ -52.323024, -25.723276 ], [ -52.332358, -25.720964 ], [ -52.33122, -25.713839 ], [ -52.308358, -25.689372 ], [ -52.309522, -25.680938 ], [ -52.319104, -25.677494 ], [ -52.333108, -25.681299 ], [ -52.358245, -25.705095 ], [ -52.387205, -25.69892 ], [ -52.394773, -25.699786 ], [ -52.410699, -25.699062 ], [ -52.434357, -25.676493 ], [ -52.444499, -25.672663 ], [ -52.455891, -25.674828 ], [ -52.466611, -25.678214 ], [ -52.478023, -25.672521 ], [ -52.479183, -25.671942 ], [ -52.483128, -25.67097 ], [ -52.491918, -25.680979 ], [ -52.497637, -25.679278 ], [ -52.501574, -25.666348 ], [ -52.498467, -25.661506 ], [ -52.504943, -25.657197 ], [ -52.530138, -25.645494 ], [ -52.54189, -25.643453 ], [ -52.545756, -25.649706 ], [ -52.542025, -25.657887 ], [ -52.524606, -25.673144 ], [ -52.520678, -25.6866 ], [ -52.529835, -25.69799 ], [ -52.543692, -25.695738 ], [ -52.556246, -25.68655 ], [ -52.575067, -25.663997 ], [ -52.575905, -25.646617 ], [ -52.601057, -25.633838 ], [ -52.603576, -25.615518 ], [ -52.607892, -25.610716 ], [ -52.615408, -25.60883 ], [ -52.620094, -25.620651 ], [ -52.618825, -25.629162 ], [ -52.625653, -25.653591 ], [ -52.648892, -25.65284 ], [ -52.660128, -25.657209 ], [ -52.676288, -25.655199 ], [ -52.680919, -25.651928 ], [ -52.692059, -25.652836 ], [ -52.702351, -25.66114 ], [ -52.707732, -25.664997 ], [ -52.714754, -25.664425 ], [ -52.715836, -25.653971 ], [ -52.721596, -25.626254 ], [ -52.728215, -25.616695 ], [ -52.7372, -25.615114 ], [ -52.746441, -25.618601 ], [ -52.759988, -25.614762 ], [ -52.768265, -25.607877 ], [ -52.782707, -25.569552 ], [ -52.784618, -25.566513 ], [ -52.782304, -25.565068 ], [ -52.770696, -25.565698 ], [ -52.764721, -25.556301 ], [ -52.766458, -25.553561 ], [ -52.781344, -25.557205 ], [ -52.787765, -25.545368 ], [ -52.780831, -25.537103 ], [ -52.779556, -25.521194 ], [ -52.775434, -25.521928 ], [ -52.774191, -25.519071 ], [ -52.766204, -25.521794 ], [ -52.764564, -25.514956 ], [ -52.769321, -25.505048 ], [ -52.781361, -25.504794 ], [ -52.780582, -25.49573 ], [ -52.770033, -25.50266 ], [ -52.772539, -25.497267 ], [ -52.770254, -25.491507 ], [ -52.776636, -25.486979 ], [ -52.767105, -25.481943 ], [ -52.757597, -25.491801 ], [ -52.749034, -25.489483 ], [ -52.757039, -25.485287 ], [ -52.752835, -25.472223 ], [ -52.757773, -25.472025 ], [ -52.760832, -25.477984 ], [ -52.776528, -25.466609 ], [ -52.768783, -25.46218 ], [ -52.768447, -25.468179 ], [ -52.754654, -25.467188 ], [ -52.756173, -25.462858 ], [ -52.765638, -25.458292 ], [ -52.761278, -25.455187 ], [ -52.749882, -25.44947 ], [ -52.76325, -25.450572 ], [ -52.758711, -25.44365 ], [ -52.760949, -25.440992 ], [ -52.756951, -25.441952 ], [ -52.749938, -25.43201 ], [ -52.743942, -25.436393 ], [ -52.745917, -25.442155 ], [ -52.742686, -25.442825 ], [ -52.737414, -25.428507 ], [ -52.744682, -25.425882 ], [ -52.741003, -25.422348 ], [ -52.744023, -25.415054 ], [ -52.732969, -25.413712 ], [ -52.749041, -25.404473 ], [ -52.744719, -25.401683 ], [ -52.737729, -25.40671 ], [ -52.730068, -25.394458 ], [ -52.725888, -25.404256 ], [ -52.715541, -25.400975 ], [ -52.712131, -25.391861 ], [ -52.71781, -25.384152 ], [ -52.706883, -25.391713 ], [ -52.702539, -25.39008 ], [ -52.708333, -25.385104 ], [ -52.702184, -25.378478 ], [ -52.707194, -25.376182 ], [ -52.710591, -25.372769 ], [ -52.706065, -25.366404 ], [ -52.712863, -25.364395 ], [ -52.70935, -25.358651 ], [ -52.704625, -25.360002 ], [ -52.703695, -25.354122 ], [ -52.711959, -25.343996 ], [ -52.707338, -25.347242 ], [ -52.706695, -25.342654 ], [ -52.700207, -25.344658 ], [ -52.698425, -25.338648 ], [ -52.706909, -25.338761 ], [ -52.702395, -25.335797 ], [ -52.702704, -25.332951 ], [ -52.697171, -25.331508 ], [ -52.697892, -25.325222 ], [ -52.692477, -25.325123 ], [ -52.670365, -25.314314 ], [ -52.667637, -25.306421 ], [ -52.672474, -25.302191 ], [ -52.668724, -25.298588 ], [ -52.66261, -25.299675 ], [ -52.66127, -25.291975 ], [ -52.672675, -25.288794 ], [ -52.68057, -25.279867 ], [ -52.692437, -25.27398 ], [ -52.793247, -25.273365 ], [ -52.839488, -25.27306 ], [ -52.839067, -25.2685 ], [ -52.835591, -25.267467 ], [ -52.842818, -25.257397 ], [ -52.829622, -25.258081 ], [ -52.83022, -25.251805 ], [ -52.81689, -25.253064 ], [ -52.80524, -25.248048 ], [ -52.804525, -25.253636 ], [ -52.798855, -25.252017 ], [ -52.799487, -25.256201 ], [ -52.79398, -25.257064 ], [ -52.79484, -25.246592 ], [ -52.790497, -25.2493 ], [ -52.786735, -25.24721 ], [ -52.785531, -25.252586 ], [ -52.781727, -25.247644 ], [ -52.77598, -25.24775 ], [ -52.773736, -25.229503 ], [ -52.769355, -25.230853 ], [ -52.767643, -25.236951 ], [ -52.76341, -25.234154 ], [ -52.759019, -25.236451 ], [ -52.75831, -25.231022 ], [ -52.750537, -25.230492 ], [ -52.753264, -25.226074 ], [ -52.747952, -25.229346 ], [ -52.742098, -25.226042 ], [ -52.737978, -25.228889 ], [ -52.734345, -25.216947 ], [ -52.72211, -25.216608 ], [ -52.720663, -25.211879 ], [ -52.707037, -25.212684 ], [ -52.705764, -25.216389 ], [ -52.701989, -25.214614 ], [ -52.700451, -25.216914 ], [ -52.694806, -25.21399 ], [ -52.697289, -25.210735 ], [ -52.69451, -25.21175 ], [ -52.692883, -25.207631 ], [ -52.688958, -25.211109 ], [ -52.680901, -25.210587 ], [ -52.67247, -25.200573 ], [ -52.660045, -25.205443 ], [ -52.653961, -25.200186 ], [ -52.658026, -25.187377 ], [ -52.665899, -25.183447 ], [ -52.673188, -25.171047 ], [ -52.690732, -25.16387 ], [ -52.679959, -25.150784 ], [ -52.66852, -25.145459 ], [ -52.666368, -25.135409 ], [ -52.669611, -25.128285 ], [ -52.664781, -25.119289 ], [ -52.656068, -25.107156 ], [ -52.659895, -25.105611 ], [ -52.656785, -25.104535 ], [ -52.658899, -25.098239 ], [ -52.663877, -25.096066 ], [ -52.657845, -25.095057 ], [ -52.662264, -25.089561 ], [ -52.652146, -25.088904 ], [ -52.657242, -25.08607 ], [ -52.656126, -25.083579 ], [ -52.661048, -25.08259 ], [ -52.654935, -25.075476 ], [ -52.661368, -25.070577 ], [ -52.650816, -25.066195 ], [ -52.652498, -25.06141 ], [ -52.63266, -25.057887 ], [ -52.638424, -25.052681 ], [ -52.626782, -25.047176 ], [ -52.62226, -25.043372 ], [ -52.618088, -25.046288 ], [ -52.621804, -25.039208 ], [ -52.613423, -25.042206 ], [ -52.609313, -25.0377 ], [ -52.616549, -25.036067 ], [ -52.612374, -25.032622 ], [ -52.614433, -25.027574 ], [ -52.610025, -25.027749 ], [ -52.616685, -25.020105 ], [ -52.614927, -25.016287 ], [ -52.612362, -25.019406 ], [ -52.602506, -25.01997 ], [ -52.606094, -25.015416 ], [ -52.599762, -25.012504 ], [ -52.604802, -25.011517 ], [ -52.611257, -25.002372 ], [ -52.606256, -24.998782 ], [ -52.616197, -24.991878 ], [ -52.614276, -24.988408 ], [ -52.62063, -24.984228 ], [ -52.621999, -24.975609 ], [ -52.616171, -24.976896 ], [ -52.610596, -24.97343 ], [ -52.610918, -24.967526 ], [ -52.605312, -24.967714 ], [ -52.603068, -24.9628 ], [ -52.595718, -24.966101 ], [ -52.591422, -24.964065 ], [ -52.583904, -24.957826 ], [ -52.596045, -24.949676 ], [ -52.596854, -24.939246 ], [ -52.610455, -24.936025 ], [ -52.615692, -24.925025 ], [ -52.62067, -24.925495 ], [ -52.621551, -24.961395 ], [ -52.643546, -24.956206 ], [ -52.638752, -24.975479 ], [ -52.638963, -24.980846 ], [ -52.642766, -24.982453 ], [ -52.651993, -24.964211 ], [ -52.662407, -24.956071 ], [ -52.637263, -24.944019 ], [ -52.655295, -24.928889 ], [ -52.650874, -24.923607 ], [ -52.654445, -24.909723 ], [ -52.649248, -24.908874 ], [ -52.641118, -24.91864 ], [ -52.644531, -24.909853 ], [ -52.6409, -24.912345 ], [ -52.636911, -24.907306 ], [ -52.630716, -24.914579 ], [ -52.630077, -24.909609 ], [ -52.622731, -24.906736 ], [ -52.625889, -24.90528 ], [ -52.621149, -24.89772 ], [ -52.615318, -24.90075 ], [ -52.61448, -24.895899 ], [ -52.60342, -24.896088 ], [ -52.601674, -24.893965 ], [ -52.605705, -24.89085 ], [ -52.602286, -24.884762 ], [ -52.598273, -24.884562 ], [ -52.601184, -24.878167 ], [ -52.596785, -24.873454 ], [ -52.576542, -24.869138 ], [ -52.561401, -24.851933 ], [ -52.551421, -24.84868 ], [ -52.546914, -24.84593 ], [ -52.534173, -24.849112 ], [ -52.544043, -24.826176 ], [ -52.539743, -24.82322 ], [ -52.544334, -24.817013 ], [ -52.536691, -24.802612 ], [ -52.545218, -24.785945 ], [ -52.539839, -24.778288 ], [ -52.535644, -24.778019 ], [ -52.540434, -24.769295 ], [ -52.545912, -24.754131 ], [ -52.542465, -24.748707 ], [ -52.53623, -24.753681 ], [ -52.536754, -24.763047 ], [ -52.526121, -24.760832 ], [ -52.521132, -24.767329 ], [ -52.518204, -24.760904 ], [ -52.515887, -24.758236 ], [ -52.503023, -24.74813 ], [ -52.491816, -24.751004 ], [ -52.497175, -24.743246 ], [ -52.482703, -24.733643 ], [ -52.479799, -24.735996 ], [ -52.482432, -24.740205 ], [ -52.476151, -24.74143 ], [ -52.473356, -24.750079 ], [ -52.469209, -24.750361 ], [ -52.466987, -24.743538 ], [ -52.454347, -24.746389 ], [ -52.452554, -24.745856 ], [ -52.445531, -24.74148 ], [ -52.436535, -24.746996 ], [ -52.434623, -24.743427 ], [ -52.438125, -24.73711 ], [ -52.426533, -24.736784 ], [ -52.426948, -24.733502 ], [ -52.438481, -24.729533 ], [ -52.431448, -24.725459 ], [ -52.421847, -24.726221 ], [ -52.420332, -24.721945 ], [ -52.435636, -24.720058 ], [ -52.438112, -24.713447 ], [ -52.430069, -24.702831 ], [ -52.424302, -24.70344 ], [ -52.424675, -24.712232 ], [ -52.412982, -24.715729 ], [ -52.414779, -24.720758 ], [ -52.405512, -24.729327 ], [ -52.404331, -24.720855 ], [ -52.399125, -24.719545 ], [ -52.395993, -24.713092 ], [ -52.393606, -24.716128 ], [ -52.394034, -24.729704 ], [ -52.38782, -24.727613 ], [ -52.386063, -24.733123 ], [ -52.378715, -24.734004 ], [ -52.379539, -24.737669 ], [ -52.368181, -24.739159 ], [ -52.370053, -24.743947 ], [ -52.382252, -24.745313 ], [ -52.37605, -24.754859 ], [ -52.370735, -24.752657 ], [ -52.368123, -24.756202 ], [ -52.363093, -24.751931 ], [ -52.36106, -24.756673 ], [ -52.341039, -24.750686 ], [ -52.344832, -24.745461 ], [ -52.33743, -24.741117 ], [ -52.327616, -24.743074 ], [ -52.324715, -24.738826 ], [ -52.326191, -24.734929 ], [ -52.334234, -24.733128 ], [ -52.334508, -24.725502 ], [ -52.330718, -24.720823 ], [ -52.322979, -24.729991 ], [ -52.30615, -24.725888 ], [ -52.290406, -24.730993 ], [ -52.287299, -24.733607 ], [ -52.290615, -24.735437 ], [ -52.304237, -24.733737 ], [ -52.310636, -24.738926 ], [ -52.290119, -24.747164 ], [ -52.298768, -24.760656 ], [ -52.290975, -24.767307 ], [ -52.284619, -24.757816 ], [ -52.280901, -24.758037 ], [ -52.288186, -24.772296 ], [ -52.283144, -24.779215 ], [ -52.27744, -24.777869 ], [ -52.266353, -24.781883 ], [ -52.254086, -24.771556 ], [ -52.24933, -24.776525 ], [ -52.245195, -24.776171 ], [ -52.232662, -24.781051 ], [ -52.228549, -24.777267 ], [ -52.241279, -24.768135 ], [ -52.233219, -24.770564 ], [ -52.222332, -24.768362 ], [ -52.217723, -24.771874 ], [ -52.219091, -24.758483 ], [ -52.208755, -24.75689 ], [ -52.203487, -24.758868 ], [ -52.209589, -24.762103 ], [ -52.204586, -24.76647 ], [ -52.20628, -24.771348 ], [ -52.200623, -24.765972 ], [ -52.183928, -24.768007 ], [ -52.177751, -24.773855 ], [ -52.185905, -24.776985 ], [ -52.17687, -24.777738 ], [ -52.17262, -24.784125 ], [ -52.166398, -24.78553 ], [ -52.177016, -24.791428 ], [ -52.168934, -24.796468 ], [ -52.156353, -24.795961 ], [ -52.155845, -24.790186 ], [ -52.148968, -24.787974 ], [ -52.151479, -24.780971 ], [ -52.142563, -24.781001 ], [ -52.136454, -24.787316 ], [ -52.133685, -24.783553 ], [ -52.121326, -24.786789 ], [ -52.118953, -24.785195 ], [ -52.125658, -24.782064 ], [ -52.128669, -24.775693 ], [ -52.119471, -24.77859 ], [ -52.116038, -24.777738 ], [ -52.11715, -24.761468 ], [ -52.104917, -24.747626 ], [ -52.103832, -24.738593 ], [ -52.09149, -24.728037 ], [ -52.08785, -24.724923 ], [ -52.094189, -24.722957 ], [ -52.090756, -24.706378 ], [ -52.082019, -24.702152 ], [ -52.075703, -24.693899 ], [ -52.091998, -24.674879 ], [ -52.091344, -24.656862 ], [ -52.101519, -24.655449 ], [ -52.105577, -24.646105 ], [ -52.093221, -24.63581 ], [ -52.09233, -24.623008 ], [ -52.09248, -24.614505 ], [ -52.089793, -24.613844 ], [ -52.093068, -24.612394 ], [ -52.08687, -24.608132 ], [ -52.089946, -24.607573 ], [ -52.088273, -24.604243 ], [ -52.09413, -24.596372 ], [ -52.095001, -24.589787 ], [ -52.087287, -24.592264 ], [ -52.085572, -24.588018 ], [ -52.079419, -24.590609 ], [ -52.083394, -24.582318 ], [ -52.076228, -24.580074 ], [ -52.079292, -24.576045 ], [ -52.075779, -24.571014 ], [ -52.074004, -24.568831 ], [ -52.070432, -24.574128 ], [ -52.064825, -24.572033 ], [ -52.061273, -24.575461 ], [ -52.05917, -24.570426 ], [ -52.052996, -24.570893 ], [ -52.047036, -24.566244 ], [ -52.044213, -24.565209 ], [ -52.044719, -24.568901 ], [ -52.039523, -24.571292 ], [ -52.038909, -24.566181 ], [ -52.032867, -24.565701 ], [ -52.035483, -24.570607 ], [ -52.030996, -24.573946 ], [ -52.035444, -24.57639 ], [ -52.030509, -24.582152 ], [ -51.999029, -24.592642 ], [ -51.996494, -24.602549 ], [ -52.00408, -24.60988 ], [ -51.987756, -24.611977 ], [ -51.978945, -24.619571 ], [ -51.979117, -24.615881 ], [ -51.974354, -24.614514 ], [ -51.969184, -24.614082 ], [ -51.956974, -24.608987 ], [ -51.945168, -24.598639 ], [ -51.926841, -24.600559 ], [ -51.914017, -24.605763 ], [ -51.904007, -24.602051 ], [ -51.892431, -24.598776 ], [ -51.893865, -24.596589 ], [ -51.889424, -24.594911 ], [ -51.877696, -24.592173 ], [ -51.876341, -24.582861 ], [ -51.873787, -24.576553 ], [ -51.877751, -24.570582 ], [ -51.87193, -24.572501 ], [ -51.869911, -24.569626 ], [ -51.878697, -24.560884 ], [ -51.871132, -24.557847 ], [ -51.87709, -24.550777 ], [ -51.867316, -24.547329 ], [ -51.861609, -24.557106 ], [ -51.859178, -24.553588 ], [ -51.863687, -24.547057 ], [ -51.8556, -24.542761 ], [ -51.860515, -24.53728 ], [ -51.859156, -24.533246 ], [ -51.855595, -24.536855 ], [ -51.848555, -24.535963 ], [ -51.848723, -24.530783 ], [ -51.845582, -24.529367 ], [ -51.843433, -24.533442 ], [ -51.837655, -24.532758 ], [ -51.835856, -24.537202 ], [ -51.83129, -24.535555 ], [ -51.837184, -24.527424 ], [ -51.835271, -24.518671 ], [ -51.838556, -24.515838 ], [ -51.844627, -24.507917 ], [ -51.848636, -24.513339 ], [ -51.851584, -24.507614 ], [ -51.853927, -24.510999 ], [ -51.855627, -24.508536 ], [ -51.859004, -24.492448 ], [ -51.855355, -24.487554 ], [ -51.851834, -24.487046 ], [ -51.854487, -24.494474 ], [ -51.852092, -24.496179 ], [ -51.843534, -24.491114 ], [ -51.836239, -24.496885 ], [ -51.830993, -24.494021 ], [ -51.83289, -24.489189 ], [ -51.826459, -24.475342 ], [ -51.832332, -24.471033 ], [ -51.833385, -24.465224 ], [ -51.825157, -24.461393 ], [ -51.827332, -24.456843 ], [ -51.824005, -24.44928 ], [ -51.817789, -24.44944 ], [ -51.820428, -24.452412 ], [ -51.818256, -24.45739 ], [ -51.807894, -24.458829 ], [ -51.809066, -24.464954 ], [ -51.81494, -24.466652 ], [ -51.814829, -24.471183 ], [ -51.804191, -24.469657 ], [ -51.799128, -24.464098 ], [ -51.796569, -24.470896 ], [ -51.790881, -24.473674 ], [ -51.791272, -24.478054 ], [ -51.798043, -24.48587 ], [ -51.792312, -24.486369 ], [ -51.791174, -24.495073 ], [ -51.780291, -24.500202 ], [ -51.778165, -24.506704 ], [ -51.763945, -24.506512 ], [ -51.764247, -24.513284 ], [ -51.767855, -24.510371 ], [ -51.772944, -24.5117 ], [ -51.773778, -24.520117 ], [ -51.769452, -24.519635 ], [ -51.768295, -24.525331 ], [ -51.767949, -24.525512 ], [ -51.756592, -24.52897 ], [ -51.754962, -24.537856 ], [ -51.756677, -24.543266 ], [ -51.750694, -24.547678 ], [ -51.752781, -24.55174 ], [ -51.742622, -24.570708 ], [ -51.736401, -24.576578 ], [ -51.736714, -24.583952 ], [ -51.720798, -24.598756 ], [ -51.715541, -24.603326 ], [ -51.715252, -24.594994 ], [ -51.705841, -24.592718 ], [ -51.698512, -24.584146 ], [ -51.691766, -24.581601 ], [ -51.661608, -24.584097 ], [ -51.64089, -24.57528 ], [ -51.638759, -24.572881 ], [ -51.633805, -24.574892 ], [ -51.628149, -24.567559 ], [ -51.627927, -24.567547 ], [ -51.621269, -24.567176 ], [ -51.617266, -24.5621 ], [ -51.609351, -24.563519 ], [ -51.609941, -24.559942 ], [ -51.604069, -24.555411 ], [ -51.5876, -24.562156 ], [ -51.580955, -24.556152 ], [ -51.575657, -24.556292 ], [ -51.570886, -24.557148 ], [ -51.564949, -24.569721 ], [ -51.558598, -24.573581 ], [ -51.55855, -24.573436 ], [ -51.553121, -24.570097 ], [ -51.552325, -24.560724 ], [ -51.536554, -24.562287 ], [ -51.533195, -24.553546 ], [ -51.525365, -24.555169 ], [ -51.523885, -24.562767 ], [ -51.518228, -24.563027 ], [ -51.517193, -24.572353 ], [ -51.511527, -24.570805 ], [ -51.511624, -24.573645 ], [ -51.504404, -24.574973 ], [ -51.493477, -24.571449 ], [ -51.49023, -24.565431 ], [ -51.477186, -24.562693 ], [ -51.467937, -24.554569 ], [ -51.449883, -24.557731 ], [ -51.457905, -24.571138 ], [ -51.464774, -24.575711 ], [ -51.464688, -24.57848 ], [ -51.454375, -24.580615 ], [ -51.453051, -24.584695 ], [ -51.460406, -24.589073 ], [ -51.472387, -24.605545 ], [ -51.486571, -24.608576 ], [ -51.501683, -24.626909 ], [ -51.499355, -24.632708 ], [ -51.493129, -24.636684 ], [ -51.483129, -24.619201 ], [ -51.477824, -24.61676 ], [ -51.475131, -24.618961 ], [ -51.48052, -24.62708 ], [ -51.472911, -24.63169 ], [ -51.471432, -24.647004 ], [ -51.468156, -24.653894 ], [ -51.459798, -24.651886 ], [ -51.453904, -24.654206 ], [ -51.448771, -24.665135 ], [ -51.444101, -24.667781 ], [ -51.442489, -24.677153 ], [ -51.447522, -24.682779 ], [ -51.445881, -24.686161 ], [ -51.426522, -24.687575 ], [ -51.420523, -24.694677 ], [ -51.426409, -24.700744 ], [ -51.436351, -24.702311 ], [ -51.426506, -24.717259 ], [ -51.41224, -24.725905 ], [ -51.416319, -24.735639 ], [ -51.408263, -24.749413 ], [ -51.409633, -24.755851 ], [ -51.394358, -24.763797 ], [ -51.386432, -24.755519 ], [ -51.380939, -24.75446 ], [ -51.374533, -24.772737 ], [ -51.360104, -24.758586 ], [ -51.356621, -24.759967 ], [ -51.348265, -24.763278 ], [ -51.332354, -24.759143 ], [ -51.331377, -24.754925 ], [ -51.325152, -24.754711 ], [ -51.318377, -24.76815 ], [ -51.304989, -24.766756 ], [ -51.302629, -24.771549 ], [ -51.294127, -24.775546 ], [ -51.290825, -24.758135 ], [ -51.275018, -24.752463 ], [ -51.281935, -24.77407 ], [ -51.253852, -24.769382 ], [ -51.251317, -24.770859 ], [ -51.253161, -24.775757 ], [ -51.259739, -24.784094 ], [ -51.234293, -24.791495 ], [ -51.234848, -24.778099 ], [ -51.222211, -24.772181 ], [ -51.212518, -24.772246 ], [ -51.202428, -24.764912 ], [ -51.199156, -24.767908 ], [ -51.20974, -24.785093 ], [ -51.210982, -24.79495 ], [ -51.202405, -24.793265 ], [ -51.196215, -24.798985 ], [ -51.190436, -24.785004 ], [ -51.181996, -24.782547 ], [ -51.185877, -24.792462 ], [ -51.183215, -24.799933 ], [ -51.17529, -24.799071 ], [ -51.168907, -24.811868 ], [ -51.149414, -24.808189 ], [ -51.155488, -24.818541 ], [ -51.150604, -24.825686 ], [ -51.14599, -24.823279 ], [ -51.143717, -24.827087 ], [ -51.142467, -24.835447 ], [ -51.146597, -24.846391 ], [ -51.129541, -24.851352 ], [ -51.13518, -24.863882 ], [ -51.129411, -24.87373 ], [ -51.112065, -24.866556 ], [ -51.102932, -24.866967 ], [ -51.11318, -24.875763 ], [ -51.115933, -24.88462 ], [ -51.099381, -24.875802 ], [ -51.097685, -24.879269 ], [ -51.120628, -24.903655 ], [ -51.106455, -24.907701 ], [ -51.094096, -24.901543 ], [ -51.086124, -24.904184 ], [ -51.082989, -24.914992 ], [ -51.092324, -24.909591 ], [ -51.099349, -24.916952 ], [ -51.091438, -24.932594 ], [ -51.08613, -24.936334 ], [ -51.071077, -24.93641 ], [ -51.071157, -24.923737 ], [ -51.0489, -24.926121 ], [ -51.045611, -24.913989 ], [ -51.042346, -24.914491 ], [ -51.037437, -24.928924 ], [ -51.053042, -24.932283 ], [ -51.051238, -24.934846 ], [ -51.058623, -24.942803 ], [ -51.058956, -24.952651 ], [ -51.029599, -24.954747 ], [ -51.0171, -24.968633 ], [ -51.014155, -24.966741 ], [ -51.008546, -24.970518 ], [ -51.004516, -24.968813 ], [ -51.005817, -24.965383 ], [ -50.999992, -24.967874 ], [ -50.999987, -24.958717 ], [ -50.996491, -24.963131 ], [ -50.984157, -24.965309 ], [ -50.985293, -24.960082 ], [ -50.979372, -24.9515 ], [ -50.975429, -24.951512 ], [ -50.978127, -24.944116 ], [ -50.96879, -24.938325 ], [ -50.969172, -24.934165 ], [ -50.962451, -24.932491 ], [ -50.981582, -24.906808 ], [ -50.997898, -24.862632 ], [ -51.001301, -24.862299 ], [ -51.014286, -24.863195 ], [ -51.017154, -24.858048 ], [ -51.028302, -24.854623 ], [ -51.031696, -24.845566 ], [ -51.036954, -24.844896 ], [ -51.055184, -24.821792 ], [ -51.066362, -24.815466 ], [ -51.065849, -24.79309 ], [ -51.065084, -24.759736 ], [ -51.063506, -24.690908 ], [ -51.064213, -24.685164 ], [ -51.070519, -24.668534 ], [ -51.079069, -24.663372 ], [ -51.082142, -24.635262 ], [ -51.095983, -24.62976 ], [ -51.099933, -24.623403 ], [ -51.117549, -24.628867 ], [ -51.127514, -24.625043 ], [ -51.131434, -24.615663 ], [ -51.130849, -24.60545 ], [ -51.122847, -24.590367 ], [ -51.124763, -24.586398 ], [ -51.130987, -24.580276 ], [ -51.139595, -24.579094 ], [ -51.147097, -24.57136 ], [ -51.158289, -24.568446 ], [ -51.157971, -24.550453 ], [ -51.167746, -24.537376 ], [ -51.17641, -24.53551 ], [ -51.191742, -24.523331 ], [ -51.191571, -24.515397 ], [ -51.179097, -24.517186 ], [ -51.171239, -24.51316 ], [ -51.165599, -24.487973 ], [ -51.147658, -24.469712 ], [ -51.138519, -24.467628 ], [ -51.138223, -24.467269 ], [ -51.133684, -24.45811 ], [ -51.143401, -24.441873 ], [ -51.136352, -24.435678 ], [ -51.138685, -24.431492 ], [ -51.103879, -24.414184 ], [ -51.10502, -24.410869 ], [ -51.101355, -24.411169 ], [ -51.100937, -24.40741 ], [ -51.104456, -24.404427 ], [ -51.094851, -24.402801 ], [ -51.096513, -24.396914 ], [ -51.091737, -24.393612 ], [ -51.094434, -24.385263 ], [ -51.088598, -24.376989 ], [ -51.088059, -24.374744 ], [ -51.086714, -24.370105 ], [ -51.081178, -24.369549 ], [ -51.079853, -24.364127 ], [ -51.088481, -24.360957 ], [ -51.08941, -24.357458 ], [ -51.077436, -24.351785 ], [ -51.078434, -24.347377 ], [ -51.089514, -24.349908 ], [ -51.084266, -24.342779 ], [ -51.086018, -24.340718 ], [ -51.104014, -24.348138 ], [ -51.10638, -24.343834 ], [ -51.099549, -24.337334 ], [ -51.103601, -24.331629 ], [ -51.106153, -24.324733 ], [ -51.097516, -24.325353 ], [ -51.095691, -24.321347 ], [ -51.113269, -24.311704 ], [ -51.113679, -24.30789 ], [ -51.106598, -24.308205 ], [ -51.105658, -24.301826 ], [ -51.115962, -24.297981 ], [ -51.105516, -24.295455 ], [ -51.09904, -24.300825 ], [ -51.095072, -24.288155 ], [ -51.104736, -24.293401 ], [ -51.108267, -24.283239 ], [ -51.123153, -24.274066 ], [ -51.129826, -24.281788 ], [ -51.134688, -24.28114 ], [ -51.13077, -24.271385 ], [ -51.133024, -24.26632 ], [ -51.140599, -24.267396 ], [ -51.14113, -24.263076 ], [ -51.151794, -24.2624 ], [ -51.149093, -24.253067 ], [ -51.160376, -24.248946 ], [ -51.164737, -24.249064 ], [ -51.164651, -24.257795 ], [ -51.169766, -24.256778 ], [ -51.17043, -24.252552 ], [ -51.180545, -24.261988 ], [ -51.181163, -24.252301 ], [ -51.194737, -24.247685 ], [ -51.198905, -24.247149 ], [ -51.203384, -24.245413 ], [ -51.205745, -24.23876 ], [ -51.212124, -24.238841 ], [ -51.206798, -24.222551 ], [ -51.219752, -24.215494 ], [ -51.208879, -24.207467 ], [ -51.224156, -24.213583 ], [ -51.229707, -24.210004 ], [ -51.235158, -24.217026 ], [ -51.245029, -24.220141 ], [ -51.248323, -24.211513 ], [ -51.255221, -24.207718 ], [ -51.258659, -24.218079 ], [ -51.259292, -24.211947 ], [ -51.266712, -24.207009 ], [ -51.266265, -24.203979 ], [ -51.276132, -24.200213 ], [ -51.279459, -24.20205 ], [ -51.289047, -24.194235 ], [ -51.286515, -24.186901 ], [ -51.293902, -24.182476 ], [ -51.29324, -24.174722 ], [ -51.298577, -24.174159 ], [ -51.302607, -24.18512 ], [ -51.307155, -24.181365 ], [ -51.317744, -24.181453 ], [ -51.316588, -24.172395 ], [ -51.321719, -24.168413 ], [ -51.32219, -24.160915 ], [ -51.333324, -24.15842 ], [ -51.339573, -24.158458 ], [ -51.338601, -24.151629 ], [ -51.341433, -24.148395 ], [ -51.344102, -24.149739 ], [ -51.357283, -24.157814 ], [ -51.360068, -24.149512 ], [ -51.364431, -24.152718 ], [ -51.364074, -24.1423 ], [ -51.372042, -24.142106 ], [ -51.373964, -24.13507 ], [ -51.364879, -24.140931 ], [ -51.36171, -24.134734 ], [ -51.36455, -24.132518 ], [ -51.353017, -24.124983 ], [ -51.356681, -24.12188 ], [ -51.34766, -24.115174 ], [ -51.346962, -24.133161 ], [ -51.344539, -24.128589 ], [ -51.341875, -24.132723 ], [ -51.329551, -24.13109 ], [ -51.326322, -24.122074 ], [ -51.323302, -24.125963 ], [ -51.3206, -24.130546 ], [ -51.313189, -24.126499 ], [ -51.308854, -24.133624 ], [ -51.305385, -24.127372 ], [ -51.299186, -24.130294 ], [ -51.305021, -24.121249 ], [ -51.303684, -24.113259 ], [ -51.295847, -24.116809 ], [ -51.285051, -24.109932 ], [ -51.28932, -24.104902 ], [ -51.295077, -24.105166 ], [ -51.290689, -24.099614 ], [ -51.283819, -24.100275 ], [ -51.292877, -24.094734 ], [ -51.285663, -24.093012 ], [ -51.282291, -24.096246 ], [ -51.279464, -24.102075 ], [ -51.275822, -24.099693 ], [ -51.267631, -24.109307 ], [ -51.262192, -24.110254 ], [ -51.262992, -24.107302 ], [ -51.254574, -24.101116 ], [ -51.263742, -24.098799 ], [ -51.264604, -24.095305 ], [ -51.254768, -24.095246 ], [ -51.255462, -24.089474 ], [ -51.243632, -24.09482 ], [ -51.237795, -24.101382 ], [ -51.236093, -24.096661 ], [ -51.240186, -24.092258 ], [ -51.231353, -24.085377 ], [ -51.222543, -24.089784 ], [ -51.224045, -24.094438 ], [ -51.217209, -24.105268 ], [ -51.207967, -24.106461 ], [ -51.204715, -24.102634 ], [ -51.197464, -24.103156 ], [ -51.197124, -24.099181 ], [ -51.19416, -24.102627 ], [ -51.177516, -24.099948 ], [ -51.181021, -24.093849 ], [ -51.176682, -24.090414 ], [ -51.173543, -24.093579 ], [ -51.168683, -24.091278 ], [ -51.170467, -24.096561 ], [ -51.166541, -24.097923 ], [ -51.166321, -24.090105 ], [ -51.170879, -24.08854 ], [ -51.171577, -24.080036 ], [ -51.167767, -24.080192 ], [ -51.166579, -24.084121 ], [ -51.164825, -24.078946 ], [ -51.156045, -24.083258 ], [ -51.151934, -24.081412 ], [ -51.154376, -24.071057 ], [ -51.144215, -24.073357 ], [ -51.144494, -24.078045 ], [ -51.142159, -24.075123 ], [ -51.135917, -24.075982 ], [ -51.130544, -24.069845 ], [ -51.113779, -24.084796 ], [ -51.109921, -24.07956 ], [ -51.103642, -24.080481 ], [ -51.105353, -24.075893 ], [ -51.101499, -24.073148 ], [ -51.08495, -24.07394 ], [ -51.083513, -24.059405 ], [ -51.08023, -24.056784 ], [ -51.081365, -24.043553 ], [ -51.095545, -24.032399 ], [ -51.096586, -24.029915 ], [ -51.091097, -24.014721 ], [ -51.099445, -24.00084 ], [ -51.095037, -23.987532 ], [ -51.094769, -23.975988 ], [ -51.108802, -23.966939 ], [ -51.113165, -23.955474 ], [ -51.112073, -23.942196 ], [ -51.088736, -23.929135 ], [ -51.086878, -23.920395 ], [ -51.082156, -23.916381 ], [ -51.08141, -23.905479 ], [ -51.066497, -23.909029 ], [ -51.071355, -23.913524 ], [ -51.069265, -23.916049 ], [ -51.050661, -23.913886 ], [ -51.04153, -23.905536 ], [ -51.023996, -23.906355 ], [ -51.026042, -23.910886 ], [ -51.019451, -23.916113 ], [ -51.01602, -23.918197 ], [ -50.999987, -23.912364 ], [ -50.99999, -23.900712 ], [ -50.993993, -23.906033 ], [ -50.990044, -23.90141 ], [ -50.979318, -23.902247 ], [ -50.979912, -23.89866 ], [ -50.981124, -23.894659 ], [ -50.979395, -23.894812 ], [ -50.974898, -23.893263 ], [ -50.972731, -23.887716 ], [ -50.971408, -23.893908 ], [ -50.966432, -23.896689 ], [ -50.964128, -23.894829 ], [ -50.960687, -23.899605 ], [ -50.95757, -23.898885 ], [ -50.958404, -23.894725 ], [ -50.95224, -23.894126 ], [ -50.957051, -23.88667 ], [ -50.950472, -23.88736 ], [ -50.949493, -23.884781 ], [ -50.961433, -23.885755 ], [ -50.963101, -23.883254 ], [ -50.95588, -23.871285 ], [ -50.968125, -23.863272 ], [ -50.957019, -23.859455 ], [ -50.962877, -23.852623 ], [ -50.95888, -23.847972 ], [ -50.948419, -23.852213 ], [ -50.943906, -23.852123 ], [ -50.943022, -23.84763 ], [ -50.946855, -23.839002 ], [ -50.939854, -23.841128 ], [ -50.937517, -23.836565 ], [ -50.931018, -23.835305 ], [ -50.933522, -23.829032 ], [ -50.93949, -23.829071 ], [ -50.936714, -23.818568 ], [ -50.921462, -23.82052 ], [ -50.903819, -23.817343 ], [ -50.908905, -23.811483 ], [ -50.909208, -23.804399 ], [ -50.898574, -23.795083 ], [ -50.884828, -23.808293 ], [ -50.885622, -23.822939 ], [ -50.893882, -23.832686 ], [ -50.895295, -23.839713 ], [ -50.881214, -23.847999 ], [ -50.876381, -23.858077 ], [ -50.868387, -23.863203 ], [ -50.859603, -23.865546 ], [ -50.847234, -23.879155 ], [ -50.845801, -23.894049 ], [ -50.818324, -23.876968 ], [ -50.804434, -23.875932 ], [ -50.789853, -23.888202 ], [ -50.786652, -23.905092 ], [ -50.779021, -23.908685 ], [ -50.771244, -23.919238 ], [ -50.754958, -23.922205 ], [ -50.744655, -23.933505 ], [ -50.735873, -23.93524 ], [ -50.731354, -23.935695 ], [ -50.729853, -23.94028 ], [ -50.740294, -23.964675 ], [ -50.744209, -23.96731 ], [ -50.761875, -23.967386 ], [ -50.756992, -23.975606 ], [ -50.734211, -23.9852 ], [ -50.742561, -24.0011 ], [ -50.742166, -24.006677 ], [ -50.718571, -24.029104 ], [ -50.702346, -24.024415 ], [ -50.695264, -24.016528 ], [ -50.700267, -24.013587 ], [ -50.699928, -24.009873 ], [ -50.694244, -24.013734 ], [ -50.692265, -24.010801 ], [ -50.697014, -24.002747 ], [ -50.690211, -24.008861 ], [ -50.688125, -24.002448 ], [ -50.671888, -24.003329 ], [ -50.661741, -23.992918 ], [ -50.647687, -23.993915 ], [ -50.648121, -23.987639 ], [ -50.645899, -23.985495 ], [ -50.629961, -23.992415 ], [ -50.627356, -23.987697 ], [ -50.621938, -23.989332 ], [ -50.620041, -23.985805 ], [ -50.613073, -23.990232 ], [ -50.610178, -23.983702 ], [ -50.607545, -23.993717 ], [ -50.601264, -23.985868 ], [ -50.594711, -23.990584 ], [ -50.58949, -23.989899 ], [ -50.588151, -23.984719 ], [ -50.582466, -23.981547 ], [ -50.578979, -23.983211 ], [ -50.582682, -23.977096 ], [ -50.577679, -23.967787 ], [ -50.570377, -23.969986 ], [ -50.565127, -23.964214 ], [ -50.553626, -23.963505 ], [ -50.546767, -23.960142 ], [ -50.544964, -23.952811 ], [ -50.545572, -23.9475 ], [ -50.534072, -23.933594 ], [ -50.537267, -23.923441 ], [ -50.482767, -23.951058 ], [ -50.463764, -23.959175 ], [ -50.448508, -23.958738 ], [ -50.442641, -23.960298 ], [ -50.439116, -23.952686 ], [ -50.434729, -23.958475 ], [ -50.431299, -23.955858 ], [ -50.428073, -23.958414 ], [ -50.417721, -23.950444 ], [ -50.413197, -23.945828 ], [ -50.415137, -23.940138 ], [ -50.40961, -23.938502 ], [ -50.409636, -23.93319 ], [ -50.406149, -23.934337 ], [ -50.404876, -23.928457 ], [ -50.395429, -23.919905 ], [ -50.401466, -23.913175 ], [ -50.399797, -23.909966 ], [ -50.397569, -23.912175 ], [ -50.396869, -23.906189 ], [ -50.402486, -23.89907 ], [ -50.393291, -23.894813 ], [ -50.398045, -23.891804 ], [ -50.394393, -23.887921 ], [ -50.396585, -23.885503 ], [ -50.382905, -23.8674 ], [ -50.383134, -23.85877 ], [ -50.366228, -23.861914 ], [ -50.370851, -23.870694 ], [ -50.356987, -23.878811 ], [ -50.361071, -23.882244 ], [ -50.362296, -23.890234 ], [ -50.365407, -23.89101 ], [ -50.36701, -23.885649 ], [ -50.375988, -23.896509 ], [ -50.367122, -23.896066 ], [ -50.371041, -23.903074 ], [ -50.359794, -23.905172 ], [ -50.36146, -23.896896 ], [ -50.348294, -23.891734 ], [ -50.34482, -23.896178 ], [ -50.349318, -23.906653 ], [ -50.344346, -23.907797 ], [ -50.340177, -23.916573 ], [ -50.330344, -23.909296 ], [ -50.324563, -23.915604 ], [ -50.320626, -23.911075 ], [ -50.323734, -23.918606 ], [ -50.318241, -23.921008 ], [ -50.324871, -23.925865 ], [ -50.317959, -23.92917 ], [ -50.32268, -23.938074 ], [ -50.318485, -23.947044 ], [ -50.31163, -23.948964 ], [ -50.289836, -23.958512 ], [ -50.28206, -23.961784 ], [ -50.273986, -23.954724 ], [ -50.26752, -23.955428 ], [ -50.266891, -23.963955 ], [ -50.260104, -23.958246 ], [ -50.259711, -23.961348 ], [ -50.246706, -23.962306 ], [ -50.256502, -23.969851 ], [ -50.25412, -23.975411 ], [ -50.252079, -23.977339 ], [ -50.249155, -23.970461 ], [ -50.246682, -23.97299 ], [ -50.237402, -23.964278 ], [ -50.235627, -23.970924 ], [ -50.228459, -23.973968 ], [ -50.229959, -23.979531 ], [ -50.224067, -23.985076 ], [ -50.226817, -23.987174 ], [ -50.222095, -23.988249 ], [ -50.227567, -23.991797 ], [ -50.220333, -23.996975 ], [ -50.162852, -23.94461 ], [ -50.16122, -23.941605 ], [ -50.151367, -23.940367 ], [ -50.13194, -23.954695 ], [ -50.121232, -23.956108 ], [ -50.113891, -23.96269 ], [ -50.109092, -23.958927 ], [ -50.103728, -23.961123 ], [ -50.100588, -23.958517 ], [ -50.096722, -23.962046 ], [ -50.086531, -23.959397 ], [ -50.081009, -23.960598 ], [ -50.07717, -23.968943 ], [ -50.07236, -23.96421 ], [ -50.067263, -23.971221 ], [ -50.070934, -23.977291 ], [ -50.068362, -23.98043 ], [ -50.064066, -23.985671 ], [ -50.057527, -23.984788 ], [ -50.055472, -23.988028 ], [ -50.052112, -23.982015 ], [ -50.048783, -23.982928 ], [ -50.047771, -23.989394 ], [ -50.044707, -23.98528 ], [ -50.041065, -23.989856 ], [ -50.036625, -23.991551 ], [ -50.035236, -23.986787 ], [ -50.025044, -23.984162 ], [ -50.022033, -23.986372 ], [ -50.017033, -23.978934 ], [ -50.010516, -23.983497 ], [ -50.006139, -23.980248 ], [ -50.008358, -23.974723 ], [ -50.004867, -23.971178 ], [ -49.998779, -23.975218 ], [ -49.996073, -23.972042 ], [ -49.992903, -23.975721 ], [ -49.984877, -23.969689 ], [ -49.978475, -23.969236 ], [ -49.971112, -23.966976 ], [ -49.976694, -23.962888 ], [ -49.97005, -23.960554 ], [ -49.972146, -23.948101 ], [ -49.964284, -23.946995 ], [ -49.973638, -23.939498 ], [ -49.964745, -23.936248 ], [ -49.974764, -23.927552 ], [ -49.980669, -23.927622 ], [ -49.97309, -23.919924 ], [ -49.968363, -23.91974 ], [ -49.971543, -23.906595 ], [ -49.963208, -23.907354 ], [ -49.965168, -23.901463 ], [ -49.972631, -23.901663 ], [ -49.97204, -23.898498 ], [ -49.95539, -23.893348 ], [ -49.966417, -23.876683 ], [ -49.965689, -23.870309 ], [ -49.953713, -23.874919 ], [ -49.95295, -23.866419 ], [ -49.941891, -23.867234 ], [ -49.934558, -23.861653 ], [ -49.949495, -23.852423 ], [ -49.948991, -23.861801 ], [ -49.959079, -23.85242 ], [ -49.926701, -23.844243 ], [ -49.923019, -23.843312 ], [ -49.916955, -23.849162 ], [ -49.916869, -23.86197 ], [ -49.910891, -23.867347 ], [ -49.906421, -23.863712 ], [ -49.900845, -23.868707 ], [ -49.896115, -23.876913 ], [ -49.898562, -23.884963 ], [ -49.892219, -23.879537 ], [ -49.886914, -23.880323 ], [ -49.881499, -23.886508 ], [ -49.872611, -23.886344 ], [ -49.866895, -23.895795 ], [ -49.869537, -23.898525 ], [ -49.855423, -23.899251 ], [ -49.851483, -23.902999 ], [ -49.852699, -23.906143 ], [ -49.850018, -23.90532 ], [ -49.84995, -23.908498 ], [ -49.841659, -23.913439 ], [ -49.838368, -23.922037 ], [ -49.830485, -23.926957 ], [ -49.829813, -23.93579 ], [ -49.836336, -23.94854 ], [ -49.82877, -23.978377 ], [ -49.810855, -23.981063 ], [ -49.792547, -24.003346 ], [ -49.766033, -24.046674 ], [ -49.759784, -24.064863 ], [ -49.754774, -24.065107 ], [ -49.756399, -24.072358 ], [ -49.758922, -24.083615 ], [ -49.751908, -24.076098 ], [ -49.74509, -24.074266 ], [ -49.730769, -24.082262 ], [ -49.727463, -24.078079 ], [ -49.721314, -24.079767 ], [ -49.720652, -24.069754 ], [ -49.714803, -24.067082 ], [ -49.708281, -24.06964 ], [ -49.702428, -24.064539 ], [ -49.694409, -24.066412 ], [ -49.695308, -24.070799 ], [ -49.690001, -24.077628 ], [ -49.665834, -24.07359 ], [ -49.650319, -24.072758 ], [ -49.644023, -24.077309 ], [ -49.633931, -24.070214 ], [ -49.623898, -24.059989 ], [ -49.617314, -24.061568 ], [ -49.614541, -24.056875 ], [ -49.624399, -24.046982 ], [ -49.630451, -24.046894 ], [ -49.630039, -24.043107 ], [ -49.623396, -24.043509 ], [ -49.632675, -24.033818 ], [ -49.630878, -24.028137 ], [ -49.6264, -24.026034 ], [ -49.628201, -24.016668 ], [ -49.61723, -24.015426 ], [ -49.615977, -24.009731 ], [ -49.621293, -24.007234 ], [ -49.616517, -24.003971 ], [ -49.623381, -24.002777 ], [ -49.619417, -23.994551 ], [ -49.612791, -23.99869 ], [ -49.609715, -23.996982 ], [ -49.609644, -23.993395 ], [ -49.61493, -23.992343 ], [ -49.614709, -23.987823 ], [ -49.609339, -23.990141 ], [ -49.606802, -23.986711 ], [ -49.607503, -23.983763 ], [ -49.618646, -23.980362 ], [ -49.617326, -23.977278 ], [ -49.610964, -23.978229 ], [ -49.606498, -23.975208 ], [ -49.599827, -23.977748 ], [ -49.596283, -23.97646 ], [ -49.597084, -23.973328 ], [ -49.584731, -23.960324 ], [ -49.582965, -23.964525 ], [ -49.580442, -23.959994 ], [ -49.576684, -23.961214 ], [ -49.572299, -23.968862 ], [ -49.566308, -23.966549 ], [ -49.561587, -23.963205 ], [ -49.566028, -23.959486 ], [ -49.56509, -23.956288 ], [ -49.570114, -23.9494 ], [ -49.563607, -23.941523 ], [ -49.569029, -23.943971 ], [ -49.569731, -23.940033 ], [ -49.555244, -23.939562 ], [ -49.554061, -23.948426 ], [ -49.548689, -23.948174 ], [ -49.548589, -23.944093 ], [ -49.544773, -23.943138 ], [ -49.537957, -23.942398 ], [ -49.538018, -23.938076 ], [ -49.543892, -23.934679 ], [ -49.535324, -23.927672 ], [ -49.53173, -23.929624 ], [ -49.530283, -23.922029 ], [ -49.521858, -23.916082 ], [ -49.511127, -23.925418 ], [ -49.514355, -23.930884 ], [ -49.507568, -23.933242 ], [ -49.511732, -23.937205 ], [ -49.523989, -23.934671 ], [ -49.520622, -23.945619 ], [ -49.513398, -23.94394 ], [ -49.502525, -23.948292 ], [ -49.505191, -23.954361 ], [ -49.499155, -23.957947 ], [ -49.513228, -23.963915 ], [ -49.516279, -23.96964 ], [ -49.510292, -23.971473 ], [ -49.506764, -23.966911 ], [ -49.500123, -23.969007 ], [ -49.493207, -23.977113 ], [ -49.4953, -23.982274 ], [ -49.497647, -23.993326 ], [ -49.491792, -23.992896 ], [ -49.485927, -23.999956 ], [ -49.485703, -24.006093 ], [ -49.480093, -24.005688 ], [ -49.483009, -24.011439 ], [ -49.49139, -24.014212 ], [ -49.485677, -24.01615 ], [ -49.489677, -24.018177 ], [ -49.486676, -24.024117 ], [ -49.481089, -24.023573 ], [ -49.479127, -24.018957 ], [ -49.473904, -24.019577 ], [ -49.473281, -24.026832 ], [ -49.462965, -24.026953 ], [ -49.461726, -24.038636 ], [ -49.451448, -24.054764 ], [ -49.437346, -24.058303 ], [ -49.438506, -24.068264 ], [ -49.429308, -24.068225 ], [ -49.434912, -24.074611 ], [ -49.428535, -24.077554 ], [ -49.429533, -24.088052 ], [ -49.404404, -24.095366 ], [ -49.40734, -24.097444 ], [ -49.404525, -24.103092 ], [ -49.408591, -24.107826 ], [ -49.393471, -24.11362 ], [ -49.388875, -24.118908 ], [ -49.386455, -24.115387 ], [ -49.377516, -24.117609 ], [ -49.370369, -24.1139 ], [ -49.368263, -24.116458 ], [ -49.361678, -24.119611 ], [ -49.364451, -24.121604 ], [ -49.362895, -24.125616 ], [ -49.341398, -24.137905 ], [ -49.336485, -24.136562 ], [ -49.336318, -24.144426 ], [ -49.331982, -24.149637 ], [ -49.339868, -24.156696 ], [ -49.339348, -24.17431 ], [ -49.34584, -24.190708 ], [ -49.341067, -24.202638 ], [ -49.355285, -24.208589 ], [ -49.35548, -24.214028 ], [ -49.3502, -24.220317 ], [ -49.321502, -24.236822 ], [ -49.319146, -24.243322 ], [ -49.312228, -24.242912 ], [ -49.304897, -24.250946 ], [ -49.308196, -24.258185 ], [ -49.302147, -24.258656 ], [ -49.298232, -24.267572 ], [ -49.300757, -24.275819 ], [ -49.294729, -24.284946 ], [ -49.298197, -24.287324 ], [ -49.288235, -24.291309 ], [ -49.290316, -24.293242 ], [ -49.283331, -24.307578 ], [ -49.274235, -24.304996 ], [ -49.253758, -24.317433 ], [ -49.25257, -24.318567 ], [ -49.249959, -24.318879 ], [ -49.248398, -24.330028 ], [ -49.230736, -24.32991 ], [ -49.22381, -24.339743 ], [ -49.20547, -24.337769 ], [ -49.200202, -24.343928 ], [ -49.237342, -24.378535 ], [ -49.253023, -24.404553 ], [ -49.249757, -24.41338 ], [ -49.243239, -24.401698 ], [ -49.237373, -24.403987 ], [ -49.234984, -24.410556 ], [ -49.240206, -24.421529 ], [ -49.252184, -24.433667 ], [ -49.250041, -24.444934 ], [ -49.253071, -24.455259 ], [ -49.244859, -24.457928 ], [ -49.24484, -24.464624 ], [ -49.248449, -24.464188 ], [ -49.246445, -24.468612 ], [ -49.25326, -24.469968 ], [ -49.254091, -24.473434 ], [ -49.262604, -24.473342 ], [ -49.264974, -24.478787 ], [ -49.270742, -24.482847 ], [ -49.269096, -24.491824 ], [ -49.295196, -24.499824 ], [ -49.294248, -24.505916 ], [ -49.285955, -24.515653 ], [ -49.287485, -24.526578 ], [ -49.279869, -24.534219 ], [ -49.281618, -24.538537 ], [ -49.291781, -24.543816 ], [ -49.292053, -24.552404 ], [ -49.305095, -24.545906 ], [ -49.309307, -24.552927 ], [ -49.315511, -24.555023 ], [ -49.31463, -24.562525 ], [ -49.317199, -24.566154 ], [ -49.31307, -24.569503 ], [ -49.310393, -24.58051 ], [ -49.316087, -24.587489 ], [ -49.303118, -24.596463 ], [ -49.312649, -24.604218 ], [ -49.314146, -24.613779 ], [ -49.310476, -24.617677 ], [ -49.306597, -24.621252 ], [ -49.315949, -24.638512 ], [ -49.305896, -24.642366 ], [ -49.309256, -24.645276 ], [ -49.301188, -24.649346 ], [ -49.299146, -24.654471 ], [ -49.311536, -24.663046 ], [ -49.304539, -24.668548 ], [ -49.304919, -24.673164 ], [ -49.298956, -24.674073 ], [ -49.293684, -24.675396 ], [ -49.275202, -24.69389 ], [ -49.26228, -24.692052 ], [ -49.256921, -24.695964 ], [ -49.207438, -24.70042 ], [ -49.203864, -24.695435 ], [ -49.204533, -24.685475 ], [ -49.193982, -24.682571 ], [ -49.191587, -24.678927 ], [ -49.185173, -24.672264 ], [ -49.174365, -24.671648 ], [ -49.16937, -24.675117 ], [ -49.157398, -24.671448 ], [ -49.147673, -24.67479 ], [ -49.134346, -24.675073 ], [ -49.129341, -24.68144 ], [ -49.125696, -24.68369 ], [ -49.121897, -24.681963 ], [ -49.111117, -24.687865 ], [ -49.108463, -24.676062 ], [ -49.105114, -24.674225 ], [ -49.099616, -24.675838 ], [ -49.09661, -24.681387 ], [ -49.084767, -24.679447 ], [ -49.083928, -24.672488 ], [ -49.079356, -24.672122 ], [ -49.07237, -24.67462 ], [ -49.068591, -24.684381 ], [ -49.06081, -24.684854 ], [ -49.051368, -24.680208 ], [ -49.045031, -24.665613 ], [ -49.036923, -24.659933 ], [ -49.039031, -24.652878 ], [ -49.034091, -24.649563 ], [ -49.032398, -24.641455 ], [ -49.039365, -24.643423 ], [ -49.04181, -24.640086 ], [ -49.034206, -24.634009 ], [ -49.017898, -24.642129 ], [ -49.006655, -24.633378 ], [ -48.999215, -24.636632 ], [ -48.999259, -24.63765 ], [ -49.003937, -24.638471 ], [ -49.005585, -24.642949 ], [ -49.009537, -24.655916 ], [ -49.008242, -24.659943 ], [ -49.002122, -24.655727 ], [ -48.99422, -24.654795 ], [ -48.988923, -24.656156 ], [ -48.987976, -24.664759 ], [ -48.978151, -24.664487 ], [ -48.973954, -24.666346 ], [ -48.97445, -24.67118 ], [ -48.964916, -24.672393 ], [ -48.960603, -24.677602 ], [ -48.957977, -24.684796 ], [ -48.947614, -24.673227 ], [ -48.927065, -24.674781 ], [ -48.921951, -24.674699 ], [ -48.917583, -24.679408 ], [ -48.913506, -24.682246 ], [ -48.91002, -24.67663 ], [ -48.911871, -24.673487 ], [ -48.911809, -24.671708 ], [ -48.900702, -24.669592 ], [ -48.89827, -24.669415 ], [ -48.888403, -24.66918 ], [ -48.87533, -24.668274 ], [ -48.864919, -24.666839 ], [ -48.851425, -24.674518 ], [ -48.846761, -24.670632 ], [ -48.855863, -24.664216 ], [ -48.85803, -24.657212 ], [ -48.852834, -24.655675 ], [ -48.839926, -24.664489 ], [ -48.829413, -24.654913 ], [ -48.820313, -24.656804 ], [ -48.810065, -24.674686 ], [ -48.80512, -24.675887 ], [ -48.800306, -24.674373 ], [ -48.787732, -24.680701 ], [ -48.778177, -24.696244 ], [ -48.768581, -24.69479 ], [ -48.756812, -24.679366 ], [ -48.752612, -24.681905 ], [ -48.755272, -24.692299 ], [ -48.753357, -24.693677 ], [ -48.751945, -24.694692 ], [ -48.744276, -24.692762 ], [ -48.734062, -24.683993 ], [ -48.729645, -24.686524 ], [ -48.718116, -24.682527 ], [ -48.706949, -24.683106 ], [ -48.703338, -24.679894 ], [ -48.69103, -24.693549 ], [ -48.688364, -24.692049 ], [ -48.690368, -24.683496 ], [ -48.687808, -24.676977 ], [ -48.693613, -24.670195 ], [ -48.687754, -24.668651 ], [ -48.6765, -24.671123 ], [ -48.670999, -24.678814 ], [ -48.674476, -24.683565 ], [ -48.671638, -24.68682 ], [ -48.676585, -24.692038 ], [ -48.671035, -24.698181 ], [ -48.676721, -24.697923 ], [ -48.674535, -24.701304 ], [ -48.660913, -24.706218 ], [ -48.657699, -24.69156 ], [ -48.641168, -24.689179 ], [ -48.644841, -24.681037 ], [ -48.637337, -24.67718 ], [ -48.630587, -24.676813 ], [ -48.6277, -24.680022 ], [ -48.616146, -24.668185 ], [ -48.610978, -24.670395 ], [ -48.603556, -24.667808 ], [ -48.592899, -24.673805 ], [ -48.58878, -24.680042 ], [ -48.581562, -24.670213 ], [ -48.578556, -24.68505 ], [ -48.567841, -24.695124 ], [ -48.568724, -24.700323 ], [ -48.55964, -24.71022 ], [ -48.553246, -24.709404 ], [ -48.551337, -24.716129 ], [ -48.544112, -24.717471 ], [ -48.543085, -24.72471 ], [ -48.537672, -24.725713 ], [ -48.528702, -24.731101 ], [ -48.53131, -24.736278 ], [ -48.528012, -24.7388 ], [ -48.522002, -24.735579 ], [ -48.51103, -24.740077 ], [ -48.504561, -24.734449 ], [ -48.501615, -24.736899 ], [ -48.498834, -24.738479 ], [ -48.503501, -24.739649 ], [ -48.502199, -24.746262 ], [ -48.507226, -24.751883 ], [ -48.506304, -24.763963 ], [ -48.511612, -24.763474 ], [ -48.516228, -24.768071 ], [ -48.516251, -24.779693 ], [ -48.530334, -24.785957 ], [ -48.549356, -24.798349 ], [ -48.555281, -24.805715 ], [ -48.558725, -24.820602 ], [ -48.555281, -24.823304 ], [ -48.561812, -24.827905 ], [ -48.56734, -24.84701 ], [ -48.563998, -24.855684 ], [ -48.566202, -24.863468 ], [ -48.549256, -24.867007 ], [ -48.546366, -24.873281 ], [ -48.548917, -24.878674 ], [ -48.546569, -24.880311 ], [ -48.55787, -24.884096 ], [ -48.555617, -24.892315 ], [ -48.558833, -24.900694 ], [ -48.56325, -24.894437 ], [ -48.571586, -24.894524 ], [ -48.572361, -24.902392 ], [ -48.56667, -24.903382 ], [ -48.565943, -24.916313 ], [ -48.567702, -24.919486 ], [ -48.571417, -24.922738 ], [ -48.569705, -24.931052 ], [ -48.562394, -24.93894 ], [ -48.569202, -24.944756 ], [ -48.562507, -24.949836 ], [ -48.572197, -24.95444 ], [ -48.567472, -24.959527 ], [ -48.566897, -24.971777 ], [ -48.57966, -24.986451 ], [ -48.587986, -24.98595 ], [ -48.588758, -24.99432 ], [ -48.594729, -24.995645 ], [ -48.597581, -25.002772 ], [ -48.600357, -25.010016 ], [ -48.596737, -25.014927 ], [ -48.598772, -25.018783 ], [ -48.588395, -25.019216 ], [ -48.589109, -25.029199 ], [ -48.581065, -25.034367 ], [ -48.582187, -25.051156 ], [ -48.568596, -25.050572 ], [ -48.561322, -25.059249 ], [ -48.558429, -25.061052 ], [ -48.559401, -25.077471 ], [ -48.555868, -25.083809 ], [ -48.543702, -25.089644 ], [ -48.528109, -25.100299 ], [ -48.520808, -25.085445 ], [ -48.512039, -25.083324 ], [ -48.505923, -25.067146 ], [ -48.497933, -25.058616 ], [ -48.490957, -25.052914 ], [ -48.482818, -25.052702 ], [ -48.485059, -25.041647 ], [ -48.48369, -25.040131 ], [ -48.480409, -25.036497 ], [ -48.474893, -25.014656 ], [ -48.469158, -25.010222 ], [ -48.433982, -24.990808 ], [ -48.416562, -24.988877 ], [ -48.41068, -24.979741 ], [ -48.378166, -24.996538 ], [ -48.377143, -25.002599 ], [ -48.354276, -25.019471 ], [ -48.349839, -25.028171 ], [ -48.350755, -25.035999 ], [ -48.338608, -25.035539 ], [ -48.336584, -25.039213 ], [ -48.331998, -25.035647 ], [ -48.323669, -25.036257 ], [ -48.323876, -25.053898 ], [ -48.333238, -25.057079 ], [ -48.333198, -25.070083 ], [ -48.317301, -25.056057 ], [ -48.313856, -25.046484 ], [ -48.308143, -25.046214 ], [ -48.306989, -25.034992 ], [ -48.298749, -25.03492 ], [ -48.296698, -25.022899 ], [ -48.292346, -25.023933 ], [ -48.287052, -25.039478 ], [ -48.277445, -25.032483 ], [ -48.274902, -25.027221 ], [ -48.277094, -25.015505 ], [ -48.267702, -25.000731 ], [ -48.269114, -24.997044 ], [ -48.26286, -24.992314 ], [ -48.259444, -24.997166 ], [ -48.254332, -24.996007 ], [ -48.258809, -24.98616 ], [ -48.249978, -24.976981 ], [ -48.245304, -24.988901 ], [ -48.239221, -24.990927 ], [ -48.233393, -25.000211 ], [ -48.228999, -25.00086 ], [ -48.232449, -25.007042 ], [ -48.222885, -25.008633 ], [ -48.231478, -25.014867 ], [ -48.231083, -25.020296 ], [ -48.214472, -25.029183 ], [ -48.208996, -25.026693 ], [ -48.209807, -25.035887 ], [ -48.215091, -25.042061 ], [ -48.211627, -25.058694 ], [ -48.215583, -25.07618 ], [ -48.20967, -25.079755 ], [ -48.212419, -25.082876 ], [ -48.203524, -25.093058 ], [ -48.204029, -25.099172 ], [ -48.194393, -25.107845 ], [ -48.18117, -25.133344 ], [ -48.166523, -25.143306 ], [ -48.156414, -25.144161 ], [ -48.161726, -25.153709 ], [ -48.168246, -25.156051 ], [ -48.167248, -25.167414 ], [ -48.177923, -25.181567 ], [ -48.192892, -25.189374 ], [ -48.192258, -25.193588 ], [ -48.179626, -25.206287 ], [ -48.170988, -25.209989 ], [ -48.162249, -25.209345 ], [ -48.150766, -25.227635 ], [ -48.114412, -25.25021 ], [ -48.103913, -25.242942 ], [ -48.091941, -25.239544 ], [ -48.083447, -25.240133 ], [ -48.08094, -25.24369 ], [ -48.074635, -25.240141 ], [ -48.061635, -25.239593 ], [ -48.056525, -25.23259 ], [ -48.059055, -25.228966 ], [ -48.056976, -25.217841 ], [ -48.046691, -25.226257 ], [ -48.043117, -25.220143 ], [ -48.03102, -25.218213 ], [ -48.026441, -25.221501 ], [ -48.029473, -25.225709 ], [ -48.023067, -25.230439 ], [ -48.031886, -25.237275 ], [ -48.050687, -25.251843 ], [ -48.057013, -25.262782 ], [ -48.082638, -25.281505 ], [ -48.097987, -25.299184 ], [ -48.099003, -25.311829 ], [ -48.095581, -25.308318 ], [ -48.099352, -25.315865 ], [ -48.131804, -25.34288 ], [ -48.15247, -25.363648 ], [ -48.181058, -25.400525 ], [ -48.199027, -25.429863 ], [ -48.208287, -25.460269 ], [ -48.216831, -25.467808 ], [ -48.230831, -25.468814 ], [ -48.256819, -25.473349 ], [ -48.28657, -25.488717 ], [ -48.309271, -25.492785 ], [ -48.276439, -25.513557 ], [ -48.289249, -25.545439 ], [ -48.29527, -25.549264 ], [ -48.300324, -25.559145 ], [ -48.297946, -25.567016 ], [ -48.305618, -25.567494 ], [ -48.312891, -25.575955 ], [ -48.319458, -25.586073 ], [ -48.358052, -25.585452 ], [ -48.380171, -25.595323 ], [ -48.41458, -25.623611 ], [ -48.438887, -25.65431 ], [ -48.476357, -25.713488 ], [ -48.525779, -25.801215 ], [ -48.536832, -25.838419 ], [ -48.535349, -25.845759 ], [ -48.535502, -25.850592 ], [ -48.53983, -25.847028 ], [ -48.549173, -25.851633 ], [ -48.563535, -25.856544 ], [ -48.56432, -25.862065 ], [ -48.562102, -25.870718 ], [ -48.567166, -25.885364 ], [ -48.559159, -25.890419 ], [ -48.575921, -25.920259 ], [ -48.594352, -25.970693 ], [ -48.590376, -25.9765 ], [ -48.594102, -25.976605 ], [ -48.599365, -25.976753 ], [ -48.601202, -25.980247 ], [ -48.610553, -25.979029 ], [ -48.60976, -25.983716 ], [ -48.61323, -25.980683 ], [ -48.620167, -25.981568 ], [ -48.620267, -25.973815 ], [ -48.623379, -25.976927 ], [ -48.633173, -25.977176 ], [ -48.63253, -25.969861 ], [ -48.639438, -25.966521 ], [ -48.637226, -25.96044 ], [ -48.644498, -25.955592 ], [ -48.654747, -25.965714 ], [ -48.661797, -25.968114 ], [ -48.662713, -25.97362 ], [ -48.669011, -25.978789 ], [ -48.67567, -25.977114 ], [ -48.680191, -25.980576 ], [ -48.709393, -25.982823 ], [ -48.710461, -25.982797 ], [ -48.819296, -25.981553 ], [ -48.819362, -25.981553 ], [ -48.871197, -25.981193 ], [ -48.877542, -25.981148 ], [ -48.881806, -25.981117 ], [ -48.890164, -25.981057 ], [ -48.890818, -25.981052 ], [ -48.96032, -25.980531 ], [ -48.950243, -25.989672 ], [ -48.956381, -25.992665 ], [ -48.961327, -25.99045 ], [ -48.961524, -25.983723 ], [ -48.967714, -25.986418 ], [ -48.977953, -25.988491 ], [ -48.979916, -25.997379 ], [ -48.985985, -26.00025 ], [ -48.983724, -26.004062 ], [ -48.997673, -26.011341 ], [ -49.002715, -26.01057 ], [ -49.006647, -26.0152 ], [ -49.020222, -26.014922 ], [ -49.029191, -26.003467 ], [ -49.040457, -26.00355 ], [ -49.046149, -26.018653 ], [ -49.051342, -26.016835 ], [ -49.054749, -26.020065 ], [ -49.068222, -26.009006 ], [ -49.070644, -25.99859 ], [ -49.078417, -26.006327 ], [ -49.090473, -26.002828 ], [ -49.09302, -26.009812 ], [ -49.10267, -26.007504 ], [ -49.103503, -26.004061 ], [ -49.10658, -25.998627 ], [ -49.112421, -26.004787 ], [ -49.125083, -25.995761 ], [ -49.131532, -25.999445 ], [ -49.128383, -26.003202 ], [ -49.131113, -26.006994 ], [ -49.140782, -26.015077 ], [ -49.142401, -26.01065 ], [ -49.146333, -26.00943 ], [ -49.147512, -26.01337 ], [ -49.150767, -26.009393 ], [ -49.161652, -26.007202 ], [ -49.166704, -26.000679 ], [ -49.174806, -26.001365 ], [ -49.180719, -26.008513 ], [ -49.191472, -26.008277 ], [ -49.1913, -26.012894 ], [ -49.19519, -26.015417 ], [ -49.206821, -26.016981 ], [ -49.21071, -26.02503 ], [ -49.217123, -26.023563 ], [ -49.224946, -26.030508 ], [ -49.234078, -26.030271 ], [ -49.237535, -26.03087 ], [ -49.236492, -26.036897 ], [ -49.242195, -26.043633 ], [ -49.251763, -26.046864 ], [ -49.254848, -26.055694 ], [ -49.252724, -26.062895 ], [ -49.256851, -26.063676 ], [ -49.25511, -26.066911 ], [ -49.260306, -26.06888 ], [ -49.266465, -26.066677 ], [ -49.264575, -26.071541 ], [ -49.268494, -26.075933 ], [ -49.265495, -26.078541 ], [ -49.269135, -26.080577 ], [ -49.274652, -26.077753 ], [ -49.273651, -26.081444 ], [ -49.276626, -26.082539 ], [ -49.279663, -26.078619 ], [ -49.286545, -26.078218 ], [ -49.296023, -26.086214 ], [ -49.294498, -26.093426 ], [ -49.291289, -26.093075 ], [ -49.294523, -26.097877 ], [ -49.29189, -26.096382 ], [ -49.289304, -26.102221 ], [ -49.300264, -26.103863 ], [ -49.297607, -26.109371 ], [ -49.302906, -26.11305 ], [ -49.304282, -26.109546 ], [ -49.321242, -26.10966 ], [ -49.325631, -26.116229 ], [ -49.334265, -26.119774 ], [ -49.333803, -26.124407 ], [ -49.341702, -26.128699 ], [ -49.346815, -26.127625 ], [ -49.350448, -26.13345 ], [ -49.3547, -26.133447 ], [ -49.3534, -26.13592 ], [ -49.358437, -26.136772 ], [ -49.356614, -26.138451 ], [ -49.360537, -26.13689 ], [ -49.359815, -26.140232 ], [ -49.36624, -26.143248 ], [ -49.365369, -26.146673 ], [ -49.368343, -26.144953 ], [ -49.368236, -26.148951 ], [ -49.371287, -26.148411 ], [ -49.369812, -26.155475 ], [ -49.372439, -26.153122 ], [ -49.38277, -26.155596 ], [ -49.386812, -26.155178 ], [ -49.389555, -26.159817 ], [ -49.391499, -26.157716 ], [ -49.394541, -26.151462 ], [ -49.399542, -26.150233 ], [ -49.406278, -26.161158 ], [ -49.416166, -26.152732 ], [ -49.416771, -26.164988 ], [ -49.41997, -26.163592 ], [ -49.421238, -26.166191 ], [ -49.428056, -26.167772 ], [ -49.428782, -26.1698 ], [ -49.43609, -26.171844 ], [ -49.438223, -26.163892 ], [ -49.451084, -26.161636 ], [ -49.458668, -26.162224 ], [ -49.463825, -26.172652 ], [ -49.479007, -26.185421 ], [ -49.486444, -26.180074 ], [ -49.485299, -26.184942 ], [ -49.489418, -26.190781 ], [ -49.486444, -26.194129 ], [ -49.493272, -26.203255 ], [ -49.499484, -26.203007 ], [ -49.494455, -26.211069 ], [ -49.490607, -26.209592 ], [ -49.490443, -26.21373 ], [ -49.497933, -26.218229 ], [ -49.496084, -26.220829 ], [ -49.502945, -26.221535 ], [ -49.503895, -26.226111 ], [ -49.511377, -26.220947 ], [ -49.51876, -26.226692 ], [ -49.520103, -26.224015 ], [ -49.52824, -26.217068 ], [ -49.52894, -26.224088 ], [ -49.533669, -26.215079 ], [ -49.540332, -26.213102 ], [ -49.542375, -26.223282 ], [ -49.535516, -26.225345 ], [ -49.537864, -26.229617 ], [ -49.545199, -26.224583 ], [ -49.551591, -26.224598 ], [ -49.547059, -26.229749 ], [ -49.554606, -26.236848 ], [ -49.560192, -26.236358 ], [ -49.56678, -26.232804 ], [ -49.577436, -26.213526 ], [ -49.577898, -26.226552 ], [ -49.583116, -26.229727 ], [ -49.591263, -26.229674 ], [ -49.587118, -26.216973 ], [ -49.592155, -26.222892 ], [ -49.598241, -26.220884 ], [ -49.600436, -26.228077 ], [ -49.602744, -26.226576 ], [ -49.605667, -26.211361 ], [ -49.611645, -26.213403 ], [ -49.614279, -26.206961 ], [ -49.616753, -26.213632 ], [ -49.621108, -26.215219 ], [ -49.634759, -26.208151 ], [ -49.62551, -26.200887 ], [ -49.629923, -26.190506 ], [ -49.633953, -26.189259 ], [ -49.636398, -26.19054 ], [ -49.633592, -26.201357 ], [ -49.645702, -26.209446 ], [ -49.650368, -26.206776 ], [ -49.648231, -26.195339 ], [ -49.653257, -26.192572 ], [ -49.652726, -26.186726 ], [ -49.660058, -26.186533 ], [ -49.663352, -26.191153 ], [ -49.673337, -26.183724 ], [ -49.67381, -26.190936 ], [ -49.680139, -26.185675 ], [ -49.689964, -26.188129 ], [ -49.676252, -26.175485 ], [ -49.688159, -26.176492 ], [ -49.698502, -26.161047 ], [ -49.710202, -26.153908 ], [ -49.726176, -26.170609 ], [ -49.728373, -26.169245 ], [ -49.73653, -26.156617 ], [ -49.72442, -26.143265 ], [ -49.735368, -26.141833 ], [ -49.739819, -26.138071 ], [ -49.748118, -26.139504 ], [ -49.750789, -26.119154 ], [ -49.764174, -26.113366 ], [ -49.767563, -26.104313 ], [ -49.775116, -26.100294 ], [ -49.778287, -26.106948 ], [ -49.767869, -26.109916 ], [ -49.773343, -26.118321 ], [ -49.77623, -26.119369 ], [ -49.78217, -26.113827 ], [ -49.787123, -26.097941 ], [ -49.7894, -26.112071 ], [ -49.801758, -26.109569 ], [ -49.806031, -26.103114 ], [ -49.807949, -26.087758 ], [ -49.815616, -26.093525 ], [ -49.824225, -26.092628 ], [ -49.830278, -26.082774 ], [ -49.827977, -26.072802 ], [ -49.83062, -26.068329 ], [ -49.839731, -26.075917 ], [ -49.843143, -26.072473 ], [ -49.833338, -26.066697 ], [ -49.830955, -26.052981 ], [ -49.835178, -26.052013 ], [ -49.84165, -26.064085 ], [ -49.861591, -26.055438 ], [ -49.864199, -26.046132 ], [ -49.870286, -26.043313 ], [ -49.865041, -26.034667 ], [ -49.891311, -26.028906 ], [ -49.897808, -26.033843 ], [ -49.903673, -26.026427 ], [ -49.91484, -26.024606 ], [ -49.934846, -26.031687 ], [ -49.940201, -26.025032 ], [ -49.933788, -26.0183 ], [ -49.941362, -26.008013 ], [ -49.953032, -26.018172 ], [ -49.959725, -26.019719 ], [ -49.947528, -26.030496 ], [ -49.972307, -26.057856 ], [ -49.977134, -26.052837 ], [ -49.965843, -26.040133 ], [ -49.962932, -26.02611 ], [ -49.968788, -26.017231 ], [ -49.975332, -26.013703 ], [ -49.983376, -26.013851 ], [ -49.993075, -26.011148 ], [ -49.998043, -26.015371 ], [ -50.007795, -26.012755 ], [ -50.011069, -26.013526 ], [ -50.011071, -26.026054 ], [ -50.002758, -26.038426 ], [ -50.00618, -26.045448 ], [ -50.03167, -26.027209 ], [ -50.039729, -26.02649 ], [ -50.05625, -26.03628 ], [ -50.064445, -26.032925 ], [ -50.072466, -26.034531 ], [ -50.076969, -26.046786 ], [ -50.08143, -26.041387 ], [ -50.080763, -26.024153 ], [ -50.084341, -26.023065 ], [ -50.088402, -26.027806 ], [ -50.091584, -26.043202 ], [ -50.098928, -26.049671 ], [ -50.100115, -26.049591 ], [ -50.105023, -26.055435 ], [ -50.10991, -26.058815 ], [ -50.111205, -26.053154 ], [ -50.117915, -26.051318 ], [ -50.120591, -26.063875 ], [ -50.134268, -26.043006 ], [ -50.143856, -26.049625 ], [ -50.148342, -26.059774 ], [ -50.151998, -26.050803 ], [ -50.141529, -26.027128 ], [ -50.151018, -26.022751 ], [ -50.163705, -26.026539 ], [ -50.171385, -26.024684 ], [ -50.179281, -26.028277 ], [ -50.182051, -26.03396 ], [ -50.176026, -26.03363 ], [ -50.171052, -26.042107 ], [ -50.164182, -26.042696 ], [ -50.163156, -26.036232 ], [ -50.155398, -26.041576 ], [ -50.156741, -26.04816 ], [ -50.170767, -26.064947 ], [ -50.173699, -26.064126 ], [ -50.180794, -26.079371 ], [ -50.192536, -26.071164 ], [ -50.193743, -26.064812 ], [ -50.207552, -26.061054 ], [ -50.209376, -26.05669 ], [ -50.218246, -26.056458 ], [ -50.223632, -26.060289 ], [ -50.233602, -26.046673 ], [ -50.235457, -26.035828 ], [ -50.251045, -26.02975 ], [ -50.254647, -26.037189 ], [ -50.251536, -26.050845 ], [ -50.267828, -26.04209 ], [ -50.276388, -26.051303 ], [ -50.298373, -26.0549 ], [ -50.317732, -26.068088 ], [ -50.321708, -26.080388 ], [ -50.331588, -26.083225 ], [ -50.32516, -26.098142 ], [ -50.329394, -26.098264 ], [ -50.331984, -26.107801 ], [ -50.326122, -26.114802 ], [ -50.32484, -26.123388 ], [ -50.332702, -26.122173 ], [ -50.333514, -26.125268 ], [ -50.321675, -26.125498 ], [ -50.323123, -26.13446 ], [ -50.328257, -26.128631 ], [ -50.332039, -26.134096 ], [ -50.340406, -26.130168 ], [ -50.352292, -26.118838 ], [ -50.359272, -26.116856 ], [ -50.360614, -26.110033 ], [ -50.365944, -26.112353 ], [ -50.369736, -26.110041 ], [ -50.363895, -26.1059 ], [ -50.361, -26.094235 ], [ -50.37068, -26.079947 ], [ -50.399114, -26.062977 ], [ -50.402936, -26.057262 ], [ -50.408087, -26.059119 ], [ -50.406842, -26.065284 ], [ -50.411731, -26.06555 ], [ -50.417801, -26.061286 ], [ -50.434237, -26.060563 ], [ -50.439368, -26.051022 ], [ -50.449706, -26.043497 ], [ -50.449172, -26.039347 ], [ -50.441534, -26.036758 ], [ -50.444668, -26.033899 ], [ -50.453932, -26.03145 ], [ -50.458671, -26.036743 ], [ -50.459246, -26.0266 ], [ -50.468073, -26.027074 ], [ -50.471049, -26.020861 ], [ -50.476774, -26.023739 ], [ -50.475603, -26.034024 ], [ -50.481619, -26.030822 ], [ -50.479541, -26.02623 ], [ -50.489698, -26.025262 ], [ -50.493575, -26.026661 ], [ -50.501194, -26.022509 ], [ -50.504189, -26.031593 ], [ -50.513088, -26.025719 ], [ -50.521424, -26.030486 ], [ -50.528257, -26.034157 ], [ -50.547129, -26.039716 ], [ -50.550919, -26.038261 ], [ -50.55504, -26.019948 ], [ -50.562929, -26.006043 ], [ -50.572338, -26.002983 ], [ -50.591213, -26.021666 ], [ -50.592677, -26.024704 ], [ -50.59167, -26.042089 ], [ -50.581379, -26.048494 ], [ -50.566878, -26.041225 ], [ -50.554914, -26.041491 ], [ -50.550537, -26.044206 ], [ -50.551178, -26.053284 ], [ -50.557949, -26.061253 ], [ -50.57077, -26.066544 ], [ -50.586162, -26.069244 ], [ -50.59414, -26.070643 ], [ -50.627999, -26.062641 ], [ -50.640525, -26.078423 ], [ -50.644974, -26.090324 ], [ -50.656792, -26.102559 ], [ -50.646605, -26.124456 ], [ -50.652111, -26.132822 ], [ -50.672284, -26.142878 ], [ -50.676716, -26.145372 ], [ -50.686885, -26.163937 ], [ -50.697014, -26.181316 ], [ -50.704288, -26.188272 ], [ -50.731321, -26.202934 ], [ -50.714707, -26.238077 ], [ -50.718018, -26.244303 ], [ -50.73182, -26.249295 ], [ -50.743043, -26.248081 ], [ -50.746569, -26.244121 ], [ -50.745962, -26.229266 ], [ -50.757956, -26.221237 ], [ -50.792815, -26.227259 ], [ -50.801122, -26.231425 ], [ -50.801997, -26.231864 ], [ -50.811288, -26.237753 ], [ -50.827129, -26.246878 ], [ -50.831677, -26.266366 ], [ -50.838886, -26.271062 ], [ -50.846183, -26.266846 ], [ -50.862651, -26.242066 ], [ -50.868182, -26.241185 ], [ -50.870622, -26.241724 ], [ -50.878709, -26.258521 ], [ -50.881549, -26.277589 ], [ -50.893098, -26.287499 ], [ -50.899311, -26.288745 ], [ -50.901491, -26.288999 ], [ -50.908736, -26.284402 ], [ -50.907626, -26.251107 ], [ -50.934949, -26.233124 ], [ -50.942065, -26.234626 ], [ -50.944039, -26.240092 ], [ -50.931341, -26.26786 ], [ -50.937233, -26.278889 ], [ -50.944209, -26.282031 ], [ -50.952788, -26.269146 ], [ -50.969631, -26.263684 ], [ -50.972703, -26.246516 ], [ -50.990966, -26.23444 ], [ -50.999989, -26.230006 ], [ -51.016066, -26.234369 ], [ -51.054711, -26.244503 ], [ -51.062401, -26.242713 ], [ -51.069623, -26.239041 ], [ -51.079546, -26.227774 ], [ -51.084875, -26.230018 ], [ -51.087904, -26.24708 ], [ -51.09404, -26.249489 ], [ -51.093266, -26.25851 ], [ -51.1014, -26.265195 ], [ -51.103511, -26.272215 ], [ -51.104483, -26.274952 ], [ -51.107458, -26.272838 ], [ -51.121795, -26.27908 ], [ -51.136181, -26.279187 ], [ -51.137567, -26.285638 ], [ -51.143485, -26.285321 ], [ -51.149235, -26.279123 ], [ -51.155903, -26.279948 ], [ -51.163378, -26.283038 ], [ -51.163344, -26.291046 ], [ -51.169372, -26.291122 ], [ -51.180591, -26.298558 ], [ -51.193346, -26.301517 ], [ -51.202728, -26.298106 ], [ -51.206937, -26.296195 ], [ -51.216544, -26.315266 ], [ -51.221622, -26.315977 ], [ -51.226239, -26.322072 ], [ -51.242595, -26.324238 ], [ -51.244937, -26.329677 ], [ -51.25117, -26.33243 ], [ -51.255972, -26.340027 ], [ -51.255287, -26.345358 ], [ -51.250893, -26.348004 ], [ -51.253601, -26.349885 ], [ -51.259677, -26.358465 ], [ -51.258915, -26.368666 ], [ -51.25504, -26.37352 ], [ -51.252223, -26.375872 ], [ -51.257732, -26.378701 ], [ -51.260474, -26.378922 ] ], [ [ -52.099779, -24.786647 ], [ -52.104192, -24.789045 ], [ -52.103375, -24.795454 ], [ -52.095637, -24.797223 ], [ -52.098676, -24.800091 ], [ -52.094255, -24.803693 ], [ -52.099384, -24.804443 ], [ -52.094068, -24.81108 ], [ -52.09017, -24.808742 ], [ -52.083062, -24.812985 ], [ -52.081946, -24.809348 ], [ -52.073776, -24.813886 ], [ -52.066929, -24.812165 ], [ -52.070462, -24.815917 ], [ -52.066962, -24.819894 ], [ -52.063577, -24.81425 ], [ -52.060381, -24.817785 ], [ -52.058393, -24.813695 ], [ -52.054343, -24.814364 ], [ -52.057077, -24.818191 ], [ -52.052646, -24.820268 ], [ -52.053768, -24.824541 ], [ -52.058384, -24.829275 ], [ -52.053118, -24.833666 ], [ -52.057067, -24.835158 ], [ -52.053674, -24.845343 ], [ -52.057426, -24.849289 ], [ -52.053641, -24.850544 ], [ -52.053722, -24.85551 ], [ -52.049648, -24.855402 ], [ -52.047228, -24.864165 ], [ -52.040394, -24.866441 ], [ -52.039396, -24.874339 ], [ -52.044833, -24.877311 ], [ -52.046405, -24.877372 ], [ -52.046475, -24.877337 ], [ -52.06013, -24.877554 ], [ -52.066556, -24.883309 ], [ -52.087056, -24.882315 ], [ -52.093766, -24.884195 ], [ -52.09212, -24.887852 ], [ -52.101164, -24.887487 ], [ -52.101756, -24.895006 ], [ -52.105824, -24.8999 ], [ -52.111065, -24.899653 ], [ -52.109388, -24.904781 ], [ -52.115818, -24.90323 ], [ -52.118033, -24.911912 ], [ -52.132961, -24.914236 ], [ -52.133844, -24.918897 ], [ -52.139742, -24.918842 ], [ -52.139196, -24.922161 ], [ -52.146546, -24.92092 ], [ -52.138287, -24.929948 ], [ -52.141259, -24.934275 ], [ -52.14414, -24.930837 ], [ -52.147877, -24.931708 ], [ -52.143202, -24.938111 ], [ -52.145335, -24.945327 ], [ -52.151299, -24.947741 ], [ -52.143918, -24.949311 ], [ -52.14301, -24.952781 ], [ -52.151754, -24.954386 ], [ -52.14798, -24.961599 ], [ -52.151446, -24.963662 ], [ -52.149376, -24.967687 ], [ -52.142969, -24.964425 ], [ -52.134832, -24.964771 ], [ -52.134409, -24.972504 ], [ -52.128982, -24.975297 ], [ -52.129409, -24.965117 ], [ -52.122397, -24.966432 ], [ -52.114144, -24.960337 ], [ -52.105747, -24.959841 ], [ -52.109864, -24.971733 ], [ -52.121908, -24.981879 ], [ -52.103774, -24.985208 ], [ -52.095223, -24.997359 ], [ -52.090218, -24.994216 ], [ -52.097117, -24.987636 ], [ -52.088785, -24.989969 ], [ -52.087174, -24.987083 ], [ -52.091749, -24.983107 ], [ -52.085379, -24.985129 ], [ -52.082387, -24.999333 ], [ -52.077815, -25.003899 ], [ -52.083376, -25.016704 ], [ -52.074525, -25.014456 ], [ -52.071557, -25.006943 ], [ -52.078609, -24.999274 ], [ -52.077174, -24.996955 ], [ -52.066064, -24.99193 ], [ -52.059695, -24.994695 ], [ -52.048963, -24.978669 ], [ -52.032073, -24.974619 ], [ -52.030302, -24.978311 ], [ -52.043333, -24.982329 ], [ -52.046084, -24.988354 ], [ -52.025161, -24.98875 ], [ -52.034011, -24.996087 ], [ -52.029575, -24.998994 ], [ -52.026426, -24.997177 ], [ -52.023476, -25.00236 ], [ -52.018096, -24.995357 ], [ -52.006347, -25.006756 ], [ -52.002451, -25.000262 ], [ -52.004875, -24.996201 ], [ -52.00038, -24.990752 ], [ -51.996555, -24.989736 ], [ -51.992497, -24.996101 ], [ -51.984133, -24.992562 ], [ -51.980945, -24.993179 ], [ -51.982341, -25.000537 ], [ -51.99418, -25.016207 ], [ -51.986956, -25.019853 ], [ -51.980705, -25.013942 ], [ -51.977966, -25.021026 ], [ -51.981938, -25.03012 ], [ -51.972122, -25.033524 ], [ -51.96659, -25.031761 ], [ -51.97323, -25.02217 ], [ -51.962852, -25.016244 ], [ -51.962907, -25.008191 ], [ -51.95505, -25.008514 ], [ -51.951496, -25.002355 ], [ -51.946224, -25.003759 ], [ -51.945304, -25.021622 ], [ -51.935832, -25.011362 ], [ -51.92855, -25.013891 ], [ -51.928847, -25.019372 ], [ -51.923668, -25.021033 ], [ -51.92482, -25.027274 ], [ -51.921864, -25.027761 ], [ -51.919504, -25.023154 ], [ -51.910853, -25.028258 ], [ -51.908256, -25.023352 ], [ -51.912796, -25.014674 ], [ -51.904404, -25.013656 ], [ -51.90164, -25.017782 ], [ -51.898092, -25.014378 ], [ -51.894272, -25.015454 ], [ -51.888545, -25.011582 ], [ -51.891997, -25.008326 ], [ -51.889772, -25.003447 ], [ -51.894603, -25.000175 ], [ -51.892929, -24.99777 ], [ -51.888993, -24.996894 ], [ -51.879716, -25.00288 ], [ -51.866296, -25.003679 ], [ -51.868579, -24.995467 ], [ -51.857097, -24.996041 ], [ -51.862017, -24.991086 ], [ -51.861329, -24.986762 ], [ -51.849165, -24.99081 ], [ -51.841686, -25.002009 ], [ -51.83771, -24.996564 ], [ -51.828503, -25.002961 ], [ -51.819714, -25.006543 ], [ -51.82243, -25.012806 ], [ -51.81508, -25.012477 ], [ -51.806738, -25.018481 ], [ -51.801359, -25.014604 ], [ -51.796635, -25.020065 ], [ -51.79049, -25.017347 ], [ -51.788635, -25.020279 ], [ -51.772374, -25.023185 ], [ -51.76345, -25.037855 ], [ -51.757538, -25.033864 ], [ -51.749007, -25.041767 ], [ -51.734922, -25.038712 ], [ -51.703964, -25.046607 ], [ -51.693367, -25.044945 ], [ -51.676507, -25.054152 ], [ -51.663601, -25.061082 ], [ -51.664288, -25.053961 ], [ -51.658402, -25.037981 ], [ -51.648005, -25.035201 ], [ -51.64206, -25.016087 ], [ -51.655211, -25.016028 ], [ -51.660982, -25.011292 ], [ -51.69184, -25.014758 ], [ -51.696495, -25.010466 ], [ -51.708201, -25.01174 ], [ -51.724189, -24.992318 ], [ -51.756965, -24.981653 ], [ -51.775433, -24.985619 ], [ -51.772245, -24.982424 ], [ -51.776771, -24.968084 ], [ -51.770984, -24.966516 ], [ -51.761073, -24.970192 ], [ -51.743688, -24.959831 ], [ -51.735826, -24.941549 ], [ -51.736215, -24.926153 ], [ -51.73886, -24.919144 ], [ -51.749992, -24.914991 ], [ -51.77999, -24.877292 ], [ -51.785352, -24.870907 ], [ -51.809323, -24.857409 ], [ -51.8111, -24.856469 ], [ -51.815815, -24.848535 ], [ -51.820275, -24.848965 ], [ -51.82452, -24.849756 ], [ -51.835462, -24.843431 ], [ -51.843959, -24.844537 ], [ -51.856008, -24.832836 ], [ -51.858273, -24.819821 ], [ -51.866969, -24.812646 ], [ -51.8682, -24.789086 ], [ -51.873581, -24.781141 ], [ -51.890287, -24.778295 ], [ -51.896623, -24.772084 ], [ -51.902716, -24.772484 ], [ -51.902631, -24.764813 ], [ -51.911812, -24.766203 ], [ -51.918371, -24.757063 ], [ -51.919553, -24.753821 ], [ -51.926592, -24.752491 ], [ -51.931368, -24.7559 ], [ -51.933356, -24.753577 ], [ -51.933526, -24.758767 ], [ -51.941286, -24.755081 ], [ -51.93717, -24.762368 ], [ -51.942205, -24.765139 ], [ -51.950731, -24.760663 ], [ -51.947444, -24.76788 ], [ -51.950344, -24.772812 ], [ -51.955617, -24.772369 ], [ -51.954569, -24.766334 ], [ -51.960069, -24.761878 ], [ -51.97328, -24.767555 ], [ -51.976652, -24.7659 ], [ -51.983314, -24.771947 ], [ -51.987417, -24.771742 ], [ -51.987474, -24.777012 ], [ -51.996839, -24.777827 ], [ -52.005716, -24.780047 ], [ -52.003486, -24.776148 ], [ -52.007351, -24.772675 ], [ -52.002144, -24.772032 ], [ -52.001151, -24.763266 ], [ -52.009989, -24.766071 ], [ -52.010177, -24.763158 ], [ -52.030012, -24.762143 ], [ -52.026948, -24.767337 ], [ -52.034379, -24.770684 ], [ -52.040882, -24.763967 ], [ -52.040033, -24.772993 ], [ -52.036432, -24.772583 ], [ -52.038917, -24.786894 ], [ -52.04405, -24.778548 ], [ -52.047651, -24.782463 ], [ -52.046236, -24.785691 ], [ -52.053943, -24.787143 ], [ -52.062546, -24.7854 ], [ -52.066876, -24.788112 ], [ -52.062733, -24.783142 ], [ -52.071689, -24.77872 ], [ -52.073035, -24.780951 ], [ -52.076632, -24.770631 ], [ -52.089917, -24.776973 ], [ -52.095868, -24.778569 ], [ -52.093611, -24.780774 ], [ -52.096332, -24.782493 ], [ -52.106329, -24.783148 ], [ -52.108705, -24.786631 ], [ -52.099779, -24.786647 ] ], [ [ -52.437994, -25.504416 ], [ -52.437993, -25.504417 ], [ -52.435217, -25.504643 ], [ -52.437994, -25.504416 ] ], [ [ -52.288548, -25.398149 ], [ -52.288548, -25.398148 ], [ -52.295117, -25.394976 ], [ -52.288548, -25.398149 ] ], [ [ -52.303948, -25.356054 ], [ -52.306803, -25.349832 ], [ -52.306804, -25.349832 ], [ -52.303948, -25.356054 ] ], [ [ -52.081592, -25.141775 ], [ -52.081592, -25.141774 ], [ -52.084428, -25.140542 ], [ -52.081592, -25.141775 ] ], [ [ -50.716346, -25.847567 ], [ -50.716347, -25.847567 ], [ -50.718364, -25.851087 ], [ -50.716346, -25.847567 ] ], [ [ -50.693212, -25.866736 ], [ -50.688482, -25.865238 ], [ -50.688482, -25.865237 ], [ -50.693212, -25.866736 ] ], [ [ -50.326169, -24.844666 ], [ -50.31568, -24.837963 ], [ -50.31568, -24.837962 ], [ -50.326169, -24.844666 ] ], [ [ -49.53149, -26.06564 ], [ -49.528113, -26.063329 ], [ -49.528113, -26.063328 ], [ -49.53149, -26.06564 ] ], [ [ -49.80247, -25.504622 ], [ -49.796924, -25.512071 ], [ -49.796923, -25.512071 ], [ -49.80247, -25.504622 ] ] ] } },
{ "type": "Feature", "properties": { "MACRO_ID": "4108", "MACRO_NAME": "Macrorregião Oeste", "id": "410100", "name": "Ampére", "description": "Ampére", "MUN_ID": "410100", "UF": "PR", "HREG_ID": "41008", "HREG_NAME": "8ª RS Francisco Beltrão" }, "geometry": { "type": "Polygon", "coordinates": [ [ [ -54.009734, -25.567096 ], [ -54.019374, -25.563942 ], [ -54.028935, -25.567568 ], [ -54.040637, -25.58355 ], [ -54.049367, -25.584898 ], [ -54.059556, -25.577473 ], [ -54.070431, -25.560128 ], [ -54.079138, -25.558727 ], [ -54.088745, -25.584355 ], [ -54.089022, -25.611452 ], [ -54.092225, -25.617045 ], [ -54.097962, -25.618938 ], [ -54.11017, -25.603433 ], [ -54.124065, -25.567493 ], [ -54.120841, -25.555437 ], [ -54.096916, -25.522262 ], [ -54.092815, -25.50054 ], [ -54.099122, -25.495214 ], [ -54.108498, -25.495279 ], [ -54.143612, -25.520399 ], [ -54.160532, -25.540631 ], [ -54.17309, -25.540887 ], [ -54.19048, -25.533806 ], [ -54.206033, -25.540528 ], [ -54.208003, -25.551919 ], [ -54.204807, -25.557023 ], [ -54.179843, -25.565361 ], [ -54.173473, -25.573366 ], [ -54.173118, -25.580363 ], [ -54.17803, -25.584394 ], [ -54.200371, -25.581105 ], [ -54.223201, -25.564055 ], [ -54.230146, -25.562438 ], [ -54.237085, -25.570081 ], [ -54.234671, -25.59251 ], [ -54.240394, -25.597482 ], [ -54.24961, -25.596781 ], [ -54.263398, -25.582883 ], [ -54.279807, -25.556321 ], [ -54.294483, -25.557523 ], [ -54.327982, -25.571784 ], [ -54.345202, -25.606923 ], [ -54.354729, -25.607235 ], [ -54.37009, -25.593845 ], [ -54.385504, -25.598301 ], [ -54.38887, -25.604981 ], [ -54.387452, -25.621956 ], [ -54.393367, -25.63437 ], [ -54.424866, -25.658149 ], [ -54.422362, -25.688269 ], [ -54.429171, -25.694967 ], [ -54.437839, -25.690831 ], [ -54.447305, -25.658507 ], [ -54.4672, -25.63659 ], [ -54.481598, -25.626147 ], [ -54.500068, -25.614131 ], [ -54.521121, -25.627275 ], [ -54.52656, -25.627224 ], [ -54.53648, -25.617486 ], [ -54.532902, -25.600618 ], [ -54.540432, -25.594635 ], [ -54.555535, -25.586939 ], [ -54.565656, -25.590507 ], [ -54.593203, -25.591891 ], [ -54.593227, -25.5438 ], [ -54.599842, -25.521526 ], [ -54.600452, -25.484154 ], [ -54.616843, -25.46899 ], [ -54.618634, -25.457094 ], [ -54.617451, -25.451612 ], [ -54.60739, -25.445802 ], [ -54.599375, -25.433975 ], [ -54.594325, -25.421408 ], [ -54.586893, -25.397167 ], [ -54.578843, -25.384914 ], [ -54.564392, -25.367267 ], [ -54.541334, -25.348856 ], [ -54.51767, -25.315036 ], [ -54.500224, -25.298404 ], [ -54.490478, -25.275201 ], [ -54.481337, -25.232699 ], [ -54.470399, -25.211777 ], [ -54.463366, -25.194043 ], [ -54.447948, -25.173126 ], [ -54.43683, -25.169468 ], [ -54.429787, -25.158997 ], [ -54.429993, -25.146416 ], [ -54.432931, -25.131134 ], [ -54.460261, -25.098941 ], [ -54.457573, -25.07162 ], [ -54.461645, -25.060951 ], [ -54.45891, -25.03855 ], [ -54.44209, -24.98972 ], [ -54.441422, -24.94868 ], [ -54.429325, -24.921602 ], [ -54.417838, -24.89395 ], [ -54.408899, -24.842083 ], [ -54.389981, -24.784596 ], [ -54.381702, -24.767817 ], [ -54.368996, -24.757732 ], [ -54.357368, -24.742744 ], [ -54.34909, -24.713095 ], [ -54.337571, -24.691774 ], [ -54.325026, -24.66045 ], [ -54.317013, -24.590155 ], [ -54.320081, -24.571136 ], [ -54.335417, -24.529776 ], [ -54.336582, -24.500082 ], [ -54.322536, -24.458047 ], [ -54.296135, -24.42624 ], [ -54.280729, -24.404318 ], [ -54.264022, -24.371942 ], [ -54.25801, -24.357136 ], [ -54.269389, -24.305369 ], [ -54.284282, -24.28153 ], [ -54.322324, -24.250428 ], [ -54.324017, -24.232425 ], [ -54.322808, -24.213901 ], [ -54.327847, -24.206167 ], [ -54.328036, -24.191763 ], [ -54.342368, -24.162686 ], [ -54.342756, -24.145196 ], [ -54.343958, -24.14017 ], [ -54.332809, -24.115789 ], [ -54.304073, -24.095164 ], [ -54.285351, -24.068433 ], [ -54.276251, -24.061788 ], [ -54.259189, -24.05644 ], [ -54.248949, -24.055434 ], [ -54.220574, -24.042704 ], [ -54.168494, -23.998526 ], [ -54.097945, -24.024562 ], [ -54.093314, -24.02607 ], [ -54.059736, -24.036252 ], [ -54.048669, -24.030839 ], [ -54.033907, -24.020053 ], [ -54.016727, -24.014859 ], [ -53.997902, -23.985238 ], [ -53.987619, -23.981487 ], [ -53.972187, -23.981697 ], [ -53.965695, -24.001958 ], [ -53.963287, -24.013489 ], [ -53.967547, -24.023107 ], [ -53.980311, -24.055219 ], [ -53.990533, -24.067307 ], [ -53.989987, -24.072681 ], [ -53.991721, -24.104408 ], [ -53.987639, -24.127641 ], [ -53.975361, -24.13043 ], [ -53.958094, -24.119887 ], [ -53.952909, -24.119364 ], [ -53.941496, -24.120948 ], [ -53.929793, -24.129065 ], [ -53.909872, -24.137724 ], [ -53.910642, -24.146339 ], [ -53.924663, -24.159179 ], [ -53.904531, -24.176794 ], [ -53.883419, -24.176724 ], [ -53.862732, -24.190724 ], [ -53.858641, -24.190768 ], [ -53.8486, -24.186511 ], [ -53.844469, -24.179666 ], [ -53.84458, -24.167289 ], [ -53.838504, -24.166439 ], [ -53.810399, -24.185717 ], [ -53.799575, -24.169127 ], [ -53.765177, -24.159416 ], [ -53.758358, -24.153265 ], [ -53.747436, -24.149894 ], [ -53.740757, -24.150055 ], [ -53.734619, -24.16575 ], [ -53.747037, -24.182087 ], [ -53.746411, -24.187188 ], [ -53.719402, -24.179434 ], [ -53.7085, -24.178583 ], [ -53.701716, -24.182878 ], [ -53.694617, -24.193124 ], [ -53.694476, -24.195694 ], [ -53.691927, -24.201786 ], [ -53.677326, -24.200722 ], [ -53.666083, -24.208372 ], [ -53.649373, -24.219841 ], [ -53.63898, -24.241256 ], [ -53.614886, -24.245699 ], [ -53.613257, -24.24703 ], [ -53.608875, -24.24664 ], [ -53.591264, -24.240983 ], [ -53.572382, -24.247737 ], [ -53.572265, -24.258736 ], [ -53.565302, -24.260491 ], [ -53.557536, -24.259791 ], [ -53.547393, -24.244345 ], [ -53.541733, -24.243188 ], [ -53.528901, -24.246369 ], [ -53.502568, -24.234862 ], [ -53.488335, -24.229421 ], [ -53.48062, -24.217653 ], [ -53.467595, -24.220712 ], [ -53.457648, -24.222664 ], [ -53.436323, -24.237579 ], [ -53.407837, -24.243604 ], [ -53.387446, -24.245879 ], [ -53.381737, -24.246843 ], [ -53.364219, -24.252272 ], [ -53.347398, -24.23444 ], [ -53.338697, -24.23318 ], [ -53.335131, -24.227899 ], [ -53.33752, -24.223364 ], [ -53.337571, -24.216694 ], [ -53.332936, -24.212366 ], [ -53.326139, -24.213086 ], [ -53.326221, -24.203311 ], [ -53.320339, -24.197923 ], [ -53.304143, -24.197833 ], [ -53.298735, -24.194387 ], [ -53.29798, -24.191387 ], [ -53.294444, -24.180497 ], [ -53.280779, -24.183225 ], [ -53.274253, -24.180166 ], [ -53.274143, -24.174796 ], [ -53.285053, -24.1703 ], [ -53.279886, -24.163078 ], [ -53.272338, -24.16315 ], [ -53.260998, -24.172449 ], [ -53.239694, -24.16592 ], [ -53.239615, -24.172656 ], [ -53.250843, -24.19416 ], [ -53.261635, -24.210815 ], [ -53.263975, -24.217594 ], [ -53.257507, -24.226926 ], [ -53.256941, -24.232039 ], [ -53.270332, -24.237472 ], [ -53.277639, -24.252002 ], [ -53.279478, -24.285666 ], [ -53.289203, -24.303185 ], [ -53.288278, -24.307657 ], [ -53.274674, -24.315364 ], [ -53.276978, -24.328091 ], [ -53.274287, -24.33722 ], [ -53.256153, -24.337602 ], [ -53.246657, -24.328535 ], [ -53.234097, -24.34613 ], [ -53.223183, -24.354706 ], [ -53.209687, -24.341309 ], [ -53.202007, -24.340654 ], [ -53.198716, -24.342188 ], [ -53.192326, -24.358393 ], [ -53.166593, -24.36344 ], [ -53.163125, -24.371834 ], [ -53.160454, -24.377461 ], [ -53.15881, -24.394217 ], [ -53.157299, -24.401584 ], [ -53.151449, -24.416821 ], [ -53.160918, -24.427168 ], [ -53.168387, -24.436632 ], [ -53.161108, -24.448527 ], [ -53.160704, -24.463657 ], [ -53.162946, -24.489965 ], [ -53.168015, -24.5014 ], [ -53.181801, -24.514011 ], [ -53.178664, -24.520097 ], [ -53.165247, -24.522544 ], [ -53.159142, -24.533696 ], [ -53.135889, -24.536911 ], [ -53.130016, -24.553506 ], [ -53.128277, -24.557132 ], [ -53.122028, -24.563148 ], [ -53.106623, -24.569148 ], [ -53.095202, -24.572238 ], [ -53.095089, -24.589366 ], [ -53.092972, -24.612122 ], [ -53.084927, -24.610636 ], [ -53.075734, -24.60635 ], [ -53.06452, -24.611987 ], [ -53.055159, -24.608011 ], [ -53.044634, -24.609452 ], [ -53.041499, -24.611219 ], [ -53.04333, -24.624482 ], [ -53.052485, -24.637663 ], [ -53.069164, -24.643411 ], [ -53.060613, -24.650845 ], [ -53.043865, -24.649928 ], [ -53.035337, -24.636618 ], [ -53.02283, -24.635617 ], [ -53.018804, -24.642425 ], [ -53.030664, -24.657099 ], [ -53.027216, -24.664767 ], [ -52.995692, -24.673506 ], [ -52.986717, -24.666196 ], [ -52.979196, -24.668943 ], [ -52.978536, -24.669395 ], [ -52.985272, -24.680097 ], [ -52.983469, -24.68822 ], [ -52.95069, -24.683841 ], [ -52.946506, -24.688028 ], [ -52.962967, -24.704317 ], [ -52.961, -24.720078 ], [ -52.956387, -24.724496 ], [ -52.947689, -24.723353 ], [ -52.946245, -24.712933 ], [ -52.941106, -24.707012 ], [ -52.912911, -24.716153 ], [ -52.901742, -24.724006 ], [ -52.922083, -24.733352 ], [ -52.922276, -24.757987 ], [ -52.919189, -24.761611 ], [ -52.907316, -24.763083 ], [ -52.877019, -24.750802 ], [ -52.876313, -24.750952 ], [ -52.859566, -24.758086 ], [ -52.853847, -24.763241 ], [ -52.864561, -24.765991 ], [ -52.857577, -24.774093 ], [ -52.857569, -24.779656 ], [ -52.860304, -24.784045 ], [ -52.877943, -24.784604 ], [ -52.877223, -24.788027 ], [ -52.865617, -24.790089 ], [ -52.871667, -24.800906 ], [ -52.866294, -24.802957 ], [ -52.856197, -24.7922 ], [ -52.851556, -24.791337 ], [ -52.830825, -24.814993 ], [ -52.819438, -24.807121 ], [ -52.80475, -24.80875 ], [ -52.798396, -24.796937 ], [ -52.777001, -24.800825 ], [ -52.775276, -24.804576 ], [ -52.788449, -24.818503 ], [ -52.803705, -24.825119 ], [ -52.80707, -24.828615 ], [ -52.796911, -24.833662 ], [ -52.797223, -24.841822 ], [ -52.793232, -24.845638 ], [ -52.774517, -24.846025 ], [ -52.773125, -24.830974 ], [ -52.769494, -24.827431 ], [ -52.761851, -24.827155 ], [ -52.760739, -24.831221 ], [ -52.770711, -24.838463 ], [ -52.763141, -24.845273 ], [ -52.750555, -24.848399 ], [ -52.748619, -24.859392 ], [ -52.767258, -24.854672 ], [ -52.773222, -24.857381 ], [ -52.766617, -24.865129 ], [ -52.749147, -24.869205 ], [ -52.746548, -24.874775 ], [ -52.739083, -24.881433 ], [ -52.740402, -24.854277 ], [ -52.731397, -24.862677 ], [ -52.721268, -24.855467 ], [ -52.717232, -24.857288 ], [ -52.717298, -24.866167 ], [ -52.712545, -24.87205 ], [ -52.70469, -24.876433 ], [ -52.684432, -24.878491 ], [ -52.686457, -24.884417 ], [ -52.699724, -24.890337 ], [ -52.694128, -24.894176 ], [ -52.656882, -24.894836 ], [ -52.657753, -24.902084 ], [ -52.672521, -24.910059 ], [ -52.673702, -24.920582 ], [ -52.686775, -24.925882 ], [ -52.682162, -24.93053 ], [ -52.663135, -24.931513 ], [ -52.659301, -24.926019 ], [ -52.655295, -24.928889 ], [ -52.637263, -24.944019 ], [ -52.662407, -24.956071 ], [ -52.651993, -24.964211 ], [ -52.642766, -24.982453 ], [ -52.638963, -24.980846 ], [ -52.638752, -24.975479 ], [ -52.643546, -24.956206 ], [ -52.621551, -24.961395 ], [ -52.62067, -24.925495 ], [ -52.615692, -24.925025 ], [ -52.610455, -24.936025 ], [ -52.596854, -24.939246 ], [ -52.596045, -24.949676 ], [ -52.583904, -24.957826 ], [ -52.591422, -24.964065 ], [ -52.595718, -24.966101 ], [ -52.603068, -24.9628 ], [ -52.605312, -24.967714 ], [ -52.610918, -24.967526 ], [ -52.610596, -24.97343 ], [ -52.616171, -24.976896 ], [ -52.621999, -24.975609 ], [ -52.62063, -24.984228 ], [ -52.614276, -24.988408 ], [ -52.616197, -24.991878 ], [ -52.606256, -24.998782 ], [ -52.611257, -25.002372 ], [ -52.604802, -25.011517 ], [ -52.599762, -25.012504 ], [ -52.606094, -25.015416 ], [ -52.602506, -25.01997 ], [ -52.612362, -25.019406 ], [ -52.614927, -25.016287 ], [ -52.616685, -25.020105 ], [ -52.610025, -25.027749 ], [ -52.614433, -25.027574 ], [ -52.612374, -25.032622 ], [ -52.616549, -25.036067 ], [ -52.609313, -25.0377 ], [ -52.613423, -25.042206 ], [ -52.621804, -25.039208 ], [ -52.618088, -25.046288 ], [ -52.62226, -25.043372 ], [ -52.626782, -25.047176 ], [ -52.638424, -25.052681 ], [ -52.63266, -25.057887 ], [ -52.652498, -25.06141 ], [ -52.650816, -25.066195 ], [ -52.661368, -25.070577 ], [ -52.654935, -25.075476 ], [ -52.661048, -25.08259 ], [ -52.656126, -25.083579 ], [ -52.657242, -25.08607 ], [ -52.652146, -25.088904 ], [ -52.662264, -25.089561 ], [ -52.657845, -25.095057 ], [ -52.663877, -25.096066 ], [ -52.658899, -25.098239 ], [ -52.656785, -25.104535 ], [ -52.659895, -25.105611 ], [ -52.656068, -25.107156 ], [ -52.664781, -25.119289 ], [ -52.669611, -25.128285 ], [ -52.666368, -25.135409 ], [ -52.66852, -25.145459 ], [ -52.679959, -25.150784 ], [ -52.690732, -25.16387 ], [ -52.673188, -25.171047 ], [ -52.665899, -25.183447 ], [ -52.658026, -25.187377 ], [ -52.653961, -25.200186 ], [ -52.660045, -25.205443 ], [ -52.67247, -25.200573 ], [ -52.680901, -25.210587 ], [ -52.688958, -25.211109 ], [ -52.692883, -25.207631 ], [ -52.69451, -25.21175 ], [ -52.697289, -25.210735 ], [ -52.694806, -25.21399 ], [ -52.700451, -25.216914 ], [ -52.701989, -25.214614 ], [ -52.705764, -25.216389 ], [ -52.707037, -25.212684 ], [ -52.720663, -25.211879 ], [ -52.72211, -25.216608 ], [ -52.734345, -25.216947 ], [ -52.737978, -25.228889 ], [ -52.742098, -25.226042 ], [ -52.747952, -25.229346 ], [ -52.753264, -25.226074 ], [ -52.750537, -25.230492 ], [ -52.75831, -25.231022 ], [ -52.759019, -25.236451 ], [ -52.76341, -25.234154 ], [ -52.767643, -25.236951 ], [ -52.769355, -25.230853 ], [ -52.773736, -25.229503 ], [ -52.77598, -25.24775 ], [ -52.781727, -25.247644 ], [ -52.785531, -25.252586 ], [ -52.786735, -25.24721 ], [ -52.790497, -25.2493 ], [ -52.79484, -25.246592 ], [ -52.79398, -25.257064 ], [ -52.799487, -25.256201 ], [ -52.798855, -25.252017 ], [ -52.804525, -25.253636 ], [ -52.80524, -25.248048 ], [ -52.81689, -25.253064 ], [ -52.83022, -25.251805 ], [ -52.829622, -25.258081 ], [ -52.842818, -25.257397 ], [ -52.835591, -25.267467 ], [ -52.839067, -25.2685 ], [ -52.839488, -25.27306 ], [ -52.793247, -25.273365 ], [ -52.692437, -25.27398 ], [ -52.68057, -25.279867 ], [ -52.672675, -25.288794 ], [ -52.66127, -25.291975 ], [ -52.66261, -25.299675 ], [ -52.668724, -25.298588 ], [ -52.672474, -25.302191 ], [ -52.667637, -25.306421 ], [ -52.670365, -25.314314 ], [ -52.692477, -25.325123 ], [ -52.697892, -25.325222 ], [ -52.697171, -25.331508 ], [ -52.702704, -25.332951 ], [ -52.702395, -25.335797 ], [ -52.706909, -25.338761 ], [ -52.698425, -25.338648 ], [ -52.700207, -25.344658 ], [ -52.706695, -25.342654 ], [ -52.707338, -25.347242 ], [ -52.711959, -25.343996 ], [ -52.703695, -25.354122 ], [ -52.704625, -25.360002 ], [ -52.70935, -25.358651 ], [ -52.712863, -25.364395 ], [ -52.706065, -25.366404 ], [ -52.710591, -25.372769 ], [ -52.707194, -25.376182 ], [ -52.702184, -25.378478 ], [ -52.708333, -25.385104 ], [ -52.702539, -25.39008 ], [ -52.706883, -25.391713 ], [ -52.71781, -25.384152 ], [ -52.712131, -25.391861 ], [ -52.715541, -25.400975 ], [ -52.725888, -25.404256 ], [ -52.730068, -25.394458 ], [ -52.737729, -25.40671 ], [ -52.744719, -25.401683 ], [ -52.749041, -25.404473 ], [ -52.732969, -25.413712 ], [ -52.744023, -25.415054 ], [ -52.741003, -25.422348 ], [ -52.744682, -25.425882 ], [ -52.737414, -25.428507 ], [ -52.742686, -25.442825 ], [ -52.745917, -25.442155 ], [ -52.743942, -25.436393 ], [ -52.749938, -25.43201 ], [ -52.756951, -25.441952 ], [ -52.760949, -25.440992 ], [ -52.758711, -25.44365 ], [ -52.76325, -25.450572 ], [ -52.749882, -25.44947 ], [ -52.761278, -25.455187 ], [ -52.765638, -25.458292 ], [ -52.756173, -25.462858 ], [ -52.754654, -25.467188 ], [ -52.768447, -25.468179 ], [ -52.768783, -25.46218 ], [ -52.776528, -25.466609 ], [ -52.760832, -25.477984 ], [ -52.757773, -25.472025 ], [ -52.752835, -25.472223 ], [ -52.757039, -25.485287 ], [ -52.749034, -25.489483 ], [ -52.757597, -25.491801 ], [ -52.767105, -25.481943 ], [ -52.776636, -25.486979 ], [ -52.770254, -25.491507 ], [ -52.772539, -25.497267 ], [ -52.770033, -25.50266 ], [ -52.780582, -25.49573 ], [ -52.781361, -25.504794 ], [ -52.769321, -25.505048 ], [ -52.764564, -25.514956 ], [ -52.766204, -25.521794 ], [ -52.774191, -25.519071 ], [ -52.775434, -25.521928 ], [ -52.779556, -25.521194 ], [ -52.780831, -25.537103 ], [ -52.787765, -25.545368 ], [ -52.781344, -25.557205 ], [ -52.766458, -25.553561 ], [ -52.764721, -25.556301 ], [ -52.770696, -25.565698 ], [ -52.782304, -25.565068 ], [ -52.784618, -25.566513 ], [ -52.782707, -25.569552 ], [ -52.768265, -25.607877 ], [ -52.759988, -25.614762 ], [ -52.746441, -25.618601 ], [ -52.7372, -25.615114 ], [ -52.728215, -25.616695 ], [ -52.721596, -25.626254 ], [ -52.715836, -25.653971 ], [ -52.714754, -25.664425 ], [ -52.707732, -25.664997 ], [ -52.702351, -25.66114 ], [ -52.692059, -25.652836 ], [ -52.680919, -25.651928 ], [ -52.676288, -25.655199 ], [ -52.660128, -25.657209 ], [ -52.648892, -25.65284 ], [ -52.625653, -25.653591 ], [ -52.618825, -25.629162 ], [ -52.620094, -25.620651 ], [ -52.615408, -25.60883 ], [ -52.607892, -25.610716 ], [ -52.603576, -25.615518 ], [ -52.601057, -25.633838 ], [ -52.575905, -25.646617 ], [ -52.575067, -25.663997 ], [ -52.556246, -25.68655 ], [ -52.543692, -25.695738 ], [ -52.529835, -25.69799 ], [ -52.520678, -25.6866 ], [ -52.524606, -25.673144 ], [ -52.542025, -25.657887 ], [ -52.545756, -25.649706 ], [ -52.54189, -25.643453 ], [ -52.530138, -25.645494 ], [ -52.504943, -25.657197 ], [ -52.498467, -25.661506 ], [ -52.501574, -25.666348 ], [ -52.497637, -25.679278 ], [ -52.491918, -25.680979 ], [ -52.483128, -25.67097 ], [ -52.479183, -25.671942 ], [ -52.478023, -25.672521 ], [ -52.466611, -25.678214 ], [ -52.455891, -25.674828 ], [ -52.444499, -25.672663 ], [ -52.434357, -25.676493 ], [ -52.410699, -25.699062 ], [ -52.394773, -25.699786 ], [ -52.387205, -25.69892 ], [ -52.358245, -25.705095 ], [ -52.333108, -25.681299 ], [ -52.319104, -25.677494 ], [ -52.309522, -25.680938 ], [ -52.308358, -25.689372 ], [ -52.33122, -25.713839 ], [ -52.332358, -25.720964 ], [ -52.323024, -25.723276 ], [ -52.309395, -25.711147 ], [ -52.295467, -25.708174 ], [ -52.285224, -25.711228 ], [ -52.266219, -25.724218 ], [ -52.261551, -25.738069 ], [ -52.25522, -25.743758 ], [ -52.247283, -25.744307 ], [ -52.232581, -25.739938 ], [ -52.231551, -25.748771 ], [ -52.21349, -25.75605 ], [ -52.202299, -25.769179 ], [ -52.191383, -25.772366 ], [ -52.172668, -25.750156 ], [ -52.165723, -25.748298 ], [ -52.155604, -25.753399 ], [ -52.14302, -25.773313 ], [ -52.134876, -25.775991 ], [ -52.122689, -25.774238 ], [ -52.113164, -25.781406 ], [ -52.110991, -25.791448 ], [ -52.13539, -25.792995 ], [ -52.150354, -25.806627 ], [ -52.153994, -25.818425 ], [ -52.155077, -25.820541 ], [ -52.164549, -25.823781 ], [ -52.168077, -25.829149 ], [ -52.161412, -25.862789 ], [ -52.147579, -25.871311 ], [ -52.142884, -25.8903 ], [ -52.133857, -25.893704 ], [ -52.111636, -25.894607 ], [ -52.104709, -25.908274 ], [ -52.09751, -25.919881 ], [ -52.086299, -25.937183 ], [ -52.076499, -25.93926 ], [ -52.054086, -25.936077 ], [ -52.032709, -25.946511 ], [ -52.028632, -25.956893 ], [ -52.033617, -25.971501 ], [ -52.027671, -25.976768 ], [ -52.010097, -25.980277 ], [ -52.008431, -25.985906 ], [ -52.014185, -26.001976 ], [ -52.007922, -26.010212 ], [ -51.991177, -26.016969 ], [ -51.979316, -26.01398 ], [ -51.973853, -25.998417 ], [ -51.965271, -25.987767 ], [ -51.953371, -25.986667 ], [ -51.919492, -25.995233 ], [ -51.899041, -26.00823 ], [ -51.887782, -26.008898 ], [ -51.877991, -26.022843 ], [ -51.871868, -26.023467 ], [ -51.864922, -26.025683 ], [ -51.83993, -26.009965 ], [ -51.828268, -26.013876 ], [ -51.8218, -26.012562 ], [ -51.794951, -25.998891 ], [ -51.780299, -25.997133 ], [ -51.766919, -26.011174 ], [ -51.756879, -26.008434 ], [ -51.745384, -25.996161 ], [ -51.739023, -25.994155 ], [ -51.730944, -26.006584 ], [ -51.722453, -26.006458 ], [ -51.72194, -26.012173 ], [ -51.726384, -26.016174 ], [ -51.724196, -26.018457 ], [ -51.730043, -26.025146 ], [ -51.729656, -26.033102 ], [ -51.737841, -26.048839 ], [ -51.715728, -26.081223 ], [ -51.696092, -26.091069 ], [ -51.69476, -26.095272 ], [ -51.704191, -26.125403 ], [ -51.746457, -26.232702 ], [ -51.753428, -26.237007 ], [ -51.769127, -26.236557 ], [ -51.778295, -26.241629 ], [ -51.77133, -26.250303 ], [ -51.7766, -26.254892 ], [ -51.774972, -26.257201 ], [ -51.761514, -26.261111 ], [ -51.764721, -26.251484 ], [ -51.761719, -26.249313 ], [ -51.742672, -26.252445 ], [ -51.738439, -26.258465 ], [ -51.739813, -26.265247 ], [ -51.73235, -26.264679 ], [ -51.724902, -26.258386 ], [ -51.714718, -26.255705 ], [ -51.713145, -26.259179 ], [ -51.708376, -26.258459 ], [ -51.708204, -26.246891 ], [ -51.700878, -26.24344 ], [ -51.693096, -26.245611 ], [ -51.688903, -26.251374 ], [ -51.693156, -26.257723 ], [ -51.687366, -26.275739 ], [ -51.691455, -26.277649 ], [ -51.682784, -26.279717 ], [ -51.682102, -26.286853 ], [ -51.675896, -26.279119 ], [ -51.682179, -26.274837 ], [ -51.679287, -26.268513 ], [ -51.667345, -26.267455 ], [ -51.661787, -26.276956 ], [ -51.663384, -26.269386 ], [ -51.656369, -26.267281 ], [ -51.643951, -26.263939 ], [ -51.645434, -26.270593 ], [ -51.631247, -26.271579 ], [ -51.639597, -26.274692 ], [ -51.640363, -26.277931 ], [ -51.628674, -26.279989 ], [ -51.631948, -26.294555 ], [ -51.627575, -26.289173 ], [ -51.620796, -26.290553 ], [ -51.617421, -26.284669 ], [ -51.61269, -26.295943 ], [ -51.60845, -26.291484 ], [ -51.603649, -26.294317 ], [ -51.598282, -26.284008 ], [ -51.59549, -26.289355 ], [ -51.585345, -26.286336 ], [ -51.582435, -26.292255 ], [ -51.577338, -26.292924 ], [ -51.580156, -26.296304 ], [ -51.588171, -26.296896 ], [ -51.580334, -26.307174 ], [ -51.592385, -26.306921 ], [ -51.588752, -26.313711 ], [ -51.591008, -26.319633 ], [ -51.59746, -26.318402 ], [ -51.605665, -26.326895 ], [ -51.601911, -26.329726 ], [ -51.591292, -26.327677 ], [ -51.589648, -26.323161 ], [ -51.584325, -26.321629 ], [ -51.577952, -26.330052 ], [ -51.579337, -26.337742 ], [ -51.573132, -26.339184 ], [ -51.571165, -26.345359 ], [ -51.57426, -26.35068 ], [ -51.579019, -26.349062 ], [ -51.588997, -26.357259 ], [ -51.561861, -26.367744 ], [ -51.55988, -26.376371 ], [ -51.57031, -26.374665 ], [ -51.569534, -26.384861 ], [ -51.580948, -26.394876 ], [ -51.573219, -26.392588 ], [ -51.571813, -26.396307 ], [ -51.567919, -26.396279 ], [ -51.565579, -26.392711 ], [ -51.554709, -26.390301 ], [ -51.552894, -26.392669 ], [ -51.540627, -26.391793 ], [ -51.542302, -26.398073 ], [ -51.548305, -26.40116 ], [ -51.552761, -26.412138 ], [ -51.551365, -26.418152 ], [ -51.547285, -26.426921 ], [ -51.543897, -26.423671 ], [ -51.540965, -26.427014 ], [ -51.544353, -26.429815 ], [ -51.531043, -26.436931 ], [ -51.530635, -26.451177 ], [ -51.526231, -26.454952 ], [ -51.535163, -26.457452 ], [ -51.526086, -26.461997 ], [ -51.525742, -26.468863 ], [ -51.515926, -26.474976 ], [ -51.524462, -26.48444 ], [ -51.525761, -26.489319 ], [ -51.522307, -26.493901 ], [ -51.526396, -26.497239 ], [ -51.528566, -26.51267 ], [ -51.522685, -26.526962 ], [ -51.524181, -26.537846 ], [ -51.515568, -26.54607 ], [ -51.511556, -26.581366 ], [ -51.511076, -26.583275 ], [ -51.529718, -26.591982 ], [ -51.570461, -26.590999 ], [ -51.573329, -26.591355 ], [ -51.583947, -26.590357 ], [ -51.597475, -26.585717 ], [ -51.61464, -26.590481 ], [ -51.633139, -26.588332 ], [ -51.645682, -26.575385 ], [ -51.664579, -26.565605 ], [ -51.69457, -26.58296 ], [ -51.704135, -26.580778 ], [ -51.733649, -26.57484 ], [ -51.747943, -26.576745 ], [ -51.785815, -26.589781 ], [ -51.807294, -26.585173 ], [ -51.819061, -26.579178 ], [ -51.823114, -26.581824 ], [ -51.84331, -26.594596 ], [ -51.85462, -26.592017 ], [ -51.861281, -26.597198 ], [ -51.873883, -26.599926 ], [ -51.87923, -26.596692 ], [ -51.883866, -26.585837 ], [ -51.900716, -26.579768 ], [ -51.927854, -26.584385 ], [ -51.947417, -26.569077 ], [ -51.959393, -26.574163 ], [ -51.97114, -26.567505 ], [ -51.980744, -26.569344 ], [ -51.984733, -26.56543 ], [ -52.009685, -26.565995 ], [ -52.010749, -26.566076 ], [ -52.014886, -26.557196 ], [ -52.019582, -26.555167 ], [ -52.020738, -26.548233 ], [ -52.029585, -26.546248 ], [ -52.031147, -26.542781 ], [ -52.046996, -26.534896 ], [ -52.054714, -26.528101 ], [ -52.059781, -26.529995 ], [ -52.064761, -26.522713 ], [ -52.07799, -26.526301 ], [ -52.08116, -26.523034 ], [ -52.087553, -26.508857 ], [ -52.093396, -26.512837 ], [ -52.097575, -26.502284 ], [ -52.096225, -26.487363 ], [ -52.09989, -26.481182 ], [ -52.111777, -26.475588 ], [ -52.118682, -26.477849 ], [ -52.130213, -26.475264 ], [ -52.13355, -26.470017 ], [ -52.143972, -26.473459 ], [ -52.15728, -26.471493 ], [ -52.185166, -26.444935 ], [ -52.190032, -26.445721 ], [ -52.203648, -26.459506 ], [ -52.219919, -26.465477 ], [ -52.231652, -26.464197 ], [ -52.24154, -26.463118 ], [ -52.248458, -26.454625 ], [ -52.25408, -26.455066 ], [ -52.262891, -26.454349 ], [ -52.272292, -26.461464 ], [ -52.281977, -26.463008 ], [ -52.304545, -26.440268 ], [ -52.323011, -26.440218 ], [ -52.328281, -26.442674 ], [ -52.331467, -26.439821 ], [ -52.335994, -26.442452 ], [ -52.341448, -26.433874 ], [ -52.352633, -26.440874 ], [ -52.366853, -26.432233 ], [ -52.375611, -26.440395 ], [ -52.39751, -26.428409 ], [ -52.400605, -26.422703 ], [ -52.402554, -26.42776 ], [ -52.418703, -26.436872 ], [ -52.434957, -26.43982 ], [ -52.442071, -26.437664 ], [ -52.449007, -26.440513 ], [ -52.45864, -26.440653 ], [ -52.465148, -26.436777 ], [ -52.476217, -26.420977 ], [ -52.495242, -26.419681 ], [ -52.523272, -26.399497 ], [ -52.538533, -26.403531 ], [ -52.555628, -26.411525 ], [ -52.55898, -26.407489 ], [ -52.564504, -26.410101 ], [ -52.578509, -26.407779 ], [ -52.593685, -26.415111 ], [ -52.602169, -26.414987 ], [ -52.610829, -26.411476 ], [ -52.61623, -26.407194 ], [ -52.618612, -26.400967 ], [ -52.620623, -26.395035 ], [ -52.633218, -26.390619 ], [ -52.634593, -26.385386 ], [ -52.644427, -26.38042 ], [ -52.657749, -26.37431 ], [ -52.662805, -26.368819 ], [ -52.678096, -26.352207 ], [ -52.685278, -26.355121 ], [ -52.691995, -26.352897 ], [ -52.700085, -26.35756 ], [ -52.702458, -26.356974 ], [ -52.702898, -26.356722 ], [ -52.708349, -26.354566 ], [ -52.718365, -26.356889 ], [ -52.725121, -26.347861 ], [ -52.73727, -26.341699 ], [ -52.741474, -26.345 ], [ -52.751211, -26.344146 ], [ -52.755728, -26.352123 ], [ -52.759231, -26.35264 ], [ -52.76296, -26.353189 ], [ -52.7749, -26.347445 ], [ -52.790504, -26.352029 ], [ -52.796878, -26.347856 ], [ -52.813926, -26.343967 ], [ -52.835128, -26.345238 ], [ -52.836065, -26.345715 ], [ -52.842038, -26.347753 ], [ -52.844762, -26.345093 ], [ -52.847499, -26.343502 ], [ -52.87193, -26.359101 ], [ -52.877489, -26.360037 ], [ -52.907806, -26.358938 ], [ -52.916266, -26.355088 ], [ -52.925302, -26.360216 ], [ -52.937107, -26.361676 ], [ -52.949956, -26.361852 ], [ -52.983848, -26.346809 ], [ -52.987702, -26.346115 ], [ -53.027368, -26.369415 ], [ -53.046316, -26.38024 ], [ -53.057786, -26.38377 ], [ -53.080009, -26.388067 ], [ -53.080034, -26.388073 ], [ -53.081238, -26.388429 ], [ -53.09018, -26.390035 ], [ -53.093859, -26.382648 ], [ -53.10026, -26.383551 ], [ -53.107083, -26.38099 ], [ -53.109014, -26.37629 ], [ -53.123928, -26.373895 ], [ -53.132289, -26.366812 ], [ -53.134888, -26.358652 ], [ -53.140046, -26.356776 ], [ -53.145309, -26.345231 ], [ -53.15304, -26.34363 ], [ -53.158645, -26.349898 ], [ -53.161508, -26.351309 ], [ -53.168775, -26.347651 ], [ -53.183969, -26.343385 ], [ -53.197099, -26.329383 ], [ -53.20122, -26.330923 ], [ -53.231611, -26.31154 ], [ -53.240675, -26.300825 ], [ -53.245511, -26.297225 ], [ -53.251881, -26.298604 ], [ -53.254472, -26.288752 ], [ -53.261702, -26.287836 ], [ -53.259266, -26.27956 ], [ -53.27315, -26.260301 ], [ -53.2798, -26.259408 ], [ -53.278302, -26.247934 ], [ -53.282805, -26.245488 ], [ -53.304803, -26.259337 ], [ -53.308009, -26.260676 ], [ -53.313551, -26.256648 ], [ -53.319329, -26.253793 ], [ -53.335235, -26.254501 ], [ -53.335837, -26.24902 ], [ -53.345245, -26.246423 ], [ -53.350398, -26.254547 ], [ -53.356083, -26.248713 ], [ -53.363549, -26.251413 ], [ -53.375093, -26.241566 ], [ -53.379971, -26.248725 ], [ -53.384809, -26.245748 ], [ -53.422258, -26.275602 ], [ -53.431292, -26.278849 ], [ -53.440553, -26.28052 ], [ -53.444868, -26.284663 ], [ -53.460705, -26.294732 ], [ -53.46393, -26.293554 ], [ -53.474497, -26.288862 ], [ -53.477383, -26.292484 ], [ -53.481283, -26.296203 ], [ -53.496709, -26.302365 ], [ -53.522218, -26.292087 ], [ -53.543365, -26.291252 ], [ -53.549888, -26.293087 ], [ -53.55437, -26.287213 ], [ -53.569998, -26.275441 ], [ -53.579866, -26.273816 ], [ -53.586476, -26.255554 ], [ -53.603936, -26.259018 ], [ -53.620171, -26.256701 ], [ -53.625189, -26.259888 ], [ -53.643234, -26.252647 ], [ -53.645217, -26.24748 ], [ -53.637346, -26.249129 ], [ -53.643826, -26.240875 ], [ -53.65281, -26.233586 ], [ -53.640818, -26.214684 ], [ -53.651201, -26.206445 ], [ -53.650574, -26.194188 ], [ -53.657788, -26.192137 ], [ -53.671774, -26.175737 ], [ -53.678854, -26.164252 ], [ -53.696881, -26.154083 ], [ -53.706506, -26.13907 ], [ -53.7159, -26.126216 ], [ -53.723064, -26.12908 ], [ -53.740948, -26.117831 ], [ -53.742171, -26.108466 ], [ -53.737243, -26.099534 ], [ -53.738735, -26.086974 ], [ -53.73376, -26.070835 ], [ -53.725807, -26.065783 ], [ -53.728896, -26.055573 ], [ -53.734206, -26.042606 ], [ -53.742841, -26.039628 ], [ -53.745758, -26.04475 ], [ -53.751677, -26.037692 ], [ -53.754258, -26.041659 ], [ -53.75712, -26.039497 ], [ -53.754894, -26.033171 ], [ -53.757729, -26.031023 ], [ -53.763053, -26.035673 ], [ -53.770617, -26.03035 ], [ -53.771339, -26.024403 ], [ -53.779556, -26.021119 ], [ -53.77589, -26.015861 ], [ -53.781889, -26.013225 ], [ -53.77933, -26.008311 ], [ -53.791952, -26.005703 ], [ -53.791943, -25.998887 ], [ -53.798141, -26.001162 ], [ -53.804254, -25.995294 ], [ -53.800168, -25.989639 ], [ -53.801506, -25.984864 ], [ -53.805221, -25.984436 ], [ -53.808419, -25.989478 ], [ -53.816868, -25.989281 ], [ -53.818089, -25.981304 ], [ -53.812477, -25.980574 ], [ -53.819087, -25.975474 ], [ -53.835499, -25.971465 ], [ -53.83436, -25.964533 ], [ -53.827284, -25.962528 ], [ -53.838418, -25.954635 ], [ -53.839118, -25.948456 ], [ -53.84242, -25.933074 ], [ -53.839954, -25.931887 ], [ -53.831784, -25.929731 ], [ -53.833255, -25.919622 ], [ -53.825536, -25.928343 ], [ -53.819948, -25.927695 ], [ -53.822729, -25.917428 ], [ -53.818138, -25.911898 ], [ -53.826539, -25.910456 ], [ -53.834097, -25.914936 ], [ -53.832821, -25.907301 ], [ -53.82267, -25.904463 ], [ -53.819363, -25.899019 ], [ -53.823499, -25.895477 ], [ -53.834871, -25.895435 ], [ -53.834294, -25.892075 ], [ -53.837117, -25.887546 ], [ -53.846718, -25.88837 ], [ -53.849686, -25.883659 ], [ -53.839029, -25.882407 ], [ -53.839065, -25.877709 ], [ -53.830486, -25.878168 ], [ -53.823339, -25.872013 ], [ -53.836173, -25.868864 ], [ -53.832016, -25.859055 ], [ -53.841415, -25.860535 ], [ -53.844713, -25.857485 ], [ -53.836606, -25.854823 ], [ -53.834095, -25.850476 ], [ -53.841919, -25.839195 ], [ -53.848848, -25.842466 ], [ -53.848903, -25.835529 ], [ -53.84391, -25.82795 ], [ -53.835467, -25.82472 ], [ -53.838214, -25.816085 ], [ -53.827326, -25.813316 ], [ -53.819884, -25.816721 ], [ -53.819188, -25.812463 ], [ -53.828286, -25.808779 ], [ -53.821822, -25.80001 ], [ -53.822757, -25.792318 ], [ -53.843067, -25.790414 ], [ -53.833439, -25.786443 ], [ -53.83062, -25.781604 ], [ -53.842514, -25.770289 ], [ -53.856, -25.765974 ], [ -53.848614, -25.757994 ], [ -53.839312, -25.759945 ], [ -53.841445, -25.751633 ], [ -53.833332, -25.75138 ], [ -53.839985, -25.747124 ], [ -53.848087, -25.740762 ], [ -53.864588, -25.744136 ], [ -53.857645, -25.724486 ], [ -53.860138, -25.717638 ], [ -53.869199, -25.719352 ], [ -53.866894, -25.713977 ], [ -53.87828, -25.707706 ], [ -53.863914, -25.704525 ], [ -53.871977, -25.693635 ], [ -53.859924, -25.699747 ], [ -53.85625, -25.706885 ], [ -53.850304, -25.705713 ], [ -53.853839, -25.691055 ], [ -53.849268, -25.690338 ], [ -53.841559, -25.687461 ], [ -53.858223, -25.679803 ], [ -53.854229, -25.673589 ], [ -53.861033, -25.661838 ], [ -53.861119, -25.658873 ], [ -53.874977, -25.654099 ], [ -53.889034, -25.660864 ], [ -53.882144, -25.64796 ], [ -53.875754, -25.645831 ], [ -53.877941, -25.640592 ], [ -53.885952, -25.644279 ], [ -53.894556, -25.642362 ], [ -53.8877, -25.625485 ], [ -53.892085, -25.622058 ], [ -53.912108, -25.635666 ], [ -53.913477, -25.628563 ], [ -53.918145, -25.632293 ], [ -53.920417, -25.629353 ], [ -53.914089, -25.621847 ], [ -53.915537, -25.616061 ], [ -53.933036, -25.621938 ], [ -53.941034, -25.619226 ], [ -53.94205, -25.61155 ], [ -53.947447, -25.611392 ], [ -53.947724, -25.619112 ], [ -53.952312, -25.622913 ], [ -53.944363, -25.631017 ], [ -53.950918, -25.646808 ], [ -53.95509, -25.64652 ], [ -53.962144, -25.64143 ], [ -53.959729, -25.629757 ], [ -53.964224, -25.613267 ], [ -53.974009, -25.614883 ], [ -53.976666, -25.6114 ], [ -53.977029, -25.605361 ], [ -53.97031, -25.603022 ], [ -53.970229, -25.599754 ], [ -53.990413, -25.585636 ], [ -54.000098, -25.58042 ], [ -54.009734, -25.567096 ] ], [ [ -53.19463, -25.691711 ], [ -53.19463, -25.691712 ], [ -53.192636, -25.693212 ], [ -53.19463, -25.691711 ] ], [ [ -53.106585, -24.664086 ], [ -53.10965, -24.659255 ], [ -53.109651, -24.659255 ], [ -53.106585, -24.664086 ] ], [ [ -52.55275, -25.745774 ], [ -52.552749, -25.745774 ], [ -52.544826, -25.7375 ], [ -52.55275, -25.745774 ] ], [ [ -52.860926, -25.27075 ], [ -52.860927, -25.27075 ], [ -52.863018, -25.276438 ], [ -52.860926, -25.27075 ] ] ] } }
]
}
