{
"type": "FeatureCollection",
"name": "geojs-50-macro_regions",
"crs": { "type": "name", "properties": { "name": "urn:ogc:def:crs:OGC:1.3:CRS84" } },
"features": [
{ "type": "Feature", "properties": { "MACRO_ID": "5009", "MACRO_NAME": "Pantanal", "id": "500320", "name": "Corumbá", "description": "Corumbá", "MUN_ID": "500320", "UF": "MS", "HREG_ID": "50010", "HREG_NAME": "Pantanal" }, "geometry": { "type": "Polygon", "coordinates": [ [ [ -56.986453, -19.658681 ], [ -56.993958, -19.655525 ], [ -56.991982, -19.662146 ], [ -56.99865, -19.664814 ], [ -56.993982, -19.684564 ], [ -56.991341, -19.686152 ], [ -56.981231, -19.678531 ], [ -56.972014, -19.682485 ], [ -56.967399, -19.678887 ], [ -56.959015, -19.679404 ], [ -56.956233, -19.681626 ], [ -56.963987, -19.684655 ], [ -56.959482, -19.69287 ], [ -56.952868, -19.687934 ], [ -56.950544, -19.692375 ], [ -56.941104, -19.687363 ], [ -56.937905, -19.694892 ], [ -56.934204, -19.690767 ], [ -56.936179, -19.68456 ], [ -56.911841, -19.691095 ], [ -56.907734, -19.682236 ], [ -56.902981, -19.681608 ], [ -56.904153, -19.686373 ], [ -56.898403, -19.681112 ], [ -56.887256, -19.691373 ], [ -56.887257, -19.698891 ], [ -56.872814, -19.698365 ], [ -56.873346, -19.701993 ], [ -56.879653, -19.703119 ], [ -56.874734, -19.719291 ], [ -56.870733, -19.719111 ], [ -56.870821, -19.707484 ], [ -56.866401, -19.714739 ], [ -56.854339, -19.715067 ], [ -56.853876, -19.720761 ], [ -56.846618, -19.727384 ], [ -56.855228, -19.73082 ], [ -56.856542, -19.735482 ], [ -56.849537, -19.731009 ], [ -56.842924, -19.743335 ], [ -56.843791, -19.751958 ], [ -56.840733, -19.74631 ], [ -56.827812, -19.755343 ], [ -56.824872, -19.774929 ], [ -56.809673, -19.781061 ], [ -56.81029, -19.787315 ], [ -56.803403, -19.786052 ], [ -56.800651, -19.791282 ], [ -56.794732, -19.78578 ], [ -56.786092, -19.796574 ], [ -56.780647, -19.796803 ], [ -56.777259, -19.794681 ], [ -56.776398, -19.786815 ], [ -56.770981, -19.787703 ], [ -56.766204, -19.780808 ], [ -56.758176, -19.779587 ], [ -56.752765, -19.773561 ], [ -56.738732, -19.775564 ], [ -56.739171, -19.783408 ], [ -56.731986, -19.792815 ], [ -56.726738, -19.791296 ], [ -56.723044, -19.780641 ], [ -56.713315, -19.784361 ], [ -56.714146, -19.777697 ], [ -56.705925, -19.77099 ], [ -56.707396, -19.767444 ], [ -56.69726, -19.765045 ], [ -56.688846, -19.768493 ], [ -56.687011, -19.773486 ], [ -56.675622, -19.772172 ], [ -56.673321, -19.77842 ], [ -56.664709, -19.775885 ], [ -56.652537, -19.783178 ], [ -56.645784, -19.781636 ], [ -56.643486, -19.788115 ], [ -56.647841, -19.791747 ], [ -56.64804, -19.804891 ], [ -56.636454, -19.81203 ], [ -56.634095, -19.825761 ], [ -56.627985, -19.833394 ], [ -56.612539, -19.822854 ], [ -56.585069, -19.819612 ], [ -56.573399, -19.812812 ], [ -56.556454, -19.81692 ], [ -56.546263, -19.814105 ], [ -56.532648, -19.818721 ], [ -56.515202, -19.812441 ], [ -56.496509, -19.815366 ], [ -56.472433, -19.828601 ], [ -56.452509, -19.85295 ], [ -56.431287, -19.868128 ], [ -56.420569, -19.872353 ], [ -56.409451, -19.872178 ], [ -56.395825, -19.88172 ], [ -56.392105, -19.890639 ], [ -56.384119, -19.899737 ], [ -56.365729, -19.905753 ], [ -56.348092, -19.926108 ], [ -56.327809, -19.931711 ], [ -56.321594, -19.926844 ], [ -56.317675, -19.938394 ], [ -56.304535, -19.95582 ], [ -56.294259, -19.963428 ], [ -56.290061, -19.975706 ], [ -56.280902, -19.984681 ], [ -56.260481, -19.988031 ], [ -56.25279, -20.004929 ], [ -56.247428, -20.039095 ], [ -56.251931, -20.051958 ], [ -56.247591, -20.061767 ], [ -56.250862, -20.068927 ], [ -56.24348, -20.086896 ], [ -56.248871, -20.106185 ], [ -56.245092, -20.121328 ], [ -56.240286, -20.125145 ], [ -56.239122, -20.136021 ], [ -56.218125, -20.163631 ], [ -56.215507, -20.172024 ], [ -56.218203, -20.177317 ], [ -56.226011, -20.180008 ], [ -56.237336, -20.193815 ], [ -56.237957, -20.197811 ], [ -56.23684, -20.203344 ], [ -56.229703, -20.209502 ], [ -56.230088, -20.229818 ], [ -56.222428, -20.245724 ], [ -56.22851, -20.253553 ], [ -56.237453, -20.261594 ], [ -56.22904, -20.268951 ], [ -56.225895, -20.289556 ], [ -56.197817, -20.307444 ], [ -56.1909, -20.320703 ], [ -56.190142, -20.330194 ], [ -56.180373, -20.327414 ], [ -56.162423, -20.329218 ], [ -56.158568, -20.339161 ], [ -56.147486, -20.348769 ], [ -56.149097, -20.350485 ], [ -56.150872, -20.35316 ], [ -56.146593, -20.359712 ], [ -56.136925, -20.35389 ], [ -56.130843, -20.354551 ], [ -56.127726, -20.358499 ], [ -56.137119, -20.372965 ], [ -56.13804, -20.381431 ], [ -56.126452, -20.404577 ], [ -56.123002, -20.424256 ], [ -56.127904, -20.431392 ], [ -56.173815, -20.429326 ], [ -56.181008, -20.433606 ], [ -56.17946, -20.443511 ], [ -56.151542, -20.451099 ], [ -56.144614, -20.491341 ], [ -56.136537, -20.498493 ], [ -56.133758, -20.507401 ], [ -56.132397, -20.514533 ], [ -56.138147, -20.538487 ], [ -56.137037, -20.573097 ], [ -56.128093, -20.608064 ], [ -56.139815, -20.618943 ], [ -56.150429, -20.617799 ], [ -56.154014, -20.614063 ], [ -56.161062, -20.619329 ], [ -56.167513, -20.614744 ], [ -56.17168, -20.615639 ], [ -56.175126, -20.628622 ], [ -56.179036, -20.626913 ], [ -56.184285, -20.630953 ], [ -56.188738, -20.623495 ], [ -56.196395, -20.62226 ], [ -56.19795, -20.616968 ], [ -56.202012, -20.617919 ], [ -56.196452, -20.609666 ], [ -56.199592, -20.604371 ], [ -56.213619, -20.604491 ], [ -56.218283, -20.609928 ], [ -56.210791, -20.613274 ], [ -56.215949, -20.619304 ], [ -56.211422, -20.629698 ], [ -56.216342, -20.629517 ], [ -56.210929, -20.635399 ], [ -56.209957, -20.64582 ], [ -56.22007, -20.641535 ], [ -56.229757, -20.656617 ], [ -56.244236, -20.647104 ], [ -56.245209, -20.643524 ], [ -56.241235, -20.639489 ], [ -56.247897, -20.641062 ], [ -56.247675, -20.634375 ], [ -56.253146, -20.641525 ], [ -56.261422, -20.635985 ], [ -56.266174, -20.63695 ], [ -56.265146, -20.64322 ], [ -56.273908, -20.642984 ], [ -56.274311, -20.634947 ], [ -56.281287, -20.633572 ], [ -56.280703, -20.62275 ], [ -56.277228, -20.620718 ], [ -56.281609, -20.616262 ], [ -56.288321, -20.61762 ], [ -56.287174, -20.611752 ], [ -56.293701, -20.609829 ], [ -56.292567, -20.599951 ], [ -56.298673, -20.597693 ], [ -56.295902, -20.59339 ], [ -56.307035, -20.589784 ], [ -56.304376, -20.58071 ], [ -56.297152, -20.57556 ], [ -56.30318, -20.573851 ], [ -56.313836, -20.579316 ], [ -56.316037, -20.58746 ], [ -56.317787, -20.582724 ], [ -56.32182, -20.582362 ], [ -56.321543, -20.577295 ], [ -56.324982, -20.577663 ], [ -56.323322, -20.570049 ], [ -56.3299, -20.568633 ], [ -56.331314, -20.554992 ], [ -56.343371, -20.552019 ], [ -56.350624, -20.540167 ], [ -56.352705, -20.544439 ], [ -56.352175, -20.538804 ], [ -56.355987, -20.53785 ], [ -56.349285, -20.535485 ], [ -56.351595, -20.532205 ], [ -56.362649, -20.53023 ], [ -56.363223, -20.525109 ], [ -56.357235, -20.524779 ], [ -56.362975, -20.522708 ], [ -56.367488, -20.514916 ], [ -56.365348, -20.511698 ], [ -56.370088, -20.509467 ], [ -56.373904, -20.498247 ], [ -56.377343, -20.497423 ], [ -56.376814, -20.491763 ], [ -56.372728, -20.493001 ], [ -56.370848, -20.487726 ], [ -56.374614, -20.488341 ], [ -56.376428, -20.483444 ], [ -56.380786, -20.487564 ], [ -56.381706, -20.483859 ], [ -56.387843, -20.484586 ], [ -56.393842, -20.477682 ], [ -56.39404, -20.469491 ], [ -56.391201, -20.46822 ], [ -56.396874, -20.461851 ], [ -56.392926, -20.4613 ], [ -56.39365, -20.45424 ], [ -56.385226, -20.451783 ], [ -56.384568, -20.440093 ], [ -56.393289, -20.435848 ], [ -56.393483, -20.442768 ], [ -56.401759, -20.440001 ], [ -56.39851, -20.432011 ], [ -56.403396, -20.429526 ], [ -56.395262, -20.427678 ], [ -56.399428, -20.424363 ], [ -56.39076, -20.41299 ], [ -56.39201, -20.409487 ], [ -56.396312, -20.41201 ], [ -56.395315, -20.405127 ], [ -56.399508, -20.401179 ], [ -56.394398, -20.399038 ], [ -56.395508, -20.402777 ], [ -56.39118, -20.402296 ], [ -56.393757, -20.386779 ], [ -56.401069, -20.388122 ], [ -56.404703, -20.385257 ], [ -56.408124, -20.383539 ], [ -56.403437, -20.38024 ], [ -56.393146, -20.375152 ], [ -56.399762, -20.369328 ], [ -56.396754, -20.368079 ], [ -56.394792, -20.358185 ], [ -56.390839, -20.357183 ], [ -56.39329, -20.352817 ], [ -56.390591, -20.350416 ], [ -56.397759, -20.347528 ], [ -56.392785, -20.344897 ], [ -56.393976, -20.34015 ], [ -56.38634, -20.335028 ], [ -56.393166, -20.332949 ], [ -56.402754, -20.33608 ], [ -56.415511, -20.334213 ], [ -56.413369, -20.344297 ], [ -56.42034, -20.347859 ], [ -56.42348, -20.320787 ], [ -56.442117, -20.319571 ], [ -56.450517, -20.313857 ], [ -56.457451, -20.314294 ], [ -56.471458, -20.32917 ], [ -56.493757, -20.34133 ], [ -56.510655, -20.34476 ], [ -56.517457, -20.357039 ], [ -56.546928, -20.362324 ], [ -56.556618, -20.360097 ], [ -56.566487, -20.366579 ], [ -56.569786, -20.373824 ], [ -56.57668, -20.370076 ], [ -56.677469, -20.357685 ], [ -56.680544, -20.363054 ], [ -56.677398, -20.365582 ], [ -56.678537, -20.373868 ], [ -56.682512, -20.379846 ], [ -56.680344, -20.384717 ], [ -56.684538, -20.387929 ], [ -56.687179, -20.384423 ], [ -56.694124, -20.401383 ], [ -56.699731, -20.396042 ], [ -56.701539, -20.403579 ], [ -56.710427, -20.402106 ], [ -56.715427, -20.408634 ], [ -56.719481, -20.408679 ], [ -56.722066, -20.402042 ], [ -56.728953, -20.399804 ], [ -56.740179, -20.406577 ], [ -56.741815, -20.403637 ], [ -56.752451, -20.402757 ], [ -56.778597, -20.416463 ], [ -56.800121, -20.393847 ], [ -56.814762, -20.390066 ], [ -56.818577, -20.386127 ], [ -56.823541, -20.363868 ], [ -56.827098, -20.360391 ], [ -56.831209, -20.361495 ], [ -56.83339, -20.356315 ], [ -56.828676, -20.342939 ], [ -56.830574, -20.338717 ], [ -56.833093, -20.312011 ], [ -56.827847, -20.298361 ], [ -56.828645, -20.284379 ], [ -56.824877, -20.272425 ], [ -56.83448, -20.264974 ], [ -56.844017, -20.266352 ], [ -56.848343, -20.26822 ], [ -56.860592, -20.259033 ], [ -56.876986, -20.256301 ], [ -56.88668, -20.238323 ], [ -56.904035, -20.236544 ], [ -56.909156, -20.227804 ], [ -56.925401, -20.214639 ], [ -56.928734, -20.199422 ], [ -56.93496, -20.193073 ], [ -56.945736, -20.187046 ], [ -56.980819, -20.179714 ], [ -56.980099, -20.18664 ], [ -56.974009, -20.189459 ], [ -56.975373, -20.197285 ], [ -56.969735, -20.198148 ], [ -56.965011, -20.209029 ], [ -56.952149, -20.218596 ], [ -56.947487, -20.232697 ], [ -56.954705, -20.241429 ], [ -56.976102, -20.253134 ], [ -57.000126, -20.273912 ], [ -57.010017, -20.274908 ], [ -57.01559, -20.286309 ], [ -57.02851, -20.285543 ], [ -57.045064, -20.290298 ], [ -57.053848, -20.280339 ], [ -57.066354, -20.279145 ], [ -57.080039, -20.282569 ], [ -57.09179, -20.294103 ], [ -57.104096, -20.290491 ], [ -57.139456, -20.295808 ], [ -57.16225, -20.293197 ], [ -57.169375, -20.307143 ], [ -57.189678, -20.300161 ], [ -57.22388, -20.297732 ], [ -57.266202, -20.310355 ], [ -57.308807, -20.314854 ], [ -57.340095, -20.321502 ], [ -57.347181, -20.319617 ], [ -57.349293, -20.322554 ], [ -57.357262, -20.31993 ], [ -57.362818, -20.32855 ], [ -57.37915, -20.334231 ], [ -57.385597, -20.339952 ], [ -57.391676, -20.335368 ], [ -57.39926, -20.34446 ], [ -57.397656, -20.349082 ], [ -57.401871, -20.352186 ], [ -57.405649, -20.350127 ], [ -57.413456, -20.362423 ], [ -57.418766, -20.354661 ], [ -57.425981, -20.362593 ], [ -57.420763, -20.368276 ], [ -57.413902, -20.36605 ], [ -57.413043, -20.373562 ], [ -57.413822, -20.382848 ], [ -57.418908, -20.382777 ], [ -57.416324, -20.402411 ], [ -57.422904, -20.407135 ], [ -57.427792, -20.426245 ], [ -57.424154, -20.429808 ], [ -57.423515, -20.438597 ], [ -57.429653, -20.480144 ], [ -57.444344, -20.488035 ], [ -57.442771, -20.5034 ], [ -57.448982, -20.507626 ], [ -57.45054, -20.514244 ], [ -57.459494, -20.513034 ], [ -57.463712, -20.525103 ], [ -57.4576, -20.525388 ], [ -57.440408, -20.537314 ], [ -57.437987, -20.544703 ], [ -57.440265, -20.554236 ], [ -57.443539, -20.555281 ], [ -57.443157, -20.562164 ], [ -57.451623, -20.560731 ], [ -57.449014, -20.565826 ], [ -57.452972, -20.570178 ], [ -57.44779, -20.572093 ], [ -57.460928, -20.569215 ], [ -57.460238, -20.578187 ], [ -57.469544, -20.57865 ], [ -57.464436, -20.586068 ], [ -57.466681, -20.591155 ], [ -57.482013, -20.589061 ], [ -57.494821, -20.595353 ], [ -57.498073, -20.60031 ], [ -57.514209, -20.603268 ], [ -57.517013, -20.606269 ], [ -57.510234, -20.615642 ], [ -57.521931, -20.609425 ], [ -57.528976, -20.616432 ], [ -57.538625, -20.618544 ], [ -57.560738, -20.605404 ], [ -57.571819, -20.613121 ], [ -57.570492, -20.622438 ], [ -57.573059, -20.62398 ], [ -57.604568, -20.622831 ], [ -57.604046, -20.631231 ], [ -57.610689, -20.635714 ], [ -57.610901, -20.639853 ], [ -57.615905, -20.639987 ], [ -57.616959, -20.645185 ], [ -57.629454, -20.650868 ], [ -57.632523, -20.658824 ], [ -57.639904, -20.661614 ], [ -57.637162, -20.673637 ], [ -57.64818, -20.693792 ], [ -57.641492, -20.69588 ], [ -57.644166, -20.705336 ], [ -57.653067, -20.709787 ], [ -57.656346, -20.718675 ], [ -57.672436, -20.728831 ], [ -57.686522, -20.732002 ], [ -57.709681, -20.725073 ], [ -57.720322, -20.730246 ], [ -57.718096, -20.740935 ], [ -57.733339, -20.750666 ], [ -57.731932, -20.754471 ], [ -57.736105, -20.760927 ], [ -57.730964, -20.764674 ], [ -57.740176, -20.770985 ], [ -57.735016, -20.782594 ], [ -57.742213, -20.787714 ], [ -57.746709, -20.798203 ], [ -57.754329, -20.796642 ], [ -57.771905, -20.802298 ], [ -57.77618, -20.798388 ], [ -57.774934, -20.792293 ], [ -57.781625, -20.790649 ], [ -57.793436, -20.794952 ], [ -57.7894, -20.800351 ], [ -57.796244, -20.799607 ], [ -57.794432, -20.807483 ], [ -57.799015, -20.81052 ], [ -57.817596, -20.809702 ], [ -57.812678, -20.822337 ], [ -57.827791, -20.827943 ], [ -57.827185, -20.835116 ], [ -57.830823, -20.836893 ], [ -57.828374, -20.84142 ], [ -57.820045, -20.84312 ], [ -57.828213, -20.852171 ], [ -57.811988, -20.860856 ], [ -57.814577, -20.865957 ], [ -57.828096, -20.869589 ], [ -57.833322, -20.877398 ], [ -57.832907, -20.884882 ], [ -57.838096, -20.881809 ], [ -57.847186, -20.889136 ], [ -57.839824, -20.893297 ], [ -57.845094, -20.90138 ], [ -57.842959, -20.906606 ], [ -57.835763, -20.907624 ], [ -57.844095, -20.913505 ], [ -57.847732, -20.912343 ], [ -57.847184, -20.916167 ], [ -57.841352, -20.914846 ], [ -57.842236, -20.919363 ], [ -57.833599, -20.921929 ], [ -57.839717, -20.927626 ], [ -57.84438, -20.927639 ], [ -57.833435, -20.935539 ], [ -57.846984, -20.947102 ], [ -57.86132, -20.947717 ], [ -57.872182, -20.938907 ], [ -57.884041, -20.913983 ], [ -57.892855, -20.904568 ], [ -57.902452, -20.901329 ], [ -57.920459, -20.903773 ], [ -57.92801, -20.89775 ], [ -57.921546, -20.887214 ], [ -57.901212, -20.876362 ], [ -57.864519, -20.847869 ], [ -57.859236, -20.826491 ], [ -57.863407, -20.816748 ], [ -57.894041, -20.790574 ], [ -57.907627, -20.789852 ], [ -57.933102, -20.798983 ], [ -57.947465, -20.800014 ], [ -57.957734, -20.797001 ], [ -57.960595, -20.78886 ], [ -57.942273, -20.753301 ], [ -57.932878, -20.745545 ], [ -57.915738, -20.743429 ], [ -57.874963, -20.75004 ], [ -57.863494, -20.745463 ], [ -57.862735, -20.741343 ], [ -57.870765, -20.731909 ], [ -57.877631, -20.713139 ], [ -57.904463, -20.685452 ], [ -57.911601, -20.670639 ], [ -57.920652, -20.663121 ], [ -57.933052, -20.665923 ], [ -57.954127, -20.703167 ], [ -57.984989, -20.701311 ], [ -57.988681, -20.68691 ], [ -57.986903, -20.679775 ], [ -57.976708, -20.663598 ], [ -57.970296, -20.642989 ], [ -57.974377, -20.638658 ], [ -57.990903, -20.633813 ], [ -58.01246, -20.612589 ], [ -58.009378, -20.593149 ], [ -57.997159, -20.572832 ], [ -58.018402, -20.513453 ], [ -58.01432, -20.485651 ], [ -57.994539, -20.454215 ], [ -57.994965, -20.440269 ], [ -58.020572, -20.402097 ], [ -58.062986, -20.392541 ], [ -58.083876, -20.372257 ], [ -58.101713, -20.32422 ], [ -58.094161, -20.30513 ], [ -58.08871, -20.273386 ], [ -58.089604, -20.261105 ], [ -58.094293, -20.255144 ], [ -58.101544, -20.250639 ], [ -58.118156, -20.249564 ], [ -58.127954, -20.25442 ], [ -58.13815, -20.269515 ], [ -58.144267, -20.272345 ], [ -58.161073, -20.262042 ], [ -58.166017, -20.237736 ], [ -58.161459, -20.223679 ], [ -58.148818, -20.211258 ], [ -58.129708, -20.205625 ], [ -58.121909, -20.194744 ], [ -58.125347, -20.187632 ], [ -58.136492, -20.179805 ], [ -58.161184, -20.179909 ], [ -58.165984, -20.177263 ], [ -58.167045, -20.171405 ], [ -58.162656, -20.162233 ], [ -58.152131, -20.152428 ], [ -58.138183, -20.151863 ], [ -58.114825, -20.143304 ], [ -58.104078, -20.124133 ], [ -58.088411, -20.10735 ], [ -58.04854, -20.104706 ], [ -58.04346, -20.098339 ], [ -58.032674, -20.064682 ], [ -58.018376, -20.057266 ], [ -57.999841, -20.055593 ], [ -57.98573, -20.058029 ], [ -57.972073, -20.047669 ], [ -57.958738, -20.02181 ], [ -57.945764, -20.018365 ], [ -57.934684, -20.019854 ], [ -57.927181, -20.022557 ], [ -57.905871, -20.042233 ], [ -57.901822, -20.041672 ], [ -57.886821, -20.015056 ], [ -57.861901, -19.985203 ], [ -57.858992, -19.969916 ], [ -58.131292, -19.758057 ], [ -58.031754, -19.552039 ], [ -57.965226, -19.413282 ], [ -57.885758, -19.247099 ], [ -57.854849, -19.182335 ], [ -57.783738, -19.033073 ], [ -57.719932, -19.032283 ], [ -57.709682, -19.032154 ], [ -57.693854, -19.01052 ], [ -57.698072, -19.00688 ], [ -57.696484, -18.996953 ], [ -57.703901, -18.986098 ], [ -57.710231, -18.979002 ], [ -57.718793, -18.97661 ], [ -57.719316, -18.898627 ], [ -57.766154, -18.898847 ], [ -57.557316, -18.239912 ], [ -57.453402, -18.230758 ], [ -57.456982, -18.224477 ], [ -57.467006, -18.222341 ], [ -57.473762, -18.216534 ], [ -57.473258, -18.212087 ], [ -57.479345, -18.208186 ], [ -57.478178, -18.201253 ], [ -57.482598, -18.19676 ], [ -57.49029, -18.201781 ], [ -57.499846, -18.196447 ], [ -57.504623, -18.199905 ], [ -57.574347, -18.131452 ], [ -57.581318, -18.107844 ], [ -57.599594, -18.045932 ], [ -57.720149, -17.827426 ], [ -57.682649, -17.827703 ], [ -57.682708, -17.807568 ], [ -57.719617, -17.771285 ], [ -57.709124, -17.72945 ], [ -57.719842, -17.719767 ], [ -57.730449, -17.718339 ], [ -57.74018, -17.693241 ], [ -57.748522, -17.692786 ], [ -57.760051, -17.663429 ], [ -57.763071, -17.659369 ], [ -57.775173, -17.656584 ], [ -57.782786, -17.638824 ], [ -57.773814, -17.625747 ], [ -57.771397, -17.612497 ], [ -57.775093, -17.610693 ], [ -57.779434, -17.614599 ], [ -57.783507, -17.606988 ], [ -57.77351, -17.597539 ], [ -57.786764, -17.592396 ], [ -57.781486, -17.591929 ], [ -57.777232, -17.584027 ], [ -57.790289, -17.586232 ], [ -57.780369, -17.575868 ], [ -57.784891, -17.574798 ], [ -57.784732, -17.569535 ], [ -57.793923, -17.563839 ], [ -57.795153, -17.559575 ], [ -57.792349, -17.555309 ], [ -57.785148, -17.555114 ], [ -57.751777, -17.56403 ], [ -57.739534, -17.535872 ], [ -57.72754, -17.529315 ], [ -57.711622, -17.542701 ], [ -57.710431, -17.565644 ], [ -57.701124, -17.577318 ], [ -57.703365, -17.589301 ], [ -57.696703, -17.600801 ], [ -57.701537, -17.60081 ], [ -57.692401, -17.626349 ], [ -57.68624, -17.628887 ], [ -57.689393, -17.639878 ], [ -57.682204, -17.642304 ], [ -57.68221, -17.649926 ], [ -57.676431, -17.651721 ], [ -57.67887, -17.657267 ], [ -57.671263, -17.663679 ], [ -57.671981, -17.670304 ], [ -57.66832, -17.671473 ], [ -57.672294, -17.67684 ], [ -57.670486, -17.680643 ], [ -57.680208, -17.684476 ], [ -57.682626, -17.695823 ], [ -57.679598, -17.703611 ], [ -57.684096, -17.716048 ], [ -57.671874, -17.719287 ], [ -57.671172, -17.727896 ], [ -57.666537, -17.72571 ], [ -57.663037, -17.72942 ], [ -57.645454, -17.723928 ], [ -57.644227, -17.718395 ], [ -57.639787, -17.716925 ], [ -57.622594, -17.735925 ], [ -57.618126, -17.747348 ], [ -57.611482, -17.74986 ], [ -57.619512, -17.754329 ], [ -57.614369, -17.766378 ], [ -57.600433, -17.774856 ], [ -57.602212, -17.778592 ], [ -57.612066, -17.778977 ], [ -57.605367, -17.801905 ], [ -57.601844, -17.804433 ], [ -57.575814, -17.800094 ], [ -57.570932, -17.81496 ], [ -57.558148, -17.815002 ], [ -57.551487, -17.827771 ], [ -57.530511, -17.838679 ], [ -57.53426, -17.853199 ], [ -57.510815, -17.863464 ], [ -57.477069, -17.858618 ], [ -57.477152, -17.878447 ], [ -57.461419, -17.898101 ], [ -57.451952, -17.902208 ], [ -57.445403, -17.891533 ], [ -57.446209, -17.874069 ], [ -57.438118, -17.871063 ], [ -57.421221, -17.853763 ], [ -57.410234, -17.857658 ], [ -57.409236, -17.85348 ], [ -57.400062, -17.847388 ], [ -57.398005, -17.838932 ], [ -57.390847, -17.845084 ], [ -57.38517, -17.843838 ], [ -57.376932, -17.825749 ], [ -57.367565, -17.825764 ], [ -57.362638, -17.833125 ], [ -57.352941, -17.837423 ], [ -57.346174, -17.833711 ], [ -57.341896, -17.83556 ], [ -57.340843, -17.830199 ], [ -57.324711, -17.828716 ], [ -57.324284, -17.824093 ], [ -57.310869, -17.817389 ], [ -57.307569, -17.810372 ], [ -57.299254, -17.816413 ], [ -57.289507, -17.811118 ], [ -57.287679, -17.813721 ], [ -57.292981, -17.819497 ], [ -57.282815, -17.822259 ], [ -57.283258, -17.812477 ], [ -57.264321, -17.819914 ], [ -57.252097, -17.810327 ], [ -57.232118, -17.811949 ], [ -57.233598, -17.807708 ], [ -57.244952, -17.805879 ], [ -57.251509, -17.793021 ], [ -57.242453, -17.797149 ], [ -57.234569, -17.787896 ], [ -57.227563, -17.789867 ], [ -57.226623, -17.782349 ], [ -57.215358, -17.787536 ], [ -57.200122, -17.788388 ], [ -57.174337, -17.775803 ], [ -57.155426, -17.777976 ], [ -57.14623, -17.76707 ], [ -57.115094, -17.780651 ], [ -57.113095, -17.771288 ], [ -57.098067, -17.769982 ], [ -57.091655, -17.751964 ], [ -57.079311, -17.748699 ], [ -57.073399, -17.735028 ], [ -57.063682, -17.734612 ], [ -57.056203, -17.729061 ], [ -57.049645, -17.732222 ], [ -57.044401, -17.729886 ], [ -57.032864, -17.694306 ], [ -57.018757, -17.691731 ], [ -57.019064, -17.684679 ], [ -57.013562, -17.675692 ], [ -57.009091, -17.670029 ], [ -56.999922, -17.670286 ], [ -56.987706, -17.658855 ], [ -56.983337, -17.641458 ], [ -56.964235, -17.621302 ], [ -56.957483, -17.607602 ], [ -56.960034, -17.60472 ], [ -56.972291, -17.613174 ], [ -56.980898, -17.61058 ], [ -56.981874, -17.603426 ], [ -56.97545, -17.595526 ], [ -56.977643, -17.589427 ], [ -56.981843, -17.579798 ], [ -56.97298, -17.579949 ], [ -56.966288, -17.570969 ], [ -56.949867, -17.5682 ], [ -56.944449, -17.552514 ], [ -56.917033, -17.54092 ], [ -56.909064, -17.532111 ], [ -56.89526, -17.538948 ], [ -56.875456, -17.532537 ], [ -56.870032, -17.515763 ], [ -56.866093, -17.515025 ], [ -56.860959, -17.504774 ], [ -56.866144, -17.495031 ], [ -56.861453, -17.483472 ], [ -56.849727, -17.486346 ], [ -56.845534, -17.480144 ], [ -56.84943, -17.470302 ], [ -56.847312, -17.463571 ], [ -56.831654, -17.463234 ], [ -56.824901, -17.458457 ], [ -56.824978, -17.452652 ], [ -56.840399, -17.441574 ], [ -56.83273, -17.434606 ], [ -56.827672, -17.438089 ], [ -56.822209, -17.437128 ], [ -56.819091, -17.429762 ], [ -56.823896, -17.422644 ], [ -56.833785, -17.423017 ], [ -56.841507, -17.417754 ], [ -56.830843, -17.409302 ], [ -56.828201, -17.389525 ], [ -56.8039, -17.386193 ], [ -56.790519, -17.390631 ], [ -56.785477, -17.387092 ], [ -56.788892, -17.376438 ], [ -56.786239, -17.37007 ], [ -56.770966, -17.365434 ], [ -56.762366, -17.360204 ], [ -56.760396, -17.351214 ], [ -56.768982, -17.34342 ], [ -56.768364, -17.340424 ], [ -56.756701, -17.336405 ], [ -56.757284, -17.326258 ], [ -56.742952, -17.326908 ], [ -56.736337, -17.321304 ], [ -56.733344, -17.309425 ], [ -56.720149, -17.307105 ], [ -56.713034, -17.31836 ], [ -56.691423, -17.317675 ], [ -56.6954, -17.326504 ], [ -56.682672, -17.316132 ], [ -56.673426, -17.324813 ], [ -56.673337, -17.332976 ], [ -56.663065, -17.338395 ], [ -56.655123, -17.332955 ], [ -56.662177, -17.326325 ], [ -56.656202, -17.321007 ], [ -56.644953, -17.338913 ], [ -56.641835, -17.33009 ], [ -56.649373, -17.323741 ], [ -56.646928, -17.316552 ], [ -56.640287, -17.326543 ], [ -56.629929, -17.333766 ], [ -56.628059, -17.323327 ], [ -56.624509, -17.32165 ], [ -56.616263, -17.323372 ], [ -56.611343, -17.331473 ], [ -56.605174, -17.328321 ], [ -56.595383, -17.332109 ], [ -56.584399, -17.328812 ], [ -56.576061, -17.33062 ], [ -56.574428, -17.327698 ], [ -56.578844, -17.319868 ], [ -56.570654, -17.314867 ], [ -56.550507, -17.322441 ], [ -56.531865, -17.312529 ], [ -56.528172, -17.320468 ], [ -56.525448, -17.320069 ], [ -56.521618, -17.310149 ], [ -56.513365, -17.312387 ], [ -56.511175, -17.306035 ], [ -56.505536, -17.305609 ], [ -56.51495, -17.29239 ], [ -56.507563, -17.294849 ], [ -56.50126, -17.28589 ], [ -56.497702, -17.298276 ], [ -56.48959, -17.297881 ], [ -56.472617, -17.309576 ], [ -56.470674, -17.302947 ], [ -56.467009, -17.301844 ], [ -56.463454, -17.315232 ], [ -56.451865, -17.30974 ], [ -56.450369, -17.325956 ], [ -56.443616, -17.331177 ], [ -56.432091, -17.318152 ], [ -56.416757, -17.311187 ], [ -56.412198, -17.316504 ], [ -56.407588, -17.315667 ], [ -56.402343, -17.305852 ], [ -56.388422, -17.301511 ], [ -56.382559, -17.287523 ], [ -56.360147, -17.280409 ], [ -56.361978, -17.271268 ], [ -56.356172, -17.266614 ], [ -56.342452, -17.272607 ], [ -56.343006, -17.275508 ], [ -56.349815, -17.274103 ], [ -56.3512, -17.277102 ], [ -56.335366, -17.289513 ], [ -56.334479, -17.28199 ], [ -56.322756, -17.28528 ], [ -56.32273, -17.275752 ], [ -56.313034, -17.268993 ], [ -56.306129, -17.272556 ], [ -56.297343, -17.276152 ], [ -56.294454, -17.270877 ], [ -56.286063, -17.270005 ], [ -56.279614, -17.258727 ], [ -56.286673, -17.248534 ], [ -56.282922, -17.246237 ], [ -56.26762, -17.247692 ], [ -56.272176, -17.242639 ], [ -56.268534, -17.239356 ], [ -56.256041, -17.243356 ], [ -56.261895, -17.230798 ], [ -56.25859, -17.228875 ], [ -56.251784, -17.233728 ], [ -56.254471, -17.222046 ], [ -56.250838, -17.218588 ], [ -56.237423, -17.22176 ], [ -56.233224, -17.226901 ], [ -56.220424, -17.228355 ], [ -56.222446, -17.218857 ], [ -56.208259, -17.226834 ], [ -56.212509, -17.210179 ], [ -56.204953, -17.213666 ], [ -56.197648, -17.205736 ], [ -56.188643, -17.209933 ], [ -56.184926, -17.188797 ], [ -56.176591, -17.195534 ], [ -56.17031, -17.18824 ], [ -56.162842, -17.19426 ], [ -56.152224, -17.18504 ], [ -56.144782, -17.18445 ], [ -56.139364, -17.190756 ], [ -56.135901, -17.188744 ], [ -56.139644, -17.179068 ], [ -56.132755, -17.180107 ], [ -56.124892, -17.173886 ], [ -56.120338, -17.175217 ], [ -56.113449, -17.166195 ], [ -56.101586, -17.173643 ], [ -56.083957, -17.177228 ], [ -56.071095, -17.170185 ], [ -56.067283, -17.174304 ], [ -56.059559, -17.171258 ], [ -56.050479, -17.186512 ], [ -56.046733, -17.184385 ], [ -56.049011, -17.171998 ], [ -56.045226, -17.170518 ], [ -56.031925, -17.184922 ], [ -56.015562, -17.189793 ], [ -56.005005, -17.203761 ], [ -56.018065, -17.209022 ], [ -56.02045, -17.215565 ], [ -56.016871, -17.217884 ], [ -56.012641, -17.213511 ], [ -56.008123, -17.213754 ], [ -56.0122, -17.222212 ], [ -56.011533, -17.236246 ], [ -56.01028, -17.238607 ], [ -56.003255, -17.233294 ], [ -56.003337, -17.244355 ], [ -56.000006, -17.245807 ], [ -55.995227, -17.240338 ], [ -55.990416, -17.239774 ], [ -55.986906, -17.24337 ], [ -55.991751, -17.254137 ], [ -55.986453, -17.258044 ], [ -55.980309, -17.246264 ], [ -55.973422, -17.253169 ], [ -55.967671, -17.254274 ], [ -55.95965, -17.249754 ], [ -55.95142, -17.249762 ], [ -55.955313, -17.256017 ], [ -55.945699, -17.272068 ], [ -55.937704, -17.278082 ], [ -55.930977, -17.273376 ], [ -55.930863, -17.264222 ], [ -55.925836, -17.257423 ], [ -55.91614, -17.264607 ], [ -55.886033, -17.263462 ], [ -55.886033, -17.266284 ], [ -55.899254, -17.269706 ], [ -55.899376, -17.276598 ], [ -55.89037, -17.271896 ], [ -55.891144, -17.280422 ], [ -55.886058, -17.284328 ], [ -55.875001, -17.280168 ], [ -55.879422, -17.272911 ], [ -55.874307, -17.268198 ], [ -55.857725, -17.283093 ], [ -55.850919, -17.278838 ], [ -55.850006, -17.289903 ], [ -55.841416, -17.300795 ], [ -55.837813, -17.300076 ], [ -55.834592, -17.29092 ], [ -55.825817, -17.28839 ], [ -55.831231, -17.301174 ], [ -55.827535, -17.306167 ], [ -55.82045, -17.297262 ], [ -55.806004, -17.297573 ], [ -55.802028, -17.300843 ], [ -55.804507, -17.309003 ], [ -55.783918, -17.329609 ], [ -55.784037, -17.324253 ], [ -55.780147, -17.32099 ], [ -55.772036, -17.331612 ], [ -55.768261, -17.325351 ], [ -55.760703, -17.323095 ], [ -55.750975, -17.329991 ], [ -55.743504, -17.330905 ], [ -55.739758, -17.336709 ], [ -55.729369, -17.339438 ], [ -55.722365, -17.34878 ], [ -55.708594, -17.337178 ], [ -55.700843, -17.353692 ], [ -55.692725, -17.339453 ], [ -55.688759, -17.340002 ], [ -55.68573, -17.350433 ], [ -55.681869, -17.348983 ], [ -55.680146, -17.338547 ], [ -55.674681, -17.339908 ], [ -55.672308, -17.348528 ], [ -55.667602, -17.35025 ], [ -55.656064, -17.337825 ], [ -55.655503, -17.345915 ], [ -55.645698, -17.358968 ], [ -55.640338, -17.355716 ], [ -55.638423, -17.349353 ], [ -55.644728, -17.34119 ], [ -55.642573, -17.338932 ], [ -55.63662, -17.342096 ], [ -55.635392, -17.352611 ], [ -55.625837, -17.363592 ], [ -55.613283, -17.367669 ], [ -55.612919, -17.359414 ], [ -55.60172, -17.367255 ], [ -55.592785, -17.373921 ], [ -55.585106, -17.373179 ], [ -55.588841, -17.377918 ], [ -55.582405, -17.378633 ], [ -55.585419, -17.388163 ], [ -55.583142, -17.394964 ], [ -55.586094, -17.397777 ], [ -55.579368, -17.400405 ], [ -55.586091, -17.402943 ], [ -55.588139, -17.413379 ], [ -55.584948, -17.422085 ], [ -55.58201, -17.41864 ], [ -55.574836, -17.418362 ], [ -55.576923, -17.423712 ], [ -55.57437, -17.434228 ], [ -55.559228, -17.439216 ], [ -55.549116, -17.447643 ], [ -55.555363, -17.447376 ], [ -55.556867, -17.451457 ], [ -55.542236, -17.456077 ], [ -55.543064, -17.460244 ], [ -55.538059, -17.460609 ], [ -55.536529, -17.468046 ], [ -55.532757, -17.466052 ], [ -55.526618, -17.471664 ], [ -55.521695, -17.471665 ], [ -55.523587, -17.480738 ], [ -55.51453, -17.483183 ], [ -55.50403, -17.480543 ], [ -55.503839, -17.486073 ], [ -55.49884, -17.482553 ], [ -55.497116, -17.48608 ], [ -55.492706, -17.482988 ], [ -55.489591, -17.4847 ], [ -55.482541, -17.478247 ], [ -55.47628, -17.483833 ], [ -55.47214, -17.480918 ], [ -55.458195, -17.493549 ], [ -55.458005, -17.499252 ], [ -55.453284, -17.499958 ], [ -55.453397, -17.507244 ], [ -55.443235, -17.511337 ], [ -55.443418, -17.505235 ], [ -55.432223, -17.511301 ], [ -55.422839, -17.509444 ], [ -55.422085, -17.513083 ], [ -55.415862, -17.514479 ], [ -55.404703, -17.511958 ], [ -55.392922, -17.515619 ], [ -55.390231, -17.520876 ], [ -55.386118, -17.518666 ], [ -55.381833, -17.525037 ], [ -55.376612, -17.514604 ], [ -55.371401, -17.522239 ], [ -55.358116, -17.526024 ], [ -55.353258, -17.531178 ], [ -55.350171, -17.548119 ], [ -55.338954, -17.548068 ], [ -55.337366, -17.544801 ], [ -55.323587, -17.55259 ], [ -55.323698, -17.549672 ], [ -55.329148, -17.547999 ], [ -55.322002, -17.541994 ], [ -55.315419, -17.545554 ], [ -55.299174, -17.540754 ], [ -55.292167, -17.54211 ], [ -55.296034, -17.550676 ], [ -55.283334, -17.551718 ], [ -55.289061, -17.559873 ], [ -55.282289, -17.556998 ], [ -55.280282, -17.562515 ], [ -55.273721, -17.564049 ], [ -55.274648, -17.558387 ], [ -55.270758, -17.559629 ], [ -55.2687, -17.556335 ], [ -55.262558, -17.564397 ], [ -55.266588, -17.565592 ], [ -55.263639, -17.577482 ], [ -55.257586, -17.573944 ], [ -55.249809, -17.584437 ], [ -55.251894, -17.591871 ], [ -55.24442, -17.590974 ], [ -55.248779, -17.594895 ], [ -55.242033, -17.601684 ], [ -55.242837, -17.593867 ], [ -55.237727, -17.600421 ], [ -55.236109, -17.595408 ], [ -55.231418, -17.595139 ], [ -55.227642, -17.60099 ], [ -55.226729, -17.598404 ], [ -55.21764, -17.607077 ], [ -55.218638, -17.612799 ], [ -55.22517, -17.608883 ], [ -55.220999, -17.616659 ], [ -55.204309, -17.61332 ], [ -55.202999, -17.617503 ], [ -55.194977, -17.618273 ], [ -55.191754, -17.627806 ], [ -55.183395, -17.619365 ], [ -55.184423, -17.623776 ], [ -55.180212, -17.62276 ], [ -55.17357, -17.630191 ], [ -55.175229, -17.634482 ], [ -55.166311, -17.633768 ], [ -55.171226, -17.637605 ], [ -55.170113, -17.640394 ], [ -55.165973, -17.63685 ], [ -55.162564, -17.64173 ], [ -55.153617, -17.642588 ], [ -55.141503, -17.638847 ], [ -55.143138, -17.644184 ], [ -55.138544, -17.647332 ], [ -55.201966, -17.875517 ], [ -55.305744, -18.247536 ], [ -55.306144, -18.248999 ], [ -55.355819, -18.430163 ], [ -55.366275, -18.46823 ], [ -55.397528, -18.577582 ], [ -55.398086, -18.579502 ], [ -55.400866, -18.587264 ], [ -55.527501, -18.939915 ], [ -55.545144, -18.953532 ], [ -55.557253, -18.970184 ], [ -55.569316, -18.975188 ], [ -55.572369, -18.98104 ], [ -55.579476, -18.982525 ], [ -55.582805, -18.989207 ], [ -55.598393, -18.997372 ], [ -55.617317, -19.019911 ], [ -55.636533, -19.030076 ], [ -55.647371, -19.047502 ], [ -55.66553, -19.056112 ], [ -55.671173, -19.063896 ], [ -55.697007, -19.08147 ], [ -55.703226, -19.090373 ], [ -55.706119, -19.108318 ], [ -55.713342, -19.110266 ], [ -55.729118, -19.13219 ], [ -55.737652, -19.160605 ], [ -55.766, -19.19308 ], [ -55.762948, -19.197525 ], [ -55.76434, -19.207671 ], [ -55.772478, -19.213508 ], [ -55.771129, -19.220179 ], [ -55.77737, -19.222888 ], [ -55.777927, -19.228618 ], [ -55.785005, -19.235757 ], [ -55.783621, -19.240397 ], [ -55.790261, -19.255807 ], [ -55.809325, -19.276567 ], [ -55.823002, -19.28571 ], [ -55.820673, -19.297898 ], [ -55.826421, -19.302111 ], [ -55.818503, -19.321138 ], [ -55.82598, -19.338166 ], [ -55.832592, -19.34201 ], [ -55.84195, -19.357385 ], [ -55.853977, -19.361335 ], [ -55.860149, -19.371007 ], [ -55.871539, -19.373937 ], [ -55.879087, -19.389778 ], [ -55.889367, -19.390221 ], [ -55.898756, -19.418152 ], [ -55.912111, -19.42375 ], [ -55.921203, -19.422739 ], [ -55.925698, -19.435651 ], [ -55.937723, -19.440343 ], [ -55.951037, -19.46414 ], [ -55.956117, -19.466849 ], [ -55.970663, -19.464781 ], [ -55.972033, -19.277796 ], [ -56.386937, -19.279844 ], [ -56.482541, -19.280264 ], [ -56.505004, -19.280219 ], [ -56.504976, -19.286338 ], [ -56.503981, -19.507516 ], [ -56.516902, -19.502679 ], [ -56.515816, -19.497214 ], [ -56.519197, -19.495289 ], [ -56.522788, -19.497071 ], [ -56.520677, -19.500956 ], [ -56.524816, -19.505447 ], [ -56.545782, -19.510815 ], [ -56.559844, -19.510689 ], [ -56.574682, -19.517133 ], [ -56.584095, -19.512593 ], [ -56.603614, -19.51579 ], [ -56.61507, -19.510811 ], [ -56.851262, -19.604918 ], [ -56.856479, -19.607634 ], [ -56.856566, -19.615285 ], [ -56.866426, -19.618489 ], [ -56.877787, -19.617359 ], [ -56.882287, -19.620073 ], [ -56.892316, -19.613489 ], [ -56.894762, -19.61593 ], [ -56.903757, -19.608758 ], [ -56.904316, -19.613341 ], [ -56.908789, -19.610201 ], [ -56.919344, -19.610779 ], [ -56.919478, -19.61454 ], [ -56.923343, -19.614622 ], [ -56.926981, -19.611178 ], [ -56.932259, -19.616335 ], [ -56.942537, -19.614263 ], [ -56.94634, -19.618408 ], [ -56.964401, -19.62264 ], [ -56.965928, -19.61806 ], [ -56.972904, -19.617981 ], [ -56.970672, -19.613524 ], [ -56.980303, -19.609798 ], [ -56.989012, -19.613554 ], [ -56.997655, -19.612706 ], [ -56.998984, -19.618054 ], [ -56.995148, -19.620509 ], [ -56.988597, -19.620564 ], [ -56.993121, -19.631093 ], [ -56.984572, -19.637363 ], [ -56.98318, -19.643666 ], [ -56.988845, -19.649871 ], [ -56.986453, -19.658681 ] ] ] } },
{ "type": "Feature", "properties": { "MACRO_ID": "5010", "MACRO_NAME": "Centro", "id": "500025", "name": "Alcinópolis", "description": "Alcinópolis", "MUN_ID": "500025", "UF": "MS", "HREG_ID": "50015", "HREG_NAME": "Norte" }, "geometry": { "type": "Polygon", "coordinates": [ [ [ -56.110841, -21.925495 ], [ -56.096339, -21.924066 ], [ -56.086153, -21.911835 ], [ -56.071916, -21.907869 ], [ -56.069175, -21.91855 ], [ -56.073593, -21.924018 ], [ -56.078283, -21.923183 ], [ -56.080264, -21.929017 ], [ -56.070371, -21.932995 ], [ -56.058897, -21.928058 ], [ -56.060121, -21.938982 ], [ -56.06922, -21.940921 ], [ -56.073234, -21.945534 ], [ -56.060203, -21.94949 ], [ -56.058345, -21.954199 ], [ -56.06568, -21.950541 ], [ -56.08126, -21.954207 ], [ -56.08068, -21.960161 ], [ -56.074895, -21.962547 ], [ -56.080931, -21.968773 ], [ -56.078924, -21.971941 ], [ -56.07257, -21.971875 ], [ -56.064008, -21.965655 ], [ -56.061819, -21.971532 ], [ -56.065563, -21.978704 ], [ -56.061041, -21.989381 ], [ -56.057876, -21.988111 ], [ -56.058425, -21.979276 ], [ -56.053563, -21.969704 ], [ -56.051093, -21.976451 ], [ -56.04618, -21.971411 ], [ -56.043261, -21.977289 ], [ -56.035702, -21.974756 ], [ -56.044956, -21.992832 ], [ -56.028174, -21.985836 ], [ -56.027429, -21.981961 ], [ -56.019931, -21.978011 ], [ -56.022813, -21.987752 ], [ -56.019375, -21.991729 ], [ -56.026259, -21.993171 ], [ -56.039597, -22.003992 ], [ -56.03798, -22.00616 ], [ -56.027953, -22.003243 ], [ -56.032509, -22.017792 ], [ -56.0414, -22.022565 ], [ -56.050708, -22.018369 ], [ -56.057814, -22.022144 ], [ -56.049818, -22.022515 ], [ -56.044656, -22.025177 ], [ -56.043762, -22.029774 ], [ -56.039177, -22.029535 ], [ -56.037767, -22.025091 ], [ -56.02745, -22.021673 ], [ -56.020211, -22.014551 ], [ -56.01704, -22.000723 ], [ -56.004433, -22.019384 ], [ -55.994342, -22.008457 ], [ -55.990512, -21.997798 ], [ -55.986873, -22.002131 ], [ -55.989482, -22.012091 ], [ -55.982842, -22.01247 ], [ -55.982012, -22.016234 ], [ -55.995652, -22.016973 ], [ -55.996875, -22.026805 ], [ -55.989464, -22.031915 ], [ -56.00179, -22.033932 ], [ -56.005621, -22.030182 ], [ -56.014174, -22.030187 ], [ -56.018536, -22.035063 ], [ -56.023822, -22.034889 ], [ -56.014792, -22.043007 ], [ -56.0074, -22.038188 ], [ -56.006616, -22.047242 ], [ -56.000849, -22.048298 ], [ -55.997766, -22.045428 ], [ -55.996176, -22.054385 ], [ -55.986035, -22.045524 ], [ -55.986985, -22.051842 ], [ -55.984011, -22.054596 ], [ -55.989539, -22.054989 ], [ -55.982205, -22.064747 ], [ -55.992788, -22.067037 ], [ -55.988708, -22.075293 ], [ -55.97257, -22.081266 ], [ -55.980366, -22.084376 ], [ -55.977672, -22.090538 ], [ -55.982094, -22.089988 ], [ -55.9862, -22.081598 ], [ -55.996934, -22.07577 ], [ -55.996652, -22.071711 ], [ -56.004652, -22.0659 ], [ -56.005596, -22.057292 ], [ -56.017431, -22.061716 ], [ -56.00904, -22.076099 ], [ -56.016792, -22.093129 ], [ -56.028734, -22.094651 ], [ -56.041063, -22.088657 ], [ -56.047034, -22.092834 ], [ -56.040374, -22.107497 ], [ -56.024038, -22.124852 ], [ -56.022589, -22.130004 ], [ -56.027929, -22.131036 ], [ -56.044069, -22.115748 ], [ -56.057014, -22.113437 ], [ -56.057819, -22.106718 ], [ -56.068738, -22.107871 ], [ -56.070504, -22.092856 ], [ -56.074232, -22.090994 ], [ -56.07934, -22.088636 ], [ -56.094678, -22.119809 ], [ -56.105453, -22.114527 ], [ -56.112513, -22.127046 ], [ -56.133425, -22.112421 ], [ -56.201625, -22.105766 ], [ -56.203144, -22.172318 ], [ -56.216908, -22.173104 ], [ -56.245375, -22.171108 ], [ -56.256707, -22.16233 ], [ -56.271206, -22.164991 ], [ -56.287237, -22.160905 ], [ -56.293136, -22.163469 ], [ -56.29932, -22.178353 ], [ -56.309738, -22.188072 ], [ -56.317261, -22.188479 ], [ -56.319958, -22.183206 ], [ -56.327653, -22.181191 ], [ -56.330459, -22.174924 ], [ -56.335772, -22.175558 ], [ -56.3434, -22.179277 ], [ -56.347985, -22.178058 ], [ -56.349732, -22.172888 ], [ -56.356958, -22.174118 ], [ -56.363046, -22.169988 ], [ -56.368487, -22.152696 ], [ -56.372373, -22.149662 ], [ -56.372176, -22.143084 ], [ -56.366849, -22.135842 ], [ -56.372349, -22.123948 ], [ -56.379928, -22.118106 ], [ -56.378041, -22.115344 ], [ -56.383507, -22.109588 ], [ -56.381041, -22.103614 ], [ -56.385174, -22.104339 ], [ -56.393759, -22.096224 ], [ -56.393017, -22.092309 ], [ -56.389814, -22.093331 ], [ -56.387708, -22.090157 ], [ -56.392432, -22.074399 ], [ -56.397873, -22.079827 ], [ -56.40457, -22.077041 ], [ -56.416205, -22.079035 ], [ -56.419543, -22.083877 ], [ -56.426009, -22.079485 ], [ -56.431251, -22.085724 ], [ -56.438484, -22.080752 ], [ -56.446234, -22.0846 ], [ -56.449122, -22.076172 ], [ -56.452261, -22.083509 ], [ -56.457013, -22.078572 ], [ -56.461428, -22.07893 ], [ -56.462178, -22.083077 ], [ -56.470842, -22.080331 ], [ -56.476432, -22.08855 ], [ -56.474653, -22.093261 ], [ -56.497549, -22.09378 ], [ -56.506011, -22.096304 ], [ -56.507847, -22.103126 ], [ -56.516513, -22.108118 ], [ -56.520762, -22.120308 ], [ -56.524013, -22.121585 ], [ -56.522291, -22.127244 ], [ -56.525869, -22.129417 ], [ -56.518129, -22.139582 ], [ -56.525257, -22.13986 ], [ -56.528704, -22.148154 ], [ -56.537183, -22.147026 ], [ -56.536681, -22.157723 ], [ -56.533041, -22.155867 ], [ -56.532986, -22.158855 ], [ -56.555736, -22.169078 ], [ -56.551847, -22.184678 ], [ -56.556485, -22.190121 ], [ -56.556045, -22.195867 ], [ -56.561979, -22.197372 ], [ -56.568236, -22.207001 ], [ -56.574373, -22.205903 ], [ -56.574763, -22.201573 ], [ -56.580148, -22.203375 ], [ -56.581763, -22.211029 ], [ -56.589622, -22.213233 ], [ -56.593126, -22.218105 ], [ -56.59779, -22.211813 ], [ -56.597934, -22.218994 ], [ -56.608514, -22.22043 ], [ -56.605181, -22.232171 ], [ -56.626007, -22.245608 ], [ -56.63385, -22.240589 ], [ -56.640434, -22.24403 ], [ -56.635104, -22.262489 ], [ -56.64285, -22.263563 ], [ -56.649677, -22.258715 ], [ -56.650625, -22.253438 ], [ -56.663401, -22.252752 ], [ -56.67726, -22.245323 ], [ -56.682654, -22.229559 ], [ -56.681121, -22.221841 ], [ -56.684372, -22.219866 ], [ -56.687931, -22.222406 ], [ -56.691038, -22.217491 ], [ -56.698069, -22.219963 ], [ -56.702985, -22.217772 ], [ -56.69968, -22.226536 ], [ -56.692945, -22.227326 ], [ -56.697235, -22.234616 ], [ -56.703231, -22.236185 ], [ -56.701874, -22.244339 ], [ -56.710678, -22.247514 ], [ -56.720235, -22.263046 ], [ -56.735018, -22.253855 ], [ -56.730592, -22.246719 ], [ -56.737434, -22.24434 ], [ -56.745265, -22.235012 ], [ -56.751377, -22.245971 ], [ -56.757402, -22.241403 ], [ -56.763708, -22.242849 ], [ -56.760409, -22.250277 ], [ -56.774434, -22.259423 ], [ -56.785844, -22.253922 ], [ -56.782124, -22.247371 ], [ -56.787374, -22.248959 ], [ -56.784121, -22.241851 ], [ -56.787311, -22.240966 ], [ -56.793596, -22.242113 ], [ -56.802377, -22.251733 ], [ -56.801544, -22.26513 ], [ -56.805541, -22.271404 ], [ -56.800825, -22.28273 ], [ -56.818932, -22.288292 ], [ -56.823261, -22.297032 ], [ -56.834428, -22.301391 ], [ -56.841707, -22.302096 ], [ -56.853235, -22.289 ], [ -56.859845, -22.291943 ], [ -56.868788, -22.282085 ], [ -56.87851, -22.277248 ], [ -56.874319, -22.263544 ], [ -56.877872, -22.252763 ], [ -56.884487, -22.246465 ], [ -56.899292, -22.253021 ], [ -56.900075, -22.265117 ], [ -56.905792, -22.267008 ], [ -56.910574, -22.260343 ], [ -56.916821, -22.259277 ], [ -56.915446, -22.255587 ], [ -56.920762, -22.25567 ], [ -56.92499, -22.251316 ], [ -56.93038, -22.255227 ], [ -56.94573, -22.256728 ], [ -56.952354, -22.250969 ], [ -56.957512, -22.239181 ], [ -56.970685, -22.240528 ], [ -56.972291, -22.244325 ], [ -56.983849, -22.243545 ], [ -56.990961, -22.23719 ], [ -56.989129, -22.227659 ], [ -56.99632, -22.222827 ], [ -57.009128, -22.23562 ], [ -57.016766, -22.231616 ], [ -57.020178, -22.23601 ], [ -57.032044, -22.233758 ], [ -57.044544, -22.241997 ], [ -57.049265, -22.23064 ], [ -57.058902, -22.22943 ], [ -57.058151, -22.240498 ], [ -57.061073, -22.243608 ], [ -57.077376, -22.24506 ], [ -57.080244, -22.250221 ], [ -57.084318, -22.24926 ], [ -57.087655, -22.24168 ], [ -57.093707, -22.248639 ], [ -57.101565, -22.247714 ], [ -57.11182, -22.239805 ], [ -57.104761, -22.226362 ], [ -57.118484, -22.230088 ], [ -57.134627, -22.225149 ], [ -57.14696, -22.233175 ], [ -57.156377, -22.2261 ], [ -57.161071, -22.232089 ], [ -57.166763, -22.227154 ], [ -57.169795, -22.232949 ], [ -57.176071, -22.231609 ], [ -57.183042, -22.235325 ], [ -57.183096, -22.229118 ], [ -57.192125, -22.220388 ], [ -57.190124, -22.215638 ], [ -57.200933, -22.210122 ], [ -57.205265, -22.218895 ], [ -57.208603, -22.218567 ], [ -57.207847, -22.212998 ], [ -57.214045, -22.218507 ], [ -57.213047, -22.224126 ], [ -57.207152, -22.22768 ], [ -57.214766, -22.227105 ], [ -57.21671, -22.239201 ], [ -57.240629, -22.249379 ], [ -57.254686, -22.237119 ], [ -57.269263, -22.236476 ], [ -57.270409, -22.2294 ], [ -57.276769, -22.234989 ], [ -57.278289, -22.226147 ], [ -57.286598, -22.220458 ], [ -57.291242, -22.223241 ], [ -57.291709, -22.217902 ], [ -57.303346, -22.223926 ], [ -57.303493, -22.228134 ], [ -57.308158, -22.227257 ], [ -57.316961, -22.235656 ], [ -57.31427, -22.241646 ], [ -57.320266, -22.244564 ], [ -57.33115, -22.233364 ], [ -57.335569, -22.233597 ], [ -57.33551, -22.228637 ], [ -57.340045, -22.234119 ], [ -57.341684, -22.228745 ], [ -57.346434, -22.231443 ], [ -57.356603, -22.225789 ], [ -57.358491, -22.232936 ], [ -57.362097, -22.232376 ], [ -57.363741, -22.226885 ], [ -57.375543, -22.231503 ], [ -57.372264, -22.224219 ], [ -57.38118, -22.225857 ], [ -57.377099, -22.213052 ], [ -57.386624, -22.207758 ], [ -57.385908, -22.204202 ], [ -57.39427, -22.208267 ], [ -57.397322, -22.201654 ], [ -57.416182, -22.196173 ], [ -57.425237, -22.203973 ], [ -57.424207, -22.196681 ], [ -57.433571, -22.199173 ], [ -57.447153, -22.186601 ], [ -57.454205, -22.188653 ], [ -57.451843, -22.194005 ], [ -57.455966, -22.193991 ], [ -57.45863, -22.186701 ], [ -57.464656, -22.191588 ], [ -57.471047, -22.186392 ], [ -57.480299, -22.191056 ], [ -57.487942, -22.189504 ], [ -57.490571, -22.181673 ], [ -57.50571, -22.184748 ], [ -57.515964, -22.172731 ], [ -57.522711, -22.168336 ], [ -57.526852, -22.174941 ], [ -57.546616, -22.181446 ], [ -57.571268, -22.174823 ], [ -57.577799, -22.176133 ], [ -57.587736, -22.163794 ], [ -57.582931, -22.141369 ], [ -57.58607, -22.139354 ], [ -57.593069, -22.143465 ], [ -57.592539, -22.135981 ], [ -57.600879, -22.138793 ], [ -57.596542, -22.132439 ], [ -57.604261, -22.130304 ], [ -57.605799, -22.121739 ], [ -57.611688, -22.123828 ], [ -57.60774, -22.115753 ], [ -57.612406, -22.106241 ], [ -57.609019, -22.095903 ], [ -57.612601, -22.09457 ], [ -57.637627, -22.10582 ], [ -57.662989, -22.105986 ], [ -57.667658, -22.102058 ], [ -57.675824, -22.101449 ], [ -57.688465, -22.088091 ], [ -57.696242, -22.091557 ], [ -57.706186, -22.089754 ], [ -57.703765, -22.098647 ], [ -57.713352, -22.103841 ], [ -57.716209, -22.112586 ], [ -57.729485, -22.099839 ], [ -57.73616, -22.101546 ], [ -57.739586, -22.107446 ], [ -57.74107, -22.114923 ], [ -57.733849, -22.119777 ], [ -57.736687, -22.133274 ], [ -57.745793, -22.138404 ], [ -57.761133, -22.135175 ], [ -57.778708, -22.125635 ], [ -57.787828, -22.130493 ], [ -57.796576, -22.148649 ], [ -57.803189, -22.150442 ], [ -57.809433, -22.140729 ], [ -57.817521, -22.137511 ], [ -57.822466, -22.121319 ], [ -57.827878, -22.119615 ], [ -57.861292, -22.130424 ], [ -57.858905, -22.136441 ], [ -57.868327, -22.129934 ], [ -57.883608, -22.130986 ], [ -57.888265, -22.122645 ], [ -57.903328, -22.125288 ], [ -57.928295, -22.121472 ], [ -57.920765, -22.108335 ], [ -57.932351, -22.104127 ], [ -57.93982, -22.083788 ], [ -57.951879, -22.086932 ], [ -57.960181, -22.079754 ], [ -57.969442, -22.090313 ], [ -57.979303, -22.090776 ], [ -57.981187, -22.086077 ], [ -57.991546, -22.090388 ], [ -57.98474, -22.061767 ], [ -57.991986, -22.054711 ], [ -58.005388, -22.049944 ], [ -58.007581, -22.03795 ], [ -58.001132, -22.02847 ], [ -57.967719, -22.009229 ], [ -57.962935, -21.999905 ], [ -57.963075, -21.978815 ], [ -57.953157, -21.965566 ], [ -57.936018, -21.921797 ], [ -57.937964, -21.910489 ], [ -57.946712, -21.906864 ], [ -57.948126, -21.901277 ], [ -57.93038, -21.886049 ], [ -57.918349, -21.88675 ], [ -57.912324, -21.879156 ], [ -57.916461, -21.873252 ], [ -57.969991, -21.845953 ], [ -57.968322, -21.842269 ], [ -57.950084, -21.836933 ], [ -57.932237, -21.826381 ], [ -57.913375, -21.79147 ], [ -57.908745, -21.768979 ], [ -57.921606, -21.76672 ], [ -57.937515, -21.757913 ], [ -57.945273, -21.749847 ], [ -57.945603, -21.742474 ], [ -57.93754, -21.731204 ], [ -57.896265, -21.70539 ], [ -57.884933, -21.694224 ], [ -57.883438, -21.692717 ], [ -57.882044, -21.688038 ], [ -57.884964, -21.681312 ], [ -57.925241, -21.661808 ], [ -57.933069, -21.65105 ], [ -57.941382, -21.62413 ], [ -57.929653, -21.607401 ], [ -57.912768, -21.596258 ], [ -57.91254, -21.589971 ], [ -57.920793, -21.580888 ], [ -57.958435, -21.563453 ], [ -57.964798, -21.549877 ], [ -57.966353, -21.52509 ], [ -57.957401, -21.506488 ], [ -57.944741, -21.498093 ], [ -57.930937, -21.47989 ], [ -57.924378, -21.464562 ], [ -57.926103, -21.4508 ], [ -57.907408, -21.417045 ], [ -57.903877, -21.399959 ], [ -57.861916, -21.352884 ], [ -57.854049, -21.338333 ], [ -57.85074, -21.32253 ], [ -57.852819, -21.316514 ], [ -57.895796, -21.305741 ], [ -57.910898, -21.294608 ], [ -57.921247, -21.280645 ], [ -57.920015, -21.276787 ], [ -57.857735, -21.233416 ], [ -57.849682, -21.219397 ], [ -57.846219, -21.192265 ], [ -57.861939, -21.139398 ], [ -57.86041, -21.129073 ], [ -57.844683, -21.098032 ], [ -57.864762, -21.066041 ], [ -57.867436, -21.040951 ], [ -57.847853, -21.022197 ], [ -57.826881, -20.99014 ], [ -57.816699, -20.97951 ], [ -57.824238, -20.96332 ], [ -57.81896, -20.942193 ], [ -57.823567, -20.935824 ], [ -57.833435, -20.935539 ], [ -57.84438, -20.927639 ], [ -57.839717, -20.927626 ], [ -57.833599, -20.921929 ], [ -57.842236, -20.919363 ], [ -57.841352, -20.914846 ], [ -57.847184, -20.916167 ], [ -57.847732, -20.912343 ], [ -57.844095, -20.913505 ], [ -57.835763, -20.907624 ], [ -57.842959, -20.906606 ], [ -57.845094, -20.90138 ], [ -57.839824, -20.893297 ], [ -57.847186, -20.889136 ], [ -57.838096, -20.881809 ], [ -57.832907, -20.884882 ], [ -57.833322, -20.877398 ], [ -57.828096, -20.869589 ], [ -57.814577, -20.865957 ], [ -57.811988, -20.860856 ], [ -57.828213, -20.852171 ], [ -57.820045, -20.84312 ], [ -57.828374, -20.84142 ], [ -57.830823, -20.836893 ], [ -57.827185, -20.835116 ], [ -57.827791, -20.827943 ], [ -57.812678, -20.822337 ], [ -57.817596, -20.809702 ], [ -57.799015, -20.81052 ], [ -57.794432, -20.807483 ], [ -57.796244, -20.799607 ], [ -57.7894, -20.800351 ], [ -57.793436, -20.794952 ], [ -57.781625, -20.790649 ], [ -57.774934, -20.792293 ], [ -57.77618, -20.798388 ], [ -57.771905, -20.802298 ], [ -57.754329, -20.796642 ], [ -57.746709, -20.798203 ], [ -57.742213, -20.787714 ], [ -57.735016, -20.782594 ], [ -57.740176, -20.770985 ], [ -57.730964, -20.764674 ], [ -57.736105, -20.760927 ], [ -57.731932, -20.754471 ], [ -57.733339, -20.750666 ], [ -57.718096, -20.740935 ], [ -57.720322, -20.730246 ], [ -57.709681, -20.725073 ], [ -57.686522, -20.732002 ], [ -57.672436, -20.728831 ], [ -57.656346, -20.718675 ], [ -57.653067, -20.709787 ], [ -57.644166, -20.705336 ], [ -57.641492, -20.69588 ], [ -57.64818, -20.693792 ], [ -57.637162, -20.673637 ], [ -57.639904, -20.661614 ], [ -57.632523, -20.658824 ], [ -57.629454, -20.650868 ], [ -57.616959, -20.645185 ], [ -57.615905, -20.639987 ], [ -57.610901, -20.639853 ], [ -57.610689, -20.635714 ], [ -57.604046, -20.631231 ], [ -57.604568, -20.622831 ], [ -57.573059, -20.62398 ], [ -57.570492, -20.622438 ], [ -57.571819, -20.613121 ], [ -57.560738, -20.605404 ], [ -57.538625, -20.618544 ], [ -57.528976, -20.616432 ], [ -57.521931, -20.609425 ], [ -57.510234, -20.615642 ], [ -57.517013, -20.606269 ], [ -57.514209, -20.603268 ], [ -57.498073, -20.60031 ], [ -57.494821, -20.595353 ], [ -57.482013, -20.589061 ], [ -57.466681, -20.591155 ], [ -57.464436, -20.586068 ], [ -57.469544, -20.57865 ], [ -57.460238, -20.578187 ], [ -57.460928, -20.569215 ], [ -57.44779, -20.572093 ], [ -57.452972, -20.570178 ], [ -57.449014, -20.565826 ], [ -57.451623, -20.560731 ], [ -57.443157, -20.562164 ], [ -57.443539, -20.555281 ], [ -57.440265, -20.554236 ], [ -57.437987, -20.544703 ], [ -57.440408, -20.537314 ], [ -57.4576, -20.525388 ], [ -57.463712, -20.525103 ], [ -57.459494, -20.513034 ], [ -57.45054, -20.514244 ], [ -57.448982, -20.507626 ], [ -57.442771, -20.5034 ], [ -57.444344, -20.488035 ], [ -57.429653, -20.480144 ], [ -57.423515, -20.438597 ], [ -57.424154, -20.429808 ], [ -57.427792, -20.426245 ], [ -57.422904, -20.407135 ], [ -57.416324, -20.402411 ], [ -57.418908, -20.382777 ], [ -57.413822, -20.382848 ], [ -57.413043, -20.373562 ], [ -57.413902, -20.36605 ], [ -57.420763, -20.368276 ], [ -57.425981, -20.362593 ], [ -57.418766, -20.354661 ], [ -57.413456, -20.362423 ], [ -57.405649, -20.350127 ], [ -57.401871, -20.352186 ], [ -57.397656, -20.349082 ], [ -57.39926, -20.34446 ], [ -57.391676, -20.335368 ], [ -57.385597, -20.339952 ], [ -57.37915, -20.334231 ], [ -57.362818, -20.32855 ], [ -57.357262, -20.31993 ], [ -57.349293, -20.322554 ], [ -57.347181, -20.319617 ], [ -57.340095, -20.321502 ], [ -57.308807, -20.314854 ], [ -57.266202, -20.310355 ], [ -57.22388, -20.297732 ], [ -57.189678, -20.300161 ], [ -57.169375, -20.307143 ], [ -57.16225, -20.293197 ], [ -57.139456, -20.295808 ], [ -57.104096, -20.290491 ], [ -57.09179, -20.294103 ], [ -57.080039, -20.282569 ], [ -57.066354, -20.279145 ], [ -57.053848, -20.280339 ], [ -57.045064, -20.290298 ], [ -57.02851, -20.285543 ], [ -57.01559, -20.286309 ], [ -57.010017, -20.274908 ], [ -57.000126, -20.273912 ], [ -56.976102, -20.253134 ], [ -56.954705, -20.241429 ], [ -56.947487, -20.232697 ], [ -56.952149, -20.218596 ], [ -56.965011, -20.209029 ], [ -56.969735, -20.198148 ], [ -56.975373, -20.197285 ], [ -56.974009, -20.189459 ], [ -56.980099, -20.18664 ], [ -56.980819, -20.179714 ], [ -56.945736, -20.187046 ], [ -56.93496, -20.193073 ], [ -56.928734, -20.199422 ], [ -56.925401, -20.214639 ], [ -56.909156, -20.227804 ], [ -56.904035, -20.236544 ], [ -56.88668, -20.238323 ], [ -56.876986, -20.256301 ], [ -56.860592, -20.259033 ], [ -56.848343, -20.26822 ], [ -56.844017, -20.266352 ], [ -56.83448, -20.264974 ], [ -56.824877, -20.272425 ], [ -56.828645, -20.284379 ], [ -56.827847, -20.298361 ], [ -56.833093, -20.312011 ], [ -56.830574, -20.338717 ], [ -56.828676, -20.342939 ], [ -56.83339, -20.356315 ], [ -56.831209, -20.361495 ], [ -56.827098, -20.360391 ], [ -56.823541, -20.363868 ], [ -56.818577, -20.386127 ], [ -56.814762, -20.390066 ], [ -56.800121, -20.393847 ], [ -56.778597, -20.416463 ], [ -56.752451, -20.402757 ], [ -56.741815, -20.403637 ], [ -56.740179, -20.406577 ], [ -56.728953, -20.399804 ], [ -56.722066, -20.402042 ], [ -56.719481, -20.408679 ], [ -56.715427, -20.408634 ], [ -56.710427, -20.402106 ], [ -56.701539, -20.403579 ], [ -56.699731, -20.396042 ], [ -56.694124, -20.401383 ], [ -56.687179, -20.384423 ], [ -56.684538, -20.387929 ], [ -56.680344, -20.384717 ], [ -56.682512, -20.379846 ], [ -56.678537, -20.373868 ], [ -56.677398, -20.365582 ], [ -56.680544, -20.363054 ], [ -56.677469, -20.357685 ], [ -56.57668, -20.370076 ], [ -56.569786, -20.373824 ], [ -56.566487, -20.366579 ], [ -56.556618, -20.360097 ], [ -56.546928, -20.362324 ], [ -56.517457, -20.357039 ], [ -56.510655, -20.34476 ], [ -56.493757, -20.34133 ], [ -56.471458, -20.32917 ], [ -56.457451, -20.314294 ], [ -56.450517, -20.313857 ], [ -56.442117, -20.319571 ], [ -56.42348, -20.320787 ], [ -56.42034, -20.347859 ], [ -56.413369, -20.344297 ], [ -56.415511, -20.334213 ], [ -56.402754, -20.33608 ], [ -56.393166, -20.332949 ], [ -56.38634, -20.335028 ], [ -56.393976, -20.34015 ], [ -56.392785, -20.344897 ], [ -56.397759, -20.347528 ], [ -56.390591, -20.350416 ], [ -56.39329, -20.352817 ], [ -56.390839, -20.357183 ], [ -56.394792, -20.358185 ], [ -56.396754, -20.368079 ], [ -56.399762, -20.369328 ], [ -56.393146, -20.375152 ], [ -56.403437, -20.38024 ], [ -56.408124, -20.383539 ], [ -56.404703, -20.385257 ], [ -56.401069, -20.388122 ], [ -56.393757, -20.386779 ], [ -56.39118, -20.402296 ], [ -56.395508, -20.402777 ], [ -56.394398, -20.399038 ], [ -56.399508, -20.401179 ], [ -56.395315, -20.405127 ], [ -56.396312, -20.41201 ], [ -56.39201, -20.409487 ], [ -56.39076, -20.41299 ], [ -56.399428, -20.424363 ], [ -56.395262, -20.427678 ], [ -56.403396, -20.429526 ], [ -56.39851, -20.432011 ], [ -56.401759, -20.440001 ], [ -56.393483, -20.442768 ], [ -56.393289, -20.435848 ], [ -56.384568, -20.440093 ], [ -56.385226, -20.451783 ], [ -56.39365, -20.45424 ], [ -56.392926, -20.4613 ], [ -56.396874, -20.461851 ], [ -56.391201, -20.46822 ], [ -56.39404, -20.469491 ], [ -56.393842, -20.477682 ], [ -56.387843, -20.484586 ], [ -56.381706, -20.483859 ], [ -56.380786, -20.487564 ], [ -56.376428, -20.483444 ], [ -56.374614, -20.488341 ], [ -56.370848, -20.487726 ], [ -56.372728, -20.493001 ], [ -56.376814, -20.491763 ], [ -56.377343, -20.497423 ], [ -56.373904, -20.498247 ], [ -56.370088, -20.509467 ], [ -56.365348, -20.511698 ], [ -56.367488, -20.514916 ], [ -56.362975, -20.522708 ], [ -56.357235, -20.524779 ], [ -56.363223, -20.525109 ], [ -56.362649, -20.53023 ], [ -56.351595, -20.532205 ], [ -56.349285, -20.535485 ], [ -56.355987, -20.53785 ], [ -56.352175, -20.538804 ], [ -56.352705, -20.544439 ], [ -56.350624, -20.540167 ], [ -56.343371, -20.552019 ], [ -56.331314, -20.554992 ], [ -56.3299, -20.568633 ], [ -56.323322, -20.570049 ], [ -56.324982, -20.577663 ], [ -56.321543, -20.577295 ], [ -56.32182, -20.582362 ], [ -56.317787, -20.582724 ], [ -56.316037, -20.58746 ], [ -56.313836, -20.579316 ], [ -56.30318, -20.573851 ], [ -56.297152, -20.57556 ], [ -56.304376, -20.58071 ], [ -56.307035, -20.589784 ], [ -56.295902, -20.59339 ], [ -56.298673, -20.597693 ], [ -56.292567, -20.599951 ], [ -56.293701, -20.609829 ], [ -56.287174, -20.611752 ], [ -56.288321, -20.61762 ], [ -56.281609, -20.616262 ], [ -56.277228, -20.620718 ], [ -56.280703, -20.62275 ], [ -56.281287, -20.633572 ], [ -56.274311, -20.634947 ], [ -56.273908, -20.642984 ], [ -56.265146, -20.64322 ], [ -56.266174, -20.63695 ], [ -56.261422, -20.635985 ], [ -56.253146, -20.641525 ], [ -56.247675, -20.634375 ], [ -56.247897, -20.641062 ], [ -56.241235, -20.639489 ], [ -56.245209, -20.643524 ], [ -56.244236, -20.647104 ], [ -56.229757, -20.656617 ], [ -56.22007, -20.641535 ], [ -56.209957, -20.64582 ], [ -56.210929, -20.635399 ], [ -56.216342, -20.629517 ], [ -56.211422, -20.629698 ], [ -56.215949, -20.619304 ], [ -56.210791, -20.613274 ], [ -56.218283, -20.609928 ], [ -56.213619, -20.604491 ], [ -56.199592, -20.604371 ], [ -56.196452, -20.609666 ], [ -56.202012, -20.617919 ], [ -56.19795, -20.616968 ], [ -56.196395, -20.62226 ], [ -56.188738, -20.623495 ], [ -56.184285, -20.630953 ], [ -56.179036, -20.626913 ], [ -56.175126, -20.628622 ], [ -56.17168, -20.615639 ], [ -56.167513, -20.614744 ], [ -56.161062, -20.619329 ], [ -56.154014, -20.614063 ], [ -56.150429, -20.617799 ], [ -56.139815, -20.618943 ], [ -56.128093, -20.608064 ], [ -56.137037, -20.573097 ], [ -56.138147, -20.538487 ], [ -56.132397, -20.514533 ], [ -56.133758, -20.507401 ], [ -56.136537, -20.498493 ], [ -56.144614, -20.491341 ], [ -56.151542, -20.451099 ], [ -56.17946, -20.443511 ], [ -56.181008, -20.433606 ], [ -56.173815, -20.429326 ], [ -56.127904, -20.431392 ], [ -56.123002, -20.424256 ], [ -56.126452, -20.404577 ], [ -56.13804, -20.381431 ], [ -56.137119, -20.372965 ], [ -56.127726, -20.358499 ], [ -56.130843, -20.354551 ], [ -56.136925, -20.35389 ], [ -56.146593, -20.359712 ], [ -56.150872, -20.35316 ], [ -56.149097, -20.350485 ], [ -56.147486, -20.348769 ], [ -56.158568, -20.339161 ], [ -56.162423, -20.329218 ], [ -56.180373, -20.327414 ], [ -56.190142, -20.330194 ], [ -56.1909, -20.320703 ], [ -56.197817, -20.307444 ], [ -56.225895, -20.289556 ], [ -56.22904, -20.268951 ], [ -56.237453, -20.261594 ], [ -56.22851, -20.253553 ], [ -56.222428, -20.245724 ], [ -56.230088, -20.229818 ], [ -56.229703, -20.209502 ], [ -56.23684, -20.203344 ], [ -56.237957, -20.197811 ], [ -56.237336, -20.193815 ], [ -56.226011, -20.180008 ], [ -56.218203, -20.177317 ], [ -56.215507, -20.172024 ], [ -56.218125, -20.163631 ], [ -56.239122, -20.136021 ], [ -56.240286, -20.125145 ], [ -56.245092, -20.121328 ], [ -56.248871, -20.106185 ], [ -56.24348, -20.086896 ], [ -56.250862, -20.068927 ], [ -56.247591, -20.061767 ], [ -56.251931, -20.051958 ], [ -56.247428, -20.039095 ], [ -56.25279, -20.004929 ], [ -56.260481, -19.988031 ], [ -56.280902, -19.984681 ], [ -56.290061, -19.975706 ], [ -56.294259, -19.963428 ], [ -56.304535, -19.95582 ], [ -56.317675, -19.938394 ], [ -56.321594, -19.926844 ], [ -56.327809, -19.931711 ], [ -56.348092, -19.926108 ], [ -56.365729, -19.905753 ], [ -56.384119, -19.899737 ], [ -56.392105, -19.890639 ], [ -56.395825, -19.88172 ], [ -56.409451, -19.872178 ], [ -56.420569, -19.872353 ], [ -56.431287, -19.868128 ], [ -56.452509, -19.85295 ], [ -56.472433, -19.828601 ], [ -56.496509, -19.815366 ], [ -56.515202, -19.812441 ], [ -56.532648, -19.818721 ], [ -56.546263, -19.814105 ], [ -56.556454, -19.81692 ], [ -56.573399, -19.812812 ], [ -56.585069, -19.819612 ], [ -56.612539, -19.822854 ], [ -56.627985, -19.833394 ], [ -56.634095, -19.825761 ], [ -56.636454, -19.81203 ], [ -56.64804, -19.804891 ], [ -56.647841, -19.791747 ], [ -56.643486, -19.788115 ], [ -56.645784, -19.781636 ], [ -56.652537, -19.783178 ], [ -56.664709, -19.775885 ], [ -56.673321, -19.77842 ], [ -56.675622, -19.772172 ], [ -56.687011, -19.773486 ], [ -56.688846, -19.768493 ], [ -56.69726, -19.765045 ], [ -56.707396, -19.767444 ], [ -56.705925, -19.77099 ], [ -56.714146, -19.777697 ], [ -56.713315, -19.784361 ], [ -56.723044, -19.780641 ], [ -56.726738, -19.791296 ], [ -56.731986, -19.792815 ], [ -56.739171, -19.783408 ], [ -56.738732, -19.775564 ], [ -56.752765, -19.773561 ], [ -56.758176, -19.779587 ], [ -56.766204, -19.780808 ], [ -56.770981, -19.787703 ], [ -56.776398, -19.786815 ], [ -56.777259, -19.794681 ], [ -56.780647, -19.796803 ], [ -56.786092, -19.796574 ], [ -56.794732, -19.78578 ], [ -56.800651, -19.791282 ], [ -56.803403, -19.786052 ], [ -56.81029, -19.787315 ], [ -56.809673, -19.781061 ], [ -56.824872, -19.774929 ], [ -56.827812, -19.755343 ], [ -56.840733, -19.74631 ], [ -56.843791, -19.751958 ], [ -56.842924, -19.743335 ], [ -56.849537, -19.731009 ], [ -56.856542, -19.735482 ], [ -56.855228, -19.73082 ], [ -56.846618, -19.727384 ], [ -56.853876, -19.720761 ], [ -56.854339, -19.715067 ], [ -56.866401, -19.714739 ], [ -56.870821, -19.707484 ], [ -56.870733, -19.719111 ], [ -56.874734, -19.719291 ], [ -56.879653, -19.703119 ], [ -56.873346, -19.701993 ], [ -56.872814, -19.698365 ], [ -56.887257, -19.698891 ], [ -56.887256, -19.691373 ], [ -56.898403, -19.681112 ], [ -56.904153, -19.686373 ], [ -56.902981, -19.681608 ], [ -56.907734, -19.682236 ], [ -56.911841, -19.691095 ], [ -56.936179, -19.68456 ], [ -56.934204, -19.690767 ], [ -56.937905, -19.694892 ], [ -56.941104, -19.687363 ], [ -56.950544, -19.692375 ], [ -56.952868, -19.687934 ], [ -56.959482, -19.69287 ], [ -56.963987, -19.684655 ], [ -56.956233, -19.681626 ], [ -56.959015, -19.679404 ], [ -56.967399, -19.678887 ], [ -56.972014, -19.682485 ], [ -56.981231, -19.678531 ], [ -56.991341, -19.686152 ], [ -56.993982, -19.684564 ], [ -56.99865, -19.664814 ], [ -56.991982, -19.662146 ], [ -56.993958, -19.655525 ], [ -56.986453, -19.658681 ], [ -56.988845, -19.649871 ], [ -56.98318, -19.643666 ], [ -56.984572, -19.637363 ], [ -56.993121, -19.631093 ], [ -56.988597, -19.620564 ], [ -56.995148, -19.620509 ], [ -56.998984, -19.618054 ], [ -56.997655, -19.612706 ], [ -56.989012, -19.613554 ], [ -56.980303, -19.609798 ], [ -56.970672, -19.613524 ], [ -56.972904, -19.617981 ], [ -56.965928, -19.61806 ], [ -56.964401, -19.62264 ], [ -56.94634, -19.618408 ], [ -56.942537, -19.614263 ], [ -56.932259, -19.616335 ], [ -56.926981, -19.611178 ], [ -56.923343, -19.614622 ], [ -56.919478, -19.61454 ], [ -56.919344, -19.610779 ], [ -56.908789, -19.610201 ], [ -56.904316, -19.613341 ], [ -56.903757, -19.608758 ], [ -56.894762, -19.61593 ], [ -56.892316, -19.613489 ], [ -56.882287, -19.620073 ], [ -56.877787, -19.617359 ], [ -56.866426, -19.618489 ], [ -56.856566, -19.615285 ], [ -56.856479, -19.607634 ], [ -56.851262, -19.604918 ], [ -56.61507, -19.510811 ], [ -56.603614, -19.51579 ], [ -56.584095, -19.512593 ], [ -56.574682, -19.517133 ], [ -56.559844, -19.510689 ], [ -56.545782, -19.510815 ], [ -56.524816, -19.505447 ], [ -56.520677, -19.500956 ], [ -56.522788, -19.497071 ], [ -56.519197, -19.495289 ], [ -56.515816, -19.497214 ], [ -56.516902, -19.502679 ], [ -56.503981, -19.507516 ], [ -56.504976, -19.286338 ], [ -56.505004, -19.280219 ], [ -56.482541, -19.280264 ], [ -56.386937, -19.279844 ], [ -55.972033, -19.277796 ], [ -55.970663, -19.464781 ], [ -55.956117, -19.466849 ], [ -55.951037, -19.46414 ], [ -55.937723, -19.440343 ], [ -55.925698, -19.435651 ], [ -55.921203, -19.422739 ], [ -55.912111, -19.42375 ], [ -55.898756, -19.418152 ], [ -55.889367, -19.390221 ], [ -55.879087, -19.389778 ], [ -55.871539, -19.373937 ], [ -55.860149, -19.371007 ], [ -55.853977, -19.361335 ], [ -55.84195, -19.357385 ], [ -55.832592, -19.34201 ], [ -55.82598, -19.338166 ], [ -55.818503, -19.321138 ], [ -55.826421, -19.302111 ], [ -55.820673, -19.297898 ], [ -55.823002, -19.28571 ], [ -55.809325, -19.276567 ], [ -55.790261, -19.255807 ], [ -55.783621, -19.240397 ], [ -55.785005, -19.235757 ], [ -55.777927, -19.228618 ], [ -55.77737, -19.222888 ], [ -55.771129, -19.220179 ], [ -55.772478, -19.213508 ], [ -55.76434, -19.207671 ], [ -55.762948, -19.197525 ], [ -55.766, -19.19308 ], [ -55.737652, -19.160605 ], [ -55.729118, -19.13219 ], [ -55.713342, -19.110266 ], [ -55.706119, -19.108318 ], [ -55.703226, -19.090373 ], [ -55.697007, -19.08147 ], [ -55.671173, -19.063896 ], [ -55.66553, -19.056112 ], [ -55.647371, -19.047502 ], [ -55.636533, -19.030076 ], [ -55.617317, -19.019911 ], [ -55.598393, -18.997372 ], [ -55.582805, -18.989207 ], [ -55.579476, -18.982525 ], [ -55.572369, -18.98104 ], [ -55.569316, -18.975188 ], [ -55.557253, -18.970184 ], [ -55.545144, -18.953532 ], [ -55.527501, -18.939915 ], [ -55.400866, -18.587264 ], [ -55.398086, -18.579502 ], [ -55.397528, -18.577582 ], [ -55.366275, -18.46823 ], [ -55.355819, -18.430163 ], [ -55.306144, -18.248999 ], [ -55.305744, -18.247536 ], [ -55.201966, -17.875517 ], [ -55.138544, -17.647332 ], [ -55.136587, -17.649748 ], [ -55.126756, -17.652282 ], [ -55.117587, -17.648394 ], [ -55.113392, -17.643523 ], [ -55.108258, -17.62822 ], [ -55.100083, -17.630668 ], [ -55.096204, -17.627202 ], [ -55.097004, -17.631337 ], [ -55.092866, -17.635597 ], [ -55.086837, -17.629478 ], [ -55.079452, -17.633051 ], [ -55.076695, -17.630075 ], [ -55.072148, -17.631192 ], [ -55.063315, -17.64202 ], [ -55.062004, -17.638611 ], [ -55.055975, -17.641949 ], [ -55.054701, -17.638199 ], [ -55.046813, -17.639893 ], [ -55.044255, -17.63595 ], [ -55.0425, -17.638869 ], [ -55.032974, -17.637591 ], [ -55.031557, -17.640063 ], [ -55.02651, -17.635882 ], [ -55.022562, -17.637492 ], [ -55.022534, -17.634321 ], [ -55.018453, -17.635878 ], [ -55.015815, -17.62937 ], [ -55.010782, -17.634037 ], [ -55.010254, -17.6289 ], [ -54.991335, -17.637959 ], [ -54.992285, -17.632533 ], [ -54.988667, -17.632571 ], [ -54.984444, -17.623636 ], [ -54.980974, -17.628307 ], [ -54.973776, -17.616607 ], [ -54.965892, -17.620494 ], [ -54.966532, -17.615152 ], [ -54.947838, -17.614906 ], [ -54.942926, -17.608588 ], [ -54.930224, -17.6105 ], [ -54.913809, -17.60801 ], [ -54.90167, -17.611113 ], [ -54.89433, -17.621076 ], [ -54.880138, -17.61643 ], [ -54.860365, -17.623413 ], [ -54.851088, -17.612593 ], [ -54.83861, -17.613501 ], [ -54.824506, -17.609235 ], [ -54.8197, -17.602912 ], [ -54.820813, -17.596945 ], [ -54.812725, -17.593844 ], [ -54.800256, -17.582156 ], [ -54.791088, -17.58185 ], [ -54.778316, -17.570978 ], [ -54.765479, -17.567768 ], [ -54.758283, -17.565256 ], [ -54.759665, -17.559929 ], [ -54.756502, -17.558161 ], [ -54.761673, -17.553975 ], [ -54.75548, -17.544737 ], [ -54.756505, -17.534054 ], [ -54.749868, -17.522997 ], [ -54.739223, -17.520031 ], [ -54.729588, -17.515091 ], [ -54.718307, -17.517924 ], [ -54.71497, -17.512702 ], [ -54.700089, -17.505872 ], [ -54.699226, -17.49694 ], [ -54.69503, -17.50308 ], [ -54.680814, -17.506409 ], [ -54.676257, -17.501086 ], [ -54.668949, -17.503793 ], [ -54.656231, -17.496463 ], [ -54.6545, -17.489719 ], [ -54.635584, -17.495284 ], [ -54.620118, -17.487798 ], [ -54.61684, -17.489983 ], [ -54.606923, -17.48669 ], [ -54.588118, -17.476681 ], [ -54.581167, -17.467566 ], [ -54.571832, -17.475146 ], [ -54.567528, -17.473867 ], [ -54.570502, -17.479912 ], [ -54.568533, -17.482583 ], [ -54.562551, -17.478735 ], [ -54.553693, -17.488228 ], [ -54.535836, -17.477144 ], [ -54.530436, -17.477945 ], [ -54.524702, -17.481602 ], [ -54.503257, -17.479669 ], [ -54.490448, -17.488176 ], [ -54.480814, -17.487224 ], [ -54.482561, -17.493528 ], [ -54.473735, -17.497552 ], [ -54.479058, -17.507397 ], [ -54.472896, -17.50986 ], [ -54.477114, -17.513085 ], [ -54.466419, -17.528633 ], [ -54.433555, -17.534392 ], [ -54.431343, -17.537702 ], [ -54.422718, -17.536012 ], [ -54.413503, -17.54411 ], [ -54.413223, -17.551088 ], [ -54.405447, -17.553164 ], [ -54.403219, -17.564101 ], [ -54.398367, -17.56694 ], [ -54.392645, -17.565606 ], [ -54.391534, -17.570115 ], [ -54.381666, -17.572349 ], [ -54.38584, -17.585542 ], [ -54.379696, -17.593713 ], [ -54.38411, -17.600922 ], [ -54.381001, -17.600604 ], [ -54.382078, -17.60579 ], [ -54.373922, -17.608136 ], [ -54.382167, -17.626896 ], [ -54.387304, -17.631495 ], [ -54.384033, -17.635711 ], [ -54.356389, -17.651314 ], [ -54.355978, -17.648766 ], [ -54.350085, -17.656664 ], [ -54.342948, -17.655132 ], [ -54.33509, -17.661281 ], [ -54.32731, -17.658367 ], [ -54.320393, -17.659091 ], [ -54.319502, -17.661895 ], [ -54.308782, -17.658405 ], [ -54.301926, -17.661218 ], [ -54.291478, -17.652559 ], [ -54.287834, -17.65523 ], [ -54.272083, -17.652848 ], [ -54.273249, -17.651057 ], [ -54.249863, -17.640055 ], [ -54.24325, -17.628462 ], [ -54.232419, -17.626325 ], [ -54.221726, -17.61948 ], [ -54.213502, -17.619732 ], [ -54.204167, -17.61236 ], [ -54.199336, -17.61411 ], [ -54.19292, -17.605685 ], [ -54.178339, -17.602409 ], [ -54.167671, -17.607786 ], [ -54.153723, -17.60543 ], [ -54.146224, -17.614562 ], [ -54.140812, -17.610227 ], [ -54.133694, -17.618284 ], [ -54.122449, -17.61278 ], [ -54.118111, -17.6187 ], [ -54.11625, -17.615513 ], [ -54.113389, -17.61837 ], [ -54.111473, -17.613084 ], [ -54.096362, -17.613145 ], [ -54.084199, -17.618592 ], [ -54.076545, -17.614568 ], [ -54.078946, -17.604299 ], [ -54.072168, -17.596324 ], [ -54.072777, -17.587359 ], [ -54.054806, -17.569899 ], [ -54.05114, -17.562328 ], [ -54.051587, -17.545755 ], [ -54.045416, -17.536785 ], [ -54.048917, -17.529501 ], [ -54.054973, -17.528858 ], [ -54.0527, -17.52276 ], [ -54.057276, -17.520382 ], [ -54.057585, -17.512687 ], [ -54.051472, -17.505257 ], [ -54.046058, -17.506992 ], [ -54.048167, -17.505032 ], [ -54.040754, -17.500081 ], [ -54.037146, -17.486007 ], [ -54.028155, -17.479125 ], [ -53.994502, -17.467954 ], [ -53.983609, -17.473375 ], [ -53.977341, -17.469905 ], [ -53.972558, -17.471802 ], [ -53.97078, -17.465376 ], [ -53.951755, -17.458895 ], [ -53.947445, -17.451637 ], [ -53.930609, -17.439008 ], [ -53.92808, -17.430768 ], [ -53.919057, -17.424764 ], [ -53.914109, -17.413972 ], [ -53.887498, -17.392164 ], [ -53.877948, -17.374756 ], [ -53.867893, -17.367935 ], [ -53.830833, -17.354578 ], [ -53.834473, -17.335318 ], [ -53.830219, -17.316843 ], [ -53.825643, -17.312214 ], [ -53.819583, -17.294174 ], [ -53.806147, -17.287519 ], [ -53.785223, -17.287073 ], [ -53.770639, -17.26321 ], [ -53.763779, -17.257833 ], [ -53.762337, -17.246159 ], [ -53.758589, -17.242701 ], [ -53.746525, -17.242199 ], [ -53.734438, -17.231125 ], [ -53.704656, -17.227712 ], [ -53.694007, -17.233542 ], [ -53.691969, -17.246022 ], [ -53.679586, -17.253128 ], [ -53.681652, -17.291405 ], [ -53.704117, -17.663066 ], [ -53.718028, -17.668205 ], [ -53.733193, -17.662532 ], [ -53.746253, -17.670845 ], [ -53.757308, -17.670931 ], [ -53.756476, -17.673017 ], [ -53.778975, -17.671996 ], [ -53.784998, -17.675926 ], [ -53.793278, -17.674767 ], [ -53.798336, -17.670091 ], [ -53.805837, -17.671928 ], [ -53.812916, -17.681012 ], [ -53.843198, -17.692244 ], [ -53.855418, -17.702274 ], [ -53.860445, -17.720268 ], [ -53.865805, -17.72674 ], [ -53.876529, -17.731438 ], [ -53.879389, -17.740836 ], [ -53.887889, -17.748549 ], [ -53.895978, -17.768865 ], [ -53.895002, -17.776581 ], [ -53.906784, -17.789876 ], [ -53.909861, -17.803442 ], [ -53.940673, -17.83976 ], [ -53.941143, -17.848182 ], [ -53.947751, -17.855638 ], [ -53.946194, -17.860002 ], [ -53.954532, -17.8708 ], [ -53.951832, -17.874722 ], [ -53.955257, -17.882575 ], [ -53.947279, -17.898339 ], [ -53.950637, -17.90275 ], [ -53.94417, -17.906894 ], [ -53.951171, -17.915346 ], [ -53.948422, -17.922979 ], [ -53.945112, -17.916312 ], [ -53.93806, -17.919642 ], [ -53.931918, -17.912729 ], [ -53.921864, -17.919719 ], [ -53.919724, -17.915578 ], [ -53.915032, -17.9178 ], [ -53.910806, -17.913849 ], [ -53.900809, -17.916402 ], [ -53.904643, -17.912644 ], [ -53.898058, -17.908358 ], [ -53.884948, -17.91284 ], [ -53.876445, -17.923084 ], [ -53.87283, -17.92203 ], [ -53.874976, -17.918383 ], [ -53.872194, -17.91642 ], [ -53.869668, -17.926954 ], [ -53.859563, -17.920715 ], [ -53.859976, -17.924156 ], [ -53.849892, -17.928783 ], [ -53.850057, -17.934224 ], [ -53.844168, -17.933107 ], [ -53.842247, -17.939558 ], [ -53.83706, -17.934258 ], [ -53.835117, -17.946491 ], [ -53.830331, -17.942394 ], [ -53.823671, -17.94826 ], [ -53.824978, -17.954595 ], [ -53.820977, -17.961612 ], [ -53.818752, -17.957924 ], [ -53.808168, -17.960561 ], [ -53.812668, -17.963512 ], [ -53.808117, -17.971802 ], [ -53.805026, -17.967118 ], [ -53.803867, -17.97375 ], [ -53.797693, -17.973715 ], [ -53.796997, -17.978341 ], [ -53.792697, -17.974216 ], [ -53.793501, -17.98028 ], [ -53.788781, -17.980329 ], [ -53.785971, -17.993679 ], [ -53.773725, -18.000325 ], [ -53.739947, -17.996199 ], [ -53.73333, -17.99489 ], [ -53.726311, -18.003028 ], [ -53.718804, -17.997625 ], [ -53.715081, -17.999362 ], [ -53.715223, -18.00584 ], [ -53.700086, -18.005375 ], [ -53.691696, -18.013231 ], [ -53.689865, -18.002036 ], [ -53.678558, -17.994869 ], [ -53.677256, -17.989348 ], [ -53.674447, -17.991104 ], [ -53.661975, -17.985577 ], [ -53.660754, -17.977067 ], [ -53.634113, -17.976403 ], [ -53.627999, -17.979988 ], [ -53.623528, -17.977213 ], [ -53.615754, -17.978282 ], [ -53.61564, -17.975743 ], [ -53.612056, -17.977587 ], [ -53.606504, -17.995044 ], [ -53.588665, -18.004565 ], [ -53.589054, -18.012166 ], [ -53.583555, -18.009371 ], [ -53.574529, -18.012205 ], [ -53.564502, -18.004113 ], [ -53.556747, -18.005209 ], [ -53.555501, -18.01505 ], [ -53.547055, -18.014112 ], [ -53.528556, -18.021134 ], [ -53.517387, -18.020202 ], [ -53.513055, -18.026499 ], [ -53.501387, -18.027699 ], [ -53.498637, -18.035461 ], [ -53.485581, -18.039954 ], [ -53.476054, -18.035808 ], [ -53.472089, -18.038703 ], [ -53.46736, -18.034447 ], [ -53.46589, -18.023904 ], [ -53.463141, -18.024859 ], [ -53.457801, -18.016486 ], [ -53.456805, -17.999253 ], [ -53.448697, -17.998363 ], [ -53.44983, -17.992132 ], [ -53.445477, -17.992961 ], [ -53.445441, -17.988731 ], [ -53.440117, -17.988896 ], [ -53.438528, -17.983481 ], [ -53.435999, -17.9863 ], [ -53.429919, -17.983545 ], [ -53.42972, -17.987369 ], [ -53.425085, -17.988843 ], [ -53.420838, -17.985343 ], [ -53.41739, -17.99435 ], [ -53.412143, -17.988045 ], [ -53.410778, -17.992776 ], [ -53.405219, -17.991603 ], [ -53.380282, -18.008311 ], [ -53.359751, -18.005581 ], [ -53.342106, -18.007845 ], [ -53.335186, -18.006461 ], [ -53.331858, -18.001111 ], [ -53.298686, -17.995036 ], [ -53.237276, -18.006997 ], [ -53.236358, -18.050775 ], [ -53.225306, -18.067223 ], [ -53.226725, -18.077147 ], [ -53.220277, -18.121182 ], [ -53.222086, -18.130783 ], [ -53.23361, -18.137906 ], [ -53.248477, -18.159891 ], [ -53.264697, -18.163822 ], [ -53.277718, -18.180196 ], [ -53.286522, -18.183544 ], [ -53.294031, -18.197016 ], [ -53.313336, -18.208515 ], [ -53.329247, -18.208139 ], [ -53.356283, -18.193945 ], [ -53.362864, -18.200427 ], [ -53.372473, -18.199277 ], [ -53.378947, -18.202849 ], [ -53.355169, -18.221093 ], [ -53.346471, -18.223792 ], [ -53.339498, -18.232947 ], [ -53.33172, -18.234492 ], [ -53.329697, -18.238948 ], [ -53.34714, -18.256771 ], [ -53.352004, -18.253716 ], [ -53.362832, -18.256236 ], [ -53.391775, -18.240212 ], [ -53.399834, -18.239704 ], [ -53.434375, -18.25195 ], [ -53.443495, -18.258043 ], [ -53.446392, -18.266227 ], [ -53.454866, -18.269179 ], [ -53.46122, -18.278502 ], [ -53.449724, -18.289113 ], [ -53.445611, -18.309511 ], [ -53.430804, -18.328124 ], [ -53.430419, -18.335983 ], [ -53.448947, -18.352282 ], [ -53.435581, -18.383206 ], [ -53.452385, -18.39061 ], [ -53.46145, -18.402722 ], [ -53.481639, -18.408768 ], [ -53.485996, -18.413189 ], [ -53.490442, -18.404872 ], [ -53.497333, -18.401151 ], [ -53.5061, -18.407865 ], [ -53.520528, -18.407579 ], [ -53.525748, -18.416927 ], [ -53.545967, -18.418954 ], [ -53.559417, -18.434644 ], [ -53.580409, -18.436989 ], [ -53.561428, -18.450632 ], [ -53.558543, -18.456295 ], [ -53.560813, -18.468451 ], [ -53.554768, -18.472631 ], [ -53.51735, -18.514028 ], [ -53.506946, -18.516122 ], [ -53.49916, -18.521709 ], [ -53.48211, -18.5633 ], [ -53.471812, -18.576706 ], [ -53.473946, -18.584718 ], [ -53.469892, -18.596866 ], [ -53.462668, -18.601182 ], [ -53.468804, -18.61809 ], [ -53.456506, -18.628983 ], [ -53.435058, -18.629761 ], [ -53.432991, -18.654012 ], [ -53.409482, -18.655219 ], [ -53.396927, -18.666995 ], [ -53.373289, -18.679534 ], [ -53.373115, -18.691463 ], [ -53.368592, -18.69548 ], [ -53.374513, -18.696578 ], [ -53.375329, -18.704313 ], [ -53.372651, -18.706343 ], [ -53.381512, -18.722332 ], [ -53.376736, -18.741087 ], [ -53.365383, -18.747803 ], [ -53.362055, -18.758526 ], [ -53.347233, -18.774486 ], [ -53.488652, -18.838141 ], [ -53.489554, -18.849236 ], [ -53.48447, -18.860263 ], [ -53.457583, -18.87335 ], [ -53.454584, -18.896967 ], [ -53.437944, -18.894395 ], [ -53.433369, -18.897066 ], [ -53.41597, -18.913933 ], [ -53.403166, -18.937724 ], [ -53.383373, -18.942678 ], [ -53.386863, -18.990195 ], [ -53.401918, -19.005287 ], [ -53.398419, -19.019911 ], [ -53.402198, -19.030619 ], [ -53.35494, -19.035375 ], [ -53.340531, -19.025631 ], [ -53.323919, -19.020502 ], [ -53.319586, -19.022917 ], [ -53.313898, -19.045772 ], [ -53.344944, -19.053064 ], [ -53.356527, -19.062772 ], [ -53.397056, -19.081627 ], [ -53.404587, -19.101128 ], [ -53.412361, -19.10394 ], [ -53.422451, -19.114107 ], [ -53.424172, -19.137873 ], [ -53.429801, -19.150617 ], [ -53.428977, -19.161021 ], [ -53.440894, -19.176361 ], [ -53.466745, -19.184632 ], [ -53.486026, -19.185167 ], [ -53.518614, -19.180268 ], [ -53.535837, -19.185045 ], [ -53.573219, -19.185975 ], [ -53.586886, -19.181248 ], [ -53.598694, -19.181463 ], [ -53.59931, -19.1787 ], [ -53.607865, -19.182829 ], [ -53.610722, -19.193017 ], [ -53.607755, -19.193462 ], [ -53.608532, -19.214484 ], [ -53.615774, -19.220139 ], [ -53.610357, -19.235161 ], [ -53.614384, -19.237283 ], [ -53.62131, -19.25364 ], [ -53.635532, -19.261005 ], [ -53.637719, -19.265562 ], [ -53.621526, -19.283958 ], [ -53.615366, -19.285817 ], [ -53.620438, -19.292593 ], [ -53.606135, -19.302249 ], [ -53.60522, -19.306771 ], [ -53.608753, -19.309941 ], [ -53.600809, -19.328188 ], [ -53.597163, -19.329329 ], [ -53.5975, -19.335592 ], [ -53.589839, -19.3473 ], [ -53.57931, -19.352354 ], [ -53.579055, -19.362354 ], [ -53.575833, -19.363782 ], [ -53.579782, -19.368328 ], [ -53.57274, -19.374724 ], [ -53.572701, -19.37484 ], [ -53.566859, -19.392471 ], [ -53.562976, -19.395307 ], [ -53.565725, -19.400085 ], [ -53.560473, -19.40953 ], [ -53.562027, -19.419363 ], [ -53.553886, -19.426389 ], [ -53.554246, -19.440673 ], [ -53.548359, -19.444894 ], [ -53.547919, -19.452528 ], [ -53.555557, -19.455933 ], [ -53.550669, -19.460403 ], [ -53.54725, -19.473801 ], [ -53.537896, -19.474481 ], [ -53.536722, -19.481661 ], [ -53.533116, -19.480893 ], [ -53.528313, -19.491477 ], [ -53.525916, -19.513558 ], [ -53.518502, -19.51717 ], [ -53.518894, -19.526638 ], [ -53.513614, -19.539498 ], [ -53.504574, -19.539816 ], [ -53.498867, -19.544633 ], [ -53.503476, -19.548756 ], [ -53.497085, -19.554548 ], [ -53.50119, -19.557866 ], [ -53.503194, -19.568014 ], [ -53.494182, -19.574801 ], [ -53.495362, -19.578474 ], [ -53.488055, -19.585896 ], [ -53.482248, -19.587055 ], [ -53.483609, -19.593227 ], [ -53.477081, -19.601809 ], [ -53.474033, -19.614437 ], [ -53.479279, -19.617806 ], [ -53.478111, -19.625163 ], [ -53.482335, -19.630957 ], [ -53.478412, -19.635435 ], [ -53.487778, -19.634163 ], [ -53.481416, -19.644172 ], [ -53.486024, -19.645892 ], [ -53.487082, -19.658361 ], [ -53.493612, -19.659175 ], [ -53.493274, -19.663202 ], [ -53.48714, -19.667143 ], [ -53.494393, -19.671391 ], [ -53.488614, -19.677375 ], [ -53.489641, -19.68425 ], [ -53.484725, -19.68552 ], [ -53.487859, -19.690181 ], [ -53.467895, -19.696167 ], [ -53.45872, -19.715786 ], [ -53.462523, -19.728372 ], [ -53.449283, -19.733625 ], [ -53.450499, -19.740558 ], [ -53.443532, -19.749579 ], [ -53.445333, -19.753062 ], [ -53.43664, -19.7614 ], [ -53.432221, -19.775298 ], [ -53.424584, -19.784035 ], [ -53.418108, -19.788378 ], [ -53.408972, -19.786893 ], [ -53.4045, -19.790962 ], [ -53.404783, -19.797133 ], [ -53.395641, -19.804745 ], [ -53.396749, -19.809247 ], [ -53.391417, -19.810764 ], [ -53.385755, -19.821034 ], [ -53.388109, -19.82778 ], [ -53.382249, -19.831906 ], [ -53.381807, -19.847541 ], [ -53.361364, -19.88185 ], [ -53.343836, -19.890088 ], [ -53.335753, -19.891015 ], [ -53.328222, -19.885758 ], [ -53.32242, -19.898029 ], [ -53.312755, -19.900784 ], [ -53.313594, -19.905386 ], [ -53.313221, -19.913867 ], [ -53.298633, -19.925858 ], [ -53.297576, -19.933732 ], [ -53.287316, -19.946777 ], [ -53.288078, -19.954253 ], [ -53.283724, -19.964308 ], [ -53.275138, -19.976339 ], [ -53.258582, -19.98787 ], [ -53.257608, -20.001994 ], [ -53.240909, -20.017667 ], [ -53.237642, -20.020733 ], [ -53.231247, -20.016894 ], [ -53.216475, -20.02597 ], [ -53.206725, -20.041309 ], [ -53.190117, -20.048227 ], [ -53.179471, -20.058565 ], [ -53.171614, -20.094785 ], [ -53.15192, -20.124561 ], [ -53.150224, -20.13759 ], [ -53.136306, -20.141414 ], [ -53.117082, -20.15643 ], [ -53.118671, -20.163149 ], [ -53.108948, -20.167184 ], [ -53.107747, -20.176518 ], [ -53.095139, -20.191184 ], [ -53.092132, -20.204527 ], [ -53.087553, -20.209148 ], [ -53.092505, -20.21226 ], [ -53.097724, -20.242449 ], [ -53.085305, -20.256657 ], [ -53.084218, -20.276444 ], [ -53.080859, -20.283512 ], [ -53.072994, -20.287444 ], [ -53.069305, -20.299204 ], [ -53.061485, -20.300436 ], [ -53.053472, -20.312786 ], [ -53.047919, -20.314687 ], [ -53.041468, -20.323603 ], [ -53.035694, -20.324665 ], [ -53.031661, -20.33417 ], [ -53.020219, -20.337405 ], [ -53.014743, -20.342839 ], [ -53.008697, -20.340392 ], [ -53.007275, -20.348631 ], [ -53.004053, -20.347709 ], [ -52.99475, -20.355478 ], [ -52.988499, -20.353491 ], [ -52.969448, -20.364308 ], [ -52.962364, -20.376243 ], [ -52.954558, -20.37465 ], [ -52.955248, -20.380174 ], [ -52.943472, -20.397679 ], [ -52.942778, -20.405271 ], [ -52.936295, -20.404041 ], [ -52.914085, -20.432542 ], [ -52.902336, -20.435313 ], [ -52.899642, -20.446252 ], [ -52.892943, -20.448613 ], [ -52.890213, -20.448628 ], [ -52.871349, -20.45263 ], [ -52.866915, -20.455381 ], [ -52.861001, -20.473668 ], [ -52.843081, -20.502478 ], [ -52.842993, -20.510388 ], [ -52.824858, -20.52731 ], [ -52.822079, -20.538472 ], [ -52.81756, -20.541488 ], [ -52.82317, -20.553753 ], [ -52.858999, -20.578496 ], [ -52.868248, -20.590828 ], [ -52.894748, -20.612694 ], [ -52.904698, -20.61394 ], [ -52.909418, -20.619363 ], [ -52.941642, -20.629318 ], [ -52.96197, -20.643943 ], [ -52.972694, -20.645357 ], [ -52.982526, -20.650823 ], [ -53.001327, -20.653389 ], [ -53.037418, -20.652628 ], [ -53.062636, -20.664329 ], [ -53.082148, -20.678762 ], [ -53.090335, -20.680021 ], [ -53.103914, -20.674093 ], [ -53.111827, -20.683149 ], [ -53.128252, -20.689466 ], [ -53.15368, -20.686182 ], [ -53.154813, -20.686211 ], [ -53.165027, -20.686839 ], [ -53.17055, -20.69276 ], [ -53.178469, -20.722984 ], [ -53.176645, -20.737907 ], [ -53.167209, -20.753799 ], [ -53.175911, -20.821689 ], [ -53.213362, -20.857982 ], [ -53.219168, -20.859452 ], [ -53.227219, -20.87282 ], [ -53.237473, -20.880435 ], [ -53.247479, -20.881968 ], [ -53.260452, -20.88975 ], [ -53.263778, -20.902101 ], [ -53.272756, -20.909844 ], [ -53.277225, -20.930338 ], [ -53.284522, -20.933855 ], [ -53.284721, -20.938741 ], [ -53.291835, -20.945283 ], [ -53.293915, -20.955075 ], [ -53.283696, -20.976721 ], [ -53.269308, -20.990601 ], [ -53.263054, -20.98912 ], [ -53.25817, -20.996478 ], [ -53.246087, -20.99929 ], [ -53.241531, -21.011777 ], [ -53.231833, -21.019593 ], [ -53.217943, -21.041639 ], [ -53.218666, -21.046849 ], [ -53.207138, -21.052662 ], [ -53.204167, -21.057805 ], [ -53.196854, -21.059196 ], [ -53.189801, -21.066768 ], [ -53.191268, -21.074578 ], [ -53.185303, -21.083248 ], [ -53.184919, -21.093893 ], [ -53.178054, -21.09809 ], [ -53.174032, -21.110045 ], [ -53.149271, -21.135941 ], [ -53.140276, -21.140052 ], [ -53.141749, -21.145131 ], [ -53.137715, -21.15158 ], [ -53.143555, -21.155883 ], [ -53.134557, -21.166602 ], [ -53.139664, -21.177629 ], [ -53.135552, -21.182503 ], [ -53.133168, -21.206993 ], [ -53.127746, -21.218056 ], [ -53.133052, -21.226591 ], [ -53.124996, -21.232241 ], [ -53.129611, -21.243381 ], [ -53.12411, -21.26138 ], [ -53.118304, -21.26229 ], [ -53.114468, -21.26729 ], [ -53.119579, -21.28275 ], [ -53.113525, -21.291363 ], [ -53.114333, -21.301337 ], [ -53.104233, -21.321041 ], [ -53.097617, -21.32884 ], [ -53.1, -21.331526 ], [ -53.095869, -21.337602 ], [ -53.094695, -21.35066 ], [ -53.086327, -21.355439 ], [ -53.081775, -21.371336 ], [ -53.075859, -21.380816 ], [ -53.064715, -21.388059 ], [ -53.063427, -21.395269 ], [ -53.051253, -21.407923 ], [ -53.051082, -21.425093 ], [ -53.060583, -21.429704 ], [ -53.05597, -21.443668 ], [ -53.050111, -21.447113 ], [ -53.053524, -21.456269 ], [ -53.047612, -21.46357 ], [ -53.046501, -21.474033 ], [ -53.035195, -21.488353 ], [ -53.041107, -21.497734 ], [ -53.036583, -21.503289 ], [ -53.031082, -21.496022 ], [ -53.025512, -21.49547 ], [ -53.021889, -21.508477 ], [ -53.027697, -21.519077 ], [ -53.021667, -21.5228 ], [ -53.013387, -21.545544 ], [ -53.009862, -21.564109 ], [ -53.012359, -21.574564 ], [ -53.002305, -21.591799 ], [ -53.004725, -21.606777 ], [ -52.995579, -21.62344 ], [ -52.996643, -21.631609 ], [ -53.004782, -21.629309 ], [ -53.011327, -21.618611 ], [ -53.01986, -21.619338 ], [ -53.024523, -21.615167 ], [ -53.031092, -21.606165 ], [ -53.041582, -21.615032 ], [ -53.047642, -21.608401 ], [ -53.057636, -21.608818 ], [ -53.065079, -21.603288 ], [ -53.065609, -21.598669 ], [ -53.07858, -21.59566 ], [ -53.084468, -21.586673 ], [ -53.106302, -21.583276 ], [ -53.119884, -21.590591 ], [ -53.131726, -21.577252 ], [ -53.139584, -21.574303 ], [ -53.150638, -21.582896 ], [ -53.155116, -21.591642 ], [ -53.167053, -21.587945 ], [ -53.179141, -21.595175 ], [ -53.188696, -21.585921 ], [ -53.189329, -21.576069 ], [ -53.196275, -21.576961 ], [ -53.207755, -21.570351 ], [ -53.227916, -21.580976 ], [ -53.230888, -21.590447 ], [ -53.237386, -21.595251 ], [ -53.243888, -21.599303 ], [ -53.247974, -21.587852 ], [ -53.262946, -21.581325 ], [ -53.278171, -21.59167 ], [ -53.285138, -21.582749 ], [ -53.301809, -21.58806 ], [ -53.315213, -21.581448 ], [ -53.320671, -21.59753 ], [ -53.330083, -21.59408 ], [ -53.34067, -21.595578 ], [ -53.346055, -21.581295 ], [ -53.347199, -21.586779 ], [ -53.355752, -21.58319 ], [ -53.361944, -21.575737 ], [ -53.375414, -21.57828 ], [ -53.380696, -21.566561 ], [ -53.394889, -21.568887 ], [ -53.401916, -21.5598 ], [ -53.416639, -21.565118 ], [ -53.427617, -21.552151 ], [ -53.437917, -21.554724 ], [ -53.443272, -21.573418 ], [ -53.465833, -21.571778 ], [ -53.468999, -21.577367 ], [ -53.475946, -21.578934 ], [ -53.477692, -21.58501 ], [ -53.489248, -21.588252 ], [ -53.493754, -21.594748 ], [ -53.489417, -21.595097 ], [ -53.491663, -21.599133 ], [ -53.50169, -21.595731 ], [ -53.500864, -21.591238 ], [ -53.509802, -21.586877 ], [ -53.534387, -21.596116 ], [ -53.546663, -21.604357 ], [ -53.552248, -21.600681 ], [ -53.564696, -21.600108 ], [ -53.568196, -21.608635 ], [ -53.571886, -21.605256 ], [ -53.576414, -21.608953 ], [ -53.586725, -21.606513 ], [ -53.595335, -21.59819 ], [ -53.595413, -21.594116 ], [ -53.588591, -21.592862 ], [ -53.589801, -21.588709 ], [ -53.601528, -21.593218 ], [ -53.607978, -21.589882 ], [ -53.620724, -21.571966 ], [ -53.62853, -21.569644 ], [ -53.628836, -21.575254 ], [ -53.638173, -21.57915 ], [ -53.643249, -21.572612 ], [ -53.64145, -21.562013 ], [ -53.644784, -21.560178 ], [ -53.653451, -21.565562 ], [ -53.658721, -21.558185 ], [ -53.670834, -21.559717 ], [ -53.674223, -21.554612 ], [ -53.666695, -21.553946 ], [ -53.671492, -21.551663 ], [ -53.69739, -21.560653 ], [ -53.698885, -21.566093 ], [ -53.694997, -21.57417 ], [ -53.699504, -21.579922 ], [ -53.702614, -21.565521 ], [ -53.723971, -21.570075 ], [ -53.716951, -21.57577 ], [ -53.718224, -21.581066 ], [ -53.727307, -21.578082 ], [ -53.735395, -21.58011 ], [ -53.737944, -21.584484 ], [ -53.743419, -21.579553 ], [ -53.73669, -21.573781 ], [ -53.740081, -21.567453 ], [ -53.755698, -21.570168 ], [ -53.756582, -21.57839 ], [ -53.761417, -21.579906 ], [ -53.768531, -21.569249 ], [ -53.767805, -21.55868 ], [ -53.772224, -21.566825 ], [ -53.782247, -21.565329 ], [ -53.782754, -21.569312 ], [ -53.795753, -21.567188 ], [ -53.813419, -21.558482 ], [ -53.813834, -21.552514 ], [ -53.823528, -21.544179 ], [ -53.826612, -21.556158 ], [ -53.83303, -21.557655 ], [ -53.835721, -21.552484 ], [ -53.839418, -21.561031 ], [ -53.847224, -21.566666 ], [ -53.862802, -21.560662 ], [ -53.872953, -21.564985 ], [ -53.875339, -21.565325 ], [ -53.874148, -21.559164 ], [ -53.880914, -21.56063 ], [ -53.883312, -21.555485 ], [ -53.89231, -21.556197 ], [ -53.901061, -21.549256 ], [ -53.918421, -21.544705 ], [ -53.922333, -21.540686 ], [ -53.940082, -21.545745 ], [ -53.949196, -21.544221 ], [ -53.954837, -21.536987 ], [ -53.962527, -21.537269 ], [ -53.966922, -21.53027 ], [ -53.976421, -21.534181 ], [ -53.984811, -21.515352 ], [ -53.994724, -21.509708 ], [ -54.005504, -21.511596 ], [ -54.009557, -21.508298 ], [ -54.005861, -21.501543 ], [ -54.007384, -21.497643 ], [ -54.013669, -21.500658 ], [ -54.023587, -21.492291 ], [ -54.023452, -21.488934 ], [ -54.035891, -21.485109 ], [ -54.036948, -21.475907 ], [ -54.043674, -21.474892 ], [ -54.04536, -21.467298 ], [ -54.0552, -21.465478 ], [ -54.061945, -21.469956 ], [ -54.066171, -21.469087 ], [ -54.062423, -21.458538 ], [ -54.066136, -21.454573 ], [ -54.076167, -21.449836 ], [ -54.080751, -21.453202 ], [ -54.085283, -21.449552 ], [ -54.082366, -21.44529 ], [ -54.085424, -21.442136 ], [ -54.092366, -21.438086 ], [ -54.100866, -21.438433 ], [ -54.105478, -21.42714 ], [ -54.101749, -21.418896 ], [ -54.110118, -21.415711 ], [ -54.107364, -21.407251 ], [ -54.116369, -21.40336 ], [ -54.120836, -21.407258 ], [ -54.129656, -21.402527 ], [ -54.129919, -21.402146 ], [ -54.129585, -21.396848 ], [ -54.142699, -21.384898 ], [ -54.146893, -21.3741 ], [ -54.158278, -21.363386 ], [ -54.171778, -21.356781 ], [ -54.169729, -21.352339 ], [ -54.172203, -21.348959 ], [ -54.179808, -21.347622 ], [ -54.181644, -21.344097 ], [ -54.187866, -21.346149 ], [ -54.185475, -21.339931 ], [ -54.194804, -21.339921 ], [ -54.203332, -21.321221 ], [ -54.201832, -21.3164 ], [ -54.209087, -21.314973 ], [ -54.201277, -21.29894 ], [ -54.222363, -21.298038 ], [ -54.214526, -21.29011 ], [ -54.215443, -21.285041 ], [ -54.234475, -21.290743 ], [ -54.232059, -21.286212 ], [ -54.237837, -21.271843 ], [ -54.234003, -21.267043 ], [ -54.23142, -21.271689 ], [ -54.225361, -21.272854 ], [ -54.223422, -21.259353 ], [ -54.227751, -21.254886 ], [ -54.233333, -21.262971 ], [ -54.244558, -21.25646 ], [ -54.248587, -21.258008 ], [ -54.253889, -21.254034 ], [ -54.25036, -21.247021 ], [ -54.257114, -21.241557 ], [ -54.258472, -21.235909 ], [ -54.26467, -21.243073 ], [ -54.272335, -21.236348 ], [ -54.266089, -21.23439 ], [ -54.266195, -21.228735 ], [ -54.260673, -21.222367 ], [ -54.260422, -21.205269 ], [ -54.274111, -21.195935 ], [ -54.272361, -21.188199 ], [ -54.26703, -21.183165 ], [ -54.272834, -21.182768 ], [ -54.279223, -21.175207 ], [ -54.284032, -21.177592 ], [ -54.288001, -21.172827 ], [ -54.294782, -21.174105 ], [ -54.30528, -21.166075 ], [ -54.303035, -21.160416 ], [ -54.297977, -21.163432 ], [ -54.291257, -21.15854 ], [ -54.29789, -21.153525 ], [ -54.291867, -21.140945 ], [ -54.299135, -21.135232 ], [ -54.304503, -21.134952 ], [ -54.310064, -21.128357 ], [ -54.314729, -21.130877 ], [ -54.320644, -21.128988 ], [ -54.329172, -21.11507 ], [ -54.339337, -21.119467 ], [ -54.345528, -21.111922 ], [ -54.340784, -21.108166 ], [ -54.345065, -21.102538 ], [ -54.350531, -21.107 ], [ -54.354174, -21.100976 ], [ -54.360562, -21.103654 ], [ -54.368312, -21.10042 ], [ -54.375034, -21.106043 ], [ -54.381332, -21.099607 ], [ -54.382835, -21.088909 ], [ -54.386973, -21.08937 ], [ -54.390861, -21.082153 ], [ -54.389572, -21.071922 ], [ -54.394646, -21.06818 ], [ -54.393393, -21.059927 ], [ -54.400668, -21.060543 ], [ -54.408361, -21.051393 ], [ -54.417835, -21.050339 ], [ -54.408815, -21.04151 ], [ -54.4292, -21.034632 ], [ -54.425146, -21.026532 ], [ -54.427532, -21.023498 ], [ -54.43331, -21.022356 ], [ -54.434641, -21.026667 ], [ -54.449199, -21.024555 ], [ -54.45589, -21.016561 ], [ -54.461671, -21.01679 ], [ -54.463197, -21.009109 ], [ -54.474339, -21.010893 ], [ -54.475222, -21.00707 ], [ -54.491476, -21.003509 ], [ -54.503657, -20.99346 ], [ -54.506176, -20.993071 ], [ -54.508364, -21.008654 ], [ -54.480893, -21.122467 ], [ -54.500252, -21.131307 ], [ -54.520003, -21.127807 ], [ -54.529977, -21.136178 ], [ -54.547133, -21.14063 ], [ -54.561882, -21.14457 ], [ -54.542491, -21.170018 ], [ -54.523616, -21.188889 ], [ -54.515009, -21.209102 ], [ -54.53048, -21.212621 ], [ -54.572643, -21.238866 ], [ -54.573117, -21.246805 ], [ -54.583784, -21.259745 ], [ -54.598115, -21.262794 ], [ -54.644341, -21.302083 ], [ -54.673699, -21.306601 ], [ -54.67828, -21.313871 ], [ -54.67576, -21.323362 ], [ -54.678215, -21.335383 ], [ -54.678194, -21.338665 ], [ -54.680585, -21.34549 ], [ -54.694168, -21.349626 ], [ -54.700761, -21.355239 ], [ -54.70783, -21.357546 ], [ -54.769224, -21.377568 ], [ -54.772228, -21.369326 ], [ -54.785006, -21.366395 ], [ -54.781864, -21.34831 ], [ -54.791116, -21.340617 ], [ -54.800669, -21.347571 ], [ -54.816496, -21.340238 ], [ -54.821265, -21.338027 ], [ -54.837233, -21.351954 ], [ -54.858463, -21.340952 ], [ -54.864524, -21.33781 ], [ -54.877062, -21.334682 ], [ -54.88988, -21.337678 ], [ -55.012863, -21.483682 ], [ -55.014591, -21.533828 ], [ -55.01864, -21.562187 ], [ -55.024425, -21.57056 ], [ -55.027032, -21.585599 ], [ -55.023836, -21.593962 ], [ -55.017037, -21.593949 ], [ -55.024787, -21.611014 ], [ -55.011898, -21.621461 ], [ -55.014566, -21.624343 ], [ -55.006871, -21.624807 ], [ -54.993812, -21.617866 ], [ -54.986762, -21.624326 ], [ -54.986766, -21.62448 ], [ -54.987029, -21.636069 ], [ -54.994174, -21.642764 ], [ -54.992311, -21.645639 ], [ -54.986424, -21.643558 ], [ -54.985094, -21.648227 ], [ -54.99667, -21.662852 ], [ -54.983836, -21.660968 ], [ -54.958007, -21.670539 ], [ -54.954615, -21.676044 ], [ -54.946671, -21.690842 ], [ -54.93606, -21.681636 ], [ -54.93367, -21.690355 ], [ -54.939056, -21.699789 ], [ -54.919955, -21.697305 ], [ -54.922148, -21.707886 ], [ -54.927621, -21.711414 ], [ -54.926257, -21.71572 ], [ -54.940061, -21.718983 ], [ -54.934111, -21.727253 ], [ -54.92449, -21.728487 ], [ -54.921201, -21.729277 ], [ -54.918286, -21.741744 ], [ -54.913065, -21.741773 ], [ -54.908452, -21.749241 ], [ -54.905422, -21.745475 ], [ -54.895728, -21.74577 ], [ -54.89617, -21.757888 ], [ -54.87917, -21.769917 ], [ -54.86998, -21.764285 ], [ -54.857947, -21.771375 ], [ -54.859447, -21.779765 ], [ -54.85509, -21.777296 ], [ -54.84898, -21.780731 ], [ -54.845977, -21.778029 ], [ -54.834895, -21.789581 ], [ -54.829585, -21.787548 ], [ -54.831479, -21.813918 ], [ -54.833671, -21.820518 ], [ -54.836726, -21.818677 ], [ -54.837029, -21.820834 ], [ -54.828064, -21.82415 ], [ -54.829173, -21.830249 ], [ -54.835535, -21.838026 ], [ -54.848396, -21.843934 ], [ -54.863534, -21.829098 ], [ -54.868953, -21.829729 ], [ -54.879169, -21.823553 ], [ -54.886595, -21.827893 ], [ -54.912728, -21.82167 ], [ -54.923288, -21.822624 ], [ -54.939246, -21.811845 ], [ -54.943507, -21.805939 ], [ -54.962641, -21.809306 ], [ -54.981094, -21.820494 ], [ -54.990311, -21.840396 ], [ -54.991446, -21.856294 ], [ -54.996648, -21.868288 ], [ -55.01026, -21.88728 ], [ -55.016338, -21.886014 ], [ -55.033868, -21.89898 ], [ -55.042117, -21.894387 ], [ -55.089368, -21.90797 ], [ -55.09642, -21.903707 ], [ -55.102811, -21.904106 ], [ -55.129445, -21.915248 ], [ -55.144454, -21.917222 ], [ -55.157676, -21.92104 ], [ -55.177093, -21.911962 ], [ -55.221762, -21.923918 ], [ -55.240951, -21.92419 ], [ -55.287785, -21.911116 ], [ -55.292459, -21.902967 ], [ -55.292942, -21.903129 ], [ -55.302036, -21.904024 ], [ -55.315584, -21.895536 ], [ -55.343037, -21.895377 ], [ -55.363732, -21.879541 ], [ -55.374199, -21.882317 ], [ -55.379039, -21.888561 ], [ -55.388838, -21.893101 ], [ -55.393704, -21.89306 ], [ -55.394926, -21.887407 ], [ -55.40248, -21.888914 ], [ -55.40745, -21.895408 ], [ -55.411443, -21.89342 ], [ -55.411426, -21.882553 ], [ -55.416841, -21.880203 ], [ -55.42029, -21.867695 ], [ -55.438616, -21.878561 ], [ -55.442118, -21.867803 ], [ -55.445754, -21.867729 ], [ -55.447507, -21.87181 ], [ -55.451927, -21.869541 ], [ -55.451478, -21.873175 ], [ -55.456922, -21.869869 ], [ -55.466783, -21.873826 ], [ -55.462344, -21.860627 ], [ -55.466614, -21.86487 ], [ -55.472726, -21.863732 ], [ -55.473837, -21.857761 ], [ -55.47042, -21.854805 ], [ -55.485505, -21.853115 ], [ -55.484811, -21.845889 ], [ -55.489507, -21.843417 ], [ -55.502255, -21.852394 ], [ -55.507451, -21.850785 ], [ -55.512282, -21.845683 ], [ -55.508036, -21.831757 ], [ -55.520899, -21.822545 ], [ -55.527177, -21.829791 ], [ -55.52773, -21.818915 ], [ -55.534477, -21.819485 ], [ -55.539228, -21.815306 ], [ -55.541885, -21.798808 ], [ -55.551784, -21.809012 ], [ -55.567454, -21.796782 ], [ -55.577005, -21.802751 ], [ -55.582147, -21.801429 ], [ -55.586894, -21.807587 ], [ -55.590308, -21.806686 ], [ -55.595424, -21.798773 ], [ -55.599754, -21.798604 ], [ -55.612255, -21.786157 ], [ -55.629122, -21.784538 ], [ -55.637482, -21.787878 ], [ -55.651459, -21.784488 ], [ -55.664455, -21.778627 ], [ -55.677619, -21.763081 ], [ -55.695587, -21.761055 ], [ -55.710087, -21.754297 ], [ -55.730117, -21.786357 ], [ -55.732564, -21.780652 ], [ -55.750229, -21.765471 ], [ -55.759171, -21.751098 ], [ -55.763737, -21.730629 ], [ -55.775341, -21.727075 ], [ -55.782091, -21.721125 ], [ -55.787371, -21.70247 ], [ -55.792483, -21.704066 ], [ -55.797009, -21.700993 ], [ -55.794338, -21.693736 ], [ -55.800123, -21.691226 ], [ -55.805928, -21.682468 ], [ -55.810898, -21.684293 ], [ -55.816397, -21.674265 ], [ -55.812485, -21.672809 ], [ -55.820344, -21.67228 ], [ -55.819093, -21.665072 ], [ -55.82773, -21.661825 ], [ -55.83945, -21.65962 ], [ -55.837896, -21.652821 ], [ -55.843427, -21.645717 ], [ -55.848812, -21.648213 ], [ -55.84904, -21.643325 ], [ -55.853758, -21.645891 ], [ -55.85665, -21.643014 ], [ -55.859177, -21.650363 ], [ -55.849924, -21.653655 ], [ -55.853817, -21.65956 ], [ -55.847091, -21.66181 ], [ -55.850035, -21.666068 ], [ -55.844956, -21.668598 ], [ -55.845208, -21.680042 ], [ -55.847511, -21.68408 ], [ -55.850846, -21.673551 ], [ -55.857283, -21.674507 ], [ -55.85968, -21.663956 ], [ -55.863396, -21.671849 ], [ -55.862898, -21.68433 ], [ -55.867093, -21.684384 ], [ -55.868705, -21.687967 ], [ -55.86212, -21.687057 ], [ -55.861621, -21.690131 ], [ -55.870098, -21.691751 ], [ -55.872424, -21.685657 ], [ -55.867041, -21.679581 ], [ -55.867927, -21.673395 ], [ -55.871701, -21.673804 ], [ -55.868178, -21.65466 ], [ -55.880095, -21.663221 ], [ -55.88562, -21.683099 ], [ -55.889955, -21.670889 ], [ -55.882008, -21.657148 ], [ -55.886264, -21.654572 ], [ -55.895485, -21.67042 ], [ -55.901875, -21.652164 ], [ -55.905782, -21.662891 ], [ -55.904671, -21.672399 ], [ -55.910595, -21.674669 ], [ -55.905038, -21.683302 ], [ -55.91273, -21.681728 ], [ -55.915368, -21.687778 ], [ -55.920226, -21.683949 ], [ -55.918453, -21.677767 ], [ -55.921951, -21.675541 ], [ -55.918347, -21.667475 ], [ -55.920423, -21.654288 ], [ -55.91515, -21.641874 ], [ -55.923568, -21.646588 ], [ -55.92579, -21.666171 ], [ -55.922679, -21.668338 ], [ -55.925867, -21.674918 ], [ -55.931037, -21.677188 ], [ -55.936117, -21.661836 ], [ -55.945203, -21.662017 ], [ -55.941537, -21.646659 ], [ -55.959314, -21.649529 ], [ -55.947453, -21.636027 ], [ -55.958486, -21.642506 ], [ -55.963145, -21.633486 ], [ -55.970645, -21.638029 ], [ -55.971589, -21.643551 ], [ -55.963344, -21.646043 ], [ -55.963461, -21.649643 ], [ -55.974095, -21.654499 ], [ -55.97051, -21.657151 ], [ -55.959202, -21.65483 ], [ -55.953647, -21.661306 ], [ -55.956622, -21.667698 ], [ -55.95162, -21.670772 ], [ -55.952483, -21.674553 ], [ -55.941271, -21.672167 ], [ -55.939399, -21.674526 ], [ -55.945785, -21.680355 ], [ -55.934457, -21.684504 ], [ -55.940728, -21.690165 ], [ -55.948204, -21.685564 ], [ -55.957481, -21.687702 ], [ -55.952459, -21.688901 ], [ -55.947367, -21.695895 ], [ -55.952652, -21.705778 ], [ -55.948422, -21.708952 ], [ -55.951091, -21.716121 ], [ -55.937593, -21.708014 ], [ -55.937847, -21.703687 ], [ -55.930509, -21.707121 ], [ -55.92837, -21.695428 ], [ -55.924399, -21.699094 ], [ -55.922175, -21.71065 ], [ -55.915483, -21.704433 ], [ -55.913702, -21.71172 ], [ -55.903262, -21.704097 ], [ -55.905647, -21.708493 ], [ -55.899893, -21.712521 ], [ -55.907898, -21.711987 ], [ -55.911146, -21.720735 ], [ -55.916702, -21.716239 ], [ -55.932728, -21.720674 ], [ -55.931123, -21.724221 ], [ -55.919954, -21.728163 ], [ -55.924599, -21.7307 ], [ -55.930821, -21.728443 ], [ -55.93429, -21.73121 ], [ -55.937728, -21.727405 ], [ -55.944566, -21.729772 ], [ -55.943894, -21.740938 ], [ -55.928042, -21.735868 ], [ -55.929707, -21.742648 ], [ -55.921675, -21.742116 ], [ -55.921144, -21.736996 ], [ -55.911091, -21.731181 ], [ -55.912565, -21.740976 ], [ -55.90451, -21.738018 ], [ -55.903509, -21.741277 ], [ -55.899784, -21.740997 ], [ -55.900014, -21.731308 ], [ -55.894065, -21.735422 ], [ -55.881873, -21.73296 ], [ -55.885924, -21.736091 ], [ -55.883846, -21.739076 ], [ -55.890431, -21.738405 ], [ -55.888421, -21.742257 ], [ -55.89162, -21.745796 ], [ -55.886566, -21.749691 ], [ -55.880344, -21.749274 ], [ -55.883233, -21.75213 ], [ -55.881098, -21.755937 ], [ -55.890596, -21.754681 ], [ -55.893264, -21.763498 ], [ -55.877204, -21.761271 ], [ -55.875478, -21.763313 ], [ -55.883609, -21.767418 ], [ -55.876734, -21.768165 ], [ -55.877694, -21.775815 ], [ -55.861175, -21.771833 ], [ -55.86251, -21.775711 ], [ -55.856457, -21.776492 ], [ -55.872232, -21.779781 ], [ -55.875625, -21.784862 ], [ -55.874011, -21.793105 ], [ -55.882985, -21.784236 ], [ -55.885726, -21.77495 ], [ -55.890987, -21.777084 ], [ -55.895818, -21.771658 ], [ -55.903458, -21.779867 ], [ -55.907204, -21.769243 ], [ -55.913317, -21.767168 ], [ -55.916511, -21.770344 ], [ -55.91334, -21.77392 ], [ -55.923318, -21.776739 ], [ -55.928121, -21.770111 ], [ -55.928782, -21.773958 ], [ -55.936649, -21.775916 ], [ -55.937063, -21.779359 ], [ -55.925594, -21.784395 ], [ -55.92054, -21.784643 ], [ -55.925652, -21.789406 ], [ -55.924041, -21.794732 ], [ -55.931041, -21.793179 ], [ -55.930844, -21.789959 ], [ -55.936172, -21.787223 ], [ -55.941785, -21.789648 ], [ -55.944594, -21.787117 ], [ -55.954042, -21.792838 ], [ -55.944009, -21.798217 ], [ -55.945684, -21.8018 ], [ -55.9697, -21.802183 ], [ -55.947121, -21.805269 ], [ -55.943705, -21.812992 ], [ -55.936819, -21.803692 ], [ -55.932844, -21.807314 ], [ -55.926008, -21.805227 ], [ -55.925925, -21.811277 ], [ -55.914544, -21.813323 ], [ -55.910425, -21.812369 ], [ -55.909426, -21.807018 ], [ -55.898005, -21.806373 ], [ -55.89545, -21.812866 ], [ -55.901036, -21.810319 ], [ -55.907672, -21.813319 ], [ -55.904395, -21.820084 ], [ -55.914036, -21.816226 ], [ -55.917814, -21.820461 ], [ -55.93068, -21.81894 ], [ -55.935674, -21.82642 ], [ -55.93104, -21.825599 ], [ -55.928486, -21.830359 ], [ -55.922451, -21.832027 ], [ -55.932313, -21.839053 ], [ -55.916402, -21.844952 ], [ -55.927734, -21.845878 ], [ -55.930729, -21.852875 ], [ -55.921928, -21.858845 ], [ -55.923902, -21.862895 ], [ -55.931933, -21.855868 ], [ -55.93823, -21.857418 ], [ -55.935623, -21.847852 ], [ -55.949874, -21.853397 ], [ -55.94548, -21.844017 ], [ -55.951176, -21.843842 ], [ -55.948625, -21.832776 ], [ -55.951733, -21.828704 ], [ -55.956093, -21.830567 ], [ -55.956647, -21.820818 ], [ -55.961812, -21.82223 ], [ -55.96362, -21.81865 ], [ -55.969261, -21.823731 ], [ -55.963848, -21.831383 ], [ -55.963956, -21.857214 ], [ -55.97329, -21.832601 ], [ -55.977039, -21.833756 ], [ -55.982459, -21.844994 ], [ -55.986149, -21.840418 ], [ -55.983208, -21.839018 ], [ -55.985347, -21.833576 ], [ -55.989648, -21.838199 ], [ -55.993203, -21.832857 ], [ -55.989764, -21.816388 ], [ -55.997648, -21.817251 ], [ -56.000066, -21.811633 ], [ -56.008815, -21.809965 ], [ -56.002849, -21.802362 ], [ -56.013264, -21.791964 ], [ -56.007624, -21.782121 ], [ -56.021343, -21.783966 ], [ -56.009707, -21.803237 ], [ -56.018207, -21.809922 ], [ -56.01523, -21.814897 ], [ -56.020122, -21.821725 ], [ -56.017369, -21.824169 ], [ -56.00762, -21.818619 ], [ -56.007097, -21.832365 ], [ -56.022401, -21.836547 ], [ -56.031457, -21.83258 ], [ -56.031896, -21.841171 ], [ -56.026344, -21.844488 ], [ -56.01415, -21.840694 ], [ -56.014343, -21.845539 ], [ -56.003235, -21.846152 ], [ -56.003512, -21.854942 ], [ -56.013008, -21.864313 ], [ -55.997151, -21.86429 ], [ -55.993283, -21.861006 ], [ -55.993181, -21.866233 ], [ -55.987702, -21.866706 ], [ -55.979034, -21.8619 ], [ -55.982703, -21.869086 ], [ -55.979568, -21.878278 ], [ -56.000397, -21.870848 ], [ -56.011125, -21.876947 ], [ -55.993093, -21.886041 ], [ -55.994875, -21.8913 ], [ -55.988151, -21.89492 ], [ -55.997644, -21.894878 ], [ -56.001869, -21.903582 ], [ -55.986734, -21.907215 ], [ -55.980034, -21.904065 ], [ -55.982456, -21.911384 ], [ -55.977906, -21.914778 ], [ -55.984483, -21.914554 ], [ -55.986672, -21.919548 ], [ -55.975983, -21.926159 ], [ -55.983345, -21.92244 ], [ -55.991735, -21.92641 ], [ -55.991257, -21.913614 ], [ -55.996317, -21.909338 ], [ -56.008759, -21.909702 ], [ -56.009178, -21.901597 ], [ -56.01318, -21.904773 ], [ -56.018064, -21.920304 ], [ -56.021401, -21.920859 ], [ -56.019592, -21.907285 ], [ -56.023566, -21.905529 ], [ -56.016312, -21.901114 ], [ -56.013487, -21.894214 ], [ -56.02262, -21.891937 ], [ -56.028563, -21.896026 ], [ -56.025568, -21.882062 ], [ -56.034396, -21.88362 ], [ -56.042288, -21.88068 ], [ -56.044294, -21.88415 ], [ -56.040097, -21.893826 ], [ -56.046403, -21.901818 ], [ -56.040124, -21.91624 ], [ -56.045344, -21.912374 ], [ -56.05346, -21.912734 ], [ -56.054316, -21.898082 ], [ -56.065565, -21.894438 ], [ -56.062149, -21.88437 ], [ -56.068116, -21.885513 ], [ -56.07656, -21.895183 ], [ -56.091036, -21.893736 ], [ -56.097401, -21.902158 ], [ -56.084484, -21.906982 ], [ -56.095096, -21.917083 ], [ -56.110841, -21.925495 ] ], [ [ -56.9064, -22.053139 ], [ -56.908975, -22.056213 ], [ -56.906399, -22.053139 ], [ -56.9064, -22.053139 ] ], [ [ -56.816814, -21.853983 ], [ -56.816815, -21.853983 ], [ -56.815987, -21.862037 ], [ -56.816814, -21.853983 ] ] ] } },
{ "type": "Feature", "properties": { "MACRO_ID": "5011", "MACRO_NAME": "Cone Sul", "id": "500060", "name": "Amambai", "description": "Amambai", "MUN_ID": "500060", "UF": "MS", "HREG_ID": "50017", "HREG_NAME": "Sul Fronteira" }, "geometry": { "type": "Polygon", "coordinates": [ [ [ -54.749175, -23.859207 ], [ -54.758816, -23.855738 ], [ -54.763894, -23.864525 ], [ -54.773757, -23.863772 ], [ -54.778591, -23.869345 ], [ -54.791683, -23.866481 ], [ -54.79776, -23.874835 ], [ -54.809532, -23.881058 ], [ -54.813535, -23.888277 ], [ -54.836197, -23.882107 ], [ -54.849006, -23.894903 ], [ -54.848782, -23.905802 ], [ -54.858621, -23.903382 ], [ -54.872477, -23.907005 ], [ -54.883399, -23.895541 ], [ -54.88984, -23.89832 ], [ -54.892871, -23.909182 ], [ -54.907702, -23.909718 ], [ -54.912706, -23.919863 ], [ -54.924649, -23.922401 ], [ -54.925029, -23.930416 ], [ -54.920975, -23.933528 ], [ -54.929701, -23.940923 ], [ -54.92429, -23.959078 ], [ -54.936539, -23.960032 ], [ -54.939368, -23.965466 ], [ -54.940449, -23.962509 ], [ -54.948062, -23.961216 ], [ -54.965123, -23.963059 ], [ -54.975118, -23.955566 ], [ -54.985812, -23.961339 ], [ -54.997586, -23.955504 ], [ -55.00394, -23.960847 ], [ -55.019196, -23.97116 ], [ -55.032789, -23.973019 ], [ -55.045642, -23.984074 ], [ -55.050725, -23.980734 ], [ -55.060004, -23.992322 ], [ -55.071677, -23.988138 ], [ -55.07201, -23.979766 ], [ -55.07701, -23.985256 ], [ -55.089753, -23.982593 ], [ -55.098005, -23.968458 ], [ -55.106698, -23.964649 ], [ -55.106596, -23.960831 ], [ -55.11834, -23.976204 ], [ -55.122342, -23.977553 ], [ -55.124677, -23.974757 ], [ -55.128975, -23.982101 ], [ -55.140668, -23.986576 ], [ -55.148786, -23.988661 ], [ -55.155755, -23.982245 ], [ -55.15973, -23.987253 ], [ -55.178281, -23.993341 ], [ -55.181146, -23.987459 ], [ -55.197758, -23.986736 ], [ -55.198485, -23.994267 ], [ -55.204897, -24.001132 ], [ -55.227817, -24.013106 ], [ -55.23533, -24.005396 ], [ -55.241013, -24.004437 ], [ -55.244687, -23.996524 ], [ -55.248146, -23.99999 ], [ -55.259735, -23.993587 ], [ -55.264511, -23.986525 ], [ -55.267507, -23.988441 ], [ -55.270588, -23.984073 ], [ -55.277735, -23.983264 ], [ -55.282928, -23.976605 ], [ -55.304024, -23.963388 ], [ -55.317735, -23.960528 ], [ -55.336705, -23.993648 ], [ -55.343179, -23.995506 ], [ -55.35781, -23.990295 ], [ -55.363371, -23.982699 ], [ -55.375308, -23.979921 ], [ -55.378006, -23.971087 ], [ -55.387425, -23.96804 ], [ -55.388981, -23.972837 ], [ -55.395929, -23.976529 ], [ -55.401701, -23.974255 ], [ -55.404149, -23.966163 ], [ -55.412647, -23.965995 ], [ -55.418791, -23.959014 ], [ -55.416176, -23.948972 ], [ -55.419459, -23.942903 ], [ -55.431755, -23.940939 ], [ -55.427288, -23.926699 ], [ -55.443481, -23.917565 ], [ -55.437757, -23.905315 ], [ -55.434403, -23.873098 ], [ -55.437898, -23.864799 ], [ -55.43893, -23.832015 ], [ -55.442514, -23.823266 ], [ -55.447888, -23.821069 ], [ -55.434871, -23.794025 ], [ -55.430144, -23.790774 ], [ -55.433178, -23.771139 ], [ -55.443679, -23.760731 ], [ -55.440286, -23.756358 ], [ -55.445171, -23.743104 ], [ -55.439839, -23.723917 ], [ -55.434375, -23.717349 ], [ -55.438424, -23.711111 ], [ -55.446983, -23.712656 ], [ -55.452591, -23.717776 ], [ -55.460977, -23.712696 ], [ -55.464236, -23.704062 ], [ -55.460314, -23.684834 ], [ -55.466513, -23.677995 ], [ -55.473735, -23.675924 ], [ -55.472453, -23.649818 ], [ -55.481563, -23.640696 ], [ -55.487229, -23.643314 ], [ -55.49115, -23.638229 ], [ -55.507759, -23.632896 ], [ -55.508645, -23.623715 ], [ -55.529646, -23.630452 ], [ -55.536956, -23.625343 ], [ -55.534772, -23.62062 ], [ -55.535817, -23.592286 ], [ -55.525833, -23.581205 ], [ -55.528455, -23.571633 ], [ -55.52387, -23.567335 ], [ -55.533122, -23.555174 ], [ -55.535263, -23.538498 ], [ -55.539736, -23.530131 ], [ -55.538064, -23.52528 ], [ -55.544346, -23.52232 ], [ -55.545644, -23.503504 ], [ -55.553043, -23.489004 ], [ -55.560265, -23.48793 ], [ -55.56162, -23.482446 ], [ -55.561561, -23.475694 ], [ -55.546429, -23.476765 ], [ -55.542067, -23.455206 ], [ -55.546089, -23.44854 ], [ -55.517122, -23.409274 ], [ -55.505262, -23.377033 ], [ -55.51184, -23.365324 ], [ -55.520397, -23.363517 ], [ -55.52143, -23.351176 ], [ -55.535873, -23.331445 ], [ -55.555985, -23.318743 ], [ -55.550595, -23.302374 ], [ -55.555896, -23.281667 ], [ -55.55412, -23.277703 ], [ -55.532426, -23.267047 ], [ -55.522896, -23.258537 ], [ -55.529229, -23.252823 ], [ -55.530371, -23.251439 ], [ -55.537568, -23.250169 ], [ -55.541039, -23.242597 ], [ -55.537487, -23.23539 ], [ -55.546145, -23.219282 ], [ -55.534199, -23.216166 ], [ -55.526232, -23.207154 ], [ -55.523455, -23.196591 ], [ -55.542702, -23.179819 ], [ -55.542091, -23.155433 ], [ -55.554761, -23.152456 ], [ -55.566649, -23.14339 ], [ -55.574066, -23.143218 ], [ -55.596955, -23.152213 ], [ -55.595126, -23.131332 ], [ -55.598429, -23.120935 ], [ -55.595071, -23.119273 ], [ -55.599673, -23.103978 ], [ -55.616344, -23.081708 ], [ -55.610063, -23.07715 ], [ -55.611034, -23.05877 ], [ -55.61432, -23.054438 ], [ -55.61065, -23.04859 ], [ -55.613151, -23.041559 ], [ -55.622591, -23.032974 ], [ -55.638539, -23.026141 ], [ -55.630358, -22.999841 ], [ -55.633505, -22.9928 ], [ -55.621757, -22.985336 ], [ -55.637368, -22.961281 ], [ -55.635091, -22.954414 ], [ -55.639062, -22.95068 ], [ -55.646785, -22.950656 ], [ -55.64451, -22.941606 ], [ -55.651152, -22.93195 ], [ -55.64529, -22.923741 ], [ -55.650758, -22.904374 ], [ -55.648037, -22.898586 ], [ -55.65048, -22.887766 ], [ -55.660734, -22.881511 ], [ -55.659036, -22.866172 ], [ -55.665731, -22.851694 ], [ -55.658344, -22.841977 ], [ -55.657855, -22.824837 ], [ -55.653535, -22.818211 ], [ -55.655538, -22.808107 ], [ -55.649321, -22.802101 ], [ -55.652562, -22.792347 ], [ -55.638568, -22.782706 ], [ -55.634454, -22.770152 ], [ -55.6269, -22.766285 ], [ -55.616896, -22.767687 ], [ -55.618872, -22.764907 ], [ -55.625042, -22.758512 ], [ -55.619179, -22.752334 ], [ -55.618814, -22.743743 ], [ -55.612535, -22.738642 ], [ -55.615485, -22.733773 ], [ -55.612092, -22.716484 ], [ -55.613339, -22.699316 ], [ -55.609151, -22.690015 ], [ -55.615446, -22.677211 ], [ -55.613201, -22.65694 ], [ -55.620009, -22.652393 ], [ -55.621722, -22.641684 ], [ -55.624355, -22.628568 ], [ -55.644132, -22.612257 ], [ -55.667402, -22.59504 ], [ -55.680982, -22.589518 ], [ -55.692371, -22.578502 ], [ -55.694877, -22.563164 ], [ -55.721421, -22.551533 ], [ -55.74787, -22.500168 ], [ -55.74737, -22.485882 ], [ -55.751396, -22.476057 ], [ -55.749128, -22.471843 ], [ -55.746762, -22.463484 ], [ -55.735093, -22.458156 ], [ -55.737817, -22.45288 ], [ -55.734482, -22.437198 ], [ -55.736924, -22.41092 ], [ -55.744368, -22.404141 ], [ -55.739811, -22.394629 ], [ -55.743479, -22.38901 ], [ -55.765089, -22.383052 ], [ -55.774479, -22.386082 ], [ -55.782038, -22.38394 ], [ -55.788369, -22.387852 ], [ -55.790456, -22.380174 ], [ -55.802454, -22.372276 ], [ -55.797349, -22.363397 ], [ -55.80001, -22.355123 ], [ -55.823626, -22.341182 ], [ -55.831788, -22.325319 ], [ -55.83768, -22.293474 ], [ -55.85295, -22.279904 ], [ -55.8962, -22.284913 ], [ -55.916098, -22.276627 ], [ -55.918481, -22.279562 ], [ -55.92918, -22.278142 ], [ -55.944734, -22.283002 ], [ -55.948702, -22.292062 ], [ -55.954017, -22.28901 ], [ -55.967818, -22.289801 ], [ -55.982531, -22.278453 ], [ -55.999567, -22.283159 ], [ -56.004233, -22.292695 ], [ -56.009846, -22.293566 ], [ -56.013735, -22.285988 ], [ -56.042311, -22.282408 ], [ -56.056203, -22.276167 ], [ -56.062369, -22.276316 ], [ -56.07026, -22.285746 ], [ -56.083012, -22.282469 ], [ -56.087819, -22.285965 ], [ -56.087377, -22.282387 ], [ -56.095229, -22.283847 ], [ -56.116618, -22.270319 ], [ -56.124152, -22.271197 ], [ -56.123179, -22.274909 ], [ -56.127289, -22.273989 ], [ -56.128982, -22.282687 ], [ -56.1367, -22.285373 ], [ -56.149793, -22.281637 ], [ -56.157383, -22.284983 ], [ -56.160905, -22.282238 ], [ -56.165624, -22.288087 ], [ -56.174512, -22.283066 ], [ -56.17444, -22.278699 ], [ -56.183375, -22.277018 ], [ -56.187453, -22.281459 ], [ -56.191987, -22.272245 ], [ -56.200349, -22.277078 ], [ -56.203315, -22.274455 ], [ -56.210261, -22.276799 ], [ -56.214849, -22.269281 ], [ -56.232672, -22.256257 ], [ -56.232431, -22.245968 ], [ -56.238841, -22.235357 ], [ -56.261676, -22.238236 ], [ -56.269902, -22.232237 ], [ -56.276153, -22.236005 ], [ -56.285012, -22.225337 ], [ -56.301064, -22.215108 ], [ -56.311069, -22.213037 ], [ -56.315491, -22.21763 ], [ -56.326792, -22.201857 ], [ -56.329875, -22.202399 ], [ -56.329433, -22.199137 ], [ -56.335817, -22.197511 ], [ -56.34398, -22.185103 ], [ -56.3434, -22.179277 ], [ -56.335772, -22.175558 ], [ -56.330459, -22.174924 ], [ -56.327653, -22.181191 ], [ -56.319958, -22.183206 ], [ -56.317261, -22.188479 ], [ -56.309738, -22.188072 ], [ -56.29932, -22.178353 ], [ -56.293136, -22.163469 ], [ -56.287237, -22.160905 ], [ -56.271206, -22.164991 ], [ -56.256707, -22.16233 ], [ -56.245375, -22.171108 ], [ -56.216908, -22.173104 ], [ -56.203144, -22.172318 ], [ -56.201625, -22.105766 ], [ -56.133425, -22.112421 ], [ -56.112513, -22.127046 ], [ -56.105453, -22.114527 ], [ -56.094678, -22.119809 ], [ -56.07934, -22.088636 ], [ -56.074232, -22.090994 ], [ -56.070504, -22.092856 ], [ -56.068738, -22.107871 ], [ -56.057819, -22.106718 ], [ -56.057014, -22.113437 ], [ -56.044069, -22.115748 ], [ -56.027929, -22.131036 ], [ -56.022589, -22.130004 ], [ -56.024038, -22.124852 ], [ -56.040374, -22.107497 ], [ -56.047034, -22.092834 ], [ -56.041063, -22.088657 ], [ -56.028734, -22.094651 ], [ -56.016792, -22.093129 ], [ -56.00904, -22.076099 ], [ -56.017431, -22.061716 ], [ -56.005596, -22.057292 ], [ -56.004652, -22.0659 ], [ -55.996652, -22.071711 ], [ -55.996934, -22.07577 ], [ -55.9862, -22.081598 ], [ -55.982094, -22.089988 ], [ -55.977672, -22.090538 ], [ -55.980366, -22.084376 ], [ -55.97257, -22.081266 ], [ -55.988708, -22.075293 ], [ -55.992788, -22.067037 ], [ -55.982205, -22.064747 ], [ -55.989539, -22.054989 ], [ -55.984011, -22.054596 ], [ -55.986985, -22.051842 ], [ -55.986035, -22.045524 ], [ -55.996176, -22.054385 ], [ -55.997766, -22.045428 ], [ -56.000849, -22.048298 ], [ -56.006616, -22.047242 ], [ -56.0074, -22.038188 ], [ -56.014792, -22.043007 ], [ -56.023822, -22.034889 ], [ -56.018536, -22.035063 ], [ -56.014174, -22.030187 ], [ -56.005621, -22.030182 ], [ -56.00179, -22.033932 ], [ -55.989464, -22.031915 ], [ -55.996875, -22.026805 ], [ -55.995652, -22.016973 ], [ -55.982012, -22.016234 ], [ -55.982842, -22.01247 ], [ -55.989482, -22.012091 ], [ -55.986873, -22.002131 ], [ -55.990512, -21.997798 ], [ -55.994342, -22.008457 ], [ -56.004433, -22.019384 ], [ -56.01704, -22.000723 ], [ -56.020211, -22.014551 ], [ -56.02745, -22.021673 ], [ -56.037767, -22.025091 ], [ -56.039177, -22.029535 ], [ -56.043762, -22.029774 ], [ -56.044656, -22.025177 ], [ -56.049818, -22.022515 ], [ -56.057814, -22.022144 ], [ -56.050708, -22.018369 ], [ -56.0414, -22.022565 ], [ -56.032509, -22.017792 ], [ -56.027953, -22.003243 ], [ -56.03798, -22.00616 ], [ -56.039597, -22.003992 ], [ -56.026259, -21.993171 ], [ -56.019375, -21.991729 ], [ -56.022813, -21.987752 ], [ -56.019931, -21.978011 ], [ -56.027429, -21.981961 ], [ -56.028174, -21.985836 ], [ -56.044956, -21.992832 ], [ -56.035702, -21.974756 ], [ -56.043261, -21.977289 ], [ -56.04618, -21.971411 ], [ -56.051093, -21.976451 ], [ -56.053563, -21.969704 ], [ -56.058425, -21.979276 ], [ -56.057876, -21.988111 ], [ -56.061041, -21.989381 ], [ -56.065563, -21.978704 ], [ -56.061819, -21.971532 ], [ -56.064008, -21.965655 ], [ -56.07257, -21.971875 ], [ -56.078924, -21.971941 ], [ -56.080931, -21.968773 ], [ -56.074895, -21.962547 ], [ -56.08068, -21.960161 ], [ -56.08126, -21.954207 ], [ -56.06568, -21.950541 ], [ -56.058345, -21.954199 ], [ -56.060203, -21.94949 ], [ -56.073234, -21.945534 ], [ -56.06922, -21.940921 ], [ -56.060121, -21.938982 ], [ -56.058897, -21.928058 ], [ -56.070371, -21.932995 ], [ -56.080264, -21.929017 ], [ -56.078283, -21.923183 ], [ -56.073593, -21.924018 ], [ -56.069175, -21.91855 ], [ -56.071916, -21.907869 ], [ -56.086153, -21.911835 ], [ -56.096339, -21.924066 ], [ -56.110841, -21.925495 ], [ -56.095096, -21.917083 ], [ -56.084484, -21.906982 ], [ -56.097401, -21.902158 ], [ -56.091036, -21.893736 ], [ -56.07656, -21.895183 ], [ -56.068116, -21.885513 ], [ -56.062149, -21.88437 ], [ -56.065565, -21.894438 ], [ -56.054316, -21.898082 ], [ -56.05346, -21.912734 ], [ -56.045344, -21.912374 ], [ -56.040124, -21.91624 ], [ -56.046403, -21.901818 ], [ -56.040097, -21.893826 ], [ -56.044294, -21.88415 ], [ -56.042288, -21.88068 ], [ -56.034396, -21.88362 ], [ -56.025568, -21.882062 ], [ -56.028563, -21.896026 ], [ -56.02262, -21.891937 ], [ -56.013487, -21.894214 ], [ -56.016312, -21.901114 ], [ -56.023566, -21.905529 ], [ -56.019592, -21.907285 ], [ -56.021401, -21.920859 ], [ -56.018064, -21.920304 ], [ -56.01318, -21.904773 ], [ -56.009178, -21.901597 ], [ -56.008759, -21.909702 ], [ -55.996317, -21.909338 ], [ -55.991257, -21.913614 ], [ -55.991735, -21.92641 ], [ -55.983345, -21.92244 ], [ -55.975983, -21.926159 ], [ -55.986672, -21.919548 ], [ -55.984483, -21.914554 ], [ -55.977906, -21.914778 ], [ -55.982456, -21.911384 ], [ -55.980034, -21.904065 ], [ -55.986734, -21.907215 ], [ -56.001869, -21.903582 ], [ -55.997644, -21.894878 ], [ -55.988151, -21.89492 ], [ -55.994875, -21.8913 ], [ -55.993093, -21.886041 ], [ -56.011125, -21.876947 ], [ -56.000397, -21.870848 ], [ -55.979568, -21.878278 ], [ -55.982703, -21.869086 ], [ -55.979034, -21.8619 ], [ -55.987702, -21.866706 ], [ -55.993181, -21.866233 ], [ -55.993283, -21.861006 ], [ -55.997151, -21.86429 ], [ -56.013008, -21.864313 ], [ -56.003512, -21.854942 ], [ -56.003235, -21.846152 ], [ -56.014343, -21.845539 ], [ -56.01415, -21.840694 ], [ -56.026344, -21.844488 ], [ -56.031896, -21.841171 ], [ -56.031457, -21.83258 ], [ -56.022401, -21.836547 ], [ -56.007097, -21.832365 ], [ -56.00762, -21.818619 ], [ -56.017369, -21.824169 ], [ -56.020122, -21.821725 ], [ -56.01523, -21.814897 ], [ -56.018207, -21.809922 ], [ -56.009707, -21.803237 ], [ -56.021343, -21.783966 ], [ -56.007624, -21.782121 ], [ -56.013264, -21.791964 ], [ -56.002849, -21.802362 ], [ -56.008815, -21.809965 ], [ -56.000066, -21.811633 ], [ -55.997648, -21.817251 ], [ -55.989764, -21.816388 ], [ -55.993203, -21.832857 ], [ -55.989648, -21.838199 ], [ -55.985347, -21.833576 ], [ -55.983208, -21.839018 ], [ -55.986149, -21.840418 ], [ -55.982459, -21.844994 ], [ -55.977039, -21.833756 ], [ -55.97329, -21.832601 ], [ -55.963956, -21.857214 ], [ -55.963848, -21.831383 ], [ -55.969261, -21.823731 ], [ -55.96362, -21.81865 ], [ -55.961812, -21.82223 ], [ -55.956647, -21.820818 ], [ -55.956093, -21.830567 ], [ -55.951733, -21.828704 ], [ -55.948625, -21.832776 ], [ -55.951176, -21.843842 ], [ -55.94548, -21.844017 ], [ -55.949874, -21.853397 ], [ -55.935623, -21.847852 ], [ -55.93823, -21.857418 ], [ -55.931933, -21.855868 ], [ -55.923902, -21.862895 ], [ -55.921928, -21.858845 ], [ -55.930729, -21.852875 ], [ -55.927734, -21.845878 ], [ -55.916402, -21.844952 ], [ -55.932313, -21.839053 ], [ -55.922451, -21.832027 ], [ -55.928486, -21.830359 ], [ -55.93104, -21.825599 ], [ -55.935674, -21.82642 ], [ -55.93068, -21.81894 ], [ -55.917814, -21.820461 ], [ -55.914036, -21.816226 ], [ -55.904395, -21.820084 ], [ -55.907672, -21.813319 ], [ -55.901036, -21.810319 ], [ -55.89545, -21.812866 ], [ -55.898005, -21.806373 ], [ -55.909426, -21.807018 ], [ -55.910425, -21.812369 ], [ -55.914544, -21.813323 ], [ -55.925925, -21.811277 ], [ -55.926008, -21.805227 ], [ -55.932844, -21.807314 ], [ -55.936819, -21.803692 ], [ -55.943705, -21.812992 ], [ -55.947121, -21.805269 ], [ -55.9697, -21.802183 ], [ -55.945684, -21.8018 ], [ -55.944009, -21.798217 ], [ -55.954042, -21.792838 ], [ -55.944594, -21.787117 ], [ -55.941785, -21.789648 ], [ -55.936172, -21.787223 ], [ -55.930844, -21.789959 ], [ -55.931041, -21.793179 ], [ -55.924041, -21.794732 ], [ -55.925652, -21.789406 ], [ -55.92054, -21.784643 ], [ -55.925594, -21.784395 ], [ -55.937063, -21.779359 ], [ -55.936649, -21.775916 ], [ -55.928782, -21.773958 ], [ -55.928121, -21.770111 ], [ -55.923318, -21.776739 ], [ -55.91334, -21.77392 ], [ -55.916511, -21.770344 ], [ -55.913317, -21.767168 ], [ -55.907204, -21.769243 ], [ -55.903458, -21.779867 ], [ -55.895818, -21.771658 ], [ -55.890987, -21.777084 ], [ -55.885726, -21.77495 ], [ -55.882985, -21.784236 ], [ -55.874011, -21.793105 ], [ -55.875625, -21.784862 ], [ -55.872232, -21.779781 ], [ -55.856457, -21.776492 ], [ -55.86251, -21.775711 ], [ -55.861175, -21.771833 ], [ -55.877694, -21.775815 ], [ -55.876734, -21.768165 ], [ -55.883609, -21.767418 ], [ -55.875478, -21.763313 ], [ -55.877204, -21.761271 ], [ -55.893264, -21.763498 ], [ -55.890596, -21.754681 ], [ -55.881098, -21.755937 ], [ -55.883233, -21.75213 ], [ -55.880344, -21.749274 ], [ -55.886566, -21.749691 ], [ -55.89162, -21.745796 ], [ -55.888421, -21.742257 ], [ -55.890431, -21.738405 ], [ -55.883846, -21.739076 ], [ -55.885924, -21.736091 ], [ -55.881873, -21.73296 ], [ -55.894065, -21.735422 ], [ -55.900014, -21.731308 ], [ -55.899784, -21.740997 ], [ -55.903509, -21.741277 ], [ -55.90451, -21.738018 ], [ -55.912565, -21.740976 ], [ -55.911091, -21.731181 ], [ -55.921144, -21.736996 ], [ -55.921675, -21.742116 ], [ -55.929707, -21.742648 ], [ -55.928042, -21.735868 ], [ -55.943894, -21.740938 ], [ -55.944566, -21.729772 ], [ -55.937728, -21.727405 ], [ -55.93429, -21.73121 ], [ -55.930821, -21.728443 ], [ -55.924599, -21.7307 ], [ -55.919954, -21.728163 ], [ -55.931123, -21.724221 ], [ -55.932728, -21.720674 ], [ -55.916702, -21.716239 ], [ -55.911146, -21.720735 ], [ -55.907898, -21.711987 ], [ -55.899893, -21.712521 ], [ -55.905647, -21.708493 ], [ -55.903262, -21.704097 ], [ -55.913702, -21.71172 ], [ -55.915483, -21.704433 ], [ -55.922175, -21.71065 ], [ -55.924399, -21.699094 ], [ -55.92837, -21.695428 ], [ -55.930509, -21.707121 ], [ -55.937847, -21.703687 ], [ -55.937593, -21.708014 ], [ -55.951091, -21.716121 ], [ -55.948422, -21.708952 ], [ -55.952652, -21.705778 ], [ -55.947367, -21.695895 ], [ -55.952459, -21.688901 ], [ -55.957481, -21.687702 ], [ -55.948204, -21.685564 ], [ -55.940728, -21.690165 ], [ -55.934457, -21.684504 ], [ -55.945785, -21.680355 ], [ -55.939399, -21.674526 ], [ -55.941271, -21.672167 ], [ -55.952483, -21.674553 ], [ -55.95162, -21.670772 ], [ -55.956622, -21.667698 ], [ -55.953647, -21.661306 ], [ -55.959202, -21.65483 ], [ -55.97051, -21.657151 ], [ -55.974095, -21.654499 ], [ -55.963461, -21.649643 ], [ -55.963344, -21.646043 ], [ -55.971589, -21.643551 ], [ -55.970645, -21.638029 ], [ -55.963145, -21.633486 ], [ -55.958486, -21.642506 ], [ -55.947453, -21.636027 ], [ -55.959314, -21.649529 ], [ -55.941537, -21.646659 ], [ -55.945203, -21.662017 ], [ -55.936117, -21.661836 ], [ -55.931037, -21.677188 ], [ -55.925867, -21.674918 ], [ -55.922679, -21.668338 ], [ -55.92579, -21.666171 ], [ -55.923568, -21.646588 ], [ -55.91515, -21.641874 ], [ -55.920423, -21.654288 ], [ -55.918347, -21.667475 ], [ -55.921951, -21.675541 ], [ -55.918453, -21.677767 ], [ -55.920226, -21.683949 ], [ -55.915368, -21.687778 ], [ -55.91273, -21.681728 ], [ -55.905038, -21.683302 ], [ -55.910595, -21.674669 ], [ -55.904671, -21.672399 ], [ -55.905782, -21.662891 ], [ -55.901875, -21.652164 ], [ -55.895485, -21.67042 ], [ -55.886264, -21.654572 ], [ -55.882008, -21.657148 ], [ -55.889955, -21.670889 ], [ -55.88562, -21.683099 ], [ -55.880095, -21.663221 ], [ -55.868178, -21.65466 ], [ -55.871701, -21.673804 ], [ -55.867927, -21.673395 ], [ -55.867041, -21.679581 ], [ -55.872424, -21.685657 ], [ -55.870098, -21.691751 ], [ -55.861621, -21.690131 ], [ -55.86212, -21.687057 ], [ -55.868705, -21.687967 ], [ -55.867093, -21.684384 ], [ -55.862898, -21.68433 ], [ -55.863396, -21.671849 ], [ -55.85968, -21.663956 ], [ -55.857283, -21.674507 ], [ -55.850846, -21.673551 ], [ -55.847511, -21.68408 ], [ -55.845208, -21.680042 ], [ -55.844956, -21.668598 ], [ -55.850035, -21.666068 ], [ -55.847091, -21.66181 ], [ -55.853817, -21.65956 ], [ -55.849924, -21.653655 ], [ -55.859177, -21.650363 ], [ -55.85665, -21.643014 ], [ -55.853758, -21.645891 ], [ -55.84904, -21.643325 ], [ -55.848812, -21.648213 ], [ -55.843427, -21.645717 ], [ -55.837896, -21.652821 ], [ -55.83945, -21.65962 ], [ -55.82773, -21.661825 ], [ -55.819093, -21.665072 ], [ -55.820344, -21.67228 ], [ -55.812485, -21.672809 ], [ -55.816397, -21.674265 ], [ -55.810898, -21.684293 ], [ -55.805928, -21.682468 ], [ -55.800123, -21.691226 ], [ -55.794338, -21.693736 ], [ -55.797009, -21.700993 ], [ -55.792483, -21.704066 ], [ -55.787371, -21.70247 ], [ -55.782091, -21.721125 ], [ -55.775341, -21.727075 ], [ -55.763737, -21.730629 ], [ -55.759171, -21.751098 ], [ -55.750229, -21.765471 ], [ -55.732564, -21.780652 ], [ -55.730117, -21.786357 ], [ -55.710087, -21.754297 ], [ -55.695587, -21.761055 ], [ -55.677619, -21.763081 ], [ -55.664455, -21.778627 ], [ -55.651459, -21.784488 ], [ -55.637482, -21.787878 ], [ -55.629122, -21.784538 ], [ -55.612255, -21.786157 ], [ -55.599754, -21.798604 ], [ -55.595424, -21.798773 ], [ -55.590308, -21.806686 ], [ -55.586894, -21.807587 ], [ -55.582147, -21.801429 ], [ -55.577005, -21.802751 ], [ -55.567454, -21.796782 ], [ -55.551784, -21.809012 ], [ -55.541885, -21.798808 ], [ -55.539228, -21.815306 ], [ -55.534477, -21.819485 ], [ -55.52773, -21.818915 ], [ -55.527177, -21.829791 ], [ -55.520899, -21.822545 ], [ -55.508036, -21.831757 ], [ -55.512282, -21.845683 ], [ -55.507451, -21.850785 ], [ -55.502255, -21.852394 ], [ -55.489507, -21.843417 ], [ -55.484811, -21.845889 ], [ -55.485505, -21.853115 ], [ -55.47042, -21.854805 ], [ -55.473837, -21.857761 ], [ -55.472726, -21.863732 ], [ -55.466614, -21.86487 ], [ -55.462344, -21.860627 ], [ -55.466783, -21.873826 ], [ -55.456922, -21.869869 ], [ -55.451478, -21.873175 ], [ -55.451927, -21.869541 ], [ -55.447507, -21.87181 ], [ -55.445754, -21.867729 ], [ -55.442118, -21.867803 ], [ -55.438616, -21.878561 ], [ -55.42029, -21.867695 ], [ -55.416841, -21.880203 ], [ -55.411426, -21.882553 ], [ -55.411443, -21.89342 ], [ -55.40745, -21.895408 ], [ -55.40248, -21.888914 ], [ -55.394926, -21.887407 ], [ -55.393704, -21.89306 ], [ -55.388838, -21.893101 ], [ -55.379039, -21.888561 ], [ -55.374199, -21.882317 ], [ -55.363732, -21.879541 ], [ -55.343037, -21.895377 ], [ -55.315584, -21.895536 ], [ -55.302036, -21.904024 ], [ -55.292942, -21.903129 ], [ -55.292459, -21.902967 ], [ -55.287785, -21.911116 ], [ -55.240951, -21.92419 ], [ -55.221762, -21.923918 ], [ -55.177093, -21.911962 ], [ -55.157676, -21.92104 ], [ -55.144454, -21.917222 ], [ -55.129445, -21.915248 ], [ -55.102811, -21.904106 ], [ -55.09642, -21.903707 ], [ -55.089368, -21.90797 ], [ -55.042117, -21.894387 ], [ -55.033868, -21.89898 ], [ -55.016338, -21.886014 ], [ -55.01026, -21.88728 ], [ -54.996648, -21.868288 ], [ -54.991446, -21.856294 ], [ -54.990311, -21.840396 ], [ -54.981094, -21.820494 ], [ -54.962641, -21.809306 ], [ -54.943507, -21.805939 ], [ -54.939246, -21.811845 ], [ -54.923288, -21.822624 ], [ -54.912728, -21.82167 ], [ -54.886595, -21.827893 ], [ -54.879169, -21.823553 ], [ -54.868953, -21.829729 ], [ -54.863534, -21.829098 ], [ -54.848396, -21.843934 ], [ -54.835535, -21.838026 ], [ -54.829173, -21.830249 ], [ -54.828064, -21.82415 ], [ -54.837029, -21.820834 ], [ -54.836726, -21.818677 ], [ -54.833671, -21.820518 ], [ -54.831479, -21.813918 ], [ -54.829585, -21.787548 ], [ -54.834895, -21.789581 ], [ -54.845977, -21.778029 ], [ -54.84898, -21.780731 ], [ -54.85509, -21.777296 ], [ -54.859447, -21.779765 ], [ -54.857947, -21.771375 ], [ -54.86998, -21.764285 ], [ -54.87917, -21.769917 ], [ -54.89617, -21.757888 ], [ -54.895728, -21.74577 ], [ -54.905422, -21.745475 ], [ -54.908452, -21.749241 ], [ -54.913065, -21.741773 ], [ -54.918286, -21.741744 ], [ -54.921201, -21.729277 ], [ -54.92449, -21.728487 ], [ -54.934111, -21.727253 ], [ -54.940061, -21.718983 ], [ -54.926257, -21.71572 ], [ -54.927621, -21.711414 ], [ -54.922148, -21.707886 ], [ -54.919955, -21.697305 ], [ -54.939056, -21.699789 ], [ -54.93367, -21.690355 ], [ -54.93606, -21.681636 ], [ -54.946671, -21.690842 ], [ -54.954615, -21.676044 ], [ -54.958007, -21.670539 ], [ -54.983836, -21.660968 ], [ -54.99667, -21.662852 ], [ -54.985094, -21.648227 ], [ -54.986424, -21.643558 ], [ -54.992311, -21.645639 ], [ -54.994174, -21.642764 ], [ -54.987029, -21.636069 ], [ -54.986766, -21.62448 ], [ -54.986762, -21.624326 ], [ -54.993812, -21.617866 ], [ -55.006871, -21.624807 ], [ -55.014566, -21.624343 ], [ -55.011898, -21.621461 ], [ -55.024787, -21.611014 ], [ -55.017037, -21.593949 ], [ -55.023836, -21.593962 ], [ -55.027032, -21.585599 ], [ -55.024425, -21.57056 ], [ -55.01864, -21.562187 ], [ -55.014591, -21.533828 ], [ -55.012863, -21.483682 ], [ -54.88988, -21.337678 ], [ -54.877062, -21.334682 ], [ -54.864524, -21.33781 ], [ -54.858463, -21.340952 ], [ -54.837233, -21.351954 ], [ -54.821265, -21.338027 ], [ -54.816496, -21.340238 ], [ -54.800669, -21.347571 ], [ -54.791116, -21.340617 ], [ -54.781864, -21.34831 ], [ -54.785006, -21.366395 ], [ -54.772228, -21.369326 ], [ -54.769224, -21.377568 ], [ -54.70783, -21.357546 ], [ -54.700761, -21.355239 ], [ -54.694168, -21.349626 ], [ -54.680585, -21.34549 ], [ -54.678194, -21.338665 ], [ -54.678215, -21.335383 ], [ -54.67576, -21.323362 ], [ -54.67828, -21.313871 ], [ -54.673699, -21.306601 ], [ -54.644341, -21.302083 ], [ -54.598115, -21.262794 ], [ -54.583784, -21.259745 ], [ -54.573117, -21.246805 ], [ -54.572643, -21.238866 ], [ -54.53048, -21.212621 ], [ -54.515009, -21.209102 ], [ -54.523616, -21.188889 ], [ -54.542491, -21.170018 ], [ -54.561882, -21.14457 ], [ -54.547133, -21.14063 ], [ -54.529977, -21.136178 ], [ -54.520003, -21.127807 ], [ -54.500252, -21.131307 ], [ -54.480893, -21.122467 ], [ -54.508364, -21.008654 ], [ -54.506176, -20.993071 ], [ -54.503657, -20.99346 ], [ -54.491476, -21.003509 ], [ -54.475222, -21.00707 ], [ -54.474339, -21.010893 ], [ -54.463197, -21.009109 ], [ -54.461671, -21.01679 ], [ -54.45589, -21.016561 ], [ -54.449199, -21.024555 ], [ -54.434641, -21.026667 ], [ -54.43331, -21.022356 ], [ -54.427532, -21.023498 ], [ -54.425146, -21.026532 ], [ -54.4292, -21.034632 ], [ -54.408815, -21.04151 ], [ -54.417835, -21.050339 ], [ -54.408361, -21.051393 ], [ -54.400668, -21.060543 ], [ -54.393393, -21.059927 ], [ -54.394646, -21.06818 ], [ -54.389572, -21.071922 ], [ -54.390861, -21.082153 ], [ -54.386973, -21.08937 ], [ -54.382835, -21.088909 ], [ -54.381332, -21.099607 ], [ -54.375034, -21.106043 ], [ -54.368312, -21.10042 ], [ -54.360562, -21.103654 ], [ -54.354174, -21.100976 ], [ -54.350531, -21.107 ], [ -54.345065, -21.102538 ], [ -54.340784, -21.108166 ], [ -54.345528, -21.111922 ], [ -54.339337, -21.119467 ], [ -54.329172, -21.11507 ], [ -54.320644, -21.128988 ], [ -54.314729, -21.130877 ], [ -54.310064, -21.128357 ], [ -54.304503, -21.134952 ], [ -54.299135, -21.135232 ], [ -54.291867, -21.140945 ], [ -54.29789, -21.153525 ], [ -54.291257, -21.15854 ], [ -54.297977, -21.163432 ], [ -54.303035, -21.160416 ], [ -54.30528, -21.166075 ], [ -54.294782, -21.174105 ], [ -54.288001, -21.172827 ], [ -54.284032, -21.177592 ], [ -54.279223, -21.175207 ], [ -54.272834, -21.182768 ], [ -54.26703, -21.183165 ], [ -54.272361, -21.188199 ], [ -54.274111, -21.195935 ], [ -54.260422, -21.205269 ], [ -54.260673, -21.222367 ], [ -54.266195, -21.228735 ], [ -54.266089, -21.23439 ], [ -54.272335, -21.236348 ], [ -54.26467, -21.243073 ], [ -54.258472, -21.235909 ], [ -54.257114, -21.241557 ], [ -54.25036, -21.247021 ], [ -54.253889, -21.254034 ], [ -54.248587, -21.258008 ], [ -54.244558, -21.25646 ], [ -54.233333, -21.262971 ], [ -54.227751, -21.254886 ], [ -54.223422, -21.259353 ], [ -54.225361, -21.272854 ], [ -54.23142, -21.271689 ], [ -54.234003, -21.267043 ], [ -54.237837, -21.271843 ], [ -54.232059, -21.286212 ], [ -54.234475, -21.290743 ], [ -54.215443, -21.285041 ], [ -54.214526, -21.29011 ], [ -54.222363, -21.298038 ], [ -54.201277, -21.29894 ], [ -54.209087, -21.314973 ], [ -54.201832, -21.3164 ], [ -54.203332, -21.321221 ], [ -54.194804, -21.339921 ], [ -54.185475, -21.339931 ], [ -54.187866, -21.346149 ], [ -54.181644, -21.344097 ], [ -54.179808, -21.347622 ], [ -54.172203, -21.348959 ], [ -54.169729, -21.352339 ], [ -54.171778, -21.356781 ], [ -54.158278, -21.363386 ], [ -54.146893, -21.3741 ], [ -54.142699, -21.384898 ], [ -54.129585, -21.396848 ], [ -54.129919, -21.402146 ], [ -54.129656, -21.402527 ], [ -54.120836, -21.407258 ], [ -54.116369, -21.40336 ], [ -54.107364, -21.407251 ], [ -54.110118, -21.415711 ], [ -54.101749, -21.418896 ], [ -54.105478, -21.42714 ], [ -54.100866, -21.438433 ], [ -54.092366, -21.438086 ], [ -54.085424, -21.442136 ], [ -54.082366, -21.44529 ], [ -54.085283, -21.449552 ], [ -54.080751, -21.453202 ], [ -54.076167, -21.449836 ], [ -54.066136, -21.454573 ], [ -54.062423, -21.458538 ], [ -54.066171, -21.469087 ], [ -54.061945, -21.469956 ], [ -54.0552, -21.465478 ], [ -54.04536, -21.467298 ], [ -54.043674, -21.474892 ], [ -54.036948, -21.475907 ], [ -54.035891, -21.485109 ], [ -54.023452, -21.488934 ], [ -54.023587, -21.492291 ], [ -54.013669, -21.500658 ], [ -54.007384, -21.497643 ], [ -54.005861, -21.501543 ], [ -54.009557, -21.508298 ], [ -54.005504, -21.511596 ], [ -53.994724, -21.509708 ], [ -53.984811, -21.515352 ], [ -53.976421, -21.534181 ], [ -53.966922, -21.53027 ], [ -53.962527, -21.537269 ], [ -53.954837, -21.536987 ], [ -53.949196, -21.544221 ], [ -53.940082, -21.545745 ], [ -53.922333, -21.540686 ], [ -53.918421, -21.544705 ], [ -53.901061, -21.549256 ], [ -53.89231, -21.556197 ], [ -53.883312, -21.555485 ], [ -53.880914, -21.56063 ], [ -53.874148, -21.559164 ], [ -53.875339, -21.565325 ], [ -53.872953, -21.564985 ], [ -53.862802, -21.560662 ], [ -53.847224, -21.566666 ], [ -53.839418, -21.561031 ], [ -53.835721, -21.552484 ], [ -53.83303, -21.557655 ], [ -53.826612, -21.556158 ], [ -53.823528, -21.544179 ], [ -53.813834, -21.552514 ], [ -53.813419, -21.558482 ], [ -53.795753, -21.567188 ], [ -53.782754, -21.569312 ], [ -53.782247, -21.565329 ], [ -53.772224, -21.566825 ], [ -53.767805, -21.55868 ], [ -53.768531, -21.569249 ], [ -53.761417, -21.579906 ], [ -53.756582, -21.57839 ], [ -53.755698, -21.570168 ], [ -53.740081, -21.567453 ], [ -53.73669, -21.573781 ], [ -53.743419, -21.579553 ], [ -53.737944, -21.584484 ], [ -53.735395, -21.58011 ], [ -53.727307, -21.578082 ], [ -53.718224, -21.581066 ], [ -53.716951, -21.57577 ], [ -53.723971, -21.570075 ], [ -53.702614, -21.565521 ], [ -53.699504, -21.579922 ], [ -53.694997, -21.57417 ], [ -53.698885, -21.566093 ], [ -53.69739, -21.560653 ], [ -53.671492, -21.551663 ], [ -53.666695, -21.553946 ], [ -53.674223, -21.554612 ], [ -53.670834, -21.559717 ], [ -53.658721, -21.558185 ], [ -53.653451, -21.565562 ], [ -53.644784, -21.560178 ], [ -53.64145, -21.562013 ], [ -53.643249, -21.572612 ], [ -53.638173, -21.57915 ], [ -53.628836, -21.575254 ], [ -53.62853, -21.569644 ], [ -53.620724, -21.571966 ], [ -53.607978, -21.589882 ], [ -53.601528, -21.593218 ], [ -53.589801, -21.588709 ], [ -53.588591, -21.592862 ], [ -53.595413, -21.594116 ], [ -53.595335, -21.59819 ], [ -53.586725, -21.606513 ], [ -53.576414, -21.608953 ], [ -53.571886, -21.605256 ], [ -53.568196, -21.608635 ], [ -53.564696, -21.600108 ], [ -53.552248, -21.600681 ], [ -53.546663, -21.604357 ], [ -53.534387, -21.596116 ], [ -53.509802, -21.586877 ], [ -53.500864, -21.591238 ], [ -53.50169, -21.595731 ], [ -53.491663, -21.599133 ], [ -53.489417, -21.595097 ], [ -53.493754, -21.594748 ], [ -53.489248, -21.588252 ], [ -53.477692, -21.58501 ], [ -53.475946, -21.578934 ], [ -53.468999, -21.577367 ], [ -53.465833, -21.571778 ], [ -53.443272, -21.573418 ], [ -53.437917, -21.554724 ], [ -53.427617, -21.552151 ], [ -53.416639, -21.565118 ], [ -53.401916, -21.5598 ], [ -53.394889, -21.568887 ], [ -53.380696, -21.566561 ], [ -53.375414, -21.57828 ], [ -53.361944, -21.575737 ], [ -53.355752, -21.58319 ], [ -53.347199, -21.586779 ], [ -53.346055, -21.581295 ], [ -53.34067, -21.595578 ], [ -53.330083, -21.59408 ], [ -53.320671, -21.59753 ], [ -53.315213, -21.581448 ], [ -53.301809, -21.58806 ], [ -53.285138, -21.582749 ], [ -53.278171, -21.59167 ], [ -53.262946, -21.581325 ], [ -53.247974, -21.587852 ], [ -53.243888, -21.599303 ], [ -53.237386, -21.595251 ], [ -53.230888, -21.590447 ], [ -53.227916, -21.580976 ], [ -53.207755, -21.570351 ], [ -53.196275, -21.576961 ], [ -53.189329, -21.576069 ], [ -53.188696, -21.585921 ], [ -53.179141, -21.595175 ], [ -53.167053, -21.587945 ], [ -53.155116, -21.591642 ], [ -53.150638, -21.582896 ], [ -53.139584, -21.574303 ], [ -53.131726, -21.577252 ], [ -53.119884, -21.590591 ], [ -53.106302, -21.583276 ], [ -53.084468, -21.586673 ], [ -53.07858, -21.59566 ], [ -53.065609, -21.598669 ], [ -53.065079, -21.603288 ], [ -53.057636, -21.608818 ], [ -53.047642, -21.608401 ], [ -53.041582, -21.615032 ], [ -53.031092, -21.606165 ], [ -53.024523, -21.615167 ], [ -53.038588, -21.622175 ], [ -53.035335, -21.688813 ], [ -53.046496, -21.724054 ], [ -53.057303, -21.741571 ], [ -53.063694, -21.768358 ], [ -53.079327, -21.798453 ], [ -53.075863, -21.836575 ], [ -53.044288, -21.846585 ], [ -53.030758, -21.854672 ], [ -52.998529, -21.856044 ], [ -52.953019, -21.861299 ], [ -52.928537, -21.8668 ], [ -52.871332, -21.880035 ], [ -52.823645, -21.870425 ], [ -52.774365, -21.860477 ], [ -52.735635, -21.852649 ], [ -52.674554, -21.840283 ], [ -52.662992, -21.83794 ], [ -52.631279, -21.83251 ], [ -52.621364, -21.876274 ], [ -52.609724, -21.893632 ], [ -52.608637, -21.914615 ], [ -52.604893, -21.917348 ], [ -52.563457, -21.952774 ], [ -52.548365, -21.964479 ], [ -52.5325, -21.969799 ], [ -52.506963, -21.995693 ], [ -52.497796, -22.006641 ], [ -52.468747, -22.013431 ], [ -52.464431, -22.018559 ], [ -52.439552, -22.042925 ], [ -52.436889, -22.051685 ], [ -52.416584, -22.056765 ], [ -52.406888, -22.067006 ], [ -52.400436, -22.066746 ], [ -52.37952, -22.076877 ], [ -52.394106, -22.103196 ], [ -52.395493, -22.108176 ], [ -52.391412, -22.114213 ], [ -52.395909, -22.118401 ], [ -52.407694, -22.141169 ], [ -52.45569, -22.184844 ], [ -52.47947, -22.200415 ], [ -52.483721, -22.212788 ], [ -52.489347, -22.217829 ], [ -52.502939, -22.224919 ], [ -52.522738, -22.228557 ], [ -52.551461, -22.242857 ], [ -52.578691, -22.251487 ], [ -52.601495, -22.271485 ], [ -52.629026, -22.28193 ], [ -52.645303, -22.297816 ], [ -52.654841, -22.302677 ], [ -52.694637, -22.314144 ], [ -52.724062, -22.334753 ], [ -52.745335, -22.342847 ], [ -52.797832, -22.377807 ], [ -52.810445, -22.390151 ], [ -52.839388, -22.414845 ], [ -52.854262, -22.438646 ], [ -52.894715, -22.455511 ], [ -52.947691, -22.472887 ], [ -52.954635, -22.475073 ], [ -52.998079, -22.492715 ], [ -53.005165, -22.508781 ], [ -53.013861, -22.5202 ], [ -53.0393, -22.52693 ], [ -53.057501, -22.536464 ], [ -53.077483, -22.552872 ], [ -53.107362, -22.595046 ], [ -53.109356, -22.603836 ], [ -53.108204, -22.614574 ], [ -53.104685, -22.621464 ], [ -53.127378, -22.651883 ], [ -53.180457, -22.713168 ], [ -53.198497, -22.727867 ], [ -53.218112, -22.730772 ], [ -53.239495, -22.733005 ], [ -53.32686, -22.764099 ], [ -53.351531, -22.775215 ], [ -53.363305, -22.783122 ], [ -53.377028, -22.802768 ], [ -53.398225, -22.806261 ], [ -53.409902, -22.813404 ], [ -53.429146, -22.83249 ], [ -53.450352, -22.841471 ], [ -53.484256, -22.863389 ], [ -53.51473, -22.876403 ], [ -53.533423, -22.881602 ], [ -53.546321, -22.889631 ], [ -53.558937, -22.905496 ], [ -53.560274, -22.915698 ], [ -53.570265, -22.928026 ], [ -53.588803, -22.935771 ], [ -53.606917, -22.950868 ], [ -53.616131, -22.973688 ], [ -53.633618, -22.998029 ], [ -53.633494, -23.002924 ], [ -53.629975, -23.011319 ], [ -53.636081, -23.124565 ], [ -53.642079, -23.131466 ], [ -53.659823, -23.153994 ], [ -53.659348, -23.1653 ], [ -53.693047, -23.220925 ], [ -53.703241, -23.25162 ], [ -53.704883, -23.257572 ], [ -53.712346, -23.27773 ], [ -53.714399, -23.282915 ], [ -53.730334, -23.319345 ], [ -53.761734, -23.358875 ], [ -53.770597, -23.371663 ], [ -53.789679, -23.379472 ], [ -53.815512, -23.385178 ], [ -53.876084, -23.419322 ], [ -53.931544, -23.445482 ], [ -53.959687, -23.442949 ], [ -53.963174, -23.443533 ], [ -53.981023, -23.456388 ], [ -54.003831, -23.510614 ], [ -54.006836, -23.54428 ], [ -54.023506, -23.585612 ], [ -54.030124, -23.627782 ], [ -54.031717, -23.651195 ], [ -54.044096, -23.668189 ], [ -54.05061, -23.686705 ], [ -54.052126, -23.724601 ], [ -54.075196, -23.764018 ], [ -54.083093, -23.805026 ], [ -54.083409, -23.806488 ], [ -54.085548, -23.824694 ], [ -54.082586, -23.830633 ], [ -54.087592, -23.844063 ], [ -54.083472, -23.864517 ], [ -54.079944, -23.890786 ], [ -54.101251, -23.951496 ], [ -54.117034, -23.970861 ], [ -54.129194, -23.981641 ], [ -54.168493, -23.998527 ], [ -54.220573, -24.042704 ], [ -54.248948, -24.055434 ], [ -54.259188, -24.05644 ], [ -54.27625, -24.061788 ], [ -54.288815, -24.067904 ], [ -54.309444, -24.045848 ], [ -54.313088, -24.033682 ], [ -54.321115, -24.024076 ], [ -54.318809, -24.012719 ], [ -54.320699, -24.006984 ], [ -54.34484, -24.004535 ], [ -54.35598, -24.005733 ], [ -54.369202, -23.993324 ], [ -54.385999, -23.984226 ], [ -54.400449, -23.963647 ], [ -54.414034, -23.959665 ], [ -54.4257, -23.927571 ], [ -54.429368, -23.914352 ], [ -54.43706, -23.906194 ], [ -54.449397, -23.900884 ], [ -54.483116, -23.894545 ], [ -54.500365, -23.875907 ], [ -54.504478, -23.88523 ], [ -54.510556, -23.883253 ], [ -54.517037, -23.885677 ], [ -54.526281, -23.874502 ], [ -54.537002, -23.874646 ], [ -54.546869, -23.869674 ], [ -54.553143, -23.8719 ], [ -54.569485, -23.874484 ], [ -54.57242, -23.868489 ], [ -54.566195, -23.855131 ], [ -54.581197, -23.846523 ], [ -54.584727, -23.836895 ], [ -54.595288, -23.843228 ], [ -54.601002, -23.851702 ], [ -54.609784, -23.851126 ], [ -54.617093, -23.833698 ], [ -54.625121, -23.833577 ], [ -54.632251, -23.828509 ], [ -54.647143, -23.832367 ], [ -54.653955, -23.819127 ], [ -54.666927, -23.81669 ], [ -54.670955, -23.811752 ], [ -54.687229, -23.830955 ], [ -54.698978, -23.840338 ], [ -54.698228, -23.855925 ], [ -54.705227, -23.862915 ], [ -54.74442, -23.867059 ], [ -54.749175, -23.859207 ] ], [ [ -54.621485, -21.926768 ], [ -54.626642, -21.924361 ], [ -54.626642, -21.924362 ], [ -54.621485, -21.926768 ] ] ] } },
{ "type": "Feature", "properties": { "MACRO_ID": "5012", "MACRO_NAME": "Costa Leste", "id": "500020", "name": "Água Clara", "description": "Água Clara", "MUN_ID": "500020", "UF": "MS", "HREG_ID": "50013", "HREG_NAME": "Leste" }, "geometry": { "type": "Polygon", "coordinates": [ [ [ -53.004782, -21.629309 ], [ -52.996643, -21.631609 ], [ -52.995579, -21.62344 ], [ -53.004725, -21.606777 ], [ -53.002305, -21.591799 ], [ -53.012359, -21.574564 ], [ -53.009862, -21.564109 ], [ -53.013387, -21.545544 ], [ -53.021667, -21.5228 ], [ -53.027697, -21.519077 ], [ -53.021889, -21.508477 ], [ -53.025512, -21.49547 ], [ -53.031082, -21.496022 ], [ -53.036583, -21.503289 ], [ -53.041107, -21.497734 ], [ -53.035195, -21.488353 ], [ -53.046501, -21.474033 ], [ -53.047612, -21.46357 ], [ -53.053524, -21.456269 ], [ -53.050111, -21.447113 ], [ -53.05597, -21.443668 ], [ -53.060583, -21.429704 ], [ -53.051082, -21.425093 ], [ -53.051253, -21.407923 ], [ -53.063427, -21.395269 ], [ -53.064715, -21.388059 ], [ -53.075859, -21.380816 ], [ -53.081775, -21.371336 ], [ -53.086327, -21.355439 ], [ -53.094695, -21.35066 ], [ -53.095869, -21.337602 ], [ -53.1, -21.331526 ], [ -53.097617, -21.32884 ], [ -53.104233, -21.321041 ], [ -53.114333, -21.301337 ], [ -53.113525, -21.291363 ], [ -53.119579, -21.28275 ], [ -53.114468, -21.26729 ], [ -53.118304, -21.26229 ], [ -53.12411, -21.26138 ], [ -53.129611, -21.243381 ], [ -53.124996, -21.232241 ], [ -53.133052, -21.226591 ], [ -53.127746, -21.218056 ], [ -53.133168, -21.206993 ], [ -53.135552, -21.182503 ], [ -53.139664, -21.177629 ], [ -53.134557, -21.166602 ], [ -53.143555, -21.155883 ], [ -53.137715, -21.15158 ], [ -53.141749, -21.145131 ], [ -53.140276, -21.140052 ], [ -53.149271, -21.135941 ], [ -53.174032, -21.110045 ], [ -53.178054, -21.09809 ], [ -53.184919, -21.093893 ], [ -53.185303, -21.083248 ], [ -53.191268, -21.074578 ], [ -53.189801, -21.066768 ], [ -53.196854, -21.059196 ], [ -53.204167, -21.057805 ], [ -53.207138, -21.052662 ], [ -53.218666, -21.046849 ], [ -53.217943, -21.041639 ], [ -53.231833, -21.019593 ], [ -53.241531, -21.011777 ], [ -53.246087, -20.99929 ], [ -53.25817, -20.996478 ], [ -53.263054, -20.98912 ], [ -53.269308, -20.990601 ], [ -53.283696, -20.976721 ], [ -53.293915, -20.955075 ], [ -53.291835, -20.945283 ], [ -53.284721, -20.938741 ], [ -53.284522, -20.933855 ], [ -53.277225, -20.930338 ], [ -53.272756, -20.909844 ], [ -53.263778, -20.902101 ], [ -53.260452, -20.88975 ], [ -53.247479, -20.881968 ], [ -53.237473, -20.880435 ], [ -53.227219, -20.87282 ], [ -53.219168, -20.859452 ], [ -53.213362, -20.857982 ], [ -53.175911, -20.821689 ], [ -53.167209, -20.753799 ], [ -53.176645, -20.737907 ], [ -53.178469, -20.722984 ], [ -53.17055, -20.69276 ], [ -53.165027, -20.686839 ], [ -53.154813, -20.686211 ], [ -53.15368, -20.686182 ], [ -53.128252, -20.689466 ], [ -53.111827, -20.683149 ], [ -53.103914, -20.674093 ], [ -53.090335, -20.680021 ], [ -53.082148, -20.678762 ], [ -53.062636, -20.664329 ], [ -53.037418, -20.652628 ], [ -53.001327, -20.653389 ], [ -52.982526, -20.650823 ], [ -52.972694, -20.645357 ], [ -52.96197, -20.643943 ], [ -52.941642, -20.629318 ], [ -52.909418, -20.619363 ], [ -52.904698, -20.61394 ], [ -52.894748, -20.612694 ], [ -52.868248, -20.590828 ], [ -52.858999, -20.578496 ], [ -52.82317, -20.553753 ], [ -52.81756, -20.541488 ], [ -52.822079, -20.538472 ], [ -52.824858, -20.52731 ], [ -52.842993, -20.510388 ], [ -52.843081, -20.502478 ], [ -52.861001, -20.473668 ], [ -52.866915, -20.455381 ], [ -52.871349, -20.45263 ], [ -52.890213, -20.448628 ], [ -52.892943, -20.448613 ], [ -52.899642, -20.446252 ], [ -52.902336, -20.435313 ], [ -52.914085, -20.432542 ], [ -52.936295, -20.404041 ], [ -52.942778, -20.405271 ], [ -52.943472, -20.397679 ], [ -52.955248, -20.380174 ], [ -52.954558, -20.37465 ], [ -52.962364, -20.376243 ], [ -52.969448, -20.364308 ], [ -52.988499, -20.353491 ], [ -52.99475, -20.355478 ], [ -53.004053, -20.347709 ], [ -53.007275, -20.348631 ], [ -53.008697, -20.340392 ], [ -53.014743, -20.342839 ], [ -53.020219, -20.337405 ], [ -53.031661, -20.33417 ], [ -53.035694, -20.324665 ], [ -53.041468, -20.323603 ], [ -53.047919, -20.314687 ], [ -53.053472, -20.312786 ], [ -53.061485, -20.300436 ], [ -53.069305, -20.299204 ], [ -53.072994, -20.287444 ], [ -53.080859, -20.283512 ], [ -53.084218, -20.276444 ], [ -53.085305, -20.256657 ], [ -53.097724, -20.242449 ], [ -53.092505, -20.21226 ], [ -53.087553, -20.209148 ], [ -53.092132, -20.204527 ], [ -53.095139, -20.191184 ], [ -53.107747, -20.176518 ], [ -53.108948, -20.167184 ], [ -53.118671, -20.163149 ], [ -53.117082, -20.15643 ], [ -53.136306, -20.141414 ], [ -53.150224, -20.13759 ], [ -53.15192, -20.124561 ], [ -53.171614, -20.094785 ], [ -53.179471, -20.058565 ], [ -53.190117, -20.048227 ], [ -53.206725, -20.041309 ], [ -53.216475, -20.02597 ], [ -53.231247, -20.016894 ], [ -53.237642, -20.020733 ], [ -53.240909, -20.017667 ], [ -53.257608, -20.001994 ], [ -53.258582, -19.98787 ], [ -53.275138, -19.976339 ], [ -53.283724, -19.964308 ], [ -53.288078, -19.954253 ], [ -53.287316, -19.946777 ], [ -53.297576, -19.933732 ], [ -53.298633, -19.925858 ], [ -53.313221, -19.913867 ], [ -53.313594, -19.905386 ], [ -53.312755, -19.900784 ], [ -53.32242, -19.898029 ], [ -53.328222, -19.885758 ], [ -53.335753, -19.891015 ], [ -53.343836, -19.890088 ], [ -53.361364, -19.88185 ], [ -53.381807, -19.847541 ], [ -53.382249, -19.831906 ], [ -53.388109, -19.82778 ], [ -53.385755, -19.821034 ], [ -53.391417, -19.810764 ], [ -53.396749, -19.809247 ], [ -53.395641, -19.804745 ], [ -53.404783, -19.797133 ], [ -53.4045, -19.790962 ], [ -53.408972, -19.786893 ], [ -53.418108, -19.788378 ], [ -53.424584, -19.784035 ], [ -53.432221, -19.775298 ], [ -53.43664, -19.7614 ], [ -53.445333, -19.753062 ], [ -53.443532, -19.749579 ], [ -53.450499, -19.740558 ], [ -53.449283, -19.733625 ], [ -53.462523, -19.728372 ], [ -53.45872, -19.715786 ], [ -53.467895, -19.696167 ], [ -53.487859, -19.690181 ], [ -53.484725, -19.68552 ], [ -53.489641, -19.68425 ], [ -53.488614, -19.677375 ], [ -53.494393, -19.671391 ], [ -53.48714, -19.667143 ], [ -53.493274, -19.663202 ], [ -53.493612, -19.659175 ], [ -53.487082, -19.658361 ], [ -53.486024, -19.645892 ], [ -53.481416, -19.644172 ], [ -53.487778, -19.634163 ], [ -53.478412, -19.635435 ], [ -53.482335, -19.630957 ], [ -53.478111, -19.625163 ], [ -53.479279, -19.617806 ], [ -53.474033, -19.614437 ], [ -53.477081, -19.601809 ], [ -53.483609, -19.593227 ], [ -53.482248, -19.587055 ], [ -53.488055, -19.585896 ], [ -53.495362, -19.578474 ], [ -53.494182, -19.574801 ], [ -53.503194, -19.568014 ], [ -53.50119, -19.557866 ], [ -53.497085, -19.554548 ], [ -53.503476, -19.548756 ], [ -53.498867, -19.544633 ], [ -53.504574, -19.539816 ], [ -53.513614, -19.539498 ], [ -53.518894, -19.526638 ], [ -53.518502, -19.51717 ], [ -53.525916, -19.513558 ], [ -53.528313, -19.491477 ], [ -53.533116, -19.480893 ], [ -53.536722, -19.481661 ], [ -53.537896, -19.474481 ], [ -53.54725, -19.473801 ], [ -53.550669, -19.460403 ], [ -53.555557, -19.455933 ], [ -53.547919, -19.452528 ], [ -53.548359, -19.444894 ], [ -53.554246, -19.440673 ], [ -53.553886, -19.426389 ], [ -53.562027, -19.419363 ], [ -53.560473, -19.40953 ], [ -53.565725, -19.400085 ], [ -53.562976, -19.395307 ], [ -53.566859, -19.392471 ], [ -53.572701, -19.37484 ], [ -53.57274, -19.374724 ], [ -53.579782, -19.368328 ], [ -53.575833, -19.363782 ], [ -53.579055, -19.362354 ], [ -53.57931, -19.352354 ], [ -53.589839, -19.3473 ], [ -53.5975, -19.335592 ], [ -53.597163, -19.329329 ], [ -53.600809, -19.328188 ], [ -53.608753, -19.309941 ], [ -53.60522, -19.306771 ], [ -53.606135, -19.302249 ], [ -53.620438, -19.292593 ], [ -53.615366, -19.285817 ], [ -53.621526, -19.283958 ], [ -53.637719, -19.265562 ], [ -53.635532, -19.261005 ], [ -53.62131, -19.25364 ], [ -53.614384, -19.237283 ], [ -53.610357, -19.235161 ], [ -53.615774, -19.220139 ], [ -53.608532, -19.214484 ], [ -53.607755, -19.193462 ], [ -53.610722, -19.193017 ], [ -53.607865, -19.182829 ], [ -53.59931, -19.1787 ], [ -53.598694, -19.181463 ], [ -53.586886, -19.181248 ], [ -53.573219, -19.185975 ], [ -53.535837, -19.185045 ], [ -53.518614, -19.180268 ], [ -53.486026, -19.185167 ], [ -53.466745, -19.184632 ], [ -53.440894, -19.176361 ], [ -53.428977, -19.161021 ], [ -53.429801, -19.150617 ], [ -53.424172, -19.137873 ], [ -53.422451, -19.114107 ], [ -53.412361, -19.10394 ], [ -53.404587, -19.101128 ], [ -53.397056, -19.081627 ], [ -53.356527, -19.062772 ], [ -53.344944, -19.053064 ], [ -53.313898, -19.045772 ], [ -53.319586, -19.022917 ], [ -53.323919, -19.020502 ], [ -53.340531, -19.025631 ], [ -53.35494, -19.035375 ], [ -53.402198, -19.030619 ], [ -53.398419, -19.019911 ], [ -53.401918, -19.005287 ], [ -53.386863, -18.990195 ], [ -53.383373, -18.942678 ], [ -53.403166, -18.937724 ], [ -53.41597, -18.913933 ], [ -53.433369, -18.897066 ], [ -53.437944, -18.894395 ], [ -53.454584, -18.896967 ], [ -53.457583, -18.87335 ], [ -53.48447, -18.860263 ], [ -53.489554, -18.849236 ], [ -53.488652, -18.838141 ], [ -53.347233, -18.774486 ], [ -53.362055, -18.758526 ], [ -53.365383, -18.747803 ], [ -53.376736, -18.741087 ], [ -53.381512, -18.722332 ], [ -53.372651, -18.706343 ], [ -53.375329, -18.704313 ], [ -53.374513, -18.696578 ], [ -53.368592, -18.69548 ], [ -53.373115, -18.691463 ], [ -53.373289, -18.679534 ], [ -53.396927, -18.666995 ], [ -53.409482, -18.655219 ], [ -53.432991, -18.654012 ], [ -53.435058, -18.629761 ], [ -53.456506, -18.628983 ], [ -53.468804, -18.61809 ], [ -53.462668, -18.601182 ], [ -53.469892, -18.596866 ], [ -53.473946, -18.584718 ], [ -53.471812, -18.576706 ], [ -53.48211, -18.5633 ], [ -53.49916, -18.521709 ], [ -53.506946, -18.516122 ], [ -53.51735, -18.514028 ], [ -53.554768, -18.472631 ], [ -53.560813, -18.468451 ], [ -53.558543, -18.456295 ], [ -53.561428, -18.450632 ], [ -53.580409, -18.436989 ], [ -53.559417, -18.434644 ], [ -53.545967, -18.418954 ], [ -53.525748, -18.416927 ], [ -53.520528, -18.407579 ], [ -53.5061, -18.407865 ], [ -53.497333, -18.401151 ], [ -53.490442, -18.404872 ], [ -53.485996, -18.413189 ], [ -53.481639, -18.408768 ], [ -53.46145, -18.402722 ], [ -53.452385, -18.39061 ], [ -53.435581, -18.383206 ], [ -53.448947, -18.352282 ], [ -53.430419, -18.335983 ], [ -53.430804, -18.328124 ], [ -53.445611, -18.309511 ], [ -53.449724, -18.289113 ], [ -53.46122, -18.278502 ], [ -53.454866, -18.269179 ], [ -53.446392, -18.266227 ], [ -53.443495, -18.258043 ], [ -53.434375, -18.25195 ], [ -53.399834, -18.239704 ], [ -53.391775, -18.240212 ], [ -53.362832, -18.256236 ], [ -53.352004, -18.253716 ], [ -53.34714, -18.256771 ], [ -53.329697, -18.238948 ], [ -53.33172, -18.234492 ], [ -53.339498, -18.232947 ], [ -53.346471, -18.223792 ], [ -53.355169, -18.221093 ], [ -53.378947, -18.202849 ], [ -53.372473, -18.199277 ], [ -53.362864, -18.200427 ], [ -53.356283, -18.193945 ], [ -53.329247, -18.208139 ], [ -53.313336, -18.208515 ], [ -53.294031, -18.197016 ], [ -53.286522, -18.183544 ], [ -53.277718, -18.180196 ], [ -53.264697, -18.163822 ], [ -53.248477, -18.159891 ], [ -53.23361, -18.137906 ], [ -53.222086, -18.130783 ], [ -53.220277, -18.121182 ], [ -53.226725, -18.077147 ], [ -53.225306, -18.067223 ], [ -53.236358, -18.050775 ], [ -53.237276, -18.006997 ], [ -53.217107, -18.013123 ], [ -53.204662, -18.021447 ], [ -53.198304, -18.019859 ], [ -53.190052, -18.035852 ], [ -53.176305, -18.041134 ], [ -53.173288, -18.041113 ], [ -53.155214, -18.039809 ], [ -53.150015, -18.039482 ], [ -53.071791, -18.033528 ], [ -53.075224, -18.050348 ], [ -53.088731, -18.056336 ], [ -53.123164, -18.058381 ], [ -53.139428, -18.071665 ], [ -53.142752, -18.08139 ], [ -53.136224, -18.118078 ], [ -53.128529, -18.138037 ], [ -53.12925, -18.160255 ], [ -53.1097, -18.219115 ], [ -53.109839, -18.247611 ], [ -53.101552, -18.272172 ], [ -53.100665, -18.310383 ], [ -53.069448, -18.342431 ], [ -53.044048, -18.343474 ], [ -53.027201, -18.351023 ], [ -53.020379, -18.345831 ], [ -53.013451, -18.325691 ], [ -52.975592, -18.303007 ], [ -52.953689, -18.29613 ], [ -52.934743, -18.296106 ], [ -52.87272, -18.314385 ], [ -52.820305, -18.310276 ], [ -52.804801, -18.313005 ], [ -52.786977, -18.320135 ], [ -52.762681, -18.342297 ], [ -52.761454, -18.343995 ], [ -52.758616, -18.35012 ], [ -52.761416, -18.370861 ], [ -52.785582, -18.38986 ], [ -52.798027, -18.414412 ], [ -52.838, -18.423183 ], [ -52.850944, -18.421822 ], [ -52.872807, -18.426342 ], [ -52.878667, -18.442421 ], [ -52.880471, -18.465043 ], [ -52.898608, -18.476383 ], [ -52.90957, -18.491295 ], [ -52.915273, -18.508453 ], [ -52.9448, -18.519298 ], [ -52.961864, -18.54037 ], [ -52.96444, -18.549579 ], [ -52.95314, -18.561939 ], [ -52.951329, -18.576222 ], [ -52.941051, -18.585468 ], [ -52.933966, -18.598662 ], [ -52.939384, -18.612813 ], [ -52.920638, -18.612951 ], [ -52.913835, -18.61937 ], [ -52.917803, -18.637496 ], [ -52.91228, -18.64153 ], [ -52.87297, -18.645742 ], [ -52.848139, -18.661165 ], [ -52.846026, -18.666673 ], [ -52.836302, -18.666458 ], [ -52.827167, -18.671442 ], [ -52.808946, -18.66653 ], [ -52.786245, -18.680847 ], [ -52.76542, -18.680712 ], [ -52.746996, -18.691574 ], [ -52.730809, -18.688466 ], [ -52.71954, -18.691312 ], [ -52.689767, -18.680591 ], [ -52.675001, -18.678516 ], [ -52.642885, -18.687985 ], [ -52.633197, -18.695105 ], [ -52.622137, -18.688711 ], [ -52.592383, -18.68944 ], [ -52.586029, -18.680476 ], [ -52.566361, -18.664458 ], [ -52.55508, -18.661236 ], [ -52.552551, -18.656537 ], [ -52.530771, -18.657571 ], [ -52.52206, -18.664186 ], [ -52.521309, -18.668867 ], [ -52.500297, -18.674826 ], [ -52.475031, -18.6851 ], [ -52.448634, -18.690513 ], [ -52.438498, -18.705147 ], [ -52.43355, -18.719531 ], [ -52.425911, -18.73046 ], [ -52.412114, -18.73979 ], [ -52.41144, -18.745528 ], [ -52.409356, -18.754531 ], [ -52.39728, -18.757992 ], [ -52.398943, -18.764658 ], [ -52.377887, -18.783481 ], [ -52.378944, -18.787177 ], [ -52.375778, -18.78676 ], [ -52.374748, -18.791204 ], [ -52.36724, -18.793444 ], [ -52.369307, -18.798796 ], [ -52.353551, -18.799753 ], [ -52.350493, -18.809722 ], [ -52.35397, -18.812236 ], [ -52.346308, -18.814886 ], [ -52.343904, -18.821971 ], [ -52.337476, -18.821493 ], [ -52.333637, -18.82779 ], [ -52.320859, -18.830566 ], [ -52.30855, -18.839263 ], [ -52.298247, -18.836169 ], [ -52.29447, -18.828826 ], [ -52.279951, -18.828986 ], [ -52.264304, -18.830234 ], [ -52.263278, -18.827356 ], [ -52.250995, -18.839126 ], [ -52.218835, -18.842102 ], [ -52.209381, -18.845734 ], [ -52.207471, -18.849678 ], [ -52.202524, -18.847399 ], [ -52.198829, -18.85033 ], [ -52.186498, -18.845428 ], [ -52.18099, -18.847462 ], [ -52.179104, -18.855072 ], [ -52.175691, -18.854227 ], [ -52.171964, -18.86165 ], [ -52.165522, -18.865064 ], [ -52.164776, -18.876208 ], [ -52.158996, -18.876045 ], [ -52.161193, -18.878198 ], [ -52.154642, -18.882107 ], [ -52.156693, -18.887979 ], [ -52.147578, -18.893469 ], [ -52.136973, -18.889463 ], [ -52.13103, -18.897274 ], [ -52.112971, -18.901718 ], [ -52.111226, -18.898846 ], [ -52.105746, -18.905449 ], [ -52.108522, -18.918489 ], [ -52.104468, -18.917617 ], [ -52.102412, -18.921551 ], [ -52.106553, -18.923056 ], [ -52.103909, -18.927607 ], [ -52.095494, -18.935566 ], [ -52.088473, -18.935173 ], [ -52.09266, -18.941648 ], [ -52.087993, -18.941437 ], [ -52.080882, -18.950453 ], [ -52.066412, -18.952886 ], [ -52.056162, -18.945932 ], [ -52.04944, -18.950904 ], [ -52.044748, -18.950054 ], [ -52.041188, -18.959961 ], [ -52.036781, -18.960936 ], [ -52.03469, -18.95771 ], [ -52.025027, -18.963124 ], [ -52.018161, -18.963042 ], [ -52.019383, -18.967236 ], [ -52.01397, -18.972957 ], [ -52.020197, -18.978839 ], [ -52.015114, -18.982325 ], [ -52.007716, -18.97659 ], [ -52.004109, -18.968515 ], [ -51.998416, -18.96729 ], [ -51.995469, -18.972971 ], [ -51.98091, -18.97078 ], [ -51.977718, -18.980356 ], [ -51.972522, -18.974215 ], [ -51.969224, -18.976832 ], [ -51.966551, -18.974879 ], [ -51.967801, -18.966243 ], [ -51.964862, -18.970094 ], [ -51.962835, -18.968096 ], [ -51.957389, -18.977842 ], [ -51.951025, -18.980255 ], [ -51.951825, -18.974466 ], [ -51.945574, -18.974705 ], [ -51.939951, -18.967413 ], [ -51.933191, -18.975067 ], [ -51.926071, -18.975191 ], [ -51.925159, -18.983849 ], [ -51.914273, -18.983176 ], [ -51.907026, -18.99375 ], [ -51.898328, -18.99373 ], [ -51.88891, -19.007898 ], [ -51.890746, -19.016519 ], [ -51.882277, -19.019427 ], [ -51.875054, -19.030151 ], [ -51.871584, -19.029542 ], [ -51.870666, -19.035077 ], [ -51.854469, -19.05102 ], [ -51.848301, -19.046423 ], [ -51.850412, -19.043928 ], [ -51.84228, -19.041847 ], [ -51.835135, -19.045518 ], [ -51.843407, -19.052174 ], [ -51.840835, -19.056686 ], [ -51.817885, -19.053129 ], [ -51.795938, -19.066167 ], [ -51.797445, -19.072297 ], [ -51.789084, -19.073544 ], [ -51.790854, -19.077676 ], [ -51.78072, -19.080755 ], [ -51.775609, -19.076601 ], [ -51.760162, -19.088171 ], [ -51.742062, -19.087348 ], [ -51.741384, -19.089619 ], [ -51.747434, -19.091845 ], [ -51.742315, -19.098034 ], [ -51.742281, -19.098071 ], [ -51.739888, -19.100408 ], [ -51.731159, -19.098598 ], [ -51.728221, -19.107772 ], [ -51.71619, -19.107024 ], [ -51.712692, -19.102377 ], [ -51.705385, -19.106208 ], [ -51.710823, -19.108025 ], [ -51.709297, -19.111978 ], [ -51.699491, -19.119224 ], [ -51.692744, -19.11776 ], [ -51.682662, -19.121053 ], [ -51.657471, -19.137464 ], [ -51.642029, -19.129405 ], [ -51.63916, -19.126974 ], [ -51.623409, -19.137579 ], [ -51.61316, -19.136318 ], [ -51.608718, -19.140421 ], [ -51.596304, -19.135854 ], [ -51.592023, -19.12696 ], [ -51.579189, -19.130232 ], [ -51.576191, -19.126104 ], [ -51.575749, -19.13211 ], [ -51.554106, -19.13202 ], [ -51.547524, -19.141315 ], [ -51.539297, -19.142856 ], [ -51.526966, -19.139151 ], [ -51.518676, -19.145865 ], [ -51.510994, -19.15061 ], [ -51.500997, -19.147324 ], [ -51.499965, -19.157673 ], [ -51.493444, -19.162539 ], [ -51.480936, -19.15922 ], [ -51.476943, -19.15363 ], [ -51.47269, -19.153841 ], [ -51.457769, -19.167132 ], [ -51.456574, -19.162538 ], [ -51.447519, -19.159998 ], [ -51.444426, -19.160152 ], [ -51.442332, -19.168155 ], [ -51.437607, -19.171239 ], [ -51.430076, -19.170592 ], [ -51.424448, -19.165063 ], [ -51.419996, -19.166081 ], [ -51.416192, -19.173837 ], [ -51.411133, -19.171969 ], [ -51.405522, -19.175186 ], [ -51.411132, -19.179913 ], [ -51.409882, -19.182181 ], [ -51.406026, -19.185036 ], [ -51.405048, -19.185419 ], [ -51.399223, -19.19056 ], [ -51.395073, -19.195629 ], [ -51.374634, -19.194183 ], [ -51.369524, -19.200211 ], [ -51.370024, -19.207464 ], [ -51.36408, -19.212463 ], [ -51.367761, -19.221242 ], [ -51.34352, -19.213467 ], [ -51.335187, -19.221805 ], [ -51.31189, -19.218525 ], [ -51.307334, -19.218074 ], [ -51.302937, -19.222965 ], [ -51.307436, -19.237484 ], [ -51.297492, -19.23833 ], [ -51.297221, -19.24209 ], [ -51.289638, -19.245661 ], [ -51.285659, -19.252192 ], [ -51.27847, -19.249682 ], [ -51.274276, -19.261662 ], [ -51.256465, -19.266975 ], [ -51.251739, -19.273619 ], [ -51.246267, -19.265774 ], [ -51.240464, -19.268602 ], [ -51.228385, -19.264007 ], [ -51.223798, -19.257727 ], [ -51.215907, -19.258519 ], [ -51.207217, -19.265535 ], [ -51.202493, -19.260778 ], [ -51.200384, -19.264459 ], [ -51.187471, -19.268093 ], [ -51.180022, -19.283078 ], [ -51.167853, -19.286944 ], [ -51.143355, -19.286752 ], [ -51.125601, -19.302999 ], [ -51.117937, -19.302527 ], [ -51.105552, -19.308222 ], [ -51.092111, -19.306739 ], [ -51.087489, -19.307874 ], [ -51.087441, -19.313838 ], [ -51.066637, -19.325091 ], [ -51.066573, -19.32964 ], [ -51.057354, -19.328987 ], [ -51.053136, -19.335398 ], [ -51.050324, -19.334613 ], [ -51.042158, -19.346222 ], [ -51.041212, -19.36063 ], [ -51.034565, -19.359944 ], [ -51.030521, -19.363333 ], [ -51.023326, -19.380994 ], [ -51.017522, -19.383419 ], [ -51.020497, -19.389441 ], [ -51.031797, -19.39744 ], [ -51.030246, -19.40098 ], [ -51.015022, -19.402032 ], [ -51.005654, -19.398631 ], [ -51.001498, -19.403765 ], [ -51.004349, -19.412657 ], [ -50.984581, -19.409955 ], [ -50.984827, -19.430924 ], [ -50.967907, -19.434417 ], [ -50.950326, -19.442991 ], [ -50.946247, -19.452444 ], [ -50.94041, -19.453275 ], [ -50.935433, -19.460185 ], [ -50.933995, -19.466983 ], [ -50.948965, -19.470592 ], [ -50.962797, -19.483179 ], [ -50.962471, -19.50012 ], [ -50.950076, -19.517059 ], [ -50.930406, -19.541785 ], [ -50.923693, -19.558158 ], [ -50.922654, -19.575601 ], [ -50.927523, -19.587341 ], [ -50.937103, -19.591811 ], [ -50.946067, -19.59123 ], [ -50.962395, -19.581244 ], [ -50.977437, -19.582048 ], [ -50.987079, -19.589048 ], [ -50.989992, -19.604942 ], [ -51.008562, -19.641513 ], [ -51.011636, -19.65187 ], [ -51.013218, -19.654215 ], [ -51.021137, -19.659557 ], [ -51.036098, -19.686553 ], [ -51.038019, -19.719073 ], [ -51.045468, -19.728591 ], [ -51.044956, -19.737096 ], [ -51.027425, -19.756115 ], [ -51.039462, -19.776658 ], [ -51.035149, -19.788617 ], [ -51.033021, -19.790219 ], [ -51.022216, -19.807037 ], [ -51.017722, -19.836821 ], [ -51.019801, -19.864341 ], [ -51.001976, -19.900351 ], [ -50.998994, -19.905915 ], [ -50.999026, -19.911258 ], [ -51.002022, -19.924334 ], [ -51.020434, -19.958626 ], [ -51.018178, -19.973164 ], [ -51.00433, -19.998756 ], [ -51.005559, -20.024838 ], [ -51.017411, -20.047931 ], [ -51.009279, -20.071565 ], [ -50.999997, -20.084923 ], [ -51.000611, -20.094295 ], [ -51.000714, -20.095873 ], [ -51.028796, -20.150562 ], [ -51.048334, -20.198114 ], [ -51.057785, -20.232727 ], [ -51.068685, -20.249587 ], [ -51.108911, -20.27963 ], [ -51.113508, -20.283131 ], [ -51.131935, -20.295069 ], [ -51.160287, -20.304762 ], [ -51.295204, -20.32802 ], [ -51.320964, -20.339157 ], [ -51.340853, -20.353227 ], [ -51.343066, -20.355173 ], [ -51.350388, -20.362718 ], [ -51.360743, -20.384078 ], [ -51.374634, -20.396065 ], [ -51.403429, -20.452191 ], [ -51.408798, -20.459108 ], [ -51.418365, -20.464573 ], [ -51.43044, -20.470881 ], [ -51.448747, -20.482353 ], [ -51.494431, -20.553018 ], [ -51.499739, -20.567754 ], [ -51.520996, -20.586826 ], [ -51.565633, -20.61687 ], [ -51.574702, -20.622956 ], [ -51.593664, -20.643385 ], [ -51.627718, -20.724618 ], [ -51.634415, -20.754386 ], [ -51.621914, -20.776409 ], [ -51.626998, -20.784234 ], [ -51.626304, -20.790958 ], [ -51.632493, -20.821095 ], [ -51.63036, -20.849255 ], [ -51.625046, -20.873606 ], [ -51.612993, -20.889615 ], [ -51.618509, -20.931868 ], [ -51.623102, -20.94397 ], [ -51.665248, -20.970057 ], [ -51.685135, -20.972556 ], [ -51.71321, -20.970995 ], [ -51.722486, -20.976974 ], [ -51.752725, -21.013852 ], [ -51.770772, -21.042197 ], [ -51.77199, -21.050658 ], [ -51.775158, -21.072631 ], [ -51.789184, -21.101656 ], [ -51.807519, -21.109559 ], [ -51.813967, -21.120925 ], [ -51.823103, -21.126376 ], [ -51.844106, -21.130999 ], [ -51.864988, -21.130076 ], [ -51.875374, -21.135684 ], [ -51.878497, -21.147674 ], [ -51.875273, -21.18058 ], [ -51.879233, -21.197453 ], [ -51.86319, -21.226247 ], [ -51.853874, -21.260481 ], [ -51.848026, -21.266174 ], [ -51.858031, -21.300038 ], [ -51.860575, -21.336206 ], [ -51.868274, -21.353066 ], [ -51.905094, -21.383538 ], [ -51.917716, -21.411718 ], [ -51.919856, -21.429173 ], [ -51.928193, -21.455352 ], [ -51.948634, -21.469354 ], [ -51.961733, -21.492842 ], [ -51.967414, -21.501297 ], [ -51.996443, -21.515396 ], [ -52.017568, -21.511313 ], [ -52.056577, -21.503145 ], [ -52.065962, -21.504127 ], [ -52.077298, -21.514758 ], [ -52.095472, -21.541599 ], [ -52.102802, -21.5586 ], [ -52.101674, -21.569349 ], [ -52.068385, -21.597642 ], [ -52.0623, -21.620132 ], [ -52.04903, -21.642625 ], [ -52.04785, -21.655877 ], [ -52.053276, -21.672109 ], [ -52.06645, -21.696081 ], [ -52.076002, -21.714416 ], [ -52.085452, -21.722824 ], [ -52.103298, -21.745588 ], [ -52.139557, -21.755265 ], [ -52.16077, -21.770308 ], [ -52.161702, -21.772529 ], [ -52.183493, -21.813995 ], [ -52.183111, -21.825899 ], [ -52.190069, -21.845679 ], [ -52.23294, -21.883288 ], [ -52.247913, -21.901815 ], [ -52.257691, -21.905458 ], [ -52.263204, -21.911833 ], [ -52.27447, -21.914475 ], [ -52.300991, -21.941703 ], [ -52.318526, -21.971666 ], [ -52.344941, -22.061509 ], [ -52.376723, -22.106212 ], [ -52.391412, -22.114213 ], [ -52.395493, -22.108176 ], [ -52.394106, -22.103196 ], [ -52.37952, -22.076877 ], [ -52.400436, -22.066746 ], [ -52.406888, -22.067006 ], [ -52.416584, -22.056765 ], [ -52.436889, -22.051685 ], [ -52.439552, -22.042925 ], [ -52.464431, -22.018559 ], [ -52.468747, -22.013431 ], [ -52.497796, -22.006641 ], [ -52.506963, -21.995693 ], [ -52.5325, -21.969799 ], [ -52.548365, -21.964479 ], [ -52.563457, -21.952774 ], [ -52.604893, -21.917348 ], [ -52.608637, -21.914615 ], [ -52.609724, -21.893632 ], [ -52.621364, -21.876274 ], [ -52.631279, -21.83251 ], [ -52.662992, -21.83794 ], [ -52.674554, -21.840283 ], [ -52.735635, -21.852649 ], [ -52.774365, -21.860477 ], [ -52.823645, -21.870425 ], [ -52.871332, -21.880035 ], [ -52.928537, -21.8668 ], [ -52.953019, -21.861299 ], [ -52.998529, -21.856044 ], [ -53.030758, -21.854672 ], [ -53.044288, -21.846585 ], [ -53.075863, -21.836575 ], [ -53.079327, -21.798453 ], [ -53.063694, -21.768358 ], [ -53.057303, -21.741571 ], [ -53.046496, -21.724054 ], [ -53.035335, -21.688813 ], [ -53.038588, -21.622175 ], [ -53.024523, -21.615167 ], [ -53.01986, -21.619338 ], [ -53.011327, -21.618611 ], [ -53.004782, -21.629309 ] ] ] } }
]
}
