{
"type": "FeatureCollection",
"name": "geojs-15-macro_regions",
"crs": { "type": "name", "properties": { "name": "urn:ogc:def:crs:OGC:1.3:CRS84" } },
"features": [
{ "type": "Feature", "properties": { "MACRO_ID": "1509", "MACRO_NAME": "Macrorregião IV", "id": "150013", "name": "Abel Figueiredo", "description": "Abel Figueiredo", "MUN_ID": "150013", "UF": "PA", "HREG_ID": "15003", "HREG_NAME": "Carajas" }, "geometry": { "type": "Polygon", "coordinates": [ [ [ -49.90725, -9.173417 ], [ -49.943028, -9.200479 ], [ -49.965701, -9.230458 ], [ -49.993612, -9.23369 ], [ -50.004558, -9.268353 ], [ -50.018674, -9.280806 ], [ -50.037338, -9.288999 ], [ -50.047542, -9.307045 ], [ -50.050305, -9.312661 ], [ -50.05502, -9.334292 ], [ -50.053119, -9.373042 ], [ -50.058111, -9.379439 ], [ -50.065086, -9.400394 ], [ -50.089669, -9.431188 ], [ -50.104889, -9.475003 ], [ -50.10486, -9.489146 ], [ -50.100978, -9.499876 ], [ -50.107421, -9.504135 ], [ -50.107501, -9.508222 ], [ -50.093727, -9.525627 ], [ -50.089114, -9.545285 ], [ -50.103026, -9.562356 ], [ -50.106884, -9.572099 ], [ -50.106921, -9.593872 ], [ -50.119695, -9.606582 ], [ -50.125, -9.618329 ], [ -50.138556, -9.627051 ], [ -50.139609, -9.654095 ], [ -50.149718, -9.674318 ], [ -50.150556, -9.695199 ], [ -50.158668, -9.698981 ], [ -50.16083, -9.712419 ], [ -50.197447, -9.758426 ], [ -50.203335, -9.790505 ], [ -50.213945, -9.812813 ], [ -50.217166, -9.834157 ], [ -50.224357, -9.840744 ], [ -50.321177, -9.834745 ], [ -50.695821, -9.810381 ], [ -50.84244, -9.800414 ], [ -51.057552, -9.78746 ], [ -51.058412, -9.787407 ], [ -51.30383, -9.772453 ], [ -51.487708, -9.760173 ], [ -52.254869, -9.707404 ], [ -52.359088, -9.699981 ], [ -52.458032, -9.693096 ], [ -52.618888, -9.681841 ], [ -52.619512, -9.681797 ], [ -53.132918, -9.644925 ], [ -53.132777, -9.634747 ], [ -53.120222, -9.596409 ], [ -53.123664, -9.572208 ], [ -53.121083, -9.563088 ], [ -53.112058, -9.552026 ], [ -53.101946, -9.552002 ], [ -53.096556, -9.544085 ], [ -53.056253, -9.530101 ], [ -53.053312, -9.523809 ], [ -53.054751, -9.513708 ], [ -53.046191, -9.499888 ], [ -53.050724, -9.490969 ], [ -53.045997, -9.487412 ], [ -53.04203, -9.476895 ], [ -53.034749, -9.474688 ], [ -53.021329, -9.480489 ], [ -53.008223, -9.474893 ], [ -52.994609, -9.474891 ], [ -52.976727, -9.461431 ], [ -52.972587, -9.451467 ], [ -52.965891, -9.449069 ], [ -52.949555, -9.45827 ], [ -52.926778, -9.45303 ], [ -52.925414, -9.449952 ], [ -52.933418, -9.443766 ], [ -52.939141, -9.42102 ], [ -52.932579, -9.414056 ], [ -52.926836, -9.390064 ], [ -52.921167, -9.383212 ], [ -52.933533, -9.355867 ], [ -52.935446, -9.343172 ], [ -52.943758, -9.3291 ], [ -52.955443, -9.285689 ], [ -52.965415, -9.277618 ], [ -52.974088, -9.240188 ], [ -52.966476, -9.238413 ], [ -52.96236, -9.233438 ], [ -52.971746, -9.20985 ], [ -52.9865, -9.202352 ], [ -53.004335, -9.182883 ], [ -53.005223, -9.174741 ], [ -53.013809, -9.168997 ], [ -53.022523, -9.156291 ], [ -53.041192, -9.156486 ], [ -53.059469, -9.146814 ], [ -53.069943, -9.147322 ], [ -53.080805, -9.143036 ], [ -53.084331, -9.115724 ], [ -53.055337, -9.106519 ], [ -53.052331, -9.10387 ], [ -53.062403, -9.098265 ], [ -53.049698, -9.088468 ], [ -53.040946, -9.091862 ], [ -53.036139, -9.08667 ], [ -53.037363, -9.078085 ], [ -53.031581, -9.070085 ], [ -53.025112, -9.073846 ], [ -53.015616, -9.064023 ], [ -53.023312, -9.053565 ], [ -53.032803, -9.048464 ], [ -53.046116, -9.028708 ], [ -53.04586, -9.011691 ], [ -53.051531, -9.002487 ], [ -53.045642, -8.994461 ], [ -53.046365, -8.988333 ], [ -53.039582, -8.974664 ], [ -53.041694, -8.964002 ], [ -53.049503, -8.961091 ], [ -53.054777, -8.95363 ], [ -53.015469, -8.91956 ], [ -53.004807, -8.868172 ], [ -52.993034, -8.854707 ], [ -52.991306, -8.835165 ], [ -52.997554, -8.820212 ], [ -52.998589, -8.803858 ], [ -53.005973, -8.789594 ], [ -53.01714, -8.793302 ], [ -53.022862, -8.791282 ], [ -53.023589, -8.784702 ], [ -53.016526, -8.781483 ], [ -53.014726, -8.775116 ], [ -53.034718, -8.75138 ], [ -53.036468, -8.72823 ], [ -53.021278, -8.71247 ], [ -53.005807, -8.704429 ], [ -52.989754, -8.71342 ], [ -52.973335, -8.712407 ], [ -52.962996, -8.720976 ], [ -52.952945, -8.721826 ], [ -52.941943, -8.730158 ], [ -52.931449, -8.72964 ], [ -52.923616, -8.704386 ], [ -52.931441, -8.693298 ], [ -52.948867, -8.684549 ], [ -52.943388, -8.681334 ], [ -52.940242, -8.671783 ], [ -52.930951, -8.664908 ], [ -52.93303, -8.658332 ], [ -52.946776, -8.652513 ], [ -52.947696, -8.648882 ], [ -52.921141, -8.625554 ], [ -52.905357, -8.632498 ], [ -52.89625, -8.62721 ], [ -52.899996, -8.613607 ], [ -52.898747, -8.596337 ], [ -52.887859, -8.582869 ], [ -52.887472, -8.572418 ], [ -52.914385, -8.53784 ], [ -52.914221, -8.531251 ], [ -52.906275, -8.524158 ], [ -52.904725, -8.51665 ], [ -52.920135, -8.495403 ], [ -52.948276, -8.483546 ], [ -52.948448, -8.456739 ], [ -52.954721, -8.440881 ], [ -52.951085, -8.435403 ], [ -52.942914, -8.431946 ], [ -52.923505, -8.432506 ], [ -52.908407, -8.439452 ], [ -52.897498, -8.432569 ], [ -52.898889, -8.4294 ], [ -52.916753, -8.422011 ], [ -52.91772, -8.410441 ], [ -52.92803, -8.405506 ], [ -52.932419, -8.394407 ], [ -52.941582, -8.390374 ], [ -52.940721, -8.346304 ], [ -52.950556, -8.342056 ], [ -52.964198, -8.346458 ], [ -52.971747, -8.344462 ], [ -52.979083, -8.337464 ], [ -52.982144, -8.322944 ], [ -52.990609, -8.317776 ], [ -52.990217, -8.307097 ], [ -53.007832, -8.298353 ], [ -53.007642, -8.294947 ], [ -52.984888, -8.28344 ], [ -52.972445, -8.271782 ], [ -52.970333, -8.242694 ], [ -52.96264, -8.236068 ], [ -52.92919, -8.222443 ], [ -52.928557, -8.214946 ], [ -52.939109, -8.205473 ], [ -52.939838, -8.200936 ], [ -52.933975, -8.191367 ], [ -52.931367, -8.17181 ], [ -52.924804, -8.162228 ], [ -52.931973, -8.14819 ], [ -52.941804, -8.143713 ], [ -52.964974, -8.121153 ], [ -52.964363, -8.108195 ], [ -52.958251, -8.102935 ], [ -52.962889, -8.092061 ], [ -52.954245, -8.087239 ], [ -52.953391, -8.081099 ], [ -52.955722, -8.070671 ], [ -52.985163, -8.02997 ], [ -52.981086, -8.024498 ], [ -52.96742, -8.025766 ], [ -52.965141, -8.023257 ], [ -52.969528, -8.014426 ], [ -52.983476, -8.008383 ], [ -52.983389, -7.988647 ], [ -52.99292, -7.992704 ], [ -52.999526, -7.991102 ], [ -53.014305, -7.997628 ], [ -53.01497, -7.989022 ], [ -53.01994, -7.985391 ], [ -53.019475, -7.979043 ], [ -53.028968, -7.960903 ], [ -53.017804, -7.941446 ], [ -53.030748, -7.94097 ], [ -53.037085, -7.930081 ], [ -53.05774, -7.925502 ], [ -53.066587, -7.918233 ], [ -53.056749, -7.893337 ], [ -53.039944, -7.890658 ], [ -53.026971, -7.880957 ], [ -53.017194, -7.881203 ], [ -53.016722, -7.870551 ], [ -53.030112, -7.859651 ], [ -53.029423, -7.856035 ], [ -53.015085, -7.841797 ], [ -53.007358, -7.845204 ], [ -53.003945, -7.843634 ], [ -53.000498, -7.831863 ], [ -52.991643, -7.827347 ], [ -52.995446, -7.796308 ], [ -53.019693, -7.782434 ], [ -53.027666, -7.784008 ], [ -53.035584, -7.779007 ], [ -53.022165, -7.767938 ], [ -53.031449, -7.751378 ], [ -53.028472, -7.745042 ], [ -53.02797, -7.723298 ], [ -53.040218, -7.718062 ], [ -53.045192, -7.703327 ], [ -53.065555, -7.68131 ], [ -53.099642, -7.681681 ], [ -53.101887, -7.674426 ], [ -53.108003, -7.671021 ], [ -53.1123, -7.654938 ], [ -53.123172, -7.655583 ], [ -53.124301, -7.65195 ], [ -53.117691, -7.644947 ], [ -53.112442, -7.624123 ], [ -53.123747, -7.612999 ], [ -53.125775, -7.605515 ], [ -53.13008, -7.60415 ], [ -53.140334, -7.615445 ], [ -53.142831, -7.613859 ], [ -53.14144, -7.606162 ], [ -53.147582, -7.603425 ], [ -53.145753, -7.597773 ], [ -53.152776, -7.593219 ], [ -53.147056, -7.575802 ], [ -53.161114, -7.570322 ], [ -53.160637, -7.56308 ], [ -53.168552, -7.556494 ], [ -53.167643, -7.553554 ], [ -53.144948, -7.551114 ], [ -53.137891, -7.546145 ], [ -53.128528, -7.524653 ], [ -53.108749, -7.507029 ], [ -53.105308, -7.492318 ], [ -53.092143, -7.488947 ], [ -53.090556, -7.485327 ], [ -53.093694, -7.474899 ], [ -53.122918, -7.44902 ], [ -53.119607, -7.395114 ], [ -53.130282, -7.388978 ], [ -53.150943, -7.397988 ], [ -53.159528, -7.392337 ], [ -53.162249, -7.383244 ], [ -53.172445, -7.383896 ], [ -53.177887, -7.380035 ], [ -53.176057, -7.370755 ], [ -53.168556, -7.367369 ], [ -53.165135, -7.359676 ], [ -53.173277, -7.341546 ], [ -53.187998, -7.334484 ], [ -53.20767, -7.31338 ], [ -53.221942, -7.303151 ], [ -53.234419, -7.298134 ], [ -53.234167, -7.292926 ], [ -53.239585, -7.287011 ], [ -53.256584, -7.274302 ], [ -53.258142, -7.262974 ], [ -53.280973, -7.23234 ], [ -53.287308, -7.228481 ], [ -53.299329, -7.230479 ], [ -53.302503, -7.228205 ], [ -53.300191, -7.217343 ], [ -53.31311, -7.213463 ], [ -53.314669, -7.199642 ], [ -53.313678, -7.197899 ], [ -53.306501, -7.19491 ], [ -53.300338, -7.181563 ], [ -53.293085, -7.181129 ], [ -53.286052, -7.175483 ], [ -53.286254, -7.167102 ], [ -53.283058, -7.166653 ], [ -53.280779, -7.159868 ], [ -53.271248, -7.158984 ], [ -53.265775, -7.144049 ], [ -53.255559, -7.136835 ], [ -53.258033, -7.128673 ], [ -53.252579, -7.120754 ], [ -53.253251, -7.11419 ], [ -53.261387, -7.104429 ], [ -53.280417, -7.101889 ], [ -53.28516, -7.095095 ], [ -53.288339, -7.095763 ], [ -53.29308, -7.084647 ], [ -53.305302, -7.077143 ], [ -53.307109, -7.0742 ], [ -53.298916, -7.068326 ], [ -53.311365, -7.054709 ], [ -53.317444, -7.03771 ], [ -53.31697, -7.027066 ], [ -53.303172, -7.005831 ], [ -53.301673, -6.995664 ], [ -53.278326, -6.965251 ], [ -53.276653, -6.949405 ], [ -53.282144, -6.93661 ], [ -53.311169, -6.915686 ], [ -53.308362, -6.903837 ], [ -53.318973, -6.90037 ], [ -53.319088, -6.896112 ], [ -53.315394, -6.890943 ], [ -53.295973, -6.887578 ], [ -53.291999, -6.882682 ], [ -53.288361, -6.864646 ], [ -53.281519, -6.857669 ], [ -53.264918, -6.847584 ], [ -53.24754, -6.831102 ], [ -53.24339, -6.822043 ], [ -53.236751, -6.822611 ], [ -53.234998, -6.819759 ], [ -53.242808, -6.812601 ], [ -53.249446, -6.796626 ], [ -53.246784, -6.786494 ], [ -53.250755, -6.780425 ], [ -53.273613, -6.767104 ], [ -53.297141, -6.762868 ], [ -53.324305, -6.749924 ], [ -53.333553, -6.753319 ], [ -53.343726, -6.749028 ], [ -53.368029, -6.722864 ], [ -53.378616, -6.723678 ], [ -53.394447, -6.717238 ], [ -53.404886, -6.694012 ], [ -53.423587, -6.674601 ], [ -53.430919, -6.675144 ], [ -53.445611, -6.686191 ], [ -53.46244, -6.67979 ], [ -53.464055, -6.676382 ], [ -53.456723, -6.665061 ], [ -53.463303, -6.650981 ], [ -53.462503, -6.639361 ], [ -53.468051, -6.63433 ], [ -53.455463, -6.618963 ], [ -53.466441, -6.609904 ], [ -53.469227, -6.600096 ], [ -53.462635, -6.598669 ], [ -53.442896, -6.564902 ], [ -53.439589, -6.558684 ], [ -53.427859, -6.552332 ], [ -53.420613, -6.555879 ], [ -53.416833, -6.56213 ], [ -53.40678, -6.56144 ], [ -53.392893, -6.581227 ], [ -53.373393, -6.593636 ], [ -53.364055, -6.57809 ], [ -53.347664, -6.561829 ], [ -53.336859, -6.533476 ], [ -53.331112, -6.530701 ], [ -53.328692, -6.521855 ], [ -53.313805, -6.499158 ], [ -53.319084, -6.494389 ], [ -53.32511, -6.476304 ], [ -53.313249, -6.462978 ], [ -53.302782, -6.45656 ], [ -53.296252, -6.457963 ], [ -53.287802, -6.469326 ], [ -53.280781, -6.467011 ], [ -53.277913, -6.46074 ], [ -53.256944, -6.464669 ], [ -53.255497, -6.477446 ], [ -53.248134, -6.480562 ], [ -53.244861, -6.49223 ], [ -53.230997, -6.502245 ], [ -53.227031, -6.500053 ], [ -53.226274, -6.493822 ], [ -53.230495, -6.486874 ], [ -53.214831, -6.483766 ], [ -53.217723, -6.473908 ], [ -53.214114, -6.469072 ], [ -53.192579, -6.476084 ], [ -53.181307, -6.458324 ], [ -53.191948, -6.44118 ], [ -53.201748, -6.439974 ], [ -53.212637, -6.424004 ], [ -53.2045, -6.408167 ], [ -53.190691, -6.400179 ], [ -53.193892, -6.371095 ], [ -53.210025, -6.358697 ], [ -53.20567, -6.347244 ], [ -53.210637, -6.337483 ], [ -53.236386, -6.337225 ], [ -53.2345, -6.323243 ], [ -53.222894, -6.312014 ], [ -53.231663, -6.310444 ], [ -53.223449, -6.297782 ], [ -53.228723, -6.293286 ], [ -53.242305, -6.294653 ], [ -53.246525, -6.288792 ], [ -53.256472, -6.291038 ], [ -53.259745, -6.288884 ], [ -53.260837, -6.278015 ], [ -53.253357, -6.269804 ], [ -53.254474, -6.266632 ], [ -53.268085, -6.264643 ], [ -53.26669, -6.253934 ], [ -53.285695, -6.233951 ], [ -53.285139, -6.224338 ], [ -53.28858, -6.223907 ], [ -53.288866, -6.220371 ], [ -53.287218, -6.209302 ], [ -53.29861, -6.176747 ], [ -53.306468, -6.165291 ], [ -53.315886, -6.169076 ], [ -53.324941, -6.166418 ], [ -53.344974, -6.180341 ], [ -53.350912, -6.171497 ], [ -53.346749, -6.161047 ], [ -53.347914, -6.147638 ], [ -53.340281, -6.139146 ], [ -53.340417, -6.131532 ], [ -53.353135, -6.126368 ], [ -53.353943, -6.116396 ], [ -53.370699, -6.117337 ], [ -53.373601, -6.103456 ], [ -53.378526, -6.098717 ], [ -53.387586, -6.099686 ], [ -53.38778, -6.09579 ], [ -53.368502, -6.057572 ], [ -53.344666, -6.047434 ], [ -53.341556, -6.049763 ], [ -53.334251, -6.047087 ], [ -53.322331, -6.051801 ], [ -53.311416, -6.033765 ], [ -53.281949, -6.027389 ], [ -53.270498, -6.019414 ], [ -53.275915, -6.012559 ], [ -53.273699, -5.996507 ], [ -53.278776, -5.981384 ], [ -53.263156, -5.967764 ], [ -53.247887, -5.967916 ], [ -53.242201, -5.959192 ], [ -53.241391, -5.949669 ], [ -53.235222, -5.950562 ], [ -53.221077, -5.942472 ], [ -53.201949, -5.958231 ], [ -53.185199, -5.955121 ], [ -53.166889, -5.94475 ], [ -53.157668, -5.933841 ], [ -53.148613, -5.937372 ], [ -53.138277, -5.921739 ], [ -53.140055, -5.900602 ], [ -53.127529, -5.900482 ], [ -53.111971, -5.881948 ], [ -53.112522, -5.875685 ], [ -53.108915, -5.8716 ], [ -53.093691, -5.871565 ], [ -53.084559, -5.862663 ], [ -53.077027, -5.868727 ], [ -53.077526, -5.878981 ], [ -53.074641, -5.882068 ], [ -53.058668, -5.88567 ], [ -53.053528, -5.876581 ], [ -53.029051, -5.874179 ], [ -53.019045, -5.856566 ], [ -53.009332, -5.85154 ], [ -52.975392, -5.844698 ], [ -52.963079, -5.829043 ], [ -52.96247, -5.815614 ], [ -52.951776, -5.798225 ], [ -52.931395, -5.790826 ], [ -52.930863, -5.774949 ], [ -52.927222, -5.767275 ], [ -52.930636, -5.756622 ], [ -52.939663, -5.752253 ], [ -52.938912, -5.743644 ], [ -52.921194, -5.736668 ], [ -52.917499, -5.723639 ], [ -52.89575, -5.70528 ], [ -52.870117, -5.697752 ], [ -52.870418, -5.702113 ], [ -52.864719, -5.702173 ], [ -52.856502, -5.712336 ], [ -52.850946, -5.709677 ], [ -52.849053, -5.703524 ], [ -52.835723, -5.703218 ], [ -52.837755, -5.69738 ], [ -52.831695, -5.689557 ], [ -52.815859, -5.699985 ], [ -52.814032, -5.706173 ], [ -52.801807, -5.715289 ], [ -52.790995, -5.714046 ], [ -52.78392, -5.721844 ], [ -52.77597, -5.724014 ], [ -52.771055, -5.721888 ], [ -52.763888, -5.712254 ], [ -52.752725, -5.711019 ], [ -52.746975, -5.698093 ], [ -52.740252, -5.695629 ], [ -52.739109, -5.691468 ], [ -52.74461, -5.689862 ], [ -52.745808, -5.681954 ], [ -52.742195, -5.683627 ], [ -52.732644, -5.680008 ], [ -52.723113, -5.670495 ], [ -52.70206, -5.667263 ], [ -52.691172, -5.656128 ], [ -52.700328, -5.614942 ], [ -52.699542, -5.611461 ], [ -52.682304, -5.581609 ], [ -52.686416, -5.542807 ], [ -52.685055, -5.524669 ], [ -52.691393, -5.515895 ], [ -52.688271, -5.507182 ], [ -52.681859, -5.504825 ], [ -52.681789, -5.501598 ], [ -52.683362, -5.494738 ], [ -52.67588, -5.484719 ], [ -52.665945, -5.446098 ], [ -52.672613, -5.429638 ], [ -52.663668, -5.427107 ], [ -52.661001, -5.412734 ], [ -52.645528, -5.400158 ], [ -52.641249, -5.380786 ], [ -52.650141, -5.370696 ], [ -52.641748, -5.355272 ], [ -52.654721, -5.334145 ], [ -52.653942, -5.319795 ], [ -52.659389, -5.307954 ], [ -52.657581, -5.2974 ], [ -52.634975, -5.271684 ], [ -52.626556, -5.252453 ], [ -52.611784, -5.242693 ], [ -52.602611, -5.245791 ], [ -52.593805, -5.23863 ], [ -52.576451, -5.234747 ], [ -52.571448, -5.224991 ], [ -52.560394, -5.216815 ], [ -52.550333, -5.228432 ], [ -52.526851, -5.229488 ], [ -52.514032, -5.225374 ], [ -52.507029, -5.219317 ], [ -52.49389, -5.217776 ], [ -52.488139, -5.19789 ], [ -52.473654, -5.204174 ], [ -52.466885, -5.194468 ], [ -52.449638, -5.184616 ], [ -52.444693, -5.166814 ], [ -52.42592, -5.153605 ], [ -52.410025, -5.165897 ], [ -52.405528, -5.185666 ], [ -52.398946, -5.184553 ], [ -52.393025, -5.196427 ], [ -52.374336, -5.204182 ], [ -52.342921, -5.178941 ], [ -52.31311, -5.189557 ], [ -52.30475, -5.195698 ], [ -52.294888, -5.194035 ], [ -52.273252, -5.225642 ], [ -52.283557, -5.257254 ], [ -52.278198, -5.2675 ], [ -52.27881, -5.274488 ], [ -52.270084, -5.278993 ], [ -52.258168, -5.269161 ], [ -52.254361, -5.269512 ], [ -52.249557, -5.274117 ], [ -52.235609, -5.27734 ], [ -52.225339, -5.288475 ], [ -52.213029, -5.290788 ], [ -52.201309, -5.303457 ], [ -52.179108, -5.299757 ], [ -52.161689, -5.314493 ], [ -52.141936, -5.31862 ], [ -52.136469, -5.32557 ], [ -52.136003, -5.333198 ], [ -52.122586, -5.339595 ], [ -52.108779, -5.35225 ], [ -52.106887, -5.342717 ], [ -52.11628, -5.33068 ], [ -52.119056, -5.313805 ], [ -52.113274, -5.304442 ], [ -52.113333, -5.291091 ], [ -52.108193, -5.284451 ], [ -52.104806, -5.271008 ], [ -52.090333, -5.260426 ], [ -52.077668, -5.257024 ], [ -52.069555, -5.246198 ], [ -52.067028, -5.223496 ], [ -52.075558, -5.215269 ], [ -52.070416, -5.206723 ], [ -52.067946, -5.191548 ], [ -52.057667, -5.183979 ], [ -52.057894, -5.172093 ], [ -52.050617, -5.151021 ], [ -52.009116, -5.151478 ], [ -52.000025, -5.151455 ], [ -51.447365, -5.149835 ], [ -51.000456, -5.150169 ], [ -50.999998, -5.15017 ], [ -50.929746, -5.150193 ], [ -50.931886, -5.144224 ], [ -50.920081, -5.127181 ], [ -50.911274, -5.118587 ], [ -50.898612, -5.118228 ], [ -50.894863, -5.112304 ], [ -50.901527, -5.091675 ], [ -50.890219, -5.080259 ], [ -50.889419, -5.066477 ], [ -50.884107, -5.062802 ], [ -50.883751, -5.050294 ], [ -50.887114, -5.048954 ], [ -50.888223, -5.043072 ], [ -50.884582, -5.036969 ], [ -50.877781, -5.037009 ], [ -50.859582, -5.000008 ], [ -50.860139, -4.993092 ], [ -50.869084, -4.984872 ], [ -50.867114, -4.97835 ], [ -50.857756, -4.974479 ], [ -50.851889, -4.966053 ], [ -50.850748, -4.955492 ], [ -50.854804, -4.940613 ], [ -50.852669, -4.933415 ], [ -50.849642, -4.923213 ], [ -50.846696, -4.909023 ], [ -50.859281, -4.899591 ], [ -50.858, -4.868476 ], [ -50.879582, -4.860864 ], [ -50.884163, -4.870403 ], [ -50.892859, -4.875311 ], [ -50.89575, -4.874686 ], [ -50.896615, -4.868393 ], [ -50.911833, -4.864319 ], [ -50.917671, -4.838301 ], [ -50.923389, -4.828971 ], [ -50.920226, -4.816504 ], [ -50.927614, -4.811436 ], [ -50.926664, -4.80222 ], [ -50.93361, -4.790719 ], [ -50.926113, -4.784154 ], [ -50.925833, -4.778312 ], [ -50.947202, -4.754791 ], [ -50.944834, -4.752036 ], [ -50.932282, -4.752999 ], [ -50.916083, -4.749317 ], [ -50.916414, -4.737686 ], [ -50.90631, -4.731419 ], [ -50.91111, -4.720279 ], [ -50.923117, -4.711744 ], [ -50.932197, -4.713337 ], [ -50.929947, -4.683571 ], [ -50.92234, -4.677497 ], [ -50.910946, -4.687839 ], [ -50.905055, -4.687381 ], [ -50.905949, -4.67429 ], [ -50.903221, -4.67175 ], [ -50.908975, -4.668751 ], [ -50.916837, -4.656015 ], [ -50.914304, -4.641483 ], [ -50.918641, -4.63249 ], [ -50.919664, -4.625603 ], [ -50.9115, -4.619156 ], [ -50.894169, -4.581569 ], [ -50.900137, -4.572618 ], [ -50.89967, -4.565845 ], [ -50.904417, -4.562054 ], [ -50.898277, -4.543946 ], [ -50.900888, -4.516958 ], [ -50.889527, -4.499986 ], [ -50.894502, -4.493216 ], [ -50.902195, -4.497961 ], [ -50.906276, -4.495504 ], [ -50.908666, -4.482855 ], [ -50.902726, -4.470135 ], [ -50.885362, -4.465814 ], [ -50.879332, -4.447151 ], [ -50.89611, -4.429811 ], [ -50.900005, -4.411966 ], [ -50.917582, -4.405546 ], [ -50.918141, -4.40087 ], [ -50.922472, -4.399767 ], [ -50.92953, -4.387724 ], [ -50.941417, -4.377918 ], [ -50.953891, -4.372343 ], [ -50.962808, -4.375027 ], [ -50.973391, -4.384607 ], [ -50.978363, -4.375766 ], [ -50.978033, -4.361352 ], [ -50.994525, -4.360314 ], [ -50.995697, -4.346304 ], [ -50.98481, -4.331828 ], [ -50.981531, -4.31554 ], [ -50.984475, -4.304617 ], [ -50.981695, -4.289912 ], [ -50.988333, -4.280861 ], [ -50.985698, -4.273058 ], [ -50.993255, -4.270928 ], [ -50.989887, -4.26332 ], [ -50.973274, -4.254937 ], [ -50.965224, -4.26595 ], [ -50.938058, -4.269942 ], [ -50.925308, -4.275589 ], [ -50.918498, -4.272069 ], [ -50.909311, -4.281927 ], [ -50.894031, -4.286932 ], [ -50.866504, -4.286314 ], [ -50.839028, -4.293182 ], [ -50.820167, -4.29045 ], [ -50.817968, -4.294572 ], [ -50.803664, -4.28395 ], [ -50.800829, -4.276517 ], [ -50.769362, -4.253341 ], [ -50.731335, -4.242346 ], [ -50.715249, -4.241717 ], [ -50.698359, -4.22515 ], [ -50.681332, -4.219245 ], [ -50.681885, -4.209479 ], [ -50.675804, -4.207692 ], [ -50.673739, -4.206803 ], [ -50.808549, -3.974683 ], [ -50.880999, -3.853196 ], [ -50.703676, -3.904482 ], [ -50.669798, -3.914274 ], [ -50.446064, -3.979041 ], [ -50.444316, -3.97955 ], [ -50.28572, -4.025757 ], [ -50.123397, -4.07313 ], [ -50.108057, -4.077604 ], [ -50.100612, -4.075071 ], [ -50.096673, -4.068546 ], [ -50.098225, -4.060053 ], [ -50.116889, -4.051744 ], [ -50.109166, -4.043504 ], [ -50.106829, -4.031158 ], [ -50.110276, -4.028072 ], [ -50.117528, -4.03315 ], [ -50.130361, -4.026985 ], [ -50.123029, -3.987492 ], [ -50.093861, -3.960738 ], [ -50.087365, -3.95772 ], [ -50.070561, -3.960221 ], [ -50.066779, -3.950646 ], [ -50.067224, -3.940166 ], [ -50.057757, -3.931675 ], [ -50.055337, -3.921586 ], [ -50.045837, -3.917707 ], [ -50.039417, -3.91045 ], [ -50.020392, -3.90639 ], [ -50.015999, -3.900432 ], [ -50.005227, -3.884042 ], [ -50.006336, -3.87203 ], [ -50.01225, -3.859032 ], [ -50.001834, -3.850517 ], [ -49.982222, -3.847632 ], [ -49.979086, -3.84463 ], [ -49.96692, -3.82412 ], [ -49.968059, -3.815259 ], [ -49.973551, -3.813019 ], [ -49.972637, -3.797084 ], [ -49.95708, -3.791037 ], [ -49.971862, -3.771828 ], [ -49.975695, -3.758549 ], [ -49.98494, -3.750353 ], [ -49.988503, -3.741231 ], [ -49.986307, -3.728997 ], [ -49.992088, -3.724864 ], [ -49.997559, -3.713396 ], [ -49.989449, -3.691634 ], [ -49.967864, -3.683201 ], [ -49.969361, -3.670542 ], [ -49.965085, -3.66058 ], [ -49.956338, -3.666045 ], [ -49.953694, -3.673176 ], [ -49.93939, -3.665968 ], [ -49.926652, -3.668429 ], [ -49.909055, -3.659929 ], [ -49.890503, -3.659653 ], [ -49.874889, -3.665375 ], [ -49.866115, -3.656726 ], [ -49.860497, -3.645119 ], [ -49.854558, -3.642918 ], [ -49.843554, -3.645673 ], [ -49.830044, -3.632455 ], [ -49.829475, -3.632114 ], [ -49.818111, -3.632134 ], [ -49.803837, -3.625105 ], [ -49.782025, -3.625723 ], [ -49.77044, -3.61978 ], [ -49.76272, -3.61169 ], [ -49.760088, -3.602903 ], [ -49.74697, -3.593865 ], [ -49.726413, -3.59911 ], [ -49.713665, -3.592349 ], [ -49.700975, -3.590937 ], [ -49.694918, -3.594057 ], [ -49.685003, -3.591296 ], [ -49.67192, -3.582719 ], [ -49.666696, -3.564686 ], [ -49.668642, -3.554199 ], [ -49.662414, -3.534798 ], [ -49.656862, -3.528893 ], [ -49.63753, -3.524898 ], [ -49.636861, -3.52951 ], [ -49.626109, -3.523211 ], [ -49.628529, -3.52132 ], [ -49.626748, -3.517424 ], [ -49.620634, -3.513862 ], [ -49.617146, -3.513394 ], [ -49.610722, -3.520417 ], [ -49.601134, -3.519272 ], [ -49.597168, -3.512743 ], [ -49.608588, -3.472641 ], [ -49.610544, -3.453837 ], [ -49.612465, -3.44558 ], [ -49.609807, -3.426533 ], [ -49.602473, -3.41742 ], [ -49.590408, -3.414751 ], [ -49.589392, -3.414753 ], [ -49.586193, -3.414761 ], [ -49.483318, -3.414877 ], [ -49.472112, -3.414883 ], [ -49.407024, -3.414464 ], [ -49.168664, -3.412892 ], [ -49.165871, -3.412874 ], [ -48.963686, -3.412151 ], [ -48.925176, -3.41257 ], [ -48.923126, -3.423775 ], [ -48.927298, -3.432662 ], [ -48.963483, -3.450761 ], [ -48.978393, -3.461179 ], [ -49.018879, -3.504136 ], [ -49.02778, -3.516423 ], [ -49.035459, -3.537886 ], [ -49.033737, -3.551494 ], [ -49.02956, -3.551886 ], [ -49.024824, -3.546956 ], [ -49.027425, -3.538825 ], [ -49.019017, -3.536165 ], [ -49.019417, -3.544177 ], [ -49.007304, -3.541513 ], [ -48.978788, -3.542674 ], [ -48.962957, -3.548985 ], [ -48.9454, -3.567375 ], [ -48.936914, -3.564469 ], [ -48.917234, -3.566451 ], [ -48.897716, -3.574817 ], [ -48.88346, -3.567584 ], [ -48.869528, -3.583447 ], [ -48.886546, -3.593828 ], [ -48.87851, -3.6052 ], [ -48.88222, -3.618147 ], [ -48.875366, -3.619434 ], [ -48.872306, -3.627065 ], [ -48.874145, -3.631416 ], [ -48.879278, -3.62922 ], [ -48.889779, -3.636261 ], [ -48.889528, -3.64407 ], [ -48.885919, -3.647067 ], [ -48.870557, -3.646843 ], [ -48.866723, -3.632248 ], [ -48.860199, -3.647775 ], [ -48.870528, -3.660987 ], [ -48.870642, -3.671149 ], [ -48.865061, -3.67588 ], [ -48.855111, -3.671644 ], [ -48.84607, -3.67259 ], [ -48.83906, -3.676144 ], [ -48.839331, -3.679715 ], [ -48.844207, -3.685023 ], [ -48.837113, -3.689653 ], [ -48.819221, -3.687344 ], [ -48.821136, -3.696955 ], [ -48.812225, -3.701784 ], [ -48.822694, -3.706476 ], [ -48.820478, -3.7111 ], [ -48.797447, -3.708726 ], [ -48.794837, -3.714804 ], [ -48.781203, -3.712689 ], [ -48.78375, -3.720459 ], [ -48.765584, -3.721866 ], [ -48.766333, -3.73175 ], [ -48.763365, -3.731849 ], [ -48.760809, -3.720973 ], [ -48.746721, -3.720917 ], [ -48.738079, -3.728474 ], [ -48.731599, -3.726582 ], [ -48.730472, -3.722592 ], [ -48.724387, -3.737487 ], [ -48.71986, -3.731328 ], [ -48.713448, -3.734613 ], [ -48.71417, -3.738876 ], [ -48.700556, -3.740479 ], [ -48.705812, -3.743968 ], [ -48.709248, -3.75494 ], [ -48.698312, -3.748704 ], [ -48.691474, -3.752626 ], [ -48.68695, -3.750375 ], [ -48.685169, -3.75881 ], [ -48.681111, -3.758631 ], [ -48.675583, -3.755663 ], [ -48.677561, -3.753118 ], [ -48.67494, -3.750311 ], [ -48.66347, -3.749069 ], [ -48.661394, -3.751435 ], [ -48.663948, -3.757871 ], [ -48.660698, -3.763677 ], [ -48.657202, -3.76441 ], [ -48.653388, -3.759345 ], [ -48.646691, -3.760719 ], [ -48.650414, -3.767243 ], [ -48.643556, -3.768254 ], [ -48.641507, -3.772437 ], [ -48.644056, -3.780952 ], [ -48.634753, -3.776979 ], [ -48.621637, -3.776565 ], [ -48.611667, -3.786291 ], [ -48.603337, -3.785131 ], [ -48.605775, -3.788208 ], [ -48.598219, -3.793033 ], [ -48.594533, -3.799573 ], [ -48.597498, -3.800473 ], [ -48.596696, -3.803378 ], [ -48.589417, -3.808652 ], [ -48.581115, -3.808672 ], [ -48.577948, -3.814118 ], [ -48.575699, -3.810862 ], [ -48.570196, -3.811329 ], [ -48.571087, -3.80824 ], [ -48.55195, -3.803573 ], [ -48.547172, -3.809114 ], [ -48.541027, -3.806771 ], [ -48.535178, -3.814464 ], [ -48.531555, -3.812779 ], [ -48.533893, -3.80589 ], [ -48.531174, -3.803442 ], [ -48.528476, -3.807169 ], [ -48.516111, -3.807829 ], [ -48.512973, -3.815633 ], [ -48.494591, -3.815408 ], [ -48.493087, -3.818189 ], [ -48.498806, -3.821933 ], [ -48.495257, -3.823766 ], [ -48.486531, -3.821233 ], [ -48.487641, -3.81351 ], [ -48.481037, -3.819486 ], [ -48.47739, -3.81783 ], [ -48.47293, -3.815805 ], [ -48.471949, -3.809518 ], [ -48.468527, -3.809462 ], [ -48.467389, -3.815961 ], [ -48.456172, -3.812748 ], [ -48.457696, -3.809964 ], [ -48.464608, -3.811191 ], [ -48.457879, -3.804043 ], [ -48.453027, -3.807688 ], [ -48.442613, -3.804597 ], [ -48.44778, -3.808309 ], [ -48.429195, -3.816111 ], [ -48.42364, -3.813546 ], [ -48.418696, -3.821795 ], [ -48.401419, -3.819288 ], [ -48.403277, -3.829832 ], [ -48.3982, -3.827017 ], [ -48.388312, -3.836935 ], [ -48.385861, -3.824946 ], [ -48.370643, -3.822471 ], [ -48.371891, -3.819296 ], [ -48.369026, -3.817908 ], [ -48.361834, -3.824655 ], [ -48.352025, -3.822278 ], [ -48.353833, -3.828212 ], [ -48.340558, -3.83158 ], [ -48.33833, -3.826545 ], [ -48.334443, -3.826193 ], [ -48.333308, -3.819545 ], [ -48.328731, -3.822997 ], [ -48.323615, -3.820723 ], [ -48.318895, -3.808742 ], [ -48.315536, -3.814297 ], [ -48.30778, -3.809244 ], [ -48.28945, -3.813506 ], [ -48.282719, -3.802031 ], [ -48.276554, -3.803357 ], [ -48.268417, -3.794757 ], [ -48.262247, -3.796541 ], [ -48.259779, -3.794041 ], [ -48.255497, -3.804298 ], [ -48.252806, -3.803157 ], [ -48.254033, -3.797008 ], [ -48.243196, -3.796523 ], [ -48.232443, -3.787867 ], [ -48.227998, -3.792677 ], [ -48.219501, -3.793871 ], [ -48.218444, -3.797113 ], [ -48.210726, -3.794687 ], [ -48.206696, -3.802317 ], [ -48.198197, -3.798247 ], [ -48.190142, -3.80344 ], [ -48.185257, -3.800068 ], [ -48.179751, -3.803583 ], [ -48.172776, -3.800641 ], [ -48.171469, -3.803511 ], [ -48.16147, -3.80168 ], [ -48.159447, -3.804177 ], [ -48.144533, -3.800703 ], [ -48.13567, -3.791907 ], [ -48.133445, -3.79495 ], [ -48.11609, -3.795686 ], [ -48.112478, -3.786809 ], [ -48.108969, -3.786469 ], [ -48.104338, -3.788454 ], [ -48.104837, -3.794098 ], [ -48.098698, -3.794246 ], [ -48.093913, -3.798683 ], [ -48.094307, -3.801772 ], [ -48.088529, -3.801473 ], [ -48.08878, -3.797668 ], [ -48.085007, -3.79669 ], [ -48.077944, -3.806428 ], [ -48.064388, -3.807604 ], [ -48.06058, -3.812605 ], [ -48.051306, -3.816501 ], [ -48.048446, -3.814807 ], [ -48.044362, -3.819807 ], [ -48.042085, -3.816761 ], [ -48.031946, -3.821857 ], [ -48.027693, -3.818919 ], [ -48.026052, -3.824332 ], [ -48.02092, -3.823134 ], [ -48.009144, -3.8297 ], [ -48.011368, -3.832098 ], [ -48.006225, -3.840247 ], [ -47.996779, -3.845579 ], [ -47.998914, -3.847886 ], [ -47.990722, -3.856672 ], [ -47.984209, -3.877022 ], [ -47.985116, -3.884271 ], [ -47.980256, -3.887906 ], [ -47.97975, -3.894235 ], [ -47.983751, -3.906423 ], [ -47.98197, -3.908775 ], [ -47.975996, -3.906816 ], [ -47.976945, -3.918661 ], [ -47.966275, -3.91898 ], [ -47.968275, -3.92494 ], [ -47.96442, -3.935191 ], [ -47.956109, -3.940032 ], [ -47.955391, -3.946109 ], [ -47.946973, -3.950868 ], [ -47.937589, -3.951024 ], [ -47.934697, -3.957389 ], [ -47.928729, -3.958422 ], [ -47.927943, -3.964678 ], [ -47.915025, -3.969296 ], [ -47.906971, -3.981935 ], [ -47.903807, -3.982406 ], [ -47.904809, -3.98557 ], [ -47.898616, -3.986596 ], [ -47.898896, -3.992657 ], [ -47.893613, -3.995766 ], [ -47.898943, -4.012946 ], [ -47.895223, -4.018915 ], [ -47.892087, -4.018437 ], [ -47.885753, -4.016086 ], [ -47.880504, -4.019508 ], [ -47.870027, -4.035867 ], [ -47.851918, -4.046295 ], [ -47.836668, -4.044518 ], [ -47.820973, -4.054873 ], [ -47.807889, -4.052294 ], [ -47.803111, -4.057614 ], [ -47.796969, -4.056417 ], [ -47.7912, -4.059575 ], [ -47.784614, -4.057465 ], [ -47.782642, -4.059813 ], [ -47.771721, -4.047818 ], [ -47.755062, -4.03815 ], [ -47.748556, -4.041032 ], [ -47.743782, -4.036483 ], [ -47.722584, -4.031797 ], [ -47.720778, -4.028799 ], [ -47.706864, -4.034661 ], [ -47.704892, -4.032479 ], [ -47.696, -4.039889 ], [ -47.678973, -4.068235 ], [ -47.663869, -4.073096 ], [ -47.651225, -4.071893 ], [ -47.644364, -4.077493 ], [ -47.627361, -4.078274 ], [ -47.619665, -4.082431 ], [ -47.568666, -4.092495 ], [ -47.553912, -4.106064 ], [ -47.54703, -4.107409 ], [ -47.545885, -4.111067 ], [ -47.545576, -4.111122 ], [ -47.544853, -4.11125 ], [ -47.538693, -4.116914 ], [ -47.532474, -4.116541 ], [ -47.510309, -4.128734 ], [ -47.505027, -4.137975 ], [ -47.463418, -4.155263 ], [ -47.455059, -4.149936 ], [ -47.449615, -4.154864 ], [ -47.439666, -4.144802 ], [ -47.426418, -4.143519 ], [ -47.425893, -4.139221 ], [ -47.416889, -4.13999 ], [ -47.417029, -4.136039 ], [ -47.409834, -4.132816 ], [ -47.409696, -4.128593 ], [ -47.3977, -4.125431 ], [ -47.396746, -4.11872 ], [ -47.394562, -4.122583 ], [ -47.389195, -4.118056 ], [ -47.385831, -4.119671 ], [ -47.383109, -4.116685 ], [ -47.384611, -4.110426 ], [ -47.36039, -4.109921 ], [ -47.358471, -4.113139 ], [ -47.350867, -4.104928 ], [ -47.346734, -4.108313 ], [ -47.350221, -4.114895 ], [ -47.343024, -4.127282 ], [ -47.349329, -4.141499 ], [ -47.342114, -4.14774 ], [ -47.346765, -4.156867 ], [ -47.343294, -4.167672 ], [ -47.339812, -4.17667 ], [ -47.346843, -4.183392 ], [ -47.352715, -4.176406 ], [ -47.365406, -4.180264 ], [ -47.359844, -4.190996 ], [ -47.36746, -4.19382 ], [ -47.365034, -4.205442 ], [ -47.368765, -4.206179 ], [ -47.367731, -4.209479 ], [ -47.373116, -4.214408 ], [ -47.369923, -4.218839 ], [ -47.373945, -4.217178 ], [ -47.378729, -4.22076 ], [ -47.375848, -4.229535 ], [ -47.371379, -4.231947 ], [ -47.374072, -4.234486 ], [ -47.371345, -4.24521 ], [ -47.378504, -4.244588 ], [ -47.388215, -4.249503 ], [ -47.400653, -4.267447 ], [ -47.410955, -4.270112 ], [ -47.417096, -4.278034 ], [ -47.429248, -4.275824 ], [ -47.428834, -4.286463 ], [ -47.429218, -4.286278 ], [ -47.432814, -4.283906 ], [ -47.441626, -4.287048 ], [ -47.455397, -4.305125 ], [ -47.47431, -4.314667 ], [ -47.471323, -4.320343 ], [ -47.479117, -4.328123 ], [ -47.476013, -4.340641 ], [ -47.48227, -4.347775 ], [ -47.475891, -4.356062 ], [ -47.487679, -4.36679 ], [ -47.487735, -4.376349 ], [ -47.498493, -4.387774 ], [ -47.502364, -4.403329 ], [ -47.518354, -4.427037 ], [ -47.530712, -4.44349 ], [ -47.534006, -4.447824 ], [ -47.5633, -4.47418 ], [ -47.581053, -4.519557 ], [ -47.607544, -4.54835 ], [ -47.611517, -4.55698 ], [ -47.637251, -4.571022 ], [ -47.662599, -4.596822 ], [ -47.679532, -4.608239 ], [ -47.701139, -4.604403 ], [ -47.7115, -4.605888 ], [ -47.711337, -4.602893 ], [ -47.714863, -4.602663 ], [ -47.724387, -4.606039 ], [ -47.74183, -4.598241 ], [ -47.750365, -4.600112 ], [ -47.753614, -4.590445 ], [ -47.770444, -4.592936 ], [ -47.785865, -4.585687 ], [ -47.792143, -4.586032 ], [ -47.804702, -4.596991 ], [ -47.815726, -4.61435 ], [ -48.024949, -4.777916 ], [ -48.057935, -4.80378 ], [ -48.091799, -4.830335 ], [ -48.194201, -4.910636 ], [ -48.211947, -4.924553 ], [ -48.395842, -5.069994 ], [ -48.418615, -5.085329 ], [ -48.421251, -5.082886 ], [ -48.426867, -5.074916 ], [ -48.431121, -5.074114 ], [ -48.436358, -5.07829 ], [ -48.433723, -5.095854 ], [ -48.451504, -5.111864 ], [ -48.462641, -5.119893 ], [ -48.54867, -5.187954 ], [ -48.582933, -5.214604 ], [ -48.754717, -5.348782 ], [ -48.756331, -5.352502 ], [ -48.74506, -5.369338 ], [ -48.725831, -5.375809 ], [ -48.719866, -5.373254 ], [ -48.716333, -5.376782 ], [ -48.680118, -5.378376 ], [ -48.650055, -5.384535 ], [ -48.628691, -5.409675 ], [ -48.611262, -5.418261 ], [ -48.5963, -5.422161 ], [ -48.557104, -5.416327 ], [ -48.530629, -5.424411 ], [ -48.51347, -5.429436 ], [ -48.491117, -5.425558 ], [ -48.476137, -5.41834 ], [ -48.464158, -5.411908 ], [ -48.453018, -5.410355 ], [ -48.441354, -5.407776 ], [ -48.419132, -5.401442 ], [ -48.40101, -5.403026 ], [ -48.393079, -5.393829 ], [ -48.381177, -5.395599 ], [ -48.373054, -5.402353 ], [ -48.367285, -5.414642 ], [ -48.351166, -5.427453 ], [ -48.342894, -5.444485 ], [ -48.340653, -5.46668 ], [ -48.326916, -5.486537 ], [ -48.327658, -5.496248 ], [ -48.32509, -5.493364 ], [ -48.318707, -5.499864 ], [ -48.300276, -5.522622 ], [ -48.290811, -5.52958 ], [ -48.278258, -5.540039 ], [ -48.261083, -5.547686 ], [ -48.23758, -5.552386 ], [ -48.228061, -5.550682 ], [ -48.212171, -5.553855 ], [ -48.181676, -5.572857 ], [ -48.137722, -5.602305 ], [ -48.131819, -5.617745 ], [ -48.135033, -5.63725 ], [ -48.138826, -5.646515 ], [ -48.173165, -5.709559 ], [ -48.193523, -5.719756 ], [ -48.219612, -5.727776 ], [ -48.272111, -5.725105 ], [ -48.279141, -5.728982 ], [ -48.288734, -5.741558 ], [ -48.293081, -5.750809 ], [ -48.299417, -5.78428 ], [ -48.295027, -5.821275 ], [ -48.290383, -5.839042 ], [ -48.278537, -5.860697 ], [ -48.245172, -5.895846 ], [ -48.233476, -5.914097 ], [ -48.228969, -5.930025 ], [ -48.231199, -5.945751 ], [ -48.251527, -5.959986 ], [ -48.286434, -5.967215 ], [ -48.30665, -5.974453 ], [ -48.313914, -5.978785 ], [ -48.334285, -6.003887 ], [ -48.337945, -6.027975 ], [ -48.33228, -6.037881 ], [ -48.301552, -6.046918 ], [ -48.285357, -6.070004 ], [ -48.282728, -6.081169 ], [ -48.285134, -6.091125 ], [ -48.303422, -6.116502 ], [ -48.324085, -6.132331 ], [ -48.365056, -6.146985 ], [ -48.390861, -6.146315 ], [ -48.407838, -6.153014 ], [ -48.431505, -6.176905 ], [ -48.435998, -6.19301 ], [ -48.418553, -6.267854 ], [ -48.412278, -6.28094 ], [ -48.41686, -6.28907 ], [ -48.41669, -6.298197 ], [ -48.411616, -6.305676 ], [ -48.380749, -6.328214 ], [ -48.374865, -6.346359 ], [ -48.380888, -6.375235 ], [ -48.38603, -6.379772 ], [ -48.423941, -6.356616 ], [ -48.447274, -6.350789 ], [ -48.499782, -6.350538 ], [ -48.510806, -6.356542 ], [ -48.530364, -6.389284 ], [ -48.548513, -6.406521 ], [ -48.564633, -6.41473 ], [ -48.569859, -6.420359 ], [ -48.61272, -6.453339 ], [ -48.625645, -6.478119 ], [ -48.631445, -6.487493 ], [ -48.644906, -6.506618 ], [ -48.64628, -6.523442 ], [ -48.65767, -6.539022 ], [ -48.663504, -6.562249 ], [ -48.663923, -6.57018 ], [ -48.651783, -6.611662 ], [ -48.651526, -6.63956 ], [ -48.654849, -6.650149 ], [ -48.664422, -6.662371 ], [ -48.68228, -6.677515 ], [ -48.736445, -6.692389 ], [ -48.756173, -6.716709 ], [ -48.768663, -6.730309 ], [ -48.777563, -6.7359 ], [ -48.831777, -6.753634 ], [ -48.839443, -6.75025 ], [ -48.846645, -6.748108 ], [ -48.874613, -6.752405 ], [ -48.913417, -6.756977 ], [ -48.93907, -6.766297 ], [ -48.945677, -6.769332 ], [ -48.963276, -6.779067 ], [ -49.018446, -6.783818 ], [ -49.030718, -6.801071 ], [ -49.043334, -6.815379 ], [ -49.082976, -6.842858 ], [ -49.114833, -6.869557 ], [ -49.150027, -6.888458 ], [ -49.171503, -6.892542 ], [ -49.179051, -6.897663 ], [ -49.183478, -6.907494 ], [ -49.191847, -6.912848 ], [ -49.209089, -6.925028 ], [ -49.214145, -6.937876 ], [ -49.217006, -6.961076 ], [ -49.214941, -6.975341 ], [ -49.20883, -6.982595 ], [ -49.19484, -7.025871 ], [ -49.193086, -7.040308 ], [ -49.190866, -7.074535 ], [ -49.192874, -7.104618 ], [ -49.193357, -7.12942 ], [ -49.18726, -7.187284 ], [ -49.187215, -7.187712 ], [ -49.186754, -7.192086 ], [ -49.182761, -7.214205 ], [ -49.184845, -7.234777 ], [ -49.206348, -7.270334 ], [ -49.215484, -7.297338 ], [ -49.231036, -7.325391 ], [ -49.253894, -7.349032 ], [ -49.265381, -7.366724 ], [ -49.283909, -7.387685 ], [ -49.319274, -7.430879 ], [ -49.346809, -7.461219 ], [ -49.377528, -7.49663 ], [ -49.383515, -7.545761 ], [ -49.381635, -7.565657 ], [ -49.360527, -7.614543 ], [ -49.341205, -7.65687 ], [ -49.336698, -7.665009 ], [ -49.327639, -7.677397 ], [ -49.296087, -7.696045 ], [ -49.263523, -7.72306 ], [ -49.239557, -7.740326 ], [ -49.220723, -7.761201 ], [ -49.202702, -7.774099 ], [ -49.157445, -7.793388 ], [ -49.150142, -7.801799 ], [ -49.148004, -7.806916 ], [ -49.158216, -7.82423 ], [ -49.164474, -7.832472 ], [ -49.166385, -7.849133 ], [ -49.167336, -7.853948 ], [ -49.165948, -7.879932 ], [ -49.162337, -7.900132 ], [ -49.162803, -7.920884 ], [ -49.169203, -7.954389 ], [ -49.181589, -7.976564 ], [ -49.175191, -8.008838 ], [ -49.172843, -8.020574 ], [ -49.174441, -8.050152 ], [ -49.179729, -8.067203 ], [ -49.192723, -8.076065 ], [ -49.198918, -8.087168 ], [ -49.201241, -8.108031 ], [ -49.206888, -8.1221 ], [ -49.203422, -8.139606 ], [ -49.209142, -8.175088 ], [ -49.221671, -8.205108 ], [ -49.235949, -8.23212 ], [ -49.24822, -8.254975 ], [ -49.25559, -8.286649 ], [ -49.2647, -8.322801 ], [ -49.269583, -8.342928 ], [ -49.275802, -8.363282 ], [ -49.282883, -8.379155 ], [ -49.290024, -8.388028 ], [ -49.312858, -8.402495 ], [ -49.337638, -8.410334 ], [ -49.348968, -8.417974 ], [ -49.373536, -8.45082 ], [ -49.391056, -8.489376 ], [ -49.399221, -8.54671 ], [ -49.402466, -8.563075 ], [ -49.409446, -8.579599 ], [ -49.451029, -8.612093 ], [ -49.463363, -8.639017 ], [ -49.470919, -8.647692 ], [ -49.481335, -8.673327 ], [ -49.489358, -8.691634 ], [ -49.543002, -8.760991 ], [ -49.564564, -8.800633 ], [ -49.570998, -8.808186 ], [ -49.584141, -8.822918 ], [ -49.591968, -8.839087 ], [ -49.612223, -8.845823 ], [ -49.641054, -8.846314 ], [ -49.683914, -8.85607 ], [ -49.728759, -8.898926 ], [ -49.744643, -8.905759 ], [ -49.754107, -8.921557 ], [ -49.770439, -8.938085 ], [ -49.781087, -8.961691 ], [ -49.793218, -8.979029 ], [ -49.842144, -9.02692 ], [ -49.849889, -9.04631 ], [ -49.850222, -9.058495 ], [ -49.862192, -9.081093 ], [ -49.866886, -9.096686 ], [ -49.896433, -9.143267 ], [ -49.909608, -9.153116 ], [ -49.904805, -9.164899 ], [ -49.90725, -9.173417 ] ] ] } },
{ "type": "Feature", "properties": { "MACRO_ID": "1510", "MACRO_NAME": "Macrorregião III", "id": "150040", "name": "Alenquer", "description": "Alenquer", "MUN_ID": "150040", "UF": "PA", "HREG_ID": "15002", "HREG_NAME": "Baixo Amazonas" }, "geometry": { "type": "Polygon", "coordinates": [ [ [ -54.731916, -9.52598 ], [ -54.859032, -9.515841 ], [ -54.995103, -9.504938 ], [ -55.15169, -9.492325 ], [ -55.603616, -9.455537 ], [ -55.791387, -9.440082 ], [ -56.156032, -9.410058 ], [ -56.273308, -9.400323 ], [ -56.671389, -9.366998 ], [ -56.697388, -9.373703 ], [ -56.710809, -9.373889 ], [ -56.717839, -9.383491 ], [ -56.735986, -9.395686 ], [ -56.753777, -9.405966 ], [ -56.760615, -9.404601 ], [ -56.77183, -9.390561 ], [ -56.769111, -9.378416 ], [ -56.775296, -9.364395 ], [ -56.775028, -9.329129 ], [ -56.778672, -9.3168 ], [ -56.784694, -9.316166 ], [ -56.802921, -9.267056 ], [ -56.819615, -9.245943 ], [ -56.843695, -9.240407 ], [ -56.859839, -9.231248 ], [ -56.871867, -9.238765 ], [ -56.879052, -9.239305 ], [ -56.937692, -9.230034 ], [ -56.951754, -9.222686 ], [ -56.995054, -9.233445 ], [ -57.007723, -9.222918 ], [ -57.022143, -9.219304 ], [ -57.033552, -9.209338 ], [ -57.038832, -9.196635 ], [ -57.046833, -9.193921 ], [ -57.059638, -9.181569 ], [ -57.058059, -9.169194 ], [ -57.051923, -9.158065 ], [ -57.059946, -9.136734 ], [ -57.041, -9.114696 ], [ -57.038746, -9.097893 ], [ -57.045836, -9.088597 ], [ -57.062752, -9.078179 ], [ -57.059109, -9.063881 ], [ -57.083337, -9.046206 ], [ -57.089534, -9.037822 ], [ -57.09411, -9.016715 ], [ -57.137778, -8.994216 ], [ -57.161831, -8.968684 ], [ -57.188362, -8.932761 ], [ -57.203277, -8.920424 ], [ -57.215821, -8.913726 ], [ -57.245026, -8.905671 ], [ -57.261918, -8.907418 ], [ -57.2857, -8.915102 ], [ -57.299089, -8.913601 ], [ -57.305534, -8.909509 ], [ -57.31, -8.892416 ], [ -57.317392, -8.885317 ], [ -57.383886, -8.879162 ], [ -57.402922, -8.862127 ], [ -57.415718, -8.8586 ], [ -57.419415, -8.852645 ], [ -57.419229, -8.842074 ], [ -57.412779, -8.825794 ], [ -57.415636, -8.795485 ], [ -57.427082, -8.782845 ], [ -57.452, -8.786218 ], [ -57.463034, -8.784347 ], [ -57.48436, -8.768989 ], [ -57.529887, -8.74778 ], [ -57.561867, -8.760858 ], [ -57.585779, -8.758997 ], [ -57.59244, -8.756083 ], [ -57.600556, -8.740834 ], [ -57.593116, -8.707025 ], [ -57.596337, -8.691272 ], [ -57.602065, -8.680275 ], [ -57.604804, -8.66244 ], [ -57.620061, -8.647351 ], [ -57.624246, -8.638448 ], [ -57.621748, -8.590795 ], [ -57.630359, -8.584994 ], [ -57.64428, -8.581587 ], [ -57.648143, -8.575982 ], [ -57.650004, -8.552978 ], [ -57.638336, -8.540173 ], [ -57.632924, -8.526418 ], [ -57.633635, -8.518512 ], [ -57.637143, -8.513165 ], [ -57.658555, -8.499994 ], [ -57.659971, -8.492438 ], [ -57.65133, -8.478451 ], [ -57.650921, -8.470647 ], [ -57.681086, -8.432734 ], [ -57.686446, -8.415861 ], [ -57.686059, -8.406616 ], [ -57.669667, -8.378947 ], [ -57.667526, -8.366483 ], [ -57.678557, -8.333111 ], [ -57.679367, -8.318592 ], [ -57.664337, -8.294491 ], [ -57.662585, -8.268111 ], [ -57.64347, -8.230696 ], [ -57.642714, -8.211784 ], [ -57.666749, -8.176077 ], [ -57.676747, -8.171005 ], [ -57.70414, -8.167633 ], [ -57.714639, -8.157557 ], [ -57.71936, -8.146214 ], [ -57.727942, -8.093825 ], [ -57.776029, -8.051785 ], [ -57.803499, -8.003035 ], [ -57.828334, -7.972506 ], [ -57.831367, -7.961126 ], [ -57.834415, -7.881815 ], [ -57.840471, -7.861088 ], [ -57.873338, -7.800805 ], [ -57.898452, -7.671502 ], [ -57.915693, -7.656956 ], [ -57.933888, -7.656384 ], [ -57.939058, -7.652747 ], [ -57.944608, -7.601776 ], [ -57.972082, -7.534201 ], [ -58.001668, -7.487743 ], [ -58.034606, -7.453752 ], [ -58.059911, -7.396632 ], [ -58.118101, -7.352677 ], [ -58.13794, -7.348648 ], [ -58.136554, -7.355738 ], [ -58.146872, -7.342855 ], [ -58.16951, -7.312837 ], [ -58.174311, -7.271043 ], [ -58.167585, -7.230949 ], [ -58.18179, -7.179422 ], [ -58.208248, -7.135968 ], [ -58.222277, -7.123889 ], [ -58.23942, -7.095126 ], [ -58.252335, -7.083039 ], [ -58.268077, -7.079135 ], [ -58.287755, -7.061289 ], [ -58.334921, -6.985988 ], [ -58.355108, -6.971275 ], [ -58.379749, -6.97012 ], [ -58.386056, -6.964933 ], [ -58.393636, -6.949715 ], [ -58.406504, -6.940047 ], [ -58.434055, -6.908423 ], [ -58.462385, -6.836896 ], [ -58.470161, -6.803248 ], [ -58.479627, -6.784824 ], [ -58.47797, -6.699231 ], [ -58.464694, -6.669659 ], [ -58.449153, -6.653233 ], [ -58.421276, -6.610333 ], [ -58.380117, -6.580128 ], [ -58.349386, -6.562019 ], [ -58.331808, -6.532618 ], [ -58.325135, -6.498911 ], [ -58.319496, -6.494614 ], [ -58.292609, -6.493501 ], [ -58.266223, -6.475179 ], [ -58.254756, -6.453736 ], [ -58.033132, -5.977739 ], [ -57.873469, -5.629465 ], [ -57.860138, -5.600347 ], [ -57.703459, -5.258899 ], [ -57.659418, -5.162772 ], [ -57.476181, -4.770035 ], [ -57.349704, -4.50164 ], [ -57.2518, -4.293635 ], [ -57.248994, -4.287605 ], [ -57.213057, -4.211255 ], [ -57.210198, -4.205176 ], [ -57.130288, -4.035269 ], [ -56.999999, -3.758762 ], [ -56.955594, -3.65826 ], [ -56.955137, -3.657221 ], [ -56.913265, -3.561932 ], [ -56.88675, -3.49868 ], [ -56.83194, -3.381676 ], [ -56.831812, -3.381404 ], [ -56.809609, -3.332613 ], [ -56.767403, -3.242524 ], [ -56.762431, -3.231845 ], [ -56.723044, -3.146233 ], [ -56.647286, -2.980963 ], [ -56.575463, -2.823748 ], [ -56.558207, -2.786344 ], [ -56.536975, -2.740321 ], [ -56.535919, -2.738033 ], [ -56.487101, -2.632517 ], [ -56.461742, -2.578199 ], [ -56.432712, -2.516001 ], [ -56.401675, -2.456255 ], [ -56.407445, -2.449804 ], [ -56.424944, -2.448774 ], [ -56.436971, -2.439866 ], [ -56.454832, -2.435878 ], [ -56.456667, -2.435068 ], [ -56.464, -2.431234 ], [ -56.465109, -2.422755 ], [ -56.420348, -2.359832 ], [ -56.412272, -2.321356 ], [ -56.388764, -2.278164 ], [ -56.38383, -2.270116 ], [ -56.363721, -2.258927 ], [ -56.331153, -2.251003 ], [ -56.263014, -2.220697 ], [ -56.219813, -2.195484 ], [ -56.191589, -2.171087 ], [ -56.141442, -2.099855 ], [ -56.101933, -2.04766 ], [ -56.097075, -2.036775 ], [ -56.098167, -2.026587 ], [ -56.144602, -2.038848 ], [ -56.162268, -2.041601 ], [ -56.172045, -2.038829 ], [ -56.186219, -2.042463 ], [ -56.1935, -2.048525 ], [ -56.196585, -2.056565 ], [ -56.207158, -2.059622 ], [ -56.227893, -2.055862 ], [ -56.255668, -2.087958 ], [ -56.280189, -2.092711 ], [ -56.296972, -2.100449 ], [ -56.298738, -2.105076 ], [ -56.299327, -2.118817 ], [ -56.307969, -2.120667 ], [ -56.316276, -2.139767 ], [ -56.320287, -2.142228 ], [ -56.343062, -2.149113 ], [ -56.350663, -2.148511 ], [ -56.3673, -2.136718 ], [ -56.369147, -2.13715 ], [ -56.374578, -2.138419 ], [ -56.39222, -2.158849 ], [ -56.413397, -2.175591 ], [ -56.426235, -2.167961 ], [ -56.436329, -2.157236 ], [ -56.45305, -2.153674 ], [ -56.470254, -2.166667 ], [ -56.477407, -2.170018 ], [ -56.507142, -2.143342 ], [ -56.518989, -2.137945 ], [ -56.526579, -2.138837 ], [ -56.540355, -2.153479 ], [ -56.556724, -2.162186 ], [ -56.569105, -2.1744 ], [ -56.579923, -2.179047 ], [ -56.588864, -2.17411 ], [ -56.597305, -2.174596 ], [ -56.599028, -2.17722 ], [ -56.60703, -2.204619 ], [ -56.612426, -2.209812 ], [ -56.623944, -2.204124 ], [ -56.63494, -2.20324 ], [ -56.657521, -2.210231 ], [ -56.678586, -2.212205 ], [ -56.702255, -2.200874 ], [ -56.707281, -2.183543 ], [ -56.727236, -2.176446 ], [ -56.742976, -2.178111 ], [ -56.760471, -2.173699 ], [ -56.768052, -2.165392 ], [ -56.768942, -2.140314 ], [ -56.750678, -2.109078 ], [ -56.732277, -2.091381 ], [ -56.726416, -2.081019 ], [ -56.720895, -2.058816 ], [ -56.726115, -2.030603 ], [ -56.733056, -2.022434 ], [ -56.747396, -2.011144 ], [ -56.766505, -2.00834 ], [ -56.79272, -2.020637 ], [ -56.816277, -2.022613 ], [ -56.849468, -2.019814 ], [ -56.858556, -2.015568 ], [ -56.874144, -1.994623 ], [ -56.88561, -1.983258 ], [ -56.92319, -1.963951 ], [ -56.944054, -1.963503 ], [ -56.952282, -1.959873 ], [ -56.961214, -1.9511 ], [ -56.965836, -1.934596 ], [ -56.97972, -1.923307 ], [ -56.987862, -1.906803 ], [ -57.026138, -1.914732 ], [ -57.03672, -1.911197 ], [ -57.055576, -1.864381 ], [ -57.067581, -1.852313 ], [ -57.07308, -1.831314 ], [ -57.059995, -1.815414 ], [ -57.063415, -1.808139 ], [ -57.070049, -1.802305 ], [ -57.078936, -1.800831 ], [ -57.083972, -1.793502 ], [ -57.084833, -1.781687 ], [ -57.097367, -1.774749 ], [ -57.115335, -1.791426 ], [ -57.128884, -1.763806 ], [ -57.148703, -1.76198 ], [ -57.162722, -1.768225 ], [ -57.160751, -1.755713 ], [ -57.171328, -1.749411 ], [ -57.161308, -1.728686 ], [ -57.164408, -1.720516 ], [ -57.178502, -1.729788 ], [ -57.187071, -1.721874 ], [ -57.193968, -1.727375 ], [ -57.200717, -1.723598 ], [ -57.203261, -1.710592 ], [ -57.215191, -1.715654 ], [ -57.221654, -1.723477 ], [ -57.230254, -1.725565 ], [ -57.244388, -1.72011 ], [ -57.248688, -1.712186 ], [ -57.24322, -1.703941 ], [ -57.253403, -1.69594 ], [ -57.261721, -1.696623 ], [ -57.258529, -1.70675 ], [ -57.263992, -1.716468 ], [ -57.272021, -1.718312 ], [ -57.273909, -1.709381 ], [ -57.297119, -1.711099 ], [ -57.30502, -1.729923 ], [ -57.327472, -1.715546 ], [ -57.346578, -1.713669 ], [ -57.343531, -1.722764 ], [ -57.352028, -1.732405 ], [ -57.372613, -1.713755 ], [ -57.392199, -1.72272 ], [ -57.400553, -1.712254 ], [ -57.390468, -1.70635 ], [ -57.3875, -1.694934 ], [ -57.397137, -1.691324 ], [ -57.403693, -1.683602 ], [ -57.402969, -1.675172 ], [ -57.411444, -1.672927 ], [ -57.427081, -1.691441 ], [ -57.43944, -1.688133 ], [ -57.434944, -1.675486 ], [ -57.438179, -1.66613 ], [ -57.474713, -1.677644 ], [ -57.481825, -1.664073 ], [ -57.480084, -1.655054 ], [ -57.49315, -1.656552 ], [ -57.501163, -1.652014 ], [ -57.506686, -1.640907 ], [ -57.528296, -1.652365 ], [ -57.52471, -1.626413 ], [ -57.538743, -1.623503 ], [ -57.545196, -1.61016 ], [ -57.552969, -1.604862 ], [ -57.563633, -1.604829 ], [ -57.585413, -1.595857 ], [ -57.592891, -1.59934 ], [ -57.595224, -1.589076 ], [ -57.589635, -1.579746 ], [ -57.602092, -1.569942 ], [ -57.609666, -1.574576 ], [ -57.610967, -1.582531 ], [ -57.621357, -1.585712 ], [ -57.629861, -1.583104 ], [ -57.653227, -1.588329 ], [ -57.656564, -1.580478 ], [ -57.678184, -1.593984 ], [ -57.693666, -1.575934 ], [ -57.70636, -1.575599 ], [ -57.702105, -1.561181 ], [ -57.704695, -1.546556 ], [ -57.711946, -1.535279 ], [ -57.712671, -1.503792 ], [ -57.729376, -1.509584 ], [ -57.744345, -1.501039 ], [ -57.750025, -1.506391 ], [ -57.760607, -1.502 ], [ -57.772832, -1.508446 ], [ -57.783197, -1.507651 ], [ -57.780609, -1.499585 ], [ -57.783373, -1.487734 ], [ -57.790777, -1.490284 ], [ -57.796805, -1.485398 ], [ -57.801162, -1.473883 ], [ -57.80936, -1.469781 ], [ -57.812188, -1.452034 ], [ -57.820653, -1.450169 ], [ -57.823545, -1.439403 ], [ -57.841298, -1.436035 ], [ -57.845827, -1.429156 ], [ -57.864055, -1.425046 ], [ -57.879371, -1.422911 ], [ -57.89372, -1.433178 ], [ -57.90354, -1.425675 ], [ -57.909864, -1.427709 ], [ -57.91803, -1.419453 ], [ -57.909999, -1.409876 ], [ -57.920184, -1.402517 ], [ -57.937066, -1.397962 ], [ -57.95125, -1.405515 ], [ -57.959857, -1.40122 ], [ -57.955, -1.382704 ], [ -57.976606, -1.374657 ], [ -57.976053, -1.365888 ], [ -57.970381, -1.358754 ], [ -57.98358, -1.355847 ], [ -57.995891, -1.343967 ], [ -58.000442, -1.329822 ], [ -57.997497, -1.320066 ], [ -57.99036, -1.312697 ], [ -57.990191, -1.291667 ], [ -57.974082, -1.232281 ], [ -57.963862, -1.222902 ], [ -57.964994, -1.205731 ], [ -57.978498, -1.19272 ], [ -57.970411, -1.173172 ], [ -57.97153, -1.162216 ], [ -57.978686, -1.15405 ], [ -58.006661, -1.145373 ], [ -58.015272, -1.128734 ], [ -58.009274, -1.118729 ], [ -58.017047, -1.105797 ], [ -58.032056, -1.100999 ], [ -58.04175, -1.102989 ], [ -58.081363, -1.126128 ], [ -58.083747, -1.136635 ], [ -58.081472, -1.147156 ], [ -58.093799, -1.160155 ], [ -58.123192, -1.164241 ], [ -58.118807, -1.186018 ], [ -58.12733, -1.189668 ], [ -58.155445, -1.225526 ], [ -58.162148, -1.229304 ], [ -58.180636, -1.205743 ], [ -58.194113, -1.199354 ], [ -58.214781, -1.165327 ], [ -58.24287, -1.156248 ], [ -58.254273, -1.132238 ], [ -58.267851, -1.131558 ], [ -58.27333, -1.138658 ], [ -58.32279, -1.142942 ], [ -58.319389, -1.134038 ], [ -58.335769, -1.123323 ], [ -58.343918, -1.108162 ], [ -58.351695, -1.111901 ], [ -58.360829, -1.104746 ], [ -58.355248, -1.096557 ], [ -58.362331, -1.093443 ], [ -58.367996, -1.065672 ], [ -58.38819, -1.05007 ], [ -58.392197, -1.039471 ], [ -58.399367, -1.043661 ], [ -58.405841, -1.038539 ], [ -58.411193, -1.043887 ], [ -58.429584, -1.026765 ], [ -58.418996, -1.009818 ], [ -58.424554, -0.999875 ], [ -58.422996, -0.991084 ], [ -58.410251, -0.980957 ], [ -58.414691, -0.974594 ], [ -58.414265, -0.966701 ], [ -58.42711, -0.962493 ], [ -58.429521, -0.9515 ], [ -58.450333, -0.925731 ], [ -58.448053, -0.906625 ], [ -58.45258, -0.897844 ], [ -58.433391, -0.891622 ], [ -58.435554, -0.883115 ], [ -58.458545, -0.863643 ], [ -58.466571, -0.863906 ], [ -58.467705, -0.872758 ], [ -58.475683, -0.867233 ], [ -58.479559, -0.859225 ], [ -58.48705, -0.859375 ], [ -58.493306, -0.845765 ], [ -58.491475, -0.83144 ], [ -58.500499, -0.836018 ], [ -58.507878, -0.832957 ], [ -58.51175, -0.839426 ], [ -58.518827, -0.835456 ], [ -58.520155, -0.827604 ], [ -58.560147, -0.804264 ], [ -58.56083, -0.796478 ], [ -58.567438, -0.792352 ], [ -58.570905, -0.785331 ], [ -58.590386, -0.773386 ], [ -58.592137, -0.764863 ], [ -58.599807, -0.764216 ], [ -58.613271, -0.755097 ], [ -58.631901, -0.722533 ], [ -58.636278, -0.717701 ], [ -58.656208, -0.715727 ], [ -58.663539, -0.712752 ], [ -58.666022, -0.704995 ], [ -58.683102, -0.686877 ], [ -58.704681, -0.678622 ], [ -58.703442, -0.671038 ], [ -58.709119, -0.648104 ], [ -58.716458, -0.645514 ], [ -58.718135, -0.637261 ], [ -58.731502, -0.627011 ], [ -58.7335, -0.61128 ], [ -58.726687, -0.60749 ], [ -58.727636, -0.583857 ], [ -58.731549, -0.576924 ], [ -58.728685, -0.561775 ], [ -58.721074, -0.558928 ], [ -58.71044, -0.546736 ], [ -58.70966, -0.53821 ], [ -58.710249, -0.521119 ], [ -58.716223, -0.506873 ], [ -58.722418, -0.501723 ], [ -58.734882, -0.471168 ], [ -58.724721, -0.441873 ], [ -58.729266, -0.434938 ], [ -58.736518, -0.432079 ], [ -58.743528, -0.417093 ], [ -58.765544, -0.408693 ], [ -58.781633, -0.389392 ], [ -58.79034, -0.385044 ], [ -58.797571, -0.38796 ], [ -58.801633, -0.381033 ], [ -58.817318, -0.379264 ], [ -58.823508, -0.373622 ], [ -58.846086, -0.364717 ], [ -58.87157, -0.342644 ], [ -58.874483, -0.295476 ], [ -58.870201, -0.280222 ], [ -58.865041, -0.273746 ], [ -58.864895, -0.265202 ], [ -58.871262, -0.26074 ], [ -58.878814, -0.22899 ], [ -58.880538, -0.196233 ], [ -58.862596, -0.160589 ], [ -58.862648, -0.144424 ], [ -58.866311, -0.137535 ], [ -58.863384, -0.077684 ], [ -58.871585, -0.064147 ], [ -58.880065, -0.064156 ], [ -58.886081, -0.058838 ], [ -58.886223, -0.033976 ], [ -58.897131, -0.016924 ], [ -58.894536, -0.010617 ], [ -58.894964, 0.263854 ], [ -58.895063, 0.592103 ], [ -58.894956, 0.905072 ], [ -58.894997, 1.228032 ], [ -58.894998, 1.22912 ], [ -58.881664, 1.229129 ], [ -58.87416, 1.223617 ], [ -58.866389, 1.203551 ], [ -58.858888, 1.204457 ], [ -58.853893, 1.183846 ], [ -58.845551, 1.182221 ], [ -58.831383, 1.188291 ], [ -58.826387, 1.18748 ], [ -58.823612, 1.183593 ], [ -58.824722, 1.171657 ], [ -58.820832, 1.171388 ], [ -58.805557, 1.181615 ], [ -58.80305, 1.176373 ], [ -58.799718, 1.176918 ], [ -58.791108, 1.190849 ], [ -58.778889, 1.191037 ], [ -58.775833, 1.185795 ], [ -58.769447, 1.186884 ], [ -58.763612, 1.197468 ], [ -58.750831, 1.20887 ], [ -58.739164, 1.200288 ], [ -58.714719, 1.238013 ], [ -58.720553, 1.245515 ], [ -58.720276, 1.255824 ], [ -58.709446, 1.283866 ], [ -58.709998, 1.290287 ], [ -58.694169, 1.297711 ], [ -58.679718, 1.296636 ], [ -58.675556, 1.285516 ], [ -58.663612, 1.279735 ], [ -58.652217, 1.288607 ], [ -58.638887, 1.285813 ], [ -58.628336, 1.288893 ], [ -58.614443, 1.283293 ], [ -58.607779, 1.274166 ], [ -58.588057, 1.270288 ], [ -58.584998, 1.262513 ], [ -58.57722, 1.274997 ], [ -58.577215, 1.283589 ], [ -58.569441, 1.286399 ], [ -58.564165, 1.294992 ], [ -58.559169, 1.290565 ], [ -58.546386, 1.2922 ], [ -58.53972, 1.288315 ], [ -58.537772, 1.268056 ], [ -58.535556, 1.266069 ], [ -58.529438, 1.271047 ], [ -58.526668, 1.269965 ], [ -58.522496, 1.258299 ], [ -58.518606, 1.258572 ], [ -58.519716, 1.266079 ], [ -58.512495, 1.278021 ], [ -58.503889, 1.273595 ], [ -58.503611, 1.269435 ], [ -58.495829, 1.268353 ], [ -58.494663, 1.295307 ], [ -58.483001, 1.30074 ], [ -58.475719, 1.308884 ], [ -58.470554, 1.319739 ], [ -58.473885, 1.34877 ], [ -58.457476, 1.371843 ], [ -58.464446, 1.375727 ], [ -58.469666, 1.371201 ], [ -58.484637, 1.385121 ], [ -58.478612, 1.387567 ], [ -58.479246, 1.390551 ], [ -58.504719, 1.403556 ], [ -58.505551, 1.409978 ], [ -58.501146, 1.415317 ], [ -58.502776, 1.425266 ], [ -58.497664, 1.430513 ], [ -58.50194, 1.443263 ], [ -58.507497, 1.445249 ], [ -58.508331, 1.463337 ], [ -58.49303, 1.468593 ], [ -58.48794, 1.462446 ], [ -58.472371, 1.461463 ], [ -58.461529, 1.466444 ], [ -58.448049, 1.456412 ], [ -58.443862, 1.456868 ], [ -58.438998, 1.464831 ], [ -58.412379, 1.473077 ], [ -58.403585, 1.470097 ], [ -58.385192, 1.470381 ], [ -58.371358, 1.481965 ], [ -58.376278, 1.488386 ], [ -58.38478, 1.489013 ], [ -58.389916, 1.496698 ], [ -58.391132, 1.506736 ], [ -58.383188, 1.511264 ], [ -58.393335, 1.520301 ], [ -58.394328, 1.526904 ], [ -58.389142, 1.535771 ], [ -58.362692, 1.53841 ], [ -58.359025, 1.546734 ], [ -58.359997, 1.560573 ], [ -58.343052, 1.566914 ], [ -58.34414, 1.576138 ], [ -58.336998, 1.581571 ], [ -58.33198, 1.591069 ], [ -58.321971, 1.597408 ], [ -58.313939, 1.594338 ], [ -58.316744, 1.568831 ], [ -58.292419, 1.564686 ], [ -58.287769, 1.572828 ], [ -58.271334, 1.567775 ], [ -58.26186, 1.571126 ], [ -58.256833, 1.569501 ], [ -58.254078, 1.562266 ], [ -58.240941, 1.554495 ], [ -58.235607, 1.547082 ], [ -58.212467, 1.565186 ], [ -58.196944, 1.567546 ], [ -58.192639, 1.572613 ], [ -58.183414, 1.565653 ], [ -58.160247, 1.56051 ], [ -58.156189, 1.544052 ], [ -58.153222, 1.54342 ], [ -58.154807, 1.530393 ], [ -58.145666, 1.515745 ], [ -58.14916, 1.510405 ], [ -58.129029, 1.49929 ], [ -58.110916, 1.501563 ], [ -58.097192, 1.514323 ], [ -58.085105, 1.515233 ], [ -58.084553, 1.508359 ], [ -58.069053, 1.507734 ], [ -58.064829, 1.522662 ], [ -58.06053, 1.525738 ], [ -58.04016, 1.521316 ], [ -58.026774, 1.509021 ], [ -58.023472, 1.511193 ], [ -58.003831, 1.503423 ], [ -58.005105, 1.517172 ], [ -58.000054, 1.521154 ], [ -58.000832, 1.528571 ], [ -57.994525, 1.539158 ], [ -57.989881, 1.540969 ], [ -57.988971, 1.548027 ], [ -57.993914, 1.553542 ], [ -57.988414, 1.562861 ], [ -57.989465, 1.567745 ], [ -57.982139, 1.566211 ], [ -57.978162, 1.573177 ], [ -57.983471, 1.586655 ], [ -57.980966, 1.596696 ], [ -57.984887, 1.617138 ], [ -57.981637, 1.618225 ], [ -57.979914, 1.633604 ], [ -58.002218, 1.646076 ], [ -58.001964, 1.649875 ], [ -57.9898, 1.651871 ], [ -57.989696, 1.658837 ], [ -57.980633, 1.659746 ], [ -57.97844, 1.65631 ], [ -57.970026, 1.654776 ], [ -57.961467, 1.657495 ], [ -57.957381, 1.654602 ], [ -57.959027, 1.651525 ], [ -57.949801, 1.648002 ], [ -57.926359, 1.645208 ], [ -57.913109, 1.648018 ], [ -57.904326, 1.656075 ], [ -57.901689, 1.668106 ], [ -57.894586, 1.674713 ], [ -57.888833, 1.674626 ], [ -57.88425, 1.670104 ], [ -57.87675, 1.672189 ], [ -57.876722, 1.680692 ], [ -57.851659, 1.66822 ], [ -57.852659, 1.67826 ], [ -57.846582, 1.681429 ], [ -57.843774, 1.6893 ], [ -57.839664, 1.683965 ], [ -57.835996, 1.686952 ], [ -57.819104, 1.684245 ], [ -57.808689, 1.688773 ], [ -57.799391, 1.685611 ], [ -57.795969, 1.691401 ], [ -57.803252, 1.702254 ], [ -57.796495, 1.703612 ], [ -57.79186, 1.727045 ], [ -57.779973, 1.719633 ], [ -57.773909, 1.730129 ], [ -57.766328, 1.722986 ], [ -57.75983, 1.723079 ], [ -57.757827, 1.7191 ], [ -57.744571, 1.723265 ], [ -57.73075, 1.71929 ], [ -57.719246, 1.723274 ], [ -57.716049, 1.721106 ], [ -57.717999, 1.715857 ], [ -57.709743, 1.718032 ], [ -57.707772, 1.721109 ], [ -57.7115, 1.728978 ], [ -57.704692, 1.731333 ], [ -57.696719, 1.721201 ], [ -57.697641, 1.714146 ], [ -57.686609, 1.706822 ], [ -57.674664, 1.706375 ], [ -57.671996, 1.711262 ], [ -57.669107, 1.700315 ], [ -57.660136, 1.689553 ], [ -57.655116, 1.690821 ], [ -57.650022, 1.682771 ], [ -57.632523, 1.691823 ], [ -57.628942, 1.698882 ], [ -57.621548, 1.70015 ], [ -57.618997, 1.69617 ], [ -57.604361, 1.693371 ], [ -57.597436, 1.700881 ], [ -57.583528, 1.702423 ], [ -57.581334, 1.706496 ], [ -57.575638, 1.703059 ], [ -57.576695, 1.690756 ], [ -57.572243, 1.689129 ], [ -57.564105, 1.696278 ], [ -57.552829, 1.692843 ], [ -57.549941, 1.701077 ], [ -57.537198, 1.700899 ], [ -57.533778, 1.70859 ], [ -57.540891, 1.720801 ], [ -57.531439, 1.72189 ], [ -57.52569, 1.728404 ], [ -57.51847, 1.721532 ], [ -57.513827, 1.723432 ], [ -57.516305, 1.732117 ], [ -57.514106, 1.747678 ], [ -57.508113, 1.757812 ], [ -57.501391, 1.758357 ], [ -57.496886, 1.767223 ], [ -57.50147, 1.786493 ], [ -57.493305, 1.792918 ], [ -57.486635, 1.79292 ], [ -57.484744, 1.800338 ], [ -57.477247, 1.795093 ], [ -57.475808, 1.799346 ], [ -57.47361, 1.796271 ], [ -57.450496, 1.80677 ], [ -57.451387, 1.811838 ], [ -57.448441, 1.812381 ], [ -57.44436, 1.822695 ], [ -57.43736, 1.82722 ], [ -57.444586, 1.841512 ], [ -57.431524, 1.858884 ], [ -57.431967, 1.869743 ], [ -57.428831, 1.874268 ], [ -57.435719, 1.880959 ], [ -57.432081, 1.891273 ], [ -57.433029, 1.906382 ], [ -57.427301, 1.90982 ], [ -57.402473, 1.913085 ], [ -57.398024, 1.922222 ], [ -57.384633, 1.927834 ], [ -57.37533, 1.922682 ], [ -57.367278, 1.924129 ], [ -57.356638, 1.947564 ], [ -57.367749, 1.952537 ], [ -57.368719, 1.956788 ], [ -57.353827, 1.961497 ], [ -57.355831, 1.970814 ], [ -57.345218, 1.980678 ], [ -57.337776, 1.975703 ], [ -57.328858, 1.980048 ], [ -57.3128, 1.977607 ], [ -57.306717, 1.99706 ], [ -57.276829, 1.983405 ], [ -57.26841, 1.984039 ], [ -57.267413, 1.98024 ], [ -57.273029, 1.974539 ], [ -57.261886, 1.962146 ], [ -57.25605, 1.961514 ], [ -57.255024, 1.950748 ], [ -57.228828, 1.937995 ], [ -57.228722, 1.953919 ], [ -57.214328, 1.961701 ], [ -57.199495, 1.979074 ], [ -57.18294, 1.979981 ], [ -57.17869, 1.990564 ], [ -57.163554, 1.995181 ], [ -57.147057, 1.989483 ], [ -57.140438, 2.001426 ], [ -57.119567, 2.010565 ], [ -57.115917, 2.015269 ], [ -57.116193, 2.028298 ], [ -57.111225, 2.029926 ], [ -57.095886, 2.018257 ], [ -57.086276, 2.026852 ], [ -57.081166, 2.019252 ], [ -57.082143, 2.007943 ], [ -57.073054, 2.002787 ], [ -57.070715, 1.996996 ], [ -57.070808, 1.969132 ], [ -57.06353, 1.956376 ], [ -57.056053, 1.957191 ], [ -57.053385, 1.952848 ], [ -57.046968, 1.953572 ], [ -57.031553, 1.94733 ], [ -57.02453, 1.940182 ], [ -57.023994, 1.92824 ], [ -57.013806, 1.915303 ], [ -57.00875, 1.917384 ], [ -57.000302, 1.907704 ], [ -56.982416, 1.907703 ], [ -56.975695, 1.90336 ], [ -56.971081, 1.905983 ], [ -56.967799, 1.917021 ], [ -56.958771, 1.924802 ], [ -56.950113, 1.923082 ], [ -56.949415, 1.919826 ], [ -56.919307, 1.930772 ], [ -56.905887, 1.915571 ], [ -56.906805, 1.910867 ], [ -56.89308, 1.899738 ], [ -56.891052, 1.902271 ], [ -56.886418, 1.897295 ], [ -56.866187, 1.893493 ], [ -56.864135, 1.897022 ], [ -56.858245, 1.895664 ], [ -56.859165, 1.89096 ], [ -56.855855, 1.889602 ], [ -56.845416, 1.893673 ], [ -56.837417, 1.888425 ], [ -56.830552, 1.889239 ], [ -56.828221, 1.882001 ], [ -56.821168, 1.883629 ], [ -56.820524, 1.879649 ], [ -56.808858, 1.874128 ], [ -56.798448, 1.872951 ], [ -56.800613, 1.866437 ], [ -56.795357, 1.861732 ], [ -56.797528, 1.85377 ], [ -56.787634, 1.854764 ], [ -56.788251, 1.864535 ], [ -56.773447, 1.869238 ], [ -56.767715, 1.876384 ], [ -56.764499, 1.888779 ], [ -56.753136, 1.893029 ], [ -56.74936, 1.903251 ], [ -56.737199, 1.90904 ], [ -56.734328, 1.917633 ], [ -56.726446, 1.918898 ], [ -56.720553, 1.926228 ], [ -56.704246, 1.924324 ], [ -56.681946, 1.912739 ], [ -56.678749, 1.921334 ], [ -56.673056, 1.913099 ], [ -56.65064, 1.917529 ], [ -56.648747, 1.931552 ], [ -56.640613, 1.93173 ], [ -56.629528, 1.942855 ], [ -56.62105, 1.946292 ], [ -56.607442, 1.934709 ], [ -56.597998, 1.936878 ], [ -56.596023, 1.926292 ], [ -56.579357, 1.906294 ], [ -56.560551, 1.911447 ], [ -56.55514, 1.917687 ], [ -56.546249, 1.915785 ], [ -56.524503, 1.925098 ], [ -56.517584, 1.932695 ], [ -56.495166, 1.938388 ], [ -56.482446, 1.954486 ], [ -56.46855, 1.949598 ], [ -56.453752, 1.952759 ], [ -56.450854, 1.956559 ], [ -56.444273, 1.948956 ], [ -56.436611, 1.95212 ], [ -56.431668, 1.946871 ], [ -56.422473, 1.946145 ], [ -56.422166, 1.93936 ], [ -56.411412, 1.92868 ], [ -56.40319, 1.930669 ], [ -56.396583, 1.9237 ], [ -56.389584, 1.923789 ], [ -56.388221, 1.933286 ], [ -56.371663, 1.933281 ], [ -56.368614, 1.937712 ], [ -56.357807, 1.941869 ], [ -56.338941, 1.935799 ], [ -56.334529, 1.937517 ], [ -56.320993, 1.924033 ], [ -56.30864, 1.921315 ], [ -56.302335, 1.912084 ], [ -56.294863, 1.909095 ], [ -56.290362, 1.910903 ], [ -56.289585, 1.906922 ], [ -56.271882, 1.896963 ], [ -56.262717, 1.886014 ], [ -56.243637, 1.878497 ], [ -56.234054, 1.899028 ], [ -56.214614, 1.902458 ], [ -56.20855, 1.894766 ], [ -56.200554, 1.89657 ], [ -56.1985, 1.892951 ], [ -56.182025, 1.893033 ], [ -56.170493, 1.900898 ], [ -56.168114, 1.888051 ], [ -56.159859, 1.891847 ], [ -56.152218, 1.89112 ], [ -56.140721, 1.875464 ], [ -56.132142, 1.870303 ], [ -56.129495, 1.859629 ], [ -56.119776, 1.857542 ], [ -56.117216, 1.85139 ], [ -56.11244, 1.855458 ], [ -56.098248, 1.846946 ], [ -56.089781, 1.854181 ], [ -56.084945, 1.853454 ], [ -56.080945, 1.846306 ], [ -56.076999, 1.845489 ], [ -56.075054, 1.850192 ], [ -56.066051, 1.852268 ], [ -56.049521, 1.851264 ], [ -56.043028, 1.847642 ], [ -56.036245, 1.850624 ], [ -56.028605, 1.842025 ], [ -56.023683, 1.843018 ], [ -55.998556, 1.831698 ], [ -55.99528, 1.835313 ], [ -55.982806, 1.835939 ], [ -55.978939, 1.842359 ], [ -55.975576, 1.840729 ], [ -55.969698, 1.848686 ], [ -55.955971, 1.845512 ], [ -55.93389, 1.871913 ], [ -55.914471, 1.885106 ], [ -55.903448, 1.888446 ], [ -55.901528, 1.908165 ], [ -55.920118, 1.919394 ], [ -55.921581, 1.933686 ], [ -55.929137, 1.93966 ], [ -55.922078, 1.950783 ], [ -55.935943, 1.986884 ], [ -55.934724, 1.996923 ], [ -55.928747, 1.997733 ], [ -55.922304, 1.991669 ], [ -55.913333, 1.990938 ], [ -55.907522, 2.001699 ], [ -55.90633, 2.013821 ], [ -55.910385, 2.014816 ], [ -55.910106, 2.022415 ], [ -55.90164, 2.029736 ], [ -55.902696, 2.041497 ], [ -55.908383, 2.047832 ], [ -55.932414, 2.05816 ], [ -55.926278, 2.075522 ], [ -55.928689, 2.079053 ], [ -55.937696, 2.078878 ], [ -55.948303, 2.092092 ], [ -55.96641, 2.088847 ], [ -55.972578, 2.103596 ], [ -55.969329, 2.113453 ], [ -55.973026, 2.116623 ], [ -55.977753, 2.11554 ], [ -55.975114, 2.126391 ], [ -55.981721, 2.132277 ], [ -55.988602, 2.132463 ], [ -55.990942, 2.13174 ], [ -55.993354, 2.139974 ], [ -55.988617, 2.143795 ], [ -55.986251, 2.14621 ], [ -55.988625, 2.149968 ], [ -56.002667, 2.168022 ], [ -56.013695, 2.165767 ], [ -56.034662, 2.169217 ], [ -56.045416, 2.177547 ], [ -56.049301, 2.184786 ], [ -56.054641, 2.18506 ], [ -56.05586, 2.189766 ], [ -56.046467, 2.196363 ], [ -56.035747, 2.213907 ], [ -56.03742, 2.220058 ], [ -56.042969, 2.22169 ], [ -56.042475, 2.228203 ], [ -56.05764, 2.233822 ], [ -56.068387, 2.243234 ], [ -56.076918, 2.237903 ], [ -56.087579, 2.250302 ], [ -56.095306, 2.246509 ], [ -56.095612, 2.241806 ], [ -56.108528, 2.245161 ], [ -56.11997, 2.250686 ], [ -56.122636, 2.2591 ], [ -56.138468, 2.266165 ], [ -56.136643, 2.271139 ], [ -56.124939, 2.278641 ], [ -56.127666, 2.286874 ], [ -56.114082, 2.298988 ], [ -56.112993, 2.31147 ], [ -56.106774, 2.318705 ], [ -56.093357, 2.32159 ], [ -56.091526, 2.330274 ], [ -56.095197, 2.338688 ], [ -56.088475, 2.351891 ], [ -56.091803, 2.360487 ], [ -56.088637, 2.364463 ], [ -56.089718, 2.372698 ], [ -56.083969, 2.375407 ], [ -56.080468, 2.373595 ], [ -56.080498, 2.369434 ], [ -56.073471, 2.371239 ], [ -56.060779, 2.35531 ], [ -56.058722, 2.343366 ], [ -56.050196, 2.335401 ], [ -56.029162, 2.332854 ], [ -56.029245, 2.340002 ], [ -56.021409, 2.34289 ], [ -56.02211, 2.347864 ], [ -56.026496, 2.347507 ], [ -56.026525, 2.355737 ], [ -56.032607, 2.364608 ], [ -56.03956, 2.366693 ], [ -56.03619, 2.37465 ], [ -56.024279, 2.382783 ], [ -56.022828, 2.391284 ], [ -56.014282, 2.400234 ], [ -56.006607, 2.401949 ], [ -56.001048, 2.413342 ], [ -55.988994, 2.418159 ], [ -55.98661, 2.420748 ], [ -55.988999, 2.421965 ], [ -55.989008, 2.427541 ], [ -55.984969, 2.429702 ], [ -55.989021, 2.436652 ], [ -55.991665, 2.439024 ], [ -55.994608, 2.436043 ], [ -56.002779, 2.446268 ], [ -56.00853, 2.444738 ], [ -56.011106, 2.453241 ], [ -55.98907, 2.469874 ], [ -55.987721, 2.479094 ], [ -55.977082, 2.490031 ], [ -55.977497, 2.496815 ], [ -55.989118, 2.501686 ], [ -55.992472, 2.504969 ], [ -55.989141, 2.517348 ], [ -55.979169, 2.51925 ], [ -55.977831, 2.527751 ], [ -55.973271, 2.526211 ], [ -55.970111, 2.529735 ], [ -55.934196, 2.53387 ], [ -55.923752, 2.530964 ], [ -55.921466, 2.523275 ], [ -55.924022, 2.519024 ], [ -55.909798, 2.520459 ], [ -55.90119, 2.517648 ], [ -55.897108, 2.505977 ], [ -55.885858, 2.503886 ], [ -55.880388, 2.489318 ], [ -55.873418, 2.488317 ], [ -55.865748, 2.481798 ], [ -55.854112, 2.480975 ], [ -55.850328, 2.469483 ], [ -55.838413, 2.462598 ], [ -55.829806, 2.459515 ], [ -55.783471, 2.456941 ], [ -55.780968, 2.462095 ], [ -55.766223, 2.45566 ], [ -55.761106, 2.440911 ], [ -55.767055, 2.438292 ], [ -55.756325, 2.430324 ], [ -55.746555, 2.410868 ], [ -55.717475, 2.402429 ], [ -55.707216, 2.403544 ], [ -55.697938, 2.421966 ], [ -55.67358, 2.414027 ], [ -55.656829, 2.421028 ], [ -55.641781, 2.416391 ], [ -55.63119, 2.417329 ], [ -55.616665, 2.420263 ], [ -55.612249, 2.426591 ], [ -55.603884, 2.430497 ], [ -55.593081, 2.433691 ], [ -55.589275, 2.43172 ], [ -55.574222, 2.438175 ], [ -55.570195, 2.42394 ], [ -55.551023, 2.429867 ], [ -55.52752, 2.429044 ], [ -55.524328, 2.436269 ], [ -55.503832, 2.439766 ], [ -55.499305, 2.443661 ], [ -55.481829, 2.439029 ], [ -55.428971, 2.439296 ], [ -55.38492, 2.418784 ], [ -55.345165, 2.448412 ], [ -55.355747, 2.475983 ], [ -55.319777, 2.515793 ], [ -55.276884, 2.512778 ], [ -55.234328, 2.503805 ], [ -55.207137, 2.523202 ], [ -55.172388, 2.559768 ], [ -55.122996, 2.568049 ], [ -55.102609, 2.526065 ], [ -55.05583, 2.553556 ], [ -55.008227, 2.587829 ], [ -55.003329, 2.591356 ], [ -54.953831, 2.584021 ], [ -54.934946, 2.518915 ], [ -54.919083, 2.500011 ], [ -54.871775, 2.434076 ], [ -54.875775, 2.427024 ], [ -54.874221, 2.415655 ], [ -54.867221, 2.409267 ], [ -54.865608, 2.403223 ], [ -54.807085, 2.342005 ], [ -54.804578, 2.329555 ], [ -54.793774, 2.313064 ], [ -54.801555, 2.308076 ], [ -54.806747, 2.298225 ], [ -54.802445, 2.290382 ], [ -54.80861, 2.286755 ], [ -54.810945, 2.266709 ], [ -54.798473, 2.24589 ], [ -54.781112, 2.223727 ], [ -54.774638, 2.220673 ], [ -54.770162, 2.20877 ], [ -54.762636, 2.20265 ], [ -54.762399, 2.192772 ], [ -54.769002, 2.18792 ], [ -54.767417, 2.181243 ], [ -54.782747, 2.174523 ], [ -54.781006, 2.167486 ], [ -54.790914, 2.161685 ], [ -54.789168, 2.156542 ], [ -54.798054, 2.150473 ], [ -54.800495, 2.142884 ], [ -54.805779, 2.139259 ], [ -54.803106, 2.132585 ], [ -54.808746, 2.123095 ], [ -54.804217, 2.10821 ], [ -54.813355, 2.101146 ], [ -54.805693, 2.076701 ], [ -54.811605, 2.071361 ], [ -54.812357, 2.063146 ], [ -54.805494, 2.054043 ], [ -54.810861, 2.039769 ], [ -54.806778, 2.037702 ], [ -54.80333, 2.026155 ], [ -54.7945, 2.017149 ], [ -54.790496, 2.00759 ], [ -54.7804, 1.999939 ], [ -54.76855, 1.996536 ], [ -54.771669, 1.978745 ], [ -54.763526, 1.979126 ], [ -54.753967, 1.970931 ], [ -54.755391, 1.960638 ], [ -54.759661, 1.960537 ], [ -54.757889, 1.95747 ], [ -54.764553, 1.944277 ], [ -54.771113, 1.940832 ], [ -54.765444, 1.907983 ], [ -54.76139, 1.905917 ], [ -54.763057, 1.892822 ], [ -54.758588, 1.890486 ], [ -54.752614, 1.876053 ], [ -54.752721, 1.851319 ], [ -54.7494, 1.84627 ], [ -54.74801, 1.842661 ], [ -54.739304, 1.839611 ], [ -54.740137, 1.832386 ], [ -54.733551, 1.83231 ], [ -54.750197, 1.814581 ], [ -54.746446, 1.806102 ], [ -54.753947, 1.798142 ], [ -54.752192, 1.791013 ], [ -54.74597, 1.786782 ], [ -54.744305, 1.776135 ], [ -54.718059, 1.771402 ], [ -54.701774, 1.772609 ], [ -54.700023, 1.776044 ], [ -54.691689, 1.768206 ], [ -54.67855, 1.769226 ], [ -54.670722, 1.765991 ], [ -54.651087, 1.771989 ], [ -54.643166, 1.768934 ], [ -54.625411, 1.780978 ], [ -54.611246, 1.779651 ], [ -54.601443, 1.784907 ], [ -54.580581, 1.777995 ], [ -54.570437, 1.784789 ], [ -54.570614, 1.777925 ], [ -54.536524, 1.770587 ], [ -54.527634, 1.765277 ], [ -54.523497, 1.756344 ], [ -54.511948, 1.753747 ], [ -54.508081, 1.748608 ], [ -54.501358, 1.75142 ], [ -54.495472, 1.747278 ], [ -54.485138, 1.751631 ], [ -54.484249, 1.755787 ], [ -54.470803, 1.751839 ], [ -54.470139, 1.756082 ], [ -54.464335, 1.759527 ], [ -54.434137, 1.754434 ], [ -54.424188, 1.760774 ], [ -54.417421, 1.756904 ], [ -54.403473, 1.760092 ], [ -54.386969, 1.745489 ], [ -54.37725, 1.764021 ], [ -54.35122, 1.754407 ], [ -54.350356, 1.747725 ], [ -54.343725, 1.747013 ], [ -54.34419, 1.740962 ], [ -54.329084, 1.74415 ], [ -54.322969, 1.737837 ], [ -54.316411, 1.737126 ], [ -54.308833, 1.741384 ], [ -54.305304, 1.737237 ], [ -54.31294, 1.733791 ], [ -54.309309, 1.729733 ], [ -54.304806, 1.72965 ], [ -54.29997, 1.72415 ], [ -54.292717, 1.726331 ], [ -54.289418, 1.720917 ], [ -54.28117, 1.724183 ], [ -54.282471, 1.716594 ], [ -54.291888, 1.70908 ], [ -54.279612, 1.708016 ], [ -54.274023, 1.710827 ], [ -54.266329, 1.708401 ], [ -54.269107, 1.705146 ], [ -54.265195, 1.696118 ], [ -54.268772, 1.694577 ], [ -54.262273, 1.688717 ], [ -54.263187, 1.680497 ], [ -54.248864, 1.684134 ], [ -54.243974, 1.676464 ], [ -54.229668, 1.676306 ], [ -54.227887, 1.665651 ], [ -54.202471, 1.649343 ], [ -54.196996, 1.632099 ], [ -54.190633, 1.625244 ], [ -54.18694, 1.628323 ], [ -54.185934, 1.644792 ], [ -54.181747, 1.658409 ], [ -54.177893, 1.657784 ], [ -54.175663, 1.648304 ], [ -54.168446, 1.644339 ], [ -54.151999, 1.639668 ], [ -54.146383, 1.644104 ], [ -54.143193, 1.640947 ], [ -54.141889, 1.628844 ], [ -54.129335, 1.624256 ], [ -54.133027, 1.617476 ], [ -54.122612, 1.607736 ], [ -54.122108, 1.602135 ], [ -54.130914, 1.597244 ], [ -54.127886, 1.591648 ], [ -54.122359, 1.591204 ], [ -54.118081, 1.581815 ], [ -54.10153, 1.590966 ], [ -54.101475, 1.58464 ], [ -54.109883, 1.575324 ], [ -54.117055, 1.55851 ], [ -54.114054, 1.551558 ], [ -54.098308, 1.550859 ], [ -54.08412, 1.526667 ], [ -54.088559, 1.514016 ], [ -54.084693, 1.505798 ], [ -54.088278, 1.492333 ], [ -54.085996, 1.488633 ], [ -54.077495, 1.486026 ], [ -54.078969, 1.495237 ], [ -54.06869, 1.501305 ], [ -54.061967, 1.495081 ], [ -54.055469, 1.493825 ], [ -54.039528, 1.506495 ], [ -54.024108, 1.500193 ], [ -54.020724, 1.507155 ], [ -54.027109, 1.517174 ], [ -54.019804, 1.516099 ], [ -54.00858, 1.52 ], [ -53.999057, 1.505106 ], [ -54.003001, 1.489741 ], [ -53.996998, 1.476107 ], [ -53.985694, 1.479375 ], [ -53.975665, 1.472613 ], [ -53.966607, 1.484731 ], [ -53.955437, 1.480229 ], [ -53.953615, 1.468306 ], [ -53.943082, 1.471662 ], [ -53.934699, 1.467066 ], [ -53.928295, 1.469515 ], [ -53.925415, 1.465812 ], [ -53.930116, 1.458036 ], [ -53.929918, 1.450266 ], [ -53.94, 1.443658 ], [ -53.937835, 1.435799 ], [ -53.92203, 1.442597 ], [ -53.91706, 1.457239 ], [ -53.895528, 1.455462 ], [ -53.892778, 1.443717 ], [ -53.880254, 1.440572 ], [ -53.876273, 1.435788 ], [ -53.887282, 1.408124 ], [ -53.882359, 1.401083 ], [ -53.875835, 1.407867 ], [ -53.854503, 1.401931 ], [ -53.843836, 1.406643 ], [ -53.841142, 1.402398 ], [ -53.850612, 1.398863 ], [ -53.852364, 1.394072 ], [ -53.849871, 1.392178 ], [ -53.830304, 1.394189 ], [ -53.823134, 1.38995 ], [ -53.806582, 1.392139 ], [ -53.804587, 1.397565 ], [ -53.807022, 1.402349 ], [ -53.822306, 1.414169 ], [ -53.820024, 1.419593 ], [ -53.803524, 1.423861 ], [ -53.791223, 1.417009 ], [ -53.783254, 1.40319 ], [ -53.774143, 1.397239 ], [ -53.767584, 1.396252 ], [ -53.762004, 1.408729 ], [ -53.754637, 1.394911 ], [ -53.731859, 1.386625 ], [ -53.730887, 1.396114 ], [ -53.714946, 1.405712 ], [ -53.715555, 1.418273 ], [ -53.723586, 1.428565 ], [ -53.71672, 1.432099 ], [ -53.696361, 1.423266 ], [ -53.695336, 1.418478 ], [ -53.712968, 1.396769 ], [ -53.710994, 1.3843 ], [ -53.700992, 1.378255 ], [ -53.687028, 1.386134 ], [ -53.68258, 1.384692 ], [ -53.680003, 1.372857 ], [ -53.670083, 1.372326 ], [ -53.664387, 1.375586 ], [ -53.659862, 1.400173 ], [ -53.654776, 1.407047 ], [ -53.646366, 1.407961 ], [ -53.640804, 1.399472 ], [ -53.640473, 1.388808 ], [ -53.644664, 1.380579 ], [ -53.643055, 1.364223 ], [ -53.648584, 1.357439 ], [ -53.66261, 1.349832 ], [ -53.6505, 1.33656 ], [ -53.641417, 1.335304 ], [ -53.632779, 1.347695 ], [ -53.59475, 1.358491 ], [ -53.570223, 1.337639 ], [ -53.565003, 1.340088 ], [ -53.563391, 1.350031 ], [ -53.548025, 1.34887 ], [ -53.541695, 1.345171 ], [ -53.532919, 1.322766 ], [ -53.539669, 1.317335 ], [ -53.560775, 1.311167 ], [ -53.562167, 1.306919 ], [ -53.556224, 1.285142 ], [ -53.552244, 1.280626 ], [ -53.530053, 1.273961 ], [ -53.522861, 1.261676 ], [ -53.530109, 1.24567 ], [ -53.545855, 1.228845 ], [ -53.538527, 1.212764 ], [ -53.533442, 1.21051 ], [ -53.492557, 1.226998 ], [ -53.473272, 1.23967 ], [ -53.438303, 1.232472 ], [ -53.43328, 1.234825 ], [ -53.430079, 1.243597 ], [ -53.426055, 1.243058 ], [ -53.424838, 1.221817 ], [ -53.416972, 1.203114 ], [ -53.402525, 1.194269 ], [ -53.395615, 1.17963 ], [ -53.399413, 1.158747 ], [ -53.403944, 1.151512 ], [ -53.420809, 1.147699 ], [ -53.439308, 1.154012 ], [ -53.452888, 1.143968 ], [ -53.458692, 1.134019 ], [ -53.455357, 1.07771 ], [ -53.452243, 1.071566 ], [ -53.435498, 1.059919 ], [ -53.434226, 1.048349 ], [ -53.427002, 1.043655 ], [ -53.421864, 1.034076 ], [ -53.420885, 1.029289 ], [ -53.42947, 1.020151 ], [ -53.427796, 1.01197 ], [ -53.426364, 0.992765 ], [ -53.417002, 0.989608 ], [ -53.410338, 0.982382 ], [ -53.410204, 0.956982 ], [ -53.413274, 0.947759 ], [ -53.411029, 0.929684 ], [ -53.360886, 0.896451 ], [ -53.354471, 0.888594 ], [ -53.301831, 0.859336 ], [ -53.28703, 0.846056 ], [ -53.274363, 0.825271 ], [ -53.254683, 0.809552 ], [ -53.213944, 0.78607 ], [ -53.206526, 0.773689 ], [ -53.201971, 0.776131 ], [ -53.189809, 0.768724 ], [ -53.184144, 0.747843 ], [ -53.156943, 0.729415 ], [ -53.150612, 0.719742 ], [ -53.146474, 0.700127 ], [ -53.13944, 0.693442 ], [ -53.123666, 0.697696 ], [ -53.116474, 0.691912 ], [ -53.105835, 0.684323 ], [ -53.10528, 0.679803 ], [ -53.11547, 0.656925 ], [ -53.115142, 0.648697 ], [ -53.122248, 0.630432 ], [ -53.146858, 0.600676 ], [ -53.154384, 0.563697 ], [ -53.147692, 0.552398 ], [ -53.147919, 0.542 ], [ -53.151601, 0.532236 ], [ -53.16225, 0.522829 ], [ -53.159169, 0.514151 ], [ -53.169305, 0.494077 ], [ -53.159085, 0.488566 ], [ -53.154665, 0.480522 ], [ -53.167282, 0.446072 ], [ -53.158776, 0.42067 ], [ -53.159471, 0.403311 ], [ -53.174847, 0.38206 ], [ -53.173586, 0.374648 ], [ -53.159834, 0.356661 ], [ -53.150834, 0.352233 ], [ -53.138332, 0.330806 ], [ -53.133887, 0.300523 ], [ -53.11147, 0.286874 ], [ -53.094418, 0.262556 ], [ -53.105945, 0.232087 ], [ -53.093829, 0.195651 ], [ -53.082914, 0.188964 ], [ -53.069639, 0.169886 ], [ -53.051664, 0.157683 ], [ -53.039144, 0.136346 ], [ -53.036053, 0.120163 ], [ -53.028803, 0.105064 ], [ -53.010667, 0.095391 ], [ -53.014503, 0.060037 ], [ -53.003222, 0.044213 ], [ -52.98478, 0.035986 ], [ -52.97683, 0.024142 ], [ -52.976297, -0.007283 ], [ -52.97056, -0.042764 ], [ -52.959555, -0.062876 ], [ -52.932282, -0.141961 ], [ -52.903551, -0.154591 ], [ -52.897137, -0.154121 ], [ -52.87636, -0.14241 ], [ -52.855098, -0.147706 ], [ -52.844308, -0.15938 ], [ -52.835637, -0.185802 ], [ -52.757975, -0.239335 ], [ -52.753966, -0.261841 ], [ -52.739753, -0.27626 ], [ -52.715781, -0.292348 ], [ -52.700441, -0.292495 ], [ -52.688359, -0.303789 ], [ -52.683711, -0.313966 ], [ -52.681389, -0.339617 ], [ -52.695492, -0.371654 ], [ -52.69811, -0.386819 ], [ -52.680615, -0.414737 ], [ -52.678691, -0.423326 ], [ -52.684304, -0.434286 ], [ -52.692612, -0.441803 ], [ -52.702222, -0.458883 ], [ -52.690558, -0.476811 ], [ -52.694976, -0.496053 ], [ -52.681341, -0.516084 ], [ -52.673167, -0.51904 ], [ -52.666831, -0.524763 ], [ -52.669389, -0.537848 ], [ -52.667304, -0.543787 ], [ -52.639549, -0.584556 ], [ -52.628726, -0.593498 ], [ -52.61253, -0.594544 ], [ -52.59258, -0.581347 ], [ -52.569345, -0.575613 ], [ -52.53472, -0.573738 ], [ -52.522719, -0.588725 ], [ -52.512724, -0.619296 ], [ -52.510771, -0.639522 ], [ -52.510585, -0.65652 ], [ -52.51539, -0.663221 ], [ -52.512055, -0.664754 ], [ -52.509928, -0.678833 ], [ -52.501274, -0.69241 ], [ -52.496948, -0.710933 ], [ -52.497417, -0.730398 ], [ -52.501366, -0.746412 ], [ -52.521173, -0.784859 ], [ -52.522264, -0.791342 ], [ -52.520726, -0.800783 ], [ -52.509391, -0.813101 ], [ -52.517291, -0.821396 ], [ -52.534582, -0.841688 ], [ -52.538197, -0.854456 ], [ -52.528331, -0.858775 ], [ -52.516474, -0.858265 ], [ -52.496377, -0.849185 ], [ -52.467947, -0.840743 ], [ -52.455059, -0.829915 ], [ -52.443863, -0.833818 ], [ -52.419392, -0.854346 ], [ -52.402699, -0.876797 ], [ -52.400837, -0.88717 ], [ -52.404365, -0.913067 ], [ -52.410033, -0.917197 ], [ -52.413499, -0.918632 ], [ -52.428888, -0.919979 ], [ -52.439037, -0.935195 ], [ -52.436178, -0.947915 ], [ -52.41947, -0.965611 ], [ -52.417756, -0.998673 ], [ -52.414006, -1.008919 ], [ -52.416333, -1.025259 ], [ -52.428776, -1.042289 ], [ -52.426581, -1.050442 ], [ -52.419608, -1.052348 ], [ -52.39972, -1.043278 ], [ -52.382662, -1.053639 ], [ -52.357697, -1.062232 ], [ -52.351567, -1.069421 ], [ -52.33253, -1.115538 ], [ -52.300527, -1.115556 ], [ -52.272864, -1.128178 ], [ -52.238204, -1.125886 ], [ -52.22169, -1.134175 ], [ -52.173114, -1.129779 ], [ -52.161932, -1.133699 ], [ -52.146274, -1.148438 ], [ -52.119806, -1.145845 ], [ -52.116192, -1.149603 ], [ -52.106307, -1.182714 ], [ -52.110333, -1.204322 ], [ -52.109415, -1.217762 ], [ -52.101617, -1.225614 ], [ -52.070003, -1.23563 ], [ -52.054192, -1.233866 ], [ -52.046608, -1.218955 ], [ -52.047107, -1.21393 ], [ -52.062505, -1.192538 ], [ -52.063525, -1.185577 ], [ -52.054608, -1.176596 ], [ -52.040444, -1.169779 ], [ -52.010875, -1.167248 ], [ -51.990666, -1.171462 ], [ -51.98658, -1.156482 ], [ -51.993232, -1.131615 ], [ -51.986035, -1.121587 ], [ -51.974529, -1.120264 ], [ -51.965137, -1.125455 ], [ -51.961502, -1.134084 ], [ -51.965474, -1.159249 ], [ -51.961083, -1.167002 ], [ -51.955421, -1.169321 ], [ -51.946448, -1.165653 ], [ -51.932917, -1.137137 ], [ -51.925501, -1.131962 ], [ -51.896731, -1.161694 ], [ -51.881558, -1.165993 ], [ -51.808642, -1.156748 ], [ -51.777945, -1.140059 ], [ -51.777783, -1.154031 ], [ -51.782531, -1.183513 ], [ -51.790247, -1.198256 ], [ -51.815856, -1.216824 ], [ -51.859667, -1.239762 ], [ -51.875299, -1.263228 ], [ -51.886865, -1.271868 ], [ -51.890473, -1.309124 ], [ -51.903977, -1.345182 ], [ -51.955358, -1.405611 ], [ -51.97092, -1.41818 ], [ -51.990663, -1.434745 ], [ -52.061362, -1.449339 ], [ -52.111109, -1.469794 ], [ -52.229784, -1.485674 ], [ -52.251415, -1.503709 ], [ -52.239262, -1.546796 ], [ -52.210334, -1.597017 ], [ -52.201209, -1.603056 ], [ -52.138809, -1.607837 ], [ -52.104527, -1.604513 ], [ -52.091995, -1.606518 ], [ -52.0547, -1.600768 ], [ -52.024745, -1.596289 ], [ -52.015142, -1.597856 ], [ -51.993084, -1.598515 ], [ -51.968971, -1.590267 ], [ -51.956274, -1.591394 ], [ -51.955774, -1.597016 ], [ -51.966469, -1.605367 ], [ -51.970441, -1.615034 ], [ -51.96994, -1.619915 ], [ -51.957801, -1.628118 ], [ -51.957584, -1.639036 ], [ -51.951581, -1.646234 ], [ -51.960421, -1.658319 ], [ -51.963225, -1.675087 ], [ -51.985612, -1.700635 ], [ -51.983581, -1.725615 ], [ -51.989585, -1.742624 ], [ -51.985277, -1.778863 ], [ -51.977996, -1.803057 ], [ -51.96628, -1.825271 ], [ -51.96307, -1.825215 ], [ -51.963847, -1.828489 ], [ -51.96695, -1.853731 ], [ -51.962892, -1.880527 ], [ -51.942749, -1.889624 ], [ -51.911115, -1.916944 ], [ -51.881891, -1.926054 ], [ -51.875861, -1.932373 ], [ -51.874195, -1.944211 ], [ -51.886137, -1.97424 ], [ -51.905389, -2.003087 ], [ -51.908888, -2.043311 ], [ -51.915886, -2.073878 ], [ -51.93917, -2.107376 ], [ -51.939169, -2.1743 ], [ -51.939164, -2.256732 ], [ -51.93414, -2.261697 ], [ -51.921992, -2.278555 ], [ -51.924612, -2.322978 ], [ -51.920087, -2.331187 ], [ -51.90408, -2.338652 ], [ -51.877198, -2.352968 ], [ -51.861784, -2.372736 ], [ -51.86117, -2.386482 ], [ -51.878418, -2.418321 ], [ -51.88131, -2.432289 ], [ -51.874886, -2.457495 ], [ -51.85753, -2.482329 ], [ -51.847921, -2.508045 ], [ -51.847778, -2.523986 ], [ -51.853998, -2.552113 ], [ -51.858725, -2.571299 ], [ -51.856163, -2.590833 ], [ -51.839611, -2.627606 ], [ -51.833418, -2.657079 ], [ -51.8184, -2.699179 ], [ -51.801354, -2.721598 ], [ -51.754765, -2.836352 ], [ -51.747831, -2.845142 ], [ -51.733943, -2.813679 ], [ -51.719443, -2.795947 ], [ -51.713665, -2.792807 ], [ -51.698914, -2.79398 ], [ -51.684472, -2.779204 ], [ -51.661975, -2.781113 ], [ -51.644056, -2.769203 ], [ -51.635256, -2.767007 ], [ -51.571586, -2.765125 ], [ -51.551305, -2.752227 ], [ -51.527472, -2.743971 ], [ -51.5035, -2.746045 ], [ -51.472056, -2.760814 ], [ -51.458055, -2.771852 ], [ -51.443722, -2.770944 ], [ -51.440112, -2.78961 ], [ -51.441247, -2.80464 ], [ -51.44, -2.807473 ], [ -51.434562, -2.806396 ], [ -51.430718, -2.820933 ], [ -51.416414, -2.838031 ], [ -51.407804, -2.86387 ], [ -51.410303, -2.87253 ], [ -51.397358, -2.876909 ], [ -51.398554, -2.885595 ], [ -51.393971, -2.891584 ], [ -51.362445, -2.910779 ], [ -51.350812, -2.914555 ], [ -51.324308, -2.944704 ], [ -51.318141, -2.943351 ], [ -51.3165, -2.933934 ], [ -51.304614, -2.931646 ], [ -51.274973, -2.958919 ], [ -51.266667, -2.960697 ], [ -51.248584, -2.972693 ], [ -51.236779, -2.974398 ], [ -51.209866, -2.999109 ], [ -51.150913, -3.021871 ], [ -51.154663, -3.026075 ], [ -51.154864, -3.041691 ], [ -51.166274, -3.051504 ], [ -51.165388, -3.059605 ], [ -51.169664, -3.06527 ], [ -51.186252, -3.068836 ], [ -51.192388, -3.064707 ], [ -51.197309, -3.06818 ], [ -51.146245, -3.115661 ], [ -51.113832, -3.136098 ], [ -51.100163, -3.127506 ], [ -51.082166, -3.106131 ], [ -51.072165, -3.10481 ], [ -51.055196, -3.109442 ], [ -51.029721, -3.105344 ], [ -51.016256, -3.111077 ], [ -51.010027, -3.128528 ], [ -51.000002, -3.129101 ], [ -50.996859, -3.124017 ], [ -50.974724, -3.121984 ], [ -50.972279, -3.124281 ], [ -50.975392, -3.149071 ], [ -50.979777, -3.154394 ], [ -50.968469, -3.169605 ], [ -50.965362, -3.189114 ], [ -50.948421, -3.192432 ], [ -50.951031, -3.200983 ], [ -50.931088, -3.215038 ], [ -50.933777, -3.221423 ], [ -50.936693, -3.221087 ], [ -50.935755, -3.230812 ], [ -50.915502, -3.248677 ], [ -50.89861, -3.255046 ], [ -50.89175, -3.263259 ], [ -50.885086, -3.264442 ], [ -50.871247, -3.276598 ], [ -50.864167, -3.278887 ], [ -50.846362, -3.295789 ], [ -50.833916, -3.333261 ], [ -50.839057, -3.343618 ], [ -50.840499, -3.367978 ], [ -50.832333, -3.374822 ], [ -50.824783, -3.402159 ], [ -50.810948, -3.427674 ], [ -50.808612, -3.448427 ], [ -50.813533, -3.460598 ], [ -50.80486, -3.488497 ], [ -50.808502, -3.494669 ], [ -50.737026, -3.486554 ], [ -50.596558, -3.470591 ], [ -50.485476, -3.457956 ], [ -50.495947, -3.417446 ], [ -50.486944, -3.416039 ], [ -50.483833, -3.405523 ], [ -50.476276, -3.402678 ], [ -50.47522, -3.398413 ], [ -50.43614, -3.395038 ], [ -50.432476, -3.405342 ], [ -50.422522, -3.412715 ], [ -50.397999, -3.400905 ], [ -50.391969, -3.394089 ], [ -50.380643, -3.390672 ], [ -50.373951, -3.380321 ], [ -50.362472, -3.384059 ], [ -50.355561, -3.365096 ], [ -50.343338, -3.360863 ], [ -50.339666, -3.351337 ], [ -50.32878, -3.350736 ], [ -50.320997, -3.321448 ], [ -50.324445, -3.316397 ], [ -50.289007, -3.30761 ], [ -50.282201, -3.301139 ], [ -50.281197, -3.288457 ], [ -50.272585, -3.281169 ], [ -50.254858, -3.273917 ], [ -50.250304, -3.267647 ], [ -50.251972, -3.256968 ], [ -50.245859, -3.252857 ], [ -50.248001, -3.243004 ], [ -50.238197, -3.242135 ], [ -50.228944, -3.233482 ], [ -50.221332, -3.240501 ], [ -50.217502, -3.235416 ], [ -50.20919, -3.23718 ], [ -50.203475, -3.244846 ], [ -50.192338, -3.272852 ], [ -50.169885, -3.292836 ], [ -50.156252, -3.300093 ], [ -50.112722, -3.269243 ], [ -50.097948, -3.271794 ], [ -50.079144, -3.282918 ], [ -50.069304, -3.300428 ], [ -50.05567, -3.307592 ], [ -50.041866, -3.309963 ], [ -50.027664, -3.320291 ], [ -50.018032, -3.321235 ], [ -50.00597, -3.33122 ], [ -49.999979, -3.324058 ], [ -49.979028, -3.324769 ], [ -49.968973, -3.31926 ], [ -49.93244, -3.323511 ], [ -49.918751, -3.328563 ], [ -49.908139, -3.325306 ], [ -49.907997, -3.35299 ], [ -49.902554, -3.367372 ], [ -49.871867, -3.385231 ], [ -49.8662, -3.393361 ], [ -49.852914, -3.391906 ], [ -49.848031, -3.394677 ], [ -49.834029, -3.403739 ], [ -49.835056, -3.415902 ], [ -49.838589, -3.421005 ], [ -49.836172, -3.446891 ], [ -49.823639, -3.454513 ], [ -49.815724, -3.467908 ], [ -49.816254, -3.475984 ], [ -49.807802, -3.480663 ], [ -49.803002, -3.489362 ], [ -49.802803, -3.500024 ], [ -49.817387, -3.508975 ], [ -49.818699, -3.515492 ], [ -49.808497, -3.518522 ], [ -49.805472, -3.532714 ], [ -49.8257, -3.55797 ], [ -49.846863, -3.575277 ], [ -49.858393, -3.579046 ], [ -49.869559, -3.57602 ], [ -49.874865, -3.578848 ], [ -49.87586, -3.59813 ], [ -49.880004, -3.598969 ], [ -49.885806, -3.589586 ], [ -49.891311, -3.588531 ], [ -49.900756, -3.59219 ], [ -49.915361, -3.606834 ], [ -49.928635, -3.617122 ], [ -49.926055, -3.632411 ], [ -49.933693, -3.633628 ], [ -49.940337, -3.641252 ], [ -49.936056, -3.650291 ], [ -49.965085, -3.66058 ], [ -49.969361, -3.670542 ], [ -49.967864, -3.683201 ], [ -49.989449, -3.691634 ], [ -49.997559, -3.713396 ], [ -49.992088, -3.724864 ], [ -49.986307, -3.728997 ], [ -49.988503, -3.741231 ], [ -49.98494, -3.750353 ], [ -49.975695, -3.758549 ], [ -49.971862, -3.771828 ], [ -49.95708, -3.791037 ], [ -49.972637, -3.797084 ], [ -49.973551, -3.813019 ], [ -49.968059, -3.815259 ], [ -49.96692, -3.82412 ], [ -49.979086, -3.84463 ], [ -49.982222, -3.847632 ], [ -50.001834, -3.850517 ], [ -50.01225, -3.859032 ], [ -50.006336, -3.87203 ], [ -50.005227, -3.884042 ], [ -50.015999, -3.900432 ], [ -50.020392, -3.90639 ], [ -50.039417, -3.91045 ], [ -50.045837, -3.917707 ], [ -50.055337, -3.921586 ], [ -50.057757, -3.931675 ], [ -50.067224, -3.940166 ], [ -50.066779, -3.950646 ], [ -50.070561, -3.960221 ], [ -50.087365, -3.95772 ], [ -50.093861, -3.960738 ], [ -50.123029, -3.987492 ], [ -50.130361, -4.026985 ], [ -50.117528, -4.03315 ], [ -50.110276, -4.028072 ], [ -50.106829, -4.031158 ], [ -50.109166, -4.043504 ], [ -50.116889, -4.051744 ], [ -50.098225, -4.060053 ], [ -50.096673, -4.068546 ], [ -50.100612, -4.075071 ], [ -50.108057, -4.077604 ], [ -50.123397, -4.07313 ], [ -50.28572, -4.025757 ], [ -50.444316, -3.97955 ], [ -50.446064, -3.979041 ], [ -50.669798, -3.914274 ], [ -50.703676, -3.904482 ], [ -50.880999, -3.853196 ], [ -50.808549, -3.974683 ], [ -50.673739, -4.206803 ], [ -50.675804, -4.207692 ], [ -50.681885, -4.209479 ], [ -50.681332, -4.219245 ], [ -50.698359, -4.22515 ], [ -50.715249, -4.241717 ], [ -50.731335, -4.242346 ], [ -50.769362, -4.253341 ], [ -50.800829, -4.276517 ], [ -50.803664, -4.28395 ], [ -50.817968, -4.294572 ], [ -50.820167, -4.29045 ], [ -50.839028, -4.293182 ], [ -50.866504, -4.286314 ], [ -50.894031, -4.286932 ], [ -50.909311, -4.281927 ], [ -50.918498, -4.272069 ], [ -50.925308, -4.275589 ], [ -50.938058, -4.269942 ], [ -50.965224, -4.26595 ], [ -50.973274, -4.254937 ], [ -50.989887, -4.26332 ], [ -50.993255, -4.270928 ], [ -50.985698, -4.273058 ], [ -50.988333, -4.280861 ], [ -50.981695, -4.289912 ], [ -50.984475, -4.304617 ], [ -50.981531, -4.31554 ], [ -50.98481, -4.331828 ], [ -50.995697, -4.346304 ], [ -50.994525, -4.360314 ], [ -50.978033, -4.361352 ], [ -50.978363, -4.375766 ], [ -50.973391, -4.384607 ], [ -50.962808, -4.375027 ], [ -50.953891, -4.372343 ], [ -50.941417, -4.377918 ], [ -50.92953, -4.387724 ], [ -50.922472, -4.399767 ], [ -50.918141, -4.40087 ], [ -50.917582, -4.405546 ], [ -50.900005, -4.411966 ], [ -50.89611, -4.429811 ], [ -50.879332, -4.447151 ], [ -50.885362, -4.465814 ], [ -50.902726, -4.470135 ], [ -50.908666, -4.482855 ], [ -50.906276, -4.495504 ], [ -50.902195, -4.497961 ], [ -50.894502, -4.493216 ], [ -50.889527, -4.499986 ], [ -50.900888, -4.516958 ], [ -50.898277, -4.543946 ], [ -50.904417, -4.562054 ], [ -50.89967, -4.565845 ], [ -50.900137, -4.572618 ], [ -50.894169, -4.581569 ], [ -50.9115, -4.619156 ], [ -50.919664, -4.625603 ], [ -50.918641, -4.63249 ], [ -50.914304, -4.641483 ], [ -50.916837, -4.656015 ], [ -50.908975, -4.668751 ], [ -50.903221, -4.67175 ], [ -50.905949, -4.67429 ], [ -50.905055, -4.687381 ], [ -50.910946, -4.687839 ], [ -50.92234, -4.677497 ], [ -50.929947, -4.683571 ], [ -50.932197, -4.713337 ], [ -50.923117, -4.711744 ], [ -50.91111, -4.720279 ], [ -50.90631, -4.731419 ], [ -50.916414, -4.737686 ], [ -50.916083, -4.749317 ], [ -50.932282, -4.752999 ], [ -50.944834, -4.752036 ], [ -50.947202, -4.754791 ], [ -50.925833, -4.778312 ], [ -50.926113, -4.784154 ], [ -50.93361, -4.790719 ], [ -50.926664, -4.80222 ], [ -50.927614, -4.811436 ], [ -50.920226, -4.816504 ], [ -50.923389, -4.828971 ], [ -50.917671, -4.838301 ], [ -50.911833, -4.864319 ], [ -50.896615, -4.868393 ], [ -50.89575, -4.874686 ], [ -50.892859, -4.875311 ], [ -50.884163, -4.870403 ], [ -50.879582, -4.860864 ], [ -50.858, -4.868476 ], [ -50.859281, -4.899591 ], [ -50.846696, -4.909023 ], [ -50.849642, -4.923213 ], [ -50.852669, -4.933415 ], [ -50.854804, -4.940613 ], [ -50.850748, -4.955492 ], [ -50.851889, -4.966053 ], [ -50.857756, -4.974479 ], [ -50.867114, -4.97835 ], [ -50.869084, -4.984872 ], [ -50.860139, -4.993092 ], [ -50.859582, -5.000008 ], [ -50.877781, -5.037009 ], [ -50.884582, -5.036969 ], [ -50.888223, -5.043072 ], [ -50.887114, -5.048954 ], [ -50.883751, -5.050294 ], [ -50.884107, -5.062802 ], [ -50.889419, -5.066477 ], [ -50.890219, -5.080259 ], [ -50.901527, -5.091675 ], [ -50.894863, -5.112304 ], [ -50.898612, -5.118228 ], [ -50.911274, -5.118587 ], [ -50.920081, -5.127181 ], [ -50.931886, -5.144224 ], [ -50.929746, -5.150193 ], [ -50.999998, -5.15017 ], [ -51.000456, -5.150169 ], [ -51.447365, -5.149835 ], [ -52.000025, -5.151455 ], [ -52.009116, -5.151478 ], [ -52.050617, -5.151021 ], [ -52.057894, -5.172093 ], [ -52.057667, -5.183979 ], [ -52.067946, -5.191548 ], [ -52.070416, -5.206723 ], [ -52.075558, -5.215269 ], [ -52.067028, -5.223496 ], [ -52.069555, -5.246198 ], [ -52.077668, -5.257024 ], [ -52.090333, -5.260426 ], [ -52.104806, -5.271008 ], [ -52.108193, -5.284451 ], [ -52.113333, -5.291091 ], [ -52.113274, -5.304442 ], [ -52.119056, -5.313805 ], [ -52.11628, -5.33068 ], [ -52.106887, -5.342717 ], [ -52.108779, -5.35225 ], [ -52.122586, -5.339595 ], [ -52.136003, -5.333198 ], [ -52.136469, -5.32557 ], [ -52.141936, -5.31862 ], [ -52.161689, -5.314493 ], [ -52.179108, -5.299757 ], [ -52.201309, -5.303457 ], [ -52.213029, -5.290788 ], [ -52.225339, -5.288475 ], [ -52.235609, -5.27734 ], [ -52.249557, -5.274117 ], [ -52.254361, -5.269512 ], [ -52.258168, -5.269161 ], [ -52.270084, -5.278993 ], [ -52.27881, -5.274488 ], [ -52.278198, -5.2675 ], [ -52.283557, -5.257254 ], [ -52.273252, -5.225642 ], [ -52.294888, -5.194035 ], [ -52.30475, -5.195698 ], [ -52.31311, -5.189557 ], [ -52.342921, -5.178941 ], [ -52.374336, -5.204182 ], [ -52.393025, -5.196427 ], [ -52.398946, -5.184553 ], [ -52.405528, -5.185666 ], [ -52.410025, -5.165897 ], [ -52.42592, -5.153605 ], [ -52.444693, -5.166814 ], [ -52.449638, -5.184616 ], [ -52.466885, -5.194468 ], [ -52.473654, -5.204174 ], [ -52.488139, -5.19789 ], [ -52.49389, -5.217776 ], [ -52.507029, -5.219317 ], [ -52.514032, -5.225374 ], [ -52.526851, -5.229488 ], [ -52.550333, -5.228432 ], [ -52.560394, -5.216815 ], [ -52.571448, -5.224991 ], [ -52.576451, -5.234747 ], [ -52.593805, -5.23863 ], [ -52.602611, -5.245791 ], [ -52.611784, -5.242693 ], [ -52.626556, -5.252453 ], [ -52.634975, -5.271684 ], [ -52.657581, -5.2974 ], [ -52.659389, -5.307954 ], [ -52.653942, -5.319795 ], [ -52.654721, -5.334145 ], [ -52.641748, -5.355272 ], [ -52.650141, -5.370696 ], [ -52.641249, -5.380786 ], [ -52.645528, -5.400158 ], [ -52.661001, -5.412734 ], [ -52.663668, -5.427107 ], [ -52.672613, -5.429638 ], [ -52.665945, -5.446098 ], [ -52.67588, -5.484719 ], [ -52.683362, -5.494738 ], [ -52.681789, -5.501598 ], [ -52.681859, -5.504825 ], [ -52.688271, -5.507182 ], [ -52.691393, -5.515895 ], [ -52.685055, -5.524669 ], [ -52.686416, -5.542807 ], [ -52.682304, -5.581609 ], [ -52.699542, -5.611461 ], [ -52.700328, -5.614942 ], [ -52.691172, -5.656128 ], [ -52.70206, -5.667263 ], [ -52.723113, -5.670495 ], [ -52.732644, -5.680008 ], [ -52.742195, -5.683627 ], [ -52.745808, -5.681954 ], [ -52.74461, -5.689862 ], [ -52.739109, -5.691468 ], [ -52.740252, -5.695629 ], [ -52.746975, -5.698093 ], [ -52.752725, -5.711019 ], [ -52.763888, -5.712254 ], [ -52.771055, -5.721888 ], [ -52.77597, -5.724014 ], [ -52.78392, -5.721844 ], [ -52.790995, -5.714046 ], [ -52.801807, -5.715289 ], [ -52.814032, -5.706173 ], [ -52.815859, -5.699985 ], [ -52.831695, -5.689557 ], [ -52.837755, -5.69738 ], [ -52.835723, -5.703218 ], [ -52.849053, -5.703524 ], [ -52.850946, -5.709677 ], [ -52.856502, -5.712336 ], [ -52.864719, -5.702173 ], [ -52.870418, -5.702113 ], [ -52.870117, -5.697752 ], [ -52.89575, -5.70528 ], [ -52.917499, -5.723639 ], [ -52.921194, -5.736668 ], [ -52.938912, -5.743644 ], [ -52.939663, -5.752253 ], [ -52.930636, -5.756622 ], [ -52.927222, -5.767275 ], [ -52.930863, -5.774949 ], [ -52.931395, -5.790826 ], [ -52.951776, -5.798225 ], [ -52.96247, -5.815614 ], [ -52.963079, -5.829043 ], [ -52.975392, -5.844698 ], [ -53.009332, -5.85154 ], [ -53.019045, -5.856566 ], [ -53.029051, -5.874179 ], [ -53.053528, -5.876581 ], [ -53.058668, -5.88567 ], [ -53.074641, -5.882068 ], [ -53.077526, -5.878981 ], [ -53.077027, -5.868727 ], [ -53.084559, -5.862663 ], [ -53.093691, -5.871565 ], [ -53.108915, -5.8716 ], [ -53.112522, -5.875685 ], [ -53.111971, -5.881948 ], [ -53.127529, -5.900482 ], [ -53.140055, -5.900602 ], [ -53.138277, -5.921739 ], [ -53.148613, -5.937372 ], [ -53.157668, -5.933841 ], [ -53.166889, -5.94475 ], [ -53.185199, -5.955121 ], [ -53.201949, -5.958231 ], [ -53.221077, -5.942472 ], [ -53.235222, -5.950562 ], [ -53.241391, -5.949669 ], [ -53.242201, -5.959192 ], [ -53.247887, -5.967916 ], [ -53.263156, -5.967764 ], [ -53.278776, -5.981384 ], [ -53.273699, -5.996507 ], [ -53.275915, -6.012559 ], [ -53.270498, -6.019414 ], [ -53.281949, -6.027389 ], [ -53.311416, -6.033765 ], [ -53.322331, -6.051801 ], [ -53.334251, -6.047087 ], [ -53.341556, -6.049763 ], [ -53.344666, -6.047434 ], [ -53.368502, -6.057572 ], [ -53.38778, -6.09579 ], [ -53.387586, -6.099686 ], [ -53.378526, -6.098717 ], [ -53.373601, -6.103456 ], [ -53.370699, -6.117337 ], [ -53.353943, -6.116396 ], [ -53.353135, -6.126368 ], [ -53.340417, -6.131532 ], [ -53.340281, -6.139146 ], [ -53.347914, -6.147638 ], [ -53.346749, -6.161047 ], [ -53.350912, -6.171497 ], [ -53.344974, -6.180341 ], [ -53.324941, -6.166418 ], [ -53.315886, -6.169076 ], [ -53.306468, -6.165291 ], [ -53.29861, -6.176747 ], [ -53.287218, -6.209302 ], [ -53.288866, -6.220371 ], [ -53.28858, -6.223907 ], [ -53.285139, -6.224338 ], [ -53.285695, -6.233951 ], [ -53.26669, -6.253934 ], [ -53.268085, -6.264643 ], [ -53.254474, -6.266632 ], [ -53.253357, -6.269804 ], [ -53.260837, -6.278015 ], [ -53.259745, -6.288884 ], [ -53.256472, -6.291038 ], [ -53.246525, -6.288792 ], [ -53.242305, -6.294653 ], [ -53.228723, -6.293286 ], [ -53.223449, -6.297782 ], [ -53.231663, -6.310444 ], [ -53.222894, -6.312014 ], [ -53.2345, -6.323243 ], [ -53.236386, -6.337225 ], [ -53.210637, -6.337483 ], [ -53.20567, -6.347244 ], [ -53.210025, -6.358697 ], [ -53.193892, -6.371095 ], [ -53.190691, -6.400179 ], [ -53.2045, -6.408167 ], [ -53.212637, -6.424004 ], [ -53.201748, -6.439974 ], [ -53.191948, -6.44118 ], [ -53.181307, -6.458324 ], [ -53.192579, -6.476084 ], [ -53.214114, -6.469072 ], [ -53.217723, -6.473908 ], [ -53.214831, -6.483766 ], [ -53.230495, -6.486874 ], [ -53.226274, -6.493822 ], [ -53.227031, -6.500053 ], [ -53.230997, -6.502245 ], [ -53.244861, -6.49223 ], [ -53.248134, -6.480562 ], [ -53.255497, -6.477446 ], [ -53.256944, -6.464669 ], [ -53.277913, -6.46074 ], [ -53.280781, -6.467011 ], [ -53.287802, -6.469326 ], [ -53.296252, -6.457963 ], [ -53.302782, -6.45656 ], [ -53.313249, -6.462978 ], [ -53.32511, -6.476304 ], [ -53.319084, -6.494389 ], [ -53.313805, -6.499158 ], [ -53.328692, -6.521855 ], [ -53.331112, -6.530701 ], [ -53.336859, -6.533476 ], [ -53.347664, -6.561829 ], [ -53.364055, -6.57809 ], [ -53.373393, -6.593636 ], [ -53.392893, -6.581227 ], [ -53.40678, -6.56144 ], [ -53.416833, -6.56213 ], [ -53.420613, -6.555879 ], [ -53.427859, -6.552332 ], [ -53.439589, -6.558684 ], [ -53.442896, -6.564902 ], [ -53.462635, -6.598669 ], [ -53.469227, -6.600096 ], [ -53.466441, -6.609904 ], [ -53.455463, -6.618963 ], [ -53.468051, -6.63433 ], [ -53.462503, -6.639361 ], [ -53.463303, -6.650981 ], [ -53.456723, -6.665061 ], [ -53.464055, -6.676382 ], [ -53.46244, -6.67979 ], [ -53.445611, -6.686191 ], [ -53.430919, -6.675144 ], [ -53.423587, -6.674601 ], [ -53.404886, -6.694012 ], [ -53.394447, -6.717238 ], [ -53.378616, -6.723678 ], [ -53.368029, -6.722864 ], [ -53.343726, -6.749028 ], [ -53.333553, -6.753319 ], [ -53.324305, -6.749924 ], [ -53.297141, -6.762868 ], [ -53.273613, -6.767104 ], [ -53.250755, -6.780425 ], [ -53.246784, -6.786494 ], [ -53.249446, -6.796626 ], [ -53.242808, -6.812601 ], [ -53.234998, -6.819759 ], [ -53.236751, -6.822611 ], [ -53.24339, -6.822043 ], [ -53.24754, -6.831102 ], [ -53.264918, -6.847584 ], [ -53.281519, -6.857669 ], [ -53.288361, -6.864646 ], [ -53.291999, -6.882682 ], [ -53.295973, -6.887578 ], [ -53.315394, -6.890943 ], [ -53.319088, -6.896112 ], [ -53.318973, -6.90037 ], [ -53.308362, -6.903837 ], [ -53.311169, -6.915686 ], [ -53.282144, -6.93661 ], [ -53.276653, -6.949405 ], [ -53.278326, -6.965251 ], [ -53.301673, -6.995664 ], [ -53.303172, -7.005831 ], [ -53.31697, -7.027066 ], [ -53.317444, -7.03771 ], [ -53.311365, -7.054709 ], [ -53.298916, -7.068326 ], [ -53.307109, -7.0742 ], [ -53.305302, -7.077143 ], [ -53.29308, -7.084647 ], [ -53.288339, -7.095763 ], [ -53.28516, -7.095095 ], [ -53.280417, -7.101889 ], [ -53.261387, -7.104429 ], [ -53.253251, -7.11419 ], [ -53.252579, -7.120754 ], [ -53.258033, -7.128673 ], [ -53.255559, -7.136835 ], [ -53.265775, -7.144049 ], [ -53.271248, -7.158984 ], [ -53.280779, -7.159868 ], [ -53.283058, -7.166653 ], [ -53.286254, -7.167102 ], [ -53.286052, -7.175483 ], [ -53.293085, -7.181129 ], [ -53.300338, -7.181563 ], [ -53.306501, -7.19491 ], [ -53.313678, -7.197899 ], [ -53.314669, -7.199642 ], [ -53.31311, -7.213463 ], [ -53.300191, -7.217343 ], [ -53.302503, -7.228205 ], [ -53.299329, -7.230479 ], [ -53.287308, -7.228481 ], [ -53.280973, -7.23234 ], [ -53.258142, -7.262974 ], [ -53.256584, -7.274302 ], [ -53.239585, -7.287011 ], [ -53.234167, -7.292926 ], [ -53.234419, -7.298134 ], [ -53.221942, -7.303151 ], [ -53.20767, -7.31338 ], [ -53.187998, -7.334484 ], [ -53.173277, -7.341546 ], [ -53.165135, -7.359676 ], [ -53.168556, -7.367369 ], [ -53.176057, -7.370755 ], [ -53.177887, -7.380035 ], [ -53.172445, -7.383896 ], [ -53.162249, -7.383244 ], [ -53.159528, -7.392337 ], [ -53.150943, -7.397988 ], [ -53.130282, -7.388978 ], [ -53.119607, -7.395114 ], [ -53.122918, -7.44902 ], [ -53.093694, -7.474899 ], [ -53.090556, -7.485327 ], [ -53.092143, -7.488947 ], [ -53.105308, -7.492318 ], [ -53.108749, -7.507029 ], [ -53.128528, -7.524653 ], [ -53.137891, -7.546145 ], [ -53.144948, -7.551114 ], [ -53.167643, -7.553554 ], [ -53.168552, -7.556494 ], [ -53.160637, -7.56308 ], [ -53.161114, -7.570322 ], [ -53.147056, -7.575802 ], [ -53.152776, -7.593219 ], [ -53.145753, -7.597773 ], [ -53.147582, -7.603425 ], [ -53.14144, -7.606162 ], [ -53.142831, -7.613859 ], [ -53.140334, -7.615445 ], [ -53.13008, -7.60415 ], [ -53.125775, -7.605515 ], [ -53.123747, -7.612999 ], [ -53.112442, -7.624123 ], [ -53.117691, -7.644947 ], [ -53.124301, -7.65195 ], [ -53.123172, -7.655583 ], [ -53.1123, -7.654938 ], [ -53.108003, -7.671021 ], [ -53.101887, -7.674426 ], [ -53.099642, -7.681681 ], [ -53.065555, -7.68131 ], [ -53.045192, -7.703327 ], [ -53.040218, -7.718062 ], [ -53.02797, -7.723298 ], [ -53.028472, -7.745042 ], [ -53.031449, -7.751378 ], [ -53.022165, -7.767938 ], [ -53.035584, -7.779007 ], [ -53.027666, -7.784008 ], [ -53.019693, -7.782434 ], [ -52.995446, -7.796308 ], [ -52.991643, -7.827347 ], [ -53.000498, -7.831863 ], [ -53.003945, -7.843634 ], [ -53.007358, -7.845204 ], [ -53.015085, -7.841797 ], [ -53.029423, -7.856035 ], [ -53.030112, -7.859651 ], [ -53.016722, -7.870551 ], [ -53.017194, -7.881203 ], [ -53.026971, -7.880957 ], [ -53.039944, -7.890658 ], [ -53.056749, -7.893337 ], [ -53.066587, -7.918233 ], [ -53.05774, -7.925502 ], [ -53.037085, -7.930081 ], [ -53.030748, -7.94097 ], [ -53.017804, -7.941446 ], [ -53.028968, -7.960903 ], [ -53.019475, -7.979043 ], [ -53.01994, -7.985391 ], [ -53.01497, -7.989022 ], [ -53.014305, -7.997628 ], [ -52.999526, -7.991102 ], [ -52.99292, -7.992704 ], [ -52.983389, -7.988647 ], [ -52.983476, -8.008383 ], [ -52.969528, -8.014426 ], [ -52.965141, -8.023257 ], [ -52.96742, -8.025766 ], [ -52.981086, -8.024498 ], [ -52.985163, -8.02997 ], [ -52.955722, -8.070671 ], [ -52.953391, -8.081099 ], [ -52.954245, -8.087239 ], [ -52.962889, -8.092061 ], [ -52.958251, -8.102935 ], [ -52.964363, -8.108195 ], [ -52.964974, -8.121153 ], [ -52.941804, -8.143713 ], [ -52.931973, -8.14819 ], [ -52.924804, -8.162228 ], [ -52.931367, -8.17181 ], [ -52.933975, -8.191367 ], [ -52.939838, -8.200936 ], [ -52.939109, -8.205473 ], [ -52.928557, -8.214946 ], [ -52.92919, -8.222443 ], [ -52.96264, -8.236068 ], [ -52.970333, -8.242694 ], [ -52.972445, -8.271782 ], [ -52.984888, -8.28344 ], [ -53.007642, -8.294947 ], [ -53.007832, -8.298353 ], [ -52.990217, -8.307097 ], [ -52.990609, -8.317776 ], [ -52.982144, -8.322944 ], [ -52.979083, -8.337464 ], [ -52.971747, -8.344462 ], [ -52.964198, -8.346458 ], [ -52.950556, -8.342056 ], [ -52.940721, -8.346304 ], [ -52.941582, -8.390374 ], [ -52.932419, -8.394407 ], [ -52.92803, -8.405506 ], [ -52.91772, -8.410441 ], [ -52.916753, -8.422011 ], [ -52.898889, -8.4294 ], [ -52.897498, -8.432569 ], [ -52.908407, -8.439452 ], [ -52.923505, -8.432506 ], [ -52.942914, -8.431946 ], [ -52.951085, -8.435403 ], [ -52.954721, -8.440881 ], [ -52.948448, -8.456739 ], [ -52.948276, -8.483546 ], [ -52.920135, -8.495403 ], [ -52.904725, -8.51665 ], [ -52.906275, -8.524158 ], [ -52.914221, -8.531251 ], [ -52.914385, -8.53784 ], [ -52.887472, -8.572418 ], [ -52.887859, -8.582869 ], [ -52.898747, -8.596337 ], [ -52.899996, -8.613607 ], [ -52.89625, -8.62721 ], [ -52.905357, -8.632498 ], [ -52.921141, -8.625554 ], [ -52.947696, -8.648882 ], [ -52.946776, -8.652513 ], [ -52.93303, -8.658332 ], [ -52.930951, -8.664908 ], [ -52.940242, -8.671783 ], [ -52.943388, -8.681334 ], [ -52.948867, -8.684549 ], [ -52.931441, -8.693298 ], [ -52.923616, -8.704386 ], [ -52.931449, -8.72964 ], [ -52.941943, -8.730158 ], [ -52.952945, -8.721826 ], [ -52.962996, -8.720976 ], [ -52.973335, -8.712407 ], [ -52.989754, -8.71342 ], [ -53.005807, -8.704429 ], [ -53.021278, -8.71247 ], [ -53.036468, -8.72823 ], [ -53.034718, -8.75138 ], [ -53.014726, -8.775116 ], [ -53.016526, -8.781483 ], [ -53.023589, -8.784702 ], [ -53.022862, -8.791282 ], [ -53.01714, -8.793302 ], [ -53.005973, -8.789594 ], [ -52.998589, -8.803858 ], [ -52.997554, -8.820212 ], [ -52.991306, -8.835165 ], [ -52.993034, -8.854707 ], [ -53.004807, -8.868172 ], [ -53.015469, -8.91956 ], [ -53.054777, -8.95363 ], [ -53.049503, -8.961091 ], [ -53.041694, -8.964002 ], [ -53.039582, -8.974664 ], [ -53.046365, -8.988333 ], [ -53.045642, -8.994461 ], [ -53.051531, -9.002487 ], [ -53.04586, -9.011691 ], [ -53.046116, -9.028708 ], [ -53.032803, -9.048464 ], [ -53.023312, -9.053565 ], [ -53.015616, -9.064023 ], [ -53.025112, -9.073846 ], [ -53.031581, -9.070085 ], [ -53.037363, -9.078085 ], [ -53.036139, -9.08667 ], [ -53.040946, -9.091862 ], [ -53.049698, -9.088468 ], [ -53.062403, -9.098265 ], [ -53.052331, -9.10387 ], [ -53.055337, -9.106519 ], [ -53.084331, -9.115724 ], [ -53.080805, -9.143036 ], [ -53.069943, -9.147322 ], [ -53.059469, -9.146814 ], [ -53.041192, -9.156486 ], [ -53.022523, -9.156291 ], [ -53.013809, -9.168997 ], [ -53.005223, -9.174741 ], [ -53.004335, -9.182883 ], [ -52.9865, -9.202352 ], [ -52.971746, -9.20985 ], [ -52.96236, -9.233438 ], [ -52.966476, -9.238413 ], [ -52.974088, -9.240188 ], [ -52.965415, -9.277618 ], [ -52.955443, -9.285689 ], [ -52.943758, -9.3291 ], [ -52.935446, -9.343172 ], [ -52.933533, -9.355867 ], [ -52.921167, -9.383212 ], [ -52.926836, -9.390064 ], [ -52.932579, -9.414056 ], [ -52.939141, -9.42102 ], [ -52.933418, -9.443766 ], [ -52.925414, -9.449952 ], [ -52.926778, -9.45303 ], [ -52.949555, -9.45827 ], [ -52.965891, -9.449069 ], [ -52.972587, -9.451467 ], [ -52.976727, -9.461431 ], [ -52.994609, -9.474891 ], [ -53.008223, -9.474893 ], [ -53.021329, -9.480489 ], [ -53.034749, -9.474688 ], [ -53.04203, -9.476895 ], [ -53.045997, -9.487412 ], [ -53.050724, -9.490969 ], [ -53.046191, -9.499888 ], [ -53.054751, -9.513708 ], [ -53.053312, -9.523809 ], [ -53.056253, -9.530101 ], [ -53.096556, -9.544085 ], [ -53.101946, -9.552002 ], [ -53.112058, -9.552026 ], [ -53.121083, -9.563088 ], [ -53.123664, -9.572208 ], [ -53.120222, -9.596409 ], [ -53.132777, -9.634747 ], [ -53.132918, -9.644925 ], [ -53.451145, -9.621028 ], [ -53.58797, -9.610646 ], [ -53.839779, -9.591901 ], [ -53.914718, -9.586161 ], [ -54.106139, -9.571518 ], [ -54.294133, -9.558217 ], [ -54.612974, -9.535424 ], [ -54.731916, -9.52598 ] ], [ [ -56.253171, -7.323494 ], [ -56.250004, -7.317992 ], [ -56.253172, -7.323494 ], [ -56.253171, -7.323494 ] ] ] } },
{ "type": "Feature", "properties": { "MACRO_ID": "1511", "MACRO_NAME": "Macrorregião II", "id": "150020", "name": "Acará", "description": "Acará", "MUN_ID": "150020", "UF": "PA", "HREG_ID": "15007", "HREG_NAME": "Metropolitana II" }, "geometry": { "type": "MultiPolygon", "coordinates": [ [ [ [ -46.439358, -2.478208 ], [ -46.428208, -2.493102 ], [ -46.435918, -2.506207 ], [ -46.435774, -2.512249 ], [ -46.417829, -2.524204 ], [ -46.418286, -2.527592 ], [ -46.47266, -2.544515 ], [ -46.480747, -2.542475 ], [ -46.483895, -2.53337 ], [ -46.487514, -2.532237 ], [ -46.493912, -2.536141 ], [ -46.499905, -2.548371 ], [ -46.501441, -2.555635 ], [ -46.489369, -2.562317 ], [ -46.486827, -2.569296 ], [ -46.490418, -2.581056 ], [ -46.499723, -2.578428 ], [ -46.508805, -2.5891 ], [ -46.50459, -2.614551 ], [ -46.507839, -2.617099 ], [ -46.539947, -2.622437 ], [ -46.554755, -2.630399 ], [ -46.563311, -2.626638 ], [ -46.574361, -2.628398 ], [ -46.584367, -2.63661 ], [ -46.58892, -2.659826 ], [ -46.593334, -2.665005 ], [ -46.605559, -2.638763 ], [ -46.610702, -2.643446 ], [ -46.621504, -2.644158 ], [ -46.618224, -2.657844 ], [ -46.620701, -2.667761 ], [ -46.633357, -2.672743 ], [ -46.632613, -2.681636 ], [ -46.635581, -2.686057 ], [ -46.648584, -2.678773 ], [ -46.650311, -2.681752 ], [ -46.646556, -2.688698 ], [ -46.663531, -2.693832 ], [ -46.671477, -2.710646 ], [ -46.666, -2.72432 ], [ -46.669811, -2.730406 ], [ -46.667668, -2.733658 ], [ -46.652444, -2.729072 ], [ -46.652555, -2.73588 ], [ -46.65664, -2.738507 ], [ -46.650448, -2.756589 ], [ -46.645021, -2.75724 ], [ -46.639867, -2.750155 ], [ -46.635499, -2.7542 ], [ -46.631527, -2.766751 ], [ -46.637372, -2.781209 ], [ -46.636226, -2.793313 ], [ -46.626976, -2.804062 ], [ -46.622394, -2.804805 ], [ -46.611005, -2.799478 ], [ -46.607343, -2.788369 ], [ -46.601926, -2.78883 ], [ -46.598556, -2.79532 ], [ -46.600164, -2.81273 ], [ -46.596646, -2.817245 ], [ -46.592728, -2.815346 ], [ -46.590005, -2.817714 ], [ -46.589028, -2.822765 ], [ -46.593918, -2.824842 ], [ -46.590115, -2.831419 ], [ -46.582562, -2.827182 ], [ -46.580645, -2.830068 ], [ -46.583834, -2.833574 ], [ -46.575393, -2.841021 ], [ -46.581418, -2.839884 ], [ -46.587477, -2.844577 ], [ -46.600397, -2.83406 ], [ -46.613523, -2.828585 ], [ -46.618115, -2.835534 ], [ -46.614115, -2.836684 ], [ -46.610165, -2.845118 ], [ -46.611925, -2.857102 ], [ -46.614608, -2.855013 ], [ -46.617696, -2.858908 ], [ -46.621811, -2.858207 ], [ -46.636248, -2.850827 ], [ -46.640487, -2.85244 ], [ -46.639772, -2.855819 ], [ -46.629283, -2.858186 ], [ -46.631446, -2.861924 ], [ -46.629114, -2.865487 ], [ -46.634753, -2.86753 ], [ -46.635882, -2.860711 ], [ -46.640923, -2.863962 ], [ -46.639073, -2.870178 ], [ -46.633736, -2.869764 ], [ -46.635663, -2.875673 ], [ -46.641842, -2.878017 ], [ -46.637172, -2.88285 ], [ -46.645387, -2.883501 ], [ -46.652258, -2.878431 ], [ -46.66822, -2.875456 ], [ -46.673725, -2.87841 ], [ -46.679233, -2.881365 ], [ -46.680281, -2.892113 ], [ -46.672203, -2.892364 ], [ -46.662145, -2.903926 ], [ -46.665196, -2.905246 ], [ -46.662756, -2.916343 ], [ -46.656004, -2.922849 ], [ -46.653389, -2.930688 ], [ -46.666866, -2.93571 ], [ -46.671255, -2.946755 ], [ -46.665865, -2.953933 ], [ -46.655303, -2.95546 ], [ -46.64762, -2.96133 ], [ -46.647525, -2.971375 ], [ -46.66145, -2.972777 ], [ -46.661615, -2.976347 ], [ -46.651666, -2.978819 ], [ -46.648616, -2.983176 ], [ -46.649418, -2.993813 ], [ -46.651668, -2.996149 ], [ -46.668809, -2.992829 ], [ -46.672951, -2.9999 ], [ -46.671449, -3.004239 ], [ -46.658884, -3.009397 ], [ -46.660353, -3.01138 ], [ -46.671267, -3.014055 ], [ -46.667234, -3.031583 ], [ -46.676469, -3.032688 ], [ -46.676629, -3.051527 ], [ -46.672393, -3.065169 ], [ -46.681773, -3.074837 ], [ -46.675385, -3.093292 ], [ -46.680823, -3.095061 ], [ -46.687761, -3.092548 ], [ -46.706305, -3.099565 ], [ -46.702275, -3.118411 ], [ -46.708379, -3.126898 ], [ -46.71558, -3.125042 ], [ -46.711633, -3.113851 ], [ -46.720726, -3.108369 ], [ -46.730377, -3.123437 ], [ -46.734564, -3.120005 ], [ -46.739675, -3.122499 ], [ -46.7474, -3.12051 ], [ -46.748845, -3.123143 ], [ -46.743824, -3.136128 ], [ -46.735568, -3.133637 ], [ -46.730382, -3.126203 ], [ -46.727375, -3.129634 ], [ -46.729102, -3.144385 ], [ -46.719229, -3.153557 ], [ -46.726576, -3.161186 ], [ -46.730452, -3.161039 ], [ -46.748391, -3.16543 ], [ -46.743633, -3.179206 ], [ -46.751508, -3.188678 ], [ -46.761248, -3.17766 ], [ -46.771463, -3.176852 ], [ -46.759232, -3.18603 ], [ -46.756756, -3.193806 ], [ -46.769863, -3.199053 ], [ -46.770721, -3.202147 ], [ -46.756585, -3.208363 ], [ -46.75437, -3.215349 ], [ -46.757977, -3.217911 ], [ -46.762158, -3.212108 ], [ -46.777949, -3.21623 ], [ -46.781495, -3.221889 ], [ -46.777317, -3.229537 ], [ -46.77845, -3.240666 ], [ -46.784772, -3.24624 ], [ -46.796131, -3.239186 ], [ -46.805767, -3.244108 ], [ -46.80181, -3.266049 ], [ -46.810204, -3.271962 ], [ -46.814257, -3.267213 ], [ -46.819307, -3.270957 ], [ -46.819052, -3.274779 ], [ -46.808195, -3.28336 ], [ -46.810106, -3.289878 ], [ -46.825576, -3.296962 ], [ -46.812155, -3.300478 ], [ -46.812957, -3.309172 ], [ -46.821543, -3.312515 ], [ -46.829794, -3.31105 ], [ -46.839576, -3.323744 ], [ -46.849259, -3.318062 ], [ -46.85131, -3.329057 ], [ -46.848046, -3.335254 ], [ -46.857229, -3.341823 ], [ -46.864606, -3.32923 ], [ -46.870232, -3.325794 ], [ -46.873184, -3.328226 ], [ -46.869647, -3.327837 ], [ -46.865598, -3.333904 ], [ -46.867836, -3.340091 ], [ -46.871897, -3.34061 ], [ -46.87538, -3.346202 ], [ -46.878784, -3.345142 ], [ -46.877073, -3.341193 ], [ -46.889047, -3.335176 ], [ -46.889846, -3.342024 ], [ -46.901912, -3.349378 ], [ -46.899097, -3.350108 ], [ -46.897409, -3.357751 ], [ -46.899892, -3.354848 ], [ -46.90704, -3.358983 ], [ -46.903377, -3.362284 ], [ -46.905483, -3.367153 ], [ -46.910071, -3.368593 ], [ -46.911957, -3.361675 ], [ -46.917196, -3.361269 ], [ -46.916286, -3.364695 ], [ -46.924407, -3.364416 ], [ -46.921075, -3.36923 ], [ -46.92292, -3.374232 ], [ -46.927247, -3.376727 ], [ -46.930123, -3.373428 ], [ -46.93792, -3.375322 ], [ -46.937914, -3.372292 ], [ -46.944213, -3.377812 ], [ -46.937345, -3.38237 ], [ -46.937891, -3.394224 ], [ -46.938552, -3.396462 ], [ -46.942085, -3.394479 ], [ -46.944827, -3.389995 ], [ -46.948565, -3.392293 ], [ -46.944251, -3.396516 ], [ -46.948463, -3.406519 ], [ -46.939898, -3.414241 ], [ -46.941869, -3.417267 ], [ -46.939648, -3.420301 ], [ -46.948097, -3.42035 ], [ -46.947186, -3.423118 ], [ -46.95439, -3.422708 ], [ -46.956033, -3.425537 ], [ -46.953033, -3.431602 ], [ -46.955926, -3.437129 ], [ -46.947673, -3.437541 ], [ -46.9416, -3.446576 ], [ -46.946457, -3.451571 ], [ -46.947367, -3.448013 ], [ -46.951231, -3.447807 ], [ -46.947063, -3.459408 ], [ -46.950332, -3.456239 ], [ -46.955647, -3.461299 ], [ -46.948845, -3.465924 ], [ -46.947556, -3.47607 ], [ -46.953779, -3.476385 ], [ -46.957439, -3.472426 ], [ -46.96897, -3.473192 ], [ -46.959635, -3.488952 ], [ -46.959517, -3.495276 ], [ -46.961552, -3.497313 ], [ -46.963636, -3.491381 ], [ -46.966784, -3.493482 ], [ -46.966254, -3.490585 ], [ -46.982312, -3.49536 ], [ -46.977472, -3.498531 ], [ -46.977156, -3.504129 ], [ -46.969841, -3.514551 ], [ -46.97961, -3.518548 ], [ -46.976883, -3.530013 ], [ -46.988939, -3.531423 ], [ -46.996096, -3.539376 ], [ -47.003032, -3.533603 ], [ -47.003586, -3.541694 ], [ -47.009732, -3.548308 ], [ -47.01329, -3.545565 ], [ -47.01774, -3.547558 ], [ -47.015856, -3.562667 ], [ -47.018046, -3.565168 ], [ -47.030144, -3.559824 ], [ -47.037045, -3.560964 ], [ -47.037832, -3.563927 ], [ -47.033573, -3.568332 ], [ -47.039103, -3.573251 ], [ -47.035193, -3.57272 ], [ -47.030496, -3.580244 ], [ -47.028345, -3.578092 ], [ -47.026817, -3.580561 ], [ -47.034261, -3.584783 ], [ -47.031547, -3.587679 ], [ -47.040824, -3.5892 ], [ -47.02701, -3.59844 ], [ -47.031688, -3.59974 ], [ -47.03017, -3.604239 ], [ -47.037754, -3.605132 ], [ -47.040004, -3.615032 ], [ -47.048204, -3.619257 ], [ -47.044848, -3.625127 ], [ -47.051919, -3.635015 ], [ -47.044347, -3.633011 ], [ -47.045654, -3.638061 ], [ -47.039655, -3.643735 ], [ -47.047075, -3.647255 ], [ -47.055158, -3.646327 ], [ -47.053089, -3.648454 ], [ -47.056627, -3.654207 ], [ -47.050456, -3.653008 ], [ -47.04549, -3.657264 ], [ -47.052293, -3.662807 ], [ -47.04847, -3.668274 ], [ -47.036598, -3.667594 ], [ -47.040345, -3.673952 ], [ -47.049214, -3.67666 ], [ -47.054105, -3.684633 ], [ -47.04836, -3.688588 ], [ -47.050354, -3.698589 ], [ -47.045859, -3.705067 ], [ -47.050133, -3.715568 ], [ -47.047704, -3.718505 ], [ -47.05673, -3.721314 ], [ -47.060429, -3.72939 ], [ -47.052673, -3.737695 ], [ -47.058854, -3.742936 ], [ -47.052951, -3.746184 ], [ -47.064853, -3.758991 ], [ -47.054869, -3.767908 ], [ -47.059226, -3.768909 ], [ -47.055712, -3.774071 ], [ -47.064273, -3.777386 ], [ -47.058795, -3.784069 ], [ -47.06363, -3.790222 ], [ -47.062821, -3.798511 ], [ -47.067652, -3.802946 ], [ -47.075327, -3.803939 ], [ -47.073987, -3.80748 ], [ -47.077833, -3.811311 ], [ -47.074689, -3.81438 ], [ -47.072197, -3.817489 ], [ -47.077596, -3.820709 ], [ -47.078543, -3.826569 ], [ -47.086263, -3.824529 ], [ -47.079965, -3.835661 ], [ -47.083553, -3.8402 ], [ -47.079005, -3.84577 ], [ -47.083934, -3.847375 ], [ -47.088322, -3.861209 ], [ -47.091584, -3.860437 ], [ -47.101438, -3.860974 ], [ -47.106204, -3.880569 ], [ -47.11335, -3.877316 ], [ -47.12171, -3.882652 ], [ -47.124195, -3.881029 ], [ -47.121595, -3.878004 ], [ -47.12833, -3.876269 ], [ -47.129015, -3.880511 ], [ -47.13212, -3.87828 ], [ -47.136596, -3.885242 ], [ -47.133127, -3.886969 ], [ -47.132017, -3.899199 ], [ -47.138509, -3.903933 ], [ -47.138498, -3.899486 ], [ -47.148289, -3.896531 ], [ -47.148075, -3.914116 ], [ -47.172725, -3.923449 ], [ -47.16968, -3.928813 ], [ -47.175385, -3.929506 ], [ -47.168667, -3.938215 ], [ -47.168835, -3.943065 ], [ -47.174646, -3.944667 ], [ -47.1792, -3.941421 ], [ -47.183311, -3.947271 ], [ -47.18313, -3.957276 ], [ -47.180958, -3.959302 ], [ -47.179859, -3.955769 ], [ -47.178006, -3.960523 ], [ -47.181133, -3.966679 ], [ -47.192388, -3.968469 ], [ -47.193027, -3.974934 ], [ -47.187128, -3.979194 ], [ -47.189835, -3.98333 ], [ -47.196942, -3.985029 ], [ -47.199314, -3.980375 ], [ -47.196089, -3.97624 ], [ -47.201318, -3.973194 ], [ -47.204052, -3.987941 ], [ -47.219554, -3.987798 ], [ -47.222234, -4.000927 ], [ -47.238507, -3.998256 ], [ -47.244252, -4.011866 ], [ -47.266887, -4.025517 ], [ -47.266983, -4.033085 ], [ -47.276818, -4.03021 ], [ -47.276679, -4.033657 ], [ -47.284962, -4.035807 ], [ -47.286331, -4.045245 ], [ -47.293484, -4.042826 ], [ -47.292689, -4.051896 ], [ -47.302984, -4.053365 ], [ -47.305909, -4.058827 ], [ -47.309928, -4.056268 ], [ -47.309618, -4.051772 ], [ -47.319002, -4.0474 ], [ -47.32399, -4.062455 ], [ -47.324803, -4.067989 ], [ -47.330847, -4.069095 ], [ -47.332803, -4.075234 ], [ -47.330984, -4.09105 ], [ -47.342635, -4.09671 ], [ -47.346734, -4.108313 ], [ -47.350867, -4.104928 ], [ -47.358471, -4.113139 ], [ -47.36039, -4.109921 ], [ -47.384611, -4.110426 ], [ -47.383109, -4.116685 ], [ -47.385831, -4.119671 ], [ -47.389195, -4.118056 ], [ -47.394562, -4.122583 ], [ -47.396746, -4.11872 ], [ -47.3977, -4.125431 ], [ -47.409696, -4.128593 ], [ -47.409834, -4.132816 ], [ -47.417029, -4.136039 ], [ -47.416889, -4.13999 ], [ -47.425893, -4.139221 ], [ -47.426418, -4.143519 ], [ -47.439666, -4.144802 ], [ -47.449615, -4.154864 ], [ -47.455059, -4.149936 ], [ -47.463418, -4.155263 ], [ -47.505027, -4.137975 ], [ -47.510309, -4.128734 ], [ -47.532474, -4.116541 ], [ -47.538693, -4.116914 ], [ -47.544853, -4.11125 ], [ -47.545576, -4.111122 ], [ -47.545885, -4.111067 ], [ -47.54703, -4.107409 ], [ -47.553912, -4.106064 ], [ -47.568666, -4.092495 ], [ -47.619665, -4.082431 ], [ -47.627361, -4.078274 ], [ -47.644364, -4.077493 ], [ -47.651225, -4.071893 ], [ -47.663869, -4.073096 ], [ -47.678973, -4.068235 ], [ -47.696, -4.039889 ], [ -47.704892, -4.032479 ], [ -47.706864, -4.034661 ], [ -47.720778, -4.028799 ], [ -47.722584, -4.031797 ], [ -47.743782, -4.036483 ], [ -47.748556, -4.041032 ], [ -47.755062, -4.03815 ], [ -47.771721, -4.047818 ], [ -47.782642, -4.059813 ], [ -47.784614, -4.057465 ], [ -47.7912, -4.059575 ], [ -47.796969, -4.056417 ], [ -47.803111, -4.057614 ], [ -47.807889, -4.052294 ], [ -47.820973, -4.054873 ], [ -47.836668, -4.044518 ], [ -47.851918, -4.046295 ], [ -47.870027, -4.035867 ], [ -47.880504, -4.019508 ], [ -47.885753, -4.016086 ], [ -47.892087, -4.018437 ], [ -47.895223, -4.018915 ], [ -47.898943, -4.012946 ], [ -47.893613, -3.995766 ], [ -47.898896, -3.992657 ], [ -47.898616, -3.986596 ], [ -47.904809, -3.98557 ], [ -47.903807, -3.982406 ], [ -47.906971, -3.981935 ], [ -47.915025, -3.969296 ], [ -47.927943, -3.964678 ], [ -47.928729, -3.958422 ], [ -47.934697, -3.957389 ], [ -47.937589, -3.951024 ], [ -47.946973, -3.950868 ], [ -47.955391, -3.946109 ], [ -47.956109, -3.940032 ], [ -47.96442, -3.935191 ], [ -47.968275, -3.92494 ], [ -47.966275, -3.91898 ], [ -47.976945, -3.918661 ], [ -47.975996, -3.906816 ], [ -47.98197, -3.908775 ], [ -47.983751, -3.906423 ], [ -47.97975, -3.894235 ], [ -47.980256, -3.887906 ], [ -47.985116, -3.884271 ], [ -47.984209, -3.877022 ], [ -47.990722, -3.856672 ], [ -47.998914, -3.847886 ], [ -47.996779, -3.845579 ], [ -48.006225, -3.840247 ], [ -48.011368, -3.832098 ], [ -48.009144, -3.8297 ], [ -48.02092, -3.823134 ], [ -48.026052, -3.824332 ], [ -48.027693, -3.818919 ], [ -48.031946, -3.821857 ], [ -48.042085, -3.816761 ], [ -48.044362, -3.819807 ], [ -48.048446, -3.814807 ], [ -48.051306, -3.816501 ], [ -48.06058, -3.812605 ], [ -48.064388, -3.807604 ], [ -48.077944, -3.806428 ], [ -48.085007, -3.79669 ], [ -48.08878, -3.797668 ], [ -48.088529, -3.801473 ], [ -48.094307, -3.801772 ], [ -48.093913, -3.798683 ], [ -48.098698, -3.794246 ], [ -48.104837, -3.794098 ], [ -48.104338, -3.788454 ], [ -48.108969, -3.786469 ], [ -48.112478, -3.786809 ], [ -48.11609, -3.795686 ], [ -48.133445, -3.79495 ], [ -48.13567, -3.791907 ], [ -48.144533, -3.800703 ], [ -48.159447, -3.804177 ], [ -48.16147, -3.80168 ], [ -48.171469, -3.803511 ], [ -48.172776, -3.800641 ], [ -48.179751, -3.803583 ], [ -48.185257, -3.800068 ], [ -48.190142, -3.80344 ], [ -48.198197, -3.798247 ], [ -48.206696, -3.802317 ], [ -48.210726, -3.794687 ], [ -48.218444, -3.797113 ], [ -48.219501, -3.793871 ], [ -48.227998, -3.792677 ], [ -48.232443, -3.787867 ], [ -48.243196, -3.796523 ], [ -48.254033, -3.797008 ], [ -48.252806, -3.803157 ], [ -48.255497, -3.804298 ], [ -48.259779, -3.794041 ], [ -48.262247, -3.796541 ], [ -48.268417, -3.794757 ], [ -48.276554, -3.803357 ], [ -48.282719, -3.802031 ], [ -48.28945, -3.813506 ], [ -48.30778, -3.809244 ], [ -48.315536, -3.814297 ], [ -48.318895, -3.808742 ], [ -48.323615, -3.820723 ], [ -48.328731, -3.822997 ], [ -48.333308, -3.819545 ], [ -48.334443, -3.826193 ], [ -48.33833, -3.826545 ], [ -48.340558, -3.83158 ], [ -48.353833, -3.828212 ], [ -48.352025, -3.822278 ], [ -48.361834, -3.824655 ], [ -48.369026, -3.817908 ], [ -48.371891, -3.819296 ], [ -48.370643, -3.822471 ], [ -48.385861, -3.824946 ], [ -48.388312, -3.836935 ], [ -48.3982, -3.827017 ], [ -48.403277, -3.829832 ], [ -48.401419, -3.819288 ], [ -48.418696, -3.821795 ], [ -48.42364, -3.813546 ], [ -48.429195, -3.816111 ], [ -48.44778, -3.808309 ], [ -48.442613, -3.804597 ], [ -48.453027, -3.807688 ], [ -48.457879, -3.804043 ], [ -48.464608, -3.811191 ], [ -48.457696, -3.809964 ], [ -48.456172, -3.812748 ], [ -48.467389, -3.815961 ], [ -48.468527, -3.809462 ], [ -48.471949, -3.809518 ], [ -48.47293, -3.815805 ], [ -48.47739, -3.81783 ], [ -48.481037, -3.819486 ], [ -48.487641, -3.81351 ], [ -48.486531, -3.821233 ], [ -48.495257, -3.823766 ], [ -48.498806, -3.821933 ], [ -48.493087, -3.818189 ], [ -48.494591, -3.815408 ], [ -48.512973, -3.815633 ], [ -48.516111, -3.807829 ], [ -48.528476, -3.807169 ], [ -48.531174, -3.803442 ], [ -48.533893, -3.80589 ], [ -48.531555, -3.812779 ], [ -48.535178, -3.814464 ], [ -48.541027, -3.806771 ], [ -48.547172, -3.809114 ], [ -48.55195, -3.803573 ], [ -48.571087, -3.80824 ], [ -48.570196, -3.811329 ], [ -48.575699, -3.810862 ], [ -48.577948, -3.814118 ], [ -48.581115, -3.808672 ], [ -48.589417, -3.808652 ], [ -48.596696, -3.803378 ], [ -48.597498, -3.800473 ], [ -48.594533, -3.799573 ], [ -48.598219, -3.793033 ], [ -48.605775, -3.788208 ], [ -48.603337, -3.785131 ], [ -48.611667, -3.786291 ], [ -48.621637, -3.776565 ], [ -48.634753, -3.776979 ], [ -48.644056, -3.780952 ], [ -48.641507, -3.772437 ], [ -48.643556, -3.768254 ], [ -48.650414, -3.767243 ], [ -48.646691, -3.760719 ], [ -48.653388, -3.759345 ], [ -48.657202, -3.76441 ], [ -48.660698, -3.763677 ], [ -48.663948, -3.757871 ], [ -48.661394, -3.751435 ], [ -48.66347, -3.749069 ], [ -48.67494, -3.750311 ], [ -48.677561, -3.753118 ], [ -48.675583, -3.755663 ], [ -48.681111, -3.758631 ], [ -48.685169, -3.75881 ], [ -48.68695, -3.750375 ], [ -48.691474, -3.752626 ], [ -48.698312, -3.748704 ], [ -48.709248, -3.75494 ], [ -48.705812, -3.743968 ], [ -48.700556, -3.740479 ], [ -48.71417, -3.738876 ], [ -48.713448, -3.734613 ], [ -48.71986, -3.731328 ], [ -48.724387, -3.737487 ], [ -48.730472, -3.722592 ], [ -48.731599, -3.726582 ], [ -48.738079, -3.728474 ], [ -48.746721, -3.720917 ], [ -48.760809, -3.720973 ], [ -48.763365, -3.731849 ], [ -48.766333, -3.73175 ], [ -48.765584, -3.721866 ], [ -48.78375, -3.720459 ], [ -48.781203, -3.712689 ], [ -48.794837, -3.714804 ], [ -48.797447, -3.708726 ], [ -48.820478, -3.7111 ], [ -48.822694, -3.706476 ], [ -48.812225, -3.701784 ], [ -48.821136, -3.696955 ], [ -48.819221, -3.687344 ], [ -48.837113, -3.689653 ], [ -48.844207, -3.685023 ], [ -48.839331, -3.679715 ], [ -48.83906, -3.676144 ], [ -48.84607, -3.67259 ], [ -48.855111, -3.671644 ], [ -48.865061, -3.67588 ], [ -48.870642, -3.671149 ], [ -48.870528, -3.660987 ], [ -48.860199, -3.647775 ], [ -48.866723, -3.632248 ], [ -48.870557, -3.646843 ], [ -48.885919, -3.647067 ], [ -48.889528, -3.64407 ], [ -48.889779, -3.636261 ], [ -48.879278, -3.62922 ], [ -48.874145, -3.631416 ], [ -48.872306, -3.627065 ], [ -48.875366, -3.619434 ], [ -48.88222, -3.618147 ], [ -48.87851, -3.6052 ], [ -48.886546, -3.593828 ], [ -48.869528, -3.583447 ], [ -48.88346, -3.567584 ], [ -48.897716, -3.574817 ], [ -48.917234, -3.566451 ], [ -48.936914, -3.564469 ], [ -48.9454, -3.567375 ], [ -48.962957, -3.548985 ], [ -48.978788, -3.542674 ], [ -49.007304, -3.541513 ], [ -49.019417, -3.544177 ], [ -49.019017, -3.536165 ], [ -49.027425, -3.538825 ], [ -49.024824, -3.546956 ], [ -49.02956, -3.551886 ], [ -49.033737, -3.551494 ], [ -49.035459, -3.537886 ], [ -49.02778, -3.516423 ], [ -49.018879, -3.504136 ], [ -48.978393, -3.461179 ], [ -48.963483, -3.450761 ], [ -48.927298, -3.432662 ], [ -48.923126, -3.423775 ], [ -48.925176, -3.41257 ], [ -48.925471, -3.406675 ], [ -48.922955, -3.400897 ], [ -48.907002, -3.395126 ], [ -48.894046, -3.375212 ], [ -48.874103, -3.389043 ], [ -48.864756, -3.389804 ], [ -48.838553, -3.386615 ], [ -48.819101, -3.379698 ], [ -48.799051, -3.359026 ], [ -48.756594, -3.34315 ], [ -48.729724, -3.323614 ], [ -48.705482, -3.299474 ], [ -48.689576, -3.292801 ], [ -48.667083, -3.253671 ], [ -48.653862, -3.240994 ], [ -48.632446, -3.229212 ], [ -48.61109, -3.229605 ], [ -48.590171, -3.225153 ], [ -48.545304, -3.194023 ], [ -48.530137, -3.195302 ], [ -48.524525, -3.188242 ], [ -48.518141, -3.165384 ], [ -48.516837, -3.139694 ], [ -48.507666, -3.128519 ], [ -48.493422, -3.0943 ], [ -48.502285, -3.088717 ], [ -48.518311, -3.062882 ], [ -48.527975, -3.054018 ], [ -48.527479, -3.050659 ], [ -48.518502, -3.045192 ], [ -48.5152, -3.036262 ], [ -48.525112, -3.015337 ], [ -48.533472, -3.009267 ], [ -48.553395, -2.971174 ], [ -48.55731, -2.948866 ], [ -48.551945, -2.936459 ], [ -48.532505, -2.918657 ], [ -48.528726, -2.885671 ], [ -48.509054, -2.853455 ], [ -48.49995, -2.848639 ], [ -48.486421, -2.851321 ], [ -48.476781, -2.844647 ], [ -48.475918, -2.835391 ], [ -48.497366, -2.806964 ], [ -48.487889, -2.793138 ], [ -48.483888, -2.765598 ], [ -48.473603, -2.753175 ], [ -48.462974, -2.739639 ], [ -48.461254, -2.714587 ], [ -48.453415, -2.69598 ], [ -48.454422, -2.6882 ], [ -48.474082, -2.655567 ], [ -48.467545, -2.619286 ], [ -48.462896, -2.600921 ], [ -48.468807, -2.595833 ], [ -48.4857, -2.594629 ], [ -48.491614, -2.59109 ], [ -48.495726, -2.580269 ], [ -48.494947, -2.558588 ], [ -48.506642, -2.553056 ], [ -48.510776, -2.547059 ], [ -48.512089, -2.534282 ], [ -48.529279, -2.528512 ], [ -48.538613, -2.511166 ], [ -48.562168, -2.486289 ], [ -48.567, -2.482825 ], [ -48.596644, -2.480928 ], [ -48.604883, -2.474804 ], [ -48.609868, -2.462302 ], [ -48.622891, -2.4538 ], [ -48.627942, -2.450927 ], [ -48.633114, -2.455677 ], [ -48.660862, -2.464832 ], [ -48.680527, -2.459926 ], [ -48.694004, -2.467068 ], [ -48.701746, -2.460237 ], [ -48.700409, -2.447302 ], [ -48.692475, -2.441685 ], [ -48.693056, -2.431801 ], [ -48.686365, -2.430037 ], [ -48.692416, -2.411184 ], [ -48.69237, -2.399867 ], [ -48.698723, -2.398756 ], [ -48.702277, -2.407386 ], [ -48.714251, -2.417565 ], [ -48.735369, -2.429683 ], [ -48.743061, -2.4302 ], [ -48.756808, -2.432861 ], [ -48.76595, -2.449522 ], [ -48.793027, -2.476234 ], [ -48.795584, -2.49369 ], [ -48.808003, -2.500089 ], [ -48.819859, -2.519319 ], [ -48.824164, -2.535257 ], [ -48.815141, -2.56376 ], [ -48.817472, -2.580981 ], [ -48.827804, -2.601164 ], [ -48.847224, -2.586236 ], [ -48.858806, -2.572683 ], [ -48.859859, -2.534233 ], [ -48.878005, -2.499517 ], [ -48.874315, -2.485311 ], [ -48.870705, -2.476782 ], [ -48.867998, -2.469058 ], [ -48.868908, -2.439682 ], [ -48.856387, -2.38728 ], [ -48.838464, -2.379312 ], [ -48.818864, -2.388272 ], [ -48.809362, -2.387715 ], [ -48.799833, -2.368189 ], [ -48.789571, -2.330535 ], [ -48.782979, -2.316509 ], [ -48.774874, -2.309388 ], [ -48.760892, -2.305943 ], [ -48.749497, -2.294508 ], [ -48.747277, -2.287062 ], [ -48.749253, -2.270487 ], [ -48.746086, -2.261092 ], [ -48.737613, -2.257477 ], [ -48.724034, -2.25857 ], [ -48.709334, -2.236437 ], [ -48.706198, -2.218559 ], [ -48.713032, -2.207622 ], [ -48.712363, -2.198805 ], [ -48.69731, -2.19278 ], [ -48.684501, -2.19441 ], [ -48.673252, -2.186244 ], [ -48.661059, -2.168097 ], [ -48.628056, -2.153614 ], [ -48.623252, -2.142119 ], [ -48.623752, -2.124905 ], [ -48.61568, -2.111045 ], [ -48.596727, -2.09986 ], [ -48.588667, -2.089212 ], [ -48.584781, -2.076041 ], [ -48.591031, -2.064727 ], [ -48.584892, -2.046132 ], [ -48.572977, -2.042103 ], [ -48.557803, -2.028663 ], [ -48.54227, -2.021442 ], [ -48.529583, -1.992591 ], [ -48.510586, -1.977567 ], [ -48.507779, -1.97041 ], [ -48.50956, -1.958512 ], [ -48.509643, -1.958216 ], [ -48.511043, -1.951118 ], [ -48.50289, -1.928684 ], [ -48.489569, -1.906835 ], [ -48.471574, -1.892964 ], [ -48.464527, -1.875259 ], [ -48.470766, -1.831465 ], [ -48.466748, -1.820481 ], [ -48.452562, -1.801075 ], [ -48.451508, -1.771996 ], [ -48.437247, -1.744039 ], [ -48.443137, -1.712449 ], [ -48.444115, -1.677656 ], [ -48.437779, -1.661912 ], [ -48.441061, -1.655476 ], [ -48.439361, -1.649108 ], [ -48.454253, -1.622869 ], [ -48.456164, -1.620196 ], [ -48.481544, -1.567963 ], [ -48.499826, -1.544576 ], [ -48.507472, -1.530176 ], [ -48.505838, -1.526228 ], [ -48.49992, -1.517823 ], [ -48.499334, -1.504435 ], [ -48.496166, -1.502879 ], [ -48.478057, -1.517434 ], [ -48.464055, -1.522196 ], [ -48.453223, -1.519972 ], [ -48.434943, -1.509815 ], [ -48.41647, -1.509859 ], [ -48.402919, -1.505242 ], [ -48.38778, -1.493665 ], [ -48.372449, -1.4896 ], [ -48.362664, -1.475816 ], [ -48.35456, -1.470322 ], [ -48.33405, -1.470653 ], [ -48.331322, -1.46659 ], [ -48.323275, -1.466405 ], [ -48.306532, -1.470804 ], [ -48.292588, -1.470183 ], [ -48.259861, -1.466383 ], [ -48.25476, -1.445322 ], [ -48.236944, -1.431996 ], [ -48.230972, -1.419905 ], [ -48.230754, -1.413668 ], [ -48.245018, -1.39886 ], [ -48.230311, -1.380721 ], [ -48.225548, -1.347534 ], [ -48.225384, -1.346733 ], [ -48.217369, -1.307564 ], [ -48.206982, -1.256822 ], [ -48.202939, -1.237075 ], [ -48.137063, -1.199571 ], [ -48.146193, -1.19026 ], [ -48.15203, -1.166252 ], [ -48.162009, -1.159495 ], [ -48.168175, -1.153517 ], [ -48.187197, -1.153 ], [ -48.19492, -1.145746 ], [ -48.216174, -1.144151 ], [ -48.217753, -1.136172 ], [ -48.22639, -1.13402 ], [ -48.22025, -1.126901 ], [ -48.227973, -1.119699 ], [ -48.224117, -1.112102 ], [ -48.22756, -1.106246 ], [ -48.233333, -1.103629 ], [ -48.232924, -1.093377 ], [ -48.241278, -1.088715 ], [ -48.276306, -1.108635 ], [ -48.292782, -1.10477 ], [ -48.301388, -1.105998 ], [ -48.315476, -1.081982 ], [ -48.323335, -1.059306 ], [ -48.469053, -1.019074 ], [ -48.450004, -0.999777 ], [ -48.438866, -0.982125 ], [ -48.439114, -0.978496 ], [ -48.437178, -0.97636 ], [ -48.418618, -0.922537 ], [ -48.415534, -0.916728 ], [ -48.394226, -0.888805 ], [ -48.372263, -0.853741 ], [ -48.362439, -0.834119 ], [ -48.344753, -0.8009 ], [ -48.3275, -0.77739 ], [ -48.29889, -0.719468 ], [ -48.292834, -0.713087 ], [ -48.289026, -0.704462 ], [ -48.27017, -0.688294 ], [ -48.260333, -0.673065 ], [ -48.256168, -0.639946 ], [ -48.239608, -0.609729 ], [ -48.234504, -0.593841 ], [ -48.235666, -0.581381 ], [ -48.172994, -0.603344 ], [ -48.024078, -0.655507 ], [ -47.999998, -0.663938 ], [ -47.996249, -0.681329 ], [ -47.997975, -0.701352 ], [ -47.996552, -0.704418 ], [ -47.993832, -0.702193 ], [ -47.989329, -0.705702 ], [ -47.986004, -0.70551 ], [ -47.983032, -0.689533 ], [ -47.976948, -0.691665 ], [ -47.97568, -0.686413 ], [ -47.973474, -0.674878 ], [ -47.962224, -0.662443 ], [ -47.96445, -0.649801 ], [ -47.961805, -0.636334 ], [ -47.952247, -0.628048 ], [ -47.938831, -0.631433 ], [ -47.92614, -0.621363 ], [ -47.919115, -0.629 ], [ -47.910445, -0.612674 ], [ -47.911834, -0.600303 ], [ -47.90214, -0.602251 ], [ -47.900332, -0.595505 ], [ -47.907923, -0.587825 ], [ -47.904777, -0.580104 ], [ -47.896091, -0.572011 ], [ -47.897783, -0.568597 ], [ -47.904609, -0.570806 ], [ -47.903731, -0.559753 ], [ -47.897172, -0.552455 ], [ -47.886339, -0.550896 ], [ -47.86428, -0.556314 ], [ -47.854227, -0.573064 ], [ -47.857003, -0.58124 ], [ -47.855085, -0.585196 ], [ -47.841671, -0.586296 ], [ -47.845915, -0.591075 ], [ -47.844669, -0.596999 ], [ -47.847477, -0.601157 ], [ -47.841918, -0.62221 ], [ -47.848861, -0.630544 ], [ -47.84742, -0.633762 ], [ -47.851111, -0.634855 ], [ -47.853418, -0.65178 ], [ -47.863392, -0.656764 ], [ -47.864942, -0.667441 ], [ -47.870779, -0.677096 ], [ -47.861861, -0.681437 ], [ -47.854392, -0.67008 ], [ -47.848332, -0.666945 ], [ -47.840554, -0.679864 ], [ -47.83625, -0.678815 ], [ -47.821834, -0.664708 ], [ -47.824138, -0.645594 ], [ -47.821999, -0.639136 ], [ -47.818672, -0.641901 ], [ -47.816139, -0.634004 ], [ -47.82459, -0.613404 ], [ -47.822221, -0.602585 ], [ -47.808083, -0.593165 ], [ -47.814448, -0.58909 ], [ -47.807636, -0.574065 ], [ -47.814505, -0.560739 ], [ -47.808171, -0.552506 ], [ -47.799747, -0.549998 ], [ -47.790366, -0.553512 ], [ -47.786756, -0.560917 ], [ -47.787228, -0.565502 ], [ -47.801137, -0.577179 ], [ -47.801892, -0.586216 ], [ -47.798781, -0.58881 ], [ -47.793918, -0.583771 ], [ -47.774392, -0.580116 ], [ -47.767693, -0.584938 ], [ -47.77234, -0.590921 ], [ -47.762473, -0.617396 ], [ -47.769054, -0.636096 ], [ -47.76606, -0.637899 ], [ -47.758075, -0.630427 ], [ -47.757347, -0.629163 ], [ -47.752972, -0.621565 ], [ -47.755504, -0.608011 ], [ -47.750164, -0.602062 ], [ -47.749033, -0.593645 ], [ -47.757583, -0.582914 ], [ -47.760704, -0.57573 ], [ -47.763313, -0.565116 ], [ -47.761034, -0.562156 ], [ -47.737945, -0.56384 ], [ -47.731002, -0.553666 ], [ -47.732616, -0.548831 ], [ -47.721087, -0.542355 ], [ -47.718811, -0.53676 ], [ -47.703496, -0.534901 ], [ -47.693553, -0.542407 ], [ -47.698334, -0.548793 ], [ -47.689746, -0.572822 ], [ -47.695834, -0.576354 ], [ -47.698331, -0.592744 ], [ -47.68617, -0.597889 ], [ -47.685552, -0.595755 ], [ -47.679145, -0.591884 ], [ -47.662304, -0.580162 ], [ -47.647861, -0.58572 ], [ -47.636091, -0.60336 ], [ -47.632462, -0.617825 ], [ -47.626784, -0.625827 ], [ -47.627145, -0.631311 ], [ -47.631897, -0.635747 ], [ -47.631832, -0.647838 ], [ -47.640727, -0.654428 ], [ -47.630362, -0.659331 ], [ -47.630951, -0.66791 ], [ -47.633322, -0.673337 ], [ -47.639667, -0.688889 ], [ -47.630531, -0.68857 ], [ -47.626033, -0.701054 ], [ -47.619903, -0.69414 ], [ -47.608806, -0.697018 ], [ -47.600429, -0.679753 ], [ -47.58007, -0.637797 ], [ -47.58178, -0.622411 ], [ -47.577394, -0.609258 ], [ -47.583681, -0.594042 ], [ -47.58276, -0.592329 ], [ -47.578057, -0.587564 ], [ -47.579025, -0.581003 ], [ -47.559471, -0.587183 ], [ -47.556171, -0.596901 ], [ -47.541951, -0.6043 ], [ -47.528852, -0.623946 ], [ -47.52503, -0.625289 ], [ -47.489434, -0.602874 ], [ -47.470005, -0.593529 ], [ -47.443915, -0.588873 ], [ -47.418774, -0.591681 ], [ -47.414288, -0.601795 ], [ -47.421282, -0.627543 ], [ -47.419525, -0.631214 ], [ -47.429055, -0.647021 ], [ -47.428696, -0.653471 ], [ -47.425164, -0.655085 ], [ -47.419917, -0.641782 ], [ -47.416977, -0.650033 ], [ -47.413224, -0.648555 ], [ -47.406528, -0.6571 ], [ -47.399839, -0.656798 ], [ -47.388453, -0.643941 ], [ -47.38772, -0.633994 ], [ -47.36989, -0.630961 ], [ -47.366331, -0.625631 ], [ -47.377839, -0.619411 ], [ -47.38262, -0.610523 ], [ -47.379865, -0.608103 ], [ -47.35347, -0.608582 ], [ -47.346416, -0.603488 ], [ -47.329092, -0.600163 ], [ -47.322082, -0.59382 ], [ -47.299447, -0.598492 ], [ -47.28245, -0.606662 ], [ -47.282751, -0.615833 ], [ -47.28586, -0.616806 ], [ -47.292941, -0.607368 ], [ -47.29275, -0.61527 ], [ -47.285974, -0.628124 ], [ -47.289366, -0.62837 ], [ -47.289562, -0.636257 ], [ -47.293544, -0.637171 ], [ -47.292802, -0.645451 ], [ -47.27856, -0.641192 ], [ -47.268946, -0.649038 ], [ -47.265305, -0.644426 ], [ -47.259007, -0.65137 ], [ -47.251692, -0.64607 ], [ -47.263278, -0.635531 ], [ -47.264867, -0.629175 ], [ -47.261672, -0.626063 ], [ -47.24889, -0.631616 ], [ -47.248894, -0.627915 ], [ -47.235554, -0.627978 ], [ -47.212114, -0.63719 ], [ -47.199032, -0.664616 ], [ -47.214141, -0.6855 ], [ -47.21856, -0.68609 ], [ -47.229505, -0.678058 ], [ -47.240834, -0.684082 ], [ -47.246087, -0.703785 ], [ -47.243327, -0.7069 ], [ -47.228112, -0.696664 ], [ -47.228809, -0.704687 ], [ -47.224645, -0.702516 ], [ -47.215841, -0.697437 ], [ -47.217139, -0.693676 ], [ -47.21364, -0.690213 ], [ -47.201136, -0.689117 ], [ -47.194582, -0.699166 ], [ -47.191696, -0.694178 ], [ -47.194842, -0.692863 ], [ -47.194641, -0.682922 ], [ -47.183642, -0.671628 ], [ -47.184308, -0.664443 ], [ -47.179227, -0.662731 ], [ -47.181508, -0.668607 ], [ -47.167583, -0.662876 ], [ -47.170945, -0.667199 ], [ -47.160614, -0.667401 ], [ -47.158337, -0.669643 ], [ -47.161056, -0.67305 ], [ -47.157388, -0.674893 ], [ -47.165005, -0.682609 ], [ -47.168196, -0.694648 ], [ -47.165476, -0.728309 ], [ -47.173393, -0.732946 ], [ -47.177366, -0.743566 ], [ -47.171128, -0.76892 ], [ -47.169696, -0.77616 ], [ -47.16676, -0.773305 ], [ -47.168586, -0.76269 ], [ -47.165219, -0.760296 ], [ -47.160256, -0.773658 ], [ -47.15695, -0.768884 ], [ -47.16028, -0.753482 ], [ -47.163813, -0.752311 ], [ -47.166503, -0.744286 ], [ -47.149559, -0.714419 ], [ -47.143501, -0.722465 ], [ -47.144395, -0.731735 ], [ -47.139891, -0.727722 ], [ -47.145306, -0.710821 ], [ -47.144057, -0.705684 ], [ -47.134642, -0.705958 ], [ -47.141526, -0.697535 ], [ -47.140893, -0.687389 ], [ -47.136136, -0.685074 ], [ -47.129447, -0.687992 ], [ -47.125637, -0.682563 ], [ -47.111306, -0.677692 ], [ -47.106115, -0.669712 ], [ -47.088276, -0.66229 ], [ -47.090675, -0.669244 ], [ -47.08598, -0.679328 ], [ -47.078535, -0.683159 ], [ -47.068253, -0.704172 ], [ -47.087501, -0.713637 ], [ -47.078807, -0.717545 ], [ -47.077924, -0.726325 ], [ -47.072529, -0.723291 ], [ -47.069194, -0.7302 ], [ -47.072417, -0.73113 ], [ -47.071782, -0.735959 ], [ -47.089254, -0.748908 ], [ -47.085971, -0.750401 ], [ -47.07289, -0.744616 ], [ -47.068779, -0.754208 ], [ -47.076086, -0.758465 ], [ -47.073083, -0.760274 ], [ -47.071976, -0.771945 ], [ -47.066281, -0.776154 ], [ -47.060472, -0.774735 ], [ -47.067784, -0.769673 ], [ -47.066362, -0.765453 ], [ -47.06267, -0.765735 ], [ -47.063449, -0.750059 ], [ -47.057669, -0.728809 ], [ -47.059115, -0.704714 ], [ -47.049503, -0.711171 ], [ -47.055195, -0.73763 ], [ -47.054443, -0.775055 ], [ -47.06317, -0.800102 ], [ -47.060414, -0.804042 ], [ -47.057311, -0.805909 ], [ -47.050506, -0.793302 ], [ -47.033351, -0.805066 ], [ -47.028002, -0.802502 ], [ -47.039059, -0.788228 ], [ -47.045004, -0.789469 ], [ -47.048866, -0.778603 ], [ -47.040781, -0.767826 ], [ -47.040506, -0.743487 ], [ -47.044395, -0.733125 ], [ -47.0407, -0.728962 ], [ -47.037364, -0.73007 ], [ -47.037228, -0.737054 ], [ -47.029839, -0.740436 ], [ -47.018643, -0.730032 ], [ -47.021754, -0.727864 ], [ -47.018445, -0.723938 ], [ -47.000394, -0.714015 ], [ -46.995002, -0.715066 ], [ -46.981812, -0.704985 ], [ -46.971473, -0.703821 ], [ -46.957283, -0.713053 ], [ -46.949256, -0.738729 ], [ -46.954338, -0.740595 ], [ -46.952058, -0.734219 ], [ -46.956275, -0.731191 ], [ -46.958975, -0.739733 ], [ -46.957284, -0.747206 ], [ -46.960445, -0.747669 ], [ -46.96225, -0.753327 ], [ -46.969893, -0.754812 ], [ -46.96011, -0.759328 ], [ -46.967005, -0.768721 ], [ -46.979612, -0.777015 ], [ -46.979173, -0.782249 ], [ -46.976227, -0.787629 ], [ -46.967896, -0.778989 ], [ -46.95923, -0.786785 ], [ -46.959723, -0.79271 ], [ -46.950015, -0.788633 ], [ -46.95104, -0.786547 ], [ -46.945595, -0.784648 ], [ -46.934855, -0.78991 ], [ -46.938852, -0.799571 ], [ -46.944405, -0.80005 ], [ -46.94862, -0.791472 ], [ -46.946364, -0.798163 ], [ -46.954886, -0.805546 ], [ -46.947867, -0.812175 ], [ -46.941925, -0.834479 ], [ -46.932166, -0.845977 ], [ -46.934388, -0.853735 ], [ -46.941448, -0.859035 ], [ -46.951191, -0.856854 ], [ -46.955476, -0.860813 ], [ -46.93503, -0.876228 ], [ -46.92331, -0.873721 ], [ -46.920031, -0.878138 ], [ -46.917063, -0.87545 ], [ -46.920699, -0.871767 ], [ -46.919447, -0.859335 ], [ -46.911865, -0.858872 ], [ -46.910727, -0.862246 ], [ -46.905812, -0.857766 ], [ -46.911143, -0.855756 ], [ -46.912589, -0.85085 ], [ -46.909224, -0.843851 ], [ -46.913225, -0.826914 ], [ -46.911553, -0.817901 ], [ -46.895973, -0.808172 ], [ -46.884195, -0.80834 ], [ -46.88028, -0.812425 ], [ -46.879359, -0.805853 ], [ -46.885948, -0.797287 ], [ -46.885119, -0.793658 ], [ -46.879507, -0.796978 ], [ -46.885895, -0.786373 ], [ -46.883111, -0.780676 ], [ -46.887062, -0.781421 ], [ -46.885523, -0.779004 ], [ -46.883941, -0.769299 ], [ -46.872359, -0.757632 ], [ -46.865415, -0.763131 ], [ -46.863533, -0.770657 ], [ -46.857644, -0.769032 ], [ -46.859286, -0.753437 ], [ -46.846613, -0.746399 ], [ -46.851388, -0.743266 ], [ -46.861753, -0.74488 ], [ -46.863728, -0.740594 ], [ -46.857365, -0.735909 ], [ -46.845282, -0.735333 ], [ -46.829198, -0.748794 ], [ -46.829446, -0.756467 ], [ -46.834864, -0.761276 ], [ -46.836693, -0.768297 ], [ -46.832563, -0.767223 ], [ -46.831227, -0.792193 ], [ -46.854807, -0.788743 ], [ -46.856587, -0.793261 ], [ -46.837581, -0.795963 ], [ -46.833085, -0.803414 ], [ -46.836452, -0.815074 ], [ -46.84623, -0.818008 ], [ -46.846641, -0.82465 ], [ -46.857224, -0.83428 ], [ -46.853592, -0.835926 ], [ -46.840145, -0.824513 ], [ -46.83378, -0.827221 ], [ -46.835339, -0.834304 ], [ -46.851729, -0.847544 ], [ -46.850252, -0.863936 ], [ -46.84475, -0.860937 ], [ -46.845584, -0.847631 ], [ -46.838725, -0.84488 ], [ -46.838314, -0.848353 ], [ -46.834561, -0.846704 ], [ -46.825535, -0.840576 ], [ -46.82325, -0.827928 ], [ -46.816314, -0.828428 ], [ -46.812252, -0.852575 ], [ -46.815198, -0.857992 ], [ -46.811254, -0.858164 ], [ -46.810499, -0.862721 ], [ -46.81111, -0.867657 ], [ -46.821169, -0.874281 ], [ -46.826056, -0.888082 ], [ -46.822338, -0.892677 ], [ -46.82642, -0.895288 ], [ -46.821087, -0.898096 ], [ -46.820278, -0.902536 ], [ -46.817364, -0.899741 ], [ -46.818673, -0.886991 ], [ -46.807527, -0.876663 ], [ -46.801354, -0.861885 ], [ -46.786639, -0.880667 ], [ -46.797083, -0.887802 ], [ -46.793811, -0.897567 ], [ -46.788479, -0.900023 ], [ -46.791062, -0.888795 ], [ -46.782003, -0.885619 ], [ -46.781866, -0.882443 ], [ -46.785003, -0.871825 ], [ -46.788556, -0.870073 ], [ -46.788835, -0.864951 ], [ -46.784784, -0.863981 ], [ -46.791116, -0.860603 ], [ -46.793948, -0.844708 ], [ -46.78317, -0.833662 ], [ -46.77275, -0.837554 ], [ -46.765394, -0.851126 ], [ -46.763476, -0.848421 ], [ -46.768451, -0.830278 ], [ -46.76595, -0.817129 ], [ -46.757249, -0.824642 ], [ -46.746615, -0.828247 ], [ -46.739921, -0.862506 ], [ -46.741694, -0.865605 ], [ -46.733032, -0.893974 ], [ -46.732756, -0.901645 ], [ -46.745256, -0.913298 ], [ -46.74589, -0.920053 ], [ -46.742277, -0.920612 ], [ -46.739891, -0.914282 ], [ -46.726642, -0.904287 ], [ -46.721475, -0.89572 ], [ -46.721282, -0.884191 ], [ -46.728474, -0.863347 ], [ -46.721193, -0.826728 ], [ -46.703253, -0.821287 ], [ -46.697556, -0.82751 ], [ -46.689251, -0.848201 ], [ -46.677064, -0.855129 ], [ -46.680837, -0.860133 ], [ -46.673639, -0.861267 ], [ -46.673002, -0.851093 ], [ -46.667861, -0.852242 ], [ -46.665777, -0.856588 ], [ -46.664057, -0.849335 ], [ -46.667694, -0.84537 ], [ -46.678416, -0.843515 ], [ -46.687503, -0.817184 ], [ -46.685302, -0.806479 ], [ -46.678001, -0.805498 ], [ -46.670304, -0.814186 ], [ -46.662757, -0.814233 ], [ -46.661056, -0.81067 ], [ -46.671888, -0.797109 ], [ -46.661804, -0.789521 ], [ -46.663812, -0.78659 ], [ -46.651691, -0.782612 ], [ -46.637695, -0.787917 ], [ -46.643138, -0.797962 ], [ -46.646054, -0.79508 ], [ -46.648062, -0.797613 ], [ -46.639558, -0.810909 ], [ -46.624615, -0.812424 ], [ -46.615139, -0.825797 ], [ -46.618611, -0.828647 ], [ -46.611054, -0.833756 ], [ -46.610144, -0.849342 ], [ -46.6177, -0.853957 ], [ -46.622142, -0.847302 ], [ -46.629087, -0.847153 ], [ -46.623419, -0.860695 ], [ -46.62745, -0.862344 ], [ -46.625895, -0.871751 ], [ -46.633002, -0.876079 ], [ -46.640581, -0.868192 ], [ -46.644785, -0.868478 ], [ -46.631533, -0.887529 ], [ -46.651924, -0.893274 ], [ -46.646556, -0.904486 ], [ -46.64272, -0.904137 ], [ -46.632308, -0.912925 ], [ -46.634279, -0.928238 ], [ -46.642702, -0.939612 ], [ -46.651945, -0.944313 ], [ -46.662366, -0.940587 ], [ -46.666166, -0.944909 ], [ -46.661867, -0.947134 ], [ -46.664252, -0.94948 ], [ -46.678138, -0.955259 ], [ -46.683311, -0.951889 ], [ -46.687382, -0.961745 ], [ -46.674922, -0.975875 ], [ -46.670814, -0.972924 ], [ -46.673614, -0.969701 ], [ -46.656445, -0.965851 ], [ -46.647172, -0.958189 ], [ -46.655367, -0.970064 ], [ -46.641423, -0.967092 ], [ -46.637446, -0.965035 ], [ -46.615916, -0.954131 ], [ -46.606419, -0.954209 ], [ -46.601368, -0.950979 ], [ -46.597031, -0.97053 ], [ -46.592667, -0.974513 ], [ -46.584749, -0.976261 ], [ -46.580549, -0.973659 ], [ -46.568115, -0.947284 ], [ -46.564557, -0.947787 ], [ -46.564091, -0.938873 ], [ -46.55645, -0.932157 ], [ -46.560564, -0.92802 ], [ -46.559637, -0.918614 ], [ -46.559924, -0.907726 ], [ -46.550616, -0.903591 ], [ -46.542115, -0.917294 ], [ -46.546474, -0.925421 ], [ -46.543474, -0.929216 ], [ -46.542756, -0.957928 ], [ -46.538278, -0.972087 ], [ -46.540527, -0.978648 ], [ -46.536748, -0.977276 ], [ -46.530611, -0.957301 ], [ -46.535586, -0.958594 ], [ -46.535698, -0.947959 ], [ -46.524867, -0.946806 ], [ -46.528536, -0.953476 ], [ -46.517836, -0.945024 ], [ -46.53128, -0.930462 ], [ -46.522861, -0.918071 ], [ -46.521729, -0.922238 ], [ -46.518474, -0.919443 ], [ -46.520758, -0.905368 ], [ -46.5127, -0.896438 ], [ -46.507004, -0.896408 ], [ -46.508391, -0.889794 ], [ -46.511943, -0.888492 ], [ -46.510587, -0.883907 ], [ -46.499781, -0.87411 ], [ -46.496175, -0.876202 ], [ -46.48417, -0.872789 ], [ -46.474423, -0.880936 ], [ -46.47053, -0.886444 ], [ -46.471366, -0.891037 ], [ -46.466389, -0.894801 ], [ -46.454644, -0.874048 ], [ -46.449747, -0.869851 ], [ -46.441113, -0.869914 ], [ -46.441231, -0.865701 ], [ -46.449286, -0.86213 ], [ -46.426584, -0.857558 ], [ -46.41786, -0.871087 ], [ -46.418475, -0.882215 ], [ -46.422859, -0.891135 ], [ -46.439254, -0.905127 ], [ -46.447108, -0.904103 ], [ -46.448838, -0.89749 ], [ -46.456309, -0.899318 ], [ -46.468309, -0.912969 ], [ -46.467945, -0.920188 ], [ -46.479058, -0.924415 ], [ -46.483421, -0.930667 ], [ -46.481394, -0.933021 ], [ -46.473058, -0.928026 ], [ -46.468416, -0.935082 ], [ -46.472532, -0.939052 ], [ -46.46522, -0.942506 ], [ -46.471667, -0.948224 ], [ -46.480366, -0.943329 ], [ -46.473888, -0.955858 ], [ -46.482473, -0.961543 ], [ -46.492647, -0.960383 ], [ -46.490814, -0.963984 ], [ -46.499869, -0.973016 ], [ -46.470423, -0.97052 ], [ -46.463952, -0.975724 ], [ -46.464115, -0.999422 ], [ -46.471785, -1.004093 ], [ -46.477199, -0.99756 ], [ -46.48625, -0.999983 ], [ -46.477891, -1.009891 ], [ -46.479807, -1.019901 ], [ -46.472978, -1.016524 ], [ -46.471535, -1.022618 ], [ -46.475311, -1.033233 ], [ -46.48264, -1.037357 ], [ -46.47598, -1.042864 ], [ -46.470203, -1.051035 ], [ -46.468256, -1.052969 ], [ -46.470284, -1.038789 ], [ -46.465006, -1.029156 ], [ -46.453588, -1.0318 ], [ -46.451361, -1.027905 ], [ -46.460616, -1.023963 ], [ -46.46081, -1.017167 ], [ -46.444533, -1.020446 ], [ -46.426697, -1.013502 ], [ -46.412479, -1.01943 ], [ -46.412171, -1.039475 ], [ -46.416, -1.049437 ], [ -46.424973, -1.047001 ], [ -46.429837, -1.052831 ], [ -46.428334, -1.065038 ], [ -46.425393, -1.064828 ], [ -46.423793, -1.064536 ], [ -46.425953, -1.054103 ], [ -46.420361, -1.051894 ], [ -46.408335, -1.061547 ], [ -46.410702, -1.056272 ], [ -46.406195, -1.04371 ], [ -46.407474, -1.02641 ], [ -46.409924, -1.017443 ], [ -46.423722, -1.006007 ], [ -46.418477, -1.004651 ], [ -46.418813, -0.996073 ], [ -46.409749, -0.995738 ], [ -46.402388, -0.988962 ], [ -46.39853, -0.990835 ], [ -46.390031, -0.986791 ], [ -46.392387, -1.016783 ], [ -46.381754, -1.033557 ], [ -46.382209, -1.04161 ], [ -46.380666, -1.044694 ], [ -46.374944, -1.051945 ], [ -46.372144, -1.050522 ], [ -46.377065, -1.037025 ], [ -46.377171, -1.018692 ], [ -46.372965, -1.024108 ], [ -46.357445, -0.998181 ], [ -46.34942, -0.994864 ], [ -46.344251, -0.996243 ], [ -46.346083, -1.000028 ], [ -46.336362, -1.015423 ], [ -46.333415, -1.041759 ], [ -46.347532, -1.063029 ], [ -46.348162, -1.071325 ], [ -46.343142, -1.074797 ], [ -46.338085, -1.071323 ], [ -46.332223, -1.073576 ], [ -46.319425, -1.071438 ], [ -46.305143, -1.083994 ], [ -46.303277, -1.079312 ], [ -46.312645, -1.069817 ], [ -46.332998, -1.068836 ], [ -46.332891, -1.061468 ], [ -46.324313, -1.053524 ], [ -46.319369, -1.039762 ], [ -46.320203, -1.021703 ], [ -46.316887, -1.013988 ], [ -46.31039, -1.014806 ], [ -46.298168, -1.026752 ], [ -46.296891, -1.046644 ], [ -46.300642, -1.054828 ], [ -46.296782, -1.054182 ], [ -46.293087, -1.04781 ], [ -46.283394, -1.047563 ], [ -46.292924, -1.041122 ], [ -46.290889, -1.035131 ], [ -46.294225, -1.019679 ], [ -46.306861, -1.009071 ], [ -46.29673, -0.99337 ], [ -46.289528, -0.999708 ], [ -46.271389, -0.991223 ], [ -46.26731, -0.995802 ], [ -46.26611, -0.982428 ], [ -46.276672, -0.987794 ], [ -46.286667, -0.982314 ], [ -46.272087, -0.964947 ], [ -46.273973, -0.961904 ], [ -46.267781, -0.942675 ], [ -46.261085, -0.943897 ], [ -46.263919, -0.938337 ], [ -46.260832, -0.936397 ], [ -46.25345, -0.947351 ], [ -46.257641, -0.932967 ], [ -46.242981, -0.928147 ], [ -46.256335, -0.926511 ], [ -46.262085, -0.931146 ], [ -46.269285, -0.928716 ], [ -46.264665, -0.91747 ], [ -46.250859, -0.911749 ], [ -46.246894, -0.91328 ], [ -46.244476, -0.91013 ], [ -46.24139, -0.911763 ], [ -46.241276, -0.906188 ], [ -46.224448, -0.907444 ], [ -46.213445, -0.896282 ], [ -46.21393, -0.889671 ], [ -46.204251, -0.886002 ], [ -46.189697, -0.894046 ], [ -46.185221, -0.903148 ], [ -46.186693, -0.932917 ], [ -46.201968, -0.928615 ], [ -46.209725, -0.929814 ], [ -46.210616, -0.941178 ], [ -46.220172, -0.951674 ], [ -46.202304, -0.950157 ], [ -46.20114, -0.964553 ], [ -46.218141, -0.975014 ], [ -46.229388, -0.967611 ], [ -46.221277, -0.97855 ], [ -46.224618, -0.987144 ], [ -46.232112, -0.982609 ], [ -46.236557, -0.991526 ], [ -46.252033, -0.997344 ], [ -46.233671, -0.996002 ], [ -46.221253, -0.989367 ], [ -46.218204, -0.979844 ], [ -46.214645, -0.979324 ], [ -46.214808, -0.990176 ], [ -46.218585, -0.996719 ], [ -46.215922, -1.012958 ], [ -46.222336, -1.020797 ], [ -46.210444, -1.019522 ], [ -46.206199, -1.039495 ], [ -46.208642, -1.0583 ], [ -46.218393, -1.060494 ], [ -46.228782, -1.070636 ], [ -46.247584, -1.106225 ], [ -46.261386, -1.122728 ], [ -46.259363, -1.138434 ], [ -46.272378, -1.15441 ], [ -46.276581, -1.168777 ], [ -46.272415, -1.17163 ], [ -46.26734, -1.160021 ], [ -46.25312, -1.149754 ], [ -46.248832, -1.137128 ], [ -46.242646, -1.132182 ], [ -46.242476, -1.118409 ], [ -46.229563, -1.094841 ], [ -46.193635, -1.066031 ], [ -46.186088, -1.048361 ], [ -46.186586, -1.017144 ], [ -46.179809, -1.000192 ], [ -46.171175, -0.992484 ], [ -46.161195, -0.995632 ], [ -46.15526, -1.003158 ], [ -46.160864, -1.013821 ], [ -46.155808, -1.023906 ], [ -46.158194, -1.039823 ], [ -46.155699, -1.04935 ], [ -46.159614, -1.056245 ], [ -46.161191, -1.057209 ], [ -46.171861, -1.071175 ], [ -46.184644, -1.110147 ], [ -46.204975, -1.131212 ], [ -46.201031, -1.134807 ], [ -46.198643, -1.130166 ], [ -46.183754, -1.127698 ], [ -46.171584, -1.145962 ], [ -46.172304, -1.155101 ], [ -46.165954, -1.154511 ], [ -46.166091, -1.150722 ], [ -46.181673, -1.119493 ], [ -46.174116, -1.112866 ], [ -46.165363, -1.083101 ], [ -46.157948, -1.08 ], [ -46.150806, -1.100641 ], [ -46.148506, -1.124898 ], [ -46.154056, -1.135216 ], [ -46.148451, -1.134868 ], [ -46.145004, -1.12012 ], [ -46.139331, -1.121476 ], [ -46.146089, -1.114426 ], [ -46.146336, -1.092216 ], [ -46.150669, -1.073949 ], [ -46.136974, -1.057275 ], [ -46.104195, -1.040817 ], [ -46.096083, -1.039741 ], [ -46.089671, -1.032236 ], [ -46.092253, -1.026796 ], [ -46.086864, -1.018694 ], [ -46.081751, -1.015858 ], [ -46.072526, -1.01821 ], [ -46.07117, -1.032405 ], [ -46.094421, -1.051383 ], [ -46.100309, -1.070605 ], [ -46.088059, -1.089886 ], [ -46.08989, -1.09378 ], [ -46.083363, -1.091827 ], [ -46.075308, -1.100495 ], [ -46.072891, -1.110531 ], [ -46.086727, -1.134064 ], [ -46.086692, -1.157327 ], [ -46.097757, -1.195704 ], [ -46.103744, -1.201727 ], [ -46.112358, -1.196458 ], [ -46.130105, -1.20635 ], [ -46.142043, -1.219068 ], [ -46.145512, -1.22678 ], [ -46.137004, -1.242527 ], [ -46.139629, -1.252766 ], [ -46.153521, -1.269143 ], [ -46.139779, -1.298972 ], [ -46.126025, -1.298594 ], [ -46.118691, -1.304486 ], [ -46.123021, -1.318948 ], [ -46.121189, -1.323813 ], [ -46.11464, -1.326119 ], [ -46.098788, -1.322926 ], [ -46.094859, -1.326769 ], [ -46.098189, -1.334496 ], [ -46.10351, -1.338796 ], [ -46.107056, -1.356331 ], [ -46.120565, -1.368718 ], [ -46.124345, -1.377427 ], [ -46.131119, -1.400035 ], [ -46.146773, -1.414931 ], [ -46.145858, -1.419153 ], [ -46.12943, -1.429077 ], [ -46.132764, -1.436959 ], [ -46.169126, -1.469994 ], [ -46.159441, -1.479722 ], [ -46.15637, -1.492197 ], [ -46.148779, -1.497702 ], [ -46.139286, -1.513952 ], [ -46.137341, -1.544521 ], [ -46.133156, -1.553237 ], [ -46.130873, -1.578195 ], [ -46.149191, -1.587626 ], [ -46.150006, -1.594492 ], [ -46.149643, -1.59491 ], [ -46.144333, -1.601229 ], [ -46.14427, -1.609217 ], [ -46.159849, -1.624116 ], [ -46.161337, -1.62848 ], [ -46.161418, -1.630249 ], [ -46.158475, -1.653494 ], [ -46.152798, -1.66116 ], [ -46.153259, -1.677271 ], [ -46.170064, -1.696024 ], [ -46.190745, -1.703615 ], [ -46.200438, -1.702784 ], [ -46.203716, -1.719286 ], [ -46.220665, -1.727723 ], [ -46.242329, -1.716903 ], [ -46.261292, -1.728384 ], [ -46.290752, -1.723059 ], [ -46.304682, -1.727372 ], [ -46.310876, -1.733193 ], [ -46.314285, -1.741297 ], [ -46.323565, -1.765185 ], [ -46.318855, -1.790348 ], [ -46.315227, -1.798489 ], [ -46.314737, -1.79959 ], [ -46.310716, -1.803524 ], [ -46.30659, -1.80392 ], [ -46.297529, -1.794295 ], [ -46.282541, -1.79863 ], [ -46.268753, -1.793726 ], [ -46.251347, -1.793737 ], [ -46.228915, -1.80024 ], [ -46.215443, -1.816564 ], [ -46.208208, -1.830526 ], [ -46.214858, -1.844478 ], [ -46.226839, -1.855281 ], [ -46.242861, -1.877532 ], [ -46.242153, -1.88338 ], [ -46.238331, -1.885741 ], [ -46.229776, -1.883389 ], [ -46.227163, -1.885946 ], [ -46.220038, -1.914454 ], [ -46.230303, -1.932939 ], [ -46.236226, -1.970885 ], [ -46.247395, -1.992384 ], [ -46.239849, -2.001778 ], [ -46.238895, -2.011117 ], [ -46.249124, -2.039386 ], [ -46.249443, -2.049965 ], [ -46.262253, -2.055962 ], [ -46.262762, -2.070299 ], [ -46.267248, -2.080503 ], [ -46.259546, -2.093388 ], [ -46.259054, -2.101408 ], [ -46.262553, -2.12109 ], [ -46.292433, -2.148282 ], [ -46.285296, -2.153658 ], [ -46.275038, -2.155844 ], [ -46.275493, -2.158348 ], [ -46.288025, -2.169242 ], [ -46.311872, -2.180391 ], [ -46.32939, -2.197911 ], [ -46.336342, -2.211314 ], [ -46.341787, -2.22678 ], [ -46.361257, -2.23354 ], [ -46.370767, -2.247605 ], [ -46.377419, -2.253123 ], [ -46.38994, -2.252227 ], [ -46.406518, -2.231877 ], [ -46.427798, -2.239371 ], [ -46.425847, -2.249835 ], [ -46.41635, -2.257948 ], [ -46.41364, -2.264581 ], [ -46.413656, -2.280052 ], [ -46.418796, -2.291099 ], [ -46.430274, -2.30258 ], [ -46.429096, -2.331314 ], [ -46.460508, -2.359572 ], [ -46.465497, -2.368997 ], [ -46.465351, -2.37327 ], [ -46.455555, -2.383741 ], [ -46.443781, -2.379628 ], [ -46.425504, -2.360492 ], [ -46.411321, -2.360949 ], [ -46.407104, -2.368321 ], [ -46.419491, -2.382601 ], [ -46.4266, -2.399244 ], [ -46.439713, -2.41244 ], [ -46.437482, -2.441241 ], [ -46.439327, -2.448002 ], [ -46.43632, -2.458761 ], [ -46.431492, -2.459945 ], [ -46.436088, -2.47028 ], [ -46.439358, -2.478208 ] ], [ [ -48.440674, -3.265519 ], [ -48.434903, -3.262895 ], [ -48.440674, -3.265518 ], [ -48.440674, -3.265519 ] ], [ [ -47.740282, -2.529948 ], [ -47.737065, -2.525004 ], [ -47.737066, -2.525004 ], [ -47.740282, -2.529948 ] ] ], [ [ [ -47.840307, -0.668732 ], [ -47.84245, -0.666154 ], [ -47.841255, -0.657672 ], [ -47.833058, -0.653751 ], [ -47.831336, -0.658937 ], [ -47.836526, -0.661228 ], [ -47.836924, -0.666389 ], [ -47.840307, -0.668732 ] ] ], [ [ [ -47.032226, -0.717969 ], [ -47.042974, -0.721999 ], [ -47.041534, -0.717633 ], [ -47.032226, -0.717969 ] ] ], [ [ [ -47.005032, -0.700325 ], [ -47.033499, -0.707926 ], [ -47.034251, -0.69183 ], [ -47.023613, -0.691456 ], [ -47.02314, -0.696671 ], [ -47.013674, -0.694467 ], [ -47.005032, -0.700325 ] ] ], [ [ [ -46.075081, -1.066832 ], [ -46.070701, -1.069059 ], [ -46.060535, -1.094347 ], [ -46.066249, -1.104834 ], [ -46.069091, -1.096967 ], [ -46.084584, -1.081717 ], [ -46.088282, -1.073064 ], [ -46.090333, -1.068572 ], [ -46.087918, -1.060935 ], [ -46.081753, -1.057792 ], [ -46.072112, -1.061216 ], [ -46.075081, -1.066832 ] ] ], [ [ [ -46.435727, -1.009326 ], [ -46.446057, -1.010005 ], [ -46.450534, -1.009074 ], [ -46.437255, -1.001091 ], [ -46.434977, -1.003308 ], [ -46.435727, -1.009326 ] ] ], [ [ [ -46.382862, -0.993954 ], [ -46.374145, -0.987194 ], [ -46.37039, -0.991058 ], [ -46.375311, -0.996045 ], [ -46.374916, -1.011085 ], [ -46.380833, -1.012973 ], [ -46.384394, -0.999992 ], [ -46.382862, -0.993954 ] ] ], [ [ [ -46.475, -0.9642 ], [ -46.468834, -0.957694 ], [ -46.465057, -0.959508 ], [ -46.468003, -0.96396 ], [ -46.475, -0.9642 ] ] ], [ [ [ -46.402063, -0.932635 ], [ -46.395897, -0.942958 ], [ -46.404562, -0.957212 ], [ -46.407198, -0.955641 ], [ -46.41181, -0.970587 ], [ -46.437056, -0.986217 ], [ -46.436005, -0.978388 ], [ -46.433282, -0.966654 ], [ -46.414031, -0.944584 ], [ -46.415999, -0.932217 ], [ -46.408, -0.929715 ], [ -46.402063, -0.932635 ] ] ], [ [ [ -46.36206, -0.960068 ], [ -46.366633, -0.961366 ], [ -46.366105, -0.950054 ], [ -46.360893, -0.951062 ], [ -46.365848, -0.956317 ], [ -46.36206, -0.960068 ] ] ], [ [ [ -46.326684, -0.950271 ], [ -46.322644, -0.944924 ], [ -46.31655, -0.946104 ], [ -46.315384, -0.950059 ], [ -46.322386, -0.951187 ], [ -46.318283, -0.953857 ], [ -46.323172, -0.956235 ], [ -46.326684, -0.950271 ] ] ], [ [ [ -46.206395, -0.940773 ], [ -46.202722, -0.936341 ], [ -46.19789, -0.939698 ], [ -46.206395, -0.940773 ] ] ], [ [ [ -46.267113, -0.936481 ], [ -46.270146, -0.933478 ], [ -46.26578, -0.932859 ], [ -46.267113, -0.936481 ] ] ], [ [ [ -46.601301, -0.859374 ], [ -46.60816, -0.858879 ], [ -46.606458, -0.853285 ], [ -46.601313, -0.854274 ], [ -46.601301, -0.859374 ] ] ], [ [ [ -46.600917, -0.831288 ], [ -46.607774, -0.830794 ], [ -46.606073, -0.825198 ], [ -46.600929, -0.826187 ], [ -46.600917, -0.831288 ] ] ], [ [ [ -47.016835, -0.713143 ], [ -47.018778, -0.717546 ], [ -47.021782, -0.715439 ], [ -47.016835, -0.713143 ] ] ] ] } },
{ "type": "Feature", "properties": { "MACRO_ID": "1512", "MACRO_NAME": "Macrorregião I", "id": "150010", "name": "Abaetetuba", "description": "Abaetetuba", "MUN_ID": "150010", "UF": "PA", "HREG_ID": "15011", "HREG_NAME": "Tocantins" }, "geometry": { "type": "Polygon", "coordinates": [ [ [ -49.483318, -3.414877 ], [ -49.586193, -3.414761 ], [ -49.589392, -3.414753 ], [ -49.590408, -3.414751 ], [ -49.602473, -3.41742 ], [ -49.609807, -3.426533 ], [ -49.612465, -3.44558 ], [ -49.610544, -3.453837 ], [ -49.608588, -3.472641 ], [ -49.597168, -3.512743 ], [ -49.601134, -3.519272 ], [ -49.610722, -3.520417 ], [ -49.617146, -3.513394 ], [ -49.620634, -3.513862 ], [ -49.626748, -3.517424 ], [ -49.628529, -3.52132 ], [ -49.626109, -3.523211 ], [ -49.636861, -3.52951 ], [ -49.63753, -3.524898 ], [ -49.656862, -3.528893 ], [ -49.662414, -3.534798 ], [ -49.668642, -3.554199 ], [ -49.666696, -3.564686 ], [ -49.67192, -3.582719 ], [ -49.685003, -3.591296 ], [ -49.694918, -3.594057 ], [ -49.700975, -3.590937 ], [ -49.713665, -3.592349 ], [ -49.726413, -3.59911 ], [ -49.74697, -3.593865 ], [ -49.760088, -3.602903 ], [ -49.76272, -3.61169 ], [ -49.77044, -3.61978 ], [ -49.782025, -3.625723 ], [ -49.803837, -3.625105 ], [ -49.818111, -3.632134 ], [ -49.829475, -3.632114 ], [ -49.830044, -3.632455 ], [ -49.843554, -3.645673 ], [ -49.854558, -3.642918 ], [ -49.860497, -3.645119 ], [ -49.866115, -3.656726 ], [ -49.874889, -3.665375 ], [ -49.890503, -3.659653 ], [ -49.909055, -3.659929 ], [ -49.926652, -3.668429 ], [ -49.93939, -3.665968 ], [ -49.953694, -3.673176 ], [ -49.956338, -3.666045 ], [ -49.965085, -3.66058 ], [ -49.936056, -3.650291 ], [ -49.940337, -3.641252 ], [ -49.933693, -3.633628 ], [ -49.926055, -3.632411 ], [ -49.928635, -3.617122 ], [ -49.915361, -3.606834 ], [ -49.900756, -3.59219 ], [ -49.891311, -3.588531 ], [ -49.885806, -3.589586 ], [ -49.880004, -3.598969 ], [ -49.87586, -3.59813 ], [ -49.874865, -3.578848 ], [ -49.869559, -3.57602 ], [ -49.858393, -3.579046 ], [ -49.846863, -3.575277 ], [ -49.8257, -3.55797 ], [ -49.805472, -3.532714 ], [ -49.808497, -3.518522 ], [ -49.818699, -3.515492 ], [ -49.817387, -3.508975 ], [ -49.802803, -3.500024 ], [ -49.803002, -3.489362 ], [ -49.807802, -3.480663 ], [ -49.816254, -3.475984 ], [ -49.815724, -3.467908 ], [ -49.823639, -3.454513 ], [ -49.836172, -3.446891 ], [ -49.838589, -3.421005 ], [ -49.835056, -3.415902 ], [ -49.834029, -3.403739 ], [ -49.848031, -3.394677 ], [ -49.852914, -3.391906 ], [ -49.8662, -3.393361 ], [ -49.871867, -3.385231 ], [ -49.902554, -3.367372 ], [ -49.907997, -3.35299 ], [ -49.908139, -3.325306 ], [ -49.918751, -3.328563 ], [ -49.93244, -3.323511 ], [ -49.968973, -3.31926 ], [ -49.979028, -3.324769 ], [ -49.999979, -3.324058 ], [ -50.00597, -3.33122 ], [ -50.018032, -3.321235 ], [ -50.027664, -3.320291 ], [ -50.041866, -3.309963 ], [ -50.05567, -3.307592 ], [ -50.069304, -3.300428 ], [ -50.079144, -3.282918 ], [ -50.097948, -3.271794 ], [ -50.112722, -3.269243 ], [ -50.156252, -3.300093 ], [ -50.169885, -3.292836 ], [ -50.192338, -3.272852 ], [ -50.203475, -3.244846 ], [ -50.20919, -3.23718 ], [ -50.217502, -3.235416 ], [ -50.221332, -3.240501 ], [ -50.228944, -3.233482 ], [ -50.238197, -3.242135 ], [ -50.248001, -3.243004 ], [ -50.245859, -3.252857 ], [ -50.251972, -3.256968 ], [ -50.250304, -3.267647 ], [ -50.254858, -3.273917 ], [ -50.272585, -3.281169 ], [ -50.281197, -3.288457 ], [ -50.282201, -3.301139 ], [ -50.289007, -3.30761 ], [ -50.324445, -3.316397 ], [ -50.320997, -3.321448 ], [ -50.32878, -3.350736 ], [ -50.339666, -3.351337 ], [ -50.343338, -3.360863 ], [ -50.355561, -3.365096 ], [ -50.362472, -3.384059 ], [ -50.373951, -3.380321 ], [ -50.380643, -3.390672 ], [ -50.391969, -3.394089 ], [ -50.397999, -3.400905 ], [ -50.422522, -3.412715 ], [ -50.432476, -3.405342 ], [ -50.43614, -3.395038 ], [ -50.47522, -3.398413 ], [ -50.476276, -3.402678 ], [ -50.483833, -3.405523 ], [ -50.486944, -3.416039 ], [ -50.495947, -3.417446 ], [ -50.485476, -3.457956 ], [ -50.596558, -3.470591 ], [ -50.737026, -3.486554 ], [ -50.808502, -3.494669 ], [ -50.80486, -3.488497 ], [ -50.813533, -3.460598 ], [ -50.808612, -3.448427 ], [ -50.810948, -3.427674 ], [ -50.824783, -3.402159 ], [ -50.832333, -3.374822 ], [ -50.840499, -3.367978 ], [ -50.839057, -3.343618 ], [ -50.833916, -3.333261 ], [ -50.846362, -3.295789 ], [ -50.864167, -3.278887 ], [ -50.871247, -3.276598 ], [ -50.885086, -3.264442 ], [ -50.89175, -3.263259 ], [ -50.89861, -3.255046 ], [ -50.915502, -3.248677 ], [ -50.935755, -3.230812 ], [ -50.936693, -3.221087 ], [ -50.933777, -3.221423 ], [ -50.931088, -3.215038 ], [ -50.951031, -3.200983 ], [ -50.948421, -3.192432 ], [ -50.965362, -3.189114 ], [ -50.968469, -3.169605 ], [ -50.979777, -3.154394 ], [ -50.975392, -3.149071 ], [ -50.972279, -3.124281 ], [ -50.974724, -3.121984 ], [ -50.996859, -3.124017 ], [ -51.000002, -3.129101 ], [ -51.010027, -3.128528 ], [ -51.016256, -3.111077 ], [ -51.029721, -3.105344 ], [ -51.055196, -3.109442 ], [ -51.072165, -3.10481 ], [ -51.082166, -3.106131 ], [ -51.100163, -3.127506 ], [ -51.113832, -3.136098 ], [ -51.146245, -3.115661 ], [ -51.197309, -3.06818 ], [ -51.192388, -3.064707 ], [ -51.186252, -3.068836 ], [ -51.169664, -3.06527 ], [ -51.165388, -3.059605 ], [ -51.166274, -3.051504 ], [ -51.154864, -3.041691 ], [ -51.154663, -3.026075 ], [ -51.150913, -3.021871 ], [ -51.209866, -2.999109 ], [ -51.236779, -2.974398 ], [ -51.248584, -2.972693 ], [ -51.266667, -2.960697 ], [ -51.274973, -2.958919 ], [ -51.304614, -2.931646 ], [ -51.3165, -2.933934 ], [ -51.318141, -2.943351 ], [ -51.324308, -2.944704 ], [ -51.350812, -2.914555 ], [ -51.362445, -2.910779 ], [ -51.393971, -2.891584 ], [ -51.398554, -2.885595 ], [ -51.397358, -2.876909 ], [ -51.410303, -2.87253 ], [ -51.407804, -2.86387 ], [ -51.416414, -2.838031 ], [ -51.430718, -2.820933 ], [ -51.434562, -2.806396 ], [ -51.44, -2.807473 ], [ -51.441247, -2.80464 ], [ -51.440112, -2.78961 ], [ -51.443722, -2.770944 ], [ -51.458055, -2.771852 ], [ -51.472056, -2.760814 ], [ -51.5035, -2.746045 ], [ -51.527472, -2.743971 ], [ -51.551305, -2.752227 ], [ -51.571586, -2.765125 ], [ -51.635256, -2.767007 ], [ -51.644056, -2.769203 ], [ -51.661975, -2.781113 ], [ -51.684472, -2.779204 ], [ -51.698914, -2.79398 ], [ -51.713665, -2.792807 ], [ -51.719443, -2.795947 ], [ -51.733943, -2.813679 ], [ -51.747831, -2.845142 ], [ -51.754765, -2.836352 ], [ -51.801354, -2.721598 ], [ -51.8184, -2.699179 ], [ -51.833418, -2.657079 ], [ -51.839611, -2.627606 ], [ -51.856163, -2.590833 ], [ -51.858725, -2.571299 ], [ -51.853998, -2.552113 ], [ -51.847778, -2.523986 ], [ -51.847921, -2.508045 ], [ -51.85753, -2.482329 ], [ -51.874886, -2.457495 ], [ -51.88131, -2.432289 ], [ -51.878418, -2.418321 ], [ -51.86117, -2.386482 ], [ -51.861784, -2.372736 ], [ -51.877198, -2.352968 ], [ -51.90408, -2.338652 ], [ -51.920087, -2.331187 ], [ -51.924612, -2.322978 ], [ -51.921992, -2.278555 ], [ -51.93414, -2.261697 ], [ -51.939164, -2.256732 ], [ -51.939169, -2.1743 ], [ -51.93917, -2.107376 ], [ -51.915886, -2.073878 ], [ -51.908888, -2.043311 ], [ -51.905389, -2.003087 ], [ -51.886137, -1.97424 ], [ -51.874195, -1.944211 ], [ -51.875861, -1.932373 ], [ -51.881891, -1.926054 ], [ -51.911115, -1.916944 ], [ -51.942749, -1.889624 ], [ -51.962892, -1.880527 ], [ -51.96695, -1.853731 ], [ -51.963847, -1.828489 ], [ -51.96307, -1.825215 ], [ -51.96628, -1.825271 ], [ -51.977996, -1.803057 ], [ -51.985277, -1.778863 ], [ -51.989585, -1.742624 ], [ -51.983581, -1.725615 ], [ -51.985612, -1.700635 ], [ -51.963225, -1.675087 ], [ -51.960421, -1.658319 ], [ -51.951581, -1.646234 ], [ -51.957584, -1.639036 ], [ -51.957801, -1.628118 ], [ -51.96994, -1.619915 ], [ -51.970441, -1.615034 ], [ -51.966469, -1.605367 ], [ -51.955774, -1.597016 ], [ -51.956274, -1.591394 ], [ -51.968971, -1.590267 ], [ -51.993084, -1.598515 ], [ -52.015142, -1.597856 ], [ -52.024745, -1.596289 ], [ -52.0547, -1.600768 ], [ -52.091995, -1.606518 ], [ -52.104527, -1.604513 ], [ -52.138809, -1.607837 ], [ -52.201209, -1.603056 ], [ -52.210334, -1.597017 ], [ -52.239262, -1.546796 ], [ -52.251415, -1.503709 ], [ -52.229784, -1.485674 ], [ -52.111109, -1.469794 ], [ -52.061362, -1.449339 ], [ -51.990663, -1.434745 ], [ -51.97092, -1.41818 ], [ -51.955358, -1.405611 ], [ -51.903977, -1.345182 ], [ -51.890473, -1.309124 ], [ -51.886865, -1.271868 ], [ -51.875299, -1.263228 ], [ -51.859667, -1.239762 ], [ -51.815856, -1.216824 ], [ -51.790247, -1.198256 ], [ -51.782531, -1.183513 ], [ -51.777783, -1.154031 ], [ -51.777945, -1.140059 ], [ -51.778918, -1.137239 ], [ -51.74746, -1.106866 ], [ -51.699973, -1.062858 ], [ -51.686777, -1.035657 ], [ -51.685193, -1.01251 ], [ -51.68931, -0.997235 ], [ -51.695136, -0.924367 ], [ -51.691908, -0.899777 ], [ -51.687752, -0.822855 ], [ -51.683129, -0.797094 ], [ -51.665028, -0.761545 ], [ -51.595083, -0.650088 ], [ -51.511513, -0.563551 ], [ -51.502634, -0.555618 ], [ -51.48625, -0.54526 ], [ -51.457337, -0.512884 ], [ -51.432027, -0.472994 ], [ -51.420274, -0.428645 ], [ -51.406823, -0.416998 ], [ -51.362054, -0.36776 ], [ -51.361424, -0.35785 ], [ -51.354314, -0.32069 ], [ -51.3455, -0.29576 ], [ -51.327627, -0.268633 ], [ -51.301655, -0.251348 ], [ -51.289145, -0.22773 ], [ -51.265257, -0.195109 ], [ -51.215913, -0.118266 ], [ -51.174449, -0.104188 ], [ -51.142911, -0.100933 ], [ -51.117945, -0.097191 ], [ -51.096585, -0.088013 ], [ -51.084469, -0.087194 ], [ -51.065225, -0.07588 ], [ -51.029144, -0.027929 ], [ -51.007027, 0.0 ], [ -51.000025, 0.0 ], [ -50.996464, 0.003797 ], [ -50.984668, 0.029766 ], [ -50.974385, 0.042139 ], [ -50.933721, 0.070026 ], [ -50.910581, 0.079063 ], [ -50.907626, 0.079824 ], [ -50.803071, 0.106668 ], [ -50.751523, 0.12647 ], [ -50.707141, 0.156335 ], [ -50.675216, 0.179523 ], [ -50.644376, 0.209093 ], [ -50.623155, 0.23212 ], [ -50.599222, 0.249701 ], [ -50.555703, 0.307061 ], [ -50.523447, 0.372734 ], [ -50.503555, 0.43543 ], [ -50.485545, 0.459247 ], [ -50.475764, 0.481842 ], [ -50.46682, 0.531264 ], [ -50.451875, 0.571303 ], [ -50.436102, 0.600448 ], [ -50.409417, 0.623685 ], [ -50.346793, 0.667186 ], [ -50.314197, 0.678356 ], [ -50.247383, 0.692239 ], [ -50.197564, 0.701236 ], [ -50.15653, 0.70552 ], [ -50.093472, 0.702433 ], [ -50.091612, 0.647522 ], [ -50.059007, 0.616759 ], [ -50.040361, 0.573879 ], [ -50.035111, 0.5092 ], [ -50.043057, 0.486494 ], [ -50.050055, 0.400106 ], [ -50.05208, 0.372606 ], [ -50.06081, 0.338774 ], [ -50.014584, 0.333613 ], [ -49.984385, 0.323571 ], [ -49.97772, 0.324655 ], [ -49.972198, 0.319318 ], [ -49.966808, 0.320946 ], [ -49.957668, 0.331619 ], [ -49.945723, 0.321576 ], [ -49.93525, 0.31859 ], [ -49.930017, 0.320726 ], [ -49.915723, 0.312798 ], [ -49.902895, 0.311349 ], [ -49.847306, 0.334682 ], [ -49.841089, 0.340199 ], [ -49.837424, 0.340017 ], [ -49.827611, 0.326719 ], [ -49.813864, 0.334225 ], [ -49.795698, 0.337388 ], [ -49.782618, 0.33594 ], [ -49.762722, 0.349415 ], [ -49.75228, 0.337744 ], [ -49.753469, 0.332499 ], [ -49.738546, 0.322894 ], [ -49.733251, 0.32707 ], [ -49.745281, 0.341362 ], [ -49.741721, 0.349863 ], [ -49.733886, 0.352848 ], [ -49.734004, 0.348958 ], [ -49.729612, 0.349229 ], [ -49.723555, 0.356012 ], [ -49.713253, 0.355015 ], [ -49.7082, 0.359809 ], [ -49.677196, 0.366317 ], [ -49.665775, 0.354015 ], [ -49.659973, 0.352747 ], [ -49.666551, 0.345151 ], [ -49.662005, 0.344244 ], [ -49.653973, 0.349581 ], [ -49.649637, 0.342887 ], [ -49.64192, 0.342253 ], [ -49.633445, 0.332755 ], [ -49.634111, 0.329498 ], [ -49.615281, 0.313397 ], [ -49.601088, 0.266995 ], [ -49.589224, 0.249569 ], [ -49.561859, 0.20332 ], [ -49.518688, 0.143438 ], [ -49.481781, 0.087456 ], [ -49.457582, 0.065298 ], [ -49.448419, 0.070634 ], [ -49.434891, 0.068101 ], [ -49.429277, 0.061136 ], [ -49.425225, 0.062041 ], [ -49.417805, 0.057428 ], [ -49.416333, 0.052905 ], [ -49.390615, 0.046214 ], [ -49.382998, 0.033009 ], [ -49.388694, 0.023062 ], [ -49.397947, 0.020891 ], [ -49.396528, 0.016099 ], [ -49.378363, 0.012752 ], [ -49.36717, 0.0 ], [ -49.223254, -0.064116 ], [ -49.174556, -0.085805 ], [ -49.084507, -0.125901 ], [ -49.007775, -0.160057 ], [ -48.999612, -0.181578 ], [ -48.972548, -0.197696 ], [ -48.954006, -0.206151 ], [ -48.930277, -0.225576 ], [ -48.915628, -0.231217 ], [ -48.913142, -0.232776 ], [ -48.903256, -0.227756 ], [ -48.898052, -0.230231 ], [ -48.896277, -0.222961 ], [ -48.876003, -0.21927 ], [ -48.844698, -0.218251 ], [ -48.831392, -0.22183 ], [ -48.825089, -0.218865 ], [ -48.815169, -0.222005 ], [ -48.806609, -0.218569 ], [ -48.792415, -0.219654 ], [ -48.784526, -0.223263 ], [ -48.774782, -0.240013 ], [ -48.763976, -0.240197 ], [ -48.745449, -0.25034 ], [ -48.717276, -0.252282 ], [ -48.702415, -0.256771 ], [ -48.694747, -0.252885 ], [ -48.676278, -0.253276 ], [ -48.677194, -0.249655 ], [ -48.66889, -0.244861 ], [ -48.637389, -0.231604 ], [ -48.606084, -0.230358 ], [ -48.597279, -0.234865 ], [ -48.587389, -0.231656 ], [ -48.567778, -0.235437 ], [ -48.566859, -0.239517 ], [ -48.559862, -0.241764 ], [ -48.552003, -0.235612 ], [ -48.535086, -0.24009 ], [ -48.518414, -0.237759 ], [ -48.508055, -0.244076 ], [ -48.47228, -0.231484 ], [ -48.44025, -0.243614 ], [ -48.425331, -0.256032 ], [ -48.41183, -0.256889 ], [ -48.405504, -0.26118 ], [ -48.39984, -0.271367 ], [ -48.392391, -0.276782 ], [ -48.384448, -0.29738 ], [ -48.390061, -0.362925 ], [ -48.394746, -0.37111 ], [ -48.433389, -0.402992 ], [ -48.444109, -0.424575 ], [ -48.456784, -0.473365 ], [ -48.47217, -0.498718 ], [ -48.235666, -0.581381 ], [ -48.234504, -0.593841 ], [ -48.239608, -0.609729 ], [ -48.256168, -0.639946 ], [ -48.260333, -0.673065 ], [ -48.27017, -0.688294 ], [ -48.289026, -0.704462 ], [ -48.292834, -0.713087 ], [ -48.29889, -0.719468 ], [ -48.3275, -0.77739 ], [ -48.344753, -0.8009 ], [ -48.362439, -0.834119 ], [ -48.372263, -0.853741 ], [ -48.394226, -0.888805 ], [ -48.415534, -0.916728 ], [ -48.418618, -0.922537 ], [ -48.437178, -0.97636 ], [ -48.439114, -0.978496 ], [ -48.438866, -0.982125 ], [ -48.450004, -0.999777 ], [ -48.469053, -1.019074 ], [ -48.323335, -1.059306 ], [ -48.315476, -1.081982 ], [ -48.301388, -1.105998 ], [ -48.292782, -1.10477 ], [ -48.276306, -1.108635 ], [ -48.241278, -1.088715 ], [ -48.232924, -1.093377 ], [ -48.233333, -1.103629 ], [ -48.22756, -1.106246 ], [ -48.224117, -1.112102 ], [ -48.227973, -1.119699 ], [ -48.22025, -1.126901 ], [ -48.22639, -1.13402 ], [ -48.217753, -1.136172 ], [ -48.216174, -1.144151 ], [ -48.19492, -1.145746 ], [ -48.187197, -1.153 ], [ -48.168175, -1.153517 ], [ -48.162009, -1.159495 ], [ -48.15203, -1.166252 ], [ -48.146193, -1.19026 ], [ -48.137063, -1.199571 ], [ -48.202939, -1.237075 ], [ -48.206982, -1.256822 ], [ -48.217369, -1.307564 ], [ -48.225384, -1.346733 ], [ -48.225548, -1.347534 ], [ -48.230311, -1.380721 ], [ -48.245018, -1.39886 ], [ -48.230754, -1.413668 ], [ -48.230972, -1.419905 ], [ -48.236944, -1.431996 ], [ -48.25476, -1.445322 ], [ -48.259861, -1.466383 ], [ -48.292588, -1.470183 ], [ -48.306532, -1.470804 ], [ -48.323275, -1.466405 ], [ -48.331322, -1.46659 ], [ -48.33405, -1.470653 ], [ -48.35456, -1.470322 ], [ -48.362664, -1.475816 ], [ -48.372449, -1.4896 ], [ -48.38778, -1.493665 ], [ -48.402919, -1.505242 ], [ -48.41647, -1.509859 ], [ -48.434943, -1.509815 ], [ -48.453223, -1.519972 ], [ -48.464055, -1.522196 ], [ -48.478057, -1.517434 ], [ -48.496166, -1.502879 ], [ -48.499334, -1.504435 ], [ -48.49992, -1.517823 ], [ -48.505838, -1.526228 ], [ -48.507472, -1.530176 ], [ -48.499826, -1.544576 ], [ -48.481544, -1.567963 ], [ -48.456164, -1.620196 ], [ -48.454253, -1.622869 ], [ -48.439361, -1.649108 ], [ -48.441061, -1.655476 ], [ -48.437779, -1.661912 ], [ -48.444115, -1.677656 ], [ -48.443137, -1.712449 ], [ -48.437247, -1.744039 ], [ -48.451508, -1.771996 ], [ -48.452562, -1.801075 ], [ -48.466748, -1.820481 ], [ -48.470766, -1.831465 ], [ -48.464527, -1.875259 ], [ -48.471574, -1.892964 ], [ -48.489569, -1.906835 ], [ -48.50289, -1.928684 ], [ -48.511043, -1.951118 ], [ -48.509643, -1.958216 ], [ -48.50956, -1.958512 ], [ -48.507779, -1.97041 ], [ -48.510586, -1.977567 ], [ -48.529583, -1.992591 ], [ -48.54227, -2.021442 ], [ -48.557803, -2.028663 ], [ -48.572977, -2.042103 ], [ -48.584892, -2.046132 ], [ -48.591031, -2.064727 ], [ -48.584781, -2.076041 ], [ -48.588667, -2.089212 ], [ -48.596727, -2.09986 ], [ -48.61568, -2.111045 ], [ -48.623752, -2.124905 ], [ -48.623252, -2.142119 ], [ -48.628056, -2.153614 ], [ -48.661059, -2.168097 ], [ -48.673252, -2.186244 ], [ -48.684501, -2.19441 ], [ -48.69731, -2.19278 ], [ -48.712363, -2.198805 ], [ -48.713032, -2.207622 ], [ -48.706198, -2.218559 ], [ -48.709334, -2.236437 ], [ -48.724034, -2.25857 ], [ -48.737613, -2.257477 ], [ -48.746086, -2.261092 ], [ -48.749253, -2.270487 ], [ -48.747277, -2.287062 ], [ -48.749497, -2.294508 ], [ -48.760892, -2.305943 ], [ -48.774874, -2.309388 ], [ -48.782979, -2.316509 ], [ -48.789571, -2.330535 ], [ -48.799833, -2.368189 ], [ -48.809362, -2.387715 ], [ -48.818864, -2.388272 ], [ -48.838464, -2.379312 ], [ -48.856387, -2.38728 ], [ -48.868908, -2.439682 ], [ -48.867998, -2.469058 ], [ -48.870705, -2.476782 ], [ -48.874315, -2.485311 ], [ -48.878005, -2.499517 ], [ -48.859859, -2.534233 ], [ -48.858806, -2.572683 ], [ -48.847224, -2.586236 ], [ -48.827804, -2.601164 ], [ -48.817472, -2.580981 ], [ -48.815141, -2.56376 ], [ -48.824164, -2.535257 ], [ -48.819859, -2.519319 ], [ -48.808003, -2.500089 ], [ -48.795584, -2.49369 ], [ -48.793027, -2.476234 ], [ -48.76595, -2.449522 ], [ -48.756808, -2.432861 ], [ -48.743061, -2.4302 ], [ -48.735369, -2.429683 ], [ -48.714251, -2.417565 ], [ -48.702277, -2.407386 ], [ -48.698723, -2.398756 ], [ -48.69237, -2.399867 ], [ -48.692416, -2.411184 ], [ -48.686365, -2.430037 ], [ -48.693056, -2.431801 ], [ -48.692475, -2.441685 ], [ -48.700409, -2.447302 ], [ -48.701746, -2.460237 ], [ -48.694004, -2.467068 ], [ -48.680527, -2.459926 ], [ -48.660862, -2.464832 ], [ -48.633114, -2.455677 ], [ -48.627942, -2.450927 ], [ -48.622891, -2.4538 ], [ -48.609868, -2.462302 ], [ -48.604883, -2.474804 ], [ -48.596644, -2.480928 ], [ -48.567, -2.482825 ], [ -48.562168, -2.486289 ], [ -48.538613, -2.511166 ], [ -48.529279, -2.528512 ], [ -48.512089, -2.534282 ], [ -48.510776, -2.547059 ], [ -48.506642, -2.553056 ], [ -48.494947, -2.558588 ], [ -48.495726, -2.580269 ], [ -48.491614, -2.59109 ], [ -48.4857, -2.594629 ], [ -48.468807, -2.595833 ], [ -48.462896, -2.600921 ], [ -48.467545, -2.619286 ], [ -48.474082, -2.655567 ], [ -48.454422, -2.6882 ], [ -48.453415, -2.69598 ], [ -48.461254, -2.714587 ], [ -48.462974, -2.739639 ], [ -48.473603, -2.753175 ], [ -48.483888, -2.765598 ], [ -48.487889, -2.793138 ], [ -48.497366, -2.806964 ], [ -48.475918, -2.835391 ], [ -48.476781, -2.844647 ], [ -48.486421, -2.851321 ], [ -48.49995, -2.848639 ], [ -48.509054, -2.853455 ], [ -48.528726, -2.885671 ], [ -48.532505, -2.918657 ], [ -48.551945, -2.936459 ], [ -48.55731, -2.948866 ], [ -48.553395, -2.971174 ], [ -48.533472, -3.009267 ], [ -48.525112, -3.015337 ], [ -48.5152, -3.036262 ], [ -48.518502, -3.045192 ], [ -48.527479, -3.050659 ], [ -48.527975, -3.054018 ], [ -48.518311, -3.062882 ], [ -48.502285, -3.088717 ], [ -48.493422, -3.0943 ], [ -48.507666, -3.128519 ], [ -48.516837, -3.139694 ], [ -48.518141, -3.165384 ], [ -48.524525, -3.188242 ], [ -48.530137, -3.195302 ], [ -48.545304, -3.194023 ], [ -48.590171, -3.225153 ], [ -48.61109, -3.229605 ], [ -48.632446, -3.229212 ], [ -48.653862, -3.240994 ], [ -48.667083, -3.253671 ], [ -48.689576, -3.292801 ], [ -48.705482, -3.299474 ], [ -48.729724, -3.323614 ], [ -48.756594, -3.34315 ], [ -48.799051, -3.359026 ], [ -48.819101, -3.379698 ], [ -48.838553, -3.386615 ], [ -48.864756, -3.389804 ], [ -48.874103, -3.389043 ], [ -48.894046, -3.375212 ], [ -48.907002, -3.395126 ], [ -48.922955, -3.400897 ], [ -48.925471, -3.406675 ], [ -48.925176, -3.41257 ], [ -48.963686, -3.412151 ], [ -49.165871, -3.412874 ], [ -49.168664, -3.412892 ], [ -49.407024, -3.414464 ], [ -49.472112, -3.414883 ], [ -49.483318, -3.414877 ] ] ] } }
]
}
