{
"type": "FeatureCollection",
"name": "geojs-29-macro_regions",
"crs": { "type": "name", "properties": { "name": "urn:ogc:def:crs:OGC:1.3:CRS84" } },
"features": [
{ "type": "Feature", "properties": { "MACRO_ID": "2910", "MACRO_NAME": "Sul (NBS - Ilheus)", "id": "290060", "name": "Aiquara", "description": "Aiquara", "MUN_ID": "290060", "UF": "BA", "HREG_ID": "29015", "HREG_NAME": "Jequie" }, "geometry": { "type": "Polygon", "coordinates": [ [ [ -39.873037, -15.001459 ], [ -39.868538, -14.980289 ], [ -39.864231, -14.976323 ], [ -39.868442, -14.950353 ], [ -39.874637, -14.912099 ], [ -39.88201, -14.866488 ], [ -39.882116, -14.865848 ], [ -39.87662, -14.814493 ], [ -39.874775, -14.814991 ], [ -39.868312, -14.788634 ], [ -39.857474, -14.786845 ], [ -39.839959, -14.777892 ], [ -39.836894, -14.779472 ], [ -39.835806, -14.778548 ], [ -39.82509, -14.756606 ], [ -39.814726, -14.75227 ], [ -39.810703, -14.746866 ], [ -39.796836, -14.74446 ], [ -39.789343, -14.73063 ], [ -39.776468, -14.732944 ], [ -39.770232, -14.73365 ], [ -39.770728, -14.739853 ], [ -39.759618, -14.750506 ], [ -39.760262, -14.760514 ], [ -39.754263, -14.758869 ], [ -39.749352, -14.749611 ], [ -39.74854, -14.740906 ], [ -39.753442, -14.734916 ], [ -39.749372, -14.718394 ], [ -39.758419, -14.712005 ], [ -39.755857, -14.699003 ], [ -39.751172, -14.69506 ], [ -39.751964, -14.684526 ], [ -39.745773, -14.665845 ], [ -39.743236, -14.6629 ], [ -39.745705, -14.657576 ], [ -39.736664, -14.652191 ], [ -39.737138, -14.64742 ], [ -39.729445, -14.637679 ], [ -39.731025, -14.625447 ], [ -39.729401, -14.620232 ], [ -39.722771, -14.616534 ], [ -39.71918, -14.601678 ], [ -39.723217, -14.591482 ], [ -39.715706, -14.578795 ], [ -39.717921, -14.573383 ], [ -39.718193, -14.569087 ], [ -39.72741, -14.566595 ], [ -39.727821, -14.559815 ], [ -39.734084, -14.554503 ], [ -39.729316, -14.532611 ], [ -39.73137, -14.514594 ], [ -39.724844, -14.488504 ], [ -39.717481, -14.483717 ], [ -39.716554, -14.471727 ], [ -39.712683, -14.46998 ], [ -39.711879, -14.463506 ], [ -39.703712, -14.434486 ], [ -39.707196, -14.429468 ], [ -39.706372, -14.423164 ], [ -39.712734, -14.420053 ], [ -39.711535, -14.416043 ], [ -39.716149, -14.411832 ], [ -39.71148, -14.404661 ], [ -39.712428, -14.399919 ], [ -39.708257, -14.396856 ], [ -39.709394, -14.393971 ], [ -39.702379, -14.384293 ], [ -39.696449, -14.368714 ], [ -39.707351, -14.364289 ], [ -39.715008, -14.368506 ], [ -39.719285, -14.360078 ], [ -39.725346, -14.361437 ], [ -39.727633, -14.365329 ], [ -39.719231, -14.370205 ], [ -39.720122, -14.37513 ], [ -39.745789, -14.369794 ], [ -39.74062, -14.346881 ], [ -39.765231, -14.358444 ], [ -39.780784, -14.348452 ], [ -39.789783, -14.349826 ], [ -39.794341, -14.359065 ], [ -39.804284, -14.367074 ], [ -39.812899, -14.366172 ], [ -39.811951, -14.374851 ], [ -39.816037, -14.375168 ], [ -39.819064, -14.382206 ], [ -39.822782, -14.379483 ], [ -39.823593, -14.382612 ], [ -39.827203, -14.393615 ], [ -39.832758, -14.394687 ], [ -39.82948, -14.419772 ], [ -39.833124, -14.428796 ], [ -39.829036, -14.431772 ], [ -39.83303, -14.433003 ], [ -39.837331, -14.442343 ], [ -39.845173, -14.435997 ], [ -39.845421, -14.442493 ], [ -39.852642, -14.447236 ], [ -39.850924, -14.450155 ], [ -39.857506, -14.451495 ], [ -39.860866, -14.446547 ], [ -39.857871, -14.442082 ], [ -39.867642, -14.444157 ], [ -39.873395, -14.431904 ], [ -39.879003, -14.43484 ], [ -39.882565, -14.433029 ], [ -39.887477, -14.437294 ], [ -39.892389, -14.433439 ], [ -39.899115, -14.434054 ], [ -39.903273, -14.437539 ], [ -39.907913, -14.446804 ], [ -39.918956, -14.467473 ], [ -39.925814, -14.466185 ], [ -39.940931, -14.476932 ], [ -39.943479, -14.479391 ], [ -39.94521, -14.477181 ], [ -39.951625, -14.46655 ], [ -39.956784, -14.469975 ], [ -39.959698, -14.478023 ], [ -39.962983, -14.482851 ], [ -39.972254, -14.483256 ], [ -39.973446, -14.488106 ], [ -39.983316, -14.49344 ], [ -39.986813, -14.506571 ], [ -39.992529, -14.507196 ], [ -40.007487, -14.520906 ], [ -40.008254, -14.53133 ], [ -40.017842, -14.533032 ], [ -40.023923, -14.530249 ], [ -40.032033, -14.5389 ], [ -40.032488, -14.535493 ], [ -40.044246, -14.528259 ], [ -40.058841, -14.526855 ], [ -40.063073, -14.523136 ], [ -40.065265, -14.513584 ], [ -40.072535, -14.517356 ], [ -40.082693, -14.515976 ], [ -40.085647, -14.52263 ], [ -40.096153, -14.520686 ], [ -40.105241, -14.519822 ], [ -40.105813, -14.507942 ], [ -40.120733, -14.494799 ], [ -40.118447, -14.489673 ], [ -40.131766, -14.488421 ], [ -40.133265, -14.491616 ], [ -40.13835, -14.488347 ], [ -40.138231, -14.485842 ], [ -40.148983, -14.482898 ], [ -40.158012, -14.48547 ], [ -40.165755, -14.482034 ], [ -40.166372, -14.478429 ], [ -40.1761, -14.483142 ], [ -40.183315, -14.480072 ], [ -40.191653, -14.461536 ], [ -40.212915, -14.45127 ], [ -40.269067, -14.443112 ], [ -40.291263, -14.439883 ], [ -40.314168, -14.436549 ], [ -40.352139, -14.421576 ], [ -40.384689, -14.408732 ], [ -40.39164, -14.405906 ], [ -40.411903, -14.397666 ], [ -40.456195, -14.379641 ], [ -40.506072, -14.358768 ], [ -40.505447, -14.338018 ], [ -40.4901, -14.323895 ], [ -40.488202, -14.317621 ], [ -40.47957, -14.317058 ], [ -40.472992, -14.307742 ], [ -40.464569, -14.309937 ], [ -40.460782, -14.305076 ], [ -40.455507, -14.304861 ], [ -40.454504, -14.2999 ], [ -40.44654, -14.29703 ], [ -40.445862, -14.296614 ], [ -40.439144, -14.292492 ], [ -40.432788, -14.298095 ], [ -40.423199, -14.286034 ], [ -40.406342, -14.280651 ], [ -40.391783, -14.284406 ], [ -40.39323, -14.273818 ], [ -40.385136, -14.27204 ], [ -40.391147, -14.260956 ], [ -40.392574, -14.260373 ], [ -40.460276, -14.232956 ], [ -40.539622, -14.200804 ], [ -40.563075, -14.191238 ], [ -40.652666, -14.154816 ], [ -40.697456, -14.135372 ], [ -40.812245, -14.071049 ], [ -40.903755, -14.019661 ], [ -40.97854, -13.977752 ], [ -40.981297, -13.969639 ], [ -40.980974, -13.964051 ], [ -40.975347, -13.958361 ], [ -40.983201, -13.947243 ], [ -40.97667, -13.941168 ], [ -40.960064, -13.939172 ], [ -40.959404, -13.93086 ], [ -40.963157, -13.922417 ], [ -40.950294, -13.906519 ], [ -40.937506, -13.910047 ], [ -40.925211, -13.920418 ], [ -40.91098, -13.912826 ], [ -40.913988, -13.900696 ], [ -40.927344, -13.904829 ], [ -40.936848, -13.896462 ], [ -40.935009, -13.893023 ], [ -40.921516, -13.89099 ], [ -40.906517, -13.886136 ], [ -40.894075, -13.873304 ], [ -40.882259, -13.844942 ], [ -40.878325, -13.842962 ], [ -40.859989, -13.849617 ], [ -40.848955, -13.849624 ], [ -40.793704, -13.834189 ], [ -40.776648, -13.834831 ], [ -40.786177, -13.786161 ], [ -40.784295, -13.779373 ], [ -40.794514, -13.75918 ], [ -40.809599, -13.75389 ], [ -40.812148, -13.747342 ], [ -40.861147, -13.707697 ], [ -40.902308, -13.67308 ], [ -40.90241, -13.672994 ], [ -41.007331, -13.584315 ], [ -41.009286, -13.582588 ], [ -41.038483, -13.556783 ], [ -41.119049, -13.516801 ], [ -41.122623, -13.515024 ], [ -41.151112, -13.500871 ], [ -41.235428, -13.458929 ], [ -41.231741, -13.433967 ], [ -41.232586, -13.428269 ], [ -41.228541, -13.424949 ], [ -41.224316, -13.428051 ], [ -41.214007, -13.425892 ], [ -41.214153, -13.42016 ], [ -41.195679, -13.414255 ], [ -41.186071, -13.403078 ], [ -41.179461, -13.402735 ], [ -41.177986, -13.40555 ], [ -41.159568, -13.40124 ], [ -41.154733, -13.389054 ], [ -41.154094, -13.374443 ], [ -41.128962, -13.360345 ], [ -41.126289, -13.348267 ], [ -41.128097, -13.338413 ], [ -41.125184, -13.329525 ], [ -41.115989, -13.336765 ], [ -41.114729, -13.322233 ], [ -41.103879, -13.316474 ], [ -41.106798, -13.302414 ], [ -41.104825, -13.290943 ], [ -41.079513, -13.282258 ], [ -41.011068, -13.258767 ], [ -40.929291, -13.230686 ], [ -40.920961, -13.226984 ], [ -40.891198, -13.260445 ], [ -40.891157, -13.262898 ], [ -40.883045, -13.270395 ], [ -40.871513, -13.275057 ], [ -40.876208, -13.292238 ], [ -40.861487, -13.318586 ], [ -40.855709, -13.320414 ], [ -40.849599, -13.311042 ], [ -40.846594, -13.318144 ], [ -40.84187, -13.317919 ], [ -40.841427, -13.313711 ], [ -40.83621, -13.314532 ], [ -40.814769, -13.33111 ], [ -40.797884, -13.33532 ], [ -40.796536, -13.340319 ], [ -40.801565, -13.347187 ], [ -40.784932, -13.363579 ], [ -40.785426, -13.372044 ], [ -40.777876, -13.378857 ], [ -40.775389, -13.373888 ], [ -40.745031, -13.313246 ], [ -40.722183, -13.267613 ], [ -40.714637, -13.261596 ], [ -40.622371, -13.188145 ], [ -40.616975, -13.187546 ], [ -40.5844, -13.183931 ], [ -40.51165, -13.175844 ], [ -40.461343, -13.162788 ], [ -40.414216, -13.150552 ], [ -40.381676, -13.141839 ], [ -40.394596, -13.13781 ], [ -40.394355, -13.132442 ], [ -40.402229, -13.120403 ], [ -40.404933, -13.101409 ], [ -40.411633, -13.095032 ], [ -40.368052, -13.08219 ], [ -40.293795, -13.0603 ], [ -40.273751, -13.05439 ], [ -40.169902, -13.023753 ], [ -40.169265, -13.022659 ], [ -40.168001, -13.020478 ], [ -40.144928, -12.982317 ], [ -40.134099, -12.981445 ], [ -40.121955, -12.988859 ], [ -40.11129, -12.988243 ], [ -40.09771, -12.985593 ], [ -40.066118, -12.990184 ], [ -40.052823, -12.984669 ], [ -40.042177, -12.986196 ], [ -40.025591, -12.981196 ], [ -40.007893, -12.96734 ], [ -39.998709, -12.965329 ], [ -39.995351, -12.959746 ], [ -39.900631, -12.874916 ], [ -39.904459, -12.901402 ], [ -39.901102, -12.917428 ], [ -39.903489, -12.924536 ], [ -39.899314, -12.933903 ], [ -39.885994, -12.942767 ], [ -39.876765, -12.936552 ], [ -39.856221, -12.95659 ], [ -39.856102, -12.956714 ], [ -39.848904, -12.964025 ], [ -39.841068, -12.963858 ], [ -39.83944, -12.966667 ], [ -39.817019, -12.971976 ], [ -39.81551, -12.980704 ], [ -39.805966, -12.978396 ], [ -39.813652, -12.997827 ], [ -39.819235, -13.002526 ], [ -39.816629, -13.011728 ], [ -39.819304, -13.019543 ], [ -39.812057, -13.02411 ], [ -39.787188, -13.04561 ], [ -39.760978, -13.060065 ], [ -39.708271, -13.083143 ], [ -39.697683, -13.087776 ], [ -39.716373, -13.093388 ], [ -39.723633, -13.098243 ], [ -39.732656, -13.096215 ], [ -39.734979, -13.09899 ], [ -39.733496, -13.120913 ], [ -39.737869, -13.119034 ], [ -39.75088, -13.12447 ], [ -39.762602, -13.134987 ], [ -39.762873, -13.146854 ], [ -39.754433, -13.153401 ], [ -39.751459, -13.163785 ], [ -39.744133, -13.169778 ], [ -39.742348, -13.189912 ], [ -39.744871, -13.191117 ], [ -39.758124, -13.182569 ], [ -39.766427, -13.189215 ], [ -39.7749, -13.17951 ], [ -39.779244, -13.163069 ], [ -39.78896, -13.160392 ], [ -39.799773, -13.149406 ], [ -39.804761, -13.150135 ], [ -39.806143, -13.16311 ], [ -39.801655, -13.175407 ], [ -39.809542, -13.182284 ], [ -39.808306, -13.191543 ], [ -39.814508, -13.194124 ], [ -39.828621, -13.185426 ], [ -39.837049, -13.189265 ], [ -39.83718, -13.194998 ], [ -39.82649, -13.214671 ], [ -39.81829, -13.221975 ], [ -39.798543, -13.236582 ], [ -39.7711, -13.24053 ], [ -39.76454, -13.245944 ], [ -39.762886, -13.247119 ], [ -39.766958, -13.262717 ], [ -39.766406, -13.283171 ], [ -39.754267, -13.318136 ], [ -39.754543, -13.335125 ], [ -39.749016, -13.35456 ], [ -39.753766, -13.378829 ], [ -39.751818, -13.392976 ], [ -39.759784, -13.399327 ], [ -39.784042, -13.403774 ], [ -39.779734, -13.408538 ], [ -39.761654, -13.404086 ], [ -39.747006, -13.410181 ], [ -39.745953, -13.422331 ], [ -39.73846, -13.429302 ], [ -39.753488, -13.434405 ], [ -39.739461, -13.446363 ], [ -39.740897, -13.449454 ], [ -39.749867, -13.451559 ], [ -39.750196, -13.457914 ], [ -39.74551, -13.471188 ], [ -39.752189, -13.474379 ], [ -39.745174, -13.485401 ], [ -39.739906, -13.484233 ], [ -39.713431, -13.498887 ], [ -39.708593, -13.497853 ], [ -39.696297, -13.51242 ], [ -39.695434, -13.51306 ], [ -39.694159, -13.514868 ], [ -39.693559, -13.516029 ], [ -39.689829, -13.522441 ], [ -39.670632, -13.536416 ], [ -39.668429, -13.537452 ], [ -39.658628, -13.540827 ], [ -39.648741, -13.55133 ], [ -39.639535, -13.551053 ], [ -39.620546, -13.561007 ], [ -39.613949, -13.55838 ], [ -39.591947, -13.567674 ], [ -39.578492, -13.568925 ], [ -39.575042, -13.570492 ], [ -39.557291, -13.576302 ], [ -39.552405, -13.577658 ], [ -39.536037, -13.580928 ], [ -39.525627, -13.579147 ], [ -39.516111, -13.583436 ], [ -39.496877, -13.587364 ], [ -39.495716, -13.594806 ], [ -39.496569, -13.599737 ], [ -39.492918, -13.60228 ], [ -39.490761, -13.605737 ], [ -39.484099, -13.605864 ], [ -39.471567, -13.615381 ], [ -39.465904, -13.607709 ], [ -39.441458, -13.599346 ], [ -39.427798, -13.594095 ], [ -39.424959, -13.603728 ], [ -39.417014, -13.603294 ], [ -39.401073, -13.618729 ], [ -39.402233, -13.621377 ], [ -39.393725, -13.623766 ], [ -39.391514, -13.628696 ], [ -39.397288, -13.629687 ], [ -39.398958, -13.64208 ], [ -39.391225, -13.646096 ], [ -39.388087, -13.648444 ], [ -39.384539, -13.646521 ], [ -39.382372, -13.6526 ], [ -39.369654, -13.658074 ], [ -39.361213, -13.662888 ], [ -39.357539, -13.669556 ], [ -39.354984, -13.668716 ], [ -39.353755, -13.655561 ], [ -39.360234, -13.645477 ], [ -39.356518, -13.642179 ], [ -39.360481, -13.62429 ], [ -39.358309, -13.620326 ], [ -39.348703, -13.573458 ], [ -39.366899, -13.586103 ], [ -39.369489, -13.595623 ], [ -39.369156, -13.592205 ], [ -39.3789, -13.587928 ], [ -39.364041, -13.570414 ], [ -39.362558, -13.557018 ], [ -39.352958, -13.554832 ], [ -39.347186, -13.546518 ], [ -39.348014, -13.542058 ], [ -39.35838, -13.54317 ], [ -39.362092, -13.536575 ], [ -39.36032, -13.529734 ], [ -39.353902, -13.527565 ], [ -39.343222, -13.499535 ], [ -39.333066, -13.493974 ], [ -39.324927, -13.483703 ], [ -39.32864, -13.472264 ], [ -39.318459, -13.450358 ], [ -39.323674, -13.442554 ], [ -39.322349, -13.429281 ], [ -39.32233, -13.429217 ], [ -39.311295, -13.392015 ], [ -39.300763, -13.383665 ], [ -39.294914, -13.382997 ], [ -39.297214, -13.374987 ], [ -39.312074, -13.373558 ], [ -39.313649, -13.371436 ], [ -39.320764, -13.376135 ], [ -39.340288, -13.372585 ], [ -39.355019, -13.364782 ], [ -39.360513, -13.355168 ], [ -39.351353, -13.338956 ], [ -39.386593, -13.343463 ], [ -39.41029, -13.326995 ], [ -39.414966, -13.32635 ], [ -39.427783, -13.328144 ], [ -39.430747, -13.332199 ], [ -39.427231, -13.346274 ], [ -39.43345, -13.345058 ], [ -39.43376, -13.35227 ], [ -39.438127, -13.358166 ], [ -39.442011, -13.358157 ], [ -39.449956, -13.372388 ], [ -39.453793, -13.367345 ], [ -39.464343, -13.369188 ], [ -39.469492, -13.360905 ], [ -39.478061, -13.347452 ], [ -39.483046, -13.348559 ], [ -39.488872, -13.345007 ], [ -39.488734, -13.335757 ], [ -39.485757, -13.332615 ], [ -39.467903, -13.33101 ], [ -39.467844, -13.319811 ], [ -39.456629, -13.316805 ], [ -39.452993, -13.312886 ], [ -39.452943, -13.303942 ], [ -39.4499, -13.299419 ], [ -39.452878, -13.290799 ], [ -39.445941, -13.288511 ], [ -39.432597, -13.302969 ], [ -39.428699, -13.294869 ], [ -39.432824, -13.272734 ], [ -39.426597, -13.266945 ], [ -39.428847, -13.258553 ], [ -39.437962, -13.238952 ], [ -39.438576, -13.237038 ], [ -39.426763, -13.238135 ], [ -39.421927, -13.242978 ], [ -39.415951, -13.243417 ], [ -39.410346, -13.238804 ], [ -39.411852, -13.231537 ], [ -39.411921, -13.231203 ], [ -39.40343, -13.229266 ], [ -39.403098, -13.235196 ], [ -39.39659, -13.240907 ], [ -39.38146, -13.235546 ], [ -39.377439, -13.237073 ], [ -39.36507, -13.248712 ], [ -39.348408, -13.253042 ], [ -39.338737, -13.25443 ], [ -39.336628, -13.242588 ], [ -39.341181, -13.237284 ], [ -39.327775, -13.23414 ], [ -39.328199, -13.223944 ], [ -39.322348, -13.206613 ], [ -39.31454, -13.207331 ], [ -39.305288, -13.216166 ], [ -39.297731, -13.21714 ], [ -39.298574, -13.22578 ], [ -39.291933, -13.229939 ], [ -39.29288, -13.238176 ], [ -39.289217, -13.248175 ], [ -39.287146, -13.247065 ], [ -39.285927, -13.242811 ], [ -39.280712, -13.244128 ], [ -39.268185, -13.264357 ], [ -39.255445, -13.266732 ], [ -39.246577, -13.266629 ], [ -39.240757, -13.271129 ], [ -39.232952, -13.291839 ], [ -39.228224, -13.293723 ], [ -39.21798, -13.286865 ], [ -39.20974, -13.295263 ], [ -39.20449, -13.287957 ], [ -39.208041, -13.271628 ], [ -39.213157, -13.265352 ], [ -39.219154, -13.266735 ], [ -39.224159, -13.251388 ], [ -39.223121, -13.241887 ], [ -39.212282, -13.239489 ], [ -39.196459, -13.243369 ], [ -39.192428, -13.239092 ], [ -39.183259, -13.239646 ], [ -39.17001, -13.234257 ], [ -39.162607, -13.236107 ], [ -39.152837, -13.226208 ], [ -39.143157, -13.223984 ], [ -39.144632, -13.231086 ], [ -39.128316, -13.243517 ], [ -39.104418, -13.2561 ], [ -39.100897, -13.256365 ], [ -39.091959, -13.247514 ], [ -39.085066, -13.248528 ], [ -39.08046, -13.255959 ], [ -39.070594, -13.259365 ], [ -39.068508, -13.255001 ], [ -39.075011, -13.25153 ], [ -39.074892, -13.243734 ], [ -39.068265, -13.2453 ], [ -39.040602, -13.24116 ], [ -39.027206, -13.244691 ], [ -39.021985, -13.242806 ], [ -39.011459, -13.227672 ], [ -39.006848, -13.225548 ], [ -39.002787, -13.231496 ], [ -39.005216, -13.247186 ], [ -38.999513, -13.249632 ], [ -38.996537, -13.246483 ], [ -38.991432, -13.253023 ], [ -38.990424, -13.247834 ], [ -38.983675, -13.246082 ], [ -38.983481, -13.241108 ], [ -38.975117, -13.233648 ], [ -38.966259, -13.235045 ], [ -38.964013, -13.228194 ], [ -38.968266, -13.227596 ], [ -38.96862, -13.224044 ], [ -38.959373, -13.219994 ], [ -38.959539, -13.215242 ], [ -38.939837, -13.204638 ], [ -38.931467, -13.20706 ], [ -38.92165, -13.211822 ], [ -38.932153, -13.217422 ], [ -38.946644, -13.237472 ], [ -38.963985, -13.280431 ], [ -38.96568, -13.288993 ], [ -38.967764, -13.343997 ], [ -38.960735, -13.36697 ], [ -38.94893, -13.385693 ], [ -38.94279, -13.395179 ], [ -38.937787, -13.392109 ], [ -38.925664, -13.379361 ], [ -38.919618, -13.375357 ], [ -38.916065, -13.372407 ], [ -38.910547, -13.3781 ], [ -38.90854, -13.380156 ], [ -38.905875, -13.377464 ], [ -38.905754, -13.38074 ], [ -38.903818, -13.395525 ], [ -38.906767, -13.401517 ], [ -38.903262, -13.404237 ], [ -38.90254, -13.415538 ], [ -38.904771, -13.426033 ], [ -38.901811, -13.42694 ], [ -38.896783, -13.43217 ], [ -38.893709, -13.431502 ], [ -38.891596, -13.442458 ], [ -38.88937, -13.441055 ], [ -38.888151, -13.444167 ], [ -38.891704, -13.453267 ], [ -38.889144, -13.456953 ], [ -38.899025, -13.470416 ], [ -38.904845, -13.477466 ], [ -38.913198, -13.474407 ], [ -38.917808, -13.476339 ], [ -38.916153, -13.48578 ], [ -38.904926, -13.483699 ], [ -38.904121, -13.487103 ], [ -38.909234, -13.489401 ], [ -38.907543, -13.493981 ], [ -38.911455, -13.500374 ], [ -38.926921, -13.510146 ], [ -38.931675, -13.524855 ], [ -38.93498, -13.559573 ], [ -38.93288, -13.56981 ], [ -38.926549, -13.575874 ], [ -38.914535, -13.577248 ], [ -38.914518, -13.581682 ], [ -38.914654, -13.588549 ], [ -38.902012, -13.597987 ], [ -38.905816, -13.607126 ], [ -38.905653, -13.621256 ], [ -38.896511, -13.625365 ], [ -38.889358, -13.620099 ], [ -38.890493, -13.655982 ], [ -38.915184, -13.673499 ], [ -38.921907, -13.656747 ], [ -38.936647, -13.655098 ], [ -38.944492, -13.659906 ], [ -38.947264, -13.663475 ], [ -38.952142, -13.668751 ], [ -38.966425, -13.670163 ], [ -38.965383, -13.676834 ], [ -38.965058, -13.686758 ], [ -38.977429, -13.698447 ], [ -38.98785, -13.714543 ], [ -38.997535, -13.744071 ], [ -38.999764, -13.783057 ], [ -38.984068, -13.824291 ], [ -38.969062, -13.842499 ], [ -38.951314, -13.871503 ], [ -38.946795, -13.878455 ], [ -38.935605, -13.886057 ], [ -38.928114, -13.906453 ], [ -38.92961, -13.93331 ], [ -38.928274, -13.936557 ], [ -38.944768, -14.001489 ], [ -38.946161, -14.019382 ], [ -38.946362, -14.021963 ], [ -38.956595, -14.066382 ], [ -38.955978, -14.078427 ], [ -38.976709, -14.139226 ], [ -38.979731, -14.169759 ], [ -38.989202, -14.187383 ], [ -38.991107, -14.220877 ], [ -38.996794, -14.247373 ], [ -38.993557, -14.273269 ], [ -38.990893, -14.275307 ], [ -38.988228, -14.271512 ], [ -38.984733, -14.276037 ], [ -38.985979, -14.289961 ], [ -38.981704, -14.29157 ], [ -38.981869, -14.295522 ], [ -38.990231, -14.307387 ], [ -38.989255, -14.312321 ], [ -38.99256, -14.313273 ], [ -38.999969, -14.338267 ], [ -39.006432, -14.340428 ], [ -39.005921, -14.343702 ], [ -39.001487, -14.365918 ], [ -39.015737, -14.418712 ], [ -39.01598, -14.421535 ], [ -39.028168, -14.479157 ], [ -39.035195, -14.501027 ], [ -39.03616, -14.531401 ], [ -39.037117, -14.534556 ], [ -39.041699, -14.552893 ], [ -39.04236, -14.554409 ], [ -39.048689, -14.572965 ], [ -39.048981, -14.573825 ], [ -39.049653, -14.575793 ], [ -39.049824, -14.576294 ], [ -39.052785, -14.584978 ], [ -39.054855, -14.596983 ], [ -39.054928, -14.597691 ], [ -39.056383, -14.606321 ], [ -39.056551, -14.607318 ], [ -39.056639, -14.607844 ], [ -39.063975, -14.640322 ], [ -39.06393, -14.641656 ], [ -39.06514, -14.66817 ], [ -39.065246, -14.675319 ], [ -39.065314, -14.704918 ], [ -39.06346, -14.728222 ], [ -39.061341, -14.75177 ], [ -39.053174, -14.777759 ], [ -39.039264, -14.785726 ], [ -39.036643, -14.782764 ], [ -39.032282, -14.784026 ], [ -39.028568, -14.781149 ], [ -39.026257, -14.770717 ], [ -39.026307, -14.780957 ], [ -39.031663, -14.785473 ], [ -39.032236, -14.804539 ], [ -39.036115, -14.807829 ], [ -39.033587, -14.81115 ], [ -39.027809, -14.804555 ], [ -39.024402, -14.805652 ], [ -39.025482, -14.840658 ], [ -39.02365, -14.879219 ], [ -39.026474, -14.879361 ], [ -39.02272, -14.88349 ], [ -39.021486, -14.902506 ], [ -39.019171, -14.923619 ], [ -39.009783, -14.945936 ], [ -38.997811, -14.993616 ], [ -38.99775, -15.00791 ], [ -38.997366, -15.093468 ], [ -38.998462, -15.227566 ], [ -38.997902, -15.230631 ], [ -38.990831, -15.290109 ], [ -38.993666, -15.295518 ], [ -38.986764, -15.303218 ], [ -38.973635, -15.385748 ], [ -38.953718, -15.458687 ], [ -38.955504, -15.470462 ], [ -38.950865, -15.47441 ], [ -38.942192, -15.527775 ], [ -38.944027, -15.595343 ], [ -38.937713, -15.643051 ], [ -38.932728, -15.675545 ], [ -38.92297, -15.708897 ], [ -38.914367, -15.713623 ], [ -38.898398, -15.760141 ], [ -38.8997, -15.764567 ], [ -38.998029, -15.773966 ], [ -39.102721, -15.783524 ], [ -39.104243, -15.78373 ], [ -39.108306, -15.790065 ], [ -39.118835, -15.785078 ], [ -39.117755, -15.793184 ], [ -39.122504, -15.797967 ], [ -39.140618, -15.79825 ], [ -39.140819, -15.798214 ], [ -39.154639, -15.793375 ], [ -39.15747, -15.787755 ], [ -39.183163, -15.801268 ], [ -39.20187, -15.799869 ], [ -39.213578, -15.789221 ], [ -39.216754, -15.791178 ], [ -39.214258, -15.796998 ], [ -39.223865, -15.802247 ], [ -39.238135, -15.797405 ], [ -39.251303, -15.810839 ], [ -39.248507, -15.820526 ], [ -39.263591, -15.816091 ], [ -39.269895, -15.823314 ], [ -39.270423, -15.842849 ], [ -39.277688, -15.827044 ], [ -39.285093, -15.830364 ], [ -39.287457, -15.843618 ], [ -39.290197, -15.844846 ], [ -39.294081, -15.839113 ], [ -39.30175, -15.84637 ], [ -39.317496, -15.844958 ], [ -39.335555, -15.848394 ], [ -39.338807, -15.845497 ], [ -39.346362, -15.849888 ], [ -39.356587, -15.850192 ], [ -39.367935, -15.825452 ], [ -39.368251, -15.825053 ], [ -39.37148, -15.822072 ], [ -39.386478, -15.82299 ], [ -39.392338, -15.812138 ], [ -39.390862, -15.799369 ], [ -39.396399, -15.798819 ], [ -39.399311, -15.793537 ], [ -39.426665, -15.802308 ], [ -39.432036, -15.792869 ], [ -39.438525, -15.792698 ], [ -39.445858, -15.799528 ], [ -39.444782, -15.809021 ], [ -39.454917, -15.812048 ], [ -39.46322, -15.824069 ], [ -39.461501, -15.832869 ], [ -39.485193, -15.837883 ], [ -39.485004, -15.828846 ], [ -39.49178, -15.818242 ], [ -39.499901, -15.818608 ], [ -39.522555, -15.803567 ], [ -39.54833, -15.806681 ], [ -39.56106, -15.801833 ], [ -39.572305, -15.789423 ], [ -39.571098, -15.77558 ], [ -39.574499, -15.768809 ], [ -39.567674, -15.751709 ], [ -39.556557, -15.749929 ], [ -39.554282, -15.742998 ], [ -39.545033, -15.7422 ], [ -39.544593, -15.741309 ], [ -39.54378, -15.737192 ], [ -39.543055, -15.712498 ], [ -39.53803, -15.707594 ], [ -39.539165, -15.700386 ], [ -39.534512, -15.697284 ], [ -39.534139, -15.687945 ], [ -39.543514, -15.665131 ], [ -39.543422, -15.653094 ], [ -39.540876, -15.651863 ], [ -39.54295, -15.644547 ], [ -39.537416, -15.637518 ], [ -39.537314, -15.626701 ], [ -39.532497, -15.618765 ], [ -39.525299, -15.61465 ], [ -39.543558, -15.611827 ], [ -39.55062, -15.604105 ], [ -39.578749, -15.593216 ], [ -39.583668, -15.59316 ], [ -39.589329, -15.599823 ], [ -39.615311, -15.620276 ], [ -39.632903, -15.619635 ], [ -39.634473, -15.617242 ], [ -39.634086, -15.61 ], [ -39.641169, -15.605954 ], [ -39.644614, -15.595578 ], [ -39.653807, -15.591579 ], [ -39.661398, -15.606221 ], [ -39.672172, -15.605179 ], [ -39.666807, -15.610542 ], [ -39.674803, -15.622152 ], [ -39.675771, -15.637551 ], [ -39.688216, -15.637272 ], [ -39.695534, -15.630624 ], [ -39.692588, -15.62286 ], [ -39.683421, -15.621803 ], [ -39.682502, -15.618579 ], [ -39.695061, -15.599805 ], [ -39.703316, -15.593453 ], [ -39.713127, -15.591499 ], [ -39.708893, -15.579576 ], [ -39.715278, -15.571962 ], [ -39.713297, -15.564682 ], [ -39.718383, -15.55779 ], [ -39.721164, -15.56077 ], [ -39.732338, -15.556283 ], [ -39.752119, -15.5556 ], [ -39.770722, -15.566781 ], [ -39.772676, -15.566195 ], [ -39.774554, -15.559316 ], [ -39.80941, -15.440308 ], [ -39.823005, -15.393242 ], [ -39.846639, -15.31128 ], [ -39.848776, -15.302031 ], [ -39.857863, -15.262684 ], [ -39.894817, -15.102173 ], [ -39.895035, -15.101234 ], [ -39.89073, -15.096478 ], [ -39.894895, -15.05314 ], [ -39.90084, -15.052284 ], [ -39.900839, -15.045622 ], [ -39.910286, -15.043454 ], [ -39.912453, -15.037959 ], [ -39.903515, -15.025731 ], [ -39.900117, -15.025004 ], [ -39.900511, -15.012563 ], [ -39.894706, -15.00301 ], [ -39.897539, -14.989602 ], [ -39.894641, -14.980783 ], [ -39.889977, -14.982281 ], [ -39.888587, -15.006719 ], [ -39.884456, -15.012664 ], [ -39.881452, -15.004435 ], [ -39.873037, -15.001459 ] ] ] } },
{ "type": "Feature", "properties": { "MACRO_ID": "2911", "MACRO_NAME": "Sudoeste (NBS - Vitoria Conquista)", "id": "290050", "name": "Érico Cardoso", "description": "Érico Cardoso", "MUN_ID": "290050", "UF": "BA", "HREG_ID": "29003", "HREG_NAME": "Brumado" }, "geometry": { "type": "Polygon", "coordinates": [ [ [ -42.323294, -15.093105 ], [ -42.330805, -15.079507 ], [ -42.336851, -15.080012 ], [ -42.354511, -15.097749 ], [ -42.369302, -15.077889 ], [ -42.374074, -15.07088 ], [ -42.400672, -15.076792 ], [ -42.421282, -15.065079 ], [ -42.442543, -15.060866 ], [ -42.442763, -15.047305 ], [ -42.441909, -15.034946 ], [ -42.436404, -15.022262 ], [ -42.475515, -15.016587 ], [ -42.495345, -14.994405 ], [ -42.512145, -14.984457 ], [ -42.514925, -14.982599 ], [ -42.531238, -14.977032 ], [ -42.534485, -14.966133 ], [ -42.553931, -14.958846 ], [ -42.560288, -14.961844 ], [ -42.577122, -14.938433 ], [ -42.584058, -14.936887 ], [ -42.584443, -14.936507 ], [ -42.586792, -14.929782 ], [ -42.602146, -14.924224 ], [ -42.613039, -14.937273 ], [ -42.625012, -14.944567 ], [ -42.634509, -14.934492 ], [ -42.654818, -14.923801 ], [ -42.652153, -14.920269 ], [ -42.656511, -14.918445 ], [ -42.659295, -14.909986 ], [ -42.662309, -14.910097 ], [ -42.663399, -14.915854 ], [ -42.679455, -14.902875 ], [ -42.683322, -14.905068 ], [ -42.692399, -14.902038 ], [ -42.699964, -14.894089 ], [ -42.698383, -14.88991 ], [ -42.703765, -14.882376 ], [ -42.714484, -14.879626 ], [ -42.713237, -14.883808 ], [ -42.717303, -14.884952 ], [ -42.722961, -14.88516 ], [ -42.725344, -14.878826 ], [ -42.735541, -14.876972 ], [ -42.748259, -14.863943 ], [ -42.748334, -14.863785 ], [ -42.753263, -14.847313 ], [ -42.758943, -14.845496 ], [ -42.790593, -14.838927 ], [ -42.806513, -14.82998 ], [ -42.808292, -14.826879 ], [ -42.809268, -14.82572 ], [ -42.836069, -14.806033 ], [ -42.841988, -14.795616 ], [ -42.849408, -14.794595 ], [ -42.860262, -14.78014 ], [ -42.871991, -14.774911 ], [ -42.871423, -14.771183 ], [ -42.866795, -14.771245 ], [ -42.868039, -14.766574 ], [ -42.871681, -14.764244 ], [ -42.876199, -14.767397 ], [ -42.8804, -14.768839 ], [ -42.884192, -14.767141 ], [ -42.887664, -14.766441 ], [ -42.89576, -14.762532 ], [ -42.899566, -14.755357 ], [ -42.902232, -14.76093 ], [ -42.905485, -14.760594 ], [ -42.911798, -14.744021 ], [ -42.916568, -14.747033 ], [ -42.926653, -14.743689 ], [ -42.924575, -14.733418 ], [ -42.937012, -14.719997 ], [ -42.93848, -14.707579 ], [ -42.952288, -14.707951 ], [ -42.976925, -14.697936 ], [ -42.984962, -14.70178 ], [ -43.002401, -14.695839 ], [ -43.01023, -14.701145 ], [ -43.026411, -14.693098 ], [ -43.025817, -14.686907 ], [ -43.036267, -14.68261 ], [ -43.05527, -14.69049 ], [ -43.065988, -14.680109 ], [ -43.071873, -14.688391 ], [ -43.078932, -14.689929 ], [ -43.083263, -14.697744 ], [ -43.091115, -14.682872 ], [ -43.100706, -14.675045 ], [ -43.107626, -14.672717 ], [ -43.110734, -14.678559 ], [ -43.115903, -14.678404 ], [ -43.126674, -14.665895 ], [ -43.132594, -14.667584 ], [ -43.139925, -14.664709 ], [ -43.151095, -14.665884 ], [ -43.175948, -14.650094 ], [ -43.177433, -14.659012 ], [ -43.180858, -14.660462 ], [ -43.190281, -14.651116 ], [ -43.198292, -14.649175 ], [ -43.207262, -14.657905 ], [ -43.228543, -14.660065 ], [ -43.234454, -14.65634 ], [ -43.244652, -14.656061 ], [ -43.260988, -14.662903 ], [ -43.265679, -14.661032 ], [ -43.271207, -14.665603 ], [ -43.280281, -14.665751 ], [ -43.283296, -14.673459 ], [ -43.287921, -14.675662 ], [ -43.29774, -14.675634 ], [ -43.310824, -14.669298 ], [ -43.319268, -14.677505 ], [ -43.330102, -14.679678 ], [ -43.333877, -14.687205 ], [ -43.3461, -14.695619 ], [ -43.363643, -14.697544 ], [ -43.398626, -14.70977 ], [ -43.414287, -14.723782 ], [ -43.424909, -14.719529 ], [ -43.428264, -14.721761 ], [ -43.427762, -14.72592 ], [ -43.434485, -14.722588 ], [ -43.434235, -14.725975 ], [ -43.44007, -14.727865 ], [ -43.44543, -14.736237 ], [ -43.455823, -14.739707 ], [ -43.460868, -14.745778 ], [ -43.455853, -14.757297 ], [ -43.462434, -14.765436 ], [ -43.474889, -14.761759 ], [ -43.48085, -14.767447 ], [ -43.479407, -14.772067 ], [ -43.468322, -14.779033 ], [ -43.469294, -14.786898 ], [ -43.477972, -14.791601 ], [ -43.483122, -14.788946 ], [ -43.489731, -14.79219 ], [ -43.493853, -14.790328 ], [ -43.498068, -14.796926 ], [ -43.510758, -14.796124 ], [ -43.509346, -14.807149 ], [ -43.51496, -14.804145 ], [ -43.520821, -14.805459 ], [ -43.524844, -14.813538 ], [ -43.530986, -14.814849 ], [ -43.538794, -14.805286 ], [ -43.536535, -14.790143 ], [ -43.533542, -14.788269 ], [ -43.536769, -14.783057 ], [ -43.562242, -14.769443 ], [ -43.573377, -14.764713 ], [ -43.580211, -14.750364 ], [ -43.588365, -14.750409 ], [ -43.59885, -14.753463 ], [ -43.610842, -14.760099 ], [ -43.629593, -14.749908 ], [ -43.656594, -14.745302 ], [ -43.665963, -14.736671 ], [ -43.670598, -14.736418 ], [ -43.672823, -14.725906 ], [ -43.67554, -14.726245 ], [ -43.673405, -14.729095 ], [ -43.680676, -14.731744 ], [ -43.683656, -14.72765 ], [ -43.689836, -14.726806 ], [ -43.686212, -14.721216 ], [ -43.691793, -14.72432 ], [ -43.703012, -14.724872 ], [ -43.709321, -14.729939 ], [ -43.719455, -14.729089 ], [ -43.719204, -14.720452 ], [ -43.711823, -14.714536 ], [ -43.717738, -14.710973 ], [ -43.722881, -14.699082 ], [ -43.727333, -14.697993 ], [ -43.755105, -14.700386 ], [ -43.764112, -14.691634 ], [ -43.77576, -14.691748 ], [ -43.785255, -14.68527 ], [ -43.800099, -14.686864 ], [ -43.810389, -14.684145 ], [ -43.83159, -14.674581 ], [ -43.838332, -14.674757 ], [ -43.84646, -14.671656 ], [ -43.858793, -14.67385 ], [ -43.8629, -14.661858 ], [ -43.87149, -14.663134 ], [ -43.872851, -14.653142 ], [ -43.875487, -14.651817 ], [ -43.878711, -14.657579 ], [ -43.8831, -14.652783 ], [ -43.87888, -14.645628 ], [ -43.883293, -14.642508 ], [ -43.876739, -14.63988 ], [ -43.885379, -14.634977 ], [ -43.874219, -14.636317 ], [ -43.881346, -14.628991 ], [ -43.870632, -14.621658 ], [ -43.874037, -14.613987 ], [ -43.869656, -14.612379 ], [ -43.876485, -14.608765 ], [ -43.874098, -14.59424 ], [ -43.876324, -14.590355 ], [ -43.880982, -14.589659 ], [ -43.882573, -14.598733 ], [ -43.885607, -14.59521 ], [ -43.882238, -14.58626 ], [ -43.886795, -14.582689 ], [ -43.876766, -14.562893 ], [ -43.880896, -14.561925 ], [ -43.874426, -14.524099 ], [ -43.867252, -14.50858 ], [ -43.841388, -14.462069 ], [ -43.826657, -14.428473 ], [ -43.818981, -14.388858 ], [ -43.813928, -14.380361 ], [ -43.804254, -14.371934 ], [ -43.78278, -14.338787 ], [ -43.789922, -14.335701 ], [ -43.799679, -14.33738 ], [ -43.80644, -14.332072 ], [ -43.808245, -14.325029 ], [ -43.814407, -14.32551 ], [ -43.814912, -14.320199 ], [ -43.821908, -14.322583 ], [ -43.818598, -14.311761 ], [ -43.825928, -14.315736 ], [ -43.835738, -14.310702 ], [ -43.84682, -14.32129 ], [ -43.846316, -14.312652 ], [ -43.851018, -14.318627 ], [ -43.855043, -14.317596 ], [ -43.851043, -14.313128 ], [ -43.852297, -14.307489 ], [ -43.861127, -14.312425 ], [ -43.869545, -14.3096 ], [ -43.87243, -14.313138 ], [ -43.880518, -14.311356 ], [ -43.88098, -14.306974 ], [ -43.889931, -14.306156 ], [ -43.891546, -14.292841 ], [ -43.892073, -14.30057 ], [ -43.901853, -14.29768 ], [ -43.904017, -14.293164 ], [ -43.904853, -14.299858 ], [ -43.910572, -14.297217 ], [ -43.908716, -14.302104 ], [ -43.911178, -14.304598 ], [ -43.915352, -14.30198 ], [ -43.915988, -14.295487 ], [ -43.923465, -14.29553 ], [ -43.923271, -14.302913 ], [ -43.926017, -14.305226 ], [ -43.93466, -14.295233 ], [ -43.941732, -14.30465 ], [ -43.945882, -14.289508 ], [ -43.950539, -14.289552 ], [ -43.95573, -14.29927 ], [ -43.954933, -14.291742 ], [ -43.961515, -14.29056 ], [ -43.96918, -14.273578 ], [ -43.970515, -14.277671 ], [ -43.980433, -14.281702 ], [ -43.982192, -14.275322 ], [ -43.990188, -14.272148 ], [ -43.985961, -14.267105 ], [ -43.990764, -14.268543 ], [ -43.997241, -14.264958 ], [ -44.005744, -14.266918 ], [ -44.008878, -14.271887 ], [ -44.015073, -14.271102 ], [ -44.014997, -14.276063 ], [ -44.025349, -14.276151 ], [ -44.034213, -14.288582 ], [ -44.038019, -14.281852 ], [ -44.041127, -14.285774 ], [ -44.048976, -14.284279 ], [ -44.056738, -14.283816 ], [ -44.05702, -14.277166 ], [ -44.060933, -14.281925 ], [ -44.068021, -14.279279 ], [ -44.07299, -14.285219 ], [ -44.072794, -14.279816 ], [ -44.077551, -14.277713 ], [ -44.074042, -14.270193 ], [ -44.082046, -14.268553 ], [ -44.081993, -14.274997 ], [ -44.087878, -14.27763 ], [ -44.086513, -14.267982 ], [ -44.093237, -14.273157 ], [ -44.098986, -14.273015 ], [ -44.105624, -14.266849 ], [ -44.106877, -14.258674 ], [ -44.112185, -14.258282 ], [ -44.123932, -14.274523 ], [ -44.135208, -14.281739 ], [ -44.143209, -14.278046 ], [ -44.135573, -14.274457 ], [ -44.136856, -14.263705 ], [ -44.159595, -14.257189 ], [ -44.165077, -14.268484 ], [ -44.172891, -14.266431 ], [ -44.182516, -14.257785 ], [ -44.200879, -14.25403 ], [ -44.200827, -14.250691 ], [ -44.208713, -14.246226 ], [ -44.208634, -14.236785 ], [ -44.214923, -14.232735 ], [ -44.217649, -14.244534 ], [ -44.24021, -14.240242 ], [ -44.237288, -14.244428 ], [ -44.234658, -14.246501 ], [ -44.239238, -14.248049 ], [ -44.238298, -14.25756 ], [ -44.247076, -14.251189 ], [ -44.24921, -14.253041 ], [ -44.244022, -14.256657 ], [ -44.247095, -14.259672 ], [ -44.254016, -14.251611 ], [ -44.268207, -14.24615 ], [ -44.276179, -14.251991 ], [ -44.280882, -14.252047 ], [ -44.279551, -14.249622 ], [ -44.283958, -14.247208 ], [ -44.290414, -14.252255 ], [ -44.301927, -14.252797 ], [ -44.316072, -14.239904 ], [ -44.320352, -14.244311 ], [ -44.340185, -14.248955 ], [ -44.339798, -14.25623 ], [ -44.35143, -14.25727 ], [ -44.345628, -14.262818 ], [ -44.35263, -14.260477 ], [ -44.352482, -14.265737 ], [ -44.361178, -14.272367 ], [ -44.369414, -14.271182 ], [ -44.373245, -14.274208 ], [ -44.378093, -14.269973 ], [ -44.378063, -14.276708 ], [ -44.389102, -14.280033 ], [ -44.389569, -14.275689 ], [ -44.394161, -14.276784 ], [ -44.396744, -14.273032 ], [ -44.399037, -14.277836 ], [ -44.411574, -14.281155 ], [ -44.42191, -14.279097 ], [ -44.423519, -14.275627 ], [ -44.427937, -14.279575 ], [ -44.427961, -14.271265 ], [ -44.429232, -14.274795 ], [ -44.433933, -14.271094 ], [ -44.440129, -14.27511 ], [ -44.446237, -14.270582 ], [ -44.447787, -14.275566 ], [ -44.457327, -14.272852 ], [ -44.464984, -14.277793 ], [ -44.48254, -14.278137 ], [ -44.494717, -14.240926 ], [ -44.485242, -14.231335 ], [ -44.489378, -14.210314 ], [ -44.475436, -14.201101 ], [ -44.47531, -14.201069 ], [ -44.463047, -14.197958 ], [ -44.444935, -14.183092 ], [ -44.429211, -14.186401 ], [ -44.423869, -14.17713 ], [ -44.430291, -14.168327 ], [ -44.427625, -14.163165 ], [ -44.41529, -14.1657 ], [ -44.399879, -14.163039 ], [ -44.384795, -14.143169 ], [ -44.385457, -14.129345 ], [ -44.37774, -14.121945 ], [ -44.376396, -14.108234 ], [ -44.366452, -14.104604 ], [ -44.365168, -14.098275 ], [ -44.364543, -14.088655 ], [ -44.342657, -14.057051 ], [ -44.340757, -14.049851 ], [ -44.339873, -14.038947 ], [ -44.332717, -14.022685 ], [ -44.337098, -14.007081 ], [ -44.32238, -14.001558 ], [ -44.321228, -13.990898 ], [ -44.308761, -13.978291 ], [ -44.307877, -13.970101 ], [ -44.297897, -13.965693 ], [ -44.292955, -13.94542 ], [ -44.271383, -13.935486 ], [ -44.253094, -13.935528 ], [ -44.237705, -13.925133 ], [ -44.234318, -13.903203 ], [ -44.224743, -13.899694 ], [ -44.211816, -13.885977 ], [ -44.200685, -13.883259 ], [ -44.203962, -13.861669 ], [ -44.200385, -13.85808 ], [ -44.190191, -13.857739 ], [ -44.189654, -13.849913 ], [ -44.175121, -13.840984 ], [ -44.168574, -13.825207 ], [ -44.163881, -13.824637 ], [ -44.159022, -13.820255 ], [ -44.159788, -13.808734 ], [ -44.155216, -13.800035 ], [ -44.158927, -13.789195 ], [ -44.149829, -13.786669 ], [ -44.120518, -13.764918 ], [ -44.100907, -13.759138 ], [ -44.075487, -13.727531 ], [ -44.07209, -13.716345 ], [ -44.057409, -13.706159 ], [ -44.049657, -13.694411 ], [ -44.037283, -13.694083 ], [ -44.034651, -13.692492 ], [ -44.027768, -13.685921 ], [ -44.012763, -13.685569 ], [ -44.007802, -13.670769 ], [ -43.99408, -13.663372 ], [ -43.988021, -13.663982 ], [ -43.985382, -13.670528 ], [ -43.980245, -13.667253 ], [ -43.873824, -13.697777 ], [ -43.699256, -13.747765 ], [ -43.593901, -13.777774 ], [ -43.588683, -13.759038 ], [ -43.555814, -13.732766 ], [ -43.54916, -13.718363 ], [ -43.558508, -13.660255 ], [ -43.555134, -13.648778 ], [ -43.542855, -13.620655 ], [ -43.510886, -13.575324 ], [ -43.487801, -13.572437 ], [ -43.472844, -13.56528 ], [ -43.460154, -13.553817 ], [ -43.447702, -13.531614 ], [ -43.444714, -13.542002 ], [ -43.440638, -13.544756 ], [ -43.443699, -13.550082 ], [ -43.441879, -13.557146 ], [ -43.452381, -13.568131 ], [ -43.45827, -13.596563 ], [ -43.463529, -13.599506 ], [ -43.467976, -13.615035 ], [ -43.475396, -13.625664 ], [ -43.473267, -13.641818 ], [ -43.47587, -13.64183 ], [ -43.474686, -13.645674 ], [ -43.481553, -13.650834 ], [ -43.48415, -13.65799 ], [ -43.481979, -13.661889 ], [ -43.486978, -13.671388 ], [ -43.483928, -13.678384 ], [ -43.491098, -13.687709 ], [ -43.487362, -13.688132 ], [ -43.488631, -13.695583 ], [ -43.492479, -13.69705 ], [ -43.493946, -13.70648 ], [ -43.497986, -13.710542 ], [ -43.495379, -13.720068 ], [ -43.498968, -13.73442 ], [ -43.504396, -13.737168 ], [ -43.505266, -13.743364 ], [ -43.515897, -13.745953 ], [ -43.514281, -13.753079 ], [ -43.524443, -13.760561 ], [ -43.52814, -13.770529 ], [ -43.531639, -13.770258 ], [ -43.53849, -13.773443 ], [ -43.545263, -13.793632 ], [ -43.527093, -13.798303 ], [ -43.516822, -13.792613 ], [ -43.509383, -13.804165 ], [ -43.51088, -13.814983 ], [ -43.500134, -13.816397 ], [ -43.4901, -13.826931 ], [ -43.480187, -13.830976 ], [ -43.483073, -13.84806 ], [ -43.47191, -13.851387 ], [ -43.471433, -13.857477 ], [ -43.37146, -13.749619 ], [ -43.327238, -13.701897 ], [ -43.294655, -13.666733 ], [ -43.241172, -13.609004 ], [ -43.22254, -13.579445 ], [ -43.175418, -13.504683 ], [ -43.146508, -13.456668 ], [ -43.14574, -13.455301 ], [ -43.128765, -13.427055 ], [ -43.126449, -13.408299 ], [ -43.118396, -13.343159 ], [ -43.115963, -13.323502 ], [ -43.050532, -13.336157 ], [ -42.976478, -13.350679 ], [ -42.915327, -13.363052 ], [ -42.914052, -13.36232 ], [ -42.911535, -13.356542 ], [ -42.916302, -13.344187 ], [ -42.907795, -13.327498 ], [ -42.905347, -13.314414 ], [ -42.912919, -13.294638 ], [ -42.91627, -13.27326 ], [ -42.914243, -13.26567 ], [ -42.921042, -13.248306 ], [ -42.920352, -13.225026 ], [ -42.914826, -13.204756 ], [ -42.921928, -13.183876 ], [ -42.919513, -13.179773 ], [ -42.908103, -13.178326 ], [ -42.902893, -13.159298 ], [ -42.907482, -13.14526 ], [ -42.908748, -13.138999 ], [ -42.917683, -13.13673 ], [ -42.926238, -13.127413 ], [ -42.932181, -13.097366 ], [ -42.937771, -13.090176 ], [ -42.931399, -13.083402 ], [ -42.943213, -13.067735 ], [ -42.953794, -13.06024 ], [ -42.953263, -13.05362 ], [ -42.958345, -13.051479 ], [ -42.974415, -13.027325 ], [ -42.981831, -12.962309 ], [ -42.967489, -12.952663 ], [ -42.936684, -12.931942 ], [ -42.933994, -12.930133 ], [ -42.884469, -12.891957 ], [ -42.858074, -12.871608 ], [ -42.8865, -12.847354 ], [ -42.886208, -12.800144 ], [ -42.885768, -12.731342 ], [ -42.885461, -12.684234 ], [ -42.885103, -12.631184 ], [ -42.885091, -12.627328 ], [ -42.884983, -12.59513 ], [ -42.80397, -12.563898 ], [ -42.776732, -12.553394 ], [ -42.63931, -12.500414 ], [ -42.639555, -12.512303 ], [ -42.655465, -12.51859 ], [ -42.654791, -12.532896 ], [ -42.649554, -12.541033 ], [ -42.645016, -12.560028 ], [ -42.64146, -12.565174 ], [ -42.642013, -12.574408 ], [ -42.636275, -12.577916 ], [ -42.637083, -12.584113 ], [ -42.637237, -12.584694 ], [ -42.637769, -12.594236 ], [ -42.628654, -12.593258 ], [ -42.628324, -12.600197 ], [ -42.623659, -12.605572 ], [ -42.6273, -12.627381 ], [ -42.61061, -12.636602 ], [ -42.610214, -12.647928 ], [ -42.602653, -12.65893 ], [ -42.582277, -12.663683 ], [ -42.580635, -12.673701 ], [ -42.584138, -12.682611 ], [ -42.580837, -12.691001 ], [ -42.56904, -12.686788 ], [ -42.551153, -12.687096 ], [ -42.537744, -12.699097 ], [ -42.529068, -12.691252 ], [ -42.520211, -12.699112 ], [ -42.517078, -12.711155 ], [ -42.512245, -12.71059 ], [ -42.502962, -12.716386 ], [ -42.495652, -12.711478 ], [ -42.482234, -12.712306 ], [ -42.473912, -12.708329 ], [ -42.467926, -12.696594 ], [ -42.458268, -12.695037 ], [ -42.45043, -12.68683 ], [ -42.438942, -12.690739 ], [ -42.419205, -12.697451 ], [ -42.397688, -12.696068 ], [ -42.369984, -12.711947 ], [ -42.361421, -12.712799 ], [ -42.353544, -12.716043 ], [ -42.340745, -12.710493 ], [ -42.320418, -12.713504 ], [ -42.308324, -12.704306 ], [ -42.288681, -12.70523 ], [ -42.276137, -12.711282 ], [ -42.264936, -12.727384 ], [ -42.24809, -12.787982 ], [ -42.244795, -12.799831 ], [ -42.245429, -12.80925 ], [ -42.247835, -12.813528 ], [ -42.248187, -12.818564 ], [ -42.241713, -12.823923 ], [ -42.235843, -12.83724 ], [ -42.235781, -12.837402 ], [ -42.230706, -12.852811 ], [ -42.222192, -12.864888 ], [ -42.223066, -12.874389 ], [ -42.208336, -12.921234 ], [ -42.21063, -12.933546 ], [ -42.207237, -12.939938 ], [ -42.199379, -12.943928 ], [ -42.192626, -12.964358 ], [ -42.191826, -12.965868 ], [ -42.171795, -12.988301 ], [ -42.16319, -12.990278 ], [ -42.161632, -13.000146 ], [ -42.145609, -13.015862 ], [ -42.125683, -13.015432 ], [ -42.121103, -13.001332 ], [ -42.105759, -13.003895 ], [ -42.094373, -13.001019 ], [ -42.094298, -13.014742 ], [ -42.082893, -13.046756 ], [ -42.075405, -13.075276 ], [ -42.058039, -13.082074 ], [ -42.036418, -13.114156 ], [ -42.03165, -13.126278 ], [ -42.018331, -13.133292 ], [ -42.00332, -13.153861 ], [ -41.989319, -13.152053 ], [ -41.973074, -13.156267 ], [ -41.963658, -13.164681 ], [ -41.946072, -13.199091 ], [ -41.937155, -13.228669 ], [ -41.91447, -13.253642 ], [ -41.913401, -13.27065 ], [ -41.907045, -13.281665 ], [ -41.904685, -13.290484 ], [ -41.909141, -13.293507 ], [ -41.900075, -13.304534 ], [ -41.902093, -13.309931 ], [ -41.90873, -13.310615 ], [ -41.890565, -13.32371 ], [ -41.869548, -13.345862 ], [ -41.87287, -13.354365 ], [ -41.870845, -13.36364 ], [ -41.840919, -13.383446 ], [ -41.832684, -13.39557 ], [ -41.820636, -13.401634 ], [ -41.808247, -13.413102 ], [ -41.805729, -13.412454 ], [ -41.804261, -13.418738 ], [ -41.792418, -13.4239 ], [ -41.794491, -13.392661 ], [ -41.795221, -13.382902 ], [ -41.791471, -13.379172 ], [ -41.791433, -13.373015 ], [ -41.782777, -13.36696 ], [ -41.782459, -13.360646 ], [ -41.765443, -13.353807 ], [ -41.765229, -13.348655 ], [ -41.746341, -13.324794 ], [ -41.746204, -13.324802 ], [ -41.732513, -13.337497 ], [ -41.724983, -13.356912 ], [ -41.721936, -13.357272 ], [ -41.717096, -13.349887 ], [ -41.712712, -13.352165 ], [ -41.707517, -13.369725 ], [ -41.694433, -13.36931 ], [ -41.690867, -13.363497 ], [ -41.684241, -13.360892 ], [ -41.68362, -13.356417 ], [ -41.679535, -13.357036 ], [ -41.674709, -13.352453 ], [ -41.667768, -13.359862 ], [ -41.676458, -13.365006 ], [ -41.6674, -13.369112 ], [ -41.663737, -13.370091 ], [ -41.660906, -13.379676 ], [ -41.650793, -13.391479 ], [ -41.649403, -13.395615 ], [ -41.645627, -13.392249 ], [ -41.64208, -13.39377 ], [ -41.63584, -13.401439 ], [ -41.634435, -13.403924 ], [ -41.637711, -13.405629 ], [ -41.633679, -13.413556 ], [ -41.622851, -13.415742 ], [ -41.617796, -13.42642 ], [ -41.6113, -13.427853 ], [ -41.605272, -13.424783 ], [ -41.596316, -13.423924 ], [ -41.591529, -13.417924 ], [ -41.570044, -13.410776 ], [ -41.55106, -13.409683 ], [ -41.54753, -13.425493 ], [ -41.515304, -13.412229 ], [ -41.515219, -13.412194 ], [ -41.44592, -13.383287 ], [ -41.445803, -13.382233 ], [ -41.445233, -13.36918 ], [ -41.439266, -13.357218 ], [ -41.437041, -13.328173 ], [ -41.444016, -13.306054 ], [ -41.45378, -13.295151 ], [ -41.453777, -13.262428 ], [ -41.44699, -13.25128 ], [ -41.415544, -13.245791 ], [ -41.399119, -13.224668 ], [ -41.389794, -13.263095 ], [ -41.382636, -13.27117 ], [ -41.370488, -13.276836 ], [ -41.349129, -13.28108 ], [ -41.340988, -13.290806 ], [ -41.334389, -13.298138 ], [ -41.322461, -13.300869 ], [ -41.307444, -13.316066 ], [ -41.290517, -13.322316 ], [ -41.278863, -13.317907 ], [ -41.249955, -13.30697 ], [ -41.205241, -13.290272 ], [ -41.190707, -13.284807 ], [ -41.159621, -13.273119 ], [ -41.140679, -13.297279 ], [ -41.130762, -13.292182 ], [ -41.125597, -13.284584 ], [ -41.104825, -13.290943 ], [ -41.106798, -13.302414 ], [ -41.103879, -13.316474 ], [ -41.114729, -13.322233 ], [ -41.115989, -13.336765 ], [ -41.125184, -13.329525 ], [ -41.128097, -13.338413 ], [ -41.126289, -13.348267 ], [ -41.128962, -13.360345 ], [ -41.154094, -13.374443 ], [ -41.154733, -13.389054 ], [ -41.159568, -13.40124 ], [ -41.177986, -13.40555 ], [ -41.179461, -13.402735 ], [ -41.186071, -13.403078 ], [ -41.195679, -13.414255 ], [ -41.214153, -13.42016 ], [ -41.214007, -13.425892 ], [ -41.224316, -13.428051 ], [ -41.228541, -13.424949 ], [ -41.232586, -13.428269 ], [ -41.231741, -13.433967 ], [ -41.235428, -13.458929 ], [ -41.151112, -13.500871 ], [ -41.122623, -13.515024 ], [ -41.119049, -13.516801 ], [ -41.038483, -13.556783 ], [ -41.009286, -13.582588 ], [ -41.007331, -13.584315 ], [ -40.90241, -13.672994 ], [ -40.902308, -13.67308 ], [ -40.861147, -13.707697 ], [ -40.812148, -13.747342 ], [ -40.809599, -13.75389 ], [ -40.794514, -13.75918 ], [ -40.784295, -13.779373 ], [ -40.786177, -13.786161 ], [ -40.776648, -13.834831 ], [ -40.793704, -13.834189 ], [ -40.848955, -13.849624 ], [ -40.859989, -13.849617 ], [ -40.878325, -13.842962 ], [ -40.882259, -13.844942 ], [ -40.894075, -13.873304 ], [ -40.906517, -13.886136 ], [ -40.921516, -13.89099 ], [ -40.935009, -13.893023 ], [ -40.936848, -13.896462 ], [ -40.927344, -13.904829 ], [ -40.913988, -13.900696 ], [ -40.91098, -13.912826 ], [ -40.925211, -13.920418 ], [ -40.937506, -13.910047 ], [ -40.950294, -13.906519 ], [ -40.963157, -13.922417 ], [ -40.959404, -13.93086 ], [ -40.960064, -13.939172 ], [ -40.97667, -13.941168 ], [ -40.983201, -13.947243 ], [ -40.975347, -13.958361 ], [ -40.980974, -13.964051 ], [ -40.981297, -13.969639 ], [ -40.97854, -13.977752 ], [ -40.903755, -14.019661 ], [ -40.812245, -14.071049 ], [ -40.697456, -14.135372 ], [ -40.652666, -14.154816 ], [ -40.563075, -14.191238 ], [ -40.539622, -14.200804 ], [ -40.460276, -14.232956 ], [ -40.392574, -14.260373 ], [ -40.391147, -14.260956 ], [ -40.385136, -14.27204 ], [ -40.39323, -14.273818 ], [ -40.391783, -14.284406 ], [ -40.406342, -14.280651 ], [ -40.423199, -14.286034 ], [ -40.432788, -14.298095 ], [ -40.439144, -14.292492 ], [ -40.445862, -14.296614 ], [ -40.44654, -14.29703 ], [ -40.454504, -14.2999 ], [ -40.455507, -14.304861 ], [ -40.460782, -14.305076 ], [ -40.464569, -14.309937 ], [ -40.472992, -14.307742 ], [ -40.47957, -14.317058 ], [ -40.488202, -14.317621 ], [ -40.4901, -14.323895 ], [ -40.505447, -14.338018 ], [ -40.506072, -14.358768 ], [ -40.456195, -14.379641 ], [ -40.411903, -14.397666 ], [ -40.39164, -14.405906 ], [ -40.384689, -14.408732 ], [ -40.352139, -14.421576 ], [ -40.314168, -14.436549 ], [ -40.291263, -14.439883 ], [ -40.269067, -14.443112 ], [ -40.212915, -14.45127 ], [ -40.191653, -14.461536 ], [ -40.183315, -14.480072 ], [ -40.1761, -14.483142 ], [ -40.166372, -14.478429 ], [ -40.165755, -14.482034 ], [ -40.158012, -14.48547 ], [ -40.148983, -14.482898 ], [ -40.138231, -14.485842 ], [ -40.13835, -14.488347 ], [ -40.133265, -14.491616 ], [ -40.131766, -14.488421 ], [ -40.118447, -14.489673 ], [ -40.120733, -14.494799 ], [ -40.105813, -14.507942 ], [ -40.105241, -14.519822 ], [ -40.096153, -14.520686 ], [ -40.085647, -14.52263 ], [ -40.082693, -14.515976 ], [ -40.072535, -14.517356 ], [ -40.065265, -14.513584 ], [ -40.063073, -14.523136 ], [ -40.058841, -14.526855 ], [ -40.044246, -14.528259 ], [ -40.032488, -14.535493 ], [ -40.032033, -14.5389 ], [ -40.023923, -14.530249 ], [ -40.017842, -14.533032 ], [ -40.008254, -14.53133 ], [ -40.007487, -14.520906 ], [ -39.992529, -14.507196 ], [ -39.986813, -14.506571 ], [ -39.983316, -14.49344 ], [ -39.973446, -14.488106 ], [ -39.972254, -14.483256 ], [ -39.962983, -14.482851 ], [ -39.959698, -14.478023 ], [ -39.956784, -14.469975 ], [ -39.951625, -14.46655 ], [ -39.94521, -14.477181 ], [ -39.943479, -14.479391 ], [ -39.940931, -14.476932 ], [ -39.925814, -14.466185 ], [ -39.918956, -14.467473 ], [ -39.907913, -14.446804 ], [ -39.903273, -14.437539 ], [ -39.899115, -14.434054 ], [ -39.892389, -14.433439 ], [ -39.887477, -14.437294 ], [ -39.882565, -14.433029 ], [ -39.879003, -14.43484 ], [ -39.873395, -14.431904 ], [ -39.867642, -14.444157 ], [ -39.857871, -14.442082 ], [ -39.860866, -14.446547 ], [ -39.857506, -14.451495 ], [ -39.850924, -14.450155 ], [ -39.852642, -14.447236 ], [ -39.845421, -14.442493 ], [ -39.845173, -14.435997 ], [ -39.837331, -14.442343 ], [ -39.83303, -14.433003 ], [ -39.829036, -14.431772 ], [ -39.833124, -14.428796 ], [ -39.82948, -14.419772 ], [ -39.832758, -14.394687 ], [ -39.827203, -14.393615 ], [ -39.823593, -14.382612 ], [ -39.822782, -14.379483 ], [ -39.819064, -14.382206 ], [ -39.816037, -14.375168 ], [ -39.811951, -14.374851 ], [ -39.812899, -14.366172 ], [ -39.804284, -14.367074 ], [ -39.794341, -14.359065 ], [ -39.789783, -14.349826 ], [ -39.780784, -14.348452 ], [ -39.765231, -14.358444 ], [ -39.74062, -14.346881 ], [ -39.745789, -14.369794 ], [ -39.720122, -14.37513 ], [ -39.719231, -14.370205 ], [ -39.727633, -14.365329 ], [ -39.725346, -14.361437 ], [ -39.719285, -14.360078 ], [ -39.715008, -14.368506 ], [ -39.707351, -14.364289 ], [ -39.696449, -14.368714 ], [ -39.702379, -14.384293 ], [ -39.709394, -14.393971 ], [ -39.708257, -14.396856 ], [ -39.712428, -14.399919 ], [ -39.71148, -14.404661 ], [ -39.716149, -14.411832 ], [ -39.711535, -14.416043 ], [ -39.712734, -14.420053 ], [ -39.706372, -14.423164 ], [ -39.707196, -14.429468 ], [ -39.703712, -14.434486 ], [ -39.711879, -14.463506 ], [ -39.712683, -14.46998 ], [ -39.716554, -14.471727 ], [ -39.717481, -14.483717 ], [ -39.724844, -14.488504 ], [ -39.73137, -14.514594 ], [ -39.729316, -14.532611 ], [ -39.734084, -14.554503 ], [ -39.727821, -14.559815 ], [ -39.72741, -14.566595 ], [ -39.718193, -14.569087 ], [ -39.717921, -14.573383 ], [ -39.715706, -14.578795 ], [ -39.723217, -14.591482 ], [ -39.71918, -14.601678 ], [ -39.722771, -14.616534 ], [ -39.729401, -14.620232 ], [ -39.731025, -14.625447 ], [ -39.729445, -14.637679 ], [ -39.737138, -14.64742 ], [ -39.736664, -14.652191 ], [ -39.745705, -14.657576 ], [ -39.743236, -14.6629 ], [ -39.745773, -14.665845 ], [ -39.751964, -14.684526 ], [ -39.751172, -14.69506 ], [ -39.755857, -14.699003 ], [ -39.758419, -14.712005 ], [ -39.749372, -14.718394 ], [ -39.753442, -14.734916 ], [ -39.74854, -14.740906 ], [ -39.749352, -14.749611 ], [ -39.754263, -14.758869 ], [ -39.760262, -14.760514 ], [ -39.759618, -14.750506 ], [ -39.770728, -14.739853 ], [ -39.770232, -14.73365 ], [ -39.776468, -14.732944 ], [ -39.789343, -14.73063 ], [ -39.796836, -14.74446 ], [ -39.810703, -14.746866 ], [ -39.814726, -14.75227 ], [ -39.82509, -14.756606 ], [ -39.835806, -14.778548 ], [ -39.836894, -14.779472 ], [ -39.839959, -14.777892 ], [ -39.857474, -14.786845 ], [ -39.868312, -14.788634 ], [ -39.874775, -14.814991 ], [ -39.87662, -14.814493 ], [ -39.882116, -14.865848 ], [ -39.88201, -14.866488 ], [ -39.874637, -14.912099 ], [ -39.868442, -14.950353 ], [ -39.864231, -14.976323 ], [ -39.868538, -14.980289 ], [ -39.873037, -15.001459 ], [ -39.881452, -15.004435 ], [ -39.884456, -15.012664 ], [ -39.888587, -15.006719 ], [ -39.889977, -14.982281 ], [ -39.894641, -14.980783 ], [ -39.897539, -14.989602 ], [ -39.894706, -15.00301 ], [ -39.900511, -15.012563 ], [ -39.900117, -15.025004 ], [ -39.903515, -15.025731 ], [ -39.912453, -15.037959 ], [ -39.910286, -15.043454 ], [ -39.900839, -15.045622 ], [ -39.90084, -15.052284 ], [ -39.894895, -15.05314 ], [ -39.89073, -15.096478 ], [ -39.895035, -15.101234 ], [ -39.894817, -15.102173 ], [ -39.857863, -15.262684 ], [ -39.848776, -15.302031 ], [ -39.846639, -15.31128 ], [ -39.823005, -15.393242 ], [ -39.80941, -15.440308 ], [ -39.774554, -15.559316 ], [ -39.772676, -15.566195 ], [ -39.770722, -15.566781 ], [ -39.752119, -15.5556 ], [ -39.732338, -15.556283 ], [ -39.721164, -15.56077 ], [ -39.718383, -15.55779 ], [ -39.713297, -15.564682 ], [ -39.715278, -15.571962 ], [ -39.708893, -15.579576 ], [ -39.713127, -15.591499 ], [ -39.703316, -15.593453 ], [ -39.695061, -15.599805 ], [ -39.682502, -15.618579 ], [ -39.683421, -15.621803 ], [ -39.692588, -15.62286 ], [ -39.695534, -15.630624 ], [ -39.688216, -15.637272 ], [ -39.675771, -15.637551 ], [ -39.674803, -15.622152 ], [ -39.666807, -15.610542 ], [ -39.672172, -15.605179 ], [ -39.661398, -15.606221 ], [ -39.653807, -15.591579 ], [ -39.644614, -15.595578 ], [ -39.641169, -15.605954 ], [ -39.634086, -15.61 ], [ -39.634473, -15.617242 ], [ -39.632903, -15.619635 ], [ -39.615311, -15.620276 ], [ -39.589329, -15.599823 ], [ -39.583668, -15.59316 ], [ -39.578749, -15.593216 ], [ -39.55062, -15.604105 ], [ -39.543558, -15.611827 ], [ -39.525299, -15.61465 ], [ -39.532497, -15.618765 ], [ -39.537314, -15.626701 ], [ -39.537416, -15.637518 ], [ -39.54295, -15.644547 ], [ -39.540876, -15.651863 ], [ -39.543422, -15.653094 ], [ -39.543514, -15.665131 ], [ -39.534139, -15.687945 ], [ -39.534512, -15.697284 ], [ -39.539165, -15.700386 ], [ -39.53803, -15.707594 ], [ -39.543055, -15.712498 ], [ -39.54378, -15.737192 ], [ -39.544593, -15.741309 ], [ -39.545033, -15.7422 ], [ -39.554282, -15.742998 ], [ -39.556557, -15.749929 ], [ -39.567674, -15.751709 ], [ -39.574499, -15.768809 ], [ -39.571098, -15.77558 ], [ -39.573884, -15.775623 ], [ -39.586276, -15.768252 ], [ -39.591702, -15.773553 ], [ -39.59356, -15.768736 ], [ -39.608658, -15.758444 ], [ -39.628253, -15.750142 ], [ -39.63239, -15.742707 ], [ -39.650312, -15.744983 ], [ -39.65452, -15.750348 ], [ -39.656522, -15.754351 ], [ -39.662535, -15.750994 ], [ -39.66936, -15.754273 ], [ -39.672915, -15.751167 ], [ -39.677474, -15.765215 ], [ -39.685287, -15.765881 ], [ -39.693746, -15.772392 ], [ -39.711858, -15.778653 ], [ -39.730859, -15.777418 ], [ -39.737732, -15.788793 ], [ -39.751728, -15.800652 ], [ -39.763563, -15.801548 ], [ -39.781002, -15.815072 ], [ -39.790804, -15.815814 ], [ -39.793646, -15.823715 ], [ -39.790734, -15.835986 ], [ -39.794951, -15.838782 ], [ -39.802494, -15.837961 ], [ -39.815006, -15.845279 ], [ -39.815449, -15.863775 ], [ -39.825807, -15.869689 ], [ -39.836027, -15.870878 ], [ -39.832168, -15.878118 ], [ -39.833838, -15.883557 ], [ -39.845336, -15.881817 ], [ -39.84968, -15.874367 ], [ -39.859031, -15.875542 ], [ -39.875605, -15.883604 ], [ -39.882421, -15.893025 ], [ -39.893031, -15.877022 ], [ -39.910171, -15.87072 ], [ -39.922364, -15.869646 ], [ -39.930308, -15.884086 ], [ -39.944723, -15.868391 ], [ -39.94956, -15.868728 ], [ -39.951898, -15.874489 ], [ -39.947736, -15.882965 ], [ -39.949237, -15.896742 ], [ -39.942037, -15.906587 ], [ -39.931897, -15.922595 ], [ -39.924154, -15.923719 ], [ -39.912635, -15.934282 ], [ -39.908976, -15.946559 ], [ -39.897172, -15.949547 ], [ -39.89256, -15.957156 ], [ -39.879166, -15.952099 ], [ -39.867279, -15.953385 ], [ -39.864782, -15.95768 ], [ -39.850642, -15.963839 ], [ -39.843446, -15.976593 ], [ -39.850253, -15.98281 ], [ -39.858137, -15.984045 ], [ -39.866649, -15.99688 ], [ -39.914763, -15.999521 ], [ -39.923388, -15.994833 ], [ -39.930107, -15.99463 ], [ -39.953417, -15.990977 ], [ -39.964209, -15.998383 ], [ -39.963583, -16.004868 ], [ -39.966217, -16.003965 ], [ -39.979887, -16.005097 ], [ -39.979621, -15.997178 ], [ -39.991673, -15.994537 ], [ -39.994701, -16.000012 ], [ -40.004059, -16.001374 ], [ -40.000592, -15.994212 ], [ -40.008054, -15.994454 ], [ -40.013313, -15.983542 ], [ -40.020948, -15.984341 ], [ -40.022202, -15.989983 ], [ -40.027784, -15.985116 ], [ -40.026894, -15.98003 ], [ -40.03231, -15.978105 ], [ -40.031087, -15.972811 ], [ -40.034019, -15.973055 ], [ -40.042617, -15.97337 ], [ -40.046145, -15.969544 ], [ -40.04273, -15.96786 ], [ -40.045396, -15.961893 ], [ -40.060782, -15.963538 ], [ -40.065817, -15.959745 ], [ -40.064248, -15.95505 ], [ -40.058756, -15.952715 ], [ -40.065829, -15.94991 ], [ -40.065756, -15.939301 ], [ -40.070311, -15.937477 ], [ -40.078453, -15.94046 ], [ -40.07653, -15.933872 ], [ -40.068473, -15.93345 ], [ -40.065964, -15.924514 ], [ -40.071282, -15.925693 ], [ -40.065669, -15.909423 ], [ -40.072678, -15.911563 ], [ -40.074469, -15.91959 ], [ -40.08053, -15.923634 ], [ -40.086391, -15.913116 ], [ -40.081346, -15.904352 ], [ -40.084619, -15.896657 ], [ -40.093382, -15.897621 ], [ -40.09647, -15.899741 ], [ -40.09625, -15.906938 ], [ -40.104972, -15.911587 ], [ -40.112621, -15.910829 ], [ -40.116674, -15.903036 ], [ -40.127858, -15.90698 ], [ -40.137027, -15.905811 ], [ -40.140194, -15.898425 ], [ -40.145662, -15.898934 ], [ -40.148922, -15.904904 ], [ -40.156083, -15.899072 ], [ -40.159448, -15.908002 ], [ -40.164366, -15.909768 ], [ -40.16648, -15.904555 ], [ -40.170337, -15.907067 ], [ -40.174934, -15.903596 ], [ -40.173892, -15.897786 ], [ -40.165455, -15.893605 ], [ -40.165726, -15.867914 ], [ -40.173588, -15.870027 ], [ -40.192279, -15.857288 ], [ -40.199695, -15.862047 ], [ -40.198787, -15.856396 ], [ -40.206484, -15.854022 ], [ -40.205456, -15.845648 ], [ -40.212424, -15.841835 ], [ -40.212618, -15.835298 ], [ -40.218452, -15.835317 ], [ -40.217876, -15.826136 ], [ -40.223623, -15.827011 ], [ -40.223399, -15.820035 ], [ -40.227737, -15.815718 ], [ -40.230733, -15.803385 ], [ -40.23562, -15.80315 ], [ -40.25531, -15.810055 ], [ -40.262204, -15.808366 ], [ -40.262635, -15.812612 ], [ -40.268532, -15.812279 ], [ -40.270784, -15.81685 ], [ -40.275198, -15.81702 ], [ -40.282286, -15.80751 ], [ -40.294026, -15.81615 ], [ -40.311171, -15.815129 ], [ -40.313887, -15.818444 ], [ -40.322834, -15.819176 ], [ -40.323714, -15.819259 ], [ -40.327144, -15.817767 ], [ -40.335724, -15.823868 ], [ -40.339562, -15.821155 ], [ -40.338845, -15.816297 ], [ -40.346703, -15.816825 ], [ -40.35634, -15.812553 ], [ -40.366003, -15.816992 ], [ -40.371114, -15.813909 ], [ -40.37648, -15.82306 ], [ -40.382122, -15.814034 ], [ -40.386004, -15.81624 ], [ -40.391896, -15.819413 ], [ -40.396952, -15.813397 ], [ -40.401037, -15.812455 ], [ -40.401786, -15.81624 ], [ -40.414201, -15.806079 ], [ -40.418363, -15.807968 ], [ -40.424653, -15.805246 ], [ -40.43209, -15.778191 ], [ -40.451238, -15.759212 ], [ -40.451239, -15.759212 ], [ -40.461048, -15.75277 ], [ -40.475134, -15.77085 ], [ -40.483744, -15.775335 ], [ -40.494282, -15.765417 ], [ -40.505927, -15.76644 ], [ -40.518755, -15.780415 ], [ -40.5179, -15.797048 ], [ -40.538507, -15.794353 ], [ -40.552483, -15.803259 ], [ -40.563091, -15.802442 ], [ -40.572746, -15.787613 ], [ -40.567036, -15.775461 ], [ -40.583331, -15.772444 ], [ -40.592718, -15.771285 ], [ -40.592232, -15.761855 ], [ -40.603568, -15.758832 ], [ -40.599427, -15.750645 ], [ -40.600647, -15.742949 ], [ -40.60622, -15.736295 ], [ -40.613772, -15.734649 ], [ -40.629007, -15.715251 ], [ -40.633025, -15.717646 ], [ -40.637137, -15.729821 ], [ -40.644564, -15.728398 ], [ -40.660817, -15.706665 ], [ -40.681926, -15.69856 ], [ -40.681512, -15.693965 ], [ -40.695951, -15.671296 ], [ -40.700255, -15.667526 ], [ -40.706827, -15.665944 ], [ -40.720068, -15.672443 ], [ -40.731772, -15.674438 ], [ -40.740185, -15.681016 ], [ -40.743431, -15.683554 ], [ -40.737142, -15.697316 ], [ -40.739478, -15.703186 ], [ -40.748703, -15.706493 ], [ -40.76728, -15.713618 ], [ -40.782901, -15.700914 ], [ -40.785564, -15.691803 ], [ -40.779954, -15.679737 ], [ -40.791237, -15.667971 ], [ -40.815226, -15.647804 ], [ -40.81646, -15.647111 ], [ -40.828928, -15.6478 ], [ -40.831975, -15.653659 ], [ -40.831066, -15.670315 ], [ -40.839172, -15.674481 ], [ -40.841649, -15.682764 ], [ -40.848448, -15.680849 ], [ -40.855066, -15.686696 ], [ -40.881173, -15.69401 ], [ -40.891648, -15.690141 ], [ -40.902185, -15.691382 ], [ -40.90829, -15.680796 ], [ -40.906703, -15.674749 ], [ -40.912461, -15.661924 ], [ -40.926149, -15.655594 ], [ -40.93003, -15.660582 ], [ -40.935598, -15.656182 ], [ -40.948817, -15.655784 ], [ -40.96274, -15.64794 ], [ -40.974581, -15.668623 ], [ -40.979226, -15.691201 ], [ -40.98509, -15.692859 ], [ -41.003521, -15.711386 ], [ -41.007577, -15.71385 ], [ -41.035887, -15.713356 ], [ -41.045191, -15.721433 ], [ -41.053034, -15.724654 ], [ -41.077172, -15.718828 ], [ -41.092508, -15.738221 ], [ -41.108706, -15.740503 ], [ -41.109452, -15.740713 ], [ -41.115121, -15.742409 ], [ -41.128248, -15.746309 ], [ -41.135231, -15.765682 ], [ -41.143962, -15.771434 ], [ -41.155898, -15.760916 ], [ -41.169066, -15.760061 ], [ -41.18963, -15.751333 ], [ -41.199386, -15.748459 ], [ -41.215009, -15.736706 ], [ -41.237003, -15.737051 ], [ -41.253111, -15.746465 ], [ -41.268174, -15.748244 ], [ -41.281567, -15.74031 ], [ -41.29256, -15.738545 ], [ -41.304344, -15.742973 ], [ -41.327785, -15.741361 ], [ -41.330818, -15.744213 ], [ -41.332208, -15.730812 ], [ -41.333559, -15.717788 ], [ -41.335187, -15.702074 ], [ -41.341924, -15.636931 ], [ -41.350132, -15.557296 ], [ -41.357655, -15.498345 ], [ -41.362167, -15.494218 ], [ -41.387238, -15.47126 ], [ -41.463919, -15.401381 ], [ -41.65095, -15.235479 ], [ -41.701191, -15.190177 ], [ -41.758856, -15.138117 ], [ -41.75954, -15.137499 ], [ -41.795104, -15.105357 ], [ -41.800319, -15.100642 ], [ -41.808988, -15.100643 ], [ -41.81595, -15.107934 ], [ -41.841646, -15.1137 ], [ -41.847919, -15.116387 ], [ -41.870039, -15.114725 ], [ -41.87592, -15.131189 ], [ -41.891955, -15.14606 ], [ -41.896647, -15.151444 ], [ -41.909482, -15.153913 ], [ -41.914727, -15.160131 ], [ -41.926235, -15.160336 ], [ -41.932144, -15.174046 ], [ -41.937804, -15.173561 ], [ -41.957802, -15.17328 ], [ -41.979233, -15.167176 ], [ -41.987401, -15.167874 ], [ -41.99711, -15.158435 ], [ -42.020923, -15.16388 ], [ -42.03093, -15.166085 ], [ -42.072901, -15.175247 ], [ -42.084316, -15.186074 ], [ -42.091227, -15.18615 ], [ -42.095674, -15.181987 ], [ -42.097927, -15.167868 ], [ -42.106986, -15.16615 ], [ -42.115912, -15.143665 ], [ -42.128521, -15.131256 ], [ -42.140651, -15.128388 ], [ -42.149513, -15.119895 ], [ -42.153478, -15.110105 ], [ -42.152953, -15.098904 ], [ -42.16407, -15.096941 ], [ -42.172925, -15.085499 ], [ -42.179406, -15.087372 ], [ -42.182565, -15.099191 ], [ -42.192205, -15.102664 ], [ -42.202429, -15.099622 ], [ -42.209132, -15.103997 ], [ -42.217352, -15.103958 ], [ -42.227036, -15.098812 ], [ -42.246789, -15.108769 ], [ -42.264401, -15.124724 ], [ -42.275043, -15.112834 ], [ -42.283439, -15.116855 ], [ -42.298576, -15.105517 ], [ -42.323294, -15.093105 ] ], [ [ -40.13492, -15.513942 ], [ -40.13934, -15.548698 ], [ -40.134919, -15.513941 ], [ -40.13492, -15.513942 ] ] ] } },
{ "type": "Feature", "properties": { "MACRO_ID": "2912", "MACRO_NAME": "Oeste (NBS - Barreiras)", "id": "290140", "name": "Angical", "description": "Angical", "MUN_ID": "290140", "UF": "BA", "HREG_ID": "29002", "HREG_NAME": "Barreiras" }, "geometry": { "type": "Polygon", "coordinates": [ [ [ -44.37774, -14.121945 ], [ -44.385457, -14.129345 ], [ -44.384795, -14.143169 ], [ -44.399879, -14.163039 ], [ -44.41529, -14.1657 ], [ -44.427625, -14.163165 ], [ -44.430291, -14.168327 ], [ -44.423869, -14.17713 ], [ -44.429211, -14.186401 ], [ -44.444935, -14.183092 ], [ -44.463047, -14.197958 ], [ -44.47531, -14.201069 ], [ -44.475436, -14.201101 ], [ -44.489378, -14.210314 ], [ -44.485242, -14.231335 ], [ -44.494717, -14.240926 ], [ -44.48254, -14.278137 ], [ -44.464984, -14.277793 ], [ -44.457327, -14.272852 ], [ -44.447787, -14.275566 ], [ -44.446237, -14.270582 ], [ -44.440129, -14.27511 ], [ -44.433933, -14.271094 ], [ -44.429232, -14.274795 ], [ -44.427961, -14.271265 ], [ -44.427937, -14.279575 ], [ -44.423519, -14.275627 ], [ -44.42191, -14.279097 ], [ -44.411574, -14.281155 ], [ -44.430288, -14.289075 ], [ -44.439489, -14.303216 ], [ -44.453217, -14.311537 ], [ -44.460741, -14.313048 ], [ -44.465075, -14.310286 ], [ -44.469156, -14.316089 ], [ -44.474577, -14.313903 ], [ -44.472762, -14.31682 ], [ -44.482728, -14.321672 ], [ -44.486765, -14.328074 ], [ -44.498031, -14.327238 ], [ -44.503028, -14.32188 ], [ -44.508457, -14.3252 ], [ -44.510431, -14.322242 ], [ -44.518488, -14.329766 ], [ -44.528741, -14.32768 ], [ -44.540132, -14.331326 ], [ -44.544708, -14.342617 ], [ -44.55679, -14.33659 ], [ -44.55946, -14.340055 ], [ -44.565152, -14.339614 ], [ -44.564158, -14.348156 ], [ -44.571878, -14.345124 ], [ -44.574682, -14.349599 ], [ -44.577067, -14.353404 ], [ -44.579633, -14.350893 ], [ -44.586656, -14.353969 ], [ -44.589292, -14.360925 ], [ -44.596964, -14.367463 ], [ -44.600548, -14.364859 ], [ -44.604235, -14.36779 ], [ -44.610324, -14.364996 ], [ -44.616183, -14.374692 ], [ -44.625182, -14.375664 ], [ -44.62858, -14.381321 ], [ -44.633185, -14.394027 ], [ -44.637679, -14.389748 ], [ -44.643376, -14.391479 ], [ -44.640689, -14.395724 ], [ -44.645407, -14.397648 ], [ -44.651123, -14.396828 ], [ -44.652038, -14.393123 ], [ -44.658465, -14.395311 ], [ -44.662967, -14.407272 ], [ -44.657628, -14.415918 ], [ -44.664432, -14.417698 ], [ -44.667572, -14.423405 ], [ -44.669153, -14.415752 ], [ -44.673796, -14.42405 ], [ -44.687939, -14.416235 ], [ -44.687436, -14.421093 ], [ -44.693823, -14.423041 ], [ -44.692705, -14.432179 ], [ -44.697792, -14.431601 ], [ -44.700879, -14.449342 ], [ -44.70485, -14.446137 ], [ -44.710152, -14.447681 ], [ -44.712465, -14.443518 ], [ -44.718659, -14.450564 ], [ -44.723405, -14.448608 ], [ -44.725243, -14.457203 ], [ -44.741371, -14.466748 ], [ -44.743016, -14.467224 ], [ -44.747601, -14.462971 ], [ -44.749075, -14.471335 ], [ -44.756328, -14.477934 ], [ -44.759867, -14.474787 ], [ -44.762433, -14.477739 ], [ -44.768959, -14.476892 ], [ -44.781634, -14.482149 ], [ -44.787155, -14.488429 ], [ -44.793951, -14.487405 ], [ -44.79391, -14.496144 ], [ -44.804383, -14.496112 ], [ -44.817851, -14.489749 ], [ -44.81666, -14.49376 ], [ -44.808794, -14.497413 ], [ -44.8134, -14.504213 ], [ -44.832823, -14.499382 ], [ -44.835077, -14.504139 ], [ -44.829322, -14.511517 ], [ -44.824117, -14.51316 ], [ -44.82362, -14.51773 ], [ -44.835877, -14.518042 ], [ -44.831378, -14.526702 ], [ -44.834474, -14.535478 ], [ -44.82602, -14.533736 ], [ -44.823939, -14.53893 ], [ -44.832462, -14.542017 ], [ -44.839488, -14.539908 ], [ -44.846693, -14.54504 ], [ -44.846511, -14.557577 ], [ -44.849546, -14.562325 ], [ -44.854542, -14.562177 ], [ -44.853713, -14.566693 ], [ -44.858379, -14.571076 ], [ -44.84969, -14.570696 ], [ -44.847126, -14.575035 ], [ -44.843491, -14.565864 ], [ -44.842971, -14.580391 ], [ -44.850292, -14.577119 ], [ -44.858548, -14.580471 ], [ -44.861568, -14.578758 ], [ -44.870431, -14.588955 ], [ -44.868779, -14.592938 ], [ -44.875543, -14.599216 ], [ -44.876156, -14.591619 ], [ -44.879045, -14.595438 ], [ -44.8906, -14.597209 ], [ -44.896068, -14.605009 ], [ -44.909794, -14.603103 ], [ -44.907569, -14.612939 ], [ -44.916595, -14.614218 ], [ -44.916264, -14.619213 ], [ -44.940937, -14.62724 ], [ -44.946178, -14.623282 ], [ -44.94261, -14.629771 ], [ -44.954375, -14.633561 ], [ -44.954378, -14.637416 ], [ -44.960188, -14.631275 ], [ -44.97053, -14.638394 ], [ -44.98018, -14.643056 ], [ -44.973522, -14.651657 ], [ -44.982965, -14.651395 ], [ -44.982153, -14.65723 ], [ -44.985517, -14.661687 ], [ -44.996221, -14.658398 ], [ -44.995331, -14.667368 ], [ -45.039905, -14.680038 ], [ -45.038741, -14.689643 ], [ -45.044588, -14.695496 ], [ -45.046396, -14.689281 ], [ -45.053705, -14.699005 ], [ -45.061969, -14.724509 ], [ -45.082355, -14.748319 ], [ -45.095431, -14.752552 ], [ -45.126153, -14.744945 ], [ -45.135871, -14.74697 ], [ -45.139542, -14.742524 ], [ -45.156461, -14.740337 ], [ -45.166044, -14.734854 ], [ -45.163186, -14.731937 ], [ -45.171598, -14.734232 ], [ -45.173871, -14.740871 ], [ -45.181488, -14.744128 ], [ -45.189187, -14.741998 ], [ -45.190879, -14.749265 ], [ -45.205155, -14.744292 ], [ -45.216697, -14.755284 ], [ -45.216239, -14.757445 ], [ -45.228846, -14.765276 ], [ -45.231241, -14.77456 ], [ -45.241543, -14.786082 ], [ -45.247019, -14.78316 ], [ -45.258294, -14.789075 ], [ -45.262676, -14.801757 ], [ -45.270764, -14.798375 ], [ -45.273992, -14.811054 ], [ -45.28832, -14.817662 ], [ -45.286494, -14.82129 ], [ -45.289736, -14.825286 ], [ -45.285271, -14.83203 ], [ -45.295046, -14.82691 ], [ -45.302152, -14.828397 ], [ -45.305586, -14.833884 ], [ -45.309741, -14.836244 ], [ -45.316733, -14.831549 ], [ -45.311017, -14.840652 ], [ -45.317622, -14.852122 ], [ -45.322076, -14.851619 ], [ -45.329689, -14.859058 ], [ -45.352451, -14.863658 ], [ -45.349496, -14.867622 ], [ -45.35152, -14.875635 ], [ -45.355149, -14.87706 ], [ -45.363555, -14.871248 ], [ -45.365905, -14.877223 ], [ -45.371676, -14.880505 ], [ -45.368517, -14.88904 ], [ -45.370323, -14.893684 ], [ -45.38071, -14.897361 ], [ -45.399376, -14.917054 ], [ -45.420624, -14.926137 ], [ -45.428737, -14.919279 ], [ -45.440034, -14.929223 ], [ -45.442075, -14.934805 ], [ -45.450792, -14.938273 ], [ -45.448661, -14.94221 ], [ -45.454916, -14.948626 ], [ -45.45471, -14.953271 ], [ -45.46943, -14.949607 ], [ -45.489631, -14.960315 ], [ -45.49807, -14.945934 ], [ -45.513566, -14.953521 ], [ -45.520275, -14.953111 ], [ -45.534307, -14.93781 ], [ -45.548646, -14.938581 ], [ -45.553257, -14.944659 ], [ -45.558703, -14.943064 ], [ -45.567145, -14.945386 ], [ -45.566628, -14.956048 ], [ -45.587994, -14.973271 ], [ -45.586355, -14.977708 ], [ -45.593061, -14.975054 ], [ -45.594099, -14.983779 ], [ -45.602289, -14.989085 ], [ -45.600569, -14.995807 ], [ -45.608131, -14.996179 ], [ -45.6168, -15.013833 ], [ -45.622865, -15.019809 ], [ -45.639179, -15.023044 ], [ -45.643575, -15.016867 ], [ -45.645751, -15.031612 ], [ -45.649147, -15.027576 ], [ -45.646911, -15.022966 ], [ -45.655096, -15.025352 ], [ -45.660001, -15.037831 ], [ -45.655396, -15.048082 ], [ -45.674388, -15.080095 ], [ -45.67841, -15.079191 ], [ -45.679342, -15.083447 ], [ -45.685408, -15.08639 ], [ -45.693467, -15.083764 ], [ -45.69285, -15.089271 ], [ -45.696755, -15.092512 ], [ -45.700518, -15.089966 ], [ -45.710303, -15.093012 ], [ -45.712536, -15.097355 ], [ -45.716614, -15.093462 ], [ -45.718487, -15.096949 ], [ -45.715513, -15.103237 ], [ -45.723541, -15.103819 ], [ -45.721207, -15.111781 ], [ -45.728434, -15.112737 ], [ -45.730504, -15.116384 ], [ -45.739255, -15.119996 ], [ -45.743881, -15.11827 ], [ -45.750685, -15.122134 ], [ -45.75632, -15.118083 ], [ -45.788602, -15.115082 ], [ -45.788856, -15.11228 ], [ -45.79135, -15.115 ], [ -45.801297, -15.118615 ], [ -45.811241, -15.112389 ], [ -45.820543, -15.117882 ], [ -45.826265, -15.116505 ], [ -45.827441, -15.122343 ], [ -45.83218, -15.123616 ], [ -45.833905, -15.136217 ], [ -45.838356, -15.13687 ], [ -45.843908, -15.144801 ], [ -45.85841, -15.143929 ], [ -45.857242, -15.148385 ], [ -45.873058, -15.157674 ], [ -45.9183, -15.132922 ], [ -45.953324, -15.139081 ], [ -45.972044, -15.154268 ], [ -45.971994, -15.169739 ], [ -45.974651, -15.168841 ], [ -45.979151, -15.173934 ], [ -45.976433, -15.17714 ], [ -45.984079, -15.195513 ], [ -45.992656, -15.195412 ], [ -45.993958, -15.200148 ], [ -46.000491, -15.195554 ], [ -46.010027, -15.195371 ], [ -46.026775, -15.199776 ], [ -46.031247, -15.205665 ], [ -46.031655, -15.213492 ], [ -46.039099, -15.216881 ], [ -46.038136, -15.230467 ], [ -46.046602, -15.235902 ], [ -46.047043, -15.241288 ], [ -46.050487, -15.241148 ], [ -46.050295, -15.246525 ], [ -46.055131, -15.25012 ], [ -46.0522, -15.258741 ], [ -46.057686, -15.262293 ], [ -46.076655, -15.264233 ], [ -46.080824, -15.248067 ], [ -46.084519, -15.245388 ], [ -46.09193, -15.247466 ], [ -46.098682, -15.237821 ], [ -46.09839, -15.216338 ], [ -46.118488, -15.20163 ], [ -46.118818, -15.191779 ], [ -46.097266, -15.192165 ], [ -46.092405, -15.184729 ], [ -46.080239, -15.181648 ], [ -46.078296, -15.175058 ], [ -46.061456, -15.174926 ], [ -46.053854, -15.171522 ], [ -46.047349, -15.163282 ], [ -46.046682, -15.149652 ], [ -46.043023, -15.145726 ], [ -46.045737, -15.140631 ], [ -46.050044, -15.132541 ], [ -46.043294, -15.117682 ], [ -46.02805, -15.113663 ], [ -46.027628, -15.101779 ], [ -46.019104, -15.092589 ], [ -46.018071, -15.080854 ], [ -46.001136, -15.063557 ], [ -45.995153, -15.058809 ], [ -45.995078, -15.054038 ], [ -45.987019, -15.050565 ], [ -45.975068, -15.038434 ], [ -45.974442, -15.004228 ], [ -45.978096, -14.998133 ], [ -45.969301, -14.991892 ], [ -45.965655, -14.965199 ], [ -45.971324, -14.948676 ], [ -45.986542, -14.940611 ], [ -45.995411, -14.927024 ], [ -46.006888, -14.925395 ], [ -46.003455, -14.901843 ], [ -46.020853, -14.883332 ], [ -46.035176, -14.876964 ], [ -46.037149, -14.87421 ], [ -46.032207, -14.856221 ], [ -46.044877, -14.83812 ], [ -46.050798, -14.836622 ], [ -46.049273, -14.832717 ], [ -46.052401, -14.830923 ], [ -46.037773, -14.821827 ], [ -46.022909, -14.817571 ], [ -46.019827, -14.810355 ], [ -46.017435, -14.80291 ], [ -46.007575, -14.793632 ], [ -46.008855, -14.773892 ], [ -46.012632, -14.768923 ], [ -46.007494, -14.76179 ], [ -46.006994, -14.742673 ], [ -46.012491, -14.733392 ], [ -46.006543, -14.730768 ], [ -46.001366, -14.719834 ], [ -46.001464, -14.710817 ], [ -46.006106, -14.706236 ], [ -46.006073, -14.701194 ], [ -46.022329, -14.691778 ], [ -46.029156, -14.682957 ], [ -46.025463, -14.67757 ], [ -46.0221, -14.670509 ], [ -46.024242, -14.66469 ], [ -46.020558, -14.662905 ], [ -46.012134, -14.661412 ], [ -46.007881, -14.657051 ], [ -46.006825, -14.662991 ], [ -45.999873, -14.664196 ], [ -45.989326, -14.658743 ], [ -45.988574, -14.645298 ], [ -45.994808, -14.638776 ], [ -45.985046, -14.626071 ], [ -45.984408, -14.620365 ], [ -46.000603, -14.601158 ], [ -45.988939, -14.588682 ], [ -45.98488, -14.573113 ], [ -45.987576, -14.566436 ], [ -45.995383, -14.565699 ], [ -45.990691, -14.563256 ], [ -45.989163, -14.556079 ], [ -45.993465, -14.553301 ], [ -45.988718, -14.549856 ], [ -45.996215, -14.542528 ], [ -45.989772, -14.541492 ], [ -45.979301, -14.545698 ], [ -45.976659, -14.538396 ], [ -45.980349, -14.530028 ], [ -46.000626, -14.520673 ], [ -46.00385, -14.515363 ], [ -45.998441, -14.509273 ], [ -46.000936, -14.503882 ], [ -45.993748, -14.500197 ], [ -45.993243, -14.494948 ], [ -45.996792, -14.48702 ], [ -46.012839, -14.475266 ], [ -46.013068, -14.474808 ], [ -46.015964, -14.469007 ], [ -46.014519, -14.460397 ], [ -46.011829, -14.454174 ], [ -46.001103, -14.44831 ], [ -46.000409, -14.434092 ], [ -46.009661, -14.427079 ], [ -46.011603, -14.420818 ], [ -46.01691, -14.420259 ], [ -46.011821, -14.407409 ], [ -46.007069, -14.40688 ], [ -46.004352, -14.420662 ], [ -45.99841, -14.42894 ], [ -45.972275, -14.431595 ], [ -45.957412, -14.425396 ], [ -45.949517, -14.416397 ], [ -45.934924, -14.414895 ], [ -45.927215, -14.40987 ], [ -45.925683, -14.385752 ], [ -45.922094, -14.379698 ], [ -45.911713, -14.374528 ], [ -45.912405, -14.366085 ], [ -45.906544, -14.357608 ], [ -45.906876, -14.35279 ], [ -45.913162, -14.346755 ], [ -45.929662, -14.350159 ], [ -45.942245, -14.343331 ], [ -45.946046, -14.32987 ], [ -45.953626, -14.324913 ], [ -45.955812, -14.314468 ], [ -45.958739, -14.305791 ], [ -45.962845, -14.285463 ], [ -45.975603, -14.277093 ], [ -45.994875, -14.278464 ], [ -45.99138, -14.262357 ], [ -45.99563, -14.256782 ], [ -46.007025, -14.255567 ], [ -46.014545, -14.26041 ], [ -46.021515, -14.259951 ], [ -46.026129, -14.255946 ], [ -46.028885, -14.245602 ], [ -46.045885, -14.2441 ], [ -46.060603, -14.232081 ], [ -46.052173, -14.204398 ], [ -46.060737, -14.193929 ], [ -46.076634, -14.195057 ], [ -46.090961, -14.205239 ], [ -46.098017, -14.201935 ], [ -46.101243, -14.192348 ], [ -46.115714, -14.187388 ], [ -46.113129, -14.169456 ], [ -46.117716, -14.159923 ], [ -46.1333, -14.152796 ], [ -46.15088, -14.159981 ], [ -46.185219, -14.151415 ], [ -46.196858, -14.142758 ], [ -46.197436, -14.126087 ], [ -46.201766, -14.119185 ], [ -46.216435, -14.119569 ], [ -46.235967, -14.106797 ], [ -46.254438, -14.104457 ], [ -46.265357, -14.09752 ], [ -46.253056, -14.086613 ], [ -46.247326, -14.093432 ], [ -46.241562, -14.092269 ], [ -46.224779, -14.069182 ], [ -46.232331, -14.056078 ], [ -46.242439, -14.059475 ], [ -46.247991, -14.056095 ], [ -46.23171, -14.047377 ], [ -46.210164, -14.018852 ], [ -46.209581, -14.012409 ], [ -46.218442, -14.00204 ], [ -46.215857, -13.979447 ], [ -46.222023, -13.970719 ], [ -46.233021, -13.967136 ], [ -46.267708, -13.943319 ], [ -46.261819, -13.927746 ], [ -46.261742, -13.902176 ], [ -46.243437, -13.868187 ], [ -46.233237, -13.845176 ], [ -46.23529, -13.841053 ], [ -46.249276, -13.830283 ], [ -46.269138, -13.828414 ], [ -46.271344, -13.821468 ], [ -46.262157, -13.808138 ], [ -46.282024, -13.79605 ], [ -46.273326, -13.786762 ], [ -46.227207, -13.773761 ], [ -46.223902, -13.764944 ], [ -46.236743, -13.744389 ], [ -46.254828, -13.748285 ], [ -46.266467, -13.739885 ], [ -46.264274, -13.732887 ], [ -46.237484, -13.715797 ], [ -46.235089, -13.707722 ], [ -46.237967, -13.700186 ], [ -46.261109, -13.688601 ], [ -46.253353, -13.681828 ], [ -46.24252, -13.658542 ], [ -46.227989, -13.647163 ], [ -46.212779, -13.629543 ], [ -46.193275, -13.621355 ], [ -46.16154, -13.59049 ], [ -46.164352, -13.584027 ], [ -46.183906, -13.567132 ], [ -46.214042, -13.571812 ], [ -46.220161, -13.567833 ], [ -46.228073, -13.568521 ], [ -46.235076, -13.562471 ], [ -46.238263, -13.554146 ], [ -46.234241, -13.540496 ], [ -46.240907, -13.525091 ], [ -46.226378, -13.51313 ], [ -46.218165, -13.50007 ], [ -46.221518, -13.497194 ], [ -46.219881, -13.48732 ], [ -46.227912, -13.485083 ], [ -46.229828, -13.480989 ], [ -46.225355, -13.476488 ], [ -46.209467, -13.472332 ], [ -46.205993, -13.465194 ], [ -46.222077, -13.44793 ], [ -46.225331, -13.434028 ], [ -46.242298, -13.436718 ], [ -46.242888, -13.429822 ], [ -46.21799, -13.410134 ], [ -46.213939, -13.400276 ], [ -46.191362, -13.39018 ], [ -46.16999, -13.383517 ], [ -46.154323, -13.382903 ], [ -46.133602, -13.37479 ], [ -46.126019, -13.364042 ], [ -46.111998, -13.358239 ], [ -46.09466, -13.332047 ], [ -46.082988, -13.329943 ], [ -46.061278, -13.317862 ], [ -46.048051, -13.308761 ], [ -46.040837, -13.280038 ], [ -46.040704, -13.277182 ], [ -46.04174, -13.272237 ], [ -46.048861, -13.270832 ], [ -46.051797, -13.264001 ], [ -46.063442, -13.260852 ], [ -46.079242, -13.269368 ], [ -46.089242, -13.270297 ], [ -46.112214, -13.283845 ], [ -46.122497, -13.281965 ], [ -46.128854, -13.290269 ], [ -46.171877, -13.311838 ], [ -46.204631, -13.319865 ], [ -46.217782, -13.316794 ], [ -46.237188, -13.335788 ], [ -46.266075, -13.347918 ], [ -46.271169, -13.344975 ], [ -46.278964, -13.347461 ], [ -46.287237, -13.326255 ], [ -46.288245, -13.314181 ], [ -46.298161, -13.313027 ], [ -46.314931, -13.304464 ], [ -46.31341, -13.297668 ], [ -46.298554, -13.281367 ], [ -46.30105, -13.26628 ], [ -46.297523, -13.255427 ], [ -46.301856, -13.251852 ], [ -46.316292, -13.25202 ], [ -46.329743, -13.252375 ], [ -46.330718, -13.249101 ], [ -46.320742, -13.238909 ], [ -46.313774, -13.224916 ], [ -46.311826, -13.211046 ], [ -46.304072, -13.205097 ], [ -46.300385, -13.193171 ], [ -46.302608, -13.18181 ], [ -46.309663, -13.181575 ], [ -46.314051, -13.17765 ], [ -46.303526, -13.16675 ], [ -46.309384, -13.157542 ], [ -46.293201, -13.150921 ], [ -46.291216, -13.143159 ], [ -46.294804, -13.129431 ], [ -46.298303, -13.125508 ], [ -46.308148, -13.123628 ], [ -46.313524, -13.108071 ], [ -46.32224, -13.097848 ], [ -46.30116, -13.075686 ], [ -46.295491, -13.063506 ], [ -46.291469, -13.053434 ], [ -46.280272, -13.042996 ], [ -46.278551, -13.037025 ], [ -46.280942, -13.033649 ], [ -46.275155, -13.027884 ], [ -46.272955, -13.014519 ], [ -46.25287, -13.005623 ], [ -46.245104, -12.996975 ], [ -46.23988, -12.999421 ], [ -46.231875, -12.995067 ], [ -46.220021, -13.003685 ], [ -46.208462, -12.998473 ], [ -46.196546, -12.99631 ], [ -46.190991, -12.989362 ], [ -46.173689, -12.983129 ], [ -46.165824, -12.975528 ], [ -46.154161, -12.976137 ], [ -46.138469, -12.965008 ], [ -46.125422, -12.961043 ], [ -46.121804, -12.956994 ], [ -46.121967, -12.947134 ], [ -46.112793, -12.932957 ], [ -46.113487, -12.917817 ], [ -46.125271, -12.909548 ], [ -46.138537, -12.908954 ], [ -46.183967, -12.923376 ], [ -46.197711, -12.924868 ], [ -46.220095, -12.940125 ], [ -46.266325, -12.931915 ], [ -46.275242, -12.934804 ], [ -46.279273, -12.942533 ], [ -46.304366, -12.949437 ], [ -46.291992, -12.919117 ], [ -46.297135, -12.906851 ], [ -46.285775, -12.894779 ], [ -46.284106, -12.878029 ], [ -46.292633, -12.859912 ], [ -46.287436, -12.855767 ], [ -46.272913, -12.846714 ], [ -46.261885, -12.831239 ], [ -46.269643, -12.82115 ], [ -46.272019, -12.811564 ], [ -46.280444, -12.805493 ], [ -46.277618, -12.792343 ], [ -46.282831, -12.783104 ], [ -46.274566, -12.77452 ], [ -46.275902, -12.758842 ], [ -46.279917, -12.750277 ], [ -46.267139, -12.738824 ], [ -46.264497, -12.716515 ], [ -46.276246, -12.705371 ], [ -46.286268, -12.704826 ], [ -46.28579, -12.698142 ], [ -46.292829, -12.692387 ], [ -46.284257, -12.678925 ], [ -46.265134, -12.667599 ], [ -46.255736, -12.654708 ], [ -46.261012, -12.645967 ], [ -46.270972, -12.643293 ], [ -46.273187, -12.637614 ], [ -46.290306, -12.632506 ], [ -46.272781, -12.593524 ], [ -46.27952, -12.584466 ], [ -46.265914, -12.571906 ], [ -46.260724, -12.549281 ], [ -46.255996, -12.546738 ], [ -46.24555, -12.545922 ], [ -46.226574, -12.535879 ], [ -46.201299, -12.529847 ], [ -46.160223, -12.528136 ], [ -46.15156, -12.513425 ], [ -46.161629, -12.495124 ], [ -46.153463, -12.482922 ], [ -46.159297, -12.474061 ], [ -46.186437, -12.477125 ], [ -46.227435, -12.497922 ], [ -46.254377, -12.493877 ], [ -46.25316, -12.459781 ], [ -46.247194, -12.448089 ], [ -46.247411, -12.438505 ], [ -46.25598, -12.42389 ], [ -46.264523, -12.412232 ], [ -46.273412, -12.413991 ], [ -46.282995, -12.410754 ], [ -46.292426, -12.417246 ], [ -46.300606, -12.415348 ], [ -46.304276, -12.405102 ], [ -46.295612, -12.397263 ], [ -46.293905, -12.384279 ], [ -46.285245, -12.37862 ], [ -46.295571, -12.367087 ], [ -46.31247, -12.355921 ], [ -46.324304, -12.355689 ], [ -46.332203, -12.344825 ], [ -46.332624, -12.344093 ], [ -46.33372, -12.342183 ], [ -46.340083, -12.336486 ], [ -46.351972, -12.336973 ], [ -46.352629, -12.330346 ], [ -46.349168, -12.326528 ], [ -46.35111, -12.320359 ], [ -46.345836, -12.314434 ], [ -46.324745, -12.308013 ], [ -46.322998, -12.303106 ], [ -46.328944, -12.297679 ], [ -46.349997, -12.296929 ], [ -46.373948, -12.289375 ], [ -46.366416, -12.275366 ], [ -46.365711, -12.266222 ], [ -46.378193, -12.253881 ], [ -46.380361, -12.247003 ], [ -46.366046, -12.241035 ], [ -46.359432, -12.22361 ], [ -46.367887, -12.214299 ], [ -46.368213, -12.19937 ], [ -46.390572, -12.193447 ], [ -46.380301, -12.17897 ], [ -46.382614, -12.173628 ], [ -46.389472, -12.170103 ], [ -46.38928, -12.166477 ], [ -46.378885, -12.160353 ], [ -46.374942, -12.152712 ], [ -46.369636, -12.134268 ], [ -46.370807, -12.122105 ], [ -46.365947, -12.110821 ], [ -46.367718, -12.097847 ], [ -46.385194, -12.091995 ], [ -46.381086, -12.082453 ], [ -46.388025, -12.072123 ], [ -46.378111, -12.059379 ], [ -46.381419, -12.052503 ], [ -46.397442, -12.039911 ], [ -46.395, -12.025855 ], [ -46.373192, -12.015044 ], [ -46.373111, -12.003896 ], [ -46.355773, -11.981045 ], [ -46.342635, -11.974976 ], [ -46.325278, -11.958058 ], [ -46.295058, -11.948832 ], [ -46.247547, -11.947098 ], [ -46.210091, -11.929969 ], [ -46.192138, -11.929069 ], [ -46.174692, -11.909594 ], [ -46.171908, -11.897467 ], [ -46.18069, -11.884979 ], [ -46.193303, -11.884093 ], [ -46.212997, -11.898177 ], [ -46.237714, -11.90218 ], [ -46.256019, -11.898239 ], [ -46.284578, -11.885511 ], [ -46.317554, -11.898059 ], [ -46.326297, -11.896277 ], [ -46.350856, -11.882129 ], [ -46.365055, -11.884015 ], [ -46.374158, -11.868175 ], [ -46.370915, -11.85403 ], [ -46.372999, -11.836246 ], [ -46.368082, -11.834286 ], [ -46.354967, -11.841815 ], [ -46.347103, -11.835525 ], [ -46.350495, -11.821809 ], [ -46.337472, -11.816006 ], [ -46.331192, -11.802533 ], [ -46.335136, -11.786363 ], [ -46.32428, -11.777649 ], [ -46.322298, -11.770314 ], [ -46.33867, -11.766107 ], [ -46.346942, -11.753444 ], [ -46.356464, -11.758803 ], [ -46.370469, -11.759885 ], [ -46.373051, -11.750699 ], [ -46.365747, -11.745318 ], [ -46.328945, -11.736874 ], [ -46.308551, -11.703644 ], [ -46.297078, -11.697833 ], [ -46.293641, -11.692331 ], [ -46.294469, -11.678254 ], [ -46.301138, -11.661155 ], [ -46.314676, -11.644238 ], [ -46.316056, -11.636829 ], [ -46.311106, -11.626793 ], [ -46.304193, -11.624949 ], [ -46.291054, -11.628302 ], [ -46.276936, -11.622869 ], [ -46.265353, -11.623862 ], [ -46.255856, -11.620747 ], [ -46.221327, -11.644298 ], [ -46.187355, -11.655057 ], [ -46.172244, -11.65199 ], [ -46.15358, -11.656552 ], [ -46.140591, -11.648222 ], [ -46.131396, -11.646031 ], [ -46.086575, -11.642207 ], [ -46.082773, -11.6357 ], [ -46.0871, -11.624525 ], [ -46.086255, -11.62171 ], [ -46.094855, -11.614571 ], [ -46.12664, -11.60385 ], [ -46.140749, -11.60774 ], [ -46.158028, -11.606806 ], [ -46.165975, -11.598957 ], [ -46.186629, -11.605712 ], [ -46.202353, -11.602164 ], [ -46.213048, -11.595285 ], [ -46.217859, -11.582001 ], [ -46.225772, -11.570792 ], [ -46.235859, -11.564915 ], [ -46.258411, -11.556324 ], [ -46.269911, -11.55697 ], [ -46.289464, -11.550932 ], [ -46.313031, -11.539065 ], [ -46.345828, -11.544449 ], [ -46.359638, -11.535189 ], [ -46.379935, -11.53395 ], [ -46.392207, -11.534401 ], [ -46.401444, -11.540684 ], [ -46.41091, -11.541525 ], [ -46.416774, -11.538754 ], [ -46.426613, -11.525623 ], [ -46.445109, -11.514234 ], [ -46.45789, -11.513952 ], [ -46.468053, -11.518137 ], [ -46.47889, -11.515965 ], [ -46.485855, -11.504663 ], [ -46.501828, -11.499101 ], [ -46.521525, -11.479339 ], [ -46.526418, -11.465601 ], [ -46.524832, -11.432385 ], [ -46.527754, -11.422085 ], [ -46.542661, -11.41532 ], [ -46.548471, -11.407965 ], [ -46.548885, -11.380295 ], [ -46.561366, -11.374075 ], [ -46.566967, -11.372129 ], [ -46.585886, -11.366052 ], [ -46.601253, -11.346761 ], [ -46.60496, -11.321409 ], [ -46.609503, -11.307892 ], [ -46.615522, -11.301775 ], [ -46.616672, -11.289026 ], [ -46.608737, -11.284297 ], [ -46.599231, -11.264997 ], [ -46.608625, -11.255306 ], [ -46.58164, -11.246347 ], [ -46.499887, -11.206506 ], [ -46.487719, -11.204639 ], [ -46.471939, -11.190759 ], [ -46.452954, -11.155765 ], [ -46.447137, -11.091893 ], [ -46.421321, -11.035503 ], [ -46.405712, -11.019269 ], [ -46.398515, -10.993971 ], [ -46.377511, -10.980439 ], [ -46.35477, -10.957325 ], [ -46.328301, -10.942198 ], [ -46.316935, -10.927173 ], [ -46.282997, -10.906328 ], [ -46.2831, -10.897104 ], [ -46.296944, -10.866836 ], [ -46.283523, -10.831634 ], [ -46.272676, -10.820272 ], [ -46.245885, -10.811974 ], [ -46.233438, -10.804362 ], [ -46.229381, -10.798158 ], [ -46.227198, -10.766375 ], [ -46.249541, -10.761822 ], [ -46.251009, -10.756653 ], [ -46.217456, -10.732544 ], [ -46.192142, -10.719296 ], [ -46.190308, -10.71003 ], [ -46.187525, -10.682612 ], [ -46.211613, -10.654136 ], [ -46.210554, -10.64925 ], [ -46.18877, -10.631359 ], [ -46.187468, -10.626117 ], [ -46.16697, -10.618923 ], [ -46.155943, -10.629519 ], [ -46.136915, -10.621863 ], [ -46.115643, -10.619115 ], [ -46.095221, -10.604156 ], [ -46.076664, -10.606698 ], [ -46.064084, -10.602344 ], [ -46.059049, -10.59303 ], [ -46.059463, -10.574074 ], [ -46.036079, -10.569341 ], [ -46.027356, -10.566673 ], [ -46.024608, -10.542358 ], [ -46.013553, -10.535038 ], [ -45.993908, -10.535945 ], [ -45.983716, -10.529597 ], [ -45.970769, -10.528156 ], [ -45.961666, -10.509287 ], [ -45.906272, -10.473265 ], [ -45.900299, -10.460454 ], [ -45.88722, -10.448764 ], [ -45.864384, -10.438462 ], [ -45.830354, -10.438316 ], [ -45.819941, -10.41347 ], [ -45.820716, -10.405315 ], [ -45.83044, -10.393648 ], [ -45.826966, -10.367822 ], [ -45.817853, -10.360053 ], [ -45.797051, -10.352285 ], [ -45.752833, -10.351892 ], [ -45.742658, -10.346314 ], [ -45.723635, -10.316803 ], [ -45.714086, -10.284075 ], [ -45.705193, -10.269755 ], [ -45.697114, -10.263148 ], [ -45.697726, -10.215025 ], [ -45.705499, -10.18786 ], [ -45.699772, -10.178048 ], [ -45.698864, -10.166436 ], [ -45.715436, -10.166482 ], [ -45.722675, -10.15474 ], [ -45.715831, -10.152193 ], [ -45.703454, -10.156571 ], [ -45.684304, -10.152898 ], [ -45.66889, -10.144947 ], [ -45.648349, -10.126916 ], [ -45.638826, -10.125785 ], [ -45.605311, -10.108338 ], [ -45.597957, -10.10791 ], [ -45.583475, -10.116574 ], [ -45.567042, -10.139105 ], [ -45.565019, -10.15956 ], [ -45.570902, -10.18647 ], [ -45.566896, -10.201066 ], [ -45.556156, -10.216483 ], [ -45.525772, -10.236509 ], [ -45.522942, -10.243722 ], [ -45.52194, -10.276234 ], [ -45.516913, -10.286022 ], [ -45.490277, -10.300602 ], [ -45.484239, -10.304478 ], [ -45.472852, -10.314914 ], [ -45.45641, -10.338151 ], [ -45.429521, -10.359751 ], [ -45.425359, -10.369864 ], [ -45.429517, -10.403486 ], [ -45.424083, -10.42607 ], [ -45.395581, -10.444605 ], [ -45.395606, -10.451599 ], [ -45.399855, -10.462654 ], [ -45.426095, -10.484149 ], [ -45.446842, -10.507003 ], [ -45.437764, -10.525104 ], [ -45.439958, -10.541243 ], [ -45.446918, -10.555917 ], [ -45.439934, -10.569077 ], [ -45.436379, -10.576353 ], [ -45.436914, -10.615145 ], [ -45.429383, -10.633659 ], [ -45.414037, -10.644695 ], [ -45.389799, -10.647879 ], [ -45.37669, -10.662696 ], [ -45.368703, -10.679528 ], [ -45.357805, -10.731786 ], [ -45.356196, -10.732947 ], [ -45.32196, -10.759843 ], [ -45.288966, -10.765198 ], [ -45.272438, -10.772817 ], [ -45.265766, -10.780998 ], [ -45.25703, -10.811422 ], [ -45.247638, -10.821545 ], [ -45.218811, -10.816953 ], [ -45.218742, -10.825712 ], [ -45.215164, -10.8298 ], [ -45.153539, -10.838662 ], [ -45.153383, -10.838667 ], [ -45.116108, -10.840349 ], [ -45.104885, -10.846397 ], [ -45.086461, -10.839554 ], [ -45.072824, -10.839999 ], [ -45.062869, -10.847841 ], [ -45.049591, -10.851721 ], [ -45.04506, -10.859222 ], [ -45.030281, -10.866228 ], [ -45.016186, -10.884176 ], [ -45.001722, -10.886595 ], [ -44.994634, -10.883471 ], [ -44.973507, -10.891051 ], [ -44.967967, -10.900086 ], [ -44.930807, -10.928332 ], [ -44.909574, -10.911532 ], [ -44.90077, -10.909593 ], [ -44.897035, -10.902516 ], [ -44.88402, -10.901887 ], [ -44.863391, -10.884803 ], [ -44.854614, -10.88407 ], [ -44.850325, -10.898411 ], [ -44.843889, -10.899609 ], [ -44.821765, -10.874731 ], [ -44.810733, -10.870003 ], [ -44.807772, -10.85548 ], [ -44.809914, -10.846161 ], [ -44.787653, -10.808098 ], [ -44.777764, -10.803604 ], [ -44.758517, -10.804422 ], [ -44.757931, -10.78856 ], [ -44.750818, -10.781718 ], [ -44.723492, -10.767284 ], [ -44.711406, -10.760759 ], [ -44.684738, -10.768638 ], [ -44.666368, -10.758457 ], [ -44.662375, -10.750139 ], [ -44.660914, -10.732271 ], [ -44.669176, -10.691742 ], [ -44.666214, -10.68192 ], [ -44.654849, -10.676273 ], [ -44.626591, -10.675156 ], [ -44.608582, -10.662155 ], [ -44.589107, -10.631997 ], [ -44.577372, -10.626346 ], [ -44.550671, -10.628158 ], [ -44.521858, -10.649382 ], [ -44.504109, -10.650317 ], [ -44.47633, -10.638882 ], [ -44.463226, -10.614834 ], [ -44.455905, -10.607677 ], [ -44.443274, -10.606215 ], [ -44.423243, -10.612844 ], [ -44.398243, -10.605759 ], [ -44.343973, -10.549244 ], [ -44.332695, -10.548343 ], [ -44.314142, -10.556941 ], [ -44.301356, -10.571621 ], [ -44.282505, -10.606668 ], [ -44.263615, -10.624247 ], [ -44.241054, -10.626915 ], [ -44.213691, -10.614024 ], [ -44.208243, -10.614901 ], [ -44.192581, -10.628156 ], [ -44.177913, -10.631003 ], [ -44.165136, -10.642478 ], [ -44.152551, -10.643656 ], [ -44.130915, -10.634462 ], [ -44.122936, -10.620484 ], [ -44.110218, -10.596773 ], [ -44.100348, -10.5913 ], [ -44.081887, -10.588367 ], [ -44.072418, -10.580634 ], [ -44.058442, -10.537917 ], [ -44.050608, -10.505816 ], [ -44.041151, -10.492814 ], [ -44.029217, -10.483659 ], [ -44.025441, -10.475049 ], [ -44.034346, -10.448587 ], [ -44.035464, -10.435004 ], [ -44.029488, -10.416541 ], [ -44.022925, -10.407648 ], [ -44.007303, -10.404921 ], [ -43.997723, -10.409643 ], [ -43.976531, -10.430955 ], [ -43.944012, -10.435317 ], [ -43.942261, -10.435475 ], [ -43.927633, -10.434006 ], [ -43.915828, -10.426297 ], [ -43.914392, -10.383733 ], [ -43.89837, -10.366898 ], [ -43.894695, -10.354069 ], [ -43.884314, -10.3436 ], [ -43.765021, -10.342707 ], [ -43.72393, -10.342389 ], [ -43.649332, -10.3418 ], [ -43.630352, -10.325615 ], [ -43.616328, -10.323461 ], [ -43.608634, -10.326032 ], [ -43.603077, -10.323055 ], [ -43.597557, -10.314212 ], [ -43.597134, -10.301881 ], [ -43.584105, -10.288106 ], [ -43.565704, -10.28898 ], [ -43.561926, -10.289883 ], [ -43.558587, -10.294469 ], [ -43.546641, -10.29752 ], [ -43.530687, -10.309126 ], [ -43.506441, -10.297318 ], [ -43.494803, -10.274599 ], [ -43.488087, -10.273759 ], [ -43.46944, -10.263491 ], [ -43.470492, -10.254003 ], [ -43.457851, -10.248311 ], [ -43.459386, -10.242729 ], [ -43.384424, -10.235696 ], [ -43.267187, -10.223893 ], [ -43.209661, -10.258147 ], [ -43.137836, -10.300869 ], [ -42.9574, -10.407827 ], [ -42.95048, -10.411884 ], [ -42.790373, -10.505581 ], [ -42.630753, -10.599735 ], [ -42.65336, -10.619403 ], [ -42.683046, -10.660442 ], [ -42.701131, -10.688455 ], [ -42.731839, -10.758957 ], [ -42.75021, -10.786815 ], [ -42.758889, -10.794788 ], [ -42.802848, -10.793607 ], [ -42.820365, -10.800817 ], [ -42.845995, -10.806029 ], [ -42.882106, -10.832071 ], [ -42.898574, -10.841297 ], [ -42.92586, -10.846998 ], [ -42.950081, -10.86151 ], [ -42.979076, -10.900977 ], [ -42.989884, -10.912707 ], [ -42.995047, -10.936656 ], [ -43.000462, -10.946396 ], [ -43.036857, -10.965772 ], [ -43.041875, -10.971387 ], [ -43.045285, -10.998391 ], [ -43.0468, -11.002265 ], [ -43.055345, -11.009533 ], [ -43.081607, -11.016057 ], [ -43.094358, -11.026263 ], [ -43.099214, -11.038156 ], [ -43.097298, -11.051549 ], [ -43.101043, -11.063252 ], [ -43.121597, -11.077079 ], [ -43.128808, -11.091611 ], [ -43.141775, -11.114087 ], [ -43.14483, -11.127058 ], [ -43.144765, -11.151482 ], [ -43.183851, -11.195913 ], [ -43.198721, -11.246232 ], [ -43.196132, -11.257507 ], [ -43.184696, -11.273803 ], [ -43.185826, -11.286812 ], [ -43.172158, -11.317684 ], [ -43.186768, -11.332968 ], [ -43.204408, -11.342194 ], [ -43.210954, -11.352677 ], [ -43.235411, -11.400631 ], [ -43.23272, -11.415843 ], [ -43.233465, -11.425651 ], [ -43.242626, -11.433921 ], [ -43.264361, -11.479452 ], [ -43.265194, -11.4933 ], [ -43.279799, -11.515059 ], [ -43.285722, -11.545614 ], [ -43.276442, -11.54825 ], [ -43.093516, -11.600106 ], [ -43.011296, -11.623352 ], [ -43.011085, -11.623412 ], [ -42.933976, -11.645015 ], [ -42.892238, -11.656694 ], [ -42.747391, -11.730545 ], [ -42.730703, -11.729037 ], [ -42.715297, -11.718982 ], [ -42.710219, -11.722338 ], [ -42.685784, -11.720297 ], [ -42.680578, -11.719949 ], [ -42.663515, -11.708621 ], [ -42.65103, -11.715013 ], [ -42.644512, -11.714398 ], [ -42.642824, -11.717794 ], [ -42.623778, -11.717992 ], [ -42.594552, -11.708397 ], [ -42.581215, -11.714522 ], [ -42.564597, -11.735844 ], [ -42.537052, -11.741384 ], [ -42.533759, -11.745615 ], [ -42.520296, -11.748973 ], [ -42.517378, -11.757106 ], [ -42.50436, -11.760141 ], [ -42.487715, -11.77555 ], [ -42.474786, -11.731733 ], [ -42.472035, -11.72567 ], [ -42.457487, -11.739326 ], [ -42.454596, -11.748013 ], [ -42.445021, -11.75741 ], [ -42.420798, -11.765293 ], [ -42.394328, -11.753904 ], [ -42.384598, -11.754345 ], [ -42.373685, -11.76126 ], [ -42.369742, -11.761622 ], [ -42.363387, -11.756062 ], [ -42.365352, -11.746503 ], [ -42.360828, -11.736096 ], [ -42.362925, -11.722064 ], [ -42.360581, -11.713734 ], [ -42.36011, -11.714242 ], [ -42.279139, -11.803131 ], [ -42.189358, -11.902082 ], [ -42.192626, -11.915661 ], [ -42.200483, -11.922416 ], [ -42.202908, -11.930146 ], [ -42.19052, -11.941192 ], [ -42.189249, -11.951983 ], [ -42.180516, -11.958557 ], [ -42.177493, -11.978199 ], [ -42.187548, -11.986455 ], [ -42.180661, -11.990534 ], [ -42.172297, -12.002356 ], [ -42.174598, -12.004065 ], [ -42.244173, -11.949463 ], [ -42.23555, -11.959056 ], [ -42.231059, -11.974718 ], [ -42.234666, -11.983185 ], [ -42.233149, -11.992433 ], [ -42.241653, -12.001335 ], [ -42.235436, -12.02161 ], [ -42.246047, -12.046414 ], [ -42.217264, -12.069741 ], [ -42.168202, -12.131385 ], [ -42.137375, -12.170077 ], [ -42.077596, -12.246289 ], [ -42.164424, -12.237798 ], [ -42.135099, -12.271027 ], [ -42.123243, -12.268928 ], [ -42.12379, -12.282368 ], [ -42.124026, -12.277748 ], [ -42.27084, -12.33698 ], [ -42.258937, -12.34413 ], [ -42.249063, -12.389634 ], [ -42.249994, -12.400349 ], [ -42.257677, -12.409201 ], [ -42.269329, -12.412706 ], [ -42.300071, -12.403531 ], [ -42.312206, -12.406984 ], [ -42.312514, -12.406948 ], [ -42.33277, -12.406855 ], [ -42.353455, -12.416574 ], [ -42.370123, -12.457869 ], [ -42.369464, -12.483446 ], [ -42.372683, -12.480223 ], [ -42.387993, -12.482211 ], [ -42.392569, -12.484784 ], [ -42.39437, -12.490927 ], [ -42.403627, -12.489411 ], [ -42.411613, -12.494449 ], [ -42.424516, -12.496812 ], [ -42.427983, -12.50285 ], [ -42.441934, -12.505848 ], [ -42.451912, -12.511858 ], [ -42.453492, -12.51792 ], [ -42.459578, -12.516766 ], [ -42.459988, -12.51963 ], [ -42.468913, -12.522214 ], [ -42.470658, -12.528941 ], [ -42.477194, -12.530752 ], [ -42.483968, -12.541147 ], [ -42.512691, -12.544403 ], [ -42.5138, -12.540559 ], [ -42.518795, -12.539058 ], [ -42.529607, -12.544446 ], [ -42.532846, -12.546312 ], [ -42.54396, -12.539444 ], [ -42.560735, -12.533463 ], [ -42.564747, -12.528771 ], [ -42.580294, -12.528399 ], [ -42.590743, -12.509622 ], [ -42.606214, -12.512948 ], [ -42.616413, -12.505877 ], [ -42.626521, -12.502761 ], [ -42.633823, -12.504131 ], [ -42.63931, -12.500414 ], [ -42.776732, -12.553394 ], [ -42.80397, -12.563898 ], [ -42.884983, -12.59513 ], [ -42.885091, -12.627328 ], [ -42.885103, -12.631184 ], [ -42.885461, -12.684234 ], [ -42.885768, -12.731342 ], [ -42.886208, -12.800144 ], [ -42.8865, -12.847354 ], [ -42.858074, -12.871608 ], [ -42.884469, -12.891957 ], [ -42.933994, -12.930133 ], [ -42.936684, -12.931942 ], [ -42.967489, -12.952663 ], [ -42.981831, -12.962309 ], [ -42.974415, -13.027325 ], [ -42.958345, -13.051479 ], [ -42.953263, -13.05362 ], [ -42.953794, -13.06024 ], [ -42.943213, -13.067735 ], [ -42.931399, -13.083402 ], [ -42.937771, -13.090176 ], [ -42.932181, -13.097366 ], [ -42.926238, -13.127413 ], [ -42.917683, -13.13673 ], [ -42.908748, -13.138999 ], [ -42.907482, -13.14526 ], [ -42.902893, -13.159298 ], [ -42.908103, -13.178326 ], [ -42.919513, -13.179773 ], [ -42.921928, -13.183876 ], [ -42.914826, -13.204756 ], [ -42.920352, -13.225026 ], [ -42.921042, -13.248306 ], [ -42.914243, -13.26567 ], [ -42.91627, -13.27326 ], [ -42.912919, -13.294638 ], [ -42.905347, -13.314414 ], [ -42.907795, -13.327498 ], [ -42.916302, -13.344187 ], [ -42.911535, -13.356542 ], [ -42.914052, -13.36232 ], [ -42.915327, -13.363052 ], [ -42.976478, -13.350679 ], [ -43.050532, -13.336157 ], [ -43.115963, -13.323502 ], [ -43.118396, -13.343159 ], [ -43.126449, -13.408299 ], [ -43.128765, -13.427055 ], [ -43.14574, -13.455301 ], [ -43.146508, -13.456668 ], [ -43.175418, -13.504683 ], [ -43.22254, -13.579445 ], [ -43.241172, -13.609004 ], [ -43.294655, -13.666733 ], [ -43.327238, -13.701897 ], [ -43.37146, -13.749619 ], [ -43.471433, -13.857477 ], [ -43.47191, -13.851387 ], [ -43.483073, -13.84806 ], [ -43.480187, -13.830976 ], [ -43.4901, -13.826931 ], [ -43.500134, -13.816397 ], [ -43.51088, -13.814983 ], [ -43.509383, -13.804165 ], [ -43.516822, -13.792613 ], [ -43.527093, -13.798303 ], [ -43.545263, -13.793632 ], [ -43.53849, -13.773443 ], [ -43.531639, -13.770258 ], [ -43.52814, -13.770529 ], [ -43.524443, -13.760561 ], [ -43.514281, -13.753079 ], [ -43.515897, -13.745953 ], [ -43.505266, -13.743364 ], [ -43.504396, -13.737168 ], [ -43.498968, -13.73442 ], [ -43.495379, -13.720068 ], [ -43.497986, -13.710542 ], [ -43.493946, -13.70648 ], [ -43.492479, -13.69705 ], [ -43.488631, -13.695583 ], [ -43.487362, -13.688132 ], [ -43.491098, -13.687709 ], [ -43.483928, -13.678384 ], [ -43.486978, -13.671388 ], [ -43.481979, -13.661889 ], [ -43.48415, -13.65799 ], [ -43.481553, -13.650834 ], [ -43.474686, -13.645674 ], [ -43.47587, -13.64183 ], [ -43.473267, -13.641818 ], [ -43.475396, -13.625664 ], [ -43.467976, -13.615035 ], [ -43.463529, -13.599506 ], [ -43.45827, -13.596563 ], [ -43.452381, -13.568131 ], [ -43.441879, -13.557146 ], [ -43.443699, -13.550082 ], [ -43.440638, -13.544756 ], [ -43.444714, -13.542002 ], [ -43.447702, -13.531614 ], [ -43.460154, -13.553817 ], [ -43.472844, -13.56528 ], [ -43.487801, -13.572437 ], [ -43.510886, -13.575324 ], [ -43.542855, -13.620655 ], [ -43.555134, -13.648778 ], [ -43.558508, -13.660255 ], [ -43.54916, -13.718363 ], [ -43.555814, -13.732766 ], [ -43.588683, -13.759038 ], [ -43.593901, -13.777774 ], [ -43.699256, -13.747765 ], [ -43.873824, -13.697777 ], [ -43.980245, -13.667253 ], [ -43.985382, -13.670528 ], [ -43.988021, -13.663982 ], [ -43.99408, -13.663372 ], [ -44.007802, -13.670769 ], [ -44.012763, -13.685569 ], [ -44.027768, -13.685921 ], [ -44.034651, -13.692492 ], [ -44.037283, -13.694083 ], [ -44.049657, -13.694411 ], [ -44.057409, -13.706159 ], [ -44.07209, -13.716345 ], [ -44.075487, -13.727531 ], [ -44.100907, -13.759138 ], [ -44.120518, -13.764918 ], [ -44.149829, -13.786669 ], [ -44.158927, -13.789195 ], [ -44.155216, -13.800035 ], [ -44.159788, -13.808734 ], [ -44.159022, -13.820255 ], [ -44.163881, -13.824637 ], [ -44.168574, -13.825207 ], [ -44.175121, -13.840984 ], [ -44.189654, -13.849913 ], [ -44.190191, -13.857739 ], [ -44.200385, -13.85808 ], [ -44.203962, -13.861669 ], [ -44.200685, -13.883259 ], [ -44.211816, -13.885977 ], [ -44.224743, -13.899694 ], [ -44.234318, -13.903203 ], [ -44.237705, -13.925133 ], [ -44.253094, -13.935528 ], [ -44.271383, -13.935486 ], [ -44.292955, -13.94542 ], [ -44.297897, -13.965693 ], [ -44.307877, -13.970101 ], [ -44.308761, -13.978291 ], [ -44.321228, -13.990898 ], [ -44.32238, -14.001558 ], [ -44.337098, -14.007081 ], [ -44.332717, -14.022685 ], [ -44.339873, -14.038947 ], [ -44.340757, -14.049851 ], [ -44.342657, -14.057051 ], [ -44.364543, -14.088655 ], [ -44.365168, -14.098275 ], [ -44.366452, -14.104604 ], [ -44.376396, -14.108234 ], [ -44.37774, -14.121945 ] ] ] } },
{ "type": "Feature", "properties": { "MACRO_ID": "2913", "MACRO_NAME": "Norte - (NBS - Juazeiro)", "id": "290020", "name": "Abaré", "description": "Abaré", "MUN_ID": "290020", "UF": "BA", "HREG_ID": "29017", "HREG_NAME": "Paulo Afonso" }, "geometry": { "type": "Polygon", "coordinates": [ [ [ -40.01717, -11.052187 ], [ -39.990887, -11.161261 ], [ -40.077445, -11.078346 ], [ -40.077512, -11.078282 ], [ -40.081463, -11.074451 ], [ -40.149198, -11.008761 ], [ -40.163091, -10.995276 ], [ -40.209769, -10.950861 ], [ -40.233265, -10.928486 ], [ -40.24635, -10.931332 ], [ -40.279041, -10.938441 ], [ -40.240228, -10.85173 ], [ -40.239063, -10.849128 ], [ -40.253545, -10.841561 ], [ -40.257074, -10.842307 ], [ -40.259383, -10.853198 ], [ -40.267843, -10.846628 ], [ -40.269109, -10.840417 ], [ -40.272327, -10.841527 ], [ -40.277716, -10.836709 ], [ -40.281242, -10.838318 ], [ -40.287887, -10.834243 ], [ -40.28441, -10.826587 ], [ -40.285729, -10.814309 ], [ -40.288853, -10.813518 ], [ -40.295482, -10.819104 ], [ -40.303245, -10.815151 ], [ -40.313889, -10.823711 ], [ -40.333301, -10.813272 ], [ -40.337611, -10.828752 ], [ -40.349738, -10.807827 ], [ -40.357982, -10.809239 ], [ -40.380295, -10.801959 ], [ -40.381047, -10.801714 ], [ -40.387326, -10.802802 ], [ -40.408297, -10.794969 ], [ -40.418395, -10.777767 ], [ -40.445633, -10.752291 ], [ -40.456026, -10.759172 ], [ -40.467352, -10.756977 ], [ -40.469218, -10.76389 ], [ -40.470172, -10.763704 ], [ -40.471746, -10.763397 ], [ -40.476577, -10.762454 ], [ -40.48308, -10.746876 ], [ -40.484051, -10.74455 ], [ -40.48071, -10.743906 ], [ -40.476326, -10.734622 ], [ -40.477352, -10.725088 ], [ -40.471021, -10.71539 ], [ -40.476793, -10.707738 ], [ -40.474491, -10.699881 ], [ -40.477835, -10.690005 ], [ -40.478714, -10.689823 ], [ -40.558801, -10.674457 ], [ -40.649649, -10.657162 ], [ -40.69328, -10.648843 ], [ -40.84164, -10.620482 ], [ -40.903464, -10.608632 ], [ -40.93333, -10.602901 ], [ -40.93319, -10.597021 ], [ -40.930877, -10.587004 ], [ -40.923745, -10.586554 ], [ -40.920307, -10.565854 ], [ -40.915929, -10.562854 ], [ -40.919806, -10.559141 ], [ -40.91955, -10.562417 ], [ -40.922954, -10.562967 ], [ -40.922493, -10.558306 ], [ -40.917192, -10.552492 ], [ -40.916861, -10.558366 ], [ -40.913834, -10.557177 ], [ -40.913038, -10.549581 ], [ -40.904689, -10.551944 ], [ -40.904222, -10.544231 ], [ -40.89515, -10.550636 ], [ -40.892194, -10.541847 ], [ -40.895963, -10.539837 ], [ -40.888626, -10.535775 ], [ -40.884369, -10.53736 ], [ -40.881877, -10.53349 ], [ -40.887184, -10.529678 ], [ -40.882267, -10.528461 ], [ -40.887361, -10.520025 ], [ -40.884247, -10.519576 ], [ -40.882335, -10.524731 ], [ -40.877645, -10.522018 ], [ -40.878381, -10.509049 ], [ -40.871972, -10.501934 ], [ -40.88387, -10.494101 ], [ -40.890924, -10.499139 ], [ -40.88912, -10.504788 ], [ -40.892642, -10.509717 ], [ -40.898614, -10.509538 ], [ -40.899959, -10.517169 ], [ -40.913479, -10.512659 ], [ -40.922317, -10.515346 ], [ -40.933632, -10.506664 ], [ -40.934785, -10.510489 ], [ -40.942244, -10.508741 ], [ -40.946105, -10.485971 ], [ -40.96614, -10.476456 ], [ -40.966652, -10.470256 ], [ -40.973081, -10.465643 ], [ -40.983079, -10.46931 ], [ -40.987712, -10.465124 ], [ -40.989925, -10.452028 ], [ -41.003773, -10.450279 ], [ -41.008441, -10.439292 ], [ -41.009468, -10.435771 ], [ -41.019624, -10.43142 ], [ -41.026863, -10.434817 ], [ -41.029551, -10.44013 ], [ -41.029508, -10.443854 ], [ -41.038282, -10.451307 ], [ -41.051031, -10.452018 ], [ -41.067974, -10.459949 ], [ -41.10048, -10.459814 ], [ -41.100871, -10.464969 ], [ -41.106615, -10.46649 ], [ -41.13948, -10.450518 ], [ -41.146223, -10.449429 ], [ -41.153051, -10.445048 ], [ -41.162925, -10.433691 ], [ -41.182151, -10.431051 ], [ -41.192542, -10.437464 ], [ -41.19239, -10.442076 ], [ -41.199967, -10.446845 ], [ -41.212085, -10.456617 ], [ -41.225198, -10.453487 ], [ -41.229969, -10.448018 ], [ -41.232764, -10.436238 ], [ -41.250696, -10.428201 ], [ -41.255884, -10.414214 ], [ -41.255116, -10.404102 ], [ -41.250426, -10.401356 ], [ -41.250526, -10.391664 ], [ -41.257955, -10.383015 ], [ -41.256301, -10.362777 ], [ -41.260261, -10.351423 ], [ -41.266684, -10.345274 ], [ -41.277991, -10.347103 ], [ -41.279185, -10.34198 ], [ -41.286917, -10.336073 ], [ -41.311824, -10.346844 ], [ -41.315358, -10.344537 ], [ -41.321385, -10.3527 ], [ -41.328599, -10.354042 ], [ -41.324995, -10.36474 ], [ -41.33094, -10.372798 ], [ -41.335321, -10.377881 ], [ -41.348857, -10.368754 ], [ -41.360473, -10.369669 ], [ -41.365831, -10.381156 ], [ -41.357825, -10.390983 ], [ -41.365661, -10.396095 ], [ -41.376743, -10.415889 ], [ -41.393458, -10.419441 ], [ -41.406656, -10.429276 ], [ -41.428994, -10.435646 ], [ -41.435711, -10.442412 ], [ -41.446746, -10.442689 ], [ -41.448915, -10.451762 ], [ -41.455885, -10.456777 ], [ -41.464053, -10.460023 ], [ -41.466853, -10.469182 ], [ -41.455831, -10.487734 ], [ -41.441526, -10.488972 ], [ -41.42833, -10.496793 ], [ -41.41222, -10.499178 ], [ -41.384071, -10.516586 ], [ -41.38155, -10.519998 ], [ -41.384132, -10.527203 ], [ -41.388601, -10.538648 ], [ -41.397404, -10.546923 ], [ -41.392221, -10.560591 ], [ -41.397019, -10.57074 ], [ -41.426075, -10.576072 ], [ -41.430106, -10.589048 ], [ -41.458953, -10.599559 ], [ -41.470909, -10.618762 ], [ -41.474414, -10.631541 ], [ -41.485126, -10.632825 ], [ -41.496601, -10.614692 ], [ -41.503655, -10.617225 ], [ -41.50353, -10.638574 ], [ -41.488138, -10.662415 ], [ -41.487018, -10.686064 ], [ -41.478444, -10.697359 ], [ -41.471857, -10.725348 ], [ -41.487515, -10.752265 ], [ -41.478076, -10.757721 ], [ -41.484043, -10.768904 ], [ -41.49493, -10.774135 ], [ -41.500206, -10.782749 ], [ -41.507409, -10.787037 ], [ -41.44377, -10.802328 ], [ -41.508969, -10.891858 ], [ -41.517164, -10.870876 ], [ -41.522403, -10.870193 ], [ -41.532852, -10.878935 ], [ -41.54554, -10.876954 ], [ -41.561967, -10.859339 ], [ -41.575604, -10.859829 ], [ -41.610297, -10.852548 ], [ -41.619744, -10.828093 ], [ -41.635715, -10.820269 ], [ -41.64539, -10.804756 ], [ -41.654529, -10.806283 ], [ -41.659703, -10.806043 ], [ -41.770327, -10.737744 ], [ -41.877987, -10.868424 ], [ -41.896633, -10.890565 ], [ -41.899045, -10.87363 ], [ -41.890854, -10.85265 ], [ -41.890135, -10.825381 ], [ -41.909604, -10.800255 ], [ -41.916437, -10.764907 ], [ -41.924522, -10.745896 ], [ -41.935575, -10.73485 ], [ -41.942551, -10.719353 ], [ -41.961165, -10.70811 ], [ -41.968439, -10.69429 ], [ -41.966918, -10.692058 ], [ -41.97222, -10.692872 ], [ -41.974533, -10.684723 ], [ -41.979271, -10.681383 ], [ -41.980852, -10.671204 ], [ -41.989377, -10.668054 ], [ -41.983665, -10.659619 ], [ -41.984137, -10.654647 ], [ -41.988718, -10.654014 ], [ -42.011722, -10.630899 ], [ -42.016194, -10.625171 ], [ -42.013881, -10.618073 ], [ -42.020276, -10.611635 ], [ -42.015435, -10.611175 ], [ -42.015083, -10.605869 ], [ -42.022216, -10.593544 ], [ -42.029377, -10.592219 ], [ -42.027716, -10.587364 ], [ -42.034551, -10.58469 ], [ -42.034744, -10.575529 ], [ -42.0423, -10.56809 ], [ -42.047497, -10.544685 ], [ -42.066206, -10.527813 ], [ -42.063882, -10.514102 ], [ -42.071652, -10.501992 ], [ -42.068606, -10.493944 ], [ -42.08713, -10.480491 ], [ -42.088982, -10.475001 ], [ -42.083327, -10.467374 ], [ -42.07983, -10.453648 ], [ -42.084446, -10.442574 ], [ -42.085403, -10.424985 ], [ -42.09852, -10.413341 ], [ -42.093997, -10.40804 ], [ -42.091322, -10.381995 ], [ -42.097224, -10.374054 ], [ -42.123045, -10.356932 ], [ -42.132697, -10.345748 ], [ -42.134915, -10.339539 ], [ -42.13096, -10.337425 ], [ -42.130216, -10.325899 ], [ -42.136385, -10.300185 ], [ -42.143369, -10.29418 ], [ -42.14224, -10.290211 ], [ -42.149518, -10.283699 ], [ -42.149129, -10.280483 ], [ -42.154443, -10.27756 ], [ -42.154519, -10.266048 ], [ -42.159166, -10.257406 ], [ -42.183503, -10.249267 ], [ -42.413961, -10.172096 ], [ -42.407359, -10.194058 ], [ -42.404002, -10.221496 ], [ -42.405332, -10.256014 ], [ -42.418351, -10.27416 ], [ -42.449131, -10.295978 ], [ -42.454472, -10.318601 ], [ -42.451243, -10.343609 ], [ -42.451965, -10.363352 ], [ -42.462409, -10.380807 ], [ -42.494635, -10.410108 ], [ -42.520771, -10.426107 ], [ -42.549223, -10.454282 ], [ -42.569345, -10.46975 ], [ -42.578025, -10.503035 ], [ -42.630753, -10.599735 ], [ -42.790373, -10.505581 ], [ -42.95048, -10.411884 ], [ -42.9574, -10.407827 ], [ -43.137836, -10.300869 ], [ -43.209661, -10.258147 ], [ -43.267187, -10.223893 ], [ -43.384424, -10.235696 ], [ -43.459386, -10.242729 ], [ -43.457851, -10.248311 ], [ -43.470492, -10.254003 ], [ -43.46944, -10.263491 ], [ -43.488087, -10.273759 ], [ -43.494803, -10.274599 ], [ -43.506441, -10.297318 ], [ -43.530687, -10.309126 ], [ -43.546641, -10.29752 ], [ -43.558587, -10.294469 ], [ -43.561926, -10.289883 ], [ -43.565704, -10.28898 ], [ -43.584105, -10.288106 ], [ -43.597134, -10.301881 ], [ -43.597557, -10.314212 ], [ -43.603077, -10.323055 ], [ -43.608634, -10.326032 ], [ -43.616328, -10.323461 ], [ -43.630352, -10.325615 ], [ -43.649332, -10.3418 ], [ -43.72393, -10.342389 ], [ -43.765021, -10.342707 ], [ -43.884314, -10.3436 ], [ -43.871282, -10.330015 ], [ -43.847345, -10.31588 ], [ -43.837891, -10.304205 ], [ -43.833643, -10.277216 ], [ -43.837651, -10.265634 ], [ -43.83419, -10.245568 ], [ -43.80869, -10.22102 ], [ -43.784416, -10.191258 ], [ -43.774471, -10.167882 ], [ -43.768061, -10.14303 ], [ -43.766557, -10.13564 ], [ -43.765572, -10.120272 ], [ -43.772714, -10.098364 ], [ -43.768187, -10.08525 ], [ -43.761726, -10.075354 ], [ -43.745465, -10.072437 ], [ -43.729528, -10.071836 ], [ -43.692516, -10.076976 ], [ -43.692251, -10.059839 ], [ -43.692248, -10.059793 ], [ -43.689882, -10.044216 ], [ -43.669082, -10.030336 ], [ -43.661885, -10.003614 ], [ -43.664774, -9.990609 ], [ -43.669146, -9.986979 ], [ -43.684277, -9.982346 ], [ -43.702553, -9.965693 ], [ -43.689166, -9.938646 ], [ -43.690055, -9.92908 ], [ -43.692439, -9.925108 ], [ -43.705778, -9.921635 ], [ -43.708636, -9.912801 ], [ -43.705076, -9.905961 ], [ -43.696025, -9.900786 ], [ -43.694223, -9.890833 ], [ -43.67705, -9.886109 ], [ -43.665999, -9.868629 ], [ -43.664863, -9.855458 ], [ -43.65314, -9.844839 ], [ -43.652846, -9.838637 ], [ -43.664447, -9.823237 ], [ -43.682473, -9.815327 ], [ -43.693062, -9.80484 ], [ -43.707997, -9.805289 ], [ -43.717419, -9.802004 ], [ -43.721028, -9.792939 ], [ -43.761169, -9.777464 ], [ -43.766777, -9.770278 ], [ -43.784522, -9.761967 ], [ -43.797263, -9.727262 ], [ -43.793071, -9.711536 ], [ -43.79915, -9.692077 ], [ -43.799624, -9.691432 ], [ -43.826438, -9.649113 ], [ -43.841552, -9.637011 ], [ -43.839772, -9.626106 ], [ -43.833912, -9.62217 ], [ -43.833578, -9.617513 ], [ -43.842251, -9.612253 ], [ -43.841146, -9.585632 ], [ -43.852181, -9.561722 ], [ -43.849293, -9.547636 ], [ -43.820638, -9.499511 ], [ -43.815909, -9.491541 ], [ -43.799048, -9.479236 ], [ -43.785777, -9.457231 ], [ -43.781769, -9.452239 ], [ -43.76933, -9.441636 ], [ -43.751021, -9.433657 ], [ -43.688745, -9.419267 ], [ -43.621235, -9.371123 ], [ -43.604595, -9.349706 ], [ -43.572426, -9.315831 ], [ -43.543405, -9.308433 ], [ -43.540484, -9.30783 ], [ -43.52516, -9.299632 ], [ -43.49713, -9.272111 ], [ -43.485062, -9.264872 ], [ -43.458304, -9.260925 ], [ -43.437732, -9.265723 ], [ -43.427427, -9.272172 ], [ -43.398841, -9.307763 ], [ -43.391675, -9.322273 ], [ -43.376026, -9.34849 ], [ -43.360926, -9.363997 ], [ -43.35316, -9.36854 ], [ -43.335681, -9.368198 ], [ -43.323805, -9.376287 ], [ -43.314608, -9.388965 ], [ -43.301519, -9.393448 ], [ -43.292766, -9.400536 ], [ -43.284722, -9.419612 ], [ -43.278374, -9.424159 ], [ -43.272475, -9.422365 ], [ -43.266274, -9.41149 ], [ -43.24195, -9.411468 ], [ -43.228602, -9.402529 ], [ -43.218239, -9.400206 ], [ -43.213896, -9.399232 ], [ -43.207461, -9.400837 ], [ -43.201862, -9.406001 ], [ -43.198328, -9.41758 ], [ -43.191305, -9.420015 ], [ -43.173534, -9.410808 ], [ -43.158232, -9.376621 ], [ -43.146821, -9.37589 ], [ -43.132768, -9.386866 ], [ -43.129317, -9.379613 ], [ -43.123475, -9.378634 ], [ -43.119225, -9.371482 ], [ -43.111293, -9.380096 ], [ -43.107023, -9.378077 ], [ -43.103704, -9.386028 ], [ -43.095343, -9.385103 ], [ -43.084877, -9.390942 ], [ -43.082495, -9.39691 ], [ -43.074154, -9.39927 ], [ -43.066217, -9.393632 ], [ -43.058916, -9.396536 ], [ -43.05655, -9.418719 ], [ -43.051784, -9.412563 ], [ -43.039693, -9.41424 ], [ -43.012332, -9.407347 ], [ -43.00591, -9.408998 ], [ -42.997525, -9.40413 ], [ -42.98747, -9.400922 ], [ -42.969864, -9.409104 ], [ -42.957843, -9.428908 ], [ -42.955973, -9.438223 ], [ -42.9625, -9.456636 ], [ -42.961748, -9.469401 ], [ -42.951417, -9.497233 ], [ -42.950969, -9.509964 ], [ -42.945856, -9.517996 ], [ -42.928051, -9.52683 ], [ -42.903624, -9.526337 ], [ -42.876332, -9.561206 ], [ -42.86764, -9.563598 ], [ -42.862242, -9.559966 ], [ -42.847581, -9.54924 ], [ -42.836747, -9.549955 ], [ -42.827802, -9.560103 ], [ -42.829385, -9.580846 ], [ -42.821139, -9.598429 ], [ -42.820161, -9.618813 ], [ -42.804238, -9.621933 ], [ -42.784142, -9.62035 ], [ -42.764777, -9.616332 ], [ -42.7605, -9.608998 ], [ -42.757358, -9.588863 ], [ -42.741811, -9.581655 ], [ -42.732054, -9.568692 ], [ -42.71778, -9.557824 ], [ -42.715826, -9.550729 ], [ -42.72164, -9.536767 ], [ -42.720471, -9.530894 ], [ -42.711832, -9.529811 ], [ -42.690799, -9.54502 ], [ -42.679527, -9.548732 ], [ -42.666861, -9.547707 ], [ -42.654221, -9.540983 ], [ -42.639831, -9.543411 ], [ -42.631962, -9.537989 ], [ -42.621331, -9.54092 ], [ -42.602511, -9.516394 ], [ -42.594607, -9.504374 ], [ -42.586093, -9.496357 ], [ -42.568791, -9.501336 ], [ -42.548772, -9.495462 ], [ -42.52155, -9.502554 ], [ -42.49072, -9.492702 ], [ -42.485636, -9.483369 ], [ -42.49083, -9.469191 ], [ -42.48868, -9.46162 ], [ -42.470553, -9.458443 ], [ -42.451382, -9.461686 ], [ -42.440196, -9.455754 ], [ -42.427889, -9.439366 ], [ -42.42481, -9.416688 ], [ -42.398498, -9.39667 ], [ -42.36376, -9.381218 ], [ -42.359137, -9.377197 ], [ -42.354717, -9.349457 ], [ -42.32549, -9.332995 ], [ -42.319995, -9.320594 ], [ -42.312188, -9.31574 ], [ -42.289579, -9.30908 ], [ -42.267513, -9.309242 ], [ -42.261172, -9.304307 ], [ -42.243271, -9.288441 ], [ -42.225668, -9.282883 ], [ -42.206049, -9.292365 ], [ -42.193845, -9.291268 ], [ -42.179104, -9.28485 ], [ -42.141567, -9.287713 ], [ -42.120827, -9.283505 ], [ -42.099103, -9.280466 ], [ -42.068834, -9.257125 ], [ -42.057772, -9.254475 ], [ -42.034607, -9.255723 ], [ -42.021545, -9.24934 ], [ -41.999521, -9.265556 ], [ -41.971882, -9.248222 ], [ -41.957911, -9.261662 ], [ -41.948778, -9.263271 ], [ -41.937056, -9.266854 ], [ -41.924384, -9.277381 ], [ -41.917549, -9.27805 ], [ -41.909218, -9.273378 ], [ -41.904297, -9.259188 ], [ -41.88455, -9.25305 ], [ -41.870137, -9.237015 ], [ -41.859325, -9.237189 ], [ -41.847436, -9.243539 ], [ -41.837905, -9.241977 ], [ -41.830858, -9.228527 ], [ -41.819491, -9.188585 ], [ -41.799744, -9.164746 ], [ -41.799688, -9.147611 ], [ -41.775671, -9.12525 ], [ -41.758551, -9.116241 ], [ -41.734802, -9.094285 ], [ -41.730629, -9.069403 ], [ -41.732641, -9.046025 ], [ -41.732621, -9.045905 ], [ -41.73262, -9.045879 ], [ -41.728412, -9.020426 ], [ -41.723221, -9.013125 ], [ -41.680072, -9.011868 ], [ -41.669679, -9.003263 ], [ -41.669023, -8.989665 ], [ -41.628617, -8.984475 ], [ -41.623716, -8.981258 ], [ -41.620828, -8.970448 ], [ -41.609551, -8.966858 ], [ -41.605414, -8.956989 ], [ -41.596529, -8.958487 ], [ -41.589307, -8.954705 ], [ -41.577973, -8.95435 ], [ -41.569676, -8.954615 ], [ -41.566796, -8.969121 ], [ -41.559453, -8.966465 ], [ -41.544141, -8.960135 ], [ -41.544473, -8.93754 ], [ -41.530966, -8.92729 ], [ -41.522369, -8.904781 ], [ -41.52127, -8.901449 ], [ -41.507057, -8.892027 ], [ -41.510189, -8.875811 ], [ -41.501804, -8.863106 ], [ -41.494161, -8.860712 ], [ -41.487464, -8.84349 ], [ -41.471805, -8.842701 ], [ -41.462266, -8.828339 ], [ -41.431542, -8.796662 ], [ -41.423888, -8.802142 ], [ -41.411012, -8.773955 ], [ -41.399935, -8.745962 ], [ -41.393525, -8.723942 ], [ -41.380873, -8.70686 ], [ -41.364982, -8.705171 ], [ -41.357958, -8.707207 ], [ -41.333973, -8.727249 ], [ -41.309557, -8.725719 ], [ -41.294606, -8.735132 ], [ -41.28116, -8.735687 ], [ -41.269605, -8.7306 ], [ -41.260246, -8.720303 ], [ -41.23819, -8.719318 ], [ -41.239464, -8.71045 ], [ -41.22979, -8.705951 ], [ -41.224888, -8.704257 ], [ -41.204554, -8.709074 ], [ -41.197185, -8.706107 ], [ -41.185616, -8.710233 ], [ -41.182059, -8.707406 ], [ -41.176028, -8.710781 ], [ -41.172054, -8.706796 ], [ -41.162522, -8.709573 ], [ -41.113333, -8.703384 ], [ -41.111546, -8.708304 ], [ -41.122825, -8.718294 ], [ -41.121339, -8.723909 ], [ -41.126464, -8.728514 ], [ -41.128613, -8.74298 ], [ -41.124193, -8.75226 ], [ -41.11264, -8.759313 ], [ -41.115512, -8.763251 ], [ -41.11078, -8.769677 ], [ -41.10558, -8.770138 ], [ -41.101385, -8.781551 ], [ -41.094484, -8.781414 ], [ -41.081693, -8.783925 ], [ -41.078166, -8.788359 ], [ -41.071081, -8.78274 ], [ -41.066303, -8.780634 ], [ -41.054422, -8.786503 ], [ -41.041943, -8.783606 ], [ -41.035859, -8.785462 ], [ -41.024584, -8.807313 ], [ -41.030944, -8.834544 ], [ -41.020865, -8.843147 ], [ -40.999974, -8.828384 ], [ -40.989383, -8.829026 ], [ -40.978718, -8.823003 ], [ -40.96053, -8.830345 ], [ -40.958664, -8.841567 ], [ -40.946008, -8.844583 ], [ -40.920962, -8.835016 ], [ -40.914604, -8.849109 ], [ -40.902187, -8.860658 ], [ -40.89967, -8.867199 ], [ -40.89603, -8.87061 ], [ -40.894667, -8.888678 ], [ -40.883068, -8.904441 ], [ -40.880859, -8.915213 ], [ -40.865904, -8.922974 ], [ -40.860948, -8.947602 ], [ -40.851222, -8.952084 ], [ -40.850583, -8.984803 ], [ -40.846469, -8.995125 ], [ -40.834638, -9.008278 ], [ -40.831699, -9.02314 ], [ -40.831834, -9.030748 ], [ -40.824857, -9.037771 ], [ -40.823215, -9.061697 ], [ -40.818773, -9.068679 ], [ -40.820634, -9.079475 ], [ -40.811584, -9.083982 ], [ -40.80373, -9.09792 ], [ -40.78909, -9.098531 ], [ -40.785722, -9.104771 ], [ -40.776887, -9.100252 ], [ -40.772418, -9.101404 ], [ -40.762797, -9.106524 ], [ -40.756411, -9.104561 ], [ -40.756687, -9.119427 ], [ -40.750012, -9.117469 ], [ -40.732164, -9.123589 ], [ -40.721899, -9.1334 ], [ -40.705822, -9.141589 ], [ -40.684721, -9.137194 ], [ -40.677356, -9.150829 ], [ -40.667023, -9.158643 ], [ -40.671719, -9.17197 ], [ -40.670271, -9.188291 ], [ -40.680189, -9.199888 ], [ -40.680331, -9.211782 ], [ -40.694127, -9.233038 ], [ -40.690633, -9.233646 ], [ -40.686082, -9.243137 ], [ -40.688863, -9.256568 ], [ -40.680111, -9.257274 ], [ -40.680775, -9.263065 ], [ -40.686861, -9.277915 ], [ -40.707215, -9.284929 ], [ -40.707035, -9.291236 ], [ -40.707917, -9.29566 ], [ -40.719715, -9.305479 ], [ -40.739068, -9.296171 ], [ -40.743608, -9.305807 ], [ -40.751215, -9.30761 ], [ -40.755215, -9.313126 ], [ -40.741933, -9.326792 ], [ -40.736913, -9.336453 ], [ -40.741029, -9.346366 ], [ -40.737729, -9.354826 ], [ -40.746105, -9.370634 ], [ -40.742167, -9.382895 ], [ -40.743119, -9.397863 ], [ -40.744858, -9.404205 ], [ -40.764601, -9.412798 ], [ -40.759221, -9.428657 ], [ -40.766915, -9.445285 ], [ -40.776376, -9.454033 ], [ -40.744944, -9.442932 ], [ -40.721805, -9.44553 ], [ -40.713298, -9.450051 ], [ -40.713074, -9.450288 ], [ -40.680948, -9.466802 ], [ -40.656395, -9.472489 ], [ -40.653304, -9.473082 ], [ -40.622793, -9.482478 ], [ -40.594751, -9.46695 ], [ -40.581134, -9.467227 ], [ -40.564813, -9.46359 ], [ -40.547995, -9.448575 ], [ -40.54141, -9.425599 ], [ -40.53785, -9.42016 ], [ -40.528743, -9.413483 ], [ -40.510355, -9.40676 ], [ -40.505898, -9.407975 ], [ -40.494636, -9.408843 ], [ -40.477463, -9.418876 ], [ -40.467384, -9.420149 ], [ -40.455297, -9.405479 ], [ -40.435527, -9.36174 ], [ -40.420519, -9.352154 ], [ -40.411275, -9.353752 ], [ -40.390908, -9.371748 ], [ -40.371045, -9.378298 ], [ -40.356027, -9.376576 ], [ -40.334673, -9.353483 ], [ -40.335749, -9.32675 ], [ -40.332162, -9.317154 ], [ -40.318661, -9.286851 ], [ -40.309165, -9.275089 ], [ -40.304925, -9.259631 ], [ -40.300137, -9.23079 ], [ -40.289711, -9.195195 ], [ -40.285445, -9.181397 ], [ -40.293642, -9.151651 ], [ -40.288311, -9.12699 ], [ -40.278477, -9.094122 ], [ -40.270491, -9.078716 ], [ -40.255422, -9.062807 ], [ -40.238614, -9.053949 ], [ -40.231199, -9.054306 ], [ -40.208459, -9.063366 ], [ -40.173768, -9.090143 ], [ -40.164633, -9.106071 ], [ -40.150735, -9.106715 ], [ -40.133686, -9.109133 ], [ -40.129049, -9.109791 ], [ -40.119499, -9.10168 ], [ -40.107052, -9.097054 ], [ -40.092102, -9.085499 ], [ -40.073172, -9.074945 ], [ -40.065195, -9.062648 ], [ -40.005333, -9.059305 ], [ -40.005304, -9.059306 ], [ -39.995663, -9.060541 ], [ -39.978859, -9.054626 ], [ -39.957668, -9.048175 ], [ -39.916186, -8.998279 ], [ -39.915384, -8.997096 ], [ -39.906558, -8.981212 ], [ -39.891021, -8.967505 ], [ -39.889658, -8.966399 ], [ -39.87309, -8.933623 ], [ -39.881957, -8.897748 ], [ -39.900893, -8.863743 ], [ -39.902704, -8.853409 ], [ -39.892592, -8.828379 ], [ -39.886451, -8.824576 ], [ -39.829358, -8.813921 ], [ -39.819605, -8.813073 ], [ -39.792298, -8.819476 ], [ -39.782058, -8.813908 ], [ -39.758384, -8.799276 ], [ -39.747421, -8.793626 ], [ -39.705053, -8.799137 ], [ -39.700113, -8.799537 ], [ -39.686018, -8.792658 ], [ -39.676432, -8.788102 ], [ -39.671349, -8.777166 ], [ -39.677138, -8.760474 ], [ -39.674656, -8.736253 ], [ -39.684195, -8.704576 ], [ -39.692672, -8.680098 ], [ -39.691614, -8.663812 ], [ -39.685205, -8.659881 ], [ -39.660508, -8.65694 ], [ -39.645642, -8.659278 ], [ -39.622221, -8.655084 ], [ -39.609663, -8.656797 ], [ -39.591453, -8.647708 ], [ -39.569304, -8.636653 ], [ -39.564158, -8.629873 ], [ -39.557152, -8.62842 ], [ -39.554664, -8.621719 ], [ -39.52875, -8.612459 ], [ -39.51462, -8.602096 ], [ -39.475749, -8.592379 ], [ -39.460884, -8.581626 ], [ -39.456198, -8.567806 ], [ -39.446941, -8.561909 ], [ -39.435129, -8.562888 ], [ -39.42748, -8.558244 ], [ -39.415679, -8.541714 ], [ -39.407267, -8.537938 ], [ -39.386004, -8.533078 ], [ -39.364094, -8.537436 ], [ -39.357, -8.546628 ], [ -39.344783, -8.558087 ], [ -39.335568, -8.558373 ], [ -39.3121, -8.557898 ], [ -39.286062, -8.563345 ], [ -39.272263, -8.583377 ], [ -39.272338, -8.59608 ], [ -39.266119, -8.610526 ], [ -39.252862, -8.61957 ], [ -39.244013, -8.63034 ], [ -39.243511, -8.631268 ], [ -39.241286, -8.641338 ], [ -39.246302, -8.647176 ], [ -39.247658, -8.668353 ], [ -39.244492, -8.685585 ], [ -39.233908, -8.704921 ], [ -39.228162, -8.7099 ], [ -39.221881, -8.711252 ], [ -39.217271, -8.708045 ], [ -39.200421, -8.710573 ], [ -39.180636, -8.705886 ], [ -39.173686, -8.70093 ], [ -39.16921, -8.691624 ], [ -39.153445, -8.70816 ], [ -39.125793, -8.715299 ], [ -39.113676, -8.717656 ], [ -39.089782, -8.723498 ], [ -39.064327, -8.731185 ], [ -39.042445, -8.732933 ], [ -39.029848, -8.738069 ], [ -39.014299, -8.753452 ], [ -38.991553, -8.767136 ], [ -38.977074, -8.792671 ], [ -38.964774, -8.793866 ], [ -38.953585, -8.803647 ], [ -38.943335, -8.80382 ], [ -38.92458, -8.794332 ], [ -38.884412, -8.789189 ], [ -38.867747, -8.78345 ], [ -38.854576, -8.784111 ], [ -38.803713, -8.788765 ], [ -38.788359, -8.799242 ], [ -38.756298, -8.830789 ], [ -38.739327, -8.844431 ], [ -38.716741, -8.852735 ], [ -38.711159, -8.857974 ], [ -38.706188, -8.861844 ], [ -38.695715, -8.890109 ], [ -38.693272, -8.918287 ], [ -38.693445, -8.931472 ], [ -38.68979, -8.94486 ], [ -38.674027, -8.97134 ], [ -38.665401, -8.977715 ], [ -38.640355, -8.986851 ], [ -38.63033, -8.98475 ], [ -38.623743, -8.979629 ], [ -38.608885, -8.954704 ], [ -38.607231, -8.892847 ], [ -38.603469, -8.880174 ], [ -38.572491, -8.831932 ], [ -38.554713, -8.822941 ], [ -38.540786, -8.82307 ], [ -38.506088, -8.832819 ], [ -38.479481, -8.849672 ], [ -38.469453, -8.865325 ], [ -38.472939, -8.889129 ], [ -38.478964, -8.901327 ], [ -38.489221, -8.910624 ], [ -38.501693, -8.916204 ], [ -38.516445, -8.932818 ], [ -38.519457, -8.947165 ], [ -38.513727, -8.959581 ], [ -38.503159, -8.980993 ], [ -38.462052, -9.016822 ], [ -38.448746, -9.025941 ], [ -38.415098, -9.038152 ], [ -38.403163, -9.036815 ], [ -38.385546, -9.024408 ], [ -38.355808, -8.996724 ], [ -38.339885, -8.98999 ], [ -38.320397, -8.990324 ], [ -38.316583, -9.000876 ], [ -38.29605, -9.022433 ], [ -38.288528, -9.039925 ], [ -38.289607, -9.046743 ], [ -38.296694, -9.055298 ], [ -38.320689, -9.069615 ], [ -38.325514, -9.077574 ], [ -38.319908, -9.090871 ], [ -38.304241, -9.096369 ], [ -38.321049, -9.116462 ], [ -38.319141, -9.13781 ], [ -38.312521, -9.147948 ], [ -38.305507, -9.153139 ], [ -38.287249, -9.173465 ], [ -38.279726, -9.205839 ], [ -38.28716, -9.21671 ], [ -38.262262, -9.266272 ], [ -38.250193, -9.29006 ], [ -38.237238, -9.329374 ], [ -38.223245, -9.346486 ], [ -38.209176, -9.358167 ], [ -38.19994, -9.379009 ], [ -38.194124, -9.384514 ], [ -38.195223, -9.391698 ], [ -38.193824, -9.393965 ], [ -38.201516, -9.399963 ], [ -38.204661, -9.416301 ], [ -38.196623, -9.420938 ], [ -38.194494, -9.421519 ], [ -38.177347, -9.424965 ], [ -38.154597, -9.442995 ], [ -38.141576, -9.437341 ], [ -38.121014, -9.44115 ], [ -38.108591, -9.4352 ], [ -38.079357, -9.439965 ], [ -38.069898, -9.447559 ], [ -38.067495, -9.458081 ], [ -38.057204, -9.45878 ], [ -38.042812, -9.468177 ], [ -38.029971, -9.46651 ], [ -38.021804, -9.469569 ], [ -38.019592, -9.475496 ], [ -38.010574, -9.478309 ], [ -37.997598, -9.498861 ], [ -38.00294, -9.514608 ], [ -38.012797, -9.527927 ], [ -38.013538, -9.534544 ], [ -38.021506, -9.540582 ], [ -38.022694, -9.548646 ], [ -38.017696, -9.551957 ], [ -38.019794, -9.56143 ], [ -38.026437, -9.574455 ], [ -38.029649, -9.574049 ], [ -38.031374, -9.567638 ], [ -38.039924, -9.572026 ], [ -38.040751, -9.575764 ], [ -38.036489, -9.580697 ], [ -38.038729, -9.583055 ], [ -38.040156, -9.602161 ], [ -38.034939, -9.612222 ], [ -38.018354, -9.623132 ], [ -38.015564, -9.628963 ], [ -38.008395, -9.631357 ], [ -38.00774, -9.635996 ], [ -37.989762, -9.641241 ], [ -37.987527, -9.646969 ], [ -37.99017, -9.649965 ], [ -37.990016, -9.655539 ], [ -37.992671, -9.656396 ], [ -37.996725, -9.649971 ], [ -38.006659, -9.651306 ], [ -38.021822, -9.666372 ], [ -38.024636, -9.682456 ], [ -38.03955, -9.686169 ], [ -38.041471, -9.690962 ], [ -38.043005, -9.71181 ], [ -38.039404, -9.732946 ], [ -38.03874, -9.734075 ], [ -38.03326, -9.759702 ], [ -38.029497, -9.765078 ], [ -38.031214, -9.770612 ], [ -38.027852, -9.775654 ], [ -38.019767, -9.777545 ], [ -38.016798, -9.786995 ], [ -37.997384, -9.802925 ], [ -37.973038, -9.814042 ], [ -37.966322, -9.815628 ], [ -37.966078, -9.819467 ], [ -37.974252, -9.829616 ], [ -37.976237, -9.841673 ], [ -37.972584, -9.847704 ], [ -37.976364, -9.860092 ], [ -37.982193, -9.868372 ], [ -37.985356, -9.889437 ], [ -37.991469, -9.902202 ], [ -37.997418, -9.91038 ], [ -37.997305, -9.916288 ], [ -37.987572, -9.921412 ], [ -37.967985, -9.96236 ], [ -37.957115, -9.970858 ], [ -37.949196, -9.971032 ], [ -37.936329, -9.965594 ], [ -37.926988, -9.965159 ], [ -37.921808, -9.972793 ], [ -37.915172, -9.975433 ], [ -37.881059, -9.980304 ], [ -37.875102, -9.978347 ], [ -37.849251, -9.992686 ], [ -37.832873, -9.997922 ], [ -37.82295, -10.015235 ], [ -37.823581, -10.034108 ], [ -37.823549, -10.03538 ], [ -37.820624, -10.056865 ], [ -37.809391, -10.082484 ], [ -37.797934, -10.108606 ], [ -37.780848, -10.127744 ], [ -37.776803, -10.133371 ], [ -37.774031, -10.144369 ], [ -37.782585, -10.180213 ], [ -37.779816, -10.187446 ], [ -37.765354, -10.19579 ], [ -37.741177, -10.316917 ], [ -37.740997, -10.317503 ], [ -37.734527, -10.332379 ], [ -37.743231, -10.337322 ], [ -37.78271, -10.29353 ], [ -37.821877, -10.250044 ], [ -37.897947, -10.165458 ], [ -37.898004, -10.165394 ], [ -37.914057, -10.147661 ], [ -37.981586, -10.129396 ], [ -38.015223, -10.120288 ], [ -38.050609, -10.110701 ], [ -38.085227, -10.10131 ], [ -38.149874, -10.213479 ], [ -38.143153, -10.193074 ], [ -38.155352, -10.190677 ], [ -38.166823, -10.183767 ], [ -38.181903, -10.184993 ], [ -38.192116, -10.180158 ], [ -38.195398, -10.187091 ], [ -38.201284, -10.188785 ], [ -38.205046, -10.196516 ], [ -38.215681, -10.205461 ], [ -38.219725, -10.219645 ], [ -38.23285, -10.222979 ], [ -38.23393, -10.223681 ], [ -38.248488, -10.234458 ], [ -38.258538, -10.248033 ], [ -38.280385, -10.247001 ], [ -38.303026, -10.258991 ], [ -38.345633, -10.252413 ], [ -38.37319, -10.261229 ], [ -38.404174, -10.279617 ], [ -38.414725, -10.290708 ], [ -38.42153, -10.292402 ], [ -38.42817, -10.303908 ], [ -38.435536, -10.308508 ], [ -38.434812, -10.312764 ], [ -38.436217, -10.320884 ], [ -38.436228, -10.321118 ], [ -38.644814, -10.299969 ], [ -38.654989, -10.298934 ], [ -38.655585, -10.298883 ], [ -38.765328, -10.287688 ], [ -38.781209, -10.286068 ], [ -38.815632, -10.282552 ], [ -38.853197, -10.278703 ], [ -38.917991, -10.30169 ], [ -38.928472, -10.305422 ], [ -39.056069, -10.35067 ], [ -39.060228, -10.352144 ], [ -39.136747, -10.293022 ], [ -39.184866, -10.255823 ], [ -39.196026, -10.248518 ], [ -39.202667, -10.236821 ], [ -39.212372, -10.235737 ], [ -39.223738, -10.226031 ], [ -39.232687, -10.233726 ], [ -39.238649, -10.234044 ], [ -39.250937, -10.237775 ], [ -39.255269, -10.245179 ], [ -39.261716, -10.248658 ], [ -39.279587, -10.236552 ], [ -39.304149, -10.219905 ], [ -39.371214, -10.174412 ], [ -39.371279, -10.174368 ], [ -39.414777, -10.14483 ], [ -39.433792, -10.13191 ], [ -39.492152, -10.120693 ], [ -39.544648, -10.110969 ], [ -39.572288, -10.105843 ], [ -39.597663, -10.101137 ], [ -39.597778, -10.101115 ], [ -39.626755, -10.095338 ], [ -39.702581, -10.056257 ], [ -39.70281, -10.05614 ], [ -39.753612, -10.00001 ], [ -39.786807, -9.950972 ], [ -39.794903, -9.939009 ], [ -39.801273, -9.944924 ], [ -39.805857, -9.939325 ], [ -39.803328, -9.952177 ], [ -39.789692, -9.950927 ], [ -39.786776, -9.954386 ], [ -39.788019, -9.974231 ], [ -39.776883, -10.016062 ], [ -39.780202, -10.048971 ], [ -39.774767, -10.062754 ], [ -39.778908, -10.090068 ], [ -39.774827, -10.099535 ], [ -39.774434, -10.130822 ], [ -39.768599, -10.164667 ], [ -39.76288, -10.174762 ], [ -39.763499, -10.185173 ], [ -39.761985, -10.191555 ], [ -39.759596, -10.198792 ], [ -39.762498, -10.220858 ], [ -39.75661, -10.23377 ], [ -39.758357, -10.251901 ], [ -39.751543, -10.268447 ], [ -39.748184, -10.292492 ], [ -39.744797, -10.296268 ], [ -39.746635, -10.303661 ], [ -39.73589, -10.334149 ], [ -39.737193, -10.34294 ], [ -39.739185, -10.35447 ], [ -39.735483, -10.386542 ], [ -39.735748, -10.397738 ], [ -39.732326, -10.408374 ], [ -39.737757, -10.415573 ], [ -39.740907, -10.433614 ], [ -39.752544, -10.439699 ], [ -39.757169, -10.473545 ], [ -39.763878, -10.478001 ], [ -39.764016, -10.493952 ], [ -39.762576, -10.500115 ], [ -39.756459, -10.504225 ], [ -39.764973, -10.513809 ], [ -39.760717, -10.522329 ], [ -39.763657, -10.530522 ], [ -39.767851, -10.538204 ], [ -39.771164, -10.55042 ], [ -39.763444, -10.564873 ], [ -39.76101, -10.581879 ], [ -39.743564, -10.640139 ], [ -39.732219, -10.655108 ], [ -39.731329, -10.656407 ], [ -39.730242, -10.657504 ], [ -39.713999, -10.659843 ], [ -39.696383, -10.674794 ], [ -39.700162, -10.681701 ], [ -39.701241, -10.69183 ], [ -39.698136, -10.700656 ], [ -39.701323, -10.715588 ], [ -39.709796, -10.719554 ], [ -39.704513, -10.73259 ], [ -39.693047, -10.737205 ], [ -39.692666, -10.744871 ], [ -39.698465, -10.753739 ], [ -39.683656, -10.764812 ], [ -39.68463, -10.777338 ], [ -39.681547, -10.785884 ], [ -39.678299, -10.803128 ], [ -39.665268, -10.80709 ], [ -39.662239, -10.819009 ], [ -39.667914, -10.827614 ], [ -39.665886, -10.837911 ], [ -39.652991, -10.843229 ], [ -39.637074, -10.84428 ], [ -39.644723, -10.855762 ], [ -39.635274, -10.865876 ], [ -39.635108, -10.873927 ], [ -39.627907, -10.874292 ], [ -39.625573, -10.877918 ], [ -39.624633, -10.888729 ], [ -39.631598, -10.89653 ], [ -39.628806, -10.903726 ], [ -39.63005, -10.910808 ], [ -39.627338, -10.915226 ], [ -39.651286, -10.947079 ], [ -39.678073, -10.982716 ], [ -39.701409, -10.97522 ], [ -39.711213, -10.981303 ], [ -39.720692, -10.979974 ], [ -39.722703, -10.976962 ], [ -39.716829, -10.967987 ], [ -39.736071, -10.951552 ], [ -39.751314, -10.952768 ], [ -39.761998, -10.962043 ], [ -39.764499, -10.957795 ], [ -39.774047, -10.9586 ], [ -39.784472, -10.951618 ], [ -39.80071, -10.939257 ], [ -39.825599, -10.939658 ], [ -39.826109, -10.928212 ], [ -39.837072, -10.931384 ], [ -39.843832, -10.925316 ], [ -39.840743, -10.92165 ], [ -39.843023, -10.917328 ], [ -39.855049, -10.917551 ], [ -39.861661, -10.918045 ], [ -39.865335, -10.904998 ], [ -39.879679, -10.907315 ], [ -39.885677, -10.90049 ], [ -39.890348, -10.899923 ], [ -39.894767, -10.909307 ], [ -39.902157, -10.915252 ], [ -39.92462, -10.91633 ], [ -39.929778, -10.903542 ], [ -39.938383, -10.90806 ], [ -39.945821, -10.907537 ], [ -39.951934, -10.892397 ], [ -39.962273, -10.897518 ], [ -39.968852, -10.896527 ], [ -39.974849, -10.887879 ], [ -39.983712, -10.889824 ], [ -39.998959, -10.883247 ], [ -39.996652, -10.877031 ], [ -39.999078, -10.875351 ], [ -40.012189, -10.884788 ], [ -40.017128, -10.883381 ], [ -40.022336, -10.876761 ], [ -40.017299, -10.867743 ], [ -40.026249, -10.862853 ], [ -40.047745, -10.862593 ], [ -40.053209, -10.857938 ], [ -40.064156, -10.859241 ], [ -40.051137, -10.912515 ], [ -40.037848, -10.966815 ], [ -40.035343, -10.977042 ], [ -40.01717, -11.052187 ] ] ] } },
{ "type": "Feature", "properties": { "MACRO_ID": "2914", "MACRO_NAME": "Nordeste (NRS - Alagoinhas)", "id": "290030", "name": "Acajutiba", "description": "Acajutiba", "MUN_ID": "290030", "UF": "BA", "HREG_ID": "29001", "HREG_NAME": "Alagoinhas" }, "geometry": { "type": "Polygon", "coordinates": [ [ [ -38.276245, -12.299924 ], [ -38.27898, -12.302659 ], [ -38.274149, -12.309548 ], [ -38.273921, -12.321979 ], [ -38.276772, -12.321071 ], [ -38.2796, -12.324695 ], [ -38.284296, -12.341049 ], [ -38.295175, -12.344378 ], [ -38.311122, -12.341998 ], [ -38.315024, -12.336084 ], [ -38.328148, -12.3498 ], [ -38.355216, -12.377384 ], [ -38.355548, -12.377609 ], [ -38.39091, -12.401547 ], [ -38.376078, -12.407197 ], [ -38.378519, -12.414384 ], [ -38.38913, -12.421723 ], [ -38.388004, -12.429258 ], [ -38.395546, -12.42946 ], [ -38.407609, -12.421103 ], [ -38.41852, -12.42587 ], [ -38.424607, -12.42716 ], [ -38.42682, -12.422567 ], [ -38.431915, -12.422688 ], [ -38.434997, -12.429952 ], [ -38.447421, -12.430706 ], [ -38.459668, -12.421307 ], [ -38.46153, -12.416206 ], [ -38.475474, -12.414373 ], [ -38.480701, -12.415644 ], [ -38.490424, -12.410954 ], [ -38.495051, -12.412143 ], [ -38.495009, -12.415257 ], [ -38.494035, -12.419087 ], [ -38.499091, -12.421254 ], [ -38.501722, -12.427307 ], [ -38.504379, -12.419444 ], [ -38.50924, -12.421167 ], [ -38.513658, -12.413962 ], [ -38.519331, -12.417844 ], [ -38.524543, -12.41497 ], [ -38.540161, -12.404098 ], [ -38.535093, -12.402107 ], [ -38.538373, -12.391253 ], [ -38.535087, -12.382569 ], [ -38.537787, -12.378692 ], [ -38.533069, -12.361126 ], [ -38.529661, -12.355411 ], [ -38.531955, -12.350033 ], [ -38.529528, -12.34316 ], [ -38.532295, -12.341589 ], [ -38.532633, -12.340921 ], [ -38.529983, -12.325805 ], [ -38.528987, -12.280369 ], [ -38.524703, -12.26867 ], [ -38.54845, -12.249181 ], [ -38.576077, -12.226493 ], [ -38.601898, -12.205276 ], [ -38.591337, -12.196369 ], [ -38.593028, -12.19504 ], [ -38.614524, -12.178124 ], [ -38.610012, -12.162883 ], [ -38.623688, -12.154766 ], [ -38.633771, -12.173549 ], [ -38.652597, -12.185771 ], [ -38.657535, -12.192756 ], [ -38.71725, -12.175904 ], [ -38.734718, -12.170971 ], [ -38.701189, -12.120776 ], [ -38.668874, -12.07241 ], [ -38.655998, -12.05314 ], [ -38.685043, -12.053354 ], [ -38.699977, -12.053463 ], [ -38.700465, -12.0533 ], [ -38.701497, -12.051326 ], [ -38.706257, -12.042223 ], [ -38.714251, -12.040112 ], [ -38.723839, -12.027803 ], [ -38.724494, -12.015843 ], [ -38.725119, -12.012412 ], [ -38.713443, -11.997285 ], [ -38.71544, -11.993299 ], [ -38.707323, -11.97185 ], [ -38.709946, -11.960095 ], [ -38.706368, -11.955147 ], [ -38.698625, -11.954699 ], [ -38.683735, -11.946933 ], [ -38.659079, -11.945455 ], [ -38.632918, -11.943882 ], [ -38.606284, -11.961428 ], [ -38.598231, -11.954011 ], [ -38.596708, -11.952608 ], [ -38.600581, -11.924562 ], [ -38.615562, -11.815559 ], [ -38.630645, -11.705708 ], [ -38.634573, -11.700585 ], [ -38.644475, -11.69388 ], [ -38.665444, -11.690683 ], [ -38.67314, -11.691344 ], [ -38.683757, -11.697569 ], [ -38.690378, -11.694168 ], [ -38.69399, -11.681259 ], [ -38.70157, -11.654144 ], [ -38.719518, -11.58987 ], [ -38.724863, -11.570705 ], [ -38.72489, -11.57061 ], [ -38.743982, -11.502079 ], [ -38.76348, -11.431968 ], [ -38.785041, -11.354283 ], [ -38.78606, -11.354518 ], [ -38.803585, -11.346955 ], [ -38.818002, -11.347273 ], [ -38.830174, -11.353666 ], [ -38.858054, -11.352969 ], [ -38.872239, -11.344922 ], [ -38.900449, -11.239332 ], [ -38.921133, -11.161722 ], [ -38.943317, -11.078304 ], [ -38.943118, -11.078058 ], [ -38.946645, -11.064666 ], [ -38.944978, -11.051767 ], [ -38.949286, -11.048067 ], [ -38.961, -11.052124 ], [ -38.97421, -11.049276 ], [ -38.994518, -11.052561 ], [ -39.001158, -11.05742 ], [ -39.00598, -11.053789 ], [ -39.016199, -11.031896 ], [ -39.034506, -11.030743 ], [ -39.040619, -11.024817 ], [ -39.046738, -11.020586 ], [ -39.05493, -11.02552 ], [ -39.071264, -11.044149 ], [ -39.078906, -11.042974 ], [ -39.090801, -11.037711 ], [ -39.097721, -11.024357 ], [ -39.114823, -11.01822 ], [ -39.086709, -10.974016 ], [ -39.049466, -10.910446 ], [ -39.022516, -10.864459 ], [ -38.995938, -10.819363 ], [ -38.975437, -10.785466 ], [ -38.975373, -10.785359 ], [ -38.961761, -10.784624 ], [ -38.946929, -10.775694 ], [ -38.942219, -10.776634 ], [ -38.940427, -10.771939 ], [ -38.912604, -10.776248 ], [ -38.900886, -10.764705 ], [ -38.888024, -10.755082 ], [ -38.883626, -10.745723 ], [ -38.848515, -10.733948 ], [ -38.83957, -10.72874 ], [ -38.837703, -10.698609 ], [ -38.825827, -10.689847 ], [ -38.824074, -10.672695 ], [ -38.827163, -10.661485 ], [ -38.826385, -10.642993 ], [ -38.81299, -10.63611 ], [ -38.652577, -10.706499 ], [ -38.655963, -10.70336 ], [ -38.653411, -10.688619 ], [ -38.662691, -10.679606 ], [ -38.669518, -10.665729 ], [ -38.691208, -10.654394 ], [ -38.702472, -10.641059 ], [ -38.704697, -10.624931 ], [ -38.705571, -10.618595 ], [ -38.7191, -10.608531 ], [ -38.735761, -10.605051 ], [ -38.737334, -10.601312 ], [ -38.737213, -10.601225 ], [ -38.737212, -10.601224 ], [ -38.603485, -10.503055 ], [ -38.574534, -10.479262 ], [ -38.579643, -10.487426 ], [ -38.577579, -10.491283 ], [ -38.564328, -10.504243 ], [ -38.553421, -10.507344 ], [ -38.564662, -10.478013 ], [ -38.556607, -10.461329 ], [ -38.549912, -10.458835 ], [ -38.546872, -10.453803 ], [ -38.478605, -10.372259 ], [ -38.467, -10.35839 ], [ -38.451557, -10.339934 ], [ -38.441984, -10.328492 ], [ -38.436228, -10.321118 ], [ -38.436217, -10.320884 ], [ -38.434812, -10.312764 ], [ -38.435536, -10.308508 ], [ -38.42817, -10.303908 ], [ -38.42153, -10.292402 ], [ -38.414725, -10.290708 ], [ -38.404174, -10.279617 ], [ -38.37319, -10.261229 ], [ -38.345633, -10.252413 ], [ -38.303026, -10.258991 ], [ -38.280385, -10.247001 ], [ -38.258538, -10.248033 ], [ -38.248488, -10.234458 ], [ -38.23393, -10.223681 ], [ -38.23285, -10.222979 ], [ -38.219725, -10.219645 ], [ -38.215681, -10.205461 ], [ -38.205046, -10.196516 ], [ -38.201284, -10.188785 ], [ -38.195398, -10.187091 ], [ -38.192116, -10.180158 ], [ -38.181903, -10.184993 ], [ -38.166823, -10.183767 ], [ -38.155352, -10.190677 ], [ -38.143153, -10.193074 ], [ -38.149874, -10.213479 ], [ -38.085227, -10.10131 ], [ -38.050609, -10.110701 ], [ -38.015223, -10.120288 ], [ -37.981586, -10.129396 ], [ -37.914057, -10.147661 ], [ -37.898004, -10.165394 ], [ -37.897947, -10.165458 ], [ -37.821877, -10.250044 ], [ -37.78271, -10.29353 ], [ -37.743231, -10.337322 ], [ -37.762184, -10.344 ], [ -37.776238, -10.343812 ], [ -37.785326, -10.348304 ], [ -37.787268, -10.354055 ], [ -37.807355, -10.366225 ], [ -37.81268, -10.365779 ], [ -37.821711, -10.371889 ], [ -37.823738, -10.37757 ], [ -37.83035, -10.374542 ], [ -37.833729, -10.379689 ], [ -37.838642, -10.378782 ], [ -37.833247, -10.384916 ], [ -37.840281, -10.389471 ], [ -37.842183, -10.398073 ], [ -37.836939, -10.4006 ], [ -37.852862, -10.406061 ], [ -37.850825, -10.415663 ], [ -37.858547, -10.429775 ], [ -37.849006, -10.442656 ], [ -37.820713, -10.484224 ], [ -37.816965, -10.503514 ], [ -37.812703, -10.508054 ], [ -37.816681, -10.51266 ], [ -37.815294, -10.516964 ], [ -37.82196, -10.530538 ], [ -37.819176, -10.539008 ], [ -37.823441, -10.538095 ], [ -37.82906, -10.54082 ], [ -37.827597, -10.547198 ], [ -37.831441, -10.550893 ], [ -37.840226, -10.549133 ], [ -37.839316, -10.555643 ], [ -37.832767, -10.560166 ], [ -37.834984, -10.570697 ], [ -37.830294, -10.572591 ], [ -37.831179, -10.578539 ], [ -37.825534, -10.579921 ], [ -37.83013, -10.584265 ], [ -37.830121, -10.58432 ], [ -37.820832, -10.644081 ], [ -37.814515, -10.684639 ], [ -37.813583, -10.690617 ], [ -37.828481, -10.696578 ], [ -37.84415, -10.702847 ], [ -37.844561, -10.703011 ], [ -37.866646, -10.711846 ], [ -37.881824, -10.717919 ], [ -37.897844, -10.724328 ], [ -37.900657, -10.725454 ], [ -37.908917, -10.728759 ], [ -37.91989, -10.733148 ], [ -37.939187, -10.740868 ], [ -37.97226, -10.754099 ], [ -37.974135, -10.754777 ], [ -37.984839, -10.758645 ], [ -37.990478, -10.756502 ], [ -38.012255, -10.734802 ], [ -38.021078, -10.730497 ], [ -38.033706, -10.71208 ], [ -38.040319, -10.702432 ], [ -38.041742, -10.700355 ], [ -38.046736, -10.693068 ], [ -38.048908, -10.705505 ], [ -38.067274, -10.715228 ], [ -38.10038, -10.712418 ], [ -38.112078, -10.712814 ], [ -38.122551, -10.717915 ], [ -38.144754, -10.717465 ], [ -38.15638, -10.712085 ], [ -38.170011, -10.711893 ], [ -38.175003, -10.705825 ], [ -38.185948, -10.707049 ], [ -38.198635, -10.710553 ], [ -38.210449, -10.716798 ], [ -38.215072, -10.724614 ], [ -38.217771, -10.735797 ], [ -38.217075, -10.737774 ], [ -38.210008, -10.756144 ], [ -38.209992, -10.756184 ], [ -38.218091, -10.782098 ], [ -38.232723, -10.792694 ], [ -38.235996, -10.795798 ], [ -38.236296, -10.807558 ], [ -38.234605, -10.811664 ], [ -38.244693, -10.822537 ], [ -38.242563, -10.827526 ], [ -38.239217, -10.82594 ], [ -38.231841, -10.839472 ], [ -38.237424, -10.859069 ], [ -38.236105, -10.881203 ], [ -38.229764, -10.89381 ], [ -38.22599, -10.916142 ], [ -38.214788, -10.92309 ], [ -38.210777, -10.930796 ], [ -38.205192, -10.921553 ], [ -38.198798, -10.926944 ], [ -38.202447, -10.934889 ], [ -38.200665, -10.93795 ], [ -38.180562, -10.943759 ], [ -38.179959, -10.949831 ], [ -38.187018, -10.962188 ], [ -38.179531, -10.969281 ], [ -38.180177, -10.974297 ], [ -38.149068, -11.001064 ], [ -38.143737, -11.001845 ], [ -38.139548, -11.008563 ], [ -38.128994, -11.018433 ], [ -38.12348, -11.01789 ], [ -38.124592, -11.009734 ], [ -38.120725, -11.006924 ], [ -38.101374, -11.014621 ], [ -38.100607, -11.020211 ], [ -38.105516, -11.025401 ], [ -38.097674, -11.038317 ], [ -38.099935, -11.041032 ], [ -38.095959, -11.049084 ], [ -38.090723, -11.051154 ], [ -38.090542, -11.057613 ], [ -38.084915, -11.059794 ], [ -38.08413, -11.064772 ], [ -38.08099, -11.063948 ], [ -38.074534, -11.0761 ], [ -38.086038, -11.097292 ], [ -38.091849, -11.097923 ], [ -38.093623, -11.101364 ], [ -38.088572, -11.105867 ], [ -38.088766, -11.114795 ], [ -38.083461, -11.119275 ], [ -38.068781, -11.118614 ], [ -38.065101, -11.122609 ], [ -38.064772, -11.131 ], [ -38.070397, -11.141869 ], [ -38.065975, -11.148654 ], [ -38.066399, -11.160447 ], [ -38.062054, -11.163626 ], [ -38.061384, -11.171655 ], [ -38.046435, -11.178237 ], [ -38.022845, -11.177504 ], [ -38.013573, -11.184324 ], [ -38.000474, -11.194647 ], [ -37.996037, -11.190644 ], [ -37.986969, -11.19557 ], [ -37.984549, -11.195445 ], [ -37.979739, -11.191437 ], [ -37.97375, -11.194887 ], [ -37.980882, -11.198431 ], [ -37.97894, -11.204756 ], [ -37.981558, -11.209888 ], [ -37.977099, -11.214256 ], [ -37.977468, -11.221479 ], [ -37.990561, -11.228154 ], [ -37.986274, -11.237067 ], [ -37.993307, -11.24003 ], [ -37.989738, -11.248228 ], [ -37.987092, -11.245484 ], [ -37.983884, -11.247352 ], [ -37.986703, -11.25327 ], [ -37.995615, -11.259054 ], [ -37.990556, -11.26578 ], [ -37.985939, -11.266708 ], [ -37.986972, -11.271499 ], [ -37.992972, -11.272501 ], [ -37.992537, -11.279013 ], [ -38.003987, -11.285723 ], [ -38.014542, -11.285221 ], [ -38.010405, -11.293611 ], [ -38.00311, -11.292308 ], [ -38.00103, -11.302629 ], [ -37.995415, -11.311911 ], [ -37.991961, -11.312325 ], [ -37.99055, -11.320445 ], [ -37.998312, -11.321899 ], [ -37.987516, -11.331137 ], [ -37.997934, -11.335379 ], [ -37.999759, -11.33888 ], [ -37.993247, -11.342954 ], [ -37.989655, -11.341319 ], [ -37.982133, -11.347742 ], [ -37.978412, -11.365328 ], [ -37.97257, -11.37334 ], [ -37.969394, -11.372504 ], [ -37.968386, -11.381399 ], [ -37.980727, -11.384884 ], [ -37.977575, -11.393119 ], [ -37.967546, -11.390083 ], [ -37.964776, -11.392689 ], [ -37.965243, -11.402313 ], [ -37.960657, -11.401306 ], [ -37.957647, -11.396045 ], [ -37.952211, -11.395439 ], [ -37.950814, -11.403996 ], [ -37.955571, -11.407084 ], [ -37.945566, -11.412849 ], [ -37.942487, -11.418165 ], [ -37.944757, -11.422551 ], [ -37.941675, -11.422793 ], [ -37.936336, -11.422135 ], [ -37.934919, -11.413154 ], [ -37.928003, -11.40946 ], [ -37.928669, -11.401492 ], [ -37.916667, -11.402562 ], [ -37.914004, -11.407696 ], [ -37.906982, -11.40773 ], [ -37.904799, -11.409897 ], [ -37.906127, -11.419739 ], [ -37.903579, -11.422565 ], [ -37.90705, -11.426281 ], [ -37.901941, -11.427639 ], [ -37.89996, -11.436615 ], [ -37.893373, -11.433295 ], [ -37.891637, -11.435968 ], [ -37.882782, -11.424444 ], [ -37.867567, -11.425817 ], [ -37.865744, -11.428233 ], [ -37.873861, -11.427851 ], [ -37.880702, -11.432971 ], [ -37.86976, -11.435352 ], [ -37.867423, -11.442044 ], [ -37.850478, -11.439788 ], [ -37.84808, -11.443565 ], [ -37.852199, -11.445894 ], [ -37.853097, -11.4515 ], [ -37.862772, -11.452226 ], [ -37.863331, -11.455004 ], [ -37.86275, -11.466969 ], [ -37.848067, -11.469471 ], [ -37.839766, -11.481218 ], [ -37.832714, -11.482604 ], [ -37.82452, -11.491248 ], [ -37.815905, -11.491558 ], [ -37.808626, -11.496496 ], [ -37.812846, -11.500889 ], [ -37.818152, -11.498872 ], [ -37.819202, -11.501229 ], [ -37.811958, -11.515598 ], [ -37.800434, -11.520026 ], [ -37.794729, -11.518142 ], [ -37.790786, -11.523302 ], [ -37.774644, -11.524019 ], [ -37.770323, -11.531006 ], [ -37.762865, -11.528047 ], [ -37.762988, -11.524231 ], [ -37.759246, -11.524529 ], [ -37.748182, -11.537991 ], [ -37.730702, -11.537079 ], [ -37.727629, -11.552311 ], [ -37.71904, -11.549621 ], [ -37.711913, -11.552243 ], [ -37.702486, -11.539914 ], [ -37.696159, -11.544591 ], [ -37.69545, -11.54898 ], [ -37.700053, -11.561898 ], [ -37.687822, -11.565764 ], [ -37.684344, -11.561566 ], [ -37.67317, -11.568202 ], [ -37.669812, -11.56358 ], [ -37.672222, -11.559001 ], [ -37.661505, -11.543006 ], [ -37.664556, -11.532786 ], [ -37.657117, -11.53279 ], [ -37.653465, -11.528798 ], [ -37.65135, -11.517848 ], [ -37.643532, -11.523786 ], [ -37.636734, -11.51752 ], [ -37.631578, -11.518347 ], [ -37.627817, -11.529255 ], [ -37.616283, -11.537626 ], [ -37.608235, -11.535906 ], [ -37.602975, -11.539863 ], [ -37.589026, -11.527706 ], [ -37.581099, -11.53069 ], [ -37.57878, -11.533936 ], [ -37.585312, -11.541895 ], [ -37.578506, -11.551552 ], [ -37.572198, -11.548312 ], [ -37.573401, -11.542156 ], [ -37.5685, -11.539421 ], [ -37.561931, -11.542784 ], [ -37.558174, -11.550396 ], [ -37.552527, -11.547086 ], [ -37.519548, -11.548407 ], [ -37.515739, -11.535412 ], [ -37.509349, -11.529968 ], [ -37.503239, -11.524013 ], [ -37.463337, -11.523052 ], [ -37.449825, -11.519947 ], [ -37.411556, -11.494668 ], [ -37.402729, -11.487986 ], [ -37.392182, -11.478471 ], [ -37.372907, -11.454191 ], [ -37.352382, -11.441983 ], [ -37.3408, -11.441899 ], [ -37.346882, -11.447253 ], [ -37.342928, -11.450352 ], [ -37.34582, -11.461759 ], [ -37.387461, -11.503709 ], [ -37.411933, -11.542974 ], [ -37.489918, -11.696849 ], [ -37.509544, -11.736226 ], [ -37.515289, -11.74213 ], [ -37.519346, -11.743069 ], [ -37.522076, -11.754459 ], [ -37.531025, -11.768883 ], [ -37.536516, -11.771703 ], [ -37.540756, -11.772087 ], [ -37.541308, -11.763628 ], [ -37.544099, -11.763679 ], [ -37.54034, -11.760479 ], [ -37.542047, -11.755807 ], [ -37.537758, -11.748644 ], [ -37.526743, -11.745736 ], [ -37.524513, -11.737965 ], [ -37.527207, -11.740257 ], [ -37.528643, -11.733693 ], [ -37.525829, -11.734412 ], [ -37.526507, -11.730741 ], [ -37.522352, -11.729991 ], [ -37.524391, -11.726973 ], [ -37.520854, -11.725916 ], [ -37.523508, -11.722906 ], [ -37.520671, -11.711869 ], [ -37.525298, -11.709119 ], [ -37.534547, -11.709882 ], [ -37.530673, -11.702236 ], [ -37.534703, -11.700203 ], [ -37.547342, -11.705313 ], [ -37.556958, -11.705465 ], [ -37.571476, -11.696871 ], [ -37.577416, -11.686525 ], [ -37.581207, -11.686212 ], [ -37.586037, -11.69135 ], [ -37.610963, -11.66502 ], [ -37.641778, -11.660289 ], [ -37.651004, -11.670688 ], [ -37.660428, -11.673375 ], [ -37.672218, -11.671129 ], [ -37.687098, -11.66086 ], [ -37.695083, -11.654184 ], [ -37.701464, -11.642394 ], [ -37.710549, -11.63788 ], [ -37.713703, -11.632604 ], [ -37.72739, -11.633867 ], [ -37.742457, -11.62968 ], [ -37.749495, -11.634983 ], [ -37.748928, -11.648634 ], [ -37.752973, -11.656994 ], [ -37.750393, -11.659308 ], [ -37.773389, -11.690319 ], [ -37.774129, -11.700939 ], [ -37.783611, -11.721708 ], [ -37.792466, -11.729975 ], [ -37.81271, -11.736813 ], [ -37.832382, -11.740171 ], [ -37.838447, -11.759984 ], [ -37.852098, -11.767235 ], [ -37.85886, -11.762459 ], [ -37.85884, -11.767551 ], [ -37.85884, -11.767715 ], [ -37.858811, -11.775068 ], [ -37.800433, -11.827522 ], [ -37.79447, -11.847469 ], [ -37.780023, -11.857054 ], [ -37.767897, -11.857936 ], [ -37.767847, -11.869604 ], [ -37.767782, -11.883748 ], [ -37.766168, -11.960712 ], [ -37.753401, -11.971836 ], [ -37.747008, -11.967633 ], [ -37.744743, -11.973913 ], [ -37.73982, -11.974782 ], [ -37.750402, -12.001334 ], [ -37.746329, -12.007405 ], [ -37.733555, -12.008688 ], [ -37.720836, -12.017778 ], [ -37.721929, -12.027464 ], [ -37.728594, -12.031472 ], [ -37.732525, -12.039896 ], [ -37.733324, -12.049421 ], [ -37.72977, -12.052596 ], [ -37.722081, -12.048912 ], [ -37.715777, -12.053319 ], [ -37.702617, -12.063502 ], [ -37.69749, -12.072996 ], [ -37.69264, -12.072796 ], [ -37.69473, -12.07715 ], [ -37.686917, -12.077943 ], [ -37.694635, -12.082407 ], [ -37.686169, -12.092748 ], [ -37.68997, -12.107557 ], [ -37.697927, -12.120754 ], [ -37.762406, -12.216825 ], [ -37.761207, -12.220728 ], [ -37.772306, -12.236769 ], [ -37.775875, -12.242349 ], [ -37.792876, -12.266772 ], [ -37.836368, -12.322096 ], [ -37.881965, -12.389519 ], [ -37.884451, -12.393463 ], [ -37.894701, -12.403968 ], [ -37.895051, -12.396201 ], [ -37.89126, -12.391248 ], [ -37.89424, -12.3806 ], [ -37.904826, -12.385471 ], [ -37.916667, -12.380785 ], [ -37.923857, -12.383146 ], [ -37.93196, -12.37118 ], [ -37.944088, -12.375103 ], [ -37.958618, -12.369 ], [ -37.965434, -12.372237 ], [ -37.970553, -12.370235 ], [ -38.004638, -12.398111 ], [ -38.0487, -12.423548 ], [ -38.064254, -12.432525 ], [ -38.08506, -12.44453 ], [ -38.098209, -12.435282 ], [ -38.094063, -12.429444 ], [ -38.089173, -12.425446 ], [ -38.092283, -12.417747 ], [ -38.10543, -12.411432 ], [ -38.104109, -12.393974 ], [ -38.110727, -12.395903 ], [ -38.114856, -12.392399 ], [ -38.122113, -12.394959 ], [ -38.120241, -12.388625 ], [ -38.125111, -12.386527 ], [ -38.127056, -12.378823 ], [ -38.134105, -12.375121 ], [ -38.14371, -12.370684 ], [ -38.147104, -12.36824 ], [ -38.144968, -12.36263 ], [ -38.148192, -12.35881 ], [ -38.152399, -12.360488 ], [ -38.155407, -12.351349 ], [ -38.15814, -12.340307 ], [ -38.162723, -12.336863 ], [ -38.159001, -12.331205 ], [ -38.163877, -12.326028 ], [ -38.159492, -12.317289 ], [ -38.155087, -12.318208 ], [ -38.159198, -12.309977 ], [ -38.150967, -12.305292 ], [ -38.159349, -12.300351 ], [ -38.147737, -12.292905 ], [ -38.141974, -12.298014 ], [ -38.137985, -12.291295 ], [ -38.139645, -12.28852 ], [ -38.145069, -12.288838 ], [ -38.14717, -12.283313 ], [ -38.162915, -12.280061 ], [ -38.165881, -12.274965 ], [ -38.161915, -12.268444 ], [ -38.173896, -12.260841 ], [ -38.174003, -12.260852 ], [ -38.210606, -12.267129 ], [ -38.274105, -12.27737 ], [ -38.278145, -12.282557 ], [ -38.273593, -12.294071 ], [ -38.276245, -12.299924 ] ] ] } },
{ "type": "Feature", "properties": { "MACRO_ID": "2915", "MACRO_NAME": "Leste - (NRS - Salvador)", "id": "290100", "name": "Amargosa", "description": "Amargosa", "MUN_ID": "290100", "UF": "BA", "HREG_ID": "29022", "HREG_NAME": "Santo Antonio de Jesus" }, "geometry": { "type": "MultiPolygon", "coordinates": [ [ [ [ -39.356518, -13.642179 ], [ -39.360234, -13.645477 ], [ -39.353755, -13.655561 ], [ -39.354984, -13.668716 ], [ -39.357539, -13.669556 ], [ -39.361213, -13.662888 ], [ -39.369654, -13.658074 ], [ -39.382372, -13.6526 ], [ -39.384539, -13.646521 ], [ -39.388087, -13.648444 ], [ -39.391225, -13.646096 ], [ -39.398958, -13.64208 ], [ -39.397288, -13.629687 ], [ -39.391514, -13.628696 ], [ -39.393725, -13.623766 ], [ -39.402233, -13.621377 ], [ -39.401073, -13.618729 ], [ -39.417014, -13.603294 ], [ -39.424959, -13.603728 ], [ -39.427798, -13.594095 ], [ -39.441458, -13.599346 ], [ -39.465904, -13.607709 ], [ -39.471567, -13.615381 ], [ -39.484099, -13.605864 ], [ -39.490761, -13.605737 ], [ -39.492918, -13.60228 ], [ -39.496569, -13.599737 ], [ -39.495716, -13.594806 ], [ -39.496877, -13.587364 ], [ -39.516111, -13.583436 ], [ -39.525627, -13.579147 ], [ -39.536037, -13.580928 ], [ -39.552405, -13.577658 ], [ -39.557291, -13.576302 ], [ -39.575042, -13.570492 ], [ -39.578492, -13.568925 ], [ -39.591947, -13.567674 ], [ -39.613949, -13.55838 ], [ -39.620546, -13.561007 ], [ -39.639535, -13.551053 ], [ -39.648741, -13.55133 ], [ -39.658628, -13.540827 ], [ -39.668429, -13.537452 ], [ -39.670632, -13.536416 ], [ -39.689829, -13.522441 ], [ -39.693559, -13.516029 ], [ -39.694159, -13.514868 ], [ -39.695434, -13.51306 ], [ -39.696297, -13.51242 ], [ -39.708593, -13.497853 ], [ -39.713431, -13.498887 ], [ -39.739906, -13.484233 ], [ -39.745174, -13.485401 ], [ -39.752189, -13.474379 ], [ -39.74551, -13.471188 ], [ -39.750196, -13.457914 ], [ -39.749867, -13.451559 ], [ -39.740897, -13.449454 ], [ -39.739461, -13.446363 ], [ -39.753488, -13.434405 ], [ -39.73846, -13.429302 ], [ -39.745953, -13.422331 ], [ -39.747006, -13.410181 ], [ -39.761654, -13.404086 ], [ -39.779734, -13.408538 ], [ -39.784042, -13.403774 ], [ -39.759784, -13.399327 ], [ -39.751818, -13.392976 ], [ -39.753766, -13.378829 ], [ -39.749016, -13.35456 ], [ -39.754543, -13.335125 ], [ -39.754267, -13.318136 ], [ -39.766406, -13.283171 ], [ -39.766958, -13.262717 ], [ -39.762886, -13.247119 ], [ -39.76454, -13.245944 ], [ -39.7711, -13.24053 ], [ -39.798543, -13.236582 ], [ -39.81829, -13.221975 ], [ -39.82649, -13.214671 ], [ -39.83718, -13.194998 ], [ -39.837049, -13.189265 ], [ -39.828621, -13.185426 ], [ -39.814508, -13.194124 ], [ -39.808306, -13.191543 ], [ -39.809542, -13.182284 ], [ -39.801655, -13.175407 ], [ -39.806143, -13.16311 ], [ -39.804761, -13.150135 ], [ -39.799773, -13.149406 ], [ -39.78896, -13.160392 ], [ -39.779244, -13.163069 ], [ -39.7749, -13.17951 ], [ -39.766427, -13.189215 ], [ -39.758124, -13.182569 ], [ -39.744871, -13.191117 ], [ -39.742348, -13.189912 ], [ -39.744133, -13.169778 ], [ -39.751459, -13.163785 ], [ -39.754433, -13.153401 ], [ -39.762873, -13.146854 ], [ -39.762602, -13.134987 ], [ -39.75088, -13.12447 ], [ -39.737869, -13.119034 ], [ -39.733496, -13.120913 ], [ -39.734979, -13.09899 ], [ -39.732656, -13.096215 ], [ -39.723633, -13.098243 ], [ -39.716373, -13.093388 ], [ -39.697683, -13.087776 ], [ -39.708271, -13.083143 ], [ -39.760978, -13.060065 ], [ -39.787188, -13.04561 ], [ -39.812057, -13.02411 ], [ -39.819304, -13.019543 ], [ -39.816629, -13.011728 ], [ -39.819235, -13.002526 ], [ -39.813652, -12.997827 ], [ -39.805966, -12.978396 ], [ -39.81551, -12.980704 ], [ -39.817019, -12.971976 ], [ -39.83944, -12.966667 ], [ -39.841068, -12.963858 ], [ -39.848904, -12.964025 ], [ -39.856102, -12.956714 ], [ -39.856221, -12.95659 ], [ -39.876765, -12.936552 ], [ -39.885994, -12.942767 ], [ -39.899314, -12.933903 ], [ -39.903489, -12.924536 ], [ -39.901102, -12.917428 ], [ -39.904459, -12.901402 ], [ -39.900631, -12.874916 ], [ -39.878667, -12.862115 ], [ -39.873342, -12.859012 ], [ -39.871217, -12.858575 ], [ -39.824971, -12.761248 ], [ -39.797687, -12.703847 ], [ -39.795899, -12.677138 ], [ -39.791901, -12.606769 ], [ -39.789185, -12.559156 ], [ -39.765591, -12.548431 ], [ -39.760151, -12.550943 ], [ -39.756577, -12.561049 ], [ -39.74943, -12.565842 ], [ -39.735041, -12.552634 ], [ -39.690016, -12.562867 ], [ -39.663526, -12.558799 ], [ -39.652198, -12.560121 ], [ -39.639051, -12.575915 ], [ -39.640684, -12.581093 ], [ -39.6378, -12.584112 ], [ -39.630846, -12.584821 ], [ -39.622827, -12.598089 ], [ -39.612132, -12.598181 ], [ -39.602045, -12.585594 ], [ -39.605446, -12.577476 ], [ -39.602786, -12.572929 ], [ -39.585149, -12.566304 ], [ -39.579484, -12.551119 ], [ -39.575045, -12.549916 ], [ -39.560824, -12.551756 ], [ -39.551795, -12.557204 ], [ -39.542182, -12.57865 ], [ -39.523223, -12.586725 ], [ -39.523029, -12.586725 ], [ -39.522282, -12.586726 ], [ -39.518063, -12.586731 ], [ -39.485094, -12.595486 ], [ -39.457543, -12.611194 ], [ -39.441417, -12.613552 ], [ -39.439516, -12.614093 ], [ -39.415047, -12.61527 ], [ -39.401003, -12.600718 ], [ -39.392483, -12.591687 ], [ -39.375902, -12.583583 ], [ -39.368433, -12.583194 ], [ -39.345467, -12.570192 ], [ -39.339945, -12.559867 ], [ -39.339794, -12.559743 ], [ -39.329212, -12.558003 ], [ -39.316375, -12.547002 ], [ -39.294018, -12.540956 ], [ -39.286431, -12.542439 ], [ -39.274516, -12.537071 ], [ -39.261215, -12.548703 ], [ -39.249854, -12.548665 ], [ -39.222566, -12.545479 ], [ -39.21804, -12.540383 ], [ -39.215344, -12.525314 ], [ -39.204988, -12.513749 ], [ -39.189316, -12.509975 ], [ -39.182591, -12.508497 ], [ -39.169544, -12.504824 ], [ -39.160708, -12.507458 ], [ -39.127075, -12.497825 ], [ -39.12252, -12.496777 ], [ -39.108418, -12.493415 ], [ -39.090758, -12.49494 ], [ -39.069183, -12.454939 ], [ -39.05267, -12.447491 ], [ -39.052117, -12.446976 ], [ -38.99725, -12.466942 ], [ -38.969338, -12.477088 ], [ -38.94827, -12.484746 ], [ -38.94191, -12.482411 ], [ -38.929976, -12.492024 ], [ -38.922503, -12.491889 ], [ -38.922324, -12.491691 ], [ -38.916953, -12.480541 ], [ -38.897611, -12.488329 ], [ -38.903494, -12.49468 ], [ -38.905412, -12.496749 ], [ -38.901128, -12.500042 ], [ -38.878587, -12.509157 ], [ -38.876971, -12.509242 ], [ -38.858663, -12.511352 ], [ -38.847544, -12.509085 ], [ -38.845026, -12.51379 ], [ -38.840512, -12.513042 ], [ -38.83456, -12.493287 ], [ -38.851198, -12.483524 ], [ -38.848945, -12.470926 ], [ -38.847084, -12.460525 ], [ -38.837879, -12.409092 ], [ -38.837681, -12.407981 ], [ -38.830075, -12.403415 ], [ -38.827393, -12.396521 ], [ -38.837142, -12.377692 ], [ -38.839102, -12.369381 ], [ -38.834703, -12.367601 ], [ -38.833261, -12.367737 ], [ -38.797305, -12.367208 ], [ -38.797154, -12.367206 ], [ -38.790042, -12.375144 ], [ -38.778297, -12.392349 ], [ -38.777184, -12.404892 ], [ -38.767565, -12.426486 ], [ -38.773351, -12.429694 ], [ -38.77011, -12.434144 ], [ -38.763198, -12.443634 ], [ -38.741944, -12.472803 ], [ -38.731475, -12.476833 ], [ -38.720725, -12.480907 ], [ -38.655342, -12.483967 ], [ -38.65295, -12.479359 ], [ -38.64637, -12.480157 ], [ -38.637639, -12.476318 ], [ -38.634032, -12.479319 ], [ -38.630701, -12.480818 ], [ -38.621892, -12.489185 ], [ -38.611936, -12.497885 ], [ -38.609392, -12.493987 ], [ -38.582819, -12.453259 ], [ -38.581011, -12.450488 ], [ -38.562615, -12.422285 ], [ -38.556955, -12.422224 ], [ -38.545758, -12.414065 ], [ -38.536118, -12.421556 ], [ -38.524543, -12.41497 ], [ -38.519331, -12.417844 ], [ -38.513658, -12.413962 ], [ -38.50924, -12.421167 ], [ -38.504379, -12.419444 ], [ -38.501722, -12.427307 ], [ -38.499091, -12.421254 ], [ -38.494035, -12.419087 ], [ -38.495009, -12.415257 ], [ -38.495051, -12.412143 ], [ -38.490424, -12.410954 ], [ -38.480701, -12.415644 ], [ -38.475474, -12.414373 ], [ -38.46153, -12.416206 ], [ -38.459668, -12.421307 ], [ -38.447421, -12.430706 ], [ -38.434997, -12.429952 ], [ -38.431915, -12.422688 ], [ -38.42682, -12.422567 ], [ -38.424607, -12.42716 ], [ -38.41852, -12.42587 ], [ -38.407609, -12.421103 ], [ -38.395546, -12.42946 ], [ -38.388004, -12.429258 ], [ -38.38913, -12.421723 ], [ -38.378519, -12.414384 ], [ -38.376078, -12.407197 ], [ -38.39091, -12.401547 ], [ -38.355548, -12.377609 ], [ -38.355216, -12.377384 ], [ -38.328148, -12.3498 ], [ -38.315024, -12.336084 ], [ -38.311122, -12.341998 ], [ -38.295175, -12.344378 ], [ -38.284296, -12.341049 ], [ -38.2796, -12.324695 ], [ -38.276772, -12.321071 ], [ -38.273921, -12.321979 ], [ -38.274149, -12.309548 ], [ -38.27898, -12.302659 ], [ -38.276245, -12.299924 ], [ -38.273593, -12.294071 ], [ -38.278145, -12.282557 ], [ -38.274105, -12.27737 ], [ -38.210606, -12.267129 ], [ -38.174003, -12.260852 ], [ -38.173896, -12.260841 ], [ -38.161915, -12.268444 ], [ -38.165881, -12.274965 ], [ -38.162915, -12.280061 ], [ -38.14717, -12.283313 ], [ -38.145069, -12.288838 ], [ -38.139645, -12.28852 ], [ -38.137985, -12.291295 ], [ -38.141974, -12.298014 ], [ -38.147737, -12.292905 ], [ -38.159349, -12.300351 ], [ -38.150967, -12.305292 ], [ -38.159198, -12.309977 ], [ -38.155087, -12.318208 ], [ -38.159492, -12.317289 ], [ -38.163877, -12.326028 ], [ -38.159001, -12.331205 ], [ -38.162723, -12.336863 ], [ -38.15814, -12.340307 ], [ -38.155407, -12.351349 ], [ -38.152399, -12.360488 ], [ -38.148192, -12.35881 ], [ -38.144968, -12.36263 ], [ -38.147104, -12.36824 ], [ -38.14371, -12.370684 ], [ -38.134105, -12.375121 ], [ -38.127056, -12.378823 ], [ -38.125111, -12.386527 ], [ -38.120241, -12.388625 ], [ -38.122113, -12.394959 ], [ -38.114856, -12.392399 ], [ -38.110727, -12.395903 ], [ -38.104109, -12.393974 ], [ -38.10543, -12.411432 ], [ -38.092283, -12.417747 ], [ -38.089173, -12.425446 ], [ -38.094063, -12.429444 ], [ -38.098209, -12.435282 ], [ -38.08506, -12.44453 ], [ -38.064254, -12.432525 ], [ -38.0487, -12.423548 ], [ -38.004638, -12.398111 ], [ -37.970553, -12.370235 ], [ -37.965434, -12.372237 ], [ -37.958618, -12.369 ], [ -37.944088, -12.375103 ], [ -37.93196, -12.37118 ], [ -37.923857, -12.383146 ], [ -37.916667, -12.380785 ], [ -37.904826, -12.385471 ], [ -37.89424, -12.3806 ], [ -37.89126, -12.391248 ], [ -37.895051, -12.396201 ], [ -37.894701, -12.403968 ], [ -37.896721, -12.403042 ], [ -37.896492, -12.408225 ], [ -37.916359, -12.437142 ], [ -37.9439, -12.471646 ], [ -37.962128, -12.500299 ], [ -38.003697, -12.576893 ], [ -38.007582, -12.579041 ], [ -38.017593, -12.581695 ], [ -38.032513, -12.594727 ], [ -38.032107, -12.59577 ], [ -38.044124, -12.611801 ], [ -38.049187, -12.634505 ], [ -38.056948, -12.637995 ], [ -38.064619, -12.64953 ], [ -38.077483, -12.656352 ], [ -38.091236, -12.675085 ], [ -38.12448, -12.706193 ], [ -38.17651, -12.771763 ], [ -38.197144, -12.78857 ], [ -38.214781, -12.815553 ], [ -38.232984, -12.832165 ], [ -38.247565, -12.853614 ], [ -38.266626, -12.870898 ], [ -38.278298, -12.876095 ], [ -38.295232, -12.895537 ], [ -38.318153, -12.925091 ], [ -38.346726, -12.950286 ], [ -38.357012, -12.954769 ], [ -38.366374, -12.949185 ], [ -38.379374, -12.950545 ], [ -38.38079, -12.953306 ], [ -38.395316, -12.956838 ], [ -38.424598, -12.975842 ], [ -38.456922, -13.00428 ], [ -38.472155, -13.012109 ], [ -38.488648, -13.014188 ], [ -38.498103, -13.007732 ], [ -38.50165, -13.009795 ], [ -38.53276, -13.007286 ], [ -38.582853, -12.999274 ], [ -38.55929, -12.953821 ], [ -38.55821, -12.932208 ], [ -38.561799, -12.919512 ], [ -38.615894, -12.930842 ], [ -38.605511, -12.958593 ], [ -38.615571, -12.978376 ], [ -38.615438, -12.98309 ], [ -38.619871, -12.983295 ], [ -38.635912, -13.002255 ], [ -38.641297, -13.009249 ], [ -38.64614, -13.016258 ], [ -38.654956, -13.029027 ], [ -38.665829, -13.036402 ], [ -38.673045, -13.036801 ], [ -38.698071, -13.055058 ], [ -38.714078, -13.059801 ], [ -38.726499, -13.071544 ], [ -38.730529, -13.080747 ], [ -38.736489, -13.08775 ], [ -38.743677, -13.088155 ], [ -38.750383, -13.094338 ], [ -38.763114, -13.117849 ], [ -38.767638, -13.120306 ], [ -38.789291, -13.130236 ], [ -38.798756, -13.135547 ], [ -38.796153, -13.137118 ], [ -38.805343, -13.146277 ], [ -38.83423, -13.154428 ], [ -38.852817, -13.166495 ], [ -38.867954, -13.185004 ], [ -38.885347, -13.192297 ], [ -38.90548, -13.205466 ], [ -38.909459, -13.211567 ], [ -38.915436, -13.212064 ], [ -38.92165, -13.211822 ], [ -38.931467, -13.20706 ], [ -38.939837, -13.204638 ], [ -38.959539, -13.215242 ], [ -38.959373, -13.219994 ], [ -38.96862, -13.224044 ], [ -38.968266, -13.227596 ], [ -38.964013, -13.228194 ], [ -38.966259, -13.235045 ], [ -38.975117, -13.233648 ], [ -38.983481, -13.241108 ], [ -38.983675, -13.246082 ], [ -38.990424, -13.247834 ], [ -38.991432, -13.253023 ], [ -38.996537, -13.246483 ], [ -38.999513, -13.249632 ], [ -39.005216, -13.247186 ], [ -39.002787, -13.231496 ], [ -39.006848, -13.225548 ], [ -39.011459, -13.227672 ], [ -39.021985, -13.242806 ], [ -39.027206, -13.244691 ], [ -39.040602, -13.24116 ], [ -39.068265, -13.2453 ], [ -39.074892, -13.243734 ], [ -39.075011, -13.25153 ], [ -39.068508, -13.255001 ], [ -39.070594, -13.259365 ], [ -39.08046, -13.255959 ], [ -39.085066, -13.248528 ], [ -39.091959, -13.247514 ], [ -39.100897, -13.256365 ], [ -39.104418, -13.2561 ], [ -39.128316, -13.243517 ], [ -39.144632, -13.231086 ], [ -39.143157, -13.223984 ], [ -39.152837, -13.226208 ], [ -39.162607, -13.236107 ], [ -39.17001, -13.234257 ], [ -39.183259, -13.239646 ], [ -39.192428, -13.239092 ], [ -39.196459, -13.243369 ], [ -39.212282, -13.239489 ], [ -39.223121, -13.241887 ], [ -39.224159, -13.251388 ], [ -39.219154, -13.266735 ], [ -39.213157, -13.265352 ], [ -39.208041, -13.271628 ], [ -39.20449, -13.287957 ], [ -39.20974, -13.295263 ], [ -39.21798, -13.286865 ], [ -39.228224, -13.293723 ], [ -39.232952, -13.291839 ], [ -39.240757, -13.271129 ], [ -39.246577, -13.266629 ], [ -39.255445, -13.266732 ], [ -39.268185, -13.264357 ], [ -39.280712, -13.244128 ], [ -39.285927, -13.242811 ], [ -39.287146, -13.247065 ], [ -39.289217, -13.248175 ], [ -39.29288, -13.238176 ], [ -39.291933, -13.229939 ], [ -39.298574, -13.22578 ], [ -39.297731, -13.21714 ], [ -39.305288, -13.216166 ], [ -39.31454, -13.207331 ], [ -39.322348, -13.206613 ], [ -39.328199, -13.223944 ], [ -39.327775, -13.23414 ], [ -39.341181, -13.237284 ], [ -39.336628, -13.242588 ], [ -39.338737, -13.25443 ], [ -39.348408, -13.253042 ], [ -39.36507, -13.248712 ], [ -39.377439, -13.237073 ], [ -39.38146, -13.235546 ], [ -39.39659, -13.240907 ], [ -39.403098, -13.235196 ], [ -39.40343, -13.229266 ], [ -39.411921, -13.231203 ], [ -39.411852, -13.231537 ], [ -39.410346, -13.238804 ], [ -39.415951, -13.243417 ], [ -39.421927, -13.242978 ], [ -39.426763, -13.238135 ], [ -39.438576, -13.237038 ], [ -39.437962, -13.238952 ], [ -39.428847, -13.258553 ], [ -39.426597, -13.266945 ], [ -39.432824, -13.272734 ], [ -39.428699, -13.294869 ], [ -39.432597, -13.302969 ], [ -39.445941, -13.288511 ], [ -39.452878, -13.290799 ], [ -39.4499, -13.299419 ], [ -39.452943, -13.303942 ], [ -39.452993, -13.312886 ], [ -39.456629, -13.316805 ], [ -39.467844, -13.319811 ], [ -39.467903, -13.33101 ], [ -39.485757, -13.332615 ], [ -39.488734, -13.335757 ], [ -39.488872, -13.345007 ], [ -39.483046, -13.348559 ], [ -39.478061, -13.347452 ], [ -39.469492, -13.360905 ], [ -39.464343, -13.369188 ], [ -39.453793, -13.367345 ], [ -39.449956, -13.372388 ], [ -39.442011, -13.358157 ], [ -39.438127, -13.358166 ], [ -39.43376, -13.35227 ], [ -39.43345, -13.345058 ], [ -39.427231, -13.346274 ], [ -39.430747, -13.332199 ], [ -39.427783, -13.328144 ], [ -39.414966, -13.32635 ], [ -39.41029, -13.326995 ], [ -39.386593, -13.343463 ], [ -39.351353, -13.338956 ], [ -39.360513, -13.355168 ], [ -39.355019, -13.364782 ], [ -39.340288, -13.372585 ], [ -39.320764, -13.376135 ], [ -39.313649, -13.371436 ], [ -39.312074, -13.373558 ], [ -39.297214, -13.374987 ], [ -39.294914, -13.382997 ], [ -39.300763, -13.383665 ], [ -39.311295, -13.392015 ], [ -39.32233, -13.429217 ], [ -39.322349, -13.429281 ], [ -39.323674, -13.442554 ], [ -39.318459, -13.450358 ], [ -39.32864, -13.472264 ], [ -39.324927, -13.483703 ], [ -39.333066, -13.493974 ], [ -39.343222, -13.499535 ], [ -39.353902, -13.527565 ], [ -39.36032, -13.529734 ], [ -39.362092, -13.536575 ], [ -39.35838, -13.54317 ], [ -39.348014, -13.542058 ], [ -39.347186, -13.546518 ], [ -39.352958, -13.554832 ], [ -39.362558, -13.557018 ], [ -39.364041, -13.570414 ], [ -39.3789, -13.587928 ], [ -39.369156, -13.592205 ], [ -39.369489, -13.595623 ], [ -39.366899, -13.586103 ], [ -39.348703, -13.573458 ], [ -39.358309, -13.620326 ], [ -39.360481, -13.62429 ], [ -39.356518, -13.642179 ] ], [ [ -39.506203, -13.113515 ], [ -39.468943, -13.117569 ], [ -39.468945, -13.117568 ], [ -39.506203, -13.113515 ] ] ], [ [ [ -37.687098, -11.66086 ], [ -37.672218, -11.671129 ], [ -37.660428, -11.673375 ], [ -37.651004, -11.670688 ], [ -37.641778, -11.660289 ], [ -37.610963, -11.66502 ], [ -37.586037, -11.69135 ], [ -37.581207, -11.686212 ], [ -37.577416, -11.686525 ], [ -37.571476, -11.696871 ], [ -37.556958, -11.705465 ], [ -37.547342, -11.705313 ], [ -37.534703, -11.700203 ], [ -37.530673, -11.702236 ], [ -37.534547, -11.709882 ], [ -37.525298, -11.709119 ], [ -37.520671, -11.711869 ], [ -37.523508, -11.722906 ], [ -37.520854, -11.725916 ], [ -37.524391, -11.726973 ], [ -37.522352, -11.729991 ], [ -37.526507, -11.730741 ], [ -37.525829, -11.734412 ], [ -37.528643, -11.733693 ], [ -37.527207, -11.740257 ], [ -37.524513, -11.737965 ], [ -37.526743, -11.745736 ], [ -37.537758, -11.748644 ], [ -37.542047, -11.755807 ], [ -37.54034, -11.760479 ], [ -37.544099, -11.763679 ], [ -37.541308, -11.763628 ], [ -37.540756, -11.772087 ], [ -37.536516, -11.771703 ], [ -37.531025, -11.768883 ], [ -37.522076, -11.754459 ], [ -37.519346, -11.743069 ], [ -37.515289, -11.74213 ], [ -37.516288, -11.750076 ], [ -37.539916, -11.80147 ], [ -37.540618, -11.802932 ], [ -37.564512, -11.85499 ], [ -37.614875, -11.963262 ], [ -37.616404, -11.966265 ], [ -37.622128, -11.995313 ], [ -37.686169, -12.092748 ], [ -37.694635, -12.082407 ], [ -37.686917, -12.077943 ], [ -37.69473, -12.07715 ], [ -37.69264, -12.072796 ], [ -37.69749, -12.072996 ], [ -37.702617, -12.063502 ], [ -37.715777, -12.053319 ], [ -37.722081, -12.048912 ], [ -37.72977, -12.052596 ], [ -37.733324, -12.049421 ], [ -37.732525, -12.039896 ], [ -37.728594, -12.031472 ], [ -37.721929, -12.027464 ], [ -37.720836, -12.017778 ], [ -37.733555, -12.008688 ], [ -37.746329, -12.007405 ], [ -37.750402, -12.001334 ], [ -37.73982, -11.974782 ], [ -37.744743, -11.973913 ], [ -37.747008, -11.967633 ], [ -37.753401, -11.971836 ], [ -37.766168, -11.960712 ], [ -37.767782, -11.883748 ], [ -37.767847, -11.869604 ], [ -37.767897, -11.857936 ], [ -37.780023, -11.857054 ], [ -37.79447, -11.847469 ], [ -37.800433, -11.827522 ], [ -37.858811, -11.775068 ], [ -37.85884, -11.767715 ], [ -37.85884, -11.767551 ], [ -37.85886, -11.762459 ], [ -37.852098, -11.767235 ], [ -37.838447, -11.759984 ], [ -37.832382, -11.740171 ], [ -37.81271, -11.736813 ], [ -37.792466, -11.729975 ], [ -37.783611, -11.721708 ], [ -37.774129, -11.700939 ], [ -37.773389, -11.690319 ], [ -37.750393, -11.659308 ], [ -37.752973, -11.656994 ], [ -37.748928, -11.648634 ], [ -37.749495, -11.634983 ], [ -37.742457, -11.62968 ], [ -37.72739, -11.633867 ], [ -37.713703, -11.632604 ], [ -37.710549, -11.63788 ], [ -37.701464, -11.642394 ], [ -37.695083, -11.654184 ], [ -37.687098, -11.66086 ] ] ] ] } },
{ "type": "Feature", "properties": { "MACRO_ID": "2916", "MACRO_NAME": "Extremo Sul (NRS - Teixeira Freitas)", "id": "290080", "name": "Alcobaça", "description": "Alcobaça", "MUN_ID": "290080", "UF": "BA", "HREG_ID": "29026", "HREG_NAME": "Teixeira de Freitas" }, "geometry": { "type": "MultiPolygon", "coordinates": [ [ [ [ -39.554629, -18.084917 ], [ -39.559898, -18.086739 ], [ -39.572023, -18.090042 ], [ -39.573556, -18.080164 ], [ -39.576773, -18.083451 ], [ -39.582273, -18.082909 ], [ -39.571461, -18.092311 ], [ -39.560794, -18.089797 ], [ -39.565273, -18.094398 ], [ -39.563026, -18.108625 ], [ -39.553824, -18.102668 ], [ -39.55277, -18.098164 ], [ -39.55091, -18.099752 ], [ -39.585324, -18.145661 ], [ -39.635906, -18.234617 ], [ -39.637526, -18.249194 ], [ -39.652682, -18.287559 ], [ -39.651824, -18.295238 ], [ -39.659674, -18.317439 ], [ -39.657744, -18.323737 ], [ -39.668769, -18.348938 ], [ -39.665636, -18.332739 ], [ -39.669284, -18.330787 ], [ -39.673848, -18.324263 ], [ -39.688568, -18.320353 ], [ -39.782651, -18.260577 ], [ -39.83343, -18.228257 ], [ -39.865291, -18.207945 ], [ -39.918528, -18.173964 ], [ -39.946737, -18.155951 ], [ -40.019685, -18.109205 ], [ -40.061101, -18.08313 ], [ -40.068786, -18.078289 ], [ -40.22158, -17.980181 ], [ -40.22644, -17.957784 ], [ -40.241773, -17.952096 ], [ -40.264204, -17.933404 ], [ -40.263164, -17.921548 ], [ -40.212275, -17.895319 ], [ -40.211752, -17.894718 ], [ -40.174717, -17.852202 ], [ -40.173997, -17.851376 ], [ -40.17529, -17.848653 ], [ -40.17667, -17.846479 ], [ -40.18603, -17.832054 ], [ -40.195551, -17.82773 ], [ -40.203767, -17.828573 ], [ -40.201358, -17.815381 ], [ -40.204135, -17.804855 ], [ -40.217693, -17.795184 ], [ -40.214004, -17.776469 ], [ -40.217055, -17.763764 ], [ -40.213275, -17.753213 ], [ -40.22356, -17.733593 ], [ -40.23633, -17.735166 ], [ -40.248626, -17.729814 ], [ -40.248831, -17.729602 ], [ -40.255522, -17.719072 ], [ -40.269939, -17.726584 ], [ -40.279979, -17.722312 ], [ -40.285859, -17.700248 ], [ -40.295132, -17.69902 ], [ -40.297727, -17.695786 ], [ -40.298637, -17.674094 ], [ -40.307338, -17.665193 ], [ -40.322441, -17.660841 ], [ -40.325465, -17.652098 ], [ -40.321442, -17.643235 ], [ -40.333666, -17.631675 ], [ -40.336066, -17.624461 ], [ -40.343456, -17.615967 ], [ -40.34703, -17.612696 ], [ -40.35008, -17.61614 ], [ -40.348172, -17.630302 ], [ -40.354275, -17.643799 ], [ -40.361062, -17.636197 ], [ -40.371579, -17.611985 ], [ -40.379551, -17.610836 ], [ -40.396428, -17.625132 ], [ -40.399426, -17.619407 ], [ -40.403089, -17.611046 ], [ -40.408378, -17.608666 ], [ -40.414085, -17.609623 ], [ -40.417831, -17.598624 ], [ -40.415564, -17.585905 ], [ -40.411632, -17.588589 ], [ -40.41006, -17.586596 ], [ -40.414141, -17.575685 ], [ -40.411531, -17.56725 ], [ -40.431696, -17.56709 ], [ -40.444716, -17.578295 ], [ -40.460031, -17.568029 ], [ -40.466022, -17.553745 ], [ -40.474814, -17.533305 ], [ -40.485792, -17.526381 ], [ -40.488678, -17.519317 ], [ -40.483498, -17.505465 ], [ -40.482616, -17.488041 ], [ -40.48807, -17.488164 ], [ -40.495055, -17.486259 ], [ -40.497471, -17.478663 ], [ -40.505133, -17.475134 ], [ -40.520557, -17.457876 ], [ -40.51929, -17.446341 ], [ -40.553774, -17.435096 ], [ -40.577086, -17.413146 ], [ -40.595689, -17.420097 ], [ -40.607347, -17.417672 ], [ -40.62309, -17.405509 ], [ -40.598279, -17.389165 ], [ -40.601238, -17.382063 ], [ -40.597323, -17.376417 ], [ -40.598552, -17.364067 ], [ -40.605094, -17.358424 ], [ -40.592342, -17.345002 ], [ -40.602619, -17.340162 ], [ -40.60864, -17.326497 ], [ -40.604428, -17.32304 ], [ -40.594457, -17.323094 ], [ -40.590131, -17.312507 ], [ -40.581833, -17.310647 ], [ -40.571859, -17.294295 ], [ -40.547529, -17.283357 ], [ -40.547366, -17.283235 ], [ -40.561589, -17.272036 ], [ -40.562967, -17.258821 ], [ -40.570869, -17.252486 ], [ -40.568222, -17.246599 ], [ -40.569525, -17.241142 ], [ -40.564081, -17.239503 ], [ -40.55801, -17.230205 ], [ -40.562336, -17.217042 ], [ -40.561159, -17.208742 ], [ -40.552, -17.198683 ], [ -40.553804, -17.188295 ], [ -40.572142, -17.181899 ], [ -40.574224, -17.179864 ], [ -40.578229, -17.149239 ], [ -40.577719, -17.144141 ], [ -40.57083, -17.140121 ], [ -40.56253, -17.125857 ], [ -40.561698, -17.11129 ], [ -40.55681, -17.10439 ], [ -40.556223, -17.096341 ], [ -40.561032, -17.081962 ], [ -40.569472, -17.080582 ], [ -40.570222, -17.071777 ], [ -40.570409, -17.061862 ], [ -40.569544, -17.059698 ], [ -40.552196, -17.019159 ], [ -40.555194, -17.012932 ], [ -40.545059, -16.98373 ], [ -40.53464, -16.980344 ], [ -40.515943, -16.963106 ], [ -40.505844, -16.933668 ], [ -40.50431, -16.92876 ], [ -40.49231, -16.90364 ], [ -40.490822, -16.884021 ], [ -40.47979, -16.87634 ], [ -40.453723, -16.881124 ], [ -40.448554, -16.891896 ], [ -40.436583, -16.892687 ], [ -40.434299, -16.887071 ], [ -40.417224, -16.898798 ], [ -40.40718, -16.898219 ], [ -40.401376, -16.8902 ], [ -40.393227, -16.88622 ], [ -40.375519, -16.885403 ], [ -40.370976, -16.874435 ], [ -40.366103, -16.873703 ], [ -40.34792, -16.887575 ], [ -40.348363, -16.898838 ], [ -40.339502, -16.898016 ], [ -40.326765, -16.90885 ], [ -40.322548, -16.903574 ], [ -40.31644, -16.904824 ], [ -40.310031, -16.896167 ], [ -40.302392, -16.891775 ], [ -40.293078, -16.904159 ], [ -40.281256, -16.900714 ], [ -40.275043, -16.886114 ], [ -40.271586, -16.869725 ], [ -40.264556, -16.864559 ], [ -40.265645, -16.859844 ], [ -40.252208, -16.859739 ], [ -40.251445, -16.848564 ], [ -40.246526, -16.845271 ], [ -40.251029, -16.838387 ], [ -40.253145, -16.824177 ], [ -40.258089, -16.820255 ], [ -40.257422, -16.806072 ], [ -40.268749, -16.795291 ], [ -40.282418, -16.80352 ], [ -40.294278, -16.796157 ], [ -40.303378, -16.798494 ], [ -40.323224, -16.800801 ], [ -40.335096, -16.787767 ], [ -40.345112, -16.786799 ], [ -40.335456, -16.779246 ], [ -40.319749, -16.745813 ], [ -40.309785, -16.735747 ], [ -40.310199, -16.718821 ], [ -40.301975, -16.70771 ], [ -40.306638, -16.696299 ], [ -40.310665, -16.695371 ], [ -40.312773, -16.678176 ], [ -40.297867, -16.651998 ], [ -40.29169, -16.62162 ], [ -40.283447, -16.604306 ], [ -40.287258, -16.597103 ], [ -40.275453, -16.573749 ], [ -40.275355, -16.573557 ], [ -40.261087, -16.574159 ], [ -40.254308, -16.568968 ], [ -40.246645, -16.573095 ], [ -40.245475, -16.566527 ], [ -40.236284, -16.563643 ], [ -40.234554, -16.558098 ], [ -40.211644, -16.572656 ], [ -40.201459, -16.574644 ], [ -40.197953, -16.569825 ], [ -40.189805, -16.570498 ], [ -40.173744, -16.582144 ], [ -40.171343, -16.576696 ], [ -40.159475, -16.579856 ], [ -40.158895, -16.575306 ], [ -40.16061, -16.571498 ], [ -40.154704, -16.562366 ], [ -40.160975, -16.558096 ], [ -40.161169, -16.543818 ], [ -40.16909, -16.53858 ], [ -40.174477, -16.537422 ], [ -40.169836, -16.533106 ], [ -40.170831, -16.523681 ], [ -40.167468, -16.520655 ], [ -40.162278, -16.523872 ], [ -40.158103, -16.513286 ], [ -40.135724, -16.489194 ], [ -40.120336, -16.466098 ], [ -40.115415, -16.465126 ], [ -40.11289, -16.452328 ], [ -40.102924, -16.436544 ], [ -40.099262, -16.422745 ], [ -40.095641, -16.421513 ], [ -40.091862, -16.43409 ], [ -40.09611, -16.448305 ], [ -40.087979, -16.451688 ], [ -40.083603, -16.46346 ], [ -40.065419, -16.457053 ], [ -40.061133, -16.439576 ], [ -40.062338, -16.43152 ], [ -40.052875, -16.432224 ], [ -40.040645, -16.411352 ], [ -40.041506, -16.405213 ], [ -40.032121, -16.391531 ], [ -40.024838, -16.356896 ], [ -40.017052, -16.347613 ], [ -40.011083, -16.345801 ], [ -40.010864, -16.339659 ], [ -39.996302, -16.331675 ], [ -39.991328, -16.313239 ], [ -39.984412, -16.311431 ], [ -39.978012, -16.310671 ], [ -39.97903, -16.316369 ], [ -39.971874, -16.317253 ], [ -39.97026, -16.326463 ], [ -39.966295, -16.326743 ], [ -39.960118, -16.321417 ], [ -39.958538, -16.316561 ], [ -39.953867, -16.299559 ], [ -39.940729, -16.292607 ], [ -39.933338, -16.288225 ], [ -39.932281, -16.283138 ], [ -39.916301, -16.283377 ], [ -39.919725, -16.263273 ], [ -39.928164, -16.257681 ], [ -39.936144, -16.245315 ], [ -39.911863, -16.215914 ], [ -39.912256, -16.20984 ], [ -39.901802, -16.208038 ], [ -39.898026, -16.200902 ], [ -39.883014, -16.194227 ], [ -39.882561, -16.163315 ], [ -39.8869, -16.150511 ], [ -39.893315, -16.149913 ], [ -39.89658, -16.141139 ], [ -39.890058, -16.137943 ], [ -39.882974, -16.144424 ], [ -39.872015, -16.136316 ], [ -39.860422, -16.124261 ], [ -39.856453, -16.11336 ], [ -39.864412, -16.103393 ], [ -39.86623, -16.095132 ], [ -39.877034, -16.091149 ], [ -39.876264, -16.078788 ], [ -39.881627, -16.067568 ], [ -39.899867, -16.058313 ], [ -39.899067, -16.049143 ], [ -39.921822, -16.028161 ], [ -39.931523, -16.026866 ], [ -39.93531, -16.023284 ], [ -39.917895, -16.006619 ], [ -39.914763, -15.999521 ], [ -39.866649, -15.99688 ], [ -39.858137, -15.984045 ], [ -39.850253, -15.98281 ], [ -39.843446, -15.976593 ], [ -39.850642, -15.963839 ], [ -39.864782, -15.95768 ], [ -39.867279, -15.953385 ], [ -39.879166, -15.952099 ], [ -39.89256, -15.957156 ], [ -39.897172, -15.949547 ], [ -39.908976, -15.946559 ], [ -39.912635, -15.934282 ], [ -39.924154, -15.923719 ], [ -39.931897, -15.922595 ], [ -39.942037, -15.906587 ], [ -39.949237, -15.896742 ], [ -39.947736, -15.882965 ], [ -39.951898, -15.874489 ], [ -39.94956, -15.868728 ], [ -39.944723, -15.868391 ], [ -39.930308, -15.884086 ], [ -39.922364, -15.869646 ], [ -39.910171, -15.87072 ], [ -39.893031, -15.877022 ], [ -39.882421, -15.893025 ], [ -39.875605, -15.883604 ], [ -39.859031, -15.875542 ], [ -39.84968, -15.874367 ], [ -39.845336, -15.881817 ], [ -39.833838, -15.883557 ], [ -39.832168, -15.878118 ], [ -39.836027, -15.870878 ], [ -39.825807, -15.869689 ], [ -39.815449, -15.863775 ], [ -39.815006, -15.845279 ], [ -39.802494, -15.837961 ], [ -39.794951, -15.838782 ], [ -39.790734, -15.835986 ], [ -39.793646, -15.823715 ], [ -39.790804, -15.815814 ], [ -39.781002, -15.815072 ], [ -39.763563, -15.801548 ], [ -39.751728, -15.800652 ], [ -39.737732, -15.788793 ], [ -39.730859, -15.777418 ], [ -39.711858, -15.778653 ], [ -39.693746, -15.772392 ], [ -39.685287, -15.765881 ], [ -39.677474, -15.765215 ], [ -39.672915, -15.751167 ], [ -39.66936, -15.754273 ], [ -39.662535, -15.750994 ], [ -39.656522, -15.754351 ], [ -39.65452, -15.750348 ], [ -39.650312, -15.744983 ], [ -39.63239, -15.742707 ], [ -39.628253, -15.750142 ], [ -39.608658, -15.758444 ], [ -39.59356, -15.768736 ], [ -39.591702, -15.773553 ], [ -39.586276, -15.768252 ], [ -39.573884, -15.775623 ], [ -39.571098, -15.77558 ], [ -39.572305, -15.789423 ], [ -39.56106, -15.801833 ], [ -39.54833, -15.806681 ], [ -39.522555, -15.803567 ], [ -39.499901, -15.818608 ], [ -39.49178, -15.818242 ], [ -39.485004, -15.828846 ], [ -39.485193, -15.837883 ], [ -39.461501, -15.832869 ], [ -39.46322, -15.824069 ], [ -39.454917, -15.812048 ], [ -39.444782, -15.809021 ], [ -39.445858, -15.799528 ], [ -39.438525, -15.792698 ], [ -39.432036, -15.792869 ], [ -39.426665, -15.802308 ], [ -39.399311, -15.793537 ], [ -39.396399, -15.798819 ], [ -39.390862, -15.799369 ], [ -39.392338, -15.812138 ], [ -39.386478, -15.82299 ], [ -39.37148, -15.822072 ], [ -39.368251, -15.825053 ], [ -39.367935, -15.825452 ], [ -39.356587, -15.850192 ], [ -39.346362, -15.849888 ], [ -39.338807, -15.845497 ], [ -39.335555, -15.848394 ], [ -39.317496, -15.844958 ], [ -39.30175, -15.84637 ], [ -39.294081, -15.839113 ], [ -39.290197, -15.844846 ], [ -39.287457, -15.843618 ], [ -39.285093, -15.830364 ], [ -39.277688, -15.827044 ], [ -39.270423, -15.842849 ], [ -39.269895, -15.823314 ], [ -39.263591, -15.816091 ], [ -39.248507, -15.820526 ], [ -39.251303, -15.810839 ], [ -39.238135, -15.797405 ], [ -39.223865, -15.802247 ], [ -39.214258, -15.796998 ], [ -39.216754, -15.791178 ], [ -39.213578, -15.789221 ], [ -39.20187, -15.799869 ], [ -39.183163, -15.801268 ], [ -39.15747, -15.787755 ], [ -39.154639, -15.793375 ], [ -39.140819, -15.798214 ], [ -39.140618, -15.79825 ], [ -39.122504, -15.797967 ], [ -39.117755, -15.793184 ], [ -39.118835, -15.785078 ], [ -39.108306, -15.790065 ], [ -39.104243, -15.78373 ], [ -39.102721, -15.783524 ], [ -38.998029, -15.773966 ], [ -38.8997, -15.764567 ], [ -38.894675, -15.768232 ], [ -38.8692, -15.82322 ], [ -38.860666, -15.83221 ], [ -38.860833, -15.836176 ], [ -38.866521, -15.840191 ], [ -38.865239, -15.850932 ], [ -38.856788, -15.853907 ], [ -38.85631, -15.86005 ], [ -38.863832, -15.86835 ], [ -38.869082, -15.881907 ], [ -38.886945, -15.917173 ], [ -38.91603, -16.004927 ], [ -38.93714, -16.054164 ], [ -38.945303, -16.08267 ], [ -38.948476, -16.091673 ], [ -38.953162, -16.098033 ], [ -38.95775, -16.124794 ], [ -38.955567, -16.140415 ], [ -38.948674, -16.155826 ], [ -38.956613, -16.164704 ], [ -38.964336, -16.187901 ], [ -38.96911, -16.188794 ], [ -38.975192, -16.212117 ], [ -38.991521, -16.220656 ], [ -39.009218, -16.241883 ], [ -39.011108, -16.248851 ], [ -39.017217, -16.252118 ], [ -39.020863, -16.259774 ], [ -39.021219, -16.27482 ], [ -39.02196, -16.27618 ], [ -39.021785, -16.282827 ], [ -39.013337, -16.261409 ], [ -39.023361, -16.302128 ], [ -39.020441, -16.322276 ], [ -39.013441, -16.329257 ], [ -39.005061, -16.331996 ], [ -39.005858, -16.339784 ], [ -39.012364, -16.352675 ], [ -39.008107, -16.374988 ], [ -39.025187, -16.380028 ], [ -39.038802, -16.39391 ], [ -39.058225, -16.42706 ], [ -39.06008, -16.448328 ], [ -39.064046, -16.455128 ], [ -39.061275, -16.458623 ], [ -39.058717, -16.457452 ], [ -39.059378, -16.460774 ], [ -39.060658, -16.473093 ], [ -39.066436, -16.481171 ], [ -39.066754, -16.492347 ], [ -39.082865, -16.535132 ], [ -39.086319, -16.563058 ], [ -39.088645, -16.589313 ], [ -39.093946, -16.607933 ], [ -39.090386, -16.627413 ], [ -39.095968, -16.646219 ], [ -39.093743, -16.65258 ], [ -39.102973, -16.667279 ], [ -39.10337, -16.691396 ], [ -39.107217, -16.709393 ], [ -39.1147, -16.712097 ], [ -39.115668, -16.718964 ], [ -39.12597, -16.731366 ], [ -39.128053, -16.747295 ], [ -39.134213, -16.751329 ], [ -39.137606, -16.749676 ], [ -39.14102, -16.756392 ], [ -39.144043, -16.798634 ], [ -39.143914, -16.799205 ], [ -39.141949, -16.86693 ], [ -39.128552, -16.885523 ], [ -39.111562, -16.895199 ], [ -39.117433, -16.898481 ], [ -39.141027, -16.923972 ], [ -39.152259, -16.941838 ], [ -39.155421, -16.979755 ], [ -39.172978, -17.013433 ], [ -39.173971, -17.051895 ], [ -39.165503, -17.062382 ], [ -39.175945, -17.065351 ], [ -39.179746, -17.080731 ], [ -39.178529, -17.091794 ], [ -39.180761, -17.10887 ], [ -39.184468, -17.117648 ], [ -39.197798, -17.127873 ], [ -39.204968, -17.140715 ], [ -39.212665, -17.168293 ], [ -39.211916, -17.238617 ], [ -39.218909, -17.260929 ], [ -39.219546, -17.311221 ], [ -39.214467, -17.346351 ], [ -39.203748, -17.404725 ], [ -39.190943, -17.446474 ], [ -39.192611, -17.515437 ], [ -39.188166, -17.561118 ], [ -39.190684, -17.566238 ], [ -39.19452, -17.579083 ], [ -39.183223, -17.617967 ], [ -39.136965, -17.684255 ], [ -39.135411, -17.687734 ], [ -39.139269, -17.693673 ], [ -39.183397, -17.731801 ], [ -39.183827, -17.732249 ], [ -39.180076, -17.749202 ], [ -39.202549, -17.764495 ], [ -39.207488, -17.775664 ], [ -39.259903, -17.8302 ], [ -39.265915, -17.842907 ], [ -39.27149, -17.855186 ], [ -39.263713, -17.8637 ], [ -39.27091, -17.871252 ], [ -39.325491, -17.894732 ], [ -39.337052, -17.896592 ], [ -39.341432, -17.893531 ], [ -39.359303, -17.900865 ], [ -39.368575, -17.907446 ], [ -39.39833, -17.917363 ], [ -39.442742, -17.944388 ], [ -39.470519, -17.970973 ], [ -39.492277, -17.997501 ], [ -39.52089, -18.040298 ], [ -39.541719, -18.080569 ], [ -39.549496, -18.095287 ], [ -39.554629, -18.084917 ] ], [ [ -40.161889, -17.108306 ], [ -40.161889, -17.108307 ], [ -40.14707, -17.094249 ], [ -40.161889, -17.108306 ] ] ], [ [ [ -38.660603, -18.039186 ], [ -38.666211, -18.03914 ], [ -38.667438, -18.032008 ], [ -38.653176, -18.023909 ], [ -38.648586, -18.035624 ], [ -38.657821, -18.042775 ], [ -38.660603, -18.039186 ] ] ], [ [ [ -38.684878, -18.00624 ], [ -38.677241, -18.010486 ], [ -38.675902, -18.015682 ], [ -38.679299, -18.022434 ], [ -38.68554, -18.02333 ], [ -38.69092, -18.021789 ], [ -38.693471, -18.016706 ], [ -38.69129, -18.008075 ], [ -38.685276, -18.009559 ], [ -38.684878, -18.00624 ] ] ], [ [ [ -38.647036, -17.995026 ], [ -38.647996, -18.007084 ], [ -38.660001, -18.004938 ], [ -38.657278, -17.994098 ], [ -38.651852, -17.997107 ], [ -38.6494, -17.993712 ], [ -38.647036, -17.995026 ] ] ], [ [ [ -38.652918, -17.990777 ], [ -38.656984, -17.990784 ], [ -38.661958, -17.986472 ], [ -38.65369, -17.981704 ], [ -38.652918, -17.990777 ] ] ], [ [ [ -38.629768, -17.973898 ], [ -38.628482, -17.978134 ], [ -38.633668, -17.98325 ], [ -38.648447, -17.977889 ], [ -38.642362, -17.971568 ], [ -38.629768, -17.973898 ] ] ], [ [ [ -38.65786, -17.977977 ], [ -38.662955, -17.976711 ], [ -38.665569, -17.970846 ], [ -38.659609, -17.971224 ], [ -38.660772, -17.967737 ], [ -38.655337, -17.966232 ], [ -38.652019, -17.975861 ], [ -38.65786, -17.977977 ] ] ], [ [ [ -38.66266, -17.935009 ], [ -38.651424, -17.922144 ], [ -38.640287, -17.926707 ], [ -38.640407, -17.934324 ], [ -38.652587, -17.947837 ], [ -38.660616, -17.945592 ], [ -38.66266, -17.935009 ] ] ] ] } },
{ "type": "Feature", "properties": { "MACRO_ID": "2917", "MACRO_NAME": "Centro-Leste (NRS - Feira Santana)", "id": "290010", "name": "Abaíra", "description": "Abaíra", "MUN_ID": "290010", "UF": "BA", "HREG_ID": "29023", "HREG_NAME": "Seabra" }, "geometry": { "type": "Polygon", "coordinates": [ [ [ -41.637711, -13.405629 ], [ -41.634435, -13.403924 ], [ -41.63584, -13.401439 ], [ -41.64208, -13.39377 ], [ -41.645627, -13.392249 ], [ -41.649403, -13.395615 ], [ -41.650793, -13.391479 ], [ -41.660906, -13.379676 ], [ -41.663737, -13.370091 ], [ -41.6674, -13.369112 ], [ -41.676458, -13.365006 ], [ -41.667768, -13.359862 ], [ -41.674709, -13.352453 ], [ -41.679535, -13.357036 ], [ -41.68362, -13.356417 ], [ -41.684241, -13.360892 ], [ -41.690867, -13.363497 ], [ -41.694433, -13.36931 ], [ -41.707517, -13.369725 ], [ -41.712712, -13.352165 ], [ -41.717096, -13.349887 ], [ -41.721936, -13.357272 ], [ -41.724983, -13.356912 ], [ -41.732513, -13.337497 ], [ -41.746204, -13.324802 ], [ -41.746341, -13.324794 ], [ -41.765229, -13.348655 ], [ -41.765443, -13.353807 ], [ -41.782459, -13.360646 ], [ -41.782777, -13.36696 ], [ -41.791433, -13.373015 ], [ -41.791471, -13.379172 ], [ -41.795221, -13.382902 ], [ -41.794491, -13.392661 ], [ -41.792418, -13.4239 ], [ -41.804261, -13.418738 ], [ -41.805729, -13.412454 ], [ -41.808247, -13.413102 ], [ -41.820636, -13.401634 ], [ -41.832684, -13.39557 ], [ -41.840919, -13.383446 ], [ -41.870845, -13.36364 ], [ -41.87287, -13.354365 ], [ -41.869548, -13.345862 ], [ -41.890565, -13.32371 ], [ -41.90873, -13.310615 ], [ -41.902093, -13.309931 ], [ -41.900075, -13.304534 ], [ -41.909141, -13.293507 ], [ -41.904685, -13.290484 ], [ -41.907045, -13.281665 ], [ -41.913401, -13.27065 ], [ -41.91447, -13.253642 ], [ -41.937155, -13.228669 ], [ -41.946072, -13.199091 ], [ -41.963658, -13.164681 ], [ -41.973074, -13.156267 ], [ -41.989319, -13.152053 ], [ -42.00332, -13.153861 ], [ -42.018331, -13.133292 ], [ -42.03165, -13.126278 ], [ -42.036418, -13.114156 ], [ -42.058039, -13.082074 ], [ -42.075405, -13.075276 ], [ -42.082893, -13.046756 ], [ -42.094298, -13.014742 ], [ -42.094373, -13.001019 ], [ -42.105759, -13.003895 ], [ -42.121103, -13.001332 ], [ -42.125683, -13.015432 ], [ -42.145609, -13.015862 ], [ -42.161632, -13.000146 ], [ -42.16319, -12.990278 ], [ -42.171795, -12.988301 ], [ -42.191826, -12.965868 ], [ -42.192626, -12.964358 ], [ -42.199379, -12.943928 ], [ -42.207237, -12.939938 ], [ -42.21063, -12.933546 ], [ -42.208336, -12.921234 ], [ -42.223066, -12.874389 ], [ -42.222192, -12.864888 ], [ -42.230706, -12.852811 ], [ -42.235781, -12.837402 ], [ -42.235843, -12.83724 ], [ -42.241713, -12.823923 ], [ -42.248187, -12.818564 ], [ -42.247835, -12.813528 ], [ -42.245429, -12.80925 ], [ -42.244795, -12.799831 ], [ -42.24809, -12.787982 ], [ -42.264936, -12.727384 ], [ -42.276137, -12.711282 ], [ -42.288681, -12.70523 ], [ -42.308324, -12.704306 ], [ -42.320418, -12.713504 ], [ -42.340745, -12.710493 ], [ -42.353544, -12.716043 ], [ -42.361421, -12.712799 ], [ -42.369984, -12.711947 ], [ -42.397688, -12.696068 ], [ -42.419205, -12.697451 ], [ -42.438942, -12.690739 ], [ -42.45043, -12.68683 ], [ -42.458268, -12.695037 ], [ -42.467926, -12.696594 ], [ -42.473912, -12.708329 ], [ -42.482234, -12.712306 ], [ -42.495652, -12.711478 ], [ -42.502962, -12.716386 ], [ -42.512245, -12.71059 ], [ -42.517078, -12.711155 ], [ -42.520211, -12.699112 ], [ -42.529068, -12.691252 ], [ -42.537744, -12.699097 ], [ -42.551153, -12.687096 ], [ -42.56904, -12.686788 ], [ -42.580837, -12.691001 ], [ -42.584138, -12.682611 ], [ -42.580635, -12.673701 ], [ -42.582277, -12.663683 ], [ -42.602653, -12.65893 ], [ -42.610214, -12.647928 ], [ -42.61061, -12.636602 ], [ -42.6273, -12.627381 ], [ -42.623659, -12.605572 ], [ -42.628324, -12.600197 ], [ -42.628654, -12.593258 ], [ -42.637769, -12.594236 ], [ -42.637237, -12.584694 ], [ -42.637083, -12.584113 ], [ -42.636275, -12.577916 ], [ -42.642013, -12.574408 ], [ -42.64146, -12.565174 ], [ -42.645016, -12.560028 ], [ -42.649554, -12.541033 ], [ -42.654791, -12.532896 ], [ -42.655465, -12.51859 ], [ -42.639555, -12.512303 ], [ -42.63931, -12.500414 ], [ -42.633823, -12.504131 ], [ -42.626521, -12.502761 ], [ -42.616413, -12.505877 ], [ -42.606214, -12.512948 ], [ -42.590743, -12.509622 ], [ -42.580294, -12.528399 ], [ -42.564747, -12.528771 ], [ -42.560735, -12.533463 ], [ -42.54396, -12.539444 ], [ -42.532846, -12.546312 ], [ -42.529607, -12.544446 ], [ -42.518795, -12.539058 ], [ -42.5138, -12.540559 ], [ -42.512691, -12.544403 ], [ -42.483968, -12.541147 ], [ -42.477194, -12.530752 ], [ -42.470658, -12.528941 ], [ -42.468913, -12.522214 ], [ -42.459988, -12.51963 ], [ -42.459578, -12.516766 ], [ -42.453492, -12.51792 ], [ -42.451912, -12.511858 ], [ -42.441934, -12.505848 ], [ -42.427983, -12.50285 ], [ -42.424516, -12.496812 ], [ -42.411613, -12.494449 ], [ -42.403627, -12.489411 ], [ -42.39437, -12.490927 ], [ -42.392569, -12.484784 ], [ -42.387993, -12.482211 ], [ -42.372683, -12.480223 ], [ -42.369464, -12.483446 ], [ -42.370123, -12.457869 ], [ -42.353455, -12.416574 ], [ -42.33277, -12.406855 ], [ -42.312514, -12.406948 ], [ -42.312206, -12.406984 ], [ -42.300071, -12.403531 ], [ -42.269329, -12.412706 ], [ -42.257677, -12.409201 ], [ -42.249994, -12.400349 ], [ -42.249063, -12.389634 ], [ -42.258937, -12.34413 ], [ -42.27084, -12.33698 ], [ -42.124026, -12.277748 ], [ -42.12379, -12.282368 ], [ -42.124614, -12.287509 ], [ -42.120386, -12.2908 ], [ -42.114709, -12.305899 ], [ -42.109899, -12.308679 ], [ -42.109448, -12.315722 ], [ -42.092632, -12.322566 ], [ -42.089232, -12.327701 ], [ -42.082167, -12.306645 ], [ -42.059871, -12.240216 ], [ -42.055516, -12.220902 ], [ -42.04102, -12.224414 ], [ -42.02889, -12.234507 ], [ -42.010631, -12.245314 ], [ -41.967314, -12.269098 ], [ -41.96931, -12.26147 ], [ -41.978669, -12.254501 ], [ -41.98947, -12.231508 ], [ -41.986762, -12.2249 ], [ -41.96648, -12.2204 ], [ -41.971595, -12.202904 ], [ -41.965999, -12.177571 ], [ -41.976027, -12.151504 ], [ -41.970779, -12.13525 ], [ -41.979013, -12.132206 ], [ -41.982964, -12.125192 ], [ -41.9748, -12.121728 ], [ -41.976416, -12.105347 ], [ -41.969782, -12.092375 ], [ -41.969939, -12.09174 ], [ -41.971627, -12.081917 ], [ -41.976411, -12.076746 ], [ -41.9745, -12.073018 ], [ -41.978765, -12.068971 ], [ -41.975752, -12.056492 ], [ -41.982621, -12.04436 ], [ -41.963542, -12.055638 ], [ -41.973098, -12.041363 ], [ -41.973307, -12.040946 ], [ -41.97679, -12.035877 ], [ -41.979467, -12.016364 ], [ -42.005245, -11.98523 ], [ -42.005628, -11.968915 ], [ -42.020076, -11.942142 ], [ -41.996798, -11.922083 ], [ -41.996244, -11.906479 ], [ -42.000439, -11.903127 ], [ -42.007482, -11.899087 ], [ -42.018268, -11.898508 ], [ -42.025826, -11.890782 ], [ -42.027466, -11.852205 ], [ -42.042082, -11.833758 ], [ -42.043244, -11.825467 ], [ -42.048771, -11.819057 ], [ -42.038106, -11.81344 ], [ -41.960471, -11.850644 ], [ -41.898926, -11.881027 ], [ -41.883068, -11.888852 ], [ -41.839181, -11.910491 ], [ -41.809156, -11.925288 ], [ -41.79023, -11.934613 ], [ -41.753119, -11.95288 ], [ -41.752775, -11.95305 ], [ -41.692303, -11.982478 ], [ -41.655735, -12.000364 ], [ -41.649575, -12.003376 ], [ -41.619895, -12.017717 ], [ -41.562776, -12.0455 ], [ -41.56239, -12.045688 ], [ -41.453416, -12.098874 ], [ -41.439635, -12.108504 ], [ -41.370744, -12.156604 ], [ -41.356001, -12.166889 ], [ -41.35611, -12.166658 ], [ -41.356571, -12.154264 ], [ -41.365623, -12.145586 ], [ -41.367391, -12.126794 ], [ -41.371654, -12.11755 ], [ -41.368114, -12.083564 ], [ -41.371648, -12.078936 ], [ -41.395652, -12.075228 ], [ -41.407589, -12.047821 ], [ -41.402159, -12.03786 ], [ -41.415814, -12.021513 ], [ -41.411676, -12.01496 ], [ -41.416479, -11.997476 ], [ -41.444358, -11.985686 ], [ -41.444543, -11.979514 ], [ -41.455051, -11.970758 ], [ -41.453908, -11.958616 ], [ -41.449165, -11.950427 ], [ -41.44638, -11.944961 ], [ -41.439605, -11.944579 ], [ -41.425228, -11.933718 ], [ -41.430272, -11.92496 ], [ -41.420657, -11.908495 ], [ -41.42323, -11.894451 ], [ -41.420319, -11.867827 ], [ -41.406253, -11.829793 ], [ -41.405119, -11.827194 ], [ -41.405793, -11.822436 ], [ -41.398313, -11.811232 ], [ -41.398317, -11.795674 ], [ -41.392726, -11.771103 ], [ -41.314268, -11.825236 ], [ -41.306066, -11.830891 ], [ -41.272927, -11.853739 ], [ -41.26426, -11.859715 ], [ -41.256948, -11.864755 ], [ -41.222327, -11.888912 ], [ -41.125459, -11.939252 ], [ -41.097774, -11.953596 ], [ -41.043663, -11.960524 ], [ -40.973758, -11.972038 ], [ -40.973667, -11.972058 ], [ -40.897156, -11.990299 ], [ -40.883026, -11.980334 ], [ -40.877412, -11.973342 ], [ -40.873699, -11.972937 ], [ -40.870054, -11.977457 ], [ -40.865881, -11.976213 ], [ -40.864008, -11.969927 ], [ -40.848664, -11.962541 ], [ -40.844343, -11.964124 ], [ -40.832247, -11.960317 ], [ -40.823685, -11.965266 ], [ -40.800508, -11.964049 ], [ -40.789141, -11.959996 ], [ -40.78833, -11.958366 ], [ -40.785192, -11.952048 ], [ -40.784624, -11.958443 ], [ -40.776003, -11.964894 ], [ -40.768958, -11.976229 ], [ -40.770236, -11.981593 ], [ -40.764603, -11.988025 ], [ -40.750503, -11.993767 ], [ -40.746216, -12.00095 ], [ -40.729819, -11.999533 ], [ -40.730187, -11.993225 ], [ -40.725373, -11.988791 ], [ -40.703715, -11.975315 ], [ -40.625524, -11.926689 ], [ -40.599231, -11.9103 ], [ -40.57827, -11.897256 ], [ -40.599285, -11.884423 ], [ -40.609234, -11.868778 ], [ -40.612745, -11.853362 ], [ -40.619238, -11.852129 ], [ -40.622794, -11.846637 ], [ -40.629019, -11.845513 ], [ -40.698361, -11.797551 ], [ -40.632362, -11.810071 ], [ -40.604132, -11.814874 ], [ -40.60358, -11.814917 ], [ -40.491491, -11.823489 ], [ -40.488308, -11.823732 ], [ -40.48471, -11.824007 ], [ -40.484433, -11.82021 ], [ -40.489164, -11.815818 ], [ -40.489771, -11.804958 ], [ -40.471595, -11.801463 ], [ -40.459573, -11.785612 ], [ -40.448698, -11.761539 ], [ -40.440178, -11.75976 ], [ -40.434073, -11.747209 ], [ -40.43918, -11.721907 ], [ -40.449794, -11.700743 ], [ -40.43864, -11.692273 ], [ -40.431495, -11.681547 ], [ -40.427792, -11.682017 ], [ -40.41755, -11.670774 ], [ -40.410437, -11.670538 ], [ -40.409633, -11.662118 ], [ -40.399178, -11.654591 ], [ -40.40102, -11.648166 ], [ -40.383885, -11.643485 ], [ -40.38602, -11.635247 ], [ -40.38303, -11.633418 ], [ -40.38294, -11.625987 ], [ -40.374712, -11.616245 ], [ -40.370597, -11.616071 ], [ -40.366626, -11.66082 ], [ -40.365754, -11.670627 ], [ -40.365747, -11.670706 ], [ -40.358048, -11.757107 ], [ -40.351188, -11.833754 ], [ -40.350932, -11.833498 ], [ -40.319722, -11.802304 ], [ -40.177619, -11.839092 ], [ -40.177531, -11.839097 ], [ -40.049462, -11.845154 ], [ -40.038368, -11.836713 ], [ -40.027753, -11.828638 ], [ -39.992648, -11.801404 ], [ -39.982157, -11.792669 ], [ -39.956285, -11.771129 ], [ -39.911676, -11.733988 ], [ -39.909314, -11.720382 ], [ -39.908686, -11.707696 ], [ -39.920227, -11.688101 ], [ -39.920311, -11.68796 ], [ -39.926789, -11.665905 ], [ -39.926481, -11.637177 ], [ -39.926363, -11.627351 ], [ -39.926182, -11.609791 ], [ -39.925835, -11.58042 ], [ -39.9249, -11.499253 ], [ -39.919929, -11.49489 ], [ -39.909575, -11.495029 ], [ -39.903717, -11.490329 ], [ -39.89701, -11.491326 ], [ -39.891377, -11.485604 ], [ -39.884711, -11.48143 ], [ -39.873166, -11.488864 ], [ -39.861048, -11.49174 ], [ -39.850664, -11.482375 ], [ -39.847544, -11.481517 ], [ -39.845848, -11.490663 ], [ -39.841712, -11.490493 ], [ -39.837557, -11.495272 ], [ -39.825251, -11.491101 ], [ -39.824935, -11.500262 ], [ -39.819098, -11.503641 ], [ -39.814207, -11.49298 ], [ -39.791882, -11.478723 ], [ -39.786166, -11.468808 ], [ -39.784443, -11.467349 ], [ -39.782907, -11.463543 ], [ -39.774407, -11.467516 ], [ -39.771264, -11.465019 ], [ -39.770346, -11.456786 ], [ -39.76152, -11.446951 ], [ -39.766715, -11.441287 ], [ -39.762518, -11.433249 ], [ -39.765211, -11.429182 ], [ -39.861485, -11.318146 ], [ -39.862062, -11.317479 ], [ -39.865183, -11.313876 ], [ -39.922915, -11.266059 ], [ -39.947755, -11.245466 ], [ -39.965905, -11.230413 ], [ -39.99154, -11.166485 ], [ -39.991074, -11.162757 ], [ -39.990887, -11.161261 ], [ -40.01717, -11.052187 ], [ -40.035343, -10.977042 ], [ -40.037848, -10.966815 ], [ -40.051137, -10.912515 ], [ -40.064156, -10.859241 ], [ -40.053209, -10.857938 ], [ -40.047745, -10.862593 ], [ -40.026249, -10.862853 ], [ -40.017299, -10.867743 ], [ -40.022336, -10.876761 ], [ -40.017128, -10.883381 ], [ -40.012189, -10.884788 ], [ -39.999078, -10.875351 ], [ -39.996652, -10.877031 ], [ -39.998959, -10.883247 ], [ -39.983712, -10.889824 ], [ -39.974849, -10.887879 ], [ -39.968852, -10.896527 ], [ -39.962273, -10.897518 ], [ -39.951934, -10.892397 ], [ -39.945821, -10.907537 ], [ -39.938383, -10.90806 ], [ -39.929778, -10.903542 ], [ -39.92462, -10.91633 ], [ -39.902157, -10.915252 ], [ -39.894767, -10.909307 ], [ -39.890348, -10.899923 ], [ -39.885677, -10.90049 ], [ -39.879679, -10.907315 ], [ -39.865335, -10.904998 ], [ -39.861661, -10.918045 ], [ -39.855049, -10.917551 ], [ -39.843023, -10.917328 ], [ -39.840743, -10.92165 ], [ -39.843832, -10.925316 ], [ -39.837072, -10.931384 ], [ -39.826109, -10.928212 ], [ -39.825599, -10.939658 ], [ -39.80071, -10.939257 ], [ -39.784472, -10.951618 ], [ -39.774047, -10.9586 ], [ -39.764499, -10.957795 ], [ -39.761998, -10.962043 ], [ -39.751314, -10.952768 ], [ -39.736071, -10.951552 ], [ -39.716829, -10.967987 ], [ -39.722703, -10.976962 ], [ -39.720692, -10.979974 ], [ -39.711213, -10.981303 ], [ -39.701409, -10.97522 ], [ -39.678073, -10.982716 ], [ -39.651286, -10.947079 ], [ -39.627338, -10.915226 ], [ -39.63005, -10.910808 ], [ -39.628806, -10.903726 ], [ -39.631598, -10.89653 ], [ -39.624633, -10.888729 ], [ -39.625573, -10.877918 ], [ -39.627907, -10.874292 ], [ -39.635108, -10.873927 ], [ -39.635274, -10.865876 ], [ -39.644723, -10.855762 ], [ -39.637074, -10.84428 ], [ -39.652991, -10.843229 ], [ -39.665886, -10.837911 ], [ -39.667914, -10.827614 ], [ -39.662239, -10.819009 ], [ -39.665268, -10.80709 ], [ -39.678299, -10.803128 ], [ -39.681547, -10.785884 ], [ -39.68463, -10.777338 ], [ -39.683656, -10.764812 ], [ -39.698465, -10.753739 ], [ -39.692666, -10.744871 ], [ -39.693047, -10.737205 ], [ -39.704513, -10.73259 ], [ -39.709796, -10.719554 ], [ -39.701323, -10.715588 ], [ -39.698136, -10.700656 ], [ -39.701241, -10.69183 ], [ -39.700162, -10.681701 ], [ -39.696383, -10.674794 ], [ -39.713999, -10.659843 ], [ -39.730242, -10.657504 ], [ -39.731329, -10.656407 ], [ -39.732219, -10.655108 ], [ -39.743564, -10.640139 ], [ -39.76101, -10.581879 ], [ -39.763444, -10.564873 ], [ -39.771164, -10.55042 ], [ -39.767851, -10.538204 ], [ -39.763657, -10.530522 ], [ -39.760717, -10.522329 ], [ -39.764973, -10.513809 ], [ -39.756459, -10.504225 ], [ -39.762576, -10.500115 ], [ -39.764016, -10.493952 ], [ -39.763878, -10.478001 ], [ -39.757169, -10.473545 ], [ -39.752544, -10.439699 ], [ -39.740907, -10.433614 ], [ -39.737757, -10.415573 ], [ -39.732326, -10.408374 ], [ -39.735748, -10.397738 ], [ -39.735483, -10.386542 ], [ -39.739185, -10.35447 ], [ -39.737193, -10.34294 ], [ -39.73589, -10.334149 ], [ -39.746635, -10.303661 ], [ -39.744797, -10.296268 ], [ -39.748184, -10.292492 ], [ -39.751543, -10.268447 ], [ -39.758357, -10.251901 ], [ -39.75661, -10.23377 ], [ -39.762498, -10.220858 ], [ -39.759596, -10.198792 ], [ -39.761985, -10.191555 ], [ -39.763499, -10.185173 ], [ -39.76288, -10.174762 ], [ -39.768599, -10.164667 ], [ -39.774434, -10.130822 ], [ -39.774827, -10.099535 ], [ -39.778908, -10.090068 ], [ -39.774767, -10.062754 ], [ -39.780202, -10.048971 ], [ -39.776883, -10.016062 ], [ -39.788019, -9.974231 ], [ -39.786776, -9.954386 ], [ -39.789692, -9.950927 ], [ -39.803328, -9.952177 ], [ -39.805857, -9.939325 ], [ -39.801273, -9.944924 ], [ -39.794903, -9.939009 ], [ -39.786807, -9.950972 ], [ -39.753612, -10.00001 ], [ -39.70281, -10.05614 ], [ -39.702581, -10.056257 ], [ -39.626755, -10.095338 ], [ -39.597778, -10.101115 ], [ -39.597663, -10.101137 ], [ -39.572288, -10.105843 ], [ -39.544648, -10.110969 ], [ -39.492152, -10.120693 ], [ -39.433792, -10.13191 ], [ -39.414777, -10.14483 ], [ -39.371279, -10.174368 ], [ -39.371214, -10.174412 ], [ -39.304149, -10.219905 ], [ -39.279587, -10.236552 ], [ -39.261716, -10.248658 ], [ -39.255269, -10.245179 ], [ -39.250937, -10.237775 ], [ -39.238649, -10.234044 ], [ -39.232687, -10.233726 ], [ -39.223738, -10.226031 ], [ -39.212372, -10.235737 ], [ -39.202667, -10.236821 ], [ -39.196026, -10.248518 ], [ -39.184866, -10.255823 ], [ -39.136747, -10.293022 ], [ -39.060228, -10.352144 ], [ -39.056069, -10.35067 ], [ -38.928472, -10.305422 ], [ -38.917991, -10.30169 ], [ -38.853197, -10.278703 ], [ -38.815632, -10.282552 ], [ -38.781209, -10.286068 ], [ -38.765328, -10.287688 ], [ -38.655585, -10.298883 ], [ -38.654989, -10.298934 ], [ -38.644814, -10.299969 ], [ -38.436228, -10.321118 ], [ -38.441984, -10.328492 ], [ -38.451557, -10.339934 ], [ -38.467, -10.35839 ], [ -38.478605, -10.372259 ], [ -38.546872, -10.453803 ], [ -38.549912, -10.458835 ], [ -38.556607, -10.461329 ], [ -38.564662, -10.478013 ], [ -38.553421, -10.507344 ], [ -38.564328, -10.504243 ], [ -38.577579, -10.491283 ], [ -38.579643, -10.487426 ], [ -38.574534, -10.479262 ], [ -38.603485, -10.503055 ], [ -38.737213, -10.601225 ], [ -38.737334, -10.601312 ], [ -38.735761, -10.605051 ], [ -38.7191, -10.608531 ], [ -38.705571, -10.618595 ], [ -38.704697, -10.624931 ], [ -38.702472, -10.641059 ], [ -38.691208, -10.654394 ], [ -38.669518, -10.665729 ], [ -38.662691, -10.679606 ], [ -38.653411, -10.688619 ], [ -38.655963, -10.70336 ], [ -38.652577, -10.706499 ], [ -38.81299, -10.63611 ], [ -38.826385, -10.642993 ], [ -38.827163, -10.661485 ], [ -38.824074, -10.672695 ], [ -38.825827, -10.689847 ], [ -38.837703, -10.698609 ], [ -38.83957, -10.72874 ], [ -38.848515, -10.733948 ], [ -38.883626, -10.745723 ], [ -38.888024, -10.755082 ], [ -38.900886, -10.764705 ], [ -38.912604, -10.776248 ], [ -38.940427, -10.771939 ], [ -38.942219, -10.776634 ], [ -38.946929, -10.775694 ], [ -38.961761, -10.784624 ], [ -38.975373, -10.785359 ], [ -38.975437, -10.785466 ], [ -38.995938, -10.819363 ], [ -39.022516, -10.864459 ], [ -39.049466, -10.910446 ], [ -39.086709, -10.974016 ], [ -39.114823, -11.01822 ], [ -39.097721, -11.024357 ], [ -39.090801, -11.037711 ], [ -39.078906, -11.042974 ], [ -39.071264, -11.044149 ], [ -39.05493, -11.02552 ], [ -39.046738, -11.020586 ], [ -39.040619, -11.024817 ], [ -39.034506, -11.030743 ], [ -39.016199, -11.031896 ], [ -39.00598, -11.053789 ], [ -39.001158, -11.05742 ], [ -38.994518, -11.052561 ], [ -38.97421, -11.049276 ], [ -38.961, -11.052124 ], [ -38.949286, -11.048067 ], [ -38.944978, -11.051767 ], [ -38.946645, -11.064666 ], [ -38.943118, -11.078058 ], [ -38.943317, -11.078304 ], [ -38.921133, -11.161722 ], [ -38.900449, -11.239332 ], [ -38.872239, -11.344922 ], [ -38.858054, -11.352969 ], [ -38.830174, -11.353666 ], [ -38.818002, -11.347273 ], [ -38.803585, -11.346955 ], [ -38.78606, -11.354518 ], [ -38.785041, -11.354283 ], [ -38.76348, -11.431968 ], [ -38.743982, -11.502079 ], [ -38.72489, -11.57061 ], [ -38.724863, -11.570705 ], [ -38.719518, -11.58987 ], [ -38.70157, -11.654144 ], [ -38.69399, -11.681259 ], [ -38.690378, -11.694168 ], [ -38.683757, -11.697569 ], [ -38.67314, -11.691344 ], [ -38.665444, -11.690683 ], [ -38.644475, -11.69388 ], [ -38.634573, -11.700585 ], [ -38.630645, -11.705708 ], [ -38.615562, -11.815559 ], [ -38.600581, -11.924562 ], [ -38.596708, -11.952608 ], [ -38.598231, -11.954011 ], [ -38.606284, -11.961428 ], [ -38.632918, -11.943882 ], [ -38.659079, -11.945455 ], [ -38.683735, -11.946933 ], [ -38.698625, -11.954699 ], [ -38.706368, -11.955147 ], [ -38.709946, -11.960095 ], [ -38.707323, -11.97185 ], [ -38.71544, -11.993299 ], [ -38.713443, -11.997285 ], [ -38.725119, -12.012412 ], [ -38.724494, -12.015843 ], [ -38.723839, -12.027803 ], [ -38.714251, -12.040112 ], [ -38.706257, -12.042223 ], [ -38.701497, -12.051326 ], [ -38.700465, -12.0533 ], [ -38.699977, -12.053463 ], [ -38.685043, -12.053354 ], [ -38.655998, -12.05314 ], [ -38.668874, -12.07241 ], [ -38.701189, -12.120776 ], [ -38.734718, -12.170971 ], [ -38.71725, -12.175904 ], [ -38.657535, -12.192756 ], [ -38.652597, -12.185771 ], [ -38.633771, -12.173549 ], [ -38.623688, -12.154766 ], [ -38.610012, -12.162883 ], [ -38.614524, -12.178124 ], [ -38.593028, -12.19504 ], [ -38.591337, -12.196369 ], [ -38.601898, -12.205276 ], [ -38.576077, -12.226493 ], [ -38.54845, -12.249181 ], [ -38.524703, -12.26867 ], [ -38.528987, -12.280369 ], [ -38.529983, -12.325805 ], [ -38.532633, -12.340921 ], [ -38.532295, -12.341589 ], [ -38.529528, -12.34316 ], [ -38.531955, -12.350033 ], [ -38.529661, -12.355411 ], [ -38.533069, -12.361126 ], [ -38.537787, -12.378692 ], [ -38.535087, -12.382569 ], [ -38.538373, -12.391253 ], [ -38.535093, -12.402107 ], [ -38.540161, -12.404098 ], [ -38.524543, -12.41497 ], [ -38.536118, -12.421556 ], [ -38.545758, -12.414065 ], [ -38.556955, -12.422224 ], [ -38.562615, -12.422285 ], [ -38.581011, -12.450488 ], [ -38.582819, -12.453259 ], [ -38.609392, -12.493987 ], [ -38.611936, -12.497885 ], [ -38.621892, -12.489185 ], [ -38.630701, -12.480818 ], [ -38.634032, -12.479319 ], [ -38.637639, -12.476318 ], [ -38.64637, -12.480157 ], [ -38.65295, -12.479359 ], [ -38.655342, -12.483967 ], [ -38.720725, -12.480907 ], [ -38.731475, -12.476833 ], [ -38.741944, -12.472803 ], [ -38.763198, -12.443634 ], [ -38.77011, -12.434144 ], [ -38.773351, -12.429694 ], [ -38.767565, -12.426486 ], [ -38.777184, -12.404892 ], [ -38.778297, -12.392349 ], [ -38.790042, -12.375144 ], [ -38.797154, -12.367206 ], [ -38.797305, -12.367208 ], [ -38.833261, -12.367737 ], [ -38.834703, -12.367601 ], [ -38.839102, -12.369381 ], [ -38.837142, -12.377692 ], [ -38.827393, -12.396521 ], [ -38.830075, -12.403415 ], [ -38.837681, -12.407981 ], [ -38.837879, -12.409092 ], [ -38.847084, -12.460525 ], [ -38.848945, -12.470926 ], [ -38.851198, -12.483524 ], [ -38.83456, -12.493287 ], [ -38.840512, -12.513042 ], [ -38.845026, -12.51379 ], [ -38.847544, -12.509085 ], [ -38.858663, -12.511352 ], [ -38.876971, -12.509242 ], [ -38.878587, -12.509157 ], [ -38.901128, -12.500042 ], [ -38.905412, -12.496749 ], [ -38.903494, -12.49468 ], [ -38.897611, -12.488329 ], [ -38.916953, -12.480541 ], [ -38.922324, -12.491691 ], [ -38.922503, -12.491889 ], [ -38.929976, -12.492024 ], [ -38.94191, -12.482411 ], [ -38.94827, -12.484746 ], [ -38.969338, -12.477088 ], [ -38.99725, -12.466942 ], [ -39.052117, -12.446976 ], [ -39.05267, -12.447491 ], [ -39.069183, -12.454939 ], [ -39.090758, -12.49494 ], [ -39.108418, -12.493415 ], [ -39.12252, -12.496777 ], [ -39.127075, -12.497825 ], [ -39.160708, -12.507458 ], [ -39.169544, -12.504824 ], [ -39.182591, -12.508497 ], [ -39.189316, -12.509975 ], [ -39.204988, -12.513749 ], [ -39.215344, -12.525314 ], [ -39.21804, -12.540383 ], [ -39.222566, -12.545479 ], [ -39.249854, -12.548665 ], [ -39.261215, -12.548703 ], [ -39.274516, -12.537071 ], [ -39.286431, -12.542439 ], [ -39.294018, -12.540956 ], [ -39.316375, -12.547002 ], [ -39.329212, -12.558003 ], [ -39.339794, -12.559743 ], [ -39.339945, -12.559867 ], [ -39.345467, -12.570192 ], [ -39.368433, -12.583194 ], [ -39.375902, -12.583583 ], [ -39.392483, -12.591687 ], [ -39.401003, -12.600718 ], [ -39.415047, -12.61527 ], [ -39.439516, -12.614093 ], [ -39.441417, -12.613552 ], [ -39.457543, -12.611194 ], [ -39.485094, -12.595486 ], [ -39.518063, -12.586731 ], [ -39.522282, -12.586726 ], [ -39.523029, -12.586725 ], [ -39.523223, -12.586725 ], [ -39.542182, -12.57865 ], [ -39.551795, -12.557204 ], [ -39.560824, -12.551756 ], [ -39.575045, -12.549916 ], [ -39.579484, -12.551119 ], [ -39.585149, -12.566304 ], [ -39.602786, -12.572929 ], [ -39.605446, -12.577476 ], [ -39.602045, -12.585594 ], [ -39.612132, -12.598181 ], [ -39.622827, -12.598089 ], [ -39.630846, -12.584821 ], [ -39.6378, -12.584112 ], [ -39.640684, -12.581093 ], [ -39.639051, -12.575915 ], [ -39.652198, -12.560121 ], [ -39.663526, -12.558799 ], [ -39.690016, -12.562867 ], [ -39.735041, -12.552634 ], [ -39.74943, -12.565842 ], [ -39.756577, -12.561049 ], [ -39.760151, -12.550943 ], [ -39.765591, -12.548431 ], [ -39.789185, -12.559156 ], [ -39.791901, -12.606769 ], [ -39.795899, -12.677138 ], [ -39.797687, -12.703847 ], [ -39.824971, -12.761248 ], [ -39.871217, -12.858575 ], [ -39.873342, -12.859012 ], [ -39.878667, -12.862115 ], [ -39.900631, -12.874916 ], [ -39.995351, -12.959746 ], [ -39.998709, -12.965329 ], [ -40.007893, -12.96734 ], [ -40.025591, -12.981196 ], [ -40.042177, -12.986196 ], [ -40.052823, -12.984669 ], [ -40.066118, -12.990184 ], [ -40.09771, -12.985593 ], [ -40.11129, -12.988243 ], [ -40.121955, -12.988859 ], [ -40.134099, -12.981445 ], [ -40.144928, -12.982317 ], [ -40.168001, -13.020478 ], [ -40.169265, -13.022659 ], [ -40.169902, -13.023753 ], [ -40.273751, -13.05439 ], [ -40.293795, -13.0603 ], [ -40.368052, -13.08219 ], [ -40.411633, -13.095032 ], [ -40.404933, -13.101409 ], [ -40.402229, -13.120403 ], [ -40.394355, -13.132442 ], [ -40.394596, -13.13781 ], [ -40.381676, -13.141839 ], [ -40.414216, -13.150552 ], [ -40.461343, -13.162788 ], [ -40.51165, -13.175844 ], [ -40.5844, -13.183931 ], [ -40.616975, -13.187546 ], [ -40.622371, -13.188145 ], [ -40.714637, -13.261596 ], [ -40.722183, -13.267613 ], [ -40.745031, -13.313246 ], [ -40.775389, -13.373888 ], [ -40.777876, -13.378857 ], [ -40.785426, -13.372044 ], [ -40.784932, -13.363579 ], [ -40.801565, -13.347187 ], [ -40.796536, -13.340319 ], [ -40.797884, -13.33532 ], [ -40.814769, -13.33111 ], [ -40.83621, -13.314532 ], [ -40.841427, -13.313711 ], [ -40.84187, -13.317919 ], [ -40.846594, -13.318144 ], [ -40.849599, -13.311042 ], [ -40.855709, -13.320414 ], [ -40.861487, -13.318586 ], [ -40.876208, -13.292238 ], [ -40.871513, -13.275057 ], [ -40.883045, -13.270395 ], [ -40.891157, -13.262898 ], [ -40.891198, -13.260445 ], [ -40.920961, -13.226984 ], [ -40.929291, -13.230686 ], [ -41.011068, -13.258767 ], [ -41.079513, -13.282258 ], [ -41.104825, -13.290943 ], [ -41.125597, -13.284584 ], [ -41.130762, -13.292182 ], [ -41.140679, -13.297279 ], [ -41.159621, -13.273119 ], [ -41.190707, -13.284807 ], [ -41.205241, -13.290272 ], [ -41.249955, -13.30697 ], [ -41.278863, -13.317907 ], [ -41.290517, -13.322316 ], [ -41.307444, -13.316066 ], [ -41.322461, -13.300869 ], [ -41.334389, -13.298138 ], [ -41.340988, -13.290806 ], [ -41.349129, -13.28108 ], [ -41.370488, -13.276836 ], [ -41.382636, -13.27117 ], [ -41.389794, -13.263095 ], [ -41.399119, -13.224668 ], [ -41.415544, -13.245791 ], [ -41.44699, -13.25128 ], [ -41.453777, -13.262428 ], [ -41.45378, -13.295151 ], [ -41.444016, -13.306054 ], [ -41.437041, -13.328173 ], [ -41.439266, -13.357218 ], [ -41.445233, -13.36918 ], [ -41.445803, -13.382233 ], [ -41.44592, -13.383287 ], [ -41.515219, -13.412194 ], [ -41.515304, -13.412229 ], [ -41.54753, -13.425493 ], [ -41.55106, -13.409683 ], [ -41.570044, -13.410776 ], [ -41.591529, -13.417924 ], [ -41.596316, -13.423924 ], [ -41.605272, -13.424783 ], [ -41.6113, -13.427853 ], [ -41.617796, -13.42642 ], [ -41.622851, -13.415742 ], [ -41.633679, -13.413556 ], [ -41.637711, -13.405629 ] ] ] } },
{ "type": "Feature", "properties": { "MACRO_ID": "2918", "MACRO_NAME": "Centro - Norte (NRS - Jacobina)", "id": "290115", "name": "América Dourada", "description": "América Dourada", "MUN_ID": "290115", "UF": "BA", "HREG_ID": "29010", "HREG_NAME": "Irece" }, "geometry": { "type": "Polygon", "coordinates": [ [ [ -41.963542, -12.055638 ], [ -41.982621, -12.04436 ], [ -41.975752, -12.056492 ], [ -41.978765, -12.068971 ], [ -41.9745, -12.073018 ], [ -41.976411, -12.076746 ], [ -41.971627, -12.081917 ], [ -41.969939, -12.09174 ], [ -41.969782, -12.092375 ], [ -41.976416, -12.105347 ], [ -41.9748, -12.121728 ], [ -41.982964, -12.125192 ], [ -41.979013, -12.132206 ], [ -41.970779, -12.13525 ], [ -41.976027, -12.151504 ], [ -41.965999, -12.177571 ], [ -41.971595, -12.202904 ], [ -41.96648, -12.2204 ], [ -41.986762, -12.2249 ], [ -41.98947, -12.231508 ], [ -41.978669, -12.254501 ], [ -41.96931, -12.26147 ], [ -41.967314, -12.269098 ], [ -42.010631, -12.245314 ], [ -42.02889, -12.234507 ], [ -42.04102, -12.224414 ], [ -42.055516, -12.220902 ], [ -42.059871, -12.240216 ], [ -42.082167, -12.306645 ], [ -42.089232, -12.327701 ], [ -42.092632, -12.322566 ], [ -42.109448, -12.315722 ], [ -42.109899, -12.308679 ], [ -42.114709, -12.305899 ], [ -42.120386, -12.2908 ], [ -42.124614, -12.287509 ], [ -42.12379, -12.282368 ], [ -42.123243, -12.268928 ], [ -42.135099, -12.271027 ], [ -42.164424, -12.237798 ], [ -42.077596, -12.246289 ], [ -42.137375, -12.170077 ], [ -42.168202, -12.131385 ], [ -42.217264, -12.069741 ], [ -42.246047, -12.046414 ], [ -42.235436, -12.02161 ], [ -42.241653, -12.001335 ], [ -42.233149, -11.992433 ], [ -42.234666, -11.983185 ], [ -42.231059, -11.974718 ], [ -42.23555, -11.959056 ], [ -42.244173, -11.949463 ], [ -42.174598, -12.004065 ], [ -42.172297, -12.002356 ], [ -42.180661, -11.990534 ], [ -42.187548, -11.986455 ], [ -42.177493, -11.978199 ], [ -42.180516, -11.958557 ], [ -42.189249, -11.951983 ], [ -42.19052, -11.941192 ], [ -42.202908, -11.930146 ], [ -42.200483, -11.922416 ], [ -42.192626, -11.915661 ], [ -42.189358, -11.902082 ], [ -42.279139, -11.803131 ], [ -42.36011, -11.714242 ], [ -42.360581, -11.713734 ], [ -42.362925, -11.722064 ], [ -42.360828, -11.736096 ], [ -42.365352, -11.746503 ], [ -42.363387, -11.756062 ], [ -42.369742, -11.761622 ], [ -42.373685, -11.76126 ], [ -42.384598, -11.754345 ], [ -42.394328, -11.753904 ], [ -42.420798, -11.765293 ], [ -42.445021, -11.75741 ], [ -42.454596, -11.748013 ], [ -42.457487, -11.739326 ], [ -42.472035, -11.72567 ], [ -42.474786, -11.731733 ], [ -42.487715, -11.77555 ], [ -42.50436, -11.760141 ], [ -42.517378, -11.757106 ], [ -42.520296, -11.748973 ], [ -42.533759, -11.745615 ], [ -42.537052, -11.741384 ], [ -42.564597, -11.735844 ], [ -42.581215, -11.714522 ], [ -42.594552, -11.708397 ], [ -42.623778, -11.717992 ], [ -42.642824, -11.717794 ], [ -42.644512, -11.714398 ], [ -42.65103, -11.715013 ], [ -42.663515, -11.708621 ], [ -42.680578, -11.719949 ], [ -42.685784, -11.720297 ], [ -42.710219, -11.722338 ], [ -42.715297, -11.718982 ], [ -42.730703, -11.729037 ], [ -42.747391, -11.730545 ], [ -42.892238, -11.656694 ], [ -42.933976, -11.645015 ], [ -43.011085, -11.623412 ], [ -43.011296, -11.623352 ], [ -43.093516, -11.600106 ], [ -43.276442, -11.54825 ], [ -43.285722, -11.545614 ], [ -43.279799, -11.515059 ], [ -43.265194, -11.4933 ], [ -43.264361, -11.479452 ], [ -43.242626, -11.433921 ], [ -43.233465, -11.425651 ], [ -43.23272, -11.415843 ], [ -43.235411, -11.400631 ], [ -43.210954, -11.352677 ], [ -43.204408, -11.342194 ], [ -43.186768, -11.332968 ], [ -43.172158, -11.317684 ], [ -43.185826, -11.286812 ], [ -43.184696, -11.273803 ], [ -43.196132, -11.257507 ], [ -43.198721, -11.246232 ], [ -43.183851, -11.195913 ], [ -43.144765, -11.151482 ], [ -43.14483, -11.127058 ], [ -43.141775, -11.114087 ], [ -43.128808, -11.091611 ], [ -43.121597, -11.077079 ], [ -43.101043, -11.063252 ], [ -43.097298, -11.051549 ], [ -43.099214, -11.038156 ], [ -43.094358, -11.026263 ], [ -43.081607, -11.016057 ], [ -43.055345, -11.009533 ], [ -43.0468, -11.002265 ], [ -43.045285, -10.998391 ], [ -43.041875, -10.971387 ], [ -43.036857, -10.965772 ], [ -43.000462, -10.946396 ], [ -42.995047, -10.936656 ], [ -42.989884, -10.912707 ], [ -42.979076, -10.900977 ], [ -42.950081, -10.86151 ], [ -42.92586, -10.846998 ], [ -42.898574, -10.841297 ], [ -42.882106, -10.832071 ], [ -42.845995, -10.806029 ], [ -42.820365, -10.800817 ], [ -42.802848, -10.793607 ], [ -42.758889, -10.794788 ], [ -42.75021, -10.786815 ], [ -42.731839, -10.758957 ], [ -42.701131, -10.688455 ], [ -42.683046, -10.660442 ], [ -42.65336, -10.619403 ], [ -42.630753, -10.599735 ], [ -42.578025, -10.503035 ], [ -42.569345, -10.46975 ], [ -42.549223, -10.454282 ], [ -42.520771, -10.426107 ], [ -42.494635, -10.410108 ], [ -42.462409, -10.380807 ], [ -42.451965, -10.363352 ], [ -42.451243, -10.343609 ], [ -42.454472, -10.318601 ], [ -42.449131, -10.295978 ], [ -42.418351, -10.27416 ], [ -42.405332, -10.256014 ], [ -42.404002, -10.221496 ], [ -42.407359, -10.194058 ], [ -42.413961, -10.172096 ], [ -42.183503, -10.249267 ], [ -42.159166, -10.257406 ], [ -42.154519, -10.266048 ], [ -42.154443, -10.27756 ], [ -42.149129, -10.280483 ], [ -42.149518, -10.283699 ], [ -42.14224, -10.290211 ], [ -42.143369, -10.29418 ], [ -42.136385, -10.300185 ], [ -42.130216, -10.325899 ], [ -42.13096, -10.337425 ], [ -42.134915, -10.339539 ], [ -42.132697, -10.345748 ], [ -42.123045, -10.356932 ], [ -42.097224, -10.374054 ], [ -42.091322, -10.381995 ], [ -42.093997, -10.40804 ], [ -42.09852, -10.413341 ], [ -42.085403, -10.424985 ], [ -42.084446, -10.442574 ], [ -42.07983, -10.453648 ], [ -42.083327, -10.467374 ], [ -42.088982, -10.475001 ], [ -42.08713, -10.480491 ], [ -42.068606, -10.493944 ], [ -42.071652, -10.501992 ], [ -42.063882, -10.514102 ], [ -42.066206, -10.527813 ], [ -42.047497, -10.544685 ], [ -42.0423, -10.56809 ], [ -42.034744, -10.575529 ], [ -42.034551, -10.58469 ], [ -42.027716, -10.587364 ], [ -42.029377, -10.592219 ], [ -42.022216, -10.593544 ], [ -42.015083, -10.605869 ], [ -42.015435, -10.611175 ], [ -42.020276, -10.611635 ], [ -42.013881, -10.618073 ], [ -42.016194, -10.625171 ], [ -42.011722, -10.630899 ], [ -41.988718, -10.654014 ], [ -41.984137, -10.654647 ], [ -41.983665, -10.659619 ], [ -41.989377, -10.668054 ], [ -41.980852, -10.671204 ], [ -41.979271, -10.681383 ], [ -41.974533, -10.684723 ], [ -41.97222, -10.692872 ], [ -41.966918, -10.692058 ], [ -41.968439, -10.69429 ], [ -41.961165, -10.70811 ], [ -41.942551, -10.719353 ], [ -41.935575, -10.73485 ], [ -41.924522, -10.745896 ], [ -41.916437, -10.764907 ], [ -41.909604, -10.800255 ], [ -41.890135, -10.825381 ], [ -41.890854, -10.85265 ], [ -41.899045, -10.87363 ], [ -41.896633, -10.890565 ], [ -41.877987, -10.868424 ], [ -41.770327, -10.737744 ], [ -41.659703, -10.806043 ], [ -41.654529, -10.806283 ], [ -41.64539, -10.804756 ], [ -41.635715, -10.820269 ], [ -41.619744, -10.828093 ], [ -41.610297, -10.852548 ], [ -41.575604, -10.859829 ], [ -41.561967, -10.859339 ], [ -41.54554, -10.876954 ], [ -41.532852, -10.878935 ], [ -41.522403, -10.870193 ], [ -41.517164, -10.870876 ], [ -41.508969, -10.891858 ], [ -41.44377, -10.802328 ], [ -41.507409, -10.787037 ], [ -41.500206, -10.782749 ], [ -41.49493, -10.774135 ], [ -41.484043, -10.768904 ], [ -41.478076, -10.757721 ], [ -41.487515, -10.752265 ], [ -41.471857, -10.725348 ], [ -41.478444, -10.697359 ], [ -41.487018, -10.686064 ], [ -41.488138, -10.662415 ], [ -41.50353, -10.638574 ], [ -41.503655, -10.617225 ], [ -41.496601, -10.614692 ], [ -41.485126, -10.632825 ], [ -41.474414, -10.631541 ], [ -41.470909, -10.618762 ], [ -41.458953, -10.599559 ], [ -41.430106, -10.589048 ], [ -41.426075, -10.576072 ], [ -41.397019, -10.57074 ], [ -41.392221, -10.560591 ], [ -41.397404, -10.546923 ], [ -41.388601, -10.538648 ], [ -41.384132, -10.527203 ], [ -41.38155, -10.519998 ], [ -41.384071, -10.516586 ], [ -41.41222, -10.499178 ], [ -41.42833, -10.496793 ], [ -41.441526, -10.488972 ], [ -41.455831, -10.487734 ], [ -41.466853, -10.469182 ], [ -41.464053, -10.460023 ], [ -41.455885, -10.456777 ], [ -41.448915, -10.451762 ], [ -41.446746, -10.442689 ], [ -41.435711, -10.442412 ], [ -41.428994, -10.435646 ], [ -41.406656, -10.429276 ], [ -41.393458, -10.419441 ], [ -41.376743, -10.415889 ], [ -41.365661, -10.396095 ], [ -41.357825, -10.390983 ], [ -41.365831, -10.381156 ], [ -41.360473, -10.369669 ], [ -41.348857, -10.368754 ], [ -41.335321, -10.377881 ], [ -41.33094, -10.372798 ], [ -41.324995, -10.36474 ], [ -41.328599, -10.354042 ], [ -41.321385, -10.3527 ], [ -41.315358, -10.344537 ], [ -41.311824, -10.346844 ], [ -41.286917, -10.336073 ], [ -41.279185, -10.34198 ], [ -41.277991, -10.347103 ], [ -41.266684, -10.345274 ], [ -41.260261, -10.351423 ], [ -41.256301, -10.362777 ], [ -41.257955, -10.383015 ], [ -41.250526, -10.391664 ], [ -41.250426, -10.401356 ], [ -41.255116, -10.404102 ], [ -41.255884, -10.414214 ], [ -41.250696, -10.428201 ], [ -41.232764, -10.436238 ], [ -41.229969, -10.448018 ], [ -41.225198, -10.453487 ], [ -41.212085, -10.456617 ], [ -41.199967, -10.446845 ], [ -41.19239, -10.442076 ], [ -41.192542, -10.437464 ], [ -41.182151, -10.431051 ], [ -41.162925, -10.433691 ], [ -41.153051, -10.445048 ], [ -41.146223, -10.449429 ], [ -41.13948, -10.450518 ], [ -41.106615, -10.46649 ], [ -41.100871, -10.464969 ], [ -41.10048, -10.459814 ], [ -41.067974, -10.459949 ], [ -41.051031, -10.452018 ], [ -41.038282, -10.451307 ], [ -41.029508, -10.443854 ], [ -41.029551, -10.44013 ], [ -41.026863, -10.434817 ], [ -41.019624, -10.43142 ], [ -41.009468, -10.435771 ], [ -41.008441, -10.439292 ], [ -41.003773, -10.450279 ], [ -40.989925, -10.452028 ], [ -40.987712, -10.465124 ], [ -40.983079, -10.46931 ], [ -40.973081, -10.465643 ], [ -40.966652, -10.470256 ], [ -40.96614, -10.476456 ], [ -40.946105, -10.485971 ], [ -40.942244, -10.508741 ], [ -40.934785, -10.510489 ], [ -40.933632, -10.506664 ], [ -40.922317, -10.515346 ], [ -40.913479, -10.512659 ], [ -40.899959, -10.517169 ], [ -40.898614, -10.509538 ], [ -40.892642, -10.509717 ], [ -40.88912, -10.504788 ], [ -40.890924, -10.499139 ], [ -40.88387, -10.494101 ], [ -40.871972, -10.501934 ], [ -40.878381, -10.509049 ], [ -40.877645, -10.522018 ], [ -40.882335, -10.524731 ], [ -40.884247, -10.519576 ], [ -40.887361, -10.520025 ], [ -40.882267, -10.528461 ], [ -40.887184, -10.529678 ], [ -40.881877, -10.53349 ], [ -40.884369, -10.53736 ], [ -40.888626, -10.535775 ], [ -40.895963, -10.539837 ], [ -40.892194, -10.541847 ], [ -40.89515, -10.550636 ], [ -40.904222, -10.544231 ], [ -40.904689, -10.551944 ], [ -40.913038, -10.549581 ], [ -40.913834, -10.557177 ], [ -40.916861, -10.558366 ], [ -40.917192, -10.552492 ], [ -40.922493, -10.558306 ], [ -40.922954, -10.562967 ], [ -40.91955, -10.562417 ], [ -40.919806, -10.559141 ], [ -40.915929, -10.562854 ], [ -40.920307, -10.565854 ], [ -40.923745, -10.586554 ], [ -40.930877, -10.587004 ], [ -40.93319, -10.597021 ], [ -40.93333, -10.602901 ], [ -40.903464, -10.608632 ], [ -40.84164, -10.620482 ], [ -40.69328, -10.648843 ], [ -40.649649, -10.657162 ], [ -40.558801, -10.674457 ], [ -40.478714, -10.689823 ], [ -40.477835, -10.690005 ], [ -40.474491, -10.699881 ], [ -40.476793, -10.707738 ], [ -40.471021, -10.71539 ], [ -40.477352, -10.725088 ], [ -40.476326, -10.734622 ], [ -40.48071, -10.743906 ], [ -40.484051, -10.74455 ], [ -40.48308, -10.746876 ], [ -40.476577, -10.762454 ], [ -40.471746, -10.763397 ], [ -40.470172, -10.763704 ], [ -40.469218, -10.76389 ], [ -40.467352, -10.756977 ], [ -40.456026, -10.759172 ], [ -40.445633, -10.752291 ], [ -40.418395, -10.777767 ], [ -40.408297, -10.794969 ], [ -40.387326, -10.802802 ], [ -40.381047, -10.801714 ], [ -40.380295, -10.801959 ], [ -40.357982, -10.809239 ], [ -40.349738, -10.807827 ], [ -40.337611, -10.828752 ], [ -40.333301, -10.813272 ], [ -40.313889, -10.823711 ], [ -40.303245, -10.815151 ], [ -40.295482, -10.819104 ], [ -40.288853, -10.813518 ], [ -40.285729, -10.814309 ], [ -40.28441, -10.826587 ], [ -40.287887, -10.834243 ], [ -40.281242, -10.838318 ], [ -40.277716, -10.836709 ], [ -40.272327, -10.841527 ], [ -40.269109, -10.840417 ], [ -40.267843, -10.846628 ], [ -40.259383, -10.853198 ], [ -40.257074, -10.842307 ], [ -40.253545, -10.841561 ], [ -40.239063, -10.849128 ], [ -40.240228, -10.85173 ], [ -40.279041, -10.938441 ], [ -40.24635, -10.931332 ], [ -40.233265, -10.928486 ], [ -40.209769, -10.950861 ], [ -40.163091, -10.995276 ], [ -40.149198, -11.008761 ], [ -40.081463, -11.074451 ], [ -40.077512, -11.078282 ], [ -40.077445, -11.078346 ], [ -39.990887, -11.161261 ], [ -39.991074, -11.162757 ], [ -39.99154, -11.166485 ], [ -39.965905, -11.230413 ], [ -39.947755, -11.245466 ], [ -39.922915, -11.266059 ], [ -39.865183, -11.313876 ], [ -39.862062, -11.317479 ], [ -39.861485, -11.318146 ], [ -39.765211, -11.429182 ], [ -39.762518, -11.433249 ], [ -39.766715, -11.441287 ], [ -39.76152, -11.446951 ], [ -39.770346, -11.456786 ], [ -39.771264, -11.465019 ], [ -39.774407, -11.467516 ], [ -39.782907, -11.463543 ], [ -39.784443, -11.467349 ], [ -39.786166, -11.468808 ], [ -39.791882, -11.478723 ], [ -39.814207, -11.49298 ], [ -39.819098, -11.503641 ], [ -39.824935, -11.500262 ], [ -39.825251, -11.491101 ], [ -39.837557, -11.495272 ], [ -39.841712, -11.490493 ], [ -39.845848, -11.490663 ], [ -39.847544, -11.481517 ], [ -39.850664, -11.482375 ], [ -39.861048, -11.49174 ], [ -39.873166, -11.488864 ], [ -39.884711, -11.48143 ], [ -39.891377, -11.485604 ], [ -39.89701, -11.491326 ], [ -39.903717, -11.490329 ], [ -39.909575, -11.495029 ], [ -39.919929, -11.49489 ], [ -39.9249, -11.499253 ], [ -39.925835, -11.58042 ], [ -39.926182, -11.609791 ], [ -39.926363, -11.627351 ], [ -39.926481, -11.637177 ], [ -39.926789, -11.665905 ], [ -39.920311, -11.68796 ], [ -39.920227, -11.688101 ], [ -39.908686, -11.707696 ], [ -39.909314, -11.720382 ], [ -39.911676, -11.733988 ], [ -39.956285, -11.771129 ], [ -39.982157, -11.792669 ], [ -39.992648, -11.801404 ], [ -40.027753, -11.828638 ], [ -40.038368, -11.836713 ], [ -40.049462, -11.845154 ], [ -40.177531, -11.839097 ], [ -40.177619, -11.839092 ], [ -40.319722, -11.802304 ], [ -40.350932, -11.833498 ], [ -40.351188, -11.833754 ], [ -40.358048, -11.757107 ], [ -40.365747, -11.670706 ], [ -40.365754, -11.670627 ], [ -40.366626, -11.66082 ], [ -40.370597, -11.616071 ], [ -40.374712, -11.616245 ], [ -40.38294, -11.625987 ], [ -40.38303, -11.633418 ], [ -40.38602, -11.635247 ], [ -40.383885, -11.643485 ], [ -40.40102, -11.648166 ], [ -40.399178, -11.654591 ], [ -40.409633, -11.662118 ], [ -40.410437, -11.670538 ], [ -40.41755, -11.670774 ], [ -40.427792, -11.682017 ], [ -40.431495, -11.681547 ], [ -40.43864, -11.692273 ], [ -40.449794, -11.700743 ], [ -40.43918, -11.721907 ], [ -40.434073, -11.747209 ], [ -40.440178, -11.75976 ], [ -40.448698, -11.761539 ], [ -40.459573, -11.785612 ], [ -40.471595, -11.801463 ], [ -40.489771, -11.804958 ], [ -40.489164, -11.815818 ], [ -40.484433, -11.82021 ], [ -40.48471, -11.824007 ], [ -40.488308, -11.823732 ], [ -40.491491, -11.823489 ], [ -40.60358, -11.814917 ], [ -40.604132, -11.814874 ], [ -40.632362, -11.810071 ], [ -40.698361, -11.797551 ], [ -40.629019, -11.845513 ], [ -40.622794, -11.846637 ], [ -40.619238, -11.852129 ], [ -40.612745, -11.853362 ], [ -40.609234, -11.868778 ], [ -40.599285, -11.884423 ], [ -40.57827, -11.897256 ], [ -40.599231, -11.9103 ], [ -40.625524, -11.926689 ], [ -40.703715, -11.975315 ], [ -40.725373, -11.988791 ], [ -40.730187, -11.993225 ], [ -40.729819, -11.999533 ], [ -40.746216, -12.00095 ], [ -40.750503, -11.993767 ], [ -40.764603, -11.988025 ], [ -40.770236, -11.981593 ], [ -40.768958, -11.976229 ], [ -40.776003, -11.964894 ], [ -40.784624, -11.958443 ], [ -40.785192, -11.952048 ], [ -40.78833, -11.958366 ], [ -40.789141, -11.959996 ], [ -40.800508, -11.964049 ], [ -40.823685, -11.965266 ], [ -40.832247, -11.960317 ], [ -40.844343, -11.964124 ], [ -40.848664, -11.962541 ], [ -40.864008, -11.969927 ], [ -40.865881, -11.976213 ], [ -40.870054, -11.977457 ], [ -40.873699, -11.972937 ], [ -40.877412, -11.973342 ], [ -40.883026, -11.980334 ], [ -40.897156, -11.990299 ], [ -40.973667, -11.972058 ], [ -40.973758, -11.972038 ], [ -41.043663, -11.960524 ], [ -41.097774, -11.953596 ], [ -41.125459, -11.939252 ], [ -41.222327, -11.888912 ], [ -41.256948, -11.864755 ], [ -41.26426, -11.859715 ], [ -41.272927, -11.853739 ], [ -41.306066, -11.830891 ], [ -41.314268, -11.825236 ], [ -41.392726, -11.771103 ], [ -41.398317, -11.795674 ], [ -41.398313, -11.811232 ], [ -41.405793, -11.822436 ], [ -41.405119, -11.827194 ], [ -41.406253, -11.829793 ], [ -41.420319, -11.867827 ], [ -41.42323, -11.894451 ], [ -41.420657, -11.908495 ], [ -41.430272, -11.92496 ], [ -41.425228, -11.933718 ], [ -41.439605, -11.944579 ], [ -41.44638, -11.944961 ], [ -41.449165, -11.950427 ], [ -41.453908, -11.958616 ], [ -41.455051, -11.970758 ], [ -41.444543, -11.979514 ], [ -41.444358, -11.985686 ], [ -41.416479, -11.997476 ], [ -41.411676, -12.01496 ], [ -41.415814, -12.021513 ], [ -41.402159, -12.03786 ], [ -41.407589, -12.047821 ], [ -41.395652, -12.075228 ], [ -41.371648, -12.078936 ], [ -41.368114, -12.083564 ], [ -41.371654, -12.11755 ], [ -41.367391, -12.126794 ], [ -41.365623, -12.145586 ], [ -41.356571, -12.154264 ], [ -41.35611, -12.166658 ], [ -41.356001, -12.166889 ], [ -41.370744, -12.156604 ], [ -41.439635, -12.108504 ], [ -41.453416, -12.098874 ], [ -41.56239, -12.045688 ], [ -41.562776, -12.0455 ], [ -41.619895, -12.017717 ], [ -41.649575, -12.003376 ], [ -41.655735, -12.000364 ], [ -41.692303, -11.982478 ], [ -41.752775, -11.95305 ], [ -41.753119, -11.95288 ], [ -41.79023, -11.934613 ], [ -41.809156, -11.925288 ], [ -41.839181, -11.910491 ], [ -41.883068, -11.888852 ], [ -41.898926, -11.881027 ], [ -41.960471, -11.850644 ], [ -42.038106, -11.81344 ], [ -42.048771, -11.819057 ], [ -42.043244, -11.825467 ], [ -42.042082, -11.833758 ], [ -42.027466, -11.852205 ], [ -42.025826, -11.890782 ], [ -42.018268, -11.898508 ], [ -42.007482, -11.899087 ], [ -42.000439, -11.903127 ], [ -41.996244, -11.906479 ], [ -41.996798, -11.922083 ], [ -42.020076, -11.942142 ], [ -42.005628, -11.968915 ], [ -42.005245, -11.98523 ], [ -41.979467, -12.016364 ], [ -41.97679, -12.035877 ], [ -41.973307, -12.040946 ], [ -41.973098, -12.041363 ], [ -41.963542, -12.055638 ] ], [ [ -42.048729, -11.061691 ], [ -42.088722, -11.016918 ], [ -42.088723, -11.016918 ], [ -42.048729, -11.061691 ] ] ] } }
]
}
