{
"type": "FeatureCollection",
"name": "geojs-21-macro_regions",
"crs": { "type": "name", "properties": { "name": "urn:ogc:def:crs:OGC:1.3:CRS84" } },
"features": [
{ "type": "Feature", "properties": { "MACRO_ID": "2109", "MACRO_NAME": "Macrorregião Sul", "id": "210005", "name": "Açailândia", "description": "Açailândia", "MUN_ID": "210005", "UF": "MA", "HREG_ID": "21001", "HREG_NAME": "Acailandia" }, "geometry": { "type": "Polygon", "coordinates": [ [ [ -46.824, -7.959001 ], [ -46.830932, -7.962816 ], [ -46.837722, -7.959135 ], [ -46.839523, -7.965116 ], [ -46.843519, -7.964934 ], [ -46.850361, -7.956965 ], [ -46.861247, -7.960588 ], [ -46.86589, -7.968923 ], [ -46.870696, -7.961313 ], [ -46.868989, -7.956012 ], [ -46.872336, -7.95516 ], [ -46.882248, -7.963676 ], [ -46.882249, -7.972729 ], [ -46.888888, -7.974639 ], [ -46.895791, -7.986504 ], [ -46.904777, -7.986506 ], [ -46.908971, -7.980069 ], [ -46.917865, -7.981359 ], [ -46.922413, -7.984991 ], [ -46.920976, -7.994931 ], [ -46.923248, -7.99156 ], [ -46.940972, -7.996475 ], [ -46.945225, -8.004925 ], [ -46.949072, -8.008013 ], [ -46.952977, -8.00624 ], [ -46.956025, -8.016159 ], [ -46.95389, -8.025795 ], [ -46.965664, -8.034316 ], [ -46.962392, -8.039085 ], [ -46.979831, -8.04516 ], [ -46.981551, -8.050117 ], [ -46.988809, -8.047468 ], [ -46.997005, -8.066825 ], [ -47.000834, -8.065931 ], [ -47.001646, -8.057227 ], [ -47.008116, -8.061774 ], [ -47.014113, -8.057229 ], [ -47.020393, -8.060057 ], [ -47.024144, -8.05634 ], [ -47.043079, -8.053186 ], [ -47.044447, -8.04647 ], [ -47.053106, -8.041306 ], [ -47.05056, -8.035411 ], [ -47.058588, -8.027435 ], [ -47.06022, -8.010469 ], [ -47.064505, -8.002295 ], [ -47.07153, -7.999623 ], [ -47.07175, -7.99612 ], [ -47.083257, -7.987988 ], [ -47.106057, -7.990395 ], [ -47.097367, -7.979685 ], [ -47.106272, -7.968922 ], [ -47.101279, -7.9661 ], [ -47.104376, -7.960755 ], [ -47.101591, -7.954136 ], [ -47.10534, -7.952798 ], [ -47.111861, -7.958786 ], [ -47.115501, -7.952183 ], [ -47.106807, -7.93658 ], [ -47.116084, -7.9385 ], [ -47.12111, -7.921565 ], [ -47.12511, -7.924744 ], [ -47.131302, -7.92159 ], [ -47.140671, -7.924876 ], [ -47.144862, -7.912467 ], [ -47.142364, -7.894433 ], [ -47.152367, -7.894643 ], [ -47.160397, -7.887409 ], [ -47.163032, -7.879172 ], [ -47.174865, -7.870677 ], [ -47.179615, -7.86144 ], [ -47.174117, -7.856593 ], [ -47.178809, -7.854559 ], [ -47.182255, -7.858097 ], [ -47.186725, -7.857379 ], [ -47.186829, -7.842709 ], [ -47.196086, -7.848887 ], [ -47.200553, -7.844642 ], [ -47.200116, -7.839928 ], [ -47.207028, -7.839393 ], [ -47.206194, -7.834235 ], [ -47.214558, -7.835155 ], [ -47.223139, -7.826295 ], [ -47.234145, -7.823515 ], [ -47.229247, -7.816252 ], [ -47.233859, -7.819161 ], [ -47.238779, -7.813458 ], [ -47.244584, -7.815104 ], [ -47.246531, -7.808855 ], [ -47.234731, -7.803667 ], [ -47.24664, -7.800523 ], [ -47.240475, -7.793628 ], [ -47.247027, -7.785393 ], [ -47.245028, -7.781133 ], [ -47.254613, -7.764745 ], [ -47.245807, -7.758118 ], [ -47.25525, -7.758858 ], [ -47.258534, -7.755512 ], [ -47.266336, -7.760881 ], [ -47.260923, -7.751356 ], [ -47.260835, -7.740755 ], [ -47.273472, -7.744859 ], [ -47.270474, -7.734429 ], [ -47.273134, -7.730627 ], [ -47.282027, -7.734546 ], [ -47.29294, -7.727508 ], [ -47.301085, -7.734455 ], [ -47.312004, -7.731163 ], [ -47.31468, -7.717139 ], [ -47.305498, -7.713032 ], [ -47.313631, -7.706014 ], [ -47.315613, -7.701098 ], [ -47.310085, -7.697906 ], [ -47.305527, -7.703251 ], [ -47.302254, -7.701608 ], [ -47.302115, -7.688653 ], [ -47.331092, -7.684817 ], [ -47.333113, -7.677662 ], [ -47.33056, -7.673669 ], [ -47.337296, -7.666624 ], [ -47.329143, -7.662704 ], [ -47.319779, -7.6644 ], [ -47.313783, -7.660224 ], [ -47.322975, -7.65462 ], [ -47.33536, -7.636627 ], [ -47.348084, -7.630944 ], [ -47.35122, -7.620613 ], [ -47.359388, -7.615742 ], [ -47.371702, -7.620916 ], [ -47.37245, -7.624967 ], [ -47.364335, -7.635054 ], [ -47.353418, -7.639916 ], [ -47.351785, -7.646441 ], [ -47.364672, -7.655434 ], [ -47.38148, -7.65366 ], [ -47.386863, -7.634733 ], [ -47.381809, -7.618592 ], [ -47.38167, -7.599569 ], [ -47.403753, -7.586747 ], [ -47.397402, -7.572346 ], [ -47.40525, -7.563467 ], [ -47.421978, -7.562416 ], [ -47.439034, -7.555832 ], [ -47.429461, -7.547281 ], [ -47.424923, -7.541394 ], [ -47.423919, -7.530706 ], [ -47.427224, -7.525364 ], [ -47.437754, -7.52113 ], [ -47.460903, -7.518897 ], [ -47.468225, -7.530969 ], [ -47.474786, -7.532966 ], [ -47.479691, -7.525525 ], [ -47.479855, -7.491732 ], [ -47.497531, -7.478787 ], [ -47.499163, -7.45333 ], [ -47.504284, -7.436236 ], [ -47.519862, -7.43169 ], [ -47.549955, -7.439179 ], [ -47.562839, -7.449604 ], [ -47.590512, -7.439116 ], [ -47.577062, -7.415667 ], [ -47.563479, -7.406427 ], [ -47.50939, -7.385176 ], [ -47.497831, -7.378333 ], [ -47.482704, -7.360822 ], [ -47.480024, -7.352572 ], [ -47.478405, -7.345534 ], [ -47.477776, -7.336356 ], [ -47.482492, -7.321949 ], [ -47.484908, -7.317243 ], [ -47.503418, -7.289697 ], [ -47.531394, -7.268901 ], [ -47.542471, -7.264987 ], [ -47.587107, -7.263321 ], [ -47.599696, -7.266337 ], [ -47.606946, -7.271725 ], [ -47.622562, -7.296045 ], [ -47.633697, -7.304414 ], [ -47.638736, -7.30504 ], [ -47.647285, -7.303726 ], [ -47.653503, -7.297806 ], [ -47.674103, -7.259432 ], [ -47.690581, -7.237902 ], [ -47.734642, -7.218503 ], [ -47.735555, -7.217726 ], [ -47.743224, -7.207934 ], [ -47.750022, -7.189108 ], [ -47.747497, -7.167396 ], [ -47.738026, -7.155626 ], [ -47.704306, -7.135463 ], [ -47.693635, -7.136568 ], [ -47.674759, -7.147316 ], [ -47.659947, -7.150972 ], [ -47.644029, -7.143216 ], [ -47.62576, -7.118185 ], [ -47.618002, -7.090765 ], [ -47.594263, -7.061526 ], [ -47.574355, -7.049942 ], [ -47.557424, -7.030846 ], [ -47.54451, -7.012378 ], [ -47.535081, -6.987086 ], [ -47.52789, -6.973009 ], [ -47.529144, -6.945618 ], [ -47.507199, -6.906796 ], [ -47.504777, -6.893292 ], [ -47.506613, -6.871616 ], [ -47.520065, -6.840076 ], [ -47.527003, -6.83741 ], [ -47.52922, -6.830995 ], [ -47.516276, -6.789866 ], [ -47.49323, -6.750876 ], [ -47.496762, -6.720629 ], [ -47.495791, -6.696767 ], [ -47.492862, -6.68935 ], [ -47.498218, -6.670839 ], [ -47.462806, -6.606683 ], [ -47.464034, -6.584851 ], [ -47.460612, -6.561716 ], [ -47.459511, -6.558923 ], [ -47.458388, -6.549242 ], [ -47.456072, -6.537882 ], [ -47.43378, -6.503988 ], [ -47.424823, -6.49697 ], [ -47.415917, -6.483485 ], [ -47.433781, -6.430797 ], [ -47.431474, -6.425077 ], [ -47.419513, -6.401232 ], [ -47.411831, -6.376058 ], [ -47.409298, -6.365961 ], [ -47.410573, -6.354118 ], [ -47.411399, -6.344216 ], [ -47.410417, -6.334386 ], [ -47.40358, -6.320493 ], [ -47.402979, -6.31956 ], [ -47.376811, -6.266378 ], [ -47.380322, -6.249632 ], [ -47.384944, -6.230001 ], [ -47.394249, -6.218947 ], [ -47.422779, -6.159796 ], [ -47.432682, -6.111744 ], [ -47.434053, -6.092726 ], [ -47.429805, -6.067964 ], [ -47.427617, -6.038836 ], [ -47.438323, -6.012409 ], [ -47.447559, -5.992595 ], [ -47.42965, -5.934947 ], [ -47.429391, -5.911104 ], [ -47.432445, -5.893508 ], [ -47.430639, -5.868823 ], [ -47.437431, -5.857482 ], [ -47.441855, -5.830399 ], [ -47.470037, -5.771513 ], [ -47.483282, -5.756019 ], [ -47.492949, -5.730143 ], [ -47.492669, -5.709652 ], [ -47.481415, -5.678237 ], [ -47.47328, -5.661593 ], [ -47.476805, -5.634655 ], [ -47.479264, -5.621323 ], [ -47.483977, -5.595219 ], [ -47.482837, -5.564513 ], [ -47.493625, -5.53937 ], [ -47.499696, -5.52522 ], [ -47.523181, -5.500133 ], [ -47.554944, -5.46535 ], [ -47.563725, -5.462752 ], [ -47.580084, -5.469632 ], [ -47.602039, -5.464963 ], [ -47.618194, -5.459341 ], [ -47.666348, -5.421402 ], [ -47.685339, -5.412334 ], [ -47.736125, -5.383312 ], [ -47.743887, -5.379748 ], [ -47.767911, -5.377818 ], [ -47.792562, -5.384327 ], [ -47.827114, -5.386204 ], [ -47.843332, -5.375825 ], [ -47.867196, -5.342432 ], [ -47.866259, -5.30493 ], [ -47.869984, -5.280123 ], [ -47.872496, -5.271975 ], [ -47.885144, -5.260317 ], [ -47.936921, -5.239192 ], [ -48.00363, -5.234237 ], [ -48.014231, -5.237647 ], [ -48.051923, -5.267176 ], [ -48.078836, -5.274681 ], [ -48.106723, -5.26678 ], [ -48.178114, -5.260393 ], [ -48.189865, -5.253015 ], [ -48.20607, -5.248601 ], [ -48.224522, -5.235146 ], [ -48.234497, -5.227924 ], [ -48.272587, -5.215583 ], [ -48.292973, -5.203666 ], [ -48.320474, -5.201005 ], [ -48.355739, -5.171469 ], [ -48.363479, -5.167998 ], [ -48.381892, -5.17208 ], [ -48.465723, -5.185063 ], [ -48.48589, -5.193437 ], [ -48.522562, -5.192946 ], [ -48.538585, -5.204532 ], [ -48.560641, -5.229817 ], [ -48.560684, -5.234463 ], [ -48.568118, -5.262412 ], [ -48.56814, -5.28255 ], [ -48.5837, -5.310913 ], [ -48.605699, -5.336118 ], [ -48.611917, -5.338046 ], [ -48.629668, -5.332575 ], [ -48.638226, -5.319626 ], [ -48.65103, -5.311055 ], [ -48.679006, -5.305437 ], [ -48.691831, -5.31128 ], [ -48.698776, -5.31974 ], [ -48.704033, -5.344346 ], [ -48.708365, -5.350622 ], [ -48.714608, -5.352729 ], [ -48.730001, -5.347611 ], [ -48.74049, -5.352435 ], [ -48.754716, -5.348782 ], [ -48.586071, -5.217044 ], [ -48.54867, -5.187954 ], [ -48.462641, -5.119893 ], [ -48.451504, -5.111864 ], [ -48.433723, -5.095854 ], [ -48.436358, -5.07829 ], [ -48.431121, -5.074114 ], [ -48.426867, -5.074915 ], [ -48.421251, -5.082886 ], [ -48.418615, -5.085329 ], [ -48.395842, -5.069994 ], [ -48.211947, -4.924553 ], [ -48.194201, -4.910636 ], [ -48.091799, -4.830335 ], [ -48.057935, -4.80378 ], [ -48.024949, -4.777916 ], [ -47.815726, -4.61435 ], [ -47.804702, -4.596991 ], [ -47.792143, -4.586032 ], [ -47.785865, -4.585687 ], [ -47.770444, -4.592936 ], [ -47.753614, -4.590445 ], [ -47.750365, -4.600112 ], [ -47.74183, -4.598241 ], [ -47.724387, -4.606039 ], [ -47.714863, -4.602663 ], [ -47.711337, -4.602893 ], [ -47.7115, -4.605887 ], [ -47.701139, -4.604403 ], [ -47.679549, -4.608256 ], [ -47.662599, -4.596822 ], [ -47.637251, -4.571022 ], [ -47.611517, -4.556979 ], [ -47.607544, -4.548349 ], [ -47.581053, -4.519557 ], [ -47.563299, -4.47418 ], [ -47.534005, -4.447823 ], [ -47.530712, -4.44349 ], [ -47.518354, -4.427037 ], [ -47.502364, -4.403329 ], [ -47.498493, -4.387774 ], [ -47.487735, -4.376349 ], [ -47.487679, -4.36679 ], [ -47.475891, -4.356062 ], [ -47.48227, -4.347774 ], [ -47.476013, -4.340641 ], [ -47.479117, -4.328123 ], [ -47.471323, -4.320343 ], [ -47.47431, -4.314667 ], [ -47.455397, -4.305125 ], [ -47.441626, -4.287048 ], [ -47.432814, -4.283906 ], [ -47.429223, -4.286275 ], [ -47.428834, -4.286463 ], [ -47.429248, -4.275824 ], [ -47.417096, -4.278034 ], [ -47.410955, -4.270113 ], [ -47.400653, -4.267447 ], [ -47.388215, -4.249503 ], [ -47.378503, -4.244588 ], [ -47.371345, -4.245209 ], [ -47.374072, -4.234486 ], [ -47.371379, -4.231947 ], [ -47.375848, -4.229535 ], [ -47.378729, -4.22076 ], [ -47.373946, -4.217178 ], [ -47.369923, -4.218838 ], [ -47.373117, -4.214408 ], [ -47.367731, -4.209479 ], [ -47.368765, -4.206179 ], [ -47.365034, -4.205442 ], [ -47.367461, -4.19382 ], [ -47.359844, -4.190996 ], [ -47.365406, -4.180264 ], [ -47.352715, -4.176406 ], [ -47.346843, -4.183392 ], [ -47.339812, -4.17667 ], [ -47.343294, -4.167671 ], [ -47.346765, -4.156867 ], [ -47.342114, -4.147739 ], [ -47.349329, -4.141498 ], [ -47.343024, -4.127282 ], [ -47.350221, -4.114895 ], [ -47.346734, -4.108313 ], [ -47.342635, -4.09671 ], [ -47.330984, -4.09105 ], [ -47.332803, -4.075234 ], [ -47.330846, -4.069095 ], [ -47.324803, -4.067988 ], [ -47.32399, -4.062455 ], [ -47.319002, -4.0474 ], [ -47.309618, -4.051772 ], [ -47.309928, -4.056267 ], [ -47.305908, -4.058827 ], [ -47.302984, -4.053365 ], [ -47.292688, -4.051896 ], [ -47.293484, -4.042825 ], [ -47.286331, -4.045244 ], [ -47.284962, -4.035807 ], [ -47.276679, -4.033657 ], [ -47.276818, -4.03021 ], [ -47.266982, -4.033085 ], [ -47.266886, -4.025517 ], [ -47.244253, -4.011866 ], [ -47.238507, -3.998256 ], [ -47.222234, -4.000927 ], [ -47.219555, -3.987798 ], [ -47.204052, -3.987941 ], [ -47.201318, -3.973194 ], [ -47.196089, -3.97624 ], [ -47.199314, -3.980374 ], [ -47.196942, -3.985029 ], [ -47.189835, -3.98333 ], [ -47.187128, -3.979194 ], [ -47.193027, -3.974934 ], [ -47.192387, -3.968468 ], [ -47.181133, -3.966679 ], [ -47.178006, -3.960523 ], [ -47.179859, -3.955769 ], [ -47.180957, -3.959302 ], [ -47.18313, -3.957275 ], [ -47.183311, -3.947271 ], [ -47.1792, -3.941421 ], [ -47.174646, -3.944667 ], [ -47.168834, -3.943065 ], [ -47.168667, -3.938214 ], [ -47.175385, -3.929506 ], [ -47.16968, -3.928813 ], [ -47.172725, -3.923449 ], [ -47.148075, -3.914115 ], [ -47.148289, -3.896531 ], [ -47.138498, -3.899486 ], [ -47.138509, -3.903933 ], [ -47.132017, -3.8992 ], [ -47.133127, -3.886969 ], [ -47.136596, -3.885242 ], [ -47.13212, -3.87828 ], [ -47.129015, -3.880511 ], [ -47.12833, -3.876269 ], [ -47.121594, -3.878004 ], [ -47.124195, -3.881029 ], [ -47.12171, -3.882652 ], [ -47.113349, -3.877316 ], [ -47.106204, -3.880568 ], [ -47.101438, -3.860975 ], [ -47.091584, -3.860437 ], [ -47.088322, -3.861209 ], [ -47.083934, -3.847375 ], [ -47.079005, -3.84577 ], [ -47.083554, -3.8402 ], [ -47.079965, -3.835661 ], [ -47.086264, -3.824529 ], [ -47.078543, -3.826569 ], [ -47.077596, -3.820709 ], [ -47.072197, -3.817489 ], [ -47.074689, -3.81438 ], [ -47.077833, -3.81131 ], [ -47.073988, -3.807479 ], [ -47.075327, -3.803938 ], [ -47.067652, -3.802946 ], [ -47.06282, -3.798511 ], [ -47.06363, -3.790222 ], [ -47.058795, -3.784069 ], [ -47.064273, -3.777386 ], [ -47.055712, -3.77407 ], [ -47.059226, -3.768909 ], [ -47.054869, -3.767908 ], [ -47.064853, -3.758991 ], [ -47.052951, -3.746184 ], [ -47.058854, -3.742935 ], [ -47.052673, -3.737695 ], [ -47.060429, -3.72939 ], [ -47.05673, -3.721313 ], [ -47.047704, -3.718505 ], [ -47.050133, -3.715568 ], [ -47.045858, -3.705067 ], [ -47.050354, -3.698588 ], [ -47.04836, -3.688587 ], [ -47.054105, -3.684633 ], [ -47.049214, -3.67666 ], [ -47.040345, -3.673951 ], [ -47.036598, -3.667593 ], [ -47.04847, -3.668273 ], [ -47.052293, -3.662807 ], [ -47.04549, -3.657264 ], [ -47.050456, -3.653008 ], [ -47.056626, -3.654207 ], [ -47.053089, -3.648454 ], [ -47.055158, -3.646327 ], [ -47.047075, -3.647255 ], [ -47.039655, -3.643734 ], [ -47.045654, -3.638061 ], [ -47.044347, -3.633011 ], [ -47.051919, -3.635015 ], [ -47.044848, -3.625127 ], [ -47.048204, -3.619257 ], [ -47.040004, -3.615032 ], [ -47.037754, -3.605132 ], [ -47.03017, -3.604239 ], [ -47.026045, -3.607078 ], [ -47.02994, -3.610606 ], [ -47.024558, -3.61436 ], [ -47.024463, -3.618705 ], [ -47.028408, -3.62102 ], [ -47.022977, -3.625782 ], [ -47.027339, -3.628703 ], [ -47.02513, -3.638512 ], [ -47.032604, -3.643044 ], [ -47.025126, -3.660142 ], [ -47.028717, -3.662649 ], [ -47.025048, -3.671958 ], [ -47.029405, -3.674596 ], [ -47.028932, -3.680775 ], [ -47.021537, -3.689957 ], [ -47.000188, -3.703516 ], [ -46.994962, -3.716886 ], [ -46.985146, -3.725724 ], [ -46.982695, -3.734975 ], [ -46.977458, -3.735307 ], [ -46.976146, -3.739169 ], [ -46.979698, -3.742055 ], [ -46.973324, -3.750109 ], [ -46.970839, -3.767849 ], [ -46.963412, -3.775613 ], [ -46.961836, -3.78542 ], [ -46.95961, -3.784568 ], [ -46.956257, -3.79508 ], [ -46.952239, -3.79717 ], [ -46.955086, -3.806962 ], [ -46.952446, -3.809667 ], [ -46.955416, -3.81092 ], [ -46.937059, -3.872519 ], [ -46.935945, -3.881856 ], [ -46.941762, -3.897962 ], [ -46.939519, -3.90144 ], [ -46.946359, -3.914705 ], [ -46.942738, -3.915996 ], [ -46.944616, -3.923121 ], [ -46.934333, -3.949014 ], [ -46.935723, -3.960615 ], [ -46.917795, -3.998474 ], [ -46.91912, -4.01646 ], [ -46.91508, -4.021634 ], [ -46.916218, -4.027026 ], [ -46.91183, -4.038928 ], [ -46.911838, -4.059185 ], [ -46.917351, -4.065506 ], [ -46.915322, -4.076369 ], [ -46.926684, -4.086271 ], [ -46.948065, -4.080279 ], [ -46.957104, -4.086538 ], [ -46.962743, -4.092658 ], [ -46.961231, -4.10348 ], [ -46.963961, -4.112346 ], [ -46.988981, -4.14683 ], [ -47.009774, -4.174314 ], [ -47.012497, -4.19291 ], [ -47.020137, -4.200913 ], [ -47.029265, -4.220084 ], [ -47.072319, -4.236253 ], [ -47.068839, -4.263077 ], [ -47.072421, -4.27364 ], [ -47.082921, -4.283975 ], [ -47.082064, -4.294132 ], [ -47.087836, -4.30293 ], [ -47.087513, -4.308141 ], [ -47.073169, -4.323405 ], [ -47.069748, -4.339602 ], [ -47.06267, -4.344333 ], [ -47.059366, -4.366306 ], [ -47.042612, -4.375671 ], [ -47.038904, -4.383089 ], [ -47.031444, -4.387777 ], [ -47.028278, -4.398771 ], [ -47.020412, -4.405782 ], [ -47.016613, -4.419557 ], [ -46.998953, -4.426813 ], [ -46.982629, -4.422253 ], [ -46.978645, -4.425548 ], [ -46.965682, -4.424489 ], [ -46.948821, -4.434152 ], [ -46.937175, -4.432283 ], [ -46.93259, -4.44379 ], [ -46.915026, -4.436912 ], [ -46.90595, -4.428453 ], [ -46.893272, -4.428885 ], [ -46.885643, -4.425492 ], [ -46.873487, -4.430558 ], [ -46.843312, -4.396324 ], [ -46.83714, -4.37948 ], [ -46.833453, -4.377241 ], [ -46.828453, -4.379398 ], [ -46.807343, -4.375095 ], [ -46.805806, -4.377349 ], [ -46.801565, -4.373837 ], [ -46.783784, -4.377254 ], [ -46.77977, -4.373663 ], [ -46.767214, -4.371817 ], [ -46.755835, -4.379347 ], [ -46.749128, -4.377036 ], [ -46.737895, -4.381113 ], [ -46.731647, -4.377151 ], [ -46.732175, -4.372667 ], [ -46.721246, -4.374099 ], [ -46.713738, -4.367595 ], [ -46.701261, -4.357416 ], [ -46.687765, -4.35585 ], [ -46.686519, -4.351582 ], [ -46.682785, -4.352811 ], [ -46.678681, -4.341746 ], [ -46.650473, -4.341475 ], [ -46.642025, -4.334483 ], [ -46.632136, -4.33402 ], [ -46.609912, -4.315768 ], [ -46.592225, -4.309003 ], [ -46.587876, -4.297848 ], [ -46.568505, -4.284461 ], [ -46.559911, -4.283214 ], [ -46.556867, -4.27485 ], [ -46.554021, -4.273291 ], [ -46.550875, -4.276488 ], [ -46.538562, -4.268866 ], [ -46.531486, -4.253707 ], [ -46.532325, -4.240217 ], [ -46.523226, -4.230906 ], [ -46.514997, -4.227967 ], [ -46.500683, -4.218567 ], [ -46.499931, -4.210944 ], [ -46.488554, -4.205548 ], [ -46.480524, -4.194628 ], [ -46.447044, -4.163148 ], [ -46.434634, -4.132449 ], [ -46.413768, -4.119429 ], [ -46.384892, -4.101267 ], [ -46.374078, -4.078224 ], [ -46.358408, -4.063149 ], [ -46.341754, -4.049704 ], [ -46.319306, -4.040054 ], [ -46.295268, -4.021584 ], [ -46.276791, -4.004115 ], [ -46.273199, -3.992675 ], [ -46.268707, -3.989211 ], [ -46.261899, -3.98852 ], [ -46.257134, -3.992297 ], [ -46.248207, -3.987901 ], [ -46.244253, -3.992155 ], [ -46.243192, -4.001466 ], [ -46.225331, -4.009727 ], [ -46.225446, -4.018409 ], [ -46.220899, -4.019098 ], [ -46.217273, -4.024867 ], [ -46.211865, -4.040499 ], [ -46.212421, -4.049164 ], [ -46.227802, -4.073019 ], [ -46.232577, -4.086658 ], [ -46.238421, -4.089377 ], [ -46.250499, -4.106584 ], [ -46.252753, -4.114016 ], [ -46.261526, -4.123349 ], [ -46.260788, -4.127581 ], [ -46.26707, -4.128629 ], [ -46.266097, -4.135349 ], [ -46.275773, -4.15703 ], [ -46.274731, -4.163478 ], [ -46.281089, -4.167664 ], [ -46.283495, -4.173794 ], [ -46.287771, -4.206028 ], [ -46.28198, -4.215485 ], [ -46.282505, -4.224934 ], [ -46.298699, -4.243395 ], [ -46.294805, -4.269804 ], [ -46.278787, -4.297292 ], [ -46.25368, -4.311524 ], [ -46.249505, -4.317193 ], [ -46.262469, -4.312071 ], [ -46.245783, -4.358888 ], [ -46.240523, -4.373399 ], [ -46.226809, -4.384504 ], [ -46.222975, -4.390149 ], [ -46.229556, -4.402205 ], [ -46.227178, -4.418805 ], [ -46.232516, -4.444952 ], [ -46.216834, -4.469469 ], [ -46.202667, -4.471264 ], [ -46.192786, -4.511348 ], [ -46.165287, -4.550122 ], [ -46.158691, -4.560116 ], [ -46.177636, -4.599883 ], [ -46.209362, -4.623289 ], [ -46.227629, -4.623109 ], [ -46.228298, -4.625763 ], [ -46.213745, -4.696398 ], [ -46.201374, -4.752108 ], [ -46.150965, -4.779757 ], [ -46.131569, -4.789821 ], [ -46.130246, -4.797826 ], [ -46.114679, -4.800055 ], [ -46.110041, -4.809138 ], [ -46.105228, -4.811081 ], [ -46.102264, -4.831604 ], [ -46.091525, -4.840159 ], [ -46.08898, -4.854236 ], [ -46.016959, -4.853324 ], [ -46.026755, -4.836447 ], [ -46.027948, -4.804471 ], [ -46.031957, -4.796021 ], [ -46.030378, -4.779424 ], [ -46.03601, -4.764622 ], [ -46.034433, -4.751608 ], [ -46.028639, -4.736896 ], [ -46.007582, -4.706828 ], [ -46.000324, -4.707594 ], [ -45.992373, -4.713815 ], [ -45.987663, -4.730401 ], [ -45.979271, -4.730087 ], [ -45.966563, -4.719036 ], [ -45.957817, -4.693522 ], [ -45.958982, -4.680867 ], [ -45.954725, -4.67504 ], [ -45.938778, -4.693305 ], [ -45.936094, -4.699635 ], [ -45.925123, -4.700191 ], [ -45.916324, -4.715216 ], [ -45.909063, -4.713982 ], [ -45.906378, -4.719062 ], [ -45.898791, -4.720401 ], [ -45.865751, -4.745389 ], [ -45.854323, -4.749886 ], [ -45.845396, -4.757236 ], [ -45.844323, -4.767421 ], [ -45.82481, -4.772113 ], [ -45.807941, -4.78901 ], [ -45.796481, -4.788322 ], [ -45.783011, -4.795257 ], [ -45.77528, -4.809263 ], [ -45.781729, -4.826442 ], [ -45.777556, -4.83469 ], [ -45.798237, -4.833577 ], [ -45.798169, -4.841664 ], [ -45.791598, -4.853337 ], [ -45.715271, -4.855401 ], [ -45.710745, -4.855524 ], [ -45.516483, -4.860734 ], [ -45.478955, -4.861734 ], [ -45.472256, -4.868783 ], [ -45.478098, -4.869257 ], [ -45.478103, -4.875959 ], [ -45.479889, -4.872726 ], [ -45.490021, -4.871642 ], [ -45.492759, -4.867332 ], [ -45.494908, -4.8714 ], [ -45.49574, -4.867808 ], [ -45.50933, -4.86744 ], [ -45.519001, -4.888613 ], [ -45.529152, -4.889712 ], [ -45.531044, -4.894152 ], [ -45.543184, -4.8936 ], [ -45.546697, -4.898039 ], [ -45.545675, -4.902483 ], [ -45.550155, -4.902966 ], [ -45.556748, -4.914715 ], [ -45.553893, -4.920406 ], [ -45.565012, -4.924133 ], [ -45.565345, -4.93215 ], [ -45.561297, -4.932966 ], [ -45.565806, -4.945769 ], [ -45.578426, -4.959168 ], [ -45.580379, -4.970262 ], [ -45.582915, -4.969012 ], [ -45.584214, -4.972804 ], [ -45.59582, -4.976478 ], [ -45.598524, -4.981782 ], [ -45.596529, -4.986172 ], [ -45.603535, -4.9919 ], [ -45.599168, -4.992751 ], [ -45.508109, -5.010476 ], [ -45.390263, -5.033384 ], [ -45.27944, -5.054893 ], [ -45.263319, -5.033203 ], [ -45.263002, -5.03268 ], [ -45.259914, -5.027588 ], [ -45.256234, -5.029902 ], [ -45.152615, -5.095005 ], [ -45.122829, -5.120547 ], [ -45.122339, -5.120967 ], [ -45.019972, -5.208678 ], [ -45.019908, -5.208367 ], [ -45.017923, -5.199043 ], [ -45.011611, -5.194072 ], [ -45.013805, -5.192226 ], [ -45.007044, -5.18758 ], [ -45.010013, -5.186705 ], [ -45.007318, -5.185425 ], [ -45.009105, -5.180081 ], [ -45.006786, -5.181717 ], [ -45.003395, -5.177409 ], [ -45.005908, -5.168684 ], [ -44.999909, -5.162996 ], [ -44.996407, -5.163853 ], [ -44.999845, -5.158787 ], [ -44.997003, -5.153863 ], [ -44.999473, -5.150933 ], [ -44.99213, -5.143015 ], [ -44.993468, -5.138141 ], [ -44.989919, -5.138139 ], [ -44.989757, -5.130628 ], [ -44.981253, -5.12679 ], [ -44.975066, -5.131445 ], [ -44.969955, -5.130286 ], [ -44.967728, -5.116877 ], [ -44.97156, -5.115142 ], [ -44.969186, -5.108715 ], [ -44.964303, -5.109367 ], [ -44.964713, -5.103789 ], [ -44.960014, -5.101649 ], [ -44.962528, -5.09823 ], [ -44.966082, -5.095922 ], [ -44.962407, -5.091649 ], [ -44.960307, -5.088713 ], [ -44.969816, -5.079957 ], [ -44.963455, -5.074739 ], [ -44.964749, -5.069285 ], [ -44.959659, -5.070509 ], [ -44.957128, -5.06624 ], [ -44.95945, -5.059649 ], [ -44.95409, -5.05754 ], [ -44.956172, -5.051528 ], [ -44.947962, -5.046881 ], [ -44.94253, -5.038034 ], [ -44.952398, -5.037137 ], [ -44.954309, -5.032999 ], [ -44.949893, -5.029345 ], [ -44.950981, -5.02287 ], [ -44.942059, -5.025051 ], [ -44.93463, -5.022805 ], [ -44.92254, -5.035598 ], [ -44.892306, -5.033745 ], [ -44.874607, -5.041917 ], [ -44.869859, -5.046897 ], [ -44.870019, -5.057727 ], [ -44.857123, -5.06514 ], [ -44.86222, -5.077248 ], [ -44.862242, -5.095407 ], [ -44.854685, -5.111106 ], [ -44.857273, -5.125182 ], [ -44.848855, -5.124531 ], [ -44.835583, -5.114349 ], [ -44.826781, -5.118193 ], [ -44.820907, -5.127447 ], [ -44.770405, -5.159669 ], [ -44.760811, -5.166477 ], [ -44.764992, -5.170631 ], [ -44.75787, -5.177817 ], [ -44.766319, -5.18388 ], [ -44.769639, -5.19361 ], [ -44.767051, -5.199993 ], [ -44.768496, -5.203552 ], [ -44.775991, -5.200622 ], [ -44.772135, -5.211376 ], [ -44.782351, -5.210318 ], [ -44.790011, -5.215742 ], [ -44.792359, -5.214482 ], [ -44.789341, -5.210923 ], [ -44.790942, -5.208419 ], [ -44.798817, -5.209652 ], [ -44.797005, -5.214969 ], [ -44.809162, -5.219448 ], [ -44.806647, -5.224476 ], [ -44.813355, -5.219964 ], [ -44.818865, -5.22778 ], [ -44.810131, -5.230462 ], [ -44.815184, -5.238588 ], [ -44.812198, -5.241714 ], [ -44.805748, -5.240408 ], [ -44.803264, -5.252671 ], [ -44.805807, -5.258772 ], [ -44.799923, -5.264882 ], [ -44.803582, -5.266765 ], [ -44.808696, -5.262545 ], [ -44.807412, -5.257803 ], [ -44.81527, -5.253655 ], [ -44.819382, -5.256477 ], [ -44.815181, -5.25881 ], [ -44.817801, -5.266735 ], [ -44.821421, -5.267724 ], [ -44.8203, -5.271124 ], [ -44.830702, -5.275929 ], [ -44.829609, -5.28216 ], [ -44.837126, -5.2886 ], [ -44.837766, -5.30091 ], [ -44.839685, -5.298186 ], [ -44.845125, -5.300628 ], [ -44.849558, -5.304154 ], [ -44.852103, -5.315943 ], [ -44.867155, -5.322562 ], [ -44.867857, -5.327906 ], [ -44.863116, -5.331706 ], [ -44.869572, -5.343329 ], [ -44.894595, -5.35483 ], [ -44.890422, -5.363847 ], [ -44.89291, -5.370467 ], [ -44.90644, -5.36786 ], [ -44.910453, -5.374963 ], [ -44.917999, -5.371244 ], [ -44.91988, -5.381473 ], [ -44.925648, -5.387219 ], [ -44.920075, -5.393947 ], [ -44.920164, -5.40738 ], [ -44.922806, -5.409985 ], [ -44.925157, -5.404771 ], [ -44.927758, -5.406322 ], [ -44.93043, -5.412392 ], [ -44.927836, -5.419147 ], [ -44.932098, -5.421646 ], [ -44.930377, -5.426631 ], [ -44.939767, -5.442417 ], [ -44.933404, -5.443736 ], [ -44.933967, -5.44953 ], [ -44.940111, -5.450499 ], [ -44.935824, -5.460429 ], [ -44.942423, -5.464915 ], [ -44.943801, -5.480705 ], [ -44.947868, -5.480537 ], [ -44.95115, -5.485028 ], [ -44.952471, -5.493603 ], [ -44.957955, -5.493931 ], [ -44.961173, -5.501458 ], [ -44.966608, -5.501804 ], [ -44.966011, -5.511308 ], [ -44.960446, -5.515832 ], [ -44.964965, -5.528432 ], [ -44.958008, -5.541736 ], [ -44.958566, -5.579784 ], [ -44.962689, -5.60242 ], [ -44.967675, -5.610998 ], [ -44.967828, -5.625871 ], [ -44.957648, -5.640662 ], [ -44.944766, -5.647358 ], [ -44.923723, -5.673392 ], [ -44.919889, -5.687968 ], [ -44.924307, -5.762556 ], [ -44.921504, -5.769598 ], [ -44.924582, -5.791028 ], [ -44.913393, -5.805125 ], [ -44.911838, -5.828046 ], [ -44.896446, -5.841095 ], [ -44.896949, -5.844549 ], [ -44.876057, -5.873393 ], [ -44.874144, -5.880535 ], [ -44.850455, -5.900413 ], [ -44.833972, -5.943597 ], [ -44.841274, -5.953271 ], [ -44.843391, -5.967988 ], [ -44.844628, -5.977435 ], [ -44.84614, -5.982946 ], [ -44.838937, -5.997089 ], [ -44.799338, -6.117333 ], [ -44.805951, -6.119893 ], [ -44.80814, -6.124336 ], [ -44.813749, -6.124512 ], [ -44.824363, -6.142997 ], [ -44.835779, -6.144799 ], [ -44.849555, -6.151855 ], [ -44.858974, -6.163722 ], [ -44.865974, -6.161725 ], [ -44.866582, -6.156378 ], [ -44.869227, -6.157101 ], [ -44.874388, -6.163532 ], [ -44.867776, -6.172508 ], [ -44.867615, -6.180945 ], [ -44.871671, -6.180847 ], [ -44.875105, -6.194766 ], [ -44.886747, -6.210578 ], [ -44.893171, -6.209032 ], [ -44.893359, -6.225895 ], [ -44.901525, -6.240585 ], [ -44.900725, -6.246104 ], [ -44.911329, -6.25726 ], [ -44.91117, -6.2685 ], [ -44.918418, -6.276285 ], [ -44.919444, -6.293252 ], [ -44.93095, -6.300944 ], [ -44.93721, -6.315361 ], [ -44.948555, -6.324144 ], [ -44.950112, -6.33539 ], [ -44.955887, -6.332846 ], [ -44.964778, -6.339813 ], [ -44.97611, -6.342161 ], [ -44.9852, -6.351039 ], [ -44.992166, -6.348586 ], [ -45.005176, -6.351219 ], [ -45.023337, -6.350059 ], [ -45.043558, -6.343827 ], [ -45.050106, -6.348635 ], [ -45.061836, -6.351144 ], [ -45.066602, -6.347525 ], [ -45.07453, -6.350997 ], [ -45.073944, -6.338869 ], [ -45.078003, -6.338846 ], [ -45.07217, -6.33167 ], [ -45.074026, -6.324267 ], [ -45.087251, -6.324063 ], [ -45.087362, -6.318168 ], [ -45.09225, -6.314817 ], [ -45.10361, -6.32274 ], [ -45.128557, -6.305884 ], [ -45.136937, -6.307018 ], [ -45.136615, -6.302954 ], [ -45.142283, -6.300345 ], [ -45.141387, -6.307662 ], [ -45.153949, -6.30137 ], [ -45.164252, -6.301568 ], [ -45.173671, -6.31262 ], [ -45.189866, -6.313563 ], [ -45.199449, -6.319534 ], [ -45.201255, -6.325463 ], [ -45.19764, -6.327118 ], [ -45.207422, -6.330117 ], [ -45.210806, -6.323013 ], [ -45.208335, -6.319522 ], [ -45.215167, -6.317382 ], [ -45.221582, -6.323396 ], [ -45.219004, -6.326786 ], [ -45.226395, -6.32811 ], [ -45.235638, -6.337804 ], [ -45.241627, -6.338527 ], [ -45.25117, -6.340804 ], [ -45.258588, -6.347375 ], [ -45.263798, -6.342793 ], [ -45.279443, -6.341512 ], [ -45.270001, -6.352574 ], [ -45.272212, -6.358885 ], [ -45.267389, -6.361509 ], [ -45.273163, -6.363518 ], [ -45.283557, -6.363799 ], [ -45.288611, -6.374407 ], [ -45.300416, -6.373994 ], [ -45.305022, -6.389042 ], [ -45.301942, -6.388981 ], [ -45.302333, -6.392437 ], [ -45.326587, -6.395143 ], [ -45.326728, -6.398139 ], [ -45.333193, -6.400162 ], [ -45.333692, -6.407432 ], [ -45.344418, -6.406171 ], [ -45.348975, -6.409796 ], [ -45.355004, -6.407277 ], [ -45.363886, -6.412335 ], [ -45.37572, -6.413909 ], [ -45.378778, -6.421305 ], [ -45.383699, -6.419588 ], [ -45.391082, -6.422349 ], [ -45.395192, -6.431127 ], [ -45.404975, -6.426318 ], [ -45.420696, -6.429504 ], [ -45.428888, -6.422427 ], [ -45.440808, -6.424424 ], [ -45.443665, -6.421863 ], [ -45.447248, -6.424637 ], [ -45.451759, -6.421658 ], [ -45.45628, -6.426336 ], [ -45.466697, -6.421363 ], [ -45.479086, -6.428208 ], [ -45.484005, -6.422672 ], [ -45.487725, -6.426362 ], [ -45.489806, -6.421872 ], [ -45.497384, -6.418471 ], [ -45.502251, -6.424682 ], [ -45.511054, -6.427775 ], [ -45.515691, -6.436339 ], [ -45.543003, -6.438607 ], [ -45.553556, -6.452458 ], [ -45.57864, -6.451214 ], [ -45.586832, -6.446778 ], [ -45.592585, -6.460137 ], [ -45.605663, -6.465262 ], [ -45.625781, -6.47032 ], [ -45.627918, -6.476644 ], [ -45.643639, -6.470861 ], [ -45.661393, -6.477479 ], [ -45.672281, -6.469849 ], [ -45.681551, -6.474555 ], [ -45.71399, -6.467993 ], [ -45.732443, -6.46329 ], [ -45.739536, -6.459437 ], [ -45.755148, -6.460054 ], [ -45.763088, -6.457077 ], [ -45.766622, -6.462043 ], [ -45.774757, -6.462534 ], [ -45.77651, -6.471429 ], [ -45.781068, -6.46937 ], [ -45.797017, -6.475248 ], [ -45.809913, -6.4742 ], [ -45.812488, -6.479887 ], [ -45.815689, -6.478307 ], [ -45.823938, -6.488096 ], [ -45.835174, -6.491981 ], [ -45.849619, -6.599763 ], [ -45.850603, -6.719626 ], [ -45.850476, -6.720713 ], [ -45.844677, -6.722541 ], [ -45.825893, -6.715034 ], [ -45.799809, -6.718589 ], [ -45.779308, -6.711695 ], [ -45.77261, -6.704449 ], [ -45.750006, -6.700433 ], [ -45.746086, -6.699737 ], [ -45.735035, -6.712545 ], [ -45.726924, -6.715439 ], [ -45.720442, -6.712002 ], [ -45.704978, -6.722315 ], [ -45.677773, -6.727666 ], [ -45.660977, -6.741494 ], [ -45.650112, -6.746065 ], [ -45.631664, -6.774383 ], [ -45.621672, -6.797474 ], [ -45.61383, -6.8025 ], [ -45.601445, -6.815328 ], [ -45.596247, -6.811996 ], [ -45.572366, -6.819469 ], [ -45.560198, -6.814223 ], [ -45.55539, -6.806086 ], [ -45.550141, -6.811364 ], [ -45.542999, -6.802382 ], [ -45.540974, -6.8058 ], [ -45.532335, -6.807771 ], [ -45.522617, -6.802192 ], [ -45.508694, -6.803631 ], [ -45.50797, -6.803803 ], [ -45.500916, -6.802986 ], [ -45.493196, -6.795471 ], [ -45.465577, -6.791554 ], [ -45.455361, -6.785071 ], [ -45.452357, -6.778971 ], [ -45.432775, -6.77667 ], [ -45.400002, -6.757225 ], [ -45.393173, -6.760576 ], [ -45.382944, -6.756856 ], [ -45.368226, -6.758878 ], [ -45.354666, -6.774855 ], [ -45.353951, -6.779976 ], [ -45.349086, -6.781437 ], [ -45.34739, -6.779038 ], [ -45.343615, -6.782709 ], [ -45.326194, -6.775371 ], [ -45.321693, -6.781204 ], [ -45.311476, -6.784305 ], [ -45.311086, -6.787382 ], [ -45.29714, -6.795201 ], [ -45.283338, -6.79637 ], [ -45.278812, -6.791603 ], [ -45.27051, -6.789243 ], [ -45.261532, -6.791446 ], [ -45.252755, -6.787501 ], [ -45.2475, -6.795821 ], [ -45.242412, -6.794628 ], [ -45.233532, -6.797725 ], [ -45.219583, -6.794569 ], [ -45.219722, -6.799417 ], [ -45.217585, -6.797511 ], [ -45.20947, -6.801889 ], [ -45.194699, -6.803366 ], [ -45.193443, -6.799607 ], [ -45.187356, -6.801909 ], [ -45.169671, -6.797399 ], [ -45.165554, -6.793456 ], [ -45.160081, -6.810617 ], [ -45.143167, -6.806852 ], [ -45.138224, -6.809472 ], [ -45.117143, -6.814318 ], [ -45.093831, -6.799326 ], [ -45.091609, -6.788909 ], [ -45.081033, -6.782273 ], [ -45.074942, -6.785666 ], [ -45.071133, -6.78414 ], [ -45.061113, -6.773189 ], [ -45.061432, -6.761137 ], [ -45.047895, -6.755835 ], [ -45.037944, -6.745406 ], [ -45.022476, -6.737994 ], [ -45.009943, -6.736202 ], [ -45.010396, -6.730796 ], [ -44.996303, -6.730174 ], [ -44.989669, -6.735226 ], [ -44.982547, -6.732259 ], [ -44.967921, -6.740582 ], [ -44.963195, -6.73593 ], [ -44.956607, -6.736489 ], [ -44.952658, -6.730934 ], [ -44.948914, -6.733756 ], [ -44.944451, -6.731592 ], [ -44.939473, -6.716823 ], [ -44.93282, -6.713668 ], [ -44.92308, -6.7154 ], [ -44.922747, -6.710905 ], [ -44.910849, -6.711216 ], [ -44.909325, -6.707312 ], [ -44.902664, -6.705422 ], [ -44.893172, -6.711429 ], [ -44.884346, -6.702774 ], [ -44.872595, -6.703471 ], [ -44.868146, -6.708728 ], [ -44.86194, -6.70378 ], [ -44.852457, -6.70252 ], [ -44.846263, -6.710123 ], [ -44.838494, -6.706574 ], [ -44.837904, -6.703026 ], [ -44.832717, -6.707784 ], [ -44.823757, -6.707339 ], [ -44.819638, -6.710901 ], [ -44.808514, -6.71186 ], [ -44.800073, -6.708759 ], [ -44.790652, -6.713615 ], [ -44.777258, -6.815831 ], [ -44.77703, -6.817568 ], [ -44.768243, -6.884484 ], [ -44.753688, -6.890397 ], [ -44.749411, -6.914878 ], [ -44.738744, -6.927214 ], [ -44.718978, -6.93976 ], [ -44.709513, -6.940638 ], [ -44.709756, -6.963066 ], [ -44.696933, -6.97404 ], [ -44.699085, -7.011497 ], [ -44.710276, -7.043865 ], [ -44.722417, -7.047856 ], [ -44.722335, -7.053022 ], [ -44.729944, -7.05495 ], [ -44.72722, -7.059726 ], [ -44.740274, -7.062543 ], [ -44.742112, -7.067473 ], [ -44.753359, -7.07499 ], [ -44.753749, -7.085792 ], [ -44.759892, -7.08969 ], [ -44.76345, -7.08784 ], [ -44.766753, -7.093334 ], [ -44.771588, -7.092403 ], [ -44.775134, -7.097445 ], [ -44.782682, -7.098952 ], [ -44.783808, -7.101929 ], [ -44.781923, -7.112975 ], [ -44.772031, -7.124362 ], [ -44.746806, -7.134257 ], [ -44.736333, -7.14873 ], [ -44.717383, -7.149996 ], [ -44.716748, -7.156252 ], [ -44.704588, -7.162974 ], [ -44.70706, -7.167825 ], [ -44.716609, -7.166238 ], [ -44.719948, -7.168557 ], [ -44.719081, -7.185245 ], [ -44.708945, -7.188916 ], [ -44.69808, -7.179136 ], [ -44.68895, -7.182353 ], [ -44.685397, -7.18839 ], [ -44.691418, -7.198824 ], [ -44.692529, -7.217173 ], [ -44.704528, -7.23596 ], [ -44.697249, -7.254651 ], [ -44.787088, -7.248305 ], [ -44.807779, -7.272314 ], [ -44.902655, -7.382418 ], [ -44.988392, -7.481935 ], [ -45.003997, -7.496351 ], [ -45.018186, -7.495156 ], [ -45.046776, -7.512181 ], [ -45.068968, -7.503405 ], [ -45.084719, -7.502115 ], [ -45.111367, -7.509915 ], [ -45.136751, -7.521142 ], [ -45.146158, -7.520566 ], [ -45.154161, -7.512362 ], [ -45.174023, -7.528448 ], [ -45.183178, -7.542979 ], [ -45.20387, -7.551378 ], [ -45.217357, -7.567544 ], [ -45.222278, -7.566215 ], [ -45.22264, -7.560037 ], [ -45.230851, -7.548614 ], [ -45.250244, -7.558243 ], [ -45.260957, -7.57045 ], [ -45.284648, -7.565943 ], [ -45.298129, -7.574423 ], [ -45.322666, -7.57451 ], [ -45.339357, -7.579844 ], [ -45.342851, -7.593077 ], [ -45.373232, -7.618383 ], [ -45.381599, -7.612718 ], [ -45.393666, -7.61261 ], [ -45.398244, -7.623085 ], [ -45.398623, -7.639643 ], [ -45.403671, -7.643636 ], [ -45.415267, -7.644715 ], [ -45.413872, -7.654215 ], [ -45.417411, -7.658156 ], [ -45.432337, -7.6611 ], [ -45.436657, -7.667273 ], [ -45.434845, -7.67532 ], [ -45.439529, -7.6776 ], [ -45.455588, -7.670264 ], [ -45.460327, -7.677578 ], [ -45.448736, -7.681691 ], [ -45.448999, -7.685271 ], [ -45.456959, -7.689261 ], [ -45.468502, -7.68873 ], [ -45.468166, -7.713697 ], [ -45.47971, -7.714203 ], [ -45.483223, -7.719052 ], [ -45.486487, -7.728625 ], [ -45.481096, -7.743061 ], [ -45.481832, -7.750951 ], [ -45.486252, -7.75048 ], [ -45.489471, -7.745596 ], [ -45.493132, -7.746581 ], [ -45.496081, -7.749897 ], [ -45.491443, -7.756487 ], [ -45.484291, -7.763251 ], [ -45.49242, -7.776737 ], [ -45.489535, -7.786132 ], [ -45.493473, -7.788259 ], [ -45.500231, -7.78524 ], [ -45.498475, -7.797596 ], [ -45.510496, -7.801994 ], [ -45.509635, -7.819905 ], [ -45.515372, -7.833911 ], [ -45.525991, -7.839608 ], [ -45.524556, -7.856529 ], [ -45.536235, -7.861159 ], [ -45.539963, -7.864295 ], [ -45.536539, -7.871569 ], [ -45.521624, -7.882747 ], [ -45.520433, -7.887675 ], [ -45.53948, -7.892951 ], [ -45.542605, -7.897305 ], [ -45.523788, -7.908022 ], [ -45.523219, -7.911788 ], [ -45.531664, -7.922804 ], [ -45.538785, -7.919007 ], [ -45.543468, -7.92056 ], [ -45.540958, -7.928558 ], [ -45.544172, -7.939296 ], [ -45.547043, -7.946922 ], [ -45.555738, -7.953919 ], [ -45.544668, -7.960314 ], [ -45.54827, -7.968875 ], [ -45.556444, -7.973278 ], [ -45.558976, -7.98131 ], [ -45.566674, -7.996725 ], [ -45.550766, -8.007646 ], [ -45.549423, -8.014085 ], [ -45.553746, -8.016828 ], [ -45.562536, -8.01417 ], [ -45.575875, -8.028687 ], [ -45.561021, -8.047497 ], [ -45.567317, -8.053249 ], [ -45.566882, -8.071261 ], [ -45.584356, -8.099836 ], [ -45.574696, -8.11355 ], [ -45.585022, -8.128591 ], [ -45.586177, -8.136168 ], [ -45.581055, -8.155639 ], [ -45.590866, -8.172961 ], [ -45.599144, -8.174662 ], [ -45.606502, -8.185292 ], [ -45.61072, -8.186583 ], [ -45.61245, -8.194264 ], [ -45.607728, -8.204547 ], [ -45.648346, -8.237563 ], [ -45.661142, -8.249615 ], [ -45.664148, -8.288074 ], [ -45.670898, -8.294379 ], [ -45.67615, -8.304041 ], [ -45.678594, -8.322436 ], [ -45.687089, -8.336358 ], [ -45.687122, -8.355144 ], [ -45.691199, -8.362614 ], [ -45.703082, -8.368096 ], [ -45.699931, -8.38092 ], [ -45.705753, -8.388401 ], [ -45.711036, -8.38762 ], [ -45.721155, -8.393984 ], [ -45.718816, -8.402816 ], [ -45.730663, -8.412308 ], [ -45.732786, -8.421793 ], [ -45.728143, -8.429453 ], [ -45.734259, -8.436253 ], [ -45.742117, -8.44755 ], [ -45.741175, -8.4678 ], [ -45.741773, -8.480639 ], [ -45.745593, -8.493293 ], [ -45.738049, -8.500768 ], [ -45.756414, -8.527342 ], [ -45.752953, -8.539506 ], [ -45.755055, -8.544308 ], [ -45.760386, -8.549227 ], [ -45.760952, -8.56143 ], [ -45.770996, -8.573521 ], [ -45.793364, -8.583993 ], [ -45.793527, -8.592014 ], [ -45.781044, -8.597994 ], [ -45.765223, -8.60917 ], [ -45.777717, -8.617412 ], [ -45.79706, -8.612627 ], [ -45.798256, -8.620548 ], [ -45.803416, -8.621566 ], [ -45.815132, -8.632819 ], [ -45.820618, -8.649146 ], [ -45.818566, -8.653601 ], [ -45.811201, -8.655672 ], [ -45.820556, -8.665215 ], [ -45.839533, -8.71487 ], [ -45.852889, -8.709408 ], [ -45.864205, -8.715475 ], [ -45.862911, -8.729398 ], [ -45.873972, -8.730987 ], [ -45.888931, -8.739248 ], [ -45.891199, -8.762383 ], [ -45.90721, -8.75826 ], [ -45.927605, -8.776947 ], [ -45.934589, -8.778695 ], [ -45.937984, -8.784531 ], [ -45.938757, -8.79544 ], [ -45.953093, -8.806867 ], [ -45.96035, -8.818471 ], [ -45.958255, -8.825768 ], [ -45.944945, -8.831063 ], [ -45.945114, -8.839968 ], [ -45.948567, -8.844535 ], [ -45.956914, -8.840109 ], [ -45.959499, -8.850601 ], [ -45.971131, -8.861996 ], [ -45.972281, -8.868722 ], [ -45.967201, -8.875482 ], [ -45.979651, -8.883661 ], [ -45.982566, -8.889639 ], [ -45.979254, -8.902424 ], [ -45.985518, -8.910012 ], [ -45.984757, -8.91811 ], [ -45.993878, -8.926456 ], [ -45.99045, -8.949861 ], [ -45.980408, -8.966406 ], [ -45.966965, -8.978573 ], [ -45.958709, -9.001328 ], [ -45.943046, -9.014905 ], [ -45.944991, -9.024567 ], [ -45.935381, -9.038763 ], [ -45.940003, -9.055764 ], [ -45.937462, -9.063263 ], [ -45.928916, -9.069318 ], [ -45.92697, -9.080318 ], [ -45.9323, -9.084712 ], [ -45.930635, -9.088315 ], [ -45.922714, -9.089902 ], [ -45.923489, -9.099783 ], [ -45.927176, -9.102254 ], [ -45.924395, -9.111984 ], [ -45.92676, -9.116231 ], [ -45.927911, -9.13436 ], [ -45.912912, -9.167137 ], [ -45.904978, -9.17455 ], [ -45.89666, -9.186105 ], [ -45.899282, -9.19102 ], [ -45.905241, -9.190761 ], [ -45.898244, -9.209265 ], [ -45.902782, -9.231145 ], [ -45.896191, -9.23493 ], [ -45.901456, -9.25174 ], [ -45.898085, -9.26274 ], [ -45.903074, -9.268043 ], [ -45.895521, -9.281113 ], [ -45.896677, -9.289974 ], [ -45.905449, -9.291642 ], [ -45.906649, -9.297603 ], [ -45.899836, -9.312542 ], [ -45.90187, -9.317459 ], [ -45.896996, -9.318597 ], [ -45.895836, -9.327565 ], [ -45.890523, -9.331122 ], [ -45.89326, -9.341769 ], [ -45.886969, -9.348396 ], [ -45.879077, -9.345796 ], [ -45.87461, -9.353398 ], [ -45.862794, -9.358742 ], [ -45.846721, -9.355964 ], [ -45.823749, -9.374533 ], [ -45.817571, -9.388971 ], [ -45.797426, -9.416839 ], [ -45.802326, -9.424886 ], [ -45.800919, -9.434637 ], [ -45.793581, -9.438008 ], [ -45.797384, -9.442066 ], [ -45.79266, -9.445481 ], [ -45.794236, -9.449932 ], [ -45.787513, -9.458006 ], [ -45.794716, -9.460098 ], [ -45.788513, -9.4642 ], [ -45.789067, -9.469882 ], [ -45.782728, -9.479363 ], [ -45.788485, -9.482164 ], [ -45.796179, -9.487095 ], [ -45.797737, -9.495187 ], [ -45.809674, -9.503471 ], [ -45.821287, -9.519022 ], [ -45.820355, -9.525976 ], [ -45.831526, -9.536378 ], [ -45.826968, -9.54553 ], [ -45.841007, -9.561888 ], [ -45.841646, -9.576006 ], [ -45.832859, -9.587485 ], [ -45.833039, -9.590403 ], [ -45.837274, -9.59125 ], [ -45.83617, -9.601874 ], [ -45.824956, -9.607073 ], [ -45.819538, -9.617943 ], [ -45.819122, -9.624553 ], [ -45.825347, -9.626082 ], [ -45.824509, -9.636342 ], [ -45.832302, -9.652803 ], [ -45.82875, -9.679718 ], [ -45.837603, -9.696042 ], [ -45.828221, -9.703031 ], [ -45.831192, -9.712984 ], [ -45.825308, -9.716504 ], [ -45.828181, -9.724391 ], [ -45.819938, -9.73971 ], [ -45.826597, -9.746078 ], [ -45.820262, -9.756389 ], [ -45.822709, -9.762836 ], [ -45.821005, -9.772712 ], [ -45.828064, -9.791287 ], [ -45.838319, -9.796483 ], [ -45.845315, -9.80815 ], [ -45.851004, -9.838397 ], [ -45.855687, -9.841724 ], [ -45.854954, -9.847503 ], [ -45.859874, -9.851665 ], [ -45.865583, -9.871232 ], [ -45.861148, -9.874027 ], [ -45.86313, -9.881006 ], [ -45.859548, -9.887649 ], [ -45.857633, -9.907098 ], [ -45.852241, -9.91938 ], [ -45.84608, -9.924131 ], [ -45.84187, -9.941142 ], [ -45.848593, -9.955877 ], [ -45.846598, -9.961867 ], [ -45.852262, -9.981753 ], [ -45.856617, -9.98434 ], [ -45.854403, -9.99592 ], [ -45.864954, -10.006561 ], [ -45.876578, -10.050554 ], [ -45.874438, -10.054549 ], [ -45.879779, -10.058177 ], [ -45.877119, -10.063364 ], [ -45.869519, -10.068875 ], [ -45.870154, -10.079769 ], [ -45.874028, -10.084801 ], [ -45.878127, -10.109882 ], [ -45.885858, -10.113645 ], [ -45.897328, -10.136153 ], [ -45.899604, -10.152351 ], [ -45.913089, -10.157969 ], [ -45.914993, -10.163747 ], [ -45.92385, -10.17074 ], [ -45.93077, -10.190408 ], [ -45.937893, -10.190474 ], [ -45.945201, -10.196025 ], [ -45.945314, -10.206403 ], [ -45.954877, -10.218025 ], [ -45.945901, -10.258411 ], [ -45.973529, -10.247952 ], [ -45.994501, -10.249691 ], [ -46.003633, -10.26124 ], [ -46.017306, -10.239974 ], [ -46.022802, -10.182963 ], [ -46.02786, -10.176452 ], [ -46.038588, -10.176317 ], [ -46.05044, -10.181254 ], [ -46.099307, -10.212483 ], [ -46.126621, -10.206808 ], [ -46.139994, -10.20634 ], [ -46.16528, -10.212726 ], [ -46.194442, -10.182567 ], [ -46.20159, -10.173592 ], [ -46.210449, -10.169318 ], [ -46.219584, -10.17037 ], [ -46.240414, -10.171468 ], [ -46.272584, -10.181198 ], [ -46.301024, -10.177909 ], [ -46.312661, -10.172407 ], [ -46.327106, -10.183277 ], [ -46.347791, -10.172676 ], [ -46.367469, -10.168397 ], [ -46.383548, -10.119726 ], [ -46.420274, -10.080463 ], [ -46.442937, -10.077722 ], [ -46.457, -10.046865 ], [ -46.456664, -10.0176 ], [ -46.477162, -9.987886 ], [ -46.471444, -9.973239 ], [ -46.476587, -9.952333 ], [ -46.465302, -9.936642 ], [ -46.47819, -9.923454 ], [ -46.475238, -9.906099 ], [ -46.470419, -9.897632 ], [ -46.472478, -9.877025 ], [ -46.491224, -9.869655 ], [ -46.489718, -9.860735 ], [ -46.479912, -9.85484 ], [ -46.492611, -9.848744 ], [ -46.496718, -9.843264 ], [ -46.493222, -9.827009 ], [ -46.508448, -9.808848 ], [ -46.509027, -9.800952 ], [ -46.512446, -9.797089 ], [ -46.541969, -9.809897 ], [ -46.562056, -9.810275 ], [ -46.576584, -9.804764 ], [ -46.579243, -9.795931 ], [ -46.570386, -9.78069 ], [ -46.56892, -9.76931 ], [ -46.574665, -9.758161 ], [ -46.595716, -9.746837 ], [ -46.631806, -9.748463 ], [ -46.641836, -9.742311 ], [ -46.645982, -9.733287 ], [ -46.645198, -9.716173 ], [ -46.649981, -9.704121 ], [ -46.652915, -9.693028 ], [ -46.612635, -9.665395 ], [ -46.606442, -9.651474 ], [ -46.605696, -9.62975 ], [ -46.592042, -9.607324 ], [ -46.591966, -9.586787 ], [ -46.578884, -9.583664 ], [ -46.536334, -9.556696 ], [ -46.540058, -9.549749 ], [ -46.556867, -9.538614 ], [ -46.557615, -9.533766 ], [ -46.575267, -9.517136 ], [ -46.575361, -9.507838 ], [ -46.558776, -9.49258 ], [ -46.560554, -9.483621 ], [ -46.572834, -9.477349 ], [ -46.593555, -9.482277 ], [ -46.600058, -9.470043 ], [ -46.613033, -9.464869 ], [ -46.627169, -9.465311 ], [ -46.639583, -9.457309 ], [ -46.649142, -9.443679 ], [ -46.647502, -9.426733 ], [ -46.643335, -9.419203 ], [ -46.632362, -9.411176 ], [ -46.651162, -9.405655 ], [ -46.665553, -9.391507 ], [ -46.674501, -9.390373 ], [ -46.695805, -9.398176 ], [ -46.722889, -9.395953 ], [ -46.737527, -9.40444 ], [ -46.740613, -9.41161 ], [ -46.745605, -9.413982 ], [ -46.760683, -9.409752 ], [ -46.76553, -9.401484 ], [ -46.758251, -9.380806 ], [ -46.767892, -9.365093 ], [ -46.779248, -9.358089 ], [ -46.782916, -9.350677 ], [ -46.798748, -9.338431 ], [ -46.807715, -9.3213 ], [ -46.812858, -9.304351 ], [ -46.818328, -9.303027 ], [ -46.834889, -9.307808 ], [ -46.841833, -9.304035 ], [ -46.84664, -9.292011 ], [ -46.844221, -9.283763 ], [ -46.832308, -9.27918 ], [ -46.831328, -9.268312 ], [ -46.822337, -9.265914 ], [ -46.818522, -9.259647 ], [ -46.828471, -9.239679 ], [ -46.826443, -9.222916 ], [ -46.818949, -9.208941 ], [ -46.827389, -9.193859 ], [ -46.838863, -9.197175 ], [ -46.850282, -9.191429 ], [ -46.851944, -9.185726 ], [ -46.847387, -9.1676 ], [ -46.851997, -9.154039 ], [ -46.860694, -9.146013 ], [ -46.891251, -9.140083 ], [ -46.888359, -9.128296 ], [ -46.893134, -9.121892 ], [ -46.898397, -9.125328 ], [ -46.906311, -9.135079 ], [ -46.917253, -9.131683 ], [ -46.925885, -9.134534 ], [ -46.931379, -9.127656 ], [ -46.931058, -9.120379 ], [ -46.925773, -9.117233 ], [ -46.929833, -9.10557 ], [ -46.923135, -9.097479 ], [ -46.930165, -9.095254 ], [ -46.927888, -9.092167 ], [ -46.931114, -9.085479 ], [ -46.928672, -9.082928 ], [ -46.91855, -9.08678 ], [ -46.911726, -9.082315 ], [ -46.922915, -9.065253 ], [ -46.939864, -9.063332 ], [ -46.975502, -9.08132 ], [ -46.985097, -9.076139 ], [ -46.998278, -9.075985 ], [ -47.0, -9.081069 ], [ -47.006917, -9.081784 ], [ -47.013192, -9.077675 ], [ -47.009781, -9.06989 ], [ -47.02314, -9.075636 ], [ -47.03395, -9.069055 ], [ -47.04525, -9.068102 ], [ -47.047997, -9.0709 ], [ -47.068309, -9.063466 ], [ -47.067566, -9.055603 ], [ -47.057303, -9.052545 ], [ -47.061306, -9.047724 ], [ -47.05383, -9.047756 ], [ -47.053667, -9.033342 ], [ -47.043059, -9.02614 ], [ -47.043584, -9.022501 ], [ -47.048334, -9.021395 ], [ -47.048197, -9.015239 ], [ -47.056056, -9.018463 ], [ -47.068076, -9.011613 ], [ -47.061666, -9.007284 ], [ -47.043608, -9.006458 ], [ -47.03845, -9.000547 ], [ -47.031999, -8.98587 ], [ -47.035276, -8.978534 ], [ -47.031364, -8.979526 ], [ -47.031365, -8.987958 ], [ -47.021137, -8.988232 ], [ -47.021137, -8.980071 ], [ -47.014945, -8.975908 ], [ -47.012755, -8.966394 ], [ -47.017855, -8.952527 ], [ -47.012586, -8.951899 ], [ -47.010831, -8.946197 ], [ -46.994253, -8.945118 ], [ -46.996636, -8.932225 ], [ -46.9835, -8.931494 ], [ -46.981966, -8.919564 ], [ -46.969865, -8.914083 ], [ -46.975198, -8.902628 ], [ -46.982365, -8.902531 ], [ -46.985974, -8.898317 ], [ -46.98372, -8.894449 ], [ -46.988521, -8.892211 ], [ -46.985645, -8.887986 ], [ -46.993165, -8.879832 ], [ -46.97769, -8.867361 ], [ -46.965137, -8.86726 ], [ -46.959304, -8.875042 ], [ -46.956467, -8.874081 ], [ -46.941134, -8.859072 ], [ -46.917723, -8.856587 ], [ -46.913028, -8.847418 ], [ -46.917891, -8.843268 ], [ -46.917664, -8.839288 ], [ -46.913859, -8.834812 ], [ -46.909387, -8.834868 ], [ -46.906862, -8.828017 ], [ -46.913253, -8.822412 ], [ -46.902383, -8.814128 ], [ -46.906138, -8.796149 ], [ -46.90253, -8.791754 ], [ -46.903807, -8.778152 ], [ -46.906945, -8.770756 ], [ -46.910858, -8.768365 ], [ -46.909168, -8.764125 ], [ -46.916889, -8.762034 ], [ -46.917525, -8.750878 ], [ -46.924444, -8.743814 ], [ -46.930821, -8.726179 ], [ -46.928174, -8.723014 ], [ -46.922138, -8.727268 ], [ -46.916834, -8.725704 ], [ -46.913612, -8.722037 ], [ -46.913944, -8.708176 ], [ -46.900197, -8.694045 ], [ -46.890333, -8.690827 ], [ -46.886526, -8.686083 ], [ -46.888751, -8.669382 ], [ -46.895809, -8.664856 ], [ -46.895273, -8.659334 ], [ -46.903472, -8.661305 ], [ -46.902195, -8.65281 ], [ -46.905753, -8.653935 ], [ -46.915971, -8.648001 ], [ -46.911272, -8.639279 ], [ -46.916671, -8.632505 ], [ -46.911471, -8.62641 ], [ -46.911472, -8.618991 ], [ -46.906833, -8.619305 ], [ -46.907473, -8.613604 ], [ -46.904612, -8.615998 ], [ -46.901475, -8.612782 ], [ -46.904944, -8.608384 ], [ -46.89736, -8.605859 ], [ -46.903443, -8.603698 ], [ -46.897305, -8.60061 ], [ -46.900536, -8.59703 ], [ -46.905834, -8.595332 ], [ -46.90936, -8.598181 ], [ -46.910136, -8.595183 ], [ -46.915976, -8.595371 ], [ -46.912277, -8.591438 ], [ -46.913946, -8.586711 ], [ -46.906113, -8.592252 ], [ -46.900192, -8.591872 ], [ -46.898751, -8.587995 ], [ -46.901833, -8.585869 ], [ -46.897144, -8.583036 ], [ -46.897415, -8.576331 ], [ -46.893166, -8.578018 ], [ -46.892613, -8.570148 ], [ -46.888614, -8.576536 ], [ -46.88292, -8.566383 ], [ -46.878338, -8.572117 ], [ -46.878251, -8.565173 ], [ -46.874363, -8.567119 ], [ -46.876499, -8.563111 ], [ -46.872473, -8.562347 ], [ -46.87503, -8.554893 ], [ -46.86242, -8.558681 ], [ -46.857867, -8.551131 ], [ -46.859676, -8.544933 ], [ -46.853933, -8.54472 ], [ -46.851665, -8.536629 ], [ -46.845608, -8.533173 ], [ -46.846217, -8.531717 ], [ -46.850413, -8.525415 ], [ -46.842929, -8.522448 ], [ -46.85174, -8.515506 ], [ -46.846505, -8.51052 ], [ -46.850581, -8.50331 ], [ -46.845919, -8.501012 ], [ -46.84675, -8.493044 ], [ -46.850616, -8.489267 ], [ -46.848477, -8.487571 ], [ -46.850665, -8.475752 ], [ -46.840698, -8.473095 ], [ -46.841392, -8.465483 ], [ -46.83471, -8.468653 ], [ -46.831908, -8.464549 ], [ -46.828028, -8.472476 ], [ -46.823061, -8.474091 ], [ -46.820365, -8.465071 ], [ -46.81511, -8.469949 ], [ -46.79614, -8.446224 ], [ -46.801554, -8.4436 ], [ -46.795058, -8.429564 ], [ -46.799187, -8.422315 ], [ -46.798301, -8.412359 ], [ -46.806413, -8.398566 ], [ -46.79458, -8.404453 ], [ -46.786595, -8.398694 ], [ -46.785308, -8.394963 ], [ -46.791305, -8.385745 ], [ -46.786231, -8.381832 ], [ -46.786108, -8.37404 ], [ -46.782011, -8.367679 ], [ -46.776469, -8.368027 ], [ -46.760793, -8.378034 ], [ -46.75225, -8.373733 ], [ -46.740277, -8.376549 ], [ -46.733946, -8.384983 ], [ -46.72623, -8.382736 ], [ -46.721227, -8.36812 ], [ -46.712309, -8.362001 ], [ -46.706389, -8.351127 ], [ -46.685001, -8.344096 ], [ -46.677859, -8.336137 ], [ -46.659246, -8.332698 ], [ -46.640887, -8.321095 ], [ -46.630298, -8.318354 ], [ -46.615153, -8.327062 ], [ -46.60639, -8.32803 ], [ -46.590183, -8.327813 ], [ -46.576915, -8.321931 ], [ -46.558392, -8.324836 ], [ -46.543247, -8.318517 ], [ -46.533444, -8.300174 ], [ -46.522053, -8.293171 ], [ -46.50717, -8.270365 ], [ -46.50869, -8.236995 ], [ -46.502079, -8.219762 ], [ -46.48955, -8.20749 ], [ -46.487142, -8.199506 ], [ -46.498104, -8.184964 ], [ -46.508352, -8.183173 ], [ -46.514247, -8.17553 ], [ -46.514217, -8.166195 ], [ -46.50817, -8.157124 ], [ -46.491552, -8.115226 ], [ -46.488748, -8.09732 ], [ -46.481969, -8.087968 ], [ -46.469997, -8.084339 ], [ -46.466516, -8.073894 ], [ -46.466198, -8.065791 ], [ -46.477181, -8.052734 ], [ -46.479353, -8.042385 ], [ -46.476544, -8.011813 ], [ -46.485971, -8.002703 ], [ -46.485359, -7.994843 ], [ -46.48989, -7.98284 ], [ -46.518308, -7.958674 ], [ -46.543404, -7.948288 ], [ -46.549035, -7.949099 ], [ -46.557308, -7.938258 ], [ -46.557701, -7.925728 ], [ -46.561968, -7.920131 ], [ -46.57189, -7.914047 ], [ -46.575614, -7.915866 ], [ -46.580974, -7.908073 ], [ -46.590421, -7.905817 ], [ -46.596613, -7.89894 ], [ -46.614336, -7.896402 ], [ -46.630891, -7.898331 ], [ -46.640341, -7.906129 ], [ -46.650217, -7.90849 ], [ -46.65649, -7.903595 ], [ -46.660144, -7.90016 ], [ -46.667744, -7.903687 ], [ -46.672812, -7.914033 ], [ -46.685028, -7.912317 ], [ -46.696581, -7.916402 ], [ -46.708032, -7.909524 ], [ -46.712609, -7.91375 ], [ -46.721665, -7.914516 ], [ -46.726112, -7.923124 ], [ -46.732441, -7.918528 ], [ -46.737043, -7.924121 ], [ -46.741579, -7.922513 ], [ -46.746285, -7.926299 ], [ -46.755752, -7.921959 ], [ -46.762916, -7.938365 ], [ -46.767001, -7.938276 ], [ -46.767847, -7.935205 ], [ -46.773445, -7.94271 ], [ -46.781365, -7.944663 ], [ -46.782998, -7.950961 ], [ -46.786173, -7.951421 ], [ -46.788805, -7.946709 ], [ -46.791925, -7.95296 ], [ -46.799729, -7.955021 ], [ -46.801607, -7.949549 ], [ -46.806112, -7.950805 ], [ -46.809369, -7.951879 ], [ -46.824, -7.959001 ] ], [ [ -46.950419, -5.582125 ], [ -46.952457, -5.578146 ], [ -46.95042, -5.582125 ], [ -46.950419, -5.582125 ] ], [ [ -45.794583, -6.236895 ], [ -45.790076, -6.242761 ], [ -45.794582, -6.236895 ], [ -45.794583, -6.236895 ] ] ] } },
{ "type": "Feature", "properties": { "MACRO_ID": "2110", "MACRO_NAME": "Macrorregião Norte", "id": "210015", "name": "Água Doce do Maranhão", "description": "Água Doce do Maranhão", "MUN_ID": "210015", "UF": "MA", "HREG_ID": "21006", "HREG_NAME": "Chapadinha" }, "geometry": { "type": "MultiPolygon", "coordinates": [ [ [ [ -45.783011, -4.795257 ], [ -45.796481, -4.788322 ], [ -45.807941, -4.78901 ], [ -45.82481, -4.772113 ], [ -45.844323, -4.767421 ], [ -45.845396, -4.757236 ], [ -45.854323, -4.749886 ], [ -45.865751, -4.745389 ], [ -45.898791, -4.720401 ], [ -45.906378, -4.719062 ], [ -45.909063, -4.713982 ], [ -45.916324, -4.715216 ], [ -45.925123, -4.700191 ], [ -45.936094, -4.699635 ], [ -45.938778, -4.693305 ], [ -45.954725, -4.67504 ], [ -45.958982, -4.680867 ], [ -45.957817, -4.693522 ], [ -45.966563, -4.719036 ], [ -45.979271, -4.730087 ], [ -45.987663, -4.730401 ], [ -45.992373, -4.713815 ], [ -46.000324, -4.707594 ], [ -46.007582, -4.706828 ], [ -46.028639, -4.736896 ], [ -46.034433, -4.751608 ], [ -46.03601, -4.764622 ], [ -46.030378, -4.779424 ], [ -46.031957, -4.796021 ], [ -46.027948, -4.804471 ], [ -46.026755, -4.836447 ], [ -46.016959, -4.853324 ], [ -46.08898, -4.854236 ], [ -46.091525, -4.840159 ], [ -46.102264, -4.831604 ], [ -46.105228, -4.811081 ], [ -46.110041, -4.809138 ], [ -46.114679, -4.800055 ], [ -46.130246, -4.797826 ], [ -46.131569, -4.789821 ], [ -46.150965, -4.779757 ], [ -46.201374, -4.752108 ], [ -46.213745, -4.696398 ], [ -46.228298, -4.625763 ], [ -46.227629, -4.623109 ], [ -46.209362, -4.623289 ], [ -46.177636, -4.599883 ], [ -46.158691, -4.560116 ], [ -46.165287, -4.550122 ], [ -46.192786, -4.511348 ], [ -46.202667, -4.471264 ], [ -46.216834, -4.469469 ], [ -46.232516, -4.444952 ], [ -46.227178, -4.418805 ], [ -46.229556, -4.402205 ], [ -46.222975, -4.390149 ], [ -46.226809, -4.384504 ], [ -46.240523, -4.373399 ], [ -46.245783, -4.358888 ], [ -46.262469, -4.312071 ], [ -46.249505, -4.317193 ], [ -46.25368, -4.311524 ], [ -46.278787, -4.297292 ], [ -46.294805, -4.269804 ], [ -46.298699, -4.243395 ], [ -46.282505, -4.224934 ], [ -46.28198, -4.215485 ], [ -46.287771, -4.206028 ], [ -46.283495, -4.173794 ], [ -46.281089, -4.167664 ], [ -46.274731, -4.163478 ], [ -46.275773, -4.15703 ], [ -46.266097, -4.135349 ], [ -46.26707, -4.128629 ], [ -46.260788, -4.127581 ], [ -46.261526, -4.123349 ], [ -46.252753, -4.114016 ], [ -46.250499, -4.106584 ], [ -46.238421, -4.089377 ], [ -46.232577, -4.086658 ], [ -46.227802, -4.073019 ], [ -46.212421, -4.049164 ], [ -46.211865, -4.040499 ], [ -46.217273, -4.024867 ], [ -46.220899, -4.019098 ], [ -46.225446, -4.018409 ], [ -46.225331, -4.009727 ], [ -46.243192, -4.001466 ], [ -46.244253, -3.992155 ], [ -46.248207, -3.987901 ], [ -46.257134, -3.992297 ], [ -46.261899, -3.98852 ], [ -46.268707, -3.989211 ], [ -46.273199, -3.992675 ], [ -46.276791, -4.004115 ], [ -46.295268, -4.021584 ], [ -46.319306, -4.040054 ], [ -46.341754, -4.049704 ], [ -46.358408, -4.063149 ], [ -46.374078, -4.078224 ], [ -46.384892, -4.101267 ], [ -46.413768, -4.119429 ], [ -46.434634, -4.132449 ], [ -46.447044, -4.163148 ], [ -46.480524, -4.194628 ], [ -46.488554, -4.205548 ], [ -46.499931, -4.210944 ], [ -46.500683, -4.218567 ], [ -46.514997, -4.227967 ], [ -46.523226, -4.230906 ], [ -46.532325, -4.240217 ], [ -46.531486, -4.253707 ], [ -46.538562, -4.268866 ], [ -46.550875, -4.276488 ], [ -46.554021, -4.273291 ], [ -46.556867, -4.27485 ], [ -46.559911, -4.283214 ], [ -46.568505, -4.284461 ], [ -46.587876, -4.297848 ], [ -46.592225, -4.309003 ], [ -46.609912, -4.315768 ], [ -46.632136, -4.33402 ], [ -46.642025, -4.334483 ], [ -46.650473, -4.341475 ], [ -46.678681, -4.341746 ], [ -46.682785, -4.352811 ], [ -46.686519, -4.351582 ], [ -46.687765, -4.35585 ], [ -46.701261, -4.357416 ], [ -46.713738, -4.367595 ], [ -46.721246, -4.374099 ], [ -46.732175, -4.372667 ], [ -46.731647, -4.377151 ], [ -46.737895, -4.381113 ], [ -46.749128, -4.377036 ], [ -46.755835, -4.379347 ], [ -46.767214, -4.371817 ], [ -46.77977, -4.373663 ], [ -46.783784, -4.377254 ], [ -46.801565, -4.373837 ], [ -46.805806, -4.377349 ], [ -46.807343, -4.375095 ], [ -46.828453, -4.379398 ], [ -46.833453, -4.377241 ], [ -46.83714, -4.37948 ], [ -46.843312, -4.396324 ], [ -46.873487, -4.430558 ], [ -46.885643, -4.425492 ], [ -46.893272, -4.428885 ], [ -46.90595, -4.428453 ], [ -46.915026, -4.436912 ], [ -46.93259, -4.44379 ], [ -46.937175, -4.432283 ], [ -46.948821, -4.434152 ], [ -46.965682, -4.424489 ], [ -46.978645, -4.425548 ], [ -46.982629, -4.422253 ], [ -46.998953, -4.426813 ], [ -47.016613, -4.419557 ], [ -47.020412, -4.405782 ], [ -47.028278, -4.398771 ], [ -47.031444, -4.387777 ], [ -47.038904, -4.383089 ], [ -47.042612, -4.375671 ], [ -47.059366, -4.366306 ], [ -47.06267, -4.344333 ], [ -47.069748, -4.339602 ], [ -47.073169, -4.323405 ], [ -47.087513, -4.308141 ], [ -47.087836, -4.30293 ], [ -47.082064, -4.294132 ], [ -47.082921, -4.283975 ], [ -47.072421, -4.27364 ], [ -47.068839, -4.263077 ], [ -47.072319, -4.236253 ], [ -47.029265, -4.220084 ], [ -47.020137, -4.200913 ], [ -47.012497, -4.19291 ], [ -47.009774, -4.174314 ], [ -46.988981, -4.14683 ], [ -46.963961, -4.112346 ], [ -46.961231, -4.10348 ], [ -46.962743, -4.092658 ], [ -46.957104, -4.086538 ], [ -46.948065, -4.080279 ], [ -46.926684, -4.086271 ], [ -46.915322, -4.076369 ], [ -46.917351, -4.065506 ], [ -46.911838, -4.059185 ], [ -46.91183, -4.038928 ], [ -46.916218, -4.027026 ], [ -46.91508, -4.021634 ], [ -46.91912, -4.01646 ], [ -46.917795, -3.998474 ], [ -46.935723, -3.960615 ], [ -46.934333, -3.949014 ], [ -46.944616, -3.923121 ], [ -46.942738, -3.915996 ], [ -46.946359, -3.914705 ], [ -46.939519, -3.90144 ], [ -46.941762, -3.897962 ], [ -46.935945, -3.881856 ], [ -46.937059, -3.872519 ], [ -46.955416, -3.81092 ], [ -46.952446, -3.809667 ], [ -46.955086, -3.806962 ], [ -46.952239, -3.79717 ], [ -46.956257, -3.79508 ], [ -46.95961, -3.784568 ], [ -46.961836, -3.78542 ], [ -46.963412, -3.775613 ], [ -46.970839, -3.767849 ], [ -46.973324, -3.750109 ], [ -46.979698, -3.742055 ], [ -46.976146, -3.739169 ], [ -46.977458, -3.735307 ], [ -46.982695, -3.734975 ], [ -46.985146, -3.725724 ], [ -46.994962, -3.716886 ], [ -47.000188, -3.703516 ], [ -47.021537, -3.689957 ], [ -47.028932, -3.680775 ], [ -47.029405, -3.674596 ], [ -47.025048, -3.671958 ], [ -47.028717, -3.662649 ], [ -47.025126, -3.660142 ], [ -47.032604, -3.643044 ], [ -47.02513, -3.638512 ], [ -47.027339, -3.628703 ], [ -47.022977, -3.625782 ], [ -47.028408, -3.62102 ], [ -47.024463, -3.618705 ], [ -47.024558, -3.61436 ], [ -47.02994, -3.610606 ], [ -47.026045, -3.607078 ], [ -47.03017, -3.604239 ], [ -47.031688, -3.59974 ], [ -47.02701, -3.59844 ], [ -47.040824, -3.5892 ], [ -47.031547, -3.587679 ], [ -47.034261, -3.584783 ], [ -47.026817, -3.580561 ], [ -47.028345, -3.578091 ], [ -47.030496, -3.580244 ], [ -47.035192, -3.57272 ], [ -47.039103, -3.573252 ], [ -47.033573, -3.568332 ], [ -47.037832, -3.563926 ], [ -47.037045, -3.560963 ], [ -47.030144, -3.559823 ], [ -47.018046, -3.565168 ], [ -47.015856, -3.562667 ], [ -47.01774, -3.547558 ], [ -47.01329, -3.545564 ], [ -47.009731, -3.548308 ], [ -47.003586, -3.541693 ], [ -47.003032, -3.533603 ], [ -46.996096, -3.539375 ], [ -46.98894, -3.531423 ], [ -46.976883, -3.530013 ], [ -46.97961, -3.518548 ], [ -46.969841, -3.514551 ], [ -46.977156, -3.504128 ], [ -46.977472, -3.49853 ], [ -46.982312, -3.495359 ], [ -46.966254, -3.490585 ], [ -46.966784, -3.493482 ], [ -46.963636, -3.491381 ], [ -46.961552, -3.497313 ], [ -46.959517, -3.495276 ], [ -46.959635, -3.488952 ], [ -46.968969, -3.473192 ], [ -46.957439, -3.472426 ], [ -46.953779, -3.476385 ], [ -46.947556, -3.476069 ], [ -46.948845, -3.465923 ], [ -46.955647, -3.461299 ], [ -46.950332, -3.456239 ], [ -46.947063, -3.459407 ], [ -46.951231, -3.447807 ], [ -46.947367, -3.448013 ], [ -46.946456, -3.451571 ], [ -46.9416, -3.446575 ], [ -46.947673, -3.437541 ], [ -46.955926, -3.437128 ], [ -46.953033, -3.431602 ], [ -46.956033, -3.425536 ], [ -46.95439, -3.422708 ], [ -46.947185, -3.423118 ], [ -46.948097, -3.42035 ], [ -46.939648, -3.420301 ], [ -46.941869, -3.417266 ], [ -46.939897, -3.414241 ], [ -46.948463, -3.406519 ], [ -46.94425, -3.396516 ], [ -46.948565, -3.392292 ], [ -46.944827, -3.389995 ], [ -46.942085, -3.394478 ], [ -46.938552, -3.396461 ], [ -46.937891, -3.394224 ], [ -46.937345, -3.38237 ], [ -46.944213, -3.377811 ], [ -46.937914, -3.372292 ], [ -46.93792, -3.375322 ], [ -46.930123, -3.373427 ], [ -46.927247, -3.376726 ], [ -46.92292, -3.374231 ], [ -46.921075, -3.36923 ], [ -46.924406, -3.364416 ], [ -46.916286, -3.364695 ], [ -46.917196, -3.361269 ], [ -46.911957, -3.361673 ], [ -46.910071, -3.368593 ], [ -46.905483, -3.367154 ], [ -46.903377, -3.362284 ], [ -46.90704, -3.358983 ], [ -46.899892, -3.354847 ], [ -46.897409, -3.35775 ], [ -46.899097, -3.350107 ], [ -46.901912, -3.349377 ], [ -46.889847, -3.342024 ], [ -46.889047, -3.335176 ], [ -46.877073, -3.341193 ], [ -46.878784, -3.345141 ], [ -46.87538, -3.346202 ], [ -46.871897, -3.34061 ], [ -46.867836, -3.340091 ], [ -46.865597, -3.333904 ], [ -46.869647, -3.327837 ], [ -46.873184, -3.328225 ], [ -46.870232, -3.325795 ], [ -46.864607, -3.32923 ], [ -46.857229, -3.341823 ], [ -46.848046, -3.335254 ], [ -46.85131, -3.329057 ], [ -46.849258, -3.318062 ], [ -46.839576, -3.323744 ], [ -46.829794, -3.31105 ], [ -46.821543, -3.312515 ], [ -46.812957, -3.309171 ], [ -46.812155, -3.300478 ], [ -46.825577, -3.296962 ], [ -46.810106, -3.289877 ], [ -46.808195, -3.28336 ], [ -46.819052, -3.274778 ], [ -46.819307, -3.270958 ], [ -46.814257, -3.267212 ], [ -46.810204, -3.271961 ], [ -46.80181, -3.266049 ], [ -46.805767, -3.244108 ], [ -46.796131, -3.239186 ], [ -46.784772, -3.24624 ], [ -46.778449, -3.240666 ], [ -46.777317, -3.229537 ], [ -46.781495, -3.221889 ], [ -46.777949, -3.21623 ], [ -46.762158, -3.212109 ], [ -46.757977, -3.217911 ], [ -46.75437, -3.215348 ], [ -46.756585, -3.208363 ], [ -46.770721, -3.202147 ], [ -46.769863, -3.199054 ], [ -46.756756, -3.193806 ], [ -46.759232, -3.186028 ], [ -46.771463, -3.176852 ], [ -46.761248, -3.177659 ], [ -46.751508, -3.188677 ], [ -46.743633, -3.179206 ], [ -46.748391, -3.16543 ], [ -46.730452, -3.161038 ], [ -46.726576, -3.161186 ], [ -46.719229, -3.153557 ], [ -46.729102, -3.144385 ], [ -46.727374, -3.129633 ], [ -46.730382, -3.126203 ], [ -46.735568, -3.133638 ], [ -46.743824, -3.136127 ], [ -46.748845, -3.123143 ], [ -46.7474, -3.12051 ], [ -46.739675, -3.122499 ], [ -46.734564, -3.120005 ], [ -46.730377, -3.123437 ], [ -46.720726, -3.108368 ], [ -46.711633, -3.11385 ], [ -46.71558, -3.125042 ], [ -46.708379, -3.126898 ], [ -46.702275, -3.118411 ], [ -46.706306, -3.099565 ], [ -46.687761, -3.092548 ], [ -46.680823, -3.095061 ], [ -46.675385, -3.093291 ], [ -46.681773, -3.074837 ], [ -46.672393, -3.065169 ], [ -46.676629, -3.051527 ], [ -46.676469, -3.032688 ], [ -46.667234, -3.031583 ], [ -46.671268, -3.014055 ], [ -46.660353, -3.011379 ], [ -46.658884, -3.009397 ], [ -46.671448, -3.004239 ], [ -46.672951, -2.9999 ], [ -46.668809, -2.992829 ], [ -46.651668, -2.996149 ], [ -46.649418, -2.993813 ], [ -46.648616, -2.983176 ], [ -46.651665, -2.978819 ], [ -46.661615, -2.976347 ], [ -46.661451, -2.972776 ], [ -46.647525, -2.971375 ], [ -46.64762, -2.961329 ], [ -46.655303, -2.95546 ], [ -46.665865, -2.953933 ], [ -46.671254, -2.946755 ], [ -46.666866, -2.93571 ], [ -46.65339, -2.930688 ], [ -46.656004, -2.922849 ], [ -46.662755, -2.916343 ], [ -46.665196, -2.905246 ], [ -46.662146, -2.903926 ], [ -46.672203, -2.892364 ], [ -46.680281, -2.892113 ], [ -46.679233, -2.881365 ], [ -46.673725, -2.87841 ], [ -46.66822, -2.875456 ], [ -46.652258, -2.878431 ], [ -46.645387, -2.883501 ], [ -46.637172, -2.88285 ], [ -46.641842, -2.878017 ], [ -46.635663, -2.875673 ], [ -46.633736, -2.869763 ], [ -46.639073, -2.870178 ], [ -46.640923, -2.863962 ], [ -46.635882, -2.860711 ], [ -46.634753, -2.867529 ], [ -46.629114, -2.865487 ], [ -46.631446, -2.861924 ], [ -46.629283, -2.858186 ], [ -46.639772, -2.855819 ], [ -46.640487, -2.852439 ], [ -46.636248, -2.850828 ], [ -46.621812, -2.858207 ], [ -46.617696, -2.858908 ], [ -46.614608, -2.855012 ], [ -46.611925, -2.857102 ], [ -46.610164, -2.845117 ], [ -46.614115, -2.836684 ], [ -46.618115, -2.835534 ], [ -46.613523, -2.828586 ], [ -46.600397, -2.83406 ], [ -46.587477, -2.844577 ], [ -46.581418, -2.839884 ], [ -46.575393, -2.841021 ], [ -46.583835, -2.833574 ], [ -46.580644, -2.830069 ], [ -46.582562, -2.827182 ], [ -46.590115, -2.831418 ], [ -46.593918, -2.824842 ], [ -46.589028, -2.822765 ], [ -46.590005, -2.817714 ], [ -46.592727, -2.815346 ], [ -46.596646, -2.817245 ], [ -46.600164, -2.81273 ], [ -46.598556, -2.795319 ], [ -46.601926, -2.788829 ], [ -46.607343, -2.788369 ], [ -46.611005, -2.799477 ], [ -46.622394, -2.804805 ], [ -46.626976, -2.804062 ], [ -46.636226, -2.793313 ], [ -46.637371, -2.781209 ], [ -46.631526, -2.766751 ], [ -46.635499, -2.7542 ], [ -46.639867, -2.750155 ], [ -46.645021, -2.75724 ], [ -46.650449, -2.756588 ], [ -46.65664, -2.738507 ], [ -46.652555, -2.735879 ], [ -46.652444, -2.729071 ], [ -46.667668, -2.733658 ], [ -46.669811, -2.730406 ], [ -46.666, -2.72432 ], [ -46.671477, -2.710646 ], [ -46.663531, -2.693832 ], [ -46.646556, -2.688698 ], [ -46.650311, -2.681752 ], [ -46.648584, -2.678773 ], [ -46.635581, -2.686057 ], [ -46.632613, -2.681635 ], [ -46.633357, -2.672743 ], [ -46.620701, -2.667761 ], [ -46.618224, -2.657843 ], [ -46.621504, -2.644158 ], [ -46.610702, -2.643446 ], [ -46.605559, -2.638763 ], [ -46.593334, -2.665005 ], [ -46.58892, -2.659826 ], [ -46.584367, -2.63661 ], [ -46.574361, -2.628398 ], [ -46.563311, -2.626638 ], [ -46.554755, -2.630399 ], [ -46.539946, -2.622437 ], [ -46.507839, -2.617098 ], [ -46.50459, -2.61455 ], [ -46.508804, -2.5891 ], [ -46.499723, -2.578428 ], [ -46.490418, -2.581056 ], [ -46.486827, -2.569296 ], [ -46.489369, -2.562317 ], [ -46.501441, -2.555634 ], [ -46.499905, -2.548371 ], [ -46.493912, -2.536141 ], [ -46.487514, -2.532236 ], [ -46.483895, -2.53337 ], [ -46.480747, -2.542475 ], [ -46.47266, -2.544515 ], [ -46.418286, -2.527592 ], [ -46.417829, -2.524203 ], [ -46.435774, -2.512249 ], [ -46.435918, -2.506207 ], [ -46.428208, -2.493101 ], [ -46.439358, -2.478208 ], [ -46.436088, -2.47028 ], [ -46.431492, -2.459945 ], [ -46.43632, -2.458761 ], [ -46.439326, -2.448002 ], [ -46.437482, -2.441241 ], [ -46.439712, -2.41244 ], [ -46.4266, -2.399244 ], [ -46.419491, -2.382601 ], [ -46.407103, -2.368321 ], [ -46.411321, -2.360949 ], [ -46.425504, -2.360492 ], [ -46.443782, -2.379628 ], [ -46.455555, -2.383742 ], [ -46.465351, -2.37327 ], [ -46.465497, -2.368997 ], [ -46.460508, -2.359572 ], [ -46.429096, -2.331314 ], [ -46.430274, -2.30258 ], [ -46.418796, -2.291099 ], [ -46.413656, -2.280052 ], [ -46.41364, -2.264581 ], [ -46.41635, -2.257948 ], [ -46.425847, -2.249835 ], [ -46.427798, -2.239371 ], [ -46.406517, -2.231877 ], [ -46.38994, -2.252226 ], [ -46.377419, -2.253123 ], [ -46.370767, -2.247605 ], [ -46.361257, -2.23354 ], [ -46.341787, -2.22678 ], [ -46.336342, -2.211313 ], [ -46.32939, -2.19791 ], [ -46.311872, -2.180391 ], [ -46.288025, -2.169242 ], [ -46.275493, -2.158348 ], [ -46.275038, -2.155843 ], [ -46.285296, -2.153658 ], [ -46.292433, -2.148282 ], [ -46.262553, -2.121089 ], [ -46.259054, -2.101408 ], [ -46.259545, -2.093388 ], [ -46.267248, -2.080502 ], [ -46.262763, -2.070299 ], [ -46.262253, -2.055962 ], [ -46.249444, -2.049965 ], [ -46.249123, -2.039386 ], [ -46.238895, -2.011117 ], [ -46.239849, -2.001777 ], [ -46.247395, -1.992384 ], [ -46.236226, -1.970885 ], [ -46.230303, -1.932939 ], [ -46.220038, -1.914454 ], [ -46.227163, -1.885946 ], [ -46.229776, -1.883388 ], [ -46.238331, -1.885741 ], [ -46.242153, -1.88338 ], [ -46.242861, -1.877532 ], [ -46.226839, -1.855281 ], [ -46.214858, -1.844477 ], [ -46.208208, -1.830526 ], [ -46.215443, -1.816564 ], [ -46.228916, -1.800239 ], [ -46.251347, -1.793737 ], [ -46.268753, -1.793726 ], [ -46.282541, -1.79863 ], [ -46.297529, -1.794295 ], [ -46.30659, -1.80392 ], [ -46.310716, -1.803524 ], [ -46.314736, -1.79959 ], [ -46.315227, -1.798489 ], [ -46.318855, -1.790348 ], [ -46.323565, -1.765185 ], [ -46.314285, -1.741297 ], [ -46.310876, -1.733192 ], [ -46.304682, -1.727372 ], [ -46.290752, -1.723058 ], [ -46.261292, -1.728384 ], [ -46.242329, -1.716903 ], [ -46.220665, -1.727723 ], [ -46.203715, -1.719286 ], [ -46.200438, -1.702784 ], [ -46.190745, -1.703615 ], [ -46.170064, -1.696024 ], [ -46.153259, -1.677271 ], [ -46.152798, -1.66116 ], [ -46.158475, -1.653494 ], [ -46.161418, -1.630248 ], [ -46.161337, -1.62848 ], [ -46.159849, -1.624116 ], [ -46.14427, -1.609216 ], [ -46.144333, -1.601229 ], [ -46.149642, -1.59491 ], [ -46.150006, -1.594491 ], [ -46.149192, -1.587626 ], [ -46.130873, -1.578195 ], [ -46.133156, -1.553237 ], [ -46.137341, -1.54452 ], [ -46.139286, -1.513952 ], [ -46.148779, -1.497702 ], [ -46.15637, -1.492197 ], [ -46.159441, -1.479722 ], [ -46.169125, -1.469994 ], [ -46.132764, -1.436959 ], [ -46.12943, -1.429076 ], [ -46.145858, -1.419153 ], [ -46.146773, -1.414931 ], [ -46.131119, -1.400035 ], [ -46.124345, -1.377427 ], [ -46.120565, -1.368718 ], [ -46.107056, -1.356331 ], [ -46.10351, -1.338796 ], [ -46.098189, -1.334496 ], [ -46.094859, -1.326768 ], [ -46.098788, -1.322926 ], [ -46.11464, -1.326119 ], [ -46.121188, -1.323813 ], [ -46.123021, -1.318948 ], [ -46.118691, -1.304486 ], [ -46.126024, -1.298594 ], [ -46.139779, -1.298972 ], [ -46.153521, -1.269143 ], [ -46.139628, -1.252766 ], [ -46.137004, -1.242528 ], [ -46.145512, -1.22678 ], [ -46.142043, -1.219068 ], [ -46.130105, -1.20635 ], [ -46.112357, -1.196458 ], [ -46.103744, -1.201727 ], [ -46.103177, -1.202073 ], [ -46.07667, -1.195888 ], [ -46.074627, -1.160644 ], [ -46.067559, -1.150035 ], [ -46.067883, -1.163922 ], [ -46.066009, -1.162114 ], [ -46.064288, -1.143922 ], [ -46.055943, -1.131228 ], [ -46.053073, -1.131269 ], [ -46.048889, -1.141866 ], [ -46.048652, -1.150532 ], [ -46.039811, -1.173608 ], [ -46.03698, -1.167024 ], [ -46.043631, -1.152959 ], [ -46.041792, -1.133324 ], [ -46.04565, -1.120786 ], [ -46.034655, -1.105475 ], [ -46.029962, -1.105848 ], [ -46.019056, -1.082377 ], [ -46.01611, -1.083141 ], [ -46.017503, -1.08882 ], [ -46.01432, -1.085253 ], [ -46.017618, -1.074559 ], [ -46.01512, -1.064791 ], [ -46.011246, -1.064643 ], [ -46.002132, -1.075277 ], [ -46.002377, -1.08454 ], [ -45.999062, -1.089253 ], [ -45.997493, -1.061236 ], [ -45.993526, -1.056266 ], [ -45.988982, -1.058533 ], [ -45.987511, -1.04726 ], [ -45.983618, -1.044767 ], [ -45.97712, -1.047891 ], [ -45.964543, -1.046241 ], [ -45.964575, -1.057183 ], [ -45.976253, -1.060855 ], [ -45.978863, -1.06662 ], [ -45.970282, -1.061789 ], [ -45.96458, -1.06749 ], [ -45.96224, -1.077216 ], [ -45.95699, -1.079614 ], [ -45.957898, -1.08477 ], [ -45.967233, -1.093997 ], [ -45.9715, -1.084081 ], [ -45.985745, -1.086038 ], [ -45.988239, -1.089804 ], [ -45.970519, -1.086975 ], [ -45.971435, -1.105708 ], [ -45.976269, -1.104643 ], [ -45.973929, -1.10908 ], [ -45.981638, -1.122105 ], [ -45.976197, -1.115773 ], [ -45.959198, -1.107323 ], [ -45.953247, -1.108345 ], [ -45.953193, -1.125901 ], [ -45.957344, -1.131319 ], [ -45.973811, -1.13238 ], [ -45.989788, -1.13773 ], [ -45.985007, -1.14654 ], [ -45.991465, -1.152323 ], [ -45.99395, -1.162061 ], [ -45.985582, -1.154627 ], [ -45.981942, -1.159092 ], [ -45.984636, -1.167153 ], [ -45.980791, -1.166331 ], [ -45.976887, -1.160857 ], [ -45.982209, -1.15313 ], [ -45.974912, -1.142672 ], [ -45.964598, -1.140676 ], [ -45.963082, -1.145525 ], [ -45.958103, -1.138937 ], [ -45.942267, -1.137864 ], [ -45.949335, -1.15235 ], [ -45.949764, -1.157283 ], [ -45.944539, -1.160766 ], [ -45.949931, -1.174856 ], [ -45.949099, -1.189871 ], [ -45.951835, -1.194461 ], [ -45.948714, -1.208467 ], [ -45.952691, -1.230246 ], [ -45.95633, -1.233403 ], [ -45.948068, -1.238271 ], [ -45.94166, -1.229149 ], [ -45.93287, -1.202462 ], [ -45.937348, -1.196778 ], [ -45.936741, -1.190908 ], [ -45.909011, -1.14216 ], [ -45.903202, -1.14775 ], [ -45.906811, -1.138667 ], [ -45.896959, -1.124986 ], [ -45.894632, -1.115703 ], [ -45.887102, -1.114342 ], [ -45.89049, -1.107205 ], [ -45.874977, -1.097306 ], [ -45.883643, -1.099217 ], [ -45.886313, -1.091752 ], [ -45.868704, -1.073062 ], [ -45.86064, -1.075513 ], [ -45.861949, -1.071137 ], [ -45.85761, -1.070384 ], [ -45.866046, -1.067943 ], [ -45.871161, -1.060817 ], [ -45.863766, -1.054321 ], [ -45.846615, -1.048679 ], [ -45.850572, -1.048285 ], [ -45.84617, -1.044135 ], [ -45.841037, -1.044256 ], [ -45.840578, -1.046618 ], [ -45.844131, -1.046506 ], [ -45.83793, -1.051962 ], [ -45.833621, -1.087567 ], [ -45.838671, -1.100815 ], [ -45.842952, -1.092827 ], [ -45.841661, -1.101445 ], [ -45.853881, -1.11519 ], [ -45.85153, -1.125408 ], [ -45.880345, -1.133687 ], [ -45.882335, -1.139449 ], [ -45.904782, -1.163213 ], [ -45.907987, -1.175235 ], [ -45.913658, -1.181505 ], [ -45.907843, -1.177268 ], [ -45.903777, -1.178307 ], [ -45.905067, -1.189861 ], [ -45.90776, -1.193583 ], [ -45.91392, -1.194971 ], [ -45.915497, -1.20042 ], [ -45.913033, -1.196095 ], [ -45.907667, -1.1939 ], [ -45.902119, -1.19163 ], [ -45.900255, -1.176294 ], [ -45.884497, -1.154591 ], [ -45.872892, -1.146036 ], [ -45.865201, -1.146576 ], [ -45.861362, -1.151183 ], [ -45.862655, -1.156614 ], [ -45.868925, -1.163664 ], [ -45.87208, -1.16321 ], [ -45.877094, -1.171621 ], [ -45.874668, -1.177743 ], [ -45.887527, -1.180328 ], [ -45.884637, -1.183435 ], [ -45.876826, -1.181921 ], [ -45.869129, -1.170981 ], [ -45.865125, -1.17184 ], [ -45.861887, -1.166651 ], [ -45.859684, -1.167653 ], [ -45.859116, -1.172856 ], [ -45.871422, -1.192305 ], [ -45.86079, -1.188216 ], [ -45.865322, -1.201606 ], [ -45.875004, -1.20715 ], [ -45.879106, -1.213471 ], [ -45.897358, -1.22177 ], [ -45.894244, -1.226673 ], [ -45.904458, -1.224129 ], [ -45.896116, -1.230301 ], [ -45.895265, -1.235023 ], [ -45.900421, -1.238996 ], [ -45.911854, -1.235305 ], [ -45.908087, -1.240128 ], [ -45.90227, -1.241286 ], [ -45.906622, -1.249677 ], [ -45.903059, -1.259616 ], [ -45.900641, -1.257636 ], [ -45.903801, -1.250131 ], [ -45.901407, -1.243834 ], [ -45.894118, -1.238932 ], [ -45.893393, -1.230598 ], [ -45.88621, -1.223272 ], [ -45.866873, -1.222205 ], [ -45.850091, -1.209016 ], [ -45.846246, -1.20992 ], [ -45.849633, -1.219192 ], [ -45.864567, -1.233359 ], [ -45.870673, -1.247518 ], [ -45.862742, -1.234982 ], [ -45.843399, -1.220363 ], [ -45.846473, -1.229678 ], [ -45.879835, -1.259744 ], [ -45.880341, -1.264416 ], [ -45.85609, -1.261526 ], [ -45.863354, -1.270516 ], [ -45.863784, -1.277372 ], [ -45.859781, -1.283607 ], [ -45.860699, -1.270259 ], [ -45.853049, -1.261615 ], [ -45.836776, -1.229961 ], [ -45.834388, -1.198608 ], [ -45.831024, -1.193384 ], [ -45.819391, -1.204274 ], [ -45.811843, -1.221184 ], [ -45.82254, -1.241352 ], [ -45.82299, -1.248607 ], [ -45.810111, -1.221357 ], [ -45.823158, -1.17922 ], [ -45.818597, -1.170158 ], [ -45.805671, -1.160777 ], [ -45.796211, -1.158975 ], [ -45.791278, -1.162615 ], [ -45.794114, -1.170012 ], [ -45.788186, -1.167639 ], [ -45.790472, -1.177205 ], [ -45.800854, -1.187223 ], [ -45.80364, -1.198797 ], [ -45.802697, -1.213576 ], [ -45.795183, -1.221739 ], [ -45.822554, -1.26597 ], [ -45.831611, -1.270114 ], [ -45.840137, -1.283176 ], [ -45.830208, -1.296341 ], [ -45.820314, -1.298524 ], [ -45.821778, -1.311857 ], [ -45.812553, -1.316472 ], [ -45.804721, -1.313244 ], [ -45.797116, -1.323436 ], [ -45.802313, -1.338298 ], [ -45.800764, -1.344076 ], [ -45.798188, -1.334375 ], [ -45.794786, -1.322267 ], [ -45.805011, -1.311337 ], [ -45.812219, -1.314648 ], [ -45.819904, -1.311059 ], [ -45.818421, -1.297156 ], [ -45.829356, -1.293901 ], [ -45.838123, -1.283475 ], [ -45.831287, -1.275255 ], [ -45.805993, -1.258905 ], [ -45.802971, -1.249993 ], [ -45.785702, -1.249431 ], [ -45.780208, -1.264744 ], [ -45.796771, -1.276294 ], [ -45.809872, -1.271361 ], [ -45.814518, -1.275827 ], [ -45.807768, -1.273563 ], [ -45.793919, -1.278624 ], [ -45.781939, -1.269713 ], [ -45.777044, -1.274727 ], [ -45.774574, -1.270469 ], [ -45.777772, -1.269127 ], [ -45.784381, -1.244081 ], [ -45.768694, -1.216663 ], [ -45.76753, -1.191823 ], [ -45.765464, -1.19027 ], [ -45.759325, -1.195082 ], [ -45.759327, -1.201551 ], [ -45.75633, -1.19874 ], [ -45.752163, -1.192284 ], [ -45.752945, -1.187363 ], [ -45.741463, -1.170691 ], [ -45.743493, -1.159762 ], [ -45.738175, -1.157559 ], [ -45.739769, -1.1508 ], [ -45.735577, -1.151431 ], [ -45.73252, -1.147028 ], [ -45.72904, -1.148961 ], [ -45.7307, -1.142836 ], [ -45.727406, -1.140224 ], [ -45.730762, -1.138502 ], [ -45.734864, -1.136396 ], [ -45.734667, -1.132301 ], [ -45.713938, -1.126753 ], [ -45.692565, -1.127369 ], [ -45.685508, -1.135463 ], [ -45.680991, -1.135995 ], [ -45.677825, -1.142415 ], [ -45.679291, -1.148146 ], [ -45.682499, -1.146448 ], [ -45.687292, -1.157614 ], [ -45.690226, -1.155565 ], [ -45.691067, -1.159757 ], [ -45.694626, -1.157986 ], [ -45.696212, -1.166313 ], [ -45.707615, -1.178813 ], [ -45.710588, -1.178576 ], [ -45.71986, -1.192197 ], [ -45.720879, -1.19897 ], [ -45.725202, -1.200289 ], [ -45.724715, -1.212635 ], [ -45.729603, -1.214602 ], [ -45.725246, -1.222499 ], [ -45.739114, -1.236138 ], [ -45.745587, -1.236983 ], [ -45.744162, -1.240943 ], [ -45.736962, -1.237872 ], [ -45.737469, -1.241184 ], [ -45.728826, -1.23059 ], [ -45.718717, -1.23128 ], [ -45.711504, -1.248276 ], [ -45.694381, -1.269229 ], [ -45.695108, -1.282716 ], [ -45.702093, -1.298643 ], [ -45.699143, -1.308389 ], [ -45.718524, -1.313444 ], [ -45.72367, -1.321023 ], [ -45.720992, -1.326595 ], [ -45.7285, -1.341908 ], [ -45.729621, -1.345868 ], [ -45.721077, -1.350182 ], [ -45.72657, -1.341616 ], [ -45.717903, -1.328564 ], [ -45.717528, -1.318545 ], [ -45.712952, -1.314095 ], [ -45.704485, -1.315535 ], [ -45.697619, -1.312839 ], [ -45.689172, -1.317607 ], [ -45.692129, -1.329005 ], [ -45.690116, -1.336942 ], [ -45.677582, -1.344407 ], [ -45.703172, -1.354356 ], [ -45.709027, -1.362159 ], [ -45.716861, -1.366099 ], [ -45.71975, -1.375235 ], [ -45.730167, -1.375265 ], [ -45.738734, -1.38111 ], [ -45.748706, -1.368378 ], [ -45.746958, -1.37259 ], [ -45.753936, -1.378281 ], [ -45.744745, -1.374748 ], [ -45.739637, -1.383068 ], [ -45.730562, -1.378228 ], [ -45.717849, -1.377382 ], [ -45.714151, -1.367454 ], [ -45.699999, -1.357856 ], [ -45.702452, -1.389446 ], [ -45.71929, -1.402916 ], [ -45.725309, -1.417003 ], [ -45.718054, -1.404404 ], [ -45.703466, -1.394155 ], [ -45.699222, -1.392368 ], [ -45.687595, -1.39736 ], [ -45.68576, -1.395674 ], [ -45.688844, -1.391402 ], [ -45.696763, -1.385892 ], [ -45.697648, -1.376332 ], [ -45.694317, -1.370724 ], [ -45.678526, -1.366705 ], [ -45.667223, -1.367601 ], [ -45.676504, -1.377848 ], [ -45.663407, -1.369002 ], [ -45.637634, -1.371832 ], [ -45.627449, -1.363732 ], [ -45.615359, -1.340703 ], [ -45.614238, -1.323421 ], [ -45.62087, -1.307668 ], [ -45.613593, -1.27806 ], [ -45.608534, -1.272357 ], [ -45.591364, -1.265069 ], [ -45.590047, -1.272699 ], [ -45.587743, -1.263629 ], [ -45.579761, -1.256901 ], [ -45.576767, -1.265456 ], [ -45.581306, -1.271148 ], [ -45.577335, -1.275881 ], [ -45.587326, -1.2942 ], [ -45.59855, -1.294662 ], [ -45.601269, -1.302661 ], [ -45.608451, -1.302635 ], [ -45.600105, -1.303734 ], [ -45.596562, -1.296589 ], [ -45.589805, -1.300095 ], [ -45.58871, -1.328197 ], [ -45.594806, -1.337881 ], [ -45.602626, -1.335273 ], [ -45.607794, -1.341758 ], [ -45.602966, -1.344379 ], [ -45.605368, -1.341331 ], [ -45.6027, -1.337566 ], [ -45.594882, -1.34045 ], [ -45.587749, -1.33287 ], [ -45.581332, -1.339888 ], [ -45.582071, -1.346273 ], [ -45.576142, -1.352021 ], [ -45.579642, -1.338944 ], [ -45.587011, -1.331171 ], [ -45.584581, -1.324897 ], [ -45.587768, -1.311859 ], [ -45.580583, -1.295409 ], [ -45.563569, -1.277762 ], [ -45.551967, -1.273781 ], [ -45.561918, -1.282534 ], [ -45.561381, -1.287304 ], [ -45.55434, -1.292867 ], [ -45.554391, -1.31848 ], [ -45.562867, -1.328539 ], [ -45.573933, -1.33126 ], [ -45.573577, -1.339767 ], [ -45.5706, -1.331551 ], [ -45.557031, -1.327618 ], [ -45.547237, -1.308137 ], [ -45.535023, -1.302534 ], [ -45.53095, -1.309605 ], [ -45.532634, -1.317828 ], [ -45.52944, -1.316214 ], [ -45.535777, -1.328044 ], [ -45.55036, -1.326389 ], [ -45.558195, -1.330142 ], [ -45.559976, -1.340863 ], [ -45.552273, -1.351263 ], [ -45.563433, -1.359749 ], [ -45.569242, -1.374753 ], [ -45.561434, -1.360884 ], [ -45.550063, -1.351214 ], [ -45.554124, -1.338035 ], [ -45.55175, -1.333257 ], [ -45.548077, -1.331412 ], [ -45.540828, -1.338375 ], [ -45.537039, -1.338139 ], [ -45.523144, -1.321893 ], [ -45.517409, -1.301031 ], [ -45.509035, -1.292467 ], [ -45.500972, -1.291668 ], [ -45.509077, -1.304588 ], [ -45.509585, -1.312357 ], [ -45.505481, -1.319931 ], [ -45.511151, -1.333567 ], [ -45.522864, -1.34096 ], [ -45.525674, -1.349187 ], [ -45.522464, -1.342737 ], [ -45.512195, -1.339235 ], [ -45.511429, -1.351716 ], [ -45.521931, -1.358104 ], [ -45.523132, -1.365515 ], [ -45.541258, -1.367523 ], [ -45.544213, -1.373088 ], [ -45.538743, -1.368937 ], [ -45.521232, -1.367389 ], [ -45.515927, -1.359929 ], [ -45.511256, -1.360785 ], [ -45.507368, -1.377603 ], [ -45.526759, -1.404004 ], [ -45.518511, -1.411736 ], [ -45.504507, -1.394594 ], [ -45.491557, -1.389172 ], [ -45.489844, -1.379994 ], [ -45.480143, -1.372994 ], [ -45.476373, -1.362213 ], [ -45.465896, -1.349622 ], [ -45.468374, -1.324653 ], [ -45.465209, -1.3194 ], [ -45.453592, -1.316737 ], [ -45.446954, -1.31899 ], [ -45.444355, -1.311957 ], [ -45.43773, -1.309475 ], [ -45.440074, -1.304768 ], [ -45.447114, -1.302329 ], [ -45.443285, -1.295857 ], [ -45.40975, -1.289281 ], [ -45.404224, -1.297211 ], [ -45.406359, -1.29955 ], [ -45.401751, -1.307344 ], [ -45.4048, -1.328609 ], [ -45.407886, -1.338668 ], [ -45.417631, -1.351519 ], [ -45.424394, -1.348517 ], [ -45.432132, -1.332304 ], [ -45.427537, -1.351008 ], [ -45.432699, -1.352508 ], [ -45.432428, -1.358401 ], [ -45.444577, -1.36505 ], [ -45.445228, -1.351426 ], [ -45.447938, -1.362529 ], [ -45.453325, -1.359993 ], [ -45.467243, -1.373093 ], [ -45.469624, -1.392463 ], [ -45.477092, -1.413462 ], [ -45.473229, -1.419403 ], [ -45.476097, -1.433832 ], [ -45.479121, -1.436188 ], [ -45.488075, -1.43123 ], [ -45.472897, -1.446414 ], [ -45.473131, -1.456163 ], [ -45.484381, -1.475026 ], [ -45.473984, -1.476579 ], [ -45.469827, -1.478302 ], [ -45.467358, -1.491609 ], [ -45.473222, -1.499468 ], [ -45.464404, -1.493301 ], [ -45.453068, -1.497875 ], [ -45.449868, -1.517131 ], [ -45.456511, -1.529716 ], [ -45.474301, -1.523106 ], [ -45.481284, -1.532905 ], [ -45.487256, -1.529961 ], [ -45.481551, -1.536474 ], [ -45.481738, -1.543332 ], [ -45.480258, -1.533845 ], [ -45.472217, -1.526176 ], [ -45.443186, -1.542714 ], [ -45.445176, -1.537829 ], [ -45.454148, -1.532911 ], [ -45.444525, -1.508782 ], [ -45.448448, -1.495402 ], [ -45.459037, -1.486664 ], [ -45.460155, -1.476863 ], [ -45.449452, -1.461649 ], [ -45.448066, -1.44853 ], [ -45.443057, -1.449438 ], [ -45.428608, -1.424736 ], [ -45.419198, -1.420262 ], [ -45.416646, -1.415096 ], [ -45.411688, -1.424114 ], [ -45.415843, -1.436669 ], [ -45.41597, -1.452983 ], [ -45.428304, -1.465034 ], [ -45.404811, -1.486894 ], [ -45.422783, -1.464254 ], [ -45.41244, -1.45433 ], [ -45.41264, -1.441866 ], [ -45.408424, -1.433726 ], [ -45.399733, -1.442558 ], [ -45.398893, -1.448946 ], [ -45.406157, -1.448789 ], [ -45.405724, -1.457681 ], [ -45.39647, -1.462754 ], [ -45.404727, -1.454204 ], [ -45.404181, -1.450229 ], [ -45.397745, -1.45239 ], [ -45.394462, -1.447168 ], [ -45.404086, -1.433887 ], [ -45.401882, -1.421753 ], [ -45.39352, -1.414486 ], [ -45.383969, -1.425089 ], [ -45.381006, -1.421557 ], [ -45.370477, -1.426192 ], [ -45.368573, -1.436359 ], [ -45.367464, -1.425993 ], [ -45.360013, -1.42776 ], [ -45.382529, -1.419489 ], [ -45.390625, -1.412166 ], [ -45.376448, -1.398468 ], [ -45.376762, -1.395138 ], [ -45.364775, -1.392063 ], [ -45.363167, -1.385942 ], [ -45.368947, -1.378457 ], [ -45.349297, -1.388513 ], [ -45.356489, -1.39254 ], [ -45.354853, -1.40031 ], [ -45.354428, -1.392827 ], [ -45.347969, -1.393683 ], [ -45.349161, -1.388453 ], [ -45.350629, -1.382012 ], [ -45.361638, -1.376968 ], [ -45.370033, -1.377824 ], [ -45.365955, -1.387278 ], [ -45.372576, -1.391197 ], [ -45.373085, -1.376633 ], [ -45.370078, -1.373031 ], [ -45.372754, -1.372819 ], [ -45.371235, -1.362526 ], [ -45.360721, -1.357411 ], [ -45.348962, -1.341398 ], [ -45.338935, -1.348635 ], [ -45.34797, -1.350117 ], [ -45.354167, -1.356564 ], [ -45.33877, -1.350966 ], [ -45.330727, -1.364047 ], [ -45.329404, -1.360928 ], [ -45.334139, -1.356932 ], [ -45.327642, -1.35242 ], [ -45.334124, -1.353631 ], [ -45.331867, -1.348394 ], [ -45.340212, -1.342761 ], [ -45.339534, -1.338674 ], [ -45.351066, -1.326592 ], [ -45.358899, -1.323261 ], [ -45.355063, -1.314149 ], [ -45.347198, -1.308064 ], [ -45.322404, -1.313766 ], [ -45.309627, -1.332059 ], [ -45.309612, -1.342927 ], [ -45.30668, -1.338055 ], [ -45.300516, -1.342989 ], [ -45.306742, -1.356883 ], [ -45.302699, -1.367846 ], [ -45.304552, -1.387857 ], [ -45.300538, -1.396426 ], [ -45.301227, -1.371479 ], [ -45.297091, -1.367514 ], [ -45.294445, -1.372993 ], [ -45.292586, -1.421252 ], [ -45.295715, -1.426125 ], [ -45.298196, -1.42428 ], [ -45.294782, -1.414259 ], [ -45.304118, -1.405962 ], [ -45.311396, -1.413561 ], [ -45.315471, -1.411411 ], [ -45.313366, -1.416921 ], [ -45.303457, -1.40899 ], [ -45.300947, -1.419768 ], [ -45.304121, -1.430698 ], [ -45.310331, -1.433512 ], [ -45.312829, -1.440324 ], [ -45.321468, -1.442249 ], [ -45.322047, -1.442576 ], [ -45.354087, -1.452818 ], [ -45.378294, -1.467855 ], [ -45.379893, -1.475867 ], [ -45.387854, -1.481382 ], [ -45.387047, -1.495493 ], [ -45.378892, -1.516183 ], [ -45.372432, -1.515636 ], [ -45.37216, -1.513299 ], [ -45.378655, -1.513478 ], [ -45.384166, -1.484569 ], [ -45.375657, -1.482232 ], [ -45.364204, -1.470287 ], [ -45.348962, -1.467367 ], [ -45.345297, -1.469523 ], [ -45.345917, -1.487572 ], [ -45.358094, -1.496739 ], [ -45.35659, -1.508649 ], [ -45.366265, -1.521619 ], [ -45.366065, -1.531666 ], [ -45.372546, -1.544634 ], [ -45.37447, -1.54624 ], [ -45.383777, -1.53707 ], [ -45.391308, -1.541672 ], [ -45.392402, -1.564469 ], [ -45.398935, -1.569839 ], [ -45.398373, -1.574515 ], [ -45.391294, -1.564495 ], [ -45.38817, -1.542063 ], [ -45.380039, -1.541041 ], [ -45.374381, -1.548971 ], [ -45.36919, -1.547327 ], [ -45.366082, -1.539385 ], [ -45.362455, -1.532312 ], [ -45.362181, -1.520438 ], [ -45.353524, -1.511415 ], [ -45.352742, -1.498557 ], [ -45.341907, -1.490922 ], [ -45.336679, -1.474116 ], [ -45.3269, -1.480841 ], [ -45.327557, -1.503016 ], [ -45.335249, -1.503674 ], [ -45.326848, -1.506744 ], [ -45.32705, -1.516719 ], [ -45.324545, -1.514125 ], [ -45.321823, -1.473241 ], [ -45.308797, -1.481562 ], [ -45.309971, -1.484561 ], [ -45.297668, -1.494154 ], [ -45.309908, -1.515926 ], [ -45.310011, -1.529838 ], [ -45.317961, -1.539951 ], [ -45.314926, -1.554819 ], [ -45.32635, -1.561827 ], [ -45.339566, -1.586227 ], [ -45.337039, -1.592442 ], [ -45.340919, -1.60137 ], [ -45.338236, -1.616777 ], [ -45.340663, -1.62453 ], [ -45.352631, -1.613953 ], [ -45.358637, -1.623247 ], [ -45.365821, -1.622385 ], [ -45.358493, -1.625467 ], [ -45.35197, -1.61646 ], [ -45.340637, -1.628786 ], [ -45.354725, -1.666885 ], [ -45.358542, -1.672255 ], [ -45.372977, -1.674856 ], [ -45.380318, -1.680633 ], [ -45.389384, -1.679952 ], [ -45.3894, -1.691335 ], [ -45.397116, -1.694023 ], [ -45.40232, -1.705641 ], [ -45.401826, -1.707887 ], [ -45.399271, -1.705694 ], [ -45.395456, -1.694571 ], [ -45.388874, -1.692692 ], [ -45.38784, -1.680888 ], [ -45.379804, -1.682968 ], [ -45.374421, -1.677627 ], [ -45.364801, -1.67536 ], [ -45.374859, -1.688916 ], [ -45.372982, -1.700517 ], [ -45.38539, -1.711525 ], [ -45.370195, -1.700825 ], [ -45.370958, -1.686112 ], [ -45.364648, -1.680226 ], [ -45.357149, -1.679253 ], [ -45.365671, -1.71046 ], [ -45.359403, -1.72846 ], [ -45.352402, -1.736252 ], [ -45.347653, -1.734952 ], [ -45.338409, -1.73242 ], [ -45.340815, -1.711881 ], [ -45.335211, -1.684755 ], [ -45.329824, -1.676673 ], [ -45.320151, -1.642886 ], [ -45.313795, -1.608342 ], [ -45.309031, -1.600249 ], [ -45.291858, -1.592761 ], [ -45.28629, -1.595303 ], [ -45.274718, -1.610566 ], [ -45.278151, -1.618763 ], [ -45.271082, -1.615566 ], [ -45.262837, -1.626653 ], [ -45.250831, -1.623248 ], [ -45.247574, -1.622324 ], [ -45.252337, -1.61526 ], [ -45.252745, -1.594947 ], [ -45.250489, -1.585254 ], [ -45.246649, -1.583553 ], [ -45.248184, -1.575407 ], [ -45.234866, -1.555713 ], [ -45.23379, -1.548547 ], [ -45.206849, -1.529576 ], [ -45.196349, -1.513647 ], [ -45.194046, -1.515554 ], [ -45.187592, -1.512565 ], [ -45.183649, -1.522825 ], [ -45.180148, -1.523422 ], [ -45.174968, -1.509352 ], [ -45.170215, -1.508222 ], [ -45.173026, -1.49762 ], [ -45.168102, -1.489848 ], [ -45.16125, -1.487435 ], [ -45.161748, -1.478842 ], [ -45.157001, -1.470783 ], [ -45.151344, -1.468302 ], [ -45.150795, -1.460584 ], [ -45.150749, -1.464949 ], [ -45.147372, -1.465867 ], [ -45.143173, -1.462653 ], [ -45.141668, -1.475101 ], [ -45.135552, -1.482822 ], [ -45.142764, -1.491092 ], [ -45.1382, -1.491275 ], [ -45.135509, -1.502085 ], [ -45.127305, -1.507397 ], [ -45.145284, -1.522539 ], [ -45.138526, -1.521201 ], [ -45.125976, -1.511245 ], [ -45.129522, -1.529317 ], [ -45.126836, -1.543623 ], [ -45.12268, -1.547249 ], [ -45.11282, -1.544572 ], [ -45.107119, -1.548436 ], [ -45.115339, -1.541867 ], [ -45.122487, -1.545324 ], [ -45.126669, -1.539898 ], [ -45.127832, -1.528968 ], [ -45.122235, -1.514073 ], [ -45.126251, -1.496102 ], [ -45.124895, -1.475095 ], [ -45.129704, -1.459057 ], [ -45.121508, -1.452463 ], [ -45.119285, -1.439323 ], [ -45.112661, -1.435525 ], [ -45.114135, -1.432787 ], [ -45.104614, -1.415398 ], [ -45.104492, -1.415135 ], [ -45.101879, -1.406295 ], [ -45.111133, -1.380331 ], [ -45.105767, -1.372109 ], [ -45.104896, -1.363301 ], [ -45.100838, -1.360041 ], [ -45.092694, -1.369074 ], [ -45.097111, -1.384304 ], [ -45.092698, -1.390054 ], [ -45.097123, -1.396352 ], [ -45.103541, -1.426315 ], [ -45.094512, -1.456969 ], [ -45.098351, -1.47124 ], [ -45.103878, -1.478762 ], [ -45.103572, -1.490508 ], [ -45.108894, -1.495764 ], [ -45.101935, -1.492158 ], [ -45.093644, -1.496693 ], [ -45.09262, -1.502772 ], [ -45.096768, -1.51323 ], [ -45.091751, -1.504472 ], [ -45.086428, -1.503853 ], [ -45.089703, -1.502411 ], [ -45.090165, -1.496176 ], [ -45.099887, -1.489787 ], [ -45.099886, -1.478865 ], [ -45.093284, -1.476032 ], [ -45.078547, -1.480257 ], [ -45.07261, -1.477063 ], [ -45.079826, -1.482885 ], [ -45.092825, -1.485563 ], [ -45.08044, -1.484533 ], [ -45.077933, -1.486955 ], [ -45.06872, -1.476136 ], [ -45.068054, -1.457556 ], [ -45.078596, -1.439527 ], [ -45.070387, -1.423997 ], [ -45.064902, -1.427084 ], [ -45.061488, -1.439558 ], [ -45.07207, -1.440072 ], [ -45.062796, -1.444214 ], [ -45.071808, -1.445381 ], [ -45.06865, -1.451616 ], [ -45.065538, -1.44871 ], [ -45.06681, -1.454932 ], [ -45.064392, -1.454707 ], [ -45.063121, -1.465772 ], [ -45.065367, -1.50208 ], [ -45.076056, -1.516873 ], [ -45.073687, -1.515454 ], [ -45.064278, -1.50414 ], [ -45.062754, -1.480876 ], [ -45.053702, -1.477895 ], [ -45.042083, -1.488543 ], [ -45.039473, -1.499758 ], [ -45.039385, -1.49047 ], [ -45.019556, -1.489852 ], [ -45.014553, -1.482626 ], [ -45.004238, -1.481351 ], [ -44.995726, -1.487071 ], [ -44.987132, -1.50208 ], [ -44.970795, -1.504216 ], [ -44.964208, -1.513609 ], [ -44.958209, -1.514826 ], [ -44.962407, -1.500584 ], [ -44.961197, -1.492756 ], [ -44.956384, -1.483133 ], [ -44.945366, -1.476357 ], [ -44.934851, -1.486852 ], [ -44.949793, -1.491424 ], [ -44.952803, -1.498037 ], [ -44.950863, -1.505457 ], [ -44.942583, -1.516962 ], [ -44.940713, -1.512781 ], [ -44.950452, -1.499483 ], [ -44.946051, -1.492525 ], [ -44.934942, -1.508807 ], [ -44.926478, -1.51076 ], [ -44.934417, -1.506305 ], [ -44.942048, -1.495499 ], [ -44.904354, -1.489769 ], [ -44.912006, -1.486426 ], [ -44.920707, -1.488621 ], [ -44.920457, -1.479387 ], [ -44.91438, -1.477216 ], [ -44.895024, -1.453666 ], [ -44.880576, -1.443203 ], [ -44.868997, -1.457704 ], [ -44.874063, -1.44496 ], [ -44.873287, -1.438183 ], [ -44.861324, -1.446418 ], [ -44.870414, -1.437083 ], [ -44.871042, -1.431168 ], [ -44.857732, -1.431637 ], [ -44.855999, -1.427091 ], [ -44.859431, -1.42988 ], [ -44.871167, -1.425391 ], [ -44.85406, -1.41572 ], [ -44.840977, -1.420417 ], [ -44.840271, -1.416491 ], [ -44.846305, -1.414113 ], [ -44.824875, -1.413136 ], [ -44.833508, -1.416432 ], [ -44.817109, -1.416868 ], [ -44.810093, -1.428729 ], [ -44.822672, -1.437652 ], [ -44.823599, -1.429862 ], [ -44.834816, -1.449471 ], [ -44.828157, -1.488345 ], [ -44.831073, -1.490742 ], [ -44.843254, -1.483616 ], [ -44.840341, -1.457815 ], [ -44.846266, -1.470696 ], [ -44.846188, -1.488514 ], [ -44.871548, -1.479892 ], [ -44.886483, -1.48113 ], [ -44.872935, -1.483049 ], [ -44.856297, -1.493028 ], [ -44.851768, -1.492143 ], [ -44.856392, -1.497077 ], [ -44.869749, -1.494052 ], [ -44.875597, -1.498171 ], [ -44.86334, -1.49835 ], [ -44.866179, -1.5087 ], [ -44.872644, -1.516677 ], [ -44.891532, -1.51936 ], [ -44.875979, -1.523434 ], [ -44.882857, -1.53434 ], [ -44.880344, -1.540133 ], [ -44.897819, -1.547968 ], [ -44.906618, -1.547679 ], [ -44.901635, -1.562012 ], [ -44.907619, -1.575998 ], [ -44.901343, -1.588036 ], [ -44.90284, -1.604195 ], [ -44.897586, -1.613373 ], [ -44.881075, -1.603727 ], [ -44.866255, -1.602792 ], [ -44.855018, -1.613066 ], [ -44.849859, -1.625012 ], [ -44.84547, -1.623928 ], [ -44.846265, -1.619863 ], [ -44.829641, -1.594328 ], [ -44.82773, -1.576092 ], [ -44.821966, -1.574499 ], [ -44.801468, -1.591234 ], [ -44.803202, -1.607104 ], [ -44.792366, -1.617541 ], [ -44.800957, -1.626283 ], [ -44.79424, -1.6259 ], [ -44.789532, -1.618688 ], [ -44.800045, -1.603614 ], [ -44.797679, -1.597951 ], [ -44.792748, -1.599816 ], [ -44.777213, -1.624616 ], [ -44.778751, -1.639108 ], [ -44.798655, -1.659645 ], [ -44.784038, -1.651947 ], [ -44.772627, -1.633788 ], [ -44.774232, -1.621486 ], [ -44.782568, -1.611549 ], [ -44.789525, -1.588017 ], [ -44.784346, -1.582448 ], [ -44.773883, -1.581663 ], [ -44.767397, -1.57677 ], [ -44.768882, -1.573851 ], [ -44.761796, -1.560949 ], [ -44.759022, -1.561928 ], [ -44.760467, -1.58958 ], [ -44.769714, -1.610919 ], [ -44.753887, -1.61387 ], [ -44.764795, -1.60881 ], [ -44.754616, -1.597267 ], [ -44.737741, -1.611714 ], [ -44.750105, -1.596641 ], [ -44.74743, -1.587749 ], [ -44.722967, -1.570347 ], [ -44.713751, -1.558653 ], [ -44.708019, -1.559515 ], [ -44.701366, -1.57 ], [ -44.702458, -1.562443 ], [ -44.697947, -1.552903 ], [ -44.695893, -1.5551 ], [ -44.701921, -1.581455 ], [ -44.721978, -1.602904 ], [ -44.719989, -1.612011 ], [ -44.722832, -1.62013 ], [ -44.732714, -1.622455 ], [ -44.722511, -1.622994 ], [ -44.717058, -1.61677 ], [ -44.7146, -1.604433 ], [ -44.702177, -1.590369 ], [ -44.691804, -1.599477 ], [ -44.686749, -1.571976 ], [ -44.681443, -1.564674 ], [ -44.67312, -1.565942 ], [ -44.665208, -1.578521 ], [ -44.66688, -1.586652 ], [ -44.657729, -1.59453 ], [ -44.650807, -1.612474 ], [ -44.642346, -1.623898 ], [ -44.647122, -1.64719 ], [ -44.656903, -1.665944 ], [ -44.665719, -1.661392 ], [ -44.671113, -1.64434 ], [ -44.677078, -1.65063 ], [ -44.682968, -1.64586 ], [ -44.686159, -1.651082 ], [ -44.697211, -1.652074 ], [ -44.699906, -1.640666 ], [ -44.703291, -1.651921 ], [ -44.737373, -1.655475 ], [ -44.745181, -1.645175 ], [ -44.752885, -1.645496 ], [ -44.753369, -1.648121 ], [ -44.745307, -1.647798 ], [ -44.7421, -1.658228 ], [ -44.746634, -1.670536 ], [ -44.754821, -1.678884 ], [ -44.761107, -1.676622 ], [ -44.759995, -1.681188 ], [ -44.768529, -1.684044 ], [ -44.78386, -1.670566 ], [ -44.793274, -1.684341 ], [ -44.780499, -1.676005 ], [ -44.778875, -1.685408 ], [ -44.772284, -1.690423 ], [ -44.782057, -1.694733 ], [ -44.790883, -1.704444 ], [ -44.798739, -1.70739 ], [ -44.804375, -1.704291 ], [ -44.80118, -1.709204 ], [ -44.795561, -1.708844 ], [ -44.791376, -1.708575 ], [ -44.784341, -1.710307 ], [ -44.781402, -1.716891 ], [ -44.786627, -1.720918 ], [ -44.793424, -1.719041 ], [ -44.790715, -1.721434 ], [ -44.780048, -1.720441 ], [ -44.772905, -1.72655 ], [ -44.757588, -1.728516 ], [ -44.754635, -1.7346 ], [ -44.767318, -1.745391 ], [ -44.788145, -1.743363 ], [ -44.788642, -1.749293 ], [ -44.783945, -1.74624 ], [ -44.765687, -1.748819 ], [ -44.755478, -1.743468 ], [ -44.751479, -1.732004 ], [ -44.75613, -1.726943 ], [ -44.770039, -1.722348 ], [ -44.77362, -1.716019 ], [ -44.772465, -1.710693 ], [ -44.755745, -1.710701 ], [ -44.748678, -1.720327 ], [ -44.732356, -1.72545 ], [ -44.712854, -1.724264 ], [ -44.708288, -1.716454 ], [ -44.701067, -1.718947 ], [ -44.69676, -1.737627 ], [ -44.704601, -1.738082 ], [ -44.71393, -1.754643 ], [ -44.722674, -1.75121 ], [ -44.732489, -1.752362 ], [ -44.723913, -1.752841 ], [ -44.71927, -1.75798 ], [ -44.747379, -1.778919 ], [ -44.750633, -1.786266 ], [ -44.78192, -1.790827 ], [ -44.788314, -1.793732 ], [ -44.793762, -1.804104 ], [ -44.798065, -1.803782 ], [ -44.806888, -1.805941 ], [ -44.810092, -1.801508 ], [ -44.813382, -1.802092 ], [ -44.807144, -1.807925 ], [ -44.799328, -1.805907 ], [ -44.80027, -1.813292 ], [ -44.815616, -1.814207 ], [ -44.820333, -1.82101 ], [ -44.834216, -1.822621 ], [ -44.845673, -1.828341 ], [ -44.820795, -1.823375 ], [ -44.812997, -1.815291 ], [ -44.800615, -1.817712 ], [ -44.784213, -1.79542 ], [ -44.762685, -1.797627 ], [ -44.716358, -1.782228 ], [ -44.71655, -1.788548 ], [ -44.7271, -1.801345 ], [ -44.737015, -1.80838 ], [ -44.756482, -1.814064 ], [ -44.759177, -1.818018 ], [ -44.748931, -1.81414 ], [ -44.737535, -1.810416 ], [ -44.714278, -1.792696 ], [ -44.710675, -1.803414 ], [ -44.698824, -1.803553 ], [ -44.709905, -1.801089 ], [ -44.708732, -1.788857 ], [ -44.696335, -1.772263 ], [ -44.684801, -1.773443 ], [ -44.663777, -1.767044 ], [ -44.659601, -1.743376 ], [ -44.654113, -1.751805 ], [ -44.652666, -1.765586 ], [ -44.659769, -1.772547 ], [ -44.668353, -1.79674 ], [ -44.673513, -1.800229 ], [ -44.682621, -1.799435 ], [ -44.688685, -1.807132 ], [ -44.692442, -1.807522 ], [ -44.695595, -1.821769 ], [ -44.681929, -1.800947 ], [ -44.669661, -1.802207 ], [ -44.664099, -1.797147 ], [ -44.658305, -1.779602 ], [ -44.647834, -1.764559 ], [ -44.646137, -1.769637 ], [ -44.651564, -1.787315 ], [ -44.6476, -1.790688 ], [ -44.648812, -1.784077 ], [ -44.643654, -1.767541 ], [ -44.651309, -1.747012 ], [ -44.649271, -1.741948 ], [ -44.647438, -1.738665 ], [ -44.646744, -1.735429 ], [ -44.638058, -1.735312 ], [ -44.648803, -1.731994 ], [ -44.65498, -1.72152 ], [ -44.65295, -1.719587 ], [ -44.640401, -1.72495 ], [ -44.620998, -1.727446 ], [ -44.592654, -1.745409 ], [ -44.594316, -1.749414 ], [ -44.602327, -1.746576 ], [ -44.634075, -1.783839 ], [ -44.63645, -1.795181 ], [ -44.626826, -1.821754 ], [ -44.632776, -1.828752 ], [ -44.630952, -1.830949 ], [ -44.6284, -1.832229 ], [ -44.61923, -1.823461 ], [ -44.613948, -1.831393 ], [ -44.607286, -1.834322 ], [ -44.639098, -1.857382 ], [ -44.619306, -1.868279 ], [ -44.603492, -1.861273 ], [ -44.597257, -1.853798 ], [ -44.588722, -1.855566 ], [ -44.581908, -1.860707 ], [ -44.569171, -1.858921 ], [ -44.557376, -1.845085 ], [ -44.553269, -1.846134 ], [ -44.54826, -1.829532 ], [ -44.543876, -1.827143 ], [ -44.546695, -1.821715 ], [ -44.541754, -1.822067 ], [ -44.529465, -1.837859 ], [ -44.532211, -1.848335 ], [ -44.547659, -1.870197 ], [ -44.569164, -1.882607 ], [ -44.575674, -1.882852 ], [ -44.589906, -1.896833 ], [ -44.600731, -1.896455 ], [ -44.60481, -1.905643 ], [ -44.598405, -1.898398 ], [ -44.590296, -1.904138 ], [ -44.580567, -1.893927 ], [ -44.573791, -1.894284 ], [ -44.569821, -1.897615 ], [ -44.573109, -1.906796 ], [ -44.567348, -1.911226 ], [ -44.569236, -1.917932 ], [ -44.56101, -1.922717 ], [ -44.560657, -1.921216 ], [ -44.566598, -1.916818 ], [ -44.565693, -1.911697 ], [ -44.569893, -1.905579 ], [ -44.566847, -1.898853 ], [ -44.546152, -1.889658 ], [ -44.541291, -1.89268 ], [ -44.545314, -1.90375 ], [ -44.537694, -1.894473 ], [ -44.533212, -1.902313 ], [ -44.528214, -1.908636 ], [ -44.529843, -1.900318 ], [ -44.527998, -1.880749 ], [ -44.522785, -1.881998 ], [ -44.51679, -1.892593 ], [ -44.502113, -1.927092 ], [ -44.493217, -1.932932 ], [ -44.488279, -1.942591 ], [ -44.487478, -1.966614 ], [ -44.505365, -1.959663 ], [ -44.503734, -1.948925 ], [ -44.511183, -1.954229 ], [ -44.514662, -1.946968 ], [ -44.514845, -1.951331 ], [ -44.522449, -1.957534 ], [ -44.52115, -1.95999 ], [ -44.517674, -1.954974 ], [ -44.508691, -1.964135 ], [ -44.486841, -1.975065 ], [ -44.496403, -1.987543 ], [ -44.49493, -1.98971 ], [ -44.489442, -1.981674 ], [ -44.484349, -1.981051 ], [ -44.484609, -2.002543 ], [ -44.496445, -2.007463 ], [ -44.482754, -2.018567 ], [ -44.476754, -2.02215 ], [ -44.465557, -2.015725 ], [ -44.470031, -2.022093 ], [ -44.47395, -2.040356 ], [ -44.497529, -2.050177 ], [ -44.499949, -2.053382 ], [ -44.500029, -2.100197 ], [ -44.499198, -2.141401 ], [ -44.491, -2.136908 ], [ -44.470695, -2.139575 ], [ -44.449447, -2.152119 ], [ -44.433584, -2.167067 ], [ -44.428612, -2.178389 ], [ -44.432172, -2.177118 ], [ -44.436446, -2.180785 ], [ -44.439005, -2.189703 ], [ -44.44397, -2.193239 ], [ -44.438004, -2.191338 ], [ -44.43534, -2.183694 ], [ -44.430587, -2.183049 ], [ -44.418446, -2.189626 ], [ -44.406921, -2.204991 ], [ -44.395558, -2.213176 ], [ -44.409644, -2.220366 ], [ -44.409697, -2.228714 ], [ -44.413172, -2.227916 ], [ -44.415258, -2.220955 ], [ -44.415699, -2.227942 ], [ -44.411665, -2.231528 ], [ -44.401558, -2.227868 ], [ -44.402588, -2.220194 ], [ -44.399472, -2.218177 ], [ -44.392584, -2.222674 ], [ -44.390502, -2.243956 ], [ -44.378473, -2.275225 ], [ -44.389943, -2.274043 ], [ -44.392201, -2.283322 ], [ -44.389053, -2.275464 ], [ -44.375588, -2.279191 ], [ -44.356336, -2.325895 ], [ -44.358641, -2.328267 ], [ -44.355443, -2.33677 ], [ -44.361555, -2.347421 ], [ -44.36981, -2.352465 ], [ -44.371366, -2.360206 ], [ -44.375285, -2.359083 ], [ -44.377337, -2.353721 ], [ -44.397803, -2.354386 ], [ -44.377587, -2.356263 ], [ -44.370534, -2.366248 ], [ -44.369643, -2.376452 ], [ -44.374169, -2.391206 ], [ -44.385643, -2.407829 ], [ -44.398863, -2.414985 ], [ -44.402563, -2.413103 ], [ -44.399371, -2.408184 ], [ -44.406746, -2.408414 ], [ -44.41153, -2.413609 ], [ -44.373745, -2.453806 ], [ -44.325588, -2.499657 ], [ -44.310835, -2.4971 ], [ -44.304054, -2.488757 ], [ -44.295225, -2.484973 ], [ -44.265556, -2.484571 ], [ -44.260393, -2.481102 ], [ -44.226888, -2.477737 ], [ -44.215557, -2.471171 ], [ -44.179003, -2.460103 ], [ -44.172698, -2.457963 ], [ -44.148868, -2.445475 ], [ -44.137865, -2.434807 ], [ -44.140555, -2.430889 ], [ -44.130421, -2.428604 ], [ -44.128777, -2.424672 ], [ -44.111311, -2.419153 ], [ -44.109258, -2.42608 ], [ -44.10978, -2.417102 ], [ -44.102454, -2.41167 ], [ -44.096314, -2.418054 ], [ -44.097306, -2.412699 ], [ -44.09178, -2.413515 ], [ -44.088892, -2.418386 ], [ -44.092863, -2.421436 ], [ -44.081895, -2.418709 ], [ -44.080255, -2.425425 ], [ -44.07748, -2.416423 ], [ -44.084449, -2.410121 ], [ -44.094225, -2.407278 ], [ -44.067582, -2.403735 ], [ -44.029755, -2.407721 ], [ -44.024117, -2.405309 ], [ -44.022446, -2.397885 ], [ -44.018556, -2.400977 ], [ -44.019861, -2.406954 ], [ -44.027035, -2.413295 ], [ -44.0205, -2.442138 ], [ -44.02189, -2.4499 ], [ -44.029112, -2.452117 ], [ -44.034506, -2.44135 ], [ -44.034147, -2.447299 ], [ -44.039915, -2.447601 ], [ -44.045285, -2.435522 ], [ -44.052974, -2.430385 ], [ -44.044944, -2.438968 ], [ -44.047859, -2.439933 ], [ -44.046223, -2.443449 ], [ -44.059668, -2.445616 ], [ -44.063421, -2.437838 ], [ -44.067943, -2.440294 ], [ -44.072561, -2.436008 ], [ -44.071388, -2.441362 ], [ -44.065116, -2.443311 ], [ -44.065254, -2.448819 ], [ -44.094951, -2.454027 ], [ -44.100037, -2.462698 ], [ -44.108897, -2.465052 ], [ -44.118415, -2.472511 ], [ -44.096363, -2.463604 ], [ -44.092584, -2.459142 ], [ -44.058692, -2.460657 ], [ -44.06342, -2.465816 ], [ -44.076976, -2.465047 ], [ -44.064648, -2.471136 ], [ -44.061853, -2.482757 ], [ -44.056478, -2.465847 ], [ -44.032226, -2.465485 ], [ -44.008855, -2.465167 ], [ -43.976763, -2.466589 ], [ -43.958431, -2.481895 ], [ -43.978196, -2.545763 ], [ -43.999633, -2.578333 ], [ -43.980144, -2.572737 ], [ -43.959781, -2.541973 ], [ -43.924573, -2.510503 ], [ -43.899725, -2.461505 ], [ -43.889562, -2.430812 ], [ -43.866673, -2.406583 ], [ -43.856613, -2.389289 ], [ -43.83064, -2.363581 ], [ -43.784928, -2.339856 ], [ -43.779891, -2.34816 ], [ -43.756535, -2.362819 ], [ -43.747403, -2.372965 ], [ -43.748183, -2.367783 ], [ -43.760672, -2.35461 ], [ -43.728151, -2.287593 ], [ -43.716838, -2.277931 ], [ -43.66718, -2.257186 ], [ -43.631858, -2.228081 ], [ -43.614769, -2.218994 ], [ -43.587036, -2.229085 ], [ -43.565301, -2.246623 ], [ -43.517609, -2.342255 ], [ -43.501127, -2.366464 ], [ -43.492393, -2.372782 ], [ -43.485686, -2.361125 ], [ -43.452719, -2.336153 ], [ -43.436497, -2.330552 ], [ -43.402326, -2.330636 ], [ -43.379744, -2.324782 ], [ -43.375503, -2.325764 ], [ -43.372082, -2.332123 ], [ -43.339975, -2.339454 ], [ -43.334602, -2.334882 ], [ -43.304083, -2.338484 ], [ -43.184778, -2.373148 ], [ -43.162384, -2.387213 ], [ -43.105315, -2.408809 ], [ -43.014823, -2.455546 ], [ -43.015864, -2.453532 ], [ -42.987838, -2.46776 ], [ -42.947587, -2.482345 ], [ -42.87056, -2.519657 ], [ -42.792779, -2.559639 ], [ -42.757807, -2.563682 ], [ -42.770335, -2.56561 ], [ -42.761362, -2.567476 ], [ -42.753213, -2.566156 ], [ -42.745922, -2.563439 ], [ -42.747111, -2.552065 ], [ -42.750726, -2.548964 ], [ -42.757531, -2.558358 ], [ -42.760342, -2.555799 ], [ -42.755255, -2.546262 ], [ -42.750056, -2.54431 ], [ -42.738277, -2.566664 ], [ -42.739368, -2.574472 ], [ -42.735195, -2.57971 ], [ -42.721062, -2.589356 ], [ -42.697868, -2.590583 ], [ -42.69098, -2.613489 ], [ -42.698091, -2.62309 ], [ -42.70389, -2.640421 ], [ -42.692778, -2.650143 ], [ -42.699231, -2.637593 ], [ -42.685256, -2.618955 ], [ -42.693088, -2.586211 ], [ -42.701617, -2.576644 ], [ -42.716276, -2.580427 ], [ -42.724391, -2.57806 ], [ -42.724644, -2.57091 ], [ -42.711559, -2.565952 ], [ -42.711226, -2.561736 ], [ -42.71808, -2.560836 ], [ -42.724183, -2.555465 ], [ -42.738558, -2.559267 ], [ -42.741227, -2.55542 ], [ -42.737504, -2.55036 ], [ -42.710426, -2.55692 ], [ -42.641544, -2.626471 ], [ -42.597723, -2.65963 ], [ -42.567361, -2.677008 ], [ -42.550196, -2.681426 ], [ -42.545895, -2.686565 ], [ -42.503897, -2.679827 ], [ -42.48306, -2.709731 ], [ -42.478894, -2.712067 ], [ -42.483706, -2.692105 ], [ -42.473771, -2.692274 ], [ -42.43381, -2.706451 ], [ -42.3737, -2.710222 ], [ -42.364354, -2.709629 ], [ -42.329036, -2.692916 ], [ -42.323796, -2.68349 ], [ -42.316099, -2.684711 ], [ -42.303419, -2.693808 ], [ -42.274396, -2.694313 ], [ -42.264862, -2.690206 ], [ -42.238226, -2.667423 ], [ -42.22781, -2.666732 ], [ -42.22031, -2.66719 ], [ -42.224371, -2.688778 ], [ -42.212479, -2.701268 ], [ -42.212921, -2.69086 ], [ -42.220643, -2.690286 ], [ -42.211696, -2.683664 ], [ -42.157443, -2.69513 ], [ -42.111363, -2.693227 ], [ -42.082892, -2.686668 ], [ -42.063915, -2.685815 ], [ -42.049919, -2.688804 ], [ -42.050335, -2.692161 ], [ -42.059257, -2.693125 ], [ -42.057339, -2.703083 ], [ -42.029744, -2.744093 ], [ -42.025031, -2.758295 ], [ -42.022831, -2.757447 ], [ -42.016468, -2.743962 ], [ -42.011756, -2.731658 ], [ -42.016257, -2.7231 ], [ -42.015561, -2.716333 ], [ -42.003697, -2.714649 ], [ -41.974147, -2.7226 ], [ -41.961612, -2.72214 ], [ -41.954252, -2.717937 ], [ -41.914175, -2.721001 ], [ -41.910697, -2.717943 ], [ -41.894421, -2.716934 ], [ -41.859088, -2.722881 ], [ -41.82345, -2.71892 ], [ -41.819704, -2.723886 ], [ -41.828917, -2.721715 ], [ -41.813729, -2.738941 ], [ -41.824196, -2.755849 ], [ -41.848667, -2.773148 ], [ -41.846421, -2.805063 ], [ -41.840739, -2.818167 ], [ -41.842467, -2.823188 ], [ -41.862305, -2.831451 ], [ -41.860495, -2.854005 ], [ -41.864584, -2.877637 ], [ -41.835364, -2.915482 ], [ -41.80662, -2.937632 ], [ -41.799562, -2.949443 ], [ -41.798763, -2.951439 ], [ -41.796233, -2.959443 ], [ -41.796471, -2.968335 ], [ -41.810025, -2.980375 ], [ -41.817013, -2.992189 ], [ -41.819835, -3.012601 ], [ -41.823895, -3.024125 ], [ -41.830362, -3.031406 ], [ -41.861274, -3.046759 ], [ -41.867003, -3.055337 ], [ -41.8687, -3.059914 ], [ -41.880171, -3.078909 ], [ -41.897119, -3.09609 ], [ -41.899394, -3.097398 ], [ -41.913448, -3.09946 ], [ -41.922367, -3.107559 ], [ -41.925644, -3.115097 ], [ -41.924179, -3.137415 ], [ -41.936026, -3.151156 ], [ -41.936953, -3.155688 ], [ -41.938668, -3.186991 ], [ -41.942896, -3.189382 ], [ -41.955725, -3.178116 ], [ -41.964073, -3.178614 ], [ -41.971198, -3.192404 ], [ -41.974056, -3.212801 ], [ -41.97864, -3.218134 ], [ -41.982941, -3.223181 ], [ -41.999841, -3.240715 ], [ -42.009923, -3.245944 ], [ -42.030043, -3.245508 ], [ -42.045449, -3.250437 ], [ -42.066332, -3.252831 ], [ -42.076259, -3.258046 ], [ -42.092241, -3.259038 ], [ -42.115444, -3.261955 ], [ -42.13125, -3.274966 ], [ -42.134799, -3.28054 ], [ -42.132192, -3.289694 ], [ -42.11037, -3.291322 ], [ -42.098238, -3.295651 ], [ -42.09548, -3.302524 ], [ -42.099751, -3.311015 ], [ -42.113275, -3.314136 ], [ -42.121236, -3.319703 ], [ -42.128052, -3.342607 ], [ -42.124818, -3.345221 ], [ -42.123281, -3.352166 ], [ -42.139668, -3.357221 ], [ -42.145461, -3.368415 ], [ -42.151811, -3.387102 ], [ -42.187947, -3.39261 ], [ -42.193636, -3.398078 ], [ -42.197835, -3.405192 ], [ -42.197268, -3.423954 ], [ -42.203993, -3.435394 ], [ -42.202181, -3.428442 ], [ -42.209706, -3.435928 ], [ -42.242542, -3.432662 ], [ -42.267376, -3.441847 ], [ -42.272376, -3.444568 ], [ -42.292134, -3.452886 ], [ -42.298411, -3.452566 ], [ -42.320476, -3.435623 ], [ -42.330423, -3.433488 ], [ -42.353918, -3.448327 ], [ -42.365803, -3.452367 ], [ -42.373395, -3.45254 ], [ -42.376787, -3.450967 ], [ -42.392275, -3.447209 ], [ -42.392035, -3.459892 ], [ -42.398514, -3.472477 ], [ -42.409293, -3.47484 ], [ -42.415496, -3.472619 ], [ -42.416887, -3.457903 ], [ -42.422778, -3.453889 ], [ -42.43189, -3.454236 ], [ -42.447861, -3.477962 ], [ -42.45831, -3.485286 ], [ -42.466441, -3.485025 ], [ -42.474478, -3.482919 ], [ -42.484387, -3.474041 ], [ -42.487223, -3.467498 ], [ -42.486949, -3.448539 ], [ -42.494219, -3.44652 ], [ -42.504085, -3.45581 ], [ -42.506168, -3.478441 ], [ -42.529167, -3.492123 ], [ -42.534586, -3.500132 ], [ -42.533469, -3.506885 ], [ -42.531926, -3.515786 ], [ -42.536621, -3.523524 ], [ -42.548968, -3.537488 ], [ -42.562075, -3.555559 ], [ -42.56934, -3.568068 ], [ -42.590798, -3.576267 ], [ -42.598551, -3.579896 ], [ -42.609345, -3.585756 ], [ -42.613346, -3.593795 ], [ -42.616229, -3.612347 ], [ -42.622732, -3.623744 ], [ -42.634784, -3.632016 ], [ -42.641904, -3.635499 ], [ -42.675367, -3.675223 ], [ -42.675457, -3.675421 ], [ -42.682536, -3.693599 ], [ -42.683027, -3.700784 ], [ -42.668479, -3.728972 ], [ -42.67147, -3.745761 ], [ -42.678262, -3.753574 ], [ -42.683138, -3.761909 ], [ -42.682527, -3.769434 ], [ -42.668311, -3.790532 ], [ -42.669841, -3.793212 ], [ -42.685366, -3.80687 ], [ -42.72078, -3.875022 ], [ -42.72182, -3.882439 ], [ -42.737564, -3.874746 ], [ -42.803686, -3.842425 ], [ -42.849791, -3.819874 ], [ -42.851641, -3.818969 ], [ -42.889512, -3.800438 ], [ -42.986838, -3.752776 ], [ -43.016588, -3.738197 ], [ -43.122935, -3.689657 ], [ -43.161698, -3.738104 ], [ -43.197308, -3.782621 ], [ -43.197371, -3.783958 ], [ -43.199166, -3.822043 ], [ -43.200449, -3.849339 ], [ -43.20549, -3.957056 ], [ -43.205496, -3.957196 ], [ -43.208422, -4.018029 ], [ -43.266307, -4.073603 ], [ -43.270951, -4.077866 ], [ -43.324602, -4.127147 ], [ -43.327691, -4.129986 ], [ -43.331245, -4.13325 ], [ -43.400999, -4.197344 ], [ -43.428851, -4.222944 ], [ -43.441539, -4.216854 ], [ -43.484812, -4.19683 ], [ -43.514316, -4.186589 ], [ -43.579317, -4.220188 ], [ -43.594177, -4.228039 ], [ -43.602168, -4.218673 ], [ -43.601924, -4.214683 ], [ -43.592943, -4.200516 ], [ -43.596378, -4.197431 ], [ -43.594801, -4.187393 ], [ -43.597954, -4.183082 ], [ -43.587538, -4.158186 ], [ -43.587913, -4.146397 ], [ -43.604528, -4.126494 ], [ -43.602705, -4.120331 ], [ -43.594162, -4.104542 ], [ -43.600562, -4.092946 ], [ -43.597546, -4.081028 ], [ -43.600919, -4.073926 ], [ -43.598863, -4.058086 ], [ -43.601664, -4.043785 ], [ -43.609671, -4.040711 ], [ -43.614234, -4.030362 ], [ -43.623451, -4.030514 ], [ -43.632961, -4.015723 ], [ -43.637221, -4.01539 ], [ -43.645589, -4.005895 ], [ -43.655174, -4.007257 ], [ -43.669519, -3.994449 ], [ -43.672165, -3.986458 ], [ -43.677806, -3.986288 ], [ -43.680813, -3.978431 ], [ -43.692214, -3.97061 ], [ -43.702897, -3.969126 ], [ -43.705945, -3.958554 ], [ -43.717444, -3.947792 ], [ -43.722555, -3.945807 ], [ -43.728951, -3.934741 ], [ -43.729053, -3.934761 ], [ -43.729338, -3.934817 ], [ -43.763033, -3.941398 ], [ -43.819984, -3.952523 ], [ -43.843501, -3.957116 ], [ -43.873322, -3.962941 ], [ -43.895083, -3.968298 ], [ -43.902756, -3.97829 ], [ -43.912112, -3.979334 ], [ -43.92608, -3.995247 ], [ -43.937726, -3.999943 ], [ -43.953889, -3.953276 ], [ -43.968638, -3.910671 ], [ -43.986878, -3.857936 ], [ -43.992367, -3.842061 ], [ -44.030219, -3.840762 ], [ -44.111577, -3.837963 ], [ -44.155098, -3.836462 ], [ -44.160283, -3.857891 ], [ -44.160467, -3.877668 ], [ -44.161893, -3.888733 ], [ -44.165575, -3.910095 ], [ -44.179416, -3.916742 ], [ -44.187603, -3.927434 ], [ -44.198422, -3.92707 ], [ -44.212313, -3.920024 ], [ -44.297043, -3.877041 ], [ -44.32254, -3.864099 ], [ -44.332352, -3.859135 ], [ -44.353267, -3.848552 ], [ -44.357809, -3.857024 ], [ -44.362524, -3.858722 ], [ -44.362231, -3.86432 ], [ -44.388653, -3.879758 ], [ -44.393124, -3.894753 ], [ -44.409973, -3.905009 ], [ -44.414841, -3.909906 ], [ -44.413978, -3.913242 ], [ -44.419888, -3.914192 ], [ -44.413809, -3.918411 ], [ -44.417894, -3.918341 ], [ -44.414754, -3.925494 ], [ -44.415281, -3.937907 ], [ -44.422254, -3.931852 ], [ -44.432644, -3.93346 ], [ -44.435914, -3.92703 ], [ -44.444362, -3.92766 ], [ -44.479643, -3.919088 ], [ -44.480534, -3.907018 ], [ -44.505862, -3.848307 ], [ -44.60975, -3.847423 ], [ -44.613472, -3.842769 ], [ -44.618254, -3.844404 ], [ -44.621974, -3.851061 ], [ -44.620206, -3.854797 ], [ -44.62429, -3.858731 ], [ -44.625433, -3.865827 ], [ -44.618436, -3.866429 ], [ -44.613602, -3.872978 ], [ -44.614239, -3.880531 ], [ -44.609838, -3.900172 ], [ -44.627384, -3.907628 ], [ -44.623315, -3.90884 ], [ -44.620514, -3.92015 ], [ -44.620955, -3.92373 ], [ -44.626866, -3.927088 ], [ -44.622418, -3.926957 ], [ -44.622287, -3.93025 ], [ -44.631809, -3.933538 ], [ -44.638618, -3.9422 ], [ -44.630917, -3.962952 ], [ -44.630256, -3.976605 ], [ -44.629029, -3.980915 ], [ -44.634894, -3.980678 ], [ -44.638839, -3.985417 ], [ -44.634283, -3.992254 ], [ -44.636062, -3.998316 ], [ -44.631382, -4.004199 ], [ -44.635531, -4.009055 ], [ -44.629752, -4.01862 ], [ -44.623354, -4.020781 ], [ -44.617026, -4.022288 ], [ -44.616841, -4.025281 ], [ -44.625956, -4.031362 ], [ -44.626408, -4.028005 ], [ -44.63444, -4.026694 ], [ -44.637241, -4.023067 ], [ -44.643286, -4.024658 ], [ -44.641213, -4.019759 ], [ -44.650962, -4.014503 ], [ -44.67766, -4.017234 ], [ -44.699514, -4.027491 ], [ -44.704659, -4.026269 ], [ -44.707004, -4.029625 ], [ -44.713955, -4.026862 ], [ -44.723879, -4.039655 ], [ -44.736339, -4.025147 ], [ -44.740577, -4.036624 ], [ -44.733353, -4.047368 ], [ -44.733081, -4.054125 ], [ -44.738497, -4.054662 ], [ -44.746348, -4.061784 ], [ -44.74129, -4.067723 ], [ -44.736685, -4.068221 ], [ -44.744536, -4.077339 ], [ -44.75048, -4.072315 ], [ -44.755509, -4.072836 ], [ -44.752144, -4.086281 ], [ -44.758013, -4.090394 ], [ -44.753534, -4.094992 ], [ -44.717517, -4.094454 ], [ -44.666516, -4.09369 ], [ -44.628655, -4.09312 ], [ -44.601362, -4.092708 ], [ -44.511977, -4.091354 ], [ -44.472387, -4.090752 ], [ -44.470583, -4.129279 ], [ -44.486387, -4.129326 ], [ -44.482277, -4.191708 ], [ -44.47869, -4.245973 ], [ -44.476536, -4.278512 ], [ -44.472699, -4.304483 ], [ -44.406306, -4.320897 ], [ -44.395458, -4.317697 ], [ -44.399786, -4.332847 ], [ -44.423237, -4.414969 ], [ -44.425276, -4.433595 ], [ -44.430399, -4.48043 ], [ -44.495687, -4.477978 ], [ -44.576965, -4.474916 ], [ -44.579358, -4.472066 ], [ -44.578242, -4.46208 ], [ -44.582555, -4.458651 ], [ -44.585747, -4.460105 ], [ -44.58981, -4.454075 ], [ -44.598558, -4.450152 ], [ -44.599789, -4.451751 ], [ -44.605938, -4.451858 ], [ -44.693337, -4.453372 ], [ -44.726055, -4.453937 ], [ -44.783906, -4.454932 ], [ -44.797598, -4.455167 ], [ -44.848257, -4.456033 ], [ -44.905348, -4.457006 ], [ -44.905504, -4.457008 ], [ -44.943798, -4.457658 ], [ -44.983333, -4.458327 ], [ -44.98828, -4.45841 ], [ -45.04205, -4.483796 ], [ -45.048495, -4.474937 ], [ -45.060591, -4.455285 ], [ -45.071339, -4.455744 ], [ -45.079017, -4.451831 ], [ -45.087294, -4.454195 ], [ -45.087842, -4.434033 ], [ -45.0932, -4.422926 ], [ -45.122382, -4.466731 ], [ -45.14701, -4.499846 ], [ -45.160482, -4.518467 ], [ -45.213051, -4.55181 ], [ -45.208413, -4.552588 ], [ -45.19599, -4.565499 ], [ -45.202146, -4.57969 ], [ -45.201554, -4.595596 ], [ -45.205136, -4.602721 ], [ -45.216883, -4.605663 ], [ -45.226196, -4.619061 ], [ -45.241659, -4.626006 ], [ -45.259305, -4.649466 ], [ -45.266401, -4.653896 ], [ -45.272375, -4.656603 ], [ -45.301904, -4.66626 ], [ -45.313007, -4.665648 ], [ -45.344757, -4.648132 ], [ -45.399168, -4.686935 ], [ -45.417877, -4.688997 ], [ -45.416279, -4.69926 ], [ -45.42063, -4.700373 ], [ -45.421321, -4.70751 ], [ -45.416519, -4.715099 ], [ -45.415152, -4.726032 ], [ -45.420188, -4.725806 ], [ -45.420205, -4.753915 ], [ -45.42456, -4.759266 ], [ -45.425527, -4.769633 ], [ -45.427506, -4.778149 ], [ -45.43107, -4.776282 ], [ -45.434158, -4.780069 ], [ -45.440361, -4.778681 ], [ -45.453948, -4.784929 ], [ -45.452337, -4.803564 ], [ -45.454267, -4.809971 ], [ -45.459831, -4.813417 ], [ -45.458695, -4.822321 ], [ -45.456268, -4.841345 ], [ -45.465899, -4.84145 ], [ -45.475689, -4.834925 ], [ -45.474208, -4.842659 ], [ -45.475368, -4.846525 ], [ -45.478449, -4.845306 ], [ -45.475758, -4.852932 ], [ -45.479668, -4.856686 ], [ -45.478955, -4.861734 ], [ -45.516483, -4.860734 ], [ -45.710745, -4.855524 ], [ -45.715271, -4.855401 ], [ -45.791598, -4.853337 ], [ -45.798169, -4.841664 ], [ -45.798237, -4.833577 ], [ -45.777556, -4.83469 ], [ -45.781729, -4.826442 ], [ -45.77528, -4.809263 ], [ -45.783011, -4.795257 ] ], [ [ -45.835257, -1.831975 ], [ -45.871823, -1.805261 ], [ -45.871823, -1.805262 ], [ -45.835257, -1.831975 ] ], [ [ -46.331865, -3.544234 ], [ -46.325417, -3.548142 ], [ -46.331865, -3.544233 ], [ -46.331865, -3.544234 ] ], [ [ -45.875114, -1.809429 ], [ -45.871428, -1.811409 ], [ -45.875114, -1.809428 ], [ -45.875114, -1.809429 ] ], [ [ -45.180636, -3.756738 ], [ -45.180637, -3.756738 ], [ -45.178342, -3.760998 ], [ -45.180636, -3.756738 ] ], [ [ -45.018192, -3.126547 ], [ -45.013658, -3.129675 ], [ -45.018192, -3.126546 ], [ -45.018192, -3.126547 ] ] ], [ [ [ -45.638231, -1.361065 ], [ -45.646867, -1.364206 ], [ -45.652772, -1.362292 ], [ -45.643069, -1.358341 ], [ -45.638231, -1.361065 ] ] ], [ [ [ -45.692594, -1.299284 ], [ -45.690596, -1.287977 ], [ -45.684925, -1.297082 ], [ -45.677686, -1.299965 ], [ -45.677161, -1.314976 ], [ -45.682598, -1.316716 ], [ -45.685022, -1.310204 ], [ -45.693534, -1.303859 ], [ -45.692594, -1.299284 ] ] ], [ [ [ -45.648942, -1.267498 ], [ -45.64765, -1.267219 ], [ -45.645777, -1.270547 ], [ -45.64941, -1.269122 ], [ -45.648942, -1.267498 ] ] ], [ [ [ -45.812574, -1.255265 ], [ -45.812628, -1.260771 ], [ -45.817822, -1.26166 ], [ -45.812574, -1.255265 ] ] ], [ [ [ -45.855606, -1.252583 ], [ -45.855099, -1.259881 ], [ -45.862072, -1.259215 ], [ -45.855606, -1.252583 ] ] ], [ [ [ -45.639081, -1.244784 ], [ -45.645779, -1.250317 ], [ -45.649244, -1.245262 ], [ -45.646081, -1.24209 ], [ -45.639081, -1.244784 ] ] ], [ [ [ -45.790816, -1.248095 ], [ -45.79781, -1.24739 ], [ -45.801723, -1.241661 ], [ -45.794355, -1.234481 ], [ -45.787923, -1.235093 ], [ -45.790816, -1.248095 ] ] ], [ [ [ -45.625369, -1.250564 ], [ -45.622934, -1.252509 ], [ -45.624138, -1.258941 ], [ -45.632063, -1.269136 ], [ -45.633889, -1.290341 ], [ -45.641026, -1.309742 ], [ -45.636145, -1.333362 ], [ -45.632109, -1.332599 ], [ -45.632446, -1.348333 ], [ -45.641068, -1.355664 ], [ -45.696058, -1.361756 ], [ -45.696021, -1.35713 ], [ -45.679173, -1.351615 ], [ -45.672726, -1.345448 ], [ -45.674808, -1.339729 ], [ -45.687004, -1.330671 ], [ -45.682176, -1.321223 ], [ -45.675212, -1.318915 ], [ -45.67261, -1.311133 ], [ -45.676693, -1.298559 ], [ -45.685746, -1.290088 ], [ -45.68421, -1.269446 ], [ -45.657565, -1.253312 ], [ -45.654345, -1.257061 ], [ -45.652025, -1.269332 ], [ -45.650059, -1.272441 ], [ -45.643812, -1.271995 ], [ -45.642193, -1.276833 ], [ -45.646332, -1.284622 ], [ -45.659548, -1.291799 ], [ -45.657531, -1.301738 ], [ -45.651475, -1.310455 ], [ -45.657485, -1.291807 ], [ -45.64429, -1.286072 ], [ -45.640109, -1.279803 ], [ -45.637981, -1.274066 ], [ -45.647537, -1.2621 ], [ -45.636549, -1.247964 ], [ -45.635511, -1.240153 ], [ -45.638653, -1.202814 ], [ -45.636123, -1.177903 ], [ -45.629775, -1.160419 ], [ -45.630749, -1.146729 ], [ -45.620509, -1.131664 ], [ -45.616208, -1.136318 ], [ -45.615265, -1.133401 ], [ -45.616971, -1.128676 ], [ -45.628763, -1.126814 ], [ -45.621892, -1.116276 ], [ -45.615443, -1.115522 ], [ -45.603476, -1.126729 ], [ -45.605488, -1.141921 ], [ -45.602255, -1.164213 ], [ -45.605347, -1.175236 ], [ -45.609666, -1.178255 ], [ -45.610686, -1.172455 ], [ -45.611676, -1.1775 ], [ -45.617976, -1.181848 ], [ -45.630433, -1.209842 ], [ -45.632119, -1.233532 ], [ -45.62385, -1.23366 ], [ -45.621943, -1.240663 ], [ -45.625369, -1.250564 ] ] ], [ [ [ -45.682844, -1.215308 ], [ -45.675958, -1.216401 ], [ -45.671947, -1.229826 ], [ -45.673848, -1.216167 ], [ -45.68132, -1.211766 ], [ -45.685213, -1.196041 ], [ -45.680024, -1.187339 ], [ -45.665672, -1.214663 ], [ -45.657945, -1.221694 ], [ -45.661714, -1.235032 ], [ -45.659468, -1.243224 ], [ -45.665535, -1.251217 ], [ -45.683003, -1.261659 ], [ -45.697268, -1.242212 ], [ -45.692725, -1.24413 ], [ -45.699553, -1.234008 ], [ -45.699343, -1.219758 ], [ -45.697232, -1.217044 ], [ -45.689907, -1.217342 ], [ -45.696499, -1.212768 ], [ -45.688261, -1.200703 ], [ -45.682844, -1.215308 ] ] ], [ [ [ -45.776359, -1.196173 ], [ -45.775509, -1.210144 ], [ -45.785857, -1.227577 ], [ -45.795859, -1.213376 ], [ -45.798318, -1.195739 ], [ -45.794199, -1.188328 ], [ -45.78723, -1.186612 ], [ -45.781195, -1.190333 ], [ -45.778284, -1.201251 ], [ -45.776359, -1.196173 ] ] ], [ [ [ -45.760827, -1.189229 ], [ -45.764496, -1.186975 ], [ -45.761799, -1.185532 ], [ -45.760827, -1.189229 ] ] ], [ [ [ -45.819086, -1.154735 ], [ -45.819542, -1.159012 ], [ -45.820102, -1.156676 ], [ -45.819086, -1.154735 ] ] ], [ [ [ -45.816809, -1.152761 ], [ -45.815365, -1.153903 ], [ -45.817129, -1.154898 ], [ -45.816809, -1.152761 ] ] ], [ [ [ -45.818269, -1.130962 ], [ -45.816651, -1.121338 ], [ -45.804686, -1.11255 ], [ -45.793105, -1.119026 ], [ -45.793263, -1.123472 ], [ -45.798466, -1.12661 ], [ -45.794643, -1.137741 ], [ -45.803783, -1.15082 ], [ -45.816135, -1.148455 ], [ -45.818269, -1.130962 ] ] ], [ [ [ -45.957513, -1.104712 ], [ -45.955981, -1.101082 ], [ -45.951921, -1.102748 ], [ -45.953704, -1.106292 ], [ -45.957513, -1.104712 ] ] ], [ [ [ -45.132911, -1.485183 ], [ -45.132217, -1.48832 ], [ -45.134791, -1.494013 ], [ -45.135799, -1.488613 ], [ -45.132911, -1.485183 ] ] ], [ [ [ -45.134376, -1.469372 ], [ -45.136955, -1.476264 ], [ -45.138032, -1.465946 ], [ -45.134376, -1.469372 ] ] ], [ [ [ -45.299708, -1.422269 ], [ -45.298346, -1.424088 ], [ -45.301524, -1.424302 ], [ -45.299708, -1.422269 ] ] ], [ [ [ -45.403109, -1.393791 ], [ -45.397629, -1.395362 ], [ -45.397174, -1.40659 ], [ -45.406366, -1.418273 ], [ -45.412474, -1.410187 ], [ -45.406153, -1.396357 ], [ -45.403109, -1.393791 ] ] ], [ [ [ -45.513805, -1.400778 ], [ -45.517101, -1.403071 ], [ -45.518042, -1.400226 ], [ -45.508584, -1.390036 ], [ -45.513805, -1.400778 ] ] ], [ [ [ -45.482842, -1.370523 ], [ -45.490732, -1.378659 ], [ -45.492104, -1.386243 ], [ -45.496973, -1.389324 ], [ -45.497286, -1.386558 ], [ -45.485508, -1.359855 ], [ -45.479975, -1.35883 ], [ -45.482842, -1.370523 ] ] ], [ [ [ -45.355798, -1.350325 ], [ -45.359325, -1.349454 ], [ -45.356851, -1.347337 ], [ -45.355798, -1.350325 ] ] ], [ [ [ -45.470007, -1.349903 ], [ -45.486057, -1.359618 ], [ -45.485546, -1.349426 ], [ -45.476322, -1.336944 ], [ -45.472085, -1.33655 ], [ -45.468358, -1.343819 ], [ -45.470007, -1.349903 ] ] ], [ [ [ -45.623709, -1.327164 ], [ -45.628124, -1.339382 ], [ -45.631981, -1.321276 ], [ -45.630804, -1.313722 ], [ -45.623709, -1.327164 ] ] ], [ [ [ -45.636279, -1.299749 ], [ -45.635916, -1.31982 ], [ -45.63926, -1.308303 ], [ -45.636279, -1.299749 ] ] ], [ [ [ -45.539189, -1.294201 ], [ -45.53953, -1.299259 ], [ -45.55116, -1.307436 ], [ -45.551376, -1.300755 ], [ -45.551187, -1.290702 ], [ -45.544954, -1.288456 ], [ -45.539189, -1.294201 ] ] ], [ [ [ -45.534903, -1.26498 ], [ -45.526625, -1.266667 ], [ -45.535776, -1.288269 ], [ -45.54573, -1.285895 ], [ -45.552799, -1.290577 ], [ -45.559404, -1.283394 ], [ -45.534903, -1.26498 ] ] ], [ [ [ -45.55905, -1.261226 ], [ -45.557314, -1.263808 ], [ -45.561181, -1.27022 ], [ -45.567758, -1.273133 ], [ -45.564385, -1.262432 ], [ -45.556629, -1.256646 ], [ -45.554728, -1.259771 ], [ -45.55905, -1.261226 ] ] ], [ [ [ -45.570427, -1.204276 ], [ -45.566334, -1.201472 ], [ -45.57144, -1.192986 ], [ -45.570011, -1.189733 ], [ -45.554278, -1.187797 ], [ -45.541916, -1.195002 ], [ -45.540446, -1.201037 ], [ -45.528422, -1.20519 ], [ -45.523404, -1.223224 ], [ -45.52882, -1.220799 ], [ -45.531075, -1.230978 ], [ -45.556866, -1.226506 ], [ -45.575882, -1.234085 ], [ -45.589693, -1.246754 ], [ -45.592891, -1.246304 ], [ -45.576724, -1.224805 ], [ -45.570118, -1.209122 ], [ -45.562003, -1.213347 ], [ -45.559097, -1.211512 ], [ -45.570427, -1.204276 ] ] ], [ [ [ -44.829296, -1.56456 ], [ -44.831159, -1.560141 ], [ -44.819782, -1.561554 ], [ -44.81606, -1.569967 ], [ -44.823959, -1.570073 ], [ -44.829296, -1.56456 ] ] ], [ [ [ -44.824122, -1.534951 ], [ -44.799136, -1.518732 ], [ -44.797093, -1.50463 ], [ -44.797139, -1.501432 ], [ -44.793176, -1.494602 ], [ -44.774991, -1.483996 ], [ -44.763371, -1.483889 ], [ -44.79198, -1.526062 ], [ -44.809392, -1.531366 ], [ -44.809428, -1.533735 ], [ -44.789663, -1.530233 ], [ -44.789381, -1.536029 ], [ -44.783623, -1.537301 ], [ -44.787309, -1.541932 ], [ -44.785554, -1.549145 ], [ -44.791485, -1.558087 ], [ -44.796363, -1.563142 ], [ -44.803527, -1.564699 ], [ -44.818044, -1.558251 ], [ -44.828288, -1.540921 ], [ -44.824122, -1.534951 ] ] ], [ [ [ -45.095422, -1.47132 ], [ -45.090882, -1.451401 ], [ -45.071526, -1.458244 ], [ -45.069756, -1.465772 ], [ -45.07421, -1.475027 ], [ -45.095422, -1.47132 ] ] ], [ [ [ -45.082188, -1.441352 ], [ -45.087843, -1.437946 ], [ -45.08919, -1.431667 ], [ -45.087116, -1.421651 ], [ -45.079108, -1.418938 ], [ -45.082188, -1.441352 ] ] ], [ [ [ -45.104123, -1.402317 ], [ -45.106271, -1.405996 ], [ -45.109058, -1.400857 ], [ -45.104123, -1.402317 ] ] ], [ [ [ -45.000414, -1.402006 ], [ -44.997837, -1.410164 ], [ -45.004102, -1.410875 ], [ -45.016398, -1.39636 ], [ -45.014579, -1.394426 ], [ -45.000414, -1.402006 ] ] ], [ [ [ -45.093053, -1.43151 ], [ -45.096725, -1.418599 ], [ -45.086777, -1.402806 ], [ -45.077591, -1.376391 ], [ -45.078116, -1.370187 ], [ -45.068244, -1.367365 ], [ -45.065442, -1.371187 ], [ -45.068553, -1.375205 ], [ -45.067502, -1.385231 ], [ -45.078628, -1.392493 ], [ -45.093053, -1.43151 ] ] ], [ [ [ -45.108274, -1.396679 ], [ -45.111697, -1.391597 ], [ -45.107031, -1.392185 ], [ -45.108274, -1.396679 ] ] ], [ [ [ -45.113639, -1.385436 ], [ -45.112133, -1.381696 ], [ -45.110174, -1.385181 ], [ -45.113639, -1.385436 ] ] ], [ [ [ -45.037037, -1.389864 ], [ -45.041739, -1.386799 ], [ -45.044997, -1.363186 ], [ -45.048389, -1.349389 ], [ -45.050179, -1.350545 ], [ -45.043101, -1.342612 ], [ -45.032764, -1.386423 ], [ -45.039683, -1.39839 ], [ -45.040858, -1.392903 ], [ -45.037037, -1.389864 ] ] ], [ [ [ -45.049115, -1.343375 ], [ -45.048121, -1.347362 ], [ -45.052159, -1.345904 ], [ -45.049115, -1.343375 ] ] ], [ [ [ -44.921819, -1.343007 ], [ -44.92428, -1.339232 ], [ -44.924747, -1.350181 ], [ -44.911029, -1.350798 ], [ -44.892844, -1.341667 ], [ -44.887161, -1.345713 ], [ -44.893466, -1.350223 ], [ -44.897266, -1.348528 ], [ -44.919461, -1.373218 ], [ -44.921468, -1.367549 ], [ -44.923636, -1.374432 ], [ -44.931134, -1.379453 ], [ -44.942237, -1.378898 ], [ -44.942943, -1.371709 ], [ -44.94367, -1.389514 ], [ -44.959645, -1.402357 ], [ -44.963279, -1.402149 ], [ -44.965385, -1.395973 ], [ -44.96574, -1.402744 ], [ -44.970051, -1.407896 ], [ -44.982791, -1.409281 ], [ -45.011968, -1.386932 ], [ -45.019659, -1.357523 ], [ -45.015932, -1.360266 ], [ -45.017635, -1.354949 ], [ -45.002277, -1.344668 ], [ -44.982223, -1.356177 ], [ -44.971827, -1.386469 ], [ -44.964952, -1.386679 ], [ -44.971357, -1.384682 ], [ -44.979087, -1.358842 ], [ -44.970722, -1.344269 ], [ -44.970738, -1.332381 ], [ -44.964473, -1.326853 ], [ -44.940143, -1.343176 ], [ -44.941662, -1.349058 ], [ -44.949582, -1.354561 ], [ -44.941589, -1.349391 ], [ -44.939947, -1.342652 ], [ -44.961319, -1.324335 ], [ -44.954912, -1.320144 ], [ -44.957941, -1.309209 ], [ -44.958164, -1.320334 ], [ -44.971292, -1.3142 ], [ -44.966065, -1.307053 ], [ -44.974402, -1.311235 ], [ -44.98528, -1.302928 ], [ -44.972267, -1.28344 ], [ -44.955326, -1.276143 ], [ -44.943127, -1.285979 ], [ -44.930312, -1.285313 ], [ -44.920993, -1.297506 ], [ -44.922733, -1.303913 ], [ -44.908779, -1.305877 ], [ -44.907698, -1.31476 ], [ -44.901081, -1.312569 ], [ -44.911599, -1.322889 ], [ -44.909709, -1.329054 ], [ -44.88858, -1.335882 ], [ -44.918299, -1.350274 ], [ -44.924, -1.347755 ], [ -44.921819, -1.343007 ] ] ], [ [ [ -44.881462, -1.338489 ], [ -44.875542, -1.33938 ], [ -44.87694, -1.345136 ], [ -44.881462, -1.338489 ] ] ], [ [ [ -45.000608, -1.341273 ], [ -45.016364, -1.344618 ], [ -45.028023, -1.338537 ], [ -45.016917, -1.322178 ], [ -45.005418, -1.319775 ], [ -44.995673, -1.322144 ], [ -44.989901, -1.330298 ], [ -44.9716, -1.335436 ], [ -44.978889, -1.354179 ], [ -44.997872, -1.345825 ], [ -45.000608, -1.341273 ] ] ], [ [ [ -45.04765, -1.327067 ], [ -45.04354, -1.331957 ], [ -45.043219, -1.339374 ], [ -45.052027, -1.342007 ], [ -45.054856, -1.331549 ], [ -45.04765, -1.327067 ] ] ], [ [ [ -44.898826, -1.311673 ], [ -44.907263, -1.312624 ], [ -44.905054, -1.304269 ], [ -44.917979, -1.302936 ], [ -44.924954, -1.28844 ], [ -44.925642, -1.277859 ], [ -44.902156, -1.278048 ], [ -44.881651, -1.284773 ], [ -44.858394, -1.297613 ], [ -44.84556, -1.317855 ], [ -44.84803, -1.328758 ], [ -44.842328, -1.332559 ], [ -44.851867, -1.338691 ], [ -44.862632, -1.343087 ], [ -44.875465, -1.355288 ], [ -44.869563, -1.326443 ], [ -44.877935, -1.336376 ], [ -44.890736, -1.329463 ], [ -44.901811, -1.330406 ], [ -44.908205, -1.326512 ], [ -44.909301, -1.323601 ], [ -44.899117, -1.315583 ], [ -44.898826, -1.311673 ] ] ], [ [ [ -44.456362, -2.130649 ], [ -44.448671, -2.130692 ], [ -44.451215, -2.133853 ], [ -44.457857, -2.133794 ], [ -44.456362, -2.130649 ] ] ], [ [ [ -44.480376, -2.106153 ], [ -44.476215, -2.103482 ], [ -44.475976, -2.095586 ], [ -44.469398, -2.100928 ], [ -44.463364, -2.100804 ], [ -44.467887, -2.107485 ], [ -44.467098, -2.121329 ], [ -44.470656, -2.125338 ], [ -44.473311, -2.124854 ], [ -44.471503, -2.117808 ], [ -44.485743, -2.111741 ], [ -44.474341, -2.111132 ], [ -44.480376, -2.106153 ] ] ], [ [ [ -44.470895, -2.076675 ], [ -44.479978, -2.076596 ], [ -44.48188, -2.073302 ], [ -44.444025, -2.057439 ], [ -44.451281, -2.070362 ], [ -44.470895, -2.076675 ] ] ], [ [ [ -44.438454, -2.018407 ], [ -44.445096, -2.025044 ], [ -44.457103, -2.029779 ], [ -44.445818, -2.007557 ], [ -44.438454, -2.018407 ] ] ], [ [ [ -44.566539, -1.917561 ], [ -44.56889, -1.917479 ], [ -44.568034, -1.915905 ], [ -44.566539, -1.917561 ] ] ], [ [ [ -44.594778, -1.841983 ], [ -44.595738, -1.850496 ], [ -44.618663, -1.865249 ], [ -44.63306, -1.85852 ], [ -44.632945, -1.853544 ], [ -44.607519, -1.83633 ], [ -44.602981, -1.841017 ], [ -44.597466, -1.839296 ], [ -44.594778, -1.841983 ] ] ], [ [ [ -44.615705, -1.820771 ], [ -44.607662, -1.820616 ], [ -44.597355, -1.839059 ], [ -44.601386, -1.840382 ], [ -44.605742, -1.8314 ], [ -44.610982, -1.830686 ], [ -44.616048, -1.82498 ], [ -44.615705, -1.820771 ] ] ], [ [ [ -44.58722, -1.807956 ], [ -44.586788, -1.814072 ], [ -44.58271, -1.807674 ], [ -44.578824, -1.811347 ], [ -44.577142, -1.800725 ], [ -44.571023, -1.796616 ], [ -44.568042, -1.797953 ], [ -44.564943, -1.804078 ], [ -44.572353, -1.812647 ], [ -44.567803, -1.813751 ], [ -44.562306, -1.83262 ], [ -44.567012, -1.841388 ], [ -44.560305, -1.839296 ], [ -44.567401, -1.853312 ], [ -44.583208, -1.858493 ], [ -44.590545, -1.853154 ], [ -44.5962, -1.824812 ], [ -44.592241, -1.810948 ], [ -44.58722, -1.807956 ] ] ], [ [ [ -44.622232, -1.797831 ], [ -44.622719, -1.818364 ], [ -44.632894, -1.796409 ], [ -44.630405, -1.788079 ], [ -44.622232, -1.797831 ] ] ], [ [ [ -44.593117, -1.768395 ], [ -44.575871, -1.779338 ], [ -44.57822, -1.784377 ], [ -44.601113, -1.794487 ], [ -44.603431, -1.800179 ], [ -44.600276, -1.812618 ], [ -44.604385, -1.816943 ], [ -44.616775, -1.818592 ], [ -44.617461, -1.791479 ], [ -44.593117, -1.768395 ] ] ], [ [ [ -44.602931, -1.775082 ], [ -44.616669, -1.784856 ], [ -44.615656, -1.782085 ], [ -44.611508, -1.77693 ], [ -44.602931, -1.775082 ] ] ], [ [ [ -44.725835, -1.691976 ], [ -44.740816, -1.701001 ], [ -44.751862, -1.693803 ], [ -44.734844, -1.682136 ], [ -44.725835, -1.691976 ] ] ], [ [ [ -44.74081, -1.684232 ], [ -44.744878, -1.682639 ], [ -44.741212, -1.679251 ], [ -44.74081, -1.684232 ] ] ], [ [ [ -44.73756, -1.669811 ], [ -44.722812, -1.661858 ], [ -44.717525, -1.670422 ], [ -44.724336, -1.677033 ], [ -44.737675, -1.673846 ], [ -44.73756, -1.669811 ] ] ], [ [ [ -44.757771, -1.592631 ], [ -44.755559, -1.586727 ], [ -44.751229, -1.59087 ], [ -44.757771, -1.592631 ] ] ], [ [ [ -44.697416, -1.58851 ], [ -44.691814, -1.583975 ], [ -44.692553, -1.595026 ], [ -44.697416, -1.58851 ] ] ], [ [ [ -44.776911, -1.580335 ], [ -44.77779, -1.577103 ], [ -44.77449, -1.575972 ], [ -44.776911, -1.580335 ] ] ], [ [ [ -44.780683, -1.572498 ], [ -44.783339, -1.56855 ], [ -44.772351, -1.562151 ], [ -44.780683, -1.572498 ] ] ], [ [ [ -44.742616, -1.537581 ], [ -44.736261, -1.537616 ], [ -44.72225, -1.547121 ], [ -44.720214, -1.551223 ], [ -44.728815, -1.562074 ], [ -44.755531, -1.582897 ], [ -44.756409, -1.577278 ], [ -44.753813, -1.555433 ], [ -44.745353, -1.547762 ], [ -44.742616, -1.537581 ] ] ], [ [ [ -44.777901, -1.529727 ], [ -44.785002, -1.528112 ], [ -44.785468, -1.52477 ], [ -44.761017, -1.488521 ], [ -44.76135, -1.48017 ], [ -44.772068, -1.466306 ], [ -44.771903, -1.461929 ], [ -44.753024, -1.457751 ], [ -44.742107, -1.470145 ], [ -44.736726, -1.511569 ], [ -44.74459, -1.519153 ], [ -44.768578, -1.522799 ], [ -44.777901, -1.529727 ] ] ], [ [ [ -44.016177, -2.39889 ], [ -44.010059, -2.398473 ], [ -43.999977, -2.390499 ], [ -43.996727, -2.399767 ], [ -44.008555, -2.400324 ], [ -44.013672, -2.407362 ], [ -44.016352, -2.407068 ], [ -44.016177, -2.39889 ] ] ] ] } },
{ "type": "Feature", "properties": { "MACRO_ID": "2111", "MACRO_NAME": "Macrorregião Leste", "id": "210010", "name": "Afonso Cunha", "description": "Afonso Cunha", "MUN_ID": "210010", "UF": "MA", "HREG_ID": "21005", "HREG_NAME": "Caxias" }, "geometry": { "type": "Polygon", "coordinates": [ [ [ -44.264392, -7.020586 ], [ -44.274491, -7.030997 ], [ -44.278597, -7.045602 ], [ -44.27406, -7.070596 ], [ -44.284645, -7.084415 ], [ -44.305799, -7.116772 ], [ -44.3155, -7.117592 ], [ -44.332647, -7.108329 ], [ -44.363418, -7.120901 ], [ -44.379636, -7.118625 ], [ -44.391194, -7.123932 ], [ -44.406441, -7.130934 ], [ -44.437303, -7.155328 ], [ -44.463666, -7.161264 ], [ -44.485825, -7.176031 ], [ -44.490492, -7.182419 ], [ -44.500438, -7.184333 ], [ -44.51428, -7.195958 ], [ -44.522445, -7.219183 ], [ -44.540674, -7.225578 ], [ -44.548224, -7.225586 ], [ -44.563839, -7.227159 ], [ -44.5675, -7.231215 ], [ -44.572548, -7.247876 ], [ -44.579349, -7.257206 ], [ -44.595193, -7.268641 ], [ -44.59571, -7.27654 ], [ -44.617734, -7.308723 ], [ -44.639867, -7.31445 ], [ -44.64581, -7.325493 ], [ -44.655953, -7.326642 ], [ -44.662948, -7.331406 ], [ -44.671649, -7.352063 ], [ -44.678598, -7.358538 ], [ -44.687574, -7.394132 ], [ -44.699908, -7.394998 ], [ -44.70434, -7.392241 ], [ -44.711814, -7.39748 ], [ -44.729488, -7.39064 ], [ -44.742774, -7.361372 ], [ -44.780551, -7.377821 ], [ -44.786365, -7.371068 ], [ -44.816327, -7.360805 ], [ -44.822082, -7.376794 ], [ -44.848084, -7.385939 ], [ -44.853654, -7.396027 ], [ -44.85227, -7.401639 ], [ -44.862604, -7.410875 ], [ -44.868538, -7.421886 ], [ -44.882271, -7.427151 ], [ -44.896228, -7.423826 ], [ -44.90099, -7.425634 ], [ -44.909466, -7.44286 ], [ -44.9198, -7.453901 ], [ -44.924037, -7.469889 ], [ -44.931706, -7.471982 ], [ -44.936822, -7.469619 ], [ -44.957049, -7.475316 ], [ -44.968767, -7.483025 ], [ -44.983157, -7.481916 ], [ -44.988392, -7.481935 ], [ -44.902655, -7.382418 ], [ -44.807779, -7.272314 ], [ -44.787088, -7.248305 ], [ -44.697249, -7.254651 ], [ -44.704528, -7.23596 ], [ -44.692529, -7.217173 ], [ -44.691418, -7.198824 ], [ -44.685397, -7.18839 ], [ -44.68895, -7.182353 ], [ -44.69808, -7.179136 ], [ -44.708945, -7.188916 ], [ -44.719081, -7.185245 ], [ -44.719948, -7.168557 ], [ -44.716609, -7.166238 ], [ -44.70706, -7.167825 ], [ -44.704588, -7.162974 ], [ -44.716748, -7.156252 ], [ -44.717383, -7.149996 ], [ -44.736333, -7.14873 ], [ -44.746806, -7.134257 ], [ -44.772031, -7.124362 ], [ -44.781923, -7.112975 ], [ -44.783808, -7.101929 ], [ -44.782682, -7.098952 ], [ -44.775134, -7.097445 ], [ -44.771588, -7.092403 ], [ -44.766753, -7.093334 ], [ -44.76345, -7.08784 ], [ -44.759892, -7.08969 ], [ -44.753749, -7.085792 ], [ -44.753359, -7.07499 ], [ -44.742112, -7.067473 ], [ -44.740274, -7.062543 ], [ -44.72722, -7.059726 ], [ -44.729944, -7.05495 ], [ -44.722335, -7.053022 ], [ -44.722417, -7.047856 ], [ -44.710276, -7.043865 ], [ -44.699085, -7.011497 ], [ -44.696933, -6.97404 ], [ -44.709756, -6.963066 ], [ -44.709513, -6.940638 ], [ -44.718978, -6.93976 ], [ -44.738744, -6.927214 ], [ -44.749411, -6.914878 ], [ -44.753688, -6.890397 ], [ -44.768243, -6.884484 ], [ -44.77703, -6.817568 ], [ -44.777258, -6.815831 ], [ -44.790652, -6.713615 ], [ -44.800073, -6.708759 ], [ -44.808514, -6.71186 ], [ -44.819638, -6.710901 ], [ -44.823757, -6.707339 ], [ -44.832717, -6.707784 ], [ -44.837904, -6.703026 ], [ -44.838494, -6.706574 ], [ -44.846263, -6.710123 ], [ -44.852457, -6.70252 ], [ -44.86194, -6.70378 ], [ -44.868146, -6.708728 ], [ -44.872595, -6.703471 ], [ -44.884346, -6.702774 ], [ -44.893172, -6.711429 ], [ -44.902664, -6.705422 ], [ -44.909325, -6.707312 ], [ -44.910849, -6.711216 ], [ -44.922747, -6.710905 ], [ -44.92308, -6.7154 ], [ -44.93282, -6.713668 ], [ -44.939473, -6.716823 ], [ -44.944451, -6.731592 ], [ -44.948914, -6.733756 ], [ -44.952658, -6.730934 ], [ -44.956607, -6.736489 ], [ -44.963195, -6.73593 ], [ -44.967921, -6.740582 ], [ -44.982547, -6.732259 ], [ -44.989669, -6.735226 ], [ -44.996303, -6.730174 ], [ -45.010396, -6.730796 ], [ -45.009943, -6.736202 ], [ -45.022476, -6.737994 ], [ -45.037944, -6.745406 ], [ -45.047895, -6.755835 ], [ -45.061432, -6.761137 ], [ -45.061113, -6.773189 ], [ -45.071133, -6.78414 ], [ -45.074942, -6.785666 ], [ -45.081033, -6.782273 ], [ -45.091609, -6.788909 ], [ -45.093831, -6.799326 ], [ -45.117143, -6.814318 ], [ -45.138224, -6.809472 ], [ -45.143167, -6.806852 ], [ -45.160081, -6.810617 ], [ -45.165554, -6.793456 ], [ -45.169671, -6.797399 ], [ -45.187356, -6.801909 ], [ -45.193443, -6.799607 ], [ -45.194699, -6.803366 ], [ -45.20947, -6.801889 ], [ -45.217585, -6.797511 ], [ -45.219722, -6.799417 ], [ -45.219583, -6.794569 ], [ -45.233532, -6.797725 ], [ -45.242412, -6.794628 ], [ -45.2475, -6.795821 ], [ -45.252755, -6.787501 ], [ -45.261532, -6.791446 ], [ -45.27051, -6.789243 ], [ -45.278812, -6.791603 ], [ -45.283338, -6.79637 ], [ -45.29714, -6.795201 ], [ -45.311086, -6.787382 ], [ -45.311476, -6.784305 ], [ -45.321693, -6.781204 ], [ -45.326194, -6.775371 ], [ -45.343615, -6.782709 ], [ -45.34739, -6.779038 ], [ -45.349086, -6.781437 ], [ -45.353951, -6.779976 ], [ -45.354666, -6.774855 ], [ -45.368226, -6.758878 ], [ -45.382944, -6.756856 ], [ -45.393173, -6.760576 ], [ -45.400002, -6.757225 ], [ -45.432775, -6.77667 ], [ -45.452357, -6.778971 ], [ -45.455361, -6.785071 ], [ -45.465577, -6.791554 ], [ -45.493196, -6.795471 ], [ -45.500916, -6.802986 ], [ -45.50797, -6.803803 ], [ -45.508694, -6.803631 ], [ -45.522617, -6.802192 ], [ -45.532335, -6.807771 ], [ -45.540974, -6.8058 ], [ -45.542999, -6.802382 ], [ -45.550141, -6.811364 ], [ -45.55539, -6.806086 ], [ -45.560198, -6.814223 ], [ -45.572366, -6.819469 ], [ -45.596247, -6.811996 ], [ -45.601445, -6.815328 ], [ -45.61383, -6.8025 ], [ -45.621672, -6.797474 ], [ -45.631664, -6.774383 ], [ -45.650112, -6.746065 ], [ -45.660977, -6.741494 ], [ -45.677773, -6.727666 ], [ -45.704978, -6.722315 ], [ -45.720442, -6.712002 ], [ -45.726924, -6.715439 ], [ -45.735035, -6.712545 ], [ -45.746086, -6.699737 ], [ -45.750006, -6.700433 ], [ -45.77261, -6.704449 ], [ -45.779308, -6.711695 ], [ -45.799809, -6.718589 ], [ -45.825893, -6.715034 ], [ -45.844677, -6.722541 ], [ -45.850476, -6.720713 ], [ -45.850603, -6.719626 ], [ -45.849619, -6.599763 ], [ -45.835174, -6.491981 ], [ -45.823938, -6.488096 ], [ -45.815689, -6.478307 ], [ -45.812488, -6.479887 ], [ -45.809913, -6.4742 ], [ -45.797017, -6.475248 ], [ -45.781068, -6.46937 ], [ -45.77651, -6.471429 ], [ -45.774757, -6.462534 ], [ -45.766622, -6.462043 ], [ -45.763088, -6.457077 ], [ -45.755148, -6.460054 ], [ -45.739536, -6.459437 ], [ -45.732443, -6.46329 ], [ -45.71399, -6.467993 ], [ -45.681551, -6.474555 ], [ -45.672281, -6.469849 ], [ -45.661393, -6.477479 ], [ -45.643639, -6.470861 ], [ -45.627918, -6.476644 ], [ -45.625781, -6.47032 ], [ -45.605663, -6.465262 ], [ -45.592585, -6.460137 ], [ -45.586832, -6.446778 ], [ -45.57864, -6.451214 ], [ -45.553556, -6.452458 ], [ -45.543003, -6.438607 ], [ -45.515691, -6.436339 ], [ -45.511054, -6.427775 ], [ -45.502251, -6.424682 ], [ -45.497384, -6.418471 ], [ -45.489806, -6.421872 ], [ -45.487725, -6.426362 ], [ -45.484005, -6.422672 ], [ -45.479086, -6.428208 ], [ -45.466697, -6.421363 ], [ -45.45628, -6.426336 ], [ -45.451759, -6.421658 ], [ -45.447248, -6.424637 ], [ -45.443665, -6.421863 ], [ -45.440808, -6.424424 ], [ -45.428888, -6.422427 ], [ -45.420696, -6.429504 ], [ -45.404975, -6.426318 ], [ -45.395192, -6.431127 ], [ -45.391082, -6.422349 ], [ -45.383699, -6.419588 ], [ -45.378778, -6.421305 ], [ -45.37572, -6.413909 ], [ -45.363886, -6.412335 ], [ -45.355004, -6.407277 ], [ -45.348975, -6.409796 ], [ -45.344418, -6.406171 ], [ -45.333692, -6.407432 ], [ -45.333193, -6.400162 ], [ -45.326728, -6.398139 ], [ -45.326587, -6.395143 ], [ -45.302333, -6.392437 ], [ -45.301942, -6.388981 ], [ -45.305022, -6.389042 ], [ -45.300416, -6.373994 ], [ -45.288611, -6.374407 ], [ -45.283557, -6.363799 ], [ -45.273163, -6.363518 ], [ -45.267389, -6.361509 ], [ -45.272212, -6.358885 ], [ -45.270001, -6.352574 ], [ -45.279443, -6.341512 ], [ -45.263798, -6.342793 ], [ -45.258588, -6.347375 ], [ -45.25117, -6.340804 ], [ -45.241627, -6.338527 ], [ -45.235638, -6.337804 ], [ -45.226395, -6.32811 ], [ -45.219004, -6.326786 ], [ -45.221582, -6.323396 ], [ -45.215167, -6.317382 ], [ -45.208335, -6.319522 ], [ -45.210806, -6.323013 ], [ -45.207422, -6.330117 ], [ -45.19764, -6.327118 ], [ -45.201255, -6.325463 ], [ -45.199449, -6.319534 ], [ -45.189866, -6.313563 ], [ -45.173671, -6.31262 ], [ -45.164252, -6.301568 ], [ -45.153949, -6.30137 ], [ -45.141387, -6.307662 ], [ -45.142283, -6.300345 ], [ -45.136615, -6.302954 ], [ -45.136937, -6.307018 ], [ -45.128557, -6.305884 ], [ -45.10361, -6.32274 ], [ -45.09225, -6.314817 ], [ -45.087362, -6.318168 ], [ -45.087251, -6.324063 ], [ -45.074026, -6.324267 ], [ -45.07217, -6.33167 ], [ -45.078003, -6.338846 ], [ -45.073944, -6.338869 ], [ -45.07453, -6.350997 ], [ -45.066602, -6.347525 ], [ -45.061836, -6.351144 ], [ -45.050106, -6.348635 ], [ -45.043558, -6.343827 ], [ -45.023337, -6.350059 ], [ -45.005176, -6.351219 ], [ -44.992166, -6.348586 ], [ -44.9852, -6.351039 ], [ -44.97611, -6.342161 ], [ -44.964778, -6.339813 ], [ -44.955887, -6.332846 ], [ -44.950112, -6.33539 ], [ -44.948555, -6.324144 ], [ -44.93721, -6.315361 ], [ -44.93095, -6.300944 ], [ -44.919444, -6.293252 ], [ -44.918418, -6.276285 ], [ -44.91117, -6.2685 ], [ -44.911329, -6.25726 ], [ -44.900725, -6.246104 ], [ -44.901525, -6.240585 ], [ -44.893359, -6.225895 ], [ -44.893171, -6.209032 ], [ -44.886747, -6.210578 ], [ -44.875105, -6.194766 ], [ -44.871671, -6.180847 ], [ -44.867615, -6.180945 ], [ -44.867776, -6.172508 ], [ -44.874388, -6.163532 ], [ -44.869227, -6.157101 ], [ -44.866582, -6.156378 ], [ -44.865974, -6.161725 ], [ -44.858974, -6.163722 ], [ -44.849555, -6.151855 ], [ -44.835779, -6.144799 ], [ -44.824363, -6.142997 ], [ -44.813749, -6.124512 ], [ -44.80814, -6.124336 ], [ -44.805951, -6.119893 ], [ -44.799338, -6.117333 ], [ -44.838937, -5.997089 ], [ -44.84614, -5.982946 ], [ -44.844628, -5.977435 ], [ -44.843391, -5.967988 ], [ -44.841274, -5.953271 ], [ -44.833972, -5.943597 ], [ -44.850455, -5.900413 ], [ -44.874144, -5.880535 ], [ -44.876057, -5.873393 ], [ -44.896949, -5.844549 ], [ -44.896446, -5.841095 ], [ -44.911838, -5.828046 ], [ -44.913393, -5.805125 ], [ -44.924582, -5.791028 ], [ -44.921504, -5.769598 ], [ -44.924307, -5.762556 ], [ -44.919889, -5.687968 ], [ -44.923723, -5.673392 ], [ -44.944766, -5.647358 ], [ -44.957648, -5.640662 ], [ -44.967828, -5.625871 ], [ -44.967675, -5.610998 ], [ -44.962689, -5.60242 ], [ -44.958566, -5.579784 ], [ -44.958008, -5.541736 ], [ -44.964965, -5.528432 ], [ -44.960446, -5.515832 ], [ -44.966011, -5.511308 ], [ -44.966608, -5.501804 ], [ -44.961173, -5.501458 ], [ -44.957955, -5.493931 ], [ -44.952471, -5.493603 ], [ -44.95115, -5.485028 ], [ -44.947868, -5.480537 ], [ -44.943801, -5.480705 ], [ -44.942423, -5.464915 ], [ -44.935824, -5.460429 ], [ -44.940111, -5.450499 ], [ -44.933967, -5.44953 ], [ -44.933404, -5.443736 ], [ -44.939767, -5.442417 ], [ -44.930377, -5.426631 ], [ -44.932098, -5.421646 ], [ -44.927836, -5.419147 ], [ -44.93043, -5.412392 ], [ -44.927758, -5.406322 ], [ -44.925157, -5.404771 ], [ -44.922806, -5.409985 ], [ -44.920164, -5.40738 ], [ -44.920075, -5.393947 ], [ -44.925648, -5.387219 ], [ -44.91988, -5.381473 ], [ -44.917999, -5.371244 ], [ -44.910453, -5.374963 ], [ -44.90644, -5.36786 ], [ -44.89291, -5.370467 ], [ -44.890422, -5.363847 ], [ -44.894595, -5.35483 ], [ -44.869572, -5.343329 ], [ -44.863116, -5.331706 ], [ -44.867857, -5.327906 ], [ -44.867155, -5.322562 ], [ -44.852103, -5.315943 ], [ -44.849558, -5.304154 ], [ -44.845125, -5.300628 ], [ -44.839685, -5.298186 ], [ -44.837766, -5.30091 ], [ -44.837126, -5.2886 ], [ -44.829609, -5.28216 ], [ -44.830702, -5.275929 ], [ -44.8203, -5.271124 ], [ -44.821421, -5.267724 ], [ -44.817801, -5.266735 ], [ -44.815181, -5.25881 ], [ -44.819382, -5.256477 ], [ -44.81527, -5.253655 ], [ -44.807412, -5.257803 ], [ -44.808696, -5.262545 ], [ -44.803582, -5.266765 ], [ -44.799923, -5.264882 ], [ -44.805807, -5.258772 ], [ -44.803264, -5.252671 ], [ -44.805748, -5.240408 ], [ -44.812198, -5.241714 ], [ -44.815184, -5.238588 ], [ -44.810131, -5.230462 ], [ -44.818865, -5.22778 ], [ -44.813355, -5.219964 ], [ -44.806647, -5.224476 ], [ -44.809162, -5.219448 ], [ -44.797005, -5.214969 ], [ -44.798817, -5.209652 ], [ -44.790942, -5.208419 ], [ -44.789341, -5.210923 ], [ -44.792359, -5.214482 ], [ -44.790011, -5.215742 ], [ -44.782351, -5.210318 ], [ -44.772135, -5.211376 ], [ -44.775991, -5.200622 ], [ -44.768496, -5.203552 ], [ -44.767051, -5.199993 ], [ -44.769639, -5.19361 ], [ -44.766319, -5.18388 ], [ -44.75787, -5.177817 ], [ -44.764992, -5.170631 ], [ -44.760811, -5.166477 ], [ -44.770405, -5.159669 ], [ -44.820907, -5.127447 ], [ -44.826781, -5.118193 ], [ -44.835583, -5.114349 ], [ -44.848855, -5.124531 ], [ -44.857273, -5.125182 ], [ -44.854685, -5.111106 ], [ -44.862242, -5.095407 ], [ -44.86222, -5.077248 ], [ -44.857123, -5.06514 ], [ -44.870019, -5.057727 ], [ -44.869859, -5.046897 ], [ -44.874607, -5.041917 ], [ -44.892306, -5.033745 ], [ -44.92254, -5.035598 ], [ -44.93463, -5.022805 ], [ -44.942059, -5.025051 ], [ -44.950981, -5.02287 ], [ -44.949893, -5.029345 ], [ -44.954309, -5.032999 ], [ -44.952398, -5.037137 ], [ -44.94253, -5.038034 ], [ -44.947962, -5.046881 ], [ -44.956172, -5.051528 ], [ -44.95409, -5.05754 ], [ -44.95945, -5.059649 ], [ -44.957128, -5.06624 ], [ -44.959659, -5.070509 ], [ -44.964749, -5.069285 ], [ -44.963455, -5.074739 ], [ -44.969816, -5.079957 ], [ -44.960307, -5.088713 ], [ -44.962407, -5.091649 ], [ -44.966082, -5.095922 ], [ -44.962528, -5.09823 ], [ -44.960014, -5.101649 ], [ -44.964713, -5.103789 ], [ -44.964303, -5.109367 ], [ -44.969186, -5.108715 ], [ -44.97156, -5.115142 ], [ -44.967728, -5.116877 ], [ -44.969955, -5.130286 ], [ -44.975066, -5.131445 ], [ -44.981253, -5.12679 ], [ -44.989757, -5.130628 ], [ -44.989919, -5.138139 ], [ -44.993468, -5.138141 ], [ -44.99213, -5.143015 ], [ -44.999473, -5.150933 ], [ -44.997003, -5.153863 ], [ -44.999845, -5.158787 ], [ -44.996407, -5.163853 ], [ -44.999909, -5.162996 ], [ -45.005908, -5.168684 ], [ -45.003395, -5.177409 ], [ -45.006786, -5.181717 ], [ -45.009105, -5.180081 ], [ -45.007318, -5.185425 ], [ -45.010013, -5.186705 ], [ -45.007044, -5.18758 ], [ -45.013805, -5.192226 ], [ -45.011611, -5.194072 ], [ -45.017923, -5.199043 ], [ -45.019908, -5.208367 ], [ -45.019972, -5.208678 ], [ -45.122339, -5.120967 ], [ -45.122829, -5.120547 ], [ -45.152615, -5.095005 ], [ -45.256234, -5.029902 ], [ -45.259914, -5.027588 ], [ -45.263002, -5.03268 ], [ -45.263319, -5.033203 ], [ -45.27944, -5.054893 ], [ -45.390263, -5.033384 ], [ -45.508109, -5.010476 ], [ -45.599168, -4.992751 ], [ -45.603535, -4.9919 ], [ -45.596529, -4.986172 ], [ -45.598524, -4.981782 ], [ -45.59582, -4.976478 ], [ -45.584214, -4.972804 ], [ -45.582915, -4.969012 ], [ -45.580379, -4.970262 ], [ -45.578426, -4.959168 ], [ -45.565806, -4.945769 ], [ -45.561297, -4.932966 ], [ -45.565345, -4.93215 ], [ -45.565012, -4.924133 ], [ -45.553893, -4.920406 ], [ -45.556748, -4.914715 ], [ -45.550155, -4.902966 ], [ -45.545675, -4.902483 ], [ -45.546697, -4.898039 ], [ -45.543184, -4.8936 ], [ -45.531044, -4.894152 ], [ -45.529152, -4.889712 ], [ -45.519001, -4.888613 ], [ -45.50933, -4.86744 ], [ -45.49574, -4.867808 ], [ -45.494908, -4.8714 ], [ -45.492759, -4.867332 ], [ -45.490021, -4.871642 ], [ -45.479889, -4.872726 ], [ -45.478103, -4.875959 ], [ -45.478098, -4.869257 ], [ -45.472256, -4.868783 ], [ -45.478955, -4.861734 ], [ -45.479668, -4.856686 ], [ -45.475758, -4.852932 ], [ -45.478449, -4.845306 ], [ -45.475368, -4.846525 ], [ -45.474208, -4.842659 ], [ -45.475689, -4.834925 ], [ -45.465899, -4.84145 ], [ -45.456268, -4.841345 ], [ -45.458695, -4.822321 ], [ -45.459831, -4.813417 ], [ -45.454267, -4.809971 ], [ -45.452337, -4.803564 ], [ -45.453948, -4.784929 ], [ -45.440361, -4.778681 ], [ -45.434158, -4.780069 ], [ -45.43107, -4.776282 ], [ -45.427506, -4.778149 ], [ -45.425527, -4.769633 ], [ -45.42456, -4.759266 ], [ -45.420205, -4.753915 ], [ -45.420188, -4.725806 ], [ -45.415152, -4.726032 ], [ -45.416519, -4.715099 ], [ -45.421321, -4.70751 ], [ -45.42063, -4.700373 ], [ -45.416279, -4.69926 ], [ -45.417877, -4.688997 ], [ -45.399168, -4.686935 ], [ -45.344757, -4.648132 ], [ -45.313007, -4.665648 ], [ -45.301904, -4.66626 ], [ -45.272375, -4.656603 ], [ -45.266401, -4.653896 ], [ -45.259305, -4.649466 ], [ -45.241659, -4.626006 ], [ -45.226196, -4.619061 ], [ -45.216883, -4.605663 ], [ -45.205136, -4.602721 ], [ -45.201554, -4.595596 ], [ -45.202146, -4.57969 ], [ -45.19599, -4.565499 ], [ -45.208413, -4.552588 ], [ -45.213051, -4.55181 ], [ -45.160482, -4.518467 ], [ -45.14701, -4.499846 ], [ -45.122382, -4.466731 ], [ -45.0932, -4.422926 ], [ -45.087842, -4.434033 ], [ -45.087294, -4.454195 ], [ -45.079017, -4.451831 ], [ -45.071339, -4.455744 ], [ -45.060591, -4.455285 ], [ -45.048495, -4.474937 ], [ -45.04205, -4.483796 ], [ -44.98828, -4.45841 ], [ -44.983333, -4.458327 ], [ -44.943798, -4.457658 ], [ -44.905504, -4.457008 ], [ -44.905348, -4.457006 ], [ -44.848257, -4.456033 ], [ -44.797598, -4.455167 ], [ -44.783906, -4.454932 ], [ -44.726055, -4.453937 ], [ -44.693337, -4.453372 ], [ -44.605938, -4.451858 ], [ -44.599789, -4.451751 ], [ -44.598558, -4.450152 ], [ -44.58981, -4.454075 ], [ -44.585747, -4.460105 ], [ -44.582555, -4.458651 ], [ -44.578242, -4.46208 ], [ -44.579358, -4.472066 ], [ -44.576965, -4.474916 ], [ -44.495687, -4.477978 ], [ -44.430399, -4.48043 ], [ -44.425276, -4.433595 ], [ -44.423237, -4.414969 ], [ -44.399786, -4.332847 ], [ -44.395458, -4.317697 ], [ -44.406306, -4.320897 ], [ -44.472699, -4.304483 ], [ -44.476536, -4.278512 ], [ -44.47869, -4.245973 ], [ -44.482277, -4.191708 ], [ -44.486387, -4.129326 ], [ -44.470583, -4.129279 ], [ -44.472387, -4.090752 ], [ -44.511977, -4.091354 ], [ -44.601362, -4.092708 ], [ -44.628655, -4.09312 ], [ -44.666516, -4.09369 ], [ -44.717517, -4.094454 ], [ -44.753534, -4.094992 ], [ -44.758013, -4.090394 ], [ -44.752144, -4.086281 ], [ -44.755509, -4.072836 ], [ -44.75048, -4.072315 ], [ -44.744536, -4.077339 ], [ -44.736685, -4.068221 ], [ -44.74129, -4.067723 ], [ -44.746348, -4.061784 ], [ -44.738497, -4.054662 ], [ -44.733081, -4.054125 ], [ -44.733353, -4.047368 ], [ -44.740577, -4.036624 ], [ -44.736339, -4.025147 ], [ -44.723879, -4.039655 ], [ -44.713955, -4.026862 ], [ -44.707004, -4.029625 ], [ -44.704659, -4.026269 ], [ -44.699514, -4.027491 ], [ -44.67766, -4.017234 ], [ -44.650962, -4.014503 ], [ -44.641213, -4.019759 ], [ -44.643286, -4.024658 ], [ -44.637241, -4.023067 ], [ -44.63444, -4.026694 ], [ -44.626408, -4.028005 ], [ -44.625956, -4.031362 ], [ -44.616841, -4.025281 ], [ -44.617026, -4.022288 ], [ -44.623354, -4.020781 ], [ -44.629752, -4.01862 ], [ -44.635531, -4.009055 ], [ -44.631382, -4.004199 ], [ -44.636062, -3.998316 ], [ -44.634283, -3.992254 ], [ -44.638839, -3.985417 ], [ -44.634894, -3.980678 ], [ -44.629029, -3.980915 ], [ -44.630256, -3.976605 ], [ -44.630917, -3.962952 ], [ -44.638618, -3.9422 ], [ -44.631809, -3.933538 ], [ -44.622287, -3.93025 ], [ -44.622418, -3.926957 ], [ -44.626866, -3.927088 ], [ -44.620955, -3.92373 ], [ -44.620514, -3.92015 ], [ -44.623315, -3.90884 ], [ -44.627384, -3.907628 ], [ -44.609838, -3.900172 ], [ -44.614239, -3.880531 ], [ -44.613602, -3.872978 ], [ -44.618436, -3.866429 ], [ -44.625433, -3.865827 ], [ -44.62429, -3.858731 ], [ -44.620206, -3.854797 ], [ -44.621974, -3.851061 ], [ -44.618254, -3.844404 ], [ -44.613472, -3.842769 ], [ -44.60975, -3.847423 ], [ -44.505862, -3.848307 ], [ -44.480534, -3.907018 ], [ -44.479643, -3.919088 ], [ -44.444362, -3.92766 ], [ -44.435914, -3.92703 ], [ -44.432644, -3.93346 ], [ -44.422254, -3.931852 ], [ -44.415281, -3.937907 ], [ -44.414754, -3.925494 ], [ -44.417894, -3.918341 ], [ -44.413809, -3.918411 ], [ -44.419888, -3.914192 ], [ -44.413978, -3.913242 ], [ -44.414841, -3.909906 ], [ -44.409973, -3.905009 ], [ -44.393124, -3.894753 ], [ -44.388653, -3.879758 ], [ -44.362231, -3.86432 ], [ -44.362524, -3.858722 ], [ -44.357809, -3.857024 ], [ -44.353267, -3.848552 ], [ -44.332352, -3.859135 ], [ -44.32254, -3.864099 ], [ -44.297043, -3.877041 ], [ -44.212313, -3.920024 ], [ -44.198422, -3.92707 ], [ -44.187603, -3.927434 ], [ -44.179416, -3.916742 ], [ -44.165575, -3.910095 ], [ -44.161893, -3.888733 ], [ -44.160467, -3.877668 ], [ -44.160283, -3.857891 ], [ -44.155098, -3.836462 ], [ -44.111577, -3.837963 ], [ -44.030219, -3.840762 ], [ -43.992367, -3.842061 ], [ -43.986878, -3.857936 ], [ -43.968638, -3.910671 ], [ -43.953889, -3.953276 ], [ -43.937726, -3.999943 ], [ -43.92608, -3.995247 ], [ -43.912112, -3.979334 ], [ -43.902756, -3.97829 ], [ -43.895083, -3.968298 ], [ -43.873322, -3.962941 ], [ -43.843501, -3.957116 ], [ -43.819984, -3.952523 ], [ -43.763033, -3.941398 ], [ -43.729338, -3.934817 ], [ -43.729053, -3.934761 ], [ -43.728951, -3.934741 ], [ -43.722555, -3.945807 ], [ -43.717444, -3.947792 ], [ -43.705945, -3.958554 ], [ -43.702897, -3.969126 ], [ -43.692214, -3.97061 ], [ -43.680813, -3.978431 ], [ -43.677806, -3.986288 ], [ -43.672165, -3.986458 ], [ -43.669519, -3.994449 ], [ -43.655174, -4.007257 ], [ -43.645589, -4.005895 ], [ -43.637221, -4.01539 ], [ -43.632961, -4.015723 ], [ -43.623451, -4.030514 ], [ -43.614234, -4.030362 ], [ -43.609671, -4.040711 ], [ -43.601664, -4.043785 ], [ -43.598863, -4.058086 ], [ -43.600919, -4.073926 ], [ -43.597546, -4.081028 ], [ -43.600562, -4.092946 ], [ -43.594162, -4.104542 ], [ -43.602705, -4.120331 ], [ -43.604528, -4.126494 ], [ -43.587913, -4.146397 ], [ -43.587538, -4.158186 ], [ -43.597954, -4.183082 ], [ -43.594801, -4.187393 ], [ -43.596378, -4.197431 ], [ -43.592943, -4.200516 ], [ -43.601924, -4.214683 ], [ -43.602168, -4.218673 ], [ -43.594177, -4.228039 ], [ -43.579317, -4.220188 ], [ -43.514316, -4.186589 ], [ -43.484812, -4.19683 ], [ -43.441539, -4.216854 ], [ -43.428851, -4.222944 ], [ -43.400999, -4.197344 ], [ -43.331245, -4.13325 ], [ -43.327691, -4.129986 ], [ -43.324602, -4.127147 ], [ -43.270951, -4.077866 ], [ -43.266307, -4.073603 ], [ -43.208422, -4.018029 ], [ -43.205496, -3.957196 ], [ -43.20549, -3.957056 ], [ -43.200449, -3.849339 ], [ -43.199166, -3.822043 ], [ -43.197371, -3.783958 ], [ -43.197308, -3.782621 ], [ -43.161698, -3.738104 ], [ -43.122935, -3.689657 ], [ -43.016588, -3.738197 ], [ -42.986838, -3.752776 ], [ -42.889512, -3.800438 ], [ -42.851641, -3.818969 ], [ -42.849791, -3.819874 ], [ -42.803686, -3.842425 ], [ -42.737564, -3.874746 ], [ -42.72182, -3.882439 ], [ -42.722437, -3.886841 ], [ -42.722937, -3.893656 ], [ -42.723012, -3.894688 ], [ -42.725816, -3.909629 ], [ -42.736765, -3.924042 ], [ -42.782789, -3.955474 ], [ -42.784209, -3.956851 ], [ -42.788446, -3.963214 ], [ -42.790251, -3.97874 ], [ -42.797529, -3.996232 ], [ -42.805367, -3.996763 ], [ -42.814981, -3.987306 ], [ -42.821417, -3.990176 ], [ -42.83762, -4.028047 ], [ -42.842202, -4.036223 ], [ -42.855382, -4.076914 ], [ -42.862548, -4.092491 ], [ -42.876444, -4.109652 ], [ -42.895533, -4.11651 ], [ -42.902669, -4.123968 ], [ -42.903752, -4.132212 ], [ -42.887147, -4.147262 ], [ -42.887789, -4.155227 ], [ -42.910849, -4.156014 ], [ -42.926137, -4.156368 ], [ -42.934745, -4.16061 ], [ -42.935788, -4.161382 ], [ -42.941676, -4.166711 ], [ -42.981616, -4.214293 ], [ -42.988805, -4.233673 ], [ -42.988036, -4.246819 ], [ -42.986884, -4.256641 ], [ -42.986195, -4.272948 ], [ -42.979672, -4.30463 ], [ -42.966804, -4.324096 ], [ -42.96189, -4.334142 ], [ -42.963451, -4.351157 ], [ -42.962921, -4.376034 ], [ -42.958279, -4.38285 ], [ -42.950415, -4.386456 ], [ -42.93095, -4.381379 ], [ -42.902776, -4.398278 ], [ -42.89206, -4.406347 ], [ -42.871648, -4.428178 ], [ -42.878225, -4.451493 ], [ -42.876016, -4.463664 ], [ -42.851972, -4.476921 ], [ -42.848973, -4.482219 ], [ -42.85151, -4.494261 ], [ -42.859091, -4.500491 ], [ -42.860002, -4.514824 ], [ -42.874331, -4.535243 ], [ -42.867561, -4.559226 ], [ -42.866833, -4.56606 ], [ -42.87631, -4.586202 ], [ -42.882713, -4.596363 ], [ -42.912616, -4.647052 ], [ -42.920073, -4.654397 ], [ -42.932223, -4.662935 ], [ -42.951245, -4.680215 ], [ -42.952769, -4.695134 ], [ -42.94221, -4.708177 ], [ -42.922655, -4.72129 ], [ -42.920152, -4.736875 ], [ -42.921124, -4.740888 ], [ -42.925281, -4.749471 ], [ -42.948078, -4.766478 ], [ -42.949928, -4.789376 ], [ -42.947443, -4.797582 ], [ -42.93463, -4.812917 ], [ -42.89712, -4.842309 ], [ -42.893332, -4.857827 ], [ -42.894429, -4.885669 ], [ -42.890106, -4.894408 ], [ -42.88995, -4.894594 ], [ -42.871417, -4.916143 ], [ -42.867523, -4.927316 ], [ -42.854834, -4.934924 ], [ -42.860964, -4.973061 ], [ -42.85919, -4.981854 ], [ -42.84114, -5.030403 ], [ -42.84139, -5.055464 ], [ -42.835556, -5.073243 ], [ -42.835257, -5.074154 ], [ -42.818221, -5.093123 ], [ -42.812773, -5.130123 ], [ -42.812332, -5.133113 ], [ -42.802584, -5.149866 ], [ -42.801419, -5.165937 ], [ -42.797559, -5.182831 ], [ -42.799634, -5.198699 ], [ -42.827106, -5.233426 ], [ -42.82553, -5.250527 ], [ -42.816614, -5.272329 ], [ -42.810977, -5.284382 ], [ -42.81465, -5.313798 ], [ -42.826298, -5.347642 ], [ -42.832818, -5.353122 ], [ -42.864505, -5.367649 ], [ -42.869318, -5.376808 ], [ -42.883219, -5.390383 ], [ -42.899918, -5.389137 ], [ -42.907611, -5.391876 ], [ -42.911945, -5.395691 ], [ -42.922641, -5.427668 ], [ -42.929118, -5.437043 ], [ -42.962087, -5.446077 ], [ -42.968391, -5.451623 ], [ -42.973104, -5.480149 ], [ -42.973594, -5.483659 ], [ -42.990307, -5.499252 ], [ -42.994863, -5.506555 ], [ -43.004889, -5.541516 ], [ -43.010939, -5.548057 ], [ -43.024, -5.56026 ], [ -43.02704, -5.578704 ], [ -43.027052, -5.578731 ], [ -43.034158, -5.591804 ], [ -43.048417, -5.591574 ], [ -43.080252, -5.599461 ], [ -43.089006, -5.60439 ], [ -43.094686, -5.615064 ], [ -43.098609, -5.632801 ], [ -43.090698, -5.633374 ], [ -43.083865, -5.640072 ], [ -43.083581, -5.658995 ], [ -43.087784, -5.670067 ], [ -43.08755, -5.68307 ], [ -43.076467, -5.728529 ], [ -43.079785, -5.741534 ], [ -43.093615, -5.740479 ], [ -43.096656, -5.745361 ], [ -43.101315, -5.761962 ], [ -43.097643, -5.792732 ], [ -43.091307, -5.806027 ], [ -43.095525, -5.834139 ], [ -43.076556, -5.86433 ], [ -43.076167, -5.866693 ], [ -43.09903, -5.899163 ], [ -43.09903, -5.90619 ], [ -43.094974, -5.910005 ], [ -43.087278, -5.921396 ], [ -43.087282, -5.944816 ], [ -43.081351, -5.960813 ], [ -43.073115, -5.973904 ], [ -43.05507, -5.986008 ], [ -43.050864, -5.989173 ], [ -43.048233, -6.000149 ], [ -43.04989, -6.015074 ], [ -43.055811, -6.026937 ], [ -43.075, -6.039886 ], [ -43.074612, -6.054315 ], [ -43.059644, -6.07112 ], [ -43.049588, -6.099355 ], [ -43.033707, -6.110955 ], [ -43.010945, -6.11062 ], [ -42.994416, -6.1155 ], [ -42.982049, -6.127997 ], [ -42.978994, -6.137756 ], [ -42.975061, -6.167148 ], [ -42.968196, -6.177859 ], [ -42.951476, -6.187307 ], [ -42.933513, -6.192647 ], [ -42.916248, -6.213012 ], [ -42.892876, -6.225643 ], [ -42.876805, -6.2254 ], [ -42.867535, -6.233051 ], [ -42.86216, -6.239048 ], [ -42.854823, -6.252677 ], [ -42.854882, -6.253151 ], [ -42.855079, -6.266705 ], [ -42.846614, -6.2821 ], [ -42.850308, -6.306956 ], [ -42.859801, -6.33015 ], [ -42.854328, -6.333264 ], [ -42.836692, -6.324958 ], [ -42.828944, -6.337027 ], [ -42.831033, -6.342009 ], [ -42.851976, -6.358714 ], [ -42.856137, -6.370192 ], [ -42.857337, -6.389712 ], [ -42.877365, -6.417473 ], [ -42.876831, -6.428371 ], [ -42.869168, -6.449941 ], [ -42.870696, -6.465858 ], [ -42.866368, -6.482042 ], [ -42.868524, -6.487033 ], [ -42.882612, -6.493586 ], [ -42.8863, -6.50471 ], [ -42.884724, -6.50852 ], [ -42.870837, -6.511681 ], [ -42.889054, -6.538111 ], [ -42.884213, -6.560095 ], [ -42.883527, -6.568485 ], [ -42.890828, -6.58164 ], [ -42.903718, -6.597256 ], [ -42.916834, -6.63691 ], [ -42.915004, -6.645673 ], [ -42.913945, -6.652634 ], [ -42.919386, -6.669913 ], [ -42.949329, -6.704489 ], [ -42.961671, -6.709202 ], [ -42.973642, -6.714263 ], [ -42.982202, -6.722163 ], [ -42.990972, -6.745041 ], [ -43.000678, -6.754032 ], [ -43.01693, -6.760522 ], [ -43.033001, -6.76226 ], [ -43.046475, -6.761063 ], [ -43.06539, -6.748844 ], [ -43.081721, -6.747684 ], [ -43.104721, -6.77035 ], [ -43.130421, -6.780601 ], [ -43.145637, -6.782703 ], [ -43.152278, -6.782378 ], [ -43.168341, -6.769335 ], [ -43.178057, -6.766325 ], [ -43.214745, -6.762672 ], [ -43.244303, -6.765955 ], [ -43.250833, -6.76989 ], [ -43.262797, -6.78554 ], [ -43.278333, -6.796219 ], [ -43.301894, -6.800823 ], [ -43.348591, -6.79768 ], [ -43.363696, -6.818913 ], [ -43.387479, -6.81726 ], [ -43.391188, -6.833965 ], [ -43.399086, -6.832852 ], [ -43.408752, -6.841263 ], [ -43.419644, -6.843436 ], [ -43.443966, -6.838214 ], [ -43.454443, -6.845808 ], [ -43.48156, -6.8347 ], [ -43.489164, -6.819444 ], [ -43.494901, -6.808874 ], [ -43.506495, -6.800008 ], [ -43.536925, -6.79181 ], [ -43.545884, -6.782685 ], [ -43.550998, -6.759467 ], [ -43.56094, -6.748969 ], [ -43.57116, -6.748559 ], [ -43.57551, -6.756454 ], [ -43.583981, -6.757087 ], [ -43.598529, -6.743295 ], [ -43.621198, -6.734611 ], [ -43.637116, -6.719166 ], [ -43.658605, -6.709935 ], [ -43.659295, -6.709715 ], [ -43.672325, -6.705873 ], [ -43.698146, -6.709155 ], [ -43.706773, -6.699421 ], [ -43.714594, -6.698337 ], [ -43.728318, -6.704405 ], [ -43.753425, -6.703091 ], [ -43.760339, -6.702041 ], [ -43.774447, -6.71454 ], [ -43.790459, -6.701936 ], [ -43.797071, -6.702761 ], [ -43.800197, -6.707287 ], [ -43.807789, -6.719877 ], [ -43.819729, -6.726881 ], [ -43.853364, -6.735215 ], [ -43.879521, -6.757386 ], [ -43.913397, -6.752265 ], [ -43.930074, -6.770657 ], [ -43.944705, -6.765113 ], [ -43.948944, -6.751347 ], [ -43.960812, -6.741502 ], [ -43.970335, -6.743825 ], [ -43.987335, -6.756881 ], [ -44.032995, -6.760008 ], [ -44.037542, -6.763937 ], [ -44.042498, -6.769038 ], [ -44.052972, -6.767912 ], [ -44.05706, -6.774045 ], [ -44.06047, -6.79035 ], [ -44.058664, -6.808041 ], [ -44.069298, -6.820981 ], [ -44.076588, -6.820729 ], [ -44.088475, -6.802904 ], [ -44.106755, -6.801974 ], [ -44.115876, -6.80539 ], [ -44.11264, -6.822759 ], [ -44.098311, -6.839547 ], [ -44.104002, -6.85615 ], [ -44.108612, -6.857215 ], [ -44.113778, -6.852473 ], [ -44.114777, -6.837956 ], [ -44.119499, -6.832392 ], [ -44.124724, -6.835188 ], [ -44.138773, -6.86371 ], [ -44.160496, -6.872403 ], [ -44.176305, -6.905451 ], [ -44.173141, -6.923942 ], [ -44.175635, -6.927511 ], [ -44.192472, -6.92565 ], [ -44.201026, -6.932118 ], [ -44.205611, -6.96306 ], [ -44.235501, -6.998337 ], [ -44.248474, -6.998326 ], [ -44.261581, -6.998325 ], [ -44.264392, -7.020586 ] ] ] } }
]
}
