estado_abrev,regional_nome,municipio,municipio_id_sdv
AC,Acre,Acrelândia,120001
AC,Acre,Bujari,120013
AC,Acre,Capixaba,120017
AC,Acre,Manoel Urbano,120034
AC,Acre,Plácido de Castro,120038
AC,Acre,Porto Acre,120080
AC,Acre,Rio Branco,120040
AC,Acre,Santa Rosa do Purus,120043
AC,Acre,Sena Madureira,120050
AC,Acre,Senador Guiomard,120045
AC,Brasiléia,Assis Brasil,120005
AC,Brasiléia,Brasiléia,120010
AC,Brasiléia,Epitaciolândia,120025
AC,Brasiléia,Xapuri,120070
AC,Cruzeiro do Sul,Cruzeiro do Sul,120020
AC,Cruzeiro do Sul,Feijó,120030
AC,Cruzeiro do Sul,Jordão,120032
AC,Cruzeiro do Sul,Mâncio Lima,120033
AC,Cruzeiro do Sul,Marechal Thaumaturgo,120035
AC,Cruzeiro do Sul,Porto Walter,120039
AC,Cruzeiro do Sul,Rodrigues Alves,120042
AC,Cruzeiro do Sul,Tarauacá,120060
AL,Região 01,Atalaia,270040
AL,Região 01,Barra de Santo Antônio,270050
AL,Região 01,Barra de São Miguel,270060
AL,Região 01,Cajueiro,270130
AL,Região 01,Capela,270170
AL,Região 01,Chã Preta,270190
AL,Região 01,Coqueiro Seco,270220
AL,Região 01,Jacuípe,270350
AL,Região 01,Japaratinga,270360
AL,Região 01,Maceió,270430
AL,Região 01,Maragogi,270450
AL,Região 01,Marechal Deodoro,270470
AL,Região 01,Matriz de Camaragibe,270510
AL,Região 01,Messias,270520
AL,Região 01,Paripueira,270644
AL,Região 01,Passo de Camaragibe,270650
AL,Região 01,Paulo Jacinto,270660
AL,Região 01,Pilar,270690
AL,Região 01,Pindoba,270700
AL,Região 01,Porto Calvo,270730
AL,Região 01,Porto de Pedras,270740
AL,Região 01,Rio Largo,270770
AL,Região 01,Santa Luzia do Norte,270790
AL,Região 01,São Luís do Quitunde,270850
AL,Região 01,São Miguel dos Milagres,270870
AL,Região 01,Satuba,270890
AL,Região 01,Viçosa,270940
AL,Região 02,Anadia,270020
AL,Região 02,Boca da Mata,270100
AL,Região 02,Campo Alegre,270140
AL,Região 02,Coruripe,270230
AL,Região 02,Feliz Deserto,270270
AL,Região 02,Igreja Nova,270320
AL,Região 02,Jequiá da Praia,270375
AL,Região 02,Junqueiro,270400
AL,Região 02,Penedo,270670
AL,Região 02,Piaçabuçu,270680
AL,Região 02,Porto Real do Colégio,270750
AL,Região 02,Roteiro,270780
AL,Região 02,São Brás,270820
AL,Região 02,São Miguel dos Campos,270860
AL,Região 02,Teotônio Vilela,270915
AL,Região 03,Água Branca,270010
AL,Região 03,Batalha,270070
AL,Região 03,Belo Monte,270090
AL,Região 03,Canapi,270160
AL,Região 03,Carneiros,270180
AL,Região 03,Delmiro Gouveia,270240
AL,Região 03,Dois Riachos,270250
AL,Região 03,Inhapi,270330
AL,Região 03,Jacaré dos Homens,270340
AL,Região 03,Maravilha,270460
AL,Região 03,Mata Grande,270500
AL,Região 03,Monteirópolis,270540
AL,Região 03,Olho d'Água das Flores,270570
AL,Região 03,Olho d'Água do Casado,270580
AL,Região 03,Olivença,270600
AL,Região 03,Ouro Branco,270610
AL,Região 03,Palestina,270620
AL,Região 03,Pão de Açúcar,270640
AL,Região 03,Pariconha,270642
AL,Região 03,Piranhas,270710
AL,Região 03,Poço das Trincheiras,270720
AL,Região 03,Santana do Ipanema,270800
AL,Região 03,São José da Tapera,270840
AL,Região 03,Senador Rui Palmeira,270895
AL,Região 04,Arapiraca,270030
AL,Região 04,Belém,270080
AL,Região 04,Cacimbinhas,270120
AL,Região 04,Campo Grande,270150
AL,Região 04,Coité do Nóia,270200
AL,Região 04,Craíbas,270235
AL,Região 04,Estrela de Alagoas,270255
AL,Região 04,Feira Grande,270260
AL,Região 04,Girau do Ponciano,270290
AL,Região 04,Igaci,270310
AL,Região 04,Jaramataia,270370
AL,Região 04,Lagoa da Canoa,270410
AL,Região 04,Limoeiro de Anadia,270420
AL,Região 04,Major Isidoro,270440
AL,Região 04,Mar Vermelho,270490
AL,Região 04,Maribondo,270480
AL,Região 04,Minador do Negrão,270530
AL,Região 04,Olho d'Água Grande,270590
AL,Região 04,Palmeira dos Índios,270630
AL,Região 04,Quebrangulo,270760
AL,Região 04,São Sebastião,270880
AL,Região 04,Tanque d'Arca,270900
AL,Região 04,Taquarana,270910
AL,Região 04,Traipu,270920
AL,Região 05,Branquinha,270110
AL,Região 05,Campestre,270135
AL,Região 05,Colônia Leopoldina,270210
AL,Região 05,Flexeiras,270280
AL,Região 05,Ibateguara,270300
AL,Região 05,Joaquim Gomes,270380
AL,Região 05,Jundiá,270390
AL,Região 05,Murici,270550
AL,Região 05,Novo Lino,270560
AL,Região 05,Santana do Mundaú,270810
AL,Região 05,São José da Laje,270830
AL,Região 05,União dos Palmares,270930
AM,Alto Solimões,Amaturá,130006
AM,Alto Solimões,Atalaia do Norte,130020
AM,Alto Solimões,Benjamin Constant,130060
AM,Alto Solimões,Santo Antônio do Içá,130370
AM,Alto Solimões,São Paulo de Olivença,130390
AM,Alto Solimões,Tabatinga,130406
AM,Alto Solimões,Tonantins,130423
AM,Amazonas,Apuí,130014
AM,Amazonas,Barcelos,130040
AM,Amazonas,Boca do Acre,130070
AM,Amazonas,Borba,130080
AM,Amazonas,Canutama,130090
AM,Amazonas,Coari,130120
AM,Amazonas,Codajás,130130
AM,Amazonas,Guajará,130165
AM,Amazonas,Humaitá,130170
AM,Amazonas,Ipixuna,130180
AM,Amazonas,Lábrea,130240
AM,Amazonas,Manicoré,130270
AM,Amazonas,Novo Aripuanã,130330
AM,Amazonas,Pauini,130350
AM,Amazonas,Santa Isabel do Rio Negro,130360
AM,Amazonas,São Gabriel da Cachoeira,130380
AM,Amazonas,Tapauá,130410
AM,Baixo Amazonas,Barreirinha,130050
AM,Baixo Amazonas,Boa Vista do Ramos,130068
AM,Baixo Amazonas,Maués,130290
AM,Baixo Amazonas,Nhamundá,130300
AM,Baixo Amazonas,Parintins,130340
AM,Entorno de Manaus,Autazes,130030
AM,Entorno de Manaus,Careiro,130110
AM,Entorno de Manaus,Careiro da Várzea,130115
AM,Entorno de Manaus,Iranduba,130185
AM,Entorno de Manaus,Manaquiri,130255
AM,Entorno de Manaus,Manaus,130260
AM,Entorno de Manaus,Nova Olinda do Norte,130310
AM,Entorno de Manaus,Presidente Figueiredo,130353
AM,Entorno de Manaus,Rio Preto da Eva,130356
AM,Médio Amazonas,Itacoatiara,130190
AM,Médio Amazonas,Itapiranga,130200
AM,Médio Amazonas,São Sebastião do Uatumã,130395
AM,Médio Amazonas,Silves,130400
AM,Médio Amazonas,Urucará,130430
AM,Médio Amazonas,Urucurituba,130440
AM,Rio Negro e Solimões,Anamã,130008
AM,Rio Negro e Solimões,Anori,130010
AM,Rio Negro e Solimões,Beruri,130063
AM,Rio Negro e Solimões,Caapiranga,130083
AM,Rio Negro e Solimões,Manacapuru,130250
AM,Rio Negro e Solimões,Novo Airão,130320
AM,Triângulo,Alvarães,130002
AM,Triângulo,Carauari,130100
AM,Triângulo,Eirunepé,130140
AM,Triângulo,Envira,130150
AM,Triângulo,Fonte Boa,130160
AM,Triângulo,Itamarati,130195
AM,Triângulo,Japurá,130210
AM,Triângulo,Juruá,130220
AM,Triângulo,Jutaí,130230
AM,Triângulo,Maraã,130280
AM,Triângulo,Tefé,130420
AM,Triângulo,Uarini,130426
AP,I Regional de Saúde,Cutias,160021
AP,I Regional de Saúde,Ferreira Gomes,160023
AP,I Regional de Saúde,Itaubal,160025
AP,I Regional de Saúde,Laranjal do Jari,160027
AP,I Regional de Saúde,Macapá,160030
AP,I Regional de Saúde,Mazagão,160040
AP,I Regional de Saúde,Oiapoque,160050
AP,I Regional de Saúde,Pedra Branca do Amapari,160015
AP,I Regional de Saúde,Porto Grande,160053
AP,I Regional de Saúde,Santana,160060
AP,I Regional de Saúde,Serra do Navio,160005
AP,I Regional de Saúde,Vitória do Jari,160080
AP,II Regional de Saúde,Amapá,160010
AP,II Regional de Saúde,Calçoene,160020
AP,II Regional de Saúde,Pracuúba,160055
AP,II Regional de Saúde,Tartarugalzinho,160070
BA,Alagoinhas,Acajutiba,290030
BA,Alagoinhas,Alagoinhas,290070
BA,Alagoinhas,Aporá,290190
BA,Alagoinhas,Araças,290205
BA,Alagoinhas,Aramari,290220
BA,Alagoinhas,Cardeal da Silva,290700
BA,Alagoinhas,Catu,290750
BA,Alagoinhas,Crisópolis,290960
BA,Alagoinhas,Entre Rios,291050
BA,Alagoinhas,Esplanada,291060
BA,Alagoinhas,Inhambupe,291370
BA,Alagoinhas,Itanagra,291590
BA,Alagoinhas,Itapicuru,291650
BA,Alagoinhas,Jandaíra,291790
BA,Alagoinhas,Ouriçangas,292330
BA,Alagoinhas,Pedrão,292410
BA,Alagoinhas,Rio Real,292700
BA,Alagoinhas,Sátiro Dias,292970
BA,Amargosa,Amargosa,290100
BA,Amargosa,Elísio Medrado,291030
BA,Amargosa,Itatim,291685
BA,Amargosa,Jiquiriçá,291820
BA,Amargosa,Laje,291880
BA,Amargosa,Milagres,292130
BA,Amargosa,Mutuípe,292240
BA,Amargosa,Nova Itarana,292280
BA,Amargosa,São Miguel das Matas,292940
BA,Amargosa,Ubaíra,293210
BA,Barreiras,Angical,290140
BA,Barreiras,Baianópolis,290250
BA,Barreiras,Barreiras,290320
BA,Barreiras,Brejolândia,290440
BA,Barreiras,Catolândia,290740
BA,Barreiras,Cotegipe,290940
BA,Barreiras,Cristópolis,290970
BA,Barreiras,Formosa do Rio Preto,291110
BA,Barreiras,Luís Eduardo Magalhães,291955
BA,Barreiras,Mansidão,292045
BA,Barreiras,Riachão das Neves,292620
BA,Barreiras,Santa Rita de Cássia,292840
BA,Barreiras,São Desidério,292890
BA,Barreiras,Tabocas do Brejo Velho,293090
BA,Barreiras,Wanderley,293345
BA,Boquira,Boquira,290410
BA,Boquira,Botuporã,290420
BA,Boquira,Caturama,290755
BA,Boquira,Érico Cardoso,290050
BA,Boquira,Ibipitanga,291250
BA,Boquira,Macaúbas,291980
BA,Boquira,Paramirim,292360
BA,Boquira,Rio do Pires,292690
BA,Brumado,Aracatu,290200
BA,Brumado,Barra da Estiva,290280
BA,Brumado,Brumado,290460
BA,Brumado,Contendas do Sincorá,290880
BA,Brumado,Dom Basílio,291010
BA,Brumado,Guajeru,291165
BA,Brumado,Ibicoara,291220
BA,Brumado,Ituaçu,291720
BA,Brumado,Jussiape,291860
BA,Brumado,Livramento de Nossa Senhora,291950
BA,Brumado,Malhada de Pedras,292030
BA,Brumado,Rio de Contas,292670
BA,Brumado,Tanhaçu,293100
BA,Caetité,Caculé,290500
BA,Caetité,Caetité,290520
BA,Caetité,Ibiassucê,291200
BA,Caetité,Igaporã,291340
BA,Caetité,Jacaraci,291740
BA,Caetité,Lagoa Real,291875
BA,Caetité,Licínio de Almeida,291940
BA,Caetité,Mortugaba,292180
BA,Caetité,Riacho de Santana,292640
BA,Caetité,Rio do Antônio,292680
BA,Caetité,Tanque Novo,293105
BA,Cícero Dantas,Adustina,290035
BA,Cícero Dantas,Antas,290160
BA,Cícero Dantas,Banzaê,290265
BA,Cícero Dantas,Cícero Dantas,290780
BA,Cícero Dantas,Cipó,290790
BA,Cícero Dantas,Coronel João Sá,290920
BA,Cícero Dantas,Fátima,291075
BA,Cícero Dantas,Heliópolis,291185
BA,Cícero Dantas,Nova Soure,292290
BA,Cícero Dantas,Novo Triunfo,292305
BA,Cícero Dantas,Olindina,292310
BA,Cícero Dantas,Paripiranga,292380
BA,Cícero Dantas,Ribeira do Amparo,292650
BA,Cícero Dantas,Ribeira do Pombal,292660
BA,Cícero Dantas,Sítio do Quinto,293076
BA,Cruz das Almas,Cabaceiras do Paraguaçu,290485
BA,Cruz das Almas,Cachoeira,290490
BA,Cruz das Almas,Conceição da Feira,290820
BA,Cruz das Almas,Cruz das Almas,290980
BA,Cruz das Almas,Governador Mangabeira,291160
BA,Cruz das Almas,Maragogipe,292060
BA,Cruz das Almas,Muritiba,292230
BA,Cruz das Almas,São Félix,292900
BA,Cruz das Almas,Sapeaçu,292960
BA,Eunápolis,Belmonte,290340
BA,Eunápolis,Eunápolis,291072
BA,Eunápolis,Guaratinga,291180
BA,Eunápolis,Itabela,291465
BA,Eunápolis,Itagimirim,291530
BA,Eunápolis,Itapebi,291630
BA,Eunápolis,Porto Seguro,292530
BA,Eunápolis,Santa Cruz Cabrália,292770
BA,Feira de Santana,Amélia Rodrigues,290110
BA,Feira de Santana,Anguera,290150
BA,Feira de Santana,Antônio Cardoso,290170
BA,Feira de Santana,Candeal,290640
BA,Feira de Santana,Conceição do Jacuípe,290850
BA,Feira de Santana,Coração de Maria,290890
BA,Feira de Santana,Feira de Santana,291080
BA,Feira de Santana,Ichu,291330
BA,Feira de Santana,Ipecaetá,291380
BA,Feira de Santana,Ipirá,291400
BA,Feira de Santana,Irará,291450
BA,Feira de Santana,Pintadas,292465
BA,Feira de Santana,Rafael Jambeiro,292595
BA,Feira de Santana,Riachão do Jacuípe,292630
BA,Feira de Santana,Santa Bárbara,292750
BA,Feira de Santana,Santanópolis,292830
BA,Feira de Santana,Santo Estêvão,292880
BA,Feira de Santana,São Gonçalo dos Campos,292930
BA,Feira de Santana,Serra Preta,293040
BA,Feira de Santana,Tanquinho,293110
BA,Feira de Santana,Teodoro Sampaio,293140
BA,Feira de Santana,Terra Nova,293170
BA,Gandu,Cairu,290540
BA,Gandu,Camamu,290580
BA,Gandu,Gandu,291120
BA,Gandu,Igrapiúna,291345
BA,Gandu,Ituberá,291730
BA,Gandu,Maraú,292070
BA,Gandu,Nilo Peçanha,292260
BA,Gandu,Nova Ibiá,292275
BA,Gandu,Piraí do Norte,292467
BA,Gandu,Taperoá,293120
BA,Gandu,Teolândia,293160
BA,Gandu,Valença,293290
BA,Gandu,Wenceslau Guimarães,293350
BA,Guanambi,Candiba,290660
BA,Guanambi,Carinhanha,290710
BA,Guanambi,Guanambi,291170
BA,Guanambi,Iuiú,291733
BA,Guanambi,Malhada,292020
BA,Guanambi,Matina,292105
BA,Guanambi,Palmas de Monte Alto,292340
BA,Guanambi,Pindaí,292450
BA,Guanambi,Sebastião Laranjeiras,293000
BA,Guanambi,Urandi,293260
BA,Ibotirama,Barra,290270
BA,Ibotirama,Brotas de Macaúbas,290450
BA,Ibotirama,Buritirama,290475
BA,Ibotirama,Ibotirama,291320
BA,Ibotirama,Ipupiara,291410
BA,Ibotirama,Morpará,292160
BA,Ibotirama,Muquém de São Francisco,292225
BA,Ibotirama,Oliveira dos Brejinhos,292320
BA,Ibotirama,Paratinga,292370
BA,Ilhéus,Arataca,290225
BA,Ilhéus,Canavieiras,290630
BA,Ilhéus,Ilhéus,291360
BA,Ilhéus,Itacaré,291490
BA,Ilhéus,Mascote,292090
BA,Ilhéus,Santa Luzia,292805
BA,Ilhéus,Una,293250
BA,Ilhéus,Uruçuca,293270
BA,Irecê,América Dourada,290115
BA,Irecê,Barra do Mendes,290300
BA,Irecê,Barro Alto,290323
BA,Irecê,Cafarnaum,290530
BA,Irecê,Canarana,290620
BA,Irecê,Central,290760
BA,Irecê,Gentio do Ouro,291130
BA,Irecê,Ibipeba,291240
BA,Irecê,Ibititá,291310
BA,Irecê,Irecê,291460
BA,Irecê,Itaguaçu da Bahia,291535
BA,Irecê,João Dourado,291835
BA,Irecê,Jussara,291850
BA,Irecê,Lapão,291915
BA,Irecê,Mulungu do Morro,292205
BA,Irecê,Presidente Dutra,292560
BA,Irecê,São Gabriel,292925
BA,Irecê,Uibaí,293240
BA,Irecê,Xique-Xique,293360
BA,Itaberaba,Andaraí,290130
BA,Itaberaba,Boa Vista do Tupim,290380
BA,Itaberaba,Bonito,290405
BA,Itaberaba,Iaçu,291190
BA,Itaberaba,Ibiquera,291260
BA,Itaberaba,Itaberaba,291470
BA,Itaberaba,Itaeté,291500
BA,Itaberaba,Lajedinho,291900
BA,Itaberaba,Macajuba,291960
BA,Itaberaba,Marcionílio Souza,292080
BA,Itaberaba,Nova Redenção,292285
BA,Itaberaba,Ruy Barbosa,292720
BA,Itaberaba,Utinga,293280
BA,Itaberaba,Wagner,293340
BA,Itabuna,Almadina,290090
BA,Itabuna,Aurelino Leal,290240
BA,Itabuna,Barro Preto,290330
BA,Itabuna,Buerarema,290470
BA,Itabuna,Camacan,290560
BA,Itabuna,Coaraci,290800
BA,Itabuna,Floresta Azul,291100
BA,Itabuna,Gongogi,291150
BA,Itabuna,Ibicaraí,291210
BA,Itabuna,Ibirapitanga,291270
BA,Itabuna,Itabuna,291480
BA,Itabuna,Itaju do Colônia,291540
BA,Itabuna,Itajuípe,291550
BA,Itabuna,Itapé,291620
BA,Itabuna,Itapitanga,291660
BA,Itabuna,Jussari,291855
BA,Itabuna,Pau Brasil,292390
BA,Itabuna,Santa Cruz da Vitória,292780
BA,Itabuna,São José da Vitória,292935
BA,Itabuna,Ubaitaba,293220
BA,Itabuna,Ubatã,293230
BA,Itapetinga,Caatiba,290480
BA,Itapetinga,Firmino Alves,291090
BA,Itapetinga,Ibicuí,291230
BA,Itapetinga,Iguaí,291350
BA,Itapetinga,Itambé,291580
BA,Itapetinga,Itapetinga,291640
BA,Itapetinga,Itarantim,291680
BA,Itapetinga,Itororó,291710
BA,Itapetinga,Macarani,291970
BA,Itapetinga,Maiquinique,292000
BA,Itapetinga,Nova Canaã,292270
BA,Itapetinga,Potiraguá,292540
BA,Jacobina,Caém,290510
BA,Jacobina,Caldeirão Grande,290550
BA,Jacobina,Capim Grosso,290687
BA,Jacobina,Jacobina,291750
BA,Jacobina,Mairi,292010
BA,Jacobina,Miguel Calmon,292120
BA,Jacobina,Mirangaba,292140
BA,Jacobina,Morro do Chapéu,292170
BA,Jacobina,Ourolândia,292335
BA,Jacobina,Piritiba,292480
BA,Jacobina,Quixabeira,292593
BA,Jacobina,São José do Jacuípe,292937
BA,Jacobina,Saúde,292980
BA,Jacobina,Serrolândia,293060
BA,Jacobina,Tapiramutá,293130
BA,Jacobina,Umburanas,293245
BA,Jacobina,Várzea da Roça,293305
BA,Jacobina,Várzea do Poço,293310
BA,Jacobina,Várzea Nova,293315
BA,Jequié,Aiquara,290060
BA,Jequié,Apuarema,290195
BA,Jequié,Barra do Rocha,290310
BA,Jequié,Boa Nova,290370
BA,Jequié,Brejões,290430
BA,Jequié,Cravolândia,290950
BA,Jequié,Dário Meira,291000
BA,Jequié,Ibirataia,291290
BA,Jequié,Ipiaú,291390
BA,Jequié,Irajuba,291420
BA,Jequié,Iramaia,291430
BA,Jequié,Itagi,291510
BA,Jequié,Itagibá,291520
BA,Jequié,Itamari,291570
BA,Jequié,Itaquara,291670
BA,Jequié,Itiruçu,291690
BA,Jequié,Jaguaquara,291760
BA,Jequié,Jequié,291800
BA,Jequié,Jitaúna,291830
BA,Jequié,Lafaiete Coutinho,291870
BA,Jequié,Lajedo do Tabocal,291905
BA,Jequié,Manoel Vitorino,292040
BA,Jequié,Maracás,292050
BA,Jequié,Planaltino,292490
BA,Jequié,Santa Inês,292790
BA,Juazeiro,Campo Alegre de Lourdes,290590
BA,Juazeiro,Casa Nova,290720
BA,Juazeiro,Curaçá,290990
BA,Juazeiro,Juazeiro,291840
BA,Juazeiro,Pilão Arcado,292440
BA,Juazeiro,Remanso,292600
BA,Juazeiro,Sento Sé,293020
BA,Juazeiro,Sobradinho,293077
BA,Juazeiro,Uauá,293200
BA,Mundo Novo,Baixa Grande,290260
BA,Mundo Novo,Capela do Alto Alegre,290685
BA,Mundo Novo,Gavião,291125
BA,Mundo Novo,Mundo Novo,292210
BA,Mundo Novo,Nova Fátima,292273
BA,Mundo Novo,Pé de Serra,292405
BA,Paulo Afonso,Abaré,290020
BA,Paulo Afonso,Chorrochó,290770
BA,Paulo Afonso,Glória,291140
BA,Paulo Afonso,Jeremoabo,291810
BA,Paulo Afonso,Macururé,291990
BA,Paulo Afonso,Paulo Afonso,292400
BA,Paulo Afonso,Pedro Alexandre,292420
BA,Paulo Afonso,Rodelas,292710
BA,Paulo Afonso,Santa Brígida,292760
BA,Salvador,Camaçari,290570
BA,Salvador,Candeias,290650
BA,Salvador,Conde,290860
BA,Salvador,Dias d'Ávila,291005
BA,Salvador,Itaparica,291610
BA,Salvador,Lauro de Freitas,291920
BA,Salvador,Madre de Deus,291992
BA,Salvador,Mata de São João,292100
BA,Salvador,Pojuca,292520
BA,Salvador,Salvador,292740
BA,Salvador,Santo Amaro,292860
BA,Salvador,São Francisco do Conde,292920
BA,Salvador,São Sebastião do Passé,292950
BA,Salvador,Saubara,292975
BA,Salvador,Simões Filho,293070
BA,Salvador,Vera Cruz,293320
BA,Santa Maria da Vitória,Bom Jesus da Lapa,290390
BA,Santa Maria da Vitória,Canápolis,290610
BA,Santa Maria da Vitória,Cocos,290810
BA,Santa Maria da Vitória,Coribe,290910
BA,Santa Maria da Vitória,Correntina,290930
BA,Santa Maria da Vitória,Feira da Mata,291077
BA,Santa Maria da Vitória,Jaborandi,291735
BA,Santa Maria da Vitória,Santa Maria da Vitória,292810
BA,Santa Maria da Vitória,Santana,292820
BA,Santa Maria da Vitória,São Félix do Coribe,292905
BA,Santa Maria da Vitória,Serra do Ramalho,293015
BA,Santa Maria da Vitória,Serra Dourada,293030
BA,Santa Maria da Vitória,Sítio do Mato,293075
BA,Santo Antônio de Jesus,Aratuípe,290230
BA,Santo Antônio de Jesus,Castro Alves,290730
BA,Santo Antônio de Jesus,Conceição do Almeida,290830
BA,Santo Antônio de Jesus,Dom Macedo Costa,291020
BA,Santo Antônio de Jesus,Jaguaripe,291780
BA,Santo Antônio de Jesus,Muniz Ferreira,292220
BA,Santo Antônio de Jesus,Nazaré,292250
BA,Santo Antônio de Jesus,Presidente Tancredo Neves,292575
BA,Santo Antônio de Jesus,Salinas da Margarida,292730
BA,Santo Antônio de Jesus,Santa Teresinha,292850
BA,Santo Antônio de Jesus,Santo Antônio de Jesus,292870
BA,Santo Antônio de Jesus,São Felipe,292910
BA,Santo Antônio de Jesus,Varzedo,293317
BA,Seabra,Abaíra,290010
BA,Seabra,Boninal,290400
BA,Seabra,Ibitiara,291300
BA,Seabra,Iraquara,291440
BA,Seabra,Lençóis,291930
BA,Seabra,Mucugê,292190
BA,Seabra,Novo Horizonte,292303
BA,Seabra,Palmeiras,292350
BA,Seabra,Piatã,292430
BA,Seabra,Seabra,292990
BA,Seabra,Souto Soares,293080
BA,Senhor do Bonfim,Andorinha,290135
BA,Senhor do Bonfim,Antônio Gonçalves,290180
BA,Senhor do Bonfim,Campo Formoso,290600
BA,Senhor do Bonfim,Filadélfia,291085
BA,Senhor do Bonfim,Itiúba,291700
BA,Senhor do Bonfim,Jaguarari,291770
BA,Senhor do Bonfim,Pindobaçu,292460
BA,Senhor do Bonfim,Ponto Novo,292525
BA,Senhor do Bonfim,Senhor do Bonfim,293010
BA,Serrinha,Água Fria,290040
BA,Serrinha,Araci,290210
BA,Serrinha,Barrocas,290327
BA,Serrinha,Biritinga,290360
BA,Serrinha,Cansanção,290680
BA,Serrinha,Canudos,290682
BA,Serrinha,Conceição do Coité,290840
BA,Serrinha,Euclides da Cunha,291070
BA,Serrinha,Lamarão,291910
BA,Serrinha,Monte Santo,292150
BA,Serrinha,Nordestina,292265
BA,Serrinha,Queimadas,292580
BA,Serrinha,Quijingue,292590
BA,Serrinha,Retirolândia,292610
BA,Serrinha,Santaluz,292800
BA,Serrinha,São Domingos,292895
BA,Serrinha,Serrinha,293050
BA,Serrinha,Teofilândia,293150
BA,Serrinha,Tucano,293190
BA,Serrinha,Valente,293300
BA,Teixeira de Freitas,Alcobaça,290080
BA,Teixeira de Freitas,Caravelas,290690
BA,Teixeira de Freitas,Ibirapuã,291280
BA,Teixeira de Freitas,Itamaraju,291560
BA,Teixeira de Freitas,Itanhém,291600
BA,Teixeira de Freitas,Jucuruçu,291845
BA,Teixeira de Freitas,Lajedão,291890
BA,Teixeira de Freitas,Medeiros Neto,292110
BA,Teixeira de Freitas,Mucuri,292200
BA,Teixeira de Freitas,Nova Viçosa,292300
BA,Teixeira de Freitas,Prado,292550
BA,Teixeira de Freitas,Teixeira de Freitas,293135
BA,Teixeira de Freitas,Vereda,293325
BA,Vitória da Conquista,Anagé,290120
BA,Vitória da Conquista,Barra do Choça,290290
BA,Vitória da Conquista,Belo Campo,290350
BA,Vitória da Conquista,Bom Jesus da Serra,290395
BA,Vitória da Conquista,Caetanos,290515
BA,Vitória da Conquista,Cândido Sales,290670
BA,Vitória da Conquista,Caraíbas,290689
BA,Vitória da Conquista,Condeúba,290870
BA,Vitória da Conquista,Cordeiros,290900
BA,Vitória da Conquista,Encruzilhada,291040
BA,Vitória da Conquista,Maetinga,291995
BA,Vitória da Conquista,Mirante,292145
BA,Vitória da Conquista,Piripá,292470
BA,Vitória da Conquista,Planalto,292500
BA,Vitória da Conquista,Poções,292510
BA,Vitória da Conquista,Presidente Jânio Quadros,292570
BA,Vitória da Conquista,Ribeirão do Largo,292665
BA,Vitória da Conquista,Tremedal,293180
BA,Vitória da Conquista,Vitória da Conquista,293330
CE,Acaraú,Acaraú,230020
CE,Acaraú,Bela Cruz,230230
CE,Acaraú,Cruz,230425
CE,Acaraú,Itarema,230655
CE,Acaraú,Jijoca de Jericoacoara,230725
CE,Acaraú,Marco,230780
CE,Acaraú,Morrinhos,230890
CE,Aracati,Aracati,230110
CE,Aracati,Beberibe,230220
CE,Aracati,Fortim,230445
CE,Aracati,Icapuí,230535
CE,Aracati,Itaiçaba,230620
CE,Baturité,Aracoiaba,230120
CE,Baturité,Aratuba,230140
CE,Baturité,Baturité,230210
CE,Baturité,Capistrano,230290
CE,Baturité,Guaramiranga,230510
CE,Baturité,Itapiúna,230650
CE,Baturité,Mulungu,230910
CE,Baturité,Pacoti,230980
CE,Brejo Santo,Abaiara,230010
CE,Brejo Santo,Aurora,230170
CE,Brejo Santo,Barro,230200
CE,Brejo Santo,Brejo Santo,230250
CE,Brejo Santo,Jati,230720
CE,Brejo Santo,Mauriti,230810
CE,Brejo Santo,Milagres,230830
CE,Brejo Santo,Penaforte,231060
CE,Brejo Santo,Porteiras,231110
CE,Camocim,Barroquinha,230205
CE,Camocim,Camocim,230260
CE,Camocim,Chaval,230390
CE,Camocim,Granja,230470
CE,Camocim,Martinópole,230790
CE,Canindé,Boa Viagem,230240
CE,Canindé,Canindé,230280
CE,Canindé,Caridade,230300
CE,Canindé,Itatira,230660
CE,Canindé,Madalena,230763
CE,Canindé,Paramoti,231040
CE,Caucaia,Apuiarés,230090
CE,Caucaia,Caucaia,230370
CE,Caucaia,General Sampaio,230460
CE,Caucaia,Itapagé,230630
CE,Caucaia,Paracuru,231020
CE,Caucaia,Paraipaba,231025
CE,Caucaia,Pentecoste,231070
CE,Caucaia,São Gonçalo do Amarante,231240
CE,Caucaia,São Luís do Curu,231260
CE,Caucaia,Tejuçuoca,231335
CE,Caucaia,Umirim,231375
CE,Crateús,Ararendá,230125
CE,Crateús,Crateús,230410
CE,Crateús,Independência,230560
CE,Crateús,Ipaporanga,230565
CE,Crateús,Ipueiras,230590
CE,Crateús,Monsenhor Tabosa,230860
CE,Crateús,Nova Russas,230930
CE,Crateús,Novo Oriente,230940
CE,Crateús,Poranga,231100
CE,Crateús,Quiterianópolis,231126
CE,Crateús,Tamboril,231320
CE,Crato,Altaneira,230060
CE,Crato,Antonina do Norte,230080
CE,Crato,Araripe,230130
CE,Crato,Assaré,230160
CE,Crato,Campos Sales,230270
CE,Crato,Crato,230420
CE,Crato,Farias Brito,230430
CE,Crato,Nova Olinda,230920
CE,Crato,Potengi,231120
CE,Crato,Salitre,231195
CE,Crato,Santana do Cariri,231210
CE,Crato,Tarrafas,231325
CE,Crato,Várzea Alegre,231400
CE,Fortaleza,Aquiraz,230100
CE,Fortaleza,Cascavel,230350
CE,Fortaleza,Chorozinho,230395
CE,Fortaleza,Eusébio,230428
CE,Fortaleza,Fortaleza,230440
CE,Fortaleza,Horizonte,230523
CE,Fortaleza,Itaitinga,230625
CE,Fortaleza,Ocara,230945
CE,Fortaleza,Pacajus,230960
CE,Fortaleza,Pindoretama,231085
CE,Icó,Baixio,230180
CE,Icó,Cedro,230380
CE,Icó,Icó,230540
CE,Icó,Ipaumirim,230570
CE,Icó,Lavras da Mangabeira,230750
CE,Icó,Orós,230950
CE,Icó,Umari,231370
CE,Iguatu,Acopiara,230030
CE,Iguatu,Cariús,230330
CE,Iguatu,Catarina,230360
CE,Iguatu,Deputado Irapuan Pinheiro,230426
CE,Iguatu,Iguatu,230550
CE,Iguatu,Jucás,230740
CE,Iguatu,Mombaça,230850
CE,Iguatu,Piquet Carneiro,231090
CE,Iguatu,Quixelô,231135
CE,Iguatu,Saboeiro,231190
CE,Itapipoca,Amontada,230075
CE,Itapipoca,Itapipoca,230640
CE,Itapipoca,Miraíma,230837
CE,Itapipoca,Trairi,231350
CE,Itapipoca,Tururu,231355
CE,Itapipoca,Uruburetama,231380
CE,Juazeiro do Norte,Barbalha,230190
CE,Juazeiro do Norte,Caririaçu,230320
CE,Juazeiro do Norte,Granjeiro,230480
CE,Juazeiro do Norte,Jardim,230710
CE,Juazeiro do Norte,Juazeiro do Norte,230730
CE,Juazeiro do Norte,Missão Velha,230840
CE,Limoeiro do Norte,Alto Santo,230070
CE,Limoeiro do Norte,Ererê,230427
CE,Limoeiro do Norte,Iracema,230600
CE,Limoeiro do Norte,Jaguaribara,230680
CE,Limoeiro do Norte,Jaguaribe,230690
CE,Limoeiro do Norte,Limoeiro do Norte,230760
CE,Limoeiro do Norte,Pereiro,231080
CE,Limoeiro do Norte,Potiretama,231123
CE,Limoeiro do Norte,Quixeré,231150
CE,Limoeiro do Norte,São João do Jaguaribe,231250
CE,Limoeiro do Norte,Tabuleiro do Norte,231310
CE,Maracanaú,Acarape,230015
CE,Maracanaú,Barreira,230195
CE,Maracanaú,Guaiúba,230495
CE,Maracanaú,Maracanaú,230765
CE,Maracanaú,Maranguape,230770
CE,Maracanaú,Pacatuba,230970
CE,Maracanaú,Palmácia,231010
CE,Maracanaú,Redenção,231160
CE,Quixadá,Banabuiú,230185
CE,Quixadá,Choró,230393
CE,Quixadá,Ibaretama,230526
CE,Quixadá,Milhã,230835
CE,Quixadá,Pedra Branca,231050
CE,Quixadá,Quixadá,231130
CE,Quixadá,Quixeramobim,231140
CE,Quixadá,Senador Pompeu,231270
CE,Quixadá,Solonópole,231300
CE,Russas,Ibicuitinga,230533
CE,Russas,Jaguaretama,230670
CE,Russas,Jaguaruana,230700
CE,Russas,Morada Nova,230870
CE,Russas,Palhano,231000
CE,Russas,Russas,231180
CE,Sobral,Alcântaras,230050
CE,Sobral,Cariré,230310
CE,Sobral,Catunda,230365
CE,Sobral,Coreaú,230400
CE,Sobral,Forquilha,230435
CE,Sobral,Frecheirinha,230450
CE,Sobral,Graça,230465
CE,Sobral,Groaíras,230490
CE,Sobral,Hidrolândia,230520
CE,Sobral,Ipu,230580
CE,Sobral,Irauçuba,230610
CE,Sobral,Massapê,230800
CE,Sobral,Meruoca,230820
CE,Sobral,Moraújo,230880
CE,Sobral,Mucambo,230900
CE,Sobral,Pacujá,230990
CE,Sobral,Pires Ferreira,231095
CE,Sobral,Reriutaba,231170
CE,Sobral,Santa Quitéria,231220
CE,Sobral,Santana do Acaraú,231200
CE,Sobral,Senador Sá,231280
CE,Sobral,Sobral,231290
CE,Sobral,Uruoca,231390
CE,Sobral,Varjota,231395
CE,Tauá,Aiuaba,230040
CE,Tauá,Arneiroz,230150
CE,Tauá,Parambu,231030
CE,Tauá,Tauá,231330
CE,Tianguá,Carnaubal,230340
CE,Tianguá,Croatá,230423
CE,Tianguá,Guaraciaba do Norte,230500
CE,Tianguá,Ibiapina,230530
CE,Tianguá,São Benedito,231230
CE,Tianguá,Tianguá,231340
CE,Tianguá,Ubajara,231360
CE,Tianguá,Viçosa do Ceará,231410
DF,Distrito Federal,Brasília,530010
ES,SR Cachoeiro do Itapemirim,Alegre,320020
ES,SR Cachoeiro do Itapemirim,Apiacá,320050
ES,SR Cachoeiro do Itapemirim,Atilio Vivacqua,320070
ES,SR Cachoeiro do Itapemirim,Bom Jesus do Norte,320110
ES,SR Cachoeiro do Itapemirim,Cachoeiro de Itapemirim,320120
ES,SR Cachoeiro do Itapemirim,Castelo,320140
ES,SR Cachoeiro do Itapemirim,Divino de São Lourenço,320180
ES,SR Cachoeiro do Itapemirim,Dores do Rio Preto,320200
ES,SR Cachoeiro do Itapemirim,Guaçuí,320230
ES,SR Cachoeiro do Itapemirim,Ibatiba,320245
ES,SR Cachoeiro do Itapemirim,Ibitirama,320255
ES,SR Cachoeiro do Itapemirim,Iconha,320260
ES,SR Cachoeiro do Itapemirim,Irupi,320265
ES,SR Cachoeiro do Itapemirim,Itapemirim,320280
ES,SR Cachoeiro do Itapemirim,Iúna,320300
ES,SR Cachoeiro do Itapemirim,Jerônimo Monteiro,320310
ES,SR Cachoeiro do Itapemirim,Marataízes,320332
ES,SR Cachoeiro do Itapemirim,Mimoso do Sul,320340
ES,SR Cachoeiro do Itapemirim,Muniz Freire,320370
ES,SR Cachoeiro do Itapemirim,Muqui,320380
ES,SR Cachoeiro do Itapemirim,Presidente Kennedy,320430
ES,SR Cachoeiro do Itapemirim,Rio Novo do Sul,320440
ES,SR Cachoeiro do Itapemirim,São José do Calçado,320480
ES,SR Cachoeiro do Itapemirim,Vargem Alta,320503
ES,SR Colatina,Água Doce do Norte,320016
ES,SR Colatina,Águia Branca,320013
ES,SR Colatina,Alto Rio Novo,320035
ES,SR Colatina,Aracruz,320060
ES,SR Colatina,Baixo Guandu,320080
ES,SR Colatina,Barra de São Francisco,320090
ES,SR Colatina,Colatina,320150
ES,SR Colatina,Ecoporanga,320210
ES,SR Colatina,Governador Lindenberg,320225
ES,SR Colatina,Ibiraçu,320250
ES,SR Colatina,João Neiva,320313
ES,SR Colatina,Linhares,320320
ES,SR Colatina,Mantenópolis,320330
ES,SR Colatina,Marilândia,320335
ES,SR Colatina,Nova Venécia,320390
ES,SR Colatina,Pancas,320400
ES,SR Colatina,Rio Bananal,320435
ES,SR Colatina,São Domingos do Norte,320465
ES,SR Colatina,São Gabriel da Palha,320470
ES,SR Colatina,São Roque do Canaã,320495
ES,SR Colatina,Sooretama,320501
ES,SR Colatina,Vila Pavão,320515
ES,SR Colatina,Vila Valério,320517
ES,SR São Mateus,Boa Esperança,320100
ES,SR São Mateus,Conceição da Barra,320160
ES,SR São Mateus,Jaguaré,320305
ES,SR São Mateus,Montanha,320350
ES,SR São Mateus,Mucurici,320360
ES,SR São Mateus,Pedro Canário,320405
ES,SR São Mateus,Pinheiros,320410
ES,SR São Mateus,Ponto Belo,320425
ES,SR São Mateus,São Mateus,320490
ES,SR Vitória,Afonso Cláudio,320010
ES,SR Vitória,Alfredo Chaves,320030
ES,SR Vitória,Anchieta,320040
ES,SR Vitória,Brejetuba,320115
ES,SR Vitória,Cariacica,320130
ES,SR Vitória,Conceição do Castelo,320170
ES,SR Vitória,Domingos Martins,320190
ES,SR Vitória,Fundão,320220
ES,SR Vitória,Guarapari,320240
ES,SR Vitória,Itaguaçu,320270
ES,SR Vitória,Itarana,320290
ES,SR Vitória,Laranja da Terra,320316
ES,SR Vitória,Marechal Floriano,320334
ES,SR Vitória,Piúma,320420
ES,SR Vitória,Santa Leopoldina,320450
ES,SR Vitória,Santa Maria de Jetibá,320455
ES,SR Vitória,Santa Teresa,320460
ES,SR Vitória,Serra,320500
ES,SR Vitória,Venda Nova do Imigrante,320506
ES,SR Vitória,Viana,320510
ES,SR Vitória,Vila Velha,320520
ES,SR Vitória,Vitória,320530
GO,Central,Abadia de Goiás,520005
GO,Central,Anicuns,520130
GO,Central,Araçu,520160
GO,Central,Avelinópolis,520280
GO,Central,Brazabrantes,520360
GO,Central,Campestre de Goiás,520460
GO,Central,Caturaí,520520
GO,Central,Damolândia,520680
GO,Central,Goiânia,520870
GO,Central,Goianira,520880
GO,Central,Guapó,520920
GO,Central,Inhumas,521000
GO,Central,Itauçu,521140
GO,Central,Jesúpolis,521205
GO,Central,Nazário,521440
GO,Central,Nerópolis,521450
GO,Central,Nova Veneza,521500
GO,Central,Ouro Verde de Goiás,521540
GO,Central,Petrolina de Goiás,521680
GO,Central,Santa Bárbara de Goiás,521910
GO,Central,Santa Rosa de Goiás,521950
GO,Central,Santo Antônio de Goiás,521973
GO,Central,São Francisco de Goiás,521990
GO,Central,Taquaral de Goiás,522100
GO,Central,Trindade,522140
GO,Centro Sul,Aparecida de Goiânia,520140
GO,Centro Sul,Aragoiânia,520180
GO,Centro Sul,Bela Vista de Goiás,520330
GO,Centro Sul,Bonfinópolis,520355
GO,Centro Sul,Caldazinha,520455
GO,Centro Sul,Cezarina,520545
GO,Centro Sul,Cristianópolis,520630
GO,Centro Sul,Cromínia,520650
GO,Centro Sul,Edealina,520735
GO,Centro Sul,Edéia,520740
GO,Centro Sul,Hidrolândia,520970
GO,Centro Sul,Indiara,520995
GO,Centro Sul,Jandaia,521170
GO,Centro Sul,Leopoldo de Bulhões,521230
GO,Centro Sul,Mairipotaba,521260
GO,Centro Sul,Orizona,521530
GO,Centro Sul,Piracanjuba,521710
GO,Centro Sul,Pontalina,521770
GO,Centro Sul,Professor Jamil,521839
GO,Centro Sul,São Miguel do Passa Quatro,522026
GO,Centro Sul,Senador Canedo,522045
GO,Centro Sul,Silvânia,522060
GO,Centro Sul,Varjão,522190
GO,Centro Sul,Vianópolis,522200
GO,Centro Sul,Vicentinópolis,522205
GO,Entorno Norte,Água Fria de Goiás,520017
GO,Entorno Norte,Alvorada do Norte,520080
GO,Entorno Norte,Buritinópolis,520396
GO,Entorno Norte,Cabeceiras,520400
GO,Entorno Norte,Damianópolis,520670
GO,Entorno Norte,Flores de Goiás,520790
GO,Entorno Norte,Formosa,520800
GO,Entorno Norte,Guarani de Goiás,520940
GO,Entorno Norte,Iaciara,520990
GO,Entorno Norte,Mambaí,521270
GO,Entorno Norte,Nova Roma,521490
GO,Entorno Norte,Planaltina,521760
GO,Entorno Norte,Posse,521830
GO,Entorno Norte,São João d'Aliança,522000
GO,Entorno Norte,Simolândia,522068
GO,Entorno Norte,Sítio d'Abadia,522070
GO,Entorno Norte,Vila Boa,522220
GO,Entorno Sul,Águas Lindas de Goiás,520025
GO,Entorno Sul,Cidade Ocidental,520549
GO,Entorno Sul,Cristalina,520620
GO,Entorno Sul,Luziânia,521250
GO,Entorno Sul,Novo Gama,521523
GO,Entorno Sul,Santo Antônio do Descoberto,521975
GO,Entorno Sul,Valparaíso de Goiás,522185
GO,Estrada de Ferro,Anhanguera,520120
GO,Estrada de Ferro,Caldas Novas,520450
GO,Estrada de Ferro,Campo Alegre de Goiás,520480
GO,Estrada de Ferro,Catalão,520510
GO,Estrada de Ferro,Corumbaíba,520590
GO,Estrada de Ferro,Cumari,520660
GO,Estrada de Ferro,Davinópolis,520690
GO,Estrada de Ferro,Goiandira,520850
GO,Estrada de Ferro,Ipameri,521010
GO,Estrada de Ferro,Marzagão,521290
GO,Estrada de Ferro,Nova Aurora,521480
GO,Estrada de Ferro,Ouvidor,521550
GO,Estrada de Ferro,Palmelo,521580
GO,Estrada de Ferro,Pires do Rio,521740
GO,Estrada de Ferro,Rio Quente,521878
GO,Estrada de Ferro,Santa Cruz de Goiás,521920
GO,Estrada de Ferro,Três Ranchos,522130
GO,Estrada de Ferro,Urutaí,522180
GO,Nordeste,Alto Paraíso de Goiás,520060
GO,Nordeste,Campos Belos,520490
GO,Nordeste,Cavalcante,520530
GO,Nordeste,Divinópolis de Goiás,520830
GO,Nordeste,Monte Alegre de Goiás,521350
GO,Nordeste,São Domingos,521980
GO,Nordeste,Teresina de Goiás,522108
GO,Norte,Bonópolis,520357
GO,Norte,Campinaçu,520465
GO,Norte,Estrela do Norte,520750
GO,Norte,Formoso,520810
GO,Norte,Minaçu,521308
GO,Norte,Montividiu do Norte,521377
GO,Norte,Mundo Novo,521405
GO,Norte,Mutunópolis,521410
GO,Norte,Novo Planalto,521525
GO,Norte,Porangatu,521800
GO,Norte,Santa Tereza de Goiás,521960
GO,Norte,São Miguel do Araguaia,522020
GO,Norte,Trombas,522145
GO,Oeste I,Amorinópolis,520090
GO,Oeste I,Aragarças,520170
GO,Oeste I,Arenópolis,520235
GO,Oeste I,Baliza,520310
GO,Oeste I,Bom Jardim de Goiás,520340
GO,Oeste I,Diorama,520710
GO,Oeste I,Fazenda Nova,520760
GO,Oeste I,Iporá,521020
GO,Oeste I,Israelândia,521030
GO,Oeste I,Ivolândia,521160
GO,Oeste I,Jaupaci,521200
GO,Oeste I,Moiporá,521340
GO,Oeste I,Montes Claros de Goiás,521370
GO,Oeste I,Novo Brasil,521520
GO,Oeste I,Palestina de Goiás,521565
GO,Oeste I,Piranhas,521720
GO,Oeste II,Adelândia,520015
GO,Oeste II,Aurilândia,520260
GO,Oeste II,Buriti de Goiás,520393
GO,Oeste II,Cachoeira de Goiás,520420
GO,Oeste II,Córrego do Ouro,520570
GO,Oeste II,Firminópolis,520780
GO,Oeste II,Palmeiras de Goiás,521570
GO,Oeste II,Palminópolis,521590
GO,Oeste II,Paraúna,521640
GO,Oeste II,Sanclerlândia,521900
GO,Oeste II,São João da Paraúna,522005
GO,Oeste II,São Luís de Montes Belos,522010
GO,Oeste II,Turvânia,522150
GO,Pirineus,Abadiânia,520010
GO,Pirineus,Alexânia,520030
GO,Pirineus,Anápolis,520110
GO,Pirineus,Campo Limpo de Goiás,520485
GO,Pirineus,Cocalzinho de Goiás,520551
GO,Pirineus,Corumbá de Goiás,520580
GO,Pirineus,Gameleira de Goiás,520815
GO,Pirineus,Goianápolis,520840
GO,Pirineus,Mimoso de Goiás,521305
GO,Pirineus,Padre Bernardo,521560
GO,Pirineus,Pirenópolis,521730
GO,Pirineus,Terezópolis de Goiás,522119
GO,Rio Vermelho,Americano do Brasil,520085
GO,Rio Vermelho,Araguapaz,520215
GO,Rio Vermelho,Aruanã,520250
GO,Rio Vermelho,Britânia,520380
GO,Rio Vermelho,Faina,520753
GO,Rio Vermelho,Goiás,520890
GO,Rio Vermelho,Guaraíta,520929
GO,Rio Vermelho,Heitoraí,520960
GO,Rio Vermelho,Itaberaí,521040
GO,Rio Vermelho,Itaguari,521056
GO,Rio Vermelho,Itapirapuã,521100
GO,Rio Vermelho,Itapuranga,521120
GO,Rio Vermelho,Jussara,521220
GO,Rio Vermelho,Matrinchã,521295
GO,Rio Vermelho,Mossâmedes,521390
GO,Rio Vermelho,Mozarlândia,521400
GO,Rio Vermelho,Nova Crixás,521483
GO,Rio Vermelho,Santa Fé de Goiás,521925
GO,São Patrício,Barro Alto,520320
GO,São Patrício,Campos Verdes,520495
GO,São Patrício,Carmo do Rio Verde,520500
GO,São Patrício,Ceres,520540
GO,São Patrício,Crixás,520640
GO,São Patrício,Goianésia,520860
GO,São Patrício,Guarinos,520945
GO,São Patrício,Ipiranga de Goiás,521015
GO,São Patrício,Itaguaru,521060
GO,São Patrício,Itapaci,521090
GO,São Patrício,Jaraguá,521180
GO,São Patrício,Morro Agudo de Goiás,521385
GO,São Patrício,Nova América,521470
GO,São Patrício,Nova Glória,521486
GO,São Patrício,Pilar de Goiás,521690
GO,São Patrício,Rialma,521860
GO,São Patrício,Rianápolis,521870
GO,São Patrício,Rubiataba,521890
GO,São Patrício,Santa Isabel,521935
GO,São Patrício,Santa Rita do Novo Destino,521945
GO,São Patrício,Santa Terezinha de Goiás,521970
GO,São Patrício,São Luíz do Norte,522015
GO,São Patrício,São Patrício,522028
GO,São Patrício,Uirapuru,522157
GO,São Patrício,Uruana,522170
GO,São Patrício,Vila Propício,522230
GO,Serra da Mesa,Alto Horizonte,520055
GO,Serra da Mesa,Amaralina,520082
GO,Serra da Mesa,Campinorte,520470
GO,Serra da Mesa,Colinas do Sul,520552
GO,Serra da Mesa,Hidrolina,520980
GO,Serra da Mesa,Mara Rosa,521280
GO,Serra da Mesa,Niquelândia,521460
GO,Serra da Mesa,Nova Iguaçu de Goiás,521487
GO,Serra da Mesa,Uruaçu,522160
GO,Sudoeste I,Acreúna,520013
GO,Sudoeste I,Aparecida do Rio Doce,520145
GO,Sudoeste I,Cachoeira Alta,520410
GO,Sudoeste I,Caçu,520430
GO,Sudoeste I,Castelândia,520505
GO,Sudoeste I,Itajá,521080
GO,Sudoeste I,Itarumã,521130
GO,Sudoeste I,Lagoa Santa,521225
GO,Sudoeste I,Maurilândia,521300
GO,Sudoeste I,Montividiu,521375
GO,Sudoeste I,Paranaiguara,521630
GO,Sudoeste I,Quirinópolis,521850
GO,Sudoeste I,Rio Verde,521880
GO,Sudoeste I,Santa Helena de Goiás,521930
GO,Sudoeste I,Santo Antônio da Barra,521971
GO,Sudoeste I,São Simão,522040
GO,Sudoeste I,Turvelândia,522155
GO,Sudoeste II,Aporé,520150
GO,Sudoeste II,Caiapônia,520440
GO,Sudoeste II,Chapadão do Céu,520547
GO,Sudoeste II,Doverlândia,520725
GO,Sudoeste II,Jataí,521190
GO,Sudoeste II,Mineiros,521310
GO,Sudoeste II,Perolândia,521645
GO,Sudoeste II,Portelândia,521810
GO,Sudoeste II,Santa Rita do Araguaia,521940
GO,Sudoeste II,Serranópolis,522050
GO,Sul,Água Limpa,520020
GO,Sul,Aloândia,520050
GO,Sul,Bom Jesus de Goiás,520350
GO,Sul,Buriti Alegre,520390
GO,Sul,Cachoeira Dourada,520425
GO,Sul,Goiatuba,520910
GO,Sul,Gouvelândia,520915
GO,Sul,Inaciolândia,520993
GO,Sul,Itumbiara,521150
GO,Sul,Joviânia,521210
GO,Sul,Morrinhos,521380
GO,Sul,Panamá,521600
GO,Sul,Porteirão,521805
MA,Alpercatas,Buriti Bravo,210230
MA,Alpercatas,Colinas,210350
MA,Alpercatas,Fortuna,210420
MA,Alpercatas,Jatobá,210545
MA,Alpercatas,Mirador,210670
MA,Alpercatas,Sucupira do Norte,211190
MA,Alto Munim,Afonso Cunha,210010
MA,Alto Munim,Anapurus,210080
MA,Alto Munim,Belágua,210173
MA,Alto Munim,Buriti,210220
MA,Alto Munim,Chapadinha,210320
MA,Alto Munim,Mata Roma,210640
MA,Alto Munim,São Benedito do Rio Preto,211040
MA,Alto Munim,Urbano Santos,211260
MA,Alto Turi,Araguanã,210087
MA,Alto Turi,Governador Newton Bello,210465
MA,Alto Turi,Nova Olinda do Maranhão,210735
MA,Alto Turi,Presidente Médici,210923
MA,Alto Turi,Santa Luzia do Paruá,211003
MA,Alto Turi,Zé Doca,211400
MA,Baixada Maranhense,Bacurituba,210135
MA,Baixada Maranhense,Cajapió,210240
MA,Baixada Maranhense,Palmeirândia,210760
MA,Baixada Maranhense,São Bento,211050
MA,Baixada Maranhense,São João Batista,211100
MA,Baixada Maranhense,São Vicente Ferrer,211170
MA,Baixo Balsas,Benedito Leite,210180
MA,Baixo Balsas,Loreto,210610
MA,Baixo Balsas,Sambaíba,210970
MA,Baixo Balsas,São Domingos do Azeitão,211065
MA,Baixo Balsas,São Félix de Balsas,211080
MA,Baixo Balsas,São Raimundo das Mangabeiras,211160
MA,Baixo Itapecuru,Anajatuba,210070
MA,Baixo Itapecuru,Itapecuru Mirim,210540
MA,Baixo Itapecuru,Nina Rodrigues,210720
MA,Baixo Itapecuru,Presidente Vargas,210930
MA,Baixo Itapecuru,Santa Rita,211020
MA,Baixo Itapecuru,Vargem Grande,211270
MA,Baixo Munim,Axixá,210110
MA,Baixo Munim,Bacabeira,210125
MA,Baixo Munim,Cachoeira Grande,210237
MA,Baixo Munim,Icatu,210510
MA,Baixo Munim,Morros,210710
MA,Baixo Munim,Presidente Juscelino,210920
MA,Baixo Munim,Rosário,210960
MA,Baixo Turi,Boa Vista do Gurupi,210197
MA,Baixo Turi,Centro do Guilherme,210315
MA,Baixo Turi,Centro Novo do Maranhão,210317
MA,Baixo Turi,Governador Nunes Freire,210467
MA,Baixo Turi,Junco do Maranhão,210565
MA,Baixo Turi,Maracaçumé,210632
MA,Baixo Turi,Maranhãozinho,210637
MA,Carajás,Açailândia,210005
MA,Carajás,Bom Jesus das Selvas,210203
MA,Carajás,Buriticupu,210232
MA,Carajás,Cidelândia,210325
MA,Carajás,Itinga do Maranhão,210542
MA,Carajás,São Francisco do Brejão,211085
MA,Carajás,São Pedro da Água Branca,211153
MA,Carajás,Vila Nova dos Martírios,211285
MA,Chapada das Mesas,Campestre do Maranhão,210255
MA,Chapada das Mesas,Carolina,210280
MA,Chapada das Mesas,Estreito,210405
MA,Chapada das Mesas,Feira Nova do Maranhão,210407
MA,Chapada das Mesas,Lajeado Novo,210598
MA,Chapada das Mesas,Porto Franco,210900
MA,Chapada das Mesas,São João do Paraíso,211105
MA,Chapada das Mesas,São Pedro dos Crentes,211157
MA,Cocais,Alto Alegre do Maranhão,210043
MA,Cocais,Codó,210330
MA,Cocais,Coroatá,210360
MA,Cocais,Peritoró,210845
MA,Cocais,Timbiras,211210
MA,Delta do Parnaíba,Água Doce do Maranhão,210015
MA,Delta do Parnaíba,Araioses,210090
MA,Delta do Parnaíba,Brejo,210210
MA,Delta do Parnaíba,Magalhães de Almeida,210630
MA,Delta do Parnaíba,Milagres do Maranhão,210667
MA,Delta do Parnaíba,Santa Quitéria do Maranhão,211010
MA,Delta do Parnaíba,Santana do Maranhão,211023
MA,Delta do Parnaíba,São Bernardo,211060
MA,Eixos Rodo-Ferroviários,Arari,210100
MA,Eixos Rodo-Ferroviários,Cantanhede,210270
MA,Eixos Rodo-Ferroviários,Matões do Norte,210663
MA,Eixos Rodo-Ferroviários,Miranda do Norte,210675
MA,Eixos Rodo-Ferroviários,Pirapemas,210880
MA,Eixos Rodo-Ferroviários,São Mateus do Maranhão,211150
MA,Eixos Rodo-Ferroviários,Vitória do Mearim,211290
MA,Flores,Capinzal do Norte,210275
MA,Flores,Dom Pedro,210380
MA,Flores,Gonçalves Dias,210440
MA,Flores,Governador Archer,210450
MA,Flores,Joselândia,210560
MA,Flores,Santo Antônio dos Lopes,211030
MA,Flores,São José dos Basílios,211125
MA,Gerais de Balsas,Alto Parnaíba,210050
MA,Gerais de Balsas,Balsas,210140
MA,Gerais de Balsas,Fortaleza dos Nogueiras,210410
MA,Gerais de Balsas,Nova Colinas,210725
MA,Gerais de Balsas,Riachão,210950
MA,Gerais de Balsas,Tasso Fragoso,211200
MA,Guajajaras,Barra do Corda,210160
MA,Guajajaras,Fernando Falcão,210408
MA,Guajajaras,Jenipapo dos Vieiras,210547
MA,Gurupi,Amapá do Maranhão,210055
MA,Gurupi,Cândido Mendes,210260
MA,Gurupi,Carutapera,210290
MA,Gurupi,Godofredo Viana,210430
MA,Gurupi,Luís Domingues,210620
MA,Ilha do Maranhão,Paço do Lumiar,210750
MA,Ilha do Maranhão,Raposa,210945
MA,Ilha do Maranhão,São José de Ribamar,211120
MA,Ilha do Maranhão,São Luís,211130
MA,Imigrantes,Lago da Pedra,210570
MA,Imigrantes,Lago do Junco,210580
MA,Imigrantes,Lago dos Rodrigues,210594
MA,Imigrantes,Lagoa Grande do Maranhão,210596
MA,Imigrantes,Marajá do Sena,210635
MA,Imigrantes,Paulo Ramos,210810
MA,Lagos,Cajari,210250
MA,Lagos,Matinha,210650
MA,Lagos,Olinda Nova do Maranhão,210745
MA,Lagos,Penalva,210830
MA,Lagos,Viana,211280
MA,Lençóis Maranhenses,Barreirinhas,210170
MA,Lençóis Maranhenses,Humberto de Campos,210500
MA,Lençóis Maranhenses,Paulino Neves,210805
MA,Lençóis Maranhenses,Primeira Cruz,210940
MA,Lençóis Maranhenses,Santo Amaro do Maranhão,211027
MA,Lençóis Maranhenses,Tutóia,211250
MA,Litoral Ocidental,Apicum-Açu,210083
MA,Litoral Ocidental,Bacuri,210130
MA,Litoral Ocidental,Cedral,210310
MA,Litoral Ocidental,Central do Maranhão,210312
MA,Litoral Ocidental,Cururupu,210370
MA,Litoral Ocidental,Guimarães,210490
MA,Litoral Ocidental,Mirinzal,210680
MA,Litoral Ocidental,Porto Rico do Maranhão,210905
MA,Litoral Ocidental,Serrano do Maranhão,211178
MA,Mearim,Altamira do Maranhão,210040
MA,Mearim,Bacabal,210120
MA,Mearim,Bom Lugar,210207
MA,Mearim,Brejo de Areia,210215
MA,Mearim,Conceição do Lago-Açu,210355
MA,Mearim,Lago Verde,210590
MA,Mearim,Olho d'Água das Cunhãs,210740
MA,Mearim,São Luís Gonzaga do Maranhão,211140
MA,Mearim,Vitorino Freire,211300
MA,Médio Mearim,Bernardo do Mearim,210193
MA,Médio Mearim,Esperantinópolis,210400
MA,Médio Mearim,Igarapé Grande,210520
MA,Médio Mearim,Lima Campos,210600
MA,Médio Mearim,Pedreiras,210820
MA,Médio Mearim,Poção de Pedras,210890
MA,Médio Mearim,São Raimundo do Doca Bezerra,211163
MA,Médio Mearim,São Roberto,211167
MA,Médio Mearim,Trizidela do Vale,211223
MA,Médio Parnaíba,Matões,210660
MA,Médio Parnaíba,Parnarama,210780
MA,Médio Parnaíba,Timon,211220
MA,Pericumã,Alcântara,210020
MA,Pericumã,Bequimão,210190
MA,Pericumã,Pedro do Rosário,210825
MA,Pericumã,Peri Mirim,210840
MA,Pericumã,Pinheiro,210860
MA,Pericumã,Presidente Sarney,210927
MA,Pericumã,Santa Helena,210980
MA,Pericumã,Turiaçu,211240
MA,Pericumã,Turilândia,211245
MA,Pindaré,Alto Alegre do Pindaré,210047
MA,Pindaré,Bela Vista do Maranhão,210177
MA,Pindaré,Bom Jardim,210200
MA,Pindaré,Igarapé do Meio,210515
MA,Pindaré,Monção,210690
MA,Pindaré,Pindaré-Mirim,210850
MA,Pindaré,Pio XII,210870
MA,Pindaré,Santa Inês,210990
MA,Pindaré,Santa Luzia,211000
MA,Pindaré,São João do Carú,211102
MA,Pindaré,Satubinha,211172
MA,Pindaré,Tufilândia,211227
MA,Pré-Amazônia,Governador Eugênio Barros,210460
MA,Pré-Amazônia,Governador Luiz Rocha,210462
MA,Pré-Amazônia,Graça Aranha,210470
MA,Pré-Amazônia,Presidente Dutra,210910
MA,Pré-Amazônia,Santa Filomena do Maranhão,210975
MA,Pré-Amazônia,São Domingos do Maranhão,211070
MA,Pré-Amazônia,Senador Alexandre Costa,211174
MA,Pré-Amazônia,Tuntum,211230
MA,Serras,Arame,210095
MA,Serras,Formosa da Serra Negra,210409
MA,Serras,Grajaú,210480
MA,Serras,Itaipava do Grajaú,210535
MA,Serras,Sítio Novo,211180
MA,Sertão Maranhense,Barão de Grajaú,210150
MA,Sertão Maranhense,Lagoa do Mato,210592
MA,Sertão Maranhense,Nova Iorque,210730
MA,Sertão Maranhense,Paraibano,210770
MA,Sertão Maranhense,Passagem Franca,210790
MA,Sertão Maranhense,Pastos Bons,210800
MA,Sertão Maranhense,São Francisco do Maranhão,211090
MA,Sertão Maranhense,São João dos Patos,211110
MA,Sertão Maranhense,Sucupira do Riachão,211195
MA,Timbiras,Aldeias Altas,210030
MA,Timbiras,Caxias,210300
MA,Timbiras,Coelho Neto,210340
MA,Timbiras,Duque Bacelar,210390
MA,Timbiras,São João do Soter,211107
MA,Tocantins,Amarante do Maranhão,210060
MA,Tocantins,Buritirana,210235
MA,Tocantins,Davinópolis,210375
MA,Tocantins,Governador Edison Lobão,210455
MA,Tocantins,Imperatriz,210530
MA,Tocantins,João Lisboa,210550
MA,Tocantins,Montes Altos,210700
MA,Tocantins,Ribamar Fiquene,210955
MA,Tocantins,Senador La Rocque,211176
MG,Alfenas,Alfenas,310160
MG,Alfenas,Alterosa,310200
MG,Alfenas,Arceburgo,310410
MG,Alfenas,Areado,310430
MG,Alfenas,Bandeira do Sul,310530
MG,Alfenas,Botelhos,310840
MG,Alfenas,Cabo Verde,310950
MG,Alfenas,Campestre,311100
MG,Alfenas,Campo do Meio,311130
MG,Alfenas,Campos Gerais,311160
MG,Alfenas,Carmo do Rio Claro,311440
MG,Alfenas,Carvalhópolis,311470
MG,Alfenas,Conceição da Aparecida,311710
MG,Alfenas,Divisa Nova,312240
MG,Alfenas,Fama,312520
MG,Alfenas,Guaranésia,312830
MG,Alfenas,Guaxupé,312870
MG,Alfenas,Juruaia,313690
MG,Alfenas,Machado,313900
MG,Alfenas,Monte Belo,314300
MG,Alfenas,Muzambinho,314410
MG,Alfenas,Nova Resende,314510
MG,Alfenas,Paraguaçu,314720
MG,Alfenas,Poço Fundo,315170
MG,Alfenas,São Pedro da União,316390
MG,Alfenas,Serrania,316690
MG,Barbacena,Alfredo Vasconcelos,310163
MG,Barbacena,Alto Rio Doce,310210
MG,Barbacena,Antônio Carlos,310290
MG,Barbacena,Barbacena,310560
MG,Barbacena,Capela Nova,311220
MG,Barbacena,Caranaíba,311310
MG,Barbacena,Carandaí,311320
MG,Barbacena,Casa Grande,311490
MG,Barbacena,Catas Altas da Noruega,311540
MG,Barbacena,Cipotânea,311630
MG,Barbacena,Congonhas,311800
MG,Barbacena,Conselheiro Lafaiete,311830
MG,Barbacena,Cristiano Otoni,312040
MG,Barbacena,Desterro do Melo,312150
MG,Barbacena,Ibertioga,312940
MG,Barbacena,Itaverava,313390
MG,Barbacena,Jeceaba,313540
MG,Barbacena,Lamim,313790
MG,Barbacena,Ouro Branco,314590
MG,Barbacena,Paiva,314660
MG,Barbacena,Piranga,315080
MG,Barbacena,Queluzito,315380
MG,Barbacena,Ressaquinha,315440
MG,Barbacena,Rio Espera,315520
MG,Barbacena,Santa Bárbara do Tugúrio,315730
MG,Barbacena,Santa Rita de Ibitipoca,315940
MG,Barbacena,Santana do Garambéu,315870
MG,Barbacena,Santana dos Montes,315910
MG,Barbacena,São Brás do Suaçuí,316090
MG,Barbacena,Senhora de Oliveira,316600
MG,Barbacena,Senhora dos Remédios,316620
MG,Belo Horizonte,Belo Horizonte,310620
MG,Belo Horizonte,Belo Vale,310640
MG,Belo Horizonte,Betim,310670
MG,Belo Horizonte,Bonfim,310810
MG,Belo Horizonte,Brumadinho,310900
MG,Belo Horizonte,Caeté,311000
MG,Belo Horizonte,Confins,311787
MG,Belo Horizonte,Contagem,311860
MG,Belo Horizonte,Crucilândia,312060
MG,Belo Horizonte,Esmeraldas,312410
MG,Belo Horizonte,Florestal,312600
MG,Belo Horizonte,Ibirité,312980
MG,Belo Horizonte,Igarapé,313010
MG,Belo Horizonte,Itabirito,313190
MG,Belo Horizonte,Jaboticatubas,313460
MG,Belo Horizonte,Juatuba,313665
MG,Belo Horizonte,Lagoa Santa,313760
MG,Belo Horizonte,Mariana,314000
MG,Belo Horizonte,Mário Campos,314015
MG,Belo Horizonte,Mateus Leme,314070
MG,Belo Horizonte,Matozinhos,314110
MG,Belo Horizonte,Moeda,314230
MG,Belo Horizonte,Nova Lima,314480
MG,Belo Horizonte,Nova União,313660
MG,Belo Horizonte,Ouro Preto,314610
MG,Belo Horizonte,Pedro Leopoldo,314930
MG,Belo Horizonte,Piedade dos Gerais,315040
MG,Belo Horizonte,Raposos,315390
MG,Belo Horizonte,Ribeirão das Neves,315460
MG,Belo Horizonte,Rio Acima,315480
MG,Belo Horizonte,Rio Manso,315530
MG,Belo Horizonte,Sabará,315670
MG,Belo Horizonte,Santa Luzia,315780
MG,Belo Horizonte,Santana do Riacho,315900
MG,Belo Horizonte,São Joaquim de Bicas,316292
MG,Belo Horizonte,São José da Lapa,316295
MG,Belo Horizonte,Sarzedo,316553
MG,Belo Horizonte,Taquaraçu de Minas,316830
MG,Belo Horizonte,Vespasiano,317120
MG,Coronel Fabriciano,Açucena,310050
MG,Coronel Fabriciano,Antônio Dias,310300
MG,Coronel Fabriciano,Belo Oriente,310630
MG,Coronel Fabriciano,Bom Jesus do Galho,310780
MG,Coronel Fabriciano,Braúnas,310880
MG,Coronel Fabriciano,Bugre,310925
MG,Coronel Fabriciano,Caratinga,311340
MG,Coronel Fabriciano,Coronel Fabriciano,311940
MG,Coronel Fabriciano,Córrego Novo,312000
MG,Coronel Fabriciano,Dionísio,312180
MG,Coronel Fabriciano,Dom Cavati,312250
MG,Coronel Fabriciano,Entre Folhas,312385
MG,Coronel Fabriciano,Iapu,312930
MG,Coronel Fabriciano,Imbé de Minas,313055
MG,Coronel Fabriciano,Inhapim,313090
MG,Coronel Fabriciano,Ipaba,313115
MG,Coronel Fabriciano,Ipatinga,313130
MG,Coronel Fabriciano,Jaguaraçu,313500
MG,Coronel Fabriciano,Joanésia,313610
MG,Coronel Fabriciano,Marliéria,314030
MG,Coronel Fabriciano,Mesquita,314170
MG,Coronel Fabriciano,Naque,314435
MG,Coronel Fabriciano,Periquito,314995
MG,Coronel Fabriciano,Piedade de Caratinga,315015
MG,Coronel Fabriciano,Pingo-d'Água,315053
MG,Coronel Fabriciano,Santa Bárbara do Leste,315725
MG,Coronel Fabriciano,Santa Rita de Minas,315935
MG,Coronel Fabriciano,Santana do Paraíso,315895
MG,Coronel Fabriciano,São Domingos das Dores,316095
MG,Coronel Fabriciano,São João do Oriente,316260
MG,Coronel Fabriciano,São Sebastião do Anta,316447
MG,Coronel Fabriciano,Timóteo,316870
MG,Coronel Fabriciano,Ubaporanga,317005
MG,Coronel Fabriciano,Vargem Alegre,317057
MG,Coronel Fabriciano,Vermelho Novo,317115
MG,Diamantina,Alvorada de Minas,310240
MG,Diamantina,Araçuaí,310340
MG,Diamantina,Aricanduva,310445
MG,Diamantina,Berilo,310650
MG,Diamantina,Capelinha,311230
MG,Diamantina,Carbonita,311350
MG,Diamantina,Chapada do Norte,311610
MG,Diamantina,Coluna,311680
MG,Diamantina,Conceição do Mato Dentro,311750
MG,Diamantina,Congonhas do Norte,311810
MG,Diamantina,Coronel Murta,311950
MG,Diamantina,Couto de Magalhães de Minas,312010
MG,Diamantina,Datas,312100
MG,Diamantina,Diamantina,312160
MG,Diamantina,Felício dos Santos,312540
MG,Diamantina,Francisco Badaró,312650
MG,Diamantina,Gouveia,312760
MG,Diamantina,Itamarandiba,313250
MG,Diamantina,Jenipapo de Minas,313545
MG,Diamantina,José Gonçalves de Minas,313652
MG,Diamantina,Leme do Prado,313835
MG,Diamantina,Materlândia,314060
MG,Diamantina,Minas Novas,314180
MG,Diamantina,Presidente Kubitschek,315330
MG,Diamantina,Rio Vermelho,315600
MG,Diamantina,Sabinópolis,315680
MG,Diamantina,Santo Antônio do Itambé,316020
MG,Diamantina,São Gonçalo do Rio Preto,312550
MG,Diamantina,Senador Modestino Gonçalves,316590
MG,Diamantina,Serra Azul de Minas,316650
MG,Diamantina,Serro,316710
MG,Diamantina,Turmalina,316970
MG,Diamantina,Veredinha,317107
MG,Diamantina,Virgem da Lapa,317160
MG,Divinópolis,Aguanil,310080
MG,Divinópolis,Araújos,310390
MG,Divinópolis,Arcos,310420
MG,Divinópolis,Bambuí,310510
MG,Divinópolis,Bom Despacho,310740
MG,Divinópolis,Bom Sucesso,310800
MG,Divinópolis,Camacho,311040
MG,Divinópolis,Campo Belo,311120
MG,Divinópolis,Cana Verde,311190
MG,Divinópolis,Candeias,311200
MG,Divinópolis,Carmo da Mata,311400
MG,Divinópolis,Carmo do Cajuru,311420
MG,Divinópolis,Carmópolis de Minas,311450
MG,Divinópolis,Cláudio,311660
MG,Divinópolis,Conceição do Pará,311760
MG,Divinópolis,Córrego Danta,311980
MG,Divinópolis,Córrego Fundo,311995
MG,Divinópolis,Cristais,312020
MG,Divinópolis,Divinópolis,312230
MG,Divinópolis,Dores do Indaiá,312320
MG,Divinópolis,Estrela do Indaiá,312470
MG,Divinópolis,Formiga,312610
MG,Divinópolis,Igaratinga,313020
MG,Divinópolis,Iguatama,313030
MG,Divinópolis,Itaguara,313220
MG,Divinópolis,Itapecerica,313350
MG,Divinópolis,Itatiaiuçu,313370
MG,Divinópolis,Itaúna,313380
MG,Divinópolis,Japaraíba,313530
MG,Divinópolis,Lagoa da Prata,313720
MG,Divinópolis,Leandro Ferreira,313830
MG,Divinópolis,Luz,313880
MG,Divinópolis,Martinho Campos,314050
MG,Divinópolis,Medeiros,314130
MG,Divinópolis,Moema,314240
MG,Divinópolis,Nova Serrana,314520
MG,Divinópolis,Oliveira,314560
MG,Divinópolis,Onça de Pitangui,314580
MG,Divinópolis,Pains,314650
MG,Divinópolis,Pará de Minas,314710
MG,Divinópolis,Passa Tempo,314770
MG,Divinópolis,Pedra do Indaiá,314890
MG,Divinópolis,Perdigão,314970
MG,Divinópolis,Pimenta,315050
MG,Divinópolis,Piracema,315060
MG,Divinópolis,Pitangui,315140
MG,Divinópolis,Santana do Jacaré,315880
MG,Divinópolis,Santo Antônio do Amparo,315990
MG,Divinópolis,Santo Antônio do Monte,316040
MG,Divinópolis,São Francisco de Paula,316120
MG,Divinópolis,São Gonçalo do Pará,316180
MG,Divinópolis,São José da Varginha,316310
MG,Divinópolis,São Sebastião do Oeste,316460
MG,Divinópolis,Serra da Saudade,316660
MG,Divinópolis,Tapiraí,316820
MG,Governador Valadares,Água Boa,310060
MG,Governador Valadares,Aimorés,310110
MG,Governador Valadares,Alpercata,310180
MG,Governador Valadares,Alvarenga,310220
MG,Governador Valadares,Cantagalo,311205
MG,Governador Valadares,Capitão Andrade,311265
MG,Governador Valadares,Central de Minas,311570
MG,Governador Valadares,Conselheiro Pena,311840
MG,Governador Valadares,Coroaci,311920
MG,Governador Valadares,Cuparaque,312083
MG,Governador Valadares,Divino das Laranjeiras,312210
MG,Governador Valadares,Divinolândia de Minas,312220
MG,Governador Valadares,Engenheiro Caldas,312370
MG,Governador Valadares,Fernandes Tourinho,312580
MG,Governador Valadares,Frei Inocêncio,312690
MG,Governador Valadares,Frei Lagonegro,312695
MG,Governador Valadares,Galiléia,312730
MG,Governador Valadares,Goiabeira,312737
MG,Governador Valadares,Gonzaga,312750
MG,Governador Valadares,Governador Valadares,312770
MG,Governador Valadares,Itabirinha,313180
MG,Governador Valadares,Itanhomi,313320
MG,Governador Valadares,Itueta,313410
MG,Governador Valadares,Jampruca,313507
MG,Governador Valadares,José Raydan,313655
MG,Governador Valadares,Mantena,313960
MG,Governador Valadares,Marilac,314010
MG,Governador Valadares,Mathias Lobato,317150
MG,Governador Valadares,Mendes Pimentel,314150
MG,Governador Valadares,Nacip Raydan,314420
MG,Governador Valadares,Nova Belém,314467
MG,Governador Valadares,Paulistas,314840
MG,Governador Valadares,Peçanha,314860
MG,Governador Valadares,Resplendor,315430
MG,Governador Valadares,Santa Efigênia de Minas,315750
MG,Governador Valadares,Santa Maria do Suaçuí,315820
MG,Governador Valadares,Santa Rita do Itueto,315950
MG,Governador Valadares,São Félix de Minas,316105
MG,Governador Valadares,São Geraldo da Piedade,316160
MG,Governador Valadares,São Geraldo do Baixio,316165
MG,Governador Valadares,São João do Manteninha,316257
MG,Governador Valadares,São João Evangelista,316280
MG,Governador Valadares,São José da Safira,316300
MG,Governador Valadares,São José do Jacuri,316350
MG,Governador Valadares,São Pedro do Suaçuí,316410
MG,Governador Valadares,São Sebastião do Maranhão,316450
MG,Governador Valadares,Sardoá,316550
MG,Governador Valadares,Sobrália,316770
MG,Governador Valadares,Tarumirim,316840
MG,Governador Valadares,Tumiritinga,316950
MG,Governador Valadares,Virgolândia,317190
MG,Itabira,Barão de Cocais,310540
MG,Itabira,Bela Vista de Minas,310600
MG,Itabira,Bom Jesus do Amparo,310770
MG,Itabira,Carmésia,311380
MG,Itabira,Catas Altas,311535
MG,Itabira,Dom Joaquim,312260
MG,Itabira,Dores de Guanhães,312310
MG,Itabira,Ferros,312590
MG,Itabira,Guanhães,312800
MG,Itabira,Itabira,313170
MG,Itabira,Itambé do Mato Dentro,313280
MG,Itabira,João Monlevade,313620
MG,Itabira,Morro do Pilar,314370
MG,Itabira,Nova Era,314470
MG,Itabira,Passabém,314750
MG,Itabira,Rio Piracicaba,315570
MG,Itabira,Santa Bárbara,315720
MG,Itabira,Santa Maria de Itabira,315800
MG,Itabira,Santo Antônio do Rio Abaixo,316050
MG,Itabira,São Domingos do Prata,316100
MG,Itabira,São Gonçalo do Rio Abaixo,316190
MG,Itabira,São Sebastião do Rio Preto,316480
MG,Itabira,Senhora do Porto,316610
MG,Itabira,Virginópolis,317180
MG,Ituiutaba,Cachoeira Dourada,310980
MG,Ituiutaba,Campina Verde,311110
MG,Ituiutaba,Canápolis,311180
MG,Ituiutaba,Capinópolis,311260
MG,Ituiutaba,Centralina,311580
MG,Ituiutaba,Gurinhatã,312910
MG,Ituiutaba,Ipiaçu,313140
MG,Ituiutaba,Ituiutaba,313420
MG,Ituiutaba,Santa Vitória,315980
MG,Januária,Bonito de Minas,310825
MG,Januária,Brasília de Minas,310860
MG,Januária,Campo Azul,311115
MG,Januária,Cônego Marinho,311783
MG,Januária,Ibiracatu,312965
MG,Januária,Icaraí de Minas,313005
MG,Januária,Itacarambi,313210
MG,Januária,Januária,313520
MG,Januária,Japonvar,313535
MG,Januária,Juvenília,313695
MG,Januária,Lontra,313865
MG,Januária,Luislândia,313868
MG,Januária,Manga,313930
MG,Januária,Mirabela,314200
MG,Januária,Miravânia,314225
MG,Januária,Montalvânia,314270
MG,Januária,Patis,314795
MG,Januária,Pedras de Maria da Cruz,314915
MG,Januária,Pintópolis,315057
MG,Januária,São Francisco,316110
MG,Januária,São João da Ponte,316240
MG,Januária,São João das Missões,316245
MG,Januária,São Romão,316420
MG,Januária,Ubaí,317000
MG,Januária,Urucuia,317052
MG,Januária,Varzelândia,317090
MG,Juiz de Fora,Andrelândia,310280
MG,Juiz de Fora,Aracitaba,310330
MG,Juiz de Fora,Arantina,310360
MG,Juiz de Fora,Belmiro Braga,310610
MG,Juiz de Fora,Bias Fortes,310680
MG,Juiz de Fora,Bicas,310690
MG,Juiz de Fora,Bocaina de Minas,310720
MG,Juiz de Fora,Bom Jardim de Minas,310750
MG,Juiz de Fora,Chácara,311590
MG,Juiz de Fora,Chiador,311620
MG,Juiz de Fora,Coronel Pacheco,311960
MG,Juiz de Fora,Descoberto,312130
MG,Juiz de Fora,Ewbank da Câmara,312500
MG,Juiz de Fora,Goianá,312738
MG,Juiz de Fora,Guarará,312850
MG,Juiz de Fora,Juiz de Fora,313670
MG,Juiz de Fora,Liberdade,313850
MG,Juiz de Fora,Lima Duarte,313860
MG,Juiz de Fora,Mar de Espanha,313980
MG,Juiz de Fora,Maripá de Minas,314020
MG,Juiz de Fora,Matias Barbosa,314080
MG,Juiz de Fora,Olaria,314540
MG,Juiz de Fora,Oliveira Fortes,314570
MG,Juiz de Fora,Passa-Vinte,314780
MG,Juiz de Fora,Pedro Teixeira,314940
MG,Juiz de Fora,Pequeri,314950
MG,Juiz de Fora,Piau,315010
MG,Juiz de Fora,Rio Novo,315540
MG,Juiz de Fora,Rio Preto,315590
MG,Juiz de Fora,Rochedo de Minas,315620
MG,Juiz de Fora,Santa Bárbara do Monte Verde,315727
MG,Juiz de Fora,Santa Rita de Jacutinga,315930
MG,Juiz de Fora,Santana do Deserto,315860
MG,Juiz de Fora,Santos Dumont,316070
MG,Juiz de Fora,São João Nepomuceno,316290
MG,Juiz de Fora,Senador Cortes,316560
MG,Juiz de Fora,Simão Pereira,316750
MG,Leopoldina,Além Paraíba,310150
MG,Leopoldina,Argirita,310440
MG,Leopoldina,Astolfo Dutra,310460
MG,Leopoldina,Cataguases,311530
MG,Leopoldina,Dona Eusébia,312290
MG,Leopoldina,Estrela Dalva,312460
MG,Leopoldina,Itamarati de Minas,313260
MG,Leopoldina,Laranjal,313800
MG,Leopoldina,Leopoldina,313840
MG,Leopoldina,Palma,314670
MG,Leopoldina,Pirapetinga,315110
MG,Leopoldina,Recreio,315410
MG,Leopoldina,Santana de Cataguases,315840
MG,Leopoldina,Santo Antônio do Aventureiro,316000
MG,Leopoldina,Volta Grande,317210
MG,Manhumirim,Abre Campo,310030
MG,Manhumirim,Alto Caparaó,310205
MG,Manhumirim,Alto Jequitibá,315350
MG,Manhumirim,Caiana,311010
MG,Manhumirim,Caparaó,311210
MG,Manhumirim,Caputira,311290
MG,Manhumirim,Carangola,311330
MG,Manhumirim,Chalé,311600
MG,Manhumirim,Conceição de Ipanema,311740
MG,Manhumirim,Divino,312200
MG,Manhumirim,Durandé,312352
MG,Manhumirim,Espera Feliz,312420
MG,Manhumirim,Faria Lemos,312530
MG,Manhumirim,Fervedouro,312595
MG,Manhumirim,Ipanema,313120
MG,Manhumirim,Lajinha,313770
MG,Manhumirim,Luisburgo,313867
MG,Manhumirim,Manhuaçu,313940
MG,Manhumirim,Manhumirim,313950
MG,Manhumirim,Martins Soares,314053
MG,Manhumirim,Matipó,314090
MG,Manhumirim,Mutum,314400
MG,Manhumirim,Orizânia,314587
MG,Manhumirim,Pedra Bonita,314875
MG,Manhumirim,Pedra Dourada,314900
MG,Manhumirim,Pocrane,315190
MG,Manhumirim,Reduto,315415
MG,Manhumirim,Santa Margarida,315790
MG,Manhumirim,Santana do Manhuaçu,315890
MG,Manhumirim,São João do Manhuaçu,316255
MG,Manhumirim,São José do Mantimento,316360
MG,Manhumirim,Sericita,316630
MG,Manhumirim,Simonésia,316760
MG,Manhumirim,Taparuba,316805
MG,Manhumirim,Tombos,316920
MG,Montes Claros,Berizal,310665
MG,Montes Claros,Bocaiúva,310730
MG,Montes Claros,Botumirim,310850
MG,Montes Claros,Capitão Enéas,311270
MG,Montes Claros,Catuti,311547
MG,Montes Claros,Claro dos Poções,311650
MG,Montes Claros,Coração de Jesus,311880
MG,Montes Claros,Cristália,312030
MG,Montes Claros,Curral de Dentro,312087
MG,Montes Claros,Engenheiro Navarro,312380
MG,Montes Claros,Espinosa,312430
MG,Montes Claros,Francisco Dumont,312660
MG,Montes Claros,Francisco Sá,312670
MG,Montes Claros,Fruta de Leite,312707
MG,Montes Claros,Gameleiras,312733
MG,Montes Claros,Glaucilândia,312735
MG,Montes Claros,Grão Mogol,312780
MG,Montes Claros,Guaraciama,312825
MG,Montes Claros,Indaiabira,313065
MG,Montes Claros,Itacambira,313200
MG,Montes Claros,Jaíba,313505
MG,Montes Claros,Janaúba,313510
MG,Montes Claros,Jequitaí,313560
MG,Montes Claros,Joaquim Felício,313640
MG,Montes Claros,Josenópolis,313657
MG,Montes Claros,Juramento,313680
MG,Montes Claros,Lagoa dos Patos,313730
MG,Montes Claros,Mamonas,313925
MG,Montes Claros,Matias Cardoso,314085
MG,Montes Claros,Mato Verde,314100
MG,Montes Claros,Monte Azul,314290
MG,Montes Claros,Montes Claros,314330
MG,Montes Claros,Montezuma,314345
MG,Montes Claros,Ninheira,314465
MG,Montes Claros,Nova Porteirinha,314505
MG,Montes Claros,Novorizonte,314537
MG,Montes Claros,Olhos-d'Água,314545
MG,Montes Claros,Padre Carvalho,314625
MG,Montes Claros,Pai Pedro,314655
MG,Montes Claros,Porteirinha,315220
MG,Montes Claros,Riacho dos Machados,315450
MG,Montes Claros,Rio Pardo de Minas,315560
MG,Montes Claros,Rubelita,315650
MG,Montes Claros,Salinas,315700
MG,Montes Claros,Santa Cruz de Salinas,315737
MG,Montes Claros,Santo Antônio do Retiro,316045
MG,Montes Claros,São João da Lagoa,316225
MG,Montes Claros,São João do Pacuí,316265
MG,Montes Claros,São João do Paraíso,316270
MG,Montes Claros,Serranópolis de Minas,316695
MG,Montes Claros,Taiobeiras,316800
MG,Montes Claros,Vargem Grande do Rio Pardo,317065
MG,Montes Claros,Verdelândia,317103
MG,Passos,Alpinópolis,310190
MG,Passos,Bom Jesus da Penha,310760
MG,Passos,Capetinga,311240
MG,Passos,Capitólio,311280
MG,Passos,Cássia,311510
MG,Passos,Claraval,311640
MG,Passos,Delfinópolis,312120
MG,Passos,Doresópolis,312340
MG,Passos,Fortaleza de Minas,312630
MG,Passos,Guapé,312810
MG,Passos,Ibiraci,312970
MG,Passos,Itamogi,313290
MG,Passos,Itaú de Minas,313375
MG,Passos,Jacuí,313480
MG,Passos,Monte Santo de Minas,314320
MG,Passos,Passos,314790
MG,Passos,Piumhi,315150
MG,Passos,Pratápolis,315290
MG,Passos,São João Batista do Glória,316220
MG,Passos,São José da Barra,316294
MG,Passos,São Roque de Minas,316430
MG,Passos,São Sebastião do Paraíso,316470
MG,Passos,São Tomás de Aquino,316510
MG,Passos,Vargem Bonita,317060
MG,Patos de Minas,Arapuá,310380
MG,Patos de Minas,Carmo do Paranaíba,311430
MG,Patos de Minas,Cruzeiro da Fortaleza,312070
MG,Patos de Minas,Guarda-Mor,312860
MG,Patos de Minas,Guimarânia,312890
MG,Patos de Minas,João Pinheiro,313630
MG,Patos de Minas,Lagamar,313710
MG,Patos de Minas,Lagoa Formosa,313750
MG,Patos de Minas,Lagoa Grande,313753
MG,Patos de Minas,Matutina,314120
MG,Patos de Minas,Patos de Minas,314800
MG,Patos de Minas,Presidente Olegário,315340
MG,Patos de Minas,Rio Paranaíba,315550
MG,Patos de Minas,Santa Rosa da Serra,315970
MG,Patos de Minas,São Gonçalo do Abaeté,316170
MG,Patos de Minas,São Gotardo,316210
MG,Patos de Minas,Serra do Salitre,316680
MG,Patos de Minas,Tiros,316890
MG,Patos de Minas,Varjão de Minas,317075
MG,Patos de Minas,Vazante,317100
MG,Pedra Azul,Águas Vermelhas,310100
MG,Pedra Azul,Almenara,310170
MG,Pedra Azul,Bandeira,310520
MG,Pedra Azul,Cachoeira de Pajeú,310270
MG,Pedra Azul,Comercinho,311700
MG,Pedra Azul,Divisa Alegre,312235
MG,Pedra Azul,Divisópolis,312245
MG,Pedra Azul,Felisburgo,312560
MG,Pedra Azul,Itaobim,313330
MG,Pedra Azul,Itinga,313400
MG,Pedra Azul,Jacinto,313470
MG,Pedra Azul,Jequitinhonha,313580
MG,Pedra Azul,Joaíma,313600
MG,Pedra Azul,Jordânia,313650
MG,Pedra Azul,Mata Verde,314055
MG,Pedra Azul,Medina,314140
MG,Pedra Azul,Monte Formoso,314315
MG,Pedra Azul,Palmópolis,314675
MG,Pedra Azul,Pedra Azul,314870
MG,Pedra Azul,Ponto dos Volantes,315217
MG,Pedra Azul,Rio do Prado,315510
MG,Pedra Azul,Rubim,315660
MG,Pedra Azul,Salto da Divisa,315710
MG,Pedra Azul,Santa Maria do Salto,315810
MG,Pedra Azul,Santo Antônio do Jacinto,316030
MG,Pirapora,Buritizeiro,310940
MG,Pirapora,Ibiaí,312960
MG,Pirapora,Lassance,313810
MG,Pirapora,Pirapora,315120
MG,Pirapora,Ponto Chique,315213
MG,Pirapora,Santa Fé de Minas,315760
MG,Pirapora,Várzea da Palma,317080
MG,Ponte Nova,Acaiaca,310040
MG,Ponte Nova,Alvinópolis,310230
MG,Ponte Nova,Amparo do Serra,310250
MG,Ponte Nova,Araponga,310370
MG,Ponte Nova,Barra Longa,310570
MG,Ponte Nova,Cajuri,311020
MG,Ponte Nova,Canaã,311170
MG,Ponte Nova,Diogo de Vasconcelos,312170
MG,Ponte Nova,Dom Silvério,312270
MG,Ponte Nova,Guaraciaba,312820
MG,Ponte Nova,Jequeri,313550
MG,Ponte Nova,Oratórios,314585
MG,Ponte Nova,Paula Cândido,314830
MG,Ponte Nova,Pedra do Anta,314880
MG,Ponte Nova,Piedade de Ponte Nova,315020
MG,Ponte Nova,Ponte Nova,315210
MG,Ponte Nova,Porto Firme,315230
MG,Ponte Nova,Raul Soares,315400
MG,Ponte Nova,Rio Casca,315490
MG,Ponte Nova,Rio Doce,315500
MG,Ponte Nova,Santa Cruz do Escalvado,315740
MG,Ponte Nova,Santo Antônio do Grama,316010
MG,Ponte Nova,São José do Goiabal,316340
MG,Ponte Nova,São Miguel do Anta,316380
MG,Ponte Nova,São Pedro dos Ferros,316400
MG,Ponte Nova,Sem-Peixe,316556
MG,Ponte Nova,Teixeiras,316850
MG,Ponte Nova,Urucânia,317050
MG,Ponte Nova,Viçosa,317130
MG,Pouso Alegre,Albertina,310140
MG,Pouso Alegre,Andradas,310260
MG,Pouso Alegre,Bom Repouso,310790
MG,Pouso Alegre,Borda da Mata,310830
MG,Pouso Alegre,Brasópolis,310890
MG,Pouso Alegre,Bueno Brandão,310910
MG,Pouso Alegre,Cachoeira de Minas,310970
MG,Pouso Alegre,Caldas,311030
MG,Pouso Alegre,Camanducaia,311050
MG,Pouso Alegre,Cambuí,311060
MG,Pouso Alegre,Careaçu,311360
MG,Pouso Alegre,Conceição das Pedras,311720
MG,Pouso Alegre,Conceição dos Ouros,311780
MG,Pouso Alegre,Congonhal,311790
MG,Pouso Alegre,Consolação,311850
MG,Pouso Alegre,Córrego do Bom Jesus,311990
MG,Pouso Alegre,Delfim Moreira,312110
MG,Pouso Alegre,Espírito Santo do Dourado,312440
MG,Pouso Alegre,Estiva,312450
MG,Pouso Alegre,Extrema,312510
MG,Pouso Alegre,Gonçalves,312740
MG,Pouso Alegre,Heliodora,312920
MG,Pouso Alegre,Ibitiúra de Minas,312990
MG,Pouso Alegre,Inconfidentes,313060
MG,Pouso Alegre,Ipuiúna,313150
MG,Pouso Alegre,Itajubá,313240
MG,Pouso Alegre,Itapeva,313360
MG,Pouso Alegre,Jacutinga,313490
MG,Pouso Alegre,Maria da Fé,313990
MG,Pouso Alegre,Marmelópolis,314040
MG,Pouso Alegre,Monte Sião,314340
MG,Pouso Alegre,Munhoz,314380
MG,Pouso Alegre,Natércia,314440
MG,Pouso Alegre,Ouro Fino,314600
MG,Pouso Alegre,Paraisópolis,314730
MG,Pouso Alegre,Pedralva,314910
MG,Pouso Alegre,Piranguçu,315090
MG,Pouso Alegre,Piranguinho,315100
MG,Pouso Alegre,Poços de Caldas,315180
MG,Pouso Alegre,Pouso Alegre,315250
MG,Pouso Alegre,Santa Rita de Caldas,315920
MG,Pouso Alegre,Santa Rita do Sapucaí,315960
MG,Pouso Alegre,São Gonçalo do Sapucaí,316200
MG,Pouso Alegre,São João da Mata,316230
MG,Pouso Alegre,São José do Alegre,316320
MG,Pouso Alegre,São Sebastião da Bela Vista,316440
MG,Pouso Alegre,Sapucaí-Mirim,316540
MG,Pouso Alegre,Senador Amaral,316557
MG,Pouso Alegre,Senador José Bento,316580
MG,Pouso Alegre,Silvianópolis,316740
MG,Pouso Alegre,Tocos do Moji,316905
MG,Pouso Alegre,Toledo,316910
MG,Pouso Alegre,Turvolândia,316980
MG,Pouso Alegre,Wenceslau Braz,317220
MG,São João Del Rei,Barroso,310590
MG,São João Del Rei,Conceição da Barra de Minas,311520
MG,São João Del Rei,Coronel Xavier Chaves,311970
MG,São João Del Rei,Desterro de Entre Rios,312140
MG,São João Del Rei,Dores de Campos,312300
MG,São João Del Rei,Entre Rios de Minas,312390
MG,São João Del Rei,Ibituruna,313000
MG,São João Del Rei,Lagoa Dourada,313740
MG,São João Del Rei,Madre de Deus de Minas,313910
MG,São João Del Rei,Nazareno,314450
MG,São João Del Rei,Piedade do Rio Grande,315030
MG,São João Del Rei,Prados,315270
MG,São João Del Rei,Resende Costa,315420
MG,São João Del Rei,Ritápolis,315610
MG,São João Del Rei,Santa Cruz de Minas,315733
MG,São João Del Rei,São João del Rei,316250
MG,São João Del Rei,São Tiago,316500
MG,São João Del Rei,São Vicente de Minas,316530
MG,São João Del Rei,Tiradentes,316880
MG,Sete Lagoas,Abaeté,310020
MG,Sete Lagoas,Araçaí,310320
MG,Sete Lagoas,Augusto de Lima,310480
MG,Sete Lagoas,Baldim,310500
MG,Sete Lagoas,Biquinhas,310700
MG,Sete Lagoas,Buenópolis,310920
MG,Sete Lagoas,Cachoeira da Prata,310960
MG,Sete Lagoas,Caetanópolis,310990
MG,Sete Lagoas,Capim Branco,311250
MG,Sete Lagoas,Cedro do Abaeté,311560
MG,Sete Lagoas,Cordisburgo,311890
MG,Sete Lagoas,Corinto,311910
MG,Sete Lagoas,Curvelo,312090
MG,Sete Lagoas,Felixlândia,312570
MG,Sete Lagoas,Fortuna de Minas,312640
MG,Sete Lagoas,Funilândia,312720
MG,Sete Lagoas,Inhaúma,313100
MG,Sete Lagoas,Inimutaba,313110
MG,Sete Lagoas,Jequitibá,313570
MG,Sete Lagoas,Maravilhas,313970
MG,Sete Lagoas,Monjolos,314250
MG,Sete Lagoas,Morada Nova de Minas,314350
MG,Sete Lagoas,Morro da Garça,314360
MG,Sete Lagoas,Paineiras,314640
MG,Sete Lagoas,Papagaios,314690
MG,Sete Lagoas,Paraopeba,314740
MG,Sete Lagoas,Pequi,314960
MG,Sete Lagoas,Pompéu,315200
MG,Sete Lagoas,Presidente Juscelino,315320
MG,Sete Lagoas,Prudente de Morais,315360
MG,Sete Lagoas,Quartel Geral,315370
MG,Sete Lagoas,Santana de Pirapama,315850
MG,Sete Lagoas,Santo Hipólito,316060
MG,Sete Lagoas,Sete Lagoas,316720
MG,Sete Lagoas,Três Marias,316935
MG,Teófilo Otoni,Águas Formosas,310090
MG,Teófilo Otoni,Angelândia,310285
MG,Teófilo Otoni,Ataléia,310470
MG,Teófilo Otoni,Bertópolis,310660
MG,Teófilo Otoni,Campanário,311080
MG,Teófilo Otoni,Caraí,311300
MG,Teófilo Otoni,Carlos Chagas,311370
MG,Teófilo Otoni,Catuji,311545
MG,Teófilo Otoni,Crisólita,312015
MG,Teófilo Otoni,Franciscópolis,312675
MG,Teófilo Otoni,Frei Gaspar,312680
MG,Teófilo Otoni,Fronteira dos Vales,312705
MG,Teófilo Otoni,Itaipé,313230
MG,Teófilo Otoni,Itambacuri,313270
MG,Teófilo Otoni,Ladainha,313700
MG,Teófilo Otoni,Machacalis,313890
MG,Teófilo Otoni,Malacacheta,313920
MG,Teófilo Otoni,Nanuque,314430
MG,Teófilo Otoni,Nova Módica,314490
MG,Teófilo Otoni,Novo Cruzeiro,314530
MG,Teófilo Otoni,Novo Oriente de Minas,314535
MG,Teófilo Otoni,Ouro Verde de Minas,314620
MG,Teófilo Otoni,Padre Paraíso,314630
MG,Teófilo Otoni,Pavão,314850
MG,Teófilo Otoni,Pescador,315000
MG,Teófilo Otoni,Poté,315240
MG,Teófilo Otoni,Santa Helena de Minas,315765
MG,Teófilo Otoni,São José do Divino,316330
MG,Teófilo Otoni,Serra dos Aimorés,316670
MG,Teófilo Otoni,Setubinha,316555
MG,Teófilo Otoni,Teófilo Otoni,316860
MG,Teófilo Otoni,Umburatiba,317030
MG,Ubá,Antônio Prado de Minas,310310
MG,Ubá,Barão de Monte Alto,310550
MG,Ubá,Brás Pires,310870
MG,Ubá,Coimbra,311670
MG,Ubá,Divinésia,312190
MG,Ubá,Dores do Turvo,312330
MG,Ubá,Ervália,312400
MG,Ubá,Eugenópolis,312490
MG,Ubá,Guarani,312840
MG,Ubá,Guidoval,312880
MG,Ubá,Guiricema,312900
MG,Ubá,Mercês,314160
MG,Ubá,Miradouro,314210
MG,Ubá,Miraí,314220
MG,Ubá,Muriaé,314390
MG,Ubá,Patrocínio do Muriaé,314820
MG,Ubá,Piraúba,315130
MG,Ubá,Presidente Bernardes,315310
MG,Ubá,Rio Pomba,315580
MG,Ubá,Rodeiro,315630
MG,Ubá,Rosário da Limeira,315645
MG,Ubá,São Francisco do Glória,316140
MG,Ubá,São Geraldo,316150
MG,Ubá,São Sebastião da Vargem Alegre,316443
MG,Ubá,Senador Firmino,316570
MG,Ubá,Silveirânia,316730
MG,Ubá,Tabuleiro,316790
MG,Ubá,Tocantins,316900
MG,Ubá,Ubá,316990
MG,Ubá,Vieiras,317140
MG,Ubá,Visconde do Rio Branco,317200
MG,Uberaba,Água Comprida,310070
MG,Uberaba,Araxá,310400
MG,Uberaba,Campo Florido,311140
MG,Uberaba,Campos Altos,311150
MG,Uberaba,Carneirinho,311455
MG,Uberaba,Comendador Gomes,311690
MG,Uberaba,Conceição das Alagoas,311730
MG,Uberaba,Conquista,311820
MG,Uberaba,Delta,312125
MG,Uberaba,Fronteira,312700
MG,Uberaba,Frutal,312710
MG,Uberaba,Ibiá,312950
MG,Uberaba,Itapagipe,313340
MG,Uberaba,Iturama,313440
MG,Uberaba,Limeira do Oeste,313862
MG,Uberaba,Pedrinópolis,314920
MG,Uberaba,Perdizes,314980
MG,Uberaba,Pirajuba,315070
MG,Uberaba,Planura,315160
MG,Uberaba,Pratinha,315300
MG,Uberaba,Sacramento,315690
MG,Uberaba,Santa Juliana,315770
MG,Uberaba,São Francisco de Sales,316130
MG,Uberaba,Tapira,316810
MG,Uberaba,Uberaba,317010
MG,Uberaba,União de Minas,317043
MG,Uberaba,Veríssimo,317110
MG,Uberlândia,Abadia dos Dourados,310010
MG,Uberlândia,Araguari,310350
MG,Uberlândia,Araporã,310375
MG,Uberlândia,Cascalho Rico,311500
MG,Uberlândia,Coromandel,311930
MG,Uberlândia,Douradoquara,312350
MG,Uberlândia,Estrela do Sul,312480
MG,Uberlândia,Grupiara,312790
MG,Uberlândia,Indianópolis,313070
MG,Uberlândia,Iraí de Minas,313160
MG,Uberlândia,Monte Alegre de Minas,314280
MG,Uberlândia,Monte Carmelo,314310
MG,Uberlândia,Nova Ponte,314500
MG,Uberlândia,Patrocínio,314810
MG,Uberlândia,Prata,315280
MG,Uberlândia,Romaria,315640
MG,Uberlândia,Tupaciguara,316960
MG,Uberlândia,Uberlândia,317020
MG,Unaí,Arinos,310450
MG,Unaí,Bonfinópolis de Minas,310820
MG,Unaí,Brasilândia de Minas,310855
MG,Unaí,Buritis,310930
MG,Unaí,Cabeceira Grande,310945
MG,Unaí,Chapada Gaúcha,311615
MG,Unaí,Dom Bosco,312247
MG,Unaí,Formoso,312620
MG,Unaí,Natalândia,314437
MG,Unaí,Paracatu,314700
MG,Unaí,Riachinho,315445
MG,Unaí,Unaí,317040
MG,Unaí,Uruana de Minas,317047
MG,Varginha,Aiuruoca,310120
MG,Varginha,Alagoa,310130
MG,Varginha,Baependi,310490
MG,Varginha,Boa Esperança,310710
MG,Varginha,Cambuquira,311070
MG,Varginha,Campanha,311090
MG,Varginha,Carmo da Cachoeira,311390
MG,Varginha,Carmo de Minas,311410
MG,Varginha,Carrancas,311460
MG,Varginha,Carvalhos,311480
MG,Varginha,Caxambu,311550
MG,Varginha,Conceição do Rio Verde,311770
MG,Varginha,Coqueiral,311870
MG,Varginha,Cordislândia,311900
MG,Varginha,Cristina,312050
MG,Varginha,Cruzília,312080
MG,Varginha,Dom Viçoso,312280
MG,Varginha,Elói Mendes,312360
MG,Varginha,Ijaci,313040
MG,Varginha,Ilicínea,313050
MG,Varginha,Ingaí,313080
MG,Varginha,Itamonte,313300
MG,Varginha,Itanhandu,313310
MG,Varginha,Itumirim,313430
MG,Varginha,Itutinga,313450
MG,Varginha,Jesuânia,313590
MG,Varginha,Lambari,313780
MG,Varginha,Lavras,313820
MG,Varginha,Luminárias,313870
MG,Varginha,Minduri,314190
MG,Varginha,Monsenhor Paulo,314260
MG,Varginha,Nepomuceno,314460
MG,Varginha,Olímpio Noronha,314550
MG,Varginha,Passa Quatro,314760
MG,Varginha,Perdões,314990
MG,Varginha,Pouso Alto,315260
MG,Varginha,Ribeirão Vermelho,315470
MG,Varginha,Santana da Vargem,315830
MG,Varginha,São Bento Abade,316080
MG,Varginha,São Lourenço,316370
MG,Varginha,São Sebastião do Rio Verde,316490
MG,Varginha,São Thomé das Letras,316520
MG,Varginha,Seritinga,316640
MG,Varginha,Serranos,316700
MG,Varginha,Soledade de Minas,316780
MG,Varginha,Três Corações,316930
MG,Varginha,Três Pontas,316940
MG,Varginha,Varginha,317070
MG,Varginha,Virgínia,317170
MS,NCT de Aquidauana,Anastácio,500070
MS,NCT de Aquidauana,Aquidauana,500110
MS,NCT de Aquidauana,Bodoquena,500215
MS,NCT de Aquidauana,Dois Irmãos do Buriti,500348
MS,NCT de Aquidauana,Miranda,500560
MS,NCT de Campo Grande,Bandeirantes,500150
MS,NCT de Campo Grande,Camapuã,500260
MS,NCT de Campo Grande,Campo Grande,500270
MS,NCT de Campo Grande,Corguinho,500310
MS,NCT de Campo Grande,Figueirão,500390
MS,NCT de Campo Grande,Jaraguari,500490
MS,NCT de Campo Grande,Maracaju,500540
MS,NCT de Campo Grande,Ribas do Rio Pardo,500710
MS,NCT de Campo Grande,Rochedo,500750
MS,NCT de Campo Grande,São Gabriel do Oeste,500769
MS,NCT de Campo Grande,Sidrolândia,500790
MS,NCT de Campo Grande,Terenos,500800
MS,NCT de Corumbá,Corumbá,500320
MS,NCT de Corumbá,Ladário,500520
MS,NCT de Coxim,Alcinópolis,500025
MS,NCT de Coxim,Coxim,500330
MS,NCT de Coxim,Pedro Gomes,500640
MS,NCT de Coxim,Rio Negro,500730
MS,NCT de Coxim,Rio Verde de Mato Grosso,500740
MS,NCT de Coxim,Sonora,500793
MS,NCT de Dourados,Caarapó,500240
MS,NCT de Dourados,Douradina,500350
MS,NCT de Dourados,Dourados,500370
MS,NCT de Dourados,Itaporã,500450
MS,NCT de Dourados,Nova Alvorada do Sul,500600
MS,NCT de Dourados,Rio Brilhante,500720
MS,NCT de Fátima do Sul,Deodápolis,500345
MS,NCT de Fátima do Sul,Fátima do Sul,500380
MS,NCT de Fátima do Sul,Glória de Dourados,500400
MS,NCT de Fátima do Sul,Jateí,500510
MS,NCT de Fátima do Sul,Vicentina,500840
MS,NCT de Jardim,Bela Vista,500210
MS,NCT de Jardim,Bonito,500220
MS,NCT de Jardim,Caracol,500280
MS,NCT de Jardim,Guia Lopes da Laguna,500410
MS,NCT de Jardim,Jardim,500500
MS,NCT de Jardim,Nioaque,500580
MS,NCT de Jardim,Porto Murtinho,500690
MS,NCT de Naviraí,Eldorado,500375
MS,NCT de Naviraí,Iguatemi,500430
MS,NCT de Naviraí,Itaquiraí,500460
MS,NCT de Naviraí,Japorã,500480
MS,NCT de Naviraí,Juti,500515
MS,NCT de Naviraí,Mundo Novo,500568
MS,NCT de Naviraí,Naviraí,500570
MS,NCT de Nova Andradina,Anaurilândia,500080
MS,NCT de Nova Andradina,Angélica,500085
MS,NCT de Nova Andradina,Batayporã,500200
MS,NCT de Nova Andradina,Ivinhema,500470
MS,NCT de Nova Andradina,Nova Andradina,500620
MS,NCT de Nova Andradina,Novo Horizonte do Sul,500625
MS,NCT de Nova Andradina,Taquarussu,500797
MS,NCT de Paranaíba,Aparecida do Taboado,500100
MS,NCT de Paranaíba,Cassilândia,500290
MS,NCT de Paranaíba,Chapadão do Sul,500295
MS,NCT de Paranaíba,Costa Rica,500325
MS,NCT de Paranaíba,Inocência,500440
MS,NCT de Paranaíba,Paranaíba,500630
MS,NCT de Ponta Porã,Amambai,500060
MS,NCT de Ponta Porã,Antônio João,500090
MS,NCT de Ponta Porã,Aral Moreira,500124
MS,NCT de Ponta Porã,Coronel Sapucaia,500315
MS,NCT de Ponta Porã,Laguna Carapã,500525
MS,NCT de Ponta Porã,Paranhos,500635
MS,NCT de Ponta Porã,Ponta Porã,500660
MS,NCT de Ponta Porã,Sete Quedas,500770
MS,NCT de Ponta Porã,Tacuru,500795
MS,NCT de Três Lagoas,Água Clara,500020
MS,NCT de Três Lagoas,Bataguassu,500190
MS,NCT de Três Lagoas,Brasilândia,500230
MS,NCT de Três Lagoas,Santa Rita do Pardo,500755
MS,NCT de Três Lagoas,Selvíria,500780
MS,NCT de Três Lagoas,Três Lagoas,500830
MT,Água Boa,Água Boa,510020
MT,Água Boa,Bom Jesus do Araguaia,510185
MT,Água Boa,Canarana,510270
MT,Água Boa,Cocalinho,510310
MT,Água Boa,Gaúcha do Norte,510385
MT,Água Boa,Nova Nazaré,510617
MT,Água Boa,Querência,510706
MT,Água Boa,Ribeirão Cascalheira,510718
MT,Alta Floresta,Alta Floresta,510025
MT,Alta Floresta,Apiacás,510080
MT,Alta Floresta,Carlinda,510279
MT,Alta Floresta,Nova Bandeirantes,510615
MT,Alta Floresta,Nova Monte Verde,510895
MT,Alta Floresta,Paranaíta,510629
MT,Baixada Cuiabana,Acorizal,510010
MT,Baixada Cuiabana,Barão de Melgaço,510160
MT,Baixada Cuiabana,Chapada dos Guimarães,510300
MT,Baixada Cuiabana,Cuiabá,510340
MT,Baixada Cuiabana,Jangada,510490
MT,Baixada Cuiabana,Nossa Senhora do Livramento,510610
MT,Baixada Cuiabana,Nova Brasilândia,510620
MT,Baixada Cuiabana,Planalto da Serra,510645
MT,Baixada Cuiabana,Poconé,510650
MT,Baixada Cuiabana,Santo Antônio do Leverger,510780
MT,Baixada Cuiabana,Várzea Grande,510840
MT,Barra do Garças,Araguaiana,510100
MT,Barra do Garças,Barra do Garças,510180
MT,Barra do Garças,Campinápolis,510260
MT,Barra do Garças,General Carneiro,510390
MT,Barra do Garças,Nova Xavantina,510625
MT,Barra do Garças,Novo São Joaquim,510628
MT,Barra do Garças,Pontal do Araguaia,510665
MT,Barra do Garças,Ponte Branca,510670
MT,Barra do Garças,Ribeirãozinho,510719
MT,Barra do Garças,Torixoréu,510820
MT,Cáceres,Araputanga,510125
MT,Cáceres,Cáceres,510250
MT,Cáceres,Curvelândia,510343
MT,Cáceres,Glória D'Oeste,510395
MT,Cáceres,Indiavaí,510450
MT,Cáceres,Lambari D'Oeste,510523
MT,Cáceres,Mirassol d'Oeste,510562
MT,Cáceres,Porto Esperidião,510682
MT,Cáceres,Reserva do Cabaçal,510715
MT,Cáceres,Rio Branco,510720
MT,Cáceres,Salto do Céu,510775
MT,Cáceres,São José dos Quatro Marcos,510710
MT,Colíder,Colíder,510320
MT,Colíder,Itaúba,510455
MT,Colíder,Marcelândia,510558
MT,Colíder,Nova Canaã do Norte,510621
MT,Colíder,Nova Guarita,510880
MT,Colíder,Nova Santa Helena,510619
MT,Diamantino,Alto Paraguai,510050
MT,Diamantino,Diamantino,510350
MT,Diamantino,Nobres,510590
MT,Diamantino,Nortelândia,510600
MT,Diamantino,Nova Maringá,510890
MT,Diamantino,Rosário Oeste,510770
MT,Diamantino,São José do Rio Claro,510730
MT,Juara,Juara,510510
MT,Juara,Novo Horizonte do Norte,510627
MT,Juara,Porto dos Gaúchos,510680
MT,Juara,Tabaporã,510794
MT,Juína,Aripuanã,510140
MT,Juína,Brasnorte,510190
MT,Juína,Castanheira,510285
MT,Juína,Colniza,510325
MT,Juína,Cotriguaçu,510337
MT,Juína,Juína,510515
MT,Juína,Juruena,510517
MT,Peixoto de Azevedo,Guarantã do Norte,510410
MT,Peixoto de Azevedo,Matupá,510560
MT,Peixoto de Azevedo,Novo Mundo,510626
MT,Peixoto de Azevedo,Peixoto de Azevedo,510642
MT,Peixoto de Azevedo,Terra Nova do Norte,510805
MT,Pontes e Lacerda,Campos de Júlio,510268
MT,Pontes e Lacerda,Comodoro,510330
MT,Pontes e Lacerda,Conquista D'Oeste,510336
MT,Pontes e Lacerda,Figueirópolis D'Oeste,510380
MT,Pontes e Lacerda,Jauru,510500
MT,Pontes e Lacerda,Nova Lacerda,510618
MT,Pontes e Lacerda,Pontes e Lacerda,510675
MT,Pontes e Lacerda,Rondolândia,510757
MT,Pontes e Lacerda,Vale de São Domingos,510835
MT,Pontes e Lacerda,Vila Bela da Santíssima Trindade,510550
MT,Porto Alegre do Norte,Canabrava do Norte,510269
MT,Porto Alegre do Norte,Confresa,510335
MT,Porto Alegre do Norte,Porto Alegre do Norte,510677
MT,Porto Alegre do Norte,Santa Cruz do Xingu,510774
MT,Porto Alegre do Norte,Santa Terezinha,510777
MT,Porto Alegre do Norte,São José do Xingu,510735
MT,Porto Alegre do Norte,Vila Rica,510860
MT,Rondonópolis,Alto Araguaia,510030
MT,Rondonópolis,Alto Garças,510040
MT,Rondonópolis,Alto Taquari,510060
MT,Rondonópolis,Araguainha,510120
MT,Rondonópolis,Campo Verde,510267
MT,Rondonópolis,Dom Aquino,510360
MT,Rondonópolis,Guiratinga,510420
MT,Rondonópolis,Itiquira,510460
MT,Rondonópolis,Jaciara,510480
MT,Rondonópolis,Juscimeira,510520
MT,Rondonópolis,Paranatinga,510630
MT,Rondonópolis,Pedra Preta,510637
MT,Rondonópolis,Poxoréo,510700
MT,Rondonópolis,Primavera do Leste,510704
MT,Rondonópolis,Rondonópolis,510760
MT,Rondonópolis,Santo Antônio do Leste,510779
MT,Rondonópolis,São José do Povo,510729
MT,Rondonópolis,São Pedro da Cipa,510740
MT,Rondonópolis,Tesouro,510810
MT,São Félix do Araguaia,Alto Boa Vista,510035
MT,São Félix do Araguaia,Luciara,510530
MT,São Félix do Araguaia,Novo Santo Antônio,510631
MT,São Félix do Araguaia,São Félix do Araguaia,510785
MT,São Félix do Araguaia,Serra Nova Dourada,510788
MT,Sinop,Cláudia,510305
MT,Sinop,Feliz Natal,510370
MT,Sinop,Ipiranga do Norte,510452
MT,Sinop,Itanhangá,510454
MT,Sinop,Lucas do Rio Verde,510525
MT,Sinop,Nova Mutum,510622
MT,Sinop,Nova Ubiratã,510624
MT,Sinop,Santa Carmem,510724
MT,Sinop,Santa Rita do Trivelato,510776
MT,Sinop,Sinop,510790
MT,Sinop,Sorriso,510792
MT,Sinop,Tapurah,510800
MT,Sinop,União do Sul,510830
MT,Sinop,Vera,510850
MT,Tangará da Serra,Arenápolis,510130
MT,Tangará da Serra,Barra do Bugres,510170
MT,Tangará da Serra,Campo Novo do Parecis,510263
MT,Tangará da Serra,Denise,510345
MT,Tangará da Serra,Nova Marilândia,510885
MT,Tangará da Serra,Nova Olímpia,510623
MT,Tangará da Serra,Porto Estrela,510685
MT,Tangará da Serra,Santo Afonso,510726
MT,Tangará da Serra,Sapezal,510787
MT,Tangará da Serra,Tangará da Serra,510795
PA,Alça Viária,Abaetetuba,150010
PA,Alça Viária,Barcarena,150130
PA,Alça Viária,Igarapé-Miri,150330
PA,Alça Viária,Moju,150470
PA,Alça Viária,Tailândia,150795
PA,Araguaia,Conceição do Araguaia,150270
PA,Araguaia,Floresta do Araguaia,150304
PA,Araguaia,Santa Maria das Barreiras,150658
PA,Araguaia-Xingu,Água Azul do Norte,150034
PA,Araguaia-Xingu,Ourilândia do Norte,150543
PA,Araguaia-Xingu,São Félix do Xingu,150730
PA,Araguaia-Xingu,Tucumã,150808
PA,Bacia Atlântico-Caetés,Augusto Corrêa,150090
PA,Bacia Atlântico-Caetés,Bonito,150160
PA,Bacia Atlântico-Caetés,Bragança,150170
PA,Bacia Atlântico-Caetés,Cachoeira do Piriá,150195
PA,Bacia Atlântico-Caetés,Capanema,150220
PA,Bacia Atlântico-Caetés,Nova Timboteua,150500
PA,Bacia Atlântico-Caetés,Ourém,150540
PA,Bacia Atlântico-Caetés,Peixe-Boi,150560
PA,Bacia Atlântico-Caetés,Primavera,150610
PA,Bacia Atlântico-Caetés,Quatipuru,150611
PA,Bacia Atlântico-Caetés,Salinópolis,150620
PA,Bacia Atlântico-Caetés,Santa Luzia do Pará,150655
PA,Bacia Atlântico-Caetés,Santarém Novo,150690
PA,Bacia Atlântico-Caetés,São João de Pirabas,150747
PA,Bacia Atlântico-Caetés,Tracuateua,150803
PA,Bacia Atlântico-Caetés,Viseu,150830
PA,Baixo Amazonas,Alenquer,150040
PA,Baixo Amazonas,Almeirim,150050
PA,Baixo Amazonas,Belterra,150145
PA,Baixo Amazonas,Curuá,150285
PA,Baixo Amazonas,Monte Alegre,150480
PA,Baixo Amazonas,Placas,150565
PA,Baixo Amazonas,Prainha,150600
PA,Baixo Amazonas,Rurópolis,150619
PA,Baixo Amazonas,Santarém,150680
PA,Baixo Tocantins,Baião,150120
PA,Baixo Tocantins,Cametá,150210
PA,Baixo Tocantins,Limoeiro do Ajuru,150400
PA,Baixo Tocantins,Mocajuba,150460
PA,Baixo Tocantins,Oeiras do Pará,150520
PA,Calha Norte,Faro,150300
PA,Calha Norte,Juruti,150390
PA,Calha Norte,Óbidos,150510
PA,Calha Norte,Oriximiná,150530
PA,Calha Norte,Terra Santa,150797
PA,Entre Rios,Rio Maria,150616
PA,Entre Rios,Sapucaia,150775
PA,Entre Rios,Xinguara,150840
PA,Itacaiúnas Tocantins,Itupiranga,150370
PA,Itacaiúnas Tocantins,Jacundá,150380
PA,Itacaiúnas Tocantins,Marabá,150420
PA,Itacaiúnas Tocantins,Nova Ipixuna,150497
PA,Lago Tucuruí,Breu Branco,150178
PA,Lago Tucuruí,Goianésia do Pará,150309
PA,Lago Tucuruí,Novo Repartimento,150506
PA,Lago Tucuruí,Tucuruí,150810
PA,Marajó Ocidental,Anajás,150070
PA,Marajó Ocidental,Bagre,150110
PA,Marajó Ocidental,Breves,150180
PA,Marajó Ocidental,Curralinho,150280
PA,Marajó Ocidental,Gurupá,150310
PA,Marajó Ocidental,Melgaço,150450
PA,Marajó Ocidental,Portel,150580
PA,Marajó Oriental,Afuá,150030
PA,Marajó Oriental,Cachoeira do Arari,150200
PA,Marajó Oriental,Chaves,150250
PA,Marajó Oriental,Muaná,150490
PA,Marajó Oriental,Ponta de Pedras,150570
PA,Marajó Oriental,Salvaterra,150630
PA,Marajó Oriental,Santa Cruz do Arari,150640
PA,Marajó Oriental,São Sebastião da Boa Vista,150770
PA,Marajó Oriental,Soure,150790
PA,Metropolitana,Ananindeua,150080
PA,Metropolitana,Belém,150140
PA,Metropolitana,Benevides,150150
PA,Metropolitana,Marituba,150442
PA,Metropolitana,Santa Bárbara do Pará,150635
PA,Planalto do Araguaia,Bannach,150125
PA,Planalto do Araguaia,Cumaru do Norte,150276
PA,Planalto do Araguaia,Pau D'Arco,150555
PA,Planalto do Araguaia,Redenção,150613
PA,Planalto do Araguaia,Santana do Araguaia,150670
PA,Rio Guamá,Castanhal,150240
PA,Rio Guamá,Curuçá,150290
PA,Rio Guamá,Igarapé-Açu,150320
PA,Rio Guamá,Inhangapi,150340
PA,Rio Guamá,Magalhães Barata,150410
PA,Rio Guamá,Maracanã,150430
PA,Rio Guamá,Marapanim,150440
PA,Rio Guamá,São Domingos do Capim,150720
PA,Rio Guamá,São Francisco do Pará,150740
PA,Rio Guamá,São João da Ponta,150746
PA,Rio Guamá,Terra Alta,150796
PA,Rio Tapajós,Aveiro,150100
PA,Rio Tapajós,Itaituba,150360
PA,Rio Tapajós,Jacareacanga,150375
PA,Rio Tapajós,Novo Progresso,150503
PA,Rio Tapajós,Trairão,150805
PA,Rodovia BR 010,Aurora do Pará,150095
PA,Rodovia BR 010,Capitão Poço,150230
PA,Rodovia BR 010,Garrafão do Norte,150307
PA,Rodovia BR 010,Ipixuna do Pará,150345
PA,Rodovia BR 010,Irituia,150350
PA,Rodovia BR 010,Mãe do Rio,150405
PA,Rodovia BR 010,Nova Esperança do Piriá,150495
PA,Rodovia BR 010,Paragominas,150550
PA,Rodovia BR 010,Santa Maria do Pará,150660
PA,Rodovia BR 010,São Miguel do Guamá,150760
PA,Rodovia BR 010,Ulianópolis,150812
PA,Rodovia BR 222,Abel Figueiredo,150013
PA,Rodovia BR 222,Bom Jesus do Tocantins,150157
PA,Rodovia BR 222,Dom Eliseu,150293
PA,Rodovia BR 222,Rondon do Pará,150618
PA,Rodovia PA-140/Rio Capim,Acará,150020
PA,Rodovia PA-140/Rio Capim,Bujaru,150190
PA,Rodovia PA-140/Rio Capim,Concórdia do Pará,150275
PA,Rodovia PA-140/Rio Capim,Santa Isabel do Pará,150650
PA,Rodovia PA-140/Rio Capim,Tomé-Açu,150800
PA,Rodovia PA-140/Rio Guajará-Mirim,Colares,150260
PA,Rodovia PA-140/Rio Guajará-Mirim,Santo Antônio do Tauá,150700
PA,Rodovia PA-140/Rio Guajará-Mirim,São Caetano de Odivelas,150710
PA,Rodovia PA-140/Rio Guajará-Mirim,Vigia,150820
PA,Rodovia Transamazônica,Altamira,150060
PA,Rodovia Transamazônica,Anapu,150085
PA,Rodovia Transamazônica,Brasil Novo,150172
PA,Rodovia Transamazônica,Medicilândia,150445
PA,Rodovia Transamazônica,Pacajá,150548
PA,Rodovia Transamazônica,Porto de Moz,150590
PA,Rodovia Transamazônica,Senador José Porfírio,150780
PA,Rodovia Transamazônica,Uruará,150815
PA,Rodovia Transamazônica,Vitória do Xingu,150835
PA,Serra das Andorinhas,Brejo Grande do Araguaia,150175
PA,Serra das Andorinhas,Palestina do Pará,150549
PA,Serra das Andorinhas,Piçarra,150563
PA,Serra das Andorinhas,São Domingos do Araguaia,150715
PA,Serra das Andorinhas,São Geraldo do Araguaia,150745
PA,Serra das Andorinhas,São João do Araguaia,150750
PA,Serra dos Carajás,Canaã dos Carajás,150215
PA,Serra dos Carajás,Curionópolis,150277
PA,Serra dos Carajás,Eldorado dos Carajás,150295
PA,Serra dos Carajás,Parauapebas,150553
PB,I Núcleo Regional de Saúde,Alhandra,250060
PB,I Núcleo Regional de Saúde,Baía da Traição,250140
PB,I Núcleo Regional de Saúde,Bayeux,250180
PB,I Núcleo Regional de Saúde,Caaporã,250300
PB,I Núcleo Regional de Saúde,Cabedelo,250320
PB,I Núcleo Regional de Saúde,Capim,250403
PB,I Núcleo Regional de Saúde,Conde,250460
PB,I Núcleo Regional de Saúde,Cruz do Espírito Santo,250490
PB,I Núcleo Regional de Saúde,Cuité de Mamanguape,250523
PB,I Núcleo Regional de Saúde,Curral de Cima,250527
PB,I Núcleo Regional de Saúde,Itapororoca,250710
PB,I Núcleo Regional de Saúde,Jacaraú,250730
PB,I Núcleo Regional de Saúde,João Pessoa,250750
PB,I Núcleo Regional de Saúde,Lucena,250860
PB,I Núcleo Regional de Saúde,Mamanguape,250890
PB,I Núcleo Regional de Saúde,Marcação,250905
PB,I Núcleo Regional de Saúde,Mari,250910
PB,I Núcleo Regional de Saúde,Mataraca,250930
PB,I Núcleo Regional de Saúde,Pedro Régis,251272
PB,I Núcleo Regional de Saúde,Pitimbu,251190
PB,I Núcleo Regional de Saúde,Riachão do Poço,251276
PB,I Núcleo Regional de Saúde,Rio Tinto,251290
PB,I Núcleo Regional de Saúde,Santa Rita,251370
PB,I Núcleo Regional de Saúde,Sapé,251530
PB,I Núcleo Regional de Saúde,Sobrado,251597
PB,II Núcleo Regional de Saúde,Alagoinha,250050
PB,II Núcleo Regional de Saúde,Araçagi,250080
PB,II Núcleo Regional de Saúde,Araruna,250100
PB,II Núcleo Regional de Saúde,Bananeiras,250150
PB,II Núcleo Regional de Saúde,Belém,250190
PB,II Núcleo Regional de Saúde,Borborema,250270
PB,II Núcleo Regional de Saúde,Cacimba de Dentro,250350
PB,II Núcleo Regional de Saúde,Caiçara,250360
PB,II Núcleo Regional de Saúde,Campo de Santana,251640
PB,II Núcleo Regional de Saúde,Casserengue,250415
PB,II Núcleo Regional de Saúde,Cuitegi,250520
PB,II Núcleo Regional de Saúde,Dona Inês,250570
PB,II Núcleo Regional de Saúde,Duas Estradas,250580
PB,II Núcleo Regional de Saúde,Guarabira,250630
PB,II Núcleo Regional de Saúde,Lagoa de Dentro,250820
PB,II Núcleo Regional de Saúde,Logradouro,250855
PB,II Núcleo Regional de Saúde,Mulungu,250980
PB,II Núcleo Regional de Saúde,Pilões,251160
PB,II Núcleo Regional de Saúde,Pilõezinhos,251170
PB,II Núcleo Regional de Saúde,Pirpirituba,251180
PB,II Núcleo Regional de Saúde,Riachão,251274
PB,II Núcleo Regional de Saúde,Serra da Raiz,251560
PB,II Núcleo Regional de Saúde,Serraria,251590
PB,II Núcleo Regional de Saúde,Sertãozinho,251593
PB,II Núcleo Regional de Saúde,Solânea,251600
PB,III Núcleo Regional de Saúde,Alagoa Grande,250030
PB,III Núcleo Regional de Saúde,Alagoa Nova,250040
PB,III Núcleo Regional de Saúde,Alcantil,250053
PB,III Núcleo Regional de Saúde,Algodão de Jandaíra,250057
PB,III Núcleo Regional de Saúde,Arara,250090
PB,III Núcleo Regional de Saúde,Areia,250110
PB,III Núcleo Regional de Saúde,Areial,250120
PB,III Núcleo Regional de Saúde,Aroeiras,250130
PB,III Núcleo Regional de Saúde,Assunção,250135
PB,III Núcleo Regional de Saúde,Barra de Santana,250157
PB,III Núcleo Regional de Saúde,Barra de São Miguel,250170
PB,III Núcleo Regional de Saúde,Boa Vista,250215
PB,III Núcleo Regional de Saúde,Boqueirão,250250
PB,III Núcleo Regional de Saúde,Cabaceiras,250310
PB,III Núcleo Regional de Saúde,Campina Grande,250400
PB,III Núcleo Regional de Saúde,Caturité,250435
PB,III Núcleo Regional de Saúde,Esperança,250600
PB,III Núcleo Regional de Saúde,Fagundes,250610
PB,III Núcleo Regional de Saúde,Gado Bravo,250625
PB,III Núcleo Regional de Saúde,Gurjão,250650
PB,III Núcleo Regional de Saúde,Juazeirinho,250770
PB,III Núcleo Regional de Saúde,Lagoa Seca,250830
PB,III Núcleo Regional de Saúde,Livramento,250850
PB,III Núcleo Regional de Saúde,Massaranduba,250920
PB,III Núcleo Regional de Saúde,Matinhas,250933
PB,III Núcleo Regional de Saúde,Montadas,250950
PB,III Núcleo Regional de Saúde,Natuba,250990
PB,III Núcleo Regional de Saúde,Olivedos,251050
PB,III Núcleo Regional de Saúde,Pocinhos,251200
PB,III Núcleo Regional de Saúde,Puxinanã,251240
PB,III Núcleo Regional de Saúde,Queimadas,251250
PB,III Núcleo Regional de Saúde,Remígio,251270
PB,III Núcleo Regional de Saúde,Riacho de Santo Antônio,251278
PB,III Núcleo Regional de Saúde,Santa Cecília,251315
PB,III Núcleo Regional de Saúde,Santo André,251385
PB,III Núcleo Regional de Saúde,São Domingos do Cariri,251394
PB,III Núcleo Regional de Saúde,São Sebastião de Lagoa de Roça,251510
PB,III Núcleo Regional de Saúde,Serra Redonda,251580
PB,III Núcleo Regional de Saúde,Soledade,251610
PB,III Núcleo Regional de Saúde,Taperoá,251650
PB,III Núcleo Regional de Saúde,Tenório,251675
PB,III Núcleo Regional de Saúde,Umbuzeiro,251700
PB,IV Núcleo Regional de Saúde,Baraúna,250153
PB,IV Núcleo Regional de Saúde,Barra de Santa Rosa,250160
PB,IV Núcleo Regional de Saúde,Cubati,250500
PB,IV Núcleo Regional de Saúde,Cuité,250510
PB,IV Núcleo Regional de Saúde,Damião,250535
PB,IV Núcleo Regional de Saúde,Frei Martinho,250620
PB,IV Núcleo Regional de Saúde,Nova Floresta,251010
PB,IV Núcleo Regional de Saúde,Nova Palmeira,251030
PB,IV Núcleo Regional de Saúde,Pedra Lavrada,251110
PB,IV Núcleo Regional de Saúde,Picuí,251140
PB,IV Núcleo Regional de Saúde,Seridó,251540
PB,IV Núcleo Regional de Saúde,Sossêgo,251615
PB,IX Núcleo Regional de Saúde,Bernardino Batista,250205
PB,IX Núcleo Regional de Saúde,Bom Jesus,250220
PB,IX Núcleo Regional de Saúde,Bonito de Santa Fé,250240
PB,IX Núcleo Regional de Saúde,Cachoeira dos Índios,250330
PB,IX Núcleo Regional de Saúde,Cajazeiras,250370
PB,IX Núcleo Regional de Saúde,Carrapateira,250410
PB,IX Núcleo Regional de Saúde,Monte Horebe,250960
PB,IX Núcleo Regional de Saúde,Poço Dantas,251203
PB,IX Núcleo Regional de Saúde,Poço de José de Moura,251207
PB,IX Núcleo Regional de Saúde,Santa Helena,251330
PB,IX Núcleo Regional de Saúde,Santarém,251365
PB,IX Núcleo Regional de Saúde,São João do Rio do Peixe,250070
PB,IX Núcleo Regional de Saúde,São José de Piranhas,251450
PB,IX Núcleo Regional de Saúde,Triunfo,251680
PB,IX Núcleo Regional de Saúde,Uiraúna,251690
PB,V Núcleo Regional de Saúde,Amparo,250073
PB,V Núcleo Regional de Saúde,Camalaú,250390
PB,V Núcleo Regional de Saúde,Caraúbas,250407
PB,V Núcleo Regional de Saúde,Congo,250470
PB,V Núcleo Regional de Saúde,Coxixola,250485
PB,V Núcleo Regional de Saúde,Monteiro,250970
PB,V Núcleo Regional de Saúde,Ouro Velho,251060
PB,V Núcleo Regional de Saúde,Parari,251065
PB,V Núcleo Regional de Saúde,Prata,251220
PB,V Núcleo Regional de Saúde,São João do Cariri,251400
PB,V Núcleo Regional de Saúde,São João do Tigre,251410
PB,V Núcleo Regional de Saúde,São José dos Cordeiros,251480
PB,V Núcleo Regional de Saúde,São Sebastião do Umbuzeiro,251520
PB,V Núcleo Regional de Saúde,Serra Branca,251550
PB,V Núcleo Regional de Saúde,Sumé,251630
PB,V Núcleo Regional de Saúde,Zabelê,251740
PB,VI Núcleo Regional de Saúde,Areia de Baraúnas,250115
PB,VI Núcleo Regional de Saúde,Cacimba de Areia,250340
PB,VI Núcleo Regional de Saúde,Cacimbas,250355
PB,VI Núcleo Regional de Saúde,Catingueira,250420
PB,VI Núcleo Regional de Saúde,Condado,250450
PB,VI Núcleo Regional de Saúde,Desterro,250540
PB,VI Núcleo Regional de Saúde,Emas,250590
PB,VI Núcleo Regional de Saúde,Junco do Seridó,250780
PB,VI Núcleo Regional de Saúde,Mãe d'Água,250870
PB,VI Núcleo Regional de Saúde,Malta,250880
PB,VI Núcleo Regional de Saúde,Maturéia,250939
PB,VI Núcleo Regional de Saúde,Passagem,251070
PB,VI Núcleo Regional de Saúde,Patos,251080
PB,VI Núcleo Regional de Saúde,Quixabá,251260
PB,VI Núcleo Regional de Saúde,Salgadinho,251300
PB,VI Núcleo Regional de Saúde,Santa Luzia,251340
PB,VI Núcleo Regional de Saúde,Santa Teresinha,251380
PB,VI Núcleo Regional de Saúde,São José de Espinharas,251440
PB,VI Núcleo Regional de Saúde,São José do Bonfim,251460
PB,VI Núcleo Regional de Saúde,São José do Sabugi,251470
PB,VI Núcleo Regional de Saúde,São Mamede,251490
PB,VI Núcleo Regional de Saúde,Teixeira,251670
PB,VI Núcleo Regional de Saúde,Várzea,251710
PB,VI Núcleo Regional de Saúde,Vista Serrana,250550
PB,VII Núcleo Regional de Saúde,Aguiar,250020
PB,VII Núcleo Regional de Saúde,Boa Ventura,250210
PB,VII Núcleo Regional de Saúde,Conceição,250440
PB,VII Núcleo Regional de Saúde,Coremas,250480
PB,VII Núcleo Regional de Saúde,Curral Velho,250530
PB,VII Núcleo Regional de Saúde,Diamante,250560
PB,VII Núcleo Regional de Saúde,Ibiara,250660
PB,VII Núcleo Regional de Saúde,Igaracy,250260
PB,VII Núcleo Regional de Saúde,Itaporanga,250700
PB,VII Núcleo Regional de Saúde,Nova Olinda,251020
PB,VII Núcleo Regional de Saúde,Olho d'Água,251040
PB,VII Núcleo Regional de Saúde,Pedra Branca,251100
PB,VII Núcleo Regional de Saúde,Piancó,251130
PB,VII Núcleo Regional de Saúde,Santa Inês,251335
PB,VII Núcleo Regional de Saúde,Santana de Mangueira,251350
PB,VII Núcleo Regional de Saúde,Santana dos Garrotes,251360
PB,VII Núcleo Regional de Saúde,São José de Caiana,251430
PB,VII Núcleo Regional de Saúde,Serra Grande,251570
PB,VIII Núcleo Regional de Saúde,Belém do Brejo do Cruz,250200
PB,VIII Núcleo Regional de Saúde,Bom Sucesso,250230
PB,VIII Núcleo Regional de Saúde,Brejo do Cruz,250280
PB,VIII Núcleo Regional de Saúde,Brejo dos Santos,250290
PB,VIII Núcleo Regional de Saúde,Catolé do Rocha,250430
PB,VIII Núcleo Regional de Saúde,Jericó,250740
PB,VIII Núcleo Regional de Saúde,Mato Grosso,250937
PB,VIII Núcleo Regional de Saúde,Riacho dos Cavalos,251280
PB,VIII Núcleo Regional de Saúde,São Bento,251390
PB,VIII Núcleo Regional de Saúde,São José do Brejo do Cruz,251465
PB,X Núcleo Regional de Saúde,Aparecida,250077
PB,X Núcleo Regional de Saúde,Cajazeirinhas,250375
PB,X Núcleo Regional de Saúde,Lagoa,250810
PB,X Núcleo Regional de Saúde,Lastro,250840
PB,X Núcleo Regional de Saúde,Marizópolis,250915
PB,X Núcleo Regional de Saúde,Nazarezinho,251000
PB,X Núcleo Regional de Saúde,Paulista,251090
PB,X Núcleo Regional de Saúde,Pombal,251210
PB,X Núcleo Regional de Saúde,Santa Cruz,251320
PB,X Núcleo Regional de Saúde,São Bentinho,251392
PB,X Núcleo Regional de Saúde,São Domingos,251396
PB,X Núcleo Regional de Saúde,São Francisco,251398
PB,X Núcleo Regional de Saúde,São José da Lagoa Tapada,251420
PB,X Núcleo Regional de Saúde,Sousa,251620
PB,X Núcleo Regional de Saúde,Vieirópolis,251720
PB,XI Núcleo Regional de Saúde,Água Branca,250010
PB,XI Núcleo Regional de Saúde,Imaculada,250670
PB,XI Núcleo Regional de Saúde,Juru,250800
PB,XI Núcleo Regional de Saúde,Manaíra,250900
PB,XI Núcleo Regional de Saúde,Princesa Isabel,251230
PB,XI Núcleo Regional de Saúde,São José de Princesa,251455
PB,XI Núcleo Regional de Saúde,Tavares,251660
PB,XII Núcleo Regional de Saúde,Caldas Brandão,250380
PB,XII Núcleo Regional de Saúde,Gurinhém,250640
PB,XII Núcleo Regional de Saúde,Ingá,250680
PB,XII Núcleo Regional de Saúde,Itabaiana,250690
PB,XII Núcleo Regional de Saúde,Itatuba,250720
PB,XII Núcleo Regional de Saúde,Juarez Távora,250760
PB,XII Núcleo Regional de Saúde,Juripiranga,250790
PB,XII Núcleo Regional de Saúde,Mogeiro,250940
PB,XII Núcleo Regional de Saúde,Pedras de Fogo,251120
PB,XII Núcleo Regional de Saúde,Pilar,251150
PB,XII Núcleo Regional de Saúde,Riachão do Bacamarte,251275
PB,XII Núcleo Regional de Saúde,Salgado de São Félix,251310
PB,XII Núcleo Regional de Saúde,São José dos Ramos,251445
PB,XII Núcleo Regional de Saúde,São Miguel de Taipu,251500
PE,Afogados da Ingazeira,Afogados da Ingazeira,260010
PE,Afogados da Ingazeira,Brejinho,260250
PE,Afogados da Ingazeira,Carnaíba,260390
PE,Afogados da Ingazeira,Iguaraci,260690
PE,Afogados da Ingazeira,Ingazeira,260710
PE,Afogados da Ingazeira,Itapetim,260770
PE,Afogados da Ingazeira,Quixaba,261153
PE,Afogados da Ingazeira,Santa Terezinha,261280
PE,Afogados da Ingazeira,São José do Egito,261360
PE,Afogados da Ingazeira,Solidão,261440
PE,Afogados da Ingazeira,Tabira,261460
PE,Afogados da Ingazeira,Tuparetama,261590
PE,Arcoverde,Arcoverde,260120
PE,Arcoverde,Buíque,260280
PE,Arcoverde,Custódia,260510
PE,Arcoverde,Ibimirim,260660
PE,Arcoverde,Inajá,260700
PE,Arcoverde,Jatobá,260805
PE,Arcoverde,Manari,260915
PE,Arcoverde,Pedra,261080
PE,Arcoverde,Petrolândia,261100
PE,Arcoverde,Sertânia,261410
PE,Arcoverde,Tacaratu,261480
PE,Arcoverde,Tupanatinga,261580
PE,Arcoverde,Venturosa,261600
PE,Caruaru,Agrestina,260030
PE,Caruaru,Alagoinha,260060
PE,Caruaru,Altinho,260080
PE,Caruaru,Barra de Guabiraba,260130
PE,Caruaru,Belo Jardim,260170
PE,Caruaru,Bezerros,260190
PE,Caruaru,Bonito,260230
PE,Caruaru,Brejo da Madre de Deus,260260
PE,Caruaru,Cachoeirinha,260310
PE,Caruaru,Camocim de São Félix,260350
PE,Caruaru,Caruaru,260410
PE,Caruaru,Cupira,260500
PE,Caruaru,Frei Miguelinho,260580
PE,Caruaru,Gravatá,260640
PE,Caruaru,Ibirajuba,260670
PE,Caruaru,Jataúba,260800
PE,Caruaru,Jurema,260840
PE,Caruaru,Panelas,261020
PE,Caruaru,Pesqueira,261090
PE,Caruaru,Poção,261120
PE,Caruaru,Riacho das Almas,261170
PE,Caruaru,Sairé,261200
PE,Caruaru,Sanharó,261240
PE,Caruaru,Santa Cruz do Capibaribe,261250
PE,Caruaru,Santa Maria do Cambucá,261270
PE,Caruaru,São Bento do Una,261300
PE,Caruaru,São Caitano,261310
PE,Caruaru,São Joaquim do Monte,261330
PE,Caruaru,Tacaimbó,261470
PE,Caruaru,Taquaritinga do Norte,261500
PE,Caruaru,Toritama,261540
PE,Caruaru,Vertentes,261620
PE,Garanhuns,Águas Belas,260050
PE,Garanhuns,Angelim,260100
PE,Garanhuns,Bom Conselho,260210
PE,Garanhuns,Brejão,260240
PE,Garanhuns,Caetés,260320
PE,Garanhuns,Calçado,260330
PE,Garanhuns,Canhotinho,260370
PE,Garanhuns,Capoeiras,260380
PE,Garanhuns,Correntes,260470
PE,Garanhuns,Garanhuns,260600
PE,Garanhuns,Iati,260650
PE,Garanhuns,Itaíba,260750
PE,Garanhuns,Jucati,260825
PE,Garanhuns,Jupi,260830
PE,Garanhuns,Lagoa do Ouro,260860
PE,Garanhuns,Lajedo,260880
PE,Garanhuns,Palmeirina,261010
PE,Garanhuns,Paranatama,261030
PE,Garanhuns,Saloá,261230
PE,Garanhuns,São João,261320
PE,Garanhuns,Terezinha,261510
PE,Goiana,Aliança,260070
PE,Goiana,Camutanga,260360
PE,Goiana,Condado,260460
PE,Goiana,Ferreiros,260550
PE,Goiana,Goiana,260620
PE,Goiana,Itambé,260765
PE,Goiana,Itaquitinga,260780
PE,Goiana,Macaparana,260900
PE,Goiana,São Vicente Ferrer,261380
PE,Goiana,Timbaúba,261530
PE,Limoeiro,Bom Jardim,260220
PE,Limoeiro,Buenos Aires,260270
PE,Limoeiro,Carpina,260400
PE,Limoeiro,Casinhas,260415
PE,Limoeiro,Cumaru,260490
PE,Limoeiro,Feira Nova,260540
PE,Limoeiro,João Alfredo,260810
PE,Limoeiro,Lagoa do Carro,260845
PE,Limoeiro,Lagoa do Itaenga,260850
PE,Limoeiro,Limoeiro,260890
PE,Limoeiro,Machados,260910
PE,Limoeiro,Nazaré da Mata,260950
PE,Limoeiro,Orobó,260970
PE,Limoeiro,Passira,261050
PE,Limoeiro,Paudalho,261060
PE,Limoeiro,Salgadinho,261210
PE,Limoeiro,Surubim,261450
PE,Limoeiro,Tracunhaém,261550
PE,Limoeiro,Vertente do Lério,261618
PE,Limoeiro,Vicência,261630
PE,Ouricuri,Araripina,260110
PE,Ouricuri,Bodocó,260200
PE,Ouricuri,Exu,260530
PE,Ouricuri,Granito,260630
PE,Ouricuri,Ipubi,260730
PE,Ouricuri,Moreilândia,261430
PE,Ouricuri,Ouricuri,260990
PE,Ouricuri,Parnamirim,261040
PE,Ouricuri,Santa Cruz,261245
PE,Ouricuri,Santa Filomena,261255
PE,Ouricuri,Trindade,261560
PE,Palmares,Água Preta,260040
PE,Palmares,Amaraji,260090
PE,Palmares,Barreiros,260140
PE,Palmares,Belém de Maria,260150
PE,Palmares,Catende,260420
PE,Palmares,Cortês,260480
PE,Palmares,Escada,260520
PE,Palmares,Gameleira,260590
PE,Palmares,Jaqueira,260795
PE,Palmares,Joaquim Nabuco,260820
PE,Palmares,Lagoa dos Gatos,260870
PE,Palmares,Maraial,260920
PE,Palmares,Palmares,261000
PE,Palmares,Primavera,261140
PE,Palmares,Quipapá,261150
PE,Palmares,Ribeirão,261180
PE,Palmares,Rio Formoso,261190
PE,Palmares,São Benedito do Sul,261290
PE,Palmares,São José da Coroa Grande,261340
PE,Palmares,Sirinhaém,261420
PE,Palmares,Tamandaré,261485
PE,Palmares,Xexéu,261650
PE,Petrolina,Afrânio,260020
PE,Petrolina,Cabrobó,260300
PE,Petrolina,Dormentes,260515
PE,Petrolina,Lagoa Grande,260875
PE,Petrolina,Orocó,260980
PE,Petrolina,Petrolina,261110
PE,Petrolina,Santa Maria da Boa Vista,261260
PE,Recife,Abreu e Lima,260005
PE,Recife,Araçoiaba,260105
PE,Recife,Cabo de Santo Agostinho,260290
PE,Recife,Camaragibe,260345
PE,Recife,Chã de Alegria,260440
PE,Recife,Chã Grande,260450
PE,Recife,Fernando de Noronha,260545
PE,Recife,Glória do Goitá,260610
PE,Recife,Igarassu,260680
PE,Recife,Ilha de Itamaracá,260760
PE,Recife,Ipojuca,260720
PE,Recife,Itapissuma,260775
PE,Recife,Jaboatão dos Guararapes,260790
PE,Recife,Moreno,260940
PE,Recife,Olinda,260960
PE,Recife,Paulista,261070
PE,Recife,Pombos,261130
PE,Recife,Recife,261160
PE,Recife,São Lourenço da Mata,261370
PE,Recife,Vitória de Santo Antão,261640
PE,Salgueiro,Belém de São Francisco,260160
PE,Salgueiro,Cedro,260430
PE,Salgueiro,Mirandiba,260930
PE,Salgueiro,Salgueiro,261220
PE,Salgueiro,Serrita,261400
PE,Salgueiro,Terra Nova,261520
PE,Salgueiro,Verdejante,261610
PE,Serra Talhada,Betânia,260180
PE,Serra Talhada,Calumbi,260340
PE,Serra Talhada,Carnaubeira da Penha,260392
PE,Serra Talhada,Flores,260560
PE,Serra Talhada,Floresta,260570
PE,Serra Talhada,Itacuruba,260740
PE,Serra Talhada,Santa Cruz da Baixa Verde,261247
PE,Serra Talhada,São José do Belmonte,261350
PE,Serra Talhada,Serra Talhada,261390
PE,Serra Talhada,Triunfo,261570
PI,TD Carnaubais,Assunção do Piauí,220105
PI,TD Carnaubais,Boa Hora,220177
PI,TD Carnaubais,Boqueirão do Piauí,220194
PI,TD Carnaubais,Buriti dos Montes,220202
PI,TD Carnaubais,Cabeceiras do Piauí,220205
PI,TD Carnaubais,Campo Maior,220220
PI,TD Carnaubais,Capitão de Campos,220240
PI,TD Carnaubais,Castelo do Piauí,220260
PI,TD Carnaubais,Cocal de Telha,220271
PI,TD Carnaubais,Jatobá do Piauí,220527
PI,TD Carnaubais,Juazeiro do Piauí,220551
PI,TD Carnaubais,Nossa Senhora de Nazaré,220675
PI,TD Carnaubais,Novo Santo Antônio,220695
PI,TD Carnaubais,São João da Serra,220990
PI,TD Carnaubais,São Miguel do Tapuio,221040
PI,TD Carnaubais,Sigefredo Pacheco,221065
PI,TD Chapada das Mangabeiras,Alvorada do Gurguéia,220045
PI,TD Chapada das Mangabeiras,Avelino Lopes,220110
PI,TD Chapada das Mangabeiras,Barreiras do Piauí,220130
PI,TD Chapada das Mangabeiras,Bom Jesus,220190
PI,TD Chapada das Mangabeiras,Colônia do Gurguéia,220275
PI,TD Chapada das Mangabeiras,Corrente,220290
PI,TD Chapada das Mangabeiras,Cristalândia do Piauí,220300
PI,TD Chapada das Mangabeiras,Cristino Castro,220310
PI,TD Chapada das Mangabeiras,Curimatá,220320
PI,TD Chapada das Mangabeiras,Currais,220323
PI,TD Chapada das Mangabeiras,Eliseu Martins,220360
PI,TD Chapada das Mangabeiras,Gilbués,220440
PI,TD Chapada das Mangabeiras,Júlio Borges,220552
PI,TD Chapada das Mangabeiras,Monte Alegre do Piauí,220660
PI,TD Chapada das Mangabeiras,Morro Cabeça no Tempo,220665
PI,TD Chapada das Mangabeiras,Palmeira do Piauí,220740
PI,TD Chapada das Mangabeiras,Parnaguá,220760
PI,TD Chapada das Mangabeiras,Redenção do Gurguéia,220870
PI,TD Chapada das Mangabeiras,Riacho Frio,220885
PI,TD Chapada das Mangabeiras,Santa Filomena,220920
PI,TD Chapada das Mangabeiras,Santa Luz,220930
PI,TD Chapada das Mangabeiras,São Gonçalo do Gurguéia,220975
PI,TD Chapada das Mangabeiras,Sebastião Barros,221062
PI,TD dos Cocais,Barras,220120
PI,TD dos Cocais,Batalha,220150
PI,TD dos Cocais,Brasileira,220196
PI,TD dos Cocais,Campo Largo do Piauí,220217
PI,TD dos Cocais,Domingos Mourão,220342
PI,TD dos Cocais,Esperantina,220370
PI,TD dos Cocais,Joaquim Pires,220540
PI,TD dos Cocais,Joca Marques,220545
PI,TD dos Cocais,Lagoa de São Francisco,220557
PI,TD dos Cocais,Luzilândia,220580
PI,TD dos Cocais,Madeiro,220585
PI,TD dos Cocais,Matias Olímpio,220610
PI,TD dos Cocais,Milton Brandão,220635
PI,TD dos Cocais,Morro do Chapéu do Piauí,220667
PI,TD dos Cocais,Nossa Senhora dos Remédios,220680
PI,TD dos Cocais,Pedro II,220790
PI,TD dos Cocais,Piracuruca,220830
PI,TD dos Cocais,Piripiri,220840
PI,TD dos Cocais,Porto,220850
PI,TD dos Cocais,São João da Fronteira,220987
PI,TD dos Cocais,São João do Arraial,220997
PI,TD dos Cocais,São José do Divino,221005
PI,TD Entre Rios,Agricolândia,220010
PI,TD Entre Rios,Água Branca,220020
PI,TD Entre Rios,Alto Longá,220030
PI,TD Entre Rios,Altos,220040
PI,TD Entre Rios,Amarante,220050
PI,TD Entre Rios,Angical do Piauí,220060
PI,TD Entre Rios,Barro Duro,220140
PI,TD Entre Rios,Beneditinos,220160
PI,TD Entre Rios,Coivaras,220273
PI,TD Entre Rios,Curralinhos,220325
PI,TD Entre Rios,Demerval Lobão,220330
PI,TD Entre Rios,Hugo Napoleão,220460
PI,TD Entre Rios,Jardim do Mulato,220525
PI,TD Entre Rios,José de Freitas,220550
PI,TD Entre Rios,Lagoa Alegre,220555
PI,TD Entre Rios,Lagoa do Piauí,220558
PI,TD Entre Rios,Lagoinha do Piauí,220554
PI,TD Entre Rios,Miguel Alves,220620
PI,TD Entre Rios,Miguel Leão,220630
PI,TD Entre Rios,Monsenhor Gil,220640
PI,TD Entre Rios,Nazária,220672
PI,TD Entre Rios,Olho D'Água do Piauí,220710
PI,TD Entre Rios,Palmeirais,220750
PI,TD Entre Rios,Passagem Franca do Piauí,220775
PI,TD Entre Rios,Pau D'Arco do Piauí,220779
PI,TD Entre Rios,Regeneração,220880
PI,TD Entre Rios,Santo Antônio dos Milagres,220945
PI,TD Entre Rios,São Gonçalo do Piauí,220980
PI,TD Entre Rios,São Pedro do Piauí,221050
PI,TD Entre Rios,Teresina,221100
PI,TD Entre Rios,União,221110
PI,TD Planície Litorânea,Bom Princípio do Piauí,220191
PI,TD Planície Litorânea,Buriti dos Lopes,220200
PI,TD Planície Litorânea,Cajueiro da Praia,220208
PI,TD Planície Litorânea,Caraúbas do Piauí,220253
PI,TD Planície Litorânea,Caxingó,220265
PI,TD Planície Litorânea,Cocal,220270
PI,TD Planície Litorânea,Cocal dos Alves,220272
PI,TD Planície Litorânea,Ilha Grande,220465
PI,TD Planície Litorânea,Luís Correia,220570
PI,TD Planície Litorânea,Murici dos Portelas,220669
PI,TD Planície Litorânea,Parnaíba,220770
PI,TD Serra da Capivara,Anísio de Abreu,220070
PI,TD Serra da Capivara,Bonfim do Piauí,220192
PI,TD Serra da Capivara,Campo Alegre do Fidalgo,220211
PI,TD Serra da Capivara,Capitão Gervásio Oliveira,220245
PI,TD Serra da Capivara,Caracol,220250
PI,TD Serra da Capivara,Coronel José Dias,220285
PI,TD Serra da Capivara,Dirceu Arcoverde,220335
PI,TD Serra da Capivara,Dom Inocêncio,220345
PI,TD Serra da Capivara,Fartura do Piauí,220375
PI,TD Serra da Capivara,Guaribas,220455
PI,TD Serra da Capivara,João Costa,220535
PI,TD Serra da Capivara,Jurema,220553
PI,TD Serra da Capivara,Lagoa do Barro do Piauí,220556
PI,TD Serra da Capivara,São Braz do Piauí,220955
PI,TD Serra da Capivara,São João do Piauí,221000
PI,TD Serra da Capivara,São Lourenço do Piauí,221035
PI,TD Serra da Capivara,São Raimundo Nonato,221060
PI,TD Serra da Capivara,Várzea Branca,221135
PI,TD Tabuleiros do Alto Parnaíba,Antônio Almeida,220080
PI,TD Tabuleiros do Alto Parnaíba,Baixa Grande do Ribeiro,220115
PI,TD Tabuleiros do Alto Parnaíba,Ribeiro Gonçalves,220890
PI,TD Tabuleiros do Alto Parnaíba,Sebastião Leal,221063
PI,TD Tabuleiros do Alto Parnaíba,Uruçuí,221120
PI,TD Vale do Canindé,Bela Vista do Piauí,220155
PI,TD Vale do Canindé,Cajazeiras do Piauí,220207
PI,TD Vale do Canindé,Campinas do Piauí,220210
PI,TD Vale do Canindé,Colônia do Piauí,220277
PI,TD Vale do Canindé,Conceição do Canindé,220280
PI,TD Vale do Canindé,Floresta do Piauí,220385
PI,TD Vale do Canindé,Isaías Coelho,220490
PI,TD Vale do Canindé,Oeiras,220700
PI,TD Vale do Canindé,Santa Rosa do Piauí,220937
PI,TD Vale do Canindé,Santo Inácio do Piauí,220950
PI,TD Vale do Canindé,São Francisco de Assis do Piauí,220965
PI,TD Vale do Canindé,São João da Varjota,220995
PI,TD Vale do Canindé,Simplício Mendes,221080
PI,TD Vale do Canindé,Tanque do Piauí,221097
PI,TD Vale do Rio Guaribas,Acauã,220005
PI,TD Vale do Rio Guaribas,Alagoinha do Piauí,220025
PI,TD Vale do Rio Guaribas,Alegrete do Piauí,220027
PI,TD Vale do Rio Guaribas,Aroeiras do Itaim,220095
PI,TD Vale do Rio Guaribas,Belém do Piauí,220157
PI,TD Vale do Rio Guaribas,Betânia do Piauí,220173
PI,TD Vale do Rio Guaribas,Bocaina,220180
PI,TD Vale do Rio Guaribas,Caldeirão Grande do Piauí,220209
PI,TD Vale do Rio Guaribas,Campo Grande do Piauí,220213
PI,TD Vale do Rio Guaribas,Caridade do Piauí,220255
PI,TD Vale do Rio Guaribas,Curral Novo do Piauí,220327
PI,TD Vale do Rio Guaribas,Dom Expedito Lopes,220340
PI,TD Vale do Rio Guaribas,Francisco Macedo,220415
PI,TD Vale do Rio Guaribas,Francisco Santos,220420
PI,TD Vale do Rio Guaribas,Fronteiras,220430
PI,TD Vale do Rio Guaribas,Geminiano,220435
PI,TD Vale do Rio Guaribas,Ipiranga do Piauí,220480
PI,TD Vale do Rio Guaribas,Itainópolis,220500
PI,TD Vale do Rio Guaribas,Jacobina do Piauí,220515
PI,TD Vale do Rio Guaribas,Jaicós,220520
PI,TD Vale do Rio Guaribas,Marcolândia,220595
PI,TD Vale do Rio Guaribas,Massapê do Piauí,220605
PI,TD Vale do Rio Guaribas,Monsenhor Hipólito,220650
PI,TD Vale do Rio Guaribas,Padre Marcos,220720
PI,TD Vale do Rio Guaribas,Paquetá,220755
PI,TD Vale do Rio Guaribas,Patos do Piauí,220777
PI,TD Vale do Rio Guaribas,Paulistana,220780
PI,TD Vale do Rio Guaribas,Picos,220800
PI,TD Vale do Rio Guaribas,Pio IX,220820
PI,TD Vale do Rio Guaribas,Queimada Nova,220865
PI,TD Vale do Rio Guaribas,Santa Cruz do Piauí,220910
PI,TD Vale do Rio Guaribas,Santana do Piauí,220935
PI,TD Vale do Rio Guaribas,Santo Antônio de Lisboa,220940
PI,TD Vale do Rio Guaribas,São João da Canabrava,220985
PI,TD Vale do Rio Guaribas,São José do Piauí,221020
PI,TD Vale do Rio Guaribas,São Julião,221030
PI,TD Vale do Rio Guaribas,São Luis do Piauí,221037
PI,TD Vale do Rio Guaribas,Simões,221070
PI,TD Vale do Rio Guaribas,Sussuapara,221093
PI,TD Vale do Rio Guaribas,Vera Mendes,221150
PI,TD Vale do Rio Guaribas,Vila Nova do Piauí,221160
PI,TD Vale do Rio Guaribas,Wall Ferraz,221170
PI,TD Vale do Sambito,Aroazes,220090
PI,TD Vale do Sambito,Barra D'Alcântara,220117
PI,TD Vale do Sambito,Elesbão Veloso,220350
PI,TD Vale do Sambito,Francinópolis,220400
PI,TD Vale do Sambito,Inhuma,220470
PI,TD Vale do Sambito,Lagoa do Sítio,220559
PI,TD Vale do Sambito,Novo Oriente do Piauí,220690
PI,TD Vale do Sambito,Pimenteiras,220810
PI,TD Vale do Sambito,Prata do Piauí,220860
PI,TD Vale do Sambito,Santa Cruz dos Milagres,220915
PI,TD Vale do Sambito,São Félix do Piauí,220960
PI,TD Vale do Sambito,São Miguel da Baixa Grande,221038
PI,TD Vale do Sambito,Valença do Piauí,221130
PI,TD Vale do Sambito,Várzea Grande,221140
PI,TD Vale dos Rios Piauí e Itaueiras,Arraial,220100
PI,TD Vale dos Rios Piauí e Itaueiras,Bertolínia,220170
PI,TD Vale dos Rios Piauí e Itaueiras,Brejo do Piauí,220198
PI,TD Vale dos Rios Piauí e Itaueiras,Canavieira,220225
PI,TD Vale dos Rios Piauí e Itaueiras,Canto do Buriti,220230
PI,TD Vale dos Rios Piauí e Itaueiras,Flores do Piauí,220380
PI,TD Vale dos Rios Piauí e Itaueiras,Floriano,220390
PI,TD Vale dos Rios Piauí e Itaueiras,Francisco Ayres,220410
PI,TD Vale dos Rios Piauí e Itaueiras,Guadalupe,220450
PI,TD Vale dos Rios Piauí e Itaueiras,Itaueira,220510
PI,TD Vale dos Rios Piauí e Itaueiras,Jerumenha,220530
PI,TD Vale dos Rios Piauí e Itaueiras,Landri Sales,220560
PI,TD Vale dos Rios Piauí e Itaueiras,Manoel Emídio,220590
PI,TD Vale dos Rios Piauí e Itaueiras,Marcos Parente,220600
PI,TD Vale dos Rios Piauí e Itaueiras,Nazaré do Piauí,220670
PI,TD Vale dos Rios Piauí e Itaueiras,Nova Santa Rita,220795
PI,TD Vale dos Rios Piauí e Itaueiras,Paes Landim,220730
PI,TD Vale dos Rios Piauí e Itaueiras,Pajeú do Piauí,220735
PI,TD Vale dos Rios Piauí e Itaueiras,Pavussu,220785
PI,TD Vale dos Rios Piauí e Itaueiras,Pedro Laurentino,220793
PI,TD Vale dos Rios Piauí e Itaueiras,Porto Alegre do Piauí,220855
PI,TD Vale dos Rios Piauí e Itaueiras,Ribeira do Piauí,220887
PI,TD Vale dos Rios Piauí e Itaueiras,Rio Grande do Piauí,220900
PI,TD Vale dos Rios Piauí e Itaueiras,São Francisco do Piauí,220970
PI,TD Vale dos Rios Piauí e Itaueiras,São José do Peixe,221010
PI,TD Vale dos Rios Piauí e Itaueiras,São Miguel do Fidalgo,221039
PI,TD Vale dos Rios Piauí e Itaueiras,Socorro do Piauí,221090
PI,TD Vale dos Rios Piauí e Itaueiras,Tamboril do Piauí,221095
PR,Apucarana,Apucarana,410140
PR,Apucarana,Arapongas,410150
PR,Apucarana,Bom Sucesso,410320
PR,Apucarana,Borrazópolis,410330
PR,Apucarana,Califórnia,410350
PR,Apucarana,Cambira,410380
PR,Apucarana,Faxinal,410760
PR,Apucarana,Grandes Rios,410870
PR,Apucarana,Jandaia do Sul,411210
PR,Apucarana,Kaloré,411310
PR,Apucarana,Marilândia do Sul,411490
PR,Apucarana,Marumbi,411550
PR,Apucarana,Mauá da Serra,411575
PR,Apucarana,Novo Itacolomi,411729
PR,Apucarana,Rio Bom,412210
PR,Apucarana,Sabáudia,412270
PR,Apucarana,São Pedro do Ivaí,412580
PR,Campo Mourão,Altamira do Paraná,410045
PR,Campo Mourão,Araruna,410170
PR,Campo Mourão,Barbosa Ferraz,410250
PR,Campo Mourão,Boa Esperança,410300
PR,Campo Mourão,Campina da Lagoa,410390
PR,Campo Mourão,Campo Mourão,410430
PR,Campo Mourão,Corumbataí do Sul,410655
PR,Campo Mourão,Engenheiro Beltrão,410750
PR,Campo Mourão,Farol,410755
PR,Campo Mourão,Fênix,410770
PR,Campo Mourão,Goioerê,410860
PR,Campo Mourão,Iretama,411080
PR,Campo Mourão,Janiópolis,411220
PR,Campo Mourão,Juranda,411295
PR,Campo Mourão,Luiziana,411373
PR,Campo Mourão,Mamborê,411400
PR,Campo Mourão,Moreira Sales,411610
PR,Campo Mourão,Nova Cantu,411680
PR,Campo Mourão,Peabiru,411880
PR,Campo Mourão,Quarto Centenário,412065
PR,Campo Mourão,Quinta do Sol,412110
PR,Campo Mourão,Rancho Alegre D'Oeste,412135
PR,Campo Mourão,Roncador,412250
PR,Campo Mourão,Terra Boa,412720
PR,Campo Mourão,Ubiratã,412800
PR,Cascavel,Anahy,410105
PR,Cascavel,Boa Vista da Aparecida,410305
PR,Cascavel,Braganey,410335
PR,Cascavel,Cafelândia,410345
PR,Cascavel,Campo Bonito,410405
PR,Cascavel,Capitão Leônidas Marques,410460
PR,Cascavel,Cascavel,410480
PR,Cascavel,Catanduvas,410500
PR,Cascavel,Céu Azul,410530
PR,Cascavel,Corbélia,410630
PR,Cascavel,Diamante do Sul,410712
PR,Cascavel,Espigão Alto do Iguaçu,410754
PR,Cascavel,Formosa do Oeste,410820
PR,Cascavel,Guaraniaçu,410930
PR,Cascavel,Ibema,410975
PR,Cascavel,Iguatu,411005
PR,Cascavel,Iracema do Oeste,411065
PR,Cascavel,Jesuítas,411275
PR,Cascavel,Lindoeste,411345
PR,Cascavel,Nova Aurora,411670
PR,Cascavel,Quedas do Iguaçu,412090
PR,Cascavel,Santa Lúcia,412382
PR,Cascavel,Santa Tereza do Oeste,412402
PR,Cascavel,Três Barras do Paraná,412785
PR,Cascavel,Vera Cruz do Oeste,412855
PR,Cianorte,Cianorte,410550
PR,Cianorte,Cidade Gaúcha,410560
PR,Cianorte,Guaporema,410910
PR,Cianorte,Indianópolis,411040
PR,Cianorte,Japurá,411240
PR,Cianorte,Jussara,411300
PR,Cianorte,Rondon,412260
PR,Cianorte,São Manoel do Paraná,412555
PR,Cianorte,São Tomé,412610
PR,Cianorte,Tapejara,412680
PR,Cianorte,Tuneiras do Oeste,412790
PR,Cornélio Procópio,Abatiá,410010
PR,Cornélio Procópio,Andirá,410110
PR,Cornélio Procópio,Bandeirantes,410240
PR,Cornélio Procópio,Congonhinhas,410600
PR,Cornélio Procópio,Cornélio Procópio,410640
PR,Cornélio Procópio,Itambaracá,411100
PR,Cornélio Procópio,Leópolis,411340
PR,Cornélio Procópio,Nova América da Colina,411660
PR,Cornélio Procópio,Nova Fátima,411700
PR,Cornélio Procópio,Nova Santa Bárbara,411721
PR,Cornélio Procópio,Rancho Alegre,412130
PR,Cornélio Procópio,Ribeirão do Pinhal,412190
PR,Cornélio Procópio,Santa Amélia,412310
PR,Cornélio Procópio,Santa Cecília do Pavão,412320
PR,Cornélio Procópio,Santa Mariana,412390
PR,Cornélio Procópio,Santo Antônio do Paraíso,412430
PR,Cornélio Procópio,São Jerônimo da Serra,412470
PR,Cornélio Procópio,São Sebastião da Amoreira,412600
PR,Cornélio Procópio,Sapopema,412620
PR,Cornélio Procópio,Sertaneja,412640
PR,Cornélio Procópio,Uraí,412840
PR,Foz do Iguaçu,Foz do Iguaçu,410830
PR,Foz do Iguaçu,Itaipulândia,411095
PR,Foz do Iguaçu,Matelândia,411560
PR,Foz do Iguaçu,Medianeira,411580
PR,Foz do Iguaçu,Missal,411605
PR,Foz do Iguaçu,Ramilândia,412125
PR,Foz do Iguaçu,Santa Terezinha de Itaipu,412405
PR,Foz do Iguaçu,São Miguel do Iguaçu,412570
PR,Foz do Iguaçu,Serranópolis do Iguaçu,412635
PR,Francisco Beltrão,Ampére,410100
PR,Francisco Beltrão,Barracão,410260
PR,Francisco Beltrão,Bela Vista da Caroba,410275
PR,Francisco Beltrão,Boa Esperança do Iguaçu,410302
PR,Francisco Beltrão,Bom Jesus do Sul,410315
PR,Francisco Beltrão,Capanema,410450
PR,Francisco Beltrão,Cruzeiro do Iguaçu,410657
PR,Francisco Beltrão,Dois Vizinhos,410720
PR,Francisco Beltrão,Enéas Marques,410740
PR,Francisco Beltrão,Flor da Serra do Sul,410785
PR,Francisco Beltrão,Francisco Beltrão,410840
PR,Francisco Beltrão,Manfrinópolis,411435
PR,Francisco Beltrão,Marmeleiro,411540
PR,Francisco Beltrão,Nova Esperança do Sudoeste,411695
PR,Francisco Beltrão,Nova Prata do Iguaçu,411725
PR,Francisco Beltrão,Pérola d'Oeste,411900
PR,Francisco Beltrão,Pinhal de São Bento,411925
PR,Francisco Beltrão,Planalto,411980
PR,Francisco Beltrão,Pranchita,412035
PR,Francisco Beltrão,Realeza,412140
PR,Francisco Beltrão,Renascença,412160
PR,Francisco Beltrão,Salgado Filho,412280
PR,Francisco Beltrão,Salto do Lontra,412300
PR,Francisco Beltrão,Santa Izabel do Oeste,412380
PR,Francisco Beltrão,Santo Antônio do Sudoeste,412440
PR,Francisco Beltrão,São Jorge d'Oeste,412520
PR,Francisco Beltrão,Verê,412860
PR,Guarapuava,Boa Ventura de São Roque,410304
PR,Guarapuava,Campina do Simão,410395
PR,Guarapuava,Candói,410442
PR,Guarapuava,Cantagalo,410445
PR,Guarapuava,Foz do Jordão,410845
PR,Guarapuava,Goioxim,410865
PR,Guarapuava,Guarapuava,410940
PR,Guarapuava,Laranjal,411325
PR,Guarapuava,Laranjeiras do Sul,411330
PR,Guarapuava,Marquinho,411545
PR,Guarapuava,Nova Laranjeiras,411705
PR,Guarapuava,Palmital,411780
PR,Guarapuava,Pinhão,411930
PR,Guarapuava,Pitanga,411960
PR,Guarapuava,Porto Barreiro,412015
PR,Guarapuava,Prudentópolis,412060
PR,Guarapuava,Reserva do Iguaçu,412175
PR,Guarapuava,Rio Bonito do Iguaçu,412215
PR,Guarapuava,Turvo,412796
PR,Guarapuava,Virmond,412865
PR,Irati,Fernandes Pinheiro,410773
PR,Irati,Guamiranga,410895
PR,Irati,Imbituva,411010
PR,Irati,Inácio Martins,411020
PR,Irati,Irati,411070
PR,Irati,Mallet,411390
PR,Irati,Rebouças,412150
PR,Irati,Rio Azul,412200
PR,Irati,Teixeira Soares,412700
PR,Ivaiporã,Arapuã,410165
PR,Ivaiporã,Ariranha do Ivaí,410185
PR,Ivaiporã,Cândido de Abreu,410440
PR,Ivaiporã,Cruzmaltina,410685
PR,Ivaiporã,Godoy Moreira,410855
PR,Ivaiporã,Ivaiporã,411150
PR,Ivaiporã,Jardim Alegre,411250
PR,Ivaiporã,Lidianópolis,411342
PR,Ivaiporã,Lunardelli,411375
PR,Ivaiporã,Manoel Ribas,411450
PR,Ivaiporã,Mato Rico,411573
PR,Ivaiporã,Nova Tebas,411727
PR,Ivaiporã,Rio Branco do Ivaí,412217
PR,Ivaiporã,Rosário do Ivaí,412265
PR,Ivaiporã,Santa Maria do Oeste,412385
PR,Ivaiporã,São João do Ivaí,412500
PR,Jacarezinho,Barra do Jacaré,410270
PR,Jacarezinho,Cambará,410360
PR,Jacarezinho,Carlópolis,410470
PR,Jacarezinho,Conselheiro Mairinck,410610
PR,Jacarezinho,Figueira,410775
PR,Jacarezinho,Guapirama,410900
PR,Jacarezinho,Ibaiti,410970
PR,Jacarezinho,Jaboti,411170
PR,Jacarezinho,Jacarezinho,411180
PR,Jacarezinho,Japira,411230
PR,Jacarezinho,Joaquim Távora,411280
PR,Jacarezinho,Jundiaí do Sul,411290
PR,Jacarezinho,Pinhalão,411920
PR,Jacarezinho,Quatiguá,412070
PR,Jacarezinho,Ribeirão Claro,412180
PR,Jacarezinho,Salto do Itararé,412290
PR,Jacarezinho,Santana do Itararé,412400
PR,Jacarezinho,Santo Antônio da Platina,412410
PR,Jacarezinho,São José da Boa Vista,412540
PR,Jacarezinho,Siqueira Campos,412660
PR,Jacarezinho,Tomazina,412780
PR,Jacarezinho,Wenceslau Braz,412850
PR,Londrina,Alvorada do Sul,410080
PR,Londrina,Assaí,410190
PR,Londrina,Bela Vista do Paraíso,410280
PR,Londrina,Cafeara,410340
PR,Londrina,Cambé,410370
PR,Londrina,Centenário do Sul,410510
PR,Londrina,Florestópolis,410800
PR,Londrina,Guaraci,410920
PR,Londrina,Ibiporã,410980
PR,Londrina,Jaguapitã,411190
PR,Londrina,Jataizinho,411270
PR,Londrina,Londrina,411370
PR,Londrina,Lupionópolis,411380
PR,Londrina,Miraselva,411600
PR,Londrina,Pitangueiras,411965
PR,Londrina,Porecatu,412000
PR,Londrina,Prado Ferreira,412033
PR,Londrina,Primeiro de Maio,412050
PR,Londrina,Rolândia,412240
PR,Londrina,Sertanópolis,412650
PR,Londrina,Tamarana,412667
PR,Maringá,Ângulo,410115
PR,Maringá,Astorga,410210
PR,Maringá,Atalaia,410220
PR,Maringá,Colorado,410590
PR,Maringá,Doutor Camargo,410730
PR,Maringá,Floraí,410780
PR,Maringá,Floresta,410790
PR,Maringá,Flórida,410810
PR,Maringá,Iguaraçu,411000
PR,Maringá,Itaguajé,411090
PR,Maringá,Itambé,411110
PR,Maringá,Ivatuba,411160
PR,Maringá,Lobato,411360
PR,Maringá,Mandaguaçu,411410
PR,Maringá,Mandaguari,411420
PR,Maringá,Marialva,411480
PR,Maringá,Maringá,411520
PR,Maringá,Munhoz de Melo,411630
PR,Maringá,Nossa Senhora das Graças,411640
PR,Maringá,Nova Esperança,411690
PR,Maringá,Ourizona,411740
PR,Maringá,Paiçandu,411750
PR,Maringá,Paranacity,411810
PR,Maringá,Presidente Castelo Branco,412040
PR,Maringá,Santa Fé,412340
PR,Maringá,Santa Inês,412360
PR,Maringá,Santo Inácio,412450
PR,Maringá,São Jorge do Ivaí,412530
PR,Maringá,Sarandi,412625
PR,Maringá,Uniflor,412830
PR,Metropolitana,Adrianópolis,410020
PR,Metropolitana,Agudos do Sul,410030
PR,Metropolitana,Almirante Tamandaré,410040
PR,Metropolitana,Araucária,410180
PR,Metropolitana,Balsa Nova,410230
PR,Metropolitana,Bocaiúva do Sul,410310
PR,Metropolitana,Campina Grande do Sul,410400
PR,Metropolitana,Campo do Tenente,410410
PR,Metropolitana,Campo Largo,410420
PR,Metropolitana,Campo Magro,410425
PR,Metropolitana,Cerro Azul,410520
PR,Metropolitana,Colombo,410580
PR,Metropolitana,Contenda,410620
PR,Metropolitana,Curitiba,410690
PR,Metropolitana,Doutor Ulysses,412863
PR,Metropolitana,Fazenda Rio Grande,410765
PR,Metropolitana,Itaperuçu,411125
PR,Metropolitana,Lapa,411320
PR,Metropolitana,Mandirituba,411430
PR,Metropolitana,Piên,411910
PR,Metropolitana,Pinhais,411915
PR,Metropolitana,Piraquara,411950
PR,Metropolitana,Quatro Barras,412080
PR,Metropolitana,Quitandinha,412120
PR,Metropolitana,Rio Branco do Sul,412220
PR,Metropolitana,Rio Negro,412230
PR,Metropolitana,São José dos Pinhais,412550
PR,Metropolitana,Tijucas do Sul,412760
PR,Metropolitana,Tunas do Paraná,412788
PR,Paranaguá,Antonina,410120
PR,Paranaguá,Guaraqueçaba,410950
PR,Paranaguá,Guaratuba,410960
PR,Paranaguá,Matinhos,411570
PR,Paranaguá,Morretes,411620
PR,Paranaguá,Paranaguá,411820
PR,Paranaguá,Pontal do Paraná,411995
PR,Paranavaí,Alto Paraná,410060
PR,Paranavaí,Amaporã,410090
PR,Paranavaí,Cruzeiro do Sul,410670
PR,Paranavaí,Diamante do Norte,410710
PR,Paranavaí,Guairaçá,410890
PR,Paranavaí,Inajá,411030
PR,Paranavaí,Itaúna do Sul,411130
PR,Paranavaí,Jardim Olinda,411260
PR,Paranavaí,Loanda,411350
PR,Paranavaí,Marilena,411500
PR,Paranavaí,Mirador,411590
PR,Paranavaí,Nova Aliança do Ivaí,411650
PR,Paranavaí,Nova Londrina,411710
PR,Paranavaí,Paraíso do Norte,411800
PR,Paranavaí,Paranapoema,411830
PR,Paranavaí,Paranavaí,411840
PR,Paranavaí,Planaltina do Paraná,411970
PR,Paranavaí,Porto Rico,412020
PR,Paranavaí,Querência do Norte,412100
PR,Paranavaí,Santa Cruz de Monte Castelo,412330
PR,Paranavaí,Santa Isabel do Ivaí,412370
PR,Paranavaí,Santa Mônica,412395
PR,Paranavaí,Santo Antônio do Caiuá,412420
PR,Paranavaí,São Carlos do Ivaí,412460
PR,Paranavaí,São João do Caiuá,412490
PR,Paranavaí,São Pedro do Paraná,412590
PR,Paranavaí,Tamboara,412670
PR,Paranavaí,Terra Rica,412730
PR,Pato Branco,Bom Sucesso do Sul,410322
PR,Pato Branco,Chopinzinho,410540
PR,Pato Branco,Clevelândia,410570
PR,Pato Branco,Coronel Domingos Soares,410645
PR,Pato Branco,Coronel Vivida,410650
PR,Pato Branco,Honório Serpa,410965
PR,Pato Branco,Itapejara d'Oeste,411120
PR,Pato Branco,Mangueirinha,411440
PR,Pato Branco,Mariópolis,411530
PR,Pato Branco,Palmas,411760
PR,Pato Branco,Pato Branco,411850
PR,Pato Branco,São João,412480
PR,Pato Branco,Saudade do Iguaçu,412627
PR,Pato Branco,Sulina,412665
PR,Pato Branco,Vitorino,412870
PR,Ponta Grossa,Arapoti,410160
PR,Ponta Grossa,Carambeí,410465
PR,Ponta Grossa,Castro,410490
PR,Ponta Grossa,Ipiranga,411050
PR,Ponta Grossa,Ivaí,411140
PR,Ponta Grossa,Jaguariaíva,411200
PR,Ponta Grossa,Palmeira,411770
PR,Ponta Grossa,Piraí do Sul,411940
PR,Ponta Grossa,Ponta Grossa,411990
PR,Ponta Grossa,Porto Amazonas,412010
PR,Ponta Grossa,São João do Triunfo,412510
PR,Ponta Grossa,Sengés,412630
PR,Telêmaco Borba,Curiúva,410700
PR,Telêmaco Borba,Imbaú,411007
PR,Telêmaco Borba,Ortigueira,411730
PR,Telêmaco Borba,Reserva,412170
PR,Telêmaco Borba,Telêmaco Borba,412710
PR,Telêmaco Borba,Tibagi,412750
PR,Telêmaco Borba,Ventania,412853
PR,Toledo,Assis Chateaubriand,410200
PR,Toledo,Diamante D'Oeste,410715
PR,Toledo,Entre Rios do Oeste,410753
PR,Toledo,Guaíra,410880
PR,Toledo,Marechal Cândido Rondon,411460
PR,Toledo,Maripá,411535
PR,Toledo,Mercedes,411585
PR,Toledo,Nova Santa Rosa,411722
PR,Toledo,Ouro Verde do Oeste,411745
PR,Toledo,Palotina,411790
PR,Toledo,Pato Bragado,411845
PR,Toledo,Quatro Pontes,412085
PR,Toledo,Santa Helena,412350
PR,Toledo,São José das Palmeiras,412545
PR,Toledo,São Pedro do Iguaçu,412575
PR,Toledo,Terra Roxa,412740
PR,Toledo,Toledo,412770
PR,Toledo,Tupãssi,412795
PR,Umuarama,Alto Paraíso,412862
PR,Umuarama,Alto Piquiri,410070
PR,Umuarama,Altônia,410050
PR,Umuarama,Brasilândia do Sul,410337
PR,Umuarama,Cafezal do Sul,410347
PR,Umuarama,Cruzeiro do Oeste,410660
PR,Umuarama,Douradina,410725
PR,Umuarama,Esperança Nova,410752
PR,Umuarama,Francisco Alves,410832
PR,Umuarama,Icaraíma,410990
PR,Umuarama,Iporã,411060
PR,Umuarama,Ivaté,411155
PR,Umuarama,Maria Helena,411470
PR,Umuarama,Mariluz,411510
PR,Umuarama,Nova Olímpia,411720
PR,Umuarama,Perobal,411885
PR,Umuarama,Pérola,411890
PR,Umuarama,São Jorge do Patrocínio,412535
PR,Umuarama,Tapira,412690
PR,Umuarama,Umuarama,412810
PR,Umuarama,Xambrê,412880
PR,União da Vitória,Antônio Olinto,410130
PR,União da Vitória,Bituruna,410290
PR,União da Vitória,Cruz Machado,410680
PR,União da Vitória,General Carneiro,410850
PR,União da Vitória,Paula Freitas,411860
PR,União da Vitória,Paulo Frontin,411870
PR,União da Vitória,Porto Vitória,412030
PR,União da Vitória,São Mateus do Sul,412560
PR,União da Vitória,União da Vitória,412820
RJ,Baía da Ilha Grande,Angra dos Reis,330010
RJ,Baía da Ilha Grande,Mangaratiba,330260
RJ,Baía da Ilha Grande,Paraty,330380
RJ,Baixada Litorânea,Araruama,330020
RJ,Baixada Litorânea,Armação dos Búzios,330023
RJ,Baixada Litorânea,Arraial do Cabo,330025
RJ,Baixada Litorânea,Cabo Frio,330070
RJ,Baixada Litorânea,Casimiro de Abreu,330130
RJ,Baixada Litorânea,Iguaba Grande,330187
RJ,Baixada Litorânea,Rio das Ostras,330452
RJ,Baixada Litorânea,São Pedro da Aldeia,330520
RJ,Baixada Litorânea,Saquarema,330550
RJ,Centro-Sul,Areal,330022
RJ,Centro-Sul,Comendador Levy Gasparian,330095
RJ,Centro-Sul,Engenheiro Paulo de Frontin,330180
RJ,Centro-Sul,Mendes,330280
RJ,Centro-Sul,Miguel Pereira,330290
RJ,Centro-Sul,Paracambi,330360
RJ,Centro-Sul,Paraíba do Sul,330370
RJ,Centro-Sul,Paty do Alferes,330385
RJ,Centro-Sul,Sapucaia,330540
RJ,Centro-Sul,Três Rios,330600
RJ,Centro-Sul,Vassouras,330620
RJ,Médio Paraíba,Barra do Piraí,330030
RJ,Médio Paraíba,Barra Mansa,330040
RJ,Médio Paraíba,Itatiaia,330225
RJ,Médio Paraíba,Pinheiral,330395
RJ,Médio Paraíba,Piraí,330400
RJ,Médio Paraíba,Porto Real,330411
RJ,Médio Paraíba,Quatis,330412
RJ,Médio Paraíba,Resende,330420
RJ,Médio Paraíba,Rio Claro,330440
RJ,Médio Paraíba,Rio das Flores,330450
RJ,Médio Paraíba,Valença,330610
RJ,Médio Paraíba,Volta Redonda,330630
RJ,Metropolitana I,Belford Roxo,330045
RJ,Metropolitana I,Duque de Caxias,330170
RJ,Metropolitana I,Itaguaí,330200
RJ,Metropolitana I,Japeri,330227
RJ,Metropolitana I,Magé,330250
RJ,Metropolitana I,Mesquita,330285
RJ,Metropolitana I,Nilópolis,330320
RJ,Metropolitana I,Nova Iguaçu,330350
RJ,Metropolitana I,Queimados,330414
RJ,Metropolitana I,Rio de Janeiro,330455
RJ,Metropolitana I,São João de Meriti,330510
RJ,Metropolitana I,Seropédica,330555
RJ,Metropolitana II,Itaboraí,330190
RJ,Metropolitana II,Maricá,330270
RJ,Metropolitana II,Niterói,330330
RJ,Metropolitana II,Rio Bonito,330430
RJ,Metropolitana II,São Gonçalo,330490
RJ,Metropolitana II,Silva Jardim,330560
RJ,Metropolitana II,Tanguá,330575
RJ,Noroeste,Aperibé,330015
RJ,Noroeste,Bom Jesus do Itabapoana,330060
RJ,Noroeste,Cambuci,330090
RJ,Noroeste,Cardoso Moreira,330115
RJ,Noroeste,Italva,330205
RJ,Noroeste,Itaocara,330210
RJ,Noroeste,Itaperuna,330220
RJ,Noroeste,Laje do Muriaé,330230
RJ,Noroeste,Miracema,330300
RJ,Noroeste,Natividade,330310
RJ,Noroeste,Porciúncula,330410
RJ,Noroeste,Santo Antônio de Pádua,330470
RJ,Noroeste,São José de Ubá,330513
RJ,Noroeste,Varre-Sai,330615
RJ,Norte,Campos dos Goytacazes,330100
RJ,Norte,Carapebus,330093
RJ,Norte,Conceição de Macabu,330140
RJ,Norte,Macaé,330240
RJ,Norte,Quissamã,330415
RJ,Norte,São Fidélis,330480
RJ,Norte,São Francisco de Itabapoana,330475
RJ,Norte,São João da Barra,330500
RJ,Serrana,Bom Jardim,330050
RJ,Serrana,Cachoeiras de Macacu,330080
RJ,Serrana,Cantagalo,330110
RJ,Serrana,Carmo,330120
RJ,Serrana,Cordeiro,330150
RJ,Serrana,Duas Barras,330160
RJ,Serrana,Guapimirim,330185
RJ,Serrana,Macuco,330245
RJ,Serrana,Nova Friburgo,330340
RJ,Serrana,Petrópolis,330390
RJ,Serrana,Santa Maria Madalena,330460
RJ,Serrana,São José do Vale do Rio Preto,330515
RJ,Serrana,São Sebastião do Alto,330530
RJ,Serrana,Sumidouro,330570
RJ,Serrana,Teresópolis,330580
RJ,Serrana,Trajano de Moraes,330590
RN,Grande Natal,Ceará-Mirim,240260
RN,Grande Natal,Extremoz,240360
RN,Grande Natal,Macaíba,240710
RN,Grande Natal,Natal,240810
RN,Grande Natal,Parnamirim,240325
RN,Grande Natal,São Gonçalo do Amarante,241200
RN,I ETAM,Arês,240120
RN,I ETAM,Baía Formosa,240140
RN,I ETAM,Brejinho,240180
RN,I ETAM,Canguaretama,240220
RN,I ETAM,Espírito Santo,240350
RN,I ETAM,Goianinha,240420
RN,I ETAM,Jundiá,240615
RN,I ETAM,Lagoa d'Anta,240620
RN,I ETAM,Lagoa de Pedras,240630
RN,I ETAM,Lagoa Salgada,240660
RN,I ETAM,Montanhas,240770
RN,I ETAM,Monte Alegre,240780
RN,I ETAM,Monte das Gameleiras,240790
RN,I ETAM,Nísia Floresta,240820
RN,I ETAM,Nova Cruz,240830
RN,I ETAM,Passa e Fica,240910
RN,I ETAM,Passagem,240920
RN,I ETAM,Pedro Velho,240980
RN,I ETAM,Santo Antônio,241150
RN,I ETAM,São José de Mipibu,241220
RN,I ETAM,Senador Georgino Avelino,241320
RN,I ETAM,Serra de São Bento,241330
RN,I ETAM,Serrinha,241350
RN,I ETAM,Tibau do Sul,241420
RN,I ETAM,Várzea,241470
RN,I ETAM,Vera Cruz,241480
RN,I ETAM,Vila Flor,241500
RN,II ETAM,Açu,240020
RN,II ETAM,Alto do Rodrigues,240070
RN,II ETAM,Angicos,240080
RN,II ETAM,Apodi,240100
RN,II ETAM,Areia Branca,240110
RN,II ETAM,Augusto Severo,240130
RN,II ETAM,Baraúna,240145
RN,II ETAM,Caraúbas,240230
RN,II ETAM,Carnaubais,240250
RN,II ETAM,Felipe Guerra,240370
RN,II ETAM,Fernando Pedroza,240375
RN,II ETAM,Governador Dix-Sept Rosado,240430
RN,II ETAM,Grossos,240440
RN,II ETAM,Ipanguaçu,240470
RN,II ETAM,Itajá,240485
RN,II ETAM,Janduís,240520
RN,II ETAM,Messias Targino,240760
RN,II ETAM,Mossoró,240800
RN,II ETAM,Paraú,240870
RN,II ETAM,Pendências,240990
RN,II ETAM,Porto do Mangue,241025
RN,II ETAM,São Rafael,241280
RN,II ETAM,Serra do Mel,241335
RN,II ETAM,Tibau,241105
RN,II ETAM,Triunfo Potiguar,241445
RN,II ETAM,Upanema,241460
RN,III ETAM,Afonso Bezerra,240030
RN,III ETAM,Bento Fernandes,240160
RN,III ETAM,Caiçara do Norte,240185
RN,III ETAM,Caiçara do Rio do Vento,240190
RN,III ETAM,Galinhos,240410
RN,III ETAM,Guamaré,240450
RN,III ETAM,Ielmo Marinho,240460
RN,III ETAM,Jandaíra,240510
RN,III ETAM,Jardim de Angicos,240550
RN,III ETAM,João Câmara,240580
RN,III ETAM,Lajes,240670
RN,III ETAM,Macau,240720
RN,III ETAM,Maxaranguape,240750
RN,III ETAM,Parazinho,240880
RN,III ETAM,Pedra Grande,240950
RN,III ETAM,Pedra Preta,240960
RN,III ETAM,Pedro Avelino,240970
RN,III ETAM,Poço Branco,241010
RN,III ETAM,Pureza,241040
RN,III ETAM,Riachuelo,241090
RN,III ETAM,Rio do Fogo,240895
RN,III ETAM,São Bento do Norte,241160
RN,III ETAM,São Miguel do Gostoso,241255
RN,III ETAM,Taipu,241390
RN,III ETAM,Touros,241440
RN,IV ETAM,Acari,240010
RN,IV ETAM,Bodó,240165
RN,IV ETAM,Caicó,240200
RN,IV ETAM,Carnaúba dos Dantas,240240
RN,IV ETAM,Cerro Corá,240270
RN,IV ETAM,Cruzeta,240300
RN,IV ETAM,Currais Novos,240310
RN,IV ETAM,Equador,240340
RN,IV ETAM,Florânia,240380
RN,IV ETAM,Ipueira,240480
RN,IV ETAM,Jardim de Piranhas,240560
RN,IV ETAM,Jardim do Seridó,240570
RN,IV ETAM,Jucurutu,240610
RN,IV ETAM,Lagoa Nova,240650
RN,IV ETAM,Ouro Branco,240850
RN,IV ETAM,Parelhas,240890
RN,IV ETAM,Santana do Matos,241140
RN,IV ETAM,Santana do Seridó,241142
RN,IV ETAM,São Fernando,241180
RN,IV ETAM,São João do Sabugi,241210
RN,IV ETAM,São José do Seridó,241240
RN,IV ETAM,São Vicente,241300
RN,IV ETAM,Serra Negra do Norte,241340
RN,IV ETAM,Tenente Laurentino Cruz,241415
RN,IV ETAM,Timbaúba dos Batistas,241430
RN,V ETAM,Barcelona,240150
RN,V ETAM,Bom Jesus,240170
RN,V ETAM,Campo Redondo,240210
RN,V ETAM,Coronel Ezequiel,240280
RN,V ETAM,Jaçanã,240500
RN,V ETAM,Januário Cicco,240530
RN,V ETAM,Japi,240540
RN,V ETAM,Lagoa de Velhos,240640
RN,V ETAM,Lajes Pintadas,240680
RN,V ETAM,Presidente Juscelino,241030
RN,V ETAM,Ruy Barbosa,241110
RN,V ETAM,Santa Cruz,241120
RN,V ETAM,Santa Maria,240933
RN,V ETAM,São Bento do Trairí,241170
RN,V ETAM,São José do Campestre,241230
RN,V ETAM,São Paulo do Potengi,241260
RN,V ETAM,São Pedro,241270
RN,V ETAM,São Tomé,241290
RN,V ETAM,Senador Elói de Souza,241310
RN,V ETAM,Sítio Novo,241370
RN,V ETAM,Tangará,241400
RN,VI ETAM,Água Nova,240040
RN,VI ETAM,Alexandria,240050
RN,VI ETAM,Almino Afonso,240060
RN,VI ETAM,Antônio Martins,240090
RN,VI ETAM,Coronel João Pessoa,240290
RN,VI ETAM,Doutor Severiano,240320
RN,VI ETAM,Encanto,240330
RN,VI ETAM,Francisco Dantas,240390
RN,VI ETAM,Frutuoso Gomes,240400
RN,VI ETAM,Itaú,240490
RN,VI ETAM,João Dias,240590
RN,VI ETAM,José da Penha,240600
RN,VI ETAM,Lucrécia,240690
RN,VI ETAM,Luís Gomes,240700
RN,VI ETAM,Major Sales,240725
RN,VI ETAM,Marcelino Vieira,240730
RN,VI ETAM,Martins,240740
RN,VI ETAM,Olho-d'Água do Borges,240840
RN,VI ETAM,Paraná,240860
RN,VI ETAM,Patu,240930
RN,VI ETAM,Pau dos Ferros,240940
RN,VI ETAM,Pilões,241000
RN,VI ETAM,Portalegre,241020
RN,VI ETAM,Rafael Fernandes,241050
RN,VI ETAM,Rafael Godeiro,241060
RN,VI ETAM,Riacho da Cruz,241070
RN,VI ETAM,Riacho de Santana,241080
RN,VI ETAM,Rodolfo Fernandes,241100
RN,VI ETAM,São Francisco do Oeste,241190
RN,VI ETAM,São Miguel,241250
RN,VI ETAM,Serrinha dos Pintos,241355
RN,VI ETAM,Severiano Melo,241360
RN,VI ETAM,Taboleiro Grande,241380
RN,VI ETAM,Tenente Ananias,241410
RN,VI ETAM,Umarizal,241450
RN,VI ETAM,Venha-Ver,241475
RN,VI ETAM,Viçosa,241490
RO,Departamento de Epidemiologia,Alto Paraíso,110040
RO,Departamento de Epidemiologia,Ariquemes,110002
RO,Departamento de Epidemiologia,Buritis,110045
RO,Departamento de Epidemiologia,Cacaulândia,110060
RO,Departamento de Epidemiologia,Campo Novo de Rondônia,110070
RO,Departamento de Epidemiologia,Candeias do Jamari,110080
RO,Departamento de Epidemiologia,Cujubim,110094
RO,Departamento de Epidemiologia,Guajará-Mirim,110010
RO,Departamento de Epidemiologia,Itapuã do Oeste,110110
RO,Departamento de Epidemiologia,Machadinho D'Oeste,110013
RO,Departamento de Epidemiologia,Monte Negro,110140
RO,Departamento de Epidemiologia,Nova Mamoré,110033
RO,Departamento de Epidemiologia,Porto Velho,110020
RO,Departamento de Epidemiologia,Rio Crespo,110026
RO,Departamento de Epidemiologia,Vale do Anari,110175
RO,I Delegacia Regional de Saúde,Alvorada D'Oeste,110034
RO,I Delegacia Regional de Saúde,Costa Marques,110008
RO,I Delegacia Regional de Saúde,Governador Jorge Teixeira,110100
RO,I Delegacia Regional de Saúde,Jaru,110011
RO,I Delegacia Regional de Saúde,Ji-Paraná,110012
RO,I Delegacia Regional de Saúde,Mirante da Serra,110130
RO,I Delegacia Regional de Saúde,Nova União,110143
RO,I Delegacia Regional de Saúde,Ouro Preto do Oeste,110015
RO,I Delegacia Regional de Saúde,Presidente Médici,110025
RO,I Delegacia Regional de Saúde,São Francisco do Guaporé,110149
RO,I Delegacia Regional de Saúde,São Miguel do Guaporé,110032
RO,I Delegacia Regional de Saúde,Seringueiras,110150
RO,I Delegacia Regional de Saúde,Teixeirópolis,110155
RO,I Delegacia Regional de Saúde,Theobroma,110160
RO,I Delegacia Regional de Saúde,Urupá,110170
RO,I Delegacia Regional de Saúde,Vale do Paraíso,110180
RO,II Delegacia Regional de Saúde,Alta Floresta D'Oeste,110001
RO,II Delegacia Regional de Saúde,Alto Alegre dos Parecis,110037
RO,II Delegacia Regional de Saúde,Cacoal,110004
RO,II Delegacia Regional de Saúde,Castanheiras,110090
RO,II Delegacia Regional de Saúde,Espigão D'Oeste,110009
RO,II Delegacia Regional de Saúde,Ministro Andreazza,110120
RO,II Delegacia Regional de Saúde,Nova Brasilândia D'Oeste,110014
RO,II Delegacia Regional de Saúde,Novo Horizonte do Oeste,110050
RO,II Delegacia Regional de Saúde,Parecis,110145
RO,II Delegacia Regional de Saúde,Pimenta Bueno,110018
RO,II Delegacia Regional de Saúde,Primavera de Rondônia,110147
RO,II Delegacia Regional de Saúde,Rolim de Moura,110028
RO,II Delegacia Regional de Saúde,Santa Luzia D'Oeste,110029
RO,II Delegacia Regional de Saúde,São Felipe D'Oeste,110148
RO,III Delegacia Regional de Saúde,Cabixi,110003
RO,III Delegacia Regional de Saúde,Cerejeiras,110005
RO,III Delegacia Regional de Saúde,Chupinguaia,110092
RO,III Delegacia Regional de Saúde,Colorado do Oeste,110006
RO,III Delegacia Regional de Saúde,Corumbiara,110007
RO,III Delegacia Regional de Saúde,Pimenteiras do Oeste,110146
RO,III Delegacia Regional de Saúde,Vilhena,110030
RR,Secretaria Estadual de Saúde,Alto Alegre,140005
RR,Secretaria Estadual de Saúde,Amajari,140002
RR,Secretaria Estadual de Saúde,Boa Vista,140010
RR,Secretaria Estadual de Saúde,Bonfim,140015
RR,Secretaria Estadual de Saúde,Cantá,140017
RR,Secretaria Estadual de Saúde,Caracaraí,140020
RR,Secretaria Estadual de Saúde,Caroebe,140023
RR,Secretaria Estadual de Saúde,Iracema,140028
RR,Secretaria Estadual de Saúde,Mucajaí,140030
RR,Secretaria Estadual de Saúde,Normandia,140040
RR,Secretaria Estadual de Saúde,Pacaraima,140045
RR,Secretaria Estadual de Saúde,Rorainópolis,140047
RR,Secretaria Estadual de Saúde,São João da Baliza,140050
RR,Secretaria Estadual de Saúde,São Luiz,140060
RR,Secretaria Estadual de Saúde,Uiramutã,140070
RS,CRS 01 Porto Alegre,Alvorada,430060
RS,CRS 01 Porto Alegre,Araricá,430087
RS,CRS 01 Porto Alegre,Cachoeirinha,430310
RS,CRS 01 Porto Alegre,Campo Bom,430390
RS,CRS 01 Porto Alegre,Canoas,430460
RS,CRS 01 Porto Alegre,Dois Irmãos,430640
RS,CRS 01 Porto Alegre,Estância Velha,430760
RS,CRS 01 Porto Alegre,Esteio,430770
RS,CRS 01 Porto Alegre,Glorinha,430905
RS,CRS 01 Porto Alegre,Gravataí,430920
RS,CRS 01 Porto Alegre,Ivoti,431080
RS,CRS 01 Porto Alegre,Lindolfo Collor,431162
RS,CRS 01 Porto Alegre,Morro Reuter,431247
RS,CRS 01 Porto Alegre,Nova Hartz,431306
RS,CRS 01 Porto Alegre,Nova Santa Rita,431337
RS,CRS 01 Porto Alegre,Novo Hamburgo,431340
RS,CRS 01 Porto Alegre,Portão,431480
RS,CRS 01 Porto Alegre,Porto Alegre,431490
RS,CRS 01 Porto Alegre,Presidente Lucena,431514
RS,CRS 01 Porto Alegre,Santa Maria do Herval,431695
RS,CRS 01 Porto Alegre,São Leopoldo,431870
RS,CRS 01 Porto Alegre,Sapiranga,431990
RS,CRS 01 Porto Alegre,Sapucaia do Sul,432000
RS,CRS 01 Porto Alegre,Viamão,432300
RS,CRS 02 Porto Alegre,Arambaré,430085
RS,CRS 02 Porto Alegre,Arroio dos Ratos,430110
RS,CRS 02 Porto Alegre,Barão,430165
RS,CRS 02 Porto Alegre,Barão do Triunfo,430175
RS,CRS 02 Porto Alegre,Barra do Ribeiro,430190
RS,CRS 02 Porto Alegre,Brochier,430265
RS,CRS 02 Porto Alegre,Butiá,430270
RS,CRS 02 Porto Alegre,Camaquã,430350
RS,CRS 02 Porto Alegre,Cambará do Sul,430360
RS,CRS 02 Porto Alegre,Capela de Santana,430468
RS,CRS 02 Porto Alegre,Cerro Grande do Sul,430517
RS,CRS 02 Porto Alegre,Charqueadas,430535
RS,CRS 02 Porto Alegre,Chuvisca,430544
RS,CRS 02 Porto Alegre,Dom Feliciano,430650
RS,CRS 02 Porto Alegre,Eldorado do Sul,430676
RS,CRS 02 Porto Alegre,General Câmara,430880
RS,CRS 02 Porto Alegre,Guaíba,430930
RS,CRS 02 Porto Alegre,Harmonia,430955
RS,CRS 02 Porto Alegre,Igrejinha,431010
RS,CRS 02 Porto Alegre,Maratá,431179
RS,CRS 02 Porto Alegre,Mariana Pimentel,431198
RS,CRS 02 Porto Alegre,Minas do Leão,431225
RS,CRS 02 Porto Alegre,Montenegro,431240
RS,CRS 02 Porto Alegre,Pareci Novo,431403
RS,CRS 02 Porto Alegre,Parobé,431405
RS,CRS 02 Porto Alegre,Riozinho,431575
RS,CRS 02 Porto Alegre,Rolante,431600
RS,CRS 02 Porto Alegre,Salvador do Sul,431650
RS,CRS 02 Porto Alegre,São Francisco de Paula,431820
RS,CRS 02 Porto Alegre,São Jerônimo,431840
RS,CRS 02 Porto Alegre,São José do Hortêncio,431848
RS,CRS 02 Porto Alegre,São José do Sul,431861
RS,CRS 02 Porto Alegre,São Pedro da Serra,431935
RS,CRS 02 Porto Alegre,São Sebastião do Caí,431950
RS,CRS 02 Porto Alegre,Sentinela do Sul,432035
RS,CRS 02 Porto Alegre,Sertão Santana,432055
RS,CRS 02 Porto Alegre,Tapes,432110
RS,CRS 02 Porto Alegre,Taquara,432120
RS,CRS 02 Porto Alegre,Três Coroas,432170
RS,CRS 02 Porto Alegre,Triunfo,432200
RS,CRS 02 Porto Alegre,Tupandi,432225
RS,CRS 03 Pelotas,Amaral Ferrador,430063
RS,CRS 03 Pelotas,Arroio do Padre,430107
RS,CRS 03 Pelotas,Arroio Grande,430130
RS,CRS 03 Pelotas,Canguçu,430450
RS,CRS 03 Pelotas,Capão do Leão,430466
RS,CRS 03 Pelotas,Cerrito,430512
RS,CRS 03 Pelotas,Chuí,430543
RS,CRS 03 Pelotas,Cristal,430605
RS,CRS 03 Pelotas,Herval,430710
RS,CRS 03 Pelotas,Jaguarão,431100
RS,CRS 03 Pelotas,Morro Redondo,431245
RS,CRS 03 Pelotas,Pedras Altas,431417
RS,CRS 03 Pelotas,Pedro Osório,431420
RS,CRS 03 Pelotas,Pelotas,431440
RS,CRS 03 Pelotas,Pinheiro Machado,431450
RS,CRS 03 Pelotas,Piratini,431460
RS,CRS 03 Pelotas,Rio Grande,431560
RS,CRS 03 Pelotas,Santa Vitória do Palmar,431730
RS,CRS 03 Pelotas,Santana da Boa Vista,431700
RS,CRS 03 Pelotas,São José do Norte,431850
RS,CRS 03 Pelotas,São Lourenço do Sul,431880
RS,CRS 03 Pelotas,Turuçu,432232
RS,CRS 04 Santa Maria,Agudo,430010
RS,CRS 04 Santa Maria,Cacequi,430290
RS,CRS 04 Santa Maria,Capão do Cipó,430465
RS,CRS 04 Santa Maria,Dilermando de Aguiar,430637
RS,CRS 04 Santa Maria,Dona Francisca,430670
RS,CRS 04 Santa Maria,Faxinal do Soturno,430800
RS,CRS 04 Santa Maria,Formigueiro,430840
RS,CRS 04 Santa Maria,Itaara,431053
RS,CRS 04 Santa Maria,Ivorá,431075
RS,CRS 04 Santa Maria,Jaguari,431110
RS,CRS 04 Santa Maria,Jari,431113
RS,CRS 04 Santa Maria,Júlio de Castilhos,431120
RS,CRS 04 Santa Maria,Mata,431210
RS,CRS 04 Santa Maria,Nova Esperança do Sul,431303
RS,CRS 04 Santa Maria,Nova Palma,431310
RS,CRS 04 Santa Maria,Paraíso do Sul,431402
RS,CRS 04 Santa Maria,Pinhal Grande,431447
RS,CRS 04 Santa Maria,Quevedos,431532
RS,CRS 04 Santa Maria,Restinga Seca,431550
RS,CRS 04 Santa Maria,Santa Maria,431690
RS,CRS 04 Santa Maria,Santiago,431740
RS,CRS 04 Santa Maria,São Francisco de Assis,431810
RS,CRS 04 Santa Maria,São João do Polêsine,431843
RS,CRS 04 Santa Maria,São Martinho da Serra,431912
RS,CRS 04 Santa Maria,São Pedro do Sul,431940
RS,CRS 04 Santa Maria,São Sepé,431960
RS,CRS 04 Santa Maria,São Vicente do Sul,431980
RS,CRS 04 Santa Maria,Silveira Martins,432065
RS,CRS 04 Santa Maria,Toropi,432149
RS,CRS 04 Santa Maria,Unistalda,432237
RS,CRS 04 Santa Maria,Vila Nova do Sul,432345
RS,CRS 05 Caxias do Sul,Alto Feliz,430057
RS,CRS 05 Caxias do Sul,Antônio Prado,430080
RS,CRS 05 Caxias do Sul,Bento Gonçalves,430210
RS,CRS 05 Caxias do Sul,Boa Vista do Sul,430225
RS,CRS 05 Caxias do Sul,Bom Jesus,430230
RS,CRS 05 Caxias do Sul,Bom Princípio,430235
RS,CRS 05 Caxias do Sul,Campestre da Serra,430367
RS,CRS 05 Caxias do Sul,Canela,430440
RS,CRS 05 Caxias do Sul,Carlos Barbosa,430480
RS,CRS 05 Caxias do Sul,Caxias do Sul,430510
RS,CRS 05 Caxias do Sul,Coronel Pilar,430593
RS,CRS 05 Caxias do Sul,Cotiporã,430595
RS,CRS 05 Caxias do Sul,Esmeralda,430740
RS,CRS 05 Caxias do Sul,Fagundes Varela,430786
RS,CRS 05 Caxias do Sul,Farroupilha,430790
RS,CRS 05 Caxias do Sul,Feliz,430810
RS,CRS 05 Caxias do Sul,Flores da Cunha,430820
RS,CRS 05 Caxias do Sul,Garibaldi,430860
RS,CRS 05 Caxias do Sul,Gramado,430910
RS,CRS 05 Caxias do Sul,Guabiju,430925
RS,CRS 05 Caxias do Sul,Guaporé,430940
RS,CRS 05 Caxias do Sul,Ipê,431043
RS,CRS 05 Caxias do Sul,Jaquirana,431112
RS,CRS 05 Caxias do Sul,Linha Nova,431164
RS,CRS 05 Caxias do Sul,Monte Alegre dos Campos,431237
RS,CRS 05 Caxias do Sul,Monte Belo do Sul,431238
RS,CRS 05 Caxias do Sul,Muitos Capões,431261
RS,CRS 05 Caxias do Sul,Nova Araçá,431280
RS,CRS 05 Caxias do Sul,Nova Bassano,431290
RS,CRS 05 Caxias do Sul,Nova Pádua,431308
RS,CRS 05 Caxias do Sul,Nova Petrópolis,431320
RS,CRS 05 Caxias do Sul,Nova Prata,431330
RS,CRS 05 Caxias do Sul,Nova Roma do Sul,431335
RS,CRS 05 Caxias do Sul,Paraí,431400
RS,CRS 05 Caxias do Sul,Picada Café,431442
RS,CRS 05 Caxias do Sul,Pinhal da Serra,431446
RS,CRS 05 Caxias do Sul,Pinto Bandeira,431453
RS,CRS 05 Caxias do Sul,Protásio Alves,431517
RS,CRS 05 Caxias do Sul,Santa Tereza,431725
RS,CRS 05 Caxias do Sul,São Jorge,431844
RS,CRS 05 Caxias do Sul,São José dos Ausentes,431862
RS,CRS 05 Caxias do Sul,São Marcos,431900
RS,CRS 05 Caxias do Sul,São Vendelino,431975
RS,CRS 05 Caxias do Sul,União da Serra,432235
RS,CRS 05 Caxias do Sul,Vacaria,432250
RS,CRS 05 Caxias do Sul,Vale Real,432254
RS,CRS 05 Caxias do Sul,Veranópolis,432280
RS,CRS 05 Caxias do Sul,Vila Flores,432330
RS,CRS 05 Caxias do Sul,Vista Alegre do Prata,432360
RS,CRS 06 Passo Fundo,Água Santa,430005
RS,CRS 06 Passo Fundo,Almirante Tamandaré do Sul,430047
RS,CRS 06 Passo Fundo,Alto Alegre,430055
RS,CRS 06 Passo Fundo,André da Rocha,430066
RS,CRS 06 Passo Fundo,Barracão,430180
RS,CRS 06 Passo Fundo,Cacique Doble,430320
RS,CRS 06 Passo Fundo,Camargo,430355
RS,CRS 06 Passo Fundo,Campos Borges,430410
RS,CRS 06 Passo Fundo,Capão Bonito do Sul,430462
RS,CRS 06 Passo Fundo,Carazinho,430470
RS,CRS 06 Passo Fundo,Casca,430490
RS,CRS 06 Passo Fundo,Caseiros,430495
RS,CRS 06 Passo Fundo,Ciríaco,430550
RS,CRS 06 Passo Fundo,Coqueiros do Sul,430585
RS,CRS 06 Passo Fundo,Coxilha,430597
RS,CRS 06 Passo Fundo,David Canabarro,430630
RS,CRS 06 Passo Fundo,Ernestina,430705
RS,CRS 06 Passo Fundo,Espumoso,430750
RS,CRS 06 Passo Fundo,Gentil,430885
RS,CRS 06 Passo Fundo,Ibiaçá,430980
RS,CRS 06 Passo Fundo,Ibiraiaras,430990
RS,CRS 06 Passo Fundo,Ibirapuitã,430995
RS,CRS 06 Passo Fundo,Lagoa dos Três Cantos,431127
RS,CRS 06 Passo Fundo,Lagoa Vermelha,431130
RS,CRS 06 Passo Fundo,Lagoão,431125
RS,CRS 06 Passo Fundo,Machadinho,431170
RS,CRS 06 Passo Fundo,Marau,431180
RS,CRS 06 Passo Fundo,Mato Castelhano,431213
RS,CRS 06 Passo Fundo,Maximiliano de Almeida,431220
RS,CRS 06 Passo Fundo,Montauri,431235
RS,CRS 06 Passo Fundo,Mormaço,431242
RS,CRS 06 Passo Fundo,Muliterno,431262
RS,CRS 06 Passo Fundo,Não-Me-Toque,431265
RS,CRS 06 Passo Fundo,Nicolau Vergueiro,431267
RS,CRS 06 Passo Fundo,Nova Alvorada,431275
RS,CRS 06 Passo Fundo,Paim Filho,431360
RS,CRS 06 Passo Fundo,Passo Fundo,431410
RS,CRS 06 Passo Fundo,Pontão,431477
RS,CRS 06 Passo Fundo,Sananduva,431660
RS,CRS 06 Passo Fundo,Santa Cecília do Sul,431673
RS,CRS 06 Passo Fundo,Santo Antônio do Palma,431755
RS,CRS 06 Passo Fundo,Santo Antônio do Planalto,431775
RS,CRS 06 Passo Fundo,Santo Expedito do Sul,431795
RS,CRS 06 Passo Fundo,São Domingos do Sul,431805
RS,CRS 06 Passo Fundo,São João da Urtiga,431842
RS,CRS 06 Passo Fundo,São José do Ouro,431860
RS,CRS 06 Passo Fundo,Serafina Corrêa,432040
RS,CRS 06 Passo Fundo,Sertão,432050
RS,CRS 06 Passo Fundo,Soledade,432080
RS,CRS 06 Passo Fundo,Tapejara,432090
RS,CRS 06 Passo Fundo,Tapera,432100
RS,CRS 06 Passo Fundo,Tio Hugo,432146
RS,CRS 06 Passo Fundo,Tunas,432215
RS,CRS 06 Passo Fundo,Tupanci do Sul,432218
RS,CRS 06 Passo Fundo,Vanini,432255
RS,CRS 06 Passo Fundo,Victor Graeff,432320
RS,CRS 06 Passo Fundo,Vila Lângaro,432335
RS,CRS 06 Passo Fundo,Vila Maria,432340
RS,CRS 07 Bagé,Aceguá,430003
RS,CRS 07 Bagé,Bagé,430160
RS,CRS 07 Bagé,Candiota,430435
RS,CRS 07 Bagé,Dom Pedrito,430660
RS,CRS 07 Bagé,Hulha Negra,430965
RS,CRS 07 Bagé,Lavras do Sul,431150
RS,CRS 08 Cachoeira do Sul,Arroio do Tigre,430120
RS,CRS 08 Cachoeira do Sul,Caçapava do Sul,430280
RS,CRS 08 Cachoeira do Sul,Cachoeira do Sul,430300
RS,CRS 08 Cachoeira do Sul,Cerro Branco,430513
RS,CRS 08 Cachoeira do Sul,Encruzilhada do Sul,430690
RS,CRS 08 Cachoeira do Sul,Estrela Velha,430781
RS,CRS 08 Cachoeira do Sul,Ibarama,430975
RS,CRS 08 Cachoeira do Sul,Lagoa Bonita do Sul,431123
RS,CRS 08 Cachoeira do Sul,Novo Cabrais,431339
RS,CRS 08 Cachoeira do Sul,Passa Sete,431406
RS,CRS 08 Cachoeira do Sul,Segredo,432026
RS,CRS 08 Cachoeira do Sul,Sobradinho,432070
RS,CRS 09 Cruz Alta,Boa Vista do Cadeado,430222
RS,CRS 09 Cruz Alta,Boa Vista do Incra,430223
RS,CRS 09 Cruz Alta,Colorado,430560
RS,CRS 09 Cruz Alta,Cruz Alta,430610
RS,CRS 09 Cruz Alta,Fortaleza dos Valos,430845
RS,CRS 09 Cruz Alta,Ibirubá,431000
RS,CRS 09 Cruz Alta,Jacuizinho,431087
RS,CRS 09 Cruz Alta,Quinze de Novembro,431535
RS,CRS 09 Cruz Alta,Saldanha Marinho,431643
RS,CRS 09 Cruz Alta,Salto do Jacuí,431645
RS,CRS 09 Cruz Alta,Santa Bárbara do Sul,431670
RS,CRS 09 Cruz Alta,Selbach,432030
RS,CRS 09 Cruz Alta,Tupanciretã,432220
RS,CRS 10 Alegrete,Alegrete,430040
RS,CRS 10 Alegrete,Barra do Quaraí,430187
RS,CRS 10 Alegrete,Itaqui,431060
RS,CRS 10 Alegrete,Maçambará,431171
RS,CRS 10 Alegrete,Manoel Viana,431175
RS,CRS 10 Alegrete,Quaraí,431530
RS,CRS 10 Alegrete,Rosário do Sul,431640
RS,CRS 10 Alegrete,Sant'Ana do Livramento,431710
RS,CRS 10 Alegrete,Santa Margarida do Sul,431697
RS,CRS 10 Alegrete,São Gabriel,431830
RS,CRS 10 Alegrete,Uruguaiana,432240
RS,CRS 11 Erechim,Aratiba,430090
RS,CRS 11 Erechim,Áurea,430155
RS,CRS 11 Erechim,Barão de Cotegipe,430170
RS,CRS 11 Erechim,Barra do Rio Azul,430192
RS,CRS 11 Erechim,Benjamin Constant do Sul,430205
RS,CRS 11 Erechim,Campinas do Sul,430380
RS,CRS 11 Erechim,Carlos Gomes,430485
RS,CRS 11 Erechim,Centenário,430511
RS,CRS 11 Erechim,Charrua,430537
RS,CRS 11 Erechim,Cruzaltense,430613
RS,CRS 11 Erechim,Entre Rios do Sul,430695
RS,CRS 11 Erechim,Erebango,430697
RS,CRS 11 Erechim,Erechim,430700
RS,CRS 11 Erechim,Erval Grande,430720
RS,CRS 11 Erechim,Estação,430755
RS,CRS 11 Erechim,Faxinalzinho,430805
RS,CRS 11 Erechim,Floriano Peixoto,430825
RS,CRS 11 Erechim,Gaurama,430870
RS,CRS 11 Erechim,Getúlio Vargas,430890
RS,CRS 11 Erechim,Ipiranga do Sul,431046
RS,CRS 11 Erechim,Itatiba do Sul,431070
RS,CRS 11 Erechim,Jacutinga,431090
RS,CRS 11 Erechim,Marcelino Ramos,431190
RS,CRS 11 Erechim,Mariano Moro,431200
RS,CRS 11 Erechim,Paulo Bento,431413
RS,CRS 11 Erechim,Ponte Preta,431478
RS,CRS 11 Erechim,Quatro Irmãos,431531
RS,CRS 11 Erechim,São Valentim,431970
RS,CRS 11 Erechim,Severiano de Almeida,432060
RS,CRS 11 Erechim,Três Arroios,432163
RS,CRS 11 Erechim,Viadutos,432290
RS,CRS 12 Santo Ângelo,Bossoroca,430250
RS,CRS 12 Santo Ângelo,Caibaté,430330
RS,CRS 12 Santo Ângelo,Cerro Largo,430520
RS,CRS 12 Santo Ângelo,Dezesseis de Novembro,430635
RS,CRS 12 Santo Ângelo,Entre-Ijuís,430693
RS,CRS 12 Santo Ângelo,Eugênio de Castro,430783
RS,CRS 12 Santo Ângelo,Garruchos,430865
RS,CRS 12 Santo Ângelo,Guarani das Missões,430950
RS,CRS 12 Santo Ângelo,Itacurubi,431055
RS,CRS 12 Santo Ângelo,Mato Queimado,431217
RS,CRS 12 Santo Ângelo,Pirapó,431455
RS,CRS 12 Santo Ângelo,Porto Xavier,431510
RS,CRS 12 Santo Ângelo,Rolador,431595
RS,CRS 12 Santo Ângelo,Roque Gonzales,431630
RS,CRS 12 Santo Ângelo,Salvador das Missões,431647
RS,CRS 12 Santo Ângelo,Santo Ângelo,431750
RS,CRS 12 Santo Ângelo,Santo Antônio das Missões,431770
RS,CRS 12 Santo Ângelo,São Borja,431800
RS,CRS 12 Santo Ângelo,São Luiz Gonzaga,431890
RS,CRS 12 Santo Ângelo,São Miguel das Missões,431915
RS,CRS 12 Santo Ângelo,São Nicolau,431920
RS,CRS 12 Santo Ângelo,São Pedro do Butiá,431937
RS,CRS 12 Santo Ângelo,Sete de Setembro,432057
RS,CRS 12 Santo Ângelo,Ubiretama,432234
RS,CRS 12 Santo Ângelo,Vitória das Missões,432375
RS,CRS 13 Santa Cruz do Sul,Candelária,430420
RS,CRS 13 Santa Cruz do Sul,Gramado Xavier,430915
RS,CRS 13 Santa Cruz do Sul,Herveiras,430957
RS,CRS 13 Santa Cruz do Sul,Mato Leitão,431215
RS,CRS 13 Santa Cruz do Sul,Pantano Grande,431395
RS,CRS 13 Santa Cruz do Sul,Passo do Sobrado,431407
RS,CRS 13 Santa Cruz do Sul,Rio Pardo,431570
RS,CRS 13 Santa Cruz do Sul,Santa Cruz do Sul,431680
RS,CRS 13 Santa Cruz do Sul,Sinimbu,432067
RS,CRS 13 Santa Cruz do Sul,Vale do Sol,432253
RS,CRS 13 Santa Cruz do Sul,Vale Verde,432252
RS,CRS 13 Santa Cruz do Sul,Venâncio Aires,432260
RS,CRS 13 Santa Cruz do Sul,Vera Cruz,432270
RS,CRS 14 Santa Rosa,Alecrim,430030
RS,CRS 14 Santa Rosa,Alegria,430045
RS,CRS 14 Santa Rosa,Boa Vista do Buricá,430220
RS,CRS 14 Santa Rosa,Campina das Missões,430370
RS,CRS 14 Santa Rosa,Cândido Godói,430430
RS,CRS 14 Santa Rosa,Doutor Maurício Cardoso,430673
RS,CRS 14 Santa Rosa,Giruá,430900
RS,CRS 14 Santa Rosa,Horizontina,430960
RS,CRS 14 Santa Rosa,Independência,431040
RS,CRS 14 Santa Rosa,Nova Candelária,431301
RS,CRS 14 Santa Rosa,Novo Machado,431342
RS,CRS 14 Santa Rosa,Porto Lucena,431500
RS,CRS 14 Santa Rosa,Porto Mauá,431505
RS,CRS 14 Santa Rosa,Porto Vera Cruz,431507
RS,CRS 14 Santa Rosa,Santa Rosa,431720
RS,CRS 14 Santa Rosa,Santo Cristo,431790
RS,CRS 14 Santa Rosa,São José do Inhacorá,431849
RS,CRS 14 Santa Rosa,São Paulo das Missões,431930
RS,CRS 14 Santa Rosa,Senador Salgado Filho,432032
RS,CRS 14 Santa Rosa,Três de Maio,432180
RS,CRS 14 Santa Rosa,Tucunduva,432210
RS,CRS 14 Santa Rosa,Tuparendi,432230
RS,CRS 15 Palmeira das Missões,Barra Funda,430195
RS,CRS 15 Palmeira das Missões,Boa Vista das Missões,430215
RS,CRS 15 Palmeira das Missões,Braga,430260
RS,CRS 15 Palmeira das Missões,Cerro Grande,430515
RS,CRS 15 Palmeira das Missões,Chapada,430530
RS,CRS 15 Palmeira das Missões,Constantina,430580
RS,CRS 15 Palmeira das Missões,Coronel Bicaco,430590
RS,CRS 15 Palmeira das Missões,Dois Irmãos das Missões,430642
RS,CRS 15 Palmeira das Missões,Engenho Velho,430692
RS,CRS 15 Palmeira das Missões,Gramado dos Loureiros,430912
RS,CRS 15 Palmeira das Missões,Jaboticaba,431085
RS,CRS 15 Palmeira das Missões,Lajeado do Bugre,431142
RS,CRS 15 Palmeira das Missões,Miraguaí,431230
RS,CRS 15 Palmeira das Missões,Nova Boa Vista,431295
RS,CRS 15 Palmeira das Missões,Novo Barreiro,431349
RS,CRS 15 Palmeira das Missões,Novo Xingu,431346
RS,CRS 15 Palmeira das Missões,Palmeira das Missões,431370
RS,CRS 15 Palmeira das Missões,Redentora,431540
RS,CRS 15 Palmeira das Missões,Ronda Alta,431610
RS,CRS 15 Palmeira das Missões,Rondinha,431620
RS,CRS 15 Palmeira das Missões,Sagrada Família,431642
RS,CRS 15 Palmeira das Missões,São José das Missões,431845
RS,CRS 15 Palmeira das Missões,São Pedro das Missões,431936
RS,CRS 15 Palmeira das Missões,Sarandi,432010
RS,CRS 15 Palmeira das Missões,Três Palmeiras,432185
RS,CRS 15 Palmeira das Missões,Trindade do Sul,432195
RS,CRS 16 Lajeado,Anta Gorda,430070
RS,CRS 16 Lajeado,Arroio do Meio,430100
RS,CRS 16 Lajeado,Arvorezinha,430140
RS,CRS 16 Lajeado,Barros Cassal,430200
RS,CRS 16 Lajeado,Bom Retiro do Sul,430240
RS,CRS 16 Lajeado,Boqueirão do Leão,430245
RS,CRS 16 Lajeado,Canudos do Vale,430461
RS,CRS 16 Lajeado,Capitão,430469
RS,CRS 16 Lajeado,Colinas,430558
RS,CRS 16 Lajeado,Coqueiro Baixo,430583
RS,CRS 16 Lajeado,Cruzeiro do Sul,430620
RS,CRS 16 Lajeado,Dois Lajeados,430645
RS,CRS 16 Lajeado,Doutor Ricardo,430675
RS,CRS 16 Lajeado,Encantado,430680
RS,CRS 16 Lajeado,Estrela,430780
RS,CRS 16 Lajeado,Fazenda Vilanova,430807
RS,CRS 16 Lajeado,Fontoura Xavier,430830
RS,CRS 16 Lajeado,Forquetinha,430843
RS,CRS 16 Lajeado,Ilópolis,431030
RS,CRS 16 Lajeado,Imigrante,431036
RS,CRS 16 Lajeado,Itapuca,431057
RS,CRS 16 Lajeado,Lajeado,431140
RS,CRS 16 Lajeado,Marques de Souza,431205
RS,CRS 16 Lajeado,Muçum,431260
RS,CRS 16 Lajeado,Nova Bréscia,431300
RS,CRS 16 Lajeado,Paverama,431415
RS,CRS 16 Lajeado,Poço das Antas,431475
RS,CRS 16 Lajeado,Pouso Novo,431513
RS,CRS 16 Lajeado,Progresso,431515
RS,CRS 16 Lajeado,Putinga,431520
RS,CRS 16 Lajeado,Relvado,431545
RS,CRS 16 Lajeado,Roca Sales,431580
RS,CRS 16 Lajeado,Santa Clara do Sul,431675
RS,CRS 16 Lajeado,São José do Herval,431846
RS,CRS 16 Lajeado,São Valentim do Sul,431971
RS,CRS 16 Lajeado,Sério,432045
RS,CRS 16 Lajeado,Tabaí,432085
RS,CRS 16 Lajeado,Taquari,432130
RS,CRS 16 Lajeado,Teutônia,432145
RS,CRS 16 Lajeado,Travesseiro,432162
RS,CRS 16 Lajeado,Vespasiano Correa,432285
RS,CRS 16 Lajeado,Westfalia,432377
RS,CRS 17 Ijuí,Ajuricaba,430020
RS,CRS 17 Ijuí,Augusto Pestana,430150
RS,CRS 17 Ijuí,Bozano,430258
RS,CRS 17 Ijuí,Campo Novo,430400
RS,CRS 17 Ijuí,Catuípe,430500
RS,CRS 17 Ijuí,Chiapetta,430540
RS,CRS 17 Ijuí,Condor,430570
RS,CRS 17 Ijuí,Coronel Barros,430587
RS,CRS 17 Ijuí,Crissiumal,430600
RS,CRS 17 Ijuí,Humaitá,430970
RS,CRS 17 Ijuí,Ijuí,431020
RS,CRS 17 Ijuí,Inhacorá,431041
RS,CRS 17 Ijuí,Jóia,431115
RS,CRS 17 Ijuí,Nova Ramada,431333
RS,CRS 17 Ijuí,Panambi,431390
RS,CRS 17 Ijuí,Pejuçara,431430
RS,CRS 17 Ijuí,Santo Augusto,431780
RS,CRS 17 Ijuí,São Martinho,431910
RS,CRS 17 Ijuí,São Valério do Sul,431973
RS,CRS 17 Ijuí,Sede Nova,432023
RS,CRS 18 Osório,Arroio do Sal,430105
RS,CRS 18 Osório,Balneário Pinhal,430163
RS,CRS 18 Osório,Capão da Canoa,430463
RS,CRS 18 Osório,Capivari do Sul,430467
RS,CRS 18 Osório,Caraá,430471
RS,CRS 18 Osório,Cidreira,430545
RS,CRS 18 Osório,Dom Pedro de Alcântara,430655
RS,CRS 18 Osório,Imbé,431033
RS,CRS 18 Osório,Itati,431065
RS,CRS 18 Osório,Mampituba,431173
RS,CRS 18 Osório,Maquiné,431177
RS,CRS 18 Osório,Morrinhos do Sul,431244
RS,CRS 18 Osório,Mostardas,431250
RS,CRS 18 Osório,Osório,431350
RS,CRS 18 Osório,Palmares do Sul,431365
RS,CRS 18 Osório,Santo Antônio da Patrulha,431760
RS,CRS 18 Osório,Tavares,432135
RS,CRS 18 Osório,Terra de Areia,432143
RS,CRS 18 Osório,Torres,432150
RS,CRS 18 Osório,Tramandaí,432160
RS,CRS 18 Osório,Três Cachoeiras,432166
RS,CRS 18 Osório,Três Forquilhas,432183
RS,CRS 18 Osório,Xangri-lá,432380
RS,CRS 19 Frederico Westphalen,Alpestre,430050
RS,CRS 19 Frederico Westphalen,Ametista do Sul,430064
RS,CRS 19 Frederico Westphalen,Barra do Guarita,430185
RS,CRS 19 Frederico Westphalen,Bom Progresso,430237
RS,CRS 19 Frederico Westphalen,Caiçara,430340
RS,CRS 19 Frederico Westphalen,Cristal do Sul,430607
RS,CRS 19 Frederico Westphalen,Derrubadas,430632
RS,CRS 19 Frederico Westphalen,Erval Seco,430730
RS,CRS 19 Frederico Westphalen,Esperança do Sul,430745
RS,CRS 19 Frederico Westphalen,Frederico Westphalen,430850
RS,CRS 19 Frederico Westphalen,Iraí,431050
RS,CRS 19 Frederico Westphalen,Liberato Salzano,431160
RS,CRS 19 Frederico Westphalen,Nonoai,431270
RS,CRS 19 Frederico Westphalen,Novo Tiradentes,431344
RS,CRS 19 Frederico Westphalen,Palmitinho,431380
RS,CRS 19 Frederico Westphalen,Pinhal,431445
RS,CRS 19 Frederico Westphalen,Pinheirinho do Vale,431449
RS,CRS 19 Frederico Westphalen,Planalto,431470
RS,CRS 19 Frederico Westphalen,Rio dos Índios,431555
RS,CRS 19 Frederico Westphalen,Rodeio Bonito,431590
RS,CRS 19 Frederico Westphalen,Seberi,432020
RS,CRS 19 Frederico Westphalen,Taquaruçu do Sul,432132
RS,CRS 19 Frederico Westphalen,Tenente Portela,432140
RS,CRS 19 Frederico Westphalen,Tiradentes do Sul,432147
RS,CRS 19 Frederico Westphalen,Três Passos,432190
RS,CRS 19 Frederico Westphalen,Vicente Dutra,432310
RS,CRS 19 Frederico Westphalen,Vista Alegre,432350
RS,CRS 19 Frederico Westphalen,Vista Gaúcha,432370
SC,Araranguá,Araranguá,420140
SC,Araranguá,Balneário Arroio do Silva,420195
SC,Araranguá,Balneário Gaivota,420207
SC,Araranguá,Ermo,420519
SC,Araranguá,Jacinto Machado,420870
SC,Araranguá,Maracajá,421040
SC,Araranguá,Meleiro,421080
SC,Araranguá,Morro Grande,421125
SC,Araranguá,Passo de Torres,421225
SC,Araranguá,Praia Grande,421380
SC,Araranguá,Santa Rosa do Sul,421565
SC,Araranguá,São João do Sul,421640
SC,Araranguá,Sombrio,421770
SC,Araranguá,Timbé do Sul,421810
SC,Araranguá,Turvo,421880
SC,Balneário Camboriú,Balneário Camboriú,420200
SC,Balneário Camboriú,Bombinhas,420245
SC,Balneário Camboriú,Camboriú,420320
SC,Balneário Camboriú,Itapema,420830
SC,Balneário Camboriú,Porto Belo,421350
SC,Blumenau,Blumenau,420240
SC,Blumenau,Gaspar,420590
SC,Blumenau,Pomerode,421320
SC,Brusque,Botuverá,420270
SC,Brusque,Brusque,420290
SC,Brusque,Guabiruba,420630
SC,Canoinhas,Bela Vista do Toldo,420213
SC,Canoinhas,Canoinhas,420380
SC,Canoinhas,Irineópolis,420790
SC,Canoinhas,Major Vieira,421030
SC,Canoinhas,Porto União,421360
SC,Canoinhas,Três Barras,421830
SC,Chapecó,Águas de Chapecó,420050
SC,Chapecó,Águas Frias,420055
SC,Chapecó,Caibi,420310
SC,Chapecó,Caxambu do Sul,420410
SC,Chapecó,Chapecó,420420
SC,Chapecó,Cordilheira Alta,420435
SC,Chapecó,Coronel Freitas,420440
SC,Chapecó,Cunha Porã,420470
SC,Chapecó,Cunhataí,420475
SC,Chapecó,Formosa do Sul,420543
SC,Chapecó,Guatambú,420665
SC,Chapecó,Irati,420785
SC,Chapecó,Jardinópolis,420895
SC,Chapecó,Mondaí,421100
SC,Chapecó,Nova Erechim,421140
SC,Chapecó,Nova Itaberaba,421145
SC,Chapecó,Palmitos,421210
SC,Chapecó,Planalto Alegre,421315
SC,Chapecó,Quilombo,421420
SC,Chapecó,Riqueza,421507
SC,Chapecó,Santiago do Sul,421569
SC,Chapecó,São Carlos,421600
SC,Chapecó,Serra Alta,421755
SC,Chapecó,Sul Brasil,421775
SC,Chapecó,União do Oeste,421885
SC,Concórdia,Alto Bela Vista,420075
SC,Concórdia,Arabutã,420127
SC,Concórdia,Arvoredo,420165
SC,Concórdia,Concórdia,420430
SC,Concórdia,Ipira,420760
SC,Concórdia,Ipumirim,420770
SC,Concórdia,Irani,420780
SC,Concórdia,Itá,420800
SC,Concórdia,Lindóia do Sul,420985
SC,Concórdia,Paial,421187
SC,Concórdia,Peritiba,421260
SC,Concórdia,Piratuba,421310
SC,Concórdia,Presidente Castello Branco,421390
SC,Concórdia,Seara,421750
SC,Concórdia,Xavantina,421960
SC,Criciúma,Cocal do Sul,420425
SC,Criciúma,Criciúma,420460
SC,Criciúma,Forquilhinha,420545
SC,Criciúma,Içara,420700
SC,Criciúma,Lauro Muller,420960
SC,Criciúma,Morro da Fumaça,421120
SC,Criciúma,Nova Veneza,421160
SC,Criciúma,Orleans,421170
SC,Criciúma,Siderópolis,421760
SC,Criciúma,Treviso,421835
SC,Criciúma,Urussanga,421900
SC,Grande Florianópolis,Águas Mornas,420060
SC,Grande Florianópolis,Alfredo Wagner,420070
SC,Grande Florianópolis,Angelina,420090
SC,Grande Florianópolis,Anitápolis,420110
SC,Grande Florianópolis,Antônio Carlos,420120
SC,Grande Florianópolis,Biguaçu,420230
SC,Grande Florianópolis,Canelinha,420370
SC,Grande Florianópolis,Florianópolis,420540
SC,Grande Florianópolis,Garopaba,420570
SC,Grande Florianópolis,Governador Celso Ramos,420600
SC,Grande Florianópolis,Leoberto Leal,420980
SC,Grande Florianópolis,Major Gercino,421020
SC,Grande Florianópolis,Nova Trento,421150
SC,Grande Florianópolis,Palhoça,421190
SC,Grande Florianópolis,Paulo Lopes,421230
SC,Grande Florianópolis,Rancho Queimado,421430
SC,Grande Florianópolis,Santo Amaro da Imperatriz,421570
SC,Grande Florianópolis,São Bonifácio,421590
SC,Grande Florianópolis,São João Batista,421630
SC,Grande Florianópolis,São José,421660
SC,Grande Florianópolis,São Pedro de Alcântara,421725
SC,Grande Florianópolis,Tijucas,421800
SC,Itajaí,Balneário Piçarras,421280
SC,Itajaí,Ilhota,420710
SC,Itajaí,Itajaí,420820
SC,Itajaí,Luiz Alves,421000
SC,Itajaí,Navegantes,421130
SC,Itajaí,Penha,421250
SC,Jaraguá do Sul,Corupá,420450
SC,Jaraguá do Sul,Guaramirim,420650
SC,Jaraguá do Sul,Jaraguá do Sul,420890
SC,Jaraguá do Sul,Massaranduba,421060
SC,Jaraguá do Sul,Schroeder,421740
SC,Joaçaba,Abdon Batista,420005
SC,Joaçaba,Água Doce,420040
SC,Joaçaba,Brunópolis,420287
SC,Joaçaba,Campos Novos,420360
SC,Joaçaba,Capinzal,420390
SC,Joaçaba,Catanduvas,420400
SC,Joaçaba,Celso Ramos,420415
SC,Joaçaba,Erval Velho,420520
SC,Joaçaba,Herval d'Oeste,420670
SC,Joaçaba,Ibiam,420675
SC,Joaçaba,Ibicaré,420680
SC,Joaçaba,Jaborá,420860
SC,Joaçaba,Joaçaba,420900
SC,Joaçaba,Lacerdópolis,420920
SC,Joaçaba,Luzerna,421003
SC,Joaçaba,Monte Carlo,421105
SC,Joaçaba,Ouro,421180
SC,Joaçaba,Treze Tílias,421850
SC,Joaçaba,Vargem,421915
SC,Joaçaba,Vargem Bonita,421917
SC,Joaçaba,Zortéa,421985
SC,Joinville,Araquari,420130
SC,Joinville,Balneário Barra do Sul,420205
SC,Joinville,Barra Velha,420210
SC,Joinville,Garuva,420580
SC,Joinville,Itapoá,420845
SC,Joinville,Joinville,420910
SC,Joinville,São Francisco do Sul,421620
SC,Joinville,São João do Itaperiú,421635
SC,Lages,Anita Garibaldi,420100
SC,Lages,Bocaina do Sul,420243
SC,Lages,Bom Jardim da Serra,420250
SC,Lages,Bom Retiro,420260
SC,Lages,Campo Belo do Sul,420340
SC,Lages,Capão Alto,420325
SC,Lages,Cerro Negro,420417
SC,Lages,Correia Pinto,420455
SC,Lages,Lages,420930
SC,Lages,Otacílio Costa,421175
SC,Lages,Painel,421189
SC,Lages,Palmeira,421205
SC,Lages,Ponte Alta,421330
SC,Lages,Rio Rufino,421505
SC,Lages,São Joaquim,421650
SC,Lages,São José do Cerrito,421680
SC,Lages,Urubici,421890
SC,Lages,Urupema,421895
SC,Mafra,Campo Alegre,420330
SC,Mafra,Itaiópolis,420810
SC,Mafra,Mafra,421010
SC,Mafra,Monte Castelo,421110
SC,Mafra,Papanduva,421220
SC,Mafra,Rio Negrinho,421500
SC,Mafra,São Bento do Sul,421580
SC,Rio do Sul,Agrolândia,420020
SC,Rio do Sul,Agronômica,420030
SC,Rio do Sul,Atalanta,420180
SC,Rio do Sul,Aurora,420190
SC,Rio do Sul,Braço do Trombudo,420285
SC,Rio do Sul,Chapadão do Lageado,420419
SC,Rio do Sul,Dona Emma,420510
SC,Rio do Sul,Ibirama,420690
SC,Rio do Sul,Imbuia,420740
SC,Rio do Sul,Ituporanga,420850
SC,Rio do Sul,José Boiteux,420915
SC,Rio do Sul,Laurentino,420950
SC,Rio do Sul,Lontras,420990
SC,Rio do Sul,Mirim Doce,421085
SC,Rio do Sul,Petrolândia,421270
SC,Rio do Sul,Pouso Redondo,421370
SC,Rio do Sul,Presidente Getúlio,421400
SC,Rio do Sul,Presidente Nereu,421410
SC,Rio do Sul,Rio do Campo,421450
SC,Rio do Sul,Rio do Oeste,421460
SC,Rio do Sul,Rio do Sul,421480
SC,Rio do Sul,Salete,421530
SC,Rio do Sul,Santa Terezinha,421567
SC,Rio do Sul,Taió,421780
SC,Rio do Sul,Trombudo Central,421860
SC,Rio do Sul,Vidal Ramos,421920
SC,Rio do Sul,Vitor Meireles,421935
SC,Rio do Sul,Witmarsum,421940
SC,São Miguel do Oeste,Anchieta,420080
SC,São Miguel do Oeste,Bandeirante,420208
SC,São Miguel do Oeste,Barra Bonita,420209
SC,São Miguel do Oeste,Belmonte,420215
SC,São Miguel do Oeste,Bom Jesus do Oeste,420257
SC,São Miguel do Oeste,Descanso,420490
SC,São Miguel do Oeste,Dionísio Cerqueira,420500
SC,São Miguel do Oeste,Flor do Sertão,420535
SC,São Miguel do Oeste,Guaraciaba,420640
SC,São Miguel do Oeste,Guarujá do Sul,420660
SC,São Miguel do Oeste,Iporã do Oeste,420765
SC,São Miguel do Oeste,Iraceminha,420775
SC,São Miguel do Oeste,Itapiranga,420840
SC,São Miguel do Oeste,Maravilha,421050
SC,São Miguel do Oeste,Modelo,421090
SC,São Miguel do Oeste,Palma Sola,421200
SC,São Miguel do Oeste,Paraíso,421223
SC,São Miguel do Oeste,Pinhalzinho,421290
SC,São Miguel do Oeste,Princesa,421415
SC,São Miguel do Oeste,Romelândia,421520
SC,São Miguel do Oeste,Saltinho,421535
SC,São Miguel do Oeste,Santa Helena,421555
SC,São Miguel do Oeste,Santa Terezinha do Progresso,421568
SC,São Miguel do Oeste,São João do Oeste,421625
SC,São Miguel do Oeste,São José do Cedro,421670
SC,São Miguel do Oeste,São Miguel da Boa Vista,421715
SC,São Miguel do Oeste,São Miguel do Oeste,421720
SC,São Miguel do Oeste,Saudades,421730
SC,São Miguel do Oeste,Tigrinhos,421795
SC,São Miguel do Oeste,Tunápolis,421875
SC,Timbó,Apiúna,420125
SC,Timbó,Ascurra,420170
SC,Timbó,Benedito Novo,420220
SC,Timbó,Doutor Pedrinho,420515
SC,Timbó,Indaial,420750
SC,Timbó,Rio dos Cedros,421470
SC,Timbó,Rodeio,421510
SC,Timbó,Timbó,421820
SC,Tubarão,Armazém,420150
SC,Tubarão,Braço do Norte,420280
SC,Tubarão,Capivari de Baixo,420395
SC,Tubarão,Grão Pará,420610
SC,Tubarão,Gravatal,420620
SC,Tubarão,Imaruí,420720
SC,Tubarão,Imbituba,420730
SC,Tubarão,Jaguaruna,420880
SC,Tubarão,Laguna,420940
SC,Tubarão,Pedras Grandes,421240
SC,Tubarão,Rio Fortuna,421490
SC,Tubarão,Sangão,421545
SC,Tubarão,Santa Rosa de Lima,421560
SC,Tubarão,São Ludgero,421700
SC,Tubarão,São Martinho,421710
SC,Tubarão,Treze de Maio,421840
SC,Tubarão,Tubarão,421870
SC,Videira,Arroio Trinta,420160
SC,Videira,Caçador,420300
SC,Videira,Calmon,420315
SC,Videira,Curitibanos,420480
SC,Videira,Fraiburgo,420550
SC,Videira,Frei Rogério,420555
SC,Videira,Iomerê,420757
SC,Videira,Lebon Régis,420970
SC,Videira,Macieira,421005
SC,Videira,Matos Costa,421070
SC,Videira,Pinheiro Preto,421300
SC,Videira,Ponte Alta do Norte,421335
SC,Videira,Rio das Antas,421440
SC,Videira,Salto Veloso,421540
SC,Videira,Santa Cecília,421550
SC,Videira,São Cristovão do Sul,421605
SC,Videira,Tangará,421790
SC,Videira,Timbó Grande,421825
SC,Videira,Videira,421930
SC,Xanxerê,Abelardo Luz,420010
SC,Xanxerê,Bom Jesus,420253
SC,Xanxerê,Campo Erê,420350
SC,Xanxerê,Coronel Martins,420445
SC,Xanxerê,Entre Rios,420517
SC,Xanxerê,Faxinal dos Guedes,420530
SC,Xanxerê,Galvão,420560
SC,Xanxerê,Ipuaçu,420768
SC,Xanxerê,Jupiá,420917
SC,Xanxerê,Lajeado Grande,420945
SC,Xanxerê,Marema,421055
SC,Xanxerê,Novo Horizonte,421165
SC,Xanxerê,Ouro Verde,421185
SC,Xanxerê,Passos Maia,421227
SC,Xanxerê,Ponte Serrada,421340
SC,Xanxerê,São Bernardino,421575
SC,Xanxerê,São Domingos,421610
SC,Xanxerê,São Lourenço do Oeste,421690
SC,Xanxerê,Vargeão,421910
SC,Xanxerê,Xanxerê,421950
SC,Xanxerê,Xaxim,421970
SE,Região Aracaju,Aracaju,280030
SE,Região Aracaju,Barra dos Coqueiros,280060
SE,Região Aracaju,Divina Pastora,280200
SE,Região Aracaju,Itaporanga d'Ajuda,280320
SE,Região Aracaju,Laranjeiras,280360
SE,Região Aracaju,Riachuelo,280590
SE,Região Aracaju,Santa Rosa de Lima,280650
SE,Região Aracaju,São Cristóvão,280670
SE,Região Estância,Arauá,280040
SE,Região Estância,Boquim,280067
SE,Região Estância,Cristinápolis,280170
SE,Região Estância,Estância,280210
SE,Região Estância,Indiaroba,280280
SE,Região Estância,Itabaianinha,280300
SE,Região Estância,Pedrinhas,280510
SE,Região Estância,Santa Luzia do Itanhy,280630
SE,Região Estância,Tomar do Geru,280750
SE,Região Estância,Umbaúba,280760
SE,Região Itabaiana,Areia Branca,280050
SE,Região Itabaiana,Campo do Brito,280100
SE,Região Itabaiana,Carira,280140
SE,Região Itabaiana,Frei Paulo,280230
SE,Região Itabaiana,Itabaiana,280290
SE,Região Itabaiana,Macambira,280370
SE,Região Itabaiana,Malhador,280390
SE,Região Itabaiana,Moita Bonita,280410
SE,Região Itabaiana,Nossa Senhora Aparecida,280445
SE,Região Itabaiana,Pedra Mole,280500
SE,Região Itabaiana,Pinhão,280520
SE,Região Itabaiana,Ribeirópolis,280600
SE,Região Itabaiana,São Domingos,280680
SE,Região Itabaiana,São Miguel do Aleixo,280700
SE,Região Lagarto,Lagarto,280350
SE,Região Lagarto,Poço Verde,280550
SE,Região Lagarto,Riachão do Dantas,280580
SE,Região Lagarto,Salgado,280620
SE,Região Lagarto,Simão Dias,280710
SE,Região Lagarto,Tobias Barreto,280740
SE,Região Nossa Senhora da Glória,Canindé de São Francisco,280120
SE,Região Nossa Senhora da Glória,Feira Nova,280220
SE,Região Nossa Senhora da Glória,Gararu,280240
SE,Região Nossa Senhora da Glória,Gracho Cardoso,280260
SE,Região Nossa Senhora da Glória,Itabi,280310
SE,Região Nossa Senhora da Glória,Monte Alegre de Sergipe,280420
SE,Região Nossa Senhora da Glória,Nossa Senhora da Glória,280450
SE,Região Nossa Senhora da Glória,Poço Redondo,280540
SE,Região Nossa Senhora da Glória,Porto da Folha,280560
SE,Região Nossa Senhora do Socorro,Capela,280130
SE,Região Nossa Senhora do Socorro,Carmópolis,280150
SE,Região Nossa Senhora do Socorro,Cumbe,280190
SE,Região Nossa Senhora do Socorro,General Maynard,280250
SE,Região Nossa Senhora do Socorro,Japaratuba,280330
SE,Região Nossa Senhora do Socorro,Maruim,280400
SE,Região Nossa Senhora do Socorro,Nossa Senhora das Dores,280460
SE,Região Nossa Senhora do Socorro,Nossa Senhora do Socorro,280480
SE,Região Nossa Senhora do Socorro,Pirambu,280530
SE,Região Nossa Senhora do Socorro,Rosário do Catete,280610
SE,Região Nossa Senhora do Socorro,Santo Amaro das Brotas,280660
SE,Região Nossa Senhora do Socorro,Siriri,280720
SE,Região Propriá,Amparo de São Francisco,280010
SE,Região Propriá,Aquidabã,280020
SE,Região Propriá,Brejo Grande,280070
SE,Região Propriá,Canhoba,280110
SE,Região Propriá,Cedro de São João,280160
SE,Região Propriá,Ilha das Flores,280270
SE,Região Propriá,Japoatã,280340
SE,Região Propriá,Malhada dos Bois,280380
SE,Região Propriá,Muribeca,280430
SE,Região Propriá,Neópolis,280440
SE,Região Propriá,Nossa Senhora de Lourdes,280470
SE,Região Propriá,Pacatuba,280490
SE,Região Propriá,Propriá,280570
SE,Região Propriá,Santana do São Francisco,280640
SE,Região Propriá,São Francisco,280690
SE,Região Propriá,Telha,280730
SP,Araçatuba,Alto Alegre,350110
SP,Araçatuba,Andradina,350210
SP,Araçatuba,Araçatuba,350280
SP,Araçatuba,Auriflama,350420
SP,Araçatuba,Avanhandava,350440
SP,Araçatuba,Barbosa,350510
SP,Araçatuba,Bento de Abreu,350620
SP,Araçatuba,Bilac,350640
SP,Araçatuba,Birigui,350650
SP,Araçatuba,Braúna,350770
SP,Araçatuba,Brejo Alegre,350775
SP,Araçatuba,Buritama,350810
SP,Araçatuba,Castilho,351100
SP,Araçatuba,Clementina,351190
SP,Araçatuba,Coroados,351250
SP,Araçatuba,Gabriel Monteiro,351650
SP,Araçatuba,Glicério,351710
SP,Araçatuba,Guaraçaí,351780
SP,Araçatuba,Guararapes,351820
SP,Araçatuba,Guzolândia,351890
SP,Araçatuba,Ilha Solteira,352044
SP,Araçatuba,Itapura,352300
SP,Araçatuba,Lavínia,352650
SP,Araçatuba,Lourdes,352725
SP,Araçatuba,Luiziânia,352770
SP,Araçatuba,Mirandópolis,353010
SP,Araçatuba,Murutinga do Sul,353210
SP,Araçatuba,Nova Castilho,353286
SP,Araçatuba,Nova Independência,353320
SP,Araçatuba,Nova Luzitânia,353330
SP,Araçatuba,Penápolis,353730
SP,Araçatuba,Pereira Barreto,353740
SP,Araçatuba,Piacatu,353770
SP,Araçatuba,Rubiácea,354440
SP,Araçatuba,Santo Antônio do Aracanguá,354805
SP,Araçatuba,Santópolis do Aguapeí,354840
SP,Araçatuba,Sud Mennucci,355230
SP,Araçatuba,Suzanápolis,355255
SP,Araçatuba,Turiúba,355520
SP,Araçatuba,Valparaíso,355630
SP,Araraquara,Américo Brasiliense,350170
SP,Araraquara,Araraquara,350320
SP,Araraquara,Boa Esperança do Sul,350670
SP,Araraquara,Borborema,350740
SP,Araraquara,Cândido Rodrigues,351010
SP,Araraquara,Descalvado,351370
SP,Araraquara,Dobrada,351400
SP,Araraquara,Dourado,351430
SP,Araraquara,Gavião Peixoto,351685
SP,Araraquara,Ibaté,351930
SP,Araraquara,Ibitinga,351960
SP,Araraquara,Itápolis,352270
SP,Araraquara,Matão,352930
SP,Araraquara,Motuca,353205
SP,Araraquara,Nova Europa,353290
SP,Araraquara,Porto Ferreira,354070
SP,Araraquara,Ribeirão Bonito,354290
SP,Araraquara,Rincão,354370
SP,Araraquara,Santa Ernestina,354650
SP,Araraquara,Santa Lúcia,354690
SP,Araraquara,São Carlos,354890
SP,Araraquara,Tabatinga,355270
SP,Araraquara,Taquaritinga,355370
SP,Araraquara,Trabiju,355475
SP,Baixada Santista,Bertioga,350635
SP,Baixada Santista,Cubatão,351350
SP,Baixada Santista,Guarujá,351870
SP,Baixada Santista,Itanhaém,352210
SP,Baixada Santista,Mongaguá,353110
SP,Baixada Santista,Peruíbe,353760
SP,Baixada Santista,Praia Grande,354100
SP,Baixada Santista,Santos,354850
SP,Baixada Santista,São Vicente,355100
SP,Barretos,Altair,350090
SP,Barretos,Barretos,350550
SP,Barretos,Bebedouro,350610
SP,Barretos,Cajobi,350930
SP,Barretos,Colina,351200
SP,Barretos,Colômbia,351210
SP,Barretos,Embaúba,351495
SP,Barretos,Guaíra,351740
SP,Barretos,Guaraci,351790
SP,Barretos,Jaborandi,352420
SP,Barretos,Monte Azul Paulista,353150
SP,Barretos,Olímpia,353390
SP,Barretos,Severínia,355190
SP,Barretos,Taiaçu,355310
SP,Barretos,Taiúva,355320
SP,Barretos,Taquaral,355365
SP,Barretos,Terra Roxa,355440
SP,Barretos,Viradouro,355680
SP,Barretos,Vista Alegre do Alto,355690
SP,Bauru,Águas de Santa Bárbara,350055
SP,Bauru,Agudos,350070
SP,Bauru,Anhembi,350230
SP,Bauru,Arandu,350310
SP,Bauru,Arealva,350340
SP,Bauru,Areiópolis,350360
SP,Bauru,Avaí,350430
SP,Bauru,Avaré,350450
SP,Bauru,Balbinos,350470
SP,Bauru,Barão de Antonina,350500
SP,Bauru,Bariri,350520
SP,Bauru,Barra Bonita,350530
SP,Bauru,Bauru,350600
SP,Bauru,Bocaina,350680
SP,Bauru,Bofete,350690
SP,Bauru,Boracéia,350730
SP,Bauru,Borebi,350745
SP,Bauru,Botucatu,350750
SP,Bauru,Brotas,350790
SP,Bauru,Cabrália Paulista,350830
SP,Bauru,Cafelândia,350880
SP,Bauru,Cerqueira César,351140
SP,Bauru,Conchas,351230
SP,Bauru,Coronel Macedo,351260
SP,Bauru,Dois Córregos,351410
SP,Bauru,Duartina,351450
SP,Bauru,Fartura,351540
SP,Bauru,Getulina,351700
SP,Bauru,Guaiçara,351720
SP,Bauru,Iacanga,351910
SP,Bauru,Iaras,351925
SP,Bauru,Igaraçu do Tietê,352000
SP,Bauru,Itaí,352180
SP,Bauru,Itaju,352200
SP,Bauru,Itaporanga,352280
SP,Bauru,Itapuí,352290
SP,Bauru,Itatinga,352350
SP,Bauru,Jaú,352530
SP,Bauru,Laranjal Paulista,352640
SP,Bauru,Lençóis Paulista,352680
SP,Bauru,Lins,352710
SP,Bauru,Lucianópolis,352750
SP,Bauru,Macatuba,352800
SP,Bauru,Manduri,352860
SP,Bauru,Mineiros do Tietê,352980
SP,Bauru,Paranapanema,353580
SP,Bauru,Pardinho,353610
SP,Bauru,Paulistânia,353657
SP,Bauru,Pederneiras,353670
SP,Bauru,Pereiras,353750
SP,Bauru,Piraju,353880
SP,Bauru,Pirajuí,353890
SP,Bauru,Piratininga,353940
SP,Bauru,Pongaí,354010
SP,Bauru,Porangaba,354050
SP,Bauru,Pratânia,354105
SP,Bauru,Presidente Alves,354110
SP,Bauru,Promissão,354160
SP,Bauru,Reginópolis,354250
SP,Bauru,Sabino,354460
SP,Bauru,São Manuel,355010
SP,Bauru,Sarutaiá,355120
SP,Bauru,Taguaí,355300
SP,Bauru,Taquarituba,355380
SP,Bauru,Tejupá,355420
SP,Bauru,Torre de Pedra,355465
SP,Bauru,Torrinha,355470
SP,Bauru,Uru,355590
SP,Campinas,Águas de Lindóia,350050
SP,Campinas,Americana,350160
SP,Campinas,Amparo,350190
SP,Campinas,Artur Nogueira,350380
SP,Campinas,Atibaia,350410
SP,Campinas,Bom Jesus dos Perdões,350710
SP,Campinas,Bragança Paulista,350760
SP,Campinas,Cabreúva,350840
SP,Campinas,Campinas,350950
SP,Campinas,Campo Limpo Paulista,350960
SP,Campinas,Cosmópolis,351280
SP,Campinas,Holambra,351905
SP,Campinas,Hortolândia,351907
SP,Campinas,Indaiatuba,352050
SP,Campinas,Itatiba,352340
SP,Campinas,Itupeva,352400
SP,Campinas,Jaguariúna,352470
SP,Campinas,Jarinu,352520
SP,Campinas,Joanópolis,352550
SP,Campinas,Jundiaí,352590
SP,Campinas,Lindóia,352700
SP,Campinas,Louveira,352730
SP,Campinas,Monte Alegre do Sul,353120
SP,Campinas,Monte Mor,353180
SP,Campinas,Morungaba,353200
SP,Campinas,Nazaré Paulista,353240
SP,Campinas,Nova Odessa,353340
SP,Campinas,Paulínia,353650
SP,Campinas,Pedra Bela,353680
SP,Campinas,Pedreira,353710
SP,Campinas,Pinhalzinho,353820
SP,Campinas,Piracaia,353860
SP,Campinas,Santa Bárbara d'Oeste,354580
SP,Campinas,Santo Antônio de Posse,354800
SP,Campinas,Serra Negra,355160
SP,Campinas,Socorro,355210
SP,Campinas,Sumaré,355240
SP,Campinas,Tuiuti,355495
SP,Campinas,Valinhos,355620
SP,Campinas,Vargem,355635
SP,Campinas,Várzea Paulista,355650
SP,Campinas,Vinhedo,355670
SP,Franca,Aramina,350300
SP,Franca,Buritizal,350820
SP,Franca,Cristais Paulista,351320
SP,Franca,Franca,351620
SP,Franca,Guará,351770
SP,Franca,Igarapava,352010
SP,Franca,Ipuã,352130
SP,Franca,Itirapuã,352370
SP,Franca,Ituverava,352410
SP,Franca,Jeriquara,352540
SP,Franca,Miguelópolis,352970
SP,Franca,Morro Agudo,353190
SP,Franca,Nuporanga,353360
SP,Franca,Orlândia,353430
SP,Franca,Patrocínio Paulista,353630
SP,Franca,Pedregulho,353700
SP,Franca,Restinga,354270
SP,Franca,Ribeirão Corrente,354310
SP,Franca,Rifaina,354360
SP,Franca,Sales Oliveira,354490
SP,Franca,São Joaquim da Barra,354940
SP,Franca,São José da Bela Vista,354950
SP,Grande São Paulo,Arujá,350390
SP,Grande São Paulo,Barueri,350570
SP,Grande São Paulo,Biritiba-Mirim,350660
SP,Grande São Paulo,Caieiras,350900
SP,Grande São Paulo,Cajamar,350920
SP,Grande São Paulo,Carapicuíba,351060
SP,Grande São Paulo,Cotia,351300
SP,Grande São Paulo,Diadema,351380
SP,Grande São Paulo,Embu,351500
SP,Grande São Paulo,Embu-Guaçu,351510
SP,Grande São Paulo,Ferraz de Vasconcelos,351570
SP,Grande São Paulo,Francisco Morato,351630
SP,Grande São Paulo,Franco da Rocha,351640
SP,Grande São Paulo,Guararema,351830
SP,Grande São Paulo,Guarulhos,351880
SP,Grande São Paulo,Itapecerica da Serra,352220
SP,Grande São Paulo,Itapevi,352250
SP,Grande São Paulo,Itaquaquecetuba,352310
SP,Grande São Paulo,Jandira,352500
SP,Grande São Paulo,Juquitiba,352620
SP,Grande São Paulo,Mairiporã,352850
SP,Grande São Paulo,Mauá,352940
SP,Grande São Paulo,Mogi das Cruzes,353060
SP,Grande São Paulo,Osasco,353440
SP,Grande São Paulo,Pirapora do Bom Jesus,353910
SP,Grande São Paulo,Poá,353980
SP,Grande São Paulo,Ribeirão Pires,354330
SP,Grande São Paulo,Rio Grande da Serra,354410
SP,Grande São Paulo,Salesópolis,354500
SP,Grande São Paulo,Santa Isabel,354680
SP,Grande São Paulo,Santana de Parnaíba,354730
SP,Grande São Paulo,Santo André,354780
SP,Grande São Paulo,São Bernardo do Campo,354870
SP,Grande São Paulo,São Caetano do Sul,354880
SP,Grande São Paulo,São Lourenço da Serra,354995
SP,Grande São Paulo,São Paulo,355030
SP,Grande São Paulo,Suzano,355250
SP,Grande São Paulo,Taboão da Serra,355280
SP,Grande São Paulo,Vargem Grande Paulista,355645
SP,Marília,Adamantina,350010
SP,Marília,Álvaro de Carvalho,350140
SP,Marília,Alvinlândia,350150
SP,Marília,Arco-Íris,350335
SP,Marília,Assis,350400
SP,Marília,Bastos,350580
SP,Marília,Bernardino de Campos,350630
SP,Marília,Borá,350720
SP,Marília,Campos Novos Paulista,350980
SP,Marília,Cândido Mota,351000
SP,Marília,Canitar,351015
SP,Marília,Chavantes,355720
SP,Marília,Cruzália,351330
SP,Marília,Echaporã,351470
SP,Marília,Espírito Santo do Turvo,351519
SP,Marília,Fernão,351565
SP,Marília,Flórida Paulista,351600
SP,Marília,Florínia,351610
SP,Marília,Gália,351660
SP,Marília,Garça,351670
SP,Marília,Guaimbê,351730
SP,Marília,Guarantã,351810
SP,Marília,Herculândia,351900
SP,Marília,Iacri,351920
SP,Marília,Ibirarema,351950
SP,Marília,Inúbia Paulista,352080
SP,Marília,Ipaussu,352090
SP,Marília,Júlio Mesquita,352580
SP,Marília,Lucélia,352740
SP,Marília,Lupércio,352780
SP,Marília,Lutécia,352790
SP,Marília,Maracaí,352880
SP,Marília,Mariápolis,352890
SP,Marília,Marília,352900
SP,Marília,Ocauçu,353370
SP,Marília,Óleo,353380
SP,Marília,Oriente,353410
SP,Marília,Oscar Bressane,353450
SP,Marília,Osvaldo Cruz,353460
SP,Marília,Ourinhos,353470
SP,Marília,Pacaembu,353490
SP,Marília,Palmital,353530
SP,Marília,Paraguaçu Paulista,353550
SP,Marília,Parapuã,353600
SP,Marília,Pedrinhas Paulista,353715
SP,Marília,Platina,353970
SP,Marília,Pompéia,354000
SP,Marília,Pracinha,354085
SP,Marília,Queiroz,354180
SP,Marília,Quintana,354200
SP,Marília,Ribeirão do Sul,354320
SP,Marília,Rinópolis,354380
SP,Marília,Sagres,354470
SP,Marília,Salmourão,354510
SP,Marília,Salto Grande,354540
SP,Marília,Santa Cruz do Rio Pardo,354640
SP,Marília,São Pedro do Turvo,355050
SP,Marília,Tarumã,355395
SP,Marília,Timburi,355460
SP,Marília,Tupã,355500
SP,Marília,Ubirajara,355550
SP,Marília,Vera Cruz,355660
SP,Piracicaba,Águas de São Pedro,350060
SP,Piracicaba,Analândia,350200
SP,Piracicaba,Araras,350330
SP,Piracicaba,Capivari,351040
SP,Piracicaba,Charqueada,351170
SP,Piracicaba,Conchal,351220
SP,Piracicaba,Cordeirópolis,351240
SP,Piracicaba,Corumbataí,351270
SP,Piracicaba,Elias Fausto,351490
SP,Piracicaba,Engenheiro Coelho,351515
SP,Piracicaba,Ipeúna,352110
SP,Piracicaba,Iracemápolis,352140
SP,Piracicaba,Itirapina,352360
SP,Piracicaba,Leme,352670
SP,Piracicaba,Limeira,352690
SP,Piracicaba,Mombuca,353090
SP,Piracicaba,Piracicaba,353870
SP,Piracicaba,Pirassununga,353930
SP,Piracicaba,Rafard,354210
SP,Piracicaba,Rio Claro,354390
SP,Piracicaba,Rio das Pedras,354400
SP,Piracicaba,Saltinho,354515
SP,Piracicaba,Santa Cruz da Conceição,354620
SP,Piracicaba,Santa Gertrudes,354670
SP,Piracicaba,Santa Maria da Serra,354700
SP,Piracicaba,São Pedro,355040
SP,Presidente Prudente,Alfredo Marcondes,350080
SP,Presidente Prudente,Álvares Machado,350130
SP,Presidente Prudente,Anhumas,350240
SP,Presidente Prudente,Caiabu,350890
SP,Presidente Prudente,Caiuá,350910
SP,Presidente Prudente,Dracena,351440
SP,Presidente Prudente,Emilianópolis,351512
SP,Presidente Prudente,Estrela do Norte,351530
SP,Presidente Prudente,Euclides da Cunha Paulista,351535
SP,Presidente Prudente,Flora Rica,351580
SP,Presidente Prudente,Iepê,351990
SP,Presidente Prudente,Indiana,352060
SP,Presidente Prudente,Irapuru,352160
SP,Presidente Prudente,João Ramalho,352560
SP,Presidente Prudente,Junqueirópolis,352600
SP,Presidente Prudente,Marabá Paulista,352870
SP,Presidente Prudente,Martinópolis,352920
SP,Presidente Prudente,Mirante do Paranapanema,353020
SP,Presidente Prudente,Monte Castelo,353160
SP,Presidente Prudente,Nantes,353215
SP,Presidente Prudente,Narandiba,353220
SP,Presidente Prudente,Nova Guataporanga,353310
SP,Presidente Prudente,Ouro Verde,353480
SP,Presidente Prudente,Panorama,353540
SP,Presidente Prudente,Paulicéia,353640
SP,Presidente Prudente,Piquerobi,353830
SP,Presidente Prudente,Pirapozinho,353920
SP,Presidente Prudente,Presidente Bernardes,354120
SP,Presidente Prudente,Presidente Epitácio,354130
SP,Presidente Prudente,Presidente Prudente,354140
SP,Presidente Prudente,Presidente Venceslau,354150
SP,Presidente Prudente,Quatá,354170
SP,Presidente Prudente,Rancharia,354220
SP,Presidente Prudente,Regente Feijó,354240
SP,Presidente Prudente,Ribeirão dos Índios,354323
SP,Presidente Prudente,Rosana,354425
SP,Presidente Prudente,Sandovalina,354550
SP,Presidente Prudente,Santa Mercedes,354710
SP,Presidente Prudente,Santo Anastácio,354770
SP,Presidente Prudente,Santo Expedito,354830
SP,Presidente Prudente,São João do Pau d'Alho,354930
SP,Presidente Prudente,Taciba,355290
SP,Presidente Prudente,Tarabai,355390
SP,Presidente Prudente,Teodoro Sampaio,355430
SP,Presidente Prudente,Tupi Paulista,355510
SP,Registro,Barra do Turvo,350540
SP,Registro,Cajati,350925
SP,Registro,Cananéia,350990
SP,Registro,Eldorado,351480
SP,Registro,Iguape,352030
SP,Registro,Ilha Comprida,352042
SP,Registro,Iporanga,352120
SP,Registro,Itariri,352330
SP,Registro,Jacupiranga,352460
SP,Registro,Juquiá,352610
SP,Registro,Miracatu,352990
SP,Registro,Pariquera-Açu,353620
SP,Registro,Pedro de Toledo,353720
SP,Registro,Registro,354260
SP,Registro,Sete Barras,355180
SP,Ribeirão Preto,Altinópolis,350100
SP,Ribeirão Preto,Barrinha,350560
SP,Ribeirão Preto,Batatais,350590
SP,Ribeirão Preto,Brodowski,350780
SP,Ribeirão Preto,Cajuru,350940
SP,Ribeirão Preto,Cássia dos Coqueiros,351090
SP,Ribeirão Preto,Cravinhos,351310
SP,Ribeirão Preto,Dumont,351460
SP,Ribeirão Preto,Guariba,351860
SP,Ribeirão Preto,Guatapará,351885
SP,Ribeirão Preto,Jaboticabal,352430
SP,Ribeirão Preto,Jardinópolis,352510
SP,Ribeirão Preto,Luís Antônio,352760
SP,Ribeirão Preto,Monte Alto,353130
SP,Ribeirão Preto,Pitangueiras,353950
SP,Ribeirão Preto,Pontal,354020
SP,Ribeirão Preto,Pradópolis,354090
SP,Ribeirão Preto,Ribeirão Preto,354340
SP,Ribeirão Preto,Santa Cruz da Esperança,354625
SP,Ribeirão Preto,Santa Rita do Passa Quatro,354750
SP,Ribeirão Preto,Santa Rosa de Viterbo,354760
SP,Ribeirão Preto,Santo Antônio da Alegria,354790
SP,Ribeirão Preto,São Simão,355090
SP,Ribeirão Preto,Serra Azul,355140
SP,Ribeirão Preto,Serrana,355150
SP,Ribeirão Preto,Sertãozinho,355170
SP,São João da Boa Vista,Aguaí,350030
SP,São João da Boa Vista,Águas da Prata,350040
SP,São João da Boa Vista,Caconde,350870
SP,São João da Boa Vista,Casa Branca,351080
SP,São João da Boa Vista,Divinolândia,351390
SP,São João da Boa Vista,Espírito Santo do Pinhal,351518
SP,São João da Boa Vista,Estiva Gerbi,355730
SP,São João da Boa Vista,Itapira,352260
SP,São João da Boa Vista,Itobi,352380
SP,São João da Boa Vista,Mococa,353050
SP,São João da Boa Vista,Mogi Guaçu,353070
SP,São João da Boa Vista,Moji Mirim,353080
SP,São João da Boa Vista,Santa Cruz das Palmeiras,354630
SP,São João da Boa Vista,Santo Antônio do Jardim,354810
SP,São João da Boa Vista,São João da Boa Vista,354910
SP,São João da Boa Vista,São José do Rio Pardo,354970
SP,São João da Boa Vista,São Sebastião da Grama,355080
SP,São João da Boa Vista,Tambaú,355330
SP,São João da Boa Vista,Tapiratiba,355360
SP,São João da Boa Vista,Vargem Grande do Sul,355640
SP,São José do Rio Preto,Adolfo,350020
SP,São José do Rio Preto,Álvares Florence,350120
SP,São José do Rio Preto,Américo de Campos,350180
SP,São José do Rio Preto,Aparecida d'Oeste,350260
SP,São José do Rio Preto,Ariranha,350370
SP,São José do Rio Preto,Aspásia,350395
SP,São José do Rio Preto,Bady Bassitt,350460
SP,São José do Rio Preto,Bálsamo,350480
SP,São José do Rio Preto,Cardoso,351070
SP,São José do Rio Preto,Catanduva,351110
SP,São José do Rio Preto,Catiguá,351120
SP,São José do Rio Preto,Cedral,351130
SP,São José do Rio Preto,Cosmorama,351290
SP,São José do Rio Preto,Dirce Reis,351385
SP,São José do Rio Preto,Dolcinópolis,351420
SP,São José do Rio Preto,Elisiário,351492
SP,São José do Rio Preto,Estrela d'Oeste,351520
SP,São José do Rio Preto,Fernando Prestes,351560
SP,São José do Rio Preto,Fernandópolis,351550
SP,São José do Rio Preto,Floreal,351590
SP,São José do Rio Preto,Gastão Vidigal,351680
SP,São José do Rio Preto,General Salgado,351690
SP,São José do Rio Preto,Guapiaçu,351750
SP,São José do Rio Preto,Guarani d'Oeste,351800
SP,São José do Rio Preto,Ibirá,351940
SP,São José do Rio Preto,Icém,351980
SP,São José do Rio Preto,Indiaporã,352070
SP,São José do Rio Preto,Ipiguá,352115
SP,São José do Rio Preto,Irapuã,352150
SP,São José do Rio Preto,Itajobi,352190
SP,São José do Rio Preto,Jaci,352450
SP,São José do Rio Preto,Jales,352480
SP,São José do Rio Preto,José Bonifácio,352570
SP,São José do Rio Preto,Macaubal,352810
SP,São José do Rio Preto,Macedônia,352820
SP,São José do Rio Preto,Magda,352830
SP,São José do Rio Preto,Marapoama,352885
SP,São José do Rio Preto,Marinópolis,352910
SP,São José do Rio Preto,Mendonça,352950
SP,São José do Rio Preto,Meridiano,352960
SP,São José do Rio Preto,Mesópolis,352965
SP,São José do Rio Preto,Mira Estrela,353000
SP,São José do Rio Preto,Mirassol,353030
SP,São José do Rio Preto,Mirassolândia,353040
SP,São José do Rio Preto,Monções,353100
SP,São José do Rio Preto,Monte Aprazível,353140
SP,São José do Rio Preto,Neves Paulista,353250
SP,São José do Rio Preto,Nhandeara,353260
SP,São José do Rio Preto,Nipoã,353270
SP,São José do Rio Preto,Nova Aliança,353280
SP,São José do Rio Preto,Nova Canaã Paulista,353284
SP,São José do Rio Preto,Nova Granada,353300
SP,São José do Rio Preto,Novais,353325
SP,São José do Rio Preto,Novo Horizonte,353350
SP,São José do Rio Preto,Onda Verde,353400
SP,São José do Rio Preto,Orindiúva,353420
SP,São José do Rio Preto,Ouroeste,353475
SP,São José do Rio Preto,Palestina,353500
SP,São José do Rio Preto,Palmares Paulista,353510
SP,São José do Rio Preto,Palmeira d'Oeste,353520
SP,São José do Rio Preto,Paraíso,353570
SP,São José do Rio Preto,Paranapuã,353590
SP,São José do Rio Preto,Parisi,353625
SP,São José do Rio Preto,Paulo de Faria,353660
SP,São José do Rio Preto,Pedranópolis,353690
SP,São José do Rio Preto,Pindorama,353810
SP,São José do Rio Preto,Pirangi,353900
SP,São José do Rio Preto,Planalto,353960
SP,São José do Rio Preto,Poloni,353990
SP,São José do Rio Preto,Pontalinda,354025
SP,São José do Rio Preto,Pontes Gestal,354030
SP,São José do Rio Preto,Populina,354040
SP,São José do Rio Preto,Potirendaba,354080
SP,São José do Rio Preto,Riolândia,354420
SP,São José do Rio Preto,Rubinéia,354450
SP,São José do Rio Preto,Sales,354480
SP,São José do Rio Preto,Santa Adélia,354560
SP,São José do Rio Preto,Santa Albertina,354570
SP,São José do Rio Preto,Santa Clara d'Oeste,354610
SP,São José do Rio Preto,Santa Fé do Sul,354660
SP,São José do Rio Preto,Santa Rita d'Oeste,354740
SP,São José do Rio Preto,Santa Salete,354765
SP,São José do Rio Preto,Santana da Ponte Pensa,354720
SP,São José do Rio Preto,São Francisco,354900
SP,São José do Rio Preto,São João das Duas Pontes,354920
SP,São José do Rio Preto,São João de Iracema,354925
SP,São José do Rio Preto,São José do Rio Preto,354980
SP,São José do Rio Preto,Sebastianópolis do Sul,355130
SP,São José do Rio Preto,Tabapuã,355260
SP,São José do Rio Preto,Tanabi,355340
SP,São José do Rio Preto,Três Fronteiras,355490
SP,São José do Rio Preto,Turmalina,355530
SP,São José do Rio Preto,Ubarana,355535
SP,São José do Rio Preto,Uchoa,355560
SP,São José do Rio Preto,União Paulista,355570
SP,São José do Rio Preto,Urânia,355580
SP,São José do Rio Preto,Urupês,355600
SP,São José do Rio Preto,Valentim Gentil,355610
SP,São José do Rio Preto,Vitória Brasil,355695
SP,São José do Rio Preto,Votuporanga,355710
SP,São José do Rio Preto,Zacarias,355715
SP,Sorocaba,Alambari,350075
SP,Sorocaba,Alumínio,350115
SP,Sorocaba,Angatuba,350220
SP,Sorocaba,Apiaí,350270
SP,Sorocaba,Araçariguama,350275
SP,Sorocaba,Araçoiaba da Serra,350290
SP,Sorocaba,Barra do Chapéu,350535
SP,Sorocaba,Boituva,350700
SP,Sorocaba,Bom Sucesso de Itararé,350715
SP,Sorocaba,Buri,350800
SP,Sorocaba,Campina do Monte Alegre,350945
SP,Sorocaba,Capão Bonito,351020
SP,Sorocaba,Capela do Alto,351030
SP,Sorocaba,Cerquilho,351150
SP,Sorocaba,Cesário Lange,351160
SP,Sorocaba,Guapiara,351760
SP,Sorocaba,Guareí,351850
SP,Sorocaba,Ibiúna,351970
SP,Sorocaba,Iperó,352100
SP,Sorocaba,Itaberá,352170
SP,Sorocaba,Itaóca,352215
SP,Sorocaba,Itapetininga,352230
SP,Sorocaba,Itapeva,352240
SP,Sorocaba,Itapirapuã Paulista,352265
SP,Sorocaba,Itararé,352320
SP,Sorocaba,Itu,352390
SP,Sorocaba,Jumirim,352585
SP,Sorocaba,Mairinque,352840
SP,Sorocaba,Nova Campina,353282
SP,Sorocaba,Piedade,353780
SP,Sorocaba,Pilar do Sul,353790
SP,Sorocaba,Porto Feliz,354060
SP,Sorocaba,Quadra,354165
SP,Sorocaba,Ribeira,354280
SP,Sorocaba,Ribeirão Branco,354300
SP,Sorocaba,Ribeirão Grande,354325
SP,Sorocaba,Riversul,354350
SP,Sorocaba,Salto,354520
SP,Sorocaba,Salto de Pirapora,354530
SP,Sorocaba,São Miguel Arcanjo,355020
SP,Sorocaba,São Roque,355060
SP,Sorocaba,Sarapuí,355110
SP,Sorocaba,Sorocaba,355220
SP,Sorocaba,Tapiraí,355350
SP,Sorocaba,Taquarivaí,355385
SP,Sorocaba,Tatuí,355400
SP,Sorocaba,Tietê,355450
SP,Sorocaba,Votorantim,355700
SP,Taubaté,Aparecida,350250
SP,Taubaté,Arapeí,350315
SP,Taubaté,Areias,350350
SP,Taubaté,Bananal,350490
SP,Taubaté,Caçapava,350850
SP,Taubaté,Cachoeira Paulista,350860
SP,Taubaté,Campos do Jordão,350970
SP,Taubaté,Canas,350995
SP,Taubaté,Caraguatatuba,351050
SP,Taubaté,Cruzeiro,351340
SP,Taubaté,Cunha,351360
SP,Taubaté,Guaratinguetá,351840
SP,Taubaté,Igaratá,352020
SP,Taubaté,Ilhabela,352040
SP,Taubaté,Jacareí,352440
SP,Taubaté,Jambeiro,352490
SP,Taubaté,Lagoinha,352630
SP,Taubaté,Lavrinhas,352660
SP,Taubaté,Lorena,352720
SP,Taubaté,Monteiro Lobato,353170
SP,Taubaté,Natividade da Serra,353230
SP,Taubaté,Paraibuna,353560
SP,Taubaté,Pindamonhangaba,353800
SP,Taubaté,Piquete,353850
SP,Taubaté,Potim,354075
SP,Taubaté,Queluz,354190
SP,Taubaté,Redenção da Serra,354230
SP,Taubaté,Roseira,354430
SP,Taubaté,Santa Branca,354600
SP,Taubaté,Santo Antônio do Pinhal,354820
SP,Taubaté,São Bento do Sapucaí,354860
SP,Taubaté,São José do Barreiro,354960
SP,Taubaté,São José dos Campos,354990
SP,Taubaté,São Luís do Paraitinga,355000
SP,Taubaté,São Sebastião,355070
SP,Taubaté,Silveiras,355200
SP,Taubaté,Taubaté,355410
SP,Taubaté,Tremembé,355480
SP,Taubaté,Ubatuba,355540
TO,Região de Saúde Bico do Papagaio,Araguatins,170220
TO,Região de Saúde Bico do Papagaio,Augustinópolis,170255
TO,Região de Saúde Bico do Papagaio,Axixá do Tocantins,170290
TO,Região de Saúde Bico do Papagaio,Buriti do Tocantins,170380
TO,Região de Saúde Bico do Papagaio,Carrasco Bonito,170389
TO,Região de Saúde Bico do Papagaio,Esperantina,170740
TO,Região de Saúde Bico do Papagaio,Itaguatins,171070
TO,Região de Saúde Bico do Papagaio,Maurilândia do Tocantins,171280
TO,Região de Saúde Bico do Papagaio,Praia Norte,171830
TO,Região de Saúde Bico do Papagaio,Sampaio,171880
TO,Região de Saúde Bico do Papagaio,São Bento do Tocantins,172010
TO,Região de Saúde Bico do Papagaio,São Miguel do Tocantins,172020
TO,Região de Saúde Bico do Papagaio,São Sebastião do Tocantins,172030
TO,Região de Saúde Bico do Papagaio,Sítio Novo do Tocantins,172080
TO,Região de Saúde Centro-Sul,Aliança do Tocantins,170035
TO,Região de Saúde Centro-Sul,Alvorada,170070
TO,Região de Saúde Centro-Sul,Araguaçu,170200
TO,Região de Saúde Centro-Sul,Cariri do Tocantins,170386
TO,Região de Saúde Centro-Sul,Crixás do Tocantins,170625
TO,Região de Saúde Centro-Sul,Dueré,170730
TO,Região de Saúde Centro-Sul,Figueirópolis,170765
TO,Região de Saúde Centro-Sul,Formoso do Araguaia,170820
TO,Região de Saúde Centro-Sul,Gurupi,170950
TO,Região de Saúde Centro-Sul,Sandolândia,171884
TO,Região de Saúde Centro-Sul,Santa Rita do Tocantins,171889
TO,Região de Saúde Centro-Sul,Sucupira,172085
TO,Região de Saúde Centro-Sul,Talismã,172097
TO,Região de Saúde Cultura do Cerrado,Bom Jesus do Tocantins,170330
TO,Região de Saúde Cultura do Cerrado,Centenário,170410
TO,Região de Saúde Cultura do Cerrado,Pedro Afonso,171650
TO,Região de Saúde Cultura do Cerrado,Recursolândia,171850
TO,Região de Saúde Cultura do Cerrado,Santa Maria do Tocantins,171888
TO,Região de Saúde Cultura do Cerrado,Tupirama,172125
TO,Região de Saúde de Araguaia-Tocantins,Arapoema,170230
TO,Região de Saúde de Araguaia-Tocantins,Bandeirantes do Tocantins,170305
TO,Região de Saúde de Araguaia-Tocantins,Bernardo Sayão,170320
TO,Região de Saúde de Araguaia-Tocantins,Brasilândia do Tocantins,170360
TO,Região de Saúde de Araguaia-Tocantins,Colinas do Tocantins,170550
TO,Região de Saúde de Araguaia-Tocantins,Couto Magalhães,170600
TO,Região de Saúde de Araguaia-Tocantins,Itapiratins,171090
TO,Região de Saúde de Araguaia-Tocantins,Juarina,171180
TO,Região de Saúde de Araguaia-Tocantins,Palmeirante,171570
TO,Região de Saúde de Araguaia-Tocantins,Tupiratins,172130
TO,Região de Saúde de Lobo Guará,Colméia,171670
TO,Região de Saúde de Lobo Guará,Fortaleza do Tabocão,170825
TO,Região de Saúde de Lobo Guará,Goianorte,170830
TO,Região de Saúde de Lobo Guará,Guaraí,170930
TO,Região de Saúde de Lobo Guará,Itacajá,171050
TO,Região de Saúde de Lobo Guará,Itaporã do Tocantins,171110
TO,Região de Saúde de Lobo Guará,Pequizeiro,171665
TO,Região de Saúde de Lobo Guará,Presidente Kennedy,171840
TO,Região de Saúde de Miracema,Miracema do Tocantins,171320
TO,Região de Saúde de Miracema,Miranorte,171330
TO,Região de Saúde de Miracema,Rio dos Bois,171870
TO,Região de Saúde de Miracema,Rio Sono,171875
TO,Região de Saúde de Miracema,Tocantínia,172110
TO,Região de Saúde de Porto Nacional,Brejinho de Nazaré,170370
TO,Região de Saúde de Porto Nacional,Chapada da Natividade,170510
TO,Região de Saúde de Porto Nacional,Fátima,170755
TO,Região de Saúde de Porto Nacional,Ipueiras,170980
TO,Região de Saúde de Porto Nacional,Mateiros,171270
TO,Região de Saúde de Porto Nacional,Monte do Carmo,171360
TO,Região de Saúde de Porto Nacional,Natividade,171420
TO,Região de Saúde de Porto Nacional,Pindorama do Tocantins,171700
TO,Região de Saúde de Porto Nacional,Ponte Alta do Tocantins,171790
TO,Região de Saúde de Porto Nacional,Porto Nacional,171820
TO,Região de Saúde de Porto Nacional,Santa Rosa do Tocantins,171890
TO,Região de Saúde de Porto Nacional,Silvanópolis,172065
TO,Região de Saúde do Cantão,Abreulândia,170025
TO,Região de Saúde do Cantão,Araguacema,170190
TO,Região de Saúde do Cantão,Barrolândia,170310
TO,Região de Saúde do Cantão,Caseara,170390
TO,Região de Saúde do Cantão,Chapada de Areia,170460
TO,Região de Saúde do Cantão,Cristalândia,170610
TO,Região de Saúde do Cantão,Divinópolis do Tocantins,170710
TO,Região de Saúde do Cantão,Dois Irmãos do Tocantins,170720
TO,Região de Saúde do Cantão,Lagoa da Confusão,171190
TO,Região de Saúde do Cantão,Marianópolis do Tocantins,171250
TO,Região de Saúde do Cantão,Monte Santo do Tocantins,171370
TO,Região de Saúde do Cantão,Nova Rosalândia,171500
TO,Região de Saúde do Cantão,Oliveira de Fátima,171550
TO,Região de Saúde do Cantão,Paraíso do Tocantins,171610
TO,Região de Saúde do Cantão,Pium,171750
TO,Região de Saúde do Cantão,Pugmil,171845
TO,Região de Saúde do Capim Dourado,Aparecida do Rio Negro,170110
TO,Região de Saúde do Capim Dourado,Lagoa do Tocantins,171195
TO,Região de Saúde do Capim Dourado,Lajeado,171200
TO,Região de Saúde do Capim Dourado,Lizarda,171240
TO,Região de Saúde do Capim Dourado,Novo Acordo,171510
TO,Região de Saúde do Capim Dourado,Palmas,172100
TO,Região de Saúde do Capim Dourado,Santa Tereza do Tocantins,171900
TO,Região de Saúde do Capim Dourado,São Félix do Tocantins,172015
TO,Região de Saúde do Médio Araguaia,Ananás,170100
TO,Região de Saúde do Médio Araguaia,Angico,170105
TO,Região de Saúde do Médio Araguaia,Araguanã,170215
TO,Região de Saúde do Médio Araguaia,Cachoeirinha,170382
TO,Região de Saúde do Médio Araguaia,Piraquê,171720
TO,Região de Saúde do Médio Araguaia,Riachinho,171855
TO,Região de Saúde do Médio Araguaia,Xambioá,172210
TO,Região de Saúde do Sul Angical,Jaú do Tocantins,171150
TO,Região de Saúde do Sul Angical,Palmeirópolis,171575
TO,Região de Saúde do Sul Angical,Peixe,171660
TO,Região de Saúde do Sul Angical,São Salvador do Tocantins,172025
TO,Região de Saúde do Sul Angical,São Valério da Natividade,172049
TO,Região de Saúde Extremo Sudeste,Arraias,170240
TO,Região de Saúde Extremo Sudeste,Aurora do Tocantins,170270
TO,Região de Saúde Extremo Sudeste,Combinado,170555
TO,Região de Saúde Extremo Sudeste,Conceição do Tocantins,170560
TO,Região de Saúde Extremo Sudeste,Lavandeira,171215
TO,Região de Saúde Extremo Sudeste,Novo Alegre,171515
TO,Região de Saúde Extremo Sudeste,Paranã,171620
TO,Região de Saúde Médio Norte,Aragominas,170130
TO,Região de Saúde Médio Norte,Araguaína,170210
TO,Região de Saúde Médio Norte,Babaçulândia,170300
TO,Região de Saúde Médio Norte,Barra do Ouro,170307
TO,Região de Saúde Médio Norte,Campos Lindos,170384
TO,Região de Saúde Médio Norte,Carmolândia,170388
TO,Região de Saúde Médio Norte,Filadélfia,170770
TO,Região de Saúde Médio Norte,Goiatins,170900
TO,Região de Saúde Médio Norte,Muricilândia,171395
TO,Região de Saúde Médio Norte,Nova Olinda,171488
TO,Região de Saúde Médio Norte,Pau D'Arco,171630
TO,Região de Saúde Médio Norte,Santa Fé do Araguaia,171886
TO,Região de Saúde Médio Norte,Wanderlândia,172208
TO,Região de Saúde Portal do Bico,Aguiarnópolis,170030
TO,Região de Saúde Portal do Bico,Darcinópolis,170650
TO,Região de Saúde Portal do Bico,Luzinópolis,171245
TO,Região de Saúde Portal do Bico,Nazaré,171430
TO,Região de Saúde Portal do Bico,Palmeiras do Tocantins,171380
TO,Região de Saúde Portal do Bico,Santa Terezinha do Tocantins,172000
TO,Região de Saúde Portal do Bico,Tocantinópolis,172120
TO,Região de Saúde Sudeste,Almas,170040
TO,Região de Saúde Sudeste,Dianópolis,170700
TO,Região de Saúde Sudeste,Novo Jardim,171525
TO,Região de Saúde Sudeste,Ponte Alta do Bom Jesus,171780
TO,Região de Saúde Sudeste,Porto Alegre do Tocantins,171800
TO,Região de Saúde Sudeste,Rio da Conceição,171865
TO,Região de Saúde Sudeste,Taguatinga,172090
TO,Região de Saúde Sudeste,Taipas do Tocantins,172093