co_regiao_pais,regiao_pais,co_uf,estado_abrev,uf,cod_macrorregiao_de_saude,macrorregiao_de_saude,regional_id,regional_nome,municipio_id_sdv,no_municipio,populacao_ibge_2022
1,Norte,12,AC,Acre,1201,MACRO UNICA - AC,12002,Baixo Acre e Purus,120001,AC - ACRELANDIA,14021
1,Norte,12,AC,Acre,1201,MACRO UNICA - AC,12001,Alto Acre,120005,AC - ASSIS BRASIL,8100
1,Norte,12,AC,Acre,1201,MACRO UNICA - AC,12001,Alto Acre,120010,AC - BRASILEIA,26000
1,Norte,12,AC,Acre,1201,MACRO UNICA - AC,12002,Baixo Acre e Purus,120013,AC - BUJARI,12917
1,Norte,12,AC,Acre,1201,MACRO UNICA - AC,12002,Baixo Acre e Purus,120017,AC - CAPIXABA,10392
1,Norte,12,AC,Acre,1201,MACRO UNICA - AC,12003,Jurua e Tarauaca/Envira,120020,AC - CRUZEIRO DO SUL,91888
1,Norte,12,AC,Acre,1201,MACRO UNICA - AC,12001,Alto Acre,120025,AC - EPITACIOLANDIA,18757
1,Norte,12,AC,Acre,1201,MACRO UNICA - AC,12003,Jurua e Tarauaca/Envira,120030,AC - FEIJO,35426
1,Norte,12,AC,Acre,1201,MACRO UNICA - AC,12002,Baixo Acre e Purus,120032,AC - JORDAO,9222
1,Norte,12,AC,Acre,1201,MACRO UNICA - AC,12003,Jurua e Tarauaca/Envira,120033,AC - MANCIO LIMA,19294
1,Norte,12,AC,Acre,1201,MACRO UNICA - AC,12002,Baixo Acre e Purus,120034,AC - MANOEL URBANO,11996
1,Norte,12,AC,Acre,1201,MACRO UNICA - AC,12003,Jurua e Tarauaca/Envira,120035,AC - MARECHAL THAUMATURGO,17093
1,Norte,12,AC,Acre,1201,MACRO UNICA - AC,12002,Baixo Acre e Purus,120038,AC - PLACIDO DE CASTRO,16560
1,Norte,12,AC,Acre,1201,MACRO UNICA - AC,12002,Baixo Acre e Purus,120080,AC - PORTO ACRE,16693
1,Norte,12,AC,Acre,1201,MACRO UNICA - AC,12003,Jurua e Tarauaca/Envira,120039,AC - PORTO WALTER,10735
1,Norte,12,AC,Acre,1201,MACRO UNICA - AC,12002,Baixo Acre e Purus,120040,AC - RIO BRANCO,364756
1,Norte,12,AC,Acre,1201,MACRO UNICA - AC,12003,Jurua e Tarauaca/Envira,120042,AC - RODRIGUES ALVES,14938
1,Norte,12,AC,Acre,1201,MACRO UNICA - AC,12002,Baixo Acre e Purus,120043,AC - SANTA ROSA DO PURUS,6723
1,Norte,12,AC,Acre,1201,MACRO UNICA - AC,12002,Baixo Acre e Purus,120050,AC - SENA MADUREIRA,41343
1,Norte,12,AC,Acre,1201,MACRO UNICA - AC,12002,Baixo Acre e Purus,120045,AC - SENADOR GUIOMARD,21454
1,Norte,12,AC,Acre,1201,MACRO UNICA - AC,12003,Jurua e Tarauaca/Envira,120060,AC - TARAUACA,43467
1,Norte,12,AC,Acre,1201,MACRO UNICA - AC,12001,Alto Acre,120070,AC - XAPURI,18243
2,Nordeste,27,AL,Alagoas,2703,2ª MACRORREGIAO DE SAUDE,27010,10ª Regiao de Saude,270010,AL - AGUA BRANCA,19174
2,Nordeste,27,AL,Alagoas,2704,1ª MACRORREGIAO DE SAUDE,27005,5ª Regiao de Saude,270020,AL - ANADIA,13966
2,Nordeste,27,AL,Alagoas,2703,2ª MACRORREGIAO DE SAUDE,27007,7ª Regiao de Saude,270030,AL - ARAPIRACA,234696
2,Nordeste,27,AL,Alagoas,2704,1ª MACRORREGIAO DE SAUDE,27004,4ª Regiao de Saude,270040,AL - ATALAIA,37512
2,Nordeste,27,AL,Alagoas,2704,1ª MACRORREGIAO DE SAUDE,27001,1ª Regiao de Saude,270050,AL - BARRA DE SANTO ANTONIO,16365
2,Nordeste,27,AL,Alagoas,2704,1ª MACRORREGIAO DE SAUDE,27001,1ª Regiao de Saude,270060,AL - BARRA DE SAO MIGUEL,7944
2,Nordeste,27,AL,Alagoas,2703,2ª MACRORREGIAO DE SAUDE,27007,7ª Regiao de Saude,270070,AL - BATALHA,16774
2,Nordeste,27,AL,Alagoas,2703,2ª MACRORREGIAO DE SAUDE,27008,8ª Regiao de Saude,270080,AL - BELEM,4722
2,Nordeste,27,AL,Alagoas,2703,2ª MACRORREGIAO DE SAUDE,27007,7ª Regiao de Saude,270090,AL - BELO MONTE,5787
2,Nordeste,27,AL,Alagoas,2704,1ª MACRORREGIAO DE SAUDE,27005,5ª Regiao de Saude,270100,AL - BOCA DA MATA,21187
2,Nordeste,27,AL,Alagoas,2704,1ª MACRORREGIAO DE SAUDE,27003,3ª Regiao de Saude,270110,AL - BRANQUINHA,9603
2,Nordeste,27,AL,Alagoas,2703,2ª MACRORREGIAO DE SAUDE,27008,8ª Regiao de Saude,270120,AL - CACIMBINHAS,10477
2,Nordeste,27,AL,Alagoas,2704,1ª MACRORREGIAO DE SAUDE,27004,4ª Regiao de Saude,270130,AL - CAJUEIRO,16359
2,Nordeste,27,AL,Alagoas,2704,1ª MACRORREGIAO DE SAUDE,27003,3ª Regiao de Saude,270135,AL - CAMPESTRE,6665
2,Nordeste,27,AL,Alagoas,2704,1ª MACRORREGIAO DE SAUDE,27005,5ª Regiao de Saude,270140,AL - CAMPO ALEGRE,32106
2,Nordeste,27,AL,Alagoas,2703,2ª MACRORREGIAO DE SAUDE,27007,7ª Regiao de Saude,270150,AL - CAMPO GRANDE,8143
2,Nordeste,27,AL,Alagoas,2703,2ª MACRORREGIAO DE SAUDE,27009,9ª Regiao de Saude,270160,AL - CANAPI,15376
2,Nordeste,27,AL,Alagoas,2704,1ª MACRORREGIAO DE SAUDE,27004,4ª Regiao de Saude,270170,AL - CAPELA,14817
2,Nordeste,27,AL,Alagoas,2703,2ª MACRORREGIAO DE SAUDE,27009,9ª Regiao de Saude,270180,AL - CARNEIROS,8999
2,Nordeste,27,AL,Alagoas,2704,1ª MACRORREGIAO DE SAUDE,27004,4ª Regiao de Saude,270190,AL - CHA PRETA,5910
2,Nordeste,27,AL,Alagoas,2703,2ª MACRORREGIAO DE SAUDE,27007,7ª Regiao de Saude,270200,AL - COITE DO NOIA,10810
2,Nordeste,27,AL,Alagoas,2704,1ª MACRORREGIAO DE SAUDE,27003,3ª Regiao de Saude,270210,AL - COLONIA LEOPOLDINA,15717
2,Nordeste,27,AL,Alagoas,2704,1ª MACRORREGIAO DE SAUDE,27001,1ª Regiao de Saude,270220,AL - COQUEIRO SECO,5581
2,Nordeste,27,AL,Alagoas,2704,1ª MACRORREGIAO DE SAUDE,27006,6ª Regiao de Saude,270230,AL - CORURIPE,50414
2,Nordeste,27,AL,Alagoas,2703,2ª MACRORREGIAO DE SAUDE,27007,7ª Regiao de Saude,270235,AL - CRAIBAS,24686
2,Nordeste,27,AL,Alagoas,2703,2ª MACRORREGIAO DE SAUDE,27010,10ª Regiao de Saude,270240,AL - DELMIRO GOUVEIA,51318
2,Nordeste,27,AL,Alagoas,2703,2ª MACRORREGIAO DE SAUDE,27009,9ª Regiao de Saude,270250,AL - DOIS RIACHOS,9721
2,Nordeste,27,AL,Alagoas,2703,2ª MACRORREGIAO DE SAUDE,27008,8ª Regiao de Saude,270255,AL - ESTRELA DE ALAGOAS,15429
2,Nordeste,27,AL,Alagoas,2703,2ª MACRORREGIAO DE SAUDE,27007,7ª Regiao de Saude,270260,AL - FEIRA GRANDE,22712
2,Nordeste,27,AL,Alagoas,2704,1ª MACRORREGIAO DE SAUDE,27006,6ª Regiao de Saude,270270,AL - FELIZ DESERTO,3963
2,Nordeste,27,AL,Alagoas,2704,1ª MACRORREGIAO DE SAUDE,27001,1ª Regiao de Saude,270280,AL - FLEXEIRAS,9618
2,Nordeste,27,AL,Alagoas,2703,2ª MACRORREGIAO DE SAUDE,27007,7ª Regiao de Saude,270290,AL - GIRAU DO PONCIANO,36238
2,Nordeste,27,AL,Alagoas,2704,1ª MACRORREGIAO DE SAUDE,27003,3ª Regiao de Saude,270300,AL - IBATEGUARA,13731
2,Nordeste,27,AL,Alagoas,2703,2ª MACRORREGIAO DE SAUDE,27008,8ª Regiao de Saude,270310,AL - IGACI,24594
2,Nordeste,27,AL,Alagoas,2704,1ª MACRORREGIAO DE SAUDE,27006,6ª Regiao de Saude,270320,AL - IGREJA NOVA,21721
2,Nordeste,27,AL,Alagoas,2703,2ª MACRORREGIAO DE SAUDE,27010,10ª Regiao de Saude,270330,AL - INHAPI,15167
2,Nordeste,27,AL,Alagoas,2703,2ª MACRORREGIAO DE SAUDE,27007,7ª Regiao de Saude,270340,AL - JACARE DOS HOMENS,5083
2,Nordeste,27,AL,Alagoas,2704,1ª MACRORREGIAO DE SAUDE,27002,2ª Regiao de Saude,270350,AL - JACUIPE,5352
2,Nordeste,27,AL,Alagoas,2704,1ª MACRORREGIAO DE SAUDE,27002,2ª Regiao de Saude,270360,AL - JAPARATINGA,9219
2,Nordeste,27,AL,Alagoas,2703,2ª MACRORREGIAO DE SAUDE,27007,7ª Regiao de Saude,270370,AL - JARAMATAIA,4985
2,Nordeste,27,AL,Alagoas,2704,1ª MACRORREGIAO DE SAUDE,27006,6ª Regiao de Saude,270375,AL - JEQUIA DA PRAIA,9470
2,Nordeste,27,AL,Alagoas,2704,1ª MACRORREGIAO DE SAUDE,27003,3ª Regiao de Saude,270380,AL - JOAQUIM GOMES,17150
2,Nordeste,27,AL,Alagoas,2704,1ª MACRORREGIAO DE SAUDE,27003,3ª Regiao de Saude,270390,AL - JUNDIA,4092
2,Nordeste,27,AL,Alagoas,2704,1ª MACRORREGIAO DE SAUDE,27005,5ª Regiao de Saude,270400,AL - JUNQUEIRO,23907
2,Nordeste,27,AL,Alagoas,2703,2ª MACRORREGIAO DE SAUDE,27007,7ª Regiao de Saude,270410,AL - LAGOA DA CANOA,18457
2,Nordeste,27,AL,Alagoas,2703,2ª MACRORREGIAO DE SAUDE,27007,7ª Regiao de Saude,270420,AL - LIMOEIRO DE ANADIA,24740
2,Nordeste,27,AL,Alagoas,2704,1ª MACRORREGIAO DE SAUDE,27001,1ª Regiao de Saude,270430,AL - MACEIO,957916
2,Nordeste,27,AL,Alagoas,2703,2ª MACRORREGIAO DE SAUDE,27007,7ª Regiao de Saude,270440,AL - MAJOR ISIDORO,17503
2,Nordeste,27,AL,Alagoas,2704,1ª MACRORREGIAO DE SAUDE,27004,4ª Regiao de Saude,270490,AL - MAR VERMELHO,3155
2,Nordeste,27,AL,Alagoas,2704,1ª MACRORREGIAO DE SAUDE,27002,2ª Regiao de Saude,270450,AL - MARAGOGI,32174
2,Nordeste,27,AL,Alagoas,2703,2ª MACRORREGIAO DE SAUDE,27009,9ª Regiao de Saude,270460,AL - MARAVILHA,9534
2,Nordeste,27,AL,Alagoas,2704,1ª MACRORREGIAO DE SAUDE,27001,1ª Regiao de Saude,270470,AL - MARECHAL DEODORO,60370
2,Nordeste,27,AL,Alagoas,2703,2ª MACRORREGIAO DE SAUDE,27008,8ª Regiao de Saude,270480,AL - MARIBONDO,13679
2,Nordeste,27,AL,Alagoas,2703,2ª MACRORREGIAO DE SAUDE,27010,10ª Regiao de Saude,270500,AL - MATA GRANDE,21861
2,Nordeste,27,AL,Alagoas,2704,1ª MACRORREGIAO DE SAUDE,27002,2ª Regiao de Saude,270510,AL - MATRIZ DE CAMARAGIBE,23857
2,Nordeste,27,AL,Alagoas,2704,1ª MACRORREGIAO DE SAUDE,27001,1ª Regiao de Saude,270520,AL - MESSIAS,15405
2,Nordeste,27,AL,Alagoas,2703,2ª MACRORREGIAO DE SAUDE,27008,8ª Regiao de Saude,270530,AL - MINADOR DO NEGRAO,4845
2,Nordeste,27,AL,Alagoas,2703,2ª MACRORREGIAO DE SAUDE,27009,9ª Regiao de Saude,270540,AL - MONTEIROPOLIS,7184
2,Nordeste,27,AL,Alagoas,2704,1ª MACRORREGIAO DE SAUDE,27003,3ª Regiao de Saude,270550,AL - MURICI,25187
2,Nordeste,27,AL,Alagoas,2704,1ª MACRORREGIAO DE SAUDE,27003,3ª Regiao de Saude,270560,AL - NOVO LINO,10119
2,Nordeste,27,AL,Alagoas,2703,2ª MACRORREGIAO DE SAUDE,27009,9ª Regiao de Saude,270570,AL - OLHO D'AGUA DAS FLORES,20715
2,Nordeste,27,AL,Alagoas,2703,2ª MACRORREGIAO DE SAUDE,27010,10ª Regiao de Saude,270580,AL - OLHO D'AGUA DO CASADO,8349
2,Nordeste,27,AL,Alagoas,2703,2ª MACRORREGIAO DE SAUDE,27007,7ª Regiao de Saude,270590,AL - OLHO D'AGUA GRANDE,4306
2,Nordeste,27,AL,Alagoas,2703,2ª MACRORREGIAO DE SAUDE,27009,9ª Regiao de Saude,270600,AL - OLIVENCA,10824
2,Nordeste,27,AL,Alagoas,2703,2ª MACRORREGIAO DE SAUDE,27009,9ª Regiao de Saude,270610,AL - OURO BRANCO,11446
2,Nordeste,27,AL,Alagoas,2703,2ª MACRORREGIAO DE SAUDE,27009,9ª Regiao de Saude,270620,AL - PALESTINA,4325
2,Nordeste,27,AL,Alagoas,2703,2ª MACRORREGIAO DE SAUDE,27008,8ª Regiao de Saude,270630,AL - PALMEIRA DOS INDIOS,71574
2,Nordeste,27,AL,Alagoas,2703,2ª MACRORREGIAO DE SAUDE,27009,9ª Regiao de Saude,270640,AL - PAO DE ACUCAR,23823
2,Nordeste,27,AL,Alagoas,2703,2ª MACRORREGIAO DE SAUDE,27010,10ª Regiao de Saude,270642,AL - PARICONHA,10573
2,Nordeste,27,AL,Alagoas,2704,1ª MACRORREGIAO DE SAUDE,27001,1ª Regiao de Saude,270644,AL - PARIPUEIRA,13835
2,Nordeste,27,AL,Alagoas,2704,1ª MACRORREGIAO DE SAUDE,27002,2ª Regiao de Saude,270650,AL - PASSO DE CAMARAGIBE,13804
2,Nordeste,27,AL,Alagoas,2704,1ª MACRORREGIAO DE SAUDE,27004,4ª Regiao de Saude,270660,AL - PAULO JACINTO,6576
2,Nordeste,27,AL,Alagoas,2704,1ª MACRORREGIAO DE SAUDE,27006,6ª Regiao de Saude,270670,AL - PENEDO,58593
2,Nordeste,27,AL,Alagoas,2704,1ª MACRORREGIAO DE SAUDE,27006,6ª Regiao de Saude,270680,AL - PIACABUCU,15908
2,Nordeste,27,AL,Alagoas,2704,1ª MACRORREGIAO DE SAUDE,27001,1ª Regiao de Saude,270690,AL - PILAR,35370
2,Nordeste,27,AL,Alagoas,2704,1ª MACRORREGIAO DE SAUDE,27004,4ª Regiao de Saude,270700,AL - PINDOBA,2731
2,Nordeste,27,AL,Alagoas,2703,2ª MACRORREGIAO DE SAUDE,27010,10ª Regiao de Saude,270710,AL - PIRANHAS,22609
2,Nordeste,27,AL,Alagoas,2703,2ª MACRORREGIAO DE SAUDE,27009,9ª Regiao de Saude,270720,AL - POCO DAS TRINCHEIRAS,12728
2,Nordeste,27,AL,Alagoas,2704,1ª MACRORREGIAO DE SAUDE,27002,2ª Regiao de Saude,270730,AL - PORTO CALVO,24071
2,Nordeste,27,AL,Alagoas,2704,1ª MACRORREGIAO DE SAUDE,27002,2ª Regiao de Saude,270740,AL - PORTO DE PEDRAS,9295
2,Nordeste,27,AL,Alagoas,2704,1ª MACRORREGIAO DE SAUDE,27006,6ª Regiao de Saude,270750,AL - PORTO REAL DO COLEGIO,19846
2,Nordeste,27,AL,Alagoas,2704,1ª MACRORREGIAO DE SAUDE,27004,4ª Regiao de Saude,270760,AL - QUEBRANGULO,11080
2,Nordeste,27,AL,Alagoas,2704,1ª MACRORREGIAO DE SAUDE,27001,1ª Regiao de Saude,270770,AL - RIO LARGO,93927
2,Nordeste,27,AL,Alagoas,2704,1ª MACRORREGIAO DE SAUDE,27005,5ª Regiao de Saude,270780,AL - ROTEIRO,6474
2,Nordeste,27,AL,Alagoas,2704,1ª MACRORREGIAO DE SAUDE,27001,1ª Regiao de Saude,270790,AL - SANTA LUZIA DO NORTE,6919
2,Nordeste,27,AL,Alagoas,2703,2ª MACRORREGIAO DE SAUDE,27009,9ª Regiao de Saude,270800,AL - SANTANA DO IPANEMA,46087
2,Nordeste,27,AL,Alagoas,2704,1ª MACRORREGIAO DE SAUDE,27003,3ª Regiao de Saude,270810,AL - SANTANA DO MUNDAU,11323
2,Nordeste,27,AL,Alagoas,2704,1ª MACRORREGIAO DE SAUDE,27006,6ª Regiao de Saude,270820,AL - SAO BRAS,6425
2,Nordeste,27,AL,Alagoas,2704,1ª MACRORREGIAO DE SAUDE,27003,3ª Regiao de Saude,270830,AL - SAO JOSE DA LAJE,20813
2,Nordeste,27,AL,Alagoas,2703,2ª MACRORREGIAO DE SAUDE,27009,9ª Regiao de Saude,270840,AL - SAO JOSE DA TAPERA,30604
2,Nordeste,27,AL,Alagoas,2704,1ª MACRORREGIAO DE SAUDE,27002,2ª Regiao de Saude,270850,AL - SAO LUIS DO QUITUNDE,30873
2,Nordeste,27,AL,Alagoas,2704,1ª MACRORREGIAO DE SAUDE,27005,5ª Regiao de Saude,270860,AL - SAO MIGUEL DOS CAMPOS,51990
2,Nordeste,27,AL,Alagoas,2704,1ª MACRORREGIAO DE SAUDE,27002,2ª Regiao de Saude,270870,AL - SAO MIGUEL DOS MILAGRES,8482
2,Nordeste,27,AL,Alagoas,2703,2ª MACRORREGIAO DE SAUDE,27007,7ª Regiao de Saude,270880,AL - SAO SEBASTIAO,31730
2,Nordeste,27,AL,Alagoas,2704,1ª MACRORREGIAO DE SAUDE,27001,1ª Regiao de Saude,270890,AL - SATUBA,24278
2,Nordeste,27,AL,Alagoas,2703,2ª MACRORREGIAO DE SAUDE,27009,9ª Regiao de Saude,270895,AL - SENADOR RUI PALMEIRA,12303
2,Nordeste,27,AL,Alagoas,2703,2ª MACRORREGIAO DE SAUDE,27008,8ª Regiao de Saude,270900,AL - TANQUE D'ARCA,5796
2,Nordeste,27,AL,Alagoas,2703,2ª MACRORREGIAO DE SAUDE,27007,7ª Regiao de Saude,270910,AL - TAQUARANA,19032
2,Nordeste,27,AL,Alagoas,2704,1ª MACRORREGIAO DE SAUDE,27005,5ª Regiao de Saude,270915,AL - TEOTONIO VILELA,38053
2,Nordeste,27,AL,Alagoas,2703,2ª MACRORREGIAO DE SAUDE,27007,7ª Regiao de Saude,270920,AL - TRAIPU,23695
2,Nordeste,27,AL,Alagoas,2704,1ª MACRORREGIAO DE SAUDE,27003,3ª Regiao de Saude,270930,AL - UNIAO DOS PALMARES,59280
2,Nordeste,27,AL,Alagoas,2704,1ª MACRORREGIAO DE SAUDE,27004,4ª Regiao de Saude,270940,AL - VICOSA,23972
1,Norte,13,AM,Amazonas,1302,OESTE,13008,Triangulo,130002,AM - ALVARAES,15866
1,Norte,13,AM,Amazonas,1302,OESTE,13009,Alto Solimoes,130006,AM - AMATURA,10819
1,Norte,13,AM,Amazonas,1304,CENTRAL,13002,Rio Negro e Solimoes,130008,AM - ANAMA,9962
1,Norte,13,AM,Amazonas,1304,CENTRAL,13002,Rio Negro e Solimoes,130010,AM - ANORI,17194
1,Norte,13,AM,Amazonas,1303,LESTE,13003,Rio Madeira,130014,AM - APUI,20647
1,Norte,13,AM,Amazonas,1302,OESTE,13009,Alto Solimoes,130020,AM - ATALAIA DO NORTE,15314
1,Norte,13,AM,Amazonas,1304,CENTRAL,13001,"Manaus, Entorno e Alto Rio Negro",130030,AM - AUTAZES,41564
1,Norte,13,AM,Amazonas,1304,CENTRAL,13001,"Manaus, Entorno e Alto Rio Negro",130040,AM - BARCELOS,18834
1,Norte,13,AM,Amazonas,1303,LESTE,13005,Baixo Amazonas,130050,AM - BARREIRINHA,31051
1,Norte,13,AM,Amazonas,1302,OESTE,13009,Alto Solimoes,130060,AM - BENJAMIN CONSTANT,37648
1,Norte,13,AM,Amazonas,1304,CENTRAL,13002,Rio Negro e Solimoes,130063,AM - BERURI,20718
1,Norte,13,AM,Amazonas,1303,LESTE,13005,Baixo Amazonas,130068,AM - BOA VISTA DO RAMOS,23785
1,Norte,13,AM,Amazonas,1304,CENTRAL,13006,Regional Purus,130070,AM - BOCA DO ACRE,35447
1,Norte,13,AM,Amazonas,1303,LESTE,13003,Rio Madeira,130080,AM - BORBA,33080
1,Norte,13,AM,Amazonas,1304,CENTRAL,13002,Rio Negro e Solimoes,130083,AM - CAAPIRANGA,13469
1,Norte,13,AM,Amazonas,1304,CENTRAL,13006,Regional Purus,130090,AM - CANUTAMA,16869
1,Norte,13,AM,Amazonas,1302,OESTE,13007,Regional Jurua,130100,AM - CARAUARI,28742
1,Norte,13,AM,Amazonas,1304,CENTRAL,13001,"Manaus, Entorno e Alto Rio Negro",130110,AM - CAREIRO,30792
1,Norte,13,AM,Amazonas,1304,CENTRAL,13001,"Manaus, Entorno e Alto Rio Negro",130115,AM - CAREIRO DA VARZEA,19637
1,Norte,13,AM,Amazonas,1304,CENTRAL,13002,Rio Negro e Solimoes,130120,AM - COARI,70616
1,Norte,13,AM,Amazonas,1304,CENTRAL,13002,Rio Negro e Solimoes,130130,AM - CODAJAS,23549
1,Norte,13,AM,Amazonas,1302,OESTE,13007,Regional Jurua,130140,AM - EIRUNEPE,33170
1,Norte,13,AM,Amazonas,1302,OESTE,13007,Regional Jurua,130150,AM - ENVIRA,17186
1,Norte,13,AM,Amazonas,1302,OESTE,13009,Alto Solimoes,130160,AM - FONTE BOA,25871
1,Norte,13,AM,Amazonas,1302,OESTE,13007,Regional Jurua,130165,AM - GUAJARA,13815
1,Norte,13,AM,Amazonas,1303,LESTE,13003,Rio Madeira,130170,AM - HUMAITA,57473
1,Norte,13,AM,Amazonas,1302,OESTE,13007,Regional Jurua,130180,AM - IPIXUNA,24311
1,Norte,13,AM,Amazonas,1304,CENTRAL,13001,"Manaus, Entorno e Alto Rio Negro",130185,AM - IRANDUBA,61163
1,Norte,13,AM,Amazonas,1303,LESTE,13004,Medio Amazonas,130190,AM - ITACOATIARA,103598
1,Norte,13,AM,Amazonas,1302,OESTE,13007,Regional Jurua,130195,AM - ITAMARATI,10937
1,Norte,13,AM,Amazonas,1303,LESTE,13004,Medio Amazonas,130200,AM - ITAPIRANGA,10162
1,Norte,13,AM,Amazonas,1302,OESTE,13008,Triangulo,130210,AM - JAPURA,8858
1,Norte,13,AM,Amazonas,1302,OESTE,13008,Triangulo,130220,AM - JURUA,10742
1,Norte,13,AM,Amazonas,1302,OESTE,13009,Alto Solimoes,130230,AM - JUTAI,25172
1,Norte,13,AM,Amazonas,1304,CENTRAL,13006,Regional Purus,130240,AM - LABREA,45448
1,Norte,13,AM,Amazonas,1304,CENTRAL,13002,Rio Negro e Solimoes,130250,AM - MANACAPURU,101883
1,Norte,13,AM,Amazonas,1304,CENTRAL,13001,"Manaus, Entorno e Alto Rio Negro",130255,AM - MANAQUIRI,17107
1,Norte,13,AM,Amazonas,1304,CENTRAL,13001,"Manaus, Entorno e Alto Rio Negro",130260,AM - MANAUS,2063689
1,Norte,13,AM,Amazonas,1303,LESTE,13003,Rio Madeira,130270,AM - MANICORE,53914
1,Norte,13,AM,Amazonas,1302,OESTE,13008,Triangulo,130280,AM - MARAA,15529
1,Norte,13,AM,Amazonas,1303,LESTE,13005,Baixo Amazonas,130290,AM - MAUES,61204
1,Norte,13,AM,Amazonas,1303,LESTE,13005,Baixo Amazonas,130300,AM - NHAMUNDA,20136
1,Norte,13,AM,Amazonas,1304,CENTRAL,13001,"Manaus, Entorno e Alto Rio Negro",130310,AM - NOVA OLINDA DO NORTE,27062
1,Norte,13,AM,Amazonas,1304,CENTRAL,13002,Rio Negro e Solimoes,130320,AM - NOVO AIRAO,15761
1,Norte,13,AM,Amazonas,1303,LESTE,13003,Rio Madeira,130330,AM - NOVO ARIPUANA,23818
1,Norte,13,AM,Amazonas,1303,LESTE,13005,Baixo Amazonas,130340,AM - PARINTINS,96372
1,Norte,13,AM,Amazonas,1304,CENTRAL,13006,Regional Purus,130350,AM - PAUINI,19373
1,Norte,13,AM,Amazonas,1304,CENTRAL,13001,"Manaus, Entorno e Alto Rio Negro",130353,AM - PRESIDENTE FIGUEIREDO,30668
1,Norte,13,AM,Amazonas,1304,CENTRAL,13001,"Manaus, Entorno e Alto Rio Negro",130356,AM - RIO PRETO DA EVA,24936
1,Norte,13,AM,Amazonas,1304,CENTRAL,13001,"Manaus, Entorno e Alto Rio Negro",130360,AM - SANTA ISABEL DO RIO NEGRO,14164
1,Norte,13,AM,Amazonas,1302,OESTE,13009,Alto Solimoes,130370,AM - SANTO ANTONIO DO ICA,28211
1,Norte,13,AM,Amazonas,1304,CENTRAL,13001,"Manaus, Entorno e Alto Rio Negro",130380,AM - SAO GABRIEL DA CACHOEIRA,51795
1,Norte,13,AM,Amazonas,1302,OESTE,13009,Alto Solimoes,130390,AM - SAO PAULO DE OLIVENCA,32967
1,Norte,13,AM,Amazonas,1303,LESTE,13004,Medio Amazonas,130395,AM - SAO SEBASTIAO DO UATUMA,11670
1,Norte,13,AM,Amazonas,1303,LESTE,13004,Medio Amazonas,130400,AM - SILVES,11559
1,Norte,13,AM,Amazonas,1302,OESTE,13009,Alto Solimoes,130406,AM - TABATINGA,66764
1,Norte,13,AM,Amazonas,1304,CENTRAL,13006,Regional Purus,130410,AM - TAPAUA,19599
1,Norte,13,AM,Amazonas,1302,OESTE,13008,Triangulo,130420,AM - TEFE,73669
1,Norte,13,AM,Amazonas,1302,OESTE,13009,Alto Solimoes,130423,AM - TONANTINS,19247
1,Norte,13,AM,Amazonas,1302,OESTE,13008,Triangulo,130426,AM - UARINI,14431
1,Norte,13,AM,Amazonas,1303,LESTE,13004,Medio Amazonas,130430,AM - URUCARA,18631
1,Norte,13,AM,Amazonas,1303,LESTE,13004,Medio Amazonas,130440,AM - URUCURITUBA,23945
1,Norte,16,AP,Amapá,1601,MACRO UNICA - AP,16002,Area Norte,160010,AP - AMAPA,7943
1,Norte,16,AP,Amapá,1601,MACRO UNICA - AP,16002,Area Norte,160020,AP - CALCOENE,10612
1,Norte,16,AP,Amapá,1601,MACRO UNICA - AP,16001,Area Central,160021,AP - CUTIAS,4461
1,Norte,16,AP,Amapá,1601,MACRO UNICA - AP,16001,Area Central,160023,AP - FERREIRA GOMES,6666
1,Norte,16,AP,Amapá,1601,MACRO UNICA - AP,16001,Area Central,160025,AP - ITAUBAL,5599
1,Norte,16,AP,Amapá,1601,MACRO UNICA - AP,16003,Area Sudoeste,160027,AP - LARANJAL DO JARI,35114
1,Norte,16,AP,Amapá,1601,MACRO UNICA - AP,16001,Area Central,160030,AP - MACAPA,442933
1,Norte,16,AP,Amapá,1601,MACRO UNICA - AP,16003,Area Sudoeste,160040,AP - MAZAGAO,21924
1,Norte,16,AP,Amapá,1601,MACRO UNICA - AP,16002,Area Norte,160050,AP - OIAPOQUE,27482
1,Norte,16,AP,Amapá,1601,MACRO UNICA - AP,16001,Area Central,160015,AP - PEDRA BRANCA DO AMAPARI,12847
1,Norte,16,AP,Amapá,1601,MACRO UNICA - AP,16001,Area Central,160053,AP - PORTO GRANDE,17848
1,Norte,16,AP,Amapá,1601,MACRO UNICA - AP,16002,Area Norte,160055,AP - PRACUUBA,3803
1,Norte,16,AP,Amapá,1601,MACRO UNICA - AP,16003,Area Sudoeste,160060,AP - SANTANA,107618
1,Norte,16,AP,Amapá,1601,MACRO UNICA - AP,16001,Area Central,160005,AP - SERRA DO NAVIO,4673
1,Norte,16,AP,Amapá,1601,MACRO UNICA - AP,16002,Area Norte,160070,AP - TARTARUGALZINHO,12945
1,Norte,16,AP,Amapá,1601,MACRO UNICA - AP,16003,Area Sudoeste,160080,AP - VITORIA DO JARI,11291
2,Nordeste,29,BA,Bahia,2917,CENTRO-LESTE (NRS - FEIRA SANTANA),29023,Seabra,290010,BA - ABAIRA,7301
2,Nordeste,29,BA,Bahia,2913,NORTE - (NRS - JUAZEIRO),29017,Paulo Afonso,290020,BA - ABARE,17639
2,Nordeste,29,BA,Bahia,2914,NORDESTE (NRS - ALAGOINHAS),29001,Alagoinhas,290030,BA - ACAJUTIBA,13795
2,Nordeste,29,BA,Bahia,2914,NORDESTE (NRS - ALAGOINHAS),29019,Ribeira do Pombal,290035,BA - ADUSTINA,14201
2,Nordeste,29,BA,Bahia,2917,CENTRO-LESTE (NRS - FEIRA SANTANA),29025,Serrinha,290040,BA - AGUA FRIA,14497
2,Nordeste,29,BA,Bahia,2910,SUL (NBS - ILHEUS),29015,Jequie,290060,BA - AIQUARA,4447
2,Nordeste,29,BA,Bahia,2914,NORDESTE (NRS - ALAGOINHAS),29001,Alagoinhas,290070,BA - ALAGOINHAS,151055
2,Nordeste,29,BA,Bahia,2916,EXTREMO SUL (NRS - TEIXEIRA FREITAS),29026,Teixeira de Freitas,290080,BA - ALCOBACA,24530
2,Nordeste,29,BA,Bahia,2910,SUL (NBS - ILHEUS),29012,Itabuna,290090,BA - ALMADINA,5218
2,Nordeste,29,BA,Bahia,2915,LESTE - (NRS - SALVADOR),29022,Santo Antonio de Jesus,290100,BA - AMARGOSA,36521
2,Nordeste,29,BA,Bahia,2917,CENTRO-LESTE (NRS - FEIRA SANTANA),29006,Feira de Santana,290110,BA - AMELIA RODRIGUES,24138
2,Nordeste,29,BA,Bahia,2918,CENTRO - NORTE (NRS - JACOBINA),29010,Irece,290115,BA - AMERICA DOURADA,15137
2,Nordeste,29,BA,Bahia,2911,SUDOESTE (NBS - VITORIA CONQUISTA),29028,Vitoria da Conquista,290120,BA - ANAGE,25438
2,Nordeste,29,BA,Bahia,2917,CENTRO-LESTE (NRS - FEIRA SANTANA),29011,Itaberaba,290130,BA - ANDARAI,13080
2,Nordeste,29,BA,Bahia,2913,NORTE - (NRS - JUAZEIRO),29024,Senhor do Bonfim,290135,BA - ANDORINHA,15012
2,Nordeste,29,BA,Bahia,2912,OESTE (NBS - BARREIRAS),29002,Barreiras,290140,BA - ANGICAL,13732
2,Nordeste,29,BA,Bahia,2917,CENTRO-LESTE (NRS - FEIRA SANTANA),29006,Feira de Santana,290150,BA - ANGUERA,11031
2,Nordeste,29,BA,Bahia,2914,NORDESTE (NRS - ALAGOINHAS),29019,Ribeira do Pombal,290160,BA - ANTAS,14752
2,Nordeste,29,BA,Bahia,2917,CENTRO-LESTE (NRS - FEIRA SANTANA),29006,Feira de Santana,290170,BA - ANTONIO CARDOSO,11146
2,Nordeste,29,BA,Bahia,2913,NORTE - (NRS - JUAZEIRO),29024,Senhor do Bonfim,290180,BA - ANTONIO GONCALVES,10862
2,Nordeste,29,BA,Bahia,2914,NORDESTE (NRS - ALAGOINHAS),29001,Alagoinhas,290190,BA - APORA,15922
2,Nordeste,29,BA,Bahia,2910,SUL (NBS - ILHEUS),29015,Jequie,290195,BA - APUAREMA,6913
2,Nordeste,29,BA,Bahia,2914,NORDESTE (NRS - ALAGOINHAS),29001,Alagoinhas,290205,BA - ARACAS,11557
2,Nordeste,29,BA,Bahia,2911,SUDOESTE (NBS - VITORIA CONQUISTA),29003,Brumado,290200,BA - ARACATU,13936
2,Nordeste,29,BA,Bahia,2917,CENTRO-LESTE (NRS - FEIRA SANTANA),29025,Serrinha,290210,BA - ARACI,48294
2,Nordeste,29,BA,Bahia,2914,NORDESTE (NRS - ALAGOINHAS),29001,Alagoinhas,290220,BA - ARAMARI,9833
2,Nordeste,29,BA,Bahia,2910,SUL (NBS - ILHEUS),29009,Ilheus,290225,BA - ARATACA,10191
2,Nordeste,29,BA,Bahia,2915,LESTE - (NRS - SALVADOR),29022,Santo Antonio de Jesus,290230,BA - ARATUIPE,8677
2,Nordeste,29,BA,Bahia,2910,SUL (NBS - ILHEUS),29012,Itabuna,290240,BA - AURELINO LEAL,11179
2,Nordeste,29,BA,Bahia,2912,OESTE (NBS - BARREIRAS),29002,Barreiras,290250,BA - BAIANOPOLIS,13614
2,Nordeste,29,BA,Bahia,2917,CENTRO-LESTE (NRS - FEIRA SANTANA),29006,Feira de Santana,290260,BA - BAIXA GRANDE,18220
2,Nordeste,29,BA,Bahia,2914,NORDESTE (NRS - ALAGOINHAS),29019,Ribeira do Pombal,290265,BA - BANZAE,11958
2,Nordeste,29,BA,Bahia,2912,OESTE (NBS - BARREIRAS),29008,Ibotirama,290270,BA - BARRA,51092
2,Nordeste,29,BA,Bahia,2911,SUDOESTE (NBS - VITORIA CONQUISTA),29003,Brumado,290280,BA - BARRA DA ESTIVA,26026
2,Nordeste,29,BA,Bahia,2911,SUDOESTE (NBS - VITORIA CONQUISTA),29028,Vitoria da Conquista,290290,BA - BARRA DO CHOCA,36539
2,Nordeste,29,BA,Bahia,2918,CENTRO - NORTE (NRS - JACOBINA),29010,Irece,290300,BA - BARRA DO MENDES,13836
2,Nordeste,29,BA,Bahia,2910,SUL (NBS - ILHEUS),29015,Jequie,290310,BA - BARRA DO ROCHA,5775
2,Nordeste,29,BA,Bahia,2912,OESTE (NBS - BARREIRAS),29002,Barreiras,290320,BA - BARREIRAS,159734
2,Nordeste,29,BA,Bahia,2918,CENTRO - NORTE (NRS - JACOBINA),29010,Irece,290323,BA - BARRO ALTO,13453
2,Nordeste,29,BA,Bahia,2910,SUL (NBS - ILHEUS),29012,Itabuna,290330,BA - BARRO PRETO,5833
2,Nordeste,29,BA,Bahia,2917,CENTRO-LESTE (NRS - FEIRA SANTANA),29025,Serrinha,290327,BA - BARROCAS,15203
2,Nordeste,29,BA,Bahia,2916,EXTREMO SUL (NRS - TEIXEIRA FREITAS),29018,Porto Seguro,290340,BA - BELMONTE,20121
2,Nordeste,29,BA,Bahia,2911,SUDOESTE (NBS - VITORIA CONQUISTA),29028,Vitoria da Conquista,290350,BA - BELO CAMPO,18412
2,Nordeste,29,BA,Bahia,2917,CENTRO-LESTE (NRS - FEIRA SANTANA),29025,Serrinha,290360,BA - BIRITINGA,15146
2,Nordeste,29,BA,Bahia,2910,SUL (NBS - ILHEUS),29015,Jequie,290370,BA - BOA NOVA,13690
2,Nordeste,29,BA,Bahia,2917,CENTRO-LESTE (NRS - FEIRA SANTANA),29011,Itaberaba,290380,BA - BOA VISTA DO TUPIM,16873
2,Nordeste,29,BA,Bahia,2912,OESTE (NBS - BARREIRAS),29021,Santa Maria da Vitoria,290390,BA - BOM JESUS DA LAPA,65550
2,Nordeste,29,BA,Bahia,2911,SUDOESTE (NBS - VITORIA CONQUISTA),29028,Vitoria da Conquista,290395,BA - BOM JESUS DA SERRA,9730
2,Nordeste,29,BA,Bahia,2917,CENTRO-LESTE (NRS - FEIRA SANTANA),29023,Seabra,290400,BA - BONINAL,13622
2,Nordeste,29,BA,Bahia,2917,CENTRO-LESTE (NRS - FEIRA SANTANA),29011,Itaberaba,290405,BA - BONITO,15844
2,Nordeste,29,BA,Bahia,2911,SUDOESTE (NBS - VITORIA CONQUISTA),29003,Brumado,290410,BA - BOQUIRA,19322
2,Nordeste,29,BA,Bahia,2911,SUDOESTE (NBS - VITORIA CONQUISTA),29007,Guanambi,290420,BA - BOTUPORA,11024
2,Nordeste,29,BA,Bahia,2910,SUL (NBS - ILHEUS),29015,Jequie,290430,BA - BREJOES,12943
2,Nordeste,29,BA,Bahia,2912,OESTE (NBS - BARREIRAS),29002,Barreiras,290440,BA - BREJOLANDIA,9108
2,Nordeste,29,BA,Bahia,2912,OESTE (NBS - BARREIRAS),29008,Ibotirama,290450,BA - BROTAS DE MACAUBAS,11765
2,Nordeste,29,BA,Bahia,2911,SUDOESTE (NBS - VITORIA CONQUISTA),29003,Brumado,290460,BA - BRUMADO,70510
2,Nordeste,29,BA,Bahia,2910,SUL (NBS - ILHEUS),29012,Itabuna,290470,BA - BUERAREMA,14804
2,Nordeste,29,BA,Bahia,2912,OESTE (NBS - BARREIRAS),29008,Ibotirama,290475,BA - BURITIRAMA,19589
2,Nordeste,29,BA,Bahia,2911,SUDOESTE (NBS - VITORIA CONQUISTA),29013,Itapetinga,290480,BA - CAATIBA,6205
2,Nordeste,29,BA,Bahia,2915,LESTE - (NRS - SALVADOR),29005,Cruz das Almas,290485,BA - CABACEIRAS DO PARAGUACU,16559
2,Nordeste,29,BA,Bahia,2915,LESTE - (NRS - SALVADOR),29005,Cruz das Almas,290490,BA - CACHOEIRA,29250
2,Nordeste,29,BA,Bahia,2911,SUDOESTE (NBS - VITORIA CONQUISTA),29007,Guanambi,290500,BA - CACULE,22462
2,Nordeste,29,BA,Bahia,2918,CENTRO - NORTE (NRS - JACOBINA),29014,Jacobina,290510,BA - CAEM,10384
2,Nordeste,29,BA,Bahia,2911,SUDOESTE (NBS - VITORIA CONQUISTA),29028,Vitoria da Conquista,290515,BA - CAETANOS,11266
2,Nordeste,29,BA,Bahia,2911,SUDOESTE (NBS - VITORIA CONQUISTA),29007,Guanambi,290520,BA - CAETITE,52012
2,Nordeste,29,BA,Bahia,2918,CENTRO - NORTE (NRS - JACOBINA),29010,Irece,290530,BA - CAFARNAUM,17466
2,Nordeste,29,BA,Bahia,2910,SUL (NBS - ILHEUS),29027,Valenca,290540,BA - CAIRU,17761
2,Nordeste,29,BA,Bahia,2918,CENTRO - NORTE (NRS - JACOBINA),29014,Jacobina,290550,BA - CALDEIRAO GRANDE,13080
2,Nordeste,29,BA,Bahia,2910,SUL (NBS - ILHEUS),29012,Itabuna,290560,BA - CAMACAN,22579
2,Nordeste,29,BA,Bahia,2915,LESTE - (NRS - SALVADOR),29004,Camacari,290570,BA - CAMACARI,300372
2,Nordeste,29,BA,Bahia,2910,SUL (NBS - ILHEUS),29027,Valenca,290580,BA - CAMAMU,30469
2,Nordeste,29,BA,Bahia,2913,NORTE - (NRS - JUAZEIRO),29016,Juazeiro,290590,BA - CAMPO ALEGRE DE LOURDES,30671
2,Nordeste,29,BA,Bahia,2913,NORTE - (NRS - JUAZEIRO),29024,Senhor do Bonfim,290600,BA - CAMPO FORMOSO,71377
2,Nordeste,29,BA,Bahia,2912,OESTE (NBS - BARREIRAS),29021,Santa Maria da Vitoria,290610,BA - CANAPOLIS,10225
2,Nordeste,29,BA,Bahia,2918,CENTRO - NORTE (NRS - JACOBINA),29010,Irece,290620,BA - CANARANA,24206
2,Nordeste,29,BA,Bahia,2910,SUL (NBS - ILHEUS),29009,Ilheus,290630,BA - CANAVIEIRAS,32683
2,Nordeste,29,BA,Bahia,2917,CENTRO-LESTE (NRS - FEIRA SANTANA),29006,Feira de Santana,290640,BA - CANDEAL,7772
2,Nordeste,29,BA,Bahia,2915,LESTE - (NRS - SALVADOR),29020,Salvador,290650,BA - CANDEIAS,72382
2,Nordeste,29,BA,Bahia,2911,SUDOESTE (NBS - VITORIA CONQUISTA),29007,Guanambi,290660,BA - CANDIBA,13016
2,Nordeste,29,BA,Bahia,2911,SUDOESTE (NBS - VITORIA CONQUISTA),29028,Vitoria da Conquista,290670,BA - CANDIDO SALES,25247
2,Nordeste,29,BA,Bahia,2917,CENTRO-LESTE (NRS - FEIRA SANTANA),29025,Serrinha,290680,BA - CANSANCAO,37439
2,Nordeste,29,BA,Bahia,2913,NORTE - (NRS - JUAZEIRO),29016,Juazeiro,290682,BA - CANUDOS,16105
2,Nordeste,29,BA,Bahia,2917,CENTRO-LESTE (NRS - FEIRA SANTANA),29006,Feira de Santana,290685,BA - CAPELA DO ALTO ALEGRE,10744
2,Nordeste,29,BA,Bahia,2918,CENTRO - NORTE (NRS - JACOBINA),29014,Jacobina,290687,BA - CAPIM GROSSO,33235
2,Nordeste,29,BA,Bahia,2911,SUDOESTE (NBS - VITORIA CONQUISTA),29028,Vitoria da Conquista,290689,BA - CARAIBAS,9940
2,Nordeste,29,BA,Bahia,2916,EXTREMO SUL (NRS - TEIXEIRA FREITAS),29026,Teixeira de Freitas,290690,BA - CARAVELAS,20580
2,Nordeste,29,BA,Bahia,2914,NORDESTE (NRS - ALAGOINHAS),29001,Alagoinhas,290700,BA - CARDEAL DA SILVA,8365
2,Nordeste,29,BA,Bahia,2911,SUDOESTE (NBS - VITORIA CONQUISTA),29007,Guanambi,290710,BA - CARINHANHA,28869
2,Nordeste,29,BA,Bahia,2913,NORTE - (NRS - JUAZEIRO),29016,Juazeiro,290720,BA - CASA NOVA,72086
2,Nordeste,29,BA,Bahia,2915,LESTE - (NRS - SALVADOR),29022,Santo Antonio de Jesus,290730,BA - CASTRO ALVES,24712
2,Nordeste,29,BA,Bahia,2912,OESTE (NBS - BARREIRAS),29002,Barreiras,290740,BA - CATOLANDIA,3434
2,Nordeste,29,BA,Bahia,2914,NORDESTE (NRS - ALAGOINHAS),29001,Alagoinhas,290750,BA - CATU,48148
2,Nordeste,29,BA,Bahia,2911,SUDOESTE (NBS - VITORIA CONQUISTA),29003,Brumado,290755,BA - CATURAMA,8841
2,Nordeste,29,BA,Bahia,2918,CENTRO - NORTE (NRS - JACOBINA),29010,Irece,290760,BA - CENTRAL,16348
2,Nordeste,29,BA,Bahia,2913,NORTE - (NRS - JUAZEIRO),29017,Paulo Afonso,290770,BA - CHORROCHO,10579
2,Nordeste,29,BA,Bahia,2914,NORDESTE (NRS - ALAGOINHAS),29019,Ribeira do Pombal,290780,BA - CICERO DANTAS,30749
2,Nordeste,29,BA,Bahia,2914,NORDESTE (NRS - ALAGOINHAS),29019,Ribeira do Pombal,290790,BA - CIPO,17230
2,Nordeste,29,BA,Bahia,2910,SUL (NBS - ILHEUS),29012,Itabuna,290800,BA - COARACI,17333
2,Nordeste,29,BA,Bahia,2912,OESTE (NBS - BARREIRAS),29021,Santa Maria da Vitoria,290810,BA - COCOS,19151
2,Nordeste,29,BA,Bahia,2915,LESTE - (NRS - SALVADOR),29005,Cruz das Almas,290820,BA - CONCEICAO DA FEIRA,20800
2,Nordeste,29,BA,Bahia,2915,LESTE - (NRS - SALVADOR),29022,Santo Antonio de Jesus,290830,BA - CONCEICAO DO ALMEIDA,15794
2,Nordeste,29,BA,Bahia,2917,CENTRO-LESTE (NRS - FEIRA SANTANA),29025,Serrinha,290840,BA - CONCEICAO DO COITE,67825
2,Nordeste,29,BA,Bahia,2917,CENTRO-LESTE (NRS - FEIRA SANTANA),29006,Feira de Santana,290850,BA - CONCEICAO DO JACUIPE,35308
2,Nordeste,29,BA,Bahia,2915,LESTE - (NRS - SALVADOR),29004,Camacari,290860,BA - CONDE,23654
2,Nordeste,29,BA,Bahia,2911,SUDOESTE (NBS - VITORIA CONQUISTA),29028,Vitoria da Conquista,290870,BA - CONDEUBA,17053
2,Nordeste,29,BA,Bahia,2911,SUDOESTE (NBS - VITORIA CONQUISTA),29003,Brumado,290880,BA - CONTENDAS DO SINCORA,4333
2,Nordeste,29,BA,Bahia,2917,CENTRO-LESTE (NRS - FEIRA SANTANA),29006,Feira de Santana,290890,BA - CORACAO DE MARIA,26692
2,Nordeste,29,BA,Bahia,2911,SUDOESTE (NBS - VITORIA CONQUISTA),29028,Vitoria da Conquista,290900,BA - CORDEIROS,7546
2,Nordeste,29,BA,Bahia,2912,OESTE (NBS - BARREIRAS),29021,Santa Maria da Vitoria,290910,BA - CORIBE,13990
2,Nordeste,29,BA,Bahia,2914,NORDESTE (NRS - ALAGOINHAS),29019,Ribeira do Pombal,290920,BA - CORONEL JOAO SA,17056
2,Nordeste,29,BA,Bahia,2912,OESTE (NBS - BARREIRAS),29021,Santa Maria da Vitoria,290930,BA - CORRENTINA,32457
2,Nordeste,29,BA,Bahia,2912,OESTE (NBS - BARREIRAS),29002,Barreiras,290940,BA - COTEGIPE,13063
2,Nordeste,29,BA,Bahia,2910,SUL (NBS - ILHEUS),29015,Jequie,290950,BA - CRAVOLANDIA,4415
2,Nordeste,29,BA,Bahia,2914,NORDESTE (NRS - ALAGOINHAS),29001,Alagoinhas,290960,BA - CRISOPOLIS,19729
2,Nordeste,29,BA,Bahia,2912,OESTE (NBS - BARREIRAS),29002,Barreiras,290970,BA - CRISTOPOLIS,13993
2,Nordeste,29,BA,Bahia,2915,LESTE - (NRS - SALVADOR),29005,Cruz das Almas,290980,BA - CRUZ DAS ALMAS,60348
2,Nordeste,29,BA,Bahia,2913,NORTE - (NRS - JUAZEIRO),29016,Juazeiro,290990,BA - CURACA,34180
2,Nordeste,29,BA,Bahia,2910,SUL (NBS - ILHEUS),29015,Jequie,291000,BA - DARIO MEIRA,10820
2,Nordeste,29,BA,Bahia,2915,LESTE - (NRS - SALVADOR),29004,Camacari,291005,BA - DIAS D'AVILA,71485
2,Nordeste,29,BA,Bahia,2911,SUDOESTE (NBS - VITORIA CONQUISTA),29003,Brumado,291010,BA - DOM BASILIO,11884
2,Nordeste,29,BA,Bahia,2915,LESTE - (NRS - SALVADOR),29022,Santo Antonio de Jesus,291020,BA - DOM MACEDO COSTA,4407
2,Nordeste,29,BA,Bahia,2915,LESTE - (NRS - SALVADOR),29022,Santo Antonio de Jesus,291030,BA - ELISIO MEDRADO,7808
2,Nordeste,29,BA,Bahia,2911,SUDOESTE (NBS - VITORIA CONQUISTA),29028,Vitoria da Conquista,291040,BA - ENCRUZILHADA,19107
2,Nordeste,29,BA,Bahia,2914,NORDESTE (NRS - ALAGOINHAS),29001,Alagoinhas,291050,BA - ENTRE RIOS,38098
2,Nordeste,29,BA,Bahia,2911,SUDOESTE (NBS - VITORIA CONQUISTA),29003,Brumado,290050,BA - ERICO CARDOSO,10604
2,Nordeste,29,BA,Bahia,2914,NORDESTE (NRS - ALAGOINHAS),29001,Alagoinhas,291060,BA - ESPLANADA,32554
2,Nordeste,29,BA,Bahia,2917,CENTRO-LESTE (NRS - FEIRA SANTANA),29025,Serrinha,291070,BA - EUCLIDES DA CUNHA,61456
2,Nordeste,29,BA,Bahia,2916,EXTREMO SUL (NRS - TEIXEIRA FREITAS),29018,Porto Seguro,291072,BA - EUNAPOLIS,113710
2,Nordeste,29,BA,Bahia,2914,NORDESTE (NRS - ALAGOINHAS),29019,Ribeira do Pombal,291075,BA - FATIMA,17896
2,Nordeste,29,BA,Bahia,2911,SUDOESTE (NBS - VITORIA CONQUISTA),29007,Guanambi,291077,BA - FEIRA DA MATA,5631
2,Nordeste,29,BA,Bahia,2917,CENTRO-LESTE (NRS - FEIRA SANTANA),29006,Feira de Santana,291080,BA - FEIRA DE SANTANA,616272
2,Nordeste,29,BA,Bahia,2913,NORTE - (NRS - JUAZEIRO),29024,Senhor do Bonfim,291085,BA - FILADELFIA,17897
2,Nordeste,29,BA,Bahia,2911,SUDOESTE (NBS - VITORIA CONQUISTA),29013,Itapetinga,291090,BA - FIRMINO ALVES,4873
2,Nordeste,29,BA,Bahia,2910,SUL (NBS - ILHEUS),29012,Itabuna,291100,BA - FLORESTA AZUL,11059
2,Nordeste,29,BA,Bahia,2912,OESTE (NBS - BARREIRAS),29002,Barreiras,291110,BA - FORMOSA DO RIO PRETO,25899
2,Nordeste,29,BA,Bahia,2910,SUL (NBS - ILHEUS),29027,Valenca,291120,BA - GANDU,32178
2,Nordeste,29,BA,Bahia,2917,CENTRO-LESTE (NRS - FEIRA SANTANA),29006,Feira de Santana,291125,BA - GAVIAO,4360
2,Nordeste,29,BA,Bahia,2918,CENTRO - NORTE (NRS - JACOBINA),29010,Irece,291130,BA - GENTIO DO OURO,10884
2,Nordeste,29,BA,Bahia,2913,NORTE - (NRS - JUAZEIRO),29017,Paulo Afonso,291140,BA - GLORIA,15524
2,Nordeste,29,BA,Bahia,2910,SUL (NBS - ILHEUS),29012,Itabuna,291150,BA - GONGOGI,5555
2,Nordeste,29,BA,Bahia,2915,LESTE - (NRS - SALVADOR),29005,Cruz das Almas,291160,BA - GOVERNADOR MANGABEIRA,20605
2,Nordeste,29,BA,Bahia,2911,SUDOESTE (NBS - VITORIA CONQUISTA),29003,Brumado,291165,BA - GUAJERU,8050
2,Nordeste,29,BA,Bahia,2911,SUDOESTE (NBS - VITORIA CONQUISTA),29007,Guanambi,291170,BA - GUANAMBI,87817
2,Nordeste,29,BA,Bahia,2916,EXTREMO SUL (NRS - TEIXEIRA FREITAS),29018,Porto Seguro,291180,BA - GUARATINGA,19049
2,Nordeste,29,BA,Bahia,2914,NORDESTE (NRS - ALAGOINHAS),29019,Ribeira do Pombal,291185,BA - HELIOPOLIS,12687
2,Nordeste,29,BA,Bahia,2917,CENTRO-LESTE (NRS - FEIRA SANTANA),29011,Itaberaba,291190,BA - IACU,24607
2,Nordeste,29,BA,Bahia,2911,SUDOESTE (NBS - VITORIA CONQUISTA),29007,Guanambi,291200,BA - IBIASSUCE,10429
2,Nordeste,29,BA,Bahia,2910,SUL (NBS - ILHEUS),29012,Itabuna,291210,BA - IBICARAI,21665
2,Nordeste,29,BA,Bahia,2911,SUDOESTE (NBS - VITORIA CONQUISTA),29003,Brumado,291220,BA - IBICOARA,20785
2,Nordeste,29,BA,Bahia,2911,SUDOESTE (NBS - VITORIA CONQUISTA),29013,Itapetinga,291230,BA - IBICUI,13934
2,Nordeste,29,BA,Bahia,2918,CENTRO - NORTE (NRS - JACOBINA),29010,Irece,291240,BA - IBIPEBA,16603
2,Nordeste,29,BA,Bahia,2911,SUDOESTE (NBS - VITORIA CONQUISTA),29003,Brumado,291250,BA - IBIPITANGA,13863
2,Nordeste,29,BA,Bahia,2917,CENTRO-LESTE (NRS - FEIRA SANTANA),29011,Itaberaba,291260,BA - IBIQUERA,3725
2,Nordeste,29,BA,Bahia,2910,SUL (NBS - ILHEUS),29012,Itabuna,291270,BA - IBIRAPITANGA,25344
2,Nordeste,29,BA,Bahia,2916,EXTREMO SUL (NRS - TEIXEIRA FREITAS),29026,Teixeira de Freitas,291280,BA - IBIRAPUA,8896
2,Nordeste,29,BA,Bahia,2910,SUL (NBS - ILHEUS),29015,Jequie,291290,BA - IBIRATAIA,18792
2,Nordeste,29,BA,Bahia,2917,CENTRO-LESTE (NRS - FEIRA SANTANA),29023,Seabra,291300,BA - IBITIARA,14637
2,Nordeste,29,BA,Bahia,2918,CENTRO - NORTE (NRS - JACOBINA),29010,Irece,291310,BA - IBITITA,16969
2,Nordeste,29,BA,Bahia,2912,OESTE (NBS - BARREIRAS),29008,Ibotirama,291320,BA - IBOTIRAMA,26309
2,Nordeste,29,BA,Bahia,2917,CENTRO-LESTE (NRS - FEIRA SANTANA),29006,Feira de Santana,291330,BA - ICHU,6190
2,Nordeste,29,BA,Bahia,2911,SUDOESTE (NBS - VITORIA CONQUISTA),29007,Guanambi,291340,BA - IGAPORA,15527
2,Nordeste,29,BA,Bahia,2910,SUL (NBS - ILHEUS),29027,Valenca,291345,BA - IGRAPIUNA,13151
2,Nordeste,29,BA,Bahia,2911,SUDOESTE (NBS - VITORIA CONQUISTA),29013,Itapetinga,291350,BA - IGUAI,21491
2,Nordeste,29,BA,Bahia,2910,SUL (NBS - ILHEUS),29009,Ilheus,291360,BA - ILHEUS,178649
2,Nordeste,29,BA,Bahia,2914,NORDESTE (NRS - ALAGOINHAS),29001,Alagoinhas,291370,BA - INHAMBUPE,33790
2,Nordeste,29,BA,Bahia,2917,CENTRO-LESTE (NRS - FEIRA SANTANA),29006,Feira de Santana,291380,BA - IPECAETA,13709
2,Nordeste,29,BA,Bahia,2910,SUL (NBS - ILHEUS),29015,Jequie,291390,BA - IPIAU,40706
2,Nordeste,29,BA,Bahia,2917,CENTRO-LESTE (NRS - FEIRA SANTANA),29006,Feira de Santana,291400,BA - IPIRA,56876
2,Nordeste,29,BA,Bahia,2912,OESTE (NBS - BARREIRAS),29008,Ibotirama,291410,BA - IPUPIARA,9935
2,Nordeste,29,BA,Bahia,2910,SUL (NBS - ILHEUS),29015,Jequie,291420,BA - IRAJUBA,6101
2,Nordeste,29,BA,Bahia,2910,SUL (NBS - ILHEUS),29015,Jequie,291430,BA - IRAMAIA,10752
2,Nordeste,29,BA,Bahia,2917,CENTRO-LESTE (NRS - FEIRA SANTANA),29023,Seabra,291440,BA - IRAQUARA,23879
2,Nordeste,29,BA,Bahia,2917,CENTRO-LESTE (NRS - FEIRA SANTANA),29006,Feira de Santana,291450,BA - IRARA,28043
2,Nordeste,29,BA,Bahia,2918,CENTRO - NORTE (NRS - JACOBINA),29010,Irece,291460,BA - IRECE,74507
2,Nordeste,29,BA,Bahia,2916,EXTREMO SUL (NRS - TEIXEIRA FREITAS),29018,Porto Seguro,291465,BA - ITABELA,28165
2,Nordeste,29,BA,Bahia,2917,CENTRO-LESTE (NRS - FEIRA SANTANA),29011,Itaberaba,291470,BA - ITABERABA,65073
2,Nordeste,29,BA,Bahia,2910,SUL (NBS - ILHEUS),29012,Itabuna,291480,BA - ITABUNA,186708
2,Nordeste,29,BA,Bahia,2910,SUL (NBS - ILHEUS),29009,Ilheus,291490,BA - ITACARE,27704
2,Nordeste,29,BA,Bahia,2917,CENTRO-LESTE (NRS - FEIRA SANTANA),29011,Itaberaba,291500,BA - ITAETE,13472
2,Nordeste,29,BA,Bahia,2910,SUL (NBS - ILHEUS),29015,Jequie,291510,BA - ITAGI,13803
2,Nordeste,29,BA,Bahia,2910,SUL (NBS - ILHEUS),29015,Jequie,291520,BA - ITAGIBA,15310
2,Nordeste,29,BA,Bahia,2916,EXTREMO SUL (NRS - TEIXEIRA FREITAS),29018,Porto Seguro,291530,BA - ITAGIMIRIM,6347
2,Nordeste,29,BA,Bahia,2918,CENTRO - NORTE (NRS - JACOBINA),29010,Irece,291535,BA - ITAGUACU DA BAHIA,12311
2,Nordeste,29,BA,Bahia,2910,SUL (NBS - ILHEUS),29012,Itabuna,291540,BA - ITAJU DO COLONIA,6037
2,Nordeste,29,BA,Bahia,2910,SUL (NBS - ILHEUS),29012,Itabuna,291550,BA - ITAJUIPE,18781
2,Nordeste,29,BA,Bahia,2916,EXTREMO SUL (NRS - TEIXEIRA FREITAS),29026,Teixeira de Freitas,291560,BA - ITAMARAJU,59605
2,Nordeste,29,BA,Bahia,2910,SUL (NBS - ILHEUS),29015,Jequie,291570,BA - ITAMARI,7051
2,Nordeste,29,BA,Bahia,2911,SUDOESTE (NBS - VITORIA CONQUISTA),29013,Itapetinga,291580,BA - ITAMBE,24394
2,Nordeste,29,BA,Bahia,2914,NORDESTE (NRS - ALAGOINHAS),29001,Alagoinhas,291590,BA - ITANAGRA,5914
2,Nordeste,29,BA,Bahia,2916,EXTREMO SUL (NRS - TEIXEIRA FREITAS),29026,Teixeira de Freitas,291600,BA - ITANHEM,17813
2,Nordeste,29,BA,Bahia,2915,LESTE - (NRS - SALVADOR),29020,Salvador,291610,BA - ITAPARICA,19789
2,Nordeste,29,BA,Bahia,2910,SUL (NBS - ILHEUS),29012,Itabuna,291620,BA - ITAPE,10341
2,Nordeste,29,BA,Bahia,2916,EXTREMO SUL (NRS - TEIXEIRA FREITAS),29018,Porto Seguro,291630,BA - ITAPEBI,9174
2,Nordeste,29,BA,Bahia,2911,SUDOESTE (NBS - VITORIA CONQUISTA),29013,Itapetinga,291640,BA - ITAPETINGA,65897
2,Nordeste,29,BA,Bahia,2914,NORDESTE (NRS - ALAGOINHAS),29001,Alagoinhas,291650,BA - ITAPICURU,31679
2,Nordeste,29,BA,Bahia,2910,SUL (NBS - ILHEUS),29012,Itabuna,291660,BA - ITAPITANGA,10279
2,Nordeste,29,BA,Bahia,2910,SUL (NBS - ILHEUS),29015,Jequie,291670,BA - ITAQUARA,8153
2,Nordeste,29,BA,Bahia,2911,SUDOESTE (NBS - VITORIA CONQUISTA),29013,Itapetinga,291680,BA - ITARANTIM,17052
2,Nordeste,29,BA,Bahia,2915,LESTE - (NRS - SALVADOR),29022,Santo Antonio de Jesus,291685,BA - ITATIM,15737
2,Nordeste,29,BA,Bahia,2910,SUL (NBS - ILHEUS),29015,Jequie,291690,BA - ITIRUCU,10999
2,Nordeste,29,BA,Bahia,2913,NORTE - (NRS - JUAZEIRO),29024,Senhor do Bonfim,291700,BA - ITIUBA,33872
2,Nordeste,29,BA,Bahia,2911,SUDOESTE (NBS - VITORIA CONQUISTA),29013,Itapetinga,291710,BA - ITORORO,16617
2,Nordeste,29,BA,Bahia,2911,SUDOESTE (NBS - VITORIA CONQUISTA),29003,Brumado,291720,BA - ITUACU,17914
2,Nordeste,29,BA,Bahia,2910,SUL (NBS - ILHEUS),29027,Valenca,291730,BA - ITUBERA,21902
2,Nordeste,29,BA,Bahia,2911,SUDOESTE (NBS - VITORIA CONQUISTA),29007,Guanambi,291733,BA - IUIU,11118
2,Nordeste,29,BA,Bahia,2912,OESTE (NBS - BARREIRAS),29021,Santa Maria da Vitoria,291735,BA - JABORANDI,9275
2,Nordeste,29,BA,Bahia,2911,SUDOESTE (NBS - VITORIA CONQUISTA),29007,Guanambi,291740,BA - JACARACI,14436
2,Nordeste,29,BA,Bahia,2918,CENTRO - NORTE (NRS - JACOBINA),29014,Jacobina,291750,BA - JACOBINA,82590
2,Nordeste,29,BA,Bahia,2910,SUL (NBS - ILHEUS),29015,Jequie,291760,BA - JAGUAQUARA,45964
2,Nordeste,29,BA,Bahia,2913,NORTE - (NRS - JUAZEIRO),29024,Senhor do Bonfim,291770,BA - JAGUARARI,32703
2,Nordeste,29,BA,Bahia,2915,LESTE - (NRS - SALVADOR),29022,Santo Antonio de Jesus,291780,BA - JAGUARIPE,17659
2,Nordeste,29,BA,Bahia,2914,NORDESTE (NRS - ALAGOINHAS),29001,Alagoinhas,291790,BA - JANDAIRA,9285
2,Nordeste,29,BA,Bahia,2910,SUL (NBS - ILHEUS),29015,Jequie,291800,BA - JEQUIE,158813
2,Nordeste,29,BA,Bahia,2913,NORTE - (NRS - JUAZEIRO),29017,Paulo Afonso,291810,BA - JEREMOABO,37626
2,Nordeste,29,BA,Bahia,2915,LESTE - (NRS - SALVADOR),29022,Santo Antonio de Jesus,291820,BA - JIQUIRICA,13629
2,Nordeste,29,BA,Bahia,2910,SUL (NBS - ILHEUS),29015,Jequie,291830,BA - JITAUNA,14355
2,Nordeste,29,BA,Bahia,2918,CENTRO - NORTE (NRS - JACOBINA),29010,Irece,291835,BA - JOAO DOURADO,24854
2,Nordeste,29,BA,Bahia,2913,NORTE - (NRS - JUAZEIRO),29016,Juazeiro,291840,BA - JUAZEIRO,237821
2,Nordeste,29,BA,Bahia,2916,EXTREMO SUL (NRS - TEIXEIRA FREITAS),29026,Teixeira de Freitas,291845,BA - JUCURUCU,9655
2,Nordeste,29,BA,Bahia,2918,CENTRO - NORTE (NRS - JACOBINA),29010,Irece,291850,BA - JUSSARA,16354
2,Nordeste,29,BA,Bahia,2910,SUL (NBS - ILHEUS),29012,Itabuna,291855,BA - JUSSARI,5888
2,Nordeste,29,BA,Bahia,2911,SUDOESTE (NBS - VITORIA CONQUISTA),29003,Brumado,291860,BA - JUSSIAPE,7379
2,Nordeste,29,BA,Bahia,2910,SUL (NBS - ILHEUS),29015,Jequie,291870,BA - LAFAIETE COUTINHO,4075
2,Nordeste,29,BA,Bahia,2911,SUDOESTE (NBS - VITORIA CONQUISTA),29007,Guanambi,291875,BA - LAGOA REAL,14105
2,Nordeste,29,BA,Bahia,2915,LESTE - (NRS - SALVADOR),29022,Santo Antonio de Jesus,291880,BA - LAJE,21052
2,Nordeste,29,BA,Bahia,2916,EXTREMO SUL (NRS - TEIXEIRA FREITAS),29026,Teixeira de Freitas,291890,BA - LAJEDAO,3845
2,Nordeste,29,BA,Bahia,2917,CENTRO-LESTE (NRS - FEIRA SANTANA),29011,Itaberaba,291900,BA - LAJEDINHO,3527
2,Nordeste,29,BA,Bahia,2910,SUL (NBS - ILHEUS),29015,Jequie,291905,BA - LAJEDO DO TABOCAL,7494
2,Nordeste,29,BA,Bahia,2917,CENTRO-LESTE (NRS - FEIRA SANTANA),29025,Serrinha,291910,BA - LAMARAO,9015
2,Nordeste,29,BA,Bahia,2918,CENTRO - NORTE (NRS - JACOBINA),29010,Irece,291915,BA - LAPAO,25736
2,Nordeste,29,BA,Bahia,2915,LESTE - (NRS - SALVADOR),29020,Salvador,291920,BA - LAURO DE FREITAS,203331
2,Nordeste,29,BA,Bahia,2917,CENTRO-LESTE (NRS - FEIRA SANTANA),29023,Seabra,291930,BA - LENCOIS,10774
2,Nordeste,29,BA,Bahia,2911,SUDOESTE (NBS - VITORIA CONQUISTA),29007,Guanambi,291940,BA - LICINIO DE ALMEIDA,11834
2,Nordeste,29,BA,Bahia,2911,SUDOESTE (NBS - VITORIA CONQUISTA),29003,Brumado,291950,BA - LIVRAMENTO DE NOSSA SENHORA,43903
2,Nordeste,29,BA,Bahia,2912,OESTE (NBS - BARREIRAS),29002,Barreiras,291955,BA - LUIS EDUARDO MAGALHAES,107909
2,Nordeste,29,BA,Bahia,2917,CENTRO-LESTE (NRS - FEIRA SANTANA),29011,Itaberaba,291960,BA - MACAJUBA,10454
2,Nordeste,29,BA,Bahia,2911,SUDOESTE (NBS - VITORIA CONQUISTA),29013,Itapetinga,291970,BA - MACARANI,21599
2,Nordeste,29,BA,Bahia,2911,SUDOESTE (NBS - VITORIA CONQUISTA),29003,Brumado,291980,BA - MACAUBAS,41859
2,Nordeste,29,BA,Bahia,2913,NORTE - (NRS - JUAZEIRO),29017,Paulo Afonso,291990,BA - MACURURE,7256
2,Nordeste,29,BA,Bahia,2915,LESTE - (NRS - SALVADOR),29020,Salvador,291992,BA - MADRE DE DEUS,18504
2,Nordeste,29,BA,Bahia,2911,SUDOESTE (NBS - VITORIA CONQUISTA),29028,Vitoria da Conquista,291995,BA - MAETINGA,6973
2,Nordeste,29,BA,Bahia,2911,SUDOESTE (NBS - VITORIA CONQUISTA),29013,Itapetinga,292000,BA - MAIQUINIQUE,8731
2,Nordeste,29,BA,Bahia,2918,CENTRO - NORTE (NRS - JACOBINA),29014,Jacobina,292010,BA - MAIRI,17674
2,Nordeste,29,BA,Bahia,2911,SUDOESTE (NBS - VITORIA CONQUISTA),29007,Guanambi,292020,BA - MALHADA,15398
2,Nordeste,29,BA,Bahia,2911,SUDOESTE (NBS - VITORIA CONQUISTA),29003,Brumado,292030,BA - MALHADA DE PEDRAS,8670
2,Nordeste,29,BA,Bahia,2910,SUL (NBS - ILHEUS),29015,Jequie,292040,BA - MANOEL VITORINO,13860
2,Nordeste,29,BA,Bahia,2912,OESTE (NBS - BARREIRAS),29002,Barreiras,292045,BA - MANSIDAO,13919
2,Nordeste,29,BA,Bahia,2910,SUL (NBS - ILHEUS),29015,Jequie,292050,BA - MARACAS,27620
2,Nordeste,29,BA,Bahia,2915,LESTE - (NRS - SALVADOR),29005,Cruz das Almas,292060,BA - MARAGOGIPE,35859
2,Nordeste,29,BA,Bahia,2910,SUL (NBS - ILHEUS),29012,Itabuna,292070,BA - MARAU,24527
2,Nordeste,29,BA,Bahia,2917,CENTRO-LESTE (NRS - FEIRA SANTANA),29011,Itaberaba,292080,BA - MARCIONILIO SOUZA,9267
2,Nordeste,29,BA,Bahia,2910,SUL (NBS - ILHEUS),29009,Ilheus,292090,BA - MASCOTE,13544
2,Nordeste,29,BA,Bahia,2915,LESTE - (NRS - SALVADOR),29004,Camacari,292100,BA - MATA DE SAO JOAO,42566
2,Nordeste,29,BA,Bahia,2911,SUDOESTE (NBS - VITORIA CONQUISTA),29007,Guanambi,292105,BA - MATINA,10330
2,Nordeste,29,BA,Bahia,2916,EXTREMO SUL (NRS - TEIXEIRA FREITAS),29026,Teixeira de Freitas,292110,BA - MEDEIROS NETO,22194
2,Nordeste,29,BA,Bahia,2918,CENTRO - NORTE (NRS - JACOBINA),29014,Jacobina,292120,BA - MIGUEL CALMON,24661
2,Nordeste,29,BA,Bahia,2915,LESTE - (NRS - SALVADOR),29022,Santo Antonio de Jesus,292130,BA - MILAGRES,11071
2,Nordeste,29,BA,Bahia,2918,CENTRO - NORTE (NRS - JACOBINA),29014,Jacobina,292140,BA - MIRANGABA,15734
2,Nordeste,29,BA,Bahia,2911,SUDOESTE (NBS - VITORIA CONQUISTA),29028,Vitoria da Conquista,292145,BA - MIRANTE,10187
2,Nordeste,29,BA,Bahia,2917,CENTRO-LESTE (NRS - FEIRA SANTANA),29025,Serrinha,292150,BA - MONTE SANTO,47780
2,Nordeste,29,BA,Bahia,2912,OESTE (NBS - BARREIRAS),29008,Ibotirama,292160,BA - MORPARA,7996
2,Nordeste,29,BA,Bahia,2918,CENTRO - NORTE (NRS - JACOBINA),29014,Jacobina,292170,BA - MORRO DO CHAPEU,33594
2,Nordeste,29,BA,Bahia,2911,SUDOESTE (NBS - VITORIA CONQUISTA),29007,Guanambi,292180,BA - MORTUGABA,11143
2,Nordeste,29,BA,Bahia,2917,CENTRO-LESTE (NRS - FEIRA SANTANA),29023,Seabra,292190,BA - MUCUGE,12137
2,Nordeste,29,BA,Bahia,2916,EXTREMO SUL (NRS - TEIXEIRA FREITAS),29026,Teixeira de Freitas,292200,BA - MUCURI,37977
2,Nordeste,29,BA,Bahia,2918,CENTRO - NORTE (NRS - JACOBINA),29010,Irece,292205,BA - MULUNGU DO MORRO,13152
2,Nordeste,29,BA,Bahia,2917,CENTRO-LESTE (NRS - FEIRA SANTANA),29006,Feira de Santana,292210,BA - MUNDO NOVO,17305
2,Nordeste,29,BA,Bahia,2915,LESTE - (NRS - SALVADOR),29022,Santo Antonio de Jesus,292220,BA - MUNIZ FERREIRA,7190
2,Nordeste,29,BA,Bahia,2912,OESTE (NBS - BARREIRAS),29008,Ibotirama,292225,BA - MUQUEM DE SAO FRANCISCO,10443
2,Nordeste,29,BA,Bahia,2915,LESTE - (NRS - SALVADOR),29005,Cruz das Almas,292230,BA - MURITIBA,28707
2,Nordeste,29,BA,Bahia,2915,LESTE - (NRS - SALVADOR),29022,Santo Antonio de Jesus,292240,BA - MUTUIPE,20037
2,Nordeste,29,BA,Bahia,2915,LESTE - (NRS - SALVADOR),29022,Santo Antonio de Jesus,292250,BA - NAZARE,27060
2,Nordeste,29,BA,Bahia,2910,SUL (NBS - ILHEUS),29027,Valenca,292260,BA - NILO PECANHA,12063
2,Nordeste,29,BA,Bahia,2917,CENTRO-LESTE (NRS - FEIRA SANTANA),29025,Serrinha,292265,BA - NORDESTINA,18523
2,Nordeste,29,BA,Bahia,2911,SUDOESTE (NBS - VITORIA CONQUISTA),29013,Itapetinga,292270,BA - NOVA CANAA,13715
2,Nordeste,29,BA,Bahia,2917,CENTRO-LESTE (NRS - FEIRA SANTANA),29006,Feira de Santana,292273,BA - NOVA FATIMA,7967
2,Nordeste,29,BA,Bahia,2910,SUL (NBS - ILHEUS),29027,Valenca,292275,BA - NOVA IBIA,6501
2,Nordeste,29,BA,Bahia,2910,SUL (NBS - ILHEUS),29015,Jequie,292280,BA - NOVA ITARANA,7780
2,Nordeste,29,BA,Bahia,2917,CENTRO-LESTE (NRS - FEIRA SANTANA),29011,Itaberaba,292285,BA - NOVA REDENCAO,7538
2,Nordeste,29,BA,Bahia,2914,NORDESTE (NRS - ALAGOINHAS),29019,Ribeira do Pombal,292290,BA - NOVA SOURE,24236
2,Nordeste,29,BA,Bahia,2916,EXTREMO SUL (NRS - TEIXEIRA FREITAS),29026,Teixeira de Freitas,292300,BA - NOVA VICOSA,39509
2,Nordeste,29,BA,Bahia,2917,CENTRO-LESTE (NRS - FEIRA SANTANA),29023,Seabra,292303,BA - NOVO HORIZONTE,11162
2,Nordeste,29,BA,Bahia,2914,NORDESTE (NRS - ALAGOINHAS),29019,Ribeira do Pombal,292305,BA - NOVO TRIUNFO,11101
2,Nordeste,29,BA,Bahia,2914,NORDESTE (NRS - ALAGOINHAS),29019,Ribeira do Pombal,292310,BA - OLINDINA,22633
2,Nordeste,29,BA,Bahia,2912,OESTE (NBS - BARREIRAS),29008,Ibotirama,292320,BA - OLIVEIRA DOS BREJINHOS,20715
2,Nordeste,29,BA,Bahia,2914,NORDESTE (NRS - ALAGOINHAS),29001,Alagoinhas,292330,BA - OURICANGAS,7716
2,Nordeste,29,BA,Bahia,2918,CENTRO - NORTE (NRS - JACOBINA),29014,Jacobina,292335,BA - OUROLANDIA,19243
2,Nordeste,29,BA,Bahia,2911,SUDOESTE (NBS - VITORIA CONQUISTA),29007,Guanambi,292340,BA - PALMAS DE MONTE ALTO,20078
2,Nordeste,29,BA,Bahia,2917,CENTRO-LESTE (NRS - FEIRA SANTANA),29023,Seabra,292350,BA - PALMEIRAS,10339
2,Nordeste,29,BA,Bahia,2911,SUDOESTE (NBS - VITORIA CONQUISTA),29003,Brumado,292360,BA - PARAMIRIM,20351
2,Nordeste,29,BA,Bahia,2912,OESTE (NBS - BARREIRAS),29008,Ibotirama,292370,BA - PARATINGA,29252
2,Nordeste,29,BA,Bahia,2914,NORDESTE (NRS - ALAGOINHAS),29019,Ribeira do Pombal,292380,BA - PARIPIRANGA,26604
2,Nordeste,29,BA,Bahia,2910,SUL (NBS - ILHEUS),29012,Itabuna,292390,BA - PAU BRASIL,9370
2,Nordeste,29,BA,Bahia,2913,NORTE - (NRS - JUAZEIRO),29017,Paulo Afonso,292400,BA - PAULO AFONSO,112870
2,Nordeste,29,BA,Bahia,2917,CENTRO-LESTE (NRS - FEIRA SANTANA),29006,Feira de Santana,292405,BA - PE DE SERRA,13243
2,Nordeste,29,BA,Bahia,2914,NORDESTE (NRS - ALAGOINHAS),29001,Alagoinhas,292410,BA - PEDRAO,6235
2,Nordeste,29,BA,Bahia,2913,NORTE - (NRS - JUAZEIRO),29017,Paulo Afonso,292420,BA - PEDRO ALEXANDRE,13954
2,Nordeste,29,BA,Bahia,2917,CENTRO-LESTE (NRS - FEIRA SANTANA),29023,Seabra,292430,BA - PIATA,20086
2,Nordeste,29,BA,Bahia,2913,NORTE - (NRS - JUAZEIRO),29016,Juazeiro,292440,BA - PILAO ARCADO,35357
2,Nordeste,29,BA,Bahia,2911,SUDOESTE (NBS - VITORIA CONQUISTA),29007,Guanambi,292450,BA - PINDAI,14731
2,Nordeste,29,BA,Bahia,2913,NORTE - (NRS - JUAZEIRO),29024,Senhor do Bonfim,292460,BA - PINDOBACU,19083
2,Nordeste,29,BA,Bahia,2917,CENTRO-LESTE (NRS - FEIRA SANTANA),29006,Feira de Santana,292465,BA - PINTADAS,10325
2,Nordeste,29,BA,Bahia,2910,SUL (NBS - ILHEUS),29027,Valenca,292467,BA - PIRAI DO NORTE,10974
2,Nordeste,29,BA,Bahia,2911,SUDOESTE (NBS - VITORIA CONQUISTA),29028,Vitoria da Conquista,292470,BA - PIRIPA,9171
2,Nordeste,29,BA,Bahia,2918,CENTRO - NORTE (NRS - JACOBINA),29014,Jacobina,292480,BA - PIRITIBA,17566
2,Nordeste,29,BA,Bahia,2910,SUL (NBS - ILHEUS),29015,Jequie,292490,BA - PLANALTINO,8022
2,Nordeste,29,BA,Bahia,2911,SUDOESTE (NBS - VITORIA CONQUISTA),29028,Vitoria da Conquista,292500,BA - PLANALTO,23334
2,Nordeste,29,BA,Bahia,2911,SUDOESTE (NBS - VITORIA CONQUISTA),29028,Vitoria da Conquista,292510,BA - POCOES,48293
2,Nordeste,29,BA,Bahia,2915,LESTE - (NRS - SALVADOR),29004,Camacari,292520,BA - POJUCA,32136
2,Nordeste,29,BA,Bahia,2913,NORTE - (NRS - JUAZEIRO),29024,Senhor do Bonfim,292525,BA - PONTO NOVO,17938
2,Nordeste,29,BA,Bahia,2916,EXTREMO SUL (NRS - TEIXEIRA FREITAS),29018,Porto Seguro,292530,BA - PORTO SEGURO,168326
2,Nordeste,29,BA,Bahia,2911,SUDOESTE (NBS - VITORIA CONQUISTA),29013,Itapetinga,292540,BA - POTIRAGUA,10274
2,Nordeste,29,BA,Bahia,2916,EXTREMO SUL (NRS - TEIXEIRA FREITAS),29026,Teixeira de Freitas,292550,BA - PRADO,35003
2,Nordeste,29,BA,Bahia,2918,CENTRO - NORTE (NRS - JACOBINA),29010,Irece,292560,BA - PRESIDENTE DUTRA,15130
2,Nordeste,29,BA,Bahia,2911,SUDOESTE (NBS - VITORIA CONQUISTA),29028,Vitoria da Conquista,292570,BA - PRESIDENTE JANIO QUADROS,12621
2,Nordeste,29,BA,Bahia,2915,LESTE - (NRS - SALVADOR),29022,Santo Antonio de Jesus,292575,BA - PRESIDENTE TANCREDO NEVES,27734
2,Nordeste,29,BA,Bahia,2917,CENTRO-LESTE (NRS - FEIRA SANTANA),29025,Serrinha,292580,BA - QUEIMADAS,25988
2,Nordeste,29,BA,Bahia,2917,CENTRO-LESTE (NRS - FEIRA SANTANA),29025,Serrinha,292590,BA - QUIJINGUE,25272
2,Nordeste,29,BA,Bahia,2918,CENTRO - NORTE (NRS - JACOBINA),29014,Jacobina,292593,BA - QUIXABEIRA,9461
2,Nordeste,29,BA,Bahia,2917,CENTRO-LESTE (NRS - FEIRA SANTANA),29006,Feira de Santana,292595,BA - RAFAEL JAMBEIRO,19662
2,Nordeste,29,BA,Bahia,2913,NORTE - (NRS - JUAZEIRO),29016,Juazeiro,292600,BA - REMANSO,40586
2,Nordeste,29,BA,Bahia,2917,CENTRO-LESTE (NRS - FEIRA SANTANA),29025,Serrinha,292610,BA - RETIROLANDIA,13651
2,Nordeste,29,BA,Bahia,2912,OESTE (NBS - BARREIRAS),29002,Barreiras,292620,BA - RIACHAO DAS NEVES,21642
2,Nordeste,29,BA,Bahia,2917,CENTRO-LESTE (NRS - FEIRA SANTANA),29006,Feira de Santana,292630,BA - RIACHAO DO JACUIPE,33386
2,Nordeste,29,BA,Bahia,2911,SUDOESTE (NBS - VITORIA CONQUISTA),29007,Guanambi,292640,BA - RIACHO DE SANTANA,30711
2,Nordeste,29,BA,Bahia,2914,NORDESTE (NRS - ALAGOINHAS),29019,Ribeira do Pombal,292650,BA - RIBEIRA DO AMPARO,14064
2,Nordeste,29,BA,Bahia,2914,NORDESTE (NRS - ALAGOINHAS),29019,Ribeira do Pombal,292660,BA - RIBEIRA DO POMBAL,53566
2,Nordeste,29,BA,Bahia,2911,SUDOESTE (NBS - VITORIA CONQUISTA),29028,Vitoria da Conquista,292665,BA - RIBEIRAO DO LARGO,9740
2,Nordeste,29,BA,Bahia,2911,SUDOESTE (NBS - VITORIA CONQUISTA),29003,Brumado,292670,BA - RIO DE CONTAS,13184
2,Nordeste,29,BA,Bahia,2911,SUDOESTE (NBS - VITORIA CONQUISTA),29007,Guanambi,292680,BA - RIO DO ANTONIO,13146
2,Nordeste,29,BA,Bahia,2911,SUDOESTE (NBS - VITORIA CONQUISTA),29003,Brumado,292690,BA - RIO DO PIRES,10497
2,Nordeste,29,BA,Bahia,2914,NORDESTE (NRS - ALAGOINHAS),29001,Alagoinhas,292700,BA - RIO REAL,35362
2,Nordeste,29,BA,Bahia,2913,NORTE - (NRS - JUAZEIRO),29017,Paulo Afonso,292710,BA - RODELAS,10308
2,Nordeste,29,BA,Bahia,2917,CENTRO-LESTE (NRS - FEIRA SANTANA),29011,Itaberaba,292720,BA - RUY BARBOSA,28282
2,Nordeste,29,BA,Bahia,2915,LESTE - (NRS - SALVADOR),29022,Santo Antonio de Jesus,292730,BA - SALINAS DA MARGARIDA,14987
2,Nordeste,29,BA,Bahia,2915,LESTE - (NRS - SALVADOR),29020,Salvador,292740,BA - SALVADOR,2417678
2,Nordeste,29,BA,Bahia,2917,CENTRO-LESTE (NRS - FEIRA SANTANA),29006,Feira de Santana,292750,BA - SANTA BARBARA,20952
2,Nordeste,29,BA,Bahia,2913,NORTE - (NRS - JUAZEIRO),29017,Paulo Afonso,292760,BA - SANTA BRIGIDA,14965
2,Nordeste,29,BA,Bahia,2916,EXTREMO SUL (NRS - TEIXEIRA FREITAS),29018,Porto Seguro,292770,BA - SANTA CRUZ CABRALIA,29185
2,Nordeste,29,BA,Bahia,2910,SUL (NBS - ILHEUS),29012,Itabuna,292780,BA - SANTA CRUZ DA VITORIA,4681
2,Nordeste,29,BA,Bahia,2910,SUL (NBS - ILHEUS),29015,Jequie,292790,BA - SANTA INES,10300
2,Nordeste,29,BA,Bahia,2910,SUL (NBS - ILHEUS),29009,Ilheus,292805,BA - SANTA LUZIA,13896
2,Nordeste,29,BA,Bahia,2912,OESTE (NBS - BARREIRAS),29021,Santa Maria da Vitoria,292810,BA - SANTA MARIA DA VITORIA,38604
2,Nordeste,29,BA,Bahia,2912,OESTE (NBS - BARREIRAS),29002,Barreiras,292840,BA - SANTA RITA DE CASSIA,27390
2,Nordeste,29,BA,Bahia,2915,LESTE - (NRS - SALVADOR),29022,Santo Antonio de Jesus,292850,BA - SANTA TERESINHA,10441
2,Nordeste,29,BA,Bahia,2917,CENTRO-LESTE (NRS - FEIRA SANTANA),29025,Serrinha,292800,BA - SANTALUZ,37834
2,Nordeste,29,BA,Bahia,2912,OESTE (NBS - BARREIRAS),29021,Santa Maria da Vitoria,292820,BA - SANTANA,24755
2,Nordeste,29,BA,Bahia,2917,CENTRO-LESTE (NRS - FEIRA SANTANA),29006,Feira de Santana,292830,BA - SANTANOPOLIS,8716
2,Nordeste,29,BA,Bahia,2915,LESTE - (NRS - SALVADOR),29020,Salvador,292860,BA - SANTO AMARO,56012
2,Nordeste,29,BA,Bahia,2915,LESTE - (NRS - SALVADOR),29022,Santo Antonio de Jesus,292870,BA - SANTO ANTONIO DE JESUS,103055
2,Nordeste,29,BA,Bahia,2917,CENTRO-LESTE (NRS - FEIRA SANTANA),29006,Feira de Santana,292880,BA - SANTO ESTEVAO,52276
2,Nordeste,29,BA,Bahia,2912,OESTE (NBS - BARREIRAS),29002,Barreiras,292890,BA - SAO DESIDERIO,32828
2,Nordeste,29,BA,Bahia,2917,CENTRO-LESTE (NRS - FEIRA SANTANA),29025,Serrinha,292895,BA - SAO DOMINGOS,8426
2,Nordeste,29,BA,Bahia,2915,LESTE - (NRS - SALVADOR),29022,Santo Antonio de Jesus,292910,BA - SAO FELIPE,20283
2,Nordeste,29,BA,Bahia,2915,LESTE - (NRS - SALVADOR),29005,Cruz das Almas,292900,BA - SAO FELIX,11026
2,Nordeste,29,BA,Bahia,2912,OESTE (NBS - BARREIRAS),29021,Santa Maria da Vitoria,292905,BA - SAO FELIX DO CORIBE,15194
2,Nordeste,29,BA,Bahia,2915,LESTE - (NRS - SALVADOR),29020,Salvador,292920,BA - SAO FRANCISCO DO CONDE,38733
2,Nordeste,29,BA,Bahia,2918,CENTRO - NORTE (NRS - JACOBINA),29010,Irece,292925,BA - SAO GABRIEL,18600
2,Nordeste,29,BA,Bahia,2917,CENTRO-LESTE (NRS - FEIRA SANTANA),29006,Feira de Santana,292930,BA - SAO GONCALO DOS CAMPOS,39513
2,Nordeste,29,BA,Bahia,2910,SUL (NBS - ILHEUS),29012,Itabuna,292935,BA - SAO JOSE DA VITORIA,5315
2,Nordeste,29,BA,Bahia,2918,CENTRO - NORTE (NRS - JACOBINA),29014,Jacobina,292937,BA - SAO JOSE DO JACUIPE,10187
2,Nordeste,29,BA,Bahia,2915,LESTE - (NRS - SALVADOR),29022,Santo Antonio de Jesus,292940,BA - SAO MIGUEL DAS MATAS,10334
2,Nordeste,29,BA,Bahia,2915,LESTE - (NRS - SALVADOR),29020,Salvador,292950,BA - SAO SEBASTIAO DO PASSE,40958
2,Nordeste,29,BA,Bahia,2915,LESTE - (NRS - SALVADOR),29005,Cruz das Almas,292960,BA - SAPEACU,17963
2,Nordeste,29,BA,Bahia,2914,NORDESTE (NRS - ALAGOINHAS),29001,Alagoinhas,292970,BA - SATIRO DIAS,16008
2,Nordeste,29,BA,Bahia,2915,LESTE - (NRS - SALVADOR),29020,Salvador,292975,BA - SAUBARA,11438
2,Nordeste,29,BA,Bahia,2918,CENTRO - NORTE (NRS - JACOBINA),29014,Jacobina,292980,BA - SAUDE,10478
2,Nordeste,29,BA,Bahia,2917,CENTRO-LESTE (NRS - FEIRA SANTANA),29023,Seabra,292990,BA - SEABRA,46160
2,Nordeste,29,BA,Bahia,2911,SUDOESTE (NBS - VITORIA CONQUISTA),29007,Guanambi,293000,BA - SEBASTIAO LARANJEIRAS,9360
2,Nordeste,29,BA,Bahia,2913,NORTE - (NRS - JUAZEIRO),29024,Senhor do Bonfim,293010,BA - SENHOR DO BONFIM,74523
2,Nordeste,29,BA,Bahia,2913,NORTE - (NRS - JUAZEIRO),29016,Juazeiro,293020,BA - SENTO SE,38154
2,Nordeste,29,BA,Bahia,2912,OESTE (NBS - BARREIRAS),29021,Santa Maria da Vitoria,293015,BA - SERRA DO RAMALHO,34222
2,Nordeste,29,BA,Bahia,2912,OESTE (NBS - BARREIRAS),29021,Santa Maria da Vitoria,293030,BA - SERRA DOURADA,17066
2,Nordeste,29,BA,Bahia,2917,CENTRO-LESTE (NRS - FEIRA SANTANA),29006,Feira de Santana,293040,BA - SERRA PRETA,17996
2,Nordeste,29,BA,Bahia,2917,CENTRO-LESTE (NRS - FEIRA SANTANA),29025,Serrinha,293050,BA - SERRINHA,80435
2,Nordeste,29,BA,Bahia,2918,CENTRO - NORTE (NRS - JACOBINA),29014,Jacobina,293060,BA - SERROLANDIA,13335
2,Nordeste,29,BA,Bahia,2915,LESTE - (NRS - SALVADOR),29004,Camacari,293070,BA - SIMOES FILHO,114559
2,Nordeste,29,BA,Bahia,2912,OESTE (NBS - BARREIRAS),29021,Santa Maria da Vitoria,293075,BA - SITIO DO MATO,13408
2,Nordeste,29,BA,Bahia,2914,NORDESTE (NRS - ALAGOINHAS),29019,Ribeira do Pombal,293076,BA - SITIO DO QUINTO,13786
2,Nordeste,29,BA,Bahia,2913,NORTE - (NRS - JUAZEIRO),29016,Juazeiro,293077,BA - SOBRADINHO,25475
2,Nordeste,29,BA,Bahia,2917,CENTRO-LESTE (NRS - FEIRA SANTANA),29023,Seabra,293080,BA - SOUTO SOARES,17054
2,Nordeste,29,BA,Bahia,2912,OESTE (NBS - BARREIRAS),29002,Barreiras,293090,BA - TABOCAS DO BREJO VELHO,11979
2,Nordeste,29,BA,Bahia,2911,SUDOESTE (NBS - VITORIA CONQUISTA),29003,Brumado,293100,BA - TANHACU,21006
2,Nordeste,29,BA,Bahia,2911,SUDOESTE (NBS - VITORIA CONQUISTA),29007,Guanambi,293105,BA - TANQUE NOVO,17158
2,Nordeste,29,BA,Bahia,2917,CENTRO-LESTE (NRS - FEIRA SANTANA),29006,Feira de Santana,293110,BA - TANQUINHO,7717
2,Nordeste,29,BA,Bahia,2910,SUL (NBS - ILHEUS),29027,Valenca,293120,BA - TAPEROA,18044
2,Nordeste,29,BA,Bahia,2918,CENTRO - NORTE (NRS - JACOBINA),29014,Jacobina,293130,BA - TAPIRAMUTA,15818
2,Nordeste,29,BA,Bahia,2916,EXTREMO SUL (NRS - TEIXEIRA FREITAS),29026,Teixeira de Freitas,293135,BA - TEIXEIRA DE FREITAS,145216
2,Nordeste,29,BA,Bahia,2917,CENTRO-LESTE (NRS - FEIRA SANTANA),29006,Feira de Santana,293140,BA - TEODORO SAMPAIO,7110
2,Nordeste,29,BA,Bahia,2917,CENTRO-LESTE (NRS - FEIRA SANTANA),29025,Serrinha,293150,BA - TEOFILANDIA,21176
2,Nordeste,29,BA,Bahia,2915,LESTE - (NRS - SALVADOR),29022,Santo Antonio de Jesus,293160,BA - TEOLANDIA,15332
2,Nordeste,29,BA,Bahia,2917,CENTRO-LESTE (NRS - FEIRA SANTANA),29006,Feira de Santana,293170,BA - TERRA NOVA,10798
2,Nordeste,29,BA,Bahia,2911,SUDOESTE (NBS - VITORIA CONQUISTA),29028,Vitoria da Conquista,293180,BA - TREMEDAL,16277
2,Nordeste,29,BA,Bahia,2914,NORDESTE (NRS - ALAGOINHAS),29019,Ribeira do Pombal,293190,BA - TUCANO,48736
2,Nordeste,29,BA,Bahia,2913,NORTE - (NRS - JUAZEIRO),29016,Juazeiro,293200,BA - UAUA,24665
2,Nordeste,29,BA,Bahia,2915,LESTE - (NRS - SALVADOR),29022,Santo Antonio de Jesus,293210,BA - UBAIRA,18626
2,Nordeste,29,BA,Bahia,2910,SUL (NBS - ILHEUS),29012,Itabuna,293220,BA - UBAITABA,17596
2,Nordeste,29,BA,Bahia,2910,SUL (NBS - ILHEUS),29012,Itabuna,293230,BA - UBATA,16094
2,Nordeste,29,BA,Bahia,2918,CENTRO - NORTE (NRS - JACOBINA),29010,Irece,293240,BA - UIBAI,13432
2,Nordeste,29,BA,Bahia,2918,CENTRO - NORTE (NRS - JACOBINA),29014,Jacobina,293245,BA - UMBURANAS,13642
2,Nordeste,29,BA,Bahia,2910,SUL (NBS - ILHEUS),29009,Ilheus,293250,BA - UNA,18131
2,Nordeste,29,BA,Bahia,2911,SUDOESTE (NBS - VITORIA CONQUISTA),29007,Guanambi,293260,BA - URANDI,15355
2,Nordeste,29,BA,Bahia,2910,SUL (NBS - ILHEUS),29009,Ilheus,293270,BA - URUCUCA,21420
2,Nordeste,29,BA,Bahia,2917,CENTRO-LESTE (NRS - FEIRA SANTANA),29011,Itaberaba,293280,BA - UTINGA,16277
2,Nordeste,29,BA,Bahia,2910,SUL (NBS - ILHEUS),29027,Valenca,293290,BA - VALENCA,85655
2,Nordeste,29,BA,Bahia,2917,CENTRO-LESTE (NRS - FEIRA SANTANA),29025,Serrinha,293300,BA - VALENTE,24362
2,Nordeste,29,BA,Bahia,2918,CENTRO - NORTE (NRS - JACOBINA),29014,Jacobina,293305,BA - VARZEA DA ROCA,13800
2,Nordeste,29,BA,Bahia,2918,CENTRO - NORTE (NRS - JACOBINA),29014,Jacobina,293310,BA - VARZEA DO POCO,8101
2,Nordeste,29,BA,Bahia,2918,CENTRO - NORTE (NRS - JACOBINA),29014,Jacobina,293315,BA - VARZEA NOVA,13377
2,Nordeste,29,BA,Bahia,2915,LESTE - (NRS - SALVADOR),29022,Santo Antonio de Jesus,293317,BA - VARZEDO,9913
2,Nordeste,29,BA,Bahia,2915,LESTE - (NRS - SALVADOR),29020,Salvador,293320,BA - VERA CRUZ,42529
2,Nordeste,29,BA,Bahia,2916,EXTREMO SUL (NRS - TEIXEIRA FREITAS),29026,Teixeira de Freitas,293325,BA - VEREDA,6003
2,Nordeste,29,BA,Bahia,2911,SUDOESTE (NBS - VITORIA CONQUISTA),29028,Vitoria da Conquista,293330,BA - VITORIA DA CONQUISTA,370879
2,Nordeste,29,BA,Bahia,2917,CENTRO-LESTE (NRS - FEIRA SANTANA),29011,Itaberaba,293340,BA - WAGNER,9503
2,Nordeste,29,BA,Bahia,2912,OESTE (NBS - BARREIRAS),29002,Barreiras,293345,BA - WANDERLEY,12968
2,Nordeste,29,BA,Bahia,2910,SUL (NBS - ILHEUS),29027,Valenca,293350,BA - WENCESLAU GUIMARAES,24474
2,Nordeste,29,BA,Bahia,2918,CENTRO - NORTE (NRS - JACOBINA),29010,Irece,293360,BA - XIQUE-XIQUE,44757
2,Nordeste,23,CE,Ceará,2308,CARIRI,23023,2ª Rs Cariri,230010,CE - ABAIARA,10038
2,Nordeste,23,CE,Ceará,2310,FORTALEZA,23001,1ª Rs Fortaleza,230015,CE - ACARAPE,14027
2,Nordeste,23,CE,Ceará,2309,SOBRAL,23011,5ª Rs Sobral,230020,CE - ACARAU,65264
2,Nordeste,23,CE,Ceará,2308,CARIRI,23023,2ª Rs Cariri,230030,CE - ACOPIARA,44962
2,Nordeste,23,CE,Ceará,2307,SERTAO CENTRAL,23024,3ª Rs Sertao Central,230040,CE - AIUABA,14076
2,Nordeste,23,CE,Ceará,2309,SOBRAL,23011,5ª Rs Sobral,230050,CE - ALCANTARAS,11369
2,Nordeste,23,CE,Ceará,2308,CARIRI,23023,2ª Rs Cariri,230060,CE - ALTANEIRA,6782
2,Nordeste,23,CE,Ceará,2306,LITORAL LESTE/JAGUARIBE,23025,4ª Rs Litoral Leste/jaguaribe,230070,CE - ALTO SANTO,14155
2,Nordeste,23,CE,Ceará,2310,FORTALEZA,23001,1ª Rs Fortaleza,230075,CE - AMONTADA,42156
2,Nordeste,23,CE,Ceará,2308,CARIRI,23023,2ª Rs Cariri,230080,CE - ANTONINA DO NORTE,7245
2,Nordeste,23,CE,Ceará,2310,FORTALEZA,23001,1ª Rs Fortaleza,230090,CE - APUIARES,12928
2,Nordeste,23,CE,Ceará,2310,FORTALEZA,23001,1ª Rs Fortaleza,230100,CE - AQUIRAZ,80645
2,Nordeste,23,CE,Ceará,2306,LITORAL LESTE/JAGUARIBE,23025,4ª Rs Litoral Leste/jaguaribe,230110,CE - ARACATI,75113
2,Nordeste,23,CE,Ceará,2310,FORTALEZA,23001,1ª Rs Fortaleza,230120,CE - ARACOIABA,25553
2,Nordeste,23,CE,Ceará,2309,SOBRAL,23011,5ª Rs Sobral,230125,CE - ARARENDA,11096
2,Nordeste,23,CE,Ceará,2308,CARIRI,23023,2ª Rs Cariri,230130,CE - ARARIPE,19783
2,Nordeste,23,CE,Ceará,2310,FORTALEZA,23001,1ª Rs Fortaleza,230140,CE - ARATUBA,11224
2,Nordeste,23,CE,Ceará,2307,SERTAO CENTRAL,23024,3ª Rs Sertao Central,230150,CE - ARNEIROZ,7429
2,Nordeste,23,CE,Ceará,2308,CARIRI,23023,2ª Rs Cariri,230160,CE - ASSARE,21697
2,Nordeste,23,CE,Ceará,2308,CARIRI,23023,2ª Rs Cariri,230170,CE - AURORA,23714
2,Nordeste,23,CE,Ceará,2308,CARIRI,23023,2ª Rs Cariri,230180,CE - BAIXIO,5704
2,Nordeste,23,CE,Ceará,2307,SERTAO CENTRAL,23024,3ª Rs Sertao Central,230185,CE - BANABUIU,17195
2,Nordeste,23,CE,Ceará,2308,CARIRI,23023,2ª Rs Cariri,230190,CE - BARBALHA,75033
2,Nordeste,23,CE,Ceará,2310,FORTALEZA,23001,1ª Rs Fortaleza,230195,CE - BARREIRA,22392
2,Nordeste,23,CE,Ceará,2308,CARIRI,23023,2ª Rs Cariri,230200,CE - BARRO,19381
2,Nordeste,23,CE,Ceará,2309,SOBRAL,23011,5ª Rs Sobral,230205,CE - BARROQUINHA,14567
2,Nordeste,23,CE,Ceará,2310,FORTALEZA,23001,1ª Rs Fortaleza,230210,CE - BATURITE,35218
2,Nordeste,23,CE,Ceará,2310,FORTALEZA,23001,1ª Rs Fortaleza,230220,CE - BEBERIBE,53114
2,Nordeste,23,CE,Ceará,2309,SOBRAL,23011,5ª Rs Sobral,230230,CE - BELA CRUZ,32775
2,Nordeste,23,CE,Ceará,2307,SERTAO CENTRAL,23024,3ª Rs Sertao Central,230240,CE - BOA VIAGEM,50411
2,Nordeste,23,CE,Ceará,2308,CARIRI,23023,2ª Rs Cariri,230250,CE - BREJO SANTO,51090
2,Nordeste,23,CE,Ceará,2309,SOBRAL,23011,5ª Rs Sobral,230260,CE - CAMOCIM,62326
2,Nordeste,23,CE,Ceará,2308,CARIRI,23023,2ª Rs Cariri,230270,CE - CAMPOS SALES,25135
2,Nordeste,23,CE,Ceará,2307,SERTAO CENTRAL,23024,3ª Rs Sertao Central,230280,CE - CANINDE,74174
2,Nordeste,23,CE,Ceará,2310,FORTALEZA,23001,1ª Rs Fortaleza,230290,CE - CAPISTRANO,17254
2,Nordeste,23,CE,Ceará,2307,SERTAO CENTRAL,23024,3ª Rs Sertao Central,230300,CE - CARIDADE,16377
2,Nordeste,23,CE,Ceará,2309,SOBRAL,23011,5ª Rs Sobral,230310,CE - CARIRE,17632
2,Nordeste,23,CE,Ceará,2308,CARIRI,23023,2ª Rs Cariri,230320,CE - CARIRIACU,26320
2,Nordeste,23,CE,Ceará,2308,CARIRI,23023,2ª Rs Cariri,230330,CE - CARIUS,17015
2,Nordeste,23,CE,Ceará,2309,SOBRAL,23011,5ª Rs Sobral,230340,CE - CARNAUBAL,17210
2,Nordeste,23,CE,Ceará,2310,FORTALEZA,23001,1ª Rs Fortaleza,230350,CE - CASCAVEL,72720
2,Nordeste,23,CE,Ceará,2308,CARIRI,23023,2ª Rs Cariri,230360,CE - CATARINA,10243
2,Nordeste,23,CE,Ceará,2309,SOBRAL,23011,5ª Rs Sobral,230365,CE - CATUNDA,10444
2,Nordeste,23,CE,Ceará,2310,FORTALEZA,23001,1ª Rs Fortaleza,230370,CE - CAUCAIA,355679
2,Nordeste,23,CE,Ceará,2308,CARIRI,23023,2ª Rs Cariri,230380,CE - CEDRO,22344
2,Nordeste,23,CE,Ceará,2309,SOBRAL,23011,5ª Rs Sobral,230390,CE - CHAVAL,12462
2,Nordeste,23,CE,Ceará,2307,SERTAO CENTRAL,23024,3ª Rs Sertao Central,230393,CE - CHORO,12113
2,Nordeste,23,CE,Ceará,2310,FORTALEZA,23001,1ª Rs Fortaleza,230395,CE - CHOROZINHO,20163
2,Nordeste,23,CE,Ceará,2309,SOBRAL,23011,5ª Rs Sobral,230400,CE - COREAU,20953
2,Nordeste,23,CE,Ceará,2309,SOBRAL,23011,5ª Rs Sobral,230410,CE - CRATEUS,76390
2,Nordeste,23,CE,Ceará,2308,CARIRI,23023,2ª Rs Cariri,230420,CE - CRATO,131050
2,Nordeste,23,CE,Ceará,2309,SOBRAL,23011,5ª Rs Sobral,230423,CE - CROATA,17481
2,Nordeste,23,CE,Ceará,2309,SOBRAL,23011,5ª Rs Sobral,230425,CE - CRUZ,29761
2,Nordeste,23,CE,Ceará,2308,CARIRI,23023,2ª Rs Cariri,230426,CE - DEPUTADO IRAPUAN PINHEIRO,8932
2,Nordeste,23,CE,Ceará,2306,LITORAL LESTE/JAGUARIBE,23025,4ª Rs Litoral Leste/jaguaribe,230427,CE - ERERE,6247
2,Nordeste,23,CE,Ceará,2310,FORTALEZA,23001,1ª Rs Fortaleza,230428,CE - EUSEBIO,74170
2,Nordeste,23,CE,Ceará,2308,CARIRI,23023,2ª Rs Cariri,230430,CE - FARIAS BRITO,18217
2,Nordeste,23,CE,Ceará,2309,SOBRAL,23011,5ª Rs Sobral,230435,CE - FORQUILHA,24173
2,Nordeste,23,CE,Ceará,2310,FORTALEZA,23001,1ª Rs Fortaleza,230440,CE - FORTALEZA,2428708
2,Nordeste,23,CE,Ceará,2306,LITORAL LESTE/JAGUARIBE,23025,4ª Rs Litoral Leste/jaguaribe,230445,CE - FORTIM,17294
2,Nordeste,23,CE,Ceará,2309,SOBRAL,23011,5ª Rs Sobral,230450,CE - FRECHEIRINHA,15657
2,Nordeste,23,CE,Ceará,2310,FORTALEZA,23001,1ª Rs Fortaleza,230460,CE - GENERAL SAMPAIO,6734
2,Nordeste,23,CE,Ceará,2309,SOBRAL,23011,5ª Rs Sobral,230465,CE - GRACA,13801
2,Nordeste,23,CE,Ceará,2309,SOBRAL,23011,5ª Rs Sobral,230470,CE - GRANJA,53344
2,Nordeste,23,CE,Ceará,2308,CARIRI,23023,2ª Rs Cariri,230480,CE - GRANJEIRO,4841
2,Nordeste,23,CE,Ceará,2309,SOBRAL,23011,5ª Rs Sobral,230490,CE - GROAIRAS,10910
2,Nordeste,23,CE,Ceará,2310,FORTALEZA,23001,1ª Rs Fortaleza,230495,CE - GUAIUBA,24325
2,Nordeste,23,CE,Ceará,2309,SOBRAL,23011,5ª Rs Sobral,230500,CE - GUARACIABA DO NORTE,42053
2,Nordeste,23,CE,Ceará,2310,FORTALEZA,23001,1ª Rs Fortaleza,230510,CE - GUARAMIRANGA,5654
2,Nordeste,23,CE,Ceará,2309,SOBRAL,23011,5ª Rs Sobral,230520,CE - HIDROLANDIA,17855
2,Nordeste,23,CE,Ceará,2310,FORTALEZA,23001,1ª Rs Fortaleza,230523,CE - HORIZONTE,74755
2,Nordeste,23,CE,Ceará,2307,SERTAO CENTRAL,23024,3ª Rs Sertao Central,230526,CE - IBARETAMA,11956
2,Nordeste,23,CE,Ceará,2309,SOBRAL,23011,5ª Rs Sobral,230530,CE - IBIAPINA,23965
2,Nordeste,23,CE,Ceará,2307,SERTAO CENTRAL,23024,3ª Rs Sertao Central,230533,CE - IBICUITINGA,11611
2,Nordeste,23,CE,Ceará,2306,LITORAL LESTE/JAGUARIBE,23025,4ª Rs Litoral Leste/jaguaribe,230535,CE - ICAPUI,21433
2,Nordeste,23,CE,Ceará,2308,CARIRI,23023,2ª Rs Cariri,230540,CE - ICO,62642
2,Nordeste,23,CE,Ceará,2308,CARIRI,23023,2ª Rs Cariri,230550,CE - IGUATU,98064
2,Nordeste,23,CE,Ceará,2309,SOBRAL,23011,5ª Rs Sobral,230560,CE - INDEPENDENCIA,24024
2,Nordeste,23,CE,Ceará,2309,SOBRAL,23011,5ª Rs Sobral,230565,CE - IPAPORANGA,11575
2,Nordeste,23,CE,Ceará,2308,CARIRI,23023,2ª Rs Cariri,230570,CE - IPAUMIRIM,12083
2,Nordeste,23,CE,Ceará,2309,SOBRAL,23011,5ª Rs Sobral,230580,CE - IPU,41081
2,Nordeste,23,CE,Ceará,2309,SOBRAL,23011,5ª Rs Sobral,230590,CE - IPUEIRAS,36798
2,Nordeste,23,CE,Ceará,2306,LITORAL LESTE/JAGUARIBE,23025,4ª Rs Litoral Leste/jaguaribe,230600,CE - IRACEMA,14001
2,Nordeste,23,CE,Ceará,2309,SOBRAL,23011,5ª Rs Sobral,230610,CE - IRAUCUBA,23915
2,Nordeste,23,CE,Ceará,2306,LITORAL LESTE/JAGUARIBE,23025,4ª Rs Litoral Leste/jaguaribe,230620,CE - ITAICABA,7536
2,Nordeste,23,CE,Ceará,2310,FORTALEZA,23001,1ª Rs Fortaleza,230625,CE - ITAITINGA,64650
2,Nordeste,23,CE,Ceará,2310,FORTALEZA,23001,1ª Rs Fortaleza,230630,CE - ITAPAGE,46426
2,Nordeste,23,CE,Ceará,2310,FORTALEZA,23001,1ª Rs Fortaleza,230640,CE - ITAPIPOCA,131123
2,Nordeste,23,CE,Ceará,2310,FORTALEZA,23001,1ª Rs Fortaleza,230650,CE - ITAPIUNA,17841
2,Nordeste,23,CE,Ceará,2309,SOBRAL,23011,5ª Rs Sobral,230655,CE - ITAREMA,42957
2,Nordeste,23,CE,Ceará,2307,SERTAO CENTRAL,23024,3ª Rs Sertao Central,230660,CE - ITATIRA,20424
2,Nordeste,23,CE,Ceará,2306,LITORAL LESTE/JAGUARIBE,23025,4ª Rs Litoral Leste/jaguaribe,230670,CE - JAGUARETAMA,17232
2,Nordeste,23,CE,Ceará,2306,LITORAL LESTE/JAGUARIBE,23025,4ª Rs Litoral Leste/jaguaribe,230680,CE - JAGUARIBARA,10356
2,Nordeste,23,CE,Ceará,2306,LITORAL LESTE/JAGUARIBE,23025,4ª Rs Litoral Leste/jaguaribe,230690,CE - JAGUARIBE,33726
2,Nordeste,23,CE,Ceará,2306,LITORAL LESTE/JAGUARIBE,23025,4ª Rs Litoral Leste/jaguaribe,230700,CE - JAGUARUANA,31701
2,Nordeste,23,CE,Ceará,2308,CARIRI,23023,2ª Rs Cariri,230710,CE - JARDIM,27411
2,Nordeste,23,CE,Ceará,2308,CARIRI,23023,2ª Rs Cariri,230720,CE - JATI,7861
2,Nordeste,23,CE,Ceará,2309,SOBRAL,23011,5ª Rs Sobral,230725,CE - JIJOCA DE JERICOACOARA,25555
2,Nordeste,23,CE,Ceará,2308,CARIRI,23023,2ª Rs Cariri,230730,CE - JUAZEIRO DO NORTE,286120
2,Nordeste,23,CE,Ceará,2308,CARIRI,23023,2ª Rs Cariri,230740,CE - JUCAS,23922
2,Nordeste,23,CE,Ceará,2308,CARIRI,23023,2ª Rs Cariri,230750,CE - LAVRAS DA MANGABEIRA,30802
2,Nordeste,23,CE,Ceará,2306,LITORAL LESTE/JAGUARIBE,23025,4ª Rs Litoral Leste/jaguaribe,230760,CE - LIMOEIRO DO NORTE,59560
2,Nordeste,23,CE,Ceará,2307,SERTAO CENTRAL,23024,3ª Rs Sertao Central,230763,CE - MADALENA,16896
2,Nordeste,23,CE,Ceará,2310,FORTALEZA,23001,1ª Rs Fortaleza,230765,CE - MARACANAU,234509
2,Nordeste,23,CE,Ceará,2310,FORTALEZA,23001,1ª Rs Fortaleza,230770,CE - MARANGUAPE,105093
2,Nordeste,23,CE,Ceará,2309,SOBRAL,23011,5ª Rs Sobral,230780,CE - MARCO,25799
2,Nordeste,23,CE,Ceará,2309,SOBRAL,23011,5ª Rs Sobral,230790,CE - MARTINOPOLE,10846
2,Nordeste,23,CE,Ceará,2309,SOBRAL,23011,5ª Rs Sobral,230800,CE - MASSAPE,37697
2,Nordeste,23,CE,Ceará,2308,CARIRI,23023,2ª Rs Cariri,230810,CE - MAURITI,45561
2,Nordeste,23,CE,Ceará,2309,SOBRAL,23011,5ª Rs Sobral,230820,CE - MERUOCA,15157
2,Nordeste,23,CE,Ceará,2308,CARIRI,23023,2ª Rs Cariri,230830,CE - MILAGRES,25900
2,Nordeste,23,CE,Ceará,2307,SERTAO CENTRAL,23024,3ª Rs Sertao Central,230835,CE - MILHA,14123
2,Nordeste,23,CE,Ceará,2310,FORTALEZA,23001,1ª Rs Fortaleza,230837,CE - MIRAIMA,14196
2,Nordeste,23,CE,Ceará,2308,CARIRI,23023,2ª Rs Cariri,230840,CE - MISSAO VELHA,36822
2,Nordeste,23,CE,Ceará,2308,CARIRI,23023,2ª Rs Cariri,230850,CE - MOMBACA,37735
2,Nordeste,23,CE,Ceará,2309,SOBRAL,23011,5ª Rs Sobral,230860,CE - MONSENHOR TABOSA,17149
2,Nordeste,23,CE,Ceará,2306,LITORAL LESTE/JAGUARIBE,23025,4ª Rs Litoral Leste/jaguaribe,230870,CE - MORADA NOVA,61443
2,Nordeste,23,CE,Ceará,2309,SOBRAL,23011,5ª Rs Sobral,230880,CE - MORAUJO,8254
2,Nordeste,23,CE,Ceará,2309,SOBRAL,23011,5ª Rs Sobral,230890,CE - MORRINHOS,22753
2,Nordeste,23,CE,Ceará,2309,SOBRAL,23011,5ª Rs Sobral,230900,CE - MUCAMBO,13666
2,Nordeste,23,CE,Ceará,2310,FORTALEZA,23001,1ª Rs Fortaleza,230910,CE - MULUNGU,10569
2,Nordeste,23,CE,Ceará,2308,CARIRI,23023,2ª Rs Cariri,230920,CE - NOVA OLINDA,15399
2,Nordeste,23,CE,Ceará,2309,SOBRAL,23011,5ª Rs Sobral,230930,CE - NOVA RUSSAS,30699
2,Nordeste,23,CE,Ceará,2309,SOBRAL,23011,5ª Rs Sobral,230940,CE - NOVO ORIENTE,27545
2,Nordeste,23,CE,Ceará,2310,FORTALEZA,23001,1ª Rs Fortaleza,230945,CE - OCARA,24493
2,Nordeste,23,CE,Ceará,2308,CARIRI,23023,2ª Rs Cariri,230950,CE - OROS,19675
2,Nordeste,23,CE,Ceará,2310,FORTALEZA,23001,1ª Rs Fortaleza,230960,CE - PACAJUS,70983
2,Nordeste,23,CE,Ceará,2310,FORTALEZA,23001,1ª Rs Fortaleza,230970,CE - PACATUBA,81524
2,Nordeste,23,CE,Ceará,2310,FORTALEZA,23001,1ª Rs Fortaleza,230980,CE - PACOTI,11186
2,Nordeste,23,CE,Ceará,2309,SOBRAL,23011,5ª Rs Sobral,230990,CE - PACUJA,6175
2,Nordeste,23,CE,Ceará,2306,LITORAL LESTE/JAGUARIBE,23025,4ª Rs Litoral Leste/jaguaribe,231000,CE - PALHANO,9346
2,Nordeste,23,CE,Ceará,2310,FORTALEZA,23001,1ª Rs Fortaleza,231010,CE - PALMACIA,10242
2,Nordeste,23,CE,Ceará,2310,FORTALEZA,23001,1ª Rs Fortaleza,231020,CE - PARACURU,38980
2,Nordeste,23,CE,Ceará,2310,FORTALEZA,23001,1ª Rs Fortaleza,231025,CE - PARAIPABA,32216
2,Nordeste,23,CE,Ceará,2307,SERTAO CENTRAL,23024,3ª Rs Sertao Central,231030,CE - PARAMBU,31445
2,Nordeste,23,CE,Ceará,2307,SERTAO CENTRAL,23024,3ª Rs Sertao Central,231040,CE - PARAMOTI,10384
2,Nordeste,23,CE,Ceará,2307,SERTAO CENTRAL,23024,3ª Rs Sertao Central,231050,CE - PEDRA BRANCA,40187
2,Nordeste,23,CE,Ceará,2308,CARIRI,23023,2ª Rs Cariri,231060,CE - PENAFORTE,8972
2,Nordeste,23,CE,Ceará,2310,FORTALEZA,23001,1ª Rs Fortaleza,231070,CE - PENTECOSTE,37813
2,Nordeste,23,CE,Ceará,2306,LITORAL LESTE/JAGUARIBE,23025,4ª Rs Litoral Leste/jaguaribe,231080,CE - PEREIRO,15501
2,Nordeste,23,CE,Ceará,2310,FORTALEZA,23001,1ª Rs Fortaleza,231085,CE - PINDORETAMA,23391
2,Nordeste,23,CE,Ceará,2308,CARIRI,23023,2ª Rs Cariri,231090,CE - PIQUET CARNEIRO,16616
2,Nordeste,23,CE,Ceará,2309,SOBRAL,23011,5ª Rs Sobral,231095,CE - PIRES FERREIRA,10606
2,Nordeste,23,CE,Ceará,2309,SOBRAL,23011,5ª Rs Sobral,231100,CE - PORANGA,12065
2,Nordeste,23,CE,Ceará,2308,CARIRI,23023,2ª Rs Cariri,231110,CE - PORTEIRAS,17050
2,Nordeste,23,CE,Ceará,2308,CARIRI,23023,2ª Rs Cariri,231120,CE - POTENGI,8833
2,Nordeste,23,CE,Ceará,2306,LITORAL LESTE/JAGUARIBE,23025,4ª Rs Litoral Leste/jaguaribe,231123,CE - POTIRETAMA,5974
2,Nordeste,23,CE,Ceará,2309,SOBRAL,23011,5ª Rs Sobral,231126,CE - QUITERIANOPOLIS,20213
2,Nordeste,23,CE,Ceará,2307,SERTAO CENTRAL,23024,3ª Rs Sertao Central,231130,CE - QUIXADA,84168
2,Nordeste,23,CE,Ceará,2308,CARIRI,23023,2ª Rs Cariri,231135,CE - QUIXELO,15910
2,Nordeste,23,CE,Ceará,2307,SERTAO CENTRAL,23024,3ª Rs Sertao Central,231140,CE - QUIXERAMOBIM,82177
2,Nordeste,23,CE,Ceará,2306,LITORAL LESTE/JAGUARIBE,23025,4ª Rs Litoral Leste/jaguaribe,231150,CE - QUIXERE,20874
2,Nordeste,23,CE,Ceará,2310,FORTALEZA,23001,1ª Rs Fortaleza,231160,CE - REDENCAO,27214
2,Nordeste,23,CE,Ceará,2309,SOBRAL,23011,5ª Rs Sobral,231170,CE - RERIUTABA,18606
2,Nordeste,23,CE,Ceará,2306,LITORAL LESTE/JAGUARIBE,23025,4ª Rs Litoral Leste/jaguaribe,231180,CE - RUSSAS,72928
2,Nordeste,23,CE,Ceará,2308,CARIRI,23023,2ª Rs Cariri,231190,CE - SABOEIRO,13854
2,Nordeste,23,CE,Ceará,2308,CARIRI,23023,2ª Rs Cariri,231195,CE - SALITRE,16633
2,Nordeste,23,CE,Ceará,2309,SOBRAL,23011,5ª Rs Sobral,231220,CE - SANTA QUITERIA,40183
2,Nordeste,23,CE,Ceará,2309,SOBRAL,23011,5ª Rs Sobral,231200,CE - SANTANA DO ACARAU,30628
2,Nordeste,23,CE,Ceará,2308,CARIRI,23023,2ª Rs Cariri,231210,CE - SANTANA DO CARIRI,16954
2,Nordeste,23,CE,Ceará,2309,SOBRAL,23011,5ª Rs Sobral,231230,CE - SAO BENEDITO,47640
2,Nordeste,23,CE,Ceará,2310,FORTALEZA,23001,1ª Rs Fortaleza,231240,CE - SAO GONCALO DO AMARANTE,54143
2,Nordeste,23,CE,Ceará,2306,LITORAL LESTE/JAGUARIBE,23025,4ª Rs Litoral Leste/jaguaribe,231250,CE - SAO JOAO DO JAGUARIBE,5855
2,Nordeste,23,CE,Ceará,2310,FORTALEZA,23001,1ª Rs Fortaleza,231260,CE - SAO LUIS DO CURU,10822
2,Nordeste,23,CE,Ceará,2307,SERTAO CENTRAL,23024,3ª Rs Sertao Central,231270,CE - SENADOR POMPEU,24266
2,Nordeste,23,CE,Ceará,2309,SOBRAL,23011,5ª Rs Sobral,231280,CE - SENADOR SA,7262
2,Nordeste,23,CE,Ceará,2309,SOBRAL,23011,5ª Rs Sobral,231290,CE - SOBRAL,203023
2,Nordeste,23,CE,Ceará,2307,SERTAO CENTRAL,23024,3ª Rs Sertao Central,231300,CE - SOLONOPOLE,18179
2,Nordeste,23,CE,Ceará,2306,LITORAL LESTE/JAGUARIBE,23025,4ª Rs Litoral Leste/jaguaribe,231310,CE - TABULEIRO DO NORTE,30652
2,Nordeste,23,CE,Ceará,2309,SOBRAL,23011,5ª Rs Sobral,231320,CE - TAMBORIL,24815
2,Nordeste,23,CE,Ceará,2308,CARIRI,23023,2ª Rs Cariri,231325,CE - TARRAFAS,7529
2,Nordeste,23,CE,Ceará,2307,SERTAO CENTRAL,23024,3ª Rs Sertao Central,231330,CE - TAUA,61227
2,Nordeste,23,CE,Ceará,2310,FORTALEZA,23001,1ª Rs Fortaleza,231335,CE - TEJUCUOCA,17154
2,Nordeste,23,CE,Ceará,2309,SOBRAL,23011,5ª Rs Sobral,231340,CE - TIANGUA,81506
2,Nordeste,23,CE,Ceará,2310,FORTALEZA,23001,1ª Rs Fortaleza,231350,CE - TRAIRI,58415
2,Nordeste,23,CE,Ceará,2310,FORTALEZA,23001,1ª Rs Fortaleza,231355,CE - TURURU,15412
2,Nordeste,23,CE,Ceará,2309,SOBRAL,23011,5ª Rs Sobral,231360,CE - UBAJARA,32767
2,Nordeste,23,CE,Ceará,2308,CARIRI,23023,2ª Rs Cariri,231370,CE - UMARI,6871
2,Nordeste,23,CE,Ceará,2310,FORTALEZA,23001,1ª Rs Fortaleza,231375,CE - UMIRIM,17470
2,Nordeste,23,CE,Ceará,2310,FORTALEZA,23001,1ª Rs Fortaleza,231380,CE - URUBURETAMA,20189
2,Nordeste,23,CE,Ceará,2309,SOBRAL,23011,5ª Rs Sobral,231390,CE - URUOCA,13746
2,Nordeste,23,CE,Ceará,2309,SOBRAL,23011,5ª Rs Sobral,231395,CE - VARJOTA,18105
2,Nordeste,23,CE,Ceará,2308,CARIRI,23023,2ª Rs Cariri,231400,CE - VARZEA ALEGRE,38984
2,Nordeste,23,CE,Ceará,2309,SOBRAL,23011,5ª Rs Sobral,231410,CE - VICOSA DO CEARA,59712
5,Centro-Oeste,53,DF,Distrito Federal,5302,DISTRITO FEDERAL,53001,Distrito Federal,530010,DF - BRASILIA,2817381
3,Sudeste,32,ES,Espírito Santo,3207,METROPOLITANA,32002,Metropolitana,320010,ES - AFONSO CLAUDIO,30684
3,Sudeste,32,ES,Espírito Santo,3209,CENTRAL NORTE,32003,Norte,320016,ES - AGUA DOCE DO NORTE,12042
3,Sudeste,32,ES,Espírito Santo,3209,CENTRAL NORTE,32001,Central,320013,ES - AGUIA BRANCA,9711
3,Sudeste,32,ES,Espírito Santo,3205,SUL,32004,Sul,320020,ES - ALEGRE,29177
3,Sudeste,32,ES,Espírito Santo,3205,SUL,32004,Sul,320030,ES - ALFREDO CHAVES,13836
3,Sudeste,32,ES,Espírito Santo,3209,CENTRAL NORTE,32001,Central,320035,ES - ALTO RIO NOVO,7434
3,Sudeste,32,ES,Espírito Santo,3205,SUL,32004,Sul,320040,ES - ANCHIETA,29984
3,Sudeste,32,ES,Espírito Santo,3205,SUL,32004,Sul,320050,ES - APIACA,7223
3,Sudeste,32,ES,Espírito Santo,3207,METROPOLITANA,32002,Metropolitana,320060,ES - ARACRUZ,94765
3,Sudeste,32,ES,Espírito Santo,3205,SUL,32004,Sul,320070,ES - ATILIO VIVACQUA,10540
3,Sudeste,32,ES,Espírito Santo,3209,CENTRAL NORTE,32001,Central,320080,ES - BAIXO GUANDU,30674
3,Sudeste,32,ES,Espírito Santo,3209,CENTRAL NORTE,32003,Norte,320090,ES - BARRA DE SAO FRANCISCO,42498
3,Sudeste,32,ES,Espírito Santo,3209,CENTRAL NORTE,32003,Norte,320100,ES - BOA ESPERANCA,13608
3,Sudeste,32,ES,Espírito Santo,3205,SUL,32004,Sul,320110,ES - BOM JESUS DO NORTE,10254
3,Sudeste,32,ES,Espírito Santo,3207,METROPOLITANA,32002,Metropolitana,320115,ES - BREJETUBA,12985
3,Sudeste,32,ES,Espírito Santo,3205,SUL,32004,Sul,320120,ES - CACHOEIRO DE ITAPEMIRIM,185786
3,Sudeste,32,ES,Espírito Santo,3207,METROPOLITANA,32002,Metropolitana,320130,ES - CARIACICA,353491
3,Sudeste,32,ES,Espírito Santo,3205,SUL,32004,Sul,320140,ES - CASTELO,36930
3,Sudeste,32,ES,Espírito Santo,3209,CENTRAL NORTE,32001,Central,320150,ES - COLATINA,120033
3,Sudeste,32,ES,Espírito Santo,3209,CENTRAL NORTE,32003,Norte,320160,ES - CONCEICAO DA BARRA,27458
3,Sudeste,32,ES,Espírito Santo,3207,METROPOLITANA,32002,Metropolitana,320170,ES - CONCEICAO DO CASTELO,11937
3,Sudeste,32,ES,Espírito Santo,3205,SUL,32004,Sul,320180,ES - DIVINO DE SAO LOURENCO,5083
3,Sudeste,32,ES,Espírito Santo,3207,METROPOLITANA,32002,Metropolitana,320190,ES - DOMINGOS MARTINS,35416
3,Sudeste,32,ES,Espírito Santo,3205,SUL,32004,Sul,320200,ES - DORES DO RIO PRETO,6596
3,Sudeste,32,ES,Espírito Santo,3209,CENTRAL NORTE,32003,Norte,320210,ES - ECOPORANGA,21992
3,Sudeste,32,ES,Espírito Santo,3207,METROPOLITANA,32002,Metropolitana,320220,ES - FUNDAO,18014
3,Sudeste,32,ES,Espírito Santo,3209,CENTRAL NORTE,32001,Central,320225,ES - GOVERNADOR LINDENBERG,11009
3,Sudeste,32,ES,Espírito Santo,3205,SUL,32004,Sul,320230,ES - GUACUI,29358
3,Sudeste,32,ES,Espírito Santo,3207,METROPOLITANA,32002,Metropolitana,320240,ES - GUARAPARI,124656
3,Sudeste,32,ES,Espírito Santo,3207,METROPOLITANA,32002,Metropolitana,320245,ES - IBATIBA,25380
3,Sudeste,32,ES,Espírito Santo,3207,METROPOLITANA,32002,Metropolitana,320250,ES - IBIRACU,11723
3,Sudeste,32,ES,Espírito Santo,3205,SUL,32004,Sul,320255,ES - IBITIRAMA,9520
3,Sudeste,32,ES,Espírito Santo,3205,SUL,32004,Sul,320260,ES - ICONHA,12326
3,Sudeste,32,ES,Espírito Santo,3205,SUL,32004,Sul,320265,ES - IRUPI,13710
3,Sudeste,32,ES,Espírito Santo,3207,METROPOLITANA,32002,Metropolitana,320270,ES - ITAGUACU,13589
3,Sudeste,32,ES,Espírito Santo,3205,SUL,32004,Sul,320280,ES - ITAPEMIRIM,39832
3,Sudeste,32,ES,Espírito Santo,3207,METROPOLITANA,32002,Metropolitana,320290,ES - ITARANA,10597
3,Sudeste,32,ES,Espírito Santo,3205,SUL,32004,Sul,320300,ES - IUNA,28590
3,Sudeste,32,ES,Espírito Santo,3209,CENTRAL NORTE,32003,Norte,320305,ES - JAGUARE,28931
3,Sudeste,32,ES,Espírito Santo,3205,SUL,32004,Sul,320310,ES - JERONIMO MONTEIRO,11575
3,Sudeste,32,ES,Espírito Santo,3207,METROPOLITANA,32002,Metropolitana,320313,ES - JOAO NEIVA,14079
3,Sudeste,32,ES,Espírito Santo,3207,METROPOLITANA,32002,Metropolitana,320316,ES - LARANJA DA TERRA,11094
3,Sudeste,32,ES,Espírito Santo,3209,CENTRAL NORTE,32001,Central,320320,ES - LINHARES,166786
3,Sudeste,32,ES,Espírito Santo,3209,CENTRAL NORTE,32001,Central,320330,ES - MANTENOPOLIS,12770
3,Sudeste,32,ES,Espírito Santo,3205,SUL,32004,Sul,320332,ES - MARATAIZES,41929
3,Sudeste,32,ES,Espírito Santo,3207,METROPOLITANA,32002,Metropolitana,320334,ES - MARECHAL FLORIANO,17641
3,Sudeste,32,ES,Espírito Santo,3209,CENTRAL NORTE,32001,Central,320335,ES - MARILANDIA,12387
3,Sudeste,32,ES,Espírito Santo,3205,SUL,32004,Sul,320340,ES - MIMOSO DO SUL,24475
3,Sudeste,32,ES,Espírito Santo,3209,CENTRAL NORTE,32003,Norte,320350,ES - MONTANHA,18900
3,Sudeste,32,ES,Espírito Santo,3209,CENTRAL NORTE,32003,Norte,320360,ES - MUCURICI,5466
3,Sudeste,32,ES,Espírito Santo,3205,SUL,32004,Sul,320370,ES - MUNIZ FREIRE,18153
3,Sudeste,32,ES,Espírito Santo,3205,SUL,32004,Sul,320380,ES - MUQUI,13745
3,Sudeste,32,ES,Espírito Santo,3209,CENTRAL NORTE,32003,Norte,320390,ES - NOVA VENECIA,49065
3,Sudeste,32,ES,Espírito Santo,3209,CENTRAL NORTE,32001,Central,320400,ES - PANCAS,18893
3,Sudeste,32,ES,Espírito Santo,3209,CENTRAL NORTE,32003,Norte,320405,ES - PEDRO CANARIO,21522
3,Sudeste,32,ES,Espírito Santo,3209,CENTRAL NORTE,32003,Norte,320410,ES - PINHEIROS,23915
3,Sudeste,32,ES,Espírito Santo,3205,SUL,32004,Sul,320420,ES - PIUMA,22300
3,Sudeste,32,ES,Espírito Santo,3209,CENTRAL NORTE,32003,Norte,320425,ES - PONTO BELO,6497
3,Sudeste,32,ES,Espírito Santo,3205,SUL,32004,Sul,320430,ES - PRESIDENTE KENNEDY,13696
3,Sudeste,32,ES,Espírito Santo,3209,CENTRAL NORTE,32001,Central,320435,ES - RIO BANANAL,19274
3,Sudeste,32,ES,Espírito Santo,3205,SUL,32004,Sul,320440,ES - RIO NOVO DO SUL,11069
3,Sudeste,32,ES,Espírito Santo,3207,METROPOLITANA,32002,Metropolitana,320450,ES - SANTA LEOPOLDINA,13106
3,Sudeste,32,ES,Espírito Santo,3207,METROPOLITANA,32002,Metropolitana,320455,ES - SANTA MARIA DE JETIBA,41636
3,Sudeste,32,ES,Espírito Santo,3207,METROPOLITANA,32002,Metropolitana,320460,ES - SANTA TERESA,22808
3,Sudeste,32,ES,Espírito Santo,3209,CENTRAL NORTE,32001,Central,320465,ES - SAO DOMINGOS DO NORTE,8589
3,Sudeste,32,ES,Espírito Santo,3209,CENTRAL NORTE,32001,Central,320470,ES - SAO GABRIEL DA PALHA,32252
3,Sudeste,32,ES,Espírito Santo,3205,SUL,32004,Sul,320480,ES - SAO JOSE DO CALCADO,10878
3,Sudeste,32,ES,Espírito Santo,3209,CENTRAL NORTE,32003,Norte,320490,ES - SAO MATEUS,123752
3,Sudeste,32,ES,Espírito Santo,3209,CENTRAL NORTE,32001,Central,320495,ES - SAO ROQUE DO CANAA,10886
3,Sudeste,32,ES,Espírito Santo,3207,METROPOLITANA,32002,Metropolitana,320500,ES - SERRA,520653
3,Sudeste,32,ES,Espírito Santo,3209,CENTRAL NORTE,32001,Central,320501,ES - SOORETAMA,26502
3,Sudeste,32,ES,Espírito Santo,3205,SUL,32004,Sul,320503,ES - VARGEM ALTA,19563
3,Sudeste,32,ES,Espírito Santo,3207,METROPOLITANA,32002,Metropolitana,320506,ES - VENDA NOVA DO IMIGRANTE,23831
3,Sudeste,32,ES,Espírito Santo,3207,METROPOLITANA,32002,Metropolitana,320510,ES - VIANA,73423
3,Sudeste,32,ES,Espírito Santo,3209,CENTRAL NORTE,32003,Norte,320515,ES - VILA PAVAO,8911
3,Sudeste,32,ES,Espírito Santo,3209,CENTRAL NORTE,32001,Central,320517,ES - VILA VALERIO,13728
3,Sudeste,32,ES,Espírito Santo,3207,METROPOLITANA,32002,Metropolitana,320520,ES - VILA VELHA,467722
3,Sudeste,32,ES,Espírito Santo,3207,METROPOLITANA,32002,Metropolitana,320530,ES - VITORIA,322869
5,Centro-Oeste,52,GO,Goiás,5208,MACRORREGIAO CENTRO-OESTE,52001,Central,520005,GO - ABADIA DE GOIAS,19128
5,Centro-Oeste,52,GO,Goiás,5209,MACRORREGIAO CENTRO-NORTE,52011,Pirineus,520010,GO - ABADIANIA,17232
5,Centro-Oeste,52,GO,Goiás,5206,MACRORREGIAO SUDOESTE,52015,Sudoeste I,520013,GO - ACREUNA,21568
5,Centro-Oeste,52,GO,Goiás,5208,MACRORREGIAO CENTRO-OESTE,52010,Oeste II,520015,GO - ADELANDIA,2297
5,Centro-Oeste,52,GO,Goiás,5207,MACRORREGIAO NORDESTE,52003,Entorno Norte,520017,GO - AGUA FRIA DE GOIAS,4954
5,Centro-Oeste,52,GO,Goiás,5210,MACRORREGIAO CENTRO SUDESTE,52017,Sul,520020,GO - AGUA LIMPA,1858
5,Centro-Oeste,52,GO,Goiás,5207,MACRORREGIAO NORDESTE,52004,Entorno Sul,520025,GO - AGUAS LINDAS DE GOIAS,225693
5,Centro-Oeste,52,GO,Goiás,5209,MACRORREGIAO CENTRO-NORTE,52011,Pirineus,520030,GO - ALEXANIA,27008
5,Centro-Oeste,52,GO,Goiás,5210,MACRORREGIAO CENTRO SUDESTE,52017,Sul,520050,GO - ALOANDIA,1973
5,Centro-Oeste,52,GO,Goiás,5209,MACRORREGIAO CENTRO-NORTE,52014,Serra da Mesa,520055,GO - ALTO HORIZONTE,6072
5,Centro-Oeste,52,GO,Goiás,5207,MACRORREGIAO NORDESTE,52003,Entorno Norte,520060,GO - ALTO PARAISO DE GOIAS,10306
5,Centro-Oeste,52,GO,Goiás,5207,MACRORREGIAO NORDESTE,52007,Nordeste II,520080,GO - ALVORADA DO NORTE,8446
5,Centro-Oeste,52,GO,Goiás,5209,MACRORREGIAO CENTRO-NORTE,52014,Serra da Mesa,520082,GO - AMARALINA,3268
5,Centro-Oeste,52,GO,Goiás,5208,MACRORREGIAO CENTRO-OESTE,52012,Rio Vermelho,520085,GO - AMERICANO DO BRASIL,5259
5,Centro-Oeste,52,GO,Goiás,5208,MACRORREGIAO CENTRO-OESTE,52009,Oeste I,520090,GO - AMORINOPOLIS,3007
5,Centro-Oeste,52,GO,Goiás,5209,MACRORREGIAO CENTRO-NORTE,52011,Pirineus,520110,GO - ANAPOLIS,398869
5,Centro-Oeste,52,GO,Goiás,5210,MACRORREGIAO CENTRO SUDESTE,52005,Estrada de Ferro,520120,GO - ANHANGUERA,924
5,Centro-Oeste,52,GO,Goiás,5208,MACRORREGIAO CENTRO-OESTE,52001,Central,520130,GO - ANICUNS,18503
5,Centro-Oeste,52,GO,Goiás,5210,MACRORREGIAO CENTRO SUDESTE,52002,Centro Sul,520140,GO - APARECIDA DE GOIANIA,527796
5,Centro-Oeste,52,GO,Goiás,5206,MACRORREGIAO SUDOESTE,52015,Sudoeste I,520145,GO - APARECIDA DO RIO DOCE,2907
5,Centro-Oeste,52,GO,Goiás,5206,MACRORREGIAO SUDOESTE,52016,Sudoeste II,520150,GO - APORE,4325
5,Centro-Oeste,52,GO,Goiás,5208,MACRORREGIAO CENTRO-OESTE,52001,Central,520160,GO - ARACU,3799
5,Centro-Oeste,52,GO,Goiás,5208,MACRORREGIAO CENTRO-OESTE,52009,Oeste I,520170,GO - ARAGARCAS,18390
5,Centro-Oeste,52,GO,Goiás,5210,MACRORREGIAO CENTRO SUDESTE,52002,Centro Sul,520180,GO - ARAGOIANIA,11890
5,Centro-Oeste,52,GO,Goiás,5208,MACRORREGIAO CENTRO-OESTE,52012,Rio Vermelho,520215,GO - ARAGUAPAZ,7153
5,Centro-Oeste,52,GO,Goiás,5208,MACRORREGIAO CENTRO-OESTE,52009,Oeste I,520235,GO - ARENOPOLIS,2946
5,Centro-Oeste,52,GO,Goiás,5208,MACRORREGIAO CENTRO-OESTE,52012,Rio Vermelho,520250,GO - ARUANA,8300
5,Centro-Oeste,52,GO,Goiás,5208,MACRORREGIAO CENTRO-OESTE,52010,Oeste II,520260,GO - AURILANDIA,3284
5,Centro-Oeste,52,GO,Goiás,5208,MACRORREGIAO CENTRO-OESTE,52001,Central,520280,GO - AVELINOPOLIS,2868
5,Centro-Oeste,52,GO,Goiás,5208,MACRORREGIAO CENTRO-OESTE,52009,Oeste I,520310,GO - BALIZA,3351
5,Centro-Oeste,52,GO,Goiás,5209,MACRORREGIAO CENTRO-NORTE,52018,Sao Patricio II,520320,GO - BARRO ALTO,10371
5,Centro-Oeste,52,GO,Goiás,5210,MACRORREGIAO CENTRO SUDESTE,52002,Centro Sul,520330,GO - BELA VISTA DE GOIAS,34445
5,Centro-Oeste,52,GO,Goiás,5208,MACRORREGIAO CENTRO-OESTE,52009,Oeste I,520340,GO - BOM JARDIM DE GOIAS,7826
5,Centro-Oeste,52,GO,Goiás,5210,MACRORREGIAO CENTRO SUDESTE,52017,Sul,520350,GO - BOM JESUS DE GOIAS,23958
5,Centro-Oeste,52,GO,Goiás,5210,MACRORREGIAO CENTRO SUDESTE,52002,Centro Sul,520355,GO - BONFINOPOLIS,10296
5,Centro-Oeste,52,GO,Goiás,5209,MACRORREGIAO CENTRO-NORTE,52008,Norte,520357,GO - BONOPOLIS,3299
5,Centro-Oeste,52,GO,Goiás,5208,MACRORREGIAO CENTRO-OESTE,52001,Central,520360,GO - BRAZABRANTES,3992
5,Centro-Oeste,52,GO,Goiás,5208,MACRORREGIAO CENTRO-OESTE,52012,Rio Vermelho,520380,GO - BRITANIA,5695
5,Centro-Oeste,52,GO,Goiás,5210,MACRORREGIAO CENTRO SUDESTE,52017,Sul,520390,GO - BURITI ALEGRE,10495
5,Centro-Oeste,52,GO,Goiás,5208,MACRORREGIAO CENTRO-OESTE,52010,Oeste II,520393,GO - BURITI DE GOIAS,2732
5,Centro-Oeste,52,GO,Goiás,5207,MACRORREGIAO NORDESTE,52007,Nordeste II,520396,GO - BURITINOPOLIS,3145
5,Centro-Oeste,52,GO,Goiás,5207,MACRORREGIAO NORDESTE,52003,Entorno Norte,520400,GO - CABECEIRAS,7560
5,Centro-Oeste,52,GO,Goiás,5206,MACRORREGIAO SUDOESTE,52015,Sudoeste I,520410,GO - CACHOEIRA ALTA,11513
5,Centro-Oeste,52,GO,Goiás,5208,MACRORREGIAO CENTRO-OESTE,52010,Oeste II,520420,GO - CACHOEIRA DE GOIAS,1405
5,Centro-Oeste,52,GO,Goiás,5210,MACRORREGIAO CENTRO SUDESTE,52017,Sul,520425,GO - CACHOEIRA DOURADA,7782
5,Centro-Oeste,52,GO,Goiás,5206,MACRORREGIAO SUDOESTE,52015,Sudoeste I,520430,GO - CACU,13774
5,Centro-Oeste,52,GO,Goiás,5206,MACRORREGIAO SUDOESTE,52016,Sudoeste II,520440,GO - CAIAPONIA,16513
5,Centro-Oeste,52,GO,Goiás,5210,MACRORREGIAO CENTRO SUDESTE,52005,Estrada de Ferro,520450,GO - CALDAS NOVAS,98622
2,Nordeste,21,MA,Maranhão,2110,MACRORREGIAO NORTE,21013,Rosario,210170,MA - BARREIRINHAS,65589
5,Centro-Oeste,52,GO,Goiás,5210,MACRORREGIAO CENTRO SUDESTE,52002,Centro Sul,520455,GO - CALDAZINHA,4507
5,Centro-Oeste,52,GO,Goiás,5208,MACRORREGIAO CENTRO-OESTE,52001,Central,520460,GO - CAMPESTRE DE GOIAS,3755
5,Centro-Oeste,52,GO,Goiás,5209,MACRORREGIAO CENTRO-NORTE,52008,Norte,520465,GO - CAMPINACU,3708
5,Centro-Oeste,52,GO,Goiás,5209,MACRORREGIAO CENTRO-NORTE,52014,Serra da Mesa,520470,GO - CAMPINORTE,12510
5,Centro-Oeste,52,GO,Goiás,5210,MACRORREGIAO CENTRO SUDESTE,52005,Estrada de Ferro,520480,GO - CAMPO ALEGRE DE GOIAS,7422
5,Centro-Oeste,52,GO,Goiás,5209,MACRORREGIAO CENTRO-NORTE,52011,Pirineus,520485,GO - CAMPO LIMPO DE GOIAS,8081
5,Centro-Oeste,52,GO,Goiás,5207,MACRORREGIAO NORDESTE,52006,Nordeste I,520490,GO - CAMPOS BELOS,18108
5,Centro-Oeste,52,GO,Goiás,5209,MACRORREGIAO CENTRO-NORTE,52013,Sao Patricio I,520495,GO - CAMPOS VERDES,4005
5,Centro-Oeste,52,GO,Goiás,5209,MACRORREGIAO CENTRO-NORTE,52013,Sao Patricio I,520500,GO - CARMO DO RIO VERDE,9710
5,Centro-Oeste,52,GO,Goiás,5206,MACRORREGIAO SUDOESTE,52015,Sudoeste I,520505,GO - CASTELANDIA,2985
5,Centro-Oeste,52,GO,Goiás,5210,MACRORREGIAO CENTRO SUDESTE,52005,Estrada de Ferro,520510,GO - CATALAO,114427
5,Centro-Oeste,52,GO,Goiás,5208,MACRORREGIAO CENTRO-OESTE,52001,Central,520520,GO - CATURAI,5184
5,Centro-Oeste,52,GO,Goiás,5207,MACRORREGIAO NORDESTE,52006,Nordeste I,520530,GO - CAVALCANTE,9583
5,Centro-Oeste,52,GO,Goiás,5209,MACRORREGIAO CENTRO-NORTE,52013,Sao Patricio I,520540,GO - CERES,22046
5,Centro-Oeste,52,GO,Goiás,5210,MACRORREGIAO CENTRO SUDESTE,52002,Centro Sul,520545,GO - CEZARINA,8090
5,Centro-Oeste,52,GO,Goiás,5206,MACRORREGIAO SUDOESTE,52016,Sudoeste II,520547,GO - CHAPADAO DO CEU,12870
5,Centro-Oeste,52,GO,Goiás,5207,MACRORREGIAO NORDESTE,52004,Entorno Sul,520549,GO - CIDADE OCIDENTAL,91767
5,Centro-Oeste,52,GO,Goiás,5209,MACRORREGIAO CENTRO-NORTE,52011,Pirineus,520551,GO - COCALZINHO DE GOIAS,25016
5,Centro-Oeste,52,GO,Goiás,5209,MACRORREGIAO CENTRO-NORTE,52014,Serra da Mesa,520552,GO - COLINAS DO SUL,4030
5,Centro-Oeste,52,GO,Goiás,5208,MACRORREGIAO CENTRO-OESTE,52010,Oeste II,520570,GO - CORREGO DO OURO,2454
5,Centro-Oeste,52,GO,Goiás,5209,MACRORREGIAO CENTRO-NORTE,52011,Pirineus,520580,GO - CORUMBA DE GOIAS,10562
5,Centro-Oeste,52,GO,Goiás,5210,MACRORREGIAO CENTRO SUDESTE,52005,Estrada de Ferro,520590,GO - CORUMBAIBA,9164
5,Centro-Oeste,52,GO,Goiás,5207,MACRORREGIAO NORDESTE,52004,Entorno Sul,520620,GO - CRISTALINA,62337
5,Centro-Oeste,52,GO,Goiás,5210,MACRORREGIAO CENTRO SUDESTE,52002,Centro Sul,520630,GO - CRISTIANOPOLIS,3504
5,Centro-Oeste,52,GO,Goiás,5209,MACRORREGIAO CENTRO-NORTE,52013,Sao Patricio I,520640,GO - CRIXAS,17065
5,Centro-Oeste,52,GO,Goiás,5210,MACRORREGIAO CENTRO SUDESTE,52002,Centro Sul,520650,GO - CROMINIA,3883
5,Centro-Oeste,52,GO,Goiás,5210,MACRORREGIAO CENTRO SUDESTE,52005,Estrada de Ferro,520660,GO - CUMARI,2927
5,Centro-Oeste,52,GO,Goiás,5207,MACRORREGIAO NORDESTE,52007,Nordeste II,520670,GO - DAMIANOPOLIS,3770
5,Centro-Oeste,52,GO,Goiás,5208,MACRORREGIAO CENTRO-OESTE,52001,Central,520680,GO - DAMOLANDIA,2724
5,Centro-Oeste,52,GO,Goiás,5210,MACRORREGIAO CENTRO SUDESTE,52005,Estrada de Ferro,520690,GO - DAVINOPOLIS,1902
5,Centro-Oeste,52,GO,Goiás,5208,MACRORREGIAO CENTRO-OESTE,52009,Oeste I,520710,GO - DIORAMA,2062
5,Centro-Oeste,52,GO,Goiás,5207,MACRORREGIAO NORDESTE,52006,Nordeste I,520830,GO - DIVINOPOLIS DE GOIAS,4457
5,Centro-Oeste,52,GO,Goiás,5206,MACRORREGIAO SUDOESTE,52016,Sudoeste II,520725,GO - DOVERLANDIA,6956
5,Centro-Oeste,52,GO,Goiás,5210,MACRORREGIAO CENTRO SUDESTE,52002,Centro Sul,520735,GO - EDEALINA,4001
5,Centro-Oeste,52,GO,Goiás,5210,MACRORREGIAO CENTRO SUDESTE,52002,Centro Sul,520740,GO - EDEIA,11747
5,Centro-Oeste,52,GO,Goiás,5209,MACRORREGIAO CENTRO-NORTE,52008,Norte,520750,GO - ESTRELA DO NORTE,3205
5,Centro-Oeste,52,GO,Goiás,5208,MACRORREGIAO CENTRO-OESTE,52012,Rio Vermelho,520753,GO - FAINA,7070
5,Centro-Oeste,52,GO,Goiás,5208,MACRORREGIAO CENTRO-OESTE,52009,Oeste I,520760,GO - FAZENDA NOVA,5877
5,Centro-Oeste,52,GO,Goiás,5208,MACRORREGIAO CENTRO-OESTE,52010,Oeste II,520780,GO - FIRMINOPOLIS,10419
5,Centro-Oeste,52,GO,Goiás,5207,MACRORREGIAO NORDESTE,52003,Entorno Norte,520790,GO - FLORES DE GOIAS,13744
5,Centro-Oeste,52,GO,Goiás,5207,MACRORREGIAO NORDESTE,52003,Entorno Norte,520800,GO - FORMOSA,115901
5,Centro-Oeste,52,GO,Goiás,5209,MACRORREGIAO CENTRO-NORTE,52008,Norte,520810,GO - FORMOSO,4660
5,Centro-Oeste,52,GO,Goiás,5209,MACRORREGIAO CENTRO-NORTE,52011,Pirineus,520815,GO - GAMELEIRA DE GOIAS,3456
5,Centro-Oeste,52,GO,Goiás,5209,MACRORREGIAO CENTRO-NORTE,52011,Pirineus,520840,GO - GOIANAPOLIS,13967
5,Centro-Oeste,52,GO,Goiás,5210,MACRORREGIAO CENTRO SUDESTE,52005,Estrada de Ferro,520850,GO - GOIANDIRA,4973
5,Centro-Oeste,52,GO,Goiás,5209,MACRORREGIAO CENTRO-NORTE,52018,Sao Patricio II,520860,GO - GOIANESIA,73707
5,Centro-Oeste,52,GO,Goiás,5208,MACRORREGIAO CENTRO-OESTE,52001,Central,520870,GO - GOIANIA,1437366
5,Centro-Oeste,52,GO,Goiás,5208,MACRORREGIAO CENTRO-OESTE,52001,Central,520880,GO - GOIANIRA,71916
5,Centro-Oeste,52,GO,Goiás,5208,MACRORREGIAO CENTRO-OESTE,52012,Rio Vermelho,520890,GO - GOIAS,24071
5,Centro-Oeste,52,GO,Goiás,5210,MACRORREGIAO CENTRO SUDESTE,52017,Sul,520910,GO - GOIATUBA,35664
5,Centro-Oeste,52,GO,Goiás,5210,MACRORREGIAO CENTRO SUDESTE,52017,Sul,520915,GO - GOUVELANDIA,4390
5,Centro-Oeste,52,GO,Goiás,5208,MACRORREGIAO CENTRO-OESTE,52001,Central,520920,GO - GUAPO,19545
5,Centro-Oeste,52,GO,Goiás,5208,MACRORREGIAO CENTRO-OESTE,52012,Rio Vermelho,520929,GO - GUARAITA,2188
5,Centro-Oeste,52,GO,Goiás,5207,MACRORREGIAO NORDESTE,52007,Nordeste II,520940,GO - GUARANI DE GOIAS,4085
5,Centro-Oeste,52,GO,Goiás,5209,MACRORREGIAO CENTRO-NORTE,52013,Sao Patricio I,520945,GO - GUARINOS,2161
5,Centro-Oeste,52,GO,Goiás,5208,MACRORREGIAO CENTRO-OESTE,52012,Rio Vermelho,520960,GO - HEITORAI,3354
5,Centro-Oeste,52,GO,Goiás,5210,MACRORREGIAO CENTRO SUDESTE,52002,Centro Sul,520970,GO - HIDROLANDIA,27742
5,Centro-Oeste,52,GO,Goiás,5209,MACRORREGIAO CENTRO-NORTE,52014,Serra da Mesa,520980,GO - HIDROLINA,3545
5,Centro-Oeste,52,GO,Goiás,5207,MACRORREGIAO NORDESTE,52007,Nordeste II,520990,GO - IACIARA,10584
5,Centro-Oeste,52,GO,Goiás,5210,MACRORREGIAO CENTRO SUDESTE,52017,Sul,520993,GO - INACIOLANDIA,5954
5,Centro-Oeste,52,GO,Goiás,5210,MACRORREGIAO CENTRO SUDESTE,52002,Centro Sul,520995,GO - INDIARA,17061
5,Centro-Oeste,52,GO,Goiás,5208,MACRORREGIAO CENTRO-OESTE,52001,Central,521000,GO - INHUMAS,52204
5,Centro-Oeste,52,GO,Goiás,5210,MACRORREGIAO CENTRO SUDESTE,52005,Estrada de Ferro,521010,GO - IPAMERI,25548
5,Centro-Oeste,52,GO,Goiás,5209,MACRORREGIAO CENTRO-NORTE,52013,Sao Patricio I,521015,GO - IPIRANGA DE GOIAS,2919
5,Centro-Oeste,52,GO,Goiás,5208,MACRORREGIAO CENTRO-OESTE,52009,Oeste I,521020,GO - IPORA,35684
5,Centro-Oeste,52,GO,Goiás,5208,MACRORREGIAO CENTRO-OESTE,52009,Oeste I,521030,GO - ISRAELANDIA,2560
5,Centro-Oeste,52,GO,Goiás,5208,MACRORREGIAO CENTRO-OESTE,52012,Rio Vermelho,521040,GO - ITABERAI,44734
5,Centro-Oeste,52,GO,Goiás,5208,MACRORREGIAO CENTRO-OESTE,52001,Central,521056,GO - ITAGUARI,4963
5,Centro-Oeste,52,GO,Goiás,5209,MACRORREGIAO CENTRO-NORTE,52018,Sao Patricio II,521060,GO - ITAGUARU,4904
5,Centro-Oeste,52,GO,Goiás,5206,MACRORREGIAO SUDOESTE,52015,Sudoeste I,521080,GO - ITAJA,4380
5,Centro-Oeste,52,GO,Goiás,5209,MACRORREGIAO CENTRO-NORTE,52013,Sao Patricio I,521090,GO - ITAPACI,21087
5,Centro-Oeste,52,GO,Goiás,5208,MACRORREGIAO CENTRO-OESTE,52012,Rio Vermelho,521100,GO - ITAPIRAPUA,8007
5,Centro-Oeste,52,GO,Goiás,5208,MACRORREGIAO CENTRO-OESTE,52012,Rio Vermelho,521120,GO - ITAPURANGA,26113
5,Centro-Oeste,52,GO,Goiás,5206,MACRORREGIAO SUDOESTE,52015,Sudoeste I,521130,GO - ITARUMA,6101
5,Centro-Oeste,52,GO,Goiás,5208,MACRORREGIAO CENTRO-OESTE,52001,Central,521140,GO - ITAUCU,7736
5,Centro-Oeste,52,GO,Goiás,5210,MACRORREGIAO CENTRO SUDESTE,52017,Sul,521150,GO - ITUMBIARA,107970
5,Centro-Oeste,52,GO,Goiás,5208,MACRORREGIAO CENTRO-OESTE,52009,Oeste I,521160,GO - IVOLANDIA,2693
5,Centro-Oeste,52,GO,Goiás,5210,MACRORREGIAO CENTRO SUDESTE,52002,Centro Sul,521170,GO - JANDAIA,6272
5,Centro-Oeste,52,GO,Goiás,5209,MACRORREGIAO CENTRO-NORTE,52018,Sao Patricio II,521180,GO - JARAGUA,45223
5,Centro-Oeste,52,GO,Goiás,5206,MACRORREGIAO SUDOESTE,52016,Sudoeste II,521190,GO - JATAI,105729
5,Centro-Oeste,52,GO,Goiás,5208,MACRORREGIAO CENTRO-OESTE,52009,Oeste I,521200,GO - JAUPACI,2924
5,Centro-Oeste,52,GO,Goiás,5208,MACRORREGIAO CENTRO-OESTE,52001,Central,521205,GO - JESUPOLIS,2123
5,Centro-Oeste,52,GO,Goiás,5210,MACRORREGIAO CENTRO SUDESTE,52017,Sul,521210,GO - JOVIANIA,7159
5,Centro-Oeste,52,GO,Goiás,5208,MACRORREGIAO CENTRO-OESTE,52012,Rio Vermelho,521220,GO - JUSSARA,19620
5,Centro-Oeste,52,GO,Goiás,5206,MACRORREGIAO SUDOESTE,52015,Sudoeste I,521225,GO - LAGOA SANTA,1390
5,Centro-Oeste,52,GO,Goiás,5210,MACRORREGIAO CENTRO SUDESTE,52002,Centro Sul,521230,GO - LEOPOLDO DE BULHOES,8745
5,Centro-Oeste,52,GO,Goiás,5207,MACRORREGIAO NORDESTE,52004,Entorno Sul,521250,GO - LUZIANIA,209129
5,Centro-Oeste,52,GO,Goiás,5210,MACRORREGIAO CENTRO SUDESTE,52002,Centro Sul,521260,GO - MAIRIPOTABA,2561
5,Centro-Oeste,52,GO,Goiás,5207,MACRORREGIAO NORDESTE,52007,Nordeste II,521270,GO - MAMBAI,8124
5,Centro-Oeste,52,GO,Goiás,5209,MACRORREGIAO CENTRO-NORTE,52014,Serra da Mesa,521280,GO - MARA ROSA,10700
5,Centro-Oeste,52,GO,Goiás,5210,MACRORREGIAO CENTRO SUDESTE,52005,Estrada de Ferro,521290,GO - MARZAGAO,2758
5,Centro-Oeste,52,GO,Goiás,5208,MACRORREGIAO CENTRO-OESTE,52012,Rio Vermelho,521295,GO - MATRINCHA,4042
5,Centro-Oeste,52,GO,Goiás,5206,MACRORREGIAO SUDOESTE,52015,Sudoeste I,521300,GO - MAURILANDIA,10304
5,Centro-Oeste,52,GO,Goiás,5209,MACRORREGIAO CENTRO-NORTE,52018,Sao Patricio II,521305,GO - MIMOSO DE GOIAS,2614
5,Centro-Oeste,52,GO,Goiás,5209,MACRORREGIAO CENTRO-NORTE,52008,Norte,521308,GO - MINACU,27075
5,Centro-Oeste,52,GO,Goiás,5206,MACRORREGIAO SUDOESTE,52016,Sudoeste II,521310,GO - MINEIROS,70081
5,Centro-Oeste,52,GO,Goiás,5208,MACRORREGIAO CENTRO-OESTE,52009,Oeste I,521340,GO - MOIPORA,1685
5,Centro-Oeste,52,GO,Goiás,5207,MACRORREGIAO NORDESTE,52006,Nordeste I,521350,GO - MONTE ALEGRE DE GOIAS,6692
5,Centro-Oeste,52,GO,Goiás,5208,MACRORREGIAO CENTRO-OESTE,52009,Oeste I,521370,GO - MONTES CLAROS DE GOIAS,8756
5,Centro-Oeste,52,GO,Goiás,5206,MACRORREGIAO SUDOESTE,52015,Sudoeste I,521375,GO - MONTIVIDIU,12521
5,Centro-Oeste,52,GO,Goiás,5209,MACRORREGIAO CENTRO-NORTE,52008,Norte,521377,GO - MONTIVIDIU DO NORTE,3779
5,Centro-Oeste,52,GO,Goiás,5210,MACRORREGIAO CENTRO SUDESTE,52017,Sul,521380,GO - MORRINHOS,51351
5,Centro-Oeste,52,GO,Goiás,5209,MACRORREGIAO CENTRO-NORTE,52013,Sao Patricio I,521385,GO - MORRO AGUDO DE GOIAS,2456
5,Centro-Oeste,52,GO,Goiás,5208,MACRORREGIAO CENTRO-OESTE,52012,Rio Vermelho,521390,GO - MOSSAMEDES,4654
5,Centro-Oeste,52,GO,Goiás,5208,MACRORREGIAO CENTRO-OESTE,52012,Rio Vermelho,521400,GO - MOZARLANDIA,14750
5,Centro-Oeste,52,GO,Goiás,5209,MACRORREGIAO CENTRO-NORTE,52008,Norte,521405,GO - MUNDO NOVO,6189
5,Centro-Oeste,52,GO,Goiás,5209,MACRORREGIAO CENTRO-NORTE,52008,Norte,521410,GO - MUTUNOPOLIS,3564
5,Centro-Oeste,52,GO,Goiás,5208,MACRORREGIAO CENTRO-OESTE,52001,Central,521440,GO - NAZARIO,8189
5,Centro-Oeste,52,GO,Goiás,5208,MACRORREGIAO CENTRO-OESTE,52001,Central,521450,GO - NEROPOLIS,31932
5,Centro-Oeste,52,GO,Goiás,5209,MACRORREGIAO CENTRO-NORTE,52014,Serra da Mesa,521460,GO - NIQUELANDIA,34964
5,Centro-Oeste,52,GO,Goiás,5209,MACRORREGIAO CENTRO-NORTE,52013,Sao Patricio I,521470,GO - NOVA AMERICA,2337
5,Centro-Oeste,52,GO,Goiás,5210,MACRORREGIAO CENTRO SUDESTE,52005,Estrada de Ferro,521480,GO - NOVA AURORA,2101
5,Centro-Oeste,52,GO,Goiás,5208,MACRORREGIAO CENTRO-OESTE,52012,Rio Vermelho,521483,GO - NOVA CRIXAS,12815
5,Centro-Oeste,52,GO,Goiás,5209,MACRORREGIAO CENTRO-NORTE,52013,Sao Patricio I,521486,GO - NOVA GLORIA,8310
5,Centro-Oeste,52,GO,Goiás,5209,MACRORREGIAO CENTRO-NORTE,52014,Serra da Mesa,521487,GO - NOVA IGUACU DE GOIAS,3010
5,Centro-Oeste,52,GO,Goiás,5207,MACRORREGIAO NORDESTE,52007,Nordeste II,521490,GO - NOVA ROMA,3076
5,Centro-Oeste,52,GO,Goiás,5208,MACRORREGIAO CENTRO-OESTE,52001,Central,521500,GO - NOVA VENEZA,9481
5,Centro-Oeste,52,GO,Goiás,5208,MACRORREGIAO CENTRO-OESTE,52009,Oeste I,521520,GO - NOVO BRASIL,3527
5,Centro-Oeste,52,GO,Goiás,5207,MACRORREGIAO NORDESTE,52004,Entorno Sul,521523,GO - NOVO GAMA,103804
5,Centro-Oeste,52,GO,Goiás,5209,MACRORREGIAO CENTRO-NORTE,52008,Norte,521525,GO - NOVO PLANALTO,3716
5,Centro-Oeste,52,GO,Goiás,5210,MACRORREGIAO CENTRO SUDESTE,52002,Centro Sul,521530,GO - ORIZONA,16399
5,Centro-Oeste,52,GO,Goiás,5208,MACRORREGIAO CENTRO-OESTE,52001,Central,521540,GO - OURO VERDE DE GOIAS,4057
5,Centro-Oeste,52,GO,Goiás,5210,MACRORREGIAO CENTRO SUDESTE,52005,Estrada de Ferro,521550,GO - OUVIDOR,7200
5,Centro-Oeste,52,GO,Goiás,5209,MACRORREGIAO CENTRO-NORTE,52018,Sao Patricio II,521560,GO - PADRE BERNARDO,34967
5,Centro-Oeste,52,GO,Goiás,5208,MACRORREGIAO CENTRO-OESTE,52009,Oeste I,521565,GO - PALESTINA DE GOIAS,3132
5,Centro-Oeste,52,GO,Goiás,5208,MACRORREGIAO CENTRO-OESTE,52010,Oeste II,521570,GO - PALMEIRAS DE GOIAS,31858
5,Centro-Oeste,52,GO,Goiás,5210,MACRORREGIAO CENTRO SUDESTE,52005,Estrada de Ferro,521580,GO - PALMELO,2259
5,Centro-Oeste,52,GO,Goiás,5208,MACRORREGIAO CENTRO-OESTE,52010,Oeste II,521590,GO - PALMINOPOLIS,3851
5,Centro-Oeste,52,GO,Goiás,5210,MACRORREGIAO CENTRO SUDESTE,52017,Sul,521600,GO - PANAMA,2455
5,Centro-Oeste,52,GO,Goiás,5206,MACRORREGIAO SUDOESTE,52015,Sudoeste I,521630,GO - PARANAIGUARA,7607
5,Centro-Oeste,52,GO,Goiás,5208,MACRORREGIAO CENTRO-OESTE,52010,Oeste II,521640,GO - PARAUNA,10659
5,Centro-Oeste,52,GO,Goiás,5206,MACRORREGIAO SUDOESTE,52016,Sudoeste II,521645,GO - PEROLANDIA,2964
5,Centro-Oeste,52,GO,Goiás,5208,MACRORREGIAO CENTRO-OESTE,52001,Central,521680,GO - PETROLINA DE GOIAS,9573
5,Centro-Oeste,52,GO,Goiás,5209,MACRORREGIAO CENTRO-NORTE,52013,Sao Patricio I,521690,GO - PILAR DE GOIAS,2328
5,Centro-Oeste,52,GO,Goiás,5210,MACRORREGIAO CENTRO SUDESTE,52002,Centro Sul,521710,GO - PIRACANJUBA,24883
5,Centro-Oeste,52,GO,Goiás,5208,MACRORREGIAO CENTRO-OESTE,52009,Oeste I,521720,GO - PIRANHAS,11712
5,Centro-Oeste,52,GO,Goiás,5209,MACRORREGIAO CENTRO-NORTE,52011,Pirineus,521730,GO - PIRENOPOLIS,26690
5,Centro-Oeste,52,GO,Goiás,5210,MACRORREGIAO CENTRO SUDESTE,52005,Estrada de Ferro,521740,GO - PIRES DO RIO,32373
5,Centro-Oeste,52,GO,Goiás,5207,MACRORREGIAO NORDESTE,52003,Entorno Norte,521760,GO - PLANALTINA,105031
5,Centro-Oeste,52,GO,Goiás,5210,MACRORREGIAO CENTRO SUDESTE,52002,Centro Sul,521770,GO - PONTALINA,18309
5,Centro-Oeste,52,GO,Goiás,5209,MACRORREGIAO CENTRO-NORTE,52008,Norte,521800,GO - PORANGATU,44317
5,Centro-Oeste,52,GO,Goiás,5206,MACRORREGIAO SUDOESTE,52015,Sudoeste I,521805,GO - PORTEIRAO,4070
5,Centro-Oeste,52,GO,Goiás,5206,MACRORREGIAO SUDOESTE,52016,Sudoeste II,521810,GO - PORTELANDIA,3280
5,Centro-Oeste,52,GO,Goiás,5207,MACRORREGIAO NORDESTE,52007,Nordeste II,521830,GO - POSSE,34914
5,Centro-Oeste,52,GO,Goiás,5210,MACRORREGIAO CENTRO SUDESTE,52002,Centro Sul,521839,GO - PROFESSOR JAMIL,3649
5,Centro-Oeste,52,GO,Goiás,5206,MACRORREGIAO SUDOESTE,52015,Sudoeste I,521850,GO - QUIRINOPOLIS,48447
5,Centro-Oeste,52,GO,Goiás,5209,MACRORREGIAO CENTRO-NORTE,52013,Sao Patricio I,521860,GO - RIALMA,12165
5,Centro-Oeste,52,GO,Goiás,5209,MACRORREGIAO CENTRO-NORTE,52013,Sao Patricio I,521870,GO - RIANAPOLIS,3980
5,Centro-Oeste,52,GO,Goiás,5210,MACRORREGIAO CENTRO SUDESTE,52005,Estrada de Ferro,521878,GO - RIO QUENTE,3864
5,Centro-Oeste,52,GO,Goiás,5206,MACRORREGIAO SUDOESTE,52015,Sudoeste I,521880,GO - RIO VERDE,225696
5,Centro-Oeste,52,GO,Goiás,5209,MACRORREGIAO CENTRO-NORTE,52013,Sao Patricio I,521890,GO - RUBIATABA,19788
5,Centro-Oeste,52,GO,Goiás,5208,MACRORREGIAO CENTRO-OESTE,52010,Oeste II,521900,GO - SANCLERLANDIA,7918
5,Centro-Oeste,52,GO,Goiás,5208,MACRORREGIAO CENTRO-OESTE,52001,Central,521910,GO - SANTA BARBARA DE GOIAS,6149
5,Centro-Oeste,52,GO,Goiás,5210,MACRORREGIAO CENTRO SUDESTE,52005,Estrada de Ferro,521920,GO - SANTA CRUZ DE GOIAS,3002
5,Centro-Oeste,52,GO,Goiás,5208,MACRORREGIAO CENTRO-OESTE,52012,Rio Vermelho,521925,GO - SANTA FE DE GOIAS,4951
5,Centro-Oeste,52,GO,Goiás,5206,MACRORREGIAO SUDOESTE,52015,Sudoeste I,521930,GO - SANTA HELENA DE GOIAS,38492
5,Centro-Oeste,52,GO,Goiás,5209,MACRORREGIAO CENTRO-NORTE,52013,Sao Patricio I,521935,GO - SANTA ISABEL,3538
5,Centro-Oeste,52,GO,Goiás,5206,MACRORREGIAO SUDOESTE,52016,Sudoeste II,521940,GO - SANTA RITA DO ARAGUAIA,5924
5,Centro-Oeste,52,GO,Goiás,5209,MACRORREGIAO CENTRO-NORTE,52018,Sao Patricio II,521945,GO - SANTA RITA DO NOVO DESTINO,2689
5,Centro-Oeste,52,GO,Goiás,5208,MACRORREGIAO CENTRO-OESTE,52001,Central,521950,GO - SANTA ROSA DE GOIAS,2820
5,Centro-Oeste,52,GO,Goiás,5209,MACRORREGIAO CENTRO-NORTE,52008,Norte,521960,GO - SANTA TEREZA DE GOIAS,3293
5,Centro-Oeste,52,GO,Goiás,5209,MACRORREGIAO CENTRO-NORTE,52013,Sao Patricio I,521970,GO - SANTA TEREZINHA DE GOIAS,10645
5,Centro-Oeste,52,GO,Goiás,5206,MACRORREGIAO SUDOESTE,52015,Sudoeste I,521971,GO - SANTO ANTONIO DA BARRA,4267
5,Centro-Oeste,52,GO,Goiás,5208,MACRORREGIAO CENTRO-OESTE,52001,Central,521973,GO - SANTO ANTONIO DE GOIAS,7386
5,Centro-Oeste,52,GO,Goiás,5207,MACRORREGIAO NORDESTE,52004,Entorno Sul,521975,GO - SANTO ANTONIO DO DESCOBERTO,72127
5,Centro-Oeste,52,GO,Goiás,5207,MACRORREGIAO NORDESTE,52007,Nordeste II,521980,GO - SAO DOMINGOS,9711
5,Centro-Oeste,52,GO,Goiás,5208,MACRORREGIAO CENTRO-OESTE,52001,Central,521990,GO - SAO FRANCISCO DE GOIAS,6378
5,Centro-Oeste,52,GO,Goiás,5207,MACRORREGIAO NORDESTE,52003,Entorno Norte,522000,GO - SAO JOAO D'ALIANCA,14041
5,Centro-Oeste,52,GO,Goiás,5208,MACRORREGIAO CENTRO-OESTE,52010,Oeste II,522005,GO - SAO JOAO DA PARAUNA,1774
5,Centro-Oeste,52,GO,Goiás,5208,MACRORREGIAO CENTRO-OESTE,52010,Oeste II,522010,GO - SAO LUIS DE MONTES BELOS,33852
5,Centro-Oeste,52,GO,Goiás,5209,MACRORREGIAO CENTRO-NORTE,52013,Sao Patricio I,522015,GO - SAO LUIZ DO NORTE,4837
5,Centro-Oeste,52,GO,Goiás,5209,MACRORREGIAO CENTRO-NORTE,52008,Norte,522020,GO - SAO MIGUEL DO ARAGUAIA,21900
5,Centro-Oeste,52,GO,Goiás,5210,MACRORREGIAO CENTRO SUDESTE,52002,Centro Sul,522026,GO - SAO MIGUEL DO PASSA QUATRO,4464
5,Centro-Oeste,52,GO,Goiás,5209,MACRORREGIAO CENTRO-NORTE,52013,Sao Patricio I,522028,GO - SAO PATRICIO,2143
5,Centro-Oeste,52,GO,Goiás,5206,MACRORREGIAO SUDOESTE,52015,Sudoeste I,522040,GO - SAO SIMAO,17020
5,Centro-Oeste,52,GO,Goiás,5210,MACRORREGIAO CENTRO SUDESTE,52002,Centro Sul,522045,GO - SENADOR CANEDO,155635
5,Centro-Oeste,52,GO,Goiás,5206,MACRORREGIAO SUDOESTE,52016,Sudoeste II,522050,GO - SERRANOPOLIS,8027
5,Centro-Oeste,52,GO,Goiás,5210,MACRORREGIAO CENTRO SUDESTE,52002,Centro Sul,522060,GO - SILVANIA,22245
5,Centro-Oeste,52,GO,Goiás,5207,MACRORREGIAO NORDESTE,52007,Nordeste II,522068,GO - SIMOLANDIA,5742
5,Centro-Oeste,52,GO,Goiás,5207,MACRORREGIAO NORDESTE,52007,Nordeste II,522070,GO - SITIO D'ABADIA,2927
5,Centro-Oeste,52,GO,Goiás,5208,MACRORREGIAO CENTRO-OESTE,52001,Central,522100,GO - TAQUARAL DE GOIAS,4026
5,Centro-Oeste,52,GO,Goiás,5207,MACRORREGIAO NORDESTE,52006,Nordeste I,522108,GO - TERESINA DE GOIAS,2701
5,Centro-Oeste,52,GO,Goiás,5209,MACRORREGIAO CENTRO-NORTE,52011,Pirineus,522119,GO - TEREZOPOLIS DE GOIAS,7944
5,Centro-Oeste,52,GO,Goiás,5210,MACRORREGIAO CENTRO SUDESTE,52005,Estrada de Ferro,522130,GO - TRES RANCHOS,2921
5,Centro-Oeste,52,GO,Goiás,5208,MACRORREGIAO CENTRO-OESTE,52001,Central,522140,GO - TRINDADE,142431
5,Centro-Oeste,52,GO,Goiás,5209,MACRORREGIAO CENTRO-NORTE,52008,Norte,522145,GO - TROMBAS,3120
5,Centro-Oeste,52,GO,Goiás,5208,MACRORREGIAO CENTRO-OESTE,52010,Oeste II,522150,GO - TURVANIA,4480
5,Centro-Oeste,52,GO,Goiás,5206,MACRORREGIAO SUDOESTE,52015,Sudoeste I,522155,GO - TURVELANDIA,4985
5,Centro-Oeste,52,GO,Goiás,5209,MACRORREGIAO CENTRO-NORTE,52013,Sao Patricio I,522157,GO - UIRAPURU,2798
5,Centro-Oeste,52,GO,Goiás,5209,MACRORREGIAO CENTRO-NORTE,52014,Serra da Mesa,522160,GO - URUACU,42546
5,Centro-Oeste,52,GO,Goiás,5209,MACRORREGIAO CENTRO-NORTE,52013,Sao Patricio I,522170,GO - URUANA,13729
5,Centro-Oeste,52,GO,Goiás,5210,MACRORREGIAO CENTRO SUDESTE,52005,Estrada de Ferro,522180,GO - URUTAI,3553
5,Centro-Oeste,52,GO,Goiás,5207,MACRORREGIAO NORDESTE,52004,Entorno Sul,522185,GO - VALPARAISO DE GOIAS,198861
5,Centro-Oeste,52,GO,Goiás,5210,MACRORREGIAO CENTRO SUDESTE,52002,Centro Sul,522190,GO - VARJAO,3716
5,Centro-Oeste,52,GO,Goiás,5210,MACRORREGIAO CENTRO SUDESTE,52002,Centro Sul,522200,GO - VIANOPOLIS,14956
5,Centro-Oeste,52,GO,Goiás,5210,MACRORREGIAO CENTRO SUDESTE,52002,Centro Sul,522205,GO - VICENTINOPOLIS,8768
5,Centro-Oeste,52,GO,Goiás,5207,MACRORREGIAO NORDESTE,52003,Entorno Norte,522220,GO - VILA BOA,4215
5,Centro-Oeste,52,GO,Goiás,5209,MACRORREGIAO CENTRO-NORTE,52018,Sao Patricio II,522230,GO - VILA PROPICIO,5815
2,Nordeste,21,MA,Maranhão,2109,MACRORREGIAO SUL,21001,Acailandia,210005,MA - ACAILANDIA,106550
2,Nordeste,21,MA,Maranhão,2111,MACRORREGIAO LESTE,21005,Caxias,210010,MA - AFONSO CUNHA,6144
2,Nordeste,21,MA,Maranhão,2110,MACRORREGIAO NORTE,21006,Chapadinha,210015,MA - AGUA DOCE DO MARANHAO,12142
2,Nordeste,21,MA,Maranhão,2110,MACRORREGIAO NORTE,21016,Sao Luis,210020,MA - ALCANTARA,18467
2,Nordeste,21,MA,Maranhão,2111,MACRORREGIAO LESTE,21005,Caxias,210030,MA - ALDEIAS ALTAS,23286
2,Nordeste,21,MA,Maranhão,2110,MACRORREGIAO NORTE,21002,Bacabal,210040,MA - ALTAMIRA DO MARANHAO,6447
2,Nordeste,21,MA,Maranhão,2111,MACRORREGIAO LESTE,21007,Codo,210043,MA - ALTO ALEGRE DO MARANHAO,24048
2,Nordeste,21,MA,Maranhão,2110,MACRORREGIAO NORTE,21014,Santa Ines,210047,MA - ALTO ALEGRE DO PINDARE,25710
2,Nordeste,21,MA,Maranhão,2109,MACRORREGIAO SUL,21003,Balsas,210050,MA - ALTO PARNAIBA,11109
2,Nordeste,21,MA,Maranhão,2110,MACRORREGIAO NORTE,21019,Ze Doca,210055,MA - AMAPA DO MARANHAO,7170
2,Nordeste,21,MA,Maranhão,2109,MACRORREGIAO SUL,21008,Imperatriz,210060,MA - AMARANTE DO MARANHAO,37085
2,Nordeste,21,MA,Maranhão,2110,MACRORREGIAO NORTE,21009,Itapecuru Mirim,210070,MA - ANAJATUBA,25322
2,Nordeste,21,MA,Maranhão,2110,MACRORREGIAO NORTE,21006,Chapadinha,210080,MA - ANAPURUS,13793
2,Nordeste,21,MA,Maranhão,2110,MACRORREGIAO NORTE,21011,Pinheiro,210083,MA - APICUM-ACU,17519
2,Nordeste,21,MA,Maranhão,2110,MACRORREGIAO NORTE,21019,Ze Doca,210087,MA - ARAGUANA,11181
2,Nordeste,21,MA,Maranhão,2110,MACRORREGIAO NORTE,21006,Chapadinha,210090,MA - ARAIOSES,39052
2,Nordeste,21,MA,Maranhão,2109,MACRORREGIAO SUL,21004,Barra do Corda,210095,MA - ARAME,25517
2,Nordeste,21,MA,Maranhão,2110,MACRORREGIAO NORTE,21009,Itapecuru Mirim,210100,MA - ARARI,29472
2,Nordeste,21,MA,Maranhão,2110,MACRORREGIAO NORTE,21013,Rosario,210110,MA - AXIXA,11790
2,Nordeste,21,MA,Maranhão,2110,MACRORREGIAO NORTE,21002,Bacabal,210120,MA - BACABAL,103711
2,Nordeste,21,MA,Maranhão,2110,MACRORREGIAO NORTE,21013,Rosario,210125,MA - BACABEIRA,16966
2,Nordeste,21,MA,Maranhão,2110,MACRORREGIAO NORTE,21011,Pinheiro,210130,MA - BACURI,16290
2,Nordeste,21,MA,Maranhão,2110,MACRORREGIAO NORTE,21018,Viana,210135,MA - BACURITUBA,5252
2,Nordeste,21,MA,Maranhão,2109,MACRORREGIAO SUL,21003,Balsas,210140,MA - BALSAS,101767
2,Nordeste,21,MA,Maranhão,2111,MACRORREGIAO LESTE,21015,Sao Joao dos Patos,210150,MA - BARAO DE GRAJAU,18984
2,Nordeste,21,MA,Maranhão,2109,MACRORREGIAO SUL,21004,Barra do Corda,210160,MA - BARRA DO CORDA,84532
2,Nordeste,21,MA,Maranhão,2110,MACRORREGIAO NORTE,21014,Santa Ines,210177,MA - BELA VISTA DO MARANHAO,11750
2,Nordeste,21,MA,Maranhão,2110,MACRORREGIAO NORTE,21009,Itapecuru Mirim,210173,MA - BELAGUA,8460
2,Nordeste,21,MA,Maranhão,2111,MACRORREGIAO LESTE,21015,Sao Joao dos Patos,210180,MA - BENEDITO LEITE,5469
2,Nordeste,21,MA,Maranhão,2110,MACRORREGIAO NORTE,21011,Pinheiro,210190,MA - BEQUIMAO,19584
2,Nordeste,21,MA,Maranhão,2111,MACRORREGIAO LESTE,21010,Pedreiras,210193,MA - BERNARDO DO MEARIM,5840
2,Nordeste,21,MA,Maranhão,2110,MACRORREGIAO NORTE,21019,Ze Doca,210197,MA - BOA VISTA DO GURUPI,7574
2,Nordeste,21,MA,Maranhão,2110,MACRORREGIAO NORTE,21014,Santa Ines,210200,MA - BOM JARDIM,33100
2,Nordeste,21,MA,Maranhão,2109,MACRORREGIAO SUL,21001,Acailandia,210203,MA - BOM JESUS DAS SELVAS,28599
2,Nordeste,21,MA,Maranhão,2110,MACRORREGIAO NORTE,21002,Bacabal,210207,MA - BOM LUGAR,12212
2,Nordeste,21,MA,Maranhão,2110,MACRORREGIAO NORTE,21006,Chapadinha,210210,MA - BREJO,34120
2,Nordeste,21,MA,Maranhão,2110,MACRORREGIAO NORTE,21002,Bacabal,210215,MA - BREJO DE AREIA,9218
2,Nordeste,21,MA,Maranhão,2111,MACRORREGIAO LESTE,21005,Caxias,210220,MA - BURITI,29685
2,Nordeste,21,MA,Maranhão,2111,MACRORREGIAO LESTE,21015,Sao Joao dos Patos,210230,MA - BURITI BRAVO,22455
2,Nordeste,21,MA,Maranhão,2109,MACRORREGIAO SUL,21001,Acailandia,210232,MA - BURITICUPU,55499
2,Nordeste,21,MA,Maranhão,2109,MACRORREGIAO SUL,21008,Imperatriz,210235,MA - BURITIRANA,12918
2,Nordeste,21,MA,Maranhão,2110,MACRORREGIAO NORTE,21013,Rosario,210237,MA - CACHOEIRA GRANDE,9732
2,Nordeste,21,MA,Maranhão,2110,MACRORREGIAO NORTE,21018,Viana,210240,MA - CAJAPIO,10121
2,Nordeste,21,MA,Maranhão,2110,MACRORREGIAO NORTE,21018,Viana,210250,MA - CAJARI,16412
2,Nordeste,21,MA,Maranhão,2109,MACRORREGIAO SUL,21008,Imperatriz,210255,MA - CAMPESTRE DO MARANHAO,12301
2,Nordeste,21,MA,Maranhão,2110,MACRORREGIAO NORTE,21019,Ze Doca,210260,MA - CANDIDO MENDES,19932
2,Nordeste,21,MA,Maranhão,2110,MACRORREGIAO NORTE,21009,Itapecuru Mirim,210270,MA - CANTANHEDE,24303
2,Nordeste,21,MA,Maranhão,2111,MACRORREGIAO LESTE,21012,Presidente Dutra,210275,MA - CAPINZAL DO NORTE,11374
2,Nordeste,21,MA,Maranhão,2109,MACRORREGIAO SUL,21008,Imperatriz,210280,MA - CAROLINA,24062
2,Nordeste,21,MA,Maranhão,2110,MACRORREGIAO NORTE,21019,Ze Doca,210290,MA - CARUTAPERA,24238
2,Nordeste,21,MA,Maranhão,2111,MACRORREGIAO LESTE,21005,Caxias,210300,MA - CAXIAS,156973
2,Nordeste,21,MA,Maranhão,2110,MACRORREGIAO NORTE,21011,Pinheiro,210310,MA - CEDRAL,10208
2,Nordeste,21,MA,Maranhão,2110,MACRORREGIAO NORTE,21011,Pinheiro,210312,MA - CENTRAL DO MARANHAO,7094
2,Nordeste,21,MA,Maranhão,2110,MACRORREGIAO NORTE,21019,Ze Doca,210315,MA - CENTRO DO GUILHERME,12342
2,Nordeste,21,MA,Maranhão,2110,MACRORREGIAO NORTE,21019,Ze Doca,210317,MA - CENTRO NOVO DO MARANHAO,16267
2,Nordeste,21,MA,Maranhão,2110,MACRORREGIAO NORTE,21006,Chapadinha,210320,MA - CHAPADINHA,81386
2,Nordeste,21,MA,Maranhão,2109,MACRORREGIAO SUL,21001,Acailandia,210325,MA - CIDELANDIA,12878
2,Nordeste,21,MA,Maranhão,2111,MACRORREGIAO LESTE,21007,Codo,210330,MA - CODO,114275
2,Nordeste,21,MA,Maranhão,2111,MACRORREGIAO LESTE,21005,Caxias,210340,MA - COELHO NETO,41658
2,Nordeste,21,MA,Maranhão,2111,MACRORREGIAO LESTE,21015,Sao Joao dos Patos,210350,MA - COLINAS,40316
2,Nordeste,21,MA,Maranhão,2110,MACRORREGIAO NORTE,21002,Bacabal,210355,MA - CONCEICAO DO LAGO-ACU,14915
2,Nordeste,21,MA,Maranhão,2111,MACRORREGIAO LESTE,21007,Codo,210360,MA - COROATA,59566
2,Nordeste,21,MA,Maranhão,2110,MACRORREGIAO NORTE,21011,Pinheiro,210370,MA - CURURUPU,31558
2,Nordeste,21,MA,Maranhão,2109,MACRORREGIAO SUL,21008,Imperatriz,210375,MA - DAVINOPOLIS,14404
2,Nordeste,21,MA,Maranhão,2111,MACRORREGIAO LESTE,21012,Presidente Dutra,210380,MA - DOM PEDRO,23053
2,Nordeste,21,MA,Maranhão,2111,MACRORREGIAO LESTE,21005,Caxias,210390,MA - DUQUE BACELAR,10223
2,Nordeste,21,MA,Maranhão,2111,MACRORREGIAO LESTE,21010,Pedreiras,210400,MA - ESPERANTINOPOLIS,18311
2,Nordeste,21,MA,Maranhão,2109,MACRORREGIAO SUL,21008,Imperatriz,210405,MA - ESTREITO,33294
2,Nordeste,21,MA,Maranhão,2109,MACRORREGIAO SUL,21003,Balsas,210407,MA - FEIRA NOVA DO MARANHAO,8048
2,Nordeste,21,MA,Maranhão,2109,MACRORREGIAO SUL,21004,Barra do Corda,210408,MA - FERNANDO FALCAO,10873
2,Nordeste,21,MA,Maranhão,2109,MACRORREGIAO SUL,21003,Balsas,210409,MA - FORMOSA DA SERRA NEGRA,17719
2,Nordeste,21,MA,Maranhão,2109,MACRORREGIAO SUL,21003,Balsas,210410,MA - FORTALEZA DOS NOGUEIRAS,12640
2,Nordeste,21,MA,Maranhão,2111,MACRORREGIAO LESTE,21012,Presidente Dutra,210420,MA - FORTUNA,16976
2,Nordeste,21,MA,Maranhão,2110,MACRORREGIAO NORTE,21019,Ze Doca,210430,MA - GODOFREDO VIANA,10186
2,Nordeste,21,MA,Maranhão,2111,MACRORREGIAO LESTE,21012,Presidente Dutra,210440,MA - GONCALVES DIAS,17206
2,Nordeste,21,MA,Maranhão,2111,MACRORREGIAO LESTE,21012,Presidente Dutra,210450,MA - GOVERNADOR ARCHER,10231
2,Nordeste,21,MA,Maranhão,2109,MACRORREGIAO SUL,21008,Imperatriz,210455,MA - GOVERNADOR EDISON LOBAO,18411
2,Nordeste,21,MA,Maranhão,2111,MACRORREGIAO LESTE,21012,Presidente Dutra,210460,MA - GOVERNADOR EUGENIO BARROS,13930
2,Nordeste,21,MA,Maranhão,2111,MACRORREGIAO LESTE,21012,Presidente Dutra,210462,MA - GOVERNADOR LUIZ ROCHA,7063
2,Nordeste,21,MA,Maranhão,2110,MACRORREGIAO NORTE,21014,Santa Ines,210465,MA - GOVERNADOR NEWTON BELLO,10713
2,Nordeste,21,MA,Maranhão,2110,MACRORREGIAO NORTE,21019,Ze Doca,210467,MA - GOVERNADOR NUNES FREIRE,23128
2,Nordeste,21,MA,Maranhão,2111,MACRORREGIAO LESTE,21012,Presidente Dutra,210470,MA - GRACA ARANHA,6023
2,Nordeste,21,MA,Maranhão,2109,MACRORREGIAO SUL,21004,Barra do Corda,210480,MA - GRAJAU,73872
2,Nordeste,21,MA,Maranhão,2110,MACRORREGIAO NORTE,21011,Pinheiro,210490,MA - GUIMARAES,10290
2,Nordeste,21,MA,Maranhão,2110,MACRORREGIAO NORTE,21013,Rosario,210500,MA - HUMBERTO DE CAMPOS,25680
2,Nordeste,21,MA,Maranhão,2110,MACRORREGIAO NORTE,21013,Rosario,210510,MA - ICATU,24794
2,Nordeste,21,MA,Maranhão,2110,MACRORREGIAO NORTE,21014,Santa Ines,210515,MA - IGARAPE DO MEIO,13974
2,Nordeste,21,MA,Maranhão,2111,MACRORREGIAO LESTE,21010,Pedreiras,210520,MA - IGARAPE GRANDE,10231
2,Nordeste,21,MA,Maranhão,2109,MACRORREGIAO SUL,21008,Imperatriz,210530,MA - IMPERATRIZ,273110
2,Nordeste,21,MA,Maranhão,2109,MACRORREGIAO SUL,21004,Barra do Corda,210535,MA - ITAIPAVA DO GRAJAU,13828
2,Nordeste,21,MA,Maranhão,2110,MACRORREGIAO NORTE,21009,Itapecuru Mirim,210540,MA - ITAPECURU MIRIM,60440
2,Nordeste,21,MA,Maranhão,2109,MACRORREGIAO SUL,21001,Acailandia,210542,MA - ITINGA DO MARANHAO,22513
2,Nordeste,21,MA,Maranhão,2111,MACRORREGIAO LESTE,21015,Sao Joao dos Patos,210545,MA - JATOBA,7471
2,Nordeste,21,MA,Maranhão,2109,MACRORREGIAO SUL,21004,Barra do Corda,210547,MA - JENIPAPO DOS VIEIRAS,17076
2,Nordeste,21,MA,Maranhão,2109,MACRORREGIAO SUL,21008,Imperatriz,210550,MA - JOAO LISBOA,24709
2,Nordeste,21,MA,Maranhão,2111,MACRORREGIAO LESTE,21012,Presidente Dutra,210560,MA - JOSELANDIA,14924
2,Nordeste,21,MA,Maranhão,2110,MACRORREGIAO NORTE,21019,Ze Doca,210565,MA - JUNCO DO MARANHAO,5146
2,Nordeste,21,MA,Maranhão,2111,MACRORREGIAO LESTE,21010,Pedreiras,210570,MA - LAGO DA PEDRA,44403
2,Nordeste,21,MA,Maranhão,2111,MACRORREGIAO LESTE,21010,Pedreiras,210580,MA - LAGO DO JUNCO,9506
2,Nordeste,21,MA,Maranhão,2111,MACRORREGIAO LESTE,21010,Pedreiras,210594,MA - LAGO DOS RODRIGUES,8758
2,Nordeste,21,MA,Maranhão,2110,MACRORREGIAO NORTE,21002,Bacabal,210590,MA - LAGO VERDE,14769
2,Nordeste,21,MA,Maranhão,2111,MACRORREGIAO LESTE,21015,Sao Joao dos Patos,210592,MA - LAGOA DO MATO,10572
2,Nordeste,21,MA,Maranhão,2111,MACRORREGIAO LESTE,21010,Pedreiras,210596,MA - LAGOA GRANDE DO MARANHAO,11411
2,Nordeste,21,MA,Maranhão,2109,MACRORREGIAO SUL,21008,Imperatriz,210598,MA - LAJEADO NOVO,7057
2,Nordeste,21,MA,Maranhão,2111,MACRORREGIAO LESTE,21010,Pedreiras,210600,MA - LIMA CAMPOS,11297
2,Nordeste,21,MA,Maranhão,2109,MACRORREGIAO SUL,21003,Balsas,210610,MA - LORETO,11597
2,Nordeste,21,MA,Maranhão,2110,MACRORREGIAO NORTE,21019,Ze Doca,210620,MA - LUIS DOMINGUES,7161
2,Nordeste,21,MA,Maranhão,2110,MACRORREGIAO NORTE,21006,Chapadinha,210630,MA - MAGALHAES DE ALMEIDA,13807
2,Nordeste,21,MA,Maranhão,2110,MACRORREGIAO NORTE,21019,Ze Doca,210632,MA - MARACACUME,21149
2,Nordeste,21,MA,Maranhão,2110,MACRORREGIAO NORTE,21002,Bacabal,210635,MA - MARAJA DO SENA,7027
2,Nordeste,21,MA,Maranhão,2110,MACRORREGIAO NORTE,21019,Ze Doca,210637,MA - MARANHAOZINHO,13761
2,Nordeste,21,MA,Maranhão,2110,MACRORREGIAO NORTE,21006,Chapadinha,210640,MA - MATA ROMA,17090
2,Nordeste,21,MA,Maranhão,2110,MACRORREGIAO NORTE,21018,Viana,210650,MA - MATINHA,22034
2,Nordeste,21,MA,Maranhão,2111,MACRORREGIAO LESTE,21017,Timon,210660,MA - MATOES,32174
2,Nordeste,21,MA,Maranhão,2110,MACRORREGIAO NORTE,21009,Itapecuru Mirim,210663,MA - MATOES DO NORTE,17432
2,Nordeste,21,MA,Maranhão,2110,MACRORREGIAO NORTE,21006,Chapadinha,210667,MA - MILAGRES DO MARANHAO,8818
2,Nordeste,21,MA,Maranhão,2111,MACRORREGIAO LESTE,21015,Sao Joao dos Patos,210670,MA - MIRADOR,21030
2,Nordeste,21,MA,Maranhão,2110,MACRORREGIAO NORTE,21009,Itapecuru Mirim,210675,MA - MIRANDA DO NORTE,23864
2,Nordeste,21,MA,Maranhão,2110,MACRORREGIAO NORTE,21011,Pinheiro,210680,MA - MIRINZAL,13978
2,Nordeste,21,MA,Maranhão,2110,MACRORREGIAO NORTE,21014,Santa Ines,210690,MA - MONCAO,27751
2,Nordeste,21,MA,Maranhão,2109,MACRORREGIAO SUL,21008,Imperatriz,210700,MA - MONTES ALTOS,9106
2,Nordeste,21,MA,Maranhão,2110,MACRORREGIAO NORTE,21013,Rosario,210710,MA - MORROS,18554
2,Nordeste,21,MA,Maranhão,2110,MACRORREGIAO NORTE,21009,Itapecuru Mirim,210720,MA - NINA RODRIGUES,14176
2,Nordeste,21,MA,Maranhão,2109,MACRORREGIAO SUL,21003,Balsas,210725,MA - NOVA COLINAS,5021
2,Nordeste,21,MA,Maranhão,2111,MACRORREGIAO LESTE,21015,Sao Joao dos Patos,210730,MA - NOVA IORQUE,4320
2,Nordeste,21,MA,Maranhão,2110,MACRORREGIAO NORTE,21019,Ze Doca,210735,MA - NOVA OLINDA DO MARANHAO,14314
2,Nordeste,21,MA,Maranhão,2110,MACRORREGIAO NORTE,21002,Bacabal,210740,MA - OLHO D'AGUA DAS CUNHAS,17919
2,Nordeste,21,MA,Maranhão,2110,MACRORREGIAO NORTE,21018,Viana,210745,MA - OLINDA NOVA DO MARANHAO,13577
2,Nordeste,21,MA,Maranhão,2110,MACRORREGIAO NORTE,21016,Sao Luis,210750,MA - PACO DO LUMIAR,145643
2,Nordeste,21,MA,Maranhão,2110,MACRORREGIAO NORTE,21018,Viana,210760,MA - PALMEIRANDIA,21059
2,Nordeste,21,MA,Maranhão,2111,MACRORREGIAO LESTE,21015,Sao Joao dos Patos,210770,MA - PARAIBANO,18274
2,Nordeste,21,MA,Maranhão,2111,MACRORREGIAO LESTE,21017,Timon,210780,MA - PARNARAMA,31250
2,Nordeste,21,MA,Maranhão,2111,MACRORREGIAO LESTE,21015,Sao Joao dos Patos,210790,MA - PASSAGEM FRANCA,17220
2,Nordeste,21,MA,Maranhão,2111,MACRORREGIAO LESTE,21015,Sao Joao dos Patos,210800,MA - PASTOS BONS,18802
2,Nordeste,21,MA,Maranhão,2110,MACRORREGIAO NORTE,21006,Chapadinha,210805,MA - PAULINO NEVES,17056
2,Nordeste,21,MA,Maranhão,2110,MACRORREGIAO NORTE,21002,Bacabal,210810,MA - PAULO RAMOS,20341
2,Nordeste,21,MA,Maranhão,2111,MACRORREGIAO LESTE,21010,Pedreiras,210820,MA - PEDREIRAS,37050
2,Nordeste,21,MA,Maranhão,2110,MACRORREGIAO NORTE,21011,Pinheiro,210825,MA - PEDRO DO ROSARIO,24320
2,Nordeste,21,MA,Maranhão,2110,MACRORREGIAO NORTE,21018,Viana,210830,MA - PENALVA,32511
2,Nordeste,21,MA,Maranhão,2110,MACRORREGIAO NORTE,21011,Pinheiro,210840,MA - PERI MIRIM,11108
2,Nordeste,21,MA,Maranhão,2111,MACRORREGIAO LESTE,21007,Codo,210845,MA - PERITORO,20479
2,Nordeste,21,MA,Maranhão,2110,MACRORREGIAO NORTE,21014,Santa Ines,210850,MA - PINDARE-MIRIM,31429
2,Nordeste,21,MA,Maranhão,2110,MACRORREGIAO NORTE,21011,Pinheiro,210860,MA - PINHEIRO,84621
2,Nordeste,21,MA,Maranhão,2110,MACRORREGIAO NORTE,21014,Santa Ines,210870,MA - PIO XII,21886
2,Nordeste,21,MA,Maranhão,2110,MACRORREGIAO NORTE,21009,Itapecuru Mirim,210880,MA - PIRAPEMAS,17714
2,Nordeste,21,MA,Maranhão,2111,MACRORREGIAO LESTE,21010,Pedreiras,210890,MA - POCAO DE PEDRAS,17161
2,Nordeste,21,MA,Maranhão,2109,MACRORREGIAO SUL,21008,Imperatriz,210900,MA - PORTO FRANCO,23903
2,Nordeste,21,MA,Maranhão,2110,MACRORREGIAO NORTE,21011,Pinheiro,210905,MA - PORTO RICO DO MARANHAO,5954
2,Nordeste,21,MA,Maranhão,2111,MACRORREGIAO LESTE,21012,Presidente Dutra,210910,MA - PRESIDENTE DUTRA,45155
2,Nordeste,21,MA,Maranhão,2110,MACRORREGIAO NORTE,21013,Rosario,210920,MA - PRESIDENTE JUSCELINO,11356
2,Nordeste,21,MA,Maranhão,2110,MACRORREGIAO NORTE,21019,Ze Doca,210923,MA - PRESIDENTE MEDICI,4696
2,Nordeste,21,MA,Maranhão,2110,MACRORREGIAO NORTE,21011,Pinheiro,210927,MA - PRESIDENTE SARNEY,17511
2,Nordeste,21,MA,Maranhão,2110,MACRORREGIAO NORTE,21009,Itapecuru Mirim,210930,MA - PRESIDENTE VARGAS,10549
2,Nordeste,21,MA,Maranhão,2110,MACRORREGIAO NORTE,21013,Rosario,210940,MA - PRIMEIRA CRUZ,13614
2,Nordeste,21,MA,Maranhão,2110,MACRORREGIAO NORTE,21016,Sao Luis,210945,MA - RAPOSA,30839
2,Nordeste,21,MA,Maranhão,2109,MACRORREGIAO SUL,21003,Balsas,210950,MA - RIACHAO,22145
2,Nordeste,21,MA,Maranhão,2109,MACRORREGIAO SUL,21008,Imperatriz,210955,MA - RIBAMAR FIQUENE,7420
2,Nordeste,21,MA,Maranhão,2110,MACRORREGIAO NORTE,21013,Rosario,210960,MA - ROSARIO,38475
2,Nordeste,21,MA,Maranhão,2109,MACRORREGIAO SUL,21003,Balsas,210970,MA - SAMBAIBA,5568
2,Nordeste,21,MA,Maranhão,2111,MACRORREGIAO LESTE,21012,Presidente Dutra,210975,MA - SANTA FILOMENA DO MARANHAO,6697
2,Nordeste,21,MA,Maranhão,2110,MACRORREGIAO NORTE,21011,Pinheiro,210980,MA - SANTA HELENA,41561
2,Nordeste,21,MA,Maranhão,2110,MACRORREGIAO NORTE,21014,Santa Ines,210990,MA - SANTA INES,85014
2,Nordeste,21,MA,Maranhão,2110,MACRORREGIAO NORTE,21014,Santa Ines,211000,MA - SANTA LUZIA,57635
2,Nordeste,21,MA,Maranhão,2110,MACRORREGIAO NORTE,21019,Ze Doca,211003,MA - SANTA LUZIA DO PARUA,24307
2,Nordeste,21,MA,Maranhão,2110,MACRORREGIAO NORTE,21006,Chapadinha,211010,MA - SANTA QUITERIA DO MARANHAO,23957
2,Nordeste,21,MA,Maranhão,2110,MACRORREGIAO NORTE,21013,Rosario,211020,MA - SANTA RITA,37035
2,Nordeste,21,MA,Maranhão,2110,MACRORREGIAO NORTE,21006,Chapadinha,211023,MA - SANTANA DO MARANHAO,10567
2,Nordeste,21,MA,Maranhão,2110,MACRORREGIAO NORTE,21013,Rosario,211027,MA - SANTO AMARO DO MARANHAO,13949
2,Nordeste,21,MA,Maranhão,2111,MACRORREGIAO LESTE,21012,Presidente Dutra,211030,MA - SANTO ANTONIO DOS LOPES,14304
2,Nordeste,21,MA,Maranhão,2110,MACRORREGIAO NORTE,21009,Itapecuru Mirim,211040,MA - SAO BENEDITO DO RIO PRETO,18364
2,Nordeste,21,MA,Maranhão,2110,MACRORREGIAO NORTE,21018,Viana,211050,MA - SAO BENTO,46395
2,Nordeste,21,MA,Maranhão,2110,MACRORREGIAO NORTE,21006,Chapadinha,211060,MA - SAO BERNARDO,26943
2,Nordeste,21,MA,Maranhão,2111,MACRORREGIAO LESTE,21015,Sao Joao dos Patos,211065,MA - SAO DOMINGOS DO AZEITAO,7992
2,Nordeste,21,MA,Maranhão,2111,MACRORREGIAO LESTE,21012,Presidente Dutra,211070,MA - SAO DOMINGOS DO MARANHAO,34034
2,Nordeste,21,MA,Maranhão,2109,MACRORREGIAO SUL,21003,Balsas,211080,MA - SAO FELIX DE BALSAS,4402
2,Nordeste,21,MA,Maranhão,2109,MACRORREGIAO SUL,21001,Acailandia,211085,MA - SAO FRANCISCO DO BREJAO,9051
2,Nordeste,21,MA,Maranhão,2111,MACRORREGIAO LESTE,21017,Timon,211090,MA - SAO FRANCISCO DO MARANHAO,12064
2,Nordeste,21,MA,Maranhão,2110,MACRORREGIAO NORTE,21018,Viana,211100,MA - SAO JOAO BATISTA,18544
2,Nordeste,21,MA,Maranhão,2110,MACRORREGIAO NORTE,21014,Santa Ines,211102,MA - SAO JOAO DO CARU,12251
2,Nordeste,21,MA,Maranhão,2109,MACRORREGIAO SUL,21008,Imperatriz,211105,MA - SAO JOAO DO PARAISO,9904
2,Nordeste,21,MA,Maranhão,2111,MACRORREGIAO LESTE,21005,Caxias,211107,MA - SAO JOAO DO SOTER,16889
2,Nordeste,21,MA,Maranhão,2111,MACRORREGIAO LESTE,21015,Sao Joao dos Patos,211110,MA - SAO JOAO DOS PATOS,25020
2,Nordeste,21,MA,Maranhão,2110,MACRORREGIAO NORTE,21016,Sao Luis,211120,MA - SAO JOSE DE RIBAMAR,244579
2,Nordeste,21,MA,Maranhão,2111,MACRORREGIAO LESTE,21012,Presidente Dutra,211125,MA - SAO JOSE DOS BASILIOS,6957
2,Nordeste,21,MA,Maranhão,2110,MACRORREGIAO NORTE,21016,Sao Luis,211130,MA - SAO LUIS,1037775
2,Nordeste,21,MA,Maranhão,2110,MACRORREGIAO NORTE,21002,Bacabal,211140,MA - SAO LUIS GONZAGA DO MARANHAO,17818
2,Nordeste,21,MA,Maranhão,2111,MACRORREGIAO LESTE,21007,Codo,211150,MA - SAO MATEUS DO MARANHAO,38829
2,Nordeste,21,MA,Maranhão,2109,MACRORREGIAO SUL,21001,Acailandia,211153,MA - SAO PEDRO DA AGUA BRANCA,13444
2,Nordeste,21,MA,Maranhão,2109,MACRORREGIAO SUL,21003,Balsas,211157,MA - SAO PEDRO DOS CRENTES,5783
2,Nordeste,21,MA,Maranhão,2109,MACRORREGIAO SUL,21003,Balsas,211160,MA - SAO RAIMUNDO DAS MANGABEIRAS,18672
2,Nordeste,21,MA,Maranhão,2111,MACRORREGIAO LESTE,21010,Pedreiras,211163,MA - SAO RAIMUNDO DO DOCA BEZERRA,5650
2,Nordeste,21,MA,Maranhão,2111,MACRORREGIAO LESTE,21010,Pedreiras,211167,MA - SAO ROBERTO,4544
2,Nordeste,21,MA,Maranhão,2110,MACRORREGIAO NORTE,21018,Viana,211170,MA - SAO VICENTE FERRER,19498
2,Nordeste,21,MA,Maranhão,2110,MACRORREGIAO NORTE,21014,Santa Ines,211172,MA - SATUBINHA,8784
2,Nordeste,21,MA,Maranhão,2111,MACRORREGIAO LESTE,21012,Presidente Dutra,211174,MA - SENADOR ALEXANDRE COSTA,10207
2,Nordeste,21,MA,Maranhão,2109,MACRORREGIAO SUL,21008,Imperatriz,211176,MA - SENADOR LA ROCQUE,14700
2,Nordeste,21,MA,Maranhão,2110,MACRORREGIAO NORTE,21011,Pinheiro,211178,MA - SERRANO DO MARANHAO,10202
2,Nordeste,21,MA,Maranhão,2109,MACRORREGIAO SUL,21008,Imperatriz,211180,MA - SITIO NOVO,17074
2,Nordeste,21,MA,Maranhão,2111,MACRORREGIAO LESTE,21015,Sao Joao dos Patos,211190,MA - SUCUPIRA DO NORTE,10238
2,Nordeste,21,MA,Maranhão,2111,MACRORREGIAO LESTE,21015,Sao Joao dos Patos,211195,MA - SUCUPIRA DO RIACHAO,4985
2,Nordeste,21,MA,Maranhão,2109,MACRORREGIAO SUL,21003,Balsas,211200,MA - TASSO FRAGOSO,8862
2,Nordeste,21,MA,Maranhão,2111,MACRORREGIAO LESTE,21007,Codo,211210,MA - TIMBIRAS,26484
2,Nordeste,21,MA,Maranhão,2111,MACRORREGIAO LESTE,21017,Timon,211220,MA - TIMON,174465
2,Nordeste,21,MA,Maranhão,2111,MACRORREGIAO LESTE,21010,Pedreiras,211223,MA - TRIZIDELA DO VALE,22484
2,Nordeste,21,MA,Maranhão,2110,MACRORREGIAO NORTE,21014,Santa Ines,211227,MA - TUFILANDIA,5507
2,Nordeste,21,MA,Maranhão,2111,MACRORREGIAO LESTE,21012,Presidente Dutra,211230,MA - TUNTUM,36251
2,Nordeste,21,MA,Maranhão,2110,MACRORREGIAO NORTE,21011,Pinheiro,211240,MA - TURIACU,37491
2,Nordeste,21,MA,Maranhão,2110,MACRORREGIAO NORTE,21011,Pinheiro,211245,MA - TURILANDIA,31638
2,Nordeste,21,MA,Maranhão,2110,MACRORREGIAO NORTE,21006,Chapadinha,211250,MA - TUTOIA,53356
2,Nordeste,21,MA,Maranhão,2110,MACRORREGIAO NORTE,21009,Itapecuru Mirim,211260,MA - URBANO SANTOS,32812
2,Nordeste,21,MA,Maranhão,2110,MACRORREGIAO NORTE,21009,Itapecuru Mirim,211270,MA - VARGEM GRANDE,43261
2,Nordeste,21,MA,Maranhão,2110,MACRORREGIAO NORTE,21018,Viana,211280,MA - VIANA,51442
2,Nordeste,21,MA,Maranhão,2109,MACRORREGIAO SUL,21001,Acailandia,211285,MA - VILA NOVA DOS MARTIRIOS,10362
2,Nordeste,21,MA,Maranhão,2110,MACRORREGIAO NORTE,21009,Itapecuru Mirim,211290,MA - VITORIA DO MEARIM,30805
2,Nordeste,21,MA,Maranhão,2110,MACRORREGIAO NORTE,21002,Bacabal,211300,MA - VITORINO FREIRE,30845
2,Nordeste,21,MA,Maranhão,2110,MACRORREGIAO NORTE,21019,Ze Doca,211400,MA - ZE DOCA,40801
3,Sudeste,31,MG,Minas Gerais,3113,TRIANGULO DO NORTE,31074,Patrocinio/monte Carmelo,310010,MG - ABADIA DOS DOURADOS,6272
3,Sudeste,31,MG,Minas Gerais,3103,CENTRO,31024,Sete Lagoas,310020,MG - ABAETE,22675
3,Sudeste,31,MG,Minas Gerais,3110,LESTE DO SUL,31059,Manhuacu,310030,MG - ABRE CAMPO,13927
3,Sudeste,31,MG,Minas Gerais,3110,LESTE DO SUL,31060,Ponte Nova,310040,MG - ACAIACA,3909
3,Sudeste,31,MG,Minas Gerais,3114,VALE DO ACO,31037,Ipatinga,310050,MG - ACUCENA,8943
3,Sudeste,31,MG,Minas Gerais,3106,LESTE,31102,Pecanha/sao Joao Evangelista/santa Maria do Suacui,310060,MG - AGUA BOA,12589
3,Sudeste,31,MG,Minas Gerais,3112,TRIANGULO DO SUL,31072,Uberaba,310070,MG - AGUA COMPRIDA,2108
3,Sudeste,31,MG,Minas Gerais,3105,OESTE,31089,Campo Belo,310080,MG - AGUANIL,4357
3,Sudeste,31,MG,Minas Gerais,3111,NORDESTE,31062,Aguas Formosas,310090,MG - AGUAS FORMOSAS,18448
3,Sudeste,31,MG,Minas Gerais,3111,NORDESTE,31068,Pedra Azul,310100,MG - AGUAS VERMELHAS,14037
3,Sudeste,31,MG,Minas Gerais,3106,LESTE,31040,Resplendor,310110,MG - AIMORES,25269
3,Sudeste,31,MG,Minas Gerais,3101,SUL,31008,Sao Lourenco,310120,MG - AIURUOCA,6233
3,Sudeste,31,MG,Minas Gerais,3101,SUL,31008,Sao Lourenco,310130,MG - ALAGOA,2749
3,Sudeste,31,MG,Minas Gerais,3115,EXTREMO SUL,31006,Pocos de Caldas,310140,MG - ALBERTINA,2952
3,Sudeste,31,MG,Minas Gerais,3107,SUDESTE,31041,Alem Paraiba,310150,MG - ALEM PARAIBA,30717
3,Sudeste,31,MG,Minas Gerais,3116,SUDOESTE,31001,Alfenas/machado,310160,MG - ALFENAS,78970
3,Sudeste,31,MG,Minas Gerais,3102,CENTRO SUL,31013,Barbacena,310163,MG - ALFREDO VASCONCELOS,6931
3,Sudeste,31,MG,Minas Gerais,3111,NORDESTE,31094,Almenara/jacinto,310170,MG - ALMENARA,40364
3,Sudeste,31,MG,Minas Gerais,3106,LESTE,31036,Governador Valadares,310180,MG - ALPERCATA,6903
3,Sudeste,31,MG,Minas Gerais,3116,SUDOESTE,31092,Passos,310190,MG - ALPINOPOLIS,18300
3,Sudeste,31,MG,Minas Gerais,3116,SUDOESTE,31001,Alfenas/machado,310200,MG - ALTEROSA,13915
3,Sudeste,31,MG,Minas Gerais,3110,LESTE DO SUL,31059,Manhuacu,310205,MG - ALTO CAPARAO,5795
3,Sudeste,31,MG,Minas Gerais,3110,LESTE DO SUL,31059,Manhuacu,315350,MG - ALTO JEQUITIBA,8397
3,Sudeste,31,MG,Minas Gerais,3102,CENTRO SUL,31013,Barbacena,310210,MG - ALTO RIO DOCE,10891
3,Sudeste,31,MG,Minas Gerais,3106,LESTE,31036,Governador Valadares,310220,MG - ALVARENGA,3975
3,Sudeste,31,MG,Minas Gerais,3110,LESTE DO SUL,31060,Ponte Nova,310230,MG - ALVINOPOLIS,15059
3,Sudeste,31,MG,Minas Gerais,3104,JEQUITINHONHA,31095,Serro,310240,MG - ALVORADA DE MINAS,4159
3,Sudeste,31,MG,Minas Gerais,3110,LESTE DO SUL,31060,Ponte Nova,310250,MG - AMPARO DO SERRA,4541
3,Sudeste,31,MG,Minas Gerais,3115,EXTREMO SUL,31006,Pocos de Caldas,310260,MG - ANDRADAS,40553
3,Sudeste,31,MG,Minas Gerais,3107,SUDESTE,31090,Lima Duarte,310280,MG - ANDRELANDIA,11927
3,Sudeste,31,MG,Minas Gerais,3111,NORDESTE,31099,Teofilo Otoni/malacacheta,310285,MG - ANGELANDIA,7718
3,Sudeste,31,MG,Minas Gerais,3102,CENTRO SUL,31013,Barbacena,310290,MG - ANTONIO CARLOS,11095
3,Sudeste,31,MG,Minas Gerais,3114,VALE DO ACO,31035,Coronel Fabriciano/timoteo,310300,MG - ANTONIO DIAS,9219
3,Sudeste,31,MG,Minas Gerais,3107,SUDESTE,31045,Muriae,310310,MG - ANTONIO PRADO DE MINAS,1538
3,Sudeste,31,MG,Minas Gerais,3103,CENTRO,31024,Sete Lagoas,310320,MG - ARACAI,2181
3,Sudeste,31,MG,Minas Gerais,3107,SUDESTE,31046,Santos Dumont,310330,MG - ARACITABA,2049
3,Sudeste,31,MG,Minas Gerais,3104,JEQUITINHONHA,31064,Aracuai,310340,MG - ARACUAI,34297
3,Sudeste,31,MG,Minas Gerais,3113,TRIANGULO DO NORTE,31075,Uberlandia/araguari,310350,MG - ARAGUARI,117808
3,Sudeste,31,MG,Minas Gerais,3107,SUDESTE,31090,Lima Duarte,310360,MG - ARANTINA,2915
3,Sudeste,31,MG,Minas Gerais,3110,LESTE DO SUL,31061,Vicosa,310370,MG - ARAPONGA,8048
3,Sudeste,31,MG,Minas Gerais,3113,TRIANGULO DO NORTE,31075,Uberlandia/araguari,310375,MG - ARAPORA,8479
3,Sudeste,31,MG,Minas Gerais,3109,NOROESTE,31082,Sao Gotardo,310380,MG - ARAPUA,2631
3,Sudeste,31,MG,Minas Gerais,3105,OESTE,31086,Divinopolis,310390,MG - ARAUJOS,9199
3,Sudeste,31,MG,Minas Gerais,3112,TRIANGULO DO SUL,31070,Araxa,310400,MG - ARAXA,111691
3,Sudeste,31,MG,Minas Gerais,3116,SUDOESTE,31002,Guaxupe,310410,MG - ARCEBURGO,9177
3,Sudeste,31,MG,Minas Gerais,3105,OESTE,31087,Lagoa da Prata/santo Antonio do Monte,310420,MG - ARCOS,41416
3,Sudeste,31,MG,Minas Gerais,3116,SUDOESTE,31001,Alfenas/machado,310430,MG - AREADO,13881
3,Sudeste,31,MG,Minas Gerais,3107,SUDESTE,31044,Leopoldina/cataguases,310440,MG - ARGIRITA,2688
3,Sudeste,31,MG,Minas Gerais,3104,JEQUITINHONHA,31027,Turmalina/minas Novas/capelinha,310445,MG - ARICANDUVA,4719
3,Sudeste,31,MG,Minas Gerais,3109,NOROESTE,31058,Unai/paracatu,310450,MG - ARINOS,17272
3,Sudeste,31,MG,Minas Gerais,3107,SUDESTE,31044,Leopoldina/cataguases,310460,MG - ASTOLFO DUTRA,14138
3,Sudeste,31,MG,Minas Gerais,3111,NORDESTE,31099,Teofilo Otoni/malacacheta,310470,MG - ATALEIA,13736
3,Sudeste,31,MG,Minas Gerais,3103,CENTRO,31019,Curvelo,310480,MG - AUGUSTO DE LIMA,4538
3,Sudeste,31,MG,Minas Gerais,3101,SUL,31008,Sao Lourenco,310490,MG - BAEPENDI,18366
3,Sudeste,31,MG,Minas Gerais,3103,CENTRO,31024,Sete Lagoas,310500,MG - BALDIM,7492
3,Sudeste,31,MG,Minas Gerais,3105,OESTE,31030,Formiga,310510,MG - BAMBUI,23546
3,Sudeste,31,MG,Minas Gerais,3111,NORDESTE,31094,Almenara/jacinto,310520,MG - BANDEIRA,4741
3,Sudeste,31,MG,Minas Gerais,3116,SUDOESTE,31001,Alfenas/machado,310530,MG - BANDEIRA DO SUL,5943
3,Sudeste,31,MG,Minas Gerais,3103,CENTRO,31021,Itabira,310540,MG - BARAO DE COCAIS,30778
3,Sudeste,31,MG,Minas Gerais,3107,SUDESTE,31045,Muriae,310550,MG - BARAO DE MONTE ALTO,4964
3,Sudeste,31,MG,Minas Gerais,3102,CENTRO SUL,31013,Barbacena,310560,MG - BARBACENA,125317
3,Sudeste,31,MG,Minas Gerais,3110,LESTE DO SUL,31060,Ponte Nova,310570,MG - BARRA LONGA,5666
3,Sudeste,31,MG,Minas Gerais,3102,CENTRO SUL,31015,Sao Joao Del Rei,310590,MG - BARROSO,20080
3,Sudeste,31,MG,Minas Gerais,3103,CENTRO,31023,Joao Monlevade,310600,MG - BELA VISTA DE MINAS,10167
3,Sudeste,31,MG,Minas Gerais,3107,SUDESTE,31097,Juiz de Fora,310610,MG - BELMIRO BRAGA,3244
3,Sudeste,31,MG,Minas Gerais,3103,CENTRO,31016,Belo Horizonte/nova Lima/santa Luzia,310620,MG - BELO HORIZONTE,2315560
3,Sudeste,31,MG,Minas Gerais,3114,VALE DO ACO,31037,Ipatinga,310630,MG - BELO ORIENTE,23928
3,Sudeste,31,MG,Minas Gerais,3103,CENTRO,31016,Belo Horizonte/nova Lima/santa Luzia,310640,MG - BELO VALE,8627
3,Sudeste,31,MG,Minas Gerais,3104,JEQUITINHONHA,31064,Aracuai,310650,MG - BERILO,9826
3,Sudeste,31,MG,Minas Gerais,3108,NORTE,31085,Taiobeiras,310665,MG - BERIZAL,4201
3,Sudeste,31,MG,Minas Gerais,3111,NORDESTE,31062,Aguas Formosas,310660,MG - BERTOPOLIS,4451
3,Sudeste,31,MG,Minas Gerais,3103,CENTRO,31017,Betim,310670,MG - BETIM,411846
3,Sudeste,31,MG,Minas Gerais,3107,SUDESTE,31090,Lima Duarte,310680,MG - BIAS FORTES,3361
3,Sudeste,31,MG,Minas Gerais,3107,SUDESTE,31047,Sao Joao Nepomuceno/bicas,310690,MG - BICAS,13978
3,Sudeste,31,MG,Minas Gerais,3103,CENTRO,31024,Sete Lagoas,310700,MG - BIQUINHAS,2383
3,Sudeste,31,MG,Minas Gerais,3101,SUL,31011,Tres Pontas,310710,MG - BOA ESPERANCA,39848
3,Sudeste,31,MG,Minas Gerais,3107,SUDESTE,31090,Lima Duarte,310720,MG - BOCAINA DE MINAS,5348
3,Sudeste,31,MG,Minas Gerais,3108,NORTE,31083,Bocaiuva,310730,MG - BOCAIUVA,48032
3,Sudeste,31,MG,Minas Gerais,3105,OESTE,31028,Bom Despacho,310740,MG - BOM DESPACHO,51737
3,Sudeste,31,MG,Minas Gerais,3107,SUDESTE,31090,Lima Duarte,310750,MG - BOM JARDIM DE MINAS,6783
3,Sudeste,31,MG,Minas Gerais,3116,SUDOESTE,31092,Passos,310760,MG - BOM JESUS DA PENHA,4474
3,Sudeste,31,MG,Minas Gerais,3103,CENTRO,31021,Itabira,310770,MG - BOM JESUS DO AMPARO,5631
3,Sudeste,31,MG,Minas Gerais,3114,VALE DO ACO,31034,Caratinga,310780,MG - BOM JESUS DO GALHO,14536
3,Sudeste,31,MG,Minas Gerais,3115,EXTREMO SUL,31007,Pouso Alegre,310790,MG - BOM REPOUSO,12649
3,Sudeste,31,MG,Minas Gerais,3102,CENTRO SUL,31015,Sao Joao Del Rei,310800,MG - BOM SUCESSO,17151
3,Sudeste,31,MG,Minas Gerais,3103,CENTRO,31017,Betim,310810,MG - BONFIM,7434
3,Sudeste,31,MG,Minas Gerais,3109,NOROESTE,31058,Unai/paracatu,310820,MG - BONFINOPOLIS DE MINAS,5528
3,Sudeste,31,MG,Minas Gerais,3108,NORTE,31053,Januaria,310825,MG - BONITO DE MINAS,10204
3,Sudeste,31,MG,Minas Gerais,3115,EXTREMO SUL,31007,Pouso Alegre,310830,MG - BORDA DA MATA,17404
3,Sudeste,31,MG,Minas Gerais,3116,SUDOESTE,31001,Alfenas/machado,310840,MG - BOTELHOS,14828
3,Sudeste,31,MG,Minas Gerais,3108,NORTE,31051,Francisco Sa,310850,MG - BOTUMIRIM,5790
3,Sudeste,31,MG,Minas Gerais,3107,SUDESTE,31048,Uba,310870,MG - BRAS PIRES,4260
3,Sudeste,31,MG,Minas Gerais,3109,NOROESTE,31077,Joao Pinheiro,310855,MG - BRASILANDIA DE MINAS,15020
3,Sudeste,31,MG,Minas Gerais,3108,NORTE,31101,Brasilia de Minas,310860,MG - BRASILIA DE MINAS,32025
3,Sudeste,31,MG,Minas Gerais,3114,VALE DO ACO,31037,Ipatinga,310880,MG - BRAUNAS,4441
3,Sudeste,31,MG,Minas Gerais,3115,EXTREMO SUL,31003,Itajuba,310890,MG - BRAZOPOLIS,14246
3,Sudeste,31,MG,Minas Gerais,3103,CENTRO,31017,Betim,310900,MG - BRUMADINHO,38915
3,Sudeste,31,MG,Minas Gerais,3115,EXTREMO SUL,31007,Pouso Alegre,310910,MG - BUENO BRANDAO,10911
3,Sudeste,31,MG,Minas Gerais,3103,CENTRO,31019,Curvelo,310920,MG - BUENOPOLIS,9150
3,Sudeste,31,MG,Minas Gerais,3114,VALE DO ACO,31037,Ipatinga,310925,MG - BUGRE,4041
3,Sudeste,31,MG,Minas Gerais,3109,NOROESTE,31058,Unai/paracatu,310930,MG - BURITIS,24030
3,Sudeste,31,MG,Minas Gerais,3108,NORTE,31055,Pirapora,310940,MG - BURITIZEIRO,23910
3,Sudeste,31,MG,Minas Gerais,3109,NOROESTE,31058,Unai/paracatu,310945,MG - CABECEIRA GRANDE,6627
3,Sudeste,31,MG,Minas Gerais,3116,SUDOESTE,31002,Guaxupe,310950,MG - CABO VERDE,11410
3,Sudeste,31,MG,Minas Gerais,3103,CENTRO,31024,Sete Lagoas,310960,MG - CACHOEIRA DA PRATA,3693
3,Sudeste,31,MG,Minas Gerais,3115,EXTREMO SUL,31007,Pouso Alegre,310970,MG - CACHOEIRA DE MINAS,11883
3,Sudeste,31,MG,Minas Gerais,3103,CENTRO,31017,Betim,312060,MG - CRUCILANDIA,5434
3,Sudeste,31,MG,Minas Gerais,3111,NORDESTE,31068,Pedra Azul,310270,MG - CACHOEIRA DE PAJEU,9110
3,Sudeste,31,MG,Minas Gerais,3113,TRIANGULO DO NORTE,31073,Ituiutaba,310980,MG - CACHOEIRA DOURADA,2315
3,Sudeste,31,MG,Minas Gerais,3103,CENTRO,31024,Sete Lagoas,310990,MG - CAETANOPOLIS,11435
3,Sudeste,31,MG,Minas Gerais,3103,CENTRO,31016,Belo Horizonte/nova Lima/santa Luzia,311000,MG - CAETE,38776
3,Sudeste,31,MG,Minas Gerais,3107,SUDESTE,31042,Carangola,311010,MG - CAIANA,5304
3,Sudeste,31,MG,Minas Gerais,3110,LESTE DO SUL,31061,Vicosa,311020,MG - CAJURI,4088
3,Sudeste,31,MG,Minas Gerais,3115,EXTREMO SUL,31006,Pocos de Caldas,311030,MG - CALDAS,14217
3,Sudeste,31,MG,Minas Gerais,3105,OESTE,31089,Campo Belo,311040,MG - CAMACHO,2838
3,Sudeste,31,MG,Minas Gerais,3115,EXTREMO SUL,31007,Pouso Alegre,311050,MG - CAMANDUCAIA,26097
3,Sudeste,31,MG,Minas Gerais,3115,EXTREMO SUL,31007,Pouso Alegre,311060,MG - CAMBUI,29536
3,Sudeste,31,MG,Minas Gerais,3101,SUL,31010,Tres Coracoes,311070,MG - CAMBUQUIRA,12313
3,Sudeste,31,MG,Minas Gerais,3111,NORDESTE,31096,Itambacuri,311080,MG - CAMPANARIO,2923
3,Sudeste,31,MG,Minas Gerais,3101,SUL,31012,Varginha,311090,MG - CAMPANHA,15935
3,Sudeste,31,MG,Minas Gerais,3116,SUDOESTE,31001,Alfenas/machado,311100,MG - CAMPESTRE,20696
3,Sudeste,31,MG,Minas Gerais,3113,TRIANGULO DO NORTE,31073,Ituiutaba,311110,MG - CAMPINA VERDE,18011
3,Sudeste,31,MG,Minas Gerais,3108,NORTE,31101,Brasilia de Minas,311115,MG - CAMPO AZUL,3714
3,Sudeste,31,MG,Minas Gerais,3105,OESTE,31089,Campo Belo,311120,MG - CAMPO BELO,52277
3,Sudeste,31,MG,Minas Gerais,3116,SUDOESTE,31001,Alfenas/machado,311130,MG - CAMPO DO MEIO,11377
3,Sudeste,31,MG,Minas Gerais,3112,TRIANGULO DO SUL,31072,Uberaba,311140,MG - CAMPO FLORIDO,8466
3,Sudeste,31,MG,Minas Gerais,3112,TRIANGULO DO SUL,31070,Araxa,311150,MG - CAMPOS ALTOS,12979
3,Sudeste,31,MG,Minas Gerais,3116,SUDOESTE,31001,Alfenas/machado,311160,MG - CAMPOS GERAIS,26105
3,Sudeste,31,MG,Minas Gerais,3105,OESTE,31089,Campo Belo,311190,MG - CANA VERDE,5272
3,Sudeste,31,MG,Minas Gerais,3110,LESTE DO SUL,31061,Vicosa,311170,MG - CANAA,4715
3,Sudeste,31,MG,Minas Gerais,3113,TRIANGULO DO NORTE,31073,Ituiutaba,311180,MG - CANAPOLIS,10608
3,Sudeste,31,MG,Minas Gerais,3105,OESTE,31089,Campo Belo,311200,MG - CANDEIAS,14001
3,Sudeste,31,MG,Minas Gerais,3106,LESTE,31102,Pecanha/sao Joao Evangelista/santa Maria do Suacui,311205,MG - CANTAGALO,3974
3,Sudeste,31,MG,Minas Gerais,3107,SUDESTE,31042,Carangola,311210,MG - CAPARAO,5048
3,Sudeste,31,MG,Minas Gerais,3102,CENTRO SUL,31013,Barbacena,311220,MG - CAPELA NOVA,4362
3,Sudeste,31,MG,Minas Gerais,3104,JEQUITINHONHA,31027,Turmalina/minas Novas/capelinha,311230,MG - CAPELINHA,39626
3,Sudeste,31,MG,Minas Gerais,3116,SUDOESTE,31091,Cassia,311240,MG - CAPETINGA,6562
3,Sudeste,31,MG,Minas Gerais,3103,CENTRO,31024,Sete Lagoas,311250,MG - CAPIM BRANCO,10663
3,Sudeste,31,MG,Minas Gerais,3113,TRIANGULO DO NORTE,31073,Ituiutaba,311260,MG - CAPINOPOLIS,14655
3,Sudeste,31,MG,Minas Gerais,3106,LESTE,31036,Governador Valadares,311265,MG - CAPITAO ANDRADE,4585
3,Sudeste,31,MG,Minas Gerais,3108,NORTE,31051,Francisco Sa,311270,MG - CAPITAO ENEAS,14108
3,Sudeste,31,MG,Minas Gerais,3116,SUDOESTE,31093,Piumhi,311280,MG - CAPITOLIO,10380
3,Sudeste,31,MG,Minas Gerais,3110,LESTE DO SUL,31059,Manhuacu,311290,MG - CAPUTIRA,8936
3,Sudeste,31,MG,Minas Gerais,3111,NORDESTE,31067,Padre Paraiso,311300,MG - CARAI,19548
3,Sudeste,31,MG,Minas Gerais,3102,CENTRO SUL,31079,Conselheiro Lafaiete,311310,MG - CARANAIBA,2933
3,Sudeste,31,MG,Minas Gerais,3102,CENTRO SUL,31013,Barbacena,311320,MG - CARANDAI,23812
3,Sudeste,31,MG,Minas Gerais,3107,SUDESTE,31042,Carangola,311330,MG - CARANGOLA,31240
3,Sudeste,31,MG,Minas Gerais,3114,VALE DO ACO,31034,Caratinga,311340,MG - CARATINGA,87360
3,Sudeste,31,MG,Minas Gerais,3104,JEQUITINHONHA,31026,Diamantina/itamarandiba,311350,MG - CARBONITA,8512
3,Sudeste,31,MG,Minas Gerais,3115,EXTREMO SUL,31007,Pouso Alegre,311360,MG - CAREACU,6816
3,Sudeste,31,MG,Minas Gerais,3111,NORDESTE,31066,Nanuque,311370,MG - CARLOS CHAGAS,18615
3,Sudeste,31,MG,Minas Gerais,3103,CENTRO,31020,Guanhaes,311380,MG - CARMESIA,2605
3,Sudeste,31,MG,Minas Gerais,3101,SUL,31010,Tres Coracoes,311390,MG - CARMO DA CACHOEIRA,11547
3,Sudeste,31,MG,Minas Gerais,3105,OESTE,31088,Oliveira/santo Antonio do Amparo,311400,MG - CARMO DA MATA,11019
3,Sudeste,31,MG,Minas Gerais,3101,SUL,31008,Sao Lourenco,311410,MG - CARMO DE MINAS,13797
3,Sudeste,31,MG,Minas Gerais,3105,OESTE,31086,Divinopolis,311420,MG - CARMO DO CAJURU,23479
3,Sudeste,31,MG,Minas Gerais,3109,NOROESTE,31082,Sao Gotardo,311430,MG - CARMO DO PARANAIBA,29011
3,Sudeste,31,MG,Minas Gerais,3116,SUDOESTE,31092,Passos,311440,MG - CARMO DO RIO CLARO,20954
3,Sudeste,31,MG,Minas Gerais,3105,OESTE,31088,Oliveira/santo Antonio do Amparo,311450,MG - CARMOPOLIS DE MINAS,18003
3,Sudeste,31,MG,Minas Gerais,3112,TRIANGULO DO SUL,31071,Frutal / Iturama,311455,MG - CARNEIRINHO,9422
3,Sudeste,31,MG,Minas Gerais,3101,SUL,31004,Lavras,311460,MG - CARRANCAS,4049
3,Sudeste,31,MG,Minas Gerais,3116,SUDOESTE,31001,Alfenas/machado,311470,MG - CARVALHOPOLIS,3341
3,Sudeste,31,MG,Minas Gerais,3101,SUL,31008,Sao Lourenco,311480,MG - CARVALHOS,4422
3,Sudeste,31,MG,Minas Gerais,3102,CENTRO SUL,31079,Conselheiro Lafaiete,311490,MG - CASA GRANDE,2214
3,Sudeste,31,MG,Minas Gerais,3113,TRIANGULO DO NORTE,31075,Uberlandia/araguari,311500,MG - CASCALHO RICO,2712
3,Sudeste,31,MG,Minas Gerais,3116,SUDOESTE,31091,Cassia,311510,MG - CASSIA,17155
3,Sudeste,31,MG,Minas Gerais,3107,SUDESTE,31044,Leopoldina/cataguases,311530,MG - CATAGUASES,66261
3,Sudeste,31,MG,Minas Gerais,3103,CENTRO,31021,Itabira,311535,MG - CATAS ALTAS,5473
3,Sudeste,31,MG,Minas Gerais,3102,CENTRO SUL,31079,Conselheiro Lafaiete,311540,MG - CATAS ALTAS DA NORUEGA,3110
3,Sudeste,31,MG,Minas Gerais,3111,NORDESTE,31067,Padre Paraiso,311545,MG - CATUJI,7030
3,Sudeste,31,MG,Minas Gerais,3108,NORTE,31052,Janauba/monte Azul,311547,MG - CATUTI,4739
3,Sudeste,31,MG,Minas Gerais,3101,SUL,31008,Sao Lourenco,311550,MG - CAXAMBU,21056
3,Sudeste,31,MG,Minas Gerais,3103,CENTRO,31024,Sete Lagoas,311560,MG - CEDRO DO ABAETE,1081
3,Sudeste,31,MG,Minas Gerais,3106,LESTE,31038,Mantena,311570,MG - CENTRAL DE MINAS,6171
3,Sudeste,31,MG,Minas Gerais,3113,TRIANGULO DO NORTE,31073,Ituiutaba,311580,MG - CENTRALINA,10207
3,Sudeste,31,MG,Minas Gerais,3107,SUDESTE,31097,Juiz de Fora,311590,MG - CHACARA,3075
3,Sudeste,31,MG,Minas Gerais,3110,LESTE DO SUL,31059,Manhuacu,311600,MG - CHALE,6075
3,Sudeste,31,MG,Minas Gerais,3104,JEQUITINHONHA,31027,Turmalina/minas Novas/capelinha,311610,MG - CHAPADA DO NORTE,10337
3,Sudeste,31,MG,Minas Gerais,3109,NOROESTE,31058,Unai/paracatu,311615,MG - CHAPADA GAUCHA,12355
3,Sudeste,31,MG,Minas Gerais,3107,SUDESTE,31097,Juiz de Fora,311620,MG - CHIADOR,2800
3,Sudeste,31,MG,Minas Gerais,3102,CENTRO SUL,31013,Barbacena,311630,MG - CIPOTANEA,5581
3,Sudeste,31,MG,Minas Gerais,3116,SUDOESTE,31091,Cassia,311640,MG - CLARAVAL,4658
3,Sudeste,31,MG,Minas Gerais,3108,NORTE,31084,Montes Claros,311650,MG - CLARO DOS POCOES,7166
3,Sudeste,31,MG,Minas Gerais,3105,OESTE,31086,Divinopolis,311660,MG - CLAUDIO,30159
3,Sudeste,31,MG,Minas Gerais,3107,SUDESTE,31048,Uba,311670,MG - COIMBRA,7117
3,Sudeste,31,MG,Minas Gerais,3104,JEQUITINHONHA,31026,Diamantina/itamarandiba,311680,MG - COLUNA,8163
3,Sudeste,31,MG,Minas Gerais,3112,TRIANGULO DO SUL,31071,Frutal / Iturama,311690,MG - COMENDADOR GOMES,2773
3,Sudeste,31,MG,Minas Gerais,3111,NORDESTE,31065,Itaobim,311700,MG - COMERCINHO,6660
3,Sudeste,31,MG,Minas Gerais,3116,SUDOESTE,31001,Alfenas/machado,311710,MG - CONCEICAO DA APARECIDA,10371
3,Sudeste,31,MG,Minas Gerais,3102,CENTRO SUL,31015,Sao Joao Del Rei,311520,MG - CONCEICAO DA BARRA DE MINAS,3560
3,Sudeste,31,MG,Minas Gerais,3112,TRIANGULO DO SUL,31072,Uberaba,311730,MG - CONCEICAO DAS ALAGOAS,28381
3,Sudeste,31,MG,Minas Gerais,3115,EXTREMO SUL,31003,Itajuba,311720,MG - CONCEICAO DAS PEDRAS,2772
3,Sudeste,31,MG,Minas Gerais,3110,LESTE DO SUL,31059,Manhuacu,311740,MG - CONCEICAO DE IPANEMA,4409
3,Sudeste,31,MG,Minas Gerais,3104,JEQUITINHONHA,31095,Serro,311750,MG - CONCEICAO DO MATO DENTRO,23163
3,Sudeste,31,MG,Minas Gerais,3105,OESTE,31032,Para de Minas/nova Serrana,311760,MG - CONCEICAO DO PARA,5415
3,Sudeste,31,MG,Minas Gerais,3101,SUL,31008,Sao Lourenco,311770,MG - CONCEICAO DO RIO VERDE,12541
3,Sudeste,31,MG,Minas Gerais,3115,EXTREMO SUL,31007,Pouso Alegre,311780,MG - CONCEICAO DOS OUROS,10880
3,Sudeste,31,MG,Minas Gerais,3108,NORTE,31053,Januaria,311783,MG - CONEGO MARINHO,7237
3,Sudeste,31,MG,Minas Gerais,3103,CENTRO,31025,Vespasiano/lagoa Santa,311787,MG - CONFINS,7350
3,Sudeste,31,MG,Minas Gerais,3115,EXTREMO SUL,31007,Pouso Alegre,311790,MG - CONGONHAL,11083
3,Sudeste,31,MG,Minas Gerais,3102,CENTRO SUL,31078,Congonhas,311800,MG - CONGONHAS,52890
3,Sudeste,31,MG,Minas Gerais,3104,JEQUITINHONHA,31026,Diamantina/itamarandiba,311810,MG - CONGONHAS DO NORTE,4831
3,Sudeste,31,MG,Minas Gerais,3112,TRIANGULO DO SUL,31072,Uberaba,311820,MG - CONQUISTA,6694
3,Sudeste,31,MG,Minas Gerais,3102,CENTRO SUL,31079,Conselheiro Lafaiete,311830,MG - CONSELHEIRO LAFAIETE,131621
3,Sudeste,31,MG,Minas Gerais,3106,LESTE,31040,Resplendor,311840,MG - CONSELHEIRO PENA,20824
3,Sudeste,31,MG,Minas Gerais,3115,EXTREMO SUL,31003,Itajuba,311850,MG - CONSOLACAO,1563
3,Sudeste,31,MG,Minas Gerais,3103,CENTRO,31018,Contagem,311860,MG - CONTAGEM,621863
3,Sudeste,31,MG,Minas Gerais,3101,SUL,31011,Tres Pontas,311870,MG - COQUEIRAL,9023
3,Sudeste,31,MG,Minas Gerais,3108,NORTE,31050,Coracao de Jesus,311880,MG - CORACAO DE JESUS,25377
3,Sudeste,31,MG,Minas Gerais,3103,CENTRO,31024,Sete Lagoas,311890,MG - CORDISBURGO,7547
3,Sudeste,31,MG,Minas Gerais,3101,SUL,31012,Varginha,311900,MG - CORDISLANDIA,3200
3,Sudeste,31,MG,Minas Gerais,3103,CENTRO,31019,Curvelo,311910,MG - CORINTO,23532
3,Sudeste,31,MG,Minas Gerais,3106,LESTE,31036,Governador Valadares,311920,MG - COROACI,10884
3,Sudeste,31,MG,Minas Gerais,3113,TRIANGULO DO NORTE,31074,Patrocinio/monte Carmelo,311930,MG - COROMANDEL,28894
3,Sudeste,31,MG,Minas Gerais,3114,VALE DO ACO,31035,Coronel Fabriciano/timoteo,311940,MG - CORONEL FABRICIANO,104736
3,Sudeste,31,MG,Minas Gerais,3104,JEQUITINHONHA,31064,Aracuai,311950,MG - CORONEL MURTA,8200
3,Sudeste,31,MG,Minas Gerais,3107,SUDESTE,31097,Juiz de Fora,311960,MG - CORONEL PACHECO,2762
3,Sudeste,31,MG,Minas Gerais,3102,CENTRO SUL,31015,Sao Joao Del Rei,311970,MG - CORONEL XAVIER CHAVES,3486
3,Sudeste,31,MG,Minas Gerais,3105,OESTE,31030,Formiga,311980,MG - CORREGO DANTA,2960
3,Sudeste,31,MG,Minas Gerais,3115,EXTREMO SUL,31007,Pouso Alegre,311990,MG - CORREGO DO BOM JESUS,4272
3,Sudeste,31,MG,Minas Gerais,3105,OESTE,31030,Formiga,311995,MG - CORREGO FUNDO,6133
3,Sudeste,31,MG,Minas Gerais,3114,VALE DO ACO,31035,Coronel Fabriciano/timoteo,312000,MG - CORREGO NOVO,2875
3,Sudeste,31,MG,Minas Gerais,3104,JEQUITINHONHA,31026,Diamantina/itamarandiba,312010,MG - COUTO DE MAGALHAES DE MINAS,4245
3,Sudeste,31,MG,Minas Gerais,3111,NORDESTE,31062,Aguas Formosas,312015,MG - CRISOLITA,5265
3,Sudeste,31,MG,Minas Gerais,3105,OESTE,31089,Campo Belo,312020,MG - CRISTAIS,12197
3,Sudeste,31,MG,Minas Gerais,3108,NORTE,31051,Francisco Sa,312030,MG - CRISTALIA,5121
3,Sudeste,31,MG,Minas Gerais,3102,CENTRO SUL,31079,Conselheiro Lafaiete,312040,MG - CRISTIANO OTONI,4667
3,Sudeste,31,MG,Minas Gerais,3101,SUL,31008,Sao Lourenco,312050,MG - CRISTINA,10374
3,Sudeste,31,MG,Minas Gerais,3109,NOROESTE,31057,Patos de Minas,312070,MG - CRUZEIRO DA FORTALEZA,3521
3,Sudeste,31,MG,Minas Gerais,3101,SUL,31008,Sao Lourenco,312080,MG - CRUZILIA,15362
3,Sudeste,31,MG,Minas Gerais,3106,LESTE,31040,Resplendor,312083,MG - CUPARAQUE,3983
3,Sudeste,31,MG,Minas Gerais,3108,NORTE,31085,Taiobeiras,312087,MG - CURRAL DE DENTRO,7406
3,Sudeste,31,MG,Minas Gerais,3103,CENTRO,31019,Curvelo,312090,MG - CURVELO,80665
3,Sudeste,31,MG,Minas Gerais,3104,JEQUITINHONHA,31026,Diamantina/itamarandiba,312100,MG - DATAS,5465
3,Sudeste,31,MG,Minas Gerais,3115,EXTREMO SUL,31003,Itajuba,312110,MG - DELFIM MOREIRA,7952
3,Sudeste,31,MG,Minas Gerais,3116,SUDOESTE,31091,Cassia,312120,MG - DELFINOPOLIS,8393
3,Sudeste,31,MG,Minas Gerais,3112,TRIANGULO DO SUL,31072,Uberaba,312125,MG - DELTA,10494
3,Sudeste,31,MG,Minas Gerais,3107,SUDESTE,31047,Sao Joao Nepomuceno/bicas,312130,MG - DESCOBERTO,4928
3,Sudeste,31,MG,Minas Gerais,3102,CENTRO SUL,31078,Congonhas,312140,MG - DESTERRO DE ENTRE RIOS,7653
3,Sudeste,31,MG,Minas Gerais,3102,CENTRO SUL,31013,Barbacena,312150,MG - DESTERRO DO MELO,2994
3,Sudeste,31,MG,Minas Gerais,3104,JEQUITINHONHA,31026,Diamantina/itamarandiba,312160,MG - DIAMANTINA,47702
3,Sudeste,31,MG,Minas Gerais,3110,LESTE DO SUL,31060,Ponte Nova,312170,MG - DIOGO DE VASCONCELOS,3549
3,Sudeste,31,MG,Minas Gerais,3114,VALE DO ACO,31035,Coronel Fabriciano/timoteo,312180,MG - DIONISIO,6847
3,Sudeste,31,MG,Minas Gerais,3107,SUDESTE,31048,Uba,312190,MG - DIVINESIA,4226
3,Sudeste,31,MG,Minas Gerais,3107,SUDESTE,31042,Carangola,312200,MG - DIVINO,20706
3,Sudeste,31,MG,Minas Gerais,3106,LESTE,31038,Mantena,312210,MG - DIVINO DAS LARANJEIRAS,4178
3,Sudeste,31,MG,Minas Gerais,3106,LESTE,31036,Governador Valadares,312220,MG - DIVINOLANDIA DE MINAS,6516
3,Sudeste,31,MG,Minas Gerais,3105,OESTE,31086,Divinopolis,312230,MG - DIVINOPOLIS,231091
3,Sudeste,31,MG,Minas Gerais,3111,NORDESTE,31068,Pedra Azul,312235,MG - DIVISA ALEGRE,6321
3,Sudeste,31,MG,Minas Gerais,3116,SUDOESTE,31001,Alfenas/machado,312240,MG - DIVISA NOVA,5851
3,Sudeste,31,MG,Minas Gerais,3111,NORDESTE,31068,Pedra Azul,312245,MG - DIVISOPOLIS,10213
3,Sudeste,31,MG,Minas Gerais,3109,NOROESTE,31058,Unai/paracatu,312247,MG - DOM BOSCO,3697
3,Sudeste,31,MG,Minas Gerais,3114,VALE DO ACO,31037,Ipatinga,312250,MG - DOM CAVATI,4904
3,Sudeste,31,MG,Minas Gerais,3103,CENTRO,31020,Guanhaes,312260,MG - DOM JOAQUIM,4899
3,Sudeste,31,MG,Minas Gerais,3110,LESTE DO SUL,31060,Ponte Nova,312270,MG - DOM SILVERIO,5228
3,Sudeste,31,MG,Minas Gerais,3101,SUL,31008,Sao Lourenco,312280,MG - DOM VICOSO,3095
3,Sudeste,31,MG,Minas Gerais,3107,SUDESTE,31044,Leopoldina/cataguases,312290,MG - DONA EUSEBIA,6093
3,Sudeste,31,MG,Minas Gerais,3102,CENTRO SUL,31015,Sao Joao Del Rei,312300,MG - DORES DE CAMPOS,10007
3,Sudeste,31,MG,Minas Gerais,3103,CENTRO,31020,Guanhaes,312310,MG - DORES DE GUANHAES,5029
3,Sudeste,31,MG,Minas Gerais,3105,OESTE,31028,Bom Despacho,312320,MG - DORES DO INDAIA,12630
3,Sudeste,31,MG,Minas Gerais,3107,SUDESTE,31048,Uba,312330,MG - DORES DO TURVO,4987
3,Sudeste,31,MG,Minas Gerais,3116,SUDOESTE,31093,Piumhi,312340,MG - DORESOPOLIS,1461
3,Sudeste,31,MG,Minas Gerais,3113,TRIANGULO DO NORTE,31074,Patrocinio/monte Carmelo,312350,MG - DOURADOQUARA,1829
3,Sudeste,31,MG,Minas Gerais,3110,LESTE DO SUL,31059,Manhuacu,312352,MG - DURANDE,7817
3,Sudeste,31,MG,Minas Gerais,3101,SUL,31012,Varginha,312360,MG - ELOI MENDES,26336
3,Sudeste,31,MG,Minas Gerais,3106,LESTE,31036,Governador Valadares,312370,MG - ENGENHEIRO CALDAS,13622
3,Sudeste,31,MG,Minas Gerais,3108,NORTE,31083,Bocaiuva,312380,MG - ENGENHEIRO NAVARRO,6354
3,Sudeste,31,MG,Minas Gerais,3114,VALE DO ACO,31034,Caratinga,312385,MG - ENTRE FOLHAS,5179
3,Sudeste,31,MG,Minas Gerais,3102,CENTRO SUL,31078,Congonhas,312390,MG - ENTRE RIOS DE MINAS,14746
3,Sudeste,31,MG,Minas Gerais,3107,SUDESTE,31048,Uba,312400,MG - ERVALIA,20255
3,Sudeste,31,MG,Minas Gerais,3103,CENTRO,31017,Betim,312410,MG - ESMERALDAS,85598
3,Sudeste,31,MG,Minas Gerais,3107,SUDESTE,31042,Carangola,312420,MG - ESPERA FELIZ,24102
3,Sudeste,31,MG,Minas Gerais,3108,NORTE,31052,Janauba/monte Azul,312430,MG - ESPINOSA,30443
3,Sudeste,31,MG,Minas Gerais,3115,EXTREMO SUL,31007,Pouso Alegre,312440,MG - ESPIRITO SANTO DO DOURADO,6611
3,Sudeste,31,MG,Minas Gerais,3115,EXTREMO SUL,31007,Pouso Alegre,312450,MG - ESTIVA,11502
3,Sudeste,31,MG,Minas Gerais,3107,SUDESTE,31041,Alem Paraiba,312460,MG - ESTRELA DALVA,2186
3,Sudeste,31,MG,Minas Gerais,3105,OESTE,31028,Bom Despacho,312470,MG - ESTRELA DO INDAIA,2772
3,Sudeste,31,MG,Minas Gerais,3113,TRIANGULO DO NORTE,31074,Patrocinio/monte Carmelo,312480,MG - ESTRELA DO SUL,6840
3,Sudeste,31,MG,Minas Gerais,3107,SUDESTE,31045,Muriae,312490,MG - EUGENOPOLIS,10801
3,Sudeste,31,MG,Minas Gerais,3107,SUDESTE,31097,Juiz de Fora,312500,MG - EWBANK DA CAMARA,3875
3,Sudeste,31,MG,Minas Gerais,3115,EXTREMO SUL,31007,Pouso Alegre,312510,MG - EXTREMA,53482
3,Sudeste,31,MG,Minas Gerais,3116,SUDOESTE,31001,Alfenas/machado,312520,MG - FAMA,2578
3,Sudeste,31,MG,Minas Gerais,3107,SUDESTE,31042,Carangola,312530,MG - FARIA LEMOS,3188
3,Sudeste,31,MG,Minas Gerais,3104,JEQUITINHONHA,31026,Diamantina/itamarandiba,312540,MG - FELICIO DOS SANTOS,5133
3,Sudeste,31,MG,Minas Gerais,3111,NORDESTE,31094,Almenara/jacinto,312560,MG - FELISBURGO,6489
3,Sudeste,31,MG,Minas Gerais,3103,CENTRO,31019,Curvelo,312570,MG - FELIXLANDIA,13978
3,Sudeste,31,MG,Minas Gerais,3106,LESTE,31036,Governador Valadares,312580,MG - FERNANDES TOURINHO,2789
3,Sudeste,31,MG,Minas Gerais,3103,CENTRO,31021,Itabira,312590,MG - FERROS,9590
3,Sudeste,31,MG,Minas Gerais,3107,SUDESTE,31042,Carangola,312595,MG - FERVEDOURO,10445
3,Sudeste,31,MG,Minas Gerais,3103,CENTRO,31017,Betim,312600,MG - FLORESTAL,8045
3,Sudeste,31,MG,Minas Gerais,3105,OESTE,31030,Formiga,312610,MG - FORMIGA,68248
3,Sudeste,31,MG,Minas Gerais,3109,NOROESTE,31058,Unai/paracatu,312620,MG - FORMOSO,7949
3,Sudeste,31,MG,Minas Gerais,3116,SUDOESTE,31092,Passos,312630,MG - FORTALEZA DE MINAS,3477
3,Sudeste,31,MG,Minas Gerais,3103,CENTRO,31024,Sete Lagoas,312640,MG - FORTUNA DE MINAS,3093
3,Sudeste,31,MG,Minas Gerais,3104,JEQUITINHONHA,31064,Aracuai,312650,MG - FRANCISCO BADARO,7366
3,Sudeste,31,MG,Minas Gerais,3108,NORTE,31083,Bocaiuva,312660,MG - FRANCISCO DUMONT,4503
3,Sudeste,31,MG,Minas Gerais,3108,NORTE,31051,Francisco Sa,312670,MG - FRANCISCO SA,23476
3,Sudeste,31,MG,Minas Gerais,3111,NORDESTE,31099,Teofilo Otoni/malacacheta,312675,MG - FRANCISCOPOLIS,5034
3,Sudeste,31,MG,Minas Gerais,3111,NORDESTE,31096,Itambacuri,312680,MG - FREI GASPAR,5640
3,Sudeste,31,MG,Minas Gerais,3106,LESTE,31036,Governador Valadares,312690,MG - FREI INOCENCIO,8226
3,Sudeste,31,MG,Minas Gerais,3106,LESTE,31102,Pecanha/sao Joao Evangelista/santa Maria do Suacui,312695,MG - FREI LAGONEGRO,3391
3,Sudeste,31,MG,Minas Gerais,3112,TRIANGULO DO SUL,31071,Frutal / Iturama,312700,MG - FRONTEIRA,14540
3,Sudeste,31,MG,Minas Gerais,3111,NORDESTE,31062,Aguas Formosas,312705,MG - FRONTEIRA DOS VALES,4345
3,Sudeste,31,MG,Minas Gerais,3108,NORTE,31098,Salinas,312707,MG - FRUTA DE LEITE,4647
3,Sudeste,31,MG,Minas Gerais,3112,TRIANGULO DO SUL,31071,Frutal / Iturama,312710,MG - FRUTAL,58588
3,Sudeste,31,MG,Minas Gerais,3103,CENTRO,31024,Sete Lagoas,312720,MG - FUNILANDIA,4686
3,Sudeste,31,MG,Minas Gerais,3106,LESTE,31036,Governador Valadares,312730,MG - GALILEIA,6222
3,Sudeste,31,MG,Minas Gerais,3108,NORTE,31052,Janauba/monte Azul,312733,MG - GAMELEIRAS,4793
3,Sudeste,31,MG,Minas Gerais,3108,NORTE,31084,Montes Claros,312735,MG - GLAUCILANDIA,2928
3,Sudeste,31,MG,Minas Gerais,3106,LESTE,31040,Resplendor,312737,MG - GOIABEIRA,2830
3,Sudeste,31,MG,Minas Gerais,3107,SUDESTE,31097,Juiz de Fora,312738,MG - GOIANA,4053
3,Sudeste,31,MG,Minas Gerais,3115,EXTREMO SUL,31003,Itajuba,312740,MG - GONCALVES,4727
3,Sudeste,31,MG,Minas Gerais,3106,LESTE,31036,Governador Valadares,312750,MG - GONZAGA,5230
3,Sudeste,31,MG,Minas Gerais,3104,JEQUITINHONHA,31026,Diamantina/itamarandiba,312760,MG - GOUVEIA,11331
3,Sudeste,31,MG,Minas Gerais,3106,LESTE,31036,Governador Valadares,312770,MG - GOVERNADOR VALADARES,257171
3,Sudeste,31,MG,Minas Gerais,3108,NORTE,31051,Francisco Sa,312780,MG - GRAO MOGOL,13901
3,Sudeste,31,MG,Minas Gerais,3113,TRIANGULO DO NORTE,31074,Patrocinio/monte Carmelo,312790,MG - GRUPIARA,1392
3,Sudeste,31,MG,Minas Gerais,3103,CENTRO,31020,Guanhaes,312800,MG - GUANHAES,32244
3,Sudeste,31,MG,Minas Gerais,3116,SUDOESTE,31093,Piumhi,312810,MG - GUAPE,13772
3,Sudeste,31,MG,Minas Gerais,3110,LESTE DO SUL,31060,Ponte Nova,312820,MG - GUARACIABA,9753
3,Sudeste,31,MG,Minas Gerais,3108,NORTE,31083,Bocaiuva,312825,MG - GUARACIAMA,5051
3,Sudeste,31,MG,Minas Gerais,3116,SUDOESTE,31002,Guaxupe,312830,MG - GUARANESIA,19150
3,Sudeste,31,MG,Minas Gerais,3107,SUDESTE,31048,Uba,312840,MG - GUARANI,7714
3,Sudeste,31,MG,Minas Gerais,3107,SUDESTE,31047,Sao Joao Nepomuceno/bicas,312850,MG - GUARARA,3149
3,Sudeste,31,MG,Minas Gerais,3109,NOROESTE,31057,Patos de Minas,312860,MG - GUARDA-MOR,6539
3,Sudeste,31,MG,Minas Gerais,3116,SUDOESTE,31002,Guaxupe,312870,MG - GUAXUPE,50911
3,Sudeste,31,MG,Minas Gerais,3107,SUDESTE,31048,Uba,312880,MG - GUIDOVAL,7131
3,Sudeste,31,MG,Minas Gerais,3109,NOROESTE,31057,Patos de Minas,312890,MG - GUIMARANIA,8478
3,Sudeste,31,MG,Minas Gerais,3107,SUDESTE,31048,Uba,312900,MG - GUIRICEMA,7778
3,Sudeste,31,MG,Minas Gerais,3113,TRIANGULO DO NORTE,31073,Ituiutaba,312910,MG - GURINHATA,5192
3,Sudeste,31,MG,Minas Gerais,3115,EXTREMO SUL,31007,Pouso Alegre,312920,MG - HELIODORA,6134
3,Sudeste,31,MG,Minas Gerais,3114,VALE DO ACO,31037,Ipatinga,312930,MG - IAPU,12030
3,Sudeste,31,MG,Minas Gerais,3102,CENTRO SUL,31013,Barbacena,312940,MG - IBERTIOGA,5198
3,Sudeste,31,MG,Minas Gerais,3112,TRIANGULO DO SUL,31070,Araxa,312950,MG - IBIA,22229
3,Sudeste,31,MG,Minas Gerais,3108,NORTE,31055,Pirapora,312960,MG - IBIAI,6286
3,Sudeste,31,MG,Minas Gerais,3108,NORTE,31101,Brasilia de Minas,312965,MG - IBIRACATU,5081
3,Sudeste,31,MG,Minas Gerais,3116,SUDOESTE,31091,Cassia,312970,MG - IBIRACI,10948
3,Sudeste,31,MG,Minas Gerais,3103,CENTRO,31018,Contagem,312980,MG - IBIRITE,170537
3,Sudeste,31,MG,Minas Gerais,3115,EXTREMO SUL,31006,Pocos de Caldas,312990,MG - IBITIURA DE MINAS,3365
3,Sudeste,31,MG,Minas Gerais,3102,CENTRO SUL,31015,Sao Joao Del Rei,313000,MG - IBITURUNA,2698
3,Sudeste,31,MG,Minas Gerais,3108,NORTE,31100,Sao Francisco,313005,MG - ICARAI DE MINAS,10677
3,Sudeste,31,MG,Minas Gerais,3103,CENTRO,31017,Betim,313010,MG - IGARAPE,45847
3,Sudeste,31,MG,Minas Gerais,3105,OESTE,31032,Para de Minas/nova Serrana,313020,MG - IGARATINGA,10830
3,Sudeste,31,MG,Minas Gerais,3105,OESTE,31030,Formiga,313030,MG - IGUATAMA,6826
3,Sudeste,31,MG,Minas Gerais,3101,SUL,31004,Lavras,313040,MG - IJACI,7003
3,Sudeste,31,MG,Minas Gerais,3101,SUL,31011,Tres Pontas,313050,MG - ILICINEA,12741
3,Sudeste,31,MG,Minas Gerais,3114,VALE DO ACO,31034,Caratinga,313055,MG - IMBE DE MINAS,6986
3,Sudeste,31,MG,Minas Gerais,3115,EXTREMO SUL,31007,Pouso Alegre,313060,MG - INCONFIDENTES,7301
3,Sudeste,31,MG,Minas Gerais,3108,NORTE,31085,Taiobeiras,313065,MG - INDAIABIRA,6346
3,Sudeste,31,MG,Minas Gerais,3113,TRIANGULO DO NORTE,31075,Uberlandia/araguari,313070,MG - INDIANOPOLIS,6171
3,Sudeste,31,MG,Minas Gerais,3101,SUL,31004,Lavras,313080,MG - INGAI,2580
3,Sudeste,31,MG,Minas Gerais,3114,VALE DO ACO,31034,Caratinga,313090,MG - INHAPIM,22692
3,Sudeste,31,MG,Minas Gerais,3103,CENTRO,31024,Sete Lagoas,313100,MG - INHAUMA,6239
3,Sudeste,31,MG,Minas Gerais,3103,CENTRO,31019,Curvelo,313110,MG - INIMUTABA,7371
3,Sudeste,31,MG,Minas Gerais,3114,VALE DO ACO,31037,Ipatinga,313115,MG - IPABA,17136
3,Sudeste,31,MG,Minas Gerais,3110,LESTE DO SUL,31059,Manhuacu,313120,MG - IPANEMA,19522
3,Sudeste,31,MG,Minas Gerais,3114,VALE DO ACO,31037,Ipatinga,313130,MG - IPATINGA,227731
3,Sudeste,31,MG,Minas Gerais,3113,TRIANGULO DO NORTE,31073,Ituiutaba,313140,MG - IPIACU,3775
3,Sudeste,31,MG,Minas Gerais,3115,EXTREMO SUL,31007,Pouso Alegre,313150,MG - IPUIUNA,9135
3,Sudeste,31,MG,Minas Gerais,3113,TRIANGULO DO NORTE,31074,Patrocinio/monte Carmelo,313160,MG - IRAI DE MINAS,7180
3,Sudeste,31,MG,Minas Gerais,3103,CENTRO,31021,Itabira,313170,MG - ITABIRA,113343
3,Sudeste,31,MG,Minas Gerais,3106,LESTE,31038,Mantena,313180,MG - ITABIRINHA,10362
3,Sudeste,31,MG,Minas Gerais,3103,CENTRO,31022,Ouro Preto,313190,MG - ITABIRITO,53365
3,Sudeste,31,MG,Minas Gerais,3108,NORTE,31084,Montes Claros,313200,MG - ITACAMBIRA,4252
3,Sudeste,31,MG,Minas Gerais,3108,NORTE,31053,Januaria,313210,MG - ITACARAMBI,17208
3,Sudeste,31,MG,Minas Gerais,3105,OESTE,31031,Itauna,313220,MG - ITAGUARA,13846
3,Sudeste,31,MG,Minas Gerais,3111,NORDESTE,31067,Padre Paraiso,313230,MG - ITAIPE,10463
3,Sudeste,31,MG,Minas Gerais,3115,EXTREMO SUL,31003,Itajuba,313240,MG - ITAJUBA,93073
3,Sudeste,31,MG,Minas Gerais,3104,JEQUITINHONHA,31026,Diamantina/itamarandiba,313250,MG - ITAMARANDIBA,32948
3,Sudeste,31,MG,Minas Gerais,3107,SUDESTE,31044,Leopoldina/cataguases,313260,MG - ITAMARATI DE MINAS,3690
3,Sudeste,31,MG,Minas Gerais,3111,NORDESTE,31096,Itambacuri,313270,MG - ITAMBACURI,21042
3,Sudeste,31,MG,Minas Gerais,3103,CENTRO,31021,Itabira,313280,MG - ITAMBE DO MATO DENTRO,2142
3,Sudeste,31,MG,Minas Gerais,3116,SUDOESTE,31009,Sao Sebastiao do Paraiso,313290,MG - ITAMOGI,10770
3,Sudeste,31,MG,Minas Gerais,3101,SUL,31008,Sao Lourenco,313300,MG - ITAMONTE,14786
3,Sudeste,31,MG,Minas Gerais,3101,SUL,31008,Sao Lourenco,313310,MG - ITANHANDU,15236
3,Sudeste,31,MG,Minas Gerais,3106,LESTE,31036,Governador Valadares,313320,MG - ITANHOMI,11128
3,Sudeste,31,MG,Minas Gerais,3111,NORDESTE,31065,Itaobim,313330,MG - ITAOBIM,19151
3,Sudeste,31,MG,Minas Gerais,3112,TRIANGULO DO SUL,31071,Frutal / Iturama,313340,MG - ITAPAGIPE,13690
3,Sudeste,31,MG,Minas Gerais,3105,OESTE,31086,Divinopolis,313350,MG - ITAPECERICA,21046
3,Sudeste,31,MG,Minas Gerais,3115,EXTREMO SUL,31007,Pouso Alegre,313360,MG - ITAPEVA,12596
3,Sudeste,31,MG,Minas Gerais,3105,OESTE,31031,Itauna,313370,MG - ITATIAIUCU,12966
3,Sudeste,31,MG,Minas Gerais,3116,SUDOESTE,31092,Passos,313375,MG - ITAU DE MINAS,14406
3,Sudeste,31,MG,Minas Gerais,3105,OESTE,31031,Itauna,313380,MG - ITAUNA,97669
3,Sudeste,31,MG,Minas Gerais,3102,CENTRO SUL,31079,Conselheiro Lafaiete,313390,MG - ITAVERAVA,5642
3,Sudeste,31,MG,Minas Gerais,3111,NORDESTE,31065,Itaobim,313400,MG - ITINGA,13745
3,Sudeste,31,MG,Minas Gerais,3106,LESTE,31040,Resplendor,313410,MG - ITUETA,6055
3,Sudeste,31,MG,Minas Gerais,3113,TRIANGULO DO NORTE,31073,Ituiutaba,313420,MG - ITUIUTABA,102217
3,Sudeste,31,MG,Minas Gerais,3101,SUL,31004,Lavras,313430,MG - ITUMIRIM,6638
3,Sudeste,31,MG,Minas Gerais,3112,TRIANGULO DO SUL,31071,Frutal / Iturama,313440,MG - ITURAMA,38295
3,Sudeste,31,MG,Minas Gerais,3101,SUL,31004,Lavras,313450,MG - ITUTINGA,4217
3,Sudeste,31,MG,Minas Gerais,3103,CENTRO,31016,Belo Horizonte/nova Lima/santa Luzia,313460,MG - JABOTICATUBAS,20406
3,Sudeste,31,MG,Minas Gerais,3111,NORDESTE,31094,Almenara/jacinto,313470,MG - JACINTO,11042
3,Sudeste,31,MG,Minas Gerais,3116,SUDOESTE,31009,Sao Sebastiao do Paraiso,313480,MG - JACUI,7495
3,Sudeste,31,MG,Minas Gerais,3115,EXTREMO SUL,31007,Pouso Alegre,313490,MG - JACUTINGA,25525
3,Sudeste,31,MG,Minas Gerais,3114,VALE DO ACO,31035,Coronel Fabriciano/timoteo,313500,MG - JAGUARACU,3092
3,Sudeste,31,MG,Minas Gerais,3108,NORTE,31052,Janauba/monte Azul,313505,MG - JAIBA,37660
3,Sudeste,31,MG,Minas Gerais,3106,LESTE,31036,Governador Valadares,313507,MG - JAMPRUCA,4296
3,Sudeste,31,MG,Minas Gerais,3108,NORTE,31052,Janauba/monte Azul,313510,MG - JANAUBA,70699
3,Sudeste,31,MG,Minas Gerais,3108,NORTE,31053,Januaria,313520,MG - JANUARIA,65150
3,Sudeste,31,MG,Minas Gerais,3105,OESTE,31087,Lagoa da Prata/santo Antonio do Monte,313530,MG - JAPARAIBA,4506
3,Sudeste,31,MG,Minas Gerais,3108,NORTE,31101,Brasilia de Minas,313535,MG - JAPONVAR,8127
3,Sudeste,31,MG,Minas Gerais,3102,CENTRO SUL,31078,Congonhas,313540,MG - JECEABA,6197
3,Sudeste,31,MG,Minas Gerais,3104,JEQUITINHONHA,31064,Aracuai,313545,MG - JENIPAPO DE MINAS,6100
3,Sudeste,31,MG,Minas Gerais,3110,LESTE DO SUL,31060,Ponte Nova,313550,MG - JEQUERI,12419
3,Sudeste,31,MG,Minas Gerais,3108,NORTE,31050,Coracao de Jesus,313560,MG - JEQUITAI,6484
3,Sudeste,31,MG,Minas Gerais,3103,CENTRO,31024,Sete Lagoas,313570,MG - JEQUITIBA,5883
3,Sudeste,31,MG,Minas Gerais,3111,NORDESTE,31094,Almenara/jacinto,313580,MG - JEQUITINHONHA,24007
3,Sudeste,31,MG,Minas Gerais,3101,SUL,31008,Sao Lourenco,313590,MG - JESUANIA,5138
3,Sudeste,31,MG,Minas Gerais,3111,NORDESTE,31094,Almenara/jacinto,313600,MG - JOAIMA,13888
3,Sudeste,31,MG,Minas Gerais,3114,VALE DO ACO,31037,Ipatinga,313610,MG - JOANESIA,4329
3,Sudeste,31,MG,Minas Gerais,3103,CENTRO,31023,Joao Monlevade,313620,MG - JOAO MONLEVADE,80187
3,Sudeste,31,MG,Minas Gerais,3109,NOROESTE,31077,Joao Pinheiro,313630,MG - JOAO PINHEIRO,46801
3,Sudeste,31,MG,Minas Gerais,3108,NORTE,31083,Bocaiuva,313640,MG - JOAQUIM FELICIO,3854
3,Sudeste,31,MG,Minas Gerais,3111,NORDESTE,31094,Almenara/jacinto,313650,MG - JORDANIA,10304
3,Sudeste,31,MG,Minas Gerais,3104,JEQUITINHONHA,31027,Turmalina/minas Novas/capelinha,313652,MG - JOSE GONCALVES DE MINAS,3969
3,Sudeste,31,MG,Minas Gerais,3106,LESTE,31102,Pecanha/sao Joao Evangelista/santa Maria do Suacui,313655,MG - JOSE RAYDAN,4268
3,Sudeste,31,MG,Minas Gerais,3108,NORTE,31051,Francisco Sa,313657,MG - JOSENOPOLIS,3630
3,Sudeste,31,MG,Minas Gerais,3103,CENTRO,31017,Betim,313665,MG - JUATUBA,30716
3,Sudeste,31,MG,Minas Gerais,3107,SUDESTE,31097,Juiz de Fora,313670,MG - JUIZ DE FORA,540756
3,Sudeste,31,MG,Minas Gerais,3108,NORTE,31084,Montes Claros,313680,MG - JURAMENTO,3768
3,Sudeste,31,MG,Minas Gerais,3116,SUDOESTE,31002,Guaxupe,313690,MG - JURUAIA,11084
3,Sudeste,31,MG,Minas Gerais,3108,NORTE,31076,Manga,313695,MG - JUVENILIA,5789
3,Sudeste,31,MG,Minas Gerais,3111,NORDESTE,31099,Teofilo Otoni/malacacheta,313700,MG - LADAINHA,14383
3,Sudeste,31,MG,Minas Gerais,3109,NOROESTE,31057,Patos de Minas,313710,MG - LAGAMAR,6631
3,Sudeste,31,MG,Minas Gerais,3105,OESTE,31087,Lagoa da Prata/santo Antonio do Monte,313720,MG - LAGOA DA PRATA,51412
3,Sudeste,31,MG,Minas Gerais,3108,NORTE,31050,Coracao de Jesus,313730,MG - LAGOA DOS PATOS,3313
3,Sudeste,31,MG,Minas Gerais,3102,CENTRO SUL,31015,Sao Joao Del Rei,313740,MG - LAGOA DOURADA,12769
3,Sudeste,31,MG,Minas Gerais,3109,NOROESTE,31057,Patos de Minas,313750,MG - LAGOA FORMOSA,18904
3,Sudeste,31,MG,Minas Gerais,3109,NOROESTE,31077,Joao Pinheiro,313753,MG - LAGOA GRANDE,8969
3,Sudeste,31,MG,Minas Gerais,3103,CENTRO,31025,Vespasiano/lagoa Santa,313760,MG - LAGOA SANTA,75145
3,Sudeste,31,MG,Minas Gerais,3110,LESTE DO SUL,31059,Manhuacu,313770,MG - LAJINHA,20835
3,Sudeste,31,MG,Minas Gerais,3101,SUL,31008,Sao Lourenco,313780,MG - LAMBARI,20414
3,Sudeste,31,MG,Minas Gerais,3102,CENTRO SUL,31079,Conselheiro Lafaiete,313790,MG - LAMIM,3184
3,Sudeste,31,MG,Minas Gerais,3107,SUDESTE,31044,Leopoldina/cataguases,313800,MG - LARANJAL,5963
3,Sudeste,31,MG,Minas Gerais,3108,NORTE,31055,Pirapora,313810,MG - LASSANCE,7124
3,Sudeste,31,MG,Minas Gerais,3101,SUL,31004,Lavras,313820,MG - LAVRAS,104761
3,Sudeste,31,MG,Minas Gerais,3105,OESTE,31032,Para de Minas/nova Serrana,313830,MG - LEANDRO FERREIRA,3199
3,Sudeste,31,MG,Minas Gerais,3104,JEQUITINHONHA,31027,Turmalina/minas Novas/capelinha,313835,MG - LEME DO PRADO,4341
3,Sudeste,31,MG,Minas Gerais,3107,SUDESTE,31044,Leopoldina/cataguases,313840,MG - LEOPOLDINA,51145
3,Sudeste,31,MG,Minas Gerais,3107,SUDESTE,31090,Lima Duarte,313850,MG - LIBERDADE,4737
3,Sudeste,31,MG,Minas Gerais,3107,SUDESTE,31090,Lima Duarte,313860,MG - LIMA DUARTE,17221
3,Sudeste,31,MG,Minas Gerais,3112,TRIANGULO DO SUL,31071,Frutal / Iturama,313862,MG - LIMEIRA DO OESTE,8687
3,Sudeste,31,MG,Minas Gerais,3108,NORTE,31101,Brasilia de Minas,313865,MG - LONTRA,8790
3,Sudeste,31,MG,Minas Gerais,3110,LESTE DO SUL,31059,Manhuacu,313867,MG - LUISBURGO,6956
3,Sudeste,31,MG,Minas Gerais,3108,NORTE,31101,Brasilia de Minas,313868,MG - LUISLANDIA,6210
3,Sudeste,31,MG,Minas Gerais,3101,SUL,31004,Lavras,313870,MG - LUMINARIAS,5586
3,Sudeste,31,MG,Minas Gerais,3105,OESTE,31028,Bom Despacho,313880,MG - LUZ,17875
3,Sudeste,31,MG,Minas Gerais,3111,NORDESTE,31062,Aguas Formosas,313890,MG - MACHACALIS,6487
3,Sudeste,31,MG,Minas Gerais,3116,SUDOESTE,31001,Alfenas/machado,313900,MG - MACHADO,37684
3,Sudeste,31,MG,Minas Gerais,3102,CENTRO SUL,31015,Sao Joao Del Rei,313910,MG - MADRE DE DEUS DE MINAS,5191
3,Sudeste,31,MG,Minas Gerais,3111,NORDESTE,31099,Teofilo Otoni/malacacheta,313920,MG - MALACACHETA,17516
3,Sudeste,31,MG,Minas Gerais,3108,NORTE,31052,Janauba/monte Azul,313925,MG - MAMONAS,5997
3,Sudeste,31,MG,Minas Gerais,3108,NORTE,31076,Manga,313930,MG - MANGA,18886
3,Sudeste,31,MG,Minas Gerais,3110,LESTE DO SUL,31059,Manhuacu,313940,MG - MANHUACU,91886
3,Sudeste,31,MG,Minas Gerais,3110,LESTE DO SUL,31059,Manhuacu,313950,MG - MANHUMIRIM,20613
3,Sudeste,31,MG,Minas Gerais,3106,LESTE,31038,Mantena,313960,MG - MANTENA,26535
3,Sudeste,31,MG,Minas Gerais,3107,SUDESTE,31047,Sao Joao Nepomuceno/bicas,313980,MG - MAR DE ESPANHA,12721
3,Sudeste,31,MG,Minas Gerais,3103,CENTRO,31024,Sete Lagoas,313970,MG - MARAVILHAS,7333
3,Sudeste,31,MG,Minas Gerais,3115,EXTREMO SUL,31003,Itajuba,313990,MG - MARIA DA FE,14247
3,Sudeste,31,MG,Minas Gerais,3103,CENTRO,31022,Ouro Preto,314000,MG - MARIANA,61387
3,Sudeste,31,MG,Minas Gerais,3106,LESTE,31036,Governador Valadares,314010,MG - MARILAC,4224
3,Sudeste,31,MG,Minas Gerais,3103,CENTRO,31017,Betim,314015,MG - MARIO CAMPOS,15900
3,Sudeste,31,MG,Minas Gerais,3107,SUDESTE,31047,Sao Joao Nepomuceno/bicas,314020,MG - MARIPA DE MINAS,3387
3,Sudeste,31,MG,Minas Gerais,3114,VALE DO ACO,31035,Coronel Fabriciano/timoteo,314030,MG - MARLIERIA,4592
3,Sudeste,31,MG,Minas Gerais,3115,EXTREMO SUL,31003,Itajuba,314040,MG - MARMELOPOLIS,3200
3,Sudeste,31,MG,Minas Gerais,3105,OESTE,31028,Bom Despacho,314050,MG - MARTINHO CAMPOS,14003
3,Sudeste,31,MG,Minas Gerais,3110,LESTE DO SUL,31059,Manhuacu,314053,MG - MARTINS SOARES,8396
3,Sudeste,31,MG,Minas Gerais,3111,NORDESTE,31094,Almenara/jacinto,314055,MG - MATA VERDE,9112
3,Sudeste,31,MG,Minas Gerais,3103,CENTRO,31020,Guanhaes,314060,MG - MATERLANDIA,3963
3,Sudeste,31,MG,Minas Gerais,3103,CENTRO,31017,Betim,314070,MG - MATEUS LEME,37841
3,Sudeste,31,MG,Minas Gerais,3106,LESTE,31036,Governador Valadares,317150,MG - MATHIAS LOBATO,3038
3,Sudeste,31,MG,Minas Gerais,3107,SUDESTE,31097,Juiz de Fora,314080,MG - MATIAS BARBOSA,14121
3,Sudeste,31,MG,Minas Gerais,3108,NORTE,31052,Janauba/monte Azul,314085,MG - MATIAS CARDOSO,8895
3,Sudeste,31,MG,Minas Gerais,3110,LESTE DO SUL,31059,Manhuacu,314090,MG - MATIPO,18552
3,Sudeste,31,MG,Minas Gerais,3108,NORTE,31052,Janauba/monte Azul,314100,MG - MATO VERDE,12038
3,Sudeste,31,MG,Minas Gerais,3103,CENTRO,31025,Vespasiano/lagoa Santa,314110,MG - MATOZINHOS,37618
3,Sudeste,31,MG,Minas Gerais,3109,NOROESTE,31082,Sao Gotardo,314120,MG - MATUTINA,3814
3,Sudeste,31,MG,Minas Gerais,3105,OESTE,31030,Formiga,314130,MG - MEDEIROS,3900
3,Sudeste,31,MG,Minas Gerais,3111,NORDESTE,31065,Itaobim,314140,MG - MEDINA,20156
3,Sudeste,31,MG,Minas Gerais,3106,LESTE,31038,Mantena,314150,MG - MENDES PIMENTEL,5606
3,Sudeste,31,MG,Minas Gerais,3107,SUDESTE,31048,Uba,314160,MG - MERCES,10373
3,Sudeste,31,MG,Minas Gerais,3114,VALE DO ACO,31037,Ipatinga,314170,MG - MESQUITA,5040
3,Sudeste,31,MG,Minas Gerais,3104,JEQUITINHONHA,31027,Turmalina/minas Novas/capelinha,314180,MG - MINAS NOVAS,24405
3,Sudeste,31,MG,Minas Gerais,3101,SUL,31008,Sao Lourenco,314190,MG - MINDURI,3741
3,Sudeste,31,MG,Minas Gerais,3108,NORTE,31084,Montes Claros,314200,MG - MIRABELA,13651
3,Sudeste,31,MG,Minas Gerais,3107,SUDESTE,31045,Muriae,314210,MG - MIRADOURO,8968
3,Sudeste,31,MG,Minas Gerais,3107,SUDESTE,31045,Muriae,314220,MG - MIRAI,13633
3,Sudeste,31,MG,Minas Gerais,3108,NORTE,31076,Manga,314225,MG - MIRAVANIA,3985
3,Sudeste,31,MG,Minas Gerais,3103,CENTRO,31016,Belo Horizonte/nova Lima/santa Luzia,314230,MG - MOEDA,5125
3,Sudeste,31,MG,Minas Gerais,3105,OESTE,31028,Bom Despacho,314240,MG - MOEMA,7548
3,Sudeste,31,MG,Minas Gerais,3103,CENTRO,31019,Curvelo,314250,MG - MONJOLOS,2169
3,Sudeste,31,MG,Minas Gerais,3101,SUL,31012,Varginha,314260,MG - MONSENHOR PAULO,8340
3,Sudeste,31,MG,Minas Gerais,3108,NORTE,31076,Manga,314270,MG - MONTALVANIA,14060
3,Sudeste,31,MG,Minas Gerais,3113,TRIANGULO DO NORTE,31075,Uberlandia/araguari,314280,MG - MONTE ALEGRE DE MINAS,20170
3,Sudeste,31,MG,Minas Gerais,3108,NORTE,31052,Janauba/monte Azul,314290,MG - MONTE AZUL,20328
3,Sudeste,31,MG,Minas Gerais,3116,SUDOESTE,31002,Guaxupe,314300,MG - MONTE BELO,13046
3,Sudeste,31,MG,Minas Gerais,3113,TRIANGULO DO NORTE,31074,Patrocinio/monte Carmelo,314310,MG - MONTE CARMELO,47692
3,Sudeste,31,MG,Minas Gerais,3111,NORDESTE,31065,Itaobim,314315,MG - MONTE FORMOSO,4381
3,Sudeste,31,MG,Minas Gerais,3116,SUDOESTE,31009,Sao Sebastiao do Paraiso,314320,MG - MONTE SANTO DE MINAS,20890
3,Sudeste,31,MG,Minas Gerais,3115,EXTREMO SUL,31007,Pouso Alegre,314340,MG - MONTE SIAO,24089
3,Sudeste,31,MG,Minas Gerais,3108,NORTE,31084,Montes Claros,314330,MG - MONTES CLAROS,414240
3,Sudeste,31,MG,Minas Gerais,3108,NORTE,31085,Taiobeiras,314345,MG - MONTEZUMA,6888
3,Sudeste,31,MG,Minas Gerais,3103,CENTRO,31024,Sete Lagoas,314350,MG - MORADA NOVA DE MINAS,9067
3,Sudeste,31,MG,Minas Gerais,3103,CENTRO,31019,Curvelo,314360,MG - MORRO DA GARCA,2411
3,Sudeste,31,MG,Minas Gerais,3103,CENTRO,31021,Itabira,314370,MG - MORRO DO PILAR,3133
3,Sudeste,31,MG,Minas Gerais,3115,EXTREMO SUL,31007,Pouso Alegre,314380,MG - MUNHOZ,7547
3,Sudeste,31,MG,Minas Gerais,3107,SUDESTE,31045,Muriae,314390,MG - MURIAE,104108
3,Sudeste,31,MG,Minas Gerais,3110,LESTE DO SUL,31059,Manhuacu,314400,MG - MUTUM,27635
3,Sudeste,31,MG,Minas Gerais,3116,SUDOESTE,31002,Guaxupe,314410,MG - MUZAMBINHO,21891
3,Sudeste,31,MG,Minas Gerais,3106,LESTE,31036,Governador Valadares,314420,MG - NACIP RAYDAN,2459
3,Sudeste,31,MG,Minas Gerais,3111,NORDESTE,31066,Nanuque,314430,MG - NANUQUE,35038
3,Sudeste,31,MG,Minas Gerais,3114,VALE DO ACO,31037,Ipatinga,314435,MG - NAQUE,6303
3,Sudeste,31,MG,Minas Gerais,3109,NOROESTE,31058,Unai/paracatu,314437,MG - NATALANDIA,3520
3,Sudeste,31,MG,Minas Gerais,3115,EXTREMO SUL,31007,Pouso Alegre,314440,MG - NATERCIA,4691
3,Sudeste,31,MG,Minas Gerais,3102,CENTRO SUL,31015,Sao Joao Del Rei,314450,MG - NAZARENO,8179
3,Sudeste,31,MG,Minas Gerais,3101,SUL,31004,Lavras,314460,MG - NEPOMUCENO,25018
3,Sudeste,31,MG,Minas Gerais,3108,NORTE,31085,Taiobeiras,314465,MG - NINHEIRA,10588
3,Sudeste,31,MG,Minas Gerais,3106,LESTE,31038,Mantena,314467,MG - NOVA BELEM,3151
3,Sudeste,31,MG,Minas Gerais,3103,CENTRO,31023,Joao Monlevade,314470,MG - NOVA ERA,17438
3,Sudeste,31,MG,Minas Gerais,3103,CENTRO,31016,Belo Horizonte/nova Lima/santa Luzia,314480,MG - NOVA LIMA,111697
3,Sudeste,31,MG,Minas Gerais,3111,NORDESTE,31096,Itambacuri,314490,MG - NOVA MODICA,3663
3,Sudeste,31,MG,Minas Gerais,3113,TRIANGULO DO NORTE,31075,Uberlandia/araguari,314500,MG - NOVA PONTE,14598
3,Sudeste,31,MG,Minas Gerais,3108,NORTE,31052,Janauba/monte Azul,314505,MG - NOVA PORTEIRINHA,6706
3,Sudeste,31,MG,Minas Gerais,3116,SUDOESTE,31092,Passos,314510,MG - NOVA RESENDE,16387
3,Sudeste,31,MG,Minas Gerais,3105,OESTE,31032,Para de Minas/nova Serrana,314520,MG - NOVA SERRANA,105552
3,Sudeste,31,MG,Minas Gerais,3103,CENTRO,31016,Belo Horizonte/nova Lima/santa Luzia,313660,MG - NOVA UNIAO,5909
3,Sudeste,31,MG,Minas Gerais,3111,NORDESTE,31099,Teofilo Otoni/malacacheta,314530,MG - NOVO CRUZEIRO,26975
3,Sudeste,31,MG,Minas Gerais,3111,NORDESTE,31099,Teofilo Otoni/malacacheta,314535,MG - NOVO ORIENTE DE MINAS,10275
3,Sudeste,31,MG,Minas Gerais,3108,NORTE,31098,Salinas,314537,MG - NOVORIZONTE,4571
3,Sudeste,31,MG,Minas Gerais,3107,SUDESTE,31090,Lima Duarte,314540,MG - OLARIA,1945
3,Sudeste,31,MG,Minas Gerais,3108,NORTE,31083,Bocaiuva,314545,MG - OLHOS-D'AGUA,5385
3,Sudeste,31,MG,Minas Gerais,3101,SUL,31008,Sao Lourenco,314550,MG - OLIMPIO NORONHA,2555
3,Sudeste,31,MG,Minas Gerais,3105,OESTE,31088,Oliveira/santo Antonio do Amparo,314560,MG - OLIVEIRA,39262
3,Sudeste,31,MG,Minas Gerais,3107,SUDESTE,31046,Santos Dumont,314570,MG - OLIVEIRA FORTES,2027
3,Sudeste,31,MG,Minas Gerais,3105,OESTE,31032,Para de Minas/nova Serrana,314580,MG - ONCA DE PITANGUI,2969
3,Sudeste,31,MG,Minas Gerais,3110,LESTE DO SUL,31060,Ponte Nova,314585,MG - ORATORIOS,4917
3,Sudeste,31,MG,Minas Gerais,3107,SUDESTE,31042,Carangola,314587,MG - ORIZANIA,8437
3,Sudeste,31,MG,Minas Gerais,3102,CENTRO SUL,31078,Congonhas,314590,MG - OURO BRANCO,38724
3,Sudeste,31,MG,Minas Gerais,3115,EXTREMO SUL,31007,Pouso Alegre,314600,MG - OURO FINO,32094
3,Sudeste,31,MG,Minas Gerais,3103,CENTRO,31022,Ouro Preto,314610,MG - OURO PRETO,74821
3,Sudeste,31,MG,Minas Gerais,3111,NORDESTE,31099,Teofilo Otoni/malacacheta,314620,MG - OURO VERDE DE MINAS,5757
3,Sudeste,31,MG,Minas Gerais,3108,NORTE,31098,Salinas,314625,MG - PADRE CARVALHO,5058
3,Sudeste,31,MG,Minas Gerais,3111,NORDESTE,31067,Padre Paraiso,314630,MG - PADRE PARAISO,17334
3,Sudeste,31,MG,Minas Gerais,3108,NORTE,31052,Janauba/monte Azul,314655,MG - PAI PEDRO,5551
3,Sudeste,31,MG,Minas Gerais,3103,CENTRO,31024,Sete Lagoas,314640,MG - PAINEIRAS,4224
3,Sudeste,31,MG,Minas Gerais,3105,OESTE,31030,Formiga,314650,MG - PAINS,8142
3,Sudeste,31,MG,Minas Gerais,3102,CENTRO SUL,31013,Barbacena,314660,MG - PAIVA,1474
3,Sudeste,31,MG,Minas Gerais,3107,SUDESTE,31044,Leopoldina/cataguases,314670,MG - PALMA,5707
3,Sudeste,31,MG,Minas Gerais,3111,NORDESTE,31094,Almenara/jacinto,314675,MG - PALMOPOLIS,6301
3,Sudeste,31,MG,Minas Gerais,3103,CENTRO,31024,Sete Lagoas,314690,MG - PAPAGAIOS,13920
3,Sudeste,31,MG,Minas Gerais,3105,OESTE,31032,Para de Minas/nova Serrana,314710,MG - PARA DE MINAS,97139
3,Sudeste,31,MG,Minas Gerais,3109,NOROESTE,31058,Unai/paracatu,314700,MG - PARACATU,94023
3,Sudeste,31,MG,Minas Gerais,3116,SUDOESTE,31001,Alfenas/machado,314720,MG - PARAGUACU,21723
3,Sudeste,31,MG,Minas Gerais,3115,EXTREMO SUL,31003,Itajuba,314730,MG - PARAISOPOLIS,20445
3,Sudeste,31,MG,Minas Gerais,3103,CENTRO,31024,Sete Lagoas,314740,MG - PARAOPEBA,24107
3,Sudeste,31,MG,Minas Gerais,3101,SUL,31008,Sao Lourenco,314760,MG - PASSA QUATRO,15515
3,Sudeste,31,MG,Minas Gerais,3105,OESTE,31088,Oliveira/santo Antonio do Amparo,314770,MG - PASSA TEMPO,8473
3,Sudeste,31,MG,Minas Gerais,3107,SUDESTE,31090,Lima Duarte,314780,MG - PASSA-VINTE,2233
3,Sudeste,31,MG,Minas Gerais,3103,CENTRO,31021,Itabira,314750,MG - PASSABEM,1600
3,Sudeste,31,MG,Minas Gerais,3116,SUDOESTE,31092,Passos,314790,MG - PASSOS,111939
3,Sudeste,31,MG,Minas Gerais,3108,NORTE,31101,Brasilia de Minas,314795,MG - PATIS,4837
3,Sudeste,31,MG,Minas Gerais,3109,NOROESTE,31057,Patos de Minas,314800,MG - PATOS DE MINAS,159235
3,Sudeste,31,MG,Minas Gerais,3113,TRIANGULO DO NORTE,31074,Patrocinio/monte Carmelo,314810,MG - PATROCINIO,89826
3,Sudeste,31,MG,Minas Gerais,3107,SUDESTE,31045,Muriae,314820,MG - PATROCINIO DO MURIAE,5576
3,Sudeste,31,MG,Minas Gerais,3110,LESTE DO SUL,31061,Vicosa,314830,MG - PAULA CANDIDO,8659
3,Sudeste,31,MG,Minas Gerais,3106,LESTE,31102,Pecanha/sao Joao Evangelista/santa Maria do Suacui,314840,MG - PAULISTAS,4389
3,Sudeste,31,MG,Minas Gerais,3111,NORDESTE,31062,Aguas Formosas,314850,MG - PAVAO,8047
3,Sudeste,31,MG,Minas Gerais,3106,LESTE,31102,Pecanha/sao Joao Evangelista/santa Maria do Suacui,314860,MG - PECANHA,17446
3,Sudeste,31,MG,Minas Gerais,3111,NORDESTE,31068,Pedra Azul,314870,MG - PEDRA AZUL,24410
3,Sudeste,31,MG,Minas Gerais,3107,SUDESTE,31042,Carangola,314875,MG - PEDRA BONITA,7320
3,Sudeste,31,MG,Minas Gerais,3110,LESTE DO SUL,31061,Vicosa,314880,MG - PEDRA DO ANTA,3311
3,Sudeste,31,MG,Minas Gerais,3105,OESTE,31087,Lagoa da Prata/santo Antonio do Monte,314890,MG - PEDRA DO INDAIA,4112
3,Sudeste,31,MG,Minas Gerais,3107,SUDESTE,31042,Carangola,314900,MG - PEDRA DOURADA,2757
3,Sudeste,31,MG,Minas Gerais,3115,EXTREMO SUL,31003,Itajuba,314910,MG - PEDRALVA,10760
3,Sudeste,31,MG,Minas Gerais,3108,NORTE,31053,Januaria,314915,MG - PEDRAS DE MARIA DA CRUZ,10433
3,Sudeste,31,MG,Minas Gerais,3112,TRIANGULO DO SUL,31070,Araxa,314920,MG - PEDRINOPOLIS,3344
3,Sudeste,31,MG,Minas Gerais,3103,CENTRO,31025,Vespasiano/lagoa Santa,314930,MG - PEDRO LEOPOLDO,62580
3,Sudeste,31,MG,Minas Gerais,3107,SUDESTE,31090,Lima Duarte,314940,MG - PEDRO TEIXEIRA,1810
3,Sudeste,31,MG,Minas Gerais,3107,SUDESTE,31047,Sao Joao Nepomuceno/bicas,314950,MG - PEQUERI,3351
3,Sudeste,31,MG,Minas Gerais,3103,CENTRO,31024,Sete Lagoas,314960,MG - PEQUI,4155
3,Sudeste,31,MG,Minas Gerais,3105,OESTE,31086,Divinopolis,314970,MG - PERDIGAO,12268
3,Sudeste,31,MG,Minas Gerais,3112,TRIANGULO DO SUL,31070,Araxa,314980,MG - PERDIZES,17151
3,Sudeste,31,MG,Minas Gerais,3101,SUL,31004,Lavras,314990,MG - PERDOES,21384
3,Sudeste,31,MG,Minas Gerais,3114,VALE DO ACO,31037,Ipatinga,314995,MG - PERIQUITO,6553
3,Sudeste,31,MG,Minas Gerais,3111,NORDESTE,31096,Itambacuri,315000,MG - PESCADOR,3570
3,Sudeste,31,MG,Minas Gerais,3107,SUDESTE,31097,Juiz de Fora,315010,MG - PIAU,2796
3,Sudeste,31,MG,Minas Gerais,3114,VALE DO ACO,31034,Caratinga,315015,MG - PIEDADE DE CARATINGA,8529
3,Sudeste,31,MG,Minas Gerais,3110,LESTE DO SUL,31060,Ponte Nova,315020,MG - PIEDADE DE PONTE NOVA,3976
3,Sudeste,31,MG,Minas Gerais,3102,CENTRO SUL,31015,Sao Joao Del Rei,315030,MG - PIEDADE DO RIO GRANDE,4604
3,Sudeste,31,MG,Minas Gerais,3103,CENTRO,31017,Betim,315040,MG - PIEDADE DOS GERAIS,5019
3,Sudeste,31,MG,Minas Gerais,3116,SUDOESTE,31093,Piumhi,315050,MG - PIMENTA,8563
3,Sudeste,31,MG,Minas Gerais,3114,VALE DO ACO,31035,Coronel Fabriciano/timoteo,315053,MG - PINGO-D'AGUA,4706
3,Sudeste,31,MG,Minas Gerais,3108,NORTE,31100,Sao Francisco,315057,MG - PINTOPOLIS,7084
3,Sudeste,31,MG,Minas Gerais,3105,OESTE,31031,Itauna,315060,MG - PIRACEMA,6700
3,Sudeste,31,MG,Minas Gerais,3112,TRIANGULO DO SUL,31071,Frutal / Iturama,315070,MG - PIRAJUBA,5537
3,Sudeste,31,MG,Minas Gerais,3102,CENTRO SUL,31079,Conselheiro Lafaiete,315080,MG - PIRANGA,17018
3,Sudeste,31,MG,Minas Gerais,3115,EXTREMO SUL,31003,Itajuba,315090,MG - PIRANGUCU,6041
3,Sudeste,31,MG,Minas Gerais,3115,EXTREMO SUL,31003,Itajuba,315100,MG - PIRANGUINHO,9120
3,Sudeste,31,MG,Minas Gerais,3107,SUDESTE,31041,Alem Paraiba,315110,MG - PIRAPETINGA,11077
3,Sudeste,31,MG,Minas Gerais,3108,NORTE,31055,Pirapora,315120,MG - PIRAPORA,55606
3,Sudeste,31,MG,Minas Gerais,3107,SUDESTE,31048,Uba,315130,MG - PIRAUBA,11610
3,Sudeste,31,MG,Minas Gerais,3105,OESTE,31032,Para de Minas/nova Serrana,315140,MG - PITANGUI,26685
3,Sudeste,31,MG,Minas Gerais,3116,SUDOESTE,31093,Piumhi,315150,MG - PIUMHI,36062
3,Sudeste,31,MG,Minas Gerais,3112,TRIANGULO DO SUL,31071,Frutal / Iturama,315160,MG - PLANURA,11145
3,Sudeste,31,MG,Minas Gerais,3116,SUDOESTE,31001,Alfenas/machado,315170,MG - POCO FUNDO,16390
3,Sudeste,31,MG,Minas Gerais,3115,EXTREMO SUL,31006,Pocos de Caldas,315180,MG - POCOS DE CALDAS,163742
3,Sudeste,31,MG,Minas Gerais,3110,LESTE DO SUL,31059,Manhuacu,315190,MG - POCRANE,8350
3,Sudeste,31,MG,Minas Gerais,3103,CENTRO,31024,Sete Lagoas,315200,MG - POMPEU,31047
3,Sudeste,31,MG,Minas Gerais,3110,LESTE DO SUL,31060,Ponte Nova,315210,MG - PONTE NOVA,57776
3,Sudeste,31,MG,Minas Gerais,3108,NORTE,31055,Pirapora,315213,MG - PONTO CHIQUE,3747
3,Sudeste,31,MG,Minas Gerais,3111,NORDESTE,31065,Itaobim,315217,MG - PONTO DOS VOLANTES,10883
3,Sudeste,31,MG,Minas Gerais,3108,NORTE,31052,Janauba/monte Azul,315220,MG - PORTEIRINHA,37438
3,Sudeste,31,MG,Minas Gerais,3110,LESTE DO SUL,31061,Vicosa,315230,MG - PORTO FIRME,10569
3,Sudeste,31,MG,Minas Gerais,3111,NORDESTE,31099,Teofilo Otoni/malacacheta,315240,MG - POTE,13666
3,Sudeste,31,MG,Minas Gerais,3115,EXTREMO SUL,31007,Pouso Alegre,315250,MG - POUSO ALEGRE,152217
3,Sudeste,31,MG,Minas Gerais,3101,SUL,31008,Sao Lourenco,315260,MG - POUSO ALTO,6566
3,Sudeste,31,MG,Minas Gerais,3102,CENTRO SUL,31015,Sao Joao Del Rei,315270,MG - PRADOS,9048
3,Sudeste,31,MG,Minas Gerais,3113,TRIANGULO DO NORTE,31075,Uberlandia/araguari,315280,MG - PRATA,28342
3,Sudeste,31,MG,Minas Gerais,3116,SUDOESTE,31009,Sao Sebastiao do Paraiso,315290,MG - PRATAPOLIS,8406
3,Sudeste,31,MG,Minas Gerais,3112,TRIANGULO DO SUL,31070,Araxa,315300,MG - PRATINHA,3559
3,Sudeste,31,MG,Minas Gerais,3107,SUDESTE,31048,Uba,315310,MG - PRESIDENTE BERNARDES,4850
3,Sudeste,31,MG,Minas Gerais,3103,CENTRO,31019,Curvelo,315320,MG - PRESIDENTE JUSCELINO,3465
3,Sudeste,31,MG,Minas Gerais,3104,JEQUITINHONHA,31026,Diamantina/itamarandiba,315330,MG - PRESIDENTE KUBITSCHEK,3071
3,Sudeste,31,MG,Minas Gerais,3109,NOROESTE,31057,Patos de Minas,315340,MG - PRESIDENTE OLEGARIO,18765
3,Sudeste,31,MG,Minas Gerais,3103,CENTRO,31024,Sete Lagoas,315360,MG - PRUDENTE DE MORAIS,11466
3,Sudeste,31,MG,Minas Gerais,3103,CENTRO,31024,Sete Lagoas,315370,MG - QUARTEL GERAL,3179
3,Sudeste,31,MG,Minas Gerais,3102,CENTRO SUL,31079,Conselheiro Lafaiete,315380,MG - QUELUZITO,1770
3,Sudeste,31,MG,Minas Gerais,3103,CENTRO,31016,Belo Horizonte/nova Lima/santa Luzia,315390,MG - RAPOSOS,16279
3,Sudeste,31,MG,Minas Gerais,3110,LESTE DO SUL,31060,Ponte Nova,315400,MG - RAUL SOARES,23423
3,Sudeste,31,MG,Minas Gerais,3107,SUDESTE,31044,Leopoldina/cataguases,315410,MG - RECREIO,11007
3,Sudeste,31,MG,Minas Gerais,3110,LESTE DO SUL,31059,Manhuacu,315415,MG - REDUTO,7848
3,Sudeste,31,MG,Minas Gerais,3102,CENTRO SUL,31015,Sao Joao Del Rei,315420,MG - RESENDE COSTA,11230
3,Sudeste,31,MG,Minas Gerais,3106,LESTE,31040,Resplendor,315430,MG - RESPLENDOR,17226
3,Sudeste,31,MG,Minas Gerais,3102,CENTRO SUL,31013,Barbacena,315440,MG - RESSAQUINHA,4548
3,Sudeste,31,MG,Minas Gerais,3109,NOROESTE,31058,Unai/paracatu,315445,MG - RIACHINHO,6863
3,Sudeste,31,MG,Minas Gerais,3108,NORTE,31052,Janauba/monte Azul,315450,MG - RIACHO DOS MACHADOS,8756
3,Sudeste,31,MG,Minas Gerais,3103,CENTRO,31016,Belo Horizonte/nova Lima/santa Luzia,315460,MG - RIBEIRAO DAS NEVES,329794
3,Sudeste,31,MG,Minas Gerais,3101,SUL,31004,Lavras,315470,MG - RIBEIRAO VERMELHO,4080
3,Sudeste,31,MG,Minas Gerais,3103,CENTRO,31016,Belo Horizonte/nova Lima/santa Luzia,315480,MG - RIO ACIMA,10261
3,Sudeste,31,MG,Minas Gerais,3110,LESTE DO SUL,31060,Ponte Nova,315490,MG - RIO CASCA,12789
3,Sudeste,31,MG,Minas Gerais,3111,NORDESTE,31094,Almenara/jacinto,315510,MG - RIO DO PRADO,4639
3,Sudeste,31,MG,Minas Gerais,3110,LESTE DO SUL,31060,Ponte Nova,315500,MG - RIO DOCE,2484
3,Sudeste,31,MG,Minas Gerais,3102,CENTRO SUL,31079,Conselheiro Lafaiete,315520,MG - RIO ESPERA,5429
3,Sudeste,31,MG,Minas Gerais,3103,CENTRO,31017,Betim,315530,MG - RIO MANSO,5568
3,Sudeste,31,MG,Minas Gerais,3107,SUDESTE,31097,Juiz de Fora,315540,MG - RIO NOVO,8518
3,Sudeste,31,MG,Minas Gerais,3109,NOROESTE,31082,Sao Gotardo,315550,MG - RIO PARANAIBA,14532
3,Sudeste,31,MG,Minas Gerais,3108,NORTE,31085,Taiobeiras,315560,MG - RIO PARDO DE MINAS,28271
3,Sudeste,31,MG,Minas Gerais,3103,CENTRO,31023,Joao Monlevade,315570,MG - RIO PIRACICABA,14631
3,Sudeste,31,MG,Minas Gerais,3107,SUDESTE,31048,Uba,315580,MG - RIO POMBA,17443
3,Sudeste,31,MG,Minas Gerais,3107,SUDESTE,31090,Lima Duarte,315590,MG - RIO PRETO,5141
3,Sudeste,31,MG,Minas Gerais,3103,CENTRO,31020,Guanhaes,315600,MG - RIO VERMELHO,12641
3,Sudeste,31,MG,Minas Gerais,3102,CENTRO SUL,31015,Sao Joao Del Rei,315610,MG - RITAPOLIS,4994
3,Sudeste,31,MG,Minas Gerais,3107,SUDESTE,31047,Sao Joao Nepomuceno/bicas,315620,MG - ROCHEDO DE MINAS,2291
3,Sudeste,31,MG,Minas Gerais,3107,SUDESTE,31048,Uba,315630,MG - RODEIRO,8664
3,Sudeste,31,MG,Minas Gerais,3113,TRIANGULO DO NORTE,31074,Patrocinio/monte Carmelo,315640,MG - ROMARIA,3386
3,Sudeste,31,MG,Minas Gerais,3107,SUDESTE,31045,Muriae,315645,MG - ROSARIO DA LIMEIRA,4734
3,Sudeste,31,MG,Minas Gerais,3108,NORTE,31098,Salinas,315650,MG - RUBELITA,5679
3,Sudeste,31,MG,Minas Gerais,3111,NORDESTE,31094,Almenara/jacinto,315660,MG - RUBIM,10298
3,Sudeste,31,MG,Minas Gerais,3103,CENTRO,31016,Belo Horizonte/nova Lima/santa Luzia,315670,MG - SABARA,129380
3,Sudeste,31,MG,Minas Gerais,3103,CENTRO,31020,Guanhaes,315680,MG - SABINOPOLIS,14240
3,Sudeste,31,MG,Minas Gerais,3112,TRIANGULO DO SUL,31072,Uberaba,315690,MG - SACRAMENTO,26670
3,Sudeste,31,MG,Minas Gerais,3108,NORTE,31098,Salinas,315700,MG - SALINAS,40178
3,Sudeste,31,MG,Minas Gerais,3111,NORDESTE,31094,Almenara/jacinto,315710,MG - SALTO DA DIVISA,6110
3,Sudeste,31,MG,Minas Gerais,3103,CENTRO,31021,Itabira,315720,MG - SANTA BARBARA,30466
3,Sudeste,31,MG,Minas Gerais,3114,VALE DO ACO,31034,Caratinga,315725,MG - SANTA BARBARA DO LESTE,8458
3,Sudeste,31,MG,Minas Gerais,3107,SUDESTE,31090,Lima Duarte,315727,MG - SANTA BARBARA DO MONTE VERDE,3095
3,Sudeste,31,MG,Minas Gerais,3102,CENTRO SUL,31013,Barbacena,315730,MG - SANTA BARBARA DO TUGURIO,4208
3,Sudeste,31,MG,Minas Gerais,3102,CENTRO SUL,31015,Sao Joao Del Rei,315733,MG - SANTA CRUZ DE MINAS,8109
3,Sudeste,31,MG,Minas Gerais,3108,NORTE,31098,Salinas,315737,MG - SANTA CRUZ DE SALINAS,3910
3,Sudeste,31,MG,Minas Gerais,3110,LESTE DO SUL,31060,Ponte Nova,315740,MG - SANTA CRUZ DO ESCALVADO,4673
3,Sudeste,31,MG,Minas Gerais,3106,LESTE,31036,Governador Valadares,315750,MG - SANTA EFIGENIA DE MINAS,4039
3,Sudeste,31,MG,Minas Gerais,3108,NORTE,31055,Pirapora,315760,MG - SANTA FE DE MINAS,3522
3,Sudeste,31,MG,Minas Gerais,3111,NORDESTE,31062,Aguas Formosas,315765,MG - SANTA HELENA DE MINAS,5938
3,Sudeste,31,MG,Minas Gerais,3112,TRIANGULO DO SUL,31070,Araxa,315770,MG - SANTA JULIANA,15734
3,Sudeste,31,MG,Minas Gerais,3103,CENTRO,31016,Belo Horizonte/nova Lima/santa Luzia,315780,MG - SANTA LUZIA,219132
3,Sudeste,31,MG,Minas Gerais,3110,LESTE DO SUL,31059,Manhuacu,315790,MG - SANTA MARGARIDA,16395
3,Sudeste,31,MG,Minas Gerais,3103,CENTRO,31021,Itabira,315800,MG - SANTA MARIA DE ITABIRA,10485
3,Sudeste,31,MG,Minas Gerais,3111,NORDESTE,31094,Almenara/jacinto,315810,MG - SANTA MARIA DO SALTO,4755
3,Sudeste,31,MG,Minas Gerais,3106,LESTE,31102,Pecanha/sao Joao Evangelista/santa Maria do Suacui,315820,MG - SANTA MARIA DO SUACUI,12788
3,Sudeste,31,MG,Minas Gerais,3115,EXTREMO SUL,31006,Pocos de Caldas,315920,MG - SANTA RITA DE CALDAS,8460
3,Sudeste,31,MG,Minas Gerais,3102,CENTRO SUL,31013,Barbacena,315940,MG - SANTA RITA DE IBITIPOCA,3301
3,Sudeste,31,MG,Minas Gerais,3107,SUDESTE,31090,Lima Duarte,315930,MG - SANTA RITA DE JACUTINGA,4755
3,Sudeste,31,MG,Minas Gerais,3114,VALE DO ACO,31034,Caratinga,315935,MG - SANTA RITA DE MINAS,6773
3,Sudeste,31,MG,Minas Gerais,3106,LESTE,31040,Resplendor,315950,MG - SANTA RITA DO ITUETO,5826
3,Sudeste,31,MG,Minas Gerais,3115,EXTREMO SUL,31007,Pouso Alegre,315960,MG - SANTA RITA DO SAPUCAI,40635
3,Sudeste,31,MG,Minas Gerais,3109,NOROESTE,31082,Sao Gotardo,315970,MG - SANTA ROSA DA SERRA,3382
3,Sudeste,31,MG,Minas Gerais,3113,TRIANGULO DO NORTE,31073,Ituiutaba,315980,MG - SANTA VITORIA,20973
3,Sudeste,31,MG,Minas Gerais,3101,SUL,31011,Tres Pontas,315830,MG - SANTANA DA VARGEM,6691
3,Sudeste,31,MG,Minas Gerais,3107,SUDESTE,31044,Leopoldina/cataguases,315840,MG - SANTANA DE CATAGUASES,3489
3,Sudeste,31,MG,Minas Gerais,3103,CENTRO,31024,Sete Lagoas,315850,MG - SANTANA DE PIRAPAMA,7030
3,Sudeste,31,MG,Minas Gerais,3107,SUDESTE,31097,Juiz de Fora,315860,MG - SANTANA DO DESERTO,3747
3,Sudeste,31,MG,Minas Gerais,3102,CENTRO SUL,31013,Barbacena,315870,MG - SANTANA DO GARAMBEU,2137
3,Sudeste,31,MG,Minas Gerais,3105,OESTE,31089,Campo Belo,315880,MG - SANTANA DO JACARE,4214
3,Sudeste,31,MG,Minas Gerais,3110,LESTE DO SUL,31059,Manhuacu,315890,MG - SANTANA DO MANHUACU,8987
3,Sudeste,31,MG,Minas Gerais,3114,VALE DO ACO,31037,Ipatinga,315895,MG - SANTANA DO PARAISO,44800
3,Sudeste,31,MG,Minas Gerais,3103,CENTRO,31025,Vespasiano/lagoa Santa,315900,MG - SANTANA DO RIACHO,5313
3,Sudeste,31,MG,Minas Gerais,3102,CENTRO SUL,31079,Conselheiro Lafaiete,315910,MG - SANTANA DOS MONTES,3469
3,Sudeste,31,MG,Minas Gerais,3105,OESTE,31088,Oliveira/santo Antonio do Amparo,315990,MG - SANTO ANTONIO DO AMPARO,17285
3,Sudeste,31,MG,Minas Gerais,3107,SUDESTE,31041,Alem Paraiba,316000,MG - SANTO ANTONIO DO AVENTUREIRO,3769
3,Sudeste,31,MG,Minas Gerais,3110,LESTE DO SUL,31060,Ponte Nova,316010,MG - SANTO ANTONIO DO GRAMA,4229
3,Sudeste,31,MG,Minas Gerais,3104,JEQUITINHONHA,31095,Serro,316020,MG - SANTO ANTONIO DO ITAMBE,3915
3,Sudeste,31,MG,Minas Gerais,3111,NORDESTE,31094,Almenara/jacinto,316030,MG - SANTO ANTONIO DO JACINTO,10327
3,Sudeste,31,MG,Minas Gerais,3105,OESTE,31087,Lagoa da Prata/santo Antonio do Monte,316040,MG - SANTO ANTONIO DO MONTE,27295
3,Sudeste,31,MG,Minas Gerais,3108,NORTE,31085,Taiobeiras,316045,MG - SANTO ANTONIO DO RETIRO,6629
3,Sudeste,31,MG,Minas Gerais,3103,CENTRO,31021,Itabira,316050,MG - SANTO ANTONIO DO RIO ABAIXO,1808
3,Sudeste,31,MG,Minas Gerais,3103,CENTRO,31019,Curvelo,316060,MG - SANTO HIPOLITO,2717
3,Sudeste,31,MG,Minas Gerais,3107,SUDESTE,31046,Santos Dumont,316070,MG - SANTOS DUMONT,42406
3,Sudeste,31,MG,Minas Gerais,3101,SUL,31010,Tres Coracoes,316080,MG - SAO BENTO ABADE,4713
3,Sudeste,31,MG,Minas Gerais,3102,CENTRO SUL,31078,Congonhas,316090,MG - SAO BRAS DO SUACUI,3989
3,Sudeste,31,MG,Minas Gerais,3114,VALE DO ACO,31034,Caratinga,316095,MG - SAO DOMINGOS DAS DORES,5626
3,Sudeste,31,MG,Minas Gerais,3103,CENTRO,31023,Joao Monlevade,316100,MG - SAO DOMINGOS DO PRATA,17392
3,Sudeste,31,MG,Minas Gerais,3106,LESTE,31038,Mantena,316105,MG - SAO FELIX DE MINAS,3200
3,Sudeste,31,MG,Minas Gerais,3108,NORTE,31100,Sao Francisco,316110,MG - SAO FRANCISCO,52762
3,Sudeste,31,MG,Minas Gerais,3105,OESTE,31088,Oliveira/santo Antonio do Amparo,316120,MG - SAO FRANCISCO DE PAULA,6187
3,Sudeste,31,MG,Minas Gerais,3112,TRIANGULO DO SUL,31071,Frutal / Iturama,316130,MG - SAO FRANCISCO DE SALES,5732
3,Sudeste,31,MG,Minas Gerais,3107,SUDESTE,31045,Muriae,316140,MG - SAO FRANCISCO DO GLORIA,4800
3,Sudeste,31,MG,Minas Gerais,3107,SUDESTE,31048,Uba,316150,MG - SAO GERALDO,10282
3,Sudeste,31,MG,Minas Gerais,3106,LESTE,31036,Governador Valadares,316160,MG - SAO GERALDO DA PIEDADE,3305
3,Sudeste,31,MG,Minas Gerais,3106,LESTE,31036,Governador Valadares,316165,MG - SAO GERALDO DO BAIXIO,3143
3,Sudeste,31,MG,Minas Gerais,3109,NOROESTE,31057,Patos de Minas,316170,MG - SAO GONCALO DO ABAETE,7375
3,Sudeste,31,MG,Minas Gerais,3105,OESTE,31086,Divinopolis,316180,MG - SAO GONCALO DO PARA,11770
3,Sudeste,31,MG,Minas Gerais,3103,CENTRO,31021,Itabira,316190,MG - SAO GONCALO DO RIO ABAIXO,11850
3,Sudeste,31,MG,Minas Gerais,3104,JEQUITINHONHA,31026,Diamantina/itamarandiba,312550,MG - SAO GONCALO DO RIO PRETO,3032
3,Sudeste,31,MG,Minas Gerais,3101,SUL,31012,Varginha,316200,MG - SAO GONCALO DO SAPUCAI,23959
3,Sudeste,31,MG,Minas Gerais,3109,NOROESTE,31082,Sao Gotardo,316210,MG - SAO GOTARDO,40910
3,Sudeste,31,MG,Minas Gerais,3116,SUDOESTE,31092,Passos,316220,MG - SAO JOAO BATISTA DO GLORIA,7652
3,Sudeste,31,MG,Minas Gerais,3108,NORTE,31050,Coracao de Jesus,316225,MG - SAO JOAO DA LAGOA,4822
3,Sudeste,31,MG,Minas Gerais,3115,EXTREMO SUL,31007,Pouso Alegre,316230,MG - SAO JOAO DA MATA,2914
3,Sudeste,31,MG,Minas Gerais,3108,NORTE,31101,Brasilia de Minas,316240,MG - SAO JOAO DA PONTE,23930
3,Sudeste,31,MG,Minas Gerais,3108,NORTE,31076,Manga,316245,MG - SAO JOAO DAS MISSOES,13024
3,Sudeste,31,MG,Minas Gerais,3102,CENTRO SUL,31015,Sao Joao Del Rei,316250,MG - SAO JOAO DEL REI,90225
3,Sudeste,31,MG,Minas Gerais,3110,LESTE DO SUL,31059,Manhuacu,316255,MG - SAO JOAO DO MANHUACU,11246
3,Sudeste,31,MG,Minas Gerais,3106,LESTE,31038,Mantena,316257,MG - SAO JOAO DO MANTENINHA,5331
3,Sudeste,31,MG,Minas Gerais,3114,VALE DO ACO,31037,Ipatinga,316260,MG - SAO JOAO DO ORIENTE,7070
3,Sudeste,31,MG,Minas Gerais,3108,NORTE,31050,Coracao de Jesus,316265,MG - SAO JOAO DO PACUI,3972
3,Sudeste,31,MG,Minas Gerais,3108,NORTE,31085,Taiobeiras,316270,MG - SAO JOAO DO PARAISO,23910
3,Sudeste,31,MG,Minas Gerais,3106,LESTE,31102,Pecanha/sao Joao Evangelista/santa Maria do Suacui,316280,MG - SAO JOAO EVANGELISTA,15315
3,Sudeste,31,MG,Minas Gerais,3107,SUDESTE,31047,Sao Joao Nepomuceno/bicas,316290,MG - SAO JOAO NEPOMUCENO,25565
3,Sudeste,31,MG,Minas Gerais,3103,CENTRO,31017,Betim,316292,MG - SAO JOAQUIM DE BICAS,34348
3,Sudeste,31,MG,Minas Gerais,3116,SUDOESTE,31092,Passos,316294,MG - SAO JOSE DA BARRA,7793
3,Sudeste,31,MG,Minas Gerais,3103,CENTRO,31025,Vespasiano/lagoa Santa,316295,MG - SAO JOSE DA LAPA,26315
3,Sudeste,31,MG,Minas Gerais,3106,LESTE,31036,Governador Valadares,316300,MG - SAO JOSE DA SAFIRA,3806
3,Sudeste,31,MG,Minas Gerais,3105,OESTE,31032,Para de Minas/nova Serrana,316310,MG - SAO JOSE DA VARGINHA,4536
3,Sudeste,31,MG,Minas Gerais,3115,EXTREMO SUL,31003,Itajuba,316320,MG - SAO JOSE DO ALEGRE,4133
3,Sudeste,31,MG,Minas Gerais,3111,NORDESTE,31096,Itambacuri,316330,MG - SAO JOSE DO DIVINO,3464
3,Sudeste,31,MG,Minas Gerais,3110,LESTE DO SUL,31060,Ponte Nova,316340,MG - SAO JOSE DO GOIABAL,5396
3,Sudeste,31,MG,Minas Gerais,3106,LESTE,31102,Pecanha/sao Joao Evangelista/santa Maria do Suacui,316350,MG - SAO JOSE DO JACURI,6197
3,Sudeste,31,MG,Minas Gerais,3110,LESTE DO SUL,31059,Manhuacu,316360,MG - SAO JOSE DO MANTIMENTO,2753
3,Sudeste,31,MG,Minas Gerais,3101,SUL,31008,Sao Lourenco,316370,MG - SAO LOURENCO,44798
3,Sudeste,31,MG,Minas Gerais,3110,LESTE DO SUL,31061,Vicosa,316380,MG - SAO MIGUEL DO ANTA,6334
3,Sudeste,31,MG,Minas Gerais,3116,SUDOESTE,31002,Guaxupe,316390,MG - SAO PEDRO DA UNIAO,4885
3,Sudeste,31,MG,Minas Gerais,3106,LESTE,31102,Pecanha/sao Joao Evangelista/santa Maria do Suacui,316410,MG - SAO PEDRO DO SUACUI,5103
3,Sudeste,31,MG,Minas Gerais,3110,LESTE DO SUL,31060,Ponte Nova,316400,MG - SAO PEDRO DOS FERROS,7166
3,Sudeste,31,MG,Minas Gerais,3108,NORTE,31100,Sao Francisco,316420,MG - SAO ROMAO,10315
3,Sudeste,31,MG,Minas Gerais,3116,SUDOESTE,31093,Piumhi,316430,MG - SAO ROQUE DE MINAS,7129
3,Sudeste,31,MG,Minas Gerais,3115,EXTREMO SUL,31007,Pouso Alegre,316440,MG - SAO SEBASTIAO DA BELA VISTA,6387
3,Sudeste,31,MG,Minas Gerais,3107,SUDESTE,31045,Muriae,316443,MG - SAO SEBASTIAO DA VARGEM ALEGRE,3113
3,Sudeste,31,MG,Minas Gerais,3114,VALE DO ACO,31034,Caratinga,316447,MG - SAO SEBASTIAO DO ANTA,6194
3,Sudeste,31,MG,Minas Gerais,3106,LESTE,31102,Pecanha/sao Joao Evangelista/santa Maria do Suacui,316450,MG - SAO SEBASTIAO DO MARANHAO,10079
3,Sudeste,31,MG,Minas Gerais,3105,OESTE,31086,Divinopolis,316460,MG - SAO SEBASTIAO DO OESTE,8815
3,Sudeste,31,MG,Minas Gerais,3116,SUDOESTE,31009,Sao Sebastiao do Paraiso,316470,MG - SAO SEBASTIAO DO PARAISO,71796
3,Sudeste,31,MG,Minas Gerais,3103,CENTRO,31021,Itabira,316480,MG - SAO SEBASTIAO DO RIO PRETO,1259
3,Sudeste,31,MG,Minas Gerais,3101,SUL,31008,Sao Lourenco,316490,MG - SAO SEBASTIAO DO RIO VERDE,2300
3,Sudeste,31,MG,Minas Gerais,3101,SUL,31010,Tres Coracoes,316520,MG - SAO THOME DAS LETRAS,6904
3,Sudeste,31,MG,Minas Gerais,3102,CENTRO SUL,31015,Sao Joao Del Rei,316500,MG - SAO TIAGO,11192
3,Sudeste,31,MG,Minas Gerais,3116,SUDOESTE,31009,Sao Sebastiao do Paraiso,316510,MG - SAO TOMAS DE AQUINO,6740
3,Sudeste,31,MG,Minas Gerais,3102,CENTRO SUL,31015,Sao Joao Del Rei,316530,MG - SAO VICENTE DE MINAS,6804
3,Sudeste,31,MG,Minas Gerais,3115,EXTREMO SUL,31003,Itajuba,316540,MG - SAPUCAI-MIRIM,6311
3,Sudeste,31,MG,Minas Gerais,3106,LESTE,31036,Governador Valadares,316550,MG - SARDOA,5104
3,Sudeste,31,MG,Minas Gerais,3103,CENTRO,31018,Contagem,316553,MG - SARZEDO,36844
3,Sudeste,31,MG,Minas Gerais,3110,LESTE DO SUL,31060,Ponte Nova,316556,MG - SEM-PEIXE,2433
3,Sudeste,31,MG,Minas Gerais,3115,EXTREMO SUL,31007,Pouso Alegre,316557,MG - SENADOR AMARAL,6206
3,Sudeste,31,MG,Minas Gerais,3107,SUDESTE,31047,Sao Joao Nepomuceno/bicas,316560,MG - SENADOR CORTES,2240
3,Sudeste,31,MG,Minas Gerais,3107,SUDESTE,31048,Uba,316570,MG - SENADOR FIRMINO,7716
3,Sudeste,31,MG,Minas Gerais,3115,EXTREMO SUL,31007,Pouso Alegre,316580,MG - SENADOR JOSE BENTO,2068
3,Sudeste,31,MG,Minas Gerais,3104,JEQUITINHONHA,31026,Diamantina/itamarandiba,316590,MG - SENADOR MODESTINO GONCALVES,4008
3,Sudeste,31,MG,Minas Gerais,3102,CENTRO SUL,31079,Conselheiro Lafaiete,316600,MG - SENHORA DE OLIVEIRA,5483
3,Sudeste,31,MG,Minas Gerais,3103,CENTRO,31020,Guanhaes,316610,MG - SENHORA DO PORTO,3067
3,Sudeste,31,MG,Minas Gerais,3102,CENTRO SUL,31013,Barbacena,316620,MG - SENHORA DOS REMEDIOS,10384
3,Sudeste,31,MG,Minas Gerais,3110,LESTE DO SUL,31060,Ponte Nova,316630,MG - SERICITA,7345
3,Sudeste,31,MG,Minas Gerais,3101,SUL,31008,Sao Lourenco,316640,MG - SERITINGA,1819
3,Sudeste,31,MG,Minas Gerais,3104,JEQUITINHONHA,31095,Serro,316650,MG - SERRA AZUL DE MINAS,3792
3,Sudeste,31,MG,Minas Gerais,3105,OESTE,31028,Bom Despacho,316660,MG - SERRA DA SAUDADE,833
3,Sudeste,31,MG,Minas Gerais,3109,NOROESTE,31057,Patos de Minas,316680,MG - SERRA DO SALITRE,11801
3,Sudeste,31,MG,Minas Gerais,3111,NORDESTE,31066,Nanuque,316670,MG - SERRA DOS AIMORES,6944
3,Sudeste,31,MG,Minas Gerais,3116,SUDOESTE,31001,Alfenas/machado,316690,MG - SERRANIA,7621
3,Sudeste,31,MG,Minas Gerais,3108,NORTE,31052,Janauba/monte Azul,316695,MG - SERRANOPOLIS DE MINAS,4399
3,Sudeste,31,MG,Minas Gerais,3101,SUL,31008,Sao Lourenco,316700,MG - SERRANOS,1990
3,Sudeste,31,MG,Minas Gerais,3104,JEQUITINHONHA,31095,Serro,316710,MG - SERRO,21952
3,Sudeste,31,MG,Minas Gerais,3103,CENTRO,31024,Sete Lagoas,316720,MG - SETE LAGOAS,227397
3,Sudeste,31,MG,Minas Gerais,3111,NORDESTE,31099,Teofilo Otoni/malacacheta,316555,MG - SETUBINHA,9917
3,Sudeste,31,MG,Minas Gerais,3107,SUDESTE,31048,Uba,316730,MG - SILVEIRANIA,2323
3,Sudeste,31,MG,Minas Gerais,3115,EXTREMO SUL,31007,Pouso Alegre,316740,MG - SILVIANOPOLIS,6179
3,Sudeste,31,MG,Minas Gerais,3107,SUDESTE,31097,Juiz de Fora,316750,MG - SIMAO PEREIRA,2947
3,Sudeste,31,MG,Minas Gerais,3110,LESTE DO SUL,31059,Manhuacu,316760,MG - SIMONESIA,19750
3,Sudeste,31,MG,Minas Gerais,3106,LESTE,31036,Governador Valadares,316770,MG - SOBRALIA,5137
3,Sudeste,31,MG,Minas Gerais,3101,SUL,31008,Sao Lourenco,316780,MG - SOLEDADE DE MINAS,5613
3,Sudeste,31,MG,Minas Gerais,3107,SUDESTE,31048,Uba,316790,MG - TABULEIRO,4014
3,Sudeste,31,MG,Minas Gerais,3108,NORTE,31085,Taiobeiras,316800,MG - TAIOBEIRAS,33050
3,Sudeste,31,MG,Minas Gerais,3110,LESTE DO SUL,31059,Manhuacu,316805,MG - TAPARUBA,3387
3,Sudeste,31,MG,Minas Gerais,3112,TRIANGULO DO SUL,31070,Araxa,316810,MG - TAPIRA,4118
3,Sudeste,31,MG,Minas Gerais,3105,OESTE,31030,Formiga,316820,MG - TAPIRAI,1690
3,Sudeste,31,MG,Minas Gerais,3103,CENTRO,31016,Belo Horizonte/nova Lima/santa Luzia,316830,MG - TAQUARACU DE MINAS,4224
3,Sudeste,31,MG,Minas Gerais,3106,LESTE,31036,Governador Valadares,316840,MG - TARUMIRIM,14709
3,Sudeste,31,MG,Minas Gerais,3110,LESTE DO SUL,31061,Vicosa,316850,MG - TEIXEIRAS,12255
3,Sudeste,31,MG,Minas Gerais,3111,NORDESTE,31099,Teofilo Otoni/malacacheta,316860,MG - TEOFILO OTONI,137418
3,Sudeste,31,MG,Minas Gerais,3114,VALE DO ACO,31035,Coronel Fabriciano/timoteo,316870,MG - TIMOTEO,81579
3,Sudeste,31,MG,Minas Gerais,3102,CENTRO SUL,31015,Sao Joao Del Rei,316880,MG - TIRADENTES,7744
3,Sudeste,31,MG,Minas Gerais,3109,NOROESTE,31082,Sao Gotardo,316890,MG - TIROS,7883
3,Sudeste,31,MG,Minas Gerais,3107,SUDESTE,31048,Uba,316900,MG - TOCANTINS,16185
3,Sudeste,31,MG,Minas Gerais,3115,EXTREMO SUL,31007,Pouso Alegre,316905,MG - TOCOS DO MOJI,3826
3,Sudeste,31,MG,Minas Gerais,3115,EXTREMO SUL,31007,Pouso Alegre,316910,MG - TOLEDO,7214
3,Sudeste,31,MG,Minas Gerais,3107,SUDESTE,31042,Carangola,316920,MG - TOMBOS,8609
3,Sudeste,31,MG,Minas Gerais,3101,SUL,31010,Tres Coracoes,316930,MG - TRES CORACOES,75485
3,Sudeste,31,MG,Minas Gerais,3103,CENTRO,31019,Curvelo,316935,MG - TRES MARIAS,28895
3,Sudeste,31,MG,Minas Gerais,3101,SUL,31011,Tres Pontas,316940,MG - TRES PONTAS,55255
3,Sudeste,31,MG,Minas Gerais,3106,LESTE,31036,Governador Valadares,316950,MG - TUMIRITINGA,5886
3,Sudeste,31,MG,Minas Gerais,3113,TRIANGULO DO NORTE,31075,Uberlandia/araguari,316960,MG - TUPACIGUARA,25470
3,Sudeste,31,MG,Minas Gerais,3104,JEQUITINHONHA,31027,Turmalina/minas Novas/capelinha,316970,MG - TURMALINA,20000
3,Sudeste,31,MG,Minas Gerais,3115,EXTREMO SUL,31007,Pouso Alegre,316980,MG - TURVOLANDIA,4935
3,Sudeste,31,MG,Minas Gerais,3107,SUDESTE,31048,Uba,316990,MG - UBA,103365
3,Sudeste,31,MG,Minas Gerais,3108,NORTE,31101,Brasilia de Minas,317000,MG - UBAI,11708
3,Sudeste,31,MG,Minas Gerais,3114,VALE DO ACO,31034,Caratinga,317005,MG - UBAPORANGA,13017
3,Sudeste,31,MG,Minas Gerais,3112,TRIANGULO DO SUL,31072,Uberaba,317010,MG - UBERABA,337836
3,Sudeste,31,MG,Minas Gerais,3113,TRIANGULO DO NORTE,31075,Uberlandia/araguari,317020,MG - UBERLANDIA,713224
3,Sudeste,31,MG,Minas Gerais,3111,NORDESTE,31062,Aguas Formosas,317030,MG - UMBURATIBA,2684
3,Sudeste,31,MG,Minas Gerais,3109,NOROESTE,31058,Unai/paracatu,317040,MG - UNAI,86619
3,Sudeste,31,MG,Minas Gerais,3112,TRIANGULO DO SUL,31071,Frutal / Iturama,317043,MG - UNIAO DE MINAS,3828
3,Sudeste,31,MG,Minas Gerais,3109,NOROESTE,31058,Unai/paracatu,317047,MG - URUANA DE MINAS,3282
3,Sudeste,31,MG,Minas Gerais,3110,LESTE DO SUL,31060,Ponte Nova,317050,MG - URUCANIA,10600
3,Sudeste,31,MG,Minas Gerais,3108,NORTE,31100,Sao Francisco,317052,MG - URUCUIA,17479
3,Sudeste,31,MG,Minas Gerais,3114,VALE DO ACO,31034,Caratinga,317057,MG - VARGEM ALEGRE,5780
3,Sudeste,31,MG,Minas Gerais,3116,SUDOESTE,31093,Piumhi,317060,MG - VARGEM BONITA,2158
3,Sudeste,31,MG,Minas Gerais,3108,NORTE,31085,Taiobeiras,317065,MG - VARGEM GRANDE DO RIO PARDO,4633
3,Sudeste,31,MG,Minas Gerais,3101,SUL,31012,Varginha,317070,MG - VARGINHA,136467
3,Sudeste,31,MG,Minas Gerais,3109,NOROESTE,31057,Patos de Minas,317075,MG - VARJAO DE MINAS,6969
3,Sudeste,31,MG,Minas Gerais,3108,NORTE,31055,Pirapora,317080,MG - VARZEA DA PALMA,33744
3,Sudeste,31,MG,Minas Gerais,3108,NORTE,31101,Brasilia de Minas,317090,MG - VARZELANDIA,18840
3,Sudeste,31,MG,Minas Gerais,3109,NOROESTE,31057,Patos de Minas,317100,MG - VAZANTE,19975
3,Sudeste,31,MG,Minas Gerais,3108,NORTE,31052,Janauba/monte Azul,317103,MG - VERDELANDIA,7672
3,Sudeste,31,MG,Minas Gerais,3104,JEQUITINHONHA,31027,Turmalina/minas Novas/capelinha,317107,MG - VEREDINHA,5181
3,Sudeste,31,MG,Minas Gerais,3112,TRIANGULO DO SUL,31072,Uberaba,317110,MG - VERISSIMO,3411
3,Sudeste,31,MG,Minas Gerais,3114,VALE DO ACO,31034,Caratinga,317115,MG - VERMELHO NOVO,4899
3,Sudeste,31,MG,Minas Gerais,3103,CENTRO,31025,Vespasiano/lagoa Santa,317120,MG - VESPASIANO,129021
3,Sudeste,31,MG,Minas Gerais,3110,LESTE DO SUL,31061,Vicosa,317130,MG - VICOSA,76430
3,Sudeste,31,MG,Minas Gerais,3107,SUDESTE,31045,Muriae,317140,MG - VIEIRAS,3700
3,Sudeste,31,MG,Minas Gerais,3104,JEQUITINHONHA,31064,Aracuai,317160,MG - VIRGEM DA LAPA,11804
3,Sudeste,31,MG,Minas Gerais,3101,SUL,31008,Sao Lourenco,317170,MG - VIRGINIA,8908
3,Sudeste,31,MG,Minas Gerais,3103,CENTRO,31020,Guanhaes,317180,MG - VIRGINOPOLIS,10314
3,Sudeste,31,MG,Minas Gerais,3106,LESTE,31036,Governador Valadares,317190,MG - VIRGOLANDIA,4552
3,Sudeste,31,MG,Minas Gerais,3107,SUDESTE,31048,Uba,317200,MG - VISCONDE DO RIO BRANCO,39160
3,Sudeste,31,MG,Minas Gerais,3107,SUDESTE,31041,Alem Paraiba,317210,MG - VOLTA GRANDE,4443
3,Sudeste,31,MG,Minas Gerais,3115,EXTREMO SUL,31003,Itajuba,317220,MG - WENCESLAU BRAZ,2356
5,Centro-Oeste,50,MS,Mato Grosso do Sul,5012,COSTA LESTE,50013,Leste,500020,MS - AGUA CLARA,16741
5,Centro-Oeste,50,MS,Mato Grosso do Sul,5010,CENTRO,50015,Norte,500025,MS - ALCINOPOLIS,4537
5,Centro-Oeste,50,MS,Mato Grosso do Sul,5011,CONE SUL,50017,Sul Fronteira,500060,MS - AMAMBAI,39325
5,Centro-Oeste,50,MS,Mato Grosso do Sul,5010,CENTRO,50009,Baixo Pantanal,500070,MS - ANASTACIO,24114
5,Centro-Oeste,50,MS,Mato Grosso do Sul,5011,CONE SUL,50016,Sudeste,500080,MS - ANAURILANDIA,7653
5,Centro-Oeste,50,MS,Mato Grosso do Sul,5011,CONE SUL,50016,Sudeste,500085,MS - ANGELICA,10729
5,Centro-Oeste,50,MS,Mato Grosso do Sul,5011,CONE SUL,50017,Sul Fronteira,500090,MS - ANTONIO JOAO,9303
5,Centro-Oeste,50,MS,Mato Grosso do Sul,5012,COSTA LESTE,50014,Nordeste,500100,MS - APARECIDA DO TABOADO,27674
5,Centro-Oeste,50,MS,Mato Grosso do Sul,5010,CENTRO,50009,Baixo Pantanal,500110,MS - AQUIDAUANA,46803
5,Centro-Oeste,50,MS,Mato Grosso do Sul,5011,CONE SUL,50017,Sul Fronteira,500124,MS - ARAL MOREIRA,10748
5,Centro-Oeste,50,MS,Mato Grosso do Sul,5010,CENTRO,50011,Centro,500150,MS - BANDEIRANTES,7940
5,Centro-Oeste,50,MS,Mato Grosso do Sul,5012,COSTA LESTE,50013,Leste,500190,MS - BATAGUASSU,23031
5,Centro-Oeste,50,MS,Mato Grosso do Sul,5011,CONE SUL,50016,Sudeste,500200,MS - BATAYPORA,10712
5,Centro-Oeste,50,MS,Mato Grosso do Sul,5010,CENTRO,50009,Baixo Pantanal,500210,MS - BELA VISTA,21613
5,Centro-Oeste,50,MS,Mato Grosso do Sul,5010,CENTRO,50009,Baixo Pantanal,500215,MS - BODOQUENA,8567
5,Centro-Oeste,50,MS,Mato Grosso do Sul,5010,CENTRO,50009,Baixo Pantanal,500220,MS - BONITO,23659
5,Centro-Oeste,50,MS,Mato Grosso do Sul,5012,COSTA LESTE,50013,Leste,500230,MS - BRASILANDIA,11579
5,Centro-Oeste,50,MS,Mato Grosso do Sul,5011,CONE SUL,50012,Centro Sul,500240,MS - CAARAPO,30612
5,Centro-Oeste,50,MS,Mato Grosso do Sul,5010,CENTRO,50011,Centro,500260,MS - CAMAPUA,13583
5,Centro-Oeste,50,MS,Mato Grosso do Sul,5010,CENTRO,50011,Centro,500270,MS - CAMPO GRANDE,898100
5,Centro-Oeste,50,MS,Mato Grosso do Sul,5010,CENTRO,50009,Baixo Pantanal,500280,MS - CARACOL,5036
5,Centro-Oeste,50,MS,Mato Grosso do Sul,5012,COSTA LESTE,50014,Nordeste,500290,MS - CASSILANDIA,20988
5,Centro-Oeste,50,MS,Mato Grosso do Sul,5012,COSTA LESTE,50014,Nordeste,500295,MS - CHAPADAO DO SUL,30993
5,Centro-Oeste,50,MS,Mato Grosso do Sul,5010,CENTRO,50011,Centro,500310,MS - CORGUINHO,4783
5,Centro-Oeste,50,MS,Mato Grosso do Sul,5011,CONE SUL,50017,Sul Fronteira,500315,MS - CORONEL SAPUCAIA,14289
5,Centro-Oeste,50,MS,Mato Grosso do Sul,5009,PANTANAL,50010,Pantanal,500320,MS - CORUMBA,96268
5,Centro-Oeste,50,MS,Mato Grosso do Sul,5012,COSTA LESTE,50014,Nordeste,500325,MS - COSTA RICA,26037
5,Centro-Oeste,50,MS,Mato Grosso do Sul,5010,CENTRO,50015,Norte,500330,MS - COXIM,32151
5,Centro-Oeste,50,MS,Mato Grosso do Sul,5011,CONE SUL,50012,Centro Sul,500345,MS - DEODAPOLIS,13663
5,Centro-Oeste,50,MS,Mato Grosso do Sul,5010,CENTRO,50009,Baixo Pantanal,500348,MS - DOIS IRMAOS DO BURITI,11100
5,Centro-Oeste,50,MS,Mato Grosso do Sul,5011,CONE SUL,50012,Centro Sul,500350,MS - DOURADINA,5578
5,Centro-Oeste,50,MS,Mato Grosso do Sul,5011,CONE SUL,50012,Centro Sul,500370,MS - DOURADOS,243367
5,Centro-Oeste,50,MS,Mato Grosso do Sul,5011,CONE SUL,50017,Sul Fronteira,500375,MS - ELDORADO,11386
5,Centro-Oeste,50,MS,Mato Grosso do Sul,5011,CONE SUL,50012,Centro Sul,500380,MS - FATIMA DO SUL,20609
5,Centro-Oeste,50,MS,Mato Grosso do Sul,5010,CENTRO,50015,Norte,500390,MS - FIGUEIRAO,3539
5,Centro-Oeste,50,MS,Mato Grosso do Sul,5011,CONE SUL,50012,Centro Sul,500400,MS - GLORIA DE DOURADOS,10444
5,Centro-Oeste,50,MS,Mato Grosso do Sul,5010,CENTRO,50009,Baixo Pantanal,500410,MS - GUIA LOPES DA LAGUNA,9940
5,Centro-Oeste,50,MS,Mato Grosso do Sul,5011,CONE SUL,50017,Sul Fronteira,500430,MS - IGUATEMI,13808
5,Centro-Oeste,50,MS,Mato Grosso do Sul,5012,COSTA LESTE,50014,Nordeste,500440,MS - INOCENCIA,8404
5,Centro-Oeste,50,MS,Mato Grosso do Sul,5011,CONE SUL,50012,Centro Sul,500450,MS - ITAPORA,24137
5,Centro-Oeste,50,MS,Mato Grosso do Sul,5011,CONE SUL,50017,Sul Fronteira,500460,MS - ITAQUIRAI,19423
5,Centro-Oeste,50,MS,Mato Grosso do Sul,5011,CONE SUL,50016,Sudeste,500470,MS - IVINHEMA,27821
5,Centro-Oeste,50,MS,Mato Grosso do Sul,5011,CONE SUL,50017,Sul Fronteira,500480,MS - JAPORA,8148
5,Centro-Oeste,50,MS,Mato Grosso do Sul,5010,CENTRO,50011,Centro,500490,MS - JARAGUARI,7139
5,Centro-Oeste,50,MS,Mato Grosso do Sul,5010,CENTRO,50009,Baixo Pantanal,500500,MS - JARDIM,23981
5,Centro-Oeste,50,MS,Mato Grosso do Sul,5011,CONE SUL,50012,Centro Sul,500510,MS - JATEI,3586
5,Centro-Oeste,50,MS,Mato Grosso do Sul,5011,CONE SUL,50017,Sul Fronteira,500515,MS - JUTI,6729
5,Centro-Oeste,50,MS,Mato Grosso do Sul,5009,PANTANAL,50010,Pantanal,500520,MS - LADARIO,21522
5,Centro-Oeste,50,MS,Mato Grosso do Sul,5011,CONE SUL,50012,Centro Sul,500525,MS - LAGUNA CARAPA,6799
5,Centro-Oeste,50,MS,Mato Grosso do Sul,5010,CENTRO,50009,Baixo Pantanal,500540,MS - MARACAJU,45047
5,Centro-Oeste,50,MS,Mato Grosso do Sul,5009,PANTANAL,50010,Pantanal,500560,MS - MIRANDA,25536
5,Centro-Oeste,50,MS,Mato Grosso do Sul,5011,CONE SUL,50017,Sul Fronteira,500568,MS - MUNDO NOVO,19193
5,Centro-Oeste,50,MS,Mato Grosso do Sul,5011,CONE SUL,50017,Sul Fronteira,500570,MS - NAVIRAI,50457
5,Centro-Oeste,50,MS,Mato Grosso do Sul,5010,CENTRO,50009,Baixo Pantanal,500580,MS - NIOAQUE,13220
5,Centro-Oeste,50,MS,Mato Grosso do Sul,5011,CONE SUL,50012,Centro Sul,500600,MS - NOVA ALVORADA DO SUL,21822
5,Centro-Oeste,50,MS,Mato Grosso do Sul,5011,CONE SUL,50016,Sudeste,500620,MS - NOVA ANDRADINA,48563
5,Centro-Oeste,50,MS,Mato Grosso do Sul,5011,CONE SUL,50016,Sudeste,500625,MS - NOVO HORIZONTE DO SUL,4721
5,Centro-Oeste,50,MS,Mato Grosso do Sul,5012,COSTA LESTE,50014,Nordeste,500627,MS - PARAISO DAS AGUAS,5510
5,Centro-Oeste,50,MS,Mato Grosso do Sul,5012,COSTA LESTE,50014,Nordeste,500630,MS - PARANAIBA,40957
5,Centro-Oeste,50,MS,Mato Grosso do Sul,5011,CONE SUL,50017,Sul Fronteira,500635,MS - PARANHOS,12921
5,Centro-Oeste,50,MS,Mato Grosso do Sul,5010,CENTRO,50015,Norte,500640,MS - PEDRO GOMES,6941
5,Centro-Oeste,50,MS,Mato Grosso do Sul,5011,CONE SUL,50017,Sul Fronteira,500660,MS - PONTA PORA,92017
5,Centro-Oeste,50,MS,Mato Grosso do Sul,5010,CENTRO,50009,Baixo Pantanal,500690,MS - PORTO MURTINHO,12859
5,Centro-Oeste,50,MS,Mato Grosso do Sul,5010,CENTRO,50011,Centro,500710,MS - RIBAS DO RIO PARDO,23150
5,Centro-Oeste,50,MS,Mato Grosso do Sul,5011,CONE SUL,50012,Centro Sul,500720,MS - RIO BRILHANTE,37601
5,Centro-Oeste,50,MS,Mato Grosso do Sul,5010,CENTRO,50015,Norte,500730,MS - RIO NEGRO,4841
5,Centro-Oeste,50,MS,Mato Grosso do Sul,5010,CENTRO,50015,Norte,500740,MS - RIO VERDE DE MATO GROSSO,19818
5,Centro-Oeste,50,MS,Mato Grosso do Sul,5010,CENTRO,50011,Centro,500750,MS - ROCHEDO,5199
5,Centro-Oeste,50,MS,Mato Grosso do Sul,5012,COSTA LESTE,50013,Leste,500755,MS - SANTA RITA DO PARDO,7027
5,Centro-Oeste,50,MS,Mato Grosso do Sul,5010,CENTRO,50015,Norte,500769,MS - SAO GABRIEL DO OESTE,29579
5,Centro-Oeste,50,MS,Mato Grosso do Sul,5012,COSTA LESTE,50013,Leste,500780,MS - SELVIRIA,8142
5,Centro-Oeste,50,MS,Mato Grosso do Sul,5011,CONE SUL,50017,Sul Fronteira,500770,MS - SETE QUEDAS,10994
5,Centro-Oeste,50,MS,Mato Grosso do Sul,5010,CENTRO,50011,Centro,500790,MS - SIDROLANDIA,47118
5,Centro-Oeste,50,MS,Mato Grosso do Sul,5010,CENTRO,50015,Norte,500793,MS - SONORA,14516
5,Centro-Oeste,50,MS,Mato Grosso do Sul,5011,CONE SUL,50017,Sul Fronteira,500795,MS - TACURU,10808
5,Centro-Oeste,50,MS,Mato Grosso do Sul,5011,CONE SUL,50016,Sudeste,500797,MS - TAQUARUSSU,3625
5,Centro-Oeste,50,MS,Mato Grosso do Sul,5010,CENTRO,50011,Centro,500800,MS - TERENOS,17652
5,Centro-Oeste,50,MS,Mato Grosso do Sul,5012,COSTA LESTE,50013,Leste,500830,MS - TRES LAGOAS,132152
5,Centro-Oeste,50,MS,Mato Grosso do Sul,5011,CONE SUL,50012,Centro Sul,500840,MS - VICENTINA,6336
5,Centro-Oeste,51,MT,Mato Grosso,5105,MACRORREGIAO CENTRO-NORTE,51002,Baixada Cuiabana,510010,MT - ACORIZAL,5014
5,Centro-Oeste,51,MT,Mato Grosso,5104,MACRORREGIAO LESTE,51006,Medio Araguaia,510020,MT - AGUA BOA,29219
5,Centro-Oeste,51,MT,Mato Grosso,5103,MACRORREGIAO NORTE ,51001,Alto Tapajos,510025,MT - ALTA FLORESTA,58613
5,Centro-Oeste,51,MT,Mato Grosso,5101,MACRORREGIAO SUL ,51013,Sul Matogrossense,510030,MT - ALTO ARAGUAIA,17193
5,Centro-Oeste,51,MT,Mato Grosso,5104,MACRORREGIAO LESTE,51009,Norte Araguaia Karaja,510035,MT - ALTO BOA VISTA,5715
5,Centro-Oeste,51,MT,Mato Grosso,5101,MACRORREGIAO SUL ,51013,Sul Matogrossense,510040,MT - ALTO GARCAS,13052
5,Centro-Oeste,51,MT,Mato Grosso,5106,MACRORREGIAO CENTRO-NOROESTE,51004,Centro Norte,510050,MT - ALTO PARAGUAI,8009
5,Centro-Oeste,51,MT,Mato Grosso,5101,MACRORREGIAO SUL ,51013,Sul Matogrossense,510060,MT - ALTO TAQUARI,10904
5,Centro-Oeste,51,MT,Mato Grosso,5103,MACRORREGIAO NORTE ,51001,Alto Tapajos,510080,MT - APIACAS,8590
5,Centro-Oeste,51,MT,Mato Grosso,5104,MACRORREGIAO LESTE,51005,Garcas Araguaia,510100,MT - ARAGUAIANA,3795
5,Centro-Oeste,51,MT,Mato Grosso,5101,MACRORREGIAO SUL ,51013,Sul Matogrossense,510120,MT - ARAGUAINHA,1010
5,Centro-Oeste,51,MT,Mato Grosso,5102,MACRORREGIAO OESTE,51011,Oeste Matogrossense,510125,MT - ARAPUTANGA,14786
5,Centro-Oeste,51,MT,Mato Grosso,5106,MACRORREGIAO CENTRO-NOROESTE,51007,Medio Norte Matogrossense,510130,MT - ARENAPOLIS,10576
5,Centro-Oeste,51,MT,Mato Grosso,5106,MACRORREGIAO CENTRO-NOROESTE,51008,Noroeste Matogrossense,510140,MT - ARIPUANA,24626
5,Centro-Oeste,51,MT,Mato Grosso,5105,MACRORREGIAO CENTRO-NORTE,51002,Baixada Cuiabana,510160,MT - BARAO DE MELGACO,7253
5,Centro-Oeste,51,MT,Mato Grosso,5106,MACRORREGIAO CENTRO-NOROESTE,51007,Medio Norte Matogrossense,510170,MT - BARRA DO BUGRES,29403
5,Centro-Oeste,51,MT,Mato Grosso,5104,MACRORREGIAO LESTE,51005,Garcas Araguaia,510180,MT - BARRA DO GARCAS,69210
5,Centro-Oeste,51,MT,Mato Grosso,5104,MACRORREGIAO LESTE,51006,Medio Araguaia,510185,MT - BOM JESUS DO ARAGUAIA,7280
5,Centro-Oeste,51,MT,Mato Grosso,5106,MACRORREGIAO CENTRO-NOROESTE,51008,Noroeste Matogrossense,510190,MT - BRASNORTE,17004
5,Centro-Oeste,51,MT,Mato Grosso,5102,MACRORREGIAO OESTE,51011,Oeste Matogrossense,510250,MT - CACERES,89681
5,Centro-Oeste,51,MT,Mato Grosso,5104,MACRORREGIAO LESTE,51005,Garcas Araguaia,510260,MT - CAMPINAPOLIS,15347
5,Centro-Oeste,51,MT,Mato Grosso,5106,MACRORREGIAO CENTRO-NOROESTE,51007,Medio Norte Matogrossense,510263,MT - CAMPO NOVO DO PARECIS,45899
5,Centro-Oeste,51,MT,Mato Grosso,5101,MACRORREGIAO SUL ,51013,Sul Matogrossense,510267,MT - CAMPO VERDE,44585
5,Centro-Oeste,51,MT,Mato Grosso,5102,MACRORREGIAO OESTE,51012,Sudoeste Matogrossense,510268,MT - CAMPOS DE JULIO,8822
5,Centro-Oeste,51,MT,Mato Grosso,5104,MACRORREGIAO LESTE,51003,Araguaia Xingu,510269,MT - CANABRAVA DO NORTE,4485
5,Centro-Oeste,51,MT,Mato Grosso,5104,MACRORREGIAO LESTE,51006,Medio Araguaia,510270,MT - CANARANA,25858
5,Centro-Oeste,51,MT,Mato Grosso,5103,MACRORREGIAO NORTE ,51001,Alto Tapajos,510279,MT - CARLINDA,10332
5,Centro-Oeste,51,MT,Mato Grosso,5106,MACRORREGIAO CENTRO-NOROESTE,51008,Noroeste Matogrossense,510285,MT - CASTANHEIRA,7506
5,Centro-Oeste,51,MT,Mato Grosso,5105,MACRORREGIAO CENTRO-NORTE,51002,Baixada Cuiabana,510300,MT - CHAPADA DOS GUIMARAES,18990
5,Centro-Oeste,51,MT,Mato Grosso,5103,MACRORREGIAO NORTE ,51014,Teles Pires,510305,MT - CLAUDIA,9593
5,Centro-Oeste,51,MT,Mato Grosso,5104,MACRORREGIAO LESTE,51006,Medio Araguaia,510310,MT - COCALINHO,6220
5,Centro-Oeste,51,MT,Mato Grosso,5103,MACRORREGIAO NORTE ,51010,Norte Matogrossense,510320,MT - COLIDER,31370
5,Centro-Oeste,51,MT,Mato Grosso,5106,MACRORREGIAO CENTRO-NOROESTE,51008,Noroeste Matogrossense,510325,MT - COLNIZA,25766
5,Centro-Oeste,51,MT,Mato Grosso,5102,MACRORREGIAO OESTE,51012,Sudoeste Matogrossense,510330,MT - COMODORO,18238
5,Centro-Oeste,51,MT,Mato Grosso,5104,MACRORREGIAO LESTE,51003,Araguaia Xingu,510335,MT - CONFRESA,35075
5,Centro-Oeste,51,MT,Mato Grosso,5102,MACRORREGIAO OESTE,51012,Sudoeste Matogrossense,510336,MT - CONQUISTA D'OESTE,3760
5,Centro-Oeste,51,MT,Mato Grosso,5106,MACRORREGIAO CENTRO-NOROESTE,51008,Noroeste Matogrossense,510337,MT - COTRIGUACU,11011
5,Centro-Oeste,51,MT,Mato Grosso,5105,MACRORREGIAO CENTRO-NORTE,51002,Baixada Cuiabana,510340,MT - CUIABA,650877
5,Centro-Oeste,51,MT,Mato Grosso,5102,MACRORREGIAO OESTE,51011,Oeste Matogrossense,510343,MT - CURVELANDIA,4903
5,Centro-Oeste,51,MT,Mato Grosso,5106,MACRORREGIAO CENTRO-NOROESTE,51007,Medio Norte Matogrossense,510345,MT - DENISE,7014
5,Centro-Oeste,51,MT,Mato Grosso,5106,MACRORREGIAO CENTRO-NOROESTE,51004,Centro Norte,510350,MT - DIAMANTINO,21941
5,Centro-Oeste,51,MT,Mato Grosso,5101,MACRORREGIAO SUL ,51013,Sul Matogrossense,510360,MT - DOM AQUINO,7872
5,Centro-Oeste,51,MT,Mato Grosso,5103,MACRORREGIAO NORTE ,51014,Teles Pires,510370,MT - FELIZ NATAL,10521
5,Centro-Oeste,51,MT,Mato Grosso,5102,MACRORREGIAO OESTE,51012,Sudoeste Matogrossense,510380,MT - FIGUEIROPOLIS D'OESTE,3187
5,Centro-Oeste,51,MT,Mato Grosso,5104,MACRORREGIAO LESTE,51006,Medio Araguaia,510385,MT - GAUCHA DO NORTE,8642
5,Centro-Oeste,51,MT,Mato Grosso,5104,MACRORREGIAO LESTE,51005,Garcas Araguaia,510390,MT - GENERAL CARNEIRO,6037
5,Centro-Oeste,51,MT,Mato Grosso,5102,MACRORREGIAO OESTE,51011,Oeste Matogrossense,510395,MT - GLORIA D'OESTE,2905
5,Centro-Oeste,51,MT,Mato Grosso,5103,MACRORREGIAO NORTE ,51015,Vale do Peixoto,510410,MT - GUARANTA DO NORTE,31024
5,Centro-Oeste,51,MT,Mato Grosso,5101,MACRORREGIAO SUL ,51013,Sul Matogrossense,510420,MT - GUIRATINGA,10966
5,Centro-Oeste,51,MT,Mato Grosso,5102,MACRORREGIAO OESTE,51011,Oeste Matogrossense,510450,MT - INDIAVAI,2213
5,Centro-Oeste,51,MT,Mato Grosso,5103,MACRORREGIAO NORTE ,51014,Teles Pires,510452,MT - IPIRANGA DO NORTE,7815
5,Centro-Oeste,51,MT,Mato Grosso,5103,MACRORREGIAO NORTE ,51014,Teles Pires,510454,MT - ITANHANGA,7539
5,Centro-Oeste,51,MT,Mato Grosso,5103,MACRORREGIAO NORTE ,51010,Norte Matogrossense,510455,MT - ITAUBA,5020
5,Centro-Oeste,51,MT,Mato Grosso,5101,MACRORREGIAO SUL ,51013,Sul Matogrossense,510460,MT - ITIQUIRA,12236
5,Centro-Oeste,51,MT,Mato Grosso,5101,MACRORREGIAO SUL ,51013,Sul Matogrossense,510480,MT - JACIARA,28569
5,Centro-Oeste,51,MT,Mato Grosso,5105,MACRORREGIAO CENTRO-NORTE,51002,Baixada Cuiabana,510490,MT - JANGADA,7426
5,Centro-Oeste,51,MT,Mato Grosso,5102,MACRORREGIAO OESTE,51012,Sudoeste Matogrossense,510500,MT - JAURU,8367
5,Centro-Oeste,51,MT,Mato Grosso,5103,MACRORREGIAO NORTE ,51016,Vale dos Arinos,510510,MT - JUARA,34906
5,Centro-Oeste,51,MT,Mato Grosso,5106,MACRORREGIAO CENTRO-NOROESTE,51008,Noroeste Matogrossense,510515,MT - JUINA,45869
5,Centro-Oeste,51,MT,Mato Grosso,5106,MACRORREGIAO CENTRO-NOROESTE,51008,Noroeste Matogrossense,510517,MT - JURUENA,10213
5,Centro-Oeste,51,MT,Mato Grosso,5101,MACRORREGIAO SUL ,51013,Sul Matogrossense,510520,MT - JUSCIMEIRA,11480
5,Centro-Oeste,51,MT,Mato Grosso,5102,MACRORREGIAO OESTE,51011,Oeste Matogrossense,510523,MT - LAMBARI D'OESTE,4790
5,Centro-Oeste,51,MT,Mato Grosso,5103,MACRORREGIAO NORTE ,51014,Teles Pires,510525,MT - LUCAS DO RIO VERDE,83798
5,Centro-Oeste,51,MT,Mato Grosso,5104,MACRORREGIAO LESTE,51009,Norte Araguaia Karaja,510530,MT - LUCIARA,2509
5,Centro-Oeste,51,MT,Mato Grosso,5103,MACRORREGIAO NORTE ,51010,Norte Matogrossense,510558,MT - MARCELANDIA,11396
5,Centro-Oeste,51,MT,Mato Grosso,5103,MACRORREGIAO NORTE ,51015,Vale do Peixoto,510560,MT - MATUPA,20091
5,Centro-Oeste,51,MT,Mato Grosso,5102,MACRORREGIAO OESTE,51011,Oeste Matogrossense,510562,MT - MIRASSOL D'OESTE,26785
5,Centro-Oeste,51,MT,Mato Grosso,5106,MACRORREGIAO CENTRO-NOROESTE,51004,Centro Norte,510590,MT - NOBRES,15492
5,Centro-Oeste,51,MT,Mato Grosso,5106,MACRORREGIAO CENTRO-NOROESTE,51004,Centro Norte,510600,MT - NORTELANDIA,5956
5,Centro-Oeste,51,MT,Mato Grosso,5105,MACRORREGIAO CENTRO-NORTE,51002,Baixada Cuiabana,510610,MT - NOSSA SENHORA DO LIVRAMENTO,12940
5,Centro-Oeste,51,MT,Mato Grosso,5103,MACRORREGIAO NORTE ,51001,Alto Tapajos,510615,MT - NOVA BANDEIRANTES,13635
5,Centro-Oeste,51,MT,Mato Grosso,5105,MACRORREGIAO CENTRO-NORTE,51002,Baixada Cuiabana,510620,MT - NOVA BRASILANDIA,3932
5,Centro-Oeste,51,MT,Mato Grosso,5103,MACRORREGIAO NORTE ,51010,Norte Matogrossense,510621,MT - NOVA CANAA DO NORTE,11707
5,Centro-Oeste,51,MT,Mato Grosso,5103,MACRORREGIAO NORTE ,51010,Norte Matogrossense,510880,MT - NOVA GUARITA,4590
5,Centro-Oeste,51,MT,Mato Grosso,5102,MACRORREGIAO OESTE,51012,Sudoeste Matogrossense,510618,MT - NOVA LACERDA,6670
5,Centro-Oeste,51,MT,Mato Grosso,5106,MACRORREGIAO CENTRO-NOROESTE,51007,Medio Norte Matogrossense,510885,MT - NOVA MARILANDIA,3529
5,Centro-Oeste,51,MT,Mato Grosso,5106,MACRORREGIAO CENTRO-NOROESTE,51004,Centro Norte,510890,MT - NOVA MARINGA,5846
5,Centro-Oeste,51,MT,Mato Grosso,5103,MACRORREGIAO NORTE ,51001,Alto Tapajos,510895,MT - NOVA MONTE VERDE,8313
5,Centro-Oeste,51,MT,Mato Grosso,5103,MACRORREGIAO NORTE ,51014,Teles Pires,510622,MT - NOVA MUTUM,55839
5,Centro-Oeste,51,MT,Mato Grosso,5104,MACRORREGIAO LESTE,51006,Medio Araguaia,510617,MT - NOVA NAZARE,4200
5,Centro-Oeste,51,MT,Mato Grosso,5106,MACRORREGIAO CENTRO-NOROESTE,51007,Medio Norte Matogrossense,510623,MT - NOVA OLIMPIA,16352
5,Centro-Oeste,51,MT,Mato Grosso,5103,MACRORREGIAO NORTE ,51010,Norte Matogrossense,510619,MT - NOVA SANTA HELENA,4239
5,Centro-Oeste,51,MT,Mato Grosso,5103,MACRORREGIAO NORTE ,51014,Teles Pires,510624,MT - NOVA UBIRATA,11530
5,Centro-Oeste,51,MT,Mato Grosso,5104,MACRORREGIAO LESTE,51005,Garcas Araguaia,510625,MT - NOVA XAVANTINA,24345
5,Centro-Oeste,51,MT,Mato Grosso,5103,MACRORREGIAO NORTE ,51016,Vale dos Arinos,510627,MT - NOVO HORIZONTE DO NORTE,3349
5,Centro-Oeste,51,MT,Mato Grosso,5103,MACRORREGIAO NORTE ,51015,Vale do Peixoto,510626,MT - NOVO MUNDO,6520
5,Centro-Oeste,51,MT,Mato Grosso,5104,MACRORREGIAO LESTE,51009,Norte Araguaia Karaja,510631,MT - NOVO SANTO ANTONIO,2015
5,Centro-Oeste,51,MT,Mato Grosso,5104,MACRORREGIAO LESTE,51005,Garcas Araguaia,510628,MT - NOVO SAO JOAQUIM,6919
5,Centro-Oeste,51,MT,Mato Grosso,5103,MACRORREGIAO NORTE ,51001,Alto Tapajos,510629,MT - PARANAITA,11671
5,Centro-Oeste,51,MT,Mato Grosso,5101,MACRORREGIAO SUL ,51013,Sul Matogrossense,510630,MT - PARANATINGA,26423
5,Centro-Oeste,51,MT,Mato Grosso,5101,MACRORREGIAO SUL ,51013,Sul Matogrossense,510637,MT - PEDRA PRETA,18066
5,Centro-Oeste,51,MT,Mato Grosso,5103,MACRORREGIAO NORTE ,51015,Vale do Peixoto,510642,MT - PEIXOTO DE AZEVEDO,32714
5,Centro-Oeste,51,MT,Mato Grosso,5105,MACRORREGIAO CENTRO-NORTE,51002,Baixada Cuiabana,510645,MT - PLANALTO DA SERRA,3166
5,Centro-Oeste,51,MT,Mato Grosso,5105,MACRORREGIAO CENTRO-NORTE,51002,Baixada Cuiabana,510650,MT - POCONE,31217
5,Centro-Oeste,51,MT,Mato Grosso,5104,MACRORREGIAO LESTE,51005,Garcas Araguaia,510665,MT - PONTAL DO ARAGUAIA,6932
5,Centro-Oeste,51,MT,Mato Grosso,5104,MACRORREGIAO LESTE,51005,Garcas Araguaia,510670,MT - PONTE BRANCA,2008
5,Centro-Oeste,51,MT,Mato Grosso,5102,MACRORREGIAO OESTE,51012,Sudoeste Matogrossense,510675,MT - PONTES E LACERDA,52018
5,Centro-Oeste,51,MT,Mato Grosso,5104,MACRORREGIAO LESTE,51003,Araguaia Xingu,510677,MT - PORTO ALEGRE DO NORTE,12127
5,Centro-Oeste,51,MT,Mato Grosso,5103,MACRORREGIAO NORTE ,51016,Vale dos Arinos,510680,MT - PORTO DOS GAUCHOS,5593
5,Centro-Oeste,51,MT,Mato Grosso,5102,MACRORREGIAO OESTE,51011,Oeste Matogrossense,510682,MT - PORTO ESPERIDIAO,10204
5,Centro-Oeste,51,MT,Mato Grosso,5106,MACRORREGIAO CENTRO-NOROESTE,51007,Medio Norte Matogrossense,510685,MT - PORTO ESTRELA,3224
5,Centro-Oeste,51,MT,Mato Grosso,5101,MACRORREGIAO SUL ,51013,Sul Matogrossense,510700,MT - POXOREO,23283
5,Centro-Oeste,51,MT,Mato Grosso,5101,MACRORREGIAO SUL ,51013,Sul Matogrossense,510704,MT - PRIMAVERA DO LESTE,85146
5,Centro-Oeste,51,MT,Mato Grosso,5104,MACRORREGIAO LESTE,51006,Medio Araguaia,510706,MT - QUERENCIA,26769
5,Centro-Oeste,51,MT,Mato Grosso,5102,MACRORREGIAO OESTE,51011,Oeste Matogrossense,510715,MT - RESERVA DO CABACAL,2122
5,Centro-Oeste,51,MT,Mato Grosso,5104,MACRORREGIAO LESTE,51006,Medio Araguaia,510718,MT - RIBEIRAO CASCALHEIRA,10089
5,Centro-Oeste,51,MT,Mato Grosso,5104,MACRORREGIAO LESTE,51005,Garcas Araguaia,510719,MT - RIBEIRAOZINHO,2593
5,Centro-Oeste,51,MT,Mato Grosso,5102,MACRORREGIAO OESTE,51011,Oeste Matogrossense,510720,MT - RIO BRANCO,4535
5,Centro-Oeste,51,MT,Mato Grosso,5102,MACRORREGIAO OESTE,51012,Sudoeste Matogrossense,510757,MT - RONDOLANDIA,3505
5,Centro-Oeste,51,MT,Mato Grosso,5101,MACRORREGIAO SUL ,51013,Sul Matogrossense,510760,MT - RONDONOPOLIS,244911
5,Centro-Oeste,51,MT,Mato Grosso,5106,MACRORREGIAO CENTRO-NOROESTE,51004,Centro Norte,510770,MT - ROSARIO OESTE,15453
5,Centro-Oeste,51,MT,Mato Grosso,5102,MACRORREGIAO OESTE,51011,Oeste Matogrossense,510775,MT - SALTO DO CEU,3679
5,Centro-Oeste,51,MT,Mato Grosso,5103,MACRORREGIAO NORTE ,51014,Teles Pires,510724,MT - SANTA CARMEM,5374
5,Centro-Oeste,51,MT,Mato Grosso,5104,MACRORREGIAO LESTE,51003,Araguaia Xingu,510774,MT - SANTA CRUZ DO XINGU,2661
5,Centro-Oeste,51,MT,Mato Grosso,5103,MACRORREGIAO NORTE ,51014,Teles Pires,510776,MT - SANTA RITA DO TRIVELATO,3276
5,Centro-Oeste,51,MT,Mato Grosso,5104,MACRORREGIAO LESTE,51003,Araguaia Xingu,510777,MT - SANTA TEREZINHA,7596
5,Centro-Oeste,51,MT,Mato Grosso,5106,MACRORREGIAO CENTRO-NOROESTE,51007,Medio Norte Matogrossense,510726,MT - SANTO AFONSO,2519
5,Centro-Oeste,51,MT,Mato Grosso,5101,MACRORREGIAO SUL ,51013,Sul Matogrossense,510779,MT - SANTO ANTONIO DO LESTE,4099
5,Centro-Oeste,51,MT,Mato Grosso,5105,MACRORREGIAO CENTRO-NORTE,51002,Baixada Cuiabana,510780,MT - SANTO ANTONIO DO LEVERGER,15246
5,Centro-Oeste,51,MT,Mato Grosso,5104,MACRORREGIAO LESTE,51009,Norte Araguaia Karaja,510785,MT - SAO FELIX DO ARAGUAIA,13621
5,Centro-Oeste,51,MT,Mato Grosso,5101,MACRORREGIAO SUL ,51013,Sul Matogrossense,510729,MT - SAO JOSE DO POVO,2875
5,Centro-Oeste,51,MT,Mato Grosso,5106,MACRORREGIAO CENTRO-NOROESTE,51004,Centro Norte,510730,MT - SAO JOSE DO RIO CLARO,14911
5,Centro-Oeste,51,MT,Mato Grosso,5104,MACRORREGIAO LESTE,51003,Araguaia Xingu,510735,MT - SAO JOSE DO XINGU,5964
5,Centro-Oeste,51,MT,Mato Grosso,5102,MACRORREGIAO OESTE,51011,Oeste Matogrossense,510710,MT - SAO JOSE DOS QUATRO MARCOS,17849
5,Centro-Oeste,51,MT,Mato Grosso,5101,MACRORREGIAO SUL ,51013,Sul Matogrossense,510740,MT - SAO PEDRO DA CIPA,4191
5,Centro-Oeste,51,MT,Mato Grosso,5106,MACRORREGIAO CENTRO-NOROESTE,51007,Medio Norte Matogrossense,510787,MT - SAPEZAL,28944
5,Centro-Oeste,51,MT,Mato Grosso,5104,MACRORREGIAO LESTE,51009,Norte Araguaia Karaja,510788,MT - SERRA NOVA DOURADA,1800
5,Centro-Oeste,51,MT,Mato Grosso,5103,MACRORREGIAO NORTE ,51014,Teles Pires,510790,MT - SINOP,196312
5,Centro-Oeste,51,MT,Mato Grosso,5103,MACRORREGIAO NORTE ,51014,Teles Pires,510792,MT - SORRISO,110635
5,Centro-Oeste,51,MT,Mato Grosso,5103,MACRORREGIAO NORTE ,51016,Vale dos Arinos,510794,MT - TABAPORA,9818
5,Centro-Oeste,51,MT,Mato Grosso,5106,MACRORREGIAO CENTRO-NOROESTE,51007,Medio Norte Matogrossense,510795,MT - TANGARA DA SERRA,106434
5,Centro-Oeste,51,MT,Mato Grosso,5103,MACRORREGIAO NORTE ,51014,Teles Pires,510800,MT - TAPURAH,14370
5,Centro-Oeste,51,MT,Mato Grosso,5103,MACRORREGIAO NORTE ,51015,Vale do Peixoto,510805,MT - TERRA NOVA DO NORTE,10616
5,Centro-Oeste,51,MT,Mato Grosso,5101,MACRORREGIAO SUL ,51013,Sul Matogrossense,510810,MT - TESOURO,3025
5,Centro-Oeste,51,MT,Mato Grosso,5104,MACRORREGIAO LESTE,51005,Garcas Araguaia,510820,MT - TORIXOREU,4164
5,Centro-Oeste,51,MT,Mato Grosso,5103,MACRORREGIAO NORTE ,51014,Teles Pires,510830,MT - UNIAO DO SUL,3838
5,Centro-Oeste,51,MT,Mato Grosso,5102,MACRORREGIAO OESTE,51012,Sudoeste Matogrossense,510835,MT - VALE DE SAO DOMINGOS,2904
5,Centro-Oeste,51,MT,Mato Grosso,5105,MACRORREGIAO CENTRO-NORTE,51002,Baixada Cuiabana,510840,MT - VARZEA GRANDE,300078
5,Centro-Oeste,51,MT,Mato Grosso,5103,MACRORREGIAO NORTE ,51014,Teles Pires,510850,MT - VERA,12800
5,Centro-Oeste,51,MT,Mato Grosso,5102,MACRORREGIAO OESTE,51012,Sudoeste Matogrossense,510550,MT - VILA BELA DA SANTISSIMA TRINDADE,16774
5,Centro-Oeste,51,MT,Mato Grosso,5104,MACRORREGIAO LESTE,51003,Araguaia Xingu,510860,MT - VILA RICA,19888
1,Norte,15,PA,Pará,1512,MACRORREGIONAL I,15011,Tocantins,150010,PA - ABAETETUBA,158188
1,Norte,15,PA,Pará,1509,MACRORREGIONAL IV,15003,Carajas,150013,PA - ABEL FIGUEIREDO,7030
1,Norte,15,PA,Pará,1511,MACRORREGIONAL II,15007,Metropolitana II,150020,PA - ACARA,59023
1,Norte,15,PA,Pará,1512,MACRORREGIONAL I,15013,Marajo I,150030,PA - AFUA,37765
1,Norte,15,PA,Pará,1509,MACRORREGIONAL IV,15001,Araguaia,150034,PA - AGUA AZUL DO NORTE,18080
1,Norte,15,PA,Pará,1510,MACRORREGIONAL III ,15002,Baixo Amazonas,150040,PA - ALENQUER,69377
1,Norte,15,PA,Pará,1510,MACRORREGIONAL III ,15002,Baixo Amazonas,150050,PA - ALMEIRIM,34280
1,Norte,15,PA,Pará,1510,MACRORREGIONAL III ,15012,Xingu,150060,PA - ALTAMIRA,126279
1,Norte,15,PA,Pará,1512,MACRORREGIONAL I,15014,Marajo II,150070,PA - ANAJAS,28011
1,Norte,15,PA,Pará,1512,MACRORREGIONAL I,15006,Metropolitana I,150080,PA - ANANINDEUA,478778
1,Norte,15,PA,Pará,1510,MACRORREGIONAL III ,15012,Xingu,150085,PA - ANAPU,31850
1,Norte,15,PA,Pará,1511,MACRORREGIONAL II,15009,Rio Caetes,150090,PA - AUGUSTO CORREA,44573
1,Norte,15,PA,Pará,1511,MACRORREGIONAL II,15008,Metropolitana III,150095,PA - AURORA DO PARA,23774
1,Norte,15,PA,Pará,1510,MACRORREGIONAL III ,15010,Tapajos,150100,PA - AVEIRO,18290
1,Norte,15,PA,Pará,1512,MACRORREGIONAL I,15014,Marajo II,150110,PA - BAGRE,31892
1,Norte,15,PA,Pará,1512,MACRORREGIONAL I,15011,Tocantins,150120,PA - BAIAO,51641
1,Norte,15,PA,Pará,1509,MACRORREGIONAL IV,15001,Araguaia,150125,PA - BANNACH,4031
1,Norte,15,PA,Pará,1512,MACRORREGIONAL I,15011,Tocantins,150130,PA - BARCARENA,126650
1,Norte,15,PA,Pará,1512,MACRORREGIONAL I,15006,Metropolitana I,150140,PA - BELEM,1303403
1,Norte,15,PA,Pará,1510,MACRORREGIONAL III ,15002,Baixo Amazonas,150145,PA - BELTERRA,18099
1,Norte,15,PA,Pará,1512,MACRORREGIONAL I,15006,Metropolitana I,150150,PA - BENEVIDES,63567
1,Norte,15,PA,Pará,1509,MACRORREGIONAL IV,15003,Carajas,150157,PA - BOM JESUS DO TOCANTINS,18005
1,Norte,15,PA,Pará,1511,MACRORREGIONAL II,15009,Rio Caetes,150160,PA - BONITO,12622
1,Norte,15,PA,Pará,1511,MACRORREGIONAL II,15009,Rio Caetes,150170,PA - BRAGANCA,123082
1,Norte,15,PA,Pará,1510,MACRORREGIONAL III ,15012,Xingu,150172,PA - BRASIL NOVO,24718
1,Norte,15,PA,Pará,1509,MACRORREGIONAL IV,15003,Carajas,150175,PA - BREJO GRANDE DO ARAGUAIA,6783
1,Norte,15,PA,Pará,1509,MACRORREGIONAL IV,15004,Lago de Tucurui,150178,PA - BREU BRANCO,45712
1,Norte,15,PA,Pará,1512,MACRORREGIONAL I,15014,Marajo II,150180,PA - BREVES,106968
1,Norte,15,PA,Pará,1511,MACRORREGIONAL II,15007,Metropolitana II,150190,PA - BUJARU,24383
1,Norte,15,PA,Pará,1512,MACRORREGIONAL I,15013,Marajo I,150200,PA - CACHOEIRA DO ARARI,23981
1,Norte,15,PA,Pará,1511,MACRORREGIONAL II,15009,Rio Caetes,150195,PA - CACHOEIRA DO PIRIA,19630
1,Norte,15,PA,Pará,1512,MACRORREGIONAL I,15011,Tocantins,150210,PA - CAMETA,134184
1,Norte,15,PA,Pará,1509,MACRORREGIONAL IV,15003,Carajas,150215,PA - CANAA DOS CARAJAS,77079
1,Norte,15,PA,Pará,1511,MACRORREGIONAL II,15009,Rio Caetes,150220,PA - CAPANEMA,70394
1,Norte,15,PA,Pará,1511,MACRORREGIONAL II,15008,Metropolitana III,150230,PA - CAPITAO POCO,56506
1,Norte,15,PA,Pará,1511,MACRORREGIONAL II,15008,Metropolitana III,150240,PA - CASTANHAL,192256
1,Norte,15,PA,Pará,1512,MACRORREGIONAL I,15013,Marajo I,150250,PA - CHAVES,20757
1,Norte,15,PA,Pará,1511,MACRORREGIONAL II,15007,Metropolitana II,150260,PA - COLARES,12868
1,Norte,15,PA,Pará,1509,MACRORREGIONAL IV,15001,Araguaia,150270,PA - CONCEICAO DO ARAGUAIA,44617
1,Norte,15,PA,Pará,1511,MACRORREGIONAL II,15007,Metropolitana II,150275,PA - CONCORDIA DO PARA,26881
1,Norte,15,PA,Pará,1509,MACRORREGIONAL IV,15001,Araguaia,150276,PA - CUMARU DO NORTE,14036
1,Norte,15,PA,Pará,1509,MACRORREGIONAL IV,15003,Carajas,150277,PA - CURIONOPOLIS,19950
1,Norte,15,PA,Pará,1512,MACRORREGIONAL I,15014,Marajo II,150280,PA - CURRALINHO,33903
1,Norte,15,PA,Pará,1510,MACRORREGIONAL III ,15002,Baixo Amazonas,150285,PA - CURUA,14117
1,Norte,15,PA,Pará,1511,MACRORREGIONAL II,15008,Metropolitana III,150290,PA - CURUCA,41262
1,Norte,15,PA,Pará,1509,MACRORREGIONAL IV,15003,Carajas,150293,PA - DOM ELISEU,58484
1,Norte,15,PA,Pará,1509,MACRORREGIONAL IV,15003,Carajas,150295,PA - ELDORADO DOS CARAJAS,28192
1,Norte,15,PA,Pará,1510,MACRORREGIONAL III ,15002,Baixo Amazonas,150300,PA - FARO,8728
1,Norte,15,PA,Pará,1509,MACRORREGIONAL IV,15001,Araguaia,150304,PA - FLORESTA DO ARAGUAIA,17898
1,Norte,15,PA,Pará,1511,MACRORREGIONAL II,15008,Metropolitana III,150307,PA - GARRAFAO DO NORTE,24703
1,Norte,15,PA,Pará,1509,MACRORREGIONAL IV,15004,Lago de Tucurui,150309,PA - GOIANESIA DO PARA,26362
1,Norte,15,PA,Pará,1512,MACRORREGIONAL I,15014,Marajo II,150310,PA - GURUPA,31786
1,Norte,15,PA,Pará,1511,MACRORREGIONAL II,15008,Metropolitana III,150320,PA - IGARAPE-ACU,35797
1,Norte,15,PA,Pará,1512,MACRORREGIONAL I,15011,Tocantins,150330,PA - IGARAPE-MIRI,64831
1,Norte,15,PA,Pará,1511,MACRORREGIONAL II,15008,Metropolitana III,150340,PA - INHANGAPI,10325
1,Norte,15,PA,Pará,1511,MACRORREGIONAL II,15008,Metropolitana III,150345,PA - IPIXUNA DO PARA,30329
1,Norte,15,PA,Pará,1511,MACRORREGIONAL II,15008,Metropolitana III,150350,PA - IRITUIA,30955
1,Norte,15,PA,Pará,1510,MACRORREGIONAL III ,15010,Tapajos,150360,PA - ITAITUBA,123314
1,Norte,15,PA,Pará,1509,MACRORREGIONAL IV,15003,Carajas,150370,PA - ITUPIRANGA,49754
1,Norte,15,PA,Pará,1510,MACRORREGIONAL III ,15010,Tapajos,150375,PA - JACAREACANGA,24042
1,Norte,15,PA,Pará,1509,MACRORREGIONAL IV,15004,Lago de Tucurui,150380,PA - JACUNDA,37707
1,Norte,15,PA,Pará,1510,MACRORREGIONAL III ,15002,Baixo Amazonas,150390,PA - JURUTI,50881
1,Norte,15,PA,Pará,1512,MACRORREGIONAL I,15011,Tocantins,150400,PA - LIMOEIRO DO AJURU,29569
1,Norte,15,PA,Pará,1511,MACRORREGIONAL II,15008,Metropolitana III,150405,PA - MAE DO RIO,34353
1,Norte,15,PA,Pará,1511,MACRORREGIONAL II,15008,Metropolitana III,150410,PA - MAGALHAES BARATA,8115
1,Norte,15,PA,Pará,1509,MACRORREGIONAL IV,15003,Carajas,150420,PA - MARABA,266533
1,Norte,15,PA,Pará,1511,MACRORREGIONAL II,15008,Metropolitana III,150430,PA - MARACANA,25971
1,Norte,15,PA,Pará,1511,MACRORREGIONAL II,15008,Metropolitana III,150440,PA - MARAPANIM,26573
1,Norte,15,PA,Pará,1512,MACRORREGIONAL I,15006,Metropolitana I,150442,PA - MARITUBA,111785
1,Norte,15,PA,Pará,1510,MACRORREGIONAL III ,15012,Xingu,150445,PA - MEDICILANDIA,27094
1,Norte,15,PA,Pará,1512,MACRORREGIONAL I,15014,Marajo II,150450,PA - MELGACO,27881
1,Norte,15,PA,Pará,1512,MACRORREGIONAL I,15011,Tocantins,150460,PA - MOCAJUBA,27198
1,Norte,15,PA,Pará,1512,MACRORREGIONAL I,15011,Tocantins,150470,PA - MOJU,84094
1,Norte,15,PA,Pará,1510,MACRORREGIONAL III ,15002,Baixo Amazonas,150475,PA - MOJUI DOS CAMPOS,23501
1,Norte,15,PA,Pará,1510,MACRORREGIONAL III ,15002,Baixo Amazonas,150480,PA - MONTE ALEGRE,60012
1,Norte,15,PA,Pará,1512,MACRORREGIONAL I,15013,Marajo I,150490,PA - MUANA,45368
1,Norte,15,PA,Pará,1511,MACRORREGIONAL II,15008,Metropolitana III,150495,PA - NOVA ESPERANCA DO PIRIA,20478
1,Norte,15,PA,Pará,1509,MACRORREGIONAL IV,15003,Carajas,150497,PA - NOVA IPIXUNA,13955
1,Norte,15,PA,Pará,1511,MACRORREGIONAL II,15009,Rio Caetes,150500,PA - NOVA TIMBOTEUA,12806
1,Norte,15,PA,Pará,1510,MACRORREGIONAL III ,15010,Tapajos,150503,PA - NOVO PROGRESSO,33638
1,Norte,15,PA,Pará,1509,MACRORREGIONAL IV,15004,Lago de Tucurui,150506,PA - NOVO REPARTIMENTO,60732
1,Norte,15,PA,Pará,1510,MACRORREGIONAL III ,15002,Baixo Amazonas,150510,PA - OBIDOS,52229
1,Norte,15,PA,Pará,1512,MACRORREGIONAL I,15011,Tocantins,150520,PA - OEIRAS DO PARA,33844
1,Norte,15,PA,Pará,1510,MACRORREGIONAL III ,15002,Baixo Amazonas,150530,PA - ORIXIMINA,68294
1,Norte,15,PA,Pará,1511,MACRORREGIONAL II,15009,Rio Caetes,150540,PA - OUREM,17855
1,Norte,15,PA,Pará,1509,MACRORREGIONAL IV,15001,Araguaia,150543,PA - OURILANDIA DO NORTE,32467
1,Norte,15,PA,Pará,1510,MACRORREGIONAL III ,15012,Xingu,150548,PA - PACAJA,41097
1,Norte,15,PA,Pará,1509,MACRORREGIONAL IV,15003,Carajas,150549,PA - PALESTINA DO PARA,6885
1,Norte,15,PA,Pará,1511,MACRORREGIONAL II,15008,Metropolitana III,150550,PA - PARAGOMINAS,105550
1,Norte,15,PA,Pará,1509,MACRORREGIONAL IV,15003,Carajas,150553,PA - PARAUAPEBAS,267836
1,Norte,15,PA,Pará,1509,MACRORREGIONAL IV,15001,Araguaia,150555,PA - PAU D'ARCO,6931
1,Norte,15,PA,Pará,1511,MACRORREGIONAL II,15009,Rio Caetes,150560,PA - PEIXE-BOI,8285
1,Norte,15,PA,Pará,1509,MACRORREGIONAL IV,15003,Carajas,150563,PA - PICARRA,12832
1,Norte,15,PA,Pará,1510,MACRORREGIONAL III ,15002,Baixo Amazonas,150565,PA - PLACAS,18668
1,Norte,15,PA,Pará,1512,MACRORREGIONAL I,15013,Marajo I,150570,PA - PONTA DE PEDRAS,24984
1,Norte,15,PA,Pará,1512,MACRORREGIONAL I,15014,Marajo II,150580,PA - PORTEL,62503
1,Norte,15,PA,Pará,1510,MACRORREGIONAL III ,15012,Xingu,150590,PA - PORTO DE MOZ,40597
1,Norte,15,PA,Pará,1510,MACRORREGIONAL III ,15002,Baixo Amazonas,150600,PA - PRAINHA,35577
1,Norte,15,PA,Pará,1511,MACRORREGIONAL II,15009,Rio Caetes,150610,PA - PRIMAVERA,10851
1,Norte,15,PA,Pará,1511,MACRORREGIONAL II,15009,Rio Caetes,150611,PA - QUATIPURU,11524
1,Norte,15,PA,Pará,1509,MACRORREGIONAL IV,15001,Araguaia,150613,PA - REDENCAO,85597
1,Norte,15,PA,Pará,1509,MACRORREGIONAL IV,15001,Araguaia,150616,PA - RIO MARIA,18384
1,Norte,15,PA,Pará,1509,MACRORREGIONAL IV,15003,Carajas,150618,PA - RONDON DO PARA,53143
1,Norte,15,PA,Pará,1510,MACRORREGIONAL III ,15010,Tapajos,150619,PA - RUROPOLIS,35769
1,Norte,15,PA,Pará,1511,MACRORREGIONAL II,15009,Rio Caetes,150620,PA - SALINOPOLIS,44772
1,Norte,15,PA,Pará,1512,MACRORREGIONAL I,15013,Marajo I,150630,PA - SALVATERRA,24129
1,Norte,15,PA,Pará,1512,MACRORREGIONAL I,15006,Metropolitana I,150635,PA - SANTA BARBARA DO PARA,21087
1,Norte,15,PA,Pará,1512,MACRORREGIONAL I,15013,Marajo I,150640,PA - SANTA CRUZ DO ARARI,7445
1,Norte,15,PA,Pará,1511,MACRORREGIONAL II,15007,Metropolitana II,150650,PA - SANTA IZABEL DO PARA,73019
1,Norte,15,PA,Pará,1511,MACRORREGIONAL II,15009,Rio Caetes,150655,PA - SANTA LUZIA DO PARA,20370
1,Norte,15,PA,Pará,1509,MACRORREGIONAL IV,15001,Araguaia,150658,PA - SANTA MARIA DAS BARREIRAS,16548
1,Norte,15,PA,Pará,1511,MACRORREGIONAL II,15008,Metropolitana III,150660,PA - SANTA MARIA DO PARA,24624
1,Norte,15,PA,Pará,1509,MACRORREGIONAL IV,15001,Araguaia,150670,PA - SANTANA DO ARAGUAIA,32413
1,Norte,15,PA,Pará,1510,MACRORREGIONAL III ,15002,Baixo Amazonas,150680,PA - SANTAREM,331942
1,Norte,15,PA,Pará,1511,MACRORREGIONAL II,15009,Rio Caetes,150690,PA - SANTAREM NOVO,6116
1,Norte,15,PA,Pará,1511,MACRORREGIONAL II,15007,Metropolitana II,150700,PA - SANTO ANTONIO DO TAUA,27461
1,Norte,15,PA,Pará,1511,MACRORREGIONAL II,15007,Metropolitana II,150710,PA - SAO CAETANO DE ODIVELAS,16666
1,Norte,15,PA,Pará,1509,MACRORREGIONAL IV,15003,Carajas,150715,PA - SAO DOMINGOS DO ARAGUAIA,21092
1,Norte,15,PA,Pará,1511,MACRORREGIONAL II,15008,Metropolitana III,150720,PA - SAO DOMINGOS DO CAPIM,30599
1,Norte,15,PA,Pará,1509,MACRORREGIONAL IV,15001,Araguaia,150730,PA - SAO FELIX DO XINGU,65418
1,Norte,15,PA,Pará,1511,MACRORREGIONAL II,15008,Metropolitana III,150740,PA - SAO FRANCISCO DO PARA,14894
1,Norte,15,PA,Pará,1509,MACRORREGIONAL IV,15003,Carajas,150745,PA - SAO GERALDO DO ARAGUAIA,24255
1,Norte,15,PA,Pará,1511,MACRORREGIONAL II,15008,Metropolitana III,150746,PA - SAO JOAO DA PONTA,4430
1,Norte,15,PA,Pará,1511,MACRORREGIONAL II,15009,Rio Caetes,150747,PA - SAO JOAO DE PIRABAS,20689
1,Norte,15,PA,Pará,1509,MACRORREGIONAL IV,15003,Carajas,150750,PA - SAO JOAO DO ARAGUAIA,13664
1,Norte,15,PA,Pará,1511,MACRORREGIONAL II,15008,Metropolitana III,150760,PA - SAO MIGUEL DO GUAMA,52894
1,Norte,15,PA,Pará,1512,MACRORREGIONAL I,15013,Marajo I,150770,PA - SAO SEBASTIAO DA BOA VISTA,25643
1,Norte,15,PA,Pará,1509,MACRORREGIONAL IV,15001,Araguaia,150775,PA - SAPUCAIA,5847
1,Norte,15,PA,Pará,1510,MACRORREGIONAL III ,15012,Xingu,150780,PA - SENADOR JOSE PORFIRIO,22576
1,Norte,15,PA,Pará,1512,MACRORREGIONAL I,15013,Marajo I,150790,PA - SOURE,24204
1,Norte,15,PA,Pará,1512,MACRORREGIONAL I,15011,Tocantins,150795,PA - TAILANDIA,72493
1,Norte,15,PA,Pará,1511,MACRORREGIONAL II,15008,Metropolitana III,150796,PA - TERRA ALTA,10400
1,Norte,15,PA,Pará,1510,MACRORREGIONAL III ,15002,Baixo Amazonas,150797,PA - TERRA SANTA,18782
1,Norte,15,PA,Pará,1511,MACRORREGIONAL II,15007,Metropolitana II,150800,PA - TOME-ACU,67585
1,Norte,15,PA,Pará,1511,MACRORREGIONAL II,15009,Rio Caetes,150803,PA - TRACUATEUA,28595
1,Norte,15,PA,Pará,1510,MACRORREGIONAL III ,15010,Tapajos,150805,PA - TRAIRAO,15242
1,Norte,15,PA,Pará,1509,MACRORREGIONAL IV,15001,Araguaia,150808,PA - TUCUMA,39550
1,Norte,15,PA,Pará,1509,MACRORREGIONAL IV,15004,Lago de Tucurui,150810,PA - TUCURUI,91306
1,Norte,15,PA,Pará,1511,MACRORREGIONAL II,15008,Metropolitana III,150812,PA - ULIANOPOLIS,37972
1,Norte,15,PA,Pará,1510,MACRORREGIONAL III ,15012,Xingu,150815,PA - URUARA,43558
1,Norte,15,PA,Pará,1511,MACRORREGIONAL II,15007,Metropolitana II,150820,PA - VIGIA,50832
1,Norte,15,PA,Pará,1511,MACRORREGIONAL II,15009,Rio Caetes,150830,PA - VISEU,58692
1,Norte,15,PA,Pará,1510,MACRORREGIONAL III ,15012,Xingu,150835,PA - VITORIA DO XINGU,15607
1,Norte,15,PA,Pará,1509,MACRORREGIONAL IV,15001,Araguaia,150840,PA - XINGUARA,52893
2,Nordeste,25,PB,Paraíba,2501,MACRORREGIAO III - SERTAO/ALTO SERTAO,25011,11ª Regiao,250010,PB - AGUA BRANCA,9335
2,Nordeste,25,PB,Paraíba,2501,MACRORREGIAO III - SERTAO/ALTO SERTAO,25007,7ª Regiao,250020,PB - AGUIAR,5003
2,Nordeste,25,PB,Paraíba,2502,MACRORREGIAO II - CAMPINA GRANDE,25003,3ª Regiao,250030,PB - ALAGOA GRANDE,26062
2,Nordeste,25,PB,Paraíba,2502,MACRORREGIAO II - CAMPINA GRANDE,25003,3ª Regiao,250040,PB - ALAGOA NOVA,21013
2,Nordeste,25,PB,Paraíba,2503,MACRORREGIAO I - JOAO PESSOA,25002,2ª Regiao,250050,PB - ALAGOINHA,13725
2,Nordeste,25,PB,Paraíba,2502,MACRORREGIAO II - CAMPINA GRANDE,25015,15ª Regiao,250053,PB - ALCANTIL,5578
2,Nordeste,25,PB,Paraíba,2502,MACRORREGIAO II - CAMPINA GRANDE,25003,3ª Regiao,250057,PB - ALGODAO DE JANDAIRA,2953
2,Nordeste,25,PB,Paraíba,2503,MACRORREGIAO I - JOAO PESSOA,25001,1ª Regiao Mata Atlantica,250060,PB - ALHANDRA,21730
2,Nordeste,25,PB,Paraíba,2502,MACRORREGIAO II - CAMPINA GRANDE,25005,5ª Regiao,250073,PB - AMPARO,2234
2,Nordeste,25,PB,Paraíba,2501,MACRORREGIAO III - SERTAO/ALTO SERTAO,25010,10ª Regiao,250077,PB - APARECIDA,7960
2,Nordeste,25,PB,Paraíba,2503,MACRORREGIAO I - JOAO PESSOA,25002,2ª Regiao,250080,PB - ARACAGI,16646
2,Nordeste,25,PB,Paraíba,2502,MACRORREGIAO II - CAMPINA GRANDE,25003,3ª Regiao,250090,PB - ARARA,12212
2,Nordeste,25,PB,Paraíba,2503,MACRORREGIAO I - JOAO PESSOA,25002,2ª Regiao,250100,PB - ARARUNA,17189
2,Nordeste,25,PB,Paraíba,2502,MACRORREGIAO II - CAMPINA GRANDE,25003,3ª Regiao,250110,PB - AREIA,22633
2,Nordeste,25,PB,Paraíba,2501,MACRORREGIAO III - SERTAO/ALTO SERTAO,25006,6ª Regiao,250115,PB - AREIA DE BARAUNAS,2005
2,Nordeste,25,PB,Paraíba,2502,MACRORREGIAO II - CAMPINA GRANDE,25003,3ª Regiao,250120,PB - AREIAL,7128
2,Nordeste,25,PB,Paraíba,2502,MACRORREGIAO II - CAMPINA GRANDE,25015,15ª Regiao,250130,PB - AROEIRAS,18705
2,Nordeste,25,PB,Paraíba,2502,MACRORREGIAO II - CAMPINA GRANDE,25016,16ª Regiao,250135,PB - ASSUNCAO,4152
2,Nordeste,25,PB,Paraíba,2503,MACRORREGIAO I - JOAO PESSOA,25014,14ª Regiao,250140,PB - BAIA DA TRAICAO,9224
2,Nordeste,25,PB,Paraíba,2503,MACRORREGIAO I - JOAO PESSOA,25002,2ª Regiao,250150,PB - BANANEIRAS,23134
2,Nordeste,25,PB,Paraíba,2502,MACRORREGIAO II - CAMPINA GRANDE,25004,4ª Regiao,250153,PB - BARAUNA,4762
2,Nordeste,25,PB,Paraíba,2502,MACRORREGIAO II - CAMPINA GRANDE,25004,4ª Regiao,250160,PB - BARRA DE SANTA ROSA,12904
2,Nordeste,25,PB,Paraíba,2502,MACRORREGIAO II - CAMPINA GRANDE,25015,15ª Regiao,250157,PB - BARRA DE SANTANA,8059
2,Nordeste,25,PB,Paraíba,2502,MACRORREGIAO II - CAMPINA GRANDE,25015,15ª Regiao,250170,PB - BARRA DE SAO MIGUEL,5906
2,Nordeste,25,PB,Paraíba,2503,MACRORREGIAO I - JOAO PESSOA,25001,1ª Regiao Mata Atlantica,250180,PB - BAYEUX,82742
2,Nordeste,25,PB,Paraíba,2503,MACRORREGIAO I - JOAO PESSOA,25002,2ª Regiao,250190,PB - BELEM,16401
2,Nordeste,25,PB,Paraíba,2501,MACRORREGIAO III - SERTAO/ALTO SERTAO,25008,8ª Regiao,250200,PB - BELEM DO BREJO DO CRUZ,6268
2,Nordeste,25,PB,Paraíba,2501,MACRORREGIAO III - SERTAO/ALTO SERTAO,25009,9ª Regiao,250205,PB - BERNARDINO BATISTA,3504
2,Nordeste,25,PB,Paraíba,2501,MACRORREGIAO III - SERTAO/ALTO SERTAO,25007,7ª Regiao,250210,PB - BOA VENTURA,5207
2,Nordeste,25,PB,Paraíba,2502,MACRORREGIAO II - CAMPINA GRANDE,25016,16ª Regiao,250215,PB - BOA VISTA,6377
2,Nordeste,25,PB,Paraíba,2501,MACRORREGIAO III - SERTAO/ALTO SERTAO,25009,9ª Regiao,250220,PB - BOM JESUS,2286
2,Nordeste,25,PB,Paraíba,2501,MACRORREGIAO III - SERTAO/ALTO SERTAO,25008,8ª Regiao,250230,PB - BOM SUCESSO,4661
2,Nordeste,25,PB,Paraíba,2501,MACRORREGIAO III - SERTAO/ALTO SERTAO,25009,9ª Regiao,250240,PB - BONITO DE SANTA FE,10252
2,Nordeste,25,PB,Paraíba,2502,MACRORREGIAO II - CAMPINA GRANDE,25015,15ª Regiao,250250,PB - BOQUEIRAO,17598
2,Nordeste,25,PB,Paraíba,2503,MACRORREGIAO I - JOAO PESSOA,25002,2ª Regiao,250270,PB - BORBOREMA,4214
2,Nordeste,25,PB,Paraíba,2501,MACRORREGIAO III - SERTAO/ALTO SERTAO,25008,8ª Regiao,250280,PB - BREJO DO CRUZ,13613
2,Nordeste,25,PB,Paraíba,2501,MACRORREGIAO III - SERTAO/ALTO SERTAO,25008,8ª Regiao,250290,PB - BREJO DOS SANTOS,5742
2,Nordeste,25,PB,Paraíba,2503,MACRORREGIAO I - JOAO PESSOA,25001,1ª Regiao Mata Atlantica,250300,PB - CAAPORA,21193
2,Nordeste,25,PB,Paraíba,2502,MACRORREGIAO II - CAMPINA GRANDE,25015,15ª Regiao,250310,PB - CABACEIRAS,5335
2,Nordeste,25,PB,Paraíba,2503,MACRORREGIAO I - JOAO PESSOA,25001,1ª Regiao Mata Atlantica,250320,PB - CABEDELO,66519
2,Nordeste,25,PB,Paraíba,2501,MACRORREGIAO III - SERTAO/ALTO SERTAO,25009,9ª Regiao,250330,PB - CACHOEIRA DOS INDIOS,9151
2,Nordeste,25,PB,Paraíba,2501,MACRORREGIAO III - SERTAO/ALTO SERTAO,25006,6ª Regiao,250340,PB - CACIMBA DE AREIA,3291
2,Nordeste,25,PB,Paraíba,2503,MACRORREGIAO I - JOAO PESSOA,25002,2ª Regiao,250350,PB - CACIMBA DE DENTRO,16064
2,Nordeste,25,PB,Paraíba,2501,MACRORREGIAO III - SERTAO/ALTO SERTAO,25006,6ª Regiao,250355,PB - CACIMBAS,7223
2,Nordeste,25,PB,Paraíba,2503,MACRORREGIAO I - JOAO PESSOA,25002,2ª Regiao,250360,PB - CAICARA,6602
2,Nordeste,25,PB,Paraíba,2501,MACRORREGIAO III - SERTAO/ALTO SERTAO,25009,9ª Regiao,250370,PB - CAJAZEIRAS,63239
2,Nordeste,25,PB,Paraíba,2501,MACRORREGIAO III - SERTAO/ALTO SERTAO,25013,13ª Regiao,250375,PB - CAJAZEIRINHAS,2740
2,Nordeste,25,PB,Paraíba,2503,MACRORREGIAO I - JOAO PESSOA,25012,12ª Regiao,250380,PB - CALDAS BRANDAO,5753
2,Nordeste,25,PB,Paraíba,2502,MACRORREGIAO II - CAMPINA GRANDE,25005,5ª Regiao,250390,PB - CAMALAU,6085
2,Nordeste,25,PB,Paraíba,2502,MACRORREGIAO II - CAMPINA GRANDE,25016,16ª Regiao,250400,PB - CAMPINA GRANDE,419379
2,Nordeste,25,PB,Paraíba,2503,MACRORREGIAO I - JOAO PESSOA,25014,14ª Regiao,250403,PB - CAPIM,6970
2,Nordeste,25,PB,Paraíba,2502,MACRORREGIAO II - CAMPINA GRANDE,25005,5ª Regiao,250407,PB - CARAUBAS,3944
2,Nordeste,25,PB,Paraíba,2501,MACRORREGIAO III - SERTAO/ALTO SERTAO,25009,9ª Regiao,250410,PB - CARRAPATEIRA,2312
2,Nordeste,25,PB,Paraíba,2503,MACRORREGIAO I - JOAO PESSOA,25002,2ª Regiao,250415,PB - CASSERENGUE,6889
2,Nordeste,25,PB,Paraíba,2501,MACRORREGIAO III - SERTAO/ALTO SERTAO,25006,6ª Regiao,250420,PB - CATINGUEIRA,4491
2,Nordeste,25,PB,Paraíba,2501,MACRORREGIAO III - SERTAO/ALTO SERTAO,25008,8ª Regiao,250430,PB - CATOLE DO ROCHA,30661
2,Nordeste,25,PB,Paraíba,2502,MACRORREGIAO II - CAMPINA GRANDE,25015,15ª Regiao,250435,PB - CATURITE,5254
2,Nordeste,25,PB,Paraíba,2501,MACRORREGIAO III - SERTAO/ALTO SERTAO,25007,7ª Regiao,250440,PB - CONCEICAO,18260
2,Nordeste,25,PB,Paraíba,2501,MACRORREGIAO III - SERTAO/ALTO SERTAO,25006,6ª Regiao,250450,PB - CONDADO,6451
2,Nordeste,25,PB,Paraíba,2503,MACRORREGIAO I - JOAO PESSOA,25001,1ª Regiao Mata Atlantica,250460,PB - CONDE,27605
2,Nordeste,25,PB,Paraíba,2502,MACRORREGIAO II - CAMPINA GRANDE,25005,5ª Regiao,250470,PB - CONGO,4933
2,Nordeste,25,PB,Paraíba,2501,MACRORREGIAO III - SERTAO/ALTO SERTAO,25007,7ª Regiao,250480,PB - COREMAS,14683
2,Nordeste,25,PB,Paraíba,2502,MACRORREGIAO II - CAMPINA GRANDE,25005,5ª Regiao,250485,PB - COXIXOLA,1824
2,Nordeste,25,PB,Paraíba,2503,MACRORREGIAO I - JOAO PESSOA,25001,1ª Regiao Mata Atlantica,250490,PB - CRUZ DO ESPIRITO SANTO,17095
2,Nordeste,25,PB,Paraíba,2502,MACRORREGIAO II - CAMPINA GRANDE,25004,4ª Regiao,250500,PB - CUBATI,7580
2,Nordeste,25,PB,Paraíba,2502,MACRORREGIAO II - CAMPINA GRANDE,25004,4ª Regiao,250510,PB - CUITE,19719
2,Nordeste,25,PB,Paraíba,2503,MACRORREGIAO I - JOAO PESSOA,25014,14ª Regiao,250523,PB - CUITE DE MAMANGUAPE,6251
2,Nordeste,25,PB,Paraíba,2503,MACRORREGIAO I - JOAO PESSOA,25002,2ª Regiao,250520,PB - CUITEGI,6730
2,Nordeste,25,PB,Paraíba,2503,MACRORREGIAO I - JOAO PESSOA,25014,14ª Regiao,250527,PB - CURRAL DE CIMA,5254
2,Nordeste,25,PB,Paraíba,2501,MACRORREGIAO III - SERTAO/ALTO SERTAO,25007,7ª Regiao,250530,PB - CURRAL VELHO,2292
2,Nordeste,25,PB,Paraíba,2502,MACRORREGIAO II - CAMPINA GRANDE,25004,4ª Regiao,250535,PB - DAMIAO,4982
2,Nordeste,25,PB,Paraíba,2501,MACRORREGIAO III - SERTAO/ALTO SERTAO,25006,6ª Regiao,250540,PB - DESTERRO,8067
2,Nordeste,25,PB,Paraíba,2501,MACRORREGIAO III - SERTAO/ALTO SERTAO,25007,7ª Regiao,250560,PB - DIAMANTE,6299
2,Nordeste,25,PB,Paraíba,2503,MACRORREGIAO I - JOAO PESSOA,25002,2ª Regiao,250570,PB - DONA INES,10380
2,Nordeste,25,PB,Paraíba,2503,MACRORREGIAO I - JOAO PESSOA,25002,2ª Regiao,250580,PB - DUAS ESTRADAS,3327
2,Nordeste,25,PB,Paraíba,2501,MACRORREGIAO III - SERTAO/ALTO SERTAO,25006,6ª Regiao,250590,PB - EMAS,3011
2,Nordeste,25,PB,Paraíba,2502,MACRORREGIAO II - CAMPINA GRANDE,25003,3ª Regiao,250600,PB - ESPERANCA,31231
2,Nordeste,25,PB,Paraíba,2502,MACRORREGIAO II - CAMPINA GRANDE,25016,16ª Regiao,250610,PB - FAGUNDES,11049
2,Nordeste,25,PB,Paraíba,2502,MACRORREGIAO II - CAMPINA GRANDE,25004,4ª Regiao,250620,PB - FREI MARTINHO,2846
2,Nordeste,25,PB,Paraíba,2502,MACRORREGIAO II - CAMPINA GRANDE,25015,15ª Regiao,250625,PB - GADO BRAVO,8179
2,Nordeste,25,PB,Paraíba,2503,MACRORREGIAO I - JOAO PESSOA,25002,2ª Regiao,250630,PB - GUARABIRA,57484
2,Nordeste,25,PB,Paraíba,2503,MACRORREGIAO I - JOAO PESSOA,25012,12ª Regiao,250640,PB - GURINHEM,13766
2,Nordeste,25,PB,Paraíba,2502,MACRORREGIAO II - CAMPINA GRANDE,25005,5ª Regiao,250650,PB - GURJAO,3242
2,Nordeste,25,PB,Paraíba,2501,MACRORREGIAO III - SERTAO/ALTO SERTAO,25007,7ª Regiao,250660,PB - IBIARA,5631
2,Nordeste,25,PB,Paraíba,2501,MACRORREGIAO III - SERTAO/ALTO SERTAO,25007,7ª Regiao,250260,PB - IGARACY,5648
2,Nordeste,25,PB,Paraíba,2501,MACRORREGIAO III - SERTAO/ALTO SERTAO,25011,11ª Regiao,250670,PB - IMACULADA,10392
2,Nordeste,25,PB,Paraíba,2503,MACRORREGIAO I - JOAO PESSOA,25012,12ª Regiao,250680,PB - INGA,17692
2,Nordeste,25,PB,Paraíba,2503,MACRORREGIAO I - JOAO PESSOA,25012,12ª Regiao,250690,PB - ITABAIANA,23182
2,Nordeste,25,PB,Paraíba,2501,MACRORREGIAO III - SERTAO/ALTO SERTAO,25007,7ª Regiao,250700,PB - ITAPORANGA,23940
2,Nordeste,25,PB,Paraíba,2503,MACRORREGIAO I - JOAO PESSOA,25014,14ª Regiao,250710,PB - ITAPOROROCA,18382
2,Nordeste,25,PB,Paraíba,2503,MACRORREGIAO I - JOAO PESSOA,25012,12ª Regiao,250720,PB - ITATUBA,10499
2,Nordeste,25,PB,Paraíba,2503,MACRORREGIAO I - JOAO PESSOA,25014,14ª Regiao,250730,PB - JACARAU,14477
2,Nordeste,25,PB,Paraíba,2501,MACRORREGIAO III - SERTAO/ALTO SERTAO,25008,8ª Regiao,250740,PB - JERICO,7516
2,Nordeste,25,PB,Paraíba,2503,MACRORREGIAO I - JOAO PESSOA,25001,1ª Regiao Mata Atlantica,250750,PB - JOAO PESSOA,833932
2,Nordeste,25,PB,Paraíba,2501,MACRORREGIAO III - SERTAO/ALTO SERTAO,25009,9ª Regiao,251365,PB - JOCA CLAUDINO,2539
2,Nordeste,25,PB,Paraíba,2503,MACRORREGIAO I - JOAO PESSOA,25012,12ª Regiao,250760,PB - JUAREZ TAVORA,7796
2,Nordeste,25,PB,Paraíba,2502,MACRORREGIAO II - CAMPINA GRANDE,25016,16ª Regiao,250770,PB - JUAZEIRINHO,17007
2,Nordeste,25,PB,Paraíba,2501,MACRORREGIAO III - SERTAO/ALTO SERTAO,25006,6ª Regiao,250780,PB - JUNCO DO SERIDO,6793
2,Nordeste,25,PB,Paraíba,2503,MACRORREGIAO I - JOAO PESSOA,25012,12ª Regiao,250790,PB - JURIPIRANGA,10012
2,Nordeste,25,PB,Paraíba,2501,MACRORREGIAO III - SERTAO/ALTO SERTAO,25011,11ª Regiao,250800,PB - JURU,9234
2,Nordeste,25,PB,Paraíba,2501,MACRORREGIAO III - SERTAO/ALTO SERTAO,25013,13ª Regiao,250810,PB - LAGOA,4415
2,Nordeste,25,PB,Paraíba,2503,MACRORREGIAO I - JOAO PESSOA,25002,2ª Regiao,250820,PB - LAGOA DE DENTRO,7819
2,Nordeste,25,PB,Paraíba,2502,MACRORREGIAO II - CAMPINA GRANDE,25003,3ª Regiao,250830,PB - LAGOA SECA,27730
2,Nordeste,25,PB,Paraíba,2501,MACRORREGIAO III - SERTAO/ALTO SERTAO,25010,10ª Regiao,250840,PB - LASTRO,3162
2,Nordeste,25,PB,Paraíba,2502,MACRORREGIAO II - CAMPINA GRANDE,25016,16ª Regiao,250850,PB - LIVRAMENTO,6877
2,Nordeste,25,PB,Paraíba,2503,MACRORREGIAO I - JOAO PESSOA,25002,2ª Regiao,250855,PB - LOGRADOURO,4797
2,Nordeste,25,PB,Paraíba,2503,MACRORREGIAO I - JOAO PESSOA,25001,1ª Regiao Mata Atlantica,250860,PB - LUCENA,12560
2,Nordeste,25,PB,Paraíba,2501,MACRORREGIAO III - SERTAO/ALTO SERTAO,25006,6ª Regiao,250870,PB - MAE D'AGUA,3583
2,Nordeste,25,PB,Paraíba,2501,MACRORREGIAO III - SERTAO/ALTO SERTAO,25006,6ª Regiao,250880,PB - MALTA,6046
2,Nordeste,25,PB,Paraíba,2503,MACRORREGIAO I - JOAO PESSOA,25014,14ª Regiao,250890,PB - MAMANGUAPE,44599
2,Nordeste,25,PB,Paraíba,2501,MACRORREGIAO III - SERTAO/ALTO SERTAO,25011,11ª Regiao,250900,PB - MANAIRA,10434
2,Nordeste,25,PB,Paraíba,2503,MACRORREGIAO I - JOAO PESSOA,25014,14ª Regiao,250905,PB - MARCACAO,8999
2,Nordeste,25,PB,Paraíba,2503,MACRORREGIAO I - JOAO PESSOA,25001,1ª Regiao Mata Atlantica,250910,PB - MARI,21512
2,Nordeste,25,PB,Paraíba,2501,MACRORREGIAO III - SERTAO/ALTO SERTAO,25010,10ª Regiao,250915,PB - MARIZOPOLIS,6705
2,Nordeste,25,PB,Paraíba,2502,MACRORREGIAO II - CAMPINA GRANDE,25016,16ª Regiao,250920,PB - MASSARANDUBA,14139
2,Nordeste,25,PB,Paraíba,2503,MACRORREGIAO I - JOAO PESSOA,25014,14ª Regiao,250930,PB - MATARACA,8244
2,Nordeste,25,PB,Paraíba,2502,MACRORREGIAO II - CAMPINA GRANDE,25003,3ª Regiao,250933,PB - MATINHAS,4571
2,Nordeste,25,PB,Paraíba,2501,MACRORREGIAO III - SERTAO/ALTO SERTAO,25008,8ª Regiao,250937,PB - MATO GROSSO,2543
2,Nordeste,25,PB,Paraíba,2501,MACRORREGIAO III - SERTAO/ALTO SERTAO,25006,6ª Regiao,250939,PB - MATUREIA,6433
2,Nordeste,25,PB,Paraíba,2503,MACRORREGIAO I - JOAO PESSOA,25012,12ª Regiao,250940,PB - MOGEIRO,13899
2,Nordeste,25,PB,Paraíba,2502,MACRORREGIAO II - CAMPINA GRANDE,25003,3ª Regiao,250950,PB - MONTADAS,5812
2,Nordeste,25,PB,Paraíba,2501,MACRORREGIAO III - SERTAO/ALTO SERTAO,25009,9ª Regiao,250960,PB - MONTE HOREBE,4338
2,Nordeste,25,PB,Paraíba,2502,MACRORREGIAO II - CAMPINA GRANDE,25005,5ª Regiao,250970,PB - MONTEIRO,32277
2,Nordeste,25,PB,Paraíba,2503,MACRORREGIAO I - JOAO PESSOA,25002,2ª Regiao,250980,PB - MULUNGU,8791
2,Nordeste,25,PB,Paraíba,2502,MACRORREGIAO II - CAMPINA GRANDE,25015,15ª Regiao,250990,PB - NATUBA,8945
2,Nordeste,25,PB,Paraíba,2501,MACRORREGIAO III - SERTAO/ALTO SERTAO,25010,10ª Regiao,251000,PB - NAZAREZINHO,7203
2,Nordeste,25,PB,Paraíba,2502,MACRORREGIAO II - CAMPINA GRANDE,25004,4ª Regiao,251010,PB - NOVA FLORESTA,9724
2,Nordeste,25,PB,Paraíba,2501,MACRORREGIAO III - SERTAO/ALTO SERTAO,25007,7ª Regiao,251020,PB - NOVA OLINDA,5787
2,Nordeste,25,PB,Paraíba,2502,MACRORREGIAO II - CAMPINA GRANDE,25004,4ª Regiao,251030,PB - NOVA PALMEIRA,4259
2,Nordeste,25,PB,Paraíba,2501,MACRORREGIAO III - SERTAO/ALTO SERTAO,25007,7ª Regiao,251040,PB - OLHO D'AGUA,6060
2,Nordeste,25,PB,Paraíba,2502,MACRORREGIAO II - CAMPINA GRANDE,25016,16ª Regiao,251050,PB - OLIVEDOS,3580
2,Nordeste,25,PB,Paraíba,2502,MACRORREGIAO II - CAMPINA GRANDE,25005,5ª Regiao,251060,PB - OURO VELHO,2918
2,Nordeste,25,PB,Paraíba,2502,MACRORREGIAO II - CAMPINA GRANDE,25005,5ª Regiao,251065,PB - PARARI,1720
2,Nordeste,25,PB,Paraíba,2501,MACRORREGIAO III - SERTAO/ALTO SERTAO,25006,6ª Regiao,251070,PB - PASSAGEM,2463
2,Nordeste,25,PB,Paraíba,2501,MACRORREGIAO III - SERTAO/ALTO SERTAO,25006,6ª Regiao,251080,PB - PATOS,103165
2,Nordeste,25,PB,Paraíba,2501,MACRORREGIAO III - SERTAO/ALTO SERTAO,25013,13ª Regiao,251090,PB - PAULISTA,11834
2,Nordeste,25,PB,Paraíba,2501,MACRORREGIAO III - SERTAO/ALTO SERTAO,25007,7ª Regiao,251100,PB - PEDRA BRANCA,3739
2,Nordeste,25,PB,Paraíba,2502,MACRORREGIAO II - CAMPINA GRANDE,25004,4ª Regiao,251110,PB - PEDRA LAVRADA,6859
2,Nordeste,25,PB,Paraíba,2503,MACRORREGIAO I - JOAO PESSOA,25012,12ª Regiao,251120,PB - PEDRAS DE FOGO,29662
2,Nordeste,25,PB,Paraíba,2503,MACRORREGIAO I - JOAO PESSOA,25014,14ª Regiao,251272,PB - PEDRO REGIS,5766
2,Nordeste,25,PB,Paraíba,2501,MACRORREGIAO III - SERTAO/ALTO SERTAO,25007,7ª Regiao,251130,PB - PIANCO,16441
2,Nordeste,25,PB,Paraíba,2502,MACRORREGIAO II - CAMPINA GRANDE,25004,4ª Regiao,251140,PB - PICUI,18333
2,Nordeste,25,PB,Paraíba,2503,MACRORREGIAO I - JOAO PESSOA,25012,12ª Regiao,251150,PB - PILAR,12311
2,Nordeste,25,PB,Paraíba,2503,MACRORREGIAO I - JOAO PESSOA,25002,2ª Regiao,251160,PB - PILOES,6815
2,Nordeste,25,PB,Paraíba,2503,MACRORREGIAO I - JOAO PESSOA,25002,2ª Regiao,251170,PB - PILOEZINHOS,5329
2,Nordeste,25,PB,Paraíba,2503,MACRORREGIAO I - JOAO PESSOA,25002,2ª Regiao,251180,PB - PIRPIRITUBA,9340
2,Nordeste,25,PB,Paraíba,2503,MACRORREGIAO I - JOAO PESSOA,25001,1ª Regiao Mata Atlantica,251190,PB - PITIMBU,16751
2,Nordeste,25,PB,Paraíba,2502,MACRORREGIAO II - CAMPINA GRANDE,25016,16ª Regiao,251200,PB - POCINHOS,17469
2,Nordeste,25,PB,Paraíba,2501,MACRORREGIAO III - SERTAO/ALTO SERTAO,25009,9ª Regiao,251203,PB - POCO DANTAS,3830
2,Nordeste,25,PB,Paraíba,2501,MACRORREGIAO III - SERTAO/ALTO SERTAO,25009,9ª Regiao,251207,PB - POCO DE JOSE DE MOURA,4006
2,Nordeste,25,PB,Paraíba,2501,MACRORREGIAO III - SERTAO/ALTO SERTAO,25013,13ª Regiao,251210,PB - POMBAL,32473
2,Nordeste,25,PB,Paraíba,2502,MACRORREGIAO II - CAMPINA GRANDE,25005,5ª Regiao,251220,PB - PRATA,3915
2,Nordeste,25,PB,Paraíba,2501,MACRORREGIAO III - SERTAO/ALTO SERTAO,25011,11ª Regiao,251230,PB - PRINCESA ISABEL,21114
2,Nordeste,25,PB,Paraíba,2502,MACRORREGIAO II - CAMPINA GRANDE,25016,16ª Regiao,251240,PB - PUXINANA,14277
2,Nordeste,25,PB,Paraíba,2502,MACRORREGIAO II - CAMPINA GRANDE,25015,15ª Regiao,251250,PB - QUEIMADAS,47658
2,Nordeste,25,PB,Paraíba,2501,MACRORREGIAO III - SERTAO/ALTO SERTAO,25006,6ª Regiao,251260,PB - QUIXABA,1743
2,Nordeste,25,PB,Paraíba,2502,MACRORREGIAO II - CAMPINA GRANDE,25003,3ª Regiao,251270,PB - REMIGIO,17885
2,Nordeste,25,PB,Paraíba,2503,MACRORREGIAO I - JOAO PESSOA,25002,2ª Regiao,251274,PB - RIACHAO,2927
2,Nordeste,25,PB,Paraíba,2503,MACRORREGIAO I - JOAO PESSOA,25012,12ª Regiao,251275,PB - RIACHAO DO BACAMARTE,4690
2,Nordeste,25,PB,Paraíba,2503,MACRORREGIAO I - JOAO PESSOA,25001,1ª Regiao Mata Atlantica,251276,PB - RIACHAO DO POCO,4738
2,Nordeste,25,PB,Paraíba,2502,MACRORREGIAO II - CAMPINA GRANDE,25015,15ª Regiao,251278,PB - RIACHO DE SANTO ANTONIO,1955
2,Nordeste,25,PB,Paraíba,2501,MACRORREGIAO III - SERTAO/ALTO SERTAO,25008,8ª Regiao,251280,PB - RIACHO DOS CAVALOS,8493
2,Nordeste,25,PB,Paraíba,2503,MACRORREGIAO I - JOAO PESSOA,25014,14ª Regiao,251290,PB - RIO TINTO,24581
2,Nordeste,25,PB,Paraíba,2501,MACRORREGIAO III - SERTAO/ALTO SERTAO,25006,6ª Regiao,251300,PB - SALGADINHO,3355
2,Nordeste,25,PB,Paraíba,2503,MACRORREGIAO I - JOAO PESSOA,25012,12ª Regiao,251310,PB - SALGADO DE SAO FELIX,11505
2,Nordeste,25,PB,Paraíba,2502,MACRORREGIAO II - CAMPINA GRANDE,25015,15ª Regiao,251315,PB - SANTA CECILIA,7670
2,Nordeste,25,PB,Paraíba,2501,MACRORREGIAO III - SERTAO/ALTO SERTAO,25010,10ª Regiao,251320,PB - SANTA CRUZ,5947
2,Nordeste,25,PB,Paraíba,2501,MACRORREGIAO III - SERTAO/ALTO SERTAO,25009,9ª Regiao,251330,PB - SANTA HELENA,5865
2,Nordeste,25,PB,Paraíba,2501,MACRORREGIAO III - SERTAO/ALTO SERTAO,25007,7ª Regiao,251335,PB - SANTA INES,3227
2,Nordeste,25,PB,Paraíba,2501,MACRORREGIAO III - SERTAO/ALTO SERTAO,25006,6ª Regiao,251340,PB - SANTA LUZIA,14959
2,Nordeste,25,PB,Paraíba,2503,MACRORREGIAO I - JOAO PESSOA,25001,1ª Regiao Mata Atlantica,251370,PB - SANTA RITA,149910
2,Nordeste,25,PB,Paraíba,2501,MACRORREGIAO III - SERTAO/ALTO SERTAO,25006,6ª Regiao,251380,PB - SANTA TERESINHA,4402
2,Nordeste,25,PB,Paraíba,2501,MACRORREGIAO III - SERTAO/ALTO SERTAO,25007,7ª Regiao,251350,PB - SANTANA DE MANGUEIRA,5010
2,Nordeste,25,PB,Paraíba,2501,MACRORREGIAO III - SERTAO/ALTO SERTAO,25007,7ª Regiao,251360,PB - SANTANA DOS GARROTES,6569
2,Nordeste,25,PB,Paraíba,2502,MACRORREGIAO II - CAMPINA GRANDE,25016,16ª Regiao,251385,PB - SANTO ANDRE,2622
2,Nordeste,25,PB,Paraíba,2501,MACRORREGIAO III - SERTAO/ALTO SERTAO,25013,13ª Regiao,251392,PB - SAO BENTINHO,4327
2,Nordeste,25,PB,Paraíba,2501,MACRORREGIAO III - SERTAO/ALTO SERTAO,25008,8ª Regiao,251390,PB - SAO BENTO,32235
2,Nordeste,25,PB,Paraíba,2501,MACRORREGIAO III - SERTAO/ALTO SERTAO,25013,13ª Regiao,251396,PB - SAO DOMINGOS,2595
2,Nordeste,25,PB,Paraíba,2502,MACRORREGIAO II - CAMPINA GRANDE,25015,15ª Regiao,251394,PB - SAO DOMINGOS DO CARIRI,2585
2,Nordeste,25,PB,Paraíba,2501,MACRORREGIAO III - SERTAO/ALTO SERTAO,25010,10ª Regiao,251398,PB - SAO FRANCISCO,3137
2,Nordeste,25,PB,Paraíba,2502,MACRORREGIAO II - CAMPINA GRANDE,25005,5ª Regiao,251400,PB - SAO JOAO DO CARIRI,4226
2,Nordeste,25,PB,Paraíba,2501,MACRORREGIAO III - SERTAO/ALTO SERTAO,25009,9ª Regiao,250070,PB - SAO JOAO DO RIO DO PEIXE,17964
2,Nordeste,25,PB,Paraíba,2502,MACRORREGIAO II - CAMPINA GRANDE,25005,5ª Regiao,251410,PB - SAO JOAO DO TIGRE,4263
2,Nordeste,25,PB,Paraíba,2501,MACRORREGIAO III - SERTAO/ALTO SERTAO,25010,10ª Regiao,251420,PB - SAO JOSE DA LAGOA TAPADA,7126
2,Nordeste,25,PB,Paraíba,2501,MACRORREGIAO III - SERTAO/ALTO SERTAO,25007,7ª Regiao,251430,PB - SAO JOSE DE CAIANA,5034
2,Nordeste,25,PB,Paraíba,2501,MACRORREGIAO III - SERTAO/ALTO SERTAO,25006,6ª Regiao,251440,PB - SAO JOSE DE ESPINHARAS,4083
2,Nordeste,25,PB,Paraíba,2501,MACRORREGIAO III - SERTAO/ALTO SERTAO,25009,9ª Regiao,251450,PB - SAO JOSE DE PIRANHAS,19067
2,Nordeste,25,PB,Paraíba,2501,MACRORREGIAO III - SERTAO/ALTO SERTAO,25011,11ª Regiao,251455,PB - SAO JOSE DE PRINCESA,3416
2,Nordeste,25,PB,Paraíba,2501,MACRORREGIAO III - SERTAO/ALTO SERTAO,25006,6ª Regiao,251460,PB - SAO JOSE DO BONFIM,3242
2,Nordeste,25,PB,Paraíba,2501,MACRORREGIAO III - SERTAO/ALTO SERTAO,25008,8ª Regiao,251465,PB - SAO JOSE DO BREJO DO CRUZ,1699
2,Nordeste,25,PB,Paraíba,2501,MACRORREGIAO III - SERTAO/ALTO SERTAO,25006,6ª Regiao,251470,PB - SAO JOSE DO SABUGI,4138
2,Nordeste,25,PB,Paraíba,2502,MACRORREGIAO II - CAMPINA GRANDE,25005,5ª Regiao,251480,PB - SAO JOSE DOS CORDEIROS,3411
2,Nordeste,25,PB,Paraíba,2503,MACRORREGIAO I - JOAO PESSOA,25012,12ª Regiao,251445,PB - SAO JOSE DOS RAMOS,5891
2,Nordeste,25,PB,Paraíba,2501,MACRORREGIAO III - SERTAO/ALTO SERTAO,25006,6ª Regiao,251490,PB - SAO MAMEDE,7470
2,Nordeste,25,PB,Paraíba,2503,MACRORREGIAO I - JOAO PESSOA,25012,12ª Regiao,251500,PB - SAO MIGUEL DE TAIPU,7066
2,Nordeste,25,PB,Paraíba,2502,MACRORREGIAO II - CAMPINA GRANDE,25003,3ª Regiao,251510,PB - SAO SEBASTIAO DE LAGOA DE ROCA,11040
2,Nordeste,25,PB,Paraíba,2502,MACRORREGIAO II - CAMPINA GRANDE,25005,5ª Regiao,251520,PB - SAO SEBASTIAO DO UMBUZEIRO,3279
2,Nordeste,25,PB,Paraíba,2502,MACRORREGIAO II - CAMPINA GRANDE,25004,4ª Regiao,251540,PB - SAO VICENTE DO SERIDO,10291
2,Nordeste,25,PB,Paraíba,2503,MACRORREGIAO I - JOAO PESSOA,25001,1ª Regiao Mata Atlantica,251530,PB - SAPE,51306
2,Nordeste,25,PB,Paraíba,2502,MACRORREGIAO II - CAMPINA GRANDE,25005,5ª Regiao,251550,PB - SERRA BRANCA,13614
2,Nordeste,25,PB,Paraíba,2503,MACRORREGIAO I - JOAO PESSOA,25002,2ª Regiao,251560,PB - SERRA DA RAIZ,3094
2,Nordeste,25,PB,Paraíba,2501,MACRORREGIAO III - SERTAO/ALTO SERTAO,25007,7ª Regiao,251570,PB - SERRA GRANDE,2942
2,Nordeste,25,PB,Paraíba,2502,MACRORREGIAO II - CAMPINA GRANDE,25016,16ª Regiao,251580,PB - SERRA REDONDA,6828
2,Nordeste,25,PB,Paraíba,2503,MACRORREGIAO I - JOAO PESSOA,25002,2ª Regiao,251590,PB - SERRARIA,4885
2,Nordeste,25,PB,Paraíba,2503,MACRORREGIAO I - JOAO PESSOA,25002,2ª Regiao,251593,PB - SERTAOZINHO,5054
2,Nordeste,25,PB,Paraíba,2503,MACRORREGIAO I - JOAO PESSOA,25001,1ª Regiao Mata Atlantica,251597,PB - SOBRADO,8236
2,Nordeste,25,PB,Paraíba,2503,MACRORREGIAO I - JOAO PESSOA,25002,2ª Regiao,251600,PB - SOLANEA,26774
2,Nordeste,25,PB,Paraíba,2502,MACRORREGIAO II - CAMPINA GRANDE,25016,16ª Regiao,251610,PB - SOLEDADE,13968
2,Nordeste,25,PB,Paraíba,2502,MACRORREGIAO II - CAMPINA GRANDE,25004,4ª Regiao,251615,PB - SOSSEGO,3345
2,Nordeste,25,PB,Paraíba,2501,MACRORREGIAO III - SERTAO/ALTO SERTAO,25010,10ª Regiao,251620,PB - SOUSA,67259
2,Nordeste,25,PB,Paraíba,2502,MACRORREGIAO II - CAMPINA GRANDE,25005,5ª Regiao,251630,PB - SUME,17166
2,Nordeste,25,PB,Paraíba,2503,MACRORREGIAO I - JOAO PESSOA,25002,2ª Regiao,251640,PB - TACIMA,8010
2,Nordeste,25,PB,Paraíba,2502,MACRORREGIAO II - CAMPINA GRANDE,25016,16ª Regiao,251650,PB - TAPEROA,14068
2,Nordeste,25,PB,Paraíba,2501,MACRORREGIAO III - SERTAO/ALTO SERTAO,25011,11ª Regiao,251660,PB - TAVARES,14101
2,Nordeste,25,PB,Paraíba,2501,MACRORREGIAO III - SERTAO/ALTO SERTAO,25006,6ª Regiao,251670,PB - TEIXEIRA,14631
2,Nordeste,25,PB,Paraíba,2502,MACRORREGIAO II - CAMPINA GRANDE,25016,16ª Regiao,251675,PB - TENORIO,2966
2,Nordeste,25,PB,Paraíba,2501,MACRORREGIAO III - SERTAO/ALTO SERTAO,25009,9ª Regiao,251680,PB - TRIUNFO,9892
2,Nordeste,25,PB,Paraíba,2501,MACRORREGIAO III - SERTAO/ALTO SERTAO,25009,9ª Regiao,251690,PB - UIRAUNA,14930
2,Nordeste,25,PB,Paraíba,2502,MACRORREGIAO II - CAMPINA GRANDE,25015,15ª Regiao,251700,PB - UMBUZEIRO,9124
2,Nordeste,25,PB,Paraíba,2501,MACRORREGIAO III - SERTAO/ALTO SERTAO,25006,6ª Regiao,251710,PB - VARZEA,2668
2,Nordeste,25,PB,Paraíba,2501,MACRORREGIAO III - SERTAO/ALTO SERTAO,25010,10ª Regiao,251720,PB - VIEIROPOLIS,4864
2,Nordeste,25,PB,Paraíba,2501,MACRORREGIAO III - SERTAO/ALTO SERTAO,25006,6ª Regiao,250550,PB - VISTA SERRANA,3641
2,Nordeste,25,PB,Paraíba,2502,MACRORREGIAO II - CAMPINA GRANDE,25005,5ª Regiao,251740,PB - ZABELE,2228
2,Nordeste,26,PE,Pernambuco,2607,METROPOLITANA,26010,Recife,260005,PE - ABREU E LIMA,98462
2,Nordeste,26,PE,Pernambuco,2606,SERTAO,26001,Afogados da Ingazeira,260010,PE - AFOGADOS DA INGAZEIRA,40004
2,Nordeste,26,PE,Pernambuco,2605,VALE DO S.FRANCISCO E ARARIPE,26009,Petrolina,260020,PE - AFRANIO,18674
2,Nordeste,26,PE,Pernambuco,2608,AGRESTE,26003,Caruaru,260030,PE - AGRESTINA,23779
2,Nordeste,26,PE,Pernambuco,2607,METROPOLITANA,26008,Palmares,260040,PE - AGUA PRETA,26461
2,Nordeste,26,PE,Pernambuco,2608,AGRESTE,26004,Garanhuns,260050,PE - AGUAS BELAS,41548
2,Nordeste,26,PE,Pernambuco,2608,AGRESTE,26003,Caruaru,260060,PE - ALAGOINHA,14033
2,Nordeste,26,PE,Pernambuco,2607,METROPOLITANA,26005,Goiana,260070,PE - ALIANCA,35741
2,Nordeste,26,PE,Pernambuco,2608,AGRESTE,26003,Caruaru,260080,PE - ALTINHO,20674
2,Nordeste,26,PE,Pernambuco,2607,METROPOLITANA,26008,Palmares,260090,PE - AMARAJI,18205
2,Nordeste,26,PE,Pernambuco,2608,AGRESTE,26004,Garanhuns,260100,PE - ANGELIM,10238
2,Nordeste,26,PE,Pernambuco,2607,METROPOLITANA,26010,Recife,260105,PE - ARACOIABA,19243
2,Nordeste,26,PE,Pernambuco,2605,VALE DO S.FRANCISCO E ARARIPE,26007,Ouricuri,260110,PE - ARARIPINA,85088
2,Nordeste,26,PE,Pernambuco,2606,SERTAO,26002,Arcoverde,260120,PE - ARCOVERDE,77742
2,Nordeste,26,PE,Pernambuco,2608,AGRESTE,26003,Caruaru,260130,PE - BARRA DE GUABIRABA,12263
2,Nordeste,26,PE,Pernambuco,2607,METROPOLITANA,26008,Palmares,260140,PE - BARREIROS,40121
2,Nordeste,26,PE,Pernambuco,2607,METROPOLITANA,26008,Palmares,260150,PE - BELEM DE MARIA,10561
2,Nordeste,26,PE,Pernambuco,2605,VALE DO S.FRANCISCO E ARARIPE,26011,Salgueiro,260160,PE - BELEM DE SAO FRANCISCO,18301
2,Nordeste,26,PE,Pernambuco,2608,AGRESTE,26003,Caruaru,260170,PE - BELO JARDIM,79507
2,Nordeste,26,PE,Pernambuco,2606,SERTAO,26012,Serra Talhada,260180,PE - BETANIA,11649
2,Nordeste,26,PE,Pernambuco,2608,AGRESTE,26003,Caruaru,260190,PE - BEZERROS,61794
2,Nordeste,26,PE,Pernambuco,2605,VALE DO S.FRANCISCO E ARARIPE,26007,Ouricuri,260200,PE - BODOCO,34478
2,Nordeste,26,PE,Pernambuco,2608,AGRESTE,26004,Garanhuns,260210,PE - BOM CONSELHO,44103
2,Nordeste,26,PE,Pernambuco,2607,METROPOLITANA,26006,Limoeiro,260220,PE - BOM JARDIM,37497
2,Nordeste,26,PE,Pernambuco,2608,AGRESTE,26003,Caruaru,260230,PE - BONITO,37316
2,Nordeste,26,PE,Pernambuco,2608,AGRESTE,26004,Garanhuns,260240,PE - BREJAO,9079
2,Nordeste,26,PE,Pernambuco,2606,SERTAO,26001,Afogados da Ingazeira,260250,PE - BREJINHO,7720
2,Nordeste,26,PE,Pernambuco,2608,AGRESTE,26003,Caruaru,260260,PE - BREJO DA MADRE DE DEUS,48645
2,Nordeste,26,PE,Pernambuco,2607,METROPOLITANA,26006,Limoeiro,260270,PE - BUENOS AIRES,12808
2,Nordeste,26,PE,Pernambuco,2606,SERTAO,26002,Arcoverde,260280,PE - BUIQUE,52097
2,Nordeste,26,PE,Pernambuco,2607,METROPOLITANA,26010,Recife,260290,PE - CABO DE SANTO AGOSTINHO,203440
2,Nordeste,26,PE,Pernambuco,2605,VALE DO S.FRANCISCO E ARARIPE,26009,Petrolina,260300,PE - CABROBO,30294
2,Nordeste,26,PE,Pernambuco,2608,AGRESTE,26003,Caruaru,260310,PE - CACHOEIRINHA,19899
2,Nordeste,26,PE,Pernambuco,2608,AGRESTE,26004,Garanhuns,260320,PE - CAETES,28827
2,Nordeste,26,PE,Pernambuco,2608,AGRESTE,26004,Garanhuns,260330,PE - CALCADO,11080
2,Nordeste,26,PE,Pernambuco,2606,SERTAO,26012,Serra Talhada,260340,PE - CALUMBI,5228
2,Nordeste,26,PE,Pernambuco,2607,METROPOLITANA,26010,Recife,260345,PE - CAMARAGIBE,147771
2,Nordeste,26,PE,Pernambuco,2608,AGRESTE,26003,Caruaru,260350,PE - CAMOCIM DE SAO FELIX,17419
2,Nordeste,26,PE,Pernambuco,2607,METROPOLITANA,26005,Goiana,260360,PE - CAMUTANGA,7750
2,Nordeste,26,PE,Pernambuco,2608,AGRESTE,26004,Garanhuns,260370,PE - CANHOTINHO,24344
2,Nordeste,26,PE,Pernambuco,2608,AGRESTE,26004,Garanhuns,260380,PE - CAPOEIRAS,18415
2,Nordeste,26,PE,Pernambuco,2606,SERTAO,26001,Afogados da Ingazeira,260390,PE - CARNAIBA,18907
2,Nordeste,26,PE,Pernambuco,2606,SERTAO,26012,Serra Talhada,260392,PE - CARNAUBEIRA DA PENHA,12239
2,Nordeste,26,PE,Pernambuco,2607,METROPOLITANA,26006,Limoeiro,260400,PE - CARPINA,79293
2,Nordeste,26,PE,Pernambuco,2608,AGRESTE,26003,Caruaru,260410,PE - CARUARU,377911
2,Nordeste,26,PE,Pernambuco,2607,METROPOLITANA,26006,Limoeiro,260415,PE - CASINHAS,13119
2,Nordeste,26,PE,Pernambuco,2607,METROPOLITANA,26008,Palmares,260420,PE - CATENDE,32156
2,Nordeste,26,PE,Pernambuco,2605,VALE DO S.FRANCISCO E ARARIPE,26011,Salgueiro,260430,PE - CEDRO,10518
2,Nordeste,26,PE,Pernambuco,2607,METROPOLITANA,26010,Recife,260440,PE - CHA DE ALEGRIA,12984
2,Nordeste,26,PE,Pernambuco,2607,METROPOLITANA,26010,Recife,260450,PE - CHA GRANDE,20546
2,Nordeste,26,PE,Pernambuco,2607,METROPOLITANA,26005,Goiana,260460,PE - CONDADO,24587
2,Nordeste,26,PE,Pernambuco,2608,AGRESTE,26004,Garanhuns,260470,PE - CORRENTES,17131
2,Nordeste,26,PE,Pernambuco,2607,METROPOLITANA,26008,Palmares,260480,PE - CORTES,10356
2,Nordeste,26,PE,Pernambuco,2607,METROPOLITANA,26006,Limoeiro,260490,PE - CUMARU,15859
2,Nordeste,26,PE,Pernambuco,2608,AGRESTE,26003,Caruaru,260500,PE - CUPIRA,23518
2,Nordeste,26,PE,Pernambuco,2606,SERTAO,26002,Arcoverde,260510,PE - CUSTODIA,37245
2,Nordeste,26,PE,Pernambuco,2605,VALE DO S.FRANCISCO E ARARIPE,26009,Petrolina,260515,PE - DORMENTES,17188
2,Nordeste,26,PE,Pernambuco,2607,METROPOLITANA,26008,Palmares,260520,PE - ESCADA,59872
2,Nordeste,26,PE,Pernambuco,2605,VALE DO S.FRANCISCO E ARARIPE,26007,Ouricuri,260530,PE - EXU,31843
2,Nordeste,26,PE,Pernambuco,2607,METROPOLITANA,26006,Limoeiro,260540,PE - FEIRA NOVA,21427
2,Nordeste,26,PE,Pernambuco,2607,METROPOLITANA,26010,Recife,260545,PE - FERNANDO DE NORONHA,3167
2,Nordeste,26,PE,Pernambuco,2607,METROPOLITANA,26005,Goiana,260550,PE - FERREIROS,15026
2,Nordeste,26,PE,Pernambuco,2606,SERTAO,26012,Serra Talhada,260560,PE - FLORES,20347
2,Nordeste,26,PE,Pernambuco,2606,SERTAO,26012,Serra Talhada,260570,PE - FLORESTA,30069
2,Nordeste,26,PE,Pernambuco,2608,AGRESTE,26003,Caruaru,260580,PE - FREI MIGUELINHO,13672
2,Nordeste,26,PE,Pernambuco,2607,METROPOLITANA,26008,Palmares,260590,PE - GAMELEIRA,18214
2,Nordeste,26,PE,Pernambuco,2608,AGRESTE,26004,Garanhuns,260600,PE - GARANHUNS,142526
2,Nordeste,26,PE,Pernambuco,2607,METROPOLITANA,26010,Recife,260610,PE - GLORIA DO GOITA,28916
2,Nordeste,26,PE,Pernambuco,2607,METROPOLITANA,26005,Goiana,260620,PE - GOIANA,81055
2,Nordeste,26,PE,Pernambuco,2605,VALE DO S.FRANCISCO E ARARIPE,26007,Ouricuri,260630,PE - GRANITO,6967
2,Nordeste,26,PE,Pernambuco,2608,AGRESTE,26003,Caruaru,260640,PE - GRAVATA,86516
2,Nordeste,26,PE,Pernambuco,2608,AGRESTE,26004,Garanhuns,260650,PE - IATI,17165
2,Nordeste,26,PE,Pernambuco,2606,SERTAO,26002,Arcoverde,260660,PE - IBIMIRIM,27346
2,Nordeste,26,PE,Pernambuco,2608,AGRESTE,26003,Caruaru,260670,PE - IBIRAJUBA,7140
2,Nordeste,26,PE,Pernambuco,2607,METROPOLITANA,26010,Recife,260680,PE - IGARASSU,115196
2,Nordeste,26,PE,Pernambuco,2606,SERTAO,26001,Afogados da Ingazeira,260690,PE - IGUARACY,11058
2,Nordeste,26,PE,Pernambuco,2607,METROPOLITANA,26010,Recife,260760,PE - ILHA DE ITAMARACA,24540
2,Nordeste,26,PE,Pernambuco,2606,SERTAO,26002,Arcoverde,260700,PE - INAJA,25740
2,Nordeste,26,PE,Pernambuco,2606,SERTAO,26001,Afogados da Ingazeira,260710,PE - INGAZEIRA,4779
2,Nordeste,26,PE,Pernambuco,2607,METROPOLITANA,26010,Recife,260720,PE - IPOJUCA,98932
2,Nordeste,26,PE,Pernambuco,2605,VALE DO S.FRANCISCO E ARARIPE,26007,Ouricuri,260730,PE - IPUBI,29009
2,Nordeste,26,PE,Pernambuco,2606,SERTAO,26012,Serra Talhada,260740,PE - ITACURUBA,4352
2,Nordeste,26,PE,Pernambuco,2608,AGRESTE,26004,Garanhuns,260750,PE - ITAIBA,31611
2,Nordeste,26,PE,Pernambuco,2607,METROPOLITANA,26005,Goiana,260765,PE - ITAMBE,34935
2,Nordeste,26,PE,Pernambuco,2606,SERTAO,26001,Afogados da Ingazeira,260770,PE - ITAPETIM,13791
2,Nordeste,26,PE,Pernambuco,2607,METROPOLITANA,26010,Recife,260775,PE - ITAPISSUMA,27749
2,Nordeste,26,PE,Pernambuco,2607,METROPOLITANA,26005,Goiana,260780,PE - ITAQUITINGA,16554
2,Nordeste,26,PE,Pernambuco,2607,METROPOLITANA,26010,Recife,260790,PE - JABOATAO DOS GUARARAPES,644037
2,Nordeste,26,PE,Pernambuco,2607,METROPOLITANA,26008,Palmares,260795,PE - JAQUEIRA,10247
2,Nordeste,26,PE,Pernambuco,2608,AGRESTE,26003,Caruaru,260800,PE - JATAUBA,15843
2,Nordeste,26,PE,Pernambuco,2606,SERTAO,26002,Arcoverde,260805,PE - JATOBA,14020
2,Nordeste,26,PE,Pernambuco,2607,METROPOLITANA,26006,Limoeiro,260810,PE - JOAO ALFREDO,27725
2,Nordeste,26,PE,Pernambuco,2607,METROPOLITANA,26008,Palmares,260820,PE - JOAQUIM NABUCO,13269
2,Nordeste,26,PE,Pernambuco,2608,AGRESTE,26004,Garanhuns,260825,PE - JUCATI,11519
2,Nordeste,26,PE,Pernambuco,2608,AGRESTE,26004,Garanhuns,260830,PE - JUPI,15329
2,Nordeste,26,PE,Pernambuco,2608,AGRESTE,26003,Caruaru,260840,PE - JUREMA,13648
2,Nordeste,26,PE,Pernambuco,2607,METROPOLITANA,26006,Limoeiro,260850,PE - LAGOA DE ITAENGA,19434
2,Nordeste,26,PE,Pernambuco,2607,METROPOLITANA,26006,Limoeiro,260845,PE - LAGOA DO CARRO,17981
2,Nordeste,26,PE,Pernambuco,2608,AGRESTE,26004,Garanhuns,260860,PE - LAGOA DO OURO,11984
2,Nordeste,26,PE,Pernambuco,2607,METROPOLITANA,26008,Palmares,260870,PE - LAGOA DOS GATOS,14076
2,Nordeste,26,PE,Pernambuco,2605,VALE DO S.FRANCISCO E ARARIPE,26009,Petrolina,260875,PE - LAGOA GRANDE,24088
2,Nordeste,26,PE,Pernambuco,2608,AGRESTE,26004,Garanhuns,260880,PE - LAJEDO,39582
2,Nordeste,26,PE,Pernambuco,2607,METROPOLITANA,26006,Limoeiro,260890,PE - LIMOEIRO,56510
2,Nordeste,26,PE,Pernambuco,2607,METROPOLITANA,26005,Goiana,260900,PE - MACAPARANA,23879
2,Nordeste,26,PE,Pernambuco,2607,METROPOLITANA,26006,Limoeiro,260910,PE - MACHADOS,11284
2,Nordeste,26,PE,Pernambuco,2606,SERTAO,26002,Arcoverde,260915,PE - MANARI,25432
2,Nordeste,26,PE,Pernambuco,2607,METROPOLITANA,26008,Palmares,260920,PE - MARAIAL,9359
2,Nordeste,26,PE,Pernambuco,2605,VALE DO S.FRANCISCO E ARARIPE,26011,Salgueiro,260930,PE - MIRANDIBA,14166
2,Nordeste,26,PE,Pernambuco,2605,VALE DO S.FRANCISCO E ARARIPE,26007,Ouricuri,261430,PE - MOREILANDIA,10540
2,Nordeste,26,PE,Pernambuco,2607,METROPOLITANA,26010,Recife,260940,PE - MORENO,55292
2,Nordeste,26,PE,Pernambuco,2607,METROPOLITANA,26006,Limoeiro,260950,PE - NAZARE DA MATA,30648
2,Nordeste,26,PE,Pernambuco,2607,METROPOLITANA,26010,Recife,260960,PE - OLINDA,349976
2,Nordeste,26,PE,Pernambuco,2607,METROPOLITANA,26006,Limoeiro,260970,PE - OROBO,21841
2,Nordeste,26,PE,Pernambuco,2605,VALE DO S.FRANCISCO E ARARIPE,26009,Petrolina,260980,PE - OROCO,13613
2,Nordeste,26,PE,Pernambuco,2605,VALE DO S.FRANCISCO E ARARIPE,26007,Ouricuri,260990,PE - OURICURI,65245
2,Nordeste,26,PE,Pernambuco,2607,METROPOLITANA,26008,Palmares,261000,PE - PALMARES,54584
2,Nordeste,26,PE,Pernambuco,2608,AGRESTE,26004,Garanhuns,261010,PE - PALMEIRINA,7032
2,Nordeste,26,PE,Pernambuco,2608,AGRESTE,26003,Caruaru,261020,PE - PANELAS,22991
2,Nordeste,26,PE,Pernambuco,2608,AGRESTE,26004,Garanhuns,261030,PE - PARANATAMA,12199
2,Nordeste,26,PE,Pernambuco,2605,VALE DO S.FRANCISCO E ARARIPE,26007,Ouricuri,261040,PE - PARNAMIRIM,18612
2,Nordeste,26,PE,Pernambuco,2607,METROPOLITANA,26006,Limoeiro,261050,PE - PASSIRA,28340
2,Nordeste,26,PE,Pernambuco,2607,METROPOLITANA,26006,Limoeiro,261060,PE - PAUDALHO,56665
2,Nordeste,26,PE,Pernambuco,2607,METROPOLITANA,26010,Recife,261070,PE - PAULISTA,342167
2,Nordeste,26,PE,Pernambuco,2606,SERTAO,26002,Arcoverde,261080,PE - PEDRA,22795
2,Nordeste,26,PE,Pernambuco,2608,AGRESTE,26003,Caruaru,261090,PE - PESQUEIRA,62610
2,Nordeste,26,PE,Pernambuco,2606,SERTAO,26002,Arcoverde,261100,PE - PETROLANDIA,34161
2,Nordeste,26,PE,Pernambuco,2605,VALE DO S.FRANCISCO E ARARIPE,26009,Petrolina,261110,PE - PETROLINA,386791
2,Nordeste,26,PE,Pernambuco,2608,AGRESTE,26003,Caruaru,261120,PE - POCAO,10500
2,Nordeste,26,PE,Pernambuco,2607,METROPOLITANA,26010,Recife,261130,PE - POMBOS,27552
2,Nordeste,26,PE,Pernambuco,2607,METROPOLITANA,26008,Palmares,261140,PE - PRIMAVERA,13857
2,Nordeste,26,PE,Pernambuco,2607,METROPOLITANA,26008,Palmares,261150,PE - QUIPAPA,17928
2,Nordeste,26,PE,Pernambuco,2606,SERTAO,26001,Afogados da Ingazeira,261153,PE - QUIXABA,6554
2,Nordeste,26,PE,Pernambuco,2607,METROPOLITANA,26010,Recife,261160,PE - RECIFE,1488920
2,Nordeste,26,PE,Pernambuco,2608,AGRESTE,26003,Caruaru,261170,PE - RIACHO DAS ALMAS,20641
2,Nordeste,26,PE,Pernambuco,2607,METROPOLITANA,26008,Palmares,261180,PE - RIBEIRAO,33507
2,Nordeste,26,PE,Pernambuco,2607,METROPOLITANA,26008,Palmares,261190,PE - RIO FORMOSO,20009
2,Nordeste,26,PE,Pernambuco,2608,AGRESTE,26003,Caruaru,261200,PE - SAIRE,10887
2,Nordeste,26,PE,Pernambuco,2607,METROPOLITANA,26006,Limoeiro,261210,PE - SALGADINHO,5727
2,Nordeste,26,PE,Pernambuco,2605,VALE DO S.FRANCISCO E ARARIPE,26011,Salgueiro,261220,PE - SALGUEIRO,62372
2,Nordeste,26,PE,Pernambuco,2608,AGRESTE,26004,Garanhuns,261230,PE - SALOA,13836
2,Nordeste,26,PE,Pernambuco,2608,AGRESTE,26003,Caruaru,261240,PE - SANHARO,18624
2,Nordeste,26,PE,Pernambuco,2605,VALE DO S.FRANCISCO E ARARIPE,26007,Ouricuri,261245,PE - SANTA CRUZ,13841
2,Nordeste,26,PE,Pernambuco,2606,SERTAO,26012,Serra Talhada,261247,PE - SANTA CRUZ DA BAIXA VERDE,11567
2,Nordeste,26,PE,Pernambuco,2608,AGRESTE,26003,Caruaru,261250,PE - SANTA CRUZ DO CAPIBARIBE,98254
2,Nordeste,26,PE,Pernambuco,2605,VALE DO S.FRANCISCO E ARARIPE,26007,Ouricuri,261255,PE - SANTA FILOMENA,12106
2,Nordeste,26,PE,Pernambuco,2605,VALE DO S.FRANCISCO E ARARIPE,26009,Petrolina,261260,PE - SANTA MARIA DA BOA VISTA,40578
2,Nordeste,26,PE,Pernambuco,2608,AGRESTE,26003,Caruaru,261270,PE - SANTA MARIA DO CAMBUCA,14013
2,Nordeste,26,PE,Pernambuco,2606,SERTAO,26001,Afogados da Ingazeira,261280,PE - SANTA TEREZINHA,10244
2,Nordeste,26,PE,Pernambuco,2607,METROPOLITANA,26008,Palmares,261290,PE - SAO BENEDITO DO SUL,13113
2,Nordeste,26,PE,Pernambuco,2608,AGRESTE,26003,Caruaru,261300,PE - SAO BENTO DO UNA,49370
2,Nordeste,26,PE,Pernambuco,2608,AGRESTE,26003,Caruaru,261310,PE - SAO CAITANO,37126
2,Nordeste,26,PE,Pernambuco,2608,AGRESTE,26004,Garanhuns,261320,PE - SAO JOAO,23817
2,Nordeste,26,PE,Pernambuco,2608,AGRESTE,26003,Caruaru,261330,PE - SAO JOAQUIM DO MONTE,19854
2,Nordeste,26,PE,Pernambuco,2607,METROPOLITANA,26008,Palmares,261340,PE - SAO JOSE DA COROA GRANDE,18825
2,Nordeste,26,PE,Pernambuco,2606,SERTAO,26012,Serra Talhada,261350,PE - SAO JOSE DO BELMONTE,34843
2,Nordeste,26,PE,Pernambuco,2606,SERTAO,26001,Afogados da Ingazeira,261360,PE - SAO JOSE DO EGITO,31004
2,Nordeste,26,PE,Pernambuco,2607,METROPOLITANA,26010,Recife,261370,PE - SAO LOURENCO DA MATA,111249
2,Nordeste,26,PE,Pernambuco,2607,METROPOLITANA,26005,Goiana,261380,PE - SAO VICENTE FERRER,16677
2,Nordeste,26,PE,Pernambuco,2606,SERTAO,26012,Serra Talhada,261390,PE - SERRA TALHADA,92228
2,Nordeste,26,PE,Pernambuco,2605,VALE DO S.FRANCISCO E ARARIPE,26011,Salgueiro,261400,PE - SERRITA,18207
2,Nordeste,26,PE,Pernambuco,2606,SERTAO,26002,Arcoverde,261410,PE - SERTANIA,32729
2,Nordeste,26,PE,Pernambuco,2607,METROPOLITANA,26008,Palmares,261420,PE - SIRINHAEM,37596
2,Nordeste,26,PE,Pernambuco,2606,SERTAO,26001,Afogados da Ingazeira,261440,PE - SOLIDAO,5271
2,Nordeste,26,PE,Pernambuco,2607,METROPOLITANA,26006,Limoeiro,261450,PE - SURUBIM,64183
2,Nordeste,26,PE,Pernambuco,2606,SERTAO,26001,Afogados da Ingazeira,261460,PE - TABIRA,27623
2,Nordeste,26,PE,Pernambuco,2608,AGRESTE,26003,Caruaru,261470,PE - TACAIMBO,13738
2,Nordeste,26,PE,Pernambuco,2606,SERTAO,26002,Arcoverde,261480,PE - TACARATU,23902
2,Nordeste,26,PE,Pernambuco,2607,METROPOLITANA,26008,Palmares,261485,PE - TAMANDARE,23561
2,Nordeste,26,PE,Pernambuco,2608,AGRESTE,26003,Caruaru,261500,PE - TAQUARITINGA DO NORTE,24736
2,Nordeste,26,PE,Pernambuco,2608,AGRESTE,26004,Garanhuns,261510,PE - TEREZINHA,6653
2,Nordeste,26,PE,Pernambuco,2605,VALE DO S.FRANCISCO E ARARIPE,26011,Salgueiro,261520,PE - TERRA NOVA,8920
2,Nordeste,26,PE,Pernambuco,2607,METROPOLITANA,26005,Goiana,261530,PE - TIMBAUBA,46147
2,Nordeste,26,PE,Pernambuco,2608,AGRESTE,26003,Caruaru,261540,PE - TORITAMA,41137
2,Nordeste,26,PE,Pernambuco,2607,METROPOLITANA,26006,Limoeiro,261550,PE - TRACUNHAEM,13867
2,Nordeste,26,PE,Pernambuco,2605,VALE DO S.FRANCISCO E ARARIPE,26007,Ouricuri,261560,PE - TRINDADE,30321
2,Nordeste,26,PE,Pernambuco,2606,SERTAO,26012,Serra Talhada,261570,PE - TRIUNFO,14705
2,Nordeste,26,PE,Pernambuco,2606,SERTAO,26002,Arcoverde,261580,PE - TUPANATINGA,25536
2,Nordeste,26,PE,Pernambuco,2606,SERTAO,26001,Afogados da Ingazeira,261590,PE - TUPARETAMA,7985
2,Nordeste,26,PE,Pernambuco,2606,SERTAO,26002,Arcoverde,261600,PE - VENTUROSA,16872
2,Nordeste,26,PE,Pernambuco,2605,VALE DO S.FRANCISCO E ARARIPE,26011,Salgueiro,261610,PE - VERDEJANTE,9169
2,Nordeste,26,PE,Pernambuco,2607,METROPOLITANA,26006,Limoeiro,261618,PE - VERTENTE DO LERIO,7558
2,Nordeste,26,PE,Pernambuco,2608,AGRESTE,26003,Caruaru,261620,PE - VERTENTES,21959
2,Nordeste,26,PE,Pernambuco,2607,METROPOLITANA,26006,Limoeiro,261630,PE - VICENCIA,26355
2,Nordeste,26,PE,Pernambuco,2607,METROPOLITANA,26010,Recife,261640,PE - VITORIA DE SANTO ANTAO,134084
2,Nordeste,26,PE,Pernambuco,2607,METROPOLITANA,26008,Palmares,261650,PE - XEXEU,11611
2,Nordeste,22,PI,Piauí,2207,SEMI-ARIDO,22012,Chapada Vale do Rio Itaim,220005,PI - ACAUA,6420
2,Nordeste,22,PI,Piauí,2208,MEIO NORTE,22004,Entre Rios,220010,PI - AGRICOLANDIA,4940
2,Nordeste,22,PI,Piauí,2208,MEIO NORTE,22004,Entre Rios,220020,PI - AGUA BRANCA,17573
2,Nordeste,22,PI,Piauí,2207,SEMI-ARIDO,22009,Vale do Rio Guaribas,220025,PI - ALAGOINHA DO PIAUI,6819
2,Nordeste,22,PI,Piauí,2207,SEMI-ARIDO,22009,Vale do Rio Guaribas,220027,PI - ALEGRETE DO PIAUI,4634
2,Nordeste,22,PI,Piauí,2208,MEIO NORTE,22004,Entre Rios,220030,PI - ALTO LONGA,13479
2,Nordeste,22,PI,Piauí,2208,MEIO NORTE,22004,Entre Rios,220040,PI - ALTOS,47453
2,Nordeste,22,PI,Piauí,2210,CERRADOS,22002,Chapada das Mangabeiras,220045,PI - ALVORADA DO GURGUEIA,5322
2,Nordeste,22,PI,Piauí,2208,MEIO NORTE,22004,Entre Rios,220050,PI - AMARANTE,17234
2,Nordeste,22,PI,Piauí,2208,MEIO NORTE,22004,Entre Rios,220060,PI - ANGICAL DO PIAUI,6827
2,Nordeste,22,PI,Piauí,2210,CERRADOS,22006,Serra da Capivara,220070,PI - ANISIO DE ABREU,9407
2,Nordeste,22,PI,Piauí,2210,CERRADOS,22007,Tabuleiros do Alto Parnaiba,220080,PI - ANTONIO ALMEIDA,3152
2,Nordeste,22,PI,Piauí,2207,SEMI-ARIDO,22010,Vale do Sambito,220090,PI - AROAZES,5369
2,Nordeste,22,PI,Piauí,2207,SEMI-ARIDO,22009,Vale do Rio Guaribas,220095,PI - AROEIRAS DO ITAIM,2690
2,Nordeste,22,PI,Piauí,2210,CERRADOS,22011,Vale dos Rios Piaui e Itaueiras,220100,PI - ARRAIAL,4520
2,Nordeste,22,PI,Piauí,2208,MEIO NORTE,22001,Carnaubais,220105,PI - ASSUNCAO DO PIAUI,7452
2,Nordeste,22,PI,Piauí,2210,CERRADOS,22002,Chapada das Mangabeiras,220110,PI - AVELINO LOPES,10866
2,Nordeste,22,PI,Piauí,2210,CERRADOS,22007,Tabuleiros do Alto Parnaiba,220115,PI - BAIXA GRANDE DO RIBEIRO,13272
2,Nordeste,22,PI,Piauí,2207,SEMI-ARIDO,22010,Vale do Sambito,220117,PI - BARRA D'ALCANTARA,3995
2,Nordeste,22,PI,Piauí,2209,LITORAL,22003,Cocais,220120,PI - BARRAS,47938
2,Nordeste,22,PI,Piauí,2210,CERRADOS,22002,Chapada das Mangabeiras,220130,PI - BARREIRAS DO PIAUI,3264
2,Nordeste,22,PI,Piauí,2208,MEIO NORTE,22004,Entre Rios,220140,PI - BARRO DURO,6640
2,Nordeste,22,PI,Piauí,2209,LITORAL,22003,Cocais,220150,PI - BATALHA,26300
2,Nordeste,22,PI,Piauí,2207,SEMI-ARIDO,22008,Vale do Caninde,220155,PI - BELA VISTA DO PIAUI,4091
2,Nordeste,22,PI,Piauí,2207,SEMI-ARIDO,22012,Chapada Vale do Rio Itaim,220157,PI - BELEM DO PIAUI,3423
2,Nordeste,22,PI,Piauí,2208,MEIO NORTE,22004,Entre Rios,220160,PI - BENEDITINOS,9929
2,Nordeste,22,PI,Piauí,2210,CERRADOS,22011,Vale dos Rios Piaui e Itaueiras,220170,PI - BERTOLINIA,5562
2,Nordeste,22,PI,Piauí,2207,SEMI-ARIDO,22012,Chapada Vale do Rio Itaim,220173,PI - BETANIA DO PIAUI,6220
2,Nordeste,22,PI,Piauí,2208,MEIO NORTE,22001,Carnaubais,220177,PI - BOA HORA,6902
2,Nordeste,22,PI,Piauí,2207,SEMI-ARIDO,22009,Vale do Rio Guaribas,220180,PI - BOCAINA,4078
2,Nordeste,22,PI,Piauí,2210,CERRADOS,22002,Chapada das Mangabeiras,220190,PI - BOM JESUS,28796
2,Nordeste,22,PI,Piauí,2209,LITORAL,22005,Planicie Litoranea,220191,PI - BOM PRINCIPIO DO PIAUI,5636
2,Nordeste,22,PI,Piauí,2210,CERRADOS,22006,Serra da Capivara,220192,PI - BONFIM DO PIAUI,5913
2,Nordeste,22,PI,Piauí,2208,MEIO NORTE,22001,Carnaubais,220194,PI - BOQUEIRAO DO PIAUI,6545
2,Nordeste,22,PI,Piauí,2209,LITORAL,22003,Cocais,220196,PI - BRASILEIRA,8436
2,Nordeste,22,PI,Piauí,2210,CERRADOS,22011,Vale dos Rios Piaui e Itaueiras,220198,PI - BREJO DO PIAUI,3904
2,Nordeste,22,PI,Piauí,2209,LITORAL,22005,Planicie Litoranea,220200,PI - BURITI DOS LOPES,19654
2,Nordeste,22,PI,Piauí,2208,MEIO NORTE,22001,Carnaubais,220202,PI - BURITI DOS MONTES,7434
2,Nordeste,22,PI,Piauí,2208,MEIO NORTE,22001,Carnaubais,220205,PI - CABECEIRAS DO PIAUI,10212
2,Nordeste,22,PI,Piauí,2207,SEMI-ARIDO,22008,Vale do Caninde,220207,PI - CAJAZEIRAS DO PIAUI,3108
2,Nordeste,22,PI,Piauí,2209,LITORAL,22005,Planicie Litoranea,220208,PI - CAJUEIRO DA PRAIA,7957
2,Nordeste,22,PI,Piauí,2207,SEMI-ARIDO,22012,Chapada Vale do Rio Itaim,220209,PI - CALDEIRAO GRANDE DO PIAUI,5503
2,Nordeste,22,PI,Piauí,2207,SEMI-ARIDO,22008,Vale do Caninde,220210,PI - CAMPINAS DO PIAUI,4938
2,Nordeste,22,PI,Piauí,2210,CERRADOS,22006,Serra da Capivara,220211,PI - CAMPO ALEGRE DO FIDALGO,4616
2,Nordeste,22,PI,Piauí,2207,SEMI-ARIDO,22009,Vale do Rio Guaribas,220213,PI - CAMPO GRANDE DO PIAUI,6020
2,Nordeste,22,PI,Piauí,2209,LITORAL,22003,Cocais,220217,PI - CAMPO LARGO DO PIAUI,7419
2,Nordeste,22,PI,Piauí,2208,MEIO NORTE,22001,Carnaubais,220220,PI - CAMPO MAIOR,45793
2,Nordeste,22,PI,Piauí,2210,CERRADOS,22011,Vale dos Rios Piaui e Itaueiras,220225,PI - CANAVIEIRA,3414
2,Nordeste,22,PI,Piauí,2210,CERRADOS,22011,Vale dos Rios Piaui e Itaueiras,220230,PI - CANTO DO BURITI,19365
2,Nordeste,22,PI,Piauí,2209,LITORAL,22003,Cocais,220240,PI - CAPITAO DE CAMPOS,11100
2,Nordeste,22,PI,Piauí,2210,CERRADOS,22006,Serra da Capivara,220245,PI - CAPITAO GERVASIO OLIVEIRA,3974
2,Nordeste,22,PI,Piauí,2210,CERRADOS,22006,Serra da Capivara,220250,PI - CARACOL,10318
2,Nordeste,22,PI,Piauí,2209,LITORAL,22005,Planicie Litoranea,220253,PI - CARAUBAS DO PIAUI,5630
2,Nordeste,22,PI,Piauí,2207,SEMI-ARIDO,22012,Chapada Vale do Rio Itaim,220255,PI - CARIDADE DO PIAUI,5033
2,Nordeste,22,PI,Piauí,2208,MEIO NORTE,22001,Carnaubais,220260,PI - CASTELO DO PIAUI,19288
2,Nordeste,22,PI,Piauí,2209,LITORAL,22005,Planicie Litoranea,220265,PI - CAXINGO,5496
2,Nordeste,22,PI,Piauí,2209,LITORAL,22005,Planicie Litoranea,220270,PI - COCAL,28212
2,Nordeste,22,PI,Piauí,2208,MEIO NORTE,22001,Carnaubais,220271,PI - COCAL DE TELHA,4911
2,Nordeste,22,PI,Piauí,2209,LITORAL,22005,Planicie Litoranea,220272,PI - COCAL DOS ALVES,6386
2,Nordeste,22,PI,Piauí,2208,MEIO NORTE,22004,Entre Rios,220273,PI - COIVARAS,4117
2,Nordeste,22,PI,Piauí,2210,CERRADOS,22011,Vale dos Rios Piaui e Itaueiras,220275,PI - COLONIA DO GURGUEIA,6150
2,Nordeste,22,PI,Piauí,2207,SEMI-ARIDO,22008,Vale do Caninde,220277,PI - COLONIA DO PIAUI,6994
2,Nordeste,22,PI,Piauí,2207,SEMI-ARIDO,22008,Vale do Caninde,220280,PI - CONCEICAO DO CANINDE,4932
2,Nordeste,22,PI,Piauí,2210,CERRADOS,22006,Serra da Capivara,220285,PI - CORONEL JOSE DIAS,4250
2,Nordeste,22,PI,Piauí,2210,CERRADOS,22002,Chapada das Mangabeiras,220290,PI - CORRENTE,27278
2,Nordeste,22,PI,Piauí,2210,CERRADOS,22002,Chapada das Mangabeiras,220300,PI - CRISTALANDIA DO PIAUI,7356
2,Nordeste,22,PI,Piauí,2210,CERRADOS,22002,Chapada das Mangabeiras,220310,PI - CRISTINO CASTRO,10503
2,Nordeste,22,PI,Piauí,2210,CERRADOS,22002,Chapada das Mangabeiras,220320,PI - CURIMATA,11270
2,Nordeste,22,PI,Piauí,2210,CERRADOS,22002,Chapada das Mangabeiras,220323,PI - CURRAIS,4854
2,Nordeste,22,PI,Piauí,2207,SEMI-ARIDO,22012,Chapada Vale do Rio Itaim,220327,PI - CURRAL NOVO DO PIAUI,5073
2,Nordeste,22,PI,Piauí,2208,MEIO NORTE,22004,Entre Rios,220325,PI - CURRALINHOS,4413
2,Nordeste,22,PI,Piauí,2208,MEIO NORTE,22004,Entre Rios,220330,PI - DEMERVAL LOBAO,16352
2,Nordeste,22,PI,Piauí,2210,CERRADOS,22006,Serra da Capivara,220335,PI - DIRCEU ARCOVERDE,7054
2,Nordeste,22,PI,Piauí,2207,SEMI-ARIDO,22009,Vale do Rio Guaribas,220340,PI - DOM EXPEDITO LOPES,6320
2,Nordeste,22,PI,Piauí,2210,CERRADOS,22006,Serra da Capivara,220345,PI - DOM INOCENCIO,9159
2,Nordeste,22,PI,Piauí,2209,LITORAL,22003,Cocais,220342,PI - DOMINGOS MOURAO,4075
2,Nordeste,22,PI,Piauí,2207,SEMI-ARIDO,22010,Vale do Sambito,220350,PI - ELESBAO VELOSO,13607
2,Nordeste,22,PI,Piauí,2210,CERRADOS,22011,Vale dos Rios Piaui e Itaueiras,220360,PI - ELISEU MARTINS,4377
2,Nordeste,22,PI,Piauí,2209,LITORAL,22003,Cocais,220370,PI - ESPERANTINA,40970
2,Nordeste,22,PI,Piauí,2210,CERRADOS,22006,Serra da Capivara,220375,PI - FARTURA DO PIAUI,5284
2,Nordeste,22,PI,Piauí,2210,CERRADOS,22011,Vale dos Rios Piaui e Itaueiras,220380,PI - FLORES DO PIAUI,4414
2,Nordeste,22,PI,Piauí,2207,SEMI-ARIDO,22008,Vale do Caninde,220385,PI - FLORESTA DO PIAUI,2333
2,Nordeste,22,PI,Piauí,2210,CERRADOS,22011,Vale dos Rios Piaui e Itaueiras,220390,PI - FLORIANO,62036
2,Nordeste,22,PI,Piauí,2207,SEMI-ARIDO,22010,Vale do Sambito,220400,PI - FRANCINOPOLIS,4505
2,Nordeste,22,PI,Piauí,2210,CERRADOS,22011,Vale dos Rios Piaui e Itaueiras,220410,PI - FRANCISCO AYRES,4412
2,Nordeste,22,PI,Piauí,2207,SEMI-ARIDO,22012,Chapada Vale do Rio Itaim,220415,PI - FRANCISCO MACEDO,2929
2,Nordeste,22,PI,Piauí,2207,SEMI-ARIDO,22009,Vale do Rio Guaribas,220420,PI - FRANCISCO SANTOS,8237
2,Nordeste,22,PI,Piauí,2207,SEMI-ARIDO,22009,Vale do Rio Guaribas,220430,PI - FRONTEIRAS,10259
2,Nordeste,22,PI,Piauí,2207,SEMI-ARIDO,22009,Vale do Rio Guaribas,220435,PI - GEMINIANO,5445
2,Nordeste,22,PI,Piauí,2210,CERRADOS,22002,Chapada das Mangabeiras,220440,PI - GILBUES,10892
2,Nordeste,22,PI,Piauí,2210,CERRADOS,22011,Vale dos Rios Piaui e Itaueiras,220450,PI - GUADALUPE,10270
2,Nordeste,22,PI,Piauí,2210,CERRADOS,22006,Serra da Capivara,220455,PI - GUARIBAS,4276
2,Nordeste,22,PI,Piauí,2208,MEIO NORTE,22004,Entre Rios,220460,PI - HUGO NAPOLEAO,3518
2,Nordeste,22,PI,Piauí,2209,LITORAL,22005,Planicie Litoranea,220465,PI - ILHA GRANDE,9274
2,Nordeste,22,PI,Piauí,2207,SEMI-ARIDO,22010,Vale do Sambito,220470,PI - INHUMA,14958
2,Nordeste,22,PI,Piauí,2207,SEMI-ARIDO,22009,Vale do Rio Guaribas,220480,PI - IPIRANGA DO PIAUI,9420
2,Nordeste,22,PI,Piauí,2207,SEMI-ARIDO,22008,Vale do Caninde,220490,PI - ISAIAS COELHO,7774
2,Nordeste,22,PI,Piauí,2207,SEMI-ARIDO,22009,Vale do Rio Guaribas,220500,PI - ITAINOPOLIS,10790
2,Nordeste,22,PI,Piauí,2210,CERRADOS,22011,Vale dos Rios Piaui e Itaueiras,220510,PI - ITAUEIRA,10323
2,Nordeste,22,PI,Piauí,2207,SEMI-ARIDO,22012,Chapada Vale do Rio Itaim,220515,PI - JACOBINA DO PIAUI,5613
2,Nordeste,22,PI,Piauí,2207,SEMI-ARIDO,22012,Chapada Vale do Rio Itaim,220520,PI - JAICOS,17527
2,Nordeste,22,PI,Piauí,2208,MEIO NORTE,22004,Entre Rios,220525,PI - JARDIM DO MULATO,4180
2,Nordeste,22,PI,Piauí,2208,MEIO NORTE,22001,Carnaubais,220527,PI - JATOBA DO PIAUI,4494
2,Nordeste,22,PI,Piauí,2210,CERRADOS,22011,Vale dos Rios Piaui e Itaueiras,220530,PI - JERUMENHA,4497
2,Nordeste,22,PI,Piauí,2210,CERRADOS,22006,Serra da Capivara,220535,PI - JOAO COSTA,2970
2,Nordeste,22,PI,Piauí,2209,LITORAL,22003,Cocais,220540,PI - JOAQUIM PIRES,13886
2,Nordeste,22,PI,Piauí,2209,LITORAL,22003,Cocais,220545,PI - JOCA MARQUES,5394
2,Nordeste,22,PI,Piauí,2208,MEIO NORTE,22004,Entre Rios,220550,PI - JOSE DE FREITAS,42559
2,Nordeste,22,PI,Piauí,2208,MEIO NORTE,22001,Carnaubais,220551,PI - JUAZEIRO DO PIAUI,5214
2,Nordeste,22,PI,Piauí,2210,CERRADOS,22002,Chapada das Mangabeiras,220552,PI - JULIO BORGES,5388
2,Nordeste,22,PI,Piauí,2210,CERRADOS,22006,Serra da Capivara,220553,PI - JUREMA,4425
2,Nordeste,22,PI,Piauí,2208,MEIO NORTE,22004,Entre Rios,220555,PI - LAGOA ALEGRE,8256
2,Nordeste,22,PI,Piauí,2209,LITORAL,22003,Cocais,220557,PI - LAGOA DE SAO FRANCISCO,6331
2,Nordeste,22,PI,Piauí,2210,CERRADOS,22006,Serra da Capivara,220556,PI - LAGOA DO BARRO DO PIAUI,4995
2,Nordeste,22,PI,Piauí,2208,MEIO NORTE,22004,Entre Rios,220558,PI - LAGOA DO PIAUI,4810
2,Nordeste,22,PI,Piauí,2207,SEMI-ARIDO,22010,Vale do Sambito,220559,PI - LAGOA DO SITIO,4520
2,Nordeste,22,PI,Piauí,2208,MEIO NORTE,22004,Entre Rios,220554,PI - LAGOINHA DO PIAUI,2939
2,Nordeste,22,PI,Piauí,2210,CERRADOS,22011,Vale dos Rios Piaui e Itaueiras,220560,PI - LANDRI SALES,5213
2,Nordeste,22,PI,Piauí,2209,LITORAL,22005,Planicie Litoranea,220570,PI - LUIS CORREIA,30641
2,Nordeste,22,PI,Piauí,2209,LITORAL,22003,Cocais,220580,PI - LUZILANDIA,25375
2,Nordeste,22,PI,Piauí,2209,LITORAL,22003,Cocais,220585,PI - MADEIRO,8032
2,Nordeste,22,PI,Piauí,2210,CERRADOS,22011,Vale dos Rios Piaui e Itaueiras,220590,PI - MANOEL EMIDIO,5209
2,Nordeste,22,PI,Piauí,2207,SEMI-ARIDO,22012,Chapada Vale do Rio Itaim,220595,PI - MARCOLANDIA,8533
2,Nordeste,22,PI,Piauí,2210,CERRADOS,22011,Vale dos Rios Piaui e Itaueiras,220600,PI - MARCOS PARENTE,4724
2,Nordeste,22,PI,Piauí,2207,SEMI-ARIDO,22012,Chapada Vale do Rio Itaim,220605,PI - MASSAPE DO PIAUI,5218
2,Nordeste,22,PI,Piauí,2209,LITORAL,22003,Cocais,220610,PI - MATIAS OLIMPIO,10641
2,Nordeste,22,PI,Piauí,2208,MEIO NORTE,22004,Entre Rios,220620,PI - MIGUEL ALVES,32150
2,Nordeste,22,PI,Piauí,2208,MEIO NORTE,22004,Entre Rios,220630,PI - MIGUEL LEAO,1318
2,Nordeste,22,PI,Piauí,2209,LITORAL,22003,Cocais,220635,PI - MILTON BRANDAO,6542
2,Nordeste,22,PI,Piauí,2208,MEIO NORTE,22004,Entre Rios,220640,PI - MONSENHOR GIL,10255
2,Nordeste,22,PI,Piauí,2207,SEMI-ARIDO,22009,Vale do Rio Guaribas,220650,PI - MONSENHOR HIPOLITO,7577
2,Nordeste,22,PI,Piauí,2210,CERRADOS,22002,Chapada das Mangabeiras,220660,PI - MONTE ALEGRE DO PIAUI,10660
2,Nordeste,22,PI,Piauí,2210,CERRADOS,22002,Chapada das Mangabeiras,220665,PI - MORRO CABECA NO TEMPO,4377
2,Nordeste,22,PI,Piauí,2209,LITORAL,22003,Cocais,220667,PI - MORRO DO CHAPEU DO PIAUI,6425
2,Nordeste,22,PI,Piauí,2209,LITORAL,22005,Planicie Litoranea,220669,PI - MURICI DOS PORTELAS,9797
2,Nordeste,22,PI,Piauí,2210,CERRADOS,22011,Vale dos Rios Piaui e Itaueiras,220670,PI - NAZARE DO PIAUI,6665
2,Nordeste,22,PI,Piauí,2208,MEIO NORTE,22004,Entre Rios,220672,PI - NAZARIA,10262
2,Nordeste,22,PI,Piauí,2208,MEIO NORTE,22001,Carnaubais,220675,PI - NOSSA SENHORA DE NAZARE,5228
2,Nordeste,22,PI,Piauí,2209,LITORAL,22003,Cocais,220680,PI - NOSSA SENHORA DOS REMEDIOS,8525
2,Nordeste,22,PI,Piauí,2210,CERRADOS,22006,Serra da Capivara,220795,PI - NOVA SANTA RITA,4076
2,Nordeste,22,PI,Piauí,2207,SEMI-ARIDO,22010,Vale do Sambito,220690,PI - NOVO ORIENTE DO PIAUI,6097
2,Nordeste,22,PI,Piauí,2208,MEIO NORTE,22001,Carnaubais,220695,PI - NOVO SANTO ANTONIO,2827
2,Nordeste,22,PI,Piauí,2207,SEMI-ARIDO,22008,Vale do Caninde,220700,PI - OEIRAS,38161
2,Nordeste,22,PI,Piauí,2208,MEIO NORTE,22004,Entre Rios,220710,PI - OLHO D'AGUA DO PIAUI,2637
2,Nordeste,22,PI,Piauí,2207,SEMI-ARIDO,22012,Chapada Vale do Rio Itaim,220720,PI - PADRE MARCOS,6382
2,Nordeste,22,PI,Piauí,2210,CERRADOS,22011,Vale dos Rios Piaui e Itaueiras,220730,PI - PAES LANDIM,4088
2,Nordeste,22,PI,Piauí,2210,CERRADOS,22011,Vale dos Rios Piaui e Itaueiras,220735,PI - PAJEU DO PIAUI,3000
2,Nordeste,22,PI,Piauí,2210,CERRADOS,22002,Chapada das Mangabeiras,220740,PI - PALMEIRA DO PIAUI,4952
2,Nordeste,22,PI,Piauí,2208,MEIO NORTE,22004,Entre Rios,220750,PI - PALMEIRAIS,13264
2,Nordeste,22,PI,Piauí,2207,SEMI-ARIDO,22009,Vale do Rio Guaribas,220755,PI - PAQUETA,3813
2,Nordeste,22,PI,Piauí,2210,CERRADOS,22002,Chapada das Mangabeiras,220760,PI - PARNAGUA,10103
2,Nordeste,22,PI,Piauí,2209,LITORAL,22005,Planicie Litoranea,220770,PI - PARNAIBA,162159
2,Nordeste,22,PI,Piauí,2208,MEIO NORTE,22004,Entre Rios,220775,PI - PASSAGEM FRANCA DO PIAUI,4135
2,Nordeste,22,PI,Piauí,2207,SEMI-ARIDO,22012,Chapada Vale do Rio Itaim,220777,PI - PATOS DO PIAUI,5425
2,Nordeste,22,PI,Piauí,2208,MEIO NORTE,22004,Entre Rios,220779,PI - PAU D'ARCO DO PIAUI,3880
2,Nordeste,22,PI,Piauí,2207,SEMI-ARIDO,22012,Chapada Vale do Rio Itaim,220780,PI - PAULISTANA,21055
2,Nordeste,22,PI,Piauí,2210,CERRADOS,22011,Vale dos Rios Piaui e Itaueiras,220785,PI - PAVUSSU,3628
2,Nordeste,22,PI,Piauí,2209,LITORAL,22003,Cocais,220790,PI - PEDRO II,37894
2,Nordeste,22,PI,Piauí,2210,CERRADOS,22006,Serra da Capivara,220793,PI - PEDRO LAURENTINO,2458
2,Nordeste,22,PI,Piauí,2207,SEMI-ARIDO,22009,Vale do Rio Guaribas,220800,PI - PICOS,83090
2,Nordeste,22,PI,Piauí,2207,SEMI-ARIDO,22010,Vale do Sambito,220810,PI - PIMENTEIRAS,11341
2,Nordeste,22,PI,Piauí,2207,SEMI-ARIDO,22009,Vale do Rio Guaribas,220820,PI - PIO IX,17613
2,Nordeste,22,PI,Piauí,2209,LITORAL,22003,Cocais,220830,PI - PIRACURUCA,28846
2,Nordeste,22,PI,Piauí,2209,LITORAL,22003,Cocais,220840,PI - PIRIPIRI,65538
2,Nordeste,22,PI,Piauí,2209,LITORAL,22003,Cocais,220850,PI - PORTO,12052
2,Nordeste,22,PI,Piauí,2210,CERRADOS,22011,Vale dos Rios Piaui e Itaueiras,220855,PI - PORTO ALEGRE DO PIAUI,2364
2,Nordeste,22,PI,Piauí,2207,SEMI-ARIDO,22010,Vale do Sambito,220860,PI - PRATA DO PIAUI,3042
2,Nordeste,22,PI,Piauí,2207,SEMI-ARIDO,22012,Chapada Vale do Rio Itaim,220865,PI - QUEIMADA NOVA,8738
2,Nordeste,22,PI,Piauí,2210,CERRADOS,22002,Chapada das Mangabeiras,220870,PI - REDENCAO DO GURGUEIA,8394
2,Nordeste,22,PI,Piauí,2208,MEIO NORTE,22004,Entre Rios,220880,PI - REGENERACAO,17133
2,Nordeste,22,PI,Piauí,2210,CERRADOS,22002,Chapada das Mangabeiras,220885,PI - RIACHO FRIO,4165
2,Nordeste,22,PI,Piauí,2210,CERRADOS,22011,Vale dos Rios Piaui e Itaueiras,220887,PI - RIBEIRA DO PIAUI,4055
2,Nordeste,22,PI,Piauí,2210,CERRADOS,22007,Tabuleiros do Alto Parnaiba,220890,PI - RIBEIRO GONCALVES,6164
2,Nordeste,22,PI,Piauí,2210,CERRADOS,22011,Vale dos Rios Piaui e Itaueiras,220900,PI - RIO GRANDE DO PIAUI,5801
2,Nordeste,22,PI,Piauí,2207,SEMI-ARIDO,22009,Vale do Rio Guaribas,220910,PI - SANTA CRUZ DO PIAUI,5831
2,Nordeste,22,PI,Piauí,2207,SEMI-ARIDO,22010,Vale do Sambito,220915,PI - SANTA CRUZ DOS MILAGRES,3435
2,Nordeste,22,PI,Piauí,2210,CERRADOS,22002,Chapada das Mangabeiras,220920,PI - SANTA FILOMENA,6087
2,Nordeste,22,PI,Piauí,2210,CERRADOS,22002,Chapada das Mangabeiras,220930,PI - SANTA LUZ,5336
2,Nordeste,22,PI,Piauí,2207,SEMI-ARIDO,22008,Vale do Caninde,220937,PI - SANTA ROSA DO PIAUI,4650
2,Nordeste,22,PI,Piauí,2207,SEMI-ARIDO,22009,Vale do Rio Guaribas,220935,PI - SANTANA DO PIAUI,4125
2,Nordeste,22,PI,Piauí,2207,SEMI-ARIDO,22009,Vale do Rio Guaribas,220940,PI - SANTO ANTONIO DE LISBOA,5839
2,Nordeste,22,PI,Piauí,2208,MEIO NORTE,22004,Entre Rios,220945,PI - SANTO ANTONIO DOS MILAGRES,2138
2,Nordeste,22,PI,Piauí,2207,SEMI-ARIDO,22008,Vale do Caninde,220950,PI - SANTO INACIO DO PIAUI,3646
2,Nordeste,22,PI,Piauí,2210,CERRADOS,22006,Serra da Capivara,220955,PI - SAO BRAZ DO PIAUI,4358
2,Nordeste,22,PI,Piauí,2207,SEMI-ARIDO,22010,Vale do Sambito,220960,PI - SAO FELIX DO PIAUI,2842
2,Nordeste,22,PI,Piauí,2207,SEMI-ARIDO,22008,Vale do Caninde,220965,PI - SAO FRANCISCO DE ASSIS DO PIAUI,5572
2,Nordeste,22,PI,Piauí,2210,CERRADOS,22011,Vale dos Rios Piaui e Itaueiras,220970,PI - SAO FRANCISCO DO PIAUI,5392
2,Nordeste,22,PI,Piauí,2210,CERRADOS,22002,Chapada das Mangabeiras,220975,PI - SAO GONCALO DO GURGUEIA,2947
2,Nordeste,22,PI,Piauí,2208,MEIO NORTE,22004,Entre Rios,220980,PI - SAO GONCALO DO PIAUI,4837
2,Nordeste,22,PI,Piauí,2207,SEMI-ARIDO,22009,Vale do Rio Guaribas,220985,PI - SAO JOAO DA CANABRAVA,4242
2,Nordeste,22,PI,Piauí,2209,LITORAL,22003,Cocais,220987,PI - SAO JOAO DA FRONTEIRA,5522
2,Nordeste,22,PI,Piauí,2208,MEIO NORTE,22001,Carnaubais,220990,PI - SAO JOAO DA SERRA,6114
2,Nordeste,22,PI,Piauí,2207,SEMI-ARIDO,22008,Vale do Caninde,220995,PI - SAO JOAO DA VARJOTA,4383
2,Nordeste,22,PI,Piauí,2209,LITORAL,22003,Cocais,220997,PI - SAO JOAO DO ARRAIAL,8186
2,Nordeste,22,PI,Piauí,2210,CERRADOS,22006,Serra da Capivara,221000,PI - SAO JOAO DO PIAUI,21421
2,Nordeste,22,PI,Piauí,2209,LITORAL,22003,Cocais,221005,PI - SAO JOSE DO DIVINO,4841
2,Nordeste,22,PI,Piauí,2210,CERRADOS,22011,Vale dos Rios Piaui e Itaueiras,221010,PI - SAO JOSE DO PEIXE,3297
2,Nordeste,22,PI,Piauí,2207,SEMI-ARIDO,22009,Vale do Rio Guaribas,221020,PI - SAO JOSE DO PIAUI,6597
2,Nordeste,22,PI,Piauí,2207,SEMI-ARIDO,22009,Vale do Rio Guaribas,221030,PI - SAO JULIAO,6025
2,Nordeste,22,PI,Piauí,2210,CERRADOS,22006,Serra da Capivara,221035,PI - SAO LOURENCO DO PIAUI,4410
2,Nordeste,22,PI,Piauí,2207,SEMI-ARIDO,22009,Vale do Rio Guaribas,221037,PI - SAO LUIS DO PIAUI,2309
2,Nordeste,22,PI,Piauí,2207,SEMI-ARIDO,22010,Vale do Sambito,221038,PI - SAO MIGUEL DA BAIXA GRANDE,2269
2,Nordeste,22,PI,Piauí,2210,CERRADOS,22011,Vale dos Rios Piaui e Itaueiras,221039,PI - SAO MIGUEL DO FIDALGO,2829
2,Nordeste,22,PI,Piauí,2208,MEIO NORTE,22001,Carnaubais,221040,PI - SAO MIGUEL DO TAPUIO,17554
2,Nordeste,22,PI,Piauí,2208,MEIO NORTE,22004,Entre Rios,221050,PI - SAO PEDRO DO PIAUI,13755
2,Nordeste,22,PI,Piauí,2210,CERRADOS,22006,Serra da Capivara,221060,PI - SAO RAIMUNDO NONATO,38934
2,Nordeste,22,PI,Piauí,2210,CERRADOS,22002,Chapada das Mangabeiras,221062,PI - SEBASTIAO BARROS,3202
2,Nordeste,22,PI,Piauí,2210,CERRADOS,22007,Tabuleiros do Alto Parnaiba,221063,PI - SEBASTIAO LEAL,4446
2,Nordeste,22,PI,Piauí,2208,MEIO NORTE,22001,Carnaubais,221065,PI - SIGEFREDO PACHECO,9460
2,Nordeste,22,PI,Piauí,2207,SEMI-ARIDO,22012,Chapada Vale do Rio Itaim,221070,PI - SIMOES,14350
2,Nordeste,22,PI,Piauí,2207,SEMI-ARIDO,22008,Vale do Caninde,221080,PI - SIMPLICIO MENDES,13870
2,Nordeste,22,PI,Piauí,2210,CERRADOS,22011,Vale dos Rios Piaui e Itaueiras,221090,PI - SOCORRO DO PIAUI,4141
2,Nordeste,22,PI,Piauí,2207,SEMI-ARIDO,22009,Vale do Rio Guaribas,221093,PI - SUSSUAPARA,6220
2,Nordeste,22,PI,Piauí,2210,CERRADOS,22011,Vale dos Rios Piaui e Itaueiras,221095,PI - TAMBORIL DO PIAUI,2949
2,Nordeste,22,PI,Piauí,2207,SEMI-ARIDO,22008,Vale do Caninde,221097,PI - TANQUE DO PIAUI,2316
2,Nordeste,22,PI,Piauí,2208,MEIO NORTE,22004,Entre Rios,221100,PI - TERESINA,866300
2,Nordeste,22,PI,Piauí,2208,MEIO NORTE,22004,Entre Rios,221110,PI - UNIAO,46119
2,Nordeste,22,PI,Piauí,2210,CERRADOS,22007,Tabuleiros do Alto Parnaiba,221120,PI - URUCUI,25203
2,Nordeste,22,PI,Piauí,2207,SEMI-ARIDO,22010,Vale do Sambito,221130,PI - VALENCA DO PIAUI,22279
2,Nordeste,22,PI,Piauí,2210,CERRADOS,22006,Serra da Capivara,221135,PI - VARZEA BRANCA,5055
2,Nordeste,22,PI,Piauí,2207,SEMI-ARIDO,22010,Vale do Sambito,221140,PI - VARZEA GRANDE,4417
2,Nordeste,22,PI,Piauí,2207,SEMI-ARIDO,22009,Vale do Rio Guaribas,221150,PI - VERA MENDES,3185
2,Nordeste,22,PI,Piauí,2207,SEMI-ARIDO,22009,Vale do Rio Guaribas,221160,PI - VILA NOVA DO PIAUI,2935
2,Nordeste,22,PI,Piauí,2207,SEMI-ARIDO,22009,Vale do Rio Guaribas,221170,PI - WALL FERRAZ,4059
4,Sul,41,PR,Paraná,4105,MACRORREGIONAL NORTE,41018,18ª Rs Cornelio Procopio,410010,PR - ABATIA,7241
4,Sul,41,PR,Paraná,4107,MACRORREGIONAL LESTE,41002,2ª Rs Metropolitana,410020,PR - ADRIANOPOLIS,6256
4,Sul,41,PR,Paraná,4107,MACRORREGIONAL LESTE,41002,2ª Rs Metropolitana,410030,PR - AGUDOS DO SUL,10233
4,Sul,41,PR,Paraná,4107,MACRORREGIONAL LESTE,41002,2ª Rs Metropolitana,410040,PR - ALMIRANTE TAMANDARE,119825
4,Sul,41,PR,Paraná,4106,MACRORREGIONAL NOROESTE,41011,11ª Rs Campo Mourao,410045,PR - ALTAMIRA DO PARANA,3590
4,Sul,41,PR,Paraná,4106,MACRORREGIONAL NOROESTE,41012,12ª Rs Umuarama,412862,PR - ALTO PARAISO,3055
4,Sul,41,PR,Paraná,4106,MACRORREGIONAL NOROESTE,41014,14ª Rs Paranavai,410060,PR - ALTO PARANA,13909
4,Sul,41,PR,Paraná,4106,MACRORREGIONAL NOROESTE,41012,12ª Rs Umuarama,410070,PR - ALTO PIQUIRI,9727
4,Sul,41,PR,Paraná,4106,MACRORREGIONAL NOROESTE,41012,12ª Rs Umuarama,410050,PR - ALTONIA,18742
4,Sul,41,PR,Paraná,4105,MACRORREGIONAL NORTE,41017,17ª Rs Londrina,410080,PR - ALVORADA DO SUL,10326
4,Sul,41,PR,Paraná,4106,MACRORREGIONAL NOROESTE,41014,14ª Rs Paranavai,410090,PR - AMAPORA,4762
4,Sul,41,PR,Paraná,4108,MACRORREGIAO OESTE,41008,8ª Rs Francisco Beltrao,410100,PR - AMPERE,19620
4,Sul,41,PR,Paraná,4108,MACRORREGIAO OESTE,41010,10ª Rs Cascavel,410105,PR - ANAHY,2918
4,Sul,41,PR,Paraná,4105,MACRORREGIONAL NORTE,41018,18ª Rs Cornelio Procopio,410110,PR - ANDIRA,19878
4,Sul,41,PR,Paraná,4106,MACRORREGIONAL NOROESTE,41015,15ª Rs Maringa,410115,PR - ANGULO,3235
4,Sul,41,PR,Paraná,4107,MACRORREGIONAL LESTE,41001,1ª Rs Paranagua,410120,PR - ANTONINA,18091
4,Sul,41,PR,Paraná,4107,MACRORREGIONAL LESTE,41006,6ª Rs Uniao da Vitoria,410130,PR - ANTONIO OLINTO,7018
4,Sul,41,PR,Paraná,4105,MACRORREGIONAL NORTE,41016,16ª Rs Apucarana,410140,PR - APUCARANA,130134
4,Sul,41,PR,Paraná,4105,MACRORREGIONAL NORTE,41016,16ª Rs Apucarana,410150,PR - ARAPONGAS,119138
4,Sul,41,PR,Paraná,4107,MACRORREGIONAL LESTE,41003,3ª Rs Ponta Grossa,410160,PR - ARAPOTI,25777
4,Sul,41,PR,Paraná,4105,MACRORREGIONAL NORTE,41022,22ª Rs Ivaipora,410165,PR - ARAPUA,3527
4,Sul,41,PR,Paraná,4106,MACRORREGIONAL NOROESTE,41011,11ª Rs Campo Mourao,410170,PR - ARARUNA,14485
4,Sul,41,PR,Paraná,4107,MACRORREGIONAL LESTE,41002,2ª Rs Metropolitana,410180,PR - ARAUCARIA,151666
4,Sul,41,PR,Paraná,4105,MACRORREGIONAL NORTE,41022,22ª Rs Ivaipora,410185,PR - ARIRANHA DO IVAI,2329
4,Sul,41,PR,Paraná,4105,MACRORREGIONAL NORTE,41017,17ª Rs Londrina,410190,PR - ASSAI,13797
4,Sul,41,PR,Paraná,4108,MACRORREGIAO OESTE,41020,20ª Rs Toledo,410200,PR - ASSIS CHATEAUBRIAND,36808
4,Sul,41,PR,Paraná,4106,MACRORREGIONAL NOROESTE,41015,15ª Rs Maringa,410210,PR - ASTORGA,25475
4,Sul,41,PR,Paraná,4106,MACRORREGIONAL NOROESTE,41015,15ª Rs Maringa,410220,PR - ATALAIA,3980
4,Sul,41,PR,Paraná,4107,MACRORREGIONAL LESTE,41002,2ª Rs Metropolitana,410230,PR - BALSA NOVA,13395
4,Sul,41,PR,Paraná,4105,MACRORREGIONAL NORTE,41018,18ª Rs Cornelio Procopio,410240,PR - BANDEIRANTES,31273
4,Sul,41,PR,Paraná,4106,MACRORREGIONAL NOROESTE,41011,11ª Rs Campo Mourao,410250,PR - BARBOSA FERRAZ,10795
4,Sul,41,PR,Paraná,4105,MACRORREGIONAL NORTE,41019,19ª Rs Jacarezinho,410270,PR - BARRA DO JACARE,2814
4,Sul,41,PR,Paraná,4108,MACRORREGIAO OESTE,41008,8ª Rs Francisco Beltrao,410260,PR - BARRACAO,9759
4,Sul,41,PR,Paraná,4108,MACRORREGIAO OESTE,41008,8ª Rs Francisco Beltrao,410275,PR - BELA VISTA DA CAROBA,4031
4,Sul,41,PR,Paraná,4105,MACRORREGIONAL NORTE,41017,17ª Rs Londrina,410280,PR - BELA VISTA DO PARAISO,14833
4,Sul,41,PR,Paraná,4107,MACRORREGIONAL LESTE,41006,6ª Rs Uniao da Vitoria,410290,PR - BITURUNA,15533
4,Sul,41,PR,Paraná,4106,MACRORREGIONAL NOROESTE,41011,11ª Rs Campo Mourao,410300,PR - BOA ESPERANCA,4558
4,Sul,41,PR,Paraná,4108,MACRORREGIAO OESTE,41008,8ª Rs Francisco Beltrao,410302,PR - BOA ESPERANCA DO IGUACU,2455
4,Sul,41,PR,Paraná,4107,MACRORREGIONAL LESTE,41005,5ª Rs Guarapuava,410304,PR - BOA VENTURA DE SAO ROQUE,6170
4,Sul,41,PR,Paraná,4108,MACRORREGIAO OESTE,41010,10ª Rs Cascavel,410305,PR - BOA VISTA DA APARECIDA,7924
4,Sul,41,PR,Paraná,4107,MACRORREGIONAL LESTE,41002,2ª Rs Metropolitana,410310,PR - BOCAIUVA DO SUL,13299
4,Sul,41,PR,Paraná,4108,MACRORREGIAO OESTE,41008,8ª Rs Francisco Beltrao,410315,PR - BOM JESUS DO SUL,3980
4,Sul,41,PR,Paraná,4105,MACRORREGIONAL NORTE,41016,16ª Rs Apucarana,410320,PR - BOM SUCESSO,6581
4,Sul,41,PR,Paraná,4108,MACRORREGIAO OESTE,41007,7ª Rs Pato Branco,410322,PR - BOM SUCESSO DO SUL,3202
4,Sul,41,PR,Paraná,4105,MACRORREGIONAL NORTE,41016,16ª Rs Apucarana,410330,PR - BORRAZOPOLIS,7735
4,Sul,41,PR,Paraná,4108,MACRORREGIAO OESTE,41010,10ª Rs Cascavel,410335,PR - BRAGANEY,4854
4,Sul,41,PR,Paraná,4106,MACRORREGIONAL NOROESTE,41012,12ª Rs Umuarama,410337,PR - BRASILANDIA DO SUL,3708
4,Sul,41,PR,Paraná,4105,MACRORREGIONAL NORTE,41017,17ª Rs Londrina,410340,PR - CAFEARA,2627
4,Sul,41,PR,Paraná,4108,MACRORREGIAO OESTE,41010,10ª Rs Cascavel,410345,PR - CAFELANDIA,18997
4,Sul,41,PR,Paraná,4106,MACRORREGIONAL NOROESTE,41012,12ª Rs Umuarama,410347,PR - CAFEZAL DO SUL,4473
4,Sul,41,PR,Paraná,4105,MACRORREGIONAL NORTE,41016,16ª Rs Apucarana,410350,PR - CALIFORNIA,8710
4,Sul,41,PR,Paraná,4105,MACRORREGIONAL NORTE,41019,19ª Rs Jacarezinho,410360,PR - CAMBARA,23212
4,Sul,41,PR,Paraná,4105,MACRORREGIONAL NORTE,41017,17ª Rs Londrina,410370,PR - CAMBE,107208
4,Sul,41,PR,Paraná,4105,MACRORREGIONAL NORTE,41016,16ª Rs Apucarana,410380,PR - CAMBIRA,9460
4,Sul,41,PR,Paraná,4106,MACRORREGIONAL NOROESTE,41011,11ª Rs Campo Mourao,410390,PR - CAMPINA DA LAGOA,15723
4,Sul,41,PR,Paraná,4107,MACRORREGIONAL LESTE,41005,5ª Rs Guarapuava,410395,PR - CAMPINA DO SIMAO,3936
4,Sul,41,PR,Paraná,4107,MACRORREGIONAL LESTE,41002,2ª Rs Metropolitana,410400,PR - CAMPINA GRANDE DO SUL,47825
4,Sul,41,PR,Paraná,4108,MACRORREGIAO OESTE,41010,10ª Rs Cascavel,410405,PR - CAMPO BONITO,4027
4,Sul,41,PR,Paraná,4107,MACRORREGIONAL LESTE,41002,2ª Rs Metropolitana,410410,PR - CAMPO DO TENENTE,7508
4,Sul,41,PR,Paraná,4107,MACRORREGIONAL LESTE,41002,2ª Rs Metropolitana,410420,PR - CAMPO LARGO,136327
4,Sul,41,PR,Paraná,4107,MACRORREGIONAL LESTE,41002,2ª Rs Metropolitana,410425,PR - CAMPO MAGRO,30160
4,Sul,41,PR,Paraná,4106,MACRORREGIONAL NOROESTE,41011,11ª Rs Campo Mourao,410430,PR - CAMPO MOURAO,99432
4,Sul,41,PR,Paraná,4105,MACRORREGIONAL NORTE,41022,22ª Rs Ivaipora,410440,PR - CANDIDO DE ABREU,15244
4,Sul,41,PR,Paraná,4107,MACRORREGIONAL LESTE,41005,5ª Rs Guarapuava,410442,PR - CANDOI,14973
4,Sul,41,PR,Paraná,4107,MACRORREGIONAL LESTE,41005,5ª Rs Guarapuava,410445,PR - CANTAGALO,10922
4,Sul,41,PR,Paraná,4108,MACRORREGIAO OESTE,41008,8ª Rs Francisco Beltrao,410450,PR - CAPANEMA,20481
4,Sul,41,PR,Paraná,4108,MACRORREGIAO OESTE,41010,10ª Rs Cascavel,410460,PR - CAPITAO LEONIDAS MARQUES,14648
4,Sul,41,PR,Paraná,4107,MACRORREGIONAL LESTE,41003,3ª Rs Ponta Grossa,410465,PR - CARAMBEI,23283
4,Sul,41,PR,Paraná,4105,MACRORREGIONAL NORTE,41019,19ª Rs Jacarezinho,410470,PR - CARLOPOLIS,16905
4,Sul,41,PR,Paraná,4108,MACRORREGIAO OESTE,41010,10ª Rs Cascavel,410480,PR - CASCAVEL,348051
4,Sul,41,PR,Paraná,4107,MACRORREGIONAL LESTE,41003,3ª Rs Ponta Grossa,410490,PR - CASTRO,73075
4,Sul,41,PR,Paraná,4108,MACRORREGIAO OESTE,41010,10ª Rs Cascavel,410500,PR - CATANDUVAS,10446
4,Sul,41,PR,Paraná,4105,MACRORREGIONAL NORTE,41017,17ª Rs Londrina,410510,PR - CENTENARIO DO SUL,10832
4,Sul,41,PR,Paraná,4107,MACRORREGIONAL LESTE,41002,2ª Rs Metropolitana,410520,PR - CERRO AZUL,16134
4,Sul,41,PR,Paraná,4108,MACRORREGIAO OESTE,41010,10ª Rs Cascavel,410530,PR - CEU AZUL,11087
4,Sul,41,PR,Paraná,4108,MACRORREGIAO OESTE,41007,7ª Rs Pato Branco,410540,PR - CHOPINZINHO,21085
4,Sul,41,PR,Paraná,4106,MACRORREGIONAL NOROESTE,41013,13ª Rs Cianorte,410550,PR - CIANORTE,79527
4,Sul,41,PR,Paraná,4106,MACRORREGIONAL NOROESTE,41013,13ª Rs Cianorte,410560,PR - CIDADE GAUCHA,11467
4,Sul,41,PR,Paraná,4108,MACRORREGIAO OESTE,41007,7ª Rs Pato Branco,410570,PR - CLEVELANDIA,15070
4,Sul,41,PR,Paraná,4107,MACRORREGIONAL LESTE,41002,2ª Rs Metropolitana,410580,PR - COLOMBO,232212
4,Sul,41,PR,Paraná,4106,MACRORREGIONAL NOROESTE,41015,15ª Rs Maringa,410590,PR - COLORADO,22896
4,Sul,41,PR,Paraná,4105,MACRORREGIONAL NORTE,41018,18ª Rs Cornelio Procopio,410600,PR - CONGONHINHAS,8320
4,Sul,41,PR,Paraná,4105,MACRORREGIONAL NORTE,41019,19ª Rs Jacarezinho,410610,PR - CONSELHEIRO MAIRINCK,3461
4,Sul,41,PR,Paraná,4107,MACRORREGIONAL LESTE,41002,2ª Rs Metropolitana,410620,PR - CONTENDA,19128
4,Sul,41,PR,Paraná,4108,MACRORREGIAO OESTE,41010,10ª Rs Cascavel,410630,PR - CORBELIA,17470
4,Sul,41,PR,Paraná,4105,MACRORREGIONAL NORTE,41018,18ª Rs Cornelio Procopio,410640,PR - CORNELIO PROCOPIO,45206
4,Sul,41,PR,Paraná,4108,MACRORREGIAO OESTE,41007,7ª Rs Pato Branco,410645,PR - CORONEL DOMINGOS SOARES,5649
4,Sul,41,PR,Paraná,4108,MACRORREGIAO OESTE,41007,7ª Rs Pato Branco,410650,PR - CORONEL VIVIDA,23331
4,Sul,41,PR,Paraná,4106,MACRORREGIONAL NOROESTE,41011,11ª Rs Campo Mourao,410655,PR - CORUMBATAI DO SUL,3760
4,Sul,41,PR,Paraná,4107,MACRORREGIONAL LESTE,41006,6ª Rs Uniao da Vitoria,410680,PR - CRUZ MACHADO,15978
4,Sul,41,PR,Paraná,4108,MACRORREGIAO OESTE,41008,8ª Rs Francisco Beltrao,410657,PR - CRUZEIRO DO IGUACU,4133
4,Sul,41,PR,Paraná,4106,MACRORREGIONAL NOROESTE,41012,12ª Rs Umuarama,410660,PR - CRUZEIRO DO OESTE,23831
4,Sul,41,PR,Paraná,4106,MACRORREGIONAL NOROESTE,41014,14ª Rs Paranavai,410670,PR - CRUZEIRO DO SUL,4494
4,Sul,41,PR,Paraná,4105,MACRORREGIONAL NORTE,41022,22ª Rs Ivaipora,410685,PR - CRUZMALTINA,2892
4,Sul,41,PR,Paraná,4107,MACRORREGIONAL LESTE,41002,2ª Rs Metropolitana,410690,PR - CURITIBA,1773718
4,Sul,41,PR,Paraná,4107,MACRORREGIONAL LESTE,41021,21ª Rs Telemaco Borba,410700,PR - CURIUVA,13647
4,Sul,41,PR,Paraná,4108,MACRORREGIAO OESTE,41020,20ª Rs Toledo,410715,PR - DIAMANTE D'OESTE,4557
4,Sul,41,PR,Paraná,4106,MACRORREGIONAL NOROESTE,41014,14ª Rs Paranavai,410710,PR - DIAMANTE DO NORTE,5142
4,Sul,41,PR,Paraná,4108,MACRORREGIAO OESTE,41010,10ª Rs Cascavel,410712,PR - DIAMANTE DO SUL,3171
4,Sul,41,PR,Paraná,4108,MACRORREGIAO OESTE,41008,8ª Rs Francisco Beltrao,410720,PR - DOIS VIZINHOS,44869
4,Sul,41,PR,Paraná,4106,MACRORREGIONAL NOROESTE,41012,12ª Rs Umuarama,410725,PR - DOURADINA,9161
4,Sul,41,PR,Paraná,4106,MACRORREGIONAL NOROESTE,41015,15ª Rs Maringa,410730,PR - DOUTOR CAMARGO,6327
4,Sul,41,PR,Paraná,4107,MACRORREGIONAL LESTE,41002,2ª Rs Metropolitana,412863,PR - DOUTOR ULYSSES,5697
4,Sul,41,PR,Paraná,4108,MACRORREGIAO OESTE,41008,8ª Rs Francisco Beltrao,410740,PR - ENEAS MARQUES,5999
4,Sul,41,PR,Paraná,4106,MACRORREGIONAL NOROESTE,41011,11ª Rs Campo Mourao,410750,PR - ENGENHEIRO BELTRAO,12454
4,Sul,41,PR,Paraná,4108,MACRORREGIAO OESTE,41020,20ª Rs Toledo,410753,PR - ENTRE RIOS DO OESTE,4575
4,Sul,41,PR,Paraná,4106,MACRORREGIONAL NOROESTE,41012,12ª Rs Umuarama,410752,PR - ESPERANCA NOVA,1849
4,Sul,41,PR,Paraná,4108,MACRORREGIAO OESTE,41010,10ª Rs Cascavel,410754,PR - ESPIGAO ALTO DO IGUACU,4797
4,Sul,41,PR,Paraná,4106,MACRORREGIONAL NOROESTE,41011,11ª Rs Campo Mourao,410755,PR - FAROL,3039
4,Sul,41,PR,Paraná,4105,MACRORREGIONAL NORTE,41016,16ª Rs Apucarana,410760,PR - FAXINAL,16389
4,Sul,41,PR,Paraná,4107,MACRORREGIONAL LESTE,41002,2ª Rs Metropolitana,410765,PR - FAZENDA RIO GRANDE,148873
4,Sul,41,PR,Paraná,4106,MACRORREGIONAL NOROESTE,41011,11ª Rs Campo Mourao,410770,PR - FENIX,4492
4,Sul,41,PR,Paraná,4107,MACRORREGIONAL LESTE,41004,4ª Rs Irati,410773,PR - FERNANDES PINHEIRO,6255
4,Sul,41,PR,Paraná,4105,MACRORREGIONAL NORTE,41019,19ª Rs Jacarezinho,410775,PR - FIGUEIRA,8062
4,Sul,41,PR,Paraná,4108,MACRORREGIAO OESTE,41008,8ª Rs Francisco Beltrao,410785,PR - FLOR DA SERRA DO SUL,4364
4,Sul,41,PR,Paraná,4106,MACRORREGIONAL NOROESTE,41015,15ª Rs Maringa,410780,PR - FLORAI,4792
4,Sul,41,PR,Paraná,4106,MACRORREGIONAL NOROESTE,41015,15ª Rs Maringa,410790,PR - FLORESTA,10458
4,Sul,41,PR,Paraná,4105,MACRORREGIONAL NORTE,41017,17ª Rs Londrina,410800,PR - FLORESTOPOLIS,11446
4,Sul,41,PR,Paraná,4106,MACRORREGIONAL NOROESTE,41015,15ª Rs Maringa,410810,PR - FLORIDA,2652
4,Sul,41,PR,Paraná,4108,MACRORREGIAO OESTE,41010,10ª Rs Cascavel,410820,PR - FORMOSA DO OESTE,7635
4,Sul,41,PR,Paraná,4108,MACRORREGIAO OESTE,41009,9ª Rs Foz do Iguacu,410830,PR - FOZ DO IGUACU,285415
4,Sul,41,PR,Paraná,4107,MACRORREGIONAL LESTE,41005,5ª Rs Guarapuava,410845,PR - FOZ DO JORDAO,4926
4,Sul,41,PR,Paraná,4106,MACRORREGIONAL NOROESTE,41012,12ª Rs Umuarama,410832,PR - FRANCISCO ALVES,8116
4,Sul,41,PR,Paraná,4108,MACRORREGIAO OESTE,41008,8ª Rs Francisco Beltrao,410840,PR - FRANCISCO BELTRAO,96666
4,Sul,41,PR,Paraná,4107,MACRORREGIONAL LESTE,41006,6ª Rs Uniao da Vitoria,410850,PR - GENERAL CARNEIRO,11062
4,Sul,41,PR,Paraná,4105,MACRORREGIONAL NORTE,41022,22ª Rs Ivaipora,410855,PR - GODOY MOREIRA,2977
4,Sul,41,PR,Paraná,4106,MACRORREGIONAL NOROESTE,41011,11ª Rs Campo Mourao,410860,PR - GOIOERE,28437
4,Sul,41,PR,Paraná,4107,MACRORREGIONAL LESTE,41005,5ª Rs Guarapuava,410865,PR - GOIOXIM,6566
4,Sul,41,PR,Paraná,4105,MACRORREGIONAL NORTE,41016,16ª Rs Apucarana,410870,PR - GRANDES RIOS,5641
4,Sul,41,PR,Paraná,4108,MACRORREGIAO OESTE,41020,20ª Rs Toledo,410880,PR - GUAIRA,32097
4,Sul,41,PR,Paraná,4106,MACRORREGIONAL NOROESTE,41014,14ª Rs Paranavai,410890,PR - GUAIRACA,6587
4,Sul,41,PR,Paraná,4107,MACRORREGIONAL LESTE,41004,4ª Rs Irati,410895,PR - GUAMIRANGA,7856
4,Sul,41,PR,Paraná,4105,MACRORREGIONAL NORTE,41019,19ª Rs Jacarezinho,410900,PR - GUAPIRAMA,4626
4,Sul,41,PR,Paraná,4106,MACRORREGIONAL NOROESTE,41013,13ª Rs Cianorte,410910,PR - GUAPOREMA,2191
4,Sul,41,PR,Paraná,4105,MACRORREGIONAL NORTE,41017,17ª Rs Londrina,410920,PR - GUARACI,4748
4,Sul,41,PR,Paraná,4108,MACRORREGIAO OESTE,41010,10ª Rs Cascavel,410930,PR - GUARANIACU,13735
4,Sul,41,PR,Paraná,4107,MACRORREGIONAL LESTE,41005,5ª Rs Guarapuava,410940,PR - GUARAPUAVA,182093
4,Sul,41,PR,Paraná,4107,MACRORREGIONAL LESTE,41001,1ª Rs Paranagua,410950,PR - GUARAQUECABA,7430
4,Sul,41,PR,Paraná,4107,MACRORREGIONAL LESTE,41001,1ª Rs Paranagua,410960,PR - GUARATUBA,42062
4,Sul,41,PR,Paraná,4108,MACRORREGIAO OESTE,41007,7ª Rs Pato Branco,410965,PR - HONORIO SERPA,4941
4,Sul,41,PR,Paraná,4105,MACRORREGIONAL NORTE,41019,19ª Rs Jacarezinho,410970,PR - IBAITI,28830
4,Sul,41,PR,Paraná,4108,MACRORREGIAO OESTE,41010,10ª Rs Cascavel,410975,PR - IBEMA,6218
4,Sul,41,PR,Paraná,4105,MACRORREGIONAL NORTE,41017,17ª Rs Londrina,410980,PR - IBIPORA,51603
4,Sul,41,PR,Paraná,4106,MACRORREGIONAL NOROESTE,41012,12ª Rs Umuarama,410990,PR - ICARAIMA,8991
4,Sul,41,PR,Paraná,4106,MACRORREGIONAL NOROESTE,41015,15ª Rs Maringa,411000,PR - IGUARACU,5338
4,Sul,41,PR,Paraná,4108,MACRORREGIAO OESTE,41010,10ª Rs Cascavel,411005,PR - IGUATU,2144
4,Sul,41,PR,Paraná,4107,MACRORREGIONAL LESTE,41021,21ª Rs Telemaco Borba,411007,PR - IMBAU,14249
4,Sul,41,PR,Paraná,4107,MACRORREGIONAL LESTE,41004,4ª Rs Irati,411010,PR - IMBITUVA,29924
4,Sul,41,PR,Paraná,4107,MACRORREGIONAL LESTE,41004,4ª Rs Irati,411020,PR - INACIO MARTINS,9670
4,Sul,41,PR,Paraná,4106,MACRORREGIONAL NOROESTE,41014,14ª Rs Paranavai,411030,PR - INAJA,2536
4,Sul,41,PR,Paraná,4106,MACRORREGIONAL NOROESTE,41013,13ª Rs Cianorte,411040,PR - INDIANOPOLIS,4448
4,Sul,41,PR,Paraná,4107,MACRORREGIONAL LESTE,41003,3ª Rs Ponta Grossa,411050,PR - IPIRANGA,14142
4,Sul,41,PR,Paraná,4106,MACRORREGIONAL NOROESTE,41012,12ª Rs Umuarama,411060,PR - IPORA,15746
4,Sul,41,PR,Paraná,4108,MACRORREGIAO OESTE,41010,10ª Rs Cascavel,411065,PR - IRACEMA DO OESTE,2343
4,Sul,41,PR,Paraná,4107,MACRORREGIONAL LESTE,41004,4ª Rs Irati,411070,PR - IRATI,59250
4,Sul,41,PR,Paraná,4106,MACRORREGIONAL NOROESTE,41011,11ª Rs Campo Mourao,411080,PR - IRETAMA,10684
4,Sul,41,PR,Paraná,4106,MACRORREGIONAL NOROESTE,41015,15ª Rs Maringa,411090,PR - ITAGUAJE,4481
4,Sul,41,PR,Paraná,4108,MACRORREGIAO OESTE,41009,9ª Rs Foz do Iguacu,411095,PR - ITAIPULANDIA,11485
4,Sul,41,PR,Paraná,4105,MACRORREGIONAL NORTE,41018,18ª Rs Cornelio Procopio,411100,PR - ITAMBARACA,5908
4,Sul,41,PR,Paraná,4106,MACRORREGIONAL NOROESTE,41015,15ª Rs Maringa,411110,PR - ITAMBE,6111
4,Sul,41,PR,Paraná,4108,MACRORREGIAO OESTE,41007,7ª Rs Pato Branco,411120,PR - ITAPEJARA D'OESTE,12344
4,Sul,41,PR,Paraná,4107,MACRORREGIONAL LESTE,41002,2ª Rs Metropolitana,411125,PR - ITAPERUCU,31217
4,Sul,41,PR,Paraná,4106,MACRORREGIONAL NOROESTE,41014,14ª Rs Paranavai,411130,PR - ITAUNA DO SUL,3572
4,Sul,41,PR,Paraná,4107,MACRORREGIONAL LESTE,41003,3ª Rs Ponta Grossa,411140,PR - IVAI,13229
4,Sul,41,PR,Paraná,4105,MACRORREGIONAL NORTE,41022,22ª Rs Ivaipora,411150,PR - IVAIPORA,32720
4,Sul,41,PR,Paraná,4106,MACRORREGIONAL NOROESTE,41012,12ª Rs Umuarama,411155,PR - IVATE,6831
4,Sul,41,PR,Paraná,4106,MACRORREGIONAL NOROESTE,41015,15ª Rs Maringa,411160,PR - IVATUBA,2708
4,Sul,41,PR,Paraná,4105,MACRORREGIONAL NORTE,41019,19ª Rs Jacarezinho,411170,PR - JABOTI,5427
4,Sul,41,PR,Paraná,4105,MACRORREGIONAL NORTE,41019,19ª Rs Jacarezinho,411180,PR - JACAREZINHO,40375
4,Sul,41,PR,Paraná,4105,MACRORREGIONAL NORTE,41017,17ª Rs Londrina,411190,PR - JAGUAPITA,15122
4,Sul,41,PR,Paraná,4107,MACRORREGIONAL LESTE,41003,3ª Rs Ponta Grossa,411200,PR - JAGUARIAIVA,35141
4,Sul,41,PR,Paraná,4105,MACRORREGIONAL NORTE,41016,16ª Rs Apucarana,411210,PR - JANDAIA DO SUL,21408
4,Sul,41,PR,Paraná,4106,MACRORREGIONAL NOROESTE,41011,11ª Rs Campo Mourao,411220,PR - JANIOPOLIS,5870
4,Sul,41,PR,Paraná,4105,MACRORREGIONAL NORTE,41019,19ª Rs Jacarezinho,411230,PR - JAPIRA,4972
4,Sul,41,PR,Paraná,4106,MACRORREGIONAL NOROESTE,41013,13ª Rs Cianorte,411240,PR - JAPURA,9144
4,Sul,41,PR,Paraná,4105,MACRORREGIONAL NORTE,41022,22ª Rs Ivaipora,411250,PR - JARDIM ALEGRE,12004
4,Sul,41,PR,Paraná,4106,MACRORREGIONAL NOROESTE,41014,14ª Rs Paranavai,411260,PR - JARDIM OLINDA,1343
4,Sul,41,PR,Paraná,4105,MACRORREGIONAL NORTE,41017,17ª Rs Londrina,411270,PR - JATAIZINHO,11813
4,Sul,41,PR,Paraná,4108,MACRORREGIAO OESTE,41010,10ª Rs Cascavel,411275,PR - JESUITAS,10506
4,Sul,41,PR,Paraná,4105,MACRORREGIONAL NORTE,41019,19ª Rs Jacarezinho,411280,PR - JOAQUIM TAVORA,11945
4,Sul,41,PR,Paraná,4105,MACRORREGIONAL NORTE,41019,19ª Rs Jacarezinho,411290,PR - JUNDIAI DO SUL,3333
4,Sul,41,PR,Paraná,4106,MACRORREGIONAL NOROESTE,41011,11ª Rs Campo Mourao,411295,PR - JURANDA,7771
4,Sul,41,PR,Paraná,4106,MACRORREGIONAL NOROESTE,41013,13ª Rs Cianorte,411300,PR - JUSSARA,6690
4,Sul,41,PR,Paraná,4105,MACRORREGIONAL NORTE,41016,16ª Rs Apucarana,411310,PR - KALORE,4582
4,Sul,41,PR,Paraná,4107,MACRORREGIONAL LESTE,41002,2ª Rs Metropolitana,411320,PR - LAPA,45003
4,Sul,41,PR,Paraná,4107,MACRORREGIONAL LESTE,41005,5ª Rs Guarapuava,411325,PR - LARANJAL,5600
4,Sul,41,PR,Paraná,4107,MACRORREGIONAL LESTE,41005,5ª Rs Guarapuava,411330,PR - LARANJEIRAS DO SUL,32227
4,Sul,41,PR,Paraná,4105,MACRORREGIONAL NORTE,41018,18ª Rs Cornelio Procopio,411340,PR - LEOPOLIS,3752
4,Sul,41,PR,Paraná,4105,MACRORREGIONAL NORTE,41022,22ª Rs Ivaipora,411342,PR - LIDIANOPOLIS,3938
4,Sul,41,PR,Paraná,4108,MACRORREGIAO OESTE,41010,10ª Rs Cascavel,411345,PR - LINDOESTE,5175
4,Sul,41,PR,Paraná,4106,MACRORREGIONAL NOROESTE,41014,14ª Rs Paranavai,411350,PR - LOANDA,23225
4,Sul,41,PR,Paraná,4106,MACRORREGIONAL NOROESTE,41015,15ª Rs Maringa,411360,PR - LOBATO,4601
4,Sul,41,PR,Paraná,4105,MACRORREGIONAL NORTE,41017,17ª Rs Londrina,411370,PR - LONDRINA,555965
4,Sul,41,PR,Paraná,4106,MACRORREGIONAL NOROESTE,41011,11ª Rs Campo Mourao,411373,PR - LUIZIANA,6690
4,Sul,41,PR,Paraná,4105,MACRORREGIONAL NORTE,41022,22ª Rs Ivaipora,411375,PR - LUNARDELLI,4872
4,Sul,41,PR,Paraná,4105,MACRORREGIONAL NORTE,41017,17ª Rs Londrina,411380,PR - LUPIONOPOLIS,4813
4,Sul,41,PR,Paraná,4107,MACRORREGIONAL LESTE,41004,4ª Rs Irati,411390,PR - MALLET,13428
4,Sul,41,PR,Paraná,4106,MACRORREGIONAL NOROESTE,41011,11ª Rs Campo Mourao,411400,PR - MAMBORE,13452
4,Sul,41,PR,Paraná,4106,MACRORREGIONAL NOROESTE,41015,15ª Rs Maringa,411410,PR - MANDAGUACU,31457
4,Sul,41,PR,Paraná,4106,MACRORREGIONAL NOROESTE,41015,15ª Rs Maringa,411420,PR - MANDAGUARI,36716
4,Sul,41,PR,Paraná,4107,MACRORREGIONAL LESTE,41002,2ª Rs Metropolitana,411430,PR - MANDIRITUBA,27439
4,Sul,41,PR,Paraná,4108,MACRORREGIAO OESTE,41008,8ª Rs Francisco Beltrao,411435,PR - MANFRINOPOLIS,2770
4,Sul,41,PR,Paraná,4108,MACRORREGIAO OESTE,41007,7ª Rs Pato Branco,411440,PR - MANGUEIRINHA,16603
4,Sul,41,PR,Paraná,4105,MACRORREGIONAL NORTE,41022,22ª Rs Ivaipora,411450,PR - MANOEL RIBAS,14240
4,Sul,41,PR,Paraná,4108,MACRORREGIAO OESTE,41020,20ª Rs Toledo,411460,PR - MARECHAL CANDIDO RONDON,55836
4,Sul,41,PR,Paraná,4106,MACRORREGIONAL NOROESTE,41012,12ª Rs Umuarama,411470,PR - MARIA HELENA,5865
4,Sul,41,PR,Paraná,4106,MACRORREGIONAL NOROESTE,41015,15ª Rs Maringa,411480,PR - MARIALVA,41851
4,Sul,41,PR,Paraná,4105,MACRORREGIONAL NORTE,41016,16ª Rs Apucarana,411490,PR - MARILANDIA DO SUL,8677
4,Sul,41,PR,Paraná,4106,MACRORREGIONAL NOROESTE,41014,14ª Rs Paranavai,411500,PR - MARILENA,7253
4,Sul,41,PR,Paraná,4106,MACRORREGIONAL NOROESTE,41012,12ª Rs Umuarama,411510,PR - MARILUZ,9847
4,Sul,41,PR,Paraná,4106,MACRORREGIONAL NOROESTE,41015,15ª Rs Maringa,411520,PR - MARINGA,409657
4,Sul,41,PR,Paraná,4108,MACRORREGIAO OESTE,41007,7ª Rs Pato Branco,411530,PR - MARIOPOLIS,6371
4,Sul,41,PR,Paraná,4108,MACRORREGIAO OESTE,41020,20ª Rs Toledo,411535,PR - MARIPA,6555
4,Sul,41,PR,Paraná,4108,MACRORREGIAO OESTE,41008,8ª Rs Francisco Beltrao,411540,PR - MARMELEIRO,15901
4,Sul,41,PR,Paraná,4107,MACRORREGIONAL LESTE,41005,5ª Rs Guarapuava,411545,PR - MARQUINHO,4515
4,Sul,41,PR,Paraná,4105,MACRORREGIONAL NORTE,41016,16ª Rs Apucarana,411550,PR - MARUMBI,4699
4,Sul,41,PR,Paraná,4108,MACRORREGIAO OESTE,41009,9ª Rs Foz do Iguacu,411560,PR - MATELANDIA,18450
4,Sul,41,PR,Paraná,4107,MACRORREGIONAL LESTE,41001,1ª Rs Paranagua,411570,PR - MATINHOS,39259
4,Sul,41,PR,Paraná,4105,MACRORREGIONAL NORTE,41022,22ª Rs Ivaipora,411573,PR - MATO RICO,3267
4,Sul,41,PR,Paraná,4105,MACRORREGIONAL NORTE,41016,16ª Rs Apucarana,411575,PR - MAUA DA SERRA,9383
4,Sul,41,PR,Paraná,4108,MACRORREGIAO OESTE,41009,9ª Rs Foz do Iguacu,411580,PR - MEDIANEIRA,54369
4,Sul,41,PR,Paraná,4108,MACRORREGIAO OESTE,41020,20ª Rs Toledo,411585,PR - MERCEDES,5931
4,Sul,41,PR,Paraná,4106,MACRORREGIONAL NOROESTE,41014,14ª Rs Paranavai,411590,PR - MIRADOR,2238
4,Sul,41,PR,Paraná,4105,MACRORREGIONAL NORTE,41017,17ª Rs Londrina,411600,PR - MIRASELVA,1966
4,Sul,41,PR,Paraná,4108,MACRORREGIAO OESTE,41009,9ª Rs Foz do Iguacu,411605,PR - MISSAL,11064
4,Sul,41,PR,Paraná,4106,MACRORREGIONAL NOROESTE,41011,11ª Rs Campo Mourao,411610,PR - MOREIRA SALES,11175
4,Sul,41,PR,Paraná,4107,MACRORREGIONAL LESTE,41001,1ª Rs Paranagua,411620,PR - MORRETES,18309
4,Sul,41,PR,Paraná,4106,MACRORREGIONAL NOROESTE,41015,15ª Rs Maringa,411630,PR - MUNHOZ DE MELO,3951
4,Sul,41,PR,Paraná,4106,MACRORREGIONAL NOROESTE,41015,15ª Rs Maringa,411640,PR - NOSSA SENHORA DAS GRACAS,3669
4,Sul,41,PR,Paraná,4106,MACRORREGIONAL NOROESTE,41014,14ª Rs Paranavai,411650,PR - NOVA ALIANCA DO IVAI,1323
4,Sul,41,PR,Paraná,4105,MACRORREGIONAL NORTE,41018,18ª Rs Cornelio Procopio,411660,PR - NOVA AMERICA DA COLINA,3280
4,Sul,41,PR,Paraná,4108,MACRORREGIAO OESTE,41010,10ª Rs Cascavel,411670,PR - NOVA AURORA,13765
4,Sul,41,PR,Paraná,4106,MACRORREGIONAL NOROESTE,41011,11ª Rs Campo Mourao,411680,PR - NOVA CANTU,6790
4,Sul,41,PR,Paraná,4106,MACRORREGIONAL NOROESTE,41015,15ª Rs Maringa,411690,PR - NOVA ESPERANCA,26585
4,Sul,41,PR,Paraná,4108,MACRORREGIAO OESTE,41008,8ª Rs Francisco Beltrao,411695,PR - NOVA ESPERANCA DO SUDOESTE,5597
4,Sul,41,PR,Paraná,4105,MACRORREGIONAL NORTE,41018,18ª Rs Cornelio Procopio,411700,PR - NOVA FATIMA,7225
4,Sul,41,PR,Paraná,4107,MACRORREGIONAL LESTE,41005,5ª Rs Guarapuava,411705,PR - NOVA LARANJEIRAS,12074
4,Sul,41,PR,Paraná,4106,MACRORREGIONAL NOROESTE,41014,14ª Rs Paranavai,411710,PR - NOVA LONDRINA,12923
4,Sul,41,PR,Paraná,4106,MACRORREGIONAL NOROESTE,41012,12ª Rs Umuarama,411720,PR - NOVA OLIMPIA,5833
4,Sul,41,PR,Paraná,4108,MACRORREGIAO OESTE,41008,8ª Rs Francisco Beltrao,411725,PR - NOVA PRATA DO IGUACU,12699
4,Sul,41,PR,Paraná,4105,MACRORREGIONAL NORTE,41018,18ª Rs Cornelio Procopio,411721,PR - NOVA SANTA BARBARA,4184
4,Sul,41,PR,Paraná,4108,MACRORREGIAO OESTE,41020,20ª Rs Toledo,411722,PR - NOVA SANTA ROSA,8322
4,Sul,41,PR,Paraná,4105,MACRORREGIONAL NORTE,41022,22ª Rs Ivaipora,411727,PR - NOVA TEBAS,6848
4,Sul,41,PR,Paraná,4105,MACRORREGIONAL NORTE,41016,16ª Rs Apucarana,411729,PR - NOVO ITACOLOMI,3125
4,Sul,41,PR,Paraná,4107,MACRORREGIONAL LESTE,41021,21ª Rs Telemaco Borba,411730,PR - ORTIGUEIRA,24192
4,Sul,41,PR,Paraná,4106,MACRORREGIONAL NOROESTE,41015,15ª Rs Maringa,411740,PR - OURIZONA,3187
4,Sul,41,PR,Paraná,4108,MACRORREGIAO OESTE,41020,20ª Rs Toledo,411745,PR - OURO VERDE DO OESTE,6785
4,Sul,41,PR,Paraná,4106,MACRORREGIONAL NOROESTE,41015,15ª Rs Maringa,411750,PR - PAICANDU,45962
4,Sul,41,PR,Paraná,4108,MACRORREGIAO OESTE,41007,7ª Rs Pato Branco,411760,PR - PALMAS,48247
4,Sul,41,PR,Paraná,4107,MACRORREGIONAL LESTE,41003,3ª Rs Ponta Grossa,411770,PR - PALMEIRA,33855
4,Sul,41,PR,Paraná,4107,MACRORREGIONAL LESTE,41005,5ª Rs Guarapuava,411780,PR - PALMITAL,13033
4,Sul,41,PR,Paraná,4108,MACRORREGIAO OESTE,41020,20ª Rs Toledo,411790,PR - PALOTINA,35011
4,Sul,41,PR,Paraná,4106,MACRORREGIONAL NOROESTE,41014,14ª Rs Paranavai,411800,PR - PARAISO DO NORTE,13245
4,Sul,41,PR,Paraná,4106,MACRORREGIONAL NOROESTE,41015,15ª Rs Maringa,411810,PR - PARANACITY,9557
4,Sul,41,PR,Paraná,4107,MACRORREGIONAL LESTE,41001,1ª Rs Paranagua,411820,PR - PARANAGUA,145829
4,Sul,41,PR,Paraná,4106,MACRORREGIONAL NOROESTE,41014,14ª Rs Paranavai,411830,PR - PARANAPOEMA,2398
4,Sul,41,PR,Paraná,4106,MACRORREGIONAL NOROESTE,41014,14ª Rs Paranavai,411840,PR - PARANAVAI,92001
4,Sul,41,PR,Paraná,4108,MACRORREGIAO OESTE,41020,20ª Rs Toledo,411845,PR - PATO BRAGADO,5733
4,Sul,41,PR,Paraná,4108,MACRORREGIAO OESTE,41007,7ª Rs Pato Branco,411850,PR - PATO BRANCO,91836
4,Sul,41,PR,Paraná,4107,MACRORREGIONAL LESTE,41006,6ª Rs Uniao da Vitoria,411860,PR - PAULA FREITAS,5666
4,Sul,41,PR,Paraná,4107,MACRORREGIONAL LESTE,41006,6ª Rs Uniao da Vitoria,411870,PR - PAULO FRONTIN,6343
4,Sul,41,PR,Paraná,4106,MACRORREGIONAL NOROESTE,41011,11ª Rs Campo Mourao,411880,PR - PEABIRU,13346
4,Sul,41,PR,Paraná,4106,MACRORREGIONAL NOROESTE,41012,12ª Rs Umuarama,411885,PR - PEROBAL,7189
4,Sul,41,PR,Paraná,4106,MACRORREGIONAL NOROESTE,41012,12ª Rs Umuarama,411890,PR - PEROLA,11878
4,Sul,41,PR,Paraná,4108,MACRORREGIAO OESTE,41008,8ª Rs Francisco Beltrao,411900,PR - PEROLA D'OESTE,6221
4,Sul,41,PR,Paraná,4107,MACRORREGIONAL LESTE,41002,2ª Rs Metropolitana,411910,PR - PIEN,13655
4,Sul,41,PR,Paraná,4107,MACRORREGIONAL LESTE,41002,2ª Rs Metropolitana,411915,PR - PINHAIS,127019
4,Sul,41,PR,Paraná,4108,MACRORREGIAO OESTE,41008,8ª Rs Francisco Beltrao,411925,PR - PINHAL DE SAO BENTO,2761
4,Sul,41,PR,Paraná,4105,MACRORREGIONAL NORTE,41019,19ª Rs Jacarezinho,411920,PR - PINHALAO,6566
4,Sul,41,PR,Paraná,4107,MACRORREGIONAL LESTE,41005,5ª Rs Guarapuava,411930,PR - PINHAO,29886
4,Sul,41,PR,Paraná,4107,MACRORREGIONAL LESTE,41003,3ª Rs Ponta Grossa,411940,PR - PIRAI DO SUL,23651
4,Sul,41,PR,Paraná,4107,MACRORREGIONAL LESTE,41002,2ª Rs Metropolitana,411950,PR - PIRAQUARA,118730
4,Sul,41,PR,Paraná,4107,MACRORREGIONAL LESTE,41005,5ª Rs Guarapuava,411960,PR - PITANGA,33678
4,Sul,41,PR,Paraná,4105,MACRORREGIONAL NORTE,41017,17ª Rs Londrina,411965,PR - PITANGUEIRAS,3046
4,Sul,41,PR,Paraná,4106,MACRORREGIONAL NOROESTE,41014,14ª Rs Paranavai,411970,PR - PLANALTINA DO PARANA,4070
4,Sul,41,PR,Paraná,4108,MACRORREGIAO OESTE,41008,8ª Rs Francisco Beltrao,411980,PR - PLANALTO,14374
4,Sul,41,PR,Paraná,4107,MACRORREGIONAL LESTE,41003,3ª Rs Ponta Grossa,411990,PR - PONTA GROSSA,358371
4,Sul,41,PR,Paraná,4107,MACRORREGIONAL LESTE,41001,1ª Rs Paranagua,411995,PR - PONTAL DO PARANA,30425
4,Sul,41,PR,Paraná,4105,MACRORREGIONAL NORTE,41017,17ª Rs Londrina,412000,PR - PORECATU,11624
4,Sul,41,PR,Paraná,4107,MACRORREGIONAL LESTE,41003,3ª Rs Ponta Grossa,412010,PR - PORTO AMAZONAS,4098
4,Sul,41,PR,Paraná,4107,MACRORREGIONAL LESTE,41005,5ª Rs Guarapuava,412015,PR - PORTO BARREIRO,3110
4,Sul,41,PR,Paraná,4106,MACRORREGIONAL NOROESTE,41014,14ª Rs Paranavai,412020,PR - PORTO RICO,3182
4,Sul,41,PR,Paraná,4107,MACRORREGIONAL LESTE,41006,6ª Rs Uniao da Vitoria,412030,PR - PORTO VITORIA,3562
4,Sul,41,PR,Paraná,4105,MACRORREGIONAL NORTE,41017,17ª Rs Londrina,412033,PR - PRADO FERREIRA,3709
4,Sul,41,PR,Paraná,4108,MACRORREGIAO OESTE,41008,8ª Rs Francisco Beltrao,412035,PR - PRANCHITA,5737
4,Sul,41,PR,Paraná,4106,MACRORREGIONAL NOROESTE,41015,15ª Rs Maringa,412040,PR - PRESIDENTE CASTELO BRANCO,4336
4,Sul,41,PR,Paraná,4105,MACRORREGIONAL NORTE,41017,17ª Rs Londrina,412050,PR - PRIMEIRO DE MAIO,10082
4,Sul,41,PR,Paraná,4107,MACRORREGIONAL LESTE,41005,5ª Rs Guarapuava,412060,PR - PRUDENTOPOLIS,49393
4,Sul,41,PR,Paraná,4106,MACRORREGIONAL NOROESTE,41011,11ª Rs Campo Mourao,412065,PR - QUARTO CENTENARIO,4201
4,Sul,41,PR,Paraná,4105,MACRORREGIONAL NORTE,41019,19ª Rs Jacarezinho,412070,PR - QUATIGUA,8099
4,Sul,41,PR,Paraná,4107,MACRORREGIONAL LESTE,41002,2ª Rs Metropolitana,412080,PR - QUATRO BARRAS,24191
4,Sul,41,PR,Paraná,4108,MACRORREGIAO OESTE,41020,20ª Rs Toledo,412085,PR - QUATRO PONTES,4480
4,Sul,41,PR,Paraná,4108,MACRORREGIAO OESTE,41010,10ª Rs Cascavel,412090,PR - QUEDAS DO IGUACU,30738
4,Sul,41,PR,Paraná,4106,MACRORREGIONAL NOROESTE,41014,14ª Rs Paranavai,412100,PR - QUERENCIA DO NORTE,10685
4,Sul,41,PR,Paraná,4106,MACRORREGIONAL NOROESTE,41011,11ª Rs Campo Mourao,412110,PR - QUINTA DO SOL,5001
4,Sul,41,PR,Paraná,4107,MACRORREGIONAL LESTE,41002,2ª Rs Metropolitana,412120,PR - QUITANDINHA,18398
4,Sul,41,PR,Paraná,4108,MACRORREGIAO OESTE,41009,9ª Rs Foz do Iguacu,412125,PR - RAMILANDIA,4221
4,Sul,41,PR,Paraná,4105,MACRORREGIONAL NORTE,41018,18ª Rs Cornelio Procopio,412130,PR - RANCHO ALEGRE,3512
4,Sul,41,PR,Paraná,4106,MACRORREGIONAL NOROESTE,41011,11ª Rs Campo Mourao,412135,PR - RANCHO ALEGRE D'OESTE,2618
4,Sul,41,PR,Paraná,4108,MACRORREGIAO OESTE,41008,8ª Rs Francisco Beltrao,412140,PR - REALEZA,19247
4,Sul,41,PR,Paraná,4107,MACRORREGIONAL LESTE,41004,4ª Rs Irati,412150,PR - REBOUCAS,14514
4,Sul,41,PR,Paraná,4108,MACRORREGIAO OESTE,41008,8ª Rs Francisco Beltrao,412160,PR - RENASCENCA,6845
4,Sul,41,PR,Paraná,4107,MACRORREGIONAL LESTE,41021,21ª Rs Telemaco Borba,412170,PR - RESERVA,24573
4,Sul,41,PR,Paraná,4107,MACRORREGIONAL LESTE,41005,5ª Rs Guarapuava,412175,PR - RESERVA DO IGUACU,6553
4,Sul,41,PR,Paraná,4105,MACRORREGIONAL NORTE,41019,19ª Rs Jacarezinho,412180,PR - RIBEIRAO CLARO,12364
4,Sul,41,PR,Paraná,4105,MACRORREGIONAL NORTE,41018,18ª Rs Cornelio Procopio,412190,PR - RIBEIRAO DO PINHAL,13060
4,Sul,41,PR,Paraná,4107,MACRORREGIONAL LESTE,41004,4ª Rs Irati,412200,PR - RIO AZUL,14025
4,Sul,41,PR,Paraná,4105,MACRORREGIONAL NORTE,41016,16ª Rs Apucarana,412210,PR - RIO BOM,3197
4,Sul,41,PR,Paraná,4107,MACRORREGIONAL LESTE,41005,5ª Rs Guarapuava,412215,PR - RIO BONITO DO IGUACU,13929
4,Sul,41,PR,Paraná,4105,MACRORREGIONAL NORTE,41022,22ª Rs Ivaipora,412217,PR - RIO BRANCO DO IVAI,3808
4,Sul,41,PR,Paraná,4107,MACRORREGIONAL LESTE,41002,2ª Rs Metropolitana,412220,PR - RIO BRANCO DO SUL,37558
4,Sul,41,PR,Paraná,4107,MACRORREGIONAL LESTE,41002,2ª Rs Metropolitana,412230,PR - RIO NEGRO,31324
4,Sul,41,PR,Paraná,4105,MACRORREGIONAL NORTE,41017,17ª Rs Londrina,412240,PR - ROLANDIA,71670
4,Sul,41,PR,Paraná,4106,MACRORREGIONAL NOROESTE,41011,11ª Rs Campo Mourao,412250,PR - RONCADOR,11251
4,Sul,41,PR,Paraná,4106,MACRORREGIONAL NOROESTE,41013,13ª Rs Cianorte,412260,PR - RONDON,9097
4,Sul,41,PR,Paraná,4105,MACRORREGIONAL NORTE,41022,22ª Rs Ivaipora,412265,PR - ROSARIO DO IVAI,5435
4,Sul,41,PR,Paraná,4105,MACRORREGIONAL NORTE,41016,16ª Rs Apucarana,412270,PR - SABAUDIA,8822
4,Sul,41,PR,Paraná,4108,MACRORREGIAO OESTE,41008,8ª Rs Francisco Beltrao,412280,PR - SALGADO FILHO,4075
4,Sul,41,PR,Paraná,4105,MACRORREGIONAL NORTE,41019,19ª Rs Jacarezinho,412290,PR - SALTO DO ITARARE,5192
4,Sul,41,PR,Paraná,4108,MACRORREGIAO OESTE,41008,8ª Rs Francisco Beltrao,412300,PR - SALTO DO LONTRA,15223
4,Sul,41,PR,Paraná,4105,MACRORREGIONAL NORTE,41018,18ª Rs Cornelio Procopio,412310,PR - SANTA AMELIA,3394
4,Sul,41,PR,Paraná,4105,MACRORREGIONAL NORTE,41018,18ª Rs Cornelio Procopio,412320,PR - SANTA CECILIA DO PAVAO,3365
4,Sul,41,PR,Paraná,4106,MACRORREGIONAL NOROESTE,41014,14ª Rs Paranavai,412330,PR - SANTA CRUZ DE MONTE CASTELO,8613
4,Sul,41,PR,Paraná,4106,MACRORREGIONAL NOROESTE,41015,15ª Rs Maringa,412340,PR - SANTA FE,11378
4,Sul,41,PR,Paraná,4108,MACRORREGIAO OESTE,41020,20ª Rs Toledo,412350,PR - SANTA HELENA,25492
4,Sul,41,PR,Paraná,4106,MACRORREGIONAL NOROESTE,41015,15ª Rs Maringa,412360,PR - SANTA INES,1748
4,Sul,41,PR,Paraná,4106,MACRORREGIONAL NOROESTE,41014,14ª Rs Paranavai,412370,PR - SANTA ISABEL DO IVAI,8912
4,Sul,41,PR,Paraná,4108,MACRORREGIAO OESTE,41008,8ª Rs Francisco Beltrao,412380,PR - SANTA IZABEL DO OESTE,14070
4,Sul,41,PR,Paraná,4108,MACRORREGIAO OESTE,41010,10ª Rs Cascavel,412382,PR - SANTA LUCIA,3644
4,Sul,41,PR,Paraná,4105,MACRORREGIONAL NORTE,41022,22ª Rs Ivaipora,412385,PR - SANTA MARIA DO OESTE,10031
4,Sul,41,PR,Paraná,4105,MACRORREGIONAL NORTE,41018,18ª Rs Cornelio Procopio,412390,PR - SANTA MARIANA,11066
4,Sul,41,PR,Paraná,4106,MACRORREGIONAL NOROESTE,41014,14ª Rs Paranavai,412395,PR - SANTA MONICA,3356
4,Sul,41,PR,Paraná,4108,MACRORREGIAO OESTE,41010,10ª Rs Cascavel,412402,PR - SANTA TEREZA DO OESTE,13174
4,Sul,41,PR,Paraná,4108,MACRORREGIAO OESTE,41009,9ª Rs Foz do Iguacu,412405,PR - SANTA TEREZINHA DE ITAIPU,24262
4,Sul,41,PR,Paraná,4105,MACRORREGIONAL NORTE,41019,19ª Rs Jacarezinho,412400,PR - SANTANA DO ITARARE,5514
4,Sul,41,PR,Paraná,4105,MACRORREGIONAL NORTE,41019,19ª Rs Jacarezinho,412410,PR - SANTO ANTONIO DA PLATINA,44369
4,Sul,41,PR,Paraná,4106,MACRORREGIONAL NOROESTE,41014,14ª Rs Paranavai,412420,PR - SANTO ANTONIO DO CAIUA,2493
4,Sul,41,PR,Paraná,4105,MACRORREGIONAL NORTE,41018,18ª Rs Cornelio Procopio,412430,PR - SANTO ANTONIO DO PARAISO,2125
4,Sul,41,PR,Paraná,4108,MACRORREGIAO OESTE,41008,8ª Rs Francisco Beltrao,412440,PR - SANTO ANTONIO DO SUDOESTE,23673
4,Sul,41,PR,Paraná,4106,MACRORREGIONAL NOROESTE,41015,15ª Rs Maringa,412450,PR - SANTO INACIO,6181
4,Sul,41,PR,Paraná,4106,MACRORREGIONAL NOROESTE,41014,14ª Rs Paranavai,412460,PR - SAO CARLOS DO IVAI,6587
4,Sul,41,PR,Paraná,4105,MACRORREGIONAL NORTE,41018,18ª Rs Cornelio Procopio,412470,PR - SAO JERONIMO DA SERRA,10830
4,Sul,41,PR,Paraná,4108,MACRORREGIAO OESTE,41007,7ª Rs Pato Branco,412480,PR - SAO JOAO,11886
4,Sul,41,PR,Paraná,4106,MACRORREGIONAL NOROESTE,41014,14ª Rs Paranavai,412490,PR - SAO JOAO DO CAIUA,5586
4,Sul,41,PR,Paraná,4105,MACRORREGIONAL NORTE,41022,22ª Rs Ivaipora,412500,PR - SAO JOAO DO IVAI,10667
4,Sul,41,PR,Paraná,4107,MACRORREGIONAL LESTE,41003,3ª Rs Ponta Grossa,412510,PR - SAO JOAO DO TRIUNFO,13726
4,Sul,41,PR,Paraná,4108,MACRORREGIAO OESTE,41008,8ª Rs Francisco Beltrao,412520,PR - SAO JORGE D'OESTE,9378
4,Sul,41,PR,Paraná,4106,MACRORREGIONAL NOROESTE,41015,15ª Rs Maringa,412530,PR - SAO JORGE DO IVAI,5168
4,Sul,41,PR,Paraná,4106,MACRORREGIONAL NOROESTE,41012,12ª Rs Umuarama,412535,PR - SAO JORGE DO PATROCINIO,6504
4,Sul,41,PR,Paraná,4105,MACRORREGIONAL NORTE,41019,19ª Rs Jacarezinho,412540,PR - SAO JOSE DA BOA VISTA,6040
4,Sul,41,PR,Paraná,4108,MACRORREGIAO OESTE,41020,20ª Rs Toledo,412545,PR - SAO JOSE DAS PALMEIRAS,3957
4,Sul,41,PR,Paraná,4107,MACRORREGIONAL LESTE,41002,2ª Rs Metropolitana,412550,PR - SAO JOSE DOS PINHAIS,329628
4,Sul,41,PR,Paraná,4106,MACRORREGIONAL NOROESTE,41013,13ª Rs Cianorte,412555,PR - SAO MANOEL DO PARANA,2138
4,Sul,41,PR,Paraná,4107,MACRORREGIONAL LESTE,41006,6ª Rs Uniao da Vitoria,412560,PR - SAO MATEUS DO SUL,42366
4,Sul,41,PR,Paraná,4108,MACRORREGIAO OESTE,41009,9ª Rs Foz do Iguacu,412570,PR - SAO MIGUEL DO IGUACU,29122
4,Sul,41,PR,Paraná,4108,MACRORREGIAO OESTE,41020,20ª Rs Toledo,412575,PR - SAO PEDRO DO IGUACU,5784
4,Sul,41,PR,Paraná,4105,MACRORREGIONAL NORTE,41016,16ª Rs Apucarana,412580,PR - SAO PEDRO DO IVAI,8690
4,Sul,41,PR,Paraná,4106,MACRORREGIONAL NOROESTE,41014,14ª Rs Paranavai,412590,PR - SAO PEDRO DO PARANA,2661
4,Sul,41,PR,Paraná,4105,MACRORREGIONAL NORTE,41018,18ª Rs Cornelio Procopio,412600,PR - SAO SEBASTIAO DA AMOREIRA,8063
4,Sul,41,PR,Paraná,4106,MACRORREGIONAL NOROESTE,41013,13ª Rs Cianorte,412610,PR - SAO TOME,5232
4,Sul,41,PR,Paraná,4105,MACRORREGIONAL NORTE,41018,18ª Rs Cornelio Procopio,412620,PR - SAPOPEMA,6695
4,Sul,41,PR,Paraná,4106,MACRORREGIONAL NOROESTE,41015,15ª Rs Maringa,412625,PR - SARANDI,118455
4,Sul,41,PR,Paraná,4108,MACRORREGIAO OESTE,41007,7ª Rs Pato Branco,412627,PR - SAUDADE DO IGUACU,6108
4,Sul,41,PR,Paraná,4107,MACRORREGIONAL LESTE,41003,3ª Rs Ponta Grossa,412630,PR - SENGES,17270
4,Sul,41,PR,Paraná,4108,MACRORREGIAO OESTE,41009,9ª Rs Foz do Iguacu,412635,PR - SERRANOPOLIS DO IGUACU,5007
4,Sul,41,PR,Paraná,4105,MACRORREGIONAL NORTE,41018,18ª Rs Cornelio Procopio,412640,PR - SERTANEJA,5616
4,Sul,41,PR,Paraná,4105,MACRORREGIONAL NORTE,41017,17ª Rs Londrina,412650,PR - SERTANOPOLIS,15930
4,Sul,41,PR,Paraná,4105,MACRORREGIONAL NORTE,41019,19ª Rs Jacarezinho,412660,PR - SIQUEIRA CAMPOS,22811
4,Sul,41,PR,Paraná,4108,MACRORREGIAO OESTE,41007,7ª Rs Pato Branco,412665,PR - SULINA,3440
4,Sul,41,PR,Paraná,4105,MACRORREGIONAL NORTE,41017,17ª Rs Londrina,412667,PR - TAMARANA,10707
4,Sul,41,PR,Paraná,4106,MACRORREGIONAL NOROESTE,41014,14ª Rs Paranavai,412670,PR - TAMBOARA,4880
4,Sul,41,PR,Paraná,4106,MACRORREGIONAL NOROESTE,41013,13ª Rs Cianorte,412680,PR - TAPEJARA,15869
4,Sul,41,PR,Paraná,4106,MACRORREGIONAL NOROESTE,41012,12ª Rs Umuarama,412690,PR - TAPIRA,5745
4,Sul,41,PR,Paraná,4107,MACRORREGIONAL LESTE,41004,4ª Rs Irati,412700,PR - TEIXEIRA SOARES,9547
4,Sul,41,PR,Paraná,4107,MACRORREGIONAL LESTE,41021,21ª Rs Telemaco Borba,412710,PR - TELEMACO BORBA,75042
4,Sul,41,PR,Paraná,4106,MACRORREGIONAL NOROESTE,41011,11ª Rs Campo Mourao,412720,PR - TERRA BOA,17568
4,Sul,41,PR,Paraná,4106,MACRORREGIONAL NOROESTE,41014,14ª Rs Paranavai,412730,PR - TERRA RICA,14842
4,Sul,41,PR,Paraná,4108,MACRORREGIAO OESTE,41020,20ª Rs Toledo,412740,PR - TERRA ROXA,18119
4,Sul,41,PR,Paraná,4107,MACRORREGIONAL LESTE,41021,21ª Rs Telemaco Borba,412750,PR - TIBAGI,19961
4,Sul,41,PR,Paraná,4107,MACRORREGIONAL LESTE,41002,2ª Rs Metropolitana,412760,PR - TIJUCAS DO SUL,17621
4,Sul,41,PR,Paraná,4108,MACRORREGIAO OESTE,41020,20ª Rs Toledo,412770,PR - TOLEDO,150470
4,Sul,41,PR,Paraná,4105,MACRORREGIONAL NORTE,41019,19ª Rs Jacarezinho,412780,PR - TOMAZINA,8426
4,Sul,41,PR,Paraná,4108,MACRORREGIAO OESTE,41010,10ª Rs Cascavel,412785,PR - TRES BARRAS DO PARANA,11135
4,Sul,41,PR,Paraná,4107,MACRORREGIONAL LESTE,41002,2ª Rs Metropolitana,412788,PR - TUNAS DO PARANA,6219
4,Sul,41,PR,Paraná,4106,MACRORREGIONAL NOROESTE,41013,13ª Rs Cianorte,412790,PR - TUNEIRAS DO OESTE,8067
4,Sul,41,PR,Paraná,4108,MACRORREGIAO OESTE,41020,20ª Rs Toledo,412795,PR - TUPASSI,8077
4,Sul,41,PR,Paraná,4107,MACRORREGIONAL LESTE,41005,5ª Rs Guarapuava,412796,PR - TURVO,14231
4,Sul,41,PR,Paraná,4106,MACRORREGIONAL NOROESTE,41011,11ª Rs Campo Mourao,412800,PR - UBIRATA,24749
4,Sul,41,PR,Paraná,4106,MACRORREGIONAL NOROESTE,41012,12ª Rs Umuarama,412810,PR - UMUARAMA,117095
4,Sul,41,PR,Paraná,4107,MACRORREGIONAL LESTE,41006,6ª Rs Uniao da Vitoria,412820,PR - UNIAO DA VITORIA,55033
4,Sul,41,PR,Paraná,4106,MACRORREGIONAL NOROESTE,41015,15ª Rs Maringa,412830,PR - UNIFLOR,2136
4,Sul,41,PR,Paraná,4105,MACRORREGIONAL NORTE,41018,18ª Rs Cornelio Procopio,412840,PR - URAI,10406
4,Sul,41,PR,Paraná,4107,MACRORREGIONAL LESTE,41021,21ª Rs Telemaco Borba,412853,PR - VENTANIA,9681
4,Sul,41,PR,Paraná,4108,MACRORREGIAO OESTE,41010,10ª Rs Cascavel,412855,PR - VERA CRUZ DO OESTE,8215
4,Sul,41,PR,Paraná,4108,MACRORREGIAO OESTE,41008,8ª Rs Francisco Beltrao,412860,PR - VERE,7932
4,Sul,41,PR,Paraná,4107,MACRORREGIONAL LESTE,41005,5ª Rs Guarapuava,412865,PR - VIRMOND,3811
4,Sul,41,PR,Paraná,4108,MACRORREGIAO OESTE,41007,7ª Rs Pato Branco,412870,PR - VITORINO,9706
4,Sul,41,PR,Paraná,4105,MACRORREGIONAL NORTE,41019,19ª Rs Jacarezinho,412850,PR - WENCESLAU BRAZ,19188
4,Sul,41,PR,Paraná,4106,MACRORREGIONAL NOROESTE,41012,12ª Rs Umuarama,412880,PR - XAMBRE,5798
3,Sudeste,33,RJ,Rio de Janeiro,3312,MACRORREGIAO I,33001,Baia da Ilha Grande,330010,RJ - ANGRA DOS REIS,167434
3,Sudeste,33,RJ,Rio de Janeiro,3312,MACRORREGIAO I,33007,Noroeste,330015,RJ - APERIBE,11034
3,Sudeste,33,RJ,Rio de Janeiro,3312,MACRORREGIAO I,33002,Baixada Litoranea,330020,RJ - ARARUAMA,129671
3,Sudeste,33,RJ,Rio de Janeiro,3312,MACRORREGIAO I,33003,Centro-Sul,330022,RJ - AREAL,11828
3,Sudeste,33,RJ,Rio de Janeiro,3312,MACRORREGIAO I,33002,Baixada Litoranea,330023,RJ - ARMACAO DOS BUZIOS,40006
3,Sudeste,33,RJ,Rio de Janeiro,3312,MACRORREGIAO I,33002,Baixada Litoranea,330025,RJ - ARRAIAL DO CABO,30986
3,Sudeste,33,RJ,Rio de Janeiro,3312,MACRORREGIAO I,33004,Medio Paraiba,330030,RJ - BARRA DO PIRAI,92883
3,Sudeste,33,RJ,Rio de Janeiro,3312,MACRORREGIAO I,33004,Medio Paraiba,330040,RJ - BARRA MANSA,169894
3,Sudeste,33,RJ,Rio de Janeiro,3312,MACRORREGIAO I,33005,Metropolitana I,330045,RJ - BELFORD ROXO,483087
3,Sudeste,33,RJ,Rio de Janeiro,3312,MACRORREGIAO I,33009,Serrana,330050,RJ - BOM JARDIM,28102
3,Sudeste,33,RJ,Rio de Janeiro,3312,MACRORREGIAO I,33007,Noroeste,330060,RJ - BOM JESUS DO ITABAPOANA,35173
3,Sudeste,33,RJ,Rio de Janeiro,3312,MACRORREGIAO I,33002,Baixada Litoranea,330070,RJ - CABO FRIO,222161
3,Sudeste,33,RJ,Rio de Janeiro,3312,MACRORREGIAO I,33009,Serrana,330080,RJ - CACHOEIRAS DE MACACU,56943
3,Sudeste,33,RJ,Rio de Janeiro,3312,MACRORREGIAO I,33007,Noroeste,330090,RJ - CAMBUCI,14616
3,Sudeste,33,RJ,Rio de Janeiro,3312,MACRORREGIAO I,33008,Norte,330100,RJ - CAMPOS DOS GOYTACAZES,483540
3,Sudeste,33,RJ,Rio de Janeiro,3312,MACRORREGIAO I,33009,Serrana,330110,RJ - CANTAGALO,19390
3,Sudeste,33,RJ,Rio de Janeiro,3312,MACRORREGIAO I,33008,Norte,330093,RJ - CARAPEBUS,13847
3,Sudeste,33,RJ,Rio de Janeiro,3312,MACRORREGIAO I,33007,Noroeste,330115,RJ - CARDOSO MOREIRA,12958
3,Sudeste,33,RJ,Rio de Janeiro,3312,MACRORREGIAO I,33009,Serrana,330120,RJ - CARMO,17198
3,Sudeste,33,RJ,Rio de Janeiro,3312,MACRORREGIAO I,33002,Baixada Litoranea,330130,RJ - CASIMIRO DE ABREU,46110
3,Sudeste,33,RJ,Rio de Janeiro,3312,MACRORREGIAO I,33003,Centro-Sul,330095,RJ - COMENDADOR LEVY GASPARIAN,8741
3,Sudeste,33,RJ,Rio de Janeiro,3312,MACRORREGIAO I,33008,Norte,330140,RJ - CONCEICAO DE MACABU,21104
3,Sudeste,33,RJ,Rio de Janeiro,3312,MACRORREGIAO I,33009,Serrana,330150,RJ - CORDEIRO,20783
3,Sudeste,33,RJ,Rio de Janeiro,3312,MACRORREGIAO I,33009,Serrana,330160,RJ - DUAS BARRAS,10980
3,Sudeste,33,RJ,Rio de Janeiro,3312,MACRORREGIAO I,33005,Metropolitana I,330170,RJ - DUQUE DE CAXIAS,808161
3,Sudeste,33,RJ,Rio de Janeiro,3312,MACRORREGIAO I,33003,Centro-Sul,330180,RJ - ENGENHEIRO PAULO DE FRONTIN,12242
3,Sudeste,33,RJ,Rio de Janeiro,3312,MACRORREGIAO I,33009,Serrana,330185,RJ - GUAPIMIRIM,51696
3,Sudeste,33,RJ,Rio de Janeiro,3312,MACRORREGIAO I,33002,Baixada Litoranea,330187,RJ - IGUABA GRANDE,27920
3,Sudeste,33,RJ,Rio de Janeiro,3312,MACRORREGIAO I,33006,Metropolitana II,330190,RJ - ITABORAI,224267
3,Sudeste,33,RJ,Rio de Janeiro,3312,MACRORREGIAO I,33005,Metropolitana I,330200,RJ - ITAGUAI,116841
3,Sudeste,33,RJ,Rio de Janeiro,3312,MACRORREGIAO I,33007,Noroeste,330205,RJ - ITALVA,14073
3,Sudeste,33,RJ,Rio de Janeiro,3312,MACRORREGIAO I,33007,Noroeste,330210,RJ - ITAOCARA,22919
3,Sudeste,33,RJ,Rio de Janeiro,3312,MACRORREGIAO I,33007,Noroeste,330220,RJ - ITAPERUNA,101041
3,Sudeste,33,RJ,Rio de Janeiro,3312,MACRORREGIAO I,33004,Medio Paraiba,330225,RJ - ITATIAIA,30908
3,Sudeste,33,RJ,Rio de Janeiro,3312,MACRORREGIAO I,33005,Metropolitana I,330227,RJ - JAPERI,96289
3,Sudeste,33,RJ,Rio de Janeiro,3312,MACRORREGIAO I,33007,Noroeste,330230,RJ - LAJE DO MURIAE,7336
3,Sudeste,33,RJ,Rio de Janeiro,3312,MACRORREGIAO I,33008,Norte,330240,RJ - MACAE,246391
3,Sudeste,33,RJ,Rio de Janeiro,3312,MACRORREGIAO I,33009,Serrana,330245,RJ - MACUCO,5415
3,Sudeste,33,RJ,Rio de Janeiro,3312,MACRORREGIAO I,33005,Metropolitana I,330250,RJ - MAGE,228127
3,Sudeste,33,RJ,Rio de Janeiro,3312,MACRORREGIAO I,33001,Baia da Ilha Grande,330260,RJ - MANGARATIBA,41220
3,Sudeste,33,RJ,Rio de Janeiro,3312,MACRORREGIAO I,33006,Metropolitana II,330270,RJ - MARICA,197277
3,Sudeste,33,RJ,Rio de Janeiro,3312,MACRORREGIAO I,33003,Centro-Sul,330280,RJ - MENDES,17502
3,Sudeste,33,RJ,Rio de Janeiro,3312,MACRORREGIAO I,33005,Metropolitana I,330285,RJ - MESQUITA,167127
3,Sudeste,33,RJ,Rio de Janeiro,3312,MACRORREGIAO I,33003,Centro-Sul,330290,RJ - MIGUEL PEREIRA,26582
3,Sudeste,33,RJ,Rio de Janeiro,3312,MACRORREGIAO I,33007,Noroeste,330300,RJ - MIRACEMA,26881
3,Sudeste,33,RJ,Rio de Janeiro,3312,MACRORREGIAO I,33007,Noroeste,330310,RJ - NATIVIDADE,15074
3,Sudeste,33,RJ,Rio de Janeiro,3312,MACRORREGIAO I,33005,Metropolitana I,330320,RJ - NILOPOLIS,146774
3,Sudeste,33,RJ,Rio de Janeiro,3312,MACRORREGIAO I,33006,Metropolitana II,330330,RJ - NITEROI,481749
3,Sudeste,33,RJ,Rio de Janeiro,3312,MACRORREGIAO I,33009,Serrana,330340,RJ - NOVA FRIBURGO,189939
3,Sudeste,33,RJ,Rio de Janeiro,3312,MACRORREGIAO I,33005,Metropolitana I,330350,RJ - NOVA IGUACU,785867
3,Sudeste,33,RJ,Rio de Janeiro,3312,MACRORREGIAO I,33003,Centro-Sul,330360,RJ - PARACAMBI,41375
3,Sudeste,33,RJ,Rio de Janeiro,3312,MACRORREGIAO I,33003,Centro-Sul,330370,RJ - PARAIBA DO SUL,42063
3,Sudeste,33,RJ,Rio de Janeiro,3312,MACRORREGIAO I,33001,Baia da Ilha Grande,330380,RJ - PARATY,45243
3,Sudeste,33,RJ,Rio de Janeiro,3312,MACRORREGIAO I,33003,Centro-Sul,330385,RJ - PATY DO ALFERES,29619
3,Sudeste,33,RJ,Rio de Janeiro,3312,MACRORREGIAO I,33009,Serrana,330390,RJ - PETROPOLIS,278881
3,Sudeste,33,RJ,Rio de Janeiro,3312,MACRORREGIAO I,33004,Medio Paraiba,330395,RJ - PINHEIRAL,24298
3,Sudeste,33,RJ,Rio de Janeiro,3312,MACRORREGIAO I,33004,Medio Paraiba,330400,RJ - PIRAI,27474
3,Sudeste,33,RJ,Rio de Janeiro,3312,MACRORREGIAO I,33007,Noroeste,330410,RJ - PORCIUNCULA,17288
3,Sudeste,33,RJ,Rio de Janeiro,3312,MACRORREGIAO I,33004,Medio Paraiba,330411,RJ - PORTO REAL,20373
3,Sudeste,33,RJ,Rio de Janeiro,3312,MACRORREGIAO I,33004,Medio Paraiba,330412,RJ - QUATIS,13682
3,Sudeste,33,RJ,Rio de Janeiro,3312,MACRORREGIAO I,33005,Metropolitana I,330414,RJ - QUEIMADOS,140523
3,Sudeste,33,RJ,Rio de Janeiro,3312,MACRORREGIAO I,33008,Norte,330415,RJ - QUISSAMA,22393
3,Sudeste,33,RJ,Rio de Janeiro,3312,MACRORREGIAO I,33004,Medio Paraiba,330420,RJ - RESENDE,129612
3,Sudeste,33,RJ,Rio de Janeiro,3312,MACRORREGIAO I,33006,Metropolitana II,330430,RJ - RIO BONITO,56276
3,Sudeste,33,RJ,Rio de Janeiro,3312,MACRORREGIAO I,33004,Medio Paraiba,330440,RJ - RIO CLARO,17401
3,Sudeste,33,RJ,Rio de Janeiro,3312,MACRORREGIAO I,33004,Medio Paraiba,330450,RJ - RIO DAS FLORES,8954
3,Sudeste,33,RJ,Rio de Janeiro,3312,MACRORREGIAO I,33002,Baixada Litoranea,330452,RJ - RIO DAS OSTRAS,156491
3,Sudeste,33,RJ,Rio de Janeiro,3312,MACRORREGIAO I,33005,Metropolitana I,330455,RJ - RIO DE JANEIRO,6211223
3,Sudeste,33,RJ,Rio de Janeiro,3312,MACRORREGIAO I,33009,Serrana,330460,RJ - SANTA MARIA MADALENA,10232
3,Sudeste,33,RJ,Rio de Janeiro,3312,MACRORREGIAO I,33007,Noroeste,330470,RJ - SANTO ANTONIO DE PADUA,41325
3,Sudeste,33,RJ,Rio de Janeiro,3312,MACRORREGIAO I,33008,Norte,330480,RJ - SAO FIDELIS,38961
3,Sudeste,33,RJ,Rio de Janeiro,3312,MACRORREGIAO I,33008,Norte,330475,RJ - SAO FRANCISCO DE ITABAPOANA,45059
3,Sudeste,33,RJ,Rio de Janeiro,3312,MACRORREGIAO I,33006,Metropolitana II,330490,RJ - SAO GONCALO,896744
3,Sudeste,33,RJ,Rio de Janeiro,3312,MACRORREGIAO I,33008,Norte,330500,RJ - SAO JOAO DA BARRA,36573
3,Sudeste,33,RJ,Rio de Janeiro,3312,MACRORREGIAO I,33005,Metropolitana I,330510,RJ - SAO JOAO DE MERITI,440962
3,Sudeste,33,RJ,Rio de Janeiro,3312,MACRORREGIAO I,33007,Noroeste,330513,RJ - SAO JOSE DE UBA,7070
3,Sudeste,33,RJ,Rio de Janeiro,3312,MACRORREGIAO I,33009,Serrana,330515,RJ - SAO JOSE DO VALE DO RIO PRETO,22080
3,Sudeste,33,RJ,Rio de Janeiro,3312,MACRORREGIAO I,33002,Baixada Litoranea,330520,RJ - SAO PEDRO DA ALDEIA,104029
3,Sudeste,33,RJ,Rio de Janeiro,3312,MACRORREGIAO I,33009,Serrana,330530,RJ - SAO SEBASTIAO DO ALTO,7750
3,Sudeste,33,RJ,Rio de Janeiro,3312,MACRORREGIAO I,33003,Centro-Sul,330540,RJ - SAPUCAIA,17729
3,Sudeste,33,RJ,Rio de Janeiro,3312,MACRORREGIAO I,33002,Baixada Litoranea,330550,RJ - SAQUAREMA,89559
3,Sudeste,33,RJ,Rio de Janeiro,3312,MACRORREGIAO I,33005,Metropolitana I,330555,RJ - SEROPEDICA,80596
3,Sudeste,33,RJ,Rio de Janeiro,3312,MACRORREGIAO I,33006,Metropolitana II,330560,RJ - SILVA JARDIM,21352
3,Sudeste,33,RJ,Rio de Janeiro,3312,MACRORREGIAO I,33009,Serrana,330570,RJ - SUMIDOURO,15206
3,Sudeste,33,RJ,Rio de Janeiro,3312,MACRORREGIAO I,33006,Metropolitana II,330575,RJ - TANGUA,31086
3,Sudeste,33,RJ,Rio de Janeiro,3312,MACRORREGIAO I,33009,Serrana,330580,RJ - TERESOPOLIS,165123
3,Sudeste,33,RJ,Rio de Janeiro,3312,MACRORREGIAO I,33009,Serrana,330590,RJ - TRAJANO DE MORAES,10302
3,Sudeste,33,RJ,Rio de Janeiro,3312,MACRORREGIAO I,33003,Centro-Sul,330600,RJ - TRES RIOS,78346
3,Sudeste,33,RJ,Rio de Janeiro,3312,MACRORREGIAO I,33004,Medio Paraiba,330610,RJ - VALENCA,68088
3,Sudeste,33,RJ,Rio de Janeiro,3312,MACRORREGIAO I,33007,Noroeste,330615,RJ - VARRE-SAI,10207
3,Sudeste,33,RJ,Rio de Janeiro,3312,MACRORREGIAO I,33003,Centro-Sul,330620,RJ - VASSOURAS,33976
3,Sudeste,33,RJ,Rio de Janeiro,3312,MACRORREGIAO I,33004,Medio Paraiba,330630,RJ - VOLTA REDONDA,261563
2,Nordeste,24,RN,Rio Grande do Norte,2402,MACRORREGIAO I,24004,4ª Regiao de Saude - Caico,240010,RN - ACARI,10597
2,Nordeste,24,RN,Rio Grande do Norte,2401,MACRORREGIAO II,24008,8ª Regiao de Saude - Acu,240020,RN - ACU,56496
2,Nordeste,24,RN,Rio Grande do Norte,2402,MACRORREGIAO I,24003,3ª Regiao de Saude - Joao Camara,240030,RN - AFONSO BEZERRA,10839
2,Nordeste,24,RN,Rio Grande do Norte,2401,MACRORREGIAO II,24006,6ª Regiao de Saude - Pau dos Ferros,240040,RN - AGUA NOVA,2946
2,Nordeste,24,RN,Rio Grande do Norte,2401,MACRORREGIAO II,24006,6ª Regiao de Saude - Pau dos Ferros,240050,RN - ALEXANDRIA,13640
2,Nordeste,24,RN,Rio Grande do Norte,2401,MACRORREGIAO II,24006,6ª Regiao de Saude - Pau dos Ferros,240060,RN - ALMINO AFONSO,4687
2,Nordeste,24,RN,Rio Grande do Norte,2401,MACRORREGIAO II,24008,8ª Regiao de Saude - Acu,240070,RN - ALTO DO RODRIGUES,12484
2,Nordeste,24,RN,Rio Grande do Norte,2401,MACRORREGIAO II,24008,8ª Regiao de Saude - Acu,240080,RN - ANGICOS,11632
2,Nordeste,24,RN,Rio Grande do Norte,2401,MACRORREGIAO II,24006,6ª Regiao de Saude - Pau dos Ferros,240090,RN - ANTONIO MARTINS,6577
2,Nordeste,24,RN,Rio Grande do Norte,2401,MACRORREGIAO II,24002,2ª Regiao de Saude - Mossoro,240100,RN - APODI,35897
2,Nordeste,24,RN,Rio Grande do Norte,2401,MACRORREGIAO II,24002,2ª Regiao de Saude - Mossoro,240110,RN - AREIA BRANCA,24093
2,Nordeste,24,RN,Rio Grande do Norte,2402,MACRORREGIAO I,24001,1ª Regiao de Saude - Sao Jose de Mipibu,240120,RN - ARES,13251
2,Nordeste,24,RN,Rio Grande do Norte,2401,MACRORREGIAO II,24002,2ª Regiao de Saude - Mossoro,240130,RN - AUGUSTO SEVERO,9730
2,Nordeste,24,RN,Rio Grande do Norte,2402,MACRORREGIAO I,24001,1ª Regiao de Saude - Sao Jose de Mipibu,240140,RN - BAIA FORMOSA,8825
2,Nordeste,24,RN,Rio Grande do Norte,2401,MACRORREGIAO II,24002,2ª Regiao de Saude - Mossoro,240145,RN - BARAUNA,26913
2,Nordeste,24,RN,Rio Grande do Norte,2402,MACRORREGIAO I,24005,5ª Regiao de Saude - Santa Cruz,240150,RN - BARCELONA,3986
2,Nordeste,24,RN,Rio Grande do Norte,2402,MACRORREGIAO I,24003,3ª Regiao de Saude - Joao Camara,240160,RN - BENTO FERNANDES,4807
2,Nordeste,24,RN,Rio Grande do Norte,2402,MACRORREGIAO I,24004,4ª Regiao de Saude - Caico,240165,RN - BODO,2306
2,Nordeste,24,RN,Rio Grande do Norte,2402,MACRORREGIAO I,24005,5ª Regiao de Saude - Santa Cruz,240170,RN - BOM JESUS,9952
2,Nordeste,24,RN,Rio Grande do Norte,2402,MACRORREGIAO I,24001,1ª Regiao de Saude - Sao Jose de Mipibu,240180,RN - BREJINHO,12202
2,Nordeste,24,RN,Rio Grande do Norte,2402,MACRORREGIAO I,24003,3ª Regiao de Saude - Joao Camara,240185,RN - CAICARA DO NORTE,6293
2,Nordeste,24,RN,Rio Grande do Norte,2402,MACRORREGIAO I,24003,3ª Regiao de Saude - Joao Camara,240190,RN - CAICARA DO RIO DO VENTO,3268
2,Nordeste,24,RN,Rio Grande do Norte,2402,MACRORREGIAO I,24004,4ª Regiao de Saude - Caico,240200,RN - CAICO,61146
2,Nordeste,24,RN,Rio Grande do Norte,2402,MACRORREGIAO I,24005,5ª Regiao de Saude - Santa Cruz,240210,RN - CAMPO REDONDO,10215
2,Nordeste,24,RN,Rio Grande do Norte,2402,MACRORREGIAO I,24001,1ª Regiao de Saude - Sao Jose de Mipibu,240220,RN - CANGUARETAMA,29668
2,Nordeste,24,RN,Rio Grande do Norte,2401,MACRORREGIAO II,24002,2ª Regiao de Saude - Mossoro,240230,RN - CARAUBAS,19614
2,Nordeste,24,RN,Rio Grande do Norte,2402,MACRORREGIAO I,24004,4ª Regiao de Saude - Caico,240240,RN - CARNAUBA DOS DANTAS,7992
2,Nordeste,24,RN,Rio Grande do Norte,2401,MACRORREGIAO II,24008,8ª Regiao de Saude - Acu,240250,RN - CARNAUBAIS,9714
2,Nordeste,24,RN,Rio Grande do Norte,2402,MACRORREGIAO I,24003,3ª Regiao de Saude - Joao Camara,240260,RN - CEARA-MIRIM,79115
2,Nordeste,24,RN,Rio Grande do Norte,2402,MACRORREGIAO I,24004,4ª Regiao de Saude - Caico,240270,RN - CERRO CORA,11000
2,Nordeste,24,RN,Rio Grande do Norte,2402,MACRORREGIAO I,24005,5ª Regiao de Saude - Santa Cruz,240280,RN - CORONEL EZEQUIEL,5117
2,Nordeste,24,RN,Rio Grande do Norte,2401,MACRORREGIAO II,24006,6ª Regiao de Saude - Pau dos Ferros,240290,RN - CORONEL JOAO PESSOA,4237
2,Nordeste,24,RN,Rio Grande do Norte,2402,MACRORREGIAO I,24004,4ª Regiao de Saude - Caico,240300,RN - CRUZETA,8005
2,Nordeste,24,RN,Rio Grande do Norte,2402,MACRORREGIAO I,24004,4ª Regiao de Saude - Caico,240310,RN - CURRAIS NOVOS,41313
2,Nordeste,24,RN,Rio Grande do Norte,2401,MACRORREGIAO II,24006,6ª Regiao de Saude - Pau dos Ferros,240320,RN - DOUTOR SEVERIANO,7044
2,Nordeste,24,RN,Rio Grande do Norte,2401,MACRORREGIAO II,24006,6ª Regiao de Saude - Pau dos Ferros,240330,RN - ENCANTO,6016
2,Nordeste,24,RN,Rio Grande do Norte,2402,MACRORREGIAO I,24004,4ª Regiao de Saude - Caico,240340,RN - EQUADOR,5360
2,Nordeste,24,RN,Rio Grande do Norte,2402,MACRORREGIAO I,24001,1ª Regiao de Saude - Sao Jose de Mipibu,240350,RN - ESPIRITO SANTO,10620
2,Nordeste,24,RN,Rio Grande do Norte,2402,MACRORREGIAO I,24007,7ª Regiao de Saude - Metropolitana,240360,RN - EXTREMOZ,61635
2,Nordeste,24,RN,Rio Grande do Norte,2401,MACRORREGIAO II,24002,2ª Regiao de Saude - Mossoro,240370,RN - FELIPE GUERRA,6259
2,Nordeste,24,RN,Rio Grande do Norte,2401,MACRORREGIAO II,24008,8ª Regiao de Saude - Acu,240375,RN - FERNANDO PEDROZA,2938
2,Nordeste,24,RN,Rio Grande do Norte,2402,MACRORREGIAO I,24004,4ª Regiao de Saude - Caico,240380,RN - FLORANIA,10196
2,Nordeste,24,RN,Rio Grande do Norte,2401,MACRORREGIAO II,24006,6ª Regiao de Saude - Pau dos Ferros,240390,RN - FRANCISCO DANTAS,2700
2,Nordeste,24,RN,Rio Grande do Norte,2401,MACRORREGIAO II,24006,6ª Regiao de Saude - Pau dos Ferros,240400,RN - FRUTUOSO GOMES,4122
2,Nordeste,24,RN,Rio Grande do Norte,2402,MACRORREGIAO I,24003,3ª Regiao de Saude - Joao Camara,240410,RN - GALINHOS,2104
2,Nordeste,24,RN,Rio Grande do Norte,2402,MACRORREGIAO I,24001,1ª Regiao de Saude - Sao Jose de Mipibu,240420,RN - GOIANINHA,26741
2,Nordeste,24,RN,Rio Grande do Norte,2401,MACRORREGIAO II,24002,2ª Regiao de Saude - Mossoro,240430,RN - GOVERNADOR DIX-SEPT ROSADO,11932
2,Nordeste,24,RN,Rio Grande do Norte,2401,MACRORREGIAO II,24002,2ª Regiao de Saude - Mossoro,240440,RN - GROSSOS,9924
2,Nordeste,24,RN,Rio Grande do Norte,2402,MACRORREGIAO I,24003,3ª Regiao de Saude - Joao Camara,240450,RN - GUAMARE,15295
2,Nordeste,24,RN,Rio Grande do Norte,2402,MACRORREGIAO I,24003,3ª Regiao de Saude - Joao Camara,240460,RN - IELMO MARINHO,11615
2,Nordeste,24,RN,Rio Grande do Norte,2401,MACRORREGIAO II,24008,8ª Regiao de Saude - Acu,240470,RN - IPANGUACU,14131
2,Nordeste,24,RN,Rio Grande do Norte,2402,MACRORREGIAO I,24004,4ª Regiao de Saude - Caico,240480,RN - IPUEIRA,2035
2,Nordeste,24,RN,Rio Grande do Norte,2401,MACRORREGIAO II,24008,8ª Regiao de Saude - Acu,240485,RN - ITAJA,7292
2,Nordeste,24,RN,Rio Grande do Norte,2401,MACRORREGIAO II,24006,6ª Regiao de Saude - Pau dos Ferros,240490,RN - ITAU,5320
2,Nordeste,24,RN,Rio Grande do Norte,2402,MACRORREGIAO I,24005,5ª Regiao de Saude - Santa Cruz,240500,RN - JACANA,7834
2,Nordeste,24,RN,Rio Grande do Norte,2402,MACRORREGIAO I,24003,3ª Regiao de Saude - Joao Camara,240510,RN - JANDAIRA,6562
2,Nordeste,24,RN,Rio Grande do Norte,2401,MACRORREGIAO II,24002,2ª Regiao de Saude - Mossoro,240520,RN - JANDUIS,4746
2,Nordeste,24,RN,Rio Grande do Norte,2402,MACRORREGIAO I,24005,5ª Regiao de Saude - Santa Cruz,240530,RN - JANUARIO CICCO,8591
2,Nordeste,24,RN,Rio Grande do Norte,2402,MACRORREGIAO I,24005,5ª Regiao de Saude - Santa Cruz,240540,RN - JAPI,5117
2,Nordeste,24,RN,Rio Grande do Norte,2402,MACRORREGIAO I,24003,3ª Regiao de Saude - Joao Camara,240550,RN - JARDIM DE ANGICOS,2437
2,Nordeste,24,RN,Rio Grande do Norte,2402,MACRORREGIAO I,24004,4ª Regiao de Saude - Caico,240560,RN - JARDIM DE PIRANHAS,13977
2,Nordeste,24,RN,Rio Grande do Norte,2402,MACRORREGIAO I,24004,4ª Regiao de Saude - Caico,240570,RN - JARDIM DO SERIDO,11655
2,Nordeste,24,RN,Rio Grande do Norte,2402,MACRORREGIAO I,24003,3ª Regiao de Saude - Joao Camara,240580,RN - JOAO CAMARA,33290
2,Nordeste,24,RN,Rio Grande do Norte,2401,MACRORREGIAO II,24006,6ª Regiao de Saude - Pau dos Ferros,240590,RN - JOAO DIAS,2076
2,Nordeste,24,RN,Rio Grande do Norte,2401,MACRORREGIAO II,24006,6ª Regiao de Saude - Pau dos Ferros,240600,RN - JOSE DA PENHA,5803
2,Nordeste,24,RN,Rio Grande do Norte,2402,MACRORREGIAO I,24004,4ª Regiao de Saude - Caico,240610,RN - JUCURUTU,17793
2,Nordeste,24,RN,Rio Grande do Norte,2402,MACRORREGIAO I,24001,1ª Regiao de Saude - Sao Jose de Mipibu,240615,RN - JUNDIA,3739
2,Nordeste,24,RN,Rio Grande do Norte,2402,MACRORREGIAO I,24001,1ª Regiao de Saude - Sao Jose de Mipibu,240620,RN - LAGOA D'ANTA,6513
2,Nordeste,24,RN,Rio Grande do Norte,2402,MACRORREGIAO I,24001,1ª Regiao de Saude - Sao Jose de Mipibu,240630,RN - LAGOA DE PEDRAS,7338
2,Nordeste,24,RN,Rio Grande do Norte,2402,MACRORREGIAO I,24005,5ª Regiao de Saude - Santa Cruz,240640,RN - LAGOA DE VELHOS,2567
2,Nordeste,24,RN,Rio Grande do Norte,2402,MACRORREGIAO I,24004,4ª Regiao de Saude - Caico,240650,RN - LAGOA NOVA,15573
2,Nordeste,24,RN,Rio Grande do Norte,2402,MACRORREGIAO I,24001,1ª Regiao de Saude - Sao Jose de Mipibu,240660,RN - LAGOA SALGADA,8319
2,Nordeste,24,RN,Rio Grande do Norte,2402,MACRORREGIAO I,24003,3ª Regiao de Saude - Joao Camara,240670,RN - LAJES,9866
2,Nordeste,24,RN,Rio Grande do Norte,2402,MACRORREGIAO I,24005,5ª Regiao de Saude - Santa Cruz,240680,RN - LAJES PINTADAS,4787
2,Nordeste,24,RN,Rio Grande do Norte,2401,MACRORREGIAO II,24006,6ª Regiao de Saude - Pau dos Ferros,240690,RN - LUCRECIA,3490
2,Nordeste,24,RN,Rio Grande do Norte,2401,MACRORREGIAO II,24006,6ª Regiao de Saude - Pau dos Ferros,240700,RN - LUIS GOMES,9070
2,Nordeste,24,RN,Rio Grande do Norte,2402,MACRORREGIAO I,24007,7ª Regiao de Saude - Metropolitana,240710,RN - MACAIBA,82249
2,Nordeste,24,RN,Rio Grande do Norte,2402,MACRORREGIAO I,24003,3ª Regiao de Saude - Joao Camara,240720,RN - MACAU,27369
2,Nordeste,24,RN,Rio Grande do Norte,2401,MACRORREGIAO II,24006,6ª Regiao de Saude - Pau dos Ferros,240725,RN - MAJOR SALES,3924
2,Nordeste,24,RN,Rio Grande do Norte,2401,MACRORREGIAO II,24006,6ª Regiao de Saude - Pau dos Ferros,240730,RN - MARCELINO VIEIRA,7896
2,Nordeste,24,RN,Rio Grande do Norte,2401,MACRORREGIAO II,24006,6ª Regiao de Saude - Pau dos Ferros,240740,RN - MARTINS,8179
2,Nordeste,24,RN,Rio Grande do Norte,2402,MACRORREGIAO I,24003,3ª Regiao de Saude - Joao Camara,240750,RN - MAXARANGUAPE,10255
2,Nordeste,24,RN,Rio Grande do Norte,2401,MACRORREGIAO II,24002,2ª Regiao de Saude - Mossoro,240760,RN - MESSIAS TARGINO,4274
2,Nordeste,24,RN,Rio Grande do Norte,2402,MACRORREGIAO I,24001,1ª Regiao de Saude - Sao Jose de Mipibu,240770,RN - MONTANHAS,11444
2,Nordeste,24,RN,Rio Grande do Norte,2402,MACRORREGIAO I,24001,1ª Regiao de Saude - Sao Jose de Mipibu,240780,RN - MONTE ALEGRE,23031
2,Nordeste,24,RN,Rio Grande do Norte,2402,MACRORREGIAO I,24001,1ª Regiao de Saude - Sao Jose de Mipibu,240790,RN - MONTE DAS GAMELEIRAS,2276
2,Nordeste,24,RN,Rio Grande do Norte,2401,MACRORREGIAO II,24002,2ª Regiao de Saude - Mossoro,240800,RN - MOSSORO,264577
2,Nordeste,24,RN,Rio Grande do Norte,2402,MACRORREGIAO I,24007,7ª Regiao de Saude - Metropolitana,240810,RN - NATAL,751300
2,Nordeste,24,RN,Rio Grande do Norte,2402,MACRORREGIAO I,24001,1ª Regiao de Saude - Sao Jose de Mipibu,240820,RN - NISIA FLORESTA,31942
2,Nordeste,24,RN,Rio Grande do Norte,2402,MACRORREGIAO I,24001,1ª Regiao de Saude - Sao Jose de Mipibu,240830,RN - NOVA CRUZ,34204
2,Nordeste,24,RN,Rio Grande do Norte,2401,MACRORREGIAO II,24006,6ª Regiao de Saude - Pau dos Ferros,240840,RN - OLHO-D'AGUA DO BORGES,3905
1,Norte,11,RO,Rondônia,1101,MACRORREGIONAL II (CACOAL),11003,Central,110012,RO - JI-PARANA,124333
2,Nordeste,24,RN,Rio Grande do Norte,2402,MACRORREGIAO I,24004,4ª Regiao de Saude - Caico,240850,RN - OURO BRANCO,4913
2,Nordeste,24,RN,Rio Grande do Norte,2401,MACRORREGIAO II,24006,6ª Regiao de Saude - Pau dos Ferros,240860,RN - PARANA,3934
2,Nordeste,24,RN,Rio Grande do Norte,2401,MACRORREGIAO II,24008,8ª Regiao de Saude - Acu,240870,RN - PARAU,3579
2,Nordeste,24,RN,Rio Grande do Norte,2402,MACRORREGIAO I,24003,3ª Regiao de Saude - Joao Camara,240880,RN - PARAZINHO,4801
2,Nordeste,24,RN,Rio Grande do Norte,2402,MACRORREGIAO I,24004,4ª Regiao de Saude - Caico,240890,RN - PARELHAS,21499
2,Nordeste,24,RN,Rio Grande do Norte,2402,MACRORREGIAO I,24007,7ª Regiao de Saude - Metropolitana,240325,RN - PARNAMIRIM,252716
2,Nordeste,24,RN,Rio Grande do Norte,2402,MACRORREGIAO I,24001,1ª Regiao de Saude - Sao Jose de Mipibu,240910,RN - PASSA E FICA,11102
2,Nordeste,24,RN,Rio Grande do Norte,2402,MACRORREGIAO I,24001,1ª Regiao de Saude - Sao Jose de Mipibu,240920,RN - PASSAGEM,3115
2,Nordeste,24,RN,Rio Grande do Norte,2401,MACRORREGIAO II,24006,6ª Regiao de Saude - Pau dos Ferros,240930,RN - PATU,11007
2,Nordeste,24,RN,Rio Grande do Norte,2401,MACRORREGIAO II,24006,6ª Regiao de Saude - Pau dos Ferros,240940,RN - PAU DOS FERROS,30479
2,Nordeste,24,RN,Rio Grande do Norte,2402,MACRORREGIAO I,24003,3ª Regiao de Saude - Joao Camara,240950,RN - PEDRA GRANDE,3618
2,Nordeste,24,RN,Rio Grande do Norte,2402,MACRORREGIAO I,24003,3ª Regiao de Saude - Joao Camara,240960,RN - PEDRA PRETA,2441
2,Nordeste,24,RN,Rio Grande do Norte,2402,MACRORREGIAO I,24003,3ª Regiao de Saude - Joao Camara,240970,RN - PEDRO AVELINO,6242
2,Nordeste,24,RN,Rio Grande do Norte,2402,MACRORREGIAO I,24001,1ª Regiao de Saude - Sao Jose de Mipibu,240980,RN - PEDRO VELHO,13824
2,Nordeste,24,RN,Rio Grande do Norte,2401,MACRORREGIAO II,24008,8ª Regiao de Saude - Acu,240990,RN - PENDENCIAS,12278
2,Nordeste,24,RN,Rio Grande do Norte,2401,MACRORREGIAO II,24006,6ª Regiao de Saude - Pau dos Ferros,241000,RN - PILOES,2965
2,Nordeste,24,RN,Rio Grande do Norte,2402,MACRORREGIAO I,24003,3ª Regiao de Saude - Joao Camara,241010,RN - POCO BRANCO,12390
2,Nordeste,24,RN,Rio Grande do Norte,2401,MACRORREGIAO II,24006,6ª Regiao de Saude - Pau dos Ferros,241020,RN - PORTALEGRE,7601
2,Nordeste,24,RN,Rio Grande do Norte,2401,MACRORREGIAO II,24008,8ª Regiao de Saude - Acu,241025,RN - PORTO DO MANGUE,5228
2,Nordeste,24,RN,Rio Grande do Norte,2402,MACRORREGIAO I,24003,3ª Regiao de Saude - Joao Camara,241040,RN - PUREZA,9362
2,Nordeste,24,RN,Rio Grande do Norte,2401,MACRORREGIAO II,24006,6ª Regiao de Saude - Pau dos Ferros,241050,RN - RAFAEL FERNANDES,5432
2,Nordeste,24,RN,Rio Grande do Norte,2401,MACRORREGIAO II,24006,6ª Regiao de Saude - Pau dos Ferros,241060,RN - RAFAEL GODEIRO,2934
2,Nordeste,24,RN,Rio Grande do Norte,2401,MACRORREGIAO II,24006,6ª Regiao de Saude - Pau dos Ferros,241070,RN - RIACHO DA CRUZ,2701
2,Nordeste,24,RN,Rio Grande do Norte,2401,MACRORREGIAO II,24006,6ª Regiao de Saude - Pau dos Ferros,241080,RN - RIACHO DE SANTANA,4127
2,Nordeste,24,RN,Rio Grande do Norte,2402,MACRORREGIAO I,24003,3ª Regiao de Saude - Joao Camara,241090,RN - RIACHUELO,7389
2,Nordeste,24,RN,Rio Grande do Norte,2402,MACRORREGIAO I,24003,3ª Regiao de Saude - Joao Camara,240895,RN - RIO DO FOGO,10351
2,Nordeste,24,RN,Rio Grande do Norte,2401,MACRORREGIAO II,24006,6ª Regiao de Saude - Pau dos Ferros,241100,RN - RODOLFO FERNANDES,4242
2,Nordeste,24,RN,Rio Grande do Norte,2402,MACRORREGIAO I,24005,5ª Regiao de Saude - Santa Cruz,241110,RN - RUY BARBOSA,3206
2,Nordeste,24,RN,Rio Grande do Norte,2402,MACRORREGIAO I,24005,5ª Regiao de Saude - Santa Cruz,241120,RN - SANTA CRUZ,37313
2,Nordeste,24,RN,Rio Grande do Norte,2402,MACRORREGIAO I,24005,5ª Regiao de Saude - Santa Cruz,240933,RN - SANTA MARIA,4847
2,Nordeste,24,RN,Rio Grande do Norte,2402,MACRORREGIAO I,24004,4ª Regiao de Saude - Caico,241140,RN - SANTANA DO MATOS,12456
2,Nordeste,24,RN,Rio Grande do Norte,2402,MACRORREGIAO I,24004,4ª Regiao de Saude - Caico,241142,RN - SANTANA DO SERIDO,2696
2,Nordeste,24,RN,Rio Grande do Norte,2402,MACRORREGIAO I,24001,1ª Regiao de Saude - Sao Jose de Mipibu,241150,RN - SANTO ANTONIO,22177
2,Nordeste,24,RN,Rio Grande do Norte,2402,MACRORREGIAO I,24003,3ª Regiao de Saude - Joao Camara,241160,RN - SAO BENTO DO NORTE,3304
2,Nordeste,24,RN,Rio Grande do Norte,2402,MACRORREGIAO I,24005,5ª Regiao de Saude - Santa Cruz,241170,RN - SAO BENTO DO TRAIRI,3792
2,Nordeste,24,RN,Rio Grande do Norte,2402,MACRORREGIAO I,24004,4ª Regiao de Saude - Caico,241180,RN - SAO FERNANDO,3492
2,Nordeste,24,RN,Rio Grande do Norte,2401,MACRORREGIAO II,24006,6ª Regiao de Saude - Pau dos Ferros,241190,RN - SAO FRANCISCO DO OESTE,4161
2,Nordeste,24,RN,Rio Grande do Norte,2402,MACRORREGIAO I,24007,7ª Regiao de Saude - Metropolitana,241200,RN - SAO GONCALO DO AMARANTE,115838
2,Nordeste,24,RN,Rio Grande do Norte,2402,MACRORREGIAO I,24004,4ª Regiao de Saude - Caico,241210,RN - SAO JOAO DO SABUGI,5956
2,Nordeste,24,RN,Rio Grande do Norte,2402,MACRORREGIAO I,24001,1ª Regiao de Saude - Sao Jose de Mipibu,241220,RN - SAO JOSE DE MIPIBU,47286
2,Nordeste,24,RN,Rio Grande do Norte,2402,MACRORREGIAO I,24005,5ª Regiao de Saude - Santa Cruz,241230,RN - SAO JOSE DO CAMPESTRE,11121
2,Nordeste,24,RN,Rio Grande do Norte,2402,MACRORREGIAO I,24004,4ª Regiao de Saude - Caico,241240,RN - SAO JOSE DO SERIDO,4558
2,Nordeste,24,RN,Rio Grande do Norte,2401,MACRORREGIAO II,24006,6ª Regiao de Saude - Pau dos Ferros,241250,RN - SAO MIGUEL,23537
2,Nordeste,24,RN,Rio Grande do Norte,2402,MACRORREGIAO I,24003,3ª Regiao de Saude - Joao Camara,241255,RN - SAO MIGUEL DO GOSTOSO,10221
2,Nordeste,24,RN,Rio Grande do Norte,2402,MACRORREGIAO I,24005,5ª Regiao de Saude - Santa Cruz,241260,RN - SAO PAULO DO POTENGI,16786
2,Nordeste,24,RN,Rio Grande do Norte,2402,MACRORREGIAO I,24005,5ª Regiao de Saude - Santa Cruz,241270,RN - SAO PEDRO,5776
2,Nordeste,24,RN,Rio Grande do Norte,2401,MACRORREGIAO II,24008,8ª Regiao de Saude - Acu,241280,RN - SAO RAFAEL,7711
2,Nordeste,24,RN,Rio Grande do Norte,2402,MACRORREGIAO I,24005,5ª Regiao de Saude - Santa Cruz,241290,RN - SAO TOME,9972
2,Nordeste,24,RN,Rio Grande do Norte,2402,MACRORREGIAO I,24004,4ª Regiao de Saude - Caico,241300,RN - SAO VICENTE,6310
2,Nordeste,24,RN,Rio Grande do Norte,2402,MACRORREGIAO I,24005,5ª Regiao de Saude - Santa Cruz,241310,RN - SENADOR ELOI DE SOUZA,5807
2,Nordeste,24,RN,Rio Grande do Norte,2402,MACRORREGIAO I,24001,1ª Regiao de Saude - Sao Jose de Mipibu,241320,RN - SENADOR GEORGINO AVELINO,4065
2,Nordeste,24,RN,Rio Grande do Norte,2402,MACRORREGIAO I,24005,5ª Regiao de Saude - Santa Cruz,241030,RN - SERRA CAIADA,10743
2,Nordeste,24,RN,Rio Grande do Norte,2402,MACRORREGIAO I,24001,1ª Regiao de Saude - Sao Jose de Mipibu,241330,RN - SERRA DE SAO BENTO,5703
2,Nordeste,24,RN,Rio Grande do Norte,2401,MACRORREGIAO II,24002,2ª Regiao de Saude - Mossoro,241335,RN - SERRA DO MEL,13091
2,Nordeste,24,RN,Rio Grande do Norte,2402,MACRORREGIAO I,24004,4ª Regiao de Saude - Caico,241340,RN - SERRA NEGRA DO NORTE,7597
2,Nordeste,24,RN,Rio Grande do Norte,2402,MACRORREGIAO I,24001,1ª Regiao de Saude - Sao Jose de Mipibu,241350,RN - SERRINHA,6436
2,Nordeste,24,RN,Rio Grande do Norte,2401,MACRORREGIAO II,24006,6ª Regiao de Saude - Pau dos Ferros,241355,RN - SERRINHA DOS PINTOS,4659
2,Nordeste,24,RN,Rio Grande do Norte,2401,MACRORREGIAO II,24006,6ª Regiao de Saude - Pau dos Ferros,241360,RN - SEVERIANO MELO,5487
2,Nordeste,24,RN,Rio Grande do Norte,2402,MACRORREGIAO I,24005,5ª Regiao de Saude - Santa Cruz,241370,RN - SITIO NOVO,4654
2,Nordeste,24,RN,Rio Grande do Norte,2401,MACRORREGIAO II,24006,6ª Regiao de Saude - Pau dos Ferros,241380,RN - TABOLEIRO GRANDE,2338
2,Nordeste,24,RN,Rio Grande do Norte,2402,MACRORREGIAO I,24003,3ª Regiao de Saude - Joao Camara,241390,RN - TAIPU,11422
2,Nordeste,24,RN,Rio Grande do Norte,2402,MACRORREGIAO I,24005,5ª Regiao de Saude - Santa Cruz,241400,RN - TANGARA,13281
2,Nordeste,24,RN,Rio Grande do Norte,2401,MACRORREGIAO II,24006,6ª Regiao de Saude - Pau dos Ferros,241410,RN - TENENTE ANANIAS,10262
2,Nordeste,24,RN,Rio Grande do Norte,2402,MACRORREGIAO I,24004,4ª Regiao de Saude - Caico,241415,RN - TENENTE LAURENTINO CRUZ,5891
2,Nordeste,24,RN,Rio Grande do Norte,2401,MACRORREGIAO II,24002,2ª Regiao de Saude - Mossoro,241105,RN - TIBAU,5382
2,Nordeste,24,RN,Rio Grande do Norte,2402,MACRORREGIAO I,24001,1ª Regiao de Saude - Sao Jose de Mipibu,241420,RN - TIBAU DO SUL,16929
2,Nordeste,24,RN,Rio Grande do Norte,2402,MACRORREGIAO I,24004,4ª Regiao de Saude - Caico,241430,RN - TIMBAUBA DOS BATISTAS,2348
2,Nordeste,24,RN,Rio Grande do Norte,2402,MACRORREGIAO I,24003,3ª Regiao de Saude - Joao Camara,241440,RN - TOUROS,33035
2,Nordeste,24,RN,Rio Grande do Norte,2401,MACRORREGIAO II,24008,8ª Regiao de Saude - Acu,241445,RN - TRIUNFO POTIGUAR,3376
2,Nordeste,24,RN,Rio Grande do Norte,2401,MACRORREGIAO II,24006,6ª Regiao de Saude - Pau dos Ferros,241450,RN - UMARIZAL,10078
2,Nordeste,24,RN,Rio Grande do Norte,2401,MACRORREGIAO II,24002,2ª Regiao de Saude - Mossoro,241460,RN - UPANEMA,13577
2,Nordeste,24,RN,Rio Grande do Norte,2402,MACRORREGIAO I,24001,1ª Regiao de Saude - Sao Jose de Mipibu,241470,RN - VARZEA,5233
2,Nordeste,24,RN,Rio Grande do Norte,2401,MACRORREGIAO II,24006,6ª Regiao de Saude - Pau dos Ferros,241475,RN - VENHA-VER,3014
2,Nordeste,24,RN,Rio Grande do Norte,2402,MACRORREGIAO I,24001,1ª Regiao de Saude - Sao Jose de Mipibu,241480,RN - VERA CRUZ,10735
2,Nordeste,24,RN,Rio Grande do Norte,2401,MACRORREGIAO II,24006,6ª Regiao de Saude - Pau dos Ferros,241490,RN - VICOSA,1822
2,Nordeste,24,RN,Rio Grande do Norte,2402,MACRORREGIAO I,24001,1ª Regiao de Saude - Sao Jose de Mipibu,241500,RN - VILA FLOR,3174
1,Norte,11,RO,Rondônia,1101,MACRORREGIONAL II (CACOAL),11005,Zona da Mata,110001,RO - ALTA FLORESTA D'OESTE,21494
1,Norte,11,RO,Rondônia,1101,MACRORREGIONAL II (CACOAL),11005,Zona da Mata,110037,RO - ALTO ALEGRE DOS PARECIS,11479
1,Norte,11,RO,Rondônia,1102,MACRORREGIAO I - PORTO VELHO,11001,Vale do Jamari,110040,RO - ALTO PARAISO,16320
1,Norte,11,RO,Rondônia,1101,MACRORREGIONAL II (CACOAL),11003,Central,110034,RO - ALVORADA D'OESTE,13117
1,Norte,11,RO,Rondônia,1102,MACRORREGIAO I - PORTO VELHO,11001,Vale do Jamari,110002,RO - ARIQUEMES,96833
1,Norte,11,RO,Rondônia,1102,MACRORREGIAO I - PORTO VELHO,11001,Vale do Jamari,110045,RO - BURITIS,27992
1,Norte,11,RO,Rondônia,1101,MACRORREGIONAL II (CACOAL),11006,Cone Sul,110003,RO - CABIXI,5351
1,Norte,11,RO,Rondônia,1102,MACRORREGIAO I - PORTO VELHO,11001,Vale do Jamari,110060,RO - CACAULANDIA,4150
1,Norte,11,RO,Rondônia,1101,MACRORREGIONAL II (CACOAL),11002,Cafe,110004,RO - CACOAL,86887
1,Norte,11,RO,Rondônia,1102,MACRORREGIAO I - PORTO VELHO,11001,Vale do Jamari,110070,RO - CAMPO NOVO DE RONDONIA,8844
1,Norte,11,RO,Rondônia,1102,MACRORREGIAO I - PORTO VELHO,11004,Madeira-Mamore,110080,RO - CANDEIAS DO JAMARI,22310
1,Norte,11,RO,Rondônia,1101,MACRORREGIONAL II (CACOAL),11005,Zona da Mata,110090,RO - CASTANHEIRAS,3233
1,Norte,11,RO,Rondônia,1101,MACRORREGIONAL II (CACOAL),11006,Cone Sul,110005,RO - CEREJEIRAS,15890
1,Norte,11,RO,Rondônia,1101,MACRORREGIONAL II (CACOAL),11006,Cone Sul,110092,RO - CHUPINGUAIA,9324
1,Norte,11,RO,Rondônia,1101,MACRORREGIONAL II (CACOAL),11006,Cone Sul,110006,RO - COLORADO DO OESTE,15663
1,Norte,11,RO,Rondônia,1101,MACRORREGIONAL II (CACOAL),11006,Cone Sul,110007,RO - CORUMBIARA,7519
1,Norte,11,RO,Rondônia,1101,MACRORREGIONAL II (CACOAL),11007,Vale do Guapore,110008,RO - COSTA MARQUES,12627
1,Norte,11,RO,Rondônia,1102,MACRORREGIAO I - PORTO VELHO,11001,Vale do Jamari,110094,RO - CUJUBIM,14863
1,Norte,11,RO,Rondônia,1101,MACRORREGIONAL II (CACOAL),11002,Cafe,110009,RO - ESPIGAO D'OESTE,29414
1,Norte,11,RO,Rondônia,1102,MACRORREGIAO I - PORTO VELHO,11003,Central,110100,RO - GOVERNADOR JORGE TEIXEIRA,8001
1,Norte,11,RO,Rondônia,1102,MACRORREGIAO I - PORTO VELHO,11004,Madeira-Mamore,110010,RO - GUAJARA-MIRIM,39387
1,Norte,11,RO,Rondônia,1102,MACRORREGIAO I - PORTO VELHO,11004,Madeira-Mamore,110110,RO - ITAPUA DO OESTE,8548
1,Norte,11,RO,Rondônia,1102,MACRORREGIAO I - PORTO VELHO,11003,Central,110011,RO - JARU,50591
1,Norte,11,RO,Rondônia,1102,MACRORREGIAO I - PORTO VELHO,11001,Vale do Jamari,110013,RO - MACHADINHO D'OESTE,30707
1,Norte,11,RO,Rondônia,1101,MACRORREGIONAL II (CACOAL),11002,Cafe,110120,RO - MINISTRO ANDREAZZA,6466
1,Norte,11,RO,Rondônia,1101,MACRORREGIONAL II (CACOAL),11003,Central,110130,RO - MIRANTE DA SERRA,9235
1,Norte,11,RO,Rondônia,1102,MACRORREGIAO I - PORTO VELHO,11001,Vale do Jamari,110140,RO - MONTE NEGRO,11548
1,Norte,11,RO,Rondônia,1101,MACRORREGIONAL II (CACOAL),11005,Zona da Mata,110014,RO - NOVA BRASILANDIA D'OESTE,15679
1,Norte,11,RO,Rondônia,1102,MACRORREGIAO I - PORTO VELHO,11004,Madeira-Mamore,110033,RO - NOVA MAMORE,25444
1,Norte,11,RO,Rondônia,1101,MACRORREGIONAL II (CACOAL),11003,Central,110143,RO - NOVA UNIAO,6200
1,Norte,11,RO,Rondônia,1101,MACRORREGIONAL II (CACOAL),11005,Zona da Mata,110050,RO - NOVO HORIZONTE DO OESTE,7667
1,Norte,11,RO,Rondônia,1101,MACRORREGIONAL II (CACOAL),11003,Central,110015,RO - OURO PRETO DO OESTE,35044
1,Norte,11,RO,Rondônia,1101,MACRORREGIONAL II (CACOAL),11005,Zona da Mata,110145,RO - PARECIS,4125
1,Norte,11,RO,Rondônia,1101,MACRORREGIONAL II (CACOAL),11002,Cafe,110018,RO - PIMENTA BUENO,35079
1,Norte,11,RO,Rondônia,1101,MACRORREGIONAL II (CACOAL),11006,Cone Sul,110146,RO - PIMENTEIRAS DO OESTE,2156
1,Norte,11,RO,Rondônia,1102,MACRORREGIAO I - PORTO VELHO,11004,Madeira-Mamore,110020,RO - PORTO VELHO,460434
1,Norte,11,RO,Rondônia,1101,MACRORREGIONAL II (CACOAL),11003,Central,110025,RO - PRESIDENTE MEDICI,19327
1,Norte,11,RO,Rondônia,1101,MACRORREGIONAL II (CACOAL),11002,Cafe,110147,RO - PRIMAVERA DE RONDONIA,3076
1,Norte,11,RO,Rondônia,1102,MACRORREGIAO I - PORTO VELHO,11001,Vale do Jamari,110026,RO - RIO CRESPO,3471
1,Norte,11,RO,Rondônia,1101,MACRORREGIONAL II (CACOAL),11005,Zona da Mata,110028,RO - ROLIM DE MOURA,56406
1,Norte,11,RO,Rondônia,1101,MACRORREGIONAL II (CACOAL),11005,Zona da Mata,110029,RO - SANTA LUZIA D'OESTE,7419
1,Norte,11,RO,Rondônia,1101,MACRORREGIONAL II (CACOAL),11002,Cafe,110148,RO - SAO FELIPE D'OESTE,5258
1,Norte,11,RO,Rondônia,1101,MACRORREGIONAL II (CACOAL),11007,Vale do Guapore,110149,RO - SAO FRANCISCO DO GUAPORE,16286
1,Norte,11,RO,Rondônia,1101,MACRORREGIONAL II (CACOAL),11003,Central,110032,RO - SAO MIGUEL DO GUAPORE,20746
1,Norte,11,RO,Rondônia,1101,MACRORREGIONAL II (CACOAL),11007,Vale do Guapore,110150,RO - SERINGUEIRAS,12060
1,Norte,11,RO,Rondônia,1101,MACRORREGIONAL II (CACOAL),11003,Central,110155,RO - TEIXEIROPOLIS,4256
1,Norte,11,RO,Rondônia,1102,MACRORREGIAO I - PORTO VELHO,11003,Central,110160,RO - THEOBROMA,8113
1,Norte,11,RO,Rondônia,1101,MACRORREGIONAL II (CACOAL),11003,Central,110170,RO - URUPA,10725
1,Norte,11,RO,Rondônia,1102,MACRORREGIAO I - PORTO VELHO,11003,Central,110175,RO - VALE DO ANARI,7788
1,Norte,11,RO,Rondônia,1101,MACRORREGIONAL II (CACOAL),11003,Central,110180,RO - VALE DO PARAISO,6479
1,Norte,11,RO,Rondônia,1101,MACRORREGIONAL II (CACOAL),11006,Cone Sul,110030,RO - VILHENA,95832
1,Norte,14,RR,Roraima,1401,MACRO-RORAIMA,14001,Centro Norte,140005,RR - ALTO ALEGRE,21096
1,Norte,14,RR,Roraima,1401,MACRO-RORAIMA,14001,Centro Norte,140002,RR - AMAJARI,13927
1,Norte,14,RR,Roraima,1401,MACRO-RORAIMA,14001,Centro Norte,140010,RR - BOA VISTA,413486
1,Norte,14,RR,Roraima,1401,MACRO-RORAIMA,14001,Centro Norte,140015,RR - BONFIM,13923
1,Norte,14,RR,Roraima,1401,MACRO-RORAIMA,14001,Centro Norte,140017,RR - CANTA,18682
1,Norte,14,RR,Roraima,1401,MACRO-RORAIMA,14002,Sul,140020,RR - CARACARAI,20957
1,Norte,14,RR,Roraima,1401,MACRO-RORAIMA,14002,Sul,140023,RR - CAROEBE,10656
1,Norte,14,RR,Roraima,1401,MACRO-RORAIMA,14002,Sul,140028,RR - IRACEMA,10023
1,Norte,14,RR,Roraima,1401,MACRO-RORAIMA,14001,Centro Norte,140030,RR - MUCAJAI,18095
1,Norte,14,RR,Roraima,1401,MACRO-RORAIMA,14001,Centro Norte,140040,RR - NORMANDIA,13986
1,Norte,14,RR,Roraima,1401,MACRO-RORAIMA,14001,Centro Norte,140045,RR - PACARAIMA,19305
1,Norte,14,RR,Roraima,1401,MACRO-RORAIMA,14002,Sul,140047,RR - RORAINOPOLIS,32647
1,Norte,14,RR,Roraima,1401,MACRO-RORAIMA,14002,Sul,140050,RR - SAO JOAO DA BALIZA,8858
1,Norte,14,RR,Roraima,1401,MACRO-RORAIMA,14002,Sul,140060,RR - SAO LUIZ,7315
1,Norte,14,RR,Roraima,1401,MACRO-RORAIMA,14001,Centro Norte,140070,RR - UIRAMUTA,13751
4,Sul,43,RS,Rio Grande do Sul,4309,SUL,43022,Regiao 22,430003,RS - ACEGUA,4170
4,Sul,43,RS,Rio Grande do Sul,4311,NORTE,43018,Regiao 18,430005,RS - AGUA SANTA,3912
4,Sul,43,RS,Rio Grande do Sul,4314,CENTRO-OESTE,43001,Regiao 01,430010,RS - AGUDO,16041
4,Sul,43,RS,Rio Grande do Sul,4312,MISSIONEIRA,43013,Regiao 13,430020,RS - AJURICABA,6720
4,Sul,43,RS,Rio Grande do Sul,4312,MISSIONEIRA,43014,Regiao 14,430030,RS - ALECRIM,6123
4,Sul,43,RS,Rio Grande do Sul,4314,CENTRO-OESTE,43003,Regiao 03,430040,RS - ALEGRETE,72409
4,Sul,43,RS,Rio Grande do Sul,4312,MISSIONEIRA,43014,Regiao 14,430045,RS - ALEGRIA,3651
4,Sul,43,RS,Rio Grande do Sul,4311,NORTE,43017,Regiao 17 - Planalto,430047,RS - ALMIRANTE TAMANDARE DO SUL,1969
4,Sul,43,RS,Rio Grande do Sul,4311,NORTE,43015,Regiao 15 - Caminho das Aguas,430050,RS - ALPESTRE,7117
4,Sul,43,RS,Rio Grande do Sul,4311,NORTE,43019,Regiao 19,430055,RS - ALTO ALEGRE,1800
4,Sul,43,RS,Rio Grande do Sul,4310,SERRA,43026,Regiao 26,430057,RS - ALTO FELIZ,3072
4,Sul,43,RS,Rio Grande do Sul,4313,METROPOLITANA,43010,Regiao 10,430060,RS - ALVORADA,187315
4,Sul,43,RS,Rio Grande do Sul,4309,SUL,43021,Regiao 21,430063,RS - AMARAL FERRADOR,5310
4,Sul,43,RS,Rio Grande do Sul,4311,NORTE,43015,Regiao 15 - Caminho das Aguas,430064,RS - AMETISTA DO SUL,7650
4,Sul,43,RS,Rio Grande do Sul,4311,NORTE,43018,Regiao 18,430066,RS - ANDRE DA ROCHA,1135
4,Sul,43,RS,Rio Grande do Sul,4308,VALES,43029,Regiao 29,430070,RS - ANTA GORDA,5957
4,Sul,43,RS,Rio Grande do Sul,4310,SERRA,43026,Regiao 26,430080,RS - ANTONIO PRADO,13045
4,Sul,43,RS,Rio Grande do Sul,4313,METROPOLITANA,43009,Regiao 09,430085,RS - ARAMBARE,4112
4,Sul,43,RS,Rio Grande do Sul,4313,METROPOLITANA,43007,Regiao 07,430087,RS - ARARICA,8525
4,Sul,43,RS,Rio Grande do Sul,4311,NORTE,43016,Regiao 16,430090,RS - ARATIBA,6483
4,Sul,43,RS,Rio Grande do Sul,4308,VALES,43029,Regiao 29,430100,RS - ARROIO DO MEIO,21958
4,Sul,43,RS,Rio Grande do Sul,4309,SUL,43021,Regiao 21,430107,RS - ARROIO DO PADRE,2599
4,Sul,43,RS,Rio Grande do Sul,4313,METROPOLITANA,43004,Regiao 04,430105,RS - ARROIO DO SAL,11057
4,Sul,43,RS,Rio Grande do Sul,4308,VALES,43027,Regiao 27,430120,RS - ARROIO DO TIGRE,12058
4,Sul,43,RS,Rio Grande do Sul,4313,METROPOLITANA,43009,Regiao 09,430110,RS - ARROIO DOS RATOS,14601
4,Sul,43,RS,Rio Grande do Sul,4309,SUL,43021,Regiao 21,430130,RS - ARROIO GRANDE,17558
4,Sul,43,RS,Rio Grande do Sul,4311,NORTE,43019,Regiao 19,430140,RS - ARVOREZINHA,10322
4,Sul,43,RS,Rio Grande do Sul,4312,MISSIONEIRA,43013,Regiao 13,430150,RS - AUGUSTO PESTANA,7149
4,Sul,43,RS,Rio Grande do Sul,4311,NORTE,43016,Regiao 16,430155,RS - AUREA,3396
4,Sul,43,RS,Rio Grande do Sul,4309,SUL,43022,Regiao 22,430160,RS - BAGE,117938
4,Sul,43,RS,Rio Grande do Sul,4313,METROPOLITANA,43005,Regiao 05,430163,RS - BALNEARIO PINHAL,14955
4,Sul,43,RS,Rio Grande do Sul,4313,METROPOLITANA,43008,Regiao 08,430165,RS - BARAO,6461
4,Sul,43,RS,Rio Grande do Sul,4311,NORTE,43016,Regiao 16,430170,RS - BARAO DE COTEGIPE,7144
4,Sul,43,RS,Rio Grande do Sul,4313,METROPOLITANA,43009,Regiao 09,430175,RS - BARAO DO TRIUNFO,5889
4,Sul,43,RS,Rio Grande do Sul,4311,NORTE,43015,Regiao 15 - Caminho das Aguas,430185,RS - BARRA DO GUARITA,3161
4,Sul,43,RS,Rio Grande do Sul,4314,CENTRO-OESTE,43003,Regiao 03,430187,RS - BARRA DO QUARAI,4241
4,Sul,43,RS,Rio Grande do Sul,4313,METROPOLITANA,43009,Regiao 09,430190,RS - BARRA DO RIBEIRO,12225
4,Sul,43,RS,Rio Grande do Sul,4311,NORTE,43016,Regiao 16,430192,RS - BARRA DO RIO AZUL,1696
4,Sul,43,RS,Rio Grande do Sul,4311,NORTE,43020,Regiao 20 - Rota da Producao,430195,RS - BARRA FUNDA,2498
4,Sul,43,RS,Rio Grande do Sul,4311,NORTE,43018,Regiao 18,430180,RS - BARRACAO,4831
4,Sul,43,RS,Rio Grande do Sul,4311,NORTE,43019,Regiao 19,430200,RS - BARROS CASSAL,9296
4,Sul,43,RS,Rio Grande do Sul,4311,NORTE,43016,Regiao 16,430205,RS - BENJAMIN CONSTANT DO SUL,2082
4,Sul,43,RS,Rio Grande do Sul,4310,SERRA,43025,Regiao 25,430210,RS - BENTO GONCALVES,123151
4,Sul,43,RS,Rio Grande do Sul,4311,NORTE,43020,Regiao 20 - Rota da Producao,430215,RS - BOA VISTA DAS MISSOES,1933
4,Sul,43,RS,Rio Grande do Sul,4312,MISSIONEIRA,43014,Regiao 14,430220,RS - BOA VISTA DO BURICA,6966
4,Sul,43,RS,Rio Grande do Sul,4312,MISSIONEIRA,43012,Regiao 12,430222,RS - BOA VISTA DO CADEADO,2229
4,Sul,43,RS,Rio Grande do Sul,4312,MISSIONEIRA,43012,Regiao 12,430223,RS - BOA VISTA DO INCRA,2271
4,Sul,43,RS,Rio Grande do Sul,4310,SERRA,43025,Regiao 25,430225,RS - BOA VISTA DO SUL,2779
4,Sul,43,RS,Rio Grande do Sul,4310,SERRA,43024,Regiao 24,430230,RS - BOM JESUS,11202
4,Sul,43,RS,Rio Grande do Sul,4310,SERRA,43026,Regiao 26,430235,RS - BOM PRINCIPIO,13142
4,Sul,43,RS,Rio Grande do Sul,4311,NORTE,43015,Regiao 15 - Caminho das Aguas,430237,RS - BOM PROGRESSO,2096
4,Sul,43,RS,Rio Grande do Sul,4308,VALES,43030,Regiao 30,430240,RS - BOM RETIRO DO SUL,12294
4,Sul,43,RS,Rio Grande do Sul,4308,VALES,43029,Regiao 29,430245,RS - BOQUEIRAO DO LEAO,6243
4,Sul,43,RS,Rio Grande do Sul,4312,MISSIONEIRA,43011,Regiao 11,430250,RS - BOSSOROCA,5890
4,Sul,43,RS,Rio Grande do Sul,4312,MISSIONEIRA,43013,Regiao 13,430258,RS - BOZANO,2151
4,Sul,43,RS,Rio Grande do Sul,4311,NORTE,43020,Regiao 20 - Rota da Producao,430260,RS - BRAGA,3268
4,Sul,43,RS,Rio Grande do Sul,4313,METROPOLITANA,43008,Regiao 08,430265,RS - BROCHIER,4966
4,Sul,43,RS,Rio Grande do Sul,4313,METROPOLITANA,43009,Regiao 09,430270,RS - BUTIA,19084
4,Sul,43,RS,Rio Grande do Sul,4308,VALES,43027,Regiao 27,430280,RS - CACAPAVA DO SUL,32515
4,Sul,43,RS,Rio Grande do Sul,4314,CENTRO-OESTE,43002,Regiao 02,430290,RS - CACEQUI,11157
4,Sul,43,RS,Rio Grande do Sul,4308,VALES,43027,Regiao 27,430300,RS - CACHOEIRA DO SUL,80070
4,Sul,43,RS,Rio Grande do Sul,4313,METROPOLITANA,43010,Regiao 10,430310,RS - CACHOEIRINHA,136258
4,Sul,43,RS,Rio Grande do Sul,4311,NORTE,43018,Regiao 18,430320,RS - CACIQUE DOBLE,4603
4,Sul,43,RS,Rio Grande do Sul,4312,MISSIONEIRA,43011,Regiao 11,430330,RS - CAIBATE,4704
4,Sul,43,RS,Rio Grande do Sul,4311,NORTE,43015,Regiao 15 - Caminho das Aguas,430340,RS - CAICARA,4836
4,Sul,43,RS,Rio Grande do Sul,4313,METROPOLITANA,43009,Regiao 09,430350,RS - CAMAQUA,62200
4,Sul,43,RS,Rio Grande do Sul,4311,NORTE,43017,Regiao 17 - Planalto,430355,RS - CAMARGO,2981
4,Sul,43,RS,Rio Grande do Sul,4313,METROPOLITANA,43006,Regiao 06 - Vale do Paranhana e Costa Serra,430360,RS - CAMBARA DO SUL,6361
4,Sul,43,RS,Rio Grande do Sul,4310,SERRA,43024,Regiao 24,430367,RS - CAMPESTRE DA SERRA,3242
4,Sul,43,RS,Rio Grande do Sul,4312,MISSIONEIRA,43014,Regiao 14,430370,RS - CAMPINA DAS MISSOES,5882
4,Sul,43,RS,Rio Grande do Sul,4311,NORTE,43016,Regiao 16,430380,RS - CAMPINAS DO SUL,5284
4,Sul,43,RS,Rio Grande do Sul,4313,METROPOLITANA,43007,Regiao 07,430390,RS - CAMPO BOM,62886
4,Sul,43,RS,Rio Grande do Sul,4312,MISSIONEIRA,43013,Regiao 13,430400,RS - CAMPO NOVO,4975
4,Sul,43,RS,Rio Grande do Sul,4311,NORTE,43019,Regiao 19,430410,RS - CAMPOS BORGES,3613
4,Sul,43,RS,Rio Grande do Sul,4308,VALES,43028,Regiao 28,430420,RS - CANDELARIA,28906
4,Sul,43,RS,Rio Grande do Sul,4312,MISSIONEIRA,43014,Regiao 14,430430,RS - CANDIDO GODOI,6294
4,Sul,43,RS,Rio Grande do Sul,4309,SUL,43022,Regiao 22,430435,RS - CANDIOTA,10710
4,Sul,43,RS,Rio Grande do Sul,4310,SERRA,43023,Regiao 23,430440,RS - CANELA,48946
4,Sul,43,RS,Rio Grande do Sul,4309,SUL,43021,Regiao 21,430450,RS - CANGUCU,49680
4,Sul,43,RS,Rio Grande do Sul,4313,METROPOLITANA,43008,Regiao 08,430460,RS - CANOAS,347657
4,Sul,43,RS,Rio Grande do Sul,4308,VALES,43029,Regiao 29,430461,RS - CANUDOS DO VALE,1656
4,Sul,43,RS,Rio Grande do Sul,4311,NORTE,43018,Regiao 18,430462,RS - CAPAO BONITO DO SUL,1733
4,Sul,43,RS,Rio Grande do Sul,4313,METROPOLITANA,43004,Regiao 04,430463,RS - CAPAO DA CANOA,63594
4,Sul,43,RS,Rio Grande do Sul,4314,CENTRO-OESTE,43002,Regiao 02,430465,RS - CAPAO DO CIPO,3119
4,Sul,43,RS,Rio Grande do Sul,4309,SUL,43021,Regiao 21,430466,RS - CAPAO DO LEAO,26487
4,Sul,43,RS,Rio Grande do Sul,4313,METROPOLITANA,43008,Regiao 08,430468,RS - CAPELA DE SANTANA,11159
4,Sul,43,RS,Rio Grande do Sul,4308,VALES,43029,Regiao 29,430469,RS - CAPITAO,2921
4,Sul,43,RS,Rio Grande do Sul,4313,METROPOLITANA,43005,Regiao 05,430467,RS - CAPIVARI DO SUL,3991
4,Sul,43,RS,Rio Grande do Sul,4313,METROPOLITANA,43005,Regiao 05,430471,RS - CARAA,7394
4,Sul,43,RS,Rio Grande do Sul,4311,NORTE,43017,Regiao 17 - Planalto,430470,RS - CARAZINHO,61804
4,Sul,43,RS,Rio Grande do Sul,4310,SERRA,43025,Regiao 25,430480,RS - CARLOS BARBOSA,30420
4,Sul,43,RS,Rio Grande do Sul,4311,NORTE,43016,Regiao 16,430485,RS - CARLOS GOMES,1364
4,Sul,43,RS,Rio Grande do Sul,4311,NORTE,43017,Regiao 17 - Planalto,430490,RS - CASCA,9465
4,Sul,43,RS,Rio Grande do Sul,4311,NORTE,43018,Regiao 18,430495,RS - CASEIROS,3000
4,Sul,43,RS,Rio Grande do Sul,4312,MISSIONEIRA,43013,Regiao 13,430500,RS - CATUIPE,8674
4,Sul,43,RS,Rio Grande do Sul,4310,SERRA,43023,Regiao 23,430510,RS - CAXIAS DO SUL,463501
4,Sul,43,RS,Rio Grande do Sul,4311,NORTE,43016,Regiao 16,430511,RS - CENTENARIO,2728
4,Sul,43,RS,Rio Grande do Sul,4309,SUL,43021,Regiao 21,430512,RS - CERRITO,5808
4,Sul,43,RS,Rio Grande do Sul,4308,VALES,43027,Regiao 27,430513,RS - CERRO BRANCO,3802
4,Sul,43,RS,Rio Grande do Sul,4311,NORTE,43020,Regiao 20 - Rota da Producao,430515,RS - CERRO GRANDE,2379
4,Sul,43,RS,Rio Grande do Sul,4313,METROPOLITANA,43009,Regiao 09,430517,RS - CERRO GRANDE DO SUL,9178
4,Sul,43,RS,Rio Grande do Sul,4312,MISSIONEIRA,43011,Regiao 11,430520,RS - CERRO LARGO,13705
4,Sul,43,RS,Rio Grande do Sul,4311,NORTE,43020,Regiao 20 - Rota da Producao,430530,RS - CHAPADA,9540
4,Sul,43,RS,Rio Grande do Sul,4313,METROPOLITANA,43009,Regiao 09,430535,RS - CHARQUEADAS,35012
4,Sul,43,RS,Rio Grande do Sul,4311,NORTE,43016,Regiao 16,430537,RS - CHARRUA,2768
4,Sul,43,RS,Rio Grande do Sul,4312,MISSIONEIRA,43013,Regiao 13,430540,RS - CHIAPETTA,3913
4,Sul,43,RS,Rio Grande do Sul,4309,SUL,43021,Regiao 21,430543,RS - CHUI,6262
4,Sul,43,RS,Rio Grande do Sul,4313,METROPOLITANA,43009,Regiao 09,430544,RS - CHUVISCA,4597
4,Sul,43,RS,Rio Grande do Sul,4313,METROPOLITANA,43005,Regiao 05,430545,RS - CIDREIRA,17071
4,Sul,43,RS,Rio Grande do Sul,4311,NORTE,43017,Regiao 17 - Planalto,430550,RS - CIRIACO,4149
4,Sul,43,RS,Rio Grande do Sul,4308,VALES,43030,Regiao 30,430558,RS - COLINAS,2423
4,Sul,43,RS,Rio Grande do Sul,4312,MISSIONEIRA,43012,Regiao 12,430560,RS - COLORADO,3258
4,Sul,43,RS,Rio Grande do Sul,4312,MISSIONEIRA,43013,Regiao 13,430570,RS - CONDOR,6406
4,Sul,43,RS,Rio Grande do Sul,4311,NORTE,43020,Regiao 20 - Rota da Producao,430580,RS - CONSTANTINA,10385
4,Sul,43,RS,Rio Grande do Sul,4308,VALES,43029,Regiao 29,430583,RS - COQUEIRO BAIXO,1290
4,Sul,43,RS,Rio Grande do Sul,4311,NORTE,43017,Regiao 17 - Planalto,430585,RS - COQUEIROS DO SUL,2211
4,Sul,43,RS,Rio Grande do Sul,4312,MISSIONEIRA,43013,Regiao 13,430587,RS - CORONEL BARROS,2822
4,Sul,43,RS,Rio Grande do Sul,4311,NORTE,43020,Regiao 20 - Rota da Producao,430590,RS - CORONEL BICACO,6144
4,Sul,43,RS,Rio Grande do Sul,4310,SERRA,43025,Regiao 25,430593,RS - CORONEL PILAR,1607
4,Sul,43,RS,Rio Grande do Sul,4310,SERRA,43025,Regiao 25,430595,RS - COTIPORA,3846
4,Sul,43,RS,Rio Grande do Sul,4311,NORTE,43017,Regiao 17 - Planalto,430597,RS - COXILHA,2667
4,Sul,43,RS,Rio Grande do Sul,4312,MISSIONEIRA,43013,Regiao 13,430600,RS - CRISSIUMAL,12886
4,Sul,43,RS,Rio Grande do Sul,4313,METROPOLITANA,43009,Regiao 09,430605,RS - CRISTAL,7299
4,Sul,43,RS,Rio Grande do Sul,4311,NORTE,43015,Regiao 15 - Caminho das Aguas,430607,RS - CRISTAL DO SUL,2692
4,Sul,43,RS,Rio Grande do Sul,4312,MISSIONEIRA,43012,Regiao 12,430610,RS - CRUZ ALTA,58913
4,Sul,43,RS,Rio Grande do Sul,4311,NORTE,43016,Regiao 16,430613,RS - CRUZALTENSE,1635
4,Sul,43,RS,Rio Grande do Sul,4308,VALES,43029,Regiao 29,430620,RS - CRUZEIRO DO SUL,12295
4,Sul,43,RS,Rio Grande do Sul,4311,NORTE,43017,Regiao 17 - Planalto,430630,RS - DAVID CANABARRO,4321
4,Sul,43,RS,Rio Grande do Sul,4311,NORTE,43015,Regiao 15 - Caminho das Aguas,430632,RS - DERRUBADAS,2751
4,Sul,43,RS,Rio Grande do Sul,4312,MISSIONEIRA,43011,Regiao 11,430635,RS - DEZESSEIS DE NOVEMBRO,2507
4,Sul,43,RS,Rio Grande do Sul,4314,CENTRO-OESTE,43001,Regiao 01,430637,RS - DILERMANDO DE AGUIAR,2806
4,Sul,43,RS,Rio Grande do Sul,4313,METROPOLITANA,43007,Regiao 07,430640,RS - DOIS IRMAOS,30709
4,Sul,43,RS,Rio Grande do Sul,4311,NORTE,43020,Regiao 20 - Rota da Producao,430642,RS - DOIS IRMAOS DAS MISSOES,2090
4,Sul,43,RS,Rio Grande do Sul,4308,VALES,43029,Regiao 29,430645,RS - DOIS LAJEADOS,3097
4,Sul,43,RS,Rio Grande do Sul,4313,METROPOLITANA,43009,Regiao 09,430650,RS - DOM FELICIANO,13051
4,Sul,43,RS,Rio Grande do Sul,4309,SUL,43022,Regiao 22,430660,RS - DOM PEDRITO,36981
4,Sul,43,RS,Rio Grande do Sul,4313,METROPOLITANA,43004,Regiao 04,430655,RS - DOM PEDRO DE ALCANTARA,2562
4,Sul,43,RS,Rio Grande do Sul,4314,CENTRO-OESTE,43001,Regiao 01,430670,RS - DONA FRANCISCA,3079
4,Sul,43,RS,Rio Grande do Sul,4312,MISSIONEIRA,43014,Regiao 14,430673,RS - DOUTOR MAURICIO CARDOSO,4470
4,Sul,43,RS,Rio Grande do Sul,4308,VALES,43029,Regiao 29,430675,RS - DOUTOR RICARDO,1888
4,Sul,43,RS,Rio Grande do Sul,4313,METROPOLITANA,43009,Regiao 09,430676,RS - ELDORADO DO SUL,39559
4,Sul,43,RS,Rio Grande do Sul,4308,VALES,43029,Regiao 29,430680,RS - ENCANTADO,22962
4,Sul,43,RS,Rio Grande do Sul,4308,VALES,43027,Regiao 27,430690,RS - ENCRUZILHADA DO SUL,23819
4,Sul,43,RS,Rio Grande do Sul,4311,NORTE,43020,Regiao 20 - Rota da Producao,430692,RS - ENGENHO VELHO,1296
4,Sul,43,RS,Rio Grande do Sul,4311,NORTE,43016,Regiao 16,430695,RS - ENTRE RIOS DO SUL,2685
4,Sul,43,RS,Rio Grande do Sul,4312,MISSIONEIRA,43011,Regiao 11,430693,RS - ENTRE-IJUIS,9164
4,Sul,43,RS,Rio Grande do Sul,4311,NORTE,43016,Regiao 16,430697,RS - EREBANGO,3054
4,Sul,43,RS,Rio Grande do Sul,4311,NORTE,43016,Regiao 16,430700,RS - ERECHIM,105705
4,Sul,43,RS,Rio Grande do Sul,4311,NORTE,43017,Regiao 17 - Planalto,430705,RS - ERNESTINA,3034
4,Sul,43,RS,Rio Grande do Sul,4311,NORTE,43016,Regiao 16,430720,RS - ERVAL GRANDE,4930
4,Sul,43,RS,Rio Grande do Sul,4311,NORTE,43015,Regiao 15 - Caminho das Aguas,430730,RS - ERVAL SECO,6787
4,Sul,43,RS,Rio Grande do Sul,4310,SERRA,43024,Regiao 24,430740,RS - ESMERALDA,3195
4,Sul,43,RS,Rio Grande do Sul,4311,NORTE,43015,Regiao 15 - Caminho das Aguas,430745,RS - ESPERANCA DO SUL,3226
4,Sul,43,RS,Rio Grande do Sul,4311,NORTE,43019,Regiao 19,430750,RS - ESPUMOSO,15173
4,Sul,43,RS,Rio Grande do Sul,4311,NORTE,43016,Regiao 16,430755,RS - ESTACAO,5582
4,Sul,43,RS,Rio Grande do Sul,4313,METROPOLITANA,43007,Regiao 07,430760,RS - ESTANCIA VELHA,47924
4,Sul,43,RS,Rio Grande do Sul,4313,METROPOLITANA,43008,Regiao 08,430770,RS - ESTEIO,76137
4,Sul,43,RS,Rio Grande do Sul,4308,VALES,43030,Regiao 30,430780,RS - ESTRELA,32183
4,Sul,43,RS,Rio Grande do Sul,4308,VALES,43027,Regiao 27,430781,RS - ESTRELA VELHA,3070
4,Sul,43,RS,Rio Grande do Sul,4312,MISSIONEIRA,43011,Regiao 11,430783,RS - EUGENIO DE CASTRO,2633
4,Sul,43,RS,Rio Grande do Sul,4310,SERRA,43025,Regiao 25,430786,RS - FAGUNDES VARELA,2566
4,Sul,43,RS,Rio Grande do Sul,4310,SERRA,43026,Regiao 26,430790,RS - FARROUPILHA,70286
4,Sul,43,RS,Rio Grande do Sul,4314,CENTRO-OESTE,43001,Regiao 01,430800,RS - FAXINAL DO SOTURNO,6702
4,Sul,43,RS,Rio Grande do Sul,4311,NORTE,43016,Regiao 16,430805,RS - FAXINALZINHO,2520
4,Sul,43,RS,Rio Grande do Sul,4308,VALES,43030,Regiao 30,430807,RS - FAZENDA VILANOVA,4291
4,Sul,43,RS,Rio Grande do Sul,4310,SERRA,43026,Regiao 26,430810,RS - FELIZ,13764
4,Sul,43,RS,Rio Grande do Sul,4310,SERRA,43026,Regiao 26,430820,RS - FLORES DA CUNHA,30892
4,Sul,43,RS,Rio Grande do Sul,4311,NORTE,43016,Regiao 16,430825,RS - FLORIANO PEIXOTO,1668
4,Sul,43,RS,Rio Grande do Sul,4311,NORTE,43019,Regiao 19,430830,RS - FONTOURA XAVIER,9550
4,Sul,43,RS,Rio Grande do Sul,4314,CENTRO-OESTE,43001,Regiao 01,430840,RS - FORMIGUEIRO,6413
4,Sul,43,RS,Rio Grande do Sul,4308,VALES,43029,Regiao 29,430843,RS - FORQUETINHA,2393
4,Sul,43,RS,Rio Grande do Sul,4312,MISSIONEIRA,43012,Regiao 12,430845,RS - FORTALEZA DOS VALOS,4477
4,Sul,43,RS,Rio Grande do Sul,4311,NORTE,43015,Regiao 15 - Caminho das Aguas,430850,RS - FREDERICO WESTPHALEN,32627
4,Sul,43,RS,Rio Grande do Sul,4310,SERRA,43025,Regiao 25,430860,RS - GARIBALDI,34335
4,Sul,43,RS,Rio Grande do Sul,4312,MISSIONEIRA,43011,Regiao 11,430865,RS - GARRUCHOS,2688
4,Sul,43,RS,Rio Grande do Sul,4311,NORTE,43016,Regiao 16,430870,RS - GAURAMA,5665
4,Sul,43,RS,Rio Grande do Sul,4313,METROPOLITANA,43009,Regiao 09,430880,RS - GENERAL CAMARA,7612
4,Sul,43,RS,Rio Grande do Sul,4311,NORTE,43017,Regiao 17 - Planalto,430885,RS - GENTIL,1744
4,Sul,43,RS,Rio Grande do Sul,4311,NORTE,43016,Regiao 16,430890,RS - GETULIO VARGAS,16602
4,Sul,43,RS,Rio Grande do Sul,4312,MISSIONEIRA,43014,Regiao 14,430900,RS - GIRUA,16013
4,Sul,43,RS,Rio Grande do Sul,4313,METROPOLITANA,43010,Regiao 10,430905,RS - GLORINHA,7658
4,Sul,43,RS,Rio Grande do Sul,4310,SERRA,43023,Regiao 23,430910,RS - GRAMADO,40134
4,Sul,43,RS,Rio Grande do Sul,4311,NORTE,43020,Regiao 20 - Rota da Producao,430912,RS - GRAMADO DOS LOUREIROS,2014
4,Sul,43,RS,Rio Grande do Sul,4308,VALES,43028,Regiao 28,430915,RS - GRAMADO XAVIER,3305
4,Sul,43,RS,Rio Grande do Sul,4313,METROPOLITANA,43010,Regiao 10,430920,RS - GRAVATAI,265074
4,Sul,43,RS,Rio Grande do Sul,4310,SERRA,43025,Regiao 25,430925,RS - GUABIJU,1417
4,Sul,43,RS,Rio Grande do Sul,4313,METROPOLITANA,43009,Regiao 09,430930,RS - GUAIBA,92924
4,Sul,43,RS,Rio Grande do Sul,4310,SERRA,43025,Regiao 25,430940,RS - GUAPORE,25268
4,Sul,43,RS,Rio Grande do Sul,4312,MISSIONEIRA,43011,Regiao 11,430950,RS - GUARANI DAS MISSOES,7415
4,Sul,43,RS,Rio Grande do Sul,4313,METROPOLITANA,43008,Regiao 08,430955,RS - HARMONIA,5378
4,Sul,43,RS,Rio Grande do Sul,4309,SUL,43021,Regiao 21,430710,RS - HERVAL,6191
4,Sul,43,RS,Rio Grande do Sul,4308,VALES,43028,Regiao 28,430957,RS - HERVEIRAS,2564
4,Sul,43,RS,Rio Grande do Sul,4312,MISSIONEIRA,43014,Regiao 14,430960,RS - HORIZONTINA,18851
4,Sul,43,RS,Rio Grande do Sul,4309,SUL,43022,Regiao 22,430965,RS - HULHA NEGRA,5976
4,Sul,43,RS,Rio Grande do Sul,4312,MISSIONEIRA,43013,Regiao 13,430970,RS - HUMAITA,4681
4,Sul,43,RS,Rio Grande do Sul,4308,VALES,43027,Regiao 27,430975,RS - IBARAMA,3732
4,Sul,43,RS,Rio Grande do Sul,4311,NORTE,43018,Regiao 18,430980,RS - IBIACA,4527
4,Sul,43,RS,Rio Grande do Sul,4311,NORTE,43018,Regiao 18,430990,RS - IBIRAIARAS,6776
4,Sul,43,RS,Rio Grande do Sul,4311,NORTE,43019,Regiao 19,430995,RS - IBIRAPUITA,3723
4,Sul,43,RS,Rio Grande do Sul,4312,MISSIONEIRA,43012,Regiao 12,431000,RS - IBIRUBA,21583
4,Sul,43,RS,Rio Grande do Sul,4313,METROPOLITANA,43006,Regiao 06 - Vale do Paranhana e Costa Serra,431010,RS - IGREJINHA,33321
4,Sul,43,RS,Rio Grande do Sul,4312,MISSIONEIRA,43013,Regiao 13,431020,RS - IJUI,84780
4,Sul,43,RS,Rio Grande do Sul,4308,VALES,43029,Regiao 29,431030,RS - ILOPOLIS,4157
4,Sul,43,RS,Rio Grande do Sul,4313,METROPOLITANA,43005,Regiao 05,431033,RS - IMBE,26824
4,Sul,43,RS,Rio Grande do Sul,4308,VALES,43030,Regiao 30,431036,RS - IMIGRANTE,3080
4,Sul,43,RS,Rio Grande do Sul,4312,MISSIONEIRA,43014,Regiao 14,431040,RS - INDEPENDENCIA,6427
4,Sul,43,RS,Rio Grande do Sul,4312,MISSIONEIRA,43013,Regiao 13,431041,RS - INHACORA,2014
4,Sul,43,RS,Rio Grande do Sul,4310,SERRA,43026,Regiao 26,431043,RS - IPE,5399
4,Sul,43,RS,Rio Grande do Sul,4311,NORTE,43016,Regiao 16,431046,RS - IPIRANGA DO SUL,1720
4,Sul,43,RS,Rio Grande do Sul,4311,NORTE,43015,Regiao 15 - Caminho das Aguas,431050,RS - IRAI,7482
4,Sul,43,RS,Rio Grande do Sul,4314,CENTRO-OESTE,43001,Regiao 01,431053,RS - ITAARA,5572
4,Sul,43,RS,Rio Grande do Sul,4314,CENTRO-OESTE,43002,Regiao 02,431055,RS - ITACURUBI,2995
4,Sul,43,RS,Rio Grande do Sul,4311,NORTE,43019,Regiao 19,431057,RS - ITAPUCA,1937
4,Sul,43,RS,Rio Grande do Sul,4314,CENTRO-OESTE,43003,Regiao 03,431060,RS - ITAQUI,35768
4,Sul,43,RS,Rio Grande do Sul,4313,METROPOLITANA,43004,Regiao 04,431065,RS - ITATI,2638
4,Sul,43,RS,Rio Grande do Sul,4311,NORTE,43016,Regiao 16,431070,RS - ITATIBA DO SUL,3208
4,Sul,43,RS,Rio Grande do Sul,4314,CENTRO-OESTE,43001,Regiao 01,431075,RS - IVORA,1929
4,Sul,43,RS,Rio Grande do Sul,4313,METROPOLITANA,43007,Regiao 07,431080,RS - IVOTI,22983
4,Sul,43,RS,Rio Grande do Sul,4311,NORTE,43020,Regiao 20 - Rota da Producao,431085,RS - JABOTICABA,3779
4,Sul,43,RS,Rio Grande do Sul,4312,MISSIONEIRA,43012,Regiao 12,431087,RS - JACUIZINHO,2040
4,Sul,43,RS,Rio Grande do Sul,4311,NORTE,43016,Regiao 16,431090,RS - JACUTINGA,3338
4,Sul,43,RS,Rio Grande do Sul,4309,SUL,43021,Regiao 21,431100,RS - JAGUARAO,26603
4,Sul,43,RS,Rio Grande do Sul,4314,CENTRO-OESTE,43002,Regiao 02,431110,RS - JAGUARI,10579
4,Sul,43,RS,Rio Grande do Sul,4310,SERRA,43024,Regiao 24,431112,RS - JAQUIRANA,3690
4,Sul,43,RS,Rio Grande do Sul,4314,CENTRO-OESTE,43002,Regiao 02,431113,RS - JARI,3349
4,Sul,43,RS,Rio Grande do Sul,4312,MISSIONEIRA,43013,Regiao 13,431115,RS - JOIA,7184
4,Sul,43,RS,Rio Grande do Sul,4314,CENTRO-OESTE,43001,Regiao 01,431120,RS - JULIO DE CASTILHOS,18226
4,Sul,43,RS,Rio Grande do Sul,4308,VALES,43027,Regiao 27,431123,RS - LAGOA BONITA DO SUL,2251
4,Sul,43,RS,Rio Grande do Sul,4311,NORTE,43017,Regiao 17 - Planalto,431127,RS - LAGOA DOS TRES CANTOS,1738
4,Sul,43,RS,Rio Grande do Sul,4311,NORTE,43018,Regiao 18,431130,RS - LAGOA VERMELHA,27659
4,Sul,43,RS,Rio Grande do Sul,4311,NORTE,43019,Regiao 19,431125,RS - LAGOAO,5341
4,Sul,43,RS,Rio Grande do Sul,4308,VALES,43029,Regiao 29,431140,RS - LAJEADO,92951
4,Sul,43,RS,Rio Grande do Sul,4311,NORTE,43020,Regiao 20 - Rota da Producao,431142,RS - LAJEADO DO BUGRE,2601
4,Sul,43,RS,Rio Grande do Sul,4309,SUL,43022,Regiao 22,431150,RS - LAVRAS DO SUL,7157
4,Sul,43,RS,Rio Grande do Sul,4311,NORTE,43015,Regiao 15 - Caminho das Aguas,431160,RS - LIBERATO SALZANO,4781
4,Sul,43,RS,Rio Grande do Sul,4313,METROPOLITANA,43007,Regiao 07,431162,RS - LINDOLFO COLLOR,6248
4,Sul,43,RS,Rio Grande do Sul,4310,SERRA,43023,Regiao 23,431164,RS - LINHA NOVA,1683
4,Sul,43,RS,Rio Grande do Sul,4314,CENTRO-OESTE,43003,Regiao 03,431171,RS - MACAMBARA,4425
4,Sul,43,RS,Rio Grande do Sul,4311,NORTE,43018,Regiao 18,431170,RS - MACHADINHO,5735
4,Sul,43,RS,Rio Grande do Sul,4313,METROPOLITANA,43004,Regiao 04,431173,RS - MAMPITUBA,3131
4,Sul,43,RS,Rio Grande do Sul,4314,CENTRO-OESTE,43003,Regiao 03,431175,RS - MANOEL VIANA,6801
4,Sul,43,RS,Rio Grande do Sul,4313,METROPOLITANA,43004,Regiao 04,431177,RS - MAQUINE,7418
4,Sul,43,RS,Rio Grande do Sul,4313,METROPOLITANA,43008,Regiao 08,431179,RS - MARATA,2470
4,Sul,43,RS,Rio Grande do Sul,4311,NORTE,43017,Regiao 17 - Planalto,431180,RS - MARAU,45124
4,Sul,43,RS,Rio Grande do Sul,4311,NORTE,43016,Regiao 16,431190,RS - MARCELINO RAMOS,4320
4,Sul,43,RS,Rio Grande do Sul,4313,METROPOLITANA,43009,Regiao 09,431198,RS - MARIANA PIMENTEL,3916
4,Sul,43,RS,Rio Grande do Sul,4311,NORTE,43016,Regiao 16,431200,RS - MARIANO MORO,1858
4,Sul,43,RS,Rio Grande do Sul,4308,VALES,43029,Regiao 29,431205,RS - MARQUES DE SOUZA,3969
4,Sul,43,RS,Rio Grande do Sul,4314,CENTRO-OESTE,43002,Regiao 02,431210,RS - MATA,4698
4,Sul,43,RS,Rio Grande do Sul,4311,NORTE,43017,Regiao 17 - Planalto,431213,RS - MATO CASTELHANO,2553
4,Sul,43,RS,Rio Grande do Sul,4308,VALES,43028,Regiao 28,431215,RS - MATO LEITAO,4859
4,Sul,43,RS,Rio Grande do Sul,4312,MISSIONEIRA,43011,Regiao 11,431217,RS - MATO QUEIMADO,1795
4,Sul,43,RS,Rio Grande do Sul,4311,NORTE,43018,Regiao 18,431220,RS - MAXIMILIANO DE ALMEIDA,4189
4,Sul,43,RS,Rio Grande do Sul,4313,METROPOLITANA,43009,Regiao 09,431225,RS - MINAS DO LEAO,7505
4,Sul,43,RS,Rio Grande do Sul,4311,NORTE,43020,Regiao 20 - Rota da Producao,431230,RS - MIRAGUAI,4427
4,Sul,43,RS,Rio Grande do Sul,4311,NORTE,43017,Regiao 17 - Planalto,431235,RS - MONTAURI,1499
4,Sul,43,RS,Rio Grande do Sul,4310,SERRA,43024,Regiao 24,431237,RS - MONTE ALEGRE DOS CAMPOS,3180
4,Sul,43,RS,Rio Grande do Sul,4310,SERRA,43025,Regiao 25,431238,RS - MONTE BELO DO SUL,2557
4,Sul,43,RS,Rio Grande do Sul,4313,METROPOLITANA,43008,Regiao 08,431240,RS - MONTENEGRO,64322
4,Sul,43,RS,Rio Grande do Sul,4311,NORTE,43019,Regiao 19,431242,RS - MORMACO,2756
4,Sul,43,RS,Rio Grande do Sul,4313,METROPOLITANA,43004,Regiao 04,431244,RS - MORRINHOS DO SUL,3071
4,Sul,43,RS,Rio Grande do Sul,4309,SUL,43021,Regiao 21,431245,RS - MORRO REDONDO,6046
4,Sul,43,RS,Rio Grande do Sul,4313,METROPOLITANA,43007,Regiao 07,431247,RS - MORRO REUTER,6029
4,Sul,43,RS,Rio Grande do Sul,4313,METROPOLITANA,43005,Regiao 05,431250,RS - MOSTARDAS,12090
4,Sul,43,RS,Rio Grande do Sul,4308,VALES,43029,Regiao 29,431260,RS - MUCUM,4601
4,Sul,43,RS,Rio Grande do Sul,4310,SERRA,43024,Regiao 24,431261,RS - MUITOS CAPOES,2879
4,Sul,43,RS,Rio Grande do Sul,4311,NORTE,43017,Regiao 17 - Planalto,431262,RS - MULITERNO,1721
4,Sul,43,RS,Rio Grande do Sul,4311,NORTE,43017,Regiao 17 - Planalto,431265,RS - NAO-ME-TOQUE,17898
4,Sul,43,RS,Rio Grande do Sul,4311,NORTE,43017,Regiao 17 - Planalto,431267,RS - NICOLAU VERGUEIRO,1932
4,Sul,43,RS,Rio Grande do Sul,4311,NORTE,43016,Regiao 16,431270,RS - NONOAI,13719
4,Sul,43,RS,Rio Grande do Sul,4311,NORTE,43017,Regiao 17 - Planalto,431275,RS - NOVA ALVORADA,3163
4,Sul,43,RS,Rio Grande do Sul,4310,SERRA,43025,Regiao 25,431280,RS - NOVA ARACA,4954
4,Sul,43,RS,Rio Grande do Sul,4310,SERRA,43025,Regiao 25,431290,RS - NOVA BASSANO,9649
4,Sul,43,RS,Rio Grande do Sul,4311,NORTE,43020,Regiao 20 - Rota da Producao,431295,RS - NOVA BOA VISTA,2042
4,Sul,43,RS,Rio Grande do Sul,4308,VALES,43029,Regiao 29,431300,RS - NOVA BRESCIA,3044
4,Sul,43,RS,Rio Grande do Sul,4312,MISSIONEIRA,43014,Regiao 14,431301,RS - NOVA CANDELARIA,3061
4,Sul,43,RS,Rio Grande do Sul,4314,CENTRO-OESTE,43002,Regiao 02,431303,RS - NOVA ESPERANCA DO SUL,4865
4,Sul,43,RS,Rio Grande do Sul,4313,METROPOLITANA,43007,Regiao 07,431306,RS - NOVA HARTZ,20088
4,Sul,43,RS,Rio Grande do Sul,4310,SERRA,43026,Regiao 26,431308,RS - NOVA PADUA,2343
4,Sul,43,RS,Rio Grande do Sul,4314,CENTRO-OESTE,43001,Regiao 01,431310,RS - NOVA PALMA,5586
4,Sul,43,RS,Rio Grande do Sul,4310,SERRA,43023,Regiao 23,431320,RS - NOVA PETROPOLIS,23300
4,Sul,43,RS,Rio Grande do Sul,4310,SERRA,43025,Regiao 25,431330,RS - NOVA PRATA,25692
4,Sul,43,RS,Rio Grande do Sul,4312,MISSIONEIRA,43013,Regiao 13,431333,RS - NOVA RAMADA,2163
4,Sul,43,RS,Rio Grande do Sul,4310,SERRA,43026,Regiao 26,431335,RS - NOVA ROMA DO SUL,3466
4,Sul,43,RS,Rio Grande do Sul,4313,METROPOLITANA,43008,Regiao 08,431337,RS - NOVA SANTA RITA,29024
4,Sul,43,RS,Rio Grande do Sul,4311,NORTE,43020,Regiao 20 - Rota da Producao,431349,RS - NOVO BARREIRO,4272
4,Sul,43,RS,Rio Grande do Sul,4308,VALES,43027,Regiao 27,431339,RS - NOVO CABRAIS,3568
4,Sul,43,RS,Rio Grande do Sul,4313,METROPOLITANA,43007,Regiao 07,431340,RS - NOVO HAMBURGO,227646
4,Sul,43,RS,Rio Grande do Sul,4312,MISSIONEIRA,43014,Regiao 14,431342,RS - NOVO MACHADO,3198
4,Sul,43,RS,Rio Grande do Sul,4311,NORTE,43015,Regiao 15 - Caminho das Aguas,431344,RS - NOVO TIRADENTES,2146
4,Sul,43,RS,Rio Grande do Sul,4311,NORTE,43020,Regiao 20 - Rota da Producao,431346,RS - NOVO XINGU,1646
4,Sul,43,RS,Rio Grande do Sul,4313,METROPOLITANA,43005,Regiao 05,431350,RS - OSORIO,47396
4,Sul,43,RS,Rio Grande do Sul,4311,NORTE,43018,Regiao 18,431360,RS - PAIM FILHO,3631
4,Sul,43,RS,Rio Grande do Sul,4313,METROPOLITANA,43005,Regiao 05,431365,RS - PALMARES DO SUL,12844
4,Sul,43,RS,Rio Grande do Sul,4311,NORTE,43020,Regiao 20 - Rota da Producao,431370,RS - PALMEIRA DAS MISSOES,33216
4,Sul,43,RS,Rio Grande do Sul,4311,NORTE,43015,Regiao 15 - Caminho das Aguas,431380,RS - PALMITINHO,7839
4,Sul,43,RS,Rio Grande do Sul,4312,MISSIONEIRA,43013,Regiao 13,431390,RS - PANAMBI,43515
4,Sul,43,RS,Rio Grande do Sul,4308,VALES,43028,Regiao 28,431395,RS - PANTANO GRANDE,10212
4,Sul,43,RS,Rio Grande do Sul,4310,SERRA,43025,Regiao 25,431400,RS - PARAI,7194
4,Sul,43,RS,Rio Grande do Sul,4314,CENTRO-OESTE,43001,Regiao 01,431402,RS - PARAISO DO SUL,6519
4,Sul,43,RS,Rio Grande do Sul,4313,METROPOLITANA,43008,Regiao 08,431403,RS - PARECI NOVO,4319
4,Sul,43,RS,Rio Grande do Sul,4313,METROPOLITANA,43006,Regiao 06 - Vale do Paranhana e Costa Serra,431405,RS - PAROBE,52052
4,Sul,43,RS,Rio Grande do Sul,4308,VALES,43027,Regiao 27,431406,RS - PASSA SETE,3983
4,Sul,43,RS,Rio Grande do Sul,4308,VALES,43028,Regiao 28,431407,RS - PASSO DO SOBRADO,6025
4,Sul,43,RS,Rio Grande do Sul,4311,NORTE,43017,Regiao 17 - Planalto,431410,RS - PASSO FUNDO,206215
4,Sul,43,RS,Rio Grande do Sul,4311,NORTE,43016,Regiao 16,431413,RS - PAULO BENTO,2144
4,Sul,43,RS,Rio Grande do Sul,4308,VALES,43030,Regiao 30,431415,RS - PAVERAMA,7978
4,Sul,43,RS,Rio Grande do Sul,4309,SUL,43021,Regiao 21,431417,RS - PEDRAS ALTAS,2061
4,Sul,43,RS,Rio Grande do Sul,4309,SUL,43021,Regiao 21,431420,RS - PEDRO OSORIO,7484
4,Sul,43,RS,Rio Grande do Sul,4312,MISSIONEIRA,43013,Regiao 13,431430,RS - PEJUCARA,3745
4,Sul,43,RS,Rio Grande do Sul,4309,SUL,43021,Regiao 21,431440,RS - PELOTAS,325685
4,Sul,43,RS,Rio Grande do Sul,4310,SERRA,43023,Regiao 23,431442,RS - PICADA CAFE,5351
4,Sul,43,RS,Rio Grande do Sul,4311,NORTE,43015,Regiao 15 - Caminho das Aguas,431445,RS - PINHAL,2959
4,Sul,43,RS,Rio Grande do Sul,4310,SERRA,43024,Regiao 24,431446,RS - PINHAL DA SERRA,2248
4,Sul,43,RS,Rio Grande do Sul,4314,CENTRO-OESTE,43001,Regiao 01,431447,RS - PINHAL GRANDE,3805
4,Sul,43,RS,Rio Grande do Sul,4311,NORTE,43015,Regiao 15 - Caminho das Aguas,431449,RS - PINHEIRINHO DO VALE,4540
4,Sul,43,RS,Rio Grande do Sul,4309,SUL,43021,Regiao 21,431450,RS - PINHEIRO MACHADO,11214
4,Sul,43,RS,Rio Grande do Sul,4310,SERRA,43025,Regiao 25,431454,RS - PINTO BANDEIRA,2723
4,Sul,43,RS,Rio Grande do Sul,4312,MISSIONEIRA,43011,Regiao 11,431455,RS - PIRAPO,2260
4,Sul,43,RS,Rio Grande do Sul,4309,SUL,43021,Regiao 21,431460,RS - PIRATINI,17504
4,Sul,43,RS,Rio Grande do Sul,4311,NORTE,43015,Regiao 15 - Caminho das Aguas,431470,RS - PLANALTO,10406
4,Sul,43,RS,Rio Grande do Sul,4308,VALES,43030,Regiao 30,431475,RS - POCO DAS ANTAS,2171
4,Sul,43,RS,Rio Grande do Sul,4311,NORTE,43017,Regiao 17 - Planalto,431477,RS - PONTAO,3296
4,Sul,43,RS,Rio Grande do Sul,4311,NORTE,43016,Regiao 16,431478,RS - PONTE PRETA,1575
4,Sul,43,RS,Rio Grande do Sul,4313,METROPOLITANA,43007,Regiao 07,431480,RS - PORTAO,34071
4,Sul,43,RS,Rio Grande do Sul,4313,METROPOLITANA,43010,Regiao 10,431490,RS - PORTO ALEGRE,1332833
4,Sul,43,RS,Rio Grande do Sul,4312,MISSIONEIRA,43014,Regiao 14,431500,RS - PORTO LUCENA,4360
4,Sul,43,RS,Rio Grande do Sul,4312,MISSIONEIRA,43014,Regiao 14,431505,RS - PORTO MAUA,2142
4,Sul,43,RS,Rio Grande do Sul,4312,MISSIONEIRA,43014,Regiao 14,431507,RS - PORTO VERA CRUZ,1560
4,Sul,43,RS,Rio Grande do Sul,4312,MISSIONEIRA,43011,Regiao 11,431510,RS - PORTO XAVIER,9938
4,Sul,43,RS,Rio Grande do Sul,4308,VALES,43029,Regiao 29,431513,RS - POUSO NOVO,1739
4,Sul,43,RS,Rio Grande do Sul,4313,METROPOLITANA,43007,Regiao 07,431514,RS - PRESIDENTE LUCENA,3077
4,Sul,43,RS,Rio Grande do Sul,4308,VALES,43029,Regiao 29,431515,RS - PROGRESSO,5340
4,Sul,43,RS,Rio Grande do Sul,4310,SERRA,43025,Regiao 25,431517,RS - PROTASIO ALVES,2025
4,Sul,43,RS,Rio Grande do Sul,4308,VALES,43029,Regiao 29,431520,RS - PUTINGA,3747
4,Sul,43,RS,Rio Grande do Sul,4314,CENTRO-OESTE,43003,Regiao 03,431530,RS - QUARAI,23500
4,Sul,43,RS,Rio Grande do Sul,4311,NORTE,43016,Regiao 16,431531,RS - QUATRO IRMAOS,1552
4,Sul,43,RS,Rio Grande do Sul,4314,CENTRO-OESTE,43001,Regiao 01,431532,RS - QUEVEDOS,2507
4,Sul,43,RS,Rio Grande do Sul,4312,MISSIONEIRA,43012,Regiao 12,431535,RS - QUINZE DE NOVEMBRO,3910
4,Sul,43,RS,Rio Grande do Sul,4311,NORTE,43020,Regiao 20 - Rota da Producao,431540,RS - REDENTORA,9738
4,Sul,43,RS,Rio Grande do Sul,4308,VALES,43029,Regiao 29,431545,RS - RELVADO,1796
4,Sul,43,RS,Rio Grande do Sul,4314,CENTRO-OESTE,43001,Regiao 01,431550,RS - RESTINGA SECA,14939
4,Sul,43,RS,Rio Grande do Sul,4311,NORTE,43016,Regiao 16,431555,RS - RIO DOS INDIOS,2835
4,Sul,43,RS,Rio Grande do Sul,4309,SUL,43021,Regiao 21,431560,RS - RIO GRANDE,191900
4,Sul,43,RS,Rio Grande do Sul,4308,VALES,43028,Regiao 28,431570,RS - RIO PARDO,34654
4,Sul,43,RS,Rio Grande do Sul,4313,METROPOLITANA,43006,Regiao 06 - Vale do Paranhana e Costa Serra,431575,RS - RIOZINHO,4473
4,Sul,43,RS,Rio Grande do Sul,4308,VALES,43029,Regiao 29,431580,RS - ROCA SALES,10418
4,Sul,43,RS,Rio Grande do Sul,4311,NORTE,43015,Regiao 15 - Caminho das Aguas,431590,RS - RODEIO BONITO,6654
4,Sul,43,RS,Rio Grande do Sul,4312,MISSIONEIRA,43011,Regiao 11,431595,RS - ROLADOR,2291
4,Sul,43,RS,Rio Grande do Sul,4313,METROPOLITANA,43006,Regiao 06 - Vale do Paranhana e Costa Serra,431600,RS - ROLANTE,21253
4,Sul,43,RS,Rio Grande do Sul,4311,NORTE,43020,Regiao 20 - Rota da Producao,431610,RS - RONDA ALTA,9777
4,Sul,43,RS,Rio Grande do Sul,4311,NORTE,43020,Regiao 20 - Rota da Producao,431620,RS - RONDINHA,4991
4,Sul,43,RS,Rio Grande do Sul,4312,MISSIONEIRA,43011,Regiao 11,431630,RS - ROQUE GONZALES,6576
4,Sul,43,RS,Rio Grande do Sul,4314,CENTRO-OESTE,43003,Regiao 03,431640,RS - ROSARIO DO SUL,36630
4,Sul,43,RS,Rio Grande do Sul,4311,NORTE,43020,Regiao 20 - Rota da Producao,431642,RS - SAGRADA FAMILIA,2480
4,Sul,43,RS,Rio Grande do Sul,4312,MISSIONEIRA,43012,Regiao 12,431643,RS - SALDANHA MARINHO,2575
4,Sul,43,RS,Rio Grande do Sul,4312,MISSIONEIRA,43012,Regiao 12,431645,RS - SALTO DO JACUI,10203
4,Sul,43,RS,Rio Grande do Sul,4312,MISSIONEIRA,43011,Regiao 11,431647,RS - SALVADOR DAS MISSOES,2877
4,Sul,43,RS,Rio Grande do Sul,4313,METROPOLITANA,43008,Regiao 08,431650,RS - SALVADOR DO SUL,6879
4,Sul,43,RS,Rio Grande do Sul,4311,NORTE,43018,Regiao 18,431660,RS - SANANDUVA,16399
4,Sul,43,RS,Rio Grande do Sul,4314,CENTRO-OESTE,43003,Regiao 03,431710,RS - SANT'ANA DO LIVRAMENTO,84421
4,Sul,43,RS,Rio Grande do Sul,4312,MISSIONEIRA,43012,Regiao 12,431670,RS - SANTA BARBARA DO SUL,8122
4,Sul,43,RS,Rio Grande do Sul,4311,NORTE,43018,Regiao 18,431673,RS - SANTA CECILIA DO SUL,1674
4,Sul,43,RS,Rio Grande do Sul,4308,VALES,43029,Regiao 29,431675,RS - SANTA CLARA DO SUL,6887
4,Sul,43,RS,Rio Grande do Sul,4308,VALES,43028,Regiao 28,431680,RS - SANTA CRUZ DO SUL,133246
4,Sul,43,RS,Rio Grande do Sul,4314,CENTRO-OESTE,43003,Regiao 03,431697,RS - SANTA MARGARIDA DO SUL,2596
4,Sul,43,RS,Rio Grande do Sul,4314,CENTRO-OESTE,43001,Regiao 01,431690,RS - SANTA MARIA,271735
4,Sul,43,RS,Rio Grande do Sul,4313,METROPOLITANA,43007,Regiao 07,431695,RS - SANTA MARIA DO HERVAL,6340
4,Sul,43,RS,Rio Grande do Sul,4312,MISSIONEIRA,43014,Regiao 14,431720,RS - SANTA ROSA,76963
4,Sul,43,RS,Rio Grande do Sul,4310,SERRA,43025,Regiao 25,431725,RS - SANTA TEREZA,1505
4,Sul,43,RS,Rio Grande do Sul,4309,SUL,43021,Regiao 21,431730,RS - SANTA VITORIA DO PALMAR,30983
4,Sul,43,RS,Rio Grande do Sul,4309,SUL,43021,Regiao 21,431700,RS - SANTANA DA BOA VISTA,7024
4,Sul,43,RS,Rio Grande do Sul,4314,CENTRO-OESTE,43002,Regiao 02,431740,RS - SANTIAGO,48938
4,Sul,43,RS,Rio Grande do Sul,4312,MISSIONEIRA,43011,Regiao 11,431750,RS - SANTO ANGELO,76917
4,Sul,43,RS,Rio Grande do Sul,4313,METROPOLITANA,43005,Regiao 05,431760,RS - SANTO ANTONIO DA PATRULHA,42947
4,Sul,43,RS,Rio Grande do Sul,4312,MISSIONEIRA,43011,Regiao 11,431770,RS - SANTO ANTONIO DAS MISSOES,10300
4,Sul,43,RS,Rio Grande do Sul,4311,NORTE,43017,Regiao 17 - Planalto,431755,RS - SANTO ANTONIO DO PALMA,2091
4,Sul,43,RS,Rio Grande do Sul,4311,NORTE,43017,Regiao 17 - Planalto,431775,RS - SANTO ANTONIO DO PLANALTO,2089
4,Sul,43,RS,Rio Grande do Sul,4312,MISSIONEIRA,43013,Regiao 13,431780,RS - SANTO AUGUSTO,13902
4,Sul,43,RS,Rio Grande do Sul,4312,MISSIONEIRA,43014,Regiao 14,431790,RS - SANTO CRISTO,15320
4,Sul,43,RS,Rio Grande do Sul,4311,NORTE,43018,Regiao 18,431795,RS - SANTO EXPEDITO DO SUL,2349
4,Sul,43,RS,Rio Grande do Sul,4312,MISSIONEIRA,43011,Regiao 11,431800,RS - SAO BORJA,59676
4,Sul,43,RS,Rio Grande do Sul,4311,NORTE,43017,Regiao 17 - Planalto,431805,RS - SAO DOMINGOS DO SUL,2754
4,Sul,43,RS,Rio Grande do Sul,4314,CENTRO-OESTE,43002,Regiao 02,431810,RS - SAO FRANCISCO DE ASSIS,17618
4,Sul,43,RS,Rio Grande do Sul,4313,METROPOLITANA,43006,Regiao 06 - Vale do Paranhana e Costa Serra,431820,RS - SAO FRANCISCO DE PAULA,21893
4,Sul,43,RS,Rio Grande do Sul,4314,CENTRO-OESTE,43003,Regiao 03,431830,RS - SAO GABRIEL,58487
4,Sul,43,RS,Rio Grande do Sul,4313,METROPOLITANA,43009,Regiao 09,431840,RS - SAO JERONIMO,21028
4,Sul,43,RS,Rio Grande do Sul,4311,NORTE,43018,Regiao 18,431842,RS - SAO JOAO DA URTIGA,4461
4,Sul,43,RS,Rio Grande do Sul,4314,CENTRO-OESTE,43001,Regiao 01,431843,RS - SAO JOAO DO POLESINE,2649
4,Sul,43,RS,Rio Grande do Sul,4310,SERRA,43025,Regiao 25,431844,RS - SAO JORGE,2912
4,Sul,43,RS,Rio Grande do Sul,4311,NORTE,43020,Regiao 20 - Rota da Producao,431845,RS - SAO JOSE DAS MISSOES,2362
4,Sul,43,RS,Rio Grande do Sul,4308,VALES,43029,Regiao 29,431846,RS - SAO JOSE DO HERVAL,1902
4,Sul,43,RS,Rio Grande do Sul,4313,METROPOLITANA,43007,Regiao 07,431848,RS - SAO JOSE DO HORTENCIO,4447
4,Sul,43,RS,Rio Grande do Sul,4312,MISSIONEIRA,43014,Regiao 14,431849,RS - SAO JOSE DO INHACORA,2406
4,Sul,43,RS,Rio Grande do Sul,4309,SUL,43021,Regiao 21,431850,RS - SAO JOSE DO NORTE,25443
4,Sul,43,RS,Rio Grande do Sul,4311,NORTE,43018,Regiao 18,431860,RS - SAO JOSE DO OURO,6834
4,Sul,43,RS,Rio Grande do Sul,4313,METROPOLITANA,43008,Regiao 08,431861,RS - SAO JOSE DO SUL,2380
4,Sul,43,RS,Rio Grande do Sul,4310,SERRA,43024,Regiao 24,431862,RS - SAO JOSE DOS AUSENTES,4172
4,Sul,43,RS,Rio Grande do Sul,4313,METROPOLITANA,43007,Regiao 07,431870,RS - SAO LEOPOLDO,217409
4,Sul,43,RS,Rio Grande do Sul,4309,SUL,43021,Regiao 21,431880,RS - SAO LOURENCO DO SUL,41989
4,Sul,43,RS,Rio Grande do Sul,4312,MISSIONEIRA,43011,Regiao 11,431890,RS - SAO LUIZ GONZAGA,34752
4,Sul,43,RS,Rio Grande do Sul,4310,SERRA,43026,Regiao 26,431900,RS - SAO MARCOS,21084
4,Sul,43,RS,Rio Grande do Sul,4312,MISSIONEIRA,43013,Regiao 13,431910,RS - SAO MARTINHO,5481
4,Sul,43,RS,Rio Grande do Sul,4314,CENTRO-OESTE,43001,Regiao 01,431912,RS - SAO MARTINHO DA SERRA,2860
4,Sul,43,RS,Rio Grande do Sul,4312,MISSIONEIRA,43011,Regiao 11,431915,RS - SAO MIGUEL DAS MISSOES,7056
4,Sul,43,RS,Rio Grande do Sul,4312,MISSIONEIRA,43011,Regiao 11,431920,RS - SAO NICOLAU,5118
4,Sul,43,RS,Rio Grande do Sul,4312,MISSIONEIRA,43014,Regiao 14,431930,RS - SAO PAULO DAS MISSOES,5846
4,Sul,43,RS,Rio Grande do Sul,4313,METROPOLITANA,43008,Regiao 08,431935,RS - SAO PEDRO DA SERRA,3548
4,Sul,43,RS,Rio Grande do Sul,4311,NORTE,43020,Regiao 20 - Rota da Producao,431936,RS - SAO PEDRO DAS MISSOES,1757
4,Sul,43,RS,Rio Grande do Sul,4312,MISSIONEIRA,43011,Regiao 11,431937,RS - SAO PEDRO DO BUTIA,3070
4,Sul,43,RS,Rio Grande do Sul,4314,CENTRO-OESTE,43001,Regiao 01,431940,RS - SAO PEDRO DO SUL,15577
4,Sul,43,RS,Rio Grande do Sul,4313,METROPOLITANA,43008,Regiao 08,431950,RS - SAO SEBASTIAO DO CAI,24428
4,Sul,43,RS,Rio Grande do Sul,4314,CENTRO-OESTE,43001,Regiao 01,431960,RS - SAO SEPE,21219
4,Sul,43,RS,Rio Grande do Sul,4311,NORTE,43016,Regiao 16,431970,RS - SAO VALENTIM,3264
4,Sul,43,RS,Rio Grande do Sul,4308,VALES,43029,Regiao 29,431971,RS - SAO VALENTIM DO SUL,2207
4,Sul,43,RS,Rio Grande do Sul,4312,MISSIONEIRA,43013,Regiao 13,431973,RS - SAO VALERIO DO SUL,2543
4,Sul,43,RS,Rio Grande do Sul,4310,SERRA,43026,Regiao 26,431975,RS - SAO VENDELINO,2251
4,Sul,43,RS,Rio Grande do Sul,4314,CENTRO-OESTE,43002,Regiao 02,431980,RS - SAO VICENTE DO SUL,8097
4,Sul,43,RS,Rio Grande do Sul,4313,METROPOLITANA,43007,Regiao 07,431990,RS - SAPIRANGA,75648
4,Sul,43,RS,Rio Grande do Sul,4313,METROPOLITANA,43008,Regiao 08,432000,RS - SAPUCAIA DO SUL,132107
4,Sul,43,RS,Rio Grande do Sul,4311,NORTE,43020,Regiao 20 - Rota da Producao,432010,RS - SARANDI,22851
4,Sul,43,RS,Rio Grande do Sul,4311,NORTE,43015,Regiao 15 - Caminho das Aguas,432020,RS - SEBERI,11950
4,Sul,43,RS,Rio Grande do Sul,4312,MISSIONEIRA,43013,Regiao 13,432023,RS - SEDE NOVA,2704
4,Sul,43,RS,Rio Grande do Sul,4308,VALES,43027,Regiao 27,432026,RS - SEGREDO,6009
4,Sul,43,RS,Rio Grande do Sul,4312,MISSIONEIRA,43012,Regiao 12,432030,RS - SELBACH,5107
4,Sul,43,RS,Rio Grande do Sul,4312,MISSIONEIRA,43014,Regiao 14,432032,RS - SENADOR SALGADO FILHO,2673
4,Sul,43,RS,Rio Grande do Sul,4313,METROPOLITANA,43009,Regiao 09,432035,RS - SENTINELA DO SUL,5306
4,Sul,43,RS,Rio Grande do Sul,4311,NORTE,43017,Regiao 17 - Planalto,432040,RS - SERAFINA CORREA,16961
4,Sul,43,RS,Rio Grande do Sul,4308,VALES,43029,Regiao 29,432045,RS - SERIO,1941
4,Sul,43,RS,Rio Grande do Sul,4311,NORTE,43017,Regiao 17 - Planalto,432050,RS - SERTAO,5541
4,Sul,43,RS,Rio Grande do Sul,4313,METROPOLITANA,43009,Regiao 09,432055,RS - SERTAO SANTANA,5863
4,Sul,43,RS,Rio Grande do Sul,4312,MISSIONEIRA,43011,Regiao 11,432057,RS - SETE DE SETEMBRO,1830
4,Sul,43,RS,Rio Grande do Sul,4311,NORTE,43016,Regiao 16,432060,RS - SEVERIANO DE ALMEIDA,3406
4,Sul,43,RS,Rio Grande do Sul,4314,CENTRO-OESTE,43001,Regiao 01,432065,RS - SILVEIRA MARTINS,2028
4,Sul,43,RS,Rio Grande do Sul,4308,VALES,43028,Regiao 28,432067,RS - SINIMBU,8557
4,Sul,43,RS,Rio Grande do Sul,4308,VALES,43027,Regiao 27,432070,RS - SOBRADINHO,14226
4,Sul,43,RS,Rio Grande do Sul,4311,NORTE,43019,Regiao 19,432080,RS - SOLEDADE,29991
4,Sul,43,RS,Rio Grande do Sul,4313,METROPOLITANA,43008,Regiao 08,432085,RS - TABAI,4461
4,Sul,43,RS,Rio Grande do Sul,4311,NORTE,43018,Regiao 18,432090,RS - TAPEJARA,24557
4,Sul,43,RS,Rio Grande do Sul,4311,NORTE,43019,Regiao 19,432100,RS - TAPERA,10592
4,Sul,43,RS,Rio Grande do Sul,4313,METROPOLITANA,43009,Regiao 09,432110,RS - TAPES,14695
4,Sul,43,RS,Rio Grande do Sul,4313,METROPOLITANA,43006,Regiao 06 - Vale do Paranhana e Costa Serra,432120,RS - TAQUARA,53240
4,Sul,43,RS,Rio Grande do Sul,4308,VALES,43030,Regiao 30,432130,RS - TAQUARI,25198
4,Sul,43,RS,Rio Grande do Sul,4311,NORTE,43015,Regiao 15 - Caminho das Aguas,432132,RS - TAQUARUCU DO SUL,3119
4,Sul,43,RS,Rio Grande do Sul,4313,METROPOLITANA,43005,Regiao 05,432135,RS - TAVARES,5212
4,Sul,43,RS,Rio Grande do Sul,4311,NORTE,43015,Regiao 15 - Caminho das Aguas,432140,RS - TENENTE PORTELA,14497
4,Sul,43,RS,Rio Grande do Sul,4313,METROPOLITANA,43004,Regiao 04,432143,RS - TERRA DE AREIA,10334
4,Sul,43,RS,Rio Grande do Sul,4308,VALES,43030,Regiao 30,432145,RS - TEUTONIA,32797
4,Sul,43,RS,Rio Grande do Sul,4311,NORTE,43019,Regiao 19,432146,RS - TIO HUGO,3267
4,Sul,43,RS,Rio Grande do Sul,4311,NORTE,43015,Regiao 15 - Caminho das Aguas,432147,RS - TIRADENTES DO SUL,5129
4,Sul,43,RS,Rio Grande do Sul,4314,CENTRO-OESTE,43001,Regiao 01,432149,RS - TOROPI,2554
4,Sul,43,RS,Rio Grande do Sul,4313,METROPOLITANA,43004,Regiao 04,432150,RS - TORRES,41751
4,Sul,43,RS,Rio Grande do Sul,4313,METROPOLITANA,43005,Regiao 05,432160,RS - TRAMANDAI,54387
4,Sul,43,RS,Rio Grande do Sul,4308,VALES,43029,Regiao 29,432162,RS - TRAVESSEIRO,2152
4,Sul,43,RS,Rio Grande do Sul,4311,NORTE,43016,Regiao 16,432163,RS - TRES ARROIOS,2591
4,Sul,43,RS,Rio Grande do Sul,4313,METROPOLITANA,43004,Regiao 04,432166,RS - TRES CACHOEIRAS,10962
4,Sul,43,RS,Rio Grande do Sul,4313,METROPOLITANA,43006,Regiao 06 - Vale do Paranhana e Costa Serra,432170,RS - TRES COROAS,23920
4,Sul,43,RS,Rio Grande do Sul,4312,MISSIONEIRA,43014,Regiao 14,432180,RS - TRES DE MAIO,24916
4,Sul,43,RS,Rio Grande do Sul,4313,METROPOLITANA,43004,Regiao 04,432183,RS - TRES FORQUILHAS,2760
4,Sul,43,RS,Rio Grande do Sul,4311,NORTE,43020,Regiao 20 - Rota da Producao,432185,RS - TRES PALMEIRAS,4716
4,Sul,43,RS,Rio Grande do Sul,4311,NORTE,43015,Regiao 15 - Caminho das Aguas,432190,RS - TRES PASSOS,25436
4,Sul,43,RS,Rio Grande do Sul,4311,NORTE,43020,Regiao 20 - Rota da Producao,432195,RS - TRINDADE DO SUL,7556
4,Sul,43,RS,Rio Grande do Sul,4313,METROPOLITANA,43008,Regiao 08,432200,RS - TRIUNFO,27498
4,Sul,43,RS,Rio Grande do Sul,4312,MISSIONEIRA,43014,Regiao 14,432210,RS - TUCUNDUVA,5542
4,Sul,43,RS,Rio Grande do Sul,4311,NORTE,43019,Regiao 19,432215,RS - TUNAS,3681
4,Sul,43,RS,Rio Grande do Sul,4311,NORTE,43018,Regiao 18,432218,RS - TUPANCI DO SUL,1374
4,Sul,43,RS,Rio Grande do Sul,4314,CENTRO-OESTE,43001,Regiao 01,432220,RS - TUPANCIRETA,20005
4,Sul,43,RS,Rio Grande do Sul,4313,METROPOLITANA,43008,Regiao 08,432225,RS - TUPANDI,5029
4,Sul,43,RS,Rio Grande do Sul,4312,MISSIONEIRA,43014,Regiao 14,432230,RS - TUPARENDI,8363
4,Sul,43,RS,Rio Grande do Sul,4309,SUL,43021,Regiao 21,432232,RS - TURUCU,3419
4,Sul,43,RS,Rio Grande do Sul,4312,MISSIONEIRA,43011,Regiao 11,432234,RS - UBIRETAMA,1994
4,Sul,43,RS,Rio Grande do Sul,4310,SERRA,43025,Regiao 25,432235,RS - UNIAO DA SERRA,1170
4,Sul,43,RS,Rio Grande do Sul,4314,CENTRO-OESTE,43002,Regiao 02,432237,RS - UNISTALDA,1995
4,Sul,43,RS,Rio Grande do Sul,4314,CENTRO-OESTE,43003,Regiao 03,432240,RS - URUGUAIANA,117210
4,Sul,43,RS,Rio Grande do Sul,4310,SERRA,43024,Regiao 24,432250,RS - VACARIA,64197
4,Sul,43,RS,Rio Grande do Sul,4308,VALES,43028,Regiao 28,432253,RS - VALE DO SOL,9902
4,Sul,43,RS,Rio Grande do Sul,4310,SERRA,43026,Regiao 26,432254,RS - VALE REAL,6058
4,Sul,43,RS,Rio Grande do Sul,4308,VALES,43028,Regiao 28,432252,RS - VALE VERDE,3150
4,Sul,43,RS,Rio Grande do Sul,4311,NORTE,43017,Regiao 17 - Planalto,432255,RS - VANINI,2004
4,Sul,43,RS,Rio Grande do Sul,4308,VALES,43028,Regiao 28,432260,RS - VENANCIO AIRES,68763
4,Sul,43,RS,Rio Grande do Sul,4308,VALES,43028,Regiao 28,432270,RS - VERA CRUZ,26714
4,Sul,43,RS,Rio Grande do Sul,4310,SERRA,43025,Regiao 25,432280,RS - VERANOPOLIS,24021
4,Sul,43,RS,Rio Grande do Sul,4308,VALES,43029,Regiao 29,432285,RS - VESPASIANO CORREA,1818
4,Sul,43,RS,Rio Grande do Sul,4311,NORTE,43016,Regiao 16,432290,RS - VIADUTOS,4766
4,Sul,43,RS,Rio Grande do Sul,4313,METROPOLITANA,43010,Regiao 10,432300,RS - VIAMAO,224124
4,Sul,43,RS,Rio Grande do Sul,4311,NORTE,43015,Regiao 15 - Caminho das Aguas,432310,RS - VICENTE DUTRA,4665
4,Sul,43,RS,Rio Grande do Sul,4311,NORTE,43017,Regiao 17 - Planalto,432320,RS - VICTOR GRAEFF,2780
4,Sul,43,RS,Rio Grande do Sul,4310,SERRA,43025,Regiao 25,432330,RS - VILA FLORES,3646
4,Sul,43,RS,Rio Grande do Sul,4311,NORTE,43018,Regiao 18,432335,RS - VILA LANGARO,2079
4,Sul,43,RS,Rio Grande do Sul,4311,NORTE,43017,Regiao 17 - Planalto,432340,RS - VILA MARIA,4413
4,Sul,43,RS,Rio Grande do Sul,4314,CENTRO-OESTE,43001,Regiao 01,432345,RS - VILA NOVA DO SUL,3863
4,Sul,43,RS,Rio Grande do Sul,4311,NORTE,43015,Regiao 15 - Caminho das Aguas,432350,RS - VISTA ALEGRE,2660
4,Sul,43,RS,Rio Grande do Sul,4310,SERRA,43025,Regiao 25,432360,RS - VISTA ALEGRE DO PRATA,1590
4,Sul,43,RS,Rio Grande do Sul,4311,NORTE,43015,Regiao 15 - Caminho das Aguas,432370,RS - VISTA GAUCHA,2783
4,Sul,43,RS,Rio Grande do Sul,4312,MISSIONEIRA,43011,Regiao 11,432375,RS - VITORIA DAS MISSOES,3254
4,Sul,43,RS,Rio Grande do Sul,4308,VALES,43030,Regiao 30,432377,RS - WESTFALIA,3098
4,Sul,43,RS,Rio Grande do Sul,4313,METROPOLITANA,43004,Regiao 04,432380,RS - XANGRI-LA,16463
4,Sul,42,SC,Santa Catarina,4217,MEIO OESTE,42008,Meio Oeste,420005,SC - ABDON BATISTA,2598
4,Sul,42,SC,Santa Catarina,4213,GRANDE OESTE,42003,Xanxere,420010,SC - ABELARDO LUZ,17392
4,Sul,42,SC,Santa Catarina,4216,VALE DO ITAJAI,42004,Alto Vale do Itajai,420020,SC - AGROLANDIA,10990
4,Sul,42,SC,Santa Catarina,4216,VALE DO ITAJAI,42004,Alto Vale do Itajai,420030,SC - AGRONOMICA,6055
4,Sul,42,SC,Santa Catarina,4217,MEIO OESTE,42008,Meio Oeste,420040,SC - AGUA DOCE,6508
4,Sul,42,SC,Santa Catarina,4213,GRANDE OESTE,42002,Oeste,420050,SC - AGUAS DE CHAPECO,6036
4,Sul,42,SC,Santa Catarina,4213,GRANDE OESTE,42002,Oeste,420055,SC - AGUAS FRIAS,2839
4,Sul,42,SC,Santa Catarina,4214,GRANDE FLORIANOPOLIS,42007,Grande Florianopolis,420060,SC - AGUAS MORNAS,6743
4,Sul,42,SC,Santa Catarina,4214,GRANDE FLORIANOPOLIS,42007,Grande Florianopolis,420070,SC - ALFREDO WAGNER,10481
4,Sul,42,SC,Santa Catarina,4217,MEIO OESTE,42010,Alto Uruguai Catarinense,420075,SC - ALTO BELA VISTA,1856
4,Sul,42,SC,Santa Catarina,4213,GRANDE OESTE,42001,Extremo Oeste,420080,SC - ANCHIETA,5943
4,Sul,42,SC,Santa Catarina,4214,GRANDE FLORIANOPOLIS,42007,Grande Florianopolis,420090,SC - ANGELINA,5358
4,Sul,42,SC,Santa Catarina,4218,SERRA CATARINENSE,42013,Serra Catarinense,420100,SC - ANITA GARIBALDI,8285
4,Sul,42,SC,Santa Catarina,4214,GRANDE FLORIANOPOLIS,42007,Grande Florianopolis,420110,SC - ANITAPOLIS,3593
4,Sul,42,SC,Santa Catarina,4214,GRANDE FLORIANOPOLIS,42007,Grande Florianopolis,420120,SC - ANTONIO CARLOS,11224
4,Sul,42,SC,Santa Catarina,4216,VALE DO ITAJAI,42006,Medio Vale do Itajai,420125,SC - APIUNA,9811
4,Sul,42,SC,Santa Catarina,4217,MEIO OESTE,42010,Alto Uruguai Catarinense,420127,SC - ARABUTA,4378
4,Sul,42,SC,Santa Catarina,4211,PLANALTO NORTE E NORDESTE,42011,Nordeste,420130,SC - ARAQUARI,45283
4,Sul,42,SC,Santa Catarina,4210,SUL,42014,Extremo Sul Catarinense,420140,SC - ARARANGUA,71922
4,Sul,42,SC,Santa Catarina,4210,SUL,42016,Laguna,420150,SC - ARMAZEM,8834
4,Sul,42,SC,Santa Catarina,4217,MEIO OESTE,42009,Alto Vale do Rio do Peixe,420160,SC - ARROIO TRINTA,3556
4,Sul,42,SC,Santa Catarina,4213,GRANDE OESTE,42002,Oeste,420165,SC - ARVOREDO,2510
4,Sul,42,SC,Santa Catarina,4216,VALE DO ITAJAI,42006,Medio Vale do Itajai,420170,SC - ASCURRA,8319
4,Sul,42,SC,Santa Catarina,4216,VALE DO ITAJAI,42004,Alto Vale do Itajai,420180,SC - ATALANTA,3227
4,Sul,42,SC,Santa Catarina,4216,VALE DO ITAJAI,42004,Alto Vale do Itajai,420190,SC - AURORA,6780
4,Sul,42,SC,Santa Catarina,4210,SUL,42014,Extremo Sul Catarinense,420195,SC - BALNEARIO ARROIO DO SILVA,15820
4,Sul,42,SC,Santa Catarina,4211,PLANALTO NORTE E NORDESTE,42011,Nordeste,420205,SC - BALNEARIO BARRA DO SUL,14912
4,Sul,42,SC,Santa Catarina,4215,FOZ DO RIO ITAJAI,42005,Foz do Rio Itajai,420200,SC - BALNEARIO CAMBORIU,139155
4,Sul,42,SC,Santa Catarina,4210,SUL,42014,Extremo Sul Catarinense,420207,SC - BALNEARIO GAIVOTA,15669
4,Sul,42,SC,Santa Catarina,4215,FOZ DO RIO ITAJAI,42005,Foz do Rio Itajai,421280,SC - BALNEARIO PICARRAS,27127
4,Sul,42,SC,Santa Catarina,4210,SUL,42015,Carbonifera,422000,SC - BALNEARIO RINCAO,15981
4,Sul,42,SC,Santa Catarina,4213,GRANDE OESTE,42001,Extremo Oeste,420208,SC - BANDEIRANTE,3144
4,Sul,42,SC,Santa Catarina,4213,GRANDE OESTE,42001,Extremo Oeste,420209,SC - BARRA BONITA,1668
4,Sul,42,SC,Santa Catarina,4211,PLANALTO NORTE E NORDESTE,42017,Vale do Itapocu,420210,SC - BARRA VELHA,45369
4,Sul,42,SC,Santa Catarina,4211,PLANALTO NORTE E NORDESTE,42012,Planalto Norte,420213,SC - BELA VISTA DO TOLDO,5872
4,Sul,42,SC,Santa Catarina,4213,GRANDE OESTE,42001,Extremo Oeste,420215,SC - BELMONTE,2658
4,Sul,42,SC,Santa Catarina,4216,VALE DO ITAJAI,42006,Medio Vale do Itajai,420220,SC - BENEDITO NOVO,10520
4,Sul,42,SC,Santa Catarina,4214,GRANDE FLORIANOPOLIS,42007,Grande Florianopolis,420230,SC - BIGUACU,76773
4,Sul,42,SC,Santa Catarina,4216,VALE DO ITAJAI,42006,Medio Vale do Itajai,420240,SC - BLUMENAU,361261
4,Sul,42,SC,Santa Catarina,4218,SERRA CATARINENSE,42013,Serra Catarinense,420243,SC - BOCAINA DO SUL,3515
4,Sul,42,SC,Santa Catarina,4218,SERRA CATARINENSE,42013,Serra Catarinense,420250,SC - BOM JARDIM DA SERRA,4026
4,Sul,42,SC,Santa Catarina,4213,GRANDE OESTE,42003,Xanxere,420253,SC - BOM JESUS,2777
4,Sul,42,SC,Santa Catarina,4213,GRANDE OESTE,42001,Extremo Oeste,420257,SC - BOM JESUS DO OESTE,2187
4,Sul,42,SC,Santa Catarina,4218,SERRA CATARINENSE,42013,Serra Catarinense,420260,SC - BOM RETIRO,8418
4,Sul,42,SC,Santa Catarina,4215,FOZ DO RIO ITAJAI,42005,Foz do Rio Itajai,420245,SC - BOMBINHAS,25058
4,Sul,42,SC,Santa Catarina,4216,VALE DO ITAJAI,42006,Medio Vale do Itajai,420270,SC - BOTUVERA,5363
4,Sul,42,SC,Santa Catarina,4210,SUL,42016,Laguna,420280,SC - BRACO DO NORTE,33773
4,Sul,42,SC,Santa Catarina,4216,VALE DO ITAJAI,42004,Alto Vale do Itajai,420285,SC - BRACO DO TROMBUDO,4026
4,Sul,42,SC,Santa Catarina,4217,MEIO OESTE,42008,Meio Oeste,420287,SC - BRUNOPOLIS,2489
4,Sul,42,SC,Santa Catarina,4216,VALE DO ITAJAI,42006,Medio Vale do Itajai,420290,SC - BRUSQUE,141385
4,Sul,42,SC,Santa Catarina,4217,MEIO OESTE,42009,Alto Vale do Rio do Peixe,420300,SC - CACADOR,73720
4,Sul,42,SC,Santa Catarina,4213,GRANDE OESTE,42002,Oeste,420310,SC - CAIBI,6304
4,Sul,42,SC,Santa Catarina,4217,MEIO OESTE,42009,Alto Vale do Rio do Peixe,420315,SC - CALMON,3443
4,Sul,42,SC,Santa Catarina,4215,FOZ DO RIO ITAJAI,42005,Foz do Rio Itajai,420320,SC - CAMBORIU,103074
4,Sul,42,SC,Santa Catarina,4211,PLANALTO NORTE E NORDESTE,42012,Planalto Norte,420330,SC - CAMPO ALEGRE,12501
4,Sul,42,SC,Santa Catarina,4218,SERRA CATARINENSE,42013,Serra Catarinense,420340,SC - CAMPO BELO DO SUL,7257
4,Sul,42,SC,Santa Catarina,4213,GRANDE OESTE,42003,Xanxere,420350,SC - CAMPO ERE,9623
4,Sul,42,SC,Santa Catarina,4217,MEIO OESTE,42008,Meio Oeste,420360,SC - CAMPOS NOVOS,36932
4,Sul,42,SC,Santa Catarina,4214,GRANDE FLORIANOPOLIS,42007,Grande Florianopolis,420370,SC - CANELINHA,12821
4,Sul,42,SC,Santa Catarina,4211,PLANALTO NORTE E NORDESTE,42012,Planalto Norte,420380,SC - CANOINHAS,55016
4,Sul,42,SC,Santa Catarina,4218,SERRA CATARINENSE,42013,Serra Catarinense,420325,SC - CAPAO ALTO,2625
4,Sul,42,SC,Santa Catarina,4217,MEIO OESTE,42008,Meio Oeste,420390,SC - CAPINZAL,23314
4,Sul,42,SC,Santa Catarina,4210,SUL,42016,Laguna,420395,SC - CAPIVARI DE BAIXO,23975
4,Sul,42,SC,Santa Catarina,4217,MEIO OESTE,42008,Meio Oeste,420400,SC - CATANDUVAS,10566
4,Sul,42,SC,Santa Catarina,4213,GRANDE OESTE,42002,Oeste,420410,SC - CAXAMBU DO SUL,4614
4,Sul,42,SC,Santa Catarina,4217,MEIO OESTE,42008,Meio Oeste,420415,SC - CELSO RAMOS,2805
4,Sul,42,SC,Santa Catarina,4218,SERRA CATARINENSE,42013,Serra Catarinense,420417,SC - CERRO NEGRO,3317
4,Sul,42,SC,Santa Catarina,4216,VALE DO ITAJAI,42004,Alto Vale do Itajai,420419,SC - CHAPADAO DO LAGEADO,2950
4,Sul,42,SC,Santa Catarina,4213,GRANDE OESTE,42002,Oeste,420420,SC - CHAPECO,254785
4,Sul,42,SC,Santa Catarina,4210,SUL,42015,Carbonifera,420425,SC - COCAL DO SUL,17240
4,Sul,42,SC,Santa Catarina,4217,MEIO OESTE,42010,Alto Uruguai Catarinense,420430,SC - CONCORDIA,81646
4,Sul,42,SC,Santa Catarina,4213,GRANDE OESTE,42002,Oeste,420435,SC - CORDILHEIRA ALTA,4781
4,Sul,42,SC,Santa Catarina,4213,GRANDE OESTE,42002,Oeste,420440,SC - CORONEL FREITAS,10388
4,Sul,42,SC,Santa Catarina,4213,GRANDE OESTE,42003,Xanxere,420445,SC - CORONEL MARTINS,2065
4,Sul,42,SC,Santa Catarina,4218,SERRA CATARINENSE,42013,Serra Catarinense,420455,SC - CORREIA PINTO,15727
4,Sul,42,SC,Santa Catarina,4211,PLANALTO NORTE E NORDESTE,42017,Vale do Itapocu,420450,SC - CORUPA,15267
4,Sul,42,SC,Santa Catarina,4210,SUL,42015,Carbonifera,420460,SC - CRICIUMA,214493
4,Sul,42,SC,Santa Catarina,4213,GRANDE OESTE,42002,Oeste,420470,SC - CUNHA PORA,10953
4,Sul,42,SC,Santa Catarina,4213,GRANDE OESTE,42002,Oeste,420475,SC - CUNHATAI,1968
4,Sul,42,SC,Santa Catarina,4217,MEIO OESTE,42009,Alto Vale do Rio do Peixe,420480,SC - CURITIBANOS,40045
4,Sul,42,SC,Santa Catarina,4213,GRANDE OESTE,42001,Extremo Oeste,420490,SC - DESCANSO,8530
4,Sul,42,SC,Santa Catarina,4213,GRANDE OESTE,42001,Extremo Oeste,420500,SC - DIONISIO CERQUEIRA,15008
4,Sul,42,SC,Santa Catarina,4216,VALE DO ITAJAI,42004,Alto Vale do Itajai,420510,SC - DONA EMMA,4221
4,Sul,42,SC,Santa Catarina,4216,VALE DO ITAJAI,42006,Medio Vale do Itajai,420515,SC - DOUTOR PEDRINHO,3637
4,Sul,42,SC,Santa Catarina,4213,GRANDE OESTE,42003,Xanxere,420517,SC - ENTRE RIOS,3402
4,Sul,42,SC,Santa Catarina,4210,SUL,42014,Extremo Sul Catarinense,420519,SC - ERMO,2269
4,Sul,42,SC,Santa Catarina,4217,MEIO OESTE,42008,Meio Oeste,420520,SC - ERVAL VELHO,4885
4,Sul,42,SC,Santa Catarina,4213,GRANDE OESTE,42003,Xanxere,420530,SC - FAXINAL DOS GUEDES,11192
4,Sul,42,SC,Santa Catarina,4213,GRANDE OESTE,42001,Extremo Oeste,420535,SC - FLOR DO SERTAO,1783
4,Sul,42,SC,Santa Catarina,4214,GRANDE FLORIANOPOLIS,42007,Grande Florianopolis,420540,SC - FLORIANOPOLIS,537211
4,Sul,42,SC,Santa Catarina,4213,GRANDE OESTE,42002,Oeste,420543,SC - FORMOSA DO SUL,2682
4,Sul,42,SC,Santa Catarina,4210,SUL,42015,Carbonifera,420545,SC - FORQUILHINHA,31431
4,Sul,42,SC,Santa Catarina,4217,MEIO OESTE,42009,Alto Vale do Rio do Peixe,420550,SC - FRAIBURGO,33481
4,Sul,42,SC,Santa Catarina,4217,MEIO OESTE,42009,Alto Vale do Rio do Peixe,420555,SC - FREI ROGERIO,2411
4,Sul,42,SC,Santa Catarina,4213,GRANDE OESTE,42003,Xanxere,420560,SC - GALVAO,3210
4,Sul,42,SC,Santa Catarina,4214,GRANDE FLORIANOPOLIS,42007,Grande Florianopolis,420570,SC - GAROPABA,29959
4,Sul,42,SC,Santa Catarina,4211,PLANALTO NORTE E NORDESTE,42011,Nordeste,420580,SC - GARUVA,18545
4,Sul,42,SC,Santa Catarina,4216,VALE DO ITAJAI,42006,Medio Vale do Itajai,420590,SC - GASPAR,72570
4,Sul,42,SC,Santa Catarina,4214,GRANDE FLORIANOPOLIS,42007,Grande Florianopolis,420600,SC - GOVERNADOR CELSO RAMOS,16915
4,Sul,42,SC,Santa Catarina,4210,SUL,42016,Laguna,420610,SC - GRAO PARA,6277
4,Sul,42,SC,Santa Catarina,4210,SUL,42016,Laguna,420620,SC - GRAVATAL,12435
4,Sul,42,SC,Santa Catarina,4216,VALE DO ITAJAI,42006,Medio Vale do Itajai,420630,SC - GUABIRUBA,24543
4,Sul,42,SC,Santa Catarina,4213,GRANDE OESTE,42001,Extremo Oeste,420640,SC - GUARACIABA,10796
4,Sul,42,SC,Santa Catarina,4211,PLANALTO NORTE E NORDESTE,42017,Vale do Itapocu,420650,SC - GUARAMIRIM,46711
4,Sul,42,SC,Santa Catarina,4213,GRANDE OESTE,42001,Extremo Oeste,420660,SC - GUARUJA DO SUL,4829
4,Sul,42,SC,Santa Catarina,4213,GRANDE OESTE,42002,Oeste,420665,SC - GUATAMBU,8425
4,Sul,42,SC,Santa Catarina,4217,MEIO OESTE,42008,Meio Oeste,420670,SC - HERVAL D'OESTE,21724
4,Sul,42,SC,Santa Catarina,4217,MEIO OESTE,42009,Alto Vale do Rio do Peixe,420675,SC - IBIAM,2008
4,Sul,42,SC,Santa Catarina,4217,MEIO OESTE,42008,Meio Oeste,420680,SC - IBICARE,3269
4,Sul,42,SC,Santa Catarina,4216,VALE DO ITAJAI,42004,Alto Vale do Itajai,420690,SC - IBIRAMA,19862
4,Sul,42,SC,Santa Catarina,4210,SUL,42015,Carbonifera,420700,SC - ICARA,59035
4,Sul,42,SC,Santa Catarina,4215,FOZ DO RIO ITAJAI,42005,Foz do Rio Itajai,420710,SC - ILHOTA,17046
4,Sul,42,SC,Santa Catarina,4210,SUL,42016,Laguna,420720,SC - IMARUI,11881
4,Sul,42,SC,Santa Catarina,4210,SUL,42016,Laguna,420730,SC - IMBITUBA,52579
4,Sul,42,SC,Santa Catarina,4216,VALE DO ITAJAI,42004,Alto Vale do Itajai,420740,SC - IMBUIA,5982
4,Sul,42,SC,Santa Catarina,4216,VALE DO ITAJAI,42006,Medio Vale do Itajai,420750,SC - INDAIAL,71549
4,Sul,42,SC,Santa Catarina,4217,MEIO OESTE,42009,Alto Vale do Rio do Peixe,420757,SC - IOMERE,2877
4,Sul,42,SC,Santa Catarina,4217,MEIO OESTE,42010,Alto Uruguai Catarinense,420760,SC - IPIRA,4578
4,Sul,42,SC,Santa Catarina,4213,GRANDE OESTE,42001,Extremo Oeste,420765,SC - IPORA DO OESTE,9335
4,Sul,42,SC,Santa Catarina,4213,GRANDE OESTE,42003,Xanxere,420768,SC - IPUACU,7730
4,Sul,42,SC,Santa Catarina,4217,MEIO OESTE,42010,Alto Uruguai Catarinense,420770,SC - IPUMIRIM,7816
4,Sul,42,SC,Santa Catarina,4213,GRANDE OESTE,42001,Extremo Oeste,420775,SC - IRACEMINHA,3986
4,Sul,42,SC,Santa Catarina,4217,MEIO OESTE,42010,Alto Uruguai Catarinense,420780,SC - IRANI,10195
4,Sul,42,SC,Santa Catarina,4213,GRANDE OESTE,42002,Oeste,420785,SC - IRATI,2069
4,Sul,42,SC,Santa Catarina,4211,PLANALTO NORTE E NORDESTE,42012,Planalto Norte,420790,SC - IRINEOPOLIS,10285
4,Sul,42,SC,Santa Catarina,4217,MEIO OESTE,42010,Alto Uruguai Catarinense,420800,SC - ITA,7067
4,Sul,42,SC,Santa Catarina,4211,PLANALTO NORTE E NORDESTE,42012,Planalto Norte,420810,SC - ITAIOPOLIS,22051
4,Sul,42,SC,Santa Catarina,4215,FOZ DO RIO ITAJAI,42005,Foz do Rio Itajai,420820,SC - ITAJAI,264054
4,Sul,42,SC,Santa Catarina,4215,FOZ DO RIO ITAJAI,42005,Foz do Rio Itajai,420830,SC - ITAPEMA,75940
4,Sul,42,SC,Santa Catarina,4213,GRANDE OESTE,42001,Extremo Oeste,420840,SC - ITAPIRANGA,16638
4,Sul,42,SC,Santa Catarina,4211,PLANALTO NORTE E NORDESTE,42011,Nordeste,420845,SC - ITAPOA,30750
4,Sul,42,SC,Santa Catarina,4216,VALE DO ITAJAI,42004,Alto Vale do Itajai,420850,SC - ITUPORANGA,26525
4,Sul,42,SC,Santa Catarina,4217,MEIO OESTE,42008,Meio Oeste,420860,SC - JABORA,4310
4,Sul,42,SC,Santa Catarina,4210,SUL,42014,Extremo Sul Catarinense,420870,SC - JACINTO MACHADO,10624
4,Sul,42,SC,Santa Catarina,4210,SUL,42016,Laguna,420880,SC - JAGUARUNA,20375
4,Sul,42,SC,Santa Catarina,4211,PLANALTO NORTE E NORDESTE,42017,Vale do Itapocu,420890,SC - JARAGUA DO SUL,182660
4,Sul,42,SC,Santa Catarina,4213,GRANDE OESTE,42002,Oeste,420895,SC - JARDINOPOLIS,1776
4,Sul,42,SC,Santa Catarina,4217,MEIO OESTE,42008,Meio Oeste,420900,SC - JOACABA,30146
4,Sul,42,SC,Santa Catarina,4211,PLANALTO NORTE E NORDESTE,42011,Nordeste,420910,SC - JOINVILLE,616317
4,Sul,42,SC,Santa Catarina,4216,VALE DO ITAJAI,42004,Alto Vale do Itajai,420915,SC - JOSE BOITEUX,5985
4,Sul,42,SC,Santa Catarina,4213,GRANDE OESTE,42003,Xanxere,420917,SC - JUPIA,2555
4,Sul,42,SC,Santa Catarina,4217,MEIO OESTE,42008,Meio Oeste,420920,SC - LACERDOPOLIS,2248
4,Sul,42,SC,Santa Catarina,4218,SERRA CATARINENSE,42013,Serra Catarinense,420930,SC - LAGES,164981
4,Sul,42,SC,Santa Catarina,4210,SUL,42016,Laguna,420940,SC - LAGUNA,42785
4,Sul,42,SC,Santa Catarina,4213,GRANDE OESTE,42003,Xanxere,420945,SC - LAJEADO GRANDE,1702
4,Sul,42,SC,Santa Catarina,4216,VALE DO ITAJAI,42004,Alto Vale do Itajai,420950,SC - LAURENTINO,7932
4,Sul,42,SC,Santa Catarina,4210,SUL,42015,Carbonifera,420960,SC - LAURO MULLER,14381
4,Sul,42,SC,Santa Catarina,4217,MEIO OESTE,42009,Alto Vale do Rio do Peixe,420970,SC - LEBON REGIS,11472
4,Sul,42,SC,Santa Catarina,4214,GRANDE FLORIANOPOLIS,42007,Grande Florianopolis,420980,SC - LEOBERTO LEAL,3330
4,Sul,42,SC,Santa Catarina,4217,MEIO OESTE,42010,Alto Uruguai Catarinense,420985,SC - LINDOIA DO SUL,4549
4,Sul,42,SC,Santa Catarina,4216,VALE DO ITAJAI,42004,Alto Vale do Itajai,420990,SC - LONTRAS,12873
4,Sul,42,SC,Santa Catarina,4215,FOZ DO RIO ITAJAI,42005,Foz do Rio Itajai,421000,SC - LUIZ ALVES,11684
4,Sul,42,SC,Santa Catarina,4217,MEIO OESTE,42008,Meio Oeste,421003,SC - LUZERNA,5794
4,Sul,42,SC,Santa Catarina,4217,MEIO OESTE,42009,Alto Vale do Rio do Peixe,421005,SC - MACIEIRA,1778
4,Sul,42,SC,Santa Catarina,4211,PLANALTO NORTE E NORDESTE,42012,Planalto Norte,421010,SC - MAFRA,55286
4,Sul,42,SC,Santa Catarina,4214,GRANDE FLORIANOPOLIS,42007,Grande Florianopolis,421020,SC - MAJOR GERCINO,3214
4,Sul,42,SC,Santa Catarina,4211,PLANALTO NORTE E NORDESTE,42012,Planalto Norte,421030,SC - MAJOR VIEIRA,7425
4,Sul,42,SC,Santa Catarina,4210,SUL,42014,Extremo Sul Catarinense,421040,SC - MARACAJA,7815
4,Sul,42,SC,Santa Catarina,4213,GRANDE OESTE,42001,Extremo Oeste,421050,SC - MARAVILHA,28251
4,Sul,42,SC,Santa Catarina,4213,GRANDE OESTE,42003,Xanxere,421055,SC - MAREMA,2184
4,Sul,42,SC,Santa Catarina,4211,PLANALTO NORTE E NORDESTE,42017,Vale do Itapocu,421060,SC - MASSARANDUBA,17162
4,Sul,42,SC,Santa Catarina,4217,MEIO OESTE,42009,Alto Vale do Rio do Peixe,421070,SC - MATOS COSTA,2761
4,Sul,42,SC,Santa Catarina,4210,SUL,42014,Extremo Sul Catarinense,421080,SC - MELEIRO,7006
4,Sul,42,SC,Santa Catarina,4216,VALE DO ITAJAI,42004,Alto Vale do Itajai,421085,SC - MIRIM DOCE,2511
4,Sul,42,SC,Santa Catarina,4213,GRANDE OESTE,42001,Extremo Oeste,421090,SC - MODELO,4080
4,Sul,42,SC,Santa Catarina,4213,GRANDE OESTE,42001,Extremo Oeste,421100,SC - MONDAI,10066
4,Sul,42,SC,Santa Catarina,4217,MEIO OESTE,42008,Meio Oeste,421105,SC - MONTE CARLO,9117
4,Sul,42,SC,Santa Catarina,4211,PLANALTO NORTE E NORDESTE,42012,Planalto Norte,421110,SC - MONTE CASTELO,7736
4,Sul,42,SC,Santa Catarina,4210,SUL,42015,Carbonifera,421120,SC - MORRO DA FUMACA,18537
4,Sul,42,SC,Santa Catarina,4210,SUL,42014,Extremo Sul Catarinense,421125,SC - MORRO GRANDE,3010
4,Sul,42,SC,Santa Catarina,4215,FOZ DO RIO ITAJAI,42005,Foz do Rio Itajai,421130,SC - NAVEGANTES,86401
4,Sul,42,SC,Santa Catarina,4213,GRANDE OESTE,42002,Oeste,421140,SC - NOVA ERECHIM,5155
4,Sul,42,SC,Santa Catarina,4213,GRANDE OESTE,42002,Oeste,421145,SC - NOVA ITABERABA,4536
4,Sul,42,SC,Santa Catarina,4214,GRANDE FLORIANOPOLIS,42007,Grande Florianopolis,421150,SC - NOVA TRENTO,13727
4,Sul,42,SC,Santa Catarina,4210,SUL,42015,Carbonifera,421160,SC - NOVA VENEZA,13664
4,Sul,42,SC,Santa Catarina,4213,GRANDE OESTE,42003,Xanxere,421165,SC - NOVO HORIZONTE,2643
4,Sul,42,SC,Santa Catarina,4210,SUL,42015,Carbonifera,421170,SC - ORLEANS,23661
4,Sul,42,SC,Santa Catarina,4218,SERRA CATARINENSE,42013,Serra Catarinense,421175,SC - OTACILIO COSTA,17312
4,Sul,42,SC,Santa Catarina,4217,MEIO OESTE,42008,Meio Oeste,421180,SC - OURO,7032
4,Sul,42,SC,Santa Catarina,4213,GRANDE OESTE,42003,Xanxere,421185,SC - OURO VERDE,2181
4,Sul,42,SC,Santa Catarina,4213,GRANDE OESTE,42002,Oeste,421187,SC - PAIAL,1927
4,Sul,42,SC,Santa Catarina,4218,SERRA CATARINENSE,42013,Serra Catarinense,421189,SC - PAINEL,2215
4,Sul,42,SC,Santa Catarina,4214,GRANDE FLORIANOPOLIS,42007,Grande Florianopolis,421190,SC - PALHOCA,222598
4,Sul,42,SC,Santa Catarina,4213,GRANDE OESTE,42001,Extremo Oeste,421200,SC - PALMA SOLA,7605
4,Sul,42,SC,Santa Catarina,4218,SERRA CATARINENSE,42013,Serra Catarinense,421205,SC - PALMEIRA,2561
4,Sul,42,SC,Santa Catarina,4213,GRANDE OESTE,42002,Oeste,421210,SC - PALMITOS,15626
4,Sul,42,SC,Santa Catarina,4211,PLANALTO NORTE E NORDESTE,42012,Planalto Norte,421220,SC - PAPANDUVA,19150
4,Sul,42,SC,Santa Catarina,4213,GRANDE OESTE,42001,Extremo Oeste,421223,SC - PARAISO,4267
4,Sul,42,SC,Santa Catarina,4210,SUL,42014,Extremo Sul Catarinense,421225,SC - PASSO DE TORRES,12897
4,Sul,42,SC,Santa Catarina,4213,GRANDE OESTE,42003,Xanxere,421227,SC - PASSOS MAIA,4034
4,Sul,42,SC,Santa Catarina,4214,GRANDE FLORIANOPOLIS,42007,Grande Florianopolis,421230,SC - PAULO LOPES,9063
4,Sul,42,SC,Santa Catarina,4210,SUL,42016,Laguna,421240,SC - PEDRAS GRANDES,4245
4,Sul,42,SC,Santa Catarina,4215,FOZ DO RIO ITAJAI,42005,Foz do Rio Itajai,421250,SC - PENHA,33663
4,Sul,42,SC,Santa Catarina,4217,MEIO OESTE,42010,Alto Uruguai Catarinense,421260,SC - PERITIBA,2992
4,Sul,42,SC,Santa Catarina,4210,SUL,42016,Laguna,421265,SC - PESCARIA BRAVA,10190
4,Sul,42,SC,Santa Catarina,4216,VALE DO ITAJAI,42004,Alto Vale do Itajai,421270,SC - PETROLANDIA,6716
4,Sul,42,SC,Santa Catarina,4213,GRANDE OESTE,42002,Oeste,421290,SC - PINHALZINHO,21972
4,Sul,42,SC,Santa Catarina,4217,MEIO OESTE,42009,Alto Vale do Rio do Peixe,421300,SC - PINHEIRO PRETO,3473
4,Sul,42,SC,Santa Catarina,4217,MEIO OESTE,42010,Alto Uruguai Catarinense,421310,SC - PIRATUBA,5769
4,Sul,42,SC,Santa Catarina,4213,GRANDE OESTE,42002,Oeste,421315,SC - PLANALTO ALEGRE,2946
4,Sul,42,SC,Santa Catarina,4216,VALE DO ITAJAI,42006,Medio Vale do Itajai,421320,SC - POMERODE,34289
4,Sul,42,SC,Santa Catarina,4218,SERRA CATARINENSE,42013,Serra Catarinense,421330,SC - PONTE ALTA,4437
4,Sul,42,SC,Santa Catarina,4217,MEIO OESTE,42009,Alto Vale do Rio do Peixe,421335,SC - PONTE ALTA DO NORTE,3210
4,Sul,42,SC,Santa Catarina,4213,GRANDE OESTE,42003,Xanxere,421340,SC - PONTE SERRADA,10649
4,Sul,42,SC,Santa Catarina,4215,FOZ DO RIO ITAJAI,42005,Foz do Rio Itajai,421350,SC - PORTO BELO,27688
4,Sul,42,SC,Santa Catarina,4211,PLANALTO NORTE E NORDESTE,42012,Planalto Norte,421360,SC - PORTO UNIAO,32970
4,Sul,42,SC,Santa Catarina,4216,VALE DO ITAJAI,42004,Alto Vale do Itajai,421370,SC - POUSO REDONDO,17123
4,Sul,42,SC,Santa Catarina,4210,SUL,42014,Extremo Sul Catarinense,421380,SC - PRAIA GRANDE,8270
4,Sul,42,SC,Santa Catarina,4217,MEIO OESTE,42010,Alto Uruguai Catarinense,421390,SC - PRESIDENTE CASTELLO BRANCO,1689
4,Sul,42,SC,Santa Catarina,4216,VALE DO ITAJAI,42004,Alto Vale do Itajai,421400,SC - PRESIDENTE GETULIO,20010
4,Sul,42,SC,Santa Catarina,4216,VALE DO ITAJAI,42004,Alto Vale do Itajai,421410,SC - PRESIDENTE NEREU,2301
4,Sul,42,SC,Santa Catarina,4213,GRANDE OESTE,42001,Extremo Oeste,421415,SC - PRINCESA,2964
4,Sul,42,SC,Santa Catarina,4213,GRANDE OESTE,42002,Oeste,421420,SC - QUILOMBO,11022
4,Sul,42,SC,Santa Catarina,4214,GRANDE FLORIANOPOLIS,42007,Grande Florianopolis,421430,SC - RANCHO QUEIMADO,3279
4,Sul,42,SC,Santa Catarina,4217,MEIO OESTE,42009,Alto Vale do Rio do Peixe,421440,SC - RIO DAS ANTAS,6253
4,Sul,42,SC,Santa Catarina,4216,VALE DO ITAJAI,42004,Alto Vale do Itajai,421450,SC - RIO DO CAMPO,6452
4,Sul,42,SC,Santa Catarina,4216,VALE DO ITAJAI,42004,Alto Vale do Itajai,421460,SC - RIO DO OESTE,7747
4,Sul,42,SC,Santa Catarina,4216,VALE DO ITAJAI,42004,Alto Vale do Itajai,421480,SC - RIO DO SUL,72587
4,Sul,42,SC,Santa Catarina,4216,VALE DO ITAJAI,42006,Medio Vale do Itajai,421470,SC - RIO DOS CEDROS,10865
4,Sul,42,SC,Santa Catarina,4210,SUL,42016,Laguna,421490,SC - RIO FORTUNA,4847
4,Sul,42,SC,Santa Catarina,4211,PLANALTO NORTE E NORDESTE,42012,Planalto Norte,421500,SC - RIO NEGRINHO,39261
4,Sul,42,SC,Santa Catarina,4218,SERRA CATARINENSE,42013,Serra Catarinense,421505,SC - RIO RUFINO,2397
4,Sul,42,SC,Santa Catarina,4213,GRANDE OESTE,42002,Oeste,421507,SC - RIQUEZA,4768
4,Sul,42,SC,Santa Catarina,4216,VALE DO ITAJAI,42006,Medio Vale do Itajai,421510,SC - RODEIO,12757
4,Sul,42,SC,Santa Catarina,4213,GRANDE OESTE,42001,Extremo Oeste,421520,SC - ROMELANDIA,4823
4,Sul,42,SC,Santa Catarina,4216,VALE DO ITAJAI,42004,Alto Vale do Itajai,421530,SC - SALETE,7489
4,Sul,42,SC,Santa Catarina,4213,GRANDE OESTE,42001,Extremo Oeste,421535,SC - SALTINHO,3632
4,Sul,42,SC,Santa Catarina,4217,MEIO OESTE,42009,Alto Vale do Rio do Peixe,421540,SC - SALTO VELOSO,4390
4,Sul,42,SC,Santa Catarina,4210,SUL,42016,Laguna,421545,SC - SANGAO,12882
4,Sul,42,SC,Santa Catarina,4217,MEIO OESTE,42009,Alto Vale do Rio do Peixe,421550,SC - SANTA CECILIA,15546
4,Sul,42,SC,Santa Catarina,4213,GRANDE OESTE,42001,Extremo Oeste,421555,SC - SANTA HELENA,2425
4,Sul,42,SC,Santa Catarina,4210,SUL,42016,Laguna,421560,SC - SANTA ROSA DE LIMA,2088
4,Sul,42,SC,Santa Catarina,4210,SUL,42014,Extremo Sul Catarinense,421565,SC - SANTA ROSA DO SUL,9792
4,Sul,42,SC,Santa Catarina,4216,VALE DO ITAJAI,42004,Alto Vale do Itajai,421567,SC - SANTA TEREZINHA,8066
4,Sul,42,SC,Santa Catarina,4213,GRANDE OESTE,42001,Extremo Oeste,421568,SC - SANTA TEREZINHA DO PROGRESSO,2576
4,Sul,42,SC,Santa Catarina,4213,GRANDE OESTE,42002,Oeste,421569,SC - SANTIAGO DO SUL,1651
4,Sul,42,SC,Santa Catarina,4214,GRANDE FLORIANOPOLIS,42007,Grande Florianopolis,421570,SC - SANTO AMARO DA IMPERATRIZ,27272
4,Sul,42,SC,Santa Catarina,4211,PLANALTO NORTE E NORDESTE,42012,Planalto Norte,421580,SC - SAO BENTO DO SUL,83277
4,Sul,42,SC,Santa Catarina,4213,GRANDE OESTE,42003,Xanxere,421575,SC - SAO BERNARDINO,2684
4,Sul,42,SC,Santa Catarina,4214,GRANDE FLORIANOPOLIS,42007,Grande Florianopolis,421590,SC - SAO BONIFACIO,2946
4,Sul,42,SC,Santa Catarina,4213,GRANDE OESTE,42002,Oeste,421600,SC - SAO CARLOS,10282
4,Sul,42,SC,Santa Catarina,4217,MEIO OESTE,42009,Alto Vale do Rio do Peixe,421605,SC - SAO CRISTOVAO DO SUL,6084
4,Sul,42,SC,Santa Catarina,4213,GRANDE OESTE,42003,Xanxere,421610,SC - SAO DOMINGOS,9226
4,Sul,42,SC,Santa Catarina,4211,PLANALTO NORTE E NORDESTE,42011,Nordeste,421620,SC - SAO FRANCISCO DO SUL,52674
4,Sul,42,SC,Santa Catarina,4214,GRANDE FLORIANOPOLIS,42007,Grande Florianopolis,421630,SC - SAO JOAO BATISTA,32687
4,Sul,42,SC,Santa Catarina,4211,PLANALTO NORTE E NORDESTE,42017,Vale do Itapocu,421635,SC - SAO JOAO DO ITAPERIU,4463
4,Sul,42,SC,Santa Catarina,4213,GRANDE OESTE,42001,Extremo Oeste,421625,SC - SAO JOAO DO OESTE,6295
4,Sul,42,SC,Santa Catarina,4210,SUL,42014,Extremo Sul Catarinense,421640,SC - SAO JOAO DO SUL,8668
4,Sul,42,SC,Santa Catarina,4218,SERRA CATARINENSE,42013,Serra Catarinense,421650,SC - SAO JOAQUIM,25939
4,Sul,42,SC,Santa Catarina,4214,GRANDE FLORIANOPOLIS,42007,Grande Florianopolis,421660,SC - SAO JOSE,270299
4,Sul,42,SC,Santa Catarina,4213,GRANDE OESTE,42001,Extremo Oeste,421670,SC - SAO JOSE DO CEDRO,14167
4,Sul,42,SC,Santa Catarina,4218,SERRA CATARINENSE,42013,Serra Catarinense,421680,SC - SAO JOSE DO CERRITO,8708
4,Sul,42,SC,Santa Catarina,4213,GRANDE OESTE,42003,Xanxere,421690,SC - SAO LOURENCO DO OESTE,24791
4,Sul,42,SC,Santa Catarina,4210,SUL,42016,Laguna,421700,SC - SAO LUDGERO,13509
4,Sul,42,SC,Santa Catarina,4210,SUL,42016,Laguna,421710,SC - SAO MARTINHO,3405
4,Sul,42,SC,Santa Catarina,4213,GRANDE OESTE,42001,Extremo Oeste,421715,SC - SAO MIGUEL DA BOA VISTA,1781
4,Sul,42,SC,Santa Catarina,4213,GRANDE OESTE,42001,Extremo Oeste,421720,SC - SAO MIGUEL DO OESTE,44330
4,Sul,42,SC,Santa Catarina,4214,GRANDE FLORIANOPOLIS,42007,Grande Florianopolis,421725,SC - SAO PEDRO DE ALCANTARA,5776
4,Sul,42,SC,Santa Catarina,4213,GRANDE OESTE,42001,Extremo Oeste,421730,SC - SAUDADES,10265
4,Sul,42,SC,Santa Catarina,4211,PLANALTO NORTE E NORDESTE,42017,Vale do Itapocu,421740,SC - SCHROEDER,20061
4,Sul,42,SC,Santa Catarina,4217,MEIO OESTE,42010,Alto Uruguai Catarinense,421750,SC - SEARA,18620
4,Sul,42,SC,Santa Catarina,4213,GRANDE OESTE,42002,Oeste,421755,SC - SERRA ALTA,3303
4,Sul,42,SC,Santa Catarina,4210,SUL,42015,Carbonifera,421760,SC - SIDEROPOLIS,13714
4,Sul,42,SC,Santa Catarina,4210,SUL,42014,Extremo Sul Catarinense,421770,SC - SOMBRIO,29991
4,Sul,42,SC,Santa Catarina,4213,GRANDE OESTE,42002,Oeste,421775,SC - SUL BRASIL,2832
4,Sul,42,SC,Santa Catarina,4216,VALE DO ITAJAI,42004,Alto Vale do Itajai,421780,SC - TAIO,18310
4,Sul,42,SC,Santa Catarina,4217,MEIO OESTE,42009,Alto Vale do Rio do Peixe,421790,SC - TANGARA,8143
4,Sul,42,SC,Santa Catarina,4213,GRANDE OESTE,42001,Extremo Oeste,421795,SC - TIGRINHOS,2329
4,Sul,42,SC,Santa Catarina,4214,GRANDE FLORIANOPOLIS,42007,Grande Florianopolis,421800,SC - TIJUCAS,51592
4,Sul,42,SC,Santa Catarina,4210,SUL,42014,Extremo Sul Catarinense,421810,SC - TIMBE DO SUL,5386
4,Sul,42,SC,Santa Catarina,4216,VALE DO ITAJAI,42006,Medio Vale do Itajai,421820,SC - TIMBO,46099
4,Sul,42,SC,Santa Catarina,4217,MEIO OESTE,42009,Alto Vale do Rio do Peixe,421825,SC - TIMBO GRANDE,7342
4,Sul,42,SC,Santa Catarina,4211,PLANALTO NORTE E NORDESTE,42012,Planalto Norte,421830,SC - TRES BARRAS,19746
4,Sul,42,SC,Santa Catarina,4210,SUL,42015,Carbonifera,421835,SC - TREVISO,3782
4,Sul,42,SC,Santa Catarina,4210,SUL,42016,Laguna,421840,SC - TREZE DE MAIO,7362
4,Sul,42,SC,Santa Catarina,4217,MEIO OESTE,42008,Meio Oeste,421850,SC - TREZE TILIAS,8787
4,Sul,42,SC,Santa Catarina,4216,VALE DO ITAJAI,42004,Alto Vale do Itajai,421860,SC - TROMBUDO CENTRAL,7274
4,Sul,42,SC,Santa Catarina,4210,SUL,42016,Laguna,421870,SC - TUBARAO,110088
4,Sul,42,SC,Santa Catarina,4213,GRANDE OESTE,42001,Extremo Oeste,421875,SC - TUNAPOLIS,4916
4,Sul,42,SC,Santa Catarina,4210,SUL,42014,Extremo Sul Catarinense,421880,SC - TURVO,13043
4,Sul,42,SC,Santa Catarina,4213,GRANDE OESTE,42002,Oeste,421885,SC - UNIAO DO OESTE,2774
4,Sul,42,SC,Santa Catarina,4218,SERRA CATARINENSE,42013,Serra Catarinense,421890,SC - URUBICI,10834
4,Sul,42,SC,Santa Catarina,4218,SERRA CATARINENSE,42013,Serra Catarinense,421895,SC - URUPEMA,2656
4,Sul,42,SC,Santa Catarina,4210,SUL,42015,Carbonifera,421900,SC - URUSSANGA,20919
4,Sul,42,SC,Santa Catarina,4213,GRANDE OESTE,42003,Xanxere,421910,SC - VARGEAO,3634
4,Sul,42,SC,Santa Catarina,4217,MEIO OESTE,42008,Meio Oeste,421915,SC - VARGEM,2627
4,Sul,42,SC,Santa Catarina,4217,MEIO OESTE,42008,Meio Oeste,421917,SC - VARGEM BONITA,4576
4,Sul,42,SC,Santa Catarina,4216,VALE DO ITAJAI,42004,Alto Vale do Itajai,421920,SC - VIDAL RAMOS,6189
4,Sul,42,SC,Santa Catarina,4217,MEIO OESTE,42009,Alto Vale do Rio do Peixe,421930,SC - VIDEIRA,55466
4,Sul,42,SC,Santa Catarina,4216,VALE DO ITAJAI,42004,Alto Vale do Itajai,421935,SC - VITOR MEIRELES,5370
4,Sul,42,SC,Santa Catarina,4216,VALE DO ITAJAI,42004,Alto Vale do Itajai,421940,SC - WITMARSUM,4255
4,Sul,42,SC,Santa Catarina,4213,GRANDE OESTE,42003,Xanxere,421950,SC - XANXERE,51607
4,Sul,42,SC,Santa Catarina,4217,MEIO OESTE,42010,Alto Uruguai Catarinense,421960,SC - XAVANTINA,3653
4,Sul,42,SC,Santa Catarina,4213,GRANDE OESTE,42003,Xanxere,421970,SC - XAXIM,31918
4,Sul,42,SC,Santa Catarina,4217,MEIO OESTE,42008,Meio Oeste,421985,SC - ZORTEA,3930
2,Nordeste,28,SE,Sergipe,2801,MACRO UNICA,28007,Propria,280010,SE - AMPARO DE SAO FRANCISCO,2170
2,Nordeste,28,SE,Sergipe,2801,MACRO UNICA,28007,Propria,280020,SE - AQUIDABA,20131
2,Nordeste,28,SE,Sergipe,2801,MACRO UNICA,28001,Aracaju,280030,SE - ARACAJU,602757
2,Nordeste,28,SE,Sergipe,2801,MACRO UNICA,28002,Estancia,280040,SE - ARAUA,10318
2,Nordeste,28,SE,Sergipe,2801,MACRO UNICA,28003,Itabaiana,280050,SE - AREIA BRANCA,18081
2,Nordeste,28,SE,Sergipe,2801,MACRO UNICA,28001,Aracaju,280060,SE - BARRA DOS COQUEIROS,41511
2,Nordeste,28,SE,Sergipe,2801,MACRO UNICA,28002,Estancia,280067,SE - BOQUIM,24636
2,Nordeste,28,SE,Sergipe,2801,MACRO UNICA,28007,Propria,280070,SE - BREJO GRANDE,7841
2,Nordeste,28,SE,Sergipe,2801,MACRO UNICA,28003,Itabaiana,280100,SE - CAMPO DO BRITO,18149
2,Nordeste,28,SE,Sergipe,2801,MACRO UNICA,28007,Propria,280110,SE - CANHOBA,3791
2,Nordeste,28,SE,Sergipe,2801,MACRO UNICA,28005,Nossa Senhora da Gloria,280120,SE - CANINDE DE SAO FRANCISCO,26834
2,Nordeste,28,SE,Sergipe,2801,MACRO UNICA,28006,Nossa Senhora do Socorro,280130,SE - CAPELA,31645
2,Nordeste,28,SE,Sergipe,2801,MACRO UNICA,28003,Itabaiana,280140,SE - CARIRA,19939
2,Nordeste,28,SE,Sergipe,2801,MACRO UNICA,28006,Nossa Senhora do Socorro,280150,SE - CARMOPOLIS,13853
2,Nordeste,28,SE,Sergipe,2801,MACRO UNICA,28007,Propria,280160,SE - CEDRO DE SAO JOAO,5391
2,Nordeste,28,SE,Sergipe,2801,MACRO UNICA,28002,Estancia,280170,SE - CRISTINAPOLIS,17100
2,Nordeste,28,SE,Sergipe,2801,MACRO UNICA,28006,Nossa Senhora do Socorro,280190,SE - CUMBE,3824
2,Nordeste,28,SE,Sergipe,2801,MACRO UNICA,28001,Aracaju,280200,SE - DIVINA PASTORA,4340
2,Nordeste,28,SE,Sergipe,2801,MACRO UNICA,28002,Estancia,280210,SE - ESTANCIA,65078
2,Nordeste,28,SE,Sergipe,2801,MACRO UNICA,28005,Nossa Senhora da Gloria,280220,SE - FEIRA NOVA,6017
2,Nordeste,28,SE,Sergipe,2801,MACRO UNICA,28003,Itabaiana,280230,SE - FREI PAULO,14530
2,Nordeste,28,SE,Sergipe,2801,MACRO UNICA,28005,Nossa Senhora da Gloria,280240,SE - GARARU,11095
2,Nordeste,28,SE,Sergipe,2801,MACRO UNICA,28006,Nossa Senhora do Socorro,280250,SE - GENERAL MAYNARD,3037
2,Nordeste,28,SE,Sergipe,2801,MACRO UNICA,28005,Nossa Senhora da Gloria,280260,SE - GRACHO CARDOSO,5838
2,Nordeste,28,SE,Sergipe,2801,MACRO UNICA,28007,Propria,280270,SE - ILHA DAS FLORES,8321
2,Nordeste,28,SE,Sergipe,2801,MACRO UNICA,28002,Estancia,280280,SE - INDIAROBA,16549
2,Nordeste,28,SE,Sergipe,2801,MACRO UNICA,28003,Itabaiana,280290,SE - ITABAIANA,103440
2,Nordeste,28,SE,Sergipe,2801,MACRO UNICA,28002,Estancia,280300,SE - ITABAIANINHA,40678
2,Nordeste,28,SE,Sergipe,2801,MACRO UNICA,28005,Nossa Senhora da Gloria,280310,SE - ITABI,4745
2,Nordeste,28,SE,Sergipe,2801,MACRO UNICA,28001,Aracaju,280320,SE - ITAPORANGA D'AJUDA,34411
2,Nordeste,28,SE,Sergipe,2801,MACRO UNICA,28006,Nossa Senhora do Socorro,280330,SE - JAPARATUBA,16209
2,Nordeste,28,SE,Sergipe,2801,MACRO UNICA,28007,Propria,280340,SE - JAPOATA,13407
2,Nordeste,28,SE,Sergipe,2801,MACRO UNICA,28004,Lagarto,280350,SE - LAGARTO,101579
2,Nordeste,28,SE,Sergipe,2801,MACRO UNICA,28001,Aracaju,280360,SE - LARANJEIRAS,23975
2,Nordeste,28,SE,Sergipe,2801,MACRO UNICA,28003,Itabaiana,280370,SE - MACAMBIRA,6838
2,Nordeste,28,SE,Sergipe,2801,MACRO UNICA,28007,Propria,280380,SE - MALHADA DOS BOIS,3579
2,Nordeste,28,SE,Sergipe,2801,MACRO UNICA,28003,Itabaiana,280390,SE - MALHADOR,11533
2,Nordeste,28,SE,Sergipe,2801,MACRO UNICA,28006,Nossa Senhora do Socorro,280400,SE - MARUIM,15719
2,Nordeste,28,SE,Sergipe,2801,MACRO UNICA,28003,Itabaiana,280410,SE - MOITA BONITA,11050
2,Nordeste,28,SE,Sergipe,2801,MACRO UNICA,28005,Nossa Senhora da Gloria,280420,SE - MONTE ALEGRE DE SERGIPE,14356
2,Nordeste,28,SE,Sergipe,2801,MACRO UNICA,28007,Propria,280430,SE - MURIBECA,7822
2,Nordeste,28,SE,Sergipe,2801,MACRO UNICA,28007,Propria,280440,SE - NEOPOLIS,16426
2,Nordeste,28,SE,Sergipe,2801,MACRO UNICA,28003,Itabaiana,280445,SE - NOSSA SENHORA APARECIDA,9232
2,Nordeste,28,SE,Sergipe,2801,MACRO UNICA,28005,Nossa Senhora da Gloria,280450,SE - NOSSA SENHORA DA GLORIA,41147
2,Nordeste,28,SE,Sergipe,2801,MACRO UNICA,28006,Nossa Senhora do Socorro,280460,SE - NOSSA SENHORA DAS DORES,24996
2,Nordeste,28,SE,Sergipe,2801,MACRO UNICA,28007,Propria,280470,SE - NOSSA SENHORA DE LOURDES,6268
2,Nordeste,28,SE,Sergipe,2801,MACRO UNICA,28006,Nossa Senhora do Socorro,280480,SE - NOSSA SENHORA DO SOCORRO,192330
2,Nordeste,28,SE,Sergipe,2801,MACRO UNICA,28007,Propria,280490,SE - PACATUBA,12502
2,Nordeste,28,SE,Sergipe,2801,MACRO UNICA,28003,Itabaiana,280500,SE - PEDRA MOLE,2778
2,Nordeste,28,SE,Sergipe,2801,MACRO UNICA,28002,Estancia,280510,SE - PEDRINHAS,7396
2,Nordeste,28,SE,Sergipe,2801,MACRO UNICA,28003,Itabaiana,280520,SE - PINHAO,5677
2,Nordeste,28,SE,Sergipe,2801,MACRO UNICA,28006,Nossa Senhora do Socorro,280530,SE - PIRAMBU,7913
2,Nordeste,28,SE,Sergipe,2801,MACRO UNICA,28005,Nossa Senhora da Gloria,280540,SE - POCO REDONDO,33439
2,Nordeste,28,SE,Sergipe,2801,MACRO UNICA,28004,Lagarto,280550,SE - POCO VERDE,21794
2,Nordeste,28,SE,Sergipe,2801,MACRO UNICA,28005,Nossa Senhora da Gloria,280560,SE - PORTO DA FOLHA,26576
2,Nordeste,28,SE,Sergipe,2801,MACRO UNICA,28007,Propria,280570,SE - PROPRIA,26618
2,Nordeste,28,SE,Sergipe,2801,MACRO UNICA,28004,Lagarto,280580,SE - RIACHAO DO DANTAS,18313
2,Nordeste,28,SE,Sergipe,2801,MACRO UNICA,28001,Aracaju,280590,SE - RIACHUELO,8748
2,Nordeste,28,SE,Sergipe,2801,MACRO UNICA,28003,Itabaiana,280600,SE - RIBEIROPOLIS,17033
2,Nordeste,28,SE,Sergipe,2801,MACRO UNICA,28006,Nossa Senhora do Socorro,280610,SE - ROSARIO DO CATETE,9295
2,Nordeste,28,SE,Sergipe,2801,MACRO UNICA,28004,Lagarto,280620,SE - SALGADO,20279
2,Nordeste,28,SE,Sergipe,2801,MACRO UNICA,28002,Estancia,280630,SE - SANTA LUZIA DO ITANHY,13616
2,Nordeste,28,SE,Sergipe,2801,MACRO UNICA,28001,Aracaju,280650,SE - SANTA ROSA DE LIMA,3937
2,Nordeste,28,SE,Sergipe,2801,MACRO UNICA,28007,Propria,280640,SE - SANTANA DO SAO FRANCISCO,7346
2,Nordeste,28,SE,Sergipe,2801,MACRO UNICA,28006,Nossa Senhora do Socorro,280660,SE - SANTO AMARO DAS BROTAS,11092
2,Nordeste,28,SE,Sergipe,2801,MACRO UNICA,28001,Aracaju,280670,SE - SAO CRISTOVAO,95612
2,Nordeste,28,SE,Sergipe,2801,MACRO UNICA,28003,Itabaiana,280680,SE - SAO DOMINGOS,10327
2,Nordeste,28,SE,Sergipe,2801,MACRO UNICA,28007,Propria,280690,SE - SAO FRANCISCO,3243
2,Nordeste,28,SE,Sergipe,2801,MACRO UNICA,28003,Itabaiana,280700,SE - SAO MIGUEL DO ALEIXO,3434
2,Nordeste,28,SE,Sergipe,2801,MACRO UNICA,28004,Lagarto,280710,SE - SIMAO DIAS,42578
2,Nordeste,28,SE,Sergipe,2801,MACRO UNICA,28006,Nossa Senhora do Socorro,280720,SE - SIRIRI,7834
2,Nordeste,28,SE,Sergipe,2801,MACRO UNICA,28007,Propria,280730,SE - TELHA,3274
2,Nordeste,28,SE,Sergipe,2801,MACRO UNICA,28004,Lagarto,280740,SE - TOBIAS BARRETO,50905
2,Nordeste,28,SE,Sergipe,2801,MACRO UNICA,28002,Estancia,280750,SE - TOMAR DO GERU,12012
2,Nordeste,28,SE,Sergipe,2801,MACRO UNICA,28002,Estancia,280760,SE - UMBAUBA,23917
3,Sudeste,35,SP,São Paulo,3533,RRAS10,35091,Adamantina,350010,SP - ADAMANTINA,34687
3,Sudeste,35,SP,São Paulo,3531,RRAS12,35156,Jose Bonifacio,350020,SP - ADOLFO,4351
3,Sudeste,35,SP,São Paulo,3528,RRAS15,35142,Mantiqueira,350030,SP - AGUAI,32072
3,Sudeste,35,SP,São Paulo,3528,RRAS15,35142,Mantiqueira,350040,SP - AGUAS DA PRATA,7369
3,Sudeste,35,SP,São Paulo,3528,RRAS15,35074,Circuito das Aguas,350050,SP - AGUAS DE LINDOIA,17930
3,Sudeste,35,SP,São Paulo,3518,RRAS9,35061,Vale do Jurumirim,350055,SP - AGUAS DE SANTA BARBARA,7177
3,Sudeste,35,SP,São Paulo,3529,RRAS14,35103,Piracicaba,350060,SP - AGUAS DE SAO PEDRO,2780
3,Sudeste,35,SP,São Paulo,3518,RRAS9,35062,Bauru,350070,SP - AGUDOS,37680
3,Sudeste,35,SP,São Paulo,3519,RRAS8,35161,Itapetininga,350075,SP - ALAMBARI,6141
3,Sudeste,35,SP,São Paulo,3532,RRAS11,35112,Alta Sorocabana,350080,SP - ALFREDO MARCONDES,4445
3,Sudeste,35,SP,São Paulo,3530,RRAS13,35051,Norte - Barretos,350090,SP - ALTAIR,3451
3,Sudeste,35,SP,São Paulo,3530,RRAS13,35133,Vale das Cachoeiras,350100,SP - ALTINOPOLIS,16818
3,Sudeste,35,SP,São Paulo,3531,RRAS12,35023,Consorcios do Drs II,350110,SP - ALTO ALEGRE,3841
3,Sudeste,35,SP,São Paulo,3519,RRAS8,35163,Sorocaba,350115,SP - ALUMINIO,17301
3,Sudeste,35,SP,São Paulo,3531,RRAS12,35157,Votuporanga,350120,SP - ALVARES FLORENCE,3915
3,Sudeste,35,SP,São Paulo,3532,RRAS11,35112,Alta Sorocabana,350130,SP - ALVARES MACHADO,27255
3,Sudeste,35,SP,São Paulo,3533,RRAS10,35093,Marilia,350140,SP - ALVARO DE CARVALHO,4808
3,Sudeste,35,SP,São Paulo,3533,RRAS10,35093,Marilia,350150,SP - ALVINLANDIA,2885
3,Sudeste,35,SP,São Paulo,3528,RRAS15,35072,Regiao Metropolitana de Campinas,350160,SP - AMERICANA,237240
3,Sudeste,35,SP,São Paulo,3535,RRAS 18,35031,Central do Drs III,350170,SP - AMERICO BRASILIENSE,33019
3,Sudeste,35,SP,São Paulo,3531,RRAS12,35157,Votuporanga,350180,SP - AMERICO DE CAMPOS,5870
3,Sudeste,35,SP,São Paulo,3528,RRAS15,35074,Circuito das Aguas,350190,SP - AMPARO,68008
3,Sudeste,35,SP,São Paulo,3529,RRAS14,35104,Rio Claro,350200,SP - ANALANDIA,4589
3,Sudeste,35,SP,São Paulo,3531,RRAS12,35022,Lagos do Drs II,350210,SP - ANDRADINA,59783
3,Sudeste,35,SP,São Paulo,3519,RRAS8,35161,Itapetininga,350220,SP - ANGATUBA,24022
3,Sudeste,35,SP,São Paulo,3518,RRAS9,35063,Polo Cuesta,350230,SP - ANHEMBI,5674
3,Sudeste,35,SP,São Paulo,3532,RRAS11,35112,Alta Sorocabana,350240,SP - ANHUMAS,4023
3,Sudeste,35,SP,São Paulo,3526,RRAS17,35172,Circuito da Fe e Vale Historico,350250,SP - APARECIDA,32569
3,Sudeste,35,SP,São Paulo,3531,RRAS12,35153,Jales,350260,SP - APARECIDA D'OESTE,4086
3,Sudeste,35,SP,São Paulo,3519,RRAS8,35162,Itapeva,350270,SP - APIAI,24585
3,Sudeste,35,SP,São Paulo,3519,RRAS8,35163,Sorocaba,350275,SP - ARACARIGUAMA,21522
3,Sudeste,35,SP,São Paulo,3531,RRAS12,35021,Central do Drs II,350280,SP - ARACATUBA,200124
3,Sudeste,35,SP,São Paulo,3519,RRAS8,35163,Sorocaba,350290,SP - ARACOIABA DA SERRA,32443
3,Sudeste,35,SP,São Paulo,3530,RRAS13,35083,Alta Mogiana,350300,SP - ARAMINA,5420
3,Sudeste,35,SP,São Paulo,3518,RRAS9,35061,Vale do Jurumirim,350310,SP - ARANDU,6885
3,Sudeste,35,SP,São Paulo,3526,RRAS17,35172,Circuito da Fe e Vale Historico,350315,SP - ARAPEI,2330
3,Sudeste,35,SP,São Paulo,3535,RRAS 18,35031,Central do Drs III,350320,SP - ARARAQUARA,242228
3,Sudeste,35,SP,São Paulo,3529,RRAS14,35101,Araras,350330,SP - ARARAS,130866
3,Sudeste,35,SP,São Paulo,3533,RRAS10,35095,Tupa,350335,SP - ARCO-IRIS,2044
3,Sudeste,35,SP,São Paulo,3518,RRAS9,35062,Bauru,350340,SP - AREALVA,8130
3,Sudeste,35,SP,São Paulo,3526,RRAS17,35172,Circuito da Fe e Vale Historico,350350,SP - AREIAS,3577
3,Sudeste,35,SP,São Paulo,3518,RRAS9,35063,Polo Cuesta,350360,SP - AREIOPOLIS,10130
3,Sudeste,35,SP,São Paulo,3531,RRAS12,35151,Catanduva,350370,SP - ARIRANHA,7602
3,Sudeste,35,SP,São Paulo,3528,RRAS15,35072,Regiao Metropolitana de Campinas,350380,SP - ARTUR NOGUEIRA,51456
3,Sudeste,35,SP,São Paulo,3525,RRAS2,35011,Alto do Tiete,350390,SP - ARUJA,86678
3,Sudeste,35,SP,São Paulo,3531,RRAS12,35153,Jales,350395,SP - ASPASIA,1842
3,Sudeste,35,SP,São Paulo,3533,RRAS10,35092,Assis,350400,SP - ASSIS,101409
3,Sudeste,35,SP,São Paulo,3527,RRAS16,35071,Braganca,350410,SP - ATIBAIA,158647
3,Sudeste,35,SP,São Paulo,3531,RRAS12,35021,Central do Drs II,350420,SP - AURIFLAMA,13692
3,Sudeste,35,SP,São Paulo,3518,RRAS9,35062,Bauru,350430,SP - AVAI,4483
3,Sudeste,35,SP,São Paulo,3531,RRAS12,35023,Consorcios do Drs II,350440,SP - AVANHANDAVA,11263
3,Sudeste,35,SP,São Paulo,3518,RRAS9,35061,Vale do Jurumirim,350450,SP - AVARE,92805
3,Sudeste,35,SP,São Paulo,3531,RRAS12,35155,Sao Jose do Rio Preto,350460,SP - BADY BASSITT,27260
3,Sudeste,35,SP,São Paulo,3518,RRAS9,35062,Bauru,350470,SP - BALBINOS,3887
3,Sudeste,35,SP,São Paulo,3531,RRAS12,35155,Sao Jose do Rio Preto,350480,SP - BALSAMO,9596
3,Sudeste,35,SP,São Paulo,3526,RRAS17,35172,Circuito da Fe e Vale Historico,350490,SP - BANANAL,9969
3,Sudeste,35,SP,São Paulo,3518,RRAS9,35061,Vale do Jurumirim,350500,SP - BARAO DE ANTONINA,3531
3,Sudeste,35,SP,São Paulo,3531,RRAS12,35023,Consorcios do Drs II,350510,SP - BARBOSA,5640
3,Sudeste,35,SP,São Paulo,3518,RRAS9,35064,Jau,350520,SP - BARIRI,31595
3,Sudeste,35,SP,São Paulo,3518,RRAS9,35064,Jau,350530,SP - BARRA BONITA,34346
3,Sudeste,35,SP,São Paulo,3519,RRAS8,35162,Itapeva,350535,SP - BARRA DO CHAPEU,5179
3,Sudeste,35,SP,São Paulo,3520,RRAS7,35121,Vale do Ribeira,350540,SP - BARRA DO TURVO,6876
3,Sudeste,35,SP,São Paulo,3530,RRAS13,35051,Norte - Barretos,350550,SP - BARRETOS,122485
3,Sudeste,35,SP,São Paulo,3530,RRAS13,35131,Horizonte Verde,350560,SP - BARRINHA,32092
3,Sudeste,35,SP,São Paulo,3522,RRAS5,35014,Rota dos Bandeirantes,350570,SP - BARUERI,316473
3,Sudeste,35,SP,São Paulo,3533,RRAS10,35095,Tupa,350580,SP - BASTOS,21503
3,Sudeste,35,SP,São Paulo,3530,RRAS13,35133,Vale das Cachoeiras,350590,SP - BATATAIS,58402
3,Sudeste,35,SP,São Paulo,3518,RRAS9,35062,Bauru,350600,SP - BAURU,379146
3,Sudeste,35,SP,São Paulo,3530,RRAS13,35052,Sul - Barretos,350610,SP - BEBEDOURO,76373
3,Sudeste,35,SP,São Paulo,3531,RRAS12,35021,Central do Drs II,350620,SP - BENTO DE ABREU,2606
3,Sudeste,35,SP,São Paulo,3533,RRAS10,35094,Ourinhos,350630,SP - BERNARDINO DE CAMPOS,11607
3,Sudeste,35,SP,São Paulo,3520,RRAS7,35041,Baixada Santista,350635,SP - BERTIOGA,64188
3,Sudeste,35,SP,São Paulo,3531,RRAS12,35021,Central do Drs II,350640,SP - BILAC,7319
3,Sudeste,35,SP,São Paulo,3531,RRAS12,35023,Consorcios do Drs II,350650,SP - BIRIGUI,118979
3,Sudeste,35,SP,São Paulo,3525,RRAS2,35011,Alto do Tiete,350660,SP - BIRITIBA-MIRIM,29683
3,Sudeste,35,SP,São Paulo,3535,RRAS 18,35031,Central do Drs III,350670,SP - BOA ESPERANCA DO SUL,12978
3,Sudeste,35,SP,São Paulo,3518,RRAS9,35064,Jau,350680,SP - BOCAINA,11259
3,Sudeste,35,SP,São Paulo,3518,RRAS9,35063,Polo Cuesta,350690,SP - BOFETE,10460
3,Sudeste,35,SP,São Paulo,3519,RRAS8,35163,Sorocaba,350700,SP - BOITUVA,61081
3,Sudeste,35,SP,São Paulo,3527,RRAS16,35071,Braganca,350710,SP - BOM JESUS DOS PERDOES,22006
3,Sudeste,35,SP,São Paulo,3519,RRAS8,35162,Itapeva,350715,SP - BOM SUCESSO DE ITARARE,3555
3,Sudeste,35,SP,São Paulo,3533,RRAS10,35092,Assis,350720,SP - BORA,907
3,Sudeste,35,SP,São Paulo,3518,RRAS9,35064,Jau,350730,SP - BORACEIA,4715
3,Sudeste,35,SP,São Paulo,3535,RRAS 18,35033,Noroeste do Drs III,350740,SP - BORBOREMA,14226
3,Sudeste,35,SP,São Paulo,3518,RRAS9,35062,Bauru,350745,SP - BOREBI,2713
3,Sudeste,35,SP,São Paulo,3518,RRAS9,35063,Polo Cuesta,350750,SP - BOTUCATU,145155
3,Sudeste,35,SP,São Paulo,3527,RRAS16,35071,Braganca,350760,SP - BRAGANCA PAULISTA,176811
3,Sudeste,35,SP,São Paulo,3531,RRAS12,35023,Consorcios do Drs II,350770,SP - BRAUNA,5356
3,Sudeste,35,SP,São Paulo,3531,RRAS12,35023,Consorcios do Drs II,350775,SP - BREJO ALEGRE,2565
3,Sudeste,35,SP,São Paulo,3530,RRAS13,35133,Vale das Cachoeiras,350780,SP - BRODOWSKI,25201
3,Sudeste,35,SP,São Paulo,3518,RRAS9,35064,Jau,350790,SP - BROTAS,23898
3,Sudeste,35,SP,São Paulo,3519,RRAS8,35162,Itapeva,350800,SP - BURI,20250
3,Sudeste,35,SP,São Paulo,3531,RRAS12,35023,Consorcios do Drs II,350810,SP - BURITAMA,17210
3,Sudeste,35,SP,São Paulo,3530,RRAS13,35083,Alta Mogiana,350820,SP - BURITIZAL,4356
3,Sudeste,35,SP,São Paulo,3518,RRAS9,35062,Bauru,350830,SP - CABRALIA PAULISTA,4299
3,Sudeste,35,SP,São Paulo,3527,RRAS16,35073,Jundiai,350840,SP - CABREUVA,47011
3,Sudeste,35,SP,São Paulo,3526,RRAS17,35171,Alto Vale do Paraiba,350850,SP - CACAPAVA,96202
3,Sudeste,35,SP,São Paulo,3526,RRAS17,35172,Circuito da Fe e Vale Historico,350860,SP - CACHOEIRA PAULISTA,31564
3,Sudeste,35,SP,São Paulo,3528,RRAS15,35143,Rio Pardo,350870,SP - CACONDE,17101
3,Sudeste,35,SP,São Paulo,3518,RRAS9,35065,Lins,350880,SP - CAFELANDIA,16654
3,Sudeste,35,SP,São Paulo,3532,RRAS11,35112,Alta Sorocabana,350890,SP - CAIABU,3712
3,Sudeste,35,SP,São Paulo,3524,RRAS3,35012,Franco da Rocha,350900,SP - CAIEIRAS,95032
3,Sudeste,35,SP,São Paulo,3532,RRAS11,35114,Extremo Oeste Paulista,350910,SP - CAIUA,5466
3,Sudeste,35,SP,São Paulo,3524,RRAS3,35012,Franco da Rocha,350920,SP - CAJAMAR,92689
3,Sudeste,35,SP,São Paulo,3520,RRAS7,35121,Vale do Ribeira,350925,SP - CAJATI,28515
3,Sudeste,35,SP,São Paulo,3530,RRAS13,35051,Norte - Barretos,350930,SP - CAJOBI,9133
3,Sudeste,35,SP,São Paulo,3530,RRAS13,35133,Vale das Cachoeiras,350940,SP - CAJURU,23830
3,Sudeste,35,SP,São Paulo,3519,RRAS8,35161,Itapetininga,350945,SP - CAMPINA DO MONTE ALEGRE,5954
3,Sudeste,35,SP,São Paulo,3528,RRAS15,35072,Regiao Metropolitana de Campinas,350950,SP - CAMPINAS,1139047
3,Sudeste,35,SP,São Paulo,3527,RRAS16,35073,Jundiai,350960,SP - CAMPO LIMPO PAULISTA,77632
3,Sudeste,35,SP,São Paulo,3526,RRAS17,35174,Vale do Paraiba/regiao Serrana,350970,SP - CAMPOS DO JORDAO,46974
3,Sudeste,35,SP,São Paulo,3533,RRAS10,35093,Marilia,350980,SP - CAMPOS NOVOS PAULISTA,4888
3,Sudeste,35,SP,São Paulo,3520,RRAS7,35121,Vale do Ribeira,350990,SP - CANANEIA,12289
3,Sudeste,35,SP,São Paulo,3526,RRAS17,35172,Circuito da Fe e Vale Historico,350995,SP - CANAS,4931
3,Sudeste,35,SP,São Paulo,3533,RRAS10,35092,Assis,351000,SP - CANDIDO MOTA,29449
3,Sudeste,35,SP,São Paulo,3535,RRAS 18,35033,Noroeste do Drs III,351010,SP - CANDIDO RODRIGUES,2889
3,Sudeste,35,SP,São Paulo,3533,RRAS10,35094,Ourinhos,351015,SP - CANITAR,6283
3,Sudeste,35,SP,São Paulo,3519,RRAS8,35161,Itapetininga,351020,SP - CAPAO BONITO,46337
3,Sudeste,35,SP,São Paulo,3519,RRAS8,35163,Sorocaba,351030,SP - CAPELA DO ALTO,22866
3,Sudeste,35,SP,São Paulo,3529,RRAS14,35103,Piracicaba,351040,SP - CAPIVARI,50068
3,Sudeste,35,SP,São Paulo,3526,RRAS17,35173,Litoral Norte,351050,SP - CARAGUATATUBA,134873
3,Sudeste,35,SP,São Paulo,3522,RRAS5,35014,Rota dos Bandeirantes,351060,SP - CARAPICUIBA,386984
3,Sudeste,35,SP,São Paulo,3531,RRAS12,35157,Votuporanga,351070,SP - CARDOSO,11345
3,Sudeste,35,SP,São Paulo,3528,RRAS15,35143,Rio Pardo,351080,SP - CASA BRANCA,28083
3,Sudeste,35,SP,São Paulo,3530,RRAS13,35133,Vale das Cachoeiras,351090,SP - CASSIA DOS COQUEIROS,2799
3,Sudeste,35,SP,São Paulo,3531,RRAS12,35022,Lagos do Drs II,351100,SP - CASTILHO,19977
3,Sudeste,35,SP,São Paulo,3531,RRAS12,35151,Catanduva,351110,SP - CATANDUVA,115791
3,Sudeste,35,SP,São Paulo,3531,RRAS12,35151,Catanduva,351120,SP - CATIGUA,7003
3,Sudeste,35,SP,São Paulo,3531,RRAS12,35155,Sao Jose do Rio Preto,351130,SP - CEDRAL,12618
3,Sudeste,35,SP,São Paulo,3518,RRAS9,35061,Vale do Jurumirim,351140,SP - CERQUEIRA CESAR,21469
3,Sudeste,35,SP,São Paulo,3519,RRAS8,35161,Itapetininga,351150,SP - CERQUILHO,44695
3,Sudeste,35,SP,São Paulo,3519,RRAS8,35161,Itapetininga,351160,SP - CESARIO LANGE,19048
3,Sudeste,35,SP,São Paulo,3529,RRAS14,35103,Piracicaba,351170,SP - CHARQUEADA,15535
3,Sudeste,35,SP,São Paulo,3533,RRAS10,35094,Ourinhos,355720,SP - CHAVANTES,12211
3,Sudeste,35,SP,São Paulo,3531,RRAS12,35023,Consorcios do Drs II,351190,SP - CLEMENTINA,6982
3,Sudeste,35,SP,São Paulo,3530,RRAS13,35051,Norte - Barretos,351200,SP - COLINA,18486
3,Sudeste,35,SP,São Paulo,3530,RRAS13,35051,Norte - Barretos,351210,SP - COLOMBIA,6629
3,Sudeste,35,SP,São Paulo,3529,RRAS14,35101,Araras,351220,SP - CONCHAL,28101
3,Sudeste,35,SP,São Paulo,3518,RRAS9,35063,Polo Cuesta,351230,SP - CONCHAS,15232
3,Sudeste,35,SP,São Paulo,3529,RRAS14,35102,Limeira,351240,SP - CORDEIROPOLIS,24514
3,Sudeste,35,SP,São Paulo,3531,RRAS12,35023,Consorcios do Drs II,351250,SP - COROADOS,5400
3,Sudeste,35,SP,São Paulo,3518,RRAS9,35061,Vale do Jurumirim,351260,SP - CORONEL MACEDO,4280
3,Sudeste,35,SP,São Paulo,3529,RRAS14,35104,Rio Claro,351270,SP - CORUMBATAI,4195
3,Sudeste,35,SP,São Paulo,3528,RRAS15,35072,Regiao Metropolitana de Campinas,351280,SP - COSMOPOLIS,59773
3,Sudeste,35,SP,São Paulo,3531,RRAS12,35157,Votuporanga,351290,SP - COSMORAMA,8719
3,Sudeste,35,SP,São Paulo,3523,RRAS4,35013,Mananciais,351300,SP - COTIA,274413
3,Sudeste,35,SP,São Paulo,3530,RRAS13,35132,Aquifero Guarani,351310,SP - CRAVINHOS,33281
3,Sudeste,35,SP,São Paulo,3530,RRAS13,35081,Tres Colinas,351320,SP - CRISTAIS PAULISTA,9272
3,Sudeste,35,SP,São Paulo,3533,RRAS10,35092,Assis,351330,SP - CRUZALIA,2108
3,Sudeste,35,SP,São Paulo,3526,RRAS17,35172,Circuito da Fe e Vale Historico,351340,SP - CRUZEIRO,74961
3,Sudeste,35,SP,São Paulo,3520,RRAS7,35041,Baixada Santista,351350,SP - CUBATAO,112476
3,Sudeste,35,SP,São Paulo,3526,RRAS17,35172,Circuito da Fe e Vale Historico,351360,SP - CUNHA,22110
3,Sudeste,35,SP,São Paulo,3535,RRAS 18,35032,Coracao do Drs III,351370,SP - DESCALVADO,31756
3,Sudeste,35,SP,São Paulo,3534,RRAS1,35015,Grande Abc,351380,SP - DIADEMA,393237
3,Sudeste,35,SP,São Paulo,3531,RRAS12,35153,Jales,351385,SP - DIRCE REIS,1620
3,Sudeste,35,SP,São Paulo,3528,RRAS15,35143,Rio Pardo,351390,SP - DIVINOLANDIA,11158
3,Sudeste,35,SP,São Paulo,3535,RRAS 18,35033,Noroeste do Drs III,351400,SP - DOBRADA,8759
3,Sudeste,35,SP,São Paulo,3518,RRAS9,35064,Jau,351410,SP - DOIS CORREGOS,24510
3,Sudeste,35,SP,São Paulo,3531,RRAS12,35153,Jales,351420,SP - DOLCINOPOLIS,2207
3,Sudeste,35,SP,São Paulo,3535,RRAS 18,35032,Coracao do Drs III,351430,SP - DOURADO,8096
3,Sudeste,35,SP,São Paulo,3532,RRAS11,35111,Alta Paulista,351440,SP - DRACENA,45474
3,Sudeste,35,SP,São Paulo,3518,RRAS9,35062,Bauru,351450,SP - DUARTINA,12328
3,Sudeste,35,SP,São Paulo,3530,RRAS13,35131,Horizonte Verde,351460,SP - DUMONT,9471
3,Sudeste,35,SP,São Paulo,3533,RRAS10,35093,Marilia,351470,SP - ECHAPORA,6205
3,Sudeste,35,SP,São Paulo,3520,RRAS7,35121,Vale do Ribeira,351480,SP - ELDORADO,13069
3,Sudeste,35,SP,São Paulo,3529,RRAS14,35103,Piracicaba,351490,SP - ELIAS FAUSTO,17699
3,Sudeste,35,SP,São Paulo,3531,RRAS12,35151,Catanduva,351492,SP - ELISIARIO,3138
3,Sudeste,35,SP,São Paulo,3531,RRAS12,35151,Catanduva,351495,SP - EMBAUBA,2323
3,Sudeste,35,SP,São Paulo,3523,RRAS4,35013,Mananciais,351500,SP - EMBU DAS ARTES,250691
3,Sudeste,35,SP,São Paulo,3523,RRAS4,35013,Mananciais,351510,SP - EMBU-GUACU,66970
3,Sudeste,35,SP,São Paulo,3532,RRAS11,35112,Alta Sorocabana,351512,SP - EMILIANOPOLIS,3014
3,Sudeste,35,SP,São Paulo,3529,RRAS14,35102,Limeira,351515,SP - ENGENHEIRO COELHO,19566
3,Sudeste,35,SP,São Paulo,3528,RRAS15,35142,Mantiqueira,351518,SP - ESPIRITO SANTO DO PINHAL,39816
3,Sudeste,35,SP,São Paulo,3533,RRAS10,35094,Ourinhos,351519,SP - ESPIRITO SANTO DO TURVO,4157
3,Sudeste,35,SP,São Paulo,3528,RRAS15,35141,Baixa Mogiana,355730,SP - ESTIVA GERBI,11295
3,Sudeste,35,SP,São Paulo,3531,RRAS12,35154,Fernandopolis,351520,SP - ESTRELA D'OESTE,9417
3,Sudeste,35,SP,São Paulo,3532,RRAS11,35112,Alta Sorocabana,351530,SP - ESTRELA DO NORTE,2703
3,Sudeste,35,SP,São Paulo,3532,RRAS11,35115,Pontal do Paranapanema,351535,SP - EUCLIDES DA CUNHA PAULISTA,7924
3,Sudeste,35,SP,São Paulo,3518,RRAS9,35061,Vale do Jurumirim,351540,SP - FARTURA,16641
3,Sudeste,35,SP,São Paulo,3531,RRAS12,35151,Catanduva,351560,SP - FERNANDO PRESTES,5942
3,Sudeste,35,SP,São Paulo,3531,RRAS12,35154,Fernandopolis,351550,SP - FERNANDOPOLIS,71186
3,Sudeste,35,SP,São Paulo,3533,RRAS10,35093,Marilia,351565,SP - FERNAO,1656
3,Sudeste,35,SP,São Paulo,3525,RRAS2,35011,Alto do Tiete,351570,SP - FERRAZ DE VASCONCELOS,179198
3,Sudeste,35,SP,São Paulo,3532,RRAS11,35111,Alta Paulista,351580,SP - FLORA RICA,1487
3,Sudeste,35,SP,São Paulo,3531,RRAS12,35157,Votuporanga,351590,SP - FLOREAL,2733
3,Sudeste,35,SP,São Paulo,3533,RRAS10,35091,Adamantina,351600,SP - FLORIDA PAULISTA,12958
3,Sudeste,35,SP,São Paulo,3533,RRAS10,35092,Assis,351610,SP - FLORINIA,3851
3,Sudeste,35,SP,São Paulo,3530,RRAS13,35081,Tres Colinas,351620,SP - FRANCA,352536
3,Sudeste,35,SP,São Paulo,3524,RRAS3,35012,Franco da Rocha,351630,SP - FRANCISCO MORATO,165139
3,Sudeste,35,SP,São Paulo,3524,RRAS3,35012,Franco da Rocha,351640,SP - FRANCO DA ROCHA,144849
3,Sudeste,35,SP,São Paulo,3531,RRAS12,35023,Consorcios do Drs II,351650,SP - GABRIEL MONTEIRO,2763
3,Sudeste,35,SP,São Paulo,3533,RRAS10,35093,Marilia,351660,SP - GALIA,6380
3,Sudeste,35,SP,São Paulo,3533,RRAS10,35093,Marilia,351670,SP - GARCA,42110
3,Sudeste,35,SP,São Paulo,3531,RRAS12,35157,Votuporanga,351680,SP - GASTAO VIDIGAL,3252
3,Sudeste,35,SP,São Paulo,3535,RRAS 18,35031,Central do Drs III,351685,SP - GAVIAO PEIXOTO,4702
3,Sudeste,35,SP,São Paulo,3531,RRAS12,35157,Votuporanga,351690,SP - GENERAL SALGADO,10312
3,Sudeste,35,SP,São Paulo,3518,RRAS9,35065,Lins,351700,SP - GETULINA,10232
3,Sudeste,35,SP,São Paulo,3531,RRAS12,35023,Consorcios do Drs II,351710,SP - GLICERIO,4138
3,Sudeste,35,SP,São Paulo,3518,RRAS9,35065,Lins,351720,SP - GUAICARA,11239
3,Sudeste,35,SP,São Paulo,3533,RRAS10,35093,Marilia,351730,SP - GUAIMBE,5512
3,Sudeste,35,SP,São Paulo,3530,RRAS13,35051,Norte - Barretos,351740,SP - GUAIRA,39279
3,Sudeste,35,SP,São Paulo,3531,RRAS12,35155,Sao Jose do Rio Preto,351750,SP - GUAPIACU,21711
3,Sudeste,35,SP,São Paulo,3519,RRAS8,35162,Itapeva,351760,SP - GUAPIARA,17071
3,Sudeste,35,SP,São Paulo,3530,RRAS13,35083,Alta Mogiana,351770,SP - GUARA,18606
3,Sudeste,35,SP,São Paulo,3531,RRAS12,35022,Lagos do Drs II,351780,SP - GUARACAI,7441
3,Sudeste,35,SP,São Paulo,3530,RRAS13,35051,Norte - Barretos,351790,SP - GUARACI,10350
3,Sudeste,35,SP,São Paulo,3531,RRAS12,35154,Fernandopolis,351800,SP - GUARANI D'OESTE,1968
3,Sudeste,35,SP,São Paulo,3533,RRAS10,35093,Marilia,351810,SP - GUARANTA,6427
3,Sudeste,35,SP,São Paulo,3531,RRAS12,35021,Central do Drs II,351820,SP - GUARARAPES,31043
3,Sudeste,35,SP,São Paulo,3525,RRAS2,35011,Alto do Tiete,351830,SP - GUARAREMA,31236
3,Sudeste,35,SP,São Paulo,3526,RRAS17,35172,Circuito da Fe e Vale Historico,351840,SP - GUARATINGUETA,118044
3,Sudeste,35,SP,São Paulo,3519,RRAS8,35161,Itapetininga,351850,SP - GUAREI,15013
3,Sudeste,35,SP,São Paulo,3530,RRAS13,35131,Horizonte Verde,351860,SP - GUARIBA,37498
3,Sudeste,35,SP,São Paulo,3520,RRAS7,35041,Baixada Santista,351870,SP - GUARUJA,287634
3,Sudeste,35,SP,São Paulo,3525,RRAS2,35011,Alto do Tiete,351880,SP - GUARULHOS,1291771
3,Sudeste,35,SP,São Paulo,3530,RRAS13,35132,Aquifero Guarani,351885,SP - GUATAPARA,7320
3,Sudeste,35,SP,São Paulo,3531,RRAS12,35021,Central do Drs II,351890,SP - GUZOLANDIA,4246
3,Sudeste,35,SP,São Paulo,3533,RRAS10,35095,Tupa,351900,SP - HERCULANDIA,9125
3,Sudeste,35,SP,São Paulo,3528,RRAS15,35072,Regiao Metropolitana de Campinas,351905,SP - HOLAMBRA,15094
3,Sudeste,35,SP,São Paulo,3528,RRAS15,35072,Regiao Metropolitana de Campinas,351907,SP - HORTOLANDIA,236641
3,Sudeste,35,SP,São Paulo,3518,RRAS9,35062,Bauru,351910,SP - IACANGA,10437
3,Sudeste,35,SP,São Paulo,3533,RRAS10,35095,Tupa,351920,SP - IACRI,6131
3,Sudeste,35,SP,São Paulo,3518,RRAS9,35061,Vale do Jurumirim,351925,SP - IARAS,8010
3,Sudeste,35,SP,São Paulo,3535,RRAS 18,35032,Coracao do Drs III,351930,SP - IBATE,32178
3,Sudeste,35,SP,São Paulo,3531,RRAS12,35155,Sao Jose do Rio Preto,351940,SP - IBIRA,11690
3,Sudeste,35,SP,São Paulo,3533,RRAS10,35094,Ourinhos,351950,SP - IBIRAREMA,6385
3,Sudeste,35,SP,São Paulo,3535,RRAS 18,35033,Noroeste do Drs III,351960,SP - IBITINGA,60033
3,Sudeste,35,SP,São Paulo,3519,RRAS8,35163,Sorocaba,351970,SP - IBIUNA,75605
3,Sudeste,35,SP,São Paulo,3531,RRAS12,35155,Sao Jose do Rio Preto,351980,SP - ICEM,7819
3,Sudeste,35,SP,São Paulo,3532,RRAS11,35113,Alto Capivari,351990,SP - IEPE,7619
3,Sudeste,35,SP,São Paulo,3518,RRAS9,35064,Jau,352000,SP - IGARACU DO TIETE,23106
3,Sudeste,35,SP,São Paulo,3530,RRAS13,35083,Alta Mogiana,352010,SP - IGARAPAVA,26212
3,Sudeste,35,SP,São Paulo,3526,RRAS17,35171,Alto Vale do Paraiba,352020,SP - IGARATA,10605
3,Sudeste,35,SP,São Paulo,3520,RRAS7,35121,Vale do Ribeira,352030,SP - IGUAPE,29115
3,Sudeste,35,SP,São Paulo,3520,RRAS7,35121,Vale do Ribeira,352042,SP - ILHA COMPRIDA,13419
3,Sudeste,35,SP,São Paulo,3531,RRAS12,35022,Lagos do Drs II,352044,SP - ILHA SOLTEIRA,25549
3,Sudeste,35,SP,São Paulo,3526,RRAS17,35173,Litoral Norte,352040,SP - ILHABELA,34934
3,Sudeste,35,SP,São Paulo,3528,RRAS15,35072,Regiao Metropolitana de Campinas,352050,SP - INDAIATUBA,255748
3,Sudeste,35,SP,São Paulo,3532,RRAS11,35112,Alta Sorocabana,352060,SP - INDIANA,5090
3,Sudeste,35,SP,São Paulo,3531,RRAS12,35154,Fernandopolis,352070,SP - INDIAPORA,4035
3,Sudeste,35,SP,São Paulo,3533,RRAS10,35091,Adamantina,352080,SP - INUBIA PAULISTA,3615
3,Sudeste,35,SP,São Paulo,3533,RRAS10,35094,Ourinhos,352090,SP - IPAUSSU,13712
3,Sudeste,35,SP,São Paulo,3519,RRAS8,35163,Sorocaba,352100,SP - IPERO,36459
3,Sudeste,35,SP,São Paulo,3529,RRAS14,35104,Rio Claro,352110,SP - IPEUNA,6831
3,Sudeste,35,SP,São Paulo,3531,RRAS12,35155,Sao Jose do Rio Preto,352115,SP - IPIGUA,6761
3,Sudeste,35,SP,São Paulo,3520,RRAS7,35121,Vale do Ribeira,352120,SP - IPORANGA,4046
3,Sudeste,35,SP,São Paulo,3530,RRAS13,35082,Alta Anhanguera,352130,SP - IPUA,14454
3,Sudeste,35,SP,São Paulo,3529,RRAS14,35102,Limeira,352140,SP - IRACEMAPOLIS,21967
3,Sudeste,35,SP,São Paulo,3531,RRAS12,35151,Catanduva,352150,SP - IRAPUA,6867
3,Sudeste,35,SP,São Paulo,3532,RRAS11,35111,Alta Paulista,352160,SP - IRAPURU,7085
3,Sudeste,35,SP,São Paulo,3519,RRAS8,35162,Itapeva,352170,SP - ITABERA,17983
3,Sudeste,35,SP,São Paulo,3518,RRAS9,35061,Vale do Jurumirim,352180,SP - ITAI,25180
3,Sudeste,35,SP,São Paulo,3531,RRAS12,35151,Catanduva,352190,SP - ITAJOBI,16989
3,Sudeste,35,SP,São Paulo,3518,RRAS9,35064,Jau,352200,SP - ITAJU,3618
3,Sudeste,35,SP,São Paulo,3520,RRAS7,35041,Baixada Santista,352210,SP - ITANHAEM,112476
3,Sudeste,35,SP,São Paulo,3519,RRAS8,35162,Itapeva,352215,SP - ITAOCA,3422
3,Sudeste,35,SP,São Paulo,3523,RRAS4,35013,Mananciais,352220,SP - ITAPECERICA DA SERRA,158522
3,Sudeste,35,SP,São Paulo,3519,RRAS8,35161,Itapetininga,352230,SP - ITAPETININGA,157790
3,Sudeste,35,SP,São Paulo,3519,RRAS8,35162,Itapeva,352240,SP - ITAPEVA,89728
3,Sudeste,35,SP,São Paulo,3522,RRAS5,35014,Rota dos Bandeirantes,352250,SP - ITAPEVI,232297
3,Sudeste,35,SP,São Paulo,3528,RRAS15,35141,Baixa Mogiana,352260,SP - ITAPIRA,72022
3,Sudeste,35,SP,São Paulo,3519,RRAS8,35162,Itapeva,352265,SP - ITAPIRAPUA PAULISTA,4306
3,Sudeste,35,SP,São Paulo,3535,RRAS 18,35033,Noroeste do Drs III,352270,SP - ITAPOLIS,39493
3,Sudeste,35,SP,São Paulo,3518,RRAS9,35061,Vale do Jurumirim,352280,SP - ITAPORANGA,14085
3,Sudeste,35,SP,São Paulo,3518,RRAS9,35064,Jau,352290,SP - ITAPUI,13659
3,Sudeste,35,SP,São Paulo,3531,RRAS12,35022,Lagos do Drs II,352300,SP - ITAPURA,3979
3,Sudeste,35,SP,São Paulo,3525,RRAS2,35011,Alto do Tiete,352310,SP - ITAQUAQUECETUBA,369275
3,Sudeste,35,SP,São Paulo,3519,RRAS8,35162,Itapeva,352320,SP - ITARARE,44438
3,Sudeste,35,SP,São Paulo,3520,RRAS7,35121,Vale do Ribeira,352330,SP - ITARIRI,15528
3,Sudeste,35,SP,São Paulo,3528,RRAS15,35072,Regiao Metropolitana de Campinas,352340,SP - ITATIBA,121590
3,Sudeste,35,SP,São Paulo,3518,RRAS9,35063,Polo Cuesta,352350,SP - ITATINGA,19070
3,Sudeste,35,SP,São Paulo,3529,RRAS14,35104,Rio Claro,352360,SP - ITIRAPINA,16148
3,Sudeste,35,SP,São Paulo,3530,RRAS13,35081,Tres Colinas,352370,SP - ITIRAPUA,5779
3,Sudeste,35,SP,São Paulo,3528,RRAS15,35143,Rio Pardo,352380,SP - ITOBI,8046
3,Sudeste,35,SP,São Paulo,3519,RRAS8,35163,Sorocaba,352390,SP - ITU,168240
3,Sudeste,35,SP,São Paulo,3527,RRAS16,35073,Jundiai,352400,SP - ITUPEVA,70616
3,Sudeste,35,SP,São Paulo,3530,RRAS13,35083,Alta Mogiana,352410,SP - ITUVERAVA,37571
3,Sudeste,35,SP,São Paulo,3530,RRAS13,35051,Norte - Barretos,352420,SP - JABORANDI,6221
3,Sudeste,35,SP,São Paulo,3530,RRAS13,35131,Horizonte Verde,352430,SP - JABOTICABAL,71821
3,Sudeste,35,SP,São Paulo,3526,RRAS17,35171,Alto Vale do Paraiba,352440,SP - JACAREI,240275
3,Sudeste,35,SP,São Paulo,3531,RRAS12,35156,Jose Bonifacio,352450,SP - JACI,7613
3,Sudeste,35,SP,São Paulo,3520,RRAS7,35121,Vale do Ribeira,352460,SP - JACUPIRANGA,16097
3,Sudeste,35,SP,São Paulo,3528,RRAS15,35072,Regiao Metropolitana de Campinas,352470,SP - JAGUARIUNA,59347
3,Sudeste,35,SP,São Paulo,3531,RRAS12,35153,Jales,352480,SP - JALES,48776
3,Sudeste,35,SP,São Paulo,3526,RRAS17,35171,Alto Vale do Paraiba,352490,SP - JAMBEIRO,6397
3,Sudeste,35,SP,São Paulo,3522,RRAS5,35014,Rota dos Bandeirantes,352500,SP - JANDIRA,118045
3,Sudeste,35,SP,São Paulo,3530,RRAS13,35132,Aquifero Guarani,352510,SP - JARDINOPOLIS,45282
3,Sudeste,35,SP,São Paulo,3527,RRAS16,35073,Jundiai,352520,SP - JARINU,37535
3,Sudeste,35,SP,São Paulo,3518,RRAS9,35064,Jau,352530,SP - JAU,133497
3,Sudeste,35,SP,São Paulo,3530,RRAS13,35081,Tres Colinas,352540,SP - JERIQUARA,3863
3,Sudeste,35,SP,São Paulo,3527,RRAS16,35071,Braganca,352550,SP - JOANOPOLIS,12815
3,Sudeste,35,SP,São Paulo,3532,RRAS11,35113,Alto Capivari,352560,SP - JOAO RAMALHO,4371
3,Sudeste,35,SP,São Paulo,3531,RRAS12,35156,Jose Bonifacio,352570,SP - JOSE BONIFACIO,36633
3,Sudeste,35,SP,São Paulo,3533,RRAS10,35093,Marilia,352580,SP - JULIO MESQUITA,4254
3,Sudeste,35,SP,São Paulo,3519,RRAS8,35163,Sorocaba,352585,SP - JUMIRIM,3056
3,Sudeste,35,SP,São Paulo,3527,RRAS16,35073,Jundiai,352590,SP - JUNDIAI,443221
3,Sudeste,35,SP,São Paulo,3532,RRAS11,35111,Alta Paulista,352600,SP - JUNQUEIROPOLIS,20448
3,Sudeste,35,SP,São Paulo,3520,RRAS7,35121,Vale do Ribeira,352610,SP - JUQUIA,17154
3,Sudeste,35,SP,São Paulo,3523,RRAS4,35013,Mananciais,352620,SP - JUQUITIBA,27404
3,Sudeste,35,SP,São Paulo,3526,RRAS17,35174,Vale do Paraiba/regiao Serrana,352630,SP - LAGOINHA,5083
3,Sudeste,35,SP,São Paulo,3518,RRAS9,35063,Polo Cuesta,352640,SP - LARANJAL PAULISTA,26261
3,Sudeste,35,SP,São Paulo,3531,RRAS12,35022,Lagos do Drs II,352650,SP - LAVINIA,9689
3,Sudeste,35,SP,São Paulo,3526,RRAS17,35172,Circuito da Fe e Vale Historico,352660,SP - LAVRINHAS,7171
3,Sudeste,35,SP,São Paulo,3529,RRAS14,35101,Araras,352670,SP - LEME,98161
3,Sudeste,35,SP,São Paulo,3518,RRAS9,35062,Bauru,352680,SP - LENCOIS PAULISTA,66505
3,Sudeste,35,SP,São Paulo,3529,RRAS14,35102,Limeira,352690,SP - LIMEIRA,291869
3,Sudeste,35,SP,São Paulo,3528,RRAS15,35074,Circuito das Aguas,352700,SP - LINDOIA,7014
3,Sudeste,35,SP,São Paulo,3518,RRAS9,35065,Lins,352710,SP - LINS,74779
3,Sudeste,35,SP,São Paulo,3526,RRAS17,35172,Circuito da Fe e Vale Historico,352720,SP - LORENA,84855
3,Sudeste,35,SP,São Paulo,3531,RRAS12,35023,Consorcios do Drs II,352725,SP - LOURDES,1950
3,Sudeste,35,SP,São Paulo,3527,RRAS16,35073,Jundiai,352730,SP - LOUVEIRA,51847
3,Sudeste,35,SP,São Paulo,3533,RRAS10,35091,Adamantina,352740,SP - LUCELIA,20061
3,Sudeste,35,SP,São Paulo,3518,RRAS9,35062,Bauru,352750,SP - LUCIANOPOLIS,2372
3,Sudeste,35,SP,São Paulo,3530,RRAS13,35132,Aquifero Guarani,352760,SP - LUIS ANTONIO,12265
3,Sudeste,35,SP,São Paulo,3531,RRAS12,35023,Consorcios do Drs II,352770,SP - LUIZIANIA,4701
3,Sudeste,35,SP,São Paulo,3533,RRAS10,35093,Marilia,352780,SP - LUPERCIO,3981
3,Sudeste,35,SP,São Paulo,3533,RRAS10,35092,Assis,352790,SP - LUTECIA,2661
3,Sudeste,35,SP,São Paulo,3518,RRAS9,35062,Bauru,352800,SP - MACATUBA,16829
3,Sudeste,35,SP,São Paulo,3531,RRAS12,35157,Votuporanga,352810,SP - MACAUBAL,7481
3,Sudeste,35,SP,São Paulo,3531,RRAS12,35154,Fernandopolis,352820,SP - MACEDONIA,3963
3,Sudeste,35,SP,São Paulo,3531,RRAS12,35157,Votuporanga,352830,SP - MAGDA,3165
3,Sudeste,35,SP,São Paulo,3519,RRAS8,35163,Sorocaba,352840,SP - MAIRINQUE,50027
3,Sudeste,35,SP,São Paulo,3524,RRAS3,35012,Franco da Rocha,352850,SP - MAIRIPORA,93853
3,Sudeste,35,SP,São Paulo,3518,RRAS9,35061,Vale do Jurumirim,352860,SP - MANDURI,9871
3,Sudeste,35,SP,São Paulo,3532,RRAS11,35114,Extremo Oeste Paulista,352870,SP - MARABA PAULISTA,4573
3,Sudeste,35,SP,São Paulo,3533,RRAS10,35092,Assis,352880,SP - MARACAI,12673
3,Sudeste,35,SP,São Paulo,3531,RRAS12,35151,Catanduva,352885,SP - MARAPOAMA,3292
3,Sudeste,35,SP,São Paulo,3533,RRAS10,35091,Adamantina,352890,SP - MARIAPOLIS,3513
3,Sudeste,35,SP,São Paulo,3533,RRAS10,35093,Marilia,352900,SP - MARILIA,237627
3,Sudeste,35,SP,São Paulo,3531,RRAS12,35153,Jales,352910,SP - MARINOPOLIS,1860
3,Sudeste,35,SP,São Paulo,3532,RRAS11,35112,Alta Sorocabana,352920,SP - MARTINOPOLIS,24881
3,Sudeste,35,SP,São Paulo,3535,RRAS 18,35033,Noroeste do Drs III,352930,SP - MATAO,79033
3,Sudeste,35,SP,São Paulo,3534,RRAS1,35015,Grande Abc,352940,SP - MAUA,418261
3,Sudeste,35,SP,São Paulo,3531,RRAS12,35156,Jose Bonifacio,352950,SP - MENDONCA,6159
3,Sudeste,35,SP,São Paulo,3531,RRAS12,35154,Fernandopolis,352960,SP - MERIDIANO,4572
3,Sudeste,35,SP,São Paulo,3531,RRAS12,35153,Jales,352965,SP - MESOPOLIS,1952
3,Sudeste,35,SP,São Paulo,3530,RRAS13,35083,Alta Mogiana,352970,SP - MIGUELOPOLIS,19441
3,Sudeste,35,SP,São Paulo,3518,RRAS9,35064,Jau,352980,SP - MINEIROS DO TIETE,11230
3,Sudeste,35,SP,São Paulo,3531,RRAS12,35154,Fernandopolis,353000,SP - MIRA ESTRELA,3126
3,Sudeste,35,SP,São Paulo,3520,RRAS7,35121,Vale do Ribeira,352990,SP - MIRACATU,18553
3,Sudeste,35,SP,São Paulo,3531,RRAS12,35022,Lagos do Drs II,353010,SP - MIRANDOPOLIS,27983
3,Sudeste,35,SP,São Paulo,3532,RRAS11,35115,Pontal do Paranapanema,353020,SP - MIRANTE DO PARANAPANEMA,15917
3,Sudeste,35,SP,São Paulo,3531,RRAS12,35155,Sao Jose do Rio Preto,353030,SP - MIRASSOL,63337
3,Sudeste,35,SP,São Paulo,3531,RRAS12,35155,Sao Jose do Rio Preto,353040,SP - MIRASSOLANDIA,4669
3,Sudeste,35,SP,São Paulo,3528,RRAS15,35143,Rio Pardo,353050,SP - MOCOCA,67681
3,Sudeste,35,SP,São Paulo,3525,RRAS2,35011,Alto do Tiete,353060,SP - MOGI DAS CRUZES,451505
3,Sudeste,35,SP,São Paulo,3528,RRAS15,35141,Baixa Mogiana,353070,SP - MOGI GUACU,153658
3,Sudeste,35,SP,São Paulo,3528,RRAS15,35141,Baixa Mogiana,353080,SP - MOGI MIRIM,92558
3,Sudeste,35,SP,São Paulo,3529,RRAS14,35103,Piracicaba,353090,SP - MOMBUCA,3722
3,Sudeste,35,SP,São Paulo,3531,RRAS12,35157,Votuporanga,353100,SP - MONCOES,1937
3,Sudeste,35,SP,São Paulo,3520,RRAS7,35041,Baixada Santista,353110,SP - MONGAGUA,61951
3,Sudeste,35,SP,São Paulo,3528,RRAS15,35074,Circuito das Aguas,353120,SP - MONTE ALEGRE DO SUL,8627
3,Sudeste,35,SP,São Paulo,3530,RRAS13,35131,Horizonte Verde,353130,SP - MONTE ALTO,47574
3,Sudeste,35,SP,São Paulo,3531,RRAS12,35156,Jose Bonifacio,353140,SP - MONTE APRAZIVEL,22280
3,Sudeste,35,SP,São Paulo,3530,RRAS13,35052,Sul - Barretos,353150,SP - MONTE AZUL PAULISTA,18151
3,Sudeste,35,SP,São Paulo,3532,RRAS11,35111,Alta Paulista,353160,SP - MONTE CASTELO,4222
3,Sudeste,35,SP,São Paulo,3528,RRAS15,35072,Regiao Metropolitana de Campinas,353180,SP - MONTE MOR,64662
3,Sudeste,35,SP,São Paulo,3526,RRAS17,35171,Alto Vale do Paraiba,353170,SP - MONTEIRO LOBATO,4138
3,Sudeste,35,SP,São Paulo,3530,RRAS13,35082,Alta Anhanguera,353190,SP - MORRO AGUDO,27933
3,Sudeste,35,SP,São Paulo,3528,RRAS15,35072,Regiao Metropolitana de Campinas,353200,SP - MORUNGABA,13720
3,Sudeste,35,SP,São Paulo,3535,RRAS 18,35031,Central do Drs III,353205,SP - MOTUCA,4034
3,Sudeste,35,SP,São Paulo,3531,RRAS12,35022,Lagos do Drs II,353210,SP - MURUTINGA DO SUL,3737
3,Sudeste,35,SP,São Paulo,3532,RRAS11,35113,Alto Capivari,353215,SP - NANTES,2660
3,Sudeste,35,SP,São Paulo,3532,RRAS11,35112,Alta Sorocabana,353220,SP - NARANDIBA,5713
3,Sudeste,35,SP,São Paulo,3526,RRAS17,35174,Vale do Paraiba/regiao Serrana,353230,SP - NATIVIDADE DA SERRA,6999
3,Sudeste,35,SP,São Paulo,3527,RRAS16,35071,Braganca,353240,SP - NAZARE PAULISTA,18217
3,Sudeste,35,SP,São Paulo,3531,RRAS12,35155,Sao Jose do Rio Preto,353250,SP - NEVES PAULISTA,9699
3,Sudeste,35,SP,São Paulo,3531,RRAS12,35157,Votuporanga,353260,SP - NHANDEARA,9852
3,Sudeste,35,SP,São Paulo,3531,RRAS12,35156,Jose Bonifacio,353270,SP - NIPOA,4750
3,Sudeste,35,SP,São Paulo,3531,RRAS12,35155,Sao Jose do Rio Preto,353280,SP - NOVA ALIANCA,6693
3,Sudeste,35,SP,São Paulo,3519,RRAS8,35162,Itapeva,353282,SP - NOVA CAMPINA,8497
3,Sudeste,35,SP,São Paulo,3531,RRAS12,35152,Santa Fe do Sul,353284,SP - NOVA CANAA PAULISTA,2032
3,Sudeste,35,SP,São Paulo,3531,RRAS12,35021,Central do Drs II,353286,SP - NOVA CASTILHO,1062
3,Sudeste,35,SP,São Paulo,3535,RRAS 18,35033,Noroeste do Drs III,353290,SP - NOVA EUROPA,9311
3,Sudeste,35,SP,São Paulo,3531,RRAS12,35155,Sao Jose do Rio Preto,353300,SP - NOVA GRANADA,19419
3,Sudeste,35,SP,São Paulo,3532,RRAS11,35111,Alta Paulista,353310,SP - NOVA GUATAPORANGA,2156
3,Sudeste,35,SP,São Paulo,3531,RRAS12,35022,Lagos do Drs II,353320,SP - NOVA INDEPENDENCIA,4609
3,Sudeste,35,SP,São Paulo,3531,RRAS12,35021,Central do Drs II,353330,SP - NOVA LUZITANIA,2837
3,Sudeste,35,SP,São Paulo,3528,RRAS15,35072,Regiao Metropolitana de Campinas,353340,SP - NOVA ODESSA,62019
3,Sudeste,35,SP,São Paulo,3531,RRAS12,35151,Catanduva,353325,SP - NOVAIS,4412
3,Sudeste,35,SP,São Paulo,3531,RRAS12,35151,Catanduva,353350,SP - NOVO HORIZONTE,38324
3,Sudeste,35,SP,São Paulo,3530,RRAS13,35082,Alta Anhanguera,353360,SP - NUPORANGA,7391
3,Sudeste,35,SP,São Paulo,3533,RRAS10,35093,Marilia,353370,SP - OCAUCU,4331
3,Sudeste,35,SP,São Paulo,3533,RRAS10,35094,Ourinhos,353380,SP - OLEO,2512
3,Sudeste,35,SP,São Paulo,3530,RRAS13,35051,Norte - Barretos,353390,SP - OLIMPIA,55074
3,Sudeste,35,SP,São Paulo,3531,RRAS12,35155,Sao Jose do Rio Preto,353400,SP - ONDA VERDE,4771
3,Sudeste,35,SP,São Paulo,3533,RRAS10,35093,Marilia,353410,SP - ORIENTE,6085
3,Sudeste,35,SP,São Paulo,3531,RRAS12,35155,Sao Jose do Rio Preto,353420,SP - ORINDIUVA,6024
3,Sudeste,35,SP,São Paulo,3530,RRAS13,35082,Alta Anhanguera,353430,SP - ORLANDIA,38319
3,Sudeste,35,SP,São Paulo,3522,RRAS5,35014,Rota dos Bandeirantes,353440,SP - OSASCO,728615
3,Sudeste,35,SP,São Paulo,3533,RRAS10,35093,Marilia,353450,SP - OSCAR BRESSANE,2470
3,Sudeste,35,SP,São Paulo,3533,RRAS10,35091,Adamantina,353460,SP - OSVALDO CRUZ,31272
3,Sudeste,35,SP,São Paulo,3533,RRAS10,35094,Ourinhos,353470,SP - OURINHOS,103970
3,Sudeste,35,SP,São Paulo,3532,RRAS11,35111,Alta Paulista,353480,SP - OURO VERDE,7779
3,Sudeste,35,SP,São Paulo,3531,RRAS12,35154,Fernandopolis,353475,SP - OUROESTE,10294
3,Sudeste,35,SP,São Paulo,3533,RRAS10,35091,Adamantina,353490,SP - PACAEMBU,14877
3,Sudeste,35,SP,São Paulo,3531,RRAS12,35155,Sao Jose do Rio Preto,353500,SP - PALESTINA,11476
3,Sudeste,35,SP,São Paulo,3531,RRAS12,35151,Catanduva,353510,SP - PALMARES PAULISTA,9650
3,Sudeste,35,SP,São Paulo,3531,RRAS12,35153,Jales,353520,SP - PALMEIRA D'OESTE,8903
3,Sudeste,35,SP,São Paulo,3533,RRAS10,35092,Assis,353530,SP - PALMITAL,19594
3,Sudeste,35,SP,São Paulo,3532,RRAS11,35111,Alta Paulista,353540,SP - PANORAMA,14964
3,Sudeste,35,SP,São Paulo,3533,RRAS10,35092,Assis,353550,SP - PARAGUACU PAULISTA,41120
3,Sudeste,35,SP,São Paulo,3526,RRAS17,35171,Alto Vale do Paraiba,353560,SP - PARAIBUNA,17667
3,Sudeste,35,SP,São Paulo,3531,RRAS12,35151,Catanduva,353570,SP - PARAISO,6099
3,Sudeste,35,SP,São Paulo,3518,RRAS9,35061,Vale do Jurumirim,353580,SP - PARANAPANEMA,19395
3,Sudeste,35,SP,São Paulo,3531,RRAS12,35153,Jales,353590,SP - PARANAPUA,4031
3,Sudeste,35,SP,São Paulo,3533,RRAS10,35095,Tupa,353600,SP - PARAPUA,10580
3,Sudeste,35,SP,São Paulo,3518,RRAS9,35063,Polo Cuesta,353610,SP - PARDINHO,7153
3,Sudeste,35,SP,São Paulo,3520,RRAS7,35121,Vale do Ribeira,353620,SP - PARIQUERA-ACU,19233
3,Sudeste,35,SP,São Paulo,3531,RRAS12,35157,Votuporanga,353625,SP - PARISI,2892
3,Sudeste,35,SP,São Paulo,3530,RRAS13,35081,Tres Colinas,353630,SP - PATROCINIO PAULISTA,14512
3,Sudeste,35,SP,São Paulo,3532,RRAS11,35111,Alta Paulista,353640,SP - PAULICEIA,7955
3,Sudeste,35,SP,São Paulo,3528,RRAS15,35072,Regiao Metropolitana de Campinas,353650,SP - PAULINIA,110537
3,Sudeste,35,SP,São Paulo,3518,RRAS9,35062,Bauru,353657,SP - PAULISTANIA,2090
3,Sudeste,35,SP,São Paulo,3531,RRAS12,35155,Sao Jose do Rio Preto,353660,SP - PAULO DE FARIA,7400
3,Sudeste,35,SP,São Paulo,3518,RRAS9,35062,Bauru,353670,SP - PEDERNEIRAS,44827
3,Sudeste,35,SP,São Paulo,3527,RRAS16,35071,Braganca,353680,SP - PEDRA BELA,6557
3,Sudeste,35,SP,São Paulo,3531,RRAS12,35154,Fernandopolis,353690,SP - PEDRANOPOLIS,2787
3,Sudeste,35,SP,São Paulo,3530,RRAS13,35081,Tres Colinas,353700,SP - PEDREGULHO,15525
3,Sudeste,35,SP,São Paulo,3528,RRAS15,35072,Regiao Metropolitana de Campinas,353710,SP - PEDREIRA,43112
3,Sudeste,35,SP,São Paulo,3533,RRAS10,35092,Assis,353715,SP - PEDRINHAS PAULISTA,2804
3,Sudeste,35,SP,São Paulo,3520,RRAS7,35121,Vale do Ribeira,353720,SP - PEDRO DE TOLEDO,11281
3,Sudeste,35,SP,São Paulo,3531,RRAS12,35023,Consorcios do Drs II,353730,SP - PENAPOLIS,61679
3,Sudeste,35,SP,São Paulo,3531,RRAS12,35022,Lagos do Drs II,353740,SP - PEREIRA BARRETO,24095
3,Sudeste,35,SP,São Paulo,3518,RRAS9,35063,Polo Cuesta,353750,SP - PEREIRAS,8737
3,Sudeste,35,SP,São Paulo,3520,RRAS7,35041,Baixada Santista,353760,SP - PERUIBE,68352
3,Sudeste,35,SP,São Paulo,3531,RRAS12,35023,Consorcios do Drs II,353770,SP - PIACATU,5519
3,Sudeste,35,SP,São Paulo,3519,RRAS8,35163,Sorocaba,353780,SP - PIEDADE,52970
3,Sudeste,35,SP,São Paulo,3519,RRAS8,35163,Sorocaba,353790,SP - PILAR DO SUL,27619
3,Sudeste,35,SP,São Paulo,3526,RRAS17,35174,Vale do Paraiba/regiao Serrana,353800,SP - PINDAMONHANGABA,165428
3,Sudeste,35,SP,São Paulo,3531,RRAS12,35151,Catanduva,353810,SP - PINDORAMA,14542
3,Sudeste,35,SP,São Paulo,3527,RRAS16,35071,Braganca,353820,SP - PINHALZINHO,15224
3,Sudeste,35,SP,São Paulo,3532,RRAS11,35114,Extremo Oeste Paulista,353830,SP - PIQUEROBI,3264
3,Sudeste,35,SP,São Paulo,3526,RRAS17,35172,Circuito da Fe e Vale Historico,353850,SP - PIQUETE,12490
3,Sudeste,35,SP,São Paulo,3527,RRAS16,35071,Braganca,353860,SP - PIRACAIA,26029
3,Sudeste,35,SP,São Paulo,3529,RRAS14,35103,Piracicaba,353870,SP - PIRACICABA,423323
3,Sudeste,35,SP,São Paulo,3518,RRAS9,35061,Vale do Jurumirim,353880,SP - PIRAJU,29436
3,Sudeste,35,SP,São Paulo,3518,RRAS9,35062,Bauru,353890,SP - PIRAJUI,22431
3,Sudeste,35,SP,São Paulo,3531,RRAS12,35151,Catanduva,353900,SP - PIRANGI,10885
3,Sudeste,35,SP,São Paulo,3522,RRAS5,35014,Rota dos Bandeirantes,353910,SP - PIRAPORA DO BOM JESUS,18370
3,Sudeste,35,SP,São Paulo,3532,RRAS11,35112,Alta Sorocabana,353920,SP - PIRAPOZINHO,25348
3,Sudeste,35,SP,São Paulo,3529,RRAS14,35101,Araras,353930,SP - PIRASSUNUNGA,73545
3,Sudeste,35,SP,São Paulo,3518,RRAS9,35062,Bauru,353940,SP - PIRATININGA,15108
3,Sudeste,35,SP,São Paulo,3530,RRAS13,35131,Horizonte Verde,353950,SP - PITANGUEIRAS,33674
3,Sudeste,35,SP,São Paulo,3531,RRAS12,35156,Jose Bonifacio,353960,SP - PLANALTO,4389
3,Sudeste,35,SP,São Paulo,3533,RRAS10,35092,Assis,353970,SP - PLATINA,3025
3,Sudeste,35,SP,São Paulo,3525,RRAS2,35011,Alto do Tiete,353980,SP - POA,103765
3,Sudeste,35,SP,São Paulo,3531,RRAS12,35156,Jose Bonifacio,353990,SP - POLONI,5592
3,Sudeste,35,SP,São Paulo,3533,RRAS10,35093,Marilia,354000,SP - POMPEIA,20196
3,Sudeste,35,SP,São Paulo,3518,RRAS9,35065,Lins,354010,SP - PONGAI,3395
3,Sudeste,35,SP,São Paulo,3530,RRAS13,35131,Horizonte Verde,354020,SP - PONTAL,37607
3,Sudeste,35,SP,São Paulo,3531,RRAS12,35153,Jales,354025,SP - PONTALINDA,4127
3,Sudeste,35,SP,São Paulo,3531,RRAS12,35157,Votuporanga,354030,SP - PONTES GESTAL,2387
3,Sudeste,35,SP,São Paulo,3531,RRAS12,35154,Fernandopolis,354040,SP - POPULINA,4127
3,Sudeste,35,SP,São Paulo,3518,RRAS9,35063,Polo Cuesta,354050,SP - PORANGABA,10451
3,Sudeste,35,SP,São Paulo,3519,RRAS8,35163,Sorocaba,354060,SP - PORTO FELIZ,56497
3,Sudeste,35,SP,São Paulo,3535,RRAS 18,35032,Coracao do Drs III,354070,SP - PORTO FERREIRA,52649
3,Sudeste,35,SP,São Paulo,3526,RRAS17,35172,Circuito da Fe e Vale Historico,354075,SP - POTIM,20392
3,Sudeste,35,SP,São Paulo,3531,RRAS12,35155,Sao Jose do Rio Preto,354080,SP - POTIRENDABA,18496
3,Sudeste,35,SP,São Paulo,3533,RRAS10,35091,Adamantina,354085,SP - PRACINHA,2578
3,Sudeste,35,SP,São Paulo,3530,RRAS13,35131,Horizonte Verde,354090,SP - PRADOPOLIS,17078
3,Sudeste,35,SP,São Paulo,3520,RRAS7,35041,Baixada Santista,354100,SP - PRAIA GRANDE,349935
3,Sudeste,35,SP,São Paulo,3518,RRAS9,35063,Polo Cuesta,354105,SP - PRATANIA,5126
3,Sudeste,35,SP,São Paulo,3518,RRAS9,35062,Bauru,354110,SP - PRESIDENTE ALVES,3804
3,Sudeste,35,SP,São Paulo,3532,RRAS11,35112,Alta Sorocabana,354120,SP - PRESIDENTE BERNARDES,14490
3,Sudeste,35,SP,São Paulo,3532,RRAS11,35114,Extremo Oeste Paulista,354130,SP - PRESIDENTE EPITACIO,39505
3,Sudeste,35,SP,São Paulo,3532,RRAS11,35112,Alta Sorocabana,354140,SP - PRESIDENTE PRUDENTE,225668
3,Sudeste,35,SP,São Paulo,3532,RRAS11,35114,Extremo Oeste Paulista,354150,SP - PRESIDENTE VENCESLAU,35201
3,Sudeste,35,SP,São Paulo,3518,RRAS9,35065,Lins,354160,SP - PROMISSAO,35131
3,Sudeste,35,SP,São Paulo,3519,RRAS8,35161,Itapetininga,354165,SP - QUADRA,3405
3,Sudeste,35,SP,São Paulo,3532,RRAS11,35113,Alto Capivari,354170,SP - QUATA,13163
3,Sudeste,35,SP,São Paulo,3533,RRAS10,35095,Tupa,354180,SP - QUEIROZ,3265
3,Sudeste,35,SP,São Paulo,3526,RRAS17,35172,Circuito da Fe e Vale Historico,354190,SP - QUELUZ,9159
3,Sudeste,35,SP,São Paulo,3533,RRAS10,35093,Marilia,354200,SP - QUINTANA,7038
3,Sudeste,35,SP,São Paulo,3529,RRAS14,35103,Piracicaba,354210,SP - RAFARD,8965
3,Sudeste,35,SP,São Paulo,3532,RRAS11,35113,Alto Capivari,354220,SP - RANCHARIA,28588
3,Sudeste,35,SP,São Paulo,3526,RRAS17,35174,Vale do Paraiba/regiao Serrana,354230,SP - REDENCAO DA SERRA,4494
3,Sudeste,35,SP,São Paulo,3532,RRAS11,35112,Alta Sorocabana,354240,SP - REGENTE FEIJO,20145
3,Sudeste,35,SP,São Paulo,3518,RRAS9,35062,Bauru,354250,SP - REGINOPOLIS,7662
3,Sudeste,35,SP,São Paulo,3520,RRAS7,35121,Vale do Ribeira,354260,SP - REGISTRO,59947
3,Sudeste,35,SP,São Paulo,3530,RRAS13,35081,Tres Colinas,354270,SP - RESTINGA,6404
3,Sudeste,35,SP,São Paulo,3519,RRAS8,35162,Itapeva,354280,SP - RIBEIRA,3132
3,Sudeste,35,SP,São Paulo,3535,RRAS 18,35032,Coracao do Drs III,354290,SP - RIBEIRAO BONITO,10989
3,Sudeste,35,SP,São Paulo,3519,RRAS8,35162,Itapeva,354300,SP - RIBEIRAO BRANCO,18627
3,Sudeste,35,SP,São Paulo,3530,RRAS13,35081,Tres Colinas,354310,SP - RIBEIRAO CORRENTE,4608
3,Sudeste,35,SP,São Paulo,3533,RRAS10,35094,Ourinhos,354320,SP - RIBEIRAO DO SUL,4677
3,Sudeste,35,SP,São Paulo,3532,RRAS11,35112,Alta Sorocabana,354323,SP - RIBEIRAO DOS INDIOS,2025
3,Sudeste,35,SP,São Paulo,3519,RRAS8,35161,Itapetininga,354325,SP - RIBEIRAO GRANDE,7450
3,Sudeste,35,SP,São Paulo,3534,RRAS1,35015,Grande Abc,354330,SP - RIBEIRAO PIRES,115559
3,Sudeste,35,SP,São Paulo,3530,RRAS13,35132,Aquifero Guarani,354340,SP - RIBEIRAO PRETO,698642
3,Sudeste,35,SP,São Paulo,3530,RRAS13,35081,Tres Colinas,354360,SP - RIFAINA,4049
3,Sudeste,35,SP,São Paulo,3535,RRAS 18,35031,Central do Drs III,354370,SP - RINCAO,9098
3,Sudeste,35,SP,São Paulo,3533,RRAS10,35095,Tupa,354380,SP - RINOPOLIS,9259
3,Sudeste,35,SP,São Paulo,3529,RRAS14,35104,Rio Claro,354390,SP - RIO CLARO,201418
3,Sudeste,35,SP,São Paulo,3529,RRAS14,35103,Piracicaba,354400,SP - RIO DAS PEDRAS,31328
3,Sudeste,35,SP,São Paulo,3534,RRAS1,35015,Grande Abc,354410,SP - RIO GRANDE DA SERRA,44170
3,Sudeste,35,SP,São Paulo,3531,RRAS12,35157,Votuporanga,354420,SP - RIOLANDIA,10309
3,Sudeste,35,SP,São Paulo,3519,RRAS8,35162,Itapeva,354350,SP - RIVERSUL,5599
3,Sudeste,35,SP,São Paulo,3532,RRAS11,35115,Pontal do Paranapanema,354425,SP - ROSANA,17440
3,Sudeste,35,SP,São Paulo,3526,RRAS17,35172,Circuito da Fe e Vale Historico,354430,SP - ROSEIRA,10832
3,Sudeste,35,SP,São Paulo,3531,RRAS12,35021,Central do Drs II,354440,SP - RUBIACEA,2700
3,Sudeste,35,SP,São Paulo,3531,RRAS12,35152,Santa Fe do Sul,354450,SP - RUBINEIA,3833
3,Sudeste,35,SP,São Paulo,3518,RRAS9,35065,Lins,354460,SP - SABINO,5112
3,Sudeste,35,SP,São Paulo,3533,RRAS10,35091,Adamantina,354470,SP - SAGRES,2474
3,Sudeste,35,SP,São Paulo,3531,RRAS12,35151,Catanduva,354480,SP - SALES,6437
3,Sudeste,35,SP,São Paulo,3530,RRAS13,35082,Alta Anhanguera,354490,SP - SALES OLIVEIRA,11411
3,Sudeste,35,SP,São Paulo,3525,RRAS2,35011,Alto do Tiete,354500,SP - SALESOPOLIS,15202
3,Sudeste,35,SP,São Paulo,3533,RRAS10,35091,Adamantina,354510,SP - SALMOURAO,4808
3,Sudeste,35,SP,São Paulo,3529,RRAS14,35103,Piracicaba,354515,SP - SALTINHO,8161
3,Sudeste,35,SP,São Paulo,3519,RRAS8,35163,Sorocaba,354520,SP - SALTO,134319
3,Sudeste,35,SP,São Paulo,3519,RRAS8,35163,Sorocaba,354530,SP - SALTO DE PIRAPORA,43748
3,Sudeste,35,SP,São Paulo,3533,RRAS10,35094,Ourinhos,354540,SP - SALTO GRANDE,9050
3,Sudeste,35,SP,São Paulo,3532,RRAS11,35112,Alta Sorocabana,354550,SP - SANDOVALINA,3645
3,Sudeste,35,SP,São Paulo,3531,RRAS12,35151,Catanduva,354560,SP - SANTA ADELIA,14018
3,Sudeste,35,SP,São Paulo,3531,RRAS12,35153,Jales,354570,SP - SANTA ALBERTINA,6393
3,Sudeste,35,SP,São Paulo,3528,RRAS15,35072,Regiao Metropolitana de Campinas,354580,SP - SANTA BARBARA D'OESTE,183347
3,Sudeste,35,SP,São Paulo,3526,RRAS17,35171,Alto Vale do Paraiba,354600,SP - SANTA BRANCA,13975
3,Sudeste,35,SP,São Paulo,3531,RRAS12,35152,Santa Fe do Sul,354610,SP - SANTA CLARA D'OESTE,2598
3,Sudeste,35,SP,São Paulo,3529,RRAS14,35101,Araras,354620,SP - SANTA CRUZ DA CONCEICAO,4277
3,Sudeste,35,SP,São Paulo,3530,RRAS13,35133,Vale das Cachoeiras,354625,SP - SANTA CRUZ DA ESPERANCA,2116
3,Sudeste,35,SP,São Paulo,3528,RRAS15,35142,Mantiqueira,354630,SP - SANTA CRUZ DAS PALMEIRAS,28864
3,Sudeste,35,SP,São Paulo,3533,RRAS10,35094,Ourinhos,354640,SP - SANTA CRUZ DO RIO PARDO,46442
3,Sudeste,35,SP,São Paulo,3535,RRAS 18,35033,Noroeste do Drs III,354650,SP - SANTA ERNESTINA,6118
3,Sudeste,35,SP,São Paulo,3531,RRAS12,35152,Santa Fe do Sul,354660,SP - SANTA FE DO SUL,34794
3,Sudeste,35,SP,São Paulo,3529,RRAS14,35104,Rio Claro,354670,SP - SANTA GERTRUDES,23611
3,Sudeste,35,SP,São Paulo,3525,RRAS2,35011,Alto do Tiete,354680,SP - SANTA ISABEL,53174
3,Sudeste,35,SP,São Paulo,3535,RRAS 18,35031,Central do Drs III,354690,SP - SANTA LUCIA,7149
3,Sudeste,35,SP,São Paulo,3529,RRAS14,35103,Piracicaba,354700,SP - SANTA MARIA DA SERRA,5243
3,Sudeste,35,SP,São Paulo,3532,RRAS11,35111,Alta Paulista,354710,SP - SANTA MERCEDES,2956
3,Sudeste,35,SP,São Paulo,3531,RRAS12,35152,Santa Fe do Sul,354740,SP - SANTA RITA D'OESTE,2733
3,Sudeste,35,SP,São Paulo,3530,RRAS13,35132,Aquifero Guarani,354750,SP - SANTA RITA DO PASSA QUATRO,24833
3,Sudeste,35,SP,São Paulo,3530,RRAS13,35132,Aquifero Guarani,354760,SP - SANTA ROSA DE VITERBO,23411
3,Sudeste,35,SP,São Paulo,3531,RRAS12,35153,Jales,354765,SP - SANTA SALETE,1645
3,Sudeste,35,SP,São Paulo,3531,RRAS12,35153,Jales,354720,SP - SANTANA DA PONTE PENSA,1670
3,Sudeste,35,SP,São Paulo,3522,RRAS5,35014,Rota dos Bandeirantes,354730,SP - SANTANA DE PARNAIBA,154105
3,Sudeste,35,SP,São Paulo,3532,RRAS11,35112,Alta Sorocabana,354770,SP - SANTO ANASTACIO,17963
3,Sudeste,35,SP,São Paulo,3534,RRAS1,35015,Grande Abc,354780,SP - SANTO ANDRE,748919
3,Sudeste,35,SP,São Paulo,3530,RRAS13,35133,Vale das Cachoeiras,354790,SP - SANTO ANTONIO DA ALEGRIA,6775
3,Sudeste,35,SP,São Paulo,3528,RRAS15,35072,Regiao Metropolitana de Campinas,354800,SP - SANTO ANTONIO DE POSSE,23244
3,Sudeste,35,SP,São Paulo,3531,RRAS12,35021,Central do Drs II,354805,SP - SANTO ANTONIO DO ARACANGUA,8379
3,Sudeste,35,SP,São Paulo,3528,RRAS15,35142,Mantiqueira,354810,SP - SANTO ANTONIO DO JARDIM,6126
3,Sudeste,35,SP,São Paulo,3526,RRAS17,35174,Vale do Paraiba/regiao Serrana,354820,SP - SANTO ANTONIO DO PINHAL,7133
3,Sudeste,35,SP,São Paulo,3532,RRAS11,35112,Alta Sorocabana,354830,SP - SANTO EXPEDITO,3000
3,Sudeste,35,SP,São Paulo,3531,RRAS12,35023,Consorcios do Drs II,354840,SP - SANTOPOLIS DO AGUAPEI,3899
3,Sudeste,35,SP,São Paulo,3520,RRAS7,35041,Baixada Santista,354850,SP - SANTOS,418608
3,Sudeste,35,SP,São Paulo,3526,RRAS17,35174,Vale do Paraiba/regiao Serrana,354860,SP - SAO BENTO DO SAPUCAI,11674
3,Sudeste,35,SP,São Paulo,3534,RRAS1,35015,Grande Abc,354870,SP - SAO BERNARDO DO CAMPO,810729
3,Sudeste,35,SP,São Paulo,3534,RRAS1,35015,Grande Abc,354880,SP - SAO CAETANO DO SUL,165655
3,Sudeste,35,SP,São Paulo,3535,RRAS 18,35032,Coracao do Drs III,354890,SP - SAO CARLOS,254857
3,Sudeste,35,SP,São Paulo,3531,RRAS12,35153,Jales,354900,SP - SAO FRANCISCO,2602
3,Sudeste,35,SP,São Paulo,3528,RRAS15,35142,Mantiqueira,354910,SP - SAO JOAO DA BOA VISTA,92547
3,Sudeste,35,SP,São Paulo,3531,RRAS12,35154,Fernandopolis,354920,SP - SAO JOAO DAS DUAS PONTES,2580
3,Sudeste,35,SP,São Paulo,3531,RRAS12,35154,Fernandopolis,354925,SP - SAO JOAO DE IRACEMA,1846
3,Sudeste,35,SP,São Paulo,3532,RRAS11,35111,Alta Paulista,354930,SP - SAO JOAO DO PAU D'ALHO,2242
3,Sudeste,35,SP,São Paulo,3530,RRAS13,35082,Alta Anhanguera,354940,SP - SAO JOAQUIM DA BARRA,48558
3,Sudeste,35,SP,São Paulo,3530,RRAS13,35081,Tres Colinas,354950,SP - SAO JOSE DA BELA VISTA,7626
3,Sudeste,35,SP,São Paulo,3526,RRAS17,35172,Circuito da Fe e Vale Historico,354960,SP - SAO JOSE DO BARREIRO,3853
3,Sudeste,35,SP,São Paulo,3528,RRAS15,35143,Rio Pardo,354970,SP - SAO JOSE DO RIO PARDO,52205
3,Sudeste,35,SP,São Paulo,3531,RRAS12,35155,Sao Jose do Rio Preto,354980,SP - SAO JOSE DO RIO PRETO,480393
3,Sudeste,35,SP,São Paulo,3526,RRAS17,35171,Alto Vale do Paraiba,354990,SP - SAO JOSE DOS CAMPOS,697054
3,Sudeste,35,SP,São Paulo,3523,RRAS4,35013,Mananciais,354995,SP - SAO LOURENCO DA SERRA,16067
3,Sudeste,35,SP,São Paulo,3526,RRAS17,35174,Vale do Paraiba/regiao Serrana,355000,SP - SAO LUIS DO PARAITINGA,10337
3,Sudeste,35,SP,São Paulo,3518,RRAS9,35063,Polo Cuesta,355010,SP - SAO MANUEL,37289
3,Sudeste,35,SP,São Paulo,3519,RRAS8,35161,Itapetininga,355020,SP - SAO MIGUEL ARCANJO,32039
3,Sudeste,35,SP,São Paulo,3521,RRAS6,35016,Sao Paulo,355030,SP - SAO PAULO,11451999
3,Sudeste,35,SP,São Paulo,3529,RRAS14,35103,Piracicaba,355040,SP - SAO PEDRO,38256
3,Sudeste,35,SP,São Paulo,3533,RRAS10,35094,Ourinhos,355050,SP - SAO PEDRO DO TURVO,7217
3,Sudeste,35,SP,São Paulo,3519,RRAS8,35163,Sorocaba,355060,SP - SAO ROQUE,79484
3,Sudeste,35,SP,São Paulo,3526,RRAS17,35173,Litoral Norte,355070,SP - SAO SEBASTIAO,81595
3,Sudeste,35,SP,São Paulo,3528,RRAS15,35143,Rio Pardo,355080,SP - SAO SEBASTIAO DA GRAMA,10441
3,Sudeste,35,SP,São Paulo,3530,RRAS13,35132,Aquifero Guarani,355090,SP - SAO SIMAO,13442
3,Sudeste,35,SP,São Paulo,3520,RRAS7,35041,Baixada Santista,355100,SP - SAO VICENTE,329911
3,Sudeste,35,SP,São Paulo,3519,RRAS8,35161,Itapetininga,355110,SP - SARAPUI,10369
3,Sudeste,35,SP,São Paulo,3518,RRAS9,35061,Vale do Jurumirim,355120,SP - SARUTAIA,3704
3,Sudeste,35,SP,São Paulo,3531,RRAS12,35157,Votuporanga,355130,SP - SEBASTIANOPOLIS DO SUL,3130
3,Sudeste,35,SP,São Paulo,3530,RRAS13,35132,Aquifero Guarani,355140,SP - SERRA AZUL,12746
3,Sudeste,35,SP,São Paulo,3528,RRAS15,35074,Circuito das Aguas,355160,SP - SERRA NEGRA,29894
3,Sudeste,35,SP,São Paulo,3530,RRAS13,35132,Aquifero Guarani,355150,SP - SERRANA,43909
3,Sudeste,35,SP,São Paulo,3530,RRAS13,35131,Horizonte Verde,355170,SP - SERTAOZINHO,126887
3,Sudeste,35,SP,São Paulo,3520,RRAS7,35121,Vale do Ribeira,355180,SP - SETE BARRAS,12730
3,Sudeste,35,SP,São Paulo,3530,RRAS13,35051,Norte - Barretos,355190,SP - SEVERINIA,14576
3,Sudeste,35,SP,São Paulo,3526,RRAS17,35172,Circuito da Fe e Vale Historico,355200,SP - SILVEIRAS,6186
3,Sudeste,35,SP,São Paulo,3527,RRAS16,35071,Braganca,355210,SP - SOCORRO,40122
3,Sudeste,35,SP,São Paulo,3519,RRAS8,35163,Sorocaba,355220,SP - SOROCABA,723682
3,Sudeste,35,SP,São Paulo,3531,RRAS12,35022,Lagos do Drs II,355230,SP - SUD MENNUCCI,7355
3,Sudeste,35,SP,São Paulo,3528,RRAS15,35072,Regiao Metropolitana de Campinas,355240,SP - SUMARE,279545
3,Sudeste,35,SP,São Paulo,3531,RRAS12,35022,Lagos do Drs II,355255,SP - SUZANAPOLIS,3408
3,Sudeste,35,SP,São Paulo,3525,RRAS2,35011,Alto do Tiete,355250,SP - SUZANO,307429
3,Sudeste,35,SP,São Paulo,3531,RRAS12,35151,Catanduva,355260,SP - TABAPUA,11323
3,Sudeste,35,SP,São Paulo,3535,RRAS 18,35033,Noroeste do Drs III,355270,SP - TABATINGA,14769
3,Sudeste,35,SP,São Paulo,3523,RRAS4,35013,Mananciais,355280,SP - TABOAO DA SERRA,273542
3,Sudeste,35,SP,São Paulo,3532,RRAS11,35112,Alta Sorocabana,355290,SP - TACIBA,6260
3,Sudeste,35,SP,São Paulo,3518,RRAS9,35061,Vale do Jurumirim,355300,SP - TAGUAI,12669
3,Sudeste,35,SP,São Paulo,3530,RRAS13,35052,Sul - Barretos,355310,SP - TAIACU,5677
3,Sudeste,35,SP,São Paulo,3530,RRAS13,35052,Sul - Barretos,355320,SP - TAIUVA,6548
3,Sudeste,35,SP,São Paulo,3528,RRAS15,35142,Mantiqueira,355330,SP - TAMBAU,21435
3,Sudeste,35,SP,São Paulo,3531,RRAS12,35155,Sao Jose do Rio Preto,355340,SP - TANABI,25265
3,Sudeste,35,SP,São Paulo,3519,RRAS8,35163,Sorocaba,355350,SP - TAPIRAI,7996
3,Sudeste,35,SP,São Paulo,3528,RRAS15,35143,Rio Pardo,355360,SP - TAPIRATIBA,11816
3,Sudeste,35,SP,São Paulo,3530,RRAS13,35052,Sul - Barretos,355365,SP - TAQUARAL,2619
3,Sudeste,35,SP,São Paulo,3535,RRAS 18,35033,Noroeste do Drs III,355370,SP - TAQUARITINGA,52260
3,Sudeste,35,SP,São Paulo,3518,RRAS9,35061,Vale do Jurumirim,355380,SP - TAQUARITUBA,24350
3,Sudeste,35,SP,São Paulo,3519,RRAS8,35162,Itapeva,355385,SP - TAQUARIVAI,6876
3,Sudeste,35,SP,São Paulo,3532,RRAS11,35112,Alta Sorocabana,355390,SP - TARABAI,6536
3,Sudeste,35,SP,São Paulo,3533,RRAS10,35092,Assis,355395,SP - TARUMA,14882
3,Sudeste,35,SP,São Paulo,3519,RRAS8,35161,Itapetininga,355400,SP - TATUI,123942
3,Sudeste,35,SP,São Paulo,3526,RRAS17,35174,Vale do Paraiba/regiao Serrana,355410,SP - TAUBATE,310739
3,Sudeste,35,SP,São Paulo,3518,RRAS9,35061,Vale do Jurumirim,355420,SP - TEJUPA,4127
3,Sudeste,35,SP,São Paulo,3532,RRAS11,35115,Pontal do Paranapanema,355430,SP - TEODORO SAMPAIO,22173
3,Sudeste,35,SP,São Paulo,3530,RRAS13,35052,Sul - Barretos,355440,SP - TERRA ROXA,7904
3,Sudeste,35,SP,São Paulo,3519,RRAS8,35163,Sorocaba,355450,SP - TIETE,37663
3,Sudeste,35,SP,São Paulo,3533,RRAS10,35094,Ourinhos,355460,SP - TIMBURI,2464
3,Sudeste,35,SP,São Paulo,3518,RRAS9,35063,Polo Cuesta,355465,SP - TORRE DE PEDRA,2046
3,Sudeste,35,SP,São Paulo,3518,RRAS9,35064,Jau,355470,SP - TORRINHA,9335
3,Sudeste,35,SP,São Paulo,3535,RRAS 18,35031,Central do Drs III,355475,SP - TRABIJU,1682
3,Sudeste,35,SP,São Paulo,3526,RRAS17,35174,Vale do Paraiba/regiao Serrana,355480,SP - TREMEMBE,51173
3,Sudeste,35,SP,São Paulo,3531,RRAS12,35152,Santa Fe do Sul,355490,SP - TRES FRONTEIRAS,6804
3,Sudeste,35,SP,São Paulo,3527,RRAS16,35071,Braganca,355495,SP - TUIUTI,6778
3,Sudeste,35,SP,São Paulo,3533,RRAS10,35095,Tupa,355500,SP - TUPA,63928
3,Sudeste,35,SP,São Paulo,3532,RRAS11,35111,Alta Paulista,355510,SP - TUPI PAULISTA,15854
3,Sudeste,35,SP,São Paulo,3531,RRAS12,35023,Consorcios do Drs II,355520,SP - TURIUBA,1818
3,Sudeste,35,SP,São Paulo,3531,RRAS12,35154,Fernandopolis,355530,SP - TURMALINA,1669
3,Sudeste,35,SP,São Paulo,3531,RRAS12,35156,Jose Bonifacio,355535,SP - UBARANA,5365
3,Sudeste,35,SP,São Paulo,3526,RRAS17,35173,Litoral Norte,355540,SP - UBATUBA,92981
3,Sudeste,35,SP,São Paulo,3533,RRAS10,35093,Marilia,355550,SP - UBIRAJARA,5132
3,Sudeste,35,SP,São Paulo,3531,RRAS12,35155,Sao Jose do Rio Preto,355560,SP - UCHOA,10394
3,Sudeste,35,SP,São Paulo,3531,RRAS12,35156,Jose Bonifacio,355570,SP - UNIAO PAULISTA,1603
3,Sudeste,35,SP,São Paulo,3531,RRAS12,35153,Jales,355580,SP - URANIA,8833
3,Sudeste,35,SP,São Paulo,3518,RRAS9,35065,Lins,355590,SP - URU,1387
3,Sudeste,35,SP,São Paulo,3531,RRAS12,35151,Catanduva,355600,SP - URUPES,13744
3,Sudeste,35,SP,São Paulo,3531,RRAS12,35157,Votuporanga,355610,SP - VALENTIM GENTIL,14098
3,Sudeste,35,SP,São Paulo,3528,RRAS15,35072,Regiao Metropolitana de Campinas,355620,SP - VALINHOS,126373
3,Sudeste,35,SP,São Paulo,3531,RRAS12,35021,Central do Drs II,355630,SP - VALPARAISO,24241
3,Sudeste,35,SP,São Paulo,3527,RRAS16,35071,Braganca,355635,SP - VARGEM,10512
3,Sudeste,35,SP,São Paulo,3528,RRAS15,35142,Mantiqueira,355640,SP - VARGEM GRANDE DO SUL,40133
3,Sudeste,35,SP,São Paulo,3523,RRAS4,35013,Mananciais,355645,SP - VARGEM GRANDE PAULISTA,50415
3,Sudeste,35,SP,São Paulo,3527,RRAS16,35073,Jundiai,355650,SP - VARZEA PAULISTA,115771
3,Sudeste,35,SP,São Paulo,3533,RRAS10,35093,Marilia,355660,SP - VERA CRUZ,10176
3,Sudeste,35,SP,São Paulo,3528,RRAS15,35072,Regiao Metropolitana de Campinas,355670,SP - VINHEDO,76540
3,Sudeste,35,SP,São Paulo,3530,RRAS13,35052,Sul - Barretos,355680,SP - VIRADOURO,17414
3,Sudeste,35,SP,São Paulo,3530,RRAS13,35052,Sul - Barretos,355690,SP - VISTA ALEGRE DO ALTO,8109
3,Sudeste,35,SP,São Paulo,3531,RRAS12,35153,Jales,355695,SP - VITORIA BRASIL,1794
3,Sudeste,35,SP,São Paulo,3519,RRAS8,35163,Sorocaba,355700,SP - VOTORANTIM,127923
3,Sudeste,35,SP,São Paulo,3531,RRAS12,35157,Votuporanga,355710,SP - VOTUPORANGA,96634
3,Sudeste,35,SP,São Paulo,3531,RRAS12,35156,Jose Bonifacio,355715,SP - ZACARIAS,2692
1,Norte,17,TO,Tocantins,1702,MACRORREGIAO CENTRO-SUL,17007,Cantao,170025,TO - ABREULANDIA,2576
1,Norte,17,TO,Tocantins,1701,MACRORREGIAO DE SAUDE NORTE,17002,Bico do Papagaio,170030,TO - AGUIARNOPOLIS,4497
1,Norte,17,TO,Tocantins,1702,MACRORREGIAO CENTRO-SUL,17005,Ilha do Bananal,170035,TO - ALIANCA DO TOCANTINS,5147
1,Norte,17,TO,Tocantins,1702,MACRORREGIAO CENTRO-SUL,17003,Sudeste,170040,TO - ALMAS,6499
1,Norte,17,TO,Tocantins,1702,MACRORREGIAO CENTRO-SUL,17005,Ilha do Bananal,170070,TO - ALVORADA,8802
1,Norte,17,TO,Tocantins,1701,MACRORREGIAO DE SAUDE NORTE,17002,Bico do Papagaio,170100,TO - ANANAS,10325
1,Norte,17,TO,Tocantins,1701,MACRORREGIAO DE SAUDE NORTE,17002,Bico do Papagaio,170105,TO - ANGICO,2876
1,Norte,17,TO,Tocantins,1702,MACRORREGIAO CENTRO-SUL,17006,Capim Dourado,170110,TO - APARECIDA DO RIO NEGRO,4856
1,Norte,17,TO,Tocantins,1701,MACRORREGIAO DE SAUDE NORTE,17001,Medio Norte Araguaia,170130,TO - ARAGOMINAS,5290
1,Norte,17,TO,Tocantins,1702,MACRORREGIAO CENTRO-SUL,17007,Cantao,170190,TO - ARAGUACEMA,5927
1,Norte,17,TO,Tocantins,1702,MACRORREGIAO CENTRO-SUL,17005,Ilha do Bananal,170200,TO - ARAGUACU,8133
1,Norte,17,TO,Tocantins,1701,MACRORREGIAO DE SAUDE NORTE,17001,Medio Norte Araguaia,170210,TO - ARAGUAINA,171301
1,Norte,17,TO,Tocantins,1701,MACRORREGIAO DE SAUDE NORTE,17001,Medio Norte Araguaia,170215,TO - ARAGUANA,4310
1,Norte,17,TO,Tocantins,1701,MACRORREGIAO DE SAUDE NORTE,17002,Bico do Papagaio,170220,TO - ARAGUATINS,31918
1,Norte,17,TO,Tocantins,1701,MACRORREGIAO DE SAUDE NORTE,17004,Cerrado Tocantins Araguaia,170230,TO - ARAPOEMA,5550
1,Norte,17,TO,Tocantins,1702,MACRORREGIAO CENTRO-SUL,17003,Sudeste,170240,TO - ARRAIAS,10287
1,Norte,17,TO,Tocantins,1701,MACRORREGIAO DE SAUDE NORTE,17002,Bico do Papagaio,170255,TO - AUGUSTINOPOLIS,17484
1,Norte,17,TO,Tocantins,1702,MACRORREGIAO CENTRO-SUL,17003,Sudeste,170270,TO - AURORA DO TOCANTINS,3342
1,Norte,17,TO,Tocantins,1701,MACRORREGIAO DE SAUDE NORTE,17002,Bico do Papagaio,170290,TO - AXIXA DO TOCANTINS,10262
1,Norte,17,TO,Tocantins,1701,MACRORREGIAO DE SAUDE NORTE,17001,Medio Norte Araguaia,170300,TO - BABACULANDIA,7880
1,Norte,17,TO,Tocantins,1701,MACRORREGIAO DE SAUDE NORTE,17004,Cerrado Tocantins Araguaia,170305,TO - BANDEIRANTES DO TOCANTINS,3407
1,Norte,17,TO,Tocantins,1701,MACRORREGIAO DE SAUDE NORTE,17001,Medio Norte Araguaia,170307,TO - BARRA DO OURO,4476
1,Norte,17,TO,Tocantins,1702,MACRORREGIAO CENTRO-SUL,17007,Cantao,170310,TO - BARROLANDIA,4846
1,Norte,17,TO,Tocantins,1701,MACRORREGIAO DE SAUDE NORTE,17004,Cerrado Tocantins Araguaia,170320,TO - BERNARDO SAYAO,4229
1,Norte,17,TO,Tocantins,1701,MACRORREGIAO DE SAUDE NORTE,17004,Cerrado Tocantins Araguaia,170330,TO - BOM JESUS DO TOCANTINS,4038
1,Norte,17,TO,Tocantins,1701,MACRORREGIAO DE SAUDE NORTE,17004,Cerrado Tocantins Araguaia,170360,TO - BRASILANDIA DO TOCANTINS,1974
1,Norte,17,TO,Tocantins,1702,MACRORREGIAO CENTRO-SUL,17008,Amor Perfeito,170370,TO - BREJINHO DE NAZARE,4725
1,Norte,17,TO,Tocantins,1701,MACRORREGIAO DE SAUDE NORTE,17002,Bico do Papagaio,170380,TO - BURITI DO TOCANTINS,10307
1,Norte,17,TO,Tocantins,1701,MACRORREGIAO DE SAUDE NORTE,17002,Bico do Papagaio,170382,TO - CACHOEIRINHA,1961
1,Norte,17,TO,Tocantins,1701,MACRORREGIAO DE SAUDE NORTE,17001,Medio Norte Araguaia,170384,TO - CAMPOS LINDOS,8653
1,Norte,17,TO,Tocantins,1702,MACRORREGIAO CENTRO-SUL,17005,Ilha do Bananal,170386,TO - CARIRI DO TOCANTINS,4007
1,Norte,17,TO,Tocantins,1701,MACRORREGIAO DE SAUDE NORTE,17001,Medio Norte Araguaia,170388,TO - CARMOLANDIA,2201
1,Norte,17,TO,Tocantins,1701,MACRORREGIAO DE SAUDE NORTE,17002,Bico do Papagaio,170389,TO - CARRASCO BONITO,3318
1,Norte,17,TO,Tocantins,1702,MACRORREGIAO CENTRO-SUL,17007,Cantao,170390,TO - CASEARA,4847
1,Norte,17,TO,Tocantins,1701,MACRORREGIAO DE SAUDE NORTE,17004,Cerrado Tocantins Araguaia,170410,TO - CENTENARIO,2131
1,Norte,17,TO,Tocantins,1702,MACRORREGIAO CENTRO-SUL,17008,Amor Perfeito,170510,TO - CHAPADA DA NATIVIDADE,3117
1,Norte,17,TO,Tocantins,1702,MACRORREGIAO CENTRO-SUL,17007,Cantao,170460,TO - CHAPADA DE AREIA,1501
1,Norte,17,TO,Tocantins,1701,MACRORREGIAO DE SAUDE NORTE,17004,Cerrado Tocantins Araguaia,170550,TO - COLINAS DO TOCANTINS,34233
1,Norte,17,TO,Tocantins,1701,MACRORREGIAO DE SAUDE NORTE,17004,Cerrado Tocantins Araguaia,171670,TO - COLMEIA,8941
1,Norte,17,TO,Tocantins,1702,MACRORREGIAO CENTRO-SUL,17003,Sudeste,170555,TO - COMBINADO,4756
1,Norte,17,TO,Tocantins,1702,MACRORREGIAO CENTRO-SUL,17003,Sudeste,170560,TO - CONCEICAO DO TOCANTINS,3887
1,Norte,17,TO,Tocantins,1701,MACRORREGIAO DE SAUDE NORTE,17004,Cerrado Tocantins Araguaia,170600,TO - COUTO MAGALHAES,5331
1,Norte,17,TO,Tocantins,1702,MACRORREGIAO CENTRO-SUL,17007,Cantao,170610,TO - CRISTALANDIA,6371
1,Norte,17,TO,Tocantins,1702,MACRORREGIAO CENTRO-SUL,17005,Ilha do Bananal,170625,TO - CRIXAS DO TOCANTINS,1470
1,Norte,17,TO,Tocantins,1701,MACRORREGIAO DE SAUDE NORTE,17001,Medio Norte Araguaia,170650,TO - DARCINOPOLIS,5827
1,Norte,17,TO,Tocantins,1702,MACRORREGIAO CENTRO-SUL,17003,Sudeste,170700,TO - DIANOPOLIS,17739
1,Norte,17,TO,Tocantins,1702,MACRORREGIAO CENTRO-SUL,17007,Cantao,170710,TO - DIVINOPOLIS DO TOCANTINS,7024
1,Norte,17,TO,Tocantins,1702,MACRORREGIAO CENTRO-SUL,17007,Cantao,170720,TO - DOIS IRMAOS DO TOCANTINS,6327
1,Norte,17,TO,Tocantins,1702,MACRORREGIAO CENTRO-SUL,17005,Ilha do Bananal,170730,TO - DUERE,4248
1,Norte,17,TO,Tocantins,1701,MACRORREGIAO DE SAUDE NORTE,17002,Bico do Papagaio,170740,TO - ESPERANTINA,7530
1,Norte,17,TO,Tocantins,1702,MACRORREGIAO CENTRO-SUL,17008,Amor Perfeito,170755,TO - FATIMA,3467
1,Norte,17,TO,Tocantins,1702,MACRORREGIAO CENTRO-SUL,17005,Ilha do Bananal,170765,TO - FIGUEIROPOLIS,5211
1,Norte,17,TO,Tocantins,1701,MACRORREGIAO DE SAUDE NORTE,17001,Medio Norte Araguaia,170770,TO - FILADELFIA,7712
1,Norte,17,TO,Tocantins,1702,MACRORREGIAO CENTRO-SUL,17005,Ilha do Bananal,170820,TO - FORMOSO DO ARAGUAIA,18881
1,Norte,17,TO,Tocantins,1702,MACRORREGIAO CENTRO-SUL,17006,Capim Dourado,170825,TO - FORTALEZA DO TABOCAO,3455
1,Norte,17,TO,Tocantins,1701,MACRORREGIAO DE SAUDE NORTE,17004,Cerrado Tocantins Araguaia,170830,TO - GOIANORTE,4738
1,Norte,17,TO,Tocantins,1701,MACRORREGIAO DE SAUDE NORTE,17001,Medio Norte Araguaia,170900,TO - GOIATINS,12433
1,Norte,17,TO,Tocantins,1701,MACRORREGIAO DE SAUDE NORTE,17004,Cerrado Tocantins Araguaia,170930,TO - GUARAI,24775
1,Norte,17,TO,Tocantins,1702,MACRORREGIAO CENTRO-SUL,17005,Ilha do Bananal,170950,TO - GURUPI,85125
1,Norte,17,TO,Tocantins,1702,MACRORREGIAO CENTRO-SUL,17008,Amor Perfeito,170980,TO - IPUEIRAS,1590
1,Norte,17,TO,Tocantins,1701,MACRORREGIAO DE SAUDE NORTE,17004,Cerrado Tocantins Araguaia,171050,TO - ITACAJA,6819
1,Norte,17,TO,Tocantins,1701,MACRORREGIAO DE SAUDE NORTE,17002,Bico do Papagaio,171070,TO - ITAGUATINS,5172
1,Norte,17,TO,Tocantins,1701,MACRORREGIAO DE SAUDE NORTE,17004,Cerrado Tocantins Araguaia,171090,TO - ITAPIRATINS,3577
1,Norte,17,TO,Tocantins,1701,MACRORREGIAO DE SAUDE NORTE,17004,Cerrado Tocantins Araguaia,171110,TO - ITAPORA DO TOCANTINS,2404
1,Norte,17,TO,Tocantins,1702,MACRORREGIAO CENTRO-SUL,17005,Ilha do Bananal,171150,TO - JAU DO TOCANTINS,3334
1,Norte,17,TO,Tocantins,1701,MACRORREGIAO DE SAUDE NORTE,17004,Cerrado Tocantins Araguaia,171180,TO - JUARINA,2243
1,Norte,17,TO,Tocantins,1702,MACRORREGIAO CENTRO-SUL,17007,Cantao,171190,TO - LAGOA DA CONFUSAO,15288
1,Norte,17,TO,Tocantins,1702,MACRORREGIAO CENTRO-SUL,17006,Capim Dourado,171195,TO - LAGOA DO TOCANTINS,3516
1,Norte,17,TO,Tocantins,1702,MACRORREGIAO CENTRO-SUL,17006,Capim Dourado,171200,TO - LAJEADO,3357
1,Norte,17,TO,Tocantins,1702,MACRORREGIAO CENTRO-SUL,17003,Sudeste,171215,TO - LAVANDEIRA,1626
1,Norte,17,TO,Tocantins,1702,MACRORREGIAO CENTRO-SUL,17006,Capim Dourado,171240,TO - LIZARDA,2999
1,Norte,17,TO,Tocantins,1701,MACRORREGIAO DE SAUDE NORTE,17002,Bico do Papagaio,171245,TO - LUZINOPOLIS,2717
1,Norte,17,TO,Tocantins,1702,MACRORREGIAO CENTRO-SUL,17007,Cantao,171250,TO - MARIANOPOLIS DO TOCANTINS,4615
1,Norte,17,TO,Tocantins,1702,MACRORREGIAO CENTRO-SUL,17008,Amor Perfeito,171270,TO - MATEIROS,2748
1,Norte,17,TO,Tocantins,1701,MACRORREGIAO DE SAUDE NORTE,17002,Bico do Papagaio,171280,TO - MAURILANDIA DO TOCANTINS,3095
1,Norte,17,TO,Tocantins,1702,MACRORREGIAO CENTRO-SUL,17006,Capim Dourado,171320,TO - MIRACEMA DO TOCANTINS,18566
1,Norte,17,TO,Tocantins,1702,MACRORREGIAO CENTRO-SUL,17006,Capim Dourado,171330,TO - MIRANORTE,12701
1,Norte,17,TO,Tocantins,1702,MACRORREGIAO CENTRO-SUL,17008,Amor Perfeito,171360,TO - MONTE DO CARMO,5694
1,Norte,17,TO,Tocantins,1702,MACRORREGIAO CENTRO-SUL,17007,Cantao,171370,TO - MONTE SANTO DO TOCANTINS,2396
1,Norte,17,TO,Tocantins,1701,MACRORREGIAO DE SAUDE NORTE,17001,Medio Norte Araguaia,171395,TO - MURICILANDIA,3367
1,Norte,17,TO,Tocantins,1702,MACRORREGIAO CENTRO-SUL,17008,Amor Perfeito,171420,TO - NATIVIDADE,8754
1,Norte,17,TO,Tocantins,1701,MACRORREGIAO DE SAUDE NORTE,17002,Bico do Papagaio,171430,TO - NAZARE,4521
1,Norte,17,TO,Tocantins,1701,MACRORREGIAO DE SAUDE NORTE,17001,Medio Norte Araguaia,171488,TO - NOVA OLINDA,10367
1,Norte,17,TO,Tocantins,1702,MACRORREGIAO CENTRO-SUL,17007,Cantao,171500,TO - NOVA ROSALANDIA,3362
1,Norte,17,TO,Tocantins,1702,MACRORREGIAO CENTRO-SUL,17006,Capim Dourado,171510,TO - NOVO ACORDO,3969
1,Norte,17,TO,Tocantins,1702,MACRORREGIAO CENTRO-SUL,17003,Sudeste,171515,TO - NOVO ALEGRE,1846
1,Norte,17,TO,Tocantins,1702,MACRORREGIAO CENTRO-SUL,17003,Sudeste,171525,TO - NOVO JARDIM,2230
1,Norte,17,TO,Tocantins,1702,MACRORREGIAO CENTRO-SUL,17008,Amor Perfeito,171550,TO - OLIVEIRA DE FATIMA,1164
1,Norte,17,TO,Tocantins,1702,MACRORREGIAO CENTRO-SUL,17006,Capim Dourado,172100,TO - PALMAS,302692
1,Norte,17,TO,Tocantins,1701,MACRORREGIAO DE SAUDE NORTE,17004,Cerrado Tocantins Araguaia,171570,TO - PALMEIRANTE,4798
1,Norte,17,TO,Tocantins,1701,MACRORREGIAO DE SAUDE NORTE,17002,Bico do Papagaio,171380,TO - PALMEIRAS DO TOCANTINS,4872
1,Norte,17,TO,Tocantins,1702,MACRORREGIAO CENTRO-SUL,17005,Ilha do Bananal,171575,TO - PALMEIROPOLIS,6975
1,Norte,17,TO,Tocantins,1702,MACRORREGIAO CENTRO-SUL,17007,Cantao,171610,TO - PARAISO DO TOCANTINS,52360
1,Norte,17,TO,Tocantins,1702,MACRORREGIAO CENTRO-SUL,17003,Sudeste,171620,TO - PARANA,10542
1,Norte,17,TO,Tocantins,1701,MACRORREGIAO DE SAUDE NORTE,17001,Medio Norte Araguaia,171630,TO - PAU D'ARCO,4043
1,Norte,17,TO,Tocantins,1701,MACRORREGIAO DE SAUDE NORTE,17004,Cerrado Tocantins Araguaia,171650,TO - PEDRO AFONSO,14055
1,Norte,17,TO,Tocantins,1702,MACRORREGIAO CENTRO-SUL,17005,Ilha do Bananal,171660,TO - PEIXE,9317
1,Norte,17,TO,Tocantins,1701,MACRORREGIAO DE SAUDE NORTE,17004,Cerrado Tocantins Araguaia,171665,TO - PEQUIZEIRO,4921
1,Norte,17,TO,Tocantins,1702,MACRORREGIAO CENTRO-SUL,17008,Amor Perfeito,171700,TO - PINDORAMA DO TOCANTINS,4478
1,Norte,17,TO,Tocantins,1701,MACRORREGIAO DE SAUDE NORTE,17001,Medio Norte Araguaia,171720,TO - PIRAQUE,2282
1,Norte,17,TO,Tocantins,1702,MACRORREGIAO CENTRO-SUL,17007,Cantao,171750,TO - PIUM,7128
1,Norte,17,TO,Tocantins,1702,MACRORREGIAO CENTRO-SUL,17003,Sudeste,171780,TO - PONTE ALTA DO BOM JESUS,4220
1,Norte,17,TO,Tocantins,1702,MACRORREGIAO CENTRO-SUL,17008,Amor Perfeito,171790,TO - PONTE ALTA DO TOCANTINS,7586
1,Norte,17,TO,Tocantins,1702,MACRORREGIAO CENTRO-SUL,17003,Sudeste,171800,TO - PORTO ALEGRE DO TOCANTINS,2866
1,Norte,17,TO,Tocantins,1702,MACRORREGIAO CENTRO-SUL,17008,Amor Perfeito,171820,TO - PORTO NACIONAL,64418
1,Norte,17,TO,Tocantins,1701,MACRORREGIAO DE SAUDE NORTE,17002,Bico do Papagaio,171830,TO - PRAIA NORTE,9044
1,Norte,17,TO,Tocantins,1701,MACRORREGIAO DE SAUDE NORTE,17004,Cerrado Tocantins Araguaia,171840,TO - PRESIDENTE KENNEDY,3047
1,Norte,17,TO,Tocantins,1702,MACRORREGIAO CENTRO-SUL,17007,Cantao,171845,TO - PUGMIL,2193
1,Norte,17,TO,Tocantins,1701,MACRORREGIAO DE SAUDE NORTE,17004,Cerrado Tocantins Araguaia,171850,TO - RECURSOLANDIA,3421
1,Norte,17,TO,Tocantins,1701,MACRORREGIAO DE SAUDE NORTE,17002,Bico do Papagaio,171855,TO - RIACHINHO,3960
1,Norte,17,TO,Tocantins,1702,MACRORREGIAO CENTRO-SUL,17003,Sudeste,171865,TO - RIO DA CONCEICAO,1768
1,Norte,17,TO,Tocantins,1702,MACRORREGIAO CENTRO-SUL,17006,Capim Dourado,171870,TO - RIO DOS BOIS,2738
1,Norte,17,TO,Tocantins,1702,MACRORREGIAO CENTRO-SUL,17006,Capim Dourado,171875,TO - RIO SONO,4841
1,Norte,17,TO,Tocantins,1701,MACRORREGIAO DE SAUDE NORTE,17002,Bico do Papagaio,171880,TO - SAMPAIO,4215
1,Norte,17,TO,Tocantins,1702,MACRORREGIAO CENTRO-SUL,17005,Ilha do Bananal,171884,TO - SANDOLANDIA,3723
1,Norte,17,TO,Tocantins,1701,MACRORREGIAO DE SAUDE NORTE,17001,Medio Norte Araguaia,171886,TO - SANTA FE DO ARAGUAIA,7216
1,Norte,17,TO,Tocantins,1701,MACRORREGIAO DE SAUDE NORTE,17004,Cerrado Tocantins Araguaia,171888,TO - SANTA MARIA DO TOCANTINS,2680
1,Norte,17,TO,Tocantins,1702,MACRORREGIAO CENTRO-SUL,17005,Ilha do Bananal,171889,TO - SANTA RITA DO TOCANTINS,2219
1,Norte,17,TO,Tocantins,1702,MACRORREGIAO CENTRO-SUL,17008,Amor Perfeito,171890,TO - SANTA ROSA DO TOCANTINS,4653
1,Norte,17,TO,Tocantins,1702,MACRORREGIAO CENTRO-SUL,17006,Capim Dourado,171900,TO - SANTA TEREZA DO TOCANTINS,2781
1,Norte,17,TO,Tocantins,1701,MACRORREGIAO DE SAUDE NORTE,17002,Bico do Papagaio,172000,TO - SANTA TEREZINHA DO TOCANTINS,2406
1,Norte,17,TO,Tocantins,1701,MACRORREGIAO DE SAUDE NORTE,17002,Bico do Papagaio,172010,TO - SAO BENTO DO TOCANTINS,5654
1,Norte,17,TO,Tocantins,1702,MACRORREGIAO CENTRO-SUL,17006,Capim Dourado,172015,TO - SAO FELIX DO TOCANTINS,1783
1,Norte,17,TO,Tocantins,1701,MACRORREGIAO DE SAUDE NORTE,17002,Bico do Papagaio,172020,TO - SAO MIGUEL DO TOCANTINS,13241
1,Norte,17,TO,Tocantins,1702,MACRORREGIAO CENTRO-SUL,17005,Ilha do Bananal,172025,TO - SAO SALVADOR DO TOCANTINS,2385
1,Norte,17,TO,Tocantins,1701,MACRORREGIAO DE SAUDE NORTE,17002,Bico do Papagaio,172030,TO - SAO SEBASTIAO DO TOCANTINS,4100
1,Norte,17,TO,Tocantins,1702,MACRORREGIAO CENTRO-SUL,17005,Ilha do Bananal,172049,TO - SAO VALERIO,4422
1,Norte,17,TO,Tocantins,1702,MACRORREGIAO CENTRO-SUL,17008,Amor Perfeito,172065,TO - SILVANOPOLIS,5108
1,Norte,17,TO,Tocantins,1701,MACRORREGIAO DE SAUDE NORTE,17002,Bico do Papagaio,172080,TO - SITIO NOVO DO TOCANTINS,10830
1,Norte,17,TO,Tocantins,1702,MACRORREGIAO CENTRO-SUL,17005,Ilha do Bananal,172085,TO - SUCUPIRA,1577
1,Norte,17,TO,Tocantins,1702,MACRORREGIAO CENTRO-SUL,17003,Sudeste,172090,TO - TAGUATINGA,14011
1,Norte,17,TO,Tocantins,1702,MACRORREGIAO CENTRO-SUL,17003,Sudeste,172093,TO - TAIPAS DO TOCANTINS,2021
1,Norte,17,TO,Tocantins,1702,MACRORREGIAO CENTRO-SUL,17005,Ilha do Bananal,172097,TO - TALISMA,2456
1,Norte,17,TO,Tocantins,1702,MACRORREGIAO CENTRO-SUL,17006,Capim Dourado,172110,TO - TOCANTINIA,7459
1,Norte,17,TO,Tocantins,1701,MACRORREGIAO DE SAUDE NORTE,17002,Bico do Papagaio,172120,TO - TOCANTINOPOLIS,22615
1,Norte,17,TO,Tocantins,1701,MACRORREGIAO DE SAUDE NORTE,17004,Cerrado Tocantins Araguaia,172125,TO - TUPIRAMA,1909
1,Norte,17,TO,Tocantins,1701,MACRORREGIAO DE SAUDE NORTE,17004,Cerrado Tocantins Araguaia,172130,TO - TUPIRATINS,1874
1,Norte,17,TO,Tocantins,1701,MACRORREGIAO DE SAUDE NORTE,17001,Medio Norte Araguaia,172208,TO - WANDERLANDIA,10522
1,Norte,17,TO,Tocantins,1701,MACRORREGIAO DE SAUDE NORTE,17001,Medio Norte Araguaia,172210,TO - XAMBIOA,10517
