estado_abrev,regional_id,regional_nome,municipio_id_sdv,ano
RO,11001,Vale do Jamari,110002,2019
RO,11001,Vale do Jamari,110013,2019
RO,11001,Vale do Jamari,110026,2019
RO,11001,Vale do Jamari,110040,2019
RO,11001,Vale do Jamari,110045,2019
RO,11001,Vale do Jamari,110060,2019
RO,11001,Vale do Jamari,110070,2019
RO,11001,Vale do Jamari,110094,2019
RO,11001,Vale do Jamari,110140,2019
RO,11002,Café,110004,2019
RO,11002,Café,110009,2019
RO,11002,Café,110018,2019
RO,11002,Café,110120,2019
RO,11002,Café,110147,2019
RO,11002,Café,110148,2019
RO,11003,Central,110011,2019
RO,11003,Central,110012,2019
RO,11003,Central,110015,2019
RO,11003,Central,110025,2019
RO,11003,Central,110032,2019
RO,11003,Central,110034,2019
RO,11003,Central,110100,2019
RO,11003,Central,110130,2019
RO,11003,Central,110143,2019
RO,11003,Central,110155,2019
RO,11003,Central,110160,2019
RO,11003,Central,110170,2019
RO,11003,Central,110175,2019
RO,11003,Central,110180,2019
RO,11004,Madeira-Mamoré,110010,2019
RO,11004,Madeira-Mamoré,110020,2019
RO,11004,Madeira-Mamoré,110033,2019
RO,11004,Madeira-Mamoré,110080,2019
RO,11004,Madeira-Mamoré,110110,2019
RO,11005,Zona da Mata,110001,2019
RO,11005,Zona da Mata,110014,2019
RO,11005,Zona da Mata,110028,2019
RO,11005,Zona da Mata,110029,2019
RO,11005,Zona da Mata,110037,2019
RO,11005,Zona da Mata,110050,2019
RO,11005,Zona da Mata,110090,2019
RO,11005,Zona da Mata,110145,2019
RO,11006,Cone Sul,110003,2019
RO,11006,Cone Sul,110005,2019
RO,11006,Cone Sul,110006,2019
RO,11006,Cone Sul,110007,2019
RO,11006,Cone Sul,110030,2019
RO,11006,Cone Sul,110092,2019
RO,11006,Cone Sul,110146,2019
RO,11007,Vale do Guaporé,110008,2019
RO,11007,Vale do Guaporé,110149,2019
RO,11007,Vale do Guaporé,110150,2019
AC,12001,Alto Acre,120005,2019
AC,12001,Alto Acre,120010,2019
AC,12001,Alto Acre,120025,2019
AC,12001,Alto Acre,120070,2019
AC,12002,Baixo Acre e Purus,120001,2019
AC,12002,Baixo Acre e Purus,120013,2019
AC,12002,Baixo Acre e Purus,120017,2019
AC,12002,Baixo Acre e Purus,120032,2019
AC,12002,Baixo Acre e Purus,120034,2019
AC,12002,Baixo Acre e Purus,120038,2019
AC,12002,Baixo Acre e Purus,120040,2019
AC,12002,Baixo Acre e Purus,120043,2019
AC,12002,Baixo Acre e Purus,120045,2019
AC,12002,Baixo Acre e Purus,120050,2019
AC,12002,Baixo Acre e Purus,120080,2019
AC,12003,Juruá e Tarauacá/Envira,120020,2019
AC,12003,Juruá e Tarauacá/Envira,120030,2019
AC,12003,Juruá e Tarauacá/Envira,120033,2019
AC,12003,Juruá e Tarauacá/Envira,120035,2019
AC,12003,Juruá e Tarauacá/Envira,120039,2019
AC,12003,Juruá e Tarauacá/Envira,120042,2019
AC,12003,Juruá e Tarauacá/Envira,120060,2019
AM,13001,"Manaus, Entorno e Alto Rio Negro",130030,2019
AM,13001,"Manaus, Entorno e Alto Rio Negro",130040,2019
AM,13001,"Manaus, Entorno e Alto Rio Negro",130110,2019
AM,13001,"Manaus, Entorno e Alto Rio Negro",130115,2019
AM,13001,"Manaus, Entorno e Alto Rio Negro",130185,2019
AM,13001,"Manaus, Entorno e Alto Rio Negro",130255,2019
AM,13001,"Manaus, Entorno e Alto Rio Negro",130260,2019
AM,13001,"Manaus, Entorno e Alto Rio Negro",130310,2019
AM,13001,"Manaus, Entorno e Alto Rio Negro",130353,2019
AM,13001,"Manaus, Entorno e Alto Rio Negro",130356,2019
AM,13001,"Manaus, Entorno e Alto Rio Negro",130360,2019
AM,13001,"Manaus, Entorno e Alto Rio Negro",130380,2019
AM,13002,Rio Negro e Solimões,130008,2019
AM,13002,Rio Negro e Solimões,130010,2019
AM,13002,Rio Negro e Solimões,130063,2019
AM,13002,Rio Negro e Solimões,130083,2019
AM,13002,Rio Negro e Solimões,130120,2019
AM,13002,Rio Negro e Solimões,130130,2019
AM,13002,Rio Negro e Solimões,130250,2019
AM,13002,Rio Negro e Solimões,130320,2019
AM,13003,Rio Madeira,130014,2019
AM,13003,Rio Madeira,130080,2019
AM,13003,Rio Madeira,130170,2019
AM,13003,Rio Madeira,130270,2019
AM,13003,Rio Madeira,130330,2019
AM,13004,Médio Amazonas,130190,2019
AM,13004,Médio Amazonas,130200,2019
AM,13004,Médio Amazonas,130395,2019
AM,13004,Médio Amazonas,130400,2019
AM,13004,Médio Amazonas,130430,2019
AM,13004,Médio Amazonas,130440,2019
AM,13005,Baixo Amazonas,130050,2019
AM,13005,Baixo Amazonas,130068,2019
AM,13005,Baixo Amazonas,130290,2019
AM,13005,Baixo Amazonas,130300,2019
AM,13005,Baixo Amazonas,130340,2019
AM,13006,Regional Purus,130070,2019
AM,13006,Regional Purus,130090,2019
AM,13006,Regional Purus,130240,2019
AM,13006,Regional Purus,130350,2019
AM,13006,Regional Purus,130410,2019
AM,13007,Regional Juruá,130100,2019
AM,13007,Regional Juruá,130140,2019
AM,13007,Regional Juruá,130150,2019
AM,13007,Regional Juruá,130165,2019
AM,13007,Regional Juruá,130180,2019
AM,13007,Regional Juruá,130195,2019
AM,13008,Triângulo,130002,2019
AM,13008,Triângulo,130210,2019
AM,13008,Triângulo,130220,2019
AM,13008,Triângulo,130280,2019
AM,13008,Triângulo,130420,2019
AM,13008,Triângulo,130426,2019
AM,13009,Alto Solimões,130006,2019
AM,13009,Alto Solimões,130020,2019
AM,13009,Alto Solimões,130060,2019
AM,13009,Alto Solimões,130160,2019
AM,13009,Alto Solimões,130230,2019
AM,13009,Alto Solimões,130370,2019
AM,13009,Alto Solimões,130390,2019
AM,13009,Alto Solimões,130406,2019
AM,13009,Alto Solimões,130423,2019
RR,14001,Centro Norte,140002,2019
RR,14001,Centro Norte,140005,2019
RR,14001,Centro Norte,140010,2019
RR,14001,Centro Norte,140015,2019
RR,14001,Centro Norte,140017,2019
RR,14001,Centro Norte,140030,2019
RR,14001,Centro Norte,140040,2019
RR,14001,Centro Norte,140045,2019
RR,14001,Centro Norte,140070,2019
RR,14002,Sul,140020,2019
RR,14002,Sul,140023,2019
RR,14002,Sul,140028,2019
RR,14002,Sul,140047,2019
RR,14002,Sul,140050,2019
RR,14002,Sul,140060,2019
PA,15001,Araguaia,150034,2019
PA,15001,Araguaia,150125,2019
PA,15001,Araguaia,150270,2019
PA,15001,Araguaia,150276,2019
PA,15001,Araguaia,150304,2019
PA,15001,Araguaia,150543,2019
PA,15001,Araguaia,150555,2019
PA,15001,Araguaia,150613,2019
PA,15001,Araguaia,150616,2019
PA,15001,Araguaia,150658,2019
PA,15001,Araguaia,150670,2019
PA,15001,Araguaia,150730,2019
PA,15001,Araguaia,150775,2019
PA,15001,Araguaia,150808,2019
PA,15001,Araguaia,150840,2019
PA,15002,Baixo Amazonas,150040,2019
PA,15002,Baixo Amazonas,150050,2019
PA,15002,Baixo Amazonas,150145,2019
PA,15002,Baixo Amazonas,150285,2019
PA,15002,Baixo Amazonas,150300,2019
PA,15002,Baixo Amazonas,150390,2019
PA,15002,Baixo Amazonas,150475,2019
PA,15002,Baixo Amazonas,150480,2019
PA,15002,Baixo Amazonas,150510,2019
PA,15002,Baixo Amazonas,150530,2019
PA,15002,Baixo Amazonas,150565,2019
PA,15002,Baixo Amazonas,150600,2019
PA,15002,Baixo Amazonas,150680,2019
PA,15002,Baixo Amazonas,150797,2019
PA,15003,Carajás,150013,2019
PA,15003,Carajás,150157,2019
PA,15003,Carajás,150175,2019
PA,15003,Carajás,150215,2019
PA,15003,Carajás,150277,2019
PA,15003,Carajás,150293,2019
PA,15003,Carajás,150295,2019
PA,15003,Carajás,150370,2019
PA,15003,Carajás,150420,2019
PA,15003,Carajás,150497,2019
PA,15003,Carajás,150549,2019
PA,15003,Carajás,150553,2019
PA,15003,Carajás,150563,2019
PA,15003,Carajás,150618,2019
PA,15003,Carajás,150715,2019
PA,15003,Carajás,150745,2019
PA,15003,Carajás,150750,2019
PA,15004,Lago de Tucuruí,150178,2019
PA,15004,Lago de Tucuruí,150309,2019
PA,15004,Lago de Tucuruí,150380,2019
PA,15004,Lago de Tucuruí,150506,2019
PA,15004,Lago de Tucuruí,150795,2019
PA,15004,Lago de Tucuruí,150810,2019
PA,15006,Metropolitana I,150080,2019
PA,15006,Metropolitana I,150140,2019
PA,15006,Metropolitana I,150150,2019
PA,15006,Metropolitana I,150442,2019
PA,15006,Metropolitana I,150635,2019
PA,15007,Metropolitana II,150020,2019
PA,15007,Metropolitana II,150190,2019
PA,15007,Metropolitana II,150260,2019
PA,15007,Metropolitana II,150275,2019
PA,15007,Metropolitana II,150650,2019
PA,15007,Metropolitana II,150700,2019
PA,15007,Metropolitana II,150710,2019
PA,15007,Metropolitana II,150800,2019
PA,15007,Metropolitana II,150820,2019
PA,15008,Metropolitana III,150095,2019
PA,15008,Metropolitana III,150230,2019
PA,15008,Metropolitana III,150240,2019
PA,15008,Metropolitana III,150290,2019
PA,15008,Metropolitana III,150307,2019
PA,15008,Metropolitana III,150320,2019
PA,15008,Metropolitana III,150340,2019
PA,15008,Metropolitana III,150345,2019
PA,15008,Metropolitana III,150350,2019
PA,15008,Metropolitana III,150405,2019
PA,15008,Metropolitana III,150410,2019
PA,15008,Metropolitana III,150430,2019
PA,15008,Metropolitana III,150440,2019
PA,15008,Metropolitana III,150495,2019
PA,15008,Metropolitana III,150550,2019
PA,15008,Metropolitana III,150660,2019
PA,15008,Metropolitana III,150720,2019
PA,15008,Metropolitana III,150740,2019
PA,15008,Metropolitana III,150746,2019
PA,15008,Metropolitana III,150760,2019
PA,15008,Metropolitana III,150796,2019
PA,15008,Metropolitana III,150812,2019
PA,15009,Rio Caetés,150090,2019
PA,15009,Rio Caetés,150160,2019
PA,15009,Rio Caetés,150170,2019
PA,15009,Rio Caetés,150195,2019
PA,15009,Rio Caetés,150220,2019
PA,15009,Rio Caetés,150500,2019
PA,15009,Rio Caetés,150540,2019
PA,15009,Rio Caetés,150560,2019
PA,15009,Rio Caetés,150610,2019
PA,15009,Rio Caetés,150611,2019
PA,15009,Rio Caetés,150620,2019
PA,15009,Rio Caetés,150655,2019
PA,15009,Rio Caetés,150690,2019
PA,15009,Rio Caetés,150747,2019
PA,15009,Rio Caetés,150803,2019
PA,15009,Rio Caetés,150830,2019
PA,15010,Tapajós,150100,2019
PA,15010,Tapajós,150360,2019
PA,15010,Tapajós,150375,2019
PA,15010,Tapajós,150503,2019
PA,15010,Tapajós,150619,2019
PA,15010,Tapajós,150805,2019
PA,15011,Tocantins,150010,2019
PA,15011,Tocantins,150120,2019
PA,15011,Tocantins,150130,2019
PA,15011,Tocantins,150210,2019
PA,15011,Tocantins,150330,2019
PA,15011,Tocantins,150400,2019
PA,15011,Tocantins,150460,2019
PA,15011,Tocantins,150470,2019
PA,15011,Tocantins,150520,2019
PA,15012,Xingu,150060,2019
PA,15012,Xingu,150085,2019
PA,15012,Xingu,150172,2019
PA,15012,Xingu,150445,2019
PA,15012,Xingu,150548,2019
PA,15012,Xingu,150590,2019
PA,15012,Xingu,150780,2019
PA,15012,Xingu,150815,2019
PA,15012,Xingu,150835,2019
PA,15013,Marajó I,150030,2019
PA,15013,Marajó I,150200,2019
PA,15013,Marajó I,150250,2019
PA,15013,Marajó I,150490,2019
PA,15013,Marajó I,150570,2019
PA,15013,Marajó I,150630,2019
PA,15013,Marajó I,150640,2019
PA,15013,Marajó I,150770,2019
PA,15013,Marajó I,150790,2019
PA,15014,Marajó II,150070,2019
PA,15014,Marajó II,150110,2019
PA,15014,Marajó II,150180,2019
PA,15014,Marajó II,150280,2019
PA,15014,Marajó II,150310,2019
PA,15014,Marajó II,150450,2019
PA,15014,Marajó II,150580,2019
AP,16001,Área Central,160005,2019
AP,16001,Área Central,160015,2019
AP,16001,Área Central,160021,2019
AP,16001,Área Central,160023,2019
AP,16001,Área Central,160025,2019
AP,16001,Área Central,160030,2019
AP,16001,Área Central,160053,2019
AP,16002,Área Norte,160010,2019
AP,16002,Área Norte,160020,2019
AP,16002,Área Norte,160050,2019
AP,16002,Área Norte,160055,2019
AP,16002,Área Norte,160070,2019
AP,16003,Área Sudoeste,160027,2019
AP,16003,Área Sudoeste,160040,2019
AP,16003,Área Sudoeste,160060,2019
AP,16003,Área Sudoeste,160080,2019
TO,17001,Médio Norte Araguaia,170130,2019
TO,17001,Médio Norte Araguaia,170210,2019
TO,17001,Médio Norte Araguaia,170215,2019
TO,17001,Médio Norte Araguaia,170300,2019
TO,17001,Médio Norte Araguaia,170307,2019
TO,17001,Médio Norte Araguaia,170384,2019
TO,17001,Médio Norte Araguaia,170388,2019
TO,17001,Médio Norte Araguaia,170650,2019
TO,17001,Médio Norte Araguaia,170770,2019
TO,17001,Médio Norte Araguaia,170900,2019
TO,17001,Médio Norte Araguaia,171395,2019
TO,17001,Médio Norte Araguaia,171488,2019
TO,17001,Médio Norte Araguaia,171630,2019
TO,17001,Médio Norte Araguaia,171720,2019
TO,17001,Médio Norte Araguaia,171886,2019
TO,17001,Médio Norte Araguaia,172208,2019
TO,17001,Médio Norte Araguaia,172210,2019
TO,17002,Bico do Papagaio,170030,2019
TO,17002,Bico do Papagaio,170100,2019
TO,17002,Bico do Papagaio,170105,2019
TO,17002,Bico do Papagaio,170220,2019
TO,17002,Bico do Papagaio,170255,2019
TO,17002,Bico do Papagaio,170290,2019
TO,17002,Bico do Papagaio,170380,2019
TO,17002,Bico do Papagaio,170382,2019
TO,17002,Bico do Papagaio,170389,2019
TO,17002,Bico do Papagaio,170740,2019
TO,17002,Bico do Papagaio,171070,2019
TO,17002,Bico do Papagaio,171245,2019
TO,17002,Bico do Papagaio,171280,2019
TO,17002,Bico do Papagaio,171380,2019
TO,17002,Bico do Papagaio,171430,2019
TO,17002,Bico do Papagaio,171830,2019
TO,17002,Bico do Papagaio,171855,2019
TO,17002,Bico do Papagaio,171880,2019
TO,17002,Bico do Papagaio,172000,2019
TO,17002,Bico do Papagaio,172010,2019
TO,17002,Bico do Papagaio,172020,2019
TO,17002,Bico do Papagaio,172030,2019
TO,17002,Bico do Papagaio,172080,2019
TO,17002,Bico do Papagaio,172120,2019
TO,17003,Sudeste,170040,2019
TO,17003,Sudeste,170240,2019
TO,17003,Sudeste,170270,2019
TO,17003,Sudeste,170555,2019
TO,17003,Sudeste,170560,2019
TO,17003,Sudeste,170700,2019
TO,17003,Sudeste,171215,2019
TO,17003,Sudeste,171515,2019
TO,17003,Sudeste,171525,2019
TO,17003,Sudeste,171620,2019
TO,17003,Sudeste,171780,2019
TO,17003,Sudeste,171800,2019
TO,17003,Sudeste,171865,2019
TO,17003,Sudeste,172090,2019
TO,17003,Sudeste,172093,2019
TO,17004,Cerrado Tocantins Araguaia,170230,2019
TO,17004,Cerrado Tocantins Araguaia,170305,2019
TO,17004,Cerrado Tocantins Araguaia,170320,2019
TO,17004,Cerrado Tocantins Araguaia,170330,2019
TO,17004,Cerrado Tocantins Araguaia,170360,2019
TO,17004,Cerrado Tocantins Araguaia,170410,2019
TO,17004,Cerrado Tocantins Araguaia,170550,2019
TO,17004,Cerrado Tocantins Araguaia,170600,2019
TO,17004,Cerrado Tocantins Araguaia,170830,2019
TO,17004,Cerrado Tocantins Araguaia,170930,2019
TO,17004,Cerrado Tocantins Araguaia,171050,2019
TO,17004,Cerrado Tocantins Araguaia,171090,2019
TO,17004,Cerrado Tocantins Araguaia,171110,2019
TO,17004,Cerrado Tocantins Araguaia,171180,2019
TO,17004,Cerrado Tocantins Araguaia,171570,2019
TO,17004,Cerrado Tocantins Araguaia,171650,2019
TO,17004,Cerrado Tocantins Araguaia,171665,2019
TO,17004,Cerrado Tocantins Araguaia,171670,2019
TO,17004,Cerrado Tocantins Araguaia,171840,2019
TO,17004,Cerrado Tocantins Araguaia,171850,2019
TO,17004,Cerrado Tocantins Araguaia,171888,2019
TO,17004,Cerrado Tocantins Araguaia,172125,2019
TO,17004,Cerrado Tocantins Araguaia,172130,2019
TO,17005,Ilha do Bananal,170035,2019
TO,17005,Ilha do Bananal,170070,2019
TO,17005,Ilha do Bananal,170200,2019
TO,17005,Ilha do Bananal,170386,2019
TO,17005,Ilha do Bananal,170625,2019
TO,17005,Ilha do Bananal,170730,2019
TO,17005,Ilha do Bananal,170765,2019
TO,17005,Ilha do Bananal,170820,2019
TO,17005,Ilha do Bananal,170950,2019
TO,17005,Ilha do Bananal,171150,2019
TO,17005,Ilha do Bananal,171575,2019
TO,17005,Ilha do Bananal,171660,2019
TO,17005,Ilha do Bananal,171884,2019
TO,17005,Ilha do Bananal,171889,2019
TO,17005,Ilha do Bananal,172025,2019
TO,17005,Ilha do Bananal,172049,2019
TO,17005,Ilha do Bananal,172085,2019
TO,17005,Ilha do Bananal,172097,2019
TO,17006,Capim Dourado,170110,2019
TO,17006,Capim Dourado,170825,2019
TO,17006,Capim Dourado,171195,2019
TO,17006,Capim Dourado,171200,2019
TO,17006,Capim Dourado,171240,2019
TO,17006,Capim Dourado,171320,2019
TO,17006,Capim Dourado,171330,2019
TO,17006,Capim Dourado,171510,2019
TO,17006,Capim Dourado,171870,2019
TO,17006,Capim Dourado,171875,2019
TO,17006,Capim Dourado,171900,2019
TO,17006,Capim Dourado,172015,2019
TO,17006,Capim Dourado,172100,2019
TO,17006,Capim Dourado,172110,2019
TO,17007,Cantão,170025,2019
TO,17007,Cantão,170190,2019
TO,17007,Cantão,170310,2019
TO,17007,Cantão,170390,2019
TO,17007,Cantão,170460,2019
TO,17007,Cantão,170610,2019
TO,17007,Cantão,170710,2019
TO,17007,Cantão,170720,2019
TO,17007,Cantão,171190,2019
TO,17007,Cantão,171250,2019
TO,17007,Cantão,171370,2019
TO,17007,Cantão,171500,2019
TO,17007,Cantão,171610,2019
TO,17007,Cantão,171750,2019
TO,17007,Cantão,171845,2019
TO,17008,Amor Perfeito,170370,2019
TO,17008,Amor Perfeito,170510,2019
TO,17008,Amor Perfeito,170755,2019
TO,17008,Amor Perfeito,170980,2019
TO,17008,Amor Perfeito,171270,2019
TO,17008,Amor Perfeito,171360,2019
TO,17008,Amor Perfeito,171420,2019
TO,17008,Amor Perfeito,171550,2019
TO,17008,Amor Perfeito,171700,2019
TO,17008,Amor Perfeito,171790,2019
TO,17008,Amor Perfeito,171820,2019
TO,17008,Amor Perfeito,171890,2019
TO,17008,Amor Perfeito,172065,2019
MA,21001,Açailândia,210005,2019
MA,21001,Açailândia,210203,2019
MA,21001,Açailândia,210232,2019
MA,21001,Açailândia,210325,2019
MA,21001,Açailândia,210542,2019
MA,21001,Açailândia,211085,2019
MA,21001,Açailândia,211153,2019
MA,21001,Açailândia,211285,2019
MA,21002,Bacabal,210040,2019
MA,21002,Bacabal,210120,2019
MA,21002,Bacabal,210207,2019
MA,21002,Bacabal,210215,2019
MA,21002,Bacabal,210355,2019
MA,21002,Bacabal,210590,2019
MA,21002,Bacabal,210635,2019
MA,21002,Bacabal,210740,2019
MA,21002,Bacabal,210810,2019
MA,21002,Bacabal,211140,2019
MA,21002,Bacabal,211300,2019
MA,21003,Balsas,210050,2019
MA,21003,Balsas,210140,2019
MA,21003,Balsas,210407,2019
MA,21003,Balsas,210409,2019
MA,21003,Balsas,210410,2019
MA,21003,Balsas,210610,2019
MA,21003,Balsas,210725,2019
MA,21003,Balsas,210950,2019
MA,21003,Balsas,210970,2019
MA,21003,Balsas,211080,2019
MA,21003,Balsas,211157,2019
MA,21003,Balsas,211160,2019
MA,21003,Balsas,211200,2019
MA,21004,Barra do Corda,210095,2019
MA,21004,Barra do Corda,210160,2019
MA,21004,Barra do Corda,210408,2019
MA,21004,Barra do Corda,210480,2019
MA,21004,Barra do Corda,210535,2019
MA,21004,Barra do Corda,210547,2019
MA,21005,Caxias,210010,2019
MA,21005,Caxias,210030,2019
MA,21005,Caxias,210220,2019
MA,21005,Caxias,210300,2019
MA,21005,Caxias,210340,2019
MA,21005,Caxias,210390,2019
MA,21005,Caxias,211107,2019
MA,21006,Chapadinha,210015,2019
MA,21006,Chapadinha,210080,2019
MA,21006,Chapadinha,210090,2019
MA,21006,Chapadinha,210210,2019
MA,21006,Chapadinha,210320,2019
MA,21006,Chapadinha,210630,2019
MA,21006,Chapadinha,210640,2019
MA,21006,Chapadinha,210667,2019
MA,21006,Chapadinha,210805,2019
MA,21006,Chapadinha,211010,2019
MA,21006,Chapadinha,211023,2019
MA,21006,Chapadinha,211060,2019
MA,21006,Chapadinha,211250,2019
MA,21007,Codó,210043,2019
MA,21007,Codó,210330,2019
MA,21007,Codó,210360,2019
MA,21007,Codó,210845,2019
MA,21007,Codó,211150,2019
MA,21007,Codó,211210,2019
MA,21008,Imperatriz,210060,2019
MA,21008,Imperatriz,210235,2019
MA,21008,Imperatriz,210255,2019
MA,21008,Imperatriz,210280,2019
MA,21008,Imperatriz,210375,2019
MA,21008,Imperatriz,210405,2019
MA,21008,Imperatriz,210455,2019
MA,21008,Imperatriz,210530,2019
MA,21008,Imperatriz,210550,2019
MA,21008,Imperatriz,210598,2019
MA,21008,Imperatriz,210700,2019
MA,21008,Imperatriz,210900,2019
MA,21008,Imperatriz,210955,2019
MA,21008,Imperatriz,211105,2019
MA,21008,Imperatriz,211176,2019
MA,21008,Imperatriz,211180,2019
MA,21009,Itapecuru Mirim,210070,2019
MA,21009,Itapecuru Mirim,210100,2019
MA,21009,Itapecuru Mirim,210173,2019
MA,21009,Itapecuru Mirim,210270,2019
MA,21009,Itapecuru Mirim,210540,2019
MA,21009,Itapecuru Mirim,210663,2019
MA,21009,Itapecuru Mirim,210675,2019
MA,21009,Itapecuru Mirim,210720,2019
MA,21009,Itapecuru Mirim,210880,2019
MA,21009,Itapecuru Mirim,210930,2019
MA,21009,Itapecuru Mirim,211040,2019
MA,21009,Itapecuru Mirim,211260,2019
MA,21009,Itapecuru Mirim,211270,2019
MA,21009,Itapecuru Mirim,211290,2019
MA,21010,Pedreiras,210193,2019
MA,21010,Pedreiras,210400,2019
MA,21010,Pedreiras,210520,2019
MA,21010,Pedreiras,210570,2019
MA,21010,Pedreiras,210580,2019
MA,21010,Pedreiras,210594,2019
MA,21010,Pedreiras,210596,2019
MA,21010,Pedreiras,210600,2019
MA,21010,Pedreiras,210820,2019
MA,21010,Pedreiras,210890,2019
MA,21010,Pedreiras,211163,2019
MA,21010,Pedreiras,211167,2019
MA,21010,Pedreiras,211223,2019
MA,21011,Pinheiro,210083,2019
MA,21011,Pinheiro,210130,2019
MA,21011,Pinheiro,210190,2019
MA,21011,Pinheiro,210310,2019
MA,21011,Pinheiro,210312,2019
MA,21011,Pinheiro,210370,2019
MA,21011,Pinheiro,210490,2019
MA,21011,Pinheiro,210680,2019
MA,21011,Pinheiro,210825,2019
MA,21011,Pinheiro,210840,2019
MA,21011,Pinheiro,210860,2019
MA,21011,Pinheiro,210905,2019
MA,21011,Pinheiro,210927,2019
MA,21011,Pinheiro,210980,2019
MA,21011,Pinheiro,211178,2019
MA,21011,Pinheiro,211240,2019
MA,21011,Pinheiro,211245,2019
MA,21012,Presidente Dutra,210275,2019
MA,21012,Presidente Dutra,210380,2019
MA,21012,Presidente Dutra,210420,2019
MA,21012,Presidente Dutra,210440,2019
MA,21012,Presidente Dutra,210450,2019
MA,21012,Presidente Dutra,210460,2019
MA,21012,Presidente Dutra,210462,2019
MA,21012,Presidente Dutra,210470,2019
MA,21012,Presidente Dutra,210560,2019
MA,21012,Presidente Dutra,210910,2019
MA,21012,Presidente Dutra,210975,2019
MA,21012,Presidente Dutra,211030,2019
MA,21012,Presidente Dutra,211070,2019
MA,21012,Presidente Dutra,211125,2019
MA,21012,Presidente Dutra,211174,2019
MA,21012,Presidente Dutra,211230,2019
MA,21013,Rosário,210110,2019
MA,21013,Rosário,210125,2019
MA,21013,Rosário,210170,2019
MA,21013,Rosário,210237,2019
MA,21013,Rosário,210500,2019
MA,21013,Rosário,210510,2019
MA,21013,Rosário,210710,2019
MA,21013,Rosário,210920,2019
MA,21013,Rosário,210940,2019
MA,21013,Rosário,210960,2019
MA,21013,Rosário,211020,2019
MA,21013,Rosário,211027,2019
MA,21014,Santa Inês,210047,2019
MA,21014,Santa Inês,210177,2019
MA,21014,Santa Inês,210200,2019
MA,21014,Santa Inês,210465,2019
MA,21014,Santa Inês,210515,2019
MA,21014,Santa Inês,210690,2019
MA,21014,Santa Inês,210850,2019
MA,21014,Santa Inês,210870,2019
MA,21014,Santa Inês,210990,2019
MA,21014,Santa Inês,211000,2019
MA,21014,Santa Inês,211102,2019
MA,21014,Santa Inês,211172,2019
MA,21014,Santa Inês,211227,2019
MA,21015,São João dos Patos,210150,2019
MA,21015,São João dos Patos,210180,2019
MA,21015,São João dos Patos,210230,2019
MA,21015,São João dos Patos,210350,2019
MA,21015,São João dos Patos,210545,2019
MA,21015,São João dos Patos,210592,2019
MA,21015,São João dos Patos,210670,2019
MA,21015,São João dos Patos,210730,2019
MA,21015,São João dos Patos,210770,2019
MA,21015,São João dos Patos,210790,2019
MA,21015,São João dos Patos,210800,2019
MA,21015,São João dos Patos,211065,2019
MA,21015,São João dos Patos,211110,2019
MA,21015,São João dos Patos,211190,2019
MA,21015,São João dos Patos,211195,2019
MA,21016,São Luís,210020,2019
MA,21016,São Luís,210750,2019
MA,21016,São Luís,210945,2019
MA,21016,São Luís,211120,2019
MA,21016,São Luís,211130,2019
MA,21017,Timon,210660,2019
MA,21017,Timon,210780,2019
MA,21017,Timon,211090,2019
MA,21017,Timon,211220,2019
MA,21018,Viana,210135,2019
MA,21018,Viana,210240,2019
MA,21018,Viana,210250,2019
MA,21018,Viana,210650,2019
MA,21018,Viana,210745,2019
MA,21018,Viana,210760,2019
MA,21018,Viana,210830,2019
MA,21018,Viana,211050,2019
MA,21018,Viana,211100,2019
MA,21018,Viana,211170,2019
MA,21018,Viana,211280,2019
MA,21019,Zé Doca,210055,2019
MA,21019,Zé Doca,210087,2019
MA,21019,Zé Doca,210197,2019
MA,21019,Zé Doca,210260,2019
MA,21019,Zé Doca,210290,2019
MA,21019,Zé Doca,210315,2019
MA,21019,Zé Doca,210317,2019
MA,21019,Zé Doca,210430,2019
MA,21019,Zé Doca,210467,2019
MA,21019,Zé Doca,210565,2019
MA,21019,Zé Doca,210620,2019
MA,21019,Zé Doca,210632,2019
MA,21019,Zé Doca,210637,2019
MA,21019,Zé Doca,210735,2019
MA,21019,Zé Doca,210923,2019
MA,21019,Zé Doca,211003,2019
MA,21019,Zé Doca,211400,2019
PI,22001,Carnaubais,220105,2019
PI,22001,Carnaubais,220177,2019
PI,22001,Carnaubais,220194,2019
PI,22001,Carnaubais,220202,2019
PI,22001,Carnaubais,220205,2019
PI,22001,Carnaubais,220220,2019
PI,22001,Carnaubais,220260,2019
PI,22001,Carnaubais,220271,2019
PI,22001,Carnaubais,220527,2019
PI,22001,Carnaubais,220551,2019
PI,22001,Carnaubais,220675,2019
PI,22001,Carnaubais,220695,2019
PI,22001,Carnaubais,220990,2019
PI,22001,Carnaubais,221040,2019
PI,22001,Carnaubais,221065,2019
PI,22002,Chapada das Mangabeiras,220045,2019
PI,22002,Chapada das Mangabeiras,220110,2019
PI,22002,Chapada das Mangabeiras,220130,2019
PI,22002,Chapada das Mangabeiras,220190,2019
PI,22002,Chapada das Mangabeiras,220275,2019
PI,22002,Chapada das Mangabeiras,220290,2019
PI,22002,Chapada das Mangabeiras,220300,2019
PI,22002,Chapada das Mangabeiras,220310,2019
PI,22002,Chapada das Mangabeiras,220320,2019
PI,22002,Chapada das Mangabeiras,220323,2019
PI,22002,Chapada das Mangabeiras,220360,2019
PI,22002,Chapada das Mangabeiras,220440,2019
PI,22002,Chapada das Mangabeiras,220552,2019
PI,22002,Chapada das Mangabeiras,220660,2019
PI,22002,Chapada das Mangabeiras,220665,2019
PI,22002,Chapada das Mangabeiras,220740,2019
PI,22002,Chapada das Mangabeiras,220760,2019
PI,22002,Chapada das Mangabeiras,220870,2019
PI,22002,Chapada das Mangabeiras,220885,2019
PI,22002,Chapada das Mangabeiras,220920,2019
PI,22002,Chapada das Mangabeiras,220930,2019
PI,22002,Chapada das Mangabeiras,220975,2019
PI,22002,Chapada das Mangabeiras,221062,2019
PI,22003,Cocais,220120,2019
PI,22003,Cocais,220150,2019
PI,22003,Cocais,220196,2019
PI,22003,Cocais,220217,2019
PI,22003,Cocais,220240,2019
PI,22003,Cocais,220342,2019
PI,22003,Cocais,220370,2019
PI,22003,Cocais,220540,2019
PI,22003,Cocais,220545,2019
PI,22003,Cocais,220557,2019
PI,22003,Cocais,220580,2019
PI,22003,Cocais,220585,2019
PI,22003,Cocais,220610,2019
PI,22003,Cocais,220635,2019
PI,22003,Cocais,220667,2019
PI,22003,Cocais,220680,2019
PI,22003,Cocais,220790,2019
PI,22003,Cocais,220830,2019
PI,22003,Cocais,220840,2019
PI,22003,Cocais,220850,2019
PI,22003,Cocais,220987,2019
PI,22003,Cocais,220997,2019
PI,22003,Cocais,221005,2019
PI,22004,Entre Rios,220010,2019
PI,22004,Entre Rios,220020,2019
PI,22004,Entre Rios,220030,2019
PI,22004,Entre Rios,220040,2019
PI,22004,Entre Rios,220050,2019
PI,22004,Entre Rios,220060,2019
PI,22004,Entre Rios,220140,2019
PI,22004,Entre Rios,220160,2019
PI,22004,Entre Rios,220273,2019
PI,22004,Entre Rios,220325,2019
PI,22004,Entre Rios,220330,2019
PI,22004,Entre Rios,220460,2019
PI,22004,Entre Rios,220525,2019
PI,22004,Entre Rios,220550,2019
PI,22004,Entre Rios,220554,2019
PI,22004,Entre Rios,220555,2019
PI,22004,Entre Rios,220558,2019
PI,22004,Entre Rios,220620,2019
PI,22004,Entre Rios,220630,2019
PI,22004,Entre Rios,220640,2019
PI,22004,Entre Rios,220672,2019
PI,22004,Entre Rios,220710,2019
PI,22004,Entre Rios,220750,2019
PI,22004,Entre Rios,220775,2019
PI,22004,Entre Rios,220779,2019
PI,22004,Entre Rios,220880,2019
PI,22004,Entre Rios,220945,2019
PI,22004,Entre Rios,220980,2019
PI,22004,Entre Rios,221050,2019
PI,22004,Entre Rios,221100,2019
PI,22004,Entre Rios,221110,2019
PI,22005,Planície Litorânea,220191,2019
PI,22005,Planície Litorânea,220200,2019
PI,22005,Planície Litorânea,220208,2019
PI,22005,Planície Litorânea,220253,2019
PI,22005,Planície Litorânea,220265,2019
PI,22005,Planície Litorânea,220270,2019
PI,22005,Planície Litorânea,220272,2019
PI,22005,Planície Litorânea,220465,2019
PI,22005,Planície Litorânea,220570,2019
PI,22005,Planície Litorânea,220669,2019
PI,22005,Planície Litorânea,220770,2019
PI,22006,Serra da Capivara,220070,2019
PI,22006,Serra da Capivara,220192,2019
PI,22006,Serra da Capivara,220211,2019
PI,22006,Serra da Capivara,220245,2019
PI,22006,Serra da Capivara,220250,2019
PI,22006,Serra da Capivara,220285,2019
PI,22006,Serra da Capivara,220335,2019
PI,22006,Serra da Capivara,220345,2019
PI,22006,Serra da Capivara,220375,2019
PI,22006,Serra da Capivara,220455,2019
PI,22006,Serra da Capivara,220535,2019
PI,22006,Serra da Capivara,220553,2019
PI,22006,Serra da Capivara,220556,2019
PI,22006,Serra da Capivara,220955,2019
PI,22006,Serra da Capivara,221000,2019
PI,22006,Serra da Capivara,221035,2019
PI,22006,Serra da Capivara,221060,2019
PI,22006,Serra da Capivara,221135,2019
PI,22007,Tabuleiros do Alto Parnaíba,220080,2019
PI,22007,Tabuleiros do Alto Parnaíba,220115,2019
PI,22007,Tabuleiros do Alto Parnaíba,220890,2019
PI,22007,Tabuleiros do Alto Parnaíba,221063,2019
PI,22007,Tabuleiros do Alto Parnaíba,221120,2019
PI,22008,Vale do Canindé,220155,2019
PI,22008,Vale do Canindé,220207,2019
PI,22008,Vale do Canindé,220210,2019
PI,22008,Vale do Canindé,220277,2019
PI,22008,Vale do Canindé,220280,2019
PI,22008,Vale do Canindé,220385,2019
PI,22008,Vale do Canindé,220490,2019
PI,22008,Vale do Canindé,220700,2019
PI,22008,Vale do Canindé,220937,2019
PI,22008,Vale do Canindé,220950,2019
PI,22008,Vale do Canindé,220965,2019
PI,22008,Vale do Canindé,220995,2019
PI,22008,Vale do Canindé,221080,2019
PI,22008,Vale do Canindé,221097,2019
PI,22009,Vale do Rio Guaribas,220005,2019
PI,22009,Vale do Rio Guaribas,220025,2019
PI,22009,Vale do Rio Guaribas,220027,2019
PI,22009,Vale do Rio Guaribas,220095,2019
PI,22009,Vale do Rio Guaribas,220157,2019
PI,22009,Vale do Rio Guaribas,220173,2019
PI,22009,Vale do Rio Guaribas,220180,2019
PI,22009,Vale do Rio Guaribas,220209,2019
PI,22009,Vale do Rio Guaribas,220213,2019
PI,22009,Vale do Rio Guaribas,220255,2019
PI,22009,Vale do Rio Guaribas,220327,2019
PI,22009,Vale do Rio Guaribas,220340,2019
PI,22009,Vale do Rio Guaribas,220415,2019
PI,22009,Vale do Rio Guaribas,220420,2019
PI,22009,Vale do Rio Guaribas,220430,2019
PI,22009,Vale do Rio Guaribas,220435,2019
PI,22009,Vale do Rio Guaribas,220480,2019
PI,22009,Vale do Rio Guaribas,220500,2019
PI,22009,Vale do Rio Guaribas,220515,2019
PI,22009,Vale do Rio Guaribas,220520,2019
PI,22009,Vale do Rio Guaribas,220595,2019
PI,22009,Vale do Rio Guaribas,220605,2019
PI,22009,Vale do Rio Guaribas,220650,2019
PI,22009,Vale do Rio Guaribas,220720,2019
PI,22009,Vale do Rio Guaribas,220755,2019
PI,22009,Vale do Rio Guaribas,220777,2019
PI,22009,Vale do Rio Guaribas,220780,2019
PI,22009,Vale do Rio Guaribas,220800,2019
PI,22009,Vale do Rio Guaribas,220820,2019
PI,22009,Vale do Rio Guaribas,220865,2019
PI,22009,Vale do Rio Guaribas,220910,2019
PI,22009,Vale do Rio Guaribas,220935,2019
PI,22009,Vale do Rio Guaribas,220940,2019
PI,22009,Vale do Rio Guaribas,220985,2019
PI,22009,Vale do Rio Guaribas,221020,2019
PI,22009,Vale do Rio Guaribas,221030,2019
PI,22009,Vale do Rio Guaribas,221037,2019
PI,22009,Vale do Rio Guaribas,221070,2019
PI,22009,Vale do Rio Guaribas,221093,2019
PI,22009,Vale do Rio Guaribas,221150,2019
PI,22009,Vale do Rio Guaribas,221160,2019
PI,22009,Vale do Rio Guaribas,221170,2019
PI,22010,Vale do Sambito,220090,2019
PI,22010,Vale do Sambito,220117,2019
PI,22010,Vale do Sambito,220350,2019
PI,22010,Vale do Sambito,220400,2019
PI,22010,Vale do Sambito,220470,2019
PI,22010,Vale do Sambito,220559,2019
PI,22010,Vale do Sambito,220690,2019
PI,22010,Vale do Sambito,220810,2019
PI,22010,Vale do Sambito,220860,2019
PI,22010,Vale do Sambito,220915,2019
PI,22010,Vale do Sambito,220960,2019
PI,22010,Vale do Sambito,221038,2019
PI,22010,Vale do Sambito,221130,2019
PI,22010,Vale do Sambito,221140,2019
PI,22011,Vale dos Rios Piauí e Itaueiras,220100,2019
PI,22011,Vale dos Rios Piauí e Itaueiras,220170,2019
PI,22011,Vale dos Rios Piauí e Itaueiras,220198,2019
PI,22011,Vale dos Rios Piauí e Itaueiras,220225,2019
PI,22011,Vale dos Rios Piauí e Itaueiras,220230,2019
PI,22011,Vale dos Rios Piauí e Itaueiras,220380,2019
PI,22011,Vale dos Rios Piauí e Itaueiras,220390,2019
PI,22011,Vale dos Rios Piauí e Itaueiras,220410,2019
PI,22011,Vale dos Rios Piauí e Itaueiras,220450,2019
PI,22011,Vale dos Rios Piauí e Itaueiras,220510,2019
PI,22011,Vale dos Rios Piauí e Itaueiras,220530,2019
PI,22011,Vale dos Rios Piauí e Itaueiras,220560,2019
PI,22011,Vale dos Rios Piauí e Itaueiras,220590,2019
PI,22011,Vale dos Rios Piauí e Itaueiras,220600,2019
PI,22011,Vale dos Rios Piauí e Itaueiras,220670,2019
PI,22011,Vale dos Rios Piauí e Itaueiras,220730,2019
PI,22011,Vale dos Rios Piauí e Itaueiras,220735,2019
PI,22011,Vale dos Rios Piauí e Itaueiras,220785,2019
PI,22011,Vale dos Rios Piauí e Itaueiras,220793,2019
PI,22011,Vale dos Rios Piauí e Itaueiras,220795,2019
PI,22011,Vale dos Rios Piauí e Itaueiras,220855,2019
PI,22011,Vale dos Rios Piauí e Itaueiras,220887,2019
PI,22011,Vale dos Rios Piauí e Itaueiras,220900,2019
PI,22011,Vale dos Rios Piauí e Itaueiras,220970,2019
PI,22011,Vale dos Rios Piauí e Itaueiras,221010,2019
PI,22011,Vale dos Rios Piauí e Itaueiras,221039,2019
PI,22011,Vale dos Rios Piauí e Itaueiras,221090,2019
PI,22011,Vale dos Rios Piauí e Itaueiras,221095,2019
CE,23001,1ª Região Fortaleza,230100,2019
CE,23001,1ª Região Fortaleza,230428,2019
CE,23001,1ª Região Fortaleza,230440,2019
CE,23001,1ª Região Fortaleza,230625,2019
CE,23002,2ª Região Caucaia,230090,2019
CE,23002,2ª Região Caucaia,230370,2019
CE,23002,2ª Região Caucaia,230460,2019
CE,23002,2ª Região Caucaia,230630,2019
CE,23002,2ª Região Caucaia,231020,2019
CE,23002,2ª Região Caucaia,231025,2019
CE,23002,2ª Região Caucaia,231070,2019
CE,23002,2ª Região Caucaia,231240,2019
CE,23002,2ª Região Caucaia,231260,2019
CE,23002,2ª Região Caucaia,231335,2019
CE,23003,3ª Região Maracanaú,230015,2019
CE,23003,3ª Região Maracanaú,230195,2019
CE,23003,3ª Região Maracanaú,230495,2019
CE,23003,3ª Região Maracanaú,230765,2019
CE,23003,3ª Região Maracanaú,230770,2019
CE,23003,3ª Região Maracanaú,230970,2019
CE,23003,3ª Região Maracanaú,231010,2019
CE,23003,3ª Região Maracanaú,231160,2019
CE,23004,4ª Região Baturité,230120,2019
CE,23004,4ª Região Baturité,230140,2019
CE,23004,4ª Região Baturité,230210,2019
CE,23004,4ª Região Baturité,230290,2019
CE,23004,4ª Região Baturité,230510,2019
CE,23004,4ª Região Baturité,230650,2019
CE,23004,4ª Região Baturité,230910,2019
CE,23004,4ª Região Baturité,230980,2019
CE,23005,5ª Região Canindé,230240,2019
CE,23005,5ª Região Canindé,230280,2019
CE,23005,5ª Região Canindé,230300,2019
CE,23005,5ª Região Canindé,230660,2019
CE,23005,5ª Região Canindé,230763,2019
CE,23005,5ª Região Canindé,231040,2019
CE,23006,6ª Região Itapipoca,230075,2019
CE,23006,6ª Região Itapipoca,230640,2019
CE,23006,6ª Região Itapipoca,230837,2019
CE,23006,6ª Região Itapipoca,231350,2019
CE,23006,6ª Região Itapipoca,231355,2019
CE,23006,6ª Região Itapipoca,231375,2019
CE,23006,6ª Região Itapipoca,231380,2019
CE,23007,7ª Região Aracati,230110,2019
CE,23007,7ª Região Aracati,230445,2019
CE,23007,7ª Região Aracati,230535,2019
CE,23007,7ª Região Aracati,230620,2019
CE,23008,8ª Região Quixadá,230185,2019
CE,23008,8ª Região Quixadá,230393,2019
CE,23008,8ª Região Quixadá,230526,2019
CE,23008,8ª Região Quixadá,230533,2019
CE,23008,8ª Região Quixadá,230835,2019
CE,23008,8ª Região Quixadá,231050,2019
CE,23008,8ª Região Quixadá,231130,2019
CE,23008,8ª Região Quixadá,231140,2019
CE,23008,8ª Região Quixadá,231270,2019
CE,23008,8ª Região Quixadá,231300,2019
CE,23009,9ª Região Russas,230670,2019
CE,23009,9ª Região Russas,230700,2019
CE,23009,9ª Região Russas,230870,2019
CE,23009,9ª Região Russas,231000,2019
CE,23009,9ª Região Russas,231180,2019
CE,23010,10ª Região Limoeiro do Norte,230070,2019
CE,23010,10ª Região Limoeiro do Norte,230427,2019
CE,23010,10ª Região Limoeiro do Norte,230600,2019
CE,23010,10ª Região Limoeiro do Norte,230680,2019
CE,23010,10ª Região Limoeiro do Norte,230690,2019
CE,23010,10ª Região Limoeiro do Norte,230760,2019
CE,23010,10ª Região Limoeiro do Norte,231080,2019
CE,23010,10ª Região Limoeiro do Norte,231123,2019
CE,23010,10ª Região Limoeiro do Norte,231150,2019
CE,23010,10ª Região Limoeiro do Norte,231250,2019
CE,23010,10ª Região Limoeiro do Norte,231310,2019
CE,23011,11ª Região Sobral,230050,2019
CE,23011,11ª Região Sobral,230310,2019
CE,23011,11ª Região Sobral,230365,2019
CE,23011,11ª Região Sobral,230400,2019
CE,23011,11ª Região Sobral,230435,2019
CE,23011,11ª Região Sobral,230450,2019
CE,23011,11ª Região Sobral,230465,2019
CE,23011,11ª Região Sobral,230490,2019
CE,23011,11ª Região Sobral,230520,2019
CE,23011,11ª Região Sobral,230580,2019
CE,23011,11ª Região Sobral,230610,2019
CE,23011,11ª Região Sobral,230800,2019
CE,23011,11ª Região Sobral,230820,2019
CE,23011,11ª Região Sobral,230880,2019
CE,23011,11ª Região Sobral,230900,2019
CE,23011,11ª Região Sobral,230990,2019
CE,23011,11ª Região Sobral,231095,2019
CE,23011,11ª Região Sobral,231170,2019
CE,23011,11ª Região Sobral,231200,2019
CE,23011,11ª Região Sobral,231220,2019
CE,23011,11ª Região Sobral,231280,2019
CE,23011,11ª Região Sobral,231290,2019
CE,23011,11ª Região Sobral,231390,2019
CE,23011,11ª Região Sobral,231395,2019
CE,23012,12ª Região Acaraú,230020,2019
CE,23012,12ª Região Acaraú,230230,2019
CE,23012,12ª Região Acaraú,230425,2019
CE,23012,12ª Região Acaraú,230655,2019
CE,23012,12ª Região Acaraú,230725,2019
CE,23012,12ª Região Acaraú,230780,2019
CE,23012,12ª Região Acaraú,230890,2019
CE,23013,13ª Região Tianguá,230340,2019
CE,23013,13ª Região Tianguá,230423,2019
CE,23013,13ª Região Tianguá,230500,2019
CE,23013,13ª Região Tianguá,230530,2019
CE,23013,13ª Região Tianguá,231230,2019
CE,23013,13ª Região Tianguá,231340,2019
CE,23013,13ª Região Tianguá,231360,2019
CE,23013,13ª Região Tianguá,231410,2019
CE,23014,14ª Região Tauá,230040,2019
CE,23014,14ª Região Tauá,230150,2019
CE,23014,14ª Região Tauá,231030,2019
CE,23014,14ª Região Tauá,231330,2019
CE,23015,15ª Região Crateús,230125,2019
CE,23015,15ª Região Crateús,230410,2019
CE,23015,15ª Região Crateús,230560,2019
CE,23015,15ª Região Crateús,230565,2019
CE,23015,15ª Região Crateús,230590,2019
CE,23015,15ª Região Crateús,230860,2019
CE,23015,15ª Região Crateús,230930,2019
CE,23015,15ª Região Crateús,230940,2019
CE,23015,15ª Região Crateús,231100,2019
CE,23015,15ª Região Crateús,231126,2019
CE,23015,15ª Região Crateús,231320,2019
CE,23016,16ª Região Camocim,230205,2019
CE,23016,16ª Região Camocim,230260,2019
CE,23016,16ª Região Camocim,230390,2019
CE,23016,16ª Região Camocim,230470,2019
CE,23016,16ª Região Camocim,230790,2019
CE,23017,17ª Região Icó,230180,2019
CE,23017,17ª Região Icó,230380,2019
CE,23017,17ª Região Icó,230540,2019
CE,23017,17ª Região Icó,230570,2019
CE,23017,17ª Região Icó,230750,2019
CE,23017,17ª Região Icó,230950,2019
CE,23017,17ª Região Icó,231370,2019
CE,23018,18ª Região Iguatú,230030,2019
CE,23018,18ª Região Iguatú,230330,2019
CE,23018,18ª Região Iguatú,230360,2019
CE,23018,18ª Região Iguatú,230426,2019
CE,23018,18ª Região Iguatú,230550,2019
CE,23018,18ª Região Iguatú,230740,2019
CE,23018,18ª Região Iguatú,230850,2019
CE,23018,18ª Região Iguatú,231090,2019
CE,23018,18ª Região Iguatú,231135,2019
CE,23018,18ª Região Iguatú,231190,2019
CE,23019,19ª Região Brejo Santo,230010,2019
CE,23019,19ª Região Brejo Santo,230170,2019
CE,23019,19ª Região Brejo Santo,230200,2019
CE,23019,19ª Região Brejo Santo,230250,2019
CE,23019,19ª Região Brejo Santo,230720,2019
CE,23019,19ª Região Brejo Santo,230810,2019
CE,23019,19ª Região Brejo Santo,230830,2019
CE,23019,19ª Região Brejo Santo,231060,2019
CE,23019,19ª Região Brejo Santo,231110,2019
CE,23020,20ª Região Crato,230060,2019
CE,23020,20ª Região Crato,230080,2019
CE,23020,20ª Região Crato,230130,2019
CE,23020,20ª Região Crato,230160,2019
CE,23020,20ª Região Crato,230270,2019
CE,23020,20ª Região Crato,230420,2019
CE,23020,20ª Região Crato,230430,2019
CE,23020,20ª Região Crato,230920,2019
CE,23020,20ª Região Crato,231120,2019
CE,23020,20ª Região Crato,231195,2019
CE,23020,20ª Região Crato,231210,2019
CE,23020,20ª Região Crato,231325,2019
CE,23020,20ª Região Crato,231400,2019
CE,23021,21ª Região Juazeiro do Norte,230190,2019
CE,23021,21ª Região Juazeiro do Norte,230320,2019
CE,23021,21ª Região Juazeiro do Norte,230480,2019
CE,23021,21ª Região Juazeiro do Norte,230710,2019
CE,23021,21ª Região Juazeiro do Norte,230730,2019
CE,23021,21ª Região Juazeiro do Norte,230840,2019
CE,23022,22ª Região Cascavel,230220,2019
CE,23022,22ª Região Cascavel,230350,2019
CE,23022,22ª Região Cascavel,230395,2019
CE,23022,22ª Região Cascavel,230523,2019
CE,23022,22ª Região Cascavel,230945,2019
CE,23022,22ª Região Cascavel,230960,2019
CE,23022,22ª Região Cascavel,231085,2019
RN,24001,1ª Região de Saúde - São José de Mipibu,240120,2019
RN,24001,1ª Região de Saúde - São José de Mipibu,240140,2019
RN,24001,1ª Região de Saúde - São José de Mipibu,240180,2019
RN,24001,1ª Região de Saúde - São José de Mipibu,240220,2019
RN,24001,1ª Região de Saúde - São José de Mipibu,240350,2019
RN,24001,1ª Região de Saúde - São José de Mipibu,240420,2019
RN,24001,1ª Região de Saúde - São José de Mipibu,240615,2019
RN,24001,1ª Região de Saúde - São José de Mipibu,240620,2019
RN,24001,1ª Região de Saúde - São José de Mipibu,240630,2019
RN,24001,1ª Região de Saúde - São José de Mipibu,240660,2019
RN,24001,1ª Região de Saúde - São José de Mipibu,240770,2019
RN,24001,1ª Região de Saúde - São José de Mipibu,240780,2019
RN,24001,1ª Região de Saúde - São José de Mipibu,240790,2019
RN,24001,1ª Região de Saúde - São José de Mipibu,240820,2019
RN,24001,1ª Região de Saúde - São José de Mipibu,240830,2019
RN,24001,1ª Região de Saúde - São José de Mipibu,240910,2019
RN,24001,1ª Região de Saúde - São José de Mipibu,240920,2019
RN,24001,1ª Região de Saúde - São José de Mipibu,240980,2019
RN,24001,1ª Região de Saúde - São José de Mipibu,241150,2019
RN,24001,1ª Região de Saúde - São José de Mipibu,241220,2019
RN,24001,1ª Região de Saúde - São José de Mipibu,241320,2019
RN,24001,1ª Região de Saúde - São José de Mipibu,241330,2019
RN,24001,1ª Região de Saúde - São José de Mipibu,241350,2019
RN,24001,1ª Região de Saúde - São José de Mipibu,241420,2019
RN,24001,1ª Região de Saúde - São José de Mipibu,241470,2019
RN,24001,1ª Região de Saúde - São José de Mipibu,241480,2019
RN,24001,1ª Região de Saúde - São José de Mipibu,241500,2019
RN,24002,2ª Região de Saúde - Mossoró,240100,2019
RN,24002,2ª Região de Saúde - Mossoró,240110,2019
RN,24002,2ª Região de Saúde - Mossoró,240130,2019
RN,24002,2ª Região de Saúde - Mossoró,240145,2019
RN,24002,2ª Região de Saúde - Mossoró,240230,2019
RN,24002,2ª Região de Saúde - Mossoró,240370,2019
RN,24002,2ª Região de Saúde - Mossoró,240430,2019
RN,24002,2ª Região de Saúde - Mossoró,240440,2019
RN,24002,2ª Região de Saúde - Mossoró,240520,2019
RN,24002,2ª Região de Saúde - Mossoró,240760,2019
RN,24002,2ª Região de Saúde - Mossoró,240800,2019
RN,24002,2ª Região de Saúde - Mossoró,241105,2019
RN,24002,2ª Região de Saúde - Mossoró,241335,2019
RN,24002,2ª Região de Saúde - Mossoró,241460,2019
RN,24003,3ª Região de Saúde - João Câmara,240030,2019
RN,24003,3ª Região de Saúde - João Câmara,240160,2019
RN,24003,3ª Região de Saúde - João Câmara,240185,2019
RN,24003,3ª Região de Saúde - João Câmara,240190,2019
RN,24003,3ª Região de Saúde - João Câmara,240260,2019
RN,24003,3ª Região de Saúde - João Câmara,240410,2019
RN,24003,3ª Região de Saúde - João Câmara,240450,2019
RN,24003,3ª Região de Saúde - João Câmara,240460,2019
RN,24003,3ª Região de Saúde - João Câmara,240510,2019
RN,24003,3ª Região de Saúde - João Câmara,240550,2019
RN,24003,3ª Região de Saúde - João Câmara,240580,2019
RN,24003,3ª Região de Saúde - João Câmara,240670,2019
RN,24003,3ª Região de Saúde - João Câmara,240720,2019
RN,24003,3ª Região de Saúde - João Câmara,240750,2019
RN,24003,3ª Região de Saúde - João Câmara,240880,2019
RN,24003,3ª Região de Saúde - João Câmara,240895,2019
RN,24003,3ª Região de Saúde - João Câmara,240950,2019
RN,24003,3ª Região de Saúde - João Câmara,240960,2019
RN,24003,3ª Região de Saúde - João Câmara,240970,2019
RN,24003,3ª Região de Saúde - João Câmara,241010,2019
RN,24003,3ª Região de Saúde - João Câmara,241040,2019
RN,24003,3ª Região de Saúde - João Câmara,241090,2019
RN,24003,3ª Região de Saúde - João Câmara,241160,2019
RN,24003,3ª Região de Saúde - João Câmara,241255,2019
RN,24003,3ª Região de Saúde - João Câmara,241390,2019
RN,24003,3ª Região de Saúde - João Câmara,241440,2019
RN,24004,4ª Região de Saúde - Caicó,240010,2019
RN,24004,4ª Região de Saúde - Caicó,240165,2019
RN,24004,4ª Região de Saúde - Caicó,240200,2019
RN,24004,4ª Região de Saúde - Caicó,240240,2019
RN,24004,4ª Região de Saúde - Caicó,240270,2019
RN,24004,4ª Região de Saúde - Caicó,240300,2019
RN,24004,4ª Região de Saúde - Caicó,240310,2019
RN,24004,4ª Região de Saúde - Caicó,240340,2019
RN,24004,4ª Região de Saúde - Caicó,240380,2019
RN,24004,4ª Região de Saúde - Caicó,240480,2019
RN,24004,4ª Região de Saúde - Caicó,240560,2019
RN,24004,4ª Região de Saúde - Caicó,240570,2019
RN,24004,4ª Região de Saúde - Caicó,240610,2019
RN,24004,4ª Região de Saúde - Caicó,240650,2019
RN,24004,4ª Região de Saúde - Caicó,240850,2019
RN,24004,4ª Região de Saúde - Caicó,240890,2019
RN,24004,4ª Região de Saúde - Caicó,241140,2019
RN,24004,4ª Região de Saúde - Caicó,241142,2019
RN,24004,4ª Região de Saúde - Caicó,241180,2019
RN,24004,4ª Região de Saúde - Caicó,241210,2019
RN,24004,4ª Região de Saúde - Caicó,241240,2019
RN,24004,4ª Região de Saúde - Caicó,241300,2019
RN,24004,4ª Região de Saúde - Caicó,241340,2019
RN,24004,4ª Região de Saúde - Caicó,241415,2019
RN,24004,4ª Região de Saúde - Caicó,241430,2019
RN,24005,5ª Região de Saúde - Santa Cruz,240150,2019
RN,24005,5ª Região de Saúde - Santa Cruz,240170,2019
RN,24005,5ª Região de Saúde - Santa Cruz,240210,2019
RN,24005,5ª Região de Saúde - Santa Cruz,240280,2019
RN,24005,5ª Região de Saúde - Santa Cruz,240500,2019
RN,24005,5ª Região de Saúde - Santa Cruz,240530,2019
RN,24005,5ª Região de Saúde - Santa Cruz,240540,2019
RN,24005,5ª Região de Saúde - Santa Cruz,240640,2019
RN,24005,5ª Região de Saúde - Santa Cruz,240680,2019
RN,24005,5ª Região de Saúde - Santa Cruz,240933,2019
RN,24005,5ª Região de Saúde - Santa Cruz,241030,2019
RN,24005,5ª Região de Saúde - Santa Cruz,241110,2019
RN,24005,5ª Região de Saúde - Santa Cruz,241120,2019
RN,24005,5ª Região de Saúde - Santa Cruz,241170,2019
RN,24005,5ª Região de Saúde - Santa Cruz,241230,2019
RN,24005,5ª Região de Saúde - Santa Cruz,241260,2019
RN,24005,5ª Região de Saúde - Santa Cruz,241270,2019
RN,24005,5ª Região de Saúde - Santa Cruz,241290,2019
RN,24005,5ª Região de Saúde - Santa Cruz,241310,2019
RN,24005,5ª Região de Saúde - Santa Cruz,241370,2019
RN,24005,5ª Região de Saúde - Santa Cruz,241400,2019
RN,24006,6ª Região de Saúde - Pau dos Ferros,240040,2019
RN,24006,6ª Região de Saúde - Pau dos Ferros,240050,2019
RN,24006,6ª Região de Saúde - Pau dos Ferros,240060,2019
RN,24006,6ª Região de Saúde - Pau dos Ferros,240090,2019
RN,24006,6ª Região de Saúde - Pau dos Ferros,240290,2019
RN,24006,6ª Região de Saúde - Pau dos Ferros,240320,2019
RN,24006,6ª Região de Saúde - Pau dos Ferros,240330,2019
RN,24006,6ª Região de Saúde - Pau dos Ferros,240390,2019
RN,24006,6ª Região de Saúde - Pau dos Ferros,240400,2019
RN,24006,6ª Região de Saúde - Pau dos Ferros,240490,2019
RN,24006,6ª Região de Saúde - Pau dos Ferros,240590,2019
RN,24006,6ª Região de Saúde - Pau dos Ferros,240600,2019
RN,24006,6ª Região de Saúde - Pau dos Ferros,240690,2019
RN,24006,6ª Região de Saúde - Pau dos Ferros,240700,2019
RN,24006,6ª Região de Saúde - Pau dos Ferros,240725,2019
RN,24006,6ª Região de Saúde - Pau dos Ferros,240730,2019
RN,24006,6ª Região de Saúde - Pau dos Ferros,240740,2019
RN,24006,6ª Região de Saúde - Pau dos Ferros,240840,2019
RN,24006,6ª Região de Saúde - Pau dos Ferros,240860,2019
RN,24006,6ª Região de Saúde - Pau dos Ferros,240930,2019
RN,24006,6ª Região de Saúde - Pau dos Ferros,240940,2019
RN,24006,6ª Região de Saúde - Pau dos Ferros,241000,2019
RN,24006,6ª Região de Saúde - Pau dos Ferros,241020,2019
RN,24006,6ª Região de Saúde - Pau dos Ferros,241050,2019
RN,24006,6ª Região de Saúde - Pau dos Ferros,241060,2019
RN,24006,6ª Região de Saúde - Pau dos Ferros,241070,2019
RN,24006,6ª Região de Saúde - Pau dos Ferros,241080,2019
RN,24006,6ª Região de Saúde - Pau dos Ferros,241100,2019
RN,24006,6ª Região de Saúde - Pau dos Ferros,241190,2019
RN,24006,6ª Região de Saúde - Pau dos Ferros,241250,2019
RN,24006,6ª Região de Saúde - Pau dos Ferros,241355,2019
RN,24006,6ª Região de Saúde - Pau dos Ferros,241360,2019
RN,24006,6ª Região de Saúde - Pau dos Ferros,241380,2019
RN,24006,6ª Região de Saúde - Pau dos Ferros,241410,2019
RN,24006,6ª Região de Saúde - Pau dos Ferros,241450,2019
RN,24006,6ª Região de Saúde - Pau dos Ferros,241475,2019
RN,24006,6ª Região de Saúde - Pau dos Ferros,241490,2019
RN,24007,7ª Região de Saúde - Metropolitana,240325,2019
RN,24007,7ª Região de Saúde - Metropolitana,240360,2019
RN,24007,7ª Região de Saúde - Metropolitana,240710,2019
RN,24007,7ª Região de Saúde - Metropolitana,240810,2019
RN,24007,7ª Região de Saúde - Metropolitana,241200,2019
RN,24008,8ª Região de Saúde - Açu,240020,2019
RN,24008,8ª Região de Saúde - Açu,240070,2019
RN,24008,8ª Região de Saúde - Açu,240080,2019
RN,24008,8ª Região de Saúde - Açu,240250,2019
RN,24008,8ª Região de Saúde - Açu,240375,2019
RN,24008,8ª Região de Saúde - Açu,240470,2019
RN,24008,8ª Região de Saúde - Açu,240485,2019
RN,24008,8ª Região de Saúde - Açu,240870,2019
RN,24008,8ª Região de Saúde - Açu,240990,2019
RN,24008,8ª Região de Saúde - Açu,241025,2019
RN,24008,8ª Região de Saúde - Açu,241280,2019
RN,24008,8ª Região de Saúde - Açu,241445,2019
PB,25001,1ª Região Mata Atlântica,250060,2019
PB,25001,1ª Região Mata Atlântica,250180,2019
PB,25001,1ª Região Mata Atlântica,250300,2019
PB,25001,1ª Região Mata Atlântica,250320,2019
PB,25001,1ª Região Mata Atlântica,250460,2019
PB,25001,1ª Região Mata Atlântica,250490,2019
PB,25001,1ª Região Mata Atlântica,250750,2019
PB,25001,1ª Região Mata Atlântica,250860,2019
PB,25001,1ª Região Mata Atlântica,250910,2019
PB,25001,1ª Região Mata Atlântica,251190,2019
PB,25001,1ª Região Mata Atlântica,251276,2019
PB,25001,1ª Região Mata Atlântica,251370,2019
PB,25001,1ª Região Mata Atlântica,251530,2019
PB,25001,1ª Região Mata Atlântica,251597,2019
PB,25002,2ª Região,250050,2019
PB,25002,2ª Região,250080,2019
PB,25002,2ª Região,250100,2019
PB,25002,2ª Região,250150,2019
PB,25002,2ª Região,250190,2019
PB,25002,2ª Região,250270,2019
PB,25002,2ª Região,250350,2019
PB,25002,2ª Região,250360,2019
PB,25002,2ª Região,250415,2019
PB,25002,2ª Região,250520,2019
PB,25002,2ª Região,250570,2019
PB,25002,2ª Região,250580,2019
PB,25002,2ª Região,250630,2019
PB,25002,2ª Região,250820,2019
PB,25002,2ª Região,250855,2019
PB,25002,2ª Região,250980,2019
PB,25002,2ª Região,251160,2019
PB,25002,2ª Região,251170,2019
PB,25002,2ª Região,251180,2019
PB,25002,2ª Região,251274,2019
PB,25002,2ª Região,251560,2019
PB,25002,2ª Região,251590,2019
PB,25002,2ª Região,251593,2019
PB,25002,2ª Região,251600,2019
PB,25002,2ª Região,251640,2019
PB,25003,3ª Região,250030,2019
PB,25003,3ª Região,250040,2019
PB,25003,3ª Região,250057,2019
PB,25003,3ª Região,250090,2019
PB,25003,3ª Região,250110,2019
PB,25003,3ª Região,250120,2019
PB,25003,3ª Região,250600,2019
PB,25003,3ª Região,250830,2019
PB,25003,3ª Região,250933,2019
PB,25003,3ª Região,250950,2019
PB,25003,3ª Região,251270,2019
PB,25003,3ª Região,251510,2019
PB,25004,4ª Região,250153,2019
PB,25004,4ª Região,250160,2019
PB,25004,4ª Região,250500,2019
PB,25004,4ª Região,250510,2019
PB,25004,4ª Região,250535,2019
PB,25004,4ª Região,250620,2019
PB,25004,4ª Região,251010,2019
PB,25004,4ª Região,251030,2019
PB,25004,4ª Região,251110,2019
PB,25004,4ª Região,251140,2019
PB,25004,4ª Região,251540,2019
PB,25004,4ª Região,251615,2019
PB,25005,5ª Região,250073,2019
PB,25005,5ª Região,250390,2019
PB,25005,5ª Região,250407,2019
PB,25005,5ª Região,250470,2019
PB,25005,5ª Região,250485,2019
PB,25005,5ª Região,250650,2019
PB,25005,5ª Região,250970,2019
PB,25005,5ª Região,251060,2019
PB,25005,5ª Região,251065,2019
PB,25005,5ª Região,251220,2019
PB,25005,5ª Região,251400,2019
PB,25005,5ª Região,251410,2019
PB,25005,5ª Região,251480,2019
PB,25005,5ª Região,251520,2019
PB,25005,5ª Região,251550,2019
PB,25005,5ª Região,251630,2019
PB,25005,5ª Região,251740,2019
PB,25006,6ª Região,250115,2019
PB,25006,6ª Região,250340,2019
PB,25006,6ª Região,250355,2019
PB,25006,6ª Região,250420,2019
PB,25006,6ª Região,250450,2019
PB,25006,6ª Região,250540,2019
PB,25006,6ª Região,250550,2019
PB,25006,6ª Região,250590,2019
PB,25006,6ª Região,250780,2019
PB,25006,6ª Região,250870,2019
PB,25006,6ª Região,250880,2019
PB,25006,6ª Região,250939,2019
PB,25006,6ª Região,251070,2019
PB,25006,6ª Região,251080,2019
PB,25006,6ª Região,251260,2019
PB,25006,6ª Região,251300,2019
PB,25006,6ª Região,251340,2019
PB,25006,6ª Região,251380,2019
PB,25006,6ª Região,251440,2019
PB,25006,6ª Região,251460,2019
PB,25006,6ª Região,251470,2019
PB,25006,6ª Região,251490,2019
PB,25006,6ª Região,251670,2019
PB,25006,6ª Região,251710,2019
PB,25007,7ª Região,250020,2019
PB,25007,7ª Região,250210,2019
PB,25007,7ª Região,250260,2019
PB,25007,7ª Região,250440,2019
PB,25007,7ª Região,250480,2019
PB,25007,7ª Região,250530,2019
PB,25007,7ª Região,250560,2019
PB,25007,7ª Região,250660,2019
PB,25007,7ª Região,250700,2019
PB,25007,7ª Região,251020,2019
PB,25007,7ª Região,251040,2019
PB,25007,7ª Região,251100,2019
PB,25007,7ª Região,251130,2019
PB,25007,7ª Região,251335,2019
PB,25007,7ª Região,251350,2019
PB,25007,7ª Região,251360,2019
PB,25007,7ª Região,251430,2019
PB,25007,7ª Região,251570,2019
PB,25008,8ª Região,250200,2019
PB,25008,8ª Região,250230,2019
PB,25008,8ª Região,250280,2019
PB,25008,8ª Região,250290,2019
PB,25008,8ª Região,250430,2019
PB,25008,8ª Região,250740,2019
PB,25008,8ª Região,250937,2019
PB,25008,8ª Região,251280,2019
PB,25008,8ª Região,251390,2019
PB,25008,8ª Região,251465,2019
PB,25009,9ª Região,250070,2019
PB,25009,9ª Região,250205,2019
PB,25009,9ª Região,250220,2019
PB,25009,9ª Região,250240,2019
PB,25009,9ª Região,250330,2019
PB,25009,9ª Região,250370,2019
PB,25009,9ª Região,250410,2019
PB,25009,9ª Região,250960,2019
PB,25009,9ª Região,251203,2019
PB,25009,9ª Região,251207,2019
PB,25009,9ª Região,251330,2019
PB,25009,9ª Região,251365,2019
PB,25009,9ª Região,251450,2019
PB,25009,9ª Região,251680,2019
PB,25009,9ª Região,251690,2019
PB,25010,10ª Região,250077,2019
PB,25010,10ª Região,250840,2019
PB,25010,10ª Região,250915,2019
PB,25010,10ª Região,251000,2019
PB,25010,10ª Região,251320,2019
PB,25010,10ª Região,251398,2019
PB,25010,10ª Região,251420,2019
PB,25010,10ª Região,251620,2019
PB,25010,10ª Região,251720,2019
PB,25011,11ª Região,250010,2019
PB,25011,11ª Região,250670,2019
PB,25011,11ª Região,250800,2019
PB,25011,11ª Região,250900,2019
PB,25011,11ª Região,251230,2019
PB,25011,11ª Região,251455,2019
PB,25011,11ª Região,251660,2019
PB,25012,12ª Região,250380,2019
PB,25012,12ª Região,250640,2019
PB,25012,12ª Região,250680,2019
PB,25012,12ª Região,250690,2019
PB,25012,12ª Região,250720,2019
PB,25012,12ª Região,250760,2019
PB,25012,12ª Região,250790,2019
PB,25012,12ª Região,250940,2019
PB,25012,12ª Região,251120,2019
PB,25012,12ª Região,251150,2019
PB,25012,12ª Região,251275,2019
PB,25012,12ª Região,251310,2019
PB,25012,12ª Região,251445,2019
PB,25012,12ª Região,251500,2019
PB,25013,13ª Região,250375,2019
PB,25013,13ª Região,250810,2019
PB,25013,13ª Região,251090,2019
PB,25013,13ª Região,251210,2019
PB,25013,13ª Região,251392,2019
PB,25013,13ª Região,251396,2019
PB,25014,14ª Região,250140,2019
PB,25014,14ª Região,250403,2019
PB,25014,14ª Região,250523,2019
PB,25014,14ª Região,250527,2019
PB,25014,14ª Região,250710,2019
PB,25014,14ª Região,250730,2019
PB,25014,14ª Região,250890,2019
PB,25014,14ª Região,250905,2019
PB,25014,14ª Região,250930,2019
PB,25014,14ª Região,251272,2019
PB,25014,14ª Região,251290,2019
PB,25015,15ª Região,250053,2019
PB,25015,15ª Região,250130,2019
PB,25015,15ª Região,250157,2019
PB,25015,15ª Região,250170,2019
PB,25015,15ª Região,250250,2019
PB,25015,15ª Região,250310,2019
PB,25015,15ª Região,250435,2019
PB,25015,15ª Região,250625,2019
PB,25015,15ª Região,250990,2019
PB,25015,15ª Região,251250,2019
PB,25015,15ª Região,251278,2019
PB,25015,15ª Região,251315,2019
PB,25015,15ª Região,251394,2019
PB,25015,15ª Região,251700,2019
PB,25016,16ª Região,250135,2019
PB,25016,16ª Região,250215,2019
PB,25016,16ª Região,250400,2019
PB,25016,16ª Região,250610,2019
PB,25016,16ª Região,250770,2019
PB,25016,16ª Região,250850,2019
PB,25016,16ª Região,250920,2019
PB,25016,16ª Região,251050,2019
PB,25016,16ª Região,251200,2019
PB,25016,16ª Região,251240,2019
PB,25016,16ª Região,251385,2019
PB,25016,16ª Região,251580,2019
PB,25016,16ª Região,251610,2019
PB,25016,16ª Região,251650,2019
PB,25016,16ª Região,251675,2019
PE,26001,Afogados da Ingazeira,260010,2019
PE,26001,Afogados da Ingazeira,260250,2019
PE,26001,Afogados da Ingazeira,260390,2019
PE,26001,Afogados da Ingazeira,260690,2019
PE,26001,Afogados da Ingazeira,260710,2019
PE,26001,Afogados da Ingazeira,260770,2019
PE,26001,Afogados da Ingazeira,261153,2019
PE,26001,Afogados da Ingazeira,261280,2019
PE,26001,Afogados da Ingazeira,261360,2019
PE,26001,Afogados da Ingazeira,261440,2019
PE,26001,Afogados da Ingazeira,261460,2019
PE,26001,Afogados da Ingazeira,261590,2019
PE,26002,Arcoverde,260120,2019
PE,26002,Arcoverde,260280,2019
PE,26002,Arcoverde,260510,2019
PE,26002,Arcoverde,260660,2019
PE,26002,Arcoverde,260700,2019
PE,26002,Arcoverde,260805,2019
PE,26002,Arcoverde,260915,2019
PE,26002,Arcoverde,261080,2019
PE,26002,Arcoverde,261100,2019
PE,26002,Arcoverde,261410,2019
PE,26002,Arcoverde,261480,2019
PE,26002,Arcoverde,261580,2019
PE,26002,Arcoverde,261600,2019
PE,26003,Caruaru,260030,2019
PE,26003,Caruaru,260060,2019
PE,26003,Caruaru,260080,2019
PE,26003,Caruaru,260130,2019
PE,26003,Caruaru,260170,2019
PE,26003,Caruaru,260190,2019
PE,26003,Caruaru,260230,2019
PE,26003,Caruaru,260260,2019
PE,26003,Caruaru,260310,2019
PE,26003,Caruaru,260350,2019
PE,26003,Caruaru,260410,2019
PE,26003,Caruaru,260500,2019
PE,26003,Caruaru,260580,2019
PE,26003,Caruaru,260640,2019
PE,26003,Caruaru,260670,2019
PE,26003,Caruaru,260800,2019
PE,26003,Caruaru,260840,2019
PE,26003,Caruaru,261020,2019
PE,26003,Caruaru,261090,2019
PE,26003,Caruaru,261120,2019
PE,26003,Caruaru,261170,2019
PE,26003,Caruaru,261200,2019
PE,26003,Caruaru,261240,2019
PE,26003,Caruaru,261250,2019
PE,26003,Caruaru,261270,2019
PE,26003,Caruaru,261300,2019
PE,26003,Caruaru,261310,2019
PE,26003,Caruaru,261330,2019
PE,26003,Caruaru,261470,2019
PE,26003,Caruaru,261500,2019
PE,26003,Caruaru,261540,2019
PE,26003,Caruaru,261620,2019
PE,26004,Garanhuns,260050,2019
PE,26004,Garanhuns,260100,2019
PE,26004,Garanhuns,260210,2019
PE,26004,Garanhuns,260240,2019
PE,26004,Garanhuns,260320,2019
PE,26004,Garanhuns,260330,2019
PE,26004,Garanhuns,260370,2019
PE,26004,Garanhuns,260380,2019
PE,26004,Garanhuns,260470,2019
PE,26004,Garanhuns,260600,2019
PE,26004,Garanhuns,260650,2019
PE,26004,Garanhuns,260750,2019
PE,26004,Garanhuns,260825,2019
PE,26004,Garanhuns,260830,2019
PE,26004,Garanhuns,260860,2019
PE,26004,Garanhuns,260880,2019
PE,26004,Garanhuns,261010,2019
PE,26004,Garanhuns,261030,2019
PE,26004,Garanhuns,261230,2019
PE,26004,Garanhuns,261320,2019
PE,26004,Garanhuns,261510,2019
PE,26005,Goiana,260070,2019
PE,26005,Goiana,260360,2019
PE,26005,Goiana,260460,2019
PE,26005,Goiana,260550,2019
PE,26005,Goiana,260620,2019
PE,26005,Goiana,260765,2019
PE,26005,Goiana,260780,2019
PE,26005,Goiana,260900,2019
PE,26005,Goiana,261380,2019
PE,26005,Goiana,261530,2019
PE,26006,Limoeiro,260220,2019
PE,26006,Limoeiro,260270,2019
PE,26006,Limoeiro,260400,2019
PE,26006,Limoeiro,260415,2019
PE,26006,Limoeiro,260490,2019
PE,26006,Limoeiro,260540,2019
PE,26006,Limoeiro,260810,2019
PE,26006,Limoeiro,260845,2019
PE,26006,Limoeiro,260850,2019
PE,26006,Limoeiro,260890,2019
PE,26006,Limoeiro,260910,2019
PE,26006,Limoeiro,260950,2019
PE,26006,Limoeiro,260970,2019
PE,26006,Limoeiro,261050,2019
PE,26006,Limoeiro,261060,2019
PE,26006,Limoeiro,261210,2019
PE,26006,Limoeiro,261450,2019
PE,26006,Limoeiro,261550,2019
PE,26006,Limoeiro,261618,2019
PE,26006,Limoeiro,261630,2019
PE,26007,Ouricuri,260110,2019
PE,26007,Ouricuri,260200,2019
PE,26007,Ouricuri,260530,2019
PE,26007,Ouricuri,260630,2019
PE,26007,Ouricuri,260730,2019
PE,26007,Ouricuri,260990,2019
PE,26007,Ouricuri,261040,2019
PE,26007,Ouricuri,261245,2019
PE,26007,Ouricuri,261255,2019
PE,26007,Ouricuri,261430,2019
PE,26007,Ouricuri,261560,2019
PE,26008,Palmares,260040,2019
PE,26008,Palmares,260090,2019
PE,26008,Palmares,260140,2019
PE,26008,Palmares,260150,2019
PE,26008,Palmares,260420,2019
PE,26008,Palmares,260480,2019
PE,26008,Palmares,260520,2019
PE,26008,Palmares,260590,2019
PE,26008,Palmares,260795,2019
PE,26008,Palmares,260820,2019
PE,26008,Palmares,260870,2019
PE,26008,Palmares,260920,2019
PE,26008,Palmares,261000,2019
PE,26008,Palmares,261140,2019
PE,26008,Palmares,261150,2019
PE,26008,Palmares,261180,2019
PE,26008,Palmares,261190,2019
PE,26008,Palmares,261290,2019
PE,26008,Palmares,261340,2019
PE,26008,Palmares,261420,2019
PE,26008,Palmares,261485,2019
PE,26008,Palmares,261650,2019
PE,26009,Petrolina,260020,2019
PE,26009,Petrolina,260300,2019
PE,26009,Petrolina,260515,2019
PE,26009,Petrolina,260875,2019
PE,26009,Petrolina,260980,2019
PE,26009,Petrolina,261110,2019
PE,26009,Petrolina,261260,2019
PE,26010,Recife,260005,2019
PE,26010,Recife,260105,2019
PE,26010,Recife,260290,2019
PE,26010,Recife,260345,2019
PE,26010,Recife,260440,2019
PE,26010,Recife,260450,2019
PE,26010,Recife,260545,2019
PE,26010,Recife,260610,2019
PE,26010,Recife,260680,2019
PE,26010,Recife,260720,2019
PE,26010,Recife,260760,2019
PE,26010,Recife,260775,2019
PE,26010,Recife,260790,2019
PE,26010,Recife,260940,2019
PE,26010,Recife,260960,2019
PE,26010,Recife,261070,2019
PE,26010,Recife,261130,2019
PE,26010,Recife,261160,2019
PE,26010,Recife,261370,2019
PE,26010,Recife,261640,2019
PE,26011,Salgueiro,260160,2019
PE,26011,Salgueiro,260430,2019
PE,26011,Salgueiro,260930,2019
PE,26011,Salgueiro,261220,2019
PE,26011,Salgueiro,261400,2019
PE,26011,Salgueiro,261520,2019
PE,26011,Salgueiro,261610,2019
PE,26012,Serra Talhada,260180,2019
PE,26012,Serra Talhada,260340,2019
PE,26012,Serra Talhada,260392,2019
PE,26012,Serra Talhada,260560,2019
PE,26012,Serra Talhada,260570,2019
PE,26012,Serra Talhada,260740,2019
PE,26012,Serra Talhada,261247,2019
PE,26012,Serra Talhada,261350,2019
PE,26012,Serra Talhada,261390,2019
PE,26012,Serra Talhada,261570,2019
AL,27001,1ª Região de Saúde,270050,2019
AL,27001,1ª Região de Saúde,270060,2019
AL,27001,1ª Região de Saúde,270220,2019
AL,27001,1ª Região de Saúde,270280,2019
AL,27001,1ª Região de Saúde,270430,2019
AL,27001,1ª Região de Saúde,270470,2019
AL,27001,1ª Região de Saúde,270520,2019
AL,27001,1ª Região de Saúde,270644,2019
AL,27001,1ª Região de Saúde,270690,2019
AL,27001,1ª Região de Saúde,270770,2019
AL,27001,1ª Região de Saúde,270790,2019
AL,27001,1ª Região de Saúde,270890,2019
AL,27002,2ª Região de Saúde,270350,2019
AL,27002,2ª Região de Saúde,270360,2019
AL,27002,2ª Região de Saúde,270450,2019
AL,27002,2ª Região de Saúde,270510,2019
AL,27002,2ª Região de Saúde,270650,2019
AL,27002,2ª Região de Saúde,270730,2019
AL,27002,2ª Região de Saúde,270740,2019
AL,27002,2ª Região de Saúde,270850,2019
AL,27002,2ª Região de Saúde,270870,2019
AL,27003,3ª Região de Saúde,270110,2019
AL,27003,3ª Região de Saúde,270135,2019
AL,27003,3ª Região de Saúde,270210,2019
AL,27003,3ª Região de Saúde,270300,2019
AL,27003,3ª Região de Saúde,270380,2019
AL,27003,3ª Região de Saúde,270390,2019
AL,27003,3ª Região de Saúde,270550,2019
AL,27003,3ª Região de Saúde,270560,2019
AL,27003,3ª Região de Saúde,270810,2019
AL,27003,3ª Região de Saúde,270830,2019
AL,27003,3ª Região de Saúde,270930,2019
AL,27004,4ª Região de Saúde,270040,2019
AL,27004,4ª Região de Saúde,270130,2019
AL,27004,4ª Região de Saúde,270170,2019
AL,27004,4ª Região de Saúde,270190,2019
AL,27004,4ª Região de Saúde,270490,2019
AL,27004,4ª Região de Saúde,270660,2019
AL,27004,4ª Região de Saúde,270700,2019
AL,27004,4ª Região de Saúde,270760,2019
AL,27004,4ª Região de Saúde,270940,2019
AL,27005,5ª Região de Saúde,270020,2019
AL,27005,5ª Região de Saúde,270100,2019
AL,27005,5ª Região de Saúde,270140,2019
AL,27005,5ª Região de Saúde,270400,2019
AL,27005,5ª Região de Saúde,270780,2019
AL,27005,5ª Região de Saúde,270860,2019
AL,27005,5ª Região de Saúde,270915,2019
AL,27006,6ª Região de Saúde,270230,2019
AL,27006,6ª Região de Saúde,270270,2019
AL,27006,6ª Região de Saúde,270320,2019
AL,27006,6ª Região de Saúde,270375,2019
AL,27006,6ª Região de Saúde,270670,2019
AL,27006,6ª Região de Saúde,270680,2019
AL,27006,6ª Região de Saúde,270750,2019
AL,27006,6ª Região de Saúde,270820,2019
AL,27007,7ª Região de Saúde,270030,2019
AL,27007,7ª Região de Saúde,270070,2019
AL,27007,7ª Região de Saúde,270090,2019
AL,27007,7ª Região de Saúde,270150,2019
AL,27007,7ª Região de Saúde,270200,2019
AL,27007,7ª Região de Saúde,270235,2019
AL,27007,7ª Região de Saúde,270260,2019
AL,27007,7ª Região de Saúde,270290,2019
AL,27007,7ª Região de Saúde,270340,2019
AL,27007,7ª Região de Saúde,270370,2019
AL,27007,7ª Região de Saúde,270410,2019
AL,27007,7ª Região de Saúde,270420,2019
AL,27007,7ª Região de Saúde,270440,2019
AL,27007,7ª Região de Saúde,270590,2019
AL,27007,7ª Região de Saúde,270880,2019
AL,27007,7ª Região de Saúde,270910,2019
AL,27007,7ª Região de Saúde,270920,2019
AL,27008,8ª Região de Saúde,270080,2019
AL,27008,8ª Região de Saúde,270120,2019
AL,27008,8ª Região de Saúde,270255,2019
AL,27008,8ª Região de Saúde,270310,2019
AL,27008,8ª Região de Saúde,270480,2019
AL,27008,8ª Região de Saúde,270530,2019
AL,27008,8ª Região de Saúde,270630,2019
AL,27008,8ª Região de Saúde,270900,2019
AL,27009,9ª Região de Saúde,270160,2019
AL,27009,9ª Região de Saúde,270180,2019
AL,27009,9ª Região de Saúde,270250,2019
AL,27009,9ª Região de Saúde,270460,2019
AL,27009,9ª Região de Saúde,270540,2019
AL,27009,9ª Região de Saúde,270570,2019
AL,27009,9ª Região de Saúde,270600,2019
AL,27009,9ª Região de Saúde,270610,2019
AL,27009,9ª Região de Saúde,270620,2019
AL,27009,9ª Região de Saúde,270640,2019
AL,27009,9ª Região de Saúde,270720,2019
AL,27009,9ª Região de Saúde,270800,2019
AL,27009,9ª Região de Saúde,270840,2019
AL,27009,9ª Região de Saúde,270895,2019
AL,27010,10ª Região de Saúde,270010,2019
AL,27010,10ª Região de Saúde,270240,2019
AL,27010,10ª Região de Saúde,270330,2019
AL,27010,10ª Região de Saúde,270500,2019
AL,27010,10ª Região de Saúde,270580,2019
AL,27010,10ª Região de Saúde,270642,2019
AL,27010,10ª Região de Saúde,270710,2019
SE,28001,Aracaju,280030,2019
SE,28001,Aracaju,280060,2019
SE,28001,Aracaju,280200,2019
SE,28001,Aracaju,280320,2019
SE,28001,Aracaju,280360,2019
SE,28001,Aracaju,280590,2019
SE,28001,Aracaju,280650,2019
SE,28001,Aracaju,280670,2019
SE,28002,Estância,280040,2019
SE,28002,Estância,280067,2019
SE,28002,Estância,280170,2019
SE,28002,Estância,280210,2019
SE,28002,Estância,280280,2019
SE,28002,Estância,280300,2019
SE,28002,Estância,280510,2019
SE,28002,Estância,280630,2019
SE,28002,Estância,280750,2019
SE,28002,Estância,280760,2019
SE,28003,Itabaiana,280050,2019
SE,28003,Itabaiana,280100,2019
SE,28003,Itabaiana,280140,2019
SE,28003,Itabaiana,280230,2019
SE,28003,Itabaiana,280290,2019
SE,28003,Itabaiana,280370,2019
SE,28003,Itabaiana,280390,2019
SE,28003,Itabaiana,280410,2019
SE,28003,Itabaiana,280445,2019
SE,28003,Itabaiana,280500,2019
SE,28003,Itabaiana,280520,2019
SE,28003,Itabaiana,280600,2019
SE,28003,Itabaiana,280680,2019
SE,28003,Itabaiana,280700,2019
SE,28004,Lagarto,280350,2019
SE,28004,Lagarto,280550,2019
SE,28004,Lagarto,280580,2019
SE,28004,Lagarto,280620,2019
SE,28004,Lagarto,280710,2019
SE,28004,Lagarto,280740,2019
SE,28005,Nossa Senhora da Glória,280120,2019
SE,28005,Nossa Senhora da Glória,280220,2019
SE,28005,Nossa Senhora da Glória,280240,2019
SE,28005,Nossa Senhora da Glória,280260,2019
SE,28005,Nossa Senhora da Glória,280310,2019
SE,28005,Nossa Senhora da Glória,280420,2019
SE,28005,Nossa Senhora da Glória,280450,2019
SE,28005,Nossa Senhora da Glória,280540,2019
SE,28005,Nossa Senhora da Glória,280560,2019
SE,28006,Nossa Senhora do Socorro,280130,2019
SE,28006,Nossa Senhora do Socorro,280150,2019
SE,28006,Nossa Senhora do Socorro,280190,2019
SE,28006,Nossa Senhora do Socorro,280250,2019
SE,28006,Nossa Senhora do Socorro,280330,2019
SE,28006,Nossa Senhora do Socorro,280400,2019
SE,28006,Nossa Senhora do Socorro,280460,2019
SE,28006,Nossa Senhora do Socorro,280480,2019
SE,28006,Nossa Senhora do Socorro,280530,2019
SE,28006,Nossa Senhora do Socorro,280610,2019
SE,28006,Nossa Senhora do Socorro,280660,2019
SE,28006,Nossa Senhora do Socorro,280720,2019
SE,28007,Propriá,280010,2019
SE,28007,Propriá,280020,2019
SE,28007,Propriá,280070,2019
SE,28007,Propriá,280110,2019
SE,28007,Propriá,280160,2019
SE,28007,Propriá,280270,2019
SE,28007,Propriá,280340,2019
SE,28007,Propriá,280380,2019
SE,28007,Propriá,280430,2019
SE,28007,Propriá,280440,2019
SE,28007,Propriá,280470,2019
SE,28007,Propriá,280490,2019
SE,28007,Propriá,280570,2019
SE,28007,Propriá,280640,2019
SE,28007,Propriá,280690,2019
SE,28007,Propriá,280730,2019
BA,29001,Alagoinhas,290030,2019
BA,29001,Alagoinhas,290070,2019
BA,29001,Alagoinhas,290190,2019
BA,29001,Alagoinhas,290205,2019
BA,29001,Alagoinhas,290220,2019
BA,29001,Alagoinhas,290700,2019
BA,29001,Alagoinhas,290750,2019
BA,29001,Alagoinhas,290960,2019
BA,29001,Alagoinhas,291050,2019
BA,29001,Alagoinhas,291060,2019
BA,29001,Alagoinhas,291370,2019
BA,29001,Alagoinhas,291590,2019
BA,29001,Alagoinhas,291650,2019
BA,29001,Alagoinhas,291790,2019
BA,29001,Alagoinhas,292330,2019
BA,29001,Alagoinhas,292410,2019
BA,29001,Alagoinhas,292700,2019
BA,29001,Alagoinhas,292970,2019
BA,29002,Barreiras,290140,2019
BA,29002,Barreiras,290250,2019
BA,29002,Barreiras,290320,2019
BA,29002,Barreiras,290440,2019
BA,29002,Barreiras,290740,2019
BA,29002,Barreiras,290940,2019
BA,29002,Barreiras,290970,2019
BA,29002,Barreiras,291110,2019
BA,29002,Barreiras,291955,2019
BA,29002,Barreiras,292045,2019
BA,29002,Barreiras,292620,2019
BA,29002,Barreiras,292840,2019
BA,29002,Barreiras,292890,2019
BA,29002,Barreiras,293090,2019
BA,29002,Barreiras,293345,2019
BA,29003,Brumado,290050,2019
BA,29003,Brumado,290200,2019
BA,29003,Brumado,290280,2019
BA,29003,Brumado,290410,2019
BA,29003,Brumado,290420,2019
BA,29003,Brumado,290460,2019
BA,29003,Brumado,290755,2019
BA,29003,Brumado,290880,2019
BA,29003,Brumado,291010,2019
BA,29003,Brumado,291165,2019
BA,29003,Brumado,291220,2019
BA,29003,Brumado,291250,2019
BA,29003,Brumado,291720,2019
BA,29003,Brumado,291860,2019
BA,29003,Brumado,291950,2019
BA,29003,Brumado,291980,2019
BA,29003,Brumado,292030,2019
BA,29003,Brumado,292360,2019
BA,29003,Brumado,292670,2019
BA,29003,Brumado,292690,2019
BA,29003,Brumado,293100,2019
BA,29004,Camaçari,290570,2019
BA,29004,Camaçari,290860,2019
BA,29004,Camaçari,291005,2019
BA,29004,Camaçari,292100,2019
BA,29004,Camaçari,292520,2019
BA,29004,Camaçari,293070,2019
BA,29005,Cruz das Almas,290485,2019
BA,29005,Cruz das Almas,290490,2019
BA,29005,Cruz das Almas,290820,2019
BA,29005,Cruz das Almas,290980,2019
BA,29005,Cruz das Almas,291160,2019
BA,29005,Cruz das Almas,292060,2019
BA,29005,Cruz das Almas,292230,2019
BA,29005,Cruz das Almas,292900,2019
BA,29005,Cruz das Almas,292960,2019
BA,29006,Feira de Santana,290110,2019
BA,29006,Feira de Santana,290150,2019
BA,29006,Feira de Santana,290170,2019
BA,29006,Feira de Santana,290260,2019
BA,29006,Feira de Santana,290640,2019
BA,29006,Feira de Santana,290685,2019
BA,29006,Feira de Santana,290850,2019
BA,29006,Feira de Santana,290890,2019
BA,29006,Feira de Santana,291080,2019
BA,29006,Feira de Santana,291125,2019
BA,29006,Feira de Santana,291330,2019
BA,29006,Feira de Santana,291380,2019
BA,29006,Feira de Santana,291400,2019
BA,29006,Feira de Santana,291450,2019
BA,29006,Feira de Santana,292210,2019
BA,29006,Feira de Santana,292273,2019
BA,29006,Feira de Santana,292405,2019
BA,29006,Feira de Santana,292465,2019
BA,29006,Feira de Santana,292595,2019
BA,29006,Feira de Santana,292630,2019
BA,29006,Feira de Santana,292750,2019
BA,29006,Feira de Santana,292830,2019
BA,29006,Feira de Santana,292880,2019
BA,29006,Feira de Santana,292930,2019
BA,29006,Feira de Santana,293040,2019
BA,29006,Feira de Santana,293110,2019
BA,29006,Feira de Santana,293140,2019
BA,29006,Feira de Santana,293170,2019
BA,29007,Guanambi,290500,2019
BA,29007,Guanambi,290520,2019
BA,29007,Guanambi,290660,2019
BA,29007,Guanambi,290710,2019
BA,29007,Guanambi,291170,2019
BA,29007,Guanambi,291200,2019
BA,29007,Guanambi,291340,2019
BA,29007,Guanambi,291733,2019
BA,29007,Guanambi,291740,2019
BA,29007,Guanambi,291875,2019
BA,29007,Guanambi,291940,2019
BA,29007,Guanambi,292020,2019
BA,29007,Guanambi,292105,2019
BA,29007,Guanambi,292180,2019
BA,29007,Guanambi,292340,2019
BA,29007,Guanambi,292450,2019
BA,29007,Guanambi,292640,2019
BA,29007,Guanambi,292680,2019
BA,29007,Guanambi,293000,2019
BA,29007,Guanambi,293105,2019
BA,29007,Guanambi,293260,2019
BA,29008,Ibotirama,290270,2019
BA,29008,Ibotirama,290450,2019
BA,29008,Ibotirama,290475,2019
BA,29008,Ibotirama,291320,2019
BA,29008,Ibotirama,291410,2019
BA,29008,Ibotirama,292160,2019
BA,29008,Ibotirama,292225,2019
BA,29008,Ibotirama,292320,2019
BA,29008,Ibotirama,292370,2019
BA,29009,Ilhéus,290225,2019
BA,29009,Ilhéus,290630,2019
BA,29009,Ilhéus,291360,2019
BA,29009,Ilhéus,291490,2019
BA,29009,Ilhéus,292090,2019
BA,29009,Ilhéus,292805,2019
BA,29009,Ilhéus,293250,2019
BA,29009,Ilhéus,293270,2019
BA,29010,Irecê,290115,2019
BA,29010,Irecê,290300,2019
BA,29010,Irecê,290323,2019
BA,29010,Irecê,290530,2019
BA,29010,Irecê,290620,2019
BA,29010,Irecê,290760,2019
BA,29010,Irecê,291130,2019
BA,29010,Irecê,291240,2019
BA,29010,Irecê,291310,2019
BA,29010,Irecê,291460,2019
BA,29010,Irecê,291535,2019
BA,29010,Irecê,291835,2019
BA,29010,Irecê,291850,2019
BA,29010,Irecê,291915,2019
BA,29010,Irecê,292205,2019
BA,29010,Irecê,292560,2019
BA,29010,Irecê,292925,2019
BA,29010,Irecê,293240,2019
BA,29010,Irecê,293360,2019
BA,29011,Itaberaba,290130,2019
BA,29011,Itaberaba,290380,2019
BA,29011,Itaberaba,290405,2019
BA,29011,Itaberaba,291190,2019
BA,29011,Itaberaba,291260,2019
BA,29011,Itaberaba,291470,2019
BA,29011,Itaberaba,291500,2019
BA,29011,Itaberaba,291900,2019
BA,29011,Itaberaba,291960,2019
BA,29011,Itaberaba,292080,2019
BA,29011,Itaberaba,292285,2019
BA,29011,Itaberaba,292720,2019
BA,29011,Itaberaba,293280,2019
BA,29011,Itaberaba,293340,2019
BA,29012,Itabuna,290090,2019
BA,29012,Itabuna,290240,2019
BA,29012,Itabuna,290330,2019
BA,29012,Itabuna,290470,2019
BA,29012,Itabuna,290560,2019
BA,29012,Itabuna,290800,2019
BA,29012,Itabuna,291100,2019
BA,29012,Itabuna,291150,2019
BA,29012,Itabuna,291210,2019
BA,29012,Itabuna,291270,2019
BA,29012,Itabuna,291480,2019
BA,29012,Itabuna,291540,2019
BA,29012,Itabuna,291550,2019
BA,29012,Itabuna,291620,2019
BA,29012,Itabuna,291660,2019
BA,29012,Itabuna,291855,2019
BA,29012,Itabuna,292070,2019
BA,29012,Itabuna,292390,2019
BA,29012,Itabuna,292780,2019
BA,29012,Itabuna,292935,2019
BA,29012,Itabuna,293220,2019
BA,29012,Itabuna,293230,2019
BA,29013,Itapetinga,290480,2019
BA,29013,Itapetinga,291090,2019
BA,29013,Itapetinga,291230,2019
BA,29013,Itapetinga,291350,2019
BA,29013,Itapetinga,291580,2019
BA,29013,Itapetinga,291640,2019
BA,29013,Itapetinga,291680,2019
BA,29013,Itapetinga,291710,2019
BA,29013,Itapetinga,291970,2019
BA,29013,Itapetinga,292000,2019
BA,29013,Itapetinga,292270,2019
BA,29013,Itapetinga,292540,2019
BA,29014,Jacobina,290510,2019
BA,29014,Jacobina,290550,2019
BA,29014,Jacobina,290687,2019
BA,29014,Jacobina,291750,2019
BA,29014,Jacobina,292010,2019
BA,29014,Jacobina,292120,2019
BA,29014,Jacobina,292140,2019
BA,29014,Jacobina,292170,2019
BA,29014,Jacobina,292335,2019
BA,29014,Jacobina,292480,2019
BA,29014,Jacobina,292593,2019
BA,29014,Jacobina,292937,2019
BA,29014,Jacobina,292980,2019
BA,29014,Jacobina,293060,2019
BA,29014,Jacobina,293130,2019
BA,29014,Jacobina,293245,2019
BA,29014,Jacobina,293305,2019
BA,29014,Jacobina,293310,2019
BA,29014,Jacobina,293315,2019
BA,29015,Jequié,290060,2019
BA,29015,Jequié,290195,2019
BA,29015,Jequié,290310,2019
BA,29015,Jequié,290370,2019
BA,29015,Jequié,290430,2019
BA,29015,Jequié,290950,2019
BA,29015,Jequié,291000,2019
BA,29015,Jequié,291290,2019
BA,29015,Jequié,291390,2019
BA,29015,Jequié,291420,2019
BA,29015,Jequié,291430,2019
BA,29015,Jequié,291510,2019
BA,29015,Jequié,291520,2019
BA,29015,Jequié,291570,2019
BA,29015,Jequié,291670,2019
BA,29015,Jequié,291690,2019
BA,29015,Jequié,291760,2019
BA,29015,Jequié,291800,2019
BA,29015,Jequié,291830,2019
BA,29015,Jequié,291870,2019
BA,29015,Jequié,291905,2019
BA,29015,Jequié,292040,2019
BA,29015,Jequié,292050,2019
BA,29015,Jequié,292280,2019
BA,29015,Jequié,292490,2019
BA,29015,Jequié,292790,2019
BA,29016,Juazeiro,290590,2019
BA,29016,Juazeiro,290682,2019
BA,29016,Juazeiro,290720,2019
BA,29016,Juazeiro,290990,2019
BA,29016,Juazeiro,291840,2019
BA,29016,Juazeiro,292440,2019
BA,29016,Juazeiro,292600,2019
BA,29016,Juazeiro,293020,2019
BA,29016,Juazeiro,293077,2019
BA,29016,Juazeiro,293200,2019
BA,29017,Paulo Afonso,290020,2019
BA,29017,Paulo Afonso,290770,2019
BA,29017,Paulo Afonso,291140,2019
BA,29017,Paulo Afonso,291810,2019
BA,29017,Paulo Afonso,291990,2019
BA,29017,Paulo Afonso,292400,2019
BA,29017,Paulo Afonso,292420,2019
BA,29017,Paulo Afonso,292710,2019
BA,29017,Paulo Afonso,292760,2019
BA,29018,Porto Seguro,290340,2019
BA,29018,Porto Seguro,291072,2019
BA,29018,Porto Seguro,291180,2019
BA,29018,Porto Seguro,291465,2019
BA,29018,Porto Seguro,291530,2019
BA,29018,Porto Seguro,291630,2019
BA,29018,Porto Seguro,292530,2019
BA,29018,Porto Seguro,292770,2019
BA,29019,Ribeira do Pombal,290035,2019
BA,29019,Ribeira do Pombal,290160,2019
BA,29019,Ribeira do Pombal,290265,2019
BA,29019,Ribeira do Pombal,290780,2019
BA,29019,Ribeira do Pombal,290790,2019
BA,29019,Ribeira do Pombal,290920,2019
BA,29019,Ribeira do Pombal,291075,2019
BA,29019,Ribeira do Pombal,291185,2019
BA,29019,Ribeira do Pombal,292290,2019
BA,29019,Ribeira do Pombal,292305,2019
BA,29019,Ribeira do Pombal,292310,2019
BA,29019,Ribeira do Pombal,292380,2019
BA,29019,Ribeira do Pombal,292650,2019
BA,29019,Ribeira do Pombal,292660,2019
BA,29019,Ribeira do Pombal,293076,2019
BA,29020,Salvador,290650,2019
BA,29020,Salvador,291610,2019
BA,29020,Salvador,291920,2019
BA,29020,Salvador,291992,2019
BA,29020,Salvador,292740,2019
BA,29020,Salvador,292860,2019
BA,29020,Salvador,292920,2019
BA,29020,Salvador,292950,2019
BA,29020,Salvador,292975,2019
BA,29020,Salvador,293320,2019
BA,29021,Santa Maria da Vitória,290390,2019
BA,29021,Santa Maria da Vitória,290610,2019
BA,29021,Santa Maria da Vitória,290810,2019
BA,29021,Santa Maria da Vitória,290910,2019
BA,29021,Santa Maria da Vitória,290930,2019
BA,29021,Santa Maria da Vitória,291077,2019
BA,29021,Santa Maria da Vitória,291735,2019
BA,29021,Santa Maria da Vitória,292810,2019
BA,29021,Santa Maria da Vitória,292820,2019
BA,29021,Santa Maria da Vitória,292905,2019
BA,29021,Santa Maria da Vitória,293015,2019
BA,29021,Santa Maria da Vitória,293030,2019
BA,29021,Santa Maria da Vitória,293075,2019
BA,29022,Santo Antônio de Jesus,290100,2019
BA,29022,Santo Antônio de Jesus,290230,2019
BA,29022,Santo Antônio de Jesus,290730,2019
BA,29022,Santo Antônio de Jesus,290830,2019
BA,29022,Santo Antônio de Jesus,291020,2019
BA,29022,Santo Antônio de Jesus,291030,2019
BA,29022,Santo Antônio de Jesus,291685,2019
BA,29022,Santo Antônio de Jesus,291780,2019
BA,29022,Santo Antônio de Jesus,291820,2019
BA,29022,Santo Antônio de Jesus,291880,2019
BA,29022,Santo Antônio de Jesus,292130,2019
BA,29022,Santo Antônio de Jesus,292220,2019
BA,29022,Santo Antônio de Jesus,292240,2019
BA,29022,Santo Antônio de Jesus,292250,2019
BA,29022,Santo Antônio de Jesus,292575,2019
BA,29022,Santo Antônio de Jesus,292730,2019
BA,29022,Santo Antônio de Jesus,292850,2019
BA,29022,Santo Antônio de Jesus,292870,2019
BA,29022,Santo Antônio de Jesus,292910,2019
BA,29022,Santo Antônio de Jesus,292940,2019
BA,29022,Santo Antônio de Jesus,293210,2019
BA,29022,Santo Antônio de Jesus,293317,2019
BA,29023,Seabra,290010,2019
BA,29023,Seabra,290400,2019
BA,29023,Seabra,291300,2019
BA,29023,Seabra,291440,2019
BA,29023,Seabra,291930,2019
BA,29023,Seabra,292190,2019
BA,29023,Seabra,292303,2019
BA,29023,Seabra,292350,2019
BA,29023,Seabra,292430,2019
BA,29023,Seabra,292990,2019
BA,29023,Seabra,293080,2019
BA,29024,Senhor do Bonfim,290135,2019
BA,29024,Senhor do Bonfim,290180,2019
BA,29024,Senhor do Bonfim,290600,2019
BA,29024,Senhor do Bonfim,291085,2019
BA,29024,Senhor do Bonfim,291700,2019
BA,29024,Senhor do Bonfim,291770,2019
BA,29024,Senhor do Bonfim,292460,2019
BA,29024,Senhor do Bonfim,292525,2019
BA,29024,Senhor do Bonfim,293010,2019
BA,29025,Serrinha,290040,2019
BA,29025,Serrinha,290210,2019
BA,29025,Serrinha,290327,2019
BA,29025,Serrinha,290360,2019
BA,29025,Serrinha,290680,2019
BA,29025,Serrinha,290840,2019
BA,29025,Serrinha,291070,2019
BA,29025,Serrinha,291910,2019
BA,29025,Serrinha,292150,2019
BA,29025,Serrinha,292265,2019
BA,29025,Serrinha,292580,2019
BA,29025,Serrinha,292590,2019
BA,29025,Serrinha,292610,2019
BA,29025,Serrinha,292800,2019
BA,29025,Serrinha,292895,2019
BA,29025,Serrinha,293050,2019
BA,29025,Serrinha,293150,2019
BA,29025,Serrinha,293190,2019
BA,29025,Serrinha,293300,2019
BA,29026,Teixeira de Freitas,290080,2019
BA,29026,Teixeira de Freitas,290690,2019
BA,29026,Teixeira de Freitas,291280,2019
BA,29026,Teixeira de Freitas,291560,2019
BA,29026,Teixeira de Freitas,291600,2019
BA,29026,Teixeira de Freitas,291845,2019
BA,29026,Teixeira de Freitas,291890,2019
BA,29026,Teixeira de Freitas,292110,2019
BA,29026,Teixeira de Freitas,292200,2019
BA,29026,Teixeira de Freitas,292300,2019
BA,29026,Teixeira de Freitas,292550,2019
BA,29026,Teixeira de Freitas,293135,2019
BA,29026,Teixeira de Freitas,293325,2019
BA,29027,Valença,290540,2019
BA,29027,Valença,290580,2019
BA,29027,Valença,291120,2019
BA,29027,Valença,291345,2019
BA,29027,Valença,291730,2019
BA,29027,Valença,292260,2019
BA,29027,Valença,292275,2019
BA,29027,Valença,292467,2019
BA,29027,Valença,293120,2019
BA,29027,Valença,293160,2019
BA,29027,Valença,293290,2019
BA,29027,Valença,293350,2019
BA,29028,Vitória da Conquista,290120,2019
BA,29028,Vitória da Conquista,290290,2019
BA,29028,Vitória da Conquista,290350,2019
BA,29028,Vitória da Conquista,290395,2019
BA,29028,Vitória da Conquista,290515,2019
BA,29028,Vitória da Conquista,290670,2019
BA,29028,Vitória da Conquista,290689,2019
BA,29028,Vitória da Conquista,290870,2019
BA,29028,Vitória da Conquista,290900,2019
BA,29028,Vitória da Conquista,291040,2019
BA,29028,Vitória da Conquista,291995,2019
BA,29028,Vitória da Conquista,292145,2019
BA,29028,Vitória da Conquista,292470,2019
BA,29028,Vitória da Conquista,292500,2019
BA,29028,Vitória da Conquista,292510,2019
BA,29028,Vitória da Conquista,292570,2019
BA,29028,Vitória da Conquista,292665,2019
BA,29028,Vitória da Conquista,293180,2019
BA,29028,Vitória da Conquista,293330,2019
MG,31001,Alfenas / Machado,310160,2019
MG,31001,Alfenas / Machado,310200,2019
MG,31001,Alfenas / Machado,310430,2019
MG,31001,Alfenas / Machado,310530,2019
MG,31001,Alfenas / Machado,310840,2019
MG,31001,Alfenas / Machado,311100,2019
MG,31001,Alfenas / Machado,311130,2019
MG,31001,Alfenas / Machado,311160,2019
MG,31001,Alfenas / Machado,311470,2019
MG,31001,Alfenas / Machado,311710,2019
MG,31001,Alfenas / Machado,312240,2019
MG,31001,Alfenas / Machado,312520,2019
MG,31001,Alfenas / Machado,313900,2019
MG,31001,Alfenas / Machado,314720,2019
MG,31001,Alfenas / Machado,315170,2019
MG,31001,Alfenas / Machado,316690,2019
MG,31002,Guaxupé,310410,2019
MG,31002,Guaxupé,310950,2019
MG,31002,Guaxupé,312830,2019
MG,31002,Guaxupé,312870,2019
MG,31002,Guaxupé,313690,2019
MG,31002,Guaxupé,314300,2019
MG,31002,Guaxupé,314410,2019
MG,31002,Guaxupé,316390,2019
MG,31003,Itajubá,310890,2019
MG,31003,Itajubá,311720,2019
MG,31003,Itajubá,311850,2019
MG,31003,Itajubá,312110,2019
MG,31003,Itajubá,312740,2019
MG,31003,Itajubá,313240,2019
MG,31003,Itajubá,313990,2019
MG,31003,Itajubá,314040,2019
MG,31003,Itajubá,314730,2019
MG,31003,Itajubá,314910,2019
MG,31003,Itajubá,315090,2019
MG,31003,Itajubá,315100,2019
MG,31003,Itajubá,316320,2019
MG,31003,Itajubá,316540,2019
MG,31003,Itajubá,317220,2019
MG,31004,Lavras,311460,2019
MG,31004,Lavras,313040,2019
MG,31004,Lavras,313080,2019
MG,31004,Lavras,313430,2019
MG,31004,Lavras,313450,2019
MG,31004,Lavras,313820,2019
MG,31004,Lavras,313870,2019
MG,31004,Lavras,314460,2019
MG,31004,Lavras,314990,2019
MG,31004,Lavras,315470,2019
MG,31006,Poços de Caldas,310140,2019
MG,31006,Poços de Caldas,310260,2019
MG,31006,Poços de Caldas,311030,2019
MG,31006,Poços de Caldas,312990,2019
MG,31006,Poços de Caldas,315180,2019
MG,31006,Poços de Caldas,315920,2019
MG,31007,Pouso Alegre,310790,2019
MG,31007,Pouso Alegre,310830,2019
MG,31007,Pouso Alegre,310910,2019
MG,31007,Pouso Alegre,310970,2019
MG,31007,Pouso Alegre,311050,2019
MG,31007,Pouso Alegre,311060,2019
MG,31007,Pouso Alegre,311360,2019
MG,31007,Pouso Alegre,311780,2019
MG,31007,Pouso Alegre,311790,2019
MG,31007,Pouso Alegre,311990,2019
MG,31007,Pouso Alegre,312440,2019
MG,31007,Pouso Alegre,312450,2019
MG,31007,Pouso Alegre,312510,2019
MG,31007,Pouso Alegre,312920,2019
MG,31007,Pouso Alegre,313060,2019
MG,31007,Pouso Alegre,313150,2019
MG,31007,Pouso Alegre,313360,2019
MG,31007,Pouso Alegre,313490,2019
MG,31007,Pouso Alegre,314340,2019
MG,31007,Pouso Alegre,314380,2019
MG,31007,Pouso Alegre,314440,2019
MG,31007,Pouso Alegre,314600,2019
MG,31007,Pouso Alegre,315250,2019
MG,31007,Pouso Alegre,315960,2019
MG,31007,Pouso Alegre,316230,2019
MG,31007,Pouso Alegre,316440,2019
MG,31007,Pouso Alegre,316557,2019
MG,31007,Pouso Alegre,316580,2019
MG,31007,Pouso Alegre,316740,2019
MG,31007,Pouso Alegre,316905,2019
MG,31007,Pouso Alegre,316910,2019
MG,31007,Pouso Alegre,316980,2019
MG,31008,São Lourenço,310120,2019
MG,31008,São Lourenço,310130,2019
MG,31008,São Lourenço,310490,2019
MG,31008,São Lourenço,311410,2019
MG,31008,São Lourenço,311480,2019
MG,31008,São Lourenço,311550,2019
MG,31008,São Lourenço,311770,2019
MG,31008,São Lourenço,312050,2019
MG,31008,São Lourenço,312080,2019
MG,31008,São Lourenço,312280,2019
MG,31008,São Lourenço,313300,2019
MG,31008,São Lourenço,313310,2019
MG,31008,São Lourenço,313590,2019
MG,31008,São Lourenço,313780,2019
MG,31008,São Lourenço,314190,2019
MG,31008,São Lourenço,314550,2019
MG,31008,São Lourenço,314760,2019
MG,31008,São Lourenço,315260,2019
MG,31008,São Lourenço,316370,2019
MG,31008,São Lourenço,316490,2019
MG,31008,São Lourenço,316640,2019
MG,31008,São Lourenço,316700,2019
MG,31008,São Lourenço,316780,2019
MG,31008,São Lourenço,317170,2019
MG,31009,São Sebastião do Paraíso,313290,2019
MG,31009,São Sebastião do Paraíso,313480,2019
MG,31009,São Sebastião do Paraíso,314320,2019
MG,31009,São Sebastião do Paraíso,315290,2019
MG,31009,São Sebastião do Paraíso,316470,2019
MG,31009,São Sebastião do Paraíso,316510,2019
MG,31010,Três Corações,311070,2019
MG,31010,Três Corações,311090,2019
MG,31010,Três Corações,311390,2019
MG,31010,Três Corações,316080,2019
MG,31010,Três Corações,316520,2019
MG,31010,Três Corações,316930,2019
MG,31011,Três Pontas,310710,2019
MG,31011,Três Pontas,311870,2019
MG,31011,Três Pontas,313050,2019
MG,31011,Três Pontas,315830,2019
MG,31011,Três Pontas,316940,2019
MG,31012,Varginha,311900,2019
MG,31012,Varginha,312360,2019
MG,31012,Varginha,314260,2019
MG,31012,Varginha,316200,2019
MG,31012,Varginha,317070,2019
MG,31013,Barbacena,310163,2019
MG,31013,Barbacena,310210,2019
MG,31013,Barbacena,310290,2019
MG,31013,Barbacena,310560,2019
MG,31013,Barbacena,311220,2019
MG,31013,Barbacena,311320,2019
MG,31013,Barbacena,311630,2019
MG,31013,Barbacena,312150,2019
MG,31013,Barbacena,312940,2019
MG,31013,Barbacena,314660,2019
MG,31013,Barbacena,315440,2019
MG,31013,Barbacena,315730,2019
MG,31013,Barbacena,315870,2019
MG,31013,Barbacena,315940,2019
MG,31013,Barbacena,316620,2019
MG,31015,São João Del Rei,310590,2019
MG,31015,São João Del Rei,310800,2019
MG,31015,São João Del Rei,311520,2019
MG,31015,São João Del Rei,311970,2019
MG,31015,São João Del Rei,312300,2019
MG,31015,São João Del Rei,313000,2019
MG,31015,São João Del Rei,313740,2019
MG,31015,São João Del Rei,313910,2019
MG,31015,São João Del Rei,314450,2019
MG,31015,São João Del Rei,315030,2019
MG,31015,São João Del Rei,315270,2019
MG,31015,São João Del Rei,315420,2019
MG,31015,São João Del Rei,315610,2019
MG,31015,São João Del Rei,315733,2019
MG,31015,São João Del Rei,316250,2019
MG,31015,São João Del Rei,316500,2019
MG,31015,São João Del Rei,316530,2019
MG,31015,São João Del Rei,316880,2019
MG,31016,Belo Horizonte/ Nova Lima/ Caeté,310620,2019
MG,31016,Belo Horizonte/ Nova Lima/ Caeté,310640,2019
MG,31016,Belo Horizonte/ Nova Lima/ Caeté,311000,2019
MG,31016,Belo Horizonte/ Nova Lima/ Caeté,313460,2019
MG,31016,Belo Horizonte/ Nova Lima/ Caeté,313660,2019
MG,31016,Belo Horizonte/ Nova Lima/ Caeté,314230,2019
MG,31016,Belo Horizonte/ Nova Lima/ Caeté,314480,2019
MG,31016,Belo Horizonte/ Nova Lima/ Caeté,315390,2019
MG,31016,Belo Horizonte/ Nova Lima/ Caeté,315460,2019
MG,31016,Belo Horizonte/ Nova Lima/ Caeté,315480,2019
MG,31016,Belo Horizonte/ Nova Lima/ Caeté,315670,2019
MG,31016,Belo Horizonte/ Nova Lima/ Caeté,315780,2019
MG,31016,Belo Horizonte/ Nova Lima/ Caeté,316830,2019
MG,31017,Betim,310670,2019
MG,31017,Betim,310810,2019
MG,31017,Betim,310900,2019
MG,31017,Betim,312060,2019
MG,31017,Betim,312410,2019
MG,31017,Betim,312600,2019
MG,31017,Betim,313010,2019
MG,31017,Betim,313665,2019
MG,31017,Betim,314015,2019
MG,31017,Betim,314070,2019
MG,31017,Betim,315040,2019
MG,31017,Betim,315530,2019
MG,31017,Betim,316292,2019
MG,31018,Contagem,311860,2019
MG,31018,Contagem,312980,2019
MG,31018,Contagem,316553,2019
MG,31019,Curvelo,310480,2019
MG,31019,Curvelo,310920,2019
MG,31019,Curvelo,311910,2019
MG,31019,Curvelo,312090,2019
MG,31019,Curvelo,312570,2019
MG,31019,Curvelo,313110,2019
MG,31019,Curvelo,314250,2019
MG,31019,Curvelo,314360,2019
MG,31019,Curvelo,315320,2019
MG,31019,Curvelo,316060,2019
MG,31019,Curvelo,316935,2019
MG,31020,Guanhães,311380,2019
MG,31020,Guanhães,312260,2019
MG,31020,Guanhães,312310,2019
MG,31020,Guanhães,312800,2019
MG,31020,Guanhães,314060,2019
MG,31020,Guanhães,315600,2019
MG,31020,Guanhães,315680,2019
MG,31020,Guanhães,316610,2019
MG,31020,Guanhães,317180,2019
MG,31021,Itabira,310540,2019
MG,31021,Itabira,310770,2019
MG,31021,Itabira,311535,2019
MG,31021,Itabira,312590,2019
MG,31021,Itabira,313170,2019
MG,31021,Itabira,313280,2019
MG,31021,Itabira,314370,2019
MG,31021,Itabira,314750,2019
MG,31021,Itabira,315720,2019
MG,31021,Itabira,315800,2019
MG,31021,Itabira,316050,2019
MG,31021,Itabira,316190,2019
MG,31021,Itabira,316480,2019
MG,31022,Ouro Preto,313190,2019
MG,31022,Ouro Preto,314000,2019
MG,31022,Ouro Preto,314610,2019
MG,31023,João Monlevade,310600,2019
MG,31023,João Monlevade,313620,2019
MG,31023,João Monlevade,314470,2019
MG,31023,João Monlevade,315570,2019
MG,31023,João Monlevade,316100,2019
MG,31024,Sete Lagoas,310020,2019
MG,31024,Sete Lagoas,310060,2019
MG,31024,Sete Lagoas,310320,2019
MG,31024,Sete Lagoas,310500,2019
MG,31024,Sete Lagoas,310700,2019
MG,31024,Sete Lagoas,310960,2019
MG,31024,Sete Lagoas,310990,2019
MG,31024,Sete Lagoas,311250,2019
MG,31024,Sete Lagoas,311560,2019
MG,31024,Sete Lagoas,311890,2019
MG,31024,Sete Lagoas,312640,2019
MG,31024,Sete Lagoas,312720,2019
MG,31024,Sete Lagoas,313100,2019
MG,31024,Sete Lagoas,313570,2019
MG,31024,Sete Lagoas,313970,2019
MG,31024,Sete Lagoas,314350,2019
MG,31024,Sete Lagoas,314640,2019
MG,31024,Sete Lagoas,314690,2019
MG,31024,Sete Lagoas,314740,2019
MG,31024,Sete Lagoas,314960,2019
MG,31024,Sete Lagoas,315200,2019
MG,31024,Sete Lagoas,315360,2019
MG,31024,Sete Lagoas,315370,2019
MG,31024,Sete Lagoas,315850,2019
MG,31024,Sete Lagoas,316720,2019
MG,31025,Vespasiano,311787,2019
MG,31025,Vespasiano,313760,2019
MG,31025,Vespasiano,314110,2019
MG,31025,Vespasiano,314930,2019
MG,31025,Vespasiano,315900,2019
MG,31025,Vespasiano,316295,2019
MG,31025,Vespasiano,317120,2019
MG,31026,Diamantina,311350,2019
MG,31026,Diamantina,311680,2019
MG,31026,Diamantina,311810,2019
MG,31026,Diamantina,312010,2019
MG,31026,Diamantina,312100,2019
MG,31026,Diamantina,312160,2019
MG,31026,Diamantina,312540,2019
MG,31026,Diamantina,312550,2019
MG,31026,Diamantina,312760,2019
MG,31026,Diamantina,313250,2019
MG,31026,Diamantina,315330,2019
MG,31026,Diamantina,316590,2019
MG,31027,Turmalina/Minas Novas/Capelinha,310445,2019
MG,31027,Turmalina/Minas Novas/Capelinha,311230,2019
MG,31027,Turmalina/Minas Novas/Capelinha,311610,2019
MG,31027,Turmalina/Minas Novas/Capelinha,313652,2019
MG,31027,Turmalina/Minas Novas/Capelinha,313835,2019
MG,31027,Turmalina/Minas Novas/Capelinha,314180,2019
MG,31027,Turmalina/Minas Novas/Capelinha,316970,2019
MG,31027,Turmalina/Minas Novas/Capelinha,317107,2019
MG,31028,Bom Despacho,310740,2019
MG,31028,Bom Despacho,312320,2019
MG,31028,Bom Despacho,312470,2019
MG,31028,Bom Despacho,313880,2019
MG,31028,Bom Despacho,314050,2019
MG,31028,Bom Despacho,314240,2019
MG,31028,Bom Despacho,316660,2019
MG,31030,Formiga,310510,2019
MG,31030,Formiga,311980,2019
MG,31030,Formiga,311995,2019
MG,31030,Formiga,312610,2019
MG,31030,Formiga,313030,2019
MG,31030,Formiga,314130,2019
MG,31030,Formiga,314650,2019
MG,31030,Formiga,316820,2019
MG,31031,Itaúna,313220,2019
MG,31031,Itaúna,313370,2019
MG,31031,Itaúna,313380,2019
MG,31031,Itaúna,315060,2019
MG,31032,Pará de Minas,311760,2019
MG,31032,Pará de Minas,313020,2019
MG,31032,Pará de Minas,313830,2019
MG,31032,Pará de Minas,314520,2019
MG,31032,Pará de Minas,314580,2019
MG,31032,Pará de Minas,314710,2019
MG,31032,Pará de Minas,315140,2019
MG,31032,Pará de Minas,316310,2019
MG,31034,Caratinga,310780,2019
MG,31034,Caratinga,311340,2019
MG,31034,Caratinga,312385,2019
MG,31034,Caratinga,313055,2019
MG,31034,Caratinga,313090,2019
MG,31034,Caratinga,315015,2019
MG,31034,Caratinga,315725,2019
MG,31034,Caratinga,315935,2019
MG,31034,Caratinga,316095,2019
MG,31034,Caratinga,316447,2019
MG,31034,Caratinga,317005,2019
MG,31034,Caratinga,317057,2019
MG,31034,Caratinga,317115,2019
MG,31035,Coronel Fabriciano/Timóteo,310300,2019
MG,31035,Coronel Fabriciano/Timóteo,311940,2019
MG,31035,Coronel Fabriciano/Timóteo,312000,2019
MG,31035,Coronel Fabriciano/Timóteo,312180,2019
MG,31035,Coronel Fabriciano/Timóteo,313500,2019
MG,31035,Coronel Fabriciano/Timóteo,314030,2019
MG,31035,Coronel Fabriciano/Timóteo,315053,2019
MG,31035,Coronel Fabriciano/Timóteo,316870,2019
MG,31036,Governador Valadares,310180,2019
MG,31036,Governador Valadares,311265,2019
MG,31036,Governador Valadares,311920,2019
MG,31036,Governador Valadares,312220,2019
MG,31036,Governador Valadares,312370,2019
MG,31036,Governador Valadares,312580,2019
MG,31036,Governador Valadares,312690,2019
MG,31036,Governador Valadares,312730,2019
MG,31036,Governador Valadares,312750,2019
MG,31036,Governador Valadares,312770,2019
MG,31036,Governador Valadares,313320,2019
MG,31036,Governador Valadares,313507,2019
MG,31036,Governador Valadares,314010,2019
MG,31036,Governador Valadares,314420,2019
MG,31036,Governador Valadares,315750,2019
MG,31036,Governador Valadares,316160,2019
MG,31036,Governador Valadares,316165,2019
MG,31036,Governador Valadares,316300,2019
MG,31036,Governador Valadares,316550,2019
MG,31036,Governador Valadares,316770,2019
MG,31036,Governador Valadares,316840,2019
MG,31036,Governador Valadares,316950,2019
MG,31036,Governador Valadares,317150,2019
MG,31036,Governador Valadares,317190,2019
MG,31037,Ipatinga,310050,2019
MG,31037,Ipatinga,310630,2019
MG,31037,Ipatinga,310880,2019
MG,31037,Ipatinga,310925,2019
MG,31037,Ipatinga,312250,2019
MG,31037,Ipatinga,312930,2019
MG,31037,Ipatinga,313115,2019
MG,31037,Ipatinga,313130,2019
MG,31037,Ipatinga,313610,2019
MG,31037,Ipatinga,314170,2019
MG,31037,Ipatinga,314435,2019
MG,31037,Ipatinga,314995,2019
MG,31037,Ipatinga,315895,2019
MG,31037,Ipatinga,316260,2019
MG,31038,Mantena,311570,2019
MG,31038,Mantena,312210,2019
MG,31038,Mantena,313180,2019
MG,31038,Mantena,313960,2019
MG,31038,Mantena,314150,2019
MG,31038,Mantena,314467,2019
MG,31038,Mantena,316105,2019
MG,31038,Mantena,316257,2019
MG,31040,Resplendor,310110,2019
MG,31040,Resplendor,310220,2019
MG,31040,Resplendor,311840,2019
MG,31040,Resplendor,312083,2019
MG,31040,Resplendor,312737,2019
MG,31040,Resplendor,313410,2019
MG,31040,Resplendor,315430,2019
MG,31040,Resplendor,315950,2019
MG,31041,Além  Paraíba,310150,2019
MG,31041,Além  Paraíba,312460,2019
MG,31041,Além  Paraíba,315110,2019
MG,31041,Além  Paraíba,316000,2019
MG,31041,Além  Paraíba,317210,2019
MG,31042,Carangola,311010,2019
MG,31042,Carangola,311210,2019
MG,31042,Carangola,311330,2019
MG,31042,Carangola,312200,2019
MG,31042,Carangola,312420,2019
MG,31042,Carangola,312530,2019
MG,31042,Carangola,312595,2019
MG,31042,Carangola,314587,2019
MG,31042,Carangola,314875,2019
MG,31042,Carangola,314900,2019
MG,31042,Carangola,316920,2019
MG,31044,Leopoldina / Cataguases,310440,2019
MG,31044,Leopoldina / Cataguases,310460,2019
MG,31044,Leopoldina / Cataguases,311530,2019
MG,31044,Leopoldina / Cataguases,312290,2019
MG,31044,Leopoldina / Cataguases,313260,2019
MG,31044,Leopoldina / Cataguases,313800,2019
MG,31044,Leopoldina / Cataguases,313840,2019
MG,31044,Leopoldina / Cataguases,314670,2019
MG,31044,Leopoldina / Cataguases,315410,2019
MG,31044,Leopoldina / Cataguases,315840,2019
MG,31045,Muriaé,310310,2019
MG,31045,Muriaé,310550,2019
MG,31045,Muriaé,312490,2019
MG,31045,Muriaé,314210,2019
MG,31045,Muriaé,314220,2019
MG,31045,Muriaé,314390,2019
MG,31045,Muriaé,314820,2019
MG,31045,Muriaé,315645,2019
MG,31045,Muriaé,316140,2019
MG,31045,Muriaé,316443,2019
MG,31045,Muriaé,317140,2019
MG,31046,Santos Dumont,310330,2019
MG,31046,Santos Dumont,314570,2019
MG,31046,Santos Dumont,316070,2019
MG,31047,São João Nepomuceno / bicas,310690,2019
MG,31047,São João Nepomuceno / bicas,312130,2019
MG,31047,São João Nepomuceno / bicas,312850,2019
MG,31047,São João Nepomuceno / bicas,313980,2019
MG,31047,São João Nepomuceno / bicas,314020,2019
MG,31047,São João Nepomuceno / bicas,314950,2019
MG,31047,São João Nepomuceno / bicas,315620,2019
MG,31047,São João Nepomuceno / bicas,316290,2019
MG,31047,São João Nepomuceno / bicas,316560,2019
MG,31048,Ubá,310870,2019
MG,31048,Ubá,311670,2019
MG,31048,Ubá,312190,2019
MG,31048,Ubá,312330,2019
MG,31048,Ubá,312400,2019
MG,31048,Ubá,312840,2019
MG,31048,Ubá,312880,2019
MG,31048,Ubá,312900,2019
MG,31048,Ubá,314160,2019
MG,31048,Ubá,315130,2019
MG,31048,Ubá,315310,2019
MG,31048,Ubá,315580,2019
MG,31048,Ubá,315630,2019
MG,31048,Ubá,316150,2019
MG,31048,Ubá,316570,2019
MG,31048,Ubá,316730,2019
MG,31048,Ubá,316790,2019
MG,31048,Ubá,316900,2019
MG,31048,Ubá,316990,2019
MG,31048,Ubá,317200,2019
MG,31049,Brasília de Minas/São Francisco,310860,2019
MG,31049,Brasília de Minas/São Francisco,311115,2019
MG,31049,Brasília de Minas/São Francisco,312965,2019
MG,31049,Brasília de Minas/São Francisco,313005,2019
MG,31049,Brasília de Minas/São Francisco,313535,2019
MG,31049,Brasília de Minas/São Francisco,313865,2019
MG,31049,Brasília de Minas/São Francisco,313868,2019
MG,31049,Brasília de Minas/São Francisco,314795,2019
MG,31049,Brasília de Minas/São Francisco,315057,2019
MG,31049,Brasília de Minas/São Francisco,316110,2019
MG,31049,Brasília de Minas/São Francisco,316240,2019
MG,31049,Brasília de Minas/São Francisco,316420,2019
MG,31049,Brasília de Minas/São Francisco,317000,2019
MG,31049,Brasília de Minas/São Francisco,317052,2019
MG,31049,Brasília de Minas/São Francisco,317090,2019
MG,31050,Coração de Jesus,311880,2019
MG,31050,Coração de Jesus,313560,2019
MG,31050,Coração de Jesus,313730,2019
MG,31050,Coração de Jesus,316225,2019
MG,31050,Coração de Jesus,316265,2019
MG,31051,Francisco Sá,310850,2019
MG,31051,Francisco Sá,311270,2019
MG,31051,Francisco Sá,312030,2019
MG,31051,Francisco Sá,312670,2019
MG,31051,Francisco Sá,312780,2019
MG,31051,Francisco Sá,313657,2019
MG,31052,Janaúba/Monte Azul,311547,2019
MG,31052,Janaúba/Monte Azul,312430,2019
MG,31052,Janaúba/Monte Azul,312733,2019
MG,31052,Janaúba/Monte Azul,313505,2019
MG,31052,Janaúba/Monte Azul,313510,2019
MG,31052,Janaúba/Monte Azul,313925,2019
MG,31052,Janaúba/Monte Azul,314085,2019
MG,31052,Janaúba/Monte Azul,314100,2019
MG,31052,Janaúba/Monte Azul,314290,2019
MG,31052,Janaúba/Monte Azul,314505,2019
MG,31052,Janaúba/Monte Azul,314655,2019
MG,31052,Janaúba/Monte Azul,315220,2019
MG,31052,Janaúba/Monte Azul,315450,2019
MG,31052,Janaúba/Monte Azul,316695,2019
MG,31052,Janaúba/Monte Azul,317103,2019
MG,31053,Januária,310825,2019
MG,31053,Januária,311783,2019
MG,31053,Januária,313210,2019
MG,31053,Januária,313520,2019
MG,31053,Januária,314915,2019
MG,31055,Pirapora,310940,2019
MG,31055,Pirapora,312960,2019
MG,31055,Pirapora,313810,2019
MG,31055,Pirapora,315120,2019
MG,31055,Pirapora,315213,2019
MG,31055,Pirapora,315760,2019
MG,31055,Pirapora,317080,2019
MG,31057,Patos de Minas,312070,2019
MG,31057,Patos de Minas,312860,2019
MG,31057,Patos de Minas,312890,2019
MG,31057,Patos de Minas,313710,2019
MG,31057,Patos de Minas,313750,2019
MG,31057,Patos de Minas,314800,2019
MG,31057,Patos de Minas,315340,2019
MG,31057,Patos de Minas,316170,2019
MG,31057,Patos de Minas,316680,2019
MG,31057,Patos de Minas,317075,2019
MG,31057,Patos de Minas,317100,2019
MG,31058,Unaí,310450,2019
MG,31058,Unaí,310820,2019
MG,31058,Unaí,310930,2019
MG,31058,Unaí,310945,2019
MG,31058,Unaí,311615,2019
MG,31058,Unaí,312247,2019
MG,31058,Unaí,312620,2019
MG,31058,Unaí,314437,2019
MG,31058,Unaí,314700,2019
MG,31058,Unaí,315445,2019
MG,31058,Unaí,317040,2019
MG,31058,Unaí,317047,2019
MG,31059,Manhuaçu,310030,2019
MG,31059,Manhuaçu,310205,2019
MG,31059,Manhuaçu,311290,2019
MG,31059,Manhuaçu,311600,2019
MG,31059,Manhuaçu,311740,2019
MG,31059,Manhuaçu,312352,2019
MG,31059,Manhuaçu,313120,2019
MG,31059,Manhuaçu,313770,2019
MG,31059,Manhuaçu,313867,2019
MG,31059,Manhuaçu,313940,2019
MG,31059,Manhuaçu,313950,2019
MG,31059,Manhuaçu,314053,2019
MG,31059,Manhuaçu,314090,2019
MG,31059,Manhuaçu,314400,2019
MG,31059,Manhuaçu,315190,2019
MG,31059,Manhuaçu,315350,2019
MG,31059,Manhuaçu,315415,2019
MG,31059,Manhuaçu,315790,2019
MG,31059,Manhuaçu,315890,2019
MG,31059,Manhuaçu,316255,2019
MG,31059,Manhuaçu,316360,2019
MG,31059,Manhuaçu,316760,2019
MG,31059,Manhuaçu,316805,2019
MG,31060,Ponte Nova,310040,2019
MG,31060,Ponte Nova,310230,2019
MG,31060,Ponte Nova,310250,2019
MG,31060,Ponte Nova,310570,2019
MG,31060,Ponte Nova,312170,2019
MG,31060,Ponte Nova,312270,2019
MG,31060,Ponte Nova,312820,2019
MG,31060,Ponte Nova,313550,2019
MG,31060,Ponte Nova,314585,2019
MG,31060,Ponte Nova,315020,2019
MG,31060,Ponte Nova,315210,2019
MG,31060,Ponte Nova,315400,2019
MG,31060,Ponte Nova,315490,2019
MG,31060,Ponte Nova,315500,2019
MG,31060,Ponte Nova,315740,2019
MG,31060,Ponte Nova,316010,2019
MG,31060,Ponte Nova,316340,2019
MG,31060,Ponte Nova,316400,2019
MG,31060,Ponte Nova,316556,2019
MG,31060,Ponte Nova,316630,2019
MG,31060,Ponte Nova,317050,2019
MG,31061,Viçosa,310370,2019
MG,31061,Viçosa,311020,2019
MG,31061,Viçosa,311170,2019
MG,31061,Viçosa,314830,2019
MG,31061,Viçosa,314880,2019
MG,31061,Viçosa,315230,2019
MG,31061,Viçosa,316380,2019
MG,31061,Viçosa,316850,2019
MG,31061,Viçosa,317130,2019
MG,31062,Águas Formosas,310090,2019
MG,31062,Águas Formosas,310660,2019
MG,31062,Águas Formosas,312015,2019
MG,31062,Águas Formosas,312705,2019
MG,31062,Águas Formosas,313890,2019
MG,31062,Águas Formosas,314850,2019
MG,31062,Águas Formosas,315765,2019
MG,31062,Águas Formosas,317030,2019
MG,31064,Araçuaí,310340,2019
MG,31064,Araçuaí,310650,2019
MG,31064,Araçuaí,311950,2019
MG,31064,Araçuaí,312650,2019
MG,31064,Araçuaí,313545,2019
MG,31064,Araçuaí,317160,2019
MG,31065,Itaobim,311700,2019
MG,31065,Itaobim,313330,2019
MG,31065,Itaobim,313400,2019
MG,31065,Itaobim,314140,2019
MG,31065,Itaobim,314315,2019
MG,31065,Itaobim,315217,2019
MG,31066,Nanuque,311370,2019
MG,31066,Nanuque,314430,2019
MG,31066,Nanuque,316670,2019
MG,31067,Padre Paraíso,311300,2019
MG,31067,Padre Paraíso,311545,2019
MG,31067,Padre Paraíso,313230,2019
MG,31067,Padre Paraíso,314630,2019
MG,31068,Pedra azul,310100,2019
MG,31068,Pedra azul,310270,2019
MG,31068,Pedra azul,312235,2019
MG,31068,Pedra azul,312245,2019
MG,31068,Pedra azul,314870,2019
MG,31070,Araxá,310400,2019
MG,31070,Araxá,311150,2019
MG,31070,Araxá,312950,2019
MG,31070,Araxá,314920,2019
MG,31070,Araxá,314980,2019
MG,31070,Araxá,315300,2019
MG,31070,Araxá,315770,2019
MG,31070,Araxá,316810,2019
MG,31071,Frutal / Iturama,311455,2019
MG,31071,Frutal / Iturama,311690,2019
MG,31071,Frutal / Iturama,312700,2019
MG,31071,Frutal / Iturama,312710,2019
MG,31071,Frutal / Iturama,313340,2019
MG,31071,Frutal / Iturama,313440,2019
MG,31071,Frutal / Iturama,313862,2019
MG,31071,Frutal / Iturama,315070,2019
MG,31071,Frutal / Iturama,315160,2019
MG,31071,Frutal / Iturama,316130,2019
MG,31071,Frutal / Iturama,317043,2019
MG,31072,Uberaba,310070,2019
MG,31072,Uberaba,311140,2019
MG,31072,Uberaba,311730,2019
MG,31072,Uberaba,311820,2019
MG,31072,Uberaba,312125,2019
MG,31072,Uberaba,315690,2019
MG,31072,Uberaba,317010,2019
MG,31072,Uberaba,317110,2019
MG,31073,Ituiutaba,310980,2019
MG,31073,Ituiutaba,311110,2019
MG,31073,Ituiutaba,311180,2019
MG,31073,Ituiutaba,311260,2019
MG,31073,Ituiutaba,311580,2019
MG,31073,Ituiutaba,312910,2019
MG,31073,Ituiutaba,313140,2019
MG,31073,Ituiutaba,313420,2019
MG,31073,Ituiutaba,315980,2019
MG,31074,Patrocínio / Monte Carmelo,310010,2019
MG,31074,Patrocínio / Monte Carmelo,311930,2019
MG,31074,Patrocínio / Monte Carmelo,312350,2019
MG,31074,Patrocínio / Monte Carmelo,312480,2019
MG,31074,Patrocínio / Monte Carmelo,312790,2019
MG,31074,Patrocínio / Monte Carmelo,313160,2019
MG,31074,Patrocínio / Monte Carmelo,314310,2019
MG,31074,Patrocínio / Monte Carmelo,314810,2019
MG,31074,Patrocínio / Monte Carmelo,315640,2019
MG,31075,Uberlândia / Araguari,310350,2019
MG,31075,Uberlândia / Araguari,310375,2019
MG,31075,Uberlândia / Araguari,311500,2019
MG,31075,Uberlândia / Araguari,313070,2019
MG,31075,Uberlândia / Araguari,314280,2019
MG,31075,Uberlândia / Araguari,314500,2019
MG,31075,Uberlândia / Araguari,315280,2019
MG,31075,Uberlândia / Araguari,316960,2019
MG,31075,Uberlândia / Araguari,317020,2019
MG,31076,Manga,313695,2019
MG,31076,Manga,313930,2019
MG,31076,Manga,314225,2019
MG,31076,Manga,314270,2019
MG,31076,Manga,316245,2019
MG,31077,João Pinheiro,310855,2019
MG,31077,João Pinheiro,313630,2019
MG,31077,João Pinheiro,313753,2019
MG,31078,Congonhas,311800,2019
MG,31078,Congonhas,312140,2019
MG,31078,Congonhas,312390,2019
MG,31078,Congonhas,313540,2019
MG,31078,Congonhas,314590,2019
MG,31078,Congonhas,316090,2019
MG,31079,Conselheiro Lafaiete,311310,2019
MG,31079,Conselheiro Lafaiete,311490,2019
MG,31079,Conselheiro Lafaiete,311540,2019
MG,31079,Conselheiro Lafaiete,311830,2019
MG,31079,Conselheiro Lafaiete,312040,2019
MG,31079,Conselheiro Lafaiete,313390,2019
MG,31079,Conselheiro Lafaiete,313790,2019
MG,31079,Conselheiro Lafaiete,315080,2019
MG,31079,Conselheiro Lafaiete,315380,2019
MG,31079,Conselheiro Lafaiete,315520,2019
MG,31079,Conselheiro Lafaiete,315910,2019
MG,31079,Conselheiro Lafaiete,316600,2019
MG,31080,Peçanha/São João Evangelista,311205,2019
MG,31080,Peçanha/São João Evangelista,312695,2019
MG,31080,Peçanha/São João Evangelista,314840,2019
MG,31080,Peçanha/São João Evangelista,314860,2019
MG,31080,Peçanha/São João Evangelista,316280,2019
MG,31080,Peçanha/São João Evangelista,316350,2019
MG,31080,Peçanha/São João Evangelista,316410,2019
MG,31081,Santa Maria do Suaçuí,313655,2019
MG,31081,Santa Maria do Suaçuí,315820,2019
MG,31081,Santa Maria do Suaçuí,316450,2019
MG,31082,São Gotardo,310380,2019
MG,31082,São Gotardo,311430,2019
MG,31082,São Gotardo,314120,2019
MG,31082,São Gotardo,315550,2019
MG,31082,São Gotardo,315970,2019
MG,31082,São Gotardo,316210,2019
MG,31082,São Gotardo,316890,2019
MG,31083,Bocaiúva,310730,2019
MG,31083,Bocaiúva,312380,2019
MG,31083,Bocaiúva,312660,2019
MG,31083,Bocaiúva,312825,2019
MG,31083,Bocaiúva,313640,2019
MG,31083,Bocaiúva,314545,2019
MG,31084,Montes Claros,311650,2019
MG,31084,Montes Claros,312735,2019
MG,31084,Montes Claros,313200,2019
MG,31084,Montes Claros,313680,2019
MG,31084,Montes Claros,314200,2019
MG,31084,Montes Claros,314330,2019
MG,31085,Taiobeiras,310665,2019
MG,31085,Taiobeiras,312087,2019
MG,31085,Taiobeiras,313065,2019
MG,31085,Taiobeiras,314345,2019
MG,31085,Taiobeiras,314465,2019
MG,31085,Taiobeiras,315560,2019
MG,31085,Taiobeiras,316045,2019
MG,31085,Taiobeiras,316270,2019
MG,31085,Taiobeiras,316800,2019
MG,31085,Taiobeiras,317065,2019
MG,31086,Divinópolis,310390,2019
MG,31086,Divinópolis,311420,2019
MG,31086,Divinópolis,311660,2019
MG,31086,Divinópolis,312230,2019
MG,31086,Divinópolis,313350,2019
MG,31086,Divinópolis,314970,2019
MG,31086,Divinópolis,316180,2019
MG,31086,Divinópolis,316460,2019
MG,31087,Lagoa da Prata/Sto Ant do Monte,310420,2019
MG,31087,Lagoa da Prata/Sto Ant do Monte,313530,2019
MG,31087,Lagoa da Prata/Sto Ant do Monte,313720,2019
MG,31087,Lagoa da Prata/Sto Ant do Monte,314890,2019
MG,31087,Lagoa da Prata/Sto Ant do Monte,316040,2019
MG,31088,Oliveira/Santo Antônio do Amparo,311400,2019
MG,31088,Oliveira/Santo Antônio do Amparo,311450,2019
MG,31088,Oliveira/Santo Antônio do Amparo,314560,2019
MG,31088,Oliveira/Santo Antônio do Amparo,314770,2019
MG,31088,Oliveira/Santo Antônio do Amparo,315990,2019
MG,31088,Oliveira/Santo Antônio do Amparo,316120,2019
MG,31089,Campo Belo,310080,2019
MG,31089,Campo Belo,311040,2019
MG,31089,Campo Belo,311120,2019
MG,31089,Campo Belo,311190,2019
MG,31089,Campo Belo,311200,2019
MG,31089,Campo Belo,312020,2019
MG,31089,Campo Belo,315880,2019
MG,31090,Lima Duarte,310280,2019
MG,31090,Lima Duarte,310360,2019
MG,31090,Lima Duarte,310680,2019
MG,31090,Lima Duarte,310720,2019
MG,31090,Lima Duarte,310750,2019
MG,31090,Lima Duarte,313850,2019
MG,31090,Lima Duarte,313860,2019
MG,31090,Lima Duarte,314540,2019
MG,31090,Lima Duarte,314780,2019
MG,31090,Lima Duarte,314940,2019
MG,31090,Lima Duarte,315590,2019
MG,31090,Lima Duarte,315727,2019
MG,31090,Lima Duarte,315930,2019
MG,31091,Cassia,311240,2019
MG,31091,Cassia,311510,2019
MG,31091,Cassia,311640,2019
MG,31091,Cassia,312120,2019
MG,31091,Cassia,312970,2019
MG,31092,Passos,310190,2019
MG,31092,Passos,310760,2019
MG,31092,Passos,311440,2019
MG,31092,Passos,312630,2019
MG,31092,Passos,313375,2019
MG,31092,Passos,314510,2019
MG,31092,Passos,314790,2019
MG,31092,Passos,316220,2019
MG,31092,Passos,316294,2019
MG,31093,Piumhi,311280,2019
MG,31093,Piumhi,312340,2019
MG,31093,Piumhi,312810,2019
MG,31093,Piumhi,315050,2019
MG,31093,Piumhi,315150,2019
MG,31093,Piumhi,316430,2019
MG,31093,Piumhi,317060,2019
MG,31094,Almenara/Jacinto,310170,2019
MG,31094,Almenara/Jacinto,310520,2019
MG,31094,Almenara/Jacinto,312560,2019
MG,31094,Almenara/Jacinto,313470,2019
MG,31094,Almenara/Jacinto,313580,2019
MG,31094,Almenara/Jacinto,313600,2019
MG,31094,Almenara/Jacinto,313650,2019
MG,31094,Almenara/Jacinto,314055,2019
MG,31094,Almenara/Jacinto,314675,2019
MG,31094,Almenara/Jacinto,315510,2019
MG,31094,Almenara/Jacinto,315660,2019
MG,31094,Almenara/Jacinto,315710,2019
MG,31094,Almenara/Jacinto,315810,2019
MG,31094,Almenara/Jacinto,316030,2019
MG,31095,Serro,310240,2019
MG,31095,Serro,311750,2019
MG,31095,Serro,316020,2019
MG,31095,Serro,316650,2019
MG,31095,Serro,316710,2019
MG,31096,Itambacuri,311080,2019
MG,31096,Itambacuri,312680,2019
MG,31096,Itambacuri,313270,2019
MG,31096,Itambacuri,314490,2019
MG,31096,Itambacuri,315000,2019
MG,31096,Itambacuri,316330,2019
MG,31097,Juiz de Fora,310610,2019
MG,31097,Juiz de Fora,311590,2019
MG,31097,Juiz de Fora,311620,2019
MG,31097,Juiz de Fora,311960,2019
MG,31097,Juiz de Fora,312500,2019
MG,31097,Juiz de Fora,312738,2019
MG,31097,Juiz de Fora,313670,2019
MG,31097,Juiz de Fora,314080,2019
MG,31097,Juiz de Fora,315010,2019
MG,31097,Juiz de Fora,315540,2019
MG,31097,Juiz de Fora,315860,2019
MG,31097,Juiz de Fora,316750,2019
MG,31098,salinas,312707,2019
MG,31098,salinas,314537,2019
MG,31098,salinas,314625,2019
MG,31098,salinas,315650,2019
MG,31098,salinas,315700,2019
MG,31098,salinas,315737,2019
MG,31099,Teófilo Otoni / Malacacheta,310285,2019
MG,31099,Teófilo Otoni / Malacacheta,310470,2019
MG,31099,Teófilo Otoni / Malacacheta,312675,2019
MG,31099,Teófilo Otoni / Malacacheta,313700,2019
MG,31099,Teófilo Otoni / Malacacheta,313920,2019
MG,31099,Teófilo Otoni / Malacacheta,314530,2019
MG,31099,Teófilo Otoni / Malacacheta,314535,2019
MG,31099,Teófilo Otoni / Malacacheta,314620,2019
MG,31099,Teófilo Otoni / Malacacheta,315240,2019
MG,31099,Teófilo Otoni / Malacacheta,316555,2019
MG,31099,Teófilo Otoni / Malacacheta,316860,2019
ES,32001,Central,320013,2019
ES,32001,Central,320035,2019
ES,32001,Central,320060,2019
ES,32001,Central,320080,2019
ES,32001,Central,320150,2019
ES,32001,Central,320225,2019
ES,32001,Central,320250,2019
ES,32001,Central,320313,2019
ES,32001,Central,320320,2019
ES,32001,Central,320330,2019
ES,32001,Central,320335,2019
ES,32001,Central,320400,2019
ES,32001,Central,320435,2019
ES,32001,Central,320465,2019
ES,32001,Central,320470,2019
ES,32001,Central,320495,2019
ES,32001,Central,320501,2019
ES,32001,Central,320517,2019
ES,32002,Metropolitana,320010,2019
ES,32002,Metropolitana,320115,2019
ES,32002,Metropolitana,320130,2019
ES,32002,Metropolitana,320170,2019
ES,32002,Metropolitana,320190,2019
ES,32002,Metropolitana,320220,2019
ES,32002,Metropolitana,320240,2019
ES,32002,Metropolitana,320245,2019
ES,32002,Metropolitana,320270,2019
ES,32002,Metropolitana,320290,2019
ES,32002,Metropolitana,320316,2019
ES,32002,Metropolitana,320334,2019
ES,32002,Metropolitana,320450,2019
ES,32002,Metropolitana,320455,2019
ES,32002,Metropolitana,320460,2019
ES,32002,Metropolitana,320500,2019
ES,32002,Metropolitana,320506,2019
ES,32002,Metropolitana,320510,2019
ES,32002,Metropolitana,320520,2019
ES,32002,Metropolitana,320530,2019
ES,32003,Norte,320016,2019
ES,32003,Norte,320090,2019
ES,32003,Norte,320100,2019
ES,32003,Norte,320160,2019
ES,32003,Norte,320210,2019
ES,32003,Norte,320305,2019
ES,32003,Norte,320350,2019
ES,32003,Norte,320360,2019
ES,32003,Norte,320390,2019
ES,32003,Norte,320405,2019
ES,32003,Norte,320410,2019
ES,32003,Norte,320425,2019
ES,32003,Norte,320490,2019
ES,32003,Norte,320515,2019
ES,32004,Sul,320020,2019
ES,32004,Sul,320030,2019
ES,32004,Sul,320040,2019
ES,32004,Sul,320050,2019
ES,32004,Sul,320070,2019
ES,32004,Sul,320110,2019
ES,32004,Sul,320120,2019
ES,32004,Sul,320140,2019
ES,32004,Sul,320180,2019
ES,32004,Sul,320200,2019
ES,32004,Sul,320230,2019
ES,32004,Sul,320255,2019
ES,32004,Sul,320260,2019
ES,32004,Sul,320265,2019
ES,32004,Sul,320280,2019
ES,32004,Sul,320300,2019
ES,32004,Sul,320310,2019
ES,32004,Sul,320332,2019
ES,32004,Sul,320340,2019
ES,32004,Sul,320370,2019
ES,32004,Sul,320380,2019
ES,32004,Sul,320420,2019
ES,32004,Sul,320430,2019
ES,32004,Sul,320440,2019
ES,32004,Sul,320480,2019
ES,32004,Sul,320503,2019
RJ,33001,Baia da Ilha Grande,330010,2019
RJ,33001,Baia da Ilha Grande,330260,2019
RJ,33001,Baia da Ilha Grande,330380,2019
RJ,33002,Baixada Litorânea,330020,2019
RJ,33002,Baixada Litorânea,330023,2019
RJ,33002,Baixada Litorânea,330025,2019
RJ,33002,Baixada Litorânea,330070,2019
RJ,33002,Baixada Litorânea,330130,2019
RJ,33002,Baixada Litorânea,330187,2019
RJ,33002,Baixada Litorânea,330452,2019
RJ,33002,Baixada Litorânea,330520,2019
RJ,33002,Baixada Litorânea,330550,2019
RJ,33003,Centro-Sul,330022,2019
RJ,33003,Centro-Sul,330095,2019
RJ,33003,Centro-Sul,330180,2019
RJ,33003,Centro-Sul,330280,2019
RJ,33003,Centro-Sul,330290,2019
RJ,33003,Centro-Sul,330360,2019
RJ,33003,Centro-Sul,330370,2019
RJ,33003,Centro-Sul,330385,2019
RJ,33003,Centro-Sul,330540,2019
RJ,33003,Centro-Sul,330600,2019
RJ,33003,Centro-Sul,330620,2019
RJ,33004,Médio Paraíba,330030,2019
RJ,33004,Médio Paraíba,330040,2019
RJ,33004,Médio Paraíba,330225,2019
RJ,33004,Médio Paraíba,330395,2019
RJ,33004,Médio Paraíba,330400,2019
RJ,33004,Médio Paraíba,330411,2019
RJ,33004,Médio Paraíba,330412,2019
RJ,33004,Médio Paraíba,330420,2019
RJ,33004,Médio Paraíba,330440,2019
RJ,33004,Médio Paraíba,330450,2019
RJ,33004,Médio Paraíba,330610,2019
RJ,33004,Médio Paraíba,330630,2019
RJ,33005,Metropolitana I,330045,2019
RJ,33005,Metropolitana I,330170,2019
RJ,33005,Metropolitana I,330200,2019
RJ,33005,Metropolitana I,330227,2019
RJ,33005,Metropolitana I,330250,2019
RJ,33005,Metropolitana I,330285,2019
RJ,33005,Metropolitana I,330320,2019
RJ,33005,Metropolitana I,330350,2019
RJ,33005,Metropolitana I,330414,2019
RJ,33005,Metropolitana I,330455,2019
RJ,33005,Metropolitana I,330510,2019
RJ,33005,Metropolitana I,330555,2019
RJ,33006,Metropolitana II,330190,2019
RJ,33006,Metropolitana II,330270,2019
RJ,33006,Metropolitana II,330330,2019
RJ,33006,Metropolitana II,330430,2019
RJ,33006,Metropolitana II,330490,2019
RJ,33006,Metropolitana II,330560,2019
RJ,33006,Metropolitana II,330575,2019
RJ,33007,Noroeste,330015,2019
RJ,33007,Noroeste,330060,2019
RJ,33007,Noroeste,330090,2019
RJ,33007,Noroeste,330115,2019
RJ,33007,Noroeste,330205,2019
RJ,33007,Noroeste,330210,2019
RJ,33007,Noroeste,330220,2019
RJ,33007,Noroeste,330230,2019
RJ,33007,Noroeste,330300,2019
RJ,33007,Noroeste,330310,2019
RJ,33007,Noroeste,330410,2019
RJ,33007,Noroeste,330470,2019
RJ,33007,Noroeste,330513,2019
RJ,33007,Noroeste,330615,2019
RJ,33008,Norte,330093,2019
RJ,33008,Norte,330100,2019
RJ,33008,Norte,330140,2019
RJ,33008,Norte,330240,2019
RJ,33008,Norte,330415,2019
RJ,33008,Norte,330475,2019
RJ,33008,Norte,330480,2019
RJ,33008,Norte,330500,2019
RJ,33009,Serrana,330050,2019
RJ,33009,Serrana,330080,2019
RJ,33009,Serrana,330110,2019
RJ,33009,Serrana,330120,2019
RJ,33009,Serrana,330150,2019
RJ,33009,Serrana,330160,2019
RJ,33009,Serrana,330185,2019
RJ,33009,Serrana,330245,2019
RJ,33009,Serrana,330340,2019
RJ,33009,Serrana,330390,2019
RJ,33009,Serrana,330460,2019
RJ,33009,Serrana,330515,2019
RJ,33009,Serrana,330530,2019
RJ,33009,Serrana,330570,2019
RJ,33009,Serrana,330580,2019
RJ,33009,Serrana,330590,2019
SP,35011,Alto do Tietê,350390,2019
SP,35011,Alto do Tietê,350660,2019
SP,35011,Alto do Tietê,351570,2019
SP,35011,Alto do Tietê,351830,2019
SP,35011,Alto do Tietê,351880,2019
SP,35011,Alto do Tietê,352310,2019
SP,35011,Alto do Tietê,353060,2019
SP,35011,Alto do Tietê,353980,2019
SP,35011,Alto do Tietê,354500,2019
SP,35011,Alto do Tietê,354680,2019
SP,35011,Alto do Tietê,355250,2019
SP,35012,Franco da Rocha,350900,2019
SP,35012,Franco da Rocha,350920,2019
SP,35012,Franco da Rocha,351630,2019
SP,35012,Franco da Rocha,351640,2019
SP,35012,Franco da Rocha,352850,2019
SP,35013,Mananciais,351300,2019
SP,35013,Mananciais,351500,2019
SP,35013,Mananciais,351510,2019
SP,35013,Mananciais,352220,2019
SP,35013,Mananciais,352620,2019
SP,35013,Mananciais,354995,2019
SP,35013,Mananciais,355280,2019
SP,35013,Mananciais,355645,2019
SP,35014,Rota dos Bandeirantes,350570,2019
SP,35014,Rota dos Bandeirantes,351060,2019
SP,35014,Rota dos Bandeirantes,352250,2019
SP,35014,Rota dos Bandeirantes,352500,2019
SP,35014,Rota dos Bandeirantes,353440,2019
SP,35014,Rota dos Bandeirantes,353910,2019
SP,35014,Rota dos Bandeirantes,354730,2019
SP,35015,Grande ABC,351380,2019
SP,35015,Grande ABC,352940,2019
SP,35015,Grande ABC,354330,2019
SP,35015,Grande ABC,354410,2019
SP,35015,Grande ABC,354780,2019
SP,35015,Grande ABC,354870,2019
SP,35015,Grande ABC,354880,2019
SP,35016,São Paulo,355030,2019
SP,35021,Central do DRS II,350280,2019
SP,35021,Central do DRS II,350420,2019
SP,35021,Central do DRS II,350620,2019
SP,35021,Central do DRS II,350640,2019
SP,35021,Central do DRS II,351820,2019
SP,35021,Central do DRS II,351890,2019
SP,35021,Central do DRS II,353286,2019
SP,35021,Central do DRS II,353330,2019
SP,35021,Central do DRS II,354440,2019
SP,35021,Central do DRS II,354805,2019
SP,35021,Central do DRS II,355630,2019
SP,35022,Lagos do DRS II,350210,2019
SP,35022,Lagos do DRS II,351100,2019
SP,35022,Lagos do DRS II,351780,2019
SP,35022,Lagos do DRS II,352044,2019
SP,35022,Lagos do DRS II,352300,2019
SP,35022,Lagos do DRS II,352650,2019
SP,35022,Lagos do DRS II,353010,2019
SP,35022,Lagos do DRS II,353210,2019
SP,35022,Lagos do DRS II,353320,2019
SP,35022,Lagos do DRS II,353740,2019
SP,35022,Lagos do DRS II,355230,2019
SP,35022,Lagos do DRS II,355255,2019
SP,35023,Consórcios do DRS II,350110,2019
SP,35023,Consórcios do DRS II,350440,2019
SP,35023,Consórcios do DRS II,350510,2019
SP,35023,Consórcios do DRS II,350650,2019
SP,35023,Consórcios do DRS II,350770,2019
SP,35023,Consórcios do DRS II,350775,2019
SP,35023,Consórcios do DRS II,350810,2019
SP,35023,Consórcios do DRS II,351190,2019
SP,35023,Consórcios do DRS II,351250,2019
SP,35023,Consórcios do DRS II,351650,2019
SP,35023,Consórcios do DRS II,351710,2019
SP,35023,Consórcios do DRS II,352725,2019
SP,35023,Consórcios do DRS II,352770,2019
SP,35023,Consórcios do DRS II,353730,2019
SP,35023,Consórcios do DRS II,353770,2019
SP,35023,Consórcios do DRS II,354840,2019
SP,35023,Consórcios do DRS II,355520,2019
SP,35031,Central do DRS III,350170,2019
SP,35031,Central do DRS III,350320,2019
SP,35031,Central do DRS III,350670,2019
SP,35031,Central do DRS III,351685,2019
SP,35031,Central do DRS III,353205,2019
SP,35031,Central do DRS III,354370,2019
SP,35031,Central do DRS III,354690,2019
SP,35031,Central do DRS III,355475,2019
SP,35032,Centro Oeste do DRS III,350740,2019
SP,35032,Centro Oeste do DRS III,351960,2019
SP,35032,Centro Oeste do DRS III,352270,2019
SP,35032,Centro Oeste do DRS III,353290,2019
SP,35032,Centro Oeste do DRS III,355270,2019
SP,35033,Norte do DRS III,351010,2019
SP,35033,Norte do DRS III,351400,2019
SP,35033,Norte do DRS III,352930,2019
SP,35033,Norte do DRS III,354650,2019
SP,35033,Norte do DRS III,355370,2019
SP,35034,Coração do DRS III,351370,2019
SP,35034,Coração do DRS III,351430,2019
SP,35034,Coração do DRS III,351930,2019
SP,35034,Coração do DRS III,354070,2019
SP,35034,Coração do DRS III,354290,2019
SP,35034,Coração do DRS III,354890,2019
SP,35041,Baixada Santista,350635,2019
SP,35041,Baixada Santista,351350,2019
SP,35041,Baixada Santista,351870,2019
SP,35041,Baixada Santista,352210,2019
SP,35041,Baixada Santista,353110,2019
SP,35041,Baixada Santista,353760,2019
SP,35041,Baixada Santista,354100,2019
SP,35041,Baixada Santista,354850,2019
SP,35041,Baixada Santista,355100,2019
SP,35051,Norte - Barretos,350090,2019
SP,35051,Norte - Barretos,350550,2019
SP,35051,Norte - Barretos,350930,2019
SP,35051,Norte - Barretos,351200,2019
SP,35051,Norte - Barretos,351210,2019
SP,35051,Norte - Barretos,351740,2019
SP,35051,Norte - Barretos,351790,2019
SP,35051,Norte - Barretos,352420,2019
SP,35051,Norte - Barretos,353390,2019
SP,35051,Norte - Barretos,355190,2019
SP,35052,Sul - Barretos,350610,2019
SP,35052,Sul - Barretos,353150,2019
SP,35052,Sul - Barretos,355310,2019
SP,35052,Sul - Barretos,355320,2019
SP,35052,Sul - Barretos,355365,2019
SP,35052,Sul - Barretos,355440,2019
SP,35052,Sul - Barretos,355680,2019
SP,35052,Sul - Barretos,355690,2019
SP,35061,Vale do Jurumirim,350055,2019
SP,35061,Vale do Jurumirim,350310,2019
SP,35061,Vale do Jurumirim,350450,2019
SP,35061,Vale do Jurumirim,350500,2019
SP,35061,Vale do Jurumirim,351140,2019
SP,35061,Vale do Jurumirim,351260,2019
SP,35061,Vale do Jurumirim,351540,2019
SP,35061,Vale do Jurumirim,351925,2019
SP,35061,Vale do Jurumirim,352180,2019
SP,35061,Vale do Jurumirim,352280,2019
SP,35061,Vale do Jurumirim,352860,2019
SP,35061,Vale do Jurumirim,353580,2019
SP,35061,Vale do Jurumirim,353880,2019
SP,35061,Vale do Jurumirim,355120,2019
SP,35061,Vale do Jurumirim,355300,2019
SP,35061,Vale do Jurumirim,355380,2019
SP,35061,Vale do Jurumirim,355420,2019
SP,35062,Bauru,350070,2019
SP,35062,Bauru,350340,2019
SP,35062,Bauru,350430,2019
SP,35062,Bauru,350470,2019
SP,35062,Bauru,350600,2019
SP,35062,Bauru,350745,2019
SP,35062,Bauru,350830,2019
SP,35062,Bauru,351450,2019
SP,35062,Bauru,351910,2019
SP,35062,Bauru,352680,2019
SP,35062,Bauru,352750,2019
SP,35062,Bauru,352800,2019
SP,35062,Bauru,353657,2019
SP,35062,Bauru,353670,2019
SP,35062,Bauru,353890,2019
SP,35062,Bauru,353940,2019
SP,35062,Bauru,354110,2019
SP,35062,Bauru,354250,2019
SP,35063,Polo Cuesta,350230,2019
SP,35063,Polo Cuesta,350360,2019
SP,35063,Polo Cuesta,350690,2019
SP,35063,Polo Cuesta,350750,2019
SP,35063,Polo Cuesta,351230,2019
SP,35063,Polo Cuesta,352350,2019
SP,35063,Polo Cuesta,352640,2019
SP,35063,Polo Cuesta,353610,2019
SP,35063,Polo Cuesta,353750,2019
SP,35063,Polo Cuesta,354050,2019
SP,35063,Polo Cuesta,354105,2019
SP,35063,Polo Cuesta,355010,2019
SP,35063,Polo Cuesta,355465,2019
SP,35064,Jaú,350520,2019
SP,35064,Jaú,350530,2019
SP,35064,Jaú,350680,2019
SP,35064,Jaú,350730,2019
SP,35064,Jaú,350790,2019
SP,35064,Jaú,351410,2019
SP,35064,Jaú,352000,2019
SP,35064,Jaú,352200,2019
SP,35064,Jaú,352290,2019
SP,35064,Jaú,352530,2019
SP,35064,Jaú,352980,2019
SP,35064,Jaú,355470,2019
SP,35065,Lins,350880,2019
SP,35065,Lins,351700,2019
SP,35065,Lins,351720,2019
SP,35065,Lins,352710,2019
SP,35065,Lins,354010,2019
SP,35065,Lins,354160,2019
SP,35065,Lins,354460,2019
SP,35065,Lins,355590,2019
SP,35071,Bragança,350410,2019
SP,35071,Bragança,350710,2019
SP,35071,Bragança,350760,2019
SP,35071,Bragança,352550,2019
SP,35071,Bragança,353240,2019
SP,35071,Bragança,353680,2019
SP,35071,Bragança,353820,2019
SP,35071,Bragança,353860,2019
SP,35071,Bragança,355210,2019
SP,35071,Bragança,355495,2019
SP,35071,Bragança,355635,2019
SP,35072,Região Metropolitana de Campinas,350160,2019
SP,35072,Região Metropolitana de Campinas,350380,2019
SP,35072,Região Metropolitana de Campinas,350950,2019
SP,35072,Região Metropolitana de Campinas,351280,2019
SP,35072,Região Metropolitana de Campinas,351905,2019
SP,35072,Região Metropolitana de Campinas,351907,2019
SP,35072,Região Metropolitana de Campinas,352050,2019
SP,35072,Região Metropolitana de Campinas,352340,2019
SP,35072,Região Metropolitana de Campinas,352470,2019
SP,35072,Região Metropolitana de Campinas,353180,2019
SP,35072,Região Metropolitana de Campinas,353200,2019
SP,35072,Região Metropolitana de Campinas,353340,2019
SP,35072,Região Metropolitana de Campinas,353650,2019
SP,35072,Região Metropolitana de Campinas,353710,2019
SP,35072,Região Metropolitana de Campinas,354580,2019
SP,35072,Região Metropolitana de Campinas,354800,2019
SP,35072,Região Metropolitana de Campinas,355240,2019
SP,35072,Região Metropolitana de Campinas,355620,2019
SP,35072,Região Metropolitana de Campinas,355670,2019
SP,35073,Jundiaí,350840,2019
SP,35073,Jundiaí,350960,2019
SP,35073,Jundiaí,352400,2019
SP,35073,Jundiaí,352520,2019
SP,35073,Jundiaí,352590,2019
SP,35073,Jundiaí,352730,2019
SP,35073,Jundiaí,355650,2019
SP,35074,Circuito das Águas,350050,2019
SP,35074,Circuito das Águas,350190,2019
SP,35074,Circuito das Águas,352700,2019
SP,35074,Circuito das Águas,353120,2019
SP,35074,Circuito das Águas,355160,2019
SP,35081,Três Colinas,351320,2019
SP,35081,Três Colinas,351620,2019
SP,35081,Três Colinas,352370,2019
SP,35081,Três Colinas,352540,2019
SP,35081,Três Colinas,353630,2019
SP,35081,Três Colinas,353700,2019
SP,35081,Três Colinas,354270,2019
SP,35081,Três Colinas,354310,2019
SP,35081,Três Colinas,354360,2019
SP,35081,Três Colinas,354950,2019
SP,35082,Alta Anhanguera,352130,2019
SP,35082,Alta Anhanguera,353190,2019
SP,35082,Alta Anhanguera,353360,2019
SP,35082,Alta Anhanguera,353430,2019
SP,35082,Alta Anhanguera,354490,2019
SP,35082,Alta Anhanguera,354940,2019
SP,35083,Alta Mogiana,350300,2019
SP,35083,Alta Mogiana,350820,2019
SP,35083,Alta Mogiana,351770,2019
SP,35083,Alta Mogiana,352010,2019
SP,35083,Alta Mogiana,352410,2019
SP,35083,Alta Mogiana,352970,2019
SP,35091,Adamantina,350010,2019
SP,35091,Adamantina,351600,2019
SP,35091,Adamantina,352080,2019
SP,35091,Adamantina,352740,2019
SP,35091,Adamantina,352890,2019
SP,35091,Adamantina,353460,2019
SP,35091,Adamantina,353490,2019
SP,35091,Adamantina,354085,2019
SP,35091,Adamantina,354470,2019
SP,35091,Adamantina,354510,2019
SP,35092,Assis,350400,2019
SP,35092,Assis,350720,2019
SP,35092,Assis,351000,2019
SP,35092,Assis,351330,2019
SP,35092,Assis,351610,2019
SP,35092,Assis,352790,2019
SP,35092,Assis,352880,2019
SP,35092,Assis,353530,2019
SP,35092,Assis,353550,2019
SP,35092,Assis,353715,2019
SP,35092,Assis,353970,2019
SP,35092,Assis,355395,2019
SP,35093,Marília,350140,2019
SP,35093,Marília,350150,2019
SP,35093,Marília,350980,2019
SP,35093,Marília,351470,2019
SP,35093,Marília,351565,2019
SP,35093,Marília,351660,2019
SP,35093,Marília,351670,2019
SP,35093,Marília,351730,2019
SP,35093,Marília,351810,2019
SP,35093,Marília,352580,2019
SP,35093,Marília,352780,2019
SP,35093,Marília,352900,2019
SP,35093,Marília,353370,2019
SP,35093,Marília,353410,2019
SP,35093,Marília,353450,2019
SP,35093,Marília,354000,2019
SP,35093,Marília,354200,2019
SP,35093,Marília,355550,2019
SP,35093,Marília,355660,2019
SP,35094,Ourinhos,350630,2019
SP,35094,Ourinhos,351015,2019
SP,35094,Ourinhos,351519,2019
SP,35094,Ourinhos,351950,2019
SP,35094,Ourinhos,352090,2019
SP,35094,Ourinhos,353380,2019
SP,35094,Ourinhos,353470,2019
SP,35094,Ourinhos,354320,2019
SP,35094,Ourinhos,354540,2019
SP,35094,Ourinhos,354640,2019
SP,35094,Ourinhos,355050,2019
SP,35094,Ourinhos,355460,2019
SP,35094,Ourinhos,355720,2019
SP,35095,Tupã,350335,2019
SP,35095,Tupã,350580,2019
SP,35095,Tupã,351900,2019
SP,35095,Tupã,351920,2019
SP,35095,Tupã,353600,2019
SP,35095,Tupã,354180,2019
SP,35095,Tupã,354380,2019
SP,35095,Tupã,355500,2019
SP,35101,Araras,350330,2019
SP,35101,Araras,351220,2019
SP,35101,Araras,352670,2019
SP,35101,Araras,353930,2019
SP,35101,Araras,354620,2019
SP,35102,Limeira,351240,2019
SP,35102,Limeira,351515,2019
SP,35102,Limeira,352140,2019
SP,35102,Limeira,352690,2019
SP,35103,Piracicaba,350060,2019
SP,35103,Piracicaba,351040,2019
SP,35103,Piracicaba,351170,2019
SP,35103,Piracicaba,351490,2019
SP,35103,Piracicaba,353090,2019
SP,35103,Piracicaba,353870,2019
SP,35103,Piracicaba,354210,2019
SP,35103,Piracicaba,354400,2019
SP,35103,Piracicaba,354515,2019
SP,35103,Piracicaba,354700,2019
SP,35103,Piracicaba,355040,2019
SP,35104,Rio Claro,350200,2019
SP,35104,Rio Claro,351270,2019
SP,35104,Rio Claro,352110,2019
SP,35104,Rio Claro,352360,2019
SP,35104,Rio Claro,354390,2019
SP,35104,Rio Claro,354670,2019
SP,35111,Alta Paulista,351440,2019
SP,35111,Alta Paulista,351580,2019
SP,35111,Alta Paulista,352160,2019
SP,35111,Alta Paulista,352600,2019
SP,35111,Alta Paulista,353160,2019
SP,35111,Alta Paulista,353310,2019
SP,35111,Alta Paulista,353480,2019
SP,35111,Alta Paulista,353540,2019
SP,35111,Alta Paulista,353640,2019
SP,35111,Alta Paulista,354710,2019
SP,35111,Alta Paulista,354930,2019
SP,35111,Alta Paulista,355510,2019
SP,35112,Alta Sorocabana,350080,2019
SP,35112,Alta Sorocabana,350130,2019
SP,35112,Alta Sorocabana,350240,2019
SP,35112,Alta Sorocabana,350890,2019
SP,35112,Alta Sorocabana,351512,2019
SP,35112,Alta Sorocabana,351530,2019
SP,35112,Alta Sorocabana,352060,2019
SP,35112,Alta Sorocabana,352920,2019
SP,35112,Alta Sorocabana,353220,2019
SP,35112,Alta Sorocabana,353920,2019
SP,35112,Alta Sorocabana,354120,2019
SP,35112,Alta Sorocabana,354140,2019
SP,35112,Alta Sorocabana,354240,2019
SP,35112,Alta Sorocabana,354323,2019
SP,35112,Alta Sorocabana,354550,2019
SP,35112,Alta Sorocabana,354770,2019
SP,35112,Alta Sorocabana,354830,2019
SP,35112,Alta Sorocabana,355290,2019
SP,35112,Alta Sorocabana,355390,2019
SP,35113,Alto Capivari,351990,2019
SP,35113,Alto Capivari,352560,2019
SP,35113,Alto Capivari,353215,2019
SP,35113,Alto Capivari,354170,2019
SP,35113,Alto Capivari,354220,2019
SP,35114,Extremo Oeste Paulista,350910,2019
SP,35114,Extremo Oeste Paulista,352870,2019
SP,35114,Extremo Oeste Paulista,353830,2019
SP,35114,Extremo Oeste Paulista,354130,2019
SP,35114,Extremo Oeste Paulista,354150,2019
SP,35115,Pontal do Paranapanema,351535,2019
SP,35115,Pontal do Paranapanema,353020,2019
SP,35115,Pontal do Paranapanema,354425,2019
SP,35115,Pontal do Paranapanema,355430,2019
SP,35121,Vale do Ribeira,350540,2019
SP,35121,Vale do Ribeira,350925,2019
SP,35121,Vale do Ribeira,350990,2019
SP,35121,Vale do Ribeira,351480,2019
SP,35121,Vale do Ribeira,352030,2019
SP,35121,Vale do Ribeira,352042,2019
SP,35121,Vale do Ribeira,352120,2019
SP,35121,Vale do Ribeira,352330,2019
SP,35121,Vale do Ribeira,352460,2019
SP,35121,Vale do Ribeira,352610,2019
SP,35121,Vale do Ribeira,352990,2019
SP,35121,Vale do Ribeira,353620,2019
SP,35121,Vale do Ribeira,353720,2019
SP,35121,Vale do Ribeira,354260,2019
SP,35121,Vale do Ribeira,355180,2019
SP,35131,Horizonte Verde,350560,2019
SP,35131,Horizonte Verde,351460,2019
SP,35131,Horizonte Verde,351860,2019
SP,35131,Horizonte Verde,352430,2019
SP,35131,Horizonte Verde,353130,2019
SP,35131,Horizonte Verde,353950,2019
SP,35131,Horizonte Verde,354020,2019
SP,35131,Horizonte Verde,354090,2019
SP,35131,Horizonte Verde,355170,2019
SP,35132,Aquífero Guarani,351310,2019
SP,35132,Aquífero Guarani,351885,2019
SP,35132,Aquífero Guarani,352510,2019
SP,35132,Aquífero Guarani,352760,2019
SP,35132,Aquífero Guarani,354340,2019
SP,35132,Aquífero Guarani,354750,2019
SP,35132,Aquífero Guarani,354760,2019
SP,35132,Aquífero Guarani,355090,2019
SP,35132,Aquífero Guarani,355140,2019
SP,35132,Aquífero Guarani,355150,2019
SP,35133,Vale das Cachoeiras,350100,2019
SP,35133,Vale das Cachoeiras,350590,2019
SP,35133,Vale das Cachoeiras,350780,2019
SP,35133,Vale das Cachoeiras,350940,2019
SP,35133,Vale das Cachoeiras,351090,2019
SP,35133,Vale das Cachoeiras,354625,2019
SP,35133,Vale das Cachoeiras,354790,2019
SP,35141,Baixa Mogiana,352260,2019
SP,35141,Baixa Mogiana,353070,2019
SP,35141,Baixa Mogiana,353080,2019
SP,35141,Baixa Mogiana,355730,2019
SP,35142,Mantiqueira,350030,2019
SP,35142,Mantiqueira,350040,2019
SP,35142,Mantiqueira,351518,2019
SP,35142,Mantiqueira,354630,2019
SP,35142,Mantiqueira,354810,2019
SP,35142,Mantiqueira,354910,2019
SP,35142,Mantiqueira,355330,2019
SP,35142,Mantiqueira,355640,2019
SP,35143,Rio Pardo,350870,2019
SP,35143,Rio Pardo,351080,2019
SP,35143,Rio Pardo,351390,2019
SP,35143,Rio Pardo,352380,2019
SP,35143,Rio Pardo,353050,2019
SP,35143,Rio Pardo,354970,2019
SP,35143,Rio Pardo,355080,2019
SP,35143,Rio Pardo,355360,2019
SP,35151,Catanduva,350370,2019
SP,35151,Catanduva,351110,2019
SP,35151,Catanduva,351120,2019
SP,35151,Catanduva,351492,2019
SP,35151,Catanduva,351495,2019
SP,35151,Catanduva,351560,2019
SP,35151,Catanduva,352150,2019
SP,35151,Catanduva,352190,2019
SP,35151,Catanduva,352885,2019
SP,35151,Catanduva,353325,2019
SP,35151,Catanduva,353350,2019
SP,35151,Catanduva,353510,2019
SP,35151,Catanduva,353570,2019
SP,35151,Catanduva,353810,2019
SP,35151,Catanduva,353900,2019
SP,35151,Catanduva,354480,2019
SP,35151,Catanduva,354560,2019
SP,35151,Catanduva,355260,2019
SP,35151,Catanduva,355600,2019
SP,35152,Santa Fé do Sul,353284,2019
SP,35152,Santa Fé do Sul,354450,2019
SP,35152,Santa Fé do Sul,354610,2019
SP,35152,Santa Fé do Sul,354660,2019
SP,35152,Santa Fé do Sul,354740,2019
SP,35152,Santa Fé do Sul,355490,2019
SP,35153,Jales,350260,2019
SP,35153,Jales,350395,2019
SP,35153,Jales,351385,2019
SP,35153,Jales,351420,2019
SP,35153,Jales,352480,2019
SP,35153,Jales,352910,2019
SP,35153,Jales,352965,2019
SP,35153,Jales,353520,2019
SP,35153,Jales,353590,2019
SP,35153,Jales,354025,2019
SP,35153,Jales,354570,2019
SP,35153,Jales,354720,2019
SP,35153,Jales,354765,2019
SP,35153,Jales,354900,2019
SP,35153,Jales,355580,2019
SP,35153,Jales,355695,2019
SP,35154,Fernandópolis,351520,2019
SP,35154,Fernandópolis,351550,2019
SP,35154,Fernandópolis,351800,2019
SP,35154,Fernandópolis,352070,2019
SP,35154,Fernandópolis,352820,2019
SP,35154,Fernandópolis,352960,2019
SP,35154,Fernandópolis,353000,2019
SP,35154,Fernandópolis,353475,2019
SP,35154,Fernandópolis,353690,2019
SP,35154,Fernandópolis,354040,2019
SP,35154,Fernandópolis,354920,2019
SP,35154,Fernandópolis,354925,2019
SP,35154,Fernandópolis,355530,2019
SP,35155,São José do Rio Preto,350460,2019
SP,35155,São José do Rio Preto,350480,2019
SP,35155,São José do Rio Preto,351130,2019
SP,35155,São José do Rio Preto,351750,2019
SP,35155,São José do Rio Preto,351940,2019
SP,35155,São José do Rio Preto,351980,2019
SP,35155,São José do Rio Preto,352115,2019
SP,35155,São José do Rio Preto,353030,2019
SP,35155,São José do Rio Preto,353040,2019
SP,35155,São José do Rio Preto,353250,2019
SP,35155,São José do Rio Preto,353280,2019
SP,35155,São José do Rio Preto,353300,2019
SP,35155,São José do Rio Preto,353400,2019
SP,35155,São José do Rio Preto,353420,2019
SP,35155,São José do Rio Preto,353500,2019
SP,35155,São José do Rio Preto,353660,2019
SP,35155,São José do Rio Preto,354080,2019
SP,35155,São José do Rio Preto,354980,2019
SP,35155,São José do Rio Preto,355340,2019
SP,35155,São José do Rio Preto,355560,2019
SP,35156,José Bonifácio,350020,2019
SP,35156,José Bonifácio,352450,2019
SP,35156,José Bonifácio,352570,2019
SP,35156,José Bonifácio,352950,2019
SP,35156,José Bonifácio,353140,2019
SP,35156,José Bonifácio,353270,2019
SP,35156,José Bonifácio,353960,2019
SP,35156,José Bonifácio,353990,2019
SP,35156,José Bonifácio,355535,2019
SP,35156,José Bonifácio,355570,2019
SP,35156,José Bonifácio,355715,2019
SP,35157,Votuporanga,350120,2019
SP,35157,Votuporanga,350180,2019
SP,35157,Votuporanga,351070,2019
SP,35157,Votuporanga,351290,2019
SP,35157,Votuporanga,351590,2019
SP,35157,Votuporanga,351680,2019
SP,35157,Votuporanga,351690,2019
SP,35157,Votuporanga,352810,2019
SP,35157,Votuporanga,352830,2019
SP,35157,Votuporanga,353100,2019
SP,35157,Votuporanga,353260,2019
SP,35157,Votuporanga,353625,2019
SP,35157,Votuporanga,354030,2019
SP,35157,Votuporanga,354420,2019
SP,35157,Votuporanga,355130,2019
SP,35157,Votuporanga,355610,2019
SP,35157,Votuporanga,355710,2019
SP,35161,Itapetininga,350075,2019
SP,35161,Itapetininga,350220,2019
SP,35161,Itapetininga,350945,2019
SP,35161,Itapetininga,351020,2019
SP,35161,Itapetininga,351150,2019
SP,35161,Itapetininga,351160,2019
SP,35161,Itapetininga,351850,2019
SP,35161,Itapetininga,352230,2019
SP,35161,Itapetininga,354165,2019
SP,35161,Itapetininga,354325,2019
SP,35161,Itapetininga,355020,2019
SP,35161,Itapetininga,355110,2019
SP,35161,Itapetininga,355400,2019
SP,35162,Itapeva,350270,2019
SP,35162,Itapeva,350535,2019
SP,35162,Itapeva,350715,2019
SP,35162,Itapeva,350800,2019
SP,35162,Itapeva,351760,2019
SP,35162,Itapeva,352170,2019
SP,35162,Itapeva,352215,2019
SP,35162,Itapeva,352240,2019
SP,35162,Itapeva,352265,2019
SP,35162,Itapeva,352320,2019
SP,35162,Itapeva,353282,2019
SP,35162,Itapeva,354280,2019
SP,35162,Itapeva,354300,2019
SP,35162,Itapeva,354350,2019
SP,35162,Itapeva,355385,2019
SP,35163,Sorocaba,350115,2019
SP,35163,Sorocaba,350275,2019
SP,35163,Sorocaba,350290,2019
SP,35163,Sorocaba,350700,2019
SP,35163,Sorocaba,351030,2019
SP,35163,Sorocaba,351970,2019
SP,35163,Sorocaba,352100,2019
SP,35163,Sorocaba,352390,2019
SP,35163,Sorocaba,352585,2019
SP,35163,Sorocaba,352840,2019
SP,35163,Sorocaba,353780,2019
SP,35163,Sorocaba,353790,2019
SP,35163,Sorocaba,354060,2019
SP,35163,Sorocaba,354520,2019
SP,35163,Sorocaba,354530,2019
SP,35163,Sorocaba,355060,2019
SP,35163,Sorocaba,355220,2019
SP,35163,Sorocaba,355350,2019
SP,35163,Sorocaba,355450,2019
SP,35163,Sorocaba,355700,2019
SP,35171,Alto Vale do Paraíba,350850,2019
SP,35171,Alto Vale do Paraíba,352020,2019
SP,35171,Alto Vale do Paraíba,352440,2019
SP,35171,Alto Vale do Paraíba,352490,2019
SP,35171,Alto Vale do Paraíba,353170,2019
SP,35171,Alto Vale do Paraíba,353560,2019
SP,35171,Alto Vale do Paraíba,354600,2019
SP,35171,Alto Vale do Paraíba,354990,2019
SP,35172,Circuito da Fé e Vale Histórico,350250,2019
SP,35172,Circuito da Fé e Vale Histórico,350315,2019
SP,35172,Circuito da Fé e Vale Histórico,350350,2019
SP,35172,Circuito da Fé e Vale Histórico,350490,2019
SP,35172,Circuito da Fé e Vale Histórico,350860,2019
SP,35172,Circuito da Fé e Vale Histórico,350995,2019
SP,35172,Circuito da Fé e Vale Histórico,351340,2019
SP,35172,Circuito da Fé e Vale Histórico,351360,2019
SP,35172,Circuito da Fé e Vale Histórico,351840,2019
SP,35172,Circuito da Fé e Vale Histórico,352660,2019
SP,35172,Circuito da Fé e Vale Histórico,352720,2019
SP,35172,Circuito da Fé e Vale Histórico,353850,2019
SP,35172,Circuito da Fé e Vale Histórico,354075,2019
SP,35172,Circuito da Fé e Vale Histórico,354190,2019
SP,35172,Circuito da Fé e Vale Histórico,354430,2019
SP,35172,Circuito da Fé e Vale Histórico,354960,2019
SP,35172,Circuito da Fé e Vale Histórico,355200,2019
SP,35173,Litoral Norte,351050,2019
SP,35173,Litoral Norte,352040,2019
SP,35173,Litoral Norte,355070,2019
SP,35173,Litoral Norte,355540,2019
SP,35174,Vale do Paraíba/Região Serrana,350970,2019
SP,35174,Vale do Paraíba/Região Serrana,352630,2019
SP,35174,Vale do Paraíba/Região Serrana,353230,2019
SP,35174,Vale do Paraíba/Região Serrana,353800,2019
SP,35174,Vale do Paraíba/Região Serrana,354230,2019
SP,35174,Vale do Paraíba/Região Serrana,354820,2019
SP,35174,Vale do Paraíba/Região Serrana,354860,2019
SP,35174,Vale do Paraíba/Região Serrana,355000,2019
SP,35174,Vale do Paraíba/Região Serrana,355410,2019
SP,35174,Vale do Paraíba/Região Serrana,355480,2019
PR,41001,1ª RS Paranaguá,410120,2019
PR,41001,1ª RS Paranaguá,410950,2019
PR,41001,1ª RS Paranaguá,410960,2019
PR,41001,1ª RS Paranaguá,411570,2019
PR,41001,1ª RS Paranaguá,411620,2019
PR,41001,1ª RS Paranaguá,411820,2019
PR,41001,1ª RS Paranaguá,411995,2019
PR,41002,2ª RS Metropolitana,410020,2019
PR,41002,2ª RS Metropolitana,410030,2019
PR,41002,2ª RS Metropolitana,410040,2019
PR,41002,2ª RS Metropolitana,410180,2019
PR,41002,2ª RS Metropolitana,410230,2019
PR,41002,2ª RS Metropolitana,410310,2019
PR,41002,2ª RS Metropolitana,410400,2019
PR,41002,2ª RS Metropolitana,410410,2019
PR,41002,2ª RS Metropolitana,410420,2019
PR,41002,2ª RS Metropolitana,410425,2019
PR,41002,2ª RS Metropolitana,410520,2019
PR,41002,2ª RS Metropolitana,410580,2019
PR,41002,2ª RS Metropolitana,410620,2019
PR,41002,2ª RS Metropolitana,410690,2019
PR,41002,2ª RS Metropolitana,410765,2019
PR,41002,2ª RS Metropolitana,411125,2019
PR,41002,2ª RS Metropolitana,411320,2019
PR,41002,2ª RS Metropolitana,411430,2019
PR,41002,2ª RS Metropolitana,411910,2019
PR,41002,2ª RS Metropolitana,411915,2019
PR,41002,2ª RS Metropolitana,411950,2019
PR,41002,2ª RS Metropolitana,412080,2019
PR,41002,2ª RS Metropolitana,412120,2019
PR,41002,2ª RS Metropolitana,412220,2019
PR,41002,2ª RS Metropolitana,412230,2019
PR,41002,2ª RS Metropolitana,412550,2019
PR,41002,2ª RS Metropolitana,412760,2019
PR,41002,2ª RS Metropolitana,412788,2019
PR,41002,2ª RS Metropolitana,412863,2019
PR,41003,3ª RS Ponta Grossa,410160,2019
PR,41003,3ª RS Ponta Grossa,410465,2019
PR,41003,3ª RS Ponta Grossa,410490,2019
PR,41003,3ª RS Ponta Grossa,411050,2019
PR,41003,3ª RS Ponta Grossa,411140,2019
PR,41003,3ª RS Ponta Grossa,411200,2019
PR,41003,3ª RS Ponta Grossa,411770,2019
PR,41003,3ª RS Ponta Grossa,411940,2019
PR,41003,3ª RS Ponta Grossa,411990,2019
PR,41003,3ª RS Ponta Grossa,412010,2019
PR,41003,3ª RS Ponta Grossa,412510,2019
PR,41003,3ª RS Ponta Grossa,412630,2019
PR,41004,4ª RS Irati,410773,2019
PR,41004,4ª RS Irati,410895,2019
PR,41004,4ª RS Irati,411010,2019
PR,41004,4ª RS Irati,411020,2019
PR,41004,4ª RS Irati,411070,2019
PR,41004,4ª RS Irati,411390,2019
PR,41004,4ª RS Irati,412150,2019
PR,41004,4ª RS Irati,412200,2019
PR,41004,4ª RS Irati,412700,2019
PR,41005,5ª RS Guarapuava,410304,2019
PR,41005,5ª RS Guarapuava,410395,2019
PR,41005,5ª RS Guarapuava,410442,2019
PR,41005,5ª RS Guarapuava,410445,2019
PR,41005,5ª RS Guarapuava,410845,2019
PR,41005,5ª RS Guarapuava,410865,2019
PR,41005,5ª RS Guarapuava,410940,2019
PR,41005,5ª RS Guarapuava,411325,2019
PR,41005,5ª RS Guarapuava,411330,2019
PR,41005,5ª RS Guarapuava,411545,2019
PR,41005,5ª RS Guarapuava,411705,2019
PR,41005,5ª RS Guarapuava,411780,2019
PR,41005,5ª RS Guarapuava,411930,2019
PR,41005,5ª RS Guarapuava,411960,2019
PR,41005,5ª RS Guarapuava,412015,2019
PR,41005,5ª RS Guarapuava,412060,2019
PR,41005,5ª RS Guarapuava,412175,2019
PR,41005,5ª RS Guarapuava,412215,2019
PR,41005,5ª RS Guarapuava,412796,2019
PR,41005,5ª RS Guarapuava,412865,2019
PR,41006,6ª RS União da Vitória,410130,2019
PR,41006,6ª RS União da Vitória,410290,2019
PR,41006,6ª RS União da Vitória,410680,2019
PR,41006,6ª RS União da Vitória,410850,2019
PR,41006,6ª RS União da Vitória,411860,2019
PR,41006,6ª RS União da Vitória,411870,2019
PR,41006,6ª RS União da Vitória,412030,2019
PR,41006,6ª RS União da Vitória,412560,2019
PR,41006,6ª RS União da Vitória,412820,2019
PR,41007,7ª RS Pato Branco,410322,2019
PR,41007,7ª RS Pato Branco,410540,2019
PR,41007,7ª RS Pato Branco,410570,2019
PR,41007,7ª RS Pato Branco,410645,2019
PR,41007,7ª RS Pato Branco,410650,2019
PR,41007,7ª RS Pato Branco,410965,2019
PR,41007,7ª RS Pato Branco,411120,2019
PR,41007,7ª RS Pato Branco,411440,2019
PR,41007,7ª RS Pato Branco,411530,2019
PR,41007,7ª RS Pato Branco,411760,2019
PR,41007,7ª RS Pato Branco,411850,2019
PR,41007,7ª RS Pato Branco,412480,2019
PR,41007,7ª RS Pato Branco,412627,2019
PR,41007,7ª RS Pato Branco,412665,2019
PR,41007,7ª RS Pato Branco,412870,2019
PR,41008,8ª RS Francisco Beltrão,410100,2019
PR,41008,8ª RS Francisco Beltrão,410260,2019
PR,41008,8ª RS Francisco Beltrão,410275,2019
PR,41008,8ª RS Francisco Beltrão,410302,2019
PR,41008,8ª RS Francisco Beltrão,410315,2019
PR,41008,8ª RS Francisco Beltrão,410450,2019
PR,41008,8ª RS Francisco Beltrão,410657,2019
PR,41008,8ª RS Francisco Beltrão,410720,2019
PR,41008,8ª RS Francisco Beltrão,410740,2019
PR,41008,8ª RS Francisco Beltrão,410785,2019
PR,41008,8ª RS Francisco Beltrão,410840,2019
PR,41008,8ª RS Francisco Beltrão,411435,2019
PR,41008,8ª RS Francisco Beltrão,411540,2019
PR,41008,8ª RS Francisco Beltrão,411695,2019
PR,41008,8ª RS Francisco Beltrão,411725,2019
PR,41008,8ª RS Francisco Beltrão,411900,2019
PR,41008,8ª RS Francisco Beltrão,411925,2019
PR,41008,8ª RS Francisco Beltrão,411980,2019
PR,41008,8ª RS Francisco Beltrão,412035,2019
PR,41008,8ª RS Francisco Beltrão,412140,2019
PR,41008,8ª RS Francisco Beltrão,412160,2019
PR,41008,8ª RS Francisco Beltrão,412280,2019
PR,41008,8ª RS Francisco Beltrão,412300,2019
PR,41008,8ª RS Francisco Beltrão,412380,2019
PR,41008,8ª RS Francisco Beltrão,412440,2019
PR,41008,8ª RS Francisco Beltrão,412520,2019
PR,41008,8ª RS Francisco Beltrão,412860,2019
PR,41009,9ª RS Foz do Iguaçu,410830,2019
PR,41009,9ª RS Foz do Iguaçu,411095,2019
PR,41009,9ª RS Foz do Iguaçu,411560,2019
PR,41009,9ª RS Foz do Iguaçu,411580,2019
PR,41009,9ª RS Foz do Iguaçu,411605,2019
PR,41009,9ª RS Foz do Iguaçu,412125,2019
PR,41009,9ª RS Foz do Iguaçu,412405,2019
PR,41009,9ª RS Foz do Iguaçu,412570,2019
PR,41009,9ª RS Foz do Iguaçu,412635,2019
PR,41010,10ª RS Cascavel,410105,2019
PR,41010,10ª RS Cascavel,410305,2019
PR,41010,10ª RS Cascavel,410335,2019
PR,41010,10ª RS Cascavel,410345,2019
PR,41010,10ª RS Cascavel,410405,2019
PR,41010,10ª RS Cascavel,410460,2019
PR,41010,10ª RS Cascavel,410480,2019
PR,41010,10ª RS Cascavel,410500,2019
PR,41010,10ª RS Cascavel,410530,2019
PR,41010,10ª RS Cascavel,410630,2019
PR,41010,10ª RS Cascavel,410712,2019
PR,41010,10ª RS Cascavel,410754,2019
PR,41010,10ª RS Cascavel,410820,2019
PR,41010,10ª RS Cascavel,410930,2019
PR,41010,10ª RS Cascavel,410975,2019
PR,41010,10ª RS Cascavel,411005,2019
PR,41010,10ª RS Cascavel,411065,2019
PR,41010,10ª RS Cascavel,411275,2019
PR,41010,10ª RS Cascavel,411345,2019
PR,41010,10ª RS Cascavel,411670,2019
PR,41010,10ª RS Cascavel,412090,2019
PR,41010,10ª RS Cascavel,412382,2019
PR,41010,10ª RS Cascavel,412402,2019
PR,41010,10ª RS Cascavel,412785,2019
PR,41010,10ª RS Cascavel,412855,2019
PR,41011,11ª RS Campo Mourão,410045,2019
PR,41011,11ª RS Campo Mourão,410170,2019
PR,41011,11ª RS Campo Mourão,410250,2019
PR,41011,11ª RS Campo Mourão,410300,2019
PR,41011,11ª RS Campo Mourão,410390,2019
PR,41011,11ª RS Campo Mourão,410430,2019
PR,41011,11ª RS Campo Mourão,410655,2019
PR,41011,11ª RS Campo Mourão,410750,2019
PR,41011,11ª RS Campo Mourão,410755,2019
PR,41011,11ª RS Campo Mourão,410770,2019
PR,41011,11ª RS Campo Mourão,410860,2019
PR,41011,11ª RS Campo Mourão,411080,2019
PR,41011,11ª RS Campo Mourão,411220,2019
PR,41011,11ª RS Campo Mourão,411295,2019
PR,41011,11ª RS Campo Mourão,411373,2019
PR,41011,11ª RS Campo Mourão,411400,2019
PR,41011,11ª RS Campo Mourão,411610,2019
PR,41011,11ª RS Campo Mourão,411680,2019
PR,41011,11ª RS Campo Mourão,411880,2019
PR,41011,11ª RS Campo Mourão,412065,2019
PR,41011,11ª RS Campo Mourão,412110,2019
PR,41011,11ª RS Campo Mourão,412135,2019
PR,41011,11ª RS Campo Mourão,412250,2019
PR,41011,11ª RS Campo Mourão,412720,2019
PR,41011,11ª RS Campo Mourão,412800,2019
PR,41012,12ª RS Umuarama,410050,2019
PR,41012,12ª RS Umuarama,410070,2019
PR,41012,12ª RS Umuarama,410337,2019
PR,41012,12ª RS Umuarama,410347,2019
PR,41012,12ª RS Umuarama,410660,2019
PR,41012,12ª RS Umuarama,410725,2019
PR,41012,12ª RS Umuarama,410752,2019
PR,41012,12ª RS Umuarama,410832,2019
PR,41012,12ª RS Umuarama,410990,2019
PR,41012,12ª RS Umuarama,411060,2019
PR,41012,12ª RS Umuarama,411155,2019
PR,41012,12ª RS Umuarama,411470,2019
PR,41012,12ª RS Umuarama,411510,2019
PR,41012,12ª RS Umuarama,411720,2019
PR,41012,12ª RS Umuarama,411885,2019
PR,41012,12ª RS Umuarama,411890,2019
PR,41012,12ª RS Umuarama,412535,2019
PR,41012,12ª RS Umuarama,412690,2019
PR,41012,12ª RS Umuarama,412810,2019
PR,41012,12ª RS Umuarama,412862,2019
PR,41012,12ª RS Umuarama,412880,2019
PR,41013,13ª RS Cianorte,410550,2019
PR,41013,13ª RS Cianorte,410560,2019
PR,41013,13ª RS Cianorte,410910,2019
PR,41013,13ª RS Cianorte,411040,2019
PR,41013,13ª RS Cianorte,411240,2019
PR,41013,13ª RS Cianorte,411300,2019
PR,41013,13ª RS Cianorte,412260,2019
PR,41013,13ª RS Cianorte,412555,2019
PR,41013,13ª RS Cianorte,412610,2019
PR,41013,13ª RS Cianorte,412680,2019
PR,41013,13ª RS Cianorte,412790,2019
PR,41014,14ª RS Paranavaí,410060,2019
PR,41014,14ª RS Paranavaí,410090,2019
PR,41014,14ª RS Paranavaí,410670,2019
PR,41014,14ª RS Paranavaí,410710,2019
PR,41014,14ª RS Paranavaí,410890,2019
PR,41014,14ª RS Paranavaí,411030,2019
PR,41014,14ª RS Paranavaí,411130,2019
PR,41014,14ª RS Paranavaí,411260,2019
PR,41014,14ª RS Paranavaí,411350,2019
PR,41014,14ª RS Paranavaí,411500,2019
PR,41014,14ª RS Paranavaí,411590,2019
PR,41014,14ª RS Paranavaí,411650,2019
PR,41014,14ª RS Paranavaí,411710,2019
PR,41014,14ª RS Paranavaí,411800,2019
PR,41014,14ª RS Paranavaí,411830,2019
PR,41014,14ª RS Paranavaí,411840,2019
PR,41014,14ª RS Paranavaí,411970,2019
PR,41014,14ª RS Paranavaí,412020,2019
PR,41014,14ª RS Paranavaí,412100,2019
PR,41014,14ª RS Paranavaí,412330,2019
PR,41014,14ª RS Paranavaí,412370,2019
PR,41014,14ª RS Paranavaí,412395,2019
PR,41014,14ª RS Paranavaí,412420,2019
PR,41014,14ª RS Paranavaí,412460,2019
PR,41014,14ª RS Paranavaí,412490,2019
PR,41014,14ª RS Paranavaí,412590,2019
PR,41014,14ª RS Paranavaí,412670,2019
PR,41014,14ª RS Paranavaí,412730,2019
PR,41015,15ª RS Maringá,410115,2019
PR,41015,15ª RS Maringá,410210,2019
PR,41015,15ª RS Maringá,410220,2019
PR,41015,15ª RS Maringá,410590,2019
PR,41015,15ª RS Maringá,410730,2019
PR,41015,15ª RS Maringá,410780,2019
PR,41015,15ª RS Maringá,410790,2019
PR,41015,15ª RS Maringá,410810,2019
PR,41015,15ª RS Maringá,411000,2019
PR,41015,15ª RS Maringá,411090,2019
PR,41015,15ª RS Maringá,411110,2019
PR,41015,15ª RS Maringá,411160,2019
PR,41015,15ª RS Maringá,411360,2019
PR,41015,15ª RS Maringá,411410,2019
PR,41015,15ª RS Maringá,411420,2019
PR,41015,15ª RS Maringá,411480,2019
PR,41015,15ª RS Maringá,411520,2019
PR,41015,15ª RS Maringá,411630,2019
PR,41015,15ª RS Maringá,411640,2019
PR,41015,15ª RS Maringá,411690,2019
PR,41015,15ª RS Maringá,411740,2019
PR,41015,15ª RS Maringá,411750,2019
PR,41015,15ª RS Maringá,411810,2019
PR,41015,15ª RS Maringá,412040,2019
PR,41015,15ª RS Maringá,412340,2019
PR,41015,15ª RS Maringá,412360,2019
PR,41015,15ª RS Maringá,412450,2019
PR,41015,15ª RS Maringá,412530,2019
PR,41015,15ª RS Maringá,412625,2019
PR,41015,15ª RS Maringá,412830,2019
PR,41016,16ª RS Apucarana,410140,2019
PR,41016,16ª RS Apucarana,410150,2019
PR,41016,16ª RS Apucarana,410320,2019
PR,41016,16ª RS Apucarana,410330,2019
PR,41016,16ª RS Apucarana,410350,2019
PR,41016,16ª RS Apucarana,410380,2019
PR,41016,16ª RS Apucarana,410760,2019
PR,41016,16ª RS Apucarana,410870,2019
PR,41016,16ª RS Apucarana,411210,2019
PR,41016,16ª RS Apucarana,411310,2019
PR,41016,16ª RS Apucarana,411490,2019
PR,41016,16ª RS Apucarana,411550,2019
PR,41016,16ª RS Apucarana,411575,2019
PR,41016,16ª RS Apucarana,411729,2019
PR,41016,16ª RS Apucarana,412210,2019
PR,41016,16ª RS Apucarana,412270,2019
PR,41016,16ª RS Apucarana,412580,2019
PR,41017,17ª RS Londrina,410080,2019
PR,41017,17ª RS Londrina,410190,2019
PR,41017,17ª RS Londrina,410280,2019
PR,41017,17ª RS Londrina,410340,2019
PR,41017,17ª RS Londrina,410370,2019
PR,41017,17ª RS Londrina,410510,2019
PR,41017,17ª RS Londrina,410800,2019
PR,41017,17ª RS Londrina,410920,2019
PR,41017,17ª RS Londrina,410980,2019
PR,41017,17ª RS Londrina,411190,2019
PR,41017,17ª RS Londrina,411270,2019
PR,41017,17ª RS Londrina,411370,2019
PR,41017,17ª RS Londrina,411380,2019
PR,41017,17ª RS Londrina,411600,2019
PR,41017,17ª RS Londrina,411965,2019
PR,41017,17ª RS Londrina,412000,2019
PR,41017,17ª RS Londrina,412033,2019
PR,41017,17ª RS Londrina,412050,2019
PR,41017,17ª RS Londrina,412240,2019
PR,41017,17ª RS Londrina,412650,2019
PR,41017,17ª RS Londrina,412667,2019
PR,41018,18ª RS Cornélio Procópio,410010,2019
PR,41018,18ª RS Cornélio Procópio,410110,2019
PR,41018,18ª RS Cornélio Procópio,410240,2019
PR,41018,18ª RS Cornélio Procópio,410600,2019
PR,41018,18ª RS Cornélio Procópio,410640,2019
PR,41018,18ª RS Cornélio Procópio,411100,2019
PR,41018,18ª RS Cornélio Procópio,411340,2019
PR,41018,18ª RS Cornélio Procópio,411660,2019
PR,41018,18ª RS Cornélio Procópio,411700,2019
PR,41018,18ª RS Cornélio Procópio,411721,2019
PR,41018,18ª RS Cornélio Procópio,412130,2019
PR,41018,18ª RS Cornélio Procópio,412190,2019
PR,41018,18ª RS Cornélio Procópio,412310,2019
PR,41018,18ª RS Cornélio Procópio,412320,2019
PR,41018,18ª RS Cornélio Procópio,412390,2019
PR,41018,18ª RS Cornélio Procópio,412430,2019
PR,41018,18ª RS Cornélio Procópio,412470,2019
PR,41018,18ª RS Cornélio Procópio,412600,2019
PR,41018,18ª RS Cornélio Procópio,412620,2019
PR,41018,18ª RS Cornélio Procópio,412640,2019
PR,41018,18ª RS Cornélio Procópio,412840,2019
PR,41019,19ª RS Jacarezinho,410270,2019
PR,41019,19ª RS Jacarezinho,410360,2019
PR,41019,19ª RS Jacarezinho,410470,2019
PR,41019,19ª RS Jacarezinho,410610,2019
PR,41019,19ª RS Jacarezinho,410775,2019
PR,41019,19ª RS Jacarezinho,410900,2019
PR,41019,19ª RS Jacarezinho,410970,2019
PR,41019,19ª RS Jacarezinho,411170,2019
PR,41019,19ª RS Jacarezinho,411180,2019
PR,41019,19ª RS Jacarezinho,411230,2019
PR,41019,19ª RS Jacarezinho,411280,2019
PR,41019,19ª RS Jacarezinho,411290,2019
PR,41019,19ª RS Jacarezinho,411920,2019
PR,41019,19ª RS Jacarezinho,412070,2019
PR,41019,19ª RS Jacarezinho,412180,2019
PR,41019,19ª RS Jacarezinho,412290,2019
PR,41019,19ª RS Jacarezinho,412400,2019
PR,41019,19ª RS Jacarezinho,412410,2019
PR,41019,19ª RS Jacarezinho,412540,2019
PR,41019,19ª RS Jacarezinho,412660,2019
PR,41019,19ª RS Jacarezinho,412780,2019
PR,41019,19ª RS Jacarezinho,412850,2019
PR,41020,20ª RS Toledo,410200,2019
PR,41020,20ª RS Toledo,410715,2019
PR,41020,20ª RS Toledo,410753,2019
PR,41020,20ª RS Toledo,410880,2019
PR,41020,20ª RS Toledo,411460,2019
PR,41020,20ª RS Toledo,411535,2019
PR,41020,20ª RS Toledo,411585,2019
PR,41020,20ª RS Toledo,411722,2019
PR,41020,20ª RS Toledo,411745,2019
PR,41020,20ª RS Toledo,411790,2019
PR,41020,20ª RS Toledo,411845,2019
PR,41020,20ª RS Toledo,412085,2019
PR,41020,20ª RS Toledo,412350,2019
PR,41020,20ª RS Toledo,412545,2019
PR,41020,20ª RS Toledo,412575,2019
PR,41020,20ª RS Toledo,412740,2019
PR,41020,20ª RS Toledo,412770,2019
PR,41020,20ª RS Toledo,412795,2019
PR,41021,21ª RS Telêmaco Borba,410700,2019
PR,41021,21ª RS Telêmaco Borba,411007,2019
PR,41021,21ª RS Telêmaco Borba,411730,2019
PR,41021,21ª RS Telêmaco Borba,412170,2019
PR,41021,21ª RS Telêmaco Borba,412710,2019
PR,41021,21ª RS Telêmaco Borba,412750,2019
PR,41021,21ª RS Telêmaco Borba,412853,2019
PR,41022,22ª RS Ivaiporã,410165,2019
PR,41022,22ª RS Ivaiporã,410185,2019
PR,41022,22ª RS Ivaiporã,410440,2019
PR,41022,22ª RS Ivaiporã,410685,2019
PR,41022,22ª RS Ivaiporã,410855,2019
PR,41022,22ª RS Ivaiporã,411150,2019
PR,41022,22ª RS Ivaiporã,411250,2019
PR,41022,22ª RS Ivaiporã,411342,2019
PR,41022,22ª RS Ivaiporã,411375,2019
PR,41022,22ª RS Ivaiporã,411450,2019
PR,41022,22ª RS Ivaiporã,411573,2019
PR,41022,22ª RS Ivaiporã,411727,2019
PR,41022,22ª RS Ivaiporã,412217,2019
PR,41022,22ª RS Ivaiporã,412265,2019
PR,41022,22ª RS Ivaiporã,412385,2019
PR,41022,22ª RS Ivaiporã,412500,2019
SC,42001,Extremo Oeste,420080,2019
SC,42001,Extremo Oeste,420208,2019
SC,42001,Extremo Oeste,420209,2019
SC,42001,Extremo Oeste,420215,2019
SC,42001,Extremo Oeste,420257,2019
SC,42001,Extremo Oeste,420490,2019
SC,42001,Extremo Oeste,420500,2019
SC,42001,Extremo Oeste,420535,2019
SC,42001,Extremo Oeste,420640,2019
SC,42001,Extremo Oeste,420660,2019
SC,42001,Extremo Oeste,420765,2019
SC,42001,Extremo Oeste,420775,2019
SC,42001,Extremo Oeste,420840,2019
SC,42001,Extremo Oeste,421050,2019
SC,42001,Extremo Oeste,421090,2019
SC,42001,Extremo Oeste,421100,2019
SC,42001,Extremo Oeste,421200,2019
SC,42001,Extremo Oeste,421223,2019
SC,42001,Extremo Oeste,421415,2019
SC,42001,Extremo Oeste,421520,2019
SC,42001,Extremo Oeste,421535,2019
SC,42001,Extremo Oeste,421555,2019
SC,42001,Extremo Oeste,421568,2019
SC,42001,Extremo Oeste,421625,2019
SC,42001,Extremo Oeste,421670,2019
SC,42001,Extremo Oeste,421715,2019
SC,42001,Extremo Oeste,421720,2019
SC,42001,Extremo Oeste,421730,2019
SC,42001,Extremo Oeste,421795,2019
SC,42001,Extremo Oeste,421875,2019
SC,42002,Oeste,420050,2019
SC,42002,Oeste,420055,2019
SC,42002,Oeste,420165,2019
SC,42002,Oeste,420310,2019
SC,42002,Oeste,420410,2019
SC,42002,Oeste,420420,2019
SC,42002,Oeste,420435,2019
SC,42002,Oeste,420440,2019
SC,42002,Oeste,420470,2019
SC,42002,Oeste,420475,2019
SC,42002,Oeste,420543,2019
SC,42002,Oeste,420665,2019
SC,42002,Oeste,420785,2019
SC,42002,Oeste,420895,2019
SC,42002,Oeste,421140,2019
SC,42002,Oeste,421145,2019
SC,42002,Oeste,421187,2019
SC,42002,Oeste,421210,2019
SC,42002,Oeste,421290,2019
SC,42002,Oeste,421315,2019
SC,42002,Oeste,421420,2019
SC,42002,Oeste,421507,2019
SC,42002,Oeste,421569,2019
SC,42002,Oeste,421600,2019
SC,42002,Oeste,421755,2019
SC,42002,Oeste,421775,2019
SC,42002,Oeste,421885,2019
SC,42003,Xanxerê,420010,2019
SC,42003,Xanxerê,420253,2019
SC,42003,Xanxerê,420350,2019
SC,42003,Xanxerê,420445,2019
SC,42003,Xanxerê,420517,2019
SC,42003,Xanxerê,420530,2019
SC,42003,Xanxerê,420560,2019
SC,42003,Xanxerê,420768,2019
SC,42003,Xanxerê,420917,2019
SC,42003,Xanxerê,420945,2019
SC,42003,Xanxerê,421055,2019
SC,42003,Xanxerê,421165,2019
SC,42003,Xanxerê,421185,2019
SC,42003,Xanxerê,421227,2019
SC,42003,Xanxerê,421340,2019
SC,42003,Xanxerê,421575,2019
SC,42003,Xanxerê,421610,2019
SC,42003,Xanxerê,421690,2019
SC,42003,Xanxerê,421910,2019
SC,42003,Xanxerê,421950,2019
SC,42003,Xanxerê,421970,2019
SC,42004,Alto Vale do Itajaí,420020,2019
SC,42004,Alto Vale do Itajaí,420030,2019
SC,42004,Alto Vale do Itajaí,420180,2019
SC,42004,Alto Vale do Itajaí,420190,2019
SC,42004,Alto Vale do Itajaí,420285,2019
SC,42004,Alto Vale do Itajaí,420419,2019
SC,42004,Alto Vale do Itajaí,420510,2019
SC,42004,Alto Vale do Itajaí,420690,2019
SC,42004,Alto Vale do Itajaí,420740,2019
SC,42004,Alto Vale do Itajaí,420850,2019
SC,42004,Alto Vale do Itajaí,420915,2019
SC,42004,Alto Vale do Itajaí,420950,2019
SC,42004,Alto Vale do Itajaí,420990,2019
SC,42004,Alto Vale do Itajaí,421085,2019
SC,42004,Alto Vale do Itajaí,421270,2019
SC,42004,Alto Vale do Itajaí,421370,2019
SC,42004,Alto Vale do Itajaí,421400,2019
SC,42004,Alto Vale do Itajaí,421410,2019
SC,42004,Alto Vale do Itajaí,421450,2019
SC,42004,Alto Vale do Itajaí,421460,2019
SC,42004,Alto Vale do Itajaí,421480,2019
SC,42004,Alto Vale do Itajaí,421530,2019
SC,42004,Alto Vale do Itajaí,421567,2019
SC,42004,Alto Vale do Itajaí,421780,2019
SC,42004,Alto Vale do Itajaí,421860,2019
SC,42004,Alto Vale do Itajaí,421920,2019
SC,42004,Alto Vale do Itajaí,421935,2019
SC,42004,Alto Vale do Itajaí,421940,2019
SC,42005,Foz do Rio Itajaí,420200,2019
SC,42005,Foz do Rio Itajaí,420245,2019
SC,42005,Foz do Rio Itajaí,420320,2019
SC,42005,Foz do Rio Itajaí,420710,2019
SC,42005,Foz do Rio Itajaí,420820,2019
SC,42005,Foz do Rio Itajaí,420830,2019
SC,42005,Foz do Rio Itajaí,421000,2019
SC,42005,Foz do Rio Itajaí,421130,2019
SC,42005,Foz do Rio Itajaí,421250,2019
SC,42005,Foz do Rio Itajaí,421280,2019
SC,42005,Foz do Rio Itajaí,421350,2019
SC,42006,Médio Vale do Itajaí,420125,2019
SC,42006,Médio Vale do Itajaí,420170,2019
SC,42006,Médio Vale do Itajaí,420220,2019
SC,42006,Médio Vale do Itajaí,420240,2019
SC,42006,Médio Vale do Itajaí,420270,2019
SC,42006,Médio Vale do Itajaí,420290,2019
SC,42006,Médio Vale do Itajaí,420515,2019
SC,42006,Médio Vale do Itajaí,420590,2019
SC,42006,Médio Vale do Itajaí,420630,2019
SC,42006,Médio Vale do Itajaí,420750,2019
SC,42006,Médio Vale do Itajaí,421320,2019
SC,42006,Médio Vale do Itajaí,421470,2019
SC,42006,Médio Vale do Itajaí,421510,2019
SC,42006,Médio Vale do Itajaí,421820,2019
SC,42007,Grande Florianópolis,420060,2019
SC,42007,Grande Florianópolis,420070,2019
SC,42007,Grande Florianópolis,420090,2019
SC,42007,Grande Florianópolis,420110,2019
SC,42007,Grande Florianópolis,420120,2019
SC,42007,Grande Florianópolis,420230,2019
SC,42007,Grande Florianópolis,420370,2019
SC,42007,Grande Florianópolis,420540,2019
SC,42007,Grande Florianópolis,420570,2019
SC,42007,Grande Florianópolis,420600,2019
SC,42007,Grande Florianópolis,420980,2019
SC,42007,Grande Florianópolis,421020,2019
SC,42007,Grande Florianópolis,421150,2019
SC,42007,Grande Florianópolis,421190,2019
SC,42007,Grande Florianópolis,421230,2019
SC,42007,Grande Florianópolis,421430,2019
SC,42007,Grande Florianópolis,421570,2019
SC,42007,Grande Florianópolis,421590,2019
SC,42007,Grande Florianópolis,421630,2019
SC,42007,Grande Florianópolis,421660,2019
SC,42007,Grande Florianópolis,421725,2019
SC,42007,Grande Florianópolis,421800,2019
SC,42008,Meio Oeste,420005,2019
SC,42008,Meio Oeste,420040,2019
SC,42008,Meio Oeste,420287,2019
SC,42008,Meio Oeste,420360,2019
SC,42008,Meio Oeste,420390,2019
SC,42008,Meio Oeste,420400,2019
SC,42008,Meio Oeste,420415,2019
SC,42008,Meio Oeste,420520,2019
SC,42008,Meio Oeste,420670,2019
SC,42008,Meio Oeste,420680,2019
SC,42008,Meio Oeste,420860,2019
SC,42008,Meio Oeste,420900,2019
SC,42008,Meio Oeste,420920,2019
SC,42008,Meio Oeste,421003,2019
SC,42008,Meio Oeste,421105,2019
SC,42008,Meio Oeste,421180,2019
SC,42008,Meio Oeste,421850,2019
SC,42008,Meio Oeste,421915,2019
SC,42008,Meio Oeste,421917,2019
SC,42008,Meio Oeste,421985,2019
SC,42009,Alto Vale do Rio do Peixe,420160,2019
SC,42009,Alto Vale do Rio do Peixe,420300,2019
SC,42009,Alto Vale do Rio do Peixe,420315,2019
SC,42009,Alto Vale do Rio do Peixe,420480,2019
SC,42009,Alto Vale do Rio do Peixe,420550,2019
SC,42009,Alto Vale do Rio do Peixe,420555,2019
SC,42009,Alto Vale do Rio do Peixe,420675,2019
SC,42009,Alto Vale do Rio do Peixe,420757,2019
SC,42009,Alto Vale do Rio do Peixe,420970,2019
SC,42009,Alto Vale do Rio do Peixe,421005,2019
SC,42009,Alto Vale do Rio do Peixe,421070,2019
SC,42009,Alto Vale do Rio do Peixe,421300,2019
SC,42009,Alto Vale do Rio do Peixe,421335,2019
SC,42009,Alto Vale do Rio do Peixe,421440,2019
SC,42009,Alto Vale do Rio do Peixe,421540,2019
SC,42009,Alto Vale do Rio do Peixe,421550,2019
SC,42009,Alto Vale do Rio do Peixe,421605,2019
SC,42009,Alto Vale do Rio do Peixe,421790,2019
SC,42009,Alto Vale do Rio do Peixe,421825,2019
SC,42009,Alto Vale do Rio do Peixe,421930,2019
SC,42010,Alto Uruguai Catarinense,420075,2019
SC,42010,Alto Uruguai Catarinense,420127,2019
SC,42010,Alto Uruguai Catarinense,420430,2019
SC,42010,Alto Uruguai Catarinense,420760,2019
SC,42010,Alto Uruguai Catarinense,420770,2019
SC,42010,Alto Uruguai Catarinense,420780,2019
SC,42010,Alto Uruguai Catarinense,420800,2019
SC,42010,Alto Uruguai Catarinense,420985,2019
SC,42010,Alto Uruguai Catarinense,421260,2019
SC,42010,Alto Uruguai Catarinense,421310,2019
SC,42010,Alto Uruguai Catarinense,421390,2019
SC,42010,Alto Uruguai Catarinense,421750,2019
SC,42010,Alto Uruguai Catarinense,421960,2019
SC,42011,Nordeste,420130,2019
SC,42011,Nordeste,420205,2019
SC,42011,Nordeste,420210,2019
SC,42011,Nordeste,420450,2019
SC,42011,Nordeste,420580,2019
SC,42011,Nordeste,420650,2019
SC,42011,Nordeste,420845,2019
SC,42011,Nordeste,420890,2019
SC,42011,Nordeste,420910,2019
SC,42011,Nordeste,421060,2019
SC,42011,Nordeste,421620,2019
SC,42011,Nordeste,421635,2019
SC,42011,Nordeste,421740,2019
SC,42012,Planalto Norte,420213,2019
SC,42012,Planalto Norte,420330,2019
SC,42012,Planalto Norte,420380,2019
SC,42012,Planalto Norte,420790,2019
SC,42012,Planalto Norte,420810,2019
SC,42012,Planalto Norte,421010,2019
SC,42012,Planalto Norte,421030,2019
SC,42012,Planalto Norte,421110,2019
SC,42012,Planalto Norte,421220,2019
SC,42012,Planalto Norte,421360,2019
SC,42012,Planalto Norte,421500,2019
SC,42012,Planalto Norte,421580,2019
SC,42012,Planalto Norte,421830,2019
SC,42013,Serra Catarinense,420100,2019
SC,42013,Serra Catarinense,420243,2019
SC,42013,Serra Catarinense,420250,2019
SC,42013,Serra Catarinense,420260,2019
SC,42013,Serra Catarinense,420325,2019
SC,42013,Serra Catarinense,420340,2019
SC,42013,Serra Catarinense,420417,2019
SC,42013,Serra Catarinense,420455,2019
SC,42013,Serra Catarinense,420930,2019
SC,42013,Serra Catarinense,421175,2019
SC,42013,Serra Catarinense,421189,2019
SC,42013,Serra Catarinense,421205,2019
SC,42013,Serra Catarinense,421330,2019
SC,42013,Serra Catarinense,421505,2019
SC,42013,Serra Catarinense,421650,2019
SC,42013,Serra Catarinense,421680,2019
SC,42013,Serra Catarinense,421890,2019
SC,42013,Serra Catarinense,421895,2019
SC,42014,Extremo Sul Catarinense,420140,2019
SC,42014,Extremo Sul Catarinense,420195,2019
SC,42014,Extremo Sul Catarinense,420207,2019
SC,42014,Extremo Sul Catarinense,420519,2019
SC,42014,Extremo Sul Catarinense,420870,2019
SC,42014,Extremo Sul Catarinense,421040,2019
SC,42014,Extremo Sul Catarinense,421080,2019
SC,42014,Extremo Sul Catarinense,421125,2019
SC,42014,Extremo Sul Catarinense,421225,2019
SC,42014,Extremo Sul Catarinense,421380,2019
SC,42014,Extremo Sul Catarinense,421565,2019
SC,42014,Extremo Sul Catarinense,421640,2019
SC,42014,Extremo Sul Catarinense,421770,2019
SC,42014,Extremo Sul Catarinense,421810,2019
SC,42014,Extremo Sul Catarinense,421880,2019
SC,42015,Carbonífera,420425,2019
SC,42015,Carbonífera,420460,2019
SC,42015,Carbonífera,420545,2019
SC,42015,Carbonífera,420700,2019
SC,42015,Carbonífera,420960,2019
SC,42015,Carbonífera,421120,2019
SC,42015,Carbonífera,421160,2019
SC,42015,Carbonífera,421170,2019
SC,42015,Carbonífera,421760,2019
SC,42015,Carbonífera,421835,2019
SC,42015,Carbonífera,421900,2019
SC,42015,Carbonífera,422000,2019
SC,42016,Laguna,420150,2019
SC,42016,Laguna,420280,2019
SC,42016,Laguna,420395,2019
SC,42016,Laguna,420610,2019
SC,42016,Laguna,420620,2019
SC,42016,Laguna,420720,2019
SC,42016,Laguna,420730,2019
SC,42016,Laguna,420880,2019
SC,42016,Laguna,420940,2019
SC,42016,Laguna,421240,2019
SC,42016,Laguna,421265,2019
SC,42016,Laguna,421490,2019
SC,42016,Laguna,421545,2019
SC,42016,Laguna,421560,2019
SC,42016,Laguna,421700,2019
SC,42016,Laguna,421710,2019
SC,42016,Laguna,421840,2019
SC,42016,Laguna,421870,2019
RS,43001,Região 01 - Verdes Campos,430010,2019
RS,43001,Região 01 - Verdes Campos,430637,2019
RS,43001,Região 01 - Verdes Campos,430670,2019
RS,43001,Região 01 - Verdes Campos,430800,2019
RS,43001,Região 01 - Verdes Campos,430840,2019
RS,43001,Região 01 - Verdes Campos,431053,2019
RS,43001,Região 01 - Verdes Campos,431075,2019
RS,43001,Região 01 - Verdes Campos,431120,2019
RS,43001,Região 01 - Verdes Campos,431310,2019
RS,43001,Região 01 - Verdes Campos,431402,2019
RS,43001,Região 01 - Verdes Campos,431447,2019
RS,43001,Região 01 - Verdes Campos,431532,2019
RS,43001,Região 01 - Verdes Campos,431550,2019
RS,43001,Região 01 - Verdes Campos,431690,2019
RS,43001,Região 01 - Verdes Campos,431843,2019
RS,43001,Região 01 - Verdes Campos,431912,2019
RS,43001,Região 01 - Verdes Campos,431940,2019
RS,43001,Região 01 - Verdes Campos,431960,2019
RS,43001,Região 01 - Verdes Campos,432065,2019
RS,43001,Região 01 - Verdes Campos,432149,2019
RS,43001,Região 01 - Verdes Campos,432345,2019
RS,43002,Região 02 - Entre Rios,430290,2019
RS,43002,Região 02 - Entre Rios,430465,2019
RS,43002,Região 02 - Entre Rios,431055,2019
RS,43002,Região 02 - Entre Rios,431110,2019
RS,43002,Região 02 - Entre Rios,431113,2019
RS,43002,Região 02 - Entre Rios,431210,2019
RS,43002,Região 02 - Entre Rios,431303,2019
RS,43002,Região 02 - Entre Rios,431740,2019
RS,43002,Região 02 - Entre Rios,431810,2019
RS,43002,Região 02 - Entre Rios,431980,2019
RS,43002,Região 02 - Entre Rios,432237,2019
RS,43003,Região 03 - Fronteira Oeste,430040,2019
RS,43003,Região 03 - Fronteira Oeste,430187,2019
RS,43003,Região 03 - Fronteira Oeste,431060,2019
RS,43003,Região 03 - Fronteira Oeste,431171,2019
RS,43003,Região 03 - Fronteira Oeste,431175,2019
RS,43003,Região 03 - Fronteira Oeste,431530,2019
RS,43003,Região 03 - Fronteira Oeste,431640,2019
RS,43003,Região 03 - Fronteira Oeste,431697,2019
RS,43003,Região 03 - Fronteira Oeste,431710,2019
RS,43003,Região 03 - Fronteira Oeste,431830,2019
RS,43003,Região 03 - Fronteira Oeste,432240,2019
RS,43004,Região 04 - Belas Praias,430105,2019
RS,43004,Região 04 - Belas Praias,430463,2019
RS,43004,Região 04 - Belas Praias,430655,2019
RS,43004,Região 04 - Belas Praias,431065,2019
RS,43004,Região 04 - Belas Praias,431173,2019
RS,43004,Região 04 - Belas Praias,431177,2019
RS,43004,Região 04 - Belas Praias,431244,2019
RS,43004,Região 04 - Belas Praias,432143,2019
RS,43004,Região 04 - Belas Praias,432150,2019
RS,43004,Região 04 - Belas Praias,432166,2019
RS,43004,Região 04 - Belas Praias,432183,2019
RS,43004,Região 04 - Belas Praias,432380,2019
RS,43005,Região 05 - Bons Ventos,430163,2019
RS,43005,Região 05 - Bons Ventos,430467,2019
RS,43005,Região 05 - Bons Ventos,430471,2019
RS,43005,Região 05 - Bons Ventos,430545,2019
RS,43005,Região 05 - Bons Ventos,431033,2019
RS,43005,Região 05 - Bons Ventos,431250,2019
RS,43005,Região 05 - Bons Ventos,431350,2019
RS,43005,Região 05 - Bons Ventos,431365,2019
RS,43005,Região 05 - Bons Ventos,431760,2019
RS,43005,Região 05 - Bons Ventos,432135,2019
RS,43005,Região 05 - Bons Ventos,432160,2019
RS,43006,Região 06 - Vale do Paranhana e Costa Serr,430360,2019
RS,43006,Região 06 - Vale do Paranhana e Costa Serr,431010,2019
RS,43006,Região 06 - Vale do Paranhana e Costa Serr,431405,2019
RS,43006,Região 06 - Vale do Paranhana e Costa Serr,431575,2019
RS,43006,Região 06 - Vale do Paranhana e Costa Serr,431600,2019
RS,43006,Região 06 - Vale do Paranhana e Costa Serr,431820,2019
RS,43006,Região 06 - Vale do Paranhana e Costa Serr,432120,2019
RS,43006,Região 06 - Vale do Paranhana e Costa Serr,432170,2019
RS,43007,Região 07 - Vale dos Sinos,430087,2019
RS,43007,Região 07 - Vale dos Sinos,430390,2019
RS,43007,Região 07 - Vale dos Sinos,430640,2019
RS,43007,Região 07 - Vale dos Sinos,430760,2019
RS,43007,Região 07 - Vale dos Sinos,431080,2019
RS,43007,Região 07 - Vale dos Sinos,431162,2019
RS,43007,Região 07 - Vale dos Sinos,431247,2019
RS,43007,Região 07 - Vale dos Sinos,431306,2019
RS,43007,Região 07 - Vale dos Sinos,431340,2019
RS,43007,Região 07 - Vale dos Sinos,431480,2019
RS,43007,Região 07 - Vale dos Sinos,431514,2019
RS,43007,Região 07 - Vale dos Sinos,431695,2019
RS,43007,Região 07 - Vale dos Sinos,431848,2019
RS,43007,Região 07 - Vale dos Sinos,431870,2019
RS,43007,Região 07 - Vale dos Sinos,431990,2019
RS,43008,Região 08 - Vale do Caí e Metropolitana,430165,2019
RS,43008,Região 08 - Vale do Caí e Metropolitana,430265,2019
RS,43008,Região 08 - Vale do Caí e Metropolitana,430460,2019
RS,43008,Região 08 - Vale do Caí e Metropolitana,430468,2019
RS,43008,Região 08 - Vale do Caí e Metropolitana,430770,2019
RS,43008,Região 08 - Vale do Caí e Metropolitana,430955,2019
RS,43008,Região 08 - Vale do Caí e Metropolitana,431179,2019
RS,43008,Região 08 - Vale do Caí e Metropolitana,431240,2019
RS,43008,Região 08 - Vale do Caí e Metropolitana,431337,2019
RS,43008,Região 08 - Vale do Caí e Metropolitana,431403,2019
RS,43008,Região 08 - Vale do Caí e Metropolitana,431650,2019
RS,43008,Região 08 - Vale do Caí e Metropolitana,431861,2019
RS,43008,Região 08 - Vale do Caí e Metropolitana,431935,2019
RS,43008,Região 08 - Vale do Caí e Metropolitana,431950,2019
RS,43008,Região 08 - Vale do Caí e Metropolitana,432000,2019
RS,43008,Região 08 - Vale do Caí e Metropolitana,432085,2019
RS,43008,Região 08 - Vale do Caí e Metropolitana,432200,2019
RS,43008,Região 08 - Vale do Caí e Metropolitana,432225,2019
RS,43009,Região 09 - Carbonífera/Costa Doce,430085,2019
RS,43009,Região 09 - Carbonífera/Costa Doce,430110,2019
RS,43009,Região 09 - Carbonífera/Costa Doce,430175,2019
RS,43009,Região 09 - Carbonífera/Costa Doce,430190,2019
RS,43009,Região 09 - Carbonífera/Costa Doce,430270,2019
RS,43009,Região 09 - Carbonífera/Costa Doce,430350,2019
RS,43009,Região 09 - Carbonífera/Costa Doce,430517,2019
RS,43009,Região 09 - Carbonífera/Costa Doce,430535,2019
RS,43009,Região 09 - Carbonífera/Costa Doce,430544,2019
RS,43009,Região 09 - Carbonífera/Costa Doce,430650,2019
RS,43009,Região 09 - Carbonífera/Costa Doce,430676,2019
RS,43009,Região 09 - Carbonífera/Costa Doce,430880,2019
RS,43009,Região 09 - Carbonífera/Costa Doce,430930,2019
RS,43009,Região 09 - Carbonífera/Costa Doce,431198,2019
RS,43009,Região 09 - Carbonífera/Costa Doce,431225,2019
RS,43009,Região 09 - Carbonífera/Costa Doce,431840,2019
RS,43009,Região 09 - Carbonífera/Costa Doce,432035,2019
RS,43009,Região 09 - Carbonífera/Costa Doce,432055,2019
RS,43009,Região 09 - Carbonífera/Costa Doce,432110,2019
RS,43010,Região 10 - Capital e Vale do Gravataí,430060,2019
RS,43010,Região 10 - Capital e Vale do Gravataí,430310,2019
RS,43010,Região 10 - Capital e Vale do Gravataí,430905,2019
RS,43010,Região 10 - Capital e Vale do Gravataí,430920,2019
RS,43010,Região 10 - Capital e Vale do Gravataí,431490,2019
RS,43010,Região 10 - Capital e Vale do Gravataí,432300,2019
RS,43011,Região 11 - Sete Povos das Missões,430250,2019
RS,43011,Região 11 - Sete Povos das Missões,430330,2019
RS,43011,Região 11 - Sete Povos das Missões,430520,2019
RS,43011,Região 11 - Sete Povos das Missões,430635,2019
RS,43011,Região 11 - Sete Povos das Missões,430693,2019
RS,43011,Região 11 - Sete Povos das Missões,430783,2019
RS,43011,Região 11 - Sete Povos das Missões,430865,2019
RS,43011,Região 11 - Sete Povos das Missões,430950,2019
RS,43011,Região 11 - Sete Povos das Missões,431217,2019
RS,43011,Região 11 - Sete Povos das Missões,431455,2019
RS,43011,Região 11 - Sete Povos das Missões,431510,2019
RS,43011,Região 11 - Sete Povos das Missões,431595,2019
RS,43011,Região 11 - Sete Povos das Missões,431630,2019
RS,43011,Região 11 - Sete Povos das Missões,431647,2019
RS,43011,Região 11 - Sete Povos das Missões,431750,2019
RS,43011,Região 11 - Sete Povos das Missões,431770,2019
RS,43011,Região 11 - Sete Povos das Missões,431800,2019
RS,43011,Região 11 - Sete Povos das Missões,431890,2019
RS,43011,Região 11 - Sete Povos das Missões,431915,2019
RS,43011,Região 11 - Sete Povos das Missões,431920,2019
RS,43011,Região 11 - Sete Povos das Missões,431937,2019
RS,43011,Região 11 - Sete Povos das Missões,432057,2019
RS,43011,Região 11 - Sete Povos das Missões,432234,2019
RS,43011,Região 11 - Sete Povos das Missões,432375,2019
RS,43012,Região 12 - Portal das Missões,430222,2019
RS,43012,Região 12 - Portal das Missões,430223,2019
RS,43012,Região 12 - Portal das Missões,430560,2019
RS,43012,Região 12 - Portal das Missões,430610,2019
RS,43012,Região 12 - Portal das Missões,430845,2019
RS,43012,Região 12 - Portal das Missões,431000,2019
RS,43012,Região 12 - Portal das Missões,431087,2019
RS,43012,Região 12 - Portal das Missões,431535,2019
RS,43012,Região 12 - Portal das Missões,431643,2019
RS,43012,Região 12 - Portal das Missões,431645,2019
RS,43012,Região 12 - Portal das Missões,431670,2019
RS,43012,Região 12 - Portal das Missões,432030,2019
RS,43012,Região 12 - Portal das Missões,432220,2019
RS,43013,Região 13 - Diversidade,430020,2019
RS,43013,Região 13 - Diversidade,430150,2019
RS,43013,Região 13 - Diversidade,430258,2019
RS,43013,Região 13 - Diversidade,430400,2019
RS,43013,Região 13 - Diversidade,430500,2019
RS,43013,Região 13 - Diversidade,430540,2019
RS,43013,Região 13 - Diversidade,430570,2019
RS,43013,Região 13 - Diversidade,430587,2019
RS,43013,Região 13 - Diversidade,430600,2019
RS,43013,Região 13 - Diversidade,430970,2019
RS,43013,Região 13 - Diversidade,431020,2019
RS,43013,Região 13 - Diversidade,431041,2019
RS,43013,Região 13 - Diversidade,431115,2019
RS,43013,Região 13 - Diversidade,431333,2019
RS,43013,Região 13 - Diversidade,431390,2019
RS,43013,Região 13 - Diversidade,431430,2019
RS,43013,Região 13 - Diversidade,431780,2019
RS,43013,Região 13 - Diversidade,431910,2019
RS,43013,Região 13 - Diversidade,431973,2019
RS,43013,Região 13 - Diversidade,432023,2019
RS,43014,Região 14 - Fronteira Noroeste,430030,2019
RS,43014,Região 14 - Fronteira Noroeste,430045,2019
RS,43014,Região 14 - Fronteira Noroeste,430220,2019
RS,43014,Região 14 - Fronteira Noroeste,430370,2019
RS,43014,Região 14 - Fronteira Noroeste,430430,2019
RS,43014,Região 14 - Fronteira Noroeste,430673,2019
RS,43014,Região 14 - Fronteira Noroeste,430900,2019
RS,43014,Região 14 - Fronteira Noroeste,430960,2019
RS,43014,Região 14 - Fronteira Noroeste,431040,2019
RS,43014,Região 14 - Fronteira Noroeste,431301,2019
RS,43014,Região 14 - Fronteira Noroeste,431342,2019
RS,43014,Região 14 - Fronteira Noroeste,431500,2019
RS,43014,Região 14 - Fronteira Noroeste,431505,2019
RS,43014,Região 14 - Fronteira Noroeste,431507,2019
RS,43014,Região 14 - Fronteira Noroeste,431720,2019
RS,43014,Região 14 - Fronteira Noroeste,431790,2019
RS,43014,Região 14 - Fronteira Noroeste,431849,2019
RS,43014,Região 14 - Fronteira Noroeste,431930,2019
RS,43014,Região 14 - Fronteira Noroeste,432032,2019
RS,43014,Região 14 - Fronteira Noroeste,432180,2019
RS,43014,Região 14 - Fronteira Noroeste,432210,2019
RS,43014,Região 14 - Fronteira Noroeste,432230,2019
RS,43015,Região 15 - Caminho das Águas,430050,2019
RS,43015,Região 15 - Caminho das Águas,430064,2019
RS,43015,Região 15 - Caminho das Águas,430185,2019
RS,43015,Região 15 - Caminho das Águas,430237,2019
RS,43015,Região 15 - Caminho das Águas,430340,2019
RS,43015,Região 15 - Caminho das Águas,430607,2019
RS,43015,Região 15 - Caminho das Águas,430632,2019
RS,43015,Região 15 - Caminho das Águas,430730,2019
RS,43015,Região 15 - Caminho das Águas,430745,2019
RS,43015,Região 15 - Caminho das Águas,430850,2019
RS,43015,Região 15 - Caminho das Águas,431050,2019
RS,43015,Região 15 - Caminho das Águas,431160,2019
RS,43015,Região 15 - Caminho das Águas,431344,2019
RS,43015,Região 15 - Caminho das Águas,431380,2019
RS,43015,Região 15 - Caminho das Águas,431445,2019
RS,43015,Região 15 - Caminho das Águas,431449,2019
RS,43015,Região 15 - Caminho das Águas,431470,2019
RS,43015,Região 15 - Caminho das Águas,431590,2019
RS,43015,Região 15 - Caminho das Águas,432020,2019
RS,43015,Região 15 - Caminho das Águas,432132,2019
RS,43015,Região 15 - Caminho das Águas,432140,2019
RS,43015,Região 15 - Caminho das Águas,432147,2019
RS,43015,Região 15 - Caminho das Águas,432190,2019
RS,43015,Região 15 - Caminho das Águas,432310,2019
RS,43015,Região 15 - Caminho das Águas,432350,2019
RS,43015,Região 15 - Caminho das Águas,432370,2019
RS,43016,Região 16 - Alto Uruguai Gaúcho,430090,2019
RS,43016,Região 16 - Alto Uruguai Gaúcho,430155,2019
RS,43016,Região 16 - Alto Uruguai Gaúcho,430170,2019
RS,43016,Região 16 - Alto Uruguai Gaúcho,430192,2019
RS,43016,Região 16 - Alto Uruguai Gaúcho,430205,2019
RS,43016,Região 16 - Alto Uruguai Gaúcho,430380,2019
RS,43016,Região 16 - Alto Uruguai Gaúcho,430485,2019
RS,43016,Região 16 - Alto Uruguai Gaúcho,430511,2019
RS,43016,Região 16 - Alto Uruguai Gaúcho,430537,2019
RS,43016,Região 16 - Alto Uruguai Gaúcho,430613,2019
RS,43016,Região 16 - Alto Uruguai Gaúcho,430695,2019
RS,43016,Região 16 - Alto Uruguai Gaúcho,430697,2019
RS,43016,Região 16 - Alto Uruguai Gaúcho,430700,2019
RS,43016,Região 16 - Alto Uruguai Gaúcho,430720,2019
RS,43016,Região 16 - Alto Uruguai Gaúcho,430755,2019
RS,43016,Região 16 - Alto Uruguai Gaúcho,430805,2019
RS,43016,Região 16 - Alto Uruguai Gaúcho,430825,2019
RS,43016,Região 16 - Alto Uruguai Gaúcho,430870,2019
RS,43016,Região 16 - Alto Uruguai Gaúcho,430890,2019
RS,43016,Região 16 - Alto Uruguai Gaúcho,431046,2019
RS,43016,Região 16 - Alto Uruguai Gaúcho,431070,2019
RS,43016,Região 16 - Alto Uruguai Gaúcho,431090,2019
RS,43016,Região 16 - Alto Uruguai Gaúcho,431190,2019
RS,43016,Região 16 - Alto Uruguai Gaúcho,431200,2019
RS,43016,Região 16 - Alto Uruguai Gaúcho,431270,2019
RS,43016,Região 16 - Alto Uruguai Gaúcho,431413,2019
RS,43016,Região 16 - Alto Uruguai Gaúcho,431478,2019
RS,43016,Região 16 - Alto Uruguai Gaúcho,431531,2019
RS,43016,Região 16 - Alto Uruguai Gaúcho,431555,2019
RS,43016,Região 16 - Alto Uruguai Gaúcho,431970,2019
RS,43016,Região 16 - Alto Uruguai Gaúcho,432060,2019
RS,43016,Região 16 - Alto Uruguai Gaúcho,432163,2019
RS,43016,Região 16 - Alto Uruguai Gaúcho,432290,2019
RS,43017,Região 17 - Planalto,430047,2019
RS,43017,Região 17 - Planalto,430355,2019
RS,43017,Região 17 - Planalto,430470,2019
RS,43017,Região 17 - Planalto,430490,2019
RS,43017,Região 17 - Planalto,430550,2019
RS,43017,Região 17 - Planalto,430585,2019
RS,43017,Região 17 - Planalto,430597,2019
RS,43017,Região 17 - Planalto,430630,2019
RS,43017,Região 17 - Planalto,430705,2019
RS,43017,Região 17 - Planalto,430885,2019
RS,43017,Região 17 - Planalto,431127,2019
RS,43017,Região 17 - Planalto,431180,2019
RS,43017,Região 17 - Planalto,431213,2019
RS,43017,Região 17 - Planalto,431235,2019
RS,43017,Região 17 - Planalto,431262,2019
RS,43017,Região 17 - Planalto,431265,2019
RS,43017,Região 17 - Planalto,431267,2019
RS,43017,Região 17 - Planalto,431275,2019
RS,43017,Região 17 - Planalto,431410,2019
RS,43017,Região 17 - Planalto,431477,2019
RS,43017,Região 17 - Planalto,431755,2019
RS,43017,Região 17 - Planalto,431775,2019
RS,43017,Região 17 - Planalto,431805,2019
RS,43017,Região 17 - Planalto,432040,2019
RS,43017,Região 17 - Planalto,432050,2019
RS,43017,Região 17 - Planalto,432255,2019
RS,43017,Região 17 - Planalto,432320,2019
RS,43017,Região 17 - Planalto,432340,2019
RS,43018,Região 18 - Araucárias,430005,2019
RS,43018,Região 18 - Araucárias,430066,2019
RS,43018,Região 18 - Araucárias,430180,2019
RS,43018,Região 18 - Araucárias,430320,2019
RS,43018,Região 18 - Araucárias,430462,2019
RS,43018,Região 18 - Araucárias,430495,2019
RS,43018,Região 18 - Araucárias,430980,2019
RS,43018,Região 18 - Araucárias,430990,2019
RS,43018,Região 18 - Araucárias,431130,2019
RS,43018,Região 18 - Araucárias,431170,2019
RS,43018,Região 18 - Araucárias,431220,2019
RS,43018,Região 18 - Araucárias,431360,2019
RS,43018,Região 18 - Araucárias,431660,2019
RS,43018,Região 18 - Araucárias,431673,2019
RS,43018,Região 18 - Araucárias,431795,2019
RS,43018,Região 18 - Araucárias,431842,2019
RS,43018,Região 18 - Araucárias,431860,2019
RS,43018,Região 18 - Araucárias,432090,2019
RS,43018,Região 18 - Araucárias,432218,2019
RS,43018,Região 18 - Araucárias,432335,2019
RS,43019,Região 19 - Botucaraí,430055,2019
RS,43019,Região 19 - Botucaraí,430140,2019
RS,43019,Região 19 - Botucaraí,430200,2019
RS,43019,Região 19 - Botucaraí,430410,2019
RS,43019,Região 19 - Botucaraí,430750,2019
RS,43019,Região 19 - Botucaraí,430830,2019
RS,43019,Região 19 - Botucaraí,430995,2019
RS,43019,Região 19 - Botucaraí,431057,2019
RS,43019,Região 19 - Botucaraí,431125,2019
RS,43019,Região 19 - Botucaraí,431242,2019
RS,43019,Região 19 - Botucaraí,432080,2019
RS,43019,Região 19 - Botucaraí,432100,2019
RS,43019,Região 19 - Botucaraí,432146,2019
RS,43019,Região 19 - Botucaraí,432215,2019
RS,43020,Região 20 - Rota da Produção,430195,2019
RS,43020,Região 20 - Rota da Produção,430215,2019
RS,43020,Região 20 - Rota da Produção,430260,2019
RS,43020,Região 20 - Rota da Produção,430515,2019
RS,43020,Região 20 - Rota da Produção,430530,2019
RS,43020,Região 20 - Rota da Produção,430580,2019
RS,43020,Região 20 - Rota da Produção,430590,2019
RS,43020,Região 20 - Rota da Produção,430642,2019
RS,43020,Região 20 - Rota da Produção,430692,2019
RS,43020,Região 20 - Rota da Produção,430912,2019
RS,43020,Região 20 - Rota da Produção,431085,2019
RS,43020,Região 20 - Rota da Produção,431142,2019
RS,43020,Região 20 - Rota da Produção,431230,2019
RS,43020,Região 20 - Rota da Produção,431295,2019
RS,43020,Região 20 - Rota da Produção,431346,2019
RS,43020,Região 20 - Rota da Produção,431349,2019
RS,43020,Região 20 - Rota da Produção,431370,2019
RS,43020,Região 20 - Rota da Produção,431540,2019
RS,43020,Região 20 - Rota da Produção,431610,2019
RS,43020,Região 20 - Rota da Produção,431620,2019
RS,43020,Região 20 - Rota da Produção,431642,2019
RS,43020,Região 20 - Rota da Produção,431845,2019
RS,43020,Região 20 - Rota da Produção,431936,2019
RS,43020,Região 20 - Rota da Produção,432010,2019
RS,43020,Região 20 - Rota da Produção,432185,2019
RS,43020,Região 20 - Rota da Produção,432195,2019
RS,43021,Região 21 - Sul,430063,2019
RS,43021,Região 21 - Sul,430107,2019
RS,43021,Região 21 - Sul,430130,2019
RS,43021,Região 21 - Sul,430450,2019
RS,43021,Região 21 - Sul,430466,2019
RS,43021,Região 21 - Sul,430512,2019
RS,43021,Região 21 - Sul,430543,2019
RS,43021,Região 21 - Sul,430605,2019
RS,43021,Região 21 - Sul,430710,2019
RS,43021,Região 21 - Sul,431100,2019
RS,43021,Região 21 - Sul,431245,2019
RS,43021,Região 21 - Sul,431417,2019
RS,43021,Região 21 - Sul,431420,2019
RS,43021,Região 21 - Sul,431440,2019
RS,43021,Região 21 - Sul,431450,2019
RS,43021,Região 21 - Sul,431460,2019
RS,43021,Região 21 - Sul,431560,2019
RS,43021,Região 21 - Sul,431700,2019
RS,43021,Região 21 - Sul,431730,2019
RS,43021,Região 21 - Sul,431850,2019
RS,43021,Região 21 - Sul,431880,2019
RS,43021,Região 21 - Sul,432232,2019
RS,43022,Região 22 - Pampa,430003,2019
RS,43022,Região 22 - Pampa,430160,2019
RS,43022,Região 22 - Pampa,430435,2019
RS,43022,Região 22 - Pampa,430660,2019
RS,43022,Região 22 - Pampa,430965,2019
RS,43022,Região 22 - Pampa,431150,2019
RS,43023,Região 23 - Caxias e Hortênsias,430440,2019
RS,43023,Região 23 - Caxias e Hortênsias,430510,2019
RS,43023,Região 23 - Caxias e Hortênsias,430910,2019
RS,43023,Região 23 - Caxias e Hortênsias,431164,2019
RS,43023,Região 23 - Caxias e Hortênsias,431320,2019
RS,43023,Região 23 - Caxias e Hortênsias,431442,2019
RS,43024,Região 24 - Campos de Cima da Serra,430230,2019
RS,43024,Região 24 - Campos de Cima da Serra,430367,2019
RS,43024,Região 24 - Campos de Cima da Serra,430740,2019
RS,43024,Região 24 - Campos de Cima da Serra,431112,2019
RS,43024,Região 24 - Campos de Cima da Serra,431237,2019
RS,43024,Região 24 - Campos de Cima da Serra,431261,2019
RS,43024,Região 24 - Campos de Cima da Serra,431446,2019
RS,43024,Região 24 - Campos de Cima da Serra,431862,2019
RS,43024,Região 24 - Campos de Cima da Serra,432250,2019
RS,43025,Região 25 - Vinhedos e Basalto,430210,2019
RS,43025,Região 25 - Vinhedos e Basalto,430225,2019
RS,43025,Região 25 - Vinhedos e Basalto,430480,2019
RS,43025,Região 25 - Vinhedos e Basalto,430593,2019
RS,43025,Região 25 - Vinhedos e Basalto,430595,2019
RS,43025,Região 25 - Vinhedos e Basalto,430786,2019
RS,43025,Região 25 - Vinhedos e Basalto,430860,2019
RS,43025,Região 25 - Vinhedos e Basalto,430925,2019
RS,43025,Região 25 - Vinhedos e Basalto,430940,2019
RS,43025,Região 25 - Vinhedos e Basalto,431238,2019
RS,43025,Região 25 - Vinhedos e Basalto,431280,2019
RS,43025,Região 25 - Vinhedos e Basalto,431290,2019
RS,43025,Região 25 - Vinhedos e Basalto,431330,2019
RS,43025,Região 25 - Vinhedos e Basalto,431400,2019
RS,43025,Região 25 - Vinhedos e Basalto,431454,2019
RS,43025,Região 25 - Vinhedos e Basalto,431517,2019
RS,43025,Região 25 - Vinhedos e Basalto,431725,2019
RS,43025,Região 25 - Vinhedos e Basalto,431844,2019
RS,43025,Região 25 - Vinhedos e Basalto,432235,2019
RS,43025,Região 25 - Vinhedos e Basalto,432280,2019
RS,43025,Região 25 - Vinhedos e Basalto,432330,2019
RS,43025,Região 25 - Vinhedos e Basalto,432360,2019
RS,43026,Região 26 - Uva Vale,430057,2019
RS,43026,Região 26 - Uva Vale,430080,2019
RS,43026,Região 26 - Uva Vale,430235,2019
RS,43026,Região 26 - Uva Vale,430790,2019
RS,43026,Região 26 - Uva Vale,430810,2019
RS,43026,Região 26 - Uva Vale,430820,2019
RS,43026,Região 26 - Uva Vale,431043,2019
RS,43026,Região 26 - Uva Vale,431308,2019
RS,43026,Região 26 - Uva Vale,431335,2019
RS,43026,Região 26 - Uva Vale,431900,2019
RS,43026,Região 26 - Uva Vale,431975,2019
RS,43026,Região 26 - Uva Vale,432254,2019
RS,43027,Região 27 - Jacuí Centro,430120,2019
RS,43027,Região 27 - Jacuí Centro,430280,2019
RS,43027,Região 27 - Jacuí Centro,430300,2019
RS,43027,Região 27 - Jacuí Centro,430513,2019
RS,43027,Região 27 - Jacuí Centro,430690,2019
RS,43027,Região 27 - Jacuí Centro,430781,2019
RS,43027,Região 27 - Jacuí Centro,430975,2019
RS,43027,Região 27 - Jacuí Centro,431123,2019
RS,43027,Região 27 - Jacuí Centro,431339,2019
RS,43027,Região 27 - Jacuí Centro,431406,2019
RS,43027,Região 27 - Jacuí Centro,432026,2019
RS,43027,Região 27 - Jacuí Centro,432070,2019
RS,43028,Região 28 - Vinte e Oito,430420,2019
RS,43028,Região 28 - Vinte e Oito,430915,2019
RS,43028,Região 28 - Vinte e Oito,430957,2019
RS,43028,Região 28 - Vinte e Oito,431215,2019
RS,43028,Região 28 - Vinte e Oito,431395,2019
RS,43028,Região 28 - Vinte e Oito,431407,2019
RS,43028,Região 28 - Vinte e Oito,431570,2019
RS,43028,Região 28 - Vinte e Oito,431680,2019
RS,43028,Região 28 - Vinte e Oito,432067,2019
RS,43028,Região 28 - Vinte e Oito,432252,2019
RS,43028,Região 28 - Vinte e Oito,432253,2019
RS,43028,Região 28 - Vinte e Oito,432260,2019
RS,43028,Região 28 - Vinte e Oito,432270,2019
RS,43029,Região 29 - Vales e Montanhas,430070,2019
RS,43029,Região 29 - Vales e Montanhas,430100,2019
RS,43029,Região 29 - Vales e Montanhas,430245,2019
RS,43029,Região 29 - Vales e Montanhas,430461,2019
RS,43029,Região 29 - Vales e Montanhas,430469,2019
RS,43029,Região 29 - Vales e Montanhas,430583,2019
RS,43029,Região 29 - Vales e Montanhas,430620,2019
RS,43029,Região 29 - Vales e Montanhas,430645,2019
RS,43029,Região 29 - Vales e Montanhas,430675,2019
RS,43029,Região 29 - Vales e Montanhas,430680,2019
RS,43029,Região 29 - Vales e Montanhas,430843,2019
RS,43029,Região 29 - Vales e Montanhas,431030,2019
RS,43029,Região 29 - Vales e Montanhas,431140,2019
RS,43029,Região 29 - Vales e Montanhas,431205,2019
RS,43029,Região 29 - Vales e Montanhas,431260,2019
RS,43029,Região 29 - Vales e Montanhas,431300,2019
RS,43029,Região 29 - Vales e Montanhas,431513,2019
RS,43029,Região 29 - Vales e Montanhas,431515,2019
RS,43029,Região 29 - Vales e Montanhas,431520,2019
RS,43029,Região 29 - Vales e Montanhas,431545,2019
RS,43029,Região 29 - Vales e Montanhas,431580,2019
RS,43029,Região 29 - Vales e Montanhas,431675,2019
RS,43029,Região 29 - Vales e Montanhas,431846,2019
RS,43029,Região 29 - Vales e Montanhas,431971,2019
RS,43029,Região 29 - Vales e Montanhas,432045,2019
RS,43029,Região 29 - Vales e Montanhas,432162,2019
RS,43029,Região 29 - Vales e Montanhas,432285,2019
RS,43030,Região 30 - Vale da Luz,430240,2019
RS,43030,Região 30 - Vale da Luz,430558,2019
RS,43030,Região 30 - Vale da Luz,430780,2019
RS,43030,Região 30 - Vale da Luz,430807,2019
RS,43030,Região 30 - Vale da Luz,431036,2019
RS,43030,Região 30 - Vale da Luz,431415,2019
RS,43030,Região 30 - Vale da Luz,431475,2019
RS,43030,Região 30 - Vale da Luz,432130,2019
RS,43030,Região 30 - Vale da Luz,432145,2019
RS,43030,Região 30 - Vale da Luz,432377,2019
MS,50001,Campo Grande,500025,2019
MS,50001,Campo Grande,500070,2019
MS,50001,Campo Grande,500110,2019
MS,50001,Campo Grande,500150,2019
MS,50001,Campo Grande,500210,2019
MS,50001,Campo Grande,500215,2019
MS,50001,Campo Grande,500220,2019
MS,50001,Campo Grande,500260,2019
MS,50001,Campo Grande,500270,2019
MS,50001,Campo Grande,500280,2019
MS,50001,Campo Grande,500295,2019
MS,50001,Campo Grande,500310,2019
MS,50001,Campo Grande,500325,2019
MS,50001,Campo Grande,500330,2019
MS,50001,Campo Grande,500348,2019
MS,50001,Campo Grande,500390,2019
MS,50001,Campo Grande,500410,2019
MS,50001,Campo Grande,500490,2019
MS,50001,Campo Grande,500500,2019
MS,50001,Campo Grande,500540,2019
MS,50001,Campo Grande,500560,2019
MS,50001,Campo Grande,500580,2019
MS,50001,Campo Grande,500600,2019
MS,50001,Campo Grande,500627,2019
MS,50001,Campo Grande,500640,2019
MS,50001,Campo Grande,500690,2019
MS,50001,Campo Grande,500710,2019
MS,50001,Campo Grande,500730,2019
MS,50001,Campo Grande,500740,2019
MS,50001,Campo Grande,500750,2019
MS,50001,Campo Grande,500769,2019
MS,50001,Campo Grande,500790,2019
MS,50001,Campo Grande,500793,2019
MS,50001,Campo Grande,500800,2019
MS,50002,Corumbá,500320,2019
MS,50002,Corumbá,500520,2019
MS,50003,Dourados,500060,2019
MS,50003,Dourados,500080,2019
MS,50003,Dourados,500085,2019
MS,50003,Dourados,500090,2019
MS,50003,Dourados,500124,2019
MS,50003,Dourados,500200,2019
MS,50003,Dourados,500240,2019
MS,50003,Dourados,500315,2019
MS,50003,Dourados,500345,2019
MS,50003,Dourados,500350,2019
MS,50003,Dourados,500370,2019
MS,50003,Dourados,500375,2019
MS,50003,Dourados,500380,2019
MS,50003,Dourados,500400,2019
MS,50003,Dourados,500430,2019
MS,50003,Dourados,500450,2019
MS,50003,Dourados,500460,2019
MS,50003,Dourados,500470,2019
MS,50003,Dourados,500480,2019
MS,50003,Dourados,500510,2019
MS,50003,Dourados,500515,2019
MS,50003,Dourados,500525,2019
MS,50003,Dourados,500568,2019
MS,50003,Dourados,500570,2019
MS,50003,Dourados,500620,2019
MS,50003,Dourados,500625,2019
MS,50003,Dourados,500635,2019
MS,50003,Dourados,500660,2019
MS,50003,Dourados,500720,2019
MS,50003,Dourados,500770,2019
MS,50003,Dourados,500795,2019
MS,50003,Dourados,500797,2019
MS,50003,Dourados,500840,2019
MS,50004,Três Lagoas,500020,2019
MS,50004,Três Lagoas,500100,2019
MS,50004,Três Lagoas,500190,2019
MS,50004,Três Lagoas,500230,2019
MS,50004,Três Lagoas,500290,2019
MS,50004,Três Lagoas,500440,2019
MS,50004,Três Lagoas,500630,2019
MS,50004,Três Lagoas,500755,2019
MS,50004,Três Lagoas,500780,2019
MS,50004,Três Lagoas,500830,2019
MT,51001,Alto Tapajós,510025,2019
MT,51001,Alto Tapajós,510080,2019
MT,51001,Alto Tapajós,510279,2019
MT,51001,Alto Tapajós,510615,2019
MT,51001,Alto Tapajós,510629,2019
MT,51001,Alto Tapajós,510895,2019
MT,51002,Baixada Cuiabana,510010,2019
MT,51002,Baixada Cuiabana,510160,2019
MT,51002,Baixada Cuiabana,510300,2019
MT,51002,Baixada Cuiabana,510340,2019
MT,51002,Baixada Cuiabana,510490,2019
MT,51002,Baixada Cuiabana,510610,2019
MT,51002,Baixada Cuiabana,510620,2019
MT,51002,Baixada Cuiabana,510645,2019
MT,51002,Baixada Cuiabana,510650,2019
MT,51002,Baixada Cuiabana,510780,2019
MT,51002,Baixada Cuiabana,510840,2019
MT,51003,Araguaia Xingu,510269,2019
MT,51003,Araguaia Xingu,510335,2019
MT,51003,Araguaia Xingu,510677,2019
MT,51003,Araguaia Xingu,510735,2019
MT,51003,Araguaia Xingu,510774,2019
MT,51003,Araguaia Xingu,510777,2019
MT,51003,Araguaia Xingu,510860,2019
MT,51004,Centro Norte,510050,2019
MT,51004,Centro Norte,510350,2019
MT,51004,Centro Norte,510590,2019
MT,51004,Centro Norte,510600,2019
MT,51004,Centro Norte,510730,2019
MT,51004,Centro Norte,510770,2019
MT,51004,Centro Norte,510890,2019
MT,51005,Garças Araguaia,510100,2019
MT,51005,Garças Araguaia,510180,2019
MT,51005,Garças Araguaia,510260,2019
MT,51005,Garças Araguaia,510390,2019
MT,51005,Garças Araguaia,510625,2019
MT,51005,Garças Araguaia,510628,2019
MT,51005,Garças Araguaia,510665,2019
MT,51005,Garças Araguaia,510670,2019
MT,51005,Garças Araguaia,510719,2019
MT,51005,Garças Araguaia,510820,2019
MT,51006,Médio Araguaia,510020,2019
MT,51006,Médio Araguaia,510185,2019
MT,51006,Médio Araguaia,510270,2019
MT,51006,Médio Araguaia,510310,2019
MT,51006,Médio Araguaia,510385,2019
MT,51006,Médio Araguaia,510617,2019
MT,51006,Médio Araguaia,510706,2019
MT,51006,Médio Araguaia,510718,2019
MT,51007,Médio Norte Matogrossense,510130,2019
MT,51007,Médio Norte Matogrossense,510170,2019
MT,51007,Médio Norte Matogrossense,510263,2019
MT,51007,Médio Norte Matogrossense,510345,2019
MT,51007,Médio Norte Matogrossense,510623,2019
MT,51007,Médio Norte Matogrossense,510685,2019
MT,51007,Médio Norte Matogrossense,510726,2019
MT,51007,Médio Norte Matogrossense,510787,2019
MT,51007,Médio Norte Matogrossense,510795,2019
MT,51007,Médio Norte Matogrossense,510885,2019
MT,51008,Noroeste Matogrossense,510140,2019
MT,51008,Noroeste Matogrossense,510190,2019
MT,51008,Noroeste Matogrossense,510285,2019
MT,51008,Noroeste Matogrossense,510325,2019
MT,51008,Noroeste Matogrossense,510337,2019
MT,51008,Noroeste Matogrossense,510515,2019
MT,51008,Noroeste Matogrossense,510517,2019
MT,51009,Norte Araguaia Karajá,510035,2019
MT,51009,Norte Araguaia Karajá,510530,2019
MT,51009,Norte Araguaia Karajá,510631,2019
MT,51009,Norte Araguaia Karajá,510785,2019
MT,51009,Norte Araguaia Karajá,510788,2019
MT,51010,Norte Matogrossense,510320,2019
MT,51010,Norte Matogrossense,510455,2019
MT,51010,Norte Matogrossense,510558,2019
MT,51010,Norte Matogrossense,510619,2019
MT,51010,Norte Matogrossense,510621,2019
MT,51010,Norte Matogrossense,510880,2019
MT,51011,Oeste Matogrossense,510125,2019
MT,51011,Oeste Matogrossense,510250,2019
MT,51011,Oeste Matogrossense,510343,2019
MT,51011,Oeste Matogrossense,510395,2019
MT,51011,Oeste Matogrossense,510450,2019
MT,51011,Oeste Matogrossense,510523,2019
MT,51011,Oeste Matogrossense,510562,2019
MT,51011,Oeste Matogrossense,510682,2019
MT,51011,Oeste Matogrossense,510710,2019
MT,51011,Oeste Matogrossense,510715,2019
MT,51011,Oeste Matogrossense,510720,2019
MT,51011,Oeste Matogrossense,510775,2019
MT,51012,Sudoeste Matogrossense,510268,2019
MT,51012,Sudoeste Matogrossense,510330,2019
MT,51012,Sudoeste Matogrossense,510336,2019
MT,51012,Sudoeste Matogrossense,510380,2019
MT,51012,Sudoeste Matogrossense,510500,2019
MT,51012,Sudoeste Matogrossense,510550,2019
MT,51012,Sudoeste Matogrossense,510618,2019
MT,51012,Sudoeste Matogrossense,510675,2019
MT,51012,Sudoeste Matogrossense,510757,2019
MT,51012,Sudoeste Matogrossense,510835,2019
MT,51013,Sul Matogrossense,510030,2019
MT,51013,Sul Matogrossense,510040,2019
MT,51013,Sul Matogrossense,510060,2019
MT,51013,Sul Matogrossense,510120,2019
MT,51013,Sul Matogrossense,510267,2019
MT,51013,Sul Matogrossense,510360,2019
MT,51013,Sul Matogrossense,510420,2019
MT,51013,Sul Matogrossense,510460,2019
MT,51013,Sul Matogrossense,510480,2019
MT,51013,Sul Matogrossense,510520,2019
MT,51013,Sul Matogrossense,510630,2019
MT,51013,Sul Matogrossense,510637,2019
MT,51013,Sul Matogrossense,510700,2019
MT,51013,Sul Matogrossense,510704,2019
MT,51013,Sul Matogrossense,510729,2019
MT,51013,Sul Matogrossense,510740,2019
MT,51013,Sul Matogrossense,510760,2019
MT,51013,Sul Matogrossense,510779,2019
MT,51013,Sul Matogrossense,510810,2019
MT,51014,Teles Pires,510305,2019
MT,51014,Teles Pires,510370,2019
MT,51014,Teles Pires,510452,2019
MT,51014,Teles Pires,510454,2019
MT,51014,Teles Pires,510525,2019
MT,51014,Teles Pires,510622,2019
MT,51014,Teles Pires,510624,2019
MT,51014,Teles Pires,510724,2019
MT,51014,Teles Pires,510776,2019
MT,51014,Teles Pires,510790,2019
MT,51014,Teles Pires,510792,2019
MT,51014,Teles Pires,510800,2019
MT,51014,Teles Pires,510830,2019
MT,51014,Teles Pires,510850,2019
MT,51015,Vale do Peixoto,510410,2019
MT,51015,Vale do Peixoto,510560,2019
MT,51015,Vale do Peixoto,510626,2019
MT,51015,Vale do Peixoto,510642,2019
MT,51015,Vale do Peixoto,510805,2019
MT,51016,Vale dos Arinos,510510,2019
MT,51016,Vale dos Arinos,510627,2019
MT,51016,Vale dos Arinos,510680,2019
MT,51016,Vale dos Arinos,510794,2019
GO,52001,Central,520005,2019
GO,52001,Central,520130,2019
GO,52001,Central,520160,2019
GO,52001,Central,520280,2019
GO,52001,Central,520360,2019
GO,52001,Central,520460,2019
GO,52001,Central,520520,2019
GO,52001,Central,520680,2019
GO,52001,Central,520870,2019
GO,52001,Central,520880,2019
GO,52001,Central,520920,2019
GO,52001,Central,521000,2019
GO,52001,Central,521056,2019
GO,52001,Central,521140,2019
GO,52001,Central,521205,2019
GO,52001,Central,521440,2019
GO,52001,Central,521450,2019
GO,52001,Central,521500,2019
GO,52001,Central,521540,2019
GO,52001,Central,521680,2019
GO,52001,Central,521910,2019
GO,52001,Central,521950,2019
GO,52001,Central,521973,2019
GO,52001,Central,521990,2019
GO,52001,Central,522100,2019
GO,52001,Central,522140,2019
GO,52002,Centro Sul,520140,2019
GO,52002,Centro Sul,520180,2019
GO,52002,Centro Sul,520330,2019
GO,52002,Centro Sul,520355,2019
GO,52002,Centro Sul,520455,2019
GO,52002,Centro Sul,520545,2019
GO,52002,Centro Sul,520630,2019
GO,52002,Centro Sul,520650,2019
GO,52002,Centro Sul,520735,2019
GO,52002,Centro Sul,520740,2019
GO,52002,Centro Sul,520970,2019
GO,52002,Centro Sul,520995,2019
GO,52002,Centro Sul,521170,2019
GO,52002,Centro Sul,521230,2019
GO,52002,Centro Sul,521260,2019
GO,52002,Centro Sul,521530,2019
GO,52002,Centro Sul,521710,2019
GO,52002,Centro Sul,521770,2019
GO,52002,Centro Sul,521839,2019
GO,52002,Centro Sul,522026,2019
GO,52002,Centro Sul,522045,2019
GO,52002,Centro Sul,522060,2019
GO,52002,Centro Sul,522190,2019
GO,52002,Centro Sul,522200,2019
GO,52002,Centro Sul,522205,2019
GO,52003,Entorno Norte,520017,2019
GO,52003,Entorno Norte,520060,2019
GO,52003,Entorno Norte,520400,2019
GO,52003,Entorno Norte,520790,2019
GO,52003,Entorno Norte,520800,2019
GO,52003,Entorno Norte,521760,2019
GO,52003,Entorno Norte,522000,2019
GO,52003,Entorno Norte,522220,2019
GO,52004,Entorno Sul,520025,2019
GO,52004,Entorno Sul,520549,2019
GO,52004,Entorno Sul,520620,2019
GO,52004,Entorno Sul,521250,2019
GO,52004,Entorno Sul,521523,2019
GO,52004,Entorno Sul,521975,2019
GO,52004,Entorno Sul,522185,2019
GO,52005,Estrada de Ferro,520120,2019
GO,52005,Estrada de Ferro,520450,2019
GO,52005,Estrada de Ferro,520480,2019
GO,52005,Estrada de Ferro,520510,2019
GO,52005,Estrada de Ferro,520590,2019
GO,52005,Estrada de Ferro,520660,2019
GO,52005,Estrada de Ferro,520690,2019
GO,52005,Estrada de Ferro,520850,2019
GO,52005,Estrada de Ferro,521010,2019
GO,52005,Estrada de Ferro,521290,2019
GO,52005,Estrada de Ferro,521480,2019
GO,52005,Estrada de Ferro,521550,2019
GO,52005,Estrada de Ferro,521580,2019
GO,52005,Estrada de Ferro,521740,2019
GO,52005,Estrada de Ferro,521878,2019
GO,52005,Estrada de Ferro,521920,2019
GO,52005,Estrada de Ferro,522130,2019
GO,52005,Estrada de Ferro,522180,2019
GO,52006,Nordeste I,520490,2019
GO,52006,Nordeste I,520530,2019
GO,52006,Nordeste I,520830,2019
GO,52006,Nordeste I,521350,2019
GO,52006,Nordeste I,522108,2019
GO,52007,Nordeste II,520080,2019
GO,52007,Nordeste II,520396,2019
GO,52007,Nordeste II,520670,2019
GO,52007,Nordeste II,520940,2019
GO,52007,Nordeste II,520990,2019
GO,52007,Nordeste II,521270,2019
GO,52007,Nordeste II,521490,2019
GO,52007,Nordeste II,521830,2019
GO,52007,Nordeste II,521980,2019
GO,52007,Nordeste II,522068,2019
GO,52007,Nordeste II,522070,2019
GO,52008,Norte,520357,2019
GO,52008,Norte,520465,2019
GO,52008,Norte,520750,2019
GO,52008,Norte,520810,2019
GO,52008,Norte,521308,2019
GO,52008,Norte,521377,2019
GO,52008,Norte,521405,2019
GO,52008,Norte,521410,2019
GO,52008,Norte,521525,2019
GO,52008,Norte,521800,2019
GO,52008,Norte,521960,2019
GO,52008,Norte,522020,2019
GO,52008,Norte,522145,2019
GO,52009,Oeste I,520090,2019
GO,52009,Oeste I,520170,2019
GO,52009,Oeste I,520235,2019
GO,52009,Oeste I,520310,2019
GO,52009,Oeste I,520340,2019
GO,52009,Oeste I,520710,2019
GO,52009,Oeste I,520760,2019
GO,52009,Oeste I,521020,2019
GO,52009,Oeste I,521030,2019
GO,52009,Oeste I,521160,2019
GO,52009,Oeste I,521200,2019
GO,52009,Oeste I,521340,2019
GO,52009,Oeste I,521370,2019
GO,52009,Oeste I,521520,2019
GO,52009,Oeste I,521565,2019
GO,52009,Oeste I,521720,2019
GO,52010,Oeste II,520015,2019
GO,52010,Oeste II,520260,2019
GO,52010,Oeste II,520393,2019
GO,52010,Oeste II,520420,2019
GO,52010,Oeste II,520570,2019
GO,52010,Oeste II,520780,2019
GO,52010,Oeste II,521570,2019
GO,52010,Oeste II,521590,2019
GO,52010,Oeste II,521640,2019
GO,52010,Oeste II,521900,2019
GO,52010,Oeste II,522005,2019
GO,52010,Oeste II,522010,2019
GO,52010,Oeste II,522150,2019
GO,52011,Pirineus,520010,2019
GO,52011,Pirineus,520030,2019
GO,52011,Pirineus,520110,2019
GO,52011,Pirineus,520485,2019
GO,52011,Pirineus,520551,2019
GO,52011,Pirineus,520580,2019
GO,52011,Pirineus,520815,2019
GO,52011,Pirineus,520840,2019
GO,52011,Pirineus,521730,2019
GO,52011,Pirineus,522119,2019
GO,52012,Rio Vermelho,520085,2019
GO,52012,Rio Vermelho,520215,2019
GO,52012,Rio Vermelho,520250,2019
GO,52012,Rio Vermelho,520380,2019
GO,52012,Rio Vermelho,520753,2019
GO,52012,Rio Vermelho,520890,2019
GO,52012,Rio Vermelho,520929,2019
GO,52012,Rio Vermelho,520960,2019
GO,52012,Rio Vermelho,521040,2019
GO,52012,Rio Vermelho,521100,2019
GO,52012,Rio Vermelho,521120,2019
GO,52012,Rio Vermelho,521220,2019
GO,52012,Rio Vermelho,521295,2019
GO,52012,Rio Vermelho,521390,2019
GO,52012,Rio Vermelho,521400,2019
GO,52012,Rio Vermelho,521483,2019
GO,52012,Rio Vermelho,521925,2019
GO,52013,São Patrício I,520495,2019
GO,52013,São Patrício I,520500,2019
GO,52013,São Patrício I,520540,2019
GO,52013,São Patrício I,520640,2019
GO,52013,São Patrício I,520945,2019
GO,52013,São Patrício I,521015,2019
GO,52013,São Patrício I,521090,2019
GO,52013,São Patrício I,521385,2019
GO,52013,São Patrício I,521470,2019
GO,52013,São Patrício I,521486,2019
GO,52013,São Patrício I,521690,2019
GO,52013,São Patrício I,521860,2019
GO,52013,São Patrício I,521870,2019
GO,52013,São Patrício I,521890,2019
GO,52013,São Patrício I,521935,2019
GO,52013,São Patrício I,521970,2019
GO,52013,São Patrício I,522015,2019
GO,52013,São Patrício I,522028,2019
GO,52013,São Patrício I,522157,2019
GO,52013,São Patrício I,522170,2019
GO,52014,Serra da Mesa,520055,2019
GO,52014,Serra da Mesa,520082,2019
GO,52014,Serra da Mesa,520470,2019
GO,52014,Serra da Mesa,520552,2019
GO,52014,Serra da Mesa,520980,2019
GO,52014,Serra da Mesa,521280,2019
GO,52014,Serra da Mesa,521460,2019
GO,52014,Serra da Mesa,521487,2019
GO,52014,Serra da Mesa,522160,2019
GO,52015,Sudoeste I,520013,2019
GO,52015,Sudoeste I,520145,2019
GO,52015,Sudoeste I,520410,2019
GO,52015,Sudoeste I,520430,2019
GO,52015,Sudoeste I,520505,2019
GO,52015,Sudoeste I,521080,2019
GO,52015,Sudoeste I,521130,2019
GO,52015,Sudoeste I,521225,2019
GO,52015,Sudoeste I,521300,2019
GO,52015,Sudoeste I,521375,2019
GO,52015,Sudoeste I,521630,2019
GO,52015,Sudoeste I,521805,2019
GO,52015,Sudoeste I,521850,2019
GO,52015,Sudoeste I,521880,2019
GO,52015,Sudoeste I,521930,2019
GO,52015,Sudoeste I,521971,2019
GO,52015,Sudoeste I,522040,2019
GO,52015,Sudoeste I,522155,2019
GO,52016,Sudoeste II,520150,2019
GO,52016,Sudoeste II,520440,2019
GO,52016,Sudoeste II,520547,2019
GO,52016,Sudoeste II,520725,2019
GO,52016,Sudoeste II,521190,2019
GO,52016,Sudoeste II,521310,2019
GO,52016,Sudoeste II,521645,2019
GO,52016,Sudoeste II,521810,2019
GO,52016,Sudoeste II,521940,2019
GO,52016,Sudoeste II,522050,2019
GO,52017,Sul,520020,2019
GO,52017,Sul,520050,2019
GO,52017,Sul,520350,2019
GO,52017,Sul,520390,2019
GO,52017,Sul,520425,2019
GO,52017,Sul,520910,2019
GO,52017,Sul,520915,2019
GO,52017,Sul,520993,2019
GO,52017,Sul,521150,2019
GO,52017,Sul,521210,2019
GO,52017,Sul,521380,2019
GO,52017,Sul,521600,2019
GO,52018,São Patrício II,520320,2019
GO,52018,São Patrício II,520860,2019
GO,52018,São Patrício II,521060,2019
GO,52018,São Patrício II,521180,2019
GO,52018,São Patrício II,521305,2019
GO,52018,São Patrício II,521560,2019
GO,52018,São Patrício II,521945,2019
GO,52018,São Patrício II,522230,2019
DF,53001,Distrito Federal,530010,2019
