estado_abrev,regional_id,regional_nome,municipio_id_sdv,ano
RO,11001,Vale do Jamari,110002,
RO,11001,Vale do Jamari,110013,
RO,11001,Vale do Jamari,110026,
RO,11001,Vale do Jamari,110040,
RO,11001,Vale do Jamari,110045,
RO,11001,Vale do Jamari,110060,
RO,11001,Vale do Jamari,110070,
RO,11001,Vale do Jamari,110094,
RO,11001,Vale do Jamari,110140,
RO,11002,Café,110004,
RO,11002,Café,110009,
RO,11002,Café,110018,
RO,11002,Café,110120,
RO,11002,Café,110147,
RO,11002,Café,110148,
RO,11003,Central,110011,
RO,11003,Central,110012,
RO,11003,Central,110015,
RO,11003,Central,110025,
RO,11003,Central,110032,
RO,11003,Central,110034,
RO,11003,Central,110100,
RO,11003,Central,110130,
RO,11003,Central,110143,
RO,11003,Central,110155,
RO,11003,Central,110160,
RO,11003,Central,110170,
RO,11003,Central,110175,
RO,11003,Central,110180,
RO,11004,Madeira-Mamoré,110010,
RO,11004,Madeira-Mamoré,110020,
RO,11004,Madeira-Mamoré,110033,
RO,11004,Madeira-Mamoré,110080,
RO,11004,Madeira-Mamoré,110110,
RO,11005,Zona da Mata,110001,
RO,11005,Zona da Mata,110014,
RO,11005,Zona da Mata,110028,
RO,11005,Zona da Mata,110029,
RO,11005,Zona da Mata,110037,
RO,11005,Zona da Mata,110050,
RO,11005,Zona da Mata,110090,
RO,11005,Zona da Mata,110145,
RO,11006,Cone Sul,110003,
RO,11006,Cone Sul,110005,
RO,11006,Cone Sul,110006,
RO,11006,Cone Sul,110007,
RO,11006,Cone Sul,110030,
RO,11006,Cone Sul,110092,
RO,11006,Cone Sul,110146,
RO,11007,Vale do Guaporé,110008,
RO,11007,Vale do Guaporé,110149,
RO,11007,Vale do Guaporé,110150,
AC,12001,Alto Acre,120005,
AC,12001,Alto Acre,120010,
AC,12001,Alto Acre,120025,
AC,12001,Alto Acre,120070,
AC,12002,Baixo Acre e Purus,120001,
AC,12002,Baixo Acre e Purus,120013,
AC,12002,Baixo Acre e Purus,120017,
AC,12002,Baixo Acre e Purus,120032,
AC,12002,Baixo Acre e Purus,120034,
AC,12002,Baixo Acre e Purus,120038,
AC,12002,Baixo Acre e Purus,120040,
AC,12002,Baixo Acre e Purus,120043,
AC,12002,Baixo Acre e Purus,120045,
AC,12002,Baixo Acre e Purus,120050,
AC,12002,Baixo Acre e Purus,120080,
AC,12003,Juruá e Tarauacá/Envira,120020,
AC,12003,Juruá e Tarauacá/Envira,120030,
AC,12003,Juruá e Tarauacá/Envira,120033,
AC,12003,Juruá e Tarauacá/Envira,120035,
AC,12003,Juruá e Tarauacá/Envira,120039,
AC,12003,Juruá e Tarauacá/Envira,120042,
AC,12003,Juruá e Tarauacá/Envira,120060,
AM,13001,"Manaus, Entorno e Alto Rio Negro",130030,
AM,13001,"Manaus, Entorno e Alto Rio Negro",130040,
AM,13001,"Manaus, Entorno e Alto Rio Negro",130110,
AM,13001,"Manaus, Entorno e Alto Rio Negro",130115,
AM,13001,"Manaus, Entorno e Alto Rio Negro",130185,
AM,13001,"Manaus, Entorno e Alto Rio Negro",130255,
AM,13001,"Manaus, Entorno e Alto Rio Negro",130260,
AM,13001,"Manaus, Entorno e Alto Rio Negro",130310,
AM,13001,"Manaus, Entorno e Alto Rio Negro",130353,
AM,13001,"Manaus, Entorno e Alto Rio Negro",130356,
AM,13001,"Manaus, Entorno e Alto Rio Negro",130360,
AM,13001,"Manaus, Entorno e Alto Rio Negro",130380,
AM,13002,Rio Negro e Solimões,130008,
AM,13002,Rio Negro e Solimões,130010,
AM,13002,Rio Negro e Solimões,130063,
AM,13002,Rio Negro e Solimões,130083,
AM,13002,Rio Negro e Solimões,130120,
AM,13002,Rio Negro e Solimões,130130,
AM,13002,Rio Negro e Solimões,130250,
AM,13002,Rio Negro e Solimões,130320,
AM,13003,Rio Madeira,130014,
AM,13003,Rio Madeira,130080,
AM,13003,Rio Madeira,130170,
AM,13003,Rio Madeira,130270,
AM,13003,Rio Madeira,130330,
AM,13004,Médio Amazonas,130190,
AM,13004,Médio Amazonas,130200,
AM,13004,Médio Amazonas,130395,
AM,13004,Médio Amazonas,130400,
AM,13004,Médio Amazonas,130430,
AM,13004,Médio Amazonas,130440,
AM,13005,Baixo Amazonas,130050,
AM,13005,Baixo Amazonas,130068,
AM,13005,Baixo Amazonas,130290,
AM,13005,Baixo Amazonas,130300,
AM,13005,Baixo Amazonas,130340,
AM,13006,Regional Purus,130070,
AM,13006,Regional Purus,130090,
AM,13006,Regional Purus,130240,
AM,13006,Regional Purus,130350,
AM,13006,Regional Purus,130410,
AM,13007,Regional Juruá,130100,
AM,13007,Regional Juruá,130140,
AM,13007,Regional Juruá,130150,
AM,13007,Regional Juruá,130165,
AM,13007,Regional Juruá,130180,
AM,13007,Regional Juruá,130195,
AM,13008,Triângulo,130002,
AM,13008,Triângulo,130210,
AM,13008,Triângulo,130220,
AM,13008,Triângulo,130280,
AM,13008,Triângulo,130420,
AM,13008,Triângulo,130426,
AM,13009,Alto Solimões,130006,
AM,13009,Alto Solimões,130020,
AM,13009,Alto Solimões,130060,
AM,13009,Alto Solimões,130160,
AM,13009,Alto Solimões,130230,
AM,13009,Alto Solimões,130370,
AM,13009,Alto Solimões,130390,
AM,13009,Alto Solimões,130406,
AM,13009,Alto Solimões,130423,
RR,14001,Centro Norte,140002,
RR,14001,Centro Norte,140005,
RR,14001,Centro Norte,140010,
RR,14001,Centro Norte,140015,
RR,14001,Centro Norte,140017,
RR,14001,Centro Norte,140030,
RR,14001,Centro Norte,140040,
RR,14001,Centro Norte,140045,
RR,14001,Centro Norte,140070,
RR,14002,Sul,140020,
RR,14002,Sul,140023,
RR,14002,Sul,140028,
RR,14002,Sul,140047,
RR,14002,Sul,140050,
RR,14002,Sul,140060,
PA,15001,Araguaia,150034,
PA,15001,Araguaia,150125,
PA,15001,Araguaia,150270,
PA,15001,Araguaia,150276,
PA,15001,Araguaia,150304,
PA,15001,Araguaia,150543,
PA,15001,Araguaia,150555,
PA,15001,Araguaia,150613,
PA,15001,Araguaia,150616,
PA,15001,Araguaia,150658,
PA,15001,Araguaia,150670,
PA,15001,Araguaia,150730,
PA,15001,Araguaia,150775,
PA,15001,Araguaia,150808,
PA,15001,Araguaia,150840,
PA,15002,Baixo Amazonas,150040,
PA,15002,Baixo Amazonas,150050,
PA,15002,Baixo Amazonas,150145,
PA,15002,Baixo Amazonas,150285,
PA,15002,Baixo Amazonas,150300,
PA,15002,Baixo Amazonas,150390,
PA,15002,Baixo Amazonas,150475,
PA,15002,Baixo Amazonas,150480,
PA,15002,Baixo Amazonas,150510,
PA,15002,Baixo Amazonas,150530,
PA,15002,Baixo Amazonas,150565,
PA,15002,Baixo Amazonas,150600,
PA,15002,Baixo Amazonas,150680,
PA,15002,Baixo Amazonas,150797,
PA,15003,Carajás,150013,
PA,15003,Carajás,150157,
PA,15003,Carajás,150175,
PA,15003,Carajás,150215,
PA,15003,Carajás,150277,
PA,15003,Carajás,150293,
PA,15003,Carajás,150295,
PA,15003,Carajás,150370,
PA,15003,Carajás,150420,
PA,15003,Carajás,150497,
PA,15003,Carajás,150549,
PA,15003,Carajás,150553,
PA,15003,Carajás,150563,
PA,15003,Carajás,150618,
PA,15003,Carajás,150715,
PA,15003,Carajás,150745,
PA,15003,Carajás,150750,
PA,15004,Lago de Tucuruí,150178,
PA,15004,Lago de Tucuruí,150309,
PA,15004,Lago de Tucuruí,150380,
PA,15004,Lago de Tucuruí,150506,
PA,15004,Lago de Tucuruí,150795,
PA,15004,Lago de Tucuruí,150810,
PA,15006,Metropolitana I,150080,
PA,15006,Metropolitana I,150140,
PA,15006,Metropolitana I,150150,
PA,15006,Metropolitana I,150442,
PA,15006,Metropolitana I,150635,
PA,15007,Metropolitana II,150020,
PA,15007,Metropolitana II,150190,
PA,15007,Metropolitana II,150260,
PA,15007,Metropolitana II,150275,
PA,15007,Metropolitana II,150650,
PA,15007,Metropolitana II,150700,
PA,15007,Metropolitana II,150710,
PA,15007,Metropolitana II,150800,
PA,15007,Metropolitana II,150820,
PA,15008,Metropolitana III,150095,
PA,15008,Metropolitana III,150230,
PA,15008,Metropolitana III,150240,
PA,15008,Metropolitana III,150290,
PA,15008,Metropolitana III,150307,
PA,15008,Metropolitana III,150320,
PA,15008,Metropolitana III,150340,
PA,15008,Metropolitana III,150345,
PA,15008,Metropolitana III,150350,
PA,15008,Metropolitana III,150405,
PA,15008,Metropolitana III,150410,
PA,15008,Metropolitana III,150430,
PA,15008,Metropolitana III,150440,
PA,15008,Metropolitana III,150495,
PA,15008,Metropolitana III,150550,
PA,15008,Metropolitana III,150660,
PA,15008,Metropolitana III,150720,
PA,15008,Metropolitana III,150740,
PA,15008,Metropolitana III,150746,
PA,15008,Metropolitana III,150760,
PA,15008,Metropolitana III,150796,
PA,15008,Metropolitana III,150812,
PA,15009,Rio Caetés,150090,
PA,15009,Rio Caetés,150160,
PA,15009,Rio Caetés,150170,
PA,15009,Rio Caetés,150195,
PA,15009,Rio Caetés,150220,
PA,15009,Rio Caetés,150500,
PA,15009,Rio Caetés,150540,
PA,15009,Rio Caetés,150560,
PA,15009,Rio Caetés,150610,
PA,15009,Rio Caetés,150611,
PA,15009,Rio Caetés,150620,
PA,15009,Rio Caetés,150655,
PA,15009,Rio Caetés,150690,
PA,15009,Rio Caetés,150747,
PA,15009,Rio Caetés,150803,
PA,15009,Rio Caetés,150830,
PA,15010,Tapajós,150100,
PA,15010,Tapajós,150360,
PA,15010,Tapajós,150375,
PA,15010,Tapajós,150503,
PA,15010,Tapajós,150619,
PA,15010,Tapajós,150805,
PA,15011,Tocantins,150010,
PA,15011,Tocantins,150120,
PA,15011,Tocantins,150130,
PA,15011,Tocantins,150210,
PA,15011,Tocantins,150330,
PA,15011,Tocantins,150400,
PA,15011,Tocantins,150460,
PA,15011,Tocantins,150470,
PA,15011,Tocantins,150520,
PA,15012,Xingu,150060,
PA,15012,Xingu,150085,
PA,15012,Xingu,150172,
PA,15012,Xingu,150445,
PA,15012,Xingu,150548,
PA,15012,Xingu,150590,
PA,15012,Xingu,150780,
PA,15012,Xingu,150815,
PA,15012,Xingu,150835,
PA,15013,Marajó I,150030,
PA,15013,Marajó I,150200,
PA,15013,Marajó I,150250,
PA,15013,Marajó I,150490,
PA,15013,Marajó I,150570,
PA,15013,Marajó I,150630,
PA,15013,Marajó I,150640,
PA,15013,Marajó I,150770,
PA,15013,Marajó I,150790,
PA,15014,Marajó II,150070,
PA,15014,Marajó II,150110,
PA,15014,Marajó II,150180,
PA,15014,Marajó II,150280,
PA,15014,Marajó II,150310,
PA,15014,Marajó II,150450,
PA,15014,Marajó II,150580,
AP,16001,Área Central,160005,
AP,16001,Área Central,160015,
AP,16001,Área Central,160021,
AP,16001,Área Central,160023,
AP,16001,Área Central,160025,
AP,16001,Área Central,160030,
AP,16001,Área Central,160053,
AP,16002,Área Norte,160010,
AP,16002,Área Norte,160020,
AP,16002,Área Norte,160050,
AP,16002,Área Norte,160055,
AP,16002,Área Norte,160070,
AP,16003,Área Sudoeste,160027,
AP,16003,Área Sudoeste,160040,
AP,16003,Área Sudoeste,160060,
AP,16003,Área Sudoeste,160080,
TO,17001,Médio Norte Araguaia,170130,
TO,17001,Médio Norte Araguaia,170210,
TO,17001,Médio Norte Araguaia,170215,
TO,17001,Médio Norte Araguaia,170300,
TO,17001,Médio Norte Araguaia,170307,
TO,17001,Médio Norte Araguaia,170384,
TO,17001,Médio Norte Araguaia,170388,
TO,17001,Médio Norte Araguaia,170650,
TO,17001,Médio Norte Araguaia,170770,
TO,17001,Médio Norte Araguaia,170900,
TO,17001,Médio Norte Araguaia,171395,
TO,17001,Médio Norte Araguaia,171488,
TO,17001,Médio Norte Araguaia,171630,
TO,17001,Médio Norte Araguaia,171720,
TO,17001,Médio Norte Araguaia,171886,
TO,17001,Médio Norte Araguaia,172208,
TO,17001,Médio Norte Araguaia,172210,
TO,17002,Bico do Papagaio,170030,
TO,17002,Bico do Papagaio,170100,
TO,17002,Bico do Papagaio,170105,
TO,17002,Bico do Papagaio,170220,
TO,17002,Bico do Papagaio,170255,
TO,17002,Bico do Papagaio,170290,
TO,17002,Bico do Papagaio,170380,
TO,17002,Bico do Papagaio,170382,
TO,17002,Bico do Papagaio,170389,
TO,17002,Bico do Papagaio,170740,
TO,17002,Bico do Papagaio,171070,
TO,17002,Bico do Papagaio,171245,
TO,17002,Bico do Papagaio,171280,
TO,17002,Bico do Papagaio,171380,
TO,17002,Bico do Papagaio,171430,
TO,17002,Bico do Papagaio,171830,
TO,17002,Bico do Papagaio,171855,
TO,17002,Bico do Papagaio,171880,
TO,17002,Bico do Papagaio,172000,
TO,17002,Bico do Papagaio,172010,
TO,17002,Bico do Papagaio,172020,
TO,17002,Bico do Papagaio,172030,
TO,17002,Bico do Papagaio,172080,
TO,17002,Bico do Papagaio,172120,
TO,17003,Sudeste,170040,
TO,17003,Sudeste,170240,
TO,17003,Sudeste,170270,
TO,17003,Sudeste,170555,
TO,17003,Sudeste,170560,
TO,17003,Sudeste,170700,
TO,17003,Sudeste,171215,
TO,17003,Sudeste,171515,
TO,17003,Sudeste,171525,
TO,17003,Sudeste,171620,
TO,17003,Sudeste,171780,
TO,17003,Sudeste,171800,
TO,17003,Sudeste,171865,
TO,17003,Sudeste,172090,
TO,17003,Sudeste,172093,
TO,17004,Cerrado Tocantins Araguaia,170230,
TO,17004,Cerrado Tocantins Araguaia,170305,
TO,17004,Cerrado Tocantins Araguaia,170320,
TO,17004,Cerrado Tocantins Araguaia,170330,
TO,17004,Cerrado Tocantins Araguaia,170360,
TO,17004,Cerrado Tocantins Araguaia,170410,
TO,17004,Cerrado Tocantins Araguaia,170550,
TO,17004,Cerrado Tocantins Araguaia,170600,
TO,17004,Cerrado Tocantins Araguaia,170830,
TO,17004,Cerrado Tocantins Araguaia,170930,
TO,17004,Cerrado Tocantins Araguaia,171050,
TO,17004,Cerrado Tocantins Araguaia,171090,
TO,17004,Cerrado Tocantins Araguaia,171110,
TO,17004,Cerrado Tocantins Araguaia,171180,
TO,17004,Cerrado Tocantins Araguaia,171570,
TO,17004,Cerrado Tocantins Araguaia,171650,
TO,17004,Cerrado Tocantins Araguaia,171665,
TO,17004,Cerrado Tocantins Araguaia,171670,
TO,17004,Cerrado Tocantins Araguaia,171840,
TO,17004,Cerrado Tocantins Araguaia,171850,
TO,17004,Cerrado Tocantins Araguaia,171888,
TO,17004,Cerrado Tocantins Araguaia,172125,
TO,17004,Cerrado Tocantins Araguaia,172130,
TO,17005,Ilha do Bananal,170035,
TO,17005,Ilha do Bananal,170070,
TO,17005,Ilha do Bananal,170200,
TO,17005,Ilha do Bananal,170386,
TO,17005,Ilha do Bananal,170625,
TO,17005,Ilha do Bananal,170730,
TO,17005,Ilha do Bananal,170765,
TO,17005,Ilha do Bananal,170820,
TO,17005,Ilha do Bananal,170950,
TO,17005,Ilha do Bananal,171150,
TO,17005,Ilha do Bananal,171575,
TO,17005,Ilha do Bananal,171660,
TO,17005,Ilha do Bananal,171884,
TO,17005,Ilha do Bananal,171889,
TO,17005,Ilha do Bananal,172025,
TO,17005,Ilha do Bananal,172049,
TO,17005,Ilha do Bananal,172085,
TO,17005,Ilha do Bananal,172097,
TO,17006,Capim Dourado,170110,
TO,17006,Capim Dourado,170825,
TO,17006,Capim Dourado,171195,
TO,17006,Capim Dourado,171200,
TO,17006,Capim Dourado,171240,
TO,17006,Capim Dourado,171320,
TO,17006,Capim Dourado,171330,
TO,17006,Capim Dourado,171510,
TO,17006,Capim Dourado,171870,
TO,17006,Capim Dourado,171875,
TO,17006,Capim Dourado,171900,
TO,17006,Capim Dourado,172015,
TO,17006,Capim Dourado,172100,
TO,17006,Capim Dourado,172110,
TO,17007,Cantão,170025,
TO,17007,Cantão,170190,
TO,17007,Cantão,170310,
TO,17007,Cantão,170390,
TO,17007,Cantão,170460,
TO,17007,Cantão,170610,
TO,17007,Cantão,170710,
TO,17007,Cantão,170720,
TO,17007,Cantão,171190,
TO,17007,Cantão,171250,
TO,17007,Cantão,171370,
TO,17007,Cantão,171500,
TO,17007,Cantão,171610,
TO,17007,Cantão,171750,
TO,17007,Cantão,171845,
TO,17008,Amor Perfeito,170370,
TO,17008,Amor Perfeito,170510,
TO,17008,Amor Perfeito,170755,
TO,17008,Amor Perfeito,170980,
TO,17008,Amor Perfeito,171270,
TO,17008,Amor Perfeito,171360,
TO,17008,Amor Perfeito,171420,
TO,17008,Amor Perfeito,171550,
TO,17008,Amor Perfeito,171700,
TO,17008,Amor Perfeito,171790,
TO,17008,Amor Perfeito,171820,
TO,17008,Amor Perfeito,171890,
TO,17008,Amor Perfeito,172065,
MA,21001,Açailândia,210005,
MA,21001,Açailândia,210203,
MA,21001,Açailândia,210232,
MA,21001,Açailândia,210325,
MA,21001,Açailândia,210542,
MA,21001,Açailândia,211085,
MA,21001,Açailândia,211153,
MA,21001,Açailândia,211285,
MA,21002,Bacabal,210040,
MA,21002,Bacabal,210120,
MA,21002,Bacabal,210207,
MA,21002,Bacabal,210215,
MA,21002,Bacabal,210355,
MA,21002,Bacabal,210590,
MA,21002,Bacabal,210635,
MA,21002,Bacabal,210740,
MA,21002,Bacabal,210810,
MA,21002,Bacabal,211140,
MA,21002,Bacabal,211300,
MA,21003,Balsas,210050,
MA,21003,Balsas,210140,
MA,21003,Balsas,210407,
MA,21003,Balsas,210409,
MA,21003,Balsas,210410,
MA,21003,Balsas,210610,
MA,21003,Balsas,210725,
MA,21003,Balsas,210950,
MA,21003,Balsas,210970,
MA,21003,Balsas,211080,
MA,21003,Balsas,211157,
MA,21003,Balsas,211160,
MA,21003,Balsas,211200,
MA,21004,Barra do Corda,210095,
MA,21004,Barra do Corda,210160,
MA,21004,Barra do Corda,210408,
MA,21004,Barra do Corda,210480,
MA,21004,Barra do Corda,210535,
MA,21004,Barra do Corda,210547,
MA,21005,Caxias,210010,
MA,21005,Caxias,210030,
MA,21005,Caxias,210220,
MA,21005,Caxias,210300,
MA,21005,Caxias,210340,
MA,21005,Caxias,210390,
MA,21005,Caxias,211107,
MA,21006,Chapadinha,210015,
MA,21006,Chapadinha,210080,
MA,21006,Chapadinha,210090,
MA,21006,Chapadinha,210210,
MA,21006,Chapadinha,210320,
MA,21006,Chapadinha,210630,
MA,21006,Chapadinha,210640,
MA,21006,Chapadinha,210667,
MA,21006,Chapadinha,210805,
MA,21006,Chapadinha,211010,
MA,21006,Chapadinha,211023,
MA,21006,Chapadinha,211060,
MA,21006,Chapadinha,211250,
MA,21007,Codó,210043,
MA,21007,Codó,210330,
MA,21007,Codó,210360,
MA,21007,Codó,210845,
MA,21007,Codó,211150,
MA,21007,Codó,211210,
MA,21008,Imperatriz,210060,
MA,21008,Imperatriz,210235,
MA,21008,Imperatriz,210255,
MA,21008,Imperatriz,210280,
MA,21008,Imperatriz,210375,
MA,21008,Imperatriz,210405,
MA,21008,Imperatriz,210455,
MA,21008,Imperatriz,210530,
MA,21008,Imperatriz,210550,
MA,21008,Imperatriz,210598,
MA,21008,Imperatriz,210700,
MA,21008,Imperatriz,210900,
MA,21008,Imperatriz,210955,
MA,21008,Imperatriz,211105,
MA,21008,Imperatriz,211176,
MA,21008,Imperatriz,211180,
MA,21009,Itapecuru Mirim,210070,
MA,21009,Itapecuru Mirim,210100,
MA,21009,Itapecuru Mirim,210173,
MA,21009,Itapecuru Mirim,210270,
MA,21009,Itapecuru Mirim,210540,
MA,21009,Itapecuru Mirim,210663,
MA,21009,Itapecuru Mirim,210675,
MA,21009,Itapecuru Mirim,210720,
MA,21009,Itapecuru Mirim,210880,
MA,21009,Itapecuru Mirim,210930,
MA,21009,Itapecuru Mirim,211040,
MA,21009,Itapecuru Mirim,211260,
MA,21009,Itapecuru Mirim,211270,
MA,21009,Itapecuru Mirim,211290,
MA,21010,Pedreiras,210193,
MA,21010,Pedreiras,210400,
MA,21010,Pedreiras,210520,
MA,21010,Pedreiras,210570,
MA,21010,Pedreiras,210580,
MA,21010,Pedreiras,210594,
MA,21010,Pedreiras,210596,
MA,21010,Pedreiras,210600,
MA,21010,Pedreiras,210820,
MA,21010,Pedreiras,210890,
MA,21010,Pedreiras,211163,
MA,21010,Pedreiras,211167,
MA,21010,Pedreiras,211223,
MA,21011,Pinheiro,210083,
MA,21011,Pinheiro,210130,
MA,21011,Pinheiro,210190,
MA,21011,Pinheiro,210310,
MA,21011,Pinheiro,210312,
MA,21011,Pinheiro,210370,
MA,21011,Pinheiro,210490,
MA,21011,Pinheiro,210680,
MA,21011,Pinheiro,210825,
MA,21011,Pinheiro,210840,
MA,21011,Pinheiro,210860,
MA,21011,Pinheiro,210905,
MA,21011,Pinheiro,210927,
MA,21011,Pinheiro,210980,
MA,21011,Pinheiro,211178,
MA,21011,Pinheiro,211240,
MA,21011,Pinheiro,211245,
MA,21012,Presidente Dutra,210275,
MA,21012,Presidente Dutra,210380,
MA,21012,Presidente Dutra,210420,
MA,21012,Presidente Dutra,210440,
MA,21012,Presidente Dutra,210450,
MA,21012,Presidente Dutra,210460,
MA,21012,Presidente Dutra,210462,
MA,21012,Presidente Dutra,210470,
MA,21012,Presidente Dutra,210560,
MA,21012,Presidente Dutra,210910,
MA,21012,Presidente Dutra,210975,
MA,21012,Presidente Dutra,211030,
MA,21012,Presidente Dutra,211070,
MA,21012,Presidente Dutra,211125,
MA,21012,Presidente Dutra,211174,
MA,21012,Presidente Dutra,211230,
MA,21013,Rosário,210110,
MA,21013,Rosário,210125,
MA,21013,Rosário,210170,
MA,21013,Rosário,210237,
MA,21013,Rosário,210500,
MA,21013,Rosário,210510,
MA,21013,Rosário,210710,
MA,21013,Rosário,210920,
MA,21013,Rosário,210940,
MA,21013,Rosário,210960,
MA,21013,Rosário,211020,
MA,21013,Rosário,211027,
MA,21014,Santa Inês,210047,
MA,21014,Santa Inês,210177,
MA,21014,Santa Inês,210200,
MA,21014,Santa Inês,210465,
MA,21014,Santa Inês,210515,
MA,21014,Santa Inês,210690,
MA,21014,Santa Inês,210850,
MA,21014,Santa Inês,210870,
MA,21014,Santa Inês,210990,
MA,21014,Santa Inês,211000,
MA,21014,Santa Inês,211102,
MA,21014,Santa Inês,211172,
MA,21014,Santa Inês,211227,
MA,21015,São João dos Patos,210150,
MA,21015,São João dos Patos,210180,
MA,21015,São João dos Patos,210230,
MA,21015,São João dos Patos,210350,
MA,21015,São João dos Patos,210545,
MA,21015,São João dos Patos,210592,
MA,21015,São João dos Patos,210670,
MA,21015,São João dos Patos,210730,
MA,21015,São João dos Patos,210770,
MA,21015,São João dos Patos,210790,
MA,21015,São João dos Patos,210800,
MA,21015,São João dos Patos,211065,
MA,21015,São João dos Patos,211110,
MA,21015,São João dos Patos,211190,
MA,21015,São João dos Patos,211195,
MA,21016,São Luís,210020,
MA,21016,São Luís,210750,
MA,21016,São Luís,210945,
MA,21016,São Luís,211120,
MA,21016,São Luís,211130,
MA,21017,Timon,210660,
MA,21017,Timon,210780,
MA,21017,Timon,211090,
MA,21017,Timon,211220,
MA,21018,Viana,210135,
MA,21018,Viana,210240,
MA,21018,Viana,210250,
MA,21018,Viana,210650,
MA,21018,Viana,210745,
MA,21018,Viana,210760,
MA,21018,Viana,210830,
MA,21018,Viana,211050,
MA,21018,Viana,211100,
MA,21018,Viana,211170,
MA,21018,Viana,211280,
MA,21019,Zé Doca,210055,
MA,21019,Zé Doca,210087,
MA,21019,Zé Doca,210197,
MA,21019,Zé Doca,210260,
MA,21019,Zé Doca,210290,
MA,21019,Zé Doca,210315,
MA,21019,Zé Doca,210317,
MA,21019,Zé Doca,210430,
MA,21019,Zé Doca,210467,
MA,21019,Zé Doca,210565,
MA,21019,Zé Doca,210620,
MA,21019,Zé Doca,210632,
MA,21019,Zé Doca,210637,
MA,21019,Zé Doca,210735,
MA,21019,Zé Doca,210923,
MA,21019,Zé Doca,211003,
MA,21019,Zé Doca,211400,
PI,22001,Carnaubais,220105,
PI,22001,Carnaubais,220177,
PI,22001,Carnaubais,220194,
PI,22001,Carnaubais,220202,
PI,22001,Carnaubais,220205,
PI,22001,Carnaubais,220220,
PI,22001,Carnaubais,220260,
PI,22001,Carnaubais,220271,
PI,22001,Carnaubais,220527,
PI,22001,Carnaubais,220551,
PI,22001,Carnaubais,220675,
PI,22001,Carnaubais,220695,
PI,22001,Carnaubais,220990,
PI,22001,Carnaubais,221040,
PI,22001,Carnaubais,221065,
PI,22002,Chapada das Mangabeiras,220045,
PI,22002,Chapada das Mangabeiras,220110,
PI,22002,Chapada das Mangabeiras,220130,
PI,22002,Chapada das Mangabeiras,220190,
PI,22002,Chapada das Mangabeiras,220275,
PI,22002,Chapada das Mangabeiras,220290,
PI,22002,Chapada das Mangabeiras,220300,
PI,22002,Chapada das Mangabeiras,220310,
PI,22002,Chapada das Mangabeiras,220320,
PI,22002,Chapada das Mangabeiras,220323,
PI,22002,Chapada das Mangabeiras,220360,
PI,22002,Chapada das Mangabeiras,220440,
PI,22002,Chapada das Mangabeiras,220552,
PI,22002,Chapada das Mangabeiras,220660,
PI,22002,Chapada das Mangabeiras,220665,
PI,22002,Chapada das Mangabeiras,220740,
PI,22002,Chapada das Mangabeiras,220760,
PI,22002,Chapada das Mangabeiras,220870,
PI,22002,Chapada das Mangabeiras,220885,
PI,22002,Chapada das Mangabeiras,220920,
PI,22002,Chapada das Mangabeiras,220930,
PI,22002,Chapada das Mangabeiras,220975,
PI,22002,Chapada das Mangabeiras,221062,
PI,22003,Cocais,220120,
PI,22003,Cocais,220150,
PI,22003,Cocais,220196,
PI,22003,Cocais,220217,
PI,22003,Cocais,220240,
PI,22003,Cocais,220342,
PI,22003,Cocais,220370,
PI,22003,Cocais,220540,
PI,22003,Cocais,220545,
PI,22003,Cocais,220557,
PI,22003,Cocais,220580,
PI,22003,Cocais,220585,
PI,22003,Cocais,220610,
PI,22003,Cocais,220635,
PI,22003,Cocais,220667,
PI,22003,Cocais,220680,
PI,22003,Cocais,220790,
PI,22003,Cocais,220830,
PI,22003,Cocais,220840,
PI,22003,Cocais,220850,
PI,22003,Cocais,220987,
PI,22003,Cocais,220997,
PI,22003,Cocais,221005,
PI,22004,Entre Rios,220010,
PI,22004,Entre Rios,220020,
PI,22004,Entre Rios,220030,
PI,22004,Entre Rios,220040,
PI,22004,Entre Rios,220050,
PI,22004,Entre Rios,220060,
PI,22004,Entre Rios,220140,
PI,22004,Entre Rios,220160,
PI,22004,Entre Rios,220273,
PI,22004,Entre Rios,220325,
PI,22004,Entre Rios,220330,
PI,22004,Entre Rios,220460,
PI,22004,Entre Rios,220525,
PI,22004,Entre Rios,220550,
PI,22004,Entre Rios,220554,
PI,22004,Entre Rios,220555,
PI,22004,Entre Rios,220558,
PI,22004,Entre Rios,220620,
PI,22004,Entre Rios,220630,
PI,22004,Entre Rios,220640,
PI,22004,Entre Rios,220672,
PI,22004,Entre Rios,220710,
PI,22004,Entre Rios,220750,
PI,22004,Entre Rios,220775,
PI,22004,Entre Rios,220779,
PI,22004,Entre Rios,220880,
PI,22004,Entre Rios,220945,
PI,22004,Entre Rios,220980,
PI,22004,Entre Rios,221050,
PI,22004,Entre Rios,221100,
PI,22004,Entre Rios,221110,
PI,22005,Planície Litorânea,220191,
PI,22005,Planície Litorânea,220200,
PI,22005,Planície Litorânea,220208,
PI,22005,Planície Litorânea,220253,
PI,22005,Planície Litorânea,220265,
PI,22005,Planície Litorânea,220270,
PI,22005,Planície Litorânea,220272,
PI,22005,Planície Litorânea,220465,
PI,22005,Planície Litorânea,220570,
PI,22005,Planície Litorânea,220669,
PI,22005,Planície Litorânea,220770,
PI,22006,Serra da Capivara,220070,
PI,22006,Serra da Capivara,220192,
PI,22006,Serra da Capivara,220211,
PI,22006,Serra da Capivara,220245,
PI,22006,Serra da Capivara,220250,
PI,22006,Serra da Capivara,220285,
PI,22006,Serra da Capivara,220335,
PI,22006,Serra da Capivara,220345,
PI,22006,Serra da Capivara,220375,
PI,22006,Serra da Capivara,220455,
PI,22006,Serra da Capivara,220535,
PI,22006,Serra da Capivara,220553,
PI,22006,Serra da Capivara,220556,
PI,22006,Serra da Capivara,220955,
PI,22006,Serra da Capivara,221000,
PI,22006,Serra da Capivara,221035,
PI,22006,Serra da Capivara,221060,
PI,22006,Serra da Capivara,221135,
PI,22007,Tabuleiros do Alto Parnaíba,220080,
PI,22007,Tabuleiros do Alto Parnaíba,220115,
PI,22007,Tabuleiros do Alto Parnaíba,220890,
PI,22007,Tabuleiros do Alto Parnaíba,221063,
PI,22007,Tabuleiros do Alto Parnaíba,221120,
PI,22008,Vale do Canindé,220155,
PI,22008,Vale do Canindé,220207,
PI,22008,Vale do Canindé,220210,
PI,22008,Vale do Canindé,220277,
PI,22008,Vale do Canindé,220280,
PI,22008,Vale do Canindé,220385,
PI,22008,Vale do Canindé,220490,
PI,22008,Vale do Canindé,220700,
PI,22008,Vale do Canindé,220937,
PI,22008,Vale do Canindé,220950,
PI,22008,Vale do Canindé,220965,
PI,22008,Vale do Canindé,220995,
PI,22008,Vale do Canindé,221080,
PI,22008,Vale do Canindé,221097,
PI,22009,Vale do Rio Guaribas,220005,
PI,22009,Vale do Rio Guaribas,220025,
PI,22009,Vale do Rio Guaribas,220027,
PI,22009,Vale do Rio Guaribas,220095,
PI,22009,Vale do Rio Guaribas,220157,
PI,22009,Vale do Rio Guaribas,220173,
PI,22009,Vale do Rio Guaribas,220180,
PI,22009,Vale do Rio Guaribas,220209,
PI,22009,Vale do Rio Guaribas,220213,
PI,22009,Vale do Rio Guaribas,220255,
PI,22009,Vale do Rio Guaribas,220327,
PI,22009,Vale do Rio Guaribas,220340,
PI,22009,Vale do Rio Guaribas,220415,
PI,22009,Vale do Rio Guaribas,220420,
PI,22009,Vale do Rio Guaribas,220430,
PI,22009,Vale do Rio Guaribas,220435,
PI,22009,Vale do Rio Guaribas,220480,
PI,22009,Vale do Rio Guaribas,220500,
PI,22009,Vale do Rio Guaribas,220515,
PI,22009,Vale do Rio Guaribas,220520,
PI,22009,Vale do Rio Guaribas,220595,
PI,22009,Vale do Rio Guaribas,220605,
PI,22009,Vale do Rio Guaribas,220650,
PI,22009,Vale do Rio Guaribas,220720,
PI,22009,Vale do Rio Guaribas,220755,
PI,22009,Vale do Rio Guaribas,220777,
PI,22009,Vale do Rio Guaribas,220780,
PI,22009,Vale do Rio Guaribas,220800,
PI,22009,Vale do Rio Guaribas,220820,
PI,22009,Vale do Rio Guaribas,220865,
PI,22009,Vale do Rio Guaribas,220910,
PI,22009,Vale do Rio Guaribas,220935,
PI,22009,Vale do Rio Guaribas,220940,
PI,22009,Vale do Rio Guaribas,220985,
PI,22009,Vale do Rio Guaribas,221020,
PI,22009,Vale do Rio Guaribas,221030,
PI,22009,Vale do Rio Guaribas,221037,
PI,22009,Vale do Rio Guaribas,221070,
PI,22009,Vale do Rio Guaribas,221093,
PI,22009,Vale do Rio Guaribas,221150,
PI,22009,Vale do Rio Guaribas,221160,
PI,22009,Vale do Rio Guaribas,221170,
PI,22010,Vale do Sambito,220090,
PI,22010,Vale do Sambito,220117,
PI,22010,Vale do Sambito,220350,
PI,22010,Vale do Sambito,220400,
PI,22010,Vale do Sambito,220470,
PI,22010,Vale do Sambito,220559,
PI,22010,Vale do Sambito,220690,
PI,22010,Vale do Sambito,220810,
PI,22010,Vale do Sambito,220860,
PI,22010,Vale do Sambito,220915,
PI,22010,Vale do Sambito,220960,
PI,22010,Vale do Sambito,221038,
PI,22010,Vale do Sambito,221130,
PI,22010,Vale do Sambito,221140,
PI,22011,Vale dos Rios Piauí e Itaueiras,220100,
PI,22011,Vale dos Rios Piauí e Itaueiras,220170,
PI,22011,Vale dos Rios Piauí e Itaueiras,220198,
PI,22011,Vale dos Rios Piauí e Itaueiras,220225,
PI,22011,Vale dos Rios Piauí e Itaueiras,220230,
PI,22011,Vale dos Rios Piauí e Itaueiras,220380,
PI,22011,Vale dos Rios Piauí e Itaueiras,220390,
PI,22011,Vale dos Rios Piauí e Itaueiras,220410,
PI,22011,Vale dos Rios Piauí e Itaueiras,220450,
PI,22011,Vale dos Rios Piauí e Itaueiras,220510,
PI,22011,Vale dos Rios Piauí e Itaueiras,220530,
PI,22011,Vale dos Rios Piauí e Itaueiras,220560,
PI,22011,Vale dos Rios Piauí e Itaueiras,220590,
PI,22011,Vale dos Rios Piauí e Itaueiras,220600,
PI,22011,Vale dos Rios Piauí e Itaueiras,220670,
PI,22011,Vale dos Rios Piauí e Itaueiras,220730,
PI,22011,Vale dos Rios Piauí e Itaueiras,220735,
PI,22011,Vale dos Rios Piauí e Itaueiras,220785,
PI,22011,Vale dos Rios Piauí e Itaueiras,220793,
PI,22011,Vale dos Rios Piauí e Itaueiras,220795,
PI,22011,Vale dos Rios Piauí e Itaueiras,220855,
PI,22011,Vale dos Rios Piauí e Itaueiras,220887,
PI,22011,Vale dos Rios Piauí e Itaueiras,220900,
PI,22011,Vale dos Rios Piauí e Itaueiras,220970,
PI,22011,Vale dos Rios Piauí e Itaueiras,221010,
PI,22011,Vale dos Rios Piauí e Itaueiras,221039,
PI,22011,Vale dos Rios Piauí e Itaueiras,221090,
PI,22011,Vale dos Rios Piauí e Itaueiras,221095,
CE,23001,1ª Região Fortaleza,230100,
CE,23001,1ª Região Fortaleza,230428,
CE,23001,1ª Região Fortaleza,230440,
CE,23001,1ª Região Fortaleza,230625,
CE,23002,2ª Região Caucaia,230090,
CE,23002,2ª Região Caucaia,230370,
CE,23002,2ª Região Caucaia,230460,
CE,23002,2ª Região Caucaia,230630,
CE,23002,2ª Região Caucaia,231020,
CE,23002,2ª Região Caucaia,231025,
CE,23002,2ª Região Caucaia,231070,
CE,23002,2ª Região Caucaia,231240,
CE,23002,2ª Região Caucaia,231260,
CE,23002,2ª Região Caucaia,231335,
CE,23003,3ª Região Maracanaú,230015,
CE,23003,3ª Região Maracanaú,230195,
CE,23003,3ª Região Maracanaú,230495,
CE,23003,3ª Região Maracanaú,230765,
CE,23003,3ª Região Maracanaú,230770,
CE,23003,3ª Região Maracanaú,230970,
CE,23003,3ª Região Maracanaú,231010,
CE,23003,3ª Região Maracanaú,231160,
CE,23004,4ª Região Baturité,230120,
CE,23004,4ª Região Baturité,230140,
CE,23004,4ª Região Baturité,230210,
CE,23004,4ª Região Baturité,230290,
CE,23004,4ª Região Baturité,230510,
CE,23004,4ª Região Baturité,230650,
CE,23004,4ª Região Baturité,230910,
CE,23004,4ª Região Baturité,230980,
CE,23005,5ª Região Canindé,230240,
CE,23005,5ª Região Canindé,230280,
CE,23005,5ª Região Canindé,230300,
CE,23005,5ª Região Canindé,230660,
CE,23005,5ª Região Canindé,230763,
CE,23005,5ª Região Canindé,231040,
CE,23006,6ª Região Itapipoca,230075,
CE,23006,6ª Região Itapipoca,230640,
CE,23006,6ª Região Itapipoca,230837,
CE,23006,6ª Região Itapipoca,231350,
CE,23006,6ª Região Itapipoca,231355,
CE,23006,6ª Região Itapipoca,231375,
CE,23006,6ª Região Itapipoca,231380,
CE,23007,7ª Região Aracati,230110,
CE,23007,7ª Região Aracati,230445,
CE,23007,7ª Região Aracati,230535,
CE,23007,7ª Região Aracati,230620,
CE,23008,8ª Região Quixadá,230185,
CE,23008,8ª Região Quixadá,230393,
CE,23008,8ª Região Quixadá,230526,
CE,23008,8ª Região Quixadá,230533,
CE,23008,8ª Região Quixadá,230835,
CE,23008,8ª Região Quixadá,231050,
CE,23008,8ª Região Quixadá,231130,
CE,23008,8ª Região Quixadá,231140,
CE,23008,8ª Região Quixadá,231270,
CE,23008,8ª Região Quixadá,231300,
CE,23009,9ª Região Russas,230670,
CE,23009,9ª Região Russas,230700,
CE,23009,9ª Região Russas,230870,
CE,23009,9ª Região Russas,231000,
CE,23009,9ª Região Russas,231180,
CE,23010,10ª Região Limoeiro do Norte,230070,
CE,23010,10ª Região Limoeiro do Norte,230427,
CE,23010,10ª Região Limoeiro do Norte,230600,
CE,23010,10ª Região Limoeiro do Norte,230680,
CE,23010,10ª Região Limoeiro do Norte,230690,
CE,23010,10ª Região Limoeiro do Norte,230760,
CE,23010,10ª Região Limoeiro do Norte,231080,
CE,23010,10ª Região Limoeiro do Norte,231123,
CE,23010,10ª Região Limoeiro do Norte,231150,
CE,23010,10ª Região Limoeiro do Norte,231250,
CE,23010,10ª Região Limoeiro do Norte,231310,
CE,23011,11ª Região Sobral,230050,
CE,23011,11ª Região Sobral,230310,
CE,23011,11ª Região Sobral,230365,
CE,23011,11ª Região Sobral,230400,
CE,23011,11ª Região Sobral,230435,
CE,23011,11ª Região Sobral,230450,
CE,23011,11ª Região Sobral,230465,
CE,23011,11ª Região Sobral,230490,
CE,23011,11ª Região Sobral,230520,
CE,23011,11ª Região Sobral,230580,
CE,23011,11ª Região Sobral,230610,
CE,23011,11ª Região Sobral,230800,
CE,23011,11ª Região Sobral,230820,
CE,23011,11ª Região Sobral,230880,
CE,23011,11ª Região Sobral,230900,
CE,23011,11ª Região Sobral,230990,
CE,23011,11ª Região Sobral,231095,
CE,23011,11ª Região Sobral,231170,
CE,23011,11ª Região Sobral,231200,
CE,23011,11ª Região Sobral,231220,
CE,23011,11ª Região Sobral,231280,
CE,23011,11ª Região Sobral,231290,
CE,23011,11ª Região Sobral,231390,
CE,23011,11ª Região Sobral,231395,
CE,23012,12ª Região Acaraú,230020,
CE,23012,12ª Região Acaraú,230230,
CE,23012,12ª Região Acaraú,230425,
CE,23012,12ª Região Acaraú,230655,
CE,23012,12ª Região Acaraú,230725,
CE,23012,12ª Região Acaraú,230780,
CE,23012,12ª Região Acaraú,230890,
CE,23013,13ª Região Tianguá,230340,
CE,23013,13ª Região Tianguá,230423,
CE,23013,13ª Região Tianguá,230500,
CE,23013,13ª Região Tianguá,230530,
CE,23013,13ª Região Tianguá,231230,
CE,23013,13ª Região Tianguá,231340,
CE,23013,13ª Região Tianguá,231360,
CE,23013,13ª Região Tianguá,231410,
CE,23014,14ª Região Tauá,230040,
CE,23014,14ª Região Tauá,230150,
CE,23014,14ª Região Tauá,231030,
CE,23014,14ª Região Tauá,231330,
CE,23015,15ª Região Crateús,230125,
CE,23015,15ª Região Crateús,230410,
CE,23015,15ª Região Crateús,230560,
CE,23015,15ª Região Crateús,230565,
CE,23015,15ª Região Crateús,230590,
CE,23015,15ª Região Crateús,230860,
CE,23015,15ª Região Crateús,230930,
CE,23015,15ª Região Crateús,230940,
CE,23015,15ª Região Crateús,231100,
CE,23015,15ª Região Crateús,231126,
CE,23015,15ª Região Crateús,231320,
CE,23016,16ª Região Camocim,230205,
CE,23016,16ª Região Camocim,230260,
CE,23016,16ª Região Camocim,230390,
CE,23016,16ª Região Camocim,230470,
CE,23016,16ª Região Camocim,230790,
CE,23017,17ª Região Icó,230180,
CE,23017,17ª Região Icó,230380,
CE,23017,17ª Região Icó,230540,
CE,23017,17ª Região Icó,230570,
CE,23017,17ª Região Icó,230750,
CE,23017,17ª Região Icó,230950,
CE,23017,17ª Região Icó,231370,
CE,23018,18ª Região Iguatú,230030,
CE,23018,18ª Região Iguatú,230330,
CE,23018,18ª Região Iguatú,230360,
CE,23018,18ª Região Iguatú,230426,
CE,23018,18ª Região Iguatú,230550,
CE,23018,18ª Região Iguatú,230740,
CE,23018,18ª Região Iguatú,230850,
CE,23018,18ª Região Iguatú,231090,
CE,23018,18ª Região Iguatú,231135,
CE,23018,18ª Região Iguatú,231190,
CE,23019,19ª Região Brejo Santo,230010,
CE,23019,19ª Região Brejo Santo,230170,
CE,23019,19ª Região Brejo Santo,230200,
CE,23019,19ª Região Brejo Santo,230250,
CE,23019,19ª Região Brejo Santo,230720,
CE,23019,19ª Região Brejo Santo,230810,
CE,23019,19ª Região Brejo Santo,230830,
CE,23019,19ª Região Brejo Santo,231060,
CE,23019,19ª Região Brejo Santo,231110,
CE,23020,20ª Região Crato,230060,
CE,23020,20ª Região Crato,230080,
CE,23020,20ª Região Crato,230130,
CE,23020,20ª Região Crato,230160,
CE,23020,20ª Região Crato,230270,
CE,23020,20ª Região Crato,230420,
CE,23020,20ª Região Crato,230430,
CE,23020,20ª Região Crato,230920,
CE,23020,20ª Região Crato,231120,
CE,23020,20ª Região Crato,231195,
CE,23020,20ª Região Crato,231210,
CE,23020,20ª Região Crato,231325,
CE,23020,20ª Região Crato,231400,
CE,23021,21ª Região Juazeiro do Norte,230190,
CE,23021,21ª Região Juazeiro do Norte,230320,
CE,23021,21ª Região Juazeiro do Norte,230480,
CE,23021,21ª Região Juazeiro do Norte,230710,
CE,23021,21ª Região Juazeiro do Norte,230730,
CE,23021,21ª Região Juazeiro do Norte,230840,
CE,23022,22ª Região Cascavel,230220,
CE,23022,22ª Região Cascavel,230350,
CE,23022,22ª Região Cascavel,230395,
CE,23022,22ª Região Cascavel,230523,
CE,23022,22ª Região Cascavel,230945,
CE,23022,22ª Região Cascavel,230960,
CE,23022,22ª Região Cascavel,231085,
RN,24001,1ª Região de Saúde - São José de Mipibu,240120,
RN,24001,1ª Região de Saúde - São José de Mipibu,240140,
RN,24001,1ª Região de Saúde - São José de Mipibu,240180,
RN,24001,1ª Região de Saúde - São José de Mipibu,240220,
RN,24001,1ª Região de Saúde - São José de Mipibu,240350,
RN,24001,1ª Região de Saúde - São José de Mipibu,240420,
RN,24001,1ª Região de Saúde - São José de Mipibu,240615,
RN,24001,1ª Região de Saúde - São José de Mipibu,240620,
RN,24001,1ª Região de Saúde - São José de Mipibu,240630,
RN,24001,1ª Região de Saúde - São José de Mipibu,240660,
RN,24001,1ª Região de Saúde - São José de Mipibu,240770,
RN,24001,1ª Região de Saúde - São José de Mipibu,240780,
RN,24001,1ª Região de Saúde - São José de Mipibu,240790,
RN,24001,1ª Região de Saúde - São José de Mipibu,240820,
RN,24001,1ª Região de Saúde - São José de Mipibu,240830,
RN,24001,1ª Região de Saúde - São José de Mipibu,240910,
RN,24001,1ª Região de Saúde - São José de Mipibu,240920,
RN,24001,1ª Região de Saúde - São José de Mipibu,240980,
RN,24001,1ª Região de Saúde - São José de Mipibu,241150,
RN,24001,1ª Região de Saúde - São José de Mipibu,241220,
RN,24001,1ª Região de Saúde - São José de Mipibu,241320,
RN,24001,1ª Região de Saúde - São José de Mipibu,241330,
RN,24001,1ª Região de Saúde - São José de Mipibu,241350,
RN,24001,1ª Região de Saúde - São José de Mipibu,241420,
RN,24001,1ª Região de Saúde - São José de Mipibu,241470,
RN,24001,1ª Região de Saúde - São José de Mipibu,241480,
RN,24001,1ª Região de Saúde - São José de Mipibu,241500,
RN,24002,2ª Região de Saúde - Mossoró,240100,
RN,24002,2ª Região de Saúde - Mossoró,240110,
RN,24002,2ª Região de Saúde - Mossoró,240130,
RN,24002,2ª Região de Saúde - Mossoró,240145,
RN,24002,2ª Região de Saúde - Mossoró,240230,
RN,24002,2ª Região de Saúde - Mossoró,240370,
RN,24002,2ª Região de Saúde - Mossoró,240430,
RN,24002,2ª Região de Saúde - Mossoró,240440,
RN,24002,2ª Região de Saúde - Mossoró,240520,
RN,24002,2ª Região de Saúde - Mossoró,240760,
RN,24002,2ª Região de Saúde - Mossoró,240800,
RN,24002,2ª Região de Saúde - Mossoró,241105,
RN,24002,2ª Região de Saúde - Mossoró,241335,
RN,24002,2ª Região de Saúde - Mossoró,241460,
RN,24003,3ª Região de Saúde - João Câmara,240030,
RN,24003,3ª Região de Saúde - João Câmara,240160,
RN,24003,3ª Região de Saúde - João Câmara,240185,
RN,24003,3ª Região de Saúde - João Câmara,240190,
RN,24003,3ª Região de Saúde - João Câmara,240260,
RN,24003,3ª Região de Saúde - João Câmara,240410,
RN,24003,3ª Região de Saúde - João Câmara,240450,
RN,24003,3ª Região de Saúde - João Câmara,240460,
RN,24003,3ª Região de Saúde - João Câmara,240510,
RN,24003,3ª Região de Saúde - João Câmara,240550,
RN,24003,3ª Região de Saúde - João Câmara,240580,
RN,24003,3ª Região de Saúde - João Câmara,240670,
RN,24003,3ª Região de Saúde - João Câmara,240720,
RN,24003,3ª Região de Saúde - João Câmara,240750,
RN,24003,3ª Região de Saúde - João Câmara,240880,
RN,24003,3ª Região de Saúde - João Câmara,240895,
RN,24003,3ª Região de Saúde - João Câmara,240950,
RN,24003,3ª Região de Saúde - João Câmara,240960,
RN,24003,3ª Região de Saúde - João Câmara,240970,
RN,24003,3ª Região de Saúde - João Câmara,241010,
RN,24003,3ª Região de Saúde - João Câmara,241040,
RN,24003,3ª Região de Saúde - João Câmara,241090,
RN,24003,3ª Região de Saúde - João Câmara,241160,
RN,24003,3ª Região de Saúde - João Câmara,241255,
RN,24003,3ª Região de Saúde - João Câmara,241390,
RN,24003,3ª Região de Saúde - João Câmara,241440,
RN,24004,4ª Região de Saúde - Caicó,240010,
RN,24004,4ª Região de Saúde - Caicó,240165,
RN,24004,4ª Região de Saúde - Caicó,240200,
RN,24004,4ª Região de Saúde - Caicó,240240,
RN,24004,4ª Região de Saúde - Caicó,240270,
RN,24004,4ª Região de Saúde - Caicó,240300,
RN,24004,4ª Região de Saúde - Caicó,240310,
RN,24004,4ª Região de Saúde - Caicó,240340,
RN,24004,4ª Região de Saúde - Caicó,240380,
RN,24004,4ª Região de Saúde - Caicó,240480,
RN,24004,4ª Região de Saúde - Caicó,240560,
RN,24004,4ª Região de Saúde - Caicó,240570,
RN,24004,4ª Região de Saúde - Caicó,240610,
RN,24004,4ª Região de Saúde - Caicó,240650,
RN,24004,4ª Região de Saúde - Caicó,240850,
RN,24004,4ª Região de Saúde - Caicó,240890,
RN,24004,4ª Região de Saúde - Caicó,241140,
RN,24004,4ª Região de Saúde - Caicó,241142,
RN,24004,4ª Região de Saúde - Caicó,241180,
RN,24004,4ª Região de Saúde - Caicó,241210,
RN,24004,4ª Região de Saúde - Caicó,241240,
RN,24004,4ª Região de Saúde - Caicó,241300,
RN,24004,4ª Região de Saúde - Caicó,241340,
RN,24004,4ª Região de Saúde - Caicó,241415,
RN,24004,4ª Região de Saúde - Caicó,241430,
RN,24005,5ª Região de Saúde - Santa Cruz,240150,
RN,24005,5ª Região de Saúde - Santa Cruz,240170,
RN,24005,5ª Região de Saúde - Santa Cruz,240210,
RN,24005,5ª Região de Saúde - Santa Cruz,240280,
RN,24005,5ª Região de Saúde - Santa Cruz,240500,
RN,24005,5ª Região de Saúde - Santa Cruz,240530,
RN,24005,5ª Região de Saúde - Santa Cruz,240540,
RN,24005,5ª Região de Saúde - Santa Cruz,240640,
RN,24005,5ª Região de Saúde - Santa Cruz,240680,
RN,24005,5ª Região de Saúde - Santa Cruz,240933,
RN,24005,5ª Região de Saúde - Santa Cruz,241030,
RN,24005,5ª Região de Saúde - Santa Cruz,241110,
RN,24005,5ª Região de Saúde - Santa Cruz,241120,
RN,24005,5ª Região de Saúde - Santa Cruz,241170,
RN,24005,5ª Região de Saúde - Santa Cruz,241230,
RN,24005,5ª Região de Saúde - Santa Cruz,241260,
RN,24005,5ª Região de Saúde - Santa Cruz,241270,
RN,24005,5ª Região de Saúde - Santa Cruz,241290,
RN,24005,5ª Região de Saúde - Santa Cruz,241310,
RN,24005,5ª Região de Saúde - Santa Cruz,241370,
RN,24005,5ª Região de Saúde - Santa Cruz,241400,
RN,24006,6ª Região de Saúde - Pau dos Ferros,240040,
RN,24006,6ª Região de Saúde - Pau dos Ferros,240050,
RN,24006,6ª Região de Saúde - Pau dos Ferros,240060,
RN,24006,6ª Região de Saúde - Pau dos Ferros,240090,
RN,24006,6ª Região de Saúde - Pau dos Ferros,240290,
RN,24006,6ª Região de Saúde - Pau dos Ferros,240320,
RN,24006,6ª Região de Saúde - Pau dos Ferros,240330,
RN,24006,6ª Região de Saúde - Pau dos Ferros,240390,
RN,24006,6ª Região de Saúde - Pau dos Ferros,240400,
RN,24006,6ª Região de Saúde - Pau dos Ferros,240490,
RN,24006,6ª Região de Saúde - Pau dos Ferros,240590,
RN,24006,6ª Região de Saúde - Pau dos Ferros,240600,
RN,24006,6ª Região de Saúde - Pau dos Ferros,240690,
RN,24006,6ª Região de Saúde - Pau dos Ferros,240700,
RN,24006,6ª Região de Saúde - Pau dos Ferros,240725,
RN,24006,6ª Região de Saúde - Pau dos Ferros,240730,
RN,24006,6ª Região de Saúde - Pau dos Ferros,240740,
RN,24006,6ª Região de Saúde - Pau dos Ferros,240840,
RN,24006,6ª Região de Saúde - Pau dos Ferros,240860,
RN,24006,6ª Região de Saúde - Pau dos Ferros,240930,
RN,24006,6ª Região de Saúde - Pau dos Ferros,240940,
RN,24006,6ª Região de Saúde - Pau dos Ferros,241000,
RN,24006,6ª Região de Saúde - Pau dos Ferros,241020,
RN,24006,6ª Região de Saúde - Pau dos Ferros,241050,
RN,24006,6ª Região de Saúde - Pau dos Ferros,241060,
RN,24006,6ª Região de Saúde - Pau dos Ferros,241070,
RN,24006,6ª Região de Saúde - Pau dos Ferros,241080,
RN,24006,6ª Região de Saúde - Pau dos Ferros,241100,
RN,24006,6ª Região de Saúde - Pau dos Ferros,241190,
RN,24006,6ª Região de Saúde - Pau dos Ferros,241250,
RN,24006,6ª Região de Saúde - Pau dos Ferros,241355,
RN,24006,6ª Região de Saúde - Pau dos Ferros,241360,
RN,24006,6ª Região de Saúde - Pau dos Ferros,241380,
RN,24006,6ª Região de Saúde - Pau dos Ferros,241410,
RN,24006,6ª Região de Saúde - Pau dos Ferros,241450,
RN,24006,6ª Região de Saúde - Pau dos Ferros,241475,
RN,24006,6ª Região de Saúde - Pau dos Ferros,241490,
RN,24007,7ª Região de Saúde - Metropolitana,240325,
RN,24007,7ª Região de Saúde - Metropolitana,240360,
RN,24007,7ª Região de Saúde - Metropolitana,240710,
RN,24007,7ª Região de Saúde - Metropolitana,240810,
RN,24007,7ª Região de Saúde - Metropolitana,241200,
RN,24008,8ª Região de Saúde - Açu,240020,
RN,24008,8ª Região de Saúde - Açu,240070,
RN,24008,8ª Região de Saúde - Açu,240080,
RN,24008,8ª Região de Saúde - Açu,240250,
RN,24008,8ª Região de Saúde - Açu,240375,
RN,24008,8ª Região de Saúde - Açu,240470,
RN,24008,8ª Região de Saúde - Açu,240485,
RN,24008,8ª Região de Saúde - Açu,240870,
RN,24008,8ª Região de Saúde - Açu,240990,
RN,24008,8ª Região de Saúde - Açu,241025,
RN,24008,8ª Região de Saúde - Açu,241280,
RN,24008,8ª Região de Saúde - Açu,241445,
PB,25001,1ª Região Mata Atlântica,250060,
PB,25001,1ª Região Mata Atlântica,250180,
PB,25001,1ª Região Mata Atlântica,250300,
PB,25001,1ª Região Mata Atlântica,250320,
PB,25001,1ª Região Mata Atlântica,250460,
PB,25001,1ª Região Mata Atlântica,250490,
PB,25001,1ª Região Mata Atlântica,250750,
PB,25001,1ª Região Mata Atlântica,250860,
PB,25001,1ª Região Mata Atlântica,250910,
PB,25001,1ª Região Mata Atlântica,251190,
PB,25001,1ª Região Mata Atlântica,251276,
PB,25001,1ª Região Mata Atlântica,251370,
PB,25001,1ª Região Mata Atlântica,251530,
PB,25001,1ª Região Mata Atlântica,251597,
PB,25002,2ª Região,250050,
PB,25002,2ª Região,250080,
PB,25002,2ª Região,250100,
PB,25002,2ª Região,250150,
PB,25002,2ª Região,250190,
PB,25002,2ª Região,250270,
PB,25002,2ª Região,250350,
PB,25002,2ª Região,250360,
PB,25002,2ª Região,250415,
PB,25002,2ª Região,250520,
PB,25002,2ª Região,250570,
PB,25002,2ª Região,250580,
PB,25002,2ª Região,250630,
PB,25002,2ª Região,250820,
PB,25002,2ª Região,250855,
PB,25002,2ª Região,250980,
PB,25002,2ª Região,251160,
PB,25002,2ª Região,251170,
PB,25002,2ª Região,251180,
PB,25002,2ª Região,251274,
PB,25002,2ª Região,251560,
PB,25002,2ª Região,251590,
PB,25002,2ª Região,251593,
PB,25002,2ª Região,251600,
PB,25002,2ª Região,251640,
PB,25003,3ª Região,250030,
PB,25003,3ª Região,250040,
PB,25003,3ª Região,250057,
PB,25003,3ª Região,250090,
PB,25003,3ª Região,250110,
PB,25003,3ª Região,250120,
PB,25003,3ª Região,250600,
PB,25003,3ª Região,250830,
PB,25003,3ª Região,250933,
PB,25003,3ª Região,250950,
PB,25003,3ª Região,251270,
PB,25003,3ª Região,251510,
PB,25004,4ª Região,250153,
PB,25004,4ª Região,250160,
PB,25004,4ª Região,250500,
PB,25004,4ª Região,250510,
PB,25004,4ª Região,250535,
PB,25004,4ª Região,250620,
PB,25004,4ª Região,251010,
PB,25004,4ª Região,251030,
PB,25004,4ª Região,251110,
PB,25004,4ª Região,251140,
PB,25004,4ª Região,251540,
PB,25004,4ª Região,251615,
PB,25005,5ª Região,250073,
PB,25005,5ª Região,250390,
PB,25005,5ª Região,250407,
PB,25005,5ª Região,250470,
PB,25005,5ª Região,250485,
PB,25005,5ª Região,250650,
PB,25005,5ª Região,250970,
PB,25005,5ª Região,251060,
PB,25005,5ª Região,251065,
PB,25005,5ª Região,251220,
PB,25005,5ª Região,251400,
PB,25005,5ª Região,251410,
PB,25005,5ª Região,251480,
PB,25005,5ª Região,251520,
PB,25005,5ª Região,251550,
PB,25005,5ª Região,251630,
PB,25005,5ª Região,251740,
PB,25006,6ª Região,250115,
PB,25006,6ª Região,250340,
PB,25006,6ª Região,250355,
PB,25006,6ª Região,250420,
PB,25006,6ª Região,250450,
PB,25006,6ª Região,250540,
PB,25006,6ª Região,250550,
PB,25006,6ª Região,250590,
PB,25006,6ª Região,250780,
PB,25006,6ª Região,250870,
PB,25006,6ª Região,250880,
PB,25006,6ª Região,250939,
PB,25006,6ª Região,251070,
PB,25006,6ª Região,251080,
PB,25006,6ª Região,251260,
PB,25006,6ª Região,251300,
PB,25006,6ª Região,251340,
PB,25006,6ª Região,251380,
PB,25006,6ª Região,251440,
PB,25006,6ª Região,251460,
PB,25006,6ª Região,251470,
PB,25006,6ª Região,251490,
PB,25006,6ª Região,251670,
PB,25006,6ª Região,251710,
PB,25007,7ª Região,250020,
PB,25007,7ª Região,250210,
PB,25007,7ª Região,250260,
PB,25007,7ª Região,250440,
PB,25007,7ª Região,250480,
PB,25007,7ª Região,250530,
PB,25007,7ª Região,250560,
PB,25007,7ª Região,250660,
PB,25007,7ª Região,250700,
PB,25007,7ª Região,251020,
PB,25007,7ª Região,251040,
PB,25007,7ª Região,251100,
PB,25007,7ª Região,251130,
PB,25007,7ª Região,251335,
PB,25007,7ª Região,251350,
PB,25007,7ª Região,251360,
PB,25007,7ª Região,251430,
PB,25007,7ª Região,251570,
PB,25008,8ª Região,250200,
PB,25008,8ª Região,250230,
PB,25008,8ª Região,250280,
PB,25008,8ª Região,250290,
PB,25008,8ª Região,250430,
PB,25008,8ª Região,250740,
PB,25008,8ª Região,250937,
PB,25008,8ª Região,251280,
PB,25008,8ª Região,251390,
PB,25008,8ª Região,251465,
PB,25009,9ª Região,250070,
PB,25009,9ª Região,250205,
PB,25009,9ª Região,250220,
PB,25009,9ª Região,250240,
PB,25009,9ª Região,250330,
PB,25009,9ª Região,250370,
PB,25009,9ª Região,250410,
PB,25009,9ª Região,250960,
PB,25009,9ª Região,251203,
PB,25009,9ª Região,251207,
PB,25009,9ª Região,251330,
PB,25009,9ª Região,251365,
PB,25009,9ª Região,251450,
PB,25009,9ª Região,251680,
PB,25009,9ª Região,251690,
PB,25010,10ª Região,250077,
PB,25010,10ª Região,250840,
PB,25010,10ª Região,250915,
PB,25010,10ª Região,251000,
PB,25010,10ª Região,251320,
PB,25010,10ª Região,251398,
PB,25010,10ª Região,251420,
PB,25010,10ª Região,251620,
PB,25010,10ª Região,251720,
PB,25011,11ª Região,250010,
PB,25011,11ª Região,250670,
PB,25011,11ª Região,250800,
PB,25011,11ª Região,250900,
PB,25011,11ª Região,251230,
PB,25011,11ª Região,251455,
PB,25011,11ª Região,251660,
PB,25012,12ª Região,250380,
PB,25012,12ª Região,250640,
PB,25012,12ª Região,250680,
PB,25012,12ª Região,250690,
PB,25012,12ª Região,250720,
PB,25012,12ª Região,250760,
PB,25012,12ª Região,250790,
PB,25012,12ª Região,250940,
PB,25012,12ª Região,251120,
PB,25012,12ª Região,251150,
PB,25012,12ª Região,251275,
PB,25012,12ª Região,251310,
PB,25012,12ª Região,251445,
PB,25012,12ª Região,251500,
PB,25013,13ª Região,250375,
PB,25013,13ª Região,250810,
PB,25013,13ª Região,251090,
PB,25013,13ª Região,251210,
PB,25013,13ª Região,251392,
PB,25013,13ª Região,251396,
PB,25014,14ª Região,250140,
PB,25014,14ª Região,250403,
PB,25014,14ª Região,250523,
PB,25014,14ª Região,250527,
PB,25014,14ª Região,250710,
PB,25014,14ª Região,250730,
PB,25014,14ª Região,250890,
PB,25014,14ª Região,250905,
PB,25014,14ª Região,250930,
PB,25014,14ª Região,251272,
PB,25014,14ª Região,251290,
PB,25015,15ª Região,250053,
PB,25015,15ª Região,250130,
PB,25015,15ª Região,250157,
PB,25015,15ª Região,250170,
PB,25015,15ª Região,250250,
PB,25015,15ª Região,250310,
PB,25015,15ª Região,250435,
PB,25015,15ª Região,250625,
PB,25015,15ª Região,250990,
PB,25015,15ª Região,251250,
PB,25015,15ª Região,251278,
PB,25015,15ª Região,251315,
PB,25015,15ª Região,251394,
PB,25015,15ª Região,251700,
PB,25016,16ª Região,250135,
PB,25016,16ª Região,250215,
PB,25016,16ª Região,250400,
PB,25016,16ª Região,250610,
PB,25016,16ª Região,250770,
PB,25016,16ª Região,250850,
PB,25016,16ª Região,250920,
PB,25016,16ª Região,251050,
PB,25016,16ª Região,251200,
PB,25016,16ª Região,251240,
PB,25016,16ª Região,251385,
PB,25016,16ª Região,251580,
PB,25016,16ª Região,251610,
PB,25016,16ª Região,251650,
PB,25016,16ª Região,251675,
PE,26001,Afogados da Ingazeira,260010,
PE,26001,Afogados da Ingazeira,260250,
PE,26001,Afogados da Ingazeira,260390,
PE,26001,Afogados da Ingazeira,260690,
PE,26001,Afogados da Ingazeira,260710,
PE,26001,Afogados da Ingazeira,260770,
PE,26001,Afogados da Ingazeira,261153,
PE,26001,Afogados da Ingazeira,261280,
PE,26001,Afogados da Ingazeira,261360,
PE,26001,Afogados da Ingazeira,261440,
PE,26001,Afogados da Ingazeira,261460,
PE,26001,Afogados da Ingazeira,261590,
PE,26002,Arcoverde,260120,
PE,26002,Arcoverde,260280,
PE,26002,Arcoverde,260510,
PE,26002,Arcoverde,260660,
PE,26002,Arcoverde,260700,
PE,26002,Arcoverde,260805,
PE,26002,Arcoverde,260915,
PE,26002,Arcoverde,261080,
PE,26002,Arcoverde,261100,
PE,26002,Arcoverde,261410,
PE,26002,Arcoverde,261480,
PE,26002,Arcoverde,261580,
PE,26002,Arcoverde,261600,
PE,26003,Caruaru,260030,
PE,26003,Caruaru,260060,
PE,26003,Caruaru,260080,
PE,26003,Caruaru,260130,
PE,26003,Caruaru,260170,
PE,26003,Caruaru,260190,
PE,26003,Caruaru,260230,
PE,26003,Caruaru,260260,
PE,26003,Caruaru,260310,
PE,26003,Caruaru,260350,
PE,26003,Caruaru,260410,
PE,26003,Caruaru,260500,
PE,26003,Caruaru,260580,
PE,26003,Caruaru,260640,
PE,26003,Caruaru,260670,
PE,26003,Caruaru,260800,
PE,26003,Caruaru,260840,
PE,26003,Caruaru,261020,
PE,26003,Caruaru,261090,
PE,26003,Caruaru,261120,
PE,26003,Caruaru,261170,
PE,26003,Caruaru,261200,
PE,26003,Caruaru,261240,
PE,26003,Caruaru,261250,
PE,26003,Caruaru,261270,
PE,26003,Caruaru,261300,
PE,26003,Caruaru,261310,
PE,26003,Caruaru,261330,
PE,26003,Caruaru,261470,
PE,26003,Caruaru,261500,
PE,26003,Caruaru,261540,
PE,26003,Caruaru,261620,
PE,26004,Garanhuns,260050,
PE,26004,Garanhuns,260100,
PE,26004,Garanhuns,260210,
PE,26004,Garanhuns,260240,
PE,26004,Garanhuns,260320,
PE,26004,Garanhuns,260330,
PE,26004,Garanhuns,260370,
PE,26004,Garanhuns,260380,
PE,26004,Garanhuns,260470,
PE,26004,Garanhuns,260600,
PE,26004,Garanhuns,260650,
PE,26004,Garanhuns,260750,
PE,26004,Garanhuns,260825,
PE,26004,Garanhuns,260830,
PE,26004,Garanhuns,260860,
PE,26004,Garanhuns,260880,
PE,26004,Garanhuns,261010,
PE,26004,Garanhuns,261030,
PE,26004,Garanhuns,261230,
PE,26004,Garanhuns,261320,
PE,26004,Garanhuns,261510,
PE,26005,Goiana,260070,
PE,26005,Goiana,260360,
PE,26005,Goiana,260460,
PE,26005,Goiana,260550,
PE,26005,Goiana,260620,
PE,26005,Goiana,260765,
PE,26005,Goiana,260780,
PE,26005,Goiana,260900,
PE,26005,Goiana,261380,
PE,26005,Goiana,261530,
PE,26006,Limoeiro,260220,
PE,26006,Limoeiro,260270,
PE,26006,Limoeiro,260400,
PE,26006,Limoeiro,260415,
PE,26006,Limoeiro,260490,
PE,26006,Limoeiro,260540,
PE,26006,Limoeiro,260810,
PE,26006,Limoeiro,260845,
PE,26006,Limoeiro,260850,
PE,26006,Limoeiro,260890,
PE,26006,Limoeiro,260910,
PE,26006,Limoeiro,260950,
PE,26006,Limoeiro,260970,
PE,26006,Limoeiro,261050,
PE,26006,Limoeiro,261060,
PE,26006,Limoeiro,261210,
PE,26006,Limoeiro,261450,
PE,26006,Limoeiro,261550,
PE,26006,Limoeiro,261618,
PE,26006,Limoeiro,261630,
PE,26007,Ouricuri,260110,
PE,26007,Ouricuri,260200,
PE,26007,Ouricuri,260530,
PE,26007,Ouricuri,260630,
PE,26007,Ouricuri,260730,
PE,26007,Ouricuri,260990,
PE,26007,Ouricuri,261040,
PE,26007,Ouricuri,261245,
PE,26007,Ouricuri,261255,
PE,26007,Ouricuri,261430,
PE,26007,Ouricuri,261560,
PE,26008,Palmares,260040,
PE,26008,Palmares,260090,
PE,26008,Palmares,260140,
PE,26008,Palmares,260150,
PE,26008,Palmares,260420,
PE,26008,Palmares,260480,
PE,26008,Palmares,260520,
PE,26008,Palmares,260590,
PE,26008,Palmares,260795,
PE,26008,Palmares,260820,
PE,26008,Palmares,260870,
PE,26008,Palmares,260920,
PE,26008,Palmares,261000,
PE,26008,Palmares,261140,
PE,26008,Palmares,261150,
PE,26008,Palmares,261180,
PE,26008,Palmares,261190,
PE,26008,Palmares,261290,
PE,26008,Palmares,261340,
PE,26008,Palmares,261420,
PE,26008,Palmares,261485,
PE,26008,Palmares,261650,
PE,26009,Petrolina,260020,
PE,26009,Petrolina,260300,
PE,26009,Petrolina,260515,
PE,26009,Petrolina,260875,
PE,26009,Petrolina,260980,
PE,26009,Petrolina,261110,
PE,26009,Petrolina,261260,
PE,26010,Recife,260005,
PE,26010,Recife,260105,
PE,26010,Recife,260290,
PE,26010,Recife,260345,
PE,26010,Recife,260440,
PE,26010,Recife,260450,
PE,26010,Recife,260545,
PE,26010,Recife,260610,
PE,26010,Recife,260680,
PE,26010,Recife,260720,
PE,26010,Recife,260760,
PE,26010,Recife,260775,
PE,26010,Recife,260790,
PE,26010,Recife,260940,
PE,26010,Recife,260960,
PE,26010,Recife,261070,
PE,26010,Recife,261130,
PE,26010,Recife,261160,
PE,26010,Recife,261370,
PE,26010,Recife,261640,
PE,26011,Salgueiro,260160,
PE,26011,Salgueiro,260430,
PE,26011,Salgueiro,260930,
PE,26011,Salgueiro,261220,
PE,26011,Salgueiro,261400,
PE,26011,Salgueiro,261520,
PE,26011,Salgueiro,261610,
PE,26012,Serra Talhada,260180,
PE,26012,Serra Talhada,260340,
PE,26012,Serra Talhada,260392,
PE,26012,Serra Talhada,260560,
PE,26012,Serra Talhada,260570,
PE,26012,Serra Talhada,260740,
PE,26012,Serra Talhada,261247,
PE,26012,Serra Talhada,261350,
PE,26012,Serra Talhada,261390,
PE,26012,Serra Talhada,261570,
AL,27001,1ª Região de Saúde,270050,
AL,27001,1ª Região de Saúde,270060,
AL,27001,1ª Região de Saúde,270220,
AL,27001,1ª Região de Saúde,270280,
AL,27001,1ª Região de Saúde,270430,
AL,27001,1ª Região de Saúde,270470,
AL,27001,1ª Região de Saúde,270520,
AL,27001,1ª Região de Saúde,270644,
AL,27001,1ª Região de Saúde,270690,
AL,27001,1ª Região de Saúde,270770,
AL,27001,1ª Região de Saúde,270790,
AL,27001,1ª Região de Saúde,270890,
AL,27002,2ª Região de Saúde,270350,
AL,27002,2ª Região de Saúde,270360,
AL,27002,2ª Região de Saúde,270450,
AL,27002,2ª Região de Saúde,270510,
AL,27002,2ª Região de Saúde,270650,
AL,27002,2ª Região de Saúde,270730,
AL,27002,2ª Região de Saúde,270740,
AL,27002,2ª Região de Saúde,270850,
AL,27002,2ª Região de Saúde,270870,
AL,27003,3ª Região de Saúde,270110,
AL,27003,3ª Região de Saúde,270135,
AL,27003,3ª Região de Saúde,270210,
AL,27003,3ª Região de Saúde,270300,
AL,27003,3ª Região de Saúde,270380,
AL,27003,3ª Região de Saúde,270390,
AL,27003,3ª Região de Saúde,270550,
AL,27003,3ª Região de Saúde,270560,
AL,27003,3ª Região de Saúde,270810,
AL,27003,3ª Região de Saúde,270830,
AL,27003,3ª Região de Saúde,270930,
AL,27004,4ª Região de Saúde,270040,
AL,27004,4ª Região de Saúde,270130,
AL,27004,4ª Região de Saúde,270170,
AL,27004,4ª Região de Saúde,270190,
AL,27004,4ª Região de Saúde,270490,
AL,27004,4ª Região de Saúde,270660,
AL,27004,4ª Região de Saúde,270700,
AL,27004,4ª Região de Saúde,270760,
AL,27004,4ª Região de Saúde,270940,
AL,27005,5ª Região de Saúde,270020,
AL,27005,5ª Região de Saúde,270100,
AL,27005,5ª Região de Saúde,270140,
AL,27005,5ª Região de Saúde,270400,
AL,27005,5ª Região de Saúde,270780,
AL,27005,5ª Região de Saúde,270860,
AL,27005,5ª Região de Saúde,270915,
AL,27006,6ª Região de Saúde,270230,
AL,27006,6ª Região de Saúde,270270,
AL,27006,6ª Região de Saúde,270320,
AL,27006,6ª Região de Saúde,270375,
AL,27006,6ª Região de Saúde,270670,
AL,27006,6ª Região de Saúde,270680,
AL,27006,6ª Região de Saúde,270750,
AL,27006,6ª Região de Saúde,270820,
AL,27007,7ª Região de Saúde,270030,
AL,27007,7ª Região de Saúde,270070,
AL,27007,7ª Região de Saúde,270090,
AL,27007,7ª Região de Saúde,270150,
AL,27007,7ª Região de Saúde,270200,
AL,27007,7ª Região de Saúde,270235,
AL,27007,7ª Região de Saúde,270260,
AL,27007,7ª Região de Saúde,270290,
AL,27007,7ª Região de Saúde,270340,
AL,27007,7ª Região de Saúde,270370,
AL,27007,7ª Região de Saúde,270410,
AL,27007,7ª Região de Saúde,270420,
AL,27007,7ª Região de Saúde,270440,
AL,27007,7ª Região de Saúde,270590,
AL,27007,7ª Região de Saúde,270880,
AL,27007,7ª Região de Saúde,270910,
AL,27007,7ª Região de Saúde,270920,
AL,27008,8ª Região de Saúde,270080,
AL,27008,8ª Região de Saúde,270120,
AL,27008,8ª Região de Saúde,270255,
AL,27008,8ª Região de Saúde,270310,
AL,27008,8ª Região de Saúde,270480,
AL,27008,8ª Região de Saúde,270530,
AL,27008,8ª Região de Saúde,270630,
AL,27008,8ª Região de Saúde,270900,
AL,27009,9ª Região de Saúde,270160,
AL,27009,9ª Região de Saúde,270180,
AL,27009,9ª Região de Saúde,270250,
AL,27009,9ª Região de Saúde,270460,
AL,27009,9ª Região de Saúde,270540,
AL,27009,9ª Região de Saúde,270570,
AL,27009,9ª Região de Saúde,270600,
AL,27009,9ª Região de Saúde,270610,
AL,27009,9ª Região de Saúde,270620,
AL,27009,9ª Região de Saúde,270640,
AL,27009,9ª Região de Saúde,270720,
AL,27009,9ª Região de Saúde,270800,
AL,27009,9ª Região de Saúde,270840,
AL,27009,9ª Região de Saúde,270895,
AL,27010,10ª Região de Saúde,270010,
AL,27010,10ª Região de Saúde,270240,
AL,27010,10ª Região de Saúde,270330,
AL,27010,10ª Região de Saúde,270500,
AL,27010,10ª Região de Saúde,270580,
AL,27010,10ª Região de Saúde,270642,
AL,27010,10ª Região de Saúde,270710,
SE,28001,Aracaju,280030,
SE,28001,Aracaju,280060,
SE,28001,Aracaju,280200,
SE,28001,Aracaju,280320,
SE,28001,Aracaju,280360,
SE,28001,Aracaju,280590,
SE,28001,Aracaju,280650,
SE,28001,Aracaju,280670,
SE,28002,Estância,280040,
SE,28002,Estância,280067,
SE,28002,Estância,280170,
SE,28002,Estância,280210,
SE,28002,Estância,280280,
SE,28002,Estância,280300,
SE,28002,Estância,280510,
SE,28002,Estância,280630,
SE,28002,Estância,280750,
SE,28002,Estância,280760,
SE,28003,Itabaiana,280050,
SE,28003,Itabaiana,280100,
SE,28003,Itabaiana,280140,
SE,28003,Itabaiana,280230,
SE,28003,Itabaiana,280290,
SE,28003,Itabaiana,280370,
SE,28003,Itabaiana,280390,
SE,28003,Itabaiana,280410,
SE,28003,Itabaiana,280445,
SE,28003,Itabaiana,280500,
SE,28003,Itabaiana,280520,
SE,28003,Itabaiana,280600,
SE,28003,Itabaiana,280680,
SE,28003,Itabaiana,280700,
SE,28004,Lagarto,280350,
SE,28004,Lagarto,280550,
SE,28004,Lagarto,280580,
SE,28004,Lagarto,280620,
SE,28004,Lagarto,280710,
SE,28004,Lagarto,280740,
SE,28005,Nossa Senhora da Glória,280120,
SE,28005,Nossa Senhora da Glória,280220,
SE,28005,Nossa Senhora da Glória,280240,
SE,28005,Nossa Senhora da Glória,280260,
SE,28005,Nossa Senhora da Glória,280310,
SE,28005,Nossa Senhora da Glória,280420,
SE,28005,Nossa Senhora da Glória,280450,
SE,28005,Nossa Senhora da Glória,280540,
SE,28005,Nossa Senhora da Glória,280560,
SE,28006,Nossa Senhora do Socorro,280130,
SE,28006,Nossa Senhora do Socorro,280150,
SE,28006,Nossa Senhora do Socorro,280190,
SE,28006,Nossa Senhora do Socorro,280250,
SE,28006,Nossa Senhora do Socorro,280330,
SE,28006,Nossa Senhora do Socorro,280400,
SE,28006,Nossa Senhora do Socorro,280460,
SE,28006,Nossa Senhora do Socorro,280480,
SE,28006,Nossa Senhora do Socorro,280530,
SE,28006,Nossa Senhora do Socorro,280610,
SE,28006,Nossa Senhora do Socorro,280660,
SE,28006,Nossa Senhora do Socorro,280720,
SE,28007,Propriá,280010,
SE,28007,Propriá,280020,
SE,28007,Propriá,280070,
SE,28007,Propriá,280110,
SE,28007,Propriá,280160,
SE,28007,Propriá,280270,
SE,28007,Propriá,280340,
SE,28007,Propriá,280380,
SE,28007,Propriá,280430,
SE,28007,Propriá,280440,
SE,28007,Propriá,280470,
SE,28007,Propriá,280490,
SE,28007,Propriá,280570,
SE,28007,Propriá,280640,
SE,28007,Propriá,280690,
SE,28007,Propriá,280730,
BA,29001,Alagoinhas,290030,
BA,29001,Alagoinhas,290070,
BA,29001,Alagoinhas,290190,
BA,29001,Alagoinhas,290205,
BA,29001,Alagoinhas,290220,
BA,29001,Alagoinhas,290700,
BA,29001,Alagoinhas,290750,
BA,29001,Alagoinhas,290960,
BA,29001,Alagoinhas,291050,
BA,29001,Alagoinhas,291060,
BA,29001,Alagoinhas,291370,
BA,29001,Alagoinhas,291590,
BA,29001,Alagoinhas,291650,
BA,29001,Alagoinhas,291790,
BA,29001,Alagoinhas,292330,
BA,29001,Alagoinhas,292410,
BA,29001,Alagoinhas,292700,
BA,29001,Alagoinhas,292970,
BA,29002,Barreiras,290140,
BA,29002,Barreiras,290250,
BA,29002,Barreiras,290320,
BA,29002,Barreiras,290440,
BA,29002,Barreiras,290740,
BA,29002,Barreiras,290940,
BA,29002,Barreiras,290970,
BA,29002,Barreiras,291110,
BA,29002,Barreiras,291955,
BA,29002,Barreiras,292045,
BA,29002,Barreiras,292620,
BA,29002,Barreiras,292840,
BA,29002,Barreiras,292890,
BA,29002,Barreiras,293090,
BA,29002,Barreiras,293345,
BA,29003,Brumado,290050,
BA,29003,Brumado,290200,
BA,29003,Brumado,290280,
BA,29003,Brumado,290410,
BA,29003,Brumado,290420,
BA,29003,Brumado,290460,
BA,29003,Brumado,290755,
BA,29003,Brumado,290880,
BA,29003,Brumado,291010,
BA,29003,Brumado,291165,
BA,29003,Brumado,291220,
BA,29003,Brumado,291250,
BA,29003,Brumado,291720,
BA,29003,Brumado,291860,
BA,29003,Brumado,291950,
BA,29003,Brumado,291980,
BA,29003,Brumado,292030,
BA,29003,Brumado,292360,
BA,29003,Brumado,292670,
BA,29003,Brumado,292690,
BA,29003,Brumado,293100,
BA,29004,Camaçari,290570,
BA,29004,Camaçari,290860,
BA,29004,Camaçari,291005,
BA,29004,Camaçari,292100,
BA,29004,Camaçari,292520,
BA,29004,Camaçari,293070,
BA,29005,Cruz das Almas,290485,
BA,29005,Cruz das Almas,290490,
BA,29005,Cruz das Almas,290820,
BA,29005,Cruz das Almas,290980,
BA,29005,Cruz das Almas,291160,
BA,29005,Cruz das Almas,292060,
BA,29005,Cruz das Almas,292230,
BA,29005,Cruz das Almas,292900,
BA,29005,Cruz das Almas,292960,
BA,29006,Feira de Santana,290110,
BA,29006,Feira de Santana,290150,
BA,29006,Feira de Santana,290170,
BA,29006,Feira de Santana,290260,
BA,29006,Feira de Santana,290640,
BA,29006,Feira de Santana,290685,
BA,29006,Feira de Santana,290850,
BA,29006,Feira de Santana,290890,
BA,29006,Feira de Santana,291080,
BA,29006,Feira de Santana,291125,
BA,29006,Feira de Santana,291330,
BA,29006,Feira de Santana,291380,
BA,29006,Feira de Santana,291400,
BA,29006,Feira de Santana,291450,
BA,29006,Feira de Santana,292210,
BA,29006,Feira de Santana,292273,
BA,29006,Feira de Santana,292405,
BA,29006,Feira de Santana,292465,
BA,29006,Feira de Santana,292595,
BA,29006,Feira de Santana,292630,
BA,29006,Feira de Santana,292750,
BA,29006,Feira de Santana,292830,
BA,29006,Feira de Santana,292880,
BA,29006,Feira de Santana,292930,
BA,29006,Feira de Santana,293040,
BA,29006,Feira de Santana,293110,
BA,29006,Feira de Santana,293140,
BA,29006,Feira de Santana,293170,
BA,29007,Guanambi,290500,
BA,29007,Guanambi,290520,
BA,29007,Guanambi,290660,
BA,29007,Guanambi,290710,
BA,29007,Guanambi,291170,
BA,29007,Guanambi,291200,
BA,29007,Guanambi,291340,
BA,29007,Guanambi,291733,
BA,29007,Guanambi,291740,
BA,29007,Guanambi,291875,
BA,29007,Guanambi,291940,
BA,29007,Guanambi,292020,
BA,29007,Guanambi,292105,
BA,29007,Guanambi,292180,
BA,29007,Guanambi,292340,
BA,29007,Guanambi,292450,
BA,29007,Guanambi,292640,
BA,29007,Guanambi,292680,
BA,29007,Guanambi,293000,
BA,29007,Guanambi,293105,
BA,29007,Guanambi,293260,
BA,29008,Ibotirama,290270,
BA,29008,Ibotirama,290450,
BA,29008,Ibotirama,290475,
BA,29008,Ibotirama,291320,
BA,29008,Ibotirama,291410,
BA,29008,Ibotirama,292160,
BA,29008,Ibotirama,292225,
BA,29008,Ibotirama,292320,
BA,29008,Ibotirama,292370,
BA,29009,Ilhéus,290225,
BA,29009,Ilhéus,290630,
BA,29009,Ilhéus,291360,
BA,29009,Ilhéus,291490,
BA,29009,Ilhéus,292090,
BA,29009,Ilhéus,292805,
BA,29009,Ilhéus,293250,
BA,29009,Ilhéus,293270,
BA,29010,Irecê,290115,
BA,29010,Irecê,290300,
BA,29010,Irecê,290323,
BA,29010,Irecê,290530,
BA,29010,Irecê,290620,
BA,29010,Irecê,290760,
BA,29010,Irecê,291130,
BA,29010,Irecê,291240,
BA,29010,Irecê,291310,
BA,29010,Irecê,291460,
BA,29010,Irecê,291535,
BA,29010,Irecê,291835,
BA,29010,Irecê,291850,
BA,29010,Irecê,291915,
BA,29010,Irecê,292205,
BA,29010,Irecê,292560,
BA,29010,Irecê,292925,
BA,29010,Irecê,293240,
BA,29010,Irecê,293360,
BA,29011,Itaberaba,290130,
BA,29011,Itaberaba,290380,
BA,29011,Itaberaba,290405,
BA,29011,Itaberaba,291190,
BA,29011,Itaberaba,291260,
BA,29011,Itaberaba,291470,
BA,29011,Itaberaba,291500,
BA,29011,Itaberaba,291900,
BA,29011,Itaberaba,291960,
BA,29011,Itaberaba,292080,
BA,29011,Itaberaba,292285,
BA,29011,Itaberaba,292720,
BA,29011,Itaberaba,293280,
BA,29011,Itaberaba,293340,
BA,29012,Itabuna,290090,
BA,29012,Itabuna,290240,
BA,29012,Itabuna,290330,
BA,29012,Itabuna,290470,
BA,29012,Itabuna,290560,
BA,29012,Itabuna,290800,
BA,29012,Itabuna,291100,
BA,29012,Itabuna,291150,
BA,29012,Itabuna,291210,
BA,29012,Itabuna,291270,
BA,29012,Itabuna,291480,
BA,29012,Itabuna,291540,
BA,29012,Itabuna,291550,
BA,29012,Itabuna,291620,
BA,29012,Itabuna,291660,
BA,29012,Itabuna,291855,
BA,29012,Itabuna,292070,
BA,29012,Itabuna,292390,
BA,29012,Itabuna,292780,
BA,29012,Itabuna,292935,
BA,29012,Itabuna,293220,
BA,29012,Itabuna,293230,
BA,29013,Itapetinga,290480,
BA,29013,Itapetinga,291090,
BA,29013,Itapetinga,291230,
BA,29013,Itapetinga,291350,
BA,29013,Itapetinga,291580,
BA,29013,Itapetinga,291640,
BA,29013,Itapetinga,291680,
BA,29013,Itapetinga,291710,
BA,29013,Itapetinga,291970,
BA,29013,Itapetinga,292000,
BA,29013,Itapetinga,292270,
BA,29013,Itapetinga,292540,
BA,29014,Jacobina,290510,
BA,29014,Jacobina,290550,
BA,29014,Jacobina,290687,
BA,29014,Jacobina,291750,
BA,29014,Jacobina,292010,
BA,29014,Jacobina,292120,
BA,29014,Jacobina,292140,
BA,29014,Jacobina,292170,
BA,29014,Jacobina,292335,
BA,29014,Jacobina,292480,
BA,29014,Jacobina,292593,
BA,29014,Jacobina,292937,
BA,29014,Jacobina,292980,
BA,29014,Jacobina,293060,
BA,29014,Jacobina,293130,
BA,29014,Jacobina,293245,
BA,29014,Jacobina,293305,
BA,29014,Jacobina,293310,
BA,29014,Jacobina,293315,
BA,29015,Jequié,290060,
BA,29015,Jequié,290195,
BA,29015,Jequié,290310,
BA,29015,Jequié,290370,
BA,29015,Jequié,290430,
BA,29015,Jequié,290950,
BA,29015,Jequié,291000,
BA,29015,Jequié,291290,
BA,29015,Jequié,291390,
BA,29015,Jequié,291420,
BA,29015,Jequié,291430,
BA,29015,Jequié,291510,
BA,29015,Jequié,291520,
BA,29015,Jequié,291570,
BA,29015,Jequié,291670,
BA,29015,Jequié,291690,
BA,29015,Jequié,291760,
BA,29015,Jequié,291800,
BA,29015,Jequié,291830,
BA,29015,Jequié,291870,
BA,29015,Jequié,291905,
BA,29015,Jequié,292040,
BA,29015,Jequié,292050,
BA,29015,Jequié,292280,
BA,29015,Jequié,292490,
BA,29015,Jequié,292790,
BA,29016,Juazeiro,290590,
BA,29016,Juazeiro,290682,
BA,29016,Juazeiro,290720,
BA,29016,Juazeiro,290990,
BA,29016,Juazeiro,291840,
BA,29016,Juazeiro,292440,
BA,29016,Juazeiro,292600,
BA,29016,Juazeiro,293020,
BA,29016,Juazeiro,293077,
BA,29016,Juazeiro,293200,
BA,29017,Paulo Afonso,290020,
BA,29017,Paulo Afonso,290770,
BA,29017,Paulo Afonso,291140,
BA,29017,Paulo Afonso,291810,
BA,29017,Paulo Afonso,291990,
BA,29017,Paulo Afonso,292400,
BA,29017,Paulo Afonso,292420,
BA,29017,Paulo Afonso,292710,
BA,29017,Paulo Afonso,292760,
BA,29018,Porto Seguro,290340,
BA,29018,Porto Seguro,291072,
BA,29018,Porto Seguro,291180,
BA,29018,Porto Seguro,291465,
BA,29018,Porto Seguro,291530,
BA,29018,Porto Seguro,291630,
BA,29018,Porto Seguro,292530,
BA,29018,Porto Seguro,292770,
BA,29019,Ribeira do Pombal,290035,
BA,29019,Ribeira do Pombal,290160,
BA,29019,Ribeira do Pombal,290265,
BA,29019,Ribeira do Pombal,290780,
BA,29019,Ribeira do Pombal,290790,
BA,29019,Ribeira do Pombal,290920,
BA,29019,Ribeira do Pombal,291075,
BA,29019,Ribeira do Pombal,291185,
BA,29019,Ribeira do Pombal,292290,
BA,29019,Ribeira do Pombal,292305,
BA,29019,Ribeira do Pombal,292310,
BA,29019,Ribeira do Pombal,292380,
BA,29019,Ribeira do Pombal,292650,
BA,29019,Ribeira do Pombal,292660,
BA,29019,Ribeira do Pombal,293076,
BA,29020,Salvador,290650,
BA,29020,Salvador,291610,
BA,29020,Salvador,291920,
BA,29020,Salvador,291992,
BA,29020,Salvador,292740,
BA,29020,Salvador,292860,
BA,29020,Salvador,292920,
BA,29020,Salvador,292950,
BA,29020,Salvador,292975,
BA,29020,Salvador,293320,
BA,29021,Santa Maria da Vitória,290390,
BA,29021,Santa Maria da Vitória,290610,
BA,29021,Santa Maria da Vitória,290810,
BA,29021,Santa Maria da Vitória,290910,
BA,29021,Santa Maria da Vitória,290930,
BA,29021,Santa Maria da Vitória,291077,
BA,29021,Santa Maria da Vitória,291735,
BA,29021,Santa Maria da Vitória,292810,
BA,29021,Santa Maria da Vitória,292820,
BA,29021,Santa Maria da Vitória,292905,
BA,29021,Santa Maria da Vitória,293015,
BA,29021,Santa Maria da Vitória,293030,
BA,29021,Santa Maria da Vitória,293075,
BA,29022,Santo Antônio de Jesus,290100,
BA,29022,Santo Antônio de Jesus,290230,
BA,29022,Santo Antônio de Jesus,290730,
BA,29022,Santo Antônio de Jesus,290830,
BA,29022,Santo Antônio de Jesus,291020,
BA,29022,Santo Antônio de Jesus,291030,
BA,29022,Santo Antônio de Jesus,291685,
BA,29022,Santo Antônio de Jesus,291780,
BA,29022,Santo Antônio de Jesus,291820,
BA,29022,Santo Antônio de Jesus,291880,
BA,29022,Santo Antônio de Jesus,292130,
BA,29022,Santo Antônio de Jesus,292220,
BA,29022,Santo Antônio de Jesus,292240,
BA,29022,Santo Antônio de Jesus,292250,
BA,29022,Santo Antônio de Jesus,292575,
BA,29022,Santo Antônio de Jesus,292730,
BA,29022,Santo Antônio de Jesus,292850,
BA,29022,Santo Antônio de Jesus,292870,
BA,29022,Santo Antônio de Jesus,292910,
BA,29022,Santo Antônio de Jesus,292940,
BA,29022,Santo Antônio de Jesus,293210,
BA,29022,Santo Antônio de Jesus,293317,
BA,29023,Seabra,290010,
BA,29023,Seabra,290400,
BA,29023,Seabra,291300,
BA,29023,Seabra,291440,
BA,29023,Seabra,291930,
BA,29023,Seabra,292190,
BA,29023,Seabra,292303,
BA,29023,Seabra,292350,
BA,29023,Seabra,292430,
BA,29023,Seabra,292990,
BA,29023,Seabra,293080,
BA,29024,Senhor do Bonfim,290135,
BA,29024,Senhor do Bonfim,290180,
BA,29024,Senhor do Bonfim,290600,
BA,29024,Senhor do Bonfim,291085,
BA,29024,Senhor do Bonfim,291700,
BA,29024,Senhor do Bonfim,291770,
BA,29024,Senhor do Bonfim,292460,
BA,29024,Senhor do Bonfim,292525,
BA,29024,Senhor do Bonfim,293010,
BA,29025,Serrinha,290040,
BA,29025,Serrinha,290210,
BA,29025,Serrinha,290327,
BA,29025,Serrinha,290360,
BA,29025,Serrinha,290680,
BA,29025,Serrinha,290840,
BA,29025,Serrinha,291070,
BA,29025,Serrinha,291910,
BA,29025,Serrinha,292150,
BA,29025,Serrinha,292265,
BA,29025,Serrinha,292580,
BA,29025,Serrinha,292590,
BA,29025,Serrinha,292610,
BA,29025,Serrinha,292800,
BA,29025,Serrinha,292895,
BA,29025,Serrinha,293050,
BA,29025,Serrinha,293150,
BA,29025,Serrinha,293190,
BA,29025,Serrinha,293300,
BA,29026,Teixeira de Freitas,290080,
BA,29026,Teixeira de Freitas,290690,
BA,29026,Teixeira de Freitas,291280,
BA,29026,Teixeira de Freitas,291560,
BA,29026,Teixeira de Freitas,291600,
BA,29026,Teixeira de Freitas,291845,
BA,29026,Teixeira de Freitas,291890,
BA,29026,Teixeira de Freitas,292110,
BA,29026,Teixeira de Freitas,292200,
BA,29026,Teixeira de Freitas,292300,
BA,29026,Teixeira de Freitas,292550,
BA,29026,Teixeira de Freitas,293135,
BA,29026,Teixeira de Freitas,293325,
BA,29027,Valença,290540,
BA,29027,Valença,290580,
BA,29027,Valença,291120,
BA,29027,Valença,291345,
BA,29027,Valença,291730,
BA,29027,Valença,292260,
BA,29027,Valença,292275,
BA,29027,Valença,292467,
BA,29027,Valença,293120,
BA,29027,Valença,293160,
BA,29027,Valença,293290,
BA,29027,Valença,293350,
BA,29028,Vitória da Conquista,290120,
BA,29028,Vitória da Conquista,290290,
BA,29028,Vitória da Conquista,290350,
BA,29028,Vitória da Conquista,290395,
BA,29028,Vitória da Conquista,290515,
BA,29028,Vitória da Conquista,290670,
BA,29028,Vitória da Conquista,290689,
BA,29028,Vitória da Conquista,290870,
BA,29028,Vitória da Conquista,290900,
BA,29028,Vitória da Conquista,291040,
BA,29028,Vitória da Conquista,291995,
BA,29028,Vitória da Conquista,292145,
BA,29028,Vitória da Conquista,292470,
BA,29028,Vitória da Conquista,292500,
BA,29028,Vitória da Conquista,292510,
BA,29028,Vitória da Conquista,292570,
BA,29028,Vitória da Conquista,292665,
BA,29028,Vitória da Conquista,293180,
BA,29028,Vitória da Conquista,293330,
MG,31001,Alfenas / Machado,310160,
MG,31001,Alfenas / Machado,310200,
MG,31001,Alfenas / Machado,310430,
MG,31001,Alfenas / Machado,310530,
MG,31001,Alfenas / Machado,310840,
MG,31001,Alfenas / Machado,311100,
MG,31001,Alfenas / Machado,311130,
MG,31001,Alfenas / Machado,311160,
MG,31001,Alfenas / Machado,311470,
MG,31001,Alfenas / Machado,311710,
MG,31001,Alfenas / Machado,312240,
MG,31001,Alfenas / Machado,312520,
MG,31001,Alfenas / Machado,313900,
MG,31001,Alfenas / Machado,314720,
MG,31001,Alfenas / Machado,315170,
MG,31001,Alfenas / Machado,316690,
MG,31002,Guaxupé,310410,
MG,31002,Guaxupé,310950,
MG,31002,Guaxupé,312830,
MG,31002,Guaxupé,312870,
MG,31002,Guaxupé,313690,
MG,31002,Guaxupé,314300,
MG,31002,Guaxupé,314410,
MG,31002,Guaxupé,316390,
MG,31003,Itajubá,310890,
MG,31003,Itajubá,311720,
MG,31003,Itajubá,311850,
MG,31003,Itajubá,312110,
MG,31003,Itajubá,312740,
MG,31003,Itajubá,313240,
MG,31003,Itajubá,313990,
MG,31003,Itajubá,314040,
MG,31003,Itajubá,314730,
MG,31003,Itajubá,314910,
MG,31003,Itajubá,315090,
MG,31003,Itajubá,315100,
MG,31003,Itajubá,316320,
MG,31003,Itajubá,316540,
MG,31003,Itajubá,317220,
MG,31004,Lavras,311460,
MG,31004,Lavras,313040,
MG,31004,Lavras,313080,
MG,31004,Lavras,313430,
MG,31004,Lavras,313450,
MG,31004,Lavras,313820,
MG,31004,Lavras,313870,
MG,31004,Lavras,314460,
MG,31004,Lavras,314990,
MG,31004,Lavras,315470,
MG,31006,Poços de Caldas,310140,
MG,31006,Poços de Caldas,310260,
MG,31006,Poços de Caldas,311030,
MG,31006,Poços de Caldas,312990,
MG,31006,Poços de Caldas,315180,
MG,31006,Poços de Caldas,315920,
MG,31007,Pouso Alegre,310790,
MG,31007,Pouso Alegre,310830,
MG,31007,Pouso Alegre,310910,
MG,31007,Pouso Alegre,310970,
MG,31007,Pouso Alegre,311050,
MG,31007,Pouso Alegre,311060,
MG,31007,Pouso Alegre,311360,
MG,31007,Pouso Alegre,311780,
MG,31007,Pouso Alegre,311790,
MG,31007,Pouso Alegre,311990,
MG,31007,Pouso Alegre,312440,
MG,31007,Pouso Alegre,312450,
MG,31007,Pouso Alegre,312510,
MG,31007,Pouso Alegre,312920,
MG,31007,Pouso Alegre,313060,
MG,31007,Pouso Alegre,313150,
MG,31007,Pouso Alegre,313360,
MG,31007,Pouso Alegre,313490,
MG,31007,Pouso Alegre,314340,
MG,31007,Pouso Alegre,314380,
MG,31007,Pouso Alegre,314440,
MG,31007,Pouso Alegre,314600,
MG,31007,Pouso Alegre,315250,
MG,31007,Pouso Alegre,315960,
MG,31007,Pouso Alegre,316230,
MG,31007,Pouso Alegre,316440,
MG,31007,Pouso Alegre,316557,
MG,31007,Pouso Alegre,316580,
MG,31007,Pouso Alegre,316740,
MG,31007,Pouso Alegre,316905,
MG,31007,Pouso Alegre,316910,
MG,31007,Pouso Alegre,316980,
MG,31008,São Lourenço,310120,
MG,31008,São Lourenço,310130,
MG,31008,São Lourenço,310490,
MG,31008,São Lourenço,311410,
MG,31008,São Lourenço,311480,
MG,31008,São Lourenço,311550,
MG,31008,São Lourenço,311770,
MG,31008,São Lourenço,312050,
MG,31008,São Lourenço,312080,
MG,31008,São Lourenço,312280,
MG,31008,São Lourenço,313300,
MG,31008,São Lourenço,313310,
MG,31008,São Lourenço,313590,
MG,31008,São Lourenço,313780,
MG,31008,São Lourenço,314190,
MG,31008,São Lourenço,314550,
MG,31008,São Lourenço,314760,
MG,31008,São Lourenço,315260,
MG,31008,São Lourenço,316370,
MG,31008,São Lourenço,316490,
MG,31008,São Lourenço,316640,
MG,31008,São Lourenço,316700,
MG,31008,São Lourenço,316780,
MG,31008,São Lourenço,317170,
MG,31009,São Sebastião do Paraíso,313290,
MG,31009,São Sebastião do Paraíso,313480,
MG,31009,São Sebastião do Paraíso,314320,
MG,31009,São Sebastião do Paraíso,315290,
MG,31009,São Sebastião do Paraíso,316470,
MG,31009,São Sebastião do Paraíso,316510,
MG,31010,Três Corações,311070,
MG,31010,Três Corações,311090,
MG,31010,Três Corações,311390,
MG,31010,Três Corações,316080,
MG,31010,Três Corações,316520,
MG,31010,Três Corações,316930,
MG,31011,Três Pontas,310710,
MG,31011,Três Pontas,311870,
MG,31011,Três Pontas,313050,
MG,31011,Três Pontas,315830,
MG,31011,Três Pontas,316940,
MG,31012,Varginha,311900,
MG,31012,Varginha,312360,
MG,31012,Varginha,314260,
MG,31012,Varginha,316200,
MG,31012,Varginha,317070,
MG,31013,Barbacena,310163,
MG,31013,Barbacena,310210,
MG,31013,Barbacena,310290,
MG,31013,Barbacena,310560,
MG,31013,Barbacena,311220,
MG,31013,Barbacena,311320,
MG,31013,Barbacena,311630,
MG,31013,Barbacena,312150,
MG,31013,Barbacena,312940,
MG,31013,Barbacena,314660,
MG,31013,Barbacena,315440,
MG,31013,Barbacena,315730,
MG,31013,Barbacena,315870,
MG,31013,Barbacena,315940,
MG,31013,Barbacena,316620,
MG,31015,São João Del Rei,310590,
MG,31015,São João Del Rei,310800,
MG,31015,São João Del Rei,311520,
MG,31015,São João Del Rei,311970,
MG,31015,São João Del Rei,312300,
MG,31015,São João Del Rei,313000,
MG,31015,São João Del Rei,313740,
MG,31015,São João Del Rei,313910,
MG,31015,São João Del Rei,314450,
MG,31015,São João Del Rei,315030,
MG,31015,São João Del Rei,315270,
MG,31015,São João Del Rei,315420,
MG,31015,São João Del Rei,315610,
MG,31015,São João Del Rei,315733,
MG,31015,São João Del Rei,316250,
MG,31015,São João Del Rei,316500,
MG,31015,São João Del Rei,316530,
MG,31015,São João Del Rei,316880,
MG,31016,Belo Horizonte/ Nova Lima/ Caeté,310620,
MG,31016,Belo Horizonte/ Nova Lima/ Caeté,310640,
MG,31016,Belo Horizonte/ Nova Lima/ Caeté,311000,
MG,31016,Belo Horizonte/ Nova Lima/ Caeté,313460,
MG,31016,Belo Horizonte/ Nova Lima/ Caeté,313660,
MG,31016,Belo Horizonte/ Nova Lima/ Caeté,314230,
MG,31016,Belo Horizonte/ Nova Lima/ Caeté,314480,
MG,31016,Belo Horizonte/ Nova Lima/ Caeté,315390,
MG,31016,Belo Horizonte/ Nova Lima/ Caeté,315460,
MG,31016,Belo Horizonte/ Nova Lima/ Caeté,315480,
MG,31016,Belo Horizonte/ Nova Lima/ Caeté,315670,
MG,31016,Belo Horizonte/ Nova Lima/ Caeté,315780,
MG,31016,Belo Horizonte/ Nova Lima/ Caeté,316830,
MG,31017,Betim,310670,
MG,31017,Betim,310810,
MG,31017,Betim,310900,
MG,31017,Betim,312060,
MG,31017,Betim,312410,
MG,31017,Betim,312600,
MG,31017,Betim,313010,
MG,31017,Betim,313665,
MG,31017,Betim,314015,
MG,31017,Betim,314070,
MG,31017,Betim,315040,
MG,31017,Betim,315530,
MG,31017,Betim,316292,
MG,31018,Contagem,311860,
MG,31018,Contagem,312980,
MG,31018,Contagem,316553,
MG,31019,Curvelo,310480,
MG,31019,Curvelo,310920,
MG,31019,Curvelo,311910,
MG,31019,Curvelo,312090,
MG,31019,Curvelo,312570,
MG,31019,Curvelo,313110,
MG,31019,Curvelo,314250,
MG,31019,Curvelo,314360,
MG,31019,Curvelo,315320,
MG,31019,Curvelo,316060,
MG,31019,Curvelo,316935,
MG,31020,Guanhães,311380,
MG,31020,Guanhães,312260,
MG,31020,Guanhães,312310,
MG,31020,Guanhães,312800,
MG,31020,Guanhães,314060,
MG,31020,Guanhães,315600,
MG,31020,Guanhães,315680,
MG,31020,Guanhães,316610,
MG,31020,Guanhães,317180,
MG,31021,Itabira,310540,
MG,31021,Itabira,310770,
MG,31021,Itabira,311535,
MG,31021,Itabira,312590,
MG,31021,Itabira,313170,
MG,31021,Itabira,313280,
MG,31021,Itabira,314370,
MG,31021,Itabira,314750,
MG,31021,Itabira,315720,
MG,31021,Itabira,315800,
MG,31021,Itabira,316050,
MG,31021,Itabira,316190,
MG,31021,Itabira,316480,
MG,31022,Ouro Preto,313190,
MG,31022,Ouro Preto,314000,
MG,31022,Ouro Preto,314610,
MG,31023,João Monlevade,310600,
MG,31023,João Monlevade,313620,
MG,31023,João Monlevade,314470,
MG,31023,João Monlevade,315570,
MG,31023,João Monlevade,316100,
MG,31024,Sete Lagoas,310020,
MG,31024,Sete Lagoas,310060,
MG,31024,Sete Lagoas,310320,
MG,31024,Sete Lagoas,310500,
MG,31024,Sete Lagoas,310700,
MG,31024,Sete Lagoas,310960,
MG,31024,Sete Lagoas,310990,
MG,31024,Sete Lagoas,311250,
MG,31024,Sete Lagoas,311560,
MG,31024,Sete Lagoas,311890,
MG,31024,Sete Lagoas,312640,
MG,31024,Sete Lagoas,312720,
MG,31024,Sete Lagoas,313100,
MG,31024,Sete Lagoas,313570,
MG,31024,Sete Lagoas,313970,
MG,31024,Sete Lagoas,314350,
MG,31024,Sete Lagoas,314640,
MG,31024,Sete Lagoas,314690,
MG,31024,Sete Lagoas,314740,
MG,31024,Sete Lagoas,314960,
MG,31024,Sete Lagoas,315200,
MG,31024,Sete Lagoas,315360,
MG,31024,Sete Lagoas,315370,
MG,31024,Sete Lagoas,315850,
MG,31024,Sete Lagoas,316720,
MG,31025,Vespasiano,311787,
MG,31025,Vespasiano,313760,
MG,31025,Vespasiano,314110,
MG,31025,Vespasiano,314930,
MG,31025,Vespasiano,315900,
MG,31025,Vespasiano,316295,
MG,31025,Vespasiano,317120,
MG,31026,Diamantina,311350,
MG,31026,Diamantina,311680,
MG,31026,Diamantina,311810,
MG,31026,Diamantina,312010,
MG,31026,Diamantina,312100,
MG,31026,Diamantina,312160,
MG,31026,Diamantina,312540,
MG,31026,Diamantina,312550,
MG,31026,Diamantina,312760,
MG,31026,Diamantina,313250,
MG,31026,Diamantina,315330,
MG,31026,Diamantina,316590,
MG,31027,Turmalina/Minas Novas/Capelinha,310445,
MG,31027,Turmalina/Minas Novas/Capelinha,311230,
MG,31027,Turmalina/Minas Novas/Capelinha,311610,
MG,31027,Turmalina/Minas Novas/Capelinha,313652,
MG,31027,Turmalina/Minas Novas/Capelinha,313835,
MG,31027,Turmalina/Minas Novas/Capelinha,314180,
MG,31027,Turmalina/Minas Novas/Capelinha,316970,
MG,31027,Turmalina/Minas Novas/Capelinha,317107,
MG,31028,Bom Despacho,310740,
MG,31028,Bom Despacho,312320,
MG,31028,Bom Despacho,312470,
MG,31028,Bom Despacho,313880,
MG,31028,Bom Despacho,314050,
MG,31028,Bom Despacho,314240,
MG,31028,Bom Despacho,316660,
MG,31030,Formiga,310510,
MG,31030,Formiga,311980,
MG,31030,Formiga,311995,
MG,31030,Formiga,312610,
MG,31030,Formiga,313030,
MG,31030,Formiga,314130,
MG,31030,Formiga,314650,
MG,31030,Formiga,316820,
MG,31031,Itaúna,313220,
MG,31031,Itaúna,313370,
MG,31031,Itaúna,313380,
MG,31031,Itaúna,315060,
MG,31032,Pará de Minas,311760,
MG,31032,Pará de Minas,313020,
MG,31032,Pará de Minas,313830,
MG,31032,Pará de Minas,314520,
MG,31032,Pará de Minas,314580,
MG,31032,Pará de Minas,314710,
MG,31032,Pará de Minas,315140,
MG,31032,Pará de Minas,316310,
MG,31034,Caratinga,310780,
MG,31034,Caratinga,311340,
MG,31034,Caratinga,312385,
MG,31034,Caratinga,313055,
MG,31034,Caratinga,313090,
MG,31034,Caratinga,315015,
MG,31034,Caratinga,315725,
MG,31034,Caratinga,315935,
MG,31034,Caratinga,316095,
MG,31034,Caratinga,316447,
MG,31034,Caratinga,317005,
MG,31034,Caratinga,317057,
MG,31034,Caratinga,317115,
MG,31035,Coronel Fabriciano/Timóteo,310300,
MG,31035,Coronel Fabriciano/Timóteo,311940,
MG,31035,Coronel Fabriciano/Timóteo,312000,
MG,31035,Coronel Fabriciano/Timóteo,312180,
MG,31035,Coronel Fabriciano/Timóteo,313500,
MG,31035,Coronel Fabriciano/Timóteo,314030,
MG,31035,Coronel Fabriciano/Timóteo,315053,
MG,31035,Coronel Fabriciano/Timóteo,316870,
MG,31036,Governador Valadares,310180,
MG,31036,Governador Valadares,311265,
MG,31036,Governador Valadares,311920,
MG,31036,Governador Valadares,312220,
MG,31036,Governador Valadares,312370,
MG,31036,Governador Valadares,312580,
MG,31036,Governador Valadares,312690,
MG,31036,Governador Valadares,312730,
MG,31036,Governador Valadares,312750,
MG,31036,Governador Valadares,312770,
MG,31036,Governador Valadares,313320,
MG,31036,Governador Valadares,313507,
MG,31036,Governador Valadares,314010,
MG,31036,Governador Valadares,314420,
MG,31036,Governador Valadares,315750,
MG,31036,Governador Valadares,316160,
MG,31036,Governador Valadares,316165,
MG,31036,Governador Valadares,316300,
MG,31036,Governador Valadares,316550,
MG,31036,Governador Valadares,316770,
MG,31036,Governador Valadares,316840,
MG,31036,Governador Valadares,316950,
MG,31036,Governador Valadares,317150,
MG,31036,Governador Valadares,317190,
MG,31037,Ipatinga,310050,
MG,31037,Ipatinga,310630,
MG,31037,Ipatinga,310880,
MG,31037,Ipatinga,310925,
MG,31037,Ipatinga,312250,
MG,31037,Ipatinga,312930,
MG,31037,Ipatinga,313115,
MG,31037,Ipatinga,313130,
MG,31037,Ipatinga,313610,
MG,31037,Ipatinga,314170,
MG,31037,Ipatinga,314435,
MG,31037,Ipatinga,314995,
MG,31037,Ipatinga,315895,
MG,31037,Ipatinga,316260,
MG,31038,Mantena,311570,
MG,31038,Mantena,312210,
MG,31038,Mantena,313180,
MG,31038,Mantena,313960,
MG,31038,Mantena,314150,
MG,31038,Mantena,314467,
MG,31038,Mantena,316105,
MG,31038,Mantena,316257,
MG,31040,Resplendor,310110,
MG,31040,Resplendor,310220,
MG,31040,Resplendor,311840,
MG,31040,Resplendor,312083,
MG,31040,Resplendor,312737,
MG,31040,Resplendor,313410,
MG,31040,Resplendor,315430,
MG,31040,Resplendor,315950,
MG,31041,Além  Paraíba,310150,
MG,31041,Além  Paraíba,312460,
MG,31041,Além  Paraíba,315110,
MG,31041,Além  Paraíba,316000,
MG,31041,Além  Paraíba,317210,
MG,31042,Carangola,311010,
MG,31042,Carangola,311210,
MG,31042,Carangola,311330,
MG,31042,Carangola,312200,
MG,31042,Carangola,312420,
MG,31042,Carangola,312530,
MG,31042,Carangola,312595,
MG,31042,Carangola,314587,
MG,31042,Carangola,314875,
MG,31042,Carangola,314900,
MG,31042,Carangola,316920,
MG,31044,Leopoldina / Cataguases,310440,
MG,31044,Leopoldina / Cataguases,310460,
MG,31044,Leopoldina / Cataguases,311530,
MG,31044,Leopoldina / Cataguases,312290,
MG,31044,Leopoldina / Cataguases,313260,
MG,31044,Leopoldina / Cataguases,313800,
MG,31044,Leopoldina / Cataguases,313840,
MG,31044,Leopoldina / Cataguases,314670,
MG,31044,Leopoldina / Cataguases,315410,
MG,31044,Leopoldina / Cataguases,315840,
MG,31045,Muriaé,310310,
MG,31045,Muriaé,310550,
MG,31045,Muriaé,312490,
MG,31045,Muriaé,314210,
MG,31045,Muriaé,314220,
MG,31045,Muriaé,314390,
MG,31045,Muriaé,314820,
MG,31045,Muriaé,315645,
MG,31045,Muriaé,316140,
MG,31045,Muriaé,316443,
MG,31045,Muriaé,317140,
MG,31046,Santos Dumont,310330,
MG,31046,Santos Dumont,314570,
MG,31046,Santos Dumont,316070,
MG,31047,São João Nepomuceno / bicas,310690,
MG,31047,São João Nepomuceno / bicas,312130,
MG,31047,São João Nepomuceno / bicas,312850,
MG,31047,São João Nepomuceno / bicas,313980,
MG,31047,São João Nepomuceno / bicas,314020,
MG,31047,São João Nepomuceno / bicas,314950,
MG,31047,São João Nepomuceno / bicas,315620,
MG,31047,São João Nepomuceno / bicas,316290,
MG,31047,São João Nepomuceno / bicas,316560,
MG,31048,Ubá,310870,
MG,31048,Ubá,311670,
MG,31048,Ubá,312190,
MG,31048,Ubá,312330,
MG,31048,Ubá,312400,
MG,31048,Ubá,312840,
MG,31048,Ubá,312880,
MG,31048,Ubá,312900,
MG,31048,Ubá,314160,
MG,31048,Ubá,315130,
MG,31048,Ubá,315310,
MG,31048,Ubá,315580,
MG,31048,Ubá,315630,
MG,31048,Ubá,316150,
MG,31048,Ubá,316570,
MG,31048,Ubá,316730,
MG,31048,Ubá,316790,
MG,31048,Ubá,316900,
MG,31048,Ubá,316990,
MG,31048,Ubá,317200,
MG,31049,Brasília de Minas/São Francisco,310860,
MG,31049,Brasília de Minas/São Francisco,311115,
MG,31049,Brasília de Minas/São Francisco,312965,
MG,31049,Brasília de Minas/São Francisco,313005,
MG,31049,Brasília de Minas/São Francisco,313535,
MG,31049,Brasília de Minas/São Francisco,313865,
MG,31049,Brasília de Minas/São Francisco,313868,
MG,31049,Brasília de Minas/São Francisco,314795,
MG,31049,Brasília de Minas/São Francisco,315057,
MG,31049,Brasília de Minas/São Francisco,316110,
MG,31049,Brasília de Minas/São Francisco,316240,
MG,31049,Brasília de Minas/São Francisco,316420,
MG,31049,Brasília de Minas/São Francisco,317000,
MG,31049,Brasília de Minas/São Francisco,317052,
MG,31049,Brasília de Minas/São Francisco,317090,
MG,31050,Coração de Jesus,311880,
MG,31050,Coração de Jesus,313560,
MG,31050,Coração de Jesus,313730,
MG,31050,Coração de Jesus,316225,
MG,31050,Coração de Jesus,316265,
MG,31051,Francisco Sá,310850,
MG,31051,Francisco Sá,311270,
MG,31051,Francisco Sá,312030,
MG,31051,Francisco Sá,312670,
MG,31051,Francisco Sá,312780,
MG,31051,Francisco Sá,313657,
MG,31052,Janaúba/Monte Azul,311547,
MG,31052,Janaúba/Monte Azul,312430,
MG,31052,Janaúba/Monte Azul,312733,
MG,31052,Janaúba/Monte Azul,313505,
MG,31052,Janaúba/Monte Azul,313510,
MG,31052,Janaúba/Monte Azul,313925,
MG,31052,Janaúba/Monte Azul,314085,
MG,31052,Janaúba/Monte Azul,314100,
MG,31052,Janaúba/Monte Azul,314290,
MG,31052,Janaúba/Monte Azul,314505,
MG,31052,Janaúba/Monte Azul,314655,
MG,31052,Janaúba/Monte Azul,315220,
MG,31052,Janaúba/Monte Azul,315450,
MG,31052,Janaúba/Monte Azul,316695,
MG,31052,Janaúba/Monte Azul,317103,
MG,31053,Januária,310825,
MG,31053,Januária,311783,
MG,31053,Januária,313210,
MG,31053,Januária,313520,
MG,31053,Januária,314915,
MG,31055,Pirapora,310940,
MG,31055,Pirapora,312960,
MG,31055,Pirapora,313810,
MG,31055,Pirapora,315120,
MG,31055,Pirapora,315213,
MG,31055,Pirapora,315760,
MG,31055,Pirapora,317080,
MG,31057,Patos de Minas,312070,
MG,31057,Patos de Minas,312860,
MG,31057,Patos de Minas,312890,
MG,31057,Patos de Minas,313710,
MG,31057,Patos de Minas,313750,
MG,31057,Patos de Minas,314800,
MG,31057,Patos de Minas,315340,
MG,31057,Patos de Minas,316170,
MG,31057,Patos de Minas,316680,
MG,31057,Patos de Minas,317075,
MG,31057,Patos de Minas,317100,
MG,31058,Unaí,310450,
MG,31058,Unaí,310820,
MG,31058,Unaí,310930,
MG,31058,Unaí,310945,
MG,31058,Unaí,311615,
MG,31058,Unaí,312247,
MG,31058,Unaí,312620,
MG,31058,Unaí,314437,
MG,31058,Unaí,314700,
MG,31058,Unaí,315445,
MG,31058,Unaí,317040,
MG,31058,Unaí,317047,
MG,31059,Manhuaçu,310030,
MG,31059,Manhuaçu,310205,
MG,31059,Manhuaçu,311290,
MG,31059,Manhuaçu,311600,
MG,31059,Manhuaçu,311740,
MG,31059,Manhuaçu,312352,
MG,31059,Manhuaçu,313120,
MG,31059,Manhuaçu,313770,
MG,31059,Manhuaçu,313867,
MG,31059,Manhuaçu,313940,
MG,31059,Manhuaçu,313950,
MG,31059,Manhuaçu,314053,
MG,31059,Manhuaçu,314090,
MG,31059,Manhuaçu,314400,
MG,31059,Manhuaçu,315190,
MG,31059,Manhuaçu,315350,
MG,31059,Manhuaçu,315415,
MG,31059,Manhuaçu,315790,
MG,31059,Manhuaçu,315890,
MG,31059,Manhuaçu,316255,
MG,31059,Manhuaçu,316360,
MG,31059,Manhuaçu,316760,
MG,31059,Manhuaçu,316805,
MG,31060,Ponte Nova,310040,
MG,31060,Ponte Nova,310230,
MG,31060,Ponte Nova,310250,
MG,31060,Ponte Nova,310570,
MG,31060,Ponte Nova,312170,
MG,31060,Ponte Nova,312270,
MG,31060,Ponte Nova,312820,
MG,31060,Ponte Nova,313550,
MG,31060,Ponte Nova,314585,
MG,31060,Ponte Nova,315020,
MG,31060,Ponte Nova,315210,
MG,31060,Ponte Nova,315400,
MG,31060,Ponte Nova,315490,
MG,31060,Ponte Nova,315500,
MG,31060,Ponte Nova,315740,
MG,31060,Ponte Nova,316010,
MG,31060,Ponte Nova,316340,
MG,31060,Ponte Nova,316400,
MG,31060,Ponte Nova,316556,
MG,31060,Ponte Nova,316630,
MG,31060,Ponte Nova,317050,
MG,31061,Viçosa,310370,
MG,31061,Viçosa,311020,
MG,31061,Viçosa,311170,
MG,31061,Viçosa,314830,
MG,31061,Viçosa,314880,
MG,31061,Viçosa,315230,
MG,31061,Viçosa,316380,
MG,31061,Viçosa,316850,
MG,31061,Viçosa,317130,
MG,31062,Águas Formosas,310090,
MG,31062,Águas Formosas,310660,
MG,31062,Águas Formosas,312015,
MG,31062,Águas Formosas,312705,
MG,31062,Águas Formosas,313890,
MG,31062,Águas Formosas,314850,
MG,31062,Águas Formosas,315765,
MG,31062,Águas Formosas,317030,
MG,31064,Araçuaí,310340,
MG,31064,Araçuaí,310650,
MG,31064,Araçuaí,311950,
MG,31064,Araçuaí,312650,
MG,31064,Araçuaí,313545,
MG,31064,Araçuaí,317160,
MG,31065,Itaobim,311700,
MG,31065,Itaobim,313330,
MG,31065,Itaobim,313400,
MG,31065,Itaobim,314140,
MG,31065,Itaobim,314315,
MG,31065,Itaobim,315217,
MG,31066,Nanuque,311370,
MG,31066,Nanuque,314430,
MG,31066,Nanuque,316670,
MG,31067,Padre Paraíso,311300,
MG,31067,Padre Paraíso,311545,
MG,31067,Padre Paraíso,313230,
MG,31067,Padre Paraíso,314630,
MG,31068,Pedra azul,310100,
MG,31068,Pedra azul,310270,
MG,31068,Pedra azul,312235,
MG,31068,Pedra azul,312245,
MG,31068,Pedra azul,314870,
MG,31070,Araxá,310400,
MG,31070,Araxá,311150,
MG,31070,Araxá,312950,
MG,31070,Araxá,314920,
MG,31070,Araxá,314980,
MG,31070,Araxá,315300,
MG,31070,Araxá,315770,
MG,31070,Araxá,316810,
MG,31071,Frutal / Iturama,311455,
MG,31071,Frutal / Iturama,311690,
MG,31071,Frutal / Iturama,312700,
MG,31071,Frutal / Iturama,312710,
MG,31071,Frutal / Iturama,313340,
MG,31071,Frutal / Iturama,313440,
MG,31071,Frutal / Iturama,313862,
MG,31071,Frutal / Iturama,315070,
MG,31071,Frutal / Iturama,315160,
MG,31071,Frutal / Iturama,316130,
MG,31071,Frutal / Iturama,317043,
MG,31072,Uberaba,310070,
MG,31072,Uberaba,311140,
MG,31072,Uberaba,311730,
MG,31072,Uberaba,311820,
MG,31072,Uberaba,312125,
MG,31072,Uberaba,315690,
MG,31072,Uberaba,317010,
MG,31072,Uberaba,317110,
MG,31073,Ituiutaba,310980,
MG,31073,Ituiutaba,311110,
MG,31073,Ituiutaba,311180,
MG,31073,Ituiutaba,311260,
MG,31073,Ituiutaba,311580,
MG,31073,Ituiutaba,312910,
MG,31073,Ituiutaba,313140,
MG,31073,Ituiutaba,313420,
MG,31073,Ituiutaba,315980,
MG,31074,Patrocínio / Monte Carmelo,310010,
MG,31074,Patrocínio / Monte Carmelo,311930,
MG,31074,Patrocínio / Monte Carmelo,312350,
MG,31074,Patrocínio / Monte Carmelo,312480,
MG,31074,Patrocínio / Monte Carmelo,312790,
MG,31074,Patrocínio / Monte Carmelo,313160,
MG,31074,Patrocínio / Monte Carmelo,314310,
MG,31074,Patrocínio / Monte Carmelo,314810,
MG,31074,Patrocínio / Monte Carmelo,315640,
MG,31075,Uberlândia / Araguari,310350,
MG,31075,Uberlândia / Araguari,310375,
MG,31075,Uberlândia / Araguari,311500,
MG,31075,Uberlândia / Araguari,313070,
MG,31075,Uberlândia / Araguari,314280,
MG,31075,Uberlândia / Araguari,314500,
MG,31075,Uberlândia / Araguari,315280,
MG,31075,Uberlândia / Araguari,316960,
MG,31075,Uberlândia / Araguari,317020,
MG,31076,Manga,313695,
MG,31076,Manga,313930,
MG,31076,Manga,314225,
MG,31076,Manga,314270,
MG,31076,Manga,316245,
MG,31077,João Pinheiro,310855,
MG,31077,João Pinheiro,313630,
MG,31077,João Pinheiro,313753,
MG,31078,Congonhas,311800,
MG,31078,Congonhas,312140,
MG,31078,Congonhas,312390,
MG,31078,Congonhas,313540,
MG,31078,Congonhas,314590,
MG,31078,Congonhas,316090,
MG,31079,Conselheiro Lafaiete,311310,
MG,31079,Conselheiro Lafaiete,311490,
MG,31079,Conselheiro Lafaiete,311540,
MG,31079,Conselheiro Lafaiete,311830,
MG,31079,Conselheiro Lafaiete,312040,
MG,31079,Conselheiro Lafaiete,313390,
MG,31079,Conselheiro Lafaiete,313790,
MG,31079,Conselheiro Lafaiete,315080,
MG,31079,Conselheiro Lafaiete,315380,
MG,31079,Conselheiro Lafaiete,315520,
MG,31079,Conselheiro Lafaiete,315910,
MG,31079,Conselheiro Lafaiete,316600,
MG,31080,Peçanha/São João Evangelista,311205,
MG,31080,Peçanha/São João Evangelista,312695,
MG,31080,Peçanha/São João Evangelista,314840,
MG,31080,Peçanha/São João Evangelista,314860,
MG,31080,Peçanha/São João Evangelista,316280,
MG,31080,Peçanha/São João Evangelista,316350,
MG,31080,Peçanha/São João Evangelista,316410,
MG,31081,Santa Maria do Suaçuí,313655,
MG,31081,Santa Maria do Suaçuí,315820,
MG,31081,Santa Maria do Suaçuí,316450,
MG,31082,São Gotardo,310380,
MG,31082,São Gotardo,311430,
MG,31082,São Gotardo,314120,
MG,31082,São Gotardo,315550,
MG,31082,São Gotardo,315970,
MG,31082,São Gotardo,316210,
MG,31082,São Gotardo,316890,
MG,31083,Bocaiúva,310730,
MG,31083,Bocaiúva,312380,
MG,31083,Bocaiúva,312660,
MG,31083,Bocaiúva,312825,
MG,31083,Bocaiúva,313640,
MG,31083,Bocaiúva,314545,
MG,31084,Montes Claros,311650,
MG,31084,Montes Claros,312735,
MG,31084,Montes Claros,313200,
MG,31084,Montes Claros,313680,
MG,31084,Montes Claros,314200,
MG,31084,Montes Claros,314330,
MG,31085,Taiobeiras,310665,
MG,31085,Taiobeiras,312087,
MG,31085,Taiobeiras,313065,
MG,31085,Taiobeiras,314345,
MG,31085,Taiobeiras,314465,
MG,31085,Taiobeiras,315560,
MG,31085,Taiobeiras,316045,
MG,31085,Taiobeiras,316270,
MG,31085,Taiobeiras,316800,
MG,31085,Taiobeiras,317065,
MG,31086,Divinópolis,310390,
MG,31086,Divinópolis,311420,
MG,31086,Divinópolis,311660,
MG,31086,Divinópolis,312230,
MG,31086,Divinópolis,313350,
MG,31086,Divinópolis,314970,
MG,31086,Divinópolis,316180,
MG,31086,Divinópolis,316460,
MG,31087,Lagoa da Prata/Sto Ant do Monte,310420,
MG,31087,Lagoa da Prata/Sto Ant do Monte,313530,
MG,31087,Lagoa da Prata/Sto Ant do Monte,313720,
MG,31087,Lagoa da Prata/Sto Ant do Monte,314890,
MG,31087,Lagoa da Prata/Sto Ant do Monte,316040,
MG,31088,Oliveira/Santo Antônio do Amparo,311400,
MG,31088,Oliveira/Santo Antônio do Amparo,311450,
MG,31088,Oliveira/Santo Antônio do Amparo,314560,
MG,31088,Oliveira/Santo Antônio do Amparo,314770,
MG,31088,Oliveira/Santo Antônio do Amparo,315990,
MG,31088,Oliveira/Santo Antônio do Amparo,316120,
MG,31089,Campo Belo,310080,
MG,31089,Campo Belo,311040,
MG,31089,Campo Belo,311120,
MG,31089,Campo Belo,311190,
MG,31089,Campo Belo,311200,
MG,31089,Campo Belo,312020,
MG,31089,Campo Belo,315880,
MG,31090,Lima Duarte,310280,
MG,31090,Lima Duarte,310360,
MG,31090,Lima Duarte,310680,
MG,31090,Lima Duarte,310720,
MG,31090,Lima Duarte,310750,
MG,31090,Lima Duarte,313850,
MG,31090,Lima Duarte,313860,
MG,31090,Lima Duarte,314540,
MG,31090,Lima Duarte,314780,
MG,31090,Lima Duarte,314940,
MG,31090,Lima Duarte,315590,
MG,31090,Lima Duarte,315727,
MG,31090,Lima Duarte,315930,
MG,31091,Cassia,311240,
MG,31091,Cassia,311510,
MG,31091,Cassia,311640,
MG,31091,Cassia,312120,
MG,31091,Cassia,312970,
MG,31092,Passos,310190,
MG,31092,Passos,310760,
MG,31092,Passos,311440,
MG,31092,Passos,312630,
MG,31092,Passos,313375,
MG,31092,Passos,314510,
MG,31092,Passos,314790,
MG,31092,Passos,316220,
MG,31092,Passos,316294,
MG,31093,Piumhi,311280,
MG,31093,Piumhi,312340,
MG,31093,Piumhi,312810,
MG,31093,Piumhi,315050,
MG,31093,Piumhi,315150,
MG,31093,Piumhi,316430,
MG,31093,Piumhi,317060,
MG,31094,Almenara/Jacinto,310170,
MG,31094,Almenara/Jacinto,310520,
MG,31094,Almenara/Jacinto,312560,
MG,31094,Almenara/Jacinto,313470,
MG,31094,Almenara/Jacinto,313580,
MG,31094,Almenara/Jacinto,313600,
MG,31094,Almenara/Jacinto,313650,
MG,31094,Almenara/Jacinto,314055,
MG,31094,Almenara/Jacinto,314675,
MG,31094,Almenara/Jacinto,315510,
MG,31094,Almenara/Jacinto,315660,
MG,31094,Almenara/Jacinto,315710,
MG,31094,Almenara/Jacinto,315810,
MG,31094,Almenara/Jacinto,316030,
MG,31095,Serro,310240,
MG,31095,Serro,311750,
MG,31095,Serro,316020,
MG,31095,Serro,316650,
MG,31095,Serro,316710,
MG,31096,Itambacuri,311080,
MG,31096,Itambacuri,312680,
MG,31096,Itambacuri,313270,
MG,31096,Itambacuri,314490,
MG,31096,Itambacuri,315000,
MG,31096,Itambacuri,316330,
MG,31097,Juiz de Fora,310610,
MG,31097,Juiz de Fora,311590,
MG,31097,Juiz de Fora,311620,
MG,31097,Juiz de Fora,311960,
MG,31097,Juiz de Fora,312500,
MG,31097,Juiz de Fora,312738,
MG,31097,Juiz de Fora,313670,
MG,31097,Juiz de Fora,314080,
MG,31097,Juiz de Fora,315010,
MG,31097,Juiz de Fora,315540,
MG,31097,Juiz de Fora,315860,
MG,31097,Juiz de Fora,316750,
MG,31098,salinas,312707,
MG,31098,salinas,314537,
MG,31098,salinas,314625,
MG,31098,salinas,315650,
MG,31098,salinas,315700,
MG,31098,salinas,315737,
MG,31099,Teófilo Otoni / Malacacheta,310285,
MG,31099,Teófilo Otoni / Malacacheta,310470,
MG,31099,Teófilo Otoni / Malacacheta,312675,
MG,31099,Teófilo Otoni / Malacacheta,313700,
MG,31099,Teófilo Otoni / Malacacheta,313920,
MG,31099,Teófilo Otoni / Malacacheta,314530,
MG,31099,Teófilo Otoni / Malacacheta,314535,
MG,31099,Teófilo Otoni / Malacacheta,314620,
MG,31099,Teófilo Otoni / Malacacheta,315240,
MG,31099,Teófilo Otoni / Malacacheta,316555,
MG,31099,Teófilo Otoni / Malacacheta,316860,
ES,32001,Central,320013,
ES,32001,Central,320035,
ES,32001,Central,320060,
ES,32001,Central,320080,
ES,32001,Central,320150,
ES,32001,Central,320225,
ES,32001,Central,320250,
ES,32001,Central,320313,
ES,32001,Central,320320,
ES,32001,Central,320330,
ES,32001,Central,320335,
ES,32001,Central,320400,
ES,32001,Central,320435,
ES,32001,Central,320465,
ES,32001,Central,320470,
ES,32001,Central,320495,
ES,32001,Central,320501,
ES,32001,Central,320517,
ES,32002,Metropolitana,320010,
ES,32002,Metropolitana,320115,
ES,32002,Metropolitana,320130,
ES,32002,Metropolitana,320170,
ES,32002,Metropolitana,320190,
ES,32002,Metropolitana,320220,
ES,32002,Metropolitana,320240,
ES,32002,Metropolitana,320245,
ES,32002,Metropolitana,320270,
ES,32002,Metropolitana,320290,
ES,32002,Metropolitana,320316,
ES,32002,Metropolitana,320334,
ES,32002,Metropolitana,320450,
ES,32002,Metropolitana,320455,
ES,32002,Metropolitana,320460,
ES,32002,Metropolitana,320500,
ES,32002,Metropolitana,320506,
ES,32002,Metropolitana,320510,
ES,32002,Metropolitana,320520,
ES,32002,Metropolitana,320530,
ES,32003,Norte,320016,
ES,32003,Norte,320090,
ES,32003,Norte,320100,
ES,32003,Norte,320160,
ES,32003,Norte,320210,
ES,32003,Norte,320305,
ES,32003,Norte,320350,
ES,32003,Norte,320360,
ES,32003,Norte,320390,
ES,32003,Norte,320405,
ES,32003,Norte,320410,
ES,32003,Norte,320425,
ES,32003,Norte,320490,
ES,32003,Norte,320515,
ES,32004,Sul,320020,
ES,32004,Sul,320030,
ES,32004,Sul,320040,
ES,32004,Sul,320050,
ES,32004,Sul,320070,
ES,32004,Sul,320110,
ES,32004,Sul,320120,
ES,32004,Sul,320140,
ES,32004,Sul,320180,
ES,32004,Sul,320200,
ES,32004,Sul,320230,
ES,32004,Sul,320255,
ES,32004,Sul,320260,
ES,32004,Sul,320265,
ES,32004,Sul,320280,
ES,32004,Sul,320300,
ES,32004,Sul,320310,
ES,32004,Sul,320332,
ES,32004,Sul,320340,
ES,32004,Sul,320370,
ES,32004,Sul,320380,
ES,32004,Sul,320420,
ES,32004,Sul,320430,
ES,32004,Sul,320440,
ES,32004,Sul,320480,
ES,32004,Sul,320503,
RJ,33001,Baia da Ilha Grande,330010,
RJ,33001,Baia da Ilha Grande,330260,
RJ,33001,Baia da Ilha Grande,330380,
RJ,33002,Baixada Litorânea,330020,
RJ,33002,Baixada Litorânea,330023,
RJ,33002,Baixada Litorânea,330025,
RJ,33002,Baixada Litorânea,330070,
RJ,33002,Baixada Litorânea,330130,
RJ,33002,Baixada Litorânea,330187,
RJ,33002,Baixada Litorânea,330452,
RJ,33002,Baixada Litorânea,330520,
RJ,33002,Baixada Litorânea,330550,
RJ,33003,Centro-Sul,330022,
RJ,33003,Centro-Sul,330095,
RJ,33003,Centro-Sul,330180,
RJ,33003,Centro-Sul,330280,
RJ,33003,Centro-Sul,330290,
RJ,33003,Centro-Sul,330360,
RJ,33003,Centro-Sul,330370,
RJ,33003,Centro-Sul,330385,
RJ,33003,Centro-Sul,330540,
RJ,33003,Centro-Sul,330600,
RJ,33003,Centro-Sul,330620,
RJ,33004,Médio Paraíba,330030,
RJ,33004,Médio Paraíba,330040,
RJ,33004,Médio Paraíba,330225,
RJ,33004,Médio Paraíba,330395,
RJ,33004,Médio Paraíba,330400,
RJ,33004,Médio Paraíba,330411,
RJ,33004,Médio Paraíba,330412,
RJ,33004,Médio Paraíba,330420,
RJ,33004,Médio Paraíba,330440,
RJ,33004,Médio Paraíba,330450,
RJ,33004,Médio Paraíba,330610,
RJ,33004,Médio Paraíba,330630,
RJ,33005,Metropolitana I,330045,
RJ,33005,Metropolitana I,330170,
RJ,33005,Metropolitana I,330200,
RJ,33005,Metropolitana I,330227,
RJ,33005,Metropolitana I,330250,
RJ,33005,Metropolitana I,330285,
RJ,33005,Metropolitana I,330320,
RJ,33005,Metropolitana I,330350,
RJ,33005,Metropolitana I,330414,
RJ,33005,Metropolitana I,330455,
RJ,33005,Metropolitana I,330510,
RJ,33005,Metropolitana I,330555,
RJ,33006,Metropolitana II,330190,
RJ,33006,Metropolitana II,330270,
RJ,33006,Metropolitana II,330330,
RJ,33006,Metropolitana II,330430,
RJ,33006,Metropolitana II,330490,
RJ,33006,Metropolitana II,330560,
RJ,33006,Metropolitana II,330575,
RJ,33007,Noroeste,330015,
RJ,33007,Noroeste,330060,
RJ,33007,Noroeste,330090,
RJ,33007,Noroeste,330115,
RJ,33007,Noroeste,330205,
RJ,33007,Noroeste,330210,
RJ,33007,Noroeste,330220,
RJ,33007,Noroeste,330230,
RJ,33007,Noroeste,330300,
RJ,33007,Noroeste,330310,
RJ,33007,Noroeste,330410,
RJ,33007,Noroeste,330470,
RJ,33007,Noroeste,330513,
RJ,33007,Noroeste,330615,
RJ,33008,Norte,330093,
RJ,33008,Norte,330100,
RJ,33008,Norte,330140,
RJ,33008,Norte,330240,
RJ,33008,Norte,330415,
RJ,33008,Norte,330475,
RJ,33008,Norte,330480,
RJ,33008,Norte,330500,
RJ,33009,Serrana,330050,
RJ,33009,Serrana,330080,
RJ,33009,Serrana,330110,
RJ,33009,Serrana,330120,
RJ,33009,Serrana,330150,
RJ,33009,Serrana,330160,
RJ,33009,Serrana,330185,
RJ,33009,Serrana,330245,
RJ,33009,Serrana,330340,
RJ,33009,Serrana,330390,
RJ,33009,Serrana,330460,
RJ,33009,Serrana,330515,
RJ,33009,Serrana,330530,
RJ,33009,Serrana,330570,
RJ,33009,Serrana,330580,
RJ,33009,Serrana,330590,
SP,35011,Alto do Tietê,350390,
SP,35011,Alto do Tietê,350660,
SP,35011,Alto do Tietê,351570,
SP,35011,Alto do Tietê,351830,
SP,35011,Alto do Tietê,351880,
SP,35011,Alto do Tietê,352310,
SP,35011,Alto do Tietê,353060,
SP,35011,Alto do Tietê,353980,
SP,35011,Alto do Tietê,354500,
SP,35011,Alto do Tietê,354680,
SP,35011,Alto do Tietê,355250,
SP,35012,Franco da Rocha,350900,
SP,35012,Franco da Rocha,350920,
SP,35012,Franco da Rocha,351630,
SP,35012,Franco da Rocha,351640,
SP,35012,Franco da Rocha,352850,
SP,35013,Mananciais,351300,
SP,35013,Mananciais,351500,
SP,35013,Mananciais,351510,
SP,35013,Mananciais,352220,
SP,35013,Mananciais,352620,
SP,35013,Mananciais,354995,
SP,35013,Mananciais,355280,
SP,35013,Mananciais,355645,
SP,35014,Rota dos Bandeirantes,350570,
SP,35014,Rota dos Bandeirantes,351060,
SP,35014,Rota dos Bandeirantes,352250,
SP,35014,Rota dos Bandeirantes,352500,
SP,35014,Rota dos Bandeirantes,353440,
SP,35014,Rota dos Bandeirantes,353910,
SP,35014,Rota dos Bandeirantes,354730,
SP,35015,Grande ABC,351380,
SP,35015,Grande ABC,352940,
SP,35015,Grande ABC,354330,
SP,35015,Grande ABC,354410,
SP,35015,Grande ABC,354780,
SP,35015,Grande ABC,354870,
SP,35015,Grande ABC,354880,
SP,35016,São Paulo,355030,
SP,35021,Central do DRS II,350280,
SP,35021,Central do DRS II,350420,
SP,35021,Central do DRS II,350620,
SP,35021,Central do DRS II,350640,
SP,35021,Central do DRS II,351820,
SP,35021,Central do DRS II,351890,
SP,35021,Central do DRS II,353286,
SP,35021,Central do DRS II,353330,
SP,35021,Central do DRS II,354440,
SP,35021,Central do DRS II,354805,
SP,35021,Central do DRS II,355630,
SP,35022,Lagos do DRS II,350210,
SP,35022,Lagos do DRS II,351100,
SP,35022,Lagos do DRS II,351780,
SP,35022,Lagos do DRS II,352044,
SP,35022,Lagos do DRS II,352300,
SP,35022,Lagos do DRS II,352650,
SP,35022,Lagos do DRS II,353010,
SP,35022,Lagos do DRS II,353210,
SP,35022,Lagos do DRS II,353320,
SP,35022,Lagos do DRS II,353740,
SP,35022,Lagos do DRS II,355230,
SP,35022,Lagos do DRS II,355255,
SP,35023,Consórcios do DRS II,350110,
SP,35023,Consórcios do DRS II,350440,
SP,35023,Consórcios do DRS II,350510,
SP,35023,Consórcios do DRS II,350650,
SP,35023,Consórcios do DRS II,350770,
SP,35023,Consórcios do DRS II,350775,
SP,35023,Consórcios do DRS II,350810,
SP,35023,Consórcios do DRS II,351190,
SP,35023,Consórcios do DRS II,351250,
SP,35023,Consórcios do DRS II,351650,
SP,35023,Consórcios do DRS II,351710,
SP,35023,Consórcios do DRS II,352725,
SP,35023,Consórcios do DRS II,352770,
SP,35023,Consórcios do DRS II,353730,
SP,35023,Consórcios do DRS II,353770,
SP,35023,Consórcios do DRS II,354840,
SP,35023,Consórcios do DRS II,355520,
SP,35031,Central do DRS III,350170,
SP,35031,Central do DRS III,350320,
SP,35031,Central do DRS III,350670,
SP,35031,Central do DRS III,351685,
SP,35031,Central do DRS III,353205,
SP,35031,Central do DRS III,354370,
SP,35031,Central do DRS III,354690,
SP,35031,Central do DRS III,355475,
SP,35032,Centro Oeste do DRS III,350740,
SP,35032,Centro Oeste do DRS III,351960,
SP,35032,Centro Oeste do DRS III,352270,
SP,35032,Centro Oeste do DRS III,353290,
SP,35032,Centro Oeste do DRS III,355270,
SP,35033,Norte do DRS III,351010,
SP,35033,Norte do DRS III,351400,
SP,35033,Norte do DRS III,352930,
SP,35033,Norte do DRS III,354650,
SP,35033,Norte do DRS III,355370,
SP,35034,Coração do DRS III,351370,
SP,35034,Coração do DRS III,351430,
SP,35034,Coração do DRS III,351930,
SP,35034,Coração do DRS III,354070,
SP,35034,Coração do DRS III,354290,
SP,35034,Coração do DRS III,354890,
SP,35041,Baixada Santista,350635,
SP,35041,Baixada Santista,351350,
SP,35041,Baixada Santista,351870,
SP,35041,Baixada Santista,352210,
SP,35041,Baixada Santista,353110,
SP,35041,Baixada Santista,353760,
SP,35041,Baixada Santista,354100,
SP,35041,Baixada Santista,354850,
SP,35041,Baixada Santista,355100,
SP,35051,Norte - Barretos,350090,
SP,35051,Norte - Barretos,350550,
SP,35051,Norte - Barretos,350930,
SP,35051,Norte - Barretos,351200,
SP,35051,Norte - Barretos,351210,
SP,35051,Norte - Barretos,351740,
SP,35051,Norte - Barretos,351790,
SP,35051,Norte - Barretos,352420,
SP,35051,Norte - Barretos,353390,
SP,35051,Norte - Barretos,355190,
SP,35052,Sul - Barretos,350610,
SP,35052,Sul - Barretos,353150,
SP,35052,Sul - Barretos,355310,
SP,35052,Sul - Barretos,355320,
SP,35052,Sul - Barretos,355365,
SP,35052,Sul - Barretos,355440,
SP,35052,Sul - Barretos,355680,
SP,35052,Sul - Barretos,355690,
SP,35061,Vale do Jurumirim,350055,
SP,35061,Vale do Jurumirim,350310,
SP,35061,Vale do Jurumirim,350450,
SP,35061,Vale do Jurumirim,350500,
SP,35061,Vale do Jurumirim,351140,
SP,35061,Vale do Jurumirim,351260,
SP,35061,Vale do Jurumirim,351540,
SP,35061,Vale do Jurumirim,351925,
SP,35061,Vale do Jurumirim,352180,
SP,35061,Vale do Jurumirim,352280,
SP,35061,Vale do Jurumirim,352860,
SP,35061,Vale do Jurumirim,353580,
SP,35061,Vale do Jurumirim,353880,
SP,35061,Vale do Jurumirim,355120,
SP,35061,Vale do Jurumirim,355300,
SP,35061,Vale do Jurumirim,355380,
SP,35061,Vale do Jurumirim,355420,
SP,35062,Bauru,350070,
SP,35062,Bauru,350340,
SP,35062,Bauru,350430,
SP,35062,Bauru,350470,
SP,35062,Bauru,350600,
SP,35062,Bauru,350745,
SP,35062,Bauru,350830,
SP,35062,Bauru,351450,
SP,35062,Bauru,351910,
SP,35062,Bauru,352680,
SP,35062,Bauru,352750,
SP,35062,Bauru,352800,
SP,35062,Bauru,353657,
SP,35062,Bauru,353670,
SP,35062,Bauru,353890,
SP,35062,Bauru,353940,
SP,35062,Bauru,354110,
SP,35062,Bauru,354250,
SP,35063,Polo Cuesta,350230,
SP,35063,Polo Cuesta,350360,
SP,35063,Polo Cuesta,350690,
SP,35063,Polo Cuesta,350750,
SP,35063,Polo Cuesta,351230,
SP,35063,Polo Cuesta,352350,
SP,35063,Polo Cuesta,352640,
SP,35063,Polo Cuesta,353610,
SP,35063,Polo Cuesta,353750,
SP,35063,Polo Cuesta,354050,
SP,35063,Polo Cuesta,354105,
SP,35063,Polo Cuesta,355010,
SP,35063,Polo Cuesta,355465,
SP,35064,Jaú,350520,
SP,35064,Jaú,350530,
SP,35064,Jaú,350680,
SP,35064,Jaú,350730,
SP,35064,Jaú,350790,
SP,35064,Jaú,351410,
SP,35064,Jaú,352000,
SP,35064,Jaú,352200,
SP,35064,Jaú,352290,
SP,35064,Jaú,352530,
SP,35064,Jaú,352980,
SP,35064,Jaú,355470,
SP,35065,Lins,350880,
SP,35065,Lins,351700,
SP,35065,Lins,351720,
SP,35065,Lins,352710,
SP,35065,Lins,354010,
SP,35065,Lins,354160,
SP,35065,Lins,354460,
SP,35065,Lins,355590,
SP,35071,Bragança,350410,
SP,35071,Bragança,350710,
SP,35071,Bragança,350760,
SP,35071,Bragança,352550,
SP,35071,Bragança,353240,
SP,35071,Bragança,353680,
SP,35071,Bragança,353820,
SP,35071,Bragança,353860,
SP,35071,Bragança,355210,
SP,35071,Bragança,355495,
SP,35071,Bragança,355635,
SP,35072,Região Metropolitana de Campinas,350160,
SP,35072,Região Metropolitana de Campinas,350380,
SP,35072,Região Metropolitana de Campinas,350950,
SP,35072,Região Metropolitana de Campinas,351280,
SP,35072,Região Metropolitana de Campinas,351905,
SP,35072,Região Metropolitana de Campinas,351907,
SP,35072,Região Metropolitana de Campinas,352050,
SP,35072,Região Metropolitana de Campinas,352340,
SP,35072,Região Metropolitana de Campinas,352470,
SP,35072,Região Metropolitana de Campinas,353180,
SP,35072,Região Metropolitana de Campinas,353200,
SP,35072,Região Metropolitana de Campinas,353340,
SP,35072,Região Metropolitana de Campinas,353650,
SP,35072,Região Metropolitana de Campinas,353710,
SP,35072,Região Metropolitana de Campinas,354580,
SP,35072,Região Metropolitana de Campinas,354800,
SP,35072,Região Metropolitana de Campinas,355240,
SP,35072,Região Metropolitana de Campinas,355620,
SP,35072,Região Metropolitana de Campinas,355670,
SP,35073,Jundiaí,350840,
SP,35073,Jundiaí,350960,
SP,35073,Jundiaí,352400,
SP,35073,Jundiaí,352520,
SP,35073,Jundiaí,352590,
SP,35073,Jundiaí,352730,
SP,35073,Jundiaí,355650,
SP,35074,Circuito das Águas,350050,
SP,35074,Circuito das Águas,350190,
SP,35074,Circuito das Águas,352700,
SP,35074,Circuito das Águas,353120,
SP,35074,Circuito das Águas,355160,
SP,35081,Três Colinas,351320,
SP,35081,Três Colinas,351620,
SP,35081,Três Colinas,352370,
SP,35081,Três Colinas,352540,
SP,35081,Três Colinas,353630,
SP,35081,Três Colinas,353700,
SP,35081,Três Colinas,354270,
SP,35081,Três Colinas,354310,
SP,35081,Três Colinas,354360,
SP,35081,Três Colinas,354950,
SP,35082,Alta Anhanguera,352130,
SP,35082,Alta Anhanguera,353190,
SP,35082,Alta Anhanguera,353360,
SP,35082,Alta Anhanguera,353430,
SP,35082,Alta Anhanguera,354490,
SP,35082,Alta Anhanguera,354940,
SP,35083,Alta Mogiana,350300,
SP,35083,Alta Mogiana,350820,
SP,35083,Alta Mogiana,351770,
SP,35083,Alta Mogiana,352010,
SP,35083,Alta Mogiana,352410,
SP,35083,Alta Mogiana,352970,
SP,35091,Adamantina,350010,
SP,35091,Adamantina,351600,
SP,35091,Adamantina,352080,
SP,35091,Adamantina,352740,
SP,35091,Adamantina,352890,
SP,35091,Adamantina,353460,
SP,35091,Adamantina,353490,
SP,35091,Adamantina,354085,
SP,35091,Adamantina,354470,
SP,35091,Adamantina,354510,
SP,35092,Assis,350400,
SP,35092,Assis,350720,
SP,35092,Assis,351000,
SP,35092,Assis,351330,
SP,35092,Assis,351610,
SP,35092,Assis,352790,
SP,35092,Assis,352880,
SP,35092,Assis,353530,
SP,35092,Assis,353550,
SP,35092,Assis,353715,
SP,35092,Assis,353970,
SP,35092,Assis,355395,
SP,35093,Marília,350140,
SP,35093,Marília,350150,
SP,35093,Marília,350980,
SP,35093,Marília,351470,
SP,35093,Marília,351565,
SP,35093,Marília,351660,
SP,35093,Marília,351670,
SP,35093,Marília,351730,
SP,35093,Marília,351810,
SP,35093,Marília,352580,
SP,35093,Marília,352780,
SP,35093,Marília,352900,
SP,35093,Marília,353370,
SP,35093,Marília,353410,
SP,35093,Marília,353450,
SP,35093,Marília,354000,
SP,35093,Marília,354200,
SP,35093,Marília,355550,
SP,35093,Marília,355660,
SP,35094,Ourinhos,350630,
SP,35094,Ourinhos,351015,
SP,35094,Ourinhos,351519,
SP,35094,Ourinhos,351950,
SP,35094,Ourinhos,352090,
SP,35094,Ourinhos,353380,
SP,35094,Ourinhos,353470,
SP,35094,Ourinhos,354320,
SP,35094,Ourinhos,354540,
SP,35094,Ourinhos,354640,
SP,35094,Ourinhos,355050,
SP,35094,Ourinhos,355460,
SP,35094,Ourinhos,355720,
SP,35095,Tupã,350335,
SP,35095,Tupã,350580,
SP,35095,Tupã,351900,
SP,35095,Tupã,351920,
SP,35095,Tupã,353600,
SP,35095,Tupã,354180,
SP,35095,Tupã,354380,
SP,35095,Tupã,355500,
SP,35101,Araras,350330,
SP,35101,Araras,351220,
SP,35101,Araras,352670,
SP,35101,Araras,353930,
SP,35101,Araras,354620,
SP,35102,Limeira,351240,
SP,35102,Limeira,351515,
SP,35102,Limeira,352140,
SP,35102,Limeira,352690,
SP,35103,Piracicaba,350060,
SP,35103,Piracicaba,351040,
SP,35103,Piracicaba,351170,
SP,35103,Piracicaba,351490,
SP,35103,Piracicaba,353090,
SP,35103,Piracicaba,353870,
SP,35103,Piracicaba,354210,
SP,35103,Piracicaba,354400,
SP,35103,Piracicaba,354515,
SP,35103,Piracicaba,354700,
SP,35103,Piracicaba,355040,
SP,35104,Rio Claro,350200,
SP,35104,Rio Claro,351270,
SP,35104,Rio Claro,352110,
SP,35104,Rio Claro,352360,
SP,35104,Rio Claro,354390,
SP,35104,Rio Claro,354670,
SP,35111,Alta Paulista,351440,
SP,35111,Alta Paulista,351580,
SP,35111,Alta Paulista,352160,
SP,35111,Alta Paulista,352600,
SP,35111,Alta Paulista,353160,
SP,35111,Alta Paulista,353310,
SP,35111,Alta Paulista,353480,
SP,35111,Alta Paulista,353540,
SP,35111,Alta Paulista,353640,
SP,35111,Alta Paulista,354710,
SP,35111,Alta Paulista,354930,
SP,35111,Alta Paulista,355510,
SP,35112,Alta Sorocabana,350080,
SP,35112,Alta Sorocabana,350130,
SP,35112,Alta Sorocabana,350240,
SP,35112,Alta Sorocabana,350890,
SP,35112,Alta Sorocabana,351512,
SP,35112,Alta Sorocabana,351530,
SP,35112,Alta Sorocabana,352060,
SP,35112,Alta Sorocabana,352920,
SP,35112,Alta Sorocabana,353220,
SP,35112,Alta Sorocabana,353920,
SP,35112,Alta Sorocabana,354120,
SP,35112,Alta Sorocabana,354140,
SP,35112,Alta Sorocabana,354240,
SP,35112,Alta Sorocabana,354323,
SP,35112,Alta Sorocabana,354550,
SP,35112,Alta Sorocabana,354770,
SP,35112,Alta Sorocabana,354830,
SP,35112,Alta Sorocabana,355290,
SP,35112,Alta Sorocabana,355390,
SP,35113,Alto Capivari,351990,
SP,35113,Alto Capivari,352560,
SP,35113,Alto Capivari,353215,
SP,35113,Alto Capivari,354170,
SP,35113,Alto Capivari,354220,
SP,35114,Extremo Oeste Paulista,350910,
SP,35114,Extremo Oeste Paulista,352870,
SP,35114,Extremo Oeste Paulista,353830,
SP,35114,Extremo Oeste Paulista,354130,
SP,35114,Extremo Oeste Paulista,354150,
SP,35115,Pontal do Paranapanema,351535,
SP,35115,Pontal do Paranapanema,353020,
SP,35115,Pontal do Paranapanema,354425,
SP,35115,Pontal do Paranapanema,355430,
SP,35121,Vale do Ribeira,350540,
SP,35121,Vale do Ribeira,350925,
SP,35121,Vale do Ribeira,350990,
SP,35121,Vale do Ribeira,351480,
SP,35121,Vale do Ribeira,352030,
SP,35121,Vale do Ribeira,352042,
SP,35121,Vale do Ribeira,352120,
SP,35121,Vale do Ribeira,352330,
SP,35121,Vale do Ribeira,352460,
SP,35121,Vale do Ribeira,352610,
SP,35121,Vale do Ribeira,352990,
SP,35121,Vale do Ribeira,353620,
SP,35121,Vale do Ribeira,353720,
SP,35121,Vale do Ribeira,354260,
SP,35121,Vale do Ribeira,355180,
SP,35131,Horizonte Verde,350560,
SP,35131,Horizonte Verde,351460,
SP,35131,Horizonte Verde,351860,
SP,35131,Horizonte Verde,352430,
SP,35131,Horizonte Verde,353130,
SP,35131,Horizonte Verde,353950,
SP,35131,Horizonte Verde,354020,
SP,35131,Horizonte Verde,354090,
SP,35131,Horizonte Verde,355170,
SP,35132,Aquífero Guarani,351310,
SP,35132,Aquífero Guarani,351885,
SP,35132,Aquífero Guarani,352510,
SP,35132,Aquífero Guarani,352760,
SP,35132,Aquífero Guarani,354340,
SP,35132,Aquífero Guarani,354750,
SP,35132,Aquífero Guarani,354760,
SP,35132,Aquífero Guarani,355090,
SP,35132,Aquífero Guarani,355140,
SP,35132,Aquífero Guarani,355150,
SP,35133,Vale das Cachoeiras,350100,
SP,35133,Vale das Cachoeiras,350590,
SP,35133,Vale das Cachoeiras,350780,
SP,35133,Vale das Cachoeiras,350940,
SP,35133,Vale das Cachoeiras,351090,
SP,35133,Vale das Cachoeiras,354625,
SP,35133,Vale das Cachoeiras,354790,
SP,35141,Baixa Mogiana,352260,
SP,35141,Baixa Mogiana,353070,
SP,35141,Baixa Mogiana,353080,
SP,35141,Baixa Mogiana,355730,
SP,35142,Mantiqueira,350030,
SP,35142,Mantiqueira,350040,
SP,35142,Mantiqueira,351518,
SP,35142,Mantiqueira,354630,
SP,35142,Mantiqueira,354810,
SP,35142,Mantiqueira,354910,
SP,35142,Mantiqueira,355330,
SP,35142,Mantiqueira,355640,
SP,35143,Rio Pardo,350870,
SP,35143,Rio Pardo,351080,
SP,35143,Rio Pardo,351390,
SP,35143,Rio Pardo,352380,
SP,35143,Rio Pardo,353050,
SP,35143,Rio Pardo,354970,
SP,35143,Rio Pardo,355080,
SP,35143,Rio Pardo,355360,
SP,35151,Catanduva,350370,
SP,35151,Catanduva,351110,
SP,35151,Catanduva,351120,
SP,35151,Catanduva,351492,
SP,35151,Catanduva,351495,
SP,35151,Catanduva,351560,
SP,35151,Catanduva,352150,
SP,35151,Catanduva,352190,
SP,35151,Catanduva,352885,
SP,35151,Catanduva,353325,
SP,35151,Catanduva,353350,
SP,35151,Catanduva,353510,
SP,35151,Catanduva,353570,
SP,35151,Catanduva,353810,
SP,35151,Catanduva,353900,
SP,35151,Catanduva,354480,
SP,35151,Catanduva,354560,
SP,35151,Catanduva,355260,
SP,35151,Catanduva,355600,
SP,35152,Santa Fé do Sul,353284,
SP,35152,Santa Fé do Sul,354450,
SP,35152,Santa Fé do Sul,354610,
SP,35152,Santa Fé do Sul,354660,
SP,35152,Santa Fé do Sul,354740,
SP,35152,Santa Fé do Sul,355490,
SP,35153,Jales,350260,
SP,35153,Jales,350395,
SP,35153,Jales,351385,
SP,35153,Jales,351420,
SP,35153,Jales,352480,
SP,35153,Jales,352910,
SP,35153,Jales,352965,
SP,35153,Jales,353520,
SP,35153,Jales,353590,
SP,35153,Jales,354025,
SP,35153,Jales,354570,
SP,35153,Jales,354720,
SP,35153,Jales,354765,
SP,35153,Jales,354900,
SP,35153,Jales,355580,
SP,35153,Jales,355695,
SP,35154,Fernandópolis,351520,
SP,35154,Fernandópolis,351550,
SP,35154,Fernandópolis,351800,
SP,35154,Fernandópolis,352070,
SP,35154,Fernandópolis,352820,
SP,35154,Fernandópolis,352960,
SP,35154,Fernandópolis,353000,
SP,35154,Fernandópolis,353475,
SP,35154,Fernandópolis,353690,
SP,35154,Fernandópolis,354040,
SP,35154,Fernandópolis,354920,
SP,35154,Fernandópolis,354925,
SP,35154,Fernandópolis,355530,
SP,35155,São José do Rio Preto,350460,
SP,35155,São José do Rio Preto,350480,
SP,35155,São José do Rio Preto,351130,
SP,35155,São José do Rio Preto,351750,
SP,35155,São José do Rio Preto,351940,
SP,35155,São José do Rio Preto,351980,
SP,35155,São José do Rio Preto,352115,
SP,35155,São José do Rio Preto,353030,
SP,35155,São José do Rio Preto,353040,
SP,35155,São José do Rio Preto,353250,
SP,35155,São José do Rio Preto,353280,
SP,35155,São José do Rio Preto,353300,
SP,35155,São José do Rio Preto,353400,
SP,35155,São José do Rio Preto,353420,
SP,35155,São José do Rio Preto,353500,
SP,35155,São José do Rio Preto,353660,
SP,35155,São José do Rio Preto,354080,
SP,35155,São José do Rio Preto,354980,
SP,35155,São José do Rio Preto,355340,
SP,35155,São José do Rio Preto,355560,
SP,35156,José Bonifácio,350020,
SP,35156,José Bonifácio,352450,
SP,35156,José Bonifácio,352570,
SP,35156,José Bonifácio,352950,
SP,35156,José Bonifácio,353140,
SP,35156,José Bonifácio,353270,
SP,35156,José Bonifácio,353960,
SP,35156,José Bonifácio,353990,
SP,35156,José Bonifácio,355535,
SP,35156,José Bonifácio,355570,
SP,35156,José Bonifácio,355715,
SP,35157,Votuporanga,350120,
SP,35157,Votuporanga,350180,
SP,35157,Votuporanga,351070,
SP,35157,Votuporanga,351290,
SP,35157,Votuporanga,351590,
SP,35157,Votuporanga,351680,
SP,35157,Votuporanga,351690,
SP,35157,Votuporanga,352810,
SP,35157,Votuporanga,352830,
SP,35157,Votuporanga,353100,
SP,35157,Votuporanga,353260,
SP,35157,Votuporanga,353625,
SP,35157,Votuporanga,354030,
SP,35157,Votuporanga,354420,
SP,35157,Votuporanga,355130,
SP,35157,Votuporanga,355610,
SP,35157,Votuporanga,355710,
SP,35161,Itapetininga,350075,
SP,35161,Itapetininga,350220,
SP,35161,Itapetininga,350945,
SP,35161,Itapetininga,351020,
SP,35161,Itapetininga,351150,
SP,35161,Itapetininga,351160,
SP,35161,Itapetininga,351850,
SP,35161,Itapetininga,352230,
SP,35161,Itapetininga,354165,
SP,35161,Itapetininga,354325,
SP,35161,Itapetininga,355020,
SP,35161,Itapetininga,355110,
SP,35161,Itapetininga,355400,
SP,35162,Itapeva,350270,
SP,35162,Itapeva,350535,
SP,35162,Itapeva,350715,
SP,35162,Itapeva,350800,
SP,35162,Itapeva,351760,
SP,35162,Itapeva,352170,
SP,35162,Itapeva,352215,
SP,35162,Itapeva,352240,
SP,35162,Itapeva,352265,
SP,35162,Itapeva,352320,
SP,35162,Itapeva,353282,
SP,35162,Itapeva,354280,
SP,35162,Itapeva,354300,
SP,35162,Itapeva,354350,
SP,35162,Itapeva,355385,
SP,35163,Sorocaba,350115,
SP,35163,Sorocaba,350275,
SP,35163,Sorocaba,350290,
SP,35163,Sorocaba,350700,
SP,35163,Sorocaba,351030,
SP,35163,Sorocaba,351970,
SP,35163,Sorocaba,352100,
SP,35163,Sorocaba,352390,
SP,35163,Sorocaba,352585,
SP,35163,Sorocaba,352840,
SP,35163,Sorocaba,353780,
SP,35163,Sorocaba,353790,
SP,35163,Sorocaba,354060,
SP,35163,Sorocaba,354520,
SP,35163,Sorocaba,354530,
SP,35163,Sorocaba,355060,
SP,35163,Sorocaba,355220,
SP,35163,Sorocaba,355350,
SP,35163,Sorocaba,355450,
SP,35163,Sorocaba,355700,
SP,35171,Alto Vale do Paraíba,350850,
SP,35171,Alto Vale do Paraíba,352020,
SP,35171,Alto Vale do Paraíba,352440,
SP,35171,Alto Vale do Paraíba,352490,
SP,35171,Alto Vale do Paraíba,353170,
SP,35171,Alto Vale do Paraíba,353560,
SP,35171,Alto Vale do Paraíba,354600,
SP,35171,Alto Vale do Paraíba,354990,
SP,35172,Circuito da Fé e Vale Histórico,350250,
SP,35172,Circuito da Fé e Vale Histórico,350315,
SP,35172,Circuito da Fé e Vale Histórico,350350,
SP,35172,Circuito da Fé e Vale Histórico,350490,
SP,35172,Circuito da Fé e Vale Histórico,350860,
SP,35172,Circuito da Fé e Vale Histórico,350995,
SP,35172,Circuito da Fé e Vale Histórico,351340,
SP,35172,Circuito da Fé e Vale Histórico,351360,
SP,35172,Circuito da Fé e Vale Histórico,351840,
SP,35172,Circuito da Fé e Vale Histórico,352660,
SP,35172,Circuito da Fé e Vale Histórico,352720,
SP,35172,Circuito da Fé e Vale Histórico,353850,
SP,35172,Circuito da Fé e Vale Histórico,354075,
SP,35172,Circuito da Fé e Vale Histórico,354190,
SP,35172,Circuito da Fé e Vale Histórico,354430,
SP,35172,Circuito da Fé e Vale Histórico,354960,
SP,35172,Circuito da Fé e Vale Histórico,355200,
SP,35173,Litoral Norte,351050,
SP,35173,Litoral Norte,352040,
SP,35173,Litoral Norte,355070,
SP,35173,Litoral Norte,355540,
SP,35174,Vale do Paraíba/Região Serrana,350970,
SP,35174,Vale do Paraíba/Região Serrana,352630,
SP,35174,Vale do Paraíba/Região Serrana,353230,
SP,35174,Vale do Paraíba/Região Serrana,353800,
SP,35174,Vale do Paraíba/Região Serrana,354230,
SP,35174,Vale do Paraíba/Região Serrana,354820,
SP,35174,Vale do Paraíba/Região Serrana,354860,
SP,35174,Vale do Paraíba/Região Serrana,355000,
SP,35174,Vale do Paraíba/Região Serrana,355410,
SP,35174,Vale do Paraíba/Região Serrana,355480,
PR,41001,1ª RS Paranaguá,410120,
PR,41001,1ª RS Paranaguá,410950,
PR,41001,1ª RS Paranaguá,410960,
PR,41001,1ª RS Paranaguá,411570,
PR,41001,1ª RS Paranaguá,411620,
PR,41001,1ª RS Paranaguá,411820,
PR,41001,1ª RS Paranaguá,411995,
PR,41002,2ª RS Metropolitana,410020,
PR,41002,2ª RS Metropolitana,410030,
PR,41002,2ª RS Metropolitana,410040,
PR,41002,2ª RS Metropolitana,410180,
PR,41002,2ª RS Metropolitana,410230,
PR,41002,2ª RS Metropolitana,410310,
PR,41002,2ª RS Metropolitana,410400,
PR,41002,2ª RS Metropolitana,410410,
PR,41002,2ª RS Metropolitana,410420,
PR,41002,2ª RS Metropolitana,410425,
PR,41002,2ª RS Metropolitana,410520,
PR,41002,2ª RS Metropolitana,410580,
PR,41002,2ª RS Metropolitana,410620,
PR,41002,2ª RS Metropolitana,410690,
PR,41002,2ª RS Metropolitana,410765,
PR,41002,2ª RS Metropolitana,411125,
PR,41002,2ª RS Metropolitana,411320,
PR,41002,2ª RS Metropolitana,411430,
PR,41002,2ª RS Metropolitana,411910,
PR,41002,2ª RS Metropolitana,411915,
PR,41002,2ª RS Metropolitana,411950,
PR,41002,2ª RS Metropolitana,412080,
PR,41002,2ª RS Metropolitana,412120,
PR,41002,2ª RS Metropolitana,412220,
PR,41002,2ª RS Metropolitana,412230,
PR,41002,2ª RS Metropolitana,412550,
PR,41002,2ª RS Metropolitana,412760,
PR,41002,2ª RS Metropolitana,412788,
PR,41002,2ª RS Metropolitana,412863,
PR,41003,3ª RS Ponta Grossa,410160,
PR,41003,3ª RS Ponta Grossa,410465,
PR,41003,3ª RS Ponta Grossa,410490,
PR,41003,3ª RS Ponta Grossa,411050,
PR,41003,3ª RS Ponta Grossa,411140,
PR,41003,3ª RS Ponta Grossa,411200,
PR,41003,3ª RS Ponta Grossa,411770,
PR,41003,3ª RS Ponta Grossa,411940,
PR,41003,3ª RS Ponta Grossa,411990,
PR,41003,3ª RS Ponta Grossa,412010,
PR,41003,3ª RS Ponta Grossa,412510,
PR,41003,3ª RS Ponta Grossa,412630,
PR,41004,4ª RS Irati,410773,
PR,41004,4ª RS Irati,410895,
PR,41004,4ª RS Irati,411010,
PR,41004,4ª RS Irati,411020,
PR,41004,4ª RS Irati,411070,
PR,41004,4ª RS Irati,411390,
PR,41004,4ª RS Irati,412150,
PR,41004,4ª RS Irati,412200,
PR,41004,4ª RS Irati,412700,
PR,41005,5ª RS Guarapuava,410304,
PR,41005,5ª RS Guarapuava,410395,
PR,41005,5ª RS Guarapuava,410442,
PR,41005,5ª RS Guarapuava,410445,
PR,41005,5ª RS Guarapuava,410845,
PR,41005,5ª RS Guarapuava,410865,
PR,41005,5ª RS Guarapuava,410940,
PR,41005,5ª RS Guarapuava,411325,
PR,41005,5ª RS Guarapuava,411330,
PR,41005,5ª RS Guarapuava,411545,
PR,41005,5ª RS Guarapuava,411705,
PR,41005,5ª RS Guarapuava,411780,
PR,41005,5ª RS Guarapuava,411930,
PR,41005,5ª RS Guarapuava,411960,
PR,41005,5ª RS Guarapuava,412015,
PR,41005,5ª RS Guarapuava,412060,
PR,41005,5ª RS Guarapuava,412175,
PR,41005,5ª RS Guarapuava,412215,
PR,41005,5ª RS Guarapuava,412796,
PR,41005,5ª RS Guarapuava,412865,
PR,41006,6ª RS União da Vitória,410130,
PR,41006,6ª RS União da Vitória,410290,
PR,41006,6ª RS União da Vitória,410680,
PR,41006,6ª RS União da Vitória,410850,
PR,41006,6ª RS União da Vitória,411860,
PR,41006,6ª RS União da Vitória,411870,
PR,41006,6ª RS União da Vitória,412030,
PR,41006,6ª RS União da Vitória,412560,
PR,41006,6ª RS União da Vitória,412820,
PR,41007,7ª RS Pato Branco,410322,
PR,41007,7ª RS Pato Branco,410540,
PR,41007,7ª RS Pato Branco,410570,
PR,41007,7ª RS Pato Branco,410645,
PR,41007,7ª RS Pato Branco,410650,
PR,41007,7ª RS Pato Branco,410965,
PR,41007,7ª RS Pato Branco,411120,
PR,41007,7ª RS Pato Branco,411440,
PR,41007,7ª RS Pato Branco,411530,
PR,41007,7ª RS Pato Branco,411760,
PR,41007,7ª RS Pato Branco,411850,
PR,41007,7ª RS Pato Branco,412480,
PR,41007,7ª RS Pato Branco,412627,
PR,41007,7ª RS Pato Branco,412665,
PR,41007,7ª RS Pato Branco,412870,
PR,41008,8ª RS Francisco Beltrão,410100,
PR,41008,8ª RS Francisco Beltrão,410260,
PR,41008,8ª RS Francisco Beltrão,410275,
PR,41008,8ª RS Francisco Beltrão,410302,
PR,41008,8ª RS Francisco Beltrão,410315,
PR,41008,8ª RS Francisco Beltrão,410450,
PR,41008,8ª RS Francisco Beltrão,410657,
PR,41008,8ª RS Francisco Beltrão,410720,
PR,41008,8ª RS Francisco Beltrão,410740,
PR,41008,8ª RS Francisco Beltrão,410785,
PR,41008,8ª RS Francisco Beltrão,410840,
PR,41008,8ª RS Francisco Beltrão,411435,
PR,41008,8ª RS Francisco Beltrão,411540,
PR,41008,8ª RS Francisco Beltrão,411695,
PR,41008,8ª RS Francisco Beltrão,411725,
PR,41008,8ª RS Francisco Beltrão,411900,
PR,41008,8ª RS Francisco Beltrão,411925,
PR,41008,8ª RS Francisco Beltrão,411980,
PR,41008,8ª RS Francisco Beltrão,412035,
PR,41008,8ª RS Francisco Beltrão,412140,
PR,41008,8ª RS Francisco Beltrão,412160,
PR,41008,8ª RS Francisco Beltrão,412280,
PR,41008,8ª RS Francisco Beltrão,412300,
PR,41008,8ª RS Francisco Beltrão,412380,
PR,41008,8ª RS Francisco Beltrão,412440,
PR,41008,8ª RS Francisco Beltrão,412520,
PR,41008,8ª RS Francisco Beltrão,412860,
PR,41009,9ª RS Foz do Iguaçu,410830,
PR,41009,9ª RS Foz do Iguaçu,411095,
PR,41009,9ª RS Foz do Iguaçu,411560,
PR,41009,9ª RS Foz do Iguaçu,411580,
PR,41009,9ª RS Foz do Iguaçu,411605,
PR,41009,9ª RS Foz do Iguaçu,412125,
PR,41009,9ª RS Foz do Iguaçu,412405,
PR,41009,9ª RS Foz do Iguaçu,412570,
PR,41009,9ª RS Foz do Iguaçu,412635,
PR,41010,10ª RS Cascavel,410105,
PR,41010,10ª RS Cascavel,410305,
PR,41010,10ª RS Cascavel,410335,
PR,41010,10ª RS Cascavel,410345,
PR,41010,10ª RS Cascavel,410405,
PR,41010,10ª RS Cascavel,410460,
PR,41010,10ª RS Cascavel,410480,
PR,41010,10ª RS Cascavel,410500,
PR,41010,10ª RS Cascavel,410530,
PR,41010,10ª RS Cascavel,410630,
PR,41010,10ª RS Cascavel,410712,
PR,41010,10ª RS Cascavel,410754,
PR,41010,10ª RS Cascavel,410820,
PR,41010,10ª RS Cascavel,410930,
PR,41010,10ª RS Cascavel,410975,
PR,41010,10ª RS Cascavel,411005,
PR,41010,10ª RS Cascavel,411065,
PR,41010,10ª RS Cascavel,411275,
PR,41010,10ª RS Cascavel,411345,
PR,41010,10ª RS Cascavel,411670,
PR,41010,10ª RS Cascavel,412090,
PR,41010,10ª RS Cascavel,412382,
PR,41010,10ª RS Cascavel,412402,
PR,41010,10ª RS Cascavel,412785,
PR,41010,10ª RS Cascavel,412855,
PR,41011,11ª RS Campo Mourão,410045,
PR,41011,11ª RS Campo Mourão,410170,
PR,41011,11ª RS Campo Mourão,410250,
PR,41011,11ª RS Campo Mourão,410300,
PR,41011,11ª RS Campo Mourão,410390,
PR,41011,11ª RS Campo Mourão,410430,
PR,41011,11ª RS Campo Mourão,410655,
PR,41011,11ª RS Campo Mourão,410750,
PR,41011,11ª RS Campo Mourão,410755,
PR,41011,11ª RS Campo Mourão,410770,
PR,41011,11ª RS Campo Mourão,410860,
PR,41011,11ª RS Campo Mourão,411080,
PR,41011,11ª RS Campo Mourão,411220,
PR,41011,11ª RS Campo Mourão,411295,
PR,41011,11ª RS Campo Mourão,411373,
PR,41011,11ª RS Campo Mourão,411400,
PR,41011,11ª RS Campo Mourão,411610,
PR,41011,11ª RS Campo Mourão,411680,
PR,41011,11ª RS Campo Mourão,411880,
PR,41011,11ª RS Campo Mourão,412065,
PR,41011,11ª RS Campo Mourão,412110,
PR,41011,11ª RS Campo Mourão,412135,
PR,41011,11ª RS Campo Mourão,412250,
PR,41011,11ª RS Campo Mourão,412720,
PR,41011,11ª RS Campo Mourão,412800,
PR,41012,12ª RS Umuarama,410050,
PR,41012,12ª RS Umuarama,410070,
PR,41012,12ª RS Umuarama,410337,
PR,41012,12ª RS Umuarama,410347,
PR,41012,12ª RS Umuarama,410660,
PR,41012,12ª RS Umuarama,410725,
PR,41012,12ª RS Umuarama,410752,
PR,41012,12ª RS Umuarama,410832,
PR,41012,12ª RS Umuarama,410990,
PR,41012,12ª RS Umuarama,411060,
PR,41012,12ª RS Umuarama,411155,
PR,41012,12ª RS Umuarama,411470,
PR,41012,12ª RS Umuarama,411510,
PR,41012,12ª RS Umuarama,411720,
PR,41012,12ª RS Umuarama,411885,
PR,41012,12ª RS Umuarama,411890,
PR,41012,12ª RS Umuarama,412535,
PR,41012,12ª RS Umuarama,412690,
PR,41012,12ª RS Umuarama,412810,
PR,41012,12ª RS Umuarama,412862,
PR,41012,12ª RS Umuarama,412880,
PR,41013,13ª RS Cianorte,410550,
PR,41013,13ª RS Cianorte,410560,
PR,41013,13ª RS Cianorte,410910,
PR,41013,13ª RS Cianorte,411040,
PR,41013,13ª RS Cianorte,411240,
PR,41013,13ª RS Cianorte,411300,
PR,41013,13ª RS Cianorte,412260,
PR,41013,13ª RS Cianorte,412555,
PR,41013,13ª RS Cianorte,412610,
PR,41013,13ª RS Cianorte,412680,
PR,41013,13ª RS Cianorte,412790,
PR,41014,14ª RS Paranavaí,410060,
PR,41014,14ª RS Paranavaí,410090,
PR,41014,14ª RS Paranavaí,410670,
PR,41014,14ª RS Paranavaí,410710,
PR,41014,14ª RS Paranavaí,410890,
PR,41014,14ª RS Paranavaí,411030,
PR,41014,14ª RS Paranavaí,411130,
PR,41014,14ª RS Paranavaí,411260,
PR,41014,14ª RS Paranavaí,411350,
PR,41014,14ª RS Paranavaí,411500,
PR,41014,14ª RS Paranavaí,411590,
PR,41014,14ª RS Paranavaí,411650,
PR,41014,14ª RS Paranavaí,411710,
PR,41014,14ª RS Paranavaí,411800,
PR,41014,14ª RS Paranavaí,411830,
PR,41014,14ª RS Paranavaí,411840,
PR,41014,14ª RS Paranavaí,411970,
PR,41014,14ª RS Paranavaí,412020,
PR,41014,14ª RS Paranavaí,412100,
PR,41014,14ª RS Paranavaí,412330,
PR,41014,14ª RS Paranavaí,412370,
PR,41014,14ª RS Paranavaí,412395,
PR,41014,14ª RS Paranavaí,412420,
PR,41014,14ª RS Paranavaí,412460,
PR,41014,14ª RS Paranavaí,412490,
PR,41014,14ª RS Paranavaí,412590,
PR,41014,14ª RS Paranavaí,412670,
PR,41014,14ª RS Paranavaí,412730,
PR,41015,15ª RS Maringá,410115,
PR,41015,15ª RS Maringá,410210,
PR,41015,15ª RS Maringá,410220,
PR,41015,15ª RS Maringá,410590,
PR,41015,15ª RS Maringá,410730,
PR,41015,15ª RS Maringá,410780,
PR,41015,15ª RS Maringá,410790,
PR,41015,15ª RS Maringá,410810,
PR,41015,15ª RS Maringá,411000,
PR,41015,15ª RS Maringá,411090,
PR,41015,15ª RS Maringá,411110,
PR,41015,15ª RS Maringá,411160,
PR,41015,15ª RS Maringá,411360,
PR,41015,15ª RS Maringá,411410,
PR,41015,15ª RS Maringá,411420,
PR,41015,15ª RS Maringá,411480,
PR,41015,15ª RS Maringá,411520,
PR,41015,15ª RS Maringá,411630,
PR,41015,15ª RS Maringá,411640,
PR,41015,15ª RS Maringá,411690,
PR,41015,15ª RS Maringá,411740,
PR,41015,15ª RS Maringá,411750,
PR,41015,15ª RS Maringá,411810,
PR,41015,15ª RS Maringá,412040,
PR,41015,15ª RS Maringá,412340,
PR,41015,15ª RS Maringá,412360,
PR,41015,15ª RS Maringá,412450,
PR,41015,15ª RS Maringá,412530,
PR,41015,15ª RS Maringá,412625,
PR,41015,15ª RS Maringá,412830,
PR,41016,16ª RS Apucarana,410140,
PR,41016,16ª RS Apucarana,410150,
PR,41016,16ª RS Apucarana,410320,
PR,41016,16ª RS Apucarana,410330,
PR,41016,16ª RS Apucarana,410350,
PR,41016,16ª RS Apucarana,410380,
PR,41016,16ª RS Apucarana,410760,
PR,41016,16ª RS Apucarana,410870,
PR,41016,16ª RS Apucarana,411210,
PR,41016,16ª RS Apucarana,411310,
PR,41016,16ª RS Apucarana,411490,
PR,41016,16ª RS Apucarana,411550,
PR,41016,16ª RS Apucarana,411575,
PR,41016,16ª RS Apucarana,411729,
PR,41016,16ª RS Apucarana,412210,
PR,41016,16ª RS Apucarana,412270,
PR,41016,16ª RS Apucarana,412580,
PR,41017,17ª RS Londrina,410080,
PR,41017,17ª RS Londrina,410190,
PR,41017,17ª RS Londrina,410280,
PR,41017,17ª RS Londrina,410340,
PR,41017,17ª RS Londrina,410370,
PR,41017,17ª RS Londrina,410510,
PR,41017,17ª RS Londrina,410800,
PR,41017,17ª RS Londrina,410920,
PR,41017,17ª RS Londrina,410980,
PR,41017,17ª RS Londrina,411190,
PR,41017,17ª RS Londrina,411270,
PR,41017,17ª RS Londrina,411370,
PR,41017,17ª RS Londrina,411380,
PR,41017,17ª RS Londrina,411600,
PR,41017,17ª RS Londrina,411965,
PR,41017,17ª RS Londrina,412000,
PR,41017,17ª RS Londrina,412033,
PR,41017,17ª RS Londrina,412050,
PR,41017,17ª RS Londrina,412240,
PR,41017,17ª RS Londrina,412650,
PR,41017,17ª RS Londrina,412667,
PR,41018,18ª RS Cornélio Procópio,410010,
PR,41018,18ª RS Cornélio Procópio,410110,
PR,41018,18ª RS Cornélio Procópio,410240,
PR,41018,18ª RS Cornélio Procópio,410600,
PR,41018,18ª RS Cornélio Procópio,410640,
PR,41018,18ª RS Cornélio Procópio,411100,
PR,41018,18ª RS Cornélio Procópio,411340,
PR,41018,18ª RS Cornélio Procópio,411660,
PR,41018,18ª RS Cornélio Procópio,411700,
PR,41018,18ª RS Cornélio Procópio,411721,
PR,41018,18ª RS Cornélio Procópio,412130,
PR,41018,18ª RS Cornélio Procópio,412190,
PR,41018,18ª RS Cornélio Procópio,412310,
PR,41018,18ª RS Cornélio Procópio,412320,
PR,41018,18ª RS Cornélio Procópio,412390,
PR,41018,18ª RS Cornélio Procópio,412430,
PR,41018,18ª RS Cornélio Procópio,412470,
PR,41018,18ª RS Cornélio Procópio,412600,
PR,41018,18ª RS Cornélio Procópio,412620,
PR,41018,18ª RS Cornélio Procópio,412640,
PR,41018,18ª RS Cornélio Procópio,412840,
PR,41019,19ª RS Jacarezinho,410270,
PR,41019,19ª RS Jacarezinho,410360,
PR,41019,19ª RS Jacarezinho,410470,
PR,41019,19ª RS Jacarezinho,410610,
PR,41019,19ª RS Jacarezinho,410775,
PR,41019,19ª RS Jacarezinho,410900,
PR,41019,19ª RS Jacarezinho,410970,
PR,41019,19ª RS Jacarezinho,411170,
PR,41019,19ª RS Jacarezinho,411180,
PR,41019,19ª RS Jacarezinho,411230,
PR,41019,19ª RS Jacarezinho,411280,
PR,41019,19ª RS Jacarezinho,411290,
PR,41019,19ª RS Jacarezinho,411920,
PR,41019,19ª RS Jacarezinho,412070,
PR,41019,19ª RS Jacarezinho,412180,
PR,41019,19ª RS Jacarezinho,412290,
PR,41019,19ª RS Jacarezinho,412400,
PR,41019,19ª RS Jacarezinho,412410,
PR,41019,19ª RS Jacarezinho,412540,
PR,41019,19ª RS Jacarezinho,412660,
PR,41019,19ª RS Jacarezinho,412780,
PR,41019,19ª RS Jacarezinho,412850,
PR,41020,20ª RS Toledo,410200,
PR,41020,20ª RS Toledo,410715,
PR,41020,20ª RS Toledo,410753,
PR,41020,20ª RS Toledo,410880,
PR,41020,20ª RS Toledo,411460,
PR,41020,20ª RS Toledo,411535,
PR,41020,20ª RS Toledo,411585,
PR,41020,20ª RS Toledo,411722,
PR,41020,20ª RS Toledo,411745,
PR,41020,20ª RS Toledo,411790,
PR,41020,20ª RS Toledo,411845,
PR,41020,20ª RS Toledo,412085,
PR,41020,20ª RS Toledo,412350,
PR,41020,20ª RS Toledo,412545,
PR,41020,20ª RS Toledo,412575,
PR,41020,20ª RS Toledo,412740,
PR,41020,20ª RS Toledo,412770,
PR,41020,20ª RS Toledo,412795,
PR,41021,21ª RS Telêmaco Borba,410700,
PR,41021,21ª RS Telêmaco Borba,411007,
PR,41021,21ª RS Telêmaco Borba,411730,
PR,41021,21ª RS Telêmaco Borba,412170,
PR,41021,21ª RS Telêmaco Borba,412710,
PR,41021,21ª RS Telêmaco Borba,412750,
PR,41021,21ª RS Telêmaco Borba,412853,
PR,41022,22ª RS Ivaiporã,410165,
PR,41022,22ª RS Ivaiporã,410185,
PR,41022,22ª RS Ivaiporã,410440,
PR,41022,22ª RS Ivaiporã,410685,
PR,41022,22ª RS Ivaiporã,410855,
PR,41022,22ª RS Ivaiporã,411150,
PR,41022,22ª RS Ivaiporã,411250,
PR,41022,22ª RS Ivaiporã,411342,
PR,41022,22ª RS Ivaiporã,411375,
PR,41022,22ª RS Ivaiporã,411450,
PR,41022,22ª RS Ivaiporã,411573,
PR,41022,22ª RS Ivaiporã,411727,
PR,41022,22ª RS Ivaiporã,412217,
PR,41022,22ª RS Ivaiporã,412265,
PR,41022,22ª RS Ivaiporã,412385,
PR,41022,22ª RS Ivaiporã,412500,
SC,42001,Extremo Oeste,420080,
SC,42001,Extremo Oeste,420208,
SC,42001,Extremo Oeste,420209,
SC,42001,Extremo Oeste,420215,
SC,42001,Extremo Oeste,420257,
SC,42001,Extremo Oeste,420490,
SC,42001,Extremo Oeste,420500,
SC,42001,Extremo Oeste,420535,
SC,42001,Extremo Oeste,420640,
SC,42001,Extremo Oeste,420660,
SC,42001,Extremo Oeste,420765,
SC,42001,Extremo Oeste,420775,
SC,42001,Extremo Oeste,420840,
SC,42001,Extremo Oeste,421050,
SC,42001,Extremo Oeste,421090,
SC,42001,Extremo Oeste,421100,
SC,42001,Extremo Oeste,421200,
SC,42001,Extremo Oeste,421223,
SC,42001,Extremo Oeste,421415,
SC,42001,Extremo Oeste,421520,
SC,42001,Extremo Oeste,421535,
SC,42001,Extremo Oeste,421555,
SC,42001,Extremo Oeste,421568,
SC,42001,Extremo Oeste,421625,
SC,42001,Extremo Oeste,421670,
SC,42001,Extremo Oeste,421715,
SC,42001,Extremo Oeste,421720,
SC,42001,Extremo Oeste,421730,
SC,42001,Extremo Oeste,421795,
SC,42001,Extremo Oeste,421875,
SC,42002,Oeste,420050,
SC,42002,Oeste,420055,
SC,42002,Oeste,420165,
SC,42002,Oeste,420310,
SC,42002,Oeste,420410,
SC,42002,Oeste,420420,
SC,42002,Oeste,420435,
SC,42002,Oeste,420440,
SC,42002,Oeste,420470,
SC,42002,Oeste,420475,
SC,42002,Oeste,420543,
SC,42002,Oeste,420665,
SC,42002,Oeste,420785,
SC,42002,Oeste,420895,
SC,42002,Oeste,421140,
SC,42002,Oeste,421145,
SC,42002,Oeste,421187,
SC,42002,Oeste,421210,
SC,42002,Oeste,421290,
SC,42002,Oeste,421315,
SC,42002,Oeste,421420,
SC,42002,Oeste,421507,
SC,42002,Oeste,421569,
SC,42002,Oeste,421600,
SC,42002,Oeste,421755,
SC,42002,Oeste,421775,
SC,42002,Oeste,421885,
SC,42003,Xanxerê,420010,
SC,42003,Xanxerê,420253,
SC,42003,Xanxerê,420350,
SC,42003,Xanxerê,420445,
SC,42003,Xanxerê,420517,
SC,42003,Xanxerê,420530,
SC,42003,Xanxerê,420560,
SC,42003,Xanxerê,420768,
SC,42003,Xanxerê,420917,
SC,42003,Xanxerê,420945,
SC,42003,Xanxerê,421055,
SC,42003,Xanxerê,421165,
SC,42003,Xanxerê,421185,
SC,42003,Xanxerê,421227,
SC,42003,Xanxerê,421340,
SC,42003,Xanxerê,421575,
SC,42003,Xanxerê,421610,
SC,42003,Xanxerê,421690,
SC,42003,Xanxerê,421910,
SC,42003,Xanxerê,421950,
SC,42003,Xanxerê,421970,
SC,42004,Alto Vale do Itajaí,420020,
SC,42004,Alto Vale do Itajaí,420030,
SC,42004,Alto Vale do Itajaí,420180,
SC,42004,Alto Vale do Itajaí,420190,
SC,42004,Alto Vale do Itajaí,420285,
SC,42004,Alto Vale do Itajaí,420419,
SC,42004,Alto Vale do Itajaí,420510,
SC,42004,Alto Vale do Itajaí,420690,
SC,42004,Alto Vale do Itajaí,420740,
SC,42004,Alto Vale do Itajaí,420850,
SC,42004,Alto Vale do Itajaí,420915,
SC,42004,Alto Vale do Itajaí,420950,
SC,42004,Alto Vale do Itajaí,420990,
SC,42004,Alto Vale do Itajaí,421085,
SC,42004,Alto Vale do Itajaí,421270,
SC,42004,Alto Vale do Itajaí,421370,
SC,42004,Alto Vale do Itajaí,421400,
SC,42004,Alto Vale do Itajaí,421410,
SC,42004,Alto Vale do Itajaí,421450,
SC,42004,Alto Vale do Itajaí,421460,
SC,42004,Alto Vale do Itajaí,421480,
SC,42004,Alto Vale do Itajaí,421530,
SC,42004,Alto Vale do Itajaí,421567,
SC,42004,Alto Vale do Itajaí,421780,
SC,42004,Alto Vale do Itajaí,421860,
SC,42004,Alto Vale do Itajaí,421920,
SC,42004,Alto Vale do Itajaí,421935,
SC,42004,Alto Vale do Itajaí,421940,
SC,42005,Foz do Rio Itajaí,420200,
SC,42005,Foz do Rio Itajaí,420245,
SC,42005,Foz do Rio Itajaí,420320,
SC,42005,Foz do Rio Itajaí,420710,
SC,42005,Foz do Rio Itajaí,420820,
SC,42005,Foz do Rio Itajaí,420830,
SC,42005,Foz do Rio Itajaí,421000,
SC,42005,Foz do Rio Itajaí,421130,
SC,42005,Foz do Rio Itajaí,421250,
SC,42005,Foz do Rio Itajaí,421280,
SC,42005,Foz do Rio Itajaí,421350,
SC,42006,Médio Vale do Itajaí,420125,
SC,42006,Médio Vale do Itajaí,420170,
SC,42006,Médio Vale do Itajaí,420220,
SC,42006,Médio Vale do Itajaí,420240,
SC,42006,Médio Vale do Itajaí,420270,
SC,42006,Médio Vale do Itajaí,420290,
SC,42006,Médio Vale do Itajaí,420515,
SC,42006,Médio Vale do Itajaí,420590,
SC,42006,Médio Vale do Itajaí,420630,
SC,42006,Médio Vale do Itajaí,420750,
SC,42006,Médio Vale do Itajaí,421320,
SC,42006,Médio Vale do Itajaí,421470,
SC,42006,Médio Vale do Itajaí,421510,
SC,42006,Médio Vale do Itajaí,421820,
SC,42007,Grande Florianópolis,420060,
SC,42007,Grande Florianópolis,420070,
SC,42007,Grande Florianópolis,420090,
SC,42007,Grande Florianópolis,420110,
SC,42007,Grande Florianópolis,420120,
SC,42007,Grande Florianópolis,420230,
SC,42007,Grande Florianópolis,420370,
SC,42007,Grande Florianópolis,420540,
SC,42007,Grande Florianópolis,420570,
SC,42007,Grande Florianópolis,420600,
SC,42007,Grande Florianópolis,420980,
SC,42007,Grande Florianópolis,421020,
SC,42007,Grande Florianópolis,421150,
SC,42007,Grande Florianópolis,421190,
SC,42007,Grande Florianópolis,421230,
SC,42007,Grande Florianópolis,421430,
SC,42007,Grande Florianópolis,421570,
SC,42007,Grande Florianópolis,421590,
SC,42007,Grande Florianópolis,421630,
SC,42007,Grande Florianópolis,421660,
SC,42007,Grande Florianópolis,421725,
SC,42007,Grande Florianópolis,421800,
SC,42008,Meio Oeste,420005,
SC,42008,Meio Oeste,420040,
SC,42008,Meio Oeste,420287,
SC,42008,Meio Oeste,420360,
SC,42008,Meio Oeste,420390,
SC,42008,Meio Oeste,420400,
SC,42008,Meio Oeste,420415,
SC,42008,Meio Oeste,420520,
SC,42008,Meio Oeste,420670,
SC,42008,Meio Oeste,420680,
SC,42008,Meio Oeste,420860,
SC,42008,Meio Oeste,420900,
SC,42008,Meio Oeste,420920,
SC,42008,Meio Oeste,421003,
SC,42008,Meio Oeste,421105,
SC,42008,Meio Oeste,421180,
SC,42008,Meio Oeste,421850,
SC,42008,Meio Oeste,421915,
SC,42008,Meio Oeste,421917,
SC,42008,Meio Oeste,421985,
SC,42009,Alto Vale do Rio do Peixe,420160,
SC,42009,Alto Vale do Rio do Peixe,420300,
SC,42009,Alto Vale do Rio do Peixe,420315,
SC,42009,Alto Vale do Rio do Peixe,420480,
SC,42009,Alto Vale do Rio do Peixe,420550,
SC,42009,Alto Vale do Rio do Peixe,420555,
SC,42009,Alto Vale do Rio do Peixe,420675,
SC,42009,Alto Vale do Rio do Peixe,420757,
SC,42009,Alto Vale do Rio do Peixe,420970,
SC,42009,Alto Vale do Rio do Peixe,421005,
SC,42009,Alto Vale do Rio do Peixe,421070,
SC,42009,Alto Vale do Rio do Peixe,421300,
SC,42009,Alto Vale do Rio do Peixe,421335,
SC,42009,Alto Vale do Rio do Peixe,421440,
SC,42009,Alto Vale do Rio do Peixe,421540,
SC,42009,Alto Vale do Rio do Peixe,421550,
SC,42009,Alto Vale do Rio do Peixe,421605,
SC,42009,Alto Vale do Rio do Peixe,421790,
SC,42009,Alto Vale do Rio do Peixe,421825,
SC,42009,Alto Vale do Rio do Peixe,421930,
SC,42010,Alto Uruguai Catarinense,420075,
SC,42010,Alto Uruguai Catarinense,420127,
SC,42010,Alto Uruguai Catarinense,420430,
SC,42010,Alto Uruguai Catarinense,420760,
SC,42010,Alto Uruguai Catarinense,420770,
SC,42010,Alto Uruguai Catarinense,420780,
SC,42010,Alto Uruguai Catarinense,420800,
SC,42010,Alto Uruguai Catarinense,420985,
SC,42010,Alto Uruguai Catarinense,421260,
SC,42010,Alto Uruguai Catarinense,421310,
SC,42010,Alto Uruguai Catarinense,421390,
SC,42010,Alto Uruguai Catarinense,421750,
SC,42010,Alto Uruguai Catarinense,421960,
SC,42011,Nordeste,420130,
SC,42011,Nordeste,420205,
SC,42011,Nordeste,420210,
SC,42011,Nordeste,420450,
SC,42011,Nordeste,420580,
SC,42011,Nordeste,420650,
SC,42011,Nordeste,420845,
SC,42011,Nordeste,420890,
SC,42011,Nordeste,420910,
SC,42011,Nordeste,421060,
SC,42011,Nordeste,421620,
SC,42011,Nordeste,421635,
SC,42011,Nordeste,421740,
SC,42012,Planalto Norte,420213,
SC,42012,Planalto Norte,420330,
SC,42012,Planalto Norte,420380,
SC,42012,Planalto Norte,420790,
SC,42012,Planalto Norte,420810,
SC,42012,Planalto Norte,421010,
SC,42012,Planalto Norte,421030,
SC,42012,Planalto Norte,421110,
SC,42012,Planalto Norte,421220,
SC,42012,Planalto Norte,421360,
SC,42012,Planalto Norte,421500,
SC,42012,Planalto Norte,421580,
SC,42012,Planalto Norte,421830,
SC,42013,Serra Catarinense,420100,
SC,42013,Serra Catarinense,420243,
SC,42013,Serra Catarinense,420250,
SC,42013,Serra Catarinense,420260,
SC,42013,Serra Catarinense,420325,
SC,42013,Serra Catarinense,420340,
SC,42013,Serra Catarinense,420417,
SC,42013,Serra Catarinense,420455,
SC,42013,Serra Catarinense,420930,
SC,42013,Serra Catarinense,421175,
SC,42013,Serra Catarinense,421189,
SC,42013,Serra Catarinense,421205,
SC,42013,Serra Catarinense,421330,
SC,42013,Serra Catarinense,421505,
SC,42013,Serra Catarinense,421650,
SC,42013,Serra Catarinense,421680,
SC,42013,Serra Catarinense,421890,
SC,42013,Serra Catarinense,421895,
SC,42014,Extremo Sul Catarinense,420140,
SC,42014,Extremo Sul Catarinense,420195,
SC,42014,Extremo Sul Catarinense,420207,
SC,42014,Extremo Sul Catarinense,420519,
SC,42014,Extremo Sul Catarinense,420870,
SC,42014,Extremo Sul Catarinense,421040,
SC,42014,Extremo Sul Catarinense,421080,
SC,42014,Extremo Sul Catarinense,421125,
SC,42014,Extremo Sul Catarinense,421225,
SC,42014,Extremo Sul Catarinense,421380,
SC,42014,Extremo Sul Catarinense,421565,
SC,42014,Extremo Sul Catarinense,421640,
SC,42014,Extremo Sul Catarinense,421770,
SC,42014,Extremo Sul Catarinense,421810,
SC,42014,Extremo Sul Catarinense,421880,
SC,42015,Carbonífera,420425,
SC,42015,Carbonífera,420460,
SC,42015,Carbonífera,420545,
SC,42015,Carbonífera,420700,
SC,42015,Carbonífera,420960,
SC,42015,Carbonífera,421120,
SC,42015,Carbonífera,421160,
SC,42015,Carbonífera,421170,
SC,42015,Carbonífera,421760,
SC,42015,Carbonífera,421835,
SC,42015,Carbonífera,421900,
SC,42015,Carbonífera,422000,
SC,42016,Laguna,420150,
SC,42016,Laguna,420280,
SC,42016,Laguna,420395,
SC,42016,Laguna,420610,
SC,42016,Laguna,420620,
SC,42016,Laguna,420720,
SC,42016,Laguna,420730,
SC,42016,Laguna,420880,
SC,42016,Laguna,420940,
SC,42016,Laguna,421240,
SC,42016,Laguna,421265,
SC,42016,Laguna,421490,
SC,42016,Laguna,421545,
SC,42016,Laguna,421560,
SC,42016,Laguna,421700,
SC,42016,Laguna,421710,
SC,42016,Laguna,421840,
SC,42016,Laguna,421870,
RS,43001,Região 01 - Verdes Campos,430010,
RS,43001,Região 01 - Verdes Campos,430637,
RS,43001,Região 01 - Verdes Campos,430670,
RS,43001,Região 01 - Verdes Campos,430800,
RS,43001,Região 01 - Verdes Campos,430840,
RS,43001,Região 01 - Verdes Campos,431053,
RS,43001,Região 01 - Verdes Campos,431075,
RS,43001,Região 01 - Verdes Campos,431120,
RS,43001,Região 01 - Verdes Campos,431310,
RS,43001,Região 01 - Verdes Campos,431402,
RS,43001,Região 01 - Verdes Campos,431447,
RS,43001,Região 01 - Verdes Campos,431532,
RS,43001,Região 01 - Verdes Campos,431550,
RS,43001,Região 01 - Verdes Campos,431690,
RS,43001,Região 01 - Verdes Campos,431843,
RS,43001,Região 01 - Verdes Campos,431912,
RS,43001,Região 01 - Verdes Campos,431940,
RS,43001,Região 01 - Verdes Campos,431960,
RS,43001,Região 01 - Verdes Campos,432065,
RS,43001,Região 01 - Verdes Campos,432149,
RS,43001,Região 01 - Verdes Campos,432345,
RS,43002,Região 02 - Entre Rios,430290,
RS,43002,Região 02 - Entre Rios,430465,
RS,43002,Região 02 - Entre Rios,431055,
RS,43002,Região 02 - Entre Rios,431110,
RS,43002,Região 02 - Entre Rios,431113,
RS,43002,Região 02 - Entre Rios,431210,
RS,43002,Região 02 - Entre Rios,431303,
RS,43002,Região 02 - Entre Rios,431740,
RS,43002,Região 02 - Entre Rios,431810,
RS,43002,Região 02 - Entre Rios,431980,
RS,43002,Região 02 - Entre Rios,432237,
RS,43003,Região 03 - Fronteira Oeste,430040,
RS,43003,Região 03 - Fronteira Oeste,430187,
RS,43003,Região 03 - Fronteira Oeste,431060,
RS,43003,Região 03 - Fronteira Oeste,431171,
RS,43003,Região 03 - Fronteira Oeste,431175,
RS,43003,Região 03 - Fronteira Oeste,431530,
RS,43003,Região 03 - Fronteira Oeste,431640,
RS,43003,Região 03 - Fronteira Oeste,431697,
RS,43003,Região 03 - Fronteira Oeste,431710,
RS,43003,Região 03 - Fronteira Oeste,431830,
RS,43003,Região 03 - Fronteira Oeste,432240,
RS,43004,Região 04 - Belas Praias,430105,
RS,43004,Região 04 - Belas Praias,430463,
RS,43004,Região 04 - Belas Praias,430655,
RS,43004,Região 04 - Belas Praias,431065,
RS,43004,Região 04 - Belas Praias,431173,
RS,43004,Região 04 - Belas Praias,431177,
RS,43004,Região 04 - Belas Praias,431244,
RS,43004,Região 04 - Belas Praias,432143,
RS,43004,Região 04 - Belas Praias,432150,
RS,43004,Região 04 - Belas Praias,432166,
RS,43004,Região 04 - Belas Praias,432183,
RS,43004,Região 04 - Belas Praias,432380,
RS,43005,Região 05 - Bons Ventos,430163,
RS,43005,Região 05 - Bons Ventos,430467,
RS,43005,Região 05 - Bons Ventos,430471,
RS,43005,Região 05 - Bons Ventos,430545,
RS,43005,Região 05 - Bons Ventos,431033,
RS,43005,Região 05 - Bons Ventos,431250,
RS,43005,Região 05 - Bons Ventos,431350,
RS,43005,Região 05 - Bons Ventos,431365,
RS,43005,Região 05 - Bons Ventos,431760,
RS,43005,Região 05 - Bons Ventos,432135,
RS,43005,Região 05 - Bons Ventos,432160,
RS,43006,Região 06 - Vale do Paranhana e Costa Serr,430360,
RS,43006,Região 06 - Vale do Paranhana e Costa Serr,431010,
RS,43006,Região 06 - Vale do Paranhana e Costa Serr,431405,
RS,43006,Região 06 - Vale do Paranhana e Costa Serr,431575,
RS,43006,Região 06 - Vale do Paranhana e Costa Serr,431600,
RS,43006,Região 06 - Vale do Paranhana e Costa Serr,431820,
RS,43006,Região 06 - Vale do Paranhana e Costa Serr,432120,
RS,43006,Região 06 - Vale do Paranhana e Costa Serr,432170,
RS,43007,Região 07 - Vale dos Sinos,430087,
RS,43007,Região 07 - Vale dos Sinos,430390,
RS,43007,Região 07 - Vale dos Sinos,430640,
RS,43007,Região 07 - Vale dos Sinos,430760,
RS,43007,Região 07 - Vale dos Sinos,431080,
RS,43007,Região 07 - Vale dos Sinos,431162,
RS,43007,Região 07 - Vale dos Sinos,431247,
RS,43007,Região 07 - Vale dos Sinos,431306,
RS,43007,Região 07 - Vale dos Sinos,431340,
RS,43007,Região 07 - Vale dos Sinos,431480,
RS,43007,Região 07 - Vale dos Sinos,431514,
RS,43007,Região 07 - Vale dos Sinos,431695,
RS,43007,Região 07 - Vale dos Sinos,431848,
RS,43007,Região 07 - Vale dos Sinos,431870,
RS,43007,Região 07 - Vale dos Sinos,431990,
RS,43008,Região 08 - Vale do Caí e Metropolitana,430165,
RS,43008,Região 08 - Vale do Caí e Metropolitana,430265,
RS,43008,Região 08 - Vale do Caí e Metropolitana,430460,
RS,43008,Região 08 - Vale do Caí e Metropolitana,430468,
RS,43008,Região 08 - Vale do Caí e Metropolitana,430770,
RS,43008,Região 08 - Vale do Caí e Metropolitana,430955,
RS,43008,Região 08 - Vale do Caí e Metropolitana,431179,
RS,43008,Região 08 - Vale do Caí e Metropolitana,431240,
RS,43008,Região 08 - Vale do Caí e Metropolitana,431337,
RS,43008,Região 08 - Vale do Caí e Metropolitana,431403,
RS,43008,Região 08 - Vale do Caí e Metropolitana,431650,
RS,43008,Região 08 - Vale do Caí e Metropolitana,431861,
RS,43008,Região 08 - Vale do Caí e Metropolitana,431935,
RS,43008,Região 08 - Vale do Caí e Metropolitana,431950,
RS,43008,Região 08 - Vale do Caí e Metropolitana,432000,
RS,43008,Região 08 - Vale do Caí e Metropolitana,432085,
RS,43008,Região 08 - Vale do Caí e Metropolitana,432200,
RS,43008,Região 08 - Vale do Caí e Metropolitana,432225,
RS,43009,Região 09 - Carbonífera/Costa Doce,430085,
RS,43009,Região 09 - Carbonífera/Costa Doce,430110,
RS,43009,Região 09 - Carbonífera/Costa Doce,430175,
RS,43009,Região 09 - Carbonífera/Costa Doce,430190,
RS,43009,Região 09 - Carbonífera/Costa Doce,430270,
RS,43009,Região 09 - Carbonífera/Costa Doce,430350,
RS,43009,Região 09 - Carbonífera/Costa Doce,430517,
RS,43009,Região 09 - Carbonífera/Costa Doce,430535,
RS,43009,Região 09 - Carbonífera/Costa Doce,430544,
RS,43009,Região 09 - Carbonífera/Costa Doce,430650,
RS,43009,Região 09 - Carbonífera/Costa Doce,430676,
RS,43009,Região 09 - Carbonífera/Costa Doce,430880,
RS,43009,Região 09 - Carbonífera/Costa Doce,430930,
RS,43009,Região 09 - Carbonífera/Costa Doce,431198,
RS,43009,Região 09 - Carbonífera/Costa Doce,431225,
RS,43009,Região 09 - Carbonífera/Costa Doce,431840,
RS,43009,Região 09 - Carbonífera/Costa Doce,432035,
RS,43009,Região 09 - Carbonífera/Costa Doce,432055,
RS,43009,Região 09 - Carbonífera/Costa Doce,432110,
RS,43010,Região 10 - Capital e Vale do Gravataí,430060,
RS,43010,Região 10 - Capital e Vale do Gravataí,430310,
RS,43010,Região 10 - Capital e Vale do Gravataí,430905,
RS,43010,Região 10 - Capital e Vale do Gravataí,430920,
RS,43010,Região 10 - Capital e Vale do Gravataí,431490,
RS,43010,Região 10 - Capital e Vale do Gravataí,432300,
RS,43011,Região 11 - Sete Povos das Missões,430250,
RS,43011,Região 11 - Sete Povos das Missões,430330,
RS,43011,Região 11 - Sete Povos das Missões,430520,
RS,43011,Região 11 - Sete Povos das Missões,430635,
RS,43011,Região 11 - Sete Povos das Missões,430693,
RS,43011,Região 11 - Sete Povos das Missões,430783,
RS,43011,Região 11 - Sete Povos das Missões,430865,
RS,43011,Região 11 - Sete Povos das Missões,430950,
RS,43011,Região 11 - Sete Povos das Missões,431217,
RS,43011,Região 11 - Sete Povos das Missões,431455,
RS,43011,Região 11 - Sete Povos das Missões,431510,
RS,43011,Região 11 - Sete Povos das Missões,431595,
RS,43011,Região 11 - Sete Povos das Missões,431630,
RS,43011,Região 11 - Sete Povos das Missões,431647,
RS,43011,Região 11 - Sete Povos das Missões,431750,
RS,43011,Região 11 - Sete Povos das Missões,431770,
RS,43011,Região 11 - Sete Povos das Missões,431800,
RS,43011,Região 11 - Sete Povos das Missões,431890,
RS,43011,Região 11 - Sete Povos das Missões,431915,
RS,43011,Região 11 - Sete Povos das Missões,431920,
RS,43011,Região 11 - Sete Povos das Missões,431937,
RS,43011,Região 11 - Sete Povos das Missões,432057,
RS,43011,Região 11 - Sete Povos das Missões,432234,
RS,43011,Região 11 - Sete Povos das Missões,432375,
RS,43012,Região 12 - Portal das Missões,430222,
RS,43012,Região 12 - Portal das Missões,430223,
RS,43012,Região 12 - Portal das Missões,430560,
RS,43012,Região 12 - Portal das Missões,430610,
RS,43012,Região 12 - Portal das Missões,430845,
RS,43012,Região 12 - Portal das Missões,431000,
RS,43012,Região 12 - Portal das Missões,431087,
RS,43012,Região 12 - Portal das Missões,431535,
RS,43012,Região 12 - Portal das Missões,431643,
RS,43012,Região 12 - Portal das Missões,431645,
RS,43012,Região 12 - Portal das Missões,431670,
RS,43012,Região 12 - Portal das Missões,432030,
RS,43012,Região 12 - Portal das Missões,432220,
RS,43013,Região 13 - Diversidade,430020,
RS,43013,Região 13 - Diversidade,430150,
RS,43013,Região 13 - Diversidade,430258,
RS,43013,Região 13 - Diversidade,430400,
RS,43013,Região 13 - Diversidade,430500,
RS,43013,Região 13 - Diversidade,430540,
RS,43013,Região 13 - Diversidade,430570,
RS,43013,Região 13 - Diversidade,430587,
RS,43013,Região 13 - Diversidade,430600,
RS,43013,Região 13 - Diversidade,430970,
RS,43013,Região 13 - Diversidade,431020,
RS,43013,Região 13 - Diversidade,431041,
RS,43013,Região 13 - Diversidade,431115,
RS,43013,Região 13 - Diversidade,431333,
RS,43013,Região 13 - Diversidade,431390,
RS,43013,Região 13 - Diversidade,431430,
RS,43013,Região 13 - Diversidade,431780,
RS,43013,Região 13 - Diversidade,431910,
RS,43013,Região 13 - Diversidade,431973,
RS,43013,Região 13 - Diversidade,432023,
RS,43014,Região 14 - Fronteira Noroeste,430030,
RS,43014,Região 14 - Fronteira Noroeste,430045,
RS,43014,Região 14 - Fronteira Noroeste,430220,
RS,43014,Região 14 - Fronteira Noroeste,430370,
RS,43014,Região 14 - Fronteira Noroeste,430430,
RS,43014,Região 14 - Fronteira Noroeste,430673,
RS,43014,Região 14 - Fronteira Noroeste,430900,
RS,43014,Região 14 - Fronteira Noroeste,430960,
RS,43014,Região 14 - Fronteira Noroeste,431040,
RS,43014,Região 14 - Fronteira Noroeste,431301,
RS,43014,Região 14 - Fronteira Noroeste,431342,
RS,43014,Região 14 - Fronteira Noroeste,431500,
RS,43014,Região 14 - Fronteira Noroeste,431505,
RS,43014,Região 14 - Fronteira Noroeste,431507,
RS,43014,Região 14 - Fronteira Noroeste,431720,
RS,43014,Região 14 - Fronteira Noroeste,431790,
RS,43014,Região 14 - Fronteira Noroeste,431849,
RS,43014,Região 14 - Fronteira Noroeste,431930,
RS,43014,Região 14 - Fronteira Noroeste,432032,
RS,43014,Região 14 - Fronteira Noroeste,432180,
RS,43014,Região 14 - Fronteira Noroeste,432210,
RS,43014,Região 14 - Fronteira Noroeste,432230,
RS,43015,Região 15 - Caminho das Águas,430050,
RS,43015,Região 15 - Caminho das Águas,430064,
RS,43015,Região 15 - Caminho das Águas,430185,
RS,43015,Região 15 - Caminho das Águas,430237,
RS,43015,Região 15 - Caminho das Águas,430340,
RS,43015,Região 15 - Caminho das Águas,430607,
RS,43015,Região 15 - Caminho das Águas,430632,
RS,43015,Região 15 - Caminho das Águas,430730,
RS,43015,Região 15 - Caminho das Águas,430745,
RS,43015,Região 15 - Caminho das Águas,430850,
RS,43015,Região 15 - Caminho das Águas,431050,
RS,43015,Região 15 - Caminho das Águas,431160,
RS,43015,Região 15 - Caminho das Águas,431344,
RS,43015,Região 15 - Caminho das Águas,431380,
RS,43015,Região 15 - Caminho das Águas,431445,
RS,43015,Região 15 - Caminho das Águas,431449,
RS,43015,Região 15 - Caminho das Águas,431470,
RS,43015,Região 15 - Caminho das Águas,431590,
RS,43015,Região 15 - Caminho das Águas,432020,
RS,43015,Região 15 - Caminho das Águas,432132,
RS,43015,Região 15 - Caminho das Águas,432140,
RS,43015,Região 15 - Caminho das Águas,432147,
RS,43015,Região 15 - Caminho das Águas,432190,
RS,43015,Região 15 - Caminho das Águas,432310,
RS,43015,Região 15 - Caminho das Águas,432350,
RS,43015,Região 15 - Caminho das Águas,432370,
RS,43016,Região 16 - Alto Uruguai Gaúcho,430090,
RS,43016,Região 16 - Alto Uruguai Gaúcho,430155,
RS,43016,Região 16 - Alto Uruguai Gaúcho,430170,
RS,43016,Região 16 - Alto Uruguai Gaúcho,430192,
RS,43016,Região 16 - Alto Uruguai Gaúcho,430205,
RS,43016,Região 16 - Alto Uruguai Gaúcho,430380,
RS,43016,Região 16 - Alto Uruguai Gaúcho,430485,
RS,43016,Região 16 - Alto Uruguai Gaúcho,430511,
RS,43016,Região 16 - Alto Uruguai Gaúcho,430537,
RS,43016,Região 16 - Alto Uruguai Gaúcho,430613,
RS,43016,Região 16 - Alto Uruguai Gaúcho,430695,
RS,43016,Região 16 - Alto Uruguai Gaúcho,430697,
RS,43016,Região 16 - Alto Uruguai Gaúcho,430700,
RS,43016,Região 16 - Alto Uruguai Gaúcho,430720,
RS,43016,Região 16 - Alto Uruguai Gaúcho,430755,
RS,43016,Região 16 - Alto Uruguai Gaúcho,430805,
RS,43016,Região 16 - Alto Uruguai Gaúcho,430825,
RS,43016,Região 16 - Alto Uruguai Gaúcho,430870,
RS,43016,Região 16 - Alto Uruguai Gaúcho,430890,
RS,43016,Região 16 - Alto Uruguai Gaúcho,431046,
RS,43016,Região 16 - Alto Uruguai Gaúcho,431070,
RS,43016,Região 16 - Alto Uruguai Gaúcho,431090,
RS,43016,Região 16 - Alto Uruguai Gaúcho,431190,
RS,43016,Região 16 - Alto Uruguai Gaúcho,431200,
RS,43016,Região 16 - Alto Uruguai Gaúcho,431270,
RS,43016,Região 16 - Alto Uruguai Gaúcho,431413,
RS,43016,Região 16 - Alto Uruguai Gaúcho,431478,
RS,43016,Região 16 - Alto Uruguai Gaúcho,431531,
RS,43016,Região 16 - Alto Uruguai Gaúcho,431555,
RS,43016,Região 16 - Alto Uruguai Gaúcho,431970,
RS,43016,Região 16 - Alto Uruguai Gaúcho,432060,
RS,43016,Região 16 - Alto Uruguai Gaúcho,432163,
RS,43016,Região 16 - Alto Uruguai Gaúcho,432290,
RS,43017,Região 17 - Planalto,430047,
RS,43017,Região 17 - Planalto,430355,
RS,43017,Região 17 - Planalto,430470,
RS,43017,Região 17 - Planalto,430490,
RS,43017,Região 17 - Planalto,430550,
RS,43017,Região 17 - Planalto,430585,
RS,43017,Região 17 - Planalto,430597,
RS,43017,Região 17 - Planalto,430630,
RS,43017,Região 17 - Planalto,430705,
RS,43017,Região 17 - Planalto,430885,
RS,43017,Região 17 - Planalto,431127,
RS,43017,Região 17 - Planalto,431180,
RS,43017,Região 17 - Planalto,431213,
RS,43017,Região 17 - Planalto,431235,
RS,43017,Região 17 - Planalto,431262,
RS,43017,Região 17 - Planalto,431265,
RS,43017,Região 17 - Planalto,431267,
RS,43017,Região 17 - Planalto,431275,
RS,43017,Região 17 - Planalto,431410,
RS,43017,Região 17 - Planalto,431477,
RS,43017,Região 17 - Planalto,431755,
RS,43017,Região 17 - Planalto,431775,
RS,43017,Região 17 - Planalto,431805,
RS,43017,Região 17 - Planalto,432040,
RS,43017,Região 17 - Planalto,432050,
RS,43017,Região 17 - Planalto,432255,
RS,43017,Região 17 - Planalto,432320,
RS,43017,Região 17 - Planalto,432340,
RS,43018,Região 18 - Araucárias,430005,
RS,43018,Região 18 - Araucárias,430066,
RS,43018,Região 18 - Araucárias,430180,
RS,43018,Região 18 - Araucárias,430320,
RS,43018,Região 18 - Araucárias,430462,
RS,43018,Região 18 - Araucárias,430495,
RS,43018,Região 18 - Araucárias,430980,
RS,43018,Região 18 - Araucárias,430990,
RS,43018,Região 18 - Araucárias,431130,
RS,43018,Região 18 - Araucárias,431170,
RS,43018,Região 18 - Araucárias,431220,
RS,43018,Região 18 - Araucárias,431360,
RS,43018,Região 18 - Araucárias,431660,
RS,43018,Região 18 - Araucárias,431673,
RS,43018,Região 18 - Araucárias,431795,
RS,43018,Região 18 - Araucárias,431842,
RS,43018,Região 18 - Araucárias,431860,
RS,43018,Região 18 - Araucárias,432090,
RS,43018,Região 18 - Araucárias,432218,
RS,43018,Região 18 - Araucárias,432335,
RS,43019,Região 19 - Botucaraí,430055,
RS,43019,Região 19 - Botucaraí,430140,
RS,43019,Região 19 - Botucaraí,430200,
RS,43019,Região 19 - Botucaraí,430410,
RS,43019,Região 19 - Botucaraí,430750,
RS,43019,Região 19 - Botucaraí,430830,
RS,43019,Região 19 - Botucaraí,430995,
RS,43019,Região 19 - Botucaraí,431057,
RS,43019,Região 19 - Botucaraí,431125,
RS,43019,Região 19 - Botucaraí,431242,
RS,43019,Região 19 - Botucaraí,432080,
RS,43019,Região 19 - Botucaraí,432100,
RS,43019,Região 19 - Botucaraí,432146,
RS,43019,Região 19 - Botucaraí,432215,
RS,43020,Região 20 - Rota da Produção,430195,
RS,43020,Região 20 - Rota da Produção,430215,
RS,43020,Região 20 - Rota da Produção,430260,
RS,43020,Região 20 - Rota da Produção,430515,
RS,43020,Região 20 - Rota da Produção,430530,
RS,43020,Região 20 - Rota da Produção,430580,
RS,43020,Região 20 - Rota da Produção,430590,
RS,43020,Região 20 - Rota da Produção,430642,
RS,43020,Região 20 - Rota da Produção,430692,
RS,43020,Região 20 - Rota da Produção,430912,
RS,43020,Região 20 - Rota da Produção,431085,
RS,43020,Região 20 - Rota da Produção,431142,
RS,43020,Região 20 - Rota da Produção,431230,
RS,43020,Região 20 - Rota da Produção,431295,
RS,43020,Região 20 - Rota da Produção,431346,
RS,43020,Região 20 - Rota da Produção,431349,
RS,43020,Região 20 - Rota da Produção,431370,
RS,43020,Região 20 - Rota da Produção,431540,
RS,43020,Região 20 - Rota da Produção,431610,
RS,43020,Região 20 - Rota da Produção,431620,
RS,43020,Região 20 - Rota da Produção,431642,
RS,43020,Região 20 - Rota da Produção,431845,
RS,43020,Região 20 - Rota da Produção,431936,
RS,43020,Região 20 - Rota da Produção,432010,
RS,43020,Região 20 - Rota da Produção,432185,
RS,43020,Região 20 - Rota da Produção,432195,
RS,43021,Região 21 - Sul,430063,
RS,43021,Região 21 - Sul,430107,
RS,43021,Região 21 - Sul,430130,
RS,43021,Região 21 - Sul,430450,
RS,43021,Região 21 - Sul,430466,
RS,43021,Região 21 - Sul,430512,
RS,43021,Região 21 - Sul,430543,
RS,43021,Região 21 - Sul,430605,
RS,43021,Região 21 - Sul,430710,
RS,43021,Região 21 - Sul,431100,
RS,43021,Região 21 - Sul,431245,
RS,43021,Região 21 - Sul,431417,
RS,43021,Região 21 - Sul,431420,
RS,43021,Região 21 - Sul,431440,
RS,43021,Região 21 - Sul,431450,
RS,43021,Região 21 - Sul,431460,
RS,43021,Região 21 - Sul,431560,
RS,43021,Região 21 - Sul,431700,
RS,43021,Região 21 - Sul,431730,
RS,43021,Região 21 - Sul,431850,
RS,43021,Região 21 - Sul,431880,
RS,43021,Região 21 - Sul,432232,
RS,43022,Região 22 - Pampa,430003,
RS,43022,Região 22 - Pampa,430160,
RS,43022,Região 22 - Pampa,430435,
RS,43022,Região 22 - Pampa,430660,
RS,43022,Região 22 - Pampa,430965,
RS,43022,Região 22 - Pampa,431150,
RS,43023,Região 23 - Caxias e Hortênsias,430440,
RS,43023,Região 23 - Caxias e Hortênsias,430510,
RS,43023,Região 23 - Caxias e Hortênsias,430910,
RS,43023,Região 23 - Caxias e Hortênsias,431164,
RS,43023,Região 23 - Caxias e Hortênsias,431320,
RS,43023,Região 23 - Caxias e Hortênsias,431442,
RS,43024,Região 24 - Campos de Cima da Serra,430230,
RS,43024,Região 24 - Campos de Cima da Serra,430367,
RS,43024,Região 24 - Campos de Cima da Serra,430740,
RS,43024,Região 24 - Campos de Cima da Serra,431112,
RS,43024,Região 24 - Campos de Cima da Serra,431237,
RS,43024,Região 24 - Campos de Cima da Serra,431261,
RS,43024,Região 24 - Campos de Cima da Serra,431446,
RS,43024,Região 24 - Campos de Cima da Serra,431862,
RS,43024,Região 24 - Campos de Cima da Serra,432250,
RS,43025,Região 25 - Vinhedos e Basalto,430210,
RS,43025,Região 25 - Vinhedos e Basalto,430225,
RS,43025,Região 25 - Vinhedos e Basalto,430480,
RS,43025,Região 25 - Vinhedos e Basalto,430593,
RS,43025,Região 25 - Vinhedos e Basalto,430595,
RS,43025,Região 25 - Vinhedos e Basalto,430786,
RS,43025,Região 25 - Vinhedos e Basalto,430860,
RS,43025,Região 25 - Vinhedos e Basalto,430925,
RS,43025,Região 25 - Vinhedos e Basalto,430940,
RS,43025,Região 25 - Vinhedos e Basalto,431238,
RS,43025,Região 25 - Vinhedos e Basalto,431280,
RS,43025,Região 25 - Vinhedos e Basalto,431290,
RS,43025,Região 25 - Vinhedos e Basalto,431330,
RS,43025,Região 25 - Vinhedos e Basalto,431400,
RS,43025,Região 25 - Vinhedos e Basalto,431454,
RS,43025,Região 25 - Vinhedos e Basalto,431517,
RS,43025,Região 25 - Vinhedos e Basalto,431725,
RS,43025,Região 25 - Vinhedos e Basalto,431844,
RS,43025,Região 25 - Vinhedos e Basalto,432235,
RS,43025,Região 25 - Vinhedos e Basalto,432280,
RS,43025,Região 25 - Vinhedos e Basalto,432330,
RS,43025,Região 25 - Vinhedos e Basalto,432360,
RS,43026,Região 26 - Uva Vale,430057,
RS,43026,Região 26 - Uva Vale,430080,
RS,43026,Região 26 - Uva Vale,430235,
RS,43026,Região 26 - Uva Vale,430790,
RS,43026,Região 26 - Uva Vale,430810,
RS,43026,Região 26 - Uva Vale,430820,
RS,43026,Região 26 - Uva Vale,431043,
RS,43026,Região 26 - Uva Vale,431308,
RS,43026,Região 26 - Uva Vale,431335,
RS,43026,Região 26 - Uva Vale,431900,
RS,43026,Região 26 - Uva Vale,431975,
RS,43026,Região 26 - Uva Vale,432254,
RS,43027,Região 27 - Jacuí Centro,430120,
RS,43027,Região 27 - Jacuí Centro,430280,
RS,43027,Região 27 - Jacuí Centro,430300,
RS,43027,Região 27 - Jacuí Centro,430513,
RS,43027,Região 27 - Jacuí Centro,430690,
RS,43027,Região 27 - Jacuí Centro,430781,
RS,43027,Região 27 - Jacuí Centro,430975,
RS,43027,Região 27 - Jacuí Centro,431123,
RS,43027,Região 27 - Jacuí Centro,431339,
RS,43027,Região 27 - Jacuí Centro,431406,
RS,43027,Região 27 - Jacuí Centro,432026,
RS,43027,Região 27 - Jacuí Centro,432070,
RS,43028,Região 28 - Vinte e Oito,430420,
RS,43028,Região 28 - Vinte e Oito,430915,
RS,43028,Região 28 - Vinte e Oito,430957,
RS,43028,Região 28 - Vinte e Oito,431215,
RS,43028,Região 28 - Vinte e Oito,431395,
RS,43028,Região 28 - Vinte e Oito,431407,
RS,43028,Região 28 - Vinte e Oito,431570,
RS,43028,Região 28 - Vinte e Oito,431680,
RS,43028,Região 28 - Vinte e Oito,432067,
RS,43028,Região 28 - Vinte e Oito,432252,
RS,43028,Região 28 - Vinte e Oito,432253,
RS,43028,Região 28 - Vinte e Oito,432260,
RS,43028,Região 28 - Vinte e Oito,432270,
RS,43029,Região 29 - Vales e Montanhas,430070,
RS,43029,Região 29 - Vales e Montanhas,430100,
RS,43029,Região 29 - Vales e Montanhas,430245,
RS,43029,Região 29 - Vales e Montanhas,430461,
RS,43029,Região 29 - Vales e Montanhas,430469,
RS,43029,Região 29 - Vales e Montanhas,430583,
RS,43029,Região 29 - Vales e Montanhas,430620,
RS,43029,Região 29 - Vales e Montanhas,430645,
RS,43029,Região 29 - Vales e Montanhas,430675,
RS,43029,Região 29 - Vales e Montanhas,430680,
RS,43029,Região 29 - Vales e Montanhas,430843,
RS,43029,Região 29 - Vales e Montanhas,431030,
RS,43029,Região 29 - Vales e Montanhas,431140,
RS,43029,Região 29 - Vales e Montanhas,431205,
RS,43029,Região 29 - Vales e Montanhas,431260,
RS,43029,Região 29 - Vales e Montanhas,431300,
RS,43029,Região 29 - Vales e Montanhas,431513,
RS,43029,Região 29 - Vales e Montanhas,431515,
RS,43029,Região 29 - Vales e Montanhas,431520,
RS,43029,Região 29 - Vales e Montanhas,431545,
RS,43029,Região 29 - Vales e Montanhas,431580,
RS,43029,Região 29 - Vales e Montanhas,431675,
RS,43029,Região 29 - Vales e Montanhas,431846,
RS,43029,Região 29 - Vales e Montanhas,431971,
RS,43029,Região 29 - Vales e Montanhas,432045,
RS,43029,Região 29 - Vales e Montanhas,432162,
RS,43029,Região 29 - Vales e Montanhas,432285,
RS,43030,Região 30 - Vale da Luz,430240,
RS,43030,Região 30 - Vale da Luz,430558,
RS,43030,Região 30 - Vale da Luz,430780,
RS,43030,Região 30 - Vale da Luz,430807,
RS,43030,Região 30 - Vale da Luz,431036,
RS,43030,Região 30 - Vale da Luz,431415,
RS,43030,Região 30 - Vale da Luz,431475,
RS,43030,Região 30 - Vale da Luz,432130,
RS,43030,Região 30 - Vale da Luz,432145,
RS,43030,Região 30 - Vale da Luz,432377,
MS,50001,Campo Grande,500025,
MS,50001,Campo Grande,500070,
MS,50001,Campo Grande,500110,
MS,50001,Campo Grande,500150,
MS,50001,Campo Grande,500210,
MS,50001,Campo Grande,500215,
MS,50001,Campo Grande,500220,
MS,50001,Campo Grande,500260,
MS,50001,Campo Grande,500270,
MS,50001,Campo Grande,500280,
MS,50001,Campo Grande,500295,
MS,50001,Campo Grande,500310,
MS,50001,Campo Grande,500325,
MS,50001,Campo Grande,500330,
MS,50001,Campo Grande,500348,
MS,50001,Campo Grande,500390,
MS,50001,Campo Grande,500410,
MS,50001,Campo Grande,500490,
MS,50001,Campo Grande,500500,
MS,50001,Campo Grande,500540,
MS,50001,Campo Grande,500560,
MS,50001,Campo Grande,500580,
MS,50001,Campo Grande,500600,
MS,50001,Campo Grande,500627,
MS,50001,Campo Grande,500640,
MS,50001,Campo Grande,500690,
MS,50001,Campo Grande,500710,
MS,50001,Campo Grande,500730,
MS,50001,Campo Grande,500740,
MS,50001,Campo Grande,500750,
MS,50001,Campo Grande,500769,
MS,50001,Campo Grande,500790,
MS,50001,Campo Grande,500793,
MS,50001,Campo Grande,500800,
MS,50002,Corumbá,500320,
MS,50002,Corumbá,500520,
MS,50003,Dourados,500060,
MS,50003,Dourados,500080,
MS,50003,Dourados,500085,
MS,50003,Dourados,500090,
MS,50003,Dourados,500124,
MS,50003,Dourados,500200,
MS,50003,Dourados,500240,
MS,50003,Dourados,500315,
MS,50003,Dourados,500345,
MS,50003,Dourados,500350,
MS,50003,Dourados,500370,
MS,50003,Dourados,500375,
MS,50003,Dourados,500380,
MS,50003,Dourados,500400,
MS,50003,Dourados,500430,
MS,50003,Dourados,500450,
MS,50003,Dourados,500460,
MS,50003,Dourados,500470,
MS,50003,Dourados,500480,
MS,50003,Dourados,500510,
MS,50003,Dourados,500515,
MS,50003,Dourados,500525,
MS,50003,Dourados,500568,
MS,50003,Dourados,500570,
MS,50003,Dourados,500620,
MS,50003,Dourados,500625,
MS,50003,Dourados,500635,
MS,50003,Dourados,500660,
MS,50003,Dourados,500720,
MS,50003,Dourados,500770,
MS,50003,Dourados,500795,
MS,50003,Dourados,500797,
MS,50003,Dourados,500840,
MS,50004,Três Lagoas,500020,
MS,50004,Três Lagoas,500100,
MS,50004,Três Lagoas,500190,
MS,50004,Três Lagoas,500230,
MS,50004,Três Lagoas,500290,
MS,50004,Três Lagoas,500440,
MS,50004,Três Lagoas,500630,
MS,50004,Três Lagoas,500755,
MS,50004,Três Lagoas,500780,
MS,50004,Três Lagoas,500830,
MT,51001,Alto Tapajós,510025,
MT,51001,Alto Tapajós,510080,
MT,51001,Alto Tapajós,510279,
MT,51001,Alto Tapajós,510615,
MT,51001,Alto Tapajós,510629,
MT,51001,Alto Tapajós,510895,
MT,51002,Baixada Cuiabana,510010,
MT,51002,Baixada Cuiabana,510160,
MT,51002,Baixada Cuiabana,510300,
MT,51002,Baixada Cuiabana,510340,
MT,51002,Baixada Cuiabana,510490,
MT,51002,Baixada Cuiabana,510610,
MT,51002,Baixada Cuiabana,510620,
MT,51002,Baixada Cuiabana,510645,
MT,51002,Baixada Cuiabana,510650,
MT,51002,Baixada Cuiabana,510780,
MT,51002,Baixada Cuiabana,510840,
MT,51003,Araguaia Xingu,510269,
MT,51003,Araguaia Xingu,510335,
MT,51003,Araguaia Xingu,510677,
MT,51003,Araguaia Xingu,510735,
MT,51003,Araguaia Xingu,510774,
MT,51003,Araguaia Xingu,510777,
MT,51003,Araguaia Xingu,510860,
MT,51004,Centro Norte,510050,
MT,51004,Centro Norte,510350,
MT,51004,Centro Norte,510590,
MT,51004,Centro Norte,510600,
MT,51004,Centro Norte,510730,
MT,51004,Centro Norte,510770,
MT,51004,Centro Norte,510890,
MT,51005,Garças Araguaia,510100,
MT,51005,Garças Araguaia,510180,
MT,51005,Garças Araguaia,510260,
MT,51005,Garças Araguaia,510390,
MT,51005,Garças Araguaia,510625,
MT,51005,Garças Araguaia,510628,
MT,51005,Garças Araguaia,510665,
MT,51005,Garças Araguaia,510670,
MT,51005,Garças Araguaia,510719,
MT,51005,Garças Araguaia,510820,
MT,51006,Médio Araguaia,510020,
MT,51006,Médio Araguaia,510185,
MT,51006,Médio Araguaia,510270,
MT,51006,Médio Araguaia,510310,
MT,51006,Médio Araguaia,510385,
MT,51006,Médio Araguaia,510617,
MT,51006,Médio Araguaia,510706,
MT,51006,Médio Araguaia,510718,
MT,51007,Médio Norte Matogrossense,510130,
MT,51007,Médio Norte Matogrossense,510170,
MT,51007,Médio Norte Matogrossense,510263,
MT,51007,Médio Norte Matogrossense,510345,
MT,51007,Médio Norte Matogrossense,510623,
MT,51007,Médio Norte Matogrossense,510685,
MT,51007,Médio Norte Matogrossense,510726,
MT,51007,Médio Norte Matogrossense,510787,
MT,51007,Médio Norte Matogrossense,510795,
MT,51007,Médio Norte Matogrossense,510885,
MT,51008,Noroeste Matogrossense,510140,
MT,51008,Noroeste Matogrossense,510190,
MT,51008,Noroeste Matogrossense,510285,
MT,51008,Noroeste Matogrossense,510325,
MT,51008,Noroeste Matogrossense,510337,
MT,51008,Noroeste Matogrossense,510515,
MT,51008,Noroeste Matogrossense,510517,
MT,51009,Norte Araguaia Karajá,510035,
MT,51009,Norte Araguaia Karajá,510530,
MT,51009,Norte Araguaia Karajá,510631,
MT,51009,Norte Araguaia Karajá,510785,
MT,51009,Norte Araguaia Karajá,510788,
MT,51010,Norte Matogrossense,510320,
MT,51010,Norte Matogrossense,510455,
MT,51010,Norte Matogrossense,510558,
MT,51010,Norte Matogrossense,510619,
MT,51010,Norte Matogrossense,510621,
MT,51010,Norte Matogrossense,510880,
MT,51011,Oeste Matogrossense,510125,
MT,51011,Oeste Matogrossense,510250,
MT,51011,Oeste Matogrossense,510343,
MT,51011,Oeste Matogrossense,510395,
MT,51011,Oeste Matogrossense,510450,
MT,51011,Oeste Matogrossense,510523,
MT,51011,Oeste Matogrossense,510562,
MT,51011,Oeste Matogrossense,510682,
MT,51011,Oeste Matogrossense,510710,
MT,51011,Oeste Matogrossense,510715,
MT,51011,Oeste Matogrossense,510720,
MT,51011,Oeste Matogrossense,510775,
MT,51012,Sudoeste Matogrossense,510268,
MT,51012,Sudoeste Matogrossense,510330,
MT,51012,Sudoeste Matogrossense,510336,
MT,51012,Sudoeste Matogrossense,510380,
MT,51012,Sudoeste Matogrossense,510500,
MT,51012,Sudoeste Matogrossense,510550,
MT,51012,Sudoeste Matogrossense,510618,
MT,51012,Sudoeste Matogrossense,510675,
MT,51012,Sudoeste Matogrossense,510757,
MT,51012,Sudoeste Matogrossense,510835,
MT,51013,Sul Matogrossense,510030,
MT,51013,Sul Matogrossense,510040,
MT,51013,Sul Matogrossense,510060,
MT,51013,Sul Matogrossense,510120,
MT,51013,Sul Matogrossense,510267,
MT,51013,Sul Matogrossense,510360,
MT,51013,Sul Matogrossense,510420,
MT,51013,Sul Matogrossense,510460,
MT,51013,Sul Matogrossense,510480,
MT,51013,Sul Matogrossense,510520,
MT,51013,Sul Matogrossense,510630,
MT,51013,Sul Matogrossense,510637,
MT,51013,Sul Matogrossense,510700,
MT,51013,Sul Matogrossense,510704,
MT,51013,Sul Matogrossense,510729,
MT,51013,Sul Matogrossense,510740,
MT,51013,Sul Matogrossense,510760,
MT,51013,Sul Matogrossense,510779,
MT,51013,Sul Matogrossense,510810,
MT,51014,Teles Pires,510305,
MT,51014,Teles Pires,510370,
MT,51014,Teles Pires,510452,
MT,51014,Teles Pires,510454,
MT,51014,Teles Pires,510525,
MT,51014,Teles Pires,510622,
MT,51014,Teles Pires,510624,
MT,51014,Teles Pires,510724,
MT,51014,Teles Pires,510776,
MT,51014,Teles Pires,510790,
MT,51014,Teles Pires,510792,
MT,51014,Teles Pires,510800,
MT,51014,Teles Pires,510830,
MT,51014,Teles Pires,510850,
MT,51015,Vale do Peixoto,510410,
MT,51015,Vale do Peixoto,510560,
MT,51015,Vale do Peixoto,510626,
MT,51015,Vale do Peixoto,510642,
MT,51015,Vale do Peixoto,510805,
MT,51016,Vale dos Arinos,510510,
MT,51016,Vale dos Arinos,510627,
MT,51016,Vale dos Arinos,510680,
MT,51016,Vale dos Arinos,510794,
GO,52001,Central,520005,
GO,52001,Central,520130,
GO,52001,Central,520160,
GO,52001,Central,520280,
GO,52001,Central,520360,
GO,52001,Central,520460,
GO,52001,Central,520520,
GO,52001,Central,520680,
GO,52001,Central,520870,
GO,52001,Central,520880,
GO,52001,Central,520920,
GO,52001,Central,521000,
GO,52001,Central,521056,
GO,52001,Central,521140,
GO,52001,Central,521205,
GO,52001,Central,521440,
GO,52001,Central,521450,
GO,52001,Central,521500,
GO,52001,Central,521540,
GO,52001,Central,521680,
GO,52001,Central,521910,
GO,52001,Central,521950,
GO,52001,Central,521973,
GO,52001,Central,521990,
GO,52001,Central,522100,
GO,52001,Central,522140,
GO,52002,Centro Sul,520140,
GO,52002,Centro Sul,520180,
GO,52002,Centro Sul,520330,
GO,52002,Centro Sul,520355,
GO,52002,Centro Sul,520455,
GO,52002,Centro Sul,520545,
GO,52002,Centro Sul,520630,
GO,52002,Centro Sul,520650,
GO,52002,Centro Sul,520735,
GO,52002,Centro Sul,520740,
GO,52002,Centro Sul,520970,
GO,52002,Centro Sul,520995,
GO,52002,Centro Sul,521170,
GO,52002,Centro Sul,521230,
GO,52002,Centro Sul,521260,
GO,52002,Centro Sul,521530,
GO,52002,Centro Sul,521710,
GO,52002,Centro Sul,521770,
GO,52002,Centro Sul,521839,
GO,52002,Centro Sul,522026,
GO,52002,Centro Sul,522045,
GO,52002,Centro Sul,522060,
GO,52002,Centro Sul,522190,
GO,52002,Centro Sul,522200,
GO,52002,Centro Sul,522205,
GO,52003,Entorno Norte,520017,
GO,52003,Entorno Norte,520060,
GO,52003,Entorno Norte,520400,
GO,52003,Entorno Norte,520790,
GO,52003,Entorno Norte,520800,
GO,52003,Entorno Norte,521760,
GO,52003,Entorno Norte,522000,
GO,52003,Entorno Norte,522220,
GO,52004,Entorno Sul,520025,
GO,52004,Entorno Sul,520549,
GO,52004,Entorno Sul,520620,
GO,52004,Entorno Sul,521250,
GO,52004,Entorno Sul,521523,
GO,52004,Entorno Sul,521975,
GO,52004,Entorno Sul,522185,
GO,52005,Estrada de Ferro,520120,
GO,52005,Estrada de Ferro,520450,
GO,52005,Estrada de Ferro,520480,
GO,52005,Estrada de Ferro,520510,
GO,52005,Estrada de Ferro,520590,
GO,52005,Estrada de Ferro,520660,
GO,52005,Estrada de Ferro,520690,
GO,52005,Estrada de Ferro,520850,
GO,52005,Estrada de Ferro,521010,
GO,52005,Estrada de Ferro,521290,
GO,52005,Estrada de Ferro,521480,
GO,52005,Estrada de Ferro,521550,
GO,52005,Estrada de Ferro,521580,
GO,52005,Estrada de Ferro,521740,
GO,52005,Estrada de Ferro,521878,
GO,52005,Estrada de Ferro,521920,
GO,52005,Estrada de Ferro,522130,
GO,52005,Estrada de Ferro,522180,
GO,52006,Nordeste I,520490,
GO,52006,Nordeste I,520530,
GO,52006,Nordeste I,520830,
GO,52006,Nordeste I,521350,
GO,52006,Nordeste I,522108,
GO,52007,Nordeste II,520080,
GO,52007,Nordeste II,520396,
GO,52007,Nordeste II,520670,
GO,52007,Nordeste II,520940,
GO,52007,Nordeste II,520990,
GO,52007,Nordeste II,521270,
GO,52007,Nordeste II,521490,
GO,52007,Nordeste II,521830,
GO,52007,Nordeste II,521980,
GO,52007,Nordeste II,522068,
GO,52007,Nordeste II,522070,
GO,52008,Norte,520357,
GO,52008,Norte,520465,
GO,52008,Norte,520750,
GO,52008,Norte,520810,
GO,52008,Norte,521308,
GO,52008,Norte,521377,
GO,52008,Norte,521405,
GO,52008,Norte,521410,
GO,52008,Norte,521525,
GO,52008,Norte,521800,
GO,52008,Norte,521960,
GO,52008,Norte,522020,
GO,52008,Norte,522145,
GO,52009,Oeste I,520090,
GO,52009,Oeste I,520170,
GO,52009,Oeste I,520235,
GO,52009,Oeste I,520310,
GO,52009,Oeste I,520340,
GO,52009,Oeste I,520710,
GO,52009,Oeste I,520760,
GO,52009,Oeste I,521020,
GO,52009,Oeste I,521030,
GO,52009,Oeste I,521160,
GO,52009,Oeste I,521200,
GO,52009,Oeste I,521340,
GO,52009,Oeste I,521370,
GO,52009,Oeste I,521520,
GO,52009,Oeste I,521565,
GO,52009,Oeste I,521720,
GO,52010,Oeste II,520015,
GO,52010,Oeste II,520260,
GO,52010,Oeste II,520393,
GO,52010,Oeste II,520420,
GO,52010,Oeste II,520570,
GO,52010,Oeste II,520780,
GO,52010,Oeste II,521570,
GO,52010,Oeste II,521590,
GO,52010,Oeste II,521640,
GO,52010,Oeste II,521900,
GO,52010,Oeste II,522005,
GO,52010,Oeste II,522010,
GO,52010,Oeste II,522150,
GO,52011,Pirineus,520010,
GO,52011,Pirineus,520030,
GO,52011,Pirineus,520110,
GO,52011,Pirineus,520485,
GO,52011,Pirineus,520551,
GO,52011,Pirineus,520580,
GO,52011,Pirineus,520815,
GO,52011,Pirineus,520840,
GO,52011,Pirineus,521730,
GO,52011,Pirineus,522119,
GO,52012,Rio Vermelho,520085,
GO,52012,Rio Vermelho,520215,
GO,52012,Rio Vermelho,520250,
GO,52012,Rio Vermelho,520380,
GO,52012,Rio Vermelho,520753,
GO,52012,Rio Vermelho,520890,
GO,52012,Rio Vermelho,520929,
GO,52012,Rio Vermelho,520960,
GO,52012,Rio Vermelho,521040,
GO,52012,Rio Vermelho,521100,
GO,52012,Rio Vermelho,521120,
GO,52012,Rio Vermelho,521220,
GO,52012,Rio Vermelho,521295,
GO,52012,Rio Vermelho,521390,
GO,52012,Rio Vermelho,521400,
GO,52012,Rio Vermelho,521483,
GO,52012,Rio Vermelho,521925,
GO,52013,São Patrício I,520495,
GO,52013,São Patrício I,520500,
GO,52013,São Patrício I,520540,
GO,52013,São Patrício I,520640,
GO,52013,São Patrício I,520945,
GO,52013,São Patrício I,521015,
GO,52013,São Patrício I,521090,
GO,52013,São Patrício I,521385,
GO,52013,São Patrício I,521470,
GO,52013,São Patrício I,521486,
GO,52013,São Patrício I,521690,
GO,52013,São Patrício I,521860,
GO,52013,São Patrício I,521870,
GO,52013,São Patrício I,521890,
GO,52013,São Patrício I,521935,
GO,52013,São Patrício I,521970,
GO,52013,São Patrício I,522015,
GO,52013,São Patrício I,522028,
GO,52013,São Patrício I,522157,
GO,52013,São Patrício I,522170,
GO,52014,Serra da Mesa,520055,
GO,52014,Serra da Mesa,520082,
GO,52014,Serra da Mesa,520470,
GO,52014,Serra da Mesa,520552,
GO,52014,Serra da Mesa,520980,
GO,52014,Serra da Mesa,521280,
GO,52014,Serra da Mesa,521460,
GO,52014,Serra da Mesa,521487,
GO,52014,Serra da Mesa,522160,
GO,52015,Sudoeste I,520013,
GO,52015,Sudoeste I,520145,
GO,52015,Sudoeste I,520410,
GO,52015,Sudoeste I,520430,
GO,52015,Sudoeste I,520505,
GO,52015,Sudoeste I,521080,
GO,52015,Sudoeste I,521130,
GO,52015,Sudoeste I,521225,
GO,52015,Sudoeste I,521300,
GO,52015,Sudoeste I,521375,
GO,52015,Sudoeste I,521630,
GO,52015,Sudoeste I,521805,
GO,52015,Sudoeste I,521850,
GO,52015,Sudoeste I,521880,
GO,52015,Sudoeste I,521930,
GO,52015,Sudoeste I,521971,
GO,52015,Sudoeste I,522040,
GO,52015,Sudoeste I,522155,
GO,52016,Sudoeste II,520150,
GO,52016,Sudoeste II,520440,
GO,52016,Sudoeste II,520547,
GO,52016,Sudoeste II,520725,
GO,52016,Sudoeste II,521190,
GO,52016,Sudoeste II,521310,
GO,52016,Sudoeste II,521645,
GO,52016,Sudoeste II,521810,
GO,52016,Sudoeste II,521940,
GO,52016,Sudoeste II,522050,
GO,52017,Sul,520020,
GO,52017,Sul,520050,
GO,52017,Sul,520350,
GO,52017,Sul,520390,
GO,52017,Sul,520425,
GO,52017,Sul,520910,
GO,52017,Sul,520915,
GO,52017,Sul,520993,
GO,52017,Sul,521150,
GO,52017,Sul,521210,
GO,52017,Sul,521380,
GO,52017,Sul,521600,
GO,52018,São Patrício II,520320,
GO,52018,São Patrício II,520860,
GO,52018,São Patrício II,521060,
GO,52018,São Patrício II,521180,
GO,52018,São Patrício II,521305,
GO,52018,São Patrício II,521560,
GO,52018,São Patrício II,521945,
GO,52018,São Patrício II,522230,
DF,53001,Distrito Federal,530010,
